Order,Day-Order,Time-Order,Day-Ops,Service,Type,Origin,X,Y,Early,Latest,Demand,Service Time 
,,,,,0,1,50,100,,,,0
,,,,,1,1,27,36,,,,15
,,,,,1,1,60,24,,,,15
,,,,,0,2,50,100,,,,0
,,,,,1,2,53,67,,,,15
,,,,,1,2,22,33,,,,15
1,1,0,1,1,3,2,43,2,60,180,2,5
2,1,0,1,2,3,1,74,69,0,300,4,5
3,1,0,1,2,3,1,24,84,60,180,1,5
4,1,0,1,2,3,1,15,74,0,300,3,5
5,1,0,1,1,3,1,78,16,60,180,4,5
6,1,0,1,1,3,1,64,45,60,180,4,5
7,1,0,1,1,3,1,24,83,60,180,4,5
8,1,0,1,1,3,1,15,75,60,180,3,5
9,1,0,1,1,3,2,32,20,60,180,4,5
10,1,0,1,2,3,2,26,90,420,540,1,5
11,1,0,1,2,3,1,33,90,420,540,3,5
12,1,0,1,2,3,2,29,50,180,300,3,5
13,1,0,1,2,3,2,7,56,300,600,4,5
14,1,0,1,2,3,2,73,25,300,600,2,5
15,1,0,1,1,3,1,94,49,60,180,1,5
16,1,0,1,1,3,1,25,85,60,180,1,5
17,1,0,1,1,3,2,6,81,60,180,2,5
18,1,0,1,1,3,1,10,0,60,180,1,5
19,1,0,1,1,3,2,71,52,60,180,1,5
20,1,0,1,1,3,2,27,36,60,180,2,5
21,1,0,1,2,3,2,55,73,300,420,2,5
22,1,0,1,2,3,1,53,50,300,420,3,5
23,1,0,1,2,3,2,62,68,420,540,4,5
24,1,0,1,1,3,2,42,37,60,180,1,5
25,1,0,1,2,3,1,28,2,60,180,1,5
26,1,0,1,1,3,1,44,57,60,180,4,5
27,1,0,1,1,3,1,19,10,60,180,1,5
28,1,0,1,1,3,1,45,97,60,180,2,5
29,1,0,1,1,3,1,10,22,60,180,2,5
30,1,0,1,1,3,1,0,22,60,180,4,5
31,1,0,1,2,3,1,13,10,60,180,4,5
32,1,0,1,1,3,2,31,42,60,180,3,5
33,1,0,1,2,3,2,26,60,180,300,4,5
34,1,0,1,1,3,2,16,91,60,180,2,5
35,1,0,1,2,3,1,55,42,0,300,3,5
36,1,0,1,2,3,1,47,72,300,600,3,5
37,1,0,1,1,3,2,27,28,60,180,1,5
38,1,0,1,2,3,2,48,33,420,540,3,5
39,1,0,1,1,3,2,46,66,60,180,2,5
40,1,0,1,1,3,1,48,64,60,180,1,5
41,1,0,1,2,3,1,65,72,300,600,2,5
42,1,0,1,1,3,1,57,83,60,180,4,5
43,1,0,1,1,3,2,15,54,60,180,1,5
44,1,0,1,2,3,2,74,54,300,420,1,5
45,1,0,1,2,3,1,83,100,180,300,3,5
46,1,0,1,1,3,2,92,51,60,180,2,5
47,1,0,1,1,3,1,58,78,60,180,1,5
48,1,0,1,2,3,2,53,20,0,300,2,5
49,1,0,1,1,3,1,45,53,60,180,4,5
50,1,0,1,1,3,1,14,14,60,180,3,5
51,1,0,1,1,3,2,78,46,60,180,4,5
52,1,0,1,2,3,2,97,35,0,300,3,5
53,1,0,1,1,3,1,71,48,60,180,2,5
54,1,0,1,1,3,1,50,8,60,180,2,5
55,1,0,1,2,3,2,5,81,420,540,4,5
56,1,0,1,1,3,2,34,58,60,180,3,5
57,1,0,1,2,3,1,37,92,420,540,2,5
58,1,0,1,1,3,2,91,68,60,180,4,5
59,1,0,1,2,3,2,66,72,180,300,3,5
60,1,0,1,1,3,1,90,88,60,180,1,5
61,1,0,1,1,3,2,84,80,60,180,3,5
62,1,0,1,2,3,2,74,41,420,540,4,5
63,1,0,1,2,3,2,96,94,60,180,4,5
64,1,0,1,1,3,1,58,44,60,180,2,5
65,1,0,1,1,3,1,1,59,60,180,2,5
66,1,0,1,1,3,2,84,51,60,180,2,5
67,1,0,1,2,3,2,46,81,60,180,1,5
68,1,0,1,1,3,1,6,58,60,180,2,5
69,1,0,1,2,3,1,73,65,60,180,3,5
70,1,0,1,1,3,2,52,21,60,180,1,5
71,1,0,1,1,3,2,13,16,60,180,2,5
72,1,0,1,2,3,1,40,91,300,600,4,5
73,1,0,1,1,3,2,33,37,60,180,2,5
74,1,0,1,1,3,2,75,50,60,180,1,5
75,1,0,1,1,3,2,37,97,60,180,3,5
76,1,0,1,2,3,2,2,67,180,300,3,5
77,1,0,1,1,3,1,81,8,60,180,1,5
78,1,0,1,1,3,1,53,54,60,180,2,5
79,1,0,1,1,3,2,69,8,60,180,3,5
80,1,0,1,1,3,1,34,7,60,180,4,5
81,1,0,1,2,3,2,45,67,60,180,1,5
82,1,0,1,1,3,1,76,70,60,180,2,5
83,1,0,1,2,3,1,69,88,180,300,4,5
84,1,0,1,2,3,1,1,27,180,300,3,5
85,1,0,1,1,3,2,83,98,60,180,1,5
86,1,0,1,1,3,1,46,66,60,180,2,5
87,1,0,1,1,3,2,94,75,60,180,1,5
88,1,0,1,2,3,2,13,92,420,540,1,5
89,1,0,1,2,3,1,20,86,180,300,3,5
90,1,0,1,2,3,1,82,100,300,420,4,5
91,1,0,1,2,3,1,38,55,0,300,4,5
92,1,0,1,1,3,1,52,55,60,180,3,5
93,1,0,1,1,3,2,77,92,60,180,1,5
94,1,0,1,1,3,1,72,59,60,180,4,5
95,1,0,1,2,3,1,36,19,300,420,4,5
96,1,0,1,2,3,1,3,8,300,600,4,5
97,1,0,1,1,3,1,50,11,60,180,3,5
98,1,0,1,1,3,1,44,4,60,180,3,5
99,1,0,1,1,3,1,1,14,60,180,1,5
100,1,0,1,2,3,1,8,13,0,300,2,5
101,1,0,1,1,3,2,62,85,60,180,3,5
102,1,0,1,1,3,2,13,87,60,180,3,5
103,1,0,1,2,3,1,69,25,60,180,2,5
104,1,0,1,2,3,2,71,33,300,420,3,5
105,1,0,1,2,3,2,37,56,420,540,2,5
106,1,0,1,2,3,1,80,52,0,300,2,5
107,1,0,1,1,3,2,4,79,60,180,3,5
108,1,0,1,1,3,2,75,38,60,180,4,5
109,1,0,1,1,3,1,23,32,60,180,1,5
110,1,0,1,1,3,1,83,68,60,180,4,5
111,1,0,1,1,3,2,13,60,60,180,3,5
112,1,0,1,2,3,2,35,10,0,300,4,5
113,1,0,1,1,3,2,11,25,60,180,1,5
114,1,0,1,2,3,1,27,24,420,540,2,5
115,1,0,1,1,3,1,32,24,60,180,3,5
116,1,0,1,2,3,2,89,49,180,300,4,5
117,1,0,1,2,3,2,32,11,420,540,2,5
118,1,0,1,1,3,2,20,91,60,180,1,5
119,1,0,1,1,3,1,78,60,60,180,2,5
120,1,237,2,1,3,2,22,10,180,300,1,5
121,1,479,2,2,3,2,0,55,0,300,1,5
122,1,205,2,1,3,2,93,17,0,300,3,5
123,1,393,2,1,3,1,41,92,60,180,2,5
124,1,237,2,1,3,2,77,20,0,300,2,5
125,1,583,2,1,3,1,43,41,0,300,2,5
126,1,520,2,1,3,1,91,7,180,300,3,5
127,1,572,2,1,3,1,13,24,60,180,2,5
128,1,13,2,1,3,1,53,83,0,300,3,5
129,1,359,2,1,3,1,76,84,180,300,2,5
130,1,140,2,1,3,1,16,51,0,300,4,5
131,1,119,2,1,3,1,30,78,0,300,2,5
132,1,75,2,1,3,2,28,86,60,180,2,5
133,1,43,2,1,3,2,21,16,180,300,3,5
134,1,550,2,2,3,1,19,78,180,300,4,5
135,1,332,2,1,3,1,14,74,0,300,1,5
136,1,182,2,2,3,1,18,49,180,300,4,5
137,1,214,2,2,3,1,54,47,420,540,1,5
138,1,92,2,2,3,1,71,27,60,180,4,5
139,1,580,2,1,3,1,63,18,180,300,1,5
140,1,249,2,2,3,2,32,87,0,300,4,5
141,1,12,2,1,3,1,63,27,60,180,1,5
142,1,139,2,1,3,2,90,32,0,300,4,5
143,1,373,2,1,3,1,55,8,180,300,3,5
144,1,202,2,2,3,1,60,46,0,300,3,5
145,1,344,2,1,3,2,66,7,180,300,2,5
146,1,543,2,1,3,1,77,68,180,300,1,5
147,1,245,2,1,3,1,53,74,0,300,1,5
148,1,586,2,2,3,1,4,67,300,600,4,5
149,1,494,2,2,3,2,26,79,420,540,3,5
150,1,325,2,1,3,2,62,76,0,300,1,5
151,10,516,12,1,3,2,73,47,60,180,3,5
152,4,384,5,2,3,1,43,85,180,300,3,5
153,14,210,15,2,3,2,19,98,180,300,1,5
154,3,86,3,2,3,2,30,80,300,600,4,5
155,7,538,9,1,3,1,7,57,0,300,2,5
156,10,405,10,2,3,2,97,57,420,540,1,5
157,11,174,11,1,3,1,21,37,180,300,2,5
158,2,148,2,1,3,2,75,11,180,300,4,5
159,10,16,10,1,3,2,46,70,60,180,2,5
160,7,417,7,2,3,2,55,35,420,540,4,5
161,2,69,2,1,3,1,33,12,180,300,3,5
162,13,312,14,1,3,2,64,9,180,300,2,5
163,7,448,8,2,3,2,13,46,60,180,1,5
164,5,560,7,1,3,2,83,21,0,300,2,5
165,10,40,11,1,3,2,16,39,180,300,4,5
166,12,531,14,1,3,1,10,38,60,180,2,5
167,4,569,6,1,3,2,65,55,60,180,2,5
168,6,224,6,2,3,2,65,75,420,540,4,5
169,14,155,14,1,3,2,87,49,180,300,2,5
170,5,592,7,2,3,2,76,48,180,300,4,5
171,8,205,9,1,3,1,61,84,180,300,4,5
172,11,205,11,2,3,1,47,6,420,540,3,5
173,8,557,10,1,3,1,53,36,0,300,2,5
174,13,551,15,1,3,1,24,93,60,180,4,5
175,10,265,11,2,3,1,92,99,0,300,3,5
176,7,130,8,1,3,2,47,59,180,300,3,5
177,3,401,3,2,3,1,58,85,420,540,3,5
178,10,275,10,2,3,2,18,62,300,420,3,5
179,2,366,3,1,3,1,67,4,0,300,1,5
180,1,414,1,2,3,2,23,36,420,540,2,5
181,5,34,5,1,3,2,48,78,60,180,3,5
182,10,218,10,2,3,2,78,67,300,420,3,5
183,9,583,11,2,3,2,89,94,420,540,3,5
184,2,568,4,1,3,1,81,32,60,180,4,5
185,10,188,11,1,3,1,15,54,180,300,4,5
186,13,228,13,2,3,1,25,38,300,600,3,5
187,4,385,4,2,3,1,42,60,420,540,2,5
188,5,45,6,1,3,2,54,51,180,300,2,5
189,2,111,2,1,3,2,12,82,180,300,2,5
190,7,452,9,2,3,2,18,92,60,180,3,5
191,5,372,6,2,3,1,78,65,180,300,1,5
192,11,582,13,2,3,1,14,69,0,300,4,5
193,4,123,4,2,3,2,42,60,180,300,4,5
194,5,539,7,2,3,1,53,85,420,540,2,5
195,14,336,14,2,3,1,22,76,420,540,2,5
196,13,458,15,1,3,1,12,30,60,180,1,5
197,1,102,1,2,3,2,23,19,420,540,1,5
198,10,479,11,2,3,1,25,76,0,300,3,5
199,7,37,8,2,3,2,13,45,300,420,2,5
200,12,117,13,1,3,2,0,4,0,300,2,5
201,12,480,13,2,3,2,9,93,0,300,3,5
202,5,249,6,2,3,1,77,59,0,300,3,5
203,14,325,15,2,3,2,15,25,300,600,1,5
204,14,371,15,1,3,1,98,3,180,300,1,5
205,14,478,15,1,3,1,55,56,180,300,1,5
206,11,453,13,1,3,1,96,5,180,300,2,5
207,7,572,9,1,3,1,74,25,60,180,1,5
208,10,168,11,1,3,2,71,14,180,300,2,5
209,10,583,12,2,3,1,59,79,180,300,4,5
210,10,567,11,1,3,1,88,7,180,300,3,5
211,9,100,10,2,3,2,78,8,60,180,1,5
212,13,243,13,2,3,1,42,80,420,540,1,5
213,14,449,16,1,3,2,50,5,0,300,3,5
214,10,28,10,1,3,2,58,36,60,180,4,5
215,2,487,4,1,3,2,50,56,0,300,3,5
216,13,473,15,2,3,1,5,95,180,300,4,5
217,1,25,2,1,3,1,72,33,180,300,2,5
218,12,160,13,1,3,2,10,7,0,300,4,5
219,14,83,14,1,3,2,38,97,180,300,3,5
220,8,70,9,1,3,2,79,17,180,300,2,5
221,3,305,3,2,3,1,48,76,420,540,1,5
222,12,452,13,2,3,2,85,71,0,300,4,5
223,13,478,14,2,3,1,14,50,420,540,4,5
224,8,548,9,2,3,2,99,53,0,300,4,5
225,2,438,4,1,3,1,32,84,180,300,1,5
226,6,26,6,1,3,1,72,86,60,180,4,5
227,9,495,10,1,3,1,28,29,180,300,4,5
228,11,384,11,2,3,1,67,41,420,540,4,5
229,5,9,6,2,3,1,71,17,0,300,2,5
230,11,519,12,1,3,2,19,37,60,180,1,5
231,11,486,12,2,3,1,97,44,420,540,2,5
232,3,334,3,2,3,2,45,12,420,540,4,5
233,5,2,5,2,3,2,48,50,300,600,3,5
234,11,437,13,1,3,1,66,99,60,180,1,5
235,11,287,11,2,3,2,93,15,300,600,2,5
236,14,222,15,1,3,2,62,32,60,180,1,5
237,12,154,13,1,3,2,47,24,0,300,2,5
238,10,412,10,2,3,2,39,5,420,540,1,5
239,1,400,2,1,3,2,24,79,60,180,2,5
240,3,15,3,1,3,2,34,66,60,180,4,5
241,5,317,5,2,3,2,28,89,420,540,1,5
242,5,487,6,1,3,1,90,8,180,300,1,5
243,9,307,10,2,3,1,31,5,60,180,1,5
244,2,358,2,2,3,2,41,66,420,540,4,5
245,3,593,4,1,3,2,27,34,60,180,3,5
246,13,496,15,1,3,1,51,38,60,180,1,5
247,8,383,8,2,3,2,98,60,420,540,4,5
248,4,546,6,1,3,2,75,2,60,180,2,5
249,13,228,13,2,3,2,38,61,420,540,1,5
250,3,588,4,1,3,2,76,16,60,180,4,5
251,1,468,2,1,3,2,85,22,60,180,2,5
252,2,587,3,2,3,1,25,55,0,300,4,5
253,7,47,7,1,3,1,54,36,60,180,3,5
254,3,476,4,2,3,1,53,26,180,300,3,5
255,2,201,2,2,3,2,58,40,300,420,4,5
256,1,108,1,1,3,1,57,23,180,300,3,5
257,14,475,16,2,3,1,72,41,180,300,1,5
258,3,271,4,1,3,2,96,48,0,300,1,5
259,11,65,11,2,3,1,93,7,180,300,4,5
260,9,526,11,1,3,2,33,6,0,300,1,5
261,3,174,3,1,3,2,47,4,180,300,3,5
262,9,3,9,1,3,2,37,62,60,180,2,5
263,3,475,5,2,3,1,1,52,0,300,2,5
264,2,393,2,2,3,1,82,41,420,540,2,5
265,3,551,4,2,3,2,82,94,420,540,4,5
266,1,231,2,2,3,1,32,48,0,300,4,5
267,10,9,10,2,3,2,82,49,0,300,3,5
268,1,286,2,1,3,1,67,20,180,300,1,5
269,14,310,15,1,3,2,88,43,0,300,4,5
270,3,85,3,1,3,2,55,98,180,300,4,5
271,4,138,4,2,3,2,82,3,420,540,4,5
272,14,66,14,1,3,2,88,21,180,300,1,5
273,3,49,3,1,3,1,68,3,60,180,1,5
274,8,147,8,1,3,2,65,50,180,300,4,5
275,9,253,9,2,3,2,44,97,420,540,2,5
276,1,64,1,1,3,2,74,39,180,300,2,5
277,12,283,12,2,3,2,87,72,420,540,4,5
278,5,367,6,2,3,1,72,16,420,540,2,5
279,11,411,11,2,3,2,25,25,420,540,3,5
280,8,310,9,1,3,2,4,49,60,180,4,5
281,5,228,6,1,3,1,8,37,60,180,3,5
282,14,424,15,1,3,1,21,59,180,300,2,5
283,1,596,3,1,3,1,75,27,0,300,1,5
284,3,222,3,2,3,2,45,55,300,600,1,5
285,1,141,2,1,3,2,78,71,0,300,3,5
286,9,591,10,2,3,2,25,76,300,420,3,5
287,5,471,6,1,3,1,42,6,180,300,3,5
288,2,463,3,1,3,1,52,27,180,300,3,5
289,13,480,14,1,3,2,3,41,180,300,1,5
290,4,189,4,2,3,1,53,49,420,540,3,5
291,6,176,7,2,3,2,21,1,180,300,1,5
292,2,4,3,2,3,1,32,18,60,180,1,5
293,13,341,13,2,3,1,25,56,420,540,2,5
294,12,274,12,2,3,1,1,24,300,600,1,5
295,5,299,6,2,3,1,97,61,0,300,4,5
296,3,327,3,2,3,1,56,95,420,540,3,5
297,12,264,12,2,3,2,54,92,300,420,2,5
298,4,58,5,1,3,1,36,84,0,300,1,5
299,12,246,13,1,3,1,93,18,0,300,1,5
300,6,178,6,1,3,1,68,51,180,300,1,5
301,7,15,8,1,3,1,10,67,60,180,2,5
302,8,420,9,2,3,2,76,51,300,600,1,5
303,5,466,7,2,3,1,95,58,420,540,2,5
304,13,88,13,2,3,1,57,22,420,540,3,5
305,10,117,11,1,3,2,9,87,60,180,4,5
306,10,156,10,1,3,2,57,1,180,300,3,5
307,10,120,11,1,3,2,40,65,60,180,2,5
308,1,530,2,1,3,1,58,42,0,300,3,5
309,9,522,11,2,3,2,89,2,60,180,4,5
310,3,104,3,1,3,2,40,24,180,300,1,5
311,9,84,11,2,3,2,41,22,180,300,3,5
312,12,164,12,1,3,2,44,100,180,300,4,5
313,14,314,16,1,3,2,55,92,0,300,4,5
314,10,420,11,2,3,2,60,69,0,300,3,5
315,10,331,11,1,3,1,29,49,180,300,2,5
316,14,497,15,2,3,2,31,63,60,180,1,5
317,3,262,3,2,3,1,37,28,420,540,3,5
318,2,466,3,1,3,1,47,66,60,180,2,5
319,1,86,1,1,3,2,43,68,180,300,2,5
320,14,262,14,2,3,1,39,19,420,540,4,5
321,6,587,8,2,3,2,44,22,60,180,2,5
322,11,594,13,1,3,1,24,46,180,300,4,5
323,6,382,7,1,3,1,44,99,180,300,3,5
324,6,200,6,2,3,1,78,65,420,540,3,5
325,11,287,11,2,3,1,28,44,420,540,2,5
326,11,206,12,1,3,1,81,57,60,180,4,5
327,2,533,3,1,3,2,10,26,60,180,2,5
328,6,452,7,1,3,2,57,18,0,300,3,5
329,12,173,12,1,3,1,44,39,180,300,1,5
330,3,495,4,1,3,1,5,95,60,180,3,5
331,2,385,3,1,3,2,48,65,60,180,2,5
332,1,171,2,1,3,1,45,88,180,300,1,5
333,3,407,4,1,3,2,9,63,60,180,3,5
334,2,347,3,1,3,2,73,21,180,300,2,5
335,7,257,7,2,3,1,100,30,420,540,3,5
336,13,511,15,1,3,1,24,1,180,300,2,5
337,9,55,9,2,3,2,99,81,420,540,3,5
338,7,58,7,2,3,2,9,1,420,540,2,5
339,6,122,6,1,3,1,72,42,180,300,1,5
340,10,240,10,2,3,2,24,15,300,600,3,5
341,14,202,15,1,3,1,15,28,60,180,1,5
342,2,122,2,1,3,2,81,27,180,300,1,5
343,8,539,10,1,3,2,18,12,180,300,3,5
344,1,265,2,1,3,2,77,0,180,300,3,5
345,8,192,9,2,3,2,31,37,420,540,4,5
346,1,575,2,1,3,2,52,65,60,180,4,5
347,1,6,2,2,3,2,54,78,60,180,2,5
348,13,146,15,1,3,2,50,28,60,180,4,5
349,11,442,12,1,3,2,54,64,0,300,2,5
350,9,59,9,1,3,1,68,55,60,180,3,5
351,2,534,3,1,3,1,100,13,0,300,1,5
352,3,528,4,1,3,2,99,57,0,300,2,5
353,11,72,11,2,3,1,45,81,300,420,1,5
354,5,488,6,1,3,2,3,42,60,180,2,5
355,3,301,3,2,3,2,100,86,420,540,4,5
356,14,149,14,2,3,1,22,82,300,420,4,5
357,11,179,13,1,3,2,48,3,180,300,4,5
358,12,50,13,1,3,2,19,27,0,300,4,5
359,7,382,7,2,3,1,54,25,420,540,2,5
360,8,14,8,2,3,2,20,17,60,180,4,5
361,8,43,8,1,3,2,89,26,60,180,1,5
362,3,505,5,2,3,2,38,48,60,180,1,5
363,6,339,8,1,3,2,37,45,0,300,3,5
364,4,407,4,2,3,1,9,23,420,540,4,5
365,2,594,3,1,3,2,93,59,60,180,2,5
366,11,100,12,1,3,2,97,11,60,180,4,5
367,8,77,8,2,3,2,19,44,180,300,4,5
368,9,550,10,1,3,1,9,58,180,300,2,5
369,1,573,2,1,3,1,94,59,180,300,1,5
370,4,181,4,2,3,2,67,46,300,420,1,5
371,1,181,2,2,3,1,78,80,0,300,1,5
372,7,514,9,2,3,2,35,88,60,180,3,5
373,12,156,12,2,3,2,81,60,420,540,2,5
374,3,305,3,2,3,1,53,75,420,540,1,5
375,4,533,5,1,3,2,94,18,0,300,4,5
376,3,159,5,1,3,1,14,57,60,180,1,5
377,5,454,6,1,3,2,65,58,60,180,2,5
378,2,45,3,1,3,2,10,13,180,300,2,5
379,5,203,5,2,3,1,87,32,420,540,3,5
380,8,386,9,1,3,1,20,85,60,180,2,5
381,13,425,15,1,3,1,67,26,180,300,3,5
382,3,413,3,2,3,2,40,49,420,540,3,5
383,1,509,3,1,3,1,46,61,0,300,3,5
384,8,530,10,2,3,2,47,35,300,600,2,5
385,12,72,13,1,3,2,31,48,0,300,4,5
386,1,418,1,2,3,2,28,36,420,540,4,5
387,12,13,14,1,3,1,13,0,0,300,3,5
388,9,532,10,1,3,2,81,91,180,300,2,5
389,11,339,12,2,3,2,93,93,0,300,2,5
390,2,109,3,2,3,2,15,43,300,600,3,5
391,4,321,5,1,3,1,37,55,180,300,4,5
392,1,117,2,1,3,1,17,51,60,180,1,5
393,8,83,9,1,3,1,43,43,0,300,2,5
394,4,199,5,1,3,2,75,74,0,300,4,5
395,7,329,8,2,3,2,62,94,0,300,3,5
396,5,364,5,2,3,2,8,97,420,540,2,5
397,11,288,11,2,3,2,40,37,420,540,3,5
398,2,349,2,2,3,1,14,24,420,540,2,5
399,1,254,1,2,3,2,92,72,300,600,3,5
400,7,486,9,1,3,2,87,51,60,180,3,5
401,7,450,9,1,3,2,75,39,60,180,4,5
402,7,459,8,1,3,1,20,33,0,300,2,5
403,14,487,15,1,3,2,5,93,0,300,2,5
404,1,217,2,2,3,1,25,93,0,300,3,5
405,3,87,4,2,3,2,4,5,300,420,3,5
406,11,16,11,1,3,2,85,22,60,180,4,5
407,14,136,15,1,3,1,55,56,60,180,1,5
408,7,204,7,2,3,2,55,49,300,600,4,5
409,10,328,10,2,3,1,74,67,420,540,3,5
410,3,207,3,2,3,2,68,18,300,600,3,5
411,11,75,13,1,3,1,49,14,180,300,3,5
412,2,479,3,1,3,2,87,63,0,300,4,5
413,2,310,2,2,3,2,76,71,420,540,2,5
414,4,427,5,1,3,2,94,73,180,300,2,5
415,5,154,6,1,3,2,71,96,0,300,1,5
416,4,112,4,1,3,2,41,80,180,300,2,5
417,4,43,4,2,3,2,10,19,300,420,3,5
418,3,385,3,2,3,1,30,2,420,540,2,5
419,8,145,8,2,3,1,53,16,420,540,4,5
420,14,124,15,1,3,2,61,80,0,300,1,5
421,12,16,12,1,3,2,6,31,60,180,2,5
422,5,564,7,2,3,1,7,44,60,180,2,5
423,13,229,14,1,3,1,62,18,180,300,2,5
424,5,11,5,2,3,1,33,84,420,540,2,5
425,9,538,10,1,3,2,67,45,0,300,4,5
426,13,471,15,1,3,2,71,11,60,180,4,5
427,6,89,6,1,3,2,42,40,180,300,1,5
428,3,600,4,1,3,2,70,58,0,300,3,5
429,11,490,13,2,3,2,91,95,420,540,1,5
430,1,66,1,1,3,1,98,70,180,300,2,5
431,7,456,8,2,3,2,97,54,60,180,1,5
432,6,195,7,1,3,1,29,89,0,300,1,5
433,12,547,14,2,3,1,100,53,300,600,4,5
434,1,159,1,2,3,2,27,40,420,540,2,5
435,10,332,11,2,3,1,18,19,300,420,1,5
436,11,138,11,1,3,1,96,15,180,300,1,5
437,14,321,14,2,3,2,98,87,420,540,3,5
438,6,272,6,2,3,1,44,55,300,420,1,5
439,4,503,6,2,3,1,19,2,60,180,2,5
440,13,192,13,2,3,2,55,92,420,540,4,5
441,13,596,14,1,3,2,58,91,60,180,3,5
442,5,424,7,1,3,1,12,81,180,300,2,5
443,2,306,2,2,3,1,74,59,420,540,4,5
444,8,428,10,1,3,2,18,21,180,300,3,5
445,2,77,2,1,3,2,98,23,180,300,1,5
446,9,105,10,2,3,2,56,86,420,540,1,5
447,4,248,5,2,3,1,22,65,420,540,2,5
448,13,368,13,2,3,1,67,11,420,540,2,5
449,4,304,4,2,3,1,19,99,420,540,4,5
450,7,482,8,1,3,1,31,44,60,180,1,5
451,11,210,11,2,3,1,84,89,300,420,4,5
452,1,228,2,1,3,1,68,47,180,300,1,5
453,4,357,4,2,3,1,83,70,420,540,4,5
454,6,254,6,2,3,2,37,78,300,420,1,5
455,13,405,13,2,3,1,18,3,420,540,4,5
456,10,575,11,2,3,1,71,90,180,300,4,5
457,3,437,5,1,3,1,19,20,180,300,3,5
458,13,268,14,1,3,1,95,72,180,300,1,5
459,11,190,11,2,3,1,10,68,420,540,4,5
460,7,428,9,1,3,1,91,97,180,300,3,5
461,6,337,6,2,3,1,71,81,420,540,1,5
462,6,228,6,2,3,2,12,27,420,540,1,5
463,5,104,6,1,3,1,88,65,0,300,1,5
464,12,322,12,2,3,2,46,54,420,540,4,5
465,10,54,10,2,3,2,10,59,60,180,3,5
466,11,146,12,2,3,1,31,76,60,180,3,5
467,6,430,7,1,3,1,85,51,0,300,2,5
468,1,461,2,1,3,2,28,6,180,300,2,5
469,3,301,3,2,3,2,32,73,420,540,4,5
470,7,185,7,2,3,2,51,53,300,420,1,5
471,10,134,10,2,3,1,35,16,420,540,4,5
472,13,89,13,1,3,1,89,57,180,300,4,5
473,6,78,6,2,3,2,46,67,300,600,3,5
474,7,473,8,1,3,2,16,65,60,180,2,5
475,9,327,9,2,3,1,19,83,420,540,2,5
476,6,367,7,1,3,2,26,26,60,180,3,5
477,9,537,11,2,3,1,70,100,60,180,2,5
478,10,264,10,2,3,2,13,15,300,600,2,5
479,10,125,10,2,3,1,12,60,180,300,2,5
480,6,154,7,2,3,1,15,1,300,600,4,5
481,14,563,16,1,3,2,79,74,60,180,3,5
482,14,292,15,2,3,1,52,49,60,180,3,5
483,1,211,2,1,3,2,56,55,60,180,2,5
484,5,556,7,1,3,2,15,44,60,180,2,5
485,12,375,12,2,3,1,10,69,420,540,3,5
486,5,573,7,2,3,2,24,11,180,300,1,5
487,10,420,10,2,3,1,59,23,420,540,1,5
488,5,40,6,1,3,2,14,45,0,300,1,5
489,9,361,9,2,3,2,38,33,420,540,3,5
490,2,168,2,1,3,1,6,39,180,300,4,5
491,9,472,11,1,3,1,58,40,180,300,1,5
492,2,389,3,1,3,2,37,70,180,300,4,5
493,13,81,13,1,3,1,63,29,180,300,4,5
494,12,103,13,1,3,2,63,90,60,180,4,5
495,3,451,5,1,3,2,98,20,60,180,3,5
496,14,151,15,1,3,1,81,39,0,300,2,5
497,9,228,9,2,3,1,74,70,420,540,3,5
498,5,392,5,2,3,1,95,84,420,540,1,5
499,3,442,5,2,3,1,69,84,180,300,4,5
500,10,598,11,1,3,2,41,36,60,180,1,5
501,13,392,13,2,3,2,18,83,420,540,3,5
502,11,528,12,2,3,1,19,11,300,600,1,5
503,5,125,5,1,3,2,48,47,180,300,3,5
504,8,425,10,2,3,1,23,40,300,600,4,5
505,14,230,15,2,3,2,85,14,300,420,2,5
506,14,82,14,1,3,1,36,12,180,300,1,5
507,2,532,4,1,3,1,73,78,0,300,2,5
508,9,299,9,2,3,2,53,51,420,540,4,5
509,2,271,2,2,3,1,42,81,420,540,2,5
510,14,538,15,1,3,1,17,11,60,180,3,5
511,2,115,2,2,3,2,55,47,420,540,1,5
512,8,413,8,2,3,1,61,45,420,540,1,5
513,6,378,7,1,3,2,41,1,0,300,4,5
514,4,229,5,2,3,2,62,56,420,540,2,5
515,9,339,9,2,3,1,86,100,420,540,1,5
516,3,553,4,2,3,1,60,74,0,300,1,5
517,8,198,9,1,3,2,65,64,180,300,4,5
518,11,264,11,2,3,2,95,75,300,420,2,5
519,9,17,10,1,3,1,51,3,60,180,2,5
520,1,67,1,1,3,1,14,27,180,300,4,5
521,10,330,10,2,3,1,91,55,420,540,4,5
522,4,377,4,2,3,1,98,49,420,540,1,5
523,8,27,9,1,3,1,67,42,0,300,4,5
524,6,540,8,1,3,1,14,28,0,300,1,5
525,10,188,10,2,3,1,64,33,420,540,4,5
526,1,513,2,2,3,2,43,95,60,180,1,5
527,13,367,13,2,3,2,15,29,420,540,2,5
528,8,416,9,1,3,2,54,18,0,300,1,5
529,2,92,2,1,3,1,97,17,180,300,1,5
530,9,456,10,1,3,2,20,55,60,180,4,5
531,8,320,9,1,3,1,18,25,0,300,4,5
532,12,184,12,2,3,1,55,54,300,600,4,5
533,13,105,14,2,3,1,30,67,300,420,4,5
534,3,16,4,1,3,2,56,56,180,300,1,5
535,1,137,1,2,3,2,66,91,300,600,1,5
536,14,296,14,2,3,1,55,7,300,600,3,5
537,7,160,7,2,3,1,92,65,300,420,2,5
538,3,222,3,2,3,1,54,93,300,600,3,5
539,10,388,10,2,3,2,22,37,420,540,3,5
540,2,136,2,1,3,2,20,40,180,300,1,5
541,3,440,5,1,3,2,47,57,60,180,3,5
542,4,100,4,1,3,1,84,6,180,300,1,5
543,7,595,8,1,3,1,22,7,0,300,1,5
544,9,126,9,2,3,2,77,82,420,540,2,5
545,7,198,8,1,3,2,0,95,180,300,3,5
546,13,329,13,2,3,2,5,64,420,540,1,5
547,7,108,7,1,3,2,45,10,180,300,3,5
548,7,382,7,2,3,2,93,35,420,540,1,5
549,1,455,2,2,3,2,74,58,60,180,4,5
550,8,309,8,2,3,2,94,83,420,540,3,5
551,8,297,9,2,3,2,83,55,420,540,1,5
552,14,570,15,1,3,2,22,71,0,300,4,5
553,8,326,10,1,3,1,15,36,60,180,2,5
554,8,265,9,1,3,1,91,97,180,300,2,5
555,1,29,1,1,3,2,71,20,60,180,3,5
556,9,394,10,1,3,2,0,39,60,180,2,5
557,5,459,6,2,3,2,77,74,420,540,2,5
558,9,153,9,1,3,1,6,44,180,300,4,5
559,12,231,12,2,3,2,15,95,420,540,1,5
560,3,512,4,2,3,1,20,69,0,300,1,5
561,5,207,5,2,3,1,80,90,300,600,2,5
562,2,415,2,2,3,1,62,59,420,540,4,5
563,8,525,10,2,3,1,52,70,300,600,1,5
564,1,462,2,1,3,2,49,54,180,300,2,5
565,2,53,2,2,3,2,1,80,60,180,3,5
566,1,347,1,2,3,2,94,29,420,540,4,5
567,7,90,8,2,3,2,9,44,60,180,2,5
568,8,73,9,2,3,1,37,66,180,300,3,5
569,12,73,12,1,3,2,45,23,180,300,1,5
570,6,402,6,2,3,2,93,1,420,540,1,5
571,9,548,11,1,3,1,76,15,60,180,1,5
572,6,600,7,2,3,1,26,19,180,300,1,5
573,4,455,6,2,3,2,82,2,420,540,1,5
574,7,502,9,1,3,1,3,57,180,300,1,5
575,10,528,12,1,3,2,8,78,180,300,4,5
576,12,197,13,1,3,1,18,60,60,180,4,5
577,10,542,12,1,3,1,86,0,60,180,3,5
578,14,264,15,2,3,1,29,68,180,300,2,5
579,12,256,12,2,3,2,21,4,300,420,1,5
580,6,367,6,2,3,1,66,8,420,540,3,5
581,9,499,10,1,3,1,79,40,60,180,4,5
582,4,44,5,1,3,2,25,3,180,300,4,5
583,9,526,11,1,3,2,58,81,180,300,1,5
584,11,492,13,2,3,2,18,92,180,300,2,5
585,8,261,8,2,3,2,81,1,420,540,3,5
586,10,106,10,1,3,1,7,38,180,300,4,5
587,4,567,6,1,3,1,20,9,60,180,4,5
588,13,448,15,2,3,1,66,100,0,300,1,5
589,1,429,2,1,3,2,59,81,180,300,2,5
590,1,496,3,1,3,1,93,68,60,180,4,5
591,9,175,10,1,3,2,11,93,60,180,1,5
592,11,531,13,2,3,2,31,5,420,540,4,5
593,7,52,7,1,3,2,61,69,60,180,2,5
594,10,136,11,2,3,2,52,40,420,540,3,5
595,13,363,13,2,3,1,76,45,420,540,4,5
596,12,518,14,1,3,1,63,47,60,180,3,5
597,6,244,6,2,3,1,19,59,300,420,2,5
598,9,560,10,1,3,2,74,17,180,300,2,5
599,6,327,7,2,3,2,25,59,0,300,4,5
600,4,75,4,1,3,2,74,29,180,300,1,5
601,7,58,7,1,3,2,54,27,60,180,3,5
602,14,43,14,1,3,1,13,21,60,180,1,5
603,12,489,13,1,3,2,9,3,180,300,3,5
604,1,110,2,1,3,2,7,11,60,180,3,5
605,13,164,13,1,3,2,67,70,180,300,3,5
606,6,491,8,2,3,1,17,48,60,180,1,5
607,6,83,7,1,3,1,17,29,0,300,2,5
608,5,430,6,1,3,1,97,77,60,180,3,5
609,13,539,15,2,3,2,10,43,420,540,4,5
610,6,183,6,2,3,1,87,77,300,600,2,5
611,10,26,10,1,3,1,35,78,60,180,3,5
612,1,106,1,1,3,1,53,12,180,300,2,5
613,3,531,5,2,3,1,21,57,0,300,2,5
614,13,594,14,1,3,1,100,13,60,180,2,5
615,4,520,5,1,3,1,70,40,180,300,4,5
616,7,277,9,2,3,2,75,59,60,180,1,5
617,4,355,5,1,3,1,14,27,60,180,3,5
618,5,140,6,1,3,1,38,24,180,300,3,5
619,12,324,13,1,3,1,0,40,60,180,4,5
620,3,442,4,1,3,1,95,3,180,300,4,5
621,1,89,2,2,3,2,54,75,180,300,3,5
622,10,224,11,1,3,1,54,100,60,180,4,5
623,3,108,3,1,3,2,94,94,180,300,1,5
624,8,368,8,2,3,2,11,68,420,540,3,5
625,1,375,1,2,3,1,68,79,420,540,4,5
626,5,519,7,2,3,1,4,98,300,600,2,5
627,10,210,11,1,3,1,78,21,180,300,1,5
628,2,292,2,2,3,1,92,66,420,540,2,5
629,5,264,5,2,3,2,41,73,300,420,1,5
630,4,125,4,2,3,1,62,72,300,600,3,5
631,6,28,6,1,3,1,35,29,60,180,2,5
632,4,470,6,1,3,2,0,88,180,300,2,5
633,12,30,13,1,3,2,48,92,0,300,1,5
634,6,600,8,2,3,1,19,68,180,300,3,5
635,2,321,2,2,3,1,54,71,420,540,2,5
636,12,249,12,2,3,2,17,53,300,420,2,5
637,7,520,9,1,3,2,26,93,180,300,3,5
638,6,103,7,1,3,2,13,47,0,300,2,5
639,14,324,14,2,3,1,37,0,420,540,3,5
640,10,597,11,1,3,1,7,7,0,300,3,5
641,2,409,2,2,3,1,75,4,420,540,4,5
642,2,238,2,2,3,2,88,95,300,600,3,5
643,2,206,2,2,3,2,27,91,300,420,3,5
644,11,432,12,1,3,1,69,30,60,180,2,5
645,8,234,9,2,3,1,18,7,300,420,4,5
646,9,203,10,1,3,1,12,80,180,300,3,5
647,9,600,11,2,3,2,73,93,60,180,1,5
648,7,349,7,2,3,2,20,85,420,540,4,5
649,13,36,13,2,3,1,22,0,300,600,3,5
650,2,394,2,2,3,1,47,9,420,540,4,5
651,10,405,11,1,3,1,85,33,0,300,1,5
652,2,341,2,2,3,1,72,84,420,540,1,5
653,3,378,3,2,3,1,59,5,420,540,1,5
654,11,30,12,1,3,1,21,2,180,300,2,5
655,6,244,6,2,3,1,100,37,300,600,2,5
656,1,552,2,1,3,1,52,0,180,300,1,5
657,9,433,10,1,3,2,10,32,60,180,1,5
658,1,165,1,2,3,1,15,20,300,600,4,5
659,14,341,14,2,3,2,12,32,420,540,3,5
660,2,98,3,2,3,1,65,95,300,420,2,5
661,1,48,2,2,3,1,40,22,0,300,2,5
662,9,135,9,1,3,1,72,36,180,300,3,5
663,9,483,11,1,3,2,7,40,0,300,4,5
664,12,166,13,2,3,2,1,79,60,180,2,5
665,2,554,3,1,3,1,26,40,0,300,1,5
666,5,189,5,2,3,1,65,96,420,540,3,5
667,3,594,5,1,3,2,28,91,180,300,3,5
668,7,493,9,1,3,1,40,81,60,180,1,5
669,10,471,11,1,3,1,65,4,60,180,4,5
670,3,310,3,2,3,2,60,94,420,540,3,5
671,2,246,2,2,3,2,7,52,300,600,2,5
672,4,110,4,1,3,2,11,1,180,300,1,5
673,4,334,4,2,3,1,50,42,420,540,2,5
674,5,372,5,2,3,1,9,61,420,540,2,5
675,9,444,10,1,3,2,90,8,180,300,2,5
676,4,441,6,1,3,2,55,46,0,300,1,5
677,1,543,2,2,3,2,91,66,180,300,4,5
678,2,596,3,1,3,2,32,94,180,300,3,5
679,6,289,6,2,3,2,57,94,420,540,2,5
680,13,94,13,2,3,1,92,95,300,420,3,5
681,4,552,5,1,3,2,82,23,60,180,1,5
682,13,99,14,2,3,1,25,27,180,300,2,5
683,3,579,4,1,3,2,65,7,180,300,1,5
684,5,516,7,2,3,1,93,63,180,300,2,5
685,2,405,3,1,3,2,61,64,0,300,4,5
686,7,48,7,2,3,2,57,80,0,300,3,5
687,12,83,12,1,3,2,78,5,180,300,4,5
688,4,397,4,2,3,1,63,2,420,540,3,5
689,4,6,4,1,3,2,22,12,60,180,4,5
690,8,157,9,2,3,1,68,78,420,540,2,5
691,12,159,12,2,3,1,28,14,300,600,1,5
692,14,308,15,1,3,1,67,28,60,180,1,5
693,14,117,14,2,3,2,28,40,300,420,1,5
694,6,395,6,2,3,2,71,47,420,540,2,5
695,5,584,6,1,3,1,43,57,0,300,1,5
696,2,209,3,1,3,1,80,35,180,300,3,5
697,6,202,6,2,3,2,52,60,300,600,1,5
698,2,253,2,2,3,1,100,69,420,540,3,5
699,3,444,5,1,3,2,59,14,0,300,3,5
700,5,90,5,1,3,2,55,66,180,300,4,5
701,14,298,15,1,3,1,29,1,0,300,2,5
702,3,251,3,2,3,1,18,49,300,420,4,5
703,3,244,4,2,3,2,79,35,180,300,1,5
704,13,541,15,2,3,2,38,73,300,600,3,5
705,12,65,13,1,3,2,35,90,180,300,4,5
706,6,486,7,1,3,2,34,100,180,300,4,5
707,3,517,5,1,3,2,92,37,180,300,3,5
708,11,425,12,1,3,2,86,61,60,180,1,5
709,6,413,7,2,3,1,60,14,60,180,1,5
710,9,554,10,2,3,2,49,40,420,540,1,5
711,2,189,3,1,3,1,78,29,0,300,2,5
712,5,295,6,2,3,2,17,24,60,180,2,5
713,3,338,3,2,3,1,4,19,420,540,3,5
714,10,362,10,2,3,2,68,90,420,540,4,5
715,7,219,8,1,3,1,5,96,60,180,3,5
716,4,443,5,1,3,1,60,95,0,300,4,5
717,12,131,12,2,3,2,73,30,300,420,1,5
718,12,404,12,2,3,1,29,70,420,540,4,5
719,6,357,7,1,3,2,11,72,60,180,3,5
720,13,153,13,1,3,1,98,38,180,300,1,5
721,13,371,13,2,3,1,37,87,420,540,3,5
722,7,123,7,2,3,2,16,84,300,420,1,5
723,8,20,8,1,3,2,25,70,60,180,3,5
724,4,447,5,1,3,2,88,56,60,180,4,5
725,2,298,2,2,3,2,63,9,420,540,1,5
726,1,214,2,2,3,1,74,4,0,300,4,5
727,7,218,7,2,3,1,51,53,420,540,2,5
728,9,158,9,2,3,1,13,70,180,300,3,5
729,9,62,10,2,3,2,28,44,180,300,2,5
730,6,165,6,1,3,2,12,97,180,300,2,5
731,2,516,4,1,3,2,74,84,0,300,4,5
732,6,442,8,2,3,2,36,70,0,300,3,5
733,3,23,3,1,3,1,89,86,60,180,2,5
734,8,10,9,1,3,1,75,78,0,300,1,5
735,14,553,16,1,3,1,77,24,180,300,4,5
736,3,487,5,1,3,1,1,50,0,300,4,5
737,1,450,2,1,3,2,14,59,180,300,2,5
738,9,169,9,1,3,1,56,27,180,300,1,5
739,4,110,4,1,3,1,90,53,180,300,3,5
740,5,109,5,2,3,1,58,61,300,600,1,5
741,14,326,15,2,3,2,22,9,180,300,4,5
742,9,414,9,2,3,1,24,18,420,540,4,5
743,3,377,4,1,3,1,42,28,60,180,3,5
744,11,295,11,2,3,2,46,33,300,420,1,5
745,2,449,3,2,3,1,29,56,0,300,4,5
746,1,434,2,1,3,2,99,48,60,180,1,5
747,10,491,12,2,3,2,84,55,0,300,2,5
748,2,347,4,1,3,2,88,5,60,180,3,5
749,11,113,12,2,3,1,55,49,180,300,4,5
750,8,14,8,1,3,2,76,87,60,180,3,5
751,10,393,10,2,3,1,59,63,420,540,2,5
752,12,72,13,1,3,2,55,35,60,180,1,5
753,7,186,8,1,3,2,5,59,60,180,1,5
754,12,200,12,2,3,1,98,26,420,540,3,5
755,6,533,8,1,3,1,88,19,0,300,1,5
756,12,518,14,1,3,1,69,28,0,300,3,5
757,2,465,3,2,3,1,82,82,420,540,1,5
758,11,82,12,1,3,1,32,60,60,180,3,5
759,11,485,13,1,3,1,47,33,0,300,1,5
760,12,85,12,1,3,2,99,86,180,300,2,5
761,1,171,1,1,3,1,13,86,180,300,1,5
762,6,315,7,2,3,1,69,78,60,180,3,5
763,10,537,11,1,3,2,55,43,60,180,1,5
764,6,109,6,1,3,1,88,34,180,300,3,5
765,3,261,3,2,3,1,67,35,300,420,4,5
766,4,312,5,1,3,1,13,44,180,300,3,5
767,14,516,16,1,3,2,95,83,0,300,3,5
768,12,13,12,1,3,1,80,80,60,180,2,5
769,6,249,6,2,3,2,52,84,300,420,2,5
770,13,65,14,2,3,1,15,70,0,300,2,5
771,11,200,12,1,3,2,4,70,60,180,2,5
772,3,545,4,2,3,2,38,8,0,300,1,5
773,10,428,12,2,3,2,88,59,300,600,4,5
774,14,582,15,1,3,1,68,9,180,300,4,5
775,3,218,3,2,3,2,71,61,420,540,1,5
776,13,591,15,1,3,2,88,43,180,300,1,5
777,3,487,4,1,3,1,68,45,180,300,4,5
778,10,483,11,1,3,2,92,84,0,300,4,5
779,9,265,9,2,3,1,96,35,420,540,2,5
780,1,31,1,1,3,1,89,36,60,180,4,5
781,3,245,3,2,3,1,22,31,300,600,1,5
782,1,556,3,1,3,1,84,87,180,300,3,5
783,5,281,5,2,3,1,0,25,300,600,3,5
784,5,407,5,2,3,2,27,39,420,540,4,5
785,14,124,14,1,3,2,22,27,180,300,1,5
786,2,546,3,1,3,2,65,86,60,180,1,5
787,10,571,11,1,3,2,63,18,0,300,3,5
788,7,96,7,2,3,2,7,11,300,600,2,5
789,9,78,9,1,3,1,66,58,180,300,4,5
790,2,320,3,1,3,2,95,16,0,300,1,5
791,6,424,8,1,3,2,47,50,180,300,2,5
792,13,304,14,1,3,1,77,12,180,300,3,5
793,8,491,10,1,3,2,82,10,0,300,4,5
794,4,391,6,1,3,2,24,88,0,300,2,5
795,10,4,10,1,3,2,85,85,60,180,4,5
796,1,441,3,1,3,2,6,91,0,300,4,5
797,5,25,6,2,3,2,100,48,180,300,2,5
798,3,454,5,1,3,1,4,73,0,300,1,5
799,9,336,9,2,3,2,88,1,420,540,3,5
800,6,264,6,2,3,1,15,31,420,540,3,5
801,14,596,15,2,3,2,41,75,420,540,2,5
802,12,467,13,1,3,2,86,54,180,300,3,5
803,6,109,6,1,3,1,87,33,180,300,2,5
804,12,99,12,1,3,2,49,60,180,300,1,5
805,14,244,14,2,3,1,89,38,300,420,3,5
806,2,514,3,2,3,2,22,81,420,540,3,5
807,10,127,12,1,3,1,49,58,0,300,2,5
808,11,520,12,2,3,1,59,98,420,540,4,5
809,7,3,7,2,3,2,92,25,300,600,1,5
810,5,373,7,1,3,2,81,98,0,300,1,5
811,12,328,12,2,3,2,18,20,420,540,2,5
812,3,443,4,1,3,1,81,67,180,300,3,5
813,13,566,15,1,3,1,49,58,60,180,1,5
814,7,72,8,1,3,2,74,82,60,180,1,5
815,11,115,11,1,3,2,47,41,180,300,4,5
816,8,282,10,1,3,2,16,6,0,300,4,5
817,10,407,11,2,3,1,38,25,420,540,3,5
818,1,76,1,2,3,1,43,65,180,300,3,5
819,1,74,2,2,3,1,48,55,420,540,3,5
820,13,270,13,2,3,1,30,28,420,540,3,5
821,5,323,6,1,3,1,52,33,60,180,2,5
822,12,100,14,1,3,1,21,26,0,300,4,5
823,9,245,10,1,3,2,74,8,60,180,1,5
824,2,285,2,2,3,2,80,3,300,420,4,5
825,7,463,9,2,3,2,54,43,180,300,4,5
826,9,434,10,1,3,1,32,11,60,180,2,5
827,14,98,14,2,3,1,67,49,300,420,4,5
828,9,39,10,1,3,2,16,63,180,300,1,5
829,10,49,11,1,3,2,81,50,60,180,4,5
830,8,403,10,1,3,1,42,36,0,300,2,5
831,7,585,9,2,3,1,88,70,0,300,2,5
832,13,501,14,2,3,1,57,74,180,300,1,5
833,5,119,5,1,3,1,53,34,180,300,3,5
834,12,370,13,1,3,2,33,2,60,180,3,5
835,2,596,4,2,3,1,96,14,180,300,1,5
836,12,311,13,2,3,2,45,18,420,540,4,5
837,12,561,13,1,3,1,89,10,60,180,2,5
838,6,37,6,1,3,1,62,67,60,180,4,5
839,9,240,9,2,3,2,92,70,300,420,1,5
840,6,583,8,2,3,1,88,57,0,300,4,5
841,4,205,5,1,3,1,99,11,0,300,3,5
842,7,456,9,2,3,2,92,80,420,540,4,5
843,6,347,6,2,3,1,74,27,420,540,3,5
844,7,478,8,2,3,1,98,77,60,180,4,5
845,10,46,10,1,3,1,56,55,60,180,2,5
846,7,453,9,1,3,1,64,60,180,300,2,5
847,4,307,4,2,3,2,7,32,420,540,3,5
848,9,50,9,2,3,2,99,88,180,300,3,5
849,9,308,9,2,3,1,33,45,420,540,2,5
850,12,287,12,2,3,1,39,36,420,540,1,5
851,11,547,13,1,3,2,64,71,180,300,3,5
852,14,417,14,2,3,2,99,14,420,540,3,5
853,2,102,3,1,3,2,2,97,60,180,1,5
854,7,133,7,1,3,2,29,44,180,300,1,5
855,6,239,7,1,3,2,50,62,0,300,3,5
856,14,127,15,1,3,2,57,38,0,300,2,5
857,5,429,6,2,3,1,78,77,60,180,3,5
858,5,14,5,1,3,2,11,21,60,180,4,5
859,3,412,3,2,3,1,18,28,420,540,1,5
860,3,99,3,2,3,2,16,76,300,420,4,5
861,3,560,5,2,3,2,48,52,300,420,2,5
862,14,237,14,2,3,2,36,0,300,420,4,5
863,8,548,9,2,3,2,69,96,60,180,2,5
864,11,72,12,2,3,2,4,82,420,540,2,5
865,9,356,10,2,3,1,50,17,420,540,3,5
866,14,412,15,1,3,2,85,87,0,300,3,5
867,9,588,10,2,3,1,58,13,0,300,2,5
868,1,253,2,1,3,1,59,38,60,180,2,5
869,8,383,8,2,3,1,57,9,420,540,1,5
870,8,562,9,1,3,1,16,51,60,180,1,5
871,11,312,12,1,3,2,12,67,0,300,4,5
872,5,65,5,1,3,2,64,47,180,300,2,5
873,14,403,14,2,3,2,51,92,420,540,3,5
874,5,131,6,2,3,1,20,61,420,540,2,5
875,14,77,15,1,3,1,61,54,180,300,1,5
876,3,465,5,2,3,1,23,60,300,600,3,5
877,2,400,3,2,3,2,36,97,60,180,3,5
878,13,146,13,1,3,2,29,89,180,300,4,5
879,3,128,3,1,3,2,66,11,180,300,4,5
880,10,74,11,1,3,1,60,80,60,180,4,5
881,13,235,13,2,3,1,85,61,300,420,4,5
882,5,427,6,2,3,1,38,81,60,180,3,5
883,4,399,5,1,3,2,33,17,180,300,2,5
884,14,171,15,2,3,1,13,9,420,540,2,5
885,12,459,14,2,3,2,13,99,180,300,4,5
886,14,559,15,2,3,1,56,90,420,540,4,5
887,7,72,8,1,3,1,18,23,180,300,1,5
888,4,527,6,2,3,2,81,19,180,300,4,5
889,5,503,7,2,3,2,89,39,300,600,4,5
890,6,370,6,2,3,1,13,70,420,540,1,5
891,7,66,7,1,3,2,62,52,180,300,4,5
892,6,376,7,1,3,2,87,72,60,180,4,5
893,4,270,4,2,3,1,74,43,300,600,2,5
894,11,438,13,1,3,2,85,0,180,300,3,5
895,11,365,11,2,3,1,30,93,420,540,4,5
896,3,564,4,1,3,2,51,61,0,300,2,5
897,6,393,6,2,3,2,57,45,420,540,3,5
898,6,591,7,2,3,1,16,84,300,600,4,5
899,5,107,7,1,3,1,68,11,60,180,1,5
900,3,119,3,1,3,2,61,100,180,300,1,5
901,6,414,6,2,3,2,0,37,420,540,2,5
902,6,290,6,2,3,1,63,2,420,540,4,5
903,8,113,10,1,3,1,44,5,180,300,3,5
904,14,6,14,1,3,1,33,34,60,180,2,5
905,3,600,4,2,3,1,32,17,60,180,4,5
906,5,408,5,2,3,1,98,42,420,540,3,5
907,3,158,3,1,3,1,66,54,180,300,1,5
908,12,223,12,2,3,2,73,56,300,420,1,5
909,13,139,13,2,3,2,45,89,180,300,3,5
910,10,496,12,1,3,2,17,86,180,300,4,5
911,1,17,1,2,3,1,8,3,420,540,1,5
912,7,0,8,2,3,1,2,19,180,300,3,5
913,10,218,11,1,3,1,81,33,0,300,3,5
914,4,118,4,1,3,2,4,40,180,300,4,5
915,7,73,9,2,3,1,35,30,420,540,2,5
916,5,52,5,2,3,2,75,22,0,300,2,5
917,12,31,12,1,3,2,51,23,60,180,3,5
918,5,29,7,1,3,2,4,34,0,300,4,5
919,1,132,2,2,3,2,98,16,60,180,1,5
920,7,451,9,2,3,1,43,71,300,420,4,5
921,6,508,8,1,3,2,82,96,60,180,4,5
922,7,513,8,1,3,2,69,82,0,300,2,5
923,5,150,6,2,3,2,8,61,180,300,3,5
924,4,269,4,2,3,2,56,73,300,600,4,5
925,6,371,7,1,3,2,54,95,0,300,2,5
926,14,413,15,1,3,2,8,72,60,180,2,5
927,14,337,14,2,3,2,43,1,420,540,2,5
928,14,180,14,1,3,1,90,9,180,300,3,5
929,13,576,15,1,3,2,42,54,0,300,3,5
930,8,89,9,2,3,2,57,26,0,300,3,5
931,5,454,6,1,3,1,11,32,0,300,1,5
932,6,145,6,2,3,2,36,19,420,540,3,5
933,13,262,14,1,3,2,32,51,180,300,4,5
934,8,478,9,1,3,1,35,77,60,180,3,5
935,4,176,5,1,3,1,1,4,60,180,2,5
936,5,505,6,2,3,2,35,64,300,600,1,5
937,13,600,15,2,3,1,97,68,60,180,2,5
938,7,363,7,2,3,2,0,83,420,540,4,5
939,4,480,6,1,3,1,20,42,0,300,1,5
940,14,432,15,1,3,1,16,25,0,300,2,5
941,3,208,3,2,3,2,5,47,300,420,4,5
942,8,143,8,1,3,1,92,42,180,300,4,5
943,5,152,5,1,3,1,67,37,180,300,2,5
944,7,81,7,1,3,2,96,37,180,300,3,5
945,10,592,12,2,3,2,32,66,60,180,1,5
946,9,362,9,2,3,1,81,40,420,540,4,5
947,9,271,10,2,3,1,51,25,300,420,4,5
948,5,438,6,2,3,1,74,99,0,300,3,5
949,6,281,6,2,3,2,70,21,300,420,3,5
950,5,88,6,1,3,1,87,56,180,300,4,5
951,1,344,1,2,3,1,29,48,420,540,1,5
952,12,412,12,2,3,1,97,91,420,540,4,5
953,10,238,11,1,3,1,58,57,60,180,1,5
954,1,355,2,1,3,2,72,87,0,300,4,5
955,10,169,10,2,3,1,54,43,420,540,2,5
956,10,272,11,1,3,2,72,85,0,300,3,5
957,3,504,4,1,3,1,16,0,0,300,1,5
958,3,434,4,2,3,1,35,87,60,180,4,5
959,3,190,4,1,3,2,46,66,60,180,3,5
960,13,358,13,2,3,2,15,39,420,540,2,5
961,10,144,11,2,3,2,26,56,420,540,3,5
962,12,241,13,1,3,2,1,17,0,300,4,5
963,11,477,12,2,3,1,12,47,0,300,3,5
964,1,206,2,1,3,2,50,93,0,300,3,5
965,12,510,13,1,3,1,13,17,0,300,4,5
966,7,443,8,2,3,1,35,28,60,180,1,5
967,12,322,13,1,3,1,11,73,0,300,4,5
968,4,101,4,1,3,2,4,3,180,300,4,5
969,12,274,12,2,3,2,15,24,420,540,2,5
970,1,277,1,2,3,1,82,1,420,540,3,5
971,2,1,3,1,3,2,5,53,180,300,2,5
972,8,529,10,1,3,2,17,35,180,300,2,5
973,3,143,3,1,3,1,38,17,180,300,3,5
974,7,434,9,2,3,1,98,75,300,600,2,5
975,7,266,7,2,3,2,15,59,420,540,4,5
976,4,190,4,2,3,1,98,100,420,540,4,5
977,11,50,11,2,3,2,85,50,60,180,2,5
978,4,223,4,2,3,1,48,53,420,540,3,5
979,4,482,5,1,3,1,44,67,180,300,2,5
980,14,150,14,1,3,2,86,45,180,300,1,5
981,2,204,2,2,3,1,93,12,300,420,1,5
982,5,469,6,1,3,2,75,12,0,300,4,5
983,4,85,4,1,3,1,71,26,180,300,3,5
984,10,144,10,1,3,2,25,66,180,300,2,5
985,6,186,6,2,3,1,9,16,300,600,2,5
986,6,99,7,1,3,1,96,88,180,300,3,5
987,14,204,14,2,3,2,47,46,420,540,2,5
988,12,335,12,2,3,2,27,1,420,540,2,5
989,3,390,3,2,3,2,45,18,420,540,4,5
990,14,349,14,2,3,2,11,22,420,540,2,5
991,10,466,12,1,3,1,46,79,180,300,3,5
992,6,414,6,2,3,1,37,36,420,540,2,5
993,9,382,10,1,3,2,76,6,180,300,4,5
994,3,374,3,2,3,1,15,32,420,540,3,5
995,12,235,12,2,3,1,22,48,420,540,4,5
996,3,280,4,1,3,1,10,84,180,300,1,5
997,13,537,14,1,3,1,26,54,0,300,1,5
998,4,507,5,1,3,2,18,98,180,300,1,5
999,3,238,3,2,3,2,66,40,420,540,2,5
1000,4,215,6,1,3,2,87,98,60,180,3,5
1001,8,313,8,2,3,2,85,24,420,540,3,5
1002,3,141,4,1,3,2,19,56,0,300,3,5
1003,11,386,13,1,3,1,13,9,0,300,2,5
1004,6,518,8,1,3,1,8,91,0,300,3,5
1005,9,322,9,2,3,2,24,55,420,540,2,5
1006,14,37,14,2,3,1,41,64,60,180,4,5
1007,10,505,11,1,3,1,81,97,180,300,2,5
1008,14,247,14,2,3,2,64,4,300,600,1,5
1009,4,117,4,2,3,1,4,20,420,540,1,5
1010,2,21,2,1,3,1,3,21,60,180,1,5
1011,5,14,5,2,3,1,62,62,420,540,1,5
1012,5,76,6,2,3,2,54,58,0,300,2,5
1013,14,576,15,2,3,1,65,55,60,180,1,5
1014,7,428,8,1,3,1,36,83,60,180,3,5
1015,10,502,11,1,3,2,24,14,60,180,1,5
1016,10,136,11,2,3,1,88,100,0,300,1,5
1017,8,575,10,1,3,1,58,31,180,300,3,5
1018,14,26,14,1,3,2,11,40,60,180,3,5
1019,3,297,3,2,3,1,42,47,300,600,1,5
1020,13,510,15,1,3,2,25,17,0,300,1,5
1021,1,125,1,1,3,1,32,2,180,300,4,5
1022,8,598,9,2,3,1,11,90,180,300,2,5
1023,9,138,9,2,3,1,88,6,180,300,1,5
1024,7,562,9,2,3,1,25,88,0,300,3,5
1025,7,171,8,1,3,1,40,88,180,300,3,5
1026,6,237,7,1,3,1,85,40,0,300,1,5
1027,11,522,12,2,3,1,52,80,60,180,2,5
1028,11,375,11,2,3,2,75,82,420,540,2,5
1029,9,319,9,2,3,1,39,8,420,540,2,5
1030,2,12,3,2,3,1,93,33,0,300,3,5
1031,12,29,13,2,3,1,85,41,60,180,3,5
1032,6,189,6,2,3,1,54,12,300,420,3,5
1033,11,400,11,2,3,1,2,6,420,540,4,5
1034,2,464,3,1,3,2,82,68,180,300,1,5
1035,1,444,3,2,3,2,72,46,60,180,2,5
1036,12,380,12,2,3,2,2,65,420,540,3,5
1037,1,28,1,1,3,1,28,64,60,180,1,5
1038,4,577,5,1,3,1,8,2,180,300,1,5
1039,7,81,7,1,3,2,71,78,180,300,4,5
1040,7,174,7,1,3,2,55,27,180,300,2,5
1041,7,72,8,1,3,2,47,68,0,300,1,5
1042,9,362,9,2,3,2,74,98,420,540,4,5
1043,10,568,12,1,3,1,74,74,180,300,3,5
1044,12,572,13,1,3,1,55,81,60,180,2,5
1045,11,470,13,2,3,2,44,41,60,180,3,5
1046,8,523,9,1,3,2,4,16,0,300,2,5
1047,6,596,7,1,3,1,8,24,180,300,1,5
1048,2,253,2,2,3,2,32,71,420,540,1,5
1049,10,87,11,1,3,1,17,14,180,300,2,5
1050,13,274,14,1,3,1,22,89,60,180,3,5
1051,13,8,13,1,3,2,47,27,60,180,2,5
1052,2,264,2,2,3,1,73,52,300,600,3,5
1053,7,57,7,2,3,1,61,79,300,420,2,5
1054,14,182,15,1,3,2,77,89,60,180,2,5
1055,7,477,8,1,3,2,70,89,180,300,1,5
1056,7,206,7,2,3,2,63,27,420,540,2,5
1057,8,597,10,1,3,1,45,35,60,180,3,5
1058,10,78,10,2,3,2,20,39,420,540,1,5
1059,1,500,2,1,3,2,65,11,0,300,3,5
1060,10,258,10,2,3,1,40,1,300,420,1,5
1061,8,485,10,1,3,1,4,100,0,300,1,5
1062,8,74,9,1,3,1,94,90,180,300,2,5
1063,14,591,15,2,3,1,39,71,60,180,4,5
1064,6,450,7,1,3,2,80,89,180,300,4,5
1065,12,515,14,2,3,1,14,27,180,300,1,5
1066,7,271,7,2,3,1,51,25,300,420,3,5
1067,12,239,13,1,3,1,72,8,180,300,2,5
1068,11,102,11,2,3,1,62,73,420,540,3,5
1069,12,25,12,1,3,1,59,21,60,180,4,5
1070,13,301,13,2,3,2,88,4,420,540,2,5
1071,6,295,6,2,3,1,74,60,300,420,1,5
1072,11,50,11,1,3,1,51,42,60,180,1,5
1073,7,442,8,1,3,2,94,9,60,180,4,5
1074,10,189,10,2,3,2,19,85,300,420,2,5
1075,3,158,5,1,3,1,43,16,0,300,1,5
1076,7,397,7,2,3,1,30,36,420,540,1,5
1077,2,588,4,1,3,2,11,94,180,300,3,5
1078,2,7,2,2,3,2,91,30,180,300,1,5
1079,14,27,15,2,3,1,79,83,0,300,1,5
1080,4,457,5,1,3,1,70,82,60,180,3,5
1081,5,420,5,2,3,2,39,30,420,540,3,5
1082,6,13,7,1,3,1,41,5,180,300,4,5
1083,8,132,9,2,3,2,27,68,300,600,3,5
1084,4,91,5,1,3,2,53,22,180,300,3,5
1085,6,447,7,1,3,2,14,82,0,300,1,5
1086,1,95,2,2,3,1,66,45,180,300,3,5
1087,9,363,10,2,3,2,14,47,60,180,2,5
1088,5,501,7,1,3,1,98,26,180,300,3,5
1089,6,49,7,1,3,1,86,88,180,300,3,5
1090,8,572,9,1,3,2,79,12,180,300,1,5
1091,12,472,13,2,3,1,5,68,180,300,1,5
1092,9,218,10,1,3,2,38,79,180,300,2,5
1093,13,223,13,2,3,2,42,59,420,540,3,5
1094,2,279,2,2,3,2,100,90,300,420,4,5
1095,7,260,8,1,3,1,21,60,180,300,4,5
1096,10,548,11,1,3,2,49,23,60,180,1,5
1097,12,525,14,1,3,1,50,50,180,300,3,5
1098,6,412,8,1,3,2,47,92,180,300,1,5
1099,12,331,13,1,3,1,3,60,0,300,1,5
1100,13,387,14,1,3,1,46,35,180,300,4,5
1101,7,230,8,1,3,2,72,79,60,180,4,5
1102,8,165,8,2,3,1,60,90,420,540,3,5
1103,2,253,2,2,3,1,34,83,300,420,2,5
1104,3,482,5,2,3,1,33,18,0,300,3,5
1105,8,511,9,2,3,2,6,68,60,180,1,5
1106,9,56,11,1,3,2,82,40,60,180,1,5
1107,10,565,12,2,3,2,13,84,60,180,3,5
1108,6,241,7,2,3,2,25,73,300,420,1,5
1109,13,326,13,2,3,2,19,59,420,540,2,5
1110,2,171,4,1,3,2,6,36,60,180,3,5
1111,2,447,4,2,3,2,97,67,60,180,4,5
1112,14,592,16,1,3,2,71,28,60,180,4,5
1113,2,519,4,1,3,1,10,53,60,180,1,5
1114,9,419,9,2,3,1,93,3,420,540,2,5
1115,4,465,5,1,3,1,94,56,60,180,3,5
1116,8,120,8,2,3,1,24,53,180,300,4,5
1117,11,244,11,2,3,1,6,4,420,540,3,5
1118,6,14,6,2,3,2,36,46,60,180,4,5
1119,5,189,7,1,3,1,30,34,180,300,2,5
1120,1,547,2,2,3,2,5,13,0,300,3,5
1121,6,580,8,2,3,2,24,78,0,300,3,5
1122,3,501,4,2,3,2,29,11,420,540,2,5
1123,3,480,5,2,3,2,100,87,420,540,3,5
1124,11,205,11,2,3,1,88,60,420,540,4,5
1125,11,13,11,2,3,2,53,7,180,300,3,5
1126,12,235,13,2,3,2,94,31,300,420,2,5
1127,9,436,10,2,3,1,89,62,420,540,3,5
1128,6,570,8,2,3,1,4,30,60,180,1,5
1129,13,153,14,2,3,1,34,31,300,420,3,5
1130,2,551,4,1,3,2,29,54,0,300,2,5
1131,3,379,3,2,3,1,53,45,420,540,1,5
1132,9,581,10,1,3,1,98,66,180,300,1,5
1133,14,333,14,2,3,1,11,80,420,540,4,5
1134,11,457,13,2,3,1,66,34,300,420,4,5
1135,3,462,4,1,3,1,74,40,180,300,3,5
1136,9,415,10,2,3,1,98,80,300,600,4,5
1137,1,330,1,2,3,1,33,19,420,540,1,5
1138,7,47,7,2,3,1,28,25,300,420,1,5
1139,11,83,11,2,3,1,22,64,300,600,3,5
1140,8,579,9,1,3,1,31,38,0,300,2,5
1141,11,109,12,2,3,1,67,60,60,180,4,5
1142,13,593,15,1,3,2,11,3,0,300,1,5
1143,4,194,4,2,3,1,21,35,420,540,4,5
1144,6,239,6,2,3,1,62,8,420,540,3,5
1145,12,0,13,1,3,1,93,16,60,180,2,5
1146,1,535,2,1,3,1,11,39,0,300,2,5
1147,14,263,14,2,3,1,18,59,420,540,3,5
1148,3,561,4,1,3,2,50,59,0,300,1,5
1149,13,82,13,1,3,1,88,0,180,300,1,5
1150,5,260,6,2,3,1,46,30,60,180,2,5
1151,6,5,6,1,3,1,88,81,60,180,4,5
1152,7,25,8,2,3,1,48,28,0,300,1,5
1153,6,117,6,2,3,2,100,15,420,540,3,5
1154,7,84,7,2,3,1,75,74,180,300,2,5
1155,7,152,7,1,3,1,61,75,180,300,2,5
1156,6,385,7,2,3,1,94,76,180,300,2,5
1157,1,362,2,1,3,2,80,70,60,180,4,5
1158,4,554,5,1,3,2,8,78,60,180,3,5
1159,7,563,8,1,3,2,9,85,0,300,1,5
1160,5,2,5,2,3,2,70,1,420,540,2,5
1161,6,83,6,1,3,1,45,77,180,300,3,5
1162,10,227,10,2,3,2,14,9,300,600,1,5
1163,4,480,6,1,3,1,71,63,60,180,2,5
1164,10,76,11,1,3,1,13,68,180,300,2,5
1165,13,558,14,1,3,1,26,21,60,180,4,5
1166,7,526,8,2,3,2,45,55,300,420,2,5
1167,11,210,12,1,3,1,1,35,60,180,3,5
1168,2,324,3,1,3,2,17,36,60,180,4,5
1169,3,333,3,2,3,1,64,29,420,540,1,5
1170,13,361,13,2,3,2,48,67,420,540,2,5
1171,6,346,6,2,3,1,50,97,420,540,3,5
1172,10,306,11,1,3,2,26,10,0,300,3,5
1173,11,304,12,1,3,2,58,94,60,180,4,5
1174,7,227,7,2,3,2,80,86,420,540,1,5
1175,9,408,10,1,3,1,84,31,0,300,4,5
1176,6,435,8,1,3,2,42,82,0,300,1,5
1177,1,486,3,1,3,2,68,100,60,180,2,5
1178,8,252,8,2,3,1,57,40,300,420,1,5
1179,4,587,5,2,3,1,87,47,300,420,2,5
1180,5,144,5,1,3,2,87,5,180,300,1,5
1181,9,351,9,2,3,2,38,58,420,540,3,5
1182,12,90,12,1,3,1,87,95,180,300,3,5
1183,2,71,3,2,3,1,74,37,420,540,2,5
1184,13,136,13,1,3,2,1,56,180,300,4,5
1185,9,317,10,1,3,2,23,7,180,300,3,5
1186,12,467,14,1,3,1,68,48,0,300,3,5
1187,8,518,9,2,3,1,12,6,60,180,1,5
1188,12,96,13,1,3,2,19,13,0,300,4,5
1189,4,197,4,2,3,2,86,99,300,420,4,5
1190,5,261,5,2,3,2,39,12,420,540,1,5
1191,4,399,5,1,3,2,67,50,60,180,4,5
1192,9,391,9,2,3,2,8,43,420,540,2,5
1193,6,13,6,2,3,1,55,19,180,300,4,5
1194,9,49,9,1,3,2,77,60,60,180,3,5
1195,4,445,6,1,3,1,11,0,60,180,2,5
1196,13,586,15,1,3,2,57,32,180,300,3,5
1197,5,188,7,1,3,1,28,86,0,300,3,5
1198,5,209,6,2,3,2,86,38,300,600,2,5
1199,5,381,5,2,3,1,38,63,420,540,3,5
1200,2,525,4,2,3,1,36,42,180,300,4,5
1201,12,508,13,1,3,2,61,51,0,300,3,5
1202,2,179,2,2,3,2,22,87,420,540,3,5
1203,8,188,9,2,3,1,22,74,300,600,4,5
1204,14,423,16,1,3,2,39,19,180,300,2,5
1205,11,326,12,2,3,1,7,25,0,300,4,5
1206,2,424,3,1,3,1,52,72,180,300,4,5
1207,6,582,8,1,3,1,36,96,60,180,4,5
1208,14,572,16,1,3,1,95,13,0,300,4,5
1209,5,163,5,2,3,2,53,90,420,540,4,5
1210,6,400,6,2,3,1,17,93,420,540,1,5
1211,11,90,12,1,3,1,71,71,180,300,4,5
1212,1,26,2,2,3,1,84,81,180,300,1,5
1213,2,277,3,1,3,2,74,61,60,180,2,5
1214,12,339,13,1,3,2,27,89,0,300,3,5
1215,13,472,15,1,3,2,10,85,0,300,2,5
1216,13,260,14,2,3,1,90,89,0,300,3,5
1217,9,266,10,1,3,1,2,86,0,300,2,5
1218,10,83,10,1,3,1,79,93,180,300,1,5
1219,10,428,12,1,3,2,66,81,60,180,3,5
1220,12,8,12,1,3,2,61,54,60,180,1,5
1221,3,548,5,1,3,1,54,22,180,300,2,5
1222,4,405,5,2,3,1,22,53,60,180,2,5
1223,10,447,11,1,3,2,9,2,180,300,1,5
1224,3,379,3,2,3,1,12,42,420,540,3,5
1225,2,112,4,2,3,2,3,97,60,180,4,5
1226,13,161,13,1,3,2,23,78,180,300,1,5
1227,5,345,5,2,3,2,26,54,420,540,3,5
1228,4,508,5,1,3,2,49,63,180,300,4,5
1229,11,37,11,1,3,2,42,10,60,180,1,5
1230,1,407,1,2,3,2,55,66,420,540,1,5
1231,14,52,14,1,3,1,28,54,60,180,3,5
1232,11,502,13,1,3,2,85,8,180,300,1,5
1233,8,311,8,2,3,2,9,44,420,540,2,5
1234,4,589,5,1,3,2,62,50,0,300,2,5
1235,2,431,3,1,3,2,11,29,180,300,2,5
1236,9,345,9,2,3,2,79,74,420,540,3,5
1237,13,416,13,2,3,2,49,95,420,540,3,5
1238,8,580,9,2,3,2,29,17,180,300,2,5
1239,11,182,12,1,3,1,6,83,180,300,2,5
1240,4,267,4,2,3,2,70,63,300,420,1,5
1241,6,111,6,2,3,1,58,18,300,600,3,5
1242,7,346,7,2,3,1,57,99,420,540,1,5
1243,1,158,2,2,3,1,32,88,0,300,3,5
1244,10,133,10,1,3,1,23,36,180,300,3,5
1245,9,553,11,2,3,1,0,80,300,420,1,5
1246,9,147,9,2,3,2,46,72,180,300,2,5
1247,13,0,13,1,3,1,83,45,60,180,1,5
1248,3,496,4,1,3,2,28,31,180,300,1,5
1249,11,348,11,2,3,1,73,69,420,540,1,5
1250,12,84,13,2,3,2,15,51,300,420,3,5
1251,8,511,9,1,3,1,38,54,180,300,2,5
1252,8,513,9,1,3,1,84,17,0,300,3,5
1253,3,594,4,1,3,2,14,77,180,300,3,5
1254,2,23,2,2,3,2,59,2,420,540,3,5
1255,10,473,11,2,3,2,28,18,300,420,4,5
1256,8,310,9,1,3,1,54,79,60,180,4,5
1257,13,181,13,2,3,1,25,1,420,540,1,5
1258,9,3,9,2,3,1,14,44,300,420,4,5
1259,4,234,4,2,3,1,21,29,300,600,3,5
1260,13,587,14,2,3,2,67,15,420,540,3,5
1261,7,230,7,2,3,1,42,85,420,540,3,5
1262,6,421,7,1,3,1,94,74,60,180,1,5
1263,14,332,14,2,3,1,40,22,420,540,3,5
1264,6,568,8,1,3,1,92,35,0,300,3,5
1265,5,247,6,1,3,2,97,58,0,300,2,5
1266,13,299,13,2,3,1,83,56,300,420,4,5
1267,11,280,11,2,3,1,69,23,420,540,3,5
1268,3,573,4,1,3,1,0,99,180,300,1,5
1269,6,482,8,1,3,2,58,50,60,180,2,5
1270,13,527,15,1,3,1,0,49,180,300,3,5
1271,12,249,12,2,3,1,9,4,300,420,4,5
1272,2,224,4,2,3,2,74,11,420,540,2,5
1273,13,346,13,2,3,2,63,14,420,540,4,5
1274,6,555,8,1,3,2,29,89,0,300,2,5
1275,10,513,11,2,3,1,46,32,300,600,1,5
1276,6,342,6,2,3,2,9,11,420,540,4,5
1277,2,339,4,1,3,2,0,92,0,300,3,5
1278,8,319,9,1,3,1,30,89,180,300,1,5
1279,1,328,2,1,3,2,41,16,60,180,4,5
1280,9,248,9,2,3,2,82,98,420,540,1,5
1281,13,386,14,1,3,1,93,10,180,300,3,5
1282,6,220,6,2,3,1,19,74,420,540,2,5
1283,5,117,5,1,3,2,88,4,180,300,4,5
1284,14,444,15,2,3,1,58,82,420,540,2,5
1285,7,192,7,2,3,1,30,71,300,420,1,5
1286,1,150,1,1,3,1,68,73,180,300,3,5
1287,2,18,2,2,3,2,21,41,180,300,1,5
1288,5,578,6,1,3,2,91,97,60,180,4,5
1289,7,27,7,2,3,1,11,47,300,420,3,5
1290,6,425,8,1,3,1,79,37,0,300,4,5
1291,5,184,6,1,3,1,92,17,180,300,3,5
1292,10,594,12,1,3,2,86,44,60,180,4,5
1293,5,286,6,2,3,1,55,30,420,540,3,5
1294,9,472,11,1,3,1,91,9,60,180,1,5
1295,6,129,7,1,3,1,4,22,60,180,4,5
1296,7,274,7,2,3,2,37,14,420,540,1,5
1297,2,54,2,2,3,2,5,69,300,420,1,5
1298,7,600,8,2,3,1,24,91,420,540,1,5
1299,10,517,11,2,3,2,3,70,300,600,1,5
1300,3,144,3,1,3,1,68,100,180,300,3,5
1301,14,443,15,1,3,1,66,32,0,300,3,5
1302,5,315,7,1,3,1,61,68,0,300,3,5
1303,1,297,2,1,3,2,98,43,0,300,4,5
1304,13,285,14,2,3,1,1,12,420,540,1,5
1305,14,418,14,2,3,1,83,85,420,540,1,5
1306,14,144,15,1,3,1,62,16,60,180,3,5
1307,5,111,6,1,3,2,9,92,60,180,1,5
1308,5,335,6,2,3,1,95,88,300,600,1,5
1309,9,458,11,1,3,2,72,38,180,300,1,5
1310,5,49,6,2,3,2,2,37,180,300,3,5
1311,7,112,8,1,3,2,25,63,0,300,1,5
1312,9,589,10,1,3,1,59,92,0,300,4,5
1313,11,455,12,1,3,2,65,93,180,300,2,5
1314,5,137,7,1,3,2,17,27,60,180,1,5
1315,11,594,13,1,3,1,18,78,60,180,4,5
1316,2,62,3,1,3,1,100,83,0,300,4,5
1317,11,580,13,1,3,1,42,75,60,180,3,5
1318,14,403,14,2,3,2,31,99,420,540,3,5
1319,11,67,11,2,3,1,64,54,300,420,3,5
1320,8,169,9,1,3,2,42,60,0,300,3,5
1321,1,248,1,2,3,2,20,39,300,600,2,5
1322,4,420,4,2,3,2,72,16,420,540,2,5
1323,12,147,13,1,3,2,93,56,180,300,1,5
1324,6,376,6,2,3,1,53,2,420,540,2,5
1325,7,126,7,1,3,1,100,95,180,300,3,5
1326,7,161,7,2,3,2,65,0,180,300,4,5
1327,9,214,9,2,3,1,26,56,300,600,1,5
1328,1,516,2,2,3,1,99,44,60,180,3,5
1329,9,80,10,1,3,2,55,0,60,180,3,5
1330,7,343,7,2,3,2,23,26,420,540,4,5
1331,7,15,7,2,3,1,0,32,60,180,4,5
1332,2,35,3,1,3,1,98,19,0,300,2,5
1333,11,253,11,2,3,2,42,74,300,600,3,5
1334,7,374,7,2,3,2,32,19,420,540,2,5
1335,1,278,1,2,3,2,22,50,300,600,4,5
1336,5,252,6,2,3,1,42,5,300,600,2,5
1337,6,161,6,2,3,2,40,87,420,540,3,5
1338,8,337,8,2,3,1,100,21,420,540,4,5
1339,8,207,8,2,3,2,25,85,420,540,4,5
1340,12,44,12,1,3,2,19,20,60,180,1,5
1341,12,496,14,1,3,1,66,77,0,300,3,5
1342,6,395,6,2,3,2,42,60,420,540,1,5
1343,5,131,5,2,3,2,11,5,180,300,2,5
1344,12,459,14,2,3,1,92,5,0,300,1,5
1345,9,235,9,2,3,2,63,58,420,540,3,5
1346,4,124,5,2,3,1,87,75,180,300,2,5
1347,9,203,9,2,3,1,44,88,300,600,1,5
1348,14,351,16,1,3,1,82,26,0,300,4,5
1349,7,330,7,2,3,1,72,43,420,540,2,5
1350,6,28,7,1,3,1,75,56,60,180,3,5
1351,12,182,12,2,3,2,95,18,300,600,3,5
1352,9,2,10,1,3,2,59,96,60,180,4,5
1353,12,375,13,1,3,2,19,59,60,180,4,5
1354,14,430,15,1,3,2,13,27,180,300,4,5
1355,12,132,12,1,3,2,76,21,180,300,4,5
1356,2,263,3,2,3,1,62,0,60,180,2,5
1357,9,547,11,1,3,2,55,30,60,180,3,5
1358,2,60,2,1,3,1,78,93,180,300,4,5
1359,14,388,15,1,3,1,17,81,0,300,2,5
1360,2,303,3,2,3,1,80,77,0,300,4,5
1361,10,188,10,2,3,2,42,61,300,600,2,5
1362,3,327,5,2,3,1,42,31,180,300,4,5
1363,4,152,5,2,3,2,80,96,180,300,1,5
1364,2,179,3,1,3,1,77,91,0,300,3,5
1365,13,325,13,2,3,2,29,58,420,540,3,5
1366,1,359,1,2,3,1,88,9,420,540,4,5
1367,8,35,9,1,3,2,34,22,0,300,3,5
1368,14,269,15,1,3,1,19,22,180,300,4,5
1369,2,565,4,2,3,2,69,6,180,300,2,5
1370,7,510,9,1,3,1,18,83,0,300,1,5
1371,6,366,6,2,3,1,42,23,420,540,3,5
1372,5,381,5,2,3,1,0,19,420,540,2,5
1373,11,207,11,2,3,2,87,73,420,540,4,5
1374,12,260,12,2,3,2,79,63,420,540,4,5
1375,11,74,11,2,3,2,19,6,420,540,2,5
1376,1,593,3,2,3,1,86,39,300,420,4,5
1377,2,152,2,1,3,1,90,62,180,300,1,5
1378,8,565,9,1,3,2,26,96,60,180,3,5
1379,13,213,13,2,3,1,63,49,300,420,1,5
1380,3,522,4,2,3,2,36,31,60,180,4,5
1381,14,451,16,2,3,2,82,85,180,300,2,5
1382,3,169,3,1,3,1,15,6,180,300,2,5
1383,14,25,14,1,3,2,5,99,60,180,3,5
1384,3,223,4,1,3,1,13,73,180,300,1,5
1385,11,414,11,2,3,2,62,87,420,540,3,5
1386,9,585,10,2,3,2,53,91,420,540,2,5
1387,12,192,13,2,3,2,24,79,300,600,1,5
1388,13,361,13,2,3,2,51,50,420,540,3,5
1389,1,305,2,1,3,2,53,70,0,300,2,5
1390,10,530,12,2,3,1,27,33,180,300,2,5
1391,1,214,1,2,3,1,79,60,300,420,2,5
1392,6,413,6,2,3,1,85,47,420,540,4,5
1393,8,157,9,2,3,2,89,29,300,420,3,5
1394,1,118,2,1,3,1,55,99,0,300,1,5
1395,12,442,14,1,3,1,98,91,60,180,4,5
1396,5,98,6,2,3,1,9,100,300,420,2,5
1397,7,256,7,2,3,2,30,100,420,540,1,5
1398,9,574,11,2,3,2,71,67,180,300,2,5
1399,5,172,6,1,3,2,42,53,180,300,3,5
1400,8,501,10,2,3,2,1,34,300,600,4,5
1401,2,219,2,2,3,1,54,86,300,420,1,5
1402,11,198,12,1,3,2,92,71,0,300,4,5
1403,7,275,7,2,3,1,63,39,300,420,1,5
1404,12,256,12,2,3,1,5,8,420,540,3,5
1405,4,336,4,2,3,2,26,57,420,540,4,5
1406,5,206,5,2,3,2,10,77,300,600,3,5
1407,6,587,7,2,3,2,89,87,180,300,4,5
1408,7,188,7,2,3,1,14,23,300,600,3,5
1409,1,340,1,2,3,2,10,68,420,540,2,5
1410,12,245,12,2,3,1,89,17,420,540,2,5
1411,3,477,5,1,3,1,54,98,60,180,4,5
1412,3,240,3,2,3,2,89,33,420,540,4,5
1413,8,158,8,2,3,2,50,3,180,300,1,5
1414,6,179,6,1,3,1,85,46,180,300,3,5
1415,9,127,9,1,3,2,5,61,180,300,4,5
1416,4,216,6,1,3,2,42,14,180,300,2,5
1417,2,358,2,2,3,2,10,82,420,540,3,5
1418,12,410,12,2,3,2,99,71,420,540,2,5
1419,10,265,11,1,3,1,55,56,180,300,2,5
1420,7,478,9,1,3,1,78,13,60,180,4,5
1421,1,202,2,2,3,1,1,36,180,300,2,5
1422,2,173,2,2,3,2,8,72,180,300,1,5
1423,7,50,7,1,3,1,67,13,60,180,2,5
1424,6,177,6,2,3,1,10,19,420,540,2,5
1425,7,570,9,1,3,1,65,8,180,300,3,5
1426,12,578,14,2,3,1,44,13,60,180,4,5
1427,6,501,8,2,3,1,35,34,300,600,3,5
1428,2,583,3,2,3,1,95,91,60,180,1,5
1429,10,439,12,1,3,2,44,47,0,300,3,5
1430,14,5,14,2,3,1,41,29,300,600,1,5
1431,13,394,14,1,3,1,61,43,0,300,2,5
1432,12,206,12,2,3,1,90,23,420,540,1,5
1433,14,279,14,2,3,2,12,94,300,420,1,5
1434,2,578,4,1,3,1,19,2,180,300,3,5
1435,6,1,6,1,3,2,41,25,60,180,4,5
1436,7,431,9,2,3,2,18,56,180,300,1,5
1437,12,151,12,1,3,2,39,8,180,300,3,5
1438,1,221,1,2,3,2,92,30,420,540,2,5
1439,12,499,13,2,3,1,80,56,300,420,4,5
1440,4,45,4,1,3,2,95,23,60,180,3,5
1441,4,35,5,1,3,2,59,50,60,180,4,5
1442,11,461,12,2,3,1,16,68,180,300,2,5
1443,6,27,7,2,3,1,11,21,180,300,4,5
1444,11,511,12,1,3,1,5,70,0,300,4,5
1445,5,128,5,1,3,2,9,32,180,300,2,5
1446,2,285,2,2,3,1,70,88,300,420,2,5
1447,10,21,11,1,3,1,15,14,0,300,2,5
1448,14,389,14,2,3,1,16,56,420,540,2,5
1449,7,495,8,1,3,1,82,20,60,180,1,5
1450,7,275,7,2,3,2,10,21,300,420,4,5
1451,2,85,2,2,3,1,26,7,420,540,1,5
1452,14,221,14,2,3,1,35,52,300,420,1,5
1453,4,566,6,1,3,2,99,82,60,180,4,5
1454,4,379,5,1,3,1,55,56,60,180,3,5
1455,5,184,5,2,3,1,58,46,300,600,1,5
1456,11,381,11,2,3,1,33,56,420,540,3,5
1457,9,329,9,2,3,2,25,86,420,540,2,5
1458,7,3,7,1,3,1,58,74,60,180,2,5
1459,5,428,6,1,3,1,32,51,60,180,2,5
1460,1,438,2,1,3,1,40,27,180,300,1,5
1461,9,219,9,2,3,2,56,8,420,540,4,5
1462,1,282,2,1,3,2,81,79,0,300,4,5
1463,13,596,14,1,3,1,43,21,180,300,2,5
1464,2,313,3,2,3,1,53,5,60,180,1,5
1465,3,405,3,2,3,1,2,29,420,540,1,5
1466,4,549,5,2,3,2,67,47,60,180,1,5
1467,6,8,6,1,3,1,26,56,60,180,3,5
1468,8,539,9,2,3,1,59,83,0,300,2,5
1469,2,581,3,1,3,2,79,34,0,300,1,5
1470,12,532,14,2,3,1,12,4,300,600,2,5
1471,4,256,4,2,3,2,58,78,420,540,3,5
1472,3,291,3,2,3,2,54,21,420,540,1,5
1473,9,481,11,1,3,2,37,42,180,300,1,5
1474,11,223,12,1,3,2,33,69,60,180,3,5
1475,10,381,11,2,3,2,20,11,0,300,1,5
1476,7,263,7,2,3,1,37,33,300,420,2,5
1477,2,348,2,2,3,2,68,92,420,540,1,5
1478,5,107,6,2,3,2,20,22,300,600,3,5
1479,11,277,13,1,3,2,40,1,60,180,3,5
1480,1,346,1,2,3,2,85,25,420,540,4,5
1481,9,319,9,2,3,2,72,14,420,540,3,5
1482,8,291,9,1,3,2,13,78,0,300,3,5
1483,13,101,13,1,3,2,52,36,180,300,1,5
1484,9,570,10,2,3,2,27,63,60,180,2,5
1485,7,270,7,2,3,1,8,47,300,600,2,5
1486,2,168,4,1,3,2,92,66,60,180,4,5
1487,2,379,2,2,3,2,42,23,420,540,2,5
1488,2,193,2,2,3,2,73,2,420,540,1,5
1489,9,222,9,2,3,2,84,6,420,540,2,5
1490,1,548,2,1,3,2,51,22,180,300,2,5
1491,7,364,7,2,3,1,87,53,420,540,3,5
1492,8,516,9,2,3,2,76,13,300,600,1,5
1493,11,39,12,1,3,2,41,97,180,300,4,5
1494,2,217,3,1,3,2,47,47,60,180,2,5
1495,13,10,14,1,3,2,18,17,60,180,3,5
1496,12,549,13,1,3,2,84,74,180,300,2,5
1497,11,404,11,2,3,2,72,1,420,540,3,5
1498,3,120,3,1,3,2,95,56,180,300,1,5
1499,5,526,7,1,3,1,65,55,0,300,1,5
1500,11,199,11,2,3,1,28,41,420,540,4,5
1501,10,438,12,2,3,2,30,8,420,540,1,5
1502,12,319,12,2,3,2,47,72,420,540,4,5
1503,10,237,10,2,3,2,95,63,420,540,3,5
1504,6,296,6,2,3,1,1,71,420,540,2,5
1505,7,148,7,1,3,2,64,83,180,300,1,5
1506,5,287,5,2,3,1,80,98,300,420,3,5
1507,4,355,4,2,3,1,90,26,420,540,4,5
1508,10,196,11,1,3,2,50,63,180,300,2,5
1509,5,212,6,1,3,1,26,4,180,300,2,5
1510,14,437,15,2,3,2,24,4,420,540,2,5
1511,1,493,2,1,3,1,4,0,180,300,1,5
1512,4,222,5,1,3,2,75,41,180,300,2,5
1513,6,315,6,2,3,1,52,90,420,540,2,5
1514,2,111,2,1,3,2,74,13,180,300,1,5
1515,12,81,12,2,3,1,70,13,420,540,3,5
1516,7,183,8,1,3,2,41,60,180,300,1,5
1517,5,208,5,2,3,1,22,79,300,600,2,5
1518,12,309,12,2,3,2,7,64,420,540,4,5
1519,12,236,13,2,3,1,78,73,60,180,3,5
1520,3,8,4,2,3,2,25,3,60,180,4,5
1521,12,324,12,2,3,2,50,16,420,540,4,5
1522,5,138,5,1,3,1,50,68,180,300,2,5
1523,12,76,14,1,3,1,89,80,60,180,3,5
1524,3,138,4,1,3,2,85,27,0,300,1,5
1525,11,93,12,2,3,2,58,16,0,300,2,5
1526,11,561,12,2,3,1,91,0,60,180,2,5
1527,3,595,4,1,3,2,91,31,0,300,4,5
1528,10,582,11,1,3,1,46,21,0,300,2,5
1529,13,253,13,2,3,1,51,68,420,540,2,5
1530,2,237,2,2,3,2,21,71,300,600,3,5
1531,8,58,8,1,3,1,58,11,60,180,4,5
1532,3,143,3,1,3,1,36,22,180,300,4,5
1533,7,596,9,2,3,1,58,4,420,540,4,5
1534,8,598,9,1,3,1,9,21,180,300,1,5
1535,12,264,13,2,3,1,58,79,180,300,4,5
1536,2,144,3,1,3,2,67,76,180,300,2,5
1537,6,551,7,1,3,2,4,38,0,300,4,5
1538,2,109,2,1,3,1,57,28,180,300,3,5
1539,12,63,12,1,3,1,25,96,180,300,2,5
1540,12,124,12,1,3,1,85,78,180,300,2,5
1541,14,479,16,1,3,1,70,49,60,180,4,5
1542,6,207,6,2,3,2,57,12,420,540,4,5
1543,9,420,10,2,3,1,44,34,300,600,1,5
1544,1,424,2,1,3,2,24,85,60,180,1,5
1545,14,505,16,2,3,1,15,45,60,180,3,5
1546,7,527,8,1,3,2,20,42,180,300,4,5
1547,2,352,3,1,3,2,22,53,0,300,1,5
1548,11,140,11,2,3,1,100,71,180,300,1,5
1549,10,89,11,1,3,2,79,31,0,300,2,5
1550,4,597,6,2,3,2,83,12,420,540,2,5
1551,2,336,3,2,3,1,43,25,420,540,1,5
1552,14,385,14,2,3,2,50,13,420,540,4,5
1553,4,497,6,2,3,1,90,11,60,180,2,5
1554,12,426,13,1,3,2,85,71,60,180,1,5
1555,7,582,8,2,3,2,0,2,0,300,4,5
1556,8,141,8,2,3,1,87,71,180,300,2,5
1557,6,216,7,2,3,1,42,79,0,300,4,5
1558,3,364,3,2,3,2,51,93,420,540,3,5
1559,2,475,4,2,3,2,92,27,420,540,1,5
1560,7,215,7,2,3,1,48,93,300,420,2,5
1561,3,582,5,2,3,2,67,7,300,420,4,5
1562,10,275,10,2,3,1,64,55,420,540,2,5
1563,6,555,7,1,3,1,100,1,60,180,1,5
1564,10,261,12,2,3,1,9,67,300,420,2,5
1565,13,562,15,1,3,2,36,90,180,300,1,5
1566,8,391,9,1,3,1,19,25,180,300,3,5
1567,5,499,7,1,3,1,74,49,180,300,1,5
1568,6,66,7,1,3,2,41,72,60,180,4,5
1569,13,385,13,2,3,2,63,56,420,540,3,5
1570,9,99,9,1,3,2,37,78,180,300,2,5
1571,1,280,1,2,3,1,37,29,420,540,1,5
1572,3,349,4,1,3,1,20,29,0,300,1,5
1573,7,66,7,1,3,1,44,92,180,300,2,5
1574,13,248,15,1,3,1,3,63,180,300,3,5
1575,8,581,9,1,3,1,10,10,60,180,3,5
1576,4,504,6,1,3,2,3,94,0,300,1,5
1577,5,564,6,2,3,2,65,70,300,600,4,5
1578,8,487,9,1,3,2,15,74,0,300,2,5
1579,6,206,7,2,3,1,23,46,0,300,3,5
1580,3,468,4,1,3,1,53,61,60,180,4,5
1581,2,184,4,1,3,1,27,93,180,300,2,5
1582,14,526,15,1,3,2,29,72,0,300,3,5
1583,5,419,5,2,3,2,34,30,420,540,4,5
1584,14,136,14,2,3,1,18,37,180,300,1,5
1585,5,118,5,2,3,1,10,42,420,540,3,5
1586,1,72,2,2,3,1,57,23,60,180,3,5
1587,10,284,10,2,3,1,57,92,420,540,3,5
1588,3,490,5,2,3,1,60,60,180,300,2,5
1589,14,294,14,2,3,2,84,0,300,600,2,5
1590,10,370,10,2,3,2,81,60,420,540,1,5
1591,11,217,11,2,3,1,5,94,420,540,3,5
1592,6,77,6,2,3,2,41,79,420,540,3,5
1593,1,178,1,1,3,1,77,83,180,300,3,5
1594,9,307,11,1,3,2,66,73,180,300,1,5
1595,3,149,3,2,3,1,46,96,420,540,1,5
1596,14,321,14,2,3,2,47,33,420,540,1,5
1597,13,486,14,2,3,1,9,9,0,300,2,5
1598,11,543,12,2,3,1,60,66,300,420,2,5
1599,12,379,13,1,3,1,57,36,0,300,4,5
1600,10,335,10,2,3,1,28,49,420,540,2,5
1601,14,223,15,1,3,1,1,2,180,300,1,5
1602,3,112,4,2,3,2,80,61,0,300,1,5
1603,10,336,11,1,3,1,21,5,0,300,1,5
1604,11,479,12,1,3,2,34,97,60,180,1,5
1605,9,259,10,1,3,1,51,52,60,180,4,5
1606,8,96,9,1,3,2,71,31,60,180,4,5
1607,7,169,7,1,3,2,39,62,180,300,4,5
1608,1,270,2,2,3,2,53,41,0,300,4,5
1609,13,126,14,1,3,1,42,14,0,300,4,5
1610,2,429,4,1,3,2,18,52,180,300,1,5
1611,7,414,8,1,3,1,48,11,180,300,2,5
1612,9,476,10,1,3,1,7,96,0,300,3,5
1613,5,276,6,1,3,2,94,56,180,300,1,5
1614,3,454,5,2,3,2,40,91,420,540,4,5
1615,6,534,8,2,3,1,64,10,420,540,1,5
1616,10,501,11,1,3,2,54,42,60,180,4,5
1617,10,10,11,1,3,1,13,90,180,300,3,5
1618,4,2,4,2,3,1,30,15,180,300,2,5
1619,13,151,14,2,3,2,31,74,420,540,4,5
1620,8,14,9,2,3,1,62,89,420,540,1,5
1621,10,240,10,2,3,1,80,57,300,600,1,5
1622,11,532,12,2,3,1,59,45,420,540,2,5
1623,11,473,12,2,3,2,4,20,420,540,1,5
1624,5,135,5,1,3,1,42,0,180,300,2,5
1625,7,241,7,2,3,1,98,69,300,600,3,5
1626,6,220,7,1,3,2,96,52,180,300,3,5
1627,9,235,10,1,3,2,28,14,60,180,1,5
1628,2,379,3,2,3,2,11,6,420,540,4,5
1629,2,527,3,1,3,2,78,92,0,300,2,5
1630,3,200,3,2,3,1,30,35,300,420,4,5
1631,11,280,12,1,3,1,90,36,0,300,1,5
1632,8,378,10,1,3,1,83,89,0,300,2,5
1633,13,442,15,1,3,2,38,30,180,300,2,5
1634,6,195,7,1,3,2,29,26,0,300,4,5
1635,2,68,3,1,3,2,13,0,60,180,1,5
1636,13,348,13,2,3,2,1,63,420,540,3,5
1637,7,589,8,2,3,2,20,85,180,300,2,5
1638,11,76,11,2,3,2,88,12,420,540,2,5
1639,6,444,7,2,3,1,44,50,180,300,1,5
1640,4,389,4,2,3,2,77,100,420,540,2,5
1641,3,358,4,2,3,1,86,0,420,540,1,5
1642,12,469,13,2,3,2,70,92,180,300,2,5
1643,11,156,11,2,3,1,44,11,180,300,4,5
1644,9,262,9,2,3,1,100,52,300,420,2,5
1645,1,234,2,1,3,2,29,51,180,300,3,5
1646,12,8,12,2,3,2,86,94,180,300,1,5
1647,7,444,8,2,3,1,1,93,0,300,2,5
1648,1,322,2,1,3,1,43,80,60,180,2,5
1649,1,401,1,2,3,2,98,69,420,540,2,5
1650,2,244,2,2,3,2,0,22,420,540,4,5
1651,4,1,6,1,3,1,74,79,0,300,1,5
1652,8,182,9,1,3,1,87,44,60,180,1,5
1653,1,348,1,2,3,2,24,95,420,540,4,5
1654,13,120,14,2,3,2,60,55,0,300,2,5
1655,8,163,9,1,3,2,9,7,180,300,1,5
1656,7,71,7,1,3,1,87,98,180,300,4,5
1657,13,184,14,1,3,2,28,57,60,180,1,5
1658,7,270,7,2,3,1,81,82,300,420,4,5
1659,12,549,14,1,3,2,92,91,0,300,4,5
1660,12,227,13,2,3,2,89,93,0,300,1,5
1661,13,255,14,1,3,1,77,94,60,180,4,5
1662,10,184,10,2,3,2,22,30,420,540,4,5
1663,12,121,12,1,3,2,45,35,180,300,1,5
1664,13,100,13,2,3,2,92,84,420,540,1,5
1665,12,224,13,2,3,2,8,10,180,300,4,5
1666,12,597,14,1,3,1,34,69,180,300,3,5
1667,13,78,13,1,3,1,39,79,180,300,2,5
1668,1,532,3,2,3,2,13,1,60,180,1,5
1669,1,496,2,1,3,2,57,94,180,300,1,5
1670,4,577,5,1,3,2,58,89,180,300,1,5
1671,4,276,4,2,3,1,100,33,420,540,1,5
1672,14,441,16,2,3,2,40,13,180,300,4,5
1673,14,284,15,1,3,2,86,14,60,180,3,5
1674,7,508,8,1,3,2,79,93,0,300,3,5
1675,10,345,10,2,3,1,100,40,420,540,2,5
1676,5,202,5,2,3,2,79,88,420,540,4,5
1677,10,531,12,1,3,1,6,66,180,300,2,5
1678,10,383,11,2,3,2,17,2,300,600,2,5
1679,5,50,5,2,3,2,30,33,420,540,2,5
1680,4,96,4,1,3,1,13,17,180,300,1,5
1681,4,200,4,2,3,2,69,2,420,540,1,5
1682,8,543,10,2,3,2,35,59,0,300,2,5
1683,4,36,4,1,3,1,67,15,60,180,1,5
1684,7,29,8,1,3,1,54,56,60,180,4,5
1685,13,496,14,1,3,1,1,96,60,180,3,5
1686,3,408,3,2,3,2,40,33,420,540,1,5
1687,7,100,8,1,3,2,82,83,0,300,2,5
1688,13,189,14,1,3,1,54,81,0,300,1,5
1689,13,167,13,1,3,2,77,16,180,300,1,5
1690,1,113,2,2,3,1,14,42,180,300,3,5
1691,4,254,4,2,3,2,37,87,300,600,4,5
1692,3,582,4,1,3,1,85,25,0,300,2,5
1693,2,93,2,1,3,2,44,87,180,300,4,5
1694,12,94,12,1,3,2,40,19,180,300,1,5
1695,13,547,14,1,3,1,20,77,0,300,2,5
1696,8,49,8,1,3,2,10,86,60,180,1,5
1697,14,24,15,2,3,1,90,73,180,300,3,5
1698,5,4,6,2,3,2,67,31,300,420,4,5
1699,5,17,5,1,3,2,50,63,60,180,3,5
1700,1,170,2,1,3,1,96,1,0,300,3,5
1701,11,31,13,1,3,2,49,78,60,180,4,5
1702,12,19,12,2,3,1,88,65,300,600,4,5
1703,7,239,7,2,3,1,88,7,420,540,2,5
1704,10,262,10,2,3,2,0,94,300,600,3,5
1705,11,423,12,2,3,2,98,92,300,600,3,5
1706,9,519,11,1,3,1,37,72,0,300,2,5
1707,8,166,8,2,3,2,97,2,300,420,1,5
1708,11,60,12,1,3,2,67,21,180,300,2,5
1709,10,449,12,2,3,1,74,31,420,540,1,5
1710,4,271,4,2,3,2,79,52,300,420,1,5
1711,2,583,4,2,3,1,30,77,0,300,1,5
1712,9,271,10,1,3,1,13,32,180,300,3,5
1713,14,291,15,2,3,2,25,20,60,180,3,5
1714,11,323,11,2,3,1,99,71,420,540,3,5
1715,12,148,13,2,3,2,72,16,60,180,4,5
1716,9,110,10,2,3,1,47,45,300,600,1,5
1717,12,541,14,1,3,1,56,32,60,180,4,5
1718,3,101,4,1,3,1,50,48,60,180,2,5
1719,10,513,11,1,3,1,51,88,180,300,2,5
1720,1,573,2,2,3,2,54,88,420,540,1,5
1721,1,370,1,2,3,1,60,59,420,540,2,5
1722,5,489,7,1,3,1,31,79,60,180,1,5
1723,6,272,7,2,3,1,55,17,300,420,4,5
1724,14,65,15,2,3,1,97,35,300,600,2,5
1725,4,127,5,1,3,2,26,58,60,180,1,5
1726,10,101,10,1,3,2,0,48,180,300,3,5
1727,8,485,10,2,3,1,60,21,300,420,1,5
1728,10,554,12,2,3,1,12,49,180,300,3,5
1729,10,395,11,2,3,2,9,32,0,300,4,5
1730,9,572,11,1,3,2,46,11,0,300,1,5
1731,14,420,14,2,3,1,44,17,420,540,1,5
1732,10,341,11,1,3,1,1,35,60,180,2,5
1733,13,22,14,2,3,2,91,1,0,300,1,5
1734,1,42,1,2,3,2,23,19,0,300,4,5
1735,11,140,11,1,3,1,9,45,180,300,2,5
1736,14,596,16,1,3,1,56,51,0,300,1,5
1737,2,345,2,2,3,2,44,87,420,540,4,5
1738,13,544,14,2,3,2,41,49,300,420,3,5
1739,13,363,13,2,3,1,20,55,420,540,4,5
1740,2,595,3,1,3,1,1,6,60,180,3,5
1741,6,235,6,2,3,2,40,41,420,540,3,5
1742,9,354,9,2,3,1,83,30,420,540,2,5
1743,14,567,16,1,3,2,21,68,0,300,3,5
1744,12,426,13,1,3,2,93,27,0,300,2,5
1745,6,269,6,2,3,2,43,81,300,600,2,5
1746,4,17,4,1,3,1,65,50,60,180,2,5
1747,2,229,2,2,3,1,78,76,420,540,1,5
1748,12,469,14,2,3,2,87,34,420,540,3,5
1749,9,280,10,1,3,1,93,54,0,300,4,5
1750,4,586,5,1,3,1,2,23,0,300,3,5
1751,4,26,5,1,3,1,32,37,0,300,1,5
1752,13,518,14,2,3,1,43,9,0,300,4,5
1753,2,398,3,2,3,2,64,36,0,300,2,5
1754,3,307,3,2,3,2,30,64,420,540,3,5
1755,5,529,7,1,3,2,17,94,60,180,1,5
1756,14,282,14,2,3,1,68,56,300,600,2,5
1757,4,196,4,2,3,1,63,57,300,420,1,5
1758,9,17,10,1,3,1,34,93,0,300,2,5
1759,11,272,11,2,3,2,23,25,300,420,3,5
1760,11,226,11,2,3,2,39,37,420,540,4,5
1761,5,498,6,2,3,2,98,63,60,180,4,5
1762,8,105,8,2,3,1,12,85,300,420,2,5
1763,7,134,7,1,3,2,30,45,180,300,2,5
1764,4,203,4,2,3,2,80,34,420,540,3,5
1765,6,180,7,2,3,2,8,46,180,300,3,5
1766,8,267,9,1,3,1,91,68,0,300,3,5
1767,2,45,2,2,3,2,93,47,60,180,4,5
1768,9,400,9,2,3,2,66,97,420,540,3,5
1769,9,458,11,1,3,2,20,23,180,300,3,5
1770,3,588,5,1,3,2,57,37,60,180,3,5
1771,11,118,12,1,3,2,69,66,60,180,1,5
1772,13,368,13,2,3,1,52,75,420,540,2,5
1773,2,401,2,2,3,1,53,94,420,540,4,5
1774,5,591,6,1,3,2,29,29,60,180,2,5
1775,3,3,3,1,3,2,48,43,60,180,4,5
1776,11,450,12,1,3,2,25,34,0,300,3,5
1777,10,587,11,2,3,1,46,96,0,300,2,5
1778,14,428,16,1,3,2,72,88,180,300,1,5
1779,1,179,2,2,3,2,9,1,0,300,4,5
1780,2,261,2,2,3,1,74,62,420,540,3,5
1781,11,443,12,2,3,1,33,60,300,600,4,5
1782,6,333,6,2,3,2,49,15,420,540,1,5
1783,7,167,7,1,3,2,84,89,180,300,1,5
1784,1,495,3,2,3,1,40,97,300,420,2,5
1785,6,551,7,2,3,1,10,51,420,540,1,5
1786,1,468,2,1,3,2,100,88,0,300,1,5
1787,12,546,14,2,3,1,93,100,0,300,4,5
1788,14,62,15,2,3,2,93,76,180,300,4,5
1789,7,236,7,2,3,1,15,7,420,540,3,5
1790,9,590,10,1,3,1,23,67,60,180,1,5
1791,12,231,12,2,3,2,93,24,300,600,1,5
1792,7,271,8,2,3,1,48,15,60,180,1,5
1793,13,244,13,2,3,2,19,10,300,420,4,5
1794,11,152,11,1,3,2,70,99,180,300,4,5
1795,5,403,5,2,3,2,97,16,420,540,4,5
1796,1,214,1,2,3,1,60,84,420,540,4,5
1797,12,150,12,2,3,2,45,29,420,540,3,5
1798,4,174,4,1,3,2,29,57,180,300,2,5
1799,13,462,14,1,3,2,51,65,180,300,1,5
1800,13,270,13,2,3,2,74,81,420,540,1,5
1801,2,188,2,2,3,2,56,11,420,540,1,5
1802,6,36,7,1,3,2,84,11,180,300,1,5
1803,3,157,4,1,3,1,65,79,60,180,4,5
1804,6,547,7,1,3,1,68,36,60,180,3,5
1805,14,568,16,2,3,1,32,100,60,180,4,5
1806,6,17,6,1,3,1,76,6,60,180,4,5
1807,9,514,11,1,3,1,67,41,0,300,1,5
1808,11,262,11,2,3,2,60,41,300,600,3,5
1809,13,369,14,2,3,1,83,59,180,300,4,5
1810,1,216,1,2,3,2,72,23,300,600,1,5
1811,5,226,5,2,3,2,16,70,420,540,4,5
1812,14,518,15,1,3,2,29,20,180,300,1,5
1813,1,106,1,1,3,1,87,76,180,300,4,5
1814,2,336,2,2,3,2,7,10,420,540,3,5
1815,6,44,6,1,3,2,56,52,60,180,4,5
1816,9,429,11,1,3,2,57,51,60,180,1,5
1817,9,62,9,2,3,2,43,57,180,300,3,5
1818,10,246,10,2,3,2,20,74,420,540,3,5
1819,5,155,6,2,3,1,0,59,180,300,2,5
1820,14,47,14,1,3,2,58,70,60,180,2,5
1821,10,15,10,1,3,1,64,20,60,180,4,5
1822,4,100,5,1,3,1,50,81,0,300,1,5
1823,12,131,12,1,3,1,56,50,180,300,1,5
1824,9,43,9,1,3,1,70,90,60,180,1,5
1825,7,85,7,1,3,2,39,8,180,300,4,5
1826,4,416,5,1,3,2,57,17,0,300,2,5
1827,13,556,14,1,3,1,72,77,0,300,4,5
1828,6,248,8,2,3,2,7,7,420,540,3,5
1829,4,323,4,2,3,2,4,95,420,540,3,5
1830,14,505,15,2,3,2,4,56,0,300,1,5
1831,3,321,3,2,3,2,59,50,420,540,4,5
1832,6,515,8,1,3,2,82,40,0,300,2,5
1833,5,435,7,1,3,2,81,34,60,180,1,5
1834,12,87,12,2,3,2,46,35,300,420,1,5
1835,11,275,12,1,3,2,50,84,180,300,2,5
1836,7,123,8,1,3,2,99,39,60,180,2,5
1837,14,480,16,1,3,1,15,40,180,300,3,5
1838,7,181,7,2,3,1,100,93,300,600,1,5
1839,5,91,5,1,3,1,81,100,180,300,2,5
1840,7,289,7,2,3,1,4,100,300,420,3,5
1841,11,193,12,2,3,1,72,61,300,420,3,5
1842,1,512,3,1,3,2,52,0,0,300,1,5
1843,4,29,4,1,3,1,67,47,60,180,3,5
1844,12,179,12,2,3,2,32,93,180,300,4,5
1845,8,387,8,2,3,1,85,55,420,540,4,5
1846,9,355,9,2,3,1,69,77,420,540,3,5
1847,10,239,10,2,3,1,98,17,300,420,3,5
1848,9,509,10,2,3,2,21,36,300,420,2,5
1849,10,39,11,2,3,2,17,31,180,300,3,5
1850,4,305,4,2,3,1,16,88,420,540,2,5
1851,11,506,13,2,3,1,51,16,420,540,4,5
1852,1,92,2,1,3,2,54,9,0,300,3,5
1853,14,182,15,1,3,1,16,64,180,300,2,5
1854,2,227,2,2,3,2,41,29,300,420,4,5
1855,2,198,3,1,3,1,61,5,180,300,4,5
1856,4,397,4,2,3,2,78,97,420,540,2,5
1857,6,162,7,2,3,2,50,43,420,540,1,5
1858,4,440,6,1,3,2,12,94,180,300,1,5
1859,11,410,11,2,3,1,23,76,420,540,1,5
1860,11,541,12,2,3,2,25,82,300,600,3,5
1861,5,25,5,2,3,1,22,76,0,300,2,5
1862,4,280,5,2,3,2,99,82,420,540,3,5
1863,12,320,13,1,3,1,54,27,180,300,1,5
1864,12,282,12,2,3,2,53,57,420,540,4,5
1865,2,585,4,1,3,2,1,26,0,300,4,5
1866,6,239,6,2,3,2,87,49,300,600,1,5
1867,7,265,8,2,3,1,79,33,0,300,4,5
1868,5,480,7,2,3,1,66,61,0,300,1,5
1869,11,91,11,1,3,1,66,58,180,300,3,5
1870,6,519,8,2,3,2,70,46,0,300,4,5
1871,7,83,7,1,3,2,73,24,180,300,2,5
1872,10,134,10,2,3,1,20,68,180,300,3,5
1873,12,219,12,2,3,1,25,45,300,600,4,5
1874,6,165,7,1,3,2,17,95,60,180,2,5
1875,10,213,11,2,3,2,4,32,180,300,4,5
1876,8,590,9,1,3,1,10,42,180,300,1,5
1877,1,590,3,1,3,1,19,6,60,180,3,5
1878,4,498,6,2,3,2,52,98,60,180,4,5
1879,12,153,12,1,3,2,97,43,180,300,2,5
1880,11,282,11,2,3,2,78,22,300,600,3,5
1881,3,472,4,1,3,2,31,49,60,180,2,5
1882,14,444,15,1,3,2,57,74,180,300,2,5
1883,8,343,8,2,3,2,21,32,420,540,1,5
1884,12,452,14,1,3,2,23,46,0,300,2,5
1885,2,490,4,1,3,1,67,42,180,300,4,5
1886,7,496,8,2,3,1,88,49,0,300,3,5
1887,7,27,7,1,3,1,59,9,60,180,3,5
1888,7,175,8,2,3,2,50,69,0,300,4,5
1889,14,535,15,2,3,2,76,83,60,180,2,5
1890,6,460,7,1,3,1,86,18,180,300,4,5
1891,6,260,6,2,3,1,56,47,300,420,4,5
1892,4,117,5,1,3,2,13,48,60,180,3,5
1893,13,584,14,1,3,1,34,89,180,300,1,5
1894,3,455,5,2,3,2,73,84,420,540,3,5
1895,14,90,15,2,3,2,61,90,300,600,3,5
1896,9,237,10,2,3,2,31,77,300,600,4,5
1897,7,451,9,1,3,1,30,3,0,300,4,5
1898,1,196,1,2,3,1,3,69,300,420,2,5
1899,2,200,4,2,3,1,50,38,0,300,4,5
1900,4,395,5,2,3,1,73,44,420,540,2,5
1901,9,549,11,1,3,1,31,57,60,180,3,5
1902,12,586,13,1,3,2,45,68,60,180,4,5
1903,8,569,9,2,3,1,16,77,0,300,2,5
1904,8,302,9,1,3,1,81,31,0,300,1,5
1905,14,549,15,2,3,2,68,78,180,300,4,5
1906,1,52,3,1,3,2,3,34,180,300,2,5
1907,7,368,7,2,3,2,0,60,420,540,3,5
1908,2,204,2,2,3,2,55,34,300,600,3,5
1909,6,594,7,1,3,2,90,67,0,300,2,5
1910,7,290,7,2,3,1,48,68,420,540,4,5
1911,14,421,15,1,3,1,6,93,180,300,1,5
1912,3,52,4,1,3,2,44,59,180,300,1,5
1913,13,563,15,1,3,2,83,85,60,180,3,5
1914,12,433,14,2,3,2,66,51,0,300,4,5
1915,9,241,10,2,3,2,35,69,420,540,3,5
1916,13,544,15,1,3,1,4,46,60,180,3,5
1917,6,264,7,1,3,1,79,21,60,180,1,5
1918,7,587,8,1,3,1,58,22,60,180,1,5
1919,13,300,13,2,3,2,91,71,300,420,1,5
1920,4,63,5,1,3,1,29,73,180,300,3,5
1921,13,531,15,1,3,2,59,97,60,180,1,5
1922,9,97,10,1,3,1,16,59,60,180,1,5
1923,8,216,9,1,3,1,37,85,180,300,3,5
1924,3,254,4,1,3,2,20,33,60,180,2,5
1925,4,593,6,2,3,1,17,90,300,420,2,5
1926,1,295,1,2,3,1,33,72,300,600,2,5
1927,10,594,11,2,3,2,41,53,60,180,3,5
1928,10,241,10,2,3,1,63,55,300,600,3,5
1929,3,280,3,2,3,1,78,2,300,420,3,5
1930,7,47,7,1,3,1,21,96,60,180,3,5
1931,14,78,14,1,3,2,45,25,180,300,3,5
1932,7,279,7,2,3,1,55,70,300,420,3,5
1933,9,324,9,2,3,2,62,54,420,540,4,5
1934,5,469,6,2,3,1,33,76,420,540,4,5
1935,1,522,3,1,3,2,84,34,180,300,4,5
1936,3,474,4,2,3,2,79,7,0,300,2,5
1937,5,99,5,1,3,2,86,52,180,300,3,5
1938,10,318,10,2,3,1,73,65,420,540,2,5
1939,13,202,14,1,3,2,4,86,180,300,3,5
1940,6,62,7,1,3,2,39,1,180,300,3,5
1941,14,427,15,1,3,1,46,15,60,180,1,5
1942,13,126,14,2,3,1,22,23,420,540,4,5
1943,6,486,7,1,3,1,7,57,0,300,3,5
1944,11,189,12,1,3,2,58,42,180,300,3,5
1945,5,573,7,2,3,1,46,27,180,300,4,5
1946,11,556,13,2,3,1,10,11,420,540,3,5
1947,14,291,14,2,3,2,80,51,420,540,2,5
1948,8,381,9,1,3,2,76,25,0,300,1,5
1949,6,231,8,1,3,2,64,66,0,300,1,5
1950,7,372,7,2,3,2,93,63,420,540,3,5
1951,9,162,10,2,3,2,0,3,300,420,2,5
1952,12,245,12,2,3,2,70,98,300,420,2,5
1953,8,363,9,1,3,1,97,54,0,300,4,5
1954,7,350,7,2,3,1,1,70,420,540,2,5
1955,7,558,9,1,3,2,4,55,60,180,3,5
1956,5,99,6,2,3,2,50,77,180,300,2,5
1957,13,341,13,2,3,2,65,46,420,540,3,5
1958,7,181,7,2,3,2,90,44,420,540,2,5
1959,13,336,13,2,3,1,45,76,420,540,2,5
1960,2,562,3,1,3,2,99,79,60,180,4,5
1961,9,6,10,1,3,2,80,67,60,180,3,5
1962,3,583,4,1,3,2,13,6,60,180,4,5
1963,7,44,8,1,3,2,35,47,180,300,2,5
1964,2,538,3,1,3,2,43,53,60,180,4,5
1965,4,72,5,1,3,1,1,42,180,300,3,5
1966,12,112,13,1,3,2,16,22,0,300,1,5
1967,9,138,9,2,3,1,88,90,300,600,2,5
1968,1,438,3,1,3,2,8,52,60,180,1,5
1969,11,470,13,2,3,2,100,94,0,300,4,5
1970,13,27,14,1,3,1,67,66,60,180,3,5
1971,2,214,3,2,3,2,15,46,180,300,2,5
1972,11,32,11,1,3,1,60,5,60,180,3,5
1973,13,351,13,2,3,1,55,72,420,540,3,5
1974,2,43,2,2,3,2,7,51,0,300,1,5
1975,8,216,8,2,3,1,70,52,420,540,2,5
1976,8,453,9,1,3,2,88,39,180,300,1,5
1977,12,164,13,1,3,1,19,80,60,180,3,5
1978,8,96,8,1,3,1,86,94,180,300,2,5
1979,12,24,12,1,3,2,72,37,60,180,3,5
1980,13,22,13,2,3,1,16,77,180,300,1,5
1981,13,235,13,2,3,2,9,26,300,420,4,5
1982,3,120,3,2,3,2,98,59,300,420,4,5
1983,12,137,13,2,3,1,76,94,300,420,1,5
1984,3,348,3,2,3,2,47,98,420,540,4,5
1985,1,291,2,2,3,2,70,80,60,180,1,5
1986,3,506,4,1,3,2,20,68,60,180,1,5
1987,1,304,1,2,3,2,1,78,420,540,4,5
1988,10,525,11,2,3,2,63,3,60,180,1,5
1989,8,584,10,1,3,2,23,59,60,180,1,5
1990,6,162,6,2,3,1,51,83,420,540,2,5
1991,4,133,4,1,3,2,28,27,180,300,3,5
1992,2,105,2,1,3,1,66,99,180,300,4,5
1993,5,461,7,1,3,2,87,30,0,300,4,5
1994,12,209,12,2,3,1,93,50,420,540,1,5
1995,1,409,1,2,3,1,87,69,420,540,3,5
1996,2,277,2,2,3,1,77,9,300,600,3,5
1997,12,338,12,2,3,2,79,4,420,540,2,5
1998,12,3,13,1,3,2,35,100,180,300,3,5
1999,3,283,4,1,3,1,74,54,180,300,4,5
2000,1,430,3,1,3,2,87,15,60,180,3,5
2001,7,191,7,2,3,2,62,93,420,540,1,5
2002,5,442,6,1,3,1,86,94,60,180,1,5
2003,1,198,2,2,3,2,66,72,60,180,2,5
2004,5,311,5,2,3,2,10,2,420,540,2,5
2005,1,163,1,2,3,1,16,33,300,600,1,5
2006,5,296,5,2,3,2,79,4,420,540,2,5
2007,4,529,6,1,3,1,35,78,60,180,4,5
2008,4,338,4,2,3,2,68,16,420,540,2,5
2009,13,455,15,1,3,1,42,24,0,300,3,5
2010,8,271,9,1,3,1,95,5,180,300,4,5
2011,3,436,5,2,3,1,70,69,180,300,4,5
2012,13,500,15,1,3,1,48,98,60,180,2,5
2013,6,23,7,1,3,2,27,56,180,300,1,5
2014,6,177,7,1,3,1,80,18,180,300,3,5
2015,6,353,6,2,3,1,37,11,420,540,2,5
2016,13,154,13,1,3,1,14,33,180,300,2,5
2017,9,188,10,1,3,2,55,62,60,180,2,5
2018,14,326,14,2,3,2,15,8,420,540,3,5
2019,10,510,11,1,3,2,51,38,180,300,2,5
2020,9,395,9,2,3,1,8,41,420,540,4,5
2021,10,550,11,1,3,1,71,80,0,300,2,5
2022,2,331,3,1,3,1,28,87,60,180,3,5
2023,4,575,6,1,3,1,31,66,180,300,2,5
2024,3,399,4,2,3,2,87,46,300,420,4,5
2025,4,571,6,1,3,2,43,36,60,180,2,5
2026,10,372,10,2,3,2,89,54,420,540,3,5
2027,11,259,12,1,3,2,44,70,60,180,1,5
2028,3,311,4,1,3,1,78,29,180,300,3,5
2029,10,361,11,2,3,2,20,14,0,300,4,5
2030,4,592,5,1,3,2,78,30,180,300,4,5
2031,3,43,3,1,3,1,80,88,60,180,3,5
2032,13,80,13,1,3,1,80,1,180,300,2,5
2033,6,220,6,2,3,1,25,48,420,540,3,5
2034,12,361,12,2,3,1,43,84,420,540,2,5
2035,2,152,3,1,3,2,42,26,0,300,3,5
2036,14,157,14,1,3,2,99,12,180,300,4,5
2037,5,349,5,2,3,1,35,27,420,540,4,5
2038,12,74,12,2,3,1,84,24,300,420,1,5
2039,8,240,8,2,3,2,16,30,420,540,3,5
2040,1,564,3,1,3,1,50,27,60,180,4,5
2041,3,392,4,1,3,1,87,97,0,300,3,5
2042,13,470,14,1,3,2,38,33,0,300,2,5
2043,12,52,12,1,3,2,76,27,60,180,2,5
2044,10,97,11,1,3,1,0,56,0,300,3,5
2045,7,58,7,1,3,2,29,24,60,180,4,5
2046,1,45,3,2,3,1,57,87,60,180,4,5
2047,14,306,14,2,3,1,44,94,420,540,2,5
2048,6,369,7,1,3,1,43,44,0,300,4,5
2049,2,328,2,2,3,1,74,55,420,540,1,5
2050,8,405,9,1,3,1,99,35,180,300,2,5
2051,2,495,4,1,3,2,46,1,60,180,4,5
2052,4,478,5,1,3,1,49,79,60,180,2,5
2053,9,44,9,2,3,2,46,68,420,540,2,5
2054,7,107,8,1,3,2,62,97,60,180,1,5
2055,13,88,14,1,3,1,27,56,180,300,1,5
2056,3,210,3,2,3,2,20,98,300,600,4,5
2057,11,72,11,1,3,1,69,70,180,300,1,5
2058,11,194,11,2,3,1,23,62,300,420,4,5
2059,9,480,10,2,3,2,41,18,60,180,3,5
2060,6,309,6,2,3,2,90,12,420,540,3,5
2061,7,473,9,1,3,1,67,56,60,180,3,5
2062,5,85,6,1,3,1,53,99,0,300,3,5
2063,14,518,15,1,3,2,50,29,0,300,4,5
2064,12,29,12,1,3,2,63,36,60,180,1,5
2065,6,241,6,2,3,2,100,65,300,600,4,5
2066,14,334,14,2,3,1,37,89,420,540,1,5
2067,3,156,3,1,3,2,84,67,180,300,2,5
2068,6,30,6,1,3,1,88,44,60,180,3,5
2069,2,42,2,1,3,1,45,30,60,180,2,5
2070,5,569,6,1,3,2,10,12,60,180,2,5
2071,11,527,12,1,3,1,35,30,0,300,1,5
2072,12,501,14,1,3,1,33,58,180,300,1,5
2073,9,21,9,1,3,1,0,24,60,180,2,5
2074,10,305,10,2,3,1,20,75,420,540,3,5
2075,1,175,2,2,3,2,42,24,180,300,1,5
2076,8,110,8,1,3,1,93,7,180,300,4,5
2077,4,580,5,1,3,1,51,50,60,180,1,5
2078,12,555,13,1,3,2,0,32,180,300,2,5
2079,14,279,14,2,3,2,4,42,420,540,3,5
2080,2,145,2,2,3,2,22,6,300,420,1,5
2081,9,319,9,2,3,2,38,51,420,540,4,5
2082,1,352,1,2,3,2,48,100,420,540,4,5
2083,4,584,5,2,3,1,14,98,300,600,3,5
2084,6,267,7,1,3,1,36,78,180,300,3,5
2085,9,458,11,2,3,1,52,64,60,180,4,5
2086,12,189,12,2,3,2,52,48,300,420,3,5
2087,4,228,4,2,3,1,68,41,420,540,2,5
2088,3,23,3,2,3,2,14,68,180,300,4,5
2089,11,597,13,1,3,1,72,42,180,300,1,5
2090,11,335,12,2,3,2,21,27,420,540,1,5
2091,7,362,7,2,3,2,25,54,420,540,1,5
2092,11,560,12,1,3,2,60,40,180,300,2,5
2093,5,251,5,2,3,2,27,81,300,600,1,5
2094,2,281,3,1,3,1,84,31,180,300,2,5
2095,10,136,10,2,3,2,37,51,180,300,4,5
2096,7,550,9,1,3,2,2,67,60,180,3,5
2097,10,469,11,2,3,1,68,13,0,300,4,5
2098,10,140,10,1,3,1,72,49,180,300,3,5
2099,12,428,13,2,3,1,25,89,420,540,3,5
2100,5,544,6,2,3,2,35,62,180,300,1,5
2101,14,244,14,2,3,1,86,52,300,420,4,5
2102,12,133,12,1,3,1,33,8,180,300,1,5
2103,6,215,7,1,3,2,51,85,0,300,3,5
2104,3,99,3,1,3,2,75,85,180,300,1,5
2105,8,239,8,2,3,1,55,14,420,540,1,5
2106,3,174,3,1,3,1,98,33,180,300,1,5
2107,13,499,14,2,3,2,34,15,300,600,2,5
2108,10,306,10,2,3,1,21,44,420,540,4,5
2109,10,182,11,2,3,1,0,40,420,540,2,5
2110,1,326,2,1,3,1,53,24,180,300,1,5
2111,1,313,1,2,3,2,11,4,420,540,1,5
2112,9,504,11,1,3,1,16,76,60,180,4,5
2113,11,311,12,1,3,1,36,12,0,300,4,5
2114,6,199,6,2,3,2,70,4,300,420,3,5
2115,11,255,12,1,3,2,44,25,60,180,4,5
2116,7,382,8,2,3,1,89,16,300,420,4,5
2117,10,120,10,2,3,2,81,53,300,600,3,5
2118,7,335,7,2,3,1,15,36,420,540,1,5
2119,5,3,6,1,3,2,76,100,60,180,3,5
2120,10,592,11,2,3,1,44,58,0,300,3,5
2121,2,165,2,1,3,2,82,43,180,300,1,5
2122,8,522,9,2,3,1,62,96,60,180,3,5
2123,9,15,10,1,3,2,47,50,0,300,3,5
2124,1,127,1,1,3,2,65,4,180,300,2,5
2125,9,243,9,2,3,2,19,4,300,600,4,5
2126,6,331,6,2,3,1,20,19,420,540,2,5
2127,4,112,4,1,3,1,40,47,180,300,1,5
2128,5,388,5,2,3,2,70,84,420,540,2,5
2129,12,505,13,2,3,1,32,99,0,300,2,5
2130,7,429,8,2,3,2,85,37,180,300,1,5
2131,1,453,3,2,3,1,62,91,180,300,2,5
2132,12,575,14,1,3,2,45,7,60,180,2,5
2133,14,592,16,1,3,2,15,66,60,180,1,5
2134,7,181,9,1,3,1,63,4,60,180,4,5
2135,7,353,7,2,3,1,89,91,420,540,4,5
2136,3,361,3,2,3,1,59,26,420,540,3,5
2137,3,419,4,1,3,1,17,75,60,180,4,5
2138,12,80,14,2,3,1,59,70,60,180,2,5
2139,1,164,1,1,3,2,94,42,180,300,4,5
2140,4,87,4,1,3,2,41,41,180,300,4,5
2141,1,347,2,1,3,1,44,2,180,300,2,5
2142,4,351,4,2,3,1,8,12,420,540,3,5
2143,8,388,8,2,3,1,35,44,420,540,3,5
2144,14,142,14,2,3,1,54,84,300,420,3,5
2145,9,379,10,1,3,2,38,36,60,180,3,5
2146,5,372,5,2,3,2,8,84,420,540,1,5
2147,2,448,3,2,3,1,63,97,180,300,3,5
2148,9,395,10,2,3,1,63,28,60,180,4,5
2149,8,230,9,2,3,1,52,51,60,180,1,5
2150,6,148,7,2,3,1,90,23,300,420,1,5
2151,4,413,5,1,3,1,65,0,0,300,3,5
2152,2,401,2,2,3,2,6,71,420,540,4,5
2153,9,224,9,2,3,2,65,58,420,540,2,5
2154,4,286,4,2,3,2,39,61,420,540,3,5
2155,7,61,7,2,3,2,64,2,300,420,1,5
2156,12,312,12,2,3,2,88,15,420,540,4,5
2157,2,351,2,2,3,1,44,24,420,540,2,5
2158,12,308,12,2,3,2,58,72,420,540,3,5
2159,2,93,3,1,3,2,90,61,0,300,2,5
2160,13,508,14,1,3,2,53,18,60,180,1,5
2161,14,402,14,2,3,2,100,64,420,540,4,5
2162,9,161,9,1,3,1,34,98,180,300,4,5
2163,11,183,12,1,3,1,46,60,0,300,4,5
2164,10,182,10,2,3,1,83,41,420,540,3,5
2165,11,167,11,1,3,1,92,3,180,300,3,5
2166,12,93,12,1,3,2,16,50,180,300,2,5
2167,1,198,1,2,3,2,98,39,300,420,3,5
2168,3,168,3,1,3,2,13,14,180,300,2,5
2169,9,165,9,1,3,1,54,77,180,300,3,5
2170,5,246,6,1,3,1,40,61,0,300,1,5
2171,11,308,11,2,3,2,75,91,420,540,3,5
2172,11,179,11,1,3,1,46,92,180,300,2,5
2173,10,515,11,1,3,2,98,28,180,300,2,5
2174,9,4,9,2,3,1,40,36,0,300,4,5
2175,14,169,14,2,3,1,85,58,420,540,1,5
2176,11,419,11,2,3,2,81,64,420,540,3,5
2177,7,211,7,2,3,2,49,39,300,600,1,5
2178,6,506,7,2,3,2,70,99,180,300,1,5
2179,2,366,2,2,3,1,16,7,420,540,1,5
2180,6,569,8,2,3,2,63,17,180,300,3,5
2181,9,361,9,2,3,2,76,65,420,540,4,5
2182,1,7,1,2,3,1,86,21,0,300,2,5
2183,3,336,3,2,3,1,14,5,420,540,1,5
2184,2,132,2,1,3,1,31,24,180,300,4,5
2185,10,137,10,1,3,2,84,57,180,300,2,5
2186,9,162,10,1,3,2,64,16,60,180,4,5
2187,14,551,16,1,3,1,50,44,180,300,1,5
2188,10,599,11,2,3,1,9,78,180,300,3,5
2189,12,497,14,1,3,2,84,30,60,180,1,5
2190,11,100,12,2,3,2,58,19,180,300,2,5
2191,13,35,13,1,3,1,92,64,60,180,2,5
2192,11,562,13,1,3,2,18,47,0,300,3,5
2193,14,380,15,2,3,1,33,17,180,300,1,5
2194,12,593,14,1,3,1,2,89,0,300,3,5
2195,3,470,5,1,3,1,59,23,180,300,4,5
2196,8,96,8,1,3,2,44,85,180,300,2,5
2197,9,592,10,2,3,2,70,35,180,300,3,5
2198,13,552,14,1,3,1,78,12,0,300,1,5
2199,3,474,4,1,3,2,10,22,60,180,1,5
2200,5,40,6,2,3,2,53,88,180,300,2,5
2201,7,452,8,1,3,2,66,49,180,300,3,5
2202,1,52,2,1,3,1,11,14,0,300,1,5
2203,12,295,12,2,3,1,29,53,300,420,4,5
2204,2,4,4,1,3,2,45,61,0,300,2,5
2205,9,422,10,1,3,1,59,32,180,300,3,5
2206,8,520,9,1,3,2,26,65,180,300,1,5
2207,1,208,2,1,3,2,92,38,0,300,3,5
2208,1,528,2,1,3,1,66,57,60,180,4,5
2209,13,541,15,1,3,1,22,40,0,300,1,5
2210,2,526,3,1,3,1,86,60,180,300,3,5
2211,12,25,13,1,3,2,23,91,180,300,1,5
2212,1,29,2,1,3,2,51,94,180,300,4,5
2213,10,171,11,1,3,1,18,77,180,300,2,5
2214,9,319,10,1,3,1,26,71,60,180,3,5
2215,5,270,5,2,3,1,65,95,300,600,3,5
2216,13,570,14,1,3,1,29,26,180,300,4,5
2217,2,502,3,1,3,2,91,38,60,180,2,5
2218,1,92,1,1,3,2,53,76,180,300,3,5
2219,2,298,2,2,3,2,96,40,420,540,1,5
2220,8,316,8,2,3,1,60,79,420,540,4,5
2221,6,21,6,1,3,2,68,99,60,180,2,5
2222,3,206,4,2,3,2,12,86,0,300,3,5
2223,1,451,2,2,3,1,91,69,180,300,2,5
2224,4,385,6,1,3,1,84,40,0,300,3,5
2225,2,148,2,2,3,1,29,31,420,540,2,5
2226,7,409,8,1,3,2,57,83,0,300,1,5
2227,1,216,2,1,3,1,7,75,60,180,4,5
2228,4,343,4,2,3,2,27,66,420,540,4,5
2229,1,310,1,2,3,1,55,15,420,540,3,5
2230,9,541,10,2,3,2,75,57,0,300,4,5
2231,7,542,8,2,3,1,13,4,60,180,1,5
2232,5,393,5,2,3,1,77,17,420,540,2,5
2233,6,579,7,1,3,1,4,22,0,300,3,5
2234,7,583,8,2,3,2,41,5,180,300,3,5
2235,10,593,12,1,3,2,91,59,0,300,4,5
2236,9,472,11,1,3,2,14,88,180,300,2,5
2237,13,514,15,1,3,2,57,68,60,180,2,5
2238,10,485,11,2,3,1,36,62,60,180,3,5
2239,2,364,2,2,3,1,37,90,420,540,1,5
2240,11,171,12,1,3,1,23,15,0,300,1,5
2241,9,357,9,2,3,1,66,54,420,540,1,5
2242,11,115,11,2,3,1,43,85,180,300,2,5
2243,4,543,6,1,3,2,86,94,0,300,4,5
2244,14,418,15,2,3,2,90,91,60,180,3,5
2245,2,89,2,1,3,2,81,83,180,300,4,5
2246,14,240,14,2,3,2,95,98,300,420,3,5
2247,9,380,9,2,3,2,84,95,420,540,2,5
2248,11,338,12,1,3,2,47,39,180,300,2,5
2249,5,24,5,2,3,1,33,77,60,180,3,5
2250,13,184,14,2,3,1,24,54,300,420,4,5
2251,7,563,8,2,3,2,0,19,180,300,1,5
2252,10,450,11,2,3,1,100,6,180,300,4,5
2253,1,571,3,1,3,2,72,71,60,180,3,5
2254,6,397,6,2,3,1,25,37,420,540,4,5
2255,9,435,11,2,3,1,79,21,300,600,1,5
2256,14,0,14,2,3,1,71,78,420,540,3,5
2257,14,163,14,2,3,1,97,73,300,600,4,5
2258,9,162,9,2,3,2,51,96,180,300,4,5
2259,7,555,9,1,3,2,94,70,0,300,3,5
2260,2,586,3,1,3,2,99,5,60,180,4,5
2261,9,454,10,1,3,1,3,64,180,300,4,5
2262,7,505,8,2,3,1,56,53,420,540,2,5
2263,1,282,1,2,3,2,3,79,420,540,3,5
2264,9,386,9,2,3,2,10,58,420,540,4,5
2265,10,588,11,2,3,1,84,53,420,540,3,5
2266,2,307,2,2,3,1,10,7,420,540,4,5
2267,1,328,2,1,3,1,95,29,0,300,3,5
2268,10,349,10,2,3,1,10,99,420,540,4,5
2269,13,166,13,1,3,1,42,71,180,300,3,5
2270,11,309,12,1,3,1,49,61,0,300,4,5
2271,5,105,5,2,3,1,30,74,180,300,1,5
2272,9,453,10,2,3,2,64,33,180,300,3,5
2273,10,392,11,1,3,2,100,57,60,180,2,5
2274,3,72,3,1,3,1,83,2,180,300,2,5
2275,4,452,6,1,3,2,31,47,180,300,3,5
2276,7,394,7,2,3,2,30,53,420,540,3,5
2277,11,521,12,2,3,1,1,40,420,540,1,5
2278,4,544,6,2,3,1,88,58,0,300,4,5
2279,4,515,5,1,3,1,30,73,60,180,2,5
2280,4,58,5,1,3,2,90,27,60,180,2,5
2281,10,126,11,2,3,1,57,78,60,180,3,5
2282,12,15,12,1,3,1,24,100,60,180,1,5
2283,1,507,2,1,3,2,29,24,0,300,1,5
2284,13,457,15,1,3,2,40,43,180,300,1,5
2285,4,291,4,2,3,2,17,87,420,540,2,5
2286,3,17,4,1,3,2,57,20,60,180,2,5
2287,8,280,9,1,3,2,26,14,180,300,1,5
2288,14,513,16,1,3,1,78,8,60,180,1,5
2289,4,12,4,1,3,2,45,31,60,180,3,5
2290,13,333,14,2,3,2,83,54,300,420,4,5
2291,5,409,5,2,3,1,76,36,420,540,1,5
2292,9,76,10,1,3,2,34,12,0,300,3,5
2293,14,482,15,1,3,2,57,9,60,180,2,5
2294,8,84,9,1,3,2,88,78,0,300,4,5
2295,6,89,7,2,3,1,60,75,0,300,4,5
2296,3,337,3,2,3,1,26,100,420,540,2,5
2297,8,52,9,1,3,2,62,54,0,300,2,5
2298,4,259,5,1,3,1,27,15,60,180,3,5
2299,7,54,8,1,3,1,44,43,0,300,3,5
2300,10,115,10,1,3,2,37,76,180,300,4,5
2301,2,208,3,1,3,2,88,40,0,300,3,5
2302,9,474,10,2,3,2,5,90,420,540,3,5
2303,5,51,5,2,3,1,49,77,60,180,3,5
2304,7,437,8,2,3,2,33,49,300,420,4,5
2305,5,32,6,2,3,1,29,14,180,300,4,5
2306,10,284,11,1,3,1,82,93,60,180,1,5
2307,8,208,9,1,3,1,49,48,0,300,4,5
2308,3,563,4,1,3,2,70,69,60,180,4,5
2309,10,378,10,2,3,1,33,58,420,540,2,5
2310,6,358,6,2,3,2,59,72,420,540,3,5
2311,3,56,4,1,3,2,73,69,180,300,3,5
2312,9,564,10,1,3,1,13,62,0,300,2,5
2313,4,122,5,1,3,1,70,74,0,300,1,5
2314,4,279,5,1,3,2,8,46,60,180,2,5
2315,13,281,14,1,3,2,16,24,60,180,1,5
2316,4,444,6,1,3,2,37,33,60,180,2,5
2317,14,549,16,2,3,1,96,62,420,540,1,5
2318,13,163,14,1,3,1,20,55,180,300,4,5
2319,5,557,6,1,3,1,23,19,180,300,2,5
2320,6,468,8,1,3,2,24,11,60,180,2,5
2321,4,502,5,1,3,2,98,88,0,300,4,5
2322,13,444,14,1,3,2,82,38,60,180,3,5
2323,3,313,4,2,3,2,18,76,180,300,4,5
2324,6,213,6,2,3,1,62,58,420,540,1,5
2325,2,126,2,1,3,1,25,97,180,300,4,5
2326,6,349,6,2,3,2,63,60,420,540,1,5
2327,3,313,4,1,3,1,98,93,180,300,1,5
2328,4,180,4,1,3,2,56,38,180,300,1,5
2329,11,322,13,2,3,1,37,29,420,540,3,5
2330,9,29,9,1,3,1,97,18,60,180,1,5
2331,12,417,12,2,3,1,31,55,420,540,1,5
2332,9,414,9,2,3,1,82,28,420,540,1,5
2333,9,17,9,1,3,1,81,2,60,180,3,5
2334,6,420,6,2,3,2,98,55,420,540,1,5
2335,7,493,9,2,3,1,79,42,300,420,3,5
2336,8,128,9,1,3,2,99,49,180,300,1,5
2337,9,6,10,1,3,1,34,67,180,300,4,5
2338,7,113,8,2,3,2,97,68,0,300,4,5
2339,9,10,9,2,3,2,68,1,300,420,4,5
2340,12,280,13,1,3,1,59,20,0,300,1,5
2341,11,386,11,2,3,2,45,73,420,540,4,5
2342,8,472,10,1,3,2,27,23,0,300,4,5
2343,11,318,11,2,3,1,100,43,420,540,1,5
2344,2,516,3,2,3,1,92,81,180,300,3,5
2345,12,507,13,1,3,2,100,11,60,180,4,5
2346,12,118,12,2,3,1,36,80,300,600,3,5
2347,13,590,14,1,3,1,50,56,180,300,4,5
2348,7,20,9,1,3,1,29,7,60,180,3,5
2349,7,462,9,1,3,1,58,43,180,300,1,5
2350,9,227,10,1,3,2,55,42,0,300,4,5
2351,10,37,11,1,3,2,23,25,180,300,2,5
2352,9,237,9,2,3,2,27,30,420,540,1,5
2353,7,14,8,1,3,2,36,62,60,180,3,5
2354,10,523,12,2,3,2,17,46,60,180,3,5
2355,11,81,11,1,3,2,28,39,180,300,4,5
2356,14,281,14,2,3,1,7,43,300,420,3,5
2357,8,331,8,2,3,1,28,50,420,540,2,5
2358,5,588,7,2,3,2,32,18,300,600,3,5
2359,7,122,8,1,3,1,61,90,180,300,1,5
2360,4,177,5,1,3,2,88,18,180,300,2,5
2361,3,339,3,2,3,2,9,94,420,540,2,5
2362,13,69,14,1,3,1,42,8,180,300,1,5
2363,6,123,6,2,3,1,45,84,300,600,4,5
2364,9,588,11,2,3,1,79,3,60,180,1,5
2365,10,130,11,1,3,1,45,67,60,180,3,5
2366,8,100,9,2,3,1,40,86,420,540,3,5
2367,9,367,9,2,3,2,60,14,420,540,4,5
2368,14,459,15,1,3,2,65,98,0,300,4,5
2369,5,531,7,1,3,1,6,29,60,180,1,5
2370,9,89,9,1,3,2,88,7,180,300,1,5
2371,1,146,3,1,3,2,64,39,0,300,3,5
2372,6,370,6,2,3,2,78,26,420,540,4,5
2373,14,376,15,2,3,1,97,64,180,300,2,5
2374,12,449,14,1,3,2,60,19,0,300,2,5
2375,3,505,5,1,3,2,60,39,60,180,4,5
2376,9,184,9,2,3,2,96,81,420,540,4,5
2377,14,593,15,1,3,1,64,71,60,180,2,5
2378,5,570,6,1,3,1,0,32,60,180,4,5
2379,7,469,9,2,3,2,44,44,180,300,2,5
2380,6,166,6,1,3,1,62,38,180,300,4,5
2381,7,209,7,2,3,2,7,33,420,540,4,5
2382,7,193,8,1,3,1,26,50,60,180,1,5
2383,6,207,6,2,3,2,25,2,300,420,1,5
2384,4,129,4,1,3,1,78,78,180,300,4,5
2385,9,196,10,2,3,2,81,93,180,300,1,5
2386,7,492,9,2,3,2,95,96,300,600,1,5
2387,10,170,10,2,3,1,78,5,300,600,4,5
2388,9,489,10,1,3,2,16,44,0,300,4,5
2389,14,596,15,2,3,1,72,25,300,600,2,5
2390,4,479,5,2,3,1,64,28,300,600,3,5
2391,1,78,2,1,3,1,79,71,0,300,4,5
2392,10,92,12,1,3,1,32,90,0,300,2,5
2393,14,341,14,2,3,2,57,30,420,540,2,5
2394,14,50,14,2,3,2,12,20,60,180,2,5
2395,13,44,14,1,3,2,96,84,180,300,4,5
2396,9,161,9,2,3,2,80,25,180,300,1,5
2397,2,388,2,2,3,2,69,71,420,540,3,5
2398,11,231,12,1,3,1,34,99,0,300,3,5
2399,2,279,3,2,3,2,93,82,0,300,4,5
2400,9,464,11,1,3,2,86,36,60,180,1,5
2401,5,571,7,1,3,1,55,68,60,180,1,5
2402,13,386,13,2,3,1,18,68,420,540,1,5
2403,12,70,12,1,3,1,57,99,180,300,2,5
2404,9,584,11,2,3,2,63,90,420,540,3,5
2405,13,43,14,1,3,2,61,60,180,300,4,5
2406,6,119,6,1,3,2,20,84,180,300,2,5
2407,9,213,9,2,3,2,94,7,300,420,2,5
2408,12,229,12,2,3,2,26,62,300,600,1,5
2409,1,346,2,1,3,2,45,48,0,300,4,5
2410,13,588,15,1,3,2,47,32,180,300,3,5
2411,5,244,5,2,3,2,24,33,300,420,3,5
2412,2,494,3,2,3,1,92,98,60,180,3,5
2413,3,247,3,2,3,1,99,27,420,540,1,5
2414,7,433,8,1,3,1,36,63,180,300,2,5
2415,5,215,5,2,3,2,29,95,300,420,2,5
2416,9,45,9,2,3,1,80,73,60,180,1,5
2417,1,198,1,2,3,1,21,51,420,540,1,5
2418,12,412,13,2,3,2,49,16,300,420,4,5
2419,13,281,14,1,3,2,23,69,60,180,1,5
2420,10,262,10,2,3,2,98,79,300,600,2,5
2421,1,139,2,1,3,2,53,5,0,300,2,5
2422,12,271,12,2,3,2,50,39,300,420,1,5
2423,5,488,6,2,3,2,77,74,60,180,2,5
2424,3,41,4,2,3,2,45,52,0,300,1,5
2425,9,406,9,2,3,2,77,86,420,540,4,5
2426,10,60,10,1,3,1,6,59,180,300,2,5
2427,3,156,3,1,3,2,42,1,180,300,3,5
2428,8,216,9,1,3,2,72,32,0,300,3,5
2429,14,277,14,2,3,2,8,100,420,540,3,5
2430,11,445,12,1,3,1,5,88,60,180,3,5
2431,3,438,4,2,3,1,14,23,300,420,1,5
2432,2,21,2,1,3,2,85,70,60,180,1,5
2433,14,283,14,2,3,2,95,6,420,540,2,5
2434,5,399,6,1,3,2,21,14,60,180,3,5
2435,1,595,2,1,3,1,73,56,60,180,4,5
2436,1,70,1,1,3,2,63,14,180,300,1,5
2437,8,590,10,2,3,1,40,56,420,540,2,5
2438,13,286,13,2,3,1,84,14,420,540,4,5
2439,9,231,10,1,3,1,19,8,0,300,2,5
2440,5,173,5,1,3,2,57,0,180,300,4,5
2441,12,311,13,1,3,2,53,8,0,300,4,5
2442,1,17,2,1,3,2,83,95,180,300,3,5
2443,10,454,12,1,3,1,31,14,60,180,1,5
2444,10,450,11,1,3,2,34,81,60,180,2,5
2445,8,1,8,2,3,1,98,57,60,180,2,5
2446,5,173,5,2,3,2,47,38,420,540,4,5
2447,5,158,5,1,3,1,29,73,180,300,1,5
2448,11,193,11,2,3,2,97,69,420,540,3,5
2449,6,178,7,1,3,1,26,46,0,300,2,5
2450,10,399,10,2,3,1,14,74,420,540,2,5
2451,10,328,10,2,3,1,86,32,420,540,2,5
2452,12,466,14,2,3,1,71,32,0,300,2,5
2453,8,53,8,2,3,2,54,22,300,600,4,5
2454,4,228,5,2,3,2,49,75,420,540,3,5
2455,3,214,4,1,3,1,29,21,0,300,4,5
2456,12,438,13,1,3,1,10,84,180,300,3,5
2457,11,453,13,1,3,1,76,27,180,300,4,5
2458,3,124,4,2,3,1,75,60,300,600,3,5
2459,12,76,13,1,3,1,21,50,60,180,4,5
2460,14,587,15,1,3,2,90,8,60,180,2,5
2461,3,436,4,1,3,2,86,6,180,300,1,5
2462,13,491,14,1,3,1,17,90,0,300,4,5
2463,6,579,7,2,3,2,3,30,60,180,3,5
2464,6,8,7,2,3,1,71,67,0,300,1,5
2465,10,79,11,2,3,1,74,82,420,540,4,5
2466,4,236,4,2,3,2,0,27,300,420,2,5
2467,3,182,4,2,3,1,97,91,420,540,1,5
2468,9,8,9,2,3,1,69,83,0,300,1,5
2469,6,64,7,1,3,2,91,56,60,180,4,5
2470,8,470,10,1,3,1,81,90,60,180,1,5
2471,7,273,8,2,3,1,94,50,300,600,4,5
2472,13,94,14,2,3,2,87,28,0,300,4,5
2473,10,596,11,1,3,2,62,61,0,300,4,5
2474,3,299,3,2,3,2,48,47,420,540,4,5
2475,8,587,9,1,3,1,48,0,60,180,2,5
2476,2,324,3,1,3,1,10,12,60,180,2,5
2477,2,571,4,1,3,1,49,1,0,300,1,5
2478,14,536,15,2,3,2,83,4,60,180,2,5
2479,11,252,11,2,3,2,38,43,420,540,3,5
2480,8,325,9,1,3,1,64,100,0,300,1,5
2481,5,96,5,2,3,2,83,45,300,600,1,5
2482,11,584,12,2,3,2,60,59,420,540,3,5
2483,5,448,7,1,3,1,24,14,0,300,1,5
2484,2,463,4,1,3,2,27,61,180,300,3,5
2485,10,552,11,2,3,2,33,20,0,300,2,5
2486,9,473,11,2,3,2,36,93,60,180,4,5
2487,4,134,4,1,3,2,54,87,180,300,1,5
2488,6,566,7,2,3,2,90,89,180,300,1,5
2489,5,276,6,2,3,2,20,54,420,540,2,5
2490,7,114,7,2,3,2,25,100,180,300,1,5
2491,12,266,13,1,3,2,98,59,180,300,4,5
2492,11,170,11,1,3,2,36,42,180,300,3,5
2493,3,322,3,2,3,2,19,22,420,540,1,5
2494,2,475,3,1,3,2,91,28,60,180,2,5
2495,2,503,3,1,3,2,24,53,60,180,2,5
2496,6,279,6,2,3,2,24,95,300,600,2,5
2497,12,365,12,2,3,2,28,81,420,540,3,5
2498,5,525,7,2,3,2,60,90,60,180,1,5
2499,7,294,8,1,3,2,17,35,180,300,1,5
2500,12,125,13,2,3,1,32,32,180,300,1,5
2501,11,347,12,1,3,2,91,61,180,300,3,5
2502,1,243,1,2,3,1,18,24,420,540,4,5
2503,13,386,13,2,3,1,88,67,420,540,2,5
2504,12,264,13,2,3,2,34,6,180,300,2,5
2505,12,599,14,1,3,2,10,93,180,300,1,5
2506,11,17,11,1,3,1,15,25,60,180,3,5
2507,4,50,4,1,3,1,25,68,60,180,1,5
2508,11,536,12,1,3,2,53,24,180,300,2,5
2509,8,394,10,2,3,1,97,90,420,540,1,5
2510,3,533,4,1,3,1,80,48,60,180,3,5
2511,8,67,9,1,3,1,47,30,60,180,4,5
2512,3,373,4,2,3,1,44,57,180,300,4,5
2513,14,259,14,2,3,2,24,78,420,540,2,5
2514,2,266,2,2,3,2,85,18,420,540,3,5
2515,12,26,12,1,3,1,25,63,60,180,3,5
2516,7,75,8,2,3,2,47,88,300,420,4,5
2517,3,13,3,1,3,2,95,49,60,180,2,5
2518,3,212,4,1,3,1,18,68,180,300,1,5
2519,14,118,15,2,3,1,46,94,0,300,2,5
2520,5,245,6,1,3,2,72,84,60,180,2,5
2521,11,285,12,1,3,2,25,21,0,300,1,5
2522,1,347,1,2,3,2,79,42,420,540,2,5
2523,4,185,4,2,3,2,49,22,300,420,3,5
2524,3,512,4,1,3,2,76,56,0,300,3,5
2525,5,367,5,2,3,2,27,72,420,540,1,5
2526,9,273,9,2,3,1,43,47,300,600,2,5
2527,9,142,10,1,3,1,44,34,180,300,2,5
2528,14,271,14,2,3,2,45,61,300,420,3,5
2529,7,442,9,1,3,2,91,91,0,300,4,5
2530,4,80,4,1,3,2,21,49,180,300,1,5
2531,7,226,8,2,3,2,70,1,420,540,4,5
2532,3,332,3,2,3,1,24,100,420,540,3,5
2533,12,285,12,2,3,2,98,49,420,540,3,5
2534,4,203,4,2,3,2,25,7,420,540,1,5
2535,7,484,8,2,3,1,94,60,60,180,1,5
2536,7,551,9,1,3,1,33,89,0,300,2,5
2537,5,502,6,1,3,1,56,21,180,300,3,5
2538,12,283,12,2,3,1,10,70,420,540,4,5
2539,5,335,6,2,3,2,2,92,0,300,1,5
2540,10,139,10,2,3,2,82,75,300,420,4,5
2541,8,224,9,1,3,2,51,55,0,300,2,5
2542,7,162,7,1,3,2,60,38,180,300,1,5
2543,6,272,7,1,3,2,63,27,0,300,2,5
2544,14,592,15,1,3,1,37,88,180,300,2,5
2545,7,45,8,2,3,2,28,98,300,600,3,5
2546,1,261,2,1,3,2,46,69,180,300,2,5
2547,12,193,13,2,3,1,55,57,180,300,2,5
2548,10,270,10,2,3,1,50,13,420,540,2,5
2549,8,503,9,1,3,2,87,41,180,300,4,5
2550,14,465,15,2,3,2,40,43,420,540,4,5
2551,12,108,13,1,3,2,61,52,0,300,4,5
2552,2,131,3,1,3,1,5,5,60,180,4,5
2553,12,353,12,2,3,1,24,14,420,540,3,5
2554,9,95,10,2,3,1,86,80,60,180,3,5
2555,2,476,3,1,3,2,6,54,0,300,2,5
2556,12,327,13,1,3,1,64,15,60,180,4,5
2557,12,387,14,2,3,2,35,53,300,420,2,5
2558,4,123,4,2,3,1,57,56,180,300,2,5
2559,10,407,10,2,3,2,75,83,420,540,4,5
2560,10,63,10,1,3,1,11,46,180,300,3,5
2561,2,158,3,1,3,2,62,86,180,300,4,5
2562,11,289,11,2,3,2,87,36,420,540,3,5
2563,4,66,6,1,3,1,96,92,60,180,2,5
2564,11,402,12,2,3,1,87,55,300,420,2,5
2565,1,483,2,2,3,2,40,41,300,600,4,5
2566,3,263,3,2,3,2,29,22,420,540,2,5
2567,12,261,12,2,3,1,49,62,420,540,2,5
2568,14,561,15,1,3,2,83,53,180,300,3,5
2569,4,36,5,1,3,2,91,38,0,300,2,5
2570,2,64,4,2,3,2,83,47,300,420,4,5
2571,1,544,2,1,3,2,25,49,180,300,2,5
2572,10,148,10,1,3,1,23,5,180,300,1,5
2573,2,126,2,1,3,2,83,67,180,300,1,5
2574,8,157,8,2,3,1,84,92,300,600,3,5
2575,8,493,9,2,3,2,55,12,180,300,3,5
2576,4,113,4,2,3,2,33,5,180,300,4,5
2577,7,497,9,2,3,1,88,32,300,600,4,5
2578,14,292,14,2,3,1,89,37,420,540,2,5
2579,5,301,5,2,3,1,3,40,420,540,1,5
2580,7,328,7,2,3,1,28,97,420,540,4,5
2581,11,173,12,1,3,1,90,59,60,180,1,5
2582,13,375,13,2,3,2,77,88,420,540,2,5
2583,1,474,2,1,3,2,67,68,180,300,3,5
2584,8,304,9,1,3,1,89,85,180,300,3,5
2585,4,399,4,2,3,1,14,55,420,540,2,5
2586,8,193,9,1,3,1,14,79,180,300,2,5
2587,7,260,7,2,3,1,95,64,300,420,4,5
2588,13,209,13,2,3,2,46,54,420,540,1,5
2589,6,289,6,2,3,1,52,89,420,540,3,5
2590,3,293,4,1,3,1,39,1,180,300,2,5
2591,7,151,8,1,3,1,52,52,0,300,4,5
2592,6,474,8,2,3,1,36,36,60,180,4,5
2593,6,597,8,1,3,2,65,95,60,180,3,5
2594,7,494,9,1,3,1,6,91,0,300,1,5
2595,3,313,3,2,3,1,25,43,420,540,1,5
2596,8,117,8,2,3,1,46,34,180,300,3,5
2597,12,2,12,1,3,2,63,2,60,180,2,5
2598,4,70,4,1,3,1,58,10,180,300,3,5
2599,4,2,4,1,3,2,45,17,60,180,1,5
2600,8,169,9,1,3,2,82,34,180,300,1,5
2601,10,221,10,2,3,1,17,45,420,540,3,5
2602,6,271,6,2,3,1,9,49,420,540,2,5
2603,10,107,10,1,3,2,29,52,180,300,2,5
2604,5,28,6,1,3,2,94,41,0,300,3,5
2605,8,137,9,1,3,2,9,47,60,180,1,5
2606,1,350,2,1,3,1,33,53,180,300,3,5
2607,3,8,3,1,3,2,5,24,60,180,3,5
2608,6,489,7,2,3,1,58,32,60,180,2,5
2609,14,82,14,2,3,2,92,76,180,300,2,5
2610,13,142,13,1,3,2,23,23,180,300,3,5
2611,3,573,4,1,3,1,31,83,0,300,2,5
2612,8,321,9,2,3,1,61,70,300,420,4,5
2613,2,130,3,1,3,2,65,95,0,300,4,5
2614,11,436,12,1,3,1,64,7,60,180,3,5
2615,13,135,13,1,3,2,83,39,180,300,3,5
2616,1,300,1,2,3,1,21,51,420,540,4,5
2617,10,98,11,1,3,2,50,82,0,300,4,5
2618,4,422,6,1,3,1,17,16,60,180,2,5
2619,9,343,10,2,3,2,94,20,420,540,1,5
2620,5,597,7,1,3,2,12,85,60,180,3,5
2621,10,590,11,1,3,1,24,55,0,300,3,5
2622,13,182,13,2,3,1,17,67,420,540,1,5
2623,11,314,13,2,3,2,27,26,180,300,4,5
2624,14,493,16,1,3,2,64,81,60,180,2,5
2625,1,344,2,1,3,2,18,38,180,300,2,5
2626,6,79,6,1,3,2,90,22,180,300,2,5
2627,13,416,14,1,3,2,74,85,180,300,2,5
2628,11,363,11,2,3,1,87,83,420,540,1,5
2629,4,243,5,1,3,1,99,68,0,300,2,5
2630,14,436,16,1,3,1,98,64,0,300,3,5
2631,14,14,14,1,3,1,75,47,60,180,4,5
2632,13,458,14,2,3,2,100,6,180,300,3,5
2633,7,150,7,2,3,2,39,38,180,300,3,5
2634,1,78,1,1,3,1,55,92,180,300,1,5
2635,10,111,11,2,3,1,69,5,300,600,2,5
2636,9,161,9,1,3,2,92,5,180,300,2,5
2637,1,592,2,2,3,1,22,73,0,300,4,5
2638,2,112,2,1,3,1,63,81,180,300,2,5
2639,2,536,4,1,3,2,28,5,0,300,3,5
2640,6,563,7,2,3,2,59,98,60,180,3,5
2641,7,491,9,1,3,1,25,68,180,300,1,5
2642,8,368,8,2,3,1,68,94,420,540,2,5
2643,3,314,3,2,3,1,36,96,420,540,3,5
2644,12,209,14,1,3,2,6,29,180,300,2,5
2645,12,234,13,1,3,2,92,16,0,300,1,5
2646,5,3,5,1,3,2,51,80,60,180,2,5
2647,11,143,11,1,3,2,12,38,180,300,2,5
2648,13,70,14,1,3,2,79,17,60,180,4,5
2649,10,357,11,1,3,2,22,54,0,300,3,5
2650,4,539,5,2,3,1,12,82,0,300,3,5
2651,12,374,13,1,3,2,60,0,60,180,2,5
2652,1,301,1,2,3,1,19,93,420,540,3,5
2653,14,573,16,2,3,1,46,6,300,600,1,5
2654,14,37,14,2,3,2,24,59,60,180,4,5
2655,6,284,6,2,3,1,86,24,420,540,1,5
2656,4,469,6,1,3,2,52,92,60,180,1,5
2657,5,379,6,2,3,2,9,21,180,300,1,5
2658,13,578,14,1,3,1,81,67,180,300,1,5
2659,1,300,1,2,3,1,91,2,420,540,2,5
2660,6,307,6,2,3,2,56,53,420,540,1,5
2661,8,200,8,2,3,2,54,89,420,540,2,5
2662,13,62,13,1,3,1,89,71,180,300,1,5
2663,11,548,13,1,3,1,0,13,60,180,1,5
2664,11,332,11,2,3,2,64,25,420,540,3,5
2665,3,296,4,1,3,2,77,40,60,180,1,5
2666,13,599,14,1,3,2,22,27,0,300,4,5
2667,6,403,6,2,3,2,24,73,420,540,1,5
2668,3,470,4,2,3,2,85,63,0,300,4,5
2669,13,397,13,2,3,1,16,31,420,540,1,5
2670,12,482,14,1,3,1,50,98,0,300,1,5
2671,14,488,16,2,3,2,16,65,60,180,4,5
2672,13,511,14,1,3,2,95,60,60,180,4,5
2673,7,215,8,1,3,1,78,45,180,300,3,5
2674,12,167,12,1,3,2,35,28,180,300,3,5
2675,10,25,10,1,3,2,78,65,60,180,1,5
2676,11,122,11,1,3,1,34,98,180,300,1,5
2677,7,314,7,2,3,2,44,38,420,540,2,5
2678,11,194,11,2,3,1,99,60,420,540,2,5
2679,12,271,13,1,3,1,5,37,0,300,4,5
2680,6,248,6,2,3,1,40,14,420,540,2,5
2681,14,379,14,2,3,2,85,73,420,540,3,5
2682,5,124,5,2,3,1,39,42,180,300,2,5
2683,3,49,4,2,3,2,27,35,300,600,3,5
2684,2,289,2,2,3,2,51,3,420,540,1,5
2685,14,153,14,2,3,1,58,69,420,540,4,5
2686,4,428,6,1,3,1,44,33,0,300,2,5
2687,12,429,13,1,3,2,51,17,180,300,2,5
2688,8,592,10,2,3,1,39,27,0,300,2,5
2689,11,14,11,2,3,2,85,5,300,420,4,5
2690,13,188,13,2,3,2,0,11,300,600,2,5
2691,11,187,12,2,3,2,87,97,180,300,2,5
2692,7,374,7,2,3,1,81,93,420,540,1,5
2693,12,336,13,2,3,1,62,61,0,300,3,5
2694,4,191,5,2,3,2,67,2,420,540,1,5
2695,11,456,13,1,3,1,79,41,180,300,2,5
2696,11,399,11,2,3,1,41,2,420,540,4,5
2697,5,432,7,1,3,2,7,24,180,300,3,5
2698,3,318,3,2,3,2,46,83,420,540,4,5
2699,7,13,8,1,3,1,25,67,180,300,4,5
2700,14,267,14,2,3,1,33,97,300,420,1,5
2701,14,184,14,2,3,1,57,36,300,420,4,5
2702,14,72,14,1,3,2,15,70,180,300,2,5
2703,8,518,9,2,3,1,79,51,60,180,4,5
2704,7,514,9,1,3,2,16,97,0,300,4,5
2705,10,314,10,2,3,1,22,53,420,540,2,5
2706,10,122,11,1,3,2,10,79,180,300,3,5
2707,5,189,5,2,3,1,22,70,300,420,1,5
2708,7,382,7,2,3,2,73,83,420,540,1,5
2709,9,260,9,2,3,1,51,1,300,420,3,5
2710,8,595,10,2,3,2,32,23,60,180,3,5
2711,3,413,3,2,3,1,12,94,420,540,1,5
2712,6,1,6,1,3,2,38,28,60,180,1,5
2713,8,305,8,2,3,1,75,71,420,540,4,5
2714,4,239,5,2,3,1,34,34,0,300,2,5
2715,11,274,11,2,3,1,59,80,300,600,1,5
2716,3,338,3,2,3,2,77,33,420,540,2,5
2717,3,95,3,1,3,2,50,78,180,300,4,5
2718,11,7,11,1,3,1,96,38,60,180,3,5
2719,6,125,6,1,3,2,74,51,180,300,1,5
2720,6,65,7,2,3,2,39,9,60,180,4,5
2721,5,157,5,1,3,2,32,81,180,300,3,5
2722,11,357,11,2,3,1,69,59,420,540,4,5
2723,13,48,14,2,3,2,86,45,60,180,2,5
2724,4,107,5,2,3,1,37,30,180,300,2,5
2725,9,446,11,1,3,1,84,90,180,300,2,5
2726,12,228,12,2,3,2,53,86,420,540,3,5
2727,5,239,5,2,3,2,42,84,300,420,3,5
2728,12,594,13,1,3,1,47,35,0,300,2,5
2729,12,404,13,2,3,1,16,17,300,420,2,5
2730,6,498,8,1,3,2,8,23,180,300,4,5
2731,13,78,13,2,3,1,95,91,420,540,2,5
2732,6,92,6,1,3,2,43,9,180,300,2,5
2733,14,488,16,1,3,1,25,69,180,300,4,5
2734,7,96,8,1,3,2,21,14,60,180,2,5
2735,11,179,11,1,3,1,64,70,180,300,3,5
2736,3,271,3,2,3,2,0,48,300,420,3,5
2737,13,233,13,2,3,2,40,14,420,540,3,5
2738,7,147,7,1,3,2,13,66,180,300,1,5
2739,5,498,7,2,3,2,73,5,300,420,3,5
2740,10,82,11,1,3,1,75,63,180,300,2,5
2741,11,457,13,1,3,1,30,49,60,180,2,5
2742,6,558,8,1,3,2,56,17,180,300,4,5
2743,12,353,12,2,3,1,54,46,420,540,1,5
2744,6,6,6,1,3,1,88,75,60,180,3,5
2745,11,352,12,2,3,1,20,35,0,300,2,5
2746,13,280,14,1,3,1,20,50,0,300,2,5
2747,10,224,11,1,3,1,37,18,0,300,2,5
2748,5,347,6,1,3,1,90,46,180,300,2,5
2749,12,282,12,2,3,1,41,41,300,600,3,5
2750,8,217,9,1,3,2,9,13,0,300,4,5
2751,5,188,5,2,3,2,1,3,300,600,1,5
2752,2,117,2,1,3,1,5,88,180,300,4,5
2753,6,567,7,2,3,1,63,97,300,420,1,5
2754,5,224,5,2,3,2,2,41,420,540,3,5
2755,6,77,8,2,3,1,3,83,300,420,4,5
2756,5,490,6,1,3,1,28,68,0,300,1,5
2757,5,165,5,2,3,2,15,35,300,600,2,5
2758,9,105,10,2,3,2,79,42,180,300,3,5
2759,9,66,9,2,3,1,100,19,180,300,3,5
2760,6,565,8,1,3,2,12,44,0,300,4,5
2761,6,588,7,2,3,2,73,93,0,300,4,5
2762,4,351,5,1,3,2,82,22,180,300,1,5
2763,12,104,12,1,3,2,31,61,180,300,4,5
2764,2,418,2,2,3,1,71,84,420,540,4,5
2765,12,63,12,1,3,2,91,59,180,300,2,5
2766,2,468,4,1,3,1,72,97,60,180,2,5
2767,14,462,15,1,3,1,25,21,180,300,4,5
2768,13,414,13,2,3,1,81,15,420,540,1,5
2769,8,245,8,2,3,2,10,9,300,600,4,5
2770,1,216,2,2,3,2,7,1,60,180,2,5
2771,11,539,13,1,3,1,48,35,60,180,3,5
2772,6,526,7,2,3,2,72,33,300,420,2,5
2773,11,33,12,1,3,1,24,99,60,180,4,5
2774,4,18,4,1,3,1,99,52,60,180,3,5
2775,7,370,7,2,3,1,24,74,420,540,3,5
2776,8,282,9,2,3,1,90,64,300,600,4,5
2777,4,51,5,1,3,1,76,3,60,180,2,5
2778,9,9,9,2,3,1,10,84,0,300,1,5
2779,9,232,10,1,3,2,28,95,180,300,3,5
2780,12,118,12,2,3,1,78,22,180,300,1,5
2781,14,339,14,2,3,1,87,56,420,540,3,5
2782,10,84,10,2,3,2,15,91,420,540,4,5
2783,11,100,11,1,3,2,55,92,180,300,2,5
2784,13,46,13,2,3,1,12,81,300,420,3,5
2785,6,265,6,2,3,1,26,62,420,540,4,5
2786,4,154,5,1,3,2,43,40,0,300,4,5
2787,2,295,2,2,3,1,54,48,300,420,3,5
2788,12,299,13,1,3,1,99,13,60,180,3,5
2789,2,481,4,1,3,2,78,61,0,300,1,5
2790,11,412,12,2,3,1,7,100,0,300,1,5
2791,10,295,10,2,3,1,96,34,300,420,3,5
2792,13,357,14,1,3,2,56,47,180,300,4,5
2793,2,155,2,1,3,2,1,51,180,300,4,5
2794,1,118,2,2,3,1,76,6,300,420,2,5
2795,9,489,11,1,3,2,96,23,180,300,3,5
2796,13,575,15,2,3,2,2,76,0,300,4,5
2797,14,304,14,2,3,2,64,67,420,540,4,5
2798,9,281,9,2,3,1,90,11,300,420,3,5
2799,6,343,7,2,3,2,52,92,180,300,2,5
2800,5,172,6,2,3,2,48,49,60,180,2,5
2801,7,204,7,2,3,2,96,67,300,600,4,5
2802,9,66,9,1,3,1,98,25,180,300,1,5
2803,13,348,13,2,3,1,25,86,420,540,2,5
2804,11,491,13,1,3,2,61,99,0,300,1,5
2805,6,387,6,2,3,2,20,68,420,540,4,5
2806,6,218,6,2,3,1,17,53,300,600,3,5
2807,10,72,12,2,3,1,33,63,0,300,4,5
2808,13,506,14,2,3,1,83,65,180,300,4,5
2809,9,439,10,1,3,2,55,26,60,180,3,5
2810,8,144,9,2,3,2,9,17,60,180,1,5
2811,10,375,11,1,3,2,34,84,0,300,4,5
2812,14,10,14,1,3,1,17,72,60,180,4,5
2813,4,329,5,2,3,2,41,39,180,300,3,5
2814,7,138,8,1,3,2,32,15,0,300,3,5
2815,6,209,6,2,3,2,96,50,300,420,2,5
2816,5,535,7,2,3,2,33,70,180,300,2,5
2817,9,555,10,1,3,1,12,39,60,180,1,5
2818,2,389,3,2,3,1,47,79,0,300,1,5
2819,13,320,13,2,3,2,29,69,420,540,3,5
2820,5,219,5,2,3,1,20,5,300,420,4,5
2821,4,344,4,2,3,2,31,38,420,540,2,5
2822,2,455,4,1,3,2,53,86,180,300,1,5
2823,7,50,7,1,3,1,23,69,60,180,4,5
2824,4,144,4,2,3,2,98,76,420,540,2,5
2825,2,212,3,1,3,2,20,48,180,300,3,5
2826,7,33,8,2,3,1,33,34,300,420,1,5
2827,3,174,4,1,3,2,83,76,0,300,2,5
2828,12,389,13,1,3,2,42,12,60,180,3,5
2829,1,494,2,2,3,2,96,24,180,300,4,5
2830,2,58,2,1,3,1,6,69,60,180,2,5
2831,5,514,7,1,3,2,86,95,180,300,4,5
2832,13,572,14,1,3,2,63,52,60,180,4,5
2833,10,0,10,1,3,2,87,43,60,180,2,5
2834,6,380,7,1,3,1,47,37,0,300,3,5
2835,13,427,15,1,3,2,15,28,0,300,4,5
2836,14,378,14,2,3,1,27,57,420,540,2,5
2837,7,196,7,2,3,2,56,9,300,600,1,5
2838,7,477,9,1,3,2,22,13,0,300,1,5
2839,1,252,3,2,3,2,18,41,300,600,1,5
2840,5,135,6,1,3,1,9,89,0,300,1,5
2841,14,429,15,2,3,1,27,37,420,540,3,5
2842,12,571,13,2,3,1,25,95,180,300,2,5
2843,1,423,3,2,3,1,59,97,300,600,3,5
2844,13,410,14,2,3,2,60,93,300,600,2,5
2845,3,370,3,2,3,1,69,65,420,540,2,5
2846,7,298,7,2,3,2,86,90,300,600,1,5
2847,9,576,11,2,3,1,39,35,300,420,3,5
2848,9,316,10,2,3,1,13,63,180,300,1,5
2849,13,321,14,2,3,2,100,11,60,180,4,5
2850,3,181,3,2,3,2,3,61,420,540,3,5
2851,2,167,2,1,3,2,78,4,180,300,1,5
2852,12,471,13,2,3,1,12,33,180,300,1,5
2853,8,239,8,2,3,2,65,32,300,600,3,5
2854,6,134,6,2,3,2,72,13,420,540,2,5
2855,12,528,13,1,3,1,8,55,180,300,1,5
2856,1,254,1,2,3,1,91,75,300,420,1,5
2857,6,197,6,2,3,1,62,59,420,540,2,5
2858,6,181,6,2,3,1,79,40,420,540,1,5
2859,10,32,11,1,3,1,39,97,180,300,2,5
2860,12,494,13,1,3,2,6,46,0,300,2,5
2861,1,326,1,2,3,1,26,94,420,540,1,5
2862,2,143,2,1,3,1,28,46,180,300,3,5
2863,2,537,3,1,3,1,54,17,60,180,2,5
2864,14,212,14,2,3,1,49,16,420,540,2,5
2865,2,299,2,2,3,1,64,10,300,420,3,5
2866,3,153,3,1,3,1,39,27,180,300,4,5
2867,14,364,14,2,3,2,1,58,420,540,2,5
2868,1,175,1,1,3,2,48,1,180,300,4,5
2869,9,203,10,1,3,2,67,36,0,300,1,5
2870,3,52,3,2,3,1,40,92,300,420,2,5
2871,6,512,8,1,3,1,63,9,180,300,3,5
2872,7,278,8,1,3,1,0,54,0,300,3,5
2873,2,409,2,2,3,1,33,60,420,540,4,5
2874,8,98,8,1,3,2,71,15,180,300,1,5
2875,13,106,14,2,3,2,71,7,60,180,3,5
2876,5,28,6,1,3,1,19,0,180,300,3,5
2877,6,481,8,1,3,1,87,57,60,180,1,5
2878,2,165,2,2,3,2,99,78,300,420,3,5
2879,13,91,14,2,3,1,90,21,60,180,3,5
2880,13,141,14,1,3,2,45,40,0,300,1,5
2881,1,551,2,1,3,2,59,33,180,300,1,5
2882,7,524,8,1,3,1,78,51,60,180,1,5
2883,4,353,5,2,3,2,43,67,180,300,2,5
2884,6,88,7,2,3,2,21,91,60,180,4,5
2885,2,57,2,2,3,2,22,88,0,300,2,5
2886,5,105,5,1,3,1,9,49,180,300,4,5
2887,11,155,11,2,3,2,98,43,420,540,2,5
2888,5,272,6,1,3,2,93,63,60,180,3,5
2889,8,184,8,2,3,1,18,2,420,540,2,5
2890,11,268,11,2,3,1,13,94,420,540,2,5
2891,7,484,8,2,3,1,76,67,60,180,4,5
2892,13,393,13,2,3,2,7,28,420,540,2,5
2893,4,395,4,2,3,1,25,61,420,540,4,5
2894,12,448,14,1,3,1,30,66,180,300,1,5
2895,1,33,1,1,3,1,84,53,60,180,1,5
2896,7,37,8,2,3,1,71,13,420,540,4,5
2897,3,231,3,2,3,1,97,29,300,600,2,5
2898,12,509,13,1,3,2,46,19,180,300,3,5
2899,4,154,4,2,3,1,98,96,420,540,2,5
2900,12,323,13,1,3,2,66,23,180,300,3,5
2901,3,71,3,1,3,2,62,90,180,300,2,5
2902,12,257,12,2,3,2,59,89,420,540,2,5
2903,3,8,3,1,3,1,56,16,60,180,2,5
2904,4,573,6,1,3,2,57,39,60,180,2,5
2905,10,545,12,1,3,2,48,22,0,300,4,5
2906,2,460,3,1,3,1,39,51,60,180,4,5
2907,6,458,7,2,3,1,0,76,420,540,4,5
2908,8,152,8,1,3,1,99,80,180,300,4,5
2909,8,228,9,1,3,1,66,37,60,180,4,5
2910,4,297,4,2,3,1,29,27,300,420,4,5
2911,7,318,7,2,3,1,42,14,420,540,2,5
2912,9,366,9,2,3,1,37,31,420,540,2,5
2913,5,455,6,2,3,1,34,41,300,420,2,5
2914,12,198,13,2,3,2,17,45,60,180,2,5
2915,9,325,9,2,3,1,71,74,420,540,1,5
2916,11,383,11,2,3,1,75,55,420,540,3,5
2917,3,382,3,2,3,2,40,39,420,540,1,5
2918,1,554,2,1,3,1,98,75,180,300,4,5
2919,11,453,12,1,3,2,72,40,0,300,1,5
2920,7,456,9,1,3,2,93,73,60,180,4,5
2921,1,222,2,1,3,2,48,41,0,300,1,5
2922,5,430,6,2,3,1,34,52,0,300,4,5
2923,8,206,9,2,3,2,11,40,420,540,2,5
2924,7,506,8,1,3,1,76,97,0,300,1,5
2925,6,164,6,2,3,1,47,15,300,600,1,5
2926,12,203,12,2,3,2,18,94,420,540,2,5
2927,8,220,8,2,3,2,51,85,300,420,3,5
2928,5,246,6,1,3,1,90,14,0,300,3,5
2929,5,425,6,2,3,1,44,38,0,300,1,5
2930,6,337,6,2,3,1,93,4,420,540,4,5
2931,5,581,7,1,3,1,10,50,0,300,1,5
2932,4,184,5,1,3,1,67,60,60,180,1,5
2933,5,112,7,1,3,1,1,49,60,180,4,5
2934,9,594,11,1,3,2,37,45,0,300,1,5
2935,11,217,11,2,3,2,88,53,300,600,1,5
2936,4,476,6,1,3,1,99,42,180,300,4,5
2937,4,213,4,2,3,2,13,3,420,540,3,5
2938,11,231,11,2,3,1,32,48,300,420,2,5
2939,4,401,4,2,3,1,0,29,420,540,4,5
2940,13,557,14,2,3,1,75,31,0,300,1,5
2941,2,192,2,2,3,2,100,20,300,600,4,5
2942,12,166,13,1,3,2,15,98,0,300,2,5
2943,4,552,5,1,3,2,33,44,60,180,3,5
2944,8,254,9,2,3,1,6,22,420,540,4,5
2945,4,360,4,2,3,2,94,52,420,540,4,5
2946,2,490,4,2,3,1,40,56,60,180,1,5
2947,1,350,1,2,3,2,32,2,420,540,4,5
2948,14,251,14,2,3,1,99,21,420,540,3,5
2949,10,7,11,1,3,1,65,64,60,180,1,5
2950,11,81,11,1,3,1,71,92,180,300,2,5
2951,3,465,4,2,3,2,55,62,300,420,3,5
2952,2,412,2,2,3,2,43,99,420,540,4,5
2953,1,540,3,1,3,1,94,65,0,300,1,5
2954,12,461,13,1,3,1,65,55,180,300,4,5
2955,12,424,13,1,3,2,22,96,60,180,1,5
2956,9,289,9,2,3,2,5,69,420,540,2,5
2957,8,44,10,2,3,1,90,68,300,600,3,5
2958,11,255,12,1,3,1,80,31,60,180,3,5
2959,3,324,3,2,3,2,79,43,420,540,2,5
2960,11,334,11,2,3,1,35,50,420,540,3,5
2961,10,491,11,1,3,1,32,86,0,300,4,5
2962,11,217,11,2,3,2,98,90,420,540,3,5
2963,6,366,6,2,3,2,100,21,420,540,3,5
2964,4,274,4,2,3,1,57,67,420,540,3,5
2965,12,254,12,2,3,1,57,77,300,420,3,5
2966,3,221,3,2,3,1,52,65,420,540,4,5
2967,11,500,13,2,3,2,34,38,180,300,3,5
2968,7,191,9,1,3,1,21,54,0,300,4,5
2969,3,180,4,1,3,2,25,58,180,300,4,5
2970,10,594,12,2,3,1,81,8,300,420,3,5
2971,9,65,9,1,3,1,36,84,180,300,4,5
2972,6,301,6,2,3,1,0,7,420,540,2,5
2973,13,300,14,2,3,1,53,66,300,600,4,5
2974,7,462,9,1,3,1,10,81,60,180,3,5
2975,10,243,11,1,3,2,90,97,180,300,1,5
2976,14,193,15,2,3,1,80,46,300,420,3,5
2977,3,122,4,1,3,2,59,3,60,180,4,5
2978,2,357,2,2,3,2,24,2,420,540,4,5
2979,9,572,11,2,3,1,100,80,60,180,3,5
2980,6,342,6,2,3,1,5,67,420,540,2,5
2981,3,159,5,1,3,2,53,80,0,300,4,5
2982,2,46,3,1,3,2,96,74,180,300,3,5
2983,14,225,14,2,3,2,29,3,420,540,4,5
2984,14,131,14,1,3,2,44,29,180,300,4,5
2985,2,44,2,1,3,2,28,42,60,180,3,5
2986,8,584,10,1,3,1,36,100,180,300,4,5
2987,9,561,10,1,3,1,25,100,180,300,2,5
2988,12,505,14,2,3,1,57,64,0,300,4,5
2989,8,140,8,1,3,2,92,6,180,300,4,5
2990,6,390,7,2,3,2,72,17,60,180,4,5
2991,2,291,2,2,3,2,86,81,300,420,3,5
2992,13,578,14,1,3,2,27,6,180,300,4,5
2993,11,497,12,1,3,2,22,82,0,300,4,5
2994,12,298,12,2,3,1,95,43,300,600,2,5
2995,8,577,10,2,3,2,20,44,0,300,1,5
2996,3,345,3,2,3,1,12,64,420,540,2,5
2997,14,506,16,2,3,2,6,66,60,180,2,5
2998,6,38,6,1,3,1,93,59,60,180,3,5
2999,11,389,11,2,3,1,12,47,420,540,3,5
3000,13,377,13,2,3,2,77,68,420,540,4,5
3001,12,352,12,2,3,1,47,73,420,540,3,5
3002,4,345,5,2,3,2,88,76,0,300,4,5
3003,9,51,10,1,3,2,44,86,60,180,1,5
3004,13,152,13,2,3,1,24,59,420,540,4,5
3005,13,305,13,2,3,2,56,88,420,540,1,5
3006,2,23,2,1,3,1,46,55,60,180,1,5
3007,11,176,11,1,3,2,68,49,180,300,1,5
3008,14,74,15,2,3,1,10,2,180,300,3,5
3009,8,228,8,2,3,1,24,34,300,600,2,5
3010,6,396,7,1,3,2,59,68,0,300,3,5
3011,9,278,9,2,3,2,99,74,300,420,3,5
3012,7,294,8,2,3,1,75,75,0,300,1,5
3013,3,582,4,2,3,1,48,46,180,300,4,5
3014,8,409,9,2,3,1,18,62,0,300,4,5
3015,13,381,13,2,3,1,33,72,420,540,2,5
3016,13,71,15,1,3,1,10,25,60,180,3,5
3017,14,128,14,2,3,1,55,83,300,600,1,5
3018,3,159,3,1,3,1,100,1,180,300,4,5
3019,4,256,4,2,3,2,68,74,300,600,1,5
3020,4,164,5,2,3,2,61,1,420,540,4,5
3021,6,291,6,2,3,1,25,27,300,420,3,5
3022,6,60,7,1,3,2,40,84,180,300,2,5
3023,10,428,11,2,3,1,84,24,300,600,3,5
3024,1,134,2,1,3,2,2,10,180,300,1,5
3025,8,492,10,2,3,2,7,73,60,180,3,5
3026,11,176,12,2,3,2,51,29,300,420,3,5
3027,12,524,13,1,3,2,95,58,180,300,4,5
3028,12,243,12,2,3,1,100,94,420,540,2,5
3029,14,535,16,1,3,1,95,41,0,300,3,5
3030,4,475,6,1,3,2,77,81,60,180,3,5
3031,9,83,9,2,3,2,7,43,300,600,3,5
3032,11,202,11,2,3,2,75,27,420,540,1,5
3033,5,481,7,2,3,2,27,24,300,600,3,5
3034,10,36,11,1,3,1,42,65,60,180,3,5
3035,13,87,15,1,3,2,46,55,0,300,2,5
3036,6,324,7,2,3,1,57,11,420,540,2,5
3037,5,430,6,1,3,1,40,35,60,180,3,5
3038,9,220,9,2,3,1,15,18,420,540,1,5
3039,14,460,15,1,3,2,54,55,180,300,4,5
3040,12,403,12,2,3,1,15,21,420,540,3,5
3041,13,122,13,2,3,2,25,5,420,540,2,5
3042,5,429,7,2,3,1,44,1,180,300,3,5
3043,1,529,3,1,3,1,0,12,0,300,1,5
3044,9,231,9,2,3,2,22,48,300,420,4,5
3045,14,486,15,1,3,1,66,66,180,300,3,5
3046,12,524,13,1,3,1,48,43,180,300,3,5
3047,13,13,13,2,3,2,25,97,0,300,3,5
3048,7,335,7,2,3,2,39,70,420,540,2,5
3049,13,515,14,1,3,2,92,90,0,300,2,5
3050,6,417,6,2,3,2,70,96,420,540,1,5
3051,9,327,9,2,3,2,31,93,420,540,2,5
3052,10,64,10,2,3,1,44,73,180,300,1,5
3053,6,395,6,2,3,2,51,26,420,540,4,5
3054,14,116,14,1,3,2,31,77,180,300,3,5
3055,11,184,11,2,3,1,49,85,420,540,4,5
3056,9,211,9,2,3,1,51,90,300,420,1,5
3057,13,356,14,2,3,1,89,31,180,300,3,5
3058,2,340,3,1,3,1,97,53,60,180,1,5
3059,9,245,9,2,3,1,8,41,300,420,4,5
3060,13,354,13,2,3,1,14,59,420,540,1,5
3061,2,204,2,2,3,1,20,54,420,540,3,5
3062,4,102,5,1,3,2,4,40,60,180,2,5
3063,10,372,11,1,3,1,43,96,0,300,4,5
3064,12,561,14,1,3,2,77,98,60,180,2,5
3065,3,137,3,1,3,2,27,98,180,300,4,5
3066,12,534,13,1,3,2,33,5,180,300,2,5
3067,12,502,14,2,3,1,75,63,60,180,3,5
3068,7,412,7,2,3,1,27,92,420,540,1,5
3069,11,472,13,1,3,2,100,3,0,300,2,5
3070,14,300,14,2,3,2,83,78,420,540,4,5
3071,12,163,12,1,3,1,71,68,180,300,3,5
3072,1,500,2,1,3,2,27,7,0,300,4,5
3073,2,86,2,1,3,1,84,32,180,300,4,5
3074,4,301,5,1,3,1,1,87,0,300,3,5
3075,1,193,2,1,3,2,12,73,60,180,3,5
3076,12,522,14,2,3,1,27,83,300,600,2,5
3077,13,596,15,2,3,1,32,51,420,540,2,5
3078,1,563,2,2,3,1,11,26,420,540,4,5
3079,6,596,7,2,3,2,47,12,60,180,3,5
3080,6,95,6,1,3,2,28,94,180,300,2,5
1,,,1,1,2,1,90,54,300,600,2,5
2,,,2,2,2,2,91,35,0,300,4,5
3,,,2,2,2,2,50,56,180,300,1,5
4,,,2,2,2,2,48,81,180,300,3,5
5,,,1,1,2,2,72,81,300,600,4,5
6,,,1,1,2,2,93,75,300,600,4,5
7,,,1,1,2,2,30,19,420,540,4,5
8,,,1,1,2,2,11,93,300,600,3,5
9,,,1,1,2,1,42,20,420,540,4,5
10,,,2,2,2,1,66,81,300,420,1,5
11,,,2,2,2,2,38,65,60,180,3,5
12,,,2,2,2,1,94,79,0,300,3,5
13,,,2,2,2,1,82,95,60,180,4,5
14,,,2,2,2,1,40,75,0,300,2,5
15,,,1,1,2,2,12,11,300,600,1,5
16,,,1,1,2,2,73,45,420,540,1,5
17,,,1,1,2,1,86,97,300,600,2,5
18,,,1,1,2,2,36,55,420,540,1,5
19,,,1,1,2,1,27,53,300,600,1,5
20,,,1,1,2,1,24,35,300,600,2,5
21,,,2,2,2,1,71,46,180,300,2,5
22,,,2,2,2,2,43,5,0,300,3,5
23,,,2,2,2,1,42,5,0,300,4,5
24,,,1,1,2,1,23,14,300,600,1,5
25,,,2,2,2,2,48,26,180,300,1,5
26,,,1,1,2,2,80,38,420,540,4,5
27,,,1,1,2,2,45,24,420,540,1,5
28,,,1,1,2,2,15,67,300,600,2,5
29,,,1,1,2,2,3,72,420,540,2,5
30,,,1,1,2,2,18,84,420,540,4,5
31,,,2,2,2,2,86,51,0,300,4,5
32,,,1,1,2,1,80,42,300,600,3,5
33,,,2,2,2,1,36,36,180,300,4,5
34,,,1,1,2,1,50,2,300,600,2,5
35,,,2,2,2,2,51,51,60,180,3,5
36,,,2,2,2,2,85,93,60,180,3,5
37,,,1,1,2,1,98,67,300,600,1,5
38,,,2,2,2,1,4,5,60,180,3,5
39,,,1,1,2,1,47,18,420,540,2,5
40,,,1,1,2,2,50,52,300,600,1,5
41,,,2,2,2,2,29,59,180,300,2,5
42,,,1,1,2,2,84,15,300,600,4,5
43,,,1,1,2,1,58,63,420,540,1,5
44,,,2,2,2,1,32,91,60,180,1,5
45,,,2,2,2,2,23,95,0,300,3,5
46,,,1,1,2,1,12,35,420,540,2,5
47,,,1,1,2,2,50,74,300,600,1,5
48,,,2,2,2,1,14,88,300,420,2,5
49,,,1,1,2,2,34,4,420,540,4,5
50,,,1,1,2,2,5,18,300,600,3,5
51,,,1,1,2,1,12,84,300,600,4,5
52,,,2,2,2,1,64,74,0,300,3,5
53,,,1,1,2,2,20,5,420,540,2,5
54,,,1,1,2,2,29,97,420,540,2,5
55,,,2,2,2,1,60,75,0,300,4,5
56,,,1,1,2,1,4,83,420,540,3,5
57,,,2,2,2,2,7,66,420,540,2,5
58,,,1,1,2,1,15,34,420,540,4,5
59,,,2,2,2,1,51,21,0,300,3,5
60,,,1,1,2,2,45,85,420,540,1,5
61,,,1,1,2,1,56,93,300,600,3,5
62,,,2,2,2,1,91,7,180,300,4,5
63,,,2,2,2,1,85,89,60,180,4,5
64,,,1,1,2,2,46,89,420,540,2,5
65,,,1,1,2,2,51,65,300,600,2,5
66,,,1,1,2,1,52,76,300,600,2,5
67,,,2,2,2,1,28,21,180,300,1,5
68,,,1,1,2,2,83,6,420,540,2,5
69,,,2,2,2,2,56,7,0,300,3,5
70,,,1,1,2,1,21,7,420,540,1,5
71,,,1,1,2,1,17,41,420,540,2,5
72,,,2,2,2,2,78,50,300,420,4,5
73,,,1,1,2,1,63,5,300,600,2,5
74,,,1,1,2,1,94,92,420,540,1,5
75,,,1,1,2,1,72,38,300,600,3,5
76,,,2,2,2,1,8,78,180,300,3,5
77,,,1,1,2,2,51,19,420,540,1,5
78,,,1,1,2,2,52,25,420,540,2,5
79,,,1,1,2,1,22,80,300,600,3,5
80,,,1,1,2,2,67,52,420,540,4,5
81,,,2,2,2,1,46,15,180,300,1,5
82,,,1,1,2,2,64,81,420,540,2,5
83,,,2,2,2,2,14,73,180,300,4,5
84,,,2,2,2,2,41,75,60,180,3,5
85,,,1,1,2,1,30,81,300,600,1,5
86,,,1,1,2,2,25,69,420,540,2,5
87,,,1,1,2,1,36,59,300,600,1,5
88,,,2,2,2,1,35,40,60,180,1,5
89,,,2,2,2,2,51,40,180,300,3,5
90,,,2,2,2,2,67,72,300,600,4,5
91,,,2,2,2,2,92,8,300,600,4,5
92,,,1,1,2,2,68,78,300,600,3,5
93,,,1,1,2,1,40,61,420,540,1,5
94,,,1,1,2,2,94,31,300,600,4,5
95,,,2,2,2,2,54,61,0,300,4,5
96,,,2,2,2,2,87,78,180,300,4,5
97,,,1,1,2,2,45,5,300,600,3,5
98,,,1,1,2,2,79,9,420,540,3,5
99,,,1,1,2,2,1,25,420,540,1,5
100,,,2,2,2,2,96,91,420,540,2,5
101,,,1,1,2,1,58,47,300,600,3,5
102,,,1,1,2,1,29,57,420,540,3,5
103,,,2,2,2,2,97,85,180,300,2,5
104,,,2,2,2,1,99,19,60,180,3,5
105,,,2,2,2,1,54,44,420,540,2,5
106,,,2,2,2,2,78,69,60,180,2,5
107,,,1,1,2,1,48,13,420,540,3,5
108,,,1,1,2,1,68,74,300,600,4,5
109,,,1,1,2,2,3,79,300,600,1,5
110,,,1,1,2,2,38,52,420,540,4,5
111,,,1,1,2,1,66,87,300,600,3,5
112,,,2,2,2,1,30,64,60,180,4,5
113,,,1,1,2,1,74,85,420,540,1,5
114,,,2,2,2,2,59,40,60,180,2,5
115,,,1,1,2,2,75,82,300,600,3,5
116,,,2,2,2,1,9,11,60,180,4,5
117,,,2,2,2,1,95,95,300,600,2,5
118,,,1,1,2,1,9,39,420,540,1,5
119,,,1,1,2,2,44,64,420,540,2,5
120,,,2,1,2,1,89,89,300,600,1,5
121,,,3,2,2,1,67,29,180,300,1,5
122,,,2,1,2,1,57,35,420,540,3,5
123,,,2,1,2,2,91,45,420,540,2,5
124,,,2,1,2,1,100,0,300,600,2,5
125,,,2,1,2,2,26,71,300,600,2,5
126,,,2,1,2,2,16,0,300,600,3,5
127,,,2,1,2,2,67,82,300,600,2,5
128,,,2,1,2,2,87,33,300,600,3,5
129,,,2,1,2,2,76,31,300,600,2,5
130,,,2,1,2,2,36,55,420,540,4,5
131,,,2,1,2,2,10,2,420,540,2,5
132,,,2,1,2,1,52,87,420,540,2,5
133,,,2,1,2,1,23,83,300,600,3,5
134,,,3,2,2,2,93,58,60,180,4,5
135,,,2,1,2,2,86,52,300,600,1,5
136,,,3,2,2,2,56,43,180,300,4,5
137,,,3,2,2,2,81,25,420,540,1,5
138,,,3,2,2,2,20,52,180,300,4,5
139,,,2,1,2,2,98,87,300,600,1,5
140,,,3,2,2,1,65,60,180,300,4,5
141,,,2,1,2,2,77,81,300,600,1,5
142,,,2,1,2,1,82,25,420,540,4,5
143,,,2,1,2,2,82,31,420,540,3,5
144,,,3,2,2,2,7,43,0,300,3,5
145,,,2,1,2,1,36,61,420,540,2,5
146,,,2,1,2,2,29,5,300,600,1,5
147,,,2,1,2,2,85,24,420,540,1,5
148,,,3,2,2,2,43,98,0,300,4,5
149,,,3,2,2,1,6,88,300,600,3,5
150,,,2,1,2,1,50,44,300,600,1,5
151,,,12,1,2,1,51,53,300,600,3,5
152,,,6,2,2,2,36,39,300,420,3,5
153,,,16,2,2,1,11,13,180,300,1,5
154,,,4,2,2,1,50,34,60,180,4,5
155,,,9,1,2,2,46,53,420,540,2,5
156,,,11,2,2,1,89,83,180,300,1,5
157,,,11,1,2,2,79,79,300,600,2,5
158,,,2,1,2,1,3,1,300,600,4,5
159,,,10,1,2,1,41,4,300,600,2,5
160,,,8,2,2,1,85,40,420,540,4,5
161,,,2,1,2,2,33,41,420,540,3,5
162,,,14,1,2,1,62,26,420,540,2,5
163,,,9,2,2,1,0,53,420,540,1,5
164,,,7,1,2,1,52,35,420,540,2,5
165,,,11,1,2,1,23,79,420,540,4,5
166,,,14,1,2,2,53,31,420,540,2,5
167,,,6,1,2,1,10,1,300,600,2,5
168,,,7,2,2,1,22,8,420,540,4,5
169,,,14,1,2,1,30,40,300,600,2,5
170,,,8,2,2,1,13,67,180,300,4,5
171,,,9,1,2,2,34,72,300,600,4,5
172,,,12,2,2,2,27,26,180,300,3,5
173,,,10,1,2,2,37,13,420,540,2,5
174,,,15,1,2,2,66,19,300,600,4,5
175,,,12,2,2,2,98,18,180,300,3,5
176,,,8,1,2,1,4,87,420,540,3,5
177,,,4,2,2,2,84,44,300,600,3,5
178,,,11,2,2,1,100,76,180,300,3,5
179,,,3,1,2,2,75,51,300,600,1,5
180,,,2,2,2,1,89,96,420,540,2,5
181,,,5,1,2,1,65,29,420,540,3,5
182,,,11,2,2,1,65,68,180,300,3,5
183,,,12,2,2,1,10,64,420,540,3,5
184,,,4,1,2,2,98,50,420,540,4,5
185,,,11,1,2,2,41,50,420,540,4,5
186,,,14,2,2,2,99,7,180,300,3,5
187,,,5,2,2,2,14,64,300,420,2,5
188,,,6,1,2,1,2,43,300,600,2,5
189,,,2,1,2,1,94,41,300,600,2,5
190,,,10,2,2,1,10,87,0,300,3,5
191,,,7,2,2,2,90,34,60,180,1,5
192,,,14,2,2,2,25,5,180,300,4,5
193,,,5,2,2,1,58,61,300,420,4,5
194,,,8,2,2,2,36,79,0,300,2,5
195,,,15,2,2,2,63,97,420,540,2,5
196,,,15,1,2,2,36,22,300,600,1,5
197,,,2,2,2,1,4,37,420,540,1,5
198,,,12,2,2,2,31,100,180,300,3,5
199,,,9,2,2,1,43,28,300,420,2,5
200,,,13,1,2,1,2,47,300,600,2,5
201,,,14,2,2,1,73,90,60,180,3,5
202,,,7,2,2,2,28,98,420,540,3,5
203,,,16,2,2,1,84,21,60,180,1,5
204,,,15,1,2,2,73,11,420,540,1,5
205,,,15,1,2,2,70,28,420,540,1,5
206,,,13,1,2,2,74,40,420,540,2,5
207,,,9,1,2,2,39,73,300,600,1,5
208,,,11,1,2,1,25,7,420,540,2,5
209,,,13,2,2,2,15,85,180,300,4,5
210,,,11,1,2,2,36,49,420,540,3,5
211,,,11,2,2,1,33,42,300,420,1,5
212,,,14,2,2,2,74,49,60,180,1,5
213,,,16,1,2,1,73,99,420,540,3,5
214,,,10,1,2,1,8,42,300,600,4,5
215,,,4,1,2,1,17,82,420,540,3,5
216,,,16,2,2,2,25,14,60,180,4,5
217,,,2,1,2,2,32,57,300,600,2,5
218,,,13,1,2,1,37,88,300,600,4,5
219,,,14,1,2,1,58,9,300,600,3,5
220,,,9,1,2,1,96,41,420,540,2,5
221,,,4,2,2,2,85,32,0,300,1,5
222,,,14,2,2,1,17,25,180,300,4,5
223,,,15,2,2,2,39,51,420,540,4,5
224,,,10,2,2,1,61,71,60,180,4,5
225,,,4,1,2,2,42,8,300,600,1,5
226,,,6,1,2,2,46,53,420,540,4,5
227,,,10,1,2,2,8,89,300,600,4,5
228,,,12,2,2,2,0,52,180,300,4,5
229,,,7,2,2,2,48,61,0,300,2,5
230,,,12,1,2,1,40,78,300,600,1,5
231,,,13,2,2,2,55,83,0,300,2,5
232,,,4,2,2,1,44,40,60,180,4,5
233,,,6,2,2,1,36,84,180,300,3,5
234,,,13,1,2,2,85,88,420,540,1,5
235,,,12,2,2,1,52,83,0,300,2,5
236,,,15,1,2,1,5,28,420,540,1,5
237,,,13,1,2,1,5,56,420,540,2,5
238,,,11,2,2,1,10,58,420,540,1,5
239,,,2,1,2,1,25,64,300,600,2,5
240,,,3,1,2,1,83,37,300,600,4,5
241,,,6,2,2,1,30,33,420,540,1,5
242,,,6,1,2,2,28,64,420,540,1,5
243,,,11,2,2,2,21,97,420,540,1,5
244,,,3,2,2,1,52,40,180,300,4,5
245,,,4,1,2,1,88,37,420,540,3,5
246,,,15,1,2,2,46,72,300,600,1,5
247,,,9,2,2,1,47,34,0,300,4,5
248,,,6,1,2,1,87,53,420,540,2,5
249,,,14,2,2,1,31,37,180,300,1,5
250,,,4,1,2,1,28,77,420,540,4,5
251,,,2,1,2,1,71,31,420,540,2,5
252,,,4,2,2,2,97,27,180,300,4,5
253,,,7,1,2,2,84,39,420,540,3,5
254,,,5,2,2,2,63,12,180,300,3,5
255,,,3,2,2,1,12,20,180,300,4,5
256,,,1,1,2,2,7,47,420,540,3,5
257,,,17,2,2,2,68,6,60,180,1,5
258,,,4,1,2,1,63,2,420,540,1,5
259,,,12,2,2,2,85,84,300,420,4,5
260,,,11,1,2,1,58,74,420,540,1,5
261,,,3,1,2,1,60,34,300,600,3,5
262,,,9,1,2,1,69,25,300,600,2,5
263,,,6,2,2,2,40,80,60,180,2,5
264,,,3,2,2,2,6,70,420,540,2,5
265,,,5,2,2,1,92,81,180,300,4,5
266,,,3,2,2,2,99,65,300,420,4,5
267,,,11,2,2,1,11,78,0,300,3,5
268,,,2,1,2,2,12,83,300,600,1,5
269,,,15,1,2,1,77,38,420,540,4,5
270,,,3,1,2,1,32,42,300,600,4,5
271,,,5,2,2,1,25,86,180,300,4,5
272,,,14,1,2,1,73,48,420,540,1,5
273,,,3,1,2,2,61,42,300,600,1,5
274,,,8,1,2,1,29,21,420,540,4,5
275,,,10,2,2,1,24,1,60,180,2,5
276,,,1,1,2,1,53,27,420,540,2,5
277,,,13,2,2,1,48,27,180,300,4,5
278,,,7,2,2,2,49,25,60,180,2,5
279,,,12,2,2,1,67,79,0,300,3,5
280,,,9,1,2,1,58,45,300,600,4,5
281,,,6,1,2,2,71,3,420,540,3,5
282,,,15,1,2,2,66,40,420,540,2,5
283,,,3,1,2,2,56,9,300,600,1,5
284,,,4,2,2,1,30,51,420,540,1,5
285,,,2,1,2,1,20,91,420,540,3,5
286,,,11,2,2,1,84,96,300,600,3,5
287,,,6,1,2,2,78,32,300,600,3,5
288,,,3,1,2,2,47,12,420,540,3,5
289,,,14,1,2,1,29,21,300,600,1,5
290,,,5,2,2,2,9,34,300,420,3,5
291,,,8,2,2,1,37,8,0,300,1,5
292,,,4,2,2,2,42,98,60,180,1,5
293,,,14,2,2,2,47,54,0,300,2,5
294,,,13,2,2,2,74,20,420,540,1,5
295,,,7,2,2,2,33,81,180,300,4,5
296,,,4,2,2,2,54,28,180,300,3,5
297,,,13,2,2,1,28,75,0,300,2,5
298,,,5,1,2,2,68,85,420,540,1,5
299,,,13,1,2,2,54,89,300,600,1,5
300,,,6,1,2,2,31,19,300,600,1,5
301,,,8,1,2,2,0,99,420,540,2,5
302,,,10,2,2,1,43,26,180,300,1,5
303,,,8,2,2,2,70,97,60,180,2,5
304,,,14,2,2,2,28,54,420,540,3,5
305,,,11,1,2,1,66,14,420,540,4,5
306,,,10,1,2,1,27,22,420,540,3,5
307,,,11,1,2,1,47,29,300,600,2,5
308,,,2,1,2,2,70,6,300,600,3,5
309,,,12,2,2,1,25,11,300,420,4,5
310,,,3,1,2,1,80,35,300,600,1,5
311,,,12,2,2,1,94,53,0,300,3,5
312,,,12,1,2,1,42,47,420,540,4,5
313,,,16,1,2,1,68,96,300,600,4,5
314,,,12,2,2,1,70,75,60,180,3,5
315,,,11,1,2,2,56,2,420,540,2,5
316,,,16,2,2,1,44,86,300,420,1,5
317,,,4,2,2,2,67,19,60,180,3,5
318,,,3,1,2,2,5,32,420,540,2,5
319,,,1,1,2,1,44,18,300,600,2,5
320,,,15,2,2,2,94,42,300,420,4,5
321,,,9,2,2,1,9,60,60,180,2,5
322,,,13,1,2,2,66,68,300,600,4,5
323,,,7,1,2,2,18,35,300,600,3,5
324,,,7,2,2,2,72,89,180,300,3,5
325,,,12,2,2,2,31,32,0,300,2,5
326,,,12,1,2,2,91,18,420,540,4,5
327,,,3,1,2,1,30,3,420,540,2,5
328,,,7,1,2,1,35,27,300,600,3,5
329,,,12,1,2,2,41,83,300,600,1,5
330,,,4,1,2,2,99,31,300,600,3,5
331,,,3,1,2,1,38,51,420,540,2,5
332,,,2,1,2,2,67,9,420,540,1,5
333,,,4,1,2,1,86,17,300,600,3,5
334,,,3,1,2,1,5,56,300,600,2,5
335,,,8,2,2,2,85,75,300,600,3,5
336,,,15,1,2,2,41,58,300,600,2,5
337,,,10,2,2,1,97,31,0,300,3,5
338,,,8,2,2,1,72,63,0,300,2,5
339,,,6,1,2,2,63,38,420,540,1,5
340,,,11,2,2,1,78,12,60,180,3,5
341,,,15,1,2,2,7,12,420,540,1,5
342,,,2,1,2,1,85,73,420,540,1,5
343,,,10,1,2,1,16,0,300,600,3,5
344,,,2,1,2,1,98,1,300,600,3,5
345,,,10,2,2,1,6,8,60,180,4,5
346,,,2,1,2,1,76,35,300,600,4,5
347,,,3,2,2,1,59,52,180,300,2,5
348,,,15,1,2,1,100,67,300,600,4,5
349,,,12,1,2,1,90,24,300,600,2,5
350,,,9,1,2,2,60,45,420,540,3,5
351,,,3,1,2,2,22,77,420,540,1,5
352,,,4,1,2,1,9,17,420,540,2,5
353,,,12,2,2,2,68,31,300,600,1,5
354,,,6,1,2,1,59,96,420,540,2,5
355,,,4,2,2,1,26,35,0,300,4,5
356,,,15,2,2,2,20,26,300,600,4,5
357,,,13,1,2,1,53,50,420,540,4,5
358,,,13,1,2,1,14,91,300,600,4,5
359,,,8,2,2,2,51,87,60,180,2,5
360,,,9,2,2,1,92,70,60,180,4,5
361,,,8,1,2,1,53,81,300,600,1,5
362,,,6,2,2,1,97,37,420,540,1,5
363,,,8,1,2,1,2,32,420,540,3,5
364,,,5,2,2,2,80,99,60,180,4,5
365,,,3,1,2,1,36,84,420,540,2,5
366,,,12,1,2,1,69,40,300,600,4,5
367,,,9,2,2,1,33,32,0,300,4,5
368,,,10,1,2,2,22,98,300,600,2,5
369,,,2,1,2,2,14,39,300,600,1,5
370,,,5,2,2,1,42,44,180,300,1,5
371,,,3,2,2,2,30,70,300,600,1,5
372,,,10,2,2,1,38,96,420,540,3,5
373,,,13,2,2,1,76,14,60,180,2,5
374,,,4,2,2,2,5,14,60,180,1,5
375,,,5,1,2,1,21,56,300,600,4,5
376,,,5,1,2,2,39,18,420,540,1,5
377,,,6,1,2,1,88,69,300,600,2,5
378,,,3,1,2,1,100,99,420,540,2,5
379,,,6,2,2,2,58,74,420,540,3,5
380,,,9,1,2,2,5,50,300,600,2,5
381,,,15,1,2,2,44,83,300,600,3,5
382,,,4,2,2,1,21,5,300,600,3,5
383,,,3,1,2,2,5,10,300,600,3,5
384,,,11,2,2,1,49,22,180,300,2,5
385,,,13,1,2,1,17,2,300,600,4,5
386,,,2,2,2,1,9,59,0,300,4,5
387,,,14,1,2,2,78,73,300,600,3,5
388,,,10,1,2,1,47,58,420,540,2,5
389,,,13,2,2,1,4,16,0,300,2,5
390,,,4,2,2,1,16,72,420,540,3,5
391,,,5,1,2,2,80,17,300,600,4,5
392,,,2,1,2,2,32,75,300,600,1,5
393,,,9,1,2,2,42,7,420,540,2,5
394,,,5,1,2,1,46,78,300,600,4,5
395,,,9,2,2,1,44,52,0,300,3,5
396,,,6,2,2,1,79,87,300,420,2,5
397,,,12,2,2,1,74,35,180,300,3,5
398,,,3,2,2,2,68,4,60,180,2,5
399,,,2,2,2,1,7,67,60,180,3,5
400,,,9,1,2,1,62,21,300,600,3,5
401,,,9,1,2,1,58,65,420,540,4,5
402,,,8,1,2,2,36,95,300,600,2,5
403,,,15,1,2,1,29,61,300,600,2,5
404,,,3,2,2,2,11,90,420,540,3,5
405,,,5,2,2,1,88,0,0,300,3,5
406,,,11,1,2,1,9,72,300,600,4,5
407,,,15,1,2,2,44,23,300,600,1,5
408,,,8,2,2,1,56,69,300,420,4,5
409,,,11,2,2,2,85,8,0,300,3,5
410,,,4,2,2,1,83,34,300,600,3,5
411,,,13,1,2,2,97,54,420,540,3,5
412,,,3,1,2,1,11,94,420,540,4,5
413,,,3,2,2,1,31,62,300,420,2,5
414,,,5,1,2,1,59,100,420,540,2,5
415,,,6,1,2,1,11,74,300,600,1,5
416,,,4,1,2,1,88,14,300,600,2,5
417,,,5,2,2,1,58,52,60,180,3,5
418,,,4,2,2,2,80,11,300,600,2,5
419,,,9,2,2,2,65,85,420,540,4,5
420,,,15,1,2,1,91,4,420,540,1,5
421,,,12,1,2,1,40,71,300,600,2,5
422,,,8,2,2,2,7,55,300,600,2,5
423,,,14,1,2,2,25,94,420,540,2,5
424,,,6,2,2,2,92,91,420,540,2,5
425,,,10,1,2,1,100,80,300,600,4,5
426,,,15,1,2,1,8,51,300,600,4,5
427,,,6,1,2,1,52,28,300,600,1,5
428,,,4,1,2,1,28,38,420,540,3,5
429,,,14,2,2,1,1,23,60,180,1,5
430,,,1,1,2,2,40,30,420,540,2,5
431,,,9,2,2,1,64,11,180,300,1,5
432,,,7,1,2,2,47,56,420,540,1,5
433,,,15,2,2,2,81,94,420,540,4,5
434,,,2,2,2,1,8,80,0,300,2,5
435,,,12,2,2,2,49,38,180,300,1,5
436,,,11,1,2,2,0,36,420,540,1,5
437,,,15,2,2,1,62,94,60,180,3,5
438,,,7,2,2,2,98,44,300,600,1,5
439,,,7,2,2,2,60,98,300,600,2,5
440,,,14,2,2,1,26,56,0,300,4,5
441,,,14,1,2,1,46,87,300,600,3,5
442,,,7,1,2,2,62,15,420,540,2,5
443,,,3,2,2,2,13,3,60,180,4,5
444,,,10,1,2,1,84,32,300,600,3,5
445,,,2,1,2,1,63,24,300,600,1,5
446,,,11,2,2,1,74,3,420,540,1,5
447,,,6,2,2,2,65,72,60,180,2,5
448,,,14,2,2,2,25,63,60,180,2,5
449,,,5,2,2,2,4,18,420,540,4,5
450,,,8,1,2,2,97,54,420,540,1,5
451,,,12,2,2,2,62,83,420,540,4,5
452,,,2,1,2,2,97,3,300,600,1,5
453,,,5,2,2,2,90,15,300,600,4,5
454,,,7,2,2,1,82,53,0,300,1,5
455,,,14,2,2,2,15,31,0,300,4,5
456,,,12,2,2,2,88,67,300,420,4,5
457,,,5,1,2,2,17,76,300,600,3,5
458,,,14,1,2,2,82,46,300,600,1,5
459,,,12,2,2,2,99,38,0,300,4,5
460,,,9,1,2,2,94,88,420,540,3,5
461,,,7,2,2,2,35,76,60,180,1,5
462,,,7,2,2,1,16,86,0,300,1,5
463,,,6,1,2,2,69,2,420,540,1,5
464,,,13,2,2,1,95,14,300,600,4,5
465,,,11,2,2,1,52,79,0,300,3,5
466,,,13,2,2,2,66,48,0,300,3,5
467,,,7,1,2,2,83,80,300,600,2,5
468,,,2,1,2,1,25,53,300,600,2,5
469,,,4,2,2,1,11,43,300,420,4,5
470,,,8,2,2,1,30,15,0,300,1,5
471,,,11,2,2,2,76,44,180,300,4,5
472,,,13,1,2,2,29,27,420,540,4,5
473,,,7,2,2,1,94,21,60,180,3,5
474,,,8,1,2,1,67,1,300,600,2,5
475,,,10,2,2,2,53,81,0,300,2,5
476,,,7,1,2,1,15,19,300,600,3,5
477,,,12,2,2,2,98,99,0,300,2,5
478,,,11,2,2,1,89,17,420,540,2,5
479,,,11,2,2,2,36,62,0,300,2,5
480,,,8,2,2,2,81,65,300,600,4,5
481,,,16,1,2,1,30,2,420,540,3,5
482,,,16,2,2,2,89,66,180,300,3,5
483,,,2,1,2,1,96,58,420,540,2,5
484,,,7,1,2,1,29,78,300,600,2,5
485,,,13,2,2,2,17,28,0,300,3,5
486,,,8,2,2,1,59,94,420,540,1,5
487,,,11,2,2,2,49,60,420,540,1,5
488,,,6,1,2,1,4,36,300,600,1,5
489,,,10,2,2,1,57,18,180,300,3,5
490,,,2,1,2,2,40,55,420,540,4,5
491,,,11,1,2,2,4,47,300,600,1,5
492,,,3,1,2,1,9,83,300,600,4,5
493,,,13,1,2,2,79,23,300,600,4,5
494,,,13,1,2,1,2,65,420,540,4,5
495,,,5,1,2,1,50,44,300,600,3,5
496,,,15,1,2,2,96,79,300,600,2,5
497,,,10,2,2,2,52,84,300,420,3,5
498,,,6,2,2,2,42,56,420,540,1,5
499,,,6,2,2,2,94,82,0,300,4,5
500,,,11,1,2,1,63,9,420,540,1,5
501,,,14,2,2,1,93,46,180,300,3,5
502,,,13,2,2,2,68,81,180,300,1,5
503,,,5,1,2,1,93,67,300,600,3,5
504,,,11,2,2,2,100,51,300,600,4,5
505,,,16,2,2,1,14,47,0,300,2,5
506,,,14,1,2,2,60,31,420,540,1,5
507,,,4,1,2,2,70,46,420,540,2,5
508,,,10,2,2,1,5,89,0,300,4,5
509,,,3,2,2,2,53,73,60,180,2,5
510,,,15,1,2,2,80,82,300,600,3,5
511,,,3,2,2,1,86,49,60,180,1,5
512,,,9,2,2,2,40,97,0,300,1,5
513,,,7,1,2,1,44,48,300,600,4,5
514,,,6,2,2,1,39,58,420,540,2,5
515,,,10,2,2,2,96,16,60,180,1,5
516,,,5,2,2,2,59,35,180,300,1,5
517,,,9,1,2,1,22,89,420,540,4,5
518,,,12,2,2,1,48,27,300,420,2,5
519,,,10,1,2,2,64,36,300,600,2,5
520,,,1,1,2,2,79,66,300,600,4,5
521,,,11,2,2,2,18,42,420,540,4,5
522,,,5,2,2,2,64,93,0,300,1,5
523,,,9,1,2,2,81,43,420,540,4,5
524,,,8,1,2,2,53,36,420,540,1,5
525,,,11,2,2,2,51,66,60,180,4,5
526,,,3,2,2,1,16,16,60,180,1,5
527,,,14,2,2,1,11,36,0,300,2,5
528,,,9,1,2,1,44,17,300,600,1,5
529,,,2,1,2,2,38,33,300,600,1,5
530,,,10,1,2,1,1,65,420,540,4,5
531,,,9,1,2,2,73,84,300,600,4,5
532,,,13,2,2,2,65,63,180,300,4,5
533,,,15,2,2,2,23,82,180,300,4,5
534,,,4,1,2,1,97,14,300,600,1,5
535,,,2,2,2,1,39,12,60,180,1,5
536,,,15,2,2,2,39,97,0,300,3,5
537,,,8,2,2,2,7,94,60,180,2,5
538,,,4,2,2,2,0,28,180,300,3,5
539,,,11,2,2,1,63,86,0,300,3,5
540,,,2,1,2,1,54,44,300,600,1,5
541,,,5,1,2,1,11,66,420,540,3,5
542,,,4,1,2,2,94,57,420,540,1,5
543,,,8,1,2,2,9,27,420,540,1,5
544,,,10,2,2,1,33,58,420,540,2,5
545,,,8,1,2,1,69,57,300,600,3,5
546,,,14,2,2,1,89,67,60,180,1,5
547,,,7,1,2,1,30,99,300,600,3,5
548,,,8,2,2,1,0,43,420,540,1,5
549,,,3,2,2,1,28,51,180,300,4,5
550,,,9,2,2,1,41,32,420,540,3,5
551,,,10,2,2,1,28,59,180,300,1,5
552,,,15,1,2,1,24,72,420,540,4,5
553,,,10,1,2,2,60,11,300,600,2,5
554,,,9,1,2,2,94,14,300,600,2,5
555,,,1,1,2,1,74,39,300,600,3,5
556,,,10,1,2,1,54,63,300,600,2,5
557,,,7,2,2,1,49,27,60,180,2,5
558,,,9,1,2,2,93,16,420,540,4,5
559,,,13,2,2,1,37,91,420,540,1,5
560,,,5,2,2,2,77,68,420,540,1,5
561,,,6,2,2,2,0,17,300,600,2,5
562,,,3,2,2,2,26,30,60,180,4,5
563,,,11,2,2,2,84,1,300,600,1,5
564,,,2,1,2,1,2,63,300,600,2,5
565,,,3,2,2,1,38,79,0,300,3,5
566,,,2,2,2,1,13,19,60,180,4,5
567,,,9,2,2,1,14,74,180,300,2,5
568,,,10,2,2,2,69,5,420,540,3,5
569,,,12,1,2,1,41,18,300,600,1,5
570,,,7,2,2,1,63,14,60,180,1,5
571,,,11,1,2,2,9,2,420,540,1,5
572,,,8,2,2,2,50,99,0,300,1,5
573,,,7,2,2,1,31,35,60,180,1,5
574,,,9,1,2,2,69,28,420,540,1,5
575,,,12,1,2,1,87,22,420,540,4,5
576,,,13,1,2,2,73,14,420,540,4,5
577,,,12,1,2,2,84,90,420,540,3,5
578,,,16,2,2,2,16,8,0,300,2,5
579,,,13,2,2,1,22,43,180,300,1,5
580,,,7,2,2,2,92,52,180,300,3,5
581,,,10,1,2,2,11,41,300,600,4,5
582,,,5,1,2,1,83,100,420,540,4,5
583,,,11,1,2,1,46,76,300,600,1,5
584,,,14,2,2,1,61,8,60,180,2,5
585,,,9,2,2,1,18,35,60,180,3,5
586,,,10,1,2,2,88,39,300,600,4,5
587,,,6,1,2,2,79,60,420,540,4,5
588,,,16,2,2,2,74,97,180,300,1,5
589,,,2,1,2,1,70,20,300,600,2,5
590,,,3,1,2,2,42,46,300,600,4,5
591,,,10,1,2,1,59,62,420,540,1,5
592,,,14,2,2,1,89,74,0,300,4,5
593,,,7,1,2,1,99,62,300,600,2,5
594,,,12,2,2,1,33,62,420,540,3,5
595,,,14,2,2,2,32,2,420,540,4,5
596,,,14,1,2,2,100,59,300,600,3,5
597,,,7,2,2,2,64,95,180,300,2,5
598,,,10,1,2,1,99,84,300,600,2,5
599,,,8,2,2,1,80,25,0,300,4,5
600,,,4,1,2,1,78,13,300,600,1,5
601,,,7,1,2,1,69,42,420,540,3,5
602,,,14,1,2,2,83,87,300,600,1,5
603,,,13,1,2,1,78,28,420,540,3,5
604,,,2,1,2,1,0,74,420,540,3,5
605,,,13,1,2,1,33,20,420,540,3,5
606,,,9,2,2,2,48,76,420,540,1,5
607,,,7,1,2,2,9,41,420,540,2,5
608,,,6,1,2,2,83,56,300,600,3,5
609,,,16,2,2,1,3,18,300,600,4,5
610,,,7,2,2,2,10,24,0,300,2,5
611,,,10,1,2,2,89,0,420,540,3,5
612,,,1,1,2,2,9,44,420,540,2,5
613,,,6,2,2,2,43,17,180,300,2,5
614,,,14,1,2,2,43,85,420,540,2,5
615,,,5,1,2,2,97,62,420,540,4,5
616,,,10,2,2,1,5,88,420,540,1,5
617,,,5,1,2,2,91,37,300,600,3,5
618,,,6,1,2,2,46,13,300,600,3,5
619,,,13,1,2,2,11,76,300,600,4,5
620,,,4,1,2,2,19,81,420,540,4,5
621,,,3,2,2,1,93,0,60,180,3,5
622,,,11,1,2,2,63,4,300,600,4,5
623,,,3,1,2,1,73,91,300,600,1,5
624,,,9,2,2,1,80,92,0,300,3,5
625,,,2,2,2,2,24,32,180,300,4,5
626,,,8,2,2,2,87,50,300,600,2,5
627,,,11,1,2,2,28,34,420,540,1,5
628,,,3,2,2,2,72,44,180,300,2,5
629,,,6,2,2,1,77,20,60,180,1,5
630,,,5,2,2,2,80,3,0,300,3,5
631,,,6,1,2,2,54,59,420,540,2,5
632,,,6,1,2,1,69,86,300,600,2,5
633,,,13,1,2,1,76,98,300,600,1,5
634,,,9,2,2,2,1,69,0,300,3,5
635,,,3,2,2,2,90,64,0,300,2,5
636,,,13,2,2,1,68,38,180,300,2,5
637,,,9,1,2,1,33,86,300,600,3,5
638,,,7,1,2,1,10,33,420,540,2,5
639,,,15,2,2,2,24,71,420,540,3,5
640,,,11,1,2,2,71,37,300,600,3,5
641,,,3,2,2,2,91,36,300,420,4,5
642,,,3,2,2,1,74,48,60,180,3,5
643,,,3,2,2,1,77,98,420,540,3,5
644,,,12,1,2,2,43,55,300,600,2,5
645,,,10,2,2,2,92,6,0,300,4,5
646,,,10,1,2,2,7,47,420,540,3,5
647,,,12,2,2,1,59,47,60,180,1,5
648,,,8,2,2,1,68,71,420,540,4,5
649,,,14,2,2,2,61,52,0,300,3,5
650,,,3,2,2,2,69,89,0,300,4,5
651,,,11,1,2,2,93,29,420,540,1,5
652,,,3,2,2,2,58,59,420,540,1,5
653,,,4,2,2,2,60,9,180,300,1,5
654,,,12,1,2,2,46,59,300,600,2,5
655,,,7,2,2,2,2,61,60,180,2,5
656,,,2,1,2,2,56,67,420,540,1,5
657,,,10,1,2,1,39,96,420,540,1,5
658,,,2,2,2,2,61,68,0,300,4,5
659,,,15,2,2,1,59,81,300,420,3,5
660,,,4,2,2,2,58,16,60,180,2,5
661,,,3,2,2,2,55,1,300,600,2,5
662,,,9,1,2,2,86,62,300,600,3,5
663,,,11,1,2,1,9,45,420,540,4,5
664,,,14,2,2,1,69,67,0,300,2,5
665,,,3,1,2,2,10,33,300,600,1,5
666,,,6,2,2,2,64,7,180,300,3,5
667,,,5,1,2,1,91,11,420,540,3,5
668,,,9,1,2,2,58,79,300,600,1,5
669,,,11,1,2,2,56,95,300,600,4,5
670,,,4,2,2,1,63,82,300,420,3,5
671,,,3,2,2,1,99,31,420,540,2,5
672,,,4,1,2,1,66,8,300,600,1,5
673,,,5,2,2,2,6,60,60,180,2,5
674,,,6,2,2,2,18,82,420,540,2,5
675,,,10,1,2,1,91,36,300,600,2,5
676,,,6,1,2,1,8,72,300,600,1,5
677,,,3,2,2,1,95,85,300,600,4,5
678,,,3,1,2,1,65,15,420,540,3,5
679,,,7,2,2,1,98,66,0,300,2,5
680,,,14,2,2,2,77,66,60,180,3,5
681,,,5,1,2,1,9,34,300,600,1,5
682,,,15,2,2,2,99,34,180,300,2,5
683,,,4,1,2,1,37,61,300,600,1,5
684,,,8,2,2,2,16,26,60,180,2,5
685,,,3,1,2,1,85,86,420,540,4,5
686,,,8,2,2,1,14,40,420,540,3,5
687,,,12,1,2,1,98,6,420,540,4,5
688,,,5,2,2,2,42,35,60,180,3,5
689,,,4,1,2,1,71,60,300,600,4,5
690,,,10,2,2,2,25,86,60,180,2,5
691,,,13,2,2,2,55,6,180,300,1,5
692,,,15,1,2,2,32,88,420,540,1,5
693,,,15,2,2,1,38,90,300,600,1,5
694,,,7,2,2,1,58,79,180,300,2,5
695,,,6,1,2,2,5,77,420,540,1,5
696,,,3,1,2,2,54,19,420,540,3,5
697,,,7,2,2,1,46,85,180,300,1,5
698,,,3,2,2,2,79,22,420,540,3,5
699,,,5,1,2,1,12,2,300,600,3,5
700,,,5,1,2,1,7,22,420,540,4,5
701,,,15,1,2,2,35,52,420,540,2,5
702,,,4,2,2,2,78,54,60,180,4,5
703,,,5,2,2,1,24,59,300,600,1,5
704,,,16,2,2,1,77,88,300,600,3,5
705,,,13,1,2,1,48,93,420,540,4,5
706,,,7,1,2,1,31,27,420,540,4,5
707,,,5,1,2,1,66,34,300,600,3,5
708,,,12,1,2,1,61,32,420,540,1,5
709,,,8,2,2,2,87,37,0,300,1,5
710,,,11,2,2,1,93,34,180,300,1,5
711,,,3,1,2,2,95,41,420,540,2,5
712,,,7,2,2,1,21,19,300,600,2,5
713,,,4,2,2,2,51,20,0,300,3,5
714,,,11,2,2,1,86,29,300,420,4,5
715,,,8,1,2,2,8,28,420,540,3,5
716,,,5,1,2,2,82,3,300,600,4,5
717,,,13,2,2,1,43,92,420,540,1,5
718,,,13,2,2,2,73,53,180,300,4,5
719,,,7,1,2,1,43,14,300,600,3,5
720,,,13,1,2,2,41,58,300,600,1,5
721,,,14,2,2,2,5,2,420,540,3,5
722,,,8,2,2,1,39,95,300,600,1,5
723,,,8,1,2,1,5,13,300,600,3,5
724,,,5,1,2,1,48,31,300,600,4,5
725,,,3,2,2,1,13,73,0,300,1,5
726,,,3,2,2,2,31,47,420,540,4,5
727,,,8,2,2,2,36,31,0,300,2,5
728,,,10,2,2,2,41,36,0,300,3,5
729,,,11,2,2,1,98,66,420,540,2,5
730,,,6,1,2,1,24,9,420,540,2,5
731,,,4,1,2,1,100,54,300,600,4,5
732,,,9,2,2,1,62,74,300,600,3,5
733,,,3,1,2,2,68,81,300,600,2,5
734,,,9,1,2,2,41,16,420,540,1,5
735,,,16,1,2,2,57,40,300,600,4,5
736,,,5,1,2,2,24,8,300,600,4,5
737,,,2,1,2,1,59,34,420,540,2,5
738,,,9,1,2,2,98,22,300,600,1,5
739,,,4,1,2,2,96,44,300,600,3,5
740,,,6,2,2,2,28,88,300,600,1,5
741,,,16,2,2,1,27,41,180,300,4,5
742,,,10,2,2,2,97,33,300,600,4,5
743,,,4,1,2,2,40,30,300,600,3,5
744,,,12,2,2,1,53,44,60,180,1,5
745,,,4,2,2,2,68,56,420,540,4,5
746,,,2,1,2,1,85,63,420,540,1,5
747,,,13,2,2,1,98,67,0,300,2,5
748,,,4,1,2,1,38,90,420,540,3,5
749,,,13,2,2,2,1,39,300,420,4,5
750,,,8,1,2,1,70,7,420,540,3,5
751,,,11,2,2,2,45,34,180,300,2,5
752,,,13,1,2,1,85,23,300,600,1,5
753,,,8,1,2,1,59,5,300,600,1,5
754,,,13,2,2,2,83,47,0,300,3,5
755,,,8,1,2,2,23,61,300,600,1,5
756,,,14,1,2,2,89,0,420,540,3,5
757,,,4,2,2,2,53,30,180,300,1,5
758,,,12,1,2,2,87,30,300,600,3,5
759,,,13,1,2,2,25,67,420,540,1,5
760,,,12,1,2,1,76,95,300,600,2,5
761,,,1,1,2,2,45,81,420,540,1,5
762,,,8,2,2,2,91,33,300,420,3,5
763,,,11,1,2,1,15,98,300,600,1,5
764,,,6,1,2,2,34,76,300,600,3,5
765,,,4,2,2,2,55,0,300,420,4,5
766,,,5,1,2,2,52,76,420,540,3,5
767,,,16,1,2,1,44,53,420,540,3,5
768,,,12,1,2,2,11,26,300,600,2,5
769,,,7,2,2,1,11,99,60,180,2,5
770,,,15,2,2,2,23,50,0,300,2,5
771,,,12,1,2,1,73,69,420,540,2,5
772,,,5,2,2,1,71,79,420,540,1,5
773,,,13,2,2,1,72,38,300,420,4,5
774,,,15,1,2,2,64,32,420,540,4,5
775,,,4,2,2,1,100,50,300,600,1,5
776,,,15,1,2,1,99,65,420,540,1,5
777,,,4,1,2,2,33,54,420,540,4,5
778,,,11,1,2,1,62,87,420,540,4,5
779,,,10,2,2,2,48,6,300,420,2,5
780,,,1,1,2,2,14,72,420,540,4,5
781,,,4,2,2,2,87,50,60,180,1,5
782,,,3,1,2,2,72,24,420,540,3,5
783,,,6,2,2,2,76,64,60,180,3,5
784,,,6,2,2,1,76,84,0,300,4,5
785,,,14,1,2,1,69,51,420,540,1,5
786,,,3,1,2,1,58,45,420,540,1,5
787,,,11,1,2,1,93,73,420,540,3,5
788,,,8,2,2,1,90,94,300,600,2,5
789,,,9,1,2,2,71,100,420,540,4,5
790,,,3,1,2,1,79,97,420,540,1,5
791,,,8,1,2,1,39,73,420,540,2,5
792,,,14,1,2,2,1,18,300,600,3,5
793,,,10,1,2,1,98,66,300,600,4,5
794,,,6,1,2,1,6,71,300,600,2,5
795,,,10,1,2,1,25,25,420,540,4,5
796,,,3,1,2,1,11,22,300,600,4,5
797,,,7,2,2,1,60,98,0,300,2,5
798,,,5,1,2,2,82,88,420,540,1,5
799,,,10,2,2,1,97,58,0,300,3,5
800,,,7,2,2,2,27,0,300,600,3,5
801,,,16,2,2,1,76,27,0,300,2,5
802,,,13,1,2,1,29,22,300,600,3,5
803,,,6,1,2,2,49,91,420,540,2,5
804,,,12,1,2,1,49,35,420,540,1,5
805,,,15,2,2,2,92,8,0,300,3,5
806,,,4,2,2,1,26,35,60,180,3,5
807,,,12,1,2,2,74,67,300,600,2,5
808,,,13,2,2,2,83,56,420,540,4,5
809,,,8,2,2,1,11,19,180,300,1,5
810,,,7,1,2,1,76,76,300,600,1,5
811,,,13,2,2,1,60,7,420,540,2,5
812,,,4,1,2,2,89,46,420,540,3,5
813,,,15,1,2,2,36,84,300,600,1,5
814,,,8,1,2,1,64,25,300,600,1,5
815,,,11,1,2,1,10,12,420,540,4,5
816,,,10,1,2,1,14,18,300,600,4,5
817,,,12,2,2,2,83,38,0,300,3,5
818,,,2,2,2,2,16,91,60,180,3,5
819,,,3,2,2,2,1,29,0,300,3,5
820,,,14,2,2,2,27,78,300,600,3,5
821,,,6,1,2,2,58,1,300,600,2,5
822,,,14,1,2,2,79,66,300,600,4,5
823,,,10,1,2,1,4,99,420,540,1,5
824,,,3,2,2,1,99,80,60,180,4,5
825,,,10,2,2,1,40,91,0,300,4,5
826,,,10,1,2,2,33,54,300,600,2,5
827,,,15,2,2,2,41,29,60,180,4,5
828,,,10,1,2,1,86,43,420,540,1,5
829,,,11,1,2,1,64,72,420,540,4,5
830,,,10,1,2,2,6,12,420,540,2,5
831,,,10,2,2,2,17,71,60,180,2,5
832,,,15,2,2,2,78,71,60,180,1,5
833,,,5,1,2,2,15,19,300,600,3,5
834,,,13,1,2,1,32,32,300,600,3,5
835,,,5,2,2,2,80,94,300,600,1,5
836,,,14,2,2,1,68,41,180,300,4,5
837,,,13,1,2,2,76,48,420,540,2,5
838,,,6,1,2,2,12,8,420,540,4,5
839,,,10,2,2,1,100,84,180,300,1,5
840,,,9,2,2,2,46,48,180,300,4,5
841,,,5,1,2,2,46,77,300,600,3,5
842,,,10,2,2,1,81,42,60,180,4,5
843,,,7,2,2,2,17,56,420,540,3,5
844,,,9,2,2,2,41,56,0,300,4,5
845,,,10,1,2,2,45,5,420,540,2,5
846,,,9,1,2,2,68,60,420,540,2,5
847,,,5,2,2,1,10,34,0,300,3,5
848,,,10,2,2,1,98,88,60,180,3,5
849,,,10,2,2,2,6,66,0,300,2,5
850,,,13,2,2,2,85,73,0,300,1,5
851,,,13,1,2,1,90,62,420,540,3,5
852,,,15,2,2,1,52,24,0,300,3,5
853,,,3,1,2,1,95,34,420,540,1,5
854,,,7,1,2,1,19,39,300,600,1,5
855,,,7,1,2,1,33,90,300,600,3,5
856,,,15,1,2,1,31,89,420,540,2,5
857,,,7,2,2,2,100,78,180,300,3,5
858,,,5,1,2,1,65,13,420,540,4,5
859,,,4,2,2,2,55,62,60,180,1,5
860,,,4,2,2,1,39,27,0,300,4,5
861,,,6,2,2,1,21,39,0,300,2,5
862,,,15,2,2,1,73,81,300,420,4,5
863,,,10,2,2,1,55,6,420,540,2,5
864,,,13,2,2,1,23,12,0,300,2,5
865,,,11,2,2,2,81,69,420,540,3,5
866,,,15,1,2,1,26,23,300,600,3,5
867,,,11,2,2,2,66,25,300,420,2,5
868,,,2,1,2,2,96,90,300,600,2,5
869,,,9,2,2,2,73,63,420,540,1,5
870,,,9,1,2,2,76,39,300,600,1,5
871,,,12,1,2,1,67,91,300,600,4,5
872,,,5,1,2,1,19,15,300,600,2,5
873,,,15,2,2,1,100,59,180,300,3,5
874,,,7,2,2,2,16,44,60,180,2,5
875,,,15,1,2,2,21,81,420,540,1,5
876,,,6,2,2,2,51,15,0,300,3,5
877,,,4,2,2,1,59,71,180,300,3,5
878,,,13,1,2,1,10,20,300,600,4,5
879,,,3,1,2,1,99,25,420,540,4,5
880,,,11,1,2,2,52,28,420,540,4,5
881,,,14,2,2,2,27,56,300,420,4,5
882,,,7,2,2,2,10,76,180,300,3,5
883,,,5,1,2,1,2,47,300,600,2,5
884,,,16,2,2,2,56,18,300,420,2,5
885,,,15,2,2,1,28,82,60,180,4,5
886,,,16,2,2,2,57,48,300,600,4,5
887,,,8,1,2,2,54,7,300,600,1,5
888,,,7,2,2,1,16,99,300,600,4,5
889,,,8,2,2,1,30,88,300,600,4,5
890,,,7,2,2,2,91,53,420,540,1,5
891,,,7,1,2,1,37,47,420,540,4,5
892,,,7,1,2,1,25,78,300,600,4,5
893,,,5,2,2,2,0,35,420,540,2,5
894,,,13,1,2,1,44,59,300,600,3,5
895,,,12,2,2,2,85,90,60,180,4,5
896,,,4,1,2,1,47,3,420,540,2,5
897,,,7,2,2,1,99,53,180,300,3,5
898,,,8,2,2,2,41,79,60,180,4,5
899,,,7,1,2,2,51,90,300,600,1,5
900,,,3,1,2,1,63,87,300,600,1,5
901,,,7,2,2,1,99,19,60,180,2,5
902,,,7,2,2,2,100,58,60,180,4,5
903,,,10,1,2,2,71,69,420,540,3,5
904,,,14,1,2,2,86,92,300,600,2,5
905,,,5,2,2,2,49,68,60,180,4,5
906,,,6,2,2,2,83,47,60,180,3,5
907,,,3,1,2,2,10,66,300,600,1,5
908,,,13,2,2,1,3,29,60,180,1,5
909,,,14,2,2,1,31,31,180,300,3,5
910,,,12,1,2,1,59,92,300,600,4,5
911,,,2,2,2,2,41,10,0,300,1,5
912,,,9,2,2,2,37,68,300,420,3,5
913,,,11,1,2,2,51,81,300,600,3,5
914,,,4,1,2,1,11,21,420,540,4,5
915,,,10,2,2,2,94,0,60,180,2,5
916,,,6,2,2,1,69,8,300,600,2,5
917,,,12,1,2,1,1,79,420,540,3,5
918,,,7,1,2,1,56,96,300,600,4,5
919,,,3,2,2,1,0,3,60,180,1,5
920,,,10,2,2,2,72,43,420,540,4,5
921,,,8,1,2,1,57,57,420,540,4,5
922,,,8,1,2,1,19,89,300,600,2,5
923,,,7,2,2,1,16,30,60,180,3,5
924,,,5,2,2,1,19,96,180,300,4,5
925,,,7,1,2,1,82,88,420,540,2,5
926,,,15,1,2,1,10,0,420,540,2,5
927,,,15,2,2,1,33,54,180,300,2,5
928,,,14,1,2,2,85,53,300,600,3,5
929,,,15,1,2,1,14,51,300,600,3,5
930,,,10,2,2,1,33,57,60,180,3,5
931,,,6,1,2,2,85,69,420,540,1,5
932,,,7,2,2,1,81,2,0,300,3,5
933,,,14,1,2,1,96,81,420,540,4,5
934,,,9,1,2,2,32,62,420,540,3,5
935,,,5,1,2,2,82,3,420,540,2,5
936,,,7,2,2,1,89,38,0,300,1,5
937,,,16,2,2,2,68,28,60,180,2,5
938,,,8,2,2,1,90,32,300,420,4,5
939,,,6,1,2,2,63,27,300,600,1,5
940,,,15,1,2,2,77,36,420,540,2,5
941,,,4,2,2,1,88,12,0,300,4,5
942,,,8,1,2,2,25,29,300,600,4,5
943,,,5,1,2,2,87,74,300,600,2,5
944,,,7,1,2,1,21,96,420,540,3,5
945,,,13,2,2,1,50,1,420,540,1,5
946,,,10,2,2,2,83,97,60,180,4,5
947,,,11,2,2,2,1,72,300,600,4,5
948,,,7,2,2,2,79,50,180,300,3,5
949,,,7,2,2,1,14,63,0,300,3,5
950,,,6,1,2,2,53,84,300,600,4,5
951,,,2,2,2,2,31,25,180,300,1,5
952,,,13,2,2,2,69,60,180,300,4,5
953,,,11,1,2,2,27,99,300,600,1,5
954,,,2,1,2,1,47,15,420,540,4,5
955,,,11,2,2,2,36,29,60,180,2,5
956,,,11,1,2,1,8,32,420,540,3,5
957,,,4,1,2,2,54,87,300,600,1,5
958,,,5,2,2,2,84,89,180,300,4,5
959,,,4,1,2,1,58,90,300,600,3,5
960,,,14,2,2,1,7,8,0,300,2,5
961,,,12,2,2,1,21,62,180,300,3,5
962,,,13,1,2,1,30,79,300,600,4,5
963,,,13,2,2,2,57,0,300,600,3,5
964,,,2,1,2,1,10,84,300,600,3,5
965,,,13,1,2,2,42,1,300,600,4,5
966,,,9,2,2,2,96,33,300,600,1,5
967,,,13,1,2,2,7,85,300,600,4,5
968,,,4,1,2,1,49,69,300,600,4,5
969,,,13,2,2,1,30,31,60,180,2,5
970,,,2,2,2,2,4,48,60,180,3,5
971,,,3,1,2,1,92,72,300,600,2,5
972,,,10,1,2,1,74,11,300,600,2,5
973,,,3,1,2,2,84,71,300,600,3,5
974,,,10,2,2,2,45,28,0,300,2,5
975,,,8,2,2,1,11,57,420,540,4,5
976,,,5,2,2,2,68,49,420,540,4,5
977,,,12,2,2,1,88,28,300,600,2,5
978,,,5,2,2,2,7,99,420,540,3,5
979,,,5,1,2,2,9,82,300,600,2,5
980,,,14,1,2,1,45,84,300,600,1,5
981,,,3,2,2,2,85,47,60,180,1,5
982,,,6,1,2,1,51,11,300,600,4,5
983,,,4,1,2,2,82,12,300,600,3,5
984,,,10,1,2,1,27,32,420,540,2,5
985,,,7,2,2,2,24,81,60,180,2,5
986,,,7,1,2,2,49,39,300,600,3,5
987,,,15,2,2,1,32,34,180,300,2,5
988,,,13,2,2,1,51,7,300,420,2,5
989,,,4,2,2,1,6,47,60,180,4,5
990,,,15,2,2,1,28,97,0,300,2,5
991,,,12,1,2,2,75,79,300,600,3,5
992,,,7,2,2,2,75,13,60,180,2,5
993,,,10,1,2,1,31,49,420,540,4,5
994,,,4,2,2,2,82,79,60,180,3,5
995,,,13,2,2,2,68,41,0,300,4,5
996,,,4,1,2,2,24,17,420,540,1,5
997,,,14,1,2,2,8,44,300,600,1,5
998,,,5,1,2,1,96,0,420,540,1,5
999,,,4,2,2,1,71,54,60,180,2,5
1000,,,6,1,2,1,60,84,300,600,3,5
1001,,,9,2,2,1,0,98,180,300,3,5
1002,,,4,1,2,1,13,68,420,540,3,5
1003,,,13,1,2,2,91,40,300,600,2,5
1004,,,8,1,2,2,23,92,420,540,3,5
1005,,,10,2,2,1,64,21,0,300,2,5
1006,,,15,2,2,2,67,12,60,180,4,5
1007,,,11,1,2,2,16,74,420,540,2,5
1008,,,15,2,2,1,86,16,300,420,1,5
1009,,,5,2,2,2,1,41,420,540,1,5
1010,,,2,1,2,2,15,67,300,600,1,5
1011,,,6,2,2,2,55,92,60,180,1,5
1012,,,7,2,2,1,37,44,60,180,2,5
1013,,,16,2,2,2,60,86,60,180,1,5
1014,,,8,1,2,2,81,25,420,540,3,5
1015,,,11,1,2,1,63,27,300,600,1,5
1016,,,12,2,2,2,89,87,300,420,1,5
1017,,,10,1,2,2,57,28,420,540,3,5
1018,,,14,1,2,1,68,63,300,600,3,5
1019,,,4,2,2,2,99,18,60,180,1,5
1020,,,15,1,2,1,65,8,300,600,1,5
1021,,,1,1,2,2,70,41,420,540,4,5
1022,,,10,2,2,2,81,44,300,600,2,5
1023,,,10,2,2,2,48,36,300,420,1,5
1024,,,10,2,2,2,63,20,300,420,3,5
1025,,,8,1,2,2,32,9,300,600,3,5
1026,,,7,1,2,2,15,17,300,600,1,5
1027,,,13,2,2,2,85,28,420,540,2,5
1028,,,12,2,2,1,69,71,0,300,2,5
1029,,,10,2,2,2,21,69,60,180,2,5
1030,,,4,2,2,2,88,89,420,540,3,5
1031,,,14,2,2,2,82,16,300,600,3,5
1032,,,7,2,2,2,21,98,420,540,3,5
1033,,,12,2,2,2,43,73,300,420,4,5
1034,,,3,1,2,1,89,25,420,540,1,5
1035,,,4,2,2,1,70,59,180,300,2,5
1036,,,13,2,2,1,72,64,300,420,3,5
1037,,,1,1,2,2,64,13,300,600,1,5
1038,,,5,1,2,2,71,70,420,540,1,5
1039,,,7,1,2,1,66,45,420,540,4,5
1040,,,7,1,2,1,30,78,420,540,2,5
1041,,,8,1,2,1,80,70,420,540,1,5
1042,,,10,2,2,1,93,29,420,540,4,5
1043,,,12,1,2,2,79,29,300,600,3,5
1044,,,13,1,2,2,6,51,420,540,2,5
1045,,,14,2,2,1,78,19,300,420,3,5
1046,,,9,1,2,1,94,58,300,600,2,5
1047,,,7,1,2,2,3,87,300,600,1,5
1048,,,3,2,2,1,73,53,300,420,1,5
1049,,,11,1,2,2,47,82,420,540,2,5
1050,,,14,1,2,2,64,25,420,540,3,5
1051,,,13,1,2,1,50,55,420,540,2,5
1052,,,3,2,2,2,79,83,180,300,3,5
1053,,,8,2,2,2,30,68,60,180,2,5
1054,,,15,1,2,1,83,53,420,540,2,5
1055,,,8,1,2,1,18,10,300,600,1,5
1056,,,8,2,2,1,34,51,60,180,2,5
1057,,,10,1,2,2,66,16,300,600,3,5
1058,,,11,2,2,1,2,82,60,180,1,5
1059,,,2,1,2,1,40,63,420,540,3,5
1060,,,11,2,2,2,61,69,420,540,1,5
1061,,,10,1,2,2,8,76,300,600,1,5
1062,,,9,1,2,2,20,80,300,600,2,5
1063,,,16,2,2,2,61,70,180,300,4,5
1064,,,7,1,2,1,2,91,420,540,4,5
1065,,,15,2,2,2,72,98,180,300,1,5
1066,,,8,2,2,2,19,3,60,180,3,5
1067,,,13,1,2,2,39,49,420,540,2,5
1068,,,12,2,2,2,8,45,0,300,3,5
1069,,,12,1,2,2,90,31,420,540,4,5
1070,,,14,2,2,1,23,49,0,300,2,5
1071,,,7,2,2,2,44,23,0,300,1,5
1072,,,11,1,2,2,84,25,420,540,1,5
1073,,,8,1,2,1,97,12,300,600,4,5
1074,,,11,2,2,1,16,34,180,300,2,5
1075,,,5,1,2,2,92,42,420,540,1,5
1076,,,8,2,2,2,87,8,300,600,1,5
1077,,,4,1,2,1,97,39,420,540,3,5
1078,,,3,2,2,1,87,4,60,180,1,5
1079,,,16,2,2,2,51,23,180,300,1,5
1080,,,5,1,2,2,6,73,420,540,3,5
1081,,,6,2,2,1,51,80,0,300,3,5
1082,,,7,1,2,2,16,67,420,540,4,5
1083,,,10,2,2,1,62,48,0,300,3,5
1084,,,5,1,2,1,72,53,300,600,3,5
1085,,,7,1,2,1,7,69,420,540,1,5
1086,,,3,2,2,2,27,9,60,180,3,5
1087,,,11,2,2,1,15,6,180,300,2,5
1088,,,7,1,2,2,52,83,420,540,3,5
1089,,,7,1,2,2,60,31,420,540,3,5
1090,,,9,1,2,1,65,13,420,540,1,5
1091,,,14,2,2,2,11,39,300,600,1,5
1092,,,10,1,2,1,26,75,300,600,2,5
1093,,,14,2,2,1,79,21,0,300,3,5
1094,,,3,2,2,1,32,18,180,300,4,5
1095,,,8,1,2,2,56,69,300,600,4,5
1096,,,11,1,2,1,54,81,300,600,1,5
1097,,,14,1,2,2,41,94,420,540,3,5
1098,,,8,1,2,1,100,45,420,540,1,5
1099,,,13,1,2,2,50,31,300,600,1,5
1100,,,14,1,2,2,50,36,420,540,4,5
1101,,,8,1,2,1,44,1,420,540,4,5
1102,,,9,2,2,2,85,69,180,300,3,5
1103,,,3,2,2,2,66,50,300,420,2,5
1104,,,6,2,2,2,42,17,420,540,3,5
1105,,,10,2,2,1,16,94,180,300,1,5
1106,,,11,1,2,1,85,14,420,540,1,5
1107,,,13,2,2,1,55,55,420,540,3,5
1108,,,8,2,2,1,80,13,300,420,1,5
1109,,,14,2,2,1,46,24,0,300,2,5
1110,,,4,1,2,1,70,38,420,540,3,5
1111,,,5,2,2,1,91,55,300,600,4,5
1112,,,16,1,2,1,6,89,300,600,4,5
1113,,,4,1,2,2,46,9,420,540,1,5
1114,,,10,2,2,2,3,19,0,300,2,5
1115,,,5,1,2,2,57,7,300,600,3,5
1116,,,9,2,2,2,87,35,420,540,4,5
1117,,,12,2,2,2,92,29,180,300,3,5
1118,,,7,2,2,1,99,62,0,300,4,5
1119,,,7,1,2,2,95,72,420,540,2,5
1120,,,3,2,2,1,18,44,420,540,3,5
1121,,,9,2,2,1,85,95,420,540,3,5
1122,,,5,2,2,1,50,13,180,300,2,5
1123,,,6,2,2,1,70,69,180,300,3,5
1124,,,12,2,2,2,44,70,420,540,4,5
1125,,,12,2,2,1,78,96,180,300,3,5
1126,,,14,2,2,1,57,53,420,540,2,5
1127,,,11,2,2,2,62,13,420,540,3,5
1128,,,9,2,2,2,76,45,0,300,1,5
1129,,,15,2,2,2,78,12,60,180,3,5
1130,,,4,1,2,1,42,58,300,600,2,5
1131,,,4,2,2,2,81,99,420,540,1,5
1132,,,10,1,2,2,4,59,300,600,1,5
1133,,,15,2,2,2,90,7,0,300,4,5
1134,,,14,2,2,2,19,59,300,420,4,5
1135,,,4,1,2,2,26,95,420,540,3,5
1136,,,11,2,2,2,30,95,420,540,4,5
1137,,,2,2,2,2,15,35,0,300,1,5
1138,,,8,2,2,2,2,77,0,300,1,5
1139,,,12,2,2,2,30,57,300,420,3,5
1140,,,9,1,2,2,5,89,420,540,2,5
1141,,,13,2,2,2,68,32,0,300,4,5
1142,,,15,1,2,1,95,23,300,600,1,5
1143,,,5,2,2,2,57,67,60,180,4,5
1144,,,7,2,2,2,53,96,60,180,3,5
1145,,,13,1,2,2,58,60,300,600,2,5
1146,,,2,1,2,2,90,32,420,540,2,5
1147,,,15,2,2,2,17,53,300,600,3,5
1148,,,4,1,2,1,87,66,420,540,1,5
1149,,,13,1,2,2,69,2,420,540,1,5
1150,,,7,2,2,2,27,9,0,300,2,5
1151,,,6,1,2,2,8,46,420,540,4,5
1152,,,9,2,2,2,24,6,180,300,1,5
1153,,,7,2,2,1,83,67,180,300,3,5
1154,,,8,2,2,2,43,4,180,300,2,5
1155,,,7,1,2,2,71,52,300,600,2,5
1156,,,8,2,2,2,7,9,0,300,2,5
1157,,,2,1,2,1,57,69,300,600,4,5
1158,,,5,1,2,1,8,47,420,540,3,5
1159,,,8,1,2,1,81,4,300,600,1,5
1160,,,6,2,2,1,13,18,300,600,2,5
1161,,,6,1,2,2,25,9,420,540,3,5
1162,,,11,2,2,1,78,27,180,300,1,5
1163,,,6,1,2,2,81,75,420,540,2,5
1164,,,11,1,2,2,94,76,300,600,2,5
1165,,,14,1,2,2,7,72,300,600,4,5
1166,,,9,2,2,1,60,38,0,300,2,5
1167,,,12,1,2,2,88,33,300,600,3,5
1168,,,3,1,2,1,33,2,300,600,4,5
1169,,,4,2,2,2,14,36,300,600,1,5
1170,,,14,2,2,1,64,15,420,540,2,5
1171,,,7,2,2,2,69,89,420,540,3,5
1172,,,11,1,2,1,96,71,420,540,3,5
1173,,,12,1,2,1,65,31,300,600,4,5
1174,,,8,2,2,1,68,99,60,180,1,5
1175,,,10,1,2,2,20,8,420,540,4,5
1176,,,8,1,2,1,19,82,420,540,1,5
1177,,,3,1,2,1,70,11,420,540,2,5
1178,,,9,2,2,2,26,50,0,300,1,5
1179,,,6,2,2,2,63,51,420,540,2,5
1180,,,5,1,2,1,21,57,300,600,1,5
1181,,,10,2,2,1,68,61,60,180,3,5
1182,,,12,1,2,2,73,2,420,540,3,5
1183,,,4,2,2,2,4,11,60,180,2,5
1184,,,13,1,2,1,50,45,420,540,4,5
1185,,,10,1,2,1,39,4,420,540,3,5
1186,,,14,1,2,2,1,31,420,540,3,5
1187,,,10,2,2,2,38,100,300,600,1,5
1188,,,13,1,2,1,37,27,420,540,4,5
1189,,,5,2,2,1,82,65,420,540,4,5
1190,,,6,2,2,1,93,28,300,600,1,5
1191,,,5,1,2,1,58,68,420,540,4,5
1192,,,10,2,2,1,44,72,420,540,2,5
1193,,,7,2,2,2,3,63,60,180,4,5
1194,,,9,1,2,1,53,78,300,600,3,5
1195,,,6,1,2,2,36,57,420,540,2,5
1196,,,15,1,2,1,24,30,300,600,3,5
1197,,,7,1,2,2,13,75,420,540,3,5
1198,,,7,2,2,1,23,58,0,300,2,5
1199,,,6,2,2,2,54,51,420,540,3,5
1200,,,5,2,2,2,94,95,300,420,4,5
1201,,,13,1,2,1,63,55,300,600,3,5
1202,,,3,2,2,1,16,36,60,180,3,5
1203,,,10,2,2,2,60,96,300,600,4,5
1204,,,16,1,2,1,57,35,420,540,2,5
1205,,,13,2,2,2,5,96,0,300,4,5
1206,,,3,1,2,2,61,48,300,600,4,5
1207,,,8,1,2,2,100,40,300,600,4,5
1208,,,16,1,2,2,7,81,300,600,4,5
1209,,,6,2,2,1,38,52,420,540,4,5
1210,,,7,2,2,2,11,70,0,300,1,5
1211,,,12,1,2,2,2,76,300,600,4,5
1212,,,3,2,2,2,64,36,60,180,1,5
1213,,,3,1,2,1,8,85,300,600,2,5
1214,,,13,1,2,1,57,14,300,600,3,5
1215,,,15,1,2,1,29,83,420,540,2,5
1216,,,15,2,2,2,43,13,0,300,3,5
1217,,,10,1,2,2,51,87,300,600,2,5
1218,,,10,1,2,2,52,19,300,600,1,5
1219,,,12,1,2,1,28,27,300,600,3,5
1220,,,12,1,2,1,58,53,300,600,1,5
1221,,,5,1,2,2,57,8,300,600,2,5
1222,,,6,2,2,2,58,21,60,180,2,5
1223,,,11,1,2,1,98,35,420,540,1,5
1224,,,4,2,2,2,20,92,420,540,3,5
1225,,,5,2,2,1,95,39,180,300,4,5
1226,,,13,1,2,1,55,47,300,600,1,5
1227,,,6,2,2,1,67,19,0,300,3,5
1228,,,5,1,2,1,56,95,420,540,4,5
1229,,,11,1,2,1,75,1,300,600,1,5
1230,,,2,2,2,1,33,30,300,600,1,5
1231,,,14,1,2,2,64,94,420,540,3,5
1232,,,13,1,2,1,12,81,420,540,1,5
1233,,,9,2,2,1,98,95,60,180,2,5
1234,,,5,1,2,1,5,51,300,600,2,5
1235,,,3,1,2,1,82,94,420,540,2,5
1236,,,10,2,2,1,74,57,300,600,3,5
1237,,,14,2,2,1,69,16,60,180,3,5
1238,,,10,2,2,1,22,74,0,300,2,5
1239,,,12,1,2,2,65,62,300,600,2,5
1240,,,5,2,2,1,90,99,180,300,1,5
1241,,,7,2,2,2,61,26,420,540,3,5
1242,,,8,2,2,2,38,27,60,180,1,5
1243,,,3,2,2,2,69,54,300,420,3,5
1244,,,10,1,2,2,27,88,300,600,3,5
1245,,,12,2,2,2,70,68,180,300,1,5
1246,,,10,2,2,1,40,75,60,180,2,5
1247,,,13,1,2,2,6,84,300,600,1,5
1248,,,4,1,2,1,13,54,420,540,1,5
1249,,,12,2,2,2,82,33,420,540,1,5
1250,,,14,2,2,1,19,69,0,300,3,5
1251,,,9,1,2,2,24,30,420,540,2,5
1252,,,9,1,2,2,82,0,420,540,3,5
1253,,,4,1,2,1,75,41,300,600,3,5
1254,,,3,2,2,1,2,73,0,300,3,5
1255,,,12,2,2,1,13,47,0,300,4,5
1256,,,9,1,2,2,90,73,300,600,4,5
1257,,,14,2,2,2,67,16,420,540,1,5
1258,,,10,2,2,2,50,83,300,420,4,5
1259,,,5,2,2,2,32,34,300,600,3,5
1260,,,15,2,2,1,37,98,420,540,3,5
1261,,,8,2,2,2,19,9,0,300,3,5
1262,,,7,1,2,2,27,57,300,600,1,5
1263,,,15,2,2,2,22,54,0,300,3,5
1264,,,8,1,2,2,65,39,420,540,3,5
1265,,,6,1,2,1,55,66,300,600,2,5
1266,,,14,2,2,2,21,56,300,420,4,5
1267,,,12,2,2,2,49,58,420,540,3,5
1268,,,4,1,2,2,77,5,420,540,1,5
1269,,,8,1,2,1,25,52,300,600,2,5
1270,,,15,1,2,2,42,53,300,600,3,5
1271,,,13,2,2,2,42,16,60,180,4,5
1272,,,5,2,2,1,10,94,300,420,2,5
1273,,,14,2,2,1,5,80,300,420,4,5
1274,,,8,1,2,1,74,87,300,600,2,5
1275,,,12,2,2,2,64,58,300,420,1,5
1276,,,7,2,2,1,48,27,180,300,4,5
1277,,,4,1,2,1,61,1,300,600,3,5
1278,,,9,1,2,2,92,60,300,600,1,5
1279,,,2,1,2,1,42,82,300,600,4,5
1280,,,10,2,2,1,41,23,60,180,1,5
1281,,,14,1,2,2,24,66,420,540,3,5
1282,,,7,2,2,2,64,33,300,600,2,5
1283,,,5,1,2,1,70,58,300,600,4,5
1284,,,16,2,2,2,9,1,60,180,2,5
1285,,,8,2,2,2,66,14,300,420,1,5
1286,,,1,1,2,2,12,82,420,540,3,5
1287,,,3,2,2,1,50,91,420,540,1,5
1288,,,6,1,2,1,50,94,300,600,4,5
1289,,,8,2,2,2,54,64,0,300,3,5
1290,,,8,1,2,2,83,85,300,600,4,5
1291,,,6,1,2,2,49,26,300,600,3,5
1292,,,12,1,2,1,64,37,300,600,4,5
1293,,,7,2,2,2,88,79,420,540,3,5
1294,,,11,1,2,2,17,23,420,540,1,5
1295,,,7,1,2,2,70,37,300,600,4,5
1296,,,8,2,2,1,26,69,420,540,1,5
1297,,,3,2,2,1,11,72,180,300,1,5
1298,,,9,2,2,2,38,95,60,180,1,5
1299,,,12,2,2,1,31,23,180,300,1,5
1300,,,3,1,2,2,46,6,420,540,3,5
1301,,,15,1,2,2,29,97,300,600,3,5
1302,,,7,1,2,2,59,42,420,540,3,5
1303,,,2,1,2,1,25,81,420,540,4,5
1304,,,15,2,2,2,74,13,60,180,1,5
1305,,,15,2,2,2,43,23,180,300,1,5
1306,,,15,1,2,2,39,4,300,600,3,5
1307,,,6,1,2,1,25,99,300,600,1,5
1308,,,7,2,2,2,33,34,0,300,1,5
1309,,,11,1,2,1,35,69,300,600,1,5
1310,,,7,2,2,1,95,25,300,420,3,5
1311,,,8,1,2,1,70,71,300,600,1,5
1312,,,10,1,2,2,20,86,420,540,4,5
1313,,,12,1,2,1,91,1,300,600,2,5
1314,,,7,1,2,1,62,51,300,600,1,5
1315,,,13,1,2,2,89,80,300,600,4,5
1316,,,3,1,2,2,59,79,420,540,4,5
1317,,,13,1,2,2,5,81,420,540,3,5
1318,,,15,2,2,1,99,60,420,540,3,5
1319,,,12,2,2,2,37,100,300,600,3,5
1320,,,9,1,2,1,26,57,420,540,3,5
1321,,,2,2,2,1,26,77,300,600,2,5
1322,,,5,2,2,1,16,24,300,600,2,5
1323,,,13,1,2,1,31,55,300,600,1,5
1324,,,7,2,2,2,10,7,300,420,2,5
1325,,,7,1,2,2,31,56,300,600,3,5
1326,,,8,2,2,1,99,86,180,300,4,5
1327,,,10,2,2,2,68,35,420,540,1,5
1328,,,3,2,2,2,13,51,180,300,3,5
1329,,,10,1,2,1,12,81,420,540,3,5
1330,,,8,2,2,1,44,84,0,300,4,5
1331,,,8,2,2,2,38,61,180,300,4,5
1332,,,3,1,2,2,0,66,420,540,2,5
1333,,,12,2,2,1,7,53,180,300,3,5
1334,,,8,2,2,1,35,9,300,420,2,5
1335,,,2,2,2,1,33,28,60,180,4,5
1336,,,7,2,2,2,78,62,60,180,2,5
1337,,,7,2,2,1,20,90,180,300,3,5
1338,,,9,2,2,2,36,66,60,180,4,5
1339,,,9,2,2,1,85,83,60,180,4,5
1340,,,12,1,2,1,37,86,420,540,1,5
1341,,,14,1,2,2,93,81,420,540,3,5
1342,,,7,2,2,1,35,36,300,600,1,5
1343,,,6,2,2,1,27,65,180,300,2,5
1344,,,15,2,2,2,16,73,300,600,1,5
1345,,,10,2,2,1,90,37,0,300,3,5
1346,,,6,2,2,2,1,27,180,300,2,5
1347,,,10,2,2,2,66,34,300,420,1,5
1348,,,16,1,2,2,48,97,300,600,4,5
1349,,,8,2,2,2,10,51,60,180,2,5
1350,,,7,1,2,2,62,54,420,540,3,5
1351,,,13,2,2,1,68,35,180,300,3,5
1352,,,10,1,2,1,65,51,300,600,4,5
1353,,,13,1,2,1,64,54,300,600,4,5
1354,,,15,1,2,1,97,74,420,540,4,5
1355,,,12,1,2,1,22,32,420,540,4,5
1356,,,4,2,2,2,51,99,180,300,2,5
1357,,,11,1,2,1,15,97,300,600,3,5
1358,,,2,1,2,2,78,3,300,600,4,5
1359,,,15,1,2,2,41,2,420,540,2,5
1360,,,4,2,2,2,89,51,180,300,4,5
1361,,,11,2,2,1,75,96,60,180,2,5
1362,,,6,2,2,2,41,51,0,300,4,5
1363,,,6,2,2,1,71,65,60,180,1,5
1364,,,3,1,2,2,19,100,420,540,3,5
1365,,,14,2,2,1,33,14,300,420,3,5
1366,,,2,2,2,2,81,4,0,300,4,5
1367,,,9,1,2,1,56,19,300,600,3,5
1368,,,15,1,2,2,84,64,300,600,4,5
1369,,,5,2,2,1,51,7,0,300,2,5
1370,,,9,1,2,2,44,31,420,540,1,5
1371,,,7,2,2,2,71,54,180,300,3,5
1372,,,6,2,2,2,52,28,300,420,2,5
1373,,,12,2,2,1,83,87,60,180,4,5
1374,,,13,2,2,1,76,66,180,300,4,5
1375,,,12,2,2,1,39,91,180,300,2,5
1376,,,4,2,2,2,86,72,60,180,4,5
1377,,,2,1,2,2,99,89,420,540,1,5
1378,,,9,1,2,1,59,73,420,540,3,5
1379,,,14,2,2,2,35,93,420,540,1,5
1380,,,5,2,2,1,40,7,60,180,4,5
1381,,,17,2,2,1,65,76,180,300,2,5
1382,,,3,1,2,2,35,82,420,540,2,5
1383,,,14,1,2,1,56,73,300,600,3,5
1384,,,4,1,2,2,92,66,300,600,1,5
1385,,,12,2,2,1,96,100,60,180,3,5
1386,,,11,2,2,1,53,92,180,300,2,5
1387,,,14,2,2,1,10,31,180,300,1,5
1388,,,14,2,2,1,2,89,0,300,3,5
1389,,,2,1,2,1,66,84,300,600,2,5
1390,,,13,2,2,2,59,53,300,420,2,5
1391,,,2,2,2,2,31,73,300,600,2,5
1392,,,7,2,2,2,15,39,0,300,4,5
1393,,,10,2,2,1,42,9,420,540,3,5
1394,,,2,1,2,2,61,100,420,540,1,5
1395,,,14,1,2,2,9,33,300,600,4,5
1396,,,7,2,2,2,81,43,180,300,2,5
1397,,,8,2,2,1,79,44,60,180,1,5
1398,,,12,2,2,1,81,12,180,300,2,5
1399,,,6,1,2,1,12,95,420,540,3,5
1400,,,11,2,2,1,1,70,60,180,4,5
1401,,,3,2,2,2,46,50,420,540,1,5
1402,,,12,1,2,1,90,60,420,540,4,5
1403,,,8,2,2,2,52,32,420,540,1,5
1404,,,13,2,2,2,13,7,60,180,3,5
1405,,,5,2,2,1,81,81,60,180,4,5
1406,,,6,2,2,1,55,21,0,300,3,5
1407,,,8,2,2,1,84,95,420,540,4,5
1408,,,8,2,2,2,54,57,60,180,3,5
1409,,,2,2,2,1,3,62,60,180,2,5
1410,,,13,2,2,2,48,61,420,540,2,5
1411,,,5,1,2,2,73,56,420,540,4,5
1412,,,4,2,2,1,20,36,180,300,4,5
1413,,,9,2,2,1,43,9,0,300,1,5
1414,,,6,1,2,2,25,21,420,540,3,5
1415,,,9,1,2,1,67,3,300,600,4,5
1416,,,6,1,2,1,84,66,300,600,2,5
1417,,,3,2,2,1,52,22,420,540,3,5
1418,,,13,2,2,1,72,37,180,300,2,5
1419,,,11,1,2,2,66,56,300,600,2,5
1420,,,9,1,2,2,23,28,420,540,4,5
1421,,,3,2,2,2,89,75,180,300,2,5
1422,,,3,2,2,1,97,1,420,540,1,5
1423,,,7,1,2,2,68,4,420,540,2,5
1424,,,7,2,2,2,86,91,420,540,2,5
1425,,,9,1,2,2,99,35,300,600,3,5
1426,,,15,2,2,2,39,67,300,600,4,5
1427,,,9,2,2,2,62,37,300,600,3,5
1428,,,4,2,2,2,63,90,180,300,1,5
1429,,,12,1,2,1,67,11,300,600,3,5
1430,,,15,2,2,2,48,7,420,540,1,5
1431,,,14,1,2,2,96,80,420,540,2,5
1432,,,13,2,2,2,50,25,180,300,1,5
1433,,,15,2,2,1,88,47,180,300,1,5
1434,,,4,1,2,2,2,30,420,540,3,5
1435,,,6,1,2,1,85,67,420,540,4,5
1436,,,10,2,2,1,48,85,60,180,1,5
1437,,,12,1,2,1,31,8,300,600,3,5
1438,,,2,2,2,1,96,94,60,180,2,5
1439,,,14,2,2,2,24,53,60,180,4,5
1440,,,4,1,2,1,93,16,420,540,3,5
1441,,,5,1,2,1,61,90,300,600,4,5
1442,,,13,2,2,2,48,13,300,420,2,5
1443,,,8,2,2,2,42,41,420,540,4,5
1444,,,12,1,2,2,86,93,300,600,4,5
1445,,,5,1,2,1,46,67,300,600,2,5
1446,,,3,2,2,2,42,67,180,300,2,5
1447,,,11,1,2,2,19,13,300,600,2,5
1448,,,15,2,2,2,82,70,60,180,2,5
1449,,,8,1,2,2,63,59,300,600,1,5
1450,,,8,2,2,1,35,66,60,180,4,5
1451,,,3,2,2,2,80,58,60,180,1,5
1452,,,15,2,2,2,50,24,0,300,1,5
1453,,,6,1,2,1,48,95,420,540,4,5
1454,,,5,1,2,2,45,54,420,540,3,5
1455,,,6,2,2,2,41,93,300,420,1,5
1456,,,12,2,2,2,80,68,420,540,3,5
1457,,,10,2,2,1,59,14,180,300,2,5
1458,,,7,1,2,2,17,92,300,600,2,5
1459,,,6,1,2,2,80,19,300,600,2,5
1460,,,2,1,2,2,35,76,300,600,1,5
1461,,,10,2,2,1,92,50,300,600,4,5
1462,,,2,1,2,1,34,67,420,540,4,5
1463,,,14,1,2,2,89,8,300,600,2,5
1464,,,4,2,2,2,49,73,0,300,1,5
1465,,,4,2,2,2,97,27,300,420,1,5
1466,,,6,2,2,1,53,100,420,540,1,5
1467,,,6,1,2,2,46,6,420,540,3,5
1468,,,10,2,2,2,60,75,300,600,2,5
1469,,,3,1,2,1,96,99,420,540,1,5
1470,,,15,2,2,2,46,85,300,420,2,5
1471,,,5,2,2,1,69,35,300,420,3,5
1472,,,4,2,2,1,76,92,300,600,1,5
1473,,,11,1,2,1,71,78,300,600,1,5
1474,,,12,1,2,1,48,100,300,600,3,5
1475,,,12,2,2,1,54,32,180,300,1,5
1476,,,8,2,2,2,13,88,0,300,2,5
1477,,,3,2,2,1,61,71,0,300,1,5
1478,,,7,2,2,1,39,52,420,540,3,5
1479,,,13,1,2,1,98,48,420,540,3,5
1480,,,2,2,2,1,87,16,420,540,4,5
1481,,,10,2,2,1,35,22,420,540,3,5
1482,,,9,1,2,1,43,78,420,540,3,5
1483,,,13,1,2,1,17,9,300,600,1,5
1484,,,11,2,2,1,11,5,300,600,2,5
1485,,,8,2,2,2,49,42,60,180,2,5
1486,,,4,1,2,1,60,72,420,540,4,5
1487,,,3,2,2,1,24,64,0,300,2,5
1488,,,3,2,2,1,15,98,0,300,1,5
1489,,,10,2,2,1,88,19,180,300,2,5
1490,,,2,1,2,1,71,24,300,600,2,5
1491,,,8,2,2,2,17,48,180,300,3,5
1492,,,10,2,2,1,12,10,0,300,1,5
1493,,,12,1,2,1,22,37,420,540,4,5
1494,,,3,1,2,1,97,45,300,600,2,5
1495,,,14,1,2,1,62,92,420,540,3,5
1496,,,13,1,2,1,36,30,420,540,2,5
1497,,,12,2,2,1,16,34,300,600,3,5
1498,,,3,1,2,1,22,35,420,540,1,5
1499,,,7,1,2,2,18,44,300,600,1,5
1500,,,12,2,2,2,87,63,420,540,4,5
1501,,,13,2,2,1,53,71,60,180,1,5
1502,,,13,2,2,1,42,75,420,540,4,5
1503,,,11,2,2,1,76,79,60,180,3,5
1504,,,7,2,2,2,41,0,180,300,2,5
1505,,,7,1,2,1,93,68,300,600,1,5
1506,,,6,2,2,2,73,70,300,420,3,5
1507,,,5,2,2,2,38,17,180,300,4,5
1508,,,11,1,2,1,7,57,300,600,2,5
1509,,,6,1,2,2,58,52,420,540,2,5
1510,,,16,2,2,1,68,1,300,420,2,5
1511,,,2,1,2,2,27,88,300,600,1,5
1512,,,5,1,2,1,0,38,300,600,2,5
1513,,,7,2,2,2,14,38,0,300,2,5
1514,,,2,1,2,1,39,31,420,540,1,5
1515,,,13,2,2,2,58,78,300,600,3,5
1516,,,8,1,2,1,11,61,420,540,1,5
1517,,,6,2,2,2,10,68,180,300,2,5
1518,,,13,2,2,1,96,69,300,600,4,5
1519,,,14,2,2,2,43,17,180,300,3,5
1520,,,5,2,2,1,81,84,300,420,4,5
1521,,,13,2,2,1,6,41,420,540,4,5
1522,,,5,1,2,2,14,20,300,600,2,5
1523,,,14,1,2,2,77,36,300,600,3,5
1524,,,4,1,2,1,50,34,420,540,1,5
1525,,,13,2,2,1,65,1,60,180,2,5
1526,,,13,2,2,2,89,10,300,420,2,5
1527,,,4,1,2,1,98,67,420,540,4,5
1528,,,11,1,2,2,67,57,300,600,2,5
1529,,,14,2,2,2,78,28,60,180,2,5
1530,,,3,2,2,1,39,92,60,180,3,5
1531,,,8,1,2,2,35,21,420,540,4,5
1532,,,3,1,2,2,95,66,300,600,4,5
1533,,,10,2,2,2,61,66,0,300,4,5
1534,,,9,1,2,2,69,96,420,540,1,5
1535,,,14,2,2,2,74,79,0,300,4,5
1536,,,3,1,2,1,29,66,300,600,2,5
1537,,,7,1,2,1,68,80,420,540,4,5
1538,,,2,1,2,2,11,51,420,540,3,5
1539,,,12,1,2,2,81,29,420,540,2,5
1540,,,12,1,2,2,61,46,300,600,2,5
1541,,,16,1,2,2,28,69,420,540,4,5
1542,,,7,2,2,1,44,37,300,420,4,5
1543,,,11,2,2,2,31,67,300,600,1,5
1544,,,2,1,2,1,4,69,300,600,1,5
1545,,,17,2,2,2,97,43,180,300,3,5
1546,,,8,1,2,1,3,33,300,600,4,5
1547,,,3,1,2,1,27,98,300,600,1,5
1548,,,12,2,2,2,52,45,420,540,1,5
1549,,,11,1,2,1,22,12,300,600,2,5
1550,,,7,2,2,1,5,68,60,180,2,5
1551,,,4,2,2,2,6,22,60,180,1,5
1552,,,15,2,2,1,35,24,300,420,4,5
1553,,,7,2,2,2,92,73,420,540,2,5
1554,,,13,1,2,1,17,71,300,600,1,5
1555,,,9,2,2,1,72,89,0,300,4,5
1556,,,9,2,2,2,17,58,300,600,2,5
1557,,,8,2,2,2,41,65,60,180,4,5
1558,,,4,2,2,1,41,29,420,540,3,5
1559,,,5,2,2,1,33,6,180,300,1,5
1560,,,8,2,2,2,73,83,180,300,2,5
1561,,,6,2,2,1,73,15,300,420,4,5
1562,,,11,2,2,2,80,18,60,180,2,5
1563,,,7,1,2,2,22,72,300,600,1,5
1564,,,13,2,2,2,80,12,0,300,2,5
1565,,,15,1,2,1,72,94,300,600,1,5
1566,,,9,1,2,2,6,92,420,540,3,5
1567,,,7,1,2,2,20,78,420,540,1,5
1568,,,7,1,2,1,58,40,420,540,4,5
1569,,,14,2,2,1,21,49,60,180,3,5
1570,,,9,1,2,1,93,27,300,600,2,5
1571,,,2,2,2,2,29,8,60,180,1,5
1572,,,4,1,2,2,16,29,300,600,1,5
1573,,,7,1,2,2,81,42,420,540,2,5
1574,,,15,1,2,2,73,10,300,600,3,5
1575,,,9,1,2,2,49,48,300,600,3,5
1576,,,6,1,2,1,60,76,420,540,1,5
1577,,,7,2,2,1,65,39,420,540,4,5
1578,,,9,1,2,1,14,90,420,540,2,5
1579,,,8,2,2,2,28,31,300,420,3,5
1580,,,4,1,2,2,30,14,420,540,4,5
1581,,,4,1,2,2,40,99,420,540,2,5
1582,,,15,1,2,1,44,54,420,540,3,5
1583,,,6,2,2,1,48,29,180,300,4,5
1584,,,15,2,2,2,86,29,300,420,1,5
1585,,,6,2,2,2,41,23,0,300,3,5
1586,,,3,2,2,2,50,85,0,300,3,5
1587,,,11,2,2,2,7,26,420,540,3,5
1588,,,6,2,2,2,59,83,180,300,2,5
1589,,,15,2,2,1,54,1,300,600,2,5
1590,,,11,2,2,1,96,36,0,300,1,5
1591,,,12,2,2,2,15,7,420,540,3,5
1592,,,7,2,2,1,40,26,60,180,3,5
1593,,,1,1,2,2,51,21,420,540,3,5
1594,,,11,1,2,1,17,67,420,540,1,5
1595,,,4,2,2,2,94,74,60,180,1,5
1596,,,15,2,2,1,23,21,180,300,1,5
1597,,,15,2,2,2,78,0,420,540,2,5
1598,,,13,2,2,2,57,18,300,420,2,5
1599,,,13,1,2,2,25,21,420,540,4,5
1600,,,11,2,2,2,30,11,300,600,2,5
1601,,,15,1,2,2,92,24,420,540,1,5
1602,,,5,2,2,1,96,76,300,600,1,5
1603,,,11,1,2,2,40,10,300,600,1,5
1604,,,12,1,2,1,15,49,420,540,1,5
1605,,,10,1,2,2,69,79,300,600,4,5
1606,,,9,1,2,1,77,86,300,600,4,5
1607,,,7,1,2,1,45,90,420,540,4,5
1608,,,3,2,2,1,64,91,60,180,4,5
1609,,,14,1,2,2,85,39,300,600,4,5
1610,,,4,1,2,1,57,47,420,540,1,5
1611,,,8,1,2,2,6,60,300,600,2,5
1612,,,10,1,2,2,42,6,420,540,3,5
1613,,,6,1,2,1,60,68,300,600,1,5
1614,,,6,2,2,1,64,23,0,300,4,5
1615,,,9,2,2,2,36,85,300,420,1,5
1616,,,11,1,2,1,78,30,420,540,4,5
1617,,,11,1,2,2,72,62,300,600,3,5
1618,,,5,2,2,2,31,19,0,300,2,5
1619,,,15,2,2,1,68,81,0,300,4,5
1620,,,10,2,2,2,8,65,180,300,1,5
1621,,,11,2,2,2,35,68,0,300,1,5
1622,,,13,2,2,2,1,66,420,540,2,5
1623,,,13,2,2,1,100,74,180,300,1,5
1624,,,5,1,2,2,97,53,300,600,2,5
1625,,,8,2,2,2,29,96,420,540,3,5
1626,,,7,1,2,1,46,30,420,540,3,5
1627,,,10,1,2,1,62,77,300,600,1,5
1628,,,4,2,2,1,96,60,420,540,4,5
1629,,,3,1,2,1,56,51,420,540,2,5
1630,,,4,2,2,2,23,29,300,420,4,5
1631,,,12,1,2,2,3,74,420,540,1,5
1632,,,10,1,2,2,95,91,420,540,2,5
1633,,,15,1,2,1,22,40,300,600,2,5
1634,,,7,1,2,1,75,85,420,540,4,5
1635,,,3,1,2,1,73,92,300,600,1,5
1636,,,14,2,2,1,8,40,60,180,3,5
1637,,,9,2,2,1,80,6,300,600,2,5
1638,,,12,2,2,1,96,10,420,540,2,5
1639,,,8,2,2,2,35,81,420,540,1,5
1640,,,5,2,2,1,0,25,180,300,2,5
1641,,,5,2,2,2,92,63,180,300,1,5
1642,,,14,2,2,1,50,1,180,300,2,5
1643,,,12,2,2,2,41,93,420,540,4,5
1644,,,10,2,2,2,71,4,300,420,2,5
1645,,,2,1,2,1,25,80,420,540,3,5
1646,,,13,2,2,1,49,24,300,600,1,5
1647,,,9,2,2,2,39,88,420,540,2,5
1648,,,2,1,2,2,22,80,420,540,2,5
1649,,,2,2,2,1,54,98,180,300,2,5
1650,,,3,2,2,1,64,0,420,540,4,5
1651,,,6,1,2,2,96,21,420,540,1,5
1652,,,9,1,2,2,77,60,300,600,1,5
1653,,,2,2,2,1,47,77,60,180,4,5
1654,,,15,2,2,1,2,5,420,540,2,5
1655,,,9,1,2,1,34,41,420,540,1,5
1656,,,7,1,2,2,45,57,300,600,4,5
1657,,,14,1,2,1,56,27,300,600,1,5
1658,,,8,2,2,2,42,67,180,300,4,5
1659,,,14,1,2,1,57,46,420,540,4,5
1660,,,14,2,2,1,73,45,180,300,1,5
1661,,,14,1,2,2,87,49,420,540,4,5
1662,,,11,2,2,1,14,39,300,420,4,5
1663,,,12,1,2,1,7,29,420,540,1,5
1664,,,14,2,2,1,14,4,0,300,1,5
1665,,,14,2,2,1,60,38,0,300,4,5
1666,,,14,1,2,2,13,65,420,540,3,5
1667,,,13,1,2,2,33,43,300,600,2,5
1668,,,4,2,2,1,23,17,0,300,1,5
1669,,,2,1,2,1,54,100,420,540,1,5
1670,,,5,1,2,1,3,15,420,540,1,5
1671,,,5,2,2,2,95,6,60,180,1,5
1672,,,17,2,2,1,21,86,60,180,4,5
1673,,,15,1,2,1,90,55,420,540,3,5
1674,,,8,1,2,1,89,15,300,600,3,5
1675,,,11,2,2,2,75,78,300,420,2,5
1676,,,6,2,2,1,1,26,60,180,4,5
1677,,,12,1,2,2,66,48,420,540,2,5
1678,,,12,2,2,1,76,47,0,300,2,5
1679,,,6,2,2,1,20,18,180,300,2,5
1680,,,4,1,2,2,52,39,300,600,1,5
1681,,,5,2,2,1,30,98,0,300,1,5
1682,,,11,2,2,1,56,67,180,300,2,5
1683,,,4,1,2,2,26,38,420,540,1,5
1684,,,8,1,2,2,65,82,420,540,4,5
1685,,,14,1,2,2,47,78,300,600,3,5
1686,,,4,2,2,1,83,96,420,540,1,5
1687,,,8,1,2,1,28,64,300,600,2,5
1688,,,14,1,2,2,90,41,420,540,1,5
1689,,,13,1,2,1,27,61,300,600,1,5
1690,,,3,2,2,2,26,36,0,300,3,5
1691,,,5,2,2,1,88,41,180,300,4,5
1692,,,4,1,2,2,83,90,300,600,2,5
1693,,,2,1,2,1,63,92,420,540,4,5
1694,,,12,1,2,1,84,24,300,600,1,5
1695,,,14,1,2,2,2,55,420,540,2,5
1696,,,8,1,2,1,91,56,300,600,1,5
1697,,,16,2,2,2,8,35,60,180,3,5
1698,,,7,2,2,1,42,47,180,300,4,5
1699,,,5,1,2,1,87,29,420,540,3,5
1700,,,2,1,2,2,4,70,300,600,3,5
1701,,,13,1,2,1,41,60,300,600,4,5
1702,,,13,2,2,2,41,26,300,420,4,5
1703,,,8,2,2,2,36,6,420,540,2,5
1704,,,11,2,2,1,26,78,0,300,3,5
1705,,,13,2,2,1,65,10,0,300,3,5
1706,,,11,1,2,2,22,36,300,600,2,5
1707,,,9,2,2,1,43,43,0,300,1,5
1708,,,12,1,2,1,73,39,420,540,2,5
1709,,,13,2,2,2,29,56,420,540,1,5
1710,,,5,2,2,1,57,29,0,300,1,5
1711,,,5,2,2,2,86,0,180,300,1,5
1712,,,10,1,2,2,13,96,420,540,3,5
1713,,,16,2,2,1,18,62,180,300,3,5
1714,,,12,2,2,2,59,31,300,600,3,5
1715,,,14,2,2,1,97,12,420,540,4,5
1716,,,11,2,2,2,25,100,60,180,1,5
1717,,,14,1,2,2,87,95,300,600,4,5
1718,,,4,1,2,2,59,11,300,600,2,5
1719,,,11,1,2,2,96,52,300,600,2,5
1720,,,3,2,2,1,44,55,420,540,1,5
1721,,,2,2,2,2,37,40,300,600,2,5
1722,,,7,1,2,2,93,29,300,600,1,5
1723,,,8,2,2,2,57,43,0,300,4,5
1724,,,16,2,2,2,48,64,60,180,2,5
1725,,,5,1,2,1,87,92,300,600,1,5
1726,,,10,1,2,1,39,92,420,540,3,5
1727,,,11,2,2,2,61,58,420,540,1,5
1728,,,13,2,2,2,57,78,0,300,3,5
1729,,,12,2,2,1,14,17,420,540,4,5
1730,,,11,1,2,1,11,33,300,600,1,5
1731,,,15,2,2,2,9,41,0,300,1,5
1732,,,11,1,2,2,56,43,300,600,2,5
1733,,,15,2,2,1,1,70,0,300,1,5
1734,,,2,2,2,1,71,81,300,420,4,5
1735,,,11,1,2,2,100,100,420,540,2,5
1736,,,16,1,2,2,54,52,420,540,1,5
1737,,,3,2,2,1,46,22,420,540,4,5
1738,,,15,2,2,1,11,83,420,540,3,5
1739,,,14,2,2,2,40,48,300,600,4,5
1740,,,3,1,2,2,80,86,420,540,3,5
1741,,,7,2,2,1,46,98,180,300,3,5
1742,,,10,2,2,2,9,65,180,300,2,5
1743,,,16,1,2,1,93,40,300,600,3,5
1744,,,13,1,2,1,79,94,300,600,2,5
1745,,,7,2,2,1,29,41,300,420,2,5
1746,,,4,1,2,2,83,59,420,540,2,5
1747,,,3,2,2,2,93,79,180,300,1,5
1748,,,15,2,2,1,3,17,420,540,3,5
1749,,,10,1,2,2,74,43,420,540,4,5
1750,,,5,1,2,2,63,31,300,600,3,5
1751,,,5,1,2,2,11,69,300,600,1,5
1752,,,15,2,2,2,96,44,300,420,4,5
1753,,,4,2,2,1,12,32,180,300,2,5
1754,,,4,2,2,1,22,25,300,420,3,5
1755,,,7,1,2,1,74,95,300,600,1,5
1756,,,15,2,2,2,77,41,60,180,2,5
1757,,,5,2,2,2,33,17,180,300,1,5
1758,,,10,1,2,2,74,60,420,540,2,5
1759,,,12,2,2,1,84,17,180,300,3,5
1760,,,12,2,2,1,81,78,420,540,4,5
1761,,,7,2,2,1,79,22,180,300,4,5
1762,,,9,2,2,2,49,73,60,180,2,5
1763,,,7,1,2,1,17,92,300,600,2,5
1764,,,5,2,2,1,57,97,180,300,3,5
1765,,,8,2,2,1,73,38,420,540,3,5
1766,,,9,1,2,2,18,84,420,540,3,5
1767,,,3,2,2,1,63,60,420,540,4,5
1768,,,10,2,2,1,74,33,420,540,3,5
1769,,,11,1,2,1,68,15,300,600,3,5
1770,,,5,1,2,1,83,21,420,540,3,5
1771,,,12,1,2,1,95,12,300,600,1,5
1772,,,14,2,2,2,86,54,0,300,2,5
1773,,,3,2,2,2,74,84,420,540,4,5
1774,,,6,1,2,1,19,88,420,540,2,5
1775,,,3,1,2,1,56,50,300,600,4,5
1776,,,12,1,2,1,69,24,420,540,3,5
1777,,,12,2,2,2,38,34,0,300,2,5
1778,,,16,1,2,1,25,41,420,540,1,5
1779,,,3,2,2,1,10,9,180,300,4,5
1780,,,3,2,2,2,48,29,300,420,3,5
1781,,,13,2,2,2,13,1,300,420,4,5
1782,,,7,2,2,1,71,22,60,180,1,5
1783,,,7,1,2,1,47,5,420,540,1,5
1784,,,4,2,2,2,26,2,420,540,2,5
1785,,,8,2,2,2,49,3,300,600,1,5
1786,,,2,1,2,1,11,12,420,540,1,5
1787,,,15,2,2,2,87,66,0,300,4,5
1788,,,16,2,2,1,82,89,60,180,4,5
1789,,,8,2,2,2,67,16,420,540,3,5
1790,,,10,1,2,2,86,1,300,600,1,5
1791,,,13,2,2,1,36,61,60,180,1,5
1792,,,9,2,2,2,66,16,60,180,1,5
1793,,,14,2,2,1,84,6,420,540,4,5
1794,,,11,1,2,1,53,16,300,600,4,5
1795,,,6,2,2,1,58,44,0,300,4,5
1796,,,2,2,2,2,14,74,0,300,4,5
1797,,,13,2,2,1,8,18,0,300,3,5
1798,,,4,1,2,1,19,57,300,600,2,5
1799,,,14,1,2,1,30,43,420,540,1,5
1800,,,14,2,2,1,53,100,180,300,1,5
1801,,,3,2,2,1,48,94,420,540,1,5
1802,,,7,1,2,1,48,59,420,540,1,5
1803,,,4,1,2,2,32,87,300,600,4,5
1804,,,7,1,2,2,93,44,300,600,3,5
1805,,,17,2,2,2,74,47,0,300,4,5
1806,,,6,1,2,2,62,23,300,600,4,5
1807,,,11,1,2,2,17,22,300,600,1,5
1808,,,12,2,2,1,68,42,180,300,3,5
1809,,,15,2,2,2,28,94,0,300,4,5
1810,,,2,2,2,1,98,38,0,300,1,5
1811,,,6,2,2,1,70,69,180,300,4,5
1812,,,15,1,2,1,12,3,300,600,1,5
1813,,,1,1,2,2,44,14,420,540,4,5
1814,,,3,2,2,1,94,49,60,180,3,5
1815,,,6,1,2,1,32,37,300,600,4,5
1816,,,11,1,2,1,96,88,300,600,1,5
1817,,,10,2,2,1,15,39,60,180,3,5
1818,,,11,2,2,1,51,53,180,300,3,5
1819,,,7,2,2,2,52,27,300,420,2,5
1820,,,14,1,2,1,96,25,420,540,2,5
1821,,,10,1,2,2,54,79,420,540,4,5
1822,,,5,1,2,2,38,79,300,600,1,5
1823,,,12,1,2,2,78,69,420,540,1,5
1824,,,9,1,2,2,52,0,300,600,1,5
1825,,,7,1,2,1,18,4,300,600,4,5
1826,,,5,1,2,1,70,51,420,540,2,5
1827,,,14,1,2,2,27,98,420,540,4,5
1828,,,9,2,2,1,10,6,180,300,3,5
1829,,,5,2,2,1,47,62,0,300,3,5
1830,,,16,2,2,1,8,58,300,420,1,5
1831,,,4,2,2,1,2,50,0,300,4,5
1832,,,8,1,2,1,8,23,420,540,2,5
1833,,,7,1,2,1,24,100,420,540,1,5
1834,,,13,2,2,1,11,75,180,300,1,5
1835,,,12,1,2,1,48,77,420,540,2,5
1836,,,8,1,2,1,14,15,300,600,2,5
1837,,,16,1,2,2,79,40,300,600,3,5
1838,,,8,2,2,2,98,2,300,600,1,5
1839,,,5,1,2,2,26,52,300,600,2,5
1840,,,8,2,2,2,88,25,300,420,3,5
1841,,,13,2,2,2,82,10,60,180,3,5
1842,,,3,1,2,1,55,78,300,600,1,5
1843,,,4,1,2,2,94,44,300,600,3,5
1844,,,13,2,2,1,14,87,60,180,4,5
1845,,,9,2,2,2,19,92,0,300,4,5
1846,,,10,2,2,2,87,70,300,600,3,5
1847,,,11,2,2,2,74,98,0,300,3,5
1848,,,11,2,2,1,73,6,60,180,2,5
1849,,,12,2,2,1,93,57,60,180,3,5
1850,,,5,2,2,2,77,37,0,300,2,5
1851,,,14,2,2,2,70,87,300,600,4,5
1852,,,2,1,2,1,3,66,420,540,3,5
1853,,,15,1,2,2,89,57,300,600,2,5
1854,,,3,2,2,1,17,90,0,300,4,5
1855,,,3,1,2,2,95,97,420,540,4,5
1856,,,5,2,2,1,43,86,420,540,2,5
1857,,,8,2,2,1,46,22,0,300,1,5
1858,,,6,1,2,1,98,45,420,540,1,5
1859,,,12,2,2,2,58,60,300,600,1,5
1860,,,13,2,2,1,17,56,180,300,3,5
1861,,,6,2,2,2,39,1,60,180,2,5
1862,,,6,2,2,1,69,32,180,300,3,5
1863,,,13,1,2,2,42,8,300,600,1,5
1864,,,13,2,2,1,6,7,0,300,4,5
1865,,,4,1,2,1,11,72,420,540,4,5
1866,,,7,2,2,1,37,53,180,300,1,5
1867,,,9,2,2,2,94,43,420,540,4,5
1868,,,8,2,2,2,35,25,300,600,1,5
1869,,,11,1,2,2,74,51,300,600,3,5
1870,,,9,2,2,1,33,98,0,300,4,5
1871,,,7,1,2,1,81,73,420,540,2,5
1872,,,11,2,2,2,61,58,300,600,3,5
1873,,,13,2,2,2,92,88,420,540,4,5
1874,,,7,1,2,1,45,87,420,540,2,5
1875,,,12,2,2,1,30,59,420,540,4,5
1876,,,9,1,2,2,82,72,300,600,1,5
1877,,,3,1,2,2,58,93,420,540,3,5
1878,,,7,2,2,1,94,83,420,540,4,5
1879,,,12,1,2,1,2,11,300,600,2,5
1880,,,12,2,2,1,34,49,180,300,3,5
1881,,,4,1,2,1,47,73,420,540,2,5
1882,,,15,1,2,1,11,58,420,540,2,5
1883,,,9,2,2,1,8,4,420,540,1,5
1884,,,14,1,2,1,96,56,300,600,2,5
1885,,,4,1,2,2,12,86,420,540,4,5
1886,,,9,2,2,2,24,61,0,300,3,5
1887,,,7,1,2,2,47,13,300,600,3,5
1888,,,9,2,2,1,73,66,60,180,4,5
1889,,,16,2,2,1,100,43,0,300,2,5
1890,,,7,1,2,2,41,82,300,600,4,5
1891,,,7,2,2,2,3,63,180,300,4,5
1892,,,5,1,2,1,67,85,420,540,3,5
1893,,,14,1,2,2,93,87,420,540,1,5
1894,,,6,2,2,1,19,75,60,180,3,5
1895,,,16,2,2,1,76,84,300,600,3,5
1896,,,11,2,2,1,40,1,300,420,4,5
1897,,,9,1,2,2,92,90,300,600,4,5
1898,,,2,2,2,2,24,7,60,180,2,5
1899,,,5,2,2,2,33,17,420,540,4,5
1900,,,6,2,2,2,22,3,180,300,2,5
1901,,,11,1,2,2,86,51,420,540,3,5
1902,,,13,1,2,1,40,96,300,600,4,5
1903,,,10,2,2,2,48,72,0,300,2,5
1904,,,9,1,2,2,97,50,420,540,1,5
1905,,,16,2,2,1,39,48,300,420,4,5
1906,,,3,1,2,1,66,78,300,600,2,5
1907,,,8,2,2,1,35,38,180,300,3,5
1908,,,3,2,2,1,72,87,300,420,3,5
1909,,,7,1,2,1,36,20,300,600,2,5
1910,,,8,2,2,2,80,100,300,420,4,5
1911,,,15,1,2,2,83,100,300,600,1,5
1912,,,4,1,2,1,65,45,420,540,1,5
1913,,,15,1,2,1,96,18,420,540,3,5
1914,,,15,2,2,1,23,10,420,540,4,5
1915,,,11,2,2,1,25,38,300,600,3,5
1916,,,15,1,2,2,9,84,420,540,3,5
1917,,,7,1,2,2,99,100,420,540,1,5
1918,,,8,1,2,2,76,38,300,600,1,5
1919,,,14,2,2,1,39,81,60,180,1,5
1920,,,5,1,2,2,64,8,300,600,3,5
1921,,,15,1,2,1,32,57,300,600,1,5
1922,,,10,1,2,2,93,15,420,540,1,5
1923,,,9,1,2,2,90,4,300,600,3,5
1924,,,4,1,2,1,8,84,300,600,2,5
1925,,,7,2,2,2,87,7,180,300,2,5
1926,,,2,2,2,2,91,97,420,540,2,5
1927,,,12,2,2,1,65,48,60,180,3,5
1928,,,11,2,2,2,20,86,300,600,3,5
1929,,,4,2,2,2,93,18,60,180,3,5
1930,,,7,1,2,2,16,95,300,600,3,5
1931,,,14,1,2,1,1,17,420,540,3,5
1932,,,8,2,2,2,71,69,0,300,3,5
1933,,,10,2,2,1,12,4,420,540,4,5
1934,,,7,2,2,2,64,32,180,300,4,5
1935,,,3,1,2,1,27,44,300,600,4,5
1936,,,5,2,2,1,99,10,60,180,2,5
1937,,,5,1,2,1,44,98,420,540,3,5
1938,,,11,2,2,2,31,84,180,300,2,5
1939,,,14,1,2,1,60,10,420,540,3,5
1940,,,7,1,2,1,76,2,300,600,3,5
1941,,,15,1,2,2,35,24,420,540,1,5
1942,,,15,2,2,2,10,98,0,300,4,5
1943,,,7,1,2,2,34,51,300,600,3,5
1944,,,12,1,2,1,0,60,420,540,3,5
1945,,,8,2,2,2,44,80,0,300,4,5
1946,,,14,2,2,2,10,94,0,300,3,5
1947,,,15,2,2,1,10,0,180,300,2,5
1948,,,9,1,2,1,47,68,420,540,1,5
1949,,,8,1,2,1,50,40,300,600,1,5
1950,,,8,2,2,1,2,46,60,180,3,5
1951,,,11,2,2,1,92,41,60,180,2,5
1952,,,13,2,2,1,71,46,300,420,2,5
1953,,,9,1,2,2,84,11,420,540,4,5
1954,,,8,2,2,2,25,4,300,420,2,5
1955,,,9,1,2,1,67,4,420,540,3,5
1956,,,7,2,2,1,11,9,60,180,2,5
1957,,,14,2,2,1,68,0,0,300,3,5
1958,,,8,2,2,1,68,84,420,540,2,5
1959,,,14,2,2,2,99,47,180,300,2,5
1960,,,3,1,2,1,3,41,300,600,4,5
1961,,,10,1,2,1,71,87,300,600,3,5
1962,,,4,1,2,1,96,88,420,540,4,5
1963,,,8,1,2,1,42,37,420,540,2,5
1964,,,3,1,2,1,12,73,420,540,4,5
1965,,,5,1,2,2,33,36,420,540,3,5
1966,,,13,1,2,1,29,34,420,540,1,5
1967,,,10,2,2,2,61,1,420,540,2,5
1968,,,3,1,2,1,79,89,300,600,1,5
1969,,,14,2,2,1,79,78,420,540,4,5
1970,,,14,1,2,2,36,2,420,540,3,5
1971,,,4,2,2,1,33,87,60,180,2,5
1972,,,11,1,2,2,83,29,420,540,3,5
1973,,,14,2,2,2,18,26,60,180,3,5
1974,,,3,2,2,1,23,98,60,180,1,5
1975,,,9,2,2,2,88,70,180,300,2,5
1976,,,9,1,2,1,3,84,420,540,1,5
1977,,,13,1,2,2,47,83,300,600,3,5
1978,,,8,1,2,2,5,37,420,540,2,5
1979,,,12,1,2,1,2,5,300,600,3,5
1980,,,14,2,2,2,98,27,300,600,1,5
1981,,,14,2,2,1,29,40,420,540,4,5
1982,,,4,2,2,1,0,53,180,300,4,5
1983,,,14,2,2,2,2,4,300,600,1,5
1984,,,4,2,2,1,85,64,0,300,4,5
1985,,,3,2,2,1,81,16,180,300,1,5
1986,,,4,1,2,1,4,75,300,600,1,5
1987,,,2,2,2,1,98,26,420,540,4,5
1988,,,12,2,2,1,57,58,0,300,1,5
1989,,,10,1,2,1,40,42,420,540,1,5
1990,,,7,2,2,2,18,23,0,300,2,5
1991,,,4,1,2,1,19,39,300,600,3,5
1992,,,2,1,2,2,48,47,300,600,4,5
1993,,,7,1,2,1,49,67,300,600,4,5
1994,,,13,2,2,2,46,52,300,600,1,5
1995,,,2,2,2,2,15,57,300,420,3,5
1996,,,3,2,2,2,25,46,60,180,3,5
1997,,,13,2,2,1,60,48,180,300,2,5
1998,,,13,1,2,1,56,89,300,600,3,5
1999,,,4,1,2,2,22,19,300,600,4,5
2000,,,3,1,2,1,12,69,300,600,3,5
2001,,,8,2,2,1,99,53,300,600,1,5
2002,,,6,1,2,2,86,53,420,540,1,5
2003,,,3,2,2,1,62,28,420,540,2,5
2004,,,6,2,2,1,29,82,180,300,2,5
2005,,,2,2,2,2,68,74,420,540,1,5
2006,,,6,2,2,1,93,36,180,300,2,5
2007,,,6,1,2,2,51,77,300,600,4,5
2008,,,5,2,2,1,0,52,0,300,2,5
2009,,,15,1,2,2,57,42,420,540,3,5
2010,,,9,1,2,2,31,89,420,540,4,5
2011,,,6,2,2,2,70,19,180,300,4,5
2012,,,15,1,2,2,73,62,420,540,2,5
2013,,,7,1,2,1,77,24,300,600,1,5
2014,,,7,1,2,2,65,51,300,600,3,5
2015,,,7,2,2,2,39,6,420,540,2,5
2016,,,13,1,2,2,14,86,300,600,2,5
2017,,,10,1,2,1,44,7,420,540,2,5
2018,,,15,2,2,1,1,31,180,300,3,5
2019,,,11,1,2,1,49,89,420,540,2,5
2020,,,10,2,2,2,31,26,180,300,4,5
2021,,,11,1,2,2,58,89,300,600,2,5
2022,,,3,1,2,2,4,4,300,600,3,5
2023,,,6,1,2,2,63,35,300,600,2,5
2024,,,5,2,2,1,85,21,60,180,4,5
2025,,,6,1,2,1,89,80,420,540,2,5
2026,,,11,2,2,1,27,30,420,540,3,5
2027,,,12,1,2,1,35,42,300,600,1,5
2028,,,4,1,2,2,77,75,300,600,3,5
2029,,,12,2,2,1,23,92,300,600,4,5
2030,,,5,1,2,1,0,17,300,600,4,5
2031,,,3,1,2,2,47,9,300,600,3,5
2032,,,13,1,2,2,89,95,300,600,2,5
2033,,,7,2,2,2,0,68,420,540,3,5
2034,,,13,2,2,2,61,36,180,300,2,5
2035,,,3,1,2,1,95,94,420,540,3,5
2036,,,14,1,2,1,37,82,300,600,4,5
2037,,,6,2,2,2,77,6,0,300,4,5
2038,,,13,2,2,2,41,17,60,180,1,5
2039,,,9,2,2,1,44,3,180,300,3,5
2040,,,3,1,2,2,97,46,300,600,4,5
2041,,,4,1,2,2,30,42,420,540,3,5
2042,,,14,1,2,1,5,98,300,600,2,5
2043,,,12,1,2,1,83,52,300,600,2,5
2044,,,11,1,2,2,8,31,300,600,3,5
2045,,,7,1,2,1,39,11,420,540,4,5
2046,,,4,2,2,2,57,93,180,300,4,5
2047,,,15,2,2,2,13,36,60,180,2,5
2048,,,7,1,2,2,91,23,420,540,4,5
2049,,,3,2,2,2,100,19,300,420,1,5
2050,,,9,1,2,2,15,51,300,600,2,5
2051,,,4,1,2,1,45,81,300,600,4,5
2052,,,5,1,2,2,37,28,420,540,2,5
2053,,,10,2,2,1,87,77,180,300,2,5
2054,,,8,1,2,1,67,22,420,540,1,5
2055,,,14,1,2,2,96,77,300,600,1,5
2056,,,4,2,2,1,56,89,60,180,4,5
2057,,,11,1,2,2,62,47,300,600,1,5
2058,,,12,2,2,2,53,30,60,180,4,5
2059,,,11,2,2,1,15,78,60,180,3,5
2060,,,7,2,2,1,49,24,420,540,3,5
2061,,,9,1,2,2,86,61,300,600,3,5
2062,,,6,1,2,2,4,20,420,540,3,5
2063,,,15,1,2,1,4,38,420,540,4,5
2064,,,12,1,2,1,31,7,300,600,1,5
2065,,,7,2,2,1,15,30,420,540,4,5
2066,,,15,2,2,2,35,87,60,180,1,5
2067,,,3,1,2,1,56,75,420,540,2,5
2068,,,6,1,2,2,0,8,300,600,3,5
2069,,,2,1,2,2,69,70,300,600,2,5
2070,,,6,1,2,1,9,12,420,540,2,5
2071,,,12,1,2,2,19,17,300,600,1,5
2072,,,14,1,2,2,15,54,420,540,1,5
2073,,,9,1,2,2,4,3,300,600,2,5
2074,,,11,2,2,2,63,96,60,180,3,5
2075,,,3,2,2,1,38,56,180,300,1,5
2076,,,8,1,2,2,61,61,300,600,4,5
2077,,,5,1,2,2,91,29,420,540,1,5
2078,,,13,1,2,1,59,81,420,540,2,5
2079,,,15,2,2,1,98,51,0,300,3,5
2080,,,3,2,2,1,97,63,180,300,1,5
2081,,,10,2,2,1,77,60,300,420,4,5
2082,,,2,2,2,1,64,38,180,300,4,5
2083,,,6,2,2,2,62,93,180,300,3,5
2084,,,7,1,2,2,65,97,300,600,3,5
2085,,,12,2,2,2,49,41,180,300,4,5
2086,,,13,2,2,1,94,56,420,540,3,5
2087,,,5,2,2,2,99,70,300,420,2,5
2088,,,4,2,2,1,97,73,60,180,4,5
2089,,,13,1,2,2,49,0,420,540,1,5
2090,,,13,2,2,1,70,49,180,300,1,5
2091,,,8,2,2,1,30,60,300,600,1,5
2092,,,12,1,2,1,62,51,420,540,2,5
2093,,,6,2,2,1,27,90,180,300,1,5
2094,,,3,1,2,2,82,93,420,540,2,5
2095,,,11,2,2,1,48,80,420,540,4,5
2096,,,9,1,2,1,13,1,420,540,3,5
2097,,,12,2,2,2,18,65,180,300,4,5
2098,,,10,1,2,2,97,61,300,600,3,5
2099,,,14,2,2,2,2,57,300,420,3,5
2100,,,7,2,2,1,3,50,0,300,1,5
2101,,,15,2,2,2,17,39,300,420,4,5
2102,,,12,1,2,2,55,7,300,600,1,5
2103,,,7,1,2,1,83,100,420,540,3,5
2104,,,3,1,2,1,51,66,300,600,1,5
2105,,,9,2,2,2,46,26,180,300,1,5
2106,,,3,1,2,2,63,66,420,540,1,5
2107,,,15,2,2,1,96,8,0,300,2,5
2108,,,11,2,2,2,0,12,420,540,4,5
2109,,,12,2,2,2,71,65,60,180,2,5
2110,,,2,1,2,2,63,63,420,540,1,5
2111,,,2,2,2,1,72,63,300,600,1,5
2112,,,11,1,2,2,19,53,420,540,4,5
2113,,,12,1,2,2,56,5,420,540,4,5
2114,,,7,2,2,1,6,33,420,540,3,5
2115,,,12,1,2,1,40,7,300,600,4,5
2116,,,9,2,2,2,82,99,60,180,4,5
2117,,,11,2,2,1,54,70,180,300,3,5
2118,,,8,2,2,2,59,88,300,420,1,5
2119,,,6,1,2,1,34,70,300,600,3,5
2120,,,12,2,2,2,93,43,180,300,3,5
2121,,,2,1,2,1,85,34,420,540,1,5
2122,,,10,2,2,2,90,70,420,540,3,5
2123,,,10,1,2,1,66,73,420,540,3,5
2124,,,1,1,2,1,58,68,300,600,2,5
2125,,,10,2,2,1,4,10,60,180,4,5
2126,,,7,2,2,2,76,81,300,420,2,5
2127,,,4,1,2,2,63,31,420,540,1,5
2128,,,6,2,2,1,95,0,300,420,2,5
2129,,,14,2,2,2,69,12,180,300,2,5
2130,,,9,2,2,1,64,61,60,180,1,5
2131,,,4,2,2,2,83,13,60,180,2,5
2132,,,14,1,2,1,91,79,300,600,2,5
2133,,,16,1,2,1,29,88,300,600,1,5
2134,,,9,1,2,2,33,52,420,540,4,5
2135,,,8,2,2,2,90,4,420,540,4,5
2136,,,4,2,2,2,52,95,180,300,3,5
2137,,,4,1,2,2,5,53,420,540,4,5
2138,,,15,2,2,2,30,96,420,540,2,5
2139,,,1,1,2,1,100,38,420,540,4,5
2140,,,4,1,2,1,54,31,300,600,4,5
2141,,,2,1,2,2,37,24,300,600,2,5
2142,,,5,2,2,2,69,98,420,540,3,5
2143,,,9,2,2,2,76,86,60,180,3,5
2144,,,15,2,2,2,76,63,0,300,3,5
2145,,,10,1,2,1,5,26,300,600,3,5
2146,,,6,2,2,1,70,39,420,540,1,5
2147,,,4,2,2,2,73,60,60,180,3,5
2148,,,11,2,2,2,99,89,0,300,4,5
2149,,,10,2,2,2,42,31,180,300,1,5
2150,,,8,2,2,2,59,87,60,180,1,5
2151,,,5,1,2,2,45,65,420,540,3,5
2152,,,3,2,2,1,53,11,0,300,4,5
2153,,,10,2,2,1,69,37,60,180,2,5
2154,,,5,2,2,1,88,16,420,540,3,5
2155,,,8,2,2,1,13,85,0,300,1,5
2156,,,13,2,2,1,7,66,300,420,4,5
2157,,,3,2,2,2,100,29,0,300,2,5
2158,,,13,2,2,1,83,56,420,540,3,5
2159,,,3,1,2,1,71,62,300,600,2,5
2160,,,14,1,2,1,38,52,300,600,1,5
2161,,,15,2,2,1,36,34,60,180,4,5
2162,,,9,1,2,2,82,90,420,540,4,5
2163,,,12,1,2,2,37,51,420,540,4,5
2164,,,11,2,2,2,55,64,180,300,3,5
2165,,,11,1,2,2,30,76,420,540,3,5
2166,,,12,1,2,1,96,66,420,540,2,5
2167,,,2,2,2,1,81,34,60,180,3,5
2168,,,3,1,2,1,64,63,300,600,2,5
2169,,,9,1,2,2,73,64,420,540,3,5
2170,,,6,1,2,2,2,23,420,540,1,5
2171,,,12,2,2,1,6,52,300,420,3,5
2172,,,11,1,2,2,7,70,420,540,2,5
2173,,,11,1,2,1,94,64,300,600,2,5
2174,,,10,2,2,2,10,30,420,540,4,5
2175,,,15,2,2,2,8,75,420,540,1,5
2176,,,12,2,2,1,76,51,420,540,3,5
2177,,,8,2,2,1,35,15,0,300,1,5
2178,,,8,2,2,1,58,93,300,420,1,5
2179,,,3,2,2,2,13,0,180,300,1,5
2180,,,9,2,2,1,57,42,0,300,3,5
2181,,,10,2,2,1,38,79,60,180,4,5
2182,,,2,2,2,2,62,32,0,300,2,5
2183,,,4,2,2,2,8,4,180,300,1,5
2184,,,2,1,2,2,30,84,420,540,4,5
2185,,,10,1,2,1,94,37,300,600,2,5
2186,,,10,1,2,1,55,37,420,540,4,5
2187,,,16,1,2,2,56,11,420,540,1,5
2188,,,12,2,2,2,69,50,180,300,3,5
2189,,,14,1,2,1,12,25,300,600,1,5
2190,,,13,2,2,1,82,62,180,300,2,5
2191,,,13,1,2,2,79,8,300,600,2,5
2192,,,13,1,2,1,77,14,420,540,3,5
2193,,,16,2,2,2,79,45,0,300,1,5
2194,,,14,1,2,2,63,95,420,540,3,5
2195,,,5,1,2,2,1,32,420,540,4,5
2196,,,8,1,2,1,95,64,300,600,2,5
2197,,,11,2,2,1,48,86,0,300,3,5
2198,,,14,1,2,2,39,75,300,600,1,5
2199,,,4,1,2,1,81,100,420,540,1,5
2200,,,7,2,2,1,73,4,180,300,2,5
2201,,,8,1,2,1,83,12,300,600,3,5
2202,,,2,1,2,2,92,82,300,600,1,5
2203,,,13,2,2,2,97,95,60,180,4,5
2204,,,4,1,2,1,46,97,420,540,2,5
2205,,,10,1,2,2,19,61,420,540,3,5
2206,,,9,1,2,1,3,38,300,600,1,5
2207,,,2,1,2,1,77,67,300,600,3,5
2208,,,2,1,2,2,27,42,420,540,4,5
2209,,,15,1,2,2,27,3,420,540,1,5
2210,,,3,1,2,2,91,40,300,600,3,5
2211,,,13,1,2,1,71,10,420,540,1,5
2212,,,2,1,2,1,19,75,300,600,4,5
2213,,,11,1,2,2,27,65,300,600,2,5
2214,,,10,1,2,2,6,79,420,540,3,5
2215,,,6,2,2,2,10,84,300,420,3,5
2216,,,14,1,2,2,2,74,300,600,4,5
2217,,,3,1,2,1,53,25,300,600,2,5
2218,,,1,1,2,1,23,32,300,600,3,5
2219,,,3,2,2,1,77,79,60,180,1,5
2220,,,9,2,2,2,82,70,180,300,4,5
2221,,,6,1,2,1,29,17,300,600,2,5
2222,,,5,2,2,1,98,55,0,300,3,5
2223,,,3,2,2,2,74,55,420,540,2,5
2224,,,6,1,2,2,91,55,420,540,3,5
2225,,,3,2,2,2,75,28,180,300,2,5
2226,,,8,1,2,1,36,19,420,540,1,5
2227,,,2,1,2,2,91,38,300,600,4,5
2228,,,5,2,2,1,44,77,180,300,4,5
2229,,,2,2,2,2,60,91,420,540,3,5
2230,,,11,2,2,1,0,34,0,300,4,5
2231,,,9,2,2,2,69,94,60,180,1,5
2232,,,6,2,2,2,3,35,180,300,2,5
2233,,,7,1,2,2,39,34,300,600,3,5
2234,,,9,2,2,1,50,47,420,540,3,5
2235,,,12,1,2,1,43,28,420,540,4,5
2236,,,11,1,2,1,90,54,300,600,2,5
2237,,,15,1,2,1,54,58,300,600,2,5
2238,,,12,2,2,2,62,91,60,180,3,5
2239,,,3,2,2,2,24,8,300,600,1,5
2240,,,12,1,2,2,93,70,420,540,1,5
2241,,,10,2,2,2,54,13,180,300,1,5
2242,,,12,2,2,2,58,58,180,300,2,5
2243,,,6,1,2,1,12,1,300,600,4,5
2244,,,16,2,2,1,85,24,180,300,3,5
2245,,,2,1,2,1,50,80,420,540,4,5
2246,,,15,2,2,1,23,48,180,300,3,5
2247,,,10,2,2,1,23,47,300,600,2,5
2248,,,12,1,2,1,88,78,420,540,2,5
2249,,,6,2,2,2,52,11,420,540,3,5
2250,,,15,2,2,2,16,48,180,300,4,5
2251,,,9,2,2,1,37,16,300,420,1,5
2252,,,12,2,2,2,10,30,180,300,4,5
2253,,,3,1,2,1,51,7,420,540,3,5
2254,,,7,2,2,2,60,83,60,180,4,5
2255,,,12,2,2,2,47,57,420,540,1,5
2256,,,15,2,2,2,97,60,180,300,3,5
2257,,,15,2,2,2,16,55,420,540,4,5
2258,,,10,2,2,1,7,43,300,420,4,5
2259,,,9,1,2,1,90,12,420,540,3,5
2260,,,3,1,2,1,25,61,300,600,4,5
2261,,,10,1,2,2,43,19,300,600,4,5
2262,,,9,2,2,2,96,53,0,300,2,5
2263,,,2,2,2,1,21,100,0,300,3,5
2264,,,10,2,2,1,93,64,420,540,4,5
2265,,,12,2,2,2,7,74,180,300,3,5
2266,,,3,2,2,2,55,63,0,300,4,5
2267,,,2,1,2,2,87,55,420,540,3,5
2268,,,11,2,2,2,50,42,60,180,4,5
2269,,,13,1,2,2,3,54,300,600,3,5
2270,,,12,1,2,2,29,33,300,600,4,5
2271,,,6,2,2,2,86,34,180,300,1,5
2272,,,11,2,2,1,51,29,60,180,3,5
2273,,,11,1,2,1,63,31,420,540,2,5
2274,,,3,1,2,2,0,42,420,540,2,5
2275,,,6,1,2,1,81,99,420,540,3,5
2276,,,8,2,2,1,14,60,180,300,3,5
2277,,,13,2,2,2,20,88,60,180,1,5
2278,,,7,2,2,2,89,56,300,600,4,5
2279,,,5,1,2,2,19,29,420,540,2,5
2280,,,5,1,2,1,22,58,420,540,2,5
2281,,,12,2,2,2,42,34,180,300,3,5
2282,,,12,1,2,2,82,8,300,600,1,5
2283,,,2,1,2,1,76,86,300,600,1,5
2284,,,15,1,2,1,72,36,420,540,1,5
2285,,,5,2,2,1,17,45,420,540,2,5
2286,,,4,1,2,1,95,82,420,540,2,5
2287,,,9,1,2,1,67,65,300,600,1,5
2288,,,16,1,2,2,73,92,300,600,1,5
2289,,,4,1,2,1,27,18,300,600,3,5
2290,,,15,2,2,1,18,63,420,540,4,5
2291,,,6,2,2,2,33,74,300,420,1,5
2292,,,10,1,2,1,48,83,420,540,3,5
2293,,,15,1,2,1,47,54,420,540,2,5
2294,,,9,1,2,1,15,3,300,600,4,5
2295,,,8,2,2,2,58,88,0,300,4,5
2296,,,4,2,2,2,45,93,420,540,2,5
2297,,,9,1,2,1,28,45,420,540,2,5
2298,,,5,1,2,2,97,51,300,600,3,5
2299,,,8,1,2,2,13,47,420,540,3,5
2300,,,10,1,2,1,72,30,300,600,4,5
2301,,,3,1,2,1,32,67,420,540,3,5
2302,,,11,2,2,1,6,2,180,300,3,5
2303,,,6,2,2,2,38,54,0,300,3,5
2304,,,9,2,2,1,63,38,420,540,4,5
2305,,,7,2,2,2,74,63,0,300,4,5
2306,,,11,1,2,2,47,83,300,600,1,5
2307,,,9,1,2,2,71,21,420,540,4,5
2308,,,4,1,2,1,33,90,420,540,4,5
2309,,,11,2,2,2,84,56,180,300,2,5
2310,,,7,2,2,1,83,100,0,300,3,5
2311,,,4,1,2,1,98,97,420,540,3,5
2312,,,10,1,2,2,51,33,420,540,2,5
2313,,,5,1,2,2,27,69,300,600,1,5
2314,,,5,1,2,1,79,20,300,600,2,5
2315,,,14,1,2,1,70,42,300,600,1,5
2316,,,6,1,2,1,71,70,420,540,2,5
2317,,,17,2,2,2,45,71,420,540,1,5
2318,,,14,1,2,2,87,97,420,540,4,5
2319,,,6,1,2,2,12,46,300,600,2,5
2320,,,8,1,2,1,50,36,420,540,2,5
2321,,,5,1,2,1,66,85,300,600,4,5
2322,,,14,1,2,1,88,18,300,600,3,5
2323,,,5,2,2,1,80,27,60,180,4,5
2324,,,7,2,2,2,9,23,0,300,1,5
2325,,,2,1,2,2,92,59,420,540,4,5
2326,,,7,2,2,1,23,81,420,540,1,5
2327,,,4,1,2,2,20,9,300,600,1,5
2328,,,4,1,2,1,92,47,300,600,1,5
2329,,,14,2,2,2,57,42,60,180,3,5
2330,,,9,1,2,2,21,96,420,540,1,5
2331,,,13,2,2,2,39,17,300,600,1,5
2332,,,10,2,2,2,18,33,0,300,1,5
2333,,,9,1,2,2,53,29,300,600,3,5
2334,,,7,2,2,1,41,20,420,540,1,5
2335,,,10,2,2,2,68,62,180,300,3,5
2336,,,9,1,2,1,71,40,300,600,1,5
2337,,,10,1,2,2,53,37,420,540,4,5
2338,,,9,2,2,1,11,89,0,300,4,5
2339,,,10,2,2,1,79,40,60,180,4,5
2340,,,13,1,2,2,60,37,300,600,1,5
2341,,,12,2,2,1,84,50,300,600,4,5
2342,,,10,1,2,1,62,70,420,540,4,5
2343,,,12,2,2,2,96,6,180,300,1,5
2344,,,4,2,2,2,56,96,0,300,3,5
2345,,,13,1,2,1,45,60,420,540,4,5
2346,,,13,2,2,2,82,31,420,540,3,5
2347,,,14,1,2,2,21,0,420,540,4,5
2348,,,9,1,2,2,98,70,420,540,3,5
2349,,,9,1,2,2,29,82,420,540,1,5
2350,,,10,1,2,1,19,50,300,600,4,5
2351,,,11,1,2,1,100,19,300,600,2,5
2352,,,10,2,2,1,5,2,180,300,1,5
2353,,,8,1,2,1,73,80,420,540,3,5
2354,,,13,2,2,1,15,57,180,300,3,5
2355,,,11,1,2,1,55,54,300,600,4,5
2356,,,15,2,2,2,79,26,60,180,3,5
2357,,,9,2,2,2,33,26,300,600,2,5
2358,,,8,2,2,1,46,40,60,180,3,5
2359,,,8,1,2,2,86,60,300,600,1,5
2360,,,5,1,2,1,53,0,300,600,2,5
2361,,,4,2,2,1,16,52,420,540,2,5
2362,,,14,1,2,2,41,74,300,600,1,5
2363,,,7,2,2,2,13,49,180,300,4,5
2364,,,12,2,2,2,59,29,60,180,1,5
2365,,,11,1,2,2,15,84,300,600,3,5
2366,,,10,2,2,2,15,69,300,600,3,5
2367,,,10,2,2,1,88,34,0,300,4,5
2368,,,15,1,2,1,21,64,420,540,4,5
2369,,,7,1,2,2,25,23,420,540,1,5
2370,,,9,1,2,1,49,34,420,540,1,5
2371,,,3,1,2,1,8,22,420,540,3,5
2372,,,7,2,2,1,50,9,300,420,4,5
2373,,,16,2,2,2,25,25,60,180,2,5
2374,,,14,1,2,1,30,73,300,600,2,5
2375,,,5,1,2,1,68,36,300,600,4,5
2376,,,10,2,2,1,61,1,180,300,4,5
2377,,,15,1,2,2,52,48,300,600,2,5
2378,,,6,1,2,2,87,8,300,600,4,5
2379,,,10,2,2,1,43,23,60,180,2,5
2380,,,6,1,2,2,96,52,300,600,4,5
2381,,,8,2,2,1,77,79,300,420,4,5
2382,,,8,1,2,2,32,98,300,600,1,5
2383,,,7,2,2,1,25,22,60,180,1,5
2384,,,4,1,2,2,62,74,300,600,4,5
2385,,,11,2,2,1,93,2,60,180,1,5
2386,,,10,2,2,1,17,56,420,540,1,5
2387,,,11,2,2,2,80,45,180,300,4,5
2388,,,10,1,2,1,99,66,300,600,4,5
2389,,,16,2,2,2,81,92,0,300,2,5
2390,,,6,2,2,2,80,36,420,540,3,5
2391,,,2,1,2,2,77,90,300,600,4,5
2392,,,12,1,2,2,99,20,420,540,2,5
2393,,,15,2,2,1,19,75,420,540,2,5
2394,,,15,2,2,1,48,81,60,180,2,5
2395,,,14,1,2,1,69,41,300,600,4,5
2396,,,10,2,2,1,47,75,180,300,1,5
2397,,,3,2,2,1,24,54,300,420,3,5
2398,,,12,1,2,2,70,29,300,600,3,5
2399,,,4,2,2,1,34,2,180,300,4,5
2400,,,11,1,2,1,16,31,300,600,1,5
2401,,,7,1,2,2,61,57,420,540,1,5
2402,,,14,2,2,2,26,38,0,300,1,5
2403,,,12,1,2,2,46,91,300,600,2,5
2404,,,12,2,2,1,79,6,0,300,3,5
2405,,,14,1,2,1,37,21,420,540,4,5
2406,,,6,1,2,1,35,85,420,540,2,5
2407,,,10,2,2,1,68,68,60,180,2,5
2408,,,13,2,2,1,52,93,420,540,1,5
2409,,,2,1,2,1,17,32,300,600,4,5
2410,,,15,1,2,1,53,46,420,540,3,5
2411,,,6,2,2,1,75,92,0,300,3,5
2412,,,4,2,2,2,80,17,420,540,3,5
2413,,,4,2,2,2,39,40,180,300,1,5
2414,,,8,1,2,2,53,2,420,540,2,5
2415,,,6,2,2,1,93,25,0,300,2,5
2416,,,10,2,2,2,51,28,0,300,1,5
2417,,,2,2,2,2,55,39,420,540,1,5
2418,,,14,2,2,1,73,77,180,300,4,5
2419,,,14,1,2,1,52,9,420,540,1,5
2420,,,11,2,2,1,43,12,60,180,2,5
2421,,,2,1,2,1,69,76,420,540,2,5
2422,,,13,2,2,1,45,91,180,300,1,5
2423,,,7,2,2,1,63,9,420,540,2,5
2424,,,5,2,2,1,64,17,60,180,1,5
2425,,,10,2,2,1,44,20,60,180,4,5
2426,,,10,1,2,2,46,79,420,540,2,5
2427,,,3,1,2,1,74,1,420,540,3,5
2428,,,9,1,2,1,3,33,420,540,3,5
2429,,,15,2,2,1,71,30,0,300,3,5
2430,,,12,1,2,2,20,64,420,540,3,5
2431,,,5,2,2,2,3,98,60,180,1,5
2432,,,2,1,2,1,51,26,300,600,1,5
2433,,,15,2,2,1,60,33,60,180,2,5
2434,,,6,1,2,1,16,48,300,600,3,5
2435,,,2,1,2,2,92,87,300,600,4,5
2436,,,1,1,2,1,68,85,300,600,1,5
2437,,,11,2,2,2,87,68,420,540,2,5
2438,,,14,2,2,2,46,28,180,300,4,5
2439,,,10,1,2,2,63,48,420,540,2,5
2440,,,5,1,2,1,1,45,420,540,4,5
2441,,,13,1,2,1,27,88,300,600,4,5
2442,,,2,1,2,1,38,56,300,600,3,5
2443,,,12,1,2,2,39,57,300,600,1,5
2444,,,11,1,2,1,5,73,420,540,2,5
2445,,,9,2,2,2,26,36,0,300,2,5
2446,,,6,2,2,1,27,42,60,180,4,5
2447,,,5,1,2,2,43,96,300,600,1,5
2448,,,12,2,2,1,20,75,420,540,3,5
2449,,,7,1,2,2,89,5,420,540,2,5
2450,,,11,2,2,2,10,33,420,540,2,5
2451,,,11,2,2,2,94,41,0,300,2,5
2452,,,15,2,2,2,25,62,0,300,2,5
2453,,,9,2,2,1,17,75,300,420,4,5
2454,,,6,2,2,1,65,51,60,180,3,5
2455,,,4,1,2,2,73,76,420,540,4,5
2456,,,13,1,2,2,64,9,420,540,3,5
2457,,,13,1,2,2,57,68,420,540,4,5
2458,,,5,2,2,2,72,41,60,180,3,5
2459,,,13,1,2,2,84,12,300,600,4,5
2460,,,15,1,2,1,11,90,300,600,2,5
2461,,,4,1,2,1,88,24,420,540,1,5
2462,,,14,1,2,2,33,29,420,540,4,5
2463,,,8,2,2,1,77,30,60,180,3,5
2464,,,8,2,2,2,97,59,60,180,1,5
2465,,,12,2,2,2,98,79,420,540,4,5
2466,,,5,2,2,1,5,85,420,540,2,5
2467,,,5,2,2,2,4,45,420,540,1,5
2468,,,10,2,2,2,90,7,420,540,1,5
2469,,,7,1,2,1,74,32,300,600,4,5
2470,,,10,1,2,2,52,36,300,600,1,5
2471,,,9,2,2,2,77,74,60,180,4,5
2472,,,15,2,2,1,29,57,420,540,4,5
2473,,,11,1,2,1,33,61,300,600,4,5
2474,,,4,2,2,1,77,39,180,300,4,5
2475,,,9,1,2,2,39,51,420,540,2,5
2476,,,3,1,2,2,63,9,420,540,2,5
2477,,,4,1,2,2,13,31,300,600,1,5
2478,,,16,2,2,1,17,10,180,300,2,5
2479,,,12,2,2,1,11,41,300,600,3,5
2480,,,9,1,2,2,86,77,300,600,1,5
2481,,,6,2,2,1,92,74,420,540,1,5
2482,,,13,2,2,1,19,25,0,300,3,5
2483,,,7,1,2,2,87,90,300,600,1,5
2484,,,4,1,2,1,78,48,300,600,3,5
2485,,,12,2,2,1,47,81,0,300,2,5
2486,,,12,2,2,1,65,63,0,300,4,5
2487,,,4,1,2,1,87,98,420,540,1,5
2488,,,8,2,2,1,57,84,180,300,1,5
2489,,,7,2,2,1,86,79,420,540,2,5
2490,,,8,2,2,1,86,1,420,540,1,5
2491,,,13,1,2,1,24,67,300,600,4,5
2492,,,11,1,2,1,7,92,300,600,3,5
2493,,,4,2,2,1,63,66,0,300,1,5
2494,,,3,1,2,1,6,97,300,600,2,5
2495,,,3,1,2,1,78,42,300,600,2,5
2496,,,7,2,2,1,63,75,60,180,2,5
2497,,,13,2,2,1,1,18,180,300,3,5
2498,,,8,2,2,1,81,62,60,180,1,5
2499,,,8,1,2,1,66,41,300,600,1,5
2500,,,14,2,2,2,57,66,60,180,1,5
2501,,,12,1,2,1,80,40,420,540,3,5
2502,,,2,2,2,2,30,52,60,180,4,5
2503,,,14,2,2,2,53,19,0,300,2,5
2504,,,14,2,2,1,55,23,60,180,2,5
2505,,,14,1,2,1,81,4,300,600,1,5
2506,,,11,1,2,2,16,46,420,540,3,5
2507,,,4,1,2,2,36,51,420,540,1,5
2508,,,12,1,2,1,18,23,420,540,2,5
2509,,,11,2,2,2,98,80,60,180,1,5
2510,,,4,1,2,2,4,13,300,600,3,5
2511,,,9,1,2,2,91,47,420,540,4,5
2512,,,5,2,2,2,60,82,300,600,4,5
2513,,,15,2,2,1,11,26,300,420,2,5
2514,,,3,2,2,1,24,51,420,540,3,5
2515,,,12,1,2,2,81,27,300,600,3,5
2516,,,9,2,2,1,36,61,420,540,4,5
2517,,,3,1,2,1,81,20,420,540,2,5
2518,,,4,1,2,2,49,94,420,540,1,5
2519,,,16,2,2,2,59,93,60,180,2,5
2520,,,6,1,2,1,10,3,420,540,2,5
2521,,,12,1,2,1,3,32,420,540,1,5
2522,,,2,2,2,1,40,46,300,600,2,5
2523,,,5,2,2,1,80,15,180,300,3,5
2524,,,4,1,2,1,8,27,420,540,3,5
2525,,,6,2,2,1,80,6,300,600,1,5
2526,,,10,2,2,2,30,53,300,600,2,5
2527,,,10,1,2,2,49,5,420,540,2,5
2528,,,15,2,2,1,65,70,180,300,3,5
2529,,,9,1,2,1,13,1,300,600,4,5
2530,,,4,1,2,1,78,73,420,540,1,5
2531,,,9,2,2,1,40,99,180,300,4,5
2532,,,4,2,2,2,25,27,180,300,3,5
2533,,,13,2,2,1,20,84,300,600,3,5
2534,,,5,2,2,1,54,99,420,540,1,5
2535,,,9,2,2,2,88,81,420,540,1,5
2536,,,9,1,2,2,38,7,420,540,2,5
2537,,,6,1,2,2,55,84,300,600,3,5
2538,,,13,2,2,2,51,47,60,180,4,5
2539,,,7,2,2,1,69,38,0,300,1,5
2540,,,11,2,2,1,22,65,300,420,4,5
2541,,,9,1,2,1,27,2,300,600,2,5
2542,,,7,1,2,1,7,35,420,540,1,5
2543,,,7,1,2,1,16,82,300,600,2,5
2544,,,15,1,2,2,92,21,420,540,2,5
2545,,,9,2,2,1,2,8,180,300,3,5
2546,,,2,1,2,1,70,23,420,540,2,5
2547,,,14,2,2,2,89,48,180,300,2,5
2548,,,11,2,2,2,12,95,60,180,2,5
2549,,,9,1,2,1,39,83,300,600,4,5
2550,,,16,2,2,1,47,53,60,180,4,5
2551,,,13,1,2,1,37,34,420,540,4,5
2552,,,3,1,2,2,54,81,420,540,4,5
2553,,,13,2,2,2,23,26,0,300,3,5
2554,,,11,2,2,2,78,96,60,180,3,5
2555,,,3,1,2,1,35,70,300,600,2,5
2556,,,13,1,2,2,63,53,300,600,4,5
2557,,,15,2,2,1,10,63,180,300,2,5
2558,,,5,2,2,2,79,57,0,300,2,5
2559,,,11,2,2,1,58,84,300,420,4,5
2560,,,10,1,2,2,47,57,420,540,3,5
2561,,,3,1,2,1,13,81,300,600,4,5
2562,,,12,2,2,1,55,25,300,420,3,5
2563,,,6,1,2,2,65,44,420,540,2,5
2564,,,13,2,2,2,99,38,180,300,2,5
2565,,,3,2,2,1,0,41,180,300,4,5
2566,,,4,2,2,1,65,79,300,600,2,5
2567,,,13,2,2,2,84,50,0,300,2,5
2568,,,15,1,2,1,19,93,300,600,3,5
2569,,,5,1,2,1,94,57,420,540,2,5
2570,,,5,2,2,1,33,44,60,180,4,5
2571,,,2,1,2,1,98,43,420,540,2,5
2572,,,10,1,2,2,38,82,300,600,1,5
2573,,,2,1,2,1,57,80,300,600,1,5
2574,,,9,2,2,2,51,56,180,300,3,5
2575,,,10,2,2,1,61,1,300,420,3,5
2576,,,5,2,2,1,13,90,60,180,4,5
2577,,,10,2,2,2,100,96,60,180,4,5
2578,,,15,2,2,2,90,36,180,300,2,5
2579,,,6,2,2,2,76,33,180,300,1,5
2580,,,8,2,2,2,33,24,420,540,4,5
2581,,,12,1,2,2,65,74,420,540,1,5
2582,,,14,2,2,1,7,73,300,600,2,5
2583,,,2,1,2,1,81,47,420,540,3,5
2584,,,9,1,2,2,31,32,420,540,3,5
2585,,,5,2,2,2,38,97,300,600,2,5
2586,,,9,1,2,2,58,44,300,600,2,5
2587,,,8,2,2,2,25,38,420,540,4,5
2588,,,14,2,2,1,50,64,180,300,1,5
2589,,,7,2,2,2,8,25,0,300,3,5
2590,,,4,1,2,2,0,1,420,540,2,5
2591,,,8,1,2,2,49,54,420,540,4,5
2592,,,9,2,2,2,19,7,300,420,4,5
2593,,,8,1,2,1,96,42,300,600,3,5
2594,,,9,1,2,2,33,29,420,540,1,5
2595,,,4,2,2,2,25,82,60,180,1,5
2596,,,9,2,2,2,0,5,60,180,3,5
2597,,,12,1,2,1,59,94,420,540,2,5
2598,,,4,1,2,2,13,31,300,600,3,5
2599,,,4,1,2,1,89,16,300,600,1,5
2600,,,9,1,2,1,15,0,420,540,1,5
2601,,,11,2,2,2,19,94,420,540,3,5
2602,,,7,2,2,2,2,66,300,420,2,5
2603,,,10,1,2,1,46,51,420,540,2,5
2604,,,6,1,2,1,40,20,420,540,3,5
2605,,,9,1,2,1,44,66,300,600,1,5
2606,,,2,1,2,2,11,89,420,540,3,5
2607,,,3,1,2,1,65,89,300,600,3,5
2608,,,8,2,2,2,12,40,0,300,2,5
2609,,,15,2,2,1,34,20,300,420,2,5
2610,,,13,1,2,1,45,45,420,540,3,5
2611,,,4,1,2,2,83,19,420,540,2,5
2612,,,10,2,2,2,47,23,420,540,4,5
2613,,,3,1,2,1,99,43,420,540,4,5
2614,,,12,1,2,2,45,100,300,600,3,5
2615,,,13,1,2,1,24,12,420,540,3,5
2616,,,2,2,2,2,98,58,60,180,4,5
2617,,,11,1,2,1,89,69,420,540,4,5
2618,,,6,1,2,2,43,18,420,540,2,5
2619,,,11,2,2,1,30,6,0,300,1,5
2620,,,7,1,2,1,36,71,300,600,3,5
2621,,,11,1,2,2,25,48,300,600,3,5
2622,,,14,2,2,2,68,19,180,300,1,5
2623,,,14,2,2,1,81,73,300,600,4,5
2624,,,16,1,2,1,50,10,420,540,2,5
2625,,,2,1,2,1,43,87,300,600,2,5
2626,,,6,1,2,1,83,72,420,540,2,5
2627,,,14,1,2,1,55,97,300,600,2,5
2628,,,12,2,2,2,16,64,180,300,1,5
2629,,,5,1,2,2,23,42,300,600,2,5
2630,,,16,1,2,2,36,63,300,600,3,5
2631,,,14,1,2,2,55,66,300,600,4,5
2632,,,15,2,2,1,32,22,420,540,3,5
2633,,,8,2,2,1,14,83,60,180,3,5
2634,,,1,1,2,2,2,24,420,540,1,5
2635,,,12,2,2,2,37,43,0,300,2,5
2636,,,9,1,2,1,12,52,420,540,2,5
2637,,,3,2,2,2,31,52,420,540,4,5
2638,,,2,1,2,2,50,38,420,540,2,5
2639,,,4,1,2,1,82,56,300,600,3,5
2640,,,8,2,2,1,100,99,420,540,3,5
2641,,,9,1,2,2,3,71,420,540,1,5
2642,,,9,2,2,2,20,26,180,300,2,5
2643,,,4,2,2,2,96,14,300,420,3,5
2644,,,14,1,2,1,58,12,300,600,2,5
2645,,,13,1,2,1,13,0,300,600,1,5
2646,,,5,1,2,1,3,41,420,540,2,5
2647,,,11,1,2,1,91,67,420,540,2,5
2648,,,14,1,2,1,6,31,420,540,4,5
2649,,,11,1,2,1,62,3,300,600,3,5
2650,,,6,2,2,2,22,88,0,300,3,5
2651,,,13,1,2,1,50,22,300,600,2,5
2652,,,2,2,2,2,55,78,420,540,3,5
2653,,,17,2,2,2,44,55,60,180,1,5
2654,,,15,2,2,1,19,61,60,180,4,5
2655,,,7,2,2,2,4,37,0,300,1,5
2656,,,6,1,2,1,51,33,420,540,1,5
2657,,,7,2,2,1,11,62,60,180,1,5
2658,,,14,1,2,2,16,68,420,540,1,5
2659,,,2,2,2,2,78,88,420,540,2,5
2660,,,7,2,2,1,16,93,0,300,1,5
2661,,,9,2,2,1,94,68,300,420,2,5
2662,,,13,1,2,2,66,99,300,600,1,5
2663,,,13,1,2,2,73,45,300,600,1,5
2664,,,12,2,2,1,64,19,300,420,3,5
2665,,,4,1,2,1,42,14,420,540,1,5
2666,,,14,1,2,1,24,37,300,600,4,5
2667,,,7,2,2,1,56,99,60,180,1,5
2668,,,5,2,2,1,39,62,420,540,4,5
2669,,,14,2,2,2,77,97,60,180,1,5
2670,,,14,1,2,2,53,45,300,600,1,5
2671,,,17,2,2,1,56,33,0,300,4,5
2672,,,14,1,2,1,89,87,300,600,4,5
2673,,,8,1,2,2,60,83,420,540,3,5
2674,,,12,1,2,1,32,57,300,600,3,5
2675,,,10,1,2,1,73,94,420,540,1,5
2676,,,11,1,2,2,87,58,420,540,1,5
2677,,,8,2,2,1,36,72,420,540,2,5
2678,,,12,2,2,2,4,21,420,540,2,5
2679,,,13,1,2,2,36,22,300,600,4,5
2680,,,7,2,2,2,6,8,420,540,2,5
2681,,,15,2,2,1,0,56,0,300,3,5
2682,,,6,2,2,2,97,37,300,600,2,5
2683,,,5,2,2,1,42,34,60,180,3,5
2684,,,3,2,2,1,36,89,0,300,1,5
2685,,,15,2,2,2,32,89,0,300,4,5
2686,,,6,1,2,2,29,61,420,540,2,5
2687,,,13,1,2,1,89,10,300,600,2,5
2688,,,11,2,2,2,72,26,300,600,2,5
2689,,,12,2,2,1,69,71,420,540,4,5
2690,,,14,2,2,1,73,58,180,300,2,5
2691,,,13,2,2,1,59,39,420,540,2,5
2692,,,8,2,2,2,26,6,0,300,1,5
2693,,,14,2,2,2,68,10,300,600,3,5
2694,,,6,2,2,1,92,84,420,540,1,5
2695,,,13,1,2,2,68,72,300,600,2,5
2696,,,12,2,2,2,66,91,180,300,4,5
2697,,,7,1,2,1,84,88,300,600,3,5
2698,,,4,2,2,1,94,71,180,300,4,5
2699,,,8,1,2,2,28,76,420,540,4,5
2700,,,15,2,2,2,98,43,180,300,1,5
2701,,,15,2,2,2,53,97,420,540,4,5
2702,,,14,1,2,1,0,40,300,600,2,5
2703,,,10,2,2,2,99,14,60,180,4,5
2704,,,9,1,2,1,100,52,420,540,4,5
2705,,,11,2,2,2,24,32,180,300,2,5
2706,,,11,1,2,1,28,96,300,600,3,5
2707,,,6,2,2,2,88,96,180,300,1,5
2708,,,8,2,2,1,0,99,0,300,1,5
2709,,,10,2,2,2,0,6,60,180,3,5
2710,,,11,2,2,1,56,57,180,300,3,5
2711,,,4,2,2,2,22,2,300,420,1,5
2712,,,6,1,2,1,8,47,300,600,1,5
2713,,,9,2,2,2,39,14,0,300,4,5
2714,,,6,2,2,2,46,50,60,180,2,5
2715,,,12,2,2,2,12,90,60,180,1,5
2716,,,4,2,2,1,79,73,300,600,2,5
2717,,,3,1,2,1,80,0,420,540,4,5
2718,,,11,1,2,2,30,28,300,600,3,5
2719,,,6,1,2,1,80,45,420,540,1,5
2720,,,8,2,2,1,79,64,420,540,4,5
2721,,,5,1,2,1,71,32,300,600,3,5
2722,,,12,2,2,2,30,13,60,180,4,5
2723,,,15,2,2,1,36,31,300,420,2,5
2724,,,6,2,2,2,71,54,420,540,2,5
2725,,,11,1,2,2,70,49,300,600,2,5
2726,,,13,2,2,1,100,79,0,300,3,5
2727,,,6,2,2,1,35,91,180,300,3,5
2728,,,13,1,2,2,15,59,420,540,2,5
2729,,,14,2,2,2,8,49,300,420,2,5
2730,,,8,1,2,1,38,23,420,540,4,5
2731,,,14,2,2,2,91,88,420,540,2,5
2732,,,6,1,2,1,75,42,420,540,2,5
2733,,,16,1,2,2,24,88,420,540,4,5
2734,,,8,1,2,1,94,25,300,600,2,5
2735,,,11,1,2,2,68,20,420,540,3,5
2736,,,4,2,2,1,80,0,300,420,3,5
2737,,,14,2,2,1,52,73,300,420,3,5
2738,,,7,1,2,1,62,97,420,540,1,5
2739,,,8,2,2,1,34,77,420,540,3,5
2740,,,11,1,2,2,43,79,300,600,2,5
2741,,,13,1,2,2,80,72,300,600,2,5
2742,,,8,1,2,1,48,42,300,600,4,5
2743,,,13,2,2,2,83,9,420,540,1,5
2744,,,6,1,2,2,9,66,420,540,3,5
2745,,,13,2,2,2,88,79,420,540,2,5
2746,,,14,1,2,2,65,48,300,600,2,5
2747,,,11,1,2,2,12,85,300,600,2,5
2748,,,6,1,2,2,28,24,420,540,2,5
2749,,,13,2,2,2,5,68,420,540,3,5
2750,,,9,1,2,1,81,15,420,540,4,5
2751,,,6,2,2,1,48,14,60,180,1,5
2752,,,2,1,2,2,6,31,420,540,4,5
2753,,,8,2,2,2,89,50,0,300,1,5
2754,,,6,2,2,1,98,87,180,300,3,5
2755,,,9,2,2,2,96,55,180,300,4,5
2756,,,6,1,2,2,0,63,420,540,1,5
2757,,,6,2,2,1,74,55,60,180,2,5
2758,,,11,2,2,1,16,65,60,180,3,5
2759,,,10,2,2,2,96,62,60,180,3,5
2760,,,8,1,2,1,84,42,420,540,4,5
2761,,,8,2,2,1,87,90,300,420,4,5
2762,,,5,1,2,1,19,10,420,540,1,5
2763,,,12,1,2,1,68,21,420,540,4,5
2764,,,3,2,2,2,50,40,180,300,4,5
2765,,,12,1,2,1,95,85,300,600,2,5
2766,,,4,1,2,2,59,46,420,540,2,5
2767,,,15,1,2,2,93,25,300,600,4,5
2768,,,14,2,2,2,16,55,0,300,1,5
2769,,,9,2,2,1,18,31,0,300,4,5
2770,,,3,2,2,1,46,55,180,300,2,5
2771,,,13,1,2,2,98,88,300,600,3,5
2772,,,8,2,2,1,60,64,0,300,2,5
2773,,,12,1,2,2,22,47,300,600,4,5
2774,,,4,1,2,2,26,5,300,600,3,5
2775,,,8,2,2,2,92,36,300,600,3,5
2776,,,10,2,2,2,30,80,420,540,4,5
2777,,,5,1,2,2,92,71,420,540,2,5
2778,,,10,2,2,2,80,62,300,600,1,5
2779,,,10,1,2,1,57,66,420,540,3,5
2780,,,13,2,2,2,27,67,60,180,1,5
2781,,,15,2,2,2,53,2,420,540,3,5
2782,,,11,2,2,1,28,27,180,300,4,5
2783,,,11,1,2,1,54,88,420,540,2,5
2784,,,14,2,2,2,45,7,300,600,3,5
2785,,,7,2,2,2,73,65,300,420,4,5
2786,,,5,1,2,1,65,81,300,600,4,5
2787,,,3,2,2,2,19,55,0,300,3,5
2788,,,13,1,2,2,4,12,300,600,3,5
2789,,,4,1,2,1,88,84,420,540,1,5
2790,,,13,2,2,2,7,43,60,180,1,5
2791,,,11,2,2,2,43,9,180,300,3,5
2792,,,14,1,2,1,12,22,420,540,4,5
2793,,,2,1,2,1,82,57,300,600,4,5
2794,,,3,2,2,2,14,70,300,420,2,5
2795,,,11,1,2,1,31,60,300,600,3,5
2796,,,16,2,2,1,62,29,420,540,4,5
2797,,,15,2,2,1,69,16,0,300,4,5
2798,,,10,2,2,2,2,48,420,540,3,5
2799,,,8,2,2,1,25,48,300,600,2,5
2800,,,7,2,2,1,80,9,60,180,2,5
2801,,,8,2,2,1,31,12,60,180,4,5
2802,,,9,1,2,2,31,87,300,600,1,5
2803,,,14,2,2,2,92,75,300,600,2,5
2804,,,13,1,2,1,3,35,420,540,1,5
2805,,,7,2,2,1,49,29,180,300,4,5
2806,,,7,2,2,2,19,73,0,300,3,5
2807,,,13,2,2,2,18,67,300,420,4,5
2808,,,15,2,2,2,26,4,60,180,4,5
2809,,,10,1,2,1,61,92,300,600,3,5
2810,,,10,2,2,1,50,50,0,300,1,5
2811,,,11,1,2,1,36,64,300,600,4,5
2812,,,14,1,2,2,73,71,420,540,4,5
2813,,,6,2,2,1,71,9,300,600,3,5
2814,,,8,1,2,1,42,14,300,600,3,5
2815,,,7,2,2,1,55,65,180,300,2,5
2816,,,8,2,2,1,24,2,180,300,2,5
2817,,,10,1,2,2,46,59,300,600,1,5
2818,,,4,2,2,2,54,44,180,300,1,5
2819,,,14,2,2,1,19,88,420,540,3,5
2820,,,6,2,2,2,81,12,300,420,4,5
2821,,,5,2,2,1,49,87,0,300,2,5
2822,,,4,1,2,1,41,13,300,600,1,5
2823,,,7,1,2,2,77,80,300,600,4,5
2824,,,5,2,2,1,3,19,60,180,2,5
2825,,,3,1,2,1,90,49,420,540,3,5
2826,,,9,2,2,2,91,32,420,540,1,5
2827,,,4,1,2,1,88,18,300,600,2,5
2828,,,13,1,2,1,25,21,300,600,3,5
2829,,,3,2,2,1,58,91,180,300,4,5
2830,,,2,1,2,2,83,61,420,540,2,5
2831,,,7,1,2,1,28,82,420,540,4,5
2832,,,14,1,2,1,12,5,420,540,4,5
2833,,,10,1,2,1,43,90,300,600,2,5
2834,,,7,1,2,2,77,75,300,600,3,5
2835,,,15,1,2,1,29,60,300,600,4,5
2836,,,15,2,2,2,79,61,60,180,2,5
2837,,,8,2,2,1,80,1,60,180,1,5
2838,,,9,1,2,1,72,82,300,600,1,5
2839,,,4,2,2,1,68,77,420,540,1,5
2840,,,6,1,2,2,85,54,420,540,1,5
2841,,,16,2,2,2,2,2,300,600,3,5
2842,,,14,2,2,2,14,92,420,540,2,5
2843,,,4,2,2,2,67,92,300,600,3,5
2844,,,15,2,2,1,27,7,300,420,2,5
2845,,,4,2,2,2,37,75,180,300,2,5
2846,,,8,2,2,1,95,83,0,300,1,5
2847,,,12,2,2,2,45,65,0,300,3,5
2848,,,11,2,2,2,40,68,0,300,1,5
2849,,,15,2,2,1,14,32,180,300,4,5
2850,,,4,2,2,1,81,64,180,300,3,5
2851,,,2,1,2,1,32,89,300,600,1,5
2852,,,14,2,2,2,11,98,300,420,1,5
2853,,,9,2,2,1,60,5,180,300,3,5
2854,,,7,2,2,1,47,70,0,300,2,5
2855,,,13,1,2,2,88,56,300,600,1,5
2856,,,2,2,2,2,27,90,420,540,1,5
2857,,,7,2,2,2,87,66,60,180,2,5
2858,,,7,2,2,2,46,37,420,540,1,5
2859,,,11,1,2,2,43,52,420,540,2,5
2860,,,13,1,2,1,33,70,420,540,2,5
2861,,,2,2,2,2,77,69,420,540,1,5
2862,,,2,1,2,2,5,91,420,540,3,5
2863,,,3,1,2,2,63,14,300,600,2,5
2864,,,15,2,2,2,54,33,60,180,2,5
2865,,,3,2,2,2,86,99,180,300,3,5
2866,,,3,1,2,2,84,20,420,540,4,5
2867,,,15,2,2,1,8,58,0,300,2,5
2868,,,1,1,2,1,63,73,300,600,4,5
2869,,,10,1,2,1,1,90,300,600,1,5
2870,,,4,2,2,2,95,37,60,180,2,5
2871,,,8,1,2,2,88,61,300,600,3,5
2872,,,8,1,2,2,52,77,420,540,3,5
2873,,,3,2,2,2,78,0,420,540,4,5
2874,,,8,1,2,1,91,88,420,540,1,5
2875,,,15,2,2,1,89,36,0,300,3,5
2876,,,6,1,2,2,63,67,300,600,3,5
2877,,,8,1,2,2,12,79,300,600,1,5
2878,,,3,2,2,1,27,88,420,540,3,5
2879,,,15,2,2,2,30,76,180,300,3,5
2880,,,14,1,2,1,33,84,420,540,1,5
2881,,,2,1,2,1,50,9,420,540,1,5
2882,,,8,1,2,2,75,74,300,600,1,5
2883,,,6,2,2,1,77,91,0,300,2,5
2884,,,8,2,2,1,82,5,180,300,4,5
2885,,,3,2,2,1,78,53,420,540,2,5
2886,,,5,1,2,2,31,14,420,540,4,5
2887,,,12,2,2,1,3,40,0,300,2,5
2888,,,6,1,2,1,88,60,300,600,3,5
2889,,,9,2,2,2,95,29,0,300,2,5
2890,,,12,2,2,2,27,63,0,300,2,5
2891,,,9,2,2,2,68,16,0,300,4,5
2892,,,14,2,2,1,91,22,420,540,2,5
2893,,,5,2,2,2,65,87,0,300,4,5
2894,,,14,1,2,2,62,65,420,540,1,5
2895,,,1,1,2,2,14,0,300,600,1,5
2896,,,9,2,2,2,29,100,180,300,4,5
2897,,,4,2,2,2,35,17,60,180,2,5
2898,,,13,1,2,1,65,67,420,540,3,5
2899,,,5,2,2,2,26,43,180,300,2,5
2900,,,13,1,2,1,19,73,420,540,3,5
2901,,,3,1,2,1,58,9,300,600,2,5
2902,,,13,2,2,1,35,2,60,180,2,5
2903,,,3,1,2,2,38,72,420,540,2,5
2904,,,6,1,2,1,11,94,300,600,2,5
2905,,,12,1,2,1,28,36,420,540,4,5
2906,,,3,1,2,2,69,30,420,540,4,5
2907,,,8,2,2,2,30,10,180,300,4,5
2908,,,8,1,2,2,24,17,420,540,4,5
2909,,,9,1,2,2,8,41,300,600,4,5
2910,,,5,2,2,2,4,66,420,540,4,5
2911,,,8,2,2,2,28,39,420,540,2,5
2912,,,10,2,2,2,74,8,180,300,2,5
2913,,,7,2,2,2,16,11,300,600,2,5
2914,,,14,2,2,1,100,10,420,540,2,5
2915,,,10,2,2,2,79,50,0,300,1,5
2916,,,12,2,2,2,24,83,420,540,3,5
2917,,,4,2,2,1,16,40,300,420,1,5
2918,,,2,1,2,2,98,55,300,600,4,5
2919,,,12,1,2,1,82,13,420,540,1,5
2920,,,9,1,2,1,100,33,420,540,4,5
2921,,,2,1,2,1,28,82,420,540,1,5
2922,,,7,2,2,2,32,62,60,180,4,5
2923,,,10,2,2,1,45,84,60,180,2,5
2924,,,8,1,2,2,96,99,300,600,1,5
2925,,,7,2,2,2,22,40,180,300,1,5
2926,,,13,2,2,1,21,85,300,420,2,5
2927,,,9,2,2,1,20,97,300,420,3,5
2928,,,6,1,2,2,9,52,300,600,3,5
2929,,,7,2,2,2,100,46,300,600,1,5
2930,,,7,2,2,2,87,40,420,540,4,5
2931,,,7,1,2,2,17,96,300,600,1,5
2932,,,5,1,2,2,91,29,300,600,1,5
2933,,,7,1,2,2,40,60,420,540,4,5
2934,,,11,1,2,1,17,32,300,600,1,5
2935,,,12,2,2,1,63,45,60,180,1,5
2936,,,6,1,2,2,100,0,300,600,4,5
2937,,,5,2,2,1,34,7,300,600,3,5
2938,,,12,2,2,2,31,82,420,540,2,5
2939,,,5,2,2,2,31,41,180,300,4,5
2940,,,15,2,2,2,31,86,0,300,1,5
2941,,,3,2,2,1,74,49,60,180,4,5
2942,,,13,1,2,1,65,63,300,600,2,5
2943,,,5,1,2,1,42,12,300,600,3,5
2944,,,10,2,2,2,33,93,300,600,4,5
2945,,,5,2,2,1,0,53,60,180,4,5
2946,,,5,2,2,2,57,32,60,180,1,5
2947,,,2,2,2,1,48,8,300,420,4,5
2948,,,15,2,2,2,22,15,300,420,3,5
2949,,,11,1,2,2,65,92,300,600,1,5
2950,,,11,1,2,2,69,39,300,600,2,5
2951,,,5,2,2,1,89,6,60,180,3,5
2952,,,3,2,2,1,16,23,420,540,4,5
2953,,,3,1,2,2,74,74,300,600,1,5
2954,,,13,1,2,2,30,91,300,600,4,5
2955,,,13,1,2,1,91,91,420,540,1,5
2956,,,10,2,2,1,5,29,60,180,2,5
2957,,,11,2,2,2,56,21,180,300,3,5
2958,,,12,1,2,2,89,40,420,540,3,5
2959,,,4,2,2,1,35,3,420,540,2,5
2960,,,12,2,2,2,20,20,180,300,3,5
2961,,,11,1,2,2,43,62,300,600,4,5
2962,,,12,2,2,1,35,45,420,540,3,5
2963,,,7,2,2,1,41,17,420,540,3,5
2964,,,5,2,2,2,11,7,180,300,3,5
2965,,,13,2,2,2,38,43,0,300,3,5
2966,,,4,2,2,2,72,92,0,300,4,5
2967,,,14,2,2,1,3,71,0,300,3,5
2968,,,9,1,2,2,99,65,420,540,4,5
2969,,,4,1,2,1,53,48,420,540,4,5
2970,,,13,2,2,2,42,23,0,300,3,5
2971,,,9,1,2,2,99,84,300,600,4,5
2972,,,7,2,2,2,30,41,420,540,2,5
2973,,,15,2,2,2,21,14,0,300,4,5
2974,,,9,1,2,2,20,64,300,600,3,5
2975,,,11,1,2,1,58,54,420,540,1,5
2976,,,16,2,2,2,12,94,60,180,3,5
2977,,,4,1,2,1,46,15,420,540,4,5
2978,,,3,2,2,1,8,72,300,420,4,5
2979,,,12,2,2,2,46,70,60,180,3,5
2980,,,7,2,2,2,86,60,300,600,2,5
2981,,,5,1,2,1,52,79,420,540,4,5
2982,,,3,1,2,1,87,29,300,600,3,5
2983,,,15,2,2,1,75,96,300,420,4,5
2984,,,14,1,2,1,99,96,300,600,4,5
2985,,,2,1,2,1,17,91,420,540,3,5
2986,,,10,1,2,2,50,44,420,540,4,5
2987,,,10,1,2,2,72,84,420,540,2,5
2988,,,15,2,2,2,73,21,180,300,4,5
2989,,,8,1,2,1,91,24,420,540,4,5
2990,,,8,2,2,1,70,4,60,180,4,5
2991,,,3,2,2,1,17,34,60,180,3,5
2992,,,14,1,2,1,74,53,420,540,4,5
2993,,,12,1,2,1,31,90,300,600,4,5
2994,,,13,2,2,2,12,60,0,300,2,5
2995,,,11,2,2,1,90,24,180,300,1,5
2996,,,4,2,2,2,72,40,420,540,2,5
2997,,,17,2,2,1,65,60,0,300,2,5
2998,,,6,1,2,2,45,33,300,600,3,5
2999,,,12,2,2,2,25,67,180,300,3,5
3000,,,14,2,2,1,35,55,300,420,4,5
3001,,,13,2,2,2,22,20,0,300,3,5
3002,,,6,2,2,1,59,61,0,300,4,5
3003,,,10,1,2,1,36,47,420,540,1,5
3004,,,14,2,2,2,81,70,420,540,4,5
3005,,,14,2,2,1,22,12,60,180,1,5
3006,,,2,1,2,2,10,27,300,600,1,5
3007,,,11,1,2,1,33,47,420,540,1,5
3008,,,16,2,2,2,53,72,60,180,3,5
3009,,,9,2,2,2,70,98,420,540,2,5
3010,,,7,1,2,1,66,72,300,600,3,5
3011,,,10,2,2,1,8,1,300,420,3,5
3012,,,9,2,2,2,53,4,420,540,1,5
3013,,,5,2,2,2,54,87,300,600,4,5
3014,,,10,2,2,2,18,51,300,420,4,5
3015,,,14,2,2,2,94,72,420,540,2,5
3016,,,15,1,2,2,53,61,300,600,3,5
3017,,,15,2,2,2,7,80,420,540,1,5
3018,,,3,1,2,2,16,1,300,600,4,5
3019,,,5,2,2,1,39,27,60,180,1,5
3020,,,6,2,2,1,24,71,60,180,4,5
3021,,,7,2,2,2,89,87,180,300,3,5
3022,,,7,1,2,1,66,17,300,600,2,5
3023,,,12,2,2,2,63,63,180,300,3,5
3024,,,2,1,2,1,56,98,420,540,1,5
3025,,,11,2,2,1,15,26,420,540,3,5
3026,,,13,2,2,1,57,39,300,600,3,5
3027,,,13,1,2,1,68,57,420,540,4,5
3028,,,13,2,2,2,79,31,420,540,2,5
3029,,,16,1,2,2,17,71,420,540,3,5
3030,,,6,1,2,1,12,58,300,600,3,5
3031,,,10,2,2,1,2,10,60,180,3,5
3032,,,12,2,2,1,39,56,300,600,1,5
3033,,,8,2,2,1,36,82,300,600,3,5
3034,,,11,1,2,2,84,6,300,600,3,5
3035,,,15,1,2,1,8,0,300,600,2,5
3036,,,8,2,2,2,2,75,300,420,2,5
3037,,,6,1,2,2,0,48,300,600,3,5
3038,,,10,2,2,2,44,39,0,300,1,5
3039,,,15,1,2,1,0,1,420,540,4,5
3040,,,13,2,2,2,96,34,300,600,3,5
3041,,,14,2,2,1,11,18,60,180,2,5
3042,,,8,2,2,2,63,22,180,300,3,5
3043,,,3,1,2,2,7,19,300,600,1,5
3044,,,10,2,2,1,5,92,60,180,4,5
3045,,,15,1,2,2,84,50,420,540,3,5
3046,,,13,1,2,2,19,19,300,600,3,5
3047,,,14,2,2,1,53,38,420,540,3,5
3048,,,8,2,2,1,37,49,420,540,2,5
3049,,,14,1,2,1,86,58,420,540,2,5
3050,,,7,2,2,1,86,39,300,600,1,5
3051,,,10,2,2,1,60,50,60,180,2,5
3052,,,11,2,2,2,29,80,420,540,1,5
3053,,,7,2,2,1,90,26,180,300,4,5
3054,,,14,1,2,1,80,92,300,600,3,5
3055,,,12,2,2,2,48,1,300,420,4,5
3056,,,10,2,2,2,41,57,180,300,1,5
3057,,,15,2,2,2,12,69,300,600,3,5
3058,,,3,1,2,2,42,0,420,540,1,5
3059,,,10,2,2,2,44,100,0,300,4,5
3060,,,14,2,2,2,79,98,180,300,1,5
3061,,,3,2,2,2,76,98,420,540,3,5
3062,,,5,1,2,1,28,1,420,540,2,5
3063,,,11,1,2,2,89,46,420,540,4,5
3064,,,14,1,2,1,26,98,420,540,2,5
3065,,,3,1,2,1,12,89,420,540,4,5
3066,,,13,1,2,1,68,26,420,540,2,5
3067,,,15,2,2,2,13,85,60,180,3,5
3068,,,8,2,2,2,92,73,420,540,1,5
3069,,,13,1,2,1,76,74,300,600,2,5
3070,,,15,2,2,1,64,67,300,600,4,5
3071,,,12,1,2,2,66,60,420,540,3,5
3072,,,2,1,2,1,72,16,420,540,4,5
3073,,,2,1,2,2,69,70,420,540,4,5
3074,,,5,1,2,2,69,45,420,540,3,5
3075,,,2,1,2,1,67,25,300,600,3,5
3076,,,15,2,2,2,80,70,420,540,2,5
3077,,,16,2,2,2,56,13,60,180,2,5
3078,,,3,2,2,2,29,4,60,180,4,5
3079,,,8,2,2,1,69,32,0,300,3,5
3080,,,6,1,2,1,66,78,420,540,2,5
3081,,0,1,2,2,2,72,65,420,540,1,5
3082,,0,1,2,2,1,37,56,300,600,1,5
3083,,0,1,2,2,2,40,29,60,180,3,5
3084,,0,1,2,2,1,91,40,420,540,4,5
3085,,0,1,2,2,2,88,16,60,180,4,5
3086,,0,1,2,2,1,59,1,420,540,2,5
3087,,0,1,2,2,1,35,39,300,600,3,5
3088,,0,1,2,2,2,55,0,420,540,4,5
3089,,0,1,2,2,2,54,49,180,300,1,5
3090,,0,1,2,2,2,22,1,180,300,3,5
3091,,0,1,2,2,2,72,20,0,300,4,5
3092,,0,1,2,2,1,55,74,60,180,3,5
3093,,0,1,2,2,1,51,8,180,300,4,5
3094,,0,1,2,2,1,38,41,300,600,3,5
3095,,0,1,2,2,1,81,51,420,540,3,5
3096,,0,1,2,2,2,26,64,420,540,2,5
3097,,0,1,2,2,1,27,8,60,180,1,5
3098,,0,1,2,2,2,76,53,300,600,4,5
3099,,0,1,2,2,2,66,21,420,540,2,5
3100,,0,1,2,2,2,80,29,180,300,4,5
3101,,0,1,2,2,2,34,60,300,600,3,5
3102,,0,1,2,2,1,72,88,60,180,3,5
3103,,0,1,2,2,2,68,12,420,540,2,5
3104,,0,1,2,2,1,77,12,180,300,3,5
3105,,0,1,2,2,2,99,47,180,300,2,5
3106,,0,1,2,2,1,27,59,420,540,3,5
3107,,0,1,2,2,2,62,62,180,300,1,5
3108,,0,1,2,2,1,61,90,420,540,2,5
3109,,0,1,2,2,2,15,28,300,600,1,5
3110,,0,1,2,2,1,77,83,60,180,3,5
3111,,0,1,2,2,1,59,9,420,540,3,5
3112,,0,1,2,2,2,56,25,0,300,2,5
3113,,0,1,2,2,2,47,25,300,600,4,5
3114,,0,1,2,2,1,54,7,0,300,4,5
3115,,0,1,2,2,2,99,57,60,180,4,5
3116,,0,1,2,2,2,73,87,300,600,3,5
3117,,0,1,2,2,1,85,45,0,300,3,5
3118,,0,1,2,2,1,8,100,0,300,4,5
3119,,0,1,2,2,2,93,94,0,300,4,5
3120,,0,1,2,2,1,50,64,0,300,1,5
3121,,0,1,2,2,2,80,61,0,300,4,5
3122,,0,1,2,2,2,55,7,0,300,1,5
3123,,0,1,2,2,2,62,54,60,180,4,5
3124,,0,1,2,2,2,54,40,420,540,1,5
3125,,0,1,2,2,2,47,80,60,180,3,5
3126,,0,1,2,2,2,95,49,300,420,4,5
3127,,0,1,2,2,1,18,72,0,300,1,5
3128,,0,1,2,2,2,97,9,420,540,2,5
3129,,0,1,2,2,1,26,11,180,300,3,5
3130,,0,1,2,2,2,52,13,300,600,4,5
3131,,0,1,2,2,2,25,2,180,300,2,5
3132,,0,1,2,2,1,29,95,420,540,1,5
3133,,0,1,2,2,2,23,46,420,540,4,5
3134,,0,1,2,2,2,65,51,60,180,2,5
3135,,0,1,2,2,2,43,18,0,300,4,5
3136,,0,1,2,2,1,24,30,420,540,4,5
3137,,0,1,2,2,1,2,8,420,540,4,5
3138,,0,1,2,2,1,63,6,300,420,1,5
3139,,0,1,2,2,2,97,14,300,420,2,5
3140,,0,1,2,2,1,12,9,420,540,1,5
3141,,0,1,2,2,1,50,7,300,420,3,5
3142,,0,1,2,2,2,70,44,0,300,4,5
3143,,0,1,2,2,2,61,92,420,540,3,5
3144,,0,1,2,2,2,63,87,420,540,1,5
3145,,0,1,2,2,2,66,66,300,600,1,5
3146,,0,1,2,2,1,49,32,180,300,2,5
3147,,0,1,2,2,2,39,54,60,180,3,5
3148,,0,1,2,2,1,28,51,420,540,2,5
3149,,0,1,2,2,2,42,10,60,180,2,5
3150,,0,1,2,2,2,88,49,0,300,1,5
3151,,0,1,2,2,2,89,73,420,540,4,5
3152,,0,1,2,2,2,39,27,60,180,2,5
3153,,0,1,2,2,2,57,77,420,540,3,5
3154,,0,1,2,2,2,13,72,300,600,4,5
3155,,0,1,2,2,1,83,7,300,600,2,5
3156,,0,1,2,2,2,33,43,300,600,4,5
3157,,0,1,2,2,2,9,89,300,420,4,5
3158,,0,1,2,2,2,66,52,180,300,1,5
3159,,0,1,2,2,1,49,28,180,300,4,5
3160,,0,1,2,2,1,33,59,300,600,2,5
3161,,0,1,2,2,1,87,50,420,540,4,5
3162,,0,1,2,2,1,31,66,0,300,4,5
3163,,0,1,2,2,1,40,79,180,300,2,5
3164,,0,1,2,2,1,70,2,300,600,2,5
3165,,0,1,2,2,1,89,20,60,180,3,5
3166,,0,1,2,2,1,9,24,420,540,4,5
3167,,0,1,2,2,2,94,28,0,300,1,5
3168,,0,1,2,2,2,38,53,60,180,3,5
3169,,0,1,2,2,2,27,45,0,300,3,5
3170,,0,1,2,2,1,10,81,420,540,3,5
3171,,0,1,2,2,1,23,97,420,540,2,5
3172,,0,1,2,2,1,48,71,300,600,2,5
3173,,0,1,2,2,1,17,84,180,300,2,5
3174,,0,1,2,2,1,72,75,420,540,4,5
3175,,0,1,2,2,1,72,50,180,300,2,5
3176,,0,1,2,2,1,75,21,60,180,3,5
3177,,0,1,2,2,1,74,63,420,540,1,5
3178,,0,1,2,2,1,19,98,180,300,2,5
3179,,0,1,2,2,2,86,71,300,420,4,5
3180,,0,1,2,2,2,53,81,300,600,1,5
3181,,0,1,2,2,2,20,63,300,600,4,5
3182,,0,1,2,2,2,43,64,60,180,1,5
3183,,0,1,2,2,1,42,5,300,600,1,5
3184,,0,1,2,2,2,83,4,300,600,4,5
3185,,0,1,2,2,2,33,38,0,300,4,5
3186,,0,1,2,2,1,37,65,0,300,1,5
3187,,0,1,2,2,1,15,51,180,300,2,5
3188,,0,1,2,2,1,41,55,0,300,1,5
3189,,0,1,2,2,1,2,67,180,300,4,5
3190,,0,1,2,2,1,41,4,420,540,3,5
