Order,Day-Order,Time-Order,Day-Ops,Service,Type,Origin,X,Y,Early,Latest,Demand,Service Time
,,,,,0,1,50,38,,,,0
,,,,,1,1,50,38,,,,15
,,,,,1,1,17,73,,,,15
,,,,,1,1,21,20,,,,15
,,,,,1,1,23,61,,,,15
,,,,,1,1,30,42,,,,15
,,,,,0,2,53,59,,,,0
,,,,,1,2,53,59,,,,15
,,,,,1,2,38,69,,,,15
,,,,,1,2,22,34,,,,15
,,,,,1,2,72,80,,,,15
,,,,,1,2,59,21,,,,15
,,,,,1,2,86,44,,,,15
,,,,,1,2,30,77,,,,15
,,,,,0,3,45,74,,,,0
,,,,,1,3,45,74,,,,15
,,,,,1,3,24,88,,,,15
,,,,,1,3,47,84,,,,15
,,,,,1,3,83,83,,,,15
,,,,,1,3,54,53,,,,15
,,,,,1,3,77,58,,,,15
,,,,,1,3,72,83,,,,15
,,,,,1,3,33,55,,,,15
,,,,,1,3,58,40,,,,15
,,,,,0,4,25,38,,,,0
,,,,,1,4,25,38,,,,15
,,,,,1,4,17,53,,,,15
,,,,,1,4,14,76,,,,15
,,,,,1,4,48,54,,,,15
,,,,,1,4,49,79,,,,15
,,,,,1,4,78,66,,,,15
,,,,,1,4,28,64,,,,15
,,,,,0,5,42,51,,,,0
,,,,,1,5,42,51,,,,15
,,,,,1,5,28,36,,,,15
,,,,,1,5,81,54,,,,15
,,,,,1,5,31,49,,,,15
,,,,,1,5,10,67,,,,15
,,,,,1,5,57,24,,,,15
,,,,,1,5,62,68,,,,15
1,1,0,1,2,3,4,19,85,300,420,1,5
2,1,0,1,2,3,4,15,60,300,420,1,5
3,1,0,1,2,3,4,13,58,300,420,1,5
4,1,0,1,2,3,4,58,87,300,420,1,5
5,1,244,1,2,3,4,50,93,300,420,1,5
6,1,96,1,2,3,4,48,93,300,420,1,5
7,1,292,1,2,3,4,65,67,300,420,1,5
8,1,152,1,2,3,4,19,82,300,420,1,5
9,1,144,1,2,3,4,51,51,300,420,1,5
10,1,145,1,1,3,4,19,69,180,300,5,5
11,1,0,1,1,3,1,15,26,60,180,3,5
12,1,0,1,2,3,5,16,75,420,540,1,5
13,1,0,1,2,3,1,16,40,540,660,1,5
14,1,517,1,2,3,1,11,39,540,660,1,5
15,1,185,1,2,3,1,8,9,300,420,1,5
16,1,185,1,2,3,5,52,11,300,420,1,5
17,1,185,1,2,3,2,88,17,300,420,1,5
18,1,185,1,2,3,3,49,62,300,420,1,5
19,1,185,1,2,3,2,21,69,300,420,1,5
20,1,517,1,2,3,5,52,20,660,780,1,5
21,1,185,1,2,3,5,15,63,300,420,1,5
22,1,185,1,2,3,2,47,51,300,420,1,5
23,1,185,1,2,3,1,44,25,300,420,1,5
24,1,517,1,2,3,2,37,43,540,660,1,5
25,1,185,1,2,3,2,74,69,300,420,5,5
26,1,185,1,2,3,5,40,50,300,420,1,5
27,1,185,1,2,3,5,26,79,300,420,1,5
28,1,185,1,2,3,1,44,62,300,420,2,5
29,1,185,1,2,3,1,33,50,300,420,1,5
30,1,517,1,2,3,5,64,18,540,660,1,5
31,1,185,1,2,3,2,51,49,300,420,1,5
32,1,517,1,2,3,3,72,58,540,660,1,5
33,1,185,1,2,3,5,21,51,300,420,1,5
34,1,41,1,1,3,4,45,42,300,420,3,5
35,1,37,1,1,3,4,69,58,300,420,3,5
36,1,41,1,1,3,4,49,68,300,420,4,5
37,1,36,1,1,3,4,13,36,300,420,4,5
38,1,36,1,1,3,4,69,58,300,420,1,5
39,1,18,1,1,3,4,29,36,300,420,1,5
40,1,38,1,1,3,4,29,75,300,420,6,5
41,1,40,1,1,3,4,24,37,300,420,5,5
42,1,0,1,1,3,4,30,36,300,420,6,5
43,1,0,1,1,3,2,80,43,180,300,3,5
44,1,0,1,1,3,2,74,88,180,300,1,5
45,1,0,1,1,3,2,42,94,180,300,2,5
46,1,0,1,1,3,2,65,49,180,300,1,5
47,1,0,1,1,3,5,57,14,60,180,4,5
48,1,0,1,1,3,5,18,76,60,180,1,5
49,1,0,1,1,3,5,54,12,60,180,6,5
50,1,0,1,1,3,5,51,49,60,180,1,5
51,1,292,1,2,3,5,32,24,300,420,5,5
52,1,460,1,2,3,5,19,48,540,660,3,5
53,1,449,1,2,3,5,33,23,540,660,6,5
54,1,0,1,1,3,5,23,70,60,180,2,5
55,1,582,1,2,3,5,49,27,660,780,1,5
56,1,428,1,2,3,5,26,65,540,660,2,5
57,1,106,1,1,3,5,67,71,180,300,1,5
58,1,414,1,2,3,5,48,29,420,540,2,5
59,1,0,1,1,3,5,26,41,60,180,5,5
60,1,344,1,2,3,5,26,77,420,540,1,5
61,1,0,1,1,3,1,49,15,180,300,1,5
62,1,337,1,1,3,2,54,31,420,540,5,5
63,1,337,1,1,3,2,49,57,420,540,5,5
64,1,337,1,1,3,2,39,25,420,540,5,5
65,1,337,1,1,3,2,47,51,420,540,5,5
66,1,337,1,1,3,2,72,83,420,540,5,5
67,1,337,1,1,3,2,40,53,420,540,5,5
68,1,227,1,1,3,1,43,69,300,420,9,5
69,1,227,1,1,3,1,49,37,300,420,7,5
70,1,227,1,1,3,1,7,33,300,420,6,5
71,1,227,1,1,3,1,36,50,300,420,6,5
72,1,227,1,1,3,1,25,26,300,420,8,5
73,1,227,1,1,3,1,16,87,300,420,3,5
74,1,227,1,1,3,1,50,54,300,420,6,5
75,1,227,1,1,3,1,47,14,300,420,1,5
76,1,227,1,1,3,1,55,55,300,420,6,5
77,1,227,1,1,3,1,38,40,300,420,6,5
78,1,227,1,1,3,1,30,42,300,420,10,5
79,1,198,1,2,3,1,8,13,300,420,5,5
80,1,140,1,1,3,1,25,45,180,300,5,5
81,1,293,1,1,3,5,37,58,420,540,1,5
82,1,187,1,1,3,5,42,46,300,420,1,5
83,1,224,1,1,3,5,26,32,420,540,1,5
84,1,224,1,1,3,5,40,33,420,540,1,5
85,1,224,1,1,3,5,94,47,420,540,1,5
86,1,224,1,1,3,5,65,42,420,540,1,5
87,1,564,1,2,3,5,49,29,660,780,1,5
88,1,224,1,1,3,5,31,23,420,540,1,5
89,1,224,1,1,3,5,61,23,420,540,1,5
90,1,224,1,1,3,5,49,45,420,540,1,5
91,1,224,1,1,3,5,77,73,420,540,1,5
92,1,224,1,1,3,5,60,54,420,540,1,5
93,1,224,1,1,3,5,32,35,420,540,1,5
94,1,224,1,1,3,5,9,81,420,540,1,5
95,1,224,1,1,3,5,48,44,420,540,1,5
96,1,564,1,2,3,5,19,76,660,780,1,5
97,1,564,1,2,3,5,11,72,660,780,1,5
98,1,224,1,1,3,5,56,16,420,540,1,5
99,1,564,1,2,3,5,46,52,660,780,1,5
100,1,564,1,2,3,5,60,48,660,780,1,5
101,1,564,1,2,3,5,21,79,660,780,1,5
102,1,224,1,1,3,5,54,9,420,540,1,5
103,1,564,1,2,3,5,27,44,660,780,1,5
104,1,224,1,1,3,5,57,54,420,540,1,5
105,1,224,1,1,3,5,23,75,420,540,1,5
106,1,224,1,1,3,5,21,32,420,540,1,5
107,1,564,1,2,3,5,40,58,660,780,1,5
108,1,564,1,2,3,5,54,6,660,780,1,5
109,1,564,1,2,3,5,24,47,660,780,1,5
110,1,224,1,1,3,5,77,69,420,540,1,5
111,1,564,1,2,3,5,11,66,660,780,1,5
112,1,564,1,2,3,5,66,69,660,780,1,5
113,1,564,1,2,3,5,32,21,660,780,1,5
114,1,564,1,2,3,5,67,58,660,780,1,5
115,1,224,1,1,3,5,75,60,420,540,1,5
116,1,564,1,2,3,5,33,22,660,780,1,5
117,1,224,1,1,3,5,34,64,420,540,1,5
118,1,224,1,1,3,5,53,45,420,540,1,5
119,1,224,1,1,3,5,42,27,420,540,1,5
120,1,224,1,1,3,5,73,63,420,540,1,5
121,1,357,1,2,3,4,11,74,420,540,1,5
122,1,357,1,2,3,5,77,46,420,540,5,5
123,1,187,1,2,3,5,21,72,420,540,1,5
124,1,104,1,1,3,3,60,85,180,300,1,5
125,1,258,1,2,3,1,29,83,300,420,3,5
126,1,247,1,2,3,4,28,81,300,420,1,5
127,1,77,1,1,3,1,25,81,180,300,4,5
128,1,239,1,2,3,1,13,24,300,420,2,5
129,1,115,1,1,3,5,74,67,180,300,2,5
130,1,34,1,1,3,3,20,28,60,180,1,5
131,1,310,1,2,3,5,67,57,420,540,4,5
132,1,0,1,2,3,2,10,75,300,420,5,5
133,1,264,1,2,3,2,72,91,300,420,3,5
134,1,566,1,2,3,1,45,64,660,780,2,5
135,1,0,1,1,3,1,54,33,60,180,1,5
136,1,0,1,1,3,1,28,65,60,180,1,5
137,1,0,1,1,3,1,13,87,60,180,1,5
138,1,0,1,1,3,1,56,10,60,180,1,5
139,1,0,1,1,3,1,42,51,60,180,1,5
140,1,0,1,1,3,1,12,36,60,180,1,5
141,1,0,1,1,3,1,17,72,60,180,1,5
142,1,0,1,1,3,1,27,87,60,180,1,5
143,1,0,1,1,3,1,32,48,60,180,1,5
144,1,119,1,1,3,4,30,35,420,540,1,5
145,1,119,1,1,3,4,54,53,420,540,1,5
146,1,119,1,1,3,4,62,42,420,540,1,5
147,1,119,1,1,3,4,73,81,420,540,1,5
148,1,119,1,1,3,4,84,70,420,540,1,5
149,1,119,1,1,3,4,30,36,420,540,1,5
150,1,119,1,1,3,4,38,70,420,540,1,5
151,1,119,1,1,3,4,30,36,420,540,1,5
152,1,119,1,1,3,4,11,50,420,540,1,5
153,1,623,1,2,3,4,54,81,780,900,1,5
154,1,443,1,2,3,4,96,88,780,900,1,5
155,1,119,1,1,3,4,56,95,420,540,1,5
156,1,119,1,1,3,4,70,40,420,540,1,5
157,1,119,1,1,3,4,67,53,420,540,1,5
158,1,119,1,1,3,4,84,70,420,540,1,5
159,1,119,1,1,3,4,36,68,420,540,1,5
160,1,119,1,1,3,4,23,72,420,540,1,5
161,1,119,1,1,3,4,9,40,420,540,1,5
162,1,119,1,1,3,4,41,98,420,540,1,5
163,1,623,1,2,3,4,24,7,780,900,1,5
164,1,119,1,1,3,4,43,94,420,540,1,5
165,1,443,1,2,3,4,23,56,780,900,1,5
166,1,119,1,1,3,4,48,91,420,540,1,5
167,1,119,1,1,3,4,53,38,420,540,1,5
168,1,119,1,1,3,4,16,40,420,540,1,5
169,1,119,1,1,3,4,10,68,420,540,1,5
170,1,119,1,1,3,4,11,71,420,540,1,5
171,1,119,1,1,3,4,29,34,420,540,1,5
172,1,119,1,1,3,4,20,48,420,540,1,5
173,1,623,1,2,3,4,72,67,780,900,1,5
174,1,119,1,1,3,4,14,58,420,540,1,5
175,1,443,1,2,3,4,29,36,780,900,1,5
176,1,119,1,1,3,4,14,35,420,540,1,5
177,1,119,1,1,3,4,31,35,420,540,1,5
178,1,119,1,1,3,4,36,11,420,540,1,5
179,1,119,1,1,3,4,21,43,420,540,1,5
180,1,119,1,1,3,4,98,76,420,540,1,5
181,1,119,1,1,3,4,48,68,420,540,1,5
182,1,119,1,1,3,4,29,52,420,540,1,5
183,1,623,1,2,3,4,42,39,780,900,1,5
184,1,119,1,1,3,4,99,77,420,540,1,5
185,1,443,1,2,3,4,56,46,780,900,1,5
186,1,119,1,1,3,4,49,89,420,540,1,5
187,1,119,1,1,3,4,18,54,420,540,1,5
188,1,119,1,1,3,4,82,49,420,540,1,5
189,1,119,1,1,3,4,21,62,420,540,1,5
190,1,119,1,1,3,4,49,87,420,540,1,5
191,1,119,1,1,3,4,62,65,420,540,1,5
192,1,119,1,1,3,4,53,98,420,540,1,5
193,1,623,1,2,3,4,58,88,780,900,1,5
194,1,119,1,1,3,4,56,78,420,540,1,5
195,1,443,1,2,3,4,51,68,780,900,1,5
196,1,119,1,1,3,4,73,65,420,540,1,5
197,1,119,1,1,3,4,18,86,420,540,1,5
198,1,119,1,1,3,4,60,54,420,540,1,5
199,1,119,1,1,3,4,14,62,420,540,1,5
200,1,119,1,1,3,4,60,74,420,540,1,5
201,1,119,1,1,3,4,39,92,420,540,1,5
202,1,119,1,1,3,4,53,34,420,540,1,5
203,1,623,1,2,3,4,86,71,780,900,1,5
204,1,443,1,2,3,4,53,45,780,900,1,5
205,1,119,1,1,3,4,30,35,420,540,1,5
206,1,119,1,1,3,4,89,66,420,540,1,5
207,1,119,1,1,3,4,75,65,420,540,1,5
208,1,119,1,1,3,4,48,70,420,540,1,5
209,1,119,1,1,3,4,50,95,420,540,1,5
210,1,119,1,1,3,4,20,75,420,540,1,5
211,1,119,1,1,3,4,10,51,420,540,1,5
212,1,119,1,1,3,4,70,45,420,540,1,5
213,1,119,1,1,3,4,56,93,420,540,1,5
214,1,623,1,2,3,4,38,96,780,900,1,5
215,1,443,1,2,3,4,17,41,780,900,1,5
216,1,119,1,1,3,4,88,69,420,540,1,5
217,1,119,1,1,3,4,95,77,420,540,1,5
218,1,119,1,1,3,4,68,52,420,540,1,5
219,1,119,1,1,3,4,36,53,420,540,1,5
220,1,119,1,1,3,4,21,54,420,540,1,5
221,1,119,1,1,3,4,27,81,420,540,1,5
222,1,119,1,1,3,4,32,40,420,540,1,5
223,1,119,1,1,3,4,34,89,420,540,1,5
224,1,119,1,1,3,4,28,35,420,540,1,5
225,1,119,1,1,3,4,61,66,420,540,1,5
226,1,119,1,1,3,4,73,39,420,540,1,5
227,1,119,1,1,3,4,28,32,420,540,1,5
228,1,623,1,2,3,4,54,35,780,900,1,5
229,1,119,1,1,3,4,49,92,420,540,1,5
230,1,443,1,2,3,4,16,24,780,900,1,5
231,1,119,1,1,3,4,30,35,420,540,1,5
232,1,119,1,1,3,4,49,94,420,540,1,5
233,1,119,1,1,3,4,32,88,420,540,1,5
234,1,119,1,1,3,4,71,67,420,540,1,5
235,1,119,1,1,3,4,19,60,420,540,1,5
236,1,119,1,1,3,4,54,32,420,540,1,5
237,1,119,1,1,3,4,29,37,420,540,1,5
238,1,119,1,1,3,4,73,39,420,540,1,5
239,1,119,1,1,3,4,29,35,420,540,1,5
240,1,623,1,2,3,4,52,87,780,900,1,5
241,1,119,1,1,3,4,27,72,420,540,1,5
242,1,443,1,2,3,4,12,65,780,900,1,5
243,1,119,1,1,3,4,29,34,420,540,1,5
244,1,119,1,1,3,4,53,94,420,540,1,5
245,1,119,1,1,3,4,61,50,420,540,1,5
246,1,119,1,1,3,4,77,53,420,540,1,5
247,1,119,1,1,3,4,55,94,420,540,1,5
248,1,119,1,1,3,4,88,69,420,540,1,5
249,1,119,1,1,3,4,72,68,420,540,1,5
250,1,119,1,1,3,4,68,52,420,540,1,5
251,1,119,1,1,3,4,87,68,420,540,1,5
252,1,443,1,2,3,4,26,72,780,900,1,5
253,1,119,1,1,3,4,15,62,420,540,1,5
254,1,623,1,2,3,4,49,76,780,900,1,5
255,1,119,1,1,3,4,55,80,420,540,1,5
256,1,443,1,2,3,4,91,84,780,900,1,5
257,1,119,1,1,3,4,17,76,420,540,1,5
258,1,119,1,1,3,4,49,34,420,540,1,5
259,1,119,1,1,3,4,22,48,420,540,1,5
260,1,119,1,1,3,4,38,95,420,540,1,5
261,1,119,1,1,3,4,43,71,420,540,1,5
262,1,119,1,1,3,4,53,95,420,540,1,5
263,1,119,1,1,3,4,42,40,420,540,1,5
264,1,119,1,1,3,4,47,69,420,540,1,5
265,1,119,1,1,3,4,15,76,420,540,1,5
266,1,443,1,2,3,4,11,34,780,900,1,5
267,1,119,1,1,3,4,16,39,420,540,1,5
268,1,119,1,1,3,4,22,48,420,540,1,5
269,1,119,1,1,3,4,44,83,420,540,1,5
270,1,443,1,2,3,4,57,36,780,900,1,5
271,1,119,1,1,3,4,73,63,420,540,1,5
272,1,119,1,1,3,4,12,79,420,540,1,5
273,1,443,1,2,3,4,53,94,780,900,1,5
274,1,119,1,1,3,4,30,34,420,540,1,5
275,1,119,1,1,3,4,75,52,420,540,1,5
276,1,443,1,2,3,4,5,64,780,900,1,5
277,1,443,1,2,3,4,33,87,780,900,1,5
278,1,119,1,1,3,4,15,56,420,540,1,5
279,1,119,1,1,3,4,9,60,420,540,1,5
280,1,443,1,2,3,4,11,32,780,900,1,5
281,1,119,1,1,3,4,5,82,420,540,1,5
282,1,623,1,2,3,4,15,35,780,900,1,5
283,1,119,1,1,3,4,67,44,420,540,1,5
284,1,443,1,2,3,4,41,93,780,900,1,5
285,1,119,1,1,3,4,67,60,420,540,1,5
286,1,443,1,2,3,4,46,45,780,900,1,5
287,1,119,1,1,3,4,49,14,420,540,1,5
288,1,443,1,2,3,4,45,72,780,900,1,5
289,1,119,1,1,3,4,29,32,420,540,1,5
290,1,443,1,2,3,4,46,11,780,900,1,5
291,1,119,1,1,3,4,17,83,420,540,1,5
292,1,119,1,1,3,4,81,47,420,540,1,5
293,1,443,1,2,3,4,48,68,780,900,1,5
294,1,119,1,1,3,4,47,65,420,540,1,5
295,1,443,1,2,3,4,41,90,780,900,1,5
296,1,119,1,1,3,4,98,92,420,540,1,5
297,1,443,1,2,3,4,79,48,780,900,1,5
298,1,119,1,1,3,4,17,41,420,540,1,5
299,1,443,1,2,3,4,53,76,780,900,1,5
300,1,623,1,2,3,4,25,57,780,900,1,5
301,1,119,1,1,3,4,83,62,420,540,1,5
302,1,443,1,2,3,4,48,82,780,900,1,5
303,1,119,1,1,3,4,21,52,420,540,1,5
304,1,443,1,2,3,4,83,67,780,900,1,5
305,1,443,1,2,3,4,55,91,780,900,1,5
306,1,119,1,1,3,4,27,53,420,540,1,5
307,1,443,1,2,3,4,39,67,780,900,1,5
308,1,119,1,1,3,4,98,76,420,540,1,5
309,1,443,1,2,3,4,59,60,780,900,1,5
310,1,119,1,1,3,4,50,58,420,540,1,5
311,1,443,1,2,3,4,10,73,780,900,1,5
312,1,119,1,1,3,4,27,60,420,540,1,5
313,1,443,1,2,3,4,48,57,780,900,1,5
314,1,119,1,1,3,4,71,64,420,540,1,5
315,1,443,1,2,3,4,22,78,780,900,1,5
316,1,119,1,1,3,4,74,38,420,540,1,5
317,1,443,1,2,3,4,38,47,780,900,1,5
318,1,119,1,1,3,4,19,42,420,540,1,5
319,1,443,1,2,3,4,29,36,780,900,1,5
320,1,443,1,2,3,4,52,81,780,900,1,5
321,1,623,1,2,3,4,48,69,780,900,1,5
322,1,119,1,1,3,4,17,35,420,540,1,5
323,1,119,1,1,3,4,39,72,420,540,1,5
324,1,443,1,2,3,4,14,66,780,900,1,5
325,1,443,1,2,3,4,77,73,780,900,1,5
326,1,119,1,1,3,4,72,65,420,540,1,5
327,1,443,1,2,3,4,69,57,780,900,1,5
328,1,443,1,2,3,4,48,67,780,900,1,5
329,1,119,1,1,3,4,47,66,420,540,1,5
330,1,119,1,1,3,4,19,60,420,540,1,5
331,1,443,1,2,3,4,30,63,780,900,1,5
332,1,119,1,1,3,4,33,16,420,540,1,5
333,1,443,1,2,3,4,9,65,780,900,1,5
334,1,119,1,1,3,4,66,54,420,540,1,5
335,1,119,1,1,3,4,11,31,420,540,1,5
336,1,443,1,2,3,4,89,64,780,900,1,5
337,1,623,1,2,3,4,46,38,780,900,1,5
338,1,119,1,1,3,4,47,18,420,540,1,5
339,1,119,1,1,3,4,48,40,420,540,1,5
340,1,119,1,1,3,4,18,70,420,540,1,5
341,1,119,1,1,3,4,75,68,420,540,1,5
342,1,119,1,1,3,4,39,93,420,540,1,5
343,1,623,1,2,3,4,29,37,780,900,1,5
344,1,119,1,1,3,4,83,83,420,540,1,5
345,1,443,1,2,3,4,30,34,780,900,1,5
346,1,119,1,1,3,4,30,75,420,540,1,5
347,1,119,1,1,3,4,16,37,420,540,1,5
348,1,119,1,1,3,4,87,84,420,540,1,5
349,1,119,1,1,3,4,9,59,420,540,1,5
350,1,119,1,1,3,4,48,57,420,540,1,5
351,1,119,1,1,3,4,88,67,420,540,1,5
352,1,119,1,1,3,4,27,14,420,540,1,5
353,1,119,1,1,3,4,26,63,420,540,1,5
354,1,119,1,1,3,4,69,51,420,540,1,5
355,1,119,1,1,3,4,24,82,420,540,1,5
356,1,119,1,1,3,4,41,80,420,540,1,5
357,1,119,1,1,3,4,43,61,420,540,1,5
358,1,119,1,1,3,4,47,43,420,540,1,5
359,1,119,1,1,3,4,30,40,420,540,1,5
360,1,443,1,2,3,4,31,69,780,900,1,5
361,1,119,1,1,3,4,21,48,420,540,1,5
362,1,119,1,1,3,4,17,41,420,540,1,5
363,1,119,1,1,3,4,30,35,420,540,1,5
364,1,119,1,1,3,4,47,67,420,540,1,5
365,1,119,1,1,3,4,89,71,420,540,1,5
366,1,119,1,1,3,4,44,55,420,540,1,5
367,1,119,1,1,3,4,71,43,420,540,1,5
368,1,119,1,1,3,4,18,58,420,540,1,5
369,1,119,1,1,3,4,29,35,420,540,1,5
370,1,623,1,2,3,4,48,49,780,900,1,5
371,1,119,1,1,3,4,8,80,420,540,1,5
372,1,443,1,2,3,4,5,47,780,900,1,5
373,1,119,1,1,3,4,30,35,420,540,1,5
374,1,119,1,1,3,4,44,74,420,540,1,5
375,1,119,1,1,3,4,53,49,420,540,1,5
376,1,119,1,1,3,4,27,4,420,540,1,5
377,1,119,1,1,3,4,29,47,420,540,1,5
378,1,119,1,1,3,4,55,76,420,540,1,5
379,1,119,1,1,3,4,38,59,420,540,1,5
380,1,119,1,1,3,4,40,99,420,540,1,5
381,1,119,1,1,3,4,77,74,420,540,1,5
382,1,119,1,1,3,4,72,67,420,540,1,5
383,1,623,1,2,3,4,5,60,780,900,1,5
384,1,443,1,2,3,4,43,51,780,900,1,5
385,1,501,1,2,3,4,86,65,660,780,1,5
386,1,116,1,1,3,2,86,74,180,300,1,5
387,1,615,1,2,3,1,22,81,660,780,1,5
388,1,0,1,1,3,1,40,66,60,180,1,5
389,1,163,1,1,3,1,26,40,180,300,3,5
390,1,654,1,2,3,4,0,80,660,780,1,5
391,1,0,1,1,3,1,51,9,180,300,1,5
392,1,0,1,1,3,3,43,63,60,180,1,5
393,1,0,1,1,3,3,32,39,60,180,1,5
394,1,81,1,1,3,4,34,51,180,300,5,5
395,1,243,1,2,3,4,13,66,420,540,1,5
396,1,0,1,1,3,5,80,67,180,300,1,5
397,1,459,1,2,3,3,28,60,540,660,1,5
398,1,506,1,2,3,4,14,41,540,660,1,5
399,1,53,1,1,3,5,24,74,60,180,1,5
400,1,206,1,2,3,5,4,75,300,420,1,5
401,1,0,1,1,3,1,18,31,60,180,2,5
402,1,0,1,2,3,2,14,74,300,420,1,5
403,1,0,1,1,3,1,33,77,60,180,1,5
404,1,0,1,1,3,1,43,68,60,180,2,5
405,1,0,1,2,3,3,39,90,660,780,1,5
406,1,0,1,2,3,3,76,93,660,780,2,5
407,1,639,1,2,3,1,3,85,660,780,2,5
408,1,638,1,2,3,1,43,63,660,780,2,5
409,1,204,1,2,3,4,16,62,300,420,5,5
410,1,212,1,2,3,3,61,85,300,420,1,5
411,1,77,1,1,3,1,15,80,180,300,1,5
412,1,0,1,1,3,3,60,81,60,180,1,5
413,1,323,1,2,3,5,34,37,420,540,1,5
414,1,397,1,2,3,1,25,17,420,540,2,5
415,1,0,1,1,3,4,55,99,180,300,2,5
416,1,55,1,1,3,1,43,43,180,300,1,5
417,1,503,1,2,3,2,47,86,660,780,1,5
418,1,169,1,1,3,5,11,55,180,300,1,5
419,1,172,1,1,3,5,57,31,180,300,1,5
420,1,0,1,1,3,5,68,49,60,180,5,5
421,1,566,1,2,3,4,75,50,660,780,1,5
422,1,576,1,2,3,4,26,54,660,780,5,5
423,1,0,1,1,3,2,38,51,180,300,1,5
424,1,169,1,1,3,3,77,74,180,300,1,5
425,1,88,1,1,3,1,9,24,180,300,1,5
426,1,22,1,1,3,4,17,43,60,180,1,5
427,1,23,1,1,3,4,40,95,60,180,1,5
428,1,596,1,2,3,5,33,24,660,780,1,5
429,1,0,1,1,3,1,55,41,180,300,5,5
430,1,149,1,1,3,4,21,23,180,300,5,5
431,1,159,1,1,3,4,70,47,180,300,5,5
432,1,553,1,2,3,3,69,69,660,780,1,5
433,1,192,1,2,3,4,72,74,300,420,1,5
434,1,552,1,2,3,3,43,89,660,780,1,5
435,1,0,1,1,3,1,14,58,60,180,1,5
436,1,596,1,2,3,4,60,85,660,780,1,5
437,1,108,1,1,3,2,83,38,180,300,1,5
438,1,125,1,1,3,2,37,44,180,300,1,5
439,1,136,1,1,3,5,55,58,180,300,3,5
440,1,0,1,1,3,1,45,63,60,180,1,5
441,1,535,1,2,3,4,79,54,660,780,5,5
442,1,17,1,1,3,1,25,89,60,180,3,5
443,1,0,1,1,3,1,11,96,60,180,2,5
444,1,0,1,1,3,3,57,55,60,180,1,5
445,1,260,1,2,3,3,76,91,540,660,1,5
446,1,193,1,2,3,1,18,94,660,780,2,5
447,1,0,1,1,3,1,52,25,180,300,2,5
448,1,618,1,2,3,1,32,60,660,780,4,5
449,1,117,1,1,3,1,14,80,180,300,1,5
450,1,378,1,2,3,5,53,21,420,540,5,5
451,1,162,1,1,3,3,38,50,180,300,2,5
452,1,23,1,1,3,5,81,43,180,300,5,5
453,1,27,1,1,3,5,11,72,180,300,5,5
454,1,156,1,1,3,3,27,79,180,300,1,5
455,1,353,1,2,3,4,29,34,420,540,5,5
456,1,54,1,1,3,1,30,48,180,300,4,5
457,1,433,1,2,3,4,44,63,660,780,1,5
458,1,163,1,1,3,4,33,36,180,300,4,5
459,1,0,1,1,3,1,8,31,180,300,1,5
460,1,101,1,1,3,5,41,51,180,300,2,5
461,1,206,1,2,3,2,34,13,300,420,5,5
462,1,407,1,2,3,4,38,93,660,780,5,5
463,1,639,1,2,3,4,60,87,660,780,5,5
464,1,409,1,2,3,5,68,69,420,540,1,5
465,1,152,1,1,3,3,55,76,180,300,1,5
466,1,502,1,2,3,3,30,72,540,660,1,5
467,1,0,1,1,3,1,59,14,60,180,1,5
468,1,329,1,2,3,4,21,61,420,540,5,5
469,1,104,1,1,3,4,48,67,180,300,4,5
470,1,0,1,1,3,4,81,46,60,180,1,5
471,1,0,1,1,3,4,30,46,60,180,3,5
472,1,575,1,2,3,4,79,54,660,780,1,5
473,1,659,1,2,3,4,51,36,660,780,4,5
474,1,586,1,2,3,1,37,13,660,780,3,5
475,1,445,1,2,3,3,81,91,660,780,1,5
476,1,0,1,1,3,3,47,50,60,180,1,5
477,1,46,1,1,3,4,23,56,60,180,1,5
478,1,634,1,2,3,5,22,66,660,780,1,5
479,1,512,1,2,3,5,66,34,540,660,1,5
480,1,92,1,1,3,2,69,50,180,300,1,5
481,1,58,1,1,3,2,13,98,60,180,1,5
482,1,80,1,1,3,2,42,35,180,300,1,5
483,1,88,1,1,3,2,61,32,180,300,1,5
484,1,51,1,1,3,2,64,50,60,180,1,5
485,1,72,1,1,3,2,91,41,180,300,1,5
486,1,0,1,1,3,2,89,69,60,180,5,5
487,1,0,1,1,3,2,55,55,60,180,1,5
488,1,0,1,1,3,2,62,47,60,180,5,5
489,1,0,1,1,3,2,90,35,60,180,1,5
490,1,0,1,1,3,2,59,73,60,180,5,5
491,1,339,1,2,3,2,57,28,420,540,1,5
492,1,406,1,2,3,1,43,69,660,780,1,5
493,1,165,1,2,3,3,35,78,660,780,1,5
494,1,524,1,2,3,1,28,35,540,660,2,5
495,1,529,1,2,3,1,0,76,540,660,2,5
496,1,594,1,2,3,1,19,83,660,780,2,5
497,1,561,1,2,3,3,34,52,660,780,3,5
498,1,0,1,1,3,4,27,51,60,180,1,5
499,1,0,1,1,3,4,51,98,60,180,1,5
500,1,262,1,2,3,2,22,26,300,420,5,5
501,1,18,1,1,3,3,50,50,60,180,1,5
502,1,616,1,2,3,4,38,92,660,780,2,5
503,1,0,1,2,3,2,28,84,420,540,5,5
504,1,0,1,1,3,4,76,79,60,180,5,5
505,1,167,1,1,3,2,36,45,180,300,2,5
506,1,0,1,1,3,5,24,73,60,180,1,5
507,1,602,1,2,3,3,52,83,660,780,1,5
508,1,0,1,1,3,3,41,54,180,300,2,5
509,1,0,1,1,3,3,29,52,180,300,2,5
510,1,0,1,1,3,4,17,59,60,180,1,5
511,1,41,1,1,3,4,51,57,60,180,2,5
512,1,518,1,2,3,4,7,59,540,660,1,5
513,1,116,1,1,3,5,34,23,180,300,1,5
514,1,0,1,1,3,5,7,71,60,180,1,5
515,1,626,1,2,3,4,73,42,660,780,3,5
516,1,628,1,2,3,4,17,54,660,780,3,5
517,1,504,1,2,3,1,36,14,540,660,1,5
518,1,502,1,2,3,1,48,14,540,660,1,5
519,1,0,1,1,3,3,48,76,60,180,1,5
520,1,0,1,1,3,1,8,42,180,300,1,5
521,1,4,1,1,3,1,16,93,180,300,1,5
522,1,0,1,1,3,2,43,96,180,300,1,5
523,1,169,1,1,3,4,16,81,180,300,5,5
524,1,0,1,1,3,1,31,14,180,300,1,5
525,1,597,1,2,3,5,25,49,660,780,5,5
526,1,286,1,2,3,3,63,80,300,420,2,5
527,1,0,1,1,3,2,27,66,180,300,1,5
528,1,0,1,1,3,3,30,91,60,180,1,5
529,1,0,1,1,3,3,56,40,60,180,1,5
530,1,0,1,1,3,3,30,76,60,180,1,5
531,1,0,1,1,3,4,17,63,180,300,1,5
532,1,57,1,1,3,3,40,41,60,180,1,5
533,1,0,1,2,3,2,50,43,660,780,1,5
534,1,197,1,2,3,1,60,14,300,420,1,5
535,1,162,1,1,3,2,34,94,180,300,1,5
536,1,133,1,1,3,4,73,43,180,300,1,5
537,1,383,1,2,3,2,15,59,420,540,1,5
538,1,295,1,2,3,2,34,14,300,420,1,5
539,1,157,1,1,3,4,37,82,180,300,1,5
540,1,0,1,1,3,2,30,85,180,300,2,5
541,1,0,1,1,3,2,85,45,180,300,5,5
542,1,0,1,1,3,1,26,30,60,180,2,5
543,1,76,1,1,3,1,49,40,180,300,5,5
544,1,315,1,2,3,3,47,48,420,540,1,5
545,1,408,1,2,3,3,52,44,420,540,1,5
546,1,504,1,2,3,2,16,30,540,660,1,5
547,1,502,1,2,3,2,56,30,540,660,1,5
548,1,161,1,2,3,5,74,62,660,780,2,5
549,1,569,1,2,3,1,6,8,660,780,1,5
550,1,116,1,1,3,4,44,48,180,300,1,5
551,1,0,1,2,3,5,55,13,540,660,1,5
552,1,0,1,1,3,5,27,34,180,300,1,5
553,1,0,1,1,3,5,34,22,180,300,1,5
554,1,262,1,2,3,5,28,66,300,420,1,5
555,1,51,1,2,3,5,19,38,420,540,1,5
556,1,194,1,2,3,3,57,40,300,420,1,5
557,1,109,1,1,3,3,24,67,180,300,1,5
558,1,57,1,1,3,3,34,66,60,180,1,5
559,1,119,1,1,3,4,27,10,180,300,3,5
560,1,503,1,2,3,4,13,45,540,660,1,5
561,1,87,1,1,3,5,38,63,180,300,3,5
562,1,240,1,2,3,1,34,76,300,420,1,5
563,1,296,1,2,3,5,19,80,300,420,3,5
564,1,295,1,2,3,1,28,23,300,420,1,5
565,1,105,1,1,3,3,56,39,180,300,1,5
566,1,0,1,1,3,4,27,62,180,300,1,5
567,1,217,1,2,3,2,42,67,420,540,5,5
568,1,582,1,2,3,3,53,58,660,780,1,5
569,1,0,1,1,3,3,26,78,60,180,2,5
570,1,170,1,1,3,3,38,55,180,300,1,5
571,1,0,1,1,3,1,28,53,180,300,1,5
572,1,0,1,2,3,2,65,48,420,540,1,5
573,1,0,1,2,3,2,53,52,420,540,1,5
574,1,0,1,2,3,4,18,59,660,780,1,5
575,1,380,1,2,3,5,52,36,420,540,1,5
576,1,449,1,2,3,2,42,94,540,660,1,5
577,1,398,1,2,3,3,60,86,420,540,3,5
578,1,0,1,1,3,2,29,89,60,180,1,5
579,1,165,1,1,3,3,32,38,180,300,1,5
580,1,179,1,1,3,3,81,51,180,300,1,5
581,1,88,1,1,3,3,59,42,180,300,1,5
582,1,625,1,2,3,5,35,22,660,780,1,5
583,1,0,1,1,3,2,87,19,180,300,3,5
584,1,0,1,1,3,5,63,33,180,300,1,5
585,1,376,1,2,3,2,29,70,420,540,1,5
586,1,624,1,2,3,4,29,35,660,780,5,5
587,1,0,1,1,3,5,26,43,60,180,2,5
588,1,66,1,1,3,1,31,80,180,300,3,5
589,1,0,1,1,3,5,19,60,180,300,1,5
590,1,0,1,1,3,5,6,61,180,300,1,5
591,1,0,1,1,3,5,71,55,180,300,1,5
592,1,0,1,1,3,5,29,33,180,300,1,5
593,1,554,1,2,3,1,32,49,660,780,1,5
594,1,179,1,2,3,4,42,72,480,780,3,5
595,1,614,1,2,3,2,70,22,660,780,1,5
596,1,622,1,2,3,2,50,6,660,780,1,5
597,1,174,1,1,3,1,21,12,180,300,1,5
598,1,232,1,2,3,2,58,59,300,420,3,5
599,1,213,1,2,3,5,73,71,300,420,5,5
600,1,214,1,2,3,3,50,68,300,420,1,5
601,1,0,1,1,3,3,76,67,60,180,4,5
602,1,0,1,1,3,3,13,56,60,180,1,5
603,1,0,1,1,3,3,58,39,60,180,1,5
604,1,146,1,1,3,3,42,54,180,300,1,5
605,1,627,1,2,3,4,71,67,660,780,1,5
606,1,75,1,1,3,3,86,76,180,300,1,5
607,1,274,1,2,3,3,52,70,660,780,1,5
608,1,177,1,1,3,1,27,63,180,300,1,5
609,1,0,1,1,3,2,77,42,60,180,1,5
610,1,537,1,2,3,2,41,59,540,660,5,5
611,1,0,1,1,3,5,29,41,60,180,1,5
612,1,0,1,1,3,5,41,49,60,180,1,5
613,1,78,1,2,3,3,22,91,660,780,1,5
614,1,15,1,1,3,3,70,82,180,300,2,5
615,1,35,1,1,3,3,54,82,180,300,1,5
616,1,0,1,1,3,1,52,54,60,180,1,5
617,1,97,1,1,3,2,48,49,180,300,5,5
618,1,215,1,2,3,3,34,84,300,420,1,5
619,1,0,1,1,3,3,35,68,60,180,2,5
620,1,170,1,1,3,4,86,67,180,300,2,5
621,1,277,1,2,3,3,27,89,300,420,1,5
622,1,281,1,2,3,3,89,84,300,420,1,5
623,1,0,1,1,3,5,65,62,180,300,5,5
624,1,503,1,2,3,2,27,71,540,660,2,5
625,1,329,1,2,3,4,15,43,420,540,3,5
626,1,176,1,2,3,5,50,45,420,540,3,5
627,1,179,1,2,3,5,59,51,420,540,1,5
628,1,185,1,2,3,5,42,57,420,540,3,5
629,1,153,1,1,3,4,13,36,180,300,1,5
630,1,0,1,1,3,3,31,91,60,180,2,5
631,1,559,1,2,3,3,47,89,660,780,1,5
632,1,0,1,1,3,5,32,42,60,180,1,5
633,1,0,1,1,3,5,60,26,60,180,1,5
634,1,0,1,1,3,5,66,35,180,300,1,5
635,1,0,1,1,3,5,81,24,180,300,1,5
636,1,63,1,1,3,5,75,62,180,300,1,5
637,1,166,1,2,3,2,6,78,480,780,2,5
638,1,528,1,2,3,5,36,56,540,660,1,5
639,1,55,1,1,3,5,35,53,60,180,1,5
640,1,0,1,1,3,1,57,28,120,420,6,5
641,1,0,1,1,3,1,48,59,60,180,1,5
642,1,235,1,2,3,5,33,24,300,420,1,5
643,1,435,1,2,3,3,43,68,660,780,5,5
644,1,503,1,2,3,3,28,62,660,780,5,5
645,1,546,1,2,3,3,23,66,660,780,5,5
646,1,0,1,1,3,3,34,68,180,300,1,5
647,1,0,1,1,3,3,72,89,180,300,1,5
648,1,283,1,2,3,3,59,61,300,420,1,5
649,1,124,1,1,3,3,100,85,180,300,2,5
650,1,371,1,2,3,2,83,24,420,540,5,5
651,1,227,1,2,3,4,50,52,420,540,5,5
652,1,0,1,1,3,4,46,83,60,180,1,5
653,1,0,1,1,3,3,45,49,60,180,1,5
654,1,539,1,2,3,3,83,65,540,660,1,5
655,1,0,1,1,3,4,55,43,180,300,1,5
656,1,0,1,1,3,3,31,94,60,180,1,5
657,1,93,1,1,3,5,57,44,180,300,1,5
658,1,52,1,1,3,5,23,52,180,300,1,5
659,1,99,1,1,3,5,40,50,180,300,1,5
660,1,101,1,1,3,5,6,76,180,300,1,5
661,1,102,1,1,3,5,11,16,180,300,1,5
662,1,54,1,1,3,5,66,35,180,300,1,5
663,1,0,1,1,3,5,51,38,60,180,1,5
664,1,0,1,1,3,5,29,63,60,180,5,5
665,1,348,1,2,3,2,59,73,540,660,2,5
666,1,603,1,2,3,1,15,63,660,780,1,5
667,1,0,1,1,3,2,33,58,60,180,2,5
668,1,454,1,2,3,1,50,15,540,660,1,5
669,1,277,1,2,3,1,61,12,300,420,5,5
670,1,0,1,1,3,1,38,18,180,300,5,5
671,1,0,1,1,3,1,2,81,180,300,5,5
672,1,365,1,2,3,3,43,75,420,540,3,5
673,1,368,1,2,3,3,43,55,420,540,4,5
674,1,0,1,1,3,4,32,56,60,180,1,5
675,1,0,1,1,3,3,55,81,60,180,1,5
676,1,0,1,1,3,1,4,85,60,180,2,5
677,1,0,1,1,3,3,29,91,60,180,1,5
678,1,575,1,2,3,5,48,47,660,780,1,5
679,1,578,1,2,3,5,77,47,660,780,1,5
680,1,147,1,1,3,1,27,43,180,300,3,5
681,1,0,1,1,3,3,79,69,60,180,1,5
682,1,338,1,2,3,4,12,35,420,540,1,5
683,1,340,1,2,3,4,53,58,420,540,1,5
684,1,0,1,1,3,1,25,84,60,180,1,5
685,1,556,1,2,3,4,69,38,660,780,1,5
686,1,556,1,2,3,4,71,68,660,780,2,5
687,1,556,1,2,3,4,53,53,660,780,1,5
688,1,556,1,2,3,4,54,85,660,780,1,5
689,1,556,1,2,3,4,74,44,660,780,5,5
690,1,0,1,1,3,4,46,85,60,180,1,5
691,1,0,1,1,3,4,63,40,60,180,1,5
692,1,0,1,1,3,4,32,64,60,180,1,5
693,1,309,1,2,3,5,73,67,420,540,5,5
694,1,592,1,2,3,4,38,97,660,780,1,5
695,1,595,1,2,3,4,42,71,660,780,1,5
696,1,131,1,1,3,1,26,83,180,300,4,5
697,1,0,1,1,3,5,43,52,120,420,5,5
698,1,0,1,1,3,5,51,12,60,180,2,5
699,1,0,1,1,3,5,33,23,60,180,2,5
700,1,0,1,1,3,4,48,69,60,180,1,5
701,1,121,1,1,3,1,35,61,180,300,5,5
702,1,615,1,2,3,3,26,88,660,780,1,5
703,1,0,1,1,3,4,43,43,60,180,1,5
704,1,241,1,2,3,5,23,69,300,420,1,5
705,1,0,1,1,3,2,54,48,60,180,3,5
706,1,447,1,2,3,3,74,74,660,780,5,5
707,1,237,1,2,3,2,92,48,300,420,1,5
708,1,0,1,1,3,1,51,51,180,300,1,5
709,1,145,1,1,3,1,53,12,180,300,1,5
710,1,171,1,1,3,2,78,44,180,300,1,5
711,1,0,1,1,3,1,15,16,60,180,5,5
712,1,0,1,1,3,4,16,39,60,180,3,5
713,1,458,1,2,3,4,10,26,540,660,1,5
714,1,304,1,2,3,4,16,82,420,540,1,5
715,1,112,1,1,3,5,35,58,180,300,1,5
716,1,85,1,1,3,5,66,35,180,300,1,5
717,1,0,1,1,3,4,14,36,60,180,1,5
718,1,0,1,1,3,1,2,42,60,180,1,5
719,1,0,1,1,3,1,16,28,60,180,2,5
720,1,0,1,1,3,1,60,28,60,180,1,5
721,1,0,1,1,3,1,45,14,60,180,1,5
722,1,0,1,1,3,1,19,68,60,180,1,5
723,1,0,1,1,3,1,48,43,60,180,1,5
724,1,0,1,1,3,4,62,42,60,180,1,5
725,1,582,1,2,3,5,66,35,660,780,1,5
726,1,138,1,1,3,3,74,68,180,300,1,5
727,1,0,1,1,3,3,32,71,60,180,1,5
728,1,439,1,2,3,1,29,32,540,660,1,5
729,1,441,1,2,3,1,16,20,540,660,1,5
730,1,442,1,2,3,1,45,25,540,660,1,5
731,1,501,1,2,3,1,23,83,540,660,1,5
732,1,502,1,2,3,5,74,62,540,660,3,5
733,1,0,1,1,3,2,93,15,60,180,1,5
734,1,0,1,1,3,2,51,42,60,180,5,5
735,1,0,1,1,3,2,29,58,60,180,1,5
736,1,78,1,1,3,3,25,85,180,300,1,5
737,1,0,1,1,3,5,42,51,60,180,1,5
738,1,0,1,1,3,5,26,84,60,180,1,5
739,1,0,1,1,3,5,22,37,60,180,1,5
740,1,0,1,1,3,5,41,47,60,180,5,5
741,1,392,1,2,3,1,53,23,480,780,2,5
742,1,403,1,2,3,1,27,12,480,780,5,5
743,1,502,1,2,3,4,46,71,540,660,1,5
744,1,165,1,1,3,5,12,74,180,300,1,5
745,1,608,1,2,3,4,27,65,660,780,1,5
746,1,0,1,1,3,1,7,22,60,180,1,5
747,1,71,1,1,3,3,82,59,180,300,1,5
748,1,0,1,1,3,4,25,72,60,180,1,5
749,1,0,1,1,3,2,68,20,60,180,1,5
750,1,537,1,2,3,4,44,46,540,660,5,5
751,1,67,1,1,3,1,33,77,180,300,4,5
752,1,651,1,2,3,5,54,46,660,780,1,5
753,1,639,1,2,3,5,32,21,660,780,2,5
754,1,168,1,1,3,5,42,50,180,300,1,5
755,1,642,1,2,3,4,57,82,660,780,1,5
756,1,502,1,2,3,2,83,33,540,660,1,5
757,1,624,1,2,3,4,22,82,660,780,1,5
758,1,79,1,1,3,3,44,50,120,420,3,5
759,1,432,1,2,3,3,15,65,480,780,5,5
760,1,125,1,1,3,5,63,69,180,300,1,5
761,1,103,1,1,3,1,9,75,180,300,1,5
762,1,0,1,1,3,1,7,10,180,300,3,5
763,1,352,1,2,3,1,44,43,420,540,4,5
764,1,636,1,2,3,1,22,65,660,780,2,5
765,1,247,1,2,3,3,25,85,300,420,1,5
766,1,45,1,1,3,3,60,49,60,180,1,5
767,1,72,1,1,3,3,40,62,180,300,1,5
768,1,657,1,2,3,3,31,87,660,780,1,5
769,1,631,1,2,3,3,36,47,660,780,1,5
770,1,0,1,1,3,3,42,42,180,300,1,5
771,1,0,1,1,3,3,54,44,180,300,1,5
772,1,158,1,1,3,5,33,23,180,300,1,5
773,1,0,1,1,3,4,90,74,60,180,1,5
774,1,502,1,2,3,4,22,52,540,660,2,5
775,1,503,1,2,3,4,49,68,540,660,1,5
776,1,519,1,2,3,4,23,74,540,660,2,5
777,1,521,1,2,3,1,29,53,540,660,1,5
778,1,180,1,1,3,4,34,73,180,300,1,5
779,1,5,1,1,3,1,10,24,60,180,1,5
780,1,0,1,1,3,3,45,60,60,180,1,5
781,1,0,1,1,3,2,33,82,180,300,2,5
782,1,91,1,1,3,5,14,59,180,300,5,5
783,1,178,1,1,3,4,73,60,180,300,5,5
784,1,594,1,2,3,5,40,50,660,780,3,5
785,1,98,1,1,3,2,36,1,180,300,5,5
786,1,103,1,1,3,2,7,35,180,300,5,5
787,1,109,1,1,3,2,91,24,180,300,5,5
788,1,128,1,1,3,3,48,55,180,300,1,5
789,1,0,1,1,3,3,44,94,60,180,5,5
790,1,0,1,1,3,2,87,75,60,180,1,5
791,1,177,1,1,3,5,20,81,180,300,5,5
792,1,116,1,1,3,4,20,48,180,300,1,5
793,1,388,1,2,3,5,20,71,420,540,1,5
794,1,72,1,1,3,3,88,82,180,300,1,5
795,1,553,1,2,3,5,40,50,660,780,1,5
796,1,0,1,1,3,4,44,86,60,180,1,5
797,1,292,1,2,3,1,16,87,300,420,1,5
798,1,93,1,1,3,1,13,24,180,300,1,5
799,1,660,1,2,3,4,44,98,660,780,1,5
800,1,647,1,2,3,4,50,67,660,780,1,5
801,1,448,1,2,3,1,52,56,540,660,1,5
802,1,449,1,2,3,1,9,12,540,660,1,5
803,1,23,1,1,3,4,37,67,60,180,1,5
804,1,27,1,1,3,4,53,80,60,180,1,5
805,1,294,1,2,3,1,55,22,300,420,1,5
806,1,0,1,1,3,4,17,39,60,180,2,5
807,1,0,1,1,3,4,18,62,60,180,3,5
808,1,0,1,1,3,5,47,50,60,180,5,5
809,1,0,1,1,3,5,18,46,60,180,5,5
810,1,328,1,2,3,1,14,69,420,540,4,5
811,1,0,1,1,3,4,13,74,60,180,1,5
812,1,0,1,1,3,4,49,76,60,180,2,5
813,1,180,1,1,3,4,49,68,180,300,2,5
814,1,396,1,2,3,1,8,12,540,660,1,5
815,1,0,1,1,3,4,12,31,180,300,2,5
816,1,0,1,1,3,4,13,49,180,300,3,5
817,1,0,1,1,3,3,76,88,180,300,1,5
818,1,0,1,1,3,3,28,62,180,300,1,5
819,1,0,1,1,3,3,29,81,180,300,1,5
820,1,58,1,1,3,4,60,49,180,300,1,5
821,1,0,1,1,3,2,71,14,60,180,3,5
822,1,56,1,1,3,1,17,87,60,180,1,5
823,1,59,1,1,3,1,28,76,60,180,2,5
824,1,430,1,2,3,2,81,12,540,660,4,5
825,1,185,1,2,3,3,79,92,300,420,1,5
826,1,76,1,1,3,3,38,39,180,300,1,5
827,1,0,1,1,3,4,29,36,60,180,1,5
828,1,169,1,1,3,3,72,64,180,300,3,5
829,1,0,1,1,3,3,47,98,60,180,1,5
830,1,402,1,2,3,5,19,43,420,540,2,5
831,1,402,1,2,3,5,43,50,420,540,2,5
832,1,402,1,2,3,5,33,23,420,540,2,5
833,1,161,1,1,3,1,31,47,180,300,1,5
834,1,129,1,1,3,5,64,24,180,300,1,5
835,1,0,1,1,3,1,20,37,180,300,1,5
836,1,0,1,1,3,1,30,22,180,300,2,5
837,1,0,1,1,3,1,25,53,180,300,2,5
838,1,0,1,1,3,1,31,79,180,300,1,5
839,1,43,1,1,3,1,38,56,120,420,6,5
840,1,0,1,1,3,5,58,51,180,300,5,5
841,1,0,1,1,3,5,32,70,180,300,5,5
842,1,117,1,1,3,1,26,84,180,300,1,5
843,1,305,1,2,3,3,30,89,540,660,1,5
844,1,68,1,1,3,3,35,58,180,300,1,5
845,1,0,1,1,3,5,35,43,60,180,2,5
846,1,0,1,1,3,5,53,33,180,300,5,5
847,1,4,1,1,3,5,37,32,60,180,1,5
848,1,180,1,1,3,4,40,75,180,300,2,5
849,1,89,1,1,3,1,65,68,180,300,5,5
850,1,89,1,1,3,1,48,52,180,300,3,5
851,1,89,1,1,3,1,34,62,180,300,2,5
852,1,89,1,1,3,1,48,16,180,300,3,5
853,1,89,1,1,3,1,22,76,180,300,2,5
854,1,89,1,1,3,1,51,65,180,300,3,5
855,1,89,1,1,3,1,24,39,180,300,3,5
856,1,89,1,1,3,1,20,19,180,300,5,5
857,1,89,1,1,3,1,28,14,180,300,3,5
858,1,89,1,1,3,1,59,14,180,300,1,5
859,1,89,1,1,3,1,49,60,180,300,2,5
860,1,89,1,1,3,1,25,37,180,300,2,5
861,1,89,1,1,3,1,21,89,180,300,3,5
862,1,89,1,1,3,1,41,21,180,300,3,5
863,1,89,1,1,3,1,54,32,180,300,1,5
864,1,89,1,1,3,1,32,31,180,300,4,5
865,1,89,1,1,3,1,3,71,180,300,2,5
866,1,89,1,1,3,1,35,44,180,300,4,5
867,1,89,1,1,3,1,56,61,180,300,1,5
868,1,89,1,1,3,1,60,18,180,300,5,5
869,1,89,1,1,3,1,8,12,180,300,2,5
870,1,89,1,1,3,1,36,14,180,300,3,5
871,1,89,1,1,3,1,33,47,180,300,2,5
872,1,113,1,1,3,1,61,27,180,300,3,5
873,1,113,1,1,3,1,28,36,180,300,2,5
874,1,113,1,1,3,1,53,55,180,300,4,5
875,1,113,1,1,3,1,31,66,180,300,3,5
876,1,113,1,1,3,1,33,65,180,300,3,5
877,1,113,1,1,3,1,44,46,180,300,2,5
878,1,113,1,1,3,1,13,39,180,300,1,5
879,1,113,1,1,3,1,50,45,180,300,3,5
880,1,113,1,1,3,1,77,2,180,300,3,5
881,1,113,1,1,3,1,15,26,180,300,4,5
882,1,113,1,1,3,1,47,63,180,300,3,5
883,1,113,1,1,3,1,30,59,180,300,2,5
884,1,113,1,1,3,1,25,28,180,300,3,5
885,1,113,1,1,3,1,23,14,180,300,3,5
886,1,113,1,1,3,1,33,46,180,300,2,5
887,1,176,1,1,3,3,26,64,180,300,1,5
888,1,168,1,1,3,3,47,99,180,300,1,5
889,1,0,1,1,3,4,36,60,60,180,1,5
890,1,0,1,1,3,4,20,84,60,180,5,5
891,1,0,1,1,3,4,46,42,60,180,5,5
892,1,88,1,1,3,3,35,72,180,300,1,5
893,1,645,1,2,3,2,30,84,660,780,1,5
894,1,172,1,1,3,1,18,87,180,300,1,5
895,1,0,1,1,3,2,19,75,60,180,1,5
896,1,371,1,2,3,3,38,83,420,540,4,5
897,1,268,1,2,3,1,54,59,300,420,1,5
898,1,262,1,2,3,1,28,8,300,420,1,5
899,1,329,1,2,3,3,27,85,420,540,1,5
900,1,397,1,2,3,2,16,62,420,540,1,5
901,1,0,1,1,3,4,12,46,60,180,1,5
902,1,85,1,1,3,5,66,41,180,300,1,5
903,1,1,1,1,3,1,16,17,60,180,2,5
904,1,0,1,1,3,1,28,85,60,180,1,5
905,1,0,1,1,3,1,22,76,60,180,1,5
906,1,134,1,1,3,2,59,75,180,300,1,5
907,1,557,1,2,3,5,24,21,660,780,5,5
908,1,0,1,1,3,3,33,84,60,180,1,5
909,1,595,1,2,3,1,39,27,660,780,1,5
910,1,620,1,2,3,1,49,44,660,780,1,5
911,1,0,1,1,3,1,24,83,60,180,1,5
912,1,59,1,1,3,4,29,81,60,180,1,5
913,1,0,1,1,3,2,91,70,180,300,1,5
914,1,514,1,2,3,5,44,26,540,660,1,5
915,1,180,1,1,3,4,42,65,180,300,1,5
916,1,270,1,2,3,4,22,55,300,420,1,5
917,1,617,1,2,3,4,56,40,660,780,1,5
918,1,0,1,1,3,4,79,49,60,180,1,5
919,1,0,1,1,3,1,45,21,60,180,1,5
920,1,0,1,1,3,1,24,24,180,300,2,5
921,1,0,1,1,3,1,17,53,180,300,3,5
922,1,0,1,1,3,1,26,83,180,300,3,5
923,1,0,1,1,3,1,46,51,180,300,3,5
924,1,165,1,1,3,3,69,79,180,300,1,5
925,1,0,1,1,3,2,7,85,60,180,1,5
926,1,350,1,2,3,4,65,68,420,540,1,5
927,1,0,1,2,3,2,11,73,660,780,5,5
928,1,502,1,2,3,4,18,49,540,660,5,5
929,1,208,1,2,3,4,42,42,300,420,1,5
930,1,402,1,2,3,1,45,64,480,780,10,5
931,1,449,1,2,3,2,37,53,540,660,1,5
932,1,0,1,1,3,4,22,79,60,180,1,5
933,1,0,1,1,3,4,39,90,60,180,4,5
934,1,195,1,2,3,1,51,37,300,420,1,5
935,1,168,1,2,3,1,23,77,300,420,1,5
936,1,0,1,1,3,3,64,60,60,180,1,5
937,1,0,1,1,3,5,40,43,60,180,1,5
938,1,538,1,2,3,1,42,47,660,780,5,5
939,1,0,1,2,3,2,33,44,60,180,1,5
940,1,28,1,1,3,5,52,49,60,180,1,5
941,1,120,1,1,3,1,44,62,180,300,2,5
942,1,0,1,1,3,2,73,78,180,300,3,5
943,1,561,1,2,3,1,33,11,660,780,2,5
944,1,0,1,1,3,4,73,41,60,180,1,5
945,1,556,1,2,3,2,18,91,660,780,1,5
946,1,557,1,2,3,2,11,76,660,780,2,5
947,1,0,1,1,3,5,44,16,60,180,1,5
948,1,552,1,2,3,2,73,86,660,780,1,5
949,1,326,1,2,3,1,65,29,420,540,1,5
950,1,329,1,2,3,1,33,54,420,540,1,5
951,1,331,1,2,3,1,52,66,420,540,1,5
952,1,142,1,1,3,4,33,48,180,300,1,5
953,1,144,1,1,3,4,42,57,180,300,1,5
954,1,150,1,1,3,4,40,92,180,300,1,5
955,1,378,1,2,3,1,36,74,420,540,1,5
956,1,0,1,1,3,3,40,41,60,180,1,5
957,1,0,1,1,3,5,59,41,60,180,1,5
958,1,0,1,1,3,1,42,50,60,180,1,5
959,1,0,1,1,3,4,60,53,60,180,3,5
960,1,167,1,1,3,4,6,80,180,300,5,5
961,1,7,1,1,3,4,17,70,60,180,1,5
962,1,0,1,2,3,4,40,76,420,540,2,5
963,1,418,1,2,3,2,41,93,420,540,1,5
964,1,501,1,2,3,2,51,54,540,660,1,5
965,1,121,1,2,3,1,20,65,420,540,1,5
966,1,148,1,2,3,2,58,27,540,660,2,5
967,1,90,1,1,3,3,23,71,180,300,1,5
968,1,85,1,1,3,3,68,52,180,300,1,5
969,1,98,1,1,3,3,27,88,180,300,1,5
970,1,275,1,2,3,2,18,39,300,420,1,5
971,1,0,1,1,3,3,24,82,60,180,2,5
972,1,0,1,1,3,3,75,94,60,180,2,5
973,1,66,1,1,3,3,49,94,180,300,3,5
974,1,558,1,2,3,3,83,72,660,780,1,5
975,1,547,1,2,3,3,53,51,660,780,1,5
976,1,563,1,2,3,3,32,53,660,780,1,5
977,1,564,1,2,3,3,26,47,660,780,1,5
978,1,535,1,2,3,3,58,44,540,660,3,5
979,1,557,1,2,3,3,86,82,660,780,1,5
980,1,555,1,2,3,3,43,50,660,780,1,5
981,1,560,1,2,3,3,85,72,660,780,1,5
982,1,557,1,2,3,3,56,41,660,780,1,5
983,1,561,1,2,3,3,60,85,660,780,1,5
984,1,545,1,2,3,3,32,81,660,780,1,5
985,1,556,1,2,3,3,77,75,660,780,1,5
986,1,531,1,2,3,3,51,53,540,660,3,5
987,1,540,1,2,3,3,78,81,540,660,3,5
988,1,563,1,2,3,3,74,94,660,780,1,5
989,1,565,1,2,3,3,75,89,660,780,1,5
990,1,546,1,2,3,3,99,63,660,780,1,5
991,1,566,1,2,3,3,28,78,660,780,1,5
992,1,559,1,2,3,3,11,86,660,780,1,5
993,1,182,1,2,3,3,47,62,300,420,1,5
994,1,92,1,1,3,3,25,83,180,300,5,5
995,1,0,1,1,3,5,56,52,180,300,5,5
996,1,584,1,2,3,5,53,49,660,780,3,5
997,1,429,1,2,3,1,56,25,540,660,2,5
998,1,27,1,1,3,2,16,61,180,300,1,5
999,1,0,1,1,3,4,31,75,60,180,5,5
1000,1,0,1,1,3,1,45,44,60,180,2,5
1001,1,0,1,1,3,5,61,69,180,300,1,5
1002,1,0,1,1,3,5,54,34,180,300,1,5
1003,1,178,1,1,3,3,54,87,180,300,1,5
1004,1,238,1,2,3,2,72,71,300,420,1,5
1005,1,265,1,2,3,3,18,81,300,420,1,5
1006,1,137,1,1,3,5,60,48,180,300,1,5
1007,1,562,1,2,3,3,52,85,660,780,1,5
1008,1,538,1,2,3,5,26,49,540,660,1,5
1009,1,40,1,1,3,4,80,63,60,180,5,5
1010,1,198,1,2,3,4,48,93,300,420,3,5
1011,1,86,1,1,3,3,67,68,180,300,1,5
1012,1,236,1,2,3,5,19,66,300,420,1,5
1013,1,78,1,1,3,1,49,55,180,300,1,5
1014,1,151,1,1,3,1,61,14,180,300,1,5
1015,1,0,1,1,3,3,45,73,60,180,1,5
1016,1,0,1,1,3,3,79,74,60,180,1,5
1017,1,0,1,1,3,3,87,72,60,180,1,5
1018,1,501,1,2,3,3,22,88,540,660,1,5
1019,1,161,1,1,3,3,20,67,180,300,1,5
1020,1,373,1,2,3,4,17,40,420,540,1,5
1021,1,341,1,2,3,1,50,66,420,540,1,5
1022,1,533,1,2,3,2,89,32,660,780,5,5
1023,1,533,1,2,3,2,11,75,660,780,5,5
1024,1,0,1,1,3,3,22,62,60,180,1,5
1025,1,0,1,1,3,3,27,80,60,180,1,5
1026,1,0,1,1,3,3,22,87,60,180,1,5
1027,1,80,1,1,3,4,37,60,180,300,5,5
1028,1,119,1,1,3,1,57,14,180,300,1,5
1029,1,94,1,1,3,1,46,27,180,300,5,5
1030,1,0,1,1,3,3,63,81,60,180,5,5
1031,1,0,1,1,3,3,52,90,60,180,1,5
1032,1,0,1,1,3,5,56,21,60,180,1,5
1033,1,0,1,1,3,2,7,58,60,180,1,5
1034,1,74,1,1,3,1,47,62,180,300,1,5
1035,1,53,1,1,3,1,29,30,180,300,1,5
1036,1,568,1,2,3,4,29,36,660,780,4,5
1037,1,105,1,1,3,2,68,50,180,300,1,5
1038,1,625,1,2,3,3,57,95,660,780,1,5
1039,1,410,1,2,3,5,57,11,420,540,1,5
1040,1,98,1,1,3,4,64,66,180,300,1,5
1041,1,132,1,1,3,3,35,94,180,300,1,5
1042,1,187,1,2,3,5,31,22,300,420,1,5
1043,1,604,1,2,3,1,13,84,660,780,5,5
1044,1,220,1,2,3,4,47,68,300,420,1,5
1045,1,6,1,1,3,3,37,62,180,300,1,5
1046,1,152,1,1,3,1,27,24,180,300,1,5
1047,1,525,1,2,3,1,21,82,540,660,1,5
1048,1,456,1,2,3,3,29,30,540,660,1,5
1049,1,503,1,2,3,3,54,45,540,660,1,5
1050,1,540,1,2,3,4,11,76,540,660,1,5
1051,1,0,1,1,3,4,32,44,60,180,3,5
1052,1,87,1,1,3,4,65,80,180,300,1,5
1053,1,528,1,2,3,4,44,94,540,660,4,5
1054,1,0,1,1,3,4,77,67,60,180,2,5
1055,1,200,1,2,3,1,10,64,420,540,1,5
1056,1,100,1,1,3,4,19,38,180,300,1,5
1057,1,83,1,1,3,2,49,81,180,300,3,5
1058,1,532,1,2,3,4,55,42,540,660,5,5
1059,1,166,1,1,3,3,58,48,180,300,1,5
1060,1,224,1,2,3,4,64,36,300,420,1,5
1061,1,112,1,1,3,4,19,41,180,300,2,5
1062,1,117,1,1,3,5,39,32,180,300,4,5
1063,1,505,1,2,3,4,55,42,540,660,1,5
1064,1,529,1,2,3,2,58,19,540,660,1,5
1065,1,623,1,2,3,5,39,59,660,780,2,5
1066,1,144,1,1,3,2,36,29,180,300,3,5
1067,1,197,1,2,3,1,33,27,300,420,1,5
1068,1,269,1,2,3,2,77,48,300,420,1,5
1069,1,0,1,1,3,5,25,51,60,180,2,5
1070,1,75,1,1,3,5,58,13,180,300,1,5
1071,1,0,1,1,3,5,27,58,60,180,5,5
1072,1,0,1,1,3,5,6,92,180,300,5,5
1073,1,99,1,2,3,1,22,32,300,420,1,5
1074,1,559,1,2,3,4,45,63,660,780,1,5
1075,1,0,1,1,3,3,18,83,60,180,2,5
1076,1,0,1,1,3,1,57,37,60,180,1,5
1077,1,0,1,1,3,4,74,67,180,300,1,5
1078,1,0,1,1,3,2,15,70,60,180,1,5
1079,1,183,1,2,3,3,63,50,300,420,1,5
1080,1,174,1,1,3,3,54,54,180,300,1,5
1081,1,16,1,1,3,4,46,84,180,300,1,5
1082,1,290,1,2,3,1,43,23,300,420,1,5
1083,1,606,1,2,3,3,78,87,660,780,5,5
1084,1,0,1,1,3,1,47,61,60,180,1,5
1085,1,0,1,2,3,4,26,70,660,780,2,5
1086,1,0,1,1,3,1,36,70,60,180,1,5
1087,1,0,1,1,3,3,58,63,180,300,1,5
1088,1,0,1,1,3,3,33,73,180,300,1,5
1089,1,0,1,1,3,3,71,46,180,300,1,5
1090,1,0,1,1,3,3,63,75,180,300,1,5
1091,1,0,1,1,3,3,58,38,180,300,1,5
1092,1,0,1,1,3,3,31,67,180,300,1,5
1093,1,0,1,1,3,3,45,73,180,300,1,5
1094,1,0,1,1,3,3,23,92,180,300,1,5
1095,1,147,1,1,3,2,63,19,180,300,3,5
1096,1,503,1,2,3,4,63,63,540,660,2,5
1097,1,28,1,1,3,3,50,44,60,180,1,5
1098,1,31,1,1,3,3,31,36,60,180,1,5
1099,1,0,1,1,3,2,14,69,60,180,1,5
1100,1,0,1,1,3,4,45,51,60,180,1,5
1101,1,0,1,1,3,2,38,69,60,180,1,5
1102,1,518,1,2,3,2,43,58,540,660,1,5
1103,1,265,1,2,3,3,24,54,300,420,1,5
1104,1,0,1,1,3,4,43,52,180,300,1,5
1105,1,0,1,1,3,3,53,87,60,180,1,5
1106,1,266,1,2,3,3,78,78,300,420,1,5
1107,1,331,1,2,3,2,39,70,420,540,3,5
1108,1,344,1,2,3,2,22,35,420,540,1,5
1109,1,420,1,2,3,2,41,69,420,540,1,5
1110,1,392,1,2,3,4,49,79,660,780,2,5
1111,1,29,1,1,3,3,57,41,60,180,1,5
1112,1,130,1,1,3,2,48,52,180,300,5,5
1113,1,0,1,1,3,5,46,42,60,180,1,5
1114,1,654,1,2,3,3,99,87,660,780,1,5
1115,1,0,1,1,3,5,67,68,180,300,2,5
1116,1,38,1,1,3,4,47,89,60,180,1,5
1117,1,41,1,1,3,4,74,41,60,180,1,5
1118,1,43,1,1,3,4,50,68,60,180,1,5
1119,1,154,1,1,3,5,25,74,180,300,1,5
1120,1,460,1,2,3,4,46,65,540,660,3,5
1121,1,356,1,2,3,5,61,68,420,540,1,5
1122,1,144,1,1,3,4,74,37,180,300,1,5
1123,1,47,1,1,3,1,27,10,60,180,1,5
1124,1,626,1,2,3,5,77,68,660,780,1,5
1125,1,24,1,1,3,4,71,67,60,180,1,5
1126,1,0,1,1,3,5,11,72,60,180,1,5
1127,1,100,1,1,3,5,54,42,180,300,1,5
1128,1,103,1,1,3,5,22,76,180,300,1,5
1129,1,585,1,2,3,5,48,11,660,780,1,5
1130,1,95,1,1,3,4,20,33,180,300,1,5
1131,1,96,1,1,3,5,80,42,180,300,1,5
1132,1,98,1,1,3,5,66,35,180,300,1,5
1133,1,512,1,2,3,4,17,40,540,660,1,5
1134,1,0,1,1,3,1,54,34,60,180,1,5
1135,1,423,1,2,3,1,8,13,540,660,1,5
1136,1,0,1,1,3,3,25,67,60,180,2,5
1137,1,108,1,1,3,3,42,28,180,300,2,5
1138,1,0,1,1,3,1,31,61,60,180,1,5
1139,1,200,1,2,3,1,26,12,300,420,1,5
1140,1,314,1,2,3,2,52,39,420,540,2,5
1141,1,0,1,1,3,3,45,59,60,180,1,5
1142,1,0,1,1,3,4,68,44,60,180,1,5
1143,1,156,1,1,3,5,32,22,180,300,2,5
1144,1,503,1,2,3,4,40,67,540,660,2,5
1145,1,285,1,2,3,1,15,78,660,780,3,5
1146,1,311,1,2,3,3,42,59,420,540,1,5
1147,1,538,1,2,3,5,32,30,540,660,1,5
1148,1,0,1,1,3,5,39,42,60,180,1,5
1149,1,322,1,2,3,5,54,18,420,540,1,5
1150,1,0,1,1,3,2,77,44,60,180,1,5
1151,1,504,1,2,3,4,21,71,660,780,4,5
1152,1,0,1,1,3,5,29,41,60,180,1,5
1153,1,0,1,1,3,5,58,43,60,180,6,5
1154,1,0,1,1,3,5,55,47,60,180,5,5
1155,1,395,1,2,3,3,78,53,420,540,3,5
1156,1,415,1,2,3,2,83,61,420,540,5,5
1157,1,184,1,2,3,1,16,37,300,420,3,5
1158,1,119,1,1,3,2,57,55,180,300,4,5
1159,1,192,1,2,3,5,5,76,300,420,4,5
1160,1,231,1,2,3,5,68,32,300,420,5,5
1161,1,42,1,1,3,3,15,84,60,180,3,5
1162,1,98,1,1,3,5,68,71,180,300,1,5
1163,1,501,1,2,3,4,17,53,540,660,1,5
1164,1,42,1,1,3,3,17,67,60,180,5,5
1165,1,599,1,2,3,4,55,97,660,780,6,5
1166,1,42,1,1,3,3,89,42,60,180,5,5
1167,1,599,1,2,3,4,48,95,660,780,1,5
1168,1,42,1,1,3,3,52,62,60,180,1,5
1169,1,108,1,1,3,5,65,35,180,300,3,5
1170,1,409,1,2,3,4,9,27,420,540,3,5
1171,1,185,1,2,3,1,8,86,300,420,6,5
1172,1,192,1,2,3,5,81,68,300,420,5,5
1173,1,119,1,1,3,2,42,26,180,300,1,5
1174,1,529,1,2,3,5,62,70,540,660,6,5
1175,1,442,1,2,3,2,41,68,540,660,1,5
1176,1,356,1,2,3,5,21,32,420,540,5,5
1177,1,656,1,2,3,5,28,30,660,780,3,5
1178,1,42,1,1,3,3,58,64,60,180,2,5
1179,1,98,1,1,3,5,81,62,180,300,5,5
1180,1,474,1,2,3,5,25,79,540,660,4,5
1181,1,356,1,2,3,5,65,54,420,540,1,5
1182,1,442,1,2,3,1,27,83,540,660,4,5
1183,1,409,1,2,3,4,78,66,420,540,2,5
1184,1,119,1,1,3,2,79,42,180,300,2,5
1185,1,307,1,2,3,1,52,55,420,540,4,5
1186,1,656,1,2,3,5,25,36,660,780,6,5
1187,1,42,1,1,3,3,17,67,60,180,1,5
1188,1,442,1,2,3,1,30,51,540,660,3,5
1189,1,203,1,2,3,5,26,34,300,420,3,5
1190,1,42,1,1,3,3,53,38,60,180,5,5
1191,1,350,1,2,3,5,49,42,420,540,1,5
1192,1,119,1,1,3,2,29,87,180,300,3,5
1193,1,97,1,1,3,1,78,16,180,300,2,5
1194,1,415,1,2,3,2,59,4,420,540,4,5
1195,1,253,1,2,3,4,17,37,300,420,5,5
1196,1,238,1,2,3,3,83,54,300,420,1,5
1197,1,42,1,1,3,3,52,41,60,180,5,5
1198,1,185,1,2,3,1,29,32,300,420,3,5
1199,1,209,1,2,3,3,84,84,300,420,6,5
1200,1,554,1,2,3,2,52,53,660,780,1,5
1201,1,382,1,2,3,5,27,51,420,540,5,5
1202,1,118,1,1,3,2,31,96,180,300,6,5
1203,1,337,1,2,3,2,40,69,420,540,5,5
1204,1,42,1,1,3,3,44,60,60,180,1,5
1205,1,98,1,1,3,5,37,46,180,300,1,5
1206,1,98,1,1,3,5,60,30,180,300,4,5
1207,1,42,1,1,3,3,81,55,60,180,3,5
1208,1,656,1,2,3,5,51,38,660,780,3,5
1209,1,379,1,2,3,2,13,83,420,540,4,5
1210,1,307,1,2,3,1,8,81,420,540,6,5
1211,1,250,1,2,3,5,59,63,300,420,1,5
1212,1,405,1,2,3,3,25,31,420,540,2,5
1213,1,42,1,1,3,3,71,47,60,180,5,5
1214,1,245,1,2,3,4,53,34,300,420,5,5
1215,1,307,1,2,3,1,44,66,420,540,3,5
1216,1,320,1,2,3,1,20,24,420,540,1,5
1217,1,119,1,1,3,2,78,20,180,300,1,5
1218,1,42,1,1,3,3,84,80,60,180,1,5
1219,1,205,1,2,3,1,42,62,420,540,5,5
1220,1,519,1,2,3,4,24,55,540,660,5,5
1221,1,97,1,1,3,1,51,52,180,300,4,5
1222,1,656,1,2,3,5,49,26,660,780,5,5
1223,1,405,1,2,3,3,56,83,420,540,4,5
1224,1,118,1,1,3,2,21,71,180,300,6,5
1225,1,405,1,2,3,3,34,60,420,540,5,5
1226,1,250,1,2,3,5,73,72,300,420,2,5
1227,1,235,1,2,3,5,77,45,300,420,6,5
1228,1,185,1,2,3,1,35,49,300,420,1,5
1229,1,253,1,2,3,4,29,36,300,420,1,5
1230,1,409,1,2,3,4,71,68,420,540,5,5
1231,1,519,1,2,3,4,74,55,540,660,5,5
1232,1,186,1,2,3,2,93,22,300,420,5,5
1233,1,379,1,2,3,2,40,51,420,540,5,5
1234,1,356,1,2,3,5,51,40,420,540,4,5
1,,,2,2,2,2,78,39,180,420,1,5
2,,,2,2,2,5,49,32,180,420,1,5
3,,,2,2,2,2,89,92,180,420,1,5
4,,,2,2,2,5,98,59,180,420,1,5
5,,,2,2,2,3,21,80,180,420,1,5
6,,,2,2,2,3,81,51,180,420,1,5
7,,,2,2,2,1,11,28,180,420,1,5
8,,,2,2,2,2,61,43,180,420,1,5
9,,,2,2,2,2,80,64,180,420,1,5
10,,,1,1,2,1,33,46,660,900,5,5
11,,,1,1,2,2,10,68,660,900,3,5
12,,,2,2,2,4,41,83,180,420,1,5
13,,,2,2,2,4,14,63,180,420,1,5
14,,,2,2,2,4,45,42,180,420,1,5
15,,,2,2,2,4,47,97,180,420,1,5
16,,,2,2,2,4,54,87,180,420,1,5
17,,,2,2,2,4,50,82,180,420,1,5
18,,,2,2,2,4,22,73,180,420,1,5
19,,,2,2,2,4,47,69,180,420,1,5
20,,,2,2,2,4,47,85,180,420,1,5
21,,,2,2,2,4,47,59,180,420,1,5
22,,,2,2,2,4,53,80,180,420,1,5
23,,,2,2,2,4,54,51,180,420,1,5
24,,,2,2,2,4,8,67,180,420,1,5
25,,,2,2,2,4,28,48,180,420,5,5
26,,,2,2,2,4,56,92,180,420,1,5
27,,,2,2,2,4,31,33,180,420,1,5
28,,,2,2,2,5,38,48,180,420,2,5
29,,,2,2,2,4,32,47,180,420,1,5
30,,,2,2,2,4,29,75,180,420,1,5
31,,,2,2,2,4,50,54,180,420,1,5
32,,,2,2,2,4,21,48,180,420,1,5
33,,,2,2,2,4,58,53,180,420,1,5
34,,,1,1,2,2,65,85,660,780,3,5
35,,,1,1,2,5,56,33,660,780,3,5
36,,,1,1,2,5,70,78,660,780,4,5
37,,,1,1,2,5,54,44,660,780,4,5
38,,,1,1,2,3,53,87,660,780,1,5
39,,,1,1,2,2,13,71,660,780,1,5
40,,,1,1,2,2,39,52,660,780,6,5
41,,,1,1,2,1,31,11,660,780,5,5
42,,,1,1,2,5,31,41,660,780,6,5
43,,,1,1,2,3,21,96,660,900,3,5
44,,,1,1,2,5,54,23,660,900,1,5
45,,,1,1,2,4,19,42,660,900,2,5
46,,,1,1,2,4,17,63,660,900,1,5
47,,,1,1,2,4,10,51,660,900,4,5
48,,,1,1,2,4,66,66,660,900,1,5
49,,,1,1,2,2,21,82,660,900,6,5
50,,,1,1,2,1,41,52,660,900,1,5
51,,,2,2,2,3,34,66,180,420,5,5
52,,,2,2,2,3,56,39,180,420,3,5
53,,,2,2,2,3,43,87,180,420,6,5
54,,,1,1,2,4,42,50,660,900,2,5
55,,,2,2,2,4,49,98,180,420,1,5
56,,,2,2,2,2,0,85,180,420,2,5
57,,,1,1,2,2,68,49,660,900,1,5
58,,,2,2,2,2,24,61,180,420,2,5
59,,,1,1,2,2,70,11,660,900,5,5
60,,,2,2,2,3,60,82,180,420,1,5
61,,,1,1,2,2,17,72,660,900,1,5
62,,,1,1,2,1,50,47,780,900,5,5
63,,,1,1,2,3,50,51,780,900,5,5
64,,,1,1,2,4,55,53,780,900,5,5
65,,,1,1,2,3,34,59,780,900,5,5
66,,,1,1,2,1,42,23,780,900,5,5
67,,,1,1,2,5,32,22,780,900,5,5
68,,,1,1,2,5,58,32,660,780,9,5
69,,,1,1,2,5,34,20,660,780,7,5
70,,,1,1,2,3,48,89,660,780,6,5
71,,,1,1,2,3,75,78,660,780,6,5
72,,,1,1,2,3,65,53,660,780,8,5
73,,,1,1,2,2,64,58,660,780,3,5
74,,,1,1,2,5,43,52,660,780,6,5
75,,,1,1,2,3,17,84,660,780,1,5
76,,,1,1,2,2,73,29,660,780,6,5
77,,,1,1,2,4,48,74,660,780,6,5
78,,,1,1,2,3,18,82,660,780,10,5
79,,,2,2,2,5,11,72,180,420,5,5
80,,,1,1,2,4,22,35,660,900,5,5
81,,,1,1,2,2,99,44,780,900,1,5
82,,,1,1,2,1,12,64,660,780,1,5
83,,,1,1,2,3,34,94,780,900,1,5
84,,,1,1,2,3,45,88,780,900,1,5
85,,,1,1,2,3,55,41,780,900,1,5
86,,,1,1,2,3,58,41,780,900,1,5
87,,,2,2,2,2,66,13,180,300,1,5
88,,,1,1,2,3,50,61,780,900,1,5
89,,,1,1,2,3,48,50,780,900,1,5
90,,,1,1,2,3,87,80,780,900,1,5
91,,,1,1,2,3,43,25,780,900,1,5
92,,,1,1,2,3,28,87,780,900,1,5
93,,,1,1,2,4,44,52,780,900,1,5
94,,,1,1,2,3,76,54,780,900,1,5
95,,,1,1,2,1,50,39,780,900,1,5
96,,,2,2,2,4,37,64,180,300,1,5
97,,,2,2,2,4,12,48,180,300,1,5
98,,,1,1,2,3,62,45,780,900,1,5
99,,,2,2,2,3,79,65,180,300,1,5
100,,,2,2,2,3,23,30,180,300,1,5
101,,,2,2,2,2,76,47,180,300,1,5
102,,,1,1,2,3,40,87,780,900,1,5
103,,,2,2,2,4,42,43,180,300,1,5
104,,,1,1,2,3,72,52,780,900,1,5
105,,,1,1,2,1,51,36,780,900,1,5
106,,,1,1,2,3,51,69,780,900,1,5
107,,,2,2,2,1,10,12,180,300,1,5
108,,,2,2,2,4,28,64,180,300,1,5
109,,,2,2,2,4,21,61,180,300,1,5
110,,,1,1,2,3,37,54,780,900,1,5
111,,,2,2,2,4,15,38,180,300,1,5
112,,,2,2,2,4,37,82,180,300,1,5
113,,,2,2,2,2,81,32,180,300,1,5
114,,,2,2,2,4,67,64,180,300,1,5
115,,,1,1,2,3,26,62,780,900,1,5
116,,,2,2,2,4,73,54,180,300,1,5
117,,,1,1,2,3,74,68,780,900,1,5
118,,,1,1,2,3,32,74,780,900,1,5
119,,,1,1,2,3,54,65,780,900,1,5
120,,,1,1,2,3,61,84,780,900,1,5
121,,,2,2,2,1,45,63,180,420,1,5
122,,,2,2,2,1,42,32,180,420,5,5
123,,,2,2,2,1,13,40,180,420,1,5
124,,,1,1,2,2,24,84,660,900,1,5
125,,,2,2,2,5,79,57,180,420,3,5
126,,,2,2,2,2,76,74,180,420,1,5
127,,,1,1,2,4,29,32,660,900,4,5
128,,,2,2,2,5,35,45,180,420,2,5
129,,,1,1,2,2,45,96,660,900,2,5
130,,,1,1,2,4,47,96,660,900,1,5
131,,,2,2,2,3,70,84,180,420,4,5
132,,,2,2,2,5,53,38,180,420,5,5
133,,,2,2,2,1,36,44,180,420,3,5
134,,,2,2,2,4,28,34,180,420,2,5
135,,,1,1,2,3,36,28,660,900,1,5
136,,,1,1,2,3,68,77,660,900,1,5
137,,,1,1,2,5,36,54,660,900,1,5
138,,,1,1,2,2,83,61,660,900,1,5
139,,,1,1,2,2,78,43,660,900,1,5
140,,,1,1,2,2,87,66,660,900,1,5
141,,,1,1,2,2,61,31,660,900,1,5
142,,,1,1,2,5,20,79,660,900,1,5
143,,,1,1,2,2,43,34,660,900,1,5
144,,,1,1,2,5,63,78,780,900,1,5
145,,,1,1,2,1,35,44,780,900,1,5
146,,,1,1,2,1,25,29,780,900,1,5
147,,,1,1,2,1,40,17,780,900,1,5
148,,,1,1,2,1,50,50,780,900,1,5
149,,,1,1,2,5,4,86,780,900,1,5
150,,,1,1,2,1,50,34,780,900,1,5
151,,,1,1,2,1,25,11,780,900,1,5
152,,,1,1,2,1,47,49,780,900,1,5
153,,,2,2,2,5,40,49,300,420,1,5
154,,,2,2,2,2,91,59,300,420,1,5
155,,,1,1,2,5,52,13,780,900,1,5
156,,,1,1,2,1,14,23,780,900,1,5
157,,,1,1,2,5,27,80,780,900,1,5
158,,,1,1,2,5,46,51,780,900,1,5
159,,,1,1,2,5,76,65,780,900,1,5
160,,,1,1,2,1,20,13,780,900,1,5
161,,,1,1,2,5,73,71,780,900,1,5
162,,,1,1,2,2,77,76,780,900,1,5
163,,,2,2,2,1,1,81,300,420,1,5
164,,,1,1,2,5,2,57,780,900,1,5
165,,,2,2,2,5,41,48,300,420,1,5
166,,,1,1,2,5,21,19,780,900,1,5
167,,,1,1,2,1,17,89,780,900,1,5
168,,,1,1,2,5,52,23,780,900,1,5
169,,,1,1,2,1,56,27,780,900,1,5
170,,,1,1,2,5,64,28,780,900,1,5
171,,,1,1,2,1,67,69,780,900,1,5
172,,,1,1,2,2,50,42,780,900,1,5
173,,,2,2,2,1,3,13,300,420,1,5
174,,,1,1,2,5,75,58,780,900,1,5
175,,,2,2,2,1,50,66,300,420,1,5
176,,,1,1,2,2,14,68,780,900,1,5
177,,,1,1,2,2,20,28,780,900,1,5
178,,,1,1,2,1,36,49,780,900,1,5
179,,,1,1,2,5,82,37,780,900,1,5
180,,,1,1,2,1,42,70,780,900,1,5
181,,,1,1,2,1,5,60,780,900,1,5
182,,,1,1,2,1,25,17,780,900,1,5
183,,,2,2,2,1,10,28,300,420,1,5
184,,,1,1,2,2,75,35,780,900,1,5
185,,,2,2,2,1,36,46,300,420,1,5
186,,,1,1,2,1,32,68,780,900,1,5
187,,,1,1,2,1,32,67,780,900,1,5
188,,,1,1,2,5,51,39,780,900,1,5
189,,,1,1,2,1,31,11,780,900,1,5
190,,,1,1,2,1,2,72,780,900,1,5
191,,,1,1,2,2,91,34,780,900,1,5
192,,,1,1,2,1,25,19,780,900,1,5
193,,,2,2,2,5,24,74,300,420,1,5
194,,,1,1,2,1,52,47,780,900,1,5
195,,,2,2,2,1,52,13,300,420,1,5
196,,,1,1,2,1,39,26,780,900,1,5
197,,,1,1,2,1,43,47,780,900,1,5
198,,,1,1,2,5,98,92,780,900,1,5
199,,,1,1,2,5,59,20,780,900,1,5
200,,,1,1,2,5,43,53,780,900,1,5
201,,,1,1,2,1,49,46,780,900,1,5
202,,,1,1,2,1,47,81,780,900,1,5
203,,,2,2,2,5,50,8,300,420,1,5
204,,,2,2,2,1,3,33,300,420,1,5
205,,,1,1,2,2,79,14,780,900,1,5
206,,,1,1,2,5,32,30,780,900,1,5
207,,,1,1,2,5,43,42,780,900,1,5
208,,,1,1,2,1,41,45,780,900,1,5
209,,,1,1,2,1,48,16,780,900,1,5
210,,,1,1,2,1,52,76,780,900,1,5
211,,,1,1,2,1,28,23,780,900,1,5
212,,,1,1,2,5,68,60,780,900,1,5
213,,,1,1,2,1,12,54,780,900,1,5
214,,,2,2,2,1,54,62,300,420,1,5
215,,,2,2,2,5,23,63,300,420,1,5
216,,,1,1,2,5,22,43,780,900,1,5
217,,,1,1,2,5,20,78,780,900,1,5
218,,,1,1,2,5,53,56,780,900,1,5
219,,,1,1,2,5,66,59,780,900,1,5
220,,,1,1,2,1,44,22,780,900,1,5
221,,,1,1,2,1,15,36,780,900,1,5
222,,,1,1,2,1,15,74,780,900,1,5
223,,,1,1,2,5,44,39,780,900,1,5
224,,,1,1,2,5,35,22,780,900,1,5
225,,,1,1,2,5,33,21,780,900,1,5
226,,,1,1,2,2,25,87,780,900,1,5
227,,,1,1,2,1,30,47,780,900,1,5
228,,,2,2,2,2,37,51,300,420,1,5
229,,,1,1,2,1,47,61,780,900,1,5
230,,,2,2,2,1,26,53,300,420,1,5
231,,,1,1,2,2,15,22,780,900,1,5
232,,,1,1,2,5,28,34,780,900,1,5
233,,,1,1,2,5,52,46,780,900,1,5
234,,,1,1,2,2,42,70,780,900,1,5
235,,,1,1,2,1,9,38,780,900,1,5
236,,,1,1,2,1,32,48,780,900,1,5
237,,,1,1,2,5,47,46,780,900,1,5
238,,,1,1,2,1,32,68,780,900,1,5
239,,,1,1,2,5,26,31,780,900,1,5
240,,,2,2,2,5,62,28,300,420,1,5
241,,,1,1,2,1,50,65,780,900,1,5
242,,,2,2,2,2,27,45,300,420,1,5
243,,,1,1,2,5,43,23,780,900,1,5
244,,,1,1,2,1,18,86,780,900,1,5
245,,,1,1,2,5,80,35,780,900,1,5
246,,,1,1,2,1,28,33,780,900,1,5
247,,,1,1,2,1,49,37,780,900,1,5
248,,,1,1,2,5,22,68,780,900,1,5
249,,,1,1,2,5,88,83,780,900,1,5
250,,,1,1,2,2,77,61,780,900,1,5
251,,,1,1,2,1,46,63,780,900,1,5
252,,,2,2,2,1,8,13,300,420,1,5
253,,,1,1,2,2,47,38,780,900,1,5
254,,,2,2,2,5,33,23,300,420,1,5
255,,,1,1,2,2,69,78,780,900,1,5
256,,,2,2,2,5,57,48,300,420,1,5
257,,,1,1,2,1,45,33,780,900,1,5
258,,,1,1,2,1,32,52,780,900,1,5
259,,,1,1,2,5,28,44,780,900,1,5
260,,,1,1,2,5,33,22,780,900,1,5
261,,,1,1,2,5,77,65,780,900,1,5
262,,,1,1,2,5,84,83,780,900,1,5
263,,,1,1,2,1,44,16,780,900,1,5
264,,,1,1,2,1,51,54,780,900,1,5
265,,,1,1,2,1,15,74,780,900,1,5
266,,,2,2,2,5,9,54,300,420,1,5
267,,,1,1,2,5,75,63,780,900,1,5
268,,,1,1,2,1,33,47,780,900,1,5
269,,,1,1,2,1,44,21,780,900,1,5
270,,,2,2,2,5,82,29,300,420,1,5
271,,,1,1,2,5,50,24,780,900,1,5
272,,,1,1,2,1,30,34,780,900,1,5
273,,,2,2,2,5,19,38,300,420,1,5
274,,,1,1,2,5,47,39,780,900,1,5
275,,,1,1,2,1,41,48,780,900,1,5
276,,,2,2,2,1,27,63,300,420,1,5
277,,,2,2,2,5,97,29,300,420,1,5
278,,,1,1,2,1,27,50,780,900,1,5
279,,,1,1,2,1,11,40,780,900,1,5
280,,,2,2,2,1,28,36,300,420,1,5
281,,,1,1,2,1,17,84,780,900,1,5
282,,,2,2,2,1,25,85,300,420,1,5
283,,,1,1,2,1,14,21,780,900,1,5
284,,,2,2,2,5,52,58,300,420,1,5
285,,,1,1,2,1,43,75,780,900,1,5
286,,,2,2,2,5,63,36,300,420,1,5
287,,,1,1,2,5,62,71,780,900,1,5
288,,,2,2,2,1,6,97,300,420,1,5
289,,,1,1,2,1,36,25,780,900,1,5
290,,,2,2,2,5,82,26,300,420,1,5
291,,,1,1,2,5,23,77,780,900,1,5
292,,,1,1,2,1,30,87,780,900,1,5
293,,,2,2,2,1,26,84,300,420,1,5
294,,,1,1,2,1,45,35,780,900,1,5
295,,,2,2,2,1,16,85,300,420,1,5
296,,,1,1,2,1,41,50,780,900,1,5
297,,,2,2,2,5,59,25,300,420,1,5
298,,,1,1,2,5,42,41,780,900,1,5
299,,,2,2,2,5,89,81,300,420,1,5
300,,,2,2,2,1,19,36,300,420,1,5
301,,,1,1,2,2,88,16,780,900,1,5
302,,,2,2,2,5,18,61,300,420,1,5
303,,,1,1,2,1,18,88,780,900,1,5
304,,,2,2,2,5,2,80,300,420,1,5
305,,,2,2,2,5,77,74,300,420,1,5
306,,,1,1,2,5,84,81,780,900,1,5
307,,,2,2,2,5,63,31,300,420,1,5
308,,,1,1,2,5,28,37,780,900,1,5
309,,,2,2,2,1,39,74,300,420,1,5
310,,,1,1,2,1,48,53,780,900,1,5
311,,,2,2,2,5,65,65,300,420,1,5
312,,,1,1,2,5,70,64,780,900,1,5
313,,,2,2,2,5,59,46,300,420,1,5
314,,,1,1,2,2,38,52,780,900,1,5
315,,,2,2,2,5,28,36,300,420,1,5
316,,,1,1,2,1,0,81,780,900,1,5
317,,,2,2,2,5,27,61,300,420,1,5
318,,,1,1,2,5,34,23,780,900,1,5
319,,,2,2,2,1,30,9,300,420,1,5
320,,,2,2,2,5,53,12,300,420,1,5
321,,,2,2,2,1,54,33,300,420,1,5
322,,,1,1,2,1,38,31,780,900,1,5
323,,,1,1,2,1,46,38,780,900,1,5
324,,,2,2,2,1,59,15,300,420,1,5
325,,,2,2,2,5,36,33,300,420,1,5
326,,,1,1,2,2,50,46,780,900,1,5
327,,,2,2,2,5,30,66,300,420,1,5
328,,,2,2,2,5,23,34,300,420,1,5
329,,,1,1,2,5,58,51,780,900,1,5
330,,,1,1,2,1,36,75,780,900,1,5
331,,,2,2,2,5,58,23,300,420,1,5
332,,,1,1,2,1,7,53,780,900,1,5
333,,,2,2,2,5,42,21,300,420,1,5
334,,,1,1,2,1,28,83,780,900,1,5
335,,,1,1,2,5,69,63,780,900,1,5
336,,,2,2,2,5,31,21,300,420,1,5
337,,,2,2,2,1,47,48,300,420,1,5
338,,,1,1,2,5,18,66,780,900,1,5
339,,,1,1,2,1,55,6,780,900,1,5
340,,,1,1,2,1,27,83,780,900,1,5
341,,,1,1,2,1,43,29,780,900,1,5
342,,,1,1,2,5,34,32,780,900,1,5
343,,,2,2,2,1,47,31,300,420,1,5
344,,,1,1,2,2,46,57,780,900,1,5
345,,,2,2,2,5,65,46,300,420,1,5
346,,,1,1,2,1,23,65,780,900,1,5
347,,,1,1,2,5,34,21,780,900,1,5
348,,,1,1,2,1,54,21,780,900,1,5
349,,,1,1,2,5,65,42,780,900,1,5
350,,,1,1,2,1,9,30,780,900,1,5
351,,,1,1,2,5,24,66,780,900,1,5
352,,,1,1,2,5,21,71,780,900,1,5
353,,,1,1,2,2,77,35,780,900,1,5
354,,,1,1,2,5,68,51,780,900,1,5
355,,,1,1,2,2,22,85,780,900,1,5
356,,,1,1,2,1,51,18,780,900,1,5
357,,,1,1,2,1,7,84,780,900,1,5
358,,,1,1,2,5,75,76,780,900,1,5
359,,,1,1,2,5,49,12,780,900,1,5
360,,,2,2,2,1,13,25,300,420,1,5
361,,,1,1,2,5,39,64,780,900,1,5
362,,,1,1,2,2,46,59,780,900,1,5
363,,,1,1,2,1,23,38,780,900,1,5
364,,,1,1,2,1,57,23,780,900,1,5
365,,,1,1,2,5,57,63,780,900,1,5
366,,,1,1,2,1,40,14,780,900,1,5
367,,,1,1,2,1,39,16,780,900,1,5
368,,,1,1,2,2,16,100,780,900,1,5
369,,,1,1,2,1,31,58,780,900,1,5
370,,,2,2,2,1,47,64,300,420,1,5
371,,,1,1,2,5,85,23,780,900,1,5
372,,,2,2,2,2,95,39,300,420,1,5
373,,,1,1,2,1,30,61,780,900,1,5
374,,,1,1,2,5,33,21,780,900,1,5
375,,,1,1,2,5,32,49,780,900,1,5
376,,,1,1,2,2,14,88,780,900,1,5
377,,,1,1,2,5,67,61,780,900,1,5
378,,,1,1,2,5,92,60,780,900,1,5
379,,,1,1,2,5,53,40,780,900,1,5
380,,,1,1,2,5,33,30,780,900,1,5
381,,,1,1,2,5,25,27,780,900,1,5
382,,,1,1,2,5,26,44,780,900,1,5
383,,,2,2,2,5,41,26,300,420,1,5
384,,,2,2,2,5,60,27,300,420,1,5
385,,,2,2,2,1,57,50,180,420,1,5
386,,,1,1,2,4,54,79,660,900,1,5
387,,,2,2,2,4,40,60,180,420,1,5
388,,,1,1,2,3,77,58,660,900,1,5
389,,,1,1,2,2,87,61,660,900,3,5
390,,,2,2,2,3,74,92,180,420,1,5
391,,,1,1,2,3,54,71,660,900,1,5
392,,,1,1,2,2,89,39,660,900,1,5
393,,,1,1,2,5,31,23,660,900,1,5
394,,,1,1,2,3,36,56,660,900,5,5
395,,,2,2,2,3,34,68,180,420,1,5
396,,,1,1,2,4,22,72,660,900,1,5
397,,,2,2,2,5,52,52,180,420,1,5
398,,,2,2,2,1,34,80,180,420,1,5
399,,,1,1,2,4,68,56,660,900,1,5
400,,,2,2,2,4,66,67,180,420,1,5
401,,,1,1,2,4,28,60,660,900,2,5
402,,,2,2,2,4,15,35,180,420,1,5
403,,,1,1,2,4,16,36,660,900,1,5
404,,,1,1,2,4,27,50,660,900,2,5
405,,,2,2,2,1,35,51,180,420,1,5
406,,,2,2,2,5,64,67,180,420,2,5
407,,,2,2,2,3,56,45,180,420,2,5
408,,,2,2,2,3,16,66,180,420,2,5
409,,,2,2,2,3,83,59,180,420,5,5
410,,,2,2,2,1,54,40,180,420,1,5
411,,,1,1,2,4,52,57,660,900,1,5
412,,,1,1,2,2,65,89,660,900,1,5
413,,,2,2,2,3,83,51,180,420,1,5
414,,,2,2,2,2,20,84,180,420,2,5
415,,,1,1,2,3,57,91,660,900,2,5
416,,,1,1,2,3,29,77,660,900,1,5
417,,,2,2,2,4,71,68,180,420,1,5
418,,,1,1,2,2,35,13,660,900,1,5
419,,,1,1,2,2,15,92,660,900,1,5
420,,,1,1,2,1,33,49,660,900,5,5
421,,,2,2,2,1,14,57,180,420,1,5
422,,,2,2,2,5,70,48,180,420,5,5
423,,,1,1,2,1,7,10,660,900,1,5
424,,,1,1,2,5,30,34,660,900,1,5
425,,,1,1,2,3,32,79,660,900,1,5
426,,,1,1,2,1,0,74,660,900,1,5
427,,,1,1,2,1,11,40,660,900,1,5
428,,,2,2,2,4,12,38,180,420,1,5
429,,,1,1,2,5,56,33,660,900,5,5
430,,,1,1,2,2,68,49,660,900,5,5
431,,,1,1,2,3,55,65,660,900,5,5
432,,,2,2,2,4,42,20,180,420,1,5
433,,,2,2,2,1,12,13,180,420,1,5
434,,,2,2,2,1,21,18,180,420,1,5
435,,,1,1,2,2,64,47,660,900,1,5
436,,,2,2,2,1,50,65,180,420,1,5
437,,,1,1,2,3,18,76,660,900,1,5
438,,,1,1,2,3,80,85,660,900,1,5
439,,,1,1,2,3,32,56,660,900,3,5
440,,,1,1,2,4,67,48,660,900,1,5
441,,,2,2,2,3,40,88,180,420,5,5
442,,,1,1,2,2,42,48,660,900,3,5
443,,,1,1,2,3,31,53,660,900,2,5
444,,,1,1,2,4,32,72,660,900,1,5
445,,,2,2,2,4,17,41,180,420,1,5
446,,,2,2,2,4,55,87,180,420,2,5
447,,,1,1,2,4,38,60,660,900,2,5
448,,,2,2,2,4,18,30,180,420,4,5
449,,,1,1,2,4,73,73,660,900,1,5
450,,,2,2,2,2,30,62,180,420,5,5
451,,,1,1,2,5,25,18,660,900,2,5
452,,,1,1,2,1,33,31,660,900,5,5
453,,,1,1,2,1,46,46,660,900,5,5
454,,,1,1,2,1,8,20,660,900,1,5
455,,,2,2,2,3,48,62,180,420,5,5
456,,,1,1,2,4,19,50,660,900,4,5
457,,,2,2,2,5,40,49,180,420,1,5
458,,,1,1,2,1,54,10,660,900,4,5
459,,,1,1,2,3,30,83,660,900,1,5
460,,,1,1,2,3,49,44,660,900,2,5
461,,,2,2,2,1,27,37,180,420,5,5
462,,,2,2,2,1,28,36,180,420,5,5
463,,,2,2,2,2,43,47,180,420,5,5
464,,,2,2,2,3,21,88,180,420,1,5
465,,,1,1,2,5,60,52,660,900,1,5
466,,,2,2,2,4,8,71,180,420,1,5
467,,,1,1,2,5,48,8,660,900,1,5
468,,,2,2,2,1,13,82,180,420,5,5
469,,,1,1,2,1,26,26,660,900,4,5
470,,,1,1,2,3,58,39,660,900,1,5
471,,,1,1,2,5,74,68,660,900,3,5
472,,,2,2,2,1,56,14,180,420,1,5
473,,,2,2,2,5,51,12,180,420,4,5
474,,,2,2,2,2,76,40,180,420,3,5
475,,,2,2,2,4,33,68,180,420,1,5
476,,,1,1,2,4,39,48,660,900,1,5
477,,,1,1,2,1,33,53,660,900,1,5
478,,,2,2,2,1,38,64,180,420,1,5
479,,,2,2,2,3,65,72,180,420,1,5
480,,,1,1,2,5,61,77,660,900,1,5
481,,,1,1,2,5,34,22,660,900,1,5
482,,,1,1,2,4,26,76,660,900,1,5
483,,,1,1,2,3,56,41,660,900,1,5
484,,,1,1,2,4,76,58,660,900,1,5
485,,,1,1,2,4,15,75,660,900,1,5
486,,,1,1,2,3,53,82,660,900,5,5
487,,,1,1,2,4,37,93,660,900,1,5
488,,,1,1,2,4,70,48,660,900,5,5
489,,,1,1,2,4,53,91,660,900,1,5
490,,,1,1,2,3,20,63,660,900,5,5
491,,,2,2,2,3,44,85,180,420,1,5
492,,,2,2,2,4,29,74,180,420,1,5
493,,,2,2,2,4,46,71,180,420,1,5
494,,,2,2,2,3,50,43,180,420,2,5
495,,,2,2,2,3,68,51,180,420,2,5
496,,,2,2,2,4,15,40,180,420,2,5
497,,,2,2,2,1,48,19,180,420,3,5
498,,,1,1,2,3,13,52,660,900,1,5
499,,,1,1,2,5,82,32,660,900,1,5
500,,,2,2,2,3,80,80,180,420,5,5
501,,,1,1,2,4,26,51,660,900,1,5
502,,,2,2,2,3,21,91,180,420,2,5
503,,,2,2,2,3,61,43,180,420,5,5
504,,,1,1,2,1,53,31,660,900,5,5
505,,,1,1,2,5,67,34,660,900,2,5
506,,,1,1,2,4,29,36,660,900,1,5
507,,,2,2,2,4,22,58,180,420,1,5
508,,,1,1,2,4,59,91,660,900,2,5
509,,,1,1,2,2,74,78,660,900,2,5
510,,,1,1,2,1,30,72,660,900,1,5
511,,,1,1,2,2,12,73,660,900,2,5
512,,,2,2,2,1,37,11,180,420,1,5
513,,,1,1,2,3,48,65,660,900,1,5
514,,,1,1,2,2,51,44,660,900,1,5
515,,,2,2,2,5,33,21,180,420,3,5
516,,,2,2,2,2,18,94,180,420,3,5
517,,,2,2,2,2,87,18,180,420,1,5
518,,,2,2,2,4,10,74,180,420,1,5
519,,,1,1,2,1,38,30,660,900,1,5
520,,,1,1,2,4,78,64,660,900,1,5
521,,,1,1,2,5,57,42,660,900,1,5
522,,,1,1,2,4,19,66,660,900,1,5
523,,,1,1,2,1,42,57,660,900,5,5
524,,,1,1,2,4,29,36,660,900,1,5
525,,,2,2,2,1,26,28,180,420,5,5
526,,,2,2,2,4,68,60,180,420,2,5
527,,,1,1,2,3,35,46,660,900,1,5
528,,,1,1,2,5,23,77,660,900,1,5
529,,,1,1,2,4,12,48,660,900,1,5
530,,,1,1,2,4,29,35,660,900,1,5
531,,,1,1,2,1,57,50,660,900,1,5
532,,,1,1,2,4,13,37,660,900,1,5
533,,,2,2,2,1,26,48,180,420,1,5
534,,,2,2,2,4,54,85,180,420,1,5
535,,,1,1,2,3,24,62,660,900,1,5
536,,,1,1,2,3,82,56,660,900,1,5
537,,,2,2,2,5,29,30,180,420,1,5
538,,,2,2,2,4,90,81,180,420,1,5
539,,,1,1,2,5,27,47,660,900,1,5
540,,,1,1,2,3,46,57,660,900,2,5
541,,,1,1,2,3,51,60,660,900,5,5
542,,,1,1,2,3,57,41,660,900,2,5
543,,,1,1,2,4,70,59,660,900,5,5
544,,,2,2,2,2,33,58,180,420,1,5
545,,,2,2,2,5,72,64,180,420,1,5
546,,,2,2,2,4,8,73,180,420,1,5
547,,,2,2,2,4,26,53,180,420,1,5
548,,,2,2,2,4,38,57,180,420,2,5
549,,,2,2,2,3,69,43,180,420,1,5
550,,,1,1,2,3,53,81,660,900,1,5
551,,,2,2,2,1,15,40,180,420,1,5
552,,,1,1,2,1,35,19,660,900,1,5
553,,,1,1,2,1,17,76,660,900,1,5
554,,,2,2,2,1,4,76,180,420,1,5
555,,,2,2,2,3,41,68,180,420,1,5
556,,,2,2,2,5,25,79,180,420,1,5
557,,,1,1,2,1,19,26,660,900,1,5
558,,,1,1,2,2,86,37,660,900,1,5
559,,,1,1,2,5,33,21,660,900,3,5
560,,,2,2,2,3,84,72,180,420,1,5
561,,,1,1,2,3,39,43,660,900,3,5
562,,,2,2,2,4,6,64,180,420,1,5
563,,,2,2,2,2,37,32,180,420,3,5
564,,,2,2,2,4,22,21,180,420,1,5
565,,,1,1,2,2,46,83,660,900,1,5
566,,,1,1,2,3,83,73,660,900,1,5
567,,,2,2,2,3,22,84,180,420,5,5
568,,,2,2,2,5,0,38,180,420,1,5
569,,,1,1,2,1,43,69,660,900,2,5
570,,,1,1,2,5,54,23,660,900,1,5
571,,,1,1,2,2,85,63,660,900,1,5
572,,,2,2,2,3,75,73,180,420,1,5
573,,,2,2,2,1,18,47,180,420,1,5
574,,,2,2,2,3,42,48,180,420,1,5
575,,,2,2,2,4,72,72,180,420,1,5
576,,,2,2,2,3,52,39,180,420,1,5
577,,,2,2,2,5,92,32,180,420,3,5
578,,,1,1,2,1,11,57,660,900,1,5
579,,,1,1,2,1,9,61,660,900,1,5
580,,,1,1,2,4,54,90,660,900,1,5
581,,,1,1,2,4,44,41,660,900,1,5
582,,,2,2,2,2,38,28,180,420,1,5
583,,,1,1,2,3,53,44,660,900,3,5
584,,,1,1,2,4,26,62,660,900,1,5
585,,,2,2,2,4,48,67,180,420,1,5
586,,,2,2,2,3,69,-1,180,420,5,5
587,,,1,1,2,4,91,83,660,900,2,5
588,,,1,1,2,3,72,55,660,900,3,5
589,,,1,1,2,2,87,16,660,900,1,5
590,,,1,1,2,1,51,49,660,900,1,5
591,,,1,1,2,1,28,83,660,900,1,5
592,,,1,1,2,3,48,54,660,900,1,5
593,,,2,2,2,3,51,93,180,420,1,5
594,,,2,2,2,1,42,38,540,660,3,5
595,,,2,2,2,3,79,51,180,420,1,5
596,,,2,2,2,3,21,92,180,420,1,5
597,,,1,1,2,4,15,76,660,900,1,5
598,,,2,2,2,3,22,90,180,420,3,5
599,,,2,2,2,4,20,45,180,420,5,5
600,,,2,2,2,4,73,41,180,420,1,5
601,,,1,1,2,1,8,63,660,900,4,5
602,,,1,1,2,1,55,24,660,900,1,5
603,,,1,1,2,1,34,78,660,900,1,5
604,,,1,1,2,4,51,79,660,900,1,5
605,,,2,2,2,2,16,28,180,420,1,5
606,,,1,1,2,2,43,20,660,900,1,5
607,,,2,2,2,4,14,36,180,420,1,5
608,,,1,1,2,5,53,53,660,900,1,5
609,,,1,1,2,4,16,54,660,900,1,5
610,,,2,2,2,3,70,75,180,420,5,5
611,,,1,1,2,4,15,77,660,900,1,5
612,,,1,1,2,4,73,38,660,900,1,5
613,,,2,2,2,1,51,36,180,420,1,5
614,,,1,1,2,4,73,63,660,900,2,5
615,,,1,1,2,1,29,60,660,900,1,5
616,,,1,1,2,3,49,84,660,900,1,5
617,,,1,1,2,3,13,86,660,900,5,5
618,,,2,2,2,4,48,68,180,420,1,5
619,,,1,1,2,2,35,28,660,900,2,5
620,,,1,1,2,1,8,55,660,900,2,5
621,,,2,2,2,2,73,85,180,420,1,5
622,,,2,2,2,5,71,62,180,420,1,5
623,,,1,1,2,3,57,82,660,900,5,5
624,,,2,2,2,3,36,28,180,420,2,5
625,,,2,2,2,1,49,65,180,420,3,5
626,,,2,2,2,1,40,61,180,420,3,5
627,,,2,2,2,3,83,54,180,420,1,5
628,,,2,2,2,3,84,62,180,420,3,5
629,,,1,1,2,1,55,59,660,900,1,5
630,,,1,1,2,4,73,54,660,900,2,5
631,,,2,2,2,5,23,71,180,420,1,5
632,,,1,1,2,4,10,65,660,900,1,5
633,,,1,1,2,1,19,58,660,900,1,5
634,,,1,1,2,3,45,51,660,900,1,5
635,,,1,1,2,1,29,10,660,900,1,5
636,,,1,1,2,2,57,48,660,900,1,5
637,,,2,2,2,1,26,33,540,660,2,5
638,,,2,2,2,1,23,28,180,420,1,5
639,,,1,1,2,3,14,56,660,900,1,5
640,,,1,1,2,4,56,95,660,900,6,5
641,,,1,1,2,2,41,94,660,900,1,5
642,,,2,2,2,2,63,54,180,420,1,5
643,,,2,2,2,4,7,59,180,420,5,5
644,,,2,2,2,4,36,56,180,420,5,5
645,,,2,2,2,4,36,89,180,420,5,5
646,,,1,1,2,5,57,30,660,900,1,5
647,,,1,1,2,1,14,58,660,900,1,5
648,,,2,2,2,4,11,63,180,420,1,5
649,,,1,1,2,4,71,67,660,900,2,5
650,,,2,2,2,1,54,34,180,420,5,5
651,,,2,2,2,5,56,43,180,420,5,5
652,,,1,1,2,3,35,58,660,900,1,5
653,,,1,1,2,4,72,67,660,900,1,5
654,,,2,2,2,2,82,34,180,420,1,5
655,,,1,1,2,1,16,38,660,900,1,5
656,,,1,1,2,4,65,46,660,900,1,5
657,,,1,1,2,4,68,68,660,900,1,5
658,,,1,1,2,2,67,72,660,900,1,5
659,,,1,1,2,4,18,59,660,900,1,5
660,,,1,1,2,2,45,36,660,900,1,5
661,,,1,1,2,4,72,43,660,900,1,5
662,,,1,1,2,3,20,95,660,900,1,5
663,,,1,1,2,3,49,51,660,900,1,5
664,,,1,1,2,2,3,98,660,900,5,5
665,,,2,2,2,1,15,62,180,420,2,5
666,,,2,2,2,4,37,61,180,420,1,5
667,,,1,1,2,5,71,65,660,900,2,5
668,,,2,2,2,3,21,99,180,420,1,5
669,,,2,2,2,5,48,11,180,420,5,5
670,,,1,1,2,5,55,24,660,900,5,5
671,,,1,1,2,5,57,15,660,900,5,5
672,,,2,2,2,5,41,52,180,420,3,5
673,,,2,2,2,2,82,34,180,420,4,5
674,,,1,1,2,3,25,52,660,900,1,5
675,,,1,1,2,4,11,30,660,900,1,5
676,,,1,1,2,4,49,93,660,900,2,5
677,,,1,1,2,4,48,67,660,900,1,5
678,,,2,2,2,4,72,67,180,420,1,5
679,,,2,2,2,4,70,42,180,420,1,5
680,,,1,1,2,4,61,49,660,900,3,5
681,,,1,1,2,1,46,73,660,900,1,5
682,,,2,2,2,2,43,17,180,420,1,5
683,,,2,2,2,1,33,49,180,420,1,5
684,,,1,1,2,3,38,40,660,900,1,5
685,,,2,2,2,1,56,32,180,420,1,5
686,,,2,2,2,5,26,35,180,420,2,5
687,,,2,2,2,1,31,48,180,420,1,5
688,,,2,2,2,5,33,46,180,420,1,5
689,,,2,2,2,2,89,23,180,420,5,5
690,,,1,1,2,5,34,22,660,900,1,5
691,,,1,1,2,1,20,19,660,900,1,5
692,,,1,1,2,2,84,73,660,900,1,5
693,,,2,2,2,2,77,71,180,420,5,5
694,,,2,2,2,3,88,76,180,420,1,5
695,,,2,2,2,1,18,63,180,420,1,5
696,,,1,1,2,4,16,77,660,900,4,5
697,,,1,1,2,1,55,50,660,900,5,5
698,,,1,1,2,3,27,62,660,900,2,5
699,,,1,1,2,3,40,53,660,900,2,5
700,,,1,1,2,2,4,83,660,900,1,5
701,,,1,1,2,4,25,10,660,900,5,5
702,,,2,2,2,4,11,68,180,420,1,5
703,,,1,1,2,3,43,76,660,900,1,5
704,,,2,2,2,3,42,53,180,420,1,5
705,,,1,1,2,4,76,53,660,900,3,5
706,,,2,2,2,4,69,46,180,420,5,5
707,,,2,2,2,5,78,47,180,420,1,5
708,,,1,1,2,2,94,26,660,900,1,5
709,,,1,1,2,4,14,43,660,900,1,5
710,,,1,1,2,3,53,77,660,900,1,5
711,,,1,1,2,4,30,5,660,900,5,5
712,,,1,1,2,3,30,78,660,900,3,5
713,,,2,2,2,2,74,33,180,420,1,5
714,,,2,2,2,5,57,24,180,420,1,5
715,,,1,1,2,4,98,91,660,900,1,5
716,,,1,1,2,3,89,76,660,900,1,5
717,,,1,1,2,3,36,53,660,900,1,5
718,,,1,1,2,2,49,79,660,900,1,5
719,,,1,1,2,5,6,79,660,900,2,5
720,,,1,1,2,3,42,41,660,900,1,5
721,,,1,1,2,2,43,32,660,900,1,5
722,,,1,1,2,3,54,40,660,900,1,5
723,,,1,1,2,4,30,35,660,900,1,5
724,,,1,1,2,1,17,38,660,900,1,5
725,,,2,2,2,2,23,90,180,420,1,5
726,,,1,1,2,2,21,72,660,900,1,5
727,,,1,1,2,4,82,67,660,900,1,5
728,,,2,2,2,2,20,81,180,420,1,5
729,,,2,2,2,3,57,40,180,420,1,5
730,,,2,2,2,4,43,14,180,420,1,5
731,,,2,2,2,4,29,35,180,420,1,5
732,,,2,2,2,3,56,51,180,420,3,5
733,,,1,1,2,5,19,80,660,900,1,5
734,,,1,1,2,1,29,68,660,900,5,5
735,,,1,1,2,3,58,38,660,900,1,5
736,,,1,1,2,1,18,87,660,900,1,5
737,,,1,1,2,4,70,67,660,900,1,5
738,,,1,1,2,2,47,37,660,900,1,5
739,,,1,1,2,3,74,83,660,900,1,5
740,,,1,1,2,1,41,48,660,900,5,5
741,,,2,2,2,2,87,71,540,660,2,5
742,,,2,2,2,2,94,47,540,660,5,5
743,,,2,2,2,3,46,50,180,420,1,5
744,,,1,1,2,4,24,14,660,900,1,5
745,,,2,2,2,1,32,37,180,420,1,5
746,,,1,1,2,3,42,63,660,900,1,5
747,,,1,1,2,4,43,92,660,900,1,5
748,,,1,1,2,2,95,40,660,900,1,5
749,,,1,1,2,1,9,26,660,900,1,5
750,,,2,2,2,5,27,43,180,420,5,5
751,,,1,1,2,3,35,59,660,900,4,5
752,,,2,2,2,3,77,69,180,420,1,5
753,,,2,2,2,3,63,50,180,420,2,5
754,,,1,1,2,1,65,35,660,900,1,5
755,,,2,2,2,3,57,39,180,420,1,5
756,,,2,2,2,3,68,80,180,420,1,5
757,,,2,2,2,2,56,77,180,420,1,5
758,,,1,1,2,5,32,44,660,900,3,5
759,,,2,2,2,5,81,58,540,660,5,5
760,,,1,1,2,1,56,41,660,900,1,5
761,,,1,1,2,3,49,78,660,900,1,5
762,,,1,1,2,2,36,12,660,900,3,5
763,,,2,2,2,4,30,81,180,420,4,5
764,,,2,2,2,3,33,86,180,420,2,5
765,,,2,2,2,2,78,21,180,420,1,5
766,,,1,1,2,1,44,28,660,900,1,5
767,,,1,1,2,4,27,68,660,900,1,5
768,,,2,2,2,2,20,70,180,420,1,5
769,,,2,2,2,1,41,30,180,420,1,5
770,,,1,1,2,5,57,17,660,900,1,5
771,,,1,1,2,4,54,51,660,900,1,5
772,,,1,1,2,2,82,24,660,900,1,5
773,,,1,1,2,5,50,28,660,900,1,5
774,,,2,2,2,2,40,33,180,420,2,5
775,,,2,2,2,2,10,77,180,420,1,5
776,,,2,2,2,1,52,49,180,420,2,5
777,,,2,2,2,4,15,73,180,420,1,5
778,,,1,1,2,1,41,48,660,900,1,5
779,,,1,1,2,2,42,95,660,900,1,5
780,,,1,1,2,4,84,70,660,900,1,5
781,,,1,1,2,1,35,42,660,900,2,5
782,,,1,1,2,3,50,79,660,900,5,5
783,,,1,1,2,2,12,73,660,900,5,5
784,,,2,2,2,3,83,49,180,420,3,5
785,,,1,1,2,4,72,68,660,900,5,5
786,,,1,1,2,3,31,38,660,900,5,5
787,,,1,1,2,4,76,51,660,900,5,5
788,,,1,1,2,4,56,45,660,900,1,5
789,,,1,1,2,5,28,36,660,900,5,5
790,,,1,1,2,5,78,63,660,900,1,5
791,,,1,1,2,2,49,49,660,900,5,5
792,,,1,1,2,3,40,71,660,900,1,5
793,,,2,2,2,4,33,47,180,420,1,5
794,,,1,1,2,1,36,29,660,900,1,5
795,,,2,2,2,4,70,64,180,420,1,5
796,,,1,1,2,2,27,91,660,900,1,5
797,,,2,2,2,4,11,27,180,420,1,5
798,,,1,1,2,4,27,50,660,900,1,5
799,,,2,2,2,3,66,82,180,420,1,5
800,,,2,2,2,3,47,70,180,420,1,5
801,,,2,2,2,5,48,25,180,420,1,5
802,,,2,2,2,3,29,71,180,420,1,5
803,,,1,1,2,1,29,27,660,900,1,5
804,,,1,1,2,1,57,14,660,900,1,5
805,,,2,2,2,2,58,52,180,420,1,5
806,,,1,1,2,3,62,72,660,900,2,5
807,,,1,1,2,3,42,90,660,900,3,5
808,,,1,1,2,4,24,24,660,900,5,5
809,,,1,1,2,1,12,86,660,900,5,5
810,,,2,2,2,5,77,65,180,420,4,5
811,,,1,1,2,1,34,51,660,900,1,5
812,,,1,1,2,1,26,24,660,900,2,5
813,,,1,1,2,2,59,44,660,900,2,5
814,,,2,2,2,3,68,81,180,420,1,5
815,,,1,1,2,1,38,46,660,900,2,5
816,,,1,1,2,3,40,90,660,900,3,5
817,,,1,1,2,4,29,74,660,900,1,5
818,,,1,1,2,4,22,63,660,900,1,5
819,,,1,1,2,1,13,81,660,900,1,5
820,,,1,1,2,3,82,60,660,900,1,5
821,,,1,1,2,4,28,34,660,900,3,5
822,,,1,1,2,4,48,34,660,900,1,5
823,,,1,1,2,4,83,67,660,900,2,5
824,,,2,2,2,5,64,66,180,420,4,5
825,,,2,2,2,2,34,60,180,420,1,5
826,,,1,1,2,2,51,44,660,900,1,5
827,,,1,1,2,1,53,54,660,900,1,5
828,,,1,1,2,5,32,22,660,900,3,5
829,,,1,1,2,4,36,61,660,900,1,5
830,,,2,2,2,3,73,85,180,420,2,5
831,,,2,2,2,2,81,38,180,420,2,5
832,,,2,2,2,3,32,87,180,420,2,5
833,,,1,1,2,2,44,68,660,900,1,5
834,,,1,1,2,4,71,67,660,900,1,5
835,,,1,1,2,4,36,55,660,900,1,5
836,,,1,1,2,4,28,35,660,900,2,5
837,,,1,1,2,5,68,73,660,900,2,5
838,,,1,1,2,2,4,81,660,900,1,5
839,,,1,1,2,5,2,96,660,900,6,5
840,,,1,1,2,4,77,65,660,900,5,5
841,,,1,1,2,3,81,55,660,900,5,5
842,,,1,1,2,4,82,70,660,900,1,5
843,,,2,2,2,5,52,58,180,420,1,5
844,,,1,1,2,1,44,67,660,900,1,5
845,,,1,1,2,2,19,88,660,900,2,5
846,,,1,1,2,4,23,43,660,900,5,5
847,,,1,1,2,2,84,60,660,900,1,5
848,,,1,1,2,5,18,73,660,900,2,5
849,,,1,1,2,4,39,95,660,900,5,5
850,,,1,1,2,5,52,12,660,900,3,5
851,,,1,1,2,3,25,69,660,900,2,5
852,,,1,1,2,4,68,53,660,900,3,5
853,,,1,1,2,2,89,49,660,900,2,5
854,,,1,1,2,2,63,48,660,900,3,5
855,,,1,1,2,2,52,50,660,900,3,5
856,,,1,1,2,2,61,58,660,900,5,5
857,,,1,1,2,5,41,38,660,900,3,5
858,,,1,1,2,3,38,64,660,900,1,5
859,,,1,1,2,2,75,0,660,900,2,5
860,,,1,1,2,3,82,57,660,900,2,5
861,,,1,1,2,3,58,62,660,900,3,5
862,,,1,1,2,5,40,52,660,900,3,5
863,,,1,1,2,3,17,80,660,900,1,5
864,,,1,1,2,2,2,88,660,900,4,5
865,,,1,1,2,4,38,93,660,900,2,5
866,,,1,1,2,3,57,40,660,900,4,5
867,,,1,1,2,3,82,83,660,900,1,5
868,,,1,1,2,4,22,52,660,900,5,5
869,,,1,1,2,2,41,18,660,900,2,5
870,,,1,1,2,2,55,57,660,900,3,5
871,,,1,1,2,2,12,75,660,900,2,5
872,,,1,1,2,5,7,93,660,900,3,5
873,,,1,1,2,5,35,21,660,900,2,5
874,,,1,1,2,3,33,77,660,900,4,5
875,,,1,1,2,4,88,69,660,900,3,5
876,,,1,1,2,2,80,28,660,900,3,5
877,,,1,1,2,4,52,82,660,900,2,5
878,,,1,1,2,2,61,45,660,900,1,5
879,,,1,1,2,2,91,15,660,900,3,5
880,,,1,1,2,2,72,84,660,900,3,5
881,,,1,1,2,4,29,34,660,900,4,5
882,,,1,1,2,3,85,83,660,900,3,5
883,,,1,1,2,3,58,46,660,900,2,5
884,,,1,1,2,3,53,51,660,900,3,5
885,,,1,1,2,2,0,81,660,900,3,5
886,,,1,1,2,3,78,76,660,900,2,5
887,,,1,1,2,4,16,40,660,900,1,5
888,,,1,1,2,5,64,44,660,900,1,5
889,,,1,1,2,1,55,22,660,900,1,5
890,,,1,1,2,3,54,76,660,900,5,5
891,,,1,1,2,1,27,41,660,900,5,5
892,,,1,1,2,1,39,39,660,900,1,5
893,,,2,2,2,3,34,86,180,420,1,5
894,,,1,1,2,5,96,35,660,900,1,5
895,,,1,1,2,1,22,67,660,900,1,5
896,,,2,2,2,1,18,54,180,420,4,5
897,,,2,2,2,5,25,20,180,420,1,5
898,,,2,2,2,3,55,86,180,420,1,5
899,,,2,2,2,4,74,44,180,420,1,5
900,,,2,2,2,3,75,70,180,420,1,5
901,,,1,1,2,3,66,79,660,900,1,5
902,,,1,1,2,3,15,57,660,900,1,5
903,,,1,1,2,2,29,84,660,900,2,5
904,,,1,1,2,4,81,60,660,900,1,5
905,,,1,1,2,3,66,85,660,900,1,5
906,,,1,1,2,1,53,7,660,900,1,5
907,,,2,2,2,3,83,69,180,420,5,5
908,,,1,1,2,4,57,84,660,900,1,5
909,,,2,2,2,3,47,69,180,420,1,5
910,,,2,2,2,3,34,61,180,420,1,5
911,,,1,1,2,5,49,25,660,900,1,5
912,,,1,1,2,1,23,13,660,900,1,5
913,,,1,1,2,5,19,19,660,900,1,5
914,,,2,2,2,1,34,68,180,420,1,5
915,,,1,1,2,5,56,27,660,900,1,5
916,,,2,2,2,1,53,39,180,420,1,5
917,,,2,2,2,1,34,24,180,420,1,5
918,,,1,1,2,5,53,45,660,900,1,5
919,,,1,1,2,4,55,97,660,900,1,5
920,,,1,1,2,4,16,35,660,900,2,5
921,,,1,1,2,2,25,84,660,900,3,5
922,,,1,1,2,5,13,60,660,900,3,5
923,,,1,1,2,2,43,94,660,900,3,5
924,,,1,1,2,4,75,52,660,900,1,5
925,,,1,1,2,1,50,33,660,900,1,5
926,,,2,2,2,1,29,79,180,420,1,5
927,,,2,2,2,1,9,84,180,420,5,5
928,,,2,2,2,5,79,67,180,420,5,5
929,,,2,2,2,5,17,25,180,420,1,5
930,,,2,2,2,4,53,83,540,660,10,5
931,,,2,2,2,5,43,36,180,420,1,5
932,,,1,1,2,3,71,77,660,900,1,5
933,,,1,1,2,3,43,70,660,900,4,5
934,,,2,2,2,5,63,24,180,420,1,5
935,,,2,2,2,3,58,51,180,420,1,5
936,,,1,1,2,4,65,65,660,900,1,5
937,,,1,1,2,2,74,48,660,900,1,5
938,,,2,2,2,3,38,90,180,420,5,5
939,,,2,2,2,1,41,68,180,420,1,5
940,,,1,1,2,1,40,13,660,900,1,5
941,,,1,1,2,3,14,57,660,900,2,5
942,,,1,1,2,1,62,37,660,900,3,5
943,,,2,2,2,2,64,24,180,420,2,5
944,,,1,1,2,3,57,43,660,900,1,5
945,,,2,2,2,5,22,41,180,420,1,5
946,,,2,2,2,5,54,66,180,420,2,5
947,,,1,1,2,4,51,34,660,900,1,5
948,,,2,2,2,1,28,6,180,420,1,5
949,,,2,2,2,5,42,50,180,420,1,5
950,,,2,2,2,4,72,65,180,420,1,5
951,,,2,2,2,2,10,66,180,420,1,5
952,,,1,1,2,2,78,34,660,900,1,5
953,,,1,1,2,2,41,87,660,900,1,5
954,,,1,1,2,5,4,86,660,900,1,5
955,,,2,2,2,4,47,85,180,420,1,5
956,,,1,1,2,5,32,23,660,900,1,5
957,,,1,1,2,3,41,61,660,900,1,5
958,,,1,1,2,3,44,31,660,900,1,5
959,,,1,1,2,2,36,13,660,900,3,5
960,,,1,1,2,1,3,23,660,900,5,5
961,,,1,1,2,1,20,85,660,900,1,5
962,,,2,2,2,3,52,57,180,420,2,5
963,,,2,2,2,3,56,40,180,420,1,5
964,,,2,2,2,1,49,67,180,420,1,5
965,,,2,2,2,4,43,52,180,420,1,5
966,,,2,2,2,1,58,6,180,420,2,5
967,,,1,1,2,1,48,24,660,900,1,5
968,,,1,1,2,4,41,70,660,900,1,5
969,,,1,1,2,1,29,72,660,900,1,5
970,,,2,2,2,3,12,89,180,420,1,5
971,,,1,1,2,4,73,41,660,900,2,5
972,,,1,1,2,4,15,29,660,900,2,5
973,,,1,1,2,4,71,38,660,900,3,5
974,,,2,2,2,4,29,74,180,420,1,5
975,,,2,2,2,4,28,73,180,420,1,5
976,,,2,2,2,5,27,39,180,420,1,5
977,,,2,2,2,1,49,22,180,420,1,5
978,,,2,2,2,4,74,58,180,420,3,5
979,,,2,2,2,1,0,80,180,420,1,5
980,,,2,2,2,1,14,56,180,420,1,5
981,,,2,2,2,1,47,53,180,420,1,5
982,,,2,2,2,5,27,48,180,420,1,5
983,,,2,2,2,1,12,62,180,420,1,5
984,,,2,2,2,4,55,42,180,420,1,5
985,,,2,2,2,4,23,70,180,420,1,5
986,,,2,2,2,1,45,42,180,420,3,5
987,,,2,2,2,4,23,80,180,420,3,5
988,,,2,2,2,5,31,49,180,420,1,5
989,,,2,2,2,4,46,76,180,420,1,5
990,,,2,2,2,1,27,25,180,420,1,5
991,,,2,2,2,4,68,41,180,420,1,5
992,,,2,2,2,4,29,79,180,420,1,5
993,,,2,2,2,2,86,64,180,420,1,5
994,,,1,1,2,4,48,42,660,900,5,5
995,,,1,1,2,4,46,50,660,900,5,5
996,,,2,2,2,4,70,66,180,420,3,5
997,,,2,2,2,5,55,35,180,420,2,5
998,,,1,1,2,1,48,61,660,900,1,5
999,,,1,1,2,1,56,37,660,900,5,5
1000,,,1,1,2,3,34,68,660,900,2,5
1001,,,1,1,2,1,30,63,660,900,1,5
1002,,,1,1,2,2,33,81,660,900,1,5
1003,,,1,1,2,4,36,59,660,900,1,5
1004,,,2,2,2,3,69,79,180,420,1,5
1005,,,2,2,2,4,38,73,180,420,1,5
1006,,,1,1,2,3,43,54,660,900,1,5
1007,,,2,2,2,2,19,72,180,420,1,5
1008,,,2,2,2,4,46,85,180,420,1,5
1009,,,1,1,2,5,59,40,660,900,5,5
1010,,,2,2,2,5,35,23,180,420,3,5
1011,,,1,1,2,4,69,55,660,900,1,5
1012,,,2,2,2,3,71,50,180,420,1,5
1013,,,1,1,2,4,29,52,660,900,1,5
1014,,,1,1,2,5,18,23,660,900,1,5
1015,,,1,1,2,4,40,34,660,900,1,5
1016,,,1,1,2,4,73,42,660,900,1,5
1017,,,1,1,2,1,27,86,660,900,1,5
1018,,,2,2,2,4,52,82,180,420,1,5
1019,,,1,1,2,4,45,84,660,900,1,5
1020,,,2,2,2,5,34,53,180,420,1,5
1021,,,2,2,2,4,41,68,180,420,1,5
1022,,,2,2,2,3,49,72,180,420,5,5
1023,,,2,2,2,5,15,59,180,420,5,5
1024,,,1,1,2,1,12,75,660,900,1,5
1025,,,1,1,2,2,57,55,660,900,1,5
1026,,,1,1,2,2,96,41,660,900,1,5
1027,,,1,1,2,3,18,97,660,900,5,5
1028,,,1,1,2,2,69,11,660,900,1,5
1029,,,1,1,2,5,36,28,660,900,5,5
1030,,,1,1,2,5,55,30,660,900,5,5
1031,,,1,1,2,5,65,32,660,900,1,5
1032,,,1,1,2,1,42,44,660,900,1,5
1033,,,1,1,2,3,69,78,660,900,1,5
1034,,,1,1,2,4,32,68,660,900,1,5
1035,,,1,1,2,5,75,76,660,900,1,5
1036,,,2,2,2,3,9,54,180,420,4,5
1037,,,1,1,2,1,50,17,660,900,1,5
1038,,,2,2,2,5,44,48,180,420,1,5
1039,,,2,2,2,3,35,61,180,420,1,5
1040,,,1,1,2,5,38,60,660,900,1,5
1041,,,1,1,2,4,19,43,660,900,1,5
1042,,,2,2,2,4,37,91,180,420,1,5
1043,,,2,2,2,4,17,43,180,420,5,5
1044,,,2,2,2,2,51,67,180,420,1,5
1045,,,1,1,2,4,8,68,660,900,1,5
1046,,,1,1,2,3,50,43,660,900,1,5
1047,,,2,2,2,4,77,66,180,420,1,5
1048,,,2,2,2,4,70,47,180,420,1,5
1049,,,2,2,2,4,66,39,180,420,1,5
1050,,,2,2,2,2,75,17,180,420,1,5
1051,,,1,1,2,2,43,92,660,900,3,5
1052,,,1,1,2,3,21,91,660,900,1,5
1053,,,2,2,2,3,70,67,180,420,4,5
1054,,,1,1,2,2,36,14,660,900,2,5
1055,,,2,2,2,5,32,21,180,420,1,5
1056,,,1,1,2,5,56,17,660,900,1,5
1057,,,1,1,2,4,69,47,660,900,3,5
1058,,,2,2,2,3,73,77,180,420,5,5
1059,,,1,1,2,4,69,46,660,900,1,5
1060,,,2,2,2,5,23,68,180,420,1,5
1061,,,1,1,2,3,57,51,660,900,2,5
1062,,,1,1,2,4,59,87,660,900,4,5
1063,,,2,2,2,1,33,49,180,420,1,5
1064,,,2,2,2,1,15,27,180,420,1,5
1065,,,2,2,2,3,25,89,180,420,2,5
1066,,,1,1,2,5,57,47,660,900,3,5
1067,,,2,2,2,3,62,44,180,420,1,5
1068,,,2,2,2,4,15,36,180,420,1,5
1069,,,1,1,2,3,56,51,660,900,2,5
1070,,,1,1,2,4,27,81,660,900,1,5
1071,,,1,1,2,4,26,76,660,900,5,5
1072,,,1,1,2,3,28,50,660,900,5,5
1073,,,2,2,2,3,32,38,180,420,1,5
1074,,,2,2,2,1,46,45,180,420,1,5
1075,,,1,1,2,4,20,72,660,900,2,5
1076,,,1,1,2,2,27,84,660,900,1,5
1077,,,1,1,2,3,40,89,660,900,1,5
1078,,,1,1,2,4,20,75,660,900,1,5
1079,,,2,2,2,4,55,56,180,420,1,5
1080,,,1,1,2,2,85,37,660,900,1,5
1081,,,1,1,2,1,15,15,660,900,1,5
1082,,,2,2,2,3,47,54,180,420,1,5
1083,,,2,2,2,4,56,95,180,420,5,5
1084,,,1,1,2,2,52,5,660,900,1,5
1085,,,2,2,2,3,41,47,180,420,2,5
1086,,,1,1,2,4,54,91,660,900,1,5
1087,,,1,1,2,4,28,34,660,900,1,5
1088,,,1,1,2,2,81,42,660,900,1,5
1089,,,1,1,2,2,77,53,660,900,1,5
1090,,,1,1,2,4,19,44,660,900,1,5
1091,,,1,1,2,4,17,34,660,900,1,5
1092,,,1,1,2,4,14,37,660,900,1,5
1093,,,1,1,2,2,5,68,660,900,1,5
1094,,,1,1,2,2,72,85,660,900,1,5
1095,,,1,1,2,1,53,47,660,900,3,5
1096,,,2,2,2,3,15,89,180,420,2,5
1097,,,1,1,2,4,41,39,660,900,1,5
1098,,,1,1,2,2,16,24,660,900,1,5
1099,,,1,1,2,3,21,27,660,900,1,5
1100,,,1,1,2,1,37,12,660,900,1,5
1101,,,1,1,2,1,17,12,660,900,1,5
1102,,,2,2,2,3,80,85,180,420,1,5
1103,,,2,2,2,4,18,53,180,420,1,5
1104,,,1,1,2,1,36,50,660,900,1,5
1105,,,1,1,2,5,65,30,660,900,1,5
1106,,,2,2,2,1,9,11,180,420,1,5
1107,,,2,2,2,4,29,34,180,420,3,5
1108,,,2,2,2,1,49,59,180,420,1,5
1109,,,2,2,2,5,22,19,180,420,1,5
1110,,,2,2,2,3,35,47,180,420,2,5
1111,,,1,1,2,4,76,68,660,900,1,5
1112,,,1,1,2,5,26,78,660,900,5,5
1113,,,1,1,2,2,23,76,660,900,1,5
1114,,,2,2,2,1,9,63,180,420,1,5
1115,,,1,1,2,1,18,90,660,900,2,5
1116,,,1,1,2,3,22,91,660,900,1,5
1117,,,1,1,2,1,14,42,660,900,1,5
1118,,,1,1,2,3,59,42,660,900,1,5
1119,,,1,1,2,4,20,30,660,900,1,5
1120,,,2,2,2,3,47,98,180,420,3,5
1121,,,2,2,2,4,7,68,180,420,1,5
1122,,,1,1,2,3,74,83,660,900,1,5
1123,,,1,1,2,3,33,45,660,900,1,5
1124,,,2,2,2,3,30,89,180,420,1,5
1125,,,1,1,2,3,56,39,660,900,1,5
1126,,,1,1,2,2,13,60,660,900,1,5
1127,,,1,1,2,1,15,15,660,900,1,5
1128,,,1,1,2,1,30,55,660,900,1,5
1129,,,2,2,2,1,29,10,180,420,1,5
1130,,,1,1,2,5,22,45,660,900,1,5
1131,,,1,1,2,1,28,74,660,900,1,5
1132,,,1,1,2,4,40,98,660,900,1,5
1133,,,2,2,2,3,85,61,180,420,1,5
1134,,,1,1,2,2,63,39,660,900,1,5
1135,,,2,2,2,4,22,53,180,420,1,5
1136,,,1,1,2,4,19,69,660,900,2,5
1137,,,1,1,2,5,33,23,660,900,2,5
1138,,,1,1,2,2,91,39,660,900,1,5
1139,,,2,2,2,5,34,21,180,420,1,5
1140,,,2,2,2,3,38,67,180,420,2,5
1141,,,1,1,2,5,41,51,660,900,1,5
1142,,,1,1,2,3,25,52,660,900,1,5
1143,,,1,1,2,4,63,41,660,900,2,5
1144,,,2,2,2,3,80,63,180,420,2,5
1145,,,2,2,2,4,52,93,180,420,3,5
1146,,,2,2,2,2,42,83,180,420,1,5
1147,,,2,2,2,2,79,18,180,420,1,5
1148,,,1,1,2,4,56,94,660,900,1,5
1149,,,2,2,2,2,91,30,180,420,1,5
1150,,,1,1,2,4,27,61,660,900,1,5
1151,,,2,2,2,3,64,60,180,420,4,5
1152,,,1,1,2,2,82,62,660,900,1,5
1153,,,1,1,2,2,42,58,660,900,6,5
1154,,,1,1,2,2,34,12,660,900,5,5
1155,,,2,2,2,1,7,13,180,420,3,5
1156,,,2,2,2,3,84,64,180,420,5,5
1157,,,2,2,2,5,21,81,180,420,3,5
1158,,,1,1,2,1,21,25,660,900,4,5
1159,,,2,2,2,2,31,98,180,420,4,5
1160,,,2,2,2,2,59,20,180,420,5,5
1161,,,1,1,2,4,70,60,660,900,3,5
1162,,,1,1,2,3,51,86,660,900,1,5
1163,,,2,2,2,3,45,82,180,420,1,5
1164,,,1,1,2,4,18,33,660,900,5,5
1165,,,2,2,2,3,52,74,180,420,6,5
1166,,,1,1,2,4,55,82,660,900,5,5
1167,,,2,2,2,3,73,65,180,420,1,5
1168,,,1,1,2,1,44,74,660,900,1,5
1169,,,1,1,2,3,58,53,660,900,3,5
1170,,,2,2,2,1,50,67,180,420,3,5
1171,,,2,2,2,5,50,50,180,420,6,5
1172,,,2,2,2,2,34,26,180,420,5,5
1173,,,1,1,2,1,53,50,660,900,1,5
1174,,,2,2,2,2,15,91,180,420,6,5
1175,,,2,2,2,1,43,43,180,420,1,5
1176,,,2,2,2,2,27,47,180,420,5,5
1177,,,2,2,2,4,60,89,180,420,3,5
1178,,,1,1,2,4,33,76,660,900,2,5
1179,,,1,1,2,3,87,82,660,900,5,5
1180,,,2,2,2,3,34,51,180,420,4,5
1181,,,2,2,2,4,55,46,180,420,1,5
1182,,,2,2,2,5,36,51,180,420,4,5
1183,,,2,2,2,1,51,37,180,420,2,5
1184,,,1,1,2,1,31,30,660,900,2,5
1185,,,2,2,2,3,41,89,180,420,4,5
1186,,,2,2,2,3,55,41,180,420,6,5
1187,,,1,1,2,4,62,51,660,900,1,5
1188,,,2,2,2,3,63,71,180,420,3,5
1189,,,2,2,2,2,80,42,180,420,3,5
1190,,,1,1,2,4,71,54,660,900,5,5
1191,,,2,2,2,4,13,74,180,420,1,5
1192,,,1,1,2,1,35,62,660,900,3,5
1193,,,1,1,2,5,54,40,660,900,2,5
1194,,,2,2,2,3,34,75,180,420,4,5
1195,,,2,2,2,3,57,94,180,420,5,5
1196,,,2,2,2,5,59,48,180,420,1,5
1197,,,1,1,2,4,16,35,660,900,5,5
1198,,,2,2,2,5,57,52,180,420,3,5
1199,,,2,2,2,5,43,44,180,420,6,5
1200,,,2,2,2,4,48,69,180,420,1,5
1201,,,2,2,2,3,51,97,180,420,5,5
1202,,,1,1,2,3,55,68,660,900,6,5
1203,,,2,2,2,5,40,51,180,420,5,5
1204,,,1,1,2,1,3,75,660,900,1,5
1205,,,1,1,2,3,39,40,660,900,1,5
1206,,,1,1,2,3,36,46,660,900,4,5
1207,,,1,1,2,1,31,48,660,900,3,5
1208,,,2,2,2,3,81,55,180,420,3,5
1209,,,2,2,2,3,69,78,180,420,4,5
1210,,,2,2,2,3,45,62,180,420,6,5
1211,,,2,2,2,1,14,41,180,420,1,5
1212,,,2,2,2,2,56,67,180,420,2,5
1213,,,1,1,2,1,57,14,660,900,5,5
1214,,,2,2,2,5,28,90,180,420,5,5
1215,,,2,2,2,3,59,54,180,420,3,5
1216,,,2,2,2,5,36,27,180,420,1,5
1217,,,1,1,2,1,47,24,660,900,1,5
1218,,,1,1,2,4,27,15,660,900,1,5
1219,,,2,2,2,4,73,41,180,420,5,5
1220,,,2,2,2,2,42,94,180,420,5,5
1221,,,1,1,2,5,34,37,660,900,4,5
1222,,,2,2,2,3,67,78,180,420,5,5
1223,,,2,2,2,2,72,12,180,420,4,5
1224,,,1,1,2,5,25,33,660,900,6,5
1225,,,2,2,2,2,92,48,180,420,5,5
1226,,,2,2,2,1,42,60,180,420,2,5
1227,,,2,2,2,1,45,38,180,420,6,5
1228,,,2,2,2,5,79,68,180,420,1,5
1229,,,2,2,2,1,22,32,180,420,1,5
1230,,,2,2,2,1,34,16,180,420,5,5
1231,,,2,2,2,2,50,69,180,420,5,5
1232,,,2,2,2,3,70,80,180,420,5,5
1233,,,2,2,2,3,18,98,180,420,5,5
1234,,,2,2,2,4,100,76,180,420,4,5
1235,,0,1,1,2,5,83,69,180,420,1,5
1236,,0,1,1,2,1,33,76,180,420,1,5
1237,,0,1,1,2,3,63,50,180,420,1,5
1238,,0,1,1,2,1,10,24,180,420,1,5
1239,,0,1,1,2,3,65,87,180,420,1,5
1240,,0,1,1,2,3,36,27,180,420,1,5
1241,,0,1,1,2,2,34,13,180,420,1,5
1242,,0,1,1,2,2,25,37,180,420,1,5
1243,,0,1,1,2,2,49,56,180,420,1,5
1244,,0,1,1,2,1,25,17,180,420,1,5
1245,,0,1,1,2,4,12,64,180,420,2,5
1246,,0,1,1,2,1,15,37,180,420,1,5
1247,,0,1,1,2,1,44,47,180,420,2,5
1248,,0,1,1,2,3,69,71,180,420,3,5
1249,,0,1,1,2,2,82,14,180,420,1,5
1250,,0,1,1,2,1,28,83,180,420,3,5
1251,,0,1,1,2,1,58,45,180,420,1,5
1252,,0,1,1,2,3,34,86,180,420,6,5
1253,,0,1,1,2,1,49,45,180,420,10,5
1254,,0,1,1,2,1,23,34,180,420,10,5
1255,,0,1,1,2,1,13,80,180,420,6,5
1256,,0,1,1,2,4,27,36,180,420,10,5
1257,,0,1,1,2,3,37,51,180,420,3,5
1258,,0,1,1,2,1,6,33,180,420,5,5
1259,,0,1,1,2,1,31,26,180,420,6,5
1260,,0,1,1,2,5,34,23,180,420,6,5
1261,,0,1,1,2,1,5,9,540,660,10,5
1262,,0,1,1,2,4,38,60,180,420,2,5
1263,,0,1,1,2,4,87,64,180,420,4,5
1264,,0,1,1,2,1,49,47,180,420,3,5
1265,,0,1,1,2,3,16,98,180,420,2,5
1266,,0,1,1,2,3,52,68,180,420,4,5
1267,,0,1,1,2,2,91,36,180,420,2,5
1268,,0,1,1,2,3,60,51,180,420,4,5
1269,,0,1,1,2,4,35,87,180,420,5,5
1270,,0,1,1,2,3,48,44,180,420,5,5
1271,,0,1,1,2,4,45,83,180,420,5,5
1272,,0,1,1,2,5,22,64,180,420,5,5
1273,,0,1,1,2,5,33,22,180,420,5,5
1274,,0,1,1,2,1,8,20,180,420,5,5
1275,,0,1,1,2,1,33,48,180,420,4,5
1276,,0,1,1,2,4,76,72,180,420,5,5
1277,,0,1,1,2,4,30,52,180,420,5,5
1278,,0,1,1,2,1,64,30,180,420,3,5
1279,,0,1,1,2,1,38,45,180,420,6,5
1280,,0,1,1,2,1,6,93,180,420,6,5
1281,,0,1,1,2,1,55,38,180,420,5,5
1282,,0,1,1,2,1,38,34,180,420,2,5
1283,,0,1,1,2,5,52,39,180,420,3,5
1284,,0,1,1,2,1,37,82,180,420,2,5
1285,,0,1,1,2,1,34,27,180,420,6,5
1286,,0,1,1,2,1,7,9,180,420,6,5
1287,,0,1,1,2,1,26,38,180,420,5,5
1288,,0,1,1,2,1,13,20,180,420,2,5
1289,,0,1,1,2,4,15,42,180,420,1,5
1290,,0,1,1,2,2,86,33,180,420,1,5
1291,,0,1,1,2,5,81,32,180,420,2,5
1292,,0,1,1,2,3,19,59,180,420,1,5
1293,,0,1,1,2,1,6,94,180,420,1,5
1294,,0,1,1,2,2,58,41,180,420,2,5
1295,,0,1,1,2,5,54,36,180,420,3,5
1296,,0,1,1,2,2,44,61,180,420,1,5
1297,,0,1,1,2,1,15,58,180,420,1,5
1298,,0,1,1,2,5,18,61,180,420,1,5
1299,,0,1,1,2,2,73,61,180,420,5,5
1300,,0,1,1,2,1,37,15,180,420,3,5
1301,,0,1,1,2,2,66,56,180,420,1,5
1302,,0,1,1,2,5,46,53,180,420,2,5
1303,,0,1,1,2,1,26,36,180,420,1,5
1304,,0,1,1,2,1,27,64,180,420,1,5
1305,,0,1,1,2,1,47,62,180,420,4,5
1306,,0,1,1,2,2,6,59,180,420,5,5
1307,,0,1,1,2,1,24,80,180,420,1,5
1308,,0,1,1,2,5,39,43,180,420,1,5
1309,,0,1,1,2,5,56,45,300,420,1,5
1310,,0,1,1,2,1,27,80,300,420,1,5
1311,,0,1,1,2,2,27,24,300,420,1,5
1312,,0,1,1,2,2,69,50,300,420,1,5
1313,,0,1,1,2,5,3,86,300,420,1,5
1314,,0,1,1,2,1,36,43,300,420,1,5
1315,,0,1,1,2,1,15,92,300,420,1,5
1316,,0,1,1,2,1,5,20,300,420,1,5
1317,,0,1,1,2,5,21,79,300,420,1,5
1318,,0,1,1,2,2,79,56,300,420,1,5
1319,,0,1,1,2,5,79,59,300,420,1,5
1320,,0,1,1,2,5,34,20,300,420,1,5
1321,,0,1,1,2,1,49,51,300,420,1,5
1322,,0,1,1,2,5,21,43,300,420,1,5
1323,,0,1,1,2,5,31,77,300,420,1,5
1324,,0,1,1,2,5,22,52,300,420,1,5
1325,,0,1,1,2,2,7,84,300,420,1,5
1326,,0,1,1,2,1,26,43,300,420,1,5
1327,,0,1,1,2,1,42,51,300,420,1,5
1328,,0,1,1,2,1,26,86,300,420,1,5
1329,,0,1,1,2,5,32,22,300,420,1,5
1330,,0,1,1,2,5,57,24,300,420,1,5
1331,,0,1,1,2,5,48,49,300,420,1,5
1332,,0,1,1,2,1,5,85,300,420,1,5
1333,,0,1,1,2,1,44,44,300,420,1,5
1334,,0,1,1,2,1,5,12,300,420,1,5
1335,,0,1,1,2,2,44,76,300,420,1,5
1336,,0,1,1,2,1,52,56,300,420,1,5
1337,,0,1,1,2,1,0,80,300,420,1,5
1338,,0,1,1,2,1,31,62,300,420,1,5
1339,,0,1,1,2,1,43,68,300,420,1,5
1340,,0,1,1,2,1,41,50,300,420,1,5
1341,,0,1,1,2,1,49,18,300,420,1,5
1342,,0,1,1,2,5,33,43,300,420,1,5
1343,,0,1,1,2,1,8,57,300,420,1,5
1344,,0,1,1,2,5,6,81,300,420,1,5
1345,,0,1,1,2,1,26,13,300,420,1,5
1346,,0,1,1,2,1,54,44,300,420,1,5
1347,,0,1,1,2,1,-1,92,300,420,1,5
1348,,0,1,1,2,1,30,30,300,420,1,5
1349,,0,1,1,2,1,12,64,300,420,1,5
1350,,0,1,1,2,1,36,46,300,420,1,5
1351,,0,1,1,2,1,7,57,300,420,1,5
1352,,0,1,1,2,1,39,17,300,420,1,5
1353,,0,1,1,2,1,35,44,300,420,1,5
1354,,0,1,1,2,1,14,40,300,420,1,5
1355,,0,1,1,2,1,35,84,300,420,1,5
1356,,0,1,1,2,5,5,79,300,420,1,5
1357,,0,1,1,2,5,59,49,300,420,1,5
1358,,0,1,1,2,5,42,39,300,420,1,5
1359,,0,1,1,2,5,27,81,300,420,1,5
1360,,0,1,1,2,1,46,30,300,420,1,5
1361,,0,1,1,2,1,27,61,300,420,1,5
1362,,0,1,1,2,1,10,40,300,420,1,5
1363,,0,1,1,2,1,52,34,300,420,1,5
1364,,0,1,1,2,1,50,60,300,420,1,5
1365,,0,1,1,2,2,86,31,300,420,1,5
1366,,0,1,1,2,5,77,62,300,420,1,5
1367,,0,1,1,2,5,30,40,300,420,1,5
1368,,0,1,1,2,2,82,67,300,420,1,5
1369,,0,1,1,2,2,63,22,300,420,1,5
1370,,0,1,1,2,1,18,56,300,420,1,5
1371,,0,1,1,2,5,81,82,300,420,1,5
1372,,0,1,1,2,1,32,10,300,420,1,5
1373,,0,1,1,2,1,38,22,300,420,1,5
1374,,0,1,1,2,1,48,53,300,420,1,5
1375,,0,1,1,2,2,83,35,300,420,1,5
1376,,0,1,1,2,1,6,94,300,420,1,5
1377,,0,1,1,2,1,52,18,300,420,1,5
1378,,0,1,1,2,1,48,60,300,420,1,5
1379,,0,1,1,2,5,73,63,300,420,1,5
1380,,0,1,1,2,1,53,40,300,420,1,5
1381,,0,1,1,2,1,56,37,300,420,1,5
1382,,0,1,1,2,5,79,71,300,420,1,5
1383,,0,1,1,2,5,58,27,300,420,1,5
1384,,0,1,1,2,5,33,36,300,420,1,5
1385,,0,1,1,2,1,18,92,300,420,1,5
1386,,0,1,1,2,5,18,74,300,420,1,5
1387,,0,1,1,2,1,4,85,300,420,1,5
1388,,0,1,1,2,1,8,84,300,420,1,5
1389,,0,1,1,2,5,65,28,300,420,1,5
1390,,0,1,1,2,5,33,22,300,420,1,5
1391,,0,1,1,2,5,55,52,300,420,1,5
1392,,0,1,1,2,5,21,67,300,420,1,5
1393,,0,1,1,2,1,63,22,300,420,1,5
1394,,0,1,1,2,1,25,26,300,420,1,5
1395,,0,1,1,2,5,31,61,300,420,1,5
1396,,0,1,1,2,1,101,28,300,420,1,5
1397,,0,1,1,2,1,54,21,300,420,1,5
1398,,0,1,1,2,1,10,52,300,420,1,5
1399,,0,1,1,2,5,33,21,300,420,1,5
1400,,0,1,1,2,5,41,49,300,420,1,5
1401,,0,1,1,2,5,69,58,300,420,1,5
1402,,0,1,1,2,1,54,65,300,420,1,5
1403,,0,1,1,2,1,18,84,300,420,1,5
1404,,0,1,1,2,1,26,28,300,420,1,5
1405,,0,1,1,2,5,24,81,300,420,1,5
1406,,0,1,1,2,1,35,81,300,420,1,5
1407,,0,1,1,2,1,4,30,300,420,1,5
1408,,0,1,1,2,1,15,78,300,420,1,5
1409,,0,1,1,2,1,6,93,300,420,1,5
1410,,0,1,1,2,5,53,28,300,420,1,5
1411,,0,1,1,2,1,45,68,300,420,1,5
1412,,0,1,1,2,1,47,47,300,420,1,5
1413,,0,1,1,2,2,81,20,300,420,1,5
1414,,0,1,1,2,5,19,53,300,420,1,5
1415,,0,1,1,2,1,65,30,300,420,1,5
1416,,0,1,1,2,5,34,21,300,420,1,5
1417,,0,1,1,2,1,27,10,300,420,1,5
1418,,0,1,1,2,5,11,56,300,420,1,5
1419,,0,1,1,2,5,44,45,300,420,1,5
1420,,0,1,1,2,2,61,57,300,420,1,5
1421,,0,1,1,2,5,21,30,300,420,1,5
1422,,0,1,1,2,1,46,25,300,420,1,5
1423,,0,1,1,2,5,80,72,300,420,1,5
1424,,0,1,1,2,1,10,24,300,420,1,5
1425,,0,1,1,2,5,79,58,300,420,1,5
1426,,0,1,1,2,1,46,61,300,420,1,5
1427,,0,1,1,2,1,20,17,300,420,1,5
1428,,0,1,1,2,1,56,19,300,420,1,5
1429,,0,1,1,2,2,88,17,300,420,1,5
1430,,0,1,1,2,5,42,45,300,420,1,5
1431,,0,1,1,2,1,53,51,300,420,1,5
1432,,0,1,1,2,1,4,79,300,420,1,5
1433,,0,1,1,2,5,72,35,300,420,1,5
1434,,0,1,1,2,1,20,80,300,420,1,5
1435,,0,1,1,2,5,37,22,300,420,1,5
1436,,0,1,1,2,5,58,50,300,420,1,5
1437,,0,1,1,2,1,37,60,300,420,1,5
1438,,0,1,1,2,1,25,32,300,420,1,5
1439,,0,1,1,2,1,7,85,300,420,1,5
1440,,0,1,1,2,5,76,78,300,420,1,5
1441,,0,1,1,2,1,29,80,300,420,1,5
1442,,0,1,1,2,1,55,38,300,420,1,5
1443,,0,1,1,2,2,37,53,300,420,1,5
1444,,0,1,1,2,5,81,68,300,420,1,5
1445,,0,1,1,2,5,65,72,300,420,1,5
1446,,0,1,1,2,5,29,43,300,420,1,5
1447,,0,1,1,2,1,13,63,300,420,1,5
1448,,0,1,1,2,2,18,83,300,420,1,5
1449,,0,1,1,2,5,40,48,300,420,1,5
1450,,0,1,1,2,5,3,87,300,420,1,5
1451,,0,1,1,2,1,11,58,300,420,1,5
1452,,0,1,1,2,1,22,45,300,420,1,5
1453,,0,1,1,2,1,27,23,300,420,1,5
1454,,0,1,1,2,5,58,54,300,420,1,5
1455,,0,1,1,2,1,38,26,300,420,1,5
1456,,0,1,1,2,1,60,36,300,420,1,5
1457,,0,1,1,2,5,41,50,300,420,1,5
1458,,0,1,1,2,2,9,84,300,420,1,5
1459,,0,1,1,2,1,33,15,300,420,1,5
1460,,0,1,1,2,1,53,57,300,420,1,5
1461,,0,1,1,2,1,49,19,300,420,1,5
1462,,0,1,1,2,1,60,37,300,420,1,5
1463,,0,1,1,2,1,46,43,300,420,1,5
1464,,0,1,1,2,2,45,61,300,420,1,5
1465,,0,1,1,2,1,2,76,300,420,1,5
1466,,0,1,1,2,1,12,41,300,420,1,5
1467,,0,1,1,2,1,37,37,300,420,1,5
1468,,0,1,1,2,1,46,23,300,420,1,5
1469,,0,1,1,2,1,48,71,300,420,1,5
1470,,0,1,1,2,1,45,65,300,420,1,5
1471,,0,1,1,2,5,52,54,300,420,1,5
1472,,0,1,1,2,5,56,15,300,420,1,5
1473,,0,1,1,2,5,44,36,300,420,1,5
1474,,0,1,1,2,5,32,21,300,420,1,5
1475,,0,1,1,2,1,38,27,300,420,1,5
1476,,0,1,1,2,5,1,78,300,420,1,5
1477,,0,1,1,2,5,42,52,300,420,1,5
1478,,0,1,1,2,5,76,67,300,420,1,5
1479,,0,1,1,2,5,20,72,300,420,1,5
1480,,0,1,1,2,5,56,48,300,420,1,5
1481,,0,1,1,2,2,52,70,300,420,1,5
1482,,0,1,1,2,5,96,33,300,420,1,5
1483,,0,1,1,2,1,64,31,300,420,1,5
1484,,0,1,1,2,5,34,21,300,420,1,5
1485,,0,1,1,2,1,51,54,300,420,1,5
1486,,0,1,1,2,5,83,89,300,420,1,5
1487,,0,1,1,2,1,6,56,300,420,1,5
1488,,0,1,1,2,1,28,36,300,420,1,5
1489,,0,1,1,2,1,50,15,300,420,1,5
1490,,0,1,1,2,5,43,30,300,420,1,5
1491,,0,1,1,2,5,55,47,300,420,1,5
1492,,0,1,1,2,5,83,53,300,420,1,5
1493,,0,1,1,2,2,2,85,300,420,1,5
1494,,0,1,1,2,5,29,79,300,420,1,5
1495,,0,1,1,2,5,40,16,300,420,1,5
1496,,0,1,1,2,5,77,66,300,420,1,5
1497,,0,1,1,2,5,34,21,300,420,1,5
1498,,0,1,1,2,5,56,20,300,420,1,5
1499,,0,1,1,2,2,50,69,300,420,1,5
1500,,0,1,1,2,1,47,19,300,420,1,5
1501,,0,1,1,2,1,14,89,300,420,1,5
1502,,0,1,1,2,1,39,16,300,420,1,5
1503,,0,1,1,2,1,60,15,300,420,1,5
1504,,0,1,1,2,5,34,23,300,420,1,5
1505,,0,1,1,2,5,34,22,300,420,1,5
1506,,0,1,1,2,5,27,33,300,420,1,5
1507,,0,1,1,2,5,34,22,300,420,1,5
1508,,0,1,1,2,5,82,25,300,420,1,5
1509,,0,1,1,2,5,81,46,300,420,1,5
1510,,0,1,1,2,5,39,13,300,420,1,5
1511,,0,1,1,2,1,19,80,300,420,1,5
1512,,0,1,1,2,1,36,46,300,420,1,5
1513,,0,1,1,2,5,59,60,300,420,1,5
1514,,0,1,1,2,5,38,23,300,420,1,5
1515,,0,1,1,2,1,38,16,300,420,1,5
1516,,0,1,1,2,5,21,32,300,420,1,5
1517,,0,1,1,2,5,52,54,300,420,1,5
1518,,0,1,1,2,1,12,39,300,420,1,5
1519,,0,1,1,2,5,57,43,300,420,1,5
1520,,0,1,1,2,2,86,33,300,420,1,5
1521,,0,1,1,2,5,20,69,300,420,1,5
1522,,0,1,1,2,5,40,50,300,420,1,5
1523,,0,1,1,2,1,15,74,300,420,1,5
1524,,0,1,1,2,5,78,62,300,420,1,5
1525,,0,1,1,2,5,59,19,300,420,1,5
1526,,0,1,1,2,5,78,62,300,420,1,5
1527,,0,1,1,2,1,49,35,300,420,1,5
1528,,0,1,1,2,1,3,84,300,420,1,5
1529,,0,1,1,2,5,42,50,300,420,1,5
1530,,0,1,1,2,5,54,9,300,420,1,5
1531,,0,1,1,2,1,28,44,300,420,1,5
1532,,0,1,1,2,5,33,23,300,420,1,5
1533,,0,1,1,2,5,44,57,300,420,1,5
1534,,0,1,1,2,1,35,73,300,420,1,5
1535,,0,1,1,2,5,28,64,300,420,1,5
1536,,0,1,1,2,5,57,44,300,420,1,5
1537,,0,1,1,2,5,33,20,300,420,1,5
1538,,0,1,1,2,1,33,67,300,420,1,5
1539,,0,1,1,2,5,41,49,300,420,1,5
1540,,0,1,1,2,5,33,23,300,420,1,5
1541,,0,1,1,2,1,36,39,300,420,1,5
1542,,0,1,1,2,2,87,33,300,420,1,5
1543,,0,1,1,2,3,71,77,180,420,1,5
1544,,0,1,1,2,5,74,66,180,420,4,5
1545,,0,1,1,2,2,90,37,180,420,4,5
1546,,0,1,1,2,2,8,36,180,420,4,5
1547,,0,1,1,2,4,49,99,180,420,4,5
1548,,0,1,1,2,1,8,30,180,420,4,5
1549,,0,1,1,2,2,9,36,180,420,4,5
1550,,0,1,1,2,5,61,27,180,420,1,5
1551,,0,1,1,2,1,11,81,180,420,4,5
1552,,0,1,1,2,5,52,36,180,420,1,5
1553,,0,1,1,2,1,3,72,180,420,1,5
1554,,0,1,1,2,2,30,93,180,420,1,5
1555,,0,1,1,2,4,65,46,180,420,1,5
1556,,0,1,1,2,2,45,24,180,420,1,5
1557,,0,1,1,2,2,79,42,180,420,2,5
1558,,0,1,1,2,5,6,77,180,420,1,5
1559,,0,1,1,2,4,82,78,180,420,2,5
1560,,0,1,1,2,4,10,68,180,420,1,5
1561,,0,1,1,2,3,35,43,540,660,3,5
1562,,0,1,1,2,3,65,78,540,660,5,5
1563,,0,1,1,2,2,8,85,540,660,1,5
1564,,0,1,1,2,3,70,85,180,420,5,5
1565,,0,1,1,2,1,35,29,180,420,1,5
1566,,0,1,1,2,4,58,85,180,420,4,5
1567,,0,1,1,2,3,27,32,180,420,1,5
1568,,0,1,1,2,5,72,64,180,420,5,5
1569,,0,1,1,2,5,33,23,180,420,5,5
1570,,0,1,1,2,3,43,96,180,420,1,5
1571,,0,1,1,2,5,56,45,180,420,1,5
1572,,0,1,1,2,5,21,70,180,420,1,5
1573,,0,1,1,2,2,23,72,180,420,1,5
1574,,0,1,1,2,3,18,81,180,420,1,5
1575,,0,1,1,2,1,77,3,180,420,1,5
1576,,0,1,1,2,1,32,75,180,420,1,5
1577,,0,1,1,2,3,73,63,180,420,1,5
1578,,0,1,1,2,3,84,48,180,420,2,5
1579,,0,1,1,2,2,26,59,180,420,1,5
1580,,0,1,1,2,2,44,78,180,420,5,5
1581,,0,1,1,2,1,53,40,180,420,3,5
1582,,0,1,1,2,1,55,36,180,420,1,5
1583,,0,1,1,2,4,73,67,180,420,1,5
1584,,0,1,1,2,2,57,81,180,420,3,5
1585,,0,1,1,2,4,63,40,180,420,1,5
1586,,0,1,1,2,3,41,46,180,420,2,5
1587,,0,1,1,2,3,29,90,180,420,1,5
1588,,0,1,1,2,5,31,22,180,420,1,5
1589,,0,1,1,2,2,23,64,180,420,1,5
1590,,0,1,1,2,2,54,43,180,420,1,5
1591,,0,1,1,2,3,58,40,180,420,1,5
1592,,0,1,1,2,3,71,73,180,420,1,5
1593,,0,1,1,2,1,19,42,180,420,2,5
1594,,0,1,1,2,4,46,85,180,420,1,5
1595,,0,1,1,2,4,10,74,180,420,2,5
1596,,0,1,1,2,4,51,37,180,420,1,5
1597,,0,1,1,2,2,76,63,180,420,2,5
1598,,0,1,1,2,5,25,32,180,420,1,5
1599,,0,1,1,2,1,32,58,180,420,1,5
1600,,0,1,1,2,5,48,48,180,420,2,5
1601,,0,1,1,2,4,49,56,180,420,1,5
1602,,0,1,1,2,5,89,90,180,420,2,5
1603,,0,1,1,2,4,34,59,180,420,1,5
1604,,0,1,1,2,1,62,14,180,420,1,5
1605,,0,1,1,2,5,55,38,180,420,1,5
1606,,0,1,1,2,1,39,12,180,420,1,5
1607,,0,1,1,2,2,60,32,180,420,1,5
1608,,0,1,1,2,4,37,69,180,420,1,5
1609,,0,1,1,2,2,62,24,180,420,1,5
1610,,0,1,1,2,5,80,80,180,420,1,5
1611,,0,1,1,2,1,8,82,180,420,5,5
1612,,0,1,1,2,4,22,59,180,420,1,5
1613,,0,1,1,2,2,31,71,180,420,1,5
1614,,0,1,1,2,2,20,41,180,420,1,5
1615,,0,1,1,2,5,24,78,180,420,1,5
1616,,0,1,1,2,2,72,76,180,420,1,5
1617,,0,1,1,2,1,16,63,180,420,1,5
1618,,0,1,1,2,3,80,66,180,420,4,5
1619,,0,1,1,2,4,53,94,180,420,3,5
1620,,0,1,1,2,2,29,60,180,420,1,5
1621,,0,1,1,2,5,43,34,180,420,1,5
1622,,0,1,1,2,5,18,81,180,420,1,5
1623,,0,1,1,2,4,10,40,180,420,3,5
1624,,0,1,1,2,3,73,83,180,420,2,5
1625,,0,1,1,2,2,90,68,180,420,1,5
1626,,0,1,1,2,3,47,90,180,420,2,5
1627,,0,1,1,2,3,33,89,180,420,1,5
1628,,0,1,1,2,1,51,53,180,420,1,5
1629,,0,1,1,2,5,84,24,180,420,1,5
1630,,0,1,1,2,3,15,76,180,420,3,5
1631,,0,1,1,2,5,64,51,180,420,1,5
1632,,0,1,1,2,1,30,66,180,420,1,5
1633,,0,1,1,2,3,57,84,180,420,1,5
1634,,0,1,1,2,5,19,78,180,420,1,5
1635,,0,1,1,2,2,88,25,540,660,10,5
1636,,0,1,1,2,1,5,33,180,420,1,5
1637,,0,1,1,2,2,17,61,180,420,1,5
1638,,0,1,1,2,5,7,83,180,420,1,5
1639,,0,1,1,2,1,19,91,180,420,1,5
1640,,0,1,1,2,4,49,92,180,420,1,5
1641,,0,1,1,2,2,14,69,180,420,1,5
1642,,0,1,1,2,2,18,22,180,420,3,5
1643,,0,1,1,2,1,46,63,180,420,3,5
1644,,0,1,1,2,2,43,73,180,420,3,5
1645,,0,1,1,2,4,48,67,180,420,1,5
1646,,0,1,1,2,4,30,74,180,420,5,5
1647,,0,1,1,2,1,15,25,180,420,1,5
1648,,0,1,1,2,1,25,26,180,420,2,5
1649,,0,1,1,2,4,46,47,180,420,1,5
1650,,0,1,1,2,4,77,53,180,420,1,5
1651,,0,1,1,2,5,2,77,180,420,1,5
1652,,0,1,1,2,1,56,23,180,420,1,5
1653,,0,1,1,2,5,68,65,180,420,1,5
1654,,0,1,1,2,1,56,38,180,420,1,5
1655,,0,1,1,2,3,21,82,180,420,1,5
1656,,0,1,1,2,3,58,46,180,420,3,5
1657,,0,1,1,2,1,42,14,180,420,1,5
1658,,0,1,1,2,5,67,26,180,420,1,5
1659,,0,1,1,2,4,47,88,180,420,1,5
1660,,0,1,1,2,1,55,51,180,420,1,5
1661,,0,1,1,2,4,11,68,180,420,1,5
1662,,0,1,1,2,3,71,89,180,420,1,5
1663,,0,1,1,2,4,66,55,180,420,1,5
1664,,0,1,1,2,2,83,33,180,420,1,5
1665,,0,1,1,2,3,26,90,180,420,3,5
1666,,0,1,1,2,1,38,21,180,420,5,5
1667,,0,1,1,2,5,80,44,180,420,1,5
1668,,0,1,1,2,4,43,8,180,420,1,5
1669,,0,1,1,2,1,38,16,180,420,1,5
1670,,0,1,1,2,1,34,59,180,420,1,5
1671,,0,1,1,2,3,77,74,180,420,1,5
1672,,0,1,1,2,3,48,54,180,420,2,5
1673,,0,1,1,2,5,34,21,180,420,1,5
1674,,0,1,1,2,1,55,40,180,420,5,5
1675,,0,1,1,2,5,20,71,180,420,1,5
1676,,0,1,1,2,1,48,34,180,420,3,5
1677,,0,1,1,2,4,35,58,180,420,1,5
1678,,0,1,1,2,5,49,9,180,420,1,5
1679,,0,1,1,2,4,54,93,180,420,2,5
1680,,0,1,1,2,4,15,36,180,420,2,5
1681,,0,1,1,2,3,25,54,180,420,5,5
1682,,0,1,1,2,4,43,57,180,420,2,5
1683,,0,1,1,2,3,23,47,180,420,1,5
1684,,0,1,1,2,3,61,59,180,420,1,5
1685,,0,1,1,2,1,44,16,180,420,1,5
1686,,0,1,1,2,2,85,62,180,420,1,5
1687,,0,1,1,2,3,26,79,180,420,5,5
1688,,0,1,1,2,2,45,72,180,420,2,5
1689,,0,1,1,2,4,58,33,180,420,1,5
1690,,0,1,1,2,3,54,70,180,420,1,5
1691,,0,1,1,2,5,58,43,180,420,2,5
1692,,0,1,1,2,4,25,9,180,420,2,5
1693,,0,1,1,2,2,11,74,180,420,1,5
1694,,0,1,1,2,2,93,25,180,420,1,5
1695,,0,1,1,2,3,76,94,180,420,2,5
1696,,0,1,1,2,3,70,41,180,420,1,5
1697,,0,1,1,2,2,73,92,180,420,2,5
1698,,0,1,1,2,5,40,51,180,420,1,5
1699,,0,1,1,2,5,19,69,180,420,1,5
1700,,0,1,1,2,1,14,78,180,420,1,5
1701,,0,1,1,2,3,28,89,180,420,1,5
1702,,0,1,1,2,1,24,23,180,420,1,5
1703,,0,1,1,2,2,15,98,180,420,1,5
1704,,0,1,1,2,2,77,29,180,420,1,5
1705,,0,1,1,2,3,13,55,180,420,1,5
1706,,0,1,1,2,4,37,97,180,420,1,5
1707,,0,1,1,2,3,28,103,180,420,1,5
1708,,0,1,1,2,2,65,38,180,420,4,5
1709,,0,1,1,2,2,38,52,180,420,1,5
1710,,0,1,1,2,4,26,35,180,420,5,5
1711,,0,1,1,2,5,28,64,180,420,1,5
1712,,0,1,1,2,5,82,24,180,420,1,5
1713,,0,1,1,2,4,77,64,180,420,1,5
1714,,0,1,1,2,5,55,23,180,420,1,5
1715,,0,1,1,2,4,64,53,180,420,1,5
1716,,0,1,1,2,2,96,44,180,420,1,5
1717,,0,1,1,2,4,11,57,180,420,1,5
1718,,0,1,1,2,2,70,92,180,420,2,5
1719,,0,1,1,2,1,24,25,180,420,1,5
1720,,0,1,1,2,5,42,40,180,420,1,5
1721,,0,1,1,2,2,14,88,180,420,1,5
1722,,0,1,1,2,1,12,56,180,420,1,5
1723,,0,1,1,2,4,56,95,180,420,1,5
1724,,0,1,1,2,2,47,90,180,420,1,5
1725,,0,1,1,2,1,2,29,180,420,1,5
1726,,0,1,1,2,2,59,45,180,420,1,5
1727,,0,1,1,2,2,88,18,180,420,1,5
1728,,0,1,1,2,5,4,78,180,420,1,5
1729,,0,1,1,2,3,26,79,180,420,1,5
1730,,0,1,1,2,1,53,46,180,420,1,5
1731,,0,1,1,2,1,48,27,180,420,1,5
1732,,0,1,1,2,3,64,82,180,420,1,5
1733,,0,1,1,2,5,56,12,180,420,1,5
1734,,0,1,1,2,3,78,52,180,420,1,5
1735,,0,1,1,2,5,58,48,180,420,1,5
1736,,0,1,1,2,5,83,38,180,420,1,5
1737,,0,1,1,2,3,81,59,180,420,1,5
1738,,0,1,1,2,1,34,68,180,420,1,5
1739,,0,1,1,2,1,21,13,180,420,1,5
1740,,0,1,1,2,1,34,61,180,420,1,5
1741,,0,1,1,2,3,51,47,180,420,1,5
1742,,0,1,1,2,4,45,64,180,420,1,5
1743,,0,1,1,2,3,76,93,180,420,1,5
1744,,0,1,1,2,3,31,39,180,420,1,5
1745,,0,1,1,2,3,79,70,180,420,1,5
1746,,0,1,1,2,2,6,82,180,420,1,5
1747,,0,1,1,2,1,31,13,180,420,1,5
1748,,0,1,1,2,1,20,11,180,420,1,5
1749,,0,1,1,2,5,29,35,180,420,1,5
1750,,0,1,1,2,1,50,43,180,420,1,5
1751,,0,1,1,2,4,40,97,180,420,1,5
1752,,0,1,1,2,5,78,60,180,420,1,5
1753,,0,1,1,2,1,50,53,180,420,1,5
1754,,0,1,1,2,4,30,75,180,420,1,5
1755,,0,1,1,2,3,85,83,180,420,1,5
1756,,0,1,1,2,3,19,81,180,420,1,5
1757,,0,1,1,2,1,42,66,180,420,1,5
1758,,0,1,1,2,3,41,76,180,420,1,5
1759,,0,1,1,2,4,29,28,180,420,1,5
1760,,0,1,1,2,3,68,1,180,420,2,5
1761,,0,1,1,2,5,23,48,180,420,1,5
1762,,0,1,1,2,5,55,16,180,420,5,5
1763,,0,1,1,2,3,70,76,180,420,1,5
1764,,0,1,1,2,4,17,40,180,420,1,5
1765,,0,1,1,2,4,34,91,180,420,3,5
1766,,0,1,1,2,1,49,39,180,420,1,5
1767,,0,1,1,2,5,31,40,180,420,1,5
1768,,0,1,1,2,3,10,76,180,420,1,5
1769,,0,1,1,2,5,36,39,180,420,1,5
1770,,0,1,1,2,1,49,47,180,420,2,5
1771,,0,1,1,2,1,26,87,180,420,5,5
1772,,0,1,1,2,3,43,37,180,420,5,5
1773,,0,1,1,2,5,21,42,180,420,1,5
1774,,0,1,1,2,5,30,50,180,420,1,5
1775,,0,1,1,2,5,42,16,180,420,1,5
1776,,0,1,1,2,2,67,19,180,420,1,5
1777,,0,1,1,2,1,25,27,180,420,1,5
1778,,0,1,1,2,1,28,67,180,420,1,5
1779,,0,1,1,2,2,50,51,180,420,1,5
1780,,0,1,1,2,5,35,20,180,420,1,5
1781,,0,1,1,2,4,18,41,180,420,1,5
1782,,0,1,1,2,3,40,90,180,420,1,5
1783,,0,1,1,2,2,27,91,180,420,1,5
1784,,0,1,1,2,4,69,52,180,420,1,5
1785,,0,1,1,2,2,49,79,180,420,1,5
1786,,0,1,1,2,5,32,23,180,420,1,5
1787,,0,1,1,2,1,33,32,180,420,1,5
1788,,0,1,1,2,3,79,93,180,420,1,5
1789,,0,1,1,2,3,33,61,180,420,1,5
1790,,0,1,1,2,4,60,64,180,420,1,5
1791,,0,1,1,2,2,87,45,180,420,1,5
1792,,0,1,1,2,3,49,56,180,420,1,5
1793,,0,1,1,2,1,26,26,180,420,2,5
1794,,0,1,1,2,1,18,43,180,420,3,5
1795,,0,1,1,2,4,38,65,180,420,1,5
1796,,0,1,1,2,1,22,34,180,420,1,5
1797,,0,1,1,2,4,30,35,180,420,1,5
1798,,0,1,1,2,4,23,49,180,420,1,5
1799,,0,1,1,2,3,30,46,180,420,1,5
1800,,0,1,1,2,4,71,59,180,420,1,5
1801,,0,1,1,2,2,72,78,180,420,3,5
1802,,0,1,1,2,3,26,53,180,420,1,5
1803,,0,1,1,2,2,42,71,180,420,1,5
1804,,0,1,1,2,4,75,53,180,420,1,5
1805,,0,1,1,2,4,72,53,180,420,5,5
1806,,0,1,1,2,4,28,69,180,420,1,5
1807,,0,1,1,2,4,57,31,180,420,1,5
1808,,0,1,1,2,5,64,64,180,420,5,5
1809,,0,1,1,2,4,12,55,180,420,1,5
1810,,0,1,1,2,4,33,65,180,420,1,5
1811,,0,1,1,2,4,39,93,180,420,1,5
1812,,0,1,1,2,5,71,66,180,420,1,5
1813,,0,1,1,2,3,29,87,180,420,1,5
1814,,0,1,1,2,3,51,62,180,420,1,5
1815,,0,1,1,2,3,35,41,180,420,3,5
1816,,0,1,1,2,3,17,85,180,420,4,5
1817,,0,1,1,2,1,35,25,180,420,1,5
1818,,0,1,1,2,3,59,43,180,420,1,5
1819,,0,1,1,2,2,37,33,180,420,2,5
1820,,0,1,1,2,3,22,90,180,420,1,5
1821,,0,1,1,2,3,20,80,180,420,1,5
1822,,0,1,1,2,5,23,76,180,420,4,5
1823,,0,1,1,2,1,0,77,180,420,1,5
1824,,0,1,1,2,3,42,30,180,420,1,5
1825,,0,1,1,2,5,33,22,180,420,5,5
1826,,0,1,1,2,4,20,46,180,420,1,5
1827,,0,1,1,2,5,49,10,180,420,1,5
1828,,0,1,1,2,3,76,91,180,420,1,5
1829,,0,1,1,2,4,20,45,180,420,1,5
1830,,0,1,1,2,3,27,89,180,420,1,5
1831,,0,1,1,2,5,64,80,180,420,5,5
1832,,0,1,1,2,5,33,23,180,420,5,5
1833,,0,1,1,2,1,19,88,180,420,1,5
1834,,0,1,1,2,4,33,51,180,420,1,5
1835,,0,1,1,2,1,6,30,180,420,1,5
1836,,0,1,1,2,1,29,21,180,420,3,5
1837,,0,1,1,2,2,31,90,180,420,4,5
1838,,0,1,1,2,4,30,80,180,420,2,5
1839,,0,1,1,2,5,48,45,180,420,1,5
1840,,0,1,1,2,3,55,67,180,420,3,5
1841,,0,1,1,2,3,58,38,180,420,1,5
1842,,0,1,1,2,3,44,60,180,420,1,5
1843,,0,1,1,2,3,12,77,180,420,1,5
1844,,0,1,1,2,4,24,26,180,420,1,5
1845,,0,1,1,2,2,32,56,180,420,1,5
1846,,0,1,1,2,3,7,62,180,420,1,5
1847,,0,1,1,2,3,80,68,180,420,1,5
1848,,0,1,1,2,2,50,50,180,420,1,5
1849,,0,1,1,2,2,17,78,180,420,1,5
1850,,0,1,1,2,3,65,55,180,420,1,5
1851,,0,1,1,2,5,65,47,180,420,1,5
1852,,0,1,1,2,5,62,27,180,420,4,5
1853,,0,1,1,2,2,89,24,180,420,1,5
1854,,0,1,1,2,2,52,42,180,420,2,5
1855,,0,1,1,2,2,61,29,180,420,1,5
1856,,0,1,1,2,3,83,62,180,420,1,5
1857,,0,1,1,2,3,16,84,180,420,4,5
1858,,0,1,1,2,4,78,53,180,420,1,5
1859,,0,1,1,2,5,52,38,180,420,1,5
1860,,0,1,1,2,5,34,51,180,420,4,5
1861,,0,1,1,2,5,33,21,180,420,1,5
1862,,0,1,1,2,4,33,49,180,420,1,5
1863,,0,1,1,2,3,42,36,180,420,1,5
1864,,0,1,1,2,2,51,46,180,420,1,5
1865,,0,1,1,2,5,65,25,180,420,3,5
1866,,0,1,1,2,1,14,82,180,420,1,5
1867,,0,1,1,2,3,81,80,180,420,1,5
1868,,0,1,1,2,4,35,62,180,420,2,5
1869,,0,1,1,2,3,73,75,180,420,1,5
1870,,0,1,1,2,1,61,23,180,420,1,5
1871,,0,1,1,2,4,77,67,180,420,5,5
1872,,0,1,1,2,3,40,93,180,420,3,5
1873,,0,1,1,2,4,71,60,180,420,3,5
1874,,0,1,1,2,4,42,94,180,420,1,5
1875,,0,1,1,2,4,46,91,180,420,2,5
1876,,0,1,1,2,4,48,50,180,420,2,5
1877,,0,1,1,2,2,10,74,180,420,2,5
1878,,0,1,1,2,3,59,47,180,420,1,5
1879,,0,1,1,2,3,81,57,180,420,2,5
1880,,0,1,1,2,4,33,44,180,420,5,5
1881,,0,1,1,2,3,53,61,180,420,1,5
1882,,0,1,1,2,2,53,67,180,420,1,5
1883,,0,1,1,2,3,67,88,180,420,1,5
1884,,0,1,1,2,3,21,96,180,420,1,5
1885,,0,1,1,2,3,61,44,180,420,1,5
1886,,0,1,1,2,2,11,95,180,420,1,5
1887,,0,1,1,2,5,42,26,180,420,1,5
1888,,0,1,1,2,5,62,70,180,420,1,5
1889,,0,1,1,2,2,39,74,180,420,1,5
1890,,0,1,1,2,1,54,7,180,420,1,5
1891,,0,1,1,2,5,13,86,180,420,1,5
1892,,0,1,1,2,1,49,38,180,420,1,5
1893,,0,1,1,2,2,43,20,180,420,1,5
1894,,0,1,1,2,4,27,57,180,420,2,5
1895,,0,1,1,2,4,25,70,180,420,2,5
1896,,0,1,1,2,2,59,45,180,420,1,5
1897,,0,1,1,2,1,18,20,180,420,2,5
1898,,0,1,1,2,2,92,31,180,420,1,5
1899,,0,1,1,2,2,11,92,180,420,2,5
1900,,0,1,1,2,1,50,40,180,420,1,5
1901,,0,1,1,2,5,43,16,180,420,1,5
1902,,0,1,1,2,1,37,76,180,420,1,5
1903,,0,1,1,2,5,32,21,180,420,1,5
1904,,0,1,1,2,4,27,35,180,420,2,5
1905,,0,1,1,2,5,54,9,180,420,1,5
1906,,0,1,1,2,5,38,36,180,420,4,5
1907,,0,1,1,2,4,48,84,180,420,2,5
1908,,0,1,1,2,5,59,33,180,420,2,5
1909,,0,1,1,2,5,66,55,180,420,1,5
1910,,0,1,1,2,4,17,40,180,420,4,5
1911,,0,1,1,2,2,65,68,180,420,1,5
1912,,0,1,1,2,4,83,85,180,420,1,5
1913,,0,1,1,2,5,55,42,180,420,1,5
1914,,0,1,1,2,1,23,62,180,420,1,5
1915,,0,1,1,2,5,80,43,180,420,1,5
1916,,0,1,1,2,5,83,24,180,420,1,5
1917,,0,1,1,2,5,41,49,180,420,1,5
1918,,0,1,1,2,5,81,43,180,420,1,5
1919,,0,1,1,2,2,87,19,180,420,1,5
1920,,0,1,1,2,2,23,83,180,420,2,5
1921,,0,1,1,2,2,42,93,180,420,1,5
1922,,0,1,1,2,3,35,68,180,420,1,5
1923,,0,1,1,2,4,14,37,180,420,1,5
1924,,0,1,1,2,5,23,79,180,420,1,5
1925,,0,1,1,2,3,84,78,180,420,3,5
1926,,0,1,1,2,5,43,38,180,420,1,5
1927,,0,1,1,2,2,11,74,180,420,1,5
1928,,0,1,1,2,2,92,68,180,420,5,5
1929,,0,1,1,2,2,93,21,180,420,1,5
1930,,0,1,1,2,4,14,78,180,420,1,5
1931,,0,1,1,2,3,35,67,180,420,2,5
1932,,0,1,1,2,4,28,35,180,420,1,5
1933,,0,1,1,2,2,42,80,180,420,1,5
1934,,0,1,1,2,4,24,28,180,420,2,5
1935,,0,1,1,2,4,29,34,180,420,1,5
1936,,0,1,1,2,5,57,27,180,420,1,5
1937,,0,1,1,2,4,13,56,180,420,1,5
1938,,0,1,1,2,3,44,57,180,420,5,5
1939,,0,1,1,2,3,58,95,180,420,5,5
1940,,0,1,1,2,1,42,14,180,420,5,5
1941,,0,1,1,2,4,69,44,180,420,2,5
1942,,0,1,1,2,4,20,74,180,420,1,5
1943,,0,1,1,2,2,52,45,180,420,1,5
1944,,0,1,1,2,3,22,31,180,420,1,5
1945,,0,1,1,2,2,17,90,180,420,1,5
1946,,0,1,1,2,5,56,40,180,420,2,5
1947,,0,1,1,2,2,4,73,180,420,1,5
1948,,0,1,1,2,4,30,36,180,420,1,5
1949,,0,1,1,2,1,14,77,180,420,1,5
1950,,0,1,1,2,3,65,63,180,420,1,5
1951,,0,1,1,2,2,34,26,180,420,1,5
1952,,0,1,1,2,3,78,68,180,420,1,5
1953,,0,1,1,2,2,61,46,180,420,1,5
1954,,0,1,1,2,1,25,15,180,420,1,5
1955,,0,1,1,2,5,42,49,180,420,1,5
1956,,0,1,1,2,4,65,69,180,420,1,5
1957,,0,1,1,2,4,73,53,180,420,1,5
1958,,0,1,1,2,1,9,39,180,420,1,5
1959,,0,1,1,2,3,41,75,180,420,1,5
1960,,0,1,1,2,2,24,90,180,420,2,5
1961,,0,1,1,2,5,79,61,180,420,2,5
1962,,0,1,1,2,2,77,47,180,420,1,5
1963,,0,1,1,2,1,23,78,180,420,1,5
1964,,0,1,1,2,2,90,36,180,420,2,5
1965,,0,1,1,2,2,27,45,180,420,1,5
1966,,0,1,1,2,1,30,49,180,420,1,5
1967,,0,1,1,2,4,22,81,180,420,5,5
1968,,0,1,1,2,3,33,94,180,420,5,5
1969,,0,1,1,2,3,50,66,180,420,5,5
1970,,0,1,1,2,4,28,36,180,420,1,5
1971,,0,1,1,2,1,31,47,180,420,1,5
1972,,0,1,1,2,3,32,69,180,420,1,5
1973,,0,1,1,2,4,20,54,180,420,1,5
1974,,0,1,1,2,1,21,65,180,420,1,5
1975,,0,1,1,2,1,36,63,180,420,1,5
1976,,0,1,1,2,1,46,59,180,420,1,5
1977,,0,1,1,2,3,57,47,180,420,1,5
1978,,0,1,1,2,3,68,65,180,420,1,5
1979,,0,1,1,2,3,44,65,180,420,2,5
1980,,0,1,1,2,5,35,27,180,420,2,5
1981,,0,1,1,2,2,51,50,180,420,2,5
1982,,0,1,1,2,2,24,90,180,420,2,5
1983,,0,1,1,2,1,57,55,180,420,3,5
1984,,0,1,1,2,2,43,65,180,420,2,5
1985,,0,1,1,2,4,26,37,180,420,5,5
1986,,0,1,1,2,1,17,17,180,420,5,5
1987,,0,1,1,2,4,72,42,180,420,5,5
1988,,0,1,1,2,5,34,22,180,420,3,5
1989,,0,1,1,2,1,14,40,180,420,3,5
1990,,0,1,1,2,4,92,67,180,420,3,5
1991,,0,1,1,2,5,33,32,180,420,3,5
1992,,0,1,1,2,1,42,46,180,420,2,5
1993,,0,1,1,2,1,29,75,180,420,3,5
1994,,0,1,1,2,5,32,21,180,420,3,5
1995,,0,1,1,2,3,68,78,180,420,3,5
1996,,0,1,1,2,5,53,42,180,420,2,5
1997,,0,1,1,2,4,13,73,180,420,3,5
1998,,0,1,1,2,3,40,47,180,420,3,5
1999,,0,1,1,2,1,12,74,180,420,4,5
2000,,0,1,1,2,3,67,76,180,420,3,5
2001,,0,1,1,2,3,35,27,180,420,4,5
2002,,0,1,1,2,3,43,27,180,420,1,5
2003,,0,1,1,2,2,30,40,180,420,1,5
2004,,0,1,1,2,4,47,68,180,420,2,5
2005,,0,1,1,2,5,78,52,180,420,1,5
2006,,0,1,1,2,4,45,81,180,420,2,5
2007,,0,1,1,2,5,59,50,180,420,1,5
2008,,0,1,1,2,5,85,81,180,420,1,5
2009,,0,1,1,2,2,79,30,180,420,1,5
2010,,0,1,1,2,2,51,65,180,420,1,5
2011,,0,1,1,2,2,60,43,180,420,1,5
2012,,0,1,1,2,4,54,88,180,420,1,5
2013,,0,1,1,2,3,21,80,180,420,3,5
2014,,0,1,1,2,2,73,37,180,420,5,5
2015,,0,1,1,2,5,33,22,180,420,1,5
2016,,0,1,1,2,2,78,22,180,420,1,5
2017,,0,1,1,2,4,28,35,180,420,1,5
2018,,0,1,1,2,4,28,32,180,420,1,5
2019,,0,1,1,2,2,70,77,180,420,1,5
2020,,0,1,1,2,4,97,77,180,420,1,5
2021,,0,1,1,2,1,51,36,180,420,1,5
2022,,0,1,1,2,1,17,16,180,420,1,5
2023,,0,1,1,2,2,92,24,180,420,1,5
2024,,0,1,1,2,3,26,56,180,420,1,5
2025,,0,1,1,2,1,10,82,180,420,2,5
2026,,0,1,1,2,5,13,54,180,420,1,5
2027,,0,1,1,2,1,53,30,180,420,1,5
2028,,0,1,1,2,4,70,53,180,420,1,5
2029,,0,1,1,2,4,65,41,180,420,1,5
2030,,0,1,1,2,5,81,80,180,420,1,5
2031,,0,1,1,2,4,62,75,180,420,1,5
2032,,0,1,1,2,4,44,17,180,420,1,5
2033,,0,1,1,2,3,76,78,180,420,1,5
2034,,0,1,1,2,2,69,77,180,420,1,5
2035,,0,1,1,2,3,31,72,180,420,5,5
2036,,0,1,1,2,3,12,86,180,420,5,5
2037,,0,1,1,2,3,59,40,180,420,1,5
2038,,0,1,1,2,1,9,19,180,420,2,5
2039,,0,1,1,2,2,88,22,180,420,1,5
2040,,0,1,1,2,1,12,62,180,420,1,5
2041,,0,1,1,2,4,59,85,180,420,1,5
2042,,0,1,1,2,3,28,35,180,420,2,5
2043,,0,1,1,2,2,89,22,180,420,1,5
2044,,0,1,1,2,5,50,41,180,420,1,5
2045,,0,1,1,2,1,50,37,180,420,5,5
2046,,0,1,1,2,5,59,50,180,420,1,5
2047,,0,1,1,2,5,32,63,180,420,1,5
2048,,0,1,1,2,5,98,64,180,420,1,5
2049,,0,1,1,2,5,62,27,180,420,1,5
2050,,0,1,1,2,4,13,35,180,420,1,5
2051,,0,1,1,2,4,38,93,180,420,1,5
2052,,0,1,1,2,2,74,49,180,420,2,5
2053,,0,1,1,2,3,27,56,180,420,1,5
2054,,0,1,1,2,3,23,68,180,420,1,5
2055,,0,1,1,2,4,29,36,180,420,2,5
2056,,0,1,1,2,4,16,40,180,420,2,5
2057,,0,1,1,2,4,46,84,180,420,1,5
2058,,0,1,1,2,4,29,7,180,420,1,5
2059,,0,1,1,2,1,20,37,180,420,1,5
2060,,0,1,1,2,2,83,47,180,420,4,5
2061,,0,1,1,2,1,59,10,180,420,1,5
2062,,0,1,1,2,5,59,45,180,420,4,5
2063,,0,1,1,2,3,56,38,180,420,1,5
2064,,0,1,1,2,4,68,43,180,420,3,5
2065,,0,1,1,2,2,30,94,180,420,1,5
2066,,0,1,1,2,3,39,40,540,660,9,5
2067,,0,1,1,2,1,55,55,180,420,1,5
2068,,0,1,1,2,2,69,92,180,420,2,5
2069,,0,1,1,2,5,42,25,180,420,1,5
2070,,0,1,1,2,1,16,60,180,420,1,5
2071,,0,1,1,2,4,18,70,180,420,1,5
2072,,0,1,1,2,3,49,45,180,420,1,5
2073,,0,1,1,2,2,74,31,180,420,1,5
2074,,0,1,1,2,3,54,78,180,420,1,5
2075,,0,1,1,2,4,68,50,540,660,10,5
2076,,0,1,1,2,4,15,36,180,420,3,5
2077,,0,1,1,2,3,31,87,180,420,1,5
2078,,0,1,1,2,3,48,65,180,420,1,5
2079,,0,1,1,2,3,31,55,180,420,1,5
2080,,0,1,1,2,4,89,66,180,420,1,5
2081,,0,1,1,2,2,62,47,180,420,1,5
2082,,0,1,1,2,3,73,85,180,420,1,5
2083,,0,1,1,2,4,19,40,180,420,1,5
2084,,0,1,1,2,3,69,80,180,420,1,5
2085,,0,1,1,2,3,81,59,180,420,5,5
2086,,0,1,1,2,2,64,57,180,420,1,5
2087,,0,1,1,2,2,27,83,180,420,1,5
2088,,0,1,1,2,5,8,62,180,420,1,5
2089,,0,1,1,2,5,5,78,180,420,1,5
2090,,0,1,1,2,3,19,66,180,420,1,5
2091,,0,1,1,2,3,35,27,180,420,1,5
2092,,0,1,1,2,5,59,54,180,420,1,5
2093,,0,1,1,2,5,26,33,180,420,1,5
2094,,0,1,1,2,5,3,79,180,420,1,5
2095,,0,1,1,2,1,28,13,180,420,1,5
2096,,0,1,1,2,4,15,62,180,420,1,5
2097,,0,1,1,2,4,68,47,180,420,1,5
2098,,0,1,1,2,3,13,55,180,420,1,5
2099,,0,1,1,2,3,40,64,180,420,1,5
2100,,0,1,1,2,3,85,73,180,420,1,5
2101,,0,1,1,2,4,97,78,180,420,1,5
2102,,0,1,1,2,3,69,84,180,420,3,5
2103,,0,1,1,2,1,34,27,180,420,2,5
2104,,0,1,1,2,4,49,79,180,420,4,5
2105,,0,1,1,2,1,9,55,180,420,1,5
2106,,0,1,1,2,3,70,91,180,420,1,5
2107,,0,1,1,2,1,3,79,180,420,1,5
2108,,0,1,1,2,3,46,51,180,420,1,5
2109,,0,1,1,2,1,52,56,180,420,1,5
2110,,0,1,1,2,3,71,82,180,420,1,5
2111,,0,1,1,2,2,57,39,180,420,1,5
2112,,0,1,1,2,3,27,60,180,420,1,5
2113,,0,1,1,2,5,33,22,180,420,1,5
2114,,0,1,1,2,2,10,77,180,420,1,5
2115,,0,1,1,2,4,27,73,180,420,1,5
2116,,0,1,1,2,3,24,70,180,420,1,5
2117,,0,1,1,2,2,31,66,180,420,1,5
2118,,0,1,1,2,2,70,78,180,420,1,5
2119,,0,1,1,2,3,8,64,180,420,1,5
2120,,0,1,1,2,2,88,56,180,420,1,5
2121,,0,1,1,2,3,35,60,180,420,1,5
2122,,0,1,1,2,1,28,38,180,420,1,5
2123,,0,1,1,2,3,48,49,180,420,1,5
2124,,0,1,1,2,2,54,25,180,420,1,5
2125,,0,1,1,2,2,61,36,180,420,1,5
2126,,0,1,1,2,3,83,91,180,420,1,5
2127,,0,1,1,2,2,49,71,180,420,1,5
2128,,0,1,1,2,2,44,67,180,420,1,5
2129,,0,1,1,2,3,81,53,180,420,1,5
2130,,0,1,1,2,1,41,46,180,420,1,5
2131,,0,1,1,2,1,58,5,180,420,1,5
2132,,0,1,1,2,1,50,38,180,420,5,5
2133,,0,1,1,2,3,87,62,180,420,1,5
2134,,0,1,1,2,1,49,17,180,420,1,5
2135,,0,1,1,2,3,58,39,180,420,1,5
2136,,0,1,1,2,2,40,92,180,420,1,5
2137,,0,1,1,2,3,60,70,180,420,1,5
2138,,0,1,1,2,4,33,89,180,420,1,5
2139,,0,1,1,2,3,53,58,180,420,1,5
2140,,0,1,1,2,1,41,71,180,420,1,5
2141,,0,1,1,2,1,19,55,180,420,1,5
2142,,0,1,1,2,3,57,64,180,420,1,5
2143,,0,1,1,2,5,63,46,180,420,1,5
2144,,0,1,1,2,3,42,75,180,420,1,5
2145,,0,1,1,2,5,49,8,180,420,2,5
2146,,0,1,1,2,4,22,21,180,420,2,5
2147,,0,1,1,2,1,51,37,180,420,1,5
2148,,0,1,1,2,5,28,65,180,420,1,5
2149,,0,1,1,2,5,59,53,180,420,1,5
2150,,0,1,1,2,4,44,13,180,420,5,5
2151,,0,1,1,2,4,46,51,180,420,1,5
2152,,0,1,1,2,5,61,44,180,420,5,5
2153,,0,1,1,2,2,45,60,180,420,3,5
2154,,0,1,1,2,4,36,89,180,420,1,5
2155,,0,1,1,2,4,35,20,180,420,2,5
2156,,0,1,1,2,3,56,95,180,420,1,5
2157,,0,1,1,2,2,40,94,180,420,1,5
2158,,0,1,1,2,3,67,79,180,420,1,5
2159,,0,1,1,2,2,37,28,180,420,1,5
2160,,0,1,1,2,1,32,84,180,420,1,5
2161,,0,1,1,2,5,42,12,180,420,1,5
2162,,0,1,1,2,4,26,73,180,420,1,5
2163,,0,1,1,2,1,9,19,180,420,1,5
2164,,0,1,1,2,1,22,79,180,420,1,5
2165,,0,1,1,2,3,28,27,180,420,1,5
2166,,0,1,1,2,5,44,29,180,420,1,5
2167,,0,1,1,2,2,63,25,180,420,1,5
2168,,0,1,1,2,1,46,39,180,420,1,5
2169,,0,1,1,2,2,64,74,180,420,1,5
2170,,0,1,1,2,2,93,46,180,420,1,5
2171,,0,1,1,2,5,56,21,180,420,2,5
2172,,0,1,1,2,4,44,53,180,420,1,5
2173,,0,1,1,2,5,10,72,180,420,2,5
2174,,0,1,1,2,1,51,65,180,420,1,5
2175,,0,1,1,2,1,52,25,180,420,2,5
2176,,0,1,1,2,5,83,76,180,420,5,5
2177,,0,1,1,2,4,19,48,180,420,1,5
2178,,0,1,1,2,3,70,77,180,420,1,5
2179,,0,1,1,2,5,23,77,180,420,1,5
2180,,0,1,1,2,2,32,66,180,420,1,5
2181,,0,1,1,2,3,76,75,180,420,1,5
2182,,0,1,1,2,3,25,46,180,420,1,5
2183,,0,1,1,2,5,76,45,180,420,5,5
2184,,0,1,1,2,4,52,83,180,420,1,5
2185,,0,1,1,2,3,65,45,180,420,1,5
2186,,0,1,1,2,2,48,70,180,420,1,5
2187,,0,1,1,2,5,57,47,180,420,1,5
2188,,0,1,1,2,5,39,59,180,420,1,5
2189,,0,1,1,2,5,19,76,180,420,1,5
2190,,0,1,1,2,4,78,84,180,420,1,5
2191,,0,1,1,2,4,48,92,180,420,1,5
2192,,0,1,1,2,3,52,49,180,420,1,5
2193,,0,1,1,2,5,61,14,180,420,1,5
2194,,0,1,1,2,4,16,68,180,420,1,5
2195,,0,1,1,2,5,55,28,180,420,1,5
2196,,0,1,1,2,2,43,65,180,420,1,5
2197,,0,1,1,2,2,18,84,180,420,1,5
2198,,0,1,1,2,4,48,50,180,420,1,5
2199,,0,1,1,2,1,5,13,180,420,1,5
2200,,0,1,1,2,2,28,44,180,420,1,5
2201,,0,1,1,2,1,30,38,180,420,1,5
2202,,0,1,1,2,1,34,79,180,420,1,5
2203,,0,1,1,2,4,28,53,180,420,1,5
2204,,0,1,1,2,3,29,77,180,420,1,5
2205,,0,1,1,2,4,67,51,180,420,1,5
2206,,0,1,1,2,3,86,86,180,420,1,5
2207,,0,1,1,2,2,84,21,180,420,1,5
2208,,0,1,1,2,3,21,68,180,420,1,5
2209,,0,1,1,2,3,85,73,180,420,1,5
2210,,0,1,1,2,1,55,61,180,420,1,5
2211,,0,1,1,2,1,50,15,180,420,1,5
2212,,0,1,1,2,1,38,11,180,420,1,5
2213,,0,1,1,2,2,81,34,180,420,3,5
2214,,0,1,1,2,4,27,54,180,420,1,5
2215,,0,1,1,2,2,70,13,180,420,1,5
2216,,0,1,1,2,2,21,90,180,420,1,5
2217,,0,1,1,2,2,90,24,180,420,1,5
2218,,0,1,1,2,2,55,31,180,420,4,5
2219,,0,1,1,2,2,45,58,180,420,1,5
2220,,0,1,1,2,2,74,91,180,420,1,5
2221,,0,1,1,2,1,36,30,180,420,1,5
2222,,0,1,1,2,5,39,25,180,420,1,5
2223,,0,1,1,2,5,52,58,180,420,1,5
2224,,0,1,1,2,1,35,69,180,420,1,5
2225,,0,1,1,2,4,30,36,180,420,1,5
2226,,0,1,1,2,5,21,53,540,660,5,5
2227,,0,1,1,2,1,50,19,180,420,1,5
2228,,0,1,1,2,4,32,67,180,420,1,5
2229,,0,1,1,2,3,60,49,180,420,1,5
2230,,0,1,1,2,5,16,55,180,420,2,5
2231,,0,1,1,2,4,13,67,180,420,1,5
2232,,0,1,1,2,4,53,82,180,420,3,5
2233,,0,1,1,2,4,42,80,180,420,1,5
2234,,0,1,1,2,2,91,71,180,420,5,5
2235,,0,1,1,2,3,67,46,180,420,2,5
2236,,0,1,1,2,5,54,9,180,420,1,5
2237,,0,1,1,2,3,31,75,180,420,3,5
2238,,0,1,1,2,4,79,48,180,420,5,5
2239,,0,1,1,2,4,69,49,180,420,1,5
2240,,0,1,1,2,3,27,53,180,420,1,5
2241,,0,1,1,2,2,36,43,180,420,1,5
2242,,0,1,1,2,1,54,32,180,420,2,5
2243,,0,1,1,2,5,56,52,180,420,5,5
2244,,0,1,1,2,1,16,80,180,420,1,5
2245,,0,1,1,2,2,69,37,180,420,1,5
2246,,0,1,1,2,4,13,65,180,420,1,5
2247,,0,1,1,2,4,73,39,180,420,1,5
2248,,0,1,1,2,3,21,83,180,420,1,5
2249,,0,1,1,2,1,55,8,180,420,1,5
2250,,0,1,1,2,4,44,65,180,420,1,5
2251,,0,1,1,2,3,10,53,180,420,1,5
2252,,0,1,1,2,2,50,42,180,420,1,5
2253,,0,1,1,2,2,22,85,180,420,1,5
2254,,0,1,1,2,4,23,48,180,420,1,5
2255,,0,1,1,2,1,14,83,180,420,2,5
2256,,0,1,1,2,4,55,77,180,420,1,5
2257,,0,1,1,2,2,15,72,180,420,1,5
2258,,0,1,1,2,2,73,60,180,420,1,5
2259,,0,1,1,2,3,29,56,180,420,1,5
2260,,0,1,1,2,3,45,28,180,420,1,5
2261,,0,1,1,2,1,63,36,180,420,1,5
2262,,0,1,1,2,5,51,12,180,420,1,5
2263,,0,1,1,2,4,32,47,180,420,1,5
2264,,0,1,1,2,2,36,12,180,420,5,5
2265,,0,1,1,2,1,12,59,180,420,1,5
2266,,0,1,1,2,2,24,75,180,420,1,5
2267,,0,1,1,2,3,21,82,180,420,1,5
2268,,0,1,1,2,5,65,72,180,420,1,5
2269,,0,1,1,2,4,38,56,180,420,1,5
2270,,0,1,1,2,2,15,19,180,420,1,5
2271,,0,1,1,2,1,63,29,180,420,1,5
2272,,0,1,1,2,4,16,81,180,420,2,5
2273,,0,1,1,2,5,77,67,180,420,1,5
2274,,0,1,1,2,3,48,90,180,420,1,5
2275,,0,1,1,2,5,32,23,180,420,1,5
2276,,0,1,1,2,2,88,67,180,420,2,5
2277,,0,1,1,2,2,56,57,180,420,1,5
2278,,0,1,1,2,2,87,23,180,420,1,5
2279,,0,1,1,2,4,10,74,180,420,1,5
2280,,0,1,1,2,3,18,82,180,420,1,5
2281,,0,1,1,2,3,57,61,180,420,1,5
2282,,0,1,1,2,4,21,69,540,660,7,5
2283,,0,1,1,2,2,51,27,540,660,7,5
2284,,0,1,1,2,3,71,84,180,420,5,5
2285,,0,1,1,2,2,56,14,180,420,5,5
2286,,0,1,1,2,2,36,85,180,420,5,5
2287,,0,1,1,2,1,13,73,180,420,5,5
2288,,0,1,1,2,3,40,73,180,420,5,5
2289,,0,1,1,2,2,6,35,180,420,3,5
2290,,0,1,1,2,3,12,77,180,420,5,5
2291,,0,1,1,2,4,54,38,180,420,3,5
2292,,0,1,1,2,4,28,36,180,420,1,5
2293,,0,1,1,2,4,48,44,180,420,2,5
2294,,0,1,1,2,4,29,34,180,420,1,5
2295,,0,1,1,2,1,1,11,180,420,1,5
2296,,0,1,1,2,4,31,34,180,420,1,5
2297,,0,1,1,2,1,56,40,180,420,1,5
2298,,0,1,1,2,5,58,48,180,420,1,5
2299,,0,1,1,2,3,81,75,180,420,1,5
2300,,0,1,1,2,2,73,25,180,420,1,5
2301,,0,1,1,2,4,29,35,180,420,1,5
2302,,0,1,1,2,5,8,73,180,420,2,5
2303,,0,1,1,2,2,63,30,180,420,1,5
2304,,0,1,1,2,5,30,27,180,420,1,5
2305,,0,1,1,2,4,30,51,180,420,3,5
2306,,0,1,1,2,4,54,64,180,420,2,5
2307,,0,1,1,2,4,42,96,180,420,2,5
2308,,0,1,1,2,4,81,77,180,420,2,5
2309,,0,1,1,2,2,76,33,180,420,1,5
2310,,0,1,1,2,3,35,62,180,420,1,5
2311,,0,1,1,2,2,0,85,180,420,1,5
2312,,0,1,1,2,2,87,17,180,420,2,5
2313,,0,1,1,2,2,54,59,180,420,3,5
2314,,0,1,1,2,1,24,83,180,420,1,5
2315,,0,1,1,2,4,64,66,180,420,1,5
2316,,0,1,1,2,2,71,50,180,420,5,5
2317,,0,1,1,2,2,60,74,180,420,1,5
2318,,0,1,1,2,4,54,85,180,420,2,5
2319,,0,1,1,2,3,71,58,180,420,1,5
2320,,0,1,1,2,1,27,35,180,420,1,5
2321,,0,1,1,2,5,66,58,180,420,1,5
2322,,0,1,1,2,3,22,90,180,420,1,5
2323,,0,1,1,2,1,45,48,180,420,1,5
2324,,0,1,1,2,3,57,51,180,420,5,5
2325,,0,1,1,2,1,17,16,180,420,1,5
2326,,0,1,1,2,4,22,59,180,420,1,5
2327,,0,1,1,2,3,67,84,180,420,1,5
2328,,0,1,1,2,1,35,25,180,420,1,5
2329,,0,1,1,2,4,73,68,180,420,3,5
2330,,0,1,1,2,1,67,35,180,420,1,5
2331,,0,1,1,2,5,58,45,180,420,1,5
2332,,0,1,1,2,1,58,4,180,420,1,5
2333,,0,1,1,2,4,31,18,540,660,1,5
2334,,0,1,1,2,1,44,38,180,420,2,5
2335,,0,1,1,2,1,49,71,180,420,2,5
2336,,0,1,1,2,4,49,68,180,420,1,5
2337,,0,1,1,2,4,83,62,180,420,1,5
2338,,0,1,1,2,4,73,55,180,420,1,5
2339,,0,1,1,2,4,30,35,180,420,1,5
2340,,0,1,1,2,1,16,61,180,420,5,5
2341,,0,1,1,2,4,72,40,180,420,2,5
2342,,0,1,1,2,1,6,9,180,420,1,5
2343,,0,1,1,2,4,68,43,180,420,1,5
2344,,0,1,1,2,2,35,56,180,420,1,5
2345,,0,1,1,2,3,52,57,180,420,3,5
2346,,0,1,1,2,3,23,62,180,420,3,5
2347,,0,1,1,2,3,57,46,180,420,2,5
2348,,0,1,1,2,3,26,72,180,420,3,5
2349,,0,1,1,2,5,33,23,180,420,1,5
2350,,0,1,1,2,4,43,43,180,420,2,5
2351,,0,1,1,2,5,76,63,180,420,3,5
2352,,0,1,1,2,1,37,44,180,420,1,5
2353,,0,1,1,2,3,37,53,180,420,1,5
2354,,0,1,1,2,1,35,45,180,420,1,5
2355,,0,1,1,2,3,77,91,180,420,1,5
2356,,0,1,1,2,1,26,53,180,420,1,5
2357,,0,1,1,2,2,82,35,180,420,3,5
2358,,0,1,1,2,3,25,83,180,420,1,5
2359,,0,1,1,2,4,20,42,180,420,1,5
2360,,0,1,1,2,1,1,81,180,420,1,5
2361,,0,1,1,2,1,22,13,180,420,1,5
2362,,0,1,1,2,4,64,42,180,420,1,5
2363,,0,1,1,2,4,71,70,180,420,1,5
2364,,0,1,1,2,3,41,40,180,420,1,5
2365,,0,1,1,2,3,48,47,180,420,1,5
2366,,0,1,1,2,4,82,69,180,420,1,5
2367,,0,1,1,2,2,46,75,180,420,1,5
2368,,0,1,1,2,4,70,43,180,420,1,5
2369,,0,1,1,2,4,71,60,180,420,1,5
2370,,0,1,1,2,3,29,75,180,420,1,5
2371,,0,1,1,2,1,21,34,180,420,1,5
2372,,0,1,1,2,5,26,58,180,420,1,5
2373,,0,1,1,2,5,22,65,180,420,1,5
2374,,0,1,1,2,2,13,81,180,420,1,5
2375,,0,1,1,2,3,25,47,180,420,3,5
2376,,0,1,1,2,2,8,85,180,420,1,5
2377,,0,1,1,2,1,17,92,180,420,1,5
2378,,0,1,1,2,4,61,41,180,420,5,5
2379,,0,1,1,2,4,16,39,180,420,5,5
2380,,0,1,1,2,4,17,69,180,420,1,5
2381,,0,1,1,2,5,43,15,180,420,5,5
2382,,0,1,1,2,4,8,61,180,420,5,5
2383,,0,1,1,2,4,73,74,180,420,5,5
2384,,0,1,1,2,2,12,78,180,420,1,5
2385,,0,1,1,2,3,88,43,180,420,1,5
2386,,0,1,1,2,5,82,25,180,420,1,5
2387,,0,1,1,2,4,70,67,180,420,1,5
2388,,0,1,1,2,4,87,78,180,420,1,5
2389,,0,1,1,2,4,82,82,180,420,1,5
2390,,0,1,1,2,3,40,62,180,420,1,5
2391,,0,1,1,2,5,29,50,180,420,1,5
2392,,0,1,1,2,1,20,70,180,420,1,5
2393,,0,1,1,2,1,17,78,180,420,1,5
2394,,0,1,1,2,1,17,44,180,420,1,5
2395,,0,1,1,2,5,23,72,180,420,1,5
2396,,0,1,1,2,3,52,62,180,420,1,5
2397,,0,1,1,2,3,55,40,180,420,1,5
2398,,0,1,1,2,5,33,21,180,420,2,5
2399,,0,1,1,2,3,44,55,180,420,1,5
2400,,0,1,1,2,5,32,22,180,420,1,5
2401,,0,1,1,2,4,17,40,180,420,1,5
2402,,0,1,1,2,4,23,14,180,420,1,5
2403,,0,1,1,2,3,22,81,180,420,1,5
2404,,0,1,1,2,1,100,29,180,420,5,5
2405,,0,1,1,2,3,68,79,180,420,1,5
2406,,0,1,1,2,5,27,83,180,420,1,5
2407,,0,1,1,2,2,3,84,180,420,1,5
2408,,0,1,1,2,5,43,13,180,420,1,5
2409,,0,1,1,2,4,30,74,180,420,1,5
2410,,0,1,1,2,3,35,28,180,420,1,5
2411,,0,1,1,2,3,51,57,180,420,1,5
2412,,0,1,1,2,3,33,36,180,420,1,5
2413,,0,1,1,2,4,17,64,180,420,1,5
2414,,0,1,1,2,4,56,41,180,420,1,5
2415,,0,1,1,2,2,85,75,180,420,1,5
2416,,0,1,1,2,4,65,60,180,420,5,5
2417,,0,1,1,2,2,35,11,180,420,2,5
2418,,0,1,1,2,5,52,39,180,420,2,5
2419,,0,1,1,2,2,82,61,180,420,1,5
2420,,0,1,1,2,2,52,53,180,420,1,5
2421,,0,1,1,2,4,21,82,180,420,2,5
2422,,0,1,1,2,4,77,51,180,420,1,5
2423,,0,1,1,2,4,41,54,180,420,1,5
2424,,0,1,1,2,2,94,24,180,420,1,5
2425,,0,1,1,2,4,63,57,180,420,1,5
2426,,0,1,1,2,2,70,92,180,420,1,5
2427,,0,1,1,2,4,66,48,180,420,1,5
2428,,0,1,1,2,4,14,48,180,420,1,5
2429,,0,1,1,2,5,82,32,180,420,1,5
2430,,0,1,1,2,1,26,14,180,420,3,5
2431,,0,1,1,2,3,32,39,180,420,1,5
2432,,0,1,1,2,3,63,82,180,420,1,5
2433,,0,1,1,2,5,14,79,180,420,1,5
2434,,0,1,1,2,2,16,87,180,420,1,5
2435,,0,1,1,2,5,47,43,180,420,3,5
2436,,0,1,1,2,4,29,46,180,420,2,5
2437,,0,1,1,2,3,36,29,180,420,1,5
2438,,0,1,1,2,1,52,41,180,420,1,5
2439,,0,1,1,2,4,40,12,180,420,1,5
2440,,0,1,1,2,5,6,87,180,420,1,5
2441,,0,1,1,2,3,36,49,180,420,1,5
2442,,0,1,1,2,5,34,21,180,420,1,5
2443,,0,1,1,2,4,59,85,180,420,1,5
2444,,0,1,1,2,5,35,23,180,420,1,5
2445,,0,1,1,2,2,91,32,180,420,5,5
2446,,0,1,1,2,3,58,39,180,420,1,5
2447,,0,1,1,2,2,93,22,180,420,1,5
2448,,0,1,1,2,1,53,20,180,420,1,5
2449,,0,1,1,2,1,52,59,180,420,1,5
2450,,0,1,1,2,4,26,51,180,420,1,5
2451,,0,1,1,2,2,46,88,180,420,1,5
2452,,0,1,1,2,1,7,97,180,420,1,5
2453,,0,1,1,2,3,37,46,180,420,1,5
2454,,0,1,1,2,3,24,88,180,420,5,5
2455,,0,1,1,2,3,40,89,180,420,1,5
2456,,0,1,1,2,2,48,39,180,420,1,5
2457,,0,1,1,2,5,58,42,180,420,1,5
2458,,0,1,1,2,4,16,74,180,420,1,5
2459,,0,1,1,2,4,50,49,180,420,1,5
2460,,0,1,1,2,1,27,64,180,420,1,5
2461,,0,1,1,2,5,23,32,180,420,3,5
2462,,0,1,1,2,4,34,95,180,420,2,5
2463,,0,1,1,2,2,51,70,180,420,1,5
2464,,0,1,1,2,1,48,37,180,420,1,5
2465,,0,1,1,2,2,74,74,180,420,1,5
2466,,0,1,1,2,3,61,52,180,420,1,5
2467,,0,1,1,2,3,69,81,180,420,5,5
2468,,0,1,1,2,2,50,36,180,420,1,5
2469,,0,1,1,2,3,32,93,180,420,1,5
2470,,0,1,1,2,1,28,13,180,420,1,5
2471,,0,1,1,2,3,17,58,180,420,3,5
2472,,0,1,1,2,1,29,16,180,420,1,5
2473,,0,1,1,2,5,8,75,180,420,3,5
2474,,0,1,1,2,5,22,20,180,420,1,5
2475,,0,1,1,2,4,46,84,180,420,1,5
2476,,0,1,1,2,5,57,21,180,420,1,5
2477,,0,1,1,2,4,27,52,180,420,1,5
2478,,0,1,1,2,3,50,90,180,420,1,5
2479,,0,1,1,2,3,59,49,180,420,1,5
2480,,0,1,1,2,1,4,31,180,420,1,5
2481,,0,1,1,2,3,85,50,180,420,1,5
2482,,0,1,1,2,3,47,52,180,420,1,5
2483,,0,1,1,2,4,71,58,180,420,1,5
2484,,0,1,1,2,4,30,36,180,420,1,5
2485,,0,1,1,2,3,22,70,180,420,1,5
2486,,0,1,1,2,3,23,91,180,420,1,5
2487,,0,1,1,2,4,13,48,180,420,1,5
2488,,0,1,1,2,2,94,68,180,420,1,5
2489,,0,1,1,2,1,55,51,180,420,5,5
2490,,0,1,1,2,3,39,92,180,420,1,5
2491,,0,1,1,2,1,3,80,180,420,2,5
2492,,0,1,1,2,4,55,52,180,420,1,5
2493,,0,1,1,2,1,30,49,180,420,1,5
2494,,0,1,1,2,4,50,92,180,420,3,5
2495,,0,1,1,2,1,50,59,180,420,5,5
2496,,0,1,1,2,1,4,84,180,420,5,5
2497,,0,1,1,2,3,78,83,180,420,3,5
2498,,0,1,1,2,5,20,63,180,420,1,5
2499,,0,1,1,2,3,50,84,180,420,1,5
2500,,0,1,1,2,2,42,32,180,420,1,5
2501,,0,1,1,2,3,68,66,180,420,3,5
2502,,0,1,1,2,3,52,96,180,420,1,5
2503,,0,1,1,2,1,10,19,180,420,1,5
2504,,0,1,1,2,1,31,44,180,420,2,5
2505,,0,1,1,2,4,29,73,180,420,1,5
2506,,0,1,1,2,3,47,75,180,420,1,5
2507,,0,1,1,2,1,45,62,180,420,1,5
2508,,0,1,1,2,4,46,83,180,420,1,5
2509,,0,1,1,2,3,64,76,180,420,1,5
2510,,0,1,1,2,2,35,59,180,420,1,5
2511,,0,1,1,2,4,14,63,180,420,1,5
2512,,0,1,1,2,3,16,67,180,420,2,5
2513,,0,1,1,2,2,92,51,180,420,1,5
2514,,0,1,1,2,2,30,31,180,420,2,5
2515,,0,1,1,2,2,88,21,180,420,2,5
2516,,0,1,1,2,4,48,68,180,420,1,5
2517,,0,1,1,2,1,54,25,180,420,1,5
2518,,0,1,1,2,5,60,36,180,420,2,5
2519,,0,1,1,2,4,98,78,180,420,1,5
2520,,0,1,1,2,3,39,68,180,420,2,5
2521,,0,1,1,2,1,40,48,180,420,1,5
2522,,0,1,1,2,1,58,10,180,420,2,5
2523,,0,1,1,2,4,12,32,180,420,1,5
2524,,0,1,1,2,5,80,57,180,420,1,5
2525,,0,1,1,2,4,35,84,180,420,1,5
2526,,0,1,1,2,5,33,20,180,420,1,5
2527,,0,1,1,2,4,41,98,180,420,1,5
2528,,0,1,1,2,1,15,37,180,420,5,5
2529,,0,1,1,2,3,24,90,180,420,1,5
2530,,0,1,1,2,5,39,27,180,420,4,5
2531,,0,1,1,2,4,41,99,180,420,1,5
2532,,0,1,1,2,2,17,70,180,420,2,5
2533,,0,1,1,2,3,23,66,180,420,1,5
2534,,0,1,1,2,2,27,44,180,420,1,5
2535,,0,1,1,2,5,56,40,180,420,5,5
2536,,0,1,1,2,1,38,30,180,420,2,5
2537,,0,1,1,2,4,69,42,180,420,1,5
2538,,0,1,1,2,5,14,82,180,420,1,5
2539,,0,1,1,2,3,52,54,180,420,3,5
2540,,0,1,1,2,2,16,30,180,420,3,5
2541,,0,1,1,2,2,84,61,180,420,3,5
2542,,0,1,1,2,4,28,34,180,420,2,5
2543,,0,1,1,2,4,66,81,540,660,9,5
2544,,0,1,1,2,5,45,39,180,420,2,5
2545,,0,1,1,2,4,74,66,180,420,1,5
2546,,0,1,1,2,4,33,66,180,420,3,5
2547,,0,1,1,2,5,84,40,180,420,1,5
2548,,0,1,1,2,3,27,90,180,420,1,5
2549,,0,1,1,2,4,19,41,180,420,1,5
2550,,0,1,1,2,1,61,30,180,420,1,5
2551,,0,1,1,2,2,2,69,180,420,4,5
2552,,0,1,1,2,2,87,37,180,420,2,5
2553,,0,1,1,2,2,54,31,180,420,1,5
2554,,0,1,1,2,2,80,53,180,420,1,5
2555,,0,1,1,2,3,39,33,180,420,1,5
2556,,0,1,1,2,2,55,32,180,420,1,5
2557,,0,1,1,2,4,29,86,180,420,1,5
2558,,0,1,1,2,1,29,56,180,420,1,5
2559,,0,1,1,2,5,59,21,180,420,1,5
2560,,0,1,1,2,4,62,86,180,420,3,5
2561,,0,1,1,2,1,2,71,180,420,1,5
2562,,0,1,1,2,3,60,51,180,420,1,5
2563,,0,1,1,2,4,48,69,180,420,5,5
2564,,0,1,1,2,1,50,47,180,420,5,5
2565,,0,1,1,2,4,74,78,180,420,5,5
2566,,0,1,1,2,4,56,94,180,420,3,5
2567,,0,1,1,2,1,45,27,180,420,1,5
2568,,0,1,1,2,1,31,62,180,420,1,5
2569,,0,1,1,2,5,78,53,180,420,1,5
2570,,0,1,1,2,2,22,86,180,420,1,5
2571,,0,1,1,2,5,33,21,180,420,1,5
2572,,0,1,1,2,1,52,37,180,420,1,5
2573,,0,1,1,2,2,51,68,180,420,1,5
2574,,0,1,1,2,1,35,71,180,420,1,5
2575,,0,1,1,2,5,24,61,180,420,3,5
2576,,0,1,1,2,3,81,51,180,420,3,5
2577,,0,1,1,2,4,28,72,180,420,1,5
2578,,0,1,1,2,3,73,68,180,420,3,5
2579,,0,1,1,2,3,43,36,180,420,1,5
2580,,0,1,1,2,2,78,62,180,420,2,5
2581,,0,1,1,2,4,24,54,180,420,1,5
2582,,0,1,1,2,2,85,12,180,420,1,5
2583,,0,1,1,2,5,68,60,180,420,1,5
2584,,0,1,1,2,5,34,22,180,420,3,5
2585,,0,1,1,2,5,25,79,180,420,1,5
2586,,0,1,1,2,3,43,58,180,420,3,5
2587,,0,1,1,2,1,52,37,180,420,1,5
2588,,0,1,1,2,4,47,35,180,420,1,5
2589,,0,1,1,2,3,80,56,180,420,1,5
2590,,0,1,1,2,5,23,69,180,420,1,5
2591,,0,1,1,2,1,26,44,180,420,5,5
2592,,0,1,1,2,3,42,69,180,420,1,5
2593,,0,1,1,2,5,77,60,180,420,1,5
2594,,0,1,1,2,1,16,92,180,420,1,5
2595,,0,1,1,2,5,52,37,180,420,1,5
2596,,0,1,1,2,4,83,58,180,420,1,5
2597,,0,1,1,2,2,37,31,180,420,1,5
2598,,0,1,1,2,4,65,52,180,420,1,5
2599,,0,1,1,2,5,25,45,180,420,1,5
2600,,0,1,1,2,3,84,74,180,420,1,5
2601,,0,1,1,2,4,19,81,180,420,1,5
2602,,0,1,1,2,5,76,63,180,420,5,5
2603,,0,1,1,2,4,52,69,180,420,1,5
2604,,0,1,1,2,5,4,78,180,420,2,5
2605,,0,1,1,2,5,33,23,180,420,5,5
2606,,0,1,1,2,1,14,57,180,420,1,5
2607,,0,1,1,2,2,25,67,180,420,1,5
2608,,0,1,1,2,3,36,36,180,420,1,5
2609,,0,1,1,2,5,80,71,180,420,2,5
2610,,0,1,1,2,1,15,41,180,420,1,5
2611,,0,1,1,2,3,33,75,180,420,1,5
2612,,0,1,1,2,4,42,56,180,420,1,5
2613,,0,1,1,2,2,70,77,180,420,1,5
2614,,0,1,1,2,3,36,88,180,420,5,5
2615,,0,1,1,2,3,36,68,180,420,1,5
2616,,0,1,1,2,2,89,40,180,420,5,5
2617,,0,1,1,2,4,41,51,180,420,1,5
2618,,0,1,1,2,1,39,19,180,420,5,5
2619,,0,1,1,2,4,18,79,180,420,5,5
2620,,0,1,1,2,2,69,55,180,420,1,5
2621,,0,1,1,2,3,85,81,180,420,1,5
2622,,0,1,1,2,3,58,46,180,420,1,5
2623,,0,1,1,2,2,77,61,180,420,1,5
2624,,0,1,1,2,3,12,55,180,420,3,5
2625,,0,1,1,2,4,54,46,180,420,1,5
2626,,0,1,1,2,5,55,36,180,420,1,5
2627,,0,1,1,2,4,29,40,180,420,1,5
2628,,0,1,1,2,1,34,21,180,420,1,5
2629,,0,1,1,2,3,47,69,180,420,1,5
2630,,0,1,1,2,2,54,79,180,420,1,5
2631,,0,1,1,2,3,88,79,180,420,4,5
2632,,0,1,1,2,2,44,59,180,420,2,5
2633,,0,1,1,2,5,79,74,180,420,1,5
2634,,0,1,1,2,3,39,57,180,420,1,5
2635,,0,1,1,2,5,12,70,180,420,1,5
2636,,0,1,1,2,1,57,37,180,420,1,5
2637,,0,1,1,2,3,56,40,180,420,1,5
2638,,0,1,1,2,4,18,47,180,420,1,5
2639,,0,1,1,2,4,22,49,180,420,1,5
2640,,0,1,1,2,1,3,74,180,420,1,5
2641,,0,1,1,2,1,38,20,180,420,1,5
2642,,0,1,1,2,5,56,11,180,420,1,5
2643,,0,1,1,2,3,50,61,660,900,1,5
2644,,0,1,1,2,2,68,74,180,420,2,5
2645,,0,1,1,2,5,65,30,180,420,5,5
2646,,0,1,1,2,3,45,60,180,420,1,5
2647,,0,1,1,2,4,55,48,180,420,1,5
2648,,0,1,1,2,1,75,1,180,420,1,5
2649,,0,1,1,2,1,58,28,180,420,1,5
2650,,0,1,1,2,4,32,67,180,420,2,5
2651,,0,1,1,2,1,61,13,180,420,1,5
2652,,0,1,1,2,2,46,72,180,420,1,5
2653,,0,1,1,2,3,27,37,180,420,1,5
2654,,0,1,1,2,4,55,81,180,420,1,5
2655,,0,1,1,2,4,43,52,180,420,1,5
2656,,0,1,1,2,5,27,40,180,420,1,5
2657,,0,1,1,2,3,35,63,180,420,1,5
2658,,0,1,1,2,5,68,72,180,420,1,5
2659,,0,1,1,2,5,58,12,180,420,1,5
2660,,0,1,1,2,1,16,61,180,420,1,5
2661,,0,1,1,2,4,21,39,180,420,1,5
2662,,0,1,1,2,2,47,70,180,420,3,5
2663,,0,1,1,2,2,58,54,180,420,1,5
2664,,0,1,1,2,3,88,80,180,420,5,5
2665,,0,1,1,2,2,15,71,180,420,1,5
2666,,0,1,1,2,1,31,74,180,420,1,5
2667,,0,1,1,2,3,15,59,180,420,5,5
2668,,0,1,1,2,5,26,24,180,420,4,5
2669,,0,1,1,2,1,61,32,180,420,1,5
2670,,0,1,1,2,3,33,90,180,420,1,5
2671,,0,1,1,2,2,19,75,180,420,1,5
2672,,0,1,1,2,3,19,59,180,420,2,5
2673,,0,1,1,2,4,45,72,180,420,1,5
2674,,0,1,1,2,2,86,37,180,420,2,5
2675,,0,1,1,2,4,52,85,180,420,1,5
2676,,0,1,1,2,4,73,67,180,420,1,5
2677,,0,1,1,2,3,70,55,180,420,1,5
2678,,0,1,1,2,4,17,65,180,420,1,5
2679,,0,1,1,2,3,54,69,180,420,1,5
2680,,0,1,1,2,2,37,85,180,420,1,5
2681,,0,1,1,2,5,30,37,180,420,2,5
2682,,0,1,1,2,5,42,23,180,420,2,5
2683,,0,1,1,2,3,30,60,180,420,1,5
2684,,0,1,1,2,3,62,49,180,420,1,5
2685,,0,1,1,2,2,100,45,180,420,1,5
2686,,0,1,1,2,5,29,40,180,420,1,5
2687,,0,1,1,2,5,40,38,180,420,1,5
2688,,0,1,1,2,3,57,39,180,420,1,5
2689,,0,1,1,2,2,66,49,180,420,1,5
2690,,0,1,1,2,5,23,64,180,420,1,5
2691,,0,1,1,2,3,29,59,180,420,1,5
2692,,0,1,1,2,5,72,66,180,420,1,5
2693,,0,1,1,2,5,57,21,180,420,1,5
2694,,0,1,1,2,5,76,73,180,420,1,5
2695,,0,1,1,2,1,11,24,180,420,1,5
2696,,0,1,1,2,2,57,47,180,420,1,5
2697,,0,1,1,2,3,38,56,180,420,1,5
2698,,0,1,1,2,5,42,49,180,420,1,5
2699,,0,1,1,2,5,51,39,180,420,1,5
2700,,0,1,1,2,1,49,19,180,420,1,5
2701,,0,1,1,2,2,72,30,180,420,1,5
2702,,0,1,1,2,4,14,37,180,420,5,5
2703,,0,1,1,2,4,36,60,180,420,1,5
2704,,0,1,1,2,2,18,58,180,420,1,5
2705,,0,1,1,2,4,37,92,180,420,5,5
2706,,0,1,1,2,4,34,88,180,420,5,5
2707,,0,1,1,2,1,44,21,180,420,1,5
2708,,0,1,1,2,3,28,80,180,420,1,5
2709,,0,1,1,2,3,71,83,180,420,2,5
2710,,0,1,1,2,4,9,68,180,420,2,5
2711,,0,1,1,2,1,29,37,180,420,1,5
2712,,0,1,1,2,4,14,36,180,420,1,5
2713,,0,1,1,2,4,72,67,180,420,1,5
2714,,0,1,1,2,5,63,28,180,420,1,5
2715,,0,1,1,2,2,26,40,180,420,1,5
2716,,0,1,1,2,2,51,28,180,420,1,5
2717,,0,1,1,2,3,72,85,180,420,2,5
2718,,0,1,1,2,4,52,81,180,420,1,5
2719,,0,1,1,2,1,16,14,180,420,1,5
2720,,0,1,1,2,5,23,24,180,420,1,5
2721,,0,1,1,2,4,22,55,180,420,1,5
2722,,0,1,1,2,4,55,97,180,420,1,5
2723,,0,1,1,2,2,34,91,180,420,1,5
2724,,0,1,1,2,1,25,44,180,420,1,5
2725,,0,1,1,2,1,41,60,180,420,1,5
2726,,0,1,1,2,1,17,18,180,420,1,5
2727,,0,1,1,2,3,28,90,180,420,1,5
2728,,0,1,1,2,3,78,90,180,420,1,5
2729,,0,1,1,2,5,63,28,180,420,1,5
2730,,0,1,1,2,3,17,80,180,420,1,5
2731,,0,1,1,2,3,70,56,180,420,1,5
2732,,0,1,1,2,2,74,40,180,420,1,5
2733,,0,1,1,2,1,26,74,180,420,1,5
2734,,0,1,1,2,1,17,47,180,420,3,5
2735,,0,1,1,2,5,27,70,180,420,3,5
2736,,0,1,1,2,2,39,69,180,420,3,5
2737,,0,1,1,2,3,25,64,180,420,1,5
2738,,0,1,1,2,4,35,61,180,420,1,5
2739,,0,1,1,2,1,28,52,180,420,1,5
2740,,0,1,1,2,4,12,66,180,420,1,5
2741,,0,1,1,2,1,43,47,180,420,1,5
2742,,0,1,1,2,3,46,59,180,420,1,5
2743,,0,1,1,2,4,66,65,180,420,1,5
2744,,0,1,1,2,1,27,27,180,420,1,5
2745,,0,1,1,2,4,52,80,180,420,2,5
2746,,0,1,1,2,1,60,11,180,420,1,5
2747,,0,1,1,2,2,96,35,180,420,1,5
2748,,0,1,1,2,5,55,26,180,420,1,5
2749,,0,1,1,2,3,82,68,180,420,1,5
2750,,0,1,1,2,5,65,34,180,420,1,5
2751,,0,1,1,2,5,62,17,180,420,1,5
2752,,0,1,1,2,4,71,80,180,420,1,5
2753,,0,1,1,2,2,6,83,180,420,1,5
2754,,0,1,1,2,1,43,30,180,420,1,5
2755,,0,1,1,2,1,16,11,180,420,1,5
2756,,0,1,1,2,2,40,81,180,420,1,5
2757,,0,1,1,2,3,27,41,180,420,1,5
2758,,0,1,1,2,3,33,67,180,420,5,5
2759,,0,1,1,2,3,34,41,180,420,3,5
2760,,0,1,1,2,1,9,54,180,420,2,5
2761,,0,1,1,2,2,15,72,180,420,3,5
2762,,0,1,1,2,1,38,45,180,420,2,5
2763,,0,1,1,2,2,91,69,180,420,2,5
2764,,0,1,1,2,1,34,30,180,420,2,5
2765,,0,1,1,2,4,25,52,180,420,1,5
2766,,0,1,1,2,3,70,89,180,420,2,5
2767,,0,1,1,2,4,18,82,180,420,2,5
2768,,0,1,1,2,2,28,62,180,420,2,5
2769,,0,1,1,2,3,44,54,180,420,2,5
2770,,0,1,1,2,4,86,37,180,420,1,5
2771,,0,1,1,2,2,31,57,180,420,5,5
2772,,0,1,1,2,4,47,84,180,420,2,5
2773,,0,1,1,2,3,27,62,180,420,2,5
2774,,0,1,1,2,3,49,64,180,420,1,5
2775,,0,1,1,2,2,36,38,180,420,3,5
2776,,0,1,1,2,3,16,85,180,420,2,5
2777,,0,1,1,2,3,78,57,180,420,1,5
2778,,0,1,1,2,4,38,93,180,420,2,5
2779,,0,1,1,2,3,30,41,180,420,5,5
2780,,0,1,1,2,3,39,41,180,420,1,5
2781,,0,1,1,2,2,33,84,180,420,1,5
2782,,0,1,1,2,4,17,53,180,420,1,5
2783,,0,1,1,2,3,41,54,180,420,1,5
2784,,0,1,1,2,3,72,73,180,420,1,5
2785,,0,1,1,2,2,28,77,180,420,1,5
2786,,0,1,1,2,5,43,39,180,420,1,5
2787,,0,1,1,2,5,1,75,180,420,2,5
2788,,0,1,1,2,3,76,93,180,420,1,5
2789,,0,1,1,2,1,33,76,180,420,5,5
2790,,0,1,1,2,2,56,77,180,420,3,5
2791,,0,1,1,2,4,50,44,180,420,1,5
2792,,0,1,1,2,1,16,20,180,420,1,5
2793,,0,1,1,2,2,49,49,180,420,1,5
2794,,0,1,1,2,4,10,80,180,420,1,5
2795,,0,1,1,2,5,72,61,180,420,5,5
2796,,0,1,1,2,5,60,41,180,420,1,5
2797,,0,1,1,2,2,93,37,180,420,5,5
2798,,0,1,1,2,2,26,91,180,420,1,5
2799,,0,1,1,2,3,24,32,180,420,1,5
2800,,0,1,1,2,3,25,73,180,420,3,5
2801,,0,1,1,2,3,33,85,180,420,1,5
2802,,0,1,1,2,3,22,84,180,420,5,5
2803,,0,1,1,2,2,26,87,180,420,3,5
2804,,0,1,1,2,3,72,64,180,420,6,5
2805,,0,1,1,2,3,51,89,180,420,4,5
2806,,0,1,1,2,5,40,29,180,420,5,5
2807,,0,1,1,2,1,30,63,180,420,5,5
2808,,0,1,1,2,3,40,64,180,420,4,5
2809,,0,1,1,2,5,54,55,180,420,6,5
2810,,0,1,1,2,3,77,67,180,420,5,5
2811,,0,1,1,2,4,39,94,180,420,2,5
2812,,0,1,1,2,3,50,45,180,420,6,5
2813,,0,1,1,2,3,41,89,180,420,1,5
2814,,0,1,1,2,1,8,45,180,420,2,5
2815,,0,1,1,2,2,3,84,180,420,5,5
2816,,0,1,1,2,3,56,40,180,420,2,5
2817,,0,1,1,2,4,44,56,180,420,4,5
2818,,0,1,1,2,1,52,55,180,420,6,5
2819,,0,1,1,2,2,35,62,180,420,5,5
2820,,0,1,1,2,2,86,18,180,420,1,5
2821,,0,1,1,2,3,63,58,180,420,1,5
2822,,0,1,1,2,4,16,73,180,420,5,5
2823,,0,1,1,2,4,17,38,180,420,3,5
2824,,0,1,1,2,3,53,41,180,420,2,5
2825,,0,1,1,2,4,30,49,180,420,3,5
2826,,0,1,1,2,3,18,67,180,420,3,5
2827,,0,1,1,2,4,18,43,180,420,1,5
