Order,Day-Order,Time-Order,Day-Ops,Service,Type,Origin,X,Y,Early,Latest,Demand,Service Time 
,,,,,0,1,50,100,,,,0
,,,,,1,1,27,36,,,,15
,,,,,1,1,60,24,,,,15
,,,,,0,2,50,100,,,,0
,,,,,1,2,53,67,,,,15
,,,,,1,2,22,33,,,,15
1,1,0,2,2,3,2,98,42,180,300,1,5
2,1,0,1,2,3,2,18,88,0,300,2,5
3,1,0,1,2,3,2,82,78,300,420,4,5
4,1,0,1,2,3,2,90,93,300,420,4,5
5,1,0,1,2,3,1,71,0,300,420,1,5
6,1,0,1,2,3,2,14,69,420,540,4,5
7,1,0,1,2,3,1,78,22,420,540,4,5
8,1,0,1,1,3,1,78,29,60,180,4,5
9,1,0,1,1,3,1,19,16,60,180,3,5
10,1,0,1,1,3,2,95,2,60,180,3,5
11,1,0,1,1,3,1,67,92,60,180,3,5
12,1,0,1,2,3,1,67,94,60,180,4,5
13,1,0,1,2,3,2,4,77,0,300,1,5
14,1,0,1,2,3,1,76,100,300,600,2,5
15,1,0,1,2,3,2,39,68,180,300,1,5
16,1,0,1,2,3,1,81,80,420,540,3,5
17,1,0,1,1,3,2,99,5,60,180,3,5
18,1,0,1,2,3,2,21,78,180,300,4,5
19,1,0,1,2,3,2,76,88,180,300,3,5
20,1,0,1,2,3,2,0,5,180,300,4,5
21,1,0,1,2,3,1,6,3,300,420,3,5
22,1,0,1,2,3,1,63,79,420,540,1,5
23,1,0,1,2,3,1,66,50,0,300,4,5
24,1,0,1,1,3,1,51,59,60,180,3,5
25,1,0,1,2,3,1,9,45,180,300,3,5
26,1,0,1,1,3,1,4,75,60,180,4,5
27,1,0,1,1,3,2,76,95,60,180,4,5
28,1,0,1,1,3,2,92,19,60,180,2,5
29,1,0,1,1,3,2,10,60,60,180,3,5
30,1,0,1,2,3,2,97,82,300,420,3,5
31,1,0,1,1,3,1,32,80,60,180,4,5
32,1,0,1,2,3,1,34,67,0,300,4,5
33,1,0,1,2,3,1,44,50,300,600,4,5
34,1,0,1,2,3,2,53,42,180,300,1,5
35,1,0,1,1,3,2,95,94,60,180,4,5
36,1,0,1,2,3,1,62,46,60,180,1,5
37,1,0,1,2,3,1,26,54,60,180,4,5
38,1,0,1,2,3,1,68,21,60,180,4,5
39,1,0,1,2,3,2,55,79,420,540,1,5
40,1,0,1,2,3,2,9,75,180,300,2,5
41,1,0,1,2,3,2,38,14,420,540,3,5
42,1,0,1,1,3,1,94,90,60,180,3,5
43,1,0,1,1,3,1,27,63,60,180,4,5
44,1,0,1,2,3,2,71,3,420,540,2,5
45,1,0,1,1,3,1,73,45,60,180,4,5
46,1,0,1,1,3,1,72,24,60,180,1,5
47,1,0,1,2,3,2,98,54,60,180,2,5
48,1,0,1,2,3,2,58,9,180,300,3,5
49,1,0,1,2,3,1,77,99,420,540,1,5
50,1,0,1,1,3,1,24,2,60,180,3,5
51,1,0,1,1,3,1,73,33,60,180,3,5
52,1,0,1,2,3,1,68,8,300,420,1,5
53,1,0,1,2,3,2,41,71,60,180,1,5
54,1,0,1,2,3,1,5,9,180,300,1,5
55,1,0,1,2,3,2,100,84,180,300,4,5
56,1,0,1,2,3,2,60,47,420,540,4,5
57,1,0,1,2,3,2,60,14,300,420,2,5
58,1,0,1,1,3,2,80,2,60,180,1,5
59,1,0,1,1,3,2,15,68,60,180,4,5
60,1,0,1,2,3,1,40,14,0,300,2,5
61,1,0,1,2,3,2,81,99,420,540,3,5
62,1,0,1,2,3,1,87,63,180,300,1,5
63,1,0,1,2,3,2,25,1,300,600,4,5
64,1,0,1,2,3,2,90,26,60,180,4,5
65,1,0,1,1,3,1,91,76,60,180,4,5
66,1,0,1,2,3,1,48,91,0,300,4,5
67,1,0,1,2,3,2,40,100,0,300,1,5
68,1,0,1,2,3,2,59,2,0,300,2,5
69,1,0,1,1,3,2,62,31,60,180,2,5
70,1,0,1,2,3,1,66,16,60,180,4,5
71,1,0,1,2,3,2,53,97,180,300,1,5
72,1,0,1,1,3,2,5,11,60,180,1,5
73,1,0,1,2,3,2,14,19,300,600,1,5
74,1,0,1,2,3,1,64,59,300,600,1,5
75,1,0,1,2,3,2,36,60,420,540,1,5
76,1,0,1,2,3,1,81,82,420,540,2,5
77,1,0,1,2,3,2,31,52,60,180,2,5
78,1,0,1,2,3,1,68,72,0,300,4,5
79,1,0,1,2,3,2,99,0,0,300,2,5
80,1,0,1,1,3,1,82,60,60,180,1,5
81,1,0,1,1,3,1,14,77,60,180,4,5
82,1,0,1,2,3,1,69,90,420,540,4,5
83,1,0,1,2,3,1,86,33,300,600,2,5
84,1,0,1,2,3,2,98,48,300,420,1,5
85,1,0,1,2,3,2,45,0,180,300,2,5
86,1,0,1,1,3,1,69,54,60,180,3,5
87,1,0,1,1,3,2,24,84,60,180,3,5
88,1,0,1,1,3,1,50,42,60,180,4,5
89,1,0,1,1,3,2,3,59,60,180,4,5
90,1,0,1,1,3,1,97,32,60,180,4,5
91,1,0,1,2,3,2,29,20,300,420,4,5
92,1,0,1,2,3,2,75,6,180,300,4,5
93,1,0,1,2,3,2,63,52,420,540,4,5
94,1,0,1,2,3,2,24,78,300,600,1,5
95,1,0,1,2,3,2,83,37,0,300,1,5
96,1,0,1,2,3,1,26,98,420,540,2,5
97,1,0,1,1,3,2,19,57,60,180,3,5
98,1,0,1,2,3,2,77,62,300,600,4,5
99,1,0,1,2,3,1,29,84,300,600,2,5
100,1,0,1,2,3,2,76,68,180,300,3,5
101,1,0,1,2,3,2,52,45,420,540,3,5
102,1,0,1,2,3,1,71,79,60,180,3,5
103,1,0,1,1,3,2,0,26,60,180,3,5
104,1,0,1,2,3,2,53,69,180,300,4,5
105,1,0,1,2,3,1,49,74,300,420,4,5
106,1,0,1,2,3,2,19,59,180,300,2,5
107,1,0,1,1,3,1,77,43,60,180,3,5
108,1,0,1,2,3,2,18,74,180,300,2,5
109,1,0,1,1,3,2,68,86,60,180,2,5
110,1,0,1,1,3,1,38,22,60,180,1,5
111,1,0,1,2,3,2,21,12,300,420,2,5
112,1,0,1,2,3,2,8,98,60,180,2,5
113,1,0,1,2,3,2,79,31,60,180,3,5
114,1,0,1,2,3,1,66,25,300,600,4,5
115,1,0,1,2,3,1,28,7,300,600,2,5
116,1,0,1,2,3,1,77,33,180,300,2,5
117,1,0,1,2,3,1,78,9,180,300,3,5
118,1,0,1,2,3,2,24,65,0,300,1,5
119,1,0,1,1,3,1,44,12,60,180,1,5
120,1,400,2,2,3,1,74,42,60,180,4,5
121,1,174,2,2,3,2,63,2,420,540,2,5
122,1,437,2,2,3,2,56,28,420,540,3,5
123,1,334,2,2,3,1,58,58,420,540,3,5
124,1,29,2,2,3,2,1,66,180,300,2,5
125,1,245,2,1,3,2,83,90,180,300,2,5
126,1,153,2,2,3,2,42,19,60,180,1,5
127,1,348,2,1,3,2,80,88,0,300,2,5
128,1,0,2,1,3,1,91,5,180,300,3,5
129,1,417,2,2,3,1,15,68,300,420,3,5
130,1,184,2,1,3,2,79,24,60,180,3,5
131,1,239,2,2,3,1,30,40,180,300,2,5
132,1,23,2,1,3,2,89,31,0,300,2,5
133,1,570,2,2,3,1,40,73,60,180,1,5
134,1,215,2,1,3,2,87,89,0,300,3,5
135,1,313,2,1,3,1,55,78,180,300,4,5
136,1,424,2,2,3,2,6,50,180,300,2,5
137,1,546,2,1,3,2,20,75,0,300,4,5
138,1,118,2,2,3,2,53,44,0,300,2,5
139,1,52,2,1,3,2,87,0,180,300,2,5
140,1,279,2,1,3,1,49,64,180,300,4,5
141,1,450,2,2,3,2,86,0,60,180,4,5
142,1,480,2,1,3,2,19,42,180,300,4,5
143,1,523,2,2,3,2,48,76,300,600,1,5
144,1,278,2,2,3,2,53,55,420,540,2,5
145,1,116,2,1,3,1,2,14,0,300,1,5
146,1,257,2,2,3,2,61,42,420,540,2,5
147,1,302,2,2,3,1,21,86,420,540,3,5
148,1,572,2,2,3,1,67,87,60,180,4,5
149,1,20,2,2,3,1,14,11,0,300,2,5
150,1,281,2,1,3,2,38,96,180,300,2,5
151,1,237,2,1,3,2,63,57,0,300,3,5
152,7,385,8,1,3,2,74,89,180,300,3,5
153,1,513,3,2,3,2,16,77,420,540,4,5
154,13,130,13,2,3,2,55,80,420,540,3,5
155,2,99,2,1,3,2,42,53,180,300,1,5
156,7,499,8,2,3,1,41,85,420,540,1,5
157,6,429,7,1,3,2,50,42,60,180,2,5
158,13,34,13,1,3,1,5,28,60,180,2,5
159,7,363,8,2,3,1,6,98,0,300,2,5
160,2,477,3,2,3,2,25,27,300,420,1,5
161,14,15,15,2,3,1,42,75,300,600,1,5
162,4,417,5,2,3,1,34,39,180,300,1,5
163,8,525,9,1,3,1,26,56,180,300,2,5
164,2,191,4,2,3,2,4,62,180,300,4,5
165,1,150,1,2,3,2,25,23,420,540,4,5
166,11,28,11,1,3,2,14,88,60,180,1,5
167,10,358,12,2,3,1,52,88,0,300,3,5
168,8,481,9,2,3,2,0,60,420,540,3,5
169,7,223,9,2,3,2,48,79,0,300,1,5
170,2,269,2,2,3,2,60,8,420,540,1,5
171,13,37,13,2,3,1,12,86,60,180,2,5
172,4,564,5,1,3,2,31,82,180,300,2,5
173,14,92,14,2,3,1,37,43,300,600,4,5
174,9,127,10,2,3,2,83,73,420,540,2,5
175,8,485,9,2,3,1,29,92,0,300,1,5
176,2,312,2,2,3,1,98,23,420,540,3,5
177,14,577,16,2,3,2,48,31,180,300,1,5
178,8,59,10,2,3,1,61,35,60,180,1,5
179,8,37,9,1,3,1,33,91,0,300,4,5
180,11,33,12,1,3,2,86,87,60,180,3,5
181,6,587,7,1,3,2,32,62,60,180,4,5
182,1,381,1,2,3,2,88,99,420,540,3,5
183,7,593,8,2,3,2,65,59,0,300,2,5
184,12,4,13,2,3,2,8,83,60,180,3,5
185,7,561,8,1,3,2,2,22,0,300,4,5
186,13,596,15,1,3,2,78,90,0,300,1,5
187,12,74,13,1,3,1,21,94,0,300,3,5
188,8,133,8,2,3,1,60,81,300,420,3,5
189,6,355,8,2,3,1,43,42,420,540,3,5
190,1,220,2,2,3,2,72,22,0,300,4,5
191,13,99,14,2,3,1,92,60,300,420,3,5
192,11,483,13,2,3,1,59,50,0,300,2,5
193,5,308,6,2,3,1,86,4,0,300,4,5
194,11,440,12,2,3,1,22,91,300,600,3,5
195,13,22,13,1,3,1,48,31,60,180,1,5
196,14,397,15,2,3,1,3,29,60,180,3,5
197,9,546,11,2,3,1,64,92,0,300,3,5
198,6,116,6,1,3,1,61,84,180,300,2,5
199,14,66,14,1,3,2,68,41,180,300,2,5
200,6,527,7,2,3,2,20,90,300,420,2,5
201,5,295,6,1,3,2,91,93,60,180,2,5
202,9,184,9,2,3,2,25,59,300,600,3,5
203,5,329,6,2,3,2,70,12,300,600,2,5
204,9,93,9,2,3,1,79,74,420,540,2,5
205,6,89,6,2,3,2,35,87,420,540,1,5
206,11,136,11,2,3,2,6,46,420,540,3,5
207,6,498,7,1,3,1,99,11,0,300,1,5
208,10,108,10,2,3,2,60,38,300,600,4,5
209,6,570,7,2,3,1,100,10,180,300,2,5
210,6,369,6,2,3,1,8,34,420,540,1,5
211,11,434,12,1,3,2,23,0,0,300,4,5
212,7,108,7,2,3,2,67,54,420,540,2,5
213,13,315,13,2,3,2,39,31,420,540,3,5
214,3,320,3,2,3,1,46,53,420,540,3,5
215,4,223,4,2,3,1,20,42,300,600,4,5
216,7,367,7,2,3,2,4,19,420,540,2,5
217,8,502,9,1,3,1,12,61,180,300,1,5
218,6,337,6,2,3,1,50,86,420,540,1,5
219,2,193,4,1,3,2,1,84,0,300,1,5
220,10,343,10,2,3,1,70,65,420,540,4,5
221,8,282,8,2,3,1,79,98,300,600,2,5
222,13,120,13,1,3,1,64,27,180,300,1,5
223,9,91,10,1,3,1,20,5,60,180,2,5
224,9,157,11,2,3,2,23,50,300,420,3,5
225,13,58,13,1,3,1,93,70,60,180,2,5
226,11,379,11,2,3,1,92,72,420,540,4,5
227,9,119,9,2,3,1,7,13,180,300,2,5
228,2,221,3,2,3,1,31,58,180,300,1,5
229,14,377,14,2,3,2,23,88,420,540,3,5
230,7,559,9,2,3,2,57,96,0,300,1,5
231,10,422,12,1,3,1,29,37,180,300,1,5
232,8,212,8,2,3,1,30,40,300,600,1,5
233,3,205,3,2,3,1,3,20,420,540,1,5
234,10,245,10,2,3,1,77,83,300,600,1,5
235,6,265,6,2,3,1,42,43,420,540,2,5
236,9,199,9,2,3,1,75,45,300,420,1,5
237,14,161,14,2,3,2,26,68,300,600,4,5
238,6,250,7,2,3,1,17,70,60,180,4,5
239,4,48,4,2,3,2,31,37,60,180,1,5
240,6,203,6,2,3,2,3,43,300,420,1,5
241,4,88,4,2,3,2,11,58,180,300,4,5
242,5,280,5,2,3,2,14,26,420,540,2,5
243,9,408,9,2,3,2,6,23,420,540,3,5
244,12,320,12,2,3,2,99,96,420,540,4,5
245,14,192,15,2,3,1,41,73,60,180,1,5
246,12,512,13,2,3,2,81,54,420,540,2,5
247,14,195,15,1,3,1,72,3,60,180,2,5
248,2,15,2,1,3,1,84,51,60,180,3,5
249,10,398,10,2,3,1,79,79,420,540,4,5
250,11,562,12,1,3,1,61,83,60,180,1,5
251,5,378,5,2,3,2,33,93,420,540,2,5
252,3,358,4,2,3,2,21,57,0,300,4,5
253,3,1,3,2,3,2,76,93,180,300,1,5
254,13,552,14,1,3,1,96,63,0,300,2,5
255,7,460,9,1,3,2,64,85,0,300,2,5
256,10,202,11,2,3,2,11,6,180,300,2,5
257,2,303,3,1,3,2,30,80,180,300,4,5
258,8,47,9,1,3,1,51,71,60,180,4,5
259,10,7,11,1,3,1,3,12,180,300,3,5
260,7,276,9,2,3,1,58,61,180,300,2,5
261,13,437,14,1,3,1,92,85,60,180,3,5
262,6,337,6,2,3,1,2,92,420,540,1,5
263,8,114,8,1,3,1,86,76,180,300,1,5
264,10,190,10,2,3,2,38,16,420,540,3,5
265,11,483,13,1,3,2,96,49,180,300,2,5
266,1,17,1,1,3,2,94,40,60,180,3,5
267,7,266,7,2,3,2,13,12,420,540,1,5
268,11,364,12,1,3,2,75,17,180,300,2,5
269,5,531,7,2,3,1,61,10,300,600,2,5
270,12,73,14,2,3,1,68,53,420,540,3,5
271,9,301,11,2,3,1,87,17,0,300,1,5
272,4,389,4,2,3,1,56,94,420,540,3,5
273,5,232,6,1,3,2,63,91,180,300,1,5
274,1,57,1,2,3,2,79,17,300,600,4,5
275,3,398,3,2,3,1,32,84,420,540,4,5
276,13,487,15,1,3,2,25,71,60,180,4,5
277,8,599,9,2,3,2,41,52,0,300,3,5
278,2,387,3,2,3,2,94,22,420,540,2,5
279,14,110,14,2,3,2,68,8,420,540,2,5
280,11,131,11,2,3,2,41,66,420,540,1,5
281,13,318,13,2,3,1,92,19,420,540,3,5
282,3,199,4,2,3,2,87,14,180,300,3,5
283,11,255,11,2,3,1,99,9,420,540,4,5
284,7,492,9,2,3,1,63,14,300,600,1,5
285,2,323,2,2,3,2,43,26,420,540,1,5
286,6,188,6,2,3,1,72,44,300,420,1,5
287,12,393,12,2,3,1,4,34,420,540,1,5
288,5,462,6,2,3,1,42,18,60,180,1,5
289,8,211,9,2,3,2,42,44,180,300,4,5
290,7,79,8,2,3,1,80,100,0,300,1,5
291,10,307,11,2,3,2,60,36,420,540,2,5
292,6,495,7,2,3,1,11,49,180,300,2,5
293,8,131,9,2,3,2,89,42,420,540,1,5
294,7,113,7,1,3,1,69,63,180,300,3,5
295,9,323,9,2,3,1,13,22,420,540,3,5
296,14,182,14,2,3,1,57,71,420,540,2,5
297,6,242,6,2,3,1,72,42,420,540,1,5
298,10,519,12,1,3,1,8,13,0,300,3,5
299,11,164,11,2,3,1,4,66,180,300,2,5
300,5,334,5,2,3,2,44,75,420,540,2,5
301,7,581,9,2,3,2,80,35,180,300,1,5
302,14,353,14,2,3,2,12,8,420,540,4,5
303,14,389,14,2,3,2,45,12,420,540,3,5
304,2,120,2,2,3,1,52,42,300,600,2,5
305,4,218,4,2,3,2,14,62,300,600,4,5
306,6,512,7,2,3,2,74,71,300,420,1,5
307,4,330,4,2,3,1,82,59,420,540,1,5
308,6,82,7,2,3,1,23,0,60,180,4,5
309,1,520,2,2,3,1,63,12,420,540,2,5
310,13,276,14,2,3,2,54,28,60,180,2,5
311,7,388,7,2,3,1,17,67,420,540,2,5
312,3,449,4,2,3,1,10,44,60,180,2,5
313,12,465,14,2,3,1,43,61,180,300,4,5
314,6,8,6,2,3,2,17,91,300,600,1,5
315,10,443,12,2,3,2,59,22,60,180,1,5
316,3,132,3,2,3,1,11,81,180,300,3,5
317,7,572,9,1,3,2,34,35,60,180,3,5
318,2,396,2,2,3,1,17,97,420,540,3,5
319,4,460,5,1,3,1,35,83,0,300,2,5
320,12,383,12,2,3,1,43,44,420,540,3,5
321,5,404,5,2,3,1,40,49,420,540,4,5
322,12,62,12,1,3,1,77,71,180,300,3,5
323,9,98,10,2,3,2,12,94,0,300,4,5
324,11,502,12,2,3,2,63,70,180,300,2,5
325,8,554,10,2,3,2,75,59,300,420,1,5
326,6,152,7,1,3,2,32,62,60,180,2,5
327,10,68,10,2,3,2,67,81,300,420,2,5
328,2,535,3,1,3,2,48,94,0,300,3,5
329,10,140,11,2,3,1,39,13,180,300,3,5
330,4,243,4,2,3,1,46,29,300,420,2,5
331,1,132,1,2,3,2,74,83,180,300,2,5
332,14,251,15,1,3,1,30,56,180,300,1,5
333,4,82,4,2,3,2,4,31,300,420,3,5
334,7,423,9,2,3,2,87,68,420,540,2,5
335,14,503,16,2,3,1,77,18,0,300,2,5
336,10,281,10,2,3,1,48,43,420,540,1,5
337,5,472,6,1,3,2,55,68,60,180,2,5
338,11,174,11,2,3,2,51,28,300,600,3,5
339,13,301,13,2,3,2,68,26,420,540,2,5
340,7,226,7,2,3,1,95,80,300,600,1,5
341,12,22,13,2,3,2,3,91,0,300,3,5
342,13,431,14,1,3,2,92,53,0,300,3,5
343,7,545,9,2,3,2,59,75,180,300,4,5
344,1,251,1,2,3,1,64,56,420,540,2,5
345,8,67,9,1,3,1,43,59,0,300,1,5
346,14,532,15,2,3,2,14,50,180,300,2,5
347,11,440,12,2,3,1,40,16,300,600,3,5
348,3,348,5,2,3,2,20,56,60,180,2,5
349,6,487,7,2,3,1,75,20,300,600,2,5
350,11,392,11,2,3,2,4,93,420,540,3,5
351,6,202,7,1,3,2,28,55,0,300,1,5
352,9,593,11,2,3,1,19,85,60,180,2,5
353,10,139,11,2,3,2,70,46,180,300,3,5
354,12,255,12,2,3,2,64,70,300,420,3,5
355,5,507,6,2,3,1,73,98,300,420,1,5
356,2,178,2,2,3,2,25,75,300,600,2,5
357,9,427,11,2,3,2,98,43,420,540,1,5
358,9,321,10,2,3,1,65,82,300,420,1,5
359,13,477,15,1,3,1,6,2,0,300,2,5
360,4,7,4,2,3,2,40,7,0,300,2,5
361,4,590,5,2,3,2,55,69,300,420,3,5
362,11,475,13,2,3,2,37,88,300,420,4,5
363,2,308,2,2,3,1,36,56,420,540,2,5
364,3,256,3,2,3,1,78,18,300,600,1,5
365,13,479,14,1,3,2,70,8,60,180,1,5
366,13,162,13,1,3,1,37,6,180,300,3,5
367,8,435,9,2,3,1,5,99,60,180,4,5
368,9,489,11,2,3,1,73,99,0,300,2,5
369,13,146,13,2,3,2,19,97,180,300,2,5
370,1,28,2,1,3,1,65,13,60,180,1,5
371,4,149,5,2,3,2,54,62,420,540,2,5
372,14,389,15,2,3,1,20,87,180,300,1,5
373,6,587,7,2,3,2,31,22,300,420,1,5
374,4,444,5,2,3,2,53,48,0,300,2,5
375,10,107,11,2,3,2,88,31,180,300,2,5
376,9,121,9,1,3,2,80,71,180,300,4,5
377,4,160,4,2,3,1,45,55,300,600,4,5
378,10,137,10,1,3,1,77,50,180,300,3,5
379,4,95,4,1,3,1,88,99,180,300,2,5
380,11,238,11,2,3,2,83,37,420,540,1,5
381,8,364,8,2,3,2,0,43,420,540,4,5
382,3,155,4,1,3,1,65,72,180,300,4,5
383,5,289,6,2,3,1,79,87,420,540,2,5
384,5,583,6,2,3,2,64,38,180,300,4,5
385,5,54,5,2,3,1,72,72,180,300,4,5
386,7,106,8,2,3,1,94,25,60,180,4,5
387,11,63,12,1,3,2,28,77,0,300,4,5
388,14,176,15,2,3,1,70,41,180,300,4,5
389,9,423,10,1,3,1,66,90,180,300,3,5
390,8,297,8,2,3,1,7,92,300,600,3,5
391,6,477,7,2,3,2,52,8,0,300,4,5
392,2,583,3,2,3,1,11,5,420,540,1,5
393,7,571,8,2,3,2,85,53,60,180,3,5
394,5,246,5,2,3,2,88,47,300,600,4,5
395,2,291,3,2,3,2,97,46,60,180,1,5
396,6,391,7,2,3,1,10,94,180,300,2,5
397,9,487,10,1,3,1,86,62,60,180,1,5
398,7,28,7,1,3,1,19,73,60,180,1,5
399,4,476,5,2,3,2,28,43,60,180,4,5
400,4,565,6,2,3,2,48,40,420,540,3,5
401,13,248,13,2,3,1,63,97,420,540,2,5
402,4,255,4,2,3,1,64,45,300,420,4,5
403,5,320,5,2,3,1,44,38,420,540,3,5
404,7,16,9,2,3,1,71,0,60,180,4,5
405,11,528,12,2,3,1,98,81,60,180,3,5
406,8,212,8,2,3,2,14,98,420,540,2,5
407,6,132,6,2,3,2,77,22,300,420,2,5
408,7,25,7,1,3,2,92,79,60,180,2,5
409,14,235,15,2,3,1,31,78,180,300,3,5
410,10,49,11,2,3,1,98,76,420,540,1,5
411,4,271,4,2,3,1,21,38,300,600,2,5
412,13,15,13,2,3,1,85,62,0,300,4,5
413,1,244,2,2,3,1,1,70,0,300,4,5
414,5,88,5,1,3,2,12,11,180,300,1,5
415,10,200,10,2,3,2,55,3,300,600,3,5
416,9,472,10,1,3,1,26,44,180,300,3,5
417,13,241,13,2,3,1,26,64,420,540,4,5
418,9,595,11,2,3,2,16,11,300,420,4,5
419,5,431,7,2,3,2,23,66,180,300,2,5
420,13,208,14,2,3,1,94,75,180,300,3,5
421,7,172,7,2,3,2,3,43,180,300,3,5
422,8,516,9,2,3,2,97,87,420,540,4,5
423,7,145,8,1,3,2,46,54,180,300,1,5
424,2,285,3,2,3,1,33,80,0,300,3,5
425,10,252,11,1,3,1,53,41,180,300,3,5
426,2,579,4,2,3,2,60,98,420,540,2,5
427,5,242,6,2,3,2,24,75,60,180,2,5
428,13,135,13,1,3,1,63,15,180,300,2,5
429,10,274,11,1,3,1,50,41,60,180,1,5
430,9,387,9,2,3,1,96,40,420,540,3,5
431,8,289,8,2,3,2,23,51,300,420,3,5
432,14,507,15,2,3,2,0,39,60,180,4,5
433,9,157,10,2,3,1,75,74,180,300,1,5
434,14,468,15,2,3,2,95,5,60,180,1,5
435,8,581,10,2,3,2,5,12,0,300,2,5
436,4,150,4,1,3,1,75,61,180,300,1,5
437,4,420,4,2,3,1,46,5,420,540,1,5
438,1,51,1,1,3,2,37,72,60,180,3,5
439,8,373,8,2,3,2,92,47,420,540,2,5
440,9,396,9,2,3,1,86,29,420,540,3,5
441,10,474,12,1,3,2,12,85,180,300,3,5
442,8,57,9,2,3,2,30,82,180,300,1,5
443,1,568,2,2,3,2,71,95,0,300,2,5
444,7,444,9,2,3,2,9,16,180,300,4,5
445,7,54,8,2,3,2,14,90,180,300,3,5
446,2,214,3,2,3,2,53,74,0,300,2,5
447,1,131,1,1,3,1,95,43,180,300,4,5
448,4,398,4,2,3,2,28,39,420,540,2,5
449,4,382,4,2,3,2,63,33,420,540,1,5
450,9,576,10,2,3,2,47,97,0,300,4,5
451,7,534,9,2,3,2,94,76,0,300,1,5
452,3,584,5,2,3,2,26,15,60,180,4,5
453,8,222,9,2,3,2,25,65,0,300,1,5
454,11,8,11,2,3,2,73,43,180,300,4,5
455,14,463,15,1,3,1,91,90,180,300,1,5
456,11,164,11,2,3,1,76,61,420,540,1,5
457,14,572,15,2,3,1,92,68,180,300,2,5
458,5,580,7,2,3,1,89,67,60,180,2,5
459,1,372,1,2,3,1,44,15,420,540,3,5
460,9,268,9,2,3,1,96,23,420,540,4,5
461,8,364,9,2,3,1,13,42,300,600,2,5
462,5,398,5,2,3,2,41,78,420,540,2,5
463,7,117,7,2,3,1,84,32,300,420,3,5
464,11,262,12,1,3,2,55,4,180,300,4,5
465,12,428,13,1,3,1,88,36,0,300,4,5
466,4,455,5,2,3,1,60,24,300,420,1,5
467,10,142,12,1,3,1,60,41,0,300,3,5
468,14,279,15,1,3,1,74,73,0,300,4,5
469,9,213,9,2,3,2,90,87,420,540,2,5
470,11,523,13,1,3,2,54,17,180,300,3,5
471,10,452,12,1,3,2,67,37,0,300,3,5
472,14,17,14,2,3,2,64,26,300,600,4,5
473,10,85,10,2,3,2,5,26,420,540,2,5
474,3,559,5,2,3,2,61,6,60,180,4,5
475,2,387,3,1,3,1,75,0,180,300,1,5
476,14,56,14,2,3,1,22,29,180,300,2,5
477,1,280,1,2,3,1,47,11,300,600,2,5
478,1,261,1,2,3,1,42,54,300,420,2,5
479,1,51,1,1,3,1,83,22,60,180,2,5
480,12,341,12,2,3,2,64,63,420,540,4,5
481,7,580,9,1,3,1,97,93,180,300,1,5
482,12,252,12,2,3,2,98,33,420,540,3,5
483,1,402,2,1,3,2,13,29,0,300,2,5
484,8,54,8,2,3,2,80,11,60,180,1,5
485,3,543,5,2,3,2,78,2,0,300,2,5
486,12,236,13,1,3,1,90,59,60,180,3,5
487,14,267,14,2,3,1,43,79,420,540,3,5
488,2,398,2,2,3,1,57,29,420,540,2,5
489,11,222,12,2,3,2,0,11,60,180,4,5
490,3,151,5,2,3,1,63,21,60,180,4,5
491,13,432,14,2,3,2,94,23,300,420,2,5
492,9,584,10,1,3,2,32,26,0,300,4,5
493,12,130,13,1,3,1,91,82,180,300,4,5
494,11,60,12,2,3,1,74,21,0,300,3,5
495,8,184,8,2,3,2,31,47,420,540,1,5
496,7,103,7,2,3,2,5,63,420,540,1,5
497,2,371,2,2,3,1,24,97,420,540,1,5
498,5,371,5,2,3,2,64,97,420,540,4,5
499,4,553,5,2,3,1,19,23,300,600,3,5
500,3,178,4,1,3,2,55,50,0,300,1,5
501,12,484,14,1,3,2,4,78,180,300,4,5
502,5,502,6,1,3,1,39,72,180,300,2,5
503,3,180,3,2,3,2,99,73,300,600,4,5
504,1,295,1,2,3,1,0,54,420,540,4,5
505,12,491,14,2,3,2,2,18,300,600,4,5
506,12,589,13,1,3,2,66,88,0,300,1,5
507,14,423,16,2,3,1,68,86,0,300,4,5
508,13,288,13,2,3,1,74,78,300,420,4,5
509,10,203,10,2,3,1,4,2,420,540,2,5
510,14,225,14,2,3,1,100,63,420,540,1,5
511,6,34,6,1,3,1,35,10,60,180,2,5
512,1,93,1,1,3,2,56,88,180,300,1,5
513,2,94,2,1,3,2,64,76,180,300,1,5
514,4,136,4,1,3,2,94,2,180,300,3,5
515,9,409,9,2,3,2,62,31,420,540,4,5
516,2,380,2,2,3,1,84,3,420,540,4,5
517,3,488,5,2,3,2,74,52,60,180,2,5
518,13,104,13,1,3,1,47,63,180,300,2,5
519,13,14,13,2,3,1,19,9,60,180,1,5
520,4,552,6,2,3,1,64,40,300,600,1,5
521,14,556,16,1,3,2,53,31,60,180,1,5
522,8,404,8,2,3,2,69,63,420,540,1,5
523,7,222,7,2,3,1,96,39,300,420,4,5
524,12,228,13,2,3,2,44,80,180,300,3,5
525,10,33,10,2,3,2,19,41,300,600,4,5
526,7,208,7,2,3,1,52,41,420,540,3,5
527,9,345,9,2,3,2,3,18,420,540,4,5
528,9,64,9,2,3,1,30,50,180,300,1,5
529,4,494,6,1,3,2,50,55,0,300,4,5
530,9,314,10,1,3,2,71,27,180,300,4,5
531,2,254,2,2,3,1,32,43,300,420,4,5
532,11,49,11,2,3,1,90,1,420,540,2,5
533,9,589,11,2,3,1,75,81,0,300,1,5
534,2,144,3,2,3,1,17,65,300,600,2,5
535,3,91,3,2,3,2,11,18,300,600,2,5
536,12,30,13,1,3,2,11,83,0,300,2,5
537,12,330,12,2,3,2,4,63,420,540,1,5
538,1,48,2,2,3,1,81,56,420,540,1,5
539,7,193,7,2,3,2,90,79,420,540,1,5
540,11,587,13,2,3,1,14,96,0,300,2,5
541,11,515,12,2,3,1,77,13,300,600,2,5
542,10,527,12,1,3,2,70,12,0,300,4,5
543,10,595,12,2,3,1,44,63,60,180,2,5
544,13,301,13,2,3,2,69,94,420,540,3,5
545,12,182,12,2,3,2,59,66,420,540,2,5
546,14,376,14,2,3,1,30,100,420,540,4,5
547,12,150,12,2,3,1,15,61,300,600,1,5
548,13,345,14,2,3,2,38,5,300,420,1,5
549,11,340,11,2,3,1,16,96,420,540,2,5
550,12,156,12,2,3,1,15,6,300,600,4,5
551,3,149,4,2,3,1,21,1,420,540,1,5
552,5,503,7,2,3,2,38,36,300,420,4,5
553,11,423,13,1,3,2,14,77,0,300,1,5
554,1,499,2,2,3,1,77,41,420,540,2,5
555,13,578,14,2,3,1,4,81,300,420,2,5
556,13,152,13,1,3,1,17,37,180,300,2,5
557,2,73,2,1,3,1,16,5,180,300,1,5
558,10,126,10,2,3,1,46,10,300,420,4,5
559,14,581,15,2,3,1,78,20,0,300,1,5
560,4,75,4,2,3,1,44,92,420,540,1,5
561,12,444,13,2,3,2,87,30,420,540,2,5
562,14,242,15,2,3,1,51,69,0,300,4,5
563,1,481,3,2,3,1,43,44,300,420,3,5
564,11,382,11,2,3,1,15,47,420,540,1,5
565,2,428,3,2,3,1,76,24,60,180,3,5
566,6,87,6,2,3,1,67,40,420,540,2,5
567,8,505,9,2,3,2,1,96,420,540,1,5
568,9,210,10,2,3,2,48,99,420,540,3,5
569,1,588,2,2,3,2,51,67,420,540,4,5
570,12,287,12,2,3,1,23,78,420,540,4,5
571,14,520,16,2,3,1,25,48,0,300,2,5
572,10,312,11,2,3,1,53,47,0,300,1,5
573,13,165,14,2,3,1,27,53,300,600,2,5
574,14,199,15,1,3,2,29,64,60,180,2,5
575,1,570,3,2,3,1,60,86,180,300,3,5
576,8,58,8,2,3,2,53,100,300,420,1,5
577,12,304,13,1,3,1,63,1,180,300,2,5
578,5,329,6,1,3,2,43,93,0,300,3,5
579,14,254,14,2,3,1,69,16,420,540,3,5
580,5,97,6,2,3,1,42,77,180,300,2,5
581,12,371,12,2,3,1,9,60,420,540,1,5
582,1,253,1,2,3,2,18,71,300,600,2,5
583,9,26,9,1,3,2,30,31,60,180,4,5
584,7,517,9,1,3,2,56,33,180,300,1,5
585,8,259,9,2,3,2,26,66,0,300,3,5
586,9,286,9,2,3,2,81,0,420,540,2,5
587,14,495,15,1,3,2,43,34,60,180,2,5
588,7,4,8,1,3,2,34,53,60,180,3,5
589,12,198,14,1,3,2,54,79,0,300,1,5
590,7,338,8,2,3,1,73,7,60,180,2,5
591,4,358,4,2,3,1,12,34,420,540,2,5
592,4,452,6,2,3,1,88,54,60,180,1,5
593,9,552,11,2,3,1,8,37,420,540,3,5
594,9,182,9,2,3,1,78,96,420,540,3,5
595,9,533,11,2,3,1,99,70,300,420,1,5
596,2,347,2,2,3,2,58,42,420,540,2,5
597,3,465,5,1,3,1,45,38,180,300,2,5
598,13,518,14,2,3,2,72,34,0,300,4,5
599,7,148,8,2,3,1,17,78,60,180,1,5
600,8,44,8,1,3,2,11,98,60,180,2,5
601,4,440,6,1,3,1,70,28,0,300,3,5
602,3,78,3,1,3,1,57,42,180,300,3,5
603,12,183,12,2,3,2,16,67,300,600,4,5
604,10,77,10,2,3,2,23,48,300,600,4,5
605,10,255,11,2,3,2,3,88,180,300,4,5
606,5,533,6,1,3,1,0,89,0,300,4,5
607,3,472,5,2,3,2,1,41,0,300,3,5
608,11,116,11,2,3,2,70,90,180,300,3,5
609,2,527,3,2,3,2,92,23,300,420,2,5
610,5,216,6,2,3,1,70,32,180,300,2,5
611,10,179,10,2,3,2,87,70,300,600,3,5
612,9,220,10,2,3,2,57,37,60,180,2,5
613,6,268,7,1,3,1,26,40,180,300,4,5
614,3,442,4,2,3,1,82,26,180,300,2,5
615,3,245,4,2,3,1,74,9,180,300,1,5
616,3,122,3,2,3,1,10,89,300,420,2,5
617,2,400,2,2,3,2,80,43,420,540,3,5
618,10,90,10,2,3,2,94,96,300,420,3,5
619,9,566,10,2,3,1,32,20,300,600,3,5
620,8,509,10,2,3,2,9,74,420,540,1,5
621,1,527,3,1,3,1,95,29,180,300,1,5
622,4,226,4,2,3,2,22,50,300,420,1,5
623,7,476,9,2,3,1,0,71,60,180,4,5
624,9,439,10,2,3,1,7,90,60,180,2,5
625,3,373,4,2,3,1,8,81,420,540,4,5
626,6,398,6,2,3,1,87,64,420,540,4,5
627,4,204,4,2,3,2,52,32,300,600,2,5
628,5,411,5,2,3,1,42,52,420,540,4,5
629,7,62,7,2,3,1,96,33,420,540,2,5
630,6,149,6,1,3,1,65,17,180,300,3,5
631,4,376,4,2,3,2,9,76,420,540,1,5
632,6,264,6,2,3,2,8,20,300,420,1,5
633,4,418,4,2,3,2,91,24,420,540,3,5
634,13,124,13,1,3,1,34,89,180,300,4,5
635,2,240,4,2,3,1,41,25,0,300,2,5
636,5,153,6,1,3,1,50,71,180,300,4,5
637,9,487,10,2,3,1,50,30,60,180,3,5
638,3,400,3,2,3,2,6,95,420,540,2,5
639,10,416,10,2,3,2,58,47,420,540,1,5
640,13,126,13,2,3,2,9,68,420,540,2,5
641,8,220,8,2,3,1,94,72,420,540,3,5
642,5,96,5,2,3,1,10,91,420,540,2,5
643,4,442,5,1,3,2,27,43,180,300,4,5
644,3,13,3,2,3,1,18,41,60,180,3,5
645,4,528,5,2,3,1,30,4,420,540,4,5
646,4,6,4,2,3,2,99,3,60,180,2,5
647,13,146,13,1,3,1,66,55,180,300,4,5
648,4,32,4,1,3,1,11,46,60,180,3,5
649,4,556,6,2,3,2,28,17,420,540,1,5
650,4,81,4,2,3,2,10,97,300,600,2,5
651,13,319,15,1,3,2,73,59,0,300,3,5
652,5,473,6,2,3,1,91,12,0,300,2,5
653,6,512,7,2,3,2,99,34,0,300,1,5
654,6,453,8,2,3,1,88,14,180,300,2,5
655,10,116,11,2,3,2,66,70,420,540,4,5
656,3,55,3,1,3,1,98,97,60,180,3,5
657,14,394,16,1,3,1,64,46,60,180,4,5
658,10,454,11,1,3,1,0,6,180,300,2,5
659,14,506,16,1,3,2,31,11,60,180,3,5
660,1,127,1,2,3,1,27,49,300,420,4,5
661,9,389,11,2,3,2,45,21,300,600,3,5
662,8,408,9,2,3,1,11,35,300,420,4,5
663,10,275,10,2,3,2,12,97,300,600,4,5
664,13,231,13,2,3,1,83,30,300,600,3,5
665,8,496,9,2,3,1,46,28,300,420,2,5
666,8,78,8,1,3,2,51,71,180,300,1,5
667,8,194,9,2,3,2,24,97,0,300,1,5
668,14,187,14,2,3,1,78,97,420,540,3,5
669,4,343,4,2,3,2,54,20,420,540,4,5
670,10,375,10,2,3,2,79,94,420,540,4,5
671,13,310,13,2,3,2,97,63,420,540,2,5
672,9,260,9,2,3,2,56,39,300,420,3,5
673,14,508,15,2,3,1,58,21,180,300,1,5
674,5,345,5,2,3,1,73,76,420,540,2,5
675,10,496,11,2,3,2,84,7,60,180,1,5
676,9,1,9,2,3,1,20,8,300,420,4,5
677,6,558,8,2,3,2,3,11,420,540,4,5
678,2,287,2,2,3,1,62,57,300,600,4,5
679,1,160,1,2,3,2,97,50,180,300,2,5
680,4,262,5,1,3,1,53,44,0,300,1,5
681,6,69,6,2,3,1,35,49,180,300,4,5
682,3,281,3,2,3,1,45,67,420,540,2,5
683,6,358,6,2,3,1,96,1,420,540,4,5
684,13,492,14,1,3,1,0,80,60,180,2,5
685,5,36,5,1,3,1,1,81,60,180,2,5
686,4,439,5,2,3,2,87,94,300,600,4,5
687,4,220,4,2,3,2,41,80,420,540,2,5
688,5,181,6,1,3,1,5,93,60,180,3,5
689,5,179,5,1,3,1,93,61,180,300,2,5
690,10,53,11,2,3,2,25,99,60,180,4,5
691,1,20,2,2,3,1,35,63,180,300,4,5
692,12,227,13,2,3,2,32,26,300,600,3,5
693,2,200,2,2,3,2,27,66,300,420,2,5
694,5,77,5,2,3,1,68,17,420,540,3,5
695,8,343,10,1,3,1,97,30,180,300,4,5
696,1,11,2,1,3,1,37,63,60,180,2,5
697,1,38,1,2,3,2,0,55,420,540,1,5
698,8,241,8,2,3,2,41,30,420,540,4,5
699,4,37,4,2,3,2,59,72,0,300,4,5
700,5,358,5,2,3,2,51,77,420,540,4,5
701,12,451,13,2,3,1,71,36,180,300,4,5
702,12,591,13,1,3,2,60,38,180,300,1,5
703,2,565,3,2,3,1,21,42,60,180,2,5
704,8,272,8,2,3,2,94,69,420,540,3,5
705,14,463,16,2,3,2,97,88,0,300,3,5
706,7,284,8,2,3,1,50,80,420,540,1,5
707,14,47,16,1,3,2,99,75,60,180,4,5
708,1,331,1,2,3,2,46,62,420,540,1,5
709,2,325,2,2,3,1,83,77,420,540,1,5
710,9,138,9,1,3,2,40,38,180,300,2,5
711,14,577,15,1,3,1,32,5,180,300,4,5
712,4,11,4,1,3,2,11,44,60,180,2,5
713,3,231,4,2,3,2,44,56,0,300,4,5
714,2,208,3,2,3,2,37,74,180,300,3,5
715,5,264,5,2,3,1,28,64,420,540,3,5
716,14,578,16,2,3,1,26,97,420,540,2,5
717,8,161,10,2,3,1,38,78,180,300,2,5
718,4,143,4,1,3,2,14,31,180,300,2,5
719,5,82,6,2,3,1,21,26,420,540,2,5
720,1,498,2,2,3,1,53,4,0,300,3,5
721,9,600,10,2,3,1,98,96,0,300,3,5
722,8,32,8,1,3,1,19,42,60,180,3,5
723,8,519,9,1,3,2,5,14,180,300,4,5
724,14,103,15,2,3,1,99,99,60,180,3,5
725,3,222,4,2,3,2,21,66,180,300,4,5
726,3,102,3,2,3,1,80,0,180,300,4,5
727,14,251,14,2,3,2,61,43,420,540,4,5
728,2,383,2,2,3,2,92,34,420,540,4,5
729,9,127,9,2,3,2,56,41,300,600,3,5
730,7,86,7,2,3,2,61,74,300,420,4,5
731,14,534,15,2,3,1,53,17,180,300,3,5
732,3,152,3,1,3,1,79,91,180,300,4,5
733,14,561,15,2,3,2,19,65,420,540,4,5
734,6,292,6,2,3,2,76,61,300,420,3,5
735,7,538,8,2,3,1,22,65,300,600,1,5
736,7,533,8,1,3,1,43,47,0,300,1,5
737,5,272,6,2,3,1,48,72,300,600,2,5
738,6,564,8,2,3,1,45,28,60,180,1,5
739,14,361,15,2,3,1,0,6,420,540,3,5
740,6,288,6,2,3,2,61,46,300,600,2,5
741,12,290,12,2,3,1,10,92,420,540,2,5
742,5,130,5,1,3,2,8,52,180,300,2,5
743,9,417,10,2,3,2,5,40,0,300,2,5
744,11,301,11,2,3,2,74,35,420,540,3,5
745,6,412,6,2,3,1,8,90,420,540,2,5
746,5,76,7,2,3,1,64,73,420,540,1,5
747,3,498,4,2,3,2,10,15,0,300,4,5
748,9,493,10,1,3,1,80,55,0,300,1,5
749,3,435,5,2,3,1,6,31,0,300,1,5
750,10,530,12,1,3,2,70,20,0,300,2,5
751,14,96,15,2,3,1,35,100,0,300,2,5
752,4,291,5,1,3,2,60,48,0,300,2,5
753,13,138,13,2,3,2,61,92,420,540,3,5
754,13,249,13,2,3,1,88,80,300,600,1,5
755,12,436,13,1,3,1,51,22,60,180,1,5
756,5,569,6,1,3,1,60,48,180,300,3,5
757,6,82,7,2,3,2,48,41,180,300,1,5
758,1,488,3,2,3,1,51,45,60,180,2,5
759,9,484,10,2,3,1,83,23,60,180,4,5
760,4,401,4,2,3,2,21,44,420,540,2,5
761,3,247,4,2,3,2,24,5,180,300,1,5
762,8,271,8,2,3,2,70,12,300,420,2,5
763,9,474,10,1,3,1,46,46,0,300,3,5
764,3,148,3,2,3,1,25,47,420,540,3,5
765,3,12,4,2,3,2,24,59,60,180,3,5
766,12,164,12,2,3,2,90,77,180,300,4,5
767,8,13,8,2,3,1,89,1,60,180,3,5
768,1,108,1,2,3,1,34,33,300,600,1,5
769,12,472,14,1,3,1,81,67,0,300,3,5
770,3,234,4,2,3,2,96,89,60,180,3,5
771,6,198,6,2,3,2,11,71,420,540,4,5
772,3,247,3,2,3,2,14,66,420,540,3,5
773,8,248,8,2,3,1,51,13,300,420,1,5
774,12,246,12,2,3,1,0,25,300,420,2,5
775,13,386,13,2,3,2,24,42,420,540,4,5
776,12,427,14,2,3,2,25,77,420,540,1,5
777,4,293,5,2,3,2,44,85,0,300,1,5
778,13,590,14,2,3,1,62,85,0,300,4,5
779,13,25,14,2,3,2,10,41,0,300,3,5
780,5,202,5,2,3,2,31,86,420,540,4,5
781,10,556,12,2,3,1,90,4,180,300,2,5
782,8,505,9,2,3,1,26,22,300,600,1,5
783,2,431,4,2,3,1,65,83,60,180,3,5
784,6,247,7,1,3,2,47,9,180,300,2,5
785,11,97,12,2,3,2,33,37,300,600,3,5
786,11,571,12,1,3,2,43,7,180,300,1,5
787,9,60,9,2,3,1,16,10,0,300,4,5
788,3,320,4,2,3,1,22,62,60,180,4,5
789,13,560,15,1,3,1,29,18,0,300,3,5
790,3,542,5,2,3,1,51,88,300,420,4,5
791,7,590,8,2,3,1,86,4,420,540,4,5
792,14,344,14,2,3,2,50,15,420,540,1,5
793,7,555,8,2,3,1,54,9,180,300,1,5
794,3,546,5,1,3,1,63,96,180,300,1,5
795,13,170,14,2,3,2,12,95,180,300,4,5
796,5,417,7,2,3,1,91,44,0,300,2,5
797,6,72,7,2,3,2,71,39,300,600,3,5
798,2,28,2,2,3,1,32,51,0,300,2,5
799,8,34,8,2,3,2,88,18,180,300,3,5
800,4,359,5,2,3,1,12,61,300,420,4,5
801,12,151,12,2,3,1,92,71,300,600,1,5
802,1,104,1,2,3,2,37,60,300,420,3,5
803,7,24,7,2,3,1,1,54,420,540,2,5
804,12,434,14,1,3,1,4,21,0,300,2,5
805,6,127,6,2,3,1,66,10,420,540,4,5
806,4,234,4,2,3,1,76,46,300,420,2,5
807,9,43,10,1,3,2,44,55,180,300,4,5
808,13,191,13,2,3,2,41,33,420,540,1,5
809,6,79,6,2,3,1,0,7,180,300,4,5
810,7,284,7,2,3,2,95,79,420,540,3,5
811,14,519,15,2,3,1,12,35,180,300,1,5
812,12,336,13,2,3,1,73,53,0,300,4,5
813,10,253,10,2,3,2,84,21,300,420,1,5
814,6,545,8,1,3,1,1,41,180,300,1,5
815,1,140,1,2,3,2,94,72,300,600,3,5
816,5,20,5,1,3,2,63,74,60,180,1,5
817,10,99,12,1,3,2,84,42,0,300,3,5
818,5,298,6,1,3,2,59,26,180,300,2,5
819,7,187,8,2,3,1,61,58,0,300,1,5
820,11,344,11,2,3,1,46,9,420,540,2,5
821,7,562,8,1,3,2,90,11,0,300,4,5
822,13,402,14,2,3,2,15,52,0,300,4,5
823,7,454,9,2,3,1,79,38,60,180,2,5
824,13,451,14,2,3,2,3,21,180,300,1,5
825,5,195,5,2,3,1,89,44,420,540,3,5
826,6,470,8,1,3,1,12,73,60,180,4,5
827,4,132,5,2,3,1,17,14,300,420,1,5
828,7,502,9,2,3,1,74,54,420,540,2,5
829,8,397,8,2,3,1,97,89,420,540,2,5
830,4,594,6,2,3,1,9,42,0,300,1,5
831,1,379,1,2,3,2,89,0,420,540,1,5
832,6,5,7,2,3,1,51,0,180,300,4,5
833,1,178,1,1,3,2,0,90,180,300,4,5
834,8,362,9,2,3,2,93,16,60,180,3,5
835,7,155,7,1,3,1,61,92,180,300,4,5
836,7,468,9,2,3,1,87,24,420,540,2,5
837,10,417,10,2,3,2,20,75,420,540,3,5
838,1,433,2,1,3,1,61,41,0,300,1,5
839,7,415,8,2,3,1,79,12,60,180,1,5
840,6,70,7,2,3,2,61,77,0,300,2,5
841,5,347,5,2,3,2,72,30,420,540,4,5
842,6,571,7,2,3,1,86,33,60,180,4,5
843,13,279,14,1,3,1,100,1,60,180,3,5
844,12,234,14,1,3,2,95,83,60,180,2,5
845,8,544,9,2,3,1,42,16,0,300,2,5
846,12,307,12,2,3,2,39,85,420,540,1,5
847,13,576,15,2,3,1,86,61,180,300,1,5
848,13,185,13,2,3,1,20,8,420,540,4,5
849,14,53,15,1,3,1,99,88,60,180,1,5
850,13,585,15,2,3,2,19,24,300,600,3,5
851,4,160,5,1,3,2,98,71,60,180,3,5
852,1,583,2,2,3,1,22,51,300,420,1,5
853,1,326,2,2,3,1,58,58,0,300,1,5
854,6,418,6,2,3,1,56,67,420,540,4,5
855,14,279,15,2,3,1,2,81,300,420,4,5
856,4,131,4,2,3,1,99,30,180,300,1,5
857,12,130,13,2,3,1,95,38,420,540,3,5
858,1,462,3,2,3,1,63,51,300,600,1,5
859,13,597,14,2,3,2,39,79,420,540,2,5
860,11,589,12,2,3,2,37,6,180,300,3,5
861,5,571,7,2,3,2,52,50,60,180,4,5
862,13,307,13,2,3,1,45,38,420,540,4,5
863,5,90,5,2,3,1,73,5,420,540,3,5
864,6,343,6,2,3,2,29,13,420,540,4,5
865,8,41,8,2,3,2,48,20,180,300,3,5
866,5,83,5,1,3,2,72,59,180,300,3,5
867,1,415,1,2,3,2,79,19,420,540,1,5
868,3,64,3,1,3,2,70,96,180,300,1,5
869,9,471,10,2,3,2,18,89,60,180,3,5
870,10,569,11,2,3,2,41,61,300,420,4,5
871,11,319,11,2,3,1,11,29,420,540,4,5
872,4,193,5,1,3,2,76,22,60,180,3,5
873,12,1,12,2,3,2,65,26,420,540,3,5
874,4,234,4,2,3,2,44,86,300,600,4,5
875,3,546,5,1,3,1,15,32,60,180,3,5
876,2,581,4,2,3,2,15,4,180,300,2,5
877,13,105,14,2,3,1,79,20,180,300,1,5
878,4,303,4,2,3,1,73,48,420,540,3,5
879,3,417,3,2,3,1,80,85,420,540,4,5
880,10,199,11,2,3,1,19,52,420,540,4,5
881,7,588,8,2,3,1,76,32,0,300,1,5
882,6,227,6,2,3,2,49,68,300,420,1,5
883,2,357,2,2,3,1,67,62,420,540,4,5
884,9,561,11,2,3,1,66,22,60,180,4,5
885,14,65,14,2,3,1,48,0,180,300,3,5
886,8,409,8,2,3,1,55,1,420,540,1,5
887,1,162,2,2,3,2,15,37,60,180,3,5
888,3,166,4,2,3,1,76,79,420,540,1,5
889,7,489,8,1,3,2,96,98,0,300,3,5
890,4,449,5,2,3,2,49,36,180,300,2,5
891,11,210,12,1,3,1,2,22,180,300,2,5
892,12,264,13,2,3,1,6,86,0,300,3,5
893,8,300,8,2,3,1,55,54,420,540,2,5
894,11,495,13,2,3,2,73,53,0,300,1,5
895,14,125,14,1,3,2,59,74,180,300,1,5
896,8,589,10,1,3,1,12,93,0,300,1,5
897,9,126,9,2,3,1,78,47,300,420,4,5
898,2,212,3,2,3,1,54,64,300,600,3,5
899,10,263,10,2,3,2,24,99,420,540,2,5
900,9,561,11,2,3,2,18,15,420,540,1,5
901,11,194,11,2,3,1,15,12,300,420,3,5
902,6,536,8,2,3,1,9,4,300,600,1,5
903,10,414,10,2,3,2,76,50,420,540,3,5
904,2,153,2,2,3,2,65,61,180,300,4,5
905,12,50,12,2,3,1,82,62,180,300,2,5
906,12,302,13,2,3,1,30,82,300,420,2,5
907,9,284,11,1,3,1,48,70,60,180,2,5
908,2,343,3,2,3,1,79,53,60,180,4,5
909,14,462,15,1,3,2,89,82,0,300,3,5
910,9,7,10,2,3,2,72,23,300,420,3,5
911,5,413,5,2,3,2,15,49,420,540,4,5
912,6,258,6,2,3,2,96,89,300,600,4,5
913,12,291,12,2,3,1,75,3,300,420,3,5
914,5,10,5,2,3,1,80,37,300,600,3,5
915,8,511,10,2,3,1,75,13,300,600,4,5
916,2,587,4,2,3,2,32,25,300,420,2,5
917,13,67,14,2,3,2,78,67,420,540,4,5
918,1,27,1,2,3,2,65,35,180,300,4,5
919,4,121,5,1,3,2,91,0,60,180,4,5
920,13,124,13,2,3,2,50,8,300,600,2,5
921,3,95,3,1,3,1,20,59,180,300,4,5
922,1,30,1,2,3,1,21,15,0,300,2,5
923,2,165,2,2,3,1,19,67,420,540,1,5
924,10,46,10,2,3,2,37,88,180,300,4,5
925,13,569,15,1,3,1,97,78,0,300,2,5
926,11,39,11,2,3,1,70,52,180,300,2,5
927,5,26,5,2,3,2,64,50,420,540,4,5
928,13,391,13,2,3,1,30,79,420,540,2,5
929,5,363,5,2,3,1,58,36,420,540,4,5
930,10,525,11,2,3,1,62,32,60,180,1,5
931,2,422,3,1,3,1,100,16,0,300,1,5
932,13,189,13,2,3,2,52,6,300,420,1,5
933,8,52,8,2,3,1,57,22,300,600,4,5
934,1,41,2,2,3,2,89,61,0,300,2,5
935,14,0,15,2,3,2,98,71,0,300,3,5
936,3,45,3,2,3,1,43,81,300,420,1,5
937,8,298,9,2,3,1,82,60,180,300,1,5
938,12,340,13,2,3,2,84,91,300,600,4,5
939,13,187,13,2,3,1,58,94,300,420,3,5
940,4,526,6,2,3,2,29,36,60,180,2,5
941,10,595,12,2,3,1,35,50,300,420,1,5
942,6,11,6,2,3,2,56,39,420,540,4,5
943,3,441,5,2,3,1,37,67,300,420,1,5
944,6,199,6,2,3,1,9,74,420,540,2,5
945,9,175,10,2,3,2,72,16,180,300,4,5
946,5,150,6,1,3,2,46,11,180,300,3,5
947,1,74,2,2,3,1,100,21,420,540,1,5
948,6,384,7,2,3,1,8,67,180,300,2,5
949,9,559,11,2,3,1,18,50,60,180,1,5
950,12,283,12,2,3,2,95,9,300,600,3,5
951,10,217,10,2,3,2,78,56,420,540,1,5
952,5,110,6,2,3,1,84,6,300,600,3,5
953,5,45,5,2,3,1,90,6,60,180,1,5
954,11,423,12,2,3,2,71,56,420,540,2,5
955,7,266,8,2,3,1,1,51,180,300,3,5
956,12,522,13,2,3,1,88,3,300,600,4,5
957,1,592,3,1,3,2,9,52,60,180,3,5
958,12,41,13,1,3,1,85,82,60,180,3,5
959,5,502,7,1,3,1,100,82,0,300,1,5
960,2,111,3,2,3,2,43,0,420,540,2,5
961,7,256,8,1,3,2,46,14,180,300,1,5
962,1,359,1,2,3,2,97,51,420,540,3,5
963,3,422,5,1,3,1,20,14,60,180,1,5
964,11,105,13,1,3,1,29,28,0,300,2,5
965,10,62,11,1,3,1,14,6,180,300,2,5
966,2,24,3,2,3,2,21,7,420,540,1,5
967,5,376,6,2,3,1,15,0,60,180,2,5
968,2,368,2,2,3,2,56,13,420,540,1,5
969,12,486,14,2,3,1,55,56,60,180,3,5
970,8,275,8,2,3,2,83,89,420,540,1,5
971,11,26,11,2,3,1,16,86,60,180,3,5
972,3,446,5,1,3,1,22,11,0,300,4,5
973,11,144,11,1,3,2,69,70,180,300,4,5
974,7,238,7,2,3,2,78,3,300,600,1,5
975,11,523,13,2,3,2,52,29,180,300,1,5
976,2,358,3,2,3,1,12,76,60,180,4,5
977,13,8,14,2,3,2,42,69,0,300,3,5
978,3,552,4,1,3,1,84,100,0,300,1,5
979,13,576,14,2,3,1,0,89,0,300,3,5
980,5,101,6,2,3,2,80,79,300,420,1,5
981,8,395,8,2,3,2,24,29,420,540,1,5
982,4,175,4,1,3,1,20,95,180,300,3,5
983,2,460,3,1,3,2,51,67,180,300,4,5
984,4,38,5,2,3,1,10,17,420,540,1,5
985,10,349,11,2,3,1,27,20,420,540,4,5
986,7,255,8,2,3,2,30,63,420,540,2,5
987,5,262,7,1,3,2,35,100,180,300,4,5
988,11,85,12,2,3,1,90,58,420,540,1,5
989,10,548,11,2,3,2,87,9,180,300,4,5
990,3,141,4,2,3,2,78,39,60,180,2,5
991,7,389,7,2,3,2,26,94,420,540,3,5
992,5,482,6,2,3,2,79,25,0,300,2,5
993,4,386,5,1,3,2,7,11,0,300,4,5
994,6,579,7,2,3,2,2,62,300,420,1,5
995,13,304,13,2,3,2,87,91,420,540,4,5
996,11,140,11,1,3,2,42,40,180,300,4,5
997,7,408,7,2,3,1,61,33,420,540,1,5
998,13,86,13,2,3,2,94,73,180,300,4,5
999,11,166,11,1,3,1,88,53,180,300,4,5
1000,6,459,7,2,3,2,34,34,180,300,3,5
1001,12,27,12,1,3,1,100,14,60,180,2,5
1002,3,381,4,2,3,1,51,25,420,540,1,5
1003,9,142,10,2,3,2,81,1,180,300,4,5
1004,5,246,5,2,3,2,82,37,420,540,4,5
1005,7,33,8,1,3,2,33,92,0,300,2,5
1006,6,7,6,2,3,2,61,58,300,600,3,5
1007,12,472,14,2,3,2,96,20,300,420,4,5
1008,6,408,7,2,3,2,40,17,0,300,3,5
1009,1,155,1,2,3,2,12,31,180,300,2,5
1010,4,429,5,1,3,2,76,3,60,180,4,5
1011,9,556,11,2,3,2,60,53,60,180,1,5
1012,12,543,13,2,3,2,38,81,420,540,3,5
1013,3,124,4,2,3,1,94,27,420,540,4,5
1014,11,497,13,2,3,1,94,6,300,600,3,5
1015,12,394,13,1,3,1,27,34,180,300,3,5
1016,4,18,4,2,3,2,80,89,60,180,1,5
1017,3,443,5,2,3,1,89,68,0,300,4,5
1018,9,476,10,2,3,2,95,96,60,180,4,5
1019,6,16,6,2,3,1,15,94,0,300,3,5
1020,3,559,5,1,3,1,7,33,0,300,4,5
1021,13,249,13,2,3,2,79,100,300,420,4,5
1022,8,227,8,2,3,2,67,76,420,540,4,5
1023,9,280,11,2,3,2,65,28,300,600,3,5
1024,12,30,13,1,3,1,14,95,180,300,2,5
1025,10,99,10,1,3,1,19,33,180,300,3,5
1026,10,57,11,2,3,2,27,11,60,180,2,5
1027,8,38,8,2,3,1,68,12,180,300,1,5
1028,12,128,12,1,3,1,60,94,180,300,1,5
1029,13,246,13,2,3,2,38,96,300,600,3,5
1030,6,193,6,2,3,1,32,68,300,420,4,5
1031,9,330,9,2,3,2,59,16,420,540,1,5
1032,7,262,8,2,3,2,43,57,60,180,4,5
1033,5,313,7,2,3,1,25,18,0,300,4,5
1034,8,267,8,2,3,2,46,90,300,600,3,5
1035,1,119,1,1,3,2,77,10,180,300,2,5
1036,6,56,6,2,3,2,9,49,0,300,4,5
1037,10,312,11,2,3,1,28,12,60,180,1,5
1038,10,365,10,2,3,2,97,21,420,540,4,5
1039,8,479,10,2,3,1,57,6,300,600,1,5
1040,11,399,11,2,3,1,23,77,420,540,2,5
1041,5,167,5,2,3,1,7,35,180,300,2,5
1042,12,148,12,2,3,1,24,84,300,420,2,5
1043,11,63,11,2,3,2,56,64,180,300,3,5
1044,7,130,7,1,3,2,87,80,180,300,3,5
1045,6,420,6,2,3,1,80,23,420,540,4,5
1046,7,422,8,2,3,2,25,59,60,180,1,5
1047,8,67,9,1,3,1,94,31,0,300,3,5
1048,12,203,12,2,3,1,54,39,420,540,4,5
1049,5,153,6,2,3,1,29,6,0,300,1,5
1050,9,155,10,1,3,1,66,58,180,300,1,5
1051,5,326,5,2,3,1,39,84,420,540,4,5
1052,5,471,7,2,3,2,33,65,300,600,2,5
1053,5,51,6,2,3,2,28,26,420,540,3,5
1054,11,229,11,2,3,1,61,82,300,420,4,5
1055,11,20,12,2,3,1,49,29,0,300,1,5
1056,7,103,7,2,3,1,66,73,420,540,1,5
1057,6,277,6,2,3,2,93,55,420,540,4,5
1058,14,473,15,2,3,2,81,85,180,300,4,5
1059,1,368,1,2,3,1,68,88,420,540,3,5
1060,5,593,6,2,3,1,55,13,300,420,3,5
1061,1,314,1,2,3,2,52,68,420,540,2,5
1062,3,141,3,2,3,2,40,75,420,540,4,5
1063,11,600,13,1,3,2,32,46,0,300,2,5
1064,9,369,9,2,3,1,89,61,420,540,4,5
1065,3,33,4,2,3,2,9,67,420,540,2,5
1066,11,110,11,1,3,2,42,78,180,300,4,5
1067,5,63,6,2,3,1,57,60,420,540,3,5
1068,3,260,3,2,3,1,48,33,300,420,4,5
1069,14,307,14,2,3,1,88,58,420,540,1,5
1070,2,472,3,2,3,2,74,64,0,300,4,5
1071,12,521,13,2,3,2,24,45,0,300,1,5
1072,1,76,1,2,3,2,22,82,420,540,3,5
1073,11,553,13,1,3,1,83,84,0,300,4,5
1074,9,355,9,2,3,1,19,40,420,540,1,5
1075,13,49,13,2,3,1,19,50,180,300,4,5
1076,3,195,5,1,3,1,6,81,60,180,1,5
1077,4,577,6,2,3,2,56,92,180,300,2,5
1078,11,321,12,1,3,2,21,16,60,180,2,5
1079,5,233,6,2,3,1,86,4,300,600,2,5
1080,12,463,14,2,3,1,66,25,180,300,1,5
1081,14,539,16,2,3,2,16,42,0,300,1,5
1082,8,564,10,2,3,1,39,75,60,180,3,5
1083,5,359,5,2,3,2,80,48,420,540,2,5
1084,7,202,9,2,3,1,67,17,60,180,4,5
1085,14,323,16,2,3,2,76,76,60,180,3,5
1086,4,299,4,2,3,1,11,43,300,420,2,5
1087,10,29,10,2,3,1,57,79,300,420,2,5
1088,9,76,9,2,3,2,53,41,420,540,3,5
1089,14,201,14,2,3,2,93,84,300,420,1,5
1090,13,527,15,2,3,2,39,4,420,540,1,5
1091,11,109,12,1,3,1,76,97,60,180,2,5
1092,10,36,10,2,3,2,35,14,420,540,2,5
1093,5,220,5,2,3,2,94,24,300,420,2,5
1094,13,214,13,2,3,1,18,47,300,420,1,5
1095,7,162,8,2,3,2,63,78,300,600,3,5
1096,11,583,13,2,3,2,49,8,420,540,4,5
1097,5,480,7,2,3,2,1,77,420,540,1,5
1098,9,393,9,2,3,1,95,5,420,540,4,5
1099,7,169,8,2,3,2,98,32,420,540,4,5
1100,12,425,14,2,3,2,38,88,180,300,3,5
1101,8,485,10,2,3,1,72,51,0,300,4,5
1102,12,427,14,2,3,2,74,55,300,420,4,5
1103,7,196,8,2,3,1,80,11,300,420,3,5
1104,9,455,10,2,3,2,41,84,0,300,3,5
1105,5,496,7,2,3,2,27,90,420,540,2,5
1106,11,582,13,2,3,2,27,23,180,300,2,5
1107,14,125,14,2,3,2,5,87,420,540,4,5
1108,4,38,4,2,3,2,79,29,420,540,2,5
1109,10,120,10,1,3,2,27,97,180,300,1,5
1110,4,414,4,2,3,2,9,80,420,540,1,5
1111,13,502,14,1,3,1,58,44,180,300,3,5
1112,9,376,10,2,3,2,80,75,0,300,2,5
1113,13,82,13,2,3,2,96,99,180,300,4,5
1114,8,384,9,1,3,2,12,77,180,300,4,5
1115,13,136,15,2,3,2,92,26,60,180,3,5
1116,4,1,5,1,3,1,43,9,0,300,1,5
1117,3,3,4,2,3,2,96,26,0,300,4,5
1118,11,49,11,2,3,1,25,17,300,420,1,5
1119,6,6,7,2,3,2,67,55,180,300,1,5
1120,9,220,10,1,3,2,22,84,180,300,3,5
1121,7,197,7,2,3,2,89,78,300,420,3,5
1122,2,159,2,1,3,1,85,54,180,300,3,5
1123,11,450,12,2,3,2,22,45,0,300,1,5
1124,5,448,7,1,3,1,88,33,0,300,1,5
1125,9,518,11,1,3,2,51,64,60,180,3,5
1126,8,336,9,2,3,2,65,88,0,300,3,5
1127,6,161,6,2,3,1,70,45,180,300,3,5
1128,5,159,6,2,3,2,60,44,300,420,1,5
1129,12,123,14,2,3,1,10,1,60,180,3,5
1130,8,476,10,1,3,1,84,51,0,300,4,5
1131,2,311,3,2,3,1,85,54,420,540,2,5
1132,7,512,9,2,3,2,60,46,0,300,4,5
1133,14,352,15,1,3,1,18,78,60,180,2,5
1134,7,171,8,2,3,1,68,71,0,300,1,5
1135,7,377,7,2,3,2,6,93,420,540,3,5
1136,9,266,9,2,3,1,30,86,420,540,4,5
1137,4,453,5,1,3,2,57,61,0,300,2,5
1138,14,427,15,2,3,2,47,36,180,300,4,5
1139,4,358,4,2,3,2,73,0,420,540,1,5
1140,14,451,15,2,3,2,62,75,60,180,3,5
1141,6,46,6,2,3,1,61,44,0,300,4,5
1142,7,460,8,2,3,2,64,5,300,600,3,5
1143,11,212,11,2,3,1,57,10,300,420,1,5
1144,7,523,8,2,3,2,29,13,60,180,4,5
1145,1,410,2,2,3,2,62,69,300,600,1,5
1146,3,440,5,2,3,2,16,98,300,420,2,5
1147,7,110,8,2,3,2,49,13,60,180,3,5
1148,12,49,12,2,3,2,14,88,60,180,2,5
1149,8,80,8,2,3,1,84,61,300,600,3,5
1150,3,484,5,2,3,1,87,11,420,540,1,5
1151,14,401,14,2,3,1,96,27,420,540,1,5
1152,5,562,7,1,3,2,51,43,180,300,4,5
1153,9,98,9,1,3,2,57,61,180,300,2,5
1154,8,466,9,2,3,2,11,13,420,540,4,5
1155,2,433,3,2,3,1,27,54,180,300,3,5
1156,10,137,10,2,3,2,53,52,180,300,4,5
1157,2,240,3,2,3,2,49,11,180,300,2,5
1158,5,542,7,2,3,2,70,68,180,300,2,5
1159,6,173,6,2,3,1,69,97,420,540,1,5
1160,1,556,2,1,3,2,62,65,180,300,4,5
1161,9,431,10,2,3,1,52,61,300,420,4,5
1162,14,594,15,1,3,1,6,57,60,180,1,5
1163,14,324,14,2,3,1,75,4,420,540,2,5
1164,11,419,12,1,3,1,28,65,60,180,3,5
1165,6,517,8,2,3,1,43,15,420,540,2,5
1166,9,295,9,2,3,2,6,68,300,420,3,5
1167,11,152,12,1,3,1,14,50,0,300,1,5
1168,11,312,11,2,3,1,28,47,420,540,2,5
1169,6,239,6,2,3,2,16,69,300,420,2,5
1170,2,560,4,2,3,2,40,14,420,540,4,5
1171,4,296,4,2,3,2,35,32,300,420,1,5
1172,11,242,12,2,3,2,51,76,60,180,3,5
1173,11,457,13,2,3,2,26,16,60,180,1,5
1174,4,361,5,2,3,2,3,59,180,300,2,5
1175,11,81,11,2,3,1,0,47,180,300,1,5
1176,13,301,14,2,3,1,63,80,0,300,3,5
1177,5,277,6,2,3,1,10,29,180,300,4,5
1178,12,477,13,2,3,2,35,19,180,300,2,5
1179,11,301,11,2,3,1,81,22,420,540,2,5
1180,10,525,12,2,3,2,99,44,0,300,1,5
1181,7,561,8,2,3,2,37,43,0,300,2,5
1182,9,323,9,2,3,2,64,40,420,540,2,5
1183,5,111,5,1,3,1,27,95,180,300,3,5
1184,7,147,7,1,3,1,84,69,180,300,4,5
1185,6,320,6,2,3,2,68,89,420,540,3,5
1186,13,113,14,1,3,1,34,75,0,300,1,5
1187,13,273,13,2,3,2,45,56,420,540,4,5
1188,11,122,12,2,3,2,22,8,0,300,1,5
1189,10,18,10,2,3,2,75,44,180,300,3,5
1190,6,92,6,1,3,2,49,77,180,300,4,5
1191,3,476,5,2,3,2,46,80,180,300,4,5
1192,8,226,9,2,3,1,27,41,420,540,2,5
1193,2,240,3,2,3,1,98,40,60,180,2,5
1194,11,478,12,2,3,2,30,6,420,540,1,5
1195,7,347,8,2,3,2,34,19,0,300,3,5
1196,9,553,11,1,3,2,57,47,0,300,4,5
1197,14,200,14,2,3,2,44,80,300,420,1,5
1198,8,160,8,2,3,1,89,77,180,300,1,5
1199,10,299,10,2,3,1,1,81,300,420,2,5
1200,9,412,9,2,3,2,72,48,420,540,4,5
1201,5,111,5,1,3,2,69,53,180,300,4,5
1202,7,173,7,1,3,2,34,55,180,300,4,5
1203,3,37,3,1,3,2,44,20,60,180,4,5
1204,9,584,10,2,3,2,99,76,300,420,4,5
1205,2,360,2,2,3,2,67,73,420,540,4,5
1206,4,307,4,2,3,2,18,86,420,540,1,5
1207,10,106,11,2,3,2,33,100,0,300,2,5
1208,7,432,9,2,3,1,29,35,420,540,1,5
1209,11,50,11,2,3,2,46,85,300,600,3,5
1210,8,375,9,1,3,2,56,72,180,300,3,5
1211,4,215,4,2,3,1,6,99,300,420,2,5
1212,5,154,5,2,3,2,53,29,420,540,1,5
1213,9,332,10,1,3,1,51,76,60,180,4,5
1214,3,296,3,2,3,2,72,23,300,420,3,5
1215,12,455,13,2,3,1,95,91,420,540,1,5
1216,3,458,4,2,3,2,26,8,180,300,3,5
1217,10,197,11,2,3,1,45,56,60,180,1,5
1218,9,145,10,1,3,2,69,69,0,300,1,5
1219,1,191,1,2,3,1,56,7,420,540,2,5
1220,12,250,13,2,3,1,59,27,300,420,3,5
1221,13,321,13,2,3,1,49,60,420,540,3,5
1222,14,406,14,2,3,1,88,57,420,540,1,5
1223,2,325,2,2,3,2,2,51,420,540,1,5
1224,9,14,9,1,3,2,94,20,60,180,4,5
1225,12,0,13,2,3,2,42,57,420,540,2,5
1226,13,361,13,2,3,2,81,100,420,540,2,5
1227,4,130,4,2,3,1,10,49,420,540,3,5
1228,14,130,15,2,3,1,47,2,180,300,2,5
1229,14,124,14,1,3,1,64,63,180,300,1,5
1230,3,460,5,1,3,1,34,33,60,180,3,5
1231,4,380,4,2,3,1,40,46,420,540,4,5
1232,3,244,3,2,3,1,64,56,420,540,4,5
1233,8,289,9,1,3,1,73,100,180,300,2,5
1234,6,504,7,2,3,1,49,82,420,540,3,5
1235,4,152,4,2,3,2,87,24,420,540,3,5
1236,4,579,5,2,3,2,4,29,60,180,4,5
1237,8,198,8,2,3,2,47,85,300,420,1,5
1238,3,158,3,1,3,1,29,4,180,300,4,5
1239,9,482,11,2,3,2,77,100,420,540,3,5
1240,8,423,9,2,3,1,16,72,180,300,3,5
1241,14,66,14,2,3,1,70,99,420,540,2,5
1242,2,423,4,1,3,1,56,3,180,300,3,5
1243,11,245,11,2,3,1,96,76,300,600,1,5
1244,6,337,6,2,3,1,24,95,420,540,2,5
1245,8,213,9,2,3,1,25,26,420,540,3,5
1246,9,89,9,1,3,2,41,15,180,300,3,5
1247,1,492,2,1,3,2,58,63,180,300,4,5
1248,11,116,12,1,3,2,96,19,0,300,4,5
1249,1,76,1,1,3,1,11,74,180,300,4,5
1250,14,44,15,2,3,2,40,27,0,300,3,5
1251,3,541,5,2,3,2,3,19,180,300,2,5
1252,1,538,2,2,3,2,12,98,300,420,1,5
1253,3,493,5,2,3,1,96,62,300,420,1,5
1254,3,234,4,2,3,1,65,71,420,540,4,5
1255,13,98,13,1,3,2,34,82,180,300,2,5
1256,8,4,9,1,3,1,32,92,0,300,2,5
1257,2,362,2,2,3,2,34,39,420,540,4,5
1258,10,151,10,2,3,1,94,4,180,300,3,5
1259,2,446,3,1,3,2,86,19,180,300,2,5
1260,12,27,12,2,3,2,25,15,420,540,3,5
1261,3,414,4,2,3,2,63,68,420,540,1,5
1262,12,426,13,2,3,1,97,20,180,300,1,5
1263,3,112,4,2,3,2,58,27,420,540,1,5
1264,9,403,9,2,3,1,81,73,420,540,3,5
1265,10,17,10,1,3,1,90,9,60,180,1,5
1266,10,130,11,2,3,2,92,39,300,420,2,5
1267,7,482,8,2,3,1,25,13,420,540,1,5
1268,11,220,12,1,3,1,43,36,0,300,3,5
1269,11,399,11,2,3,1,11,61,420,540,4,5
1270,13,534,14,2,3,1,84,80,0,300,3,5
1271,5,303,6,1,3,2,64,62,180,300,3,5
1272,8,527,10,2,3,1,71,5,0,300,2,5
1273,12,224,12,2,3,2,12,26,300,420,3,5
1274,9,4,9,2,3,1,14,84,300,600,4,5
1275,8,154,9,2,3,2,38,86,420,540,4,5
1276,9,99,9,2,3,1,88,40,300,420,2,5
1277,10,329,10,2,3,1,100,46,420,540,3,5
1278,9,441,10,1,3,2,43,28,60,180,3,5
1279,6,453,8,2,3,2,23,64,180,300,1,5
1280,9,495,10,2,3,1,4,1,60,180,2,5
1281,6,470,7,2,3,2,89,91,420,540,3,5
1282,5,67,6,2,3,1,79,69,420,540,2,5
1283,10,391,10,2,3,2,41,18,420,540,4,5
1284,9,227,10,2,3,1,24,75,60,180,4,5
1285,14,502,16,2,3,2,80,40,0,300,1,5
1286,10,585,11,1,3,1,33,30,0,300,2,5
1287,11,583,12,2,3,2,9,23,180,300,3,5
1288,8,545,10,2,3,2,23,23,0,300,3,5
1289,1,193,2,1,3,2,11,8,0,300,2,5
1290,14,251,14,2,3,1,97,76,300,600,2,5
1291,11,304,11,2,3,1,13,57,420,540,1,5
1292,10,362,11,1,3,2,59,86,180,300,4,5
1293,3,169,4,2,3,1,60,94,60,180,2,5
1294,4,97,5,2,3,1,40,48,420,540,4,5
1295,1,348,1,2,3,2,98,28,420,540,3,5
1296,2,24,2,1,3,1,99,71,60,180,2,5
1297,1,126,1,2,3,2,63,99,300,600,1,5
1298,1,177,1,2,3,1,15,50,180,300,2,5
1299,2,476,3,2,3,2,54,49,420,540,2,5
1300,13,568,15,2,3,1,71,9,60,180,2,5
1301,14,450,16,1,3,2,61,70,60,180,4,5
1302,1,20,2,2,3,1,26,51,420,540,3,5
1303,1,175,1,1,3,2,23,77,180,300,1,5
1304,6,415,6,2,3,2,6,75,420,540,1,5
1305,11,336,11,2,3,1,11,54,420,540,2,5
1306,8,271,8,2,3,1,3,29,420,540,4,5
1307,7,83,8,2,3,1,84,25,0,300,2,5
1308,8,91,8,2,3,2,97,88,420,540,3,5
1309,9,402,10,2,3,1,22,84,180,300,1,5
1310,1,136,2,1,3,1,0,55,180,300,4,5
1311,12,236,12,2,3,2,85,97,420,540,4,5
1312,13,83,13,2,3,1,26,45,180,300,3,5
1313,3,258,4,2,3,1,27,56,420,540,4,5
1314,13,128,13,1,3,2,19,66,180,300,2,5
1315,12,329,12,2,3,2,87,1,420,540,2,5
1316,11,165,12,2,3,1,35,86,180,300,4,5
1317,10,151,11,2,3,1,87,36,300,420,1,5
1318,8,282,9,2,3,1,11,42,420,540,1,5
1319,13,504,15,1,3,1,31,30,0,300,4,5
1320,13,165,13,2,3,2,1,75,420,540,1,5
1321,8,387,9,2,3,2,39,74,420,540,2,5
1322,5,530,7,2,3,2,100,84,60,180,3,5
1323,13,236,13,2,3,1,77,5,420,540,1,5
1324,14,171,14,2,3,1,69,27,420,540,2,5
1325,7,519,9,2,3,1,25,72,60,180,2,5
1326,12,188,13,1,3,1,74,69,60,180,2,5
1327,9,361,9,2,3,1,72,34,420,540,3,5
1328,6,408,7,2,3,1,40,32,60,180,2,5
1329,7,265,7,2,3,1,57,46,420,540,4,5
1330,1,140,1,2,3,1,35,25,420,540,2,5
1331,12,477,13,2,3,1,94,50,300,420,2,5
1332,12,404,13,2,3,1,86,67,60,180,3,5
1333,7,429,8,1,3,1,69,8,60,180,2,5
1334,1,499,2,2,3,1,24,90,300,600,1,5
1335,10,53,11,2,3,2,38,80,420,540,2,5
1336,14,294,15,2,3,1,5,48,300,600,3,5
1337,1,405,2,1,3,2,55,15,180,300,4,5
1338,3,578,5,2,3,2,54,99,60,180,3,5
1339,9,127,9,1,3,1,80,65,180,300,4,5
1340,4,208,5,1,3,1,59,87,180,300,1,5
1341,4,475,5,1,3,2,32,81,180,300,4,5
1342,6,351,6,2,3,1,75,6,420,540,4,5
1343,10,447,12,2,3,1,25,88,0,300,2,5
1344,7,478,8,2,3,2,86,49,180,300,1,5
1345,14,470,16,1,3,1,57,88,60,180,2,5
1346,2,99,3,1,3,1,28,38,0,300,2,5
1347,14,266,15,2,3,2,74,34,180,300,3,5
1348,8,22,8,2,3,1,51,47,0,300,4,5
1349,10,276,11,2,3,1,9,10,300,420,2,5
1350,8,150,8,2,3,1,54,3,300,600,4,5
1351,2,345,2,2,3,2,77,72,420,540,2,5
1352,3,554,5,2,3,1,50,32,180,300,1,5
1353,6,182,6,2,3,2,20,63,300,420,3,5
1354,12,346,12,2,3,2,71,23,420,540,3,5
1355,1,325,2,2,3,1,19,14,300,600,4,5
1356,7,241,8,1,3,2,100,50,180,300,3,5
1357,2,231,2,2,3,1,59,92,300,420,1,5
1358,6,60,7,2,3,2,48,55,60,180,4,5
1359,11,344,12,2,3,1,73,9,300,600,1,5
1360,12,299,12,2,3,2,77,97,420,540,1,5
1361,12,182,13,1,3,1,29,26,0,300,4,5
1362,11,169,11,1,3,1,28,83,180,300,3,5
1363,6,174,6,1,3,2,63,95,180,300,2,5
1364,8,533,10,2,3,1,83,56,420,540,4,5
1365,2,424,4,1,3,1,16,90,0,300,1,5
1366,3,369,4,2,3,2,50,72,60,180,4,5
1367,3,125,3,1,3,1,51,57,180,300,1,5
1368,1,463,3,1,3,2,7,95,0,300,4,5
1369,14,231,14,2,3,2,53,45,300,420,2,5
1370,10,436,12,1,3,1,70,28,60,180,1,5
1371,3,112,4,1,3,1,85,20,0,300,4,5
1372,12,539,14,2,3,1,46,100,180,300,2,5
1373,2,449,3,2,3,2,43,99,420,540,1,5
1374,7,599,8,2,3,1,45,18,60,180,1,5
1375,10,498,11,1,3,2,17,64,180,300,4,5
1376,10,548,12,2,3,1,99,93,60,180,3,5
1377,10,373,10,2,3,1,23,5,420,540,2,5
1378,11,487,13,1,3,1,48,92,60,180,2,5
1379,9,503,10,2,3,2,72,35,60,180,4,5
1380,8,391,8,2,3,2,88,17,420,540,4,5
1381,3,115,3,2,3,1,68,45,420,540,4,5
1382,14,107,14,2,3,1,37,35,420,540,3,5
1383,14,107,14,2,3,2,4,11,420,540,4,5
1384,3,485,5,2,3,1,29,0,60,180,2,5
1385,7,372,7,2,3,2,100,32,420,540,3,5
1386,10,448,11,1,3,2,61,74,180,300,1,5
1387,2,381,3,1,3,1,6,75,60,180,4,5
1388,7,344,8,2,3,2,41,48,180,300,3,5
1389,3,4,5,1,3,2,78,5,180,300,1,5
1390,14,124,15,2,3,2,73,62,300,600,2,5
1391,7,223,8,1,3,1,77,76,60,180,1,5
1392,5,1,6,1,3,2,22,27,180,300,3,5
1393,4,135,5,1,3,1,100,44,180,300,2,5
1394,5,21,6,1,3,1,16,47,180,300,3,5
1395,9,400,9,2,3,2,21,84,420,540,1,5
1396,1,360,2,1,3,2,30,18,0,300,3,5
1397,10,34,10,2,3,2,51,54,420,540,3,5
1398,13,38,13,1,3,1,77,91,60,180,2,5
1399,1,290,1,2,3,1,91,39,420,540,1,5
1400,12,106,12,2,3,1,4,4,180,300,1,5
1401,6,584,7,2,3,1,31,44,180,300,2,5
1402,11,329,11,2,3,1,17,26,420,540,4,5
1403,13,168,13,1,3,2,28,92,180,300,3,5
1404,12,395,13,2,3,2,15,100,60,180,3,5
1405,3,480,4,1,3,1,57,2,60,180,1,5
1406,2,589,3,1,3,1,74,33,60,180,2,5
1407,3,588,4,2,3,1,94,21,180,300,4,5
1408,8,363,9,2,3,2,77,5,180,300,1,5
1409,1,274,1,2,3,1,40,39,420,540,1,5
1410,12,426,14,2,3,2,73,20,0,300,1,5
1411,12,89,12,1,3,2,58,39,180,300,4,5
1412,9,402,9,2,3,1,74,54,420,540,4,5
1413,7,580,9,2,3,2,12,47,300,420,3,5
1414,1,286,1,2,3,2,43,46,420,540,3,5
1415,2,19,2,2,3,1,5,71,180,300,3,5
1416,7,298,8,2,3,2,79,14,0,300,3,5
1417,13,144,14,2,3,1,56,86,0,300,1,5
1418,8,207,8,2,3,1,38,62,300,420,3,5
1419,3,384,5,2,3,1,62,27,420,540,3,5
1420,14,65,14,2,3,1,84,14,300,600,3,5
1421,8,204,8,2,3,1,64,71,420,540,1,5
1422,11,323,11,2,3,1,41,59,420,540,2,5
1423,10,16,10,2,3,2,72,52,0,300,2,5
1424,8,228,9,1,3,2,4,18,0,300,4,5
1425,12,216,13,2,3,1,71,21,0,300,4,5
1426,9,264,9,2,3,2,15,49,420,540,2,5
1427,8,485,9,1,3,1,6,79,0,300,1,5
1428,4,324,4,2,3,2,55,13,420,540,3,5
1429,10,77,11,2,3,2,41,40,180,300,1,5
1430,13,557,15,2,3,2,55,37,180,300,2,5
1431,9,264,9,2,3,1,24,56,420,540,1,5
1432,14,21,14,2,3,2,8,87,180,300,2,5
1433,12,401,13,2,3,1,56,1,420,540,3,5
1434,6,313,6,2,3,1,42,34,420,540,1,5
1435,7,405,7,2,3,2,52,73,420,540,4,5
1436,11,367,11,2,3,1,17,66,420,540,4,5
1437,9,30,9,2,3,2,49,39,300,420,4,5
1438,3,53,4,1,3,1,32,59,180,300,4,5
1439,3,213,3,2,3,2,96,67,420,540,4,5
1440,8,120,9,1,3,2,20,41,0,300,1,5
1441,11,432,13,2,3,1,63,56,180,300,1,5
1442,2,205,2,2,3,2,71,92,300,420,2,5
1443,2,173,3,2,3,1,58,78,300,420,4,5
1444,2,449,4,2,3,2,87,56,0,300,3,5
1445,13,116,14,1,3,1,71,20,0,300,3,5
1446,2,74,3,2,3,2,5,91,180,300,1,5
1447,2,182,3,1,3,1,90,5,0,300,4,5
1448,2,270,2,2,3,2,72,87,300,420,3,5
1449,12,308,13,2,3,1,53,29,0,300,4,5
1450,13,452,14,1,3,2,29,1,60,180,4,5
1451,5,414,5,2,3,2,74,12,420,540,3,5
1452,7,97,8,1,3,1,17,59,60,180,4,5
1453,14,156,15,2,3,2,77,36,0,300,3,5
1454,1,346,3,2,3,1,90,59,300,600,2,5
1455,11,460,12,2,3,1,81,53,420,540,4,5
1456,12,230,13,1,3,2,61,19,0,300,4,5
1457,5,15,7,1,3,1,54,22,180,300,3,5
1458,3,497,5,2,3,2,33,26,300,600,4,5
1459,7,389,8,2,3,1,68,74,300,600,1,5
1460,10,464,11,2,3,2,1,14,60,180,3,5
1461,8,164,9,2,3,2,75,91,180,300,3,5
1462,6,488,8,2,3,2,45,42,0,300,1,5
1463,2,305,2,2,3,1,95,1,420,540,2,5
1464,4,399,4,2,3,2,62,10,420,540,2,5
1465,7,382,7,2,3,1,84,83,420,540,4,5
1466,11,312,13,2,3,2,17,94,180,300,2,5
1467,12,257,13,2,3,2,83,62,300,420,1,5
1468,7,406,7,2,3,2,68,35,420,540,1,5
1469,11,116,12,2,3,2,37,39,420,540,4,5
1470,1,224,1,2,3,2,99,9,420,540,4,5
1471,11,578,12,1,3,2,36,48,60,180,3,5
1472,11,48,11,1,3,2,0,81,60,180,1,5
1473,12,487,13,1,3,2,71,52,180,300,2,5
1474,13,204,14,1,3,1,39,61,60,180,1,5
1475,1,583,2,2,3,1,95,48,300,600,2,5
1476,10,324,10,2,3,1,22,20,420,540,1,5
1477,5,534,7,2,3,1,34,32,60,180,2,5
1478,2,343,3,2,3,2,22,76,300,420,2,5
1479,8,139,8,2,3,2,4,10,300,600,1,5
1480,14,100,14,2,3,1,24,36,180,300,2,5
1481,7,163,7,2,3,2,17,76,300,420,2,5
1482,8,52,9,2,3,1,52,59,420,540,3,5
1483,5,264,5,2,3,2,95,30,420,540,3,5
1484,5,271,6,1,3,2,3,62,180,300,2,5
1485,8,70,8,2,3,2,84,88,300,600,2,5
1486,10,473,12,2,3,1,28,43,420,540,1,5
1487,5,274,6,1,3,2,0,5,60,180,3,5
1488,6,357,6,2,3,2,91,99,420,540,3,5
1489,4,426,6,1,3,2,40,38,60,180,2,5
1490,1,380,1,2,3,2,78,21,420,540,4,5
1491,7,462,9,1,3,1,20,62,60,180,1,5
1492,9,408,10,2,3,2,31,12,300,420,3,5
1493,10,595,12,2,3,2,4,61,300,600,3,5
1494,14,146,14,2,3,1,50,62,420,540,3,5
1495,8,192,8,2,3,1,85,30,420,540,4,5
1496,8,5,8,2,3,1,60,62,300,420,1,5
1497,11,145,12,1,3,2,83,99,60,180,4,5
1498,6,121,6,2,3,1,17,12,180,300,1,5
1499,11,121,11,2,3,2,4,56,300,420,3,5
1500,4,256,4,2,3,2,82,31,300,600,2,5
1501,5,119,5,2,3,1,7,97,180,300,4,5
1502,10,514,12,2,3,1,36,19,180,300,2,5
1503,7,41,7,2,3,1,98,42,420,540,4,5
1504,2,241,3,2,3,1,88,37,0,300,4,5
1505,10,173,10,2,3,1,31,85,180,300,2,5
1506,7,18,7,1,3,1,42,87,60,180,4,5
1507,1,258,1,2,3,1,43,6,300,600,1,5
1508,8,315,8,2,3,2,3,94,420,540,4,5
1509,12,588,13,2,3,2,77,94,60,180,4,5
1510,13,454,15,1,3,2,26,71,180,300,2,5
1511,7,59,8,2,3,1,46,12,420,540,3,5
1512,9,387,10,2,3,2,94,8,420,540,1,5
1513,7,587,9,1,3,2,32,21,60,180,3,5
1514,6,331,6,2,3,1,28,39,420,540,4,5
1515,2,564,3,2,3,2,83,44,60,180,1,5
1516,14,363,14,2,3,2,60,27,420,540,2,5
1517,8,99,9,1,3,2,54,36,60,180,2,5
1518,14,413,14,2,3,2,15,59,420,540,3,5
1519,2,379,3,2,3,2,86,86,300,600,2,5
1520,3,392,3,2,3,2,57,89,420,540,4,5
1521,3,508,5,2,3,2,16,45,60,180,1,5
1522,5,528,6,1,3,1,84,5,60,180,3,5
1523,10,266,11,2,3,1,57,58,420,540,4,5
1524,13,190,13,2,3,1,84,1,300,420,2,5
1525,10,133,10,2,3,1,34,6,300,420,3,5
1526,9,101,10,2,3,2,96,88,420,540,1,5
1527,8,489,10,1,3,2,10,83,180,300,1,5
1528,2,202,3,2,3,2,10,54,300,420,3,5
1529,11,405,11,2,3,1,90,68,420,540,2,5
1530,10,551,12,2,3,1,48,63,300,600,3,5
1531,1,316,1,2,3,2,50,6,420,540,2,5
1532,1,343,2,2,3,1,80,83,0,300,4,5
1533,9,55,10,2,3,2,50,15,300,420,1,5
1534,12,26,12,1,3,1,67,10,60,180,2,5
1535,6,324,7,2,3,1,49,29,60,180,3,5
1536,2,452,4,1,3,1,71,87,0,300,2,5
1537,3,542,4,1,3,1,56,78,180,300,2,5
1538,8,305,8,2,3,2,0,83,420,540,3,5
1539,4,371,4,2,3,2,13,89,420,540,2,5
1540,11,82,12,1,3,2,79,99,180,300,4,5
1541,6,279,6,2,3,1,80,33,300,600,2,5
1542,7,218,8,1,3,1,63,2,0,300,1,5
1543,14,541,16,2,3,1,7,65,0,300,2,5
1544,4,178,5,2,3,1,10,74,180,300,3,5
1545,3,525,5,2,3,1,96,88,420,540,4,5
1546,1,582,2,2,3,2,50,5,0,300,3,5
1547,13,528,15,2,3,2,91,33,180,300,1,5
1548,13,538,15,1,3,1,0,67,180,300,4,5
1549,10,190,11,2,3,1,56,5,0,300,2,5
1550,7,262,7,2,3,1,46,71,300,600,4,5
1551,8,405,9,2,3,2,52,64,0,300,1,5
1552,5,530,6,2,3,1,10,71,60,180,3,5
1553,12,299,12,2,3,1,7,68,300,420,2,5
1554,1,168,1,2,3,1,37,20,300,600,4,5
1555,12,529,13,2,3,2,57,76,420,540,1,5
1556,10,262,10,2,3,2,25,52,300,600,3,5
1557,5,126,5,2,3,2,58,49,420,540,1,5
1558,10,266,10,2,3,2,34,27,300,420,1,5
1559,11,409,11,2,3,2,49,50,420,540,2,5
1560,3,188,4,2,3,1,86,84,300,420,1,5
1561,11,573,13,2,3,2,13,100,60,180,4,5
1562,1,162,2,2,3,2,13,25,420,540,3,5
1563,1,296,1,2,3,1,43,10,420,540,3,5
1564,2,516,3,2,3,1,38,2,0,300,3,5
1565,12,121,12,2,3,1,94,26,300,420,4,5
1566,1,77,2,2,3,1,24,54,420,540,4,5
1567,7,161,8,2,3,1,31,29,300,420,2,5
1568,6,126,7,2,3,2,9,96,180,300,1,5
1569,4,473,6,1,3,1,50,26,0,300,2,5
1570,4,87,4,2,3,1,26,90,180,300,4,5
1571,3,183,3,2,3,1,94,66,420,540,2,5
1572,5,47,5,2,3,2,31,17,60,180,1,5
1573,5,555,7,2,3,2,8,77,60,180,3,5
1574,3,502,4,2,3,1,69,75,420,540,4,5
1575,12,282,12,2,3,2,37,86,300,420,1,5
1576,4,21,4,1,3,1,52,1,60,180,3,5
1577,1,577,3,2,3,2,21,35,420,540,4,5
1578,11,335,11,2,3,1,21,47,420,540,2,5
1579,6,54,6,2,3,2,58,100,60,180,4,5
1580,10,464,12,2,3,2,96,64,0,300,4,5
1581,11,59,12,2,3,1,40,23,60,180,3,5
1582,2,209,3,1,3,1,38,4,0,300,2,5
1583,13,295,13,2,3,1,70,83,300,600,3,5
1584,3,497,5,2,3,1,6,95,300,420,2,5
1585,2,230,2,2,3,2,56,56,420,540,4,5
1586,9,281,9,2,3,2,59,33,300,600,4,5
1587,3,591,5,1,3,1,55,79,0,300,3,5
1588,6,352,6,2,3,1,24,15,420,540,3,5
1589,7,208,7,2,3,2,57,97,300,600,3,5
1590,7,516,9,2,3,2,48,80,60,180,3,5
1591,13,131,14,2,3,2,38,35,180,300,1,5
1592,3,320,5,2,3,1,12,80,0,300,3,5
1593,11,79,11,2,3,2,94,19,300,600,1,5
1594,9,193,10,2,3,1,40,77,420,540,4,5
1595,4,480,5,2,3,2,62,20,420,540,1,5
1596,13,500,15,1,3,2,57,63,0,300,4,5
1597,5,229,5,2,3,1,79,6,420,540,1,5
1598,9,321,9,2,3,1,2,22,420,540,4,5
1599,6,600,8,1,3,1,80,65,180,300,1,5
1600,14,323,15,1,3,2,9,84,60,180,3,5
1601,12,551,14,2,3,2,0,89,300,600,1,5
1602,6,295,6,2,3,1,90,86,420,540,2,5
1603,12,590,13,1,3,1,63,100,180,300,4,5
1604,9,167,9,1,3,1,70,25,180,300,1,5
1605,8,381,8,2,3,1,44,46,420,540,3,5
1606,12,393,12,2,3,2,97,53,420,540,3,5
1607,8,173,9,2,3,1,11,34,0,300,1,5
1608,9,172,9,2,3,1,41,1,300,600,4,5
1609,6,163,6,2,3,1,76,49,420,540,3,5
1610,4,137,5,2,3,1,61,30,180,300,1,5
1611,7,325,7,2,3,1,85,22,420,540,4,5
1612,6,584,7,1,3,2,76,67,60,180,3,5
1613,6,370,6,2,3,2,3,88,420,540,2,5
1614,2,46,2,2,3,1,71,30,0,300,1,5
1615,13,225,14,2,3,2,48,50,420,540,1,5
1616,12,417,13,2,3,1,46,66,420,540,1,5
1617,10,242,10,2,3,1,27,37,420,540,4,5
1618,1,46,1,2,3,2,59,9,180,300,2,5
1619,11,249,12,1,3,1,29,5,0,300,4,5
1620,7,396,7,2,3,1,60,22,420,540,2,5
1621,5,257,5,2,3,2,46,90,300,600,4,5
1622,7,493,9,2,3,1,7,60,300,600,4,5
1623,11,276,11,2,3,2,72,43,420,540,4,5
1624,14,373,15,1,3,2,28,75,180,300,2,5
1625,9,462,10,2,3,2,65,27,60,180,1,5
1626,8,368,8,2,3,2,87,14,420,540,3,5
1627,14,193,14,2,3,1,27,30,420,540,1,5
1628,7,543,9,2,3,2,100,85,60,180,1,5
1629,4,585,6,1,3,2,51,70,180,300,3,5
1630,12,116,13,2,3,2,15,93,420,540,4,5
1631,12,231,12,2,3,2,33,43,300,600,4,5
1632,14,440,16,2,3,1,79,15,300,600,2,5
1633,2,382,2,2,3,2,96,35,420,540,4,5
1634,8,166,8,2,3,1,51,68,300,600,4,5
1635,1,202,2,2,3,2,52,7,60,180,4,5
1636,12,322,12,2,3,2,78,20,420,540,3,5
1637,13,367,14,1,3,1,8,96,180,300,2,5
1638,13,265,14,2,3,2,53,27,300,600,1,5
1639,9,355,9,2,3,2,96,92,420,540,4,5
1640,10,225,10,2,3,2,53,51,300,420,3,5
1641,7,535,8,2,3,1,54,53,0,300,3,5
1642,3,39,3,2,3,2,64,7,420,540,4,5
1643,14,246,15,1,3,2,1,50,180,300,1,5
1644,13,198,13,2,3,1,13,56,420,540,2,5
1645,9,579,11,1,3,2,89,41,60,180,4,5
1646,12,280,12,2,3,1,19,47,420,540,3,5
1647,6,72,6,2,3,2,43,90,420,540,2,5
1648,3,122,3,2,3,2,11,57,300,420,2,5
1649,6,304,7,2,3,2,49,67,420,540,4,5
1650,8,464,9,2,3,1,43,75,60,180,2,5
1651,3,228,3,2,3,2,19,45,300,600,4,5
1652,3,191,3,2,3,2,72,72,300,600,4,5
1653,14,282,15,2,3,2,45,65,0,300,4,5
1654,5,476,6,1,3,1,27,11,0,300,4,5
1655,1,499,3,1,3,1,11,86,60,180,2,5
1656,14,70,14,2,3,2,61,10,180,300,4,5
1657,2,494,4,2,3,2,48,9,420,540,2,5
1658,6,405,6,2,3,2,13,12,420,540,4,5
1659,3,258,4,2,3,2,37,91,180,300,1,5
1660,6,575,8,1,3,2,59,50,60,180,1,5
1661,13,536,14,1,3,1,57,51,60,180,4,5
1662,10,37,11,2,3,1,37,11,420,540,4,5
1663,3,318,3,2,3,1,38,65,420,540,4,5
1664,5,284,5,2,3,2,99,9,420,540,2,5
1665,9,439,11,2,3,2,74,58,180,300,3,5
1666,5,356,6,1,3,1,66,39,60,180,3,5
1667,12,481,13,2,3,2,59,84,420,540,2,5
1668,13,133,14,1,3,1,15,38,60,180,1,5
1669,3,50,4,2,3,2,5,87,0,300,3,5
1670,2,499,4,2,3,1,55,69,420,540,3,5
1671,14,532,15,2,3,2,52,60,180,300,3,5
1672,1,489,3,1,3,2,3,64,180,300,1,5
1673,9,493,11,2,3,1,28,31,0,300,2,5
1674,7,542,9,1,3,2,91,57,0,300,2,5
1675,9,151,9,1,3,1,64,44,180,300,4,5
1676,1,561,2,1,3,2,80,1,60,180,4,5
1677,14,580,15,2,3,2,20,49,60,180,1,5
1678,2,370,3,2,3,2,36,30,180,300,3,5
1679,9,342,9,2,3,2,86,7,420,540,1,5
1680,11,453,12,1,3,1,83,33,0,300,1,5
1681,7,167,7,2,3,1,1,43,300,600,2,5
1682,12,218,13,2,3,1,82,55,60,180,2,5
1683,11,71,13,2,3,1,61,21,420,540,3,5
1684,4,165,5,2,3,2,10,20,180,300,1,5
1685,5,549,7,2,3,2,58,78,300,600,4,5
1686,5,600,7,1,3,2,7,96,60,180,2,5
1687,3,104,4,2,3,2,99,7,60,180,4,5
1688,5,113,6,2,3,1,69,65,300,420,1,5
1689,5,107,5,2,3,1,59,11,180,300,1,5
1690,6,233,6,2,3,2,18,81,420,540,4,5
1691,1,148,3,2,3,1,32,36,180,300,3,5
1692,13,124,13,1,3,2,96,14,180,300,4,5
1693,1,534,3,2,3,2,6,39,0,300,4,5
1694,3,0,4,2,3,2,54,79,300,600,1,5
1695,1,279,1,2,3,1,57,99,420,540,3,5
1696,11,342,12,2,3,2,45,79,60,180,3,5
1697,10,155,10,2,3,2,96,74,420,540,2,5
1698,2,62,3,2,3,2,25,9,420,540,1,5
1699,8,275,8,2,3,1,83,88,300,420,2,5
1700,7,577,9,1,3,1,85,58,60,180,3,5
1701,1,210,1,2,3,2,3,24,420,540,1,5
1702,7,515,8,1,3,2,18,43,0,300,4,5
1703,4,372,4,2,3,1,23,61,420,540,4,5
1704,4,92,5,1,3,2,93,50,0,300,3,5
1705,7,351,7,2,3,2,13,61,420,540,1,5
1706,8,89,8,2,3,1,13,81,180,300,4,5
1707,1,355,2,2,3,1,81,57,60,180,4,5
1708,1,247,1,2,3,2,30,71,420,540,2,5
1709,7,190,8,2,3,2,22,46,180,300,3,5
1710,10,522,11,2,3,1,5,51,420,540,1,5
1711,4,445,5,2,3,2,27,53,0,300,1,5
1712,12,530,13,2,3,1,46,81,420,540,2,5
1713,7,438,8,1,3,2,79,2,0,300,2,5
1714,4,487,5,2,3,2,66,98,420,540,3,5
1715,7,96,7,2,3,2,4,72,300,600,3,5
1716,1,334,2,2,3,2,42,31,180,300,1,5
1717,10,305,11,2,3,1,55,6,60,180,4,5
1718,12,142,14,1,3,2,35,59,0,300,3,5
1719,3,377,3,2,3,1,17,93,420,540,4,5
1720,8,145,8,2,3,1,87,58,300,420,1,5
1721,1,542,2,2,3,2,52,53,180,300,3,5
1722,3,407,4,1,3,2,33,77,180,300,2,5
1723,14,598,15,2,3,2,69,95,0,300,4,5
1724,10,164,10,2,3,1,46,69,300,420,3,5
1725,5,584,6,1,3,1,23,49,60,180,2,5
1726,13,398,14,2,3,2,77,18,180,300,3,5
1727,14,44,14,1,3,2,12,57,60,180,2,5
1728,13,572,15,1,3,1,9,17,180,300,3,5
1729,4,557,5,2,3,1,74,35,0,300,3,5
1730,14,62,15,1,3,2,99,58,60,180,2,5
1731,1,116,1,2,3,1,5,25,300,420,2,5
1732,9,91,9,1,3,2,62,79,180,300,4,5
1733,7,600,9,2,3,1,95,47,300,600,4,5
1734,2,167,2,1,3,1,70,23,180,300,2,5
1735,6,17,6,2,3,2,83,22,180,300,1,5
1736,4,348,4,2,3,2,75,55,420,540,3,5
1737,11,152,11,1,3,1,97,36,180,300,3,5
1738,2,137,2,1,3,2,82,14,180,300,3,5
1739,9,488,11,2,3,1,88,88,180,300,4,5
1740,8,435,9,1,3,1,36,58,60,180,1,5
1741,11,390,12,1,3,1,53,4,0,300,4,5
1742,12,56,12,2,3,1,4,62,60,180,2,5
1743,14,94,15,2,3,1,91,64,0,300,1,5
1744,10,243,11,2,3,2,94,49,420,540,3,5
1745,6,82,6,2,3,2,100,43,300,600,1,5
1746,4,152,5,1,3,1,69,93,0,300,2,5
1747,1,184,1,2,3,1,42,82,300,600,4,5
1748,3,156,3,2,3,2,39,44,420,540,1,5
1749,1,98,1,2,3,1,77,79,300,600,4,5
1750,3,144,3,1,3,2,61,25,180,300,4,5
1751,8,388,8,2,3,2,5,84,420,540,4,5
1752,3,173,3,1,3,2,75,62,180,300,1,5
1753,13,174,13,2,3,2,3,60,180,300,4,5
1754,2,299,4,2,3,1,30,91,180,300,1,5
1755,3,560,5,2,3,1,23,41,300,600,4,5
1756,9,522,10,2,3,1,53,29,180,300,3,5
1757,13,478,15,2,3,2,54,24,300,420,1,5
1758,9,412,9,2,3,1,68,52,420,540,2,5
1759,6,5,7,2,3,2,26,56,60,180,3,5
1760,3,213,3,2,3,1,1,98,300,600,2,5
1761,2,546,3,2,3,1,26,33,300,600,2,5
1762,1,322,2,2,3,2,45,6,420,540,3,5
1763,6,133,6,2,3,1,48,66,420,540,2,5
1764,5,509,7,2,3,2,35,50,420,540,1,5
1765,10,600,12,2,3,2,50,27,0,300,3,5
1766,5,28,5,2,3,2,41,66,0,300,3,5
1767,6,409,6,2,3,2,89,74,420,540,2,5
1768,5,15,6,1,3,2,40,62,0,300,4,5
1769,9,591,11,2,3,2,56,50,180,300,3,5
1770,2,153,2,2,3,1,68,54,180,300,1,5
1771,1,557,2,2,3,2,30,14,180,300,1,5
1772,8,210,9,2,3,1,93,8,60,180,2,5
1773,12,402,12,2,3,1,65,32,420,540,2,5
1774,1,454,2,2,3,1,3,77,0,300,4,5
1775,4,558,6,1,3,1,52,53,0,300,1,5
1776,11,33,11,2,3,2,83,1,300,420,2,5
1777,3,44,3,2,3,2,84,37,60,180,4,5
1778,2,583,3,2,3,1,34,23,300,600,2,5
1779,14,370,14,2,3,1,94,19,420,540,3,5
1780,10,34,11,2,3,1,20,47,0,300,3,5
1781,5,228,5,2,3,1,52,15,420,540,4,5
1782,2,166,2,1,3,2,29,45,180,300,3,5
1783,3,344,3,2,3,2,6,67,420,540,4,5
1784,12,594,13,1,3,2,30,12,60,180,3,5
1785,5,52,6,1,3,2,40,61,0,300,3,5
1786,6,433,7,2,3,1,90,13,0,300,4,5
1787,1,555,2,2,3,2,22,47,300,420,1,5
1788,9,323,10,2,3,2,22,81,0,300,1,5
1789,8,255,8,2,3,1,24,28,300,600,4,5
1790,1,233,2,2,3,2,0,63,420,540,4,5
1791,9,402,9,2,3,2,91,30,420,540,4,5
1792,10,115,10,2,3,1,38,67,180,300,1,5
1793,4,161,4,1,3,1,25,18,180,300,3,5
1794,10,284,10,2,3,1,1,98,300,600,2,5
1795,9,573,10,2,3,1,83,74,300,420,3,5
1796,1,115,1,2,3,1,11,35,300,600,4,5
1797,3,202,5,1,3,2,58,31,60,180,2,5
1798,14,446,16,1,3,1,82,93,180,300,4,5
1799,8,526,9,2,3,1,75,98,300,600,1,5
1800,2,137,3,1,3,2,0,68,0,300,4,5
1801,13,151,15,2,3,1,57,17,0,300,1,5
1802,11,276,12,2,3,1,32,90,60,180,3,5
1803,6,487,7,1,3,1,77,33,60,180,3,5
1804,10,593,11,2,3,1,51,99,60,180,3,5
1805,11,519,13,2,3,1,90,14,300,600,2,5
1806,14,408,15,1,3,1,38,69,60,180,4,5
1807,2,358,2,2,3,2,62,24,420,540,4,5
1808,10,246,11,2,3,1,82,80,0,300,1,5
1809,10,493,11,2,3,1,97,72,0,300,3,5
1810,7,370,7,2,3,1,42,77,420,540,4,5
1811,7,548,8,2,3,2,9,54,420,540,3,5
1812,10,395,10,2,3,2,61,75,420,540,3,5
1813,9,493,11,2,3,1,12,55,420,540,1,5
1814,10,382,12,2,3,2,45,82,60,180,1,5
1815,11,132,11,1,3,1,81,75,180,300,3,5
1816,6,366,6,2,3,1,100,1,420,540,1,5
1817,5,435,6,1,3,1,35,62,60,180,2,5
1818,14,531,16,2,3,2,54,14,420,540,4,5
1819,13,297,14,2,3,1,40,87,420,540,3,5
1820,12,416,13,1,3,2,19,82,180,300,2,5
1821,8,444,10,2,3,1,42,34,60,180,1,5
1822,12,498,13,2,3,2,24,78,60,180,2,5
1823,1,197,2,1,3,2,4,40,0,300,1,5
1824,1,491,2,2,3,2,62,27,300,420,4,5
1825,8,447,10,2,3,2,46,34,0,300,2,5
1826,13,490,15,1,3,1,63,69,60,180,3,5
1827,14,195,15,1,3,1,54,5,0,300,4,5
1828,9,371,9,2,3,1,33,13,420,540,1,5
1829,9,462,11,1,3,1,95,92,60,180,4,5
1830,3,229,4,1,3,1,41,14,180,300,2,5
1831,6,294,6,2,3,2,2,35,420,540,2,5
1832,7,172,7,2,3,1,96,16,300,420,2,5
1833,8,504,9,1,3,2,72,92,60,180,3,5
1834,13,78,14,2,3,2,49,43,300,420,3,5
1835,6,388,7,2,3,2,33,89,0,300,4,5
1836,8,297,9,2,3,1,80,86,60,180,1,5
1837,4,360,5,1,3,2,32,100,0,300,4,5
1838,14,396,14,2,3,2,9,41,420,540,2,5
1839,5,270,5,2,3,1,6,79,420,540,1,5
1840,3,362,4,1,3,1,49,97,0,300,4,5
1841,8,4,8,1,3,1,81,25,60,180,1,5
1842,7,460,8,2,3,1,2,53,180,300,3,5
1843,14,410,15,2,3,1,51,21,420,540,3,5
1844,4,65,4,1,3,1,15,37,180,300,3,5
1845,4,240,4,2,3,2,14,13,300,600,4,5
1846,7,334,7,2,3,2,53,31,420,540,3,5
1847,2,78,2,2,3,1,24,25,300,600,1,5
1848,8,167,8,2,3,2,29,79,180,300,1,5
1849,5,507,7,2,3,1,97,82,300,600,2,5
1850,10,8,11,1,3,1,68,28,60,180,2,5
1851,14,436,15,2,3,1,55,1,0,300,1,5
1852,13,356,14,2,3,1,30,75,0,300,3,5
1853,14,69,14,1,3,1,94,79,180,300,4,5
1854,6,353,6,2,3,2,82,48,420,540,4,5
1855,6,151,6,1,3,2,45,40,180,300,3,5
1856,10,439,11,2,3,2,76,39,180,300,3,5
1857,3,300,3,2,3,2,68,76,420,540,2,5
1858,6,471,7,1,3,1,64,87,60,180,3,5
1859,13,432,14,2,3,2,36,62,300,600,4,5
1860,1,514,2,1,3,2,19,94,0,300,4,5
1861,8,94,8,2,3,1,50,45,180,300,3,5
1862,1,67,1,2,3,2,44,20,180,300,3,5
1863,7,268,7,2,3,2,4,95,300,600,2,5
1864,13,274,13,2,3,2,65,85,300,420,3,5
1865,8,117,8,2,3,2,17,46,300,420,3,5
1866,11,591,13,2,3,1,51,64,0,300,1,5
1867,2,41,2,1,3,1,18,64,60,180,2,5
1868,3,204,3,2,3,2,98,30,420,540,4,5
1869,4,538,5,2,3,2,53,80,300,420,1,5
1870,3,262,4,1,3,2,54,74,180,300,2,5
1871,2,510,4,2,3,1,10,60,420,540,4,5
1872,13,570,15,2,3,2,19,64,0,300,4,5
1873,2,180,2,1,3,1,84,7,180,300,3,5
1874,8,135,8,2,3,1,17,91,180,300,3,5
1875,4,288,5,2,3,1,53,17,420,540,3,5
1876,9,433,11,1,3,2,7,48,180,300,3,5
1877,6,174,7,2,3,2,79,26,180,300,3,5
1878,14,179,15,2,3,2,93,96,180,300,3,5
1879,3,183,3,2,3,1,0,7,420,540,2,5
1880,6,559,8,2,3,2,55,55,60,180,2,5
1881,10,200,10,2,3,1,98,14,300,600,4,5
1882,2,114,2,1,3,1,80,77,180,300,2,5
1883,3,71,4,2,3,1,76,33,0,300,2,5
1884,10,443,12,2,3,2,11,46,60,180,3,5
1885,4,529,6,2,3,1,58,54,60,180,2,5
1886,13,252,13,2,3,2,66,24,300,600,1,5
1887,12,283,13,1,3,1,2,28,60,180,3,5
1888,7,274,7,2,3,2,4,95,420,540,2,5
1889,11,41,11,1,3,2,74,49,60,180,4,5
1890,10,550,12,1,3,1,58,43,0,300,3,5
1891,4,432,5,2,3,1,93,14,420,540,3,5
1892,14,12,15,1,3,1,81,30,60,180,4,5
1893,8,334,8,2,3,2,31,29,420,540,4,5
1894,13,577,14,2,3,1,29,45,180,300,1,5
1895,11,5,11,1,3,2,28,62,60,180,4,5
1896,7,32,7,1,3,2,49,77,60,180,1,5
1897,12,218,12,2,3,2,41,15,300,420,1,5
1898,11,391,12,2,3,1,63,78,0,300,4,5
1899,10,134,10,2,3,2,98,87,180,300,4,5
1900,11,211,13,2,3,1,78,46,420,540,2,5
1901,1,74,1,1,3,2,26,29,180,300,2,5
1902,6,373,7,2,3,1,81,17,180,300,3,5
1903,13,176,13,2,3,2,0,72,180,300,1,5
1904,3,152,3,2,3,2,93,96,180,300,1,5
1905,6,247,6,2,3,1,17,70,420,540,4,5
1906,6,236,7,2,3,1,68,46,180,300,3,5
1907,11,434,13,1,3,2,13,49,60,180,3,5
1908,2,317,2,2,3,1,91,76,420,540,4,5
1909,3,556,5,1,3,1,77,5,60,180,3,5
1910,9,4,10,2,3,1,64,75,0,300,4,5
1911,8,200,8,2,3,1,48,53,300,600,1,5
1912,1,153,1,1,3,2,44,23,180,300,2,5
1913,13,176,13,1,3,2,21,18,180,300,2,5
1914,7,575,8,2,3,2,66,38,180,300,3,5
1915,3,324,4,1,3,2,98,32,180,300,2,5
1916,8,166,8,1,3,1,61,35,180,300,2,5
1917,4,450,6,2,3,2,38,18,180,300,4,5
1918,3,495,5,1,3,1,47,59,60,180,3,5
1919,10,396,11,2,3,2,8,60,420,540,4,5
1920,8,36,8,2,3,1,87,77,180,300,4,5
1921,12,570,14,1,3,1,93,65,180,300,4,5
1922,10,180,10,2,3,1,77,84,180,300,1,5
1923,14,58,14,2,3,1,5,75,180,300,3,5
1924,11,441,12,1,3,1,53,49,0,300,4,5
1925,12,305,12,2,3,1,35,64,420,540,4,5
1926,13,335,13,2,3,1,47,62,420,540,1,5
1927,1,279,2,2,3,2,23,35,420,540,4,5
1928,13,299,13,2,3,1,32,85,420,540,3,5
1929,1,18,1,1,3,1,8,82,60,180,2,5
1930,1,566,2,2,3,1,15,55,300,420,4,5
1931,11,539,12,2,3,2,35,30,300,420,1,5
1932,10,195,11,1,3,1,95,29,180,300,2,5
1933,11,23,12,1,3,2,13,97,0,300,4,5
1934,8,524,9,2,3,2,13,3,180,300,2,5
1935,7,141,7,2,3,2,42,32,300,600,2,5
1936,4,312,4,2,3,2,61,53,420,540,2,5
1937,10,348,10,2,3,1,87,75,420,540,2,5
1938,2,375,3,1,3,1,31,100,60,180,3,5
1939,5,344,5,2,3,2,72,50,420,540,3,5
1940,12,37,12,2,3,1,65,51,180,300,1,5
1941,8,96,9,1,3,2,54,36,180,300,3,5
1942,8,73,8,1,3,2,85,48,180,300,2,5
1943,11,345,13,1,3,1,44,69,0,300,1,5
1944,13,578,14,2,3,2,23,22,180,300,2,5
1945,9,447,11,2,3,1,87,60,0,300,4,5
1946,14,514,15,1,3,2,51,15,60,180,2,5
1947,10,246,10,2,3,1,84,5,300,600,1,5
1948,2,20,2,1,3,1,77,26,60,180,2,5
1949,8,597,10,2,3,2,66,75,180,300,2,5
1950,5,153,7,1,3,1,73,52,0,300,4,5
1951,13,436,15,2,3,1,25,32,300,600,4,5
1952,11,542,13,2,3,1,72,75,180,300,2,5
1953,4,509,6,2,3,1,64,24,0,300,1,5
1954,7,343,7,2,3,2,97,37,420,540,2,5
1955,9,432,11,2,3,2,57,3,300,600,2,5
1956,4,176,5,2,3,2,7,93,180,300,1,5
1957,5,521,6,2,3,2,54,17,0,300,3,5
1958,6,393,6,2,3,2,56,96,420,540,4,5
1959,14,496,16,2,3,2,2,92,0,300,4,5
1960,8,473,9,1,3,2,91,26,0,300,2,5
1961,8,265,8,2,3,2,79,70,300,600,4,5
1962,14,414,14,2,3,2,39,53,420,540,4,5
1963,8,180,8,2,3,1,35,13,300,600,1,5
1964,12,304,12,2,3,2,99,88,420,540,3,5
1965,13,182,13,2,3,2,47,3,420,540,2,5
1966,13,586,14,2,3,2,42,0,60,180,3,5
1967,11,57,12,2,3,1,42,23,0,300,2,5
1968,3,246,3,2,3,1,66,76,420,540,2,5
1969,7,343,7,2,3,2,22,89,420,540,4,5
1970,14,310,15,2,3,2,71,49,60,180,4,5
1971,4,334,5,1,3,2,55,0,60,180,4,5
1972,14,499,16,2,3,2,63,94,60,180,1,5
1973,10,548,12,2,3,2,2,76,60,180,1,5
1974,5,358,6,1,3,1,11,14,60,180,3,5
1975,3,207,3,2,3,2,20,33,300,420,2,5
1976,8,376,8,2,3,1,92,50,420,540,1,5
1977,13,585,14,1,3,2,82,29,0,300,3,5
1978,8,259,9,1,3,1,42,53,180,300,1,5
1979,10,391,10,2,3,1,45,17,420,540,1,5
1980,5,152,5,1,3,2,18,94,180,300,1,5
1981,12,573,14,2,3,1,36,4,60,180,1,5
1982,12,331,13,2,3,1,37,9,180,300,1,5
1983,8,508,9,1,3,1,6,42,60,180,1,5
1984,8,484,9,2,3,1,84,76,300,420,1,5
1985,9,29,9,2,3,1,45,63,420,540,4,5
1986,9,487,10,2,3,1,72,45,420,540,4,5
1987,6,79,6,2,3,1,48,90,300,420,4,5
1988,14,490,15,2,3,2,71,69,420,540,3,5
1989,10,355,10,2,3,2,30,98,420,540,3,5
1990,11,83,11,2,3,2,37,26,420,540,3,5
1991,2,124,2,2,3,2,64,11,300,600,4,5
1992,12,99,12,1,3,2,31,63,180,300,1,5
1993,3,352,4,2,3,1,49,51,60,180,3,5
1994,9,401,9,2,3,2,96,93,420,540,3,5
1995,13,491,15,2,3,1,98,71,180,300,1,5
1996,5,291,5,2,3,1,41,77,420,540,3,5
1997,13,328,15,2,3,1,25,17,300,600,1,5
1998,1,71,1,2,3,1,66,55,300,600,3,5
1999,14,277,15,2,3,1,35,15,180,300,2,5
2000,2,99,3,2,3,1,87,44,420,540,2,5
2001,5,131,6,2,3,2,18,1,420,540,4,5
2002,13,554,14,1,3,1,93,44,180,300,2,5
2003,11,110,12,1,3,1,32,41,60,180,4,5
2004,4,417,5,2,3,2,83,0,60,180,2,5
2005,11,513,13,2,3,1,86,100,0,300,4,5
2006,7,267,7,2,3,1,30,30,420,540,3,5
2007,14,272,15,2,3,2,13,97,420,540,1,5
2008,2,256,2,2,3,1,0,10,420,540,4,5
2009,6,271,7,2,3,1,89,0,420,540,2,5
2010,9,169,9,2,3,2,8,68,180,300,3,5
2011,4,564,5,2,3,2,82,42,420,540,3,5
2012,12,500,13,1,3,1,30,12,60,180,3,5
2013,10,337,11,1,3,1,21,0,180,300,1,5
2014,9,218,9,2,3,2,44,91,300,600,4,5
2015,1,62,1,2,3,2,39,66,180,300,4,5
2016,4,35,4,2,3,1,85,91,300,420,1,5
2017,6,473,8,1,3,1,61,23,60,180,4,5
2018,10,584,12,2,3,1,31,41,60,180,1,5
2019,10,240,11,1,3,1,36,57,0,300,1,5
2020,9,31,10,2,3,1,62,28,0,300,1,5
2021,12,548,14,1,3,2,3,71,0,300,3,5
2022,5,143,6,2,3,1,52,45,300,420,4,5
2023,11,400,11,2,3,1,19,96,420,540,2,5
2024,7,395,7,2,3,1,100,40,420,540,4,5
2025,4,171,4,2,3,1,1,26,300,600,2,5
2026,3,292,3,2,3,2,77,7,300,600,1,5
2027,4,598,6,2,3,2,20,56,180,300,3,5
2028,13,63,13,2,3,1,63,28,300,600,4,5
2029,13,503,15,2,3,1,93,72,300,600,4,5
2030,3,354,3,2,3,1,21,81,420,540,2,5
2031,7,318,8,2,3,1,32,68,60,180,1,5
2032,11,411,12,2,3,2,20,65,180,300,1,5
2033,2,71,2,1,3,2,23,9,180,300,4,5
2034,13,349,13,2,3,1,97,64,420,540,3,5
2035,7,234,8,2,3,1,56,54,0,300,1,5
2036,1,195,1,2,3,1,29,46,420,540,1,5
2037,6,120,6,2,3,2,53,40,420,540,3,5
2038,6,270,6,2,3,2,12,42,420,540,3,5
2039,14,421,16,2,3,1,59,40,300,600,4,5
2040,9,319,9,2,3,1,2,85,420,540,2,5
2041,13,88,14,1,3,1,71,61,180,300,4,5
2042,11,506,12,2,3,1,14,61,300,600,3,5
2043,10,372,10,2,3,1,64,52,420,540,1,5
2044,2,552,4,2,3,1,98,83,180,300,1,5
2045,14,101,15,2,3,2,35,8,180,300,1,5
2046,10,83,11,1,3,1,19,87,180,300,4,5
2047,9,25,9,2,3,2,92,51,0,300,2,5
2048,6,356,6,2,3,1,47,74,420,540,2,5
2049,8,322,9,1,3,2,53,3,180,300,3,5
2050,14,98,14,1,3,1,47,80,180,300,2,5
2051,10,200,11,1,3,1,14,95,60,180,1,5
2052,3,15,3,2,3,1,11,38,0,300,2,5
2053,12,600,14,2,3,2,51,89,60,180,1,5
2054,2,478,3,1,3,1,95,75,0,300,4,5
2055,1,540,2,2,3,2,46,97,60,180,4,5
2056,11,556,13,1,3,2,73,93,180,300,2,5
2057,6,294,7,2,3,1,11,98,0,300,4,5
2058,10,376,11,1,3,1,21,17,180,300,3,5
2059,6,519,8,2,3,1,73,88,180,300,1,5
2060,13,390,13,2,3,2,55,47,420,540,2,5
2061,3,257,3,2,3,2,63,58,300,600,3,5
2062,3,370,3,2,3,1,63,79,420,540,3,5
2063,7,37,7,1,3,2,73,33,60,180,4,5
2064,7,381,8,2,3,2,83,95,180,300,3,5
2065,11,504,12,2,3,2,42,91,420,540,1,5
2066,12,449,14,2,3,2,83,37,60,180,4,5
2067,10,203,10,2,3,1,62,98,420,540,4,5
2068,4,101,5,2,3,2,66,79,60,180,2,5
2069,13,519,14,1,3,2,93,53,60,180,1,5
2070,9,258,9,2,3,1,99,97,420,540,1,5
2071,4,494,6,2,3,1,4,21,0,300,4,5
2072,10,225,10,2,3,2,4,82,300,600,3,5
2073,2,342,2,2,3,2,92,61,420,540,4,5
2074,12,191,14,2,3,1,2,29,300,420,4,5
2075,6,203,7,2,3,2,49,66,300,600,3,5
2076,13,56,13,1,3,1,63,47,60,180,2,5
2077,6,588,8,1,3,1,50,74,180,300,3,5
2078,9,406,9,2,3,1,95,19,420,540,2,5
2079,4,213,4,2,3,2,85,67,420,540,4,5
2080,10,578,11,1,3,1,42,99,180,300,1,5
2081,13,587,15,2,3,1,98,65,420,540,3,5
2082,3,180,3,2,3,2,57,35,420,540,1,5
2083,7,31,7,1,3,2,67,32,60,180,4,5
2084,7,369,9,2,3,2,22,5,420,540,4,5
2085,12,535,14,2,3,2,44,66,60,180,3,5
2086,5,268,5,2,3,1,21,87,420,540,4,5
2087,3,327,4,2,3,1,86,2,420,540,2,5
2088,12,134,12,2,3,1,73,46,420,540,3,5
2089,10,298,11,2,3,2,76,76,420,540,2,5
2090,5,409,5,2,3,2,26,58,420,540,2,5
2091,8,516,10,2,3,2,24,75,420,540,1,5
2092,2,384,2,2,3,2,81,100,420,540,4,5
2093,10,408,11,2,3,2,9,47,60,180,4,5
2094,7,174,9,2,3,2,70,94,420,540,3,5
2095,13,14,13,2,3,2,53,33,60,180,1,5
2096,9,163,10,2,3,1,53,46,60,180,2,5
2097,1,417,2,2,3,2,3,61,300,420,3,5
2098,10,348,10,2,3,2,31,35,420,540,1,5
2099,4,343,5,2,3,1,26,22,60,180,4,5
2100,2,403,3,2,3,2,66,3,0,300,4,5
2101,9,80,10,2,3,1,95,27,60,180,3,5
2102,7,447,8,2,3,2,43,88,180,300,3,5
2103,2,560,3,2,3,1,90,97,180,300,3,5
2104,2,462,4,2,3,1,44,1,60,180,1,5
2105,14,252,14,2,3,1,84,75,420,540,1,5
2106,10,460,12,2,3,1,3,21,420,540,1,5
2107,4,376,4,2,3,1,28,44,420,540,1,5
2108,3,270,3,2,3,2,83,83,300,420,3,5
2109,14,112,14,1,3,2,26,28,180,300,2,5
2110,11,596,12,1,3,1,82,91,60,180,3,5
2111,5,160,5,2,3,1,48,63,420,540,1,5
2112,13,446,15,2,3,2,37,44,180,300,2,5
2113,1,7,1,2,3,1,74,98,420,540,4,5
2114,11,15,11,2,3,2,68,45,0,300,1,5
2115,4,8,5,2,3,1,94,24,300,420,1,5
2116,8,438,9,2,3,2,49,62,0,300,2,5
2117,12,156,13,2,3,2,35,74,60,180,1,5
2118,6,446,7,2,3,2,20,34,300,600,4,5
2119,2,303,2,2,3,1,31,94,420,540,3,5
2120,11,278,11,2,3,1,36,98,420,540,2,5
2121,6,238,7,2,3,2,29,74,420,540,4,5
2122,2,130,2,2,3,1,90,17,180,300,4,5
2123,5,371,7,2,3,2,42,95,0,300,1,5
2124,8,529,10,1,3,1,99,35,0,300,4,5
2125,1,54,1,2,3,2,69,7,60,180,1,5
2126,5,159,6,2,3,1,74,45,300,600,4,5
2127,11,29,11,2,3,2,11,97,300,600,4,5
2128,9,189,9,2,3,2,86,50,300,420,4,5
2129,2,31,3,1,3,1,55,46,180,300,3,5
2130,7,149,9,1,3,2,34,96,0,300,3,5
2131,8,293,8,2,3,1,64,90,300,600,1,5
2132,9,569,10,1,3,2,21,30,180,300,1,5
2133,10,178,10,1,3,1,77,91,180,300,4,5
2134,6,570,7,2,3,2,34,23,180,300,3,5
2135,4,467,5,1,3,2,42,50,60,180,3,5
2136,6,379,8,2,3,1,12,26,0,300,4,5
2137,12,597,14,2,3,1,66,8,420,540,4,5
2138,10,220,10,2,3,2,14,70,420,540,4,5
2139,4,558,5,2,3,2,37,76,60,180,2,5
2140,2,163,4,2,3,2,62,98,180,300,2,5
2141,4,315,4,2,3,1,86,8,420,540,3,5
2142,12,143,13,2,3,1,50,53,420,540,1,5
2143,9,301,9,2,3,1,6,40,420,540,3,5
2144,12,154,12,2,3,1,16,75,180,300,2,5
2145,8,87,9,2,3,1,12,95,0,300,4,5
2146,11,202,12,2,3,1,55,77,180,300,3,5
2147,7,204,7,2,3,1,31,49,420,540,4,5
2148,10,563,12,1,3,2,95,67,180,300,2,5
2149,6,441,7,2,3,2,9,96,180,300,2,5
2150,3,451,4,2,3,2,80,47,180,300,1,5
2151,12,311,12,2,3,2,21,70,420,540,3,5
2152,13,195,14,2,3,2,85,35,300,600,3,5
2153,13,357,14,1,3,2,10,25,0,300,4,5
2154,9,498,10,1,3,1,15,23,180,300,2,5
2155,12,117,12,2,3,2,73,70,420,540,2,5
2156,7,546,8,2,3,1,55,82,300,600,4,5
2157,11,17,11,2,3,2,31,44,300,420,4,5
2158,7,283,8,2,3,2,78,36,420,540,3,5
2159,5,258,6,1,3,2,25,66,180,300,4,5
2160,2,595,4,2,3,2,22,58,420,540,3,5
2161,10,150,10,2,3,1,40,30,300,600,2,5
2162,6,399,6,2,3,2,36,58,420,540,3,5
2163,2,219,3,1,3,2,27,39,60,180,3,5
2164,7,57,7,2,3,1,86,68,300,420,1,5
2165,9,302,9,2,3,2,31,20,420,540,1,5
2166,9,422,11,2,3,1,71,65,0,300,1,5
2167,9,422,10,2,3,1,81,22,0,300,1,5
2168,14,34,14,1,3,1,61,54,60,180,1,5
2169,4,523,5,2,3,1,55,22,420,540,1,5
2170,11,459,12,1,3,1,46,4,0,300,3,5
2171,12,280,12,2,3,2,16,7,420,540,1,5
2172,14,484,15,2,3,1,74,97,0,300,1,5
2173,4,572,6,1,3,1,60,53,180,300,4,5
2174,7,303,8,1,3,2,26,80,60,180,3,5
2175,7,216,8,1,3,1,50,90,180,300,3,5
2176,10,377,10,2,3,1,41,85,420,540,4,5
2177,7,297,7,2,3,1,71,51,420,540,1,5
2178,7,99,7,2,3,1,9,51,180,300,1,5
2179,4,77,4,2,3,2,59,57,180,300,3,5
2180,13,319,13,2,3,2,98,81,420,540,4,5
2181,11,578,12,2,3,2,24,37,60,180,4,5
2182,3,441,5,2,3,1,40,72,60,180,3,5
2183,11,516,13,2,3,2,81,63,420,540,1,5
2184,5,364,5,2,3,2,68,20,420,540,3,5
2185,13,472,14,2,3,1,20,24,0,300,2,5
2186,1,411,1,2,3,1,14,78,420,540,3,5
2187,2,94,2,2,3,2,18,8,300,420,1,5
2188,8,132,9,1,3,1,22,66,0,300,1,5
2189,8,513,9,2,3,1,88,68,300,600,1,5
2190,2,219,3,1,3,1,98,96,60,180,2,5
2191,13,128,13,2,3,2,45,35,180,300,1,5
2192,13,360,13,2,3,2,75,96,420,540,1,5
2193,4,298,4,2,3,2,76,79,420,540,3,5
2194,6,569,8,1,3,2,19,72,0,300,1,5
2195,1,198,1,2,3,2,91,83,420,540,2,5
2196,11,7,12,1,3,2,51,91,0,300,1,5
2197,9,406,9,2,3,1,88,96,420,540,1,5
2198,13,201,14,2,3,2,67,45,0,300,3,5
2199,14,94,14,2,3,2,0,43,420,540,1,5
2200,10,511,12,1,3,2,79,52,180,300,2,5
2201,2,196,2,2,3,1,33,22,420,540,2,5
2202,8,472,10,2,3,1,40,10,180,300,1,5
2203,11,2,11,1,3,2,98,65,60,180,1,5
2204,13,48,13,2,3,1,34,61,0,300,1,5
2205,14,475,16,2,3,2,49,23,420,540,1,5
2206,1,18,3,2,3,2,13,54,420,540,3,5
2207,7,221,8,2,3,2,62,27,0,300,4,5
2208,4,262,5,2,3,1,90,98,180,300,2,5
2209,8,570,9,1,3,2,20,6,60,180,4,5
2210,4,197,6,2,3,1,33,9,180,300,1,5
2211,13,494,15,2,3,1,28,17,420,540,4,5
2212,10,377,10,2,3,2,12,20,420,540,3,5
2213,3,340,3,2,3,1,89,7,420,540,2,5
2214,10,481,11,2,3,2,98,19,420,540,4,5
2215,7,150,8,1,3,2,80,5,180,300,3,5
2216,12,292,13,2,3,1,87,70,420,540,3,5
2217,1,344,1,2,3,1,58,3,420,540,3,5
2218,10,124,10,2,3,1,93,2,180,300,4,5
2219,3,163,3,2,3,2,9,8,180,300,2,5
2220,8,547,10,1,3,2,97,12,180,300,1,5
2221,11,325,11,2,3,2,42,67,420,540,3,5
2222,8,580,9,1,3,2,85,68,0,300,1,5
2223,12,516,13,2,3,1,0,42,180,300,3,5
2224,9,143,9,1,3,2,29,84,180,300,1,5
2225,5,69,6,2,3,1,33,12,420,540,1,5
2226,4,275,5,2,3,1,20,37,60,180,2,5
2227,5,536,7,1,3,2,85,13,0,300,2,5
2228,2,443,4,1,3,1,51,14,0,300,4,5
2229,4,137,5,2,3,2,63,63,180,300,1,5
2230,12,334,12,2,3,2,7,32,420,540,3,5
2231,13,54,13,1,3,2,81,94,60,180,4,5
2232,1,456,3,1,3,1,70,67,60,180,1,5
2233,13,27,13,2,3,2,17,20,180,300,1,5
2234,7,442,9,2,3,2,70,50,300,600,1,5
2235,5,1,6,2,3,1,76,52,300,600,2,5
2236,12,173,12,1,3,1,70,0,180,300,3,5
2237,11,257,11,2,3,2,60,31,420,540,4,5
2238,4,352,4,2,3,1,53,58,420,540,2,5
2239,1,371,1,2,3,1,95,20,420,540,4,5
2240,4,185,5,2,3,2,1,30,0,300,4,5
2241,2,442,4,2,3,2,66,25,300,600,2,5
2242,2,485,3,1,3,1,46,57,60,180,3,5
2243,14,159,14,1,3,2,77,76,180,300,1,5
2244,9,39,9,2,3,1,99,92,180,300,3,5
2245,5,385,6,2,3,1,54,41,180,300,3,5
2246,8,39,8,2,3,2,78,49,300,600,4,5
2247,13,130,13,1,3,2,27,21,180,300,2,5
2248,8,368,9,1,3,2,56,68,180,300,2,5
2249,12,469,14,2,3,2,26,62,0,300,2,5
2250,6,331,6,2,3,1,65,44,420,540,2,5
2251,10,498,11,2,3,2,64,47,180,300,4,5
2252,3,33,3,2,3,1,91,34,300,600,3,5
2253,6,533,7,1,3,2,56,100,0,300,1,5
2254,3,460,4,2,3,2,17,51,420,540,4,5
2255,8,17,10,2,3,1,97,74,300,600,1,5
2256,10,527,11,2,3,2,31,59,0,300,3,5
2257,14,368,15,2,3,2,74,77,180,300,2,5
2258,6,380,7,1,3,2,13,44,60,180,2,5
2259,3,294,3,2,3,2,90,94,300,600,2,5
2260,2,469,4,1,3,1,60,62,60,180,4,5
2261,1,545,2,2,3,2,88,38,180,300,1,5
2262,7,151,7,1,3,1,18,98,180,300,4,5
2263,11,218,12,2,3,2,51,47,300,420,2,5
2264,8,81,8,2,3,2,15,61,180,300,3,5
2265,1,145,2,2,3,2,19,81,300,420,3,5
2266,14,354,16,2,3,1,15,8,0,300,3,5
2267,3,227,3,2,3,1,6,8,420,540,3,5
2268,14,376,14,2,3,1,9,19,420,540,1,5
2269,1,150,1,1,3,2,92,61,180,300,3,5
2270,11,251,12,2,3,1,70,57,0,300,1,5
2271,3,156,5,2,3,1,1,45,60,180,2,5
2272,6,460,8,2,3,1,94,39,180,300,3,5
2273,6,502,8,1,3,1,24,51,60,180,3,5
2274,12,284,12,2,3,1,45,48,420,540,1,5
2275,11,318,12,2,3,2,48,12,420,540,1,5
2276,12,249,13,1,3,2,13,95,0,300,1,5
2277,12,15,13,2,3,2,13,80,0,300,4,5
2278,4,154,4,2,3,1,90,67,420,540,2,5
2279,4,397,4,2,3,2,63,19,420,540,1,5
2280,14,586,16,1,3,2,91,14,60,180,1,5
2281,13,60,14,1,3,2,14,98,180,300,3,5
2282,12,23,13,1,3,2,94,24,0,300,4,5
2283,7,587,9,1,3,1,51,63,0,300,1,5
2284,5,456,6,2,3,1,15,85,0,300,1,5
2285,6,303,6,2,3,1,77,12,420,540,1,5
2286,4,169,6,1,3,1,55,10,0,300,1,5
2287,10,535,11,2,3,2,57,39,60,180,1,5
2288,5,217,6,2,3,2,5,34,300,600,1,5
2289,5,298,6,2,3,2,13,69,0,300,3,5
2290,3,290,3,2,3,1,56,72,420,540,2,5
2291,2,437,4,2,3,2,91,92,60,180,1,5
2292,4,234,4,2,3,2,29,21,420,540,1,5
2293,2,240,2,2,3,1,20,82,420,540,2,5
2294,9,294,9,2,3,2,6,39,300,600,4,5
2295,13,311,13,2,3,2,8,64,420,540,3,5
2296,12,59,12,2,3,2,53,89,180,300,2,5
2297,8,48,8,1,3,2,91,40,60,180,2,5
2298,12,451,13,2,3,2,68,69,420,540,3,5
2299,11,241,11,2,3,2,50,41,420,540,2,5
2300,11,232,11,2,3,1,23,80,300,420,2,5
2301,4,5,5,1,3,2,39,62,0,300,3,5
2302,14,268,15,2,3,2,8,84,420,540,4,5
2303,1,464,2,1,3,2,67,22,60,180,4,5
2304,14,257,14,2,3,2,41,44,300,600,3,5
2305,9,449,10,1,3,2,2,55,180,300,3,5
2306,2,310,3,2,3,1,31,46,0,300,1,5
2307,11,252,11,2,3,2,21,84,300,420,2,5
2308,1,91,1,1,3,1,55,65,180,300,3,5
2309,2,330,2,2,3,1,57,12,420,540,3,5
2310,13,590,14,2,3,1,96,21,60,180,3,5
2311,5,152,5,2,3,2,68,20,300,600,3,5
2312,10,285,10,2,3,2,51,86,300,600,1,5
2313,2,545,4,1,3,1,75,85,180,300,1,5
2314,3,359,4,2,3,1,29,64,420,540,4,5
2315,4,535,5,2,3,1,40,28,420,540,2,5
2316,2,299,2,2,3,2,26,56,300,420,3,5
2317,3,332,3,2,3,1,25,90,420,540,4,5
2318,3,189,3,2,3,1,97,48,420,540,4,5
2319,9,111,9,2,3,2,72,80,180,300,3,5
2320,7,435,9,2,3,2,3,95,300,420,1,5
2321,10,321,11,2,3,1,45,0,300,420,1,5
2322,12,592,14,2,3,2,74,68,420,540,1,5
2323,1,111,1,2,3,2,42,31,180,300,4,5
2324,1,101,2,1,3,2,0,30,0,300,2,5
2325,14,450,16,1,3,2,97,11,60,180,4,5
2326,1,417,1,2,3,2,85,22,420,540,2,5
2327,2,140,2,2,3,1,69,35,300,420,4,5
2328,10,434,11,2,3,2,44,61,60,180,2,5
2329,9,54,9,1,3,1,87,0,60,180,1,5
2330,1,387,1,2,3,2,41,97,420,540,3,5
2331,8,50,9,1,3,1,52,53,60,180,2,5
2332,5,387,5,2,3,2,35,67,420,540,2,5
2333,9,59,10,2,3,2,76,69,0,300,2,5
2334,4,105,4,1,3,1,47,44,180,300,2,5
2335,2,120,3,2,3,1,68,100,420,540,4,5
2336,14,170,15,1,3,2,79,68,60,180,3,5
2337,9,179,10,2,3,2,79,71,180,300,2,5
2338,11,354,11,2,3,1,58,78,420,540,4,5
2339,11,164,12,1,3,2,13,26,60,180,3,5
2340,9,592,10,2,3,2,41,73,60,180,2,5
2341,10,422,11,1,3,1,87,98,60,180,2,5
2342,4,279,4,2,3,1,19,82,300,420,4,5
2343,9,249,10,2,3,2,61,40,0,300,1,5
2344,4,47,5,2,3,1,15,76,300,420,4,5
2345,8,319,9,1,3,2,15,47,0,300,1,5
2346,14,198,15,2,3,2,76,34,60,180,3,5
2347,10,78,11,2,3,2,18,54,0,300,4,5
2348,7,390,7,2,3,1,67,81,420,540,1,5
2349,3,252,3,2,3,1,72,39,300,420,4,5
2350,13,75,13,1,3,1,40,84,180,300,2,5
2351,10,153,10,2,3,1,95,94,180,300,4,5
2352,13,598,15,1,3,1,23,50,60,180,4,5
2353,10,424,11,1,3,1,95,97,0,300,2,5
2354,13,19,13,2,3,1,12,33,0,300,4,5
2355,11,273,11,2,3,1,15,7,300,420,4,5
2356,9,33,10,1,3,2,34,64,180,300,2,5
2357,3,580,5,2,3,2,52,21,60,180,4,5
2358,5,145,5,2,3,1,6,55,180,300,4,5
2359,1,461,3,2,3,2,66,41,0,300,3,5
2360,10,536,11,2,3,1,71,86,420,540,3,5
2361,6,222,7,2,3,1,78,94,180,300,2,5
2362,7,196,8,1,3,2,95,90,60,180,2,5
2363,9,598,10,2,3,1,62,60,180,300,1,5
2364,7,436,8,1,3,2,52,29,60,180,3,5
2365,12,288,12,2,3,1,6,78,420,540,4,5
2366,10,18,11,1,3,1,13,87,0,300,3,5
2367,6,32,6,2,3,2,83,82,0,300,4,5
2368,3,11,3,2,3,1,6,42,420,540,2,5
2369,7,326,7,2,3,2,55,8,420,540,2,5
2370,11,276,11,2,3,1,95,66,420,540,2,5
2371,4,74,5,2,3,1,16,49,180,300,4,5
2372,13,585,15,1,3,1,29,15,60,180,3,5
2373,6,346,6,2,3,1,70,53,420,540,2,5
2374,1,405,1,2,3,1,44,13,420,540,4,5
2375,6,359,7,2,3,2,8,61,60,180,2,5
2376,11,263,11,2,3,1,8,74,420,540,4,5
2377,5,142,5,1,3,2,62,60,180,300,4,5
2378,4,448,6,2,3,1,98,88,420,540,3,5
2379,14,45,14,1,3,2,44,17,60,180,3,5
2380,8,547,9,2,3,2,3,34,0,300,3,5
2381,8,431,9,2,3,2,79,47,180,300,2,5
2382,6,154,6,1,3,1,98,4,180,300,4,5
2383,14,224,14,2,3,1,11,67,420,540,1,5
2384,3,199,4,2,3,1,31,51,180,300,4,5
2385,2,111,3,1,3,1,71,22,180,300,3,5
2386,9,554,10,2,3,2,56,34,60,180,3,5
2387,13,296,13,2,3,2,21,35,300,600,1,5
2388,7,462,8,2,3,1,19,54,180,300,2,5
2389,8,277,9,2,3,1,63,33,60,180,1,5
2390,11,579,12,1,3,2,91,3,180,300,1,5
2391,13,194,13,2,3,1,55,24,300,420,2,5
2392,1,133,1,1,3,1,66,54,180,300,3,5
2393,1,270,2,2,3,1,60,68,0,300,2,5
2394,10,252,11,1,3,2,35,89,60,180,4,5
2395,4,78,5,2,3,1,40,86,300,420,1,5
2396,4,508,6,2,3,2,68,75,300,600,3,5
2397,14,248,14,2,3,2,61,22,300,600,2,5
2398,5,557,6,2,3,2,44,58,0,300,1,5
2399,4,198,4,2,3,2,77,55,300,600,1,5
2400,9,411,9,2,3,2,71,36,420,540,3,5
2401,5,241,6,2,3,2,59,97,300,420,2,5
2402,7,187,8,2,3,2,21,84,0,300,2,5
2403,4,444,6,1,3,2,100,0,0,300,1,5
2404,13,219,13,2,3,1,19,82,300,420,2,5
2405,11,239,11,2,3,2,87,65,420,540,4,5
2406,14,353,15,1,3,1,65,14,60,180,1,5
2407,4,300,5,2,3,1,19,99,60,180,4,5
2408,5,215,5,2,3,2,28,24,300,420,4,5
2409,14,380,16,2,3,1,14,22,60,180,4,5
2410,7,588,8,1,3,2,59,26,0,300,3,5
2411,6,593,8,1,3,1,30,39,0,300,1,5
2412,9,207,9,2,3,2,45,4,420,540,3,5
2413,9,499,11,1,3,2,52,56,60,180,4,5
2414,11,325,11,2,3,2,69,96,420,540,3,5
2415,12,24,12,1,3,1,50,57,60,180,4,5
2416,11,560,12,2,3,2,32,59,60,180,2,5
2417,8,147,8,1,3,1,83,56,180,300,1,5
2418,4,483,5,2,3,1,36,16,180,300,3,5
2419,11,405,11,2,3,1,59,42,420,540,4,5
2420,13,551,15,1,3,1,31,80,60,180,1,5
2421,3,373,3,2,3,2,72,3,420,540,1,5
2422,5,295,5,2,3,1,100,19,420,540,3,5
2423,11,474,12,2,3,1,36,83,300,420,3,5
2424,6,588,7,1,3,2,22,34,180,300,1,5
2425,8,586,10,1,3,1,75,55,180,300,1,5
2426,4,308,5,2,3,1,54,86,420,540,4,5
2427,13,139,13,1,3,2,74,85,180,300,3,5
2428,5,30,5,2,3,2,91,92,0,300,2,5
2429,9,364,10,2,3,2,51,49,420,540,1,5
2430,9,482,11,2,3,1,72,24,0,300,4,5
2431,5,442,6,1,3,2,72,41,0,300,1,5
2432,5,457,7,2,3,1,3,61,60,180,1,5
2433,7,152,8,2,3,2,47,79,180,300,3,5
2434,9,241,9,2,3,1,6,5,300,600,2,5
2435,3,113,4,1,3,2,62,82,60,180,4,5
2436,8,474,9,2,3,2,63,62,420,540,1,5
2437,11,372,11,2,3,2,20,59,420,540,4,5
2438,2,150,4,1,3,2,84,17,0,300,4,5
2439,2,471,3,1,3,2,78,67,180,300,2,5
2440,7,498,8,1,3,2,89,70,180,300,1,5
2441,6,560,7,2,3,2,46,76,180,300,1,5
2442,4,348,5,2,3,1,21,46,300,420,3,5
2443,10,321,11,2,3,2,27,6,420,540,2,5
2444,10,191,10,2,3,2,16,10,300,600,3,5
2445,2,171,3,1,3,2,84,89,0,300,3,5
2446,5,225,5,2,3,1,4,79,420,540,1,5
2447,13,101,13,1,3,1,69,52,180,300,1,5
2448,11,123,12,1,3,1,89,24,0,300,1,5
2449,3,228,4,1,3,1,92,30,180,300,4,5
2450,3,9,3,2,3,2,54,44,60,180,2,5
2451,10,99,11,2,3,1,42,70,300,600,3,5
2452,9,307,9,2,3,1,45,18,420,540,2,5
2453,11,368,11,2,3,1,40,43,420,540,4,5
2454,6,68,6,1,3,2,49,47,180,300,3,5
2455,7,154,8,2,3,1,50,65,0,300,3,5
2456,6,278,7,1,3,1,85,81,60,180,4,5
2457,3,462,4,2,3,1,40,18,420,540,4,5
2458,12,406,12,2,3,2,96,75,420,540,2,5
2459,1,428,3,2,3,2,73,72,0,300,2,5
2460,1,240,1,2,3,2,99,26,300,420,2,5
2461,1,33,1,1,3,2,19,51,60,180,1,5
2462,5,140,6,2,3,1,71,25,420,540,4,5
2463,7,478,9,2,3,2,71,65,60,180,3,5
2464,1,434,2,1,3,1,28,31,180,300,2,5
2465,11,573,13,2,3,2,1,10,0,300,2,5
2466,1,207,2,2,3,2,27,58,300,420,2,5
2467,10,54,10,2,3,1,65,88,0,300,3,5
2468,10,45,11,2,3,1,97,22,420,540,2,5
2469,4,6,4,2,3,2,11,58,180,300,3,5
2470,5,428,7,2,3,2,69,8,60,180,1,5
2471,7,223,7,2,3,2,87,6,300,600,3,5
2472,5,504,6,2,3,1,32,30,420,540,3,5
2473,11,254,12,2,3,2,99,25,60,180,4,5
2474,6,60,6,2,3,1,79,55,60,180,2,5
2475,14,284,14,2,3,1,28,76,300,600,2,5
2476,10,185,10,2,3,1,68,96,420,540,3,5
2477,5,211,5,2,3,1,87,68,300,600,3,5
2478,4,442,5,2,3,2,10,35,420,540,2,5
2479,12,488,13,2,3,1,53,19,420,540,4,5
2480,7,475,8,2,3,1,15,52,300,600,3,5
2481,3,479,4,2,3,1,30,16,0,300,2,5
2482,1,357,1,2,3,2,47,54,420,540,2,5
2483,11,80,12,2,3,2,3,43,60,180,2,5
2484,1,113,1,1,3,2,95,80,180,300,3,5
2485,10,295,10,2,3,2,8,40,420,540,4,5
2486,10,182,10,2,3,2,70,97,300,600,4,5
2487,12,166,13,1,3,1,1,63,60,180,2,5
2488,4,268,4,2,3,2,68,74,420,540,2,5
2489,11,582,13,2,3,2,62,26,60,180,4,5
2490,12,409,13,1,3,2,36,91,0,300,4,5
2491,4,150,5,2,3,1,32,10,0,300,1,5
2492,3,436,5,2,3,2,52,47,180,300,3,5
2493,2,400,2,2,3,1,29,33,420,540,1,5
2494,14,72,15,2,3,1,69,30,180,300,3,5
2495,7,456,9,1,3,2,19,57,60,180,1,5
2496,6,34,6,1,3,1,46,85,60,180,3,5
2497,5,71,6,2,3,1,42,54,420,540,3,5
2498,5,52,6,2,3,1,28,73,0,300,3,5
2499,13,30,13,2,3,1,94,49,0,300,4,5
2500,13,3,13,2,3,2,100,74,180,300,3,5
2501,4,409,5,2,3,1,30,59,300,420,3,5
2502,6,289,7,1,3,1,14,5,0,300,4,5
2503,4,207,5,2,3,1,4,61,180,300,4,5
2504,10,149,10,2,3,2,6,15,420,540,2,5
2505,13,352,14,2,3,1,65,73,300,420,1,5
2506,4,105,4,1,3,1,92,35,180,300,3,5
2507,13,39,14,2,3,2,45,46,60,180,4,5
2508,10,326,10,2,3,2,0,61,420,540,2,5
2509,10,0,10,2,3,2,70,36,0,300,1,5
2510,4,537,6,2,3,1,98,34,60,180,2,5
2511,3,349,4,2,3,1,89,3,0,300,1,5
2512,13,418,14,2,3,1,39,45,180,300,3,5
2513,12,172,12,2,3,2,79,43,180,300,1,5
2514,1,562,3,1,3,1,90,29,0,300,2,5
2515,10,566,11,2,3,1,84,27,300,600,2,5
2516,4,593,6,1,3,2,59,16,0,300,1,5
2517,6,494,7,1,3,2,52,31,60,180,3,5
2518,8,40,8,2,3,2,64,0,0,300,3,5
2519,5,370,5,2,3,1,59,42,420,540,3,5
2520,10,309,11,2,3,2,93,72,300,420,2,5
2521,3,516,5,2,3,2,59,13,0,300,3,5
2522,13,71,14,2,3,2,69,6,0,300,4,5
2523,14,545,15,2,3,1,13,6,60,180,2,5
2524,3,463,5,1,3,2,29,8,0,300,2,5
2525,3,535,5,1,3,1,58,71,0,300,3,5
2526,7,86,9,2,3,1,40,57,180,300,1,5
2527,2,119,2,1,3,2,97,85,180,300,1,5
2528,11,160,11,2,3,2,11,28,180,300,1,5
2529,11,80,12,2,3,1,34,41,0,300,4,5
2530,10,560,11,2,3,2,27,41,0,300,2,5
2531,2,17,3,1,3,2,87,85,180,300,1,5
2532,6,211,6,2,3,1,58,40,300,600,4,5
2533,12,138,13,2,3,2,55,22,300,600,3,5
2534,13,326,14,2,3,2,49,78,0,300,4,5
2535,1,15,1,2,3,2,60,51,180,300,4,5
2536,13,30,14,2,3,2,70,33,300,420,3,5
2537,8,13,8,1,3,1,3,8,60,180,1,5
2538,14,73,14,2,3,1,53,45,300,600,1,5
2539,12,170,12,1,3,2,11,64,180,300,2,5
2540,2,35,3,2,3,2,34,53,420,540,2,5
2541,10,400,11,2,3,1,13,28,420,540,4,5
2542,9,251,10,2,3,1,35,57,300,420,1,5
2543,10,361,12,1,3,2,40,7,0,300,1,5
2544,4,175,5,1,3,2,58,22,180,300,2,5
2545,11,534,12,2,3,2,77,9,60,180,1,5
2546,7,279,9,1,3,2,87,63,60,180,1,5
2547,10,456,12,2,3,1,27,30,300,600,1,5
2548,13,516,14,2,3,2,61,56,0,300,4,5
2549,4,120,5,1,3,2,32,51,60,180,4,5
2550,3,377,3,2,3,1,53,30,420,540,1,5
2551,10,17,10,1,3,2,28,47,60,180,4,5
2552,7,236,7,2,3,2,76,90,300,600,3,5
2553,12,321,12,2,3,2,94,8,420,540,2,5
2554,3,400,3,2,3,2,85,32,420,540,2,5
2555,1,123,1,1,3,1,18,84,180,300,2,5
2556,2,485,4,2,3,1,36,92,420,540,3,5
2557,14,569,16,2,3,1,66,7,180,300,4,5
2558,9,11,9,2,3,2,45,65,420,540,3,5
2559,12,504,13,2,3,2,31,12,420,540,3,5
2560,3,223,3,2,3,1,97,4,420,540,1,5
2561,12,436,14,2,3,1,76,58,420,540,4,5
2562,5,215,6,1,3,1,88,41,60,180,4,5
2563,3,314,3,2,3,2,86,10,420,540,3,5
2564,7,214,8,2,3,1,69,66,60,180,2,5
2565,11,312,13,1,3,2,45,62,180,300,4,5
2566,6,219,6,2,3,2,39,98,300,420,3,5
2567,13,10,13,2,3,1,27,6,420,540,2,5
2568,10,189,10,2,3,1,92,67,300,420,3,5
2569,5,403,5,2,3,2,79,14,420,540,2,5
2570,2,238,2,2,3,1,29,74,300,600,2,5
2571,8,466,9,2,3,1,69,99,0,300,4,5
2572,10,241,10,2,3,1,61,72,300,600,4,5
2573,2,476,3,1,3,1,63,5,180,300,4,5
2574,8,396,8,2,3,1,65,46,420,540,3,5
2575,13,38,14,2,3,2,35,72,0,300,3,5
2576,8,490,9,2,3,1,76,76,180,300,1,5
2577,6,481,8,2,3,1,68,88,180,300,4,5
2578,5,496,7,1,3,2,74,19,60,180,4,5
2579,9,211,9,2,3,2,6,85,300,600,3,5
2580,9,414,9,2,3,2,25,24,420,540,2,5
2581,7,363,7,2,3,2,72,43,420,540,1,5
2582,14,454,16,2,3,1,19,93,0,300,3,5
2583,8,599,10,2,3,1,73,49,180,300,1,5
2584,13,545,14,2,3,1,35,95,300,600,1,5
2585,13,538,15,2,3,1,81,97,180,300,4,5
2586,6,555,7,2,3,1,67,43,300,420,3,5
2587,14,470,16,2,3,2,10,100,300,420,2,5
2588,10,143,11,1,3,1,32,85,60,180,1,5
2589,13,453,14,2,3,2,46,91,180,300,1,5
2590,7,353,8,2,3,1,93,11,60,180,3,5
2591,13,516,14,2,3,1,3,26,420,540,1,5
2592,14,498,16,1,3,1,87,31,180,300,2,5
2593,1,386,1,2,3,1,69,64,420,540,2,5
2594,14,220,15,2,3,1,91,43,0,300,4,5
2595,10,401,10,2,3,2,94,42,420,540,3,5
2596,14,2,14,1,3,1,93,13,60,180,1,5
2597,12,6,12,1,3,2,71,70,60,180,1,5
2598,8,241,8,2,3,2,100,63,300,600,4,5
2599,2,56,3,1,3,1,81,51,60,180,1,5
2600,9,365,9,2,3,2,15,35,420,540,2,5
2601,1,16,2,1,3,1,88,24,0,300,4,5
2602,1,323,2,2,3,2,71,13,180,300,1,5
2603,4,523,5,2,3,1,36,49,180,300,2,5
2604,6,476,7,2,3,2,2,51,60,180,1,5
2605,9,525,10,1,3,2,40,17,180,300,3,5
2606,10,403,10,2,3,2,30,30,420,540,1,5
2607,13,579,15,2,3,2,56,39,0,300,1,5
2608,8,409,8,2,3,1,27,38,420,540,1,5
2609,5,129,6,1,3,2,81,5,180,300,1,5
2610,4,318,4,2,3,2,30,7,420,540,4,5
2611,9,593,10,1,3,2,0,6,180,300,4,5
2612,1,232,1,2,3,1,98,24,420,540,1,5
2613,4,482,5,1,3,1,60,72,60,180,3,5
2614,13,37,13,1,3,1,34,93,60,180,3,5
2615,13,462,15,2,3,1,86,33,60,180,3,5
2616,2,18,3,2,3,2,83,69,0,300,3,5
2617,9,582,10,2,3,1,77,75,180,300,4,5
2618,1,315,2,2,3,1,24,12,420,540,3,5
2619,3,342,3,2,3,2,4,49,420,540,2,5
2620,13,155,15,1,3,1,33,78,60,180,2,5
2621,11,289,12,2,3,1,17,81,300,600,4,5
2622,2,570,4,2,3,2,65,83,300,600,2,5
2623,5,242,5,2,3,2,77,67,420,540,1,5
2624,12,137,13,2,3,2,77,30,420,540,4,5
2625,7,212,7,2,3,1,7,34,300,420,3,5
2626,12,544,14,1,3,2,95,68,180,300,3,5
2627,12,358,13,2,3,2,82,24,420,540,1,5
2628,10,154,10,1,3,2,42,32,180,300,1,5
2629,1,162,1,2,3,2,73,11,180,300,2,5
2630,12,447,14,1,3,1,92,81,60,180,2,5
2631,11,543,12,2,3,2,70,42,300,420,1,5
2632,13,61,13,2,3,2,97,61,420,540,2,5
2633,8,245,9,2,3,1,59,87,420,540,3,5
2634,8,35,8,1,3,1,5,93,60,180,4,5
2635,14,334,16,1,3,1,58,91,180,300,1,5
2636,2,595,4,1,3,1,37,95,180,300,4,5
2637,8,507,9,2,3,1,21,4,180,300,1,5
2638,1,408,1,2,3,2,76,98,420,540,1,5
2639,3,323,3,2,3,2,95,95,420,540,2,5
2640,1,341,1,2,3,2,56,16,420,540,2,5
2641,5,213,6,2,3,2,53,25,420,540,1,5
2642,3,583,5,1,3,1,70,88,60,180,2,5
2643,4,41,5,1,3,2,92,49,0,300,2,5
2644,9,272,9,2,3,1,92,71,300,420,2,5
2645,5,361,6,2,3,2,86,2,300,600,3,5
2646,3,242,3,2,3,2,18,18,420,540,3,5
2647,1,236,1,2,3,1,2,69,420,540,2,5
2648,6,295,6,2,3,2,91,83,300,420,2,5
2649,9,282,10,1,3,2,33,72,180,300,1,5
2650,10,487,11,2,3,2,6,45,0,300,3,5
2651,9,24,10,1,3,2,54,16,180,300,1,5
2652,9,511,10,2,3,1,54,11,60,180,4,5
2653,7,522,9,2,3,1,23,34,0,300,2,5
2654,6,348,7,2,3,1,31,37,420,540,2,5
2655,8,6,8,2,3,2,78,75,420,540,1,5
2656,12,22,13,2,3,2,24,17,420,540,3,5
2657,5,325,5,2,3,2,40,81,420,540,1,5
2658,6,116,6,2,3,1,21,50,300,600,4,5
2659,3,300,3,2,3,1,86,7,300,600,1,5
2660,9,441,10,1,3,1,16,15,60,180,1,5
2661,4,301,4,2,3,2,40,26,420,540,2,5
2662,8,68,9,2,3,1,47,68,60,180,1,5
2663,11,573,12,1,3,1,0,40,180,300,3,5
2664,13,465,14,1,3,1,96,42,0,300,2,5
2665,11,199,11,2,3,2,56,79,300,600,4,5
2666,3,197,3,2,3,1,44,44,300,600,4,5
2667,3,526,5,2,3,2,35,7,300,420,2,5
2668,12,208,12,2,3,1,88,61,300,420,1,5
2669,4,61,4,2,3,1,97,77,180,300,1,5
2670,3,112,3,2,3,2,16,42,420,540,4,5
2671,8,123,8,2,3,2,70,59,180,300,3,5
2672,6,117,6,1,3,1,19,62,180,300,4,5
2673,2,415,4,2,3,1,45,5,180,300,4,5
2674,4,308,5,2,3,1,33,32,0,300,1,5
2675,13,578,15,2,3,1,33,71,180,300,3,5
2676,2,397,4,2,3,2,52,25,180,300,2,5
2677,4,558,5,2,3,1,98,43,420,540,2,5
2678,11,275,11,2,3,1,5,65,300,600,3,5
2679,2,324,2,2,3,1,38,17,420,540,3,5
2680,4,565,6,2,3,1,13,11,60,180,1,5
2681,10,78,10,1,3,1,56,33,180,300,2,5
2682,7,372,7,2,3,2,64,15,420,540,1,5
2683,1,247,3,2,3,2,64,62,300,600,4,5
2684,13,100,13,2,3,1,91,67,180,300,3,5
2685,4,356,4,2,3,1,59,68,420,540,4,5
2686,8,527,10,2,3,1,61,27,420,540,4,5
2687,7,359,8,1,3,2,29,1,0,300,4,5
2688,4,73,4,2,3,2,25,15,420,540,1,5
2689,3,33,3,2,3,2,41,99,0,300,4,5
2690,6,14,6,1,3,2,40,23,60,180,1,5
2691,10,343,11,2,3,2,35,64,60,180,1,5
2692,1,67,1,2,3,2,39,87,180,300,1,5
2693,3,213,3,2,3,2,28,29,300,600,1,5
2694,6,505,7,2,3,2,58,64,180,300,1,5
2695,2,422,3,2,3,2,3,90,0,300,2,5
2696,2,385,2,2,3,1,70,36,420,540,1,5
2697,9,93,9,2,3,1,16,42,300,600,2,5
2698,12,238,14,1,3,2,31,36,60,180,3,5
2699,14,552,15,2,3,2,59,75,420,540,4,5
2700,5,372,5,2,3,2,43,90,420,540,4,5
2701,11,322,11,2,3,2,77,76,420,540,2,5
2702,11,214,11,2,3,2,3,17,420,540,4,5
2703,13,465,14,2,3,2,0,20,300,420,2,5
2704,4,457,6,2,3,1,73,92,180,300,3,5
2705,11,303,11,2,3,1,42,6,420,540,4,5
2706,5,476,7,2,3,1,49,100,60,180,3,5
2707,1,39,1,2,3,2,51,55,0,300,1,5
2708,12,154,12,1,3,2,74,33,180,300,4,5
2709,8,184,9,2,3,1,20,39,60,180,3,5
2710,12,551,14,1,3,2,82,41,0,300,1,5
2711,1,132,1,2,3,1,83,67,300,420,2,5
2712,1,189,2,2,3,1,95,61,420,540,2,5
2713,11,12,11,2,3,2,84,30,60,180,4,5
2714,5,136,7,2,3,2,47,93,420,540,1,5
2715,7,214,8,2,3,2,72,29,420,540,1,5
2716,8,467,10,1,3,1,74,1,180,300,1,5
2717,7,421,9,1,3,1,38,11,180,300,4,5
2718,9,444,11,1,3,2,44,71,180,300,4,5
2719,13,382,14,2,3,2,73,17,0,300,4,5
2720,6,581,7,1,3,1,49,80,0,300,4,5
2721,2,50,3,2,3,1,65,76,180,300,2,5
2722,3,470,5,2,3,2,7,25,60,180,1,5
2723,5,469,7,2,3,1,7,1,60,180,3,5
2724,14,376,15,2,3,2,54,66,180,300,4,5
2725,14,484,16,1,3,1,46,45,0,300,4,5
2726,11,342,12,1,3,1,83,54,60,180,4,5
2727,14,381,14,2,3,2,65,4,420,540,3,5
2728,8,530,9,2,3,2,19,20,420,540,4,5
2729,12,502,13,2,3,2,52,72,60,180,2,5
2730,6,147,7,2,3,1,16,30,300,420,1,5
2731,4,295,4,2,3,1,23,16,420,540,2,5
2732,1,444,2,1,3,1,55,69,60,180,3,5
2733,11,302,11,2,3,2,30,30,420,540,3,5
2734,7,211,7,2,3,2,34,34,420,540,1,5
2735,7,271,7,2,3,2,57,67,420,540,3,5
2736,6,549,7,2,3,1,65,84,0,300,2,5
2737,12,411,13,2,3,2,24,21,60,180,3,5
2738,14,125,14,1,3,2,75,0,180,300,2,5
2739,11,205,12,2,3,2,49,100,180,300,4,5
2740,11,53,11,2,3,1,19,4,420,540,4,5
2741,7,439,9,2,3,1,98,58,180,300,1,5
2742,6,600,7,1,3,1,99,32,180,300,2,5
2743,6,138,7,2,3,2,85,22,180,300,2,5
2744,1,74,1,2,3,1,38,95,180,300,2,5
2745,10,470,11,2,3,1,6,12,180,300,4,5
2746,13,316,13,2,3,2,7,69,420,540,4,5
2747,13,159,13,1,3,2,28,45,180,300,4,5
2748,1,556,3,2,3,2,65,17,180,300,3,5
2749,2,321,4,2,3,1,13,21,0,300,1,5
2750,12,26,12,2,3,2,65,93,60,180,3,5
2751,11,589,13,2,3,2,80,4,420,540,2,5
2752,12,141,13,1,3,1,38,95,180,300,2,5
2753,4,203,4,2,3,2,28,96,300,600,1,5
2754,3,369,4,2,3,2,26,80,0,300,1,5
2755,14,505,16,1,3,2,82,84,180,300,4,5
2756,6,582,8,1,3,1,47,64,60,180,1,5
2757,12,288,13,1,3,1,42,34,60,180,2,5
2758,11,444,13,2,3,1,93,64,300,600,2,5
2759,13,465,14,2,3,1,23,83,180,300,1,5
2760,3,556,4,1,3,2,89,59,180,300,2,5
2761,14,551,15,2,3,2,45,17,0,300,4,5
2762,10,240,10,2,3,1,26,45,300,420,3,5
2763,8,342,9,1,3,1,68,42,0,300,3,5
2764,2,150,2,2,3,1,52,93,420,540,2,5
2765,4,313,6,2,3,1,84,57,420,540,2,5
2766,12,154,12,2,3,1,48,70,420,540,2,5
2767,13,401,13,2,3,2,34,46,420,540,2,5
2768,14,59,16,2,3,1,14,0,0,300,3,5
2769,10,539,12,2,3,1,18,36,420,540,2,5
2770,4,532,5,2,3,1,89,70,420,540,1,5
2771,5,399,6,2,3,2,8,76,300,420,3,5
2772,1,156,3,2,3,1,59,43,180,300,2,5
2773,10,360,11,2,3,1,27,96,0,300,1,5
2774,5,226,5,2,3,2,64,83,300,420,1,5
2775,13,298,13,2,3,1,32,31,420,540,3,5
2776,3,189,3,2,3,2,41,36,300,600,1,5
2777,4,121,4,2,3,1,11,11,180,300,3,5
2778,8,494,10,2,3,2,75,8,0,300,3,5
2779,14,95,16,1,3,2,15,42,0,300,2,5
2780,8,32,9,1,3,2,5,97,0,300,1,5
2781,5,327,5,2,3,2,4,5,420,540,2,5
2782,4,408,5,2,3,2,93,99,180,300,3,5
2783,7,588,9,1,3,1,11,15,0,300,3,5
2784,2,43,2,2,3,2,35,63,0,300,4,5
2785,10,590,11,2,3,1,2,100,300,600,4,5
2786,9,309,9,2,3,1,41,86,420,540,4,5
2787,4,583,6,2,3,1,76,20,300,600,1,5
2788,9,182,10,2,3,2,58,84,180,300,1,5
2789,2,106,2,2,3,1,76,76,420,540,4,5
2790,7,339,7,2,3,1,35,93,420,540,3,5
2791,10,353,10,2,3,2,3,45,420,540,4,5
2792,4,394,5,2,3,2,77,84,420,540,2,5
2793,13,135,14,2,3,1,30,4,60,180,4,5
2794,14,387,14,2,3,2,45,64,420,540,1,5
2795,5,92,5,1,3,1,51,77,180,300,2,5
2796,10,340,10,2,3,2,83,86,420,540,3,5
2797,13,596,15,2,3,2,67,82,0,300,2,5
2798,10,411,10,2,3,2,50,56,420,540,4,5
2799,14,215,14,2,3,1,80,23,300,600,1,5
2800,5,286,5,2,3,1,0,76,420,540,1,5
2801,6,168,6,2,3,2,77,9,420,540,4,5
2802,2,511,3,2,3,1,74,37,60,180,1,5
2803,12,67,13,2,3,2,34,53,60,180,3,5
2804,4,310,5,2,3,1,85,10,0,300,1,5
2805,11,29,12,2,3,2,99,52,0,300,4,5
2806,14,303,14,2,3,1,49,78,420,540,3,5
2807,5,233,6,1,3,2,67,68,0,300,1,5
2808,2,494,3,2,3,1,55,87,420,540,4,5
2809,11,230,11,2,3,2,15,72,420,540,2,5
2810,9,23,10,2,3,1,75,36,180,300,4,5
2811,5,582,6,2,3,1,83,63,60,180,3,5
2812,10,452,11,1,3,2,94,26,60,180,4,5
2813,8,280,10,2,3,1,56,41,0,300,2,5
2814,8,233,9,2,3,2,47,28,0,300,2,5
2815,3,223,3,2,3,2,64,31,300,600,4,5
2816,8,574,9,2,3,1,60,94,420,540,1,5
2817,5,429,6,2,3,1,40,55,420,540,3,5
2818,13,80,13,2,3,2,17,81,180,300,1,5
2819,6,434,7,2,3,2,9,68,60,180,1,5
2820,13,407,14,2,3,1,3,87,420,540,1,5
2821,1,437,3,1,3,2,20,31,0,300,3,5
2822,11,514,12,2,3,1,48,77,180,300,4,5
2823,11,305,12,2,3,2,96,0,0,300,4,5
2824,11,235,12,2,3,1,3,88,300,420,4,5
2825,12,337,14,2,3,1,34,14,0,300,2,5
2826,11,548,13,2,3,1,23,5,180,300,4,5
2827,11,415,12,2,3,1,19,84,180,300,4,5
2828,3,525,5,1,3,1,33,82,0,300,3,5
2829,3,552,5,1,3,1,90,81,0,300,4,5
2830,9,573,10,2,3,1,7,70,300,420,2,5
2831,3,288,3,2,3,2,60,30,420,540,1,5
2832,6,332,7,1,3,2,24,4,60,180,1,5
2833,1,415,1,2,3,2,75,26,420,540,4,5
2834,11,411,11,2,3,2,48,79,420,540,4,5
2835,12,500,13,2,3,2,82,66,300,420,1,5
2836,3,135,3,1,3,1,50,75,180,300,4,5
2837,11,534,13,2,3,1,80,8,300,420,2,5
2838,10,281,10,2,3,2,4,90,420,540,2,5
2839,13,487,15,2,3,2,95,3,420,540,1,5
2840,10,156,11,2,3,2,84,53,0,300,4,5
2841,7,232,8,1,3,2,49,25,0,300,3,5
2842,12,44,12,2,3,2,11,85,300,420,1,5
2843,14,142,14,2,3,2,18,22,180,300,1,5
2844,2,543,3,2,3,1,61,92,60,180,1,5
2845,14,51,15,2,3,2,74,39,420,540,3,5
2846,1,254,2,2,3,2,81,36,300,600,1,5
2847,14,476,15,2,3,1,4,52,60,180,4,5
2848,13,76,13,2,3,2,15,88,300,600,4,5
2849,4,294,4,2,3,1,82,75,420,540,2,5
2850,7,580,9,2,3,2,30,46,300,600,3,5
2851,4,450,5,2,3,1,79,74,300,600,1,5
2852,9,242,9,2,3,1,20,4,300,600,1,5
2853,7,137,7,2,3,2,59,86,300,420,1,5
2854,4,582,5,2,3,1,32,11,300,420,2,5
2855,11,169,11,2,3,1,63,62,420,540,3,5
2856,6,497,8,2,3,1,15,30,60,180,2,5
2857,7,276,7,2,3,2,63,39,300,600,4,5
2858,4,20,4,2,3,1,16,27,60,180,4,5
2859,5,454,7,2,3,2,97,92,0,300,1,5
2860,13,41,14,2,3,1,92,36,0,300,2,5
2861,10,205,11,1,3,1,12,3,60,180,2,5
2862,14,82,14,2,3,1,86,93,420,540,3,5
2863,12,469,13,1,3,2,2,60,0,300,1,5
2864,3,395,3,2,3,2,50,39,420,540,1,5
2865,13,440,14,2,3,2,84,63,60,180,4,5
2866,4,589,5,1,3,2,47,48,60,180,4,5
2867,4,240,4,2,3,2,50,56,300,420,1,5
2868,14,305,15,2,3,2,64,55,0,300,1,5
2869,5,98,6,1,3,2,69,22,180,300,1,5
2870,2,399,2,2,3,2,16,16,420,540,4,5
2871,11,252,12,2,3,1,16,35,180,300,4,5
2872,2,297,2,2,3,1,12,84,420,540,3,5
2873,10,326,11,1,3,2,5,95,0,300,4,5
2874,3,503,5,1,3,2,100,30,180,300,3,5
2875,12,12,13,2,3,1,90,84,60,180,2,5
2876,5,123,5,2,3,2,99,97,300,420,1,5
2877,9,137,10,2,3,2,10,87,60,180,2,5
2878,3,43,3,2,3,2,49,39,180,300,4,5
2879,11,282,12,2,3,1,31,96,180,300,1,5
2880,12,148,13,2,3,1,58,33,420,540,4,5
2881,9,542,11,2,3,1,24,6,0,300,1,5
2882,2,32,3,2,3,1,80,13,0,300,2,5
2883,6,155,6,2,3,2,5,38,420,540,4,5
2884,4,293,5,2,3,1,100,95,60,180,4,5
2885,3,543,5,2,3,2,41,52,60,180,2,5
2886,14,383,14,2,3,2,74,24,420,540,4,5
2887,4,457,6,1,3,2,87,44,180,300,1,5
2888,12,107,12,1,3,1,71,72,180,300,4,5
2889,14,354,15,2,3,1,35,47,60,180,3,5
2890,1,490,3,2,3,2,14,67,420,540,3,5
2891,6,410,6,2,3,2,3,68,420,540,2,5
2892,7,473,8,2,3,1,9,92,60,180,3,5
2893,14,575,15,1,3,1,78,76,180,300,1,5
2894,7,326,8,2,3,2,62,29,60,180,3,5
2895,12,76,13,1,3,1,20,37,180,300,4,5
2896,11,558,13,1,3,2,50,57,60,180,2,5
2897,2,158,2,2,3,1,74,65,420,540,2,5
2898,8,546,9,1,3,1,28,86,0,300,2,5
2899,2,501,3,2,3,2,68,28,180,300,2,5
2900,12,104,12,2,3,1,17,98,180,300,3,5
2901,10,480,11,2,3,2,59,32,420,540,2,5
2902,6,190,6,2,3,2,63,81,420,540,1,5
2903,12,84,13,2,3,2,52,44,420,540,4,5
2904,14,180,14,2,3,2,69,52,420,540,1,5
2905,6,5,6,2,3,2,43,78,300,420,3,5
2906,5,330,5,2,3,1,5,63,420,540,3,5
2907,7,249,7,2,3,2,74,39,300,420,4,5
2908,1,84,2,1,3,1,38,66,0,300,3,5
2909,3,180,4,1,3,1,61,66,60,180,3,5
2910,6,262,6,2,3,1,23,11,420,540,1,5
2911,8,2,8,2,3,1,75,82,420,540,1,5
2912,7,171,7,1,3,2,5,6,180,300,2,5
2913,5,418,5,2,3,1,49,56,420,540,1,5
2914,8,7,8,1,3,1,64,54,60,180,4,5
2915,6,547,7,2,3,1,69,28,0,300,4,5
2916,13,549,15,1,3,2,28,35,0,300,1,5
2917,4,184,5,2,3,1,96,65,180,300,2,5
2918,13,442,14,2,3,1,98,20,420,540,1,5
2919,10,392,11,1,3,1,90,99,0,300,4,5
2920,3,169,4,2,3,1,29,85,0,300,1,5
2921,9,492,10,1,3,2,55,14,180,300,4,5
2922,1,315,2,2,3,1,34,35,180,300,2,5
2923,11,346,12,2,3,1,59,100,300,600,3,5
2924,8,258,9,2,3,2,44,8,0,300,3,5
2925,5,432,7,2,3,2,6,12,180,300,2,5
2926,13,183,15,2,3,2,61,98,300,600,4,5
2927,7,266,8,1,3,1,45,62,0,300,4,5
2928,2,177,2,2,3,1,85,17,180,300,2,5
2929,4,462,6,2,3,1,3,56,180,300,1,5
2930,7,457,8,2,3,1,9,8,300,420,1,5
2931,3,499,4,2,3,2,36,43,0,300,3,5
2932,14,381,15,2,3,1,28,62,300,420,3,5
2933,11,144,12,2,3,1,91,31,180,300,4,5
2934,4,410,4,2,3,1,58,89,420,540,2,5
2935,7,88,7,1,3,2,52,51,180,300,4,5
2936,13,245,13,2,3,1,35,6,420,540,3,5
2937,2,14,2,1,3,2,21,49,60,180,1,5
2938,13,59,13,2,3,2,19,34,180,300,4,5
2939,13,296,14,1,3,1,15,26,0,300,3,5
2940,1,70,1,1,3,1,30,32,180,300,1,5
2941,14,586,16,1,3,2,4,56,180,300,1,5
2942,9,453,11,2,3,2,27,20,60,180,4,5
2943,12,78,13,1,3,2,52,100,60,180,4,5
2944,2,19,4,2,3,1,31,31,60,180,4,5
2945,6,134,6,2,3,1,43,54,420,540,2,5
2946,9,361,9,2,3,2,87,82,420,540,3,5
2947,6,546,8,2,3,1,11,57,60,180,4,5
2948,12,232,13,2,3,1,0,11,0,300,4,5
2949,1,167,1,1,3,1,2,61,180,300,2,5
2950,1,520,3,2,3,1,64,100,180,300,2,5
2951,11,338,11,2,3,2,73,23,420,540,3,5
2952,5,138,5,2,3,1,21,18,300,420,2,5
2953,11,485,13,2,3,2,30,60,180,300,1,5
2954,9,150,9,2,3,2,17,19,420,540,1,5
2955,3,585,4,2,3,2,22,96,0,300,2,5
2956,2,140,2,1,3,2,4,99,180,300,2,5
2957,1,68,2,1,3,1,44,37,180,300,3,5
2958,6,188,7,2,3,2,1,15,0,300,4,5
2959,13,278,14,2,3,2,49,49,0,300,2,5
2960,5,282,5,2,3,2,28,72,420,540,1,5
2961,7,117,9,2,3,1,80,27,0,300,3,5
2962,8,373,8,2,3,1,47,63,420,540,1,5
2963,10,173,10,2,3,1,69,42,420,540,1,5
2964,1,290,1,2,3,1,61,35,420,540,1,5
2965,5,151,6,2,3,1,74,49,60,180,3,5
2966,4,176,4,2,3,2,94,38,180,300,1,5
2967,2,326,2,2,3,1,56,18,420,540,1,5
2968,10,225,10,2,3,1,35,50,420,540,1,5
2969,5,570,6,2,3,1,7,15,180,300,1,5
2970,7,481,9,1,3,1,25,33,0,300,1,5
2971,11,49,11,1,3,1,22,24,60,180,3,5
2972,8,7,9,2,3,1,71,19,180,300,4,5
2973,2,379,3,2,3,1,80,5,0,300,4,5
2974,7,353,7,2,3,1,15,49,420,540,3,5
2975,12,320,12,2,3,2,26,13,420,540,2,5
2976,14,556,16,2,3,2,19,88,60,180,4,5
2977,9,543,11,2,3,2,87,51,300,600,3,5
2978,13,158,13,2,3,1,55,10,420,540,4,5
2979,13,122,13,2,3,2,81,12,300,420,3,5
2980,11,21,11,1,3,2,29,26,60,180,4,5
2981,7,534,8,1,3,2,40,21,60,180,1,5
2982,9,302,10,2,3,2,51,6,60,180,4,5
2983,13,252,13,2,3,2,76,99,420,540,3,5
2984,1,345,1,2,3,1,6,58,420,540,3,5
2985,12,282,12,2,3,1,31,18,420,540,3,5
2986,1,316,1,2,3,1,61,85,420,540,4,5
2987,2,503,3,2,3,1,3,82,180,300,4,5
2988,6,146,7,2,3,2,2,20,300,600,4,5
2989,5,237,5,2,3,2,6,99,300,420,1,5
2990,5,592,7,1,3,2,63,65,60,180,3,5
2991,5,560,7,2,3,2,54,40,60,180,1,5
2992,13,208,13,2,3,2,2,77,300,600,1,5
2993,1,519,2,2,3,1,13,50,0,300,2,5
2994,2,156,3,2,3,2,86,78,60,180,3,5
2995,7,488,9,1,3,1,14,8,0,300,4,5
2996,3,477,4,1,3,1,76,58,180,300,3,5
2997,6,475,7,2,3,2,36,77,0,300,4,5
2998,1,444,3,1,3,2,5,23,0,300,1,5
2999,7,356,8,2,3,2,100,64,0,300,2,5
3000,2,164,2,2,3,2,55,53,300,420,3,5
3001,13,8,14,2,3,2,32,30,180,300,4,5
3002,2,286,2,2,3,2,61,66,420,540,1,5
3003,14,519,16,2,3,1,39,9,0,300,2,5
3004,12,546,14,2,3,2,34,13,0,300,2,5
3005,1,120,1,2,3,1,3,1,420,540,3,5
3006,8,45,10,2,3,2,4,37,420,540,3,5
3007,9,583,10,2,3,1,28,57,420,540,3,5
3008,12,532,13,2,3,2,36,66,180,300,2,5
3009,2,224,2,2,3,2,70,51,420,540,1,5
3010,2,95,3,2,3,1,86,99,0,300,2,5
3011,11,419,12,1,3,1,12,58,60,180,1,5
3012,14,469,16,2,3,2,66,38,180,300,3,5
3013,7,247,8,1,3,2,79,51,180,300,3,5
3014,9,578,10,2,3,1,36,75,180,300,1,5
3015,11,45,11,1,3,1,35,11,60,180,4,5
3016,6,323,6,2,3,1,58,86,420,540,3,5
3017,5,15,6,2,3,1,77,70,420,540,1,5
3018,9,44,10,2,3,2,60,11,60,180,4,5
3019,1,595,3,1,3,1,21,6,0,300,4,5
3020,13,262,13,2,3,2,37,86,420,540,2,5
3021,14,97,14,2,3,1,91,98,180,300,2,5
3022,1,561,2,1,3,2,36,77,60,180,4,5
3023,14,523,16,2,3,1,43,51,60,180,2,5
3024,7,123,7,1,3,1,24,57,180,300,3,5
3025,12,505,14,2,3,2,50,13,60,180,1,5
3026,8,474,9,2,3,2,27,59,420,540,3,5
3027,3,532,4,2,3,1,71,62,60,180,4,5
3028,7,419,8,2,3,1,10,32,420,540,2,5
3029,2,346,2,2,3,2,57,83,420,540,1,5
3030,6,284,6,2,3,2,33,41,300,600,1,5
3031,5,255,5,2,3,2,47,57,420,540,4,5
3032,1,207,2,1,3,1,80,62,180,300,4,5
3033,12,134,12,2,3,2,70,17,300,600,1,5
3034,8,284,8,2,3,1,10,41,420,540,4,5
3035,5,208,5,2,3,2,87,96,300,420,1,5
3036,8,449,9,2,3,1,7,48,180,300,1,5
3037,8,459,9,2,3,2,85,92,180,300,1,5
3038,1,35,1,2,3,1,80,79,420,540,4,5
3039,14,510,16,2,3,1,21,16,300,600,1,5
3040,13,196,13,2,3,1,44,16,420,540,3,5
1,,,3,2,2,1,2,32,0,300,1,5
2,,,2,2,2,1,91,57,300,420,2,5
3,,,2,2,2,1,65,75,180,300,4,5
4,,,2,2,2,1,67,77,0,300,4,5
5,,,2,2,2,2,16,85,300,420,1,5
6,,,2,2,2,1,15,34,300,420,4,5
7,,,2,2,2,2,52,85,60,180,4,5
8,,,1,1,2,2,93,29,420,540,4,5
9,,,1,1,2,2,2,86,300,600,3,5
10,,,1,1,2,1,54,37,300,600,3,5
11,,,1,1,2,2,58,94,300,600,3,5
12,,,2,2,2,2,51,53,180,300,4,5
13,,,2,2,2,1,91,69,60,180,1,5
14,,,2,2,2,2,87,19,0,300,2,5
15,,,2,2,2,1,3,56,0,300,1,5
16,,,2,2,2,2,39,56,60,180,3,5
17,,,1,1,2,1,83,22,300,600,3,5
18,,,2,2,2,1,10,32,180,300,4,5
19,,,2,2,2,1,14,41,180,300,3,5
20,,,2,2,2,1,17,58,180,300,4,5
21,,,2,2,2,2,11,94,60,180,3,5
22,,,2,2,2,2,80,32,0,300,1,5
23,,,2,2,2,2,55,9,60,180,4,5
24,,,1,1,2,2,53,38,300,600,3,5
25,,,2,2,2,2,2,2,60,180,3,5
26,,,1,1,2,2,49,100,300,600,4,5
27,,,1,1,2,1,87,85,420,540,4,5
28,,,1,1,2,1,77,43,300,600,2,5
29,,,1,1,2,1,76,53,300,600,3,5
30,,,2,2,2,1,68,5,420,540,3,5
31,,,1,1,2,2,89,39,420,540,4,5
32,,,2,2,2,2,78,44,60,180,4,5
33,,,2,2,2,2,18,44,300,420,4,5
34,,,2,2,2,1,15,79,420,540,1,5
35,,,1,1,2,1,86,95,300,600,4,5
36,,,2,2,2,2,1,88,0,300,1,5
37,,,2,2,2,2,80,100,60,180,4,5
38,,,2,2,2,2,92,84,0,300,4,5
39,,,2,2,2,1,48,55,0,300,1,5
40,,,2,2,2,1,25,28,60,180,2,5
41,,,2,2,2,1,7,18,60,180,3,5
42,,,1,1,2,2,6,43,420,540,3,5
43,,,1,1,2,2,57,24,420,540,4,5
44,,,2,2,2,1,66,58,180,300,2,5
45,,,1,1,2,2,21,17,420,540,4,5
46,,,1,1,2,2,46,12,300,600,1,5
47,,,2,2,2,1,70,71,0,300,2,5
48,,,2,2,2,1,51,90,60,180,3,5
49,,,2,2,2,2,86,84,180,300,1,5
50,,,1,1,2,2,56,53,420,540,3,5
51,,,1,1,2,2,17,78,420,540,3,5
52,,,2,2,2,2,47,64,420,540,1,5
53,,,2,2,2,1,20,24,300,420,1,5
54,,,2,2,2,2,84,71,60,180,1,5
55,,,2,2,2,1,17,87,180,300,4,5
56,,,2,2,2,1,38,7,300,420,4,5
57,,,2,2,2,1,13,59,300,420,2,5
58,,,1,1,2,1,83,63,420,540,1,5
59,,,1,1,2,1,67,41,420,540,4,5
60,,,2,2,2,2,47,73,300,420,2,5
61,,,2,2,2,1,79,38,180,300,3,5
62,,,2,2,2,2,93,71,300,600,1,5
63,,,2,2,2,1,63,46,420,540,4,5
64,,,2,2,2,1,66,19,60,180,4,5
65,,,1,1,2,2,20,80,420,540,4,5
66,,,2,2,2,2,44,46,60,180,4,5
67,,,2,2,2,1,23,71,180,300,1,5
68,,,2,2,2,1,43,8,60,180,2,5
69,,,1,1,2,1,11,73,420,540,2,5
70,,,2,2,2,2,97,98,420,540,4,5
71,,,2,2,2,1,3,42,0,300,1,5
72,,,1,1,2,1,95,94,300,600,1,5
73,,,2,2,2,1,38,12,180,300,1,5
74,,,2,2,2,2,19,18,180,300,1,5
75,,,2,2,2,1,25,31,300,420,1,5
76,,,2,2,2,2,51,65,0,300,2,5
77,,,2,2,2,1,84,67,60,180,2,5
78,,,2,2,2,2,89,52,180,300,4,5
79,,,2,2,2,1,28,65,60,180,2,5
80,,,1,1,2,2,98,73,300,600,1,5
81,,,1,1,2,2,69,0,420,540,4,5
82,,,2,2,2,2,36,40,0,300,4,5
83,,,2,2,2,2,67,79,60,180,2,5
84,,,2,2,2,1,36,30,300,600,1,5
85,,,2,2,2,1,10,82,420,540,2,5
86,,,1,1,2,2,50,95,300,600,3,5
87,,,1,1,2,1,22,88,420,540,3,5
88,,,1,1,2,2,41,78,420,540,4,5
89,,,1,1,2,1,70,67,300,600,4,5
90,,,1,1,2,2,95,60,420,540,4,5
91,,,2,2,2,1,27,73,180,300,4,5
92,,,2,2,2,1,73,65,60,180,4,5
93,,,2,2,2,1,15,35,420,540,4,5
94,,,2,2,2,1,26,33,0,300,1,5
95,,,2,2,2,1,57,19,420,540,1,5
96,,,2,2,2,2,33,38,420,540,2,5
97,,,1,1,2,1,28,59,420,540,3,5
98,,,2,2,2,1,98,75,60,180,4,5
99,,,2,2,2,2,72,19,60,180,2,5
100,,,2,2,2,1,56,65,0,300,3,5
101,,,2,2,2,1,97,7,180,300,3,5
102,,,2,2,2,2,7,32,300,600,3,5
103,,,1,1,2,1,55,99,300,600,3,5
104,,,2,2,2,1,8,75,300,420,4,5
105,,,2,2,2,2,16,92,420,540,4,5
106,,,2,2,2,1,16,3,420,540,2,5
107,,,1,1,2,2,78,39,420,540,3,5
108,,,2,2,2,1,37,78,0,300,2,5
109,,,1,1,2,1,61,51,300,600,2,5
110,,,1,1,2,2,60,43,300,600,1,5
111,,,2,2,2,1,71,59,0,300,2,5
112,,,2,2,2,1,0,46,0,300,2,5
113,,,2,2,2,1,96,13,60,180,3,5
114,,,2,2,2,2,51,52,180,300,4,5
115,,,2,2,2,2,28,31,300,600,2,5
116,,,2,2,2,2,18,76,60,180,2,5
117,,,2,2,2,2,27,94,180,300,3,5
118,,,2,2,2,1,62,32,60,180,1,5
119,,,1,1,2,2,99,63,420,540,1,5
120,,,3,2,2,2,2,57,300,600,4,5
121,,,3,2,2,1,94,22,60,180,2,5
122,,,3,2,2,1,99,38,420,540,3,5
123,,,3,2,2,2,14,36,420,540,3,5
124,,,3,2,2,1,91,9,0,300,2,5
125,,,2,1,2,1,3,65,300,600,2,5
126,,,3,2,2,1,23,82,300,420,1,5
127,,,2,1,2,1,70,33,300,600,2,5
128,,,2,1,2,2,64,89,300,600,3,5
129,,,3,2,2,2,17,46,60,180,3,5
130,,,2,1,2,1,95,43,420,540,3,5
131,,,3,2,2,2,11,34,60,180,2,5
132,,,2,1,2,1,29,34,300,600,2,5
133,,,3,2,2,2,26,43,300,600,1,5
134,,,2,1,2,1,95,76,420,540,3,5
135,,,2,1,2,2,21,10,300,600,4,5
136,,,3,2,2,1,21,78,60,180,2,5
137,,,2,1,2,1,81,10,300,600,4,5
138,,,3,2,2,1,48,77,300,420,2,5
139,,,2,1,2,1,63,64,300,600,2,5
140,,,2,1,2,2,62,20,300,600,4,5
141,,,3,2,2,1,37,60,180,300,4,5
142,,,2,1,2,1,75,77,420,540,4,5
143,,,3,2,2,1,28,71,180,300,1,5
144,,,3,2,2,1,46,66,60,180,2,5
145,,,2,1,2,2,9,6,300,600,1,5
146,,,3,2,2,1,58,57,0,300,2,5
147,,,3,2,2,2,28,66,180,300,3,5
148,,,3,2,2,2,8,5,300,600,4,5
149,,,3,2,2,2,87,73,420,540,2,5
150,,,2,1,2,1,28,14,300,600,2,5
151,,,2,1,2,1,10,62,420,540,3,5
152,,,8,1,2,1,76,3,420,540,3,5
153,,,4,2,2,1,66,66,180,300,4,5
154,,,14,2,2,1,38,44,300,600,3,5
155,,,2,1,2,1,77,31,300,600,1,5
156,,,9,2,2,2,0,17,300,600,1,5
157,,,7,1,2,1,6,50,420,540,2,5
158,,,13,1,2,2,49,52,300,600,2,5
159,,,9,2,2,2,10,50,420,540,2,5
160,,,4,2,2,1,2,28,60,180,1,5
161,,,16,2,2,2,99,91,420,540,1,5
162,,,6,2,2,2,58,16,180,300,1,5
163,,,9,1,2,2,96,21,300,600,2,5
164,,,5,2,2,1,66,66,180,300,4,5
165,,,2,2,2,1,60,65,60,180,4,5
166,,,11,1,2,1,85,29,420,540,1,5
167,,,13,2,2,2,42,47,180,300,3,5
168,,,10,2,2,1,86,23,60,180,3,5
169,,,10,2,2,1,65,53,420,540,1,5
170,,,3,2,2,1,21,89,300,600,1,5
171,,,14,2,2,2,52,11,0,300,2,5
172,,,5,1,2,1,76,31,420,540,2,5
173,,,15,2,2,2,87,5,60,180,4,5
174,,,11,2,2,1,70,90,300,420,2,5
175,,,10,2,2,2,54,43,180,300,1,5
176,,,3,2,2,2,0,84,0,300,3,5
177,,,17,2,2,1,48,34,0,300,1,5
178,,,11,2,2,2,8,83,420,540,1,5
179,,,9,1,2,2,56,14,300,600,4,5
180,,,12,1,2,1,76,23,420,540,3,5
181,,,7,1,2,1,85,42,300,600,4,5
182,,,2,2,2,1,65,77,180,300,3,5
183,,,9,2,2,1,62,57,420,540,2,5
184,,,14,2,2,1,39,35,300,600,3,5
185,,,8,1,2,1,16,92,420,540,4,5
186,,,15,1,2,1,82,8,300,600,1,5
187,,,13,1,2,2,88,48,420,540,3,5
188,,,9,2,2,2,56,30,420,540,3,5
189,,,9,2,2,2,16,63,0,300,3,5
190,,,3,2,2,1,26,68,0,300,4,5
191,,,15,2,2,2,97,52,300,420,3,5
192,,,14,2,2,2,96,36,60,180,2,5
193,,,7,2,2,2,34,51,0,300,4,5
194,,,13,2,2,2,43,86,180,300,3,5
195,,,13,1,2,2,23,21,420,540,1,5
196,,,16,2,2,2,45,93,180,300,3,5
197,,,12,2,2,2,35,71,420,540,3,5
198,,,6,1,2,2,85,41,420,540,2,5
199,,,14,1,2,1,16,65,300,600,2,5
200,,,8,2,2,1,98,54,0,300,2,5
201,,,6,1,2,1,31,42,420,540,2,5
202,,,10,2,2,1,94,1,300,420,3,5
203,,,7,2,2,1,54,60,0,300,2,5
204,,,10,2,2,2,44,89,300,420,2,5
205,,,7,2,2,1,19,38,300,600,1,5
206,,,12,2,2,1,95,70,420,540,3,5
207,,,7,1,2,2,54,37,420,540,1,5
208,,,11,2,2,1,3,29,420,540,4,5
209,,,8,2,2,2,89,5,300,420,2,5
210,,,7,2,2,2,87,4,180,300,1,5
211,,,12,1,2,1,1,31,300,600,4,5
212,,,8,2,2,1,14,35,0,300,2,5
213,,,14,2,2,1,82,17,0,300,3,5
214,,,4,2,2,2,99,27,300,600,3,5
215,,,5,2,2,2,25,34,420,540,4,5
216,,,8,2,2,1,21,65,420,540,2,5
217,,,9,1,2,2,34,13,300,600,1,5
218,,,7,2,2,2,88,70,60,180,1,5
219,,,4,1,2,1,5,32,300,600,1,5
220,,,11,2,2,2,16,25,180,300,4,5
221,,,9,2,2,2,18,74,300,600,2,5
222,,,13,1,2,2,25,56,420,540,1,5
223,,,10,1,2,2,51,49,300,600,2,5
224,,,12,2,2,1,17,96,60,180,3,5
225,,,13,1,2,2,15,55,420,540,2,5
226,,,12,2,2,2,17,58,180,300,4,5
227,,,10,2,2,2,27,89,420,540,2,5
228,,,4,2,2,2,45,16,420,540,1,5
229,,,15,2,2,1,25,2,420,540,3,5
230,,,10,2,2,1,15,57,0,300,1,5
231,,,12,1,2,2,97,43,420,540,1,5
232,,,9,2,2,2,65,39,0,300,1,5
233,,,4,2,2,2,11,24,0,300,1,5
234,,,11,2,2,2,1,100,180,300,1,5
235,,,7,2,2,2,11,20,420,540,2,5
236,,,10,2,2,2,49,76,180,300,1,5
237,,,15,2,2,1,74,20,0,300,4,5
238,,,8,2,2,2,23,42,0,300,4,5
239,,,5,2,2,1,76,68,420,540,1,5
240,,,7,2,2,1,55,26,420,540,1,5
241,,,5,2,2,1,19,82,300,420,4,5
242,,,6,2,2,1,8,11,60,180,2,5
243,,,10,2,2,1,20,16,0,300,3,5
244,,,13,2,2,1,45,80,0,300,4,5
245,,,16,2,2,2,64,86,180,300,1,5
246,,,14,2,2,1,64,38,0,300,2,5
247,,,15,1,2,2,4,27,420,540,2,5
248,,,2,1,2,2,41,43,420,540,3,5
249,,,11,2,2,2,65,77,60,180,4,5
250,,,12,1,2,2,2,61,300,600,1,5
251,,,6,2,2,1,23,19,420,540,2,5
252,,,5,2,2,1,73,39,60,180,4,5
253,,,4,2,2,1,48,2,0,300,1,5
254,,,14,1,2,2,65,52,300,600,2,5
255,,,9,1,2,1,34,23,300,600,2,5
256,,,12,2,2,1,50,32,300,600,2,5
257,,,3,1,2,1,60,42,300,600,4,5
258,,,9,1,2,2,90,68,420,540,4,5
259,,,11,1,2,2,66,60,420,540,3,5
260,,,10,2,2,2,38,73,420,540,2,5
261,,,14,1,2,2,59,25,420,540,3,5
262,,,7,2,2,2,100,89,0,300,1,5
263,,,8,1,2,2,67,56,420,540,1,5
264,,,11,2,2,1,46,49,180,300,3,5
265,,,13,1,2,1,78,67,420,540,2,5
266,,,1,1,2,1,57,0,300,600,3,5
267,,,8,2,2,1,14,72,0,300,1,5
268,,,12,1,2,1,13,41,420,540,2,5
269,,,8,2,2,2,38,51,300,600,2,5
270,,,15,2,2,2,78,23,420,540,3,5
271,,,12,2,2,2,18,66,180,300,1,5
272,,,5,2,2,2,92,89,420,540,3,5
273,,,6,1,2,1,51,9,420,540,1,5
274,,,2,2,2,1,51,44,0,300,4,5
275,,,4,2,2,2,23,51,420,540,4,5
276,,,15,1,2,1,72,51,300,600,4,5
277,,,10,2,2,1,27,81,420,540,3,5
278,,,4,2,2,1,6,92,60,180,2,5
279,,,15,2,2,1,98,17,420,540,2,5
280,,,12,2,2,1,56,98,420,540,1,5
281,,,14,2,2,2,75,69,0,300,3,5
282,,,5,2,2,1,18,41,60,180,3,5
283,,,12,2,2,2,89,46,420,540,4,5
284,,,10,2,2,2,43,78,0,300,1,5
285,,,3,2,2,1,73,53,420,540,1,5
286,,,7,2,2,2,79,81,180,300,1,5
287,,,13,2,2,2,97,16,0,300,1,5
288,,,7,2,2,2,0,86,0,300,1,5
289,,,10,2,2,1,82,18,420,540,4,5
290,,,9,2,2,2,26,52,300,420,1,5
291,,,12,2,2,1,87,32,300,600,2,5
292,,,8,2,2,2,1,9,180,300,2,5
293,,,10,2,2,1,28,24,0,300,1,5
294,,,7,1,2,2,54,25,420,540,3,5
295,,,10,2,2,2,56,17,300,420,3,5
296,,,15,2,2,2,55,89,0,300,2,5
297,,,7,2,2,2,27,50,300,420,1,5
298,,,12,1,2,2,56,87,300,600,3,5
299,,,12,2,2,2,39,7,60,180,2,5
300,,,6,2,2,1,97,98,0,300,2,5
301,,,10,2,2,1,76,39,0,300,1,5
302,,,15,2,2,1,92,35,300,420,4,5
303,,,15,2,2,1,58,62,420,540,3,5
304,,,3,2,2,2,59,9,180,300,2,5
305,,,5,2,2,1,65,11,420,540,4,5
306,,,8,2,2,1,77,51,0,300,1,5
307,,,5,2,2,2,81,9,300,600,1,5
308,,,8,2,2,2,95,35,420,540,4,5
309,,,3,2,2,2,74,49,0,300,2,5
310,,,15,2,2,1,52,69,420,540,2,5
311,,,8,2,2,2,53,43,60,180,2,5
312,,,5,2,2,2,83,94,0,300,2,5
313,,,15,2,2,2,7,67,180,300,4,5
314,,,7,2,2,1,81,60,180,300,1,5
315,,,13,2,2,1,41,70,300,420,1,5
316,,,4,2,2,2,7,99,300,600,3,5
317,,,9,1,2,1,24,51,420,540,3,5
318,,,3,2,2,2,44,68,300,600,3,5
319,,,5,1,2,2,73,84,420,540,2,5
320,,,13,2,2,2,4,82,180,300,3,5
321,,,6,2,2,2,11,98,60,180,4,5
322,,,12,1,2,2,53,53,420,540,3,5
323,,,11,2,2,1,52,42,300,420,4,5
324,,,13,2,2,1,40,60,420,540,2,5
325,,,11,2,2,1,25,58,420,540,1,5
326,,,7,1,2,1,47,95,300,600,2,5
327,,,11,2,2,1,18,75,0,300,2,5
328,,,3,1,2,1,100,11,300,600,3,5
329,,,12,2,2,2,75,81,60,180,3,5
330,,,5,2,2,2,98,66,180,300,2,5
331,,,2,2,2,1,46,63,180,300,2,5
332,,,15,1,2,2,39,22,420,540,1,5
333,,,5,2,2,1,5,23,180,300,3,5
334,,,10,2,2,1,41,26,180,300,2,5
335,,,17,2,2,2,22,57,60,180,2,5
336,,,11,2,2,2,99,74,60,180,1,5
337,,,6,1,2,1,36,95,300,600,2,5
338,,,12,2,2,1,42,78,300,600,3,5
339,,,14,2,2,1,94,73,180,300,2,5
340,,,8,2,2,2,55,65,420,540,1,5
341,,,14,2,2,1,76,65,60,180,3,5
342,,,14,1,2,1,46,89,420,540,3,5
343,,,10,2,2,1,3,96,180,300,4,5
344,,,2,2,2,2,61,32,300,600,2,5
345,,,9,1,2,2,35,88,420,540,1,5
346,,,16,2,2,1,17,41,180,300,2,5
347,,,13,2,2,2,47,7,420,540,3,5
348,,,6,2,2,1,91,10,300,600,2,5
349,,,8,2,2,2,59,13,420,540,2,5
350,,,12,2,2,1,71,30,180,300,3,5
351,,,7,1,2,1,61,50,300,600,1,5
352,,,12,2,2,2,39,0,420,540,2,5
353,,,12,2,2,1,19,70,0,300,3,5
354,,,13,2,2,1,42,27,300,420,3,5
355,,,7,2,2,2,57,77,420,540,1,5
356,,,3,2,2,1,89,25,420,540,2,5
357,,,12,2,2,1,98,91,300,600,1,5
358,,,11,2,2,2,55,25,60,180,1,5
359,,,15,1,2,2,36,15,420,540,2,5
360,,,5,2,2,1,75,27,60,180,2,5
361,,,6,2,2,1,63,70,60,180,3,5
362,,,14,2,2,1,44,46,0,300,4,5
363,,,3,2,2,2,71,25,180,300,2,5
364,,,4,2,2,2,43,13,300,600,1,5
365,,,14,1,2,1,52,77,300,600,1,5
366,,,13,1,2,2,18,77,300,600,3,5
367,,,10,2,2,2,55,4,0,300,4,5
368,,,12,2,2,2,66,6,180,300,2,5
369,,,14,2,2,1,90,92,300,600,2,5
370,,,2,1,2,2,32,88,420,540,1,5
371,,,6,2,2,1,71,41,0,300,2,5
372,,,16,2,2,2,33,52,60,180,1,5
373,,,8,2,2,1,33,20,300,420,1,5
374,,,6,2,2,1,50,95,180,300,2,5
375,,,12,2,2,1,41,40,60,180,2,5
376,,,9,1,2,1,99,45,420,540,4,5
377,,,5,2,2,2,16,9,60,180,4,5
378,,,10,1,2,2,77,61,300,600,3,5
379,,,4,1,2,2,35,29,300,600,2,5
380,,,12,2,2,1,35,37,60,180,1,5
381,,,9,2,2,1,57,5,60,180,4,5
382,,,4,1,2,2,18,28,420,540,4,5
383,,,7,2,2,2,52,0,300,420,2,5
384,,,7,2,2,1,16,15,420,540,4,5
385,,,6,2,2,2,9,64,60,180,4,5
386,,,9,2,2,2,100,11,0,300,4,5
387,,,12,1,2,1,58,25,420,540,4,5
388,,,16,2,2,2,53,97,300,600,4,5
389,,,10,1,2,2,86,45,420,540,3,5
390,,,9,2,2,2,80,88,60,180,3,5
391,,,8,2,2,1,41,43,300,420,4,5
392,,,4,2,2,2,47,85,300,420,1,5
393,,,9,2,2,1,4,31,60,180,3,5
394,,,6,2,2,1,26,99,420,540,4,5
395,,,4,2,2,1,57,4,60,180,1,5
396,,,8,2,2,2,80,43,60,180,2,5
397,,,10,1,2,2,0,36,300,600,1,5
398,,,7,1,2,2,26,52,420,540,1,5
399,,,6,2,2,1,6,58,180,300,4,5
400,,,7,2,2,1,23,14,180,300,3,5
401,,,14,2,2,2,73,93,0,300,2,5
402,,,5,2,2,2,19,9,0,300,4,5
403,,,6,2,2,2,46,37,60,180,3,5
404,,,10,2,2,2,48,6,300,420,4,5
405,,,13,2,2,2,60,11,180,300,3,5
406,,,9,2,2,1,62,59,180,300,2,5
407,,,7,2,2,1,69,49,420,540,2,5
408,,,7,1,2,1,12,85,420,540,2,5
409,,,16,2,2,2,28,53,300,600,3,5
410,,,12,2,2,2,56,87,420,540,1,5
411,,,5,2,2,2,32,19,0,300,2,5
412,,,14,2,2,2,19,39,300,600,4,5
413,,,3,2,2,2,98,65,0,300,4,5
414,,,5,1,2,1,7,40,420,540,1,5
415,,,11,2,2,1,81,85,300,600,3,5
416,,,10,1,2,2,83,4,420,540,3,5
417,,,14,2,2,2,66,38,180,300,4,5
418,,,12,2,2,1,43,45,0,300,4,5
419,,,8,2,2,1,17,49,420,540,2,5
420,,,15,2,2,2,88,44,0,300,3,5
421,,,8,2,2,1,100,30,420,540,3,5
422,,,10,2,2,1,86,66,0,300,4,5
423,,,8,1,2,1,40,31,300,600,1,5
424,,,4,2,2,2,56,79,300,420,3,5
425,,,11,1,2,2,31,11,420,540,3,5
426,,,5,2,2,1,43,7,420,540,2,5
427,,,7,2,2,1,60,43,0,300,2,5
428,,,13,1,2,2,36,64,420,540,2,5
429,,,11,1,2,2,0,58,420,540,1,5
430,,,10,2,2,2,2,69,180,300,3,5
431,,,9,2,2,1,57,21,300,600,3,5
432,,,16,2,2,1,96,94,60,180,4,5
433,,,11,2,2,2,32,29,420,540,1,5
434,,,16,2,2,1,88,99,180,300,1,5
435,,,11,2,2,1,70,71,300,600,2,5
436,,,4,1,2,2,72,3,300,600,1,5
437,,,5,2,2,2,5,82,60,180,1,5
438,,,1,1,2,1,60,88,300,600,3,5
439,,,9,2,2,1,79,94,420,540,2,5
440,,,10,2,2,2,2,24,420,540,3,5
441,,,12,1,2,1,9,50,300,600,3,5
442,,,10,2,2,1,41,48,0,300,1,5
443,,,3,2,2,1,26,77,180,300,2,5
444,,,10,2,2,1,48,81,420,540,4,5
445,,,9,2,2,1,16,16,420,540,3,5
446,,,4,2,2,1,32,1,420,540,2,5
447,,,1,1,2,2,16,76,420,540,4,5
448,,,5,2,2,1,77,97,180,300,2,5
449,,,5,2,2,1,6,42,180,300,1,5
450,,,11,2,2,1,89,66,0,300,4,5
451,,,10,2,2,1,83,3,0,300,1,5
452,,,6,2,2,1,0,55,60,180,4,5
453,,,10,2,2,1,42,69,420,540,1,5
454,,,12,2,2,1,85,79,180,300,4,5
455,,,15,1,2,2,48,30,420,540,1,5
456,,,12,2,2,2,41,63,420,540,1,5
457,,,16,2,2,2,53,18,0,300,2,5
458,,,8,2,2,2,60,58,0,300,2,5
459,,,2,2,2,2,68,99,180,300,3,5
460,,,10,2,2,2,21,88,180,300,4,5
461,,,10,2,2,2,50,31,60,180,2,5
462,,,6,2,2,1,87,53,0,300,2,5
463,,,8,2,2,2,50,51,180,300,3,5
464,,,12,1,2,1,38,2,420,540,4,5
465,,,13,1,2,2,25,91,300,600,4,5
466,,,6,2,2,2,76,60,180,300,1,5
467,,,12,1,2,2,23,98,420,540,3,5
468,,,15,1,2,2,52,11,300,600,4,5
469,,,10,2,2,1,20,15,60,180,2,5
470,,,13,1,2,1,99,3,420,540,3,5
471,,,12,1,2,1,76,56,300,600,3,5
472,,,15,2,2,1,22,68,420,540,4,5
473,,,11,2,2,1,37,29,180,300,2,5
474,,,6,2,2,1,4,24,180,300,4,5
475,,,3,1,2,2,5,58,300,600,1,5
476,,,15,2,2,2,100,56,0,300,2,5
477,,,2,2,2,2,70,29,0,300,2,5
478,,,2,2,2,2,29,35,0,300,2,5
479,,,1,1,2,2,88,73,300,600,2,5
480,,,13,2,2,1,77,75,420,540,4,5
481,,,9,1,2,2,49,14,300,600,1,5
482,,,13,2,2,1,60,57,0,300,3,5
483,,,2,1,2,1,96,84,300,600,2,5
484,,,9,2,2,1,32,67,60,180,1,5
485,,,6,2,2,1,52,0,420,540,2,5
486,,,13,1,2,2,46,7,420,540,3,5
487,,,15,2,2,2,8,28,420,540,3,5
488,,,3,2,2,2,44,94,180,300,2,5
489,,,13,2,2,1,29,72,0,300,4,5
490,,,6,2,2,2,34,31,60,180,4,5
491,,,15,2,2,1,98,31,0,300,2,5
492,,,10,1,2,1,41,1,420,540,4,5
493,,,13,1,2,2,3,14,420,540,4,5
494,,,13,2,2,2,52,48,420,540,3,5
495,,,9,2,2,1,79,18,180,300,1,5
496,,,8,2,2,1,72,53,60,180,1,5
497,,,3,2,2,2,53,100,60,180,1,5
498,,,6,2,2,1,25,79,300,600,4,5
499,,,6,2,2,2,42,31,180,300,3,5
500,,,4,1,2,1,78,0,300,600,1,5
501,,,14,1,2,1,94,62,300,600,4,5
502,,,6,1,2,2,22,70,420,540,2,5
503,,,4,2,2,1,58,4,180,300,4,5
504,,,2,2,2,2,25,35,300,600,4,5
505,,,15,2,2,1,9,84,0,300,4,5
506,,,13,1,2,1,72,28,300,600,1,5
507,,,17,2,2,2,82,8,180,300,4,5
508,,,14,2,2,2,48,75,420,540,4,5
509,,,11,2,2,2,63,89,60,180,2,5
510,,,15,2,2,2,51,8,0,300,1,5
511,,,6,1,2,2,21,85,300,600,2,5
512,,,1,1,2,1,9,63,300,600,1,5
513,,,2,1,2,1,47,13,300,600,1,5
514,,,4,1,2,1,93,17,420,540,3,5
515,,,10,2,2,1,31,25,420,540,4,5
516,,,3,2,2,2,22,18,60,180,4,5
517,,,6,2,2,1,50,31,300,420,2,5
518,,,13,1,2,2,52,83,420,540,2,5
519,,,14,2,2,2,61,95,180,300,1,5
520,,,7,2,2,2,29,22,60,180,1,5
521,,,16,1,2,1,78,96,300,600,1,5
522,,,9,2,2,1,7,30,180,300,1,5
523,,,8,2,2,2,43,77,180,300,4,5
524,,,14,2,2,1,38,55,60,180,3,5
525,,,11,2,2,1,52,43,60,180,4,5
526,,,8,2,2,2,100,13,0,300,3,5
527,,,10,2,2,1,41,30,0,300,4,5
528,,,10,2,2,2,91,78,180,300,1,5
529,,,6,1,2,1,14,41,300,600,4,5
530,,,10,1,2,1,46,77,420,540,4,5
531,,,3,2,2,2,47,46,0,300,4,5
532,,,12,2,2,2,21,15,0,300,2,5
533,,,12,2,2,2,84,46,60,180,1,5
534,,,4,2,2,2,8,48,300,600,2,5
535,,,4,2,2,1,9,60,420,540,2,5
536,,,13,1,2,1,71,72,300,600,2,5
537,,,13,2,2,1,87,99,60,180,1,5
538,,,3,2,2,2,91,25,60,180,1,5
539,,,8,2,2,1,41,31,60,180,1,5
540,,,14,2,2,2,24,29,420,540,2,5
541,,,13,2,2,2,100,90,180,300,2,5
542,,,12,1,2,1,56,40,420,540,4,5
543,,,13,2,2,2,60,80,0,300,2,5
544,,,14,2,2,1,79,15,0,300,3,5
545,,,13,2,2,1,36,42,420,540,2,5
546,,,15,2,2,2,46,56,0,300,4,5
547,,,13,2,2,2,6,64,0,300,1,5
548,,,15,2,2,1,45,55,180,300,1,5
549,,,12,2,2,2,70,53,420,540,2,5
550,,,13,2,2,2,13,65,0,300,4,5
551,,,5,2,2,2,12,25,300,600,1,5
552,,,8,2,2,1,53,55,300,420,4,5
553,,,13,1,2,1,76,81,420,540,1,5
554,,,3,2,2,2,32,8,300,600,2,5
555,,,15,2,2,2,93,25,0,300,2,5
556,,,13,1,2,2,51,66,420,540,2,5
557,,,2,1,2,2,52,21,420,540,1,5
558,,,11,2,2,2,87,90,300,600,4,5
559,,,16,2,2,2,14,92,180,300,1,5
560,,,5,2,2,2,61,71,300,420,1,5
561,,,14,2,2,1,73,75,60,180,2,5
562,,,16,2,2,2,78,76,0,300,4,5
563,,,4,2,2,2,46,98,300,600,3,5
564,,,12,2,2,2,62,20,0,300,1,5
565,,,4,2,2,2,48,98,60,180,3,5
566,,,7,2,2,2,0,88,300,600,2,5
567,,,10,2,2,1,13,66,300,600,1,5
568,,,11,2,2,1,50,92,420,540,3,5
569,,,3,2,2,1,80,41,0,300,4,5
570,,,13,2,2,2,14,66,180,300,4,5
571,,,17,2,2,2,38,96,180,300,2,5
572,,,12,2,2,2,96,93,420,540,1,5
573,,,15,2,2,2,18,67,60,180,2,5
574,,,15,1,2,1,46,77,300,600,2,5
575,,,4,2,2,2,82,63,420,540,3,5
576,,,9,2,2,1,75,85,300,600,1,5
577,,,13,1,2,2,37,22,420,540,2,5
578,,,6,1,2,1,64,73,420,540,3,5
579,,,15,2,2,2,13,83,300,420,3,5
580,,,7,2,2,2,52,22,420,540,2,5
581,,,13,2,2,2,83,61,0,300,1,5
582,,,2,2,2,1,20,40,180,300,2,5
583,,,9,1,2,1,47,10,300,600,4,5
584,,,9,1,2,1,29,21,420,540,1,5
585,,,10,2,2,1,91,0,0,300,3,5
586,,,10,2,2,1,57,31,180,300,2,5
587,,,15,1,2,1,21,26,420,540,2,5
588,,,8,1,2,1,18,28,420,540,3,5
589,,,14,1,2,1,79,42,300,600,1,5
590,,,9,2,2,2,38,62,60,180,2,5
591,,,5,2,2,2,11,93,300,600,2,5
592,,,7,2,2,2,91,13,0,300,1,5
593,,,12,2,2,2,30,65,300,600,3,5
594,,,10,2,2,2,22,46,300,600,3,5
595,,,12,2,2,2,54,42,0,300,1,5
596,,,3,2,2,1,40,64,300,420,2,5
597,,,5,1,2,2,60,42,300,600,2,5
598,,,15,2,2,1,90,75,0,300,4,5
599,,,9,2,2,2,26,55,0,300,1,5
600,,,8,1,2,1,4,39,420,540,2,5
601,,,6,1,2,2,5,30,420,540,3,5
602,,,3,1,2,2,91,94,300,600,3,5
603,,,13,2,2,1,38,76,300,420,4,5
604,,,11,2,2,1,90,65,0,300,4,5
605,,,12,2,2,1,24,93,60,180,4,5
606,,,6,1,2,2,51,22,300,600,4,5
607,,,6,2,2,1,43,95,420,540,3,5
608,,,12,2,2,1,80,85,0,300,3,5
609,,,4,2,2,1,27,56,0,300,2,5
610,,,7,2,2,2,50,3,0,300,2,5
611,,,11,2,2,1,9,80,60,180,3,5
612,,,11,2,2,1,51,64,300,600,2,5
613,,,7,1,2,2,56,91,300,600,4,5
614,,,5,2,2,2,2,94,180,300,2,5
615,,,5,2,2,2,31,54,300,600,1,5
616,,,4,2,2,2,74,15,60,180,2,5
617,,,3,2,2,1,14,88,300,420,3,5
618,,,11,2,2,1,90,60,300,420,3,5
619,,,11,2,2,2,1,33,60,180,3,5
620,,,11,2,2,1,49,71,420,540,1,5
621,,,3,1,2,2,13,26,300,600,1,5
622,,,5,2,2,1,26,54,300,420,1,5
623,,,10,2,2,2,82,22,60,180,4,5
624,,,11,2,2,2,11,19,0,300,2,5
625,,,5,2,2,2,46,47,300,600,4,5
626,,,7,2,2,2,17,64,60,180,4,5
627,,,5,2,2,1,2,27,60,180,2,5
628,,,6,2,2,2,23,22,0,300,4,5
629,,,8,2,2,2,93,78,300,600,2,5
630,,,6,1,2,2,54,32,420,540,3,5
631,,,5,2,2,1,50,50,180,300,1,5
632,,,7,2,2,1,40,78,300,420,1,5
633,,,5,2,2,1,55,33,420,540,3,5
634,,,13,1,2,2,6,9,300,600,4,5
635,,,5,2,2,2,9,24,0,300,2,5
636,,,6,1,2,2,35,13,300,600,4,5
637,,,11,2,2,2,0,67,0,300,3,5
638,,,4,2,2,1,75,52,180,300,2,5
639,,,11,2,2,1,81,70,300,600,1,5
640,,,14,2,2,1,79,1,420,540,2,5
641,,,9,2,2,2,57,70,300,600,3,5
642,,,6,2,2,2,3,3,300,600,2,5
643,,,5,1,2,1,31,22,420,540,4,5
644,,,4,2,2,2,4,62,60,180,3,5
645,,,6,2,2,2,83,3,180,300,4,5
646,,,5,2,2,1,0,43,0,300,2,5
647,,,13,1,2,2,31,54,300,600,4,5
648,,,4,1,2,2,65,80,420,540,3,5
649,,,7,2,2,1,59,32,60,180,1,5
650,,,5,2,2,1,57,88,180,300,2,5
651,,,15,1,2,1,43,29,420,540,3,5
652,,,7,2,2,2,1,7,0,300,2,5
653,,,8,2,2,1,87,32,0,300,1,5
654,,,9,2,2,2,44,22,0,300,2,5
655,,,12,2,2,1,40,96,180,300,4,5
656,,,3,1,2,2,34,46,300,600,3,5
657,,,16,1,2,2,95,44,420,540,4,5
658,,,11,1,2,2,55,84,300,600,2,5
659,,,16,1,2,1,47,5,420,540,3,5
660,,,2,2,2,2,60,89,0,300,4,5
661,,,12,2,2,1,20,77,420,540,3,5
662,,,10,2,2,2,12,100,180,300,4,5
663,,,11,2,2,1,86,86,300,420,4,5
664,,,14,2,2,2,24,12,60,180,3,5
665,,,10,2,2,2,66,15,60,180,2,5
666,,,8,1,2,1,45,46,300,600,1,5
667,,,10,2,2,1,59,63,420,540,1,5
668,,,15,2,2,2,24,94,420,540,3,5
669,,,5,2,2,1,33,65,420,540,4,5
670,,,11,2,2,1,48,46,420,540,4,5
671,,,14,2,2,1,79,13,60,180,2,5
672,,,10,2,2,1,62,54,180,300,3,5
673,,,16,2,2,2,84,12,60,180,1,5
674,,,6,2,2,2,90,15,180,300,2,5
675,,,12,2,2,1,93,49,180,300,1,5
676,,,10,2,2,2,21,47,300,420,4,5
677,,,9,2,2,1,31,96,420,540,4,5
678,,,3,2,2,2,72,79,420,540,4,5
679,,,2,2,2,1,23,41,0,300,2,5
680,,,5,1,2,2,0,72,420,540,1,5
681,,,7,2,2,2,11,79,420,540,4,5
682,,,4,2,2,2,12,50,420,540,2,5
683,,,7,2,2,2,72,43,60,180,4,5
684,,,14,1,2,2,25,38,300,600,2,5
685,,,5,1,2,2,1,20,420,540,2,5
686,,,6,2,2,1,57,37,180,300,4,5
687,,,5,2,2,1,19,41,300,600,2,5
688,,,6,1,2,2,91,4,300,600,3,5
689,,,5,1,2,2,6,65,300,600,2,5
690,,,12,2,2,1,57,21,60,180,4,5
691,,,3,2,2,2,54,94,0,300,4,5
692,,,14,2,2,1,77,1,300,420,3,5
693,,,3,2,2,1,63,24,180,300,2,5
694,,,6,2,2,2,85,72,60,180,3,5
695,,,10,1,2,2,66,49,300,600,4,5
696,,,2,1,2,2,0,41,420,540,2,5
697,,,2,2,2,1,46,88,180,300,1,5
698,,,9,2,2,1,20,72,180,300,4,5
699,,,5,2,2,1,54,77,0,300,4,5
700,,,6,2,2,1,85,8,300,420,4,5
701,,,14,2,2,2,41,77,180,300,4,5
702,,,13,1,2,1,71,16,300,600,1,5
703,,,4,2,2,2,81,75,180,300,2,5
704,,,9,2,2,1,56,95,300,600,3,5
705,,,17,2,2,1,71,96,180,300,3,5
706,,,9,2,2,2,16,70,180,300,1,5
707,,,16,1,2,1,47,95,420,540,4,5
708,,,2,2,2,1,29,17,60,180,1,5
709,,,3,2,2,2,61,4,60,180,1,5
710,,,9,1,2,1,66,82,420,540,2,5
711,,,15,1,2,2,69,14,300,600,4,5
712,,,4,1,2,1,65,11,300,600,2,5
713,,,5,2,2,1,12,6,420,540,4,5
714,,,4,2,2,1,79,6,180,300,3,5
715,,,6,2,2,2,85,90,420,540,3,5
716,,,17,2,2,2,95,67,300,420,2,5
717,,,11,2,2,2,60,40,420,540,2,5
718,,,4,1,2,1,52,61,300,600,2,5
719,,,7,2,2,2,19,66,300,420,2,5
720,,,3,2,2,2,11,77,0,300,3,5
721,,,11,2,2,2,61,68,300,420,3,5
722,,,8,1,2,2,8,91,420,540,3,5
723,,,9,1,2,1,44,77,420,540,4,5
724,,,16,2,2,2,0,89,60,180,3,5
725,,,5,2,2,1,4,22,300,600,4,5
726,,,4,2,2,2,100,1,180,300,4,5
727,,,15,2,2,1,58,18,180,300,4,5
728,,,3,2,2,1,61,53,180,300,4,5
729,,,10,2,2,1,12,69,60,180,3,5
730,,,8,2,2,1,26,50,60,180,4,5
731,,,16,2,2,2,24,6,0,300,3,5
732,,,3,1,2,2,82,77,420,540,4,5
733,,,16,2,2,1,59,84,180,300,4,5
734,,,7,2,2,1,61,24,420,540,3,5
735,,,9,2,2,2,10,22,60,180,1,5
736,,,8,1,2,2,83,33,420,540,1,5
737,,,7,2,2,2,21,40,300,420,2,5
738,,,9,2,2,2,61,20,300,600,1,5
739,,,16,2,2,2,93,54,420,540,3,5
740,,,7,2,2,1,2,71,0,300,2,5
741,,,13,2,2,2,27,100,0,300,2,5
742,,,5,1,2,1,0,92,300,600,2,5
743,,,11,2,2,1,36,11,0,300,2,5
744,,,12,2,2,1,64,91,0,300,3,5
745,,,7,2,2,2,81,99,0,300,2,5
746,,,8,2,2,2,67,6,300,600,1,5
747,,,5,2,2,1,23,31,420,540,4,5
748,,,10,1,2,2,19,34,300,600,1,5
749,,,6,2,2,2,66,1,300,420,1,5
750,,,12,1,2,1,37,65,420,540,2,5
751,,,16,2,2,2,89,31,180,300,2,5
752,,,5,1,2,1,47,57,300,600,2,5
753,,,14,2,2,1,99,21,420,540,3,5
754,,,14,2,2,2,22,22,180,300,1,5
755,,,13,1,2,2,8,67,420,540,1,5
756,,,6,1,2,2,43,66,300,600,3,5
757,,,8,2,2,1,27,30,0,300,1,5
758,,,4,2,2,2,48,23,300,420,2,5
759,,,11,2,2,2,2,66,180,300,4,5
760,,,5,2,2,1,51,92,420,540,2,5
761,,,5,2,2,1,35,30,420,540,1,5
762,,,9,2,2,1,32,59,180,300,2,5
763,,,10,1,2,2,31,32,420,540,3,5
764,,,4,2,2,2,74,32,180,300,3,5
765,,,5,2,2,1,75,90,300,420,3,5
766,,,13,2,2,1,62,55,180,300,4,5
767,,,9,2,2,2,54,79,60,180,3,5
768,,,2,2,2,2,19,97,180,300,1,5
769,,,14,1,2,2,45,10,420,540,3,5
770,,,5,2,2,1,83,19,420,540,3,5
771,,,7,2,2,1,23,93,0,300,4,5
772,,,4,2,2,1,87,72,0,300,3,5
773,,,9,2,2,2,31,81,60,180,1,5
774,,,13,2,2,2,75,88,0,300,2,5
775,,,14,2,2,1,36,68,60,180,4,5
776,,,15,2,2,1,33,32,60,180,1,5
777,,,6,2,2,1,98,38,180,300,1,5
778,,,15,2,2,2,17,35,60,180,4,5
779,,,15,2,2,1,62,55,300,420,3,5
780,,,6,2,2,1,84,92,420,540,4,5
781,,,13,2,2,2,62,61,60,180,2,5
782,,,10,2,2,2,64,0,60,180,1,5
783,,,5,2,2,2,30,27,420,540,3,5
784,,,7,1,2,1,30,18,420,540,2,5
785,,,13,2,2,1,63,90,420,540,3,5
786,,,12,1,2,1,38,8,420,540,1,5
787,,,10,2,2,2,15,59,300,420,4,5
788,,,5,2,2,2,48,37,60,180,4,5
789,,,15,1,2,2,43,41,420,540,3,5
790,,,6,2,2,2,91,95,300,600,4,5
791,,,9,2,2,2,0,53,300,420,4,5
792,,,15,2,2,1,63,0,300,420,1,5
793,,,9,2,2,2,55,81,180,300,1,5
794,,,5,1,2,2,45,30,420,540,1,5
795,,,15,2,2,1,62,4,420,540,4,5
796,,,8,2,2,2,76,76,300,600,2,5
797,,,8,2,2,1,11,97,0,300,3,5
798,,,3,2,2,2,51,38,420,540,2,5
799,,,9,2,2,1,94,90,0,300,3,5
800,,,6,2,2,2,65,34,0,300,4,5
801,,,13,2,2,2,43,23,300,420,1,5
802,,,2,2,2,1,97,19,60,180,3,5
803,,,8,2,2,2,66,73,0,300,2,5
804,,,14,1,2,2,30,30,300,600,2,5
805,,,7,2,2,2,9,69,60,180,4,5
806,,,5,2,2,2,44,95,420,540,2,5
807,,,10,1,2,1,86,74,420,540,4,5
808,,,14,2,2,1,67,75,180,300,1,5
809,,,7,2,2,2,89,86,60,180,4,5
810,,,8,2,2,1,67,57,0,300,3,5
811,,,16,2,2,2,45,93,60,180,1,5
812,,,14,2,2,2,88,47,420,540,4,5
813,,,11,2,2,1,13,91,180,300,1,5
814,,,8,1,2,2,16,23,300,600,1,5
815,,,2,2,2,1,62,98,300,420,3,5
816,,,5,1,2,1,13,69,300,600,1,5
817,,,12,1,2,1,69,99,420,540,3,5
818,,,6,1,2,1,10,93,300,600,2,5
819,,,9,2,2,2,86,89,420,540,1,5
820,,,12,2,2,2,94,47,0,300,2,5
821,,,8,1,2,1,31,56,300,600,4,5
822,,,15,2,2,1,41,97,0,300,4,5
823,,,10,2,2,2,87,25,420,540,2,5
824,,,15,2,2,1,31,69,420,540,1,5
825,,,6,2,2,2,87,64,60,180,3,5
826,,,8,1,2,2,22,71,420,540,4,5
827,,,6,2,2,2,81,30,180,300,1,5
828,,,10,2,2,2,98,42,60,180,2,5
829,,,9,2,2,2,96,88,0,300,2,5
830,,,7,2,2,2,94,14,60,180,1,5
831,,,2,2,2,1,29,90,420,540,1,5
832,,,8,2,2,2,79,70,0,300,4,5
833,,,1,1,2,1,12,87,420,540,4,5
834,,,10,2,2,1,88,8,300,600,3,5
835,,,7,1,2,2,15,13,300,600,4,5
836,,,10,2,2,2,76,22,180,300,2,5
837,,,11,2,2,1,41,27,180,300,3,5
838,,,2,1,2,2,88,80,300,600,1,5
839,,,9,2,2,2,20,19,60,180,1,5
840,,,8,2,2,1,21,55,420,540,2,5
841,,,6,2,2,1,31,21,300,600,4,5
842,,,8,2,2,2,44,34,60,180,4,5
843,,,14,1,2,2,47,54,420,540,3,5
844,,,14,1,2,1,77,14,420,540,2,5
845,,,10,2,2,2,14,44,0,300,2,5
846,,,13,2,2,1,34,56,0,300,1,5
847,,,16,2,2,2,37,12,0,300,1,5
848,,,14,2,2,2,56,16,0,300,4,5
849,,,15,1,2,2,61,69,420,540,1,5
850,,,16,2,2,1,14,84,420,540,3,5
851,,,5,1,2,1,50,56,300,600,3,5
852,,,3,2,2,2,48,94,420,540,1,5
853,,,3,2,2,2,91,71,180,300,1,5
854,,,7,2,2,2,41,78,300,600,4,5
855,,,16,2,2,2,66,67,60,180,4,5
856,,,5,2,2,2,57,67,60,180,1,5
857,,,14,2,2,2,44,18,0,300,3,5
858,,,4,2,2,2,66,2,60,180,1,5
859,,,15,2,2,1,95,88,0,300,2,5
860,,,13,2,2,1,35,99,0,300,3,5
861,,,8,2,2,1,7,8,180,300,4,5
862,,,14,2,2,2,97,96,420,540,4,5
863,,,6,2,2,2,54,20,0,300,3,5
864,,,7,2,2,1,65,59,60,180,4,5
865,,,9,2,2,1,99,36,0,300,3,5
866,,,5,1,2,1,61,12,420,540,3,5
867,,,2,2,2,1,23,45,180,300,1,5
868,,,3,1,2,1,27,97,420,540,1,5
869,,,11,2,2,1,73,59,0,300,3,5
870,,,12,2,2,1,26,2,60,180,4,5
871,,,12,2,2,2,55,50,60,180,4,5
872,,,5,1,2,1,13,63,300,600,3,5
873,,,13,2,2,1,4,29,60,180,3,5
874,,,5,2,2,1,60,53,0,300,4,5
875,,,5,1,2,2,45,13,420,540,3,5
876,,,5,2,2,1,97,31,420,540,2,5
877,,,15,2,2,2,28,14,0,300,1,5
878,,,5,2,2,2,48,54,0,300,3,5
879,,,4,2,2,2,10,20,60,180,4,5
880,,,12,2,2,2,63,51,180,300,4,5
881,,,9,2,2,2,31,37,420,540,1,5
882,,,7,2,2,1,8,69,420,540,1,5
883,,,3,2,2,2,26,10,420,540,4,5
884,,,12,2,2,2,36,10,180,300,4,5
885,,,15,2,2,2,72,78,420,540,3,5
886,,,9,2,2,2,84,64,180,300,1,5
887,,,3,2,2,1,18,16,0,300,3,5
888,,,5,2,2,2,3,12,60,180,1,5
889,,,8,1,2,1,44,32,420,540,3,5
890,,,6,2,2,1,82,75,180,300,2,5
891,,,12,1,2,2,65,51,420,540,2,5
892,,,14,2,2,2,30,45,60,180,3,5
893,,,9,2,2,2,81,87,420,540,2,5
894,,,14,2,2,1,93,16,420,540,1,5
895,,,14,1,2,1,40,55,300,600,1,5
896,,,10,1,2,2,52,25,420,540,1,5
897,,,10,2,2,2,8,42,300,600,4,5
898,,,4,2,2,2,77,33,300,420,3,5
899,,,11,2,2,1,38,98,180,300,2,5
900,,,12,2,2,1,88,49,300,420,1,5
901,,,12,2,2,2,89,100,0,300,3,5
902,,,9,2,2,2,72,2,420,540,1,5
903,,,11,2,2,1,87,10,180,300,3,5
904,,,3,2,2,1,19,93,420,540,4,5
905,,,13,2,2,2,1,55,60,180,2,5
906,,,14,2,2,2,42,7,420,540,2,5
907,,,11,1,2,2,3,31,300,600,2,5
908,,,4,2,2,2,74,30,0,300,4,5
909,,,15,1,2,1,41,0,300,600,3,5
910,,,11,2,2,1,33,54,300,600,3,5
911,,,6,2,2,1,72,28,60,180,4,5
912,,,7,2,2,1,71,25,420,540,4,5
913,,,13,2,2,2,76,86,60,180,3,5
914,,,6,2,2,2,95,48,300,600,3,5
915,,,11,2,2,2,48,24,300,420,4,5
916,,,5,2,2,1,73,16,180,300,2,5
917,,,15,2,2,1,80,21,420,540,4,5
918,,,2,2,2,1,15,4,60,180,4,5
919,,,5,1,2,1,30,31,300,600,4,5
920,,,14,2,2,1,83,25,60,180,2,5
921,,,3,1,2,2,6,29,300,600,4,5
922,,,2,2,2,2,67,64,420,540,2,5
923,,,3,2,2,2,26,58,180,300,1,5
924,,,11,2,2,1,22,35,420,540,4,5
925,,,15,1,2,2,74,71,300,600,2,5
926,,,12,2,2,2,19,85,420,540,2,5
927,,,6,2,2,1,73,48,60,180,4,5
928,,,14,2,2,2,60,41,60,180,2,5
929,,,6,2,2,2,39,15,60,180,4,5
930,,,12,2,2,2,79,19,180,300,1,5
931,,,3,1,2,2,24,28,300,600,1,5
932,,,14,2,2,1,68,16,60,180,1,5
933,,,9,2,2,2,61,48,300,600,4,5
934,,,3,2,2,1,88,24,0,300,2,5
935,,,16,2,2,1,57,26,0,300,3,5
936,,,4,2,2,2,48,63,0,300,1,5
937,,,10,2,2,2,58,70,60,180,1,5
938,,,14,2,2,1,32,69,180,300,4,5
939,,,14,2,2,2,31,74,420,540,3,5
940,,,7,2,2,1,43,7,60,180,2,5
941,,,13,2,2,2,15,46,420,540,1,5
942,,,7,2,2,1,44,14,420,540,4,5
943,,,6,2,2,2,49,18,180,300,1,5
944,,,7,2,2,2,82,82,180,300,2,5
945,,,11,2,2,1,4,4,300,420,4,5
946,,,6,1,2,1,92,36,300,600,3,5
947,,,3,2,2,2,78,87,60,180,1,5
948,,,8,2,2,2,27,75,420,540,2,5
949,,,12,2,2,2,77,31,180,300,1,5
950,,,13,2,2,1,18,77,60,180,3,5
951,,,11,2,2,1,92,79,60,180,1,5
952,,,7,2,2,2,30,17,420,540,3,5
953,,,6,2,2,2,7,40,60,180,1,5
954,,,13,2,2,1,52,31,420,540,2,5
955,,,9,2,2,2,50,87,0,300,3,5
956,,,14,2,2,2,96,20,0,300,4,5
957,,,3,1,2,1,0,80,300,600,3,5
958,,,13,1,2,2,78,11,420,540,3,5
959,,,7,1,2,2,50,62,420,540,1,5
960,,,4,2,2,1,85,62,420,540,2,5
961,,,8,1,2,1,44,13,420,540,1,5
962,,,2,2,2,1,61,17,300,600,3,5
963,,,5,1,2,2,100,30,300,600,1,5
964,,,13,1,2,2,46,29,420,540,2,5
965,,,11,1,2,2,7,4,420,540,2,5
966,,,4,2,2,1,41,38,0,300,1,5
967,,,7,2,2,2,35,81,180,300,2,5
968,,,3,2,2,1,62,32,300,420,1,5
969,,,15,2,2,2,100,87,60,180,3,5
970,,,9,2,2,1,64,20,0,300,1,5
971,,,12,2,2,2,87,45,0,300,3,5
972,,,5,1,2,2,49,88,420,540,4,5
973,,,11,1,2,1,0,32,420,540,4,5
974,,,8,2,2,1,51,91,420,540,1,5
975,,,14,2,2,1,94,72,300,420,1,5
976,,,4,2,2,2,9,79,0,300,4,5
977,,,15,2,2,1,52,37,180,300,3,5
978,,,4,1,2,2,90,50,300,600,1,5
979,,,15,2,2,2,83,23,180,300,3,5
980,,,7,2,2,1,45,54,60,180,1,5
981,,,9,2,2,1,9,34,0,300,1,5
982,,,4,1,2,2,75,52,420,540,3,5
983,,,3,1,2,1,3,83,300,600,4,5
984,,,6,2,2,2,95,78,300,420,1,5
985,,,12,2,2,2,50,26,180,300,4,5
986,,,9,2,2,1,38,38,300,420,2,5
987,,,7,1,2,1,17,27,420,540,4,5
988,,,13,2,2,2,72,39,180,300,1,5
989,,,12,2,2,1,68,73,60,180,4,5
990,,,5,2,2,1,71,61,420,540,2,5
991,,,8,2,2,1,36,63,0,300,3,5
992,,,7,2,2,1,99,75,420,540,2,5
993,,,5,1,2,1,3,26,420,540,4,5
994,,,8,2,2,1,86,2,300,420,1,5
995,,,14,2,2,1,64,44,0,300,4,5
996,,,11,1,2,1,62,100,420,540,4,5
997,,,8,2,2,2,80,18,0,300,1,5
998,,,14,2,2,1,58,46,0,300,4,5
999,,,11,1,2,2,79,93,300,600,4,5
1000,,,8,2,2,1,58,28,60,180,3,5
1001,,,12,1,2,2,31,52,420,540,2,5
1002,,,5,2,2,2,75,27,180,300,1,5
1003,,,11,2,2,1,80,5,420,540,4,5
1004,,,6,2,2,1,51,68,300,420,4,5
1005,,,8,1,2,1,80,15,420,540,2,5
1006,,,7,2,2,1,83,95,60,180,3,5
1007,,,15,2,2,1,42,23,60,180,4,5
1008,,,8,2,2,1,92,64,180,300,3,5
1009,,,2,2,2,1,54,84,420,540,2,5
1010,,,5,1,2,1,80,99,420,540,4,5
1011,,,12,2,2,1,15,60,420,540,1,5
1012,,,14,2,2,1,15,43,0,300,3,5
1013,,,5,2,2,2,81,33,0,300,4,5
1014,,,14,2,2,2,84,73,420,540,3,5
1015,,,13,1,2,2,46,20,300,600,3,5
1016,,,5,2,2,1,29,5,0,300,1,5
1017,,,6,2,2,2,83,36,420,540,4,5
1018,,,11,2,2,1,72,78,300,420,4,5
1019,,,7,2,2,2,81,20,300,600,3,5
1020,,,5,1,2,2,19,46,420,540,4,5
1021,,,14,2,2,1,4,26,420,540,4,5
1022,,,9,2,2,1,61,42,60,180,4,5
1023,,,12,2,2,1,59,43,300,420,3,5
1024,,,13,1,2,2,4,47,420,540,2,5
1025,,,10,1,2,2,14,27,300,600,3,5
1026,,,12,2,2,1,42,56,300,420,2,5
1027,,,9,2,2,2,74,88,0,300,1,5
1028,,,12,1,2,2,12,6,420,540,1,5
1029,,,14,2,2,1,97,21,420,540,3,5
1030,,,7,2,2,2,23,70,180,300,4,5
1031,,,10,2,2,1,45,43,60,180,1,5
1032,,,9,2,2,1,79,23,60,180,4,5
1033,,,8,2,2,2,6,58,60,180,4,5
1034,,,9,2,2,1,73,48,0,300,3,5
1035,,,1,1,2,1,41,40,300,600,2,5
1036,,,7,2,2,1,35,52,420,540,4,5
1037,,,12,2,2,2,53,33,0,300,1,5
1038,,,11,2,2,1,86,23,0,300,4,5
1039,,,11,2,2,2,1,35,60,180,1,5
1040,,,12,2,2,2,13,48,60,180,2,5
1041,,,6,2,2,2,3,33,180,300,2,5
1042,,,13,2,2,2,93,99,300,420,2,5
1043,,,12,2,2,1,26,43,0,300,3,5
1044,,,7,1,2,1,30,65,300,600,3,5
1045,,,7,2,2,2,73,89,420,540,4,5
1046,,,9,2,2,1,73,26,420,540,1,5
1047,,,9,1,2,2,7,37,420,540,3,5
1048,,,13,2,2,2,82,93,420,540,4,5
1049,,,7,2,2,2,47,45,60,180,1,5
1050,,,10,1,2,2,98,27,300,600,1,5
1051,,,6,2,2,2,93,84,60,180,4,5
1052,,,8,2,2,1,16,47,0,300,2,5
1053,,,7,2,2,1,21,32,420,540,3,5
1054,,,12,2,2,2,9,57,0,300,4,5
1055,,,13,2,2,2,91,94,60,180,1,5
1056,,,8,2,2,2,58,38,180,300,1,5
1057,,,7,2,2,1,82,92,300,600,4,5
1058,,,16,2,2,1,38,52,420,540,4,5
1059,,,2,2,2,2,23,48,300,420,3,5
1060,,,7,2,2,2,75,42,60,180,3,5
1061,,,2,2,2,1,71,14,300,600,2,5
1062,,,4,2,2,1,66,80,420,540,4,5
1063,,,13,1,2,1,19,19,420,540,2,5
1064,,,10,2,2,2,76,26,180,300,4,5
1065,,,5,2,2,1,67,27,60,180,2,5
1066,,,11,1,2,1,88,32,420,540,4,5
1067,,,7,2,2,2,65,11,60,180,3,5
1068,,,4,2,2,2,49,77,300,420,4,5
1069,,,15,2,2,2,41,89,0,300,1,5
1070,,,4,2,2,1,84,89,180,300,4,5
1071,,,14,2,2,1,52,39,0,300,1,5
1072,,,2,2,2,1,28,97,60,180,3,5
1073,,,13,1,2,2,51,61,300,600,4,5
1074,,,10,2,2,2,62,50,60,180,1,5
1075,,,14,2,2,2,53,8,0,300,4,5
1076,,,5,1,2,2,30,65,420,540,1,5
1077,,,7,2,2,1,82,65,300,600,2,5
1078,,,12,1,2,1,77,62,420,540,2,5
1079,,,7,2,2,2,1,78,300,600,2,5
1080,,,15,2,2,2,36,64,180,300,1,5
1081,,,17,2,2,1,81,25,60,180,1,5
1082,,,11,2,2,2,99,33,60,180,3,5
1083,,,6,2,2,1,98,90,300,420,2,5
1084,,,10,2,2,2,14,17,420,540,4,5
1085,,,17,2,2,1,21,73,60,180,3,5
1086,,,5,2,2,2,35,91,0,300,2,5
1087,,,11,2,2,2,73,32,60,180,2,5
1088,,,10,2,2,1,20,70,180,300,3,5
1089,,,15,2,2,1,63,46,180,300,1,5
1090,,,16,2,2,1,89,46,420,540,1,5
1091,,,12,1,2,2,58,40,420,540,2,5
1092,,,11,2,2,1,74,47,180,300,2,5
1093,,,6,2,2,1,30,15,420,540,2,5
1094,,,14,2,2,2,95,50,180,300,1,5
1095,,,9,2,2,1,14,23,180,300,3,5
1096,,,14,2,2,1,39,75,180,300,4,5
1097,,,8,2,2,1,17,3,180,300,1,5
1098,,,10,2,2,2,88,37,0,300,4,5
1099,,,9,2,2,1,96,83,60,180,4,5
1100,,,15,2,2,1,82,71,180,300,3,5
1101,,,11,2,2,2,44,2,180,300,4,5
1102,,,15,2,2,1,67,70,420,540,4,5
1103,,,9,2,2,2,96,66,0,300,3,5
1104,,,11,2,2,1,69,80,0,300,3,5
1105,,,8,2,2,1,58,92,0,300,2,5
1106,,,14,2,2,1,85,94,300,420,2,5
1107,,,15,2,2,1,98,0,60,180,4,5
1108,,,5,2,2,1,31,4,300,420,2,5
1109,,,10,1,2,1,74,75,300,600,1,5
1110,,,5,2,2,1,12,80,60,180,1,5
1111,,,14,1,2,2,72,76,420,540,3,5
1112,,,11,2,2,1,24,70,60,180,2,5
1113,,,14,2,2,1,99,51,300,600,4,5
1114,,,9,1,2,1,66,57,420,540,4,5
1115,,,16,2,2,1,42,63,60,180,3,5
1116,,,5,1,2,2,18,5,300,600,1,5
1117,,,5,2,2,1,49,26,60,180,4,5
1118,,,12,2,2,2,18,49,0,300,1,5
1119,,,8,2,2,1,20,26,420,540,1,5
1120,,,10,1,2,1,96,90,300,600,3,5
1121,,,8,2,2,1,19,32,420,540,3,5
1122,,,2,1,2,2,27,12,300,600,3,5
1123,,,13,2,2,1,88,39,0,300,1,5
1124,,,7,1,2,2,50,87,300,600,1,5
1125,,,11,1,2,1,63,80,300,600,3,5
1126,,,10,2,2,1,51,85,60,180,3,5
1127,,,7,2,2,2,85,6,300,600,3,5
1128,,,7,2,2,1,76,50,300,420,1,5
1129,,,15,2,2,2,17,36,0,300,3,5
1130,,,10,1,2,2,28,55,300,600,4,5
1131,,,4,2,2,2,38,74,420,540,2,5
1132,,,10,2,2,1,59,17,180,300,4,5
1133,,,15,1,2,2,25,67,420,540,2,5
1134,,,9,2,2,2,38,10,0,300,1,5
1135,,,8,2,2,1,100,91,0,300,3,5
1136,,,10,2,2,2,76,45,420,540,4,5
1137,,,5,1,2,1,80,20,420,540,2,5
1138,,,16,2,2,1,73,12,60,180,4,5
1139,,,5,2,2,1,37,25,180,300,1,5
1140,,,16,2,2,1,24,60,180,300,3,5
1141,,,7,2,2,2,79,62,0,300,4,5
1142,,,9,2,2,1,62,49,0,300,3,5
1143,,,12,2,2,2,27,83,0,300,1,5
1144,,,9,2,2,1,50,64,300,420,4,5
1145,,,3,2,2,1,73,83,420,540,1,5
1146,,,6,2,2,1,30,57,60,180,2,5
1147,,,9,2,2,1,1,43,0,300,3,5
1148,,,13,2,2,1,50,78,0,300,2,5
1149,,,9,2,2,2,67,65,0,300,3,5
1150,,,6,2,2,2,45,67,60,180,1,5
1151,,,15,2,2,2,42,46,420,540,1,5
1152,,,7,1,2,1,42,71,420,540,4,5
1153,,,9,1,2,1,22,99,300,600,2,5
1154,,,10,2,2,1,100,61,60,180,4,5
1155,,,4,2,2,2,77,71,300,420,3,5
1156,,,11,2,2,1,93,10,60,180,4,5
1157,,,4,2,2,1,89,42,420,540,2,5
1158,,,8,2,2,1,62,37,300,420,2,5
1159,,,7,2,2,2,50,78,300,420,1,5
1160,,,2,1,2,1,77,22,300,600,4,5
1161,,,11,2,2,2,45,81,420,540,4,5
1162,,,15,1,2,2,52,84,420,540,1,5
1163,,,15,2,2,2,89,19,0,300,2,5
1164,,,12,1,2,2,81,34,300,600,3,5
1165,,,9,2,2,2,15,81,420,540,2,5
1166,,,10,2,2,1,75,12,180,300,3,5
1167,,,12,1,2,2,17,64,420,540,1,5
1168,,,12,2,2,2,46,46,180,300,2,5
1169,,,7,2,2,1,26,3,60,180,2,5
1170,,,5,2,2,1,20,97,0,300,4,5
1171,,,5,2,2,1,53,53,180,300,1,5
1172,,,13,2,2,1,12,63,0,300,3,5
1173,,,14,2,2,1,20,31,60,180,1,5
1174,,,6,2,2,1,25,38,0,300,2,5
1175,,,12,2,2,2,23,18,420,540,1,5
1176,,,15,2,2,2,94,57,300,420,3,5
1177,,,7,2,2,2,37,69,0,300,4,5
1178,,,14,2,2,1,63,10,300,420,2,5
1179,,,12,2,2,2,23,77,60,180,2,5
1180,,,13,2,2,1,43,27,60,180,1,5
1181,,,9,2,2,1,65,11,300,420,2,5
1182,,,10,2,2,1,67,54,300,420,2,5
1183,,,5,1,2,2,7,9,300,600,3,5
1184,,,7,1,2,2,27,70,420,540,4,5
1185,,,7,2,2,1,96,37,0,300,3,5
1186,,,14,1,2,2,51,70,420,540,1,5
1187,,,14,2,2,1,50,56,60,180,4,5
1188,,,13,2,2,1,22,72,180,300,1,5
1189,,,11,2,2,1,99,76,420,540,3,5
1190,,,6,1,2,1,30,59,300,600,4,5
1191,,,6,2,2,1,63,39,420,540,4,5
1192,,,10,2,2,2,37,96,0,300,2,5
1193,,,4,2,2,2,34,21,420,540,2,5
1194,,,13,2,2,1,88,83,180,300,1,5
1195,,,9,2,2,1,21,49,60,180,3,5
1196,,,11,1,2,1,53,91,420,540,4,5
1197,,,15,2,2,1,32,51,60,180,1,5
1198,,,9,2,2,2,20,42,60,180,1,5
1199,,,11,2,2,2,58,76,180,300,2,5
1200,,,10,2,2,1,17,74,300,420,4,5
1201,,,5,1,2,1,90,17,300,600,4,5
1202,,,7,1,2,1,22,72,300,600,4,5
1203,,,3,1,2,1,26,18,420,540,4,5
1204,,,11,2,2,1,19,45,420,540,4,5
1205,,,3,2,2,1,32,100,300,420,4,5
1206,,,5,2,2,1,85,44,0,300,1,5
1207,,,12,2,2,1,28,37,420,540,2,5
1208,,,10,2,2,2,46,44,60,180,1,5
1209,,,12,2,2,1,72,88,0,300,3,5
1210,,,9,1,2,1,88,8,300,600,3,5
1211,,,5,2,2,2,31,38,180,300,2,5
1212,,,6,2,2,1,52,50,420,540,1,5
1213,,,10,1,2,2,61,9,420,540,4,5
1214,,,4,2,2,1,86,61,180,300,3,5
1215,,,14,2,2,2,47,3,0,300,1,5
1216,,,5,2,2,1,39,59,0,300,3,5
1217,,,12,2,2,2,86,37,60,180,1,5
1218,,,10,1,2,1,36,36,300,600,1,5
1219,,,2,2,2,2,43,93,180,300,2,5
1220,,,14,2,2,2,32,26,180,300,3,5
1221,,,14,2,2,2,50,46,60,180,3,5
1222,,,15,2,2,2,28,57,420,540,1,5
1223,,,3,2,2,1,18,51,60,180,1,5
1224,,,9,1,2,1,55,62,300,600,4,5
1225,,,14,2,2,1,48,5,420,540,2,5
1226,,,14,2,2,1,16,79,420,540,2,5
1227,,,5,2,2,2,31,31,180,300,3,5
1228,,,16,2,2,2,82,26,420,540,2,5
1229,,,14,1,2,2,72,60,420,540,1,5
1230,,,5,1,2,2,99,38,300,600,3,5
1231,,,5,2,2,2,85,43,0,300,4,5
1232,,,4,2,2,2,98,65,60,180,4,5
1233,,,9,1,2,2,72,19,420,540,2,5
1234,,,8,2,2,2,86,67,180,300,3,5
1235,,,5,2,2,1,54,100,180,300,3,5
1236,,,6,2,2,1,52,0,180,300,4,5
1237,,,9,2,2,1,84,38,420,540,1,5
1238,,,3,1,2,2,2,26,300,600,4,5
1239,,,12,2,2,1,63,93,0,300,3,5
1240,,,10,2,2,2,29,18,180,300,3,5
1241,,,15,2,2,2,44,24,60,180,2,5
1242,,,4,1,2,2,18,42,300,600,3,5
1243,,,12,2,2,2,83,84,300,600,1,5
1244,,,7,2,2,2,21,52,180,300,2,5
1245,,,10,2,2,2,74,81,300,600,3,5
1246,,,9,1,2,1,85,29,420,540,3,5
1247,,,2,1,2,1,26,54,420,540,4,5
1248,,,12,1,2,1,55,54,420,540,4,5
1249,,,1,1,2,2,40,44,420,540,4,5
1250,,,16,2,2,1,82,68,420,540,3,5
1251,,,6,2,2,1,47,98,0,300,2,5
1252,,,3,2,2,1,92,55,180,300,1,5
1253,,,6,2,2,2,78,47,180,300,1,5
1254,,,5,2,2,2,85,86,420,540,4,5
1255,,,13,1,2,1,35,52,300,600,2,5
1256,,,9,1,2,2,29,24,420,540,2,5
1257,,,3,2,2,1,35,83,0,300,4,5
1258,,,11,2,2,2,20,71,60,180,3,5
1259,,,3,1,2,1,43,16,300,600,2,5
1260,,,13,2,2,1,79,100,420,540,3,5
1261,,,5,2,2,1,92,17,60,180,1,5
1262,,,14,2,2,2,59,8,420,540,1,5
1263,,,5,2,2,1,91,13,180,300,1,5
1264,,,10,2,2,2,61,30,300,600,3,5
1265,,,10,1,2,2,97,91,420,540,1,5
1266,,,12,2,2,1,4,55,60,180,2,5
1267,,,9,2,2,2,64,17,300,600,1,5
1268,,,12,1,2,2,1,34,300,600,3,5
1269,,,12,2,2,2,58,31,60,180,4,5
1270,,,15,2,2,2,76,18,300,600,3,5
1271,,,6,1,2,1,62,100,300,600,3,5
1272,,,11,2,2,2,13,28,420,540,2,5
1273,,,13,2,2,1,19,36,420,540,3,5
1274,,,10,2,2,2,63,15,420,540,4,5
1275,,,10,2,2,1,36,44,420,540,4,5
1276,,,10,2,2,2,51,42,300,420,2,5
1277,,,11,2,2,2,1,25,420,540,3,5
1278,,,10,1,2,1,70,18,420,540,3,5
1279,,,9,2,2,1,44,79,420,540,1,5
1280,,,11,2,2,2,6,76,0,300,2,5
1281,,,8,2,2,1,50,88,180,300,3,5
1282,,,7,2,2,2,4,96,300,420,2,5
1283,,,11,2,2,1,85,88,420,540,4,5
1284,,,11,2,2,2,22,87,60,180,4,5
1285,,,17,2,2,1,80,56,420,540,1,5
1286,,,11,1,2,2,68,46,420,540,2,5
1287,,,13,2,2,1,70,51,420,540,3,5
1288,,,11,2,2,1,69,75,180,300,3,5
1289,,,2,1,2,1,12,58,300,600,2,5
1290,,,15,2,2,2,9,33,180,300,2,5
1291,,,12,2,2,2,31,7,180,300,1,5
1292,,,11,1,2,1,61,61,420,540,4,5
1293,,,5,2,2,2,38,96,0,300,2,5
1294,,,6,2,2,2,89,8,420,540,4,5
1295,,,2,2,2,1,0,38,60,180,3,5
1296,,,2,1,2,2,68,54,420,540,2,5
1297,,,2,2,2,1,21,45,60,180,1,5
1298,,,2,2,2,2,55,3,60,180,2,5
1299,,,4,2,2,1,80,66,300,600,2,5
1300,,,16,2,2,2,15,50,420,540,2,5
1301,,,16,1,2,1,14,22,300,600,4,5
1302,,,3,2,2,2,82,35,60,180,3,5
1303,,,1,1,2,1,42,29,300,600,1,5
1304,,,7,2,2,1,26,14,180,300,1,5
1305,,,12,2,2,2,58,60,60,180,2,5
1306,,,9,2,2,2,0,61,300,600,4,5
1307,,,9,2,2,2,84,69,180,300,2,5
1308,,,9,2,2,1,12,48,0,300,3,5
1309,,,11,2,2,2,28,21,0,300,1,5
1310,,,2,1,2,2,76,30,300,600,4,5
1311,,,13,2,2,1,92,82,420,540,4,5
1312,,,14,2,2,2,27,97,60,180,3,5
1313,,,5,2,2,2,20,37,60,180,4,5
1314,,,13,1,2,1,51,1,420,540,2,5
1315,,,13,2,2,1,45,65,300,420,2,5
1316,,,13,2,2,2,73,65,420,540,4,5
1317,,,12,2,2,2,85,56,420,540,1,5
1318,,,10,2,2,2,77,3,300,600,1,5
1319,,,15,1,2,2,59,34,300,600,4,5
1320,,,14,2,2,1,19,35,420,540,1,5
1321,,,10,2,2,1,32,26,300,600,2,5
1322,,,8,2,2,1,49,60,0,300,3,5
1323,,,14,2,2,2,96,52,0,300,1,5
1324,,,15,2,2,2,51,30,420,540,2,5
1325,,,10,2,2,2,73,62,420,540,2,5
1326,,,13,1,2,2,96,35,420,540,2,5
1327,,,10,2,2,2,29,96,420,540,3,5
1328,,,8,2,2,2,10,22,180,300,2,5
1329,,,8,2,2,2,70,60,420,540,4,5
1330,,,2,2,2,2,54,62,300,420,2,5
1331,,,14,2,2,2,88,6,420,540,2,5
1332,,,14,2,2,2,93,35,300,420,3,5
1333,,,8,1,2,2,99,32,300,600,2,5
1334,,,3,2,2,2,62,7,60,180,1,5
1335,,,12,2,2,1,44,78,60,180,2,5
1336,,,16,2,2,2,81,63,0,300,3,5
1337,,,2,1,2,1,61,64,420,540,4,5
1338,,,6,2,2,1,67,65,180,300,3,5
1339,,,9,1,2,2,41,62,420,540,4,5
1340,,,5,1,2,2,8,7,300,600,1,5
1341,,,5,1,2,1,17,19,300,600,4,5
1342,,,7,2,2,2,53,88,420,540,4,5
1343,,,13,2,2,2,52,1,300,600,2,5
1344,,,9,2,2,1,94,18,60,180,1,5
1345,,,16,1,2,2,62,90,300,600,2,5
1346,,,3,1,2,2,72,8,420,540,2,5
1347,,,16,2,2,1,97,1,0,300,3,5
1348,,,9,2,2,2,15,52,60,180,4,5
1349,,,12,2,2,2,77,84,420,540,2,5
1350,,,9,2,2,2,9,72,300,600,4,5
1351,,,3,2,2,1,6,39,180,300,2,5
1352,,,6,2,2,2,40,51,420,540,1,5
1353,,,7,2,2,1,32,51,180,300,3,5
1354,,,13,2,2,1,23,49,300,420,3,5
1355,,,3,2,2,2,73,74,300,600,4,5
1356,,,8,1,2,1,34,75,420,540,3,5
1357,,,3,2,2,2,4,94,180,300,1,5
1358,,,8,2,2,1,11,1,420,540,4,5
1359,,,13,2,2,2,42,55,60,180,1,5
1360,,,13,2,2,1,11,19,180,300,1,5
1361,,,13,1,2,2,78,51,300,600,4,5
1362,,,11,1,2,2,25,55,300,600,3,5
1363,,,6,1,2,1,53,32,420,540,2,5
1364,,,11,2,2,2,29,47,180,300,4,5
1365,,,4,1,2,2,6,45,300,600,1,5
1366,,,5,2,2,1,52,1,60,180,4,5
1367,,,3,1,2,2,70,79,300,600,1,5
1368,,,3,1,2,1,11,53,300,600,4,5
1369,,,15,2,2,1,65,14,0,300,2,5
1370,,,12,1,2,2,5,14,420,540,1,5
1371,,,4,1,2,2,36,7,300,600,4,5
1372,,,15,2,2,2,16,10,180,300,2,5
1373,,,4,2,2,1,9,95,60,180,1,5
1374,,,9,2,2,2,16,51,0,300,1,5
1375,,,11,1,2,1,33,87,300,600,4,5
1376,,,13,2,2,2,0,62,60,180,3,5
1377,,,11,2,2,2,45,30,180,300,2,5
1378,,,13,1,2,2,35,62,300,600,2,5
1379,,,11,2,2,1,72,77,420,540,4,5
1380,,,9,2,2,1,66,78,60,180,4,5
1381,,,4,2,2,2,97,81,180,300,4,5
1382,,,15,2,2,2,83,25,300,600,3,5
1383,,,15,2,2,1,37,13,420,540,4,5
1384,,,6,2,2,2,35,43,180,300,2,5
1385,,,8,2,2,1,95,6,180,300,3,5
1386,,,11,1,2,1,69,78,300,600,1,5
1387,,,3,1,2,2,15,69,420,540,4,5
1388,,,9,2,2,1,52,5,180,300,3,5
1389,,,5,1,2,1,39,43,300,600,1,5
1390,,,16,2,2,1,60,60,300,600,2,5
1391,,,8,1,2,2,72,52,300,600,1,5
1392,,,6,1,2,1,72,92,300,600,3,5
1393,,,5,1,2,2,81,53,300,600,2,5
1394,,,6,1,2,2,91,21,420,540,3,5
1395,,,10,2,2,1,90,73,180,300,1,5
1396,,,2,1,2,1,54,19,300,600,3,5
1397,,,11,2,2,1,12,78,300,600,3,5
1398,,,13,1,2,2,69,92,420,540,2,5
1399,,,2,2,2,2,20,93,0,300,1,5
1400,,,13,2,2,2,50,85,420,540,1,5
1401,,,8,2,2,2,37,21,420,540,2,5
1402,,,12,2,2,2,39,35,0,300,4,5
1403,,,13,1,2,1,12,55,420,540,3,5
1404,,,14,2,2,1,67,67,180,300,3,5
1405,,,4,1,2,2,69,73,420,540,1,5
1406,,,3,1,2,2,7,71,420,540,2,5
1407,,,5,2,2,2,98,40,300,420,4,5
1408,,,10,2,2,1,53,60,60,180,1,5
1409,,,2,2,2,2,39,85,420,540,1,5
1410,,,15,2,2,1,96,96,420,540,1,5
1411,,,12,1,2,1,20,65,300,600,4,5
1412,,,10,2,2,2,37,74,420,540,4,5
1413,,,10,2,2,1,65,75,0,300,3,5
1414,,,2,2,2,1,28,97,60,180,3,5
1415,,,3,2,2,2,62,2,0,300,3,5
1416,,,9,2,2,1,3,29,300,420,3,5
1417,,,15,2,2,2,95,31,180,300,1,5
1418,,,9,2,2,2,43,87,60,180,3,5
1419,,,6,2,2,2,89,30,0,300,3,5
1420,,,15,2,2,2,36,49,300,600,3,5
1421,,,9,2,2,2,20,21,180,300,1,5
1422,,,12,2,2,2,24,57,0,300,2,5
1423,,,11,2,2,1,73,75,60,180,2,5
1424,,,9,1,2,1,94,61,420,540,4,5
1425,,,14,2,2,2,79,74,60,180,4,5
1426,,,10,2,2,1,50,78,0,300,2,5
1427,,,9,1,2,2,90,49,420,540,1,5
1428,,,5,2,2,1,27,85,0,300,3,5
1429,,,12,2,2,1,62,80,180,300,1,5
1430,,,16,2,2,1,42,64,60,180,2,5
1431,,,10,2,2,2,92,80,60,180,1,5
1432,,,15,2,2,1,49,34,60,180,2,5
1433,,,14,2,2,2,32,29,420,540,3,5
1434,,,7,2,2,2,61,5,0,300,1,5
1435,,,8,2,2,1,70,27,0,300,4,5
1436,,,12,2,2,2,24,32,180,300,4,5
1437,,,10,2,2,1,9,48,180,300,4,5
1438,,,4,1,2,2,91,51,420,540,4,5
1439,,,4,2,2,1,23,23,60,180,4,5
1440,,,9,1,2,1,10,20,420,540,1,5
1441,,,14,2,2,2,47,40,180,300,1,5
1442,,,3,2,2,1,31,44,420,540,2,5
1443,,,4,2,2,2,79,24,60,180,4,5
1444,,,5,2,2,1,38,32,420,540,3,5
1445,,,14,1,2,2,61,28,420,540,3,5
1446,,,4,2,2,1,70,18,420,540,1,5
1447,,,3,1,2,2,71,28,300,600,4,5
1448,,,3,2,2,1,5,67,420,540,3,5
1449,,,14,2,2,2,36,40,0,300,4,5
1450,,,14,1,2,1,0,78,420,540,4,5
1451,,,6,2,2,1,71,95,180,300,3,5
1452,,,8,1,2,2,50,19,420,540,4,5
1453,,,16,2,2,1,18,20,420,540,3,5
1454,,,4,2,2,2,35,87,60,180,2,5
1455,,,13,2,2,2,87,31,60,180,4,5
1456,,,13,1,2,1,30,30,300,600,4,5
1457,,,7,1,2,2,45,7,300,600,3,5
1458,,,6,2,2,1,33,46,0,300,4,5
1459,,,9,2,2,2,62,87,60,180,1,5
1460,,,12,2,2,1,63,95,420,540,3,5
1461,,,10,2,2,1,60,8,60,180,3,5
1462,,,9,2,2,1,16,60,300,420,1,5
1463,,,3,2,2,2,49,97,0,300,2,5
1464,,,5,2,2,1,79,27,180,300,2,5
1465,,,8,2,2,2,27,10,0,300,4,5
1466,,,14,2,2,1,73,85,60,180,2,5
1467,,,14,2,2,1,6,39,0,300,1,5
1468,,,8,2,2,1,34,57,420,540,1,5
1469,,,13,2,2,1,81,70,300,600,4,5
1470,,,2,2,2,1,13,33,300,600,4,5
1471,,,12,1,2,1,73,94,300,600,3,5
1472,,,11,1,2,1,39,9,300,600,1,5
1473,,,13,1,2,1,58,41,300,600,2,5
1474,,,14,1,2,2,30,88,420,540,1,5
1475,,,3,2,2,2,94,90,180,300,2,5
1476,,,11,2,2,2,68,75,60,180,1,5
1477,,,8,2,2,2,72,14,420,540,2,5
1478,,,4,2,2,1,19,4,420,540,2,5
1479,,,9,2,2,1,64,87,300,420,1,5
1480,,,15,2,2,2,20,78,0,300,2,5
1481,,,8,2,2,1,91,93,180,300,2,5
1482,,,10,2,2,2,63,90,60,180,3,5
1483,,,6,2,2,1,8,23,420,540,3,5
1484,,,6,1,2,1,86,32,420,540,2,5
1485,,,9,2,2,1,46,80,300,420,2,5
1486,,,13,2,2,2,87,81,420,540,1,5
1487,,,6,1,2,1,82,9,300,600,3,5
1488,,,7,2,2,1,37,57,420,540,3,5
1489,,,6,1,2,1,21,36,420,540,2,5
1490,,,2,2,2,1,43,95,300,600,4,5
1491,,,9,1,2,2,81,87,300,600,1,5
1492,,,11,2,2,1,84,92,300,420,3,5
1493,,,13,2,2,1,85,94,300,600,3,5
1494,,,15,2,2,2,45,93,0,300,3,5
1495,,,9,2,2,2,12,93,0,300,4,5
1496,,,9,2,2,2,35,80,420,540,1,5
1497,,,12,1,2,1,49,49,420,540,4,5
1498,,,7,2,2,2,70,68,0,300,1,5
1499,,,12,2,2,1,80,99,0,300,3,5
1500,,,5,2,2,1,3,99,300,600,2,5
1501,,,6,2,2,2,78,11,420,540,4,5
1502,,,13,2,2,2,86,18,420,540,2,5
1503,,,8,2,2,2,64,11,420,540,4,5
1504,,,4,2,2,2,31,66,300,600,4,5
1505,,,11,2,2,2,94,40,300,600,2,5
1506,,,7,1,2,2,40,84,420,540,4,5
1507,,,2,2,2,2,8,19,420,540,1,5
1508,,,9,2,2,1,68,91,180,300,4,5
1509,,,14,2,2,1,39,93,300,600,4,5
1510,,,15,1,2,1,61,68,300,600,2,5
1511,,,9,2,2,2,55,73,0,300,3,5
1512,,,11,2,2,1,64,52,0,300,1,5
1513,,,9,1,2,1,8,7,420,540,3,5
1514,,,7,2,2,2,97,22,60,180,4,5
1515,,,4,2,2,1,34,59,420,540,1,5
1516,,,15,2,2,1,30,26,0,300,2,5
1517,,,9,1,2,1,53,98,420,540,2,5
1518,,,15,2,2,1,18,22,180,300,3,5
1519,,,4,2,2,1,37,35,0,300,2,5
1520,,,4,2,2,1,68,20,300,420,4,5
1521,,,6,2,2,1,79,96,420,540,1,5
1522,,,6,1,2,2,62,19,300,600,3,5
1523,,,12,2,2,2,13,51,420,540,4,5
1524,,,14,2,2,2,76,80,420,540,2,5
1525,,,11,2,2,2,50,13,60,180,3,5
1526,,,11,2,2,1,44,33,60,180,1,5
1527,,,10,1,2,1,82,95,300,600,1,5
1528,,,4,2,2,1,73,8,60,180,3,5
1529,,,12,2,2,2,6,81,180,300,2,5
1530,,,13,2,2,2,85,18,60,180,3,5
1531,,,2,2,2,1,44,80,0,300,2,5
1532,,,3,2,2,2,25,70,60,180,4,5
1533,,,11,2,2,1,79,72,0,300,1,5
1534,,,12,1,2,2,75,45,300,600,2,5
1535,,,8,2,2,2,1,11,0,300,3,5
1536,,,4,1,2,2,5,59,420,540,2,5
1537,,,4,1,2,2,92,54,420,540,2,5
1538,,,9,2,2,1,54,68,60,180,3,5
1539,,,5,2,2,1,60,33,180,300,2,5
1540,,,12,1,2,1,72,91,420,540,4,5
1541,,,7,2,2,2,74,87,0,300,2,5
1542,,,8,1,2,2,73,5,420,540,1,5
1543,,,17,2,2,2,86,17,420,540,2,5
1544,,,6,2,2,2,96,50,0,300,3,5
1545,,,6,2,2,2,35,96,300,600,4,5
1546,,,3,2,2,1,94,85,180,300,3,5
1547,,,16,2,2,1,72,40,180,300,1,5
1548,,,15,1,2,2,49,51,420,540,4,5
1549,,,12,2,2,2,29,23,60,180,2,5
1550,,,8,2,2,2,66,98,300,420,4,5
1551,,,10,2,2,1,85,72,0,300,1,5
1552,,,7,2,2,2,75,7,180,300,3,5
1553,,,13,2,2,2,96,19,420,540,2,5
1554,,,2,2,2,2,35,6,180,300,4,5
1555,,,14,2,2,1,75,85,60,180,1,5
1556,,,11,2,2,1,45,24,0,300,3,5
1557,,,6,2,2,1,76,22,180,300,1,5
1558,,,11,2,2,1,51,17,60,180,1,5
1559,,,12,2,2,1,87,52,180,300,2,5
1560,,,5,2,2,2,44,92,0,300,1,5
1561,,,14,2,2,1,71,52,0,300,4,5
1562,,,3,2,2,1,82,46,300,420,3,5
1563,,,2,2,2,2,35,8,180,300,3,5
1564,,,4,2,2,2,5,26,0,300,3,5
1565,,,13,2,2,2,31,93,0,300,4,5
1566,,,3,2,2,2,97,55,420,540,4,5
1567,,,9,2,2,2,48,61,60,180,2,5
1568,,,8,2,2,1,27,40,0,300,1,5
1569,,,6,1,2,2,11,6,300,600,2,5
1570,,,5,2,2,2,14,10,180,300,4,5
1571,,,4,2,2,2,5,31,180,300,2,5
1572,,,6,2,2,1,87,88,180,300,1,5
1573,,,8,2,2,1,55,96,420,540,3,5
1574,,,5,2,2,2,11,31,300,420,4,5
1575,,,13,2,2,1,61,65,300,420,1,5
1576,,,4,1,2,2,19,76,420,540,3,5
1577,,,4,2,2,1,80,84,420,540,4,5
1578,,,12,2,2,2,0,10,300,420,2,5
1579,,,7,2,2,1,96,77,420,540,4,5
1580,,,13,2,2,1,92,33,60,180,4,5
1581,,,13,2,2,2,90,43,0,300,3,5
1582,,,3,1,2,2,64,30,420,540,2,5
1583,,,14,2,2,2,89,71,300,600,3,5
1584,,,6,2,2,2,100,93,300,600,2,5
1585,,,3,2,2,1,95,90,180,300,4,5
1586,,,10,2,2,1,14,30,0,300,4,5
1587,,,5,1,2,2,73,64,300,600,3,5
1588,,,7,2,2,2,63,10,180,300,3,5
1589,,,8,2,2,1,90,97,420,540,3,5
1590,,,10,2,2,1,25,10,300,420,3,5
1591,,,15,2,2,1,52,55,300,420,1,5
1592,,,6,2,2,2,78,8,420,540,3,5
1593,,,12,2,2,1,81,1,180,300,1,5
1594,,,11,2,2,2,79,74,180,300,4,5
1595,,,6,2,2,1,0,30,60,180,1,5
1596,,,15,1,2,1,42,19,420,540,4,5
1597,,,6,2,2,2,99,22,300,420,1,5
1598,,,10,2,2,2,46,79,420,540,4,5
1599,,,8,1,2,2,59,31,300,600,1,5
1600,,,15,1,2,1,98,2,300,600,3,5
1601,,,15,2,2,1,63,94,420,540,1,5
1602,,,7,2,2,2,22,45,0,300,2,5
1603,,,13,1,2,2,33,31,300,600,4,5
1604,,,9,1,2,2,16,60,420,540,1,5
1605,,,9,2,2,2,3,92,300,420,3,5
1606,,,13,2,2,1,80,75,180,300,3,5
1607,,,10,2,2,2,34,52,420,540,1,5
1608,,,10,2,2,2,5,51,60,180,4,5
1609,,,7,2,2,2,87,22,180,300,3,5
1610,,,6,2,2,2,93,42,60,180,1,5
1611,,,8,2,2,2,81,8,420,540,4,5
1612,,,7,1,2,1,97,55,300,600,3,5
1613,,,7,2,2,1,55,32,60,180,2,5
1614,,,3,2,2,2,92,16,420,540,1,5
1615,,,15,2,2,1,23,48,0,300,1,5
1616,,,14,2,2,2,58,42,60,180,1,5
1617,,,11,2,2,2,85,29,60,180,4,5
1618,,,2,2,2,1,24,22,300,420,2,5
1619,,,12,1,2,2,43,45,300,600,4,5
1620,,,8,2,2,2,36,7,60,180,2,5
1621,,,6,2,2,1,98,36,180,300,4,5
1622,,,10,2,2,2,19,83,0,300,4,5
1623,,,12,2,2,1,59,30,60,180,4,5
1624,,,15,1,2,1,93,99,300,600,2,5
1625,,,11,2,2,1,62,5,60,180,1,5
1626,,,9,2,2,1,23,37,180,300,3,5
1627,,,15,2,2,2,34,22,300,600,1,5
1628,,,10,2,2,1,8,68,60,180,1,5
1629,,,6,1,2,1,75,24,420,540,3,5
1630,,,14,2,2,1,61,78,60,180,4,5
1631,,,13,2,2,1,24,90,180,300,4,5
1632,,,17,2,2,2,16,36,420,540,2,5
1633,,,3,2,2,1,10,96,420,540,4,5
1634,,,9,2,2,2,82,66,0,300,4,5
1635,,,3,2,2,1,38,87,180,300,4,5
1636,,,13,2,2,1,97,10,420,540,3,5
1637,,,14,1,2,2,36,90,300,600,2,5
1638,,,15,2,2,1,86,21,420,540,1,5
1639,,,10,2,2,1,67,26,0,300,4,5
1640,,,11,2,2,1,35,54,0,300,3,5
1641,,,9,2,2,2,7,56,0,300,3,5
1642,,,4,2,2,1,99,49,300,420,4,5
1643,,,15,1,2,1,6,92,300,600,1,5
1644,,,14,2,2,2,64,24,420,540,2,5
1645,,,11,1,2,1,59,27,420,540,4,5
1646,,,13,2,2,2,55,44,180,300,3,5
1647,,,7,2,2,1,73,15,0,300,2,5
1648,,,4,2,2,1,30,90,420,540,2,5
1649,,,8,2,2,1,10,25,60,180,4,5
1650,,,10,2,2,2,29,24,60,180,2,5
1651,,,4,2,2,1,73,36,0,300,4,5
1652,,,4,2,2,1,16,24,420,540,4,5
1653,,,16,2,2,1,44,46,420,540,4,5
1654,,,6,1,2,2,77,23,420,540,4,5
1655,,,3,1,2,2,64,67,300,600,2,5
1656,,,15,2,2,1,72,62,180,300,4,5
1657,,,5,2,2,1,100,52,0,300,2,5
1658,,,7,2,2,1,38,69,300,420,4,5
1659,,,5,2,2,1,6,68,0,300,1,5
1660,,,8,1,2,1,7,31,420,540,1,5
1661,,,14,1,2,2,33,70,300,600,4,5
1662,,,12,2,2,2,75,34,180,300,4,5
1663,,,4,2,2,2,8,97,60,180,4,5
1664,,,6,2,2,1,49,94,180,300,2,5
1665,,,12,2,2,1,1,93,60,180,3,5
1666,,,6,1,2,2,75,93,420,540,3,5
1667,,,14,2,2,1,56,66,300,420,2,5
1668,,,14,1,2,2,91,20,300,600,1,5
1669,,,5,2,2,1,41,31,60,180,3,5
1670,,,5,2,2,2,20,32,60,180,3,5
1671,,,16,2,2,1,25,98,60,180,3,5
1672,,,3,1,2,1,32,70,420,540,1,5
1673,,,12,2,2,2,26,38,180,300,2,5
1674,,,9,1,2,1,91,35,300,600,2,5
1675,,,9,1,2,2,77,44,420,540,4,5
1676,,,2,1,2,1,23,67,420,540,4,5
1677,,,16,2,2,1,94,64,420,540,1,5
1678,,,4,2,2,1,23,81,60,180,3,5
1679,,,10,2,2,1,71,32,0,300,1,5
1680,,,12,1,2,2,21,66,300,600,1,5
1681,,,8,2,2,2,89,91,300,420,2,5
1682,,,14,2,2,2,70,64,60,180,2,5
1683,,,14,2,2,2,28,13,180,300,3,5
1684,,,6,2,2,1,15,54,180,300,1,5
1685,,,8,2,2,1,72,45,60,180,4,5
1686,,,7,1,2,1,32,33,300,600,2,5
1687,,,5,2,2,1,44,94,0,300,4,5
1688,,,7,2,2,2,63,94,300,600,1,5
1689,,,6,2,2,2,43,48,0,300,1,5
1690,,,7,2,2,1,57,15,0,300,4,5
1691,,,4,2,2,2,9,21,420,540,3,5
1692,,,13,1,2,1,82,47,420,540,4,5
1693,,,4,2,2,1,54,72,420,540,4,5
1694,,,5,2,2,1,96,77,300,600,1,5
1695,,,2,2,2,2,82,79,420,540,3,5
1696,,,13,2,2,1,28,61,0,300,3,5
1697,,,11,2,2,1,85,67,60,180,2,5
1698,,,4,2,2,1,76,21,300,600,1,5
1699,,,9,2,2,2,90,47,300,600,2,5
1700,,,9,1,2,2,37,97,300,600,3,5
1701,,,2,2,2,1,7,19,60,180,1,5
1702,,,8,1,2,1,36,7,420,540,4,5
1703,,,5,2,2,2,60,72,0,300,4,5
1704,,,5,1,2,1,100,52,420,540,3,5
1705,,,8,2,2,1,71,51,420,540,1,5
1706,,,9,2,2,2,6,48,60,180,4,5
1707,,,3,2,2,2,84,8,60,180,4,5
1708,,,2,2,2,1,70,93,0,300,2,5
1709,,,9,2,2,1,50,35,0,300,3,5
1710,,,12,2,2,2,52,78,0,300,1,5
1711,,,6,2,2,1,26,76,420,540,1,5
1712,,,14,2,2,2,65,34,420,540,2,5
1713,,,8,1,2,1,31,92,300,600,2,5
1714,,,6,2,2,1,72,53,420,540,3,5
1715,,,8,2,2,1,72,57,180,300,3,5
1716,,,3,2,2,1,56,74,60,180,1,5
1717,,,12,2,2,2,77,60,60,180,4,5
1718,,,14,1,2,1,44,67,420,540,3,5
1719,,,4,2,2,2,77,70,0,300,4,5
1720,,,9,2,2,2,8,2,0,300,1,5
1721,,,3,2,2,1,1,100,300,600,3,5
1722,,,4,1,2,1,67,86,300,600,2,5
1723,,,16,2,2,1,39,11,300,600,4,5
1724,,,11,2,2,2,69,47,0,300,3,5
1725,,,6,1,2,2,74,2,300,600,2,5
1726,,,15,2,2,1,56,0,300,600,3,5
1727,,,14,1,2,1,2,87,300,600,2,5
1728,,,15,1,2,2,81,38,300,600,3,5
1729,,,6,2,2,2,48,19,180,300,3,5
1730,,,15,1,2,1,64,93,300,600,2,5
1731,,,2,2,2,2,10,25,60,180,2,5
1732,,,9,1,2,1,8,49,420,540,4,5
1733,,,10,2,2,2,44,78,180,300,4,5
1734,,,2,1,2,2,95,21,300,600,2,5
1735,,,7,2,2,1,8,58,0,300,1,5
1736,,,5,2,2,1,91,38,420,540,3,5
1737,,,11,1,2,2,9,34,300,600,3,5
1738,,,2,1,2,1,23,24,420,540,3,5
1739,,,12,2,2,2,89,53,180,300,4,5
1740,,,9,1,2,2,73,25,300,600,1,5
1741,,,12,1,2,2,45,62,300,600,4,5
1742,,,13,2,2,2,82,59,420,540,2,5
1743,,,16,2,2,2,29,18,420,540,1,5
1744,,,12,2,2,1,43,41,60,180,3,5
1745,,,7,2,2,1,72,71,420,540,1,5
1746,,,5,1,2,2,24,15,420,540,2,5
1747,,,2,2,2,2,45,81,300,420,4,5
1748,,,4,2,2,1,48,1,180,300,1,5
1749,,,2,2,2,2,51,12,0,300,4,5
1750,,,3,1,2,1,54,88,300,600,4,5
1751,,,9,2,2,1,94,23,60,180,4,5
1752,,,3,1,2,1,95,74,420,540,1,5
1753,,,14,2,2,1,43,91,180,300,4,5
1754,,,5,2,2,2,34,44,60,180,1,5
1755,,,6,2,2,2,41,42,60,180,4,5
1756,,,11,2,2,2,77,61,0,300,3,5
1757,,,16,2,2,1,34,49,0,300,1,5
1758,,,10,2,2,2,57,52,0,300,2,5
1759,,,8,2,2,1,67,54,300,600,3,5
1760,,,4,2,2,2,33,9,60,180,2,5
1761,,,4,2,2,2,24,54,60,180,2,5
1762,,,3,2,2,1,73,36,0,300,3,5
1763,,,7,2,2,2,70,40,420,540,2,5
1764,,,8,2,2,1,25,23,300,420,1,5
1765,,,13,2,2,1,80,16,0,300,3,5
1766,,,6,2,2,1,94,20,420,540,3,5
1767,,,7,2,2,1,83,35,180,300,2,5
1768,,,6,1,2,1,6,66,420,540,4,5
1769,,,12,2,2,1,93,52,300,420,3,5
1770,,,3,2,2,2,88,3,0,300,1,5
1771,,,3,2,2,1,37,58,420,540,1,5
1772,,,10,2,2,2,89,19,300,420,2,5
1773,,,13,2,2,2,42,53,300,420,2,5
1774,,,3,2,2,2,12,28,420,540,4,5
1775,,,6,1,2,2,10,4,420,540,1,5
1776,,,12,2,2,1,34,24,180,300,2,5
1777,,,4,2,2,1,92,7,180,300,4,5
1778,,,4,2,2,2,90,36,420,540,2,5
1779,,,15,2,2,2,58,45,300,600,3,5
1780,,,12,2,2,2,2,1,420,540,3,5
1781,,,6,2,2,2,0,55,420,540,4,5
1782,,,2,1,2,1,78,50,420,540,3,5
1783,,,4,2,2,1,31,38,60,180,4,5
1784,,,13,1,2,1,86,54,300,600,3,5
1785,,,6,1,2,1,66,2,300,600,3,5
1786,,,8,2,2,2,44,34,0,300,4,5
1787,,,3,2,2,1,33,43,0,300,1,5
1788,,,11,2,2,1,80,74,0,300,1,5
1789,,,9,2,2,2,30,74,60,180,4,5
1790,,,3,2,2,1,2,67,300,600,4,5
1791,,,10,2,2,1,77,79,300,420,4,5
1792,,,11,2,2,2,3,58,60,180,1,5
1793,,,4,1,2,2,39,12,420,540,3,5
1794,,,11,2,2,2,81,96,420,540,2,5
1795,,,11,2,2,2,87,48,300,600,3,5
1796,,,2,2,2,2,20,66,60,180,4,5
1797,,,5,1,2,1,76,87,300,600,2,5
1798,,,16,1,2,2,60,87,300,600,4,5
1799,,,10,2,2,2,36,31,60,180,1,5
1800,,,3,1,2,1,8,80,300,600,4,5
1801,,,16,2,2,2,36,80,420,540,1,5
1802,,,13,2,2,2,19,7,300,600,3,5
1803,,,7,1,2,2,18,74,300,600,3,5
1804,,,12,2,2,2,42,85,300,600,3,5
1805,,,14,2,2,2,31,43,180,300,2,5
1806,,,15,1,2,2,94,10,300,600,4,5
1807,,,3,2,2,1,60,7,0,300,4,5
1808,,,12,2,2,2,13,16,60,180,1,5
1809,,,12,2,2,2,58,84,180,300,3,5
1810,,,8,2,2,2,10,44,300,600,4,5
1811,,,9,2,2,1,87,36,180,300,3,5
1812,,,11,2,2,1,98,41,300,600,3,5
1813,,,12,2,2,2,88,73,0,300,1,5
1814,,,13,2,2,1,1,82,0,300,1,5
1815,,,11,1,2,2,17,26,420,540,3,5
1816,,,7,2,2,2,40,53,180,300,1,5
1817,,,6,1,2,2,38,20,300,600,2,5
1818,,,17,2,2,1,52,89,420,540,4,5
1819,,,15,2,2,2,50,55,180,300,3,5
1820,,,13,1,2,1,61,25,420,540,2,5
1821,,,11,2,2,2,89,69,60,180,1,5
1822,,,14,2,2,1,92,49,300,420,2,5
1823,,,2,1,2,1,98,69,420,540,1,5
1824,,,3,2,2,1,83,91,300,600,4,5
1825,,,11,2,2,1,73,17,420,540,2,5
1826,,,15,1,2,2,84,26,300,600,3,5
1827,,,15,1,2,2,1,57,420,540,4,5
1828,,,10,2,2,2,93,19,300,600,1,5
1829,,,11,1,2,2,15,97,300,600,4,5
1830,,,4,1,2,2,92,79,420,540,2,5
1831,,,7,2,2,1,44,72,180,300,2,5
1832,,,8,2,2,2,1,69,180,300,2,5
1833,,,9,1,2,1,71,80,420,540,3,5
1834,,,15,2,2,1,29,48,0,300,3,5
1835,,,8,2,2,1,25,91,420,540,4,5
1836,,,10,2,2,2,99,44,180,300,1,5
1837,,,5,1,2,1,85,68,420,540,4,5
1838,,,15,2,2,1,68,2,60,180,2,5
1839,,,6,2,2,2,65,57,60,180,1,5
1840,,,4,1,2,2,95,72,300,600,4,5
1841,,,8,1,2,2,49,100,420,540,1,5
1842,,,9,2,2,2,96,82,420,540,3,5
1843,,,16,2,2,2,1,44,0,300,3,5
1844,,,4,1,2,2,94,45,420,540,3,5
1845,,,5,2,2,1,99,48,60,180,4,5
1846,,,8,2,2,1,100,97,420,540,3,5
1847,,,3,2,2,2,12,18,180,300,1,5
1848,,,9,2,2,1,16,98,420,540,1,5
1849,,,8,2,2,2,56,28,180,300,2,5
1850,,,11,1,2,2,46,79,420,540,2,5
1851,,,16,2,2,2,78,11,300,600,1,5
1852,,,15,2,2,2,34,60,180,300,3,5
1853,,,14,1,2,2,70,33,420,540,4,5
1854,,,7,2,2,1,26,47,180,300,4,5
1855,,,6,1,2,1,63,60,420,540,3,5
1856,,,12,2,2,1,43,18,0,300,3,5
1857,,,4,2,2,1,85,69,0,300,2,5
1858,,,7,1,2,2,55,8,420,540,3,5
1859,,,15,2,2,1,37,2,0,300,4,5
1860,,,2,1,2,1,22,52,300,600,4,5
1861,,,9,2,2,2,18,21,60,180,3,5
1862,,,2,2,2,1,55,68,300,600,3,5
1863,,,8,2,2,1,61,67,420,540,2,5
1864,,,14,2,2,1,3,67,300,600,3,5
1865,,,9,2,2,1,28,31,420,540,3,5
1866,,,14,2,2,2,76,87,420,540,1,5
1867,,,2,1,2,2,20,46,420,540,2,5
1868,,,4,2,2,1,97,54,300,600,4,5
1869,,,6,2,2,1,9,51,420,540,1,5
1870,,,4,1,2,1,38,48,300,600,2,5
1871,,,5,2,2,2,48,37,420,540,4,5
1872,,,16,2,2,1,24,39,60,180,4,5
1873,,,2,1,2,2,36,68,420,540,3,5
1874,,,9,2,2,2,51,99,300,600,3,5
1875,,,6,2,2,2,64,63,300,600,3,5
1876,,,11,1,2,1,88,16,420,540,3,5
1877,,,8,2,2,1,27,67,60,180,3,5
1878,,,16,2,2,1,70,100,60,180,3,5
1879,,,4,2,2,2,68,0,180,300,2,5
1880,,,9,2,2,1,86,84,300,420,2,5
1881,,,11,2,2,2,79,70,420,540,4,5
1882,,,2,1,2,2,28,32,300,600,2,5
1883,,,5,2,2,2,74,3,0,300,2,5
1884,,,13,2,2,1,3,55,180,300,3,5
1885,,,7,2,2,2,79,48,0,300,2,5
1886,,,14,2,2,1,76,55,420,540,1,5
1887,,,13,1,2,2,11,28,300,600,3,5
1888,,,8,2,2,1,18,24,180,300,2,5
1889,,,11,1,2,1,85,82,300,600,4,5
1890,,,12,1,2,2,20,69,420,540,3,5
1891,,,6,2,2,2,89,94,0,300,3,5
1892,,,15,1,2,2,36,9,420,540,4,5
1893,,,9,2,2,1,89,15,180,300,4,5
1894,,,15,2,2,2,12,69,180,300,1,5
1895,,,11,1,2,1,24,71,420,540,4,5
1896,,,7,1,2,1,76,79,300,600,1,5
1897,,,13,2,2,1,22,90,180,300,1,5
1898,,,13,2,2,2,85,98,60,180,4,5
1899,,,11,2,2,1,57,54,180,300,4,5
1900,,,14,2,2,2,94,27,0,300,2,5
1901,,,1,1,2,1,91,31,300,600,2,5
1902,,,8,2,2,2,43,1,60,180,3,5
1903,,,14,2,2,1,96,97,60,180,1,5
1904,,,4,2,2,1,14,51,300,420,1,5
1905,,,7,2,2,2,21,1,60,180,4,5
1906,,,8,2,2,2,45,92,60,180,3,5
1907,,,13,1,2,1,21,40,300,600,3,5
1908,,,3,2,2,2,94,16,420,540,4,5
1909,,,5,1,2,2,70,22,300,600,3,5
1910,,,11,2,2,2,60,2,180,300,4,5
1911,,,9,2,2,2,46,21,300,420,1,5
1912,,,1,1,2,1,71,34,300,600,2,5
1913,,,13,1,2,1,10,80,300,600,2,5
1914,,,9,2,2,1,60,95,420,540,3,5
1915,,,4,1,2,1,92,26,420,540,2,5
1916,,,8,1,2,2,42,41,420,540,2,5
1917,,,7,2,2,1,66,71,0,300,4,5
1918,,,5,1,2,2,17,5,300,600,3,5
1919,,,12,2,2,1,66,10,300,420,4,5
1920,,,9,2,2,2,39,1,180,300,4,5
1921,,,14,1,2,2,69,0,300,600,4,5
1922,,,11,2,2,2,44,87,0,300,1,5
1923,,,15,2,2,2,91,47,300,420,3,5
1924,,,12,1,2,2,95,10,300,600,4,5
1925,,,13,2,2,2,50,1,420,540,4,5
1926,,,14,2,2,2,9,75,0,300,1,5
1927,,,3,2,2,1,71,89,60,180,4,5
1928,,,14,2,2,2,91,35,180,300,3,5
1929,,,1,1,2,2,5,80,420,540,2,5
1930,,,3,2,2,2,100,82,420,540,4,5
1931,,,13,2,2,1,25,90,0,300,1,5
1932,,,11,1,2,2,69,43,420,540,2,5
1933,,,12,1,2,1,73,99,300,600,4,5
1934,,,10,2,2,1,78,45,60,180,2,5
1935,,,8,2,2,1,70,24,300,600,2,5
1936,,,5,2,2,1,21,76,0,300,2,5
1937,,,11,2,2,2,32,90,180,300,2,5
1938,,,3,1,2,2,66,31,300,600,3,5
1939,,,6,2,2,1,40,5,180,300,3,5
1940,,,13,2,2,2,64,10,0,300,1,5
1941,,,9,1,2,1,10,20,420,540,3,5
1942,,,8,1,2,1,61,18,300,600,2,5
1943,,,13,1,2,2,83,63,420,540,1,5
1944,,,15,2,2,1,12,95,180,300,2,5
1945,,,12,2,2,2,71,85,300,420,4,5
1946,,,15,1,2,1,28,59,420,540,2,5
1947,,,11,2,2,2,32,51,60,180,1,5
1948,,,2,1,2,2,73,41,420,540,2,5
1949,,,11,2,2,1,98,35,180,300,2,5
1950,,,7,1,2,2,39,89,420,540,4,5
1951,,,16,2,2,2,59,5,300,420,4,5
1952,,,14,2,2,2,27,20,300,600,2,5
1953,,,7,2,2,2,95,19,420,540,1,5
1954,,,8,2,2,1,94,14,300,420,2,5
1955,,,12,2,2,1,9,90,180,300,2,5
1956,,,6,2,2,1,14,86,420,540,1,5
1957,,,7,2,2,1,15,43,180,300,3,5
1958,,,7,2,2,1,19,74,0,300,4,5
1959,,,17,2,2,1,47,89,420,540,4,5
1960,,,9,1,2,1,87,20,300,600,2,5
1961,,,9,2,2,1,99,29,60,180,4,5
1962,,,15,2,2,1,43,65,180,300,4,5
1963,,,9,2,2,2,54,55,420,540,1,5
1964,,,13,2,2,1,68,60,60,180,3,5
1965,,,14,2,2,1,47,13,180,300,2,5
1966,,,15,2,2,1,72,81,60,180,3,5
1967,,,13,2,2,2,92,15,300,600,2,5
1968,,,4,2,2,2,9,0,0,300,2,5
1969,,,8,2,2,1,59,18,300,600,4,5
1970,,,16,2,2,1,41,7,420,540,4,5
1971,,,5,1,2,1,55,6,420,540,4,5
1972,,,17,2,2,1,70,99,180,300,1,5
1973,,,13,2,2,1,16,73,300,600,1,5
1974,,,6,1,2,2,13,84,420,540,3,5
1975,,,4,2,2,1,34,26,0,300,2,5
1976,,,9,2,2,2,62,40,60,180,1,5
1977,,,14,1,2,1,88,62,300,600,3,5
1978,,,9,1,2,2,55,95,300,600,1,5
1979,,,11,2,2,2,50,6,0,300,1,5
1980,,,5,1,2,1,97,34,300,600,1,5
1981,,,15,2,2,2,70,29,420,540,1,5
1982,,,14,2,2,2,65,67,420,540,1,5
1983,,,9,1,2,2,68,40,420,540,1,5
1984,,,10,2,2,2,54,54,0,300,1,5
1985,,,10,2,2,2,63,7,300,600,4,5
1986,,,11,2,2,2,66,88,60,180,4,5
1987,,,7,2,2,2,33,80,300,600,4,5
1988,,,16,2,2,1,37,69,0,300,3,5
1989,,,11,2,2,1,4,93,180,300,3,5
1990,,,12,2,2,1,79,48,0,300,3,5
1991,,,3,2,2,1,63,2,180,300,4,5
1992,,,12,1,2,1,98,23,420,540,1,5
1993,,,5,2,2,2,72,36,180,300,3,5
1994,,,10,2,2,1,9,15,300,420,3,5
1995,,,16,2,2,2,71,92,300,600,1,5
1996,,,6,2,2,2,77,59,300,600,3,5
1997,,,16,2,2,2,74,30,300,600,1,5
1998,,,2,2,2,2,14,35,420,540,3,5
1999,,,16,2,2,2,28,5,0,300,2,5
2000,,,4,2,2,2,56,76,60,180,2,5
2001,,,7,2,2,1,46,5,420,540,4,5
2002,,,14,1,2,2,22,88,420,540,2,5
2003,,,12,1,2,2,89,49,300,600,4,5
2004,,,6,2,2,1,57,76,420,540,2,5
2005,,,14,2,2,2,74,67,0,300,4,5
2006,,,8,2,2,2,99,60,180,300,3,5
2007,,,16,2,2,1,31,53,300,600,1,5
2008,,,3,2,2,2,54,88,0,300,4,5
2009,,,8,2,2,2,59,72,180,300,2,5
2010,,,10,2,2,1,76,34,60,180,3,5
2011,,,6,2,2,1,86,91,180,300,3,5
2012,,,13,1,2,2,98,25,300,600,3,5
2013,,,11,1,2,2,31,39,420,540,1,5
2014,,,10,2,2,1,92,77,180,300,4,5
2015,,,2,2,2,1,48,54,60,180,4,5
2016,,,5,2,2,2,9,79,180,300,1,5
2017,,,8,1,2,2,93,84,300,600,4,5
2018,,,13,2,2,2,23,63,420,540,1,5
2019,,,11,1,2,2,80,97,420,540,1,5
2020,,,11,2,2,2,48,31,0,300,1,5
2021,,,14,1,2,1,71,58,300,600,3,5
2022,,,7,2,2,2,30,50,60,180,4,5
2023,,,12,2,2,2,17,50,180,300,2,5
2024,,,8,2,2,2,63,29,60,180,4,5
2025,,,5,2,2,2,71,74,180,300,2,5
2026,,,4,2,2,1,62,11,0,300,1,5
2027,,,7,2,2,1,19,8,0,300,3,5
2028,,,14,2,2,2,92,50,420,540,4,5
2029,,,16,2,2,2,17,74,60,180,4,5
2030,,,4,2,2,2,72,34,0,300,2,5
2031,,,9,2,2,2,83,55,60,180,1,5
2032,,,13,2,2,1,11,96,0,300,1,5
2033,,,2,1,2,1,77,98,300,600,4,5
2034,,,14,2,2,2,93,45,0,300,3,5
2035,,,9,2,2,2,74,34,0,300,1,5
2036,,,2,2,2,2,67,33,60,180,1,5
2037,,,7,2,2,1,60,4,300,600,3,5
2038,,,7,2,2,1,73,51,180,300,3,5
2039,,,17,2,2,2,6,71,420,540,4,5
2040,,,10,2,2,2,85,24,420,540,2,5
2041,,,14,1,2,2,69,37,420,540,4,5
2042,,,13,2,2,2,80,57,60,180,3,5
2043,,,11,2,2,2,17,22,60,180,1,5
2044,,,5,2,2,2,99,33,60,180,1,5
2045,,,16,2,2,1,43,89,0,300,1,5
2046,,,11,1,2,2,91,83,420,540,4,5
2047,,,10,2,2,1,98,96,0,300,2,5
2048,,,7,2,2,2,75,59,60,180,2,5
2049,,,9,1,2,1,53,54,420,540,3,5
2050,,,14,1,2,2,2,96,300,600,2,5
2051,,,11,1,2,2,53,28,420,540,1,5
2052,,,4,2,2,2,69,61,0,300,2,5
2053,,,15,2,2,1,85,63,420,540,1,5
2054,,,3,1,2,2,35,41,300,600,4,5
2055,,,3,2,2,1,76,32,300,420,4,5
2056,,,13,1,2,1,78,41,420,540,2,5
2057,,,8,2,2,2,1,8,0,300,4,5
2058,,,11,1,2,2,57,20,300,600,3,5
2059,,,9,2,2,2,54,38,300,600,1,5
2060,,,14,2,2,1,4,6,180,300,2,5
2061,,,4,2,2,1,32,7,180,300,3,5
2062,,,4,2,2,2,91,14,180,300,3,5
2063,,,7,1,2,1,93,33,420,540,4,5
2064,,,9,2,2,1,85,76,0,300,3,5
2065,,,13,2,2,1,58,15,60,180,1,5
2066,,,15,2,2,1,49,0,300,600,4,5
2067,,,11,2,2,2,67,38,420,540,4,5
2068,,,6,2,2,1,85,31,420,540,2,5
2069,,,14,1,2,1,18,84,300,600,1,5
2070,,,10,2,2,2,88,92,0,300,1,5
2071,,,7,2,2,2,2,63,300,600,4,5
2072,,,11,2,2,1,59,94,300,420,3,5
2073,,,3,2,2,1,28,84,420,540,4,5
2074,,,15,2,2,2,28,70,300,420,4,5
2075,,,8,2,2,1,69,11,180,300,3,5
2076,,,13,1,2,2,79,73,300,600,2,5
2077,,,8,1,2,2,18,64,420,540,3,5
2078,,,10,2,2,2,7,0,180,300,2,5
2079,,,5,2,2,1,37,58,60,180,4,5
2080,,,11,1,2,2,80,23,420,540,1,5
2081,,,16,2,2,2,72,98,300,420,3,5
2082,,,4,2,2,1,52,33,180,300,1,5
2083,,,7,1,2,1,30,89,300,600,4,5
2084,,,10,2,2,1,52,18,180,300,4,5
2085,,,15,2,2,1,39,9,300,420,3,5
2086,,,6,2,2,2,79,37,300,420,4,5
2087,,,5,2,2,2,55,49,0,300,2,5
2088,,,13,2,2,2,20,18,60,180,3,5
2089,,,12,2,2,1,30,53,300,420,2,5
2090,,,6,2,2,1,56,88,0,300,2,5
2091,,,11,2,2,1,92,47,180,300,1,5
2092,,,3,2,2,1,69,76,0,300,4,5
2093,,,12,2,2,1,32,95,60,180,4,5
2094,,,10,2,2,1,40,9,0,300,3,5
2095,,,14,2,2,1,64,16,420,540,1,5
2096,,,11,2,2,2,41,62,60,180,2,5
2097,,,3,2,2,1,6,89,0,300,3,5
2098,,,11,2,2,1,8,14,60,180,1,5
2099,,,6,2,2,2,23,37,300,420,4,5
2100,,,4,2,2,1,97,68,300,600,4,5
2101,,,11,2,2,2,44,68,420,540,3,5
2102,,,9,2,2,1,88,37,180,300,3,5
2103,,,4,2,2,2,74,100,0,300,3,5
2104,,,5,2,2,2,4,67,420,540,1,5
2105,,,15,2,2,2,79,71,60,180,1,5
2106,,,13,2,2,2,27,50,0,300,1,5
2107,,,5,2,2,2,47,16,300,420,1,5
2108,,,4,2,2,1,89,8,180,300,3,5
2109,,,14,1,2,1,85,100,420,540,2,5
2110,,,12,1,2,2,33,25,300,600,3,5
2111,,,6,2,2,2,63,68,180,300,1,5
2112,,,16,2,2,1,32,98,0,300,2,5
2113,,,2,2,2,2,99,43,180,300,4,5
2114,,,12,2,2,1,89,73,60,180,1,5
2115,,,6,2,2,2,84,42,0,300,1,5
2116,,,10,2,2,1,38,6,0,300,2,5
2117,,,14,2,2,1,72,31,420,540,1,5
2118,,,8,2,2,1,42,1,420,540,4,5
2119,,,3,2,2,2,30,77,180,300,3,5
2120,,,12,2,2,2,55,19,420,540,2,5
2121,,,8,2,2,1,76,50,0,300,4,5
2122,,,3,2,2,2,22,48,420,540,4,5
2123,,,8,2,2,1,10,5,60,180,1,5
2124,,,10,1,2,2,88,54,420,540,4,5
2125,,,2,2,2,1,37,63,0,300,1,5
2126,,,7,2,2,2,2,8,60,180,4,5
2127,,,12,2,2,1,81,4,60,180,4,5
2128,,,10,2,2,1,6,79,180,300,4,5
2129,,,3,1,2,2,18,41,420,540,3,5
2130,,,9,1,2,1,29,96,300,600,3,5
2131,,,9,2,2,2,90,45,0,300,1,5
2132,,,10,1,2,1,90,17,300,600,1,5
2133,,,10,1,2,2,71,27,420,540,4,5
2134,,,8,2,2,1,46,71,180,300,3,5
2135,,,5,1,2,1,75,47,300,600,3,5
2136,,,9,2,2,2,15,48,0,300,4,5
2137,,,15,2,2,2,0,61,0,300,4,5
2138,,,11,2,2,1,83,17,60,180,4,5
2139,,,6,2,2,1,41,32,300,600,2,5
2140,,,5,2,2,1,31,76,420,540,2,5
2141,,,5,2,2,2,30,78,300,600,3,5
2142,,,14,2,2,2,66,45,60,180,1,5
2143,,,10,2,2,2,5,97,0,300,3,5
2144,,,13,2,2,2,91,17,420,540,2,5
2145,,,10,2,2,2,50,32,180,300,4,5
2146,,,13,2,2,2,98,27,180,300,3,5
2147,,,8,2,2,2,66,80,180,300,4,5
2148,,,12,1,2,1,42,60,420,540,2,5
2149,,,8,2,2,1,48,4,60,180,2,5
2150,,,5,2,2,1,64,93,180,300,1,5
2151,,,13,2,2,1,34,23,300,420,3,5
2152,,,15,2,2,1,83,86,420,540,3,5
2153,,,14,1,2,1,63,30,300,600,4,5
2154,,,10,1,2,2,9,39,300,600,2,5
2155,,,13,2,2,1,38,65,300,420,2,5
2156,,,9,2,2,2,23,36,60,180,4,5
2157,,,12,2,2,1,64,39,420,540,4,5
2158,,,9,2,2,1,3,32,300,600,3,5
2159,,,6,1,2,1,63,56,300,600,4,5
2160,,,5,2,2,1,87,57,180,300,3,5
2161,,,11,2,2,2,34,64,60,180,2,5
2162,,,7,2,2,1,6,48,300,600,3,5
2163,,,3,1,2,1,86,83,420,540,3,5
2164,,,8,2,2,2,24,25,300,420,1,5
2165,,,10,2,2,1,65,15,180,300,1,5
2166,,,12,2,2,2,90,44,300,600,1,5
2167,,,11,2,2,2,95,78,180,300,1,5
2168,,,14,1,2,2,16,48,420,540,1,5
2169,,,6,2,2,2,19,41,180,300,1,5
2170,,,12,1,2,2,43,18,420,540,3,5
2171,,,13,2,2,1,94,87,180,300,1,5
2172,,,16,2,2,2,54,57,180,300,1,5
2173,,,6,1,2,2,97,30,420,540,4,5
2174,,,8,1,2,1,5,17,300,600,3,5
2175,,,8,1,2,2,48,97,300,600,3,5
2176,,,11,2,2,2,1,16,300,600,4,5
2177,,,8,2,2,2,74,36,180,300,1,5
2178,,,8,2,2,2,72,93,180,300,1,5
2179,,,5,2,2,1,81,68,180,300,3,5
2180,,,14,2,2,1,67,20,180,300,4,5
2181,,,13,2,2,1,77,55,180,300,4,5
2182,,,6,2,2,2,21,73,300,420,3,5
2183,,,14,2,2,1,40,72,0,300,1,5
2184,,,6,2,2,1,57,3,0,300,3,5
2185,,,15,2,2,2,66,65,60,180,2,5
2186,,,2,2,2,2,46,89,300,600,3,5
2187,,,3,2,2,1,39,70,180,300,1,5
2188,,,9,1,2,2,14,27,420,540,1,5
2189,,,10,2,2,2,19,51,300,600,1,5
2190,,,3,1,2,2,84,6,420,540,2,5
2191,,,14,2,2,1,37,12,300,600,1,5
2192,,,14,2,2,1,10,25,420,540,1,5
2193,,,5,2,2,1,97,91,0,300,3,5
2194,,,8,1,2,1,68,65,300,600,1,5
2195,,,2,2,2,1,66,11,180,300,2,5
2196,,,12,1,2,1,40,29,300,600,1,5
2197,,,10,2,2,2,20,45,60,180,1,5
2198,,,15,2,2,1,18,9,180,300,3,5
2199,,,15,2,2,1,60,75,60,180,1,5
2200,,,12,1,2,1,26,78,300,600,2,5
2201,,,3,2,2,2,38,11,180,300,2,5
2202,,,11,2,2,2,51,55,60,180,1,5
2203,,,11,1,2,1,17,5,420,540,1,5
2204,,,14,2,2,2,20,33,420,540,1,5
2205,,,17,2,2,1,95,57,420,540,1,5
2206,,,4,2,2,1,28,77,0,300,3,5
2207,,,9,2,2,1,59,70,0,300,4,5
2208,,,6,2,2,2,61,53,420,540,2,5
2209,,,9,1,2,1,4,98,300,600,4,5
2210,,,7,2,2,2,41,33,60,180,1,5
2211,,,16,2,2,2,60,12,60,180,4,5
2212,,,11,2,2,1,47,57,0,300,3,5
2213,,,4,2,2,2,52,70,420,540,2,5
2214,,,12,2,2,1,17,65,300,420,4,5
2215,,,8,1,2,1,77,30,300,600,3,5
2216,,,14,2,2,2,35,49,300,420,3,5
2217,,,2,2,2,2,29,70,180,300,3,5
2218,,,11,2,2,2,89,9,300,420,4,5
2219,,,4,2,2,1,44,49,300,600,2,5
2220,,,10,1,2,1,19,20,420,540,1,5
2221,,,12,2,2,1,38,10,0,300,3,5
2222,,,9,1,2,1,56,100,420,540,1,5
2223,,,14,2,2,2,58,81,420,540,3,5
2224,,,9,1,2,1,46,53,420,540,1,5
2225,,,7,2,2,2,91,55,420,540,1,5
2226,,,6,2,2,2,7,30,300,600,2,5
2227,,,7,1,2,1,89,73,300,600,2,5
2228,,,4,1,2,2,82,36,420,540,4,5
2229,,,6,2,2,1,16,96,300,420,1,5
2230,,,13,2,2,1,26,39,300,600,3,5
2231,,,13,1,2,1,11,0,420,540,4,5
2232,,,3,1,2,2,51,20,420,540,1,5
2233,,,14,2,2,1,59,51,0,300,1,5
2234,,,10,2,2,1,5,10,420,540,1,5
2235,,,7,2,2,2,11,17,60,180,2,5
2236,,,12,1,2,2,83,12,300,600,3,5
2237,,,12,2,2,1,77,21,0,300,4,5
2238,,,5,2,2,2,63,36,300,600,2,5
2239,,,2,2,2,2,45,42,300,600,4,5
2240,,,6,2,2,1,51,38,300,600,4,5
2241,,,5,2,2,1,7,24,180,300,2,5
2242,,,3,1,2,2,34,80,420,540,3,5
2243,,,14,1,2,1,100,22,420,540,1,5
2244,,,10,2,2,2,52,97,180,300,3,5
2245,,,7,2,2,2,11,14,60,180,3,5
2246,,,9,2,2,1,30,43,0,300,4,5
2247,,,13,1,2,1,27,17,300,600,2,5
2248,,,9,1,2,1,7,86,300,600,2,5
2249,,,15,2,2,1,91,4,60,180,2,5
2250,,,7,2,2,2,17,72,0,300,2,5
2251,,,12,2,2,1,16,19,0,300,4,5
2252,,,4,2,2,2,82,28,300,600,3,5
2253,,,7,1,2,1,75,84,300,600,1,5
2254,,,5,2,2,1,7,62,300,600,4,5
2255,,,11,2,2,2,78,53,60,180,1,5
2256,,,12,2,2,1,89,12,420,540,3,5
2257,,,16,2,2,1,20,86,60,180,2,5
2258,,,7,1,2,1,12,79,300,600,2,5
2259,,,4,2,2,1,17,20,300,600,2,5
2260,,,4,1,2,2,18,61,300,600,4,5
2261,,,3,2,2,1,93,60,420,540,1,5
2262,,,7,1,2,2,60,12,300,600,4,5
2263,,,13,2,2,1,65,2,60,180,2,5
2264,,,9,2,2,1,59,7,180,300,3,5
2265,,,3,2,2,1,29,20,300,420,3,5
2266,,,17,2,2,2,90,100,420,540,3,5
2267,,,4,2,2,2,14,15,0,300,3,5
2268,,,15,2,2,2,94,93,420,540,1,5
2269,,,1,1,2,1,99,77,420,540,3,5
2270,,,13,2,2,2,58,35,0,300,1,5
2271,,,6,2,2,2,29,9,60,180,2,5
2272,,,9,2,2,2,53,16,420,540,3,5
2273,,,8,1,2,2,59,7,300,600,3,5
2274,,,13,2,2,2,40,1,0,300,1,5
2275,,,13,2,2,1,13,53,60,180,1,5
2276,,,13,1,2,1,84,36,420,540,1,5
2277,,,14,2,2,1,94,1,420,540,4,5
2278,,,5,2,2,2,1,86,60,180,2,5
2279,,,5,2,2,1,93,29,60,180,1,5
2280,,,16,1,2,1,16,76,300,600,1,5
2281,,,14,1,2,1,15,87,300,600,3,5
2282,,,13,1,2,1,16,19,300,600,4,5
2283,,,9,1,2,2,51,86,420,540,1,5
2284,,,7,2,2,2,79,44,60,180,1,5
2285,,,7,2,2,2,5,50,300,600,1,5
2286,,,6,1,2,2,74,46,300,600,1,5
2287,,,12,2,2,1,67,22,420,540,1,5
2288,,,7,2,2,1,32,28,180,300,1,5
2289,,,7,2,2,1,76,15,180,300,3,5
2290,,,4,2,2,2,98,0,0,300,2,5
2291,,,5,2,2,1,90,35,180,300,1,5
2292,,,5,2,2,1,99,51,300,420,1,5
2293,,,3,2,2,2,59,47,180,300,2,5
2294,,,10,2,2,1,98,74,180,300,4,5
2295,,,14,2,2,1,80,8,180,300,3,5
2296,,,13,2,2,1,90,99,0,300,2,5
2297,,,8,1,2,1,54,48,300,600,2,5
2298,,,14,2,2,1,52,0,180,300,3,5
2299,,,12,2,2,1,71,48,0,300,2,5
2300,,,12,2,2,2,53,82,300,420,2,5
2301,,,5,1,2,1,61,19,300,600,3,5
2302,,,16,2,2,1,37,50,180,300,4,5
2303,,,2,1,2,1,92,26,420,540,4,5
2304,,,15,2,2,1,42,7,180,300,3,5
2305,,,10,1,2,1,69,41,420,540,3,5
2306,,,4,2,2,2,27,0,180,300,1,5
2307,,,12,2,2,1,65,31,60,180,2,5
2308,,,1,1,2,2,19,38,300,600,3,5
2309,,,3,2,2,2,69,17,420,540,3,5
2310,,,15,2,2,2,58,22,0,300,3,5
2311,,,6,2,2,1,29,55,180,300,3,5
2312,,,11,2,2,1,84,76,0,300,1,5
2313,,,4,1,2,2,60,63,420,540,1,5
2314,,,5,2,2,2,62,0,60,180,4,5
2315,,,6,2,2,2,92,66,180,300,2,5
2316,,,3,2,2,1,80,38,60,180,3,5
2317,,,4,2,2,2,37,43,300,600,4,5
2318,,,4,2,2,2,54,48,300,600,4,5
2319,,,10,2,2,1,98,31,180,300,3,5
2320,,,10,2,2,1,41,75,300,420,1,5
2321,,,12,2,2,2,29,35,180,300,1,5
2322,,,15,2,2,1,42,73,0,300,1,5
2323,,,2,2,2,1,7,80,420,540,4,5
2324,,,2,1,2,1,46,41,420,540,2,5
2325,,,16,1,2,1,59,6,420,540,4,5
2326,,,2,2,2,1,75,83,420,540,2,5
2327,,,3,2,2,2,3,35,60,180,4,5
2328,,,12,2,2,1,23,0,60,180,2,5
2329,,,9,1,2,2,97,90,420,540,1,5
2330,,,2,2,2,1,42,100,420,540,3,5
2331,,,9,1,2,2,33,82,300,600,2,5
2332,,,6,2,2,1,30,42,420,540,2,5
2333,,,11,2,2,1,19,63,0,300,2,5
2334,,,4,1,2,2,100,99,420,540,2,5
2335,,,4,2,2,2,74,9,420,540,4,5
2336,,,15,1,2,1,76,98,300,600,3,5
2337,,,11,2,2,1,28,34,60,180,2,5
2338,,,12,2,2,2,82,49,300,420,4,5
2339,,,12,1,2,1,18,2,420,540,3,5
2340,,,11,2,2,1,68,16,0,300,2,5
2341,,,11,1,2,2,61,70,420,540,2,5
2342,,,5,2,2,2,16,49,300,600,4,5
2343,,,11,2,2,1,5,78,180,300,1,5
2344,,,6,2,2,2,48,18,0,300,4,5
2345,,,9,1,2,1,23,54,420,540,1,5
2346,,,16,2,2,1,34,94,420,540,3,5
2347,,,12,2,2,1,100,28,300,600,4,5
2348,,,8,2,2,2,68,90,300,600,1,5
2349,,,4,2,2,2,85,90,420,540,4,5
2350,,,13,1,2,2,66,85,420,540,2,5
2351,,,11,2,2,2,33,20,420,540,4,5
2352,,,15,1,2,2,93,65,300,600,4,5
2353,,,11,1,2,2,59,66,300,600,2,5
2354,,,14,2,2,2,64,36,420,540,4,5
2355,,,12,2,2,2,97,13,60,180,4,5
2356,,,10,1,2,1,74,72,420,540,2,5
2357,,,6,2,2,1,77,72,60,180,4,5
2358,,,6,2,2,2,96,81,180,300,4,5
2359,,,4,2,2,1,20,77,60,180,3,5
2360,,,12,2,2,2,42,9,60,180,3,5
2361,,,8,2,2,2,86,14,300,600,2,5
2362,,,8,1,2,1,4,22,300,600,2,5
2363,,,11,2,2,2,64,91,180,300,1,5
2364,,,8,1,2,1,24,0,300,600,3,5
2365,,,13,2,2,2,6,68,420,540,4,5
2366,,,11,1,2,2,2,56,300,600,3,5
2367,,,7,2,2,1,90,29,0,300,4,5
2368,,,4,2,2,2,19,95,0,300,2,5
2369,,,8,2,2,1,17,42,420,540,2,5
2370,,,12,2,2,2,30,1,180,300,2,5
2371,,,6,2,2,2,62,69,300,420,4,5
2372,,,15,1,2,2,68,37,300,600,3,5
2373,,,7,2,2,2,79,36,420,540,2,5
2374,,,2,2,2,2,33,46,60,180,4,5
2375,,,8,2,2,1,82,11,60,180,2,5
2376,,,12,2,2,2,35,44,60,180,4,5
2377,,,5,1,2,1,16,17,420,540,4,5
2378,,,7,2,2,2,72,93,420,540,3,5
2379,,,14,1,2,1,15,18,300,600,3,5
2380,,,10,2,2,1,6,33,0,300,3,5
2381,,,10,2,2,1,1,32,300,420,2,5
2382,,,6,1,2,2,46,6,300,600,4,5
2383,,,15,2,2,2,40,20,420,540,1,5
2384,,,5,2,2,2,100,71,420,540,4,5
2385,,,3,1,2,2,17,17,300,600,3,5
2386,,,11,2,2,1,29,99,0,300,3,5
2387,,,14,2,2,1,5,51,420,540,1,5
2388,,,9,2,2,2,60,55,0,300,2,5
2389,,,10,2,2,2,39,65,180,300,1,5
2390,,,12,1,2,1,63,87,300,600,1,5
2391,,,14,2,2,2,38,21,0,300,2,5
2392,,,1,1,2,2,69,36,420,540,3,5
2393,,,3,2,2,2,97,65,180,300,2,5
2394,,,11,1,2,1,81,48,300,600,4,5
2395,,,6,2,2,2,39,83,300,600,1,5
2396,,,7,2,2,1,45,40,420,540,3,5
2397,,,15,2,2,1,85,3,420,540,2,5
2398,,,7,2,2,1,23,64,420,540,1,5
2399,,,5,2,2,1,37,73,300,420,1,5
2400,,,10,2,2,1,47,64,180,300,3,5
2401,,,7,2,2,1,66,6,420,540,2,5
2402,,,9,2,2,1,79,72,420,540,2,5
2403,,,6,1,2,1,47,6,300,600,1,5
2404,,,14,2,2,2,16,12,420,540,2,5
2405,,,12,2,2,1,56,61,0,300,4,5
2406,,,15,1,2,2,94,64,420,540,1,5
2407,,,6,2,2,2,53,32,0,300,4,5
2408,,,6,2,2,1,21,12,0,300,4,5
2409,,,17,2,2,2,84,59,0,300,4,5
2410,,,8,1,2,1,38,62,420,540,3,5
2411,,,8,1,2,2,87,53,300,600,1,5
2412,,,10,2,2,1,38,24,420,540,3,5
2413,,,11,1,2,1,94,57,420,540,4,5
2414,,,12,2,2,1,2,39,180,300,3,5
2415,,,12,1,2,2,28,69,300,600,4,5
2416,,,13,2,2,1,15,25,0,300,2,5
2417,,,8,1,2,2,53,37,420,540,1,5
2418,,,6,2,2,2,85,93,0,300,3,5
2419,,,12,2,2,2,28,63,420,540,4,5
2420,,,15,1,2,2,80,84,300,600,1,5
2421,,,4,2,2,1,97,28,180,300,1,5
2422,,,6,2,2,2,42,18,300,420,3,5
2423,,,13,2,2,2,58,89,0,300,3,5
2424,,,7,1,2,1,40,42,300,600,1,5
2425,,,10,1,2,2,48,96,300,600,1,5
2426,,,6,2,2,2,92,65,60,180,4,5
2427,,,13,1,2,1,36,93,420,540,3,5
2428,,,6,2,2,1,93,30,300,600,2,5
2429,,,11,2,2,1,41,92,60,180,1,5
2430,,,12,2,2,2,69,97,0,300,4,5
2431,,,6,1,2,1,21,10,300,600,1,5
2432,,,8,2,2,2,47,61,0,300,1,5
2433,,,9,2,2,1,88,45,60,180,3,5
2434,,,10,2,2,2,81,76,0,300,2,5
2435,,,4,1,2,1,51,98,300,600,4,5
2436,,,10,2,2,1,70,74,300,600,1,5
2437,,,12,2,2,1,41,79,420,540,4,5
2438,,,4,1,2,1,45,2,420,540,4,5
2439,,,3,1,2,1,27,13,420,540,2,5
2440,,,8,1,2,1,56,45,300,600,1,5
2441,,,8,2,2,1,63,92,0,300,1,5
2442,,,6,2,2,2,16,5,0,300,3,5
2443,,,12,2,2,1,69,47,60,180,2,5
2444,,,11,2,2,1,31,15,300,600,3,5
2445,,,3,1,2,1,48,17,300,600,3,5
2446,,,6,2,2,2,58,61,300,600,1,5
2447,,,13,1,2,2,79,88,420,540,1,5
2448,,,12,1,2,2,100,29,420,540,1,5
2449,,,4,1,2,2,93,89,420,540,4,5
2450,,,4,2,2,1,54,54,60,180,2,5
2451,,,12,2,2,2,21,81,60,180,3,5
2452,,,10,2,2,2,47,85,60,180,2,5
2453,,,12,2,2,2,71,33,180,300,4,5
2454,,,6,1,2,1,0,70,300,600,3,5
2455,,,9,2,2,2,93,9,60,180,3,5
2456,,,7,1,2,2,4,85,300,600,4,5
2457,,,5,2,2,2,21,51,60,180,4,5
2458,,,13,2,2,1,9,9,0,300,2,5
2459,,,4,2,2,1,3,68,0,300,2,5
2460,,,2,2,2,1,58,77,420,540,2,5
2461,,,1,1,2,1,43,90,420,540,1,5
2462,,,7,2,2,2,5,60,300,420,4,5
2463,,,10,2,2,1,43,84,60,180,3,5
2464,,,2,1,2,2,67,78,300,600,2,5
2465,,,14,2,2,1,23,61,0,300,2,5
2466,,,3,2,2,1,74,7,180,300,2,5
2467,,,11,2,2,2,98,72,300,420,3,5
2468,,,12,2,2,2,61,37,180,300,2,5
2469,,,5,2,2,1,50,11,420,540,3,5
2470,,,8,2,2,1,33,72,300,420,1,5
2471,,,8,2,2,1,83,64,60,180,3,5
2472,,,7,2,2,2,51,43,300,420,3,5
2473,,,13,2,2,1,30,69,180,300,4,5
2474,,,7,2,2,2,53,94,0,300,2,5
2475,,,15,2,2,2,25,38,300,420,2,5
2476,,,11,2,2,2,50,4,300,600,3,5
2477,,,6,2,2,2,97,11,0,300,3,5
2478,,,6,2,2,1,21,9,0,300,2,5
2479,,,14,2,2,2,79,79,60,180,4,5
2480,,,9,2,2,2,12,36,180,300,3,5
2481,,,5,2,2,2,67,11,60,180,2,5
2482,,,2,2,2,1,41,10,0,300,2,5
2483,,,13,2,2,1,22,18,420,540,2,5
2484,,,1,1,2,1,70,2,420,540,3,5
2485,,,11,2,2,1,17,100,60,180,4,5
2486,,,11,2,2,1,62,19,420,540,4,5
2487,,,13,1,2,2,6,7,420,540,2,5
2488,,,5,2,2,1,76,9,180,300,2,5
2489,,,14,2,2,1,43,39,60,180,4,5
2490,,,13,1,2,1,86,28,300,600,4,5
2491,,,6,2,2,2,94,53,0,300,1,5
2492,,,6,2,2,1,37,61,180,300,3,5
2493,,,3,2,2,2,82,92,0,300,1,5
2494,,,16,2,2,2,6,5,60,180,3,5
2495,,,9,1,2,1,2,38,300,600,1,5
2496,,,6,1,2,2,80,35,420,540,3,5
2497,,,7,2,2,2,7,39,180,300,3,5
2498,,,7,2,2,2,89,22,60,180,3,5
2499,,,14,2,2,2,83,71,0,300,4,5
2500,,,14,2,2,1,6,25,0,300,3,5
2501,,,6,2,2,2,33,91,0,300,3,5
2502,,,7,1,2,2,38,39,300,600,4,5
2503,,,6,2,2,2,63,19,60,180,4,5
2504,,,11,2,2,1,93,53,420,540,2,5
2505,,,15,2,2,2,81,99,300,420,1,5
2506,,,4,1,2,2,72,7,420,540,3,5
2507,,,15,2,2,1,66,82,420,540,4,5
2508,,,11,2,2,1,66,66,180,300,2,5
2509,,,11,2,2,1,68,76,420,540,1,5
2510,,,7,2,2,2,80,35,180,300,2,5
2511,,,5,2,2,2,47,60,300,600,1,5
2512,,,15,2,2,2,90,51,300,600,3,5
2513,,,13,2,2,1,11,65,300,420,1,5
2514,,,3,1,2,2,58,79,300,600,2,5
2515,,,12,2,2,2,70,97,420,540,2,5
2516,,,6,1,2,1,43,91,420,540,1,5
2517,,,7,1,2,1,74,63,300,600,3,5
2518,,,9,2,2,1,2,91,180,300,3,5
2519,,,6,2,2,2,61,10,0,300,3,5
2520,,,12,2,2,1,61,95,180,300,2,5
2521,,,6,2,2,1,42,2,0,300,3,5
2522,,,15,2,2,1,48,53,300,420,4,5
2523,,,16,2,2,2,41,12,420,540,2,5
2524,,,5,1,2,1,98,31,420,540,2,5
2525,,,5,1,2,2,22,29,420,540,3,5
2526,,,10,2,2,2,51,53,180,300,1,5
2527,,,2,1,2,1,41,86,420,540,1,5
2528,,,12,2,2,1,60,9,0,300,1,5
2529,,,13,2,2,2,39,76,180,300,4,5
2530,,,12,2,2,1,80,41,180,300,2,5
2531,,,3,1,2,1,67,80,300,600,1,5
2532,,,7,2,2,2,11,36,180,300,4,5
2533,,,14,2,2,1,57,81,180,300,3,5
2534,,,15,2,2,1,37,21,300,600,4,5
2535,,,2,2,2,1,71,24,420,540,4,5
2536,,,15,2,2,1,3,41,420,540,3,5
2537,,,8,1,2,2,54,63,420,540,1,5
2538,,,15,2,2,2,22,71,420,540,1,5
2539,,,12,1,2,1,54,47,420,540,2,5
2540,,,4,2,2,1,80,42,420,540,2,5
2541,,,12,2,2,2,6,93,0,300,4,5
2542,,,11,2,2,2,78,26,0,300,1,5
2543,,,12,1,2,1,39,92,300,600,1,5
2544,,,5,1,2,1,92,4,300,600,2,5
2545,,,13,2,2,1,55,19,300,420,1,5
2546,,,9,1,2,1,48,81,300,600,1,5
2547,,,13,2,2,2,28,46,300,600,1,5
2548,,,15,2,2,1,87,94,0,300,4,5
2549,,,5,1,2,1,63,90,300,600,4,5
2550,,,4,2,2,2,13,5,300,420,1,5
2551,,,10,1,2,1,38,42,300,600,4,5
2552,,,8,2,2,1,46,100,0,300,3,5
2553,,,13,2,2,1,78,3,0,300,2,5
2554,,,4,2,2,1,57,20,300,600,2,5
2555,,,1,1,2,2,14,64,300,600,2,5
2556,,,5,2,2,2,32,31,300,420,3,5
2557,,,17,2,2,2,61,12,180,300,4,5
2558,,,10,2,2,1,88,25,420,540,3,5
2559,,,14,2,2,1,16,27,180,300,3,5
2560,,,4,2,2,2,90,60,300,420,1,5
2561,,,15,2,2,2,67,28,180,300,4,5
2562,,,6,1,2,2,2,36,420,540,4,5
2563,,,4,2,2,1,46,96,60,180,3,5
2564,,,9,2,2,2,36,74,420,540,2,5
2565,,,13,1,2,1,16,18,420,540,4,5
2566,,,7,2,2,1,35,92,180,300,3,5
2567,,,14,2,2,2,59,79,420,540,2,5
2568,,,11,2,2,2,49,31,300,420,3,5
2569,,,6,2,2,1,71,51,300,420,2,5
2570,,,3,2,2,2,29,78,60,180,2,5
2571,,,10,2,2,2,22,92,0,300,4,5
2572,,,11,2,2,2,67,57,0,300,4,5
2573,,,3,1,2,2,49,15,420,540,4,5
2574,,,9,2,2,2,53,52,0,300,3,5
2575,,,15,2,2,1,87,1,300,420,3,5
2576,,,10,2,2,2,46,33,420,540,1,5
2577,,,9,2,2,2,39,67,300,420,4,5
2578,,,7,1,2,1,9,41,420,540,4,5
2579,,,10,2,2,1,8,42,60,180,3,5
2580,,,10,2,2,1,96,94,60,180,2,5
2581,,,8,2,2,1,12,58,0,300,1,5
2582,,,17,2,2,2,74,5,300,600,3,5
2583,,,11,2,2,2,54,80,0,300,1,5
2584,,,15,2,2,2,56,83,60,180,1,5
2585,,,16,2,2,2,86,50,0,300,4,5
2586,,,8,2,2,2,47,45,180,300,3,5
2587,,,17,2,2,1,90,17,60,180,2,5
2588,,,11,1,2,2,17,7,420,540,1,5
2589,,,15,2,2,1,66,76,60,180,1,5
2590,,,9,2,2,2,90,77,420,540,3,5
2591,,,15,2,2,2,45,59,420,540,1,5
2592,,,16,1,2,2,0,76,420,540,2,5
2593,,,2,2,2,2,100,47,0,300,2,5
2594,,,16,2,2,2,50,11,0,300,4,5
2595,,,11,2,2,1,92,85,0,300,3,5
2596,,,14,1,2,2,74,50,300,600,1,5
2597,,,12,1,2,1,25,38,300,600,1,5
2598,,,9,2,2,1,92,74,60,180,4,5
2599,,,3,1,2,2,67,63,300,600,1,5
2600,,,10,2,2,1,62,14,180,300,2,5
2601,,,2,1,2,2,29,37,420,540,4,5
2602,,,3,2,2,1,16,57,300,600,1,5
2603,,,6,2,2,2,84,34,60,180,2,5
2604,,,8,2,2,1,32,70,300,600,1,5
2605,,,10,1,2,1,86,85,420,540,3,5
2606,,,11,2,2,1,6,32,420,540,1,5
2607,,,16,2,2,1,88,29,420,540,1,5
2608,,,9,2,2,2,71,46,0,300,1,5
2609,,,6,1,2,1,25,1,300,600,1,5
2610,,,5,2,2,1,23,16,180,300,4,5
2611,,,10,1,2,1,89,52,300,600,4,5
2612,,,2,2,2,2,83,54,420,540,1,5
2613,,,5,1,2,2,13,41,420,540,3,5
2614,,,13,1,2,2,82,37,300,600,3,5
2615,,,16,2,2,2,12,23,0,300,3,5
2616,,,4,2,2,1,1,20,60,180,3,5
2617,,,11,2,2,2,83,80,0,300,4,5
2618,,,3,2,2,2,74,97,180,300,3,5
2619,,,4,2,2,1,65,45,0,300,2,5
2620,,,15,1,2,2,98,28,420,540,2,5
2621,,,13,2,2,2,96,61,0,300,4,5
2622,,,5,2,2,1,36,92,180,300,2,5
2623,,,6,2,2,1,71,40,60,180,1,5
2624,,,14,2,2,1,63,4,300,420,4,5
2625,,,8,2,2,2,77,7,300,420,3,5
2626,,,14,1,2,1,7,1,420,540,3,5
2627,,,14,2,2,1,17,40,420,540,1,5
2628,,,10,1,2,1,85,2,420,540,1,5
2629,,,2,2,2,1,48,58,300,420,2,5
2630,,,14,1,2,2,56,34,300,600,2,5
2631,,,13,2,2,1,68,87,300,420,1,5
2632,,,14,2,2,1,15,9,420,540,2,5
2633,,,10,2,2,2,26,21,60,180,3,5
2634,,,8,1,2,2,0,37,420,540,4,5
2635,,,16,1,2,2,81,6,420,540,1,5
2636,,,4,1,2,2,10,77,420,540,4,5
2637,,,10,2,2,2,25,48,0,300,1,5
2638,,,2,2,2,1,16,57,180,300,1,5
2639,,,4,2,2,1,95,71,300,420,2,5
2640,,,2,2,2,1,75,17,180,300,2,5
2641,,,7,2,2,1,73,92,180,300,1,5
2642,,,5,1,2,2,26,7,420,540,2,5
2643,,,5,1,2,1,95,6,300,600,2,5
2644,,,10,2,2,2,4,58,300,420,2,5
2645,,,7,2,2,1,96,91,300,600,3,5
2646,,,4,2,2,1,91,21,180,300,3,5
2647,,,2,2,2,2,63,91,0,300,2,5
2648,,,7,2,2,1,3,49,420,540,2,5
2649,,,10,1,2,1,12,12,420,540,1,5
2650,,,12,2,2,1,15,1,0,300,3,5
2651,,,10,1,2,1,93,71,420,540,1,5
2652,,,11,2,2,2,76,14,0,300,4,5
2653,,,10,2,2,2,5,49,60,180,2,5
2654,,,8,2,2,2,71,97,0,300,2,5
2655,,,9,2,2,1,41,36,60,180,1,5
2656,,,14,2,2,1,36,51,420,540,3,5
2657,,,6,2,2,1,45,52,60,180,1,5
2658,,,7,2,2,2,63,1,0,300,4,5
2659,,,4,2,2,2,74,46,180,300,1,5
2660,,,10,1,2,2,60,89,420,540,1,5
2661,,,5,2,2,1,13,49,0,300,2,5
2662,,,10,2,2,2,36,0,60,180,1,5
2663,,,12,1,2,2,52,49,420,540,3,5
2664,,,14,1,2,2,76,8,420,540,2,5
2665,,,12,2,2,1,55,22,60,180,4,5
2666,,,4,2,2,2,69,51,180,300,4,5
2667,,,6,2,2,1,68,37,0,300,2,5
2668,,,13,2,2,2,35,20,0,300,1,5
2669,,,5,2,2,2,47,30,300,420,1,5
2670,,,4,2,2,1,77,80,60,180,4,5
2671,,,9,2,2,1,9,48,300,420,3,5
2672,,,6,1,2,2,19,56,420,540,4,5
2673,,,5,2,2,2,57,37,180,300,4,5
2674,,,6,2,2,2,40,27,180,300,1,5
2675,,,16,2,2,2,29,61,0,300,3,5
2676,,,5,2,2,1,55,11,60,180,2,5
2677,,,6,2,2,2,60,11,180,300,2,5
2678,,,12,2,2,2,26,97,60,180,3,5
2679,,,3,2,2,2,5,48,300,420,3,5
2680,,,7,2,2,2,73,85,60,180,1,5
2681,,,10,1,2,2,72,63,420,540,2,5
2682,,,8,2,2,1,10,70,420,540,1,5
2683,,,4,2,2,1,44,50,420,540,4,5
2684,,,14,2,2,2,44,47,420,540,3,5
2685,,,5,2,2,2,44,83,300,420,4,5
2686,,,11,2,2,2,28,9,0,300,4,5
2687,,,8,1,2,1,52,40,300,600,4,5
2688,,,5,2,2,1,51,80,180,300,1,5
2689,,,4,2,2,1,98,98,420,540,4,5
2690,,,6,1,2,1,83,79,420,540,1,5
2691,,,12,2,2,1,20,61,0,300,1,5
2692,,,2,2,2,1,50,61,180,300,1,5
2693,,,4,2,2,1,99,62,0,300,1,5
2694,,,8,2,2,1,12,87,0,300,1,5
2695,,,4,2,2,1,31,16,0,300,2,5
2696,,,3,2,2,2,69,77,300,600,1,5
2697,,,10,2,2,2,46,89,300,420,2,5
2698,,,14,1,2,1,2,90,420,540,3,5
2699,,,16,2,2,1,12,55,60,180,4,5
2700,,,6,2,2,1,33,78,420,540,4,5
2701,,,12,2,2,1,29,3,420,540,2,5
2702,,,12,2,2,1,44,29,420,540,4,5
2703,,,15,2,2,1,22,58,0,300,2,5
2704,,,7,2,2,2,23,85,0,300,3,5
2705,,,12,2,2,2,42,18,0,300,4,5
2706,,,8,2,2,2,51,96,300,420,3,5
2707,,,2,2,2,1,47,27,0,300,1,5
2708,,,12,1,2,1,99,7,300,600,4,5
2709,,,10,2,2,2,60,91,60,180,3,5
2710,,,14,1,2,1,77,14,300,600,1,5
2711,,,2,2,2,2,45,58,0,300,2,5
2712,,,3,2,2,2,28,22,180,300,2,5
2713,,,12,2,2,1,49,15,420,540,4,5
2714,,,8,2,2,1,51,38,0,300,1,5
2715,,,9,2,2,1,53,72,300,420,1,5
2716,,,10,1,2,2,81,86,300,600,1,5
2717,,,9,1,2,2,12,44,420,540,4,5
2718,,,11,1,2,1,22,3,300,600,4,5
2719,,,15,2,2,1,47,21,300,600,4,5
2720,,,7,1,2,2,52,3,300,600,4,5
2721,,,4,2,2,2,93,22,300,420,2,5
2722,,,6,2,2,1,51,83,60,180,1,5
2723,,,8,2,2,2,12,30,0,300,3,5
2724,,,16,2,2,1,32,99,300,420,4,5
2725,,,16,1,2,2,81,14,420,540,4,5
2726,,,12,1,2,2,65,32,300,600,4,5
2727,,,15,2,2,1,47,71,180,300,3,5
2728,,,10,2,2,1,2,15,180,300,4,5
2729,,,14,2,2,1,2,50,60,180,2,5
2730,,,8,2,2,2,63,74,60,180,1,5
2731,,,5,2,2,2,62,87,0,300,2,5
2732,,,2,1,2,2,69,78,420,540,3,5
2733,,,12,2,2,1,90,4,300,420,3,5
2734,,,8,2,2,1,92,73,420,540,1,5
2735,,,8,2,2,1,40,30,420,540,3,5
2736,,,8,2,2,2,5,17,300,600,2,5
2737,,,14,2,2,1,96,3,180,300,3,5
2738,,,14,1,2,1,79,79,300,600,2,5
2739,,,13,2,2,1,92,92,60,180,4,5
2740,,,12,2,2,2,65,74,300,420,4,5
2741,,,10,2,2,2,84,0,0,300,1,5
2742,,,7,1,2,2,99,6,420,540,2,5
2743,,,8,2,2,1,52,36,420,540,2,5
2744,,,2,2,2,2,22,94,0,300,2,5
2745,,,12,2,2,2,6,51,0,300,4,5
2746,,,14,2,2,1,79,93,420,540,4,5
2747,,,13,1,2,1,56,49,420,540,4,5
2748,,,4,2,2,1,3,76,0,300,3,5
2749,,,5,2,2,2,45,73,180,300,1,5
2750,,,13,2,2,1,14,81,180,300,3,5
2751,,,14,2,2,1,38,26,60,180,2,5
2752,,,13,1,2,2,39,49,420,540,2,5
2753,,,5,2,2,1,68,15,60,180,1,5
2754,,,5,2,2,1,80,25,180,300,1,5
2755,,,16,1,2,1,55,98,300,600,4,5
2756,,,8,1,2,2,4,53,300,600,1,5
2757,,,13,1,2,2,21,22,300,600,2,5
2758,,,14,2,2,2,77,4,420,540,2,5
2759,,,15,2,2,2,34,20,300,600,1,5
2760,,,4,1,2,1,39,12,420,540,2,5
2761,,,16,2,2,1,46,100,0,300,4,5
2762,,,11,2,2,2,56,65,420,540,3,5
2763,,,9,1,2,2,96,56,420,540,3,5
2764,,,3,2,2,2,84,70,60,180,2,5
2765,,,7,2,2,2,93,25,0,300,2,5
2766,,,13,2,2,2,95,90,180,300,2,5
2767,,,14,2,2,1,95,98,300,420,2,5
2768,,,17,2,2,2,33,14,180,300,3,5
2769,,,13,2,2,2,46,85,420,540,2,5
2770,,,6,2,2,2,50,31,60,180,1,5
2771,,,7,2,2,1,28,30,180,300,3,5
2772,,,4,2,2,2,98,11,300,420,2,5
2773,,,12,2,2,2,17,42,60,180,1,5
2774,,,6,2,2,1,11,23,180,300,1,5
2775,,,14,2,2,2,35,64,180,300,3,5
2776,,,4,2,2,1,75,32,420,540,1,5
2777,,,5,2,2,2,63,2,420,540,3,5
2778,,,11,2,2,1,52,30,180,300,3,5
2779,,,16,1,2,1,36,30,300,600,2,5
2780,,,9,1,2,1,92,89,420,540,1,5
2781,,,6,2,2,1,32,47,180,300,2,5
2782,,,6,2,2,1,32,8,300,600,3,5
2783,,,9,1,2,2,74,31,300,600,3,5
2784,,,3,2,2,1,40,75,0,300,4,5
2785,,,12,2,2,2,85,66,300,600,4,5
2786,,,10,2,2,2,38,46,420,540,4,5
2787,,,7,2,2,2,58,94,180,300,1,5
2788,,,11,2,2,1,35,12,420,540,1,5
2789,,,3,2,2,2,46,36,180,300,4,5
2790,,,8,2,2,2,94,47,300,600,3,5
2791,,,11,2,2,1,29,11,180,300,4,5
2792,,,6,2,2,1,80,80,60,180,2,5
2793,,,15,2,2,2,46,32,300,600,4,5
2794,,,15,2,2,1,67,25,60,180,1,5
2795,,,5,1,2,2,15,64,420,540,2,5
2796,,,11,2,2,1,5,83,420,540,3,5
2797,,,16,2,2,1,60,50,300,600,2,5
2798,,,11,2,2,1,27,16,0,300,4,5
2799,,,15,2,2,2,62,98,420,540,1,5
2800,,,6,2,2,2,24,17,300,600,1,5
2801,,,7,2,2,1,73,98,0,300,4,5
2802,,,4,2,2,2,28,93,180,300,1,5
2803,,,14,2,2,1,69,66,60,180,3,5
2804,,,6,2,2,2,11,82,300,420,1,5
2805,,,13,2,2,1,92,89,0,300,4,5
2806,,,15,2,2,2,62,24,420,540,3,5
2807,,,6,1,2,1,3,11,300,600,1,5
2808,,,4,2,2,2,24,97,0,300,4,5
2809,,,12,2,2,1,4,4,180,300,2,5
2810,,,11,2,2,2,59,32,420,540,4,5
2811,,,7,2,2,2,37,22,180,300,3,5
2812,,,11,1,2,1,49,29,420,540,4,5
2813,,,11,2,2,2,39,46,300,600,2,5
2814,,,10,2,2,1,19,48,60,180,2,5
2815,,,4,2,2,1,81,70,300,600,4,5
2816,,,10,2,2,2,9,19,0,300,1,5
2817,,,7,2,2,2,36,72,300,600,3,5
2818,,,14,2,2,1,67,99,60,180,1,5
2819,,,8,2,2,1,80,57,420,540,1,5
2820,,,15,2,2,2,62,41,0,300,1,5
2821,,,3,1,2,1,10,40,420,540,3,5
2822,,,13,2,2,2,37,34,0,300,4,5
2823,,,13,2,2,1,48,74,300,600,4,5
2824,,,13,2,2,2,5,61,60,180,4,5
2825,,,15,2,2,2,51,88,180,300,2,5
2826,,,14,2,2,2,89,55,60,180,4,5
2827,,,13,2,2,2,93,82,0,300,4,5
2828,,,5,1,2,2,31,99,300,600,3,5
2829,,,5,1,2,2,80,80,420,540,4,5
2830,,,11,2,2,2,47,9,60,180,2,5
2831,,,4,2,2,1,24,73,420,540,1,5
2832,,,7,1,2,1,36,41,420,540,1,5
2833,,,2,2,2,1,54,42,300,600,4,5
2834,,,12,2,2,1,6,2,420,540,4,5
2835,,,14,2,2,1,13,55,0,300,1,5
2836,,,3,1,2,2,52,51,300,600,4,5
2837,,,14,2,2,2,13,26,60,180,2,5
2838,,,11,2,2,1,78,48,0,300,2,5
2839,,,16,2,2,1,13,46,420,540,1,5
2840,,,12,2,2,1,40,97,300,420,4,5
2841,,,8,1,2,1,52,34,300,600,3,5
2842,,,13,2,2,1,46,89,420,540,1,5
2843,,,15,2,2,1,95,8,300,420,1,5
2844,,,4,2,2,2,29,19,420,540,1,5
2845,,,16,2,2,1,43,25,180,300,3,5
2846,,,3,2,2,1,60,53,420,540,1,5
2847,,,16,2,2,2,90,57,180,300,4,5
2848,,,14,2,2,1,55,5,180,300,4,5
2849,,,5,2,2,2,11,5,0,300,2,5
2850,,,10,2,2,1,61,79,60,180,3,5
2851,,,6,2,2,2,3,99,60,180,1,5
2852,,,10,2,2,2,18,46,0,300,1,5
2853,,,8,2,2,1,88,34,180,300,1,5
2854,,,6,2,2,2,34,33,420,540,2,5
2855,,,12,2,2,2,79,19,420,540,3,5
2856,,,9,2,2,2,76,73,0,300,2,5
2857,,,8,2,2,1,28,86,180,300,4,5
2858,,,5,2,2,2,43,84,420,540,4,5
2859,,,8,2,2,1,89,88,180,300,1,5
2860,,,15,2,2,2,73,27,60,180,2,5
2861,,,11,1,2,2,47,18,300,600,2,5
2862,,,15,2,2,2,40,58,420,540,3,5
2863,,,13,1,2,1,63,78,300,600,1,5
2864,,,4,2,2,1,41,98,0,300,1,5
2865,,,15,2,2,1,20,32,60,180,4,5
2866,,,5,1,2,1,44,7,300,600,4,5
2867,,,5,2,2,1,65,52,300,420,1,5
2868,,,16,2,2,1,59,93,180,300,1,5
2869,,,6,1,2,1,38,100,420,540,1,5
2870,,,3,2,2,1,64,30,300,420,4,5
2871,,,13,2,2,2,71,43,420,540,4,5
2872,,,3,2,2,2,36,19,180,300,3,5
2873,,,11,1,2,1,93,13,420,540,4,5
2874,,,5,1,2,1,58,41,420,540,3,5
2875,,,14,2,2,2,17,40,300,600,2,5
2876,,,6,2,2,1,90,70,0,300,1,5
2877,,,11,2,2,1,1,98,300,420,2,5
2878,,,4,2,2,1,21,68,180,300,4,5
2879,,,13,2,2,2,1,57,180,300,1,5
2880,,,14,2,2,2,55,15,0,300,4,5
2881,,,12,2,2,2,56,57,180,300,1,5
2882,,,4,2,2,2,84,44,180,300,2,5
2883,,,7,2,2,1,18,25,0,300,4,5
2884,,,6,2,2,2,57,93,180,300,4,5
2885,,,6,2,2,1,67,15,300,600,2,5
2886,,,15,2,2,1,43,87,180,300,4,5
2887,,,6,1,2,1,58,77,300,600,1,5
2888,,,12,1,2,2,48,70,300,600,4,5
2889,,,16,2,2,2,92,22,180,300,3,5
2890,,,4,2,2,1,20,12,0,300,3,5
2891,,,7,2,2,1,22,37,300,420,2,5
2892,,,9,2,2,2,81,10,60,180,3,5
2893,,,15,1,2,2,23,95,300,600,1,5
2894,,,9,2,2,1,34,79,60,180,3,5
2895,,,13,1,2,2,84,47,420,540,4,5
2896,,,13,1,2,1,82,84,420,540,2,5
2897,,,3,2,2,2,32,54,0,300,2,5
2898,,,9,1,2,2,99,13,420,540,2,5
2899,,,4,2,2,1,33,91,300,420,2,5
2900,,,13,2,2,2,64,90,60,180,3,5
2901,,,12,2,2,1,49,23,420,540,2,5
2902,,,7,2,2,1,68,76,300,420,1,5
2903,,,14,2,2,1,3,12,300,420,4,5
2904,,,15,2,2,1,67,37,300,420,1,5
2905,,,7,2,2,1,27,65,0,300,3,5
2906,,,6,2,2,2,31,62,420,540,3,5
2907,,,8,2,2,1,79,13,60,180,4,5
2908,,,2,1,2,2,85,39,420,540,3,5
2909,,,4,1,2,2,81,97,300,600,3,5
2910,,,7,2,2,2,62,38,180,300,1,5
2911,,,9,2,2,2,40,0,180,300,1,5
2912,,,7,1,2,1,73,26,300,600,2,5
2913,,,6,2,2,2,33,73,60,180,1,5
2914,,,8,1,2,2,91,30,420,540,4,5
2915,,,8,2,2,2,58,99,180,300,4,5
2916,,,15,1,2,1,39,10,420,540,1,5
2917,,,6,2,2,2,76,20,420,540,2,5
2918,,,15,2,2,2,33,70,60,180,1,5
2919,,,11,1,2,2,92,66,300,600,4,5
2920,,,5,2,2,2,49,25,300,600,1,5
2921,,,10,1,2,1,85,92,420,540,4,5
2922,,,3,2,2,2,44,19,60,180,2,5
2923,,,13,2,2,2,61,18,420,540,3,5
2924,,,10,2,2,1,32,93,60,180,3,5
2925,,,8,2,2,1,14,58,300,420,2,5
2926,,,16,2,2,1,73,86,420,540,4,5
2927,,,8,1,2,2,95,51,300,600,4,5
2928,,,3,2,2,2,29,88,300,420,2,5
2929,,,7,2,2,2,44,42,300,600,1,5
2930,,,9,2,2,2,72,60,420,540,1,5
2931,,,5,2,2,1,82,80,180,300,3,5
2932,,,16,2,2,2,93,30,0,300,3,5
2933,,,13,2,2,2,29,22,300,420,4,5
2934,,,5,2,2,2,82,36,60,180,2,5
2935,,,7,1,2,1,32,87,420,540,4,5
2936,,,14,2,2,2,13,81,420,540,3,5
2937,,,2,1,2,1,61,15,300,600,1,5
2938,,,14,2,2,1,9,50,300,420,4,5
2939,,,14,1,2,2,8,92,300,600,3,5
2940,,,1,1,2,2,92,24,420,540,1,5
2941,,,16,1,2,1,94,76,300,600,1,5
2942,,,12,2,2,1,29,76,300,600,4,5
2943,,,13,1,2,1,59,64,420,540,4,5
2944,,,5,2,2,2,37,92,0,300,4,5
2945,,,7,2,2,2,51,72,420,540,2,5
2946,,,10,2,2,1,36,5,180,300,3,5
2947,,,9,2,2,2,34,29,60,180,4,5
2948,,,14,2,2,2,86,3,180,300,4,5
2949,,,1,1,2,2,52,35,300,600,2,5
2950,,,4,2,2,2,52,67,300,600,2,5
2951,,,12,2,2,1,25,52,420,540,3,5
2952,,,6,2,2,2,21,55,420,540,2,5
2953,,,14,2,2,1,46,44,300,600,1,5
2954,,,10,2,2,1,53,100,60,180,1,5
2955,,,5,2,2,1,39,98,60,180,2,5
2956,,,2,1,2,1,16,62,420,540,2,5
2957,,,2,1,2,2,0,29,420,540,3,5
2958,,,8,2,2,1,61,43,300,600,4,5
2959,,,15,2,2,1,34,43,180,300,2,5
2960,,,6,2,2,1,90,33,0,300,1,5
2961,,,10,2,2,2,1,22,0,300,3,5
2962,,,9,2,2,2,75,71,0,300,1,5
2963,,,11,2,2,2,55,17,180,300,1,5
2964,,,2,2,2,2,13,19,180,300,1,5
2965,,,7,2,2,2,7,77,420,540,3,5
2966,,,5,2,2,1,87,90,300,600,1,5
2967,,,3,2,2,2,88,12,60,180,1,5
2968,,,11,2,2,2,63,93,60,180,1,5
2969,,,7,2,2,2,65,24,420,540,1,5
2970,,,9,1,2,2,94,89,420,540,1,5
2971,,,11,1,2,2,62,76,300,600,3,5
2972,,,10,2,2,2,9,56,0,300,4,5
2973,,,4,2,2,2,17,1,0,300,4,5
2974,,,8,2,2,2,42,66,0,300,3,5
2975,,,13,2,2,1,25,28,60,180,2,5
2976,,,17,2,2,1,88,9,180,300,4,5
2977,,,12,2,2,1,5,60,300,420,3,5
2978,,,14,2,2,2,51,70,60,180,4,5
2979,,,14,2,2,1,31,83,420,540,3,5
2980,,,11,1,2,1,6,9,420,540,4,5
2981,,,8,1,2,1,86,20,300,600,1,5
2982,,,11,2,2,1,0,38,420,540,4,5
2983,,,14,2,2,1,21,69,0,300,3,5
2984,,,2,2,2,2,60,67,0,300,3,5
2985,,,13,2,2,2,41,71,0,300,3,5
2986,,,2,2,2,2,45,99,0,300,4,5
2987,,,4,2,2,2,77,10,0,300,4,5
2988,,,8,2,2,1,25,23,420,540,4,5
2989,,,6,2,2,1,63,32,300,420,1,5
2990,,,7,1,2,1,87,0,420,540,3,5
2991,,,8,2,2,1,84,99,60,180,1,5
2992,,,14,2,2,1,58,75,180,300,1,5
2993,,,3,2,2,2,72,70,0,300,2,5
2994,,,4,2,2,1,67,93,0,300,3,5
2995,,,9,1,2,2,29,72,420,540,4,5
2996,,,4,1,2,2,89,39,420,540,3,5
2997,,,8,2,2,1,47,72,420,540,4,5
2998,,,3,1,2,1,59,84,420,540,1,5
2999,,,9,2,2,1,93,40,420,540,2,5
3000,,,3,2,2,1,71,85,180,300,3,5
3001,,,15,2,2,1,17,5,60,180,4,5
3002,,,3,2,2,1,49,78,420,540,1,5
3003,,,17,2,2,2,17,89,180,300,2,5
3004,,,15,2,2,1,34,9,420,540,2,5
3005,,,2,2,2,2,96,13,60,180,3,5
3006,,,11,2,2,1,51,12,60,180,3,5
3007,,,11,2,2,2,23,80,420,540,3,5
3008,,,14,2,2,1,0,22,0,300,2,5
3009,,,3,2,2,1,61,25,420,540,1,5
3010,,,4,2,2,2,55,62,180,300,2,5
3011,,,12,1,2,2,1,81,420,540,1,5
3012,,,17,2,2,1,11,0,60,180,3,5
3013,,,8,1,2,1,28,17,420,540,3,5
3014,,,11,2,2,2,3,62,0,300,1,5
3015,,,11,1,2,2,52,94,420,540,4,5
3016,,,7,2,2,2,82,82,180,300,3,5
3017,,,7,2,2,2,35,90,420,540,1,5
3018,,,11,2,2,1,2,2,300,420,4,5
3019,,,3,1,2,2,16,28,300,600,4,5
3020,,,14,2,2,1,18,50,420,540,2,5
3021,,,15,2,2,2,62,76,420,540,2,5
3022,,,2,1,2,1,83,59,420,540,4,5
3023,,,17,2,2,2,22,13,0,300,2,5
3024,,,7,1,2,2,50,42,300,600,3,5
3025,,,15,2,2,1,58,7,180,300,1,5
3026,,,10,2,2,1,64,23,0,300,3,5
3027,,,5,2,2,2,34,84,420,540,4,5
3028,,,9,2,2,2,42,65,420,540,2,5
3029,,,3,2,2,1,28,11,0,300,1,5
3030,,,7,2,2,1,50,7,0,300,1,5
3031,,,6,2,2,1,45,20,420,540,4,5
3032,,,2,1,2,2,28,60,300,600,4,5
3033,,,13,2,2,1,97,28,180,300,1,5
3034,,,9,2,2,2,45,35,180,300,4,5
3035,,,6,2,2,1,54,38,180,300,1,5
3036,,,10,2,2,2,11,84,60,180,1,5
3037,,,10,2,2,1,4,94,300,600,1,5
3038,,,2,2,2,2,67,99,300,600,4,5
3039,,,17,2,2,2,33,42,180,300,1,5
3040,,,14,2,2,2,61,2,60,180,3,5
3041,,0,1,2,2,1,17,83,60,180,2,5
3042,,0,1,2,2,1,22,92,300,600,1,5
3043,,0,1,2,2,2,42,85,60,180,4,5
3044,,0,1,2,2,1,68,96,300,600,1,5
3045,,0,1,2,2,1,98,21,420,540,4,5
3046,,0,1,2,2,1,41,34,300,600,4,5
3047,,0,1,2,2,1,69,24,180,300,2,5
3048,,0,1,2,2,1,21,38,420,540,2,5
3049,,0,1,2,2,2,92,53,60,180,1,5
3050,,0,1,2,2,2,45,89,180,300,2,5
3051,,0,1,2,2,1,49,76,60,180,2,5
3052,,0,1,2,2,2,24,45,0,300,3,5
3053,,0,1,2,2,2,48,71,0,300,3,5
3054,,0,1,2,2,1,87,81,0,300,3,5
3055,,0,1,2,2,2,39,23,420,540,4,5
3056,,0,1,2,2,2,43,30,180,300,3,5
3057,,0,1,2,2,1,2,58,0,300,4,5
3058,,0,1,2,2,1,33,60,300,600,3,5
3059,,0,1,2,2,1,51,23,300,600,2,5
3060,,0,1,2,2,1,55,91,420,540,3,5
3061,,0,1,2,2,2,0,65,180,300,1,5
3062,,0,1,2,2,1,44,32,180,300,2,5
3063,,0,1,2,2,2,88,56,300,420,2,5
3064,,0,1,2,2,2,24,57,0,300,2,5
3065,,0,1,2,2,2,84,57,180,300,1,5
3066,,0,1,2,2,1,71,90,0,300,4,5
3067,,0,1,2,2,1,100,28,180,300,2,5
3068,,0,1,2,2,2,43,3,300,600,1,5
3069,,0,1,2,2,1,9,88,420,540,1,5
3070,,0,1,2,2,1,96,78,420,540,1,5
3071,,0,1,2,2,2,1,5,0,300,2,5
3072,,0,1,2,2,2,97,28,300,420,4,5
3073,,0,1,2,2,1,83,41,420,540,2,5
3074,,0,1,2,2,2,39,46,420,540,2,5
3075,,0,1,2,2,2,62,54,180,300,2,5
3076,,0,1,2,2,1,35,53,420,540,3,5
3077,,0,1,2,2,2,48,60,60,180,4,5
3078,,0,1,2,2,1,70,29,300,420,2,5
3079,,0,1,2,2,2,77,71,0,300,2,5
3080,,0,1,2,2,2,55,93,420,540,4,5
3081,,0,1,2,2,1,13,98,180,300,3,5
3082,,0,1,2,2,1,71,39,180,300,4,5
3083,,0,1,2,2,2,81,88,420,540,2,5
3084,,0,1,2,2,1,24,39,300,600,3,5
3085,,0,1,2,2,2,6,89,300,600,3,5
3086,,0,1,2,2,2,39,98,0,300,1,5
3087,,0,1,2,2,2,95,13,300,600,4,5
3088,,0,1,2,2,1,38,19,300,420,4,5
3089,,0,1,2,2,1,43,95,300,600,2,5
3090,,0,1,2,2,2,5,1,420,540,2,5
3091,,0,1,2,2,1,58,44,420,540,3,5
3092,,0,1,2,2,1,53,29,300,600,2,5
3093,,0,1,2,2,1,13,31,60,180,3,5
3094,,0,1,2,2,1,81,16,420,540,3,5
3095,,0,1,2,2,1,87,12,300,600,2,5
3096,,0,1,2,2,2,16,84,300,420,3,5
3097,,0,1,2,2,2,38,42,420,540,3,5
3098,,0,1,2,2,2,89,90,420,540,1,5
3099,,0,1,2,2,2,68,55,0,300,4,5
3100,,0,1,2,2,1,22,13,60,180,1,5
3101,,0,1,2,2,2,87,8,180,300,4,5
3102,,0,1,2,2,1,55,71,180,300,1,5
3103,,0,1,2,2,1,3,62,60,180,4,5
3104,,0,1,2,2,2,91,94,420,540,1,5
3105,,0,1,2,2,2,88,94,300,600,1,5
3106,,0,1,2,2,1,54,0,0,300,3,5
3107,,0,1,2,2,2,24,40,300,600,4,5
3108,,0,1,2,2,1,89,13,60,180,3,5
3109,,0,1,2,2,1,35,74,420,540,3,5
3110,,0,1,2,2,1,48,36,300,420,4,5
3111,,0,1,2,2,2,72,43,0,300,3,5
3112,,0,1,2,2,1,16,75,420,540,4,5
3113,,0,1,2,2,1,59,91,180,300,4,5
3114,,0,1,2,2,1,58,1,60,180,1,5
3115,,0,1,2,2,2,8,99,180,300,1,5
3116,,0,1,2,2,1,34,4,300,420,3,5
3117,,0,1,2,2,2,65,31,0,300,3,5
3118,,0,1,2,2,1,10,72,420,540,1,5
3119,,0,1,2,2,1,35,94,420,540,2,5
3120,,0,1,2,2,2,60,91,420,540,4,5
3121,,0,1,2,2,2,47,83,420,540,3,5
3122,,0,1,2,2,1,55,30,180,300,4,5
3123,,0,1,2,2,2,33,56,300,600,1,5
3124,,0,1,2,2,2,50,10,180,300,3,5
3125,,0,1,2,2,1,97,71,60,180,1,5
3126,,0,1,2,2,2,86,45,300,600,3,5
3127,,0,1,2,2,2,70,83,300,420,1,5
3128,,0,1,2,2,2,22,49,420,540,2,5
3129,,0,1,2,2,2,10,37,420,540,1,5
3130,,0,1,2,2,1,4,11,180,300,1,5
3131,,0,1,2,2,2,96,61,420,540,1,5
3132,,0,1,2,2,2,51,38,180,300,2,5
3133,,0,1,2,2,1,82,31,60,180,3,5
3134,,0,1,2,2,1,34,72,300,600,4,5
3135,,0,1,2,2,1,53,16,420,540,4,5
3136,,0,1,2,2,1,25,3,60,180,2,5
3137,,0,1,2,2,2,6,90,60,180,2,5
3138,,0,1,2,2,1,31,53,420,540,2,5
3139,,0,1,2,2,2,38,90,0,300,1,5
3140,,0,1,2,2,1,62,13,420,540,3,5
3141,,0,1,2,2,2,92,84,60,180,4,5
3142,,0,1,2,2,1,8,85,180,300,4,5
3143,,0,1,2,2,1,7,11,420,540,3,5
3144,,0,1,2,2,1,68,66,420,540,2,5
3145,,0,1,2,2,1,59,49,300,600,1,5
3146,,0,1,2,2,2,68,57,300,600,4,5
3147,,0,1,2,2,1,81,92,420,540,1,5
3148,,0,1,2,2,1,42,93,300,420,3,5
3149,,0,1,2,2,2,59,41,300,600,2,5
3150,,0,1,2,2,1,24,11,300,600,2,5
3151,,0,1,2,2,2,96,42,180,300,1,5
3152,,0,1,2,2,1,31,68,0,300,1,5
3153,,0,1,2,2,2,49,77,180,300,3,5
3154,,0,1,2,2,2,69,22,420,540,3,5
3155,,0,1,2,2,1,67,75,300,600,2,5
3156,,0,1,2,2,2,81,6,420,540,1,5
3157,,0,1,2,2,2,45,36,60,180,4,5
3158,,0,1,2,2,2,48,56,60,180,2,5
3159,,0,1,2,2,1,0,64,60,180,2,5
3160,,0,1,2,2,1,93,4,420,540,3,5
3161,,0,1,2,2,1,93,56,420,540,1,5
3162,,0,1,2,2,2,62,58,180,300,4,5
3163,,0,1,2,2,2,15,2,300,600,1,5
3164,,0,1,2,2,2,7,96,420,540,2,5
3165,,0,1,2,2,2,69,69,0,300,2,5
3166,,0,1,2,2,1,83,33,300,600,4,5
3167,,0,1,2,2,2,81,86,180,300,4,5
3168,,0,1,2,2,2,24,76,300,600,3,5
3169,,0,1,2,2,1,46,57,420,540,3,5
3170,,0,1,2,2,2,91,97,180,300,2,5
3171,,0,1,2,2,2,33,92,0,300,1,5
3172,,0,1,2,2,1,23,50,0,300,3,5
3173,,0,1,2,2,1,15,91,180,300,2,5
3174,,0,1,2,2,2,5,28,420,540,4,5
3175,,0,1,2,2,1,4,55,180,300,3,5
3176,,0,1,2,2,2,2,95,420,540,3,5
3177,,0,1,2,2,2,53,75,420,540,4,5
3178,,0,1,2,2,2,92,95,300,600,1,5
3179,,0,1,2,2,1,17,53,180,300,2,5
3180,,0,1,2,2,1,90,19,180,300,3,5
3181,,0,1,2,2,2,48,83,300,420,4,5
3182,,0,1,2,2,2,33,80,60,180,2,5
3183,,0,1,2,2,1,33,20,420,540,1,5
3184,,0,1,2,2,2,84,57,300,420,2,5
3185,,0,1,2,2,1,56,52,420,540,3,5
3186,,0,1,2,2,1,86,11,300,600,3,5
3187,,0,1,2,2,1,63,27,0,300,4,5
3188,,0,1,2,2,1,58,87,420,540,3,5
3189,,0,1,2,2,2,48,55,420,540,4,5
3190,,0,1,2,2,1,76,3,420,540,1,5
