Order,Day-Order,Time-Order,Day-Ops,Service,Type,Origin,X,Y,Early,Latest,Demand,Service Time 
,,,,,0,1,50,100,,,,0
,,,,,1,1,27,36,,,,15
,,,,,1,1,60,24,,,,15
,,,,,0,2,50,100,,,,0
,,,,,1,2,53,67,,,,15
,,,,,1,2,22,33,,,,15
1,1,0,1,1,3,2,17,8,60,180,4,5
2,1,0,1,1,3,2,46,82,60,180,3,5
3,1,0,1,1,3,2,44,70,60,180,3,5
4,1,0,1,2,3,2,27,17,300,420,3,5
5,1,0,1,1,3,2,69,87,60,180,2,5
6,1,0,1,1,3,2,16,52,60,180,3,5
7,1,0,1,1,3,1,86,64,60,180,2,5
8,1,0,1,1,3,1,24,99,60,180,1,5
9,1,0,1,1,3,1,43,8,60,180,4,5
10,1,0,1,2,3,2,81,63,0,300,4,5
11,1,0,1,1,3,1,5,51,60,180,2,5
12,1,0,1,2,3,2,87,28,300,420,3,5
13,1,0,1,1,3,1,41,89,60,180,4,5
14,1,0,1,2,3,1,76,61,300,420,4,5
15,1,0,1,2,3,2,80,15,420,540,1,5
16,1,0,1,1,3,2,94,6,60,180,2,5
17,1,0,1,2,3,2,70,26,60,180,3,5
18,1,0,1,1,3,1,10,56,60,180,2,5
19,1,0,1,2,3,2,97,72,420,540,4,5
20,1,0,1,2,3,2,91,83,180,300,4,5
21,1,0,1,2,3,1,39,82,180,300,1,5
22,1,0,1,2,3,2,5,71,180,300,2,5
23,1,0,1,2,3,1,4,52,60,180,3,5
24,1,0,1,2,3,2,81,29,60,180,4,5
25,1,0,1,2,3,1,73,32,420,540,3,5
26,1,0,1,2,3,2,59,62,420,540,1,5
27,1,0,1,2,3,1,33,33,0,300,1,5
28,1,0,1,1,3,1,81,76,60,180,3,5
29,1,0,1,2,3,1,24,89,180,300,1,5
30,1,0,1,2,3,1,80,90,300,420,2,5
31,1,0,1,2,3,2,39,13,300,600,4,5
32,1,0,1,1,3,1,6,81,60,180,2,5
33,1,0,1,2,3,2,84,92,0,300,2,5
34,1,0,1,2,3,1,84,19,420,540,4,5
35,1,0,1,2,3,2,50,72,0,300,2,5
36,1,0,1,1,3,1,24,99,60,180,3,5
37,1,0,1,2,3,1,29,88,60,180,2,5
38,1,0,1,2,3,1,78,4,60,180,2,5
39,1,0,1,2,3,2,0,24,420,540,4,5
40,1,0,1,2,3,2,6,32,420,540,4,5
41,1,0,1,2,3,2,53,46,300,420,4,5
42,1,0,1,1,3,2,66,4,60,180,1,5
43,1,0,1,2,3,1,44,71,60,180,1,5
44,1,0,1,2,3,1,70,55,300,420,2,5
45,1,0,1,1,3,1,60,50,60,180,1,5
46,1,0,1,2,3,1,25,29,300,420,3,5
47,1,0,1,2,3,1,11,96,180,300,1,5
48,1,0,1,1,3,1,43,34,60,180,3,5
49,1,0,1,2,3,1,97,6,180,300,3,5
50,1,0,1,2,3,2,49,24,300,420,4,5
51,1,0,1,1,3,2,4,7,60,180,1,5
52,1,0,1,1,3,2,57,35,60,180,4,5
53,1,0,1,2,3,1,70,32,60,180,2,5
54,1,0,1,1,3,2,18,9,60,180,3,5
55,1,0,1,2,3,1,9,62,300,600,4,5
56,1,0,1,1,3,2,60,44,60,180,3,5
57,1,0,1,2,3,2,81,43,60,180,1,5
58,1,0,1,2,3,1,78,47,300,420,3,5
59,1,0,1,2,3,2,86,71,300,600,1,5
60,1,0,1,1,3,2,15,12,60,180,1,5
61,1,0,1,1,3,2,4,97,60,180,3,5
62,1,0,1,2,3,1,27,55,420,540,2,5
63,1,0,1,2,3,2,77,39,60,180,2,5
64,1,0,1,2,3,2,43,30,300,600,4,5
65,1,0,1,2,3,2,1,12,60,180,3,5
66,1,0,1,2,3,2,25,47,180,300,2,5
67,1,0,1,2,3,2,47,59,300,420,1,5
68,1,0,1,1,3,1,89,38,60,180,2,5
69,1,0,1,2,3,2,58,63,60,180,3,5
70,1,0,1,2,3,1,77,69,420,540,2,5
71,1,0,1,1,3,2,14,3,60,180,2,5
72,1,0,1,1,3,1,59,71,60,180,2,5
73,1,0,1,2,3,2,68,63,180,300,3,5
74,1,0,1,2,3,2,43,90,0,300,3,5
75,1,0,1,2,3,2,65,95,60,180,3,5
76,1,0,1,2,3,2,46,4,420,540,4,5
77,1,0,1,2,3,1,29,48,420,540,2,5
78,1,0,1,2,3,2,1,73,60,180,2,5
79,1,0,1,1,3,1,44,82,60,180,1,5
80,1,0,1,2,3,1,58,53,180,300,1,5
81,1,0,1,2,3,1,42,93,420,540,3,5
82,1,0,1,1,3,2,91,2,60,180,1,5
83,1,0,1,2,3,1,76,66,420,540,4,5
84,1,0,1,1,3,2,83,29,60,180,2,5
85,1,0,1,2,3,2,33,78,60,180,2,5
86,1,0,1,2,3,1,38,18,180,300,2,5
87,1,0,1,2,3,2,44,43,60,180,1,5
88,1,0,1,2,3,2,100,72,60,180,4,5
89,1,0,1,1,3,1,88,54,60,180,2,5
90,1,0,1,2,3,1,0,7,180,300,2,5
91,1,0,1,2,3,1,42,63,60,180,4,5
92,1,0,1,2,3,2,40,86,420,540,1,5
93,1,0,1,2,3,1,42,85,180,300,4,5
94,1,0,1,2,3,1,41,44,300,420,1,5
95,1,0,1,2,3,1,53,80,0,300,4,5
96,1,0,1,2,3,1,15,17,300,600,4,5
97,1,0,1,2,3,1,3,73,300,420,3,5
98,1,0,1,2,3,1,97,67,0,300,1,5
99,1,0,1,2,3,2,77,75,180,300,3,5
100,1,0,1,2,3,2,39,77,60,180,2,5
101,1,0,1,2,3,2,67,4,60,180,3,5
102,1,0,1,2,3,2,69,68,420,540,1,5
103,1,0,1,2,3,1,74,81,0,300,3,5
104,1,0,1,2,3,2,43,18,420,540,4,5
105,1,0,1,2,3,1,50,50,0,300,1,5
106,1,0,1,1,3,1,68,43,60,180,4,5
107,1,0,1,2,3,1,96,60,420,540,1,5
108,1,0,1,1,3,2,76,99,60,180,4,5
109,1,0,1,2,3,1,58,77,180,300,4,5
110,1,0,1,2,3,1,89,62,300,600,1,5
111,1,0,1,2,3,2,62,62,180,300,2,5
112,1,0,1,1,3,2,55,37,60,180,2,5
113,1,0,1,2,3,1,64,25,300,600,3,5
114,1,0,1,2,3,1,57,83,420,540,4,5
115,1,0,1,2,3,2,13,73,300,600,4,5
116,1,0,1,1,3,2,56,77,60,180,2,5
117,1,0,1,2,3,1,1,80,300,420,3,5
118,1,0,1,2,3,1,91,43,180,300,1,5
119,1,0,1,1,3,1,92,75,60,180,3,5
120,1,221,2,2,3,2,0,48,60,180,1,5
121,1,313,2,1,3,2,63,60,180,300,1,5
122,1,227,2,2,3,2,100,75,420,540,4,5
123,1,391,2,2,3,2,17,70,180,300,2,5
124,1,45,2,2,3,2,23,17,420,540,1,5
125,1,58,2,2,3,2,74,28,420,540,3,5
126,1,396,2,1,3,1,62,72,180,300,4,5
127,1,575,2,1,3,1,11,85,0,300,4,5
128,1,135,2,2,3,2,94,8,180,300,3,5
129,1,253,2,2,3,1,86,15,0,300,3,5
130,1,370,2,1,3,1,67,98,180,300,1,5
131,1,367,2,1,3,2,94,65,60,180,3,5
132,1,189,2,1,3,2,62,95,60,180,1,5
133,1,253,2,1,3,1,30,97,0,300,1,5
134,1,164,2,2,3,2,48,84,0,300,4,5
135,1,126,2,1,3,1,95,67,0,300,1,5
136,1,482,2,1,3,1,77,23,60,180,1,5
137,1,584,2,1,3,1,4,37,0,300,2,5
138,1,401,2,2,3,1,50,67,300,420,4,5
139,1,307,2,1,3,1,48,55,180,300,2,5
140,1,304,2,2,3,1,23,77,60,180,1,5
141,1,169,2,1,3,2,45,75,180,300,1,5
142,1,374,2,1,3,2,95,73,60,180,4,5
143,1,593,2,2,3,2,22,24,0,300,3,5
144,1,321,2,1,3,1,71,43,60,180,4,5
145,1,164,2,2,3,2,93,53,180,300,2,5
146,1,3,2,2,3,2,46,83,420,540,3,5
147,1,428,2,2,3,1,43,8,300,420,1,5
148,1,545,2,1,3,2,56,49,0,300,4,5
149,1,110,2,2,3,2,61,77,180,300,2,5
150,1,505,2,2,3,1,35,55,0,300,3,5
151,7,513,8,1,3,1,86,5,60,180,3,5
152,12,201,13,2,3,2,37,59,420,540,2,5
153,4,512,6,1,3,1,78,60,180,300,1,5
154,4,259,4,2,3,1,62,44,300,600,1,5
155,5,448,6,2,3,1,31,20,0,300,1,5
156,7,386,8,2,3,2,16,59,420,540,4,5
157,7,174,8,2,3,1,15,69,180,300,4,5
158,13,476,14,1,3,2,96,17,60,180,2,5
159,4,600,5,2,3,1,27,13,300,420,2,5
160,10,325,10,2,3,1,47,50,420,540,2,5
161,7,125,8,2,3,2,88,97,0,300,3,5
162,8,163,9,1,3,1,69,74,60,180,1,5
163,13,255,13,2,3,2,8,67,420,540,1,5
164,13,142,14,2,3,1,87,40,180,300,1,5
165,7,526,9,2,3,2,56,77,300,420,2,5
166,11,140,11,2,3,2,55,75,180,300,3,5
167,10,155,11,1,3,2,89,77,180,300,3,5
168,9,105,9,2,3,1,44,60,420,540,3,5
169,13,282,13,2,3,2,17,35,420,540,1,5
170,14,137,15,2,3,1,77,98,0,300,2,5
171,3,21,4,1,3,2,57,11,180,300,3,5
172,8,22,8,2,3,2,53,38,420,540,1,5
173,5,362,5,2,3,1,64,10,420,540,3,5
174,3,219,3,2,3,1,14,30,300,420,3,5
175,13,252,15,2,3,2,38,29,300,420,2,5
176,1,137,2,1,3,1,52,89,180,300,1,5
177,3,157,4,2,3,2,20,10,300,420,2,5
178,9,243,9,2,3,1,98,70,300,600,1,5
179,13,64,14,2,3,1,29,58,420,540,2,5
180,14,438,15,2,3,1,62,2,60,180,4,5
181,9,151,9,2,3,1,51,31,180,300,1,5
182,6,11,6,2,3,2,79,23,180,300,1,5
183,11,454,13,2,3,1,0,87,180,300,4,5
184,10,0,11,2,3,1,57,2,60,180,1,5
185,13,283,13,2,3,2,38,18,420,540,4,5
186,8,328,9,1,3,2,84,55,60,180,3,5
187,13,100,13,2,3,1,32,91,300,420,4,5
188,12,290,12,2,3,1,28,57,300,600,3,5
189,10,189,12,1,3,2,38,65,60,180,3,5
190,7,450,8,1,3,2,75,28,0,300,1,5
191,8,362,8,2,3,2,95,91,420,540,4,5
192,12,590,14,1,3,1,91,6,180,300,1,5
193,7,88,8,2,3,2,22,51,420,540,1,5
194,9,361,10,2,3,2,59,11,60,180,2,5
195,8,40,9,2,3,1,66,90,0,300,2,5
196,3,75,4,2,3,1,35,68,60,180,4,5
197,9,360,10,1,3,2,74,35,180,300,3,5
198,11,564,13,2,3,1,55,51,180,300,4,5
199,13,119,13,1,3,2,87,63,180,300,1,5
200,14,470,16,1,3,1,33,46,180,300,1,5
201,4,550,5,2,3,1,12,82,60,180,2,5
202,3,245,5,2,3,1,60,20,0,300,2,5
203,3,336,3,2,3,1,18,33,420,540,1,5
204,3,282,3,2,3,2,57,7,420,540,4,5
205,2,573,3,2,3,1,50,44,420,540,3,5
206,1,222,1,2,3,2,15,38,420,540,4,5
207,11,353,12,2,3,2,5,48,420,540,1,5
208,7,453,9,2,3,1,86,32,60,180,2,5
209,7,581,9,2,3,2,98,9,180,300,1,5
210,10,269,10,2,3,1,1,46,300,600,2,5
211,7,112,7,1,3,1,30,50,180,300,4,5
212,8,436,9,2,3,1,88,97,300,420,2,5
213,13,54,13,1,3,1,68,47,60,180,2,5
214,4,405,4,2,3,2,15,98,420,540,3,5
215,14,482,15,2,3,2,16,58,300,600,2,5
216,2,408,3,1,3,1,54,15,0,300,4,5
217,6,266,7,2,3,1,43,75,60,180,4,5
218,1,465,3,1,3,1,45,48,0,300,3,5
219,8,42,8,2,3,2,42,16,420,540,4,5
220,7,527,9,2,3,2,100,44,180,300,1,5
221,13,330,14,2,3,1,31,37,0,300,1,5
222,2,209,3,1,3,2,71,38,180,300,1,5
223,8,467,9,1,3,2,1,74,60,180,4,5
224,5,186,5,2,3,1,85,21,420,540,2,5
225,10,341,11,2,3,2,86,75,60,180,2,5
226,14,387,14,2,3,1,50,72,420,540,2,5
227,8,432,9,1,3,2,50,35,180,300,1,5
228,1,264,2,1,3,1,45,64,0,300,2,5
229,7,395,7,2,3,2,68,17,420,540,2,5
230,4,549,5,2,3,1,29,45,0,300,4,5
231,9,195,9,2,3,1,4,0,300,600,2,5
232,1,236,2,1,3,2,74,1,0,300,2,5
233,4,284,5,2,3,1,81,20,0,300,3,5
234,8,478,9,2,3,1,54,69,60,180,4,5
235,11,483,12,2,3,2,78,8,60,180,4,5
236,5,408,5,2,3,1,10,69,420,540,1,5
237,10,307,11,2,3,1,73,77,300,420,1,5
238,3,449,5,1,3,2,97,20,60,180,1,5
239,11,520,13,2,3,2,81,79,60,180,4,5
240,8,204,8,2,3,2,67,23,300,420,3,5
241,1,176,1,2,3,1,69,31,420,540,3,5
242,3,1,4,2,3,1,97,77,420,540,1,5
243,5,264,5,2,3,1,39,14,300,600,4,5
244,2,518,3,1,3,2,74,97,60,180,4,5
245,8,366,8,2,3,2,72,22,420,540,2,5
246,6,315,6,2,3,1,0,90,420,540,4,5
247,7,313,7,2,3,1,8,100,420,540,3,5
248,1,586,2,2,3,1,7,75,60,180,1,5
249,12,237,12,2,3,2,53,99,420,540,4,5
250,5,421,6,2,3,1,8,68,300,600,2,5
251,14,482,16,1,3,2,74,66,60,180,1,5
252,9,400,9,2,3,1,91,55,420,540,1,5
253,3,182,3,2,3,1,47,65,420,540,2,5
254,2,372,3,1,3,2,24,61,60,180,4,5
255,8,369,9,2,3,1,44,24,420,540,1,5
256,12,423,13,1,3,2,63,15,60,180,2,5
257,12,459,13,2,3,2,48,61,0,300,2,5
258,11,561,13,2,3,2,97,33,0,300,1,5
259,8,265,8,2,3,2,92,41,420,540,2,5
260,11,367,11,2,3,1,50,38,420,540,4,5
261,7,398,9,2,3,2,44,15,180,300,2,5
262,2,262,3,2,3,2,79,72,180,300,4,5
263,6,525,8,2,3,1,41,77,300,420,2,5
264,14,156,15,2,3,2,83,12,300,600,1,5
265,6,532,7,1,3,2,65,98,60,180,3,5
266,2,174,3,2,3,2,10,98,420,540,4,5
267,5,263,5,2,3,2,27,59,300,600,2,5
268,6,342,6,2,3,1,7,61,420,540,2,5
269,2,464,4,1,3,1,10,93,60,180,3,5
270,10,52,11,2,3,1,71,36,60,180,4,5
271,5,88,6,2,3,1,66,60,180,300,2,5
272,12,525,14,2,3,1,39,63,300,420,3,5
273,12,115,13,2,3,2,0,32,420,540,1,5
274,13,349,13,2,3,1,3,100,420,540,2,5
275,7,298,8,2,3,1,80,63,420,540,4,5
276,9,460,11,2,3,2,80,16,0,300,3,5
277,3,179,3,2,3,1,55,85,180,300,3,5
278,9,134,10,2,3,1,89,60,300,600,2,5
279,12,20,12,2,3,1,42,38,300,420,1,5
280,12,419,12,2,3,2,29,90,420,540,4,5
281,6,343,6,2,3,1,29,21,420,540,3,5
282,6,74,8,2,3,2,60,46,60,180,2,5
283,2,48,3,2,3,1,62,100,0,300,2,5
284,3,455,5,2,3,2,30,96,60,180,1,5
285,1,208,2,2,3,1,88,27,180,300,4,5
286,8,283,9,2,3,1,19,62,420,540,1,5
287,12,172,12,2,3,1,46,51,180,300,3,5
288,11,595,12,2,3,2,71,44,60,180,2,5
289,3,467,5,1,3,1,84,78,60,180,1,5
290,13,265,13,2,3,2,46,85,300,420,3,5
291,9,548,11,1,3,1,36,60,60,180,3,5
292,4,554,6,2,3,2,18,82,0,300,1,5
293,14,122,15,2,3,2,28,86,60,180,4,5
294,12,549,13,1,3,2,26,16,180,300,2,5
295,6,416,6,2,3,1,15,42,420,540,2,5
296,12,436,14,1,3,2,47,70,0,300,4,5
297,14,84,14,2,3,2,16,84,420,540,1,5
298,9,224,10,2,3,1,36,57,180,300,2,5
299,9,477,10,2,3,1,75,29,420,540,2,5
300,7,241,8,1,3,2,43,43,180,300,1,5
301,7,356,7,2,3,1,85,98,420,540,3,5
302,1,82,2,2,3,1,76,75,420,540,3,5
303,1,38,2,2,3,2,59,58,180,300,1,5
304,2,112,2,2,3,1,8,21,420,540,1,5
305,8,326,8,2,3,1,98,12,420,540,3,5
306,1,423,2,2,3,1,52,10,180,300,2,5
307,6,389,6,2,3,1,89,85,420,540,3,5
308,6,36,7,2,3,1,87,94,300,420,2,5
309,11,466,12,2,3,2,38,59,180,300,4,5
310,14,509,16,2,3,2,71,2,420,540,3,5
311,12,131,13,2,3,2,65,2,60,180,2,5
312,8,418,9,2,3,2,1,37,180,300,2,5
313,1,390,2,2,3,2,39,55,180,300,3,5
314,8,572,9,1,3,2,51,99,180,300,3,5
315,4,310,5,2,3,2,70,51,180,300,1,5
316,10,162,10,1,3,1,89,27,180,300,2,5
317,11,47,12,2,3,2,31,47,180,300,3,5
318,14,471,15,2,3,1,52,50,420,540,4,5
319,12,80,13,2,3,1,22,30,0,300,1,5
320,3,259,4,2,3,1,8,60,60,180,3,5
321,9,534,10,2,3,2,31,54,420,540,3,5
322,10,169,10,2,3,1,36,10,420,540,3,5
323,1,599,2,2,3,2,10,57,180,300,1,5
324,12,454,14,2,3,1,41,55,60,180,3,5
325,2,278,2,2,3,1,61,12,300,600,1,5
326,2,48,3,2,3,2,78,82,0,300,3,5
327,13,421,14,2,3,2,66,32,60,180,1,5
328,3,530,5,2,3,1,73,88,60,180,1,5
329,9,241,10,1,3,2,79,95,180,300,2,5
330,9,152,11,1,3,1,79,95,60,180,4,5
331,4,406,4,2,3,1,4,4,420,540,3,5
332,14,263,15,2,3,2,25,0,0,300,1,5
333,2,30,3,1,3,1,95,33,60,180,1,5
334,1,407,2,2,3,2,23,59,300,600,4,5
335,1,214,1,2,3,1,90,72,420,540,3,5
336,7,130,8,2,3,2,3,42,420,540,1,5
337,9,365,9,2,3,1,88,67,420,540,2,5
338,13,238,13,2,3,1,67,6,300,420,4,5
339,2,554,3,2,3,1,37,94,180,300,2,5
340,6,40,6,2,3,2,98,97,180,300,2,5
341,7,160,7,2,3,1,70,19,300,420,4,5
342,10,242,11,2,3,1,96,31,0,300,2,5
343,5,422,6,2,3,2,10,71,420,540,3,5
344,9,297,9,2,3,2,83,79,420,540,1,5
345,14,277,14,2,3,2,50,43,420,540,1,5
346,13,234,13,2,3,1,92,92,300,600,3,5
347,7,213,8,1,3,1,15,95,0,300,4,5
348,7,353,7,2,3,2,35,61,420,540,1,5
349,7,187,8,1,3,1,97,65,0,300,1,5
350,11,334,11,2,3,1,54,13,420,540,3,5
351,14,534,15,2,3,2,15,75,60,180,1,5
352,12,424,14,1,3,1,100,95,0,300,4,5
353,9,371,9,2,3,2,36,25,420,540,2,5
354,4,320,6,1,3,2,19,66,180,300,3,5
355,12,312,13,2,3,1,59,54,0,300,4,5
356,13,504,14,2,3,2,47,31,180,300,3,5
357,3,473,4,2,3,2,20,28,0,300,4,5
358,11,73,11,1,3,1,43,21,180,300,4,5
359,12,148,13,1,3,2,48,0,0,300,1,5
360,10,145,12,2,3,1,3,37,0,300,1,5
361,5,364,5,2,3,1,45,27,420,540,2,5
362,5,33,5,2,3,2,89,39,300,420,4,5
363,5,95,6,2,3,1,27,47,60,180,2,5
364,8,492,9,2,3,2,18,69,180,300,4,5
365,5,188,5,2,3,2,45,32,300,600,1,5
366,6,185,7,1,3,2,78,56,60,180,1,5
367,5,398,5,2,3,1,4,4,420,540,4,5
368,7,295,7,2,3,1,88,76,420,540,4,5
369,11,497,13,2,3,2,53,100,60,180,2,5
370,7,188,8,2,3,1,68,93,60,180,4,5
371,10,403,10,2,3,2,66,80,420,540,4,5
372,12,173,13,2,3,2,80,40,60,180,1,5
373,7,231,7,2,3,1,6,29,420,540,1,5
374,8,7,8,1,3,2,94,4,60,180,4,5
375,3,414,4,1,3,1,46,94,180,300,3,5
376,10,186,10,2,3,2,23,29,420,540,4,5
377,1,246,1,2,3,2,90,64,420,540,4,5
378,9,145,11,2,3,2,93,73,60,180,2,5
379,12,276,13,2,3,2,73,9,180,300,2,5
380,11,456,13,2,3,2,10,95,300,600,1,5
381,10,208,12,2,3,2,87,86,60,180,1,5
382,9,572,11,1,3,1,40,22,0,300,1,5
383,5,78,5,2,3,2,38,77,180,300,2,5
384,5,53,6,1,3,1,70,98,0,300,4,5
385,14,70,14,2,3,1,38,13,180,300,1,5
386,3,266,5,1,3,2,71,99,60,180,3,5
387,6,332,7,2,3,2,90,33,300,600,3,5
388,12,400,12,2,3,2,28,62,420,540,3,5
389,14,413,15,1,3,1,79,39,0,300,3,5
390,9,50,9,1,3,1,57,23,60,180,1,5
391,10,115,10,2,3,2,44,1,180,300,1,5
392,13,288,13,2,3,1,90,51,420,540,3,5
393,7,278,8,1,3,2,77,11,60,180,1,5
394,1,123,1,2,3,2,50,70,420,540,1,5
395,9,162,10,1,3,1,60,66,180,300,3,5
396,12,396,12,2,3,1,84,20,420,540,4,5
397,13,212,13,2,3,2,39,4,300,420,4,5
398,14,505,16,2,3,1,81,86,180,300,2,5
399,5,520,6,2,3,2,4,20,0,300,3,5
400,11,91,13,2,3,1,92,42,300,600,2,5
401,3,228,4,1,3,2,19,3,180,300,4,5
402,2,488,3,2,3,1,78,56,420,540,2,5
403,9,404,9,2,3,2,44,46,420,540,4,5
404,8,93,8,2,3,2,8,51,420,540,4,5
405,6,201,6,2,3,1,89,84,300,600,3,5
406,3,371,3,2,3,2,84,57,420,540,3,5
407,5,6,5,2,3,1,62,99,180,300,1,5
408,3,452,4,2,3,1,93,94,60,180,2,5
409,14,14,15,1,3,1,72,13,60,180,1,5
410,10,515,11,2,3,1,83,6,0,300,4,5
411,4,528,6,2,3,2,29,57,0,300,1,5
412,12,541,14,1,3,1,37,70,180,300,2,5
413,3,579,5,1,3,2,22,97,0,300,2,5
414,11,496,13,1,3,1,90,56,180,300,1,5
415,14,418,15,1,3,1,75,42,0,300,2,5
416,10,152,11,1,3,1,71,17,60,180,2,5
417,2,353,2,2,3,1,69,70,420,540,4,5
418,13,49,14,2,3,2,5,82,60,180,4,5
419,11,332,11,2,3,2,10,91,420,540,4,5
420,9,428,10,2,3,1,23,30,0,300,2,5
421,9,128,9,2,3,1,30,71,420,540,1,5
422,5,60,6,2,3,2,96,86,60,180,3,5
423,9,197,9,2,3,2,89,96,420,540,4,5
424,5,408,5,2,3,2,22,18,420,540,2,5
425,10,203,10,2,3,2,51,83,420,540,4,5
426,3,295,4,2,3,1,18,57,0,300,2,5
427,14,117,15,2,3,2,38,70,60,180,1,5
428,8,56,9,2,3,2,91,64,420,540,1,5
429,4,581,6,1,3,1,18,77,0,300,2,5
430,6,376,7,1,3,2,36,50,0,300,2,5
431,13,107,14,1,3,2,50,48,0,300,1,5
432,4,111,4,2,3,1,98,53,420,540,4,5
433,13,118,13,2,3,2,67,52,420,540,2,5
434,1,255,1,2,3,2,99,83,420,540,4,5
435,5,416,5,2,3,2,37,91,420,540,2,5
436,10,280,11,1,3,1,45,42,0,300,4,5
437,8,579,9,2,3,1,75,43,300,420,3,5
438,9,98,9,1,3,1,3,38,180,300,1,5
439,13,129,13,2,3,1,91,43,420,540,1,5
440,10,300,10,2,3,2,73,86,300,600,1,5
441,6,240,6,2,3,1,79,34,420,540,2,5
442,14,516,16,2,3,2,100,98,0,300,4,5
443,14,266,14,2,3,2,94,80,300,600,4,5
444,4,379,4,2,3,2,59,4,420,540,4,5
445,6,517,8,2,3,1,59,51,0,300,3,5
446,11,71,11,2,3,1,100,13,300,600,4,5
447,12,550,14,2,3,2,72,13,420,540,3,5
448,1,264,2,2,3,1,46,92,0,300,4,5
449,1,40,2,2,3,2,3,56,60,180,4,5
450,13,416,13,2,3,1,4,56,420,540,4,5
451,13,328,15,2,3,2,15,36,180,300,4,5
452,3,532,4,1,3,2,63,99,0,300,2,5
453,8,85,8,2,3,1,16,75,300,420,2,5
454,6,282,8,2,3,2,60,19,420,540,2,5
455,12,422,13,1,3,2,43,89,60,180,4,5
456,6,395,6,2,3,1,82,71,420,540,2,5
457,6,548,8,2,3,2,72,51,0,300,4,5
458,14,535,16,1,3,2,75,86,180,300,1,5
459,1,292,2,2,3,2,61,93,0,300,2,5
460,5,151,5,2,3,1,8,65,300,600,3,5
461,3,382,3,2,3,1,84,79,420,540,2,5
462,3,96,3,1,3,1,24,21,180,300,4,5
463,14,515,15,1,3,2,40,13,180,300,4,5
464,11,258,11,2,3,1,37,89,300,600,3,5
465,4,232,4,2,3,2,29,28,420,540,2,5
466,11,323,11,2,3,1,29,33,420,540,4,5
467,14,308,16,1,3,1,31,65,0,300,2,5
468,11,461,13,2,3,2,94,41,180,300,2,5
469,1,170,1,1,3,2,76,47,180,300,3,5
470,14,209,14,2,3,2,44,59,300,600,1,5
471,14,277,14,2,3,1,67,44,420,540,4,5
472,10,243,11,2,3,1,43,93,300,600,1,5
473,12,310,13,2,3,1,80,13,60,180,1,5
474,11,27,11,1,3,2,15,11,60,180,4,5
475,1,504,3,1,3,1,63,73,60,180,4,5
476,12,284,12,2,3,2,32,49,420,540,1,5
477,2,6,3,2,3,2,55,50,420,540,2,5
478,4,195,4,2,3,2,84,3,420,540,4,5
479,10,350,10,2,3,1,85,36,420,540,1,5
480,1,600,3,1,3,1,64,90,180,300,4,5
481,4,186,6,1,3,1,59,4,0,300,3,5
482,3,278,4,2,3,1,94,91,300,600,2,5
483,9,10,9,2,3,2,79,13,300,600,3,5
484,11,443,12,2,3,2,88,9,420,540,4,5
485,4,398,4,2,3,2,94,9,420,540,4,5
486,5,214,5,2,3,1,20,45,300,420,3,5
487,10,280,11,1,3,2,34,92,0,300,1,5
488,8,457,9,2,3,2,8,75,180,300,3,5
489,4,30,5,2,3,2,38,42,180,300,1,5
490,3,474,5,2,3,2,60,77,180,300,3,5
491,12,428,14,1,3,2,98,18,0,300,1,5
492,13,575,15,1,3,2,91,48,60,180,2,5
493,12,482,13,1,3,1,56,48,60,180,2,5
494,13,213,13,2,3,1,32,100,300,600,3,5
495,11,302,11,2,3,2,21,30,420,540,1,5
496,14,223,15,2,3,1,54,87,60,180,1,5
497,14,268,15,1,3,1,49,21,180,300,2,5
498,14,180,14,2,3,2,97,68,420,540,2,5
499,4,425,5,2,3,1,66,21,0,300,4,5
500,4,3,4,2,3,2,26,94,60,180,2,5
501,8,468,9,1,3,2,37,7,0,300,2,5
502,4,151,4,1,3,2,56,4,180,300,4,5
503,11,142,12,2,3,1,82,6,420,540,3,5
504,5,329,5,2,3,2,11,86,420,540,3,5
505,14,372,14,2,3,1,23,2,420,540,1,5
506,1,476,3,2,3,2,46,93,420,540,2,5
507,6,105,7,2,3,2,99,12,300,600,4,5
508,12,55,12,2,3,1,68,63,180,300,2,5
509,5,85,5,2,3,2,78,44,300,600,1,5
510,11,301,11,2,3,1,65,71,420,540,4,5
511,7,418,9,1,3,1,31,34,60,180,2,5
512,12,154,13,1,3,2,90,78,180,300,3,5
513,14,505,16,2,3,2,0,89,60,180,3,5
514,8,135,8,2,3,2,76,78,300,600,1,5
515,3,227,3,2,3,1,20,51,420,540,2,5
516,8,293,8,2,3,2,38,48,300,420,3,5
517,13,487,14,2,3,2,23,61,420,540,2,5
518,14,273,14,2,3,1,27,60,300,600,1,5
519,1,307,1,2,3,2,70,98,420,540,3,5
520,11,422,13,1,3,2,2,87,180,300,2,5
521,13,95,14,1,3,1,64,75,60,180,2,5
522,13,34,13,1,3,2,18,94,60,180,1,5
523,8,101,8,1,3,2,90,55,180,300,1,5
524,3,233,3,2,3,1,53,28,420,540,1,5
525,10,49,10,1,3,2,95,14,60,180,1,5
526,6,286,6,2,3,1,71,16,300,420,3,5
527,12,420,13,1,3,2,41,13,60,180,4,5
528,9,599,10,1,3,1,67,44,60,180,3,5
529,2,526,4,1,3,1,34,47,180,300,2,5
530,6,417,6,2,3,1,88,7,420,540,3,5
531,11,238,12,1,3,2,92,49,0,300,3,5
532,6,380,6,2,3,1,28,15,420,540,3,5
533,4,242,4,2,3,1,21,86,420,540,2,5
534,4,191,4,2,3,2,22,21,420,540,2,5
535,13,113,14,1,3,2,3,84,60,180,2,5
536,14,412,14,2,3,1,62,13,420,540,3,5
537,1,150,1,1,3,1,40,46,180,300,1,5
538,12,97,13,2,3,1,29,60,180,300,2,5
539,3,23,3,2,3,1,82,5,180,300,4,5
540,7,36,7,1,3,2,79,64,60,180,4,5
541,8,323,8,2,3,2,80,74,420,540,4,5
542,10,121,10,1,3,1,68,63,180,300,1,5
543,11,115,12,2,3,2,51,59,0,300,2,5
544,8,567,9,1,3,2,93,97,0,300,2,5
545,4,119,4,1,3,2,86,14,180,300,2,5
546,8,276,8,2,3,2,62,51,420,540,3,5
547,8,14,8,1,3,1,1,8,60,180,4,5
548,1,276,2,2,3,1,18,92,300,600,4,5
549,7,129,7,2,3,2,99,31,420,540,4,5
550,5,169,5,1,3,1,55,81,180,300,4,5
551,2,306,2,2,3,2,74,75,420,540,2,5
552,11,554,13,2,3,2,26,90,180,300,3,5
553,9,193,9,2,3,2,25,35,300,420,3,5
554,7,251,8,1,3,1,52,39,0,300,1,5
555,6,425,8,1,3,2,56,67,180,300,2,5
556,12,86,12,2,3,1,12,80,420,540,3,5
557,10,382,11,2,3,1,88,80,60,180,1,5
558,3,582,5,2,3,1,87,56,0,300,4,5
559,6,501,7,1,3,1,54,2,60,180,4,5
560,11,220,12,1,3,2,15,52,60,180,2,5
561,1,547,3,2,3,1,79,100,420,540,3,5
562,4,510,5,1,3,1,62,34,60,180,1,5
563,3,481,4,2,3,2,41,100,300,600,3,5
564,12,200,12,2,3,1,47,44,300,600,2,5
565,1,236,1,2,3,1,38,98,420,540,2,5
566,1,93,1,2,3,2,27,15,180,300,4,5
567,13,329,13,2,3,1,64,16,420,540,2,5
568,7,160,7,1,3,1,92,27,180,300,1,5
569,1,40,1,2,3,1,20,63,60,180,2,5
570,4,416,5,2,3,1,21,78,180,300,4,5
571,8,492,9,1,3,1,40,25,180,300,1,5
572,8,486,10,1,3,2,81,37,60,180,1,5
573,1,336,2,2,3,1,20,10,0,300,3,5
574,1,464,2,2,3,2,50,34,0,300,3,5
575,11,176,11,2,3,1,29,89,180,300,2,5
576,10,144,11,2,3,1,57,34,420,540,1,5
577,7,385,7,2,3,2,96,80,420,540,2,5
578,10,64,10,1,3,1,92,57,180,300,4,5
579,13,526,15,2,3,1,94,93,300,420,1,5
580,8,471,9,2,3,2,70,44,300,600,4,5
581,8,296,9,2,3,2,2,37,0,300,4,5
582,10,514,11,2,3,1,82,90,420,540,1,5
583,6,29,6,2,3,2,89,34,420,540,4,5
584,4,516,5,1,3,2,90,35,60,180,2,5
585,14,334,15,1,3,1,6,1,180,300,1,5
586,7,5,8,2,3,2,84,100,0,300,1,5
587,11,287,11,2,3,2,40,86,420,540,2,5
588,7,127,8,2,3,2,59,45,420,540,4,5
589,13,487,15,2,3,2,69,46,60,180,3,5
590,2,36,2,2,3,2,19,99,300,600,3,5
591,10,575,12,2,3,2,83,49,0,300,1,5
592,3,165,3,2,3,1,97,48,180,300,2,5
593,9,514,11,1,3,1,3,42,60,180,4,5
594,8,323,8,2,3,2,93,29,420,540,3,5
595,7,416,7,2,3,1,100,40,420,540,2,5
596,3,53,3,2,3,2,90,73,60,180,2,5
597,10,311,11,1,3,1,45,19,60,180,3,5
598,3,94,3,1,3,1,6,14,180,300,1,5
599,9,524,11,1,3,2,50,99,0,300,2,5
600,13,288,13,2,3,2,9,82,300,420,3,5
601,4,359,4,2,3,2,91,79,420,540,4,5
602,7,585,8,2,3,1,4,52,0,300,4,5
603,6,75,7,2,3,2,16,75,420,540,2,5
604,2,97,2,2,3,1,36,58,180,300,1,5
605,5,432,6,1,3,1,81,73,60,180,2,5
606,10,519,12,2,3,2,91,58,300,420,3,5
607,7,310,7,2,3,2,2,69,420,540,1,5
608,13,192,13,2,3,2,19,82,300,600,1,5
609,10,531,12,2,3,1,40,48,0,300,3,5
610,3,271,3,2,3,2,29,67,300,420,4,5
611,7,427,8,1,3,2,58,31,180,300,4,5
612,2,273,2,2,3,1,56,4,300,420,1,5
613,6,192,8,2,3,2,89,4,60,180,4,5
614,9,268,10,1,3,2,92,68,60,180,4,5
615,5,422,6,1,3,1,55,25,0,300,4,5
616,8,123,9,2,3,2,94,38,300,420,3,5
617,8,515,10,2,3,1,33,34,300,600,2,5
618,10,192,11,1,3,1,1,0,60,180,1,5
619,1,218,2,2,3,1,78,81,420,540,4,5
620,4,314,4,2,3,1,73,62,420,540,1,5
621,2,41,2,1,3,1,75,0,60,180,2,5
622,7,582,8,2,3,1,90,39,0,300,4,5
623,5,307,5,2,3,2,3,22,420,540,4,5
624,9,466,10,2,3,1,88,68,180,300,1,5
625,13,447,14,1,3,2,83,15,60,180,1,5
626,9,544,11,2,3,2,54,63,180,300,4,5
627,2,483,3,2,3,2,74,25,60,180,4,5
628,9,272,10,2,3,2,62,85,420,540,1,5
629,11,161,11,2,3,1,70,46,420,540,1,5
630,7,513,9,2,3,2,88,68,180,300,2,5
631,9,90,9,1,3,1,29,94,180,300,2,5
632,13,316,14,2,3,1,49,99,0,300,2,5
633,6,297,7,1,3,2,83,5,180,300,3,5
634,7,251,8,2,3,1,24,7,0,300,1,5
635,8,14,8,2,3,2,97,29,0,300,2,5
636,2,175,2,2,3,1,42,82,180,300,4,5
637,2,24,2,1,3,1,51,24,60,180,3,5
638,7,44,7,1,3,1,5,6,60,180,1,5
639,7,42,7,1,3,2,4,48,60,180,3,5
640,2,209,4,2,3,1,100,84,180,300,3,5
641,12,328,13,1,3,2,63,75,60,180,2,5
642,5,571,7,2,3,1,31,96,60,180,3,5
643,12,138,12,2,3,2,63,19,420,540,2,5
644,7,552,9,2,3,2,79,72,0,300,2,5
645,14,397,14,2,3,1,99,17,420,540,3,5
646,4,111,4,2,3,1,26,59,180,300,3,5
647,13,283,14,2,3,2,77,6,180,300,4,5
648,10,401,11,2,3,1,6,89,420,540,1,5
649,10,541,12,1,3,1,81,92,60,180,2,5
650,7,500,8,1,3,1,99,23,0,300,2,5
651,8,169,8,2,3,1,5,56,420,540,4,5
652,13,458,14,2,3,2,49,26,60,180,4,5
653,1,253,1,2,3,1,91,9,300,600,3,5
654,2,173,2,2,3,2,9,88,300,600,2,5
655,8,429,9,1,3,1,64,92,0,300,2,5
656,1,287,1,2,3,2,14,26,420,540,2,5
657,2,191,2,2,3,1,65,9,300,420,4,5
658,8,551,9,1,3,1,29,56,60,180,3,5
659,10,50,11,1,3,2,14,52,0,300,4,5
660,2,296,2,2,3,1,69,20,300,600,3,5
661,3,75,4,2,3,1,51,20,300,420,3,5
662,13,337,13,2,3,1,83,12,420,540,2,5
663,5,314,5,2,3,1,64,66,420,540,2,5
664,12,467,13,2,3,1,69,54,180,300,3,5
665,2,4,2,2,3,1,37,16,300,600,1,5
666,13,120,13,2,3,1,49,11,300,420,3,5
667,13,484,15,2,3,2,53,13,300,420,3,5
668,7,287,7,2,3,1,37,16,420,540,4,5
669,3,216,3,2,3,1,10,16,420,540,3,5
670,2,424,4,2,3,2,79,23,180,300,4,5
671,14,197,14,2,3,2,51,48,300,420,3,5
672,2,577,4,2,3,2,38,32,420,540,4,5
673,7,175,7,2,3,1,14,52,180,300,3,5
674,1,600,2,1,3,1,92,3,180,300,4,5
675,5,496,7,2,3,1,83,5,300,420,2,5
676,3,295,4,1,3,2,19,33,180,300,1,5
677,2,95,2,1,3,2,84,33,180,300,1,5
678,7,201,7,2,3,1,58,29,300,600,1,5
679,6,541,7,2,3,1,33,5,180,300,1,5
680,10,387,11,2,3,1,3,32,60,180,4,5
681,9,573,11,1,3,1,24,41,60,180,4,5
682,11,394,12,2,3,1,4,24,420,540,3,5
683,6,21,7,1,3,2,62,90,180,300,1,5
684,12,329,12,2,3,2,87,9,420,540,2,5
685,13,540,15,2,3,1,0,34,0,300,4,5
686,10,204,11,2,3,1,55,60,300,420,2,5
687,2,38,2,1,3,2,21,51,60,180,3,5
688,3,130,3,2,3,1,26,61,300,600,4,5
689,7,592,8,1,3,2,94,14,180,300,2,5
690,3,488,5,2,3,1,18,42,0,300,3,5
691,8,327,9,2,3,1,58,83,300,600,4,5
692,4,240,4,2,3,2,75,51,420,540,2,5
693,3,95,4,2,3,2,100,27,420,540,3,5
694,1,545,2,2,3,1,90,33,420,540,1,5
695,9,467,11,1,3,2,52,78,180,300,4,5
696,13,235,13,2,3,1,17,52,300,600,1,5
697,6,288,7,2,3,2,64,53,180,300,3,5
698,4,262,5,2,3,2,54,44,420,540,2,5
699,5,91,5,1,3,2,83,40,180,300,1,5
700,9,276,9,2,3,1,35,63,300,600,3,5
701,13,270,15,2,3,1,10,16,300,600,3,5
702,2,94,3,1,3,2,75,63,180,300,4,5
703,12,368,12,2,3,2,60,59,420,540,4,5
704,9,93,10,1,3,1,72,70,60,180,3,5
705,14,267,14,2,3,2,97,8,420,540,4,5
706,6,122,7,1,3,2,27,19,180,300,2,5
707,10,592,12,2,3,2,22,83,60,180,3,5
708,11,497,12,2,3,2,96,88,300,600,3,5
709,14,17,14,2,3,1,29,16,180,300,2,5
710,4,586,6,2,3,2,7,8,420,540,4,5
711,6,512,8,1,3,1,34,84,180,300,1,5
712,7,173,7,2,3,1,79,13,420,540,3,5
713,4,108,4,2,3,2,14,47,180,300,3,5
714,6,394,6,2,3,2,72,49,420,540,2,5
715,14,60,14,2,3,1,84,33,300,600,1,5
716,2,589,4,2,3,2,82,89,60,180,2,5
717,4,98,4,2,3,2,74,6,420,540,1,5
718,1,312,1,2,3,1,86,90,420,540,4,5
719,14,164,15,1,3,2,18,8,60,180,4,5
720,10,69,10,2,3,2,99,78,180,300,1,5
721,3,143,4,2,3,2,30,10,300,420,2,5
722,4,395,5,1,3,1,97,17,180,300,3,5
723,4,592,6,2,3,1,8,29,420,540,1,5
724,7,533,8,2,3,2,47,14,60,180,3,5
725,13,355,13,2,3,1,84,41,420,540,3,5
726,1,55,1,2,3,1,51,62,180,300,1,5
727,13,328,14,1,3,2,30,53,0,300,4,5
728,7,507,8,2,3,1,57,81,0,300,2,5
729,2,519,4,2,3,2,17,35,420,540,1,5
730,11,568,12,1,3,2,43,66,180,300,3,5
731,2,212,2,2,3,1,25,5,420,540,1,5
732,2,441,3,2,3,2,74,51,300,420,1,5
733,10,418,10,2,3,2,16,83,420,540,4,5
734,3,183,3,2,3,1,19,90,420,540,3,5
735,5,506,6,2,3,2,75,91,180,300,4,5
736,4,175,4,2,3,2,54,29,420,540,1,5
737,5,80,6,2,3,1,54,30,180,300,4,5
738,3,173,3,2,3,2,65,34,420,540,1,5
739,12,134,12,1,3,1,99,67,180,300,2,5
740,6,167,6,2,3,1,40,1,300,600,4,5
741,2,521,3,2,3,1,43,93,300,420,2,5
742,12,192,13,2,3,2,30,50,420,540,1,5
743,12,66,12,2,3,1,54,75,300,420,1,5
744,8,211,9,2,3,2,17,33,60,180,4,5
745,7,599,8,2,3,2,21,17,180,300,1,5
746,3,516,5,2,3,2,7,37,0,300,4,5
747,3,32,3,2,3,1,27,88,300,600,1,5
748,6,91,6,1,3,1,60,3,180,300,2,5
749,1,230,1,2,3,2,92,41,300,420,4,5
750,3,446,4,1,3,2,7,50,60,180,1,5
751,4,250,4,2,3,1,72,56,420,540,1,5
752,10,546,12,2,3,1,8,24,420,540,4,5
753,3,169,3,1,3,1,41,60,180,300,4,5
754,1,434,2,1,3,1,56,46,0,300,3,5
755,10,255,10,2,3,2,30,50,420,540,1,5
756,5,382,6,2,3,1,13,82,180,300,4,5
757,13,172,14,1,3,1,97,46,60,180,3,5
758,4,207,5,2,3,1,52,92,420,540,4,5
759,13,589,14,1,3,1,46,52,0,300,3,5
760,11,289,12,1,3,2,72,47,180,300,1,5
761,8,41,9,1,3,2,15,3,0,300,1,5
762,7,134,8,2,3,2,82,71,0,300,4,5
763,4,147,4,2,3,2,71,67,300,600,3,5
764,11,496,12,1,3,2,56,38,60,180,3,5
765,3,218,3,2,3,1,37,78,420,540,3,5
766,5,56,5,2,3,2,88,40,0,300,1,5
767,6,197,6,2,3,1,66,71,420,540,2,5
768,10,12,10,2,3,1,34,37,0,300,3,5
769,11,419,12,1,3,1,55,23,60,180,4,5
770,6,261,7,2,3,1,49,20,420,540,1,5
771,8,348,9,2,3,2,93,43,180,300,2,5
772,5,390,6,2,3,1,3,63,60,180,1,5
773,1,569,2,2,3,2,43,13,60,180,4,5
774,4,49,5,2,3,2,14,72,180,300,4,5
775,10,477,12,2,3,1,12,89,420,540,4,5
776,1,582,2,1,3,2,70,21,60,180,4,5
777,7,369,8,2,3,1,74,17,60,180,2,5
778,2,55,3,2,3,2,1,98,180,300,3,5
779,5,364,5,2,3,1,9,40,420,540,1,5
780,3,314,4,2,3,2,31,93,0,300,1,5
781,4,466,6,1,3,2,93,38,60,180,2,5
782,13,217,13,2,3,2,92,4,300,420,4,5
783,6,298,6,2,3,1,77,33,300,600,2,5
784,5,87,5,1,3,1,40,75,180,300,2,5
785,13,364,13,2,3,1,57,51,420,540,1,5
786,14,556,15,1,3,1,94,15,60,180,1,5
787,7,247,8,2,3,2,15,28,180,300,2,5
788,2,221,3,2,3,2,43,78,60,180,2,5
789,3,517,5,1,3,1,15,31,0,300,4,5
790,6,52,8,2,3,2,14,84,180,300,2,5
791,7,380,7,2,3,2,73,17,420,540,2,5
792,6,108,7,2,3,1,17,5,300,600,2,5
793,2,495,3,2,3,1,0,21,60,180,3,5
794,5,9,6,2,3,2,72,79,60,180,1,5
795,5,513,6,2,3,2,32,71,420,540,2,5
796,12,398,12,2,3,2,4,12,420,540,2,5
797,2,258,2,2,3,1,31,75,300,420,4,5
798,12,560,13,1,3,2,35,34,0,300,2,5
799,2,133,2,2,3,1,84,40,180,300,4,5
800,8,344,8,2,3,2,73,81,420,540,3,5
801,7,14,8,1,3,2,22,62,180,300,2,5
802,2,237,3,2,3,1,69,82,60,180,3,5
803,2,496,3,2,3,1,49,97,300,600,4,5
804,4,415,5,1,3,2,30,61,180,300,3,5
805,11,489,12,2,3,2,85,64,180,300,3,5
806,4,404,4,2,3,2,29,44,420,540,1,5
807,13,590,15,2,3,2,31,80,300,600,2,5
808,8,385,8,2,3,2,56,94,420,540,4,5
809,10,221,11,2,3,2,78,95,60,180,4,5
810,9,391,10,2,3,1,45,52,60,180,1,5
811,2,454,3,2,3,2,87,83,180,300,2,5
812,4,290,4,2,3,1,55,71,420,540,3,5
813,11,484,12,2,3,2,57,33,180,300,2,5
814,12,299,12,2,3,2,76,89,300,420,3,5
815,10,128,10,1,3,1,84,39,180,300,2,5
816,14,532,15,2,3,2,100,88,300,600,2,5
817,12,526,14,2,3,1,83,36,300,420,4,5
818,9,233,9,2,3,2,37,92,420,540,2,5
819,1,266,2,2,3,1,50,41,180,300,2,5
820,3,382,3,2,3,2,9,48,420,540,1,5
821,4,230,4,2,3,2,22,63,420,540,4,5
822,5,207,5,2,3,1,48,64,300,600,4,5
823,7,383,7,2,3,2,39,73,420,540,3,5
824,6,357,6,2,3,2,92,23,420,540,3,5
825,12,507,13,2,3,1,78,84,0,300,2,5
826,11,484,12,1,3,2,72,90,0,300,2,5
827,7,572,9,1,3,2,37,29,60,180,1,5
828,7,239,7,2,3,1,24,28,300,600,4,5
829,12,58,12,2,3,2,59,41,180,300,1,5
830,3,117,4,2,3,1,50,50,300,420,2,5
831,6,112,7,1,3,1,59,85,180,300,1,5
832,12,3,12,2,3,2,68,50,420,540,3,5
833,10,525,12,2,3,1,91,70,180,300,3,5
834,12,570,13,2,3,2,63,85,420,540,1,5
835,9,9,10,2,3,2,34,21,180,300,1,5
836,10,221,11,1,3,2,94,63,180,300,4,5
837,4,354,4,2,3,1,14,65,420,540,4,5
838,9,130,10,1,3,2,39,78,0,300,1,5
839,4,411,4,2,3,2,84,54,420,540,2,5
840,11,552,12,2,3,1,81,97,0,300,1,5
841,4,514,5,1,3,2,1,15,60,180,2,5
842,12,591,14,2,3,2,70,85,420,540,2,5
843,5,347,6,2,3,2,93,44,0,300,3,5
844,2,507,3,1,3,1,50,39,0,300,1,5
845,2,200,3,2,3,2,19,5,180,300,4,5
846,5,156,5,1,3,1,8,35,180,300,4,5
847,7,22,8,1,3,1,26,95,0,300,2,5
848,4,150,6,2,3,2,4,74,300,420,1,5
849,1,549,3,2,3,2,49,99,180,300,4,5
850,4,453,5,2,3,2,56,75,180,300,2,5
851,10,443,12,2,3,2,89,83,180,300,4,5
852,4,531,6,2,3,1,61,94,180,300,4,5
853,2,389,2,2,3,1,27,2,420,540,3,5
854,3,228,4,2,3,1,91,75,0,300,3,5
855,4,551,6,2,3,2,18,80,420,540,3,5
856,14,401,14,2,3,1,62,79,420,540,2,5
857,12,120,13,1,3,1,74,23,60,180,1,5
858,7,276,8,1,3,2,4,3,180,300,3,5
859,4,114,5,1,3,1,81,14,0,300,2,5
860,5,544,6,2,3,1,32,33,60,180,2,5
861,12,171,13,2,3,1,8,81,60,180,3,5
862,12,226,12,2,3,2,64,47,420,540,3,5
863,14,330,14,2,3,1,56,16,420,540,2,5
864,2,56,2,2,3,1,15,58,0,300,1,5
865,14,36,16,1,3,1,1,63,0,300,2,5
866,5,277,6,2,3,2,15,71,300,600,4,5
867,2,16,2,1,3,2,21,69,60,180,2,5
868,12,591,13,2,3,1,82,10,0,300,2,5
869,14,350,15,2,3,1,34,67,60,180,2,5
870,9,417,10,1,3,1,87,13,180,300,4,5
871,14,218,14,2,3,1,27,9,300,600,3,5
872,4,576,5,2,3,1,15,12,300,420,3,5
873,1,99,2,2,3,1,34,23,180,300,2,5
874,4,140,4,2,3,1,33,36,180,300,2,5
875,10,371,10,2,3,2,42,78,420,540,2,5
876,10,487,12,2,3,1,67,94,300,420,4,5
877,14,46,14,2,3,2,45,5,60,180,3,5
878,3,533,4,2,3,1,56,44,60,180,1,5
879,3,292,3,2,3,1,73,31,420,540,4,5
880,13,351,13,2,3,1,76,42,420,540,1,5
881,1,407,1,2,3,2,56,41,420,540,4,5
882,7,411,7,2,3,1,97,86,420,540,2,5
883,3,347,4,2,3,1,67,90,420,540,1,5
884,10,485,11,2,3,1,31,27,180,300,1,5
885,11,362,11,2,3,1,97,74,420,540,4,5
886,10,520,11,2,3,2,58,57,420,540,1,5
887,2,88,2,1,3,2,13,37,180,300,1,5
888,6,373,7,2,3,2,34,19,0,300,3,5
889,9,361,9,2,3,2,2,30,420,540,2,5
890,2,161,3,2,3,1,10,83,60,180,3,5
891,5,76,5,2,3,2,50,73,300,420,2,5
892,11,252,11,2,3,2,20,18,420,540,4,5
893,12,303,12,2,3,2,84,1,420,540,1,5
894,6,267,6,2,3,1,19,60,420,540,1,5
895,1,379,1,2,3,2,44,75,420,540,3,5
896,9,312,10,1,3,2,49,70,0,300,2,5
897,3,305,4,1,3,1,68,67,180,300,4,5
898,8,572,9,1,3,1,2,69,60,180,3,5
899,8,158,8,2,3,2,23,63,420,540,4,5
900,4,565,6,2,3,1,45,87,60,180,2,5
901,6,71,7,2,3,2,1,40,60,180,4,5
902,14,58,15,2,3,1,61,80,420,540,3,5
903,12,251,12,2,3,1,91,98,420,540,3,5
904,10,220,11,2,3,1,74,51,180,300,2,5
905,1,269,2,2,3,2,75,74,0,300,2,5
906,3,555,4,1,3,1,10,31,60,180,1,5
907,8,26,8,2,3,2,93,45,180,300,1,5
908,8,402,8,2,3,1,77,57,420,540,4,5
909,3,307,4,2,3,1,39,89,420,540,2,5
910,13,581,14,1,3,1,96,93,180,300,3,5
911,6,400,7,2,3,1,80,4,0,300,2,5
912,2,186,2,2,3,2,82,35,420,540,4,5
913,6,523,8,2,3,1,14,57,420,540,4,5
914,1,315,1,2,3,2,68,32,420,540,3,5
915,11,83,12,2,3,2,1,70,420,540,2,5
916,1,333,2,2,3,2,10,29,180,300,4,5
917,7,374,8,1,3,2,22,19,180,300,2,5
918,11,226,12,2,3,2,100,56,0,300,1,5
919,14,450,16,2,3,2,36,12,420,540,1,5
920,9,78,10,1,3,2,63,99,60,180,4,5
921,3,454,5,2,3,1,20,33,60,180,3,5
922,5,39,5,1,3,1,19,11,60,180,3,5
923,10,20,11,2,3,1,69,1,420,540,3,5
924,13,111,14,2,3,2,79,56,180,300,3,5
925,10,351,10,2,3,2,80,66,420,540,3,5
926,2,573,3,2,3,2,77,44,60,180,4,5
927,4,522,6,2,3,2,89,36,0,300,1,5
928,9,177,10,2,3,1,52,1,0,300,1,5
929,14,67,15,1,3,1,100,30,60,180,4,5
930,13,499,14,2,3,1,94,80,300,600,2,5
931,10,82,10,1,3,2,11,39,180,300,3,5
932,4,335,4,2,3,2,4,32,420,540,4,5
933,12,51,13,1,3,2,0,99,0,300,1,5
934,11,478,13,2,3,2,60,32,0,300,4,5
935,8,21,9,2,3,1,2,64,60,180,3,5
936,14,201,14,2,3,1,48,8,420,540,2,5
937,14,404,14,2,3,1,83,74,420,540,3,5
938,12,147,12,1,3,1,93,92,180,300,4,5
939,3,218,4,2,3,1,72,15,60,180,2,5
940,2,254,2,2,3,1,79,86,420,540,2,5
941,14,356,14,2,3,1,76,11,420,540,2,5
942,6,195,7,2,3,2,57,61,180,300,1,5
943,7,132,7,1,3,2,82,32,180,300,4,5
944,2,89,2,1,3,2,66,78,180,300,2,5
945,8,6,9,1,3,2,99,48,60,180,2,5
946,8,227,9,2,3,1,30,3,420,540,3,5
947,3,70,3,1,3,1,60,78,180,300,1,5
948,10,88,11,1,3,2,24,94,60,180,3,5
949,11,581,12,2,3,1,63,33,60,180,1,5
950,8,576,9,2,3,2,52,93,0,300,2,5
951,5,90,6,2,3,1,70,28,60,180,4,5
952,2,578,3,2,3,1,49,7,300,420,2,5
953,13,590,14,2,3,1,25,11,60,180,2,5
954,3,341,4,2,3,2,73,76,420,540,4,5
955,3,211,4,1,3,1,34,30,180,300,2,5
956,6,490,8,2,3,1,4,19,420,540,1,5
957,12,65,12,2,3,2,69,46,180,300,3,5
958,11,357,11,2,3,1,29,76,420,540,2,5
959,2,367,2,2,3,2,86,66,420,540,4,5
960,14,255,16,1,3,2,77,52,180,300,4,5
961,8,258,8,2,3,2,86,77,300,420,1,5
962,12,158,14,1,3,2,57,82,0,300,2,5
963,14,179,15,2,3,1,16,21,60,180,2,5
964,6,181,6,2,3,1,68,11,420,540,3,5
965,1,61,1,2,3,1,80,86,420,540,1,5
966,8,99,8,1,3,1,14,59,180,300,2,5
967,10,210,10,2,3,2,61,16,420,540,4,5
968,1,528,2,1,3,2,12,100,60,180,2,5
969,13,206,13,2,3,2,46,95,300,600,3,5
970,3,552,4,1,3,2,32,28,180,300,1,5
971,6,81,7,2,3,1,79,21,420,540,3,5
972,6,247,6,2,3,1,3,2,420,540,4,5
973,1,84,1,1,3,2,72,6,180,300,3,5
974,1,42,1,1,3,2,4,17,60,180,4,5
975,10,442,11,2,3,2,6,14,180,300,2,5
976,14,62,15,2,3,1,60,95,0,300,1,5
977,11,172,12,2,3,1,4,94,420,540,4,5
978,13,341,14,2,3,2,83,56,180,300,2,5
979,2,4,3,1,3,2,34,24,60,180,3,5
980,12,394,13,2,3,2,48,35,180,300,4,5
981,5,332,6,2,3,1,31,0,60,180,4,5
982,7,396,8,2,3,1,92,60,0,300,4,5
983,13,336,13,2,3,2,41,44,420,540,2,5
984,8,340,8,2,3,1,58,59,420,540,2,5
985,8,165,9,2,3,2,64,68,180,300,2,5
986,3,305,4,1,3,2,8,36,180,300,3,5
987,4,270,5,1,3,1,5,99,60,180,2,5
988,6,43,6,2,3,1,28,56,420,540,3,5
989,2,293,2,2,3,1,75,77,300,420,1,5
990,2,286,2,2,3,1,61,19,420,540,2,5
991,3,25,4,2,3,1,75,69,180,300,4,5
992,8,459,10,2,3,1,39,65,0,300,2,5
993,8,351,9,2,3,2,82,30,300,600,4,5
994,12,389,12,2,3,1,57,7,420,540,3,5
995,8,320,8,2,3,1,77,44,420,540,2,5
996,9,4,9,2,3,1,49,92,0,300,4,5
997,13,414,13,2,3,1,45,94,420,540,1,5
998,1,519,2,1,3,1,24,97,180,300,2,5
999,2,70,3,2,3,1,84,73,420,540,4,5
1000,12,529,13,2,3,2,33,36,60,180,2,5
1001,3,476,5,2,3,2,11,8,60,180,2,5
1002,8,447,10,2,3,1,85,92,300,600,2,5
1003,2,169,3,2,3,1,93,73,300,420,2,5
1004,8,469,10,2,3,2,64,82,0,300,3,5
1005,10,221,12,2,3,2,44,91,420,540,2,5
1006,12,20,13,2,3,2,53,77,60,180,2,5
1007,6,342,7,1,3,2,34,93,60,180,2,5
1008,13,332,13,2,3,1,67,94,420,540,2,5
1009,10,539,12,2,3,1,45,39,0,300,4,5
1010,9,195,11,2,3,1,97,14,420,540,2,5
1011,8,92,8,2,3,1,60,52,300,600,1,5
1012,8,454,9,1,3,2,17,87,0,300,4,5
1013,7,176,8,1,3,2,81,49,180,300,4,5
1014,9,536,11,2,3,2,72,1,0,300,3,5
1015,7,590,9,2,3,1,63,71,0,300,1,5
1016,5,403,5,2,3,2,49,27,420,540,3,5
1017,10,299,10,2,3,1,67,95,300,600,3,5
1018,4,342,4,2,3,1,58,94,420,540,3,5
1019,13,450,15,1,3,1,5,34,0,300,3,5
1020,7,191,8,2,3,2,5,31,300,600,3,5
1021,8,209,8,2,3,2,39,39,420,540,4,5
1022,9,462,10,2,3,2,100,63,60,180,2,5
1023,10,396,11,2,3,1,63,33,300,600,4,5
1024,14,55,15,1,3,2,85,14,180,300,4,5
1025,12,518,13,1,3,1,38,34,0,300,2,5
1026,11,293,11,2,3,2,46,96,300,420,1,5
1027,1,135,1,1,3,1,83,27,180,300,3,5
1028,2,424,4,2,3,1,81,30,0,300,4,5
1029,3,136,3,2,3,2,69,29,300,600,2,5
1030,7,334,8,2,3,1,52,24,60,180,1,5
1031,13,404,13,2,3,1,16,38,420,540,1,5
1032,1,346,2,2,3,2,90,70,300,420,2,5
1033,8,494,10,2,3,2,5,63,0,300,2,5
1034,13,559,14,1,3,1,2,97,180,300,2,5
1035,3,287,3,2,3,2,6,82,420,540,2,5
1036,4,279,5,2,3,2,18,92,60,180,1,5
1037,3,333,3,2,3,1,6,41,420,540,2,5
1038,3,373,3,2,3,2,71,77,420,540,2,5
1039,2,118,2,2,3,1,18,52,300,420,2,5
1040,14,403,15,2,3,2,49,60,420,540,2,5
1041,11,328,11,2,3,2,96,46,420,540,3,5
1042,2,92,3,1,3,1,48,80,60,180,4,5
1043,12,485,14,2,3,2,79,0,180,300,2,5
1044,1,71,1,1,3,2,17,78,180,300,3,5
1045,5,463,7,2,3,2,16,0,0,300,3,5
1046,11,426,12,2,3,1,5,61,300,420,1,5
1047,12,510,13,2,3,1,33,42,180,300,3,5
1048,1,395,1,2,3,1,100,28,420,540,3,5
1049,7,424,9,1,3,2,16,94,60,180,1,5
1050,4,251,4,2,3,1,51,9,420,540,3,5
1051,14,519,16,1,3,2,91,74,60,180,2,5
1052,2,313,3,2,3,1,3,40,180,300,4,5
1053,14,540,15,1,3,1,30,83,180,300,1,5
1054,13,597,15,2,3,1,17,60,300,600,2,5
1055,2,97,2,1,3,1,38,66,180,300,4,5
1056,7,600,9,2,3,1,37,35,420,540,2,5
1057,10,38,11,1,3,2,78,97,0,300,1,5
1058,9,477,10,2,3,2,21,28,420,540,1,5
1059,1,597,2,1,3,2,23,83,0,300,1,5
1060,13,440,14,2,3,1,3,64,0,300,2,5
1061,4,315,5,2,3,2,42,82,180,300,2,5
1062,10,336,10,2,3,1,3,47,420,540,3,5
1063,9,598,11,2,3,2,90,82,0,300,4,5
1064,2,181,2,2,3,1,56,46,420,540,4,5
1065,2,60,2,2,3,2,9,78,0,300,1,5
1066,3,64,4,2,3,1,22,5,0,300,4,5
1067,6,47,6,1,3,2,19,48,60,180,3,5
1068,11,350,11,2,3,1,41,79,420,540,1,5
1069,7,448,9,2,3,1,7,97,60,180,2,5
1070,14,173,14,2,3,1,55,15,420,540,1,5
1071,3,483,4,2,3,1,81,82,0,300,2,5
1072,2,420,2,2,3,1,69,6,420,540,3,5
1073,7,113,7,1,3,2,77,13,180,300,4,5
1074,1,551,2,2,3,1,50,2,60,180,2,5
1075,13,516,14,1,3,2,40,87,60,180,4,5
1076,1,440,3,2,3,1,79,18,0,300,1,5
1077,4,161,4,2,3,1,48,65,300,600,1,5
1078,4,460,5,2,3,2,78,32,180,300,3,5
1079,1,560,3,2,3,2,90,66,300,420,3,5
1080,1,488,2,2,3,2,80,57,60,180,2,5
1081,2,168,2,1,3,1,31,88,180,300,1,5
1082,7,207,7,2,3,1,99,82,420,540,2,5
1083,1,519,2,2,3,2,6,86,60,180,1,5
1084,13,36,13,2,3,1,21,46,0,300,4,5
1085,7,11,7,1,3,1,19,52,60,180,3,5
1086,14,136,14,2,3,1,65,62,300,600,2,5
1087,9,396,9,2,3,2,44,94,420,540,1,5
1088,5,250,5,2,3,1,93,73,420,540,2,5
1089,14,413,14,2,3,1,68,64,420,540,2,5
1090,12,580,14,2,3,1,30,34,0,300,4,5
1091,12,458,14,2,3,2,56,97,420,540,3,5
1092,1,191,1,2,3,2,3,55,300,600,2,5
1093,11,329,11,2,3,1,47,48,420,540,1,5
1094,3,237,3,2,3,1,20,9,420,540,1,5
1095,2,179,2,1,3,1,78,6,180,300,1,5
1096,14,178,14,1,3,2,9,5,180,300,4,5
1097,7,464,8,1,3,1,46,47,180,300,3,5
1098,3,594,4,2,3,2,100,32,180,300,4,5
1099,12,225,13,2,3,2,80,53,60,180,2,5
1100,2,481,3,1,3,2,91,65,180,300,2,5
1101,9,348,9,2,3,1,0,65,420,540,2,5
1102,13,563,14,1,3,1,94,32,60,180,1,5
1103,7,466,8,2,3,1,88,59,300,420,4,5
1104,13,495,15,2,3,1,38,58,420,540,1,5
1105,6,194,6,2,3,2,79,19,300,600,4,5
1106,3,28,3,2,3,2,88,23,0,300,2,5
1107,3,472,4,2,3,2,60,72,420,540,1,5
1108,2,238,2,2,3,2,56,88,420,540,4,5
1109,8,504,9,2,3,2,85,40,60,180,2,5
1110,10,143,12,2,3,2,6,98,0,300,1,5
1111,11,302,11,2,3,1,16,50,420,540,4,5
1112,10,573,11,2,3,1,55,53,420,540,2,5
1113,8,132,9,2,3,1,55,67,300,420,1,5
1114,1,72,2,1,3,2,15,3,60,180,4,5
1115,10,38,11,2,3,1,59,1,180,300,2,5
1116,4,427,6,2,3,1,83,88,300,420,4,5
1117,2,103,4,2,3,1,55,26,420,540,4,5
1118,6,379,7,2,3,2,10,58,0,300,3,5
1119,12,205,12,2,3,1,35,58,420,540,4,5
1120,9,488,11,2,3,2,77,66,420,540,1,5
1121,8,591,10,2,3,1,85,83,0,300,1,5
1122,13,406,14,2,3,2,39,5,60,180,4,5
1123,6,289,7,2,3,1,87,18,180,300,2,5
1124,12,124,12,1,3,1,43,66,180,300,2,5
1125,5,328,5,2,3,1,64,70,420,540,4,5
1126,5,222,5,2,3,2,68,92,420,540,1,5
1127,7,141,7,2,3,2,31,77,180,300,4,5
1128,3,398,3,2,3,1,37,81,420,540,1,5
1129,14,339,14,2,3,2,81,3,420,540,3,5
1130,6,125,7,2,3,2,14,26,0,300,1,5
1131,1,299,2,1,3,2,9,85,0,300,1,5
1132,12,527,14,1,3,1,91,30,0,300,4,5
1133,2,124,4,2,3,2,2,0,0,300,3,5
1134,3,7,3,1,3,2,79,55,60,180,3,5
1135,10,304,10,2,3,2,29,30,420,540,3,5
1136,8,62,8,1,3,2,64,27,180,300,4,5
1137,13,208,14,2,3,1,66,53,60,180,4,5
1138,11,387,12,2,3,2,85,81,180,300,4,5
1139,5,303,5,2,3,2,99,2,420,540,3,5
1140,8,583,10,1,3,2,34,0,180,300,2,5
1141,2,576,4,2,3,2,63,52,180,300,2,5
1142,9,446,10,2,3,2,33,22,0,300,1,5
1143,6,4,6,2,3,1,1,54,180,300,2,5
1144,9,204,9,2,3,1,26,9,420,540,4,5
1145,9,483,10,1,3,1,0,91,60,180,4,5
1146,3,7,4,1,3,2,36,15,60,180,1,5
1147,10,358,11,2,3,2,38,49,420,540,1,5
1148,11,557,12,1,3,1,4,18,180,300,4,5
1149,8,514,10,2,3,1,97,78,0,300,3,5
1150,5,428,6,2,3,2,73,54,180,300,4,5
1151,7,179,7,2,3,2,85,83,420,540,3,5
1152,13,488,14,2,3,1,12,89,420,540,4,5
1153,10,35,11,1,3,2,74,56,180,300,2,5
1154,7,196,7,2,3,2,100,44,300,600,2,5
1155,4,62,4,1,3,1,1,21,180,300,4,5
1156,5,296,5,2,3,2,56,59,300,600,4,5
1157,9,166,9,2,3,2,49,35,420,540,4,5
1158,2,212,2,2,3,2,95,17,420,540,4,5
1159,2,214,2,2,3,1,56,0,420,540,1,5
1160,3,501,4,2,3,2,46,27,420,540,2,5
1161,12,474,13,2,3,1,32,59,300,420,4,5
1162,9,211,9,2,3,2,40,49,300,420,1,5
1163,3,530,5,2,3,1,12,23,180,300,4,5
1164,11,375,12,2,3,1,63,8,300,420,4,5
1165,4,158,6,1,3,1,98,12,180,300,4,5
1166,2,537,3,2,3,2,56,67,180,300,4,5
1167,9,124,9,2,3,1,94,81,300,420,4,5
1168,10,380,10,2,3,1,13,65,420,540,3,5
1169,5,46,7,2,3,1,37,66,300,420,4,5
1170,14,310,14,2,3,2,11,35,420,540,1,5
1171,13,95,13,2,3,1,46,71,420,540,3,5
1172,11,45,11,2,3,2,26,69,0,300,2,5
1173,10,216,11,1,3,1,97,43,0,300,4,5
1174,9,552,10,2,3,2,45,65,420,540,3,5
1175,4,200,5,1,3,1,99,44,60,180,4,5
1176,4,542,5,1,3,1,40,3,60,180,2,5
1177,11,379,11,2,3,1,65,66,420,540,2,5
1178,7,580,9,2,3,2,4,17,300,600,1,5
1179,1,595,2,1,3,2,23,100,180,300,1,5
1180,9,561,11,2,3,1,5,81,300,420,3,5
1181,13,533,15,2,3,1,49,58,0,300,4,5
1182,10,266,11,2,3,1,83,89,300,600,4,5
1183,2,25,3,2,3,1,84,56,420,540,2,5
1184,13,485,14,2,3,2,77,100,300,600,3,5
1185,5,246,6,2,3,2,5,21,180,300,1,5
1186,8,114,8,2,3,2,85,25,300,600,1,5
1187,1,78,2,2,3,2,85,66,300,600,4,5
1188,6,577,7,2,3,1,89,40,420,540,1,5
1189,14,18,15,1,3,1,76,30,180,300,3,5
1190,4,346,5,2,3,1,45,75,180,300,2,5
1191,2,5,2,1,3,1,92,43,60,180,1,5
1192,14,471,15,1,3,1,67,49,0,300,2,5
1193,14,378,15,2,3,2,68,29,300,420,3,5
1194,13,532,14,2,3,1,23,74,60,180,2,5
1195,2,431,3,2,3,2,77,2,0,300,3,5
1196,5,358,5,2,3,1,34,41,420,540,2,5
1197,10,298,10,2,3,2,81,0,300,600,1,5
1198,8,177,8,2,3,2,68,78,300,600,4,5
1199,1,567,2,2,3,2,69,65,60,180,3,5
1200,5,216,5,2,3,2,19,59,300,600,1,5
1201,12,257,12,2,3,1,45,62,300,420,3,5
1202,3,21,4,2,3,2,12,78,180,300,4,5
1203,2,301,2,2,3,2,23,44,420,540,2,5
1204,10,283,10,2,3,1,85,16,420,540,2,5
1205,14,124,16,1,3,2,65,90,0,300,2,5
1206,12,427,13,1,3,1,62,5,180,300,3,5
1207,10,9,10,2,3,1,52,9,420,540,3,5
1208,14,174,15,2,3,1,73,20,180,300,4,5
1209,3,540,4,2,3,2,63,42,60,180,1,5
1210,8,302,8,2,3,1,84,60,420,540,3,5
1211,8,311,8,2,3,2,70,89,420,540,3,5
1212,1,586,3,2,3,1,52,42,60,180,4,5
1213,11,145,11,1,3,2,17,61,180,300,2,5
1214,11,255,11,2,3,1,43,57,300,420,3,5
1215,7,194,8,1,3,1,54,23,180,300,1,5
1216,2,109,3,1,3,2,63,58,60,180,1,5
1217,6,129,6,2,3,1,88,82,180,300,1,5
1218,4,306,4,2,3,1,18,98,420,540,2,5
1219,7,88,8,2,3,2,29,34,420,540,1,5
1220,7,570,8,2,3,2,78,46,60,180,4,5
1221,10,102,10,2,3,1,16,43,300,600,2,5
1222,1,376,1,2,3,2,25,58,420,540,3,5
1223,3,410,3,2,3,1,92,68,420,540,4,5
1224,13,286,13,2,3,2,35,21,420,540,2,5
1225,13,239,14,2,3,2,62,30,300,420,3,5
1226,12,442,14,2,3,2,5,39,60,180,2,5
1227,9,227,9,2,3,2,53,6,300,600,1,5
1228,14,159,15,2,3,2,81,46,180,300,4,5
1229,2,190,3,1,3,2,2,92,60,180,3,5
1230,1,111,3,2,3,1,43,62,60,180,4,5
1231,11,58,11,1,3,2,41,49,60,180,2,5
1232,12,487,14,2,3,2,42,83,60,180,3,5
1233,8,260,8,2,3,2,50,2,300,420,3,5
1234,7,211,7,2,3,2,66,46,420,540,4,5
1235,5,22,6,2,3,2,9,18,180,300,3,5
1236,3,172,3,1,3,1,67,95,180,300,4,5
1237,5,111,5,2,3,2,57,78,420,540,1,5
1238,12,411,13,2,3,2,86,86,300,420,1,5
1239,2,577,3,1,3,1,13,10,0,300,4,5
1240,5,71,6,2,3,2,10,94,420,540,3,5
1241,10,70,11,2,3,1,28,63,420,540,2,5
1242,11,480,13,1,3,1,78,18,180,300,3,5
1243,12,331,12,2,3,1,24,63,420,540,1,5
1244,1,403,1,2,3,1,32,28,420,540,4,5
1245,12,420,12,2,3,1,97,97,420,540,2,5
1246,1,544,2,2,3,2,91,18,60,180,1,5
1247,14,271,14,2,3,2,77,0,420,540,4,5
1248,14,440,16,2,3,1,91,74,180,300,2,5
1249,3,98,3,2,3,1,94,97,420,540,1,5
1250,11,596,12,2,3,2,87,95,420,540,2,5
1251,13,510,15,2,3,2,61,2,420,540,2,5
1252,2,199,2,2,3,1,49,60,420,540,1,5
1253,11,591,13,1,3,2,53,42,60,180,1,5
1254,14,51,15,2,3,1,30,29,60,180,2,5
1255,8,355,8,2,3,2,5,81,420,540,3,5
1256,6,445,7,2,3,1,45,77,0,300,1,5
1257,11,361,12,2,3,2,76,72,0,300,3,5
1258,7,258,7,2,3,2,89,97,300,420,3,5
1259,9,476,10,1,3,1,94,1,60,180,2,5
1260,1,131,1,1,3,1,38,50,180,300,1,5
1261,2,137,2,1,3,1,15,37,180,300,3,5
1262,10,88,11,2,3,2,57,26,60,180,1,5
1263,2,53,3,2,3,2,4,9,0,300,3,5
1264,9,253,9,2,3,1,25,25,300,600,3,5
1265,12,99,12,2,3,1,47,11,420,540,1,5
1266,5,372,5,2,3,2,30,43,420,540,2,5
1267,14,555,16,1,3,2,3,40,60,180,2,5
1268,2,45,2,2,3,1,15,86,60,180,1,5
1269,2,590,3,1,3,2,29,27,180,300,4,5
1270,9,7,10,1,3,2,94,27,60,180,4,5
1271,13,424,15,2,3,1,35,51,60,180,4,5
1272,12,298,13,2,3,1,94,99,420,540,2,5
1273,1,17,2,2,3,2,34,65,300,420,1,5
1274,10,577,11,2,3,2,95,20,300,600,4,5
1275,6,411,6,2,3,1,79,82,420,540,3,5
1276,6,520,7,2,3,1,80,8,180,300,2,5
1277,7,151,7,2,3,1,16,63,180,300,3,5
1278,3,213,3,2,3,1,97,59,420,540,2,5
1279,5,253,5,2,3,1,31,53,300,420,2,5
1280,6,44,7,1,3,1,27,70,180,300,4,5
1281,1,502,3,1,3,2,47,59,0,300,4,5
1282,12,559,14,1,3,2,91,9,180,300,3,5
1283,3,366,3,2,3,1,56,84,420,540,4,5
1284,10,38,11,1,3,1,48,0,60,180,3,5
1285,10,26,10,2,3,2,79,35,180,300,1,5
1286,4,577,5,2,3,2,22,43,420,540,3,5
1287,8,439,10,1,3,2,53,55,60,180,1,5
1288,2,428,4,2,3,1,78,53,60,180,3,5
1289,8,140,9,2,3,1,89,39,60,180,2,5
1290,10,82,11,2,3,1,82,16,60,180,3,5
1291,6,489,7,2,3,1,8,70,420,540,2,5
1292,6,87,6,1,3,2,69,17,180,300,1,5
1293,13,55,13,1,3,2,78,9,60,180,4,5
1294,13,415,14,1,3,2,58,17,180,300,1,5
1295,8,558,9,2,3,2,51,47,60,180,4,5
1296,1,511,2,2,3,1,86,27,300,600,2,5
1297,11,429,12,2,3,1,6,10,300,420,4,5
1298,6,465,8,2,3,1,50,50,300,420,3,5
1299,3,278,3,2,3,1,53,50,300,600,4,5
1300,10,481,11,1,3,2,59,56,180,300,2,5
1301,4,504,6,2,3,1,26,47,60,180,4,5
1302,8,437,10,2,3,1,30,70,420,540,2,5
1303,14,432,15,2,3,2,51,49,420,540,3,5
1304,5,276,5,2,3,1,2,53,300,420,1,5
1305,9,236,9,2,3,2,56,80,300,420,1,5
1306,11,382,11,2,3,2,67,47,420,540,1,5
1307,7,369,7,2,3,1,40,56,420,540,1,5
1308,9,41,10,1,3,1,92,74,180,300,3,5
1309,7,106,8,2,3,1,10,85,420,540,1,5
1310,5,119,5,2,3,2,57,57,180,300,2,5
1311,5,491,7,2,3,1,81,51,60,180,1,5
1312,11,383,12,2,3,1,53,53,300,420,4,5
1313,3,426,5,1,3,2,85,67,0,300,2,5
1314,6,293,7,2,3,1,31,15,420,540,3,5
1315,14,173,15,1,3,2,82,90,60,180,3,5
1316,14,386,15,2,3,2,61,94,180,300,1,5
1317,2,457,4,1,3,1,82,6,60,180,4,5
1318,14,349,14,2,3,1,99,36,420,540,2,5
1319,2,211,2,2,3,1,44,89,420,540,2,5
1320,7,595,9,2,3,2,89,97,60,180,1,5
1321,7,18,9,2,3,1,77,3,300,600,3,5
1322,6,17,6,1,3,2,69,10,60,180,2,5
1323,3,400,4,2,3,2,37,47,60,180,1,5
1324,14,463,16,2,3,1,73,71,0,300,2,5
1325,7,18,8,2,3,2,97,69,60,180,1,5
1326,6,572,7,1,3,1,66,66,60,180,3,5
1327,8,542,9,2,3,1,96,76,300,420,2,5
1328,13,456,14,2,3,1,99,93,180,300,3,5
1329,9,301,9,2,3,2,66,97,420,540,1,5
1330,9,240,10,2,3,2,75,40,60,180,1,5
1331,8,487,9,2,3,2,70,38,300,600,3,5
1332,2,443,4,2,3,2,9,64,180,300,3,5
1333,8,130,9,1,3,2,26,52,180,300,3,5
1334,10,106,11,1,3,2,57,1,180,300,1,5
1335,8,485,10,2,3,2,16,42,300,420,1,5
1336,5,181,5,2,3,2,46,47,420,540,3,5
1337,10,527,11,2,3,2,73,27,60,180,4,5
1338,7,83,7,2,3,1,57,49,420,540,3,5
1339,1,586,3,1,3,1,40,18,180,300,2,5
1340,12,125,13,2,3,2,61,16,300,420,4,5
1341,10,461,12,2,3,1,13,79,420,540,3,5
1342,1,583,2,2,3,2,67,69,420,540,2,5
1343,1,422,3,1,3,1,13,0,180,300,3,5
1344,12,496,13,2,3,1,6,79,300,420,3,5
1345,3,587,4,2,3,2,88,62,60,180,4,5
1346,10,512,12,2,3,2,32,13,180,300,1,5
1347,4,149,4,1,3,2,89,13,180,300,2,5
1348,4,476,5,1,3,2,34,30,0,300,4,5
1349,10,130,11,2,3,1,35,95,300,420,4,5
1350,6,134,7,2,3,2,51,49,180,300,3,5
1351,6,370,7,1,3,2,62,99,60,180,4,5
1352,2,52,3,2,3,2,72,64,180,300,1,5
1353,5,159,5,2,3,2,67,76,300,420,4,5
1354,8,526,9,2,3,1,32,44,300,600,3,5
1355,12,182,13,2,3,1,68,84,180,300,4,5
1356,13,564,15,2,3,2,31,45,420,540,2,5
1357,7,201,7,2,3,1,13,57,300,420,3,5
1358,12,78,12,1,3,1,9,87,180,300,4,5
1359,14,145,14,1,3,2,9,14,180,300,1,5
1360,10,309,10,2,3,1,20,91,420,540,4,5
1361,9,392,9,2,3,2,0,55,420,540,3,5
1362,7,556,8,1,3,1,72,8,180,300,2,5
1363,3,327,3,2,3,2,60,64,420,540,2,5
1364,1,117,1,2,3,1,36,21,420,540,4,5
1365,2,184,4,2,3,2,73,40,0,300,4,5
1366,4,229,5,1,3,2,49,61,60,180,1,5
1367,7,279,7,2,3,1,75,20,420,540,2,5
1368,7,51,8,1,3,2,41,29,180,300,4,5
1369,2,65,3,2,3,1,9,61,180,300,1,5
1370,5,133,5,1,3,1,82,97,180,300,2,5
1371,10,477,12,1,3,2,6,29,60,180,1,5
1372,14,176,14,2,3,2,47,7,180,300,2,5
1373,10,18,10,2,3,1,67,45,60,180,4,5
1374,5,395,5,2,3,1,25,55,420,540,2,5
1375,1,486,3,2,3,1,36,21,180,300,3,5
1376,11,128,12,2,3,1,67,34,180,300,3,5
1377,3,130,3,2,3,1,33,83,180,300,3,5
1378,12,248,12,2,3,1,73,86,300,420,1,5
1379,14,308,15,1,3,1,53,79,60,180,2,5
1380,11,265,11,2,3,2,4,93,300,420,2,5
1381,7,420,8,2,3,1,83,58,180,300,1,5
1382,4,439,6,1,3,1,68,2,180,300,4,5
1383,6,592,7,2,3,1,50,26,180,300,3,5
1384,2,293,2,2,3,2,97,81,300,600,4,5
1385,14,420,15,1,3,1,89,6,180,300,2,5
1386,13,582,15,1,3,1,47,87,180,300,2,5
1387,10,302,10,2,3,2,30,29,420,540,3,5
1388,6,363,6,2,3,1,64,90,420,540,1,5
1389,12,169,12,2,3,2,52,80,180,300,2,5
1390,5,588,7,2,3,2,62,85,0,300,1,5
1391,5,295,5,2,3,1,65,66,300,420,1,5
1392,7,385,8,2,3,1,64,73,420,540,3,5
1393,2,310,3,2,3,1,55,7,300,420,3,5
1394,10,597,11,2,3,2,36,90,420,540,3,5
1395,9,334,10,2,3,1,66,45,180,300,3,5
1396,14,302,14,2,3,2,54,33,420,540,2,5
1397,14,588,16,2,3,2,25,13,300,600,4,5
1398,3,416,3,2,3,1,37,7,420,540,2,5
1399,4,230,5,1,3,2,76,46,60,180,2,5
1400,14,125,15,2,3,1,52,52,0,300,1,5
1401,7,404,7,2,3,2,80,14,420,540,3,5
1402,2,562,3,2,3,2,61,77,60,180,3,5
1403,8,452,10,2,3,2,20,66,420,540,3,5
1404,2,383,3,2,3,2,1,47,300,600,2,5
1405,13,519,15,1,3,2,64,79,60,180,2,5
1406,12,403,13,1,3,1,55,6,0,300,3,5
1407,12,7,12,2,3,1,56,94,180,300,1,5
1408,5,516,7,2,3,1,92,93,300,420,2,5
1409,4,22,5,2,3,2,4,60,180,300,2,5
1410,1,575,2,1,3,1,74,66,60,180,2,5
1411,9,269,10,2,3,1,84,56,300,420,1,5
1412,7,466,9,2,3,2,2,13,300,420,1,5
1413,6,271,6,2,3,2,92,61,420,540,2,5
1414,4,114,4,1,3,1,86,99,180,300,3,5
1415,5,94,6,1,3,1,37,5,60,180,2,5
1416,6,563,8,2,3,1,12,47,0,300,2,5
1417,5,275,5,2,3,2,39,42,420,540,1,5
1418,8,513,10,2,3,2,68,38,60,180,4,5
1419,5,21,5,2,3,1,98,98,420,540,2,5
1420,8,243,9,2,3,1,44,80,300,600,4,5
1421,11,523,12,2,3,1,40,43,0,300,1,5
1422,2,570,3,2,3,2,19,15,420,540,2,5
1423,1,229,1,2,3,1,98,4,420,540,4,5
1424,11,134,11,1,3,2,26,43,180,300,4,5
1425,7,553,9,1,3,1,52,16,60,180,1,5
1426,10,543,11,1,3,1,76,12,0,300,1,5
1427,5,344,5,2,3,1,92,50,420,540,2,5
1428,7,359,7,2,3,1,8,80,420,540,1,5
1429,14,429,15,1,3,1,99,37,180,300,3,5
1430,3,491,4,1,3,1,34,86,180,300,3,5
1431,13,264,14,2,3,1,23,9,300,420,1,5
1432,6,471,7,2,3,2,77,56,300,420,3,5
1433,7,385,7,2,3,1,45,10,420,540,4,5
1434,12,366,12,2,3,2,21,6,420,540,3,5
1435,9,596,11,1,3,1,48,59,0,300,2,5
1436,7,420,8,1,3,2,28,11,0,300,1,5
1437,12,482,14,2,3,2,83,75,300,420,2,5
1438,10,106,10,2,3,1,86,83,180,300,4,5
1439,11,143,12,2,3,2,27,95,420,540,3,5
1440,14,505,15,1,3,2,77,45,180,300,3,5
1441,13,45,14,2,3,1,18,2,180,300,1,5
1442,1,223,1,2,3,2,26,48,420,540,3,5
1443,14,232,14,2,3,2,25,31,420,540,2,5
1444,6,92,6,2,3,2,1,28,420,540,3,5
1445,13,174,13,1,3,1,82,81,180,300,2,5
1446,5,32,5,1,3,2,13,56,60,180,2,5
1447,11,328,11,2,3,2,68,99,420,540,1,5
1448,8,421,9,1,3,1,66,10,180,300,1,5
1449,8,128,9,1,3,2,80,57,60,180,1,5
1450,10,368,11,2,3,2,36,58,180,300,1,5
1451,10,395,11,2,3,2,33,15,420,540,1,5
1452,9,457,10,1,3,2,83,30,180,300,3,5
1453,3,89,4,2,3,2,80,1,300,600,1,5
1454,4,238,5,1,3,2,27,88,180,300,3,5
1455,10,143,10,1,3,1,95,57,180,300,4,5
1456,10,181,11,1,3,1,95,54,180,300,2,5
1457,6,403,6,2,3,2,36,86,420,540,4,5
1458,1,180,2,2,3,2,100,34,60,180,4,5
1459,9,304,10,2,3,2,5,94,60,180,3,5
1460,3,198,4,1,3,2,75,86,180,300,1,5
1461,10,309,11,2,3,2,8,17,180,300,2,5
1462,8,60,9,1,3,1,48,48,0,300,3,5
1463,11,389,12,2,3,1,4,30,300,600,2,5
1464,3,177,4,1,3,1,16,100,0,300,3,5
1465,6,256,7,1,3,2,16,62,180,300,3,5
1466,2,197,3,2,3,1,91,31,0,300,2,5
1467,12,432,13,1,3,1,35,18,60,180,1,5
1468,8,19,9,2,3,1,21,0,180,300,3,5
1469,5,209,5,2,3,1,51,27,300,420,4,5
1470,8,238,9,2,3,1,46,68,0,300,2,5
1471,7,79,8,2,3,1,2,21,300,420,1,5
1472,14,391,14,2,3,1,64,24,420,540,4,5
1473,7,242,8,2,3,1,21,28,60,180,4,5
1474,3,284,3,2,3,2,48,86,420,540,3,5
1475,14,306,14,2,3,1,38,33,420,540,4,5
1476,13,162,13,1,3,2,94,15,180,300,3,5
1477,10,412,12,1,3,2,0,5,180,300,4,5
1478,7,58,8,1,3,1,38,87,0,300,4,5
1479,5,441,6,1,3,2,34,51,180,300,3,5
1480,9,18,9,1,3,1,57,93,60,180,1,5
1481,12,286,12,2,3,1,63,78,300,600,2,5
1482,6,340,6,2,3,1,52,33,420,540,2,5
1483,14,368,16,1,3,1,60,74,60,180,1,5
1484,13,347,14,2,3,2,9,62,420,540,3,5
1485,7,76,7,2,3,1,58,10,300,600,2,5
1486,13,564,15,1,3,1,45,54,0,300,4,5
1487,9,443,10,1,3,2,74,92,0,300,1,5
1488,14,532,16,2,3,2,81,6,180,300,2,5
1489,8,542,10,1,3,2,66,50,0,300,3,5
1490,8,510,10,1,3,2,6,15,180,300,3,5
1491,8,290,8,2,3,2,11,84,300,420,3,5
1492,2,172,2,2,3,2,2,18,420,540,1,5
1493,5,497,6,2,3,1,88,98,0,300,2,5
1494,10,277,11,2,3,2,32,98,420,540,1,5
1495,11,19,11,1,3,2,42,7,60,180,3,5
1496,7,215,7,2,3,1,7,98,300,600,3,5
1497,1,3,2,1,3,2,93,45,0,300,4,5
1498,13,153,13,2,3,1,33,69,420,540,3,5
1499,13,285,14,1,3,2,81,39,60,180,3,5
1500,12,370,13,2,3,2,60,28,300,600,4,5
1501,7,476,8,1,3,2,84,87,180,300,4,5
1502,13,397,13,2,3,2,31,70,420,540,2,5
1503,4,600,6,1,3,1,52,16,180,300,4,5
1504,4,226,5,2,3,1,81,93,60,180,3,5
1505,14,409,15,1,3,2,76,54,180,300,2,5
1506,3,368,4,2,3,2,84,46,300,600,1,5
1507,8,281,8,2,3,1,37,65,300,600,4,5
1508,6,262,7,2,3,1,17,30,180,300,4,5
1509,13,60,15,2,3,2,8,81,60,180,3,5
1510,12,183,13,2,3,1,78,13,0,300,1,5
1511,4,298,5,1,3,1,7,98,180,300,4,5
1512,6,506,7,1,3,2,63,13,0,300,3,5
1513,10,582,11,2,3,2,95,73,420,540,1,5
1514,10,434,11,2,3,2,69,29,420,540,2,5
1515,7,119,7,2,3,1,49,26,420,540,3,5
1516,1,304,2,2,3,1,81,49,420,540,1,5
1517,14,519,16,2,3,1,71,87,300,420,2,5
1518,7,567,8,2,3,1,17,43,0,300,2,5
1519,9,62,9,2,3,2,75,14,180,300,4,5
1520,1,167,1,1,3,2,64,75,180,300,4,5
1521,9,526,11,2,3,1,85,87,60,180,3,5
1522,4,34,5,2,3,2,55,7,300,420,4,5
1523,1,134,1,2,3,1,70,13,420,540,4,5
1524,9,139,9,2,3,2,3,9,420,540,2,5
1525,5,106,5,1,3,1,86,99,180,300,3,5
1526,13,521,14,2,3,1,48,18,300,600,4,5
1527,4,112,4,2,3,1,43,65,420,540,1,5
1528,8,410,9,2,3,1,0,95,420,540,2,5
1529,11,294,11,2,3,2,0,45,420,540,4,5
1530,3,288,5,1,3,2,80,98,60,180,3,5
1531,8,323,9,2,3,1,8,55,300,420,3,5
1532,1,476,3,2,3,1,4,69,60,180,4,5
1533,9,36,9,2,3,2,97,99,420,540,4,5
1534,8,371,9,2,3,1,55,45,300,600,1,5
1535,10,466,11,2,3,1,43,95,180,300,1,5
1536,6,567,7,2,3,1,24,10,420,540,3,5
1537,5,81,6,2,3,1,40,24,0,300,3,5
1538,5,592,7,2,3,1,17,37,180,300,4,5
1539,5,588,6,2,3,1,15,45,180,300,4,5
1540,14,95,15,2,3,2,33,46,180,300,1,5
1541,9,426,10,2,3,2,27,18,60,180,2,5
1542,4,79,4,2,3,1,5,4,420,540,2,5
1543,1,66,1,1,3,2,100,17,180,300,3,5
1544,4,43,4,2,3,2,39,83,420,540,3,5
1545,13,18,13,1,3,2,49,99,60,180,2,5
1546,5,285,6,1,3,1,24,63,180,300,4,5
1547,1,99,1,1,3,1,41,3,180,300,2,5
1548,5,358,6,1,3,2,51,51,60,180,1,5
1549,7,300,7,2,3,1,84,15,420,540,1,5
1550,5,257,5,2,3,2,44,31,420,540,3,5
1551,5,216,6,1,3,1,50,6,180,300,4,5
1552,14,204,16,2,3,1,76,25,180,300,2,5
1553,11,517,13,1,3,2,69,88,60,180,2,5
1554,6,311,6,2,3,2,59,73,420,540,3,5
1555,9,223,9,2,3,2,71,86,300,600,2,5
1556,6,403,8,2,3,1,18,46,60,180,2,5
1557,5,572,7,2,3,2,18,83,180,300,1,5
1558,12,316,12,2,3,2,63,30,420,540,1,5
1559,11,79,12,2,3,2,93,50,60,180,1,5
1560,3,401,4,1,3,1,81,5,0,300,4,5
1561,6,80,7,2,3,2,95,29,300,420,1,5
1562,10,428,12,2,3,2,43,98,180,300,4,5
1563,10,258,11,2,3,2,32,16,0,300,2,5
1564,6,435,7,1,3,1,98,17,180,300,3,5
1565,2,375,3,2,3,2,12,97,180,300,2,5
1566,10,323,10,2,3,1,72,2,420,540,2,5
1567,4,587,5,2,3,2,79,11,0,300,3,5
1568,6,35,6,2,3,1,6,36,300,600,3,5
1569,6,225,7,2,3,2,42,39,0,300,2,5
1570,3,190,3,2,3,1,8,70,300,600,1,5
1571,5,23,5,2,3,1,50,95,60,180,2,5
1572,11,275,12,2,3,1,22,89,420,540,1,5
1573,10,536,11,1,3,1,53,25,60,180,4,5
1574,1,201,1,2,3,1,24,94,300,420,1,5
1575,1,5,1,2,3,1,43,51,60,180,4,5
1576,14,82,14,1,3,1,83,83,180,300,1,5
1577,5,580,7,2,3,2,9,61,180,300,2,5
1578,9,399,10,1,3,2,59,21,60,180,3,5
1579,1,371,1,2,3,2,14,9,420,540,1,5
1580,2,139,2,1,3,1,77,95,180,300,1,5
1581,6,359,6,2,3,2,92,88,420,540,4,5
1582,13,334,14,1,3,2,87,6,180,300,3,5
1583,14,214,14,2,3,2,77,31,300,600,1,5
1584,7,495,8,2,3,1,89,60,180,300,3,5
1585,4,559,5,2,3,2,38,23,180,300,3,5
1586,12,306,13,2,3,1,59,49,60,180,1,5
1587,5,558,7,2,3,1,66,19,300,600,4,5
1588,11,491,13,2,3,1,73,2,420,540,4,5
1589,12,348,12,2,3,2,19,68,420,540,4,5
1590,14,98,15,2,3,1,62,85,60,180,3,5
1591,12,279,12,2,3,2,72,0,420,540,4,5
1592,4,356,4,2,3,2,9,62,420,540,1,5
1593,2,303,3,1,3,2,14,93,180,300,4,5
1594,12,570,13,1,3,2,95,96,60,180,1,5
1595,11,41,12,1,3,1,66,0,180,300,4,5
1596,12,28,13,1,3,2,71,13,0,300,1,5
1597,2,458,3,2,3,1,32,51,420,540,2,5
1598,12,327,13,2,3,1,100,91,420,540,1,5
1599,9,189,9,2,3,2,9,75,300,420,1,5
1600,1,8,1,2,3,2,44,7,180,300,4,5
1601,5,386,6,2,3,1,65,22,0,300,3,5
1602,3,334,4,2,3,2,80,23,180,300,3,5
1603,6,95,6,2,3,1,4,90,420,540,2,5
1604,12,54,12,2,3,2,59,23,180,300,4,5
1605,12,268,14,1,3,1,56,40,180,300,1,5
1606,3,55,3,2,3,1,50,85,60,180,2,5
1607,6,105,7,2,3,1,65,83,60,180,1,5
1608,14,407,14,2,3,2,28,95,420,540,4,5
1609,2,465,3,2,3,1,2,72,420,540,2,5
1610,7,572,9,1,3,2,98,15,60,180,2,5
1611,4,360,4,2,3,1,63,2,420,540,1,5
1612,12,183,13,1,3,2,34,4,0,300,4,5
1613,5,442,7,2,3,1,82,43,300,600,1,5
1614,13,387,14,1,3,2,27,24,180,300,3,5
1615,14,241,14,2,3,2,40,3,300,600,3,5
1616,4,29,5,2,3,1,71,81,60,180,4,5
1617,6,388,6,2,3,1,68,39,420,540,4,5
1618,14,355,14,2,3,2,43,16,420,540,3,5
1619,4,273,4,2,3,1,6,81,300,420,4,5
1620,6,367,6,2,3,2,100,51,420,540,4,5
1621,7,481,9,1,3,1,29,81,180,300,2,5
1622,13,275,15,2,3,2,92,52,0,300,2,5
1623,11,15,11,2,3,2,54,29,0,300,3,5
1624,14,166,15,1,3,2,10,84,0,300,1,5
1625,12,531,14,1,3,2,77,5,180,300,2,5
1626,3,55,5,1,3,1,32,58,60,180,1,5
1627,8,532,10,2,3,1,50,65,0,300,1,5
1628,5,163,5,2,3,2,70,34,180,300,2,5
1629,8,311,9,2,3,1,83,59,0,300,2,5
1630,1,559,2,1,3,1,19,86,180,300,2,5
1631,12,176,12,2,3,1,55,49,420,540,2,5
1632,3,182,4,1,3,1,20,33,180,300,4,5
1633,3,230,4,2,3,1,58,76,300,420,3,5
1634,11,56,11,1,3,2,44,37,60,180,2,5
1635,14,385,14,2,3,1,69,4,420,540,2,5
1636,3,543,5,1,3,1,14,32,60,180,4,5
1637,2,65,3,2,3,1,89,56,60,180,2,5
1638,3,593,5,2,3,2,62,49,0,300,4,5
1639,11,380,12,1,3,1,9,34,180,300,2,5
1640,5,450,7,1,3,2,28,34,60,180,3,5
1641,10,238,12,1,3,2,12,70,0,300,1,5
1642,9,322,10,1,3,1,40,86,0,300,4,5
1643,12,347,12,2,3,2,83,93,420,540,2,5
1644,11,115,11,2,3,1,45,25,420,540,2,5
1645,10,336,10,2,3,1,38,1,420,540,4,5
1646,12,404,12,2,3,2,12,18,420,540,1,5
1647,7,67,8,1,3,1,44,56,60,180,3,5
1648,7,173,7,1,3,2,65,46,180,300,4,5
1649,1,342,2,1,3,2,80,88,180,300,4,5
1650,11,252,12,1,3,1,66,91,60,180,1,5
1651,9,262,9,2,3,1,88,75,300,420,4,5
1652,1,144,1,2,3,1,42,23,180,300,2,5
1653,13,318,14,2,3,2,6,44,180,300,1,5
1654,3,266,4,2,3,1,22,25,180,300,1,5
1655,7,450,8,1,3,2,76,29,180,300,3,5
1656,9,423,11,1,3,2,76,32,180,300,1,5
1657,13,113,13,2,3,1,82,61,300,600,2,5
1658,1,336,1,2,3,1,75,91,420,540,2,5
1659,3,152,4,2,3,1,37,37,300,600,1,5
1660,4,182,4,2,3,2,74,23,420,540,3,5
1661,14,8,14,1,3,1,94,13,60,180,3,5
1662,8,365,10,1,3,2,10,81,60,180,4,5
1663,5,550,7,2,3,2,61,35,60,180,3,5
1664,7,576,9,2,3,1,91,46,300,600,2,5
1665,3,530,5,2,3,1,34,31,60,180,3,5
1666,7,86,7,1,3,1,44,64,180,300,4,5
1667,6,17,7,2,3,2,9,83,420,540,3,5
1668,5,556,7,2,3,2,14,74,300,600,1,5
1669,3,295,3,2,3,2,65,87,300,600,2,5
1670,12,597,14,2,3,1,54,85,420,540,3,5
1671,1,79,3,1,3,1,11,15,60,180,3,5
1672,9,318,9,2,3,2,67,43,420,540,3,5
1673,1,392,2,2,3,2,63,17,300,420,2,5
1674,7,338,8,2,3,1,49,57,0,300,3,5
1675,7,396,7,2,3,1,88,68,420,540,3,5
1676,2,205,3,1,3,2,64,67,60,180,4,5
1677,13,527,14,1,3,2,66,43,60,180,3,5
1678,2,347,3,2,3,2,71,81,300,420,1,5
1679,10,198,10,2,3,2,79,51,420,540,1,5
1680,3,172,4,2,3,1,52,89,420,540,2,5
1681,12,294,13,2,3,2,82,15,60,180,3,5
1682,9,553,11,2,3,1,11,65,420,540,1,5
1683,11,471,12,2,3,1,58,87,300,420,1,5
1684,12,28,13,2,3,1,72,73,300,600,3,5
1685,1,354,1,2,3,2,49,70,420,540,1,5
1686,8,571,10,2,3,1,99,33,180,300,4,5
1687,14,302,14,2,3,1,56,83,420,540,4,5
1688,5,240,5,2,3,1,55,48,420,540,1,5
1689,9,454,10,1,3,2,1,98,180,300,4,5
1690,6,354,7,2,3,2,26,59,180,300,1,5
1691,12,583,14,2,3,1,13,14,420,540,1,5
1692,1,280,2,2,3,1,88,88,60,180,3,5
1693,2,403,2,2,3,1,27,65,420,540,3,5
1694,8,406,8,2,3,2,69,58,420,540,3,5
1695,1,527,3,2,3,2,10,93,0,300,4,5
1696,11,111,11,2,3,1,75,1,180,300,3,5
1697,6,17,6,1,3,1,59,51,60,180,1,5
1698,13,337,14,2,3,2,28,29,0,300,3,5
1699,4,487,5,2,3,1,29,19,300,420,4,5
1700,8,195,8,2,3,1,98,33,420,540,1,5
1701,8,379,8,2,3,2,93,65,420,540,1,5
1702,4,125,4,1,3,1,46,12,180,300,1,5
1703,13,9,13,2,3,2,71,26,0,300,4,5
1704,5,82,5,2,3,1,21,71,180,300,1,5
1705,11,194,11,2,3,2,99,55,420,540,3,5
1706,3,136,3,2,3,1,33,11,300,600,1,5
1707,7,102,7,2,3,1,39,22,420,540,1,5
1708,2,573,3,1,3,1,18,65,0,300,4,5
1709,7,597,8,2,3,1,71,73,0,300,2,5
1710,4,202,4,2,3,2,69,98,300,600,1,5
1711,11,258,12,2,3,2,21,44,180,300,4,5
1712,10,404,10,2,3,1,40,26,420,540,4,5
1713,13,585,14,1,3,2,3,23,0,300,2,5
1714,3,174,3,2,3,2,7,51,420,540,1,5
1715,10,78,11,2,3,1,45,75,300,420,3,5
1716,10,490,11,2,3,2,0,56,420,540,1,5
1717,6,562,8,2,3,1,95,0,300,420,3,5
1718,11,419,11,2,3,2,85,29,420,540,4,5
1719,13,509,14,2,3,1,33,62,0,300,2,5
1720,5,236,6,2,3,2,33,95,420,540,1,5
1721,7,569,9,2,3,2,74,18,420,540,1,5
1722,12,272,13,2,3,1,42,70,300,600,3,5
1723,2,588,4,2,3,1,8,5,0,300,4,5
1724,6,460,7,2,3,1,9,0,0,300,3,5
1725,8,599,9,1,3,1,61,70,60,180,3,5
1726,5,2,5,1,3,2,3,40,60,180,4,5
1727,1,211,2,1,3,1,66,55,0,300,3,5
1728,5,163,5,1,3,2,20,67,180,300,3,5
1729,12,312,12,2,3,2,75,20,420,540,2,5
1730,11,224,12,1,3,2,75,5,0,300,2,5
1731,12,450,14,1,3,2,25,43,0,300,1,5
1732,10,428,11,2,3,1,37,44,60,180,3,5
1733,8,271,8,2,3,2,41,93,420,540,4,5
1734,11,125,11,2,3,1,53,50,180,300,3,5
1735,8,403,9,2,3,2,58,22,420,540,2,5
1736,5,469,6,2,3,1,47,21,60,180,1,5
1737,4,180,4,2,3,1,65,21,180,300,4,5
1738,8,237,9,2,3,2,58,22,300,600,1,5
1739,14,541,15,2,3,2,81,51,300,420,2,5
1740,9,101,11,1,3,1,25,93,0,300,3,5
1741,10,490,12,1,3,2,71,83,0,300,4,5
1742,5,32,6,2,3,1,61,71,180,300,1,5
1743,1,294,2,2,3,2,20,65,60,180,3,5
1744,5,235,7,2,3,1,12,26,300,420,1,5
1745,1,585,3,2,3,1,70,70,60,180,3,5
1746,4,16,5,2,3,1,75,12,0,300,2,5
1747,3,212,4,2,3,2,84,44,420,540,1,5
1748,10,300,11,2,3,1,58,74,60,180,1,5
1749,8,213,9,2,3,1,84,62,60,180,1,5
1750,8,77,8,2,3,2,91,100,420,540,2,5
1751,1,55,1,2,3,1,53,85,0,300,4,5
1752,8,251,8,2,3,1,65,94,420,540,3,5
1753,3,512,4,2,3,1,44,14,420,540,2,5
1754,7,36,7,2,3,2,66,23,420,540,1,5
1755,9,217,9,2,3,2,83,39,420,540,4,5
1756,13,461,15,2,3,1,54,82,180,300,3,5
1757,3,462,5,2,3,2,23,64,0,300,3,5
1758,7,156,7,1,3,2,42,21,180,300,3,5
1759,8,284,8,2,3,2,6,67,300,420,4,5
1760,9,277,9,2,3,2,87,10,300,420,3,5
1761,2,460,3,1,3,1,82,36,60,180,4,5
1762,1,329,2,1,3,1,72,79,60,180,4,5
1763,5,452,7,1,3,1,20,87,60,180,2,5
1764,10,28,11,1,3,2,86,72,0,300,3,5
1765,10,497,12,1,3,1,34,48,60,180,1,5
1766,8,451,10,1,3,2,57,62,60,180,2,5
1767,14,356,14,2,3,1,8,94,420,540,1,5
1768,11,21,11,2,3,1,9,80,60,180,3,5
1769,11,380,11,2,3,1,52,11,420,540,1,5
1770,14,490,16,2,3,1,77,80,180,300,3,5
1771,5,238,5,2,3,2,26,92,300,420,3,5
1772,6,254,7,2,3,2,90,28,60,180,1,5
1773,6,590,8,2,3,2,46,20,180,300,4,5
1774,8,228,8,2,3,2,62,95,300,600,3,5
1775,1,526,2,1,3,2,65,37,0,300,1,5
1776,3,273,3,2,3,1,17,62,420,540,3,5
1777,7,540,9,2,3,2,32,21,0,300,1,5
1778,1,8,2,2,3,2,27,71,420,540,4,5
1779,1,474,3,2,3,2,71,92,0,300,2,5
1780,13,137,13,2,3,2,83,91,420,540,1,5
1781,8,433,10,2,3,1,59,87,60,180,3,5
1782,5,367,5,2,3,2,85,83,420,540,1,5
1783,14,541,15,2,3,1,62,31,0,300,3,5
1784,1,467,2,1,3,1,29,74,60,180,2,5
1785,9,193,9,2,3,1,28,6,300,420,1,5
1786,9,456,10,2,3,2,5,43,300,600,4,5
1787,8,559,9,2,3,1,45,29,60,180,3,5
1788,10,249,10,2,3,1,41,69,420,540,4,5
1789,3,165,3,1,3,2,3,72,180,300,1,5
1790,13,256,13,2,3,1,83,71,420,540,3,5
1791,4,552,6,2,3,1,74,22,180,300,2,5
1792,4,201,4,2,3,1,83,54,300,420,2,5
1793,14,195,14,2,3,2,73,13,420,540,1,5
1794,14,308,14,2,3,2,58,76,420,540,2,5
1795,8,130,8,2,3,1,46,91,300,420,3,5
1796,10,144,11,2,3,2,72,44,180,300,2,5
1797,2,537,3,1,3,1,67,91,180,300,1,5
1798,10,197,11,2,3,2,34,15,60,180,1,5
1799,10,488,11,2,3,1,10,100,0,300,3,5
1800,5,358,6,2,3,1,79,91,60,180,1,5
1801,1,284,1,2,3,2,69,65,300,600,3,5
1802,10,161,11,2,3,2,54,45,420,540,1,5
1803,13,494,14,2,3,2,30,45,0,300,4,5
1804,11,25,11,2,3,1,71,41,420,540,3,5
1805,4,557,5,2,3,1,12,83,0,300,2,5
1806,11,188,11,2,3,2,33,69,300,420,1,5
1807,6,73,7,2,3,1,39,98,300,600,4,5
1808,6,564,8,1,3,1,20,86,0,300,4,5
1809,7,150,7,1,3,2,75,67,180,300,3,5
1810,1,397,3,2,3,2,70,94,60,180,3,5
1811,5,188,5,2,3,2,1,80,420,540,1,5
1812,6,332,6,2,3,2,10,87,420,540,2,5
1813,3,457,5,2,3,1,21,63,180,300,4,5
1814,3,138,4,1,3,1,46,94,0,300,2,5
1815,6,363,7,2,3,2,97,2,180,300,4,5
1816,10,168,10,1,3,2,56,83,180,300,4,5
1817,4,355,5,2,3,2,31,42,180,300,1,5
1818,5,312,5,2,3,2,96,71,420,540,3,5
1819,6,69,7,2,3,1,57,65,420,540,4,5
1820,10,564,11,2,3,2,90,61,0,300,1,5
1821,13,512,14,1,3,1,5,3,180,300,3,5
1822,4,487,6,2,3,1,10,39,60,180,4,5
1823,1,11,1,2,3,1,18,75,60,180,4,5
1824,1,561,2,1,3,2,34,70,0,300,3,5
1825,11,172,12,1,3,2,69,54,0,300,1,5
1826,11,23,12,1,3,1,42,20,60,180,2,5
1827,6,462,7,2,3,2,100,67,300,600,3,5
1828,6,140,6,2,3,2,55,33,300,420,1,5
1829,9,577,11,2,3,1,59,98,420,540,1,5
1830,10,183,10,2,3,1,60,33,420,540,2,5
1831,8,576,9,2,3,1,41,15,300,600,2,5
1832,5,162,5,2,3,2,37,46,180,300,3,5
1833,12,321,14,2,3,2,59,81,0,300,3,5
1834,4,12,5,1,3,1,40,49,180,300,2,5
1835,8,315,8,2,3,1,93,53,420,540,1,5
1836,14,298,15,2,3,1,50,16,420,540,2,5
1837,6,388,7,2,3,2,97,78,60,180,3,5
1838,13,336,14,2,3,2,92,83,60,180,1,5
1839,14,426,15,1,3,2,16,8,60,180,1,5
1840,10,233,11,1,3,1,88,68,60,180,2,5
1841,6,199,8,2,3,2,24,68,300,600,3,5
1842,10,357,10,2,3,2,66,69,420,540,4,5
1843,12,500,14,1,3,1,89,47,60,180,4,5
1844,9,408,9,2,3,1,6,87,420,540,2,5
1845,8,480,9,1,3,2,59,18,0,300,2,5
1846,5,436,6,2,3,1,1,21,420,540,1,5
1847,11,270,12,1,3,1,54,28,60,180,1,5
1848,7,544,8,2,3,1,75,30,0,300,1,5
1849,9,126,9,2,3,2,27,15,420,540,2,5
1850,7,438,9,1,3,1,19,52,0,300,2,5
1851,11,257,12,1,3,1,23,39,180,300,4,5
1852,13,158,13,1,3,2,3,78,180,300,4,5
1853,6,305,6,2,3,2,94,90,420,540,1,5
1854,2,129,2,1,3,1,4,31,180,300,3,5
1855,8,355,8,2,3,2,57,19,420,540,3,5
1856,14,27,14,1,3,1,65,90,60,180,3,5
1857,8,502,9,2,3,2,17,68,60,180,1,5
1858,14,587,15,1,3,2,60,21,0,300,2,5
1859,14,6,15,1,3,1,51,25,0,300,4,5
1860,7,42,8,2,3,2,48,37,300,600,2,5
1861,11,248,11,2,3,2,30,2,300,420,2,5
1862,2,596,4,2,3,1,33,72,0,300,1,5
1863,5,164,5,1,3,2,81,86,180,300,2,5
1864,13,457,14,2,3,2,30,98,420,540,3,5
1865,2,564,4,2,3,1,61,28,60,180,3,5
1866,6,392,6,2,3,2,24,0,420,540,1,5
1867,5,68,5,1,3,2,88,11,180,300,4,5
1868,12,90,13,2,3,2,26,14,180,300,3,5
1869,11,282,11,2,3,2,79,25,300,420,1,5
1870,7,317,7,2,3,2,27,82,420,540,2,5
1871,9,464,11,1,3,2,68,27,180,300,2,5
1872,7,441,8,2,3,2,64,2,60,180,2,5
1873,7,141,7,2,3,1,42,77,420,540,4,5
1874,14,483,15,2,3,2,70,13,180,300,1,5
1875,13,353,13,2,3,2,68,64,420,540,3,5
1876,5,489,7,2,3,2,8,39,180,300,2,5
1877,13,284,13,2,3,2,91,22,300,600,3,5
1878,5,292,7,1,3,2,74,47,180,300,1,5
1879,14,194,15,2,3,2,37,96,180,300,3,5
1880,4,515,6,2,3,1,93,100,420,540,3,5
1881,7,328,8,2,3,1,27,12,180,300,2,5
1882,6,470,8,2,3,1,27,37,180,300,3,5
1883,9,157,9,2,3,1,69,54,420,540,1,5
1884,11,141,11,1,3,1,95,67,180,300,4,5
1885,4,472,5,2,3,1,71,19,0,300,4,5
1886,1,21,1,2,3,2,0,23,0,300,2,5
1887,14,564,15,1,3,1,86,59,180,300,3,5
1888,7,13,7,1,3,1,66,56,60,180,4,5
1889,4,392,4,2,3,1,90,67,420,540,1,5
1890,3,423,5,2,3,2,36,99,0,300,4,5
1891,8,552,9,2,3,1,43,12,0,300,4,5
1892,2,24,3,2,3,2,83,2,0,300,3,5
1893,3,268,4,2,3,2,92,2,420,540,1,5
1894,2,560,4,2,3,1,68,7,0,300,3,5
1895,12,66,12,2,3,2,27,59,300,600,4,5
1896,1,459,3,1,3,2,36,10,0,300,4,5
1897,9,54,9,1,3,2,66,78,60,180,1,5
1898,6,598,7,2,3,1,36,88,180,300,3,5
1899,8,100,8,2,3,2,37,49,420,540,4,5
1900,6,125,7,1,3,2,14,82,0,300,2,5
1901,13,567,15,2,3,1,86,43,420,540,1,5
1902,8,451,10,2,3,1,38,11,60,180,2,5
1903,3,91,4,2,3,1,37,53,300,420,2,5
1904,6,220,7,2,3,2,91,80,60,180,4,5
1905,10,82,11,1,3,1,17,28,60,180,3,5
1906,11,510,13,2,3,2,85,13,300,600,4,5
1907,4,145,5,2,3,1,24,24,60,180,1,5
1908,8,372,9,1,3,2,97,82,180,300,4,5
1909,4,55,4,1,3,1,69,65,60,180,2,5
1910,12,591,14,2,3,1,64,22,60,180,4,5
1911,2,482,4,1,3,1,80,5,0,300,1,5
1912,9,258,9,2,3,1,43,95,420,540,3,5
1913,2,555,3,2,3,1,28,55,420,540,2,5
1914,6,220,6,2,3,2,16,70,300,600,3,5
1915,8,154,8,1,3,2,39,24,180,300,2,5
1916,11,398,12,1,3,1,98,38,0,300,2,5
1917,13,320,13,2,3,2,93,17,420,540,1,5
1918,3,190,4,2,3,2,99,59,420,540,4,5
1919,5,213,5,2,3,2,13,16,420,540,2,5
1920,13,587,14,1,3,1,71,25,60,180,4,5
1921,2,22,2,1,3,2,54,33,60,180,3,5
1922,7,429,9,2,3,2,66,88,420,540,3,5
1923,14,72,14,2,3,1,12,48,180,300,2,5
1924,1,66,1,2,3,2,67,32,180,300,2,5
1925,13,370,13,2,3,1,47,42,420,540,4,5
1926,3,171,3,2,3,1,36,32,300,600,2,5
1927,13,386,13,2,3,1,52,16,420,540,1,5
1928,2,243,3,2,3,2,88,65,0,300,1,5
1929,8,145,9,2,3,2,81,69,180,300,3,5
1930,6,533,7,2,3,1,63,0,0,300,2,5
1931,1,520,2,2,3,2,71,34,0,300,1,5
1932,8,506,10,1,3,2,70,8,60,180,1,5
1933,5,523,6,1,3,2,55,3,0,300,4,5
1934,14,577,15,2,3,2,71,14,180,300,4,5
1935,5,126,6,2,3,1,80,27,180,300,4,5
1936,10,158,10,1,3,2,68,64,180,300,2,5
1937,10,495,12,2,3,2,48,61,60,180,2,5
1938,4,553,6,2,3,1,75,76,300,600,4,5
1939,3,68,4,2,3,1,59,49,60,180,2,5
1940,2,558,4,2,3,2,27,61,60,180,2,5
1941,14,67,14,2,3,2,99,4,180,300,1,5
1942,2,422,4,2,3,2,11,26,60,180,3,5
1943,14,566,16,1,3,2,59,24,60,180,4,5
1944,3,492,4,1,3,2,27,10,180,300,2,5
1945,9,191,10,2,3,2,93,36,420,540,1,5
1946,1,81,1,2,3,2,81,98,300,420,2,5
1947,8,26,9,2,3,2,95,29,0,300,3,5
1948,2,106,3,1,3,2,76,24,0,300,1,5
1949,8,518,10,2,3,2,58,22,420,540,1,5
1950,13,96,14,2,3,2,26,41,180,300,2,5
1951,7,269,7,2,3,1,79,85,300,600,1,5
1952,5,107,5,1,3,2,43,78,180,300,1,5
1953,12,370,13,1,3,2,11,36,0,300,3,5
1954,1,433,3,2,3,1,60,28,60,180,4,5
1955,11,298,12,2,3,1,51,0,180,300,2,5
1956,9,0,9,1,3,1,57,64,60,180,4,5
1957,1,268,3,2,3,2,56,35,60,180,1,5
1958,11,549,13,2,3,1,87,34,180,300,2,5
1959,11,112,12,2,3,1,59,60,60,180,2,5
1960,10,350,10,2,3,2,29,23,420,540,1,5
1961,5,382,6,2,3,2,21,21,60,180,4,5
1962,9,485,11,2,3,2,10,68,0,300,3,5
1963,14,244,14,2,3,1,56,8,420,540,4,5
1964,5,16,6,2,3,1,77,31,180,300,3,5
1965,13,509,14,1,3,1,98,99,0,300,2,5
1966,11,169,12,2,3,2,7,76,300,420,1,5
1967,6,178,6,2,3,1,69,59,300,420,1,5
1968,12,325,13,2,3,1,69,70,60,180,2,5
1969,12,416,13,2,3,1,35,65,0,300,4,5
1970,2,274,3,1,3,1,49,97,60,180,4,5
1971,14,385,15,2,3,1,52,71,0,300,4,5
1972,7,438,9,2,3,1,51,65,300,600,2,5
1973,6,387,6,2,3,1,15,91,420,540,4,5
1974,2,516,4,2,3,2,52,95,0,300,2,5
1975,9,121,9,2,3,2,8,51,420,540,2,5
1976,12,144,13,1,3,2,58,68,180,300,2,5
1977,5,82,7,1,3,1,84,18,60,180,1,5
1978,7,596,8,2,3,1,62,25,60,180,4,5
1979,7,148,7,2,3,2,99,71,180,300,2,5
1980,5,36,5,2,3,1,68,8,420,540,3,5
1981,12,433,13,2,3,1,68,94,180,300,1,5
1982,12,209,12,2,3,1,0,78,300,420,4,5
1983,12,150,12,1,3,2,67,86,180,300,2,5
1984,2,449,4,2,3,1,61,91,300,420,3,5
1985,6,63,6,2,3,1,87,31,300,600,3,5
1986,7,92,8,1,3,2,36,4,180,300,2,5
1987,5,27,5,1,3,1,48,8,60,180,4,5
1988,13,180,14,2,3,1,94,5,180,300,2,5
1989,12,130,12,1,3,2,15,96,180,300,2,5
1990,13,493,15,1,3,2,11,83,0,300,2,5
1991,7,522,9,2,3,1,2,49,420,540,3,5
1992,3,323,3,2,3,2,12,87,420,540,1,5
1993,10,96,10,2,3,2,36,76,180,300,1,5
1994,8,270,8,2,3,2,33,39,420,540,3,5
1995,1,596,2,2,3,2,75,87,0,300,1,5
1996,4,479,6,1,3,2,59,32,60,180,2,5
1997,7,121,8,2,3,1,52,60,0,300,1,5
1998,5,269,6,2,3,2,66,2,0,300,2,5
1999,9,82,9,1,3,1,68,33,180,300,2,5
2000,3,569,4,2,3,2,57,64,60,180,1,5
2001,5,124,5,2,3,1,65,63,300,600,1,5
2002,2,130,2,2,3,2,2,2,420,540,4,5
2003,1,290,1,2,3,1,47,47,420,540,1,5
2004,8,182,9,2,3,1,58,13,300,600,2,5
2005,1,76,1,1,3,2,27,41,180,300,3,5
2006,13,244,13,2,3,2,87,0,420,540,1,5
2007,4,524,6,2,3,1,48,87,300,600,1,5
2008,2,105,2,2,3,2,28,61,300,420,3,5
2009,4,525,5,2,3,2,62,50,420,540,3,5
2010,9,206,10,2,3,2,96,23,300,600,2,5
2011,8,187,8,2,3,2,78,53,300,420,1,5
2012,8,281,8,2,3,1,33,94,300,600,1,5
2013,9,494,10,2,3,2,59,18,0,300,4,5
2014,10,494,11,1,3,2,19,46,60,180,4,5
2015,11,508,12,2,3,2,99,44,60,180,3,5
2016,5,558,7,1,3,1,49,26,180,300,3,5
2017,13,466,15,2,3,2,96,0,60,180,1,5
2018,2,491,3,1,3,1,92,27,60,180,3,5
2019,9,540,11,1,3,2,87,20,0,300,3,5
2020,6,20,6,1,3,2,32,93,60,180,3,5
2021,3,437,4,1,3,2,15,19,180,300,3,5
2022,8,525,10,2,3,1,44,81,300,420,4,5
2023,13,364,13,2,3,1,47,84,420,540,2,5
2024,10,524,11,2,3,1,3,73,180,300,2,5
2025,2,523,4,2,3,1,20,65,180,300,4,5
2026,5,452,7,1,3,2,0,84,60,180,4,5
2027,11,290,11,2,3,2,1,21,300,420,3,5
2028,8,93,9,2,3,1,43,32,300,600,4,5
2029,2,305,3,1,3,2,57,8,60,180,3,5
2030,3,471,5,1,3,2,82,73,60,180,1,5
2031,3,64,4,2,3,1,76,37,60,180,3,5
2032,1,313,1,2,3,1,4,46,420,540,3,5
2033,2,394,2,2,3,2,76,6,420,540,1,5
2034,11,488,13,1,3,2,95,39,60,180,4,5
2035,1,321,1,2,3,1,76,43,420,540,3,5
2036,12,505,14,2,3,1,19,84,60,180,1,5
2037,4,594,5,2,3,2,49,67,300,600,2,5
2038,7,310,7,2,3,2,17,54,420,540,4,5
2039,10,338,11,1,3,1,40,93,0,300,2,5
2040,1,504,3,2,3,2,29,96,0,300,2,5
2041,12,549,13,2,3,2,31,99,0,300,3,5
2042,8,32,9,2,3,1,58,41,60,180,3,5
2043,5,516,7,2,3,2,37,51,180,300,4,5
2044,14,586,16,1,3,2,58,88,180,300,3,5
2045,7,223,7,2,3,2,5,35,300,600,1,5
2046,7,297,8,2,3,1,89,31,300,420,4,5
2047,1,467,2,2,3,2,99,29,420,540,1,5
2048,14,107,15,2,3,1,73,10,60,180,3,5
2049,1,509,2,2,3,1,14,98,180,300,4,5
2050,14,423,16,2,3,1,63,20,420,540,1,5
2051,3,274,3,2,3,2,31,74,420,540,4,5
2052,13,465,15,2,3,2,23,79,0,300,2,5
2053,9,87,9,2,3,1,56,35,180,300,3,5
2054,13,67,14,1,3,2,61,59,180,300,1,5
2055,14,240,14,2,3,1,36,94,300,600,2,5
2056,6,197,6,2,3,1,22,50,420,540,2,5
2057,11,562,12,1,3,1,87,2,60,180,3,5
2058,4,66,5,1,3,2,39,92,180,300,1,5
2059,5,209,6,2,3,2,88,58,420,540,3,5
2060,2,26,3,1,3,1,71,19,0,300,4,5
2061,11,92,11,1,3,1,79,61,180,300,2,5
2062,9,357,10,1,3,2,68,64,60,180,3,5
2063,2,231,3,1,3,2,13,64,0,300,4,5
2064,7,85,7,2,3,1,61,100,420,540,3,5
2065,3,173,3,2,3,2,76,34,180,300,4,5
2066,4,584,5,1,3,2,35,19,60,180,3,5
2067,1,205,3,2,3,1,81,17,60,180,2,5
2068,1,436,3,2,3,1,60,3,60,180,3,5
2069,11,411,11,2,3,2,77,47,420,540,4,5
2070,13,157,14,1,3,2,16,65,60,180,2,5
2071,9,165,9,2,3,2,3,9,180,300,1,5
2072,3,125,4,1,3,2,11,8,60,180,4,5
2073,9,466,10,2,3,1,10,24,180,300,2,5
2074,5,248,6,2,3,2,3,62,0,300,2,5
2075,3,104,3,1,3,1,92,57,180,300,4,5
2076,14,155,14,2,3,2,64,36,420,540,4,5
2077,10,502,12,1,3,1,50,28,60,180,1,5
2078,7,298,7,2,3,1,47,36,300,600,1,5
2079,11,131,11,2,3,1,42,81,420,540,1,5
2080,10,26,10,1,3,1,96,31,60,180,3,5
2081,4,30,5,2,3,2,97,1,420,540,2,5
2082,7,276,7,2,3,2,94,76,420,540,1,5
2083,8,57,8,2,3,1,48,6,0,300,1,5
2084,9,382,10,1,3,2,80,22,60,180,3,5
2085,8,169,9,2,3,1,82,27,60,180,3,5
2086,5,470,6,2,3,1,100,77,0,300,2,5
2087,3,252,4,2,3,2,62,83,180,300,4,5
2088,3,436,4,2,3,1,4,16,420,540,4,5
2089,12,59,14,1,3,1,60,90,60,180,3,5
2090,8,305,8,2,3,2,68,2,420,540,1,5
2091,7,411,7,2,3,1,8,74,420,540,1,5
2092,9,414,9,2,3,1,35,98,420,540,4,5
2093,13,511,15,2,3,1,46,86,0,300,1,5
2094,9,19,11,2,3,1,100,62,420,540,2,5
2095,2,5,2,2,3,1,0,59,180,300,4,5
2096,4,324,4,2,3,2,50,97,420,540,2,5
2097,1,257,2,2,3,2,14,11,0,300,2,5
2098,12,349,13,1,3,1,2,31,0,300,2,5
2099,13,389,14,2,3,1,27,45,180,300,2,5
2100,8,268,9,2,3,2,23,92,300,600,1,5
2101,12,140,12,2,3,2,28,13,300,420,4,5
2102,9,380,10,2,3,1,4,68,60,180,1,5
2103,8,343,8,2,3,2,86,20,420,540,4,5
2104,8,21,8,2,3,2,35,85,420,540,4,5
2105,9,274,9,2,3,1,47,23,300,600,2,5
2106,12,446,14,2,3,2,15,77,180,300,2,5
2107,2,450,4,1,3,1,76,54,0,300,3,5
2108,8,128,9,2,3,1,17,8,180,300,4,5
2109,3,152,3,2,3,1,72,92,420,540,4,5
2110,4,500,6,2,3,2,1,67,420,540,4,5
2111,12,428,13,2,3,2,37,24,180,300,3,5
2112,13,478,14,2,3,1,93,79,180,300,3,5
2113,6,219,6,2,3,2,0,39,420,540,4,5
2114,5,231,5,2,3,1,34,20,420,540,2,5
2115,4,331,4,2,3,2,30,72,420,540,4,5
2116,12,154,12,1,3,1,89,77,180,300,2,5
2117,6,203,6,2,3,2,57,15,300,420,2,5
2118,8,184,9,2,3,2,19,59,0,300,1,5
2119,11,278,11,2,3,1,15,49,300,420,1,5
2120,1,178,2,2,3,2,19,75,300,420,2,5
2121,10,209,10,2,3,2,91,76,420,540,2,5
2122,14,482,15,2,3,2,58,21,180,300,4,5
2123,10,489,12,2,3,2,100,98,60,180,2,5
2124,10,367,10,2,3,2,74,70,420,540,1,5
2125,5,220,5,2,3,1,14,17,420,540,4,5
2126,1,45,1,2,3,2,1,63,300,420,1,5
2127,10,214,10,2,3,2,90,5,300,420,4,5
2128,11,92,11,2,3,1,48,51,420,540,1,5
2129,6,385,6,2,3,2,85,43,420,540,1,5
2130,6,108,7,2,3,2,88,20,300,420,2,5
2131,8,445,9,2,3,1,16,34,0,300,3,5
2132,14,5,14,2,3,1,58,12,60,180,3,5
2133,9,584,10,2,3,2,42,89,0,300,1,5
2134,5,457,7,1,3,2,26,70,60,180,3,5
2135,9,337,10,2,3,2,30,77,420,540,4,5
2136,13,123,13,2,3,1,63,63,420,540,4,5
2137,14,64,14,1,3,1,48,90,180,300,3,5
2138,4,6,5,2,3,1,27,0,60,180,3,5
2139,13,141,13,2,3,1,83,87,300,600,4,5
2140,12,169,12,1,3,2,13,100,180,300,1,5
2141,8,543,10,2,3,2,78,30,300,420,1,5
2142,4,481,5,2,3,2,39,56,0,300,3,5
2143,2,183,2,2,3,1,5,80,420,540,4,5
2144,7,468,9,1,3,1,47,94,60,180,1,5
2145,11,213,12,2,3,2,58,83,0,300,2,5
2146,1,590,2,2,3,2,34,25,420,540,1,5
2147,11,385,12,2,3,1,77,58,0,300,3,5
2148,2,174,2,2,3,1,34,33,300,600,2,5
2149,1,581,3,2,3,1,14,81,180,300,4,5
2150,9,63,9,2,3,1,14,20,180,300,2,5
2151,10,518,11,2,3,2,10,40,180,300,4,5
2152,14,178,14,2,3,2,62,86,420,540,2,5
2153,6,114,7,1,3,2,42,41,180,300,4,5
2154,1,575,2,2,3,2,26,47,60,180,1,5
2155,5,16,5,2,3,1,59,48,60,180,3,5
2156,6,117,7,2,3,2,53,27,0,300,3,5
2157,7,79,7,2,3,2,5,88,180,300,3,5
2158,6,248,7,2,3,2,21,15,60,180,4,5
2159,13,377,14,2,3,1,89,76,60,180,4,5
2160,13,408,13,2,3,2,1,8,420,540,1,5
2161,8,251,8,2,3,2,38,81,420,540,2,5
2162,9,288,10,1,3,1,2,94,0,300,2,5
2163,7,47,7,2,3,2,21,10,300,600,4,5
2164,11,443,13,1,3,1,64,27,60,180,1,5
2165,5,458,6,2,3,2,61,50,420,540,2,5
2166,9,475,10,2,3,1,31,69,420,540,4,5
2167,1,579,2,2,3,2,26,23,300,420,2,5
2168,6,362,6,2,3,1,50,45,420,540,3,5
2169,14,36,14,2,3,1,38,45,60,180,1,5
2170,8,325,9,1,3,2,44,41,0,300,4,5
2171,8,492,9,2,3,2,55,85,300,600,1,5
2172,3,190,4,2,3,2,2,43,420,540,4,5
2173,6,432,8,2,3,1,84,21,0,300,1,5
2174,14,180,15,2,3,2,23,24,0,300,1,5
2175,11,296,11,2,3,2,45,68,420,540,1,5
2176,12,71,12,2,3,1,62,67,300,420,4,5
2177,6,395,7,2,3,1,54,38,420,540,3,5
2178,14,580,16,2,3,2,42,77,0,300,4,5
2179,13,455,14,2,3,1,38,22,300,420,4,5
2180,1,548,2,2,3,2,61,52,300,420,3,5
2181,7,554,9,1,3,2,1,38,0,300,4,5
2182,4,241,4,2,3,1,54,99,300,600,4,5
2183,10,166,10,2,3,1,83,35,420,540,2,5
2184,12,347,12,2,3,1,27,54,420,540,1,5
2185,9,51,9,1,3,1,84,15,60,180,1,5
2186,6,119,6,2,3,2,15,67,300,600,2,5
2187,9,191,9,2,3,1,65,67,420,540,2,5
2188,10,177,11,2,3,2,95,38,0,300,2,5
2189,13,85,15,1,3,2,97,83,180,300,1,5
2190,1,258,1,2,3,1,59,88,420,540,1,5
2191,6,590,8,2,3,2,1,5,180,300,3,5
2192,5,205,6,1,3,2,77,48,60,180,3,5
2193,3,22,3,2,3,2,21,41,420,540,1,5
2194,7,115,7,2,3,1,80,45,420,540,3,5
2195,6,294,6,2,3,1,54,6,420,540,4,5
2196,9,107,9,2,3,2,24,93,300,600,3,5
2197,1,342,1,2,3,1,23,63,420,540,3,5
2198,10,265,11,2,3,1,42,45,420,540,3,5
2199,11,226,12,2,3,2,84,76,60,180,3,5
2200,4,332,4,2,3,2,92,52,420,540,2,5
2201,8,107,9,2,3,2,27,95,300,420,3,5
2202,2,345,2,2,3,1,29,13,420,540,2,5
2203,2,230,2,2,3,1,26,19,420,540,2,5
2204,6,543,7,1,3,2,0,99,180,300,3,5
2205,11,510,12,2,3,1,6,6,0,300,3,5
2206,2,378,2,2,3,2,8,22,420,540,4,5
2207,9,362,9,2,3,2,88,67,420,540,4,5
2208,1,263,1,2,3,1,52,66,300,600,2,5
2209,10,298,11,1,3,1,55,93,180,300,1,5
2210,7,214,8,1,3,1,6,1,0,300,1,5
2211,12,388,12,2,3,2,95,45,420,540,4,5
2212,7,336,8,2,3,2,35,91,60,180,3,5
2213,9,447,11,2,3,1,48,94,60,180,1,5
2214,1,378,1,2,3,2,21,16,420,540,1,5
2215,2,489,4,2,3,1,98,5,0,300,1,5
2216,4,351,4,2,3,2,39,28,420,540,1,5
2217,14,244,15,2,3,2,62,83,420,540,3,5
2218,2,154,3,1,3,2,89,59,60,180,4,5
2219,9,423,11,2,3,2,6,60,60,180,1,5
2220,4,376,4,2,3,2,1,6,420,540,2,5
2221,4,538,6,2,3,1,49,18,0,300,4,5
2222,1,41,1,1,3,1,81,51,60,180,4,5
2223,12,317,13,1,3,1,15,9,0,300,1,5
2224,8,179,10,2,3,2,53,62,0,300,2,5
2225,7,504,8,1,3,2,50,97,180,300,1,5
2226,11,215,12,2,3,2,37,8,300,420,2,5
2227,5,101,5,2,3,1,60,77,420,540,1,5
2228,9,63,10,1,3,2,85,67,180,300,2,5
2229,7,311,8,2,3,2,25,67,60,180,4,5
2230,6,369,7,2,3,1,47,62,300,420,4,5
2231,1,519,3,2,3,1,43,94,180,300,4,5
2232,7,279,7,2,3,1,10,87,420,540,4,5
2233,8,88,8,2,3,2,63,40,420,540,4,5
2234,6,169,8,2,3,1,34,82,180,300,3,5
2235,3,539,5,2,3,2,97,5,300,600,4,5
2236,13,5,14,2,3,1,3,47,180,300,2,5
2237,7,499,9,2,3,2,93,57,180,300,3,5
2238,1,277,1,2,3,2,12,39,300,600,2,5
2239,8,26,9,1,3,2,58,62,0,300,4,5
2240,8,339,10,2,3,2,29,75,0,300,2,5
2241,2,455,3,2,3,2,3,54,420,540,2,5
2242,5,19,6,2,3,1,99,22,60,180,3,5
2243,11,74,13,2,3,1,61,86,0,300,2,5
2244,14,130,14,2,3,1,0,6,420,540,1,5
2245,3,20,3,1,3,1,34,12,60,180,1,5
2246,4,508,6,1,3,1,66,85,60,180,4,5
2247,10,168,10,2,3,2,14,30,180,300,2,5
2248,2,400,3,2,3,1,90,26,420,540,4,5
2249,4,524,6,2,3,2,41,67,420,540,4,5
2250,2,243,2,2,3,2,24,24,420,540,4,5
2251,4,591,6,2,3,1,0,37,180,300,2,5
2252,1,154,1,2,3,2,31,98,420,540,4,5
2253,3,77,5,1,3,2,45,98,0,300,3,5
2254,7,266,7,2,3,2,79,24,420,540,4,5
2255,11,588,12,1,3,1,46,76,180,300,4,5
2256,11,303,12,1,3,2,96,64,180,300,3,5
2257,11,279,12,1,3,2,47,34,0,300,3,5
2258,13,223,13,2,3,2,87,39,300,420,2,5
2259,6,24,6,1,3,2,46,47,60,180,1,5
2260,1,485,2,2,3,1,37,50,0,300,3,5
2261,8,35,8,1,3,1,6,59,60,180,3,5
2262,6,401,6,2,3,2,76,100,420,540,4,5
2263,4,474,5,1,3,1,89,25,0,300,2,5
2264,9,443,11,1,3,2,89,88,0,300,4,5
2265,8,331,9,1,3,2,84,85,60,180,2,5
2266,14,209,14,2,3,1,3,80,300,420,2,5
2267,6,364,6,2,3,2,100,69,420,540,2,5
2268,14,65,15,2,3,1,23,66,180,300,3,5
2269,11,42,11,2,3,2,78,58,60,180,4,5
2270,6,434,7,2,3,2,67,65,420,540,4,5
2271,12,498,13,1,3,1,18,8,180,300,2,5
2272,10,15,10,2,3,1,10,42,180,300,4,5
2273,6,432,7,2,3,2,12,24,180,300,1,5
2274,1,175,1,2,3,2,2,72,180,300,1,5
2275,5,236,5,2,3,2,45,98,420,540,2,5
2276,5,94,5,1,3,1,60,62,180,300,4,5
2277,2,19,2,2,3,1,88,58,300,600,3,5
2278,5,443,7,2,3,1,89,0,0,300,4,5
2279,4,47,4,1,3,1,94,62,60,180,1,5
2280,1,520,2,1,3,2,58,24,0,300,3,5
2281,2,279,2,2,3,1,29,62,420,540,4,5
2282,4,485,6,1,3,2,82,36,60,180,3,5
2283,4,467,6,2,3,1,75,15,0,300,2,5
2284,1,63,1,2,3,1,99,39,420,540,2,5
2285,14,457,16,1,3,2,78,42,60,180,2,5
2286,9,107,9,1,3,2,47,45,180,300,2,5
2287,4,149,4,2,3,2,87,99,300,420,3,5
2288,4,182,4,2,3,1,11,73,300,420,2,5
2289,1,42,1,1,3,2,85,12,60,180,1,5
2290,1,342,1,2,3,2,6,28,420,540,1,5
2291,4,245,4,2,3,2,60,1,420,540,4,5
2292,9,310,10,1,3,1,10,44,60,180,3,5
2293,6,191,6,2,3,1,26,18,300,600,3,5
2294,1,324,1,2,3,1,21,20,420,540,3,5
2295,1,183,1,2,3,1,41,88,300,600,4,5
2296,3,525,4,2,3,2,44,31,420,540,2,5
2297,12,344,12,2,3,2,33,14,420,540,3,5
2298,14,14,15,1,3,2,25,100,180,300,4,5
2299,9,34,9,2,3,2,78,31,0,300,1,5
2300,11,197,11,2,3,1,49,99,420,540,4,5
2301,10,487,11,2,3,1,12,62,60,180,1,5
2302,14,430,16,2,3,2,41,43,0,300,2,5
2303,11,597,12,1,3,2,49,69,0,300,1,5
2304,4,470,6,1,3,2,58,6,60,180,2,5
2305,4,240,5,1,3,1,28,59,60,180,3,5
2306,6,216,7,2,3,1,2,58,60,180,2,5
2307,5,18,5,2,3,2,67,98,180,300,3,5
2308,9,138,9,2,3,2,84,22,300,600,2,5
2309,5,453,7,2,3,1,60,54,300,420,3,5
2310,9,330,10,1,3,1,75,29,60,180,2,5
2311,6,478,8,2,3,1,40,37,0,300,3,5
2312,4,419,4,2,3,2,64,25,420,540,4,5
2313,7,156,7,2,3,1,55,60,180,300,3,5
2314,9,251,9,2,3,1,59,19,420,540,4,5
2315,12,200,13,1,3,1,6,70,60,180,3,5
2316,12,89,12,1,3,2,59,27,180,300,1,5
2317,9,372,9,2,3,1,40,56,420,540,4,5
2318,7,497,8,2,3,2,52,7,300,420,1,5
2319,2,286,2,2,3,2,5,64,420,540,1,5
2320,9,323,9,2,3,1,6,78,420,540,3,5
2321,2,159,2,2,3,2,100,85,420,540,4,5
2322,12,443,13,2,3,1,47,81,0,300,4,5
2323,10,289,11,1,3,1,82,13,180,300,2,5
2324,7,305,7,2,3,1,57,79,420,540,4,5
2325,9,217,10,1,3,2,61,89,0,300,1,5
2326,1,505,2,1,3,2,88,40,180,300,3,5
2327,7,357,7,2,3,1,100,56,420,540,4,5
2328,9,217,10,2,3,1,64,4,180,300,3,5
2329,13,96,14,2,3,1,53,20,0,300,3,5
2330,12,393,12,2,3,1,7,18,420,540,2,5
2331,3,54,3,2,3,1,56,11,60,180,1,5
2332,14,482,15,1,3,2,83,38,0,300,1,5
2333,1,460,2,1,3,1,2,95,60,180,2,5
2334,8,411,8,2,3,2,96,13,420,540,4,5
2335,5,333,6,1,3,2,38,86,180,300,2,5
2336,12,192,12,2,3,1,4,23,420,540,1,5
2337,4,436,5,2,3,1,40,20,300,600,1,5
2338,10,460,12,2,3,2,15,52,300,600,1,5
2339,4,516,5,2,3,2,90,42,180,300,4,5
2340,2,514,4,2,3,1,41,96,60,180,1,5
2341,13,278,13,2,3,1,85,82,300,600,2,5
2342,11,80,11,2,3,1,33,6,300,420,4,5
2343,3,557,4,2,3,2,86,83,180,300,2,5
2344,9,566,10,2,3,2,53,4,60,180,3,5
2345,13,259,14,2,3,2,99,16,300,420,3,5
2346,14,537,15,2,3,2,93,42,0,300,2,5
2347,8,94,8,2,3,2,2,94,180,300,2,5
2348,8,478,9,2,3,1,50,1,180,300,4,5
2349,11,447,12,2,3,1,84,70,180,300,4,5
2350,8,283,9,2,3,2,89,52,60,180,4,5
2351,10,413,10,2,3,2,85,4,420,540,4,5
2352,8,130,8,1,3,2,0,70,180,300,1,5
2353,11,525,12,1,3,1,54,38,0,300,4,5
2354,6,496,7,1,3,1,66,91,180,300,3,5
2355,2,385,2,2,3,1,6,38,420,540,3,5
2356,6,352,6,2,3,2,36,9,420,540,1,5
2357,13,444,14,2,3,2,53,25,420,540,3,5
2358,11,410,12,2,3,2,92,46,0,300,2,5
2359,1,545,3,2,3,1,15,74,300,420,3,5
2360,4,29,4,1,3,2,15,1,60,180,3,5
2361,11,154,11,2,3,2,38,6,300,420,4,5
2362,10,474,11,2,3,2,43,18,300,420,1,5
2363,5,80,6,2,3,1,92,94,0,300,2,5
2364,12,68,12,2,3,2,71,44,300,600,2,5
2365,14,207,14,2,3,1,40,17,300,420,3,5
2366,3,117,3,2,3,1,29,0,420,540,2,5
2367,5,101,6,1,3,1,74,5,0,300,4,5
2368,3,99,3,2,3,2,7,73,180,300,1,5
2369,9,568,11,2,3,1,41,27,300,600,2,5
2370,13,376,13,2,3,2,13,97,420,540,2,5
2371,3,383,4,1,3,1,14,20,60,180,1,5
2372,14,566,15,2,3,1,75,35,60,180,4,5
2373,5,53,6,1,3,1,27,0,180,300,2,5
2374,1,504,2,2,3,1,18,47,0,300,2,5
2375,8,314,9,1,3,2,7,85,180,300,2,5
2376,14,389,14,2,3,2,99,82,420,540,2,5
2377,7,264,7,2,3,1,67,89,300,600,4,5
2378,12,211,12,2,3,2,62,36,300,600,3,5
2379,1,359,2,1,3,2,70,37,0,300,3,5
2380,6,294,6,2,3,1,87,80,300,420,3,5
2381,8,580,10,1,3,1,60,62,0,300,1,5
2382,13,77,13,2,3,2,73,75,300,600,1,5
2383,1,26,1,2,3,1,45,66,300,420,3,5
2384,14,264,14,2,3,1,66,76,420,540,3,5
2385,10,261,11,2,3,2,87,49,60,180,4,5
2386,10,60,10,2,3,2,59,3,420,540,4,5
2387,8,484,10,2,3,1,30,28,180,300,3,5
2388,9,524,10,2,3,2,0,98,180,300,4,5
2389,2,227,3,2,3,1,74,92,180,300,1,5
2390,8,484,9,2,3,2,71,90,420,540,2,5
2391,12,436,14,1,3,1,99,61,60,180,1,5
2392,4,59,5,2,3,1,7,76,180,300,4,5
2393,10,53,11,1,3,2,74,13,180,300,4,5
2394,5,364,6,1,3,1,99,31,0,300,4,5
2395,5,103,6,2,3,2,82,24,60,180,4,5
2396,14,89,15,2,3,1,94,15,420,540,3,5
2397,8,54,8,2,3,2,92,59,0,300,1,5
2398,5,482,7,2,3,1,29,49,420,540,2,5
2399,9,439,11,1,3,2,26,65,180,300,1,5
2400,9,63,10,1,3,2,60,72,180,300,4,5
2401,6,353,6,2,3,1,75,42,420,540,4,5
2402,11,136,11,2,3,1,97,90,180,300,4,5
2403,6,221,6,2,3,2,96,94,300,420,3,5
2404,1,374,1,2,3,1,64,31,420,540,1,5
2405,8,455,9,2,3,2,42,27,0,300,2,5
2406,6,248,6,2,3,2,79,53,420,540,2,5
2407,9,525,10,2,3,2,53,66,0,300,1,5
2408,7,286,7,2,3,2,53,63,420,540,4,5
2409,11,9,11,1,3,2,80,91,60,180,3,5
2410,13,165,14,2,3,1,1,46,0,300,4,5
2411,1,576,2,2,3,2,23,85,420,540,4,5
2412,7,355,8,2,3,1,66,12,60,180,4,5
2413,8,66,9,1,3,2,45,45,60,180,1,5
2414,7,565,8,2,3,1,46,49,420,540,3,5
2415,2,284,2,2,3,1,95,54,420,540,1,5
2416,2,428,3,1,3,2,25,13,60,180,4,5
2417,14,281,16,2,3,1,80,22,300,600,2,5
2418,10,139,10,2,3,2,55,46,420,540,2,5
2419,3,267,4,2,3,1,34,33,420,540,4,5
2420,14,332,15,2,3,1,1,73,300,420,1,5
2421,11,38,13,1,3,2,9,68,0,300,2,5
2422,8,112,8,2,3,2,21,98,180,300,1,5
2423,5,523,6,1,3,2,33,50,0,300,3,5
2424,6,380,6,2,3,2,11,75,420,540,4,5
2425,1,414,1,2,3,2,76,70,420,540,4,5
2426,7,236,7,2,3,1,96,36,300,420,4,5
2427,10,84,12,1,3,1,30,24,0,300,3,5
2428,12,378,12,2,3,2,29,17,420,540,1,5
2429,14,246,15,2,3,2,71,62,0,300,2,5
2430,14,313,15,2,3,2,48,25,0,300,2,5
2431,1,120,1,1,3,2,61,18,180,300,2,5
2432,10,506,11,2,3,1,91,49,420,540,3,5
2433,1,57,1,2,3,1,40,42,300,420,2,5
2434,3,379,3,2,3,1,64,67,420,540,3,5
2435,2,33,2,2,3,2,79,62,180,300,4,5
2436,7,176,7,2,3,1,1,63,300,600,2,5
2437,11,283,11,2,3,1,67,14,300,420,2,5
2438,4,511,5,1,3,1,68,21,180,300,3,5
2439,12,85,12,2,3,1,26,54,180,300,1,5
2440,13,372,14,1,3,2,47,42,60,180,3,5
2441,3,248,3,2,3,2,89,83,300,420,3,5
2442,10,220,11,1,3,1,89,10,60,180,2,5
2443,12,518,14,1,3,1,8,17,180,300,3,5
2444,6,461,8,1,3,2,7,56,180,300,4,5
2445,1,199,3,2,3,1,23,69,0,300,1,5
2446,6,36,6,2,3,2,7,30,420,540,1,5
2447,6,383,7,2,3,2,22,91,0,300,3,5
2448,8,25,9,2,3,2,47,86,0,300,2,5
2449,11,443,13,2,3,2,78,51,420,540,2,5
2450,4,591,6,1,3,1,89,68,60,180,2,5
2451,1,510,3,2,3,2,71,40,300,600,2,5
2452,8,446,10,2,3,2,3,69,60,180,2,5
2453,2,87,2,2,3,1,19,88,300,600,3,5
2454,6,376,7,2,3,1,3,48,180,300,4,5
2455,3,318,3,2,3,2,3,57,420,540,4,5
2456,12,336,12,2,3,2,76,94,420,540,2,5
2457,6,154,6,2,3,1,90,82,300,600,4,5
2458,13,334,14,2,3,1,4,67,300,420,1,5
2459,7,152,8,2,3,1,83,10,420,540,2,5
2460,2,503,4,1,3,1,41,18,0,300,1,5
2461,6,238,8,2,3,1,78,26,420,540,3,5
2462,3,498,5,1,3,2,64,41,0,300,3,5
2463,11,20,13,2,3,2,0,82,60,180,2,5
2464,8,528,9,2,3,1,75,37,420,540,1,5
2465,5,0,5,1,3,2,90,23,60,180,2,5
2466,9,21,9,2,3,2,13,9,180,300,1,5
2467,10,439,11,1,3,1,100,75,60,180,4,5
2468,3,381,3,2,3,2,30,1,420,540,2,5
2469,8,11,9,2,3,1,18,44,420,540,3,5
2470,5,515,7,2,3,2,70,23,300,600,2,5
2471,3,199,4,1,3,2,14,11,180,300,4,5
2472,2,261,2,2,3,2,46,2,420,540,4,5
2473,14,176,14,2,3,1,95,76,300,600,2,5
2474,10,326,10,2,3,1,11,75,420,540,1,5
2475,13,595,15,2,3,2,27,28,180,300,1,5
2476,9,263,9,2,3,1,21,62,420,540,3,5
2477,4,422,6,2,3,1,83,33,420,540,4,5
2478,3,503,4,1,3,1,62,98,0,300,1,5
2479,13,365,14,2,3,1,31,72,60,180,4,5
2480,10,484,12,1,3,2,64,5,180,300,4,5
2481,2,90,2,2,3,2,23,61,420,540,1,5
2482,7,259,7,2,3,1,14,74,300,600,2,5
2483,1,365,1,2,3,2,20,46,420,540,2,5
2484,13,70,13,2,3,2,65,3,180,300,1,5
2485,2,427,4,2,3,2,69,47,0,300,2,5
2486,9,243,9,2,3,1,4,28,420,540,4,5
2487,2,110,3,2,3,2,78,81,420,540,4,5
2488,10,482,12,1,3,1,0,13,180,300,2,5
2489,5,494,6,1,3,2,4,92,0,300,2,5
2490,9,88,10,2,3,2,94,51,60,180,4,5
2491,9,43,10,2,3,2,49,8,0,300,3,5
2492,1,433,2,2,3,1,61,39,300,600,4,5
2493,10,423,12,2,3,2,43,100,0,300,4,5
2494,13,590,14,1,3,2,44,32,60,180,4,5
2495,6,526,7,1,3,2,13,12,180,300,3,5
2496,6,298,6,2,3,2,75,5,300,600,3,5
2497,5,242,5,2,3,2,86,39,420,540,4,5
2498,11,71,11,1,3,2,86,62,180,300,3,5
2499,6,252,7,2,3,1,30,93,420,540,1,5
2500,8,285,8,2,3,1,86,59,420,540,3,5
2501,2,410,2,2,3,2,7,76,420,540,1,5
2502,2,572,3,1,3,2,92,92,180,300,3,5
2503,1,282,2,1,3,1,7,96,180,300,4,5
2504,8,262,8,2,3,2,17,32,300,420,2,5
2505,4,77,5,1,3,2,23,15,180,300,2,5
2506,12,584,14,2,3,1,54,35,0,300,4,5
2507,12,542,14,1,3,1,34,52,180,300,3,5
2508,2,87,2,1,3,1,89,52,180,300,3,5
2509,10,299,11,1,3,1,54,54,180,300,1,5
2510,8,135,8,2,3,2,96,52,420,540,2,5
2511,14,142,15,2,3,2,100,73,180,300,3,5
2512,7,3,8,2,3,1,40,30,0,300,2,5
2513,12,61,13,1,3,1,40,15,180,300,2,5
2514,11,325,11,2,3,1,76,75,420,540,4,5
2515,7,218,8,2,3,2,53,29,60,180,2,5
2516,5,341,5,2,3,1,3,35,420,540,4,5
2517,1,427,3,2,3,2,64,6,0,300,4,5
2518,1,136,1,2,3,2,52,5,420,540,4,5
2519,3,155,3,2,3,1,57,63,180,300,2,5
2520,4,314,5,2,3,2,68,33,180,300,4,5
2521,8,283,8,2,3,1,99,91,300,600,2,5
2522,4,43,5,1,3,1,9,62,180,300,1,5
2523,13,165,14,2,3,1,21,15,300,420,2,5
2524,10,151,10,2,3,2,58,94,420,540,2,5
2525,13,169,13,1,3,1,47,78,180,300,2,5
2526,13,500,14,2,3,2,18,3,60,180,4,5
2527,8,109,9,2,3,1,31,91,0,300,2,5
2528,4,146,5,2,3,2,28,28,420,540,1,5
2529,1,566,3,2,3,2,9,70,300,600,4,5
2530,9,386,9,2,3,2,0,35,420,540,1,5
2531,14,263,14,2,3,2,35,100,420,540,4,5
2532,9,460,11,2,3,2,54,86,180,300,1,5
2533,2,352,2,2,3,2,8,19,420,540,2,5
2534,14,161,14,1,3,1,7,10,180,300,4,5
2535,10,336,11,2,3,1,91,5,180,300,3,5
2536,9,349,10,1,3,1,7,100,60,180,3,5
2537,14,424,15,2,3,2,78,46,180,300,4,5
2538,9,396,10,2,3,1,47,66,300,420,1,5
2539,11,3,12,1,3,1,4,25,0,300,4,5
2540,14,125,15,1,3,2,97,53,60,180,3,5
2541,6,54,6,1,3,1,83,64,60,180,2,5
2542,5,324,5,2,3,2,1,34,420,540,3,5
2543,11,575,12,2,3,2,24,40,0,300,1,5
2544,13,133,13,2,3,2,14,96,180,300,3,5
2545,4,365,5,2,3,1,78,40,300,420,4,5
2546,7,49,8,2,3,1,87,14,60,180,3,5
2547,12,99,12,1,3,2,95,35,180,300,1,5
2548,9,344,10,2,3,1,25,13,60,180,2,5
2549,13,217,13,2,3,2,98,100,420,540,2,5
2550,5,117,6,2,3,2,93,7,0,300,3,5
2551,8,117,9,2,3,2,90,33,300,420,4,5
2552,2,415,3,1,3,1,42,47,60,180,3,5
2553,10,327,11,2,3,2,49,0,180,300,2,5
2554,12,302,13,1,3,1,77,98,180,300,1,5
2555,2,479,3,2,3,1,82,82,420,540,3,5
2556,10,222,10,2,3,2,67,11,300,420,3,5
2557,5,285,5,2,3,2,80,83,300,600,4,5
2558,7,306,8,2,3,2,90,34,0,300,4,5
2559,3,554,4,2,3,1,97,86,300,600,3,5
2560,1,294,1,2,3,1,91,4,420,540,3,5
2561,1,145,1,2,3,1,48,14,420,540,3,5
2562,14,438,16,1,3,2,24,75,60,180,3,5
2563,4,404,5,1,3,1,83,73,0,300,4,5
2564,12,414,12,2,3,1,65,92,420,540,2,5
2565,13,291,13,2,3,1,42,72,420,540,1,5
2566,11,62,13,2,3,2,19,32,180,300,3,5
2567,2,369,3,2,3,2,37,67,60,180,1,5
2568,7,112,7,2,3,1,97,68,300,600,4,5
2569,12,596,13,1,3,2,60,74,0,300,2,5
2570,12,270,12,2,3,1,81,74,300,600,4,5
2571,14,337,15,2,3,1,36,20,0,300,2,5
2572,4,25,5,2,3,2,76,97,420,540,4,5
2573,11,374,11,2,3,2,58,61,420,540,2,5
2574,3,233,3,2,3,2,83,96,420,540,1,5
2575,10,423,11,1,3,2,9,72,0,300,1,5
2576,7,192,7,2,3,2,72,28,300,420,1,5
2577,14,66,14,1,3,2,43,78,180,300,2,5
2578,2,29,2,1,3,1,54,20,60,180,3,5
2579,10,105,11,1,3,1,48,48,180,300,2,5
2580,12,364,12,2,3,2,71,13,420,540,2,5
2581,6,188,6,2,3,1,80,83,300,420,4,5
2582,4,565,6,1,3,1,94,38,180,300,3,5
2583,2,415,2,2,3,1,6,45,420,540,4,5
2584,9,41,10,2,3,2,73,70,300,420,3,5
2585,5,43,6,2,3,1,67,5,420,540,2,5
2586,11,484,13,2,3,1,55,95,420,540,1,5
2587,8,149,8,1,3,1,50,7,180,300,2,5
2588,13,550,15,1,3,2,5,13,60,180,1,5
2589,1,31,2,2,3,2,70,10,0,300,1,5
2590,5,8,5,2,3,1,86,27,420,540,3,5
2591,11,386,12,2,3,2,56,86,180,300,4,5
2592,5,57,5,2,3,2,14,67,420,540,1,5
2593,10,398,11,2,3,2,7,66,420,540,1,5
2594,5,554,7,2,3,2,77,17,60,180,4,5
2595,13,227,13,2,3,2,71,65,300,420,2,5
2596,11,415,11,2,3,2,95,38,420,540,2,5
2597,11,355,12,1,3,2,70,69,0,300,4,5
2598,4,399,6,2,3,1,84,66,420,540,1,5
2599,12,93,12,2,3,1,0,3,420,540,3,5
2600,1,121,1,2,3,1,59,47,180,300,1,5
2601,11,7,12,2,3,1,26,45,180,300,3,5
2602,3,547,4,2,3,2,96,20,300,600,4,5
2603,7,141,7,2,3,2,97,5,420,540,2,5
2604,2,178,2,2,3,1,42,62,420,540,3,5
2605,10,494,12,2,3,1,7,88,180,300,1,5
2606,1,546,2,1,3,2,53,90,60,180,2,5
2607,11,85,11,2,3,1,32,29,180,300,1,5
2608,13,484,14,1,3,1,97,45,0,300,1,5
2609,1,522,2,2,3,1,89,9,420,540,1,5
2610,9,315,10,1,3,2,28,23,60,180,4,5
2611,3,101,3,2,3,2,64,31,180,300,2,5
2612,8,541,9,1,3,2,77,96,60,180,2,5
2613,1,511,3,2,3,1,38,69,180,300,3,5
2614,1,48,1,2,3,1,86,96,300,600,2,5
2615,1,350,1,2,3,2,78,26,420,540,2,5
2616,5,260,5,2,3,1,81,55,300,600,2,5
2617,5,593,7,2,3,1,65,73,180,300,2,5
2618,14,106,14,2,3,2,74,90,420,540,3,5
2619,1,35,1,2,3,2,48,23,420,540,3,5
2620,8,178,9,2,3,2,59,68,60,180,4,5
2621,14,244,14,2,3,2,37,64,420,540,2,5
2622,2,85,3,1,3,1,35,28,60,180,4,5
2623,2,103,3,2,3,2,92,31,300,420,4,5
2624,7,239,7,2,3,2,9,70,420,540,1,5
2625,1,176,1,1,3,2,76,67,180,300,3,5
2626,13,557,14,2,3,1,52,27,420,540,4,5
2627,11,473,13,1,3,1,10,94,0,300,2,5
2628,8,122,8,1,3,2,85,24,180,300,3,5
2629,13,559,14,2,3,1,40,14,180,300,2,5
2630,8,437,9,2,3,2,74,73,420,540,3,5
2631,5,591,7,2,3,2,89,20,420,540,2,5
2632,2,382,3,2,3,1,35,52,420,540,3,5
2633,9,364,9,2,3,1,4,34,420,540,3,5
2634,10,258,11,2,3,2,81,53,60,180,2,5
2635,14,365,15,2,3,2,37,47,0,300,4,5
2636,11,254,11,2,3,2,63,11,300,600,2,5
2637,9,144,9,1,3,1,34,26,180,300,3,5
2638,10,303,10,2,3,2,8,95,420,540,4,5
2639,13,207,13,2,3,1,7,33,420,540,4,5
2640,6,457,8,2,3,1,6,7,0,300,4,5
2641,9,538,10,2,3,2,95,100,420,540,4,5
2642,10,8,10,2,3,2,54,90,300,420,1,5
2643,9,3,9,2,3,1,41,24,0,300,3,5
2644,1,53,2,2,3,2,50,53,420,540,4,5
2645,6,262,6,2,3,2,96,10,300,420,2,5
2646,10,428,11,1,3,1,88,94,0,300,1,5
2647,2,161,3,1,3,2,79,49,180,300,3,5
2648,6,109,7,2,3,1,15,44,300,420,3,5
2649,6,192,6,2,3,2,31,8,300,420,2,5
2650,12,231,12,2,3,1,53,21,300,600,1,5
2651,3,240,3,2,3,1,90,100,420,540,2,5
2652,8,385,9,2,3,2,51,91,420,540,1,5
2653,14,324,14,2,3,1,45,82,420,540,1,5
2654,9,544,10,2,3,1,1,5,60,180,4,5
2655,8,294,8,2,3,2,81,83,300,420,1,5
2656,8,252,8,2,3,2,33,21,300,600,2,5
2657,1,423,3,1,3,2,72,19,60,180,3,5
2658,6,283,7,2,3,1,2,77,180,300,4,5
2659,7,22,7,2,3,1,3,40,180,300,3,5
2660,12,513,13,2,3,1,72,80,180,300,1,5
2661,1,499,3,2,3,2,62,5,60,180,3,5
2662,7,565,9,1,3,2,72,59,180,300,2,5
2663,4,591,5,2,3,2,33,13,300,600,3,5
2664,10,422,12,2,3,2,57,97,60,180,1,5
2665,14,362,15,1,3,2,4,79,0,300,1,5
2666,14,596,15,2,3,1,3,87,300,420,4,5
2667,1,101,1,2,3,2,37,58,300,600,2,5
2668,8,390,8,2,3,2,63,71,420,540,4,5
2669,4,597,6,2,3,1,49,22,180,300,1,5
2670,5,295,5,2,3,2,72,32,420,540,4,5
2671,5,356,5,2,3,1,54,77,420,540,3,5
2672,9,327,9,2,3,2,23,98,420,540,3,5
2673,7,587,8,2,3,2,28,46,60,180,1,5
2674,7,462,9,2,3,2,10,70,180,300,2,5
2675,13,366,14,2,3,1,94,82,0,300,4,5
2676,9,569,11,1,3,2,47,85,0,300,1,5
2677,5,202,6,1,3,1,86,69,0,300,1,5
2678,13,234,13,2,3,2,28,62,420,540,4,5
2679,13,330,13,2,3,2,45,89,420,540,2,5
2680,8,446,10,2,3,2,24,19,420,540,1,5
2681,2,25,2,1,3,2,9,67,60,180,3,5
2682,9,197,9,2,3,2,61,30,300,600,1,5
2683,6,351,7,1,3,2,63,58,60,180,3,5
2684,5,273,5,2,3,1,92,13,420,540,3,5
2685,14,554,16,2,3,2,68,47,60,180,3,5
2686,1,231,1,2,3,1,35,9,300,600,1,5
2687,12,30,12,1,3,2,53,38,60,180,3,5
2688,4,485,6,2,3,1,60,44,180,300,1,5
2689,11,504,12,2,3,1,96,22,300,420,1,5
2690,5,17,5,2,3,1,26,41,180,300,4,5
2691,10,596,12,1,3,2,22,3,180,300,1,5
2692,14,253,14,2,3,2,77,1,420,540,2,5
2693,4,421,5,2,3,2,36,34,60,180,4,5
2694,9,369,10,2,3,2,62,67,420,540,1,5
2695,6,142,7,2,3,1,86,82,60,180,1,5
2696,8,357,9,2,3,2,48,73,0,300,4,5
2697,14,517,15,1,3,2,85,14,0,300,2,5
2698,6,215,6,2,3,2,34,65,420,540,4,5
2699,12,392,12,2,3,2,94,30,420,540,3,5
2700,3,584,4,1,3,1,75,73,0,300,1,5
2701,4,501,6,2,3,2,38,23,60,180,3,5
2702,2,144,2,2,3,2,43,43,300,600,4,5
2703,5,437,7,2,3,2,82,99,300,420,4,5
2704,11,442,12,2,3,1,78,72,0,300,4,5
2705,9,458,10,2,3,2,75,10,420,540,2,5
2706,7,503,8,2,3,2,6,31,0,300,1,5
2707,9,441,11,1,3,2,84,39,180,300,2,5
2708,9,103,9,2,3,2,18,10,420,540,1,5
2709,9,413,11,2,3,2,41,65,0,300,1,5
2710,12,460,13,2,3,2,69,36,420,540,3,5
2711,5,96,5,2,3,2,35,10,300,600,3,5
2712,1,251,2,1,3,2,79,95,180,300,1,5
2713,3,334,5,2,3,2,71,40,180,300,4,5
2714,7,547,9,1,3,2,83,98,180,300,2,5
2715,3,81,3,1,3,1,0,32,180,300,1,5
2716,7,408,7,2,3,1,97,4,420,540,3,5
2717,10,125,11,2,3,2,82,77,180,300,4,5
2718,8,44,9,2,3,2,97,6,420,540,2,5
2719,9,376,9,2,3,1,45,79,420,540,3,5
2720,12,323,13,2,3,1,61,29,0,300,3,5
2721,13,177,13,1,3,2,4,79,180,300,4,5
2722,4,31,4,1,3,2,62,29,60,180,3,5
2723,7,205,8,2,3,1,30,38,0,300,4,5
2724,8,522,9,1,3,2,50,1,0,300,2,5
2725,11,23,11,2,3,1,61,78,60,180,2,5
2726,3,197,3,2,3,2,44,51,420,540,4,5
2727,11,120,11,2,3,2,82,6,180,300,2,5
2728,10,529,12,2,3,2,90,98,60,180,1,5
2729,8,137,8,1,3,2,92,92,180,300,4,5
2730,5,174,5,2,3,2,16,1,420,540,3,5
2731,8,440,10,2,3,1,26,43,60,180,1,5
2732,6,502,7,1,3,1,3,45,60,180,1,5
2733,7,404,7,2,3,2,84,69,420,540,1,5
2734,2,566,3,2,3,1,75,9,420,540,2,5
2735,4,563,5,1,3,2,44,36,60,180,3,5
2736,10,44,11,2,3,1,54,57,0,300,2,5
2737,4,52,4,1,3,1,43,34,60,180,2,5
2738,1,75,2,2,3,2,43,73,180,300,4,5
2739,1,347,2,1,3,1,99,4,60,180,1,5
2740,6,582,8,1,3,1,39,95,60,180,4,5
2741,1,85,1,2,3,1,82,43,300,420,1,5
2742,5,298,5,2,3,2,15,11,300,600,1,5
2743,10,49,11,2,3,1,67,34,420,540,1,5
2744,14,362,14,2,3,2,75,52,420,540,4,5
2745,12,562,14,2,3,1,83,0,0,300,1,5
2746,9,499,11,2,3,2,82,15,300,420,3,5
2747,13,532,15,2,3,2,31,56,60,180,1,5
2748,6,178,6,2,3,1,15,87,420,540,1,5
2749,4,336,4,2,3,1,100,73,420,540,3,5
2750,4,213,5,2,3,2,26,29,60,180,1,5
2751,13,529,14,1,3,2,90,66,60,180,2,5
2752,1,533,2,2,3,1,42,4,0,300,1,5
2753,6,225,6,2,3,1,16,0,300,600,2,5
2754,4,73,4,2,3,1,76,35,420,540,2,5
2755,9,13,10,2,3,1,1,2,0,300,3,5
2756,10,503,12,1,3,2,47,49,60,180,1,5
2757,4,371,4,2,3,1,4,31,420,540,4,5
2758,14,541,16,1,3,2,76,70,0,300,2,5
2759,3,137,3,1,3,2,93,9,180,300,1,5
2760,10,200,10,2,3,1,19,55,300,420,2,5
2761,11,563,12,2,3,1,56,49,300,600,3,5
2762,14,137,15,1,3,2,5,97,0,300,3,5
2763,13,40,14,1,3,2,96,6,0,300,2,5
2764,12,480,14,1,3,1,43,70,60,180,2,5
2765,1,132,1,1,3,2,69,29,180,300,2,5
2766,13,87,14,1,3,2,81,47,180,300,1,5
2767,5,143,6,2,3,1,67,93,420,540,2,5
2768,9,182,9,2,3,2,28,41,420,540,1,5
2769,9,301,9,2,3,1,62,5,420,540,2,5
2770,9,217,10,1,3,1,21,29,180,300,1,5
2771,4,77,4,2,3,2,23,11,180,300,2,5
2772,2,199,2,2,3,2,76,60,300,600,4,5
2773,10,277,11,2,3,1,33,54,60,180,1,5
2774,11,583,12,2,3,1,15,75,180,300,4,5
2775,2,12,3,1,3,1,56,85,60,180,3,5
2776,7,259,7,2,3,2,0,93,420,540,2,5
2777,14,173,15,2,3,1,62,28,300,420,1,5
2778,11,126,11,2,3,1,33,69,180,300,4,5
2779,1,597,3,2,3,2,93,15,180,300,2,5
2780,8,548,10,1,3,1,54,79,180,300,1,5
2781,6,492,8,1,3,1,1,65,60,180,1,5
2782,4,92,5,2,3,1,63,53,300,600,1,5
2783,10,401,11,1,3,1,58,36,0,300,3,5
2784,6,505,8,1,3,1,4,83,60,180,4,5
2785,12,92,13,2,3,1,22,74,60,180,2,5
2786,7,136,8,2,3,1,22,5,420,540,1,5
2787,2,495,4,2,3,2,63,82,180,300,3,5
2788,10,363,10,2,3,1,63,14,420,540,4,5
2789,3,432,5,2,3,2,1,43,180,300,1,5
2790,7,247,8,2,3,1,14,88,300,420,1,5
2791,10,414,10,2,3,2,11,44,420,540,1,5
2792,6,529,8,1,3,1,42,42,180,300,3,5
2793,12,321,13,1,3,2,44,100,0,300,2,5
2794,2,341,2,2,3,1,20,56,420,540,2,5
2795,6,58,6,2,3,1,68,48,300,420,2,5
2796,12,435,14,1,3,2,41,15,0,300,3,5
2797,4,524,6,2,3,2,7,38,180,300,1,5
2798,2,192,3,1,3,2,8,73,60,180,4,5
2799,14,50,15,2,3,1,21,62,180,300,2,5
2800,7,395,7,2,3,1,28,52,420,540,3,5
2801,6,185,6,2,3,2,12,66,300,600,1,5
2802,13,459,15,2,3,1,5,91,0,300,1,5
2803,7,84,7,2,3,1,81,28,180,300,4,5
2804,11,572,13,1,3,1,42,1,60,180,3,5
2805,5,570,7,2,3,2,36,77,180,300,2,5
2806,13,196,13,2,3,1,22,16,420,540,2,5
2807,9,166,9,1,3,2,14,57,180,300,1,5
2808,4,598,6,1,3,1,70,0,60,180,3,5
2809,6,527,7,2,3,2,95,65,0,300,2,5
2810,12,268,12,2,3,1,42,26,300,420,1,5
2811,10,18,10,1,3,2,23,95,60,180,3,5
2812,11,33,12,1,3,1,53,76,60,180,4,5
2813,8,28,8,2,3,2,3,28,300,600,1,5
2814,3,477,5,2,3,1,87,36,60,180,4,5
2815,8,269,8,2,3,1,79,2,300,420,4,5
2816,13,240,15,2,3,2,49,20,180,300,4,5
2817,7,4,7,2,3,2,86,8,60,180,1,5
2818,4,498,6,2,3,2,7,100,60,180,3,5
2819,1,456,3,2,3,2,78,24,60,180,1,5
2820,13,86,13,1,3,2,44,55,180,300,3,5
2821,4,554,5,1,3,1,74,58,0,300,1,5
2822,13,166,13,1,3,1,56,80,180,300,3,5
2823,14,314,14,2,3,1,17,94,420,540,4,5
2824,14,209,15,2,3,2,20,14,60,180,1,5
2825,10,315,10,2,3,1,91,52,420,540,3,5
2826,14,597,16,2,3,2,43,48,420,540,4,5
2827,9,20,10,1,3,1,95,38,60,180,4,5
2828,3,237,3,2,3,2,47,41,420,540,3,5
2829,11,442,13,1,3,1,74,73,180,300,2,5
2830,1,438,3,2,3,2,60,24,0,300,1,5
2831,2,444,4,2,3,2,78,57,300,600,4,5
2832,9,574,10,2,3,2,46,2,0,300,1,5
2833,13,447,15,2,3,2,57,44,60,180,4,5
2834,3,575,5,2,3,2,22,36,180,300,1,5
2835,14,435,16,1,3,2,89,1,60,180,1,5
2836,11,340,11,2,3,1,15,94,420,540,4,5
2837,4,343,4,2,3,1,96,83,420,540,3,5
2838,4,81,5,2,3,1,41,15,0,300,4,5
2839,11,175,11,2,3,2,76,18,300,420,4,5
2840,9,139,9,2,3,1,15,60,420,540,1,5
2841,1,410,2,1,3,1,86,78,180,300,3,5
2842,4,552,5,2,3,1,2,49,180,300,1,5
2843,7,186,7,2,3,2,50,84,420,540,1,5
2844,11,487,12,2,3,2,13,77,60,180,2,5
2845,8,414,9,2,3,1,8,35,60,180,3,5
2846,5,339,5,2,3,2,64,5,420,540,1,5
2847,6,196,6,2,3,1,60,63,300,420,4,5
2848,7,414,7,2,3,1,76,96,420,540,1,5
2849,9,389,11,1,3,1,51,19,0,300,1,5
2850,2,264,3,2,3,2,29,18,180,300,3,5
2851,9,66,10,2,3,1,90,54,60,180,1,5
2852,13,198,14,1,3,2,21,99,60,180,2,5
2853,14,304,14,2,3,1,22,64,420,540,4,5
2854,13,569,15,2,3,2,86,28,420,540,3,5
2855,9,4,9,2,3,2,90,55,180,300,2,5
2856,8,135,8,2,3,2,15,52,420,540,1,5
2857,12,349,12,2,3,1,72,12,420,540,1,5
2858,12,242,12,2,3,2,31,9,300,420,1,5
2859,12,5,13,1,3,2,41,73,60,180,4,5
2860,9,418,9,2,3,1,10,83,420,540,1,5
2861,13,596,14,2,3,2,18,17,180,300,3,5
2862,4,468,5,2,3,2,43,79,420,540,2,5
2863,4,352,4,2,3,2,55,37,420,540,3,5
2864,8,144,8,2,3,1,62,43,300,600,2,5
2865,3,13,3,1,3,2,34,86,60,180,2,5
2866,4,596,5,2,3,1,70,69,60,180,2,5
2867,5,423,6,2,3,1,34,31,300,420,2,5
2868,6,117,7,2,3,2,80,60,300,420,4,5
2869,8,571,10,1,3,2,67,92,60,180,3,5
2870,10,165,10,2,3,1,78,100,420,540,2,5
2871,5,202,5,2,3,1,88,15,420,540,3,5
2872,11,322,12,2,3,1,82,48,60,180,1,5
2873,5,211,6,2,3,2,66,57,60,180,3,5
2874,8,386,8,2,3,2,84,61,420,540,4,5
2875,2,204,2,2,3,1,29,2,420,540,4,5
2876,13,234,13,2,3,2,25,73,300,600,4,5
2877,14,133,15,2,3,1,59,12,300,420,4,5
2878,1,463,3,2,3,1,11,75,420,540,2,5
2879,1,262,1,2,3,2,11,56,420,540,1,5
2880,13,75,13,1,3,2,89,72,180,300,2,5
2881,3,247,3,2,3,1,89,8,420,540,1,5
2882,10,514,12,2,3,2,0,44,60,180,2,5
2883,12,567,13,2,3,1,45,63,60,180,3,5
2884,6,528,8,1,3,1,90,11,180,300,1,5
2885,1,76,2,1,3,2,74,36,0,300,1,5
2886,9,107,11,1,3,2,14,39,0,300,4,5
2887,12,345,14,1,3,1,52,45,0,300,3,5
2888,14,263,14,2,3,2,76,94,420,540,1,5
2889,7,194,7,2,3,2,35,82,420,540,4,5
2890,5,11,5,1,3,1,64,62,60,180,1,5
2891,14,280,15,2,3,2,61,72,0,300,2,5
2892,8,573,9,2,3,2,32,1,60,180,4,5
2893,5,404,6,1,3,2,20,20,60,180,2,5
2894,2,183,3,2,3,2,97,79,300,600,4,5
2895,14,504,15,2,3,2,92,8,180,300,3,5
2896,14,592,15,2,3,1,5,7,300,600,4,5
2897,1,152,1,2,3,2,73,21,420,540,1,5
2898,10,600,12,1,3,2,55,91,0,300,3,5
2899,14,590,16,2,3,1,8,33,180,300,3,5
2900,4,463,5,2,3,1,18,65,0,300,2,5
2901,6,410,6,2,3,2,48,43,420,540,2,5
2902,4,382,4,2,3,2,86,37,420,540,1,5
2903,8,254,8,2,3,2,41,24,420,540,4,5
2904,11,471,13,1,3,1,52,41,60,180,3,5
2905,12,509,14,2,3,1,15,40,300,600,1,5
2906,10,76,11,1,3,1,80,5,0,300,1,5
2907,3,182,3,2,3,1,77,47,300,600,1,5
2908,3,82,3,1,3,2,43,42,180,300,4,5
2909,14,256,15,2,3,1,93,8,0,300,4,5
2910,5,397,6,2,3,2,47,1,60,180,3,5
2911,14,287,15,2,3,1,10,27,180,300,2,5
2912,6,321,7,1,3,1,14,31,180,300,1,5
2913,10,525,11,1,3,2,98,37,0,300,2,5
2914,1,239,2,2,3,2,60,43,180,300,4,5
2915,13,13,13,2,3,2,12,28,420,540,2,5
2916,6,277,6,2,3,2,27,75,420,540,3,5
2917,13,286,14,2,3,1,33,61,180,300,3,5
2918,9,361,9,2,3,1,63,22,420,540,3,5
2919,3,388,3,2,3,2,55,77,420,540,3,5
2920,1,459,2,2,3,2,7,48,60,180,2,5
2921,10,263,11,1,3,2,42,79,60,180,3,5
2922,3,120,3,1,3,2,91,93,180,300,1,5
2923,2,401,4,1,3,2,36,55,60,180,4,5
2924,8,72,8,2,3,1,8,20,420,540,3,5
2925,9,269,9,2,3,2,46,74,300,420,4,5
2926,1,337,1,2,3,2,19,71,420,540,4,5
2927,5,256,5,2,3,1,33,1,300,600,1,5
2928,7,487,9,2,3,2,68,75,0,300,2,5
2929,8,62,8,1,3,2,76,54,180,300,1,5
2930,12,556,14,1,3,2,12,26,60,180,4,5
2931,1,5,1,2,3,1,40,6,0,300,1,5
2932,6,259,6,2,3,1,22,32,420,540,1,5
2933,7,477,9,2,3,2,40,41,0,300,3,5
2934,3,122,3,2,3,1,95,50,300,420,1,5
2935,11,513,13,2,3,1,81,79,180,300,4,5
2936,13,56,14,2,3,2,71,14,0,300,1,5
2937,2,235,3,2,3,2,96,40,300,420,4,5
2938,14,365,14,2,3,1,87,4,420,540,4,5
2939,10,268,10,2,3,2,73,32,420,540,4,5
2940,2,468,4,1,3,2,5,98,0,300,4,5
2941,6,331,8,2,3,2,5,89,180,300,4,5
2942,10,293,10,2,3,1,2,32,300,600,2,5
2943,7,597,9,2,3,2,75,24,180,300,2,5
2944,1,4,2,1,3,1,99,3,60,180,2,5
2945,12,180,12,2,3,1,51,81,180,300,1,5
2946,3,309,3,2,3,2,79,85,420,540,2,5
2947,3,18,3,2,3,1,74,24,60,180,1,5
2948,12,270,12,2,3,1,43,33,420,540,2,5
2949,10,453,12,2,3,2,94,62,420,540,1,5
2950,13,320,13,2,3,2,66,97,420,540,1,5
2951,11,204,11,2,3,2,90,64,420,540,4,5
2952,2,368,3,2,3,1,6,1,180,300,3,5
2953,8,595,10,2,3,2,71,64,60,180,2,5
2954,13,597,15,1,3,2,46,28,60,180,2,5
2955,4,32,6,1,3,1,84,56,60,180,2,5
2956,9,395,9,2,3,1,57,53,420,540,2,5
2957,3,484,5,2,3,1,59,4,300,600,3,5
2958,2,174,4,1,3,1,17,16,0,300,4,5
2959,2,524,4,2,3,1,34,99,60,180,4,5
2960,13,155,14,1,3,1,59,94,180,300,4,5
2961,4,66,5,1,3,2,95,78,0,300,2,5
2962,2,256,3,2,3,2,100,93,60,180,2,5
2963,4,563,5,2,3,1,63,70,300,420,2,5
2964,14,577,16,1,3,2,87,27,0,300,4,5
2965,12,412,12,2,3,1,75,96,420,540,3,5
2966,7,350,7,2,3,1,99,34,420,540,2,5
2967,7,270,9,2,3,1,11,92,420,540,4,5
2968,4,530,6,1,3,2,15,93,0,300,3,5
2969,3,182,3,2,3,2,19,53,420,540,4,5
2970,6,309,6,2,3,1,63,89,420,540,1,5
2971,2,307,4,1,3,1,42,100,60,180,2,5
2972,12,324,12,2,3,2,94,49,420,540,3,5
2973,8,186,9,1,3,1,88,66,0,300,2,5
2974,9,91,10,1,3,2,8,46,180,300,3,5
2975,14,394,14,2,3,2,71,24,420,540,1,5
2976,8,318,8,2,3,1,96,85,420,540,3,5
2977,9,308,10,1,3,2,26,94,0,300,3,5
2978,7,346,8,2,3,1,32,55,0,300,2,5
2979,12,272,14,2,3,1,28,38,420,540,2,5
2980,5,509,7,1,3,1,9,73,0,300,2,5
2981,10,144,10,1,3,1,54,11,180,300,4,5
2982,11,354,11,2,3,2,49,57,420,540,2,5
2983,7,269,7,2,3,1,41,89,300,420,3,5
2984,11,405,11,2,3,2,69,93,420,540,4,5
2985,9,416,9,2,3,1,87,61,420,540,1,5
2986,4,192,5,2,3,1,9,52,180,300,1,5
2987,10,8,10,2,3,2,82,32,420,540,2,5
2988,8,19,8,2,3,1,93,25,420,540,2,5
2989,9,180,9,2,3,2,56,99,180,300,3,5
2990,12,291,12,2,3,2,62,78,420,540,1,5
2991,8,114,8,2,3,1,40,0,420,540,1,5
2992,12,541,13,1,3,1,4,29,60,180,4,5
2993,10,368,11,2,3,1,25,26,0,300,2,5
2994,9,460,10,2,3,2,40,34,420,540,1,5
2995,7,104,7,2,3,2,92,36,420,540,3,5
2996,10,573,12,1,3,2,52,61,60,180,1,5
2997,11,36,12,1,3,1,32,51,180,300,4,5
2998,13,343,14,1,3,2,3,26,0,300,4,5
2999,5,569,6,2,3,2,5,35,300,600,4,5
3000,5,255,5,2,3,1,1,30,300,420,3,5
3001,11,178,12,2,3,2,18,91,420,540,3,5
3002,8,149,9,2,3,2,3,73,420,540,3,5
3003,4,388,4,2,3,1,44,4,420,540,4,5
3004,1,311,2,1,3,2,61,68,60,180,4,5
3005,11,286,12,1,3,2,86,6,180,300,4,5
3006,4,466,5,2,3,2,59,49,180,300,4,5
3007,7,241,7,2,3,2,71,61,420,540,3,5
3008,8,42,9,1,3,2,16,77,180,300,4,5
3009,7,525,8,1,3,1,66,32,180,300,4,5
3010,2,383,2,2,3,1,91,22,420,540,2,5
3011,6,405,6,2,3,2,58,85,420,540,2,5
3012,5,54,5,2,3,2,99,100,420,540,4,5
3013,5,98,5,2,3,1,71,60,420,540,1,5
3014,8,67,9,2,3,2,90,37,0,300,2,5
3015,9,167,10,1,3,1,44,70,0,300,2,5
3016,1,173,2,2,3,1,95,9,0,300,4,5
3017,2,477,3,2,3,2,85,62,0,300,3,5
3018,1,256,2,2,3,2,33,41,60,180,4,5
3019,7,439,8,1,3,1,96,75,0,300,1,5
3020,5,339,5,2,3,2,83,14,420,540,2,5
3021,8,232,8,2,3,2,89,43,300,420,2,5
3022,6,346,7,2,3,1,71,76,0,300,1,5
3023,2,348,3,2,3,1,38,12,180,300,3,5
3024,8,560,10,2,3,1,14,94,0,300,3,5
3025,6,487,8,2,3,2,37,37,300,420,4,5
3026,11,335,11,2,3,1,7,28,420,540,4,5
3027,8,46,8,2,3,2,95,78,0,300,1,5
3028,12,165,13,2,3,2,68,59,0,300,4,5
3029,5,253,6,2,3,2,25,23,60,180,1,5
3030,13,1,13,2,3,2,28,26,0,300,4,5
3031,5,470,6,2,3,1,57,80,420,540,2,5
3032,1,407,2,2,3,1,94,58,300,420,2,5
3033,12,66,12,2,3,1,63,10,420,540,3,5
3034,14,598,16,2,3,2,62,82,0,300,3,5
3035,11,152,12,2,3,1,86,4,180,300,3,5
3036,11,40,12,2,3,2,72,61,420,540,1,5
3037,10,257,11,2,3,2,45,47,60,180,2,5
3038,9,421,11,1,3,2,100,59,180,300,3,5
3039,14,162,15,2,3,2,41,52,180,300,1,5
3040,2,39,3,2,3,2,21,48,420,540,4,5
1,,,1,1,2,1,88,81,420,540,4,5
2,,,1,1,2,1,17,10,300,600,3,5
3,,,1,1,2,1,16,42,300,600,3,5
4,,,2,2,2,1,6,71,300,420,3,5
5,,,1,1,2,1,67,98,420,540,2,5
6,,,1,1,2,1,49,54,300,600,3,5
7,,,1,1,2,2,30,75,300,600,2,5
8,,,1,1,2,2,92,71,300,600,1,5
9,,,1,1,2,2,21,15,300,600,4,5
10,,,2,2,2,1,23,71,60,180,4,5
11,,,1,1,2,2,35,78,420,540,2,5
12,,,2,2,2,1,38,28,300,420,3,5
13,,,1,1,2,2,3,29,300,600,4,5
14,,,2,2,2,2,50,61,420,540,4,5
15,,,2,2,2,1,24,68,60,180,1,5
16,,,1,1,2,1,94,72,420,540,2,5
17,,,2,2,2,1,48,65,300,420,3,5
18,,,1,1,2,2,78,19,300,600,2,5
19,,,2,2,2,1,4,3,180,300,4,5
20,,,2,2,2,1,49,32,60,180,4,5
21,,,2,2,2,2,26,20,420,540,1,5
22,,,2,2,2,1,37,35,300,420,2,5
23,,,2,2,2,2,58,0,420,540,3,5
24,,,2,2,2,1,35,82,180,300,4,5
25,,,2,2,2,2,98,61,180,300,3,5
26,,,2,2,2,1,83,14,60,180,1,5
27,,,2,2,2,2,38,96,0,300,1,5
28,,,1,1,2,2,59,51,300,600,3,5
29,,,2,2,2,2,43,81,180,300,1,5
30,,,2,2,2,2,90,85,300,600,2,5
31,,,2,2,2,1,26,49,0,300,4,5
32,,,1,1,2,2,71,55,300,600,2,5
33,,,2,2,2,1,38,34,60,180,2,5
34,,,2,2,2,2,26,63,420,540,4,5
35,,,2,2,2,1,33,77,0,300,2,5
36,,,1,1,2,2,93,61,300,600,3,5
37,,,2,2,2,2,16,6,0,300,2,5
38,,,2,2,2,2,75,17,60,180,2,5
39,,,2,2,2,1,22,99,180,300,4,5
40,,,2,2,2,1,69,4,0,300,4,5
41,,,2,2,2,1,84,98,180,300,4,5
42,,,1,1,2,1,38,59,420,540,1,5
43,,,2,2,2,2,9,95,0,300,1,5
44,,,2,2,2,2,48,57,60,180,2,5
45,,,1,1,2,2,49,89,300,600,1,5
46,,,2,2,2,2,35,65,0,300,3,5
47,,,2,2,2,2,59,32,0,300,1,5
48,,,1,1,2,2,26,26,420,540,3,5
49,,,2,2,2,2,27,19,180,300,3,5
50,,,2,2,2,1,61,71,180,300,4,5
51,,,1,1,2,1,54,81,420,540,1,5
52,,,1,1,2,1,25,30,420,540,4,5
53,,,2,2,2,2,69,82,180,300,2,5
54,,,1,1,2,1,71,64,420,540,3,5
55,,,2,2,2,2,61,70,0,300,4,5
56,,,1,1,2,1,60,41,300,600,3,5
57,,,2,2,2,1,12,37,300,600,1,5
58,,,2,2,2,2,2,30,420,540,3,5
59,,,2,2,2,1,30,31,0,300,1,5
60,,,1,1,2,1,94,96,300,600,1,5
61,,,1,1,2,1,3,88,300,600,3,5
62,,,2,2,2,2,91,84,180,300,2,5
63,,,2,2,2,1,26,49,420,540,2,5
64,,,2,2,2,1,39,100,420,540,4,5
65,,,2,2,2,1,1,29,420,540,3,5
66,,,2,2,2,1,87,26,180,300,2,5
67,,,2,2,2,1,31,68,0,300,1,5
68,,,1,1,2,2,29,28,300,600,2,5
69,,,2,2,2,1,39,81,60,180,3,5
70,,,2,2,2,2,96,65,0,300,2,5
71,,,1,1,2,1,6,15,300,600,2,5
72,,,1,1,2,2,37,41,300,600,2,5
73,,,2,2,2,1,24,26,0,300,3,5
74,,,2,2,2,1,0,24,60,180,3,5
75,,,2,2,2,1,87,81,300,420,3,5
76,,,2,2,2,1,36,87,60,180,4,5
77,,,2,2,2,2,4,55,180,300,2,5
78,,,2,2,2,1,11,63,0,300,2,5
79,,,1,1,2,2,96,62,300,600,1,5
80,,,2,2,2,2,48,10,420,540,1,5
81,,,2,2,2,2,26,24,300,600,3,5
82,,,1,1,2,1,87,28,420,540,1,5
83,,,2,2,2,2,76,82,60,180,4,5
84,,,1,1,2,1,25,24,300,600,2,5
85,,,2,2,2,1,54,52,300,600,2,5
86,,,2,2,2,2,91,73,60,180,2,5
87,,,2,2,2,1,86,70,180,300,1,5
88,,,2,2,2,1,42,14,0,300,4,5
89,,,1,1,2,2,94,77,420,540,2,5
90,,,2,2,2,2,85,72,180,300,2,5
91,,,2,2,2,2,39,22,300,600,4,5
92,,,2,2,2,1,41,21,180,300,1,5
93,,,2,2,2,2,61,47,60,180,4,5
94,,,2,2,2,2,44,88,180,300,1,5
95,,,2,2,2,2,3,82,0,300,4,5
96,,,2,2,2,2,8,19,180,300,4,5
97,,,2,2,2,2,8,80,300,600,3,5
98,,,2,2,2,2,27,3,420,540,1,5
99,,,2,2,2,1,14,77,420,540,3,5
100,,,2,2,2,1,98,44,180,300,2,5
101,,,2,2,2,1,10,65,180,300,3,5
102,,,2,2,2,1,85,42,60,180,1,5
103,,,2,2,2,2,58,47,180,300,3,5
104,,,2,2,2,1,39,9,420,540,4,5
105,,,2,2,2,2,100,100,300,600,1,5
106,,,1,1,2,2,73,87,300,600,4,5
107,,,2,2,2,2,91,3,420,540,1,5
108,,,1,1,2,1,96,62,300,600,4,5
109,,,2,2,2,2,57,12,0,300,4,5
110,,,2,2,2,2,93,20,300,420,1,5
111,,,2,2,2,1,78,35,300,420,2,5
112,,,1,1,2,1,82,53,300,600,2,5
113,,,2,2,2,2,78,11,300,420,3,5
114,,,2,2,2,2,17,36,300,600,4,5
115,,,2,2,2,1,70,51,180,300,4,5
116,,,1,1,2,1,63,51,420,540,2,5
117,,,2,2,2,2,93,31,180,300,3,5
118,,,2,2,2,2,19,85,420,540,1,5
119,,,1,1,2,2,100,1,420,540,3,5
120,,,3,2,2,1,29,16,180,300,1,5
121,,,2,1,2,1,85,64,300,600,1,5
122,,,3,2,2,1,76,89,180,300,4,5
123,,,3,2,2,1,65,4,300,600,2,5
124,,,3,2,2,1,89,34,0,300,1,5
125,,,3,2,2,1,10,97,0,300,3,5
126,,,2,1,2,2,76,21,300,600,4,5
127,,,2,1,2,2,43,90,420,540,4,5
128,,,3,2,2,1,86,61,300,420,3,5
129,,,3,2,2,2,24,36,60,180,3,5
130,,,2,1,2,2,57,87,420,540,1,5
131,,,2,1,2,1,52,73,300,600,3,5
132,,,2,1,2,1,33,91,420,540,1,5
133,,,2,1,2,2,49,21,300,600,1,5
134,,,3,2,2,1,11,85,420,540,4,5
135,,,2,1,2,2,5,100,300,600,1,5
136,,,2,1,2,2,86,49,300,600,1,5
137,,,2,1,2,2,91,85,420,540,2,5
138,,,3,2,2,2,13,96,420,540,4,5
139,,,2,1,2,2,7,37,300,600,2,5
140,,,3,2,2,2,34,64,180,300,1,5
141,,,2,1,2,1,24,5,420,540,1,5
142,,,2,1,2,1,95,100,420,540,4,5
143,,,3,2,2,1,100,98,0,300,3,5
144,,,2,1,2,2,2,4,420,540,4,5
145,,,3,2,2,1,16,94,0,300,2,5
146,,,3,2,2,1,45,97,180,300,3,5
147,,,3,2,2,2,62,62,420,540,1,5
148,,,2,1,2,1,49,23,300,600,4,5
149,,,3,2,2,1,89,17,420,540,2,5
150,,,3,2,2,2,70,21,300,420,3,5
151,,,8,1,2,2,30,58,420,540,3,5
152,,,14,2,2,1,22,45,60,180,2,5
153,,,6,1,2,2,43,85,420,540,1,5
154,,,5,2,2,2,29,47,420,540,1,5
155,,,7,2,2,2,18,80,420,540,1,5
156,,,9,2,2,1,64,67,60,180,4,5
157,,,9,2,2,2,21,11,300,600,4,5
158,,,14,1,2,1,11,12,420,540,2,5
159,,,6,2,2,2,47,0,0,300,2,5
160,,,11,2,2,2,28,47,60,180,2,5
161,,,9,2,2,1,29,33,300,420,3,5
162,,,9,1,2,2,72,86,300,600,1,5
163,,,14,2,2,1,76,71,300,420,1,5
164,,,15,2,2,2,24,61,180,300,1,5
165,,,10,2,2,1,93,65,420,540,2,5
166,,,12,2,2,1,12,5,180,300,3,5
167,,,11,1,2,1,76,46,300,600,3,5
168,,,10,2,2,2,12,72,300,420,3,5
169,,,14,2,2,1,61,67,300,420,1,5
170,,,16,2,2,2,60,32,300,600,2,5
171,,,4,1,2,1,34,74,420,540,3,5
172,,,9,2,2,1,82,52,180,300,1,5
173,,,6,2,2,2,52,39,420,540,3,5
174,,,4,2,2,2,91,79,300,600,3,5
175,,,16,2,2,1,81,4,0,300,2,5
176,,,2,1,2,2,44,79,420,540,1,5
177,,,5,2,2,1,70,57,300,600,2,5
178,,,10,2,2,2,82,87,180,300,1,5
179,,,15,2,2,2,33,15,300,600,2,5
180,,,16,2,2,2,95,58,420,540,4,5
181,,,10,2,2,2,40,91,60,180,1,5
182,,,7,2,2,1,78,94,180,300,1,5
183,,,14,2,2,2,42,79,420,540,4,5
184,,,12,2,2,2,99,67,180,300,1,5
185,,,14,2,2,1,62,79,420,540,4,5
186,,,9,1,2,1,95,96,420,540,3,5
187,,,14,2,2,2,10,22,60,180,4,5
188,,,13,2,2,2,13,33,0,300,3,5
189,,,12,1,2,1,33,83,300,600,3,5
190,,,8,1,2,1,56,80,300,600,1,5
191,,,9,2,2,1,78,15,60,180,4,5
192,,,14,1,2,2,68,34,300,600,1,5
193,,,9,2,2,1,0,18,0,300,1,5
194,,,11,2,2,1,86,86,180,300,2,5
195,,,10,2,2,2,66,2,300,600,2,5
196,,,5,2,2,2,99,73,180,300,4,5
197,,,10,1,2,1,24,16,300,600,3,5
198,,,14,2,2,2,57,64,300,420,4,5
199,,,13,1,2,1,38,11,420,540,1,5
200,,,16,1,2,2,100,55,300,600,1,5
201,,,6,2,2,2,22,76,300,420,2,5
202,,,6,2,2,2,2,11,420,540,2,5
203,,,4,2,2,2,97,98,420,540,1,5
204,,,4,2,2,1,4,23,60,180,4,5
205,,,4,2,2,2,84,75,420,540,3,5
206,,,2,2,2,1,52,32,0,300,4,5
207,,,13,2,2,1,70,49,60,180,1,5
208,,,10,2,2,2,93,71,0,300,2,5
209,,,10,2,2,1,21,65,0,300,1,5
210,,,11,2,2,2,52,88,180,300,2,5
211,,,7,1,2,2,42,25,420,540,4,5
212,,,10,2,2,2,71,38,300,420,2,5
213,,,13,1,2,2,65,92,420,540,2,5
214,,,5,2,2,1,53,48,60,180,3,5
215,,,16,2,2,1,34,16,300,420,2,5
216,,,3,1,2,2,39,29,300,600,4,5
217,,,8,2,2,2,27,99,60,180,4,5
218,,,3,1,2,2,41,84,420,540,3,5
219,,,9,2,2,1,76,8,420,540,4,5
220,,,10,2,2,1,21,13,60,180,1,5
221,,,15,2,2,2,1,32,420,540,1,5
222,,,3,1,2,1,94,14,300,600,1,5
223,,,9,1,2,1,89,59,300,600,4,5
224,,,6,2,2,2,1,55,420,540,2,5
225,,,12,2,2,1,0,100,60,180,2,5
226,,,15,2,2,2,91,40,60,180,2,5
227,,,9,1,2,1,56,85,300,600,1,5
228,,,2,1,2,2,31,62,300,600,2,5
229,,,8,2,2,1,76,64,60,180,2,5
230,,,6,2,2,2,22,36,300,600,4,5
231,,,10,2,2,2,66,24,180,300,2,5
232,,,2,1,2,1,49,52,420,540,2,5
233,,,6,2,2,2,92,95,180,300,3,5
234,,,10,2,2,2,47,80,0,300,4,5
235,,,13,2,2,1,65,78,420,540,4,5
236,,,6,2,2,2,42,39,300,600,1,5
237,,,12,2,2,2,81,86,300,420,1,5
238,,,5,1,2,1,83,43,300,600,1,5
239,,,14,2,2,1,4,60,60,180,4,5
240,,,9,2,2,1,82,0,60,180,3,5
241,,,2,2,2,2,40,48,180,300,3,5
242,,,5,2,2,2,64,74,420,540,1,5
243,,,6,2,2,2,90,5,180,300,4,5
244,,,3,1,2,1,44,74,420,540,4,5
245,,,9,2,2,1,20,75,0,300,2,5
246,,,7,2,2,2,42,98,180,300,4,5
247,,,8,2,2,2,38,40,0,300,3,5
248,,,3,2,2,2,18,24,180,300,1,5
249,,,13,2,2,1,63,23,180,300,4,5
250,,,7,2,2,2,90,65,420,540,2,5
251,,,16,1,2,1,100,21,420,540,1,5
252,,,10,2,2,2,42,52,0,300,1,5
253,,,4,2,2,2,76,13,300,420,2,5
254,,,3,1,2,1,77,36,420,540,4,5
255,,,10,2,2,2,5,39,180,300,1,5
256,,,13,1,2,1,7,47,420,540,2,5
257,,,14,2,2,1,51,13,300,600,2,5
258,,,14,2,2,1,26,80,180,300,1,5
259,,,9,2,2,1,49,34,180,300,2,5
260,,,12,2,2,2,64,85,0,300,4,5
261,,,10,2,2,1,13,25,0,300,2,5
262,,,4,2,2,1,18,14,300,600,4,5
263,,,9,2,2,2,28,26,0,300,2,5
264,,,16,2,2,1,30,64,60,180,1,5
265,,,7,1,2,1,29,24,300,600,3,5
266,,,4,2,2,1,87,77,420,540,4,5
267,,,6,2,2,1,95,79,180,300,2,5
268,,,7,2,2,2,83,6,300,600,2,5
269,,,4,1,2,2,3,16,420,540,3,5
270,,,12,2,2,2,39,70,420,540,4,5
271,,,7,2,2,2,83,64,60,180,2,5
272,,,15,2,2,2,43,53,420,540,3,5
273,,,14,2,2,1,42,33,420,540,1,5
274,,,14,2,2,2,55,33,180,300,2,5
275,,,9,2,2,2,36,26,0,300,4,5
276,,,12,2,2,1,100,59,300,600,3,5
277,,,4,2,2,2,96,23,60,180,3,5
278,,,11,2,2,2,18,11,60,180,2,5
279,,,13,2,2,2,13,94,420,540,1,5
280,,,13,2,2,1,16,60,420,540,4,5
281,,,7,2,2,2,76,2,420,540,3,5
282,,,9,2,2,1,86,35,0,300,2,5
283,,,4,2,2,2,79,58,300,600,2,5
284,,,6,2,2,1,45,65,60,180,1,5
285,,,3,2,2,2,87,27,60,180,4,5
286,,,10,2,2,2,4,73,180,300,1,5
287,,,13,2,2,2,19,72,180,300,3,5
288,,,13,2,2,1,66,74,300,600,2,5
289,,,5,1,2,2,50,49,300,600,1,5
290,,,14,2,2,1,69,24,0,300,3,5
291,,,11,1,2,2,45,36,300,600,3,5
292,,,7,2,2,1,44,95,420,540,1,5
293,,,16,2,2,1,11,88,420,540,4,5
294,,,13,1,2,1,58,62,420,540,2,5
295,,,7,2,2,2,77,30,0,300,2,5
296,,,14,1,2,1,55,71,420,540,4,5
297,,,15,2,2,1,22,71,300,600,1,5
298,,,11,2,2,2,10,62,180,300,2,5
299,,,11,2,2,2,77,92,300,600,2,5
300,,,8,1,2,1,3,64,420,540,1,5
301,,,8,2,2,2,93,42,60,180,3,5
302,,,3,2,2,2,82,73,60,180,3,5
303,,,3,2,2,1,14,52,0,300,1,5
304,,,3,2,2,2,46,64,420,540,1,5
305,,,9,2,2,2,16,18,300,600,3,5
306,,,3,2,2,2,100,93,60,180,2,5
307,,,7,2,2,2,44,30,420,540,3,5
308,,,8,2,2,2,3,22,0,300,2,5
309,,,13,2,2,1,24,86,0,300,4,5
310,,,17,2,2,1,75,46,420,540,3,5
311,,,14,2,2,1,87,26,60,180,2,5
312,,,10,2,2,1,33,38,180,300,2,5
313,,,3,2,2,1,74,85,60,180,3,5
314,,,9,1,2,1,90,36,300,600,3,5
315,,,6,2,2,1,24,10,420,540,1,5
316,,,10,1,2,2,10,58,300,600,2,5
317,,,13,2,2,1,12,47,60,180,3,5
318,,,16,2,2,2,91,98,420,540,4,5
319,,,14,2,2,2,35,70,0,300,1,5
320,,,5,2,2,2,71,85,420,540,3,5
321,,,11,2,2,1,39,88,180,300,3,5
322,,,11,2,2,2,47,53,300,420,3,5
323,,,3,2,2,1,83,15,0,300,1,5
324,,,15,2,2,2,1,27,180,300,3,5
325,,,3,2,2,2,56,39,300,600,1,5
326,,,4,2,2,1,96,24,0,300,3,5
327,,,15,2,2,1,5,79,180,300,1,5
328,,,6,2,2,2,39,14,0,300,1,5
329,,,10,1,2,1,52,36,300,600,2,5
330,,,11,1,2,2,82,36,420,540,4,5
331,,,5,2,2,2,19,74,420,540,3,5
332,,,16,2,2,1,82,12,300,600,1,5
333,,,3,1,2,2,8,16,420,540,1,5
334,,,3,2,2,1,95,17,300,600,4,5
335,,,2,2,2,2,25,46,60,180,3,5
336,,,9,2,2,1,93,97,300,420,1,5
337,,,10,2,2,2,29,74,0,300,2,5
338,,,14,2,2,2,69,12,420,540,4,5
339,,,4,2,2,2,3,33,300,420,2,5
340,,,7,2,2,1,53,78,0,300,2,5
341,,,8,2,2,2,61,97,60,180,4,5
342,,,12,2,2,2,74,98,300,600,2,5
343,,,7,2,2,1,74,70,180,300,3,5
344,,,10,2,2,1,65,11,300,420,1,5
345,,,15,2,2,1,21,79,420,540,1,5
346,,,14,2,2,2,26,33,180,300,3,5
347,,,8,1,2,2,78,93,300,600,4,5
348,,,8,2,2,1,60,89,180,300,1,5
349,,,8,1,2,2,9,23,420,540,1,5
350,,,12,2,2,2,95,61,420,540,3,5
351,,,16,2,2,1,68,69,180,300,1,5
352,,,14,1,2,2,14,33,300,600,4,5
353,,,10,2,2,1,55,14,300,420,2,5
354,,,6,1,2,1,50,10,300,600,3,5
355,,,14,2,2,2,81,87,420,540,4,5
356,,,15,2,2,1,38,76,300,600,3,5
357,,,5,2,2,1,38,67,60,180,4,5
358,,,11,1,2,2,41,95,420,540,4,5
359,,,13,1,2,1,49,94,300,600,1,5
360,,,13,2,2,2,17,21,0,300,1,5
361,,,6,2,2,2,80,89,60,180,2,5
362,,,6,2,2,1,90,0,420,540,4,5
363,,,7,2,2,2,20,0,0,300,2,5
364,,,10,2,2,1,25,28,0,300,4,5
365,,,6,2,2,1,76,8,300,600,1,5
366,,,7,1,2,1,97,64,420,540,1,5
367,,,6,2,2,2,58,57,60,180,4,5
368,,,8,2,2,2,42,60,180,300,4,5
369,,,14,2,2,1,92,18,420,540,2,5
370,,,9,2,2,2,27,39,60,180,4,5
371,,,11,2,2,1,11,48,0,300,4,5
372,,,14,2,2,1,12,36,420,540,1,5
373,,,8,2,2,2,98,52,60,180,1,5
374,,,8,1,2,1,3,79,300,600,4,5
375,,,4,1,2,2,13,66,300,600,3,5
376,,,11,2,2,1,70,80,0,300,4,5
377,,,2,2,2,1,11,56,300,420,4,5
378,,,12,2,2,1,78,23,420,540,2,5
379,,,14,2,2,1,77,94,180,300,2,5
380,,,14,2,2,1,36,91,420,540,1,5
381,,,13,2,2,1,84,19,420,540,1,5
382,,,11,1,2,2,20,63,420,540,1,5
383,,,6,2,2,1,42,96,420,540,2,5
384,,,6,1,2,2,43,6,420,540,4,5
385,,,15,2,2,2,63,53,420,540,1,5
386,,,5,1,2,1,52,64,420,540,3,5
387,,,8,2,2,1,52,9,300,420,3,5
388,,,13,2,2,1,45,81,0,300,3,5
389,,,15,1,2,2,20,59,420,540,3,5
390,,,9,1,2,2,57,99,300,600,1,5
391,,,11,2,2,1,51,51,60,180,1,5
392,,,14,2,2,2,15,92,420,540,3,5
393,,,8,1,2,1,100,15,300,600,1,5
394,,,2,2,2,1,55,36,420,540,1,5
395,,,10,1,2,2,61,13,300,600,3,5
396,,,13,2,2,2,53,58,60,180,4,5
397,,,14,2,2,1,2,73,0,300,4,5
398,,,17,2,2,2,96,66,0,300,2,5
399,,,7,2,2,1,37,48,420,540,3,5
400,,,14,2,2,2,35,14,420,540,2,5
401,,,4,1,2,1,74,30,420,540,4,5
402,,,4,2,2,2,32,81,60,180,2,5
403,,,10,2,2,1,60,36,420,540,4,5
404,,,9,2,2,1,75,68,180,300,4,5
405,,,7,2,2,2,66,0,0,300,3,5
406,,,4,2,2,1,47,22,300,600,3,5
407,,,6,2,2,2,79,36,60,180,1,5
408,,,5,2,2,2,1,76,60,180,2,5
409,,,15,1,2,2,48,40,420,540,1,5
410,,,12,2,2,2,24,66,300,420,4,5
411,,,7,2,2,1,3,35,60,180,1,5
412,,,14,1,2,2,100,91,300,600,2,5
413,,,5,1,2,1,41,11,420,540,2,5
414,,,13,1,2,2,6,51,300,600,1,5
415,,,15,1,2,2,51,92,300,600,2,5
416,,,11,1,2,2,34,10,420,540,2,5
417,,,3,2,2,2,37,58,300,420,4,5
418,,,15,2,2,1,20,47,180,300,4,5
419,,,12,2,2,1,0,91,0,300,4,5
420,,,11,2,2,2,90,58,60,180,2,5
421,,,10,2,2,2,100,55,420,540,1,5
422,,,7,2,2,1,58,80,420,540,3,5
423,,,10,2,2,1,58,47,180,300,4,5
424,,,6,2,2,1,63,26,180,300,2,5
425,,,11,2,2,1,37,30,420,540,4,5
426,,,5,2,2,2,72,49,300,600,2,5
427,,,16,2,2,1,83,24,420,540,1,5
428,,,10,2,2,1,64,3,420,540,1,5
429,,,6,1,2,2,58,61,300,600,2,5
430,,,7,1,2,1,41,70,300,600,2,5
431,,,14,1,2,1,65,11,420,540,1,5
432,,,5,2,2,2,23,83,300,420,4,5
433,,,14,2,2,1,83,27,180,300,2,5
434,,,2,2,2,1,51,9,0,300,4,5
435,,,6,2,2,1,2,3,0,300,2,5
436,,,11,1,2,2,27,35,300,600,4,5
437,,,10,2,2,2,17,72,300,600,3,5
438,,,9,1,2,2,27,52,300,600,1,5
439,,,14,2,2,2,27,26,420,540,1,5
440,,,11,2,2,1,24,26,180,300,1,5
441,,,7,2,2,2,15,25,180,300,2,5
442,,,17,2,2,1,0,24,0,300,4,5
443,,,15,2,2,1,39,19,0,300,4,5
444,,,5,2,2,1,72,92,0,300,4,5
445,,,9,2,2,2,2,6,0,300,3,5
446,,,12,2,2,2,96,53,420,540,4,5
447,,,15,2,2,1,80,95,0,300,3,5
448,,,3,2,2,2,6,33,420,540,4,5
449,,,3,2,2,1,13,48,300,420,4,5
450,,,14,2,2,2,39,81,60,180,4,5
451,,,16,2,2,1,70,83,420,540,4,5
452,,,4,1,2,1,97,40,420,540,2,5
453,,,9,2,2,2,86,66,420,540,2,5
454,,,9,2,2,1,33,80,180,300,2,5
455,,,13,1,2,1,52,51,420,540,4,5
456,,,7,2,2,2,79,10,420,540,2,5
457,,,9,2,2,1,94,73,420,540,4,5
458,,,16,1,2,1,42,94,420,540,1,5
459,,,3,2,2,1,93,100,60,180,2,5
460,,,6,2,2,2,97,63,180,300,3,5
461,,,4,2,2,2,79,95,60,180,2,5
462,,,3,1,2,2,72,78,300,600,4,5
463,,,15,1,2,1,37,41,420,540,4,5
464,,,12,2,2,2,3,19,300,420,3,5
465,,,5,2,2,1,28,11,0,300,2,5
466,,,12,2,2,2,64,48,60,180,4,5
467,,,16,1,2,2,92,42,300,600,2,5
468,,,14,2,2,1,98,34,420,540,2,5
469,,,1,1,2,1,40,56,420,540,3,5
470,,,15,2,2,1,57,39,60,180,1,5
471,,,15,2,2,2,52,37,420,540,4,5
472,,,12,2,2,2,88,40,180,300,1,5
473,,,14,2,2,2,48,56,420,540,1,5
474,,,11,1,2,1,54,44,420,540,4,5
475,,,3,1,2,2,91,86,300,600,4,5
476,,,13,2,2,1,71,95,0,300,1,5
477,,,4,2,2,1,94,29,300,420,2,5
478,,,5,2,2,1,79,27,300,600,4,5
479,,,11,2,2,2,5,55,180,300,1,5
480,,,3,1,2,2,31,28,300,600,4,5
481,,,6,1,2,2,92,50,300,600,3,5
482,,,5,2,2,2,86,50,180,300,2,5
483,,,10,2,2,1,48,35,420,540,3,5
484,,,13,2,2,1,44,88,420,540,4,5
485,,,5,2,2,1,40,12,300,600,4,5
486,,,6,2,2,2,45,25,0,300,3,5
487,,,11,1,2,1,51,99,300,600,1,5
488,,,10,2,2,1,61,14,60,180,3,5
489,,,6,2,2,1,28,19,60,180,1,5
490,,,6,2,2,1,35,44,0,300,3,5
491,,,14,1,2,1,99,14,300,600,1,5
492,,,15,1,2,1,91,65,300,600,2,5
493,,,13,1,2,2,5,99,420,540,2,5
494,,,14,2,2,2,8,45,300,600,3,5
495,,,12,2,2,1,90,90,180,300,1,5
496,,,16,2,2,2,11,78,300,600,1,5
497,,,15,1,2,2,43,36,300,600,2,5
498,,,15,2,2,1,64,58,300,420,2,5
499,,,6,2,2,2,17,17,300,600,4,5
500,,,5,2,2,1,25,19,180,300,2,5
501,,,9,1,2,1,7,46,420,540,2,5
502,,,4,1,2,1,6,94,300,600,4,5
503,,,13,2,2,2,53,34,180,300,3,5
504,,,6,2,2,1,21,72,420,540,3,5
505,,,15,2,2,2,53,94,0,300,1,5
506,,,4,2,2,1,46,85,300,420,2,5
507,,,8,2,2,1,79,28,420,540,4,5
508,,,13,2,2,2,12,93,300,600,2,5
509,,,6,2,2,1,66,19,60,180,1,5
510,,,12,2,2,2,18,50,0,300,4,5
511,,,9,1,2,2,97,25,420,540,2,5
512,,,13,1,2,1,47,86,300,600,3,5
513,,,17,2,2,1,36,28,180,300,3,5
514,,,9,2,2,1,51,97,300,420,1,5
515,,,4,2,2,2,39,81,300,600,2,5
516,,,9,2,2,1,32,77,420,540,3,5
517,,,15,2,2,1,2,81,60,180,2,5
518,,,15,2,2,2,70,29,180,300,1,5
519,,,2,2,2,1,3,22,300,420,3,5
520,,,13,1,2,1,95,54,300,600,2,5
521,,,14,1,2,2,35,29,420,540,2,5
522,,,13,1,2,1,86,58,300,600,1,5
523,,,8,1,2,1,6,98,420,540,1,5
524,,,4,2,2,2,58,39,300,420,1,5
525,,,10,1,2,1,44,5,300,600,1,5
526,,,7,2,2,2,14,42,420,540,3,5
527,,,13,1,2,1,83,51,420,540,4,5
528,,,10,1,2,2,61,85,300,600,3,5
529,,,4,1,2,2,22,13,300,600,2,5
530,,,7,2,2,2,2,18,420,540,3,5
531,,,12,1,2,1,88,27,300,600,3,5
532,,,7,2,2,2,72,92,420,540,3,5
533,,,5,2,2,2,53,33,180,300,2,5
534,,,5,2,2,1,61,59,60,180,2,5
535,,,14,1,2,1,100,34,300,600,2,5
536,,,15,2,2,2,0,74,60,180,3,5
537,,,1,1,2,2,100,63,300,600,1,5
538,,,14,2,2,2,49,9,0,300,2,5
539,,,4,2,2,2,44,20,180,300,4,5
540,,,7,1,2,1,9,2,300,600,4,5
541,,,9,2,2,1,6,22,60,180,4,5
542,,,10,1,2,2,0,67,420,540,1,5
543,,,13,2,2,1,57,5,60,180,2,5
544,,,9,1,2,1,8,6,420,540,2,5
545,,,4,1,2,1,98,14,300,600,2,5
546,,,9,2,2,1,74,82,420,540,3,5
547,,,8,1,2,2,95,19,300,600,4,5
548,,,3,2,2,2,75,68,60,180,4,5
549,,,8,2,2,1,70,34,420,540,4,5
550,,,5,1,2,2,85,73,300,600,4,5
551,,,3,2,2,1,52,82,180,300,2,5
552,,,14,2,2,1,86,3,0,300,3,5
553,,,10,2,2,1,98,69,0,300,3,5
554,,,8,1,2,2,17,66,300,600,1,5
555,,,8,1,2,1,17,94,300,600,2,5
556,,,13,2,2,2,27,18,60,180,3,5
557,,,12,2,2,2,81,34,60,180,1,5
558,,,6,2,2,2,96,25,300,600,4,5
559,,,7,1,2,2,62,68,300,600,4,5
560,,,12,1,2,1,86,86,420,540,2,5
561,,,4,2,2,2,44,28,180,300,3,5
562,,,5,1,2,2,64,78,420,540,1,5
563,,,5,2,2,1,57,61,300,600,3,5
564,,,13,2,2,2,1,4,300,420,2,5
565,,,2,2,2,2,65,82,60,180,2,5
566,,,2,2,2,1,17,78,300,600,4,5
567,,,14,2,2,2,42,92,60,180,2,5
568,,,7,1,2,2,40,90,420,540,1,5
569,,,2,2,2,2,22,32,180,300,2,5
570,,,6,2,2,2,60,7,300,420,4,5
571,,,9,1,2,2,91,60,420,540,1,5
572,,,10,1,2,1,49,68,420,540,1,5
573,,,3,2,2,2,15,15,180,300,3,5
574,,,3,2,2,1,2,6,420,540,3,5
575,,,12,2,2,2,61,66,180,300,2,5
576,,,12,2,2,2,58,66,180,300,1,5
577,,,8,2,2,1,7,74,0,300,2,5
578,,,10,1,2,2,96,25,300,600,4,5
579,,,16,2,2,2,53,46,420,540,1,5
580,,,10,2,2,1,29,47,60,180,4,5
581,,,10,2,2,1,22,31,0,300,4,5
582,,,12,2,2,2,74,67,60,180,1,5
583,,,7,2,2,1,33,44,420,540,4,5
584,,,5,1,2,1,18,15,420,540,2,5
585,,,15,1,2,2,42,30,420,540,1,5
586,,,9,2,2,1,59,4,300,600,1,5
587,,,12,2,2,1,29,6,300,420,2,5
588,,,9,2,2,1,58,15,180,300,4,5
589,,,16,2,2,1,96,94,300,420,3,5
590,,,3,2,2,1,76,30,0,300,3,5
591,,,13,2,2,1,61,33,420,540,1,5
592,,,4,2,2,2,96,95,180,300,2,5
593,,,11,1,2,2,60,66,420,540,4,5
594,,,9,2,2,1,57,10,420,540,3,5
595,,,8,2,2,2,82,37,0,300,2,5
596,,,4,2,2,1,49,96,180,300,2,5
597,,,11,1,2,2,83,6,420,540,3,5
598,,,3,1,2,2,84,48,300,600,1,5
599,,,11,1,2,1,96,89,420,540,2,5
600,,,14,2,2,1,28,47,420,540,3,5
601,,,5,2,2,1,73,12,180,300,4,5
602,,,9,2,2,2,57,67,180,300,4,5
603,,,8,2,2,1,41,70,180,300,2,5
604,,,3,2,2,2,62,48,0,300,1,5
605,,,6,1,2,2,99,89,300,600,2,5
606,,,13,2,2,1,60,39,0,300,3,5
607,,,8,2,2,1,36,88,0,300,1,5
608,,,14,2,2,1,7,39,60,180,1,5
609,,,13,2,2,2,31,54,420,540,3,5
610,,,4,2,2,1,8,0,300,600,4,5
611,,,8,1,2,1,35,2,300,600,4,5
612,,,3,2,2,2,28,5,420,540,1,5
613,,,9,2,2,1,46,75,300,420,4,5
614,,,10,1,2,1,1,24,420,540,4,5
615,,,6,1,2,2,69,70,300,600,4,5
616,,,10,2,2,1,61,92,0,300,3,5
617,,,11,2,2,2,92,7,0,300,2,5
618,,,11,1,2,2,59,56,420,540,1,5
619,,,3,2,2,2,100,51,0,300,4,5
620,,,5,2,2,2,15,67,180,300,1,5
621,,,2,1,2,2,57,35,300,600,2,5
622,,,9,2,2,2,37,32,60,180,4,5
623,,,6,2,2,1,18,37,180,300,4,5
624,,,11,2,2,2,77,78,300,420,1,5
625,,,14,1,2,1,97,63,300,600,1,5
626,,,12,2,2,1,62,44,420,540,4,5
627,,,4,2,2,1,91,35,300,600,4,5
628,,,11,2,2,1,90,92,180,300,1,5
629,,,12,2,2,2,94,94,420,540,1,5
630,,,10,2,2,1,73,37,60,180,2,5
631,,,9,1,2,2,70,37,300,600,2,5
632,,,15,2,2,2,65,14,60,180,2,5
633,,,7,1,2,1,59,15,420,540,3,5
634,,,9,2,2,2,50,26,180,300,1,5
635,,,9,2,2,1,31,76,420,540,2,5
636,,,3,2,2,2,56,17,60,180,4,5
637,,,2,1,2,2,46,18,420,540,3,5
638,,,7,1,2,2,20,63,420,540,1,5
639,,,7,1,2,1,22,42,420,540,3,5
640,,,5,2,2,2,19,100,60,180,3,5
641,,,13,1,2,1,90,36,420,540,2,5
642,,,8,2,2,2,68,98,420,540,3,5
643,,,13,2,2,1,39,66,60,180,2,5
644,,,10,2,2,1,13,78,60,180,2,5
645,,,15,2,2,2,88,58,180,300,3,5
646,,,5,2,2,2,23,58,300,600,3,5
647,,,15,2,2,1,40,34,60,180,4,5
648,,,12,2,2,2,76,71,180,300,1,5
649,,,12,1,2,2,25,51,300,600,2,5
650,,,8,1,2,2,33,73,300,600,2,5
651,,,9,2,2,2,2,83,300,600,4,5
652,,,15,2,2,1,45,27,0,300,4,5
653,,,2,2,2,2,42,42,180,300,3,5
654,,,3,2,2,1,10,62,60,180,2,5
655,,,9,1,2,2,75,19,420,540,2,5
656,,,2,2,2,1,8,58,420,540,2,5
657,,,3,2,2,2,90,78,0,300,4,5
658,,,9,1,2,2,73,90,300,600,3,5
659,,,11,1,2,1,41,5,300,600,4,5
660,,,3,2,2,2,92,9,420,540,3,5
661,,,5,2,2,2,97,18,60,180,3,5
662,,,14,2,2,2,27,44,0,300,2,5
663,,,6,2,2,2,9,28,180,300,2,5
664,,,14,2,2,2,84,93,180,300,3,5
665,,,3,2,2,2,59,97,300,420,1,5
666,,,14,2,2,2,1,100,420,540,3,5
667,,,16,2,2,1,58,43,0,300,3,5
668,,,8,2,2,2,95,32,300,600,4,5
669,,,4,2,2,2,58,93,300,600,3,5
670,,,5,2,2,1,73,65,420,540,4,5
671,,,15,2,2,1,94,21,0,300,3,5
672,,,5,2,2,1,91,65,300,420,4,5
673,,,8,2,2,2,87,8,180,300,3,5
674,,,2,1,2,2,75,89,420,540,4,5
675,,,8,2,2,2,84,31,60,180,2,5
676,,,4,1,2,1,47,24,420,540,1,5
677,,,2,1,2,1,87,94,420,540,1,5
678,,,8,2,2,2,93,34,60,180,1,5
679,,,8,2,2,2,28,9,180,300,1,5
680,,,12,2,2,2,1,60,60,180,4,5
681,,,11,1,2,2,76,82,300,600,4,5
682,,,13,2,2,2,81,85,180,300,3,5
683,,,7,1,2,1,3,29,420,540,1,5
684,,,13,2,2,1,23,8,180,300,2,5
685,,,16,2,2,2,72,69,180,300,4,5
686,,,12,2,2,2,65,7,420,540,2,5
687,,,2,1,2,1,4,30,420,540,3,5
688,,,4,2,2,2,18,85,420,540,4,5
689,,,8,1,2,1,24,73,420,540,2,5
690,,,6,2,2,2,1,83,300,600,3,5
691,,,10,2,2,2,37,3,180,300,4,5
692,,,5,2,2,1,21,56,60,180,2,5
693,,,5,2,2,1,59,14,420,540,3,5
694,,,3,2,2,2,16,42,300,600,1,5
695,,,11,1,2,1,8,94,420,540,4,5
696,,,14,2,2,2,33,23,180,300,1,5
697,,,8,2,2,1,84,26,180,300,3,5
698,,,6,2,2,1,79,60,420,540,2,5
699,,,5,1,2,1,35,53,420,540,1,5
700,,,10,2,2,2,62,25,300,600,3,5
701,,,16,2,2,2,75,79,0,300,3,5
702,,,3,1,2,1,87,53,420,540,4,5
703,,,13,2,2,1,78,95,0,300,4,5
704,,,10,1,2,2,62,89,420,540,3,5
705,,,15,2,2,1,100,37,60,180,4,5
706,,,7,1,2,1,22,80,300,600,2,5
707,,,13,2,2,1,25,21,0,300,3,5
708,,,13,2,2,1,87,89,180,300,3,5
709,,,15,2,2,2,11,44,300,600,2,5
710,,,7,2,2,1,88,33,300,420,4,5
711,,,8,1,2,2,73,67,420,540,1,5
712,,,8,2,2,2,11,23,180,300,3,5
713,,,5,2,2,1,84,84,0,300,3,5
714,,,7,2,2,1,52,17,420,540,2,5
715,,,15,2,2,2,28,31,0,300,1,5
716,,,5,2,2,1,52,35,180,300,2,5
717,,,5,2,2,1,91,21,60,180,1,5
718,,,2,2,2,2,75,16,420,540,4,5
719,,,15,1,2,1,78,61,420,540,4,5
720,,,11,2,2,1,86,57,420,540,1,5
721,,,5,2,2,1,37,36,180,300,2,5
722,,,5,1,2,2,24,15,300,600,3,5
723,,,7,2,2,2,31,30,0,300,1,5
724,,,9,2,2,1,12,83,420,540,3,5
725,,,14,2,2,2,58,42,420,540,3,5
726,,,2,2,2,2,12,69,300,420,1,5
727,,,14,1,2,1,64,30,420,540,4,5
728,,,9,2,2,2,89,95,60,180,2,5
729,,,5,2,2,1,71,53,0,300,1,5
730,,,12,1,2,1,64,71,420,540,3,5
731,,,3,2,2,2,30,32,60,180,1,5
732,,,4,2,2,1,95,83,180,300,1,5
733,,,11,2,2,1,59,75,420,540,4,5
734,,,4,2,2,2,99,20,420,540,3,5
735,,,7,2,2,1,51,50,180,300,4,5
736,,,5,2,2,1,33,51,420,540,1,5
737,,,7,2,2,2,60,96,420,540,4,5
738,,,4,2,2,1,39,55,180,300,1,5
739,,,12,1,2,2,47,43,300,600,2,5
740,,,7,2,2,2,96,81,0,300,4,5
741,,,4,2,2,2,51,55,60,180,2,5
742,,,14,2,2,1,69,42,60,180,1,5
743,,,13,2,2,2,77,48,0,300,1,5
744,,,10,2,2,1,1,52,60,180,4,5
745,,,9,2,2,1,79,50,180,300,1,5
746,,,6,2,2,1,60,69,60,180,4,5
747,,,4,2,2,2,62,79,420,540,1,5
748,,,6,1,2,2,28,56,420,540,2,5
749,,,2,2,2,1,99,57,0,300,4,5
750,,,4,1,2,1,26,36,420,540,1,5
751,,,5,2,2,2,70,99,180,300,1,5
752,,,13,2,2,2,29,45,60,180,4,5
753,,,3,1,2,2,93,64,420,540,4,5
754,,,2,1,2,2,11,81,300,600,3,5
755,,,11,2,2,1,21,10,420,540,1,5
756,,,7,2,2,2,90,13,60,180,4,5
757,,,14,1,2,2,64,3,420,540,3,5
758,,,6,2,2,2,31,89,420,540,4,5
759,,,14,1,2,2,83,3,420,540,3,5
760,,,12,1,2,1,45,80,420,540,1,5
761,,,9,1,2,1,13,15,300,600,1,5
762,,,9,2,2,1,29,75,60,180,4,5
763,,,5,2,2,1,66,8,180,300,3,5
764,,,12,1,2,1,47,28,420,540,3,5
765,,,4,2,2,2,92,47,60,180,3,5
766,,,6,2,2,1,26,47,180,300,1,5
767,,,7,2,2,2,98,58,60,180,2,5
768,,,11,2,2,2,64,28,300,600,3,5
769,,,12,1,2,2,51,58,300,600,4,5
770,,,8,2,2,2,39,29,0,300,1,5
771,,,10,2,2,1,98,54,0,300,2,5
772,,,7,2,2,2,45,34,60,180,1,5
773,,,3,2,2,1,84,27,0,300,4,5
774,,,6,2,2,1,77,51,60,180,4,5
775,,,13,2,2,2,91,42,420,540,4,5
776,,,2,1,2,1,37,46,300,600,4,5
777,,,9,2,2,2,2,95,0,300,2,5
778,,,4,2,2,1,87,61,180,300,3,5
779,,,6,2,2,2,87,18,0,300,1,5
780,,,5,2,2,1,38,89,300,600,1,5
781,,,6,1,2,1,21,62,300,600,2,5
782,,,14,2,2,1,7,59,180,300,4,5
783,,,7,2,2,2,59,5,420,540,2,5
784,,,5,1,2,2,88,54,300,600,2,5
785,,,14,2,2,2,83,97,180,300,1,5
786,,,15,1,2,2,10,98,300,600,1,5
787,,,9,2,2,1,2,92,180,300,2,5
788,,,4,2,2,1,38,26,180,300,2,5
789,,,5,1,2,2,3,56,300,600,4,5
790,,,9,2,2,1,20,90,420,540,2,5
791,,,8,2,2,1,11,32,180,300,2,5
792,,,8,2,2,2,84,29,180,300,2,5
793,,,4,2,2,2,49,3,60,180,3,5
794,,,7,2,2,1,20,45,300,420,1,5
795,,,7,2,2,1,38,57,60,180,2,5
796,,,13,2,2,1,67,25,0,300,2,5
797,,,3,2,2,2,48,10,420,540,4,5
798,,,13,1,2,1,73,28,300,600,2,5
799,,,3,2,2,2,41,34,60,180,4,5
800,,,9,2,2,1,95,79,180,300,3,5
801,,,8,1,2,1,25,65,420,540,2,5
802,,,4,2,2,2,97,2,300,420,3,5
803,,,4,2,2,2,65,73,180,300,4,5
804,,,5,1,2,1,47,52,420,540,3,5
805,,,13,2,2,1,90,5,300,600,3,5
806,,,5,2,2,1,33,77,420,540,1,5
807,,,16,2,2,1,29,56,300,600,2,5
808,,,9,2,2,1,67,50,60,180,4,5
809,,,12,2,2,1,2,26,420,540,4,5
810,,,11,2,2,2,92,22,300,420,1,5
811,,,4,2,2,1,76,69,60,180,2,5
812,,,5,2,2,2,43,72,60,180,3,5
813,,,13,2,2,1,52,30,300,600,2,5
814,,,13,2,2,1,38,83,0,300,3,5
815,,,10,1,2,2,16,7,300,600,2,5
816,,,16,2,2,1,6,36,60,180,2,5
817,,,15,2,2,2,40,52,300,600,4,5
818,,,10,2,2,1,84,96,60,180,2,5
819,,,3,2,2,2,76,66,60,180,2,5
820,,,4,2,2,1,79,90,420,540,1,5
821,,,5,2,2,1,92,5,0,300,4,5
822,,,6,2,2,2,71,51,0,300,4,5
823,,,8,2,2,1,44,79,300,600,3,5
824,,,7,2,2,1,38,47,60,180,3,5
825,,,14,2,2,2,3,55,0,300,2,5
826,,,12,1,2,1,12,29,420,540,2,5
827,,,9,1,2,1,43,76,420,540,1,5
828,,,8,2,2,2,89,88,420,540,4,5
829,,,13,2,2,1,80,69,180,300,1,5
830,,,5,2,2,2,15,70,0,300,2,5
831,,,7,1,2,2,10,92,420,540,1,5
832,,,13,2,2,1,87,54,180,300,3,5
833,,,13,2,2,2,8,78,60,180,3,5
834,,,14,2,2,1,79,56,60,180,1,5
835,,,11,2,2,1,27,36,0,300,1,5
836,,,11,1,2,1,71,53,300,600,4,5
837,,,5,2,2,2,17,84,300,420,4,5
838,,,10,1,2,1,68,55,300,600,1,5
839,,,5,2,2,1,2,2,0,300,2,5
840,,,13,2,2,2,9,55,420,540,1,5
841,,,5,1,2,1,9,84,420,540,2,5
842,,,15,2,2,1,70,84,300,420,2,5
843,,,7,2,2,1,44,45,180,300,3,5
844,,,3,1,2,2,35,96,300,600,1,5
845,,,4,2,2,1,25,90,420,540,4,5
846,,,5,1,2,2,33,6,300,600,4,5
847,,,8,1,2,2,29,67,300,600,2,5
848,,,7,2,2,1,59,70,180,300,1,5
849,,,4,2,2,1,71,68,180,300,4,5
850,,,6,2,2,1,91,46,180,300,2,5
851,,,13,2,2,1,63,99,60,180,4,5
852,,,7,2,2,2,72,33,60,180,4,5
853,,,3,2,2,2,52,41,0,300,3,5
854,,,5,2,2,2,58,97,420,540,3,5
855,,,7,2,2,1,78,33,0,300,3,5
856,,,15,2,2,2,53,14,0,300,2,5
857,,,13,1,2,2,60,47,420,540,1,5
858,,,8,1,2,1,7,40,420,540,3,5
859,,,5,1,2,2,58,78,420,540,2,5
860,,,7,2,2,2,58,88,300,420,2,5
861,,,14,2,2,2,98,1,180,300,3,5
862,,,13,2,2,1,98,86,300,600,3,5
863,,,15,2,2,2,6,54,0,300,2,5
864,,,3,2,2,2,83,44,60,180,1,5
865,,,16,1,2,2,69,92,300,600,2,5
866,,,7,2,2,1,99,14,300,600,4,5
867,,,2,1,2,1,78,20,300,600,2,5
868,,,14,2,2,2,56,78,300,420,2,5
869,,,16,2,2,2,84,61,420,540,2,5
870,,,10,1,2,2,89,55,420,540,4,5
871,,,15,2,2,2,13,9,420,540,3,5
872,,,6,2,2,2,35,49,180,300,3,5
873,,,3,2,2,2,94,66,180,300,2,5
874,,,5,2,2,2,51,88,60,180,2,5
875,,,11,2,2,1,70,5,60,180,2,5
876,,,13,2,2,2,21,82,300,420,4,5
877,,,15,2,2,1,1,63,60,180,3,5
878,,,5,2,2,2,8,5,60,180,1,5
879,,,4,2,2,2,96,39,420,540,4,5
880,,,14,2,2,2,53,89,300,420,1,5
881,,,2,2,2,1,12,63,0,300,4,5
882,,,8,2,2,2,88,74,420,540,2,5
883,,,5,2,2,2,50,9,180,300,1,5
884,,,12,2,2,2,66,21,420,540,1,5
885,,,12,2,2,2,78,31,420,540,4,5
886,,,12,2,2,1,7,30,420,540,1,5
887,,,2,1,2,1,43,21,420,540,1,5
888,,,8,2,2,1,7,40,180,300,3,5
889,,,10,2,2,1,47,42,60,180,2,5
890,,,4,2,2,2,95,78,0,300,3,5
891,,,6,2,2,1,68,8,300,600,2,5
892,,,12,2,2,1,27,0,60,180,4,5
893,,,13,2,2,1,48,26,420,540,1,5
894,,,7,2,2,2,37,20,420,540,1,5
895,,,2,2,2,1,45,5,60,180,3,5
896,,,10,1,2,1,53,67,420,540,2,5
897,,,4,1,2,2,64,94,420,540,4,5
898,,,9,1,2,2,90,26,420,540,3,5
899,,,9,2,2,1,51,74,0,300,4,5
900,,,7,2,2,2,75,62,180,300,2,5
901,,,8,2,2,1,19,37,180,300,4,5
902,,,16,2,2,2,13,73,300,420,3,5
903,,,13,2,2,2,100,85,0,300,3,5
904,,,12,2,2,2,65,33,60,180,2,5
905,,,3,2,2,1,81,65,0,300,2,5
906,,,4,1,2,2,9,87,420,540,1,5
907,,,9,2,2,1,41,49,60,180,1,5
908,,,9,2,2,2,44,49,300,420,4,5
909,,,5,2,2,2,11,21,0,300,2,5
910,,,14,1,2,2,48,54,300,600,3,5
911,,,8,2,2,2,15,72,180,300,2,5
912,,,3,2,2,1,27,5,300,600,4,5
913,,,9,2,2,2,41,50,60,180,4,5
914,,,2,2,2,1,22,75,60,180,3,5
915,,,13,2,2,1,81,83,300,420,2,5
916,,,3,2,2,1,88,6,300,420,4,5
917,,,8,1,2,1,57,82,300,600,2,5
918,,,13,2,2,1,13,12,180,300,1,5
919,,,17,2,2,1,54,9,420,540,1,5
920,,,10,1,2,1,22,73,420,540,4,5
921,,,6,2,2,2,45,67,180,300,3,5
922,,,5,1,2,2,76,95,300,600,3,5
923,,,12,2,2,2,25,82,60,180,3,5
924,,,15,2,2,1,9,86,180,300,3,5
925,,,11,2,2,1,89,39,180,300,3,5
926,,,4,2,2,1,78,86,60,180,4,5
927,,,7,2,2,1,59,36,420,540,1,5
928,,,11,2,2,2,41,62,300,420,1,5
929,,,15,1,2,2,31,95,420,540,4,5
930,,,15,2,2,2,33,9,180,300,2,5
931,,,10,1,2,1,46,71,300,600,3,5
932,,,5,2,2,1,9,96,0,300,4,5
933,,,13,1,2,1,82,7,300,600,1,5
934,,,14,2,2,1,84,68,0,300,4,5
935,,,10,2,2,2,18,68,300,600,3,5
936,,,15,2,2,2,40,26,0,300,2,5
937,,,15,2,2,2,15,81,0,300,3,5
938,,,12,1,2,2,4,9,420,540,4,5
939,,,5,2,2,2,85,64,60,180,2,5
940,,,3,2,2,2,58,90,0,300,2,5
941,,,15,2,2,2,68,63,180,300,2,5
942,,,8,2,2,1,60,23,0,300,1,5
943,,,7,1,2,1,42,11,300,600,4,5
944,,,2,1,2,1,94,17,420,540,2,5
945,,,9,1,2,1,19,25,300,600,2,5
946,,,10,2,2,2,66,36,420,540,3,5
947,,,3,1,2,2,15,14,300,600,1,5
948,,,11,1,2,1,1,93,300,600,3,5
949,,,13,2,2,2,42,98,420,540,1,5
950,,,10,2,2,1,40,42,0,300,2,5
951,,,7,2,2,2,55,5,300,420,4,5
952,,,4,2,2,2,21,40,180,300,2,5
953,,,15,2,2,2,48,99,180,300,2,5
954,,,5,2,2,1,15,20,180,300,4,5
955,,,4,1,2,2,9,81,420,540,2,5
956,,,9,2,2,2,34,65,60,180,1,5
957,,,13,2,2,1,76,56,0,300,3,5
958,,,12,2,2,2,99,37,300,600,2,5
959,,,3,2,2,1,10,16,300,420,4,5
960,,,16,1,2,1,31,76,420,540,4,5
961,,,9,2,2,1,39,90,300,420,1,5
962,,,14,1,2,1,100,14,300,600,2,5
963,,,16,2,2,2,8,46,0,300,2,5
964,,,7,2,2,2,86,46,420,540,3,5
965,,,2,2,2,2,100,32,60,180,1,5
966,,,8,1,2,2,46,54,420,540,2,5
967,,,11,2,2,1,78,82,420,540,4,5
968,,,2,1,2,1,8,56,420,540,2,5
969,,,14,2,2,1,31,66,60,180,3,5
970,,,4,1,2,1,16,40,300,600,1,5
971,,,8,2,2,2,38,75,180,300,3,5
972,,,7,2,2,2,66,65,420,540,4,5
973,,,1,1,2,1,2,87,420,540,3,5
974,,,1,1,2,1,26,86,300,600,4,5
975,,,12,2,2,1,97,89,300,420,2,5
976,,,16,2,2,2,76,75,180,300,1,5
977,,,13,2,2,2,9,60,300,600,4,5
978,,,15,2,2,1,67,94,0,300,2,5
979,,,3,1,2,1,96,48,420,540,3,5
980,,,14,2,2,1,79,86,420,540,4,5
981,,,7,2,2,2,18,26,180,300,4,5
982,,,9,2,2,2,95,99,420,540,4,5
983,,,14,2,2,1,16,9,300,420,2,5
984,,,9,2,2,2,45,31,0,300,2,5
985,,,10,2,2,1,42,27,180,300,2,5
986,,,4,1,2,1,3,73,420,540,3,5
987,,,5,1,2,2,68,72,300,600,2,5
988,,,7,2,2,2,84,58,300,420,3,5
989,,,3,2,2,2,1,76,180,300,1,5
990,,,3,2,2,2,3,60,180,300,2,5
991,,,5,2,2,2,66,87,180,300,4,5
992,,,11,2,2,2,61,84,300,600,2,5
993,,,10,2,2,1,62,76,180,300,4,5
994,,,13,2,2,2,51,71,420,540,3,5
995,,,9,2,2,2,26,60,60,180,2,5
996,,,10,2,2,2,90,39,60,180,4,5
997,,,14,2,2,2,61,92,420,540,1,5
998,,,2,1,2,2,57,21,300,600,2,5
999,,,4,2,2,2,68,62,0,300,4,5
1000,,,14,2,2,1,34,51,180,300,2,5
1001,,,6,2,2,1,8,14,300,420,2,5
1002,,,11,2,2,2,68,57,0,300,2,5
1003,,,4,2,2,2,93,84,420,540,2,5
1004,,,11,2,2,1,8,22,420,540,3,5
1005,,,13,2,2,1,95,75,420,540,2,5
1006,,,14,2,2,1,27,98,60,180,2,5
1007,,,7,1,2,1,4,75,420,540,2,5
1008,,,14,2,2,2,74,49,60,180,2,5
1009,,,13,2,2,2,0,56,60,180,4,5
1010,,,12,2,2,2,34,47,60,180,2,5
1011,,,9,2,2,2,96,15,60,180,1,5
1012,,,9,1,2,1,52,55,300,600,4,5
1013,,,8,1,2,1,7,82,300,600,4,5
1014,,,12,2,2,1,81,69,300,420,3,5
1015,,,10,2,2,2,34,28,180,300,1,5
1016,,,6,2,2,1,44,11,180,300,3,5
1017,,,11,2,2,2,36,99,180,300,3,5
1018,,,5,2,2,2,56,73,420,540,3,5
1019,,,15,1,2,2,42,37,420,540,3,5
1020,,,9,2,2,1,68,43,420,540,3,5
1021,,,9,2,2,1,11,89,60,180,4,5
1022,,,11,2,2,1,38,89,0,300,2,5
1023,,,12,2,2,2,15,27,60,180,4,5
1024,,,15,1,2,1,67,61,300,600,4,5
1025,,,13,1,2,2,52,35,420,540,2,5
1026,,,12,2,2,1,26,82,180,300,1,5
1027,,,1,1,2,2,33,78,300,600,3,5
1028,,,5,2,2,2,18,30,60,180,4,5
1029,,,4,2,2,1,61,42,0,300,2,5
1030,,,9,2,2,2,1,39,420,540,1,5
1031,,,14,2,2,2,48,73,300,420,1,5
1032,,,3,2,2,1,80,10,300,420,2,5
1033,,,11,2,2,1,41,16,0,300,2,5
1034,,,14,1,2,2,73,57,420,540,2,5
1035,,,4,2,2,1,62,88,0,300,2,5
1036,,,6,2,2,1,28,43,180,300,1,5
1037,,,4,2,2,2,34,37,300,420,2,5
1038,,,4,2,2,1,88,74,300,420,2,5
1039,,,3,2,2,2,93,81,300,420,2,5
1040,,,16,2,2,1,81,9,60,180,2,5
1041,,,12,2,2,1,44,48,420,540,3,5
1042,,,3,1,2,2,25,36,300,600,4,5
1043,,,15,2,2,1,23,68,300,420,2,5
1044,,,1,1,2,1,28,27,420,540,3,5
1045,,,8,2,2,1,9,70,300,420,3,5
1046,,,13,2,2,2,55,72,300,600,1,5
1047,,,14,2,2,2,38,4,300,420,3,5
1048,,,2,2,2,2,85,27,0,300,3,5
1049,,,9,1,2,1,98,20,300,600,1,5
1050,,,5,2,2,2,95,53,300,600,3,5
1051,,,16,1,2,1,98,69,420,540,2,5
1052,,,4,2,2,2,64,20,300,420,4,5
1053,,,15,1,2,2,100,4,420,540,1,5
1054,,,16,2,2,2,71,42,180,300,2,5
1055,,,2,1,2,2,8,55,300,600,4,5
1056,,,10,2,2,2,19,66,180,300,2,5
1057,,,11,1,2,1,13,73,420,540,1,5
1058,,,11,2,2,1,72,33,420,540,1,5
1059,,,2,1,2,1,72,71,300,600,1,5
1060,,,15,2,2,2,53,72,60,180,2,5
1061,,,6,2,2,1,51,92,0,300,2,5
1062,,,11,2,2,2,55,82,180,300,3,5
1063,,,12,2,2,1,42,65,300,600,4,5
1064,,,3,2,2,2,60,39,60,180,4,5
1065,,,3,2,2,1,55,77,420,540,1,5
1066,,,5,2,2,2,29,10,60,180,4,5
1067,,,6,1,2,1,44,100,420,540,3,5
1068,,,12,2,2,2,86,48,180,300,1,5
1069,,,10,2,2,2,11,7,300,420,2,5
1070,,,15,2,2,2,29,99,60,180,1,5
1071,,,5,2,2,2,51,13,0,300,2,5
1072,,,3,2,2,2,88,8,0,300,3,5
1073,,,7,1,2,1,89,30,420,540,4,5
1074,,,3,2,2,2,84,88,420,540,2,5
1075,,,14,1,2,1,89,34,420,540,4,5
1076,,,4,2,2,2,90,37,0,300,1,5
1077,,,5,2,2,2,68,21,60,180,1,5
1078,,,6,2,2,1,22,12,0,300,3,5
1079,,,4,2,2,1,2,66,420,540,3,5
1080,,,3,2,2,1,97,4,420,540,2,5
1081,,,2,1,2,2,98,58,300,600,1,5
1082,,,8,2,2,2,26,14,180,300,2,5
1083,,,3,2,2,1,51,72,180,300,1,5
1084,,,14,2,2,2,19,75,300,420,4,5
1085,,,7,1,2,2,38,48,420,540,3,5
1086,,,15,2,2,2,98,97,60,180,2,5
1087,,,10,2,2,1,45,8,300,600,1,5
1088,,,6,2,2,2,33,38,180,300,2,5
1089,,,15,2,2,2,79,74,180,300,2,5
1090,,,15,2,2,2,30,51,180,300,4,5
1091,,,15,2,2,1,46,88,0,300,3,5
1092,,,2,2,2,1,91,39,0,300,2,5
1093,,,12,2,2,2,14,100,180,300,1,5
1094,,,4,2,2,2,82,47,420,540,1,5
1095,,,2,1,2,2,18,31,420,540,1,5
1096,,,14,1,2,1,2,0,420,540,4,5
1097,,,8,1,2,2,72,98,420,540,3,5
1098,,,5,2,2,1,66,10,300,600,4,5
1099,,,14,2,2,1,1,6,60,180,2,5
1100,,,3,1,2,1,67,49,300,600,2,5
1101,,,10,2,2,2,2,39,60,180,2,5
1102,,,14,1,2,2,7,56,300,600,1,5
1103,,,9,2,2,2,5,15,180,300,4,5
1104,,,16,2,2,2,84,74,0,300,1,5
1105,,,7,2,2,1,16,31,420,540,4,5
1106,,,4,2,2,1,51,43,0,300,2,5
1107,,,5,2,2,1,34,1,60,180,1,5
1108,,,3,2,2,1,68,51,300,600,4,5
1109,,,10,2,2,1,71,91,60,180,2,5
1110,,,13,2,2,1,51,1,300,420,1,5
1111,,,12,2,2,2,50,38,0,300,4,5
1112,,,12,2,2,2,75,62,300,420,2,5
1113,,,10,2,2,2,7,31,300,600,1,5
1114,,,2,1,2,1,21,79,420,540,4,5
1115,,,12,2,2,2,98,68,0,300,2,5
1116,,,7,2,2,2,44,23,180,300,4,5
1117,,,5,2,2,2,25,40,300,420,4,5
1118,,,8,2,2,1,84,19,300,600,3,5
1119,,,13,2,2,2,24,66,0,300,4,5
1120,,,12,2,2,1,44,68,300,600,1,5
1121,,,11,2,2,2,53,95,300,420,1,5
1122,,,15,2,2,1,55,29,180,300,4,5
1123,,,8,2,2,2,84,99,180,300,2,5
1124,,,12,1,2,2,16,26,300,600,2,5
1125,,,6,2,2,2,29,22,60,180,4,5
1126,,,6,2,2,1,47,2,300,600,1,5
1127,,,8,2,2,1,0,99,60,180,4,5
1128,,,4,2,2,2,11,59,0,300,1,5
1129,,,15,2,2,1,48,9,300,600,3,5
1130,,,8,2,2,1,24,79,180,300,1,5
1131,,,2,1,2,1,24,25,300,600,1,5
1132,,,14,1,2,2,69,91,300,600,4,5
1133,,,5,2,2,1,75,35,0,300,3,5
1134,,,3,1,2,1,32,80,420,540,3,5
1135,,,11,2,2,1,29,91,0,300,3,5
1136,,,8,1,2,1,21,3,300,600,4,5
1137,,,15,2,2,2,11,13,420,540,4,5
1138,,,13,2,2,1,44,62,420,540,4,5
1139,,,6,2,2,1,75,83,60,180,3,5
1140,,,10,1,2,1,71,16,420,540,2,5
1141,,,5,2,2,1,84,59,180,300,2,5
1142,,,11,2,2,1,44,8,180,300,1,5
1143,,,7,2,2,2,61,64,420,540,2,5
1144,,,10,2,2,2,2,5,420,540,4,5
1145,,,10,1,2,2,87,4,420,540,4,5
1146,,,4,1,2,1,3,32,300,600,1,5
1147,,,12,2,2,1,79,75,420,540,1,5
1148,,,12,1,2,2,78,25,300,600,4,5
1149,,,11,2,2,2,85,91,60,180,3,5
1150,,,7,2,2,1,10,7,300,420,4,5
1151,,,8,2,2,1,37,11,60,180,3,5
1152,,,15,2,2,2,32,29,60,180,4,5
1153,,,11,1,2,1,24,96,420,540,2,5
1154,,,8,2,2,1,24,5,420,540,2,5
1155,,,4,1,2,2,45,69,420,540,4,5
1156,,,6,2,2,1,61,5,420,540,4,5
1157,,,10,2,2,1,58,33,0,300,4,5
1158,,,3,2,2,1,76,6,180,300,4,5
1159,,,3,2,2,2,100,65,180,300,1,5
1160,,,5,2,2,1,50,51,0,300,2,5
1161,,,14,2,2,2,56,94,0,300,4,5
1162,,,10,2,2,1,60,51,60,180,1,5
1163,,,6,2,2,2,35,39,60,180,4,5
1164,,,13,2,2,2,53,42,0,300,4,5
1165,,,6,1,2,2,39,63,420,540,4,5
1166,,,4,2,2,1,43,29,60,180,4,5
1167,,,10,2,2,2,44,78,420,540,4,5
1168,,,11,2,2,2,79,11,60,180,3,5
1169,,,8,2,2,2,86,88,420,540,4,5
1170,,,15,2,2,1,28,19,180,300,1,5
1171,,,14,2,2,2,55,91,60,180,3,5
1172,,,12,2,2,1,37,66,60,180,2,5
1173,,,11,1,2,2,33,56,420,540,4,5
1174,,,11,2,2,1,41,18,180,300,3,5
1175,,,5,1,2,2,91,85,420,540,4,5
1176,,,5,1,2,2,58,71,300,600,2,5
1177,,,12,2,2,2,45,90,0,300,2,5
1178,,,10,2,2,1,5,8,420,540,1,5
1179,,,2,1,2,1,4,28,300,600,1,5
1180,,,12,2,2,2,13,87,0,300,3,5
1181,,,16,2,2,2,92,24,180,300,4,5
1182,,,12,2,2,2,96,27,0,300,4,5
1183,,,4,2,2,2,84,86,60,180,2,5
1184,,,15,2,2,1,78,18,300,420,3,5
1185,,,7,2,2,1,79,72,180,300,1,5
1186,,,9,2,2,1,86,10,300,600,1,5
1187,,,3,2,2,1,18,8,300,420,4,5
1188,,,8,2,2,2,14,38,0,300,1,5
1189,,,15,1,2,2,96,0,420,540,3,5
1190,,,6,2,2,2,27,91,60,180,2,5
1191,,,2,1,2,2,24,6,300,600,1,5
1192,,,15,1,2,2,13,13,420,540,2,5
1193,,,16,2,2,1,64,56,0,300,3,5
1194,,,15,2,2,2,63,39,420,540,2,5
1195,,,4,2,2,1,71,53,0,300,3,5
1196,,,6,2,2,2,8,45,180,300,2,5
1197,,,11,2,2,1,93,91,60,180,1,5
1198,,,9,2,2,1,48,2,60,180,4,5
1199,,,3,2,2,1,35,16,60,180,3,5
1200,,,6,2,2,1,57,66,60,180,1,5
1201,,,13,2,2,2,44,58,180,300,3,5
1202,,,5,2,2,1,56,28,300,600,4,5
1203,,,3,2,2,1,39,22,300,600,2,5
1204,,,11,2,2,2,48,57,300,420,2,5
1205,,,16,1,2,1,67,21,420,540,2,5
1206,,,13,1,2,2,20,61,300,600,3,5
1207,,,11,2,2,2,95,6,300,420,3,5
1208,,,16,2,2,2,73,38,300,420,4,5
1209,,,5,2,2,1,35,77,300,420,1,5
1210,,,9,2,2,2,3,31,300,420,3,5
1211,,,9,2,2,1,43,42,180,300,3,5
1212,,,4,2,2,2,76,39,60,180,4,5
1213,,,11,1,2,1,63,27,420,540,2,5
1214,,,12,2,2,2,82,80,60,180,3,5
1215,,,8,1,2,2,38,46,420,540,1,5
1216,,,3,1,2,1,52,64,300,600,1,5
1217,,,7,2,2,2,7,31,60,180,1,5
1218,,,5,2,2,2,35,17,180,300,2,5
1219,,,9,2,2,1,40,42,420,540,1,5
1220,,,9,2,2,1,93,27,420,540,4,5
1221,,,11,2,2,2,33,44,420,540,2,5
1222,,,2,2,2,1,74,72,60,180,3,5
1223,,,4,2,2,2,50,32,0,300,4,5
1224,,,14,2,2,1,54,8,0,300,2,5
1225,,,15,2,2,1,80,32,60,180,3,5
1226,,,15,2,2,1,10,83,300,420,2,5
1227,,,10,2,2,1,23,63,60,180,1,5
1228,,,16,2,2,1,44,24,180,300,4,5
1229,,,3,1,2,1,67,7,300,600,3,5
1230,,,4,2,2,2,21,91,0,300,4,5
1231,,,11,1,2,1,37,82,420,540,2,5
1232,,,15,2,2,1,58,99,420,540,3,5
1233,,,9,2,2,1,45,35,60,180,3,5
1234,,,8,2,2,1,9,29,300,600,4,5
1235,,,7,2,2,1,68,40,300,420,3,5
1236,,,3,1,2,2,97,71,300,600,4,5
1237,,,6,2,2,1,37,85,300,600,1,5
1238,,,14,2,2,1,78,49,180,300,1,5
1239,,,3,1,2,2,31,84,300,600,4,5
1240,,,7,2,2,1,30,21,180,300,3,5
1241,,,12,2,2,2,19,22,420,540,2,5
1242,,,13,1,2,2,67,47,420,540,3,5
1243,,,13,2,2,2,24,5,0,300,1,5
1244,,,2,2,2,2,27,4,60,180,4,5
1245,,,13,2,2,2,4,56,300,420,2,5
1246,,,3,2,2,1,45,81,60,180,1,5
1247,,,15,2,2,1,75,79,180,300,4,5
1248,,,17,2,2,2,44,37,420,540,2,5
1249,,,4,2,2,2,36,26,420,540,1,5
1250,,,13,2,2,1,13,73,180,300,2,5
1251,,,16,2,2,1,91,67,60,180,2,5
1252,,,3,2,2,2,11,70,60,180,1,5
1253,,,13,1,2,1,8,36,420,540,1,5
1254,,,16,2,2,2,77,26,300,600,2,5
1255,,,9,2,2,1,96,18,60,180,3,5
1256,,,8,2,2,2,42,89,180,300,1,5
1257,,,13,2,2,1,44,65,0,300,3,5
1258,,,8,2,2,1,50,54,300,420,3,5
1259,,,10,1,2,2,83,1,300,600,2,5
1260,,,1,1,2,2,56,99,420,540,1,5
1261,,,2,1,2,2,86,35,420,540,3,5
1262,,,12,2,2,1,19,33,420,540,1,5
1263,,,4,2,2,1,96,95,300,600,3,5
1264,,,10,2,2,2,6,87,0,300,3,5
1265,,,13,2,2,2,94,40,420,540,1,5
1266,,,6,2,2,1,83,53,60,180,2,5
1267,,,16,1,2,1,26,63,420,540,2,5
1268,,,3,2,2,2,21,65,0,300,1,5
1269,,,3,1,2,1,24,95,420,540,4,5
1270,,,10,1,2,1,80,69,300,600,4,5
1271,,,16,2,2,2,18,60,420,540,4,5
1272,,,14,2,2,2,47,8,0,300,2,5
1273,,,3,2,2,1,59,68,0,300,1,5
1274,,,12,2,2,1,20,82,0,300,4,5
1275,,,7,2,2,2,1,59,60,180,3,5
1276,,,8,2,2,2,70,10,180,300,2,5
1277,,,8,2,2,2,76,4,420,540,3,5
1278,,,4,2,2,2,48,33,300,420,2,5
1279,,,6,2,2,2,14,69,420,540,2,5
1280,,,7,1,2,2,72,9,420,540,4,5
1281,,,3,1,2,1,39,30,420,540,4,5
1282,,,14,1,2,1,24,65,420,540,3,5
1283,,,4,2,2,2,68,37,420,540,4,5
1284,,,11,1,2,2,61,19,300,600,3,5
1285,,,11,2,2,1,85,43,0,300,1,5
1286,,,6,2,2,1,68,15,0,300,3,5
1287,,,10,1,2,1,48,18,300,600,1,5
1288,,,5,2,2,2,90,8,180,300,3,5
1289,,,10,2,2,2,72,63,420,540,2,5
1290,,,12,2,2,2,33,24,60,180,3,5
1291,,,8,2,2,2,27,46,300,600,2,5
1292,,,6,1,2,1,91,97,420,540,1,5
1293,,,13,1,2,1,17,11,300,600,4,5
1294,,,14,1,2,1,51,30,300,600,1,5
1295,,,10,2,2,1,52,85,60,180,4,5
1296,,,3,2,2,2,77,62,60,180,2,5
1297,,,13,2,2,2,31,10,60,180,4,5
1298,,,9,2,2,2,70,20,420,540,3,5
1299,,,4,2,2,2,49,68,420,540,4,5
1300,,,11,1,2,1,79,25,420,540,2,5
1301,,,7,2,2,2,57,46,180,300,4,5
1302,,,11,2,2,2,48,93,0,300,2,5
1303,,,16,2,2,1,92,79,0,300,3,5
1304,,,6,2,2,2,23,69,180,300,1,5
1305,,,10,2,2,1,3,85,0,300,1,5
1306,,,12,2,2,1,95,31,60,180,1,5
1307,,,8,2,2,2,83,36,300,600,1,5
1308,,,10,1,2,2,81,52,420,540,3,5
1309,,,9,2,2,2,50,99,0,300,1,5
1310,,,6,2,2,1,78,89,0,300,2,5
1311,,,8,2,2,2,76,47,420,540,1,5
1312,,,13,2,2,2,48,75,180,300,4,5
1313,,,5,1,2,1,49,78,420,540,2,5
1314,,,8,2,2,2,1,24,300,600,3,5
1315,,,15,1,2,1,92,34,420,540,3,5
1316,,,16,2,2,1,77,51,60,180,1,5
1317,,,4,1,2,2,13,4,300,600,4,5
1318,,,15,2,2,2,85,3,420,540,2,5
1319,,,3,2,2,2,6,23,420,540,2,5
1320,,,10,2,2,1,66,56,420,540,1,5
1321,,,10,2,2,2,15,67,300,600,3,5
1322,,,6,1,2,1,81,25,300,600,2,5
1323,,,5,2,2,1,46,48,180,300,1,5
1324,,,17,2,2,2,60,1,180,300,2,5
1325,,,9,2,2,1,35,2,420,540,1,5
1326,,,7,1,2,2,8,4,420,540,3,5
1327,,,10,2,2,2,50,93,0,300,2,5
1328,,,15,2,2,2,29,59,420,540,3,5
1329,,,10,2,2,1,64,20,300,420,1,5
1330,,,11,2,2,1,7,66,420,540,1,5
1331,,,10,2,2,1,62,62,300,600,3,5
1332,,,5,2,2,1,11,45,60,180,3,5
1333,,,9,1,2,1,60,58,300,600,3,5
1334,,,11,1,2,1,96,13,420,540,1,5
1335,,,11,2,2,1,90,24,420,540,1,5
1336,,,6,2,2,1,75,17,180,300,3,5
1337,,,12,2,2,1,5,75,300,420,4,5
1338,,,8,2,2,2,2,14,60,180,3,5
1339,,,3,1,2,2,62,77,420,540,2,5
1340,,,14,2,2,1,66,16,420,540,4,5
1341,,,13,2,2,2,52,56,180,300,3,5
1342,,,3,2,2,1,20,89,180,300,2,5
1343,,,3,1,2,2,41,71,300,600,3,5
1344,,,14,2,2,2,52,95,60,180,3,5
1345,,,5,2,2,1,42,55,420,540,4,5
1346,,,13,2,2,1,71,60,180,300,1,5
1347,,,4,1,2,1,24,89,300,600,2,5
1348,,,5,1,2,1,85,36,420,540,4,5
1349,,,12,2,2,2,17,43,180,300,4,5
1350,,,8,2,2,1,31,68,180,300,3,5
1351,,,7,1,2,1,28,71,420,540,4,5
1352,,,4,2,2,1,73,19,300,420,1,5
1353,,,6,2,2,1,81,35,180,300,4,5
1354,,,10,2,2,2,100,72,60,180,3,5
1355,,,14,2,2,2,56,47,420,540,4,5
1356,,,16,2,2,1,58,84,180,300,2,5
1357,,,8,2,2,2,77,43,180,300,3,5
1358,,,12,1,2,2,17,8,420,540,4,5
1359,,,14,1,2,1,39,1,300,600,1,5
1360,,,11,2,2,2,31,48,300,600,4,5
1361,,,10,2,2,1,98,84,180,300,3,5
1362,,,8,1,2,2,27,82,300,600,2,5
1363,,,4,2,2,1,83,63,420,540,2,5
1364,,,2,2,2,2,13,93,0,300,4,5
1365,,,5,2,2,1,18,1,0,300,4,5
1366,,,5,1,2,1,5,88,420,540,1,5
1367,,,8,2,2,2,9,78,0,300,2,5
1368,,,8,1,2,1,16,51,420,540,4,5
1369,,,4,2,2,2,81,36,60,180,1,5
1370,,,5,1,2,2,95,22,420,540,2,5
1371,,,12,1,2,1,77,14,420,540,1,5
1372,,,15,2,2,1,18,18,0,300,2,5
1373,,,11,2,2,2,60,92,180,300,4,5
1374,,,6,2,2,2,40,75,300,420,2,5
1375,,,4,2,2,2,12,85,300,600,3,5
1376,,,13,2,2,2,20,54,0,300,3,5
1377,,,4,2,2,2,55,99,420,540,3,5
1378,,,13,2,2,2,63,44,420,540,1,5
1379,,,15,1,2,2,61,73,420,540,2,5
1380,,,12,2,2,1,98,93,180,300,2,5
1381,,,9,2,2,2,76,38,180,300,1,5
1382,,,6,1,2,2,82,5,300,600,4,5
1383,,,8,2,2,2,38,91,180,300,3,5
1384,,,3,2,2,1,5,2,0,300,4,5
1385,,,15,1,2,2,76,67,300,600,2,5
1386,,,15,1,2,2,6,24,420,540,2,5
1387,,,11,2,2,1,49,95,60,180,3,5
1388,,,7,2,2,2,33,20,300,420,1,5
1389,,,13,2,2,1,30,74,60,180,2,5
1390,,,8,2,2,1,93,48,420,540,1,5
1391,,,6,2,2,2,93,23,300,600,1,5
1392,,,9,2,2,2,92,65,60,180,3,5
1393,,,4,2,2,2,33,47,60,180,3,5
1394,,,12,2,2,1,26,76,0,300,3,5
1395,,,11,2,2,2,42,73,300,420,3,5
1396,,,15,2,2,1,99,34,60,180,2,5
1397,,,17,2,2,1,25,62,180,300,4,5
1398,,,4,2,2,2,70,52,0,300,2,5
1399,,,5,1,2,1,100,11,300,600,2,5
1400,,,16,2,2,2,48,64,180,300,1,5
1401,,,8,2,2,1,18,55,420,540,3,5
1402,,,4,2,2,1,81,35,0,300,3,5
1403,,,11,2,2,1,59,56,300,600,3,5
1404,,,4,2,2,1,88,17,420,540,2,5
1405,,,15,1,2,1,2,3,300,600,2,5
1406,,,13,1,2,2,91,91,300,600,3,5
1407,,,13,2,2,2,88,30,60,180,1,5
1408,,,8,2,2,2,81,13,60,180,2,5
1409,,,6,2,2,1,53,15,420,540,2,5
1410,,,2,1,2,2,11,16,420,540,2,5
1411,,,11,2,2,2,71,74,300,600,1,5
1412,,,10,2,2,1,57,40,300,420,1,5
1413,,,7,2,2,1,71,58,180,300,2,5
1414,,,4,1,2,2,88,61,300,600,3,5
1415,,,6,1,2,2,96,83,420,540,2,5
1416,,,9,2,2,2,65,64,300,600,2,5
1417,,,6,2,2,1,52,17,0,300,1,5
1418,,,11,2,2,1,7,61,300,600,4,5
1419,,,6,2,2,2,96,25,0,300,2,5
1420,,,10,2,2,2,70,45,300,600,4,5
1421,,,13,2,2,2,47,79,420,540,1,5
1422,,,4,2,2,1,99,36,180,300,2,5
1423,,,2,2,2,2,30,10,180,300,4,5
1424,,,11,1,2,1,95,75,300,600,4,5
1425,,,9,1,2,2,35,81,300,600,1,5
1426,,,11,1,2,2,100,10,300,600,1,5
1427,,,6,2,2,2,35,8,180,300,2,5
1428,,,8,2,2,2,49,6,60,180,1,5
1429,,,15,1,2,2,83,24,300,600,3,5
1430,,,4,1,2,2,22,91,420,540,3,5
1431,,,15,2,2,2,59,91,300,420,1,5
1432,,,8,2,2,1,57,50,300,600,3,5
1433,,,8,2,2,2,90,9,180,300,4,5
1434,,,13,2,2,1,10,91,60,180,3,5
1435,,,11,1,2,2,30,70,300,600,2,5
1436,,,8,1,2,1,98,2,420,540,1,5
1437,,,15,2,2,1,100,39,0,300,2,5
1438,,,11,2,2,2,86,47,300,600,4,5
1439,,,13,2,2,1,49,35,300,600,3,5
1440,,,15,1,2,1,84,91,420,540,3,5
1441,,,15,2,2,2,91,3,0,300,1,5
1442,,,2,2,2,1,2,84,60,180,3,5
1443,,,15,2,2,1,31,48,300,420,2,5
1444,,,7,2,2,1,26,100,0,300,3,5
1445,,,13,1,2,2,61,59,300,600,2,5
1446,,,5,1,2,1,29,52,300,600,2,5
1447,,,12,2,2,1,49,43,180,300,1,5
1448,,,9,1,2,2,27,49,420,540,1,5
1449,,,9,1,2,1,3,41,300,600,1,5
1450,,,12,2,2,1,5,30,420,540,1,5
1451,,,12,2,2,1,68,75,0,300,1,5
1452,,,10,1,2,1,90,55,420,540,3,5
1453,,,5,2,2,1,33,99,420,540,1,5
1454,,,5,1,2,1,98,24,420,540,3,5
1455,,,10,1,2,2,82,35,300,600,4,5
1456,,,11,1,2,2,82,68,300,600,2,5
1457,,,7,2,2,1,97,50,0,300,4,5
1458,,,3,2,2,1,15,98,60,180,4,5
1459,,,11,2,2,1,65,3,60,180,3,5
1460,,,4,1,2,1,85,48,420,540,1,5
1461,,,12,2,2,1,86,87,420,540,2,5
1462,,,9,1,2,2,72,82,300,600,3,5
1463,,,13,2,2,2,95,18,0,300,2,5
1464,,,4,1,2,2,85,76,420,540,3,5
1465,,,7,1,2,1,0,71,420,540,3,5
1466,,,4,2,2,2,57,42,0,300,2,5
1467,,,13,1,2,2,1,39,420,540,1,5
1468,,,10,2,2,2,90,18,60,180,3,5
1469,,,6,2,2,2,46,52,300,420,4,5
1470,,,10,2,2,2,95,95,420,540,2,5
1471,,,9,2,2,2,71,72,180,300,1,5
1472,,,15,2,2,2,15,20,60,180,4,5
1473,,,9,2,2,2,2,23,300,420,4,5
1474,,,4,2,2,1,70,74,0,300,3,5
1475,,,15,2,2,2,36,79,420,540,4,5
1476,,,13,1,2,1,75,5,420,540,3,5
1477,,,12,1,2,1,68,71,300,600,4,5
1478,,,8,1,2,2,12,83,420,540,4,5
1479,,,6,1,2,1,58,80,420,540,3,5
1480,,,9,1,2,2,45,24,420,540,1,5
1481,,,13,2,2,2,39,96,0,300,2,5
1482,,,7,2,2,2,9,67,60,180,2,5
1483,,,16,1,2,2,34,50,420,540,1,5
1484,,,15,2,2,1,15,1,60,180,3,5
1485,,,8,2,2,2,36,57,60,180,2,5
1486,,,15,1,2,2,58,27,420,540,4,5
1487,,,10,1,2,1,1,87,420,540,1,5
1488,,,17,2,2,1,77,99,300,420,2,5
1489,,,10,1,2,1,4,93,420,540,3,5
1490,,,10,1,2,1,55,13,300,600,3,5
1491,,,9,2,2,1,28,22,420,540,3,5
1492,,,3,2,2,1,40,12,60,180,1,5
1493,,,7,2,2,2,88,95,180,300,2,5
1494,,,12,2,2,1,12,86,0,300,1,5
1495,,,11,1,2,1,31,7,420,540,3,5
1496,,,8,2,2,2,6,78,0,300,3,5
1497,,,2,1,2,1,38,63,300,600,4,5
1498,,,14,2,2,2,23,21,180,300,3,5
1499,,,14,1,2,1,19,77,300,600,3,5
1500,,,14,2,2,1,67,7,300,600,4,5
1501,,,8,1,2,1,52,3,300,600,4,5
1502,,,14,2,2,1,44,29,60,180,2,5
1503,,,6,1,2,2,83,62,300,600,4,5
1504,,,6,2,2,2,91,100,300,600,3,5
1505,,,15,1,2,1,91,45,300,600,2,5
1506,,,5,2,2,1,58,85,0,300,1,5
1507,,,9,2,2,2,99,38,300,420,4,5
1508,,,8,2,2,2,93,43,60,180,4,5
1509,,,16,2,2,1,81,59,180,300,3,5
1510,,,14,2,2,2,69,64,180,300,1,5
1511,,,5,1,2,2,10,72,420,540,4,5
1512,,,7,1,2,1,36,3,420,540,3,5
1513,,,12,2,2,1,38,88,300,420,1,5
1514,,,12,2,2,1,54,84,180,300,2,5
1515,,,8,2,2,2,36,57,420,540,3,5
1516,,,3,2,2,2,35,95,420,540,1,5
1517,,,17,2,2,2,45,52,300,600,2,5
1518,,,9,2,2,2,44,13,60,180,2,5
1519,,,10,2,2,1,7,81,60,180,4,5
1520,,,1,1,2,1,79,72,300,600,4,5
1521,,,12,2,2,2,63,76,180,300,3,5
1522,,,6,2,2,1,95,88,0,300,4,5
1523,,,2,2,2,2,88,96,0,300,4,5
1524,,,10,2,2,1,29,30,60,180,2,5
1525,,,5,1,2,2,6,16,300,600,3,5
1526,,,15,2,2,2,52,84,300,600,4,5
1527,,,5,2,2,2,68,38,180,300,1,5
1528,,,10,2,2,2,47,41,420,540,2,5
1529,,,12,2,2,1,46,26,60,180,4,5
1530,,,5,1,2,1,48,51,420,540,3,5
1531,,,10,2,2,2,26,20,420,540,3,5
1532,,,4,2,2,2,100,18,0,300,4,5
1533,,,10,2,2,1,90,8,60,180,4,5
1534,,,10,2,2,2,83,93,300,420,1,5
1535,,,12,2,2,2,38,30,0,300,1,5
1536,,,8,2,2,2,99,61,180,300,3,5
1537,,,7,2,2,2,75,100,300,420,3,5
1538,,,8,2,2,2,83,15,0,300,4,5
1539,,,7,2,2,2,22,38,180,300,4,5
1540,,,16,2,2,1,76,70,180,300,1,5
1541,,,11,2,2,1,43,66,60,180,2,5
1542,,,5,2,2,2,98,28,180,300,2,5
1543,,,1,1,2,1,34,11,420,540,3,5
1544,,,5,2,2,1,42,8,420,540,3,5
1545,,,13,1,2,1,21,75,300,600,2,5
1546,,,6,1,2,2,0,50,420,540,4,5
1547,,,1,1,2,2,29,65,300,600,2,5
1548,,,6,1,2,1,48,48,420,540,1,5
1549,,,8,2,2,2,95,5,420,540,1,5
1550,,,6,2,2,1,1,9,180,300,3,5
1551,,,6,1,2,2,43,22,300,600,4,5
1552,,,17,2,2,2,11,86,300,600,2,5
1553,,,13,1,2,1,78,97,420,540,2,5
1554,,,7,2,2,1,17,69,420,540,3,5
1555,,,10,2,2,1,63,33,60,180,2,5
1556,,,9,2,2,2,34,27,0,300,2,5
1557,,,8,2,2,1,88,0,420,540,1,5
1558,,,13,2,2,1,99,71,300,420,1,5
1559,,,13,2,2,1,67,97,300,420,1,5
1560,,,4,1,2,2,93,64,420,540,4,5
1561,,,8,2,2,1,22,64,0,300,1,5
1562,,,13,2,2,1,13,15,420,540,4,5
1563,,,12,2,2,1,11,36,60,180,2,5
1564,,,7,1,2,2,36,25,420,540,3,5
1565,,,4,2,2,1,20,51,300,600,2,5
1566,,,11,2,2,2,71,12,0,300,2,5
1567,,,6,2,2,1,11,78,60,180,3,5
1568,,,7,2,2,2,46,100,60,180,3,5
1569,,,8,2,2,1,21,18,0,300,2,5
1570,,,4,2,2,2,9,76,300,600,1,5
1571,,,6,2,2,2,99,61,60,180,2,5
1572,,,13,2,2,2,46,79,300,600,1,5
1573,,,11,1,2,2,93,3,300,600,4,5
1574,,,2,2,2,2,1,21,0,300,1,5
1575,,,2,2,2,2,9,92,180,300,4,5
1576,,,14,1,2,2,26,81,420,540,1,5
1577,,,8,2,2,1,26,43,420,540,2,5
1578,,,10,1,2,1,100,37,300,600,3,5
1579,,,2,2,2,1,71,12,420,540,1,5
1580,,,2,1,2,2,22,72,300,600,1,5
1581,,,7,2,2,1,7,56,60,180,4,5
1582,,,14,1,2,1,86,25,420,540,3,5
1583,,,15,2,2,1,26,4,300,420,1,5
1584,,,9,2,2,2,65,5,300,420,3,5
1585,,,6,2,2,1,60,31,420,540,3,5
1586,,,14,2,2,2,0,83,420,540,1,5
1587,,,8,2,2,2,61,31,180,300,4,5
1588,,,14,2,2,2,65,85,0,300,4,5
1589,,,13,2,2,1,69,39,0,300,4,5
1590,,,16,2,2,2,28,59,0,300,3,5
1591,,,13,2,2,1,23,50,300,420,4,5
1592,,,5,2,2,1,0,6,60,180,1,5
1593,,,3,1,2,1,21,26,420,540,4,5
1594,,,13,1,2,1,29,31,420,540,1,5
1595,,,12,1,2,2,8,55,300,600,4,5
1596,,,13,1,2,1,34,64,420,540,1,5
1597,,,4,2,2,2,87,24,0,300,2,5
1598,,,14,2,2,2,35,57,60,180,1,5
1599,,,10,2,2,1,55,85,0,300,1,5
1600,,,2,2,2,1,81,85,180,300,4,5
1601,,,7,2,2,2,100,98,0,300,3,5
1602,,,5,2,2,1,67,39,0,300,3,5
1603,,,7,2,2,2,14,42,60,180,2,5
1604,,,13,2,2,1,85,83,300,420,4,5
1605,,,14,1,2,2,51,75,300,600,1,5
1606,,,4,2,2,2,29,81,0,300,2,5
1607,,,8,2,2,2,14,84,420,540,1,5
1608,,,15,2,2,1,36,77,180,300,4,5
1609,,,4,2,2,2,56,36,60,180,2,5
1610,,,9,1,2,1,24,77,420,540,2,5
1611,,,5,2,2,2,1,75,0,300,1,5
1612,,,13,1,2,1,60,17,420,540,4,5
1613,,,8,2,2,2,85,55,180,300,1,5
1614,,,14,1,2,1,64,28,420,540,3,5
1615,,,15,2,2,1,98,8,0,300,3,5
1616,,,6,2,2,2,94,31,60,180,4,5
1617,,,7,2,2,2,97,11,300,420,4,5
1618,,,15,2,2,1,45,37,60,180,3,5
1619,,,5,2,2,2,54,61,0,300,4,5
1620,,,7,2,2,1,21,27,60,180,4,5
1621,,,9,1,2,2,99,17,420,540,2,5
1622,,,16,2,2,1,60,66,60,180,2,5
1623,,,12,2,2,1,28,74,60,180,3,5
1624,,,15,1,2,1,52,62,420,540,1,5
1625,,,14,1,2,1,1,79,420,540,2,5
1626,,,5,1,2,2,38,4,300,600,1,5
1627,,,11,2,2,2,60,81,300,420,1,5
1628,,,6,2,2,1,51,91,300,420,2,5
1629,,,10,2,2,2,18,34,300,420,2,5
1630,,,2,1,2,2,91,74,420,540,2,5
1631,,,13,2,2,2,37,73,0,300,2,5
1632,,,4,1,2,2,40,41,420,540,4,5
1633,,,5,2,2,2,94,66,300,600,3,5
1634,,,11,1,2,1,43,61,420,540,2,5
1635,,,15,2,2,2,97,50,60,180,2,5
1636,,,5,1,2,2,31,87,300,600,4,5
1637,,,4,2,2,2,12,45,420,540,2,5
1638,,,6,2,2,1,14,4,300,420,4,5
1639,,,12,1,2,2,64,71,420,540,2,5
1640,,,7,1,2,1,27,65,420,540,3,5
1641,,,12,1,2,1,88,52,300,600,1,5
1642,,,10,1,2,2,80,18,300,600,4,5
1643,,,13,2,2,1,65,88,60,180,2,5
1644,,,12,2,2,2,44,24,60,180,2,5
1645,,,11,2,2,2,85,48,180,300,4,5
1646,,,13,2,2,1,84,98,0,300,1,5
1647,,,8,1,2,2,56,32,420,540,3,5
1648,,,7,1,2,1,31,99,420,540,4,5
1649,,,2,1,2,1,7,91,420,540,4,5
1650,,,12,1,2,2,88,99,420,540,1,5
1651,,,10,2,2,2,56,72,180,300,4,5
1652,,,2,2,2,2,57,72,300,420,2,5
1653,,,15,2,2,1,38,20,420,540,1,5
1654,,,5,2,2,2,8,31,420,540,1,5
1655,,,8,1,2,1,66,28,300,600,3,5
1656,,,11,1,2,1,49,83,300,600,1,5
1657,,,14,2,2,2,13,56,180,300,2,5
1658,,,2,2,2,2,44,71,0,300,2,5
1659,,,5,2,2,2,83,4,180,300,1,5
1660,,,5,2,2,1,52,56,420,540,3,5
1661,,,14,1,2,2,67,35,420,540,3,5
1662,,,10,1,2,1,24,11,300,600,4,5
1663,,,8,2,2,1,31,94,420,540,3,5
1664,,,10,2,2,2,40,40,300,600,2,5
1665,,,6,2,2,2,83,58,300,600,3,5
1666,,,7,1,2,2,72,14,300,600,4,5
1667,,,8,2,2,1,70,35,60,180,3,5
1668,,,8,2,2,1,39,53,0,300,1,5
1669,,,4,2,2,1,16,57,60,180,2,5
1670,,,15,2,2,2,31,5,60,180,3,5
1671,,,3,1,2,2,7,70,420,540,3,5
1672,,,10,2,2,1,13,44,180,300,3,5
1673,,,3,2,2,1,95,45,180,300,2,5
1674,,,9,2,2,2,30,41,0,300,3,5
1675,,,8,2,2,2,13,6,300,600,3,5
1676,,,3,1,2,1,28,65,420,540,4,5
1677,,,14,1,2,1,21,11,420,540,3,5
1678,,,4,2,2,1,92,93,0,300,1,5
1679,,,11,2,2,1,60,36,180,300,1,5
1680,,,5,2,2,2,41,31,0,300,2,5
1681,,,14,2,2,1,100,3,60,180,3,5
1682,,,12,2,2,2,11,89,300,420,1,5
1683,,,13,2,2,2,82,27,180,300,1,5
1684,,,14,2,2,2,38,29,60,180,3,5
1685,,,2,2,2,1,62,89,420,540,1,5
1686,,,11,2,2,2,25,29,420,540,4,5
1687,,,15,2,2,2,47,77,300,420,4,5
1688,,,6,2,2,2,31,17,420,540,1,5
1689,,,10,1,2,1,34,18,300,600,4,5
1690,,,8,2,2,1,65,41,420,540,1,5
1691,,,15,2,2,2,75,85,60,180,1,5
1692,,,3,2,2,2,50,40,180,300,3,5
1693,,,3,2,2,2,70,52,420,540,3,5
1694,,,9,2,2,1,72,96,300,600,3,5
1695,,,4,2,2,1,79,78,420,540,4,5
1696,,,12,2,2,2,22,7,60,180,3,5
1697,,,6,1,2,2,82,78,420,540,1,5
1698,,,15,2,2,1,35,9,60,180,3,5
1699,,,6,2,2,2,55,84,60,180,4,5
1700,,,9,2,2,2,95,10,60,180,1,5
1701,,,9,2,2,1,53,81,420,540,1,5
1702,,,4,1,2,2,8,92,300,600,1,5
1703,,,14,2,2,1,35,50,0,300,4,5
1704,,,6,2,2,2,49,40,300,600,1,5
1705,,,12,2,2,1,89,2,60,180,3,5
1706,,,4,2,2,2,99,10,420,540,1,5
1707,,,8,2,2,2,71,32,60,180,1,5
1708,,,3,1,2,2,12,25,300,600,4,5
1709,,,9,2,2,2,77,40,0,300,2,5
1710,,,5,2,2,1,86,32,0,300,1,5
1711,,,13,2,2,1,7,92,0,300,4,5
1712,,,11,2,2,2,64,94,420,540,4,5
1713,,,14,1,2,1,38,33,300,600,2,5
1714,,,4,2,2,1,68,91,180,300,1,5
1715,,,12,2,2,2,3,61,420,540,3,5
1716,,,12,2,2,1,8,89,0,300,1,5
1717,,,9,2,2,2,27,40,420,540,3,5
1718,,,12,2,2,1,1,60,300,420,4,5
1719,,,15,2,2,2,28,64,0,300,2,5
1720,,,7,2,2,1,1,67,420,540,1,5
1721,,,10,2,2,1,52,95,420,540,1,5
1722,,,14,2,2,2,15,96,180,300,3,5
1723,,,5,2,2,2,54,52,60,180,4,5
1724,,,8,2,2,2,46,30,300,420,3,5
1725,,,9,1,2,2,28,18,420,540,3,5
1726,,,5,1,2,1,34,63,300,600,4,5
1727,,,2,1,2,2,79,76,300,600,3,5
1728,,,5,1,2,1,78,74,420,540,3,5
1729,,,13,2,2,1,3,14,180,300,2,5
1730,,,12,1,2,1,12,74,420,540,2,5
1731,,,14,1,2,1,48,57,300,600,1,5
1732,,,12,2,2,2,93,14,60,180,3,5
1733,,,9,2,2,1,16,40,0,300,4,5
1734,,,12,2,2,2,59,56,180,300,3,5
1735,,,10,2,2,1,73,45,420,540,2,5
1736,,,7,2,2,2,47,78,180,300,1,5
1737,,,5,2,2,2,47,73,300,420,4,5
1738,,,10,2,2,1,64,17,420,540,1,5
1739,,,16,2,2,1,31,26,300,600,2,5
1740,,,11,1,2,2,50,71,300,600,3,5
1741,,,12,1,2,1,62,59,300,600,4,5
1742,,,7,2,2,2,42,56,0,300,1,5
1743,,,3,2,2,1,1,18,420,540,3,5
1744,,,8,2,2,2,36,83,420,540,1,5
1745,,,4,2,2,2,2,73,0,300,3,5
1746,,,6,2,2,2,82,28,420,540,2,5
1747,,,5,2,2,1,99,84,60,180,1,5
1748,,,12,2,2,2,51,9,420,540,1,5
1749,,,10,2,2,2,67,20,60,180,1,5
1750,,,9,2,2,1,65,70,420,540,2,5
1751,,,2,2,2,2,54,91,300,600,4,5
1752,,,9,2,2,2,27,42,60,180,3,5
1753,,,5,2,2,2,97,80,180,300,2,5
1754,,,8,2,2,1,22,3,60,180,1,5
1755,,,10,2,2,1,73,87,0,300,4,5
1756,,,16,2,2,2,95,58,420,540,3,5
1757,,,6,2,2,1,82,89,420,540,3,5
1758,,,7,1,2,1,4,58,300,600,3,5
1759,,,9,2,2,1,92,90,60,180,4,5
1760,,,10,2,2,1,34,2,60,180,3,5
1761,,,3,1,2,2,21,4,300,600,4,5
1762,,,2,1,2,2,33,9,300,600,4,5
1763,,,7,1,2,2,78,21,420,540,2,5
1764,,,11,1,2,1,78,75,300,600,3,5
1765,,,12,1,2,2,54,37,420,540,1,5
1766,,,10,1,2,1,66,16,420,540,2,5
1767,,,15,2,2,2,42,58,0,300,1,5
1768,,,12,2,2,2,1,15,60,180,3,5
1769,,,12,2,2,2,63,41,180,300,1,5
1770,,,17,2,2,2,25,99,60,180,3,5
1771,,,6,2,2,1,20,69,60,180,3,5
1772,,,8,2,2,1,42,49,0,300,1,5
1773,,,9,2,2,1,61,24,300,600,4,5
1774,,,9,2,2,1,81,58,300,600,3,5
1775,,,2,1,2,1,53,76,420,540,1,5
1776,,,4,2,2,2,2,23,180,300,3,5
1777,,,10,2,2,1,57,95,60,180,1,5
1778,,,3,2,2,1,63,81,60,180,4,5
1779,,,4,2,2,1,10,23,180,300,2,5
1780,,,14,2,2,1,85,35,0,300,1,5
1781,,,11,2,2,2,32,37,0,300,3,5
1782,,,6,2,2,1,86,75,420,540,1,5
1783,,,16,2,2,2,1,38,300,600,3,5
1784,,,2,1,2,2,88,86,300,600,2,5
1785,,,10,2,2,2,21,3,420,540,1,5
1786,,,11,2,2,1,52,52,300,420,4,5
1787,,,10,2,2,2,74,10,60,180,3,5
1788,,,11,2,2,2,80,13,180,300,4,5
1789,,,3,1,2,1,10,87,300,600,1,5
1790,,,14,2,2,2,58,100,300,600,3,5
1791,,,7,2,2,2,90,81,60,180,2,5
1792,,,5,2,2,2,77,42,60,180,2,5
1793,,,15,2,2,1,39,80,420,540,1,5
1794,,,15,2,2,1,65,96,0,300,2,5
1795,,,9,2,2,2,41,44,60,180,3,5
1796,,,12,2,2,1,39,11,0,300,2,5
1797,,,3,1,2,2,53,98,420,540,1,5
1798,,,12,2,2,1,91,51,180,300,1,5
1799,,,12,2,2,2,86,18,60,180,3,5
1800,,,7,2,2,2,22,6,300,420,1,5
1801,,,2,2,2,1,63,47,180,300,3,5
1802,,,12,2,2,1,44,32,60,180,1,5
1803,,,15,2,2,1,68,21,60,180,4,5
1804,,,12,2,2,2,79,30,0,300,3,5
1805,,,6,2,2,2,65,48,300,420,2,5
1806,,,12,2,2,1,83,15,420,540,1,5
1807,,,8,2,2,2,21,82,300,420,4,5
1808,,,8,1,2,2,49,2,300,600,4,5
1809,,,7,1,2,1,87,84,420,540,3,5
1810,,,4,2,2,1,87,15,0,300,3,5
1811,,,6,2,2,1,43,85,60,180,1,5
1812,,,7,2,2,1,46,18,420,540,2,5
1813,,,6,2,2,2,17,75,300,600,4,5
1814,,,4,1,2,2,22,90,420,540,2,5
1815,,,8,2,2,1,97,41,420,540,4,5
1816,,,10,1,2,1,1,68,420,540,4,5
1817,,,6,2,2,1,43,100,60,180,1,5
1818,,,6,2,2,1,19,52,420,540,3,5
1819,,,8,2,2,2,80,28,300,600,4,5
1820,,,12,2,2,1,25,99,420,540,1,5
1821,,,14,1,2,2,69,90,300,600,3,5
1822,,,7,2,2,2,55,0,300,420,4,5
1823,,,2,2,2,2,87,26,0,300,4,5
1824,,,2,1,2,1,60,33,420,540,3,5
1825,,,12,1,2,1,93,67,420,540,1,5
1826,,,12,1,2,2,30,95,300,600,2,5
1827,,,8,2,2,1,84,90,0,300,3,5
1828,,,7,2,2,1,87,12,300,600,1,5
1829,,,12,2,2,2,64,59,180,300,1,5
1830,,,11,2,2,2,57,90,60,180,2,5
1831,,,10,2,2,2,57,30,420,540,2,5
1832,,,6,2,2,1,89,57,60,180,3,5
1833,,,15,2,2,1,9,24,0,300,3,5
1834,,,5,1,2,2,74,35,300,600,2,5
1835,,,9,2,2,2,45,41,0,300,1,5
1836,,,16,2,2,2,42,33,300,600,2,5
1837,,,8,2,2,1,37,23,0,300,3,5
1838,,,15,2,2,1,80,17,180,300,1,5
1839,,,15,1,2,1,58,20,420,540,1,5
1840,,,11,1,2,2,84,73,420,540,2,5
1841,,,9,2,2,1,3,99,420,540,3,5
1842,,,11,2,2,1,61,27,0,300,4,5
1843,,,14,1,2,2,64,24,420,540,4,5
1844,,,10,2,2,2,40,94,180,300,2,5
1845,,,9,1,2,1,95,40,300,600,2,5
1846,,,7,2,2,2,47,38,180,300,1,5
1847,,,12,1,2,2,84,28,300,600,1,5
1848,,,9,2,2,2,6,97,420,540,1,5
1849,,,10,2,2,1,37,81,0,300,2,5
1850,,,9,1,2,2,40,35,300,600,2,5
1851,,,12,1,2,2,84,27,300,600,4,5
1852,,,13,1,2,1,43,12,420,540,4,5
1853,,,7,2,2,1,61,52,180,300,1,5
1854,,,2,1,2,2,100,13,300,600,3,5
1855,,,9,2,2,1,70,77,60,180,3,5
1856,,,14,1,2,2,39,91,420,540,3,5
1857,,,10,2,2,1,19,38,180,300,1,5
1858,,,15,1,2,1,89,77,420,540,2,5
1859,,,15,1,2,2,74,6,300,600,4,5
1860,,,9,2,2,1,70,9,180,300,2,5
1861,,,12,2,2,1,12,93,60,180,2,5
1862,,,5,2,2,2,47,81,0,300,1,5
1863,,,5,1,2,1,38,46,300,600,2,5
1864,,,15,2,2,1,17,41,300,600,3,5
1865,,,5,2,2,2,81,60,60,180,3,5
1866,,,7,2,2,1,57,46,420,540,1,5
1867,,,5,1,2,1,48,38,420,540,4,5
1868,,,14,2,2,1,50,98,60,180,3,5
1869,,,12,2,2,1,73,70,60,180,1,5
1870,,,8,2,2,1,84,44,180,300,2,5
1871,,,11,1,2,1,6,26,300,600,2,5
1872,,,9,2,2,1,56,24,420,540,2,5
1873,,,8,2,2,2,100,99,420,540,4,5
1874,,,16,2,2,1,0,81,300,600,1,5
1875,,,14,2,2,1,77,58,0,300,3,5
1876,,,8,2,2,1,100,88,180,300,2,5
1877,,,14,2,2,1,1,36,300,600,3,5
1878,,,7,1,2,1,69,79,420,540,1,5
1879,,,16,2,2,1,58,20,420,540,3,5
1880,,,7,2,2,2,13,42,420,540,3,5
1881,,,9,2,2,2,4,54,180,300,2,5
1882,,,9,2,2,2,30,70,420,540,3,5
1883,,,10,2,2,2,50,41,420,540,1,5
1884,,,11,1,2,2,29,54,300,600,4,5
1885,,,6,2,2,2,31,0,300,600,4,5
1886,,,2,2,2,1,0,5,180,300,2,5
1887,,,15,1,2,2,96,2,420,540,3,5
1888,,,7,1,2,2,86,44,420,540,4,5
1889,,,5,2,2,2,91,91,180,300,1,5
1890,,,6,2,2,1,8,6,300,420,4,5
1891,,,10,2,2,2,6,13,180,300,4,5
1892,,,4,2,2,1,93,97,300,600,3,5
1893,,,5,2,2,1,50,96,180,300,1,5
1894,,,5,2,2,2,80,35,0,300,3,5
1895,,,13,2,2,1,45,24,420,540,4,5
1896,,,3,1,2,1,51,3,420,540,4,5
1897,,,9,1,2,1,80,66,300,600,1,5
1898,,,8,2,2,2,86,92,300,420,3,5
1899,,,9,2,2,1,26,70,60,180,4,5
1900,,,7,1,2,1,38,91,420,540,2,5
1901,,,16,2,2,2,80,65,0,300,1,5
1902,,,11,2,2,2,68,26,60,180,2,5
1903,,,5,2,2,2,89,68,0,300,2,5
1904,,,8,2,2,1,97,78,60,180,4,5
1905,,,11,1,2,2,32,78,300,600,3,5
1906,,,14,2,2,1,0,49,300,600,4,5
1907,,,6,2,2,2,40,29,420,540,1,5
1908,,,9,1,2,1,82,35,300,600,4,5
1909,,,4,1,2,2,65,83,420,540,2,5
1910,,,15,2,2,2,49,38,60,180,4,5
1911,,,4,1,2,2,67,44,300,600,1,5
1912,,,10,2,2,2,99,42,0,300,3,5
1913,,,4,2,2,2,4,11,300,600,2,5
1914,,,7,2,2,1,97,34,420,540,3,5
1915,,,8,1,2,1,33,23,420,540,2,5
1916,,,12,1,2,2,52,31,300,600,2,5
1917,,,14,2,2,1,100,20,420,540,1,5
1918,,,5,2,2,1,88,97,180,300,4,5
1919,,,6,2,2,1,94,16,420,540,2,5
1920,,,14,1,2,2,69,15,420,540,4,5
1921,,,2,1,2,1,77,18,420,540,3,5
1922,,,10,2,2,1,0,88,60,180,3,5
1923,,,15,2,2,2,98,47,300,420,2,5
1924,,,2,2,2,1,90,54,0,300,2,5
1925,,,14,2,2,2,94,31,420,540,4,5
1926,,,4,2,2,2,28,75,420,540,2,5
1927,,,14,2,2,2,62,87,180,300,1,5
1928,,,4,2,2,1,19,45,420,540,1,5
1929,,,10,2,2,1,83,64,60,180,3,5
1930,,,8,2,2,2,61,16,420,540,2,5
1931,,,3,2,2,1,29,47,300,600,1,5
1932,,,10,1,2,1,95,57,300,600,1,5
1933,,,6,1,2,1,51,50,420,540,4,5
1934,,,16,2,2,1,94,46,300,420,4,5
1935,,,7,2,2,2,53,38,60,180,4,5
1936,,,10,1,2,1,64,87,300,600,2,5
1937,,,13,2,2,1,84,24,0,300,2,5
1938,,,7,2,2,2,99,4,300,600,4,5
1939,,,5,2,2,2,92,74,60,180,2,5
1940,,,5,2,2,1,79,37,0,300,2,5
1941,,,15,2,2,1,94,35,300,600,1,5
1942,,,5,2,2,1,62,81,60,180,3,5
1943,,,16,1,2,1,22,73,300,600,4,5
1944,,,4,1,2,1,16,70,300,600,2,5
1945,,,11,2,2,1,84,77,300,600,1,5
1946,,,2,2,2,1,61,34,420,540,2,5
1947,,,10,2,2,1,26,38,420,540,3,5
1948,,,3,1,2,1,32,53,420,540,1,5
1949,,,11,2,2,1,87,74,300,600,1,5
1950,,,15,2,2,1,29,96,0,300,2,5
1951,,,8,2,2,2,57,32,180,300,1,5
1952,,,5,1,2,1,64,60,420,540,1,5
1953,,,13,1,2,1,9,68,420,540,3,5
1954,,,4,2,2,2,18,43,180,300,4,5
1955,,,13,2,2,2,24,99,180,300,2,5
1956,,,9,1,2,2,1,20,300,600,4,5
1957,,,4,2,2,1,10,76,60,180,1,5
1958,,,14,2,2,2,36,97,60,180,2,5
1959,,,13,2,2,2,34,10,180,300,2,5
1960,,,11,2,2,1,96,19,0,300,1,5
1961,,,7,2,2,1,5,20,300,420,4,5
1962,,,12,2,2,1,64,40,180,300,3,5
1963,,,15,2,2,2,87,93,300,420,4,5
1964,,,7,2,2,2,22,60,300,420,3,5
1965,,,14,1,2,2,84,51,420,540,2,5
1966,,,13,2,2,1,83,32,420,540,1,5
1967,,,7,2,2,2,32,43,60,180,1,5
1968,,,14,2,2,2,56,57,60,180,2,5
1969,,,14,2,2,2,48,1,180,300,4,5
1970,,,3,1,2,2,17,82,300,600,4,5
1971,,,16,2,2,2,61,1,300,420,4,5
1972,,,10,2,2,2,61,27,0,300,2,5
1973,,,7,2,2,2,18,19,0,300,4,5
1974,,,5,2,2,1,85,6,420,540,2,5
1975,,,10,2,2,1,71,9,300,600,2,5
1976,,,13,1,2,1,11,13,300,600,2,5
1977,,,7,1,2,2,59,50,300,600,1,5
1978,,,9,2,2,2,61,38,0,300,4,5
1979,,,8,2,2,1,71,91,300,420,2,5
1980,,,6,2,2,2,98,96,420,540,3,5
1981,,,14,2,2,2,98,0,60,180,1,5
1982,,,13,2,2,2,7,61,180,300,4,5
1983,,,12,1,2,1,63,50,420,540,2,5
1984,,,5,2,2,2,51,90,180,300,3,5
1985,,,7,2,2,2,81,90,180,300,3,5
1986,,,8,1,2,1,75,83,300,600,2,5
1987,,,5,1,2,2,74,53,300,600,4,5
1988,,,15,2,2,2,42,4,300,600,2,5
1989,,,12,1,2,1,18,82,420,540,2,5
1990,,,15,1,2,1,22,48,420,540,2,5
1991,,,10,2,2,2,36,68,300,420,3,5
1992,,,4,2,2,1,20,91,60,180,1,5
1993,,,11,2,2,1,64,98,0,300,1,5
1994,,,9,2,2,1,49,56,300,420,3,5
1995,,,3,2,2,1,53,36,420,540,1,5
1996,,,6,1,2,1,32,92,420,540,2,5
1997,,,9,2,2,2,47,77,180,300,1,5
1998,,,7,2,2,1,2,79,300,600,2,5
1999,,,9,1,2,2,12,63,300,600,2,5
2000,,,5,2,2,1,61,68,0,300,1,5
2001,,,6,2,2,2,2,45,180,300,1,5
2002,,,3,2,2,1,62,59,420,540,4,5
2003,,,2,2,2,2,27,2,180,300,1,5
2004,,,10,2,2,2,20,92,180,300,2,5
2005,,,1,1,2,1,31,52,420,540,3,5
2006,,,14,2,2,1,11,95,180,300,1,5
2007,,,7,2,2,2,50,54,180,300,1,5
2008,,,3,2,2,1,95,97,60,180,3,5
2009,,,6,2,2,1,11,22,180,300,3,5
2010,,,11,2,2,1,6,85,180,300,2,5
2011,,,9,2,2,1,1,4,300,420,1,5
2012,,,9,2,2,2,75,26,420,540,1,5
2013,,,11,2,2,1,87,99,0,300,4,5
2014,,,11,1,2,1,42,6,420,540,4,5
2015,,,13,2,2,1,12,3,0,300,3,5
2016,,,7,1,2,2,20,30,300,600,3,5
2017,,,16,2,2,1,14,12,0,300,1,5
2018,,,3,1,2,2,40,34,300,600,3,5
2019,,,11,1,2,1,3,16,300,600,3,5
2020,,,6,1,2,1,7,50,300,600,3,5
2021,,,4,1,2,1,27,69,300,600,3,5
2022,,,11,2,2,2,10,41,300,600,4,5
2023,,,14,2,2,2,19,63,420,540,2,5
2024,,,12,2,2,2,43,20,180,300,2,5
2025,,,5,2,2,2,20,14,300,600,4,5
2026,,,7,1,2,1,38,63,300,600,4,5
2027,,,12,2,2,1,70,42,420,540,3,5
2028,,,10,2,2,2,5,27,300,420,4,5
2029,,,3,1,2,1,45,91,420,540,3,5
2030,,,5,1,2,1,24,50,300,600,1,5
2031,,,5,2,2,2,6,85,60,180,3,5
2032,,,2,2,2,2,9,8,60,180,3,5
2033,,,3,2,2,1,78,42,60,180,1,5
2034,,,13,1,2,1,17,82,300,600,4,5
2035,,,2,2,2,2,54,23,0,300,3,5
2036,,,15,2,2,2,11,96,300,600,1,5
2037,,,6,2,2,1,72,90,300,420,2,5
2038,,,8,2,2,1,81,62,0,300,4,5
2039,,,11,1,2,2,20,33,420,540,2,5
2040,,,4,2,2,1,79,59,300,600,2,5
2041,,,14,2,2,1,45,56,300,600,3,5
2042,,,10,2,2,2,77,15,420,540,3,5
2043,,,8,2,2,1,50,15,180,300,4,5
2044,,,16,1,2,1,46,53,300,600,3,5
2045,,,8,2,2,1,42,16,300,420,1,5
2046,,,9,2,2,2,30,35,180,300,4,5
2047,,,3,2,2,1,86,96,420,540,1,5
2048,,,16,2,2,2,5,64,180,300,3,5
2049,,,3,2,2,2,66,22,180,300,4,5
2050,,,17,2,2,2,62,7,180,300,1,5
2051,,,4,2,2,1,12,73,420,540,4,5
2052,,,16,2,2,1,5,2,180,300,2,5
2053,,,10,2,2,2,88,59,180,300,3,5
2054,,,14,1,2,1,17,2,420,540,1,5
2055,,,15,2,2,2,86,37,300,420,2,5
2056,,,7,2,2,2,5,90,420,540,2,5
2057,,,12,1,2,2,57,57,300,600,3,5
2058,,,5,1,2,1,72,27,420,540,1,5
2059,,,7,2,2,1,26,43,0,300,3,5
2060,,,3,1,2,2,43,17,420,540,4,5
2061,,,11,1,2,2,29,31,420,540,2,5
2062,,,10,1,2,1,94,88,420,540,3,5
2063,,,3,1,2,1,4,35,300,600,4,5
2064,,,8,2,2,2,39,92,60,180,3,5
2065,,,4,2,2,1,9,0,420,540,4,5
2066,,,5,1,2,1,3,28,420,540,3,5
2067,,,4,2,2,2,40,66,180,300,2,5
2068,,,4,2,2,2,92,16,420,540,3,5
2069,,,12,2,2,1,92,23,300,420,4,5
2070,,,14,1,2,1,61,67,300,600,2,5
2071,,,10,2,2,1,15,48,420,540,1,5
2072,,,4,1,2,1,57,94,300,600,4,5
2073,,,11,2,2,2,3,63,60,180,2,5
2074,,,7,2,2,1,23,84,60,180,2,5
2075,,,3,1,2,2,55,62,420,540,4,5
2076,,,15,2,2,1,67,24,60,180,4,5
2077,,,12,1,2,2,22,13,420,540,1,5
2078,,,8,2,2,2,20,26,180,300,1,5
2079,,,12,2,2,2,0,69,180,300,1,5
2080,,,10,1,2,2,67,24,420,540,3,5
2081,,,6,2,2,1,3,84,180,300,2,5
2082,,,8,2,2,1,46,66,300,420,1,5
2083,,,9,2,2,2,2,89,180,300,1,5
2084,,,10,1,2,1,10,37,300,600,3,5
2085,,,10,2,2,2,33,22,60,180,3,5
2086,,,7,2,2,2,6,17,420,540,2,5
2087,,,5,2,2,1,15,82,0,300,4,5
2088,,,5,2,2,2,29,53,180,300,4,5
2089,,,14,1,2,2,76,64,420,540,3,5
2090,,,9,2,2,1,40,80,0,300,1,5
2091,,,8,2,2,2,3,83,300,420,1,5
2092,,,10,2,2,2,24,86,60,180,4,5
2093,,,16,2,2,2,23,75,0,300,1,5
2094,,,12,2,2,2,68,12,60,180,2,5
2095,,,3,2,2,2,20,100,0,300,4,5
2096,,,5,2,2,1,46,31,60,180,2,5
2097,,,3,2,2,1,84,74,0,300,2,5
2098,,,13,1,2,2,93,99,420,540,2,5
2099,,,15,2,2,2,7,75,60,180,2,5
2100,,,10,2,2,1,7,1,0,300,1,5
2101,,,13,2,2,1,7,73,60,180,4,5
2102,,,11,2,2,2,67,42,420,540,1,5
2103,,,9,2,2,1,74,68,180,300,4,5
2104,,,9,2,2,1,17,89,180,300,4,5
2105,,,10,2,2,2,97,48,0,300,2,5
2106,,,15,2,2,1,97,72,0,300,2,5
2107,,,4,1,2,2,15,22,420,540,3,5
2108,,,10,2,2,2,61,73,420,540,4,5
2109,,,4,2,2,2,2,21,180,300,4,5
2110,,,7,2,2,1,32,95,300,420,4,5
2111,,,14,2,2,1,52,78,420,540,3,5
2112,,,15,2,2,2,45,45,180,300,3,5
2113,,,7,2,2,1,44,14,420,540,4,5
2114,,,6,2,2,2,77,20,180,300,2,5
2115,,,5,2,2,1,89,19,420,540,4,5
2116,,,12,1,2,2,18,63,420,540,2,5
2117,,,7,2,2,1,41,88,420,540,2,5
2118,,,10,2,2,1,88,8,180,300,1,5
2119,,,12,2,2,2,15,38,300,420,1,5
2120,,,3,2,2,1,13,58,180,300,2,5
2121,,,11,2,2,1,51,76,60,180,2,5
2122,,,16,2,2,1,99,49,420,540,4,5
2123,,,13,2,2,1,54,51,300,420,2,5
2124,,,11,2,2,1,17,74,180,300,1,5
2125,,,6,2,2,2,92,23,300,420,4,5
2126,,,2,2,2,1,51,67,0,300,1,5
2127,,,11,2,2,1,4,7,0,300,4,5
2128,,,12,2,2,2,36,76,420,540,1,5
2129,,,7,2,2,1,9,1,420,540,1,5
2130,,,8,2,2,1,72,55,60,180,2,5
2131,,,10,2,2,2,95,5,180,300,3,5
2132,,,15,2,2,2,49,51,420,540,3,5
2133,,,11,2,2,1,69,42,420,540,1,5
2134,,,7,1,2,1,9,4,420,540,3,5
2135,,,11,2,2,1,68,80,180,300,4,5
2136,,,14,2,2,2,90,89,180,300,4,5
2137,,,14,1,2,2,42,89,300,600,3,5
2138,,,6,2,2,2,31,82,60,180,3,5
2139,,,14,2,2,2,6,68,60,180,4,5
2140,,,12,1,2,1,44,36,420,540,1,5
2141,,,11,2,2,1,84,90,60,180,1,5
2142,,,6,2,2,1,7,3,300,420,3,5
2143,,,3,2,2,2,62,25,0,300,4,5
2144,,,9,1,2,2,87,66,300,600,1,5
2145,,,13,2,2,1,55,23,180,300,2,5
2146,,,3,2,2,1,62,0,420,540,1,5
2147,,,13,2,2,2,63,35,420,540,3,5
2148,,,3,2,2,2,63,100,300,600,2,5
2149,,,4,2,2,2,88,61,180,300,4,5
2150,,,10,2,2,2,30,5,420,540,2,5
2151,,,12,2,2,1,4,78,0,300,4,5
2152,,,15,2,2,1,83,4,180,300,2,5
2153,,,7,1,2,1,85,98,420,540,4,5
2154,,,3,2,2,1,58,89,180,300,1,5
2155,,,6,2,2,2,49,94,300,420,3,5
2156,,,8,2,2,1,51,7,180,300,3,5
2157,,,8,2,2,1,46,43,300,600,3,5
2158,,,8,2,2,1,30,55,60,180,4,5
2159,,,15,2,2,2,74,81,180,300,4,5
2160,,,14,2,2,1,76,83,0,300,1,5
2161,,,9,2,2,1,36,24,180,300,2,5
2162,,,10,1,2,2,7,97,300,600,2,5
2163,,,8,2,2,1,85,90,60,180,4,5
2164,,,13,1,2,2,66,82,420,540,1,5
2165,,,7,2,2,1,22,89,180,300,2,5
2166,,,11,2,2,2,97,76,60,180,4,5
2167,,,3,2,2,1,22,68,300,420,2,5
2168,,,7,2,2,2,85,37,0,300,3,5
2169,,,15,2,2,2,31,87,60,180,1,5
2170,,,9,1,2,1,96,61,420,540,4,5
2171,,,10,2,2,1,96,6,60,180,1,5
2172,,,5,2,2,1,33,78,300,420,4,5
2173,,,9,2,2,2,27,23,60,180,1,5
2174,,,16,2,2,1,89,8,300,600,1,5
2175,,,12,2,2,1,28,54,0,300,1,5
2176,,,13,2,2,2,80,35,60,180,4,5
2177,,,8,2,2,2,30,85,60,180,3,5
2178,,,17,2,2,1,51,93,180,300,4,5
2179,,,15,2,2,2,83,80,420,540,4,5
2180,,,3,2,2,1,69,12,60,180,3,5
2181,,,9,1,2,1,100,28,420,540,4,5
2182,,,5,2,2,2,75,63,300,420,4,5
2183,,,11,2,2,2,43,65,60,180,2,5
2184,,,13,2,2,2,37,96,300,420,1,5
2185,,,9,1,2,2,22,23,420,540,1,5
2186,,,7,2,2,1,29,66,300,420,2,5
2187,,,10,2,2,2,63,54,0,300,2,5
2188,,,12,2,2,1,15,100,60,180,2,5
2189,,,15,1,2,1,42,31,420,540,1,5
2190,,,2,2,2,2,77,57,0,300,1,5
2191,,,9,2,2,1,24,96,60,180,3,5
2192,,,6,1,2,1,61,34,300,600,3,5
2193,,,4,2,2,1,63,18,180,300,1,5
2194,,,8,2,2,2,35,66,420,540,3,5
2195,,,7,2,2,2,31,22,0,300,4,5
2196,,,10,2,2,1,96,19,180,300,3,5
2197,,,2,2,2,2,61,99,60,180,3,5
2198,,,12,2,2,2,76,32,420,540,3,5
2199,,,13,2,2,1,14,72,420,540,3,5
2200,,,5,2,2,1,44,3,420,540,2,5
2201,,,10,2,2,1,37,16,180,300,3,5
2202,,,3,2,2,2,97,32,60,180,2,5
2203,,,3,2,2,2,96,84,0,300,2,5
2204,,,7,1,2,1,57,20,300,600,3,5
2205,,,13,2,2,2,48,20,420,540,3,5
2206,,,3,2,2,1,2,89,300,420,4,5
2207,,,10,2,2,1,34,50,300,600,4,5
2208,,,2,2,2,2,100,4,180,300,2,5
2209,,,11,1,2,2,49,34,420,540,1,5
2210,,,8,1,2,2,30,3,420,540,1,5
2211,,,13,2,2,1,54,49,0,300,4,5
2212,,,9,2,2,1,28,9,0,300,3,5
2213,,,12,2,2,2,100,93,180,300,1,5
2214,,,2,2,2,1,95,83,300,600,1,5
2215,,,5,2,2,2,63,37,60,180,1,5
2216,,,5,2,2,1,68,10,0,300,1,5
2217,,,16,2,2,1,95,69,0,300,3,5
2218,,,3,1,2,1,31,36,300,600,4,5
2219,,,12,2,2,1,22,50,300,600,1,5
2220,,,5,2,2,1,51,84,0,300,2,5
2221,,,7,2,2,2,93,13,0,300,4,5
2222,,,1,1,2,2,14,67,420,540,4,5
2223,,,13,1,2,2,76,80,420,540,1,5
2224,,,11,2,2,1,36,59,0,300,2,5
2225,,,8,1,2,1,44,0,300,600,1,5
2226,,,13,2,2,1,4,30,180,300,2,5
2227,,,6,2,2,2,87,52,0,300,1,5
2228,,,10,1,2,1,77,31,300,600,2,5
2229,,,9,2,2,1,39,39,300,600,4,5
2230,,,8,2,2,2,49,47,60,180,4,5
2231,,,4,2,2,2,27,74,0,300,4,5
2232,,,8,2,2,2,0,96,420,540,4,5
2233,,,9,2,2,1,87,14,300,600,4,5
2234,,,9,2,2,2,41,63,60,180,3,5
2235,,,6,2,2,1,4,55,0,300,4,5
2236,,,15,2,2,2,62,3,60,180,2,5
2237,,,10,2,2,1,52,46,0,300,3,5
2238,,,2,2,2,1,13,62,300,420,2,5
2239,,,9,1,2,1,66,60,420,540,4,5
2240,,,11,2,2,1,20,81,420,540,2,5
2241,,,4,2,2,1,44,94,180,300,2,5
2242,,,7,2,2,2,69,8,180,300,3,5
2243,,,14,2,2,2,27,98,180,300,2,5
2244,,,15,2,2,2,93,33,0,300,1,5
2245,,,3,1,2,2,62,94,420,540,1,5
2246,,,6,1,2,2,71,35,300,600,4,5
2247,,,11,2,2,1,93,88,420,540,2,5
2248,,,4,2,2,2,10,5,60,180,4,5
2249,,,7,2,2,1,82,36,60,180,4,5
2250,,,3,2,2,1,60,42,180,300,4,5
2251,,,7,2,2,2,92,77,420,540,2,5
2252,,,2,2,2,1,21,62,180,300,4,5
2253,,,5,1,2,1,27,25,300,600,3,5
2254,,,8,2,2,1,23,27,300,420,4,5
2255,,,12,1,2,2,77,8,420,540,4,5
2256,,,12,1,2,1,58,35,420,540,3,5
2257,,,12,1,2,1,65,48,420,540,3,5
2258,,,14,2,2,1,64,19,420,540,2,5
2259,,,6,1,2,1,77,51,300,600,1,5
2260,,,3,2,2,2,95,43,300,600,3,5
2261,,,8,1,2,2,25,100,420,540,3,5
2262,,,7,2,2,1,89,76,180,300,4,5
2263,,,5,1,2,2,86,78,300,600,2,5
2264,,,11,1,2,1,86,86,420,540,4,5
2265,,,9,1,2,1,59,47,420,540,2,5
2266,,,15,2,2,2,94,89,180,300,2,5
2267,,,7,2,2,1,88,27,420,540,2,5
2268,,,16,2,2,2,99,41,300,600,3,5
2269,,,12,2,2,1,63,100,180,300,4,5
2270,,,8,2,2,1,44,9,420,540,4,5
2271,,,13,1,2,2,10,47,300,600,2,5
2272,,,11,2,2,2,68,73,300,600,4,5
2273,,,8,2,2,1,81,30,0,300,1,5
2274,,,2,2,2,1,80,86,300,420,1,5
2275,,,6,2,2,1,20,69,180,300,2,5
2276,,,5,1,2,2,40,91,300,600,4,5
2277,,,3,2,2,2,91,41,420,540,3,5
2278,,,8,2,2,2,17,87,300,420,4,5
2279,,,4,1,2,2,18,99,420,540,1,5
2280,,,2,1,2,1,18,7,300,600,3,5
2281,,,3,2,2,2,22,84,0,300,4,5
2282,,,6,1,2,1,15,45,300,600,3,5
2283,,,7,2,2,2,62,58,0,300,2,5
2284,,,2,2,2,2,92,28,300,420,2,5
2285,,,16,1,2,1,52,77,420,540,2,5
2286,,,9,1,2,1,10,2,420,540,2,5
2287,,,5,2,2,1,41,45,300,600,3,5
2288,,,5,2,2,2,48,9,0,300,2,5
2289,,,1,1,2,1,60,47,420,540,1,5
2290,,,2,2,2,1,95,80,180,300,1,5
2291,,,5,2,2,1,94,38,180,300,4,5
2292,,,10,1,2,2,87,82,420,540,3,5
2293,,,7,2,2,2,22,15,300,600,3,5
2294,,,2,2,2,2,24,65,0,300,3,5
2295,,,2,2,2,2,31,26,0,300,4,5
2296,,,5,2,2,1,51,57,420,540,2,5
2297,,,13,2,2,1,50,57,60,180,3,5
2298,,,15,1,2,1,21,28,420,540,4,5
2299,,,10,2,2,1,62,99,180,300,1,5
2300,,,12,2,2,2,69,51,300,420,4,5
2301,,,12,2,2,2,89,89,60,180,1,5
2302,,,17,2,2,1,64,77,180,300,2,5
2303,,,12,1,2,1,50,27,300,600,1,5
2304,,,6,1,2,1,87,75,300,600,2,5
2305,,,5,1,2,2,65,40,420,540,3,5
2306,,,8,2,2,2,21,18,300,600,2,5
2307,,,6,2,2,1,29,44,420,540,3,5
2308,,,10,2,2,1,70,35,420,540,2,5
2309,,,8,2,2,2,24,97,420,540,3,5
2310,,,10,1,2,2,61,66,300,600,2,5
2311,,,9,2,2,2,24,65,60,180,3,5
2312,,,5,2,2,1,80,34,420,540,4,5
2313,,,8,2,2,2,20,83,300,420,3,5
2314,,,10,2,2,2,1,99,300,420,4,5
2315,,,13,1,2,2,53,91,300,600,3,5
2316,,,12,1,2,1,93,73,300,600,1,5
2317,,,10,2,2,2,43,55,420,540,4,5
2318,,,9,2,2,1,57,100,0,300,1,5
2319,,,3,2,2,1,59,47,60,180,1,5
2320,,,10,2,2,2,1,88,0,300,3,5
2321,,,3,2,2,1,50,10,420,540,4,5
2322,,,14,2,2,2,14,51,180,300,4,5
2323,,,11,1,2,2,34,2,300,600,2,5
2324,,,8,2,2,2,70,6,0,300,4,5
2325,,,10,1,2,1,57,59,420,540,1,5
2326,,,2,1,2,1,89,80,300,600,3,5
2327,,,8,2,2,2,93,65,300,600,4,5
2328,,,11,2,2,2,53,31,420,540,3,5
2329,,,15,2,2,2,32,7,420,540,3,5
2330,,,13,2,2,2,34,5,420,540,2,5
2331,,,4,2,2,2,77,72,180,300,1,5
2332,,,15,1,2,1,30,37,300,600,1,5
2333,,,2,1,2,2,7,25,420,540,2,5
2334,,,9,2,2,1,93,63,420,540,4,5
2335,,,6,1,2,1,63,56,300,600,2,5
2336,,,13,2,2,2,25,65,0,300,1,5
2337,,,6,2,2,2,97,98,60,180,1,5
2338,,,13,2,2,1,56,64,60,180,1,5
2339,,,6,2,2,1,49,19,60,180,4,5
2340,,,5,2,2,2,68,54,300,600,1,5
2341,,,14,2,2,2,84,11,420,540,2,5
2342,,,12,2,2,2,35,87,0,300,4,5
2343,,,5,2,2,1,74,60,300,420,2,5
2344,,,11,2,2,1,87,62,0,300,3,5
2345,,,15,2,2,1,7,98,60,180,3,5
2346,,,16,2,2,1,33,29,180,300,2,5
2347,,,9,2,2,1,37,43,60,180,2,5
2348,,,10,2,2,2,62,48,60,180,4,5
2349,,,13,2,2,2,25,2,0,300,4,5
2350,,,10,2,2,1,43,40,300,420,4,5
2351,,,11,2,2,1,67,23,60,180,4,5
2352,,,8,1,2,1,93,29,420,540,1,5
2353,,,12,1,2,2,38,40,420,540,4,5
2354,,,7,1,2,2,52,86,420,540,3,5
2355,,,3,2,2,2,17,88,0,300,3,5
2356,,,7,2,2,1,54,17,180,300,1,5
2357,,,15,2,2,1,81,7,60,180,3,5
2358,,,13,2,2,1,58,38,420,540,2,5
2359,,,4,2,2,2,43,87,0,300,3,5
2360,,,4,1,2,1,90,10,420,540,3,5
2361,,,12,2,2,1,51,7,300,600,4,5
2362,,,12,2,2,1,96,4,300,600,1,5
2363,,,7,2,2,2,90,22,420,540,2,5
2364,,,13,2,2,1,15,69,300,420,2,5
2365,,,15,2,2,2,91,67,300,600,3,5
2366,,,4,2,2,2,61,66,300,420,2,5
2367,,,6,1,2,2,51,4,420,540,4,5
2368,,,4,2,2,1,99,93,420,540,1,5
2369,,,12,2,2,2,69,64,0,300,2,5
2370,,,14,2,2,1,100,83,300,600,2,5
2371,,,4,1,2,2,22,74,300,600,1,5
2372,,,16,2,2,2,21,36,0,300,4,5
2373,,,6,1,2,2,96,21,420,540,2,5
2374,,,3,2,2,2,24,19,60,180,2,5
2375,,,9,1,2,1,29,81,420,540,2,5
2376,,,15,2,2,1,43,8,180,300,2,5
2377,,,8,2,2,2,73,4,60,180,4,5
2378,,,13,2,2,1,51,48,420,540,3,5
2379,,,2,1,2,1,84,32,420,540,3,5
2380,,,7,2,2,2,41,11,60,180,3,5
2381,,,10,1,2,2,12,68,420,540,1,5
2382,,,14,2,2,1,21,21,0,300,1,5
2383,,,2,2,2,2,78,5,300,600,3,5
2384,,,15,2,2,2,17,1,420,540,3,5
2385,,,12,2,2,1,99,4,0,300,4,5
2386,,,11,2,2,1,67,36,60,180,4,5
2387,,,11,2,2,2,87,91,300,420,3,5
2388,,,11,2,2,1,33,73,180,300,4,5
2389,,,4,2,2,2,82,62,420,540,1,5
2390,,,10,2,2,1,74,39,180,300,2,5
2391,,,14,1,2,2,35,37,420,540,1,5
2392,,,6,2,2,2,69,95,180,300,4,5
2393,,,11,1,2,1,91,20,420,540,4,5
2394,,,6,1,2,2,78,57,300,600,4,5
2395,,,7,2,2,1,26,50,180,300,4,5
2396,,,16,2,2,2,5,79,420,540,3,5
2397,,,9,2,2,1,51,35,420,540,1,5
2398,,,8,2,2,2,47,39,420,540,2,5
2399,,,11,1,2,1,89,6,300,600,1,5
2400,,,10,1,2,1,47,62,300,600,4,5
2401,,,7,2,2,2,52,76,420,540,4,5
2402,,,12,2,2,2,43,58,300,600,4,5
2403,,,7,2,2,1,31,87,60,180,3,5
2404,,,2,2,2,2,46,90,60,180,1,5
2405,,,10,2,2,1,8,58,300,420,2,5
2406,,,7,2,2,1,22,13,60,180,2,5
2407,,,11,2,2,1,97,10,300,600,1,5
2408,,,8,2,2,1,27,63,420,540,4,5
2409,,,11,1,2,1,62,68,300,600,3,5
2410,,,15,2,2,2,82,33,180,300,4,5
2411,,,3,2,2,1,53,48,420,540,4,5
2412,,,9,2,2,2,18,50,180,300,4,5
2413,,,9,1,2,1,33,30,420,540,1,5
2414,,,9,2,2,2,95,64,0,300,3,5
2415,,,3,2,2,2,3,51,180,300,1,5
2416,,,3,1,2,1,72,18,300,600,4,5
2417,,,17,2,2,2,18,65,60,180,2,5
2418,,,11,2,2,1,33,96,180,300,2,5
2419,,,5,2,2,2,26,11,60,180,4,5
2420,,,16,2,2,2,40,75,420,540,1,5
2421,,,13,1,2,1,43,80,420,540,2,5
2422,,,9,2,2,1,38,16,180,300,1,5
2423,,,6,1,2,1,10,30,300,600,3,5
2424,,,7,2,2,1,82,18,180,300,4,5
2425,,,2,2,2,1,89,6,180,300,4,5
2426,,,8,2,2,2,29,17,420,540,4,5
2427,,,12,1,2,2,84,50,420,540,3,5
2428,,,13,2,2,1,93,78,60,180,1,5
2429,,,16,2,2,1,49,89,60,180,2,5
2430,,,16,2,2,1,48,9,300,420,2,5
2431,,,1,1,2,1,33,96,300,600,2,5
2432,,,12,2,2,2,8,2,420,540,3,5
2433,,,2,2,2,2,54,21,60,180,2,5
2434,,,4,2,2,2,20,56,180,300,3,5
2435,,,3,2,2,1,19,62,0,300,4,5
2436,,,8,2,2,2,57,93,0,300,2,5
2437,,,12,2,2,2,49,24,300,420,2,5
2438,,,5,1,2,2,25,47,300,600,3,5
2439,,,13,2,2,2,53,83,300,420,1,5
2440,,,14,1,2,1,64,65,420,540,3,5
2441,,,4,2,2,1,87,9,180,300,3,5
2442,,,11,1,2,2,2,22,420,540,2,5
2443,,,14,1,2,2,80,72,420,540,3,5
2444,,,8,1,2,1,90,49,420,540,4,5
2445,,,4,2,2,2,53,88,180,300,1,5
2446,,,7,2,2,1,74,17,60,180,1,5
2447,,,8,2,2,1,95,30,60,180,3,5
2448,,,10,2,2,1,38,93,60,180,2,5
2449,,,14,2,2,1,23,84,0,300,2,5
2450,,,6,1,2,2,54,81,420,540,2,5
2451,,,4,2,2,1,55,65,420,540,2,5
2452,,,11,2,2,1,22,19,420,540,2,5
2453,,,3,2,2,2,23,9,0,300,3,5
2454,,,8,2,2,2,26,33,60,180,4,5
2455,,,4,2,2,1,24,46,60,180,4,5
2456,,,13,2,2,1,21,50,60,180,2,5
2457,,,7,2,2,2,39,93,60,180,4,5
2458,,,15,2,2,2,100,48,0,300,1,5
2459,,,9,2,2,2,84,31,300,600,2,5
2460,,,4,1,2,2,80,44,300,600,1,5
2461,,,9,2,2,2,63,16,420,540,3,5
2462,,,5,1,2,1,21,15,300,600,3,5
2463,,,14,2,2,1,93,77,420,540,2,5
2464,,,10,2,2,2,7,81,420,540,1,5
2465,,,5,1,2,1,78,55,300,600,2,5
2466,,,10,2,2,1,16,75,180,300,1,5
2467,,,11,1,2,2,26,39,420,540,4,5
2468,,,4,2,2,1,10,87,60,180,2,5
2469,,,10,2,2,2,61,93,420,540,3,5
2470,,,8,2,2,1,44,23,300,420,2,5
2471,,,4,1,2,1,96,23,300,600,4,5
2472,,,3,2,2,1,73,74,60,180,4,5
2473,,,15,2,2,2,25,91,180,300,2,5
2474,,,11,2,2,2,32,66,180,300,1,5
2475,,,16,2,2,1,76,62,180,300,1,5
2476,,,10,2,2,2,20,90,180,300,3,5
2477,,,7,2,2,2,17,79,0,300,4,5
2478,,,4,1,2,2,49,91,300,600,1,5
2479,,,15,2,2,2,3,24,0,300,4,5
2480,,,12,1,2,1,14,27,300,600,4,5
2481,,,3,2,2,1,43,46,300,420,1,5
2482,,,8,2,2,2,90,44,0,300,2,5
2483,,,2,2,2,1,84,39,300,420,2,5
2484,,,14,2,2,1,79,37,180,300,1,5
2485,,,5,2,2,1,49,60,300,600,2,5
2486,,,10,2,2,2,3,47,300,600,4,5
2487,,,4,2,2,1,62,2,420,540,4,5
2488,,,12,1,2,2,44,52,420,540,2,5
2489,,,6,1,2,1,28,93,420,540,2,5
2490,,,11,2,2,1,30,49,300,600,4,5
2491,,,11,2,2,1,23,79,420,540,3,5
2492,,,3,2,2,2,80,84,0,300,4,5
2493,,,13,2,2,1,69,47,180,300,4,5
2494,,,14,1,2,1,59,68,420,540,4,5
2495,,,7,1,2,1,29,92,420,540,3,5
2496,,,7,2,2,1,35,21,180,300,3,5
2497,,,6,2,2,1,47,47,60,180,4,5
2498,,,11,1,2,1,35,45,300,600,3,5
2499,,,8,2,2,2,81,95,60,180,1,5
2500,,,9,2,2,2,30,28,180,300,3,5
2501,,,3,2,2,1,71,2,0,300,1,5
2502,,,3,1,2,1,26,37,300,600,3,5
2503,,,2,1,2,2,34,23,300,600,4,5
2504,,,9,2,2,1,46,34,0,300,2,5
2505,,,5,1,2,1,3,95,420,540,2,5
2506,,,15,2,2,2,99,66,420,540,4,5
2507,,,14,1,2,2,25,52,420,540,3,5
2508,,,2,1,2,2,20,20,300,600,3,5
2509,,,11,1,2,2,43,10,420,540,1,5
2510,,,9,2,2,1,21,1,180,300,2,5
2511,,,16,2,2,1,18,43,420,540,3,5
2512,,,9,2,2,2,56,21,300,600,2,5
2513,,,13,1,2,2,91,5,300,600,2,5
2514,,,12,2,2,2,3,57,60,180,4,5
2515,,,9,2,2,1,66,44,0,300,2,5
2516,,,6,2,2,2,40,18,420,540,4,5
2517,,,4,2,2,1,28,25,180,300,4,5
2518,,,2,2,2,1,16,84,420,540,4,5
2519,,,4,2,2,2,23,52,420,540,2,5
2520,,,6,2,2,1,58,85,60,180,4,5
2521,,,9,2,2,2,72,78,60,180,2,5
2522,,,5,1,2,2,12,85,420,540,1,5
2523,,,15,2,2,2,56,57,60,180,2,5
2524,,,11,2,2,1,16,15,60,180,2,5
2525,,,13,1,2,2,57,63,420,540,2,5
2526,,,15,2,2,1,22,62,0,300,4,5
2527,,,10,2,2,2,3,7,300,600,2,5
2528,,,6,2,2,1,85,95,60,180,1,5
2529,,,4,2,2,1,82,58,300,600,4,5
2530,,,10,2,2,1,52,29,180,300,1,5
2531,,,15,2,2,1,25,23,300,600,4,5
2532,,,12,2,2,1,88,93,60,180,1,5
2533,,,3,2,2,1,60,95,300,600,2,5
2534,,,14,1,2,2,18,21,420,540,4,5
2535,,,12,2,2,2,11,23,420,540,3,5
2536,,,10,1,2,2,31,79,420,540,3,5
2537,,,16,2,2,1,81,73,300,420,4,5
2538,,,11,2,2,2,19,54,0,300,1,5
2539,,,12,1,2,2,53,51,420,540,4,5
2540,,,15,1,2,1,41,88,420,540,3,5
2541,,,6,1,2,2,13,16,420,540,2,5
2542,,,6,2,2,1,17,48,180,300,3,5
2543,,,13,2,2,1,60,54,60,180,1,5
2544,,,14,2,2,1,74,52,60,180,3,5
2545,,,6,2,2,2,27,26,420,540,4,5
2546,,,9,2,2,2,5,58,420,540,3,5
2547,,,12,1,2,1,32,9,420,540,1,5
2548,,,11,2,2,2,50,62,420,540,2,5
2549,,,14,2,2,1,8,49,180,300,2,5
2550,,,7,2,2,1,72,45,300,600,3,5
2551,,,10,2,2,1,6,80,0,300,4,5
2552,,,3,1,2,2,39,77,300,600,3,5
2553,,,12,2,2,1,50,38,0,300,2,5
2554,,,13,1,2,2,18,7,420,540,1,5
2555,,,4,2,2,2,40,52,180,300,3,5
2556,,,11,2,2,1,86,96,60,180,3,5
2557,,,6,2,2,1,1,54,420,540,4,5
2558,,,9,2,2,1,93,3,300,600,4,5
2559,,,5,2,2,2,51,55,300,420,3,5
2560,,,2,2,2,2,76,7,420,540,3,5
2561,,,2,2,2,2,91,27,60,180,3,5
2562,,,16,1,2,1,28,63,300,600,3,5
2563,,,5,1,2,2,8,5,420,540,4,5
2564,,,13,2,2,2,77,60,300,600,2,5
2565,,,14,2,2,2,92,49,420,540,1,5
2566,,,14,2,2,1,7,71,180,300,3,5
2567,,,4,2,2,1,32,18,60,180,1,5
2568,,,8,2,2,2,3,50,0,300,4,5
2569,,,13,1,2,1,93,91,300,600,2,5
2570,,,13,2,2,2,54,0,60,180,4,5
2571,,,16,2,2,2,34,87,60,180,2,5
2572,,,6,2,2,1,28,46,420,540,4,5
2573,,,12,2,2,1,44,3,180,300,2,5
2574,,,4,2,2,1,14,41,180,300,1,5
2575,,,11,1,2,1,58,14,300,600,1,5
2576,,,8,2,2,1,50,3,0,300,1,5
2577,,,14,1,2,1,41,8,300,600,2,5
2578,,,2,1,2,2,33,21,420,540,3,5
2579,,,11,1,2,2,65,91,420,540,2,5
2580,,,13,2,2,1,30,13,300,420,2,5
2581,,,7,2,2,2,3,54,180,300,4,5
2582,,,6,1,2,2,45,82,300,600,3,5
2583,,,3,2,2,2,93,30,0,300,4,5
2584,,,11,2,2,1,70,9,60,180,3,5
2585,,,7,2,2,2,82,56,0,300,2,5
2586,,,14,2,2,2,29,96,420,540,1,5
2587,,,8,1,2,2,32,4,420,540,2,5
2588,,,15,1,2,1,41,17,420,540,1,5
2589,,,3,2,2,1,75,42,180,300,1,5
2590,,,6,2,2,2,57,21,0,300,3,5
2591,,,13,2,2,1,64,56,60,180,4,5
2592,,,6,2,2,1,75,6,180,300,1,5
2593,,,12,2,2,1,15,49,420,540,1,5
2594,,,8,2,2,1,70,73,300,600,4,5
2595,,,14,2,2,1,66,84,420,540,2,5
2596,,,12,2,2,1,90,40,420,540,2,5
2597,,,12,1,2,1,66,85,300,600,4,5
2598,,,7,2,2,2,76,64,300,600,1,5
2599,,,13,2,2,2,80,51,60,180,3,5
2600,,,2,2,2,2,94,22,300,420,1,5
2601,,,13,2,2,2,25,15,0,300,3,5
2602,,,5,2,2,1,73,69,180,300,4,5
2603,,,8,2,2,1,9,51,300,420,2,5
2604,,,3,2,2,2,33,57,0,300,3,5
2605,,,13,2,2,2,35,92,180,300,1,5
2606,,,2,1,2,1,30,79,420,540,2,5
2607,,,12,2,2,2,70,25,0,300,1,5
2608,,,14,1,2,2,87,12,300,600,1,5
2609,,,3,2,2,2,100,31,300,420,1,5
2610,,,10,1,2,1,15,14,300,600,4,5
2611,,,4,2,2,1,5,10,0,300,2,5
2612,,,9,1,2,1,80,64,420,540,2,5
2613,,,4,2,2,2,39,12,180,300,3,5
2614,,,2,2,2,2,31,56,60,180,2,5
2615,,,2,2,2,1,29,31,300,420,2,5
2616,,,6,2,2,2,73,39,300,420,2,5
2617,,,8,2,2,2,30,61,300,420,2,5
2618,,,15,2,2,1,55,8,0,300,3,5
2619,,,2,2,2,1,92,35,180,300,3,5
2620,,,10,2,2,1,20,73,420,540,4,5
2621,,,15,2,2,1,76,68,60,180,2,5
2622,,,3,1,2,2,3,61,300,600,4,5
2623,,,4,2,2,1,40,78,60,180,4,5
2624,,,8,2,2,1,79,26,180,300,1,5
2625,,,1,1,2,1,66,90,420,540,3,5
2626,,,15,2,2,2,72,6,60,180,4,5
2627,,,13,1,2,2,98,96,420,540,2,5
2628,,,8,1,2,1,69,77,420,540,3,5
2629,,,15,2,2,2,76,94,60,180,2,5
2630,,,10,2,2,1,54,35,60,180,3,5
2631,,,8,2,2,1,95,90,0,300,2,5
2632,,,4,2,2,2,75,91,300,420,3,5
2633,,,10,2,2,2,22,29,420,540,3,5
2634,,,12,2,2,1,3,9,180,300,2,5
2635,,,16,2,2,1,4,3,420,540,4,5
2636,,,12,2,2,1,81,48,300,600,2,5
2637,,,9,1,2,2,33,64,300,600,3,5
2638,,,11,2,2,1,14,34,300,420,4,5
2639,,,14,2,2,2,10,49,60,180,4,5
2640,,,9,2,2,2,95,93,0,300,4,5
2641,,,11,2,2,1,61,30,180,300,4,5
2642,,,11,2,2,1,58,49,180,300,1,5
2643,,,10,2,2,2,53,90,60,180,3,5
2644,,,3,2,2,1,99,33,180,300,4,5
2645,,,7,2,2,1,80,77,180,300,2,5
2646,,,11,1,2,2,22,94,420,540,1,5
2647,,,3,1,2,1,33,0,300,600,3,5
2648,,,8,2,2,2,17,91,60,180,3,5
2649,,,7,2,2,1,94,30,300,600,2,5
2650,,,13,2,2,2,41,23,60,180,1,5
2651,,,4,2,2,2,34,98,180,300,2,5
2652,,,10,2,2,1,13,99,420,540,1,5
2653,,,15,2,2,2,47,44,0,300,1,5
2654,,,11,2,2,2,67,35,180,300,4,5
2655,,,9,2,2,1,25,67,420,540,1,5
2656,,,9,2,2,1,11,47,420,540,2,5
2657,,,3,1,2,1,67,73,300,600,3,5
2658,,,8,2,2,2,42,25,420,540,4,5
2659,,,8,2,2,2,24,49,180,300,3,5
2660,,,14,2,2,2,70,27,420,540,1,5
2661,,,4,2,2,1,68,71,420,540,3,5
2662,,,9,1,2,1,76,40,420,540,2,5
2663,,,6,2,2,1,61,39,300,420,3,5
2664,,,13,2,2,1,72,99,180,300,1,5
2665,,,15,1,2,1,49,42,420,540,1,5
2666,,,16,2,2,2,100,64,0,300,4,5
2667,,,2,2,2,1,78,27,180,300,2,5
2668,,,9,2,2,1,80,84,180,300,4,5
2669,,,7,2,2,2,77,3,60,180,1,5
2670,,,6,2,2,1,12,67,420,540,4,5
2671,,,6,2,2,2,0,20,0,300,3,5
2672,,,10,2,2,1,31,69,420,540,3,5
2673,,,9,2,2,1,82,95,300,420,1,5
2674,,,10,2,2,1,0,14,420,540,2,5
2675,,,15,2,2,2,54,78,0,300,4,5
2676,,,11,1,2,1,83,58,420,540,1,5
2677,,,6,1,2,2,87,71,420,540,1,5
2678,,,14,2,2,1,64,96,300,600,4,5
2679,,,14,2,2,1,24,80,60,180,2,5
2680,,,11,2,2,1,35,67,300,600,1,5
2681,,,2,1,2,1,17,60,420,540,3,5
2682,,,10,2,2,1,16,23,180,300,1,5
2683,,,7,1,2,1,73,25,420,540,3,5
2684,,,6,2,2,2,51,31,0,300,3,5
2685,,,17,2,2,1,57,82,0,300,3,5
2686,,,2,2,2,2,8,100,300,600,1,5
2687,,,12,1,2,1,38,99,420,540,3,5
2688,,,7,2,2,2,35,54,420,540,1,5
2689,,,13,2,2,2,48,44,60,180,1,5
2690,,,6,2,2,2,68,96,180,300,4,5
2691,,,12,1,2,1,40,97,300,600,1,5
2692,,,15,2,2,1,62,45,300,600,2,5
2693,,,6,2,2,1,43,37,420,540,4,5
2694,,,11,2,2,1,10,29,0,300,1,5
2695,,,8,2,2,2,48,70,300,600,1,5
2696,,,10,2,2,1,69,53,300,420,4,5
2697,,,15,1,2,1,53,72,420,540,2,5
2698,,,7,2,2,1,58,42,420,540,4,5
2699,,,13,2,2,1,8,54,60,180,3,5
2700,,,4,1,2,2,64,63,420,540,1,5
2701,,,7,2,2,1,31,47,180,300,3,5
2702,,,3,2,2,1,47,7,420,540,4,5
2703,,,8,2,2,1,94,65,420,540,4,5
2704,,,13,2,2,2,53,2,420,540,4,5
2705,,,11,2,2,1,74,28,60,180,2,5
2706,,,9,2,2,1,66,39,420,540,1,5
2707,,,11,1,2,1,35,24,420,540,2,5
2708,,,10,2,2,1,27,86,420,540,1,5
2709,,,12,2,2,1,30,19,60,180,1,5
2710,,,14,2,2,1,18,0,180,300,3,5
2711,,,6,2,2,1,90,81,420,540,3,5
2712,,,2,1,2,1,31,42,420,540,1,5
2713,,,6,2,2,1,78,14,60,180,4,5
2714,,,9,1,2,1,29,29,300,600,2,5
2715,,,3,1,2,2,36,1,300,600,1,5
2716,,,8,2,2,2,90,27,420,540,3,5
2717,,,12,2,2,1,31,51,60,180,4,5
2718,,,10,2,2,1,18,28,300,600,2,5
2719,,,10,2,2,2,2,64,0,300,3,5
2720,,,14,2,2,2,57,44,0,300,3,5
2721,,,13,1,2,1,44,63,420,540,4,5
2722,,,4,1,2,1,64,15,300,600,3,5
2723,,,9,2,2,2,27,75,0,300,4,5
2724,,,9,1,2,1,42,27,300,600,2,5
2725,,,12,2,2,2,6,91,420,540,2,5
2726,,,4,2,2,1,73,48,180,300,4,5
2727,,,12,2,2,1,50,57,180,300,2,5
2728,,,13,2,2,1,23,98,300,600,1,5
2729,,,8,1,2,1,0,69,300,600,4,5
2730,,,6,2,2,1,7,92,0,300,3,5
2731,,,11,2,2,2,100,68,300,420,1,5
2732,,,7,1,2,2,22,54,420,540,1,5
2733,,,8,2,2,1,74,83,300,600,1,5
2734,,,4,2,2,2,36,76,300,420,2,5
2735,,,5,1,2,1,45,90,300,600,3,5
2736,,,12,2,2,2,7,44,0,300,2,5
2737,,,4,1,2,2,84,8,300,600,2,5
2738,,,3,2,2,1,88,9,60,180,4,5
2739,,,2,1,2,2,28,50,420,540,1,5
2740,,,8,1,2,2,5,35,420,540,4,5
2741,,,2,2,2,2,21,2,300,420,1,5
2742,,,6,2,2,1,40,96,420,540,1,5
2743,,,12,2,2,2,47,17,0,300,1,5
2744,,,15,2,2,1,65,61,300,420,4,5
2745,,,15,2,2,2,89,4,420,540,1,5
2746,,,12,2,2,1,77,17,180,300,3,5
2747,,,16,2,2,1,13,46,180,300,1,5
2748,,,7,2,2,2,58,12,60,180,1,5
2749,,,5,2,2,2,5,78,0,300,3,5
2750,,,6,2,2,1,46,53,180,300,1,5
2751,,,14,1,2,1,37,5,300,600,2,5
2752,,,3,2,2,2,0,58,300,420,1,5
2753,,,7,2,2,2,100,30,180,300,2,5
2754,,,5,2,2,2,34,55,180,300,2,5
2755,,,11,2,2,2,91,95,420,540,3,5
2756,,,12,1,2,1,31,38,300,600,1,5
2757,,,5,2,2,2,71,14,60,180,4,5
2758,,,16,1,2,1,42,43,300,600,2,5
2759,,,3,1,2,1,63,60,420,540,1,5
2760,,,11,2,2,2,69,37,0,300,2,5
2761,,,13,2,2,2,66,67,60,180,3,5
2762,,,15,1,2,1,61,31,420,540,3,5
2763,,,14,1,2,1,100,0,300,600,2,5
2764,,,14,1,2,2,2,63,420,540,2,5
2765,,,1,1,2,1,3,23,300,600,2,5
2766,,,14,1,2,1,3,36,420,540,1,5
2767,,,7,2,2,2,0,20,420,540,2,5
2768,,,10,2,2,1,23,1,0,300,1,5
2769,,,10,2,2,2,23,17,60,180,2,5
2770,,,10,1,2,2,32,25,420,540,1,5
2771,,,5,2,2,1,0,26,420,540,2,5
2772,,,3,2,2,1,36,44,60,180,4,5
2773,,,12,2,2,2,55,5,300,600,1,5
2774,,,13,2,2,2,24,2,300,600,4,5
2775,,,3,1,2,2,43,80,300,600,3,5
2776,,,8,2,2,1,62,27,420,540,2,5
2777,,,16,2,2,2,80,34,0,300,1,5
2778,,,12,2,2,2,80,25,420,540,4,5
2779,,,4,2,2,1,14,30,300,420,2,5
2780,,,10,1,2,2,39,70,420,540,1,5
2781,,,8,1,2,2,29,65,420,540,1,5
2782,,,6,2,2,2,20,22,420,540,1,5
2783,,,11,1,2,2,87,10,420,540,3,5
2784,,,8,1,2,2,28,49,300,600,4,5
2785,,,14,2,2,2,45,70,60,180,2,5
2786,,,9,2,2,2,77,12,60,180,1,5
2787,,,5,2,2,1,20,36,300,600,3,5
2788,,,11,2,2,2,21,23,420,540,4,5
2789,,,6,2,2,1,95,38,60,180,1,5
2790,,,9,2,2,2,26,89,300,600,1,5
2791,,,11,2,2,1,60,24,420,540,1,5
2792,,,8,1,2,2,24,29,300,600,3,5
2793,,,13,1,2,1,14,57,300,600,2,5
2794,,,3,2,2,2,57,40,300,600,2,5
2795,,,7,2,2,2,44,23,300,420,2,5
2796,,,14,1,2,1,83,73,420,540,3,5
2797,,,7,2,2,1,19,95,180,300,1,5
2798,,,3,1,2,1,0,37,300,600,4,5
2799,,,16,2,2,2,81,51,60,180,2,5
2800,,,8,2,2,2,64,60,300,420,3,5
2801,,,7,2,2,1,57,16,300,420,1,5
2802,,,16,2,2,2,70,7,300,600,1,5
2803,,,8,2,2,2,78,4,420,540,4,5
2804,,,13,1,2,2,100,79,420,540,3,5
2805,,,8,2,2,1,74,90,60,180,2,5
2806,,,14,2,2,2,1,11,420,540,2,5
2807,,,9,1,2,1,16,7,300,600,1,5
2808,,,6,1,2,2,30,25,300,600,3,5
2809,,,8,2,2,1,94,34,60,180,2,5
2810,,,13,2,2,2,72,8,0,300,1,5
2811,,,10,1,2,1,93,93,300,600,3,5
2812,,,12,1,2,2,11,75,420,540,4,5
2813,,,9,2,2,1,29,91,180,300,1,5
2814,,,6,2,2,2,40,96,180,300,4,5
2815,,,9,2,2,2,11,68,60,180,4,5
2816,,,16,2,2,1,35,65,60,180,4,5
2817,,,8,2,2,1,10,14,300,420,1,5
2818,,,7,2,2,1,94,71,420,540,3,5
2819,,,4,2,2,1,0,36,0,300,1,5
2820,,,13,1,2,1,13,16,420,540,3,5
2821,,,5,1,2,2,63,3,420,540,1,5
2822,,,13,1,2,2,2,8,420,540,3,5
2823,,,15,2,2,2,65,2,300,600,4,5
2824,,,16,2,2,1,45,94,60,180,1,5
2825,,,11,2,2,2,12,86,420,540,3,5
2826,,,17,2,2,1,61,41,60,180,4,5
2827,,,10,1,2,2,54,68,420,540,4,5
2828,,,4,2,2,1,82,65,60,180,3,5
2829,,,13,1,2,2,16,75,300,600,2,5
2830,,,4,2,2,1,23,6,300,600,1,5
2831,,,5,2,2,1,55,19,300,420,4,5
2832,,,11,2,2,1,38,36,180,300,1,5
2833,,,16,2,2,1,56,72,300,600,4,5
2834,,,6,2,2,1,8,36,420,540,1,5
2835,,,16,1,2,1,39,98,300,600,1,5
2836,,,12,2,2,2,60,29,300,600,4,5
2837,,,5,2,2,2,52,50,300,600,3,5
2838,,,6,2,2,2,67,20,300,600,4,5
2839,,,12,2,2,1,95,15,300,420,4,5
2840,,,10,2,2,2,36,84,60,180,1,5
2841,,,2,1,2,2,3,16,420,540,3,5
2842,,,6,2,2,2,2,56,0,300,1,5
2843,,,8,2,2,1,74,36,420,540,1,5
2844,,,13,2,2,1,70,62,420,540,2,5
2845,,,10,2,2,2,32,52,60,180,3,5
2846,,,6,2,2,1,78,20,180,300,1,5
2847,,,7,2,2,2,93,53,300,600,4,5
2848,,,8,2,2,2,75,48,300,600,1,5
2849,,,11,1,2,2,26,80,300,600,1,5
2850,,,4,2,2,1,43,45,300,600,3,5
2851,,,11,2,2,2,32,14,0,300,1,5
2852,,,14,1,2,1,67,64,420,540,2,5
2853,,,15,2,2,2,100,22,420,540,4,5
2854,,,16,2,2,1,75,25,0,300,3,5
2855,,,10,2,2,1,45,40,420,540,2,5
2856,,,9,2,2,1,0,26,300,600,1,5
2857,,,13,2,2,2,79,34,420,540,1,5
2858,,,13,2,2,1,79,94,180,300,1,5
2859,,,13,1,2,1,6,53,420,540,4,5
2860,,,10,2,2,2,89,41,180,300,1,5
2861,,,15,2,2,1,78,16,180,300,3,5
2862,,,6,2,2,1,86,66,300,420,2,5
2863,,,5,2,2,1,77,19,0,300,3,5
2864,,,9,2,2,2,55,0,0,300,2,5
2865,,,3,1,2,1,17,69,420,540,2,5
2866,,,6,2,2,2,18,21,60,180,2,5
2867,,,7,2,2,2,58,73,420,540,2,5
2868,,,8,2,2,1,45,64,420,540,4,5
2869,,,10,1,2,1,70,75,300,600,3,5
2870,,,11,2,2,2,6,40,60,180,2,5
2871,,,6,2,2,2,4,91,300,600,3,5
2872,,,13,2,2,2,45,2,60,180,1,5
2873,,,7,2,2,1,10,76,0,300,3,5
2874,,,9,2,2,1,40,13,0,300,4,5
2875,,,3,2,2,2,35,17,420,540,4,5
2876,,,14,2,2,1,94,57,0,300,4,5
2877,,,16,2,2,2,6,41,0,300,4,5
2878,,,4,2,2,2,57,100,60,180,2,5
2879,,,2,2,2,1,32,44,420,540,1,5
2880,,,13,1,2,1,63,52,300,600,2,5
2881,,,4,2,2,2,69,47,300,420,1,5
2882,,,13,2,2,1,98,62,60,180,2,5
2883,,,14,2,2,2,26,79,0,300,3,5
2884,,,8,1,2,2,30,73,300,600,1,5
2885,,,2,1,2,1,6,0,300,600,1,5
2886,,,11,1,2,1,11,41,300,600,4,5
2887,,,14,1,2,2,87,17,300,600,3,5
2888,,,15,2,2,1,8,66,300,600,1,5
2889,,,8,2,2,1,70,30,60,180,4,5
2890,,,5,1,2,2,75,43,420,540,1,5
2891,,,16,2,2,1,98,38,60,180,2,5
2892,,,10,2,2,1,61,97,180,300,4,5
2893,,,6,1,2,1,71,75,300,600,2,5
2894,,,4,2,2,1,89,13,420,540,4,5
2895,,,16,2,2,1,22,81,0,300,3,5
2896,,,16,2,2,2,63,8,420,540,4,5
2897,,,2,2,2,1,33,9,180,300,1,5
2898,,,12,1,2,1,72,53,300,600,3,5
2899,,,17,2,2,2,45,48,300,420,3,5
2900,,,6,2,2,2,48,6,420,540,2,5
2901,,,7,2,2,1,71,77,300,420,2,5
2902,,,5,2,2,1,38,6,300,420,1,5
2903,,,9,2,2,1,58,61,300,600,4,5
2904,,,13,1,2,2,51,72,300,600,3,5
2905,,,15,2,2,2,3,62,300,600,1,5
2906,,,11,1,2,2,28,70,300,600,1,5
2907,,,4,2,2,2,53,56,180,300,1,5
2908,,,3,1,2,1,57,49,300,600,4,5
2909,,,16,2,2,2,9,94,0,300,4,5
2910,,,7,2,2,1,41,17,60,180,3,5
2911,,,16,2,2,2,74,18,180,300,2,5
2912,,,7,1,2,2,60,77,420,540,1,5
2913,,,11,1,2,1,48,0,420,540,2,5
2914,,,3,2,2,1,54,7,0,300,4,5
2915,,,14,2,2,1,57,12,300,420,2,5
2916,,,7,2,2,1,96,10,180,300,3,5
2917,,,15,2,2,2,59,20,60,180,3,5
2918,,,10,2,2,2,51,21,60,180,3,5
2919,,,4,2,2,1,61,21,60,180,3,5
2920,,,3,2,2,1,3,63,300,420,2,5
2921,,,11,1,2,1,83,95,300,600,3,5
2922,,,3,1,2,1,84,67,300,600,1,5
2923,,,4,1,2,1,76,43,420,540,4,5
2924,,,9,2,2,2,6,65,420,540,3,5
2925,,,10,2,2,1,93,90,0,300,4,5
2926,,,2,2,2,1,39,5,60,180,4,5
2927,,,6,2,2,2,48,35,420,540,1,5
2928,,,10,2,2,1,15,49,300,600,2,5
2929,,,8,1,2,1,82,56,420,540,1,5
2930,,,14,1,2,1,85,8,420,540,4,5
2931,,,2,2,2,2,29,73,300,600,1,5
2932,,,7,2,2,2,16,28,0,300,1,5
2933,,,10,2,2,1,100,88,420,540,3,5
2934,,,4,2,2,2,19,64,60,180,1,5
2935,,,14,2,2,2,81,50,420,540,4,5
2936,,,15,2,2,1,71,100,180,300,1,5
2937,,,4,2,2,1,46,88,60,180,4,5
2938,,,15,2,2,2,41,46,420,540,4,5
2939,,,11,2,2,1,53,10,420,540,4,5
2940,,,4,1,2,1,4,53,300,600,4,5
2941,,,9,2,2,1,95,83,60,180,4,5
2942,,,11,2,2,2,70,58,420,540,2,5
2943,,,10,2,2,1,61,17,0,300,2,5
2944,,,2,1,2,2,10,13,300,600,2,5
2945,,,13,2,2,2,50,70,60,180,1,5
2946,,,4,2,2,1,8,44,0,300,2,5
2947,,,4,2,2,2,29,29,180,300,1,5
2948,,,13,2,2,2,23,60,420,540,2,5
2949,,,13,2,2,1,32,1,180,300,1,5
2950,,,14,2,2,1,99,88,180,300,1,5
2951,,,12,2,2,1,90,63,300,600,4,5
2952,,,4,2,2,2,22,3,300,600,3,5
2953,,,11,2,2,1,35,45,180,300,2,5
2954,,,15,1,2,1,53,59,420,540,2,5
2955,,,6,1,2,2,38,63,300,600,2,5
2956,,,10,2,2,2,79,48,300,600,2,5
2957,,,6,2,2,2,69,8,60,180,3,5
2958,,,4,1,2,2,40,51,420,540,4,5
2959,,,5,2,2,2,81,29,180,300,4,5
2960,,,14,1,2,2,23,97,300,600,4,5
2961,,,5,1,2,1,43,82,420,540,2,5
2962,,,4,2,2,1,41,33,300,420,2,5
2963,,,6,2,2,2,77,1,420,540,2,5
2964,,,16,1,2,1,99,1,300,600,4,5
2965,,,13,2,2,2,78,57,300,420,3,5
2966,,,8,2,2,2,63,52,420,540,2,5
2967,,,10,2,2,2,37,66,300,600,4,5
2968,,,6,1,2,1,82,47,300,600,3,5
2969,,,4,2,2,1,37,44,0,300,4,5
2970,,,7,2,2,2,93,48,0,300,1,5
2971,,,4,1,2,2,62,40,300,600,2,5
2972,,,13,2,2,1,83,50,300,600,3,5
2973,,,9,1,2,2,31,22,300,600,2,5
2974,,,10,1,2,1,70,71,300,600,3,5
2975,,,15,2,2,1,97,73,180,300,1,5
2976,,,9,2,2,2,73,63,0,300,3,5
2977,,,10,1,2,1,8,2,420,540,3,5
2978,,,9,2,2,2,67,7,0,300,2,5
2979,,,15,2,2,2,60,52,300,420,2,5
2980,,,7,1,2,2,94,80,300,600,2,5
2981,,,10,1,2,2,82,72,420,540,4,5
2982,,,12,2,2,1,44,82,300,600,2,5
2983,,,8,2,2,2,23,8,60,180,3,5
2984,,,12,2,2,1,4,28,60,180,4,5
2985,,,10,2,2,2,83,3,300,600,1,5
2986,,,6,2,2,2,78,100,60,180,1,5
2987,,,11,2,2,1,71,1,420,540,2,5
2988,,,9,2,2,2,84,37,420,540,2,5
2989,,,10,2,2,1,6,4,180,300,3,5
2990,,,13,2,2,1,48,24,420,540,1,5
2991,,,9,2,2,2,69,90,60,180,1,5
2992,,,13,1,2,2,37,59,300,600,4,5
2993,,,12,2,2,2,75,77,420,540,2,5
2994,,,11,2,2,1,8,85,0,300,1,5
2995,,,8,2,2,1,2,87,300,600,3,5
2996,,,12,1,2,1,0,100,420,540,1,5
2997,,,12,1,2,2,48,85,420,540,4,5
2998,,,14,1,2,1,37,95,420,540,4,5
2999,,,7,2,2,1,21,89,300,600,4,5
3000,,,6,2,2,2,80,43,60,180,3,5
3001,,,13,2,2,1,28,15,420,540,3,5
3002,,,10,2,2,1,97,31,180,300,3,5
3003,,,5,2,2,2,17,34,0,300,4,5
3004,,,2,1,2,1,44,91,300,600,4,5
3005,,,12,1,2,1,61,62,300,600,4,5
3006,,,6,2,2,1,79,34,60,180,4,5
3007,,,8,2,2,1,40,45,0,300,3,5
3008,,,9,1,2,1,42,99,300,600,4,5
3009,,,8,1,2,2,83,61,420,540,4,5
3010,,,3,2,2,2,48,97,180,300,2,5
3011,,,7,2,2,1,2,38,420,540,2,5
3012,,,6,2,2,1,39,48,0,300,4,5
3013,,,6,2,2,2,20,47,420,540,1,5
3014,,,10,2,2,1,67,42,420,540,2,5
3015,,,10,1,2,2,34,82,420,540,2,5
3016,,,3,2,2,2,16,96,60,180,4,5
3017,,,4,2,2,1,64,44,0,300,3,5
3018,,,3,2,2,1,40,76,300,420,4,5
3019,,,8,1,2,2,85,55,420,540,1,5
3020,,,6,2,2,1,93,2,420,540,2,5
3021,,,9,2,2,1,35,12,0,300,2,5
3022,,,8,2,2,2,35,18,300,420,1,5
3023,,,4,2,2,2,46,84,0,300,3,5
3024,,,11,2,2,2,81,67,300,600,3,5
3025,,,9,2,2,1,93,22,60,180,4,5
3026,,,12,2,2,2,3,82,60,180,4,5
3027,,,9,2,2,1,38,59,180,300,1,5
3028,,,14,2,2,1,2,32,180,300,4,5
3029,,,7,2,2,1,65,77,300,600,1,5
3030,,,14,2,2,1,94,29,420,540,4,5
3031,,,7,2,2,2,13,2,420,540,2,5
3032,,,3,2,2,2,94,58,0,300,2,5
3033,,,13,2,2,2,25,40,0,300,3,5
3034,,,17,2,2,1,2,7,0,300,3,5
3035,,,13,2,2,2,47,64,180,300,3,5
3036,,,13,2,2,1,28,65,420,540,1,5
3037,,,12,2,2,1,46,24,300,420,2,5
3038,,,11,1,2,1,9,84,300,600,3,5
3039,,,16,2,2,1,29,78,420,540,1,5
3040,,,4,2,2,1,34,19,0,300,4,5
3041,,0,1,2,2,1,85,81,300,600,2,5
3042,,0,1,2,2,2,31,98,180,300,2,5
3043,,0,1,2,2,1,5,98,0,300,4,5
3044,,0,1,2,2,1,39,59,300,600,1,5
3045,,0,1,2,2,2,60,30,420,540,3,5
3046,,0,1,2,2,1,97,100,0,300,2,5
3047,,0,1,2,2,2,46,42,420,540,4,5
3048,,0,1,2,2,2,93,78,180,300,4,5
3049,,0,1,2,2,1,75,53,420,540,4,5
3050,,0,1,2,2,2,47,54,300,420,1,5
3051,,0,1,2,2,1,85,7,60,180,1,5
3052,,0,1,2,2,1,73,94,420,540,3,5
3053,,0,1,2,2,1,80,72,180,300,3,5
3054,,0,1,2,2,2,99,78,420,540,1,5
3055,,0,1,2,2,2,61,84,420,540,2,5
3056,,0,1,2,2,1,54,47,0,300,3,5
3057,,0,1,2,2,2,19,40,420,540,4,5
3058,,0,1,2,2,2,3,85,300,420,2,5
3059,,0,1,2,2,2,77,86,0,300,4,5
3060,,0,1,2,2,1,50,92,300,600,3,5
3061,,0,1,2,2,1,97,48,180,300,1,5
3062,,0,1,2,2,1,80,57,420,540,1,5
3063,,0,1,2,2,2,40,76,0,300,1,5
3064,,0,1,2,2,2,33,61,60,180,4,5
3065,,0,1,2,2,1,58,10,420,540,4,5
3066,,0,1,2,2,1,70,91,300,600,2,5
3067,,0,1,2,2,1,35,61,300,600,1,5
3068,,0,1,2,2,1,4,2,180,300,1,5
3069,,0,1,2,2,2,74,69,0,300,2,5
3070,,0,1,2,2,1,67,43,0,300,1,5
3071,,0,1,2,2,2,92,47,300,420,3,5
3072,,0,1,2,2,2,94,5,60,180,4,5
3073,,0,1,2,2,1,24,44,300,420,4,5
3074,,0,1,2,2,1,3,67,180,300,2,5
3075,,0,1,2,2,2,95,31,300,420,1,5
3076,,0,1,2,2,1,38,68,60,180,2,5
3077,,0,1,2,2,1,71,90,180,300,2,5
3078,,0,1,2,2,1,78,95,420,540,3,5
3079,,0,1,2,2,1,33,38,300,600,4,5
3080,,0,1,2,2,2,10,45,180,300,3,5
3081,,0,1,2,2,1,96,23,420,540,4,5
3082,,0,1,2,2,1,51,72,300,600,1,5
3083,,0,1,2,2,1,17,15,420,540,2,5
3084,,0,1,2,2,2,74,27,0,300,1,5
3085,,0,1,2,2,2,63,56,180,300,1,5
3086,,0,1,2,2,2,25,98,420,540,4,5
3087,,0,1,2,2,2,2,79,420,540,2,5
3088,,0,1,2,2,2,79,8,0,300,1,5
3089,,0,1,2,2,1,11,49,60,180,4,5
3090,,0,1,2,2,1,27,81,420,540,4,5
3091,,0,1,2,2,2,3,24,60,180,2,5
3092,,0,1,2,2,1,6,34,60,180,2,5
3093,,0,1,2,2,2,32,48,300,600,4,5
3094,,0,1,2,2,1,51,29,0,300,1,5
3095,,0,1,2,2,1,73,28,60,180,2,5
3096,,0,1,2,2,2,34,36,60,180,2,5
3097,,0,1,2,2,2,14,32,0,300,1,5
3098,,0,1,2,2,2,42,20,420,540,2,5
3099,,0,1,2,2,2,27,86,420,540,2,5
3100,,0,1,2,2,2,77,26,60,180,1,5
3101,,0,1,2,2,1,17,93,300,600,1,5
3102,,0,1,2,2,1,81,67,420,540,3,5
3103,,0,1,2,2,2,62,61,300,600,4,5
3104,,0,1,2,2,2,83,9,300,420,4,5
3105,,0,1,2,2,2,83,40,420,540,2,5
3106,,0,1,2,2,2,91,27,300,420,1,5
3107,,0,1,2,2,1,11,20,0,300,3,5
3108,,0,1,2,2,2,17,97,300,600,1,5
3109,,0,1,2,2,1,22,13,300,600,3,5
3110,,0,1,2,2,1,78,34,300,420,3,5
3111,,0,1,2,2,2,28,5,180,300,3,5
3112,,0,1,2,2,1,86,51,300,600,2,5
3113,,0,1,2,2,1,47,40,420,540,2,5
3114,,0,1,2,2,2,8,12,420,540,1,5
3115,,0,1,2,2,2,78,44,60,180,2,5
3116,,0,1,2,2,2,12,83,420,540,2,5
3117,,0,1,2,2,2,10,49,0,300,2,5
3118,,0,1,2,2,2,10,82,180,300,3,5
3119,,0,1,2,2,1,8,1,180,300,1,5
3120,,0,1,2,2,2,51,43,60,180,2,5
3121,,0,1,2,2,2,86,38,420,540,2,5
3122,,0,1,2,2,1,4,95,300,600,2,5
3123,,0,1,2,2,2,59,40,300,600,1,5
3124,,0,1,2,2,2,95,5,300,420,3,5
3125,,0,1,2,2,1,39,14,420,540,4,5
3126,,0,1,2,2,2,75,79,60,180,1,5
3127,,0,1,2,2,1,31,48,300,600,2,5
3128,,0,1,2,2,1,83,49,300,420,1,5
3129,,0,1,2,2,1,72,52,420,540,2,5
3130,,0,1,2,2,1,35,31,180,300,1,5
3131,,0,1,2,2,2,83,50,300,600,1,5
3132,,0,1,2,2,1,25,9,420,540,2,5
3133,,0,1,2,2,2,15,88,60,180,4,5
3134,,0,1,2,2,2,88,60,60,180,4,5
3135,,0,1,2,2,2,96,37,300,420,4,5
3136,,0,1,2,2,2,23,100,300,600,4,5
3137,,0,1,2,2,2,66,87,60,180,2,5
3138,,0,1,2,2,2,4,78,0,300,3,5
3139,,0,1,2,2,1,54,78,180,300,2,5
3140,,0,1,2,2,1,18,78,420,540,3,5
3141,,0,1,2,2,2,71,95,300,420,4,5
3142,,0,1,2,2,1,57,43,60,180,4,5
3143,,0,1,2,2,1,83,27,420,540,1,5
3144,,0,1,2,2,2,90,54,180,300,4,5
3145,,0,1,2,2,1,24,35,420,540,3,5
3146,,0,1,2,2,2,39,70,300,600,4,5
3147,,0,1,2,2,2,86,55,300,600,2,5
3148,,0,1,2,2,1,60,7,420,540,4,5
3149,,0,1,2,2,1,59,83,0,300,1,5
3150,,0,1,2,2,2,17,82,300,600,2,5
3151,,0,1,2,2,1,68,35,420,540,2,5
3152,,0,1,2,2,1,79,81,180,300,2,5
3153,,0,1,2,2,2,29,52,420,540,2,5
3154,,0,1,2,2,2,67,2,300,600,1,5
3155,,0,1,2,2,2,7,52,420,540,3,5
3156,,0,1,2,2,2,32,41,300,420,2,5
3157,,0,1,2,2,2,17,7,420,540,2,5
3158,,0,1,2,2,2,3,38,300,600,2,5
3159,,0,1,2,2,1,87,31,420,540,4,5
3160,,0,1,2,2,2,58,27,180,300,4,5
3161,,0,1,2,2,2,42,23,300,600,2,5
3162,,0,1,2,2,2,0,47,420,540,3,5
3163,,0,1,2,2,2,61,41,300,600,4,5
3164,,0,1,2,2,1,28,86,60,180,3,5
3165,,0,1,2,2,2,85,91,180,300,2,5
3166,,0,1,2,2,1,100,70,300,420,2,5
3167,,0,1,2,2,2,94,93,0,300,3,5
3168,,0,1,2,2,2,36,50,300,600,3,5
3169,,0,1,2,2,2,33,43,60,180,1,5
3170,,0,1,2,2,2,93,54,420,540,1,5
3171,,0,1,2,2,1,90,83,300,600,3,5
3172,,0,1,2,2,1,98,24,60,180,2,5
3173,,0,1,2,2,2,96,79,300,600,3,5
3174,,0,1,2,2,2,4,6,180,300,1,5
3175,,0,1,2,2,2,85,25,300,600,4,5
3176,,0,1,2,2,1,95,22,420,540,4,5
3177,,0,1,2,2,2,53,75,180,300,1,5
3178,,0,1,2,2,2,41,2,300,600,1,5
3179,,0,1,2,2,1,56,32,420,540,1,5
3180,,0,1,2,2,2,77,31,420,540,4,5
3181,,0,1,2,2,2,92,43,0,300,2,5
3182,,0,1,2,2,2,38,61,420,540,1,5
3183,,0,1,2,2,2,39,52,60,180,4,5
3184,,0,1,2,2,1,25,84,300,600,3,5
3185,,0,1,2,2,1,31,55,0,300,3,5
3186,,0,1,2,2,2,53,31,60,180,3,5
3187,,0,1,2,2,1,95,96,300,600,4,5
3188,,0,1,2,2,2,91,23,300,600,2,5
3189,,0,1,2,2,1,60,0,300,600,2,5
3190,,0,1,2,2,2,94,38,180,300,3,5
