Order,Day-Order,Time-Order,Day-Ops,Service,Type,Origin,X,Y,Early,Latest,Demand,Service Time 
,,,,,0,1,50,100,,,,0
,,,,,1,1,27,36,,,,15
,,,,,1,1,60,24,,,,15
,,,,,0,2,50,100,,,,0
,,,,,1,2,53,67,,,,15
,,,,,1,2,22,33,,,,15
1,1,0,1,1,3,2,83,15,60,180,1,5
2,1,0,1,1,3,1,30,49,60,180,3,5
3,1,0,1,1,3,1,29,91,60,180,2,5
4,1,0,1,1,3,2,4,87,60,180,4,5
5,1,0,1,1,3,2,62,34,60,180,4,5
6,1,0,1,1,3,1,47,97,60,180,1,5
7,1,0,1,1,3,1,49,40,60,180,3,5
8,1,0,1,1,3,1,27,81,60,180,1,5
9,1,0,1,1,3,2,66,50,60,180,4,5
10,1,0,1,1,3,1,13,45,60,180,2,5
11,1,0,1,1,3,1,27,75,60,180,1,5
12,1,0,1,1,3,1,57,77,60,180,2,5
13,1,0,1,1,3,1,63,22,60,180,3,5
14,1,0,1,1,3,1,24,30,60,180,2,5
15,1,0,1,1,3,2,38,19,60,180,3,5
16,1,0,1,1,3,1,32,29,60,180,4,5
17,1,0,1,1,3,1,44,48,60,180,2,5
18,1,0,1,1,3,1,2,66,60,180,2,5
19,1,0,1,1,3,1,64,66,60,180,2,5
20,1,0,1,1,3,1,22,89,60,180,3,5
21,1,0,1,1,3,2,12,57,60,180,3,5
22,1,0,1,1,3,1,1,14,60,180,2,5
23,1,0,1,1,3,1,100,50,60,180,3,5
24,1,0,1,1,3,1,91,29,60,180,4,5
25,1,0,1,1,3,1,38,33,60,180,3,5
26,1,0,1,1,3,2,71,86,60,180,2,5
27,1,0,1,1,3,1,79,25,60,180,1,5
28,1,0,1,1,3,1,56,64,60,180,3,5
29,1,0,1,1,3,1,80,39,60,180,4,5
30,1,0,1,1,3,2,20,52,60,180,2,5
31,1,0,1,1,3,1,30,90,60,180,1,5
32,1,0,1,1,3,1,11,21,60,180,1,5
33,1,0,1,1,3,2,64,71,60,180,1,5
34,1,0,1,1,3,2,73,48,60,180,1,5
35,1,0,1,1,3,1,82,12,60,180,2,5
36,1,0,1,1,3,1,69,3,60,180,1,5
37,1,0,1,1,3,2,44,82,60,180,3,5
38,1,0,1,1,3,1,25,28,60,180,3,5
39,1,0,1,1,3,1,55,96,60,180,4,5
40,1,0,1,1,3,2,18,56,60,180,2,5
41,1,0,1,1,3,1,52,16,60,180,4,5
42,1,0,1,1,3,1,44,26,60,180,1,5
43,1,0,1,1,3,2,84,7,60,180,1,5
44,1,0,1,1,3,2,74,42,60,180,3,5
45,1,0,1,1,3,1,56,42,60,180,2,5
46,1,0,1,1,3,2,65,9,60,180,4,5
47,1,0,1,1,3,1,21,30,60,180,2,5
48,1,0,1,1,3,2,55,7,60,180,2,5
49,1,0,1,1,3,2,99,76,60,180,3,5
50,1,0,1,1,3,1,82,99,60,180,4,5
51,1,0,1,1,3,2,37,50,60,180,1,5
52,1,0,1,1,3,2,21,35,60,180,3,5
53,1,0,1,1,3,1,30,4,60,180,2,5
54,1,0,1,1,3,2,31,10,60,180,4,5
55,1,0,1,1,3,1,73,92,60,180,4,5
56,1,0,1,1,3,1,23,1,60,180,3,5
57,1,0,1,1,3,2,65,42,60,180,1,5
58,1,0,1,1,3,2,64,42,60,180,2,5
59,1,0,1,2,3,1,84,1,60,180,1,5
60,1,0,1,1,3,2,65,88,60,180,2,5
61,1,0,1,1,3,1,51,57,60,180,4,5
62,1,0,1,1,3,1,54,62,60,180,1,5
63,1,0,1,1,3,2,43,76,60,180,1,5
64,1,0,1,1,3,1,95,28,60,180,3,5
65,1,0,1,1,3,2,90,91,60,180,1,5
66,1,0,1,1,3,2,38,27,60,180,1,5
67,1,0,1,1,3,2,38,72,60,180,4,5
68,1,0,1,1,3,2,54,23,60,180,4,5
69,1,0,1,1,3,2,63,66,60,180,1,5
70,1,0,1,1,3,1,46,87,60,180,4,5
71,1,0,1,1,3,2,61,53,60,180,3,5
72,1,0,1,1,3,2,64,80,60,180,2,5
73,1,0,1,1,3,1,95,58,60,180,2,5
74,1,0,1,1,3,1,24,39,60,180,1,5
75,1,0,1,1,3,1,94,73,60,180,4,5
76,1,0,1,1,3,2,42,61,60,180,1,5
77,1,0,1,1,3,2,60,0,60,180,4,5
78,1,0,1,1,3,1,62,17,60,180,1,5
79,1,0,1,1,3,1,87,58,60,180,4,5
80,1,0,1,1,3,2,61,23,60,180,1,5
81,1,0,1,1,3,1,53,65,60,180,2,5
82,1,0,1,1,3,1,80,83,60,180,1,5
83,1,0,1,1,3,1,70,8,60,180,4,5
84,1,0,1,1,3,2,41,32,60,180,2,5
85,1,0,1,1,3,1,33,18,60,180,3,5
86,1,0,1,1,3,1,23,13,60,180,4,5
87,1,0,1,1,3,1,76,37,60,180,4,5
88,1,0,1,1,3,2,66,62,60,180,2,5
89,1,0,1,1,3,2,70,18,60,180,3,5
90,1,0,1,1,3,2,95,88,60,180,4,5
91,1,0,1,1,3,2,12,60,60,180,2,5
92,1,0,1,1,3,1,88,38,60,180,1,5
93,1,0,1,1,3,1,82,100,60,180,3,5
94,1,0,1,1,3,1,82,70,60,180,1,5
95,1,0,1,1,3,2,79,30,60,180,1,5
96,1,0,1,1,3,1,16,37,60,180,4,5
97,1,0,1,1,3,2,82,83,60,180,2,5
98,1,0,1,1,3,2,57,18,60,180,2,5
99,1,0,1,1,3,1,20,85,60,180,3,5
100,1,0,1,1,3,2,94,51,60,180,2,5
101,1,0,1,1,3,2,9,51,60,180,3,5
102,1,0,1,1,3,2,100,89,60,180,3,5
103,1,0,1,1,3,2,87,35,60,180,1,5
104,1,0,1,1,3,2,79,0,60,180,2,5
105,1,0,1,1,3,1,65,70,60,180,4,5
106,1,0,1,2,3,2,34,91,180,300,1,5
107,1,0,1,1,3,1,64,8,60,180,2,5
108,1,0,1,1,3,2,35,99,60,180,4,5
109,1,0,1,1,3,2,86,6,60,180,4,5
110,1,0,1,1,3,2,21,35,60,180,1,5
111,1,0,1,2,3,2,25,96,180,300,2,5
112,1,0,1,1,3,1,65,54,60,180,3,5
113,1,0,1,1,3,1,52,71,60,180,3,5
114,1,0,1,2,3,1,9,39,0,300,2,5
115,1,0,1,1,3,2,11,57,60,180,4,5
116,1,0,1,1,3,2,58,2,60,180,3,5
117,1,0,1,1,3,2,52,28,60,180,2,5
118,1,0,1,1,3,2,83,18,60,180,3,5
119,1,0,1,1,3,1,2,28,60,180,3,5
120,1,513,2,1,3,2,1,26,0,300,2,5
121,1,580,2,1,3,2,63,55,60,180,1,5
122,1,383,2,1,3,2,5,61,0,300,3,5
123,1,247,2,1,3,1,4,28,0,300,2,5
124,1,346,2,1,3,2,95,82,180,300,2,5
125,1,382,2,1,3,1,29,14,0,300,1,5
126,1,89,2,1,3,1,6,89,0,300,2,5
127,1,527,2,1,3,1,35,83,0,300,1,5
128,1,486,2,1,3,1,42,5,60,180,1,5
129,1,369,2,1,3,1,51,43,180,300,2,5
130,1,452,2,2,3,1,15,94,300,420,2,5
131,1,456,2,1,3,2,85,73,60,180,4,5
132,1,506,2,1,3,2,15,8,180,300,4,5
133,1,385,2,1,3,1,81,13,60,180,3,5
134,1,171,2,1,3,1,59,78,0,300,4,5
135,1,196,2,1,3,2,71,57,60,180,4,5
136,1,297,2,1,3,1,12,60,0,300,4,5
137,1,391,2,1,3,2,40,82,0,300,3,5
138,1,394,2,1,3,2,88,58,0,300,1,5
139,1,92,2,1,3,1,49,51,0,300,3,5
140,1,233,2,1,3,1,29,64,180,300,4,5
141,1,318,2,1,3,2,99,0,180,300,3,5
142,1,448,2,1,3,1,12,93,180,300,2,5
143,1,25,2,1,3,2,0,96,180,300,4,5
144,1,85,2,1,3,1,15,55,180,300,4,5
145,1,367,2,1,3,2,52,96,180,300,1,5
146,1,69,2,1,3,2,93,37,0,300,1,5
147,1,39,2,1,3,1,54,23,60,180,1,5
148,1,444,2,1,3,2,44,88,60,180,2,5
149,1,24,2,2,3,2,55,63,0,300,1,5
150,1,256,2,1,3,2,30,56,60,180,2,5
151,10,24,11,1,3,2,95,94,0,300,1,5
152,12,584,14,1,3,1,93,43,60,180,3,5
153,8,259,8,2,3,2,71,30,420,540,4,5
154,8,7,8,1,3,1,6,44,60,180,4,5
155,5,543,7,1,3,1,84,29,180,300,3,5
156,6,2,8,1,3,2,89,49,0,300,2,5
157,9,319,9,2,3,1,53,47,420,540,1,5
158,8,499,10,1,3,2,64,61,180,300,2,5
159,4,557,6,1,3,1,2,98,60,180,3,5
160,12,47,12,1,3,1,18,89,60,180,1,5
161,2,366,3,1,3,1,14,59,0,300,2,5
162,4,46,5,1,3,2,7,21,180,300,1,5
163,14,262,15,1,3,2,23,99,180,300,3,5
164,4,67,5,1,3,2,65,62,180,300,2,5
165,5,197,5,2,3,1,86,58,300,420,3,5
166,1,497,3,1,3,2,28,96,60,180,3,5
167,6,323,7,1,3,1,25,33,0,300,1,5
168,10,164,10,1,3,1,84,29,180,300,2,5
169,12,172,12,1,3,2,49,72,180,300,1,5
170,9,584,11,1,3,2,12,53,0,300,4,5
171,5,278,5,2,3,1,42,4,300,600,4,5
172,2,521,4,1,3,1,55,1,0,300,1,5
173,7,296,8,1,3,2,74,81,0,300,2,5
174,9,195,10,1,3,2,41,19,0,300,2,5
175,3,481,5,1,3,1,5,80,60,180,4,5
176,14,241,15,1,3,1,61,30,60,180,1,5
177,8,390,8,2,3,1,92,35,420,540,4,5
178,13,282,13,2,3,2,8,90,300,600,1,5
179,14,6,15,1,3,1,5,44,180,300,2,5
180,6,534,8,1,3,2,90,66,60,180,1,5
181,2,547,4,2,3,1,75,60,60,180,3,5
182,7,563,9,1,3,1,49,56,180,300,4,5
183,6,525,8,1,3,2,0,48,180,300,3,5
184,11,555,13,1,3,2,38,7,60,180,2,5
185,1,81,1,1,3,1,80,59,180,300,1,5
186,9,262,10,1,3,2,24,10,0,300,1,5
187,6,562,8,1,3,1,48,56,180,300,3,5
188,7,158,7,1,3,2,33,62,180,300,1,5
189,14,464,16,1,3,1,17,20,0,300,2,5
190,4,536,5,1,3,1,15,45,60,180,3,5
191,5,514,7,1,3,2,63,95,60,180,2,5
192,13,230,14,1,3,2,25,23,60,180,1,5
193,14,186,14,2,3,2,39,46,420,540,1,5
194,13,309,13,2,3,1,97,10,420,540,1,5
195,9,287,9,2,3,2,39,33,300,600,2,5
196,13,197,14,1,3,2,54,34,180,300,1,5
197,3,61,3,1,3,2,76,49,180,300,2,5
198,1,314,2,2,3,1,78,0,60,180,1,5
199,3,120,3,1,3,2,35,62,180,300,4,5
200,8,125,8,1,3,1,61,0,180,300,4,5
201,1,266,1,2,3,1,5,53,420,540,1,5
202,3,447,4,2,3,1,10,7,60,180,2,5
203,5,327,6,1,3,2,70,63,60,180,2,5
204,5,114,5,1,3,1,31,4,180,300,1,5
205,9,335,9,2,3,1,63,51,420,540,4,5
206,7,366,8,1,3,1,8,98,0,300,2,5
207,13,527,15,1,3,1,12,72,0,300,3,5
208,5,500,6,1,3,1,18,80,180,300,3,5
209,2,321,2,2,3,2,21,42,420,540,2,5
210,4,165,4,1,3,2,52,13,180,300,3,5
211,12,235,12,2,3,2,16,77,300,600,1,5
212,1,477,3,1,3,2,29,42,180,300,3,5
213,2,27,2,1,3,1,61,85,60,180,2,5
214,2,60,2,1,3,2,21,78,180,300,4,5
215,5,558,6,1,3,2,34,24,60,180,4,5
216,10,525,12,1,3,1,44,69,180,300,1,5
217,6,207,6,2,3,1,17,35,300,420,3,5
218,10,496,11,1,3,2,14,78,60,180,3,5
219,4,405,4,2,3,1,16,52,420,540,4,5
220,6,531,8,1,3,2,22,30,60,180,2,5
221,9,195,10,1,3,1,5,100,60,180,3,5
222,13,256,13,2,3,2,27,21,300,600,4,5
223,14,14,14,1,3,1,80,4,60,180,1,5
224,1,37,1,1,3,1,73,59,60,180,3,5
225,14,361,14,2,3,1,28,88,420,540,2,5
226,5,352,5,2,3,1,14,36,420,540,2,5
227,6,282,6,2,3,1,71,78,420,540,3,5
228,7,61,8,1,3,1,40,79,0,300,3,5
229,3,124,4,1,3,1,43,0,180,300,1,5
230,2,297,2,2,3,1,20,8,300,600,4,5
231,5,304,6,1,3,2,78,29,180,300,3,5
232,14,495,15,1,3,1,79,55,180,300,4,5
233,5,588,6,1,3,1,53,51,60,180,2,5
234,4,244,5,1,3,2,68,47,0,300,4,5
235,5,419,5,2,3,2,58,68,420,540,3,5
236,13,298,14,1,3,1,54,2,0,300,1,5
237,5,266,5,2,3,2,75,29,300,420,2,5
238,14,530,15,1,3,1,42,52,180,300,3,5
239,3,596,4,1,3,1,21,81,0,300,3,5
240,14,120,15,1,3,1,43,84,60,180,1,5
241,4,589,6,1,3,2,95,36,0,300,2,5
242,14,33,14,1,3,1,90,51,60,180,2,5
243,13,193,13,2,3,2,63,97,300,600,3,5
244,2,98,3,1,3,1,35,43,60,180,2,5
245,6,379,7,1,3,1,10,87,0,300,4,5
246,14,376,14,2,3,2,99,20,420,540,2,5
247,12,526,14,1,3,1,60,81,180,300,2,5
248,13,6,13,1,3,1,39,58,60,180,4,5
249,7,511,9,1,3,2,36,7,60,180,1,5
250,7,331,7,2,3,2,20,91,420,540,4,5
251,8,483,9,1,3,1,51,55,60,180,1,5
252,7,72,7,1,3,1,89,67,180,300,4,5
253,11,290,11,2,3,2,71,41,300,600,2,5
254,7,39,7,1,3,2,27,0,60,180,2,5
255,11,548,12,1,3,2,49,93,180,300,3,5
256,7,281,8,1,3,1,86,41,60,180,1,5
257,13,435,15,1,3,2,73,57,180,300,4,5
258,3,463,4,1,3,1,92,61,60,180,4,5
259,2,170,3,1,3,2,24,54,0,300,2,5
260,4,319,6,1,3,1,5,65,60,180,1,5
261,11,31,12,1,3,1,24,64,60,180,3,5
262,11,126,11,1,3,1,68,41,180,300,1,5
263,7,103,7,1,3,2,100,11,180,300,3,5
264,6,292,7,1,3,1,52,77,60,180,4,5
265,5,108,5,1,3,1,60,79,180,300,1,5
266,5,534,6,1,3,1,82,90,180,300,2,5
267,13,419,13,2,3,2,42,42,420,540,1,5
268,7,60,8,1,3,2,1,60,0,300,1,5
269,2,493,4,1,3,1,52,84,0,300,2,5
270,3,321,4,1,3,2,94,50,180,300,4,5
271,12,566,13,1,3,1,55,62,0,300,4,5
272,14,420,14,2,3,1,11,86,420,540,1,5
273,11,387,11,2,3,2,76,50,420,540,4,5
274,7,197,8,1,3,2,72,100,60,180,2,5
275,13,344,13,2,3,2,13,18,420,540,4,5
276,8,468,9,1,3,2,13,100,0,300,1,5
277,7,103,8,2,3,2,2,62,0,300,4,5
278,10,361,11,1,3,1,56,69,0,300,3,5
279,13,398,13,2,3,2,71,61,420,540,3,5
280,1,398,2,1,3,2,26,100,60,180,3,5
281,6,484,7,1,3,2,5,69,180,300,4,5
282,1,561,3,1,3,2,17,60,0,300,2,5
283,8,303,9,1,3,2,92,80,0,300,3,5
284,1,163,1,1,3,2,90,77,180,300,4,5
285,11,324,11,2,3,1,57,78,420,540,2,5
286,14,300,14,2,3,2,43,33,300,600,2,5
287,14,226,15,1,3,1,60,25,180,300,3,5
288,6,532,8,1,3,2,80,8,180,300,3,5
289,8,76,8,1,3,1,44,98,180,300,2,5
290,14,423,16,1,3,2,23,26,60,180,2,5
291,2,95,2,1,3,1,40,76,180,300,2,5
292,1,574,2,1,3,1,91,33,0,300,4,5
293,14,161,15,1,3,1,1,15,180,300,2,5
294,12,275,13,1,3,1,33,19,180,300,1,5
295,5,222,6,1,3,1,40,63,60,180,1,5
296,1,281,2,1,3,1,34,9,60,180,4,5
297,2,499,3,1,3,1,37,54,180,300,1,5
298,13,275,14,1,3,1,57,11,0,300,1,5
299,11,470,12,1,3,2,18,53,0,300,2,5
300,2,324,2,2,3,2,60,57,420,540,2,5
301,10,296,11,1,3,2,35,56,180,300,2,5
302,11,42,11,1,3,2,42,85,60,180,1,5
303,9,446,11,1,3,1,15,90,180,300,3,5
304,8,76,8,1,3,1,75,99,180,300,2,5
305,6,259,6,2,3,2,22,75,420,540,2,5
306,10,4,11,1,3,2,69,17,180,300,1,5
307,3,389,4,2,3,1,74,20,300,420,3,5
308,1,591,3,1,3,2,99,17,60,180,3,5
309,13,382,13,2,3,1,99,79,420,540,4,5
310,6,97,7,1,3,2,56,60,180,300,3,5
311,11,294,12,1,3,1,64,70,180,300,3,5
312,12,335,13,1,3,2,14,67,180,300,4,5
313,2,56,2,1,3,1,84,6,60,180,3,5
314,11,1,11,1,3,1,57,30,60,180,1,5
315,11,574,12,1,3,1,45,96,60,180,3,5
316,7,557,8,1,3,1,55,83,180,300,1,5
317,1,95,1,1,3,2,24,78,180,300,3,5
318,14,280,14,2,3,2,12,24,420,540,3,5
319,2,487,4,1,3,2,19,25,60,180,4,5
320,10,253,11,1,3,2,97,67,180,300,3,5
321,11,166,12,1,3,1,37,98,180,300,1,5
322,11,480,13,1,3,2,89,45,180,300,4,5
323,2,123,2,1,3,2,58,53,180,300,1,5
324,13,236,14,1,3,2,82,3,0,300,2,5
325,9,422,11,1,3,2,3,90,60,180,3,5
326,10,43,11,1,3,1,19,81,180,300,3,5
327,13,482,15,1,3,2,89,21,0,300,3,5
328,14,348,15,1,3,2,40,16,180,300,2,5
329,4,81,4,2,3,1,18,27,420,540,1,5
330,5,391,6,1,3,1,61,2,0,300,2,5
331,12,500,13,1,3,2,28,82,0,300,1,5
332,11,385,12,1,3,2,22,62,0,300,4,5
333,1,297,1,2,3,2,39,67,300,600,2,5
334,3,40,3,1,3,1,96,72,60,180,2,5
335,5,69,5,1,3,2,37,90,180,300,4,5
336,7,508,9,1,3,2,79,78,0,300,3,5
337,12,572,14,1,3,2,29,20,180,300,2,5
338,1,401,1,2,3,1,54,60,420,540,3,5
339,5,568,6,1,3,2,24,3,180,300,3,5
340,14,239,14,2,3,2,5,18,300,600,4,5
341,14,494,16,1,3,2,14,96,180,300,1,5
342,2,104,3,1,3,2,58,85,0,300,4,5
343,4,50,4,1,3,1,44,42,60,180,4,5
344,5,302,5,2,3,1,72,85,420,540,1,5
345,4,104,5,1,3,2,94,38,180,300,4,5
346,8,357,9,1,3,1,52,11,0,300,2,5
347,14,14,14,1,3,1,98,89,60,180,1,5
348,10,93,10,1,3,1,41,81,180,300,2,5
349,4,256,4,2,3,1,16,4,420,540,2,5
350,1,564,2,1,3,1,100,86,0,300,3,5
351,9,94,9,1,3,2,51,27,180,300,3,5
352,12,287,13,1,3,2,70,45,0,300,1,5
353,12,573,14,1,3,1,32,37,180,300,4,5
354,3,305,4,1,3,1,98,82,0,300,3,5
355,1,225,1,2,3,2,78,87,300,420,4,5
356,5,160,6,1,3,2,78,47,60,180,1,5
357,10,15,10,1,3,2,79,24,60,180,2,5
358,12,16,13,1,3,2,92,89,0,300,1,5
359,9,114,9,1,3,1,22,6,180,300,2,5
360,1,373,1,2,3,1,15,26,420,540,1,5
361,8,150,8,1,3,2,13,91,180,300,3,5
362,5,210,5,2,3,1,93,35,420,540,2,5
363,10,563,12,1,3,2,12,73,0,300,3,5
364,8,261,8,2,3,1,44,33,420,540,4,5
365,3,296,4,1,3,1,47,24,180,300,4,5
366,4,295,4,2,3,1,4,71,420,540,1,5
367,9,284,10,1,3,1,68,56,0,300,2,5
368,6,363,7,1,3,1,24,17,0,300,4,5
369,13,592,15,1,3,1,91,60,60,180,4,5
370,9,87,10,1,3,1,24,16,180,300,2,5
371,10,88,10,1,3,1,90,93,180,300,3,5
372,3,370,3,2,3,1,66,94,420,540,1,5
373,4,0,4,1,3,2,82,68,60,180,4,5
374,1,207,1,2,3,2,34,77,300,600,3,5
375,3,348,3,2,3,2,100,88,420,540,4,5
376,12,312,12,2,3,1,64,84,420,540,4,5
377,5,589,6,1,3,2,45,79,0,300,3,5
378,12,581,13,1,3,1,11,37,180,300,3,5
379,13,227,13,2,3,1,8,96,300,600,4,5
380,1,464,2,1,3,2,74,30,60,180,4,5
381,9,309,10,1,3,1,17,81,60,180,3,5
382,4,453,6,1,3,1,57,84,180,300,4,5
383,1,288,3,1,3,2,68,34,180,300,2,5
384,14,187,14,2,3,1,2,15,300,420,2,5
385,7,240,7,2,3,2,57,57,420,540,3,5
386,11,252,11,2,3,1,46,85,300,600,1,5
387,6,258,6,2,3,1,12,52,420,540,1,5
388,5,423,6,1,3,2,53,71,60,180,1,5
389,5,366,6,1,3,2,18,97,60,180,1,5
390,7,415,8,1,3,1,22,32,60,180,1,5
391,8,163,9,1,3,2,61,99,0,300,4,5
392,11,321,11,2,3,2,3,38,420,540,4,5
393,11,232,12,1,3,2,82,19,180,300,1,5
394,5,50,5,1,3,2,91,93,60,180,4,5
395,2,494,4,1,3,1,60,47,180,300,2,5
396,11,307,12,1,3,2,88,20,0,300,3,5
397,9,85,10,1,3,2,52,64,0,300,2,5
398,14,397,14,2,3,1,91,13,420,540,4,5
399,8,336,8,2,3,2,60,27,420,540,2,5
400,9,349,9,2,3,1,31,21,420,540,1,5
401,1,182,2,1,3,2,45,11,60,180,2,5
402,9,282,9,2,3,2,8,32,300,420,1,5
403,14,482,16,1,3,2,48,62,180,300,2,5
404,8,510,10,1,3,2,0,58,60,180,1,5
405,5,91,5,1,3,2,6,84,180,300,2,5
406,3,298,4,1,3,1,34,97,0,300,3,5
407,8,175,10,1,3,1,3,71,60,180,4,5
408,3,516,4,1,3,1,98,99,60,180,4,5
409,9,102,9,1,3,2,11,39,180,300,3,5
410,10,511,11,1,3,1,87,6,180,300,4,5
411,10,214,10,2,3,1,81,36,300,420,2,5
412,6,25,6,1,3,1,63,45,60,180,4,5
413,10,524,11,1,3,2,48,47,0,300,1,5
414,4,549,6,1,3,2,73,29,0,300,3,5
415,14,431,16,1,3,1,67,83,0,300,3,5
416,3,336,4,1,3,1,10,10,0,300,2,5
417,5,512,7,1,3,1,78,20,60,180,1,5
418,5,121,6,1,3,1,16,64,0,300,1,5
419,7,319,7,2,3,2,11,35,420,540,2,5
420,1,388,1,2,3,1,6,27,420,540,1,5
421,8,551,10,1,3,1,82,33,180,300,3,5
422,2,290,2,2,3,2,30,42,420,540,3,5
423,11,57,12,1,3,1,93,11,0,300,1,5
424,5,425,6,1,3,2,4,92,180,300,4,5
425,5,578,6,1,3,1,65,79,180,300,2,5
426,7,443,9,1,3,1,74,80,180,300,2,5
427,13,57,13,1,3,2,19,11,60,180,2,5
428,7,551,9,1,3,1,83,13,60,180,3,5
429,10,25,11,1,3,1,77,49,0,300,1,5
430,3,463,5,1,3,1,1,8,60,180,2,5
431,5,257,6,1,3,1,64,78,180,300,1,5
432,1,507,3,1,3,1,27,27,180,300,2,5
433,4,452,6,1,3,1,68,33,180,300,3,5
434,11,287,11,2,3,2,26,2,300,600,3,5
435,5,259,6,1,3,2,16,10,0,300,2,5
436,10,549,11,1,3,1,27,72,60,180,2,5
437,3,371,3,2,3,2,6,83,420,540,3,5
438,6,124,7,1,3,2,29,28,0,300,2,5
439,4,401,4,2,3,2,34,82,420,540,1,5
440,6,197,6,2,3,1,58,79,420,540,1,5
441,5,539,6,1,3,2,11,64,60,180,4,5
442,9,12,9,1,3,1,66,50,60,180,1,5
443,2,179,2,1,3,2,75,67,180,300,3,5
444,6,104,6,1,3,1,54,42,180,300,3,5
445,12,458,14,1,3,2,79,37,60,180,3,5
446,2,46,3,1,3,1,17,31,60,180,3,5
447,9,462,11,1,3,1,65,73,180,300,3,5
448,11,403,11,2,3,1,94,7,420,540,1,5
449,5,47,5,1,3,2,63,14,60,180,1,5
450,9,371,9,2,3,2,17,59,420,540,2,5
451,11,441,12,1,3,1,11,37,60,180,2,5
452,9,505,11,1,3,2,4,30,60,180,2,5
453,6,304,6,2,3,1,94,24,420,540,3,5
454,10,60,10,1,3,1,75,74,180,300,3,5
455,13,288,13,2,3,2,58,18,300,420,4,5
456,6,103,7,1,3,2,92,89,60,180,3,5
457,9,124,9,1,3,1,63,19,180,300,4,5
458,6,531,8,1,3,1,35,53,0,300,4,5
459,1,319,2,1,3,1,1,63,0,300,3,5
460,4,402,6,1,3,1,36,48,180,300,4,5
461,1,330,2,1,3,1,30,77,0,300,4,5
462,1,463,2,1,3,2,32,69,0,300,2,5
463,5,272,5,2,3,2,52,94,300,600,2,5
464,9,310,10,1,3,1,25,0,0,300,2,5
465,7,430,9,1,3,1,56,50,180,300,3,5
466,5,47,6,2,3,1,1,6,0,300,3,5
467,6,39,6,1,3,1,77,60,60,180,1,5
468,10,45,11,1,3,1,98,39,180,300,3,5
469,10,322,10,2,3,2,10,65,420,540,2,5
470,3,216,3,2,3,1,65,69,300,600,4,5
471,6,186,6,2,3,2,28,81,420,540,1,5
472,8,405,8,2,3,1,33,24,420,540,4,5
473,13,271,13,2,3,2,96,12,420,540,2,5
474,6,27,6,1,3,1,58,61,60,180,1,5
475,9,460,10,1,3,1,32,49,60,180,1,5
476,14,513,16,1,3,2,81,36,0,300,1,5
477,7,239,8,1,3,1,81,15,60,180,1,5
478,5,506,7,1,3,2,48,86,180,300,2,5
479,7,172,7,1,3,1,70,9,180,300,1,5
480,2,243,2,2,3,2,22,53,300,600,2,5
481,7,9,7,1,3,2,3,87,60,180,3,5
482,10,282,10,2,3,2,46,18,420,540,3,5
483,1,516,2,1,3,2,47,14,180,300,3,5
484,8,391,9,1,3,2,31,87,180,300,2,5
485,9,450,11,1,3,2,70,96,60,180,4,5
486,3,64,3,1,3,2,47,90,180,300,3,5
487,5,379,6,1,3,1,0,83,180,300,3,5
488,4,22,4,1,3,1,78,22,60,180,4,5
489,4,216,5,1,3,2,67,68,180,300,1,5
490,10,62,10,2,3,2,32,63,300,420,4,5
491,12,453,13,1,3,1,8,81,180,300,3,5
492,14,3,15,1,3,1,87,4,180,300,1,5
493,4,76,5,1,3,1,73,90,60,180,3,5
494,3,190,4,1,3,2,3,38,0,300,1,5
495,1,129,3,1,3,1,9,100,180,300,1,5
496,4,589,6,1,3,2,42,80,0,300,4,5
497,7,99,8,1,3,2,61,58,180,300,2,5
498,13,519,14,1,3,2,26,15,60,180,4,5
499,13,338,14,1,3,1,45,65,180,300,4,5
500,10,593,12,1,3,2,42,13,180,300,1,5
501,4,521,6,1,3,1,68,27,60,180,4,5
502,11,358,11,2,3,2,47,87,420,540,3,5
503,8,501,10,1,3,1,79,52,180,300,3,5
504,12,248,13,1,3,1,69,43,60,180,2,5
505,11,203,12,1,3,2,88,74,180,300,3,5
506,5,476,7,1,3,2,79,92,60,180,4,5
507,12,277,13,2,3,1,29,90,180,300,1,5
508,7,25,7,1,3,1,72,65,60,180,3,5
509,5,510,6,1,3,1,41,95,180,300,4,5
510,10,385,10,2,3,1,46,69,420,540,3,5
511,6,140,6,1,3,1,64,73,180,300,3,5
512,2,352,3,1,3,2,19,17,60,180,4,5
513,14,74,14,1,3,1,73,38,180,300,3,5
514,8,193,9,1,3,1,67,36,0,300,3,5
515,5,111,6,1,3,2,8,99,0,300,4,5
516,3,179,3,1,3,2,79,34,180,300,1,5
517,13,453,14,1,3,2,18,12,0,300,1,5
518,2,522,3,1,3,2,31,69,0,300,1,5
519,12,398,13,1,3,2,4,59,180,300,2,5
520,10,119,10,1,3,1,95,89,180,300,4,5
521,9,38,9,1,3,2,29,77,60,180,4,5
522,4,459,6,1,3,1,7,18,0,300,2,5
523,8,187,9,1,3,2,94,74,60,180,4,5
524,11,46,12,1,3,2,91,43,0,300,2,5
525,6,194,7,1,3,2,42,29,0,300,3,5
526,1,519,2,1,3,2,18,39,0,300,1,5
527,10,436,11,1,3,1,11,60,0,300,2,5
528,12,498,13,1,3,2,13,12,0,300,4,5
529,11,481,12,1,3,1,80,64,180,300,4,5
530,6,318,7,1,3,1,74,44,180,300,2,5
531,1,101,1,1,3,2,54,5,180,300,3,5
532,6,504,8,1,3,2,85,93,0,300,1,5
533,1,516,2,1,3,2,25,9,0,300,2,5
534,9,64,9,1,3,1,98,17,180,300,3,5
535,9,114,9,1,3,2,78,91,180,300,3,5
536,4,191,4,2,3,1,2,39,420,540,4,5
537,4,43,4,1,3,2,89,31,60,180,3,5
538,13,236,14,1,3,1,33,44,60,180,3,5
539,9,589,10,1,3,1,31,97,60,180,3,5
540,8,303,8,2,3,1,83,34,420,540,3,5
541,8,306,8,2,3,2,79,16,420,540,3,5
542,4,529,6,1,3,1,34,57,60,180,3,5
543,6,445,8,1,3,1,61,86,180,300,3,5
544,4,439,6,1,3,1,76,87,180,300,2,5
545,12,515,14,1,3,2,16,93,0,300,4,5
546,14,331,14,2,3,1,53,22,420,540,4,5
547,8,407,8,2,3,2,43,66,420,540,1,5
548,14,192,15,1,3,1,19,19,180,300,3,5
549,5,351,5,2,3,1,78,70,420,540,2,5
550,3,418,3,2,3,2,24,62,420,540,2,5
551,1,338,2,1,3,2,17,5,60,180,1,5
552,9,584,11,1,3,1,23,83,60,180,2,5
553,11,401,11,2,3,1,27,53,420,540,2,5
554,1,556,2,1,3,1,8,67,60,180,1,5
555,3,37,3,1,3,2,35,39,60,180,4,5
556,11,47,11,1,3,1,77,29,60,180,2,5
557,10,10,11,1,3,1,4,30,180,300,1,5
558,3,228,4,1,3,1,7,64,0,300,2,5
559,12,281,13,1,3,1,76,24,60,180,2,5
560,3,4,5,1,3,2,0,72,180,300,1,5
561,13,575,14,1,3,2,1,4,0,300,2,5
562,12,406,12,2,3,1,6,31,420,540,2,5
563,12,484,13,1,3,2,69,15,60,180,3,5
564,7,488,9,1,3,1,91,49,60,180,3,5
565,2,310,2,2,3,1,26,33,420,540,3,5
566,6,255,6,2,3,1,51,8,300,600,2,5
567,6,521,8,1,3,1,34,12,180,300,1,5
568,4,102,5,1,3,2,27,35,180,300,2,5
569,12,593,14,1,3,2,93,81,180,300,1,5
570,11,373,12,1,3,1,6,30,180,300,4,5
571,2,355,2,2,3,2,47,18,420,540,4,5
572,2,300,3,1,3,1,77,99,60,180,3,5
573,9,285,9,2,3,1,99,33,420,540,3,5
574,7,462,8,1,3,1,34,50,60,180,1,5
575,3,531,5,1,3,2,25,8,0,300,4,5
576,14,45,15,1,3,1,24,71,60,180,1,5
577,10,33,10,1,3,1,32,80,60,180,3,5
578,3,220,4,1,3,2,19,52,0,300,1,5
579,13,257,14,1,3,2,91,79,180,300,2,5
580,8,132,8,1,3,2,50,90,180,300,2,5
581,14,230,15,1,3,2,87,52,60,180,1,5
582,11,320,13,1,3,1,10,16,0,300,2,5
583,6,21,6,1,3,2,24,19,60,180,4,5
584,13,447,14,2,3,1,6,13,0,300,1,5
585,10,114,11,1,3,2,80,12,180,300,1,5
586,5,519,6,1,3,2,89,31,0,300,3,5
587,5,410,5,2,3,1,9,100,420,540,2,5
588,3,135,4,1,3,1,68,22,60,180,1,5
589,13,586,15,1,3,2,1,92,0,300,3,5
590,1,261,1,2,3,1,53,55,300,420,3,5
591,9,453,10,1,3,1,95,42,180,300,4,5
592,8,160,8,1,3,2,3,15,180,300,2,5
593,6,59,6,1,3,1,64,61,60,180,1,5
594,11,317,12,1,3,1,11,15,60,180,1,5
595,11,517,13,1,3,1,98,83,0,300,2,5
596,1,88,1,1,3,2,17,18,180,300,3,5
597,5,324,6,1,3,2,76,15,60,180,2,5
598,8,450,9,1,3,2,64,89,60,180,1,5
599,9,452,11,1,3,2,5,16,180,300,3,5
600,8,15,9,1,3,1,18,51,60,180,1,5
601,14,529,16,1,3,1,72,9,0,300,3,5
602,9,434,11,1,3,1,32,6,60,180,1,5
603,13,157,14,1,3,1,49,48,180,300,3,5
604,6,113,6,1,3,2,21,1,180,300,2,5
605,3,359,4,1,3,1,67,99,0,300,2,5
606,11,411,11,2,3,1,55,26,420,540,2,5
607,3,399,4,1,3,1,91,60,180,300,1,5
608,12,232,12,2,3,1,33,58,420,540,4,5
609,3,182,4,1,3,2,29,2,180,300,2,5
610,13,252,13,2,3,1,50,99,420,540,1,5
611,4,124,4,1,3,2,81,25,180,300,3,5
612,11,452,13,1,3,2,80,48,180,300,2,5
613,8,472,9,1,3,2,52,9,180,300,1,5
614,3,81,3,1,3,2,63,33,180,300,4,5
615,14,472,16,1,3,2,95,87,180,300,1,5
616,2,65,2,1,3,1,10,72,180,300,2,5
617,11,257,11,2,3,1,5,85,300,600,2,5
618,2,324,2,2,3,2,32,97,420,540,3,5
619,3,2,4,1,3,2,83,57,0,300,4,5
620,7,19,7,1,3,1,41,68,60,180,4,5
621,12,315,12,2,3,2,2,69,420,540,1,5
622,6,254,7,1,3,2,37,55,0,300,4,5
623,11,92,11,1,3,1,39,39,180,300,1,5
624,11,328,11,2,3,1,90,8,420,540,3,5
625,9,543,10,1,3,1,72,1,180,300,3,5
626,10,474,11,1,3,1,69,87,180,300,3,5
627,3,574,4,1,3,2,13,53,180,300,4,5
628,13,589,15,1,3,2,5,12,180,300,4,5
629,13,405,13,2,3,1,28,88,420,540,2,5
630,8,182,8,2,3,2,18,5,420,540,2,5
631,9,144,9,1,3,2,10,9,180,300,4,5
632,12,373,12,2,3,2,61,7,420,540,2,5
633,13,343,13,2,3,2,67,55,420,540,2,5
634,6,478,7,1,3,1,54,90,60,180,1,5
635,1,160,1,1,3,1,91,56,180,300,2,5
636,1,20,2,1,3,1,58,67,0,300,2,5
637,6,208,7,1,3,2,92,75,180,300,3,5
638,7,112,8,1,3,2,53,26,60,180,3,5
639,8,244,8,2,3,2,58,7,300,420,2,5
640,6,546,8,1,3,2,89,16,60,180,1,5
641,7,121,8,1,3,2,48,27,180,300,1,5
642,5,121,6,1,3,1,57,61,180,300,4,5
643,2,325,2,2,3,1,18,92,420,540,1,5
644,11,115,11,1,3,2,89,23,180,300,4,5
645,12,241,12,2,3,1,84,15,300,420,1,5
646,14,295,16,2,3,2,9,14,0,300,4,5
647,2,312,4,1,3,1,23,68,0,300,2,5
648,5,458,7,1,3,2,3,32,0,300,4,5
649,13,297,13,2,3,2,40,4,420,540,3,5
650,6,257,7,1,3,2,61,56,60,180,4,5
651,13,270,13,2,3,2,74,31,300,600,3,5
652,2,32,2,1,3,1,44,27,60,180,4,5
653,8,514,9,1,3,2,27,13,60,180,3,5
654,3,221,3,2,3,1,28,41,300,600,1,5
655,5,472,6,1,3,1,71,52,60,180,1,5
656,5,419,5,2,3,1,64,39,420,540,4,5
657,11,235,12,1,3,1,27,59,180,300,3,5
658,2,293,2,2,3,2,29,20,420,540,4,5
659,9,127,10,1,3,1,58,60,60,180,4,5
660,1,495,2,1,3,2,59,33,60,180,1,5
661,5,33,6,1,3,1,47,93,60,180,2,5
662,11,36,12,1,3,2,62,81,0,300,4,5
663,11,507,12,1,3,1,19,79,180,300,4,5
664,4,462,6,1,3,2,33,12,60,180,4,5
665,2,92,2,1,3,2,68,61,180,300,4,5
666,8,226,9,1,3,1,85,11,180,300,3,5
667,11,579,12,1,3,2,86,15,180,300,2,5
668,14,207,14,2,3,1,18,63,420,540,4,5
669,3,64,4,1,3,1,38,61,60,180,4,5
670,10,504,12,1,3,1,40,27,60,180,4,5
671,6,106,7,1,3,1,31,78,0,300,2,5
672,8,75,8,1,3,2,49,59,180,300,3,5
673,9,169,10,1,3,2,24,1,0,300,1,5
674,1,534,2,1,3,1,60,47,60,180,2,5
675,8,584,9,1,3,1,91,46,0,300,1,5
676,2,253,3,1,3,2,66,17,60,180,3,5
677,7,365,7,2,3,1,77,90,420,540,1,5
678,1,412,2,1,3,2,45,86,180,300,1,5
679,10,165,10,1,3,1,74,46,180,300,2,5
680,13,450,14,1,3,1,25,67,0,300,2,5
681,1,151,2,1,3,1,83,99,180,300,1,5
682,10,409,10,2,3,1,79,7,420,540,1,5
683,12,26,12,1,3,1,93,31,60,180,2,5
684,12,436,13,1,3,1,2,66,60,180,2,5
685,3,285,3,2,3,1,56,34,420,540,1,5
686,13,141,13,1,3,2,90,32,180,300,4,5
687,4,387,4,2,3,1,66,74,420,540,2,5
688,9,391,9,2,3,2,57,32,420,540,2,5
689,7,521,9,1,3,1,55,89,0,300,1,5
690,14,434,15,1,3,2,73,5,60,180,3,5
691,12,409,12,2,3,1,63,49,420,540,1,5
692,11,212,11,2,3,1,89,70,420,540,2,5
693,7,194,7,2,3,2,19,17,420,540,4,5
694,10,121,12,1,3,2,2,11,60,180,4,5
695,14,335,14,2,3,1,23,57,420,540,2,5
696,2,257,2,2,3,2,67,22,300,420,4,5
697,12,546,13,1,3,2,32,3,60,180,2,5
698,7,281,7,2,3,2,55,19,300,420,1,5
699,1,482,3,1,3,1,60,38,180,300,1,5
700,2,425,3,1,3,2,83,30,180,300,2,5
701,3,92,3,1,3,2,20,99,180,300,3,5
702,2,145,2,1,3,1,20,89,180,300,1,5
703,12,506,13,1,3,1,73,85,180,300,3,5
704,5,518,6,1,3,2,32,3,0,300,4,5
705,2,201,2,2,3,2,97,67,300,420,3,5
706,5,187,5,2,3,2,64,34,420,540,4,5
707,11,555,12,1,3,1,17,11,60,180,3,5
708,11,168,11,1,3,1,18,41,180,300,4,5
709,2,31,3,1,3,1,6,13,60,180,2,5
710,7,436,9,1,3,2,46,52,0,300,2,5
711,11,164,11,1,3,2,75,52,180,300,4,5
712,4,378,4,2,3,2,14,77,420,540,3,5
713,2,517,3,1,3,2,84,45,60,180,2,5
714,1,255,1,2,3,1,45,56,300,600,1,5
715,3,241,3,2,3,1,12,95,420,540,2,5
716,6,187,6,2,3,1,66,2,420,540,1,5
717,5,214,6,1,3,1,89,88,60,180,1,5
718,4,44,4,1,3,2,21,0,60,180,4,5
719,7,210,7,2,3,2,61,75,300,600,4,5
720,11,45,12,1,3,1,9,37,180,300,2,5
721,3,559,5,1,3,2,64,40,0,300,2,5
722,2,108,3,1,3,2,91,69,60,180,2,5
723,3,540,4,1,3,1,13,82,0,300,4,5
724,9,362,9,2,3,1,75,28,420,540,4,5
725,4,43,4,1,3,2,74,72,60,180,2,5
726,11,553,13,1,3,2,5,54,180,300,2,5
727,5,566,7,1,3,2,53,92,0,300,1,5
728,12,111,12,1,3,2,39,95,180,300,3,5
729,5,2,6,1,3,1,27,67,0,300,4,5
730,7,245,7,2,3,2,6,41,300,600,3,5
731,7,457,8,1,3,2,9,40,60,180,1,5
732,6,47,6,1,3,1,66,48,60,180,2,5
733,8,180,8,1,3,1,52,45,180,300,2,5
734,1,302,1,2,3,2,55,53,420,540,4,5
735,4,598,5,1,3,2,62,14,60,180,2,5
736,1,486,3,1,3,1,58,95,0,300,4,5
737,4,150,4,1,3,2,58,66,180,300,1,5
738,4,278,4,2,3,2,35,54,300,420,1,5
739,1,198,1,2,3,2,83,21,420,540,4,5
740,5,133,6,1,3,1,100,84,0,300,1,5
741,12,14,12,1,3,1,88,29,60,180,2,5
742,10,66,11,1,3,2,55,70,0,300,3,5
743,4,104,4,1,3,1,48,15,180,300,3,5
744,2,285,3,2,3,2,75,30,60,180,3,5
745,7,212,7,2,3,2,85,40,300,420,2,5
746,4,472,6,1,3,1,5,26,60,180,1,5
747,7,548,9,1,3,1,95,46,60,180,3,5
748,5,342,6,1,3,2,20,26,180,300,3,5
749,9,278,9,2,3,2,4,72,420,540,1,5
750,1,359,1,2,3,1,75,7,420,540,1,5
751,8,104,8,1,3,1,37,97,180,300,1,5
752,10,536,12,1,3,2,25,36,60,180,4,5
753,2,584,3,1,3,2,79,100,60,180,2,5
754,11,368,11,2,3,1,20,26,420,540,2,5
755,9,138,10,1,3,2,79,90,60,180,4,5
756,14,209,14,2,3,2,4,75,300,600,2,5
757,11,267,11,2,3,2,69,23,300,420,1,5
758,5,547,7,1,3,2,2,35,60,180,1,5
759,8,104,8,1,3,2,3,43,180,300,3,5
760,2,439,3,1,3,1,14,95,180,300,1,5
761,7,34,7,1,3,1,29,29,60,180,3,5
762,4,47,4,1,3,2,44,60,60,180,3,5
763,3,557,5,1,3,1,94,42,0,300,1,5
764,14,471,15,1,3,2,44,10,60,180,2,5
765,14,122,14,1,3,2,99,35,180,300,4,5
766,3,1,3,1,3,2,73,73,60,180,2,5
767,5,16,5,1,3,1,79,29,60,180,4,5
768,2,405,2,2,3,1,33,71,420,540,2,5
769,4,504,6,1,3,2,88,57,60,180,4,5
770,9,500,10,1,3,2,62,65,60,180,3,5
771,9,586,11,1,3,1,57,90,0,300,4,5
772,5,501,7,1,3,1,6,49,60,180,4,5
773,9,569,10,1,3,2,30,100,0,300,4,5
774,13,142,13,1,3,1,57,82,180,300,3,5
775,5,358,6,1,3,2,20,84,0,300,3,5
776,9,192,10,1,3,2,59,28,180,300,2,5
777,2,123,4,1,3,2,13,14,180,300,1,5
778,5,467,6,1,3,1,77,98,180,300,3,5
779,12,189,13,1,3,2,24,77,60,180,2,5
780,3,441,5,1,3,1,45,86,60,180,2,5
781,5,589,7,1,3,1,63,74,0,300,3,5
782,4,392,4,2,3,1,44,5,420,540,1,5
783,3,425,4,1,3,1,37,14,0,300,2,5
784,2,312,3,1,3,2,5,56,180,300,1,5
785,12,356,13,1,3,1,36,52,0,300,4,5
786,9,99,9,1,3,1,68,71,180,300,2,5
787,1,285,2,1,3,1,69,23,60,180,2,5
788,9,155,9,1,3,2,97,21,180,300,3,5
789,4,180,5,1,3,1,87,61,180,300,1,5
790,9,157,9,1,3,2,7,63,180,300,4,5
791,12,305,12,2,3,2,53,23,420,540,4,5
792,4,445,5,1,3,2,74,19,60,180,1,5
793,3,357,4,1,3,1,12,33,180,300,2,5
794,10,256,10,2,3,1,75,47,420,540,1,5
795,4,199,5,1,3,1,23,85,180,300,3,5
796,6,418,6,2,3,2,6,58,420,540,2,5
797,10,257,10,2,3,1,13,44,300,600,1,5
798,5,527,6,1,3,2,24,96,180,300,3,5
799,6,375,7,1,3,2,36,67,180,300,2,5
800,1,27,2,1,3,2,10,13,180,300,2,5
801,2,176,3,1,3,1,41,10,60,180,1,5
802,1,464,2,1,3,1,60,92,60,180,3,5
803,10,506,11,1,3,1,13,36,0,300,4,5
804,10,245,10,2,3,2,37,75,420,540,2,5
805,7,518,9,1,3,1,91,67,60,180,3,5
806,6,479,8,1,3,1,63,33,60,180,2,5
807,5,331,5,2,3,1,76,89,420,540,2,5
808,3,195,5,1,3,2,22,18,180,300,4,5
809,8,28,8,1,3,1,2,75,60,180,1,5
810,2,271,3,2,3,1,76,52,420,540,4,5
811,3,291,3,2,3,1,15,66,300,600,1,5
812,13,560,15,1,3,1,1,12,60,180,2,5
813,5,460,6,1,3,1,75,29,180,300,3,5
814,6,122,7,1,3,1,27,61,0,300,3,5
815,5,36,6,1,3,1,61,90,0,300,2,5
816,5,323,6,1,3,2,14,3,0,300,3,5
817,10,156,10,1,3,2,13,20,180,300,4,5
818,7,508,9,1,3,1,19,27,180,300,2,5
819,14,190,14,2,3,2,57,58,300,420,4,5
820,4,162,4,1,3,2,62,62,180,300,2,5
821,12,577,14,1,3,2,89,85,180,300,4,5
822,2,489,3,1,3,1,31,98,60,180,3,5
823,14,520,16,1,3,2,95,27,60,180,4,5
824,2,374,3,1,3,1,52,52,60,180,1,5
825,7,49,9,1,3,1,82,84,0,300,3,5
826,8,70,8,1,3,1,52,59,180,300,2,5
827,10,299,11,1,3,1,97,30,0,300,1,5
828,1,366,2,1,3,1,60,33,0,300,1,5
829,5,283,7,1,3,1,66,51,60,180,2,5
830,8,352,8,2,3,2,77,45,420,540,1,5
831,8,69,8,1,3,2,4,51,180,300,3,5
832,13,178,13,1,3,2,31,72,180,300,1,5
833,13,162,13,1,3,2,97,56,180,300,2,5
834,12,293,12,2,3,2,96,61,300,600,1,5
835,13,553,14,1,3,2,29,85,60,180,2,5
836,3,324,4,1,3,2,11,32,0,300,1,5
837,14,65,14,1,3,2,38,51,180,300,1,5
838,11,465,12,1,3,1,26,5,60,180,1,5
839,9,359,10,1,3,2,91,70,0,300,2,5
840,1,431,2,1,3,1,77,51,0,300,4,5
841,3,415,3,2,3,2,5,70,420,540,4,5
842,4,457,6,1,3,2,14,45,60,180,4,5
843,12,168,12,1,3,1,61,84,180,300,3,5
844,1,569,3,1,3,1,27,13,60,180,1,5
845,3,214,3,2,3,2,50,0,300,420,3,5
846,10,98,10,1,3,2,93,10,180,300,3,5
847,10,507,12,1,3,1,70,83,0,300,3,5
848,11,103,12,1,3,1,94,78,180,300,4,5
849,4,65,5,1,3,1,75,91,0,300,3,5
850,8,246,8,2,3,1,8,24,300,420,2,5
851,9,25,10,1,3,1,41,41,180,300,2,5
852,14,258,14,2,3,2,76,39,300,600,2,5
853,7,392,8,1,3,2,25,71,180,300,4,5
854,10,135,10,1,3,1,71,69,180,300,3,5
855,7,104,8,1,3,2,16,87,0,300,2,5
856,14,426,16,2,3,2,12,65,0,300,3,5
857,9,595,11,1,3,1,16,2,0,300,4,5
858,10,220,10,2,3,2,45,74,300,600,1,5
859,12,150,13,1,3,1,42,68,0,300,1,5
860,3,489,4,1,3,2,72,41,60,180,2,5
861,6,455,8,1,3,2,34,50,180,300,2,5
862,12,548,14,1,3,2,83,8,0,300,1,5
863,6,423,8,1,3,2,38,63,60,180,3,5
864,8,32,8,1,3,2,36,69,60,180,2,5
865,2,18,2,1,3,1,77,57,60,180,1,5
866,9,600,10,1,3,1,78,7,60,180,3,5
867,1,268,2,1,3,2,9,10,60,180,1,5
868,13,274,14,1,3,2,69,2,0,300,3,5
869,3,347,4,1,3,2,95,10,60,180,4,5
870,9,379,9,2,3,2,25,45,420,540,3,5
871,4,599,6,1,3,2,79,52,0,300,4,5
872,4,288,4,2,3,1,70,71,420,540,1,5
873,14,431,15,1,3,2,0,52,180,300,2,5
874,10,390,10,2,3,2,51,95,420,540,1,5
875,14,374,15,1,3,1,54,64,0,300,3,5
876,4,584,5,1,3,1,4,37,0,300,2,5
877,9,123,10,1,3,2,34,90,0,300,1,5
878,8,131,8,1,3,2,60,21,180,300,4,5
879,4,336,5,1,3,1,35,82,60,180,2,5
880,1,299,1,2,3,2,32,32,420,540,2,5
881,5,312,5,2,3,2,33,69,420,540,1,5
882,11,128,13,1,3,2,35,4,60,180,3,5
883,11,27,11,1,3,1,89,51,60,180,1,5
884,4,490,5,1,3,2,62,42,60,180,1,5
885,6,321,6,2,3,2,18,4,420,540,3,5
886,5,266,7,1,3,2,5,84,60,180,2,5
887,1,487,2,1,3,1,90,92,180,300,1,5
888,4,361,4,2,3,1,29,3,420,540,3,5
889,3,277,4,1,3,1,32,64,0,300,4,5
890,5,223,6,1,3,1,40,49,60,180,2,5
891,1,452,3,1,3,2,47,61,0,300,2,5
892,11,161,12,1,3,1,64,93,180,300,2,5
893,12,23,12,1,3,2,8,38,60,180,2,5
894,9,145,9,1,3,2,24,45,180,300,3,5
895,13,17,13,1,3,1,0,11,60,180,1,5
896,3,76,4,1,3,1,68,82,180,300,2,5
897,10,457,12,1,3,2,62,44,60,180,2,5
898,12,42,13,1,3,1,3,31,0,300,3,5
899,11,553,13,1,3,2,86,19,0,300,4,5
900,3,413,4,1,3,1,73,30,60,180,2,5
901,6,585,7,1,3,1,37,87,180,300,3,5
902,12,189,13,1,3,2,91,61,60,180,2,5
903,2,547,3,1,3,1,86,5,180,300,3,5
904,12,242,13,1,3,1,74,37,60,180,2,5
905,10,312,10,2,3,1,40,25,420,540,3,5
906,6,114,8,1,3,2,11,47,180,300,1,5
907,11,195,13,1,3,1,46,87,60,180,3,5
908,8,519,9,1,3,1,31,46,180,300,4,5
909,7,36,7,1,3,1,61,35,60,180,2,5
910,5,369,5,2,3,1,57,26,420,540,3,5
911,14,201,15,1,3,2,63,27,0,300,4,5
912,6,407,6,2,3,1,2,49,420,540,3,5
913,14,49,14,2,3,2,97,34,300,600,2,5
914,10,479,11,1,3,2,59,29,180,300,1,5
915,14,586,15,1,3,2,97,98,180,300,1,5
916,11,229,12,1,3,1,58,39,0,300,3,5
917,14,24,15,1,3,2,90,87,0,300,4,5
918,10,71,11,1,3,2,39,87,180,300,3,5
919,12,330,12,2,3,1,40,2,420,540,4,5
920,12,200,12,2,3,1,75,81,300,420,4,5
921,12,228,12,2,3,1,51,56,420,540,4,5
922,11,24,11,1,3,1,77,6,60,180,3,5
923,9,260,11,1,3,1,14,43,180,300,3,5
924,10,7,11,1,3,1,78,57,0,300,2,5
925,7,588,8,1,3,1,4,15,0,300,2,5
926,10,150,11,1,3,2,12,72,60,180,3,5
927,6,89,6,1,3,1,5,13,180,300,4,5
928,14,260,16,1,3,1,73,100,60,180,3,5
929,2,244,3,1,3,1,29,86,180,300,4,5
930,7,418,7,2,3,1,34,72,420,540,1,5
931,12,534,14,1,3,1,96,55,180,300,2,5
932,13,555,15,1,3,2,8,8,60,180,3,5
933,2,114,2,1,3,2,49,58,180,300,1,5
934,10,409,10,2,3,2,29,77,420,540,3,5
935,8,200,8,2,3,1,44,25,420,540,4,5
936,6,7,6,1,3,2,88,10,60,180,2,5
937,7,524,9,1,3,2,25,87,0,300,1,5
938,14,249,14,2,3,2,69,36,300,600,3,5
939,1,31,1,1,3,2,45,9,60,180,2,5
940,9,219,9,2,3,2,21,36,420,540,3,5
941,10,142,10,2,3,2,71,71,300,420,3,5
942,5,365,5,2,3,1,0,37,420,540,3,5
943,13,140,14,1,3,2,55,41,0,300,1,5
944,6,204,6,2,3,2,20,78,300,420,4,5
945,9,184,9,2,3,2,88,96,420,540,2,5
946,8,367,9,1,3,2,41,71,180,300,4,5
947,11,321,12,2,3,1,18,32,300,420,3,5
948,1,143,2,1,3,2,31,70,180,300,3,5
949,14,418,16,1,3,1,92,34,0,300,4,5
950,3,600,5,1,3,2,43,68,60,180,3,5
951,4,226,5,1,3,2,94,99,180,300,3,5
952,13,210,14,1,3,2,61,58,180,300,3,5
953,11,470,13,1,3,2,73,42,60,180,3,5
954,12,121,12,1,3,2,82,81,180,300,2,5
955,4,388,5,1,3,2,17,30,0,300,4,5
956,2,249,4,1,3,1,55,5,60,180,4,5
957,4,443,6,1,3,1,59,49,0,300,3,5
958,4,576,6,1,3,1,99,75,60,180,1,5
959,1,563,2,1,3,1,45,33,0,300,3,5
960,6,58,7,1,3,2,13,24,0,300,1,5
961,5,218,5,2,3,2,91,90,300,420,3,5
962,9,84,10,1,3,1,83,11,0,300,4,5
963,9,156,9,2,3,2,63,66,300,420,4,5
964,3,89,5,1,3,1,13,81,0,300,3,5
965,11,235,12,1,3,2,36,14,0,300,2,5
966,8,231,8,2,3,1,69,88,420,540,2,5
967,10,490,12,1,3,2,50,46,0,300,2,5
968,6,179,6,1,3,2,67,26,180,300,3,5
969,8,198,8,2,3,1,71,25,300,420,2,5
970,11,231,12,2,3,1,11,86,180,300,4,5
971,7,145,7,1,3,2,41,11,180,300,4,5
972,3,346,3,2,3,1,98,11,420,540,4,5
973,5,474,7,1,3,1,36,78,0,300,2,5
974,2,141,2,1,3,2,34,70,180,300,2,5
975,4,58,5,1,3,1,9,1,60,180,1,5
976,9,535,11,1,3,1,67,70,180,300,1,5
977,2,257,3,1,3,1,82,22,0,300,1,5
978,2,18,2,1,3,1,28,53,60,180,1,5
979,7,169,7,1,3,1,25,80,180,300,3,5
980,2,364,2,2,3,1,53,53,420,540,4,5
981,1,427,2,2,3,1,71,3,420,540,1,5
982,3,124,4,1,3,2,10,93,180,300,4,5
983,14,327,14,2,3,2,1,45,420,540,3,5
984,11,337,11,2,3,1,50,71,420,540,2,5
985,4,116,4,1,3,1,15,21,180,300,3,5
986,4,144,5,1,3,1,67,93,60,180,1,5
987,9,505,11,1,3,1,45,52,0,300,2,5
988,2,140,2,1,3,1,77,58,180,300,3,5
989,1,415,1,2,3,2,37,18,420,540,3,5
990,11,538,12,1,3,1,31,50,60,180,4,5
991,1,369,3,1,3,1,19,4,180,300,4,5
992,7,163,7,1,3,2,68,91,180,300,2,5
993,4,581,5,1,3,1,51,50,0,300,4,5
994,1,328,1,2,3,2,65,38,420,540,4,5
995,6,226,8,1,3,2,99,15,60,180,1,5
996,3,408,3,2,3,1,61,48,420,540,2,5
997,3,314,3,2,3,2,38,80,420,540,1,5
998,10,172,10,1,3,1,96,18,180,300,2,5
999,5,505,6,1,3,2,5,22,60,180,3,5
1000,2,201,2,2,3,1,94,11,300,600,1,5
1001,8,591,10,1,3,2,85,82,180,300,1,5
1002,13,367,14,1,3,1,0,62,0,300,2,5
1003,13,134,13,1,3,2,1,2,180,300,2,5
1004,14,367,14,2,3,1,30,46,420,540,3,5
1005,7,191,7,2,3,2,85,100,420,540,2,5
1006,10,43,11,1,3,2,67,53,180,300,3,5
1007,14,313,14,2,3,1,94,19,420,540,4,5
1008,2,272,2,2,3,1,3,3,300,420,1,5
1009,4,379,5,1,3,1,98,78,60,180,2,5
1010,14,339,14,2,3,1,38,94,420,540,2,5
1011,12,293,13,1,3,1,63,73,60,180,4,5
1012,4,346,4,2,3,1,50,65,420,540,2,5
1013,10,359,10,2,3,1,86,74,420,540,3,5
1014,2,14,2,1,3,1,82,80,60,180,1,5
1015,8,541,10,1,3,1,47,76,60,180,1,5
1016,11,438,13,1,3,2,73,26,60,180,4,5
1017,6,58,6,1,3,1,59,69,60,180,1,5
1018,14,55,14,1,3,2,11,60,60,180,4,5
1019,5,50,6,1,3,2,29,88,60,180,1,5
1020,6,83,6,1,3,2,73,38,180,300,2,5
1021,4,342,6,1,3,1,70,68,60,180,3,5
1022,5,295,5,2,3,2,12,44,420,540,3,5
1023,5,197,5,2,3,1,32,94,420,540,4,5
1024,7,278,7,2,3,2,70,64,300,600,1,5
1025,10,186,11,1,3,2,59,1,0,300,3,5
1026,11,261,12,1,3,1,64,76,0,300,4,5
1027,5,568,7,1,3,2,15,90,60,180,4,5
1028,11,453,12,1,3,2,13,33,60,180,4,5
1029,1,208,2,1,3,2,79,20,60,180,1,5
1030,1,148,2,1,3,1,60,9,180,300,4,5
1031,8,597,9,1,3,2,98,53,60,180,4,5
1032,13,593,14,1,3,1,13,21,60,180,4,5
1033,11,222,11,2,3,2,7,24,420,540,4,5
1034,2,374,2,2,3,1,45,68,420,540,4,5
1035,7,600,9,1,3,2,61,44,60,180,3,5
1036,1,514,3,1,3,1,87,69,60,180,1,5
1037,8,22,9,2,3,2,80,8,420,540,3,5
1038,1,590,3,1,3,2,95,78,180,300,2,5
1039,5,320,7,1,3,1,91,37,180,300,2,5
1040,1,356,2,1,3,1,6,89,60,180,3,5
1041,3,93,3,1,3,1,85,52,180,300,1,5
1042,8,412,9,1,3,1,41,31,180,300,4,5
1043,3,327,5,1,3,2,82,31,0,300,4,5
1044,13,335,14,1,3,2,85,21,180,300,4,5
1045,6,371,7,1,3,2,27,71,60,180,1,5
1046,11,577,12,1,3,2,60,53,180,300,3,5
1047,9,443,10,1,3,2,59,91,60,180,3,5
1048,14,139,16,1,3,1,72,37,0,300,3,5
1049,1,27,2,1,3,2,59,69,60,180,4,5
1050,10,442,12,1,3,1,49,87,60,180,1,5
1051,6,329,6,2,3,1,58,48,420,540,2,5
1052,10,116,11,1,3,2,68,1,180,300,4,5
1053,9,461,11,1,3,1,34,71,180,300,1,5
1054,7,600,8,1,3,1,90,53,0,300,2,5
1055,8,553,9,1,3,2,69,87,180,300,3,5
1056,6,414,7,1,3,2,25,57,180,300,3,5
1057,11,306,12,1,3,1,20,74,60,180,3,5
1058,6,414,6,2,3,1,67,53,420,540,1,5
1059,7,423,8,1,3,2,57,24,180,300,2,5
1060,4,187,4,2,3,2,43,48,300,420,4,5
1061,3,588,5,1,3,2,88,9,0,300,1,5
1062,9,200,9,2,3,1,26,49,420,540,1,5
1063,2,383,3,1,3,1,6,86,180,300,2,5
1064,2,376,3,2,3,2,64,45,180,300,3,5
1065,9,139,9,1,3,1,36,18,180,300,1,5
1066,10,441,12,1,3,2,42,64,180,300,3,5
1067,10,15,11,1,3,1,86,39,0,300,1,5
1068,1,251,3,1,3,1,52,51,0,300,1,5
1069,2,290,2,2,3,1,86,79,300,420,2,5
1070,4,554,6,1,3,1,80,89,0,300,2,5
1071,2,264,2,2,3,2,63,74,300,420,3,5
1072,2,522,4,1,3,1,60,90,0,300,2,5
1073,13,302,13,2,3,2,33,77,420,540,1,5
1074,1,337,1,2,3,1,23,14,420,540,1,5
1075,12,46,12,1,3,2,48,85,60,180,1,5
1076,11,244,12,1,3,2,83,77,60,180,2,5
1077,11,302,11,2,3,2,54,17,420,540,4,5
1078,12,355,13,1,3,1,45,97,0,300,3,5
1079,3,518,5,1,3,1,100,52,180,300,4,5
1080,4,405,4,2,3,1,53,69,420,540,3,5
1081,4,552,6,1,3,1,7,9,0,300,1,5
1082,5,598,6,1,3,2,52,15,180,300,1,5
1083,5,537,6,1,3,1,76,64,180,300,4,5
1084,4,423,5,1,3,2,56,27,180,300,3,5
1085,14,71,14,1,3,2,2,0,180,300,1,5
1086,11,298,12,1,3,1,30,44,60,180,2,5
1087,1,147,1,2,3,2,68,65,420,540,2,5
1088,7,17,8,1,3,2,36,27,180,300,2,5
1089,10,103,11,2,3,2,3,70,420,540,3,5
1090,10,538,11,1,3,1,39,93,60,180,4,5
1091,12,206,12,2,3,2,90,95,420,540,1,5
1092,4,89,5,1,3,1,12,55,0,300,2,5
1093,8,460,10,1,3,2,84,7,60,180,3,5
1094,5,342,5,2,3,2,66,93,420,540,1,5
1095,10,586,12,1,3,2,18,0,0,300,2,5
1096,3,207,4,1,3,2,22,21,180,300,4,5
1097,14,296,14,2,3,2,43,59,300,600,2,5
1098,13,575,14,1,3,1,8,37,60,180,2,5
1099,11,468,12,1,3,2,46,31,60,180,4,5
1100,7,288,7,2,3,1,26,76,420,540,4,5
1101,1,421,2,1,3,2,33,16,0,300,4,5
1102,10,73,10,1,3,2,44,7,180,300,1,5
1103,9,82,10,1,3,1,100,79,180,300,2,5
1104,14,222,14,2,3,1,21,87,300,600,1,5
1105,14,224,14,2,3,1,26,54,300,600,4,5
1106,14,5,14,1,3,1,68,80,60,180,3,5
1107,7,559,8,1,3,2,53,46,0,300,1,5
1108,1,299,1,2,3,2,44,28,420,540,3,5
1109,10,355,10,2,3,1,94,3,420,540,1,5
1110,9,150,9,2,3,2,61,44,300,420,3,5
1111,5,475,6,1,3,1,34,13,0,300,1,5
1112,10,348,11,1,3,1,75,47,180,300,3,5
1113,1,139,1,1,3,1,81,40,180,300,2,5
1114,10,421,12,1,3,1,53,99,0,300,1,5
1115,9,1,9,1,3,2,91,11,60,180,1,5
1116,4,491,6,1,3,2,78,17,180,300,3,5
1117,8,501,9,1,3,1,55,98,180,300,1,5
1118,4,590,6,1,3,2,97,47,180,300,3,5
1119,10,212,11,1,3,2,87,31,0,300,4,5
1120,8,589,9,1,3,2,17,29,60,180,3,5
1121,10,18,10,1,3,2,11,8,60,180,1,5
1122,2,455,4,1,3,2,11,86,180,300,4,5
1123,11,176,11,1,3,1,83,67,180,300,1,5
1124,13,328,13,2,3,2,17,53,420,540,3,5
1125,5,481,7,1,3,1,41,1,60,180,1,5
1126,3,346,4,1,3,2,43,81,0,300,1,5
1127,7,408,7,2,3,1,22,100,420,540,3,5
1128,2,155,2,1,3,1,5,98,180,300,2,5
1129,14,66,15,1,3,1,62,98,180,300,4,5
1130,2,250,3,1,3,1,100,69,180,300,3,5
1131,9,81,10,1,3,1,41,39,60,180,3,5
1132,10,415,11,1,3,1,93,92,60,180,3,5
1133,8,58,9,1,3,2,99,87,0,300,2,5
1134,5,460,6,1,3,2,25,37,0,300,3,5
1135,2,497,4,1,3,1,57,96,0,300,4,5
1136,12,458,14,1,3,2,79,100,60,180,3,5
1137,14,93,15,1,3,2,34,25,60,180,2,5
1138,9,188,9,2,3,1,46,96,300,600,1,5
1139,11,321,11,2,3,2,84,66,420,540,4,5
1140,5,598,7,1,3,2,70,37,180,300,4,5
1141,4,447,5,1,3,2,70,78,60,180,1,5
1142,1,410,2,1,3,2,23,22,180,300,3,5
1143,11,37,11,1,3,2,12,6,60,180,2,5
1144,10,179,10,1,3,2,19,17,180,300,3,5
1145,3,231,3,2,3,2,94,11,300,600,1,5
1146,6,512,7,1,3,1,49,33,180,300,4,5
1147,8,155,9,1,3,2,26,94,0,300,3,5
1148,7,416,7,2,3,1,11,72,420,540,3,5
1149,10,498,11,1,3,1,86,70,180,300,2,5
1150,9,270,9,2,3,2,96,52,300,600,4,5
1151,3,42,3,1,3,1,84,45,60,180,1,5
1152,10,270,12,1,3,1,18,6,180,300,2,5
1153,8,382,8,2,3,1,11,41,420,540,3,5
1154,13,50,13,1,3,1,76,53,60,180,1,5
1155,4,294,4,2,3,1,29,62,420,540,3,5
1156,3,112,3,1,3,1,96,9,180,300,4,5
1157,6,151,6,1,3,2,81,35,180,300,2,5
1158,13,18,14,1,3,1,69,63,180,300,2,5
1159,8,339,8,2,3,2,92,5,420,540,4,5
1160,9,564,11,1,3,2,12,59,60,180,4,5
1161,8,403,9,1,3,1,90,11,180,300,1,5
1162,8,477,10,1,3,2,94,38,180,300,1,5
1163,10,241,11,1,3,1,51,89,60,180,3,5
1164,5,171,6,1,3,1,80,89,180,300,1,5
1165,2,463,3,1,3,1,63,77,180,300,3,5
1166,9,406,10,1,3,2,0,66,60,180,2,5
1167,7,316,7,2,3,2,27,17,420,540,1,5
1168,2,194,2,2,3,1,18,73,300,420,2,5
1169,2,356,2,2,3,2,23,82,420,540,1,5
1170,11,59,11,1,3,1,26,31,60,180,3,5
1171,10,272,11,1,3,2,48,63,0,300,3,5
1172,13,589,15,1,3,2,91,32,60,180,4,5
1173,11,39,12,1,3,1,34,21,60,180,1,5
1174,4,433,5,1,3,2,83,95,180,300,4,5
1175,6,69,7,1,3,2,5,7,60,180,2,5
1176,6,25,7,1,3,1,84,16,180,300,1,5
1177,6,180,6,1,3,2,31,12,180,300,1,5
1178,6,550,8,1,3,2,23,73,60,180,3,5
1179,11,504,12,1,3,1,35,94,0,300,3,5
1180,8,244,9,1,3,2,56,90,60,180,2,5
1181,7,36,8,1,3,2,28,71,60,180,4,5
1182,6,245,7,1,3,2,69,14,0,300,4,5
1183,3,446,4,1,3,2,60,93,60,180,4,5
1184,14,464,15,1,3,1,40,8,60,180,1,5
1185,1,215,1,2,3,1,41,15,300,420,3,5
1186,10,455,12,1,3,2,64,90,0,300,1,5
1187,8,468,10,1,3,1,65,89,180,300,2,5
1188,4,141,4,1,3,1,99,100,180,300,2,5
1189,10,548,11,1,3,1,57,26,180,300,2,5
1190,3,456,4,1,3,2,47,49,60,180,3,5
1191,12,276,13,1,3,2,63,5,180,300,1,5
1192,8,571,9,1,3,2,49,78,180,300,2,5
1193,6,345,6,2,3,1,49,63,420,540,4,5
1194,3,137,4,1,3,2,57,61,60,180,3,5
1195,5,422,7,1,3,1,60,74,180,300,1,5
1196,12,295,13,1,3,2,27,3,180,300,4,5
1197,2,13,2,1,3,1,72,88,60,180,4,5
1198,3,110,3,1,3,1,55,98,180,300,3,5
1199,9,279,10,1,3,2,50,68,60,180,4,5
1200,1,575,3,1,3,1,94,35,180,300,2,5
1201,10,124,11,1,3,1,97,36,180,300,2,5
1202,9,269,10,1,3,1,24,64,0,300,2,5
1203,9,456,10,1,3,1,90,47,180,300,4,5
1204,3,440,4,1,3,2,66,66,60,180,3,5
1205,5,248,6,2,3,2,0,16,180,300,2,5
1206,5,467,7,1,3,2,1,27,180,300,4,5
1207,2,422,3,1,3,1,97,76,180,300,2,5
1208,6,511,7,1,3,2,88,17,0,300,4,5
1209,11,286,13,1,3,1,71,61,60,180,4,5
1210,11,104,11,1,3,1,34,94,180,300,3,5
1211,14,578,15,1,3,1,46,58,60,180,2,5
1212,5,200,5,2,3,2,68,44,420,540,2,5
1213,6,53,7,1,3,1,61,51,0,300,3,5
1214,13,83,13,1,3,2,89,8,180,300,1,5
1215,11,529,12,1,3,1,10,48,180,300,2,5
1216,10,282,10,2,3,1,27,30,300,600,4,5
1217,14,234,15,1,3,1,69,71,180,300,4,5
1218,4,393,5,1,3,2,78,29,60,180,3,5
1219,3,72,3,1,3,1,58,98,180,300,2,5
1220,11,227,12,1,3,1,90,12,0,300,2,5
1221,8,162,8,1,3,2,77,81,180,300,3,5
1222,3,337,3,2,3,2,54,28,420,540,3,5
1223,6,39,7,1,3,1,0,62,0,300,2,5
1224,5,379,5,2,3,2,5,61,420,540,1,5
1225,6,530,7,1,3,1,61,20,0,300,4,5
1226,9,490,11,2,3,1,82,99,300,600,4,5
1227,4,288,4,2,3,1,69,92,300,600,2,5
1228,13,430,15,1,3,2,43,11,180,300,2,5
1229,12,553,14,1,3,2,58,23,180,300,4,5
1230,10,13,10,1,3,2,29,85,60,180,4,5
1231,13,31,13,1,3,1,57,68,60,180,1,5
1232,10,531,12,1,3,2,51,28,60,180,2,5
1233,1,154,2,1,3,2,21,12,0,300,2,5
1234,11,110,11,1,3,1,26,48,180,300,4,5
1235,4,37,4,1,3,2,56,79,60,180,3,5
1236,6,185,7,1,3,1,19,30,0,300,1,5
1237,10,78,10,1,3,2,73,34,180,300,2,5
1238,7,306,8,1,3,2,29,82,180,300,1,5
1239,7,265,8,1,3,1,31,68,0,300,3,5
1240,9,576,10,1,3,1,23,16,180,300,2,5
1241,6,414,6,2,3,1,1,11,420,540,4,5
1242,12,435,14,1,3,1,100,48,60,180,2,5
1243,9,65,9,1,3,1,77,17,180,300,4,5
1244,7,440,9,1,3,2,47,95,180,300,4,5
1245,2,333,3,1,3,2,66,94,180,300,1,5
1246,1,46,1,1,3,2,82,8,60,180,1,5
1247,11,239,13,1,3,1,12,17,0,300,3,5
1248,3,263,3,2,3,2,1,30,300,420,1,5
1249,12,212,12,2,3,1,2,76,420,540,1,5
1250,13,292,13,2,3,2,72,58,300,420,2,5
1251,7,44,7,1,3,2,70,47,60,180,2,5
1252,9,27,10,1,3,1,82,47,180,300,2,5
1253,11,410,12,1,3,2,94,70,180,300,4,5
1254,2,303,2,2,3,2,96,65,420,540,1,5
1255,5,116,5,1,3,1,8,3,180,300,3,5
1256,13,402,13,2,3,1,0,32,420,540,1,5
1257,3,481,4,1,3,2,61,9,180,300,1,5
1258,3,165,4,1,3,2,0,37,0,300,4,5
1259,3,584,4,1,3,2,61,56,0,300,3,5
1260,13,328,14,1,3,1,64,65,60,180,4,5
1261,13,35,13,1,3,1,66,23,60,180,4,5
1262,8,107,9,1,3,1,73,17,180,300,3,5
1263,2,467,3,1,3,2,89,99,180,300,3,5
1264,8,489,9,1,3,2,30,69,60,180,2,5
1265,2,243,2,2,3,1,39,28,300,420,2,5
1266,7,466,8,1,3,1,30,47,60,180,4,5
1267,3,342,4,1,3,2,56,60,60,180,1,5
1268,8,337,8,2,3,1,15,72,420,540,4,5
1269,11,45,11,1,3,1,93,64,60,180,3,5
1270,4,350,4,2,3,1,7,4,420,540,1,5
1271,1,345,1,2,3,1,60,59,420,540,4,5
1272,1,395,3,1,3,1,19,95,0,300,1,5
1273,2,407,3,1,3,2,9,31,60,180,2,5
1274,7,303,8,1,3,1,31,59,180,300,1,5
1275,8,69,9,1,3,2,94,8,180,300,3,5
1276,8,78,8,1,3,1,26,37,180,300,2,5
1277,12,145,12,1,3,1,28,26,180,300,4,5
1278,14,296,14,2,3,2,77,31,420,540,4,5
1279,8,237,9,1,3,1,43,86,0,300,4,5
1280,4,360,4,2,3,2,11,6,420,540,2,5
1281,6,358,6,2,3,2,26,100,420,540,3,5
1282,12,157,13,1,3,2,54,26,60,180,4,5
1283,3,583,4,1,3,1,79,49,0,300,2,5
1284,13,581,15,1,3,1,83,94,60,180,2,5
1285,7,428,9,1,3,2,1,23,60,180,1,5
1286,8,85,8,1,3,2,36,9,180,300,1,5
1287,9,440,11,1,3,1,76,43,0,300,1,5
1288,11,393,12,1,3,2,13,55,180,300,4,5
1289,3,220,3,2,3,2,55,23,300,420,1,5
1290,6,219,6,2,3,1,5,51,300,600,1,5
1291,5,329,6,1,3,2,53,32,60,180,3,5
1292,5,459,6,1,3,2,95,59,0,300,4,5
1293,1,90,1,1,3,1,62,19,180,300,2,5
1294,5,49,5,1,3,2,55,4,60,180,1,5
1295,6,162,6,1,3,1,35,84,180,300,1,5
1296,10,356,10,2,3,1,23,64,420,540,4,5
1297,13,256,14,1,3,2,54,55,0,300,3,5
1298,11,579,13,1,3,2,96,76,0,300,1,5
1299,4,595,5,1,3,1,97,19,60,180,1,5
1300,6,277,6,2,3,2,35,28,300,600,1,5
1301,11,151,12,1,3,2,82,47,180,300,4,5
1302,14,567,15,1,3,1,79,98,0,300,1,5
1303,7,74,7,1,3,1,10,18,180,300,2,5
1304,11,503,13,1,3,1,77,98,0,300,2,5
1305,2,436,3,1,3,2,32,12,0,300,4,5
1306,2,386,3,1,3,1,74,9,60,180,4,5
1307,12,432,14,1,3,1,66,6,180,300,1,5
1308,3,254,3,2,3,1,56,14,300,600,2,5
1309,3,481,5,1,3,2,9,53,60,180,1,5
1310,7,301,8,1,3,1,89,68,60,180,2,5
1311,12,193,12,2,3,2,35,24,420,540,2,5
1312,13,139,13,1,3,1,99,34,180,300,3,5
1313,14,577,15,2,3,1,89,94,420,540,3,5
1314,10,299,10,2,3,2,39,96,300,600,2,5
1315,5,484,6,1,3,2,32,26,180,300,3,5
1316,2,4,2,1,3,1,58,25,60,180,2,5
1317,9,203,9,2,3,1,40,83,300,600,4,5
1318,8,218,8,2,3,2,46,11,300,420,2,5
1319,9,489,10,1,3,1,42,25,0,300,1,5
1320,14,204,15,1,3,1,66,46,60,180,3,5
1321,2,180,2,1,3,2,27,65,180,300,1,5
1322,10,486,11,1,3,1,81,72,0,300,2,5
1323,11,5,11,1,3,2,93,14,60,180,2,5
1324,8,197,8,2,3,2,53,92,420,540,1,5
1325,14,485,16,1,3,2,69,30,180,300,2,5
1326,10,506,12,1,3,2,23,92,0,300,3,5
1327,2,361,4,1,3,1,38,53,180,300,4,5
1328,9,140,10,1,3,2,48,45,180,300,2,5
1329,8,297,8,2,3,1,22,88,420,540,3,5
1330,11,466,12,1,3,1,59,61,180,300,4,5
1331,13,294,14,1,3,1,14,98,0,300,3,5
1332,1,23,1,1,3,2,64,76,60,180,1,5
1333,9,71,9,2,3,1,89,10,300,420,1,5
1334,11,155,12,2,3,2,47,56,420,540,4,5
1335,3,266,4,1,3,2,95,5,0,300,2,5
1336,2,576,3,1,3,2,52,97,180,300,2,5
1337,6,406,6,2,3,2,63,47,420,540,3,5
1338,13,459,14,1,3,1,18,34,0,300,4,5
1339,10,166,10,1,3,1,4,95,180,300,4,5
1340,11,383,11,2,3,2,81,100,420,540,4,5
1341,5,346,5,2,3,2,12,22,420,540,2,5
1342,6,151,8,1,3,1,5,97,60,180,4,5
1343,4,121,4,1,3,1,49,93,180,300,3,5
1344,5,83,6,1,3,2,43,32,0,300,3,5
1345,4,551,5,1,3,2,58,27,60,180,4,5
1346,3,162,4,1,3,1,93,96,180,300,2,5
1347,14,39,16,1,3,2,13,34,60,180,4,5
1348,12,200,13,1,3,2,56,4,0,300,2,5
1349,7,256,7,2,3,2,42,26,300,600,4,5
1350,8,237,8,2,3,2,96,49,420,540,3,5
1351,14,331,14,2,3,2,35,40,420,540,1,5
1352,10,45,11,1,3,1,51,93,0,300,1,5
1353,1,29,2,1,3,2,62,78,0,300,1,5
1354,13,17,14,1,3,1,1,54,180,300,3,5
1355,5,223,6,1,3,1,30,33,0,300,2,5
1356,12,562,13,1,3,1,66,31,60,180,2,5
1357,13,502,15,1,3,2,49,35,0,300,4,5
1358,6,456,8,2,3,2,2,38,420,540,2,5
1359,7,390,7,2,3,2,57,35,420,540,1,5
1360,2,253,3,1,3,1,17,19,60,180,3,5
1361,13,530,14,1,3,1,69,38,60,180,3,5
1362,1,462,2,1,3,2,58,55,60,180,4,5
1363,2,424,4,1,3,2,7,47,0,300,2,5
1364,5,281,5,2,3,1,3,93,300,420,2,5
1365,5,582,6,1,3,2,13,19,60,180,4,5
1366,8,13,8,1,3,2,1,61,60,180,1,5
1367,1,523,2,1,3,2,79,20,180,300,2,5
1368,14,390,14,2,3,2,91,92,420,540,4,5
1369,1,541,2,1,3,2,41,29,60,180,3,5
1370,6,351,7,1,3,2,45,30,60,180,2,5
1371,1,566,3,1,3,1,66,91,60,180,4,5
1372,3,37,3,1,3,1,23,6,60,180,2,5
1373,9,12,10,1,3,1,45,57,60,180,2,5
1374,7,63,7,1,3,1,55,16,180,300,2,5
1375,6,200,6,2,3,2,79,44,300,600,3,5
1376,9,292,9,2,3,2,62,40,420,540,1,5
1377,12,494,14,1,3,2,83,44,0,300,1,5
1378,4,124,4,1,3,2,11,48,180,300,3,5
1379,12,562,14,1,3,1,19,9,0,300,1,5
1380,9,420,10,1,3,2,40,30,180,300,4,5
1381,10,364,11,1,3,1,72,39,0,300,4,5
1382,10,59,11,1,3,2,43,88,0,300,1,5
1383,5,592,7,1,3,2,95,52,180,300,2,5
1384,1,171,2,1,3,2,59,10,180,300,1,5
1385,11,298,11,2,3,1,77,49,420,540,2,5
1386,14,173,14,1,3,2,87,80,180,300,1,5
1387,7,97,7,1,3,2,24,83,180,300,2,5
1388,10,418,11,1,3,2,87,33,0,300,1,5
1389,10,470,12,1,3,2,92,34,0,300,2,5
1390,3,184,5,1,3,1,0,73,0,300,1,5
1391,6,98,6,1,3,1,68,7,180,300,4,5
1392,5,319,5,2,3,2,42,13,420,540,2,5
1393,13,466,14,1,3,2,77,29,180,300,2,5
1394,6,182,7,1,3,1,83,40,180,300,4,5
1395,14,160,15,1,3,1,59,52,60,180,1,5
1396,4,353,5,1,3,1,27,76,180,300,2,5
1397,4,282,4,2,3,2,72,68,420,540,3,5
1398,1,398,2,1,3,2,61,71,0,300,4,5
1399,2,24,2,1,3,2,95,65,60,180,2,5
1400,8,384,9,1,3,1,83,64,0,300,2,5
1401,1,120,1,1,3,2,80,31,180,300,1,5
1402,11,41,11,1,3,2,59,33,60,180,3,5
1403,4,212,4,2,3,2,38,97,300,600,1,5
1404,6,307,6,2,3,2,1,14,420,540,3,5
1405,10,164,10,1,3,1,66,42,180,300,1,5
1406,5,35,5,1,3,2,51,21,60,180,4,5
1407,5,133,5,1,3,1,2,100,180,300,1,5
1408,11,503,13,1,3,1,96,18,60,180,3,5
1409,13,505,14,1,3,2,70,22,180,300,2,5
1410,14,493,15,1,3,1,27,9,180,300,2,5
1411,4,80,4,1,3,2,28,100,180,300,1,5
1412,6,354,6,2,3,1,68,36,420,540,4,5
1413,12,539,14,1,3,2,7,83,60,180,1,5
1414,9,193,9,2,3,2,32,20,420,540,3,5
1415,10,514,12,1,3,1,70,79,60,180,1,5
1416,6,195,6,2,3,2,11,32,420,540,3,5
1417,11,430,13,1,3,2,67,97,60,180,2,5
1418,14,457,16,1,3,2,77,36,180,300,1,5
1419,13,299,13,2,3,1,87,60,300,600,4,5
1420,2,385,2,2,3,2,45,87,420,540,2,5
1421,8,384,8,2,3,1,3,32,420,540,3,5
1422,4,17,6,1,3,2,86,90,0,300,2,5
1423,2,534,4,1,3,1,88,93,180,300,2,5
1424,7,251,8,1,3,2,17,13,0,300,3,5
1425,3,14,4,1,3,2,78,73,180,300,3,5
1426,13,444,14,1,3,1,17,66,180,300,1,5
1427,11,347,11,2,3,1,96,17,420,540,1,5
1428,10,74,10,1,3,1,84,68,180,300,2,5
1429,13,543,14,1,3,2,52,94,180,300,1,5
1430,11,576,13,1,3,2,97,21,0,300,2,5
1431,14,38,15,1,3,1,92,11,0,300,1,5
1432,4,167,4,1,3,2,81,29,180,300,3,5
1433,12,119,13,1,3,1,63,7,180,300,1,5
1434,6,584,7,1,3,2,55,36,60,180,2,5
1435,13,66,13,1,3,2,11,24,180,300,2,5
1436,13,252,13,2,3,2,49,14,300,600,4,5
1437,8,185,9,1,3,1,92,86,0,300,3,5
1438,8,356,8,2,3,1,77,52,420,540,1,5
1439,12,195,12,2,3,2,53,29,420,540,2,5
1440,5,153,5,1,3,1,22,46,180,300,2,5
1441,3,522,4,1,3,1,16,35,180,300,3,5
1442,14,567,15,1,3,2,0,40,0,300,1,5
1443,1,490,3,1,3,2,98,77,0,300,1,5
1444,1,56,1,1,3,2,65,92,60,180,2,5
1445,4,210,4,2,3,1,77,76,420,540,3,5
1446,7,598,9,1,3,1,66,27,0,300,2,5
1447,4,47,5,1,3,1,29,14,0,300,4,5
1448,6,419,7,1,3,1,79,51,180,300,2,5
1449,8,50,9,1,3,1,52,12,0,300,4,5
1450,13,569,14,1,3,2,79,60,60,180,3,5
1451,1,4,2,1,3,1,59,76,0,300,2,5
1452,6,332,7,1,3,2,88,75,0,300,1,5
1453,14,389,14,2,3,2,90,2,420,540,2,5
1454,7,248,8,1,3,2,56,71,60,180,1,5
1455,5,503,7,1,3,1,37,4,0,300,2,5
1456,10,49,10,1,3,1,69,22,60,180,1,5
1457,8,367,8,2,3,2,6,63,420,540,1,5
1458,1,152,1,1,3,1,16,53,180,300,1,5
1459,7,542,9,1,3,1,57,16,180,300,3,5
1460,5,53,5,2,3,1,85,43,0,300,1,5
1461,9,292,9,2,3,1,86,54,300,420,1,5
1462,13,576,14,1,3,1,6,70,60,180,3,5
1463,1,599,3,1,3,2,17,58,60,180,2,5
1464,4,295,4,2,3,1,91,23,300,600,3,5
1465,9,203,9,2,3,1,50,82,300,600,4,5
1466,7,397,7,2,3,1,68,2,420,540,3,5
1467,2,75,3,1,3,2,37,18,0,300,4,5
1468,12,454,14,1,3,2,41,87,0,300,2,5
1469,11,60,12,1,3,2,60,74,180,300,4,5
1470,7,95,7,1,3,2,41,78,180,300,1,5
1471,12,124,12,1,3,1,22,16,180,300,3,5
1472,10,7,11,1,3,2,74,27,0,300,3,5
1473,5,17,6,1,3,1,82,21,60,180,3,5
1474,6,426,8,1,3,1,72,99,0,300,4,5
1475,9,589,10,1,3,2,21,79,180,300,1,5
1476,10,180,10,2,3,1,96,13,180,300,1,5
1477,4,578,5,1,3,2,84,32,180,300,4,5
1478,10,48,10,1,3,2,82,12,60,180,2,5
1479,13,332,14,1,3,2,69,42,0,300,4,5
1480,8,519,9,1,3,2,47,67,60,180,2,5
1481,4,132,4,1,3,1,71,22,180,300,3,5
1482,11,71,12,1,3,1,72,86,180,300,4,5
1483,5,377,6,1,3,1,83,56,180,300,1,5
1484,1,477,3,1,3,2,60,81,60,180,3,5
1485,12,227,13,1,3,2,37,80,0,300,3,5
1486,10,291,10,2,3,1,27,59,420,540,3,5
1487,10,577,11,1,3,2,100,77,60,180,2,5
1488,11,244,12,1,3,2,73,42,180,300,2,5
1489,8,326,9,1,3,2,51,17,180,300,3,5
1490,12,233,12,2,3,1,65,22,420,540,4,5
1491,10,139,10,1,3,2,92,15,180,300,3,5
1492,4,17,4,1,3,2,48,98,60,180,4,5
1493,4,247,5,1,3,1,30,84,180,300,4,5
1494,8,332,9,1,3,2,99,36,0,300,3,5
1495,10,351,11,1,3,1,5,18,60,180,3,5
1496,10,60,10,1,3,1,58,90,180,300,3,5
1497,12,1,13,1,3,1,32,96,0,300,2,5
1498,11,80,11,1,3,2,11,53,180,300,2,5
1499,5,179,5,1,3,2,22,70,180,300,2,5
1500,2,63,2,1,3,2,72,10,180,300,4,5
1501,9,81,9,1,3,1,38,83,180,300,2,5
1502,14,468,16,1,3,1,76,26,60,180,4,5
1503,12,210,12,2,3,1,66,78,420,540,2,5
1504,13,441,15,1,3,2,17,74,60,180,4,5
1505,11,463,12,1,3,2,6,70,0,300,4,5
1506,10,199,11,1,3,2,62,39,0,300,4,5
1507,8,161,9,1,3,1,54,13,0,300,3,5
1508,7,550,8,1,3,2,87,70,0,300,4,5
1509,2,211,2,2,3,2,19,89,300,600,2,5
1510,8,435,9,1,3,1,34,96,60,180,4,5
1511,1,303,1,2,3,1,55,84,420,540,4,5
1512,7,276,7,2,3,1,21,21,300,420,1,5
1513,4,122,4,1,3,2,81,40,180,300,1,5
1514,12,207,14,1,3,2,22,81,60,180,1,5
1515,3,91,3,1,3,1,95,86,180,300,1,5
1516,10,337,12,1,3,1,6,57,60,180,1,5
1517,12,333,12,2,3,2,62,59,420,540,4,5
1518,14,480,15,1,3,2,16,24,0,300,3,5
1519,1,272,1,2,3,1,40,70,300,420,1,5
1520,4,462,6,1,3,1,17,65,60,180,4,5
1521,11,185,12,1,3,1,65,40,60,180,3,5
1522,7,2,7,1,3,1,56,0,60,180,3,5
1523,1,466,3,1,3,1,36,83,0,300,2,5
1524,7,309,7,2,3,1,46,93,420,540,4,5
1525,8,150,9,1,3,1,76,96,180,300,2,5
1526,3,27,3,1,3,2,74,49,60,180,3,5
1527,12,528,13,1,3,1,52,38,60,180,2,5
1528,10,195,10,2,3,2,23,2,300,420,2,5
1529,8,117,8,1,3,1,26,18,180,300,3,5
1530,10,308,11,1,3,2,62,15,180,300,3,5
1531,7,371,8,1,3,1,4,99,180,300,3,5
1532,13,421,14,1,3,1,64,66,0,300,4,5
1533,5,256,5,2,3,1,92,82,300,420,1,5
1534,5,302,5,2,3,2,66,86,420,540,2,5
1535,9,486,10,1,3,2,55,15,180,300,4,5
1536,12,258,13,1,3,2,7,17,0,300,3,5
1537,8,93,9,1,3,2,64,85,60,180,2,5
1538,11,383,11,2,3,1,33,71,420,540,3,5
1539,3,515,5,2,3,1,60,57,0,300,3,5
1540,6,4,6,1,3,2,37,4,60,180,4,5
1541,10,188,10,2,3,2,90,41,300,420,4,5
1542,6,568,8,1,3,2,4,92,60,180,1,5
1543,9,453,11,1,3,2,7,81,60,180,4,5
1544,3,332,4,1,3,1,100,44,60,180,2,5
1545,11,575,13,1,3,2,26,81,0,300,1,5
1546,4,362,4,2,3,1,80,1,420,540,2,5
1547,11,412,11,2,3,1,36,23,420,540,3,5
1548,6,365,7,1,3,2,74,4,0,300,4,5
1549,1,545,3,2,3,2,60,85,180,300,3,5
1550,5,555,7,1,3,2,25,3,180,300,3,5
1551,2,203,2,2,3,2,88,98,300,600,3,5
1552,4,547,5,1,3,2,32,43,0,300,2,5
1553,8,167,9,1,3,2,37,93,0,300,2,5
1554,7,585,8,1,3,1,39,77,180,300,1,5
1555,5,347,5,2,3,1,22,68,420,540,1,5
1556,8,271,8,2,3,2,79,98,420,540,4,5
1557,7,75,7,1,3,2,73,34,180,300,1,5
1558,7,386,7,2,3,2,50,12,420,540,4,5
1559,3,226,4,1,3,1,27,63,0,300,2,5
1560,13,402,13,2,3,1,35,10,420,540,3,5
1561,12,398,12,2,3,1,6,55,420,540,4,5
1562,13,82,13,1,3,1,55,1,180,300,3,5
1563,3,87,3,1,3,1,98,3,180,300,4,5
1564,12,573,13,1,3,1,65,60,0,300,4,5
1565,5,270,5,2,3,2,93,19,300,420,2,5
1566,8,181,10,1,3,1,92,85,60,180,3,5
1567,9,216,9,2,3,2,6,65,300,420,2,5
1568,6,310,7,1,3,2,75,45,60,180,4,5
1569,1,306,2,1,3,2,84,22,0,300,1,5
1570,3,281,5,1,3,1,24,7,60,180,4,5
1571,5,382,5,2,3,1,99,96,420,540,3,5
1572,11,593,12,1,3,1,68,43,0,300,1,5
1573,6,76,7,1,3,2,3,46,180,300,3,5
1574,9,582,10,1,3,2,81,68,0,300,2,5
1575,3,354,3,2,3,1,62,35,420,540,2,5
1576,5,554,6,1,3,2,15,37,60,180,1,5
1577,13,283,13,2,3,1,0,82,420,540,2,5
1578,11,356,13,1,3,2,42,39,180,300,4,5
1579,12,208,12,2,3,1,71,84,300,600,1,5
1580,10,406,10,2,3,1,23,57,420,540,4,5
1581,6,111,7,1,3,2,10,53,60,180,1,5
1582,6,31,7,1,3,1,13,62,180,300,3,5
1583,4,507,6,1,3,2,28,77,180,300,3,5
1584,11,355,12,1,3,1,56,32,0,300,2,5
1585,10,549,12,1,3,1,6,99,180,300,3,5
1586,13,316,13,2,3,2,88,48,420,540,2,5
1587,2,250,3,1,3,1,49,66,60,180,1,5
1588,12,33,14,1,3,2,1,46,0,300,4,5
1589,14,172,15,1,3,1,91,4,180,300,4,5
1590,2,357,3,1,3,2,55,23,60,180,4,5
1591,8,311,10,1,3,2,86,92,0,300,2,5
1592,9,517,11,1,3,1,14,85,180,300,4,5
1593,2,152,2,1,3,1,14,97,180,300,4,5
1594,10,220,10,2,3,1,37,92,420,540,4,5
1595,11,446,13,1,3,1,73,53,60,180,1,5
1596,6,210,6,2,3,2,48,80,420,540,1,5
1597,5,461,6,1,3,2,97,78,60,180,1,5
1598,6,322,7,1,3,2,32,15,60,180,4,5
1599,5,251,5,2,3,2,67,72,300,600,3,5
1600,12,28,12,1,3,2,68,58,60,180,4,5
1601,11,353,12,1,3,2,82,86,60,180,4,5
1602,10,303,10,2,3,1,34,9,420,540,3,5
1603,7,285,8,1,3,2,5,77,180,300,3,5
1604,2,202,3,1,3,1,100,15,0,300,1,5
1605,8,29,8,1,3,1,41,93,60,180,4,5
1606,9,344,10,1,3,2,13,33,180,300,4,5
1607,9,487,10,1,3,2,60,19,0,300,4,5
1608,6,320,6,2,3,2,54,4,420,540,1,5
1609,2,107,2,1,3,2,23,42,180,300,2,5
1610,10,563,11,1,3,1,60,39,180,300,3,5
1611,1,419,1,2,3,1,58,17,420,540,1,5
1612,9,368,10,2,3,1,70,23,420,540,3,5
1613,12,469,13,1,3,2,49,21,0,300,2,5
1614,6,548,8,1,3,1,23,35,0,300,3,5
1615,11,493,13,1,3,2,42,100,0,300,2,5
1616,12,87,13,1,3,2,36,37,60,180,4,5
1617,1,119,1,1,3,1,65,93,180,300,4,5
1618,13,242,13,2,3,1,38,23,300,600,3,5
1619,9,546,10,1,3,1,49,74,60,180,4,5
1620,7,290,8,1,3,1,64,30,60,180,1,5
1621,6,563,8,1,3,1,76,82,0,300,2,5
1622,2,349,2,2,3,2,88,24,420,540,1,5
1623,14,418,15,1,3,2,0,32,60,180,4,5
1624,13,264,13,2,3,1,84,67,420,540,4,5
1625,5,189,7,1,3,1,64,71,0,300,4,5
1626,3,52,4,1,3,2,3,63,60,180,3,5
1627,8,307,8,2,3,2,91,30,420,540,1,5
1628,4,505,5,1,3,1,6,6,180,300,1,5
1629,12,568,13,1,3,1,31,58,0,300,1,5
1630,9,88,10,1,3,2,83,9,0,300,3,5
1631,7,467,9,1,3,2,28,14,60,180,1,5
1632,11,97,11,1,3,2,2,59,180,300,2,5
1633,6,139,6,1,3,1,9,99,180,300,3,5
1634,13,551,14,1,3,2,41,87,0,300,3,5
1635,4,209,5,1,3,1,50,33,180,300,3,5
1636,11,83,11,1,3,1,83,85,180,300,3,5
1637,12,195,12,2,3,1,23,76,300,600,3,5
1638,2,72,2,1,3,2,35,29,180,300,2,5
1639,10,347,10,2,3,1,51,75,420,540,3,5
1640,4,114,4,1,3,1,31,39,180,300,1,5
1641,4,144,4,1,3,1,6,37,180,300,2,5
1642,12,117,12,1,3,2,10,16,180,300,2,5
1643,13,347,13,2,3,2,66,51,420,540,1,5
1644,6,176,6,1,3,1,16,14,180,300,2,5
1645,10,476,11,1,3,2,4,32,0,300,1,5
1646,3,292,3,2,3,2,60,68,420,540,1,5
1647,14,468,16,1,3,1,52,54,0,300,2,5
1648,9,268,9,2,3,1,18,85,300,600,2,5
1649,3,183,4,1,3,1,19,2,60,180,2,5
1650,11,543,13,1,3,1,13,47,60,180,2,5
1651,11,5,11,1,3,2,69,80,60,180,3,5
1652,13,575,14,1,3,2,37,76,0,300,3,5
1653,11,211,12,1,3,2,38,1,60,180,3,5
1654,8,489,9,1,3,2,11,92,60,180,1,5
1655,5,554,7,1,3,2,27,31,60,180,3,5
1656,4,168,5,1,3,2,0,94,0,300,4,5
1657,6,280,6,2,3,2,82,0,420,540,2,5
1658,9,63,10,1,3,1,22,81,0,300,3,5
1659,8,250,8,2,3,1,62,17,300,600,4,5
1660,12,165,12,1,3,2,44,19,180,300,2,5
1661,4,403,5,1,3,2,48,78,180,300,3,5
1662,9,157,9,1,3,2,66,75,180,300,2,5
1663,13,573,15,1,3,2,66,13,180,300,1,5
1664,13,96,13,1,3,2,24,63,180,300,2,5
1665,3,115,4,1,3,2,16,50,180,300,2,5
1666,11,32,12,1,3,2,6,54,0,300,2,5
1667,6,150,6,1,3,2,63,10,180,300,1,5
1668,1,7,1,1,3,2,47,62,60,180,3,5
1669,3,84,4,1,3,1,96,66,0,300,1,5
1670,2,76,2,1,3,2,34,72,180,300,4,5
1671,1,564,2,1,3,2,89,53,60,180,4,5
1672,7,172,8,1,3,1,26,22,180,300,3,5
1673,12,200,12,2,3,2,29,70,420,540,1,5
1674,11,482,13,1,3,1,57,45,180,300,3,5
1675,6,180,6,1,3,2,92,32,180,300,4,5
1676,1,19,1,1,3,1,18,0,60,180,2,5
1677,1,580,2,1,3,2,70,58,60,180,3,5
1678,1,553,3,1,3,2,30,28,60,180,4,5
1679,6,54,8,1,3,1,33,93,60,180,3,5
1680,4,158,5,1,3,1,87,25,0,300,3,5
1681,9,226,9,2,3,2,13,44,420,540,3,5
1682,12,306,12,2,3,2,83,17,420,540,2,5
1683,13,332,14,1,3,2,83,57,60,180,1,5
1684,8,159,9,1,3,1,53,72,180,300,3,5
1685,6,320,6,2,3,1,5,61,420,540,2,5
1686,6,392,7,1,3,1,5,83,60,180,4,5
1687,1,365,2,1,3,2,59,24,60,180,3,5
1688,3,307,3,2,3,2,66,14,420,540,1,5
1689,8,186,9,1,3,1,96,35,0,300,4,5
1690,1,259,1,2,3,1,97,73,300,420,4,5
1691,1,4,1,1,3,1,81,42,60,180,2,5
1692,8,503,9,1,3,2,25,43,180,300,3,5
1693,6,553,8,1,3,1,0,11,180,300,4,5
1694,1,292,2,1,3,2,7,63,60,180,1,5
1695,1,107,2,1,3,2,30,59,60,180,1,5
1696,6,573,7,1,3,1,1,16,180,300,4,5
1697,4,159,4,2,3,1,28,87,180,300,4,5
1698,12,290,14,1,3,2,43,46,0,300,4,5
1699,14,592,16,1,3,2,49,83,60,180,2,5
1700,10,561,11,1,3,2,34,49,60,180,1,5
1701,7,81,7,1,3,2,58,98,180,300,3,5
1702,6,119,7,1,3,2,71,66,180,300,3,5
1703,1,136,1,1,3,1,22,1,180,300,1,5
1704,6,500,7,2,3,2,7,7,60,180,1,5
1705,5,27,6,1,3,2,32,91,180,300,4,5
1706,2,206,2,2,3,2,50,56,300,600,1,5
1707,8,42,8,1,3,2,86,30,60,180,2,5
1708,4,292,5,1,3,1,12,4,60,180,1,5
1709,2,513,4,1,3,2,74,71,0,300,2,5
1710,8,229,8,2,3,1,67,27,420,540,1,5
1711,7,520,8,1,3,1,83,76,180,300,3,5
1712,7,134,8,1,3,2,11,73,0,300,2,5
1713,2,28,3,1,3,2,7,32,180,300,2,5
1714,11,37,11,1,3,2,27,6,60,180,1,5
1715,2,338,3,1,3,2,85,23,0,300,2,5
1716,1,425,3,1,3,1,98,39,60,180,3,5
1717,8,73,8,1,3,1,27,12,180,300,2,5
1718,1,488,3,1,3,1,17,30,180,300,3,5
1719,6,558,7,1,3,1,11,61,60,180,4,5
1720,12,536,14,1,3,2,99,97,180,300,1,5
1721,8,93,10,1,3,1,57,45,60,180,3,5
1722,2,168,3,1,3,1,50,78,0,300,4,5
1723,3,350,3,2,3,1,48,77,420,540,2,5
1724,4,595,6,1,3,1,14,20,60,180,4,5
1725,13,486,15,1,3,2,19,71,180,300,1,5
1726,9,301,10,1,3,1,72,20,60,180,4,5
1727,13,290,13,2,3,1,88,25,420,540,1,5
1728,9,145,10,1,3,2,39,14,180,300,1,5
1729,1,26,2,1,3,1,48,79,60,180,1,5
1730,10,147,10,1,3,2,69,31,180,300,4,5
1731,8,133,9,1,3,2,79,93,0,300,2,5
1732,5,274,6,1,3,1,31,98,180,300,2,5
1733,11,231,12,1,3,2,83,64,180,300,3,5
1734,9,419,9,2,3,2,100,68,420,540,1,5
1735,4,186,5,1,3,1,10,60,180,300,4,5
1736,1,281,1,2,3,2,62,11,300,420,2,5
1737,3,514,5,1,3,2,97,43,180,300,4,5
1738,9,267,9,2,3,2,97,16,420,540,4,5
1739,10,349,11,1,3,1,41,97,180,300,2,5
1740,4,163,5,1,3,2,41,95,60,180,2,5
1741,3,576,5,1,3,2,14,15,60,180,3,5
1742,3,397,3,2,3,1,31,44,420,540,1,5
1743,10,235,11,1,3,2,54,31,60,180,2,5
1744,7,134,7,1,3,2,73,73,180,300,1,5
1745,10,292,10,2,3,2,75,22,420,540,3,5
1746,6,268,7,1,3,1,69,5,180,300,3,5
1747,11,304,12,1,3,1,45,72,180,300,4,5
1748,5,286,6,1,3,2,71,14,60,180,2,5
1749,10,421,12,1,3,1,9,70,0,300,1,5
1750,7,6,8,1,3,2,63,16,0,300,4,5
1751,13,563,14,1,3,2,20,68,0,300,4,5
1752,13,413,13,2,3,1,90,45,420,540,3,5
1753,10,218,10,2,3,2,21,29,420,540,3,5
1754,8,402,8,2,3,1,25,12,420,540,2,5
1755,8,397,9,1,3,1,56,98,0,300,3,5
1756,13,457,14,1,3,1,65,70,0,300,4,5
1757,3,117,3,1,3,2,83,80,180,300,2,5
1758,9,584,10,1,3,2,77,87,0,300,2,5
1759,2,9,2,1,3,2,43,65,60,180,1,5
1760,6,180,6,1,3,1,39,35,180,300,4,5
1761,13,542,14,1,3,2,34,30,0,300,4,5
1762,2,308,2,2,3,2,57,83,420,540,3,5
1763,11,117,11,1,3,1,79,50,180,300,4,5
1764,13,477,15,1,3,2,62,79,0,300,1,5
1765,9,553,11,1,3,1,0,69,180,300,2,5
1766,5,124,6,1,3,2,41,78,60,180,2,5
1767,8,4,9,2,3,2,68,24,60,180,4,5
1768,4,562,5,1,3,2,83,35,180,300,4,5
1769,6,520,8,1,3,1,42,27,180,300,2,5
1770,10,11,10,1,3,2,63,31,60,180,2,5
1771,13,141,14,1,3,2,41,82,0,300,2,5
1772,10,416,10,2,3,1,65,32,420,540,4,5
1773,4,183,4,2,3,2,0,28,300,600,1,5
1774,3,63,4,1,3,2,74,49,180,300,2,5
1775,6,333,6,2,3,2,11,26,420,540,4,5
1776,9,442,11,1,3,1,48,97,0,300,2,5
1777,8,393,8,2,3,2,26,5,420,540,2,5
1778,10,470,12,1,3,1,42,32,180,300,1,5
1779,2,135,2,1,3,1,31,93,180,300,1,5
1780,9,364,9,2,3,2,65,0,420,540,1,5
1781,10,521,12,1,3,2,62,76,180,300,4,5
1782,4,340,4,2,3,2,72,15,420,540,1,5
1783,14,597,16,1,3,2,65,60,0,300,1,5
1784,3,420,3,2,3,2,56,77,420,540,4,5
1785,3,352,3,2,3,2,22,89,420,540,1,5
1786,10,81,10,1,3,1,75,27,180,300,3,5
1787,11,276,12,1,3,1,92,27,0,300,2,5
1788,8,309,8,2,3,1,9,22,420,540,3,5
1789,10,185,10,2,3,2,57,17,300,600,4,5
1790,7,141,8,1,3,1,67,100,60,180,1,5
1791,6,270,7,1,3,2,7,79,0,300,3,5
1792,5,411,5,2,3,1,67,38,420,540,3,5
1793,13,278,15,1,3,2,22,15,60,180,2,5
1794,14,559,16,1,3,1,4,44,60,180,2,5
1795,8,384,8,2,3,2,75,95,420,540,3,5
1796,14,540,15,1,3,2,55,57,180,300,3,5
1797,9,127,10,1,3,2,99,33,60,180,1,5
1798,7,418,7,2,3,2,15,47,420,540,2,5
1799,13,123,14,1,3,2,44,43,0,300,1,5
1800,11,94,11,1,3,1,51,5,180,300,3,5
1801,3,272,3,2,3,1,83,17,300,600,2,5
1802,12,323,13,1,3,1,38,3,60,180,3,5
1803,12,437,13,2,3,2,47,37,180,300,2,5
1804,8,160,9,1,3,1,80,85,0,300,2,5
1805,8,117,8,1,3,2,29,46,180,300,3,5
1806,1,243,2,1,3,1,22,71,60,180,1,5
1807,12,149,12,1,3,1,79,10,180,300,3,5
1808,7,76,7,1,3,1,98,30,180,300,4,5
1809,8,367,8,2,3,1,96,41,420,540,3,5
1810,2,446,3,1,3,2,98,4,180,300,1,5
1811,8,514,9,1,3,1,74,76,180,300,4,5
1812,6,25,7,1,3,1,24,86,60,180,2,5
1813,3,267,4,1,3,2,90,67,60,180,4,5
1814,13,146,14,1,3,1,81,72,180,300,3,5
1815,5,488,7,1,3,2,37,15,180,300,1,5
1816,13,401,14,1,3,1,77,55,180,300,3,5
1817,4,229,4,2,3,2,47,95,420,540,1,5
1818,14,370,15,1,3,2,99,85,60,180,4,5
1819,4,583,5,1,3,2,73,82,180,300,4,5
1820,2,357,2,2,3,1,39,94,420,540,4,5
1821,13,525,15,1,3,2,97,78,180,300,3,5
1822,10,196,10,2,3,1,10,85,420,540,3,5
1823,6,244,6,2,3,1,88,7,300,600,1,5
1824,8,491,9,1,3,1,41,57,60,180,1,5
1825,1,36,1,1,3,2,55,6,60,180,3,5
1826,8,436,10,1,3,1,16,79,0,300,2,5
1827,8,541,9,1,3,2,62,29,180,300,4,5
1828,7,262,7,2,3,2,45,77,300,600,3,5
1829,14,74,14,1,3,2,4,63,180,300,3,5
1830,13,449,15,1,3,2,2,57,0,300,1,5
1831,5,582,7,1,3,2,56,51,0,300,4,5
1832,6,41,7,1,3,2,87,89,60,180,1,5
1833,7,141,9,1,3,2,57,12,60,180,4,5
1834,9,64,10,1,3,1,4,28,60,180,4,5
1835,3,85,3,1,3,2,75,61,180,300,4,5
1836,2,53,3,1,3,2,31,89,60,180,2,5
1837,3,592,5,1,3,2,49,13,180,300,2,5
1838,14,501,16,1,3,2,71,44,0,300,3,5
1839,11,545,12,1,3,2,64,74,60,180,2,5
1840,6,334,6,2,3,1,65,8,420,540,3,5
1841,8,21,8,1,3,1,43,84,60,180,4,5
1842,8,480,10,1,3,2,72,69,60,180,3,5
1843,8,524,9,1,3,1,83,74,60,180,2,5
1844,14,513,16,1,3,1,4,1,180,300,1,5
1845,9,589,11,1,3,1,64,58,60,180,4,5
1846,14,114,14,1,3,2,18,36,180,300,1,5
1847,10,124,10,1,3,1,2,56,180,300,2,5
1848,11,109,13,1,3,1,50,21,180,300,3,5
1849,8,176,8,1,3,2,84,43,180,300,1,5
1850,1,363,2,1,3,1,13,77,180,300,2,5
1851,4,26,5,1,3,1,94,54,180,300,3,5
1852,11,269,11,2,3,2,43,32,420,540,3,5
1853,3,281,4,1,3,2,77,31,60,180,1,5
1854,6,201,7,1,3,2,7,4,60,180,4,5
1855,5,10,6,1,3,1,68,16,180,300,2,5
1856,10,132,10,1,3,1,55,82,180,300,2,5
1857,13,123,13,1,3,2,23,96,180,300,2,5
1858,14,170,15,1,3,2,38,79,180,300,2,5
1859,3,116,4,1,3,1,90,1,180,300,1,5
1860,10,560,12,1,3,1,9,21,180,300,2,5
1861,10,87,11,1,3,2,14,48,60,180,2,5
1862,6,155,8,1,3,2,77,38,60,180,1,5
1863,14,589,15,1,3,1,37,86,0,300,3,5
1864,13,94,14,1,3,1,89,5,0,300,4,5
1865,10,172,11,2,3,2,92,76,300,600,1,5
1866,6,391,7,1,3,1,82,46,0,300,4,5
1867,1,582,2,1,3,2,68,30,180,300,1,5
1868,13,169,13,1,3,1,19,100,180,300,2,5
1869,9,70,9,1,3,2,29,6,180,300,3,5
1870,6,444,8,1,3,1,75,61,60,180,2,5
1871,11,399,12,1,3,1,69,4,0,300,3,5
1872,7,511,8,1,3,2,95,87,180,300,2,5
1873,2,15,3,1,3,1,40,16,60,180,4,5
1874,4,139,4,1,3,1,60,46,180,300,3,5
1875,7,431,8,1,3,2,86,49,60,180,2,5
1876,12,306,12,2,3,2,11,67,420,540,1,5
1877,2,567,4,1,3,1,50,96,180,300,2,5
1878,6,9,7,1,3,1,48,95,60,180,3,5
1879,13,216,13,2,3,1,37,18,420,540,2,5
1880,6,63,6,2,3,2,63,0,300,600,3,5
1881,8,102,9,1,3,1,46,8,0,300,1,5
1882,3,144,3,1,3,1,79,9,180,300,1,5
1883,4,512,5,1,3,1,26,78,60,180,4,5
1884,1,228,1,2,3,2,69,31,420,540,4,5
1885,14,569,16,1,3,1,61,27,180,300,3,5
1886,6,196,6,2,3,1,19,33,300,420,2,5
1887,2,440,3,1,3,1,4,27,0,300,4,5
1888,13,323,14,1,3,1,15,1,0,300,3,5
1889,6,315,7,1,3,2,32,26,180,300,1,5
1890,11,292,11,2,3,2,73,21,420,540,3,5
1891,13,384,13,2,3,1,61,21,420,540,4,5
1892,14,395,14,2,3,2,14,50,420,540,4,5
1893,10,476,12,1,3,1,12,83,60,180,2,5
1894,1,58,3,1,3,1,47,56,0,300,3,5
1895,7,306,7,2,3,2,87,20,420,540,1,5
1896,3,14,4,1,3,2,86,67,60,180,2,5
1897,13,331,13,2,3,2,100,9,420,540,2,5
1898,10,338,10,2,3,1,11,89,420,540,2,5
1899,2,248,2,2,3,1,92,66,300,420,1,5
1900,5,448,6,1,3,1,77,9,180,300,2,5
1901,2,114,2,1,3,1,57,87,180,300,4,5
1902,8,328,9,1,3,1,22,89,180,300,4,5
1903,8,483,10,1,3,1,49,39,180,300,3,5
1904,11,49,11,2,3,2,94,67,300,420,2,5
1905,3,20,3,1,3,2,48,86,60,180,1,5
1906,3,309,4,1,3,2,61,45,0,300,4,5
1907,4,118,5,1,3,2,15,73,0,300,2,5
1908,3,95,4,1,3,1,15,83,60,180,1,5
1909,6,183,7,1,3,1,56,34,60,180,3,5
1910,8,472,9,1,3,2,8,45,60,180,2,5
1911,13,5,13,1,3,2,88,72,60,180,2,5
1912,5,471,7,1,3,1,3,25,180,300,2,5
1913,8,379,10,1,3,1,77,54,180,300,4,5
1914,5,563,7,1,3,1,5,61,0,300,1,5
1915,5,172,5,1,3,1,60,51,180,300,2,5
1916,4,589,5,1,3,1,84,27,60,180,2,5
1917,5,125,7,1,3,1,10,57,180,300,4,5
1918,11,418,11,2,3,2,60,13,420,540,3,5
1919,12,569,13,1,3,1,32,35,180,300,4,5
1920,11,260,12,1,3,1,13,74,60,180,2,5
1921,3,508,4,1,3,1,5,47,180,300,4,5
1922,14,277,14,2,3,2,85,50,420,540,2,5
1923,11,448,13,2,3,1,28,6,300,420,1,5
1924,8,149,8,1,3,1,55,65,180,300,4,5
1925,6,548,7,1,3,2,88,26,0,300,4,5
1926,5,167,5,1,3,1,42,90,180,300,3,5
1927,9,380,10,1,3,2,26,21,0,300,1,5
1928,10,356,10,2,3,2,43,76,420,540,2,5
1929,12,157,13,1,3,2,43,0,60,180,2,5
1930,2,207,2,2,3,1,73,64,420,540,4,5
1931,7,81,7,1,3,2,80,52,180,300,1,5
1932,8,123,8,1,3,2,89,18,180,300,2,5
1933,10,149,10,1,3,2,26,48,180,300,1,5
1934,4,48,4,1,3,1,83,86,60,180,4,5
1935,1,380,1,2,3,2,79,92,420,540,3,5
1936,1,78,1,1,3,1,0,45,180,300,2,5
1937,1,487,3,1,3,1,32,26,60,180,3,5
1938,12,599,14,2,3,1,43,88,0,300,4,5
1939,14,232,14,2,3,1,50,33,420,540,4,5
1940,9,1,9,1,3,2,53,47,60,180,1,5
1941,6,111,7,1,3,2,6,4,180,300,1,5
1942,4,3,4,1,3,2,77,32,60,180,4,5
1943,1,16,2,1,3,2,48,50,60,180,1,5
1944,9,115,9,1,3,1,36,58,180,300,4,5
1945,14,159,14,1,3,1,20,18,180,300,3,5
1946,2,120,3,1,3,1,29,70,60,180,2,5
1947,6,379,6,2,3,2,76,13,420,540,3,5
1948,13,478,15,1,3,2,23,9,0,300,1,5
1949,1,369,2,1,3,2,34,44,180,300,4,5
1950,6,99,7,1,3,1,71,100,60,180,3,5
1951,13,74,13,1,3,1,8,68,180,300,4,5
1952,12,189,12,2,3,2,28,49,420,540,1,5
1953,13,331,13,2,3,2,39,8,420,540,4,5
1954,13,503,15,1,3,1,30,3,180,300,1,5
1955,6,488,8,1,3,2,30,34,180,300,2,5
1956,13,409,14,1,3,1,2,64,60,180,2,5
1957,7,85,9,1,3,2,66,86,0,300,1,5
1958,3,368,3,2,3,2,90,26,420,540,1,5
1959,3,29,3,1,3,1,3,41,60,180,2,5
1960,10,179,10,1,3,2,56,86,180,300,4,5
1961,8,416,8,2,3,1,54,69,420,540,2,5
1962,6,505,8,1,3,1,25,41,60,180,3,5
1963,7,347,7,2,3,2,85,90,420,540,1,5
1964,14,110,14,1,3,2,45,12,180,300,4,5
1965,8,408,8,2,3,1,85,81,420,540,1,5
1966,6,418,6,2,3,1,15,38,420,540,4,5
1967,3,503,5,1,3,1,93,96,0,300,4,5
1968,6,178,6,1,3,1,91,68,180,300,1,5
1969,14,559,16,1,3,1,25,58,60,180,3,5
1970,2,522,4,1,3,2,44,36,180,300,4,5
1971,14,204,14,2,3,2,88,51,420,540,4,5
1972,9,428,10,1,3,2,71,83,0,300,1,5
1973,2,302,3,1,3,1,100,45,0,300,2,5
1974,7,410,7,2,3,2,3,25,420,540,2,5
1975,8,514,10,2,3,2,84,48,300,420,4,5
1976,2,504,4,1,3,2,94,15,180,300,2,5
1977,6,252,6,2,3,1,98,40,300,600,1,5
1978,14,100,14,1,3,2,38,23,180,300,4,5
1979,13,596,14,1,3,2,64,85,0,300,1,5
1980,6,191,6,2,3,1,76,15,300,420,2,5
1981,7,205,7,2,3,2,26,14,300,600,3,5
1982,2,4,2,1,3,2,7,45,60,180,3,5
1983,4,284,5,1,3,2,35,29,0,300,1,5
1984,4,314,5,1,3,2,73,1,0,300,1,5
1985,12,25,12,1,3,1,84,74,60,180,1,5
1986,3,553,4,1,3,1,22,29,60,180,4,5
1987,1,330,1,2,3,1,49,99,420,540,2,5
1988,2,290,3,1,3,2,81,2,60,180,4,5
1989,2,56,2,1,3,2,86,24,60,180,4,5
1990,3,5,3,1,3,1,34,98,60,180,4,5
1991,13,65,14,1,3,1,61,33,0,300,1,5
1992,2,456,3,1,3,2,52,68,0,300,4,5
1993,4,573,5,1,3,1,35,64,180,300,2,5
1994,8,430,10,1,3,2,21,62,0,300,3,5
1995,2,514,4,1,3,1,32,53,180,300,1,5
1996,8,310,9,1,3,2,89,91,60,180,4,5
1997,14,76,15,1,3,2,34,47,0,300,2,5
1998,5,398,6,1,3,1,71,48,0,300,1,5
1999,12,565,13,1,3,1,9,13,180,300,1,5
2000,5,225,5,2,3,1,79,24,420,540,3,5
2001,8,351,8,2,3,1,22,58,420,540,1,5
2002,7,28,7,1,3,2,39,38,60,180,3,5
2003,13,60,14,1,3,1,81,59,0,300,2,5
2004,6,3,6,1,3,2,86,89,60,180,4,5
2005,13,276,13,2,3,2,71,62,420,540,2,5
2006,3,237,5,1,3,2,52,98,180,300,3,5
2007,5,415,5,2,3,2,25,65,420,540,1,5
2008,3,130,3,1,3,2,62,4,180,300,3,5
2009,8,173,8,1,3,1,29,91,180,300,2,5
2010,12,592,14,1,3,2,50,54,180,300,3,5
2011,5,239,6,1,3,1,9,66,0,300,4,5
2012,10,148,10,1,3,1,26,6,180,300,4,5
2013,10,135,11,1,3,2,26,19,0,300,3,5
2014,8,522,9,1,3,2,47,36,0,300,3,5
2015,4,346,4,2,3,1,75,49,420,540,3,5
2016,14,164,14,1,3,1,47,12,180,300,2,5
2017,6,286,6,2,3,1,83,21,420,540,2,5
2018,13,158,13,1,3,2,57,15,180,300,4,5
2019,11,596,13,1,3,1,99,64,60,180,3,5
2020,9,231,9,2,3,1,92,32,300,420,2,5
2021,11,28,11,1,3,1,26,25,60,180,3,5
2022,9,104,9,1,3,2,60,81,180,300,3,5
2023,7,372,8,1,3,1,48,35,180,300,3,5
2024,13,363,13,2,3,2,78,6,420,540,3,5
2025,2,19,2,1,3,2,70,53,60,180,4,5
2026,5,108,5,1,3,1,61,79,180,300,2,5
2027,6,352,8,1,3,1,35,87,60,180,3,5
2028,1,465,2,1,3,2,58,25,180,300,4,5
2029,3,439,5,1,3,1,37,54,60,180,2,5
2030,1,217,3,1,3,1,80,86,60,180,1,5
2031,13,8,13,1,3,1,60,26,60,180,3,5
2032,6,305,7,1,3,1,73,4,60,180,2,5
2033,7,383,8,1,3,1,20,8,0,300,1,5
2034,8,46,9,1,3,1,2,11,60,180,3,5
2035,11,436,12,1,3,2,43,57,60,180,3,5
2036,3,53,3,1,3,1,70,12,60,180,2,5
2037,10,98,10,1,3,1,49,93,180,300,1,5
2038,13,3,13,1,3,2,8,73,60,180,1,5
2039,9,154,10,1,3,1,2,90,0,300,2,5
2040,12,430,13,1,3,2,29,98,60,180,2,5
2041,5,365,6,1,3,2,84,48,0,300,2,5
2042,5,580,7,1,3,2,16,73,0,300,3,5
2043,3,107,4,1,3,1,75,29,0,300,1,5
2044,5,324,5,2,3,2,4,40,420,540,4,5
2045,10,303,10,2,3,2,44,77,420,540,2,5
2046,14,264,15,1,3,2,80,3,0,300,1,5
2047,3,383,3,2,3,1,0,99,420,540,3,5
2048,1,153,1,1,3,1,97,56,180,300,2,5
2049,10,242,11,1,3,1,85,16,0,300,2,5
2050,7,462,8,1,3,1,2,59,0,300,4,5
2051,13,554,15,1,3,1,5,89,0,300,2,5
2052,3,83,3,1,3,2,89,53,180,300,3,5
2053,14,421,15,1,3,1,55,76,0,300,4,5
2054,3,288,3,2,3,2,31,59,420,540,2,5
2055,9,429,10,1,3,2,45,29,0,300,1,5
2056,13,216,14,1,3,1,94,39,60,180,2,5
2057,2,205,4,1,3,1,14,27,0,300,4,5
2058,14,493,15,1,3,2,15,21,0,300,4,5
2059,11,362,11,2,3,2,13,6,420,540,4,5
2060,7,183,7,2,3,2,27,20,300,420,2,5
2061,9,467,11,1,3,1,71,17,180,300,1,5
2062,5,580,7,1,3,1,64,97,180,300,3,5
2063,14,286,15,1,3,1,85,37,0,300,4,5
2064,11,376,11,2,3,1,90,71,420,540,1,5
2065,11,346,11,2,3,2,83,65,420,540,4,5
2066,14,359,15,1,3,1,67,7,180,300,1,5
2067,5,325,5,2,3,1,77,39,420,540,2,5
2068,8,54,8,1,3,2,13,56,60,180,4,5
2069,11,226,11,2,3,2,44,17,300,420,4,5
2070,1,509,3,1,3,1,21,50,180,300,1,5
2071,10,52,10,1,3,1,52,79,60,180,2,5
2072,3,436,4,1,3,2,58,100,180,300,1,5
2073,10,69,11,1,3,2,95,42,60,180,1,5
2074,11,48,11,1,3,1,42,0,60,180,3,5
2075,4,541,6,1,3,1,62,49,0,300,3,5
2076,2,303,2,2,3,2,10,58,420,540,3,5
2077,12,92,12,1,3,2,91,48,180,300,1,5
2078,3,216,4,1,3,1,68,86,0,300,4,5
2079,1,342,2,1,3,1,37,0,180,300,2,5
2080,2,443,4,1,3,2,77,58,60,180,1,5
2081,9,495,11,1,3,1,69,17,60,180,3,5
2082,9,375,9,2,3,1,42,21,420,540,1,5
2083,8,320,9,1,3,1,11,60,180,300,2,5
2084,4,486,5,1,3,1,23,55,180,300,3,5
2085,4,315,4,2,3,2,1,81,420,540,4,5
2086,13,219,14,1,3,2,18,84,60,180,1,5
2087,14,17,14,1,3,2,14,12,60,180,2,5
2088,12,442,14,1,3,1,0,59,0,300,2,5
2089,2,120,3,1,3,2,1,46,0,300,1,5
2090,7,228,7,2,3,2,98,8,300,600,2,5
2091,12,400,12,2,3,2,62,18,420,540,2,5
2092,9,193,9,2,3,1,10,64,300,420,1,5
2093,7,41,8,1,3,2,15,28,60,180,2,5
2094,8,234,8,2,3,2,65,4,420,540,2,5
2095,5,417,5,2,3,1,36,14,420,540,3,5
2096,13,451,14,1,3,2,79,40,0,300,2,5
2097,1,482,3,1,3,2,55,51,60,180,1,5
2098,2,324,3,1,3,1,70,6,60,180,3,5
2099,7,193,8,1,3,2,98,23,180,300,4,5
2100,8,532,10,1,3,2,16,70,0,300,3,5
2101,2,0,2,1,3,1,81,55,60,180,4,5
2102,12,492,13,1,3,1,30,39,0,300,1,5
2103,14,365,14,2,3,2,10,52,420,540,1,5
2104,7,355,7,2,3,1,5,27,420,540,4,5
2105,2,301,3,1,3,1,89,90,0,300,4,5
2106,5,548,6,1,3,1,98,9,180,300,2,5
2107,5,555,6,1,3,1,37,99,60,180,4,5
2108,3,544,4,1,3,1,28,66,60,180,2,5
2109,1,186,2,1,3,1,69,57,180,300,2,5
2110,1,269,2,1,3,1,4,4,0,300,4,5
2111,12,321,12,2,3,1,40,40,420,540,4,5
2112,13,600,14,1,3,1,31,29,0,300,3,5
2113,9,138,10,1,3,1,60,10,0,300,1,5
2114,14,593,16,1,3,1,31,58,60,180,1,5
2115,11,210,11,2,3,2,35,88,420,540,1,5
2116,9,199,9,2,3,2,70,5,300,600,2,5
2117,5,86,6,1,3,1,92,89,180,300,1,5
2118,5,241,6,1,3,2,51,61,60,180,3,5
2119,2,435,4,1,3,2,83,19,0,300,2,5
2120,2,461,4,1,3,1,4,6,0,300,1,5
2121,11,230,12,1,3,2,87,11,60,180,3,5
2122,9,216,9,2,3,2,69,87,300,420,2,5
2123,14,522,15,1,3,1,8,37,0,300,2,5
2124,4,593,6,1,3,1,79,71,60,180,4,5
2125,5,311,5,2,3,2,25,80,420,540,4,5
2126,7,294,7,2,3,2,88,8,300,420,3,5
2127,11,48,11,1,3,1,24,21,60,180,3,5
2128,4,452,6,1,3,2,93,51,180,300,2,5
2129,10,277,10,2,3,2,88,96,420,540,3,5
2130,8,296,9,1,3,2,36,86,0,300,4,5
2131,3,385,4,1,3,2,64,95,60,180,3,5
2132,3,537,5,1,3,2,10,10,60,180,3,5
2133,7,216,7,2,3,1,34,100,420,540,4,5
2134,5,368,5,2,3,2,23,14,420,540,3,5
2135,5,128,6,1,3,1,15,42,180,300,3,5
2136,9,400,9,2,3,2,94,80,420,540,3,5
2137,13,246,13,2,3,1,44,27,420,540,3,5
2138,1,532,3,1,3,1,79,15,0,300,4,5
2139,3,519,5,1,3,2,31,74,0,300,2,5
2140,13,185,14,1,3,2,36,51,180,300,2,5
2141,13,174,13,1,3,2,19,93,180,300,4,5
2142,5,548,6,1,3,2,25,90,0,300,3,5
2143,7,143,7,1,3,2,15,15,180,300,1,5
2144,1,78,1,1,3,2,31,44,180,300,2,5
2145,5,7,6,1,3,1,63,17,60,180,3,5
2146,1,385,2,1,3,1,72,53,180,300,3,5
2147,14,279,14,2,3,2,7,98,300,420,4,5
2148,8,109,9,1,3,2,9,51,60,180,3,5
2149,5,95,5,1,3,2,84,43,180,300,2,5
2150,9,559,10,1,3,2,78,69,180,300,1,5
2151,3,234,3,2,3,2,76,31,300,600,1,5
2152,10,252,10,2,3,1,17,56,420,540,4,5
2153,4,387,5,1,3,1,31,45,60,180,1,5
2154,11,526,12,1,3,1,71,17,180,300,3,5
2155,13,523,14,1,3,2,19,38,0,300,2,5
2156,5,468,7,1,3,1,87,52,0,300,1,5
2157,3,236,3,2,3,2,27,40,420,540,3,5
2158,4,344,6,1,3,1,36,1,180,300,4,5
2159,6,396,7,1,3,2,48,20,60,180,4,5
2160,10,55,12,1,3,2,88,95,180,300,4,5
2161,14,317,14,2,3,1,47,27,420,540,3,5
2162,12,35,12,1,3,1,41,12,60,180,2,5
2163,2,526,4,1,3,2,15,51,0,300,2,5
2164,11,532,13,1,3,1,90,14,60,180,1,5
2165,13,479,14,1,3,1,15,93,60,180,4,5
2166,7,205,7,2,3,2,55,27,420,540,4,5
2167,9,571,10,1,3,1,0,89,0,300,4,5
2168,11,425,13,1,3,1,62,40,60,180,1,5
2169,2,367,3,1,3,2,63,8,60,180,4,5
2170,9,337,9,2,3,1,88,79,420,540,1,5
2171,5,556,7,1,3,2,76,16,60,180,2,5
2172,13,194,13,2,3,2,84,46,300,600,3,5
2173,5,512,7,1,3,1,65,27,0,300,1,5
2174,12,224,14,1,3,1,92,14,0,300,1,5
2175,14,472,16,1,3,1,7,37,0,300,2,5
2176,9,574,11,1,3,1,78,43,60,180,4,5
2177,8,221,8,2,3,1,83,55,420,540,1,5
2178,2,295,2,2,3,1,38,88,420,540,3,5
2179,5,445,7,1,3,1,19,86,60,180,1,5
2180,6,125,6,1,3,2,14,56,180,300,3,5
2181,6,385,7,1,3,2,35,68,180,300,4,5
2182,1,514,3,1,3,2,2,12,180,300,3,5
2183,2,148,3,1,3,2,12,94,60,180,4,5
2184,6,187,6,2,3,2,27,92,420,540,1,5
2185,11,112,13,1,3,1,83,66,0,300,1,5
2186,11,548,13,1,3,2,20,21,60,180,2,5
2187,10,308,10,2,3,2,17,6,420,540,1,5
2188,13,8,14,1,3,2,51,98,0,300,4,5
2189,3,498,5,1,3,1,26,32,0,300,4,5
2190,8,437,10,1,3,1,21,42,180,300,2,5
2191,12,396,12,2,3,2,94,54,420,540,3,5
2192,10,356,10,2,3,2,63,27,420,540,3,5
2193,8,423,10,1,3,2,81,68,60,180,3,5
2194,13,29,14,1,3,2,98,30,0,300,4,5
2195,10,164,10,1,3,1,51,26,180,300,2,5
2196,9,507,11,1,3,2,52,53,0,300,3,5
2197,2,266,2,2,3,1,69,37,300,600,2,5
2198,14,126,14,1,3,1,93,31,180,300,1,5
2199,12,430,13,1,3,1,85,73,0,300,3,5
2200,12,66,13,1,3,1,89,20,0,300,2,5
2201,14,458,16,1,3,2,98,8,0,300,3,5
2202,4,438,5,1,3,1,51,21,60,180,3,5
2203,8,287,8,2,3,1,35,25,420,540,4,5
2204,2,253,2,2,3,2,58,77,420,540,2,5
2205,1,436,3,1,3,2,74,25,0,300,3,5
2206,7,211,8,1,3,1,3,81,180,300,1,5
2207,6,362,6,2,3,2,43,11,420,540,3,5
2208,13,495,15,2,3,2,92,5,0,300,1,5
2209,11,264,11,2,3,2,44,32,300,600,3,5
2210,4,162,4,1,3,2,68,64,180,300,3,5
2211,1,569,2,1,3,1,89,88,180,300,1,5
2212,5,366,5,2,3,2,1,63,420,540,4,5
2213,6,462,7,1,3,2,53,4,180,300,3,5
2214,2,207,2,2,3,1,66,15,420,540,3,5
2215,5,505,6,1,3,1,24,5,60,180,2,5
2216,5,204,5,2,3,1,2,40,300,600,3,5
2217,14,227,14,2,3,1,25,59,300,600,2,5
2218,5,330,5,2,3,1,41,28,420,540,4,5
2219,14,68,14,1,3,2,18,47,180,300,2,5
2220,12,235,12,2,3,1,61,22,420,540,2,5
2221,2,30,3,1,3,1,57,63,180,300,4,5
2222,10,8,11,1,3,2,21,7,60,180,4,5
2223,6,44,6,1,3,1,40,68,60,180,2,5
2224,14,514,15,1,3,2,93,69,180,300,3,5
2225,2,504,4,1,3,1,25,74,180,300,3,5
2226,14,68,14,1,3,1,85,94,180,300,3,5
2227,3,242,3,2,3,2,52,50,300,600,1,5
2228,14,234,15,2,3,1,99,61,420,540,1,5
2229,11,307,11,2,3,1,5,83,420,540,1,5
2230,6,300,7,1,3,1,74,30,60,180,1,5
2231,4,92,5,1,3,2,22,93,180,300,3,5
2232,4,516,5,1,3,1,82,21,180,300,2,5
2233,7,441,8,1,3,2,93,47,180,300,1,5
2234,2,112,3,1,3,1,67,18,60,180,4,5
2235,6,554,7,1,3,1,84,26,180,300,2,5
2236,3,438,4,1,3,1,2,19,180,300,3,5
2237,5,162,5,1,3,1,69,35,180,300,2,5
2238,9,381,10,1,3,1,31,85,60,180,3,5
2239,9,110,10,1,3,1,7,98,180,300,3,5
2240,9,216,9,2,3,2,17,98,300,600,2,5
2241,7,129,8,1,3,2,25,20,180,300,3,5
2242,1,17,2,1,3,2,72,13,180,300,2,5
2243,1,494,2,1,3,1,64,41,180,300,2,5
2244,6,119,7,1,3,2,70,16,0,300,3,5
2245,1,356,1,2,3,2,57,72,420,540,2,5
2246,12,575,14,1,3,2,84,84,0,300,1,5
2247,5,511,6,1,3,1,8,76,180,300,4,5
2248,7,2,7,1,3,2,38,100,60,180,1,5
2249,4,441,6,1,3,2,80,27,0,300,1,5
2250,5,317,6,1,3,1,36,26,60,180,1,5
2251,13,181,14,1,3,2,25,65,0,300,3,5
2252,12,85,12,1,3,1,77,34,180,300,4,5
2253,10,439,11,1,3,2,49,53,0,300,3,5
2254,8,549,10,1,3,2,56,6,0,300,1,5
2255,10,375,10,2,3,1,70,33,420,540,2,5
2256,12,216,12,2,3,2,74,23,420,540,1,5
2257,7,491,9,1,3,1,50,66,60,180,1,5
2258,7,303,7,2,3,2,53,36,420,540,4,5
2259,8,180,8,1,3,1,19,47,180,300,2,5
2260,4,527,6,1,3,1,71,53,60,180,4,5
2261,14,51,14,1,3,2,97,3,60,180,2,5
2262,12,0,13,1,3,2,51,8,180,300,3,5
2263,12,429,13,1,3,1,66,43,0,300,4,5
2264,11,541,13,1,3,2,17,32,60,180,1,5
2265,13,554,15,1,3,1,54,54,60,180,2,5
2266,10,538,12,1,3,1,10,62,60,180,1,5
2267,5,8,5,1,3,2,69,83,60,180,1,5
2268,9,581,10,1,3,2,59,62,0,300,3,5
2269,13,28,14,1,3,1,46,67,180,300,1,5
2270,5,509,7,1,3,2,19,23,180,300,1,5
2271,9,455,11,1,3,1,93,25,0,300,3,5
2272,2,210,3,1,3,2,66,11,60,180,3,5
2273,8,526,9,1,3,1,16,41,0,300,1,5
2274,5,79,5,1,3,2,73,5,180,300,4,5
2275,12,199,12,2,3,2,1,65,300,420,3,5
2276,10,10,10,1,3,2,1,4,60,180,4,5
2277,2,574,3,1,3,2,99,12,60,180,4,5
2278,2,473,3,1,3,2,85,23,180,300,3,5
2279,3,128,3,1,3,2,41,71,180,300,3,5
2280,8,172,8,1,3,1,23,91,180,300,1,5
2281,14,176,14,1,3,2,18,61,180,300,4,5
2282,2,348,2,2,3,1,66,4,420,540,3,5
2283,7,324,8,1,3,2,64,60,180,300,4,5
2284,3,2,4,1,3,1,7,9,60,180,1,5
2285,5,84,5,1,3,2,9,1,180,300,4,5
2286,14,485,15,1,3,2,50,45,0,300,1,5
2287,11,543,13,1,3,2,51,95,0,300,2,5
2288,9,580,11,1,3,1,1,16,0,300,2,5
2289,14,223,14,2,3,2,100,40,300,420,1,5
2290,3,437,4,1,3,2,50,27,60,180,2,5
2291,9,489,10,1,3,2,93,97,60,180,4,5
2292,1,143,1,1,3,1,94,94,180,300,2,5
2293,2,354,2,2,3,2,47,100,420,540,4,5
2294,6,527,7,1,3,2,33,97,180,300,2,5
2295,6,183,7,1,3,2,81,56,0,300,1,5
2296,3,514,5,1,3,1,97,26,180,300,2,5
2297,6,332,7,1,3,1,24,57,180,300,3,5
2298,7,267,7,2,3,2,23,49,420,540,4,5
2299,9,507,11,1,3,2,0,11,0,300,2,5
2300,6,321,6,2,3,2,65,39,420,540,3,5
2301,10,190,10,2,3,1,17,55,420,540,3,5
2302,8,331,9,1,3,2,59,87,0,300,2,5
2303,4,164,4,1,3,1,25,42,180,300,1,5
2304,3,85,4,1,3,1,86,3,60,180,4,5
2305,7,403,7,2,3,1,6,32,420,540,3,5
2306,12,44,12,1,3,2,12,74,60,180,2,5
2307,5,389,5,2,3,2,88,68,420,540,1,5
2308,10,117,10,1,3,1,12,67,180,300,4,5
2309,12,277,12,2,3,1,41,57,420,540,3,5
2310,2,487,3,1,3,2,18,50,180,300,4,5
2311,8,540,9,1,3,2,34,52,0,300,2,5
2312,8,281,8,2,3,1,74,5,420,540,3,5
2313,13,336,14,1,3,1,32,52,60,180,3,5
2314,9,6,9,1,3,2,4,79,60,180,2,5
2315,5,530,6,1,3,2,36,26,60,180,3,5
2316,9,206,9,2,3,1,48,7,420,540,2,5
2317,8,549,10,1,3,1,4,8,0,300,3,5
2318,4,256,4,2,3,2,10,30,420,540,3,5
2319,7,278,8,1,3,1,91,25,180,300,3,5
2320,14,106,15,1,3,2,22,90,0,300,4,5
2321,13,314,13,2,3,1,2,85,420,540,1,5
2322,14,415,15,1,3,2,14,93,0,300,4,5
2323,8,108,8,1,3,1,14,0,180,300,4,5
2324,9,8,9,1,3,1,10,38,60,180,1,5
2325,3,272,3,2,3,2,49,60,300,600,3,5
2326,14,506,15,1,3,2,47,86,0,300,3,5
2327,7,11,8,1,3,1,69,52,180,300,4,5
2328,5,403,6,1,3,1,65,79,180,300,4,5
2329,11,196,11,2,3,2,58,91,300,420,1,5
2330,6,205,8,1,3,1,12,63,0,300,4,5
2331,10,493,11,1,3,1,60,5,60,180,4,5
2332,2,363,2,2,3,1,30,47,420,540,3,5
2333,9,562,11,1,3,1,49,36,180,300,4,5
2334,6,372,7,1,3,1,8,2,180,300,1,5
2335,4,313,5,1,3,2,81,10,0,300,4,5
2336,4,108,4,1,3,2,6,34,180,300,1,5
2337,11,405,12,1,3,1,7,45,180,300,2,5
2338,13,273,14,1,3,1,63,79,180,300,3,5
2339,2,258,2,2,3,2,7,92,300,600,1,5
2340,2,595,4,1,3,1,21,37,0,300,4,5
2341,2,186,3,1,3,2,40,36,60,180,4,5
2342,8,134,8,1,3,2,50,74,180,300,4,5
2343,4,244,4,2,3,2,24,14,300,420,2,5
2344,11,191,11,2,3,2,56,64,300,420,2,5
2345,11,590,12,1,3,1,50,39,60,180,4,5
2346,7,505,9,1,3,1,70,92,60,180,4,5
2347,6,545,7,1,3,1,70,87,180,300,1,5
2348,13,442,15,1,3,1,40,35,0,300,3,5
2349,11,249,11,2,3,1,76,20,420,540,1,5
2350,10,120,11,1,3,1,51,45,0,300,4,5
2351,13,319,13,2,3,1,12,3,420,540,3,5
2352,2,379,2,2,3,1,97,68,420,540,2,5
2353,6,368,7,1,3,2,72,80,0,300,3,5
2354,10,31,11,1,3,2,12,76,60,180,4,5
2355,11,378,11,2,3,1,34,57,420,540,1,5
2356,3,142,4,1,3,2,82,94,0,300,1,5
2357,10,463,11,1,3,1,69,64,0,300,4,5
2358,3,243,3,2,3,1,76,11,300,600,1,5
2359,11,526,12,1,3,2,88,55,180,300,4,5
2360,10,287,10,2,3,2,9,89,420,540,2,5
2361,12,531,14,1,3,1,97,100,180,300,4,5
2362,7,309,7,2,3,2,47,19,420,540,1,5
2363,11,274,11,2,3,2,61,42,300,600,1,5
2364,13,509,14,1,3,1,51,10,180,300,4,5
2365,6,394,6,2,3,2,38,96,420,540,2,5
2366,5,86,5,1,3,2,74,7,180,300,1,5
2367,12,268,12,2,3,2,57,74,300,600,3,5
2368,1,6,1,1,3,2,79,87,60,180,1,5
2369,13,164,13,1,3,1,46,72,180,300,3,5
2370,13,120,14,1,3,2,65,56,0,300,1,5
2371,13,537,14,1,3,2,55,29,60,180,3,5
2372,3,442,4,1,3,1,24,16,0,300,1,5
2373,11,416,12,1,3,1,58,32,0,300,3,5
2374,3,188,4,1,3,2,6,11,60,180,2,5
2375,7,92,8,1,3,1,25,10,0,300,4,5
2376,10,316,11,1,3,1,83,93,0,300,3,5
2377,1,291,1,2,3,2,30,34,300,420,2,5
2378,6,276,7,1,3,2,63,96,60,180,4,5
2379,13,165,13,2,3,2,94,81,180,300,3,5
2380,2,144,2,1,3,1,50,32,180,300,1,5
2381,9,327,10,1,3,1,5,99,60,180,1,5
2382,4,575,5,1,3,2,13,80,180,300,4,5
2383,12,249,12,2,3,2,55,14,420,540,1,5
2384,10,595,12,1,3,1,29,33,0,300,4,5
2385,6,292,6,2,3,1,6,41,420,540,3,5
2386,3,223,3,2,3,2,100,36,420,540,1,5
2387,11,151,11,1,3,2,33,46,180,300,2,5
2388,14,217,15,1,3,2,84,82,60,180,2,5
2389,10,56,11,1,3,1,21,99,180,300,3,5
2390,8,598,10,1,3,1,65,27,60,180,2,5
2391,12,507,13,1,3,1,88,19,60,180,2,5
2392,12,228,12,2,3,1,4,94,420,540,4,5
2393,1,95,2,1,3,1,83,38,180,300,1,5
2394,10,178,10,1,3,2,59,22,180,300,3,5
2395,14,120,14,1,3,2,21,26,180,300,2,5
2396,10,235,11,1,3,2,21,70,0,300,4,5
2397,9,506,11,2,3,2,75,22,180,300,2,5
2398,7,303,7,2,3,2,39,33,420,540,3,5
2399,9,20,10,1,3,1,52,3,180,300,2,5
2400,1,350,1,2,3,2,28,2,420,540,2,5
2401,12,338,12,2,3,2,9,88,420,540,4,5
2402,11,137,11,1,3,1,84,61,180,300,1,5
2403,11,51,11,1,3,1,81,91,60,180,4,5
2404,5,277,5,2,3,2,54,53,420,540,4,5
2405,5,111,6,1,3,1,30,11,180,300,1,5
2406,12,41,13,1,3,1,16,74,60,180,1,5
2407,11,362,12,1,3,1,47,12,60,180,1,5
2408,9,312,9,2,3,2,58,76,420,540,4,5
2409,14,438,15,1,3,1,13,57,180,300,1,5
2410,13,218,15,1,3,2,45,19,180,300,4,5
2411,11,591,12,1,3,2,45,42,60,180,4,5
2412,11,505,13,1,3,1,41,58,60,180,2,5
2413,2,137,4,1,3,2,36,93,0,300,2,5
2414,11,349,11,2,3,1,94,81,420,540,4,5
2415,1,413,1,2,3,1,45,47,420,540,3,5
2416,14,380,14,2,3,1,29,64,420,540,2,5
2417,14,75,14,1,3,2,1,69,180,300,1,5
2418,7,479,8,1,3,2,92,69,60,180,4,5
2419,13,596,14,1,3,2,74,65,0,300,2,5
2420,11,258,12,1,3,1,5,8,180,300,1,5
2421,8,522,10,1,3,1,50,60,0,300,1,5
2422,1,562,2,1,3,1,100,47,0,300,2,5
2423,5,242,5,2,3,1,48,39,300,600,4,5
2424,4,239,4,2,3,1,67,60,300,420,2,5
2425,3,189,3,2,3,1,81,17,300,420,4,5
2426,5,182,5,2,3,2,78,5,300,420,2,5
2427,5,261,6,1,3,2,59,94,60,180,3,5
2428,10,397,11,1,3,2,4,33,180,300,3,5
2429,3,86,3,1,3,2,11,24,180,300,2,5
2430,3,556,4,1,3,2,71,23,180,300,3,5
2431,1,598,3,1,3,2,39,49,0,300,3,5
2432,9,393,10,1,3,1,66,52,0,300,1,5
2433,14,388,15,1,3,1,16,52,180,300,4,5
2434,8,576,10,1,3,2,44,46,60,180,3,5
2435,9,478,10,1,3,2,39,86,0,300,3,5
2436,1,583,2,1,3,2,82,76,180,300,2,5
2437,4,223,5,1,3,2,76,65,60,180,2,5
2438,4,53,4,1,3,2,84,23,60,180,2,5
2439,7,343,7,2,3,2,24,70,420,540,3,5
2440,11,357,11,2,3,2,66,48,420,540,1,5
2441,6,583,7,1,3,1,29,32,60,180,4,5
2442,2,501,3,1,3,2,36,44,180,300,3,5
2443,4,173,6,1,3,2,62,57,180,300,1,5
2444,2,442,4,1,3,2,49,87,180,300,3,5
2445,13,587,15,1,3,2,60,86,60,180,3,5
2446,9,299,9,2,3,2,97,98,300,600,1,5
2447,12,169,12,1,3,1,14,62,180,300,1,5
2448,1,290,1,2,3,2,90,23,300,600,4,5
2449,8,130,8,1,3,1,92,52,180,300,4,5
2450,7,294,7,2,3,1,68,25,420,540,4,5
2451,4,515,5,1,3,2,77,36,0,300,2,5
2452,13,321,15,1,3,1,45,21,0,300,4,5
2453,7,341,8,1,3,2,76,36,0,300,4,5
2454,3,529,5,1,3,2,90,72,60,180,1,5
2455,13,211,13,2,3,2,4,92,300,600,3,5
2456,9,59,9,1,3,2,45,16,60,180,1,5
2457,13,145,13,1,3,1,74,90,180,300,2,5
2458,8,416,9,1,3,1,63,54,180,300,2,5
2459,12,268,12,2,3,1,49,43,420,540,3,5
2460,12,385,13,1,3,2,39,57,0,300,3,5
2461,3,137,4,1,3,1,29,12,180,300,1,5
2462,8,384,8,2,3,1,52,52,420,540,3,5
2463,13,483,14,1,3,1,38,85,0,300,3,5
2464,13,83,14,1,3,1,71,57,0,300,3,5
2465,12,595,14,1,3,1,86,74,0,300,1,5
2466,14,301,15,1,3,2,26,69,0,300,4,5
2467,6,420,6,2,3,2,53,59,420,540,1,5
2468,1,192,2,1,3,1,52,13,180,300,3,5
2469,1,577,2,1,3,2,94,73,0,300,4,5
2470,14,394,14,2,3,2,71,76,420,540,3,5
2471,9,504,11,1,3,2,9,7,180,300,1,5
2472,12,314,12,2,3,1,18,31,420,540,2,5
2473,5,203,5,2,3,1,87,48,420,540,3,5
2474,9,337,9,2,3,2,69,29,420,540,2,5
2475,4,340,4,2,3,2,29,15,420,540,3,5
2476,8,102,9,1,3,1,80,44,0,300,4,5
2477,7,147,7,1,3,1,87,81,180,300,4,5
2478,9,262,9,2,3,2,64,67,300,600,4,5
2479,2,161,3,1,3,1,46,56,0,300,1,5
2480,10,579,11,1,3,1,94,50,60,180,3,5
2481,13,232,14,1,3,1,68,11,60,180,2,5
2482,1,406,1,2,3,2,59,78,420,540,1,5
2483,3,132,3,1,3,2,82,22,180,300,2,5
2484,3,476,4,1,3,1,52,73,180,300,2,5
2485,4,431,6,1,3,2,91,51,60,180,1,5
2486,6,128,6,1,3,1,65,80,180,300,4,5
2487,11,162,11,1,3,1,24,77,180,300,3,5
2488,4,169,4,1,3,2,95,50,180,300,2,5
2489,7,550,8,2,3,2,27,82,300,420,2,5
2490,3,440,4,1,3,1,40,69,60,180,2,5
2491,5,306,5,2,3,2,51,57,420,540,4,5
2492,8,451,9,1,3,1,11,78,0,300,1,5
2493,7,565,8,1,3,1,37,20,0,300,4,5
2494,9,185,9,2,3,1,18,73,300,420,2,5
2495,10,458,11,1,3,1,43,46,0,300,3,5
2496,6,259,7,1,3,1,82,10,180,300,3,5
2497,6,453,7,1,3,1,2,18,60,180,1,5
2498,9,4,9,1,3,1,9,9,60,180,4,5
2499,3,35,4,2,3,2,63,52,0,300,2,5
2500,12,531,13,2,3,1,19,62,300,600,2,5
2501,9,539,11,1,3,1,1,42,180,300,3,5
2502,3,56,3,1,3,2,52,66,60,180,3,5
2503,13,369,13,2,3,1,69,87,420,540,1,5
2504,6,441,8,1,3,1,73,77,180,300,2,5
2505,11,563,13,1,3,2,63,25,180,300,2,5
2506,1,69,2,1,3,2,53,18,180,300,1,5
2507,11,227,11,2,3,2,14,2,300,600,2,5
2508,10,339,11,1,3,1,24,89,0,300,1,5
2509,3,552,4,1,3,2,6,17,0,300,4,5
2510,12,572,13,1,3,1,86,19,180,300,3,5
2511,14,156,15,1,3,2,98,90,180,300,4,5
2512,3,100,3,1,3,2,5,23,180,300,4,5
2513,11,357,12,1,3,1,28,53,180,300,4,5
2514,3,464,5,1,3,2,82,80,0,300,2,5
2515,3,349,3,2,3,1,18,20,420,540,4,5
2516,7,47,7,2,3,2,27,42,0,300,3,5
2517,9,397,9,2,3,2,74,34,420,540,3,5
2518,11,513,12,1,3,1,54,98,0,300,4,5
2519,4,566,5,1,3,2,42,21,0,300,2,5
2520,5,288,5,2,3,1,19,75,300,420,4,5
2521,7,479,8,1,3,1,20,57,0,300,4,5
2522,4,151,4,1,3,1,95,91,180,300,1,5
2523,1,475,3,2,3,2,44,7,180,300,1,5
2524,14,270,14,2,3,1,27,31,300,600,1,5
2525,8,339,9,1,3,1,4,82,0,300,1,5
2526,5,484,7,2,3,1,54,16,300,600,3,5
2527,10,303,11,1,3,2,38,74,0,300,2,5
2528,10,568,12,1,3,1,14,81,0,300,3,5
2529,13,331,13,2,3,2,83,69,420,540,2,5
2530,12,153,13,1,3,2,27,87,0,300,3,5
2531,8,199,8,2,3,2,3,34,300,420,1,5
2532,2,284,2,2,3,2,47,6,300,420,2,5
2533,8,594,9,1,3,1,91,23,180,300,4,5
2534,1,430,2,1,3,1,36,91,60,180,3,5
2535,5,369,6,1,3,2,31,79,180,300,4,5
2536,13,230,13,2,3,2,80,17,300,600,1,5
2537,10,525,12,1,3,1,42,10,60,180,3,5
2538,9,205,10,1,3,2,39,17,0,300,4,5
2539,1,242,2,1,3,1,54,19,0,300,4,5
2540,5,553,6,1,3,1,95,40,180,300,3,5
2541,6,255,6,2,3,2,41,64,420,540,4,5
2542,8,130,8,1,3,2,68,88,180,300,4,5
2543,5,340,6,1,3,1,78,2,180,300,4,5
2544,9,414,10,1,3,1,33,40,0,300,1,5
2545,9,77,9,1,3,1,53,13,180,300,1,5
2546,8,590,10,1,3,1,6,76,0,300,3,5
2547,11,325,12,1,3,1,20,32,0,300,2,5
2548,9,269,9,2,3,2,51,22,300,600,1,5
2549,4,139,4,1,3,1,84,29,180,300,1,5
2550,3,164,3,1,3,2,22,24,180,300,4,5
2551,3,395,3,2,3,1,98,96,420,540,1,5
2552,6,402,7,1,3,1,95,46,0,300,2,5
2553,7,92,8,1,3,2,76,73,0,300,4,5
2554,7,314,7,2,3,1,88,80,420,540,2,5
2555,7,471,9,2,3,2,24,66,300,420,3,5
2556,12,368,13,1,3,1,5,0,60,180,4,5
2557,8,467,10,1,3,2,25,19,0,300,3,5
2558,9,103,9,1,3,1,22,51,180,300,1,5
2559,1,391,2,1,3,2,63,100,60,180,2,5
2560,4,133,5,1,3,2,56,99,60,180,1,5
2561,5,249,6,1,3,2,66,62,0,300,2,5
2562,1,415,1,2,3,2,17,72,420,540,3,5
2563,11,322,13,1,3,2,50,0,60,180,4,5
2564,10,370,10,2,3,1,24,56,420,540,4,5
2565,9,549,11,1,3,2,3,100,0,300,2,5
2566,4,424,6,1,3,1,63,37,0,300,2,5
2567,14,314,15,1,3,2,72,15,60,180,3,5
2568,12,152,12,1,3,1,39,16,180,300,2,5
2569,13,218,14,1,3,2,23,83,0,300,2,5
2570,13,13,14,1,3,2,63,2,60,180,1,5
2571,5,123,5,1,3,2,73,97,180,300,2,5
2572,5,5,6,1,3,2,43,47,180,300,4,5
2573,13,123,13,1,3,1,33,92,180,300,2,5
2574,1,284,2,1,3,2,35,62,0,300,1,5
2575,11,296,12,1,3,2,75,83,60,180,3,5
2576,2,19,3,1,3,2,80,75,60,180,1,5
2577,14,486,15,1,3,2,92,50,0,300,1,5
2578,1,326,1,2,3,1,29,53,420,540,1,5
2579,2,222,2,2,3,2,56,85,300,420,3,5
2580,4,508,5,1,3,1,77,26,60,180,3,5
2581,11,392,11,2,3,1,80,70,420,540,2,5
2582,7,571,9,1,3,1,39,16,180,300,1,5
2583,10,250,11,1,3,1,59,7,60,180,3,5
2584,10,125,10,2,3,1,46,39,300,420,4,5
2585,14,20,14,1,3,1,1,62,60,180,3,5
2586,3,67,3,1,3,1,87,2,180,300,1,5
2587,2,330,2,2,3,2,90,36,420,540,3,5
2588,11,52,11,1,3,2,9,73,60,180,3,5
2589,4,566,6,1,3,2,0,10,180,300,3,5
2590,12,478,13,1,3,1,53,74,60,180,2,5
2591,6,345,6,2,3,1,66,39,420,540,3,5
2592,13,322,13,2,3,1,9,82,420,540,1,5
2593,10,23,10,1,3,2,66,16,60,180,2,5
2594,1,188,1,2,3,1,68,81,300,420,3,5
2595,4,118,5,1,3,1,97,62,180,300,4,5
2596,10,230,10,2,3,2,19,48,300,420,4,5
2597,4,341,4,2,3,2,92,20,420,540,1,5
2598,9,341,9,2,3,1,50,24,420,540,1,5
2599,12,221,12,2,3,1,50,57,420,540,1,5
2600,14,202,15,1,3,1,71,96,180,300,3,5
2601,8,192,8,2,3,1,5,36,300,600,4,5
2602,13,521,15,1,3,1,54,56,0,300,3,5
2603,5,504,6,1,3,1,23,62,180,300,2,5
2604,14,65,14,1,3,2,14,92,180,300,3,5
2605,13,290,14,1,3,2,45,86,180,300,1,5
2606,3,30,3,1,3,1,26,5,60,180,2,5
2607,13,304,13,2,3,2,59,97,420,540,4,5
2608,13,499,15,1,3,2,89,20,60,180,2,5
2609,8,362,8,2,3,1,7,91,420,540,2,5
2610,8,439,9,1,3,1,37,39,180,300,2,5
2611,10,147,10,1,3,1,41,77,180,300,3,5
2612,4,360,4,2,3,1,13,80,420,540,1,5
2613,8,451,10,1,3,2,55,55,180,300,4,5
2614,6,95,8,1,3,1,59,76,180,300,3,5
2615,11,242,11,2,3,1,24,44,420,540,2,5
2616,6,527,7,1,3,2,70,52,60,180,1,5
2617,7,89,7,1,3,2,6,37,180,300,1,5
2618,8,225,8,2,3,2,66,58,420,540,4,5
2619,4,548,5,1,3,1,23,66,0,300,1,5
2620,8,321,8,2,3,2,3,63,420,540,2,5
2621,14,176,15,1,3,1,29,66,60,180,4,5
2622,12,513,13,1,3,2,38,96,0,300,3,5
2623,1,328,1,2,3,2,88,35,420,540,2,5
2624,9,478,10,1,3,1,18,70,180,300,3,5
2625,14,51,15,1,3,2,25,89,60,180,4,5
2626,9,119,9,1,3,2,8,92,180,300,1,5
2627,3,578,4,1,3,1,96,38,60,180,4,5
2628,4,103,4,1,3,1,46,76,180,300,1,5
2629,10,298,10,2,3,1,30,84,420,540,3,5
2630,9,277,9,2,3,1,67,14,300,420,2,5
2631,14,453,16,1,3,2,60,69,180,300,4,5
2632,13,125,13,1,3,2,30,84,180,300,2,5
2633,2,516,4,1,3,1,17,74,60,180,4,5
2634,10,373,10,2,3,2,42,32,420,540,2,5
2635,7,367,7,2,3,2,42,41,420,540,3,5
2636,10,47,10,1,3,1,47,35,60,180,4,5
2637,3,390,4,1,3,2,3,85,0,300,3,5
2638,2,422,3,1,3,1,76,11,0,300,2,5
2639,11,286,12,1,3,1,86,21,0,300,3,5
2640,14,288,15,1,3,2,36,39,0,300,3,5
2641,1,599,2,1,3,2,43,5,180,300,4,5
2642,10,383,10,2,3,1,51,70,420,540,1,5
2643,9,104,9,1,3,1,79,23,180,300,2,5
2644,2,262,2,2,3,1,36,42,300,600,4,5
2645,4,329,4,2,3,2,80,91,420,540,2,5
2646,14,502,15,1,3,2,53,51,0,300,2,5
2647,3,26,3,1,3,2,49,47,60,180,3,5
2648,14,196,14,2,3,2,19,23,300,600,2,5
2649,6,207,6,2,3,2,10,42,300,420,3,5
2650,9,455,11,1,3,2,0,41,0,300,4,5
2651,14,253,14,2,3,1,52,7,420,540,3,5
2652,14,344,16,1,3,2,27,70,60,180,3,5
2653,7,276,7,2,3,2,1,95,300,600,1,5
2654,4,150,5,1,3,1,56,55,60,180,2,5
2655,5,536,7,1,3,1,67,24,0,300,1,5
2656,5,514,7,2,3,2,54,65,180,300,2,5
2657,14,230,14,2,3,1,29,34,300,600,3,5
2658,6,555,8,1,3,1,72,48,60,180,1,5
2659,4,53,5,1,3,2,78,88,60,180,1,5
2660,8,261,8,2,3,2,87,21,300,600,3,5
2661,5,514,6,1,3,2,100,11,180,300,2,5
2662,13,211,13,2,3,2,45,33,300,600,3,5
2663,2,442,4,1,3,1,39,60,60,180,3,5
2664,12,358,12,2,3,2,6,51,420,540,2,5
2665,10,546,12,1,3,2,50,82,60,180,3,5
2666,10,432,12,2,3,2,49,33,180,300,2,5
2667,7,44,8,1,3,2,58,46,180,300,2,5
2668,6,61,6,1,3,1,22,51,180,300,3,5
2669,10,387,10,2,3,2,41,0,420,540,4,5
2670,4,66,4,1,3,1,72,31,180,300,4,5
2671,10,68,10,1,3,2,78,68,180,300,1,5
2672,12,364,12,2,3,1,65,67,420,540,3,5
2673,7,229,8,1,3,1,11,3,0,300,3,5
2674,2,97,2,1,3,2,86,76,180,300,3,5
2675,5,22,6,1,3,1,39,72,180,300,4,5
2676,5,306,5,2,3,2,5,89,420,540,2,5
2677,9,506,10,1,3,2,20,70,0,300,1,5
2678,13,245,15,2,3,1,68,25,420,540,4,5
2679,5,285,6,1,3,1,91,50,0,300,3,5
2680,11,245,11,2,3,2,66,0,420,540,4,5
2681,3,462,4,1,3,1,61,65,180,300,1,5
2682,8,479,10,1,3,2,63,65,0,300,2,5
2683,9,228,9,2,3,1,40,2,300,420,2,5
2684,4,572,6,1,3,1,55,35,180,300,2,5
2685,14,508,16,1,3,1,8,64,0,300,2,5
2686,14,556,15,1,3,1,31,0,0,300,4,5
2687,7,220,8,1,3,1,66,2,0,300,1,5
2688,13,362,13,2,3,1,24,33,420,540,1,5
2689,4,141,6,1,3,2,4,35,60,180,3,5
2690,3,439,4,1,3,2,16,17,0,300,3,5
2691,8,135,9,1,3,2,87,63,180,300,2,5
2692,11,47,11,1,3,1,21,84,60,180,4,5
2693,6,543,7,1,3,2,39,15,60,180,2,5
2694,4,349,4,2,3,2,5,46,420,540,3,5
2695,5,222,5,2,3,1,53,22,420,540,3,5
2696,11,516,12,1,3,2,9,58,0,300,3,5
2697,13,419,14,1,3,2,53,16,0,300,2,5
2698,7,469,9,1,3,1,31,35,60,180,1,5
2699,10,394,10,2,3,2,48,79,420,540,1,5
2700,3,440,5,1,3,1,7,0,0,300,3,5
2701,2,487,4,1,3,2,25,43,0,300,3,5
2702,2,392,3,1,3,2,76,29,60,180,4,5
2703,4,129,4,1,3,1,95,30,180,300,4,5
2704,7,416,7,2,3,1,31,18,420,540,1,5
2705,12,308,13,1,3,2,88,32,180,300,2,5
2706,1,22,1,1,3,2,87,40,60,180,4,5
2707,3,51,3,1,3,1,29,99,60,180,1,5
2708,3,93,3,2,3,2,47,27,420,540,4,5
2709,8,208,9,1,3,2,76,12,180,300,4,5
2710,12,234,12,2,3,2,10,90,420,540,1,5
2711,6,246,6,2,3,1,48,15,300,420,4,5
2712,9,597,10,1,3,1,93,22,180,300,1,5
2713,7,7,8,1,3,1,76,52,0,300,2,5
2714,2,265,2,2,3,1,53,50,420,540,1,5
2715,4,495,6,1,3,1,70,35,0,300,4,5
2716,13,212,13,2,3,1,90,88,300,600,3,5
2717,9,322,9,2,3,1,52,31,420,540,1,5
2718,7,238,7,2,3,1,44,46,420,540,1,5
2719,1,215,2,1,3,1,70,100,180,300,4,5
2720,4,585,5,1,3,2,22,15,0,300,1,5
2721,11,74,12,1,3,1,53,2,180,300,2,5
2722,9,501,11,1,3,1,65,7,60,180,3,5
2723,8,128,9,1,3,1,74,1,60,180,1,5
2724,8,279,9,1,3,1,31,98,60,180,4,5
2725,9,27,10,1,3,1,61,25,0,300,2,5
2726,2,292,2,2,3,2,47,74,300,600,2,5
2727,4,318,4,2,3,2,33,96,420,540,2,5
2728,2,237,2,2,3,1,70,44,300,600,1,5
2729,8,55,8,1,3,2,9,55,60,180,2,5
2730,14,308,15,1,3,2,66,100,60,180,4,5
2731,13,485,14,1,3,1,62,40,0,300,2,5
2732,8,595,10,1,3,2,44,74,0,300,4,5
2733,11,365,11,2,3,2,77,30,420,540,3,5
2734,11,303,11,2,3,1,18,23,420,540,2,5
2735,11,7,11,1,3,2,14,79,60,180,4,5
2736,14,464,16,1,3,2,22,45,0,300,1,5
2737,6,486,8,1,3,2,33,47,60,180,4,5
2738,8,6,9,1,3,1,58,39,0,300,4,5
2739,12,158,12,1,3,1,20,99,180,300,1,5
2740,1,186,3,1,3,2,21,46,180,300,4,5
2741,1,525,2,1,3,1,90,0,0,300,2,5
2742,5,96,6,1,3,2,84,44,180,300,2,5
2743,10,18,11,1,3,2,34,89,180,300,4,5
2744,12,12,14,1,3,2,19,91,0,300,3,5
2745,10,479,12,1,3,1,9,77,60,180,4,5
2746,9,529,11,1,3,1,16,11,180,300,1,5
2747,11,138,11,1,3,1,25,63,180,300,3,5
2748,11,534,12,1,3,2,1,91,180,300,2,5
2749,13,539,14,1,3,1,97,20,180,300,4,5
2750,6,240,6,2,3,2,24,1,420,540,2,5
2751,13,566,15,1,3,1,74,33,60,180,1,5
2752,13,574,15,1,3,1,70,33,180,300,3,5
2753,4,405,4,2,3,2,41,69,420,540,1,5
2754,2,543,4,1,3,2,51,21,0,300,4,5
2755,7,138,7,1,3,1,90,56,180,300,1,5
2756,5,159,5,1,3,2,23,66,180,300,3,5
2757,5,495,6,1,3,1,57,80,180,300,3,5
2758,4,276,4,2,3,1,92,49,300,420,3,5
2759,5,349,7,1,3,1,85,43,180,300,2,5
2760,7,37,7,1,3,1,25,45,60,180,4,5
2761,14,335,14,2,3,1,26,35,420,540,2,5
2762,2,555,4,1,3,1,38,67,180,300,3,5
2763,12,162,12,1,3,1,86,48,180,300,1,5
2764,3,73,3,1,3,1,62,82,180,300,2,5
2765,1,24,2,1,3,2,7,49,0,300,3,5
2766,2,424,4,1,3,2,9,61,60,180,4,5
2767,12,550,13,1,3,2,100,64,0,300,1,5
2768,1,446,2,1,3,1,79,66,60,180,1,5
2769,6,37,6,1,3,1,39,31,60,180,2,5
2770,2,122,2,1,3,2,4,46,180,300,1,5
2771,1,424,2,1,3,1,81,19,180,300,1,5
2772,4,437,6,1,3,1,98,33,180,300,3,5
2773,8,274,8,2,3,2,18,96,300,600,1,5
2774,8,107,9,1,3,1,15,52,180,300,3,5
2775,9,536,11,1,3,1,23,1,60,180,1,5
2776,1,8,1,1,3,1,72,40,60,180,3,5
2777,2,407,3,1,3,1,50,16,180,300,3,5
2778,9,318,10,1,3,1,85,33,60,180,2,5
2779,9,359,11,1,3,2,19,19,180,300,3,5
2780,7,272,8,1,3,2,25,18,60,180,3,5
2781,14,400,14,2,3,1,89,58,420,540,1,5
2782,10,298,10,2,3,1,67,39,420,540,3,5
2783,7,498,8,1,3,2,78,72,0,300,4,5
2784,13,439,14,1,3,2,36,65,180,300,4,5
2785,7,82,7,1,3,2,80,71,180,300,4,5
2786,1,267,3,1,3,2,45,16,60,180,2,5
2787,11,34,11,1,3,2,63,0,60,180,1,5
2788,11,367,12,1,3,1,40,9,60,180,1,5
2789,13,397,13,2,3,1,66,93,420,540,2,5
2790,6,64,6,1,3,2,84,2,180,300,1,5
2791,8,354,9,1,3,1,77,40,0,300,1,5
2792,6,542,8,1,3,2,2,12,180,300,2,5
2793,8,590,9,1,3,2,83,72,0,300,1,5
2794,1,335,2,1,3,2,25,59,180,300,3,5
2795,9,374,10,2,3,1,43,63,60,180,2,5
2796,12,391,12,2,3,1,11,22,420,540,3,5
2797,9,339,9,2,3,1,88,90,420,540,2,5
2798,3,80,3,1,3,2,17,82,180,300,1,5
2799,5,36,6,1,3,2,73,0,60,180,4,5
2800,13,152,14,1,3,1,91,17,0,300,4,5
2801,5,583,6,1,3,2,19,0,0,300,3,5
2802,14,233,14,2,3,1,18,32,420,540,3,5
2803,13,282,14,1,3,1,79,65,60,180,4,5
2804,14,555,15,1,3,2,91,56,0,300,1,5
2805,2,407,3,1,3,2,3,44,180,300,1,5
2806,14,462,15,1,3,1,85,5,0,300,2,5
2807,3,449,4,1,3,2,26,75,0,300,3,5
2808,10,544,12,1,3,1,98,52,180,300,1,5
2809,2,172,2,1,3,2,7,83,180,300,2,5
2810,9,250,9,2,3,2,88,83,300,600,2,5
2811,7,313,7,2,3,2,48,42,420,540,4,5
2812,10,74,10,1,3,1,47,30,180,300,1,5
2813,13,318,14,1,3,2,25,52,180,300,3,5
2814,12,522,14,1,3,2,59,3,60,180,3,5
2815,4,481,5,1,3,1,95,64,0,300,4,5
2816,6,374,7,1,3,1,54,0,60,180,4,5
2817,3,153,3,1,3,1,80,40,180,300,3,5
2818,7,395,7,2,3,1,22,24,420,540,2,5
2819,14,569,16,1,3,1,66,90,180,300,4,5
2820,6,10,6,1,3,1,72,13,60,180,2,5
2821,5,215,6,1,3,1,78,39,0,300,3,5
2822,9,137,9,1,3,2,100,0,180,300,3,5
2823,8,429,10,1,3,1,47,4,0,300,4,5
2824,11,598,13,2,3,1,83,82,420,540,4,5
2825,2,247,3,1,3,2,44,42,0,300,3,5
2826,4,318,4,2,3,2,0,71,420,540,2,5
2827,11,519,12,1,3,1,26,38,180,300,3,5
2828,2,318,2,2,3,2,28,30,420,540,4,5
2829,5,104,6,1,3,1,64,68,180,300,2,5
2830,11,241,11,2,3,2,69,65,300,420,2,5
2831,12,465,14,1,3,2,18,79,180,300,1,5
2832,14,187,15,1,3,1,29,93,180,300,4,5
2833,5,293,6,1,3,1,68,13,0,300,3,5
2834,3,472,4,1,3,1,42,20,0,300,3,5
2835,1,339,2,1,3,2,82,83,180,300,4,5
2836,7,243,8,1,3,1,78,78,60,180,3,5
2837,5,285,6,1,3,1,6,31,0,300,3,5
2838,8,272,8,2,3,1,15,32,420,540,4,5
2839,11,67,13,1,3,2,99,32,0,300,4,5
2840,11,129,12,1,3,2,29,65,180,300,2,5
2841,1,500,2,1,3,1,27,72,180,300,3,5
2842,14,93,14,1,3,2,95,47,180,300,2,5
2843,4,110,6,1,3,1,52,24,60,180,4,5
2844,10,83,11,1,3,1,81,11,60,180,3,5
2845,13,501,14,1,3,2,72,47,180,300,4,5
2846,4,82,6,1,3,1,13,41,60,180,4,5
2847,3,521,4,1,3,2,4,70,0,300,2,5
2848,5,200,5,2,3,2,96,74,300,420,4,5
2849,11,122,11,1,3,2,60,76,180,300,2,5
2850,14,141,15,1,3,1,46,29,0,300,2,5
2851,11,525,13,1,3,1,82,85,0,300,1,5
2852,10,377,10,2,3,1,58,44,420,540,3,5
2853,14,382,15,1,3,2,24,6,60,180,3,5
2854,11,460,12,1,3,2,0,17,180,300,4,5
2855,13,33,14,1,3,2,53,8,0,300,2,5
2856,3,562,4,1,3,1,96,61,60,180,3,5
2857,13,447,14,1,3,2,36,57,60,180,2,5
2858,7,106,8,1,3,1,2,47,0,300,1,5
2859,14,443,16,1,3,2,80,20,60,180,1,5
2860,4,264,5,1,3,2,8,97,0,300,4,5
2861,6,397,6,2,3,1,97,96,420,540,2,5
2862,7,167,8,1,3,2,49,49,180,300,2,5
2863,2,453,4,1,3,1,66,58,180,300,4,5
2864,1,432,2,1,3,1,21,3,0,300,4,5
2865,5,77,5,1,3,2,77,18,180,300,2,5
2866,6,22,6,1,3,2,0,3,60,180,4,5
2867,5,146,5,1,3,2,47,87,180,300,4,5
2868,8,587,10,1,3,2,7,42,0,300,4,5
2869,10,24,10,1,3,1,72,98,60,180,3,5
2870,13,158,13,1,3,2,39,91,180,300,1,5
2871,13,97,13,1,3,2,16,94,180,300,2,5
2872,5,91,5,1,3,1,62,33,180,300,3,5
2873,14,110,14,1,3,2,83,45,180,300,4,5
2874,10,231,12,1,3,2,40,11,180,300,3,5
2875,7,61,7,1,3,2,58,11,180,300,2,5
2876,4,197,5,1,3,2,19,64,60,180,2,5
2877,5,134,6,1,3,2,7,58,60,180,2,5
2878,6,2,7,1,3,2,9,14,0,300,1,5
2879,2,25,2,1,3,1,82,15,60,180,2,5
2880,14,410,15,1,3,1,20,46,0,300,4,5
2881,10,29,11,1,3,1,85,100,60,180,2,5
2882,5,261,6,1,3,1,40,100,0,300,2,5
2883,9,371,9,2,3,2,90,29,420,540,2,5
2884,8,290,8,2,3,1,7,37,300,420,1,5
2885,11,253,11,2,3,2,0,65,420,540,3,5
2886,3,221,3,2,3,2,21,83,300,600,1,5
2887,10,229,10,2,3,2,73,80,420,540,4,5
2888,3,111,3,1,3,2,67,98,180,300,4,5
2889,2,190,3,1,3,1,65,47,60,180,4,5
2890,5,13,6,1,3,1,20,29,0,300,4,5
2891,12,537,13,1,3,1,35,97,60,180,2,5
2892,12,7,13,1,3,2,40,6,0,300,2,5
2893,2,449,3,1,3,1,4,99,180,300,2,5
2894,6,327,7,1,3,2,20,80,60,180,4,5
2895,1,556,2,1,3,2,72,48,180,300,2,5
2896,14,244,14,2,3,2,94,85,300,600,1,5
2897,12,111,12,1,3,2,27,66,180,300,3,5
2898,5,10,5,1,3,1,60,98,60,180,1,5
2899,2,19,2,1,3,1,87,77,60,180,2,5
2900,5,372,5,2,3,2,14,48,420,540,3,5
2901,10,180,11,2,3,1,22,34,420,540,1,5
2902,2,411,2,2,3,1,36,87,420,540,1,5
2903,14,205,14,2,3,2,55,44,300,420,4,5
2904,5,179,6,1,3,1,11,27,0,300,3,5
2905,4,416,4,2,3,1,51,54,420,540,1,5
2906,6,398,6,2,3,1,75,80,420,540,1,5
2907,13,32,14,1,3,1,42,38,60,180,2,5
2908,12,421,13,1,3,2,56,72,0,300,1,5
2909,10,450,11,1,3,2,90,47,180,300,2,5
2910,6,28,7,1,3,1,75,40,180,300,4,5
2911,10,307,10,2,3,1,28,25,420,540,3,5
2912,3,32,4,1,3,2,29,90,60,180,4,5
2913,1,550,2,1,3,2,63,5,60,180,2,5
2914,2,473,4,1,3,2,97,17,0,300,3,5
2915,9,423,11,1,3,2,59,37,180,300,2,5
2916,14,402,15,1,3,2,16,21,0,300,2,5
2917,8,93,8,1,3,2,13,33,180,300,1,5
2918,4,220,4,2,3,1,56,60,420,540,4,5
2919,7,410,8,1,3,2,93,9,60,180,4,5
2920,8,223,8,2,3,1,72,60,420,540,4,5
2921,13,543,14,1,3,2,14,20,180,300,4,5
2922,8,142,8,1,3,2,15,86,180,300,1,5
2923,6,65,6,1,3,1,54,0,180,300,2,5
2924,10,142,10,1,3,1,47,75,180,300,2,5
2925,12,293,12,2,3,2,99,74,300,600,1,5
2926,13,517,15,1,3,2,15,51,0,300,2,5
2927,4,500,6,1,3,2,66,14,180,300,3,5
2928,14,0,14,1,3,2,83,99,60,180,2,5
2929,4,353,4,2,3,2,18,52,420,540,3,5
2930,13,122,13,1,3,1,91,39,180,300,1,5
2931,9,355,10,1,3,1,62,1,180,300,1,5
2932,6,319,6,2,3,2,3,12,420,540,4,5
2933,2,369,3,1,3,1,32,41,60,180,4,5
2934,12,58,14,1,3,2,8,79,0,300,3,5
2935,13,58,13,1,3,1,46,78,60,180,4,5
2936,7,59,8,1,3,2,100,44,60,180,1,5
2937,7,594,9,1,3,1,21,27,60,180,3,5
2938,11,180,12,1,3,2,67,80,0,300,1,5
2939,6,127,7,1,3,2,14,60,180,300,3,5
2940,8,275,8,2,3,2,59,93,300,420,2,5
2941,13,5,13,1,3,1,66,27,60,180,3,5
2942,3,101,3,1,3,1,63,88,180,300,2,5
2943,13,169,14,1,3,1,38,9,180,300,1,5
2944,13,282,13,2,3,2,40,13,420,540,4,5
2945,6,573,8,1,3,1,7,82,60,180,1,5
2946,6,73,6,1,3,1,77,41,180,300,2,5
2947,2,385,3,1,3,1,74,52,180,300,1,5
2948,10,187,10,2,3,2,42,26,300,600,1,5
2949,8,468,9,1,3,2,30,9,0,300,3,5
2950,7,334,7,2,3,1,0,87,420,540,4,5
2951,9,541,11,1,3,2,39,35,60,180,3,5
2952,8,468,10,1,3,2,55,94,0,300,3,5
2953,5,520,6,1,3,1,76,89,60,180,1,5
2954,7,502,9,1,3,2,77,0,180,300,3,5
2955,5,463,6,1,3,2,83,91,60,180,2,5
2956,9,152,9,1,3,1,38,51,180,300,2,5
2957,5,169,5,1,3,1,27,1,180,300,2,5
2958,8,507,9,1,3,2,97,19,60,180,2,5
2959,11,325,12,1,3,1,18,39,60,180,3,5
2960,6,316,7,1,3,1,11,96,60,180,1,5
2961,4,402,5,1,3,2,78,28,0,300,3,5
2962,2,248,2,2,3,1,86,7,300,600,2,5
2963,10,76,10,1,3,2,10,39,180,300,4,5
2964,2,19,2,1,3,1,78,46,60,180,4,5
2965,1,13,1,1,3,1,34,26,60,180,2,5
2966,8,520,9,1,3,2,33,25,0,300,3,5
2967,10,415,11,1,3,1,69,33,0,300,2,5
2968,11,62,11,1,3,1,67,18,180,300,3,5
2969,5,598,7,1,3,2,23,26,60,180,3,5
2970,5,153,6,1,3,1,46,19,180,300,1,5
2971,5,547,7,1,3,2,7,50,180,300,4,5
2972,14,544,16,1,3,1,14,56,0,300,3,5
2973,3,551,5,1,3,1,10,85,180,300,3,5
2974,14,351,14,2,3,2,1,73,420,540,2,5
2975,3,415,3,2,3,2,18,58,420,540,1,5
2976,7,68,7,1,3,2,46,79,180,300,1,5
2977,4,278,4,2,3,1,36,30,300,600,4,5
2978,12,134,12,1,3,1,47,70,180,300,2,5
2979,7,363,7,2,3,2,16,22,420,540,1,5
2980,4,153,4,1,3,2,12,91,180,300,1,5
2981,8,144,9,1,3,2,79,58,60,180,4,5
2982,2,387,2,2,3,1,44,22,420,540,4,5
2983,8,423,10,1,3,2,37,74,180,300,2,5
2984,2,32,2,1,3,1,10,64,60,180,4,5
2985,1,201,1,2,3,2,31,94,300,600,2,5
2986,5,115,5,1,3,2,34,58,180,300,4,5
2987,1,349,1,2,3,2,33,46,420,540,1,5
2988,9,15,9,1,3,1,35,87,60,180,4,5
2989,11,418,12,1,3,1,22,47,0,300,3,5
2990,9,395,9,2,3,2,93,58,420,540,3,5
2991,5,505,6,1,3,1,96,2,180,300,2,5
2992,10,538,12,1,3,2,76,72,180,300,1,5
2993,12,346,12,2,3,2,62,42,420,540,4,5
2994,9,105,9,1,3,2,44,29,180,300,1,5
2995,13,299,13,2,3,1,59,10,300,600,2,5
2996,10,347,10,2,3,1,59,96,420,540,1,5
2997,3,407,3,2,3,2,81,93,420,540,2,5
2998,3,142,3,1,3,2,66,80,180,300,4,5
2999,10,540,11,1,3,1,56,78,180,300,3,5
3000,8,280,8,2,3,2,47,20,300,420,2,5
3001,2,350,3,1,3,2,75,5,180,300,1,5
3002,10,523,12,1,3,1,39,93,180,300,3,5
3003,5,387,6,1,3,2,45,44,0,300,2,5
3004,1,245,1,2,3,1,0,79,300,600,1,5
3005,12,503,13,1,3,1,48,36,0,300,4,5
3006,12,447,14,1,3,1,90,24,0,300,3,5
3007,14,447,15,1,3,1,20,99,180,300,4,5
3008,1,208,1,2,3,1,86,11,300,420,1,5
3009,8,503,9,1,3,1,50,33,180,300,3,5
3010,10,173,10,1,3,2,18,72,180,300,2,5
3011,12,578,13,1,3,1,0,5,0,300,4,5
3012,6,386,6,2,3,2,42,7,420,540,4,5
3013,13,93,14,1,3,1,54,50,180,300,2,5
3014,9,471,11,1,3,1,61,16,60,180,1,5
3015,5,462,6,1,3,2,37,68,60,180,4,5
3016,1,594,3,1,3,2,40,20,180,300,2,5
3017,4,187,4,2,3,1,41,74,420,540,1,5
3018,3,236,3,2,3,2,52,84,420,540,4,5
3019,3,182,3,2,3,2,11,98,300,420,1,5
3020,6,84,7,1,3,2,41,75,180,300,4,5
3021,11,470,12,1,3,1,11,81,180,300,2,5
3022,14,124,14,1,3,1,47,34,180,300,1,5
3023,10,129,10,1,3,2,90,88,180,300,2,5
3024,8,139,8,1,3,2,75,16,180,300,2,5
3025,6,590,7,1,3,1,29,87,60,180,3,5
3026,13,77,14,1,3,2,92,28,0,300,3,5
3027,10,366,11,1,3,2,75,97,180,300,1,5
3028,1,194,1,2,3,1,58,5,300,420,4,5
3029,2,317,2,2,3,2,14,93,420,540,1,5
3030,1,134,1,1,3,1,73,83,180,300,1,5
3031,10,473,11,1,3,1,92,88,0,300,3,5
3032,5,87,7,1,3,1,41,63,60,180,3,5
3033,12,206,12,2,3,1,54,56,420,540,2,5
3034,7,177,8,1,3,1,82,29,60,180,2,5
3035,4,491,5,1,3,2,64,68,180,300,4,5
3036,13,54,14,1,3,1,24,53,60,180,2,5
3037,8,33,8,1,3,1,11,11,60,180,1,5
3038,3,50,4,1,3,2,96,91,60,180,1,5
3039,2,130,3,1,3,2,84,4,0,300,2,5
3040,5,499,6,1,3,2,4,49,60,180,1,5
3041,3,517,5,1,3,2,72,71,180,300,2,5
3042,13,76,14,1,3,2,91,18,0,300,2,5
3043,8,271,8,2,3,1,61,31,300,420,4,5
3044,7,359,8,1,3,1,23,35,180,300,4,5
3045,8,268,8,2,3,2,75,27,300,420,3,5
3046,12,388,13,1,3,2,100,47,180,300,1,5
3047,10,65,10,1,3,2,78,98,180,300,3,5
3048,11,314,11,2,3,2,70,29,420,540,3,5
3049,1,98,2,1,3,2,30,51,60,180,2,5
3050,3,423,4,1,3,2,21,84,0,300,2,5
3051,3,45,3,1,3,2,12,63,60,180,4,5
3052,9,390,9,2,3,1,80,92,420,540,1,5
3053,7,369,7,2,3,1,86,31,420,540,1,5
3054,6,326,7,1,3,2,50,48,0,300,3,5
3055,6,281,6,2,3,2,0,48,420,540,3,5
3056,11,558,12,2,3,1,58,39,300,420,2,5
3057,5,71,5,1,3,2,17,65,180,300,2,5
3058,6,141,6,1,3,1,90,60,180,300,1,5
3059,8,385,8,2,3,2,62,10,420,540,4,5
3060,6,263,6,2,3,2,89,21,300,600,2,5
3061,7,281,7,2,3,2,7,22,420,540,1,5
3062,8,17,8,1,3,1,98,14,60,180,1,5
3063,4,490,6,1,3,2,17,47,0,300,4,5
3064,14,463,16,1,3,1,85,100,180,300,2,5
3065,2,417,3,1,3,1,67,13,180,300,3,5
3066,6,600,8,1,3,2,39,24,0,300,3,5
3067,9,589,11,1,3,1,8,21,0,300,3,5
3068,7,161,7,1,3,2,65,57,180,300,3,5
3069,4,393,5,1,3,1,20,59,60,180,4,5
3070,9,350,9,2,3,2,2,74,420,540,2,5
3071,4,276,5,1,3,2,13,37,60,180,3,5
3072,4,148,5,1,3,1,29,65,60,180,2,5
3073,5,19,5,1,3,2,84,60,60,180,4,5
3074,12,429,13,1,3,1,25,78,180,300,2,5
3075,8,252,8,2,3,1,34,54,300,600,3,5
3076,9,302,11,1,3,1,58,12,0,300,3,5
3077,1,121,2,1,3,2,29,97,0,300,4,5
3078,14,128,16,1,3,2,56,86,180,300,4,5
3079,6,501,7,1,3,1,39,60,60,180,4,5
3080,1,410,2,1,3,2,28,42,180,300,1,5
3081,4,568,6,1,3,2,20,89,60,180,4,5
3082,11,345,11,2,3,2,72,46,420,540,1,5
3083,11,109,11,1,3,1,25,66,180,300,2,5
3084,5,242,5,2,3,1,59,12,420,540,1,5
3085,11,7,11,1,3,2,30,65,60,180,2,5
3086,1,430,3,1,3,2,7,53,60,180,1,5
3087,3,470,5,1,3,1,83,55,60,180,3,5
3088,2,403,2,2,3,2,62,11,420,540,4,5
3089,2,481,4,1,3,2,11,57,0,300,2,5
3090,8,256,8,2,3,1,5,59,420,540,1,5
3091,5,452,7,1,3,2,99,20,60,180,2,5
3092,6,547,8,1,3,2,48,100,60,180,2,5
3093,8,175,8,1,3,2,4,9,180,300,2,5
3094,13,201,14,1,3,2,88,90,0,300,1,5
3095,10,239,10,2,3,1,9,69,420,540,4,5
3096,12,427,13,1,3,1,65,94,60,180,4,5
3097,5,188,6,1,3,1,71,29,60,180,3,5
3098,13,110,14,1,3,2,82,24,180,300,4,5
3099,5,108,7,1,3,1,93,79,60,180,1,5
3100,10,279,11,1,3,1,0,88,180,300,4,5
3101,7,593,9,1,3,1,10,61,0,300,1,5
3102,8,142,9,1,3,1,9,10,180,300,1,5
3103,10,223,10,2,3,1,88,82,420,540,3,5
3104,11,419,12,1,3,1,16,35,0,300,2,5
3105,1,153,1,1,3,2,57,31,180,300,2,5
3106,13,566,14,1,3,2,27,14,180,300,4,5
3107,9,136,9,1,3,2,13,44,180,300,2,5
3108,3,48,4,1,3,2,70,30,60,180,3,5
3109,1,466,3,1,3,2,85,56,60,180,2,5
3110,1,144,2,1,3,2,85,0,180,300,2,5
3111,3,128,4,1,3,1,82,37,180,300,4,5
3112,3,537,5,1,3,2,72,63,180,300,4,5
3113,12,410,12,2,3,1,82,31,420,540,3,5
3114,14,325,15,1,3,2,61,81,180,300,3,5
3115,9,136,10,1,3,2,94,44,180,300,1,5
3116,3,401,4,1,3,2,100,23,0,300,1,5
3117,5,84,5,1,3,1,47,38,180,300,1,5
3118,12,482,14,1,3,1,14,55,0,300,1,5
3119,9,363,10,1,3,1,41,81,0,300,2,5
3120,2,8,3,1,3,2,59,11,0,300,2,5
1,,,1,1,2,1,7,61,300,600,1,5
2,,,1,1,2,2,88,54,420,540,3,5
3,,,1,1,2,2,76,62,300,600,2,5
4,,,1,1,2,1,20,5,300,600,4,5
5,,,1,1,2,1,100,55,300,600,4,5
6,,,1,1,2,2,6,29,300,600,1,5
7,,,1,1,2,2,16,36,420,540,3,5
8,,,1,1,2,2,67,68,420,540,1,5
9,,,1,1,2,1,99,93,300,600,4,5
10,,,1,1,2,2,99,91,300,600,2,5
11,,,1,1,2,2,59,66,420,540,1,5
12,,,1,1,2,2,36,55,420,540,2,5
13,,,1,1,2,2,21,46,420,540,3,5
14,,,1,1,2,2,11,39,420,540,2,5
15,,,1,1,2,1,12,99,300,600,3,5
16,,,1,1,2,2,37,33,300,600,4,5
17,,,1,1,2,2,34,7,300,600,2,5
18,,,1,1,2,2,91,76,300,600,2,5
19,,,1,1,2,2,39,83,300,600,2,5
20,,,1,1,2,2,37,26,420,540,3,5
21,,,1,1,2,1,63,86,420,540,3,5
22,,,1,1,2,2,39,15,420,540,2,5
23,,,1,1,2,2,56,48,300,600,3,5
24,,,1,1,2,2,38,31,420,540,4,5
25,,,1,1,2,2,73,1,300,600,3,5
26,,,1,1,2,1,47,68,420,540,2,5
27,,,1,1,2,2,86,24,300,600,1,5
28,,,1,1,2,2,10,61,420,540,3,5
29,,,1,1,2,2,77,30,420,540,4,5
30,,,1,1,2,1,92,49,300,600,2,5
31,,,1,1,2,2,85,67,300,600,1,5
32,,,1,1,2,2,26,8,300,600,1,5
33,,,1,1,2,1,58,54,420,540,1,5
34,,,1,1,2,1,19,55,420,540,1,5
35,,,1,1,2,2,56,21,420,540,2,5
36,,,1,1,2,2,87,10,420,540,1,5
37,,,1,1,2,1,58,54,420,540,3,5
38,,,1,1,2,2,67,85,420,540,3,5
39,,,1,1,2,2,81,97,420,540,4,5
40,,,1,1,2,1,68,71,300,600,2,5
41,,,1,1,2,2,46,100,420,540,4,5
42,,,1,1,2,2,65,72,420,540,1,5
43,,,1,1,2,1,87,11,300,600,1,5
44,,,1,1,2,1,75,99,420,540,3,5
45,,,1,1,2,2,71,39,300,600,2,5
46,,,1,1,2,1,35,75,300,600,4,5
47,,,1,1,2,2,6,55,300,600,2,5
48,,,1,1,2,1,78,72,300,600,2,5
49,,,1,1,2,1,64,17,300,600,3,5
50,,,1,1,2,2,14,5,420,540,4,5
51,,,1,1,2,1,30,38,300,600,1,5
52,,,1,1,2,1,93,59,300,600,3,5
53,,,1,1,2,2,59,70,420,540,2,5
54,,,1,1,2,1,12,20,420,540,4,5
55,,,1,1,2,2,97,70,300,600,4,5
56,,,1,1,2,2,88,73,420,540,3,5
57,,,1,1,2,1,45,92,420,540,1,5
58,,,1,1,2,1,35,65,300,600,2,5
59,,,2,2,2,2,40,80,60,180,1,5
60,,,1,1,2,1,57,41,300,600,2,5
61,,,1,1,2,2,38,68,420,540,4,5
62,,,1,1,2,2,86,49,300,600,1,5
63,,,1,1,2,1,73,10,300,600,1,5
64,,,1,1,2,2,11,48,420,540,3,5
65,,,1,1,2,1,97,95,300,600,1,5
66,,,1,1,2,1,19,98,300,600,1,5
67,,,1,1,2,1,31,5,300,600,4,5
68,,,1,1,2,1,72,54,420,540,4,5
69,,,1,1,2,1,100,6,300,600,1,5
70,,,1,1,2,2,45,57,300,600,4,5
71,,,1,1,2,1,53,93,420,540,3,5
72,,,1,1,2,1,100,93,300,600,2,5
73,,,1,1,2,2,73,4,300,600,2,5
74,,,1,1,2,2,66,98,420,540,1,5
75,,,1,1,2,2,71,42,300,600,4,5
76,,,1,1,2,1,77,51,420,540,1,5
77,,,1,1,2,1,24,20,300,600,4,5
78,,,1,1,2,2,16,22,420,540,1,5
79,,,1,1,2,2,86,51,420,540,4,5
80,,,1,1,2,1,55,14,300,600,1,5
81,,,1,1,2,2,65,86,300,600,2,5
82,,,1,1,2,2,55,96,420,540,1,5
83,,,1,1,2,2,24,98,300,600,4,5
84,,,1,1,2,1,49,39,420,540,2,5
85,,,1,1,2,2,29,64,420,540,3,5
86,,,1,1,2,2,21,8,420,540,4,5
87,,,1,1,2,2,64,62,300,600,4,5
88,,,1,1,2,1,5,80,300,600,2,5
89,,,1,1,2,1,94,95,300,600,3,5
90,,,1,1,2,1,92,18,300,600,4,5
91,,,1,1,2,1,39,42,300,600,2,5
92,,,1,1,2,2,51,62,300,600,1,5
93,,,1,1,2,2,89,69,300,600,3,5
94,,,1,1,2,2,57,44,420,540,1,5
95,,,1,1,2,1,51,35,300,600,1,5
96,,,1,1,2,2,99,62,420,540,4,5
97,,,1,1,2,1,37,9,420,540,2,5
98,,,1,1,2,1,73,49,300,600,2,5
99,,,1,1,2,2,58,52,420,540,3,5
100,,,1,1,2,1,54,50,420,540,2,5
101,,,1,1,2,1,60,0,300,600,3,5
102,,,1,1,2,1,54,22,300,600,3,5
103,,,1,1,2,1,43,97,420,540,1,5
104,,,1,1,2,1,24,36,420,540,2,5
105,,,1,1,2,2,74,37,300,600,4,5
106,,,2,2,2,1,67,48,300,420,1,5
107,,,1,1,2,2,10,32,420,540,2,5
108,,,1,1,2,1,39,35,300,600,4,5
109,,,1,1,2,1,2,31,420,540,4,5
110,,,1,1,2,1,59,96,420,540,1,5
111,,,2,2,2,1,93,87,0,300,2,5
112,,,1,1,2,2,78,56,420,540,3,5
113,,,1,1,2,2,64,61,300,600,3,5
114,,,2,2,2,2,21,100,0,300,2,5
115,,,1,1,2,1,19,83,420,540,4,5
116,,,1,1,2,1,11,55,420,540,3,5
117,,,1,1,2,1,82,56,420,540,2,5
118,,,1,1,2,1,67,65,420,540,3,5
119,,,1,1,2,2,81,89,300,600,3,5
120,,,2,1,2,1,90,17,420,540,2,5
121,,,2,1,2,1,18,43,300,600,1,5
122,,,2,1,2,1,41,100,420,540,3,5
123,,,2,1,2,2,32,31,300,600,2,5
124,,,2,1,2,1,44,95,300,600,2,5
125,,,2,1,2,2,65,23,300,600,1,5
126,,,2,1,2,2,26,69,420,540,2,5
127,,,2,1,2,2,65,1,420,540,1,5
128,,,2,1,2,2,60,17,420,540,1,5
129,,,2,1,2,2,68,41,300,600,2,5
130,,,3,2,2,2,27,24,300,420,2,5
131,,,2,1,2,1,25,33,300,600,4,5
132,,,2,1,2,1,6,60,420,540,4,5
133,,,2,1,2,2,29,11,420,540,3,5
134,,,2,1,2,2,87,64,300,600,4,5
135,,,2,1,2,1,32,6,300,600,4,5
136,,,2,1,2,2,64,95,420,540,4,5
137,,,2,1,2,1,28,4,300,600,3,5
138,,,2,1,2,1,97,23,420,540,1,5
139,,,2,1,2,2,79,44,420,540,3,5
140,,,2,1,2,2,1,100,300,600,4,5
141,,,2,1,2,1,38,85,420,540,3,5
142,,,2,1,2,2,20,100,420,540,2,5
143,,,2,1,2,1,63,5,300,600,4,5
144,,,2,1,2,2,35,47,420,540,4,5
145,,,2,1,2,1,69,60,300,600,1,5
146,,,2,1,2,1,28,13,420,540,1,5
147,,,2,1,2,2,40,81,420,540,1,5
148,,,2,1,2,1,48,50,300,600,2,5
149,,,3,2,2,1,36,27,180,300,1,5
150,,,2,1,2,1,44,79,420,540,2,5
151,,,11,1,2,1,72,34,420,540,1,5
152,,,14,1,2,2,36,67,420,540,3,5
153,,,9,2,2,1,43,94,0,300,4,5
154,,,8,1,2,2,90,43,420,540,4,5
155,,,7,1,2,2,57,17,420,540,3,5
156,,,8,1,2,1,61,73,300,600,2,5
157,,,10,2,2,2,0,16,180,300,1,5
158,,,10,1,2,1,82,65,300,600,2,5
159,,,6,1,2,2,69,24,300,600,3,5
160,,,12,1,2,2,53,43,420,540,1,5
161,,,3,1,2,2,18,19,420,540,2,5
162,,,5,1,2,1,57,68,300,600,1,5
163,,,15,1,2,1,33,12,300,600,3,5
164,,,5,1,2,1,78,40,420,540,2,5
165,,,6,2,2,2,75,51,0,300,3,5
166,,,3,1,2,1,76,54,420,540,3,5
167,,,7,1,2,2,81,14,420,540,1,5
168,,,10,1,2,2,14,34,420,540,2,5
169,,,12,1,2,1,58,16,420,540,1,5
170,,,11,1,2,1,83,43,420,540,4,5
171,,,6,2,2,2,12,57,300,600,4,5
172,,,4,1,2,2,72,79,300,600,1,5
173,,,8,1,2,1,43,31,300,600,2,5
174,,,10,1,2,1,1,11,420,540,2,5
175,,,5,1,2,2,76,32,300,600,4,5
176,,,15,1,2,2,26,42,300,600,1,5
177,,,9,2,2,2,63,28,420,540,4,5
178,,,14,2,2,1,99,86,60,180,1,5
179,,,15,1,2,2,26,98,420,540,2,5
180,,,8,1,2,1,91,56,300,600,1,5
181,,,5,2,2,2,9,27,180,300,3,5
182,,,9,1,2,2,20,84,420,540,4,5
183,,,8,1,2,1,47,74,300,600,3,5
184,,,13,1,2,1,77,34,420,540,2,5
185,,,1,1,2,2,25,92,300,600,1,5
186,,,10,1,2,1,82,12,420,540,1,5
187,,,8,1,2,2,45,65,420,540,3,5
188,,,7,1,2,1,27,10,420,540,1,5
189,,,16,1,2,2,18,20,300,600,2,5
190,,,5,1,2,2,86,83,420,540,3,5
191,,,7,1,2,1,43,28,300,600,2,5
192,,,14,1,2,1,90,3,420,540,1,5
193,,,15,2,2,1,11,93,0,300,1,5
194,,,14,2,2,2,62,29,300,600,1,5
195,,,10,2,2,1,58,97,0,300,2,5
196,,,14,1,2,1,25,5,420,540,1,5
197,,,3,1,2,1,92,67,300,600,2,5
198,,,3,2,2,2,23,84,0,300,1,5
199,,,3,1,2,1,62,95,420,540,4,5
200,,,8,1,2,2,99,19,420,540,4,5
201,,,2,2,2,2,61,40,420,540,1,5
202,,,5,2,2,2,92,3,0,300,2,5
203,,,6,1,2,1,41,92,420,540,2,5
204,,,5,1,2,2,3,90,420,540,1,5
205,,,10,2,2,2,94,47,0,300,4,5
206,,,8,1,2,2,55,28,420,540,2,5
207,,,15,1,2,2,72,100,420,540,3,5
208,,,6,1,2,2,7,40,420,540,3,5
209,,,3,2,2,1,81,3,300,600,2,5
210,,,4,1,2,1,4,82,420,540,3,5
211,,,13,2,2,1,90,27,60,180,1,5
212,,,3,1,2,1,91,36,420,540,3,5
213,,,2,1,2,2,41,85,300,600,2,5
214,,,2,1,2,1,40,24,420,540,4,5
215,,,6,1,2,1,75,17,420,540,4,5
216,,,12,1,2,2,68,43,420,540,1,5
217,,,7,2,2,2,27,85,60,180,3,5
218,,,11,1,2,1,54,24,420,540,3,5
219,,,5,2,2,2,97,61,420,540,4,5
220,,,8,1,2,1,59,22,300,600,2,5
221,,,10,1,2,2,33,92,300,600,3,5
222,,,14,2,2,1,98,10,60,180,4,5
223,,,14,1,2,2,73,37,300,600,1,5
224,,,1,1,2,2,81,50,420,540,3,5
225,,,15,2,2,2,84,28,420,540,2,5
226,,,6,2,2,2,34,2,300,420,2,5
227,,,7,2,2,2,82,84,420,540,3,5
228,,,8,1,2,2,78,73,300,600,3,5
229,,,4,1,2,2,92,27,300,600,1,5
230,,,3,2,2,2,43,64,0,300,4,5
231,,,6,1,2,1,76,27,420,540,3,5
232,,,15,1,2,2,60,64,300,600,4,5
233,,,6,1,2,2,40,5,300,600,2,5
234,,,5,1,2,1,41,79,420,540,4,5
235,,,6,2,2,1,89,51,180,300,3,5
236,,,14,1,2,2,3,49,420,540,1,5
237,,,6,2,2,1,97,70,300,420,2,5
238,,,15,1,2,2,41,32,300,600,3,5
239,,,4,1,2,2,81,33,420,540,3,5
240,,,15,1,2,2,65,9,300,600,1,5
241,,,6,1,2,1,5,41,420,540,2,5
242,,,14,1,2,2,29,3,420,540,2,5
243,,,14,2,2,1,31,31,180,300,3,5
244,,,3,1,2,2,61,28,300,600,2,5
245,,,7,1,2,2,12,26,420,540,4,5
246,,,15,2,2,1,63,3,0,300,2,5
247,,,14,1,2,2,12,18,420,540,2,5
248,,,13,1,2,2,8,64,420,540,4,5
249,,,9,1,2,1,28,16,420,540,1,5
250,,,8,2,2,1,69,54,180,300,4,5
251,,,9,1,2,2,4,20,420,540,1,5
252,,,7,1,2,2,57,91,300,600,4,5
253,,,12,2,2,1,48,17,60,180,2,5
254,,,7,1,2,1,80,74,300,600,2,5
255,,,12,1,2,1,55,75,420,540,3,5
256,,,8,1,2,2,80,13,420,540,1,5
257,,,15,1,2,1,23,53,300,600,4,5
258,,,4,1,2,2,98,51,420,540,4,5
259,,,3,1,2,1,88,29,300,600,2,5
260,,,6,1,2,2,7,56,420,540,1,5
261,,,12,1,2,2,4,73,300,600,3,5
262,,,11,1,2,2,38,86,420,540,1,5
263,,,7,1,2,1,45,94,420,540,3,5
264,,,7,1,2,2,52,98,300,600,4,5
265,,,5,1,2,2,8,62,300,600,1,5
266,,,6,1,2,2,72,50,300,600,2,5
267,,,14,2,2,1,55,16,0,300,1,5
268,,,8,1,2,1,77,52,420,540,1,5
269,,,4,1,2,2,27,12,420,540,2,5
270,,,4,1,2,1,50,14,300,600,4,5
271,,,13,1,2,2,18,60,300,600,4,5
272,,,15,2,2,2,63,58,0,300,1,5
273,,,12,2,2,1,65,47,60,180,4,5
274,,,8,1,2,1,88,74,300,600,2,5
275,,,14,2,2,1,97,89,60,180,4,5
276,,,9,1,2,1,27,8,300,600,1,5
277,,,9,2,2,1,22,85,180,300,4,5
278,,,11,1,2,2,56,77,420,540,3,5
279,,,14,2,2,1,61,87,0,300,3,5
280,,,2,1,2,1,5,33,420,540,3,5
281,,,7,1,2,1,73,25,300,600,4,5
282,,,3,1,2,1,7,73,420,540,2,5
283,,,9,1,2,1,12,40,300,600,3,5
284,,,1,1,2,1,87,12,300,600,4,5
285,,,12,2,2,2,50,25,60,180,2,5
286,,,15,2,2,1,12,53,0,300,2,5
287,,,15,1,2,2,0,79,300,600,3,5
288,,,8,1,2,1,68,85,420,540,3,5
289,,,8,1,2,2,77,20,300,600,2,5
290,,,16,1,2,1,84,27,300,600,2,5
291,,,2,1,2,2,90,76,300,600,2,5
292,,,2,1,2,2,38,18,300,600,4,5
293,,,15,1,2,2,25,35,300,600,2,5
294,,,13,1,2,2,91,29,300,600,1,5
295,,,6,1,2,2,9,75,420,540,1,5
296,,,2,1,2,2,82,95,300,600,4,5
297,,,3,1,2,2,45,18,420,540,1,5
298,,,14,1,2,2,35,19,300,600,1,5
299,,,12,1,2,1,80,74,420,540,2,5
300,,,3,2,2,1,74,85,300,600,2,5
301,,,11,1,2,1,99,80,420,540,2,5
302,,,11,1,2,1,51,100,300,600,1,5
303,,,11,1,2,2,56,74,300,600,3,5
304,,,8,1,2,2,96,83,300,600,2,5
305,,,7,2,2,1,55,99,420,540,2,5
306,,,11,1,2,1,40,36,300,600,1,5
307,,,5,2,2,2,52,29,0,300,3,5
308,,,3,1,2,1,68,22,300,600,3,5
309,,,14,2,2,2,13,86,420,540,4,5
310,,,7,1,2,1,62,49,300,600,3,5
311,,,12,1,2,2,71,72,300,600,3,5
312,,,13,1,2,1,76,27,300,600,4,5
313,,,2,1,2,2,84,12,300,600,3,5
314,,,11,1,2,2,11,2,300,600,1,5
315,,,12,1,2,2,1,57,420,540,3,5
316,,,8,1,2,2,29,29,300,600,1,5
317,,,1,1,2,1,72,75,420,540,3,5
318,,,15,2,2,1,40,49,180,300,3,5
319,,,4,1,2,1,7,42,300,600,4,5
320,,,11,1,2,1,44,48,300,600,3,5
321,,,12,1,2,2,41,22,420,540,1,5
322,,,13,1,2,1,79,72,420,540,4,5
323,,,2,1,2,1,54,88,420,540,1,5
324,,,14,1,2,1,83,34,300,600,2,5
325,,,11,1,2,1,39,37,300,600,3,5
326,,,11,1,2,2,17,84,300,600,3,5
327,,,15,1,2,1,44,10,300,600,3,5
328,,,15,1,2,1,37,36,420,540,2,5
329,,,5,2,2,2,88,79,180,300,1,5
330,,,6,1,2,2,50,2,300,600,2,5
331,,,13,1,2,1,24,57,420,540,1,5
332,,,12,1,2,1,47,84,300,600,4,5
333,,,2,2,2,1,94,63,300,600,2,5
334,,,3,1,2,2,33,82,420,540,2,5
335,,,5,1,2,1,45,91,300,600,4,5
336,,,9,1,2,1,41,31,420,540,3,5
337,,,14,1,2,1,77,58,300,600,2,5
338,,,2,2,2,2,59,24,180,300,3,5
339,,,6,1,2,1,91,67,420,540,3,5
340,,,15,2,2,1,14,52,0,300,4,5
341,,,16,1,2,1,60,32,300,600,1,5
342,,,3,1,2,1,83,49,300,600,4,5
343,,,4,1,2,2,15,20,420,540,4,5
344,,,6,2,2,2,99,65,0,300,1,5
345,,,5,1,2,1,33,87,300,600,4,5
346,,,9,1,2,2,3,94,300,600,2,5
347,,,14,1,2,2,89,15,300,600,1,5
348,,,10,1,2,2,34,75,420,540,2,5
349,,,5,2,2,2,89,55,0,300,2,5
350,,,2,1,2,2,12,44,300,600,3,5
351,,,9,1,2,1,7,81,300,600,3,5
352,,,13,1,2,1,65,80,300,600,1,5
353,,,14,1,2,2,34,67,300,600,4,5
354,,,4,1,2,2,84,60,420,540,3,5
355,,,2,2,2,1,19,84,420,540,4,5
356,,,6,1,2,1,50,59,420,540,1,5
357,,,10,1,2,1,9,95,300,600,2,5
358,,,13,1,2,1,66,76,300,600,1,5
359,,,9,1,2,2,62,9,420,540,2,5
360,,,2,2,2,2,59,81,0,300,1,5
361,,,8,1,2,1,27,60,300,600,3,5
362,,,6,2,2,2,17,68,420,540,2,5
363,,,12,1,2,1,77,63,300,600,3,5
364,,,9,2,2,2,80,38,300,600,4,5
365,,,4,1,2,2,59,50,300,600,4,5
366,,,5,2,2,2,49,20,180,300,1,5
367,,,10,1,2,2,59,3,420,540,2,5
368,,,7,1,2,2,44,47,420,540,4,5
369,,,15,1,2,2,45,28,420,540,4,5
370,,,10,1,2,2,60,31,300,600,2,5
371,,,10,1,2,2,99,39,300,600,3,5
372,,,4,2,2,2,40,34,0,300,1,5
373,,,4,1,2,1,57,92,300,600,4,5
374,,,2,2,2,1,84,99,300,420,3,5
375,,,4,2,2,1,37,69,420,540,4,5
376,,,13,2,2,2,34,43,300,420,4,5
377,,,6,1,2,1,64,17,300,600,3,5
378,,,13,1,2,2,49,5,300,600,3,5
379,,,14,2,2,2,10,86,60,180,4,5
380,,,2,1,2,1,42,32,420,540,4,5
381,,,10,1,2,2,17,79,300,600,3,5
382,,,6,1,2,2,28,40,420,540,4,5
383,,,3,1,2,1,14,93,420,540,2,5
384,,,15,2,2,2,98,12,60,180,2,5
385,,,8,2,2,1,22,50,420,540,3,5
386,,,12,2,2,2,100,40,420,540,1,5
387,,,7,2,2,2,39,1,180,300,1,5
388,,,6,1,2,1,72,3,420,540,1,5
389,,,6,1,2,1,94,81,300,600,1,5
390,,,8,1,2,2,23,33,300,600,1,5
391,,,9,1,2,1,42,70,420,540,4,5
392,,,12,2,2,1,79,79,300,420,4,5
393,,,12,1,2,1,48,32,300,600,1,5
394,,,5,1,2,1,23,73,300,600,4,5
395,,,4,1,2,2,60,91,420,540,2,5
396,,,12,1,2,1,7,80,300,600,3,5
397,,,10,1,2,1,31,14,300,600,2,5
398,,,15,2,2,2,97,74,60,180,4,5
399,,,9,2,2,1,44,54,180,300,2,5
400,,,10,2,2,2,16,54,180,300,1,5
401,,,2,1,2,1,78,75,420,540,2,5
402,,,10,2,2,1,78,48,300,600,1,5
403,,,16,1,2,1,7,41,300,600,2,5
404,,,10,1,2,1,85,88,420,540,1,5
405,,,5,1,2,1,15,0,420,540,2,5
406,,,4,1,2,2,35,64,420,540,3,5
407,,,10,1,2,2,50,40,300,600,4,5
408,,,4,1,2,2,6,55,420,540,4,5
409,,,9,1,2,1,54,30,420,540,3,5
410,,,11,1,2,2,58,46,420,540,4,5
411,,,11,2,2,2,15,29,0,300,2,5
412,,,6,1,2,2,71,44,300,600,4,5
413,,,11,1,2,1,39,33,300,600,1,5
414,,,6,1,2,1,44,38,420,540,3,5
415,,,16,1,2,2,70,35,300,600,3,5
416,,,4,1,2,2,42,76,300,600,2,5
417,,,7,1,2,2,89,51,420,540,1,5
418,,,6,1,2,2,95,95,300,600,1,5
419,,,8,2,2,1,24,2,0,300,2,5
420,,,2,2,2,2,91,89,60,180,1,5
421,,,10,1,2,2,85,52,420,540,3,5
422,,,3,2,2,1,55,74,180,300,3,5
423,,,12,1,2,2,7,37,300,600,1,5
424,,,6,1,2,1,81,35,420,540,4,5
425,,,6,1,2,2,52,90,300,600,2,5
426,,,9,1,2,2,44,29,300,600,2,5
427,,,13,1,2,1,2,11,300,600,2,5
428,,,9,1,2,2,2,37,300,600,3,5
429,,,11,1,2,2,4,4,300,600,1,5
430,,,5,1,2,2,38,57,300,600,2,5
431,,,6,1,2,2,47,44,420,540,1,5
432,,,3,1,2,2,2,47,420,540,2,5
433,,,6,1,2,2,17,20,300,600,3,5
434,,,12,2,2,1,65,71,0,300,3,5
435,,,6,1,2,1,98,47,300,600,2,5
436,,,11,1,2,2,71,40,420,540,2,5
437,,,4,2,2,1,9,52,60,180,3,5
438,,,7,1,2,1,88,10,300,600,2,5
439,,,5,2,2,1,37,21,60,180,1,5
440,,,7,2,2,2,69,3,180,300,1,5
441,,,6,1,2,1,36,55,300,600,4,5
442,,,9,1,2,2,56,71,420,540,1,5
443,,,2,1,2,1,34,34,420,540,3,5
444,,,6,1,2,2,27,32,420,540,3,5
445,,,14,1,2,1,71,84,300,600,3,5
446,,,3,1,2,2,86,32,300,600,3,5
447,,,11,1,2,2,68,20,420,540,3,5
448,,,12,2,2,2,59,26,0,300,1,5
449,,,5,1,2,1,23,92,300,600,1,5
450,,,10,2,2,1,7,88,180,300,2,5
451,,,12,1,2,2,9,52,420,540,2,5
452,,,11,1,2,1,65,70,300,600,2,5
453,,,7,2,2,2,25,22,300,600,3,5
454,,,10,1,2,2,7,13,420,540,3,5
455,,,14,2,2,1,4,33,420,540,4,5
456,,,7,1,2,1,75,37,420,540,3,5
457,,,9,1,2,2,41,66,300,600,4,5
458,,,8,1,2,2,97,49,300,600,4,5
459,,,2,1,2,2,39,15,420,540,3,5
460,,,6,1,2,2,73,68,420,540,4,5
461,,,2,1,2,2,96,0,420,540,4,5
462,,,2,1,2,1,45,57,420,540,2,5
463,,,6,2,2,1,37,18,60,180,2,5
464,,,10,1,2,2,8,46,300,600,2,5
465,,,9,1,2,2,15,33,300,600,3,5
466,,,7,2,2,2,65,9,60,180,3,5
467,,,6,1,2,2,9,94,300,600,1,5
468,,,11,1,2,2,42,64,300,600,3,5
469,,,11,2,2,1,56,12,300,600,2,5
470,,,4,2,2,2,80,30,180,300,4,5
471,,,7,2,2,1,43,25,0,300,1,5
472,,,9,2,2,2,65,98,180,300,4,5
473,,,14,2,2,1,73,98,0,300,2,5
474,,,6,1,2,2,95,72,300,600,1,5
475,,,10,1,2,2,6,79,420,540,1,5
476,,,16,1,2,1,15,99,420,540,1,5
477,,,8,1,2,2,56,98,300,600,1,5
478,,,7,1,2,1,14,35,300,600,2,5
479,,,7,1,2,2,64,62,420,540,1,5
480,,,3,2,2,1,75,50,300,420,2,5
481,,,7,1,2,1,36,14,420,540,3,5
482,,,11,2,2,1,18,77,0,300,3,5
483,,,2,1,2,1,47,8,300,600,3,5
484,,,9,1,2,1,69,13,300,600,2,5
485,,,11,1,2,1,41,49,420,540,4,5
486,,,3,1,2,1,44,78,300,600,3,5
487,,,6,1,2,2,49,98,420,540,3,5
488,,,4,1,2,2,24,30,420,540,4,5
489,,,5,1,2,1,52,80,300,600,1,5
490,,,11,2,2,1,68,42,60,180,4,5
491,,,13,1,2,2,80,98,420,540,3,5
492,,,15,1,2,2,50,8,300,600,1,5
493,,,5,1,2,2,86,60,420,540,3,5
494,,,4,1,2,1,55,29,420,540,1,5
495,,,3,1,2,2,39,55,420,540,1,5
496,,,6,1,2,1,17,47,420,540,4,5
497,,,8,1,2,1,26,54,300,600,2,5
498,,,14,1,2,1,57,100,300,600,4,5
499,,,14,1,2,2,37,68,420,540,4,5
500,,,12,1,2,1,30,24,420,540,1,5
501,,,6,1,2,2,55,29,300,600,4,5
502,,,12,2,2,1,21,42,0,300,3,5
503,,,10,1,2,2,71,38,420,540,3,5
504,,,13,1,2,2,86,57,300,600,2,5
505,,,12,1,2,1,70,0,300,600,3,5
506,,,7,1,2,1,24,70,300,600,4,5
507,,,14,2,2,2,17,1,300,420,1,5
508,,,7,1,2,2,73,68,300,600,3,5
509,,,6,1,2,2,18,20,420,540,4,5
510,,,11,2,2,2,31,33,420,540,3,5
511,,,6,1,2,2,36,2,300,600,3,5
512,,,3,1,2,1,70,3,300,600,4,5
513,,,14,1,2,2,49,86,300,600,3,5
514,,,9,1,2,2,51,39,420,540,3,5
515,,,6,1,2,1,88,69,300,600,4,5
516,,,3,1,2,1,16,6,420,540,1,5
517,,,14,1,2,1,47,31,300,600,1,5
518,,,3,1,2,1,32,79,420,540,1,5
519,,,13,1,2,1,8,41,300,600,2,5
520,,,10,1,2,2,88,42,420,540,4,5
521,,,9,1,2,1,38,71,420,540,4,5
522,,,6,1,2,2,9,33,420,540,2,5
523,,,9,1,2,1,38,78,420,540,4,5
524,,,12,1,2,1,87,6,420,540,2,5
525,,,7,1,2,1,67,17,420,540,3,5
526,,,2,1,2,1,52,92,300,600,1,5
527,,,11,1,2,2,19,51,300,600,2,5
528,,,13,1,2,1,11,46,420,540,4,5
529,,,12,1,2,2,33,56,420,540,4,5
530,,,7,1,2,2,51,70,300,600,2,5
531,,,1,1,2,1,49,49,300,600,3,5
532,,,8,1,2,1,53,65,300,600,1,5
533,,,2,1,2,1,47,2,300,600,2,5
534,,,9,1,2,2,76,45,420,540,3,5
535,,,9,1,2,1,72,73,420,540,3,5
536,,,5,2,2,2,46,91,0,300,4,5
537,,,4,1,2,1,39,91,420,540,3,5
538,,,14,1,2,2,50,26,420,540,3,5
539,,,10,1,2,2,70,57,300,600,3,5
540,,,9,2,2,2,74,97,60,180,3,5
541,,,9,2,2,1,37,14,0,300,3,5
542,,,6,1,2,2,63,93,420,540,3,5
543,,,8,1,2,2,93,35,300,600,3,5
544,,,6,1,2,2,84,81,300,600,2,5
545,,,14,1,2,1,94,49,300,600,4,5
546,,,15,2,2,2,44,17,180,300,4,5
547,,,9,2,2,1,85,34,300,420,1,5
548,,,15,1,2,2,24,33,300,600,3,5
549,,,6,2,2,2,32,76,60,180,2,5
550,,,4,2,2,1,39,83,0,300,2,5
551,,,2,1,2,1,38,44,300,600,1,5
552,,,11,1,2,2,11,56,300,600,2,5
553,,,12,2,2,2,37,31,300,420,2,5
554,,,2,1,2,2,53,29,300,600,1,5
555,,,3,1,2,1,77,14,420,540,4,5
556,,,11,1,2,2,26,69,420,540,2,5
557,,,11,1,2,2,67,27,300,600,1,5
558,,,4,1,2,2,6,57,420,540,2,5
559,,,13,1,2,2,56,87,420,540,2,5
560,,,5,1,2,1,1,60,300,600,1,5
561,,,14,1,2,1,56,47,420,540,2,5
562,,,13,2,2,2,96,90,180,300,2,5
563,,,13,1,2,1,43,61,300,600,3,5
564,,,9,1,2,2,12,11,420,540,3,5
565,,,3,2,2,2,0,97,300,420,3,5
566,,,7,2,2,2,74,53,300,600,2,5
567,,,8,1,2,2,70,41,300,600,1,5
568,,,5,1,2,1,59,65,300,600,2,5
569,,,14,1,2,1,72,76,420,540,1,5
570,,,12,1,2,2,35,40,300,600,4,5
571,,,3,2,2,1,10,29,180,300,4,5
572,,,3,1,2,2,4,80,420,540,3,5
573,,,10,2,2,2,75,15,60,180,3,5
574,,,8,1,2,2,55,95,420,540,1,5
575,,,5,1,2,1,9,31,300,600,4,5
576,,,15,1,2,2,94,5,420,540,1,5
577,,,10,1,2,2,61,85,300,600,3,5
578,,,4,1,2,1,21,42,420,540,1,5
579,,,14,1,2,1,87,38,420,540,2,5
580,,,8,1,2,1,19,90,300,600,2,5
581,,,15,1,2,1,44,79,300,600,1,5
582,,,13,1,2,2,21,76,300,600,2,5
583,,,6,1,2,1,80,80,420,540,4,5
584,,,15,2,2,2,29,90,420,540,1,5
585,,,11,1,2,1,10,45,300,600,1,5
586,,,6,1,2,1,78,33,300,600,3,5
587,,,6,2,2,2,1,93,300,600,2,5
588,,,4,1,2,2,20,15,300,600,1,5
589,,,15,1,2,1,1,27,420,540,3,5
590,,,2,2,2,2,34,20,420,540,3,5
591,,,10,1,2,2,64,98,300,600,4,5
592,,,8,1,2,1,1,86,300,600,2,5
593,,,6,1,2,2,15,39,300,600,1,5
594,,,12,1,2,2,41,41,300,600,1,5
595,,,13,1,2,2,77,8,420,540,2,5
596,,,1,1,2,1,70,19,420,540,3,5
597,,,6,1,2,1,52,65,300,600,2,5
598,,,9,1,2,1,97,62,420,540,1,5
599,,,11,1,2,1,39,84,300,600,3,5
600,,,9,1,2,2,19,31,420,540,1,5
601,,,16,1,2,2,85,6,300,600,3,5
602,,,11,1,2,2,96,75,420,540,1,5
603,,,14,1,2,2,36,96,300,600,3,5
604,,,6,1,2,1,12,90,420,540,2,5
605,,,4,1,2,2,64,83,300,600,2,5
606,,,12,2,2,2,91,16,180,300,2,5
607,,,4,1,2,2,56,10,420,540,1,5
608,,,13,2,2,2,72,83,300,600,4,5
609,,,4,1,2,1,6,85,420,540,2,5
610,,,14,2,2,2,47,58,420,540,1,5
611,,,4,1,2,1,22,66,420,540,3,5
612,,,13,1,2,1,56,41,300,600,2,5
613,,,9,1,2,1,9,44,300,600,1,5
614,,,3,1,2,1,81,27,420,540,4,5
615,,,16,1,2,1,53,21,420,540,1,5
616,,,2,1,2,2,88,3,300,600,2,5
617,,,12,2,2,2,61,26,180,300,2,5
618,,,3,2,2,1,87,24,180,300,3,5
619,,,4,1,2,1,71,38,420,540,4,5
620,,,7,1,2,2,53,94,300,600,4,5
621,,,13,2,2,1,80,98,420,540,1,5
622,,,7,1,2,1,92,12,420,540,4,5
623,,,11,1,2,2,67,74,420,540,1,5
624,,,12,2,2,2,35,100,60,180,3,5
625,,,10,1,2,2,57,70,300,600,3,5
626,,,11,1,2,2,30,10,420,540,3,5
627,,,4,1,2,1,92,69,420,540,4,5
628,,,15,1,2,1,61,11,300,600,4,5
629,,,14,2,2,2,92,75,60,180,2,5
630,,,9,2,2,1,76,1,0,300,2,5
631,,,9,1,2,1,75,15,420,540,4,5
632,,,13,2,2,1,20,65,300,420,2,5
633,,,14,2,2,1,91,34,300,420,2,5
634,,,7,1,2,2,11,78,300,600,1,5
635,,,1,1,2,2,42,47,420,540,2,5
636,,,2,1,2,2,73,44,420,540,2,5
637,,,7,1,2,1,5,100,300,600,3,5
638,,,8,1,2,1,76,86,300,600,3,5
639,,,9,2,2,1,54,19,420,540,2,5
640,,,8,1,2,1,60,9,420,540,1,5
641,,,8,1,2,1,62,25,300,600,1,5
642,,,6,1,2,2,31,24,300,600,4,5
643,,,3,2,2,2,94,49,300,420,1,5
644,,,11,1,2,1,3,8,300,600,4,5
645,,,13,2,2,2,18,86,420,540,1,5
646,,,17,2,2,1,83,6,60,180,4,5
647,,,4,1,2,2,98,31,420,540,2,5
648,,,7,1,2,1,58,45,420,540,4,5
649,,,14,2,2,1,45,64,420,540,3,5
650,,,7,1,2,1,23,4,420,540,4,5
651,,,14,2,2,1,21,2,300,600,3,5
652,,,2,1,2,2,44,27,300,600,4,5
653,,,9,1,2,1,93,70,420,540,3,5
654,,,4,2,2,2,68,30,420,540,1,5
655,,,6,1,2,2,0,3,300,600,1,5
656,,,6,2,2,2,96,39,300,420,4,5
657,,,12,1,2,2,7,34,420,540,3,5
658,,,3,2,2,1,78,70,60,180,4,5
659,,,10,1,2,2,9,14,420,540,4,5
660,,,2,1,2,1,67,85,420,540,1,5
661,,,6,1,2,2,63,13,300,600,2,5
662,,,12,1,2,1,12,34,300,600,4,5
663,,,12,1,2,2,86,97,420,540,4,5
664,,,6,1,2,1,43,20,420,540,4,5
665,,,2,1,2,1,34,72,420,540,4,5
666,,,9,1,2,2,96,68,420,540,3,5
667,,,12,1,2,1,20,82,300,600,2,5
668,,,15,2,2,2,82,89,180,300,4,5
669,,,4,1,2,2,78,38,300,600,4,5
670,,,12,1,2,2,67,77,300,600,4,5
671,,,7,1,2,2,59,4,420,540,2,5
672,,,8,1,2,1,77,75,300,600,3,5
673,,,10,1,2,1,97,6,300,600,1,5
674,,,2,1,2,2,3,0,300,600,2,5
675,,,9,1,2,2,81,57,300,600,1,5
676,,,3,1,2,1,89,20,420,540,3,5
677,,,8,2,2,2,9,52,300,420,1,5
678,,,2,1,2,1,55,21,420,540,1,5
679,,,10,1,2,2,8,82,300,600,2,5
680,,,14,1,2,2,84,45,420,540,2,5
681,,,2,1,2,2,17,88,300,600,1,5
682,,,11,2,2,2,48,16,60,180,1,5
683,,,12,1,2,2,8,60,300,600,2,5
684,,,13,1,2,2,52,29,300,600,2,5
685,,,4,2,2,2,99,8,180,300,1,5
686,,,13,1,2,1,49,90,300,600,4,5
687,,,5,2,2,2,23,100,300,420,2,5
688,,,10,2,2,1,88,26,300,420,2,5
689,,,9,1,2,2,39,3,300,600,1,5
690,,,15,1,2,1,21,24,420,540,3,5
691,,,13,2,2,2,13,93,60,180,1,5
692,,,12,2,2,2,1,75,0,300,2,5
693,,,8,2,2,1,62,98,180,300,4,5
694,,,12,1,2,1,35,30,420,540,4,5
695,,,15,2,2,2,35,78,60,180,2,5
696,,,3,2,2,1,20,51,0,300,4,5
697,,,13,1,2,1,33,55,300,600,2,5
698,,,8,2,2,1,84,45,0,300,1,5
699,,,3,1,2,2,98,38,300,600,1,5
700,,,3,1,2,1,24,92,420,540,2,5
701,,,3,1,2,1,30,8,300,600,3,5
702,,,2,1,2,2,98,70,300,600,1,5
703,,,13,1,2,2,54,12,420,540,3,5
704,,,6,1,2,1,99,76,420,540,4,5
705,,,3,2,2,1,99,37,420,540,3,5
706,,,6,2,2,1,53,61,180,300,4,5
707,,,12,1,2,2,13,27,420,540,3,5
708,,,11,1,2,2,28,28,420,540,4,5
709,,,3,1,2,2,89,20,420,540,2,5
710,,,9,1,2,1,14,65,300,600,2,5
711,,,11,1,2,1,2,91,300,600,4,5
712,,,5,2,2,1,42,59,180,300,3,5
713,,,3,1,2,1,20,5,300,600,2,5
714,,,2,2,2,2,27,12,300,600,1,5
715,,,4,2,2,2,81,62,300,600,2,5
716,,,7,2,2,2,23,13,300,600,1,5
717,,,6,1,2,2,32,4,420,540,1,5
718,,,4,1,2,1,44,39,420,540,4,5
719,,,8,2,2,1,29,67,60,180,4,5
720,,,12,1,2,2,50,82,300,600,2,5
721,,,5,1,2,1,85,1,300,600,2,5
722,,,3,1,2,1,91,11,300,600,2,5
723,,,4,1,2,2,18,30,300,600,4,5
724,,,10,2,2,2,48,14,0,300,4,5
725,,,4,1,2,1,35,77,420,540,2,5
726,,,13,1,2,1,75,75,420,540,2,5
727,,,7,1,2,1,68,89,420,540,1,5
728,,,12,1,2,1,10,94,420,540,3,5
729,,,6,1,2,2,95,76,300,600,4,5
730,,,8,2,2,1,97,18,300,420,3,5
731,,,8,1,2,1,16,9,300,600,1,5
732,,,6,1,2,2,98,98,300,600,2,5
733,,,8,1,2,2,8,98,420,540,2,5
734,,,2,2,2,1,41,14,60,180,4,5
735,,,5,1,2,1,79,27,300,600,2,5
736,,,3,1,2,2,73,97,420,540,4,5
737,,,4,1,2,1,93,7,300,600,1,5
738,,,5,2,2,1,58,32,300,600,1,5
739,,,2,2,2,1,85,72,420,540,4,5
740,,,6,1,2,2,72,67,300,600,1,5
741,,,12,1,2,2,70,61,300,600,2,5
742,,,11,1,2,1,17,46,300,600,3,5
743,,,4,1,2,2,26,86,300,600,3,5
744,,,4,2,2,1,26,43,420,540,3,5
745,,,8,2,2,1,26,80,300,600,2,5
746,,,6,1,2,2,51,42,420,540,1,5
747,,,9,1,2,2,56,12,300,600,3,5
748,,,6,1,2,1,44,7,420,540,3,5
749,,,10,2,2,1,25,44,420,540,1,5
750,,,2,2,2,2,98,69,180,300,1,5
751,,,8,1,2,2,82,11,420,540,1,5
752,,,12,1,2,1,89,81,300,600,4,5
753,,,3,1,2,1,44,62,420,540,2,5
754,,,12,2,2,2,34,90,60,180,2,5
755,,,10,1,2,1,57,90,300,600,4,5
756,,,15,2,2,1,96,55,0,300,2,5
757,,,12,2,2,1,1,92,300,420,1,5
758,,,7,1,2,1,45,36,300,600,1,5
759,,,8,1,2,1,3,6,420,540,3,5
760,,,3,1,2,2,92,89,300,600,1,5
761,,,7,1,2,2,61,91,420,540,3,5
762,,,4,1,2,1,54,75,300,600,3,5
763,,,5,1,2,2,77,27,300,600,1,5
764,,,15,1,2,1,10,9,300,600,2,5
765,,,14,1,2,1,31,4,420,540,4,5
766,,,3,1,2,1,54,10,300,600,2,5
767,,,5,1,2,2,76,1,420,540,4,5
768,,,3,2,2,2,92,62,420,540,2,5
769,,,6,1,2,1,42,88,420,540,4,5
770,,,10,1,2,1,55,52,300,600,3,5
771,,,11,1,2,2,62,35,300,600,4,5
772,,,7,1,2,2,92,67,300,600,4,5
773,,,10,1,2,1,48,96,420,540,4,5
774,,,13,1,2,2,46,22,420,540,3,5
775,,,6,1,2,1,97,90,420,540,3,5
776,,,10,1,2,1,74,60,300,600,2,5
777,,,4,1,2,1,25,35,300,600,1,5
778,,,6,1,2,2,3,60,300,600,3,5
779,,,13,1,2,1,6,48,300,600,2,5
780,,,5,1,2,2,69,78,420,540,2,5
781,,,7,1,2,2,30,12,420,540,3,5
782,,,5,2,2,2,21,97,0,300,1,5
783,,,4,1,2,2,90,59,300,600,2,5
784,,,3,1,2,1,14,76,300,600,1,5
785,,,13,1,2,2,0,49,420,540,4,5
786,,,9,1,2,2,78,68,420,540,2,5
787,,,2,1,2,2,82,0,300,600,2,5
788,,,9,1,2,1,17,63,420,540,3,5
789,,,5,1,2,2,31,48,420,540,1,5
790,,,9,1,2,1,81,59,420,540,4,5
791,,,13,2,2,1,9,87,0,300,4,5
792,,,5,1,2,1,46,46,300,600,1,5
793,,,4,1,2,2,69,61,420,540,2,5
794,,,11,2,2,2,3,4,300,600,1,5
795,,,5,1,2,2,22,4,300,600,3,5
796,,,7,2,2,1,23,6,420,540,2,5
797,,,11,2,2,2,75,65,0,300,1,5
798,,,6,1,2,1,75,41,300,600,3,5
799,,,7,1,2,1,31,6,420,540,2,5
800,,,2,1,2,1,31,29,300,600,2,5
801,,,3,1,2,2,52,57,300,600,1,5
802,,,2,1,2,2,73,42,300,600,3,5
803,,,11,1,2,2,63,48,300,600,4,5
804,,,11,2,2,1,56,29,60,180,2,5
805,,,9,1,2,2,53,80,300,600,3,5
806,,,8,1,2,2,99,18,300,600,2,5
807,,,6,2,2,2,64,22,0,300,2,5
808,,,5,1,2,1,28,68,420,540,4,5
809,,,8,1,2,2,55,21,420,540,1,5
810,,,4,2,2,2,11,26,180,300,4,5
811,,,4,2,2,2,37,79,180,300,1,5
812,,,15,1,2,2,76,62,420,540,2,5
813,,,6,1,2,2,26,46,300,600,3,5
814,,,7,1,2,2,81,44,420,540,3,5
815,,,6,1,2,2,77,100,420,540,2,5
816,,,6,1,2,1,29,67,420,540,3,5
817,,,10,1,2,1,88,89,420,540,4,5
818,,,9,1,2,2,75,62,420,540,2,5
819,,,15,2,2,1,9,40,420,540,4,5
820,,,4,1,2,1,6,30,300,600,2,5
821,,,14,1,2,1,80,13,420,540,4,5
822,,,3,1,2,2,24,28,300,600,3,5
823,,,16,1,2,1,32,30,300,600,4,5
824,,,3,1,2,2,2,79,300,600,1,5
825,,,9,1,2,2,36,86,300,600,3,5
826,,,8,1,2,2,35,57,300,600,2,5
827,,,11,1,2,2,67,56,420,540,1,5
828,,,2,1,2,2,97,37,300,600,1,5
829,,,7,1,2,2,81,80,420,540,2,5
830,,,9,2,2,1,77,42,420,540,1,5
831,,,8,1,2,1,75,71,420,540,3,5
832,,,13,1,2,1,64,92,420,540,1,5
833,,,13,1,2,1,73,84,300,600,2,5
834,,,13,2,2,1,56,12,420,540,1,5
835,,,14,1,2,1,86,45,420,540,2,5
836,,,4,1,2,1,66,78,420,540,1,5
837,,,14,1,2,1,79,23,300,600,1,5
838,,,12,1,2,2,84,0,300,600,1,5
839,,,10,1,2,1,84,71,300,600,2,5
840,,,2,1,2,2,32,80,300,600,4,5
841,,,4,2,2,1,84,76,180,300,4,5
842,,,6,1,2,1,58,74,300,600,4,5
843,,,12,1,2,2,90,74,300,600,3,5
844,,,3,1,2,2,1,19,420,540,1,5
845,,,4,2,2,1,33,26,0,300,3,5
846,,,10,1,2,1,83,94,300,600,3,5
847,,,12,1,2,2,75,65,300,600,3,5
848,,,12,1,2,2,70,10,420,540,4,5
849,,,5,1,2,2,64,43,300,600,3,5
850,,,9,2,2,2,19,98,60,180,2,5
851,,,10,1,2,2,57,88,300,600,2,5
852,,,15,2,2,1,24,60,60,180,2,5
853,,,8,1,2,1,92,20,300,600,4,5
854,,,10,1,2,2,75,88,420,540,3,5
855,,,8,1,2,1,75,43,420,540,2,5
856,,,17,2,2,1,1,63,420,540,3,5
857,,,11,1,2,2,78,18,300,600,4,5
858,,,11,2,2,1,47,18,420,540,1,5
859,,,13,1,2,2,86,26,420,540,1,5
860,,,4,1,2,1,75,35,300,600,2,5
861,,,8,1,2,1,89,87,420,540,2,5
862,,,14,1,2,1,70,49,420,540,1,5
863,,,8,1,2,1,26,40,300,600,3,5
864,,,8,1,2,1,66,99,300,600,2,5
865,,,2,1,2,2,60,84,420,540,1,5
866,,,10,1,2,2,56,22,300,600,3,5
867,,,2,1,2,1,23,47,420,540,1,5
868,,,14,1,2,1,20,50,300,600,3,5
869,,,4,1,2,1,10,64,420,540,4,5
870,,,10,2,2,1,65,82,300,600,3,5
871,,,6,1,2,1,41,12,300,600,4,5
872,,,5,2,2,2,16,52,60,180,1,5
873,,,15,1,2,1,10,49,420,540,2,5
874,,,11,2,2,1,33,80,180,300,1,5
875,,,15,1,2,2,11,51,300,600,3,5
876,,,5,1,2,2,74,82,420,540,2,5
877,,,10,1,2,1,43,58,300,600,1,5
878,,,8,1,2,1,76,58,420,540,4,5
879,,,5,1,2,2,30,67,420,540,2,5
880,,,2,2,2,1,52,48,0,300,2,5
881,,,6,2,2,1,20,90,60,180,1,5
882,,,13,1,2,1,71,35,300,600,3,5
883,,,11,1,2,2,77,1,300,600,1,5
884,,,5,1,2,1,100,11,300,600,1,5
885,,,7,2,2,1,56,92,0,300,3,5
886,,,7,1,2,1,37,52,420,540,2,5
887,,,2,1,2,2,22,20,420,540,1,5
888,,,5,2,2,2,71,54,420,540,3,5
889,,,4,1,2,2,26,79,300,600,4,5
890,,,6,1,2,2,24,1,420,540,2,5
891,,,3,1,2,1,75,83,300,600,2,5
892,,,12,1,2,2,10,60,300,600,2,5
893,,,12,1,2,1,86,38,420,540,2,5
894,,,9,1,2,1,32,46,420,540,3,5
895,,,13,1,2,2,95,14,420,540,1,5
896,,,4,1,2,2,50,44,420,540,2,5
897,,,12,1,2,1,1,73,300,600,2,5
898,,,13,1,2,2,25,21,420,540,3,5
899,,,13,1,2,1,99,72,300,600,4,5
900,,,4,1,2,2,27,48,300,600,2,5
901,,,7,1,2,2,59,41,300,600,3,5
902,,,13,1,2,1,45,8,420,540,2,5
903,,,3,1,2,2,20,23,300,600,3,5
904,,,13,1,2,2,60,53,300,600,2,5
905,,,11,2,2,2,100,35,0,300,3,5
906,,,8,1,2,1,55,20,420,540,1,5
907,,,13,1,2,2,91,97,300,600,3,5
908,,,9,1,2,2,57,19,420,540,4,5
909,,,7,1,2,2,50,56,420,540,2,5
910,,,6,2,2,2,63,84,420,540,3,5
911,,,15,1,2,1,47,58,300,600,4,5
912,,,7,2,2,2,13,23,0,300,3,5
913,,,15,2,2,1,99,75,0,300,2,5
914,,,11,1,2,1,49,25,300,600,1,5
915,,,15,1,2,1,7,100,300,600,1,5
916,,,12,1,2,2,99,6,300,600,3,5
917,,,15,1,2,1,76,5,420,540,4,5
918,,,11,1,2,1,49,95,420,540,3,5
919,,,13,2,2,2,87,39,300,420,4,5
920,,,13,2,2,2,6,34,420,540,4,5
921,,,13,2,2,2,22,26,300,600,4,5
922,,,11,1,2,2,81,70,300,600,3,5
923,,,11,1,2,2,35,19,300,600,3,5
924,,,11,1,2,2,46,79,300,600,2,5
925,,,8,1,2,2,34,36,300,600,2,5
926,,,11,1,2,1,44,60,300,600,3,5
927,,,6,1,2,2,55,3,420,540,4,5
928,,,16,1,2,2,9,99,420,540,3,5
929,,,3,1,2,2,37,77,420,540,4,5
930,,,8,2,2,2,7,62,180,300,1,5
931,,,14,1,2,2,35,71,300,600,2,5
932,,,15,1,2,1,91,21,420,540,3,5
933,,,2,1,2,1,71,25,300,600,1,5
934,,,11,2,2,1,37,27,180,300,3,5
935,,,9,2,2,2,13,100,0,300,4,5
936,,,6,1,2,1,33,1,300,600,2,5
937,,,9,1,2,1,28,93,420,540,1,5
938,,,15,2,2,1,55,7,300,420,3,5
939,,,1,1,2,1,94,35,300,600,2,5
940,,,10,2,2,1,39,13,420,540,3,5
941,,,11,2,2,1,75,79,180,300,3,5
942,,,6,2,2,2,71,59,300,600,3,5
943,,,14,1,2,1,93,13,420,540,1,5
944,,,7,2,2,1,32,63,300,420,4,5
945,,,10,2,2,1,69,77,300,420,2,5
946,,,9,1,2,1,40,61,420,540,4,5
947,,,13,2,2,2,41,13,300,420,3,5
948,,,2,1,2,1,92,26,300,600,3,5
949,,,16,1,2,2,9,79,420,540,4,5
950,,,5,1,2,1,31,9,300,600,3,5
951,,,5,1,2,1,62,39,300,600,3,5
952,,,14,1,2,1,74,41,420,540,3,5
953,,,13,1,2,1,85,24,300,600,3,5
954,,,12,1,2,1,55,89,300,600,2,5
955,,,5,1,2,1,90,79,420,540,4,5
956,,,4,1,2,2,55,3,300,600,4,5
957,,,6,1,2,2,36,23,300,600,3,5
958,,,6,1,2,2,56,67,300,600,1,5
959,,,2,1,2,2,61,98,300,600,3,5
960,,,7,1,2,1,88,78,300,600,1,5
961,,,6,2,2,1,25,0,420,540,3,5
962,,,10,1,2,2,81,52,420,540,4,5
963,,,10,2,2,1,48,6,420,540,4,5
964,,,5,1,2,2,94,77,420,540,3,5
965,,,12,1,2,1,5,2,300,600,2,5
966,,,9,2,2,2,48,12,420,540,2,5
967,,,12,1,2,1,95,65,300,600,2,5
968,,,6,1,2,1,28,3,420,540,3,5
969,,,9,2,2,2,31,55,60,180,2,5
970,,,13,2,2,2,20,46,420,540,4,5
971,,,7,1,2,1,64,20,420,540,4,5
972,,,4,2,2,2,51,51,60,180,4,5
973,,,7,1,2,2,90,93,300,600,2,5
974,,,2,1,2,1,42,7,300,600,2,5
975,,,5,1,2,2,19,34,300,600,1,5
976,,,11,1,2,2,58,65,300,600,1,5
977,,,3,1,2,2,3,59,420,540,1,5
978,,,2,1,2,2,6,56,420,540,1,5
979,,,7,1,2,2,93,46,420,540,3,5
980,,,3,2,2,2,77,57,60,180,4,5
981,,,3,2,2,2,98,61,0,300,1,5
982,,,4,1,2,1,33,73,300,600,4,5
983,,,15,2,2,1,98,59,0,300,3,5
984,,,12,2,2,2,59,24,300,600,2,5
985,,,4,1,2,2,69,1,420,540,3,5
986,,,5,1,2,2,77,76,300,600,1,5
987,,,11,1,2,2,29,5,300,600,2,5
988,,,2,1,2,2,0,50,420,540,3,5
989,,,2,2,2,1,74,42,60,180,3,5
990,,,12,1,2,2,72,22,420,540,4,5
991,,,3,1,2,2,58,42,300,600,4,5
992,,,7,1,2,1,99,69,420,540,2,5
993,,,5,1,2,2,30,7,420,540,4,5
994,,,2,2,2,1,44,37,420,540,4,5
995,,,8,1,2,1,17,97,420,540,1,5
996,,,4,2,2,2,60,99,60,180,2,5
997,,,4,2,2,1,94,3,180,300,1,5
998,,,10,1,2,2,66,7,420,540,2,5
999,,,6,1,2,1,23,66,420,540,3,5
1000,,,3,2,2,2,79,64,180,300,1,5
1001,,,10,1,2,1,66,22,420,540,1,5
1002,,,14,1,2,2,18,72,420,540,2,5
1003,,,13,1,2,1,58,37,420,540,2,5
1004,,,15,2,2,2,19,16,0,300,3,5
1005,,,8,2,2,1,42,14,0,300,2,5
1006,,,11,1,2,1,92,57,420,540,3,5
1007,,,15,2,2,2,95,90,420,540,4,5
1008,,,3,2,2,2,31,67,60,180,1,5
1009,,,5,1,2,2,89,64,300,600,2,5
1010,,,15,2,2,2,3,45,300,600,2,5
1011,,,13,1,2,2,82,27,420,540,4,5
1012,,,5,2,2,2,55,67,0,300,2,5
1013,,,11,2,2,2,59,56,180,300,3,5
1014,,,2,1,2,2,56,86,300,600,1,5
1015,,,10,1,2,2,29,50,420,540,1,5
1016,,,13,1,2,1,48,78,420,540,4,5
1017,,,6,1,2,2,43,32,300,600,1,5
1018,,,14,1,2,1,12,45,300,600,4,5
1019,,,6,1,2,1,45,33,300,600,1,5
1020,,,6,1,2,1,4,37,300,600,2,5
1021,,,6,1,2,2,77,48,420,540,3,5
1022,,,6,2,2,1,64,11,0,300,3,5
1023,,,6,2,2,2,93,2,300,420,4,5
1024,,,8,2,2,1,36,82,180,300,1,5
1025,,,11,1,2,1,75,92,300,600,3,5
1026,,,12,1,2,2,52,17,420,540,4,5
1027,,,7,1,2,1,44,50,420,540,4,5
1028,,,12,1,2,1,42,8,420,540,4,5
1029,,,2,1,2,1,89,90,420,540,1,5
1030,,,2,1,2,2,38,69,300,600,4,5
1031,,,9,1,2,1,4,25,300,600,4,5
1032,,,14,1,2,2,4,20,420,540,4,5
1033,,,12,2,2,1,99,70,300,600,4,5
1034,,,3,2,2,2,83,38,180,300,4,5
1035,,,9,1,2,1,79,100,300,600,3,5
1036,,,3,1,2,2,63,75,300,600,1,5
1037,,,10,2,2,1,91,75,60,180,3,5
1038,,,3,1,2,1,98,68,420,540,2,5
1039,,,7,1,2,2,21,76,420,540,2,5
1040,,,2,1,2,2,19,33,420,540,3,5
1041,,,3,1,2,2,33,50,300,600,1,5
1042,,,9,1,2,2,45,66,420,540,4,5
1043,,,5,1,2,1,87,98,420,540,4,5
1044,,,14,1,2,1,90,64,300,600,4,5
1045,,,7,1,2,1,68,15,300,600,1,5
1046,,,12,1,2,1,100,17,420,540,3,5
1047,,,10,1,2,1,70,43,300,600,3,5
1048,,,16,1,2,2,66,63,300,600,3,5
1049,,,2,1,2,1,35,71,300,600,4,5
1050,,,12,1,2,2,17,52,420,540,1,5
1051,,,7,2,2,2,3,52,300,420,2,5
1052,,,11,1,2,1,39,68,300,600,4,5
1053,,,11,1,2,2,37,34,420,540,1,5
1054,,,8,1,2,2,73,16,420,540,2,5
1055,,,9,1,2,1,69,12,300,600,3,5
1056,,,7,1,2,1,19,87,300,600,3,5
1057,,,12,1,2,2,22,56,300,600,3,5
1058,,,7,2,2,2,47,82,420,540,1,5
1059,,,8,1,2,1,21,14,300,600,2,5
1060,,,5,2,2,1,16,83,420,540,4,5
1061,,,5,1,2,1,47,84,420,540,1,5
1062,,,10,2,2,2,95,1,420,540,1,5
1063,,,3,1,2,2,72,41,300,600,2,5
1064,,,4,2,2,1,6,30,60,180,3,5
1065,,,9,1,2,2,21,88,420,540,1,5
1066,,,12,1,2,1,45,39,300,600,3,5
1067,,,11,1,2,2,37,56,420,540,1,5
1068,,,3,1,2,2,7,16,420,540,1,5
1069,,,3,2,2,2,11,71,420,540,2,5
1070,,,6,1,2,2,28,70,420,540,2,5
1071,,,3,2,2,1,9,19,420,540,3,5
1072,,,4,1,2,2,23,44,420,540,2,5
1073,,,14,2,2,1,27,29,300,420,1,5
1074,,,2,2,2,2,18,42,60,180,1,5
1075,,,12,1,2,1,96,87,420,540,1,5
1076,,,12,1,2,1,54,42,420,540,2,5
1077,,,12,2,2,1,10,54,180,300,4,5
1078,,,13,1,2,2,21,31,420,540,3,5
1079,,,5,1,2,2,84,52,420,540,4,5
1080,,,5,2,2,2,28,15,300,420,3,5
1081,,,6,1,2,2,53,64,300,600,1,5
1082,,,6,1,2,1,39,76,420,540,1,5
1083,,,6,1,2,2,57,30,420,540,4,5
1084,,,5,1,2,1,8,42,300,600,3,5
1085,,,14,1,2,1,35,63,420,540,1,5
1086,,,12,1,2,2,99,49,420,540,2,5
1087,,,2,2,2,1,90,38,180,300,2,5
1088,,,8,1,2,1,46,83,420,540,2,5
1089,,,12,2,2,1,5,24,420,540,3,5
1090,,,11,1,2,2,23,80,300,600,4,5
1091,,,13,2,2,1,31,26,60,180,1,5
1092,,,5,1,2,2,100,0,420,540,2,5
1093,,,10,1,2,1,91,90,420,540,3,5
1094,,,6,2,2,1,87,26,300,420,1,5
1095,,,12,1,2,1,84,16,300,600,2,5
1096,,,4,1,2,1,92,94,420,540,4,5
1097,,,15,2,2,1,81,52,300,600,2,5
1098,,,14,1,2,2,43,29,420,540,2,5
1099,,,12,1,2,1,4,34,420,540,4,5
1100,,,8,2,2,2,94,54,180,300,4,5
1101,,,2,1,2,1,56,83,420,540,4,5
1102,,,10,1,2,1,92,26,420,540,1,5
1103,,,10,1,2,2,41,82,420,540,2,5
1104,,,15,2,2,2,13,1,60,180,1,5
1105,,,15,2,2,2,39,49,60,180,4,5
1106,,,14,1,2,2,32,53,420,540,3,5
1107,,,8,1,2,1,24,57,300,600,1,5
1108,,,2,2,2,1,58,65,0,300,3,5
1109,,,11,2,2,2,16,3,300,420,1,5
1110,,,10,2,2,1,52,80,180,300,3,5
1111,,,6,1,2,2,52,17,420,540,1,5
1112,,,11,1,2,2,86,67,420,540,3,5
1113,,,1,1,2,2,61,83,300,600,2,5
1114,,,12,1,2,2,60,4,300,600,1,5
1115,,,9,1,2,1,55,15,420,540,1,5
1116,,,6,1,2,1,81,5,420,540,3,5
1117,,,9,1,2,2,53,94,300,600,1,5
1118,,,6,1,2,1,7,39,420,540,3,5
1119,,,11,1,2,1,47,91,300,600,4,5
1120,,,9,1,2,1,92,40,300,600,3,5
1121,,,10,1,2,1,5,96,300,600,1,5
1122,,,4,1,2,1,80,11,300,600,4,5
1123,,,11,1,2,2,38,46,300,600,1,5
1124,,,14,2,2,1,18,1,300,420,3,5
1125,,,7,1,2,2,70,71,420,540,1,5
1126,,,4,1,2,1,15,45,300,600,1,5
1127,,,8,2,2,2,86,48,420,540,3,5
1128,,,2,1,2,2,32,1,420,540,2,5
1129,,,15,1,2,2,82,44,420,540,4,5
1130,,,3,1,2,2,70,48,420,540,3,5
1131,,,10,1,2,2,18,29,420,540,3,5
1132,,,11,1,2,2,49,91,300,600,3,5
1133,,,9,1,2,1,28,14,300,600,2,5
1134,,,6,1,2,1,13,75,420,540,3,5
1135,,,4,1,2,2,43,19,420,540,4,5
1136,,,14,1,2,1,86,22,300,600,3,5
1137,,,15,1,2,1,77,70,300,600,2,5
1138,,,10,2,2,2,86,4,180,300,1,5
1139,,,12,2,2,1,78,60,180,300,4,5
1140,,,7,1,2,1,79,30,300,600,4,5
1141,,,5,1,2,1,31,80,420,540,1,5
1142,,,2,1,2,1,3,60,300,600,3,5
1143,,,11,1,2,1,7,12,300,600,2,5
1144,,,10,1,2,1,66,90,420,540,3,5
1145,,,4,2,2,1,67,69,180,300,1,5
1146,,,7,1,2,2,0,92,420,540,4,5
1147,,,9,1,2,1,30,35,300,600,3,5
1148,,,8,2,2,2,11,16,300,420,3,5
1149,,,11,1,2,2,0,80,420,540,2,5
1150,,,10,2,2,1,89,39,300,420,4,5
1151,,,3,1,2,2,3,15,420,540,1,5
1152,,,12,1,2,2,16,90,300,600,2,5
1153,,,9,2,2,2,81,35,60,180,3,5
1154,,,13,1,2,2,100,72,420,540,1,5
1155,,,5,2,2,2,39,22,60,180,3,5
1156,,,3,1,2,2,32,87,300,600,4,5
1157,,,6,1,2,1,49,99,420,540,2,5
1158,,,14,1,2,2,82,54,420,540,2,5
1159,,,9,2,2,1,41,6,180,300,4,5
1160,,,11,1,2,1,9,37,420,540,4,5
1161,,,9,1,2,2,39,90,300,600,1,5
1162,,,10,1,2,1,71,0,420,540,1,5
1163,,,11,1,2,2,31,44,300,600,3,5
1164,,,6,1,2,2,54,55,420,540,1,5
1165,,,3,1,2,2,53,89,300,600,3,5
1166,,,10,1,2,1,62,75,420,540,2,5
1167,,,8,2,2,1,7,26,300,420,1,5
1168,,,3,2,2,2,33,36,0,300,2,5
1169,,,3,2,2,1,79,74,60,180,1,5
1170,,,11,1,2,2,91,11,300,600,3,5
1171,,,11,1,2,1,98,60,300,600,3,5
1172,,,15,1,2,1,55,91,420,540,4,5
1173,,,12,1,2,2,36,64,420,540,1,5
1174,,,5,1,2,1,89,96,300,600,4,5
1175,,,7,1,2,1,63,57,300,600,2,5
1176,,,7,1,2,2,37,27,420,540,1,5
1177,,,6,1,2,1,72,64,420,540,1,5
1178,,,8,1,2,1,75,91,300,600,3,5
1179,,,12,1,2,2,90,33,300,600,3,5
1180,,,9,1,2,1,19,21,420,540,2,5
1181,,,8,1,2,1,74,35,300,600,4,5
1182,,,7,1,2,1,22,63,420,540,4,5
1183,,,4,1,2,1,11,90,300,600,4,5
1184,,,15,1,2,2,97,57,420,540,1,5
1185,,,2,2,2,2,47,87,300,420,3,5
1186,,,12,1,2,1,34,81,300,600,1,5
1187,,,10,1,2,2,25,59,420,540,2,5
1188,,,4,1,2,2,48,97,300,600,2,5
1189,,,11,1,2,2,18,63,420,540,2,5
1190,,,4,1,2,1,58,33,300,600,3,5
1191,,,13,1,2,1,26,60,300,600,1,5
1192,,,9,1,2,1,31,34,300,600,2,5
1193,,,7,2,2,2,59,88,0,300,4,5
1194,,,4,1,2,1,83,4,300,600,3,5
1195,,,7,1,2,2,68,67,300,600,1,5
1196,,,13,1,2,1,80,19,300,600,4,5
1197,,,2,1,2,2,60,87,420,540,4,5
1198,,,3,1,2,2,97,30,300,600,3,5
1199,,,10,1,2,1,16,40,420,540,4,5
1200,,,3,1,2,2,35,7,420,540,2,5
1201,,,11,1,2,2,54,18,420,540,2,5
1202,,,10,1,2,2,65,82,420,540,2,5
1203,,,10,1,2,2,53,53,300,600,4,5
1204,,,4,1,2,1,84,81,300,600,3,5
1205,,,7,2,2,1,67,22,0,300,2,5
1206,,,7,1,2,1,8,19,300,600,4,5
1207,,,3,1,2,2,57,43,300,600,2,5
1208,,,7,1,2,1,97,13,300,600,4,5
1209,,,13,1,2,2,52,49,300,600,4,5
1210,,,11,1,2,2,27,32,420,540,3,5
1211,,,15,1,2,2,12,86,420,540,2,5
1212,,,6,2,2,1,45,63,180,300,2,5
1213,,,7,1,2,2,25,82,300,600,3,5
1214,,,13,1,2,1,72,45,300,600,1,5
1215,,,12,1,2,2,3,32,300,600,2,5
1216,,,11,2,2,2,25,20,0,300,4,5
1217,,,15,1,2,2,90,94,300,600,4,5
1218,,,5,1,2,1,45,6,300,600,3,5
1219,,,3,1,2,2,37,79,300,600,2,5
1220,,,12,1,2,2,83,98,300,600,2,5
1221,,,8,1,2,1,11,20,300,600,3,5
1222,,,4,2,2,1,72,17,420,540,3,5
1223,,,7,1,2,2,16,95,420,540,2,5
1224,,,6,2,2,1,3,8,0,300,1,5
1225,,,7,1,2,2,64,83,420,540,4,5
1226,,,12,2,2,2,93,56,420,540,4,5
1227,,,5,2,2,2,24,77,300,600,2,5
1228,,,15,1,2,1,57,93,420,540,2,5
1229,,,14,1,2,1,18,2,420,540,4,5
1230,,,10,1,2,1,37,28,300,600,4,5
1231,,,13,1,2,2,25,73,300,600,1,5
1232,,,12,1,2,1,39,32,300,600,2,5
1233,,,2,1,2,1,86,0,420,540,2,5
1234,,,11,1,2,2,80,45,420,540,4,5
1235,,,4,1,2,1,13,10,420,540,3,5
1236,,,7,1,2,2,78,91,420,540,1,5
1237,,,10,1,2,1,69,95,420,540,2,5
1238,,,8,1,2,1,49,46,420,540,1,5
1239,,,8,1,2,2,5,8,300,600,3,5
1240,,,10,1,2,2,93,89,300,600,2,5
1241,,,7,2,2,2,40,100,60,180,4,5
1242,,,14,1,2,2,53,39,420,540,2,5
1243,,,9,1,2,2,93,25,300,600,4,5
1244,,,9,1,2,1,45,58,420,540,4,5
1245,,,3,1,2,1,91,41,300,600,1,5
1246,,,1,1,2,1,63,15,420,540,1,5
1247,,,13,1,2,2,61,75,420,540,3,5
1248,,,4,2,2,1,1,96,60,180,1,5
1249,,,13,2,2,2,5,58,180,300,1,5
1250,,,14,2,2,1,76,32,0,300,2,5
1251,,,7,1,2,1,56,73,420,540,2,5
1252,,,10,1,2,2,23,42,300,600,2,5
1253,,,12,1,2,1,81,8,300,600,4,5
1254,,,3,2,2,1,19,65,420,540,1,5
1255,,,5,1,2,2,27,18,300,600,3,5
1256,,,14,2,2,2,64,57,0,300,1,5
1257,,,4,1,2,1,91,37,300,600,1,5
1258,,,4,1,2,1,57,31,300,600,4,5
1259,,,4,1,2,1,20,64,300,600,3,5
1260,,,14,1,2,2,7,88,300,600,4,5
1261,,,13,1,2,2,67,97,300,600,4,5
1262,,,9,1,2,2,97,9,300,600,3,5
1263,,,3,1,2,1,21,40,420,540,3,5
1264,,,9,1,2,1,40,99,300,600,2,5
1265,,,3,2,2,2,21,24,60,180,2,5
1266,,,8,1,2,2,77,19,420,540,4,5
1267,,,4,1,2,1,32,90,300,600,1,5
1268,,,9,2,2,2,16,10,420,540,4,5
1269,,,11,1,2,2,89,94,300,600,3,5
1270,,,5,2,2,2,77,61,300,600,1,5
1271,,,2,2,2,2,51,57,420,540,4,5
1272,,,3,1,2,2,68,40,300,600,1,5
1273,,,3,1,2,1,39,11,420,540,2,5
1274,,,8,1,2,2,73,27,300,600,1,5
1275,,,9,1,2,1,28,19,300,600,3,5
1276,,,8,1,2,2,73,66,300,600,2,5
1277,,,12,1,2,2,73,93,420,540,4,5
1278,,,15,2,2,1,73,58,420,540,4,5
1279,,,9,1,2,2,65,73,300,600,4,5
1280,,,5,2,2,1,56,16,0,300,2,5
1281,,,7,2,2,1,37,60,60,180,3,5
1282,,,13,1,2,1,93,93,300,600,4,5
1283,,,4,1,2,2,65,99,300,600,2,5
1284,,,15,1,2,2,29,56,300,600,2,5
1285,,,9,1,2,1,51,63,420,540,1,5
1286,,,8,1,2,1,98,97,420,540,1,5
1287,,,11,1,2,2,48,45,300,600,1,5
1288,,,12,1,2,1,100,57,300,600,4,5
1289,,,4,2,2,1,85,28,180,300,1,5
1290,,,7,2,2,2,2,14,60,180,1,5
1291,,,6,1,2,1,23,81,300,600,3,5
1292,,,6,1,2,1,44,9,300,600,4,5
1293,,,1,1,2,2,15,89,420,540,2,5
1294,,,5,1,2,1,29,34,300,600,1,5
1295,,,6,1,2,2,87,43,300,600,1,5
1296,,,11,2,2,2,39,89,60,180,4,5
1297,,,14,1,2,1,28,7,420,540,3,5
1298,,,13,1,2,1,64,39,420,540,1,5
1299,,,5,1,2,2,40,26,300,600,1,5
1300,,,7,2,2,1,64,34,60,180,1,5
1301,,,12,1,2,1,36,82,420,540,4,5
1302,,,15,1,2,2,54,40,420,540,1,5
1303,,,7,1,2,2,79,62,300,600,2,5
1304,,,13,1,2,2,48,53,300,600,2,5
1305,,,3,1,2,1,30,60,420,540,4,5
1306,,,3,1,2,2,6,34,420,540,4,5
1307,,,14,1,2,2,17,61,420,540,1,5
1308,,,4,2,2,2,56,49,0,300,2,5
1309,,,5,1,2,1,38,85,300,600,1,5
1310,,,8,1,2,2,36,62,420,540,2,5
1311,,,13,2,2,1,86,58,420,540,2,5
1312,,,13,1,2,2,73,39,420,540,3,5
1313,,,16,2,2,2,55,38,180,300,3,5
1314,,,11,2,2,1,90,22,420,540,2,5
1315,,,6,1,2,1,1,4,300,600,3,5
1316,,,2,1,2,2,14,88,420,540,2,5
1317,,,10,2,2,2,43,15,300,600,4,5
1318,,,9,2,2,1,14,41,180,300,2,5
1319,,,10,1,2,2,35,35,420,540,1,5
1320,,,15,1,2,2,86,15,300,600,3,5
1321,,,2,1,2,1,19,76,420,540,1,5
1322,,,11,1,2,2,12,31,300,600,2,5
1323,,,11,1,2,1,23,62,420,540,2,5
1324,,,9,2,2,1,45,25,300,600,1,5
1325,,,16,1,2,1,40,84,420,540,2,5
1326,,,12,1,2,1,94,0,420,540,3,5
1327,,,4,1,2,2,21,24,300,600,4,5
1328,,,10,1,2,1,37,85,300,600,2,5
1329,,,9,2,2,2,26,97,420,540,3,5
1330,,,12,1,2,2,61,48,420,540,4,5
1331,,,14,1,2,2,92,36,420,540,3,5
1332,,,1,1,2,1,60,52,300,600,1,5
1333,,,10,2,2,2,38,43,0,300,1,5
1334,,,13,2,2,1,83,100,0,300,4,5
1335,,,4,1,2,1,76,53,420,540,2,5
1336,,,3,1,2,1,2,34,300,600,2,5
1337,,,7,2,2,1,69,39,0,300,3,5
1338,,,14,1,2,2,5,19,300,600,4,5
1339,,,10,1,2,2,0,99,420,540,4,5
1340,,,12,2,2,1,53,4,420,540,4,5
1341,,,6,2,2,1,44,76,0,300,2,5
1342,,,8,1,2,2,41,22,420,540,4,5
1343,,,4,1,2,2,22,60,300,600,3,5
1344,,,6,1,2,1,4,56,300,600,3,5
1345,,,5,1,2,1,48,63,300,600,4,5
1346,,,4,1,2,2,15,82,420,540,2,5
1347,,,16,1,2,1,23,75,300,600,4,5
1348,,,13,1,2,1,62,3,300,600,2,5
1349,,,8,2,2,1,98,40,60,180,4,5
1350,,,9,2,2,1,5,15,420,540,3,5
1351,,,15,2,2,1,7,28,0,300,1,5
1352,,,11,1,2,2,47,91,420,540,1,5
1353,,,2,1,2,1,86,61,420,540,1,5
1354,,,14,1,2,2,12,43,420,540,3,5
1355,,,6,1,2,2,12,26,420,540,2,5
1356,,,13,1,2,2,74,90,300,600,2,5
1357,,,15,1,2,1,98,61,300,600,4,5
1358,,,9,2,2,1,96,56,0,300,2,5
1359,,,8,2,2,1,31,35,420,540,1,5
1360,,,3,1,2,2,62,30,420,540,3,5
1361,,,14,1,2,2,75,50,420,540,3,5
1362,,,2,1,2,1,68,57,420,540,4,5
1363,,,4,1,2,1,32,37,300,600,2,5
1364,,,6,2,2,2,7,91,180,300,2,5
1365,,,6,1,2,1,0,37,420,540,4,5
1366,,,8,1,2,1,74,75,420,540,1,5
1367,,,2,1,2,1,80,53,300,600,2,5
1368,,,15,2,2,1,61,81,420,540,4,5
1369,,,2,1,2,1,55,11,420,540,3,5
1370,,,7,1,2,1,9,60,300,600,2,5
1371,,,3,1,2,2,8,33,300,600,4,5
1372,,,3,1,2,2,13,96,420,540,2,5
1373,,,10,1,2,2,65,38,420,540,2,5
1374,,,7,1,2,2,35,57,300,600,2,5
1375,,,7,2,2,1,62,56,420,540,3,5
1376,,,10,2,2,1,65,74,300,420,1,5
1377,,,14,1,2,1,54,96,300,600,1,5
1378,,,4,1,2,1,81,85,300,600,3,5
1379,,,14,1,2,2,49,32,420,540,1,5
1380,,,10,1,2,1,10,44,420,540,4,5
1381,,,11,1,2,2,74,56,420,540,4,5
1382,,,11,1,2,1,40,32,420,540,1,5
1383,,,7,1,2,1,12,54,420,540,2,5
1384,,,2,1,2,1,57,35,300,600,1,5
1385,,,12,2,2,2,50,98,300,420,2,5
1386,,,14,1,2,1,66,44,420,540,1,5
1387,,,7,1,2,1,97,35,300,600,2,5
1388,,,11,1,2,1,24,81,300,600,1,5
1389,,,12,1,2,1,99,85,300,600,2,5
1390,,,5,1,2,2,61,92,300,600,1,5
1391,,,6,1,2,2,56,3,300,600,4,5
1392,,,6,2,2,1,1,26,0,300,2,5
1393,,,14,1,2,1,3,51,420,540,2,5
1394,,,7,1,2,2,6,77,300,600,4,5
1395,,,15,1,2,2,62,31,420,540,1,5
1396,,,5,1,2,2,53,31,300,600,2,5
1397,,,5,2,2,1,10,14,60,180,3,5
1398,,,2,1,2,1,54,39,300,600,4,5
1399,,,2,1,2,1,59,54,300,600,2,5
1400,,,9,1,2,2,44,91,420,540,2,5
1401,,,1,1,2,1,92,100,300,600,1,5
1402,,,11,1,2,1,74,70,300,600,3,5
1403,,,5,2,2,1,61,67,60,180,1,5
1404,,,7,2,2,1,84,8,300,420,3,5
1405,,,10,1,2,2,81,31,300,600,1,5
1406,,,5,1,2,1,90,4,420,540,4,5
1407,,,5,1,2,2,9,6,420,540,1,5
1408,,,13,1,2,2,0,57,300,600,3,5
1409,,,14,1,2,1,49,35,300,600,2,5
1410,,,15,1,2,2,56,39,300,600,2,5
1411,,,4,1,2,1,84,89,420,540,1,5
1412,,,7,2,2,2,37,98,420,540,4,5
1413,,,14,1,2,1,99,23,300,600,1,5
1414,,,10,2,2,1,39,53,300,600,3,5
1415,,,12,1,2,2,55,16,300,600,1,5
1416,,,7,2,2,1,73,63,60,180,3,5
1417,,,13,1,2,1,100,73,420,540,2,5
1418,,,16,1,2,1,37,28,300,600,1,5
1419,,,14,2,2,2,33,60,180,300,4,5
1420,,,3,2,2,1,28,34,60,180,2,5
1421,,,9,2,2,2,27,43,0,300,3,5
1422,,,6,1,2,1,66,37,420,540,2,5
1423,,,4,1,2,2,50,16,420,540,2,5
1424,,,8,1,2,1,85,42,300,600,3,5
1425,,,4,1,2,1,40,2,420,540,3,5
1426,,,14,1,2,2,16,97,420,540,1,5
1427,,,12,2,2,2,20,74,420,540,1,5
1428,,,10,1,2,2,6,53,420,540,2,5
1429,,,14,1,2,1,37,100,420,540,1,5
1430,,,13,1,2,1,71,7,420,540,2,5
1431,,,15,1,2,2,99,47,300,600,1,5
1432,,,4,1,2,1,2,90,300,600,3,5
1433,,,13,1,2,2,100,21,420,540,1,5
1434,,,7,1,2,1,59,76,300,600,2,5
1435,,,13,1,2,1,98,3,300,600,2,5
1436,,,14,2,2,1,55,21,60,180,4,5
1437,,,9,1,2,2,48,60,420,540,3,5
1438,,,9,2,2,2,82,20,0,300,1,5
1439,,,13,2,2,1,73,8,0,300,2,5
1440,,,5,1,2,2,16,36,420,540,2,5
1441,,,4,1,2,2,15,84,300,600,3,5
1442,,,15,1,2,1,3,12,420,540,1,5
1443,,,3,1,2,1,78,72,420,540,1,5
1444,,,1,1,2,1,49,98,420,540,2,5
1445,,,5,2,2,2,2,8,420,540,3,5
1446,,,9,1,2,2,52,69,420,540,2,5
1447,,,5,1,2,2,95,70,300,600,4,5
1448,,,7,1,2,2,12,87,420,540,2,5
1449,,,9,1,2,2,94,34,300,600,4,5
1450,,,14,1,2,1,40,75,300,600,3,5
1451,,,2,1,2,2,66,25,300,600,2,5
1452,,,7,1,2,1,48,49,300,600,1,5
1453,,,15,2,2,1,90,1,60,180,2,5
1454,,,8,1,2,1,68,44,300,600,1,5
1455,,,7,1,2,2,38,47,420,540,2,5
1456,,,10,1,2,2,68,34,420,540,1,5
1457,,,9,2,2,1,10,24,60,180,1,5
1458,,,1,1,2,2,13,17,420,540,1,5
1459,,,9,1,2,2,9,87,420,540,3,5
1460,,,6,2,2,2,80,19,300,600,1,5
1461,,,10,2,2,2,10,49,300,420,1,5
1462,,,14,1,2,2,2,97,300,600,3,5
1463,,,3,1,2,1,65,39,420,540,2,5
1464,,,5,2,2,2,61,94,180,300,3,5
1465,,,10,2,2,2,30,98,300,600,4,5
1466,,,8,2,2,2,54,96,60,180,3,5
1467,,,3,1,2,1,30,67,420,540,4,5
1468,,,14,1,2,1,97,75,420,540,2,5
1469,,,12,1,2,1,87,5,300,600,4,5
1470,,,7,1,2,1,38,91,300,600,1,5
1471,,,12,1,2,2,21,71,300,600,3,5
1472,,,11,1,2,1,50,83,300,600,3,5
1473,,,6,1,2,2,87,92,300,600,3,5
1474,,,8,1,2,2,18,59,420,540,4,5
1475,,,10,1,2,1,28,89,300,600,1,5
1476,,,11,2,2,2,12,93,300,420,1,5
1477,,,5,1,2,1,52,94,420,540,4,5
1478,,,10,1,2,1,11,7,420,540,2,5
1479,,,14,1,2,1,50,89,420,540,4,5
1480,,,9,1,2,1,19,6,420,540,2,5
1481,,,4,1,2,2,69,99,300,600,3,5
1482,,,12,1,2,2,67,4,300,600,4,5
1483,,,6,1,2,2,49,74,420,540,1,5
1484,,,3,1,2,1,92,2,300,600,3,5
1485,,,13,1,2,1,30,69,300,600,3,5
1486,,,11,2,2,2,88,22,300,600,3,5
1487,,,11,1,2,1,98,12,300,600,2,5
1488,,,12,1,2,1,2,80,420,540,2,5
1489,,,9,1,2,1,5,95,420,540,3,5
1490,,,13,2,2,2,0,9,60,180,4,5
1491,,,10,1,2,1,0,52,300,600,3,5
1492,,,4,1,2,1,97,42,300,600,4,5
1493,,,5,1,2,2,79,28,420,540,4,5
1494,,,9,1,2,1,0,25,420,540,3,5
1495,,,11,1,2,2,54,60,300,600,3,5
1496,,,10,1,2,2,22,5,420,540,3,5
1497,,,13,1,2,2,62,88,420,540,2,5
1498,,,11,1,2,1,88,87,300,600,2,5
1499,,,5,1,2,1,61,40,420,540,2,5
1500,,,2,1,2,1,70,65,300,600,4,5
1501,,,9,1,2,2,56,40,300,600,2,5
1502,,,16,1,2,2,44,88,420,540,4,5
1503,,,13,2,2,2,32,86,420,540,2,5
1504,,,15,1,2,1,94,79,300,600,4,5
1505,,,12,1,2,1,9,11,300,600,4,5
1506,,,11,1,2,1,67,43,420,540,4,5
1507,,,9,1,2,2,28,40,300,600,3,5
1508,,,8,1,2,1,68,15,300,600,4,5
1509,,,3,2,2,1,24,33,180,300,2,5
1510,,,9,1,2,2,64,65,420,540,4,5
1511,,,2,2,2,2,55,62,300,600,4,5
1512,,,8,2,2,2,51,89,300,600,1,5
1513,,,4,1,2,1,77,21,300,600,1,5
1514,,,14,1,2,1,3,9,300,600,1,5
1515,,,3,1,2,2,39,19,300,600,1,5
1516,,,12,1,2,2,49,54,420,540,1,5
1517,,,13,2,2,1,31,54,0,300,4,5
1518,,,15,1,2,1,32,99,420,540,3,5
1519,,,2,2,2,2,0,90,300,600,1,5
1520,,,6,1,2,2,63,83,420,540,4,5
1521,,,12,1,2,2,12,16,300,600,3,5
1522,,,7,1,2,2,31,98,300,600,3,5
1523,,,3,1,2,2,61,93,300,600,2,5
1524,,,8,2,2,2,27,68,60,180,4,5
1525,,,9,1,2,2,92,75,300,600,2,5
1526,,,3,1,2,1,69,84,300,600,3,5
1527,,,13,1,2,2,34,95,420,540,2,5
1528,,,11,2,2,1,75,46,420,540,2,5
1529,,,8,1,2,2,30,34,420,540,3,5
1530,,,11,1,2,1,44,47,300,600,3,5
1531,,,8,1,2,2,23,55,420,540,3,5
1532,,,14,1,2,2,20,51,300,600,4,5
1533,,,6,2,2,2,2,67,60,180,1,5
1534,,,6,2,2,1,3,78,0,300,2,5
1535,,,10,1,2,1,86,23,420,540,4,5
1536,,,13,1,2,1,62,28,300,600,3,5
1537,,,9,1,2,1,88,27,420,540,2,5
1538,,,12,2,2,2,40,27,0,300,3,5
1539,,,6,2,2,2,21,19,60,180,3,5
1540,,,6,1,2,1,68,18,420,540,4,5
1541,,,11,2,2,1,70,79,420,540,4,5
1542,,,8,1,2,1,70,50,420,540,1,5
1543,,,11,1,2,1,30,72,420,540,4,5
1544,,,4,1,2,2,46,81,420,540,2,5
1545,,,13,1,2,1,89,12,300,600,1,5
1546,,,5,2,2,2,3,15,180,300,2,5
1547,,,12,2,2,2,44,81,60,180,3,5
1548,,,7,1,2,1,70,13,300,600,4,5
1549,,,4,2,2,1,12,54,180,300,3,5
1550,,,7,1,2,1,55,1,420,540,3,5
1551,,,3,2,2,1,17,87,420,540,3,5
1552,,,5,1,2,1,19,4,300,600,2,5
1553,,,9,1,2,1,73,10,420,540,2,5
1554,,,8,1,2,2,63,54,420,540,1,5
1555,,,6,2,2,2,26,67,300,600,1,5
1556,,,9,2,2,1,3,54,300,420,4,5
1557,,,7,1,2,1,30,6,420,540,1,5
1558,,,8,2,2,1,51,52,180,300,4,5
1559,,,4,1,2,2,44,2,420,540,2,5
1560,,,14,2,2,2,61,63,180,300,3,5
1561,,,13,2,2,2,58,20,420,540,4,5
1562,,,13,1,2,2,56,31,300,600,3,5
1563,,,3,1,2,2,58,64,300,600,4,5
1564,,,13,1,2,2,52,14,420,540,4,5
1565,,,6,2,2,1,15,7,60,180,2,5
1566,,,10,1,2,2,86,81,300,600,3,5
1567,,,10,2,2,1,89,47,300,420,2,5
1568,,,7,1,2,1,48,95,420,540,4,5
1569,,,2,1,2,1,90,24,300,600,1,5
1570,,,5,1,2,2,60,60,420,540,4,5
1571,,,6,2,2,2,66,60,300,420,3,5
1572,,,12,1,2,2,64,93,300,600,1,5
1573,,,7,1,2,1,53,7,300,600,3,5
1574,,,10,1,2,1,30,38,300,600,2,5
1575,,,4,2,2,2,37,59,300,420,2,5
1576,,,6,1,2,1,29,66,420,540,1,5
1577,,,14,2,2,2,30,58,60,180,2,5
1578,,,13,1,2,1,65,46,420,540,4,5
1579,,,13,2,2,2,84,67,300,420,1,5
1580,,,11,2,2,2,30,70,0,300,4,5
1581,,,7,1,2,1,60,71,300,600,1,5
1582,,,7,1,2,2,65,59,300,600,3,5
1583,,,6,1,2,1,3,1,420,540,3,5
1584,,,12,1,2,2,53,95,420,540,2,5
1585,,,12,1,2,2,47,64,300,600,3,5
1586,,,14,2,2,1,66,11,60,180,2,5
1587,,,3,1,2,2,70,19,300,600,1,5
1588,,,14,1,2,1,4,90,300,600,4,5
1589,,,15,1,2,2,48,25,420,540,4,5
1590,,,3,1,2,1,71,88,300,600,4,5
1591,,,10,1,2,1,37,21,420,540,2,5
1592,,,11,1,2,2,45,56,300,600,4,5
1593,,,2,1,2,2,23,22,300,600,4,5
1594,,,11,2,2,2,50,92,300,600,4,5
1595,,,13,1,2,2,56,100,420,540,1,5
1596,,,7,2,2,1,86,88,0,300,1,5
1597,,,6,1,2,1,33,28,300,600,1,5
1598,,,7,1,2,1,75,66,300,600,4,5
1599,,,6,2,2,1,72,38,420,540,3,5
1600,,,12,1,2,1,99,94,420,540,4,5
1601,,,12,1,2,1,79,79,420,540,4,5
1602,,,11,2,2,2,69,1,180,300,3,5
1603,,,8,1,2,1,2,1,300,600,3,5
1604,,,3,1,2,2,29,84,420,540,1,5
1605,,,8,1,2,2,71,33,420,540,4,5
1606,,,10,1,2,1,45,11,300,600,4,5
1607,,,10,1,2,1,25,15,300,600,4,5
1608,,,7,2,2,1,40,76,0,300,1,5
1609,,,2,1,2,1,23,100,420,540,2,5
1610,,,11,1,2,2,35,78,300,600,3,5
1611,,,2,2,2,2,65,14,60,180,1,5
1612,,,11,2,2,2,64,48,0,300,3,5
1613,,,13,1,2,1,52,36,300,600,2,5
1614,,,8,1,2,2,70,72,300,600,3,5
1615,,,13,1,2,1,7,21,420,540,2,5
1616,,,13,1,2,1,65,4,420,540,4,5
1617,,,1,1,2,2,42,18,300,600,4,5
1618,,,14,2,2,2,16,88,180,300,3,5
1619,,,10,1,2,2,22,1,420,540,4,5
1620,,,8,1,2,2,24,20,300,600,1,5
1621,,,8,1,2,2,11,45,300,600,2,5
1622,,,3,2,2,1,49,80,60,180,1,5
1623,,,15,1,2,1,77,17,300,600,4,5
1624,,,14,2,2,2,37,99,300,420,4,5
1625,,,7,1,2,2,70,87,300,600,4,5
1626,,,4,1,2,1,47,23,420,540,3,5
1627,,,9,2,2,1,4,75,60,180,1,5
1628,,,5,1,2,2,10,31,300,600,1,5
1629,,,13,1,2,2,55,23,420,540,1,5
1630,,,10,1,2,1,3,14,420,540,3,5
1631,,,9,1,2,1,72,20,300,600,1,5
1632,,,11,1,2,1,42,22,300,600,2,5
1633,,,6,1,2,2,31,79,300,600,3,5
1634,,,14,1,2,1,76,70,420,540,3,5
1635,,,5,1,2,2,45,46,300,600,3,5
1636,,,11,1,2,2,25,68,420,540,3,5
1637,,,13,2,2,2,38,22,180,300,3,5
1638,,,2,1,2,1,2,0,300,600,2,5
1639,,,11,2,2,2,79,86,420,540,3,5
1640,,,4,1,2,2,64,28,420,540,1,5
1641,,,4,1,2,2,79,65,420,540,2,5
1642,,,12,1,2,1,26,66,420,540,2,5
1643,,,14,2,2,1,79,50,0,300,1,5
1644,,,6,1,2,2,49,45,300,600,2,5
1645,,,11,1,2,1,37,9,300,600,1,5
1646,,,4,2,2,1,70,38,60,180,1,5
1647,,,16,1,2,2,79,50,300,600,2,5
1648,,,10,2,2,2,2,53,300,420,2,5
1649,,,4,1,2,2,3,13,300,600,2,5
1650,,,13,1,2,2,21,58,300,600,2,5
1651,,,11,1,2,1,69,10,420,540,3,5
1652,,,14,1,2,1,31,0,420,540,3,5
1653,,,12,1,2,1,74,79,420,540,3,5
1654,,,9,1,2,1,3,47,300,600,1,5
1655,,,7,1,2,1,31,73,300,600,3,5
1656,,,5,1,2,1,70,85,300,600,4,5
1657,,,7,2,2,1,12,65,300,420,2,5
1658,,,10,1,2,2,53,38,420,540,3,5
1659,,,9,2,2,2,77,67,420,540,4,5
1660,,,12,1,2,1,81,42,420,540,2,5
1661,,,5,1,2,1,58,20,420,540,3,5
1662,,,9,1,2,1,15,30,300,600,2,5
1663,,,15,1,2,1,95,95,420,540,1,5
1664,,,13,1,2,1,63,97,300,600,2,5
1665,,,4,1,2,1,13,29,300,600,2,5
1666,,,12,1,2,1,36,55,300,600,2,5
1667,,,6,1,2,1,50,57,420,540,1,5
1668,,,1,1,2,1,10,30,300,600,3,5
1669,,,4,1,2,2,89,86,300,600,1,5
1670,,,2,1,2,1,12,60,420,540,4,5
1671,,,2,1,2,1,75,59,300,600,4,5
1672,,,8,1,2,2,21,63,420,540,3,5
1673,,,13,2,2,1,78,84,180,300,1,5
1674,,,13,1,2,2,63,65,300,600,3,5
1675,,,6,1,2,1,82,53,300,600,4,5
1676,,,1,1,2,2,25,24,420,540,2,5
1677,,,2,1,2,1,80,78,300,600,3,5
1678,,,3,1,2,1,44,11,420,540,4,5
1679,,,8,1,2,2,3,3,420,540,3,5
1680,,,5,1,2,2,80,88,300,600,3,5
1681,,,10,2,2,1,7,72,420,540,3,5
1682,,,13,2,2,1,57,61,0,300,2,5
1683,,,14,1,2,1,78,51,300,600,1,5
1684,,,9,1,2,2,89,12,300,600,3,5
1685,,,7,2,2,2,74,77,0,300,2,5
1686,,,7,1,2,2,83,72,420,540,4,5
1687,,,2,1,2,1,50,51,420,540,3,5
1688,,,4,2,2,1,23,94,0,300,1,5
1689,,,9,1,2,2,53,89,420,540,4,5
1690,,,2,2,2,2,43,84,0,300,4,5
1691,,,1,1,2,2,28,77,300,600,2,5
1692,,,9,1,2,1,3,81,300,600,3,5
1693,,,8,1,2,2,81,11,420,540,4,5
1694,,,2,1,2,1,17,28,300,600,1,5
1695,,,2,1,2,1,20,1,420,540,1,5
1696,,,7,1,2,2,60,89,300,600,4,5
1697,,,5,2,2,2,44,1,180,300,4,5
1698,,,14,1,2,1,67,44,420,540,4,5
1699,,,16,1,2,1,72,0,420,540,2,5
1700,,,11,1,2,1,18,58,300,600,1,5
1701,,,7,1,2,1,12,80,300,600,3,5
1702,,,7,1,2,1,71,79,300,600,3,5
1703,,,1,1,2,2,55,44,420,540,1,5
1704,,,8,2,2,1,48,76,180,300,1,5
1705,,,6,1,2,1,56,29,420,540,4,5
1706,,,3,2,2,1,46,8,0,300,1,5
1707,,,8,1,2,1,79,88,300,600,2,5
1708,,,5,1,2,2,34,93,300,600,1,5
1709,,,4,1,2,1,95,82,300,600,2,5
1710,,,9,2,2,2,98,40,0,300,1,5
1711,,,8,1,2,2,84,38,300,600,3,5
1712,,,8,1,2,1,77,94,300,600,2,5
1713,,,3,1,2,1,91,2,420,540,2,5
1714,,,11,1,2,1,25,67,300,600,1,5
1715,,,3,1,2,1,14,50,420,540,2,5
1716,,,3,1,2,2,71,0,300,600,3,5
1717,,,8,1,2,2,75,41,420,540,2,5
1718,,,3,1,2,2,33,24,420,540,3,5
1719,,,7,1,2,2,0,97,300,600,4,5
1720,,,14,1,2,1,36,92,300,600,1,5
1721,,,10,1,2,2,9,68,420,540,3,5
1722,,,3,1,2,2,4,90,300,600,4,5
1723,,,4,2,2,2,79,49,420,540,2,5
1724,,,6,1,2,2,81,98,420,540,4,5
1725,,,15,1,2,1,73,70,300,600,1,5
1726,,,10,1,2,2,81,3,300,600,4,5
1727,,,14,2,2,2,80,54,300,420,1,5
1728,,,10,1,2,1,68,42,300,600,1,5
1729,,,2,1,2,2,34,11,420,540,1,5
1730,,,10,1,2,1,83,97,300,600,4,5
1731,,,9,1,2,1,23,21,300,600,2,5
1732,,,6,1,2,2,11,32,300,600,2,5
1733,,,12,1,2,1,90,0,420,540,3,5
1734,,,10,2,2,1,29,39,0,300,1,5
1735,,,5,1,2,2,31,89,300,600,4,5
1736,,,2,2,2,1,73,12,60,180,2,5
1737,,,5,1,2,1,83,52,420,540,4,5
1738,,,10,2,2,1,20,37,420,540,4,5
1739,,,11,1,2,2,74,56,420,540,2,5
1740,,,5,1,2,1,78,84,420,540,2,5
1741,,,5,1,2,1,59,49,420,540,3,5
1742,,,4,2,2,2,90,98,60,180,1,5
1743,,,11,1,2,1,17,97,420,540,2,5
1744,,,7,1,2,1,61,79,300,600,1,5
1745,,,11,2,2,1,34,70,300,420,3,5
1746,,,7,1,2,2,62,54,300,600,3,5
1747,,,12,1,2,2,69,98,300,600,4,5
1748,,,6,1,2,1,59,14,420,540,2,5
1749,,,12,1,2,2,12,11,300,600,1,5
1750,,,8,1,2,1,58,29,300,600,4,5
1751,,,14,1,2,1,72,72,300,600,4,5
1752,,,14,2,2,2,35,5,420,540,3,5
1753,,,11,2,2,1,38,24,420,540,3,5
1754,,,9,2,2,2,56,95,180,300,2,5
1755,,,9,1,2,2,27,100,420,540,3,5
1756,,,14,1,2,2,73,11,300,600,4,5
1757,,,3,1,2,1,34,96,300,600,2,5
1758,,,10,1,2,1,12,84,420,540,2,5
1759,,,2,1,2,1,38,85,420,540,1,5
1760,,,6,1,2,2,61,74,420,540,4,5
1761,,,14,1,2,1,0,74,420,540,4,5
1762,,,3,2,2,1,64,11,0,300,3,5
1763,,,11,1,2,2,75,30,420,540,4,5
1764,,,15,1,2,1,79,76,300,600,1,5
1765,,,11,1,2,2,71,14,300,600,2,5
1766,,,6,1,2,1,8,17,420,540,2,5
1767,,,10,2,2,1,20,28,0,300,4,5
1768,,,5,1,2,1,20,12,300,600,4,5
1769,,,8,1,2,2,53,69,420,540,2,5
1770,,,10,1,2,1,78,96,420,540,2,5
1771,,,14,1,2,1,1,62,420,540,2,5
1772,,,11,2,2,2,66,66,60,180,4,5
1773,,,5,2,2,1,82,31,420,540,1,5
1774,,,4,1,2,1,89,35,420,540,2,5
1775,,,7,2,2,1,10,88,60,180,4,5
1776,,,11,1,2,2,92,82,420,540,2,5
1777,,,9,2,2,1,6,65,300,600,2,5
1778,,,12,1,2,2,74,76,420,540,1,5
1779,,,2,1,2,2,1,20,420,540,1,5
1780,,,10,2,2,1,89,71,420,540,1,5
1781,,,12,1,2,1,91,98,300,600,4,5
1782,,,5,2,2,1,80,16,420,540,1,5
1783,,,16,1,2,1,82,59,300,600,1,5
1784,,,4,2,2,1,28,74,180,300,4,5
1785,,,4,2,2,1,59,78,0,300,1,5
1786,,,10,1,2,2,19,53,420,540,3,5
1787,,,12,1,2,2,40,79,420,540,2,5
1788,,,9,2,2,2,91,7,420,540,3,5
1789,,,11,2,2,1,87,1,420,540,4,5
1790,,,8,1,2,2,3,83,300,600,1,5
1791,,,7,1,2,1,14,83,300,600,3,5
1792,,,6,2,2,2,25,36,0,300,3,5
1793,,,15,1,2,1,81,39,420,540,2,5
1794,,,16,1,2,2,19,12,300,600,2,5
1795,,,9,2,2,1,10,69,60,180,3,5
1796,,,15,1,2,1,39,69,300,600,3,5
1797,,,10,1,2,1,39,61,300,600,1,5
1798,,,8,2,2,1,14,54,60,180,2,5
1799,,,14,1,2,1,51,68,300,600,1,5
1800,,,11,1,2,2,20,55,300,600,3,5
1801,,,4,2,2,2,63,55,180,300,2,5
1802,,,13,1,2,2,72,33,300,600,3,5
1803,,,14,2,2,1,56,5,0,300,2,5
1804,,,9,1,2,2,64,32,300,600,2,5
1805,,,8,1,2,1,10,2,300,600,3,5
1806,,,2,1,2,2,40,68,420,540,1,5
1807,,,12,1,2,2,6,43,300,600,3,5
1808,,,7,1,2,2,94,57,420,540,4,5
1809,,,9,2,2,2,83,1,60,180,3,5
1810,,,3,1,2,1,96,49,420,540,1,5
1811,,,9,1,2,2,19,17,420,540,4,5
1812,,,7,1,2,2,94,79,300,600,2,5
1813,,,4,1,2,1,27,92,300,600,4,5
1814,,,14,1,2,2,84,76,420,540,3,5
1815,,,7,1,2,1,44,61,420,540,1,5
1816,,,14,1,2,2,2,65,300,600,3,5
1817,,,5,2,2,1,62,33,180,300,1,5
1818,,,15,1,2,1,18,49,420,540,4,5
1819,,,5,1,2,1,21,96,300,600,4,5
1820,,,3,2,2,2,24,4,420,540,4,5
1821,,,15,1,2,1,47,34,300,600,3,5
1822,,,11,2,2,2,73,66,420,540,3,5
1823,,,7,2,2,2,65,85,180,300,1,5
1824,,,9,1,2,2,0,11,420,540,1,5
1825,,,1,1,2,1,23,3,300,600,3,5
1826,,,10,1,2,2,20,68,420,540,2,5
1827,,,9,1,2,1,96,56,300,600,4,5
1828,,,8,2,2,1,57,91,180,300,3,5
1829,,,14,1,2,1,20,29,420,540,3,5
1830,,,15,1,2,1,49,0,420,540,1,5
1831,,,7,1,2,1,7,54,300,600,4,5
1832,,,7,1,2,1,33,49,300,600,1,5
1833,,,9,1,2,1,21,62,300,600,4,5
1834,,,10,1,2,2,57,1,420,540,4,5
1835,,,3,1,2,1,39,38,300,600,4,5
1836,,,3,1,2,1,52,38,300,600,2,5
1837,,,5,1,2,1,32,32,420,540,2,5
1838,,,16,1,2,1,77,89,420,540,3,5
1839,,,12,1,2,1,35,35,300,600,2,5
1840,,,7,2,2,2,50,84,420,540,3,5
1841,,,8,1,2,2,3,97,420,540,4,5
1842,,,10,1,2,1,86,48,420,540,3,5
1843,,,9,1,2,2,76,42,420,540,2,5
1844,,,16,1,2,2,1,1,300,600,1,5
1845,,,11,1,2,2,32,95,300,600,4,5
1846,,,14,1,2,1,74,88,420,540,1,5
1847,,,10,1,2,2,54,65,300,600,2,5
1848,,,13,1,2,2,12,61,300,600,3,5
1849,,,8,1,2,1,40,31,420,540,1,5
1850,,,2,1,2,2,59,48,420,540,2,5
1851,,,5,1,2,2,94,32,300,600,3,5
1852,,,12,2,2,1,92,93,180,300,3,5
1853,,,4,1,2,1,62,47,300,600,1,5
1854,,,7,1,2,1,35,62,300,600,4,5
1855,,,6,1,2,2,15,83,420,540,2,5
1856,,,10,1,2,2,31,74,300,600,2,5
1857,,,13,1,2,1,39,45,300,600,2,5
1858,,,15,1,2,1,7,50,300,600,2,5
1859,,,4,1,2,2,78,49,300,600,1,5
1860,,,12,1,2,2,80,16,300,600,2,5
1861,,,11,1,2,1,78,56,420,540,2,5
1862,,,8,1,2,1,16,28,300,600,1,5
1863,,,15,1,2,2,22,10,300,600,3,5
1864,,,14,1,2,2,55,4,420,540,4,5
1865,,,12,2,2,1,51,85,300,600,1,5
1866,,,7,1,2,2,100,48,300,600,4,5
1867,,,2,1,2,1,61,2,300,600,1,5
1868,,,13,1,2,2,15,53,420,540,2,5
1869,,,9,1,2,1,18,93,300,600,3,5
1870,,,8,1,2,2,80,56,420,540,2,5
1871,,,12,1,2,2,29,14,420,540,3,5
1872,,,8,1,2,1,58,20,300,600,2,5
1873,,,3,1,2,2,78,28,420,540,4,5
1874,,,4,1,2,2,55,82,420,540,3,5
1875,,,8,1,2,1,75,20,300,600,2,5
1876,,,13,2,2,1,88,1,420,540,1,5
1877,,,4,1,2,2,82,34,300,600,2,5
1878,,,7,1,2,2,59,48,300,600,3,5
1879,,,14,2,2,2,54,42,60,180,2,5
1880,,,7,2,2,1,52,93,300,420,3,5
1881,,,9,1,2,2,25,5,300,600,1,5
1882,,,3,1,2,2,22,69,300,600,1,5
1883,,,5,1,2,2,62,4,300,600,4,5
1884,,,2,2,2,1,0,97,0,300,4,5
1885,,,16,1,2,2,94,34,420,540,3,5
1886,,,7,2,2,2,26,89,180,300,2,5
1887,,,3,1,2,2,71,76,420,540,4,5
1888,,,14,1,2,2,31,73,420,540,3,5
1889,,,7,1,2,1,32,95,420,540,1,5
1890,,,12,2,2,1,21,38,180,300,3,5
1891,,,14,2,2,2,61,4,180,300,4,5
1892,,,15,2,2,1,50,74,300,600,4,5
1893,,,12,1,2,2,77,45,300,600,2,5
1894,,,3,1,2,2,24,58,420,540,3,5
1895,,,8,2,2,1,15,5,0,300,1,5
1896,,,4,1,2,1,21,76,300,600,2,5
1897,,,14,2,2,1,94,51,180,300,2,5
1898,,,11,2,2,2,64,33,300,420,2,5
1899,,,3,2,2,2,16,97,0,300,1,5
1900,,,6,1,2,2,83,75,300,600,2,5
1901,,,2,1,2,2,76,77,300,600,4,5
1902,,,9,1,2,2,32,98,300,600,4,5
1903,,,10,1,2,2,17,79,300,600,3,5
1904,,,12,2,2,1,50,27,180,300,2,5
1905,,,3,1,2,1,61,69,420,540,1,5
1906,,,4,1,2,1,11,51,300,600,4,5
1907,,,5,1,2,1,9,16,420,540,2,5
1908,,,4,1,2,2,21,5,300,600,1,5
1909,,,7,1,2,2,79,29,300,600,3,5
1910,,,9,1,2,1,58,98,300,600,2,5
1911,,,13,1,2,1,62,19,420,540,2,5
1912,,,7,1,2,2,92,77,420,540,2,5
1913,,,10,1,2,2,11,23,300,600,4,5
1914,,,7,1,2,2,52,50,420,540,1,5
1915,,,5,1,2,2,27,12,420,540,2,5
1916,,,5,1,2,2,22,28,420,540,2,5
1917,,,7,1,2,2,13,31,420,540,4,5
1918,,,12,2,2,1,54,32,300,420,3,5
1919,,,13,1,2,2,45,49,300,600,4,5
1920,,,12,1,2,2,11,95,420,540,2,5
1921,,,4,1,2,2,35,29,300,600,4,5
1922,,,15,2,2,1,44,35,420,540,2,5
1923,,,14,2,2,2,37,8,0,300,1,5
1924,,,8,1,2,2,23,9,300,600,4,5
1925,,,7,1,2,1,17,69,420,540,4,5
1926,,,5,1,2,2,44,97,420,540,3,5
1927,,,10,1,2,1,100,9,420,540,1,5
1928,,,11,2,2,1,93,3,180,300,2,5
1929,,,13,1,2,1,39,25,300,600,2,5
1930,,,3,2,2,2,48,7,180,300,4,5
1931,,,7,1,2,1,24,63,420,540,1,5
1932,,,8,1,2,1,7,4,300,600,2,5
1933,,,10,1,2,1,69,85,420,540,1,5
1934,,,4,1,2,2,90,10,300,600,4,5
1935,,,2,2,2,1,30,41,60,180,3,5
1936,,,1,1,2,2,9,48,300,600,2,5
1937,,,3,1,2,2,4,41,300,600,3,5
1938,,,15,2,2,2,67,19,60,180,4,5
1939,,,15,2,2,2,97,9,0,300,4,5
1940,,,9,1,2,1,70,13,300,600,1,5
1941,,,7,1,2,1,84,96,420,540,1,5
1942,,,4,1,2,1,34,49,300,600,4,5
1943,,,2,1,2,1,65,56,300,600,1,5
1944,,,9,1,2,2,61,8,420,540,4,5
1945,,,14,1,2,2,23,2,420,540,3,5
1946,,,3,1,2,2,51,9,420,540,2,5
1947,,,7,2,2,1,38,7,300,600,3,5
1948,,,15,1,2,1,35,25,420,540,1,5
1949,,,2,1,2,1,100,97,300,600,4,5
1950,,,7,1,2,2,53,6,420,540,3,5
1951,,,13,1,2,2,46,71,300,600,4,5
1952,,,13,2,2,1,56,20,300,420,1,5
1953,,,14,2,2,1,47,69,180,300,4,5
1954,,,15,1,2,2,73,39,300,600,1,5
1955,,,8,1,2,1,16,100,420,540,2,5
1956,,,14,1,2,2,67,58,420,540,2,5
1957,,,9,1,2,1,71,92,420,540,1,5
1958,,,4,2,2,1,44,45,180,300,1,5
1959,,,3,1,2,2,66,59,420,540,2,5
1960,,,10,1,2,1,12,63,420,540,4,5
1961,,,9,2,2,2,34,59,60,180,2,5
1962,,,8,1,2,2,87,68,420,540,3,5
1963,,,8,2,2,1,71,59,420,540,1,5
1964,,,14,1,2,1,100,21,300,600,4,5
1965,,,9,2,2,2,82,60,0,300,1,5
1966,,,7,2,2,2,64,30,420,540,4,5
1967,,,5,1,2,2,84,2,420,540,4,5
1968,,,6,1,2,2,46,37,420,540,1,5
1969,,,16,1,2,2,85,80,420,540,3,5
1970,,,4,1,2,1,63,33,420,540,4,5
1971,,,15,2,2,1,9,89,300,420,4,5
1972,,,10,1,2,1,77,75,300,600,1,5
1973,,,3,1,2,2,43,67,300,600,2,5
1974,,,8,2,2,1,49,22,420,540,2,5
1975,,,11,2,2,1,77,46,0,300,4,5
1976,,,4,1,2,1,98,72,420,540,2,5
1977,,,7,2,2,2,71,69,60,180,1,5
1978,,,14,1,2,1,25,66,420,540,4,5
1979,,,14,1,2,1,100,73,300,600,1,5
1980,,,7,2,2,2,6,33,300,600,2,5
1981,,,8,2,2,1,94,70,300,600,3,5
1982,,,2,1,2,1,14,16,300,600,3,5
1983,,,5,1,2,1,47,20,300,600,1,5
1984,,,5,1,2,1,52,83,420,540,1,5
1985,,,12,1,2,2,58,19,420,540,1,5
1986,,,4,1,2,2,71,75,420,540,4,5
1987,,,2,2,2,2,59,12,180,300,2,5
1988,,,3,1,2,1,20,87,300,600,4,5
1989,,,2,1,2,1,74,46,300,600,4,5
1990,,,3,1,2,2,21,41,300,600,4,5
1991,,,14,1,2,2,34,84,420,540,1,5
1992,,,3,1,2,1,29,91,420,540,4,5
1993,,,5,1,2,2,65,35,300,600,2,5
1994,,,10,1,2,1,92,70,420,540,3,5
1995,,,4,1,2,2,5,11,420,540,1,5
1996,,,9,1,2,1,46,23,420,540,4,5
1997,,,15,1,2,1,97,37,420,540,2,5
1998,,,6,1,2,2,64,41,300,600,1,5
1999,,,13,1,2,2,50,87,420,540,1,5
2000,,,6,2,2,2,81,68,300,420,3,5
2001,,,9,2,2,2,24,70,420,540,1,5
2002,,,7,1,2,1,90,36,300,600,3,5
2003,,,14,1,2,2,92,96,420,540,2,5
2004,,,6,1,2,1,79,47,300,600,4,5
2005,,,14,2,2,1,49,79,300,600,2,5
2006,,,5,1,2,1,25,99,300,600,3,5
2007,,,6,2,2,1,11,75,60,180,1,5
2008,,,3,1,2,1,74,44,420,540,3,5
2009,,,8,1,2,2,75,20,300,600,2,5
2010,,,14,1,2,1,55,96,420,540,3,5
2011,,,6,1,2,2,93,15,420,540,4,5
2012,,,10,1,2,2,95,64,420,540,4,5
2013,,,11,1,2,1,41,40,420,540,3,5
2014,,,9,1,2,1,36,62,300,600,3,5
2015,,,5,2,2,2,52,54,180,300,3,5
2016,,,14,1,2,2,68,39,420,540,2,5
2017,,,7,2,2,2,94,21,420,540,2,5
2018,,,13,1,2,1,97,31,420,540,4,5
2019,,,13,1,2,2,77,86,420,540,3,5
2020,,,10,2,2,2,99,57,60,180,2,5
2021,,,11,1,2,2,90,70,300,600,3,5
2022,,,9,1,2,1,63,6,420,540,3,5
2023,,,8,1,2,2,25,55,300,600,3,5
2024,,,14,2,2,1,15,54,300,600,3,5
2025,,,2,1,2,1,1,93,420,540,4,5
2026,,,5,1,2,2,70,45,420,540,2,5
2027,,,8,1,2,2,86,70,300,600,3,5
2028,,,2,1,2,1,76,96,300,600,4,5
2029,,,5,1,2,2,75,49,420,540,2,5
2030,,,3,1,2,2,2,4,420,540,1,5
2031,,,13,1,2,2,21,12,420,540,3,5
2032,,,7,1,2,2,94,52,420,540,2,5
2033,,,8,1,2,2,24,42,300,600,1,5
2034,,,9,1,2,2,76,79,420,540,3,5
2035,,,12,1,2,1,83,21,300,600,3,5
2036,,,3,1,2,2,99,23,420,540,2,5
2037,,,10,1,2,2,28,1,420,540,1,5
2038,,,13,1,2,1,69,84,420,540,1,5
2039,,,10,1,2,2,93,100,300,600,2,5
2040,,,13,1,2,1,65,44,300,600,2,5
2041,,,6,1,2,1,33,12,420,540,2,5
2042,,,7,1,2,1,5,75,420,540,3,5
2043,,,4,1,2,2,82,20,420,540,1,5
2044,,,6,2,2,1,28,15,180,300,4,5
2045,,,11,2,2,1,23,41,60,180,2,5
2046,,,15,1,2,1,46,27,300,600,1,5
2047,,,4,2,2,2,86,83,0,300,3,5
2048,,,1,1,2,2,8,92,420,540,2,5
2049,,,11,1,2,2,45,97,300,600,2,5
2050,,,8,1,2,2,55,34,420,540,4,5
2051,,,15,1,2,2,22,82,420,540,2,5
2052,,,3,1,2,1,62,21,420,540,3,5
2053,,,15,1,2,2,10,32,300,600,4,5
2054,,,4,2,2,1,71,67,180,300,2,5
2055,,,10,1,2,1,75,1,300,600,1,5
2056,,,14,1,2,2,56,2,420,540,2,5
2057,,,4,1,2,2,17,33,420,540,4,5
2058,,,15,1,2,1,21,76,300,600,4,5
2059,,,12,2,2,1,97,88,60,180,4,5
2060,,,8,2,2,1,72,40,60,180,2,5
2061,,,11,1,2,2,34,70,300,600,1,5
2062,,,7,1,2,2,72,5,300,600,3,5
2063,,,15,1,2,2,18,29,420,540,4,5
2064,,,12,2,2,2,71,41,180,300,1,5
2065,,,12,2,2,1,11,96,0,300,4,5
2066,,,15,1,2,2,90,46,420,540,1,5
2067,,,6,2,2,2,21,54,60,180,2,5
2068,,,8,1,2,1,43,79,420,540,4,5
2069,,,12,2,2,1,65,47,420,540,4,5
2070,,,3,1,2,2,44,6,300,600,1,5
2071,,,10,1,2,2,15,52,420,540,2,5
2072,,,4,1,2,1,3,9,420,540,1,5
2073,,,11,1,2,1,97,77,300,600,1,5
2074,,,11,1,2,2,76,68,300,600,3,5
2075,,,6,1,2,2,92,100,420,540,3,5
2076,,,3,2,2,1,13,43,300,420,3,5
2077,,,12,1,2,1,77,4,420,540,1,5
2078,,,4,1,2,2,50,74,300,600,4,5
2079,,,2,1,2,2,14,36,420,540,2,5
2080,,,4,1,2,1,28,66,300,600,1,5
2081,,,11,1,2,2,28,89,300,600,3,5
2082,,,10,2,2,2,9,50,60,180,1,5
2083,,,9,1,2,2,100,85,420,540,2,5
2084,,,5,1,2,2,16,97,420,540,3,5
2085,,,5,2,2,1,86,78,60,180,4,5
2086,,,14,1,2,1,76,91,420,540,1,5
2087,,,14,1,2,1,12,0,420,540,2,5
2088,,,14,1,2,2,48,34,420,540,2,5
2089,,,3,1,2,1,30,44,420,540,1,5
2090,,,8,2,2,1,47,73,300,420,2,5
2091,,,13,2,2,1,25,66,300,420,2,5
2092,,,10,2,2,2,13,42,180,300,1,5
2093,,,8,1,2,1,24,90,420,540,2,5
2094,,,9,2,2,1,59,3,0,300,2,5
2095,,,6,2,2,2,5,13,420,540,3,5
2096,,,14,1,2,1,70,16,300,600,2,5
2097,,,3,1,2,1,61,23,420,540,1,5
2098,,,3,1,2,2,19,50,300,600,3,5
2099,,,8,1,2,1,80,28,300,600,4,5
2100,,,10,1,2,1,83,93,420,540,3,5
2101,,,2,1,2,2,22,26,300,600,4,5
2102,,,13,1,2,2,63,58,420,540,1,5
2103,,,15,2,2,1,85,20,60,180,1,5
2104,,,8,2,2,2,62,22,60,180,4,5
2105,,,3,1,2,2,69,22,300,600,4,5
2106,,,6,1,2,2,85,23,300,600,2,5
2107,,,6,1,2,2,80,15,300,600,4,5
2108,,,4,1,2,2,14,99,420,540,2,5
2109,,,2,1,2,2,1,66,300,600,2,5
2110,,,2,1,2,2,10,33,420,540,4,5
2111,,,13,2,2,2,89,49,180,300,4,5
2112,,,14,1,2,2,24,5,300,600,3,5
2113,,,10,1,2,2,18,25,420,540,1,5
2114,,,16,1,2,2,73,23,300,600,1,5
2115,,,12,2,2,1,41,16,420,540,1,5
2116,,,10,2,2,1,92,57,300,420,2,5
2117,,,6,1,2,2,84,50,420,540,1,5
2118,,,6,1,2,1,19,22,420,540,3,5
2119,,,4,1,2,1,75,73,300,600,2,5
2120,,,4,1,2,2,46,64,300,600,1,5
2121,,,12,1,2,1,45,69,420,540,3,5
2122,,,10,2,2,1,46,28,420,540,2,5
2123,,,15,1,2,2,30,7,420,540,2,5
2124,,,6,1,2,2,76,21,420,540,4,5
2125,,,6,2,2,1,96,58,300,420,4,5
2126,,,8,2,2,1,48,89,180,300,3,5
2127,,,11,1,2,2,96,83,420,540,3,5
2128,,,6,1,2,1,32,47,420,540,2,5
2129,,,11,2,2,1,51,66,60,180,3,5
2130,,,9,1,2,1,60,26,300,600,4,5
2131,,,4,1,2,1,24,18,420,540,3,5
2132,,,5,1,2,1,75,74,300,600,3,5
2133,,,8,2,2,2,26,53,300,600,4,5
2134,,,6,2,2,1,70,21,60,180,3,5
2135,,,6,1,2,2,48,79,420,540,3,5
2136,,,10,2,2,1,83,26,60,180,3,5
2137,,,14,2,2,2,37,10,420,540,3,5
2138,,,3,1,2,2,47,55,300,600,4,5
2139,,,5,1,2,1,79,14,420,540,2,5
2140,,,14,1,2,1,16,94,420,540,2,5
2141,,,13,1,2,1,9,72,300,600,4,5
2142,,,6,1,2,1,72,25,300,600,3,5
2143,,,7,1,2,1,86,91,300,600,1,5
2144,,,1,1,2,1,43,72,420,540,2,5
2145,,,6,1,2,2,37,58,420,540,3,5
2146,,,2,1,2,2,57,29,420,540,3,5
2147,,,15,2,2,1,49,17,180,300,4,5
2148,,,9,1,2,1,74,8,420,540,3,5
2149,,,5,1,2,1,42,53,300,600,2,5
2150,,,10,1,2,1,1,73,300,600,1,5
2151,,,4,2,2,1,62,8,60,180,1,5
2152,,,11,2,2,2,61,73,180,300,4,5
2153,,,5,1,2,2,40,28,420,540,1,5
2154,,,12,1,2,2,93,22,300,600,3,5
2155,,,14,1,2,1,9,3,300,600,2,5
2156,,,7,1,2,2,19,81,420,540,1,5
2157,,,4,2,2,1,14,98,180,300,3,5
2158,,,6,1,2,2,93,100,420,540,4,5
2159,,,7,1,2,1,9,77,420,540,4,5
2160,,,12,1,2,1,97,75,300,600,4,5
2161,,,15,2,2,2,73,59,180,300,3,5
2162,,,12,1,2,2,9,11,420,540,2,5
2163,,,4,1,2,1,27,29,300,600,2,5
2164,,,13,1,2,2,42,58,420,540,1,5
2165,,,14,1,2,2,11,43,300,600,4,5
2166,,,8,2,2,1,16,97,60,180,4,5
2167,,,10,1,2,2,65,41,300,600,4,5
2168,,,13,1,2,2,11,72,300,600,1,5
2169,,,3,1,2,1,81,58,300,600,4,5
2170,,,10,2,2,2,78,56,300,600,1,5
2171,,,7,1,2,1,45,36,300,600,2,5
2172,,,14,2,2,1,39,68,60,180,3,5
2173,,,7,1,2,2,44,6,420,540,1,5
2174,,,14,1,2,2,45,14,300,600,1,5
2175,,,16,1,2,2,48,46,420,540,2,5
2176,,,11,1,2,2,65,10,420,540,4,5
2177,,,9,2,2,2,73,87,60,180,1,5
2178,,,3,2,2,2,62,98,300,420,3,5
2179,,,7,1,2,2,70,23,420,540,1,5
2180,,,6,1,2,1,85,44,420,540,3,5
2181,,,7,1,2,1,37,52,300,600,4,5
2182,,,3,1,2,1,98,50,420,540,3,5
2183,,,3,1,2,1,71,66,300,600,4,5
2184,,,7,2,2,1,56,45,420,540,1,5
2185,,,13,1,2,2,49,85,420,540,1,5
2186,,,13,1,2,1,49,32,420,540,2,5
2187,,,11,2,2,1,25,38,0,300,1,5
2188,,,14,1,2,1,76,40,300,600,4,5
2189,,,5,1,2,2,31,8,420,540,4,5
2190,,,10,1,2,2,64,93,300,600,2,5
2191,,,13,2,2,1,70,28,300,420,3,5
2192,,,11,2,2,1,4,86,0,300,3,5
2193,,,10,1,2,1,19,76,300,600,3,5
2194,,,14,1,2,1,15,35,300,600,4,5
2195,,,10,1,2,2,76,86,300,600,2,5
2196,,,11,1,2,1,73,12,300,600,3,5
2197,,,3,2,2,2,65,63,180,300,2,5
2198,,,14,1,2,2,91,51,300,600,1,5
2199,,,13,1,2,2,78,1,300,600,3,5
2200,,,13,1,2,2,35,56,420,540,2,5
2201,,,16,1,2,1,37,93,420,540,3,5
2202,,,5,1,2,2,36,9,420,540,3,5
2203,,,9,2,2,2,95,49,420,540,4,5
2204,,,3,2,2,1,30,18,300,600,2,5
2205,,,3,1,2,1,31,37,300,600,3,5
2206,,,8,1,2,2,68,70,420,540,1,5
2207,,,7,2,2,1,4,28,0,300,3,5
2208,,,16,2,2,1,71,19,420,540,1,5
2209,,,12,2,2,1,89,7,60,180,3,5
2210,,,4,1,2,1,20,72,300,600,3,5
2211,,,2,1,2,2,64,95,300,600,1,5
2212,,,6,2,2,1,42,39,420,540,4,5
2213,,,7,1,2,1,62,34,420,540,3,5
2214,,,3,2,2,2,15,23,420,540,3,5
2215,,,6,1,2,2,72,29,300,600,2,5
2216,,,6,2,2,2,77,69,60,180,3,5
2217,,,15,2,2,2,17,18,0,300,2,5
2218,,,6,2,2,2,99,52,420,540,4,5
2219,,,14,1,2,1,79,73,420,540,2,5
2220,,,13,2,2,2,30,68,0,300,2,5
2221,,,3,1,2,2,85,31,300,600,4,5
2222,,,11,1,2,1,3,98,300,600,4,5
2223,,,6,1,2,2,93,68,300,600,2,5
2224,,,15,1,2,1,7,70,300,600,3,5
2225,,,4,1,2,2,87,96,300,600,3,5
2226,,,14,1,2,2,75,69,420,540,3,5
2227,,,4,2,2,1,27,56,420,540,1,5
2228,,,16,2,2,2,53,61,0,300,1,5
2229,,,12,2,2,2,79,2,180,300,1,5
2230,,,7,1,2,2,14,3,420,540,1,5
2231,,,5,1,2,1,25,98,420,540,3,5
2232,,,5,1,2,2,33,46,300,600,2,5
2233,,,8,1,2,1,25,3,420,540,1,5
2234,,,3,1,2,2,36,16,300,600,4,5
2235,,,7,1,2,2,29,86,420,540,2,5
2236,,,4,1,2,2,4,94,300,600,3,5
2237,,,5,1,2,2,59,71,300,600,2,5
2238,,,10,1,2,2,91,12,420,540,3,5
2239,,,10,1,2,2,99,76,420,540,3,5
2240,,,10,2,2,1,7,4,300,420,2,5
2241,,,8,1,2,1,18,10,300,600,3,5
2242,,,2,1,2,1,94,45,420,540,2,5
2243,,,2,1,2,2,47,85,420,540,2,5
2244,,,7,1,2,1,82,21,420,540,3,5
2245,,,2,2,2,1,41,22,180,300,2,5
2246,,,14,1,2,1,62,75,300,600,1,5
2247,,,6,1,2,2,25,35,300,600,4,5
2248,,,7,1,2,1,0,85,420,540,1,5
2249,,,6,1,2,1,47,72,300,600,1,5
2250,,,6,1,2,2,17,17,420,540,1,5
2251,,,14,1,2,1,12,80,420,540,3,5
2252,,,12,1,2,2,73,30,420,540,4,5
2253,,,11,1,2,1,73,14,300,600,3,5
2254,,,10,1,2,1,72,33,300,600,1,5
2255,,,11,2,2,2,91,87,180,300,2,5
2256,,,13,2,2,1,0,97,300,420,1,5
2257,,,9,1,2,2,6,58,300,600,1,5
2258,,,8,2,2,1,24,5,60,180,4,5
2259,,,8,1,2,2,66,88,420,540,2,5
2260,,,6,1,2,2,5,56,300,600,4,5
2261,,,14,1,2,1,62,75,300,600,2,5
2262,,,13,1,2,1,34,67,420,540,3,5
2263,,,13,1,2,2,22,7,300,600,4,5
2264,,,13,1,2,1,60,86,300,600,1,5
2265,,,15,1,2,2,89,17,420,540,2,5
2266,,,12,1,2,2,91,68,420,540,1,5
2267,,,5,1,2,1,10,73,420,540,1,5
2268,,,10,1,2,1,12,85,420,540,3,5
2269,,,14,1,2,2,24,71,420,540,1,5
2270,,,7,1,2,1,65,92,300,600,1,5
2271,,,11,1,2,2,65,64,420,540,3,5
2272,,,3,1,2,1,64,95,420,540,3,5
2273,,,9,1,2,2,14,6,300,600,1,5
2274,,,5,1,2,1,65,20,420,540,4,5
2275,,,13,2,2,1,84,33,60,180,3,5
2276,,,10,1,2,1,36,77,420,540,4,5
2277,,,3,1,2,1,62,5,420,540,4,5
2278,,,3,1,2,1,24,4,420,540,3,5
2279,,,3,1,2,1,99,21,300,600,3,5
2280,,,8,1,2,2,36,1,420,540,1,5
2281,,,14,1,2,1,97,99,300,600,4,5
2282,,,3,2,2,2,55,34,300,420,3,5
2283,,,8,1,2,1,2,74,300,600,4,5
2284,,,4,1,2,2,20,18,300,600,1,5
2285,,,5,1,2,1,68,53,420,540,4,5
2286,,,15,1,2,1,38,5,420,540,1,5
2287,,,13,1,2,1,16,24,300,600,2,5
2288,,,11,1,2,2,72,74,300,600,2,5
2289,,,15,2,2,1,0,62,60,180,1,5
2290,,,4,1,2,1,97,8,300,600,2,5
2291,,,10,1,2,1,42,89,420,540,4,5
2292,,,1,1,2,2,23,55,420,540,2,5
2293,,,3,2,2,1,23,61,180,300,4,5
2294,,,7,1,2,1,46,72,300,600,2,5
2295,,,7,1,2,1,29,43,420,540,1,5
2296,,,5,1,2,2,51,89,420,540,2,5
2297,,,7,1,2,2,39,9,300,600,3,5
2298,,,8,2,2,1,45,80,180,300,4,5
2299,,,11,1,2,1,6,89,420,540,2,5
2300,,,7,2,2,1,1,36,60,180,3,5
2301,,,11,2,2,2,54,94,420,540,3,5
2302,,,9,1,2,1,12,100,420,540,2,5
2303,,,4,1,2,2,69,96,420,540,1,5
2304,,,4,1,2,2,84,43,300,600,4,5
2305,,,8,2,2,2,59,27,180,300,3,5
2306,,,12,1,2,1,61,85,420,540,2,5
2307,,,6,2,2,1,70,29,300,420,1,5
2308,,,10,1,2,2,35,0,420,540,4,5
2309,,,13,2,2,2,49,48,180,300,3,5
2310,,,3,1,2,1,62,14,300,600,4,5
2311,,,9,1,2,1,85,45,300,600,2,5
2312,,,9,2,2,2,70,99,300,420,3,5
2313,,,14,1,2,2,69,64,420,540,3,5
2314,,,9,1,2,1,6,88,300,600,2,5
2315,,,6,1,2,1,15,49,300,600,3,5
2316,,,10,2,2,2,1,38,0,300,2,5
2317,,,10,1,2,2,6,70,300,600,3,5
2318,,,5,2,2,1,16,40,0,300,3,5
2319,,,8,1,2,2,6,41,300,600,3,5
2320,,,15,1,2,1,55,24,300,600,4,5
2321,,,14,2,2,2,91,43,0,300,1,5
2322,,,15,1,2,1,60,85,420,540,4,5
2323,,,8,1,2,2,6,86,420,540,4,5
2324,,,9,1,2,2,79,63,420,540,1,5
2325,,,4,2,2,1,69,83,180,300,3,5
2326,,,15,1,2,1,52,74,420,540,3,5
2327,,,8,1,2,2,72,69,300,600,4,5
2328,,,6,1,2,2,39,64,420,540,4,5
2329,,,12,2,2,1,15,40,0,300,1,5
2330,,,8,1,2,2,12,38,300,600,4,5
2331,,,11,1,2,2,32,15,300,600,4,5
2332,,,3,2,2,2,96,65,60,180,3,5
2333,,,11,1,2,2,2,36,300,600,4,5
2334,,,7,1,2,2,97,1,420,540,1,5
2335,,,5,1,2,1,5,47,300,600,4,5
2336,,,4,1,2,1,40,8,300,600,1,5
2337,,,12,1,2,2,93,96,300,600,2,5
2338,,,14,1,2,2,7,23,300,600,3,5
2339,,,3,2,2,1,86,5,180,300,1,5
2340,,,4,1,2,2,41,0,420,540,4,5
2341,,,3,1,2,1,80,28,420,540,4,5
2342,,,8,1,2,1,96,59,300,600,4,5
2343,,,5,2,2,1,71,78,0,300,2,5
2344,,,12,2,2,1,37,58,0,300,2,5
2345,,,12,1,2,2,61,27,420,540,4,5
2346,,,9,1,2,2,51,78,300,600,4,5
2347,,,7,1,2,2,30,33,300,600,1,5
2348,,,15,1,2,2,80,53,300,600,3,5
2349,,,12,2,2,2,83,46,420,540,1,5
2350,,,11,1,2,2,13,49,300,600,4,5
2351,,,14,2,2,2,7,55,0,300,3,5
2352,,,3,2,2,2,5,70,0,300,2,5
2353,,,7,1,2,1,85,82,420,540,3,5
2354,,,11,1,2,1,65,84,300,600,4,5
2355,,,12,2,2,2,23,58,0,300,1,5
2356,,,4,1,2,1,74,46,420,540,1,5
2357,,,11,1,2,2,60,89,420,540,4,5
2358,,,4,2,2,2,86,82,60,180,1,5
2359,,,12,1,2,1,54,6,420,540,4,5
2360,,,11,2,2,1,45,45,60,180,2,5
2361,,,14,1,2,2,92,49,420,540,4,5
2362,,,8,2,2,1,21,37,420,540,1,5
2363,,,12,2,2,1,14,38,0,300,1,5
2364,,,14,1,2,2,94,76,300,600,4,5
2365,,,7,2,2,1,25,13,180,300,2,5
2366,,,5,1,2,1,35,14,300,600,1,5
2367,,,13,2,2,1,88,3,420,540,3,5
2368,,,1,1,2,1,1,3,420,540,1,5
2369,,,13,1,2,2,43,22,300,600,3,5
2370,,,14,1,2,1,23,47,300,600,1,5
2371,,,14,1,2,1,81,89,420,540,3,5
2372,,,4,1,2,2,28,38,300,600,1,5
2373,,,12,1,2,2,33,52,300,600,3,5
2374,,,4,1,2,1,39,78,420,540,2,5
2375,,,8,1,2,2,38,23,420,540,4,5
2376,,,11,1,2,2,55,94,300,600,3,5
2377,,,2,2,2,1,22,46,300,600,2,5
2378,,,7,1,2,1,88,63,420,540,4,5
2379,,,14,2,2,1,13,71,60,180,3,5
2380,,,2,1,2,2,61,61,420,540,1,5
2381,,,10,1,2,2,58,18,420,540,1,5
2382,,,5,1,2,1,85,70,300,600,4,5
2383,,,13,2,2,1,3,68,300,600,1,5
2384,,,12,1,2,2,53,5,420,540,4,5
2385,,,7,2,2,2,24,93,60,180,3,5
2386,,,4,2,2,1,61,20,300,600,1,5
2387,,,11,1,2,1,41,98,420,540,2,5
2388,,,15,1,2,1,2,23,300,600,2,5
2389,,,11,1,2,2,13,53,420,540,3,5
2390,,,10,1,2,2,22,52,300,600,2,5
2391,,,13,1,2,2,63,10,420,540,2,5
2392,,,13,2,2,2,69,18,180,300,4,5
2393,,,2,1,2,2,22,38,420,540,1,5
2394,,,10,1,2,1,9,57,300,600,3,5
2395,,,14,1,2,1,32,67,300,600,2,5
2396,,,11,1,2,1,97,85,300,600,4,5
2397,,,12,2,2,1,95,68,60,180,2,5
2398,,,8,2,2,1,55,35,60,180,3,5
2399,,,10,1,2,2,85,26,300,600,2,5
2400,,,2,2,2,1,70,52,420,540,2,5
2401,,,13,2,2,1,36,60,0,300,4,5
2402,,,11,1,2,2,88,77,300,600,1,5
2403,,,11,1,2,2,2,56,300,600,4,5
2404,,,6,2,2,1,11,87,0,300,4,5
2405,,,6,1,2,2,99,60,300,600,1,5
2406,,,13,1,2,2,33,70,420,540,1,5
2407,,,12,1,2,2,10,91,420,540,1,5
2408,,,10,2,2,1,78,96,0,300,4,5
2409,,,15,1,2,2,28,30,420,540,1,5
2410,,,15,1,2,1,86,56,420,540,4,5
2411,,,12,1,2,1,48,47,420,540,4,5
2412,,,13,1,2,2,88,94,420,540,2,5
2413,,,4,1,2,1,55,38,300,600,2,5
2414,,,12,2,2,2,42,13,180,300,4,5
2415,,,2,2,2,2,24,32,300,420,3,5
2416,,,15,2,2,2,67,71,60,180,2,5
2417,,,14,1,2,1,75,41,300,600,1,5
2418,,,8,1,2,1,4,31,300,600,4,5
2419,,,14,1,2,1,80,73,420,540,2,5
2420,,,12,1,2,2,83,70,420,540,1,5
2421,,,10,1,2,2,14,83,420,540,1,5
2422,,,2,1,2,2,79,100,420,540,2,5
2423,,,6,2,2,2,70,15,0,300,4,5
2424,,,5,2,2,2,65,66,420,540,2,5
2425,,,4,2,2,2,79,64,0,300,4,5
2426,,,6,2,2,1,17,77,180,300,2,5
2427,,,6,1,2,1,98,98,420,540,3,5
2428,,,11,1,2,1,23,21,420,540,3,5
2429,,,3,1,2,1,35,80,300,600,2,5
2430,,,4,1,2,1,92,41,420,540,3,5
2431,,,3,1,2,1,29,48,420,540,3,5
2432,,,10,1,2,2,15,15,420,540,1,5
2433,,,15,1,2,2,44,69,420,540,4,5
2434,,,10,1,2,1,82,50,300,600,3,5
2435,,,10,1,2,1,70,4,300,600,3,5
2436,,,2,1,2,1,37,37,300,600,2,5
2437,,,5,1,2,1,10,53,300,600,2,5
2438,,,4,1,2,1,53,22,420,540,2,5
2439,,,8,2,2,1,36,91,0,300,3,5
2440,,,12,2,2,1,5,11,300,600,1,5
2441,,,7,1,2,2,1,47,420,540,4,5
2442,,,3,1,2,1,47,62,420,540,3,5
2443,,,6,1,2,1,17,24,420,540,1,5
2444,,,4,1,2,1,18,40,300,600,3,5
2445,,,15,1,2,1,73,1,420,540,3,5
2446,,,10,2,2,1,51,22,180,300,1,5
2447,,,12,1,2,2,39,27,300,600,1,5
2448,,,2,2,2,1,75,16,420,540,4,5
2449,,,8,1,2,2,100,37,420,540,4,5
2450,,,8,2,2,2,69,24,180,300,4,5
2451,,,5,1,2,1,67,21,300,600,2,5
2452,,,15,1,2,2,10,90,420,540,4,5
2453,,,8,1,2,1,47,79,300,600,4,5
2454,,,5,1,2,1,78,17,420,540,1,5
2455,,,14,2,2,1,32,30,180,300,3,5
2456,,,9,1,2,1,99,76,300,600,1,5
2457,,,13,1,2,2,87,65,300,600,2,5
2458,,,9,1,2,2,14,20,300,600,2,5
2459,,,13,2,2,2,91,35,0,300,3,5
2460,,,13,1,2,1,74,92,300,600,3,5
2461,,,4,1,2,2,34,19,420,540,1,5
2462,,,9,2,2,2,20,50,180,300,3,5
2463,,,14,1,2,2,70,32,300,600,3,5
2464,,,14,1,2,2,9,16,420,540,3,5
2465,,,14,1,2,2,54,12,420,540,1,5
2466,,,15,1,2,1,7,58,420,540,4,5
2467,,,7,2,2,1,22,71,0,300,1,5
2468,,,2,1,2,2,20,14,300,600,3,5
2469,,,2,1,2,1,44,31,300,600,4,5
2470,,,15,2,2,1,67,6,300,420,3,5
2471,,,11,1,2,1,19,30,300,600,1,5
2472,,,13,2,2,2,65,81,300,420,2,5
2473,,,6,2,2,2,55,19,300,600,3,5
2474,,,10,2,2,1,83,61,300,600,2,5
2475,,,5,2,2,1,91,84,180,300,3,5
2476,,,9,1,2,2,51,13,300,600,4,5
2477,,,7,1,2,2,76,29,300,600,4,5
2478,,,10,2,2,1,4,24,420,540,4,5
2479,,,3,1,2,2,34,17,420,540,1,5
2480,,,11,1,2,2,94,47,300,600,3,5
2481,,,14,1,2,2,36,45,420,540,2,5
2482,,,2,2,2,1,98,27,0,300,1,5
2483,,,3,1,2,1,47,32,420,540,2,5
2484,,,4,1,2,2,14,71,420,540,2,5
2485,,,6,1,2,1,30,100,420,540,1,5
2486,,,6,1,2,2,46,90,300,600,4,5
2487,,,11,1,2,2,28,3,300,600,3,5
2488,,,4,1,2,1,81,85,300,600,2,5
2489,,,9,2,2,1,40,2,60,180,2,5
2490,,,4,1,2,2,65,87,300,600,2,5
2491,,,6,2,2,1,34,69,420,540,4,5
2492,,,9,1,2,2,89,69,300,600,1,5
2493,,,8,1,2,2,46,18,420,540,4,5
2494,,,10,2,2,2,95,52,180,300,2,5
2495,,,11,1,2,2,85,62,300,600,3,5
2496,,,7,1,2,2,53,11,300,600,3,5
2497,,,7,1,2,2,6,70,420,540,1,5
2498,,,9,1,2,2,21,24,300,600,4,5
2499,,,5,2,2,1,28,80,60,180,2,5
2500,,,14,2,2,2,77,90,420,540,2,5
2501,,,11,1,2,2,28,54,420,540,3,5
2502,,,3,1,2,1,34,42,300,600,3,5
2503,,,14,2,2,2,19,44,60,180,1,5
2504,,,8,1,2,2,68,26,420,540,2,5
2505,,,13,1,2,1,67,32,420,540,2,5
2506,,,2,1,2,1,66,54,300,600,1,5
2507,,,12,2,2,1,54,62,0,300,2,5
2508,,,11,1,2,2,48,57,300,600,1,5
2509,,,4,1,2,1,22,40,300,600,4,5
2510,,,13,1,2,2,55,26,420,540,3,5
2511,,,15,1,2,1,38,82,420,540,4,5
2512,,,3,1,2,1,17,38,420,540,4,5
2513,,,12,1,2,2,16,21,300,600,4,5
2514,,,5,1,2,1,31,13,420,540,2,5
2515,,,4,2,2,2,94,39,300,600,4,5
2516,,,8,2,2,1,57,55,0,300,3,5
2517,,,10,2,2,1,82,75,60,180,3,5
2518,,,12,1,2,2,26,6,420,540,4,5
2519,,,5,1,2,1,21,84,300,600,2,5
2520,,,6,2,2,2,48,10,180,300,4,5
2521,,,8,1,2,2,70,40,420,540,4,5
2522,,,4,1,2,2,21,21,420,540,1,5
2523,,,4,2,2,1,78,1,60,180,1,5
2524,,,15,2,2,2,89,13,60,180,1,5
2525,,,9,1,2,2,65,33,300,600,1,5
2526,,,8,2,2,2,67,80,60,180,3,5
2527,,,11,1,2,1,27,83,300,600,2,5
2528,,,12,1,2,2,7,81,420,540,3,5
2529,,,14,2,2,1,33,53,300,600,2,5
2530,,,13,1,2,1,22,94,300,600,3,5
2531,,,9,2,2,1,76,90,300,600,1,5
2532,,,3,2,2,1,82,68,180,300,2,5
2533,,,9,1,2,2,20,46,420,540,4,5
2534,,,2,1,2,2,74,34,300,600,3,5
2535,,,6,1,2,1,6,21,420,540,4,5
2536,,,14,2,2,1,53,61,0,300,1,5
2537,,,12,1,2,2,46,2,300,600,3,5
2538,,,10,1,2,1,24,54,300,600,4,5
2539,,,2,1,2,2,29,75,300,600,4,5
2540,,,6,1,2,2,41,52,420,540,3,5
2541,,,7,2,2,1,20,52,0,300,4,5
2542,,,8,1,2,1,44,33,300,600,4,5
2543,,,6,1,2,2,0,62,300,600,4,5
2544,,,10,1,2,2,22,59,420,540,1,5
2545,,,9,1,2,2,73,10,420,540,1,5
2546,,,10,1,2,2,100,20,300,600,3,5
2547,,,12,1,2,2,44,78,420,540,2,5
2548,,,10,2,2,1,50,86,180,300,1,5
2549,,,4,1,2,2,29,43,300,600,1,5
2550,,,3,1,2,1,17,6,420,540,4,5
2551,,,4,2,2,2,56,88,180,300,1,5
2552,,,7,1,2,2,82,2,300,600,2,5
2553,,,8,1,2,1,53,65,300,600,4,5
2554,,,8,2,2,2,17,49,60,180,2,5
2555,,,10,2,2,1,57,27,300,420,3,5
2556,,,13,1,2,2,81,11,420,540,4,5
2557,,,10,1,2,1,88,69,420,540,3,5
2558,,,9,1,2,2,85,45,420,540,1,5
2559,,,2,1,2,1,70,2,300,600,2,5
2560,,,5,1,2,1,27,72,420,540,1,5
2561,,,6,1,2,1,38,100,300,600,2,5
2562,,,2,2,2,1,5,78,300,420,3,5
2563,,,13,1,2,1,38,26,420,540,4,5
2564,,,11,2,2,2,24,84,420,540,4,5
2565,,,11,1,2,1,17,28,300,600,2,5
2566,,,6,1,2,2,45,26,300,600,2,5
2567,,,15,1,2,1,79,8,420,540,3,5
2568,,,12,1,2,2,57,27,420,540,2,5
2569,,,14,1,2,1,37,4,420,540,2,5
2570,,,14,1,2,1,15,82,300,600,1,5
2571,,,5,1,2,1,0,71,420,540,2,5
2572,,,6,1,2,1,98,1,420,540,4,5
2573,,,13,1,2,2,73,59,300,600,2,5
2574,,,2,1,2,1,77,50,300,600,1,5
2575,,,12,1,2,1,65,39,420,540,3,5
2576,,,3,1,2,1,80,0,420,540,1,5
2577,,,15,1,2,1,23,33,420,540,1,5
2578,,,2,2,2,2,28,67,60,180,1,5
2579,,,3,2,2,1,92,55,420,540,3,5
2580,,,5,1,2,2,66,88,300,600,3,5
2581,,,12,2,2,2,53,46,0,300,2,5
2582,,,9,1,2,2,70,22,420,540,1,5
2583,,,11,1,2,2,75,93,420,540,3,5
2584,,,11,2,2,2,46,21,420,540,4,5
2585,,,14,1,2,2,35,13,300,600,3,5
2586,,,3,1,2,2,58,53,420,540,1,5
2587,,,3,2,2,1,19,32,0,300,3,5
2588,,,11,1,2,1,80,90,420,540,3,5
2589,,,6,1,2,1,45,85,300,600,3,5
2590,,,13,1,2,2,43,92,420,540,2,5
2591,,,7,2,2,2,7,16,300,420,3,5
2592,,,14,2,2,2,78,67,60,180,1,5
2593,,,10,1,2,1,24,13,300,600,2,5
2594,,,2,2,2,2,60,45,180,300,3,5
2595,,,5,1,2,2,75,84,420,540,4,5
2596,,,11,2,2,1,17,88,420,540,4,5
2597,,,5,2,2,1,96,46,420,540,1,5
2598,,,10,2,2,2,38,82,180,300,1,5
2599,,,13,2,2,2,23,32,0,300,1,5
2600,,,15,1,2,2,37,26,420,540,3,5
2601,,,9,2,2,2,77,45,300,600,4,5
2602,,,15,1,2,2,92,9,300,600,3,5
2603,,,6,1,2,2,55,8,420,540,2,5
2604,,,14,1,2,1,78,51,420,540,3,5
2605,,,14,1,2,1,73,39,300,600,1,5
2606,,,3,1,2,2,68,53,420,540,2,5
2607,,,14,2,2,1,40,100,180,300,4,5
2608,,,15,1,2,1,48,95,300,600,2,5
2609,,,9,2,2,2,57,92,420,540,2,5
2610,,,9,1,2,2,97,43,300,600,2,5
2611,,,10,1,2,2,19,10,420,540,3,5
2612,,,5,2,2,2,25,2,180,300,1,5
2613,,,10,1,2,1,35,4,300,600,4,5
2614,,,8,1,2,2,37,70,420,540,3,5
2615,,,12,2,2,2,73,49,420,540,2,5
2616,,,7,1,2,1,31,33,300,600,1,5
2617,,,7,1,2,1,58,44,300,600,1,5
2618,,,9,2,2,1,42,7,0,300,4,5
2619,,,5,1,2,2,12,53,420,540,1,5
2620,,,9,2,2,1,70,31,300,600,2,5
2621,,,15,1,2,2,77,91,420,540,4,5
2622,,,13,1,2,1,96,84,420,540,3,5
2623,,,2,2,2,1,4,61,60,180,2,5
2624,,,10,1,2,2,64,4,300,600,3,5
2625,,,15,1,2,1,47,74,300,600,4,5
2626,,,9,1,2,1,81,88,420,540,1,5
2627,,,4,1,2,2,79,41,300,600,4,5
2628,,,4,1,2,2,95,89,300,600,1,5
2629,,,11,2,2,2,25,51,0,300,3,5
2630,,,10,2,2,2,23,64,0,300,2,5
2631,,,16,1,2,1,57,7,420,540,4,5
2632,,,13,1,2,1,50,49,420,540,2,5
2633,,,4,1,2,2,80,23,300,600,4,5
2634,,,11,2,2,1,1,49,420,540,2,5
2635,,,8,2,2,1,88,22,0,300,3,5
2636,,,10,1,2,2,46,73,420,540,4,5
2637,,,4,1,2,1,3,4,420,540,3,5
2638,,,3,1,2,2,42,24,420,540,2,5
2639,,,12,1,2,2,73,16,300,600,3,5
2640,,,15,1,2,1,76,43,300,600,3,5
2641,,,2,1,2,1,66,65,300,600,4,5
2642,,,11,2,2,2,79,2,60,180,1,5
2643,,,9,1,2,2,87,14,420,540,2,5
2644,,,3,2,2,2,90,52,60,180,4,5
2645,,,5,2,2,1,63,50,300,420,2,5
2646,,,15,1,2,1,82,74,300,600,2,5
2647,,,3,1,2,1,100,16,300,600,3,5
2648,,,15,2,2,1,14,34,420,540,2,5
2649,,,7,2,2,1,70,66,60,180,3,5
2650,,,11,1,2,1,60,63,420,540,4,5
2651,,,15,2,2,2,39,23,60,180,3,5
2652,,,16,1,2,1,36,98,420,540,3,5
2653,,,8,2,2,1,42,21,420,540,1,5
2654,,,5,1,2,2,52,55,420,540,2,5
2655,,,7,1,2,2,42,44,420,540,1,5
2656,,,8,2,2,1,59,16,180,300,2,5
2657,,,15,2,2,2,89,79,180,300,3,5
2658,,,8,1,2,2,15,75,420,540,1,5
2659,,,5,1,2,1,2,5,420,540,1,5
2660,,,9,2,2,1,12,18,420,540,3,5
2661,,,6,1,2,1,92,92,420,540,2,5
2662,,,14,2,2,1,40,83,300,600,3,5
2663,,,4,1,2,2,1,97,300,600,3,5
2664,,,13,2,2,1,19,46,420,540,2,5
2665,,,12,1,2,1,84,68,300,600,3,5
2666,,,13,2,2,1,81,9,0,300,2,5
2667,,,8,1,2,1,85,90,420,540,2,5
2668,,,6,1,2,2,29,17,300,600,3,5
2669,,,11,2,2,1,100,7,0,300,4,5
2670,,,4,1,2,2,0,41,420,540,4,5
2671,,,10,1,2,1,30,19,420,540,1,5
2672,,,13,2,2,2,65,70,420,540,3,5
2673,,,8,1,2,2,62,44,420,540,3,5
2674,,,2,1,2,1,40,11,300,600,3,5
2675,,,6,1,2,2,87,55,300,600,4,5
2676,,,6,2,2,1,67,28,60,180,2,5
2677,,,10,1,2,1,22,42,300,600,1,5
2678,,,16,2,2,2,5,100,300,420,4,5
2679,,,6,1,2,2,98,30,300,600,3,5
2680,,,12,2,2,1,0,10,180,300,4,5
2681,,,4,1,2,2,90,10,300,600,1,5
2682,,,10,1,2,1,43,100,300,600,2,5
2683,,,10,2,2,2,84,7,420,540,2,5
2684,,,6,1,2,2,88,79,420,540,2,5
2685,,,16,1,2,2,54,40,420,540,2,5
2686,,,15,1,2,2,86,40,300,600,4,5
2687,,,8,1,2,2,63,60,300,600,1,5
2688,,,14,2,2,2,40,46,60,180,1,5
2689,,,6,1,2,1,68,34,300,600,3,5
2690,,,4,1,2,1,87,37,300,600,3,5
2691,,,9,1,2,1,48,29,420,540,2,5
2692,,,11,1,2,2,20,95,420,540,4,5
2693,,,7,1,2,1,36,22,300,600,2,5
2694,,,5,2,2,1,80,79,0,300,3,5
2695,,,6,2,2,2,6,46,0,300,3,5
2696,,,12,1,2,1,13,52,420,540,3,5
2697,,,14,1,2,1,59,95,420,540,2,5
2698,,,9,1,2,2,30,33,300,600,1,5
2699,,,11,2,2,1,22,19,60,180,1,5
2700,,,5,1,2,2,58,34,300,600,3,5
2701,,,4,1,2,1,35,7,300,600,3,5
2702,,,3,1,2,1,65,0,420,540,4,5
2703,,,4,1,2,2,93,21,300,600,4,5
2704,,,8,2,2,2,25,42,0,300,1,5
2705,,,13,1,2,1,99,89,300,600,2,5
2706,,,1,1,2,1,100,67,420,540,4,5
2707,,,3,1,2,2,38,35,420,540,1,5
2708,,,4,2,2,1,78,61,180,300,4,5
2709,,,9,1,2,1,32,75,300,600,4,5
2710,,,13,2,2,1,60,64,60,180,1,5
2711,,,7,2,2,2,29,77,60,180,4,5
2712,,,10,1,2,2,85,82,420,540,1,5
2713,,,8,1,2,2,77,85,300,600,2,5
2714,,,3,2,2,2,22,55,420,540,1,5
2715,,,6,1,2,2,20,72,300,600,4,5
2716,,,14,2,2,2,22,62,300,600,3,5
2717,,,10,2,2,2,90,68,300,600,1,5
2718,,,8,2,2,2,15,50,0,300,1,5
2719,,,2,1,2,2,31,42,300,600,4,5
2720,,,5,1,2,1,83,90,300,600,1,5
2721,,,12,1,2,2,85,91,300,600,2,5
2722,,,11,1,2,2,55,18,300,600,3,5
2723,,,9,1,2,2,26,100,420,540,1,5
2724,,,9,1,2,2,0,82,420,540,4,5
2725,,,10,1,2,2,3,89,420,540,2,5
2726,,,3,2,2,1,95,55,60,180,2,5
2727,,,5,2,2,1,29,16,420,540,2,5
2728,,,3,2,2,2,41,71,420,540,1,5
2729,,,8,1,2,1,79,84,300,600,2,5
2730,,,15,1,2,1,86,39,420,540,4,5
2731,,,14,1,2,2,45,38,300,600,2,5
2732,,,10,1,2,1,72,52,420,540,4,5
2733,,,12,2,2,1,98,19,180,300,3,5
2734,,,12,2,2,2,33,21,180,300,2,5
2735,,,11,1,2,1,33,23,300,600,4,5
2736,,,16,1,2,1,63,41,420,540,1,5
2737,,,8,1,2,1,91,28,420,540,4,5
2738,,,9,1,2,2,40,85,300,600,4,5
2739,,,12,1,2,2,14,60,420,540,1,5
2740,,,3,1,2,1,14,83,420,540,4,5
2741,,,2,1,2,2,71,86,420,540,2,5
2742,,,6,1,2,1,98,33,420,540,2,5
2743,,,11,1,2,1,42,21,300,600,4,5
2744,,,14,1,2,1,99,62,300,600,3,5
2745,,,12,1,2,2,81,63,420,540,4,5
2746,,,11,1,2,2,9,90,300,600,1,5
2747,,,11,1,2,2,90,24,300,600,3,5
2748,,,12,1,2,1,38,7,420,540,2,5
2749,,,14,1,2,2,13,100,420,540,4,5
2750,,,7,2,2,1,7,61,0,300,2,5
2751,,,15,1,2,2,14,86,420,540,1,5
2752,,,15,1,2,2,25,21,300,600,3,5
2753,,,5,2,2,1,17,83,180,300,1,5
2754,,,4,1,2,1,5,39,300,600,4,5
2755,,,7,1,2,2,2,26,420,540,1,5
2756,,,5,1,2,1,35,78,300,600,3,5
2757,,,6,1,2,2,18,49,300,600,3,5
2758,,,5,2,2,2,9,33,0,300,3,5
2759,,,7,1,2,2,8,80,420,540,2,5
2760,,,7,1,2,2,84,47,420,540,4,5
2761,,,15,2,2,2,8,84,60,180,2,5
2762,,,4,1,2,2,20,15,420,540,3,5
2763,,,12,1,2,2,40,70,420,540,1,5
2764,,,3,1,2,2,100,4,300,600,2,5
2765,,,2,1,2,1,92,28,300,600,3,5
2766,,,4,1,2,1,2,83,300,600,4,5
2767,,,13,1,2,1,10,26,300,600,1,5
2768,,,2,1,2,2,40,11,300,600,1,5
2769,,,6,1,2,2,50,64,420,540,2,5
2770,,,2,1,2,1,28,88,300,600,1,5
2771,,,2,1,2,2,9,9,420,540,1,5
2772,,,6,1,2,2,66,51,420,540,3,5
2773,,,9,2,2,1,5,32,0,300,1,5
2774,,,9,1,2,2,20,2,300,600,3,5
2775,,,11,1,2,2,41,89,420,540,1,5
2776,,,1,1,2,2,80,31,420,540,3,5
2777,,,3,1,2,2,76,39,300,600,3,5
2778,,,10,1,2,2,46,12,300,600,2,5
2779,,,11,1,2,1,24,64,420,540,3,5
2780,,,8,1,2,1,57,55,300,600,3,5
2781,,,15,2,2,2,52,22,300,420,1,5
2782,,,11,2,2,2,28,33,420,540,3,5
2783,,,8,1,2,1,72,95,300,600,4,5
2784,,,14,1,2,1,14,100,420,540,4,5
2785,,,7,1,2,1,65,90,420,540,4,5
2786,,,3,1,2,1,55,47,420,540,2,5
2787,,,11,1,2,1,42,49,420,540,1,5
2788,,,12,1,2,2,37,67,420,540,1,5
2789,,,14,2,2,2,21,49,300,420,2,5
2790,,,6,1,2,1,24,24,300,600,1,5
2791,,,9,1,2,2,25,43,420,540,1,5
2792,,,8,1,2,1,56,81,420,540,2,5
2793,,,9,1,2,1,2,88,420,540,1,5
2794,,,2,1,2,1,81,54,420,540,3,5
2795,,,11,2,2,2,57,29,60,180,2,5
2796,,,13,2,2,2,87,64,300,600,3,5
2797,,,10,2,2,2,6,98,180,300,2,5
2798,,,3,1,2,1,6,37,420,540,1,5
2799,,,6,1,2,1,59,97,300,600,4,5
2800,,,14,1,2,2,16,1,300,600,4,5
2801,,,6,1,2,1,38,30,300,600,3,5
2802,,,15,2,2,2,20,83,60,180,3,5
2803,,,14,1,2,2,69,89,420,540,4,5
2804,,,15,1,2,1,10,41,300,600,1,5
2805,,,3,1,2,1,58,54,300,600,1,5
2806,,,15,1,2,2,81,4,300,600,2,5
2807,,,4,1,2,1,63,50,300,600,3,5
2808,,,12,1,2,2,60,81,420,540,1,5
2809,,,2,1,2,1,50,12,300,600,2,5
2810,,,10,2,2,1,11,74,60,180,2,5
2811,,,8,2,2,1,4,1,420,540,4,5
2812,,,10,1,2,2,44,81,420,540,1,5
2813,,,14,1,2,1,92,86,300,600,3,5
2814,,,14,1,2,1,53,33,420,540,3,5
2815,,,5,1,2,2,27,73,420,540,4,5
2816,,,7,1,2,2,24,61,300,600,4,5
2817,,,3,1,2,2,19,64,300,600,3,5
2818,,,8,2,2,2,10,99,0,300,2,5
2819,,,16,1,2,2,92,20,420,540,4,5
2820,,,6,1,2,2,37,89,420,540,2,5
2821,,,6,1,2,2,66,6,420,540,3,5
2822,,,9,1,2,1,56,22,300,600,3,5
2823,,,10,1,2,2,45,97,300,600,4,5
2824,,,14,2,2,2,78,1,180,300,4,5
2825,,,3,1,2,1,96,75,420,540,3,5
2826,,,5,2,2,1,27,81,60,180,2,5
2827,,,12,1,2,2,94,66,300,600,3,5
2828,,,3,2,2,1,76,6,180,300,4,5
2829,,,6,1,2,2,73,62,300,600,2,5
2830,,,12,2,2,1,57,39,180,300,2,5
2831,,,14,1,2,1,92,81,300,600,1,5
2832,,,15,1,2,2,92,68,420,540,4,5
2833,,,6,1,2,2,71,97,300,600,3,5
2834,,,4,1,2,2,62,43,420,540,3,5
2835,,,2,1,2,1,18,74,420,540,4,5
2836,,,8,1,2,2,57,33,420,540,3,5
2837,,,6,1,2,2,95,1,420,540,3,5
2838,,,9,2,2,2,53,61,300,420,4,5
2839,,,13,1,2,1,75,56,420,540,4,5
2840,,,12,1,2,1,52,94,300,600,2,5
2841,,,2,1,2,2,71,24,300,600,3,5
2842,,,14,1,2,1,8,65,300,600,2,5
2843,,,6,1,2,2,43,67,420,540,4,5
2844,,,11,1,2,2,93,24,300,600,3,5
2845,,,14,1,2,1,89,77,300,600,4,5
2846,,,6,1,2,2,31,59,300,600,4,5
2847,,,4,1,2,1,75,50,300,600,2,5
2848,,,6,2,2,1,5,79,180,300,4,5
2849,,,11,1,2,1,23,18,300,600,2,5
2850,,,15,1,2,2,10,70,300,600,2,5
2851,,,13,1,2,2,88,73,300,600,1,5
2852,,,11,2,2,2,14,1,60,180,3,5
2853,,,15,1,2,1,8,5,300,600,3,5
2854,,,12,1,2,1,81,74,420,540,4,5
2855,,,14,1,2,1,31,39,420,540,2,5
2856,,,4,1,2,2,21,70,420,540,3,5
2857,,,14,1,2,1,43,79,300,600,2,5
2858,,,8,1,2,2,73,96,300,600,1,5
2859,,,16,1,2,1,42,41,420,540,1,5
2860,,,5,1,2,1,37,84,420,540,4,5
2861,,,7,2,2,2,53,99,420,540,2,5
2862,,,8,1,2,1,0,98,420,540,2,5
2863,,,4,1,2,2,84,22,300,600,4,5
2864,,,2,1,2,2,89,47,300,600,4,5
2865,,,5,1,2,1,53,12,420,540,2,5
2866,,,6,1,2,1,89,31,420,540,4,5
2867,,,5,1,2,1,70,93,300,600,4,5
2868,,,10,1,2,1,5,19,300,600,4,5
2869,,,10,1,2,2,77,99,300,600,3,5
2870,,,13,1,2,1,78,86,420,540,1,5
2871,,,13,1,2,1,8,55,300,600,2,5
2872,,,5,1,2,2,81,62,300,600,3,5
2873,,,14,1,2,1,40,24,420,540,4,5
2874,,,12,1,2,1,26,88,300,600,3,5
2875,,,7,1,2,1,62,15,300,600,2,5
2876,,,5,1,2,1,90,77,300,600,2,5
2877,,,6,1,2,1,67,54,420,540,2,5
2878,,,7,1,2,1,55,2,420,540,1,5
2879,,,2,1,2,2,88,42,300,600,2,5
2880,,,15,1,2,2,41,80,420,540,4,5
2881,,,11,1,2,2,26,38,300,600,2,5
2882,,,6,1,2,2,18,69,420,540,2,5
2883,,,10,2,2,1,26,54,300,420,2,5
2884,,,9,2,2,2,23,38,180,300,1,5
2885,,,12,2,2,1,40,0,300,600,3,5
2886,,,4,2,2,1,72,1,60,180,1,5
2887,,,11,2,2,1,2,42,180,300,4,5
2888,,,3,1,2,1,75,85,300,600,4,5
2889,,,3,1,2,2,32,6,300,600,4,5
2890,,,6,1,2,2,8,79,420,540,4,5
2891,,,13,1,2,2,46,32,300,600,2,5
2892,,,13,1,2,1,50,17,420,540,2,5
2893,,,3,1,2,2,5,85,420,540,2,5
2894,,,7,1,2,1,64,8,420,540,4,5
2895,,,2,1,2,1,92,8,300,600,2,5
2896,,,15,2,2,1,76,22,420,540,1,5
2897,,,12,1,2,1,70,33,420,540,3,5
2898,,,5,1,2,2,19,57,420,540,1,5
2899,,,2,1,2,2,41,8,420,540,2,5
2900,,,6,2,2,1,41,59,0,300,3,5
2901,,,12,2,2,2,94,58,0,300,1,5
2902,,,3,2,2,2,25,13,60,180,1,5
2903,,,15,2,2,1,30,11,300,600,4,5
2904,,,6,1,2,2,20,28,300,600,3,5
2905,,,5,2,2,2,79,100,0,300,1,5
2906,,,7,2,2,2,19,15,300,420,1,5
2907,,,14,1,2,2,3,48,420,540,2,5
2908,,,13,1,2,1,66,81,300,600,1,5
2909,,,11,1,2,1,69,90,420,540,2,5
2910,,,7,1,2,2,65,23,300,600,4,5
2911,,,11,2,2,2,8,77,300,420,3,5
2912,,,4,1,2,1,6,46,300,600,4,5
2913,,,2,1,2,1,52,90,420,540,2,5
2914,,,4,1,2,1,26,5,420,540,3,5
2915,,,11,1,2,1,54,22,420,540,2,5
2916,,,15,1,2,1,76,96,420,540,2,5
2917,,,8,1,2,1,87,70,420,540,1,5
2918,,,5,2,2,2,38,55,300,420,4,5
2919,,,8,1,2,1,62,24,300,600,4,5
2920,,,9,2,2,2,5,79,180,300,4,5
2921,,,14,1,2,1,75,65,300,600,4,5
2922,,,8,1,2,1,50,75,420,540,1,5
2923,,,6,1,2,2,16,39,420,540,2,5
2924,,,10,1,2,2,55,37,420,540,2,5
2925,,,13,2,2,1,72,81,180,300,1,5
2926,,,15,1,2,1,76,67,420,540,2,5
2927,,,6,1,2,1,1,95,420,540,3,5
2928,,,14,1,2,1,0,75,300,600,2,5
2929,,,5,2,2,1,71,18,0,300,3,5
2930,,,13,1,2,2,79,35,300,600,1,5
2931,,,10,1,2,2,84,27,420,540,1,5
2932,,,7,2,2,1,92,20,60,180,4,5
2933,,,3,1,2,2,56,99,420,540,4,5
2934,,,14,1,2,1,2,5,300,600,3,5
2935,,,13,1,2,2,83,25,420,540,4,5
2936,,,8,1,2,1,73,27,300,600,1,5
2937,,,9,1,2,2,6,95,300,600,3,5
2938,,,12,1,2,1,15,35,420,540,1,5
2939,,,7,1,2,1,81,29,420,540,3,5
2940,,,9,2,2,1,37,88,60,180,2,5
2941,,,13,1,2,2,79,2,420,540,3,5
2942,,,3,1,2,2,67,57,300,600,2,5
2943,,,14,1,2,2,2,75,420,540,1,5
2944,,,14,2,2,1,8,31,180,300,4,5
2945,,,8,1,2,2,86,71,300,600,1,5
2946,,,6,1,2,2,30,60,420,540,2,5
2947,,,3,1,2,2,48,93,300,600,1,5
2948,,,11,2,2,1,65,47,60,180,1,5
2949,,,9,1,2,1,57,46,420,540,3,5
2950,,,8,2,2,2,58,91,300,420,4,5
2951,,,11,1,2,1,58,3,420,540,3,5
2952,,,10,1,2,1,30,23,420,540,3,5
2953,,,6,1,2,2,20,16,420,540,1,5
2954,,,9,1,2,1,51,42,300,600,3,5
2955,,,6,1,2,1,54,66,300,600,2,5
2956,,,9,1,2,2,53,10,300,600,2,5
2957,,,5,1,2,2,89,86,300,600,2,5
2958,,,9,1,2,1,86,32,420,540,2,5
2959,,,12,1,2,2,15,70,300,600,3,5
2960,,,7,1,2,2,60,25,300,600,1,5
2961,,,5,1,2,1,7,68,420,540,3,5
2962,,,3,2,2,2,64,82,300,600,2,5
2963,,,10,1,2,1,68,20,300,600,4,5
2964,,,2,1,2,2,30,69,300,600,4,5
2965,,,1,1,2,2,1,86,420,540,2,5
2966,,,9,1,2,1,31,54,300,600,3,5
2967,,,11,1,2,2,6,97,300,600,2,5
2968,,,11,1,2,2,68,2,420,540,3,5
2969,,,7,1,2,1,20,48,420,540,3,5
2970,,,6,1,2,2,74,70,300,600,1,5
2971,,,7,1,2,1,25,79,420,540,4,5
2972,,,16,1,2,2,75,43,420,540,3,5
2973,,,5,1,2,2,55,84,300,600,3,5
2974,,,15,2,2,1,51,65,0,300,2,5
2975,,,4,2,2,1,25,51,420,540,1,5
2976,,,7,1,2,1,16,4,420,540,1,5
2977,,,5,2,2,2,96,79,300,420,4,5
2978,,,12,1,2,2,26,34,420,540,2,5
2979,,,8,2,2,1,49,81,300,600,1,5
2980,,,4,1,2,1,10,14,420,540,1,5
2981,,,9,1,2,1,82,15,300,600,4,5
2982,,,3,2,2,2,14,44,420,540,4,5
2983,,,10,1,2,1,80,93,420,540,2,5
2984,,,2,1,2,2,96,0,300,600,4,5
2985,,,2,2,2,1,55,3,60,180,2,5
2986,,,5,1,2,1,95,65,300,600,4,5
2987,,,2,2,2,1,52,56,180,300,1,5
2988,,,9,1,2,2,64,41,420,540,4,5
2989,,,12,1,2,2,100,46,300,600,3,5
2990,,,10,2,2,1,31,22,300,420,3,5
2991,,,6,1,2,2,1,96,300,600,2,5
2992,,,12,1,2,1,73,77,420,540,1,5
2993,,,13,2,2,1,22,13,420,540,4,5
2994,,,9,1,2,1,60,96,300,600,1,5
2995,,,14,2,2,2,29,75,300,600,2,5
2996,,,11,2,2,2,51,7,60,180,1,5
2997,,,4,2,2,1,37,28,180,300,2,5
2998,,,3,1,2,1,26,68,300,600,4,5
2999,,,11,1,2,2,84,100,420,540,3,5
3000,,,9,2,2,1,97,42,60,180,2,5
3001,,,3,1,2,1,13,91,420,540,1,5
3002,,,12,1,2,2,89,32,420,540,3,5
3003,,,6,1,2,1,7,34,300,600,2,5
3004,,,2,2,2,2,37,98,60,180,1,5
3005,,,13,1,2,2,61,41,300,600,4,5
3006,,,14,1,2,2,2,8,300,600,3,5
3007,,,15,1,2,2,54,33,420,540,4,5
3008,,,2,2,2,2,8,32,60,180,1,5
3009,,,9,1,2,2,37,8,300,600,3,5
3010,,,10,1,2,1,19,14,420,540,2,5
3011,,,13,1,2,2,84,21,420,540,4,5
3012,,,7,2,2,1,57,69,0,300,4,5
3013,,,14,1,2,2,89,29,420,540,2,5
3014,,,11,1,2,2,71,70,300,600,1,5
3015,,,6,1,2,1,49,74,300,600,4,5
3016,,,3,1,2,1,33,57,300,600,2,5
3017,,,5,2,2,2,63,50,420,540,1,5
3018,,,4,2,2,1,98,55,420,540,4,5
3019,,,4,2,2,1,35,35,300,600,1,5
3020,,,7,1,2,1,84,57,420,540,4,5
3021,,,12,1,2,2,99,7,420,540,2,5
3022,,,14,1,2,2,33,44,420,540,1,5
3023,,,10,1,2,1,96,41,420,540,2,5
3024,,,8,1,2,1,13,90,420,540,2,5
3025,,,7,1,2,2,5,40,300,600,3,5
3026,,,14,1,2,1,1,88,420,540,3,5
3027,,,11,1,2,1,66,64,300,600,1,5
3028,,,2,2,2,2,76,51,0,300,4,5
3029,,,3,2,2,1,16,10,300,600,1,5
3030,,,1,1,2,2,35,83,420,540,1,5
3031,,,11,1,2,2,7,66,300,600,3,5
3032,,,7,1,2,2,76,99,300,600,3,5
3033,,,13,2,2,2,51,57,180,300,2,5
3034,,,8,1,2,2,89,74,300,600,2,5
3035,,,5,1,2,1,31,37,420,540,4,5
3036,,,14,1,2,2,87,81,420,540,2,5
3037,,,8,1,2,2,13,71,300,600,1,5
3038,,,4,1,2,1,46,75,300,600,1,5
3039,,,3,1,2,1,61,49,300,600,2,5
3040,,,6,1,2,1,93,74,420,540,1,5
3041,,,5,1,2,1,22,66,300,600,2,5
3042,,,14,1,2,1,92,81,420,540,2,5
3043,,,9,2,2,2,70,49,420,540,4,5
3044,,,8,1,2,2,10,70,420,540,4,5
3045,,,9,2,2,1,30,14,180,300,3,5
3046,,,13,1,2,1,20,7,300,600,1,5
3047,,,10,1,2,1,15,87,300,600,3,5
3048,,,12,2,2,1,47,30,60,180,3,5
3049,,,2,1,2,1,38,91,420,540,2,5
3050,,,4,1,2,1,86,71,420,540,2,5
3051,,,3,1,2,1,61,57,300,600,4,5
3052,,,10,2,2,2,93,64,420,540,1,5
3053,,,8,2,2,2,36,97,180,300,1,5
3054,,,7,1,2,1,17,89,300,600,3,5
3055,,,7,2,2,1,69,14,300,420,3,5
3056,,,13,2,2,2,50,57,420,540,2,5
3057,,,5,1,2,1,18,0,300,600,2,5
3058,,,6,1,2,2,64,51,420,540,1,5
3059,,,9,2,2,1,63,76,420,540,4,5
3060,,,7,2,2,1,19,15,60,180,2,5
3061,,,8,2,2,1,32,97,180,300,1,5
3062,,,8,1,2,2,52,36,420,540,1,5
3063,,,6,1,2,1,62,78,420,540,4,5
3064,,,16,1,2,2,91,98,300,600,2,5
3065,,,3,1,2,2,74,70,300,600,3,5
3066,,,8,1,2,1,98,85,420,540,3,5
3067,,,11,1,2,2,41,12,300,600,3,5
3068,,,7,1,2,1,55,25,300,600,3,5
3069,,,5,1,2,2,60,24,300,600,4,5
3070,,,10,2,2,1,30,70,420,540,2,5
3071,,,5,1,2,1,24,45,420,540,3,5
3072,,,5,1,2,2,11,61,300,600,2,5
3073,,,5,1,2,1,54,98,300,600,4,5
3074,,,13,1,2,2,3,71,300,600,2,5
3075,,,9,2,2,2,87,13,0,300,3,5
3076,,,11,1,2,2,11,45,300,600,3,5
3077,,,2,1,2,1,13,48,420,540,4,5
3078,,,16,1,2,1,36,90,420,540,4,5
3079,,,7,1,2,2,76,27,300,600,4,5
3080,,,2,1,2,1,95,50,420,540,1,5
3081,,,6,1,2,1,48,83,420,540,4,5
3082,,,12,2,2,1,56,73,420,540,1,5
3083,,,11,1,2,2,8,73,300,600,2,5
3084,,,6,2,2,2,92,77,300,600,1,5
3085,,,11,1,2,1,27,94,300,600,2,5
3086,,,3,1,2,1,81,45,420,540,1,5
3087,,,5,1,2,2,35,31,420,540,3,5
3088,,,3,2,2,1,92,74,0,300,4,5
3089,,,4,1,2,1,50,72,300,600,2,5
3090,,,9,2,2,2,4,24,180,300,1,5
3091,,,7,1,2,1,3,67,300,600,2,5
3092,,,8,1,2,1,23,46,420,540,2,5
3093,,,8,1,2,1,23,49,300,600,2,5
3094,,,14,1,2,1,85,24,420,540,1,5
3095,,,11,2,2,2,22,60,60,180,4,5
3096,,,13,1,2,2,89,10,420,540,4,5
3097,,,6,1,2,2,95,50,300,600,3,5
3098,,,14,1,2,1,44,55,300,600,4,5
3099,,,7,1,2,2,15,77,300,600,1,5
3100,,,11,1,2,2,44,7,420,540,4,5
3101,,,9,1,2,2,69,19,300,600,1,5
3102,,,9,1,2,2,17,58,420,540,1,5
3103,,,11,2,2,2,90,30,0,300,3,5
3104,,,12,1,2,2,21,65,420,540,2,5
3105,,,1,1,2,1,88,3,300,600,2,5
3106,,,14,1,2,1,13,47,420,540,4,5
3107,,,9,1,2,1,32,65,300,600,2,5
3108,,,4,1,2,1,52,92,420,540,3,5
3109,,,3,1,2,1,17,86,420,540,2,5
3110,,,2,1,2,1,89,82,420,540,2,5
3111,,,4,1,2,2,67,48,300,600,4,5
3112,,,5,1,2,1,17,87,300,600,4,5
3113,,,13,2,2,2,79,87,420,540,3,5
3114,,,15,1,2,1,55,42,300,600,3,5
3115,,,10,1,2,1,16,84,300,600,1,5
3116,,,4,1,2,1,79,25,420,540,1,5
3117,,,5,1,2,2,50,1,300,600,1,5
3118,,,14,1,2,2,74,76,420,540,1,5
3119,,,10,1,2,2,64,11,420,540,2,5
3120,,,3,1,2,1,80,20,300,600,2,5
3121,,0,1,2,2,1,63,78,420,540,3,5
3122,,0,1,2,2,2,53,57,60,180,4,5
3123,,0,1,2,2,1,83,78,420,540,1,5
3124,,0,1,2,2,1,21,22,0,300,2,5
3125,,0,1,2,2,1,91,53,300,600,3,5
3126,,0,1,2,2,2,4,95,420,540,2,5
3127,,0,1,2,2,1,22,76,420,540,1,5
3128,,0,1,2,2,2,81,26,300,600,3,5
3129,,0,1,2,2,2,95,1,300,600,1,5
3130,,0,1,2,2,1,93,14,180,300,1,5
3131,,0,1,2,2,2,63,92,180,300,3,5
3132,,0,1,2,2,2,82,21,300,600,3,5
3133,,0,1,2,2,1,65,28,420,540,3,5
3134,,0,1,2,2,2,99,60,420,540,4,5
3135,,0,1,2,2,1,58,38,300,600,1,5
3136,,0,1,2,2,1,81,51,420,540,1,5
3137,,0,1,2,2,2,78,26,0,300,1,5
3138,,0,1,2,2,2,45,65,420,540,1,5
3139,,0,1,2,2,1,98,2,420,540,1,5
3140,,0,1,2,2,1,5,72,300,600,1,5
3141,,0,1,2,2,1,66,76,300,600,2,5
3142,,0,1,2,2,1,81,41,420,540,2,5
3143,,0,1,2,2,2,31,48,420,540,1,5
3144,,0,1,2,2,2,41,48,300,600,2,5
3145,,0,1,2,2,2,22,72,300,600,3,5
3146,,0,1,2,2,1,30,66,420,540,1,5
3147,,0,1,2,2,1,83,6,300,600,2,5
3148,,0,1,2,2,1,9,8,420,540,2,5
3149,,0,1,2,2,1,34,18,420,540,4,5
3150,,0,1,2,2,1,34,11,0,300,4,5
3151,,0,1,2,2,2,25,56,300,600,2,5
3152,,0,1,2,2,2,69,58,300,600,4,5
3153,,0,1,2,2,1,0,96,300,600,2,5
3154,,0,1,2,2,1,39,66,180,300,3,5
3155,,0,1,2,2,1,20,74,300,600,4,5
3156,,0,1,2,2,1,38,21,420,540,4,5
3157,,0,1,2,2,1,25,56,300,600,1,5
3158,,0,1,2,2,2,51,79,300,600,2,5
3159,,0,1,2,2,1,31,2,420,540,4,5
3160,,0,1,2,2,2,56,68,180,300,2,5
3161,,0,1,2,2,2,96,30,300,420,2,5
3162,,0,1,2,2,1,48,6,420,540,1,5
3163,,0,1,2,2,2,36,74,300,600,2,5
3164,,0,1,2,2,2,12,22,300,600,2,5
3165,,0,1,2,2,2,67,72,420,540,4,5
3166,,0,1,2,2,2,9,90,420,540,1,5
3167,,0,1,2,2,2,11,84,300,600,1,5
3168,,0,1,2,2,1,61,22,420,540,1,5
3169,,0,1,2,2,2,47,61,300,600,2,5
3170,,0,1,2,2,1,16,22,0,300,3,5
3171,,0,1,2,2,1,12,50,420,540,4,5
3172,,0,1,2,2,1,49,73,300,600,2,5
3173,,0,1,2,2,2,55,65,300,600,3,5
3174,,0,1,2,2,1,68,93,420,540,1,5
3175,,0,1,2,2,1,14,69,300,600,4,5
3176,,0,1,2,2,1,61,74,420,540,4,5
3177,,0,1,2,2,1,95,13,420,540,3,5
3178,,0,1,2,2,2,17,65,180,300,2,5
3179,,0,1,2,2,1,44,56,180,300,1,5
3180,,0,1,2,2,2,61,45,300,600,3,5
3181,,0,1,2,2,2,72,9,420,540,4,5
3182,,0,1,2,2,2,82,20,0,300,3,5
3183,,0,1,2,2,1,59,36,420,540,4,5
3184,,0,1,2,2,2,96,82,300,600,2,5
3185,,0,1,2,2,2,10,45,180,300,2,5
3186,,0,1,2,2,2,83,7,420,540,4,5
3187,,0,1,2,2,2,92,77,300,420,2,5
3188,,0,1,2,2,1,30,36,420,540,3,5
3189,,0,1,2,2,2,79,35,420,540,4,5
3190,,0,1,2,2,2,93,68,420,540,3,5
