Order,Day-Order,Time-Order,Day-Ops,Service,Type,Origin,X,Y,Early,Latest,Demand,Service Time 
,,,,,0,1,50,100,,,,0
,,,,,1,1,27,36,,,,15
,,,,,1,1,60,24,,,,15
,,,,,0,2,50,100,,,,0
,,,,,1,2,53,67,,,,15
,,,,,1,2,22,33,,,,15
,,,,,0,3,50,100,,,,0
,,,,,1,3,39,54,,,,15
,,,,,1,3,60,56,,,,15
1,1,0,1,1,3,3,61,70,60,180,4,5
2,1,0,1,1,3,1,97,89,60,180,2,5
3,1,0,1,1,3,2,42,52,60,180,1,5
4,1,0,1,1,3,1,8,86,60,180,3,5
5,1,0,1,2,3,3,55,85,0,300,1,5
6,1,0,1,1,3,1,17,35,60,180,4,5
7,1,0,1,1,3,2,0,38,60,180,1,5
8,1,0,1,1,3,1,26,15,60,180,3,5
9,1,0,1,1,3,3,97,72,60,180,4,5
10,1,0,1,2,3,1,48,40,420,540,4,5
11,1,0,1,1,3,3,11,31,60,180,4,5
12,1,0,1,1,3,2,86,24,60,180,3,5
13,1,0,1,1,3,2,100,33,60,180,2,5
14,1,0,1,1,3,2,46,46,60,180,1,5
15,1,0,1,1,3,1,73,48,60,180,2,5
16,1,0,1,1,3,3,34,59,60,180,3,5
17,1,0,1,1,3,3,90,93,60,180,4,5
18,1,0,1,1,3,1,0,46,60,180,3,5
19,1,0,1,1,3,1,39,88,60,180,4,5
20,1,0,1,1,3,3,88,7,60,180,3,5
21,1,0,1,1,3,3,6,59,60,180,4,5
22,1,0,1,1,3,2,23,23,60,180,2,5
23,1,0,1,1,3,1,94,69,60,180,4,5
24,1,0,1,1,3,2,72,40,60,180,2,5
25,1,0,1,1,3,1,17,69,60,180,4,5
26,1,0,1,1,3,3,75,74,60,180,4,5
27,1,0,1,1,3,1,67,94,60,180,3,5
28,1,0,1,1,3,3,14,67,60,180,3,5
29,1,0,1,1,3,2,59,52,60,180,3,5
30,1,0,1,1,3,3,98,28,60,180,4,5
31,1,0,1,1,3,2,0,34,60,180,2,5
32,1,0,1,1,3,2,77,18,60,180,2,5
33,1,0,1,1,3,1,7,29,60,180,3,5
34,1,0,1,1,3,3,34,73,60,180,3,5
35,1,0,1,1,3,3,36,13,60,180,4,5
36,1,0,1,1,3,2,27,95,60,180,2,5
37,1,0,1,1,3,1,64,90,60,180,4,5
38,1,0,1,1,3,2,68,63,60,180,1,5
39,1,0,1,1,3,2,70,31,60,180,1,5
40,1,0,1,1,3,3,11,25,60,180,4,5
41,1,0,1,1,3,1,15,20,60,180,2,5
42,1,0,1,1,3,2,70,87,60,180,1,5
43,1,0,1,1,3,2,31,61,60,180,1,5
44,1,0,1,1,3,3,16,93,60,180,2,5
45,1,0,1,1,3,2,39,88,60,180,4,5
46,1,0,1,1,3,2,51,97,60,180,1,5
47,1,0,1,1,3,2,56,17,60,180,3,5
48,1,0,1,2,3,3,98,20,0,300,2,5
49,1,0,1,1,3,1,7,82,60,180,3,5
50,1,0,1,1,3,3,51,19,60,180,4,5
51,1,0,1,1,3,1,69,90,60,180,2,5
52,1,0,1,1,3,2,22,46,60,180,3,5
53,1,0,1,1,3,2,88,100,60,180,4,5
54,1,0,1,1,3,1,58,4,60,180,1,5
55,1,0,1,1,3,2,92,97,60,180,3,5
56,1,0,1,1,3,2,2,37,60,180,2,5
57,1,0,1,1,3,1,39,20,60,180,1,5
58,1,0,1,1,3,3,52,35,60,180,1,5
59,1,0,1,1,3,1,16,51,60,180,2,5
60,1,0,1,1,3,1,38,41,60,180,2,5
61,1,0,1,1,3,3,47,65,60,180,4,5
62,1,0,1,1,3,3,52,4,60,180,3,5
63,1,0,1,1,3,2,54,64,60,180,4,5
64,1,0,1,1,3,1,44,50,60,180,4,5
65,1,0,1,1,3,1,90,24,60,180,3,5
66,1,0,1,1,3,1,10,53,60,180,1,5
67,1,0,1,1,3,2,89,6,60,180,3,5
68,1,0,1,1,3,2,6,98,60,180,2,5
69,1,0,1,1,3,1,16,87,60,180,1,5
70,1,0,1,1,3,3,23,91,60,180,1,5
71,1,0,1,1,3,1,34,35,60,180,3,5
72,1,0,1,1,3,1,67,90,60,180,3,5
73,1,0,1,2,3,2,80,18,300,420,4,5
74,1,0,1,1,3,2,44,7,60,180,4,5
75,1,0,1,1,3,3,87,6,60,180,3,5
76,1,0,1,1,3,1,57,85,60,180,1,5
77,1,0,1,1,3,2,45,46,60,180,4,5
78,1,0,1,1,3,2,32,52,60,180,3,5
79,1,0,1,1,3,3,63,23,60,180,2,5
80,1,0,1,1,3,1,13,62,60,180,3,5
81,1,0,1,1,3,3,81,63,60,180,2,5
82,1,0,1,1,3,3,60,64,60,180,3,5
83,1,0,1,1,3,1,23,53,60,180,3,5
84,1,0,1,1,3,1,12,22,60,180,2,5
85,1,0,1,1,3,3,43,98,60,180,3,5
86,1,0,1,1,3,2,66,29,60,180,3,5
87,1,0,1,1,3,1,7,23,60,180,2,5
88,1,0,1,1,3,1,69,0,60,180,4,5
89,1,0,1,1,3,1,50,36,60,180,3,5
90,1,0,1,1,3,1,43,47,60,180,1,5
91,1,0,1,1,3,1,30,54,60,180,4,5
92,1,0,1,1,3,2,90,84,60,180,2,5
93,1,0,1,1,3,3,4,46,60,180,4,5
94,1,0,1,1,3,1,78,27,60,180,3,5
95,1,0,1,1,3,2,46,95,60,180,4,5
96,1,0,1,1,3,3,22,69,60,180,3,5
97,1,0,1,1,3,1,94,36,60,180,4,5
98,1,0,1,1,3,1,92,51,60,180,3,5
99,1,0,1,1,3,3,33,3,60,180,2,5
100,1,0,1,1,3,3,35,56,60,180,3,5
101,1,0,1,1,3,2,95,62,60,180,1,5
102,1,0,1,1,3,2,61,14,60,180,4,5
103,1,0,1,1,3,2,59,45,60,180,1,5
104,1,0,1,1,3,1,97,1,60,180,2,5
105,1,0,1,1,3,1,96,46,60,180,2,5
106,1,0,1,1,3,1,55,19,60,180,4,5
107,1,0,1,1,3,3,88,15,60,180,2,5
108,1,0,1,1,3,1,86,23,60,180,4,5
109,1,0,1,1,3,2,15,87,60,180,2,5
110,1,0,1,1,3,1,68,22,60,180,2,5
111,1,0,1,1,3,1,100,40,60,180,1,5
112,1,0,1,1,3,2,97,5,60,180,2,5
113,1,0,1,1,3,2,54,69,60,180,2,5
114,1,0,1,1,3,2,54,18,60,180,3,5
115,1,0,1,1,3,2,50,60,60,180,3,5
116,1,0,1,1,3,2,46,7,60,180,2,5
117,1,0,1,1,3,1,30,6,60,180,1,5
118,1,0,1,1,3,3,35,66,60,180,4,5
119,1,0,1,1,3,3,28,22,60,180,4,5
120,1,0,1,1,3,3,66,41,60,180,4,5
121,1,0,1,1,3,2,91,65,60,180,2,5
122,1,0,1,1,3,1,41,71,60,180,1,5
123,1,0,1,1,3,2,53,99,60,180,4,5
124,1,0,1,1,3,3,70,29,60,180,2,5
125,1,0,1,1,3,3,91,30,60,180,3,5
126,1,0,1,1,3,3,21,47,60,180,3,5
127,1,0,1,1,3,1,84,95,60,180,4,5
128,1,0,1,1,3,3,72,4,60,180,4,5
129,1,0,1,1,3,2,61,86,60,180,1,5
130,1,0,1,1,3,3,48,87,60,180,3,5
131,1,0,1,1,3,2,72,85,60,180,2,5
132,1,0,1,1,3,2,70,83,60,180,1,5
133,1,0,1,1,3,3,3,58,60,180,2,5
134,1,0,1,1,3,3,1,69,60,180,2,5
135,1,0,1,1,3,2,39,72,60,180,3,5
136,1,0,1,1,3,3,34,56,60,180,2,5
137,1,0,1,1,3,1,80,52,60,180,1,5
138,1,0,1,1,3,2,72,75,60,180,1,5
139,1,0,1,1,3,1,27,94,60,180,2,5
140,1,0,1,1,3,3,8,63,60,180,4,5
141,1,0,1,1,3,2,23,2,60,180,3,5
142,1,0,1,1,3,2,20,7,60,180,1,5
143,1,0,1,1,3,1,44,99,60,180,3,5
144,1,0,1,1,3,3,34,62,60,180,4,5
145,1,0,1,1,3,3,83,71,60,180,2,5
146,1,0,1,1,3,1,40,49,60,180,2,5
147,1,0,1,1,3,1,79,70,60,180,3,5
148,1,0,1,1,3,2,41,62,60,180,4,5
149,1,0,1,1,3,3,98,9,60,180,4,5
150,1,0,1,1,3,3,56,28,60,180,4,5
151,1,0,1,1,3,1,86,79,60,180,3,5
152,1,0,1,1,3,1,100,100,60,180,4,5
153,1,0,1,1,3,3,46,9,60,180,4,5
154,1,0,1,1,3,1,22,12,60,180,1,5
155,1,0,1,1,3,1,69,15,60,180,3,5
156,1,0,1,1,3,3,11,80,60,180,3,5
157,1,0,1,1,3,2,60,38,60,180,4,5
158,1,0,1,2,3,2,37,23,300,420,3,5
159,1,0,1,1,3,1,23,97,60,180,4,5
160,1,0,1,1,3,2,2,99,60,180,1,5
161,1,0,1,1,3,3,95,8,60,180,1,5
162,1,0,1,1,3,2,57,84,60,180,3,5
163,1,0,1,1,3,2,63,6,60,180,2,5
164,1,0,1,1,3,2,43,2,60,180,4,5
165,1,0,1,1,3,2,90,37,60,180,3,5
166,1,0,1,1,3,3,96,100,60,180,3,5
167,1,0,1,1,3,3,46,48,60,180,3,5
168,1,0,1,1,3,2,47,79,60,180,4,5
169,1,0,1,1,3,3,13,6,60,180,3,5
170,1,0,1,1,3,2,83,44,60,180,3,5
171,1,0,1,1,3,3,93,98,60,180,3,5
172,1,0,1,1,3,2,67,44,60,180,4,5
173,1,0,1,1,3,3,25,23,60,180,1,5
174,1,0,1,1,3,2,5,95,60,180,2,5
175,1,0,1,1,3,1,94,44,60,180,4,5
176,1,0,1,1,3,1,31,56,60,180,2,5
177,1,0,1,1,3,1,33,69,60,180,4,5
178,1,0,1,1,3,2,42,74,60,180,4,5
179,1,0,1,1,3,3,30,51,60,180,4,5
180,1,0,1,2,3,2,74,66,420,540,3,5
181,1,0,1,1,3,2,46,83,60,180,4,5
182,1,0,1,1,3,2,32,7,60,180,3,5
183,1,0,1,1,3,1,58,81,60,180,4,5
184,1,0,1,1,3,3,91,75,60,180,4,5
185,1,0,1,1,3,3,25,39,60,180,4,5
186,1,0,1,1,3,3,65,95,60,180,1,5
187,1,0,1,1,3,2,45,36,60,180,1,5
188,1,0,1,1,3,1,54,72,60,180,1,5
189,1,0,1,1,3,3,89,29,60,180,1,5
190,1,0,1,1,3,2,53,1,60,180,4,5
191,1,0,1,1,3,1,56,2,60,180,2,5
192,1,0,1,1,3,3,4,9,60,180,1,5
193,1,0,1,1,3,3,32,80,60,180,4,5
194,1,0,1,1,3,2,75,15,60,180,1,5
195,1,0,1,1,3,2,17,7,60,180,3,5
196,1,0,1,1,3,2,64,37,60,180,4,5
197,1,0,1,1,3,2,2,56,60,180,1,5
198,1,0,1,1,3,1,90,81,60,180,2,5
199,1,0,1,1,3,2,26,64,60,180,3,5
200,1,0,1,1,3,3,35,89,60,180,3,5
201,1,0,1,1,3,1,65,44,60,180,3,5
202,1,0,1,1,3,1,19,23,60,180,1,5
203,1,0,1,1,3,1,87,34,60,180,4,5
204,1,0,1,1,3,3,25,25,60,180,4,5
205,1,0,1,1,3,1,93,99,60,180,4,5
206,1,0,1,1,3,1,94,61,60,180,1,5
207,1,0,1,1,3,1,7,50,60,180,3,5
208,1,0,1,1,3,2,93,58,60,180,1,5
209,1,0,1,1,3,1,54,86,60,180,1,5
210,1,0,1,1,3,3,57,78,60,180,2,5
211,1,0,1,1,3,2,1,75,60,180,4,5
212,1,0,1,1,3,1,59,90,60,180,3,5
213,1,0,1,1,3,3,88,71,60,180,1,5
214,1,0,1,1,3,1,87,83,60,180,3,5
215,1,0,1,1,3,2,19,76,60,180,3,5
216,1,0,1,1,3,3,98,13,60,180,2,5
217,1,0,1,1,3,3,54,93,60,180,1,5
218,1,0,1,1,3,2,90,57,60,180,3,5
219,1,0,1,1,3,3,46,28,60,180,3,5
220,1,0,1,1,3,3,96,17,60,180,1,5
221,1,0,1,1,3,2,18,74,60,180,4,5
222,1,0,1,1,3,2,59,58,60,180,1,5
223,1,0,1,1,3,3,33,26,60,180,3,5
224,1,0,1,1,3,2,75,50,60,180,4,5
225,1,0,1,1,3,3,81,0,60,180,2,5
226,1,0,1,1,3,1,87,8,60,180,2,5
227,1,0,1,1,3,3,16,25,60,180,1,5
228,1,0,1,1,3,3,77,85,60,180,4,5
229,1,0,1,1,3,2,78,52,60,180,1,5
230,1,0,1,1,3,2,38,99,60,180,4,5
231,1,0,1,1,3,1,42,92,60,180,1,5
232,1,0,1,1,3,1,7,92,60,180,1,5
233,1,0,1,1,3,3,93,59,60,180,4,5
234,1,0,1,1,3,1,50,38,60,180,1,5
235,1,0,1,1,3,1,18,37,60,180,4,5
236,1,0,1,1,3,2,44,78,60,180,3,5
237,1,0,1,2,3,1,72,3,180,300,1,5
238,1,0,1,1,3,3,54,25,60,180,2,5
239,1,0,1,1,3,2,48,30,60,180,2,5
240,1,0,1,1,3,1,93,31,60,180,2,5
241,1,0,1,1,3,3,32,31,60,180,3,5
242,1,0,1,1,3,2,14,17,60,180,2,5
243,1,0,1,1,3,1,68,3,60,180,3,5
244,1,0,1,1,3,2,95,98,60,180,1,5
245,1,0,1,1,3,2,85,48,60,180,1,5
246,1,0,1,1,3,2,97,14,60,180,2,5
247,1,0,1,1,3,2,67,19,60,180,4,5
248,1,0,1,1,3,2,78,17,60,180,4,5
249,1,0,1,1,3,1,52,45,60,180,2,5
250,1,0,1,1,3,2,43,80,60,180,3,5
251,1,0,1,1,3,1,55,61,60,180,3,5
252,1,0,1,1,3,3,86,95,60,180,3,5
253,1,0,1,1,3,3,19,74,60,180,2,5
254,1,0,1,1,3,3,41,11,60,180,3,5
255,1,0,1,1,3,3,32,38,60,180,3,5
256,1,0,1,1,3,2,12,26,60,180,3,5
257,1,0,1,1,3,2,88,39,60,180,4,5
258,1,0,1,1,3,1,2,73,60,180,4,5
259,1,0,1,1,3,2,85,37,60,180,4,5
260,1,0,1,1,3,3,88,96,60,180,1,5
261,1,0,1,1,3,2,65,26,60,180,1,5
262,1,0,1,1,3,1,57,48,60,180,1,5
263,1,0,1,1,3,1,82,66,60,180,1,5
264,1,0,1,1,3,2,71,99,60,180,3,5
265,1,0,1,1,3,1,62,81,60,180,2,5
266,1,0,1,1,3,3,44,46,60,180,4,5
267,1,0,1,1,3,2,24,63,60,180,3,5
268,1,0,1,1,3,1,60,80,60,180,3,5
269,1,0,1,1,3,3,91,34,60,180,4,5
270,1,0,1,1,3,1,8,69,60,180,1,5
271,1,0,1,1,3,1,96,68,60,180,3,5
272,1,0,1,1,3,1,58,51,60,180,3,5
273,1,0,1,1,3,1,38,88,60,180,3,5
274,1,0,1,1,3,2,79,41,60,180,1,5
275,1,0,1,1,3,3,17,28,60,180,2,5
276,1,0,1,1,3,3,13,84,60,180,3,5
277,1,0,1,1,3,2,22,23,60,180,1,5
278,1,0,1,1,3,1,17,41,60,180,3,5
279,1,0,1,1,3,3,79,9,60,180,4,5
280,1,0,1,1,3,3,75,16,60,180,4,5
281,1,0,1,1,3,3,92,99,60,180,4,5
282,1,0,1,1,3,1,67,8,60,180,3,5
283,1,0,1,1,3,1,38,17,60,180,3,5
284,1,0,1,1,3,1,54,6,60,180,3,5
285,1,0,1,1,3,1,88,99,60,180,2,5
286,1,0,1,1,3,2,23,14,60,180,1,5
287,1,0,1,1,3,2,55,16,60,180,3,5
288,1,0,1,1,3,2,14,69,60,180,3,5
289,1,0,1,1,3,1,65,18,60,180,3,5
290,1,0,1,1,3,1,34,88,60,180,4,5
291,1,0,1,1,3,1,65,13,60,180,3,5
292,1,0,1,1,3,3,24,84,60,180,3,5
293,1,0,1,1,3,3,83,20,60,180,4,5
294,1,0,1,1,3,1,17,0,60,180,2,5
295,1,0,1,1,3,3,79,86,60,180,2,5
296,1,0,1,1,3,3,53,2,60,180,1,5
297,1,0,1,1,3,3,35,92,60,180,3,5
298,1,0,1,1,3,1,10,2,60,180,1,5
299,1,0,1,1,3,3,10,6,60,180,1,5
300,1,0,1,1,3,3,81,17,60,180,2,5
301,1,0,1,1,3,3,27,10,60,180,3,5
302,1,0,1,1,3,1,43,37,60,180,1,5
303,1,0,1,1,3,1,75,86,60,180,4,5
304,1,0,1,1,3,3,51,96,60,180,4,5
305,1,0,1,1,3,1,43,86,60,180,4,5
306,1,0,1,1,3,2,49,75,60,180,3,5
307,1,0,1,1,3,1,92,21,60,180,4,5
308,1,0,1,1,3,2,70,83,60,180,1,5
309,1,0,1,1,3,2,53,96,60,180,2,5
310,1,0,1,1,3,1,43,17,60,180,4,5
311,1,490,2,1,3,1,77,50,0,300,1,5
312,1,168,2,1,3,3,50,27,180,300,3,5
313,1,569,2,1,3,2,76,36,180,300,3,5
314,1,45,2,2,3,2,28,72,180,300,2,5
315,1,219,2,1,3,2,1,8,60,180,2,5
316,1,379,2,1,3,3,84,0,60,180,2,5
317,1,532,2,1,3,3,42,41,60,180,4,5
318,1,97,2,1,3,1,80,30,0,300,2,5
319,1,61,2,1,3,2,20,75,180,300,4,5
320,1,98,2,1,3,2,2,84,180,300,4,5
321,1,241,2,1,3,1,40,22,60,180,1,5
322,1,564,2,1,3,3,4,38,60,180,1,5
323,1,80,2,1,3,1,28,54,0,300,1,5
324,1,263,2,1,3,3,33,82,0,300,3,5
325,1,423,2,1,3,1,92,46,60,180,3,5
326,1,361,2,1,3,2,39,95,180,300,2,5
327,1,482,2,1,3,2,21,13,60,180,3,5
328,1,283,2,1,3,1,91,35,60,180,2,5
329,1,12,2,1,3,2,97,37,60,180,4,5
330,1,242,2,1,3,1,7,90,0,300,2,5
331,1,308,2,1,3,2,83,90,0,300,3,5
332,1,290,2,1,3,2,62,98,0,300,4,5
333,1,494,2,1,3,2,24,50,60,180,4,5
334,1,146,2,1,3,2,33,29,60,180,4,5
335,1,35,2,1,3,1,0,57,180,300,2,5
336,1,59,2,1,3,3,60,12,0,300,1,5
337,1,150,2,1,3,2,77,52,180,300,2,5
338,1,32,2,1,3,2,54,13,180,300,3,5
339,1,284,2,1,3,3,88,36,60,180,2,5
340,1,100,2,1,3,2,1,79,180,300,3,5
341,1,146,2,1,3,1,82,79,0,300,3,5
342,1,408,2,1,3,2,66,59,0,300,1,5
343,1,124,2,1,3,2,34,93,180,300,2,5
344,1,40,2,1,3,2,54,67,60,180,2,5
345,1,93,2,1,3,2,32,19,180,300,3,5
346,1,465,2,1,3,1,7,4,0,300,2,5
347,1,200,2,1,3,1,72,64,60,180,4,5
348,1,360,2,1,3,2,44,23,180,300,4,5
349,1,457,2,2,3,3,37,57,420,540,4,5
350,1,81,2,1,3,1,28,77,60,180,4,5
351,1,13,2,1,3,3,29,91,0,300,2,5
352,1,279,2,1,3,2,37,39,0,300,4,5
353,1,381,2,1,3,2,48,65,0,300,3,5
354,1,35,2,1,3,3,46,62,60,180,4,5
355,1,422,2,1,3,1,77,17,180,300,3,5
356,1,235,2,1,3,3,39,57,0,300,1,5
357,1,499,2,1,3,2,96,51,60,180,3,5
358,1,432,2,1,3,1,69,30,60,180,2,5
359,1,537,2,1,3,3,95,62,60,180,4,5
360,1,265,2,1,3,2,49,86,0,300,4,5
361,1,144,2,1,3,2,56,40,180,300,2,5
362,1,215,2,1,3,3,49,92,180,300,4,5
363,1,120,2,1,3,3,29,39,60,180,4,5
364,1,333,2,1,3,3,63,55,0,300,2,5
365,1,559,2,1,3,3,75,33,60,180,1,5
366,1,173,2,1,3,3,7,99,0,300,3,5
367,1,500,2,1,3,3,54,64,0,300,2,5
368,1,266,2,1,3,3,76,17,60,180,1,5
369,1,566,2,1,3,2,45,23,0,300,2,5
370,1,203,2,1,3,3,94,12,0,300,3,5
371,1,300,2,1,3,3,45,73,180,300,4,5
372,1,377,2,1,3,3,43,44,0,300,2,5
373,1,319,2,1,3,1,25,65,0,300,1,5
374,1,596,2,1,3,2,41,93,0,300,3,5
375,1,483,2,1,3,1,78,5,0,300,1,5
376,1,424,2,1,3,2,47,41,180,300,2,5
377,1,443,2,1,3,1,9,82,60,180,2,5
378,1,550,2,1,3,1,7,93,180,300,4,5
379,1,585,2,1,3,3,77,43,60,180,2,5
380,1,30,2,1,3,3,16,14,180,300,1,5
381,1,284,2,1,3,3,69,53,0,300,2,5
382,1,53,2,1,3,1,67,31,0,300,2,5
383,1,496,2,1,3,3,45,28,0,300,4,5
384,1,170,2,1,3,1,55,33,180,300,4,5
385,1,329,2,1,3,1,2,82,180,300,2,5
386,1,292,2,1,3,2,35,44,60,180,1,5
387,1,470,2,1,3,1,10,95,60,180,4,5
388,1,515,2,1,3,3,67,88,60,180,2,5
389,1,448,2,1,3,3,84,11,60,180,3,5
390,1,31,2,1,3,1,74,82,60,180,2,5
391,1,250,2,1,3,2,62,92,0,300,1,5
392,1,113,2,1,3,2,90,93,180,300,2,5
393,1,182,2,1,3,1,99,47,180,300,4,5
394,1,486,2,1,3,3,76,29,180,300,2,5
395,1,284,2,1,3,1,25,58,180,300,2,5
396,1,74,2,1,3,3,75,55,60,180,1,5
397,1,307,2,1,3,2,24,54,180,300,1,5
398,1,117,2,1,3,2,17,82,180,300,1,5
399,1,149,2,1,3,2,1,21,60,180,1,5
400,1,157,2,1,3,1,66,65,180,300,1,5
401,1,391,2,1,3,2,61,12,180,300,1,5
402,1,557,2,1,3,2,45,35,60,180,4,5
403,1,473,2,1,3,2,45,90,180,300,2,5
404,1,360,2,1,3,2,89,48,0,300,1,5
405,1,335,2,1,3,3,1,30,180,300,3,5
406,1,272,2,1,3,2,84,53,0,300,1,5
407,1,321,2,2,3,3,31,86,300,600,2,5
408,1,22,2,1,3,3,87,57,60,180,3,5
409,1,66,2,1,3,2,31,77,60,180,4,5
410,1,134,2,1,3,2,73,10,180,300,1,5
411,1,579,2,1,3,1,84,2,0,300,2,5
412,1,516,2,1,3,1,70,14,0,300,3,5
413,1,297,2,1,3,3,25,66,0,300,3,5
414,1,485,2,1,3,2,18,66,180,300,3,5
415,1,45,2,1,3,3,92,18,60,180,1,5
416,1,3,2,1,3,1,63,66,60,180,1,5
417,1,300,2,1,3,1,58,54,60,180,3,5
418,1,430,2,1,3,1,30,64,60,180,1,5
419,1,3,2,1,3,3,54,43,60,180,4,5
420,2,89,3,1,3,2,86,28,60,180,3,5
421,9,391,10,1,3,3,72,49,60,180,2,5
422,8,524,9,1,3,2,70,52,0,300,1,5
423,2,594,4,1,3,2,42,61,60,180,2,5
424,8,303,8,2,3,1,89,53,420,540,1,5
425,8,550,9,1,3,3,10,1,60,180,4,5
426,6,19,6,1,3,3,35,93,60,180,2,5
427,6,427,8,1,3,3,93,36,60,180,4,5
428,12,183,12,2,3,1,57,2,300,600,1,5
429,9,122,11,1,3,1,73,43,0,300,3,5
430,3,238,3,2,3,3,98,98,420,540,4,5
431,2,83,2,1,3,3,73,31,180,300,4,5
432,8,97,8,2,3,3,28,31,300,420,4,5
433,13,238,13,2,3,1,40,51,420,540,1,5
434,1,329,2,1,3,3,58,68,0,300,2,5
435,10,466,12,1,3,2,9,81,180,300,2,5
436,9,520,11,1,3,1,76,10,0,300,2,5
437,14,206,15,1,3,3,40,53,0,300,3,5
438,12,549,14,1,3,2,93,72,0,300,3,5
439,11,84,11,1,3,1,39,57,180,300,4,5
440,11,349,12,1,3,1,18,37,180,300,1,5
441,7,480,9,1,3,2,66,14,180,300,2,5
442,5,293,6,1,3,3,0,66,180,300,3,5
443,10,233,10,2,3,2,76,26,300,420,1,5
444,7,401,8,1,3,1,55,36,180,300,1,5
445,10,505,11,1,3,1,24,19,180,300,1,5
446,12,121,12,1,3,3,29,40,180,300,3,5
447,5,117,6,1,3,2,69,41,60,180,3,5
448,12,173,12,1,3,2,90,11,180,300,2,5
449,13,420,14,1,3,2,63,52,60,180,3,5
450,12,250,13,1,3,2,60,37,0,300,1,5
451,6,390,7,1,3,3,13,40,180,300,2,5
452,9,29,9,1,3,1,12,70,60,180,1,5
453,5,307,5,2,3,2,39,71,420,540,4,5
454,10,406,11,1,3,1,80,54,180,300,3,5
455,8,270,8,2,3,2,64,95,300,600,3,5
456,5,251,5,2,3,2,75,76,300,600,4,5
457,8,60,8,1,3,3,12,8,180,300,3,5
458,13,89,15,1,3,3,12,26,180,300,1,5
459,6,42,6,1,3,2,78,60,60,180,1,5
460,11,369,11,2,3,3,32,56,420,540,4,5
461,1,173,3,1,3,1,18,62,180,300,4,5
462,1,526,2,1,3,3,24,6,60,180,4,5
463,11,39,11,1,3,3,94,91,60,180,4,5
464,9,150,9,1,3,3,4,81,180,300,1,5
465,4,15,4,1,3,1,37,22,60,180,4,5
466,10,278,10,2,3,3,90,69,300,420,1,5
467,2,477,4,1,3,3,37,2,60,180,2,5
468,2,427,4,1,3,3,80,80,180,300,1,5
469,4,43,4,1,3,2,15,48,60,180,4,5
470,11,348,11,2,3,2,91,0,420,540,3,5
471,12,313,13,1,3,1,20,22,0,300,1,5
472,7,101,8,1,3,3,66,1,60,180,2,5
473,5,189,5,2,3,3,24,78,300,600,4,5
474,1,289,1,2,3,2,92,46,420,540,3,5
475,1,306,1,2,3,2,100,91,420,540,2,5
476,7,576,8,1,3,1,92,45,180,300,2,5
477,6,181,6,2,3,1,62,60,420,540,4,5
478,14,585,16,1,3,3,100,27,60,180,2,5
479,4,464,6,1,3,1,37,91,180,300,4,5
480,9,396,10,1,3,2,93,38,180,300,3,5
481,8,149,9,1,3,2,56,30,60,180,2,5
482,8,539,9,1,3,1,94,43,180,300,1,5
483,13,54,13,1,3,1,29,12,60,180,2,5
484,1,151,1,1,3,2,23,54,180,300,4,5
485,7,132,8,1,3,3,43,5,0,300,3,5
486,5,79,5,1,3,2,48,24,180,300,4,5
487,6,556,7,1,3,3,1,86,180,300,3,5
488,8,289,8,2,3,3,69,96,420,540,1,5
489,12,384,12,2,3,2,8,78,420,540,4,5
490,6,269,7,1,3,3,34,12,180,300,1,5
491,9,430,11,1,3,2,71,36,60,180,3,5
492,5,379,6,1,3,2,55,40,0,300,2,5
493,1,539,3,1,3,3,29,67,0,300,4,5
494,4,189,5,1,3,3,56,92,180,300,3,5
495,1,59,1,1,3,1,31,13,60,180,1,5
496,8,429,9,1,3,3,41,7,180,300,1,5
497,9,126,9,1,3,1,3,4,180,300,2,5
498,5,158,6,2,3,3,32,52,0,300,1,5
499,3,488,4,1,3,1,4,58,60,180,1,5
500,4,444,6,1,3,3,12,39,60,180,1,5
501,7,586,8,1,3,3,66,12,60,180,2,5
502,9,286,9,2,3,3,87,18,420,540,1,5
503,10,150,10,1,3,3,91,38,180,300,2,5
504,8,558,9,1,3,2,70,99,0,300,1,5
505,6,116,6,1,3,3,82,31,180,300,3,5
506,3,233,3,2,3,2,56,48,420,540,4,5
507,10,393,10,2,3,1,17,24,420,540,4,5
508,8,122,8,1,3,2,21,76,180,300,2,5
509,2,97,3,1,3,2,93,35,0,300,2,5
510,1,551,3,1,3,1,94,64,60,180,1,5
511,9,448,11,1,3,3,90,5,180,300,4,5
512,8,231,8,2,3,2,24,100,420,540,1,5
513,8,514,10,1,3,2,96,37,0,300,1,5
514,4,119,4,1,3,1,24,9,180,300,4,5
515,1,197,1,2,3,3,18,63,300,420,4,5
516,3,244,4,2,3,1,69,91,60,180,2,5
517,6,306,6,2,3,1,18,10,420,540,1,5
518,1,416,2,1,3,3,16,53,60,180,4,5
519,9,218,9,2,3,1,67,13,300,600,4,5
520,6,401,6,2,3,2,87,23,420,540,1,5
521,2,162,3,1,3,1,55,92,0,300,1,5
522,13,298,14,1,3,3,8,33,60,180,2,5
523,7,424,8,1,3,2,2,80,60,180,4,5
524,10,268,11,1,3,2,14,54,0,300,2,5
525,8,215,8,2,3,3,96,78,300,420,1,5
526,12,59,13,1,3,1,5,52,180,300,1,5
527,13,45,14,1,3,2,4,12,0,300,4,5
528,11,132,11,1,3,3,44,92,180,300,2,5
529,6,545,7,1,3,3,17,5,0,300,1,5
530,7,541,9,1,3,2,90,16,0,300,2,5
531,2,287,2,2,3,1,51,90,420,540,1,5
532,11,279,12,1,3,1,94,10,0,300,2,5
533,7,276,7,2,3,3,4,47,420,540,1,5
534,12,410,12,2,3,3,41,92,420,540,2,5
535,2,419,3,1,3,1,51,74,0,300,2,5
536,3,192,4,1,3,2,14,20,60,180,3,5
537,12,407,12,2,3,2,51,94,420,540,3,5
538,12,218,12,2,3,3,0,38,420,540,1,5
539,11,332,11,2,3,2,10,24,420,540,3,5
540,8,443,9,1,3,3,12,61,0,300,1,5
541,10,430,12,1,3,3,71,61,180,300,4,5
542,4,495,5,1,3,3,59,64,0,300,1,5
543,3,124,3,1,3,1,90,23,180,300,4,5
544,1,278,1,2,3,2,10,80,420,540,1,5
545,2,234,2,2,3,1,91,38,420,540,3,5
546,1,303,1,2,3,3,49,11,420,540,4,5
547,9,525,11,1,3,2,69,70,180,300,2,5
548,2,78,2,1,3,2,73,88,180,300,2,5
549,3,460,4,1,3,1,86,60,60,180,2,5
550,5,6,5,1,3,1,76,69,60,180,3,5
551,1,59,1,1,3,2,3,36,60,180,4,5
552,2,32,2,1,3,1,16,24,60,180,1,5
553,12,7,13,1,3,2,92,1,60,180,2,5
554,2,497,3,1,3,1,1,16,60,180,1,5
555,11,524,13,2,3,1,66,40,300,600,3,5
556,6,571,8,1,3,3,37,71,0,300,2,5
557,8,256,8,2,3,2,8,13,300,420,1,5
558,14,269,15,1,3,2,60,93,180,300,1,5
559,3,307,4,1,3,1,27,82,60,180,4,5
560,3,426,5,1,3,2,53,27,60,180,4,5
561,13,394,13,2,3,1,10,13,420,540,2,5
562,14,85,15,1,3,3,14,87,180,300,2,5
563,11,471,13,1,3,1,46,92,180,300,3,5
564,5,64,6,1,3,1,82,36,180,300,4,5
565,8,337,9,1,3,2,85,13,0,300,4,5
566,11,229,11,2,3,3,82,92,420,540,1,5
567,9,168,10,1,3,3,60,6,60,180,2,5
568,7,39,8,1,3,2,17,29,60,180,2,5
569,12,217,12,2,3,3,93,62,420,540,3,5
570,6,476,7,1,3,2,100,83,60,180,4,5
571,6,284,7,1,3,1,50,37,180,300,2,5
572,2,573,3,2,3,3,79,24,180,300,4,5
573,10,212,10,2,3,2,5,77,300,600,1,5
574,2,45,2,1,3,2,65,52,60,180,2,5
575,11,194,11,2,3,1,2,34,420,540,3,5
576,14,304,15,1,3,1,69,87,180,300,2,5
577,3,486,5,1,3,1,46,100,60,180,2,5
578,5,162,5,1,3,2,22,27,180,300,4,5
579,14,59,14,1,3,3,9,55,60,180,4,5
580,11,217,12,1,3,3,2,59,60,180,4,5
581,2,160,2,1,3,3,60,93,180,300,4,5
582,2,474,4,1,3,1,18,70,180,300,3,5
583,8,553,10,1,3,3,67,98,60,180,2,5
584,10,337,11,1,3,2,36,84,60,180,1,5
585,3,477,4,1,3,2,27,25,180,300,2,5
586,2,444,4,1,3,3,82,82,60,180,2,5
587,6,83,6,1,3,1,56,15,180,300,2,5
588,9,21,9,1,3,3,62,60,60,180,2,5
589,3,184,3,2,3,3,51,13,420,540,3,5
590,7,531,8,1,3,2,43,10,0,300,2,5
591,2,568,4,1,3,1,37,22,60,180,3,5
592,10,27,10,1,3,2,98,14,60,180,3,5
593,11,369,12,1,3,1,7,74,60,180,3,5
594,1,132,1,1,3,2,30,28,180,300,4,5
595,13,551,14,1,3,2,70,76,0,300,3,5
596,13,267,15,1,3,1,37,87,180,300,4,5
597,4,29,4,1,3,1,65,12,60,180,2,5
598,2,574,4,1,3,2,10,57,180,300,1,5
599,8,487,10,1,3,3,86,91,0,300,1,5
600,8,283,8,2,3,2,52,43,420,540,2,5
601,6,129,6,1,3,3,46,52,180,300,2,5
602,4,414,5,1,3,2,10,59,180,300,3,5
603,7,136,7,1,3,3,41,78,180,300,4,5
604,4,318,5,1,3,1,98,32,180,300,2,5
605,8,295,9,1,3,1,44,31,60,180,2,5
606,14,314,15,1,3,3,90,12,0,300,2,5
607,11,550,12,2,3,3,46,70,60,180,4,5
608,1,52,1,1,3,2,41,6,60,180,4,5
609,14,499,16,1,3,1,40,90,0,300,2,5
610,2,64,2,1,3,1,7,28,180,300,1,5
611,1,515,3,1,3,1,9,35,180,300,1,5
612,2,58,2,1,3,2,66,40,60,180,1,5
613,9,597,10,1,3,3,49,86,60,180,2,5
614,14,319,15,1,3,1,40,78,60,180,2,5
615,12,589,13,1,3,1,17,13,0,300,1,5
616,1,9,2,1,3,1,19,81,60,180,1,5
617,3,518,4,1,3,2,17,93,0,300,3,5
618,2,329,3,1,3,3,15,15,60,180,1,5
619,5,570,7,1,3,2,79,24,0,300,2,5
620,12,415,12,2,3,2,58,63,420,540,4,5
621,6,119,6,1,3,1,90,33,180,300,2,5
622,13,534,15,1,3,1,46,1,60,180,2,5
623,9,170,9,1,3,1,83,40,180,300,1,5
624,11,538,13,2,3,2,38,24,0,300,4,5
625,11,33,11,1,3,1,27,37,60,180,1,5
626,5,394,6,1,3,3,14,33,60,180,2,5
627,4,161,4,1,3,3,49,91,180,300,3,5
628,6,510,8,1,3,3,22,4,60,180,2,5
629,7,505,9,1,3,2,9,35,0,300,4,5
630,10,599,12,1,3,3,56,69,0,300,1,5
631,11,117,12,1,3,2,14,86,60,180,3,5
632,6,429,8,1,3,2,22,15,0,300,3,5
633,1,326,1,2,3,3,7,7,420,540,2,5
634,3,409,3,2,3,1,31,64,420,540,1,5
635,4,286,4,2,3,3,5,76,300,600,3,5
636,4,242,4,2,3,2,84,29,420,540,2,5
637,6,374,6,2,3,3,81,68,420,540,1,5
638,2,545,3,1,3,3,85,27,60,180,3,5
639,6,141,6,1,3,2,73,13,180,300,4,5
640,4,304,4,2,3,1,91,80,420,540,3,5
641,2,137,2,1,3,2,100,11,180,300,1,5
642,5,301,5,2,3,3,80,36,420,540,1,5
643,14,323,15,1,3,3,5,54,180,300,2,5
644,8,542,10,1,3,1,11,63,0,300,2,5
645,8,56,8,1,3,3,15,25,60,180,4,5
646,9,77,10,1,3,3,24,32,0,300,2,5
647,13,205,14,1,3,1,63,98,60,180,2,5
648,8,227,8,2,3,1,60,63,300,420,2,5
649,7,549,9,1,3,2,88,57,60,180,3,5
650,10,371,10,2,3,3,58,56,420,540,3,5
651,11,5,11,1,3,1,89,38,60,180,1,5
652,14,472,16,1,3,3,27,56,0,300,4,5
653,4,270,5,2,3,3,88,64,0,300,1,5
654,5,113,5,2,3,3,12,38,420,540,3,5
655,11,461,12,1,3,1,62,6,180,300,3,5
656,4,66,4,1,3,1,13,59,180,300,3,5
657,10,229,10,2,3,2,23,77,300,420,3,5
658,5,266,5,2,3,1,37,79,300,600,2,5
659,12,261,13,1,3,1,73,57,180,300,2,5
660,11,454,13,2,3,3,14,11,420,540,1,5
661,1,510,2,1,3,2,32,51,0,300,2,5
662,9,559,10,1,3,2,99,72,180,300,2,5
663,7,12,8,1,3,1,29,31,180,300,3,5
664,5,368,5,2,3,2,64,80,420,540,1,5
665,3,20,3,1,3,2,18,56,60,180,2,5
666,13,183,14,1,3,1,69,86,0,300,4,5
667,6,360,6,2,3,2,4,77,420,540,3,5
668,11,143,11,1,3,3,7,46,180,300,3,5
669,6,599,8,1,3,2,89,58,0,300,4,5
670,14,519,15,1,3,1,70,97,180,300,3,5
671,5,32,5,1,3,3,54,41,60,180,3,5
672,1,559,2,1,3,3,29,42,180,300,3,5
673,14,116,14,1,3,1,30,38,180,300,4,5
674,4,221,4,2,3,3,79,62,420,540,2,5
675,1,344,3,1,3,2,53,5,0,300,4,5
676,5,455,7,1,3,3,33,68,0,300,3,5
677,8,376,9,1,3,3,37,51,60,180,3,5
678,8,397,8,2,3,1,29,93,420,540,3,5
679,12,123,14,1,3,1,34,23,0,300,2,5
680,4,161,4,1,3,3,97,47,180,300,1,5
681,12,212,12,2,3,1,55,0,420,540,1,5
682,8,450,10,1,3,1,79,86,180,300,3,5
683,4,388,4,2,3,3,96,98,420,540,4,5
684,9,332,9,2,3,2,8,64,420,540,1,5
685,8,108,8,1,3,2,48,64,180,300,1,5
686,5,69,6,1,3,3,8,52,180,300,3,5
687,2,3,2,1,3,1,82,33,60,180,4,5
688,11,494,12,1,3,2,87,66,0,300,2,5
689,2,107,2,1,3,2,86,23,180,300,3,5
690,2,220,2,2,3,3,73,36,420,540,2,5
691,2,171,3,1,3,3,1,21,60,180,3,5
692,5,315,6,1,3,2,37,80,0,300,1,5
693,14,112,14,1,3,2,39,99,180,300,1,5
694,4,400,4,2,3,1,60,60,420,540,3,5
695,14,56,14,1,3,2,78,56,60,180,4,5
696,2,586,3,1,3,1,62,93,180,300,1,5
697,1,542,3,1,3,2,2,90,0,300,4,5
698,3,125,4,1,3,3,27,1,60,180,1,5
699,14,4,14,1,3,3,66,17,60,180,1,5
700,10,299,10,2,3,3,92,86,300,600,3,5
701,5,355,6,1,3,3,77,30,60,180,3,5
702,5,465,6,1,3,1,6,9,0,300,1,5
703,7,549,8,1,3,3,26,76,180,300,3,5
704,8,155,9,1,3,1,7,5,0,300,2,5
705,6,279,6,2,3,1,100,26,420,540,2,5
706,3,443,5,1,3,3,16,20,0,300,4,5
707,12,579,13,1,3,2,24,74,0,300,3,5
708,1,50,1,1,3,1,73,42,60,180,4,5
709,12,102,13,2,3,1,70,35,180,300,3,5
710,8,529,10,1,3,3,87,13,0,300,3,5
711,6,416,8,1,3,3,70,60,0,300,4,5
712,1,29,1,1,3,3,82,98,60,180,4,5
713,3,459,5,1,3,1,61,69,0,300,1,5
714,14,277,14,2,3,3,38,60,420,540,1,5
715,14,576,15,1,3,3,89,100,180,300,3,5
716,4,90,4,1,3,1,49,52,180,300,2,5
717,13,509,14,1,3,2,14,28,60,180,3,5
718,3,243,3,2,3,2,98,34,420,540,2,5
719,6,521,7,1,3,3,88,26,180,300,2,5
720,5,470,6,1,3,1,50,88,0,300,4,5
721,4,145,4,1,3,2,91,19,180,300,2,5
722,1,593,3,1,3,1,58,94,60,180,3,5
723,5,399,5,2,3,2,69,60,420,540,4,5
724,3,380,4,1,3,1,26,20,180,300,2,5
725,6,295,7,1,3,2,55,100,180,300,2,5
726,4,320,4,2,3,3,88,9,420,540,1,5
727,2,194,2,2,3,1,10,19,300,600,3,5
728,1,542,3,1,3,3,0,6,180,300,4,5
729,7,177,9,1,3,3,66,80,0,300,1,5
730,9,584,10,1,3,2,6,2,180,300,4,5
731,9,546,10,1,3,3,6,63,60,180,4,5
732,11,273,12,1,3,2,9,42,60,180,1,5
733,13,23,14,1,3,3,88,62,180,300,2,5
734,3,257,3,2,3,3,35,23,420,540,2,5
735,2,422,3,1,3,3,82,28,60,180,4,5
736,8,497,9,1,3,1,41,100,0,300,4,5
737,4,522,5,1,3,3,45,0,60,180,1,5
738,7,443,8,1,3,2,40,62,180,300,2,5
739,13,39,13,1,3,1,19,74,60,180,1,5
740,14,38,14,1,3,1,17,69,60,180,4,5
741,1,536,2,1,3,1,57,62,60,180,3,5
742,6,139,6,1,3,3,60,44,180,300,4,5
743,11,401,11,2,3,3,60,5,420,540,4,5
744,7,108,7,1,3,3,52,85,180,300,3,5
745,12,458,14,1,3,2,5,82,180,300,3,5
746,5,517,6,1,3,2,60,46,60,180,1,5
747,4,248,4,2,3,1,39,47,420,540,4,5
748,11,453,13,1,3,1,29,91,180,300,2,5
749,6,103,6,1,3,1,15,24,180,300,4,5
750,7,164,7,1,3,2,36,67,180,300,4,5
751,12,459,13,2,3,1,51,41,60,180,2,5
752,7,24,7,1,3,2,36,69,60,180,3,5
753,9,468,10,1,3,3,29,44,180,300,2,5
754,6,269,6,2,3,2,33,18,420,540,2,5
755,14,562,16,1,3,1,65,66,180,300,2,5
756,6,565,8,1,3,1,7,38,0,300,4,5
757,2,28,3,1,3,2,100,26,180,300,1,5
758,5,564,7,1,3,1,60,77,60,180,1,5
759,4,527,6,1,3,2,68,58,0,300,1,5
760,7,3,7,1,3,1,66,79,60,180,3,5
761,9,369,10,1,3,2,86,9,60,180,1,5
762,3,530,5,1,3,3,75,85,60,180,4,5
763,9,575,11,1,3,3,78,9,0,300,3,5
764,8,321,8,2,3,2,5,27,420,540,2,5
765,14,560,16,1,3,2,13,28,60,180,3,5
766,8,5,8,1,3,1,16,62,60,180,3,5
767,2,516,4,1,3,2,71,59,60,180,2,5
768,10,546,12,1,3,1,62,57,180,300,4,5
769,12,530,14,1,3,2,13,93,0,300,1,5
770,12,58,13,1,3,2,100,30,180,300,1,5
771,14,555,16,1,3,1,70,56,60,180,2,5
772,4,308,4,2,3,1,75,68,420,540,1,5
773,4,227,5,1,3,3,42,69,60,180,2,5
774,2,313,3,1,3,1,57,92,180,300,3,5
775,13,132,13,1,3,1,22,99,180,300,1,5
776,7,8,8,1,3,1,28,6,60,180,3,5
777,8,21,8,1,3,3,26,2,60,180,4,5
778,7,525,8,1,3,2,8,1,180,300,3,5
779,3,49,4,1,3,2,32,79,0,300,4,5
780,9,582,11,1,3,3,44,25,180,300,3,5
781,11,415,12,1,3,1,59,24,180,300,4,5
782,4,198,5,2,3,2,29,1,180,300,1,5
783,10,95,10,1,3,2,78,32,180,300,1,5
784,11,546,13,1,3,1,0,57,180,300,1,5
785,14,168,15,1,3,3,38,98,180,300,2,5
786,2,564,3,1,3,1,36,61,180,300,2,5
787,3,90,3,1,3,1,97,86,180,300,1,5
788,1,93,2,1,3,1,97,3,60,180,3,5
789,7,127,8,1,3,3,47,20,180,300,3,5
790,12,216,13,1,3,3,50,52,60,180,3,5
791,12,115,12,1,3,3,78,21,180,300,4,5
792,6,79,6,1,3,3,66,80,180,300,2,5
793,9,481,10,1,3,2,42,67,60,180,1,5
794,3,110,3,1,3,2,62,90,180,300,1,5
795,3,101,3,1,3,1,21,96,180,300,1,5
796,12,400,12,2,3,1,5,71,420,540,4,5
797,11,59,12,1,3,2,40,32,60,180,2,5
798,7,565,8,1,3,1,81,90,180,300,1,5
799,13,487,15,1,3,2,71,52,0,300,4,5
800,6,382,6,2,3,3,55,36,420,540,2,5
801,2,482,4,1,3,2,29,47,60,180,1,5
802,1,335,1,2,3,1,73,51,420,540,4,5
803,2,201,2,2,3,3,90,50,420,540,1,5
804,1,233,1,2,3,2,6,90,420,540,1,5
805,8,131,8,1,3,1,22,62,180,300,4,5
806,3,412,3,2,3,2,78,59,420,540,2,5
807,10,82,11,1,3,3,11,58,0,300,4,5
808,8,92,8,1,3,2,83,62,180,300,3,5
809,2,133,3,1,3,2,17,63,180,300,3,5
810,6,396,6,2,3,2,58,28,420,540,3,5
811,1,123,1,1,3,3,54,92,180,300,4,5
812,1,272,2,1,3,3,61,58,180,300,3,5
813,10,411,10,2,3,2,73,53,420,540,3,5
814,13,322,13,2,3,3,50,74,420,540,1,5
815,4,484,5,1,3,2,96,63,0,300,2,5
816,14,64,14,1,3,3,24,62,180,300,4,5
817,14,499,15,1,3,2,60,88,180,300,1,5
818,9,35,9,1,3,3,88,20,60,180,1,5
819,1,216,2,2,3,2,20,58,420,540,4,5
820,10,4,11,1,3,2,74,48,180,300,2,5
821,1,382,1,2,3,2,31,56,420,540,3,5
822,4,80,4,1,3,1,27,9,180,300,2,5
823,3,49,3,1,3,2,55,22,60,180,3,5
824,3,19,4,1,3,1,40,75,180,300,2,5
825,11,213,12,1,3,3,71,91,0,300,4,5
826,11,338,11,2,3,1,41,1,420,540,4,5
827,6,72,6,1,3,2,54,56,180,300,4,5
828,3,478,5,1,3,3,89,80,0,300,4,5
829,7,379,7,2,3,2,0,5,420,540,4,5
830,13,240,13,2,3,3,52,29,420,540,3,5
831,10,299,10,2,3,3,12,91,300,600,2,5
832,10,108,10,1,3,3,67,30,180,300,2,5
833,10,583,12,2,3,1,49,10,420,540,3,5
834,4,34,5,1,3,2,12,62,180,300,2,5
835,6,26,7,1,3,1,2,80,0,300,4,5
836,14,501,16,1,3,2,49,35,0,300,4,5
837,13,583,15,1,3,3,63,71,0,300,4,5
838,13,185,13,2,3,1,47,18,420,540,2,5
839,14,257,14,2,3,1,23,16,300,600,2,5
840,2,224,2,2,3,1,74,73,300,600,4,5
841,9,126,10,1,3,1,19,57,60,180,3,5
842,8,39,9,1,3,2,74,15,0,300,4,5
843,9,564,10,1,3,2,68,48,60,180,2,5
844,2,408,3,1,3,3,42,57,60,180,2,5
845,11,321,11,2,3,1,35,59,420,540,4,5
846,4,116,4,1,3,3,39,4,180,300,3,5
847,4,138,5,1,3,3,99,43,180,300,1,5
848,12,17,12,1,3,1,1,72,60,180,1,5
849,6,64,6,1,3,1,34,52,180,300,2,5
850,14,250,15,1,3,3,0,96,180,300,4,5
851,11,140,12,1,3,1,76,66,60,180,4,5
852,6,570,7,1,3,2,90,79,60,180,4,5
853,12,327,12,2,3,1,38,65,420,540,3,5
854,10,60,11,1,3,2,87,78,180,300,4,5
855,1,460,2,1,3,3,55,77,180,300,4,5
856,13,191,14,1,3,3,3,14,180,300,2,5
857,3,237,3,2,3,2,14,25,300,420,1,5
858,1,237,1,2,3,3,81,96,300,600,4,5
859,7,16,8,1,3,3,14,10,0,300,4,5
860,9,547,10,1,3,1,52,37,60,180,2,5
861,4,168,4,1,3,2,39,65,180,300,1,5
862,10,97,10,1,3,2,6,28,180,300,2,5
863,9,470,10,1,3,2,0,43,180,300,1,5
864,5,193,6,1,3,2,37,0,0,300,4,5
865,9,566,11,1,3,1,38,19,60,180,1,5
866,4,151,4,1,3,2,25,84,180,300,2,5
867,8,329,8,2,3,1,80,64,420,540,2,5
868,8,86,8,1,3,3,60,40,180,300,2,5
869,8,320,8,2,3,2,53,51,420,540,2,5
870,14,498,15,1,3,2,6,62,0,300,1,5
871,10,6,10,1,3,2,24,98,60,180,1,5
872,4,255,5,1,3,2,40,22,0,300,2,5
873,2,37,2,1,3,1,61,19,60,180,4,5
874,7,85,7,1,3,1,59,71,180,300,4,5
875,10,156,10,1,3,3,75,8,180,300,1,5
876,7,444,8,1,3,2,16,72,60,180,1,5
877,6,407,6,2,3,1,69,51,420,540,4,5
878,10,567,11,1,3,1,47,28,0,300,2,5
879,12,452,14,1,3,2,41,26,180,300,3,5
880,2,16,2,1,3,1,82,3,60,180,2,5
881,14,204,14,2,3,2,21,7,420,540,4,5
882,1,517,3,1,3,3,96,13,180,300,4,5
883,12,599,13,1,3,3,18,36,60,180,1,5
884,5,492,7,1,3,1,74,11,180,300,3,5
885,3,433,5,1,3,1,70,12,0,300,3,5
886,9,544,10,1,3,1,87,64,180,300,1,5
887,14,168,15,1,3,1,60,13,60,180,4,5
888,12,254,12,2,3,1,20,0,420,540,2,5
889,8,383,8,2,3,3,62,80,420,540,1,5
890,2,350,2,2,3,3,51,24,420,540,4,5
891,3,312,4,1,3,3,80,14,180,300,3,5
892,9,218,10,1,3,1,64,4,180,300,2,5
893,9,19,10,1,3,1,7,62,180,300,3,5
894,7,26,7,1,3,2,67,22,60,180,3,5
895,8,290,8,2,3,3,38,100,420,540,4,5
896,7,326,7,2,3,2,28,83,420,540,3,5
897,9,518,11,1,3,2,6,72,180,300,4,5
898,6,100,6,1,3,1,0,63,180,300,1,5
899,3,40,3,1,3,2,40,8,60,180,1,5
900,1,138,2,1,3,2,86,95,60,180,3,5
901,9,386,10,1,3,2,76,56,0,300,1,5
902,9,395,9,2,3,1,36,31,420,540,4,5
903,8,250,8,2,3,3,1,60,300,420,1,5
904,6,480,7,1,3,1,39,98,180,300,1,5
905,3,418,3,2,3,3,10,58,420,540,1,5
906,2,598,3,1,3,3,34,50,180,300,3,5
907,12,231,12,2,3,1,8,45,300,600,3,5
908,14,359,14,2,3,2,75,80,420,540,4,5
909,13,76,14,1,3,3,28,91,0,300,3,5
910,10,40,10,1,3,2,32,67,60,180,2,5
911,5,141,5,1,3,1,20,11,180,300,1,5
912,11,160,12,1,3,1,6,3,180,300,3,5
913,14,506,16,1,3,1,71,48,60,180,4,5
914,1,43,1,1,3,3,34,43,60,180,4,5
915,1,453,3,1,3,3,58,47,60,180,1,5
916,13,256,13,2,3,1,15,26,300,420,1,5
917,11,518,13,1,3,2,54,47,0,300,2,5
918,11,465,12,1,3,1,76,5,180,300,4,5
919,5,392,5,2,3,2,41,66,420,540,4,5
920,1,292,1,2,3,1,81,92,300,420,1,5
921,10,191,10,2,3,1,23,56,300,600,3,5
922,1,98,1,1,3,2,58,2,180,300,4,5
923,6,126,6,1,3,3,57,69,180,300,1,5
924,1,306,1,2,3,3,7,13,420,540,1,5
925,1,363,2,1,3,3,12,24,180,300,3,5
926,8,413,10,1,3,3,5,80,60,180,4,5
927,12,510,14,1,3,3,0,38,0,300,1,5
928,6,250,7,1,3,2,5,37,180,300,1,5
929,2,488,4,1,3,2,80,69,0,300,3,5
930,14,583,15,1,3,3,97,59,180,300,2,5
931,8,520,9,1,3,2,71,60,0,300,1,5
932,7,437,8,1,3,1,89,88,60,180,1,5
933,3,596,4,1,3,3,99,11,0,300,3,5
934,10,559,12,1,3,3,85,13,180,300,2,5
935,10,23,10,1,3,3,99,2,60,180,3,5
936,9,7,9,1,3,1,87,66,60,180,3,5
937,2,45,3,1,3,2,0,74,0,300,3,5
938,11,60,12,1,3,1,16,74,60,180,1,5
939,11,477,12,1,3,2,12,26,180,300,2,5
940,10,525,11,1,3,1,28,40,0,300,2,5
941,3,118,3,1,3,3,56,85,180,300,2,5
942,14,330,15,1,3,3,97,75,0,300,2,5
943,1,9,1,1,3,1,34,62,60,180,2,5
944,6,539,7,1,3,3,44,55,60,180,1,5
945,9,110,11,1,3,2,26,5,0,300,4,5
946,12,441,13,1,3,1,71,15,0,300,1,5
947,9,362,9,2,3,1,67,22,420,540,3,5
948,9,194,9,2,3,2,72,22,300,420,4,5
949,1,84,1,1,3,1,11,76,180,300,2,5
950,7,90,7,1,3,3,59,62,180,300,3,5
951,8,98,8,1,3,2,53,81,180,300,2,5
952,11,131,11,1,3,1,95,9,180,300,4,5
953,2,319,3,2,3,2,26,89,180,300,1,5
954,14,540,15,1,3,2,48,91,180,300,4,5
955,9,300,9,2,3,2,55,12,420,540,2,5
956,5,195,6,1,3,2,67,30,60,180,1,5
957,7,297,7,2,3,1,95,68,300,600,3,5
958,7,117,9,1,3,3,91,33,60,180,2,5
959,6,127,6,1,3,2,51,48,180,300,1,5
960,9,143,10,1,3,3,37,87,180,300,4,5
961,1,55,1,1,3,3,52,55,60,180,4,5
962,14,541,16,1,3,3,27,23,180,300,4,5
963,11,484,13,1,3,2,96,86,60,180,3,5
964,1,159,3,1,3,3,50,17,180,300,3,5
965,9,459,10,1,3,1,44,3,60,180,2,5
966,7,525,8,1,3,2,37,45,180,300,3,5
967,13,246,15,1,3,3,20,59,60,180,2,5
968,2,51,3,1,3,3,45,27,0,300,4,5
969,1,465,2,1,3,2,72,56,60,180,1,5
970,14,111,14,1,3,1,96,88,180,300,4,5
971,14,249,15,1,3,3,80,28,0,300,1,5
972,9,407,11,1,3,3,71,28,0,300,4,5
973,12,228,12,2,3,3,25,20,420,540,4,5
974,11,421,13,1,3,2,6,69,180,300,3,5
975,12,140,13,2,3,3,47,73,60,180,1,5
976,6,287,7,1,3,2,4,39,180,300,4,5
977,2,251,3,1,3,2,97,99,180,300,3,5
978,3,184,3,2,3,1,13,95,420,540,1,5
979,14,484,16,1,3,2,12,91,60,180,3,5
980,8,326,8,2,3,1,50,46,420,540,2,5
981,9,465,11,1,3,2,92,67,0,300,2,5
982,8,445,9,1,3,1,60,30,180,300,4,5
983,3,30,3,1,3,2,7,98,60,180,1,5
984,8,392,8,2,3,1,92,80,420,540,3,5
985,5,328,5,2,3,2,6,94,420,540,1,5
986,7,584,9,1,3,2,74,48,0,300,4,5
987,9,529,11,1,3,2,36,10,0,300,4,5
988,4,426,6,1,3,1,58,62,180,300,4,5
989,1,519,2,1,3,3,57,45,0,300,2,5
990,10,415,10,2,3,2,81,18,420,540,1,5
991,11,194,11,2,3,2,43,7,420,540,2,5
992,5,265,6,1,3,2,16,28,180,300,4,5
993,12,362,12,2,3,1,77,36,420,540,4,5
994,1,543,3,1,3,3,45,14,0,300,3,5
995,11,569,13,1,3,1,29,21,0,300,3,5
996,9,232,9,2,3,3,90,16,300,600,3,5
997,9,352,9,2,3,1,85,24,420,540,2,5
998,10,114,10,1,3,3,43,81,180,300,4,5
999,1,37,2,1,3,2,10,94,180,300,1,5
1000,7,251,7,2,3,3,98,3,300,600,3,5
1001,11,258,11,2,3,3,1,30,300,420,4,5
1002,5,23,5,1,3,1,70,90,60,180,2,5
1003,14,395,15,1,3,1,12,26,0,300,4,5
1004,2,598,3,1,3,3,97,52,0,300,1,5
1005,3,205,3,2,3,2,94,8,420,540,4,5
1006,5,35,5,1,3,3,68,64,60,180,1,5
1007,10,98,10,1,3,1,98,56,180,300,3,5
1008,14,54,16,1,3,3,8,2,180,300,1,5
1009,12,168,12,1,3,3,25,11,180,300,3,5
1010,10,125,12,1,3,3,3,51,0,300,1,5
1011,8,211,9,1,3,2,41,89,0,300,1,5
1012,1,560,2,1,3,2,44,13,0,300,1,5
1013,9,345,9,2,3,1,29,7,420,540,3,5
1014,2,267,2,2,3,2,25,60,300,600,1,5
1015,7,265,8,1,3,3,44,90,180,300,1,5
1016,2,590,3,1,3,3,12,7,180,300,3,5
1017,4,145,4,1,3,1,100,68,180,300,4,5
1018,2,585,4,1,3,3,94,40,180,300,1,5
1019,6,329,6,2,3,1,90,35,420,540,3,5
1020,8,52,8,1,3,2,12,29,60,180,3,5
1021,11,168,11,1,3,1,87,37,180,300,2,5
1022,12,513,13,1,3,1,15,69,60,180,3,5
1023,12,5,12,1,3,3,36,83,60,180,2,5
1024,10,331,11,1,3,1,7,95,60,180,1,5
1025,1,486,3,1,3,1,82,87,60,180,4,5
1026,2,459,3,1,3,3,23,54,180,300,1,5
1027,8,501,9,1,3,1,39,99,180,300,2,5
1028,3,161,3,1,3,1,36,33,180,300,3,5
1029,6,491,7,1,3,3,8,3,0,300,1,5
1030,6,52,7,1,3,3,41,46,0,300,2,5
1031,7,156,7,1,3,1,25,15,180,300,1,5
1032,10,58,10,1,3,1,70,44,60,180,4,5
1033,8,132,8,1,3,3,60,100,180,300,2,5
1034,2,134,3,1,3,3,22,29,180,300,2,5
1035,12,316,12,2,3,1,91,6,420,540,4,5
1036,10,280,10,2,3,1,91,80,420,540,3,5
1037,1,585,2,1,3,1,25,68,60,180,3,5
1038,2,391,3,1,3,1,26,21,60,180,1,5
1039,8,26,8,1,3,2,23,25,60,180,3,5
1040,7,229,7,2,3,1,77,11,300,420,3,5
1041,9,215,10,1,3,2,79,18,60,180,4,5
1042,10,407,10,2,3,3,29,8,420,540,1,5
1043,12,419,13,1,3,3,4,97,0,300,1,5
1044,11,36,11,2,3,3,21,70,300,600,4,5
1045,8,300,8,2,3,3,47,73,300,600,4,5
1046,12,423,13,1,3,3,91,23,60,180,2,5
1047,12,25,12,1,3,2,55,45,60,180,4,5
1048,8,164,8,1,3,3,72,97,180,300,2,5
1049,10,229,10,2,3,3,88,66,420,540,4,5
1050,8,203,8,2,3,3,36,22,300,420,1,5
1051,2,446,4,1,3,1,41,45,180,300,4,5
1052,9,100,10,1,3,3,97,84,180,300,2,5
1053,6,169,6,1,3,2,72,75,180,300,4,5
1054,13,328,13,2,3,2,72,14,420,540,1,5
1055,13,209,14,2,3,3,20,30,0,300,1,5
1056,2,393,2,2,3,2,54,11,420,540,3,5
1057,11,26,11,1,3,2,19,1,60,180,2,5
1058,10,413,12,1,3,2,52,16,180,300,4,5
1059,6,77,6,1,3,3,16,3,180,300,2,5
1060,10,376,11,1,3,2,36,36,60,180,3,5
1061,14,474,15,1,3,1,16,16,0,300,4,5
1062,8,267,8,2,3,3,4,32,300,600,4,5
1063,3,365,4,1,3,1,9,80,0,300,2,5
1064,10,363,10,2,3,2,77,12,420,540,1,5
1065,14,62,14,1,3,1,46,3,180,300,3,5
1066,11,398,11,2,3,1,39,61,420,540,3,5
1067,8,99,8,1,3,1,47,80,180,300,2,5
1068,9,556,10,1,3,2,60,71,0,300,1,5
1069,8,553,9,1,3,3,58,9,180,300,4,5
1070,13,191,13,2,3,1,45,16,420,540,4,5
1071,1,341,2,1,3,1,64,19,0,300,4,5
1072,2,574,3,1,3,2,6,89,0,300,4,5
1073,8,325,9,1,3,2,94,15,180,300,4,5
1074,3,361,3,2,3,2,0,80,420,540,2,5
1075,7,363,7,2,3,3,31,72,420,540,2,5
1076,5,282,5,2,3,2,88,72,300,600,3,5
1077,9,275,9,2,3,2,64,52,420,540,3,5
1078,7,55,7,1,3,2,76,89,60,180,4,5
1079,4,593,6,1,3,3,65,46,60,180,4,5
1080,12,409,12,2,3,3,48,45,420,540,3,5
1081,3,217,3,2,3,2,15,2,300,600,1,5
1082,5,464,7,1,3,2,16,38,0,300,1,5
1083,12,8,12,1,3,1,63,51,60,180,1,5
1084,14,46,14,1,3,2,13,52,60,180,3,5
1085,8,79,9,1,3,1,84,42,180,300,3,5
1086,1,417,1,2,3,3,26,64,420,540,1,5
1087,4,268,5,1,3,3,82,58,180,300,2,5
1088,3,549,5,1,3,2,91,100,60,180,3,5
1089,4,50,4,1,3,3,43,60,60,180,3,5
1090,8,72,9,1,3,3,58,46,0,300,1,5
1091,6,33,6,1,3,1,58,84,60,180,2,5
1092,3,304,3,2,3,2,100,32,420,540,3,5
1093,5,144,5,2,3,1,42,67,420,540,4,5
1094,10,272,10,2,3,1,34,77,300,600,1,5
1095,11,332,11,2,3,1,1,71,420,540,3,5
1096,10,368,10,2,3,1,83,45,420,540,2,5
1097,13,573,14,1,3,1,75,97,180,300,2,5
1098,9,403,10,2,3,3,53,10,420,540,2,5
1099,11,366,12,1,3,1,19,97,180,300,3,5
1100,12,70,12,1,3,1,28,100,180,300,1,5
1101,11,407,11,2,3,1,24,19,420,540,3,5
1102,4,402,4,2,3,2,6,39,420,540,4,5
1103,7,218,9,1,3,1,3,31,180,300,1,5
1104,11,230,11,2,3,1,61,53,420,540,1,5
1105,3,563,5,1,3,3,53,89,180,300,3,5
1106,6,566,8,1,3,2,57,32,60,180,3,5
1107,4,177,4,1,3,1,92,57,180,300,3,5
1108,14,391,15,1,3,1,30,78,180,300,4,5
1109,13,251,13,2,3,3,68,43,300,600,4,5
1110,6,597,8,1,3,3,1,37,60,180,3,5
1111,12,594,13,1,3,3,83,33,60,180,2,5
1112,3,123,3,1,3,2,26,83,180,300,3,5
1113,8,532,10,1,3,1,94,63,0,300,2,5
1114,3,56,4,1,3,1,49,34,180,300,1,5
1115,10,565,12,1,3,2,40,9,0,300,2,5
1116,13,244,14,1,3,2,59,41,60,180,4,5
1117,9,526,10,1,3,3,52,17,180,300,3,5
1118,14,514,15,1,3,3,52,53,60,180,2,5
1119,3,321,3,2,3,1,88,98,420,540,3,5
1120,6,387,6,2,3,1,79,9,420,540,4,5
1121,3,545,5,1,3,2,13,83,180,300,3,5
1122,11,305,12,1,3,2,69,58,0,300,2,5
1123,14,264,15,1,3,2,55,73,0,300,1,5
1124,10,589,11,1,3,3,24,95,60,180,3,5
1125,5,550,7,1,3,3,10,93,0,300,3,5
1126,7,502,8,1,3,2,3,13,0,300,3,5
1127,10,209,10,2,3,3,23,53,420,540,1,5
1128,5,559,7,1,3,1,90,24,180,300,1,5
1129,1,12,1,1,3,1,20,87,60,180,1,5
1130,4,546,5,1,3,1,61,11,0,300,3,5
1131,4,477,6,1,3,1,71,20,0,300,2,5
1132,13,383,13,2,3,1,96,15,420,540,3,5
1133,10,351,10,2,3,2,6,86,420,540,4,5
1134,12,37,12,1,3,1,18,52,60,180,4,5
1135,12,50,12,1,3,3,93,51,60,180,3,5
1136,3,305,3,2,3,3,67,7,420,540,1,5
1137,10,533,11,1,3,2,76,34,0,300,4,5
1138,11,574,13,2,3,3,59,8,420,540,1,5
1139,5,141,5,1,3,2,92,19,180,300,2,5
1140,8,309,9,1,3,2,51,93,180,300,4,5
1141,8,437,10,1,3,3,32,50,60,180,4,5
1142,5,83,5,1,3,2,79,32,180,300,3,5
1143,3,314,3,2,3,1,31,25,420,540,3,5
1144,9,304,9,2,3,3,91,98,420,540,1,5
1145,2,278,2,2,3,1,83,53,300,600,2,5
1146,4,178,4,1,3,1,1,79,180,300,2,5
1147,6,182,6,2,3,1,95,90,420,540,3,5
1148,14,552,16,1,3,1,62,34,60,180,4,5
1149,14,219,15,1,3,1,12,83,0,300,4,5
1150,8,157,9,1,3,1,47,30,180,300,2,5
1151,3,462,4,1,3,1,29,88,180,300,3,5
1152,11,507,12,1,3,3,81,27,180,300,2,5
1153,7,100,8,2,3,3,80,69,0,300,4,5
1154,7,37,7,1,3,3,14,57,60,180,4,5
1155,5,428,7,1,3,3,34,84,60,180,4,5
1156,5,498,7,1,3,2,53,51,180,300,1,5
1157,2,222,2,2,3,3,57,66,420,540,4,5
1158,11,195,12,2,3,3,78,27,180,300,1,5
1159,10,291,11,1,3,1,18,50,180,300,2,5
1160,2,374,2,2,3,1,21,97,420,540,1,5
1161,4,372,5,1,3,3,62,65,180,300,2,5
1162,10,360,12,1,3,1,34,73,60,180,1,5
1163,5,8,6,2,3,3,88,13,0,300,1,5
1164,6,189,6,2,3,1,23,50,300,600,3,5
1165,7,530,9,1,3,3,54,69,60,180,2,5
1166,7,587,9,1,3,1,79,49,0,300,1,5
1167,11,544,13,2,3,1,75,7,420,540,2,5
1168,3,141,4,1,3,3,39,84,180,300,2,5
1169,12,29,13,1,3,3,37,72,60,180,1,5
1170,8,433,9,2,3,2,46,78,300,420,2,5
1171,4,95,5,1,3,3,43,91,180,300,1,5
1172,10,425,11,1,3,3,41,27,180,300,1,5
1173,13,561,14,1,3,3,15,84,180,300,3,5
1174,1,598,2,1,3,3,36,71,60,180,2,5
1175,13,587,14,1,3,2,87,80,180,300,4,5
1176,3,573,4,1,3,1,88,41,0,300,1,5
1177,4,262,4,2,3,1,49,63,300,600,4,5
1178,12,175,12,1,3,2,51,43,180,300,2,5
1179,1,266,1,2,3,2,68,33,300,600,3,5
1180,14,28,14,1,3,3,56,1,60,180,2,5
1181,7,174,8,1,3,3,52,68,0,300,3,5
1182,3,562,4,2,3,3,51,68,60,180,3,5
1183,1,80,3,2,3,2,85,44,420,540,3,5
1184,10,91,11,1,3,3,11,84,180,300,1,5
1185,1,329,2,1,3,2,65,26,180,300,2,5
1186,10,278,11,1,3,1,0,39,60,180,1,5
1187,11,34,12,1,3,1,100,24,0,300,1,5
1188,7,100,8,1,3,3,64,84,0,300,3,5
1189,5,30,6,1,3,2,8,4,180,300,1,5
1190,7,88,7,1,3,3,50,81,180,300,2,5
1191,14,150,15,1,3,3,13,60,60,180,1,5
1192,3,165,3,1,3,2,37,82,180,300,4,5
1193,9,526,10,1,3,2,57,88,180,300,4,5
1194,7,539,9,1,3,3,22,92,60,180,2,5
1195,4,226,4,2,3,1,7,82,420,540,4,5
1196,5,546,6,1,3,3,67,28,60,180,1,5
1197,8,560,9,1,3,2,33,4,0,300,4,5
1198,14,509,15,1,3,2,48,91,60,180,1,5
1199,11,126,11,1,3,1,74,83,180,300,4,5
1200,8,181,9,1,3,1,51,88,60,180,4,5
1201,11,481,12,1,3,1,42,90,180,300,4,5
1202,8,151,8,1,3,1,54,41,180,300,3,5
1203,1,36,2,1,3,1,3,28,60,180,3,5
1204,4,146,4,1,3,2,79,47,180,300,1,5
1205,8,495,10,1,3,2,74,16,0,300,2,5
1206,6,584,8,1,3,3,22,22,180,300,2,5
1207,2,53,3,1,3,1,94,59,60,180,3,5
1208,1,300,1,2,3,3,33,19,300,600,2,5
1209,13,151,13,2,3,2,27,91,300,420,3,5
1210,1,112,1,2,3,2,19,7,180,300,4,5
1211,2,594,3,1,3,1,13,92,0,300,3,5
1212,10,85,11,1,3,2,100,33,60,180,1,5
1213,10,581,11,1,3,3,62,21,180,300,3,5
1214,1,171,1,1,3,1,7,21,180,300,2,5
1215,3,544,4,1,3,2,7,76,60,180,1,5
1216,5,554,7,1,3,3,57,83,180,300,2,5
1217,1,578,2,1,3,1,47,62,60,180,4,5
1218,5,432,6,1,3,3,6,92,60,180,4,5
1219,12,420,13,1,3,3,7,68,180,300,1,5
1220,5,420,5,2,3,1,49,3,420,540,2,5
1221,5,232,6,1,3,2,51,10,180,300,4,5
1222,9,440,10,1,3,2,4,65,180,300,3,5
1223,1,4,1,1,3,2,3,1,60,180,4,5
1224,6,42,6,1,3,2,76,48,60,180,3,5
1225,1,397,2,1,3,3,9,52,60,180,4,5
1226,13,245,14,1,3,1,60,15,60,180,1,5
1227,7,564,9,1,3,3,29,90,180,300,2,5
1228,6,57,6,1,3,2,16,51,60,180,3,5
1229,2,443,4,1,3,1,91,61,60,180,3,5
1230,7,466,8,1,3,1,79,84,60,180,2,5
1231,14,586,15,1,3,3,18,83,180,300,2,5
1232,8,168,8,1,3,3,36,16,180,300,4,5
1233,4,46,6,1,3,2,90,73,60,180,1,5
1234,10,564,12,1,3,3,55,31,60,180,1,5
1235,9,419,9,2,3,1,71,9,420,540,3,5
1236,4,416,4,2,3,3,46,91,420,540,4,5
1237,14,37,14,1,3,3,33,49,60,180,1,5
1238,1,183,1,2,3,1,93,62,420,540,4,5
1239,2,304,2,2,3,2,8,28,420,540,3,5
1240,4,473,5,1,3,1,81,54,0,300,3,5
1241,12,363,12,2,3,2,2,72,420,540,2,5
1242,9,401,10,1,3,1,64,20,180,300,4,5
1243,11,36,11,1,3,1,82,94,60,180,2,5
1244,8,195,8,2,3,1,19,52,300,600,4,5
1245,8,134,8,1,3,2,99,87,180,300,1,5
1246,5,278,5,2,3,1,50,12,300,600,2,5
1247,1,97,2,1,3,2,93,94,60,180,1,5
1248,14,401,15,1,3,3,92,56,0,300,1,5
1249,12,546,14,1,3,3,45,82,180,300,4,5
1250,3,301,3,2,3,1,28,34,420,540,4,5
1251,7,410,7,2,3,1,64,50,420,540,2,5
1252,12,223,14,1,3,3,86,71,60,180,1,5
1253,8,85,9,1,3,3,61,87,180,300,2,5
1254,9,363,9,2,3,1,15,76,420,540,4,5
1255,13,396,14,1,3,3,18,19,60,180,2,5
1256,5,303,5,2,3,3,16,3,420,540,1,5
1257,12,185,13,1,3,1,94,25,0,300,3,5
1258,14,32,15,1,3,3,80,50,180,300,4,5
1259,3,137,4,1,3,1,74,75,0,300,2,5
1260,13,394,14,1,3,3,91,99,180,300,1,5
1261,4,477,5,1,3,2,97,16,0,300,4,5
1262,5,498,7,1,3,1,88,100,180,300,4,5
1263,8,314,8,2,3,1,58,24,420,540,4,5
1264,8,347,10,1,3,1,21,63,180,300,1,5
1265,3,77,3,1,3,3,30,7,180,300,3,5
1266,5,488,7,1,3,2,0,8,60,180,1,5
1267,5,363,5,2,3,1,65,57,420,540,2,5
1268,10,458,12,1,3,3,60,50,0,300,1,5
1269,12,199,13,1,3,2,74,12,180,300,3,5
1270,11,379,11,2,3,3,42,61,420,540,3,5
1271,9,1,9,1,3,2,48,84,60,180,3,5
1272,6,397,8,1,3,1,32,5,180,300,3,5
1273,3,559,4,1,3,1,4,83,0,300,1,5
1274,11,472,12,1,3,1,52,44,180,300,1,5
1275,12,13,12,1,3,1,72,32,60,180,4,5
1276,8,381,9,1,3,2,61,92,180,300,2,5
1277,9,464,10,1,3,3,31,42,0,300,4,5
1278,10,333,10,2,3,2,42,84,420,540,4,5
1279,1,523,2,1,3,2,26,62,60,180,1,5
1280,7,186,7,2,3,1,93,0,300,600,4,5
1281,11,517,13,1,3,3,3,6,0,300,2,5
1282,3,144,3,1,3,3,11,19,180,300,4,5
1283,4,571,6,1,3,1,36,13,60,180,3,5
1284,6,552,7,1,3,3,93,18,60,180,2,5
1285,6,20,8,1,3,1,93,8,60,180,2,5
1286,11,592,12,1,3,3,77,30,0,300,1,5
1287,5,356,5,2,3,3,21,29,420,540,1,5
1288,9,359,11,1,3,3,79,24,60,180,3,5
1289,7,299,7,2,3,2,75,45,300,600,3,5
1290,1,201,1,2,3,2,82,14,300,420,3,5
1291,2,326,2,2,3,1,17,20,420,540,3,5
1292,12,152,12,1,3,2,83,50,180,300,2,5
1293,6,235,7,1,3,2,93,60,60,180,1,5
1294,9,91,9,1,3,2,80,43,180,300,1,5
1295,5,231,6,1,3,3,49,100,60,180,3,5
1296,7,305,8,1,3,2,70,62,180,300,3,5
1297,8,431,9,1,3,2,64,66,180,300,1,5
1298,10,11,12,1,3,3,10,88,180,300,3,5
1299,12,554,13,1,3,2,12,48,0,300,1,5
1300,9,477,10,1,3,2,16,95,0,300,2,5
1301,9,517,10,1,3,3,31,21,180,300,4,5
1302,10,425,12,1,3,2,26,40,180,300,4,5
1303,13,377,13,2,3,2,1,11,420,540,4,5
1304,2,87,3,1,3,1,88,43,0,300,4,5
1305,11,133,12,1,3,3,91,32,60,180,4,5
1306,4,369,5,1,3,3,15,34,60,180,3,5
1307,14,361,14,2,3,1,51,92,420,540,4,5
1308,10,17,10,1,3,3,46,53,60,180,4,5
1309,11,299,11,2,3,2,18,17,300,420,2,5
1310,8,174,8,1,3,1,93,56,180,300,2,5
1311,2,141,2,1,3,2,45,5,180,300,1,5
1312,8,285,8,2,3,2,63,40,300,600,2,5
1313,8,176,8,1,3,3,80,67,180,300,2,5
1314,12,356,12,2,3,3,57,95,420,540,1,5
1315,9,424,10,1,3,1,13,99,0,300,3,5
1316,3,257,4,1,3,1,20,4,60,180,4,5
1317,9,127,9,1,3,3,21,47,180,300,1,5
1318,6,501,7,2,3,1,30,22,300,420,1,5
1319,9,76,9,1,3,2,24,64,180,300,1,5
1320,8,487,10,1,3,2,36,29,60,180,1,5
1321,5,202,5,2,3,1,14,64,300,600,4,5
1322,7,528,9,1,3,3,0,61,60,180,1,5
1323,6,394,7,1,3,1,35,70,60,180,3,5
1324,5,359,5,2,3,1,54,63,420,540,1,5
1325,10,558,12,1,3,3,97,23,180,300,3,5
1326,12,345,12,2,3,2,57,88,420,540,3,5
1327,13,376,13,2,3,2,28,99,420,540,4,5
1328,5,390,5,2,3,3,46,49,420,540,4,5
1329,12,164,12,2,3,3,3,3,300,600,2,5
1330,4,578,6,1,3,3,60,37,60,180,4,5
1331,8,384,8,2,3,2,69,31,420,540,3,5
1332,13,527,15,1,3,3,38,4,0,300,4,5
1333,5,454,7,1,3,3,48,56,180,300,3,5
1334,5,102,5,1,3,2,18,89,180,300,1,5
1335,4,142,5,1,3,2,21,86,60,180,2,5
1336,5,537,6,1,3,2,87,25,60,180,3,5
1337,3,598,4,1,3,1,67,44,60,180,2,5
1338,6,440,8,1,3,2,6,91,60,180,1,5
1339,6,444,8,1,3,3,27,0,180,300,4,5
1340,6,21,8,1,3,3,24,62,0,300,2,5
1341,4,185,4,2,3,1,47,5,420,540,3,5
1342,1,77,2,1,3,1,23,73,180,300,4,5
1343,4,85,4,1,3,3,80,15,180,300,2,5
1344,10,6,10,1,3,2,88,70,60,180,1,5
1345,12,41,12,1,3,1,6,34,60,180,3,5
1346,6,155,7,1,3,3,34,92,60,180,2,5
1347,2,540,3,1,3,3,42,26,180,300,2,5
1348,10,471,12,1,3,3,11,48,180,300,1,5
1349,8,33,8,1,3,1,9,7,60,180,2,5
1350,8,4,8,1,3,3,100,0,60,180,3,5
1351,4,440,6,1,3,2,52,19,0,300,4,5
1352,11,544,12,1,3,1,12,82,60,180,1,5
1353,9,56,9,1,3,1,88,26,60,180,2,5
1354,10,67,10,1,3,3,74,42,180,300,2,5
1355,1,413,1,2,3,1,89,6,420,540,4,5
1356,5,36,5,1,3,1,56,10,60,180,4,5
1357,5,555,7,1,3,3,55,65,0,300,3,5
1358,11,514,13,1,3,1,34,16,0,300,4,5
1359,14,40,15,1,3,1,10,5,60,180,1,5
1360,1,179,1,1,3,2,63,59,180,300,3,5
1361,14,588,16,1,3,3,57,6,60,180,1,5
1362,2,12,3,2,3,3,38,8,300,600,3,5
1363,6,218,6,2,3,1,24,100,420,540,1,5
1364,9,286,10,1,3,2,86,32,0,300,4,5
1365,3,182,3,2,3,3,31,83,300,600,3,5
1366,13,60,13,1,3,1,54,33,180,300,4,5
1367,5,219,6,1,3,3,1,1,180,300,4,5
1368,1,489,3,1,3,3,75,77,0,300,3,5
1369,10,554,12,1,3,1,33,38,0,300,1,5
1370,13,495,14,1,3,2,50,9,0,300,1,5
1371,4,286,5,1,3,1,71,95,180,300,2,5
1372,3,591,4,1,3,2,45,17,0,300,2,5
1373,13,434,15,1,3,1,6,19,60,180,1,5
1374,2,167,2,1,3,2,68,18,180,300,3,5
1375,6,408,6,2,3,2,8,87,420,540,1,5
1376,10,268,11,1,3,1,15,40,180,300,4,5
1377,14,321,14,2,3,1,13,82,420,540,4,5
1378,11,180,11,1,3,1,7,36,180,300,1,5
1379,11,585,13,1,3,1,83,10,180,300,4,5
1380,11,293,12,1,3,2,8,78,180,300,1,5
1381,11,91,11,1,3,3,16,96,180,300,3,5
1382,2,221,2,2,3,3,79,28,420,540,1,5
1383,6,111,7,1,3,1,43,25,60,180,3,5
1384,8,346,8,2,3,2,80,80,420,540,2,5
1385,11,25,12,1,3,3,70,90,180,300,3,5
1386,4,553,5,1,3,3,32,68,60,180,3,5
1387,6,144,6,1,3,2,27,33,180,300,2,5
1388,6,393,7,1,3,3,62,87,180,300,1,5
1389,5,211,6,1,3,3,43,28,60,180,1,5
1390,8,231,8,2,3,2,12,48,420,540,3,5
1391,4,281,5,1,3,3,24,93,180,300,4,5
1392,10,72,10,1,3,1,64,12,180,300,3,5
1393,8,506,9,1,3,1,54,61,60,180,3,5
1394,5,84,5,1,3,1,69,76,180,300,1,5
1395,6,376,7,1,3,2,12,96,180,300,3,5
1396,11,396,11,2,3,1,56,47,420,540,1,5
1397,4,69,4,1,3,1,77,33,180,300,1,5
1398,7,330,7,2,3,1,48,39,420,540,2,5
1399,9,325,10,1,3,3,42,15,60,180,1,5
1400,10,222,10,2,3,2,62,27,420,540,4,5
1401,6,251,7,1,3,2,35,18,60,180,3,5
1402,3,426,4,1,3,2,85,60,60,180,1,5
1403,11,445,13,1,3,1,84,87,0,300,2,5
1404,12,397,12,2,3,1,77,63,420,540,4,5
1405,7,424,9,1,3,3,30,74,60,180,4,5
1406,14,465,16,1,3,2,66,93,180,300,4,5
1407,7,11,7,1,3,3,89,15,60,180,2,5
1408,7,185,7,2,3,3,47,38,420,540,1,5
1409,12,252,12,2,3,1,38,8,420,540,3,5
1410,10,57,10,2,3,2,62,87,0,300,3,5
1411,4,390,5,1,3,1,36,34,60,180,1,5
1412,5,97,6,1,3,3,28,88,60,180,2,5
1413,11,339,11,2,3,1,7,60,420,540,4,5
1414,9,466,10,1,3,3,66,2,0,300,2,5
1415,13,330,13,2,3,1,4,70,420,540,1,5
1416,11,244,11,2,3,1,9,80,300,420,2,5
1417,9,578,10,1,3,1,13,16,60,180,1,5
1418,3,19,3,1,3,3,20,81,60,180,3,5
1419,6,83,6,1,3,2,57,57,180,300,2,5
1420,12,26,12,1,3,1,93,58,60,180,1,5
1421,8,423,10,1,3,2,80,3,60,180,4,5
1422,14,270,15,1,3,2,21,76,180,300,4,5
1423,8,202,8,2,3,2,18,61,420,540,2,5
1424,3,161,3,1,3,1,39,8,180,300,4,5
1425,13,244,13,2,3,2,73,3,300,600,2,5
1426,10,93,11,1,3,2,7,67,180,300,3,5
1427,3,330,4,1,3,1,98,22,60,180,4,5
1428,1,204,1,2,3,1,56,34,420,540,4,5
1429,11,435,12,1,3,2,97,25,180,300,1,5
1430,2,360,3,1,3,1,39,51,180,300,3,5
1431,11,546,12,1,3,1,57,87,0,300,4,5
1432,10,329,11,1,3,1,62,96,180,300,4,5
1433,2,557,4,1,3,3,95,2,180,300,1,5
1434,3,548,4,1,3,2,64,20,0,300,3,5
1435,11,230,11,2,3,3,7,92,420,540,2,5
1436,5,63,5,1,3,1,98,28,180,300,2,5
1437,7,138,8,1,3,3,80,95,180,300,4,5
1438,4,400,4,2,3,3,68,80,420,540,2,5
1439,1,95,2,1,3,3,10,22,180,300,3,5
1440,10,163,11,1,3,3,77,49,0,300,3,5
1441,4,112,5,1,3,3,64,79,180,300,2,5
1442,6,47,6,1,3,2,75,42,60,180,1,5
1443,12,56,12,1,3,2,62,22,60,180,3,5
1444,11,442,12,1,3,1,28,58,60,180,2,5
1445,4,293,4,2,3,3,76,65,300,420,2,5
1446,3,378,3,2,3,2,13,64,420,540,3,5
1447,5,274,5,2,3,1,38,23,300,420,3,5
1448,7,539,9,1,3,2,48,3,60,180,2,5
1449,10,380,11,1,3,2,31,84,0,300,3,5
1450,13,511,14,2,3,1,24,51,0,300,3,5
1451,7,373,7,2,3,3,81,89,420,540,2,5
1452,12,164,12,1,3,3,46,36,180,300,3,5
1453,13,431,14,1,3,1,33,14,60,180,1,5
1454,8,90,9,1,3,2,17,57,0,300,3,5
1455,12,585,14,1,3,3,46,40,0,300,1,5
1456,5,151,6,1,3,3,46,80,60,180,3,5
1457,2,557,4,1,3,3,74,82,180,300,3,5
1458,11,331,12,1,3,1,38,64,60,180,3,5
1459,13,573,14,1,3,3,46,72,0,300,1,5
1460,8,475,9,1,3,1,33,53,60,180,4,5
1461,2,60,3,1,3,3,26,23,0,300,4,5
1462,8,296,8,2,3,2,33,97,420,540,2,5
1463,10,8,11,1,3,1,65,61,60,180,1,5
1464,2,230,2,2,3,1,28,2,300,420,1,5
1465,1,34,1,1,3,1,66,58,60,180,4,5
1466,4,292,4,2,3,2,89,52,300,600,4,5
1467,5,3,6,1,3,1,31,37,0,300,2,5
1468,9,502,11,1,3,3,72,81,0,300,3,5
1469,5,44,6,1,3,1,12,74,180,300,1,5
1470,8,81,8,1,3,2,8,90,180,300,3,5
1471,10,281,11,1,3,3,68,19,60,180,4,5
1472,9,11,9,1,3,3,52,16,60,180,2,5
1473,1,391,2,1,3,3,31,42,0,300,2,5
1474,2,54,3,1,3,1,24,37,60,180,1,5
1475,3,106,3,1,3,1,48,56,180,300,4,5
1476,7,113,7,1,3,3,60,1,180,300,1,5
1477,10,281,11,1,3,3,61,54,0,300,1,5
1478,8,48,9,1,3,1,54,4,180,300,3,5
1479,14,295,14,2,3,1,78,53,420,540,3,5
1480,10,345,11,1,3,2,42,52,180,300,2,5
1481,11,136,11,1,3,2,67,88,180,300,4,5
1482,10,115,10,1,3,2,60,15,180,300,3,5
1483,12,435,14,1,3,3,75,12,0,300,2,5
1484,14,92,14,1,3,3,79,19,180,300,1,5
1485,9,350,10,1,3,3,19,6,60,180,3,5
1486,2,215,2,2,3,1,33,19,300,600,4,5
1487,8,303,8,2,3,2,4,77,420,540,3,5
1488,10,496,11,1,3,3,28,87,60,180,4,5
1489,5,295,5,2,3,3,55,74,300,420,1,5
1490,7,59,7,2,3,2,44,7,0,300,3,5
1491,4,408,5,1,3,1,32,30,180,300,3,5
1492,3,34,4,1,3,2,35,31,180,300,3,5
1493,13,463,14,1,3,3,60,4,0,300,1,5
1494,11,353,11,2,3,2,24,20,420,540,2,5
1495,7,133,8,1,3,1,23,39,180,300,2,5
1496,8,392,8,2,3,2,77,33,420,540,2,5
1497,5,404,5,2,3,2,18,79,420,540,3,5
1498,2,396,3,1,3,2,45,37,0,300,3,5
1499,1,597,3,1,3,3,42,41,180,300,1,5
1500,10,49,10,2,3,1,49,45,0,300,4,5
1501,7,396,8,1,3,2,8,82,180,300,4,5
1502,3,158,3,1,3,3,6,20,180,300,4,5
1503,11,411,11,2,3,3,68,3,420,540,4,5
1504,7,389,7,2,3,1,24,41,420,540,3,5
1505,5,65,6,1,3,1,41,50,180,300,1,5
1506,10,125,10,1,3,1,71,39,180,300,1,5
1507,2,15,3,1,3,2,40,99,0,300,2,5
1508,5,198,6,1,3,3,92,50,60,180,3,5
1509,5,114,5,1,3,2,2,17,180,300,2,5
1510,9,90,9,2,3,2,70,84,300,600,1,5
1511,1,347,1,2,3,2,97,83,420,540,4,5
1512,9,380,9,2,3,1,75,49,420,540,1,5
1513,2,502,3,1,3,3,29,62,0,300,2,5
1514,5,562,7,1,3,1,43,11,180,300,1,5
1515,11,156,11,1,3,1,3,54,180,300,4,5
1516,9,85,9,1,3,3,58,4,180,300,4,5
1517,4,332,4,2,3,1,38,74,420,540,3,5
1518,12,31,12,1,3,1,66,82,60,180,2,5
1519,5,119,6,1,3,3,79,54,0,300,2,5
1520,11,401,12,2,3,1,19,29,420,540,1,5
1521,13,302,13,2,3,2,93,77,420,540,2,5
1522,2,190,3,1,3,2,59,7,180,300,3,5
1523,14,392,14,2,3,1,8,98,420,540,2,5
1524,8,512,9,1,3,1,100,40,60,180,4,5
1525,9,102,9,1,3,3,75,68,180,300,4,5
1526,1,263,2,1,3,2,53,65,60,180,3,5
1527,9,83,10,1,3,3,1,48,0,300,4,5
1528,12,258,12,2,3,3,98,73,420,540,1,5
1529,6,46,6,1,3,2,6,7,60,180,4,5
1530,12,506,13,1,3,2,71,31,180,300,2,5
1531,12,117,12,1,3,3,31,29,180,300,1,5
1532,12,315,12,2,3,3,99,42,420,540,3,5
1533,7,467,8,1,3,1,67,36,60,180,3,5
1534,8,146,8,1,3,3,32,61,180,300,4,5
1535,3,384,3,2,3,3,19,9,420,540,4,5
1536,1,33,1,1,3,1,44,61,60,180,2,5
1537,10,591,11,2,3,3,59,4,300,600,1,5
1538,1,486,2,1,3,1,12,86,180,300,3,5
1539,1,128,1,1,3,1,99,32,180,300,4,5
1540,13,48,14,1,3,3,20,29,0,300,2,5
1541,12,261,13,1,3,2,33,0,180,300,1,5
1542,11,544,12,1,3,1,0,71,0,300,1,5
1543,9,269,10,1,3,2,72,16,0,300,2,5
1544,9,586,11,1,3,2,40,98,60,180,4,5
1545,11,112,11,1,3,1,57,94,180,300,1,5
1546,11,284,11,2,3,3,15,27,300,420,4,5
1547,10,336,10,2,3,2,43,11,420,540,4,5
1548,4,194,4,2,3,3,99,54,420,540,1,5
1549,5,553,6,1,3,3,72,21,60,180,1,5
1550,13,111,13,1,3,1,82,97,180,300,2,5
1551,12,284,12,2,3,2,82,84,420,540,4,5
1552,12,499,13,1,3,2,63,37,60,180,3,5
1553,14,417,14,2,3,2,42,73,420,540,1,5
1554,3,454,4,1,3,1,73,34,0,300,2,5
1555,6,74,6,1,3,1,31,5,180,300,2,5
1556,10,545,12,1,3,3,96,64,180,300,2,5
1557,1,25,1,1,3,1,53,90,60,180,2,5
1558,4,60,5,1,3,2,79,18,60,180,1,5
1559,7,5,7,1,3,1,35,17,60,180,4,5
1560,1,395,2,1,3,1,11,33,180,300,2,5
1561,10,447,11,2,3,3,34,9,180,300,3,5
1562,2,350,3,1,3,1,99,71,0,300,4,5
1563,4,199,4,2,3,1,96,45,300,600,3,5
1564,2,155,2,1,3,2,28,94,180,300,2,5
1565,14,202,15,1,3,3,82,87,180,300,1,5
1566,9,392,9,2,3,3,6,64,420,540,2,5
1567,13,500,15,1,3,1,38,11,180,300,3,5
1568,7,576,9,1,3,2,54,59,0,300,2,5
1569,2,19,2,1,3,1,39,96,60,180,1,5
1570,5,600,6,1,3,1,69,88,0,300,3,5
1571,5,21,5,1,3,3,58,87,60,180,2,5
1572,1,285,3,1,3,3,35,33,60,180,3,5
1573,6,575,7,1,3,3,14,19,180,300,1,5
1574,9,59,9,1,3,1,66,76,60,180,2,5
1575,10,218,10,2,3,3,48,52,300,600,3,5
1576,12,93,12,1,3,3,64,93,180,300,1,5
1577,2,246,2,2,3,2,16,63,300,600,1,5
1578,1,564,2,1,3,2,78,80,180,300,1,5
1579,6,525,7,1,3,2,69,50,60,180,3,5
1580,14,365,15,1,3,1,51,49,0,300,4,5
1581,14,506,16,1,3,3,98,37,180,300,3,5
1582,7,416,7,2,3,2,92,92,420,540,3,5
1583,5,284,5,2,3,3,15,73,420,540,4,5
1584,7,290,7,2,3,3,22,84,300,420,3,5
1585,5,471,6,1,3,1,66,22,180,300,2,5
1586,4,123,5,1,3,3,48,70,60,180,3,5
1587,6,256,6,2,3,2,71,43,420,540,1,5
1588,1,165,1,1,3,1,66,40,180,300,2,5
1589,12,404,12,2,3,2,16,97,420,540,4,5
1590,11,485,12,1,3,1,58,73,180,300,1,5
1591,14,92,14,1,3,1,55,38,180,300,3,5
1592,10,39,10,1,3,2,73,37,60,180,1,5
1593,8,401,8,2,3,3,50,69,420,540,1,5
1594,9,350,10,1,3,2,63,28,180,300,4,5
1595,1,537,2,1,3,2,33,32,60,180,2,5
1596,12,187,12,2,3,3,85,7,420,540,2,5
1597,2,120,2,1,3,2,63,42,180,300,3,5
1598,10,473,12,1,3,3,35,42,0,300,3,5
1599,11,590,13,1,3,1,73,58,180,300,3,5
1600,3,138,3,1,3,1,28,88,180,300,3,5
1601,3,254,3,2,3,3,29,20,420,540,1,5
1602,4,467,6,1,3,3,6,54,60,180,3,5
1603,7,337,7,2,3,3,56,89,420,540,4,5
1604,11,170,12,1,3,1,64,73,60,180,2,5
1605,14,417,14,2,3,1,65,81,420,540,1,5
1606,10,333,10,2,3,2,19,88,420,540,4,5
1607,14,585,15,1,3,2,73,89,0,300,2,5
1608,12,423,13,1,3,3,34,96,180,300,3,5
1609,3,215,4,1,3,2,1,5,180,300,2,5
1610,10,171,11,1,3,2,89,52,180,300,4,5
1611,7,55,8,1,3,3,76,44,180,300,4,5
1612,7,594,8,1,3,3,53,2,60,180,4,5
1613,2,248,2,2,3,2,15,68,420,540,3,5
1614,6,296,6,2,3,1,7,37,420,540,1,5
1615,5,181,6,1,3,2,67,45,180,300,3,5
1616,14,355,15,1,3,2,30,12,0,300,1,5
1617,1,294,2,1,3,1,18,60,60,180,4,5
1618,5,180,6,1,3,1,26,78,180,300,3,5
1619,2,84,3,1,3,2,75,78,60,180,3,5
1620,14,33,14,1,3,3,28,42,60,180,1,5
1621,4,345,4,2,3,1,86,83,420,540,2,5
1622,2,323,2,2,3,3,62,68,420,540,4,5
1623,12,105,13,1,3,3,86,54,0,300,3,5
1624,11,228,12,1,3,2,56,82,60,180,1,5
1625,11,473,12,1,3,1,27,78,180,300,3,5
1626,6,477,8,1,3,1,65,77,0,300,1,5
1627,6,7,7,1,3,1,42,97,180,300,1,5
1628,13,445,14,1,3,1,36,82,180,300,3,5
1629,2,544,3,1,3,1,44,66,0,300,4,5
1630,13,580,14,1,3,2,70,80,60,180,1,5
1631,7,111,8,1,3,2,79,84,60,180,3,5
1632,8,297,8,2,3,2,94,90,300,600,2,5
1633,1,316,1,2,3,2,12,63,420,540,4,5
1634,14,54,15,1,3,3,32,35,0,300,1,5
1635,6,545,7,1,3,1,12,62,180,300,1,5
1636,1,300,1,2,3,3,17,34,420,540,1,5
1637,6,215,7,1,3,3,69,94,180,300,1,5
1638,11,532,13,1,3,3,92,89,60,180,1,5
1639,7,522,9,1,3,2,60,99,60,180,4,5
1640,13,120,13,1,3,1,94,65,180,300,4,5
1641,12,120,13,1,3,3,57,59,180,300,4,5
1642,8,484,9,1,3,1,15,51,0,300,3,5
1643,1,337,1,2,3,1,15,74,420,540,3,5
1644,13,37,13,1,3,1,63,12,60,180,1,5
1645,6,26,6,1,3,3,71,27,60,180,2,5
1646,10,557,11,1,3,2,48,49,180,300,4,5
1647,13,213,14,1,3,3,73,8,180,300,2,5
1648,5,411,5,2,3,2,96,62,420,540,4,5
1649,8,183,8,2,3,2,55,57,300,420,1,5
1650,10,135,10,2,3,1,7,62,420,540,1,5
1651,3,548,5,1,3,3,47,11,60,180,3,5
1652,9,44,9,1,3,3,44,70,60,180,2,5
1653,1,274,1,2,3,3,8,23,300,600,1,5
1654,14,250,14,2,3,1,57,26,300,420,1,5
1655,2,137,2,1,3,1,1,15,180,300,4,5
1656,9,108,9,1,3,3,71,92,180,300,3,5
1657,9,381,11,1,3,2,45,42,60,180,4,5
1658,14,136,15,1,3,3,52,9,180,300,2,5
1659,7,413,7,2,3,3,90,53,420,540,1,5
1660,9,453,10,1,3,2,66,24,0,300,4,5
1661,3,463,5,1,3,3,1,97,180,300,3,5
1662,12,375,14,1,3,1,4,80,0,300,4,5
1663,11,70,11,1,3,3,18,58,180,300,2,5
1664,4,537,6,1,3,3,96,7,0,300,2,5
1665,6,552,8,1,3,3,62,45,60,180,4,5
1666,7,584,9,1,3,1,50,52,60,180,2,5
1667,8,83,8,1,3,2,68,44,180,300,3,5
1668,9,418,9,2,3,2,73,57,420,540,4,5
1669,7,584,9,1,3,3,67,87,60,180,2,5
1670,3,496,4,1,3,3,9,57,0,300,3,5
1671,1,199,3,1,3,1,30,16,0,300,4,5
1672,13,530,14,1,3,2,20,72,60,180,4,5
1673,7,184,8,1,3,2,19,60,60,180,1,5
1674,7,106,7,1,3,1,11,96,180,300,4,5
1675,4,357,5,1,3,2,38,43,0,300,2,5
1676,12,240,12,2,3,1,72,1,420,540,3,5
1677,14,20,15,1,3,1,53,48,0,300,3,5
1678,2,110,2,2,3,2,41,51,180,300,1,5
1679,12,354,12,2,3,3,60,49,420,540,4,5
1680,14,338,14,2,3,1,0,5,420,540,1,5
1681,10,124,10,1,3,3,28,83,180,300,4,5
1682,3,198,3,2,3,1,69,13,420,540,2,5
1683,1,286,1,2,3,3,53,94,420,540,2,5
1684,6,585,8,1,3,2,18,39,60,180,4,5
1685,7,73,7,1,3,1,74,65,180,300,4,5
1686,3,446,5,1,3,1,42,23,180,300,3,5
1687,10,503,12,1,3,3,28,70,0,300,3,5
1688,6,68,6,1,3,2,16,13,180,300,2,5
1689,14,339,15,1,3,1,3,87,60,180,4,5
1690,8,529,10,1,3,1,28,89,0,300,4,5
1691,8,274,8,2,3,2,45,13,300,600,2,5
1692,1,338,2,1,3,2,94,71,60,180,3,5
1693,1,366,2,1,3,1,61,54,0,300,4,5
1694,7,427,8,1,3,3,90,14,0,300,2,5
1695,12,337,13,1,3,1,95,43,0,300,3,5
1696,10,441,11,1,3,1,73,79,60,180,2,5
1697,1,95,1,1,3,1,48,82,180,300,1,5
1698,5,210,5,2,3,2,3,95,420,540,2,5
1699,3,129,3,1,3,1,97,16,180,300,4,5
1700,7,554,8,1,3,2,72,14,0,300,3,5
1701,13,470,14,1,3,2,56,74,60,180,1,5
1702,9,89,9,1,3,1,92,12,180,300,2,5
1703,14,129,15,1,3,3,6,5,180,300,4,5
1704,1,22,2,1,3,2,41,79,180,300,1,5
1705,13,290,14,1,3,2,49,4,60,180,3,5
1706,3,216,3,2,3,3,34,37,300,600,1,5
1707,6,101,7,1,3,1,78,19,180,300,1,5
1708,6,357,6,2,3,3,52,30,420,540,2,5
1709,3,314,3,2,3,2,96,6,420,540,1,5
1710,12,599,14,2,3,1,36,40,60,180,4,5
1711,10,85,10,1,3,1,20,57,180,300,4,5
1712,2,137,3,1,3,3,49,24,180,300,3,5
1713,9,59,9,1,3,3,95,3,60,180,2,5
1714,13,454,14,1,3,2,99,61,180,300,4,5
1715,2,271,2,2,3,3,69,50,420,540,4,5
1716,12,339,12,2,3,2,50,46,420,540,2,5
1717,5,335,5,2,3,1,57,7,420,540,3,5
1718,7,7,7,1,3,1,16,53,60,180,2,5
1719,10,294,11,1,3,2,63,45,0,300,2,5
1720,11,45,12,2,3,2,50,5,300,420,3,5
1721,10,214,10,2,3,1,7,74,300,600,4,5
1722,9,165,9,1,3,2,17,56,180,300,4,5
1723,13,526,14,1,3,2,90,66,0,300,3,5
1724,10,87,11,1,3,3,98,45,60,180,4,5
1725,12,336,13,1,3,1,19,32,180,300,1,5
1726,5,502,6,1,3,1,67,96,180,300,1,5
1727,2,10,3,1,3,3,42,100,180,300,4,5
1728,2,491,4,1,3,2,69,0,0,300,2,5
1729,14,402,15,1,3,3,58,41,180,300,2,5
1730,14,199,14,2,3,3,84,4,420,540,3,5
1731,1,545,3,1,3,2,20,19,180,300,4,5
1732,9,76,9,1,3,2,24,55,180,300,3,5
1733,11,23,11,1,3,1,73,52,60,180,1,5
1734,2,324,2,2,3,2,8,26,420,540,1,5
1735,3,588,5,1,3,3,86,52,60,180,1,5
1736,6,44,6,1,3,1,83,0,60,180,2,5
1737,10,357,11,1,3,1,18,17,180,300,2,5
1738,12,520,14,1,3,2,99,24,180,300,4,5
1739,7,560,9,1,3,2,95,79,0,300,2,5
1740,12,219,13,1,3,2,82,34,60,180,1,5
1741,1,151,1,1,3,2,89,68,180,300,3,5
1742,5,116,6,1,3,1,59,16,0,300,2,5
1743,13,215,13,2,3,2,47,14,420,540,1,5
1744,11,408,11,2,3,3,76,30,420,540,4,5
1745,6,296,7,1,3,1,67,79,60,180,4,5
1746,2,162,2,1,3,1,36,73,180,300,4,5
1747,1,71,1,1,3,3,22,3,180,300,1,5
1748,6,534,8,1,3,2,93,35,0,300,1,5
1749,4,17,4,1,3,3,86,80,60,180,2,5
1750,7,317,7,2,3,2,96,31,420,540,2,5
1751,10,562,11,1,3,1,100,68,60,180,2,5
1752,6,341,6,2,3,3,57,76,420,540,2,5
1753,3,407,4,1,3,2,46,96,0,300,2,5
1754,7,550,8,1,3,1,4,72,60,180,1,5
1755,13,496,15,1,3,3,9,49,60,180,1,5
1756,11,336,12,1,3,2,59,97,180,300,1,5
1757,6,261,7,2,3,2,13,59,180,300,4,5
1758,14,38,14,1,3,1,57,34,60,180,3,5
1759,11,109,12,2,3,1,12,39,180,300,4,5
1760,4,102,4,1,3,2,70,82,180,300,4,5
1761,1,312,2,1,3,3,51,97,180,300,4,5
1762,10,223,10,2,3,2,79,39,300,420,3,5
1763,7,503,9,1,3,3,73,14,0,300,2,5
1764,8,207,8,2,3,1,48,80,420,540,1,5
1765,14,300,15,1,3,1,69,41,60,180,3,5
1766,9,575,10,1,3,2,6,96,0,300,3,5
1767,4,561,5,1,3,1,94,11,180,300,3,5
1768,4,4,5,1,3,2,39,19,60,180,3,5
1769,5,190,5,2,3,2,92,7,300,600,4,5
1770,7,304,7,2,3,1,51,67,420,540,4,5
1771,13,551,14,1,3,2,77,75,180,300,1,5
1772,11,8,12,1,3,3,71,4,0,300,1,5
1773,8,312,9,1,3,3,17,76,0,300,1,5
1774,7,100,7,1,3,3,14,88,180,300,3,5
1775,10,521,12,1,3,1,11,64,0,300,3,5
1776,10,486,11,1,3,3,53,38,180,300,4,5
1777,7,493,8,1,3,1,51,54,180,300,4,5
1778,5,600,7,1,3,1,92,70,60,180,1,5
1779,8,350,8,2,3,1,53,66,420,540,3,5
1780,2,0,3,1,3,1,67,39,60,180,3,5
1781,5,99,5,1,3,3,23,92,180,300,1,5
1782,10,11,11,1,3,2,71,38,180,300,4,5
1783,9,396,9,2,3,3,67,94,420,540,3,5
1784,10,133,10,1,3,3,18,47,180,300,2,5
1785,4,302,5,1,3,3,69,36,0,300,2,5
1786,1,335,2,1,3,3,63,84,60,180,4,5
1787,6,380,6,2,3,1,26,15,420,540,4,5
1788,10,271,10,2,3,2,90,81,420,540,1,5
1789,1,584,2,1,3,2,92,68,0,300,1,5
1790,2,75,2,1,3,1,12,9,180,300,4,5
1791,3,557,4,1,3,3,92,1,180,300,3,5
1792,5,542,7,1,3,3,6,25,60,180,2,5
1793,14,440,15,2,3,3,58,85,60,180,3,5
1794,2,393,3,1,3,2,49,92,180,300,1,5
1795,12,49,12,1,3,3,65,35,60,180,2,5
1796,2,268,3,1,3,2,6,58,180,300,2,5
1797,12,64,12,1,3,2,99,82,180,300,1,5
1798,13,319,13,2,3,1,72,95,420,540,2,5
1799,4,489,5,1,3,1,23,63,0,300,2,5
1800,4,306,5,1,3,2,90,51,0,300,4,5
1801,8,456,9,1,3,3,2,38,180,300,4,5
1802,1,447,3,1,3,3,45,38,0,300,2,5
1803,8,435,10,1,3,1,58,87,60,180,2,5
1804,5,41,5,1,3,1,96,67,60,180,3,5
1805,5,503,7,1,3,2,37,47,180,300,3,5
1806,2,223,2,2,3,3,54,75,420,540,2,5
1807,12,401,13,1,3,2,93,24,180,300,2,5
1808,13,472,15,1,3,2,15,38,60,180,4,5
1809,1,429,2,1,3,3,13,42,0,300,1,5
1810,8,514,9,1,3,3,52,72,0,300,2,5
1811,7,299,8,1,3,1,81,19,180,300,1,5
1812,12,118,13,1,3,3,31,59,60,180,1,5
1813,10,529,11,1,3,2,94,99,60,180,2,5
1814,14,555,15,1,3,3,52,42,180,300,2,5
1815,7,6,7,1,3,1,73,74,60,180,3,5
1816,3,29,4,1,3,3,6,74,0,300,3,5
1817,13,220,14,1,3,3,1,33,180,300,3,5
1818,3,222,4,1,3,1,22,95,60,180,2,5
1819,14,65,14,1,3,2,68,34,180,300,3,5
1820,4,256,6,1,3,2,37,68,180,300,3,5
1821,4,546,5,1,3,2,63,2,180,300,1,5
1822,14,72,15,1,3,1,67,91,180,300,4,5
1823,7,546,8,1,3,1,28,82,0,300,4,5
1824,12,222,12,2,3,1,56,56,300,420,1,5
1825,8,391,8,2,3,1,41,86,420,540,1,5
1826,4,63,4,1,3,3,71,47,180,300,2,5
1827,11,276,12,1,3,2,66,15,60,180,2,5
1828,13,547,14,1,3,1,75,75,60,180,2,5
1829,9,502,10,1,3,2,83,46,180,300,3,5
1830,9,434,10,1,3,1,36,76,180,300,3,5
1831,8,109,8,1,3,3,78,8,180,300,4,5
1832,8,257,9,1,3,1,12,53,0,300,2,5
1833,3,115,3,1,3,3,56,36,180,300,2,5
1834,5,111,5,1,3,1,69,39,180,300,3,5
1835,4,541,6,1,3,1,18,52,60,180,4,5
1836,5,336,6,1,3,1,82,58,180,300,3,5
1837,8,581,10,1,3,1,81,86,180,300,3,5
1838,9,86,9,1,3,3,96,17,180,300,1,5
1839,3,478,5,1,3,2,10,69,180,300,4,5
1840,3,323,5,1,3,1,60,34,60,180,1,5
1841,10,423,11,1,3,2,87,24,180,300,1,5
1842,3,3,4,1,3,1,63,52,180,300,1,5
1843,5,329,6,1,3,3,74,6,60,180,1,5
1844,3,261,4,1,3,3,11,62,0,300,4,5
1845,12,367,13,1,3,1,33,30,60,180,4,5
1846,1,107,2,1,3,1,42,70,180,300,1,5
1847,13,62,14,1,3,1,43,48,180,300,1,5
1848,4,131,5,1,3,1,91,81,180,300,4,5
1849,9,141,9,1,3,3,68,51,180,300,2,5
1850,2,406,2,2,3,3,64,37,420,540,1,5
1851,10,257,10,2,3,1,60,48,420,540,3,5
1852,1,307,2,1,3,1,11,79,60,180,3,5
1853,2,105,2,1,3,2,51,12,180,300,4,5
1854,12,60,12,1,3,3,86,37,180,300,4,5
1855,6,426,8,1,3,3,48,72,60,180,2,5
1856,7,180,8,1,3,2,12,0,0,300,2,5
1857,12,339,12,2,3,2,15,49,420,540,3,5
1858,12,550,14,1,3,2,89,89,180,300,2,5
1859,12,492,13,1,3,2,77,99,180,300,2,5
1860,7,256,7,2,3,1,57,95,420,540,3,5
1861,7,485,9,1,3,3,42,30,60,180,4,5
1862,9,77,9,1,3,2,46,4,180,300,4,5
1863,11,172,11,1,3,1,47,54,180,300,3,5
1864,12,251,12,2,3,1,23,24,420,540,2,5
1865,13,527,14,1,3,3,4,46,180,300,1,5
1866,1,560,2,1,3,3,39,87,180,300,4,5
1867,6,344,6,2,3,3,59,34,420,540,2,5
1868,10,283,10,2,3,2,47,55,420,540,4,5
1869,12,341,12,2,3,3,36,65,420,540,2,5
1870,2,593,4,1,3,3,70,77,60,180,1,5
1871,5,272,5,2,3,2,67,18,420,540,2,5
1872,1,443,2,1,3,1,79,29,180,300,3,5
1873,9,569,11,1,3,1,42,2,180,300,4,5
1874,2,430,4,1,3,3,69,83,0,300,3,5
1875,1,170,2,1,3,2,66,0,180,300,1,5
1876,4,23,5,2,3,2,54,98,60,180,2,5
1877,13,465,14,1,3,1,5,50,180,300,1,5
1878,3,212,4,1,3,1,28,96,60,180,4,5
1879,13,111,13,1,3,3,60,47,180,300,1,5
1880,10,269,11,1,3,2,83,64,0,300,1,5
1881,10,218,10,2,3,3,0,16,420,540,1,5
1882,13,212,13,2,3,3,0,63,420,540,2,5
1883,12,323,13,1,3,1,81,81,60,180,4,5
1884,9,111,9,1,3,1,32,85,180,300,2,5
1885,10,396,11,1,3,3,42,70,0,300,4,5
1886,11,399,11,2,3,1,73,74,420,540,2,5
1887,8,553,10,1,3,2,79,29,0,300,2,5
1888,5,438,6,1,3,3,97,37,60,180,2,5
1889,9,271,10,1,3,3,65,71,0,300,2,5
1890,11,10,12,1,3,1,84,21,180,300,4,5
1891,7,572,9,1,3,1,45,5,60,180,2,5
1892,3,283,4,1,3,1,79,88,180,300,1,5
1893,10,52,10,1,3,2,90,97,60,180,1,5
1894,4,279,4,2,3,3,90,50,420,540,1,5
1895,6,467,7,1,3,2,66,10,0,300,1,5
1896,13,250,13,2,3,1,58,30,300,600,3,5
1897,7,98,8,1,3,3,56,90,0,300,1,5
1898,9,13,11,1,3,3,85,21,60,180,2,5
1899,12,517,13,1,3,2,9,81,0,300,1,5
1900,14,23,14,1,3,1,59,91,60,180,2,5
1901,11,216,11,2,3,1,73,54,300,420,1,5
1902,6,193,6,2,3,3,76,92,300,600,4,5
1903,10,76,10,1,3,2,66,13,180,300,2,5
1904,8,271,8,2,3,1,2,48,420,540,4,5
1905,6,167,6,1,3,1,3,97,180,300,3,5
1906,8,23,8,1,3,3,97,5,60,180,1,5
1907,7,28,8,1,3,2,5,6,0,300,4,5
1908,3,556,5,1,3,2,21,21,60,180,4,5
1909,13,471,15,1,3,3,17,34,0,300,1,5
1910,14,184,14,2,3,2,40,56,420,540,4,5
1911,10,469,12,1,3,3,7,39,0,300,4,5
1912,12,145,13,1,3,1,93,76,180,300,4,5
1913,11,427,13,1,3,2,64,2,0,300,4,5
1914,3,410,4,1,3,2,48,3,180,300,2,5
1915,4,27,5,1,3,3,5,100,60,180,1,5
1916,3,75,4,1,3,2,46,90,60,180,3,5
1917,12,376,12,2,3,2,38,47,420,540,3,5
1918,13,146,13,1,3,3,15,25,180,300,2,5
1919,8,156,8,1,3,3,19,75,180,300,2,5
1920,7,106,7,1,3,1,63,29,180,300,1,5
1921,8,365,8,2,3,2,31,99,420,540,4,5
1922,9,537,10,1,3,2,86,16,0,300,4,5
1923,8,476,9,1,3,3,22,18,0,300,2,5
1924,7,277,9,1,3,3,0,67,180,300,4,5
1925,9,489,10,1,3,1,76,1,0,300,4,5
1926,8,520,10,1,3,1,63,20,60,180,2,5
1927,9,208,9,2,3,1,100,16,420,540,3,5
1928,5,427,7,1,3,1,15,99,60,180,1,5
1929,5,318,5,2,3,1,55,75,420,540,4,5
1930,5,24,5,1,3,3,23,81,60,180,3,5
1931,13,399,13,2,3,2,90,3,420,540,4,5
1932,12,527,13,2,3,2,38,97,300,600,4,5
1933,10,351,11,1,3,3,80,30,0,300,2,5
1934,3,143,4,1,3,2,57,48,180,300,3,5
1935,11,229,12,1,3,2,50,100,180,300,2,5
1936,8,518,10,1,3,3,97,42,0,300,4,5
1937,9,410,10,1,3,3,79,10,180,300,3,5
1938,2,146,2,1,3,2,30,1,180,300,4,5
1939,4,29,4,1,3,2,98,93,60,180,1,5
1940,7,233,7,2,3,1,5,91,300,600,3,5
1941,14,37,14,1,3,2,50,91,60,180,4,5
1942,3,416,3,2,3,3,41,3,420,540,4,5
1943,13,491,14,1,3,3,30,35,60,180,4,5
1944,9,166,9,1,3,1,46,98,180,300,3,5
1945,10,407,11,1,3,2,70,94,60,180,2,5
1946,6,391,7,1,3,2,45,44,60,180,4,5
1947,10,456,12,1,3,3,95,94,180,300,4,5
1948,6,206,6,2,3,3,98,24,420,540,4,5
1949,14,442,16,1,3,1,54,75,180,300,3,5
1950,13,490,15,1,3,1,97,100,0,300,3,5
1951,11,209,11,2,3,3,95,92,300,420,1,5
1952,4,580,6,1,3,3,83,41,180,300,1,5
1953,10,541,12,1,3,1,4,59,0,300,4,5
1954,10,223,11,1,3,2,61,40,0,300,4,5
1955,3,148,4,1,3,2,76,73,180,300,3,5
1956,10,486,12,1,3,3,37,17,60,180,4,5
1957,4,447,6,1,3,2,54,4,180,300,4,5
1958,8,234,8,2,3,2,35,55,420,540,1,5
1959,12,419,14,2,3,2,93,99,60,180,3,5
1960,9,594,10,1,3,2,100,2,60,180,1,5
1961,5,504,6,1,3,1,35,23,60,180,2,5
1962,3,28,4,1,3,3,9,39,180,300,3,5
1963,13,119,14,1,3,2,7,72,180,300,2,5
1964,11,482,12,1,3,3,92,95,60,180,1,5
1965,6,202,6,2,3,1,95,57,420,540,3,5
1966,11,297,11,2,3,1,24,19,420,540,2,5
1967,1,298,2,1,3,1,99,61,180,300,4,5
1968,7,531,9,1,3,3,98,15,60,180,3,5
1969,6,240,7,1,3,2,42,65,60,180,2,5
1970,7,20,7,1,3,1,85,2,60,180,2,5
1971,13,587,15,1,3,3,8,17,0,300,4,5
1972,3,189,3,2,3,2,83,30,300,600,4,5
1973,7,1,8,1,3,2,99,39,0,300,2,5
1974,1,34,1,1,3,1,26,80,60,180,1,5
1975,13,477,14,1,3,3,60,16,180,300,2,5
1976,7,115,8,1,3,1,28,99,60,180,4,5
1977,12,181,12,2,3,1,39,63,300,600,2,5
1978,12,291,13,1,3,3,53,68,180,300,2,5
1979,6,451,8,1,3,3,61,78,0,300,1,5
1980,6,99,7,1,3,2,80,61,180,300,4,5
1981,13,12,14,1,3,1,8,34,180,300,1,5
1982,2,499,4,1,3,3,33,80,180,300,4,5
1983,6,384,6,2,3,2,65,1,420,540,3,5
1984,1,239,1,2,3,3,90,82,300,420,4,5
1985,3,521,4,2,3,3,47,76,0,300,4,5
1986,14,546,16,1,3,3,11,85,60,180,2,5
1987,11,162,12,1,3,2,54,2,180,300,4,5
1988,1,429,3,1,3,3,23,100,0,300,1,5
1989,8,175,8,1,3,3,79,74,180,300,1,5
1990,9,203,9,2,3,2,91,48,300,420,2,5
1991,1,437,2,2,3,2,85,97,180,300,2,5
1992,4,152,4,1,3,3,71,97,180,300,4,5
1993,5,72,5,1,3,3,9,30,180,300,3,5
1994,14,556,16,1,3,1,49,79,60,180,1,5
1995,1,230,2,1,3,3,79,28,180,300,1,5
1996,5,290,6,1,3,2,22,48,60,180,3,5
1997,7,212,7,2,3,3,52,71,420,540,3,5
1998,4,209,5,1,3,3,51,35,180,300,4,5
1999,8,281,8,2,3,1,64,64,420,540,1,5
2000,1,560,3,1,3,1,85,20,0,300,4,5
2001,5,579,6,1,3,2,9,93,180,300,2,5
2002,11,303,11,2,3,1,22,90,420,540,2,5
2003,7,116,7,1,3,1,89,17,180,300,3,5
2004,11,33,11,1,3,1,45,89,60,180,3,5
2005,11,386,12,1,3,2,44,2,60,180,3,5
2006,1,145,1,1,3,1,32,52,180,300,4,5
2007,6,546,8,1,3,1,21,35,180,300,4,5
2008,2,64,2,1,3,1,67,20,180,300,3,5
2009,7,262,7,2,3,1,20,67,420,540,3,5
2010,4,374,4,2,3,3,43,68,420,540,1,5
2011,4,43,4,1,3,1,91,5,60,180,2,5
2012,11,355,11,2,3,2,65,95,420,540,3,5
2013,7,167,7,1,3,3,76,77,180,300,2,5
2014,3,77,3,1,3,1,76,56,180,300,1,5
2015,4,594,6,1,3,1,32,70,60,180,4,5
2016,1,424,3,1,3,2,79,34,60,180,3,5
2017,11,413,11,2,3,3,19,98,420,540,3,5
2018,12,26,12,1,3,2,30,69,60,180,2,5
2019,9,183,9,2,3,2,55,34,300,600,4,5
2020,14,26,14,1,3,2,12,91,60,180,3,5
2021,13,50,13,1,3,2,51,79,60,180,3,5
2022,2,38,3,1,3,3,74,1,180,300,1,5
2023,12,449,14,1,3,2,58,39,180,300,3,5
2024,5,188,6,1,3,3,4,23,60,180,4,5
2025,1,144,1,1,3,1,81,68,180,300,3,5
2026,9,435,11,1,3,2,95,14,60,180,1,5
2027,5,441,6,1,3,1,81,100,60,180,3,5
2028,2,183,3,1,3,2,79,9,60,180,4,5
2029,13,2,14,1,3,2,2,60,0,300,1,5
2030,13,63,14,1,3,2,23,23,180,300,3,5
2031,6,402,6,2,3,1,31,8,420,540,2,5
2032,9,175,9,1,3,1,100,73,180,300,4,5
2033,4,379,4,2,3,1,72,36,420,540,1,5
2034,3,448,4,1,3,3,86,3,180,300,4,5
2035,11,454,12,1,3,1,25,98,180,300,3,5
2036,5,565,6,1,3,2,95,22,180,300,3,5
2037,4,188,4,2,3,2,31,42,420,540,2,5
2038,9,239,9,2,3,3,35,60,300,420,4,5
2039,4,381,5,1,3,3,97,95,60,180,2,5
2040,9,500,11,1,3,1,1,73,0,300,2,5
2041,4,515,6,1,3,1,34,34,60,180,3,5
2042,2,516,4,1,3,2,81,60,60,180,3,5
2043,14,364,15,1,3,1,30,92,0,300,3,5
2044,1,136,2,1,3,3,81,17,0,300,1,5
2045,9,29,9,1,3,3,30,46,60,180,3,5
2046,7,397,7,2,3,1,92,54,420,540,3,5
2047,3,281,4,1,3,2,64,57,60,180,4,5
2048,13,185,13,2,3,2,72,65,420,540,4,5
2049,4,267,4,2,3,3,60,0,300,600,2,5
2050,14,133,14,1,3,2,54,94,180,300,2,5
2051,6,254,6,2,3,1,33,24,300,420,2,5
2052,14,155,14,1,3,3,55,73,180,300,4,5
2053,1,541,3,1,3,3,66,88,180,300,1,5
2054,10,124,10,1,3,2,62,15,180,300,2,5
2055,7,348,7,2,3,3,62,88,420,540,3,5
2056,5,531,7,1,3,3,75,99,60,180,3,5
2057,10,446,11,1,3,2,58,56,60,180,4,5
2058,8,201,8,2,3,1,89,33,300,600,2,5
2059,1,462,2,1,3,3,50,45,180,300,1,5
2060,9,60,9,1,3,1,95,68,180,300,3,5
2061,9,269,10,1,3,1,71,87,0,300,4,5
2062,6,562,7,1,3,1,45,29,0,300,1,5
2063,4,79,4,1,3,2,39,90,180,300,4,5
2064,6,262,6,2,3,3,97,11,420,540,4,5
2065,14,335,15,1,3,3,13,44,180,300,3,5
2066,11,373,11,2,3,2,57,16,420,540,1,5
2067,10,18,10,1,3,1,17,68,60,180,4,5
2068,13,355,13,2,3,3,9,78,420,540,2,5
2069,5,201,5,2,3,1,25,62,420,540,2,5
2070,1,333,1,2,3,3,72,69,420,540,2,5
2071,2,305,3,1,3,3,63,35,180,300,1,5
2072,4,528,6,1,3,1,12,76,60,180,1,5
2073,3,571,4,1,3,3,40,27,180,300,4,5
2074,8,83,8,1,3,2,85,47,180,300,2,5
2075,5,138,5,1,3,1,69,19,180,300,3,5
2076,7,574,9,1,3,2,60,30,0,300,1,5
2077,14,416,14,2,3,2,30,21,420,540,3,5
2078,5,286,5,2,3,1,10,96,420,540,4,5
2079,12,401,13,1,3,3,79,13,60,180,1,5
2080,3,404,3,2,3,3,93,92,420,540,2,5
2081,11,156,11,1,3,2,66,14,180,300,1,5
2082,11,137,11,1,3,1,78,9,180,300,4,5
2083,2,241,2,2,3,3,40,93,300,420,1,5
2084,13,569,14,1,3,2,100,23,180,300,1,5
2085,8,546,9,1,3,3,95,86,0,300,3,5
2086,10,368,10,2,3,1,6,80,420,540,4,5
2087,10,82,10,1,3,1,19,72,180,300,2,5
2088,1,30,1,1,3,2,65,5,60,180,3,5
2089,6,175,6,1,3,3,30,92,180,300,3,5
2090,1,556,2,1,3,3,16,12,0,300,1,5
2091,5,517,7,1,3,3,41,70,0,300,3,5
2092,1,265,2,1,3,2,87,70,180,300,2,5
2093,14,58,14,1,3,3,81,97,60,180,2,5
2094,2,194,2,2,3,3,46,36,300,420,4,5
2095,3,64,3,1,3,1,16,97,180,300,1,5
2096,13,275,13,2,3,3,5,85,420,540,1,5
2097,8,388,9,1,3,3,37,43,60,180,1,5
2098,14,494,16,1,3,3,43,43,180,300,2,5
2099,8,319,9,1,3,2,12,67,0,300,3,5
2100,3,423,4,1,3,1,81,96,0,300,3,5
2101,3,270,4,1,3,1,15,60,0,300,1,5
2102,12,172,13,1,3,1,4,47,180,300,2,5
2103,12,542,14,1,3,1,61,5,180,300,4,5
2104,9,477,10,1,3,1,82,69,60,180,4,5
2105,8,245,8,2,3,1,64,33,300,420,1,5
2106,13,110,13,1,3,3,56,85,180,300,1,5
2107,9,147,10,1,3,1,32,24,60,180,4,5
2108,3,499,5,1,3,3,17,4,180,300,1,5
2109,9,486,11,1,3,1,5,46,60,180,1,5
2110,7,578,8,1,3,1,82,17,60,180,2,5
2111,9,250,10,1,3,3,37,31,60,180,4,5
2112,3,161,3,1,3,3,23,49,180,300,3,5
2113,6,349,7,1,3,3,72,44,180,300,1,5
2114,11,281,11,2,3,3,55,49,420,540,1,5
2115,6,56,7,1,3,3,100,63,180,300,4,5
2116,9,180,10,1,3,3,1,92,180,300,3,5
2117,7,286,8,1,3,2,36,90,0,300,3,5
2118,11,285,11,2,3,1,12,85,420,540,1,5
2119,9,92,9,1,3,3,1,43,180,300,2,5
2120,8,140,8,1,3,2,19,81,180,300,3,5
2121,3,590,4,1,3,2,85,31,0,300,2,5
2122,10,197,11,1,3,3,59,5,60,180,2,5
2123,1,340,1,2,3,3,95,22,420,540,4,5
2124,13,498,15,1,3,2,87,17,180,300,3,5
2125,6,341,6,2,3,1,44,41,420,540,4,5
2126,14,67,14,1,3,3,72,96,180,300,2,5
2127,8,133,8,1,3,2,89,3,180,300,1,5
2128,10,70,11,1,3,2,82,44,60,180,4,5
2129,3,302,3,2,3,1,91,65,420,540,4,5
2130,11,301,12,1,3,3,54,20,60,180,1,5
2131,7,468,8,1,3,3,33,98,180,300,3,5
2132,13,272,13,2,3,1,79,45,420,540,4,5
2133,4,365,4,2,3,3,45,8,420,540,1,5
2134,10,545,12,1,3,3,70,34,180,300,3,5
2135,11,195,12,1,3,2,62,44,0,300,4,5
2136,10,543,12,1,3,1,12,48,0,300,4,5
2137,13,178,13,1,3,3,37,64,180,300,4,5
2138,12,570,14,1,3,2,79,14,0,300,2,5
2139,8,121,9,1,3,3,6,94,0,300,4,5
2140,3,21,4,1,3,2,33,13,180,300,3,5
2141,10,82,10,1,3,2,25,34,180,300,1,5
2142,2,418,2,2,3,3,60,73,420,540,1,5
2143,14,91,14,1,3,1,73,39,180,300,2,5
2144,10,595,12,1,3,1,1,85,0,300,2,5
2145,13,149,13,1,3,3,34,45,180,300,2,5
2146,13,473,14,1,3,3,46,47,180,300,4,5
2147,2,286,3,1,3,3,12,82,0,300,1,5
2148,1,531,2,1,3,2,63,62,0,300,2,5
2149,10,533,11,1,3,1,6,81,60,180,4,5
2150,13,564,15,1,3,1,43,21,0,300,3,5
2151,11,510,13,1,3,3,27,73,60,180,4,5
2152,4,400,5,1,3,3,82,96,180,300,4,5
2153,12,540,13,1,3,2,11,33,0,300,1,5
2154,14,514,15,1,3,2,29,68,180,300,2,5
2155,9,224,10,1,3,2,41,48,60,180,4,5
2156,8,274,9,1,3,1,90,27,0,300,2,5
2157,8,420,8,2,3,2,45,84,420,540,1,5
2158,8,571,9,1,3,2,73,8,180,300,2,5
2159,6,377,7,1,3,2,60,76,60,180,1,5
2160,4,536,5,1,3,3,81,71,0,300,1,5
2161,6,342,6,2,3,1,90,54,420,540,3,5
2162,11,117,12,1,3,2,90,23,180,300,2,5
2163,11,119,12,1,3,2,81,18,60,180,1,5
2164,10,67,10,1,3,2,26,65,180,300,4,5
2165,8,455,9,1,3,3,17,67,60,180,1,5
2166,4,567,5,1,3,2,91,91,180,300,2,5
2167,12,297,12,2,3,3,17,93,300,420,1,5
2168,3,319,3,2,3,3,11,76,420,540,1,5
2169,2,145,2,1,3,2,41,62,180,300,2,5
2170,14,506,15,1,3,2,7,60,0,300,1,5
2171,12,24,13,1,3,3,13,1,60,180,1,5
2172,2,59,2,1,3,1,84,66,60,180,3,5
2173,11,194,11,2,3,2,98,89,420,540,3,5
2174,12,347,13,1,3,1,48,65,60,180,4,5
2175,13,190,14,1,3,1,43,100,0,300,4,5
2176,11,253,11,2,3,1,5,63,300,600,1,5
2177,4,306,5,1,3,1,10,95,180,300,1,5
2178,14,407,15,1,3,2,30,29,60,180,2,5
2179,11,205,11,2,3,2,40,86,300,600,2,5
2180,12,215,13,1,3,2,91,89,60,180,1,5
2181,7,82,8,1,3,3,54,80,180,300,4,5
2182,13,529,15,1,3,2,3,85,180,300,4,5
2183,14,91,15,1,3,3,99,5,0,300,3,5
2184,6,127,7,1,3,1,55,82,60,180,2,5
2185,1,159,1,1,3,1,55,18,180,300,4,5
2186,10,61,10,1,3,2,97,80,180,300,4,5
2187,3,467,4,1,3,2,60,91,180,300,1,5
2188,3,559,5,1,3,1,70,27,180,300,4,5
2189,5,366,5,2,3,1,19,62,420,540,2,5
2190,6,515,7,1,3,1,25,0,0,300,3,5
2191,3,261,4,1,3,3,55,58,0,300,3,5
2192,3,69,4,1,3,2,25,39,60,180,1,5
2193,5,155,7,1,3,2,31,58,60,180,3,5
2194,2,263,2,2,3,2,62,29,300,600,2,5
2195,7,43,8,1,3,2,67,87,0,300,1,5
2196,9,12,9,1,3,2,32,0,60,180,1,5
2197,7,478,8,1,3,3,76,83,180,300,3,5
2198,5,410,5,2,3,2,95,73,420,540,2,5
2199,11,107,11,1,3,1,51,29,180,300,2,5
2200,10,187,11,1,3,2,2,99,60,180,3,5
2201,8,297,8,2,3,3,16,5,300,420,2,5
2202,14,241,14,2,3,2,37,25,300,600,3,5
2203,12,209,12,2,3,2,16,97,420,540,3,5
2204,11,592,13,1,3,1,98,51,0,300,1,5
2205,6,164,6,1,3,2,78,23,180,300,4,5
2206,13,397,13,2,3,1,95,24,420,540,3,5
2207,1,70,3,1,3,1,39,13,0,300,1,5
2208,9,524,10,1,3,2,65,7,0,300,4,5
2209,2,154,3,1,3,1,79,16,180,300,4,5
2210,1,366,1,2,3,2,98,45,420,540,3,5
2211,1,399,2,1,3,2,41,0,180,300,4,5
2212,11,225,12,1,3,2,42,95,0,300,2,5
2213,10,202,10,2,3,1,4,34,300,420,4,5
2214,8,328,9,1,3,1,28,22,180,300,4,5
2215,13,166,13,1,3,2,86,11,180,300,2,5
2216,6,110,7,1,3,1,70,44,180,300,2,5
2217,8,450,10,1,3,3,24,72,0,300,4,5
2218,2,148,2,1,3,3,75,27,180,300,1,5
2219,10,250,11,1,3,2,80,91,0,300,2,5
2220,7,268,7,2,3,2,22,100,300,600,2,5
2221,8,72,10,1,3,2,10,23,60,180,4,5
2222,3,395,5,1,3,1,18,91,0,300,3,5
2223,10,232,11,1,3,2,51,67,0,300,3,5
2224,4,565,6,2,3,2,26,59,420,540,3,5
2225,3,87,3,1,3,2,18,5,180,300,1,5
2226,8,389,8,2,3,3,85,9,420,540,4,5
2227,5,476,7,1,3,2,31,45,0,300,4,5
2228,13,124,13,1,3,1,82,65,180,300,4,5
2229,11,338,12,1,3,3,10,28,0,300,3,5
2230,3,91,3,1,3,3,21,97,180,300,3,5
2231,2,479,4,1,3,1,35,72,180,300,2,5
2232,5,190,6,1,3,3,55,24,0,300,2,5
2233,12,28,12,1,3,2,39,68,60,180,3,5
2234,3,507,5,1,3,1,28,78,60,180,3,5
2235,2,333,2,2,3,2,10,49,420,540,3,5
2236,3,80,3,1,3,3,88,63,180,300,2,5
2237,10,517,12,2,3,3,2,14,60,180,2,5
2238,12,114,13,1,3,1,79,78,60,180,1,5
2239,7,250,7,2,3,2,58,22,300,420,1,5
2240,6,486,7,1,3,2,15,100,180,300,3,5
2241,8,553,9,1,3,3,55,78,0,300,1,5
2242,2,417,2,2,3,3,94,69,420,540,1,5
2243,8,260,9,1,3,1,88,62,60,180,3,5
2244,12,472,13,1,3,1,90,31,60,180,3,5
2245,4,261,4,2,3,2,83,99,300,420,2,5
2246,2,331,4,1,3,1,71,32,0,300,1,5
2247,4,263,4,2,3,3,78,82,300,600,3,5
2248,12,65,12,1,3,2,85,2,180,300,1,5
2249,11,232,11,2,3,3,66,69,420,540,1,5
2250,7,454,9,1,3,3,40,97,60,180,4,5
2251,4,420,4,2,3,2,35,82,420,540,3,5
2252,5,275,6,1,3,3,5,39,0,300,4,5
2253,2,339,2,2,3,3,65,82,420,540,2,5
2254,13,27,14,1,3,1,78,77,60,180,1,5
2255,5,270,5,2,3,1,27,7,420,540,1,5
2256,4,285,4,2,3,1,77,12,420,540,2,5
2257,3,563,5,1,3,1,74,40,0,300,1,5
2258,10,373,10,2,3,1,99,44,420,540,2,5
2259,5,552,7,1,3,1,87,59,180,300,2,5
2260,4,395,4,2,3,2,11,60,420,540,1,5
2261,3,97,4,1,3,1,4,69,180,300,1,5
2262,10,254,10,2,3,1,98,89,420,540,4,5
2263,5,66,5,1,3,3,34,43,180,300,4,5
2264,2,149,2,1,3,1,87,58,180,300,1,5
2265,6,583,8,1,3,2,71,12,60,180,3,5
2266,5,112,5,1,3,3,43,96,180,300,3,5
2267,10,85,11,1,3,3,78,15,60,180,3,5
2268,5,330,6,1,3,1,47,7,60,180,1,5
2269,7,139,7,1,3,2,97,27,180,300,3,5
2270,9,318,10,1,3,1,17,25,180,300,1,5
2271,8,42,9,1,3,1,93,8,0,300,1,5
2272,1,435,3,2,3,2,95,97,0,300,4,5
2273,2,32,2,1,3,3,62,57,60,180,4,5
2274,8,568,10,1,3,2,41,68,60,180,4,5
2275,11,98,11,1,3,3,71,30,180,300,4,5
2276,2,351,3,1,3,3,78,17,180,300,1,5
2277,1,208,2,1,3,1,73,54,60,180,3,5
2278,14,359,14,2,3,2,78,80,420,540,2,5
2279,7,356,7,2,3,2,26,58,420,540,4,5
2280,1,301,1,2,3,2,4,73,420,540,2,5
2281,13,397,13,2,3,1,88,61,420,540,2,5
2282,12,330,12,2,3,3,98,21,420,540,3,5
2283,14,118,15,1,3,3,91,32,60,180,3,5
2284,10,553,11,1,3,3,48,89,180,300,4,5
2285,9,593,11,1,3,1,28,38,0,300,1,5
2286,4,527,5,1,3,2,40,1,0,300,2,5
2287,7,167,9,1,3,2,91,94,0,300,3,5
2288,12,94,13,1,3,1,85,6,0,300,2,5
2289,9,248,10,1,3,3,20,75,60,180,3,5
2290,5,6,6,2,3,3,50,63,420,540,4,5
2291,3,66,3,1,3,1,73,25,180,300,3,5
2292,8,76,9,1,3,3,38,36,180,300,4,5
2293,11,91,12,1,3,3,70,41,60,180,2,5
2294,14,267,14,2,3,3,55,22,300,420,3,5
2295,3,10,3,1,3,2,5,98,60,180,4,5
2296,14,333,14,2,3,2,75,20,420,540,1,5
2297,12,6,13,1,3,1,5,6,180,300,1,5
2298,9,358,10,1,3,3,50,3,180,300,1,5
2299,7,422,9,2,3,1,84,3,0,300,3,5
2300,6,558,8,1,3,1,42,91,0,300,2,5
2301,10,402,10,2,3,2,53,5,420,540,4,5
2302,5,250,5,2,3,3,11,45,420,540,2,5
2303,4,79,5,1,3,3,12,24,180,300,2,5
2304,10,362,12,1,3,1,60,24,60,180,4,5
2305,12,548,13,2,3,3,42,73,60,180,3,5
2306,3,31,4,1,3,1,27,96,180,300,4,5
2307,1,460,2,1,3,2,40,64,60,180,4,5
2308,12,575,14,1,3,3,100,52,60,180,3,5
2309,4,448,5,1,3,1,84,10,60,180,1,5
2310,14,443,15,1,3,3,62,82,180,300,2,5
2311,14,523,15,1,3,3,78,63,60,180,4,5
2312,11,528,13,1,3,1,81,28,180,300,1,5
2313,2,17,3,1,3,2,89,23,60,180,2,5
2314,2,124,4,1,3,2,20,49,180,300,2,5
2315,6,123,6,2,3,2,61,3,180,300,1,5
2316,8,494,9,1,3,1,28,46,0,300,2,5
2317,13,166,13,1,3,2,12,82,180,300,4,5
2318,7,531,8,1,3,1,5,20,60,180,3,5
2319,6,385,7,1,3,1,55,68,180,300,2,5
2320,12,345,12,2,3,2,24,26,420,540,2,5
2321,8,343,9,1,3,2,27,76,180,300,4,5
2322,9,115,10,1,3,3,80,37,0,300,1,5
2323,3,201,4,1,3,1,87,38,0,300,2,5
2324,5,326,5,2,3,2,53,90,420,540,2,5
2325,5,554,6,1,3,3,97,30,180,300,1,5
2326,13,163,15,1,3,2,77,14,180,300,4,5
2327,9,174,9,1,3,1,54,75,180,300,2,5
2328,2,581,4,1,3,3,45,56,180,300,2,5
2329,10,567,12,1,3,1,18,99,60,180,1,5
2330,4,89,4,1,3,1,30,31,180,300,1,5
2331,11,203,11,2,3,1,68,33,300,600,1,5
2332,3,166,4,1,3,1,57,32,180,300,1,5
2333,8,188,8,2,3,3,56,84,420,540,1,5
2334,3,119,3,2,3,3,2,98,420,540,4,5
2335,9,277,10,1,3,1,25,16,180,300,1,5
2336,5,434,7,1,3,3,88,94,180,300,1,5
2337,4,26,5,1,3,2,55,80,0,300,1,5
2338,4,569,5,1,3,3,85,81,60,180,3,5
2339,12,351,13,1,3,3,28,84,60,180,1,5
2340,5,224,6,1,3,2,81,28,180,300,4,5
2341,14,430,15,1,3,3,65,90,0,300,1,5
2342,8,418,8,2,3,2,43,94,420,540,1,5
2343,3,173,3,1,3,3,89,89,180,300,1,5
2344,5,307,6,1,3,1,38,91,60,180,4,5
2345,4,248,4,2,3,1,0,78,300,420,4,5
2346,7,154,7,1,3,1,85,83,180,300,4,5
2347,4,60,5,1,3,1,26,0,180,300,4,5
2348,11,339,11,2,3,2,15,81,420,540,1,5
2349,9,421,11,1,3,1,83,81,180,300,3,5
2350,12,505,13,1,3,2,49,98,180,300,4,5
2351,8,9,8,1,3,1,21,49,60,180,1,5
2352,6,392,6,2,3,3,68,64,420,540,3,5
2353,10,453,12,1,3,1,2,91,0,300,2,5
2354,5,548,7,1,3,3,100,47,180,300,3,5
2355,4,199,4,2,3,2,23,3,300,600,3,5
2356,10,142,10,1,3,3,20,60,180,300,4,5
2357,2,487,4,1,3,2,87,46,60,180,4,5
2358,7,149,8,1,3,2,92,12,60,180,2,5
2359,3,575,4,1,3,2,8,89,60,180,3,5
2360,5,336,5,2,3,1,13,48,420,540,4,5
2361,4,399,4,2,3,2,7,100,420,540,3,5
2362,8,468,9,1,3,2,22,36,0,300,2,5
2363,2,202,2,2,3,1,93,71,420,540,2,5
2364,6,201,7,1,3,1,63,56,180,300,4,5
2365,8,531,9,1,3,1,60,99,0,300,3,5
2366,2,418,2,2,3,1,6,7,420,540,4,5
2367,9,73,9,1,3,1,82,2,180,300,4,5
2368,12,85,12,1,3,2,72,90,180,300,4,5
2369,13,153,14,1,3,2,5,89,0,300,4,5
2370,8,427,10,1,3,2,77,17,60,180,2,5
2371,3,566,4,1,3,3,28,16,60,180,4,5
2372,1,407,2,1,3,1,99,80,180,300,2,5
2373,6,0,6,1,3,3,79,33,60,180,3,5
2374,4,2,4,1,3,1,83,48,60,180,2,5
2375,1,592,3,1,3,1,11,19,60,180,2,5
2376,5,393,5,2,3,1,94,16,420,540,3,5
2377,10,105,10,1,3,2,60,45,180,300,3,5
2378,11,92,12,1,3,2,28,29,60,180,4,5
2379,3,551,4,1,3,2,64,32,180,300,3,5
2380,7,177,7,1,3,1,4,30,180,300,3,5
2381,9,524,11,1,3,2,73,88,60,180,2,5
2382,1,300,1,2,3,1,56,84,300,600,4,5
2383,8,475,10,1,3,1,54,55,0,300,4,5
2384,12,32,13,1,3,2,1,75,180,300,4,5
2385,4,299,4,2,3,1,43,88,300,420,3,5
2386,12,325,12,2,3,1,11,8,420,540,4,5
2387,7,478,9,1,3,3,36,48,0,300,3,5
2388,11,269,11,2,3,2,21,4,420,540,4,5
2389,1,422,2,1,3,3,1,89,60,180,1,5
2390,7,6,7,1,3,3,86,75,60,180,4,5
2391,7,578,9,1,3,2,83,75,0,300,3,5
2392,4,557,6,1,3,3,42,90,180,300,3,5
2393,14,526,15,1,3,2,100,75,0,300,2,5
2394,4,16,4,1,3,2,73,24,60,180,3,5
2395,9,561,11,1,3,3,84,55,60,180,4,5
2396,6,352,7,1,3,1,79,63,180,300,3,5
2397,6,304,6,2,3,3,100,47,420,540,4,5
2398,12,63,12,1,3,2,7,93,180,300,3,5
2399,7,43,7,1,3,1,100,58,60,180,4,5
2400,1,332,1,2,3,2,16,60,420,540,2,5
2401,14,502,15,1,3,2,25,69,0,300,2,5
2402,11,85,11,1,3,1,18,92,180,300,1,5
2403,13,63,13,1,3,1,31,28,180,300,4,5
2404,14,50,14,1,3,2,89,32,60,180,4,5
2405,8,123,9,1,3,3,23,86,0,300,2,5
2406,11,250,11,2,3,1,33,74,420,540,4,5
2407,1,468,3,1,3,1,49,13,0,300,2,5
2408,13,549,14,1,3,3,81,5,180,300,1,5
2409,10,255,10,2,3,1,47,82,300,600,1,5
2410,6,263,6,2,3,1,27,77,420,540,2,5
2411,9,484,10,1,3,2,100,33,180,300,2,5
2412,2,258,3,1,3,3,81,5,0,300,1,5
2413,10,292,10,2,3,3,15,92,300,420,4,5
2414,8,506,10,1,3,2,33,3,0,300,4,5
2415,7,529,8,1,3,2,9,27,180,300,4,5
2416,8,84,9,1,3,2,68,11,0,300,4,5
2417,10,486,12,1,3,1,37,18,180,300,1,5
2418,3,561,4,1,3,3,60,55,60,180,2,5
2419,2,508,3,1,3,1,38,74,60,180,2,5
2420,11,428,12,1,3,2,64,43,0,300,4,5
2421,6,541,8,1,3,1,46,36,60,180,4,5
2422,6,338,6,2,3,1,24,90,420,540,2,5
2423,12,563,14,1,3,1,62,98,0,300,1,5
2424,9,534,10,2,3,2,42,79,420,540,2,5
2425,13,226,14,1,3,2,75,61,60,180,4,5
2426,4,481,6,1,3,1,73,61,180,300,4,5
2427,11,197,11,2,3,1,9,54,420,540,3,5
2428,11,161,11,1,3,3,77,44,180,300,1,5
2429,2,524,4,1,3,3,16,90,0,300,1,5
2430,12,78,13,1,3,3,45,60,60,180,2,5
2431,6,464,8,1,3,1,91,27,60,180,2,5
2432,5,555,7,1,3,2,15,83,60,180,3,5
2433,14,564,15,1,3,3,98,9,60,180,3,5
2434,14,200,14,2,3,3,5,38,420,540,3,5
2435,12,570,14,1,3,1,97,84,60,180,2,5
2436,1,307,1,2,3,3,29,77,420,540,4,5
2437,7,388,9,1,3,1,56,80,180,300,2,5
2438,2,349,3,1,3,3,20,3,60,180,4,5
2439,1,412,1,2,3,1,56,64,420,540,2,5
2440,13,571,15,1,3,3,77,17,60,180,3,5
2441,12,373,12,2,3,3,12,51,420,540,1,5
2442,14,561,16,1,3,2,33,75,180,300,1,5
2443,14,185,14,2,3,3,82,35,420,540,2,5
2444,9,154,11,1,3,3,7,1,180,300,1,5
2445,14,546,15,1,3,1,39,36,180,300,1,5
2446,7,421,8,1,3,2,83,76,180,300,1,5
2447,3,283,3,2,3,3,54,93,300,420,3,5
2448,7,191,7,2,3,2,40,2,420,540,1,5
2449,12,171,13,1,3,1,82,47,60,180,4,5
2450,2,254,4,1,3,2,65,3,180,300,2,5
2451,4,16,5,1,3,2,48,5,180,300,3,5
2452,10,593,12,1,3,1,38,45,0,300,2,5
2453,14,128,14,1,3,2,79,12,180,300,1,5
2454,3,255,3,2,3,2,41,78,300,600,3,5
2455,9,463,11,1,3,2,38,87,180,300,4,5
2456,8,359,8,2,3,1,85,56,420,540,3,5
2457,5,557,7,1,3,3,89,99,0,300,1,5
2458,9,434,10,1,3,2,39,21,0,300,3,5
2459,1,73,1,1,3,1,97,97,180,300,1,5
2460,12,598,13,1,3,2,26,86,180,300,4,5
2461,4,551,5,1,3,1,17,16,60,180,4,5
2462,13,13,14,1,3,2,9,22,0,300,3,5
2463,8,306,8,2,3,1,21,44,420,540,4,5
2464,6,465,7,1,3,1,96,43,180,300,3,5
2465,14,531,16,1,3,1,97,67,180,300,3,5
2466,14,595,15,1,3,2,98,95,60,180,2,5
2467,6,241,7,1,3,1,49,29,0,300,2,5
2468,8,523,9,1,3,3,7,20,180,300,1,5
2469,11,169,11,1,3,3,53,91,180,300,3,5
2470,6,385,6,2,3,1,91,14,420,540,4,5
2471,9,158,9,1,3,3,88,44,180,300,3,5
2472,4,415,4,2,3,1,77,65,420,540,4,5
2473,5,102,6,1,3,1,95,31,0,300,4,5
2474,11,186,11,2,3,3,69,17,300,600,1,5
2475,5,342,5,2,3,3,22,67,420,540,1,5
2476,5,415,6,1,3,3,94,89,0,300,2,5
2477,14,413,14,2,3,3,95,72,420,540,1,5
2478,14,258,14,2,3,2,3,36,300,600,1,5
2479,10,358,10,2,3,1,2,54,420,540,2,5
2480,9,160,10,1,3,3,52,33,0,300,2,5
2481,11,159,12,1,3,2,68,9,180,300,3,5
2482,13,195,13,2,3,3,11,90,300,420,2,5
2483,2,488,4,1,3,2,53,69,60,180,1,5
2484,14,598,15,1,3,1,82,81,60,180,4,5
2485,12,461,13,1,3,2,76,58,60,180,2,5
2486,5,24,5,1,3,1,27,33,60,180,2,5
2487,10,430,11,1,3,1,80,99,180,300,1,5
2488,8,539,10,1,3,2,19,48,0,300,2,5
2489,12,270,14,1,3,2,8,50,180,300,1,5
2490,11,176,11,1,3,2,50,51,180,300,3,5
2491,14,219,14,2,3,3,27,2,300,600,1,5
2492,9,135,11,1,3,1,72,3,180,300,2,5
2493,9,117,9,1,3,3,21,93,180,300,4,5
2494,1,418,2,1,3,3,76,19,60,180,3,5
2495,3,213,3,2,3,1,14,96,300,420,2,5
2496,12,307,12,2,3,1,54,47,420,540,4,5
2497,12,236,13,1,3,3,100,84,60,180,4,5
2498,9,258,10,1,3,3,47,24,0,300,3,5
2499,8,449,9,2,3,3,51,44,420,540,3,5
2500,7,268,7,2,3,2,18,9,420,540,4,5
2501,5,69,5,1,3,3,72,92,180,300,4,5
2502,7,523,8,1,3,3,33,84,0,300,3,5
2503,5,191,6,1,3,1,8,96,60,180,4,5
2504,14,354,15,1,3,2,26,34,0,300,1,5
2505,10,79,11,1,3,1,7,37,0,300,2,5
2506,14,591,16,1,3,1,93,97,0,300,1,5
2507,1,112,2,1,3,3,53,21,0,300,2,5
2508,4,175,5,1,3,1,63,57,0,300,2,5
2509,5,282,5,2,3,1,71,50,300,600,3,5
2510,9,229,9,2,3,2,84,44,420,540,2,5
2511,13,106,13,1,3,1,93,90,180,300,2,5
2512,13,239,14,1,3,1,40,72,60,180,3,5
2513,13,581,14,1,3,3,95,77,180,300,1,5
2514,10,113,11,1,3,3,57,11,60,180,4,5
2515,13,527,15,1,3,1,61,71,60,180,1,5
2516,11,128,11,1,3,1,91,72,180,300,2,5
2517,12,94,12,1,3,1,14,98,180,300,2,5
2518,5,353,6,1,3,3,37,69,60,180,2,5
2519,5,467,6,2,3,2,92,89,420,540,4,5
2520,9,592,10,1,3,2,62,90,60,180,3,5
2521,9,42,9,1,3,3,65,83,60,180,4,5
2522,9,590,10,1,3,2,64,40,0,300,2,5
2523,12,380,13,1,3,3,99,21,180,300,4,5
2524,7,297,8,1,3,2,14,69,180,300,4,5
2525,3,535,5,1,3,3,81,44,60,180,3,5
2526,5,160,5,1,3,3,28,45,180,300,3,5
2527,11,537,13,1,3,3,43,87,180,300,2,5
2528,13,492,15,1,3,3,21,48,180,300,2,5
2529,1,575,3,1,3,3,50,53,60,180,4,5
2530,4,10,5,2,3,3,50,99,60,180,4,5
2531,5,113,6,1,3,2,76,31,60,180,2,5
2532,10,70,11,1,3,2,91,41,0,300,4,5
2533,11,76,12,1,3,2,54,17,180,300,4,5
2534,14,471,16,1,3,2,37,72,60,180,4,5
2535,2,457,3,1,3,1,99,36,0,300,4,5
2536,14,524,15,1,3,3,0,19,0,300,1,5
2537,9,157,9,1,3,3,39,59,180,300,4,5
2538,8,237,8,2,3,1,3,86,420,540,1,5
2539,7,149,8,1,3,3,8,2,0,300,4,5
2540,9,305,9,2,3,1,39,91,420,540,1,5
2541,6,299,7,1,3,1,48,46,0,300,2,5
2542,11,168,12,1,3,2,6,97,0,300,4,5
2543,14,16,15,1,3,2,82,80,60,180,3,5
2544,1,196,1,2,3,3,86,18,300,600,3,5
2545,14,232,15,1,3,1,65,12,0,300,2,5
2546,9,562,10,1,3,3,13,98,0,300,4,5
2547,6,76,8,2,3,1,4,73,60,180,1,5
2548,5,203,6,1,3,3,71,10,180,300,1,5
2549,5,509,7,2,3,3,26,39,60,180,1,5
2550,2,385,3,1,3,1,26,8,60,180,3,5
2551,4,115,5,1,3,3,19,59,0,300,1,5
2552,11,377,12,1,3,2,5,6,180,300,4,5
2553,8,127,9,1,3,3,83,12,60,180,2,5
2554,12,294,13,1,3,2,6,48,60,180,1,5
2555,1,577,3,1,3,1,69,5,0,300,2,5
2556,12,34,12,1,3,3,75,62,60,180,2,5
2557,6,579,7,1,3,2,21,64,180,300,2,5
2558,7,36,8,1,3,2,96,38,60,180,2,5
2559,1,124,1,1,3,3,63,75,180,300,1,5
2560,12,337,13,1,3,3,83,38,0,300,1,5
2561,14,336,14,2,3,2,24,90,420,540,1,5
2562,8,278,8,2,3,1,100,48,420,540,3,5
2563,12,323,13,1,3,3,64,29,60,180,2,5
2564,13,66,13,1,3,2,56,32,180,300,3,5
2565,8,355,9,1,3,1,41,19,60,180,4,5
2566,2,30,2,1,3,3,64,79,60,180,3,5
2567,7,325,8,1,3,3,14,33,60,180,2,5
2568,13,447,15,1,3,1,4,10,180,300,1,5
2569,10,537,11,1,3,1,48,91,0,300,3,5
2570,11,568,12,1,3,1,97,7,0,300,3,5
2571,14,383,14,2,3,3,82,35,420,540,4,5
2572,1,333,1,2,3,3,50,87,420,540,4,5
2573,6,319,6,2,3,3,50,43,420,540,3,5
2574,8,389,8,2,3,2,71,67,420,540,2,5
2575,13,24,13,1,3,1,69,2,60,180,3,5
2576,2,38,2,1,3,2,95,55,60,180,4,5
2577,3,14,3,1,3,2,5,83,60,180,4,5
2578,5,477,7,1,3,2,22,46,60,180,1,5
2579,1,74,2,1,3,2,42,75,60,180,3,5
2580,9,525,10,1,3,2,1,54,180,300,3,5
2581,8,493,10,1,3,1,12,48,180,300,1,5
2582,4,485,5,1,3,1,3,78,0,300,4,5
2583,9,98,9,1,3,3,10,52,180,300,2,5
2584,7,81,7,1,3,2,6,45,180,300,1,5
2585,10,119,11,1,3,2,49,41,60,180,1,5
2586,11,567,12,1,3,1,22,46,180,300,3,5
2587,9,115,9,1,3,2,52,39,180,300,3,5
2588,12,309,13,1,3,3,92,100,0,300,3,5
2589,13,71,13,1,3,2,95,5,180,300,1,5
2590,11,201,13,1,3,2,22,83,180,300,2,5
2591,13,388,13,2,3,1,34,65,420,540,1,5
2592,11,148,12,1,3,1,16,4,180,300,2,5
2593,4,101,4,1,3,1,92,62,180,300,2,5
2594,13,114,13,1,3,2,80,26,180,300,3,5
2595,7,79,8,1,3,3,18,5,0,300,3,5
2596,12,358,12,2,3,1,25,45,420,540,2,5
2597,1,508,2,1,3,2,30,75,180,300,2,5
2598,13,43,14,2,3,3,27,70,0,300,2,5
2599,14,108,15,1,3,1,42,79,60,180,4,5
2600,10,41,11,1,3,1,31,92,60,180,1,5
2601,4,303,4,2,3,2,0,44,420,540,2,5
2602,2,548,3,1,3,3,24,31,180,300,3,5
2603,11,458,12,1,3,3,43,30,180,300,1,5
2604,7,517,9,1,3,1,78,74,60,180,2,5
2605,2,254,3,1,3,3,92,36,60,180,4,5
2606,14,128,15,1,3,3,79,7,180,300,3,5
2607,6,579,7,1,3,2,12,93,180,300,4,5
2608,5,403,6,1,3,3,100,23,60,180,4,5
2609,8,456,9,1,3,2,21,35,180,300,1,5
2610,1,8,2,1,3,2,54,17,0,300,2,5
2611,12,277,12,2,3,3,65,68,420,540,3,5
2612,12,55,12,1,3,1,93,57,60,180,3,5
2613,7,261,7,2,3,2,11,37,420,540,2,5
2614,7,311,7,2,3,1,85,70,420,540,1,5
2615,5,47,6,1,3,1,14,1,60,180,2,5
2616,12,391,12,2,3,2,91,37,420,540,4,5
2617,2,478,4,1,3,3,7,5,180,300,3,5
2618,8,132,8,2,3,1,87,95,180,300,4,5
2619,12,332,12,2,3,1,39,64,420,540,3,5
2620,4,461,6,1,3,1,84,21,180,300,1,5
2621,14,21,14,1,3,3,83,24,60,180,4,5
2622,11,361,11,2,3,3,29,67,420,540,3,5
2623,9,219,9,2,3,2,44,4,420,540,4,5
2624,6,294,6,2,3,2,54,53,420,540,1,5
2625,4,376,4,2,3,3,38,10,420,540,1,5
2626,10,411,11,1,3,3,58,15,0,300,2,5
2627,3,18,3,1,3,1,19,49,60,180,4,5
2628,1,246,2,1,3,2,3,37,60,180,3,5
2629,9,323,10,1,3,1,24,97,0,300,3,5
2630,8,439,9,2,3,3,54,39,420,540,1,5
2631,5,479,7,1,3,2,33,60,180,300,2,5
2632,2,508,3,1,3,1,83,96,0,300,3,5
2633,13,277,13,2,3,2,85,64,420,540,1,5
2634,2,177,3,1,3,1,48,15,180,300,3,5
2635,3,301,3,2,3,3,85,89,420,540,2,5
2636,12,405,12,2,3,1,48,63,420,540,3,5
2637,7,406,8,1,3,2,37,73,60,180,2,5
2638,9,44,9,1,3,1,31,84,60,180,1,5
2639,10,368,10,2,3,2,25,0,420,540,3,5
2640,14,384,14,2,3,3,49,99,420,540,1,5
2641,5,504,7,1,3,3,95,42,0,300,1,5
2642,11,121,13,1,3,1,29,90,60,180,1,5
2643,6,488,7,1,3,3,60,71,0,300,3,5
2644,6,441,7,1,3,3,12,59,180,300,1,5
2645,4,370,5,1,3,1,71,47,60,180,2,5
2646,9,39,10,1,3,1,87,98,180,300,1,5
2647,10,480,11,1,3,2,11,57,60,180,1,5
2648,1,126,2,1,3,3,89,74,60,180,3,5
2649,9,424,10,1,3,3,23,93,60,180,3,5
2650,3,76,3,2,3,3,89,72,180,300,1,5
2651,13,486,14,1,3,1,4,41,180,300,3,5
2652,6,197,7,1,3,2,84,92,60,180,3,5
2653,9,43,10,1,3,2,50,62,180,300,2,5
2654,14,35,15,1,3,3,62,47,180,300,4,5
2655,8,448,9,1,3,2,16,64,0,300,4,5
2656,12,271,12,2,3,3,2,44,300,420,4,5
2657,13,568,15,1,3,1,31,19,180,300,3,5
2658,13,277,14,1,3,1,42,58,60,180,3,5
2659,13,271,13,2,3,2,20,94,300,420,1,5
2660,3,316,4,1,3,3,3,48,180,300,1,5
2661,5,358,6,1,3,2,41,18,60,180,1,5
2662,11,351,11,2,3,2,91,66,420,540,3,5
2663,5,40,6,1,3,3,55,73,0,300,3,5
2664,4,279,4,2,3,3,30,45,420,540,1,5
2665,3,433,5,1,3,3,53,64,60,180,3,5
2666,5,240,5,2,3,1,67,32,420,540,4,5
2667,7,364,7,2,3,3,2,36,420,540,2,5
2668,4,576,6,1,3,2,81,63,180,300,1,5
2669,8,325,8,2,3,2,9,65,420,540,1,5
2670,9,78,10,1,3,1,49,31,0,300,3,5
2671,1,104,2,1,3,3,79,24,180,300,2,5
2672,12,260,13,1,3,2,76,19,0,300,4,5
2673,11,583,12,1,3,3,79,85,60,180,4,5
2674,10,475,12,1,3,3,33,36,0,300,3,5
2675,4,138,4,1,3,3,43,55,180,300,2,5
2676,6,83,6,1,3,3,10,98,180,300,1,5
2677,6,368,7,1,3,1,94,36,0,300,4,5
2678,11,570,12,1,3,1,56,80,180,300,4,5
2679,7,123,7,1,3,1,63,57,180,300,4,5
2680,13,371,13,2,3,3,96,24,420,540,2,5
2681,2,130,2,1,3,1,36,3,180,300,4,5
2682,6,15,6,1,3,1,16,50,60,180,4,5
2683,4,498,6,1,3,3,98,62,0,300,3,5
2684,4,593,5,1,3,3,11,86,180,300,4,5
2685,3,440,4,1,3,3,76,29,60,180,3,5
2686,5,161,5,2,3,3,93,6,300,600,2,5
2687,6,421,7,1,3,1,30,44,0,300,4,5
2688,4,600,6,1,3,2,91,43,180,300,2,5
2689,10,526,11,1,3,1,72,93,0,300,4,5
2690,10,192,10,2,3,3,18,11,420,540,2,5
2691,14,267,15,1,3,1,96,90,0,300,4,5
2692,4,535,6,1,3,1,15,23,0,300,3,5
2693,3,465,4,1,3,1,71,43,0,300,2,5
2694,10,227,10,2,3,1,64,28,300,600,1,5
2695,10,158,11,1,3,1,17,41,180,300,1,5
2696,2,404,2,2,3,2,63,34,420,540,1,5
2697,13,331,13,2,3,1,97,90,420,540,3,5
2698,13,6,13,1,3,3,11,34,60,180,3,5
2699,9,468,11,1,3,3,93,64,60,180,4,5
2700,11,169,11,1,3,3,92,57,180,300,2,5
2701,5,458,6,1,3,1,27,100,60,180,3,5
2702,8,75,8,1,3,2,58,20,180,300,4,5
2703,10,26,10,1,3,2,77,79,60,180,2,5
2704,3,562,5,1,3,1,94,80,0,300,1,5
2705,11,248,11,2,3,1,99,43,420,540,3,5
2706,2,583,3,1,3,1,12,90,180,300,4,5
2707,9,287,9,2,3,2,88,99,420,540,4,5
2708,14,301,16,1,3,1,79,70,180,300,1,5
2709,5,430,7,1,3,1,9,81,60,180,2,5
2710,9,512,11,1,3,3,22,4,180,300,3,5
2711,5,352,6,1,3,2,26,20,60,180,2,5
2712,14,351,15,1,3,2,45,78,180,300,2,5
2713,10,293,10,2,3,3,18,73,300,420,2,5
2714,9,34,9,1,3,1,99,3,60,180,1,5
2715,11,226,11,2,3,2,14,49,300,600,3,5
2716,2,592,3,1,3,2,1,62,60,180,3,5
2717,7,387,7,2,3,3,11,75,420,540,4,5
2718,11,62,13,1,3,1,40,12,60,180,2,5
2719,3,536,4,1,3,1,90,25,60,180,4,5
2720,6,430,8,1,3,3,22,97,60,180,1,5
2721,10,65,11,1,3,3,29,2,180,300,1,5
2722,9,254,9,2,3,3,43,25,300,420,3,5
2723,13,217,13,2,3,3,43,49,300,600,1,5
2724,9,224,9,2,3,3,66,45,420,540,3,5
2725,6,254,7,1,3,1,0,30,60,180,1,5
2726,11,503,13,1,3,1,37,9,60,180,1,5
2727,11,189,12,1,3,2,42,7,180,300,2,5
2728,11,48,12,1,3,1,10,28,60,180,4,5
2729,3,546,4,1,3,2,21,1,0,300,3,5
2730,12,228,12,2,3,3,7,65,420,540,2,5
2731,10,159,10,1,3,3,74,55,180,300,4,5
2732,9,24,9,1,3,3,26,31,60,180,4,5
2733,11,202,11,2,3,1,68,49,420,540,1,5
2734,13,371,13,2,3,1,96,79,420,540,3,5
2735,2,552,4,1,3,2,61,67,180,300,3,5
2736,7,375,7,2,3,2,6,87,420,540,4,5
2737,6,560,8,2,3,2,50,13,420,540,2,5
2738,11,270,12,1,3,2,66,51,180,300,4,5
2739,13,234,14,1,3,3,31,10,0,300,2,5
2740,6,260,6,2,3,2,40,79,420,540,4,5
2741,2,138,2,1,3,3,56,24,180,300,2,5
2742,12,201,12,2,3,1,3,54,420,540,3,5
2743,10,51,11,2,3,2,56,41,300,600,2,5
2744,5,530,7,2,3,2,9,81,300,420,3,5
2745,2,215,3,1,3,1,38,9,0,300,2,5
2746,13,410,13,2,3,2,69,93,420,540,1,5
2747,14,279,15,1,3,1,27,32,0,300,1,5
2748,11,399,12,1,3,2,45,22,180,300,1,5
2749,7,176,7,1,3,3,36,34,180,300,3,5
2750,1,247,1,2,3,1,78,88,420,540,2,5
2751,4,169,5,1,3,1,67,82,60,180,3,5
2752,12,560,14,1,3,1,46,86,60,180,3,5
2753,12,0,12,1,3,2,50,89,60,180,4,5
2754,6,459,8,1,3,1,52,27,180,300,4,5
2755,14,84,15,1,3,3,40,76,60,180,2,5
2756,6,368,6,2,3,2,74,29,420,540,3,5
2757,13,497,14,1,3,1,12,8,0,300,4,5
2758,6,326,6,2,3,3,54,37,420,540,4,5
2759,7,588,9,1,3,2,77,83,0,300,4,5
2760,1,502,2,1,3,2,11,68,0,300,3,5
2761,9,56,11,2,3,1,96,93,0,300,4,5
2762,1,419,1,2,3,1,47,87,420,540,4,5
2763,8,531,10,1,3,3,65,79,60,180,2,5
2764,5,149,5,1,3,3,89,98,180,300,2,5
2765,3,512,4,1,3,1,34,62,180,300,2,5
2766,5,204,5,2,3,3,41,88,420,540,3,5
2767,1,212,1,2,3,3,39,72,420,540,4,5
2768,13,484,15,1,3,1,78,46,180,300,4,5
2769,1,338,1,2,3,1,21,73,420,540,2,5
2770,5,82,5,1,3,2,24,98,180,300,3,5
2771,5,579,7,2,3,3,95,40,180,300,2,5
2772,5,402,5,2,3,3,75,8,420,540,4,5
2773,2,44,3,1,3,1,0,37,180,300,1,5
2774,2,84,2,1,3,1,18,2,180,300,3,5
2775,14,418,16,1,3,1,26,20,0,300,2,5
2776,12,310,12,2,3,2,41,55,420,540,4,5
2777,2,130,3,1,3,1,1,30,60,180,3,5
2778,3,250,3,2,3,2,8,39,300,600,3,5
2779,3,70,3,1,3,2,47,77,180,300,2,5
2780,4,551,5,1,3,1,34,0,0,300,4,5
2781,11,385,11,2,3,3,2,10,420,540,4,5
2782,7,284,7,2,3,2,95,41,420,540,1,5
2783,9,351,9,2,3,2,32,26,420,540,4,5
2784,3,589,4,2,3,2,68,20,300,600,4,5
2785,8,19,9,1,3,1,82,30,180,300,2,5
2786,7,338,8,1,3,1,15,3,180,300,1,5
2787,14,139,16,1,3,2,95,13,60,180,3,5
2788,6,573,8,1,3,1,51,14,60,180,1,5
2789,4,73,5,1,3,1,29,76,0,300,3,5
2790,6,323,6,2,3,2,1,75,420,540,3,5
2791,3,359,3,2,3,1,86,79,420,540,2,5
2792,13,487,15,1,3,1,21,62,180,300,2,5
2793,9,102,9,1,3,3,70,2,180,300,1,5
2794,14,422,15,1,3,1,39,78,180,300,4,5
2795,9,26,10,1,3,1,59,4,180,300,4,5
2796,5,136,5,1,3,3,44,1,180,300,3,5
2797,11,142,11,1,3,3,80,20,180,300,3,5
2798,5,544,7,1,3,1,51,75,180,300,3,5
2799,2,192,2,2,3,2,26,48,420,540,4,5
2800,14,255,14,2,3,2,71,8,300,420,3,5
2801,7,357,7,2,3,2,32,39,420,540,3,5
2802,12,96,12,1,3,3,69,47,180,300,1,5
2803,5,149,6,1,3,2,81,6,60,180,3,5
2804,10,127,10,1,3,1,18,88,180,300,3,5
2805,13,23,14,1,3,3,100,54,0,300,3,5
2806,14,532,15,1,3,3,6,64,0,300,2,5
2807,8,100,9,1,3,1,63,60,0,300,3,5
2808,11,447,13,1,3,1,87,24,0,300,3,5
2809,1,345,1,2,3,3,82,73,420,540,2,5
2810,11,477,12,1,3,2,81,75,0,300,4,5
2811,10,355,11,1,3,2,81,73,0,300,3,5
2812,11,251,12,1,3,3,87,27,60,180,2,5
2813,1,228,1,2,3,2,10,77,300,420,2,5
2814,7,49,7,1,3,2,34,71,60,180,3,5
2815,10,245,10,2,3,3,96,9,420,540,3,5
2816,6,110,6,1,3,3,32,10,180,300,1,5
2817,8,382,8,2,3,1,62,81,420,540,1,5
2818,4,424,5,1,3,3,52,47,0,300,1,5
2819,11,111,11,1,3,1,45,33,180,300,4,5
2820,7,353,8,1,3,1,52,35,60,180,1,5
2821,13,486,15,1,3,3,90,53,0,300,1,5
2822,5,457,7,1,3,1,98,8,0,300,1,5
2823,5,66,5,1,3,3,77,2,180,300,3,5
2824,5,109,5,1,3,1,26,63,180,300,4,5
2825,10,31,11,1,3,1,6,1,60,180,1,5
2826,5,584,7,1,3,2,68,83,180,300,4,5
2827,3,201,3,2,3,3,20,2,300,420,3,5
2828,10,247,11,1,3,1,77,42,180,300,3,5
2829,14,164,14,1,3,1,17,25,180,300,1,5
2830,5,164,6,1,3,1,10,26,60,180,4,5
2831,14,423,16,1,3,3,57,7,180,300,1,5
2832,8,404,9,1,3,1,79,81,60,180,3,5
2833,11,270,11,2,3,3,28,47,420,540,1,5
2834,9,570,11,1,3,3,41,8,60,180,1,5
2835,7,230,7,2,3,2,72,93,420,540,2,5
2836,8,578,9,1,3,3,62,83,60,180,4,5
2837,5,146,6,1,3,1,35,45,60,180,1,5
2838,6,209,6,2,3,1,89,74,300,420,4,5
2839,13,69,13,1,3,2,93,93,180,300,3,5
2840,2,465,3,1,3,1,19,63,180,300,2,5
2841,9,521,10,1,3,1,24,94,0,300,1,5
2842,3,4,3,1,3,1,41,55,60,180,2,5
2843,10,23,12,1,3,2,94,64,180,300,1,5
2844,14,595,16,1,3,3,68,4,60,180,1,5
2845,4,358,4,2,3,3,36,22,420,540,3,5
2846,4,177,4,1,3,1,80,65,180,300,4,5
2847,7,276,8,1,3,1,32,83,60,180,3,5
2848,8,281,9,1,3,2,82,3,60,180,2,5
2849,4,116,5,1,3,3,83,58,0,300,4,5
2850,13,144,13,1,3,1,62,15,180,300,4,5
2851,10,383,10,2,3,3,100,86,420,540,2,5
2852,5,469,7,1,3,3,81,52,180,300,1,5
2853,11,117,12,1,3,2,43,85,0,300,1,5
2854,5,139,5,2,3,1,23,7,180,300,4,5
2855,8,372,9,1,3,1,46,29,0,300,2,5
2856,13,455,15,1,3,1,25,62,60,180,4,5
2857,4,154,5,2,3,3,95,28,300,600,4,5
2858,13,585,14,1,3,2,96,9,0,300,2,5
2859,5,240,6,1,3,3,11,80,0,300,2,5
2860,4,208,4,2,3,2,18,40,300,600,2,5
2861,13,104,14,1,3,3,58,75,180,300,2,5
2862,5,283,5,2,3,3,75,68,300,600,3,5
2863,5,109,5,1,3,3,2,80,180,300,4,5
2864,5,224,6,1,3,3,86,25,60,180,3,5
2865,5,234,7,1,3,1,22,1,180,300,3,5
2866,7,277,8,1,3,3,50,52,0,300,3,5
2867,6,600,7,1,3,2,15,28,0,300,2,5
2868,13,6,14,1,3,2,92,8,180,300,1,5
2869,4,412,5,1,3,3,49,18,60,180,3,5
2870,9,597,11,1,3,3,44,41,180,300,2,5
2871,9,527,10,1,3,3,68,16,0,300,2,5
2872,1,367,1,2,3,3,42,25,420,540,2,5
2873,10,499,12,1,3,1,47,23,60,180,3,5
2874,9,26,10,1,3,1,66,45,180,300,2,5
2875,5,289,5,2,3,3,99,34,300,420,4,5
2876,8,26,8,1,3,3,61,52,60,180,2,5
2877,6,362,6,2,3,3,17,51,420,540,3,5
2878,14,317,15,1,3,2,24,2,180,300,1,5
2879,2,571,3,1,3,2,6,65,60,180,1,5
2880,3,389,5,1,3,1,69,47,60,180,2,5
2881,5,586,7,1,3,1,35,70,60,180,2,5
2882,4,569,6,1,3,1,28,89,60,180,4,5
2883,8,321,9,1,3,1,81,63,0,300,2,5
2884,7,538,8,1,3,2,96,77,0,300,1,5
2885,9,412,10,1,3,3,93,41,0,300,2,5
2886,5,171,5,1,3,3,96,49,180,300,3,5
2887,11,258,12,1,3,3,41,32,60,180,3,5
2888,5,144,6,2,3,1,94,86,60,180,2,5
2889,8,151,9,1,3,2,79,16,60,180,1,5
2890,11,466,13,1,3,1,60,52,60,180,2,5
2891,3,199,3,2,3,3,39,63,300,420,3,5
2892,6,91,7,1,3,2,21,93,0,300,2,5
2893,10,173,11,1,3,2,35,52,0,300,4,5
2894,10,65,10,1,3,1,18,76,180,300,4,5
2895,13,466,14,1,3,1,11,25,0,300,3,5
2896,9,388,9,2,3,3,26,73,420,540,2,5
2897,8,178,9,1,3,2,5,45,180,300,3,5
2898,10,420,11,1,3,1,82,73,60,180,4,5
2899,4,442,5,1,3,3,42,11,180,300,1,5
2900,4,16,4,1,3,1,7,71,60,180,4,5
2901,7,274,7,2,3,3,65,70,420,540,1,5
2902,12,51,12,1,3,2,82,49,60,180,4,5
2903,4,438,5,1,3,2,42,32,180,300,3,5
2904,3,561,4,1,3,3,96,73,60,180,1,5
2905,14,34,15,1,3,2,25,53,60,180,1,5
2906,14,248,14,2,3,2,82,50,420,540,1,5
2907,4,241,4,2,3,2,76,88,300,600,4,5
2908,4,248,4,2,3,3,8,31,420,540,3,5
2909,4,364,4,2,3,2,55,77,420,540,4,5
2910,8,55,9,1,3,2,82,50,60,180,3,5
2911,10,183,10,2,3,2,55,0,300,420,3,5
2912,14,32,14,1,3,1,87,30,60,180,3,5
2913,10,255,10,2,3,3,73,37,420,540,1,5
2914,12,174,12,1,3,3,16,61,180,300,2,5
2915,8,434,9,1,3,1,40,66,0,300,3,5
2916,6,437,8,2,3,3,78,49,60,180,1,5
2917,2,356,2,2,3,1,75,33,420,540,2,5
2918,11,593,13,1,3,3,3,64,180,300,3,5
2919,6,450,8,2,3,3,36,1,420,540,1,5
2920,10,157,11,1,3,2,22,67,180,300,1,5
2921,1,55,1,1,3,2,71,37,60,180,1,5
2922,10,385,11,1,3,3,86,73,0,300,4,5
2923,5,193,5,2,3,1,53,5,300,600,1,5
2924,3,350,3,2,3,2,60,0,420,540,2,5
2925,3,464,4,1,3,1,64,90,0,300,1,5
2926,6,229,7,1,3,1,19,38,60,180,3,5
2927,13,276,13,2,3,2,14,30,300,420,4,5
2928,8,519,10,2,3,3,16,51,300,420,3,5
2929,5,506,6,1,3,1,17,52,0,300,4,5
2930,7,242,7,2,3,3,7,2,420,540,2,5
2931,1,56,1,1,3,1,88,62,60,180,4,5
2932,2,569,4,1,3,3,42,1,60,180,4,5
2933,6,573,7,1,3,1,16,34,60,180,3,5
2934,14,491,15,1,3,2,30,10,0,300,3,5
2935,5,280,5,2,3,2,43,92,420,540,2,5
2936,13,155,14,1,3,1,61,74,0,300,3,5
2937,10,382,10,2,3,3,56,51,420,540,1,5
2938,3,58,3,1,3,2,69,39,60,180,1,5
2939,12,434,14,1,3,3,13,68,180,300,2,5
2940,14,374,14,2,3,2,100,79,420,540,1,5
2941,1,302,2,1,3,2,29,65,0,300,1,5
2942,11,372,11,2,3,3,10,66,420,540,3,5
2943,2,321,3,1,3,2,74,57,180,300,2,5
2944,5,365,6,1,3,1,35,72,60,180,2,5
2945,2,8,3,1,3,3,34,1,0,300,2,5
2946,1,19,2,1,3,2,4,83,180,300,4,5
2947,12,273,13,1,3,1,92,100,0,300,1,5
2948,7,178,8,1,3,3,13,46,180,300,2,5
2949,9,372,10,1,3,1,89,1,0,300,3,5
2950,2,507,3,1,3,2,90,99,0,300,3,5
2951,14,160,14,1,3,2,14,95,180,300,4,5
2952,2,106,2,1,3,1,48,73,180,300,1,5
2953,3,557,4,1,3,3,55,28,180,300,4,5
2954,3,291,4,1,3,2,90,5,180,300,3,5
2955,8,81,8,1,3,3,99,85,180,300,2,5
2956,13,408,13,2,3,3,4,27,420,540,3,5
2957,14,147,14,2,3,2,47,72,300,420,4,5
2958,4,1,4,1,3,3,68,50,60,180,4,5
2959,4,367,5,1,3,1,26,48,60,180,3,5
2960,1,186,1,2,3,1,89,70,420,540,3,5
2961,5,390,5,2,3,1,68,5,420,540,1,5
2962,10,312,10,2,3,1,80,42,420,540,1,5
2963,14,516,16,1,3,2,49,19,180,300,3,5
2964,5,480,7,1,3,1,92,85,180,300,2,5
2965,4,71,5,1,3,2,73,5,180,300,3,5
2966,11,51,11,1,3,2,90,41,60,180,4,5
2967,3,212,3,2,3,2,59,8,300,600,2,5
2968,13,339,14,1,3,3,42,29,60,180,1,5
2969,5,332,6,1,3,2,83,45,180,300,2,5
2970,10,125,11,1,3,3,76,1,60,180,4,5
2971,9,159,9,1,3,3,99,55,180,300,1,5
2972,11,149,12,1,3,1,20,30,0,300,4,5
2973,5,300,5,2,3,1,93,29,420,540,1,5
2974,12,425,14,1,3,2,39,84,60,180,2,5
2975,5,267,6,1,3,3,88,30,180,300,4,5
2976,3,156,4,1,3,3,80,71,0,300,1,5
2977,12,593,13,1,3,2,83,70,0,300,1,5
2978,7,504,9,1,3,1,28,99,0,300,2,5
2979,4,62,4,1,3,2,60,54,180,300,4,5
2980,2,546,4,1,3,1,3,52,0,300,3,5
2981,10,233,11,1,3,1,56,88,0,300,4,5
2982,12,525,14,1,3,3,12,50,180,300,4,5
2983,10,156,11,1,3,1,29,85,60,180,1,5
2984,11,511,13,1,3,1,40,95,0,300,1,5
2985,4,442,6,1,3,2,12,9,60,180,3,5
2986,13,534,15,1,3,3,49,95,180,300,4,5
2987,3,297,3,2,3,1,44,58,420,540,2,5
2988,9,38,9,1,3,2,80,34,60,180,2,5
2989,7,224,7,2,3,1,18,79,300,420,1,5
2990,8,87,8,1,3,1,32,63,180,300,3,5
2991,1,181,2,1,3,2,57,52,180,300,1,5
2992,2,112,3,1,3,2,35,0,180,300,3,5
2993,10,109,10,1,3,2,39,73,180,300,4,5
2994,1,7,2,1,3,3,19,12,0,300,1,5
2995,2,418,3,1,3,2,4,9,0,300,4,5
2996,2,23,2,1,3,3,56,53,60,180,2,5
2997,8,98,8,1,3,3,54,19,180,300,4,5
2998,3,166,4,1,3,1,29,43,180,300,2,5
2999,13,19,14,1,3,2,21,90,180,300,1,5
3000,7,444,9,1,3,3,8,74,180,300,1,5
3001,6,390,7,1,3,2,45,77,60,180,1,5
3002,11,530,12,1,3,3,72,43,60,180,4,5
3003,13,285,14,1,3,1,26,33,180,300,4,5
3004,6,124,6,1,3,3,36,86,180,300,2,5
3005,12,454,13,1,3,1,4,28,60,180,3,5
3006,10,440,11,1,3,3,18,29,60,180,3,5
3007,11,347,11,2,3,2,76,69,420,540,4,5
3008,10,398,12,1,3,1,26,24,0,300,1,5
3009,14,273,14,2,3,1,1,61,420,540,3,5
3010,3,434,4,1,3,2,83,53,180,300,2,5
3011,7,149,7,1,3,1,39,8,180,300,3,5
3012,8,460,9,1,3,3,1,16,180,300,2,5
3013,8,571,9,1,3,1,22,12,0,300,4,5
3014,9,115,10,1,3,2,21,95,0,300,4,5
3015,7,350,7,2,3,3,99,41,420,540,1,5
3016,9,319,10,1,3,1,67,27,180,300,1,5
3017,7,590,9,1,3,2,44,88,180,300,4,5
3018,9,405,10,1,3,1,10,53,180,300,3,5
3019,9,129,10,1,3,2,92,5,180,300,1,5
3020,5,175,5,2,3,2,57,24,300,600,3,5
3021,13,189,13,2,3,1,23,86,420,540,3,5
3022,7,31,7,1,3,2,85,37,60,180,1,5
3023,1,260,2,1,3,2,18,69,180,300,2,5
3024,13,575,15,1,3,2,78,78,60,180,4,5
3025,5,286,5,2,3,1,73,37,420,540,1,5
3026,1,391,2,1,3,3,80,12,0,300,3,5
3027,1,30,1,1,3,1,75,69,60,180,1,5
3028,3,58,3,1,3,3,15,35,60,180,1,5
3029,6,143,6,1,3,3,57,8,180,300,3,5
3030,2,148,3,1,3,2,15,2,60,180,4,5
3031,2,257,2,2,3,2,46,36,300,420,1,5
3032,3,201,3,2,3,1,41,88,420,540,1,5
3033,10,216,10,2,3,2,31,42,420,540,1,5
3034,2,32,3,1,3,1,77,53,60,180,1,5
3035,11,397,12,1,3,2,60,74,180,300,1,5
3036,13,295,14,1,3,3,71,96,0,300,1,5
3037,6,83,7,1,3,2,45,78,0,300,3,5
3038,7,584,9,1,3,2,70,89,60,180,4,5
3039,12,63,13,1,3,1,62,98,180,300,1,5
3040,14,536,16,1,3,2,41,17,0,300,2,5
3041,9,456,10,1,3,1,93,97,60,180,4,5
3042,8,564,9,2,3,1,7,89,60,180,2,5
3043,9,532,11,1,3,2,33,48,180,300,3,5
3044,2,221,2,2,3,3,32,23,420,540,4,5
3045,9,595,11,1,3,2,33,71,60,180,4,5
3046,9,405,9,2,3,1,21,31,420,540,1,5
3047,9,143,9,1,3,1,88,54,180,300,4,5
3048,6,172,6,1,3,1,14,62,180,300,2,5
3049,9,121,10,1,3,1,98,10,180,300,4,5
3050,13,397,14,1,3,2,72,27,0,300,1,5
3051,3,482,4,1,3,1,39,86,0,300,4,5
3052,10,178,10,1,3,3,91,0,180,300,4,5
3053,6,312,7,1,3,2,24,100,180,300,4,5
3054,1,548,2,1,3,1,83,85,180,300,3,5
3055,6,181,6,2,3,2,72,35,420,540,2,5
3056,9,80,9,1,3,3,39,77,180,300,3,5
3057,5,306,6,1,3,2,3,61,60,180,2,5
3058,8,57,8,1,3,1,53,51,60,180,2,5
3059,4,1,4,1,3,2,81,64,60,180,1,5
3060,2,599,4,1,3,3,87,68,180,300,3,5
3061,4,56,4,1,3,2,43,11,60,180,1,5
3062,2,354,2,2,3,1,95,42,420,540,1,5
3063,13,461,15,1,3,1,85,98,60,180,2,5
3064,1,441,2,2,3,1,37,9,0,300,4,5
3065,8,89,8,1,3,2,92,17,180,300,4,5
3066,8,121,10,2,3,2,10,56,0,300,3,5
3067,11,55,11,1,3,3,93,71,60,180,3,5
3068,2,131,3,1,3,3,72,73,0,300,3,5
3069,6,552,8,1,3,1,64,6,180,300,4,5
3070,1,568,3,1,3,2,77,46,0,300,4,5
3071,6,172,6,1,3,1,58,85,180,300,3,5
3072,7,205,7,2,3,1,10,88,300,600,2,5
3073,4,280,4,2,3,2,24,41,420,540,4,5
3074,12,147,12,1,3,2,80,26,180,300,4,5
3075,1,1,1,1,3,3,21,11,60,180,4,5
3076,7,561,9,1,3,2,25,20,180,300,4,5
3077,14,11,16,1,3,1,81,32,180,300,4,5
3078,2,369,2,2,3,2,67,1,420,540,2,5
3079,6,125,6,1,3,3,45,18,180,300,4,5
3080,2,99,3,1,3,2,12,32,60,180,1,5
3081,13,3,13,1,3,1,9,96,60,180,2,5
3082,8,564,10,1,3,1,75,49,60,180,3,5
3083,10,591,11,1,3,2,19,89,0,300,4,5
3084,2,456,3,1,3,1,12,21,60,180,1,5
3085,6,256,6,2,3,1,30,34,300,420,3,5
3086,14,24,15,1,3,1,16,75,180,300,2,5
3087,4,478,6,1,3,3,74,27,0,300,2,5
3088,1,224,1,2,3,3,34,17,300,420,2,5
3089,12,186,13,1,3,3,70,38,60,180,3,5
3090,6,503,7,1,3,3,36,53,60,180,3,5
3091,7,25,7,1,3,3,39,63,60,180,4,5
3092,7,294,7,2,3,3,12,95,420,540,2,5
3093,7,294,8,1,3,2,88,85,0,300,2,5
3094,12,425,14,1,3,3,64,84,60,180,4,5
3095,4,526,5,1,3,2,78,99,180,300,4,5
3096,11,277,11,2,3,1,63,41,420,540,4,5
3097,3,507,5,1,3,2,68,81,0,300,3,5
3098,12,207,14,1,3,3,64,71,60,180,1,5
3099,11,497,13,1,3,1,56,34,60,180,3,5
3100,12,436,14,1,3,3,36,59,0,300,1,5
3101,8,289,8,2,3,3,47,87,300,600,2,5
3102,4,157,4,1,3,1,96,100,180,300,2,5
3103,14,254,14,2,3,1,65,8,420,540,3,5
3104,5,42,5,1,3,1,54,70,60,180,1,5
3105,8,184,8,2,3,1,72,82,420,540,1,5
3106,1,232,1,2,3,1,67,66,420,540,3,5
3107,3,96,3,1,3,2,11,88,180,300,4,5
3108,3,107,3,1,3,3,3,10,180,300,1,5
3109,4,19,4,1,3,1,74,76,60,180,1,5
3110,7,339,9,1,3,1,15,32,0,300,2,5
3111,14,370,15,1,3,1,44,3,180,300,1,5
3112,10,459,12,1,3,3,53,49,60,180,3,5
3113,2,224,3,1,3,3,22,90,60,180,1,5
3114,1,33,2,1,3,3,63,64,0,300,1,5
3115,11,419,13,1,3,3,40,68,0,300,1,5
3116,5,28,6,1,3,1,68,25,180,300,3,5
3117,1,480,2,1,3,3,28,17,0,300,2,5
3118,14,331,14,2,3,2,83,4,420,540,2,5
3119,1,531,3,1,3,1,65,19,180,300,2,5
3120,3,21,3,1,3,3,35,97,60,180,4,5
3121,6,87,7,1,3,3,9,34,0,300,3,5
3122,4,288,5,1,3,3,50,36,180,300,1,5
3123,2,520,4,1,3,3,22,41,60,180,3,5
3124,6,260,6,2,3,1,72,21,300,420,1,5
3125,13,596,14,1,3,3,79,68,180,300,4,5
3126,3,311,4,1,3,3,28,89,60,180,2,5
3127,14,414,14,2,3,1,76,66,420,540,4,5
3128,3,14,4,1,3,3,51,18,60,180,3,5
3129,1,165,1,1,3,3,66,94,180,300,4,5
3130,3,535,5,1,3,3,91,51,180,300,3,5
3131,5,531,6,1,3,3,34,69,180,300,3,5
3132,10,304,10,2,3,2,54,83,420,540,1,5
3133,10,555,11,1,3,3,29,18,60,180,1,5
3134,7,346,7,2,3,3,86,56,420,540,3,5
3135,4,244,5,1,3,3,40,31,0,300,3,5
3136,9,419,9,2,3,1,12,1,420,540,1,5
3137,10,61,11,1,3,2,84,67,180,300,1,5
3138,1,52,1,1,3,3,30,4,60,180,2,5
3139,7,329,7,2,3,1,24,45,420,540,1,5
3140,3,487,5,1,3,1,83,28,60,180,2,5
3141,4,97,5,1,3,2,98,24,0,300,3,5
3142,10,273,10,2,3,1,15,55,420,540,3,5
3143,11,338,12,1,3,1,6,41,60,180,2,5
3144,6,454,7,1,3,2,51,95,60,180,1,5
3145,8,302,9,2,3,2,43,78,180,300,3,5
3146,8,578,10,1,3,1,0,57,0,300,2,5
3147,11,126,12,1,3,3,27,82,0,300,4,5
3148,14,299,15,1,3,1,75,79,180,300,1,5
3149,5,492,6,1,3,1,93,12,0,300,2,5
3150,6,370,6,2,3,2,56,72,420,540,3,5
3151,3,583,5,1,3,1,39,85,180,300,2,5
3152,11,345,12,1,3,2,34,19,180,300,3,5
3153,4,83,4,1,3,1,32,79,180,300,3,5
3154,3,573,4,1,3,1,14,92,180,300,3,5
3155,1,400,1,2,3,1,66,72,420,540,4,5
3156,6,488,8,1,3,2,41,0,180,300,1,5
3157,11,440,13,1,3,1,52,42,0,300,2,5
3158,5,195,5,2,3,3,66,80,300,600,1,5
3159,2,125,2,2,3,2,78,3,300,600,1,5
3160,6,386,6,2,3,1,26,64,420,540,2,5
3161,12,108,12,1,3,3,71,23,180,300,2,5
3162,10,55,11,2,3,1,12,83,420,540,2,5
3163,9,570,10,1,3,3,17,29,0,300,4,5
3164,3,37,3,1,3,3,24,55,60,180,3,5
3165,10,3,10,1,3,3,86,40,60,180,3,5
3166,3,554,4,1,3,1,74,25,180,300,3,5
3167,12,422,14,1,3,1,26,81,0,300,4,5
3168,12,295,13,1,3,2,11,58,60,180,2,5
3169,4,539,6,1,3,2,10,8,180,300,3,5
3170,8,325,8,2,3,3,6,13,420,540,1,5
3171,9,93,10,1,3,2,38,71,60,180,3,5
3172,11,323,12,1,3,3,51,55,0,300,3,5
3173,1,152,1,1,3,2,32,35,180,300,2,5
3174,4,24,4,1,3,3,20,23,60,180,3,5
3175,7,446,9,1,3,3,50,1,180,300,1,5
3176,9,82,10,1,3,3,50,41,60,180,2,5
3177,7,135,7,1,3,1,56,11,180,300,3,5
3178,5,209,5,2,3,1,81,9,300,600,3,5
3179,2,168,3,1,3,3,57,40,180,300,3,5
3180,10,461,12,1,3,3,1,83,180,300,4,5
3181,4,323,4,2,3,2,82,83,420,540,4,5
3182,9,273,9,2,3,1,27,68,300,600,2,5
3183,14,441,16,1,3,1,54,83,180,300,2,5
3184,5,272,5,2,3,2,69,31,420,540,3,5
3185,1,172,1,1,3,1,0,80,180,300,1,5
3186,11,249,11,2,3,2,0,86,420,540,4,5
3187,9,302,10,1,3,1,27,28,180,300,1,5
3188,2,18,2,1,3,3,54,27,60,180,3,5
3189,12,62,13,1,3,1,81,82,0,300,1,5
3190,9,264,9,2,3,2,55,57,420,540,3,5
3191,2,469,3,1,3,2,45,43,0,300,2,5
3192,5,146,6,1,3,3,16,9,180,300,1,5
3193,2,177,2,1,3,1,60,98,180,300,3,5
3194,4,435,6,1,3,1,72,36,60,180,3,5
3195,6,191,6,2,3,1,4,97,300,420,1,5
3196,11,312,11,2,3,1,67,64,420,540,1,5
3197,12,116,12,1,3,2,98,81,180,300,3,5
3198,11,565,13,1,3,1,61,63,60,180,3,5
3199,14,181,14,2,3,3,12,77,300,600,2,5
3200,3,326,3,2,3,3,18,27,420,540,2,5
3201,9,578,11,2,3,3,91,32,60,180,3,5
3202,12,366,12,2,3,3,70,77,420,540,4,5
3203,6,458,7,1,3,1,95,27,60,180,1,5
3204,9,416,10,1,3,3,26,18,180,300,2,5
3205,9,211,10,1,3,3,27,34,60,180,1,5
3206,4,568,6,1,3,3,4,17,60,180,4,5
3207,2,411,2,2,3,3,52,92,420,540,3,5
3208,11,202,12,1,3,2,36,82,60,180,3,5
3209,6,398,6,2,3,2,48,81,420,540,2,5
3210,3,273,3,2,3,2,57,92,420,540,1,5
3211,7,338,8,2,3,1,17,22,0,300,2,5
3212,14,475,15,1,3,2,95,83,60,180,3,5
3213,7,373,8,1,3,2,46,18,0,300,2,5
3214,3,378,3,2,3,1,86,10,420,540,4,5
3215,2,91,2,1,3,1,60,47,180,300,1,5
3216,6,488,8,1,3,2,38,72,60,180,1,5
3217,3,314,4,1,3,3,64,74,180,300,4,5
3218,4,196,5,1,3,3,95,99,60,180,3,5
3219,6,442,7,1,3,1,43,68,0,300,4,5
3220,8,518,9,1,3,1,34,92,180,300,3,5
3221,1,580,3,1,3,3,21,48,60,180,4,5
3222,1,214,2,1,3,2,54,34,180,300,3,5
3223,7,340,7,2,3,1,75,9,420,540,3,5
3224,11,417,12,2,3,1,41,81,0,300,4,5
3225,12,8,13,1,3,1,40,49,60,180,3,5
3226,8,224,8,2,3,2,61,92,420,540,1,5
3227,4,54,5,2,3,2,2,39,0,300,3,5
3228,6,450,7,1,3,1,2,100,60,180,2,5
3229,7,116,9,1,3,3,38,83,60,180,4,5
3230,1,377,1,2,3,2,92,67,420,540,1,5
3231,14,61,14,1,3,1,55,39,180,300,4,5
3232,9,13,9,1,3,1,56,49,60,180,4,5
3233,5,193,5,2,3,1,3,91,420,540,3,5
3234,4,365,5,1,3,1,86,20,0,300,1,5
3235,2,438,3,1,3,2,100,31,0,300,3,5
3236,11,17,11,1,3,3,58,15,60,180,4,5
3237,2,354,3,2,3,3,35,72,420,540,1,5
3238,5,252,5,2,3,1,86,41,420,540,1,5
3239,12,89,14,1,3,2,96,61,180,300,1,5
3240,11,579,12,1,3,1,42,29,60,180,4,5
3241,12,345,13,2,3,3,48,57,180,300,1,5
3242,6,36,7,1,3,2,10,52,60,180,4,5
3243,3,429,4,1,3,2,74,39,60,180,1,5
3244,11,244,11,2,3,3,72,90,420,540,2,5
3245,13,461,14,1,3,2,81,100,0,300,1,5
3246,4,210,4,2,3,2,57,92,420,540,2,5
3247,7,583,9,1,3,2,43,44,60,180,3,5
3248,8,538,9,1,3,3,49,38,60,180,1,5
3249,10,497,11,1,3,2,11,93,0,300,3,5
3250,9,325,10,1,3,2,33,84,180,300,4,5
3251,13,410,14,1,3,3,65,15,0,300,2,5
3252,8,43,9,1,3,1,60,46,0,300,2,5
3253,11,470,13,1,3,3,45,26,0,300,3,5
3254,11,468,12,1,3,3,97,37,60,180,1,5
3255,14,251,14,2,3,2,35,80,420,540,4,5
3256,5,153,6,1,3,3,94,35,180,300,1,5
3257,2,550,3,1,3,1,85,13,0,300,1,5
3258,6,172,6,1,3,3,40,23,180,300,3,5
3259,1,335,2,1,3,1,52,68,60,180,3,5
3260,10,379,10,2,3,3,29,43,420,540,1,5
3261,14,175,15,1,3,1,2,6,0,300,3,5
3262,1,266,2,1,3,3,97,73,0,300,2,5
3263,12,19,12,1,3,3,17,38,60,180,3,5
3264,4,509,5,1,3,3,12,93,60,180,2,5
3265,10,434,12,1,3,1,29,13,60,180,3,5
3266,9,295,10,1,3,3,49,70,0,300,2,5
3267,13,425,15,1,3,3,25,13,180,300,2,5
3268,14,343,15,1,3,2,6,22,60,180,1,5
3269,2,12,3,1,3,2,49,82,180,300,2,5
3270,12,138,13,1,3,1,76,41,0,300,3,5
3271,8,357,8,2,3,3,49,73,420,540,4,5
3272,13,273,14,1,3,1,93,50,0,300,4,5
3273,6,183,6,2,3,1,99,13,300,600,4,5
3274,11,70,11,1,3,3,26,44,180,300,3,5
3275,7,330,7,2,3,1,25,8,420,540,1,5
3276,11,2,11,1,3,3,100,37,60,180,4,5
3277,3,303,4,1,3,2,62,64,0,300,1,5
3278,11,462,12,1,3,2,9,97,180,300,3,5
3279,10,450,11,1,3,2,39,69,180,300,4,5
3280,14,135,14,1,3,1,54,75,180,300,1,5
3281,11,87,12,1,3,1,55,12,60,180,1,5
3282,4,545,5,1,3,3,99,60,180,300,4,5
3283,8,109,8,1,3,2,34,52,180,300,3,5
3284,10,514,12,1,3,2,29,99,60,180,4,5
3285,4,7,4,1,3,2,98,95,60,180,2,5
3286,14,57,16,1,3,2,15,80,60,180,4,5
3287,13,258,14,1,3,1,78,29,0,300,1,5
3288,4,80,4,2,3,1,99,73,300,600,3,5
3289,7,376,7,2,3,3,22,2,420,540,4,5
3290,2,228,2,2,3,1,85,17,300,420,1,5
3291,12,131,12,1,3,2,71,91,180,300,4,5
3292,3,559,4,1,3,2,5,66,0,300,4,5
3293,1,69,2,1,3,3,30,63,60,180,1,5
3294,7,14,7,2,3,1,41,35,0,300,1,5
3295,11,207,11,2,3,1,51,61,300,600,2,5
3296,8,576,10,1,3,2,73,70,180,300,2,5
3297,5,148,5,1,3,1,27,10,180,300,2,5
3298,1,26,1,1,3,2,22,43,60,180,4,5
3299,1,314,1,2,3,3,78,21,420,540,4,5
3300,1,414,2,1,3,3,77,65,0,300,3,5
3301,14,73,14,1,3,3,74,40,180,300,2,5
3302,11,0,12,1,3,1,50,68,180,300,3,5
3303,3,336,3,2,3,3,66,31,420,540,4,5
3304,12,225,12,2,3,2,33,23,420,540,2,5
3305,10,207,11,1,3,3,77,85,0,300,4,5
3306,6,49,6,1,3,1,72,28,60,180,3,5
3307,12,249,12,2,3,2,53,54,420,540,2,5
3308,7,507,8,1,3,1,74,78,180,300,4,5
3309,4,82,4,1,3,1,17,61,180,300,2,5
3310,11,574,13,1,3,1,35,66,180,300,4,5
3311,8,23,9,1,3,2,65,56,60,180,3,5
3312,2,270,2,2,3,2,38,21,420,540,3,5
3313,7,598,9,1,3,2,98,78,0,300,2,5
3314,5,488,6,1,3,1,12,84,60,180,1,5
3315,8,155,9,1,3,3,15,17,0,300,4,5
3316,13,236,14,1,3,2,9,38,180,300,2,5
3317,8,260,8,2,3,1,22,44,300,420,2,5
3318,8,504,10,1,3,3,41,14,180,300,3,5
3319,3,119,4,1,3,2,3,40,60,180,2,5
3320,6,163,6,1,3,2,18,73,180,300,4,5
3321,6,146,6,1,3,1,90,85,180,300,4,5
3322,11,337,13,1,3,3,94,78,0,300,4,5
3323,14,179,16,1,3,3,82,30,0,300,4,5
3324,4,567,5,1,3,1,39,37,180,300,4,5
3325,8,170,9,1,3,1,66,84,60,180,3,5
3326,11,166,12,1,3,1,2,47,180,300,3,5
3327,1,31,1,1,3,1,12,63,60,180,3,5
3328,1,537,2,1,3,1,39,78,0,300,3,5
3329,4,344,5,2,3,1,36,53,60,180,3,5
3330,4,309,4,2,3,2,84,82,420,540,1,5
3331,7,366,7,2,3,2,31,100,420,540,1,5
3332,12,290,13,1,3,3,26,63,0,300,4,5
3333,12,544,14,1,3,1,22,16,180,300,3,5
3334,3,207,4,1,3,2,88,91,180,300,1,5
3335,4,391,4,2,3,1,36,34,420,540,3,5
3336,10,374,10,2,3,3,59,65,420,540,4,5
3337,8,128,8,1,3,2,77,83,180,300,3,5
3338,10,547,11,1,3,1,86,9,60,180,1,5
3339,8,546,9,1,3,1,58,89,180,300,4,5
3340,12,197,13,1,3,2,52,55,180,300,1,5
3341,6,69,6,1,3,2,45,83,180,300,2,5
3342,9,366,10,1,3,1,68,62,0,300,1,5
3343,12,280,12,2,3,1,8,68,300,420,4,5
3344,7,443,9,1,3,3,20,34,180,300,4,5
3345,11,564,12,1,3,2,48,70,60,180,4,5
3346,4,383,5,1,3,3,95,2,180,300,3,5
3347,13,492,15,1,3,2,6,14,180,300,2,5
3348,9,339,9,2,3,3,56,73,420,540,4,5
3349,5,63,5,1,3,3,3,48,180,300,3,5
3350,6,399,7,1,3,1,1,50,0,300,3,5
3351,11,131,11,1,3,1,28,66,180,300,4,5
3352,2,268,2,2,3,1,72,87,420,540,1,5
3353,13,431,15,1,3,2,95,71,0,300,1,5
3354,9,241,9,2,3,1,76,39,300,600,1,5
3355,2,344,2,2,3,3,71,81,420,540,4,5
3356,13,230,13,2,3,3,17,77,420,540,3,5
3357,13,47,13,1,3,1,10,0,60,180,4,5
3358,5,239,6,1,3,3,68,29,180,300,4,5
3359,5,126,5,1,3,1,43,27,180,300,4,5
3360,14,465,15,1,3,3,96,63,60,180,2,5
3361,6,258,6,2,3,3,78,59,300,600,1,5
3362,3,300,4,1,3,2,46,97,0,300,3,5
3363,9,437,10,1,3,1,52,58,60,180,2,5
3364,6,589,8,1,3,2,76,14,0,300,1,5
3365,13,478,14,1,3,1,54,11,60,180,4,5
3366,13,34,14,1,3,1,52,23,60,180,4,5
3367,4,566,5,1,3,3,89,94,60,180,4,5
3368,4,339,4,2,3,2,22,58,420,540,3,5
3369,10,67,10,1,3,1,26,97,180,300,1,5
3370,8,477,10,1,3,3,48,70,60,180,4,5
3371,13,294,13,2,3,3,100,18,420,540,2,5
3372,4,109,4,1,3,3,7,25,180,300,3,5
3373,11,423,13,1,3,3,51,82,180,300,1,5
3374,14,513,16,1,3,1,1,84,180,300,1,5
3375,7,230,7,2,3,3,83,75,300,600,3,5
3376,11,458,13,1,3,3,49,42,180,300,1,5
3377,9,97,11,1,3,3,36,40,180,300,1,5
3378,11,485,13,1,3,2,98,1,60,180,2,5
3379,9,515,11,1,3,1,8,48,0,300,1,5
3380,7,236,8,1,3,2,72,28,60,180,1,5
3381,9,567,11,2,3,2,46,36,60,180,2,5
3382,13,353,13,2,3,3,41,93,420,540,1,5
3383,8,442,9,1,3,2,81,71,180,300,4,5
3384,6,225,6,2,3,1,59,63,300,600,2,5
3385,14,445,15,1,3,3,55,7,60,180,3,5
3386,13,306,14,1,3,3,36,7,0,300,4,5
3387,3,287,4,1,3,3,71,37,60,180,4,5
3388,7,474,9,1,3,3,4,75,180,300,3,5
3389,5,147,6,1,3,2,48,34,180,300,3,5
3390,10,526,12,1,3,3,69,61,180,300,4,5
3391,5,49,5,1,3,1,27,29,60,180,4,5
3392,12,55,13,1,3,1,40,20,180,300,1,5
3393,2,597,3,1,3,3,85,43,60,180,4,5
3394,14,230,15,1,3,3,14,36,180,300,4,5
3395,3,83,4,1,3,2,68,28,0,300,4,5
3396,11,548,13,1,3,3,36,87,60,180,2,5
3397,5,276,5,2,3,1,68,62,420,540,2,5
3398,4,147,4,1,3,3,99,33,180,300,4,5
3399,3,334,3,2,3,1,70,27,420,540,3,5
3400,12,311,13,1,3,3,84,14,0,300,1,5
3401,4,160,4,1,3,1,89,49,180,300,2,5
3402,7,477,8,1,3,3,58,96,60,180,2,5
3403,12,456,14,1,3,3,71,49,0,300,3,5
3404,4,222,5,1,3,3,30,21,0,300,3,5
3405,4,598,5,1,3,1,8,9,180,300,2,5
3406,7,600,8,1,3,3,19,54,0,300,3,5
3407,12,521,14,1,3,2,47,87,180,300,2,5
3408,3,373,3,2,3,2,21,88,420,540,1,5
3409,4,341,4,2,3,1,15,92,420,540,2,5
3410,6,354,7,1,3,1,38,80,180,300,1,5
3411,10,288,10,2,3,3,75,4,420,540,4,5
3412,9,194,10,1,3,1,93,47,0,300,1,5
3413,1,285,2,1,3,3,62,48,0,300,1,5
3414,10,492,12,1,3,3,97,85,0,300,3,5
3415,11,321,11,2,3,3,32,81,420,540,3,5
3416,2,452,4,1,3,2,77,49,60,180,1,5
3417,9,251,9,2,3,1,17,97,300,420,1,5
3418,7,48,7,1,3,2,54,91,60,180,4,5
3419,7,150,7,1,3,2,53,1,180,300,3,5
3420,2,257,2,2,3,3,57,76,420,540,4,5
3421,13,70,14,1,3,1,34,34,60,180,1,5
3422,14,191,16,1,3,2,76,1,0,300,4,5
3423,2,530,3,1,3,3,94,62,0,300,4,5
3424,9,367,10,1,3,1,91,4,0,300,3,5
3425,13,483,14,1,3,1,35,28,60,180,2,5
3426,5,54,5,1,3,1,82,29,60,180,1,5
3427,5,174,6,1,3,2,55,5,60,180,4,5
3428,2,40,3,1,3,1,71,95,0,300,2,5
3429,8,315,10,1,3,1,97,94,0,300,3,5
3430,10,62,11,1,3,2,90,33,60,180,2,5
3431,14,204,14,2,3,1,30,54,420,540,4,5
3432,12,558,13,1,3,2,17,38,60,180,1,5
3433,9,395,10,1,3,2,42,79,180,300,1,5
3434,5,595,7,1,3,2,67,64,60,180,4,5
3435,10,489,11,1,3,3,42,90,60,180,1,5
3436,7,96,8,1,3,1,0,51,60,180,1,5
3437,9,328,9,2,3,3,56,53,420,540,3,5
3438,2,186,3,1,3,1,2,64,180,300,2,5
3439,8,121,10,1,3,2,67,5,180,300,3,5
3440,3,137,5,1,3,1,48,69,180,300,3,5
3441,9,596,10,1,3,2,32,38,0,300,1,5
3442,10,241,10,2,3,3,51,9,420,540,4,5
3443,12,39,13,1,3,3,55,98,180,300,4,5
3444,3,45,3,1,3,3,99,23,60,180,3,5
3445,11,108,11,1,3,1,13,21,180,300,2,5
3446,5,98,5,1,3,3,16,97,180,300,4,5
3447,12,266,12,2,3,2,18,95,420,540,2,5
3448,2,35,2,1,3,2,68,93,60,180,4,5
3449,3,259,4,1,3,1,64,27,60,180,2,5
3450,8,521,10,1,3,1,44,63,60,180,3,5
3451,13,559,15,1,3,3,63,91,0,300,3,5
3452,10,263,11,1,3,2,92,46,60,180,1,5
3453,10,305,10,2,3,3,90,51,420,540,1,5
3454,1,166,1,1,3,2,80,9,180,300,4,5
3455,13,359,14,2,3,1,75,79,300,600,2,5
3456,10,428,12,1,3,1,83,34,180,300,4,5
3457,13,60,13,1,3,3,46,94,180,300,4,5
3458,14,521,15,1,3,3,32,86,60,180,3,5
3459,1,583,2,1,3,2,100,39,60,180,2,5
3460,9,33,9,1,3,2,88,59,60,180,1,5
3461,1,590,3,1,3,3,60,23,180,300,4,5
3462,4,544,5,1,3,3,53,94,0,300,1,5
3463,11,446,13,1,3,2,43,41,0,300,1,5
3464,2,129,3,1,3,2,62,41,60,180,4,5
3465,7,545,9,1,3,3,52,16,180,300,1,5
3466,14,200,14,2,3,1,72,62,300,600,3,5
3467,6,297,7,1,3,1,65,27,60,180,3,5
3468,10,91,10,1,3,2,63,100,180,300,2,5
3469,10,552,11,1,3,1,19,31,180,300,3,5
3470,13,600,15,1,3,1,52,63,180,300,3,5
3471,12,450,13,1,3,3,4,40,60,180,1,5
3472,1,416,2,1,3,3,42,13,180,300,1,5
3473,13,358,13,2,3,1,19,78,420,540,3,5
3474,11,71,12,1,3,3,73,41,180,300,2,5
3475,13,0,14,1,3,1,79,29,180,300,1,5
3476,3,40,4,1,3,2,46,92,0,300,2,5
3477,1,132,2,1,3,3,35,10,60,180,4,5
3478,7,169,8,2,3,1,77,14,300,420,1,5
3479,13,239,13,2,3,1,20,44,420,540,1,5
3480,13,570,14,1,3,1,54,87,0,300,2,5
3481,14,65,14,1,3,2,40,5,180,300,3,5
3482,3,54,4,1,3,2,27,83,180,300,4,5
3483,3,573,4,1,3,3,95,16,60,180,2,5
3484,3,271,3,2,3,1,36,78,300,420,3,5
3485,11,505,13,1,3,2,84,16,0,300,1,5
3486,4,345,4,2,3,1,17,16,420,540,1,5
3487,12,490,14,1,3,2,7,14,0,300,3,5
3488,2,335,2,2,3,3,88,77,420,540,2,5
3489,13,172,14,1,3,3,61,52,60,180,4,5
3490,8,207,9,1,3,2,79,6,180,300,2,5
3491,12,515,14,1,3,2,43,93,180,300,1,5
3492,13,307,13,2,3,2,24,41,420,540,4,5
3493,3,107,3,1,3,3,58,4,180,300,4,5
3494,6,177,7,1,3,2,19,19,180,300,1,5
3495,4,567,6,1,3,1,12,76,180,300,1,5
3496,8,212,8,2,3,2,39,45,420,540,1,5
3497,11,597,13,1,3,1,0,77,0,300,4,5
3498,10,507,11,1,3,3,43,58,60,180,4,5
3499,2,127,4,1,3,2,18,20,60,180,3,5
3500,3,550,4,1,3,1,98,20,0,300,1,5
3501,14,244,15,1,3,2,42,86,60,180,2,5
3502,4,198,4,2,3,3,60,62,420,540,4,5
3503,5,106,5,1,3,2,15,73,180,300,1,5
3504,10,33,10,1,3,3,91,22,60,180,2,5
3505,9,532,11,1,3,2,19,36,0,300,2,5
3506,11,569,12,1,3,2,3,48,180,300,1,5
3507,9,538,10,1,3,3,57,94,60,180,4,5
3508,12,494,13,1,3,1,44,18,60,180,1,5
3509,6,388,7,1,3,3,83,12,60,180,3,5
3510,7,294,7,2,3,2,49,49,420,540,2,5
3511,10,147,10,1,3,1,92,64,180,300,3,5
3512,4,434,6,1,3,3,37,22,180,300,4,5
3513,10,445,12,1,3,2,82,62,180,300,1,5
3514,6,252,7,1,3,2,76,94,180,300,3,5
3515,1,565,2,1,3,1,25,26,180,300,4,5
3516,13,385,13,2,3,1,22,84,420,540,1,5
3517,11,347,12,1,3,3,11,64,60,180,1,5
3518,10,73,10,2,3,1,41,8,420,540,3,5
3519,2,245,2,2,3,2,84,1,300,600,2,5
3520,8,580,9,1,3,3,64,79,60,180,4,5
3521,10,132,10,1,3,3,56,40,180,300,3,5
3522,9,335,9,2,3,2,42,84,420,540,4,5
3523,11,412,12,1,3,3,100,41,0,300,1,5
3524,9,579,11,2,3,1,75,82,0,300,3,5
3525,5,283,6,1,3,2,45,37,180,300,3,5
3526,5,432,6,1,3,3,47,77,0,300,3,5
3527,4,230,5,1,3,2,37,13,60,180,4,5
3528,6,409,6,2,3,2,71,51,420,540,3,5
3529,6,532,8,1,3,2,20,83,0,300,1,5
3530,3,527,4,1,3,1,7,12,180,300,4,5
3531,14,574,15,1,3,2,42,33,180,300,2,5
3532,12,257,12,2,3,2,33,11,300,600,2,5
3533,12,422,13,1,3,2,22,49,0,300,2,5
3534,14,368,14,2,3,1,29,38,420,540,3,5
3535,5,497,7,1,3,1,55,71,60,180,2,5
3536,11,161,11,1,3,2,99,94,180,300,3,5
3537,8,143,8,1,3,2,86,75,180,300,3,5
3538,4,416,5,1,3,3,70,31,0,300,4,5
3539,11,104,12,1,3,3,30,90,180,300,3,5
3540,6,358,6,2,3,3,1,74,420,540,4,5
3541,9,142,9,2,3,2,4,58,300,600,1,5
3542,10,466,12,1,3,2,59,85,0,300,4,5
3543,12,120,12,1,3,1,71,85,180,300,1,5
3544,6,544,8,1,3,1,93,49,60,180,3,5
3545,8,41,9,1,3,2,54,30,60,180,3,5
3546,6,19,7,1,3,2,47,68,60,180,4,5
3547,3,172,3,1,3,1,56,35,180,300,1,5
3548,2,385,2,2,3,2,13,88,420,540,1,5
3549,14,380,15,1,3,2,57,47,0,300,1,5
3550,9,67,9,1,3,3,46,72,180,300,4,5
3551,8,395,8,2,3,3,90,74,420,540,2,5
3552,7,344,7,2,3,1,83,68,420,540,4,5
3553,9,511,11,1,3,3,96,41,180,300,4,5
3554,2,295,2,2,3,3,7,60,420,540,4,5
3555,13,105,13,1,3,2,46,78,180,300,1,5
3556,10,408,11,2,3,3,40,51,0,300,2,5
3557,14,179,14,1,3,1,39,59,180,300,1,5
3558,2,267,3,1,3,1,26,81,60,180,4,5
3559,3,322,3,2,3,1,67,6,420,540,4,5
3560,13,331,14,1,3,1,23,74,0,300,2,5
3561,13,334,13,2,3,2,88,56,420,540,2,5
3562,13,524,14,1,3,1,98,20,180,300,4,5
3563,11,52,12,1,3,3,5,6,60,180,3,5
3564,13,25,14,1,3,2,85,13,180,300,1,5
3565,2,482,3,1,3,3,63,93,60,180,1,5
3566,7,76,7,1,3,3,48,26,180,300,2,5
3567,12,203,14,1,3,2,8,47,0,300,2,5
3568,12,110,12,1,3,1,48,56,180,300,4,5
3569,14,33,14,1,3,1,14,24,60,180,3,5
3570,3,492,4,2,3,2,10,39,180,300,3,5
3571,5,465,6,1,3,3,79,44,0,300,1,5
3572,14,362,14,2,3,3,61,75,420,540,4,5
3573,13,76,14,1,3,3,66,83,0,300,3,5
3574,9,351,10,1,3,3,82,73,180,300,2,5
3575,2,128,2,1,3,3,100,62,180,300,2,5
3576,9,106,9,1,3,1,39,71,180,300,1,5
3577,11,259,12,1,3,1,53,51,180,300,3,5
3578,2,399,2,2,3,1,77,27,420,540,2,5
3579,10,384,10,2,3,2,39,32,420,540,1,5
3580,10,464,11,1,3,1,1,92,0,300,4,5
3581,2,132,3,1,3,2,9,10,0,300,2,5
3582,10,355,10,2,3,2,70,42,420,540,1,5
3583,11,6,11,1,3,1,77,98,60,180,4,5
3584,12,45,12,1,3,3,73,32,60,180,2,5
3585,7,449,8,1,3,3,33,1,60,180,2,5
3586,13,23,13,1,3,2,4,71,60,180,4,5
3587,13,306,14,1,3,1,51,26,180,300,2,5
3588,9,90,9,1,3,1,67,29,180,300,3,5
3589,4,522,5,2,3,2,89,66,0,300,1,5
3590,9,431,10,1,3,1,73,34,180,300,2,5
3591,8,173,8,1,3,3,91,54,180,300,2,5
3592,2,132,2,1,3,3,10,70,180,300,4,5
3593,1,425,3,1,3,1,78,67,0,300,1,5
3594,9,532,11,1,3,1,35,98,0,300,3,5
3595,5,389,5,2,3,1,84,70,420,540,2,5
3596,5,305,5,2,3,1,32,42,420,540,2,5
3597,7,380,7,2,3,3,63,18,420,540,4,5
3598,2,325,2,2,3,3,67,35,420,540,4,5
3599,11,412,11,2,3,1,70,31,420,540,2,5
3600,1,455,2,1,3,3,89,56,0,300,1,5
3601,8,125,8,1,3,2,71,80,180,300,1,5
3602,9,214,9,2,3,2,61,92,300,420,1,5
3603,5,595,7,1,3,2,70,67,180,300,3,5
3604,3,15,3,1,3,1,29,70,60,180,4,5
3605,10,40,11,1,3,3,30,87,60,180,4,5
3606,12,331,12,2,3,2,61,61,420,540,1,5
3607,10,62,10,1,3,2,27,57,180,300,2,5
3608,4,130,5,1,3,3,72,87,60,180,1,5
3609,8,117,8,1,3,1,56,46,180,300,2,5
3610,13,466,14,1,3,3,40,13,60,180,1,5
3611,2,104,2,1,3,3,22,90,180,300,3,5
3612,5,253,6,1,3,2,12,94,180,300,3,5
3613,7,355,7,2,3,3,41,79,420,540,1,5
3614,5,435,7,1,3,3,85,57,60,180,1,5
3615,4,161,5,1,3,3,10,86,60,180,1,5
3616,14,148,16,1,3,3,26,97,0,300,2,5
3617,8,592,10,1,3,3,0,29,180,300,4,5
3618,5,435,7,1,3,2,14,67,180,300,2,5
3619,13,207,13,2,3,3,88,94,300,600,3,5
3620,14,308,14,2,3,1,91,48,420,540,4,5
3621,3,561,4,1,3,2,89,16,180,300,1,5
3622,3,430,4,1,3,2,74,47,0,300,2,5
3623,11,151,11,1,3,2,85,44,180,300,4,5
3624,11,230,11,2,3,1,7,19,420,540,1,5
3625,1,143,2,1,3,3,37,20,0,300,4,5
3626,5,44,6,1,3,1,61,25,60,180,2,5
3627,3,232,4,1,3,2,50,68,60,180,1,5
3628,10,48,10,1,3,1,50,12,60,180,3,5
3629,2,90,2,1,3,1,88,43,180,300,2,5
3630,3,540,4,1,3,2,28,30,60,180,4,5
3631,3,143,3,1,3,3,88,12,180,300,4,5
3632,11,551,12,1,3,2,86,45,60,180,2,5
3633,1,564,3,1,3,3,68,4,180,300,2,5
3634,8,8,9,1,3,2,71,53,180,300,4,5
3635,10,554,12,1,3,2,17,97,60,180,1,5
3636,10,258,10,2,3,1,99,83,420,540,3,5
3637,12,103,12,1,3,3,97,49,180,300,4,5
3638,13,90,14,2,3,1,45,37,300,600,2,5
3639,4,217,4,2,3,3,90,81,300,600,3,5
3640,12,301,12,2,3,1,62,36,420,540,4,5
3641,3,502,4,1,3,1,60,26,60,180,3,5
3642,13,84,14,1,3,1,50,92,0,300,1,5
3643,6,470,8,1,3,3,72,94,180,300,3,5
3644,8,545,10,2,3,3,30,15,0,300,1,5
3645,6,306,7,1,3,1,97,74,180,300,2,5
3646,5,77,6,1,3,2,61,31,0,300,1,5
3647,2,46,2,1,3,2,49,55,60,180,1,5
3648,1,406,2,1,3,3,59,45,60,180,4,5
3649,14,24,15,1,3,1,72,57,60,180,3,5
3650,1,596,3,1,3,3,51,82,60,180,4,5
3651,12,148,13,1,3,1,68,37,60,180,3,5
3652,12,147,12,1,3,1,59,53,180,300,1,5
3653,7,558,8,1,3,1,56,87,180,300,2,5
3654,8,129,8,1,3,1,90,41,180,300,4,5
3655,11,409,11,2,3,1,23,52,420,540,3,5
3656,9,288,9,2,3,2,8,44,420,540,3,5
3657,1,597,2,1,3,1,22,33,180,300,2,5
3658,2,503,4,1,3,2,57,84,180,300,1,5
3659,4,116,5,1,3,3,70,73,180,300,2,5
3660,1,356,1,2,3,2,91,43,420,540,2,5
3661,4,93,5,1,3,2,32,2,180,300,2,5
3662,5,51,5,1,3,1,90,43,60,180,2,5
3663,1,508,2,1,3,2,5,84,180,300,3,5
3664,3,254,3,2,3,3,64,86,300,600,4,5
3665,5,54,5,1,3,3,17,19,60,180,2,5
3666,9,189,9,2,3,3,96,41,420,540,3,5
3667,9,395,9,2,3,3,79,98,420,540,2,5
3668,5,473,6,1,3,2,16,53,180,300,1,5
3669,14,355,15,1,3,2,63,57,60,180,1,5
3670,4,154,4,1,3,1,19,95,180,300,4,5
3671,13,102,14,1,3,2,66,5,60,180,3,5
3672,9,520,10,1,3,3,17,8,0,300,1,5
3673,7,28,7,1,3,1,21,94,60,180,3,5
3674,7,250,8,1,3,2,83,80,0,300,3,5
3675,13,241,13,2,3,1,70,21,300,420,4,5
3676,9,528,11,1,3,2,2,31,0,300,3,5
3677,6,169,6,1,3,3,95,45,180,300,4,5
3678,12,197,12,2,3,3,65,99,300,600,1,5
3679,14,352,14,2,3,2,11,66,420,540,4,5
3680,13,460,14,1,3,2,1,81,60,180,1,5
3681,13,43,13,1,3,2,84,32,60,180,2,5
3682,12,161,12,1,3,3,24,67,180,300,2,5
3683,9,373,10,1,3,2,51,11,60,180,3,5
3684,12,489,14,1,3,3,67,84,60,180,1,5
3685,8,128,8,1,3,2,41,80,180,300,2,5
3686,12,95,13,1,3,1,1,50,60,180,3,5
3687,8,17,8,1,3,3,49,14,60,180,2,5
3688,12,170,12,1,3,1,31,35,180,300,1,5
3689,9,244,9,2,3,3,98,53,300,420,1,5
3690,7,555,9,1,3,2,42,91,60,180,2,5
3691,8,10,9,1,3,3,18,56,180,300,4,5
3692,9,346,9,2,3,3,80,96,420,540,2,5
3693,8,254,8,2,3,1,80,65,420,540,2,5
3694,8,402,9,1,3,1,96,64,180,300,2,5
3695,12,189,12,2,3,3,67,54,300,420,1,5
3696,12,435,14,2,3,3,29,61,300,600,4,5
3697,11,508,13,1,3,1,47,61,0,300,2,5
3698,13,372,13,2,3,1,37,48,420,540,4,5
3699,2,599,4,2,3,3,72,95,420,540,3,5
3700,8,384,8,2,3,2,28,2,420,540,2,5
3701,2,320,2,2,3,1,61,21,420,540,4,5
3702,13,242,13,2,3,3,50,74,420,540,2,5
3703,8,94,8,1,3,2,11,93,180,300,4,5
3704,3,386,3,2,3,2,44,44,420,540,4,5
3705,11,314,11,2,3,3,14,41,420,540,2,5
3706,1,139,1,1,3,1,74,4,180,300,4,5
3707,13,582,14,1,3,2,34,65,0,300,2,5
3708,2,496,4,1,3,1,90,45,180,300,1,5
3709,1,265,2,1,3,1,67,61,60,180,3,5
3710,14,208,14,2,3,1,93,91,300,420,3,5
3711,7,149,7,1,3,3,74,43,180,300,4,5
3712,10,459,12,1,3,3,52,81,180,300,4,5
3713,10,587,12,1,3,3,3,6,60,180,1,5
3714,7,275,8,1,3,2,85,57,180,300,2,5
3715,6,439,7,1,3,1,95,18,60,180,1,5
3716,13,597,14,1,3,1,50,11,0,300,4,5
3717,2,426,4,1,3,3,3,77,180,300,4,5
3718,2,523,3,1,3,3,12,27,0,300,1,5
3719,8,106,9,1,3,2,82,18,0,300,3,5
3720,1,194,1,2,3,1,43,92,420,540,4,5
3721,12,92,12,1,3,3,37,29,180,300,4,5
3722,9,403,9,2,3,2,81,39,420,540,3,5
3723,5,437,6,1,3,1,72,88,0,300,2,5
3724,14,24,15,1,3,1,88,31,0,300,2,5
3725,10,397,11,1,3,2,64,33,0,300,3,5
3726,12,287,12,2,3,1,54,98,420,540,4,5
3727,3,140,4,1,3,3,65,33,0,300,2,5
3728,10,251,10,2,3,3,91,63,300,420,2,5
3729,7,294,7,2,3,1,99,45,300,420,3,5
3730,9,587,10,2,3,1,31,6,0,300,3,5
3731,1,356,2,1,3,3,82,82,180,300,1,5
3732,14,175,15,2,3,3,20,78,180,300,2,5
3733,5,47,6,1,3,2,23,35,60,180,1,5
3734,7,102,7,1,3,1,94,55,180,300,4,5
3735,10,395,11,1,3,1,19,73,180,300,4,5
3736,8,226,10,1,3,3,43,13,60,180,3,5
3737,4,1,4,1,3,2,52,24,60,180,4,5
3738,7,173,7,1,3,1,19,55,180,300,2,5
3739,4,464,5,2,3,3,67,24,180,300,4,5
3740,8,250,9,1,3,1,32,46,60,180,4,5
3741,7,131,7,1,3,3,80,18,180,300,1,5
3742,13,15,14,1,3,2,16,56,0,300,3,5
3743,10,596,12,1,3,1,35,47,0,300,1,5
3744,9,332,9,2,3,3,79,88,420,540,2,5
3745,4,85,5,1,3,3,37,64,180,300,3,5
3746,5,423,7,1,3,1,2,63,180,300,3,5
3747,11,11,11,1,3,1,13,84,60,180,3,5
3748,3,592,4,1,3,3,59,85,0,300,2,5
3749,3,198,3,2,3,3,86,98,420,540,1,5
3750,4,425,5,2,3,1,18,57,60,180,4,5
3751,9,555,10,1,3,1,70,92,60,180,1,5
3752,5,581,6,1,3,2,58,15,60,180,2,5
3753,4,382,4,2,3,3,36,4,420,540,4,5
3754,9,125,10,1,3,3,17,17,0,300,1,5
3755,6,397,6,2,3,3,64,56,420,540,4,5
3756,7,515,8,1,3,3,40,24,0,300,3,5
3757,13,390,13,2,3,1,49,57,420,540,4,5
3758,8,164,9,1,3,3,44,17,60,180,3,5
3759,8,51,10,1,3,2,44,18,180,300,3,5
3760,6,131,7,1,3,2,7,35,180,300,2,5
3761,4,362,5,1,3,2,82,96,0,300,2,5
3762,7,6,7,1,3,1,16,18,60,180,4,5
3763,11,446,12,2,3,2,55,40,60,180,4,5
3764,7,119,7,1,3,1,14,59,180,300,3,5
3765,11,430,13,1,3,3,18,82,0,300,1,5
3766,14,66,15,1,3,2,49,64,180,300,1,5
3767,6,405,6,2,3,3,51,80,420,540,1,5
3768,7,472,9,1,3,1,11,75,180,300,4,5
3769,7,259,8,1,3,3,69,12,0,300,2,5
3770,6,260,7,1,3,3,78,1,0,300,3,5
3771,8,113,9,1,3,1,64,71,60,180,3,5
3772,10,228,10,2,3,3,93,75,300,600,2,5
3773,9,227,10,1,3,2,81,8,60,180,2,5
3774,14,169,14,1,3,1,48,37,180,300,3,5
3775,12,110,12,1,3,1,65,53,180,300,3,5
3776,2,249,4,1,3,2,2,17,60,180,4,5
3777,10,442,11,1,3,3,45,8,60,180,1,5
3778,5,436,7,1,3,3,54,34,0,300,1,5
3779,10,110,10,1,3,3,51,51,180,300,2,5
3780,10,508,12,1,3,1,55,49,60,180,3,5
3781,5,44,5,1,3,1,51,98,60,180,3,5
3782,7,45,8,1,3,1,77,71,0,300,1,5
3783,1,137,1,1,3,3,6,34,180,300,3,5
3784,14,575,16,1,3,1,14,11,0,300,1,5
3785,5,433,7,1,3,1,49,59,180,300,2,5
3786,10,561,11,1,3,1,45,78,0,300,1,5
3787,3,241,3,2,3,2,50,64,420,540,2,5
3788,12,312,13,1,3,1,24,72,60,180,3,5
3789,5,283,6,1,3,1,1,30,0,300,3,5
3790,14,233,14,2,3,2,83,7,300,420,3,5
3791,12,492,14,1,3,1,59,86,60,180,3,5
3792,14,454,15,1,3,1,37,80,0,300,1,5
3793,6,136,6,1,3,3,70,96,180,300,4,5
3794,10,70,10,1,3,2,32,33,180,300,3,5
3795,8,109,8,1,3,1,37,96,180,300,2,5
3796,5,453,6,1,3,3,56,25,0,300,1,5
3797,14,310,15,1,3,3,84,54,0,300,2,5
3798,10,271,10,2,3,2,5,85,300,600,4,5
3799,10,315,10,2,3,1,78,33,420,540,2,5
3800,10,308,11,1,3,1,22,64,180,300,1,5
3801,11,105,11,1,3,1,28,1,180,300,4,5
3802,13,278,13,2,3,1,85,95,420,540,4,5
3803,10,449,11,1,3,2,65,70,180,300,1,5
3804,12,580,14,1,3,1,40,84,0,300,1,5
3805,1,304,1,2,3,1,80,55,420,540,3,5
3806,11,518,12,1,3,2,35,94,60,180,4,5
3807,14,352,14,2,3,3,11,70,420,540,4,5
3808,3,569,4,1,3,1,35,51,180,300,3,5
3809,1,42,1,1,3,2,55,97,60,180,4,5
3810,2,190,3,1,3,3,71,67,180,300,2,5
3811,14,130,14,1,3,1,69,16,180,300,4,5
3812,9,350,10,1,3,1,4,14,180,300,1,5
3813,12,406,12,2,3,1,24,90,420,540,2,5
3814,3,23,3,1,3,2,28,46,60,180,4,5
3815,5,481,7,1,3,1,96,11,60,180,3,5
3816,2,535,3,1,3,1,64,11,60,180,1,5
3817,9,590,11,1,3,2,43,13,0,300,2,5
3818,4,218,4,2,3,3,49,38,420,540,2,5
3819,7,207,7,2,3,1,78,3,300,600,4,5
3820,1,151,1,1,3,1,42,41,180,300,3,5
3821,1,281,2,1,3,1,92,55,0,300,1,5
3822,4,316,4,2,3,1,20,34,420,540,1,5
3823,14,121,14,1,3,2,100,90,180,300,2,5
3824,8,324,8,2,3,2,40,49,420,540,1,5
3825,7,239,7,2,3,2,8,14,300,420,1,5
3826,13,178,13,1,3,3,39,21,180,300,4,5
3827,1,107,1,1,3,3,51,63,180,300,2,5
3828,10,345,12,1,3,1,45,84,0,300,3,5
3829,12,388,12,2,3,1,93,65,420,540,3,5
3830,9,480,10,1,3,2,56,39,0,300,1,5
3831,6,40,6,1,3,1,100,49,60,180,1,5
3832,7,15,7,1,3,2,23,62,60,180,2,5
3833,4,272,5,1,3,3,32,44,60,180,4,5
3834,7,473,9,1,3,1,5,81,60,180,2,5
3835,3,253,3,2,3,3,29,90,300,600,2,5
3836,13,44,13,1,3,2,97,35,60,180,3,5
3837,2,247,2,2,3,1,17,49,420,540,3,5
3838,9,277,9,2,3,2,77,23,300,600,1,5
3839,7,594,9,1,3,2,21,90,180,300,2,5
3840,8,570,9,1,3,2,40,46,60,180,3,5
3841,8,224,9,1,3,2,74,44,0,300,3,5
3842,3,1,3,2,3,1,45,82,420,540,3,5
3843,11,472,13,1,3,2,5,63,180,300,1,5
3844,7,121,8,1,3,2,39,43,0,300,2,5
3845,1,209,2,1,3,2,71,65,0,300,3,5
3846,7,302,8,1,3,2,14,79,180,300,2,5
3847,4,526,6,1,3,3,9,9,60,180,4,5
3848,2,178,3,1,3,2,14,28,180,300,3,5
3849,10,592,11,1,3,3,89,47,0,300,3,5
3850,6,322,6,2,3,2,8,24,420,540,1,5
3851,10,317,10,2,3,1,69,66,420,540,4,5
3852,11,511,12,1,3,3,31,15,0,300,2,5
3853,12,516,14,1,3,2,34,17,0,300,2,5
3854,13,572,15,1,3,2,81,27,0,300,4,5
3855,4,104,5,1,3,1,74,11,180,300,3,5
3856,5,482,6,1,3,3,97,55,180,300,1,5
3857,5,78,6,1,3,1,17,22,0,300,1,5
3858,13,310,13,2,3,1,15,23,420,540,1,5
3859,10,146,10,1,3,3,31,3,180,300,2,5
3860,8,132,9,1,3,3,86,59,60,180,2,5
3861,4,17,4,1,3,1,4,69,60,180,2,5
3862,11,480,13,1,3,3,31,99,0,300,2,5
3863,10,545,12,1,3,1,52,19,60,180,1,5
3864,7,208,7,2,3,3,38,45,300,420,3,5
3865,13,322,13,2,3,3,44,94,420,540,1,5
3866,11,87,11,1,3,2,24,33,180,300,2,5
3867,13,88,13,1,3,3,54,14,180,300,4,5
3868,2,562,3,2,3,1,73,75,180,300,1,5
3869,8,216,8,2,3,3,1,48,300,420,3,5
3870,3,174,3,1,3,1,22,89,180,300,4,5
3871,6,594,8,1,3,2,67,15,180,300,1,5
3872,2,247,2,2,3,2,97,41,300,600,2,5
3873,13,541,14,1,3,3,51,31,60,180,4,5
3874,3,398,4,2,3,1,92,23,300,600,1,5
3875,2,358,3,1,3,1,73,34,60,180,3,5
3876,1,479,2,1,3,1,44,34,0,300,3,5
3877,8,79,8,1,3,2,32,95,180,300,2,5
3878,12,106,12,1,3,1,69,10,180,300,3,5
3879,1,360,2,1,3,1,79,47,180,300,4,5
3880,10,221,11,1,3,1,47,2,0,300,3,5
3881,4,454,6,1,3,3,88,90,0,300,4,5
3882,10,302,11,1,3,3,15,99,180,300,3,5
3883,2,394,3,1,3,2,14,54,180,300,1,5
3884,13,594,14,1,3,2,58,31,60,180,2,5
3885,6,85,6,1,3,1,7,52,180,300,1,5
3886,1,214,2,1,3,1,43,12,180,300,1,5
3887,5,567,7,1,3,1,10,49,60,180,3,5
3888,12,510,14,1,3,3,5,7,180,300,2,5
3889,13,458,15,1,3,1,59,68,180,300,2,5
3890,10,378,10,2,3,2,53,15,420,540,2,5
3891,11,191,11,2,3,2,90,21,300,600,1,5
3892,5,409,5,2,3,3,56,8,420,540,2,5
3893,1,569,2,1,3,2,68,73,0,300,2,5
3894,9,132,11,1,3,1,21,62,180,300,2,5
3895,14,376,14,2,3,3,5,76,420,540,3,5
3896,12,481,14,1,3,2,21,48,0,300,4,5
3897,4,190,5,1,3,3,36,97,180,300,1,5
3898,6,489,8,1,3,2,8,34,0,300,4,5
3899,12,333,13,1,3,3,97,53,180,300,4,5
3900,14,462,16,1,3,3,3,80,180,300,1,5
3901,2,350,2,2,3,1,14,17,420,540,2,5
3902,1,320,1,2,3,1,93,68,420,540,4,5
3903,2,357,3,1,3,2,41,65,60,180,3,5
3904,8,108,9,1,3,1,65,4,180,300,3,5
3905,13,242,14,1,3,3,5,93,60,180,4,5
3906,9,119,9,1,3,3,73,74,180,300,4,5
3907,10,194,10,2,3,3,44,53,420,540,3,5
3908,2,476,3,1,3,1,96,3,0,300,4,5
3909,11,291,11,2,3,3,2,72,300,420,3,5
3910,6,139,6,1,3,1,66,3,180,300,3,5
3911,9,192,10,1,3,2,95,64,180,300,4,5
3912,2,561,3,1,3,2,30,44,60,180,2,5
3913,3,340,4,1,3,3,68,63,180,300,2,5
3914,5,337,5,2,3,1,14,25,420,540,1,5
3915,7,318,9,1,3,3,17,22,180,300,3,5
3916,6,584,8,1,3,1,67,11,180,300,4,5
3917,9,341,9,2,3,3,16,20,420,540,2,5
3918,1,474,3,1,3,3,36,69,0,300,2,5
3919,1,150,1,1,3,1,62,29,180,300,4,5
3920,14,406,14,2,3,1,95,97,420,540,4,5
3921,1,69,1,1,3,2,83,57,180,300,1,5
3922,6,359,6,2,3,1,27,65,420,540,4,5
3923,14,15,15,1,3,3,2,31,0,300,2,5
3924,12,260,12,2,3,2,81,83,420,540,2,5
3925,12,52,12,2,3,1,20,24,0,300,4,5
3926,2,154,2,1,3,2,25,26,180,300,1,5
3927,1,254,2,1,3,2,62,37,60,180,4,5
3928,10,577,12,1,3,2,1,50,0,300,2,5
3929,13,127,15,1,3,3,18,97,180,300,3,5
3930,9,380,9,2,3,2,88,8,420,540,2,5
3931,9,450,10,1,3,1,5,42,0,300,1,5
3932,4,536,6,1,3,3,75,68,180,300,4,5
3933,2,381,2,2,3,3,89,45,420,540,3,5
3934,6,308,6,2,3,3,20,70,420,540,1,5
3935,3,329,5,2,3,1,5,29,0,300,1,5
3936,12,211,13,1,3,3,12,21,0,300,2,5
3937,12,365,12,2,3,3,79,25,420,540,2,5
3938,10,458,12,1,3,3,61,86,0,300,1,5
3939,7,509,8,1,3,3,4,3,0,300,3,5
3940,8,113,8,1,3,2,41,96,180,300,1,5
3941,7,497,8,1,3,1,71,72,0,300,1,5
3942,4,223,4,2,3,2,89,32,300,420,3,5
3943,12,21,13,1,3,1,92,15,180,300,2,5
3944,11,566,13,1,3,2,72,9,0,300,3,5
3945,9,121,9,1,3,2,91,12,180,300,1,5
3946,11,69,11,1,3,1,19,40,180,300,1,5
3947,6,402,6,2,3,3,79,79,420,540,4,5
3948,6,81,7,1,3,2,26,94,180,300,1,5
3949,9,572,11,1,3,3,28,6,60,180,2,5
3950,7,539,8,1,3,2,7,14,180,300,2,5
3951,6,250,6,2,3,1,82,37,420,540,2,5
3952,9,319,10,1,3,3,58,31,60,180,1,5
3953,4,82,5,1,3,3,95,13,0,300,3,5
3954,7,465,8,1,3,2,66,11,0,300,4,5
3955,10,480,12,1,3,1,4,95,60,180,2,5
3956,4,264,4,2,3,1,74,25,300,600,4,5
3957,4,234,5,1,3,3,52,38,60,180,3,5
3958,11,42,11,1,3,1,20,49,60,180,1,5
3959,14,469,16,2,3,2,76,98,60,180,1,5
3960,3,507,4,1,3,3,88,0,180,300,4,5
3961,1,293,2,1,3,2,35,24,180,300,3,5
3962,5,459,6,1,3,2,61,5,180,300,2,5
3963,10,243,11,1,3,3,31,16,0,300,1,5
3964,2,404,4,1,3,2,79,1,60,180,1,5
3965,9,37,9,1,3,2,67,79,60,180,4,5
3966,12,7,12,1,3,1,20,14,60,180,2,5
3967,8,54,10,1,3,2,26,35,0,300,4,5
3968,13,113,13,1,3,1,34,75,180,300,2,5
3969,9,563,10,1,3,1,65,4,180,300,4,5
3970,12,241,13,1,3,1,27,42,0,300,2,5
3971,7,163,7,1,3,2,86,85,180,300,3,5
3972,11,372,12,1,3,1,24,87,60,180,1,5
3973,13,519,15,1,3,3,78,5,60,180,2,5
3974,2,233,3,1,3,1,78,24,0,300,1,5
3975,13,559,15,1,3,2,38,31,60,180,4,5
3976,4,537,6,1,3,2,79,26,0,300,2,5
3977,3,392,4,1,3,2,35,78,180,300,3,5
3978,6,286,6,2,3,3,47,39,420,540,1,5
3979,14,254,14,2,3,1,89,38,300,420,3,5
3980,8,335,9,1,3,1,44,87,180,300,4,5
3981,14,128,14,1,3,2,1,79,180,300,1,5
3982,9,98,9,1,3,2,74,75,180,300,2,5
3983,8,429,10,1,3,2,97,44,0,300,4,5
3984,12,514,13,1,3,2,64,33,60,180,3,5
3985,12,130,13,1,3,2,29,29,180,300,3,5
3986,13,528,14,2,3,3,100,44,300,420,2,5
3987,3,64,3,1,3,2,75,1,180,300,1,5
3988,4,56,4,1,3,2,43,2,60,180,4,5
3989,9,503,11,2,3,2,5,0,420,540,1,5
3990,4,230,4,2,3,3,81,87,420,540,2,5
3991,5,395,5,2,3,1,93,94,420,540,1,5
3992,3,191,4,1,3,3,26,62,60,180,1,5
3993,5,371,6,1,3,2,15,8,0,300,1,5
3994,7,232,7,2,3,3,21,42,420,540,3,5
3995,8,493,10,2,3,1,95,53,0,300,1,5
3996,10,20,11,1,3,3,76,10,180,300,2,5
3997,13,347,14,1,3,3,4,18,0,300,4,5
3998,8,231,9,1,3,2,75,48,180,300,1,5
3999,11,126,11,1,3,2,17,83,180,300,3,5
4000,6,198,7,1,3,1,30,48,60,180,4,5
4001,1,459,3,1,3,3,62,61,0,300,4,5
4002,10,470,11,1,3,1,9,1,60,180,2,5
4003,4,118,4,1,3,1,45,37,180,300,3,5
4004,11,180,11,1,3,1,33,75,180,300,4,5
4005,1,45,1,1,3,1,10,67,60,180,2,5
4006,10,239,10,2,3,3,67,95,420,540,3,5
4007,12,353,12,2,3,2,3,26,420,540,3,5
4008,10,95,10,1,3,3,24,73,180,300,3,5
4009,10,418,10,2,3,1,35,82,420,540,2,5
4010,11,276,11,2,3,3,43,87,420,540,1,5
4011,1,501,2,1,3,1,84,62,0,300,1,5
4012,3,526,4,1,3,3,75,55,180,300,3,5
4013,9,123,9,1,3,1,97,78,180,300,2,5
4014,9,82,9,1,3,2,59,30,180,300,4,5
4015,11,376,12,1,3,3,35,16,60,180,1,5
4016,1,376,2,1,3,2,13,91,60,180,4,5
4017,12,547,14,1,3,1,15,72,180,300,2,5
4018,1,206,1,2,3,1,21,26,420,540,4,5
4019,2,342,3,1,3,2,65,54,60,180,3,5
4020,12,430,14,1,3,1,8,3,0,300,2,5
4021,6,159,6,1,3,3,23,91,180,300,4,5
4022,11,401,12,1,3,1,86,83,180,300,2,5
4023,5,358,6,1,3,1,31,47,180,300,1,5
4024,9,371,9,2,3,3,0,38,420,540,4,5
4025,3,168,3,1,3,3,100,33,180,300,3,5
4026,10,249,11,1,3,2,36,1,60,180,4,5
4027,10,79,11,1,3,2,47,18,0,300,3,5
4028,11,71,11,1,3,1,82,29,180,300,2,5
4029,5,499,6,1,3,3,47,1,60,180,4,5
4030,9,403,10,1,3,1,85,5,180,300,3,5
4031,11,350,11,2,3,3,20,4,420,540,1,5
4032,4,472,5,1,3,3,36,30,0,300,3,5
4033,7,244,7,2,3,1,55,12,300,420,2,5
4034,6,443,8,1,3,1,36,82,60,180,1,5
4035,9,311,11,1,3,2,41,88,60,180,1,5
4036,9,489,11,1,3,3,23,56,60,180,2,5
4037,9,158,9,1,3,2,54,82,180,300,1,5
4038,1,27,2,1,3,2,14,29,60,180,2,5
4039,12,292,13,1,3,2,86,14,0,300,3,5
4040,9,220,11,1,3,3,77,59,60,180,4,5
4041,5,335,5,2,3,3,43,45,420,540,2,5
4042,12,474,13,1,3,3,23,84,60,180,1,5
4043,1,175,1,1,3,2,13,47,180,300,4,5
4044,2,493,3,1,3,1,0,57,180,300,3,5
4045,3,453,5,1,3,1,30,98,60,180,4,5
4046,9,93,10,1,3,3,66,27,180,300,4,5
4047,11,177,11,1,3,3,13,16,180,300,3,5
4048,7,434,8,1,3,1,42,12,60,180,4,5
4049,14,317,14,2,3,2,10,0,420,540,2,5
4050,1,479,3,1,3,1,79,57,0,300,4,5
4051,14,285,14,2,3,3,5,20,420,540,2,5
4052,10,569,11,1,3,1,61,53,0,300,4,5
4053,1,506,3,1,3,3,8,74,180,300,1,5
4054,10,357,10,2,3,3,42,35,420,540,2,5
4055,7,94,7,1,3,3,72,61,180,300,4,5
4056,4,20,5,1,3,1,23,47,180,300,1,5
4057,3,59,4,1,3,2,46,90,60,180,1,5
4058,3,239,4,1,3,1,87,18,60,180,4,5
4059,9,152,9,1,3,2,16,95,180,300,4,5
4060,9,470,10,1,3,2,73,100,60,180,1,5
4061,2,543,4,1,3,1,16,59,60,180,4,5
4062,10,171,11,1,3,1,81,49,60,180,2,5
4063,5,47,6,1,3,3,47,63,0,300,2,5
4064,12,515,14,1,3,2,83,77,180,300,1,5
4065,4,114,5,1,3,2,75,86,60,180,1,5
4066,8,372,9,1,3,3,65,62,180,300,1,5
4067,12,316,13,1,3,3,45,22,0,300,4,5
4068,11,431,13,1,3,2,89,38,180,300,3,5
4069,14,267,14,2,3,1,66,16,300,420,2,5
4070,13,426,14,1,3,2,92,7,60,180,2,5
4071,10,343,11,1,3,3,68,84,60,180,4,5
4072,7,410,7,2,3,3,0,59,420,540,4,5
4073,2,169,3,1,3,2,5,28,0,300,1,5
4074,7,307,8,1,3,2,65,9,0,300,2,5
4075,3,240,4,1,3,1,60,75,60,180,4,5
4076,8,141,8,1,3,2,25,74,180,300,1,5
4077,2,90,2,1,3,1,35,65,180,300,4,5
4078,5,403,5,2,3,1,60,21,420,540,4,5
4079,13,146,13,1,3,1,38,81,180,300,4,5
4080,14,243,14,2,3,3,24,50,420,540,4,5
4081,7,538,9,1,3,3,83,74,180,300,3,5
4082,14,119,15,1,3,3,98,90,60,180,3,5
4083,13,433,14,1,3,2,81,91,180,300,1,5
4084,12,89,12,1,3,1,0,89,180,300,2,5
4085,9,319,10,1,3,1,99,33,0,300,2,5
4086,10,438,12,1,3,2,57,65,180,300,4,5
4087,12,568,13,1,3,3,3,12,180,300,1,5
4088,6,155,7,1,3,2,23,98,0,300,4,5
4089,13,552,15,1,3,1,68,57,180,300,4,5
4090,10,210,10,2,3,1,59,55,420,540,3,5
4091,12,348,12,2,3,1,89,52,420,540,3,5
4092,12,45,12,1,3,1,28,62,60,180,1,5
4093,4,149,5,1,3,3,46,90,180,300,4,5
4094,2,276,2,2,3,1,85,76,300,420,2,5
4095,2,412,2,2,3,3,81,25,420,540,3,5
4096,6,387,6,2,3,2,59,40,420,540,2,5
4097,11,360,11,2,3,1,73,11,420,540,4,5
4098,4,269,4,2,3,1,13,32,300,600,3,5
4099,11,150,11,1,3,2,3,69,180,300,1,5
4100,2,180,3,1,3,1,66,94,60,180,2,5
4101,8,250,8,2,3,2,23,87,300,600,4,5
4102,1,358,2,1,3,3,93,0,180,300,3,5
4103,5,200,5,2,3,3,58,87,300,420,1,5
4104,4,96,4,1,3,3,82,45,180,300,2,5
4105,5,542,7,1,3,3,88,23,0,300,2,5
4106,1,592,3,1,3,3,2,89,0,300,4,5
4107,14,308,14,2,3,1,30,16,420,540,2,5
4108,7,203,7,2,3,2,24,76,300,420,4,5
4109,1,346,1,2,3,3,83,35,420,540,1,5
4110,1,515,2,1,3,2,46,83,180,300,3,5
4111,7,81,8,1,3,2,1,58,180,300,1,5
4112,12,406,13,1,3,2,97,18,0,300,3,5
4113,1,329,2,1,3,2,28,19,180,300,4,5
4114,12,358,13,1,3,1,40,79,60,180,4,5
4115,6,226,6,2,3,3,87,3,420,540,3,5
4116,11,159,12,1,3,3,13,97,60,180,2,5
4117,8,444,9,1,3,1,62,2,180,300,3,5
4118,11,572,12,1,3,3,50,91,0,300,3,5
4119,7,81,8,1,3,2,69,63,0,300,3,5
4120,8,186,8,2,3,1,52,61,420,540,3,5
4121,8,379,8,2,3,2,71,76,420,540,2,5
4122,8,90,9,1,3,1,7,92,180,300,2,5
4123,10,6,10,1,3,1,99,37,60,180,3,5
4124,9,508,11,1,3,3,41,50,60,180,4,5
4125,7,304,8,1,3,1,42,6,180,300,2,5
4126,10,415,10,2,3,3,98,39,420,540,2,5
4127,3,433,4,1,3,3,52,95,180,300,2,5
4128,1,538,3,1,3,3,97,71,60,180,1,5
4129,7,324,7,2,3,2,83,39,420,540,2,5
4130,10,23,10,1,3,1,83,34,60,180,4,5
4131,9,423,11,1,3,3,27,77,180,300,1,5
4132,8,174,8,1,3,1,68,51,180,300,4,5
4133,9,497,10,1,3,3,58,28,180,300,2,5
4134,6,119,6,1,3,1,64,69,180,300,1,5
4135,10,289,11,1,3,3,83,45,60,180,2,5
4136,7,255,7,2,3,3,87,55,420,540,1,5
4137,9,62,10,1,3,3,90,99,60,180,2,5
4138,12,476,14,1,3,2,6,84,180,300,4,5
4139,7,362,7,2,3,3,92,56,420,540,3,5
4140,1,256,3,1,3,2,48,2,60,180,2,5
4141,9,523,10,1,3,1,87,29,0,300,4,5
4142,13,509,14,2,3,2,22,63,300,600,2,5
4143,8,378,8,2,3,1,86,0,420,540,2,5
4144,12,217,12,2,3,3,46,83,420,540,3,5
4145,9,227,9,2,3,3,54,55,300,420,4,5
4146,12,517,14,1,3,2,58,72,60,180,3,5
4147,12,260,12,2,3,1,23,22,300,600,2,5
4148,14,142,14,1,3,3,78,88,180,300,2,5
4149,14,212,14,2,3,3,39,63,300,420,4,5
4150,7,292,7,2,3,3,75,85,420,540,1,5
4151,2,519,4,1,3,2,24,3,180,300,2,5
4152,9,171,9,1,3,2,72,11,180,300,1,5
4153,11,153,12,1,3,1,21,50,60,180,2,5
4154,11,533,12,1,3,2,10,87,0,300,2,5
4155,1,377,2,1,3,3,46,33,0,300,2,5
4156,12,370,12,2,3,1,45,58,420,540,2,5
4157,8,54,8,1,3,1,92,18,60,180,2,5
4158,2,471,3,1,3,3,48,4,180,300,2,5
4159,8,227,9,1,3,2,37,2,180,300,4,5
4160,11,535,13,1,3,1,62,64,60,180,4,5
4161,8,38,9,1,3,1,63,23,0,300,1,5
4162,8,149,10,1,3,2,49,76,0,300,2,5
4163,5,497,6,1,3,1,71,34,0,300,1,5
4164,6,445,7,1,3,1,46,95,0,300,3,5
4165,5,288,6,1,3,2,90,39,0,300,3,5
4166,3,91,3,1,3,1,82,61,180,300,3,5
4167,12,430,14,1,3,1,13,40,180,300,1,5
4168,3,133,4,1,3,1,67,47,60,180,4,5
4169,4,291,4,2,3,1,73,95,300,420,4,5
4170,4,477,6,1,3,1,57,82,0,300,3,5
4171,9,427,11,1,3,3,59,61,180,300,3,5
4172,5,449,6,1,3,3,84,16,180,300,4,5
4173,13,207,13,2,3,2,40,4,300,420,4,5
4174,7,317,7,2,3,1,15,73,420,540,4,5
4175,2,92,2,1,3,2,3,42,180,300,4,5
4176,10,285,10,2,3,2,33,4,300,420,3,5
4177,11,449,12,1,3,3,61,28,0,300,1,5
4178,2,513,3,1,3,2,54,42,60,180,4,5
4179,12,381,14,1,3,1,57,16,60,180,2,5
4180,1,557,2,1,3,3,5,67,180,300,3,5
4181,11,599,12,1,3,3,93,23,60,180,2,5
4182,11,473,13,1,3,1,20,70,180,300,1,5
4183,11,94,11,1,3,3,7,3,180,300,3,5
4184,13,431,15,1,3,3,12,96,60,180,3,5
4185,4,184,5,1,3,1,72,63,0,300,4,5
4186,4,173,5,1,3,2,4,74,180,300,1,5
4187,4,88,5,2,3,3,13,22,0,300,1,5
4188,10,230,11,2,3,3,47,13,300,420,3,5
4189,8,301,8,2,3,2,23,6,420,540,3,5
4190,7,117,8,1,3,3,90,23,180,300,4,5
4191,5,300,5,2,3,1,85,90,420,540,1,5
4192,3,74,4,1,3,1,7,1,0,300,2,5
4193,7,368,8,1,3,3,71,35,0,300,4,5
4194,5,523,7,1,3,1,13,64,0,300,1,5
4195,8,123,10,1,3,1,19,61,180,300,1,5
4196,9,13,9,1,3,3,70,6,60,180,1,5
4197,9,538,10,1,3,1,10,85,60,180,1,5
4198,5,177,6,1,3,2,83,71,0,300,4,5
4199,8,563,9,1,3,2,40,91,0,300,3,5
4200,13,96,14,1,3,1,45,10,60,180,4,5
4201,5,557,7,1,3,1,21,77,0,300,4,5
4202,3,58,3,1,3,1,77,43,60,180,1,5
4203,9,374,9,2,3,2,22,33,420,540,3,5
4204,13,492,15,1,3,3,65,80,60,180,2,5
4205,5,149,5,1,3,1,76,9,180,300,1,5
4206,7,409,8,1,3,2,55,80,0,300,1,5
4207,7,172,7,1,3,1,52,11,180,300,2,5
4208,13,407,13,2,3,3,85,35,420,540,1,5
4209,3,460,4,1,3,2,17,33,60,180,4,5
4210,9,394,9,2,3,3,43,72,420,540,1,5
4211,5,580,6,1,3,1,49,32,0,300,2,5
4212,8,12,8,1,3,3,9,19,60,180,4,5
4213,8,441,9,1,3,3,5,57,60,180,3,5
4214,9,359,9,2,3,3,55,7,420,540,4,5
4215,2,0,3,1,3,2,15,31,0,300,1,5
4216,6,29,6,1,3,2,55,79,60,180,3,5
4217,5,404,7,1,3,2,22,1,0,300,1,5
4218,7,380,8,1,3,2,80,61,60,180,3,5
4219,1,528,3,1,3,2,62,90,0,300,1,5
4220,9,172,9,1,3,2,58,65,180,300,1,5
4221,5,548,7,1,3,3,16,34,60,180,4,5
4222,11,371,11,2,3,2,84,52,420,540,3,5
4223,14,472,16,1,3,2,6,44,180,300,1,5
4224,3,584,5,1,3,2,70,28,180,300,1,5
4225,10,593,12,1,3,1,21,69,60,180,3,5
4226,10,579,11,1,3,1,45,75,60,180,1,5
4227,12,348,12,2,3,3,20,61,420,540,1,5
4228,7,519,8,1,3,1,95,41,180,300,1,5
4229,11,40,11,1,3,2,100,61,60,180,2,5
4230,4,125,5,1,3,2,45,62,0,300,3,5
4231,14,119,16,1,3,3,90,84,0,300,1,5
4232,6,366,7,1,3,2,75,16,180,300,1,5
4233,6,577,8,1,3,3,78,22,180,300,2,5
4234,2,413,2,2,3,2,19,60,420,540,3,5
4235,1,502,3,1,3,2,30,53,180,300,2,5
4236,5,587,7,1,3,2,7,100,0,300,4,5
4237,2,359,2,2,3,3,49,42,420,540,3,5
4238,6,523,8,2,3,1,26,65,300,420,3,5
4239,2,516,4,1,3,1,54,70,0,300,1,5
4240,14,188,15,1,3,1,71,58,180,300,2,5
4241,6,473,7,1,3,1,69,33,180,300,2,5
4242,13,25,14,1,3,3,66,18,60,180,4,5
4243,1,515,2,1,3,3,59,83,180,300,1,5
4244,11,8,11,1,3,3,89,59,60,180,2,5
4245,8,51,10,1,3,3,74,35,180,300,3,5
4246,1,267,1,2,3,1,9,15,300,420,2,5
4247,6,324,7,1,3,1,11,49,60,180,1,5
4248,5,468,6,1,3,1,14,49,0,300,1,5
4249,9,156,9,1,3,1,67,0,180,300,3,5
4250,5,307,6,1,3,3,75,15,60,180,2,5
4251,6,144,7,1,3,2,12,88,0,300,4,5
4252,14,178,15,1,3,3,71,61,60,180,2,5
4253,11,491,13,1,3,3,48,73,60,180,2,5
4254,4,415,4,2,3,2,47,59,420,540,2,5
4255,13,314,14,1,3,2,62,32,60,180,3,5
4256,6,330,7,1,3,2,49,47,180,300,1,5
4257,8,97,9,1,3,2,95,98,60,180,1,5
4258,4,288,4,2,3,1,62,8,420,540,4,5
4259,12,74,13,1,3,2,22,38,180,300,1,5
4260,13,126,13,1,3,1,43,80,180,300,1,5
4261,3,533,4,1,3,1,15,92,0,300,2,5
4262,9,133,9,1,3,2,22,33,180,300,3,5
4263,12,331,13,1,3,3,77,33,0,300,4,5
4264,9,480,11,1,3,1,0,63,180,300,1,5
4265,2,593,4,1,3,3,67,83,180,300,3,5
4266,9,144,9,1,3,2,65,11,180,300,1,5
4267,4,63,5,1,3,2,24,8,0,300,2,5
4268,9,315,10,1,3,1,88,46,180,300,4,5
4269,9,37,9,1,3,2,20,87,60,180,1,5
4270,10,212,11,1,3,1,96,53,60,180,2,5
4271,11,44,12,1,3,1,6,69,60,180,1,5
4272,3,520,4,1,3,3,18,99,0,300,2,5
4273,3,16,4,1,3,2,83,57,60,180,4,5
4274,1,262,2,1,3,3,81,42,180,300,4,5
4275,6,9,6,1,3,1,81,77,60,180,3,5
4276,8,367,8,2,3,3,36,22,420,540,1,5
4277,1,501,2,1,3,2,15,14,180,300,3,5
4278,9,298,10,1,3,1,42,6,180,300,1,5
4279,2,8,2,1,3,2,7,74,60,180,4,5
4280,2,118,3,1,3,2,56,24,0,300,3,5
4281,10,439,11,1,3,3,29,63,180,300,2,5
4282,2,215,2,2,3,1,17,69,420,540,3,5
4283,13,107,14,1,3,2,5,0,60,180,2,5
4284,13,197,14,1,3,1,25,9,0,300,2,5
4285,12,493,14,1,3,3,86,8,180,300,3,5
4286,13,377,13,2,3,1,78,18,420,540,3,5
4287,3,593,5,1,3,3,10,47,60,180,1,5
4288,8,378,9,1,3,2,28,28,180,300,3,5
4289,10,11,11,1,3,1,52,54,180,300,3,5
4290,1,206,1,2,3,3,67,87,420,540,1,5
4291,7,501,8,1,3,2,92,72,60,180,1,5
4292,11,263,11,2,3,3,64,63,420,540,4,5
4293,13,126,13,1,3,1,82,81,180,300,3,5
4294,6,575,7,1,3,3,32,16,180,300,2,5
4295,9,235,9,2,3,3,64,63,420,540,4,5
4296,14,478,16,1,3,2,84,85,0,300,3,5
4297,1,101,1,1,3,3,15,36,180,300,3,5
4298,4,356,5,1,3,2,85,1,180,300,2,5
4299,13,254,14,1,3,3,74,57,180,300,4,5
4300,14,43,15,1,3,1,20,25,0,300,4,5
4301,11,279,11,2,3,2,83,36,300,600,2,5
4302,3,383,3,2,3,2,39,33,420,540,4,5
4303,3,50,3,1,3,1,22,65,60,180,1,5
4304,6,272,6,2,3,2,20,92,420,540,3,5
4305,1,450,2,1,3,2,35,75,0,300,3,5
4306,5,600,6,1,3,1,43,29,0,300,1,5
4307,2,289,3,1,3,1,9,73,0,300,3,5
4308,6,405,7,1,3,1,64,73,0,300,3,5
4309,14,536,15,1,3,1,0,14,60,180,2,5
4310,6,32,7,1,3,3,17,94,180,300,3,5
4311,2,197,2,2,3,1,57,33,300,600,4,5
4312,11,241,11,2,3,1,2,14,300,420,1,5
4313,2,567,3,1,3,3,38,100,180,300,3,5
4314,9,550,11,1,3,3,65,9,60,180,1,5
4315,7,470,8,1,3,2,63,35,0,300,2,5
4316,11,323,11,2,3,1,11,72,420,540,2,5
4317,9,372,9,2,3,2,33,84,420,540,4,5
4318,10,135,11,1,3,3,77,42,60,180,1,5
4319,7,125,8,1,3,1,39,52,60,180,4,5
4320,7,493,8,2,3,1,58,95,420,540,4,5
4321,12,577,14,1,3,2,31,20,180,300,2,5
4322,7,424,8,1,3,3,34,13,180,300,4,5
4323,1,371,1,2,3,2,66,95,420,540,3,5
4324,5,424,6,2,3,1,88,78,300,600,3,5
4325,7,79,7,1,3,1,33,86,180,300,1,5
4326,6,305,6,2,3,3,78,86,420,540,1,5
4327,8,321,8,2,3,3,48,34,420,540,3,5
4328,13,413,13,2,3,1,75,79,420,540,1,5
4329,13,18,14,1,3,3,48,73,60,180,1,5
4330,7,209,7,2,3,1,84,70,420,540,3,5
4331,6,204,7,1,3,3,32,94,0,300,2,5
4332,10,540,11,1,3,3,89,54,0,300,4,5
4333,5,33,6,1,3,2,12,1,60,180,2,5
4334,9,109,9,1,3,1,8,8,180,300,1,5
4335,8,494,9,1,3,1,36,36,180,300,4,5
4336,2,274,2,2,3,3,5,37,420,540,2,5
4337,4,188,4,2,3,3,14,82,420,540,2,5
4338,9,32,9,1,3,1,20,1,60,180,3,5
4339,1,583,3,2,3,2,81,84,180,300,2,5
4340,8,452,9,1,3,3,34,99,180,300,2,5
4341,4,260,5,1,3,3,68,96,0,300,4,5
4342,2,35,2,1,3,2,26,99,60,180,3,5
4343,6,305,7,1,3,2,57,85,60,180,1,5
4344,6,585,7,2,3,2,60,25,300,420,3,5
4345,1,280,2,1,3,3,23,44,0,300,4,5
4346,6,197,6,2,3,1,36,97,300,600,4,5
4347,9,132,10,1,3,3,48,94,0,300,2,5
4348,7,52,8,1,3,2,91,29,0,300,1,5
4349,3,589,5,1,3,3,61,10,0,300,3,5
4350,11,80,11,1,3,2,18,21,180,300,4,5
4351,8,306,9,1,3,2,38,78,180,300,1,5
4352,11,2,11,2,3,1,16,72,420,540,2,5
4353,14,432,15,1,3,3,43,84,0,300,2,5
4354,9,506,11,1,3,2,2,18,60,180,3,5
4355,12,389,12,2,3,2,78,8,420,540,4,5
4356,1,42,2,1,3,2,11,23,60,180,1,5
4357,14,473,15,1,3,2,55,15,60,180,2,5
4358,9,528,11,1,3,3,12,72,0,300,4,5
4359,4,47,4,1,3,3,68,29,60,180,3,5
4360,13,357,13,2,3,3,42,2,420,540,4,5
4361,11,287,11,2,3,2,82,79,300,420,3,5
4362,9,440,10,1,3,1,52,60,180,300,3,5
4363,12,351,12,2,3,2,49,17,420,540,2,5
4364,10,246,10,2,3,2,85,41,420,540,4,5
4365,12,408,12,2,3,1,61,10,420,540,2,5
4366,10,141,10,1,3,1,84,20,180,300,4,5
4367,3,359,5,1,3,3,32,27,60,180,3,5
4368,1,328,1,2,3,2,98,31,420,540,1,5
4369,1,423,3,1,3,3,45,34,0,300,4,5
4370,14,412,14,2,3,1,81,64,420,540,2,5
4371,11,181,11,2,3,3,80,3,300,600,2,5
4372,9,339,9,2,3,2,68,19,420,540,1,5
4373,1,595,2,1,3,3,6,21,60,180,1,5
4374,3,161,4,1,3,2,21,12,0,300,1,5
4375,5,546,6,1,3,1,46,73,0,300,1,5
4376,6,392,7,1,3,2,56,55,60,180,2,5
4377,7,560,9,1,3,1,94,96,60,180,3,5
4378,14,439,15,1,3,1,8,27,60,180,1,5
4379,7,278,8,2,3,1,82,59,300,420,1,5
4380,8,269,8,2,3,1,59,10,300,600,3,5
4381,4,220,4,2,3,3,20,91,300,420,3,5
4382,3,597,4,1,3,1,92,75,180,300,2,5
4383,1,497,3,1,3,1,82,39,0,300,2,5
4384,9,526,11,1,3,3,58,79,0,300,3,5
4385,11,369,12,1,3,2,6,63,180,300,3,5
4386,8,29,8,1,3,2,99,70,60,180,3,5
4387,10,482,12,1,3,3,43,76,60,180,1,5
4388,13,332,13,2,3,2,29,82,420,540,2,5
4389,11,212,11,2,3,3,11,53,300,420,1,5
4390,10,487,11,1,3,2,77,69,60,180,4,5
4391,5,55,6,1,3,2,20,90,180,300,1,5
4392,8,166,8,1,3,3,32,5,180,300,1,5
4393,1,531,3,1,3,3,7,50,180,300,1,5
4394,6,360,6,2,3,1,80,67,420,540,2,5
4395,10,206,10,2,3,2,84,88,300,420,1,5
4396,4,527,5,1,3,2,54,25,180,300,1,5
4397,6,362,7,1,3,2,89,26,180,300,4,5
4398,5,19,6,1,3,2,32,12,60,180,2,5
4399,1,50,1,1,3,1,66,83,60,180,4,5
4400,8,160,8,1,3,1,71,20,180,300,1,5
4401,5,413,5,2,3,1,81,80,420,540,1,5
4402,13,464,15,1,3,3,88,75,60,180,3,5
4403,4,122,4,1,3,3,32,74,180,300,2,5
4404,7,2,7,1,3,3,49,96,60,180,1,5
4405,12,596,13,1,3,1,4,0,180,300,4,5
4406,6,584,7,1,3,1,70,84,0,300,1,5
4407,1,117,2,1,3,3,100,95,180,300,2,5
4408,11,53,11,1,3,3,25,63,60,180,3,5
4409,4,92,5,1,3,2,96,77,60,180,3,5
4410,1,205,3,1,3,3,13,41,0,300,4,5
4411,2,441,3,1,3,1,97,38,60,180,2,5
4412,7,179,7,1,3,1,68,73,180,300,3,5
4413,11,450,12,1,3,3,93,62,0,300,2,5
4414,2,63,2,1,3,1,66,88,180,300,4,5
4415,3,161,4,1,3,1,85,21,60,180,4,5
4416,6,363,6,2,3,3,19,43,420,540,2,5
4417,3,452,4,1,3,3,37,34,0,300,1,5
4418,14,94,14,1,3,2,95,78,180,300,1,5
4419,12,209,12,2,3,1,21,95,420,540,4,5
4420,10,270,10,2,3,2,3,47,420,540,3,5
4421,1,143,1,1,3,1,16,61,180,300,3,5
4422,10,554,12,1,3,3,55,5,60,180,1,5
4423,10,309,10,2,3,2,86,30,420,540,2,5
4424,10,225,11,1,3,1,10,99,0,300,3,5
4425,7,71,7,1,3,1,51,72,180,300,3,5
4426,3,125,4,1,3,3,43,45,0,300,1,5
4427,13,306,13,2,3,1,55,98,420,540,3,5
4428,3,183,3,2,3,1,43,50,420,540,2,5
4429,5,247,6,1,3,1,89,52,60,180,4,5
4430,14,285,15,1,3,3,45,11,0,300,3,5
4431,10,34,10,1,3,3,87,69,60,180,3,5
4432,7,124,7,1,3,3,91,58,180,300,2,5
4433,12,26,12,1,3,1,46,25,60,180,4,5
4434,8,58,9,1,3,2,52,63,60,180,1,5
4435,12,264,12,2,3,2,87,53,420,540,1,5
4436,11,130,12,1,3,1,98,30,180,300,4,5
4437,8,211,8,2,3,3,100,21,300,420,4,5
4438,5,386,7,1,3,2,56,71,0,300,1,5
4439,3,514,5,1,3,1,59,79,0,300,2,5
4440,2,330,2,2,3,2,72,59,420,540,3,5
4441,10,219,10,2,3,2,73,76,300,420,3,5
4442,11,369,11,2,3,3,8,49,420,540,2,5
4443,2,207,2,2,3,3,14,78,420,540,1,5
4444,8,300,9,1,3,2,57,74,180,300,3,5
4445,3,419,3,2,3,1,98,65,420,540,3,5
4446,10,357,11,1,3,1,43,18,0,300,3,5
4447,13,259,14,1,3,3,14,10,180,300,1,5
4448,7,505,8,1,3,1,45,98,0,300,1,5
4449,11,173,12,1,3,2,43,81,180,300,3,5
4450,3,449,5,1,3,2,40,66,60,180,4,5
4451,2,564,4,1,3,1,16,48,0,300,1,5
4452,7,251,7,2,3,3,11,53,420,540,2,5
4453,2,194,3,1,3,2,56,72,0,300,1,5
4454,4,331,4,2,3,2,21,87,420,540,3,5
4455,9,226,10,1,3,2,81,66,180,300,3,5
4456,12,293,13,1,3,3,94,56,180,300,2,5
4457,8,13,8,2,3,3,32,16,60,180,4,5
4458,3,33,4,1,3,1,30,69,0,300,2,5
4459,8,220,8,2,3,2,98,19,300,420,4,5
4460,10,519,11,1,3,2,48,80,60,180,4,5
4461,6,279,6,2,3,2,15,66,420,540,3,5
4462,1,46,2,2,3,1,100,73,60,180,1,5
4463,1,279,2,1,3,2,87,68,60,180,4,5
4464,8,51,9,1,3,3,39,72,180,300,2,5
4465,3,17,4,1,3,1,87,74,60,180,4,5
4466,13,509,15,1,3,1,39,73,0,300,1,5
4467,14,524,15,1,3,3,73,59,0,300,1,5
4468,2,582,4,1,3,3,82,54,0,300,4,5
4469,6,90,6,1,3,2,47,61,180,300,4,5
4470,10,480,12,1,3,1,20,40,0,300,4,5
4471,7,385,8,1,3,2,83,8,60,180,1,5
4472,11,510,12,1,3,1,47,96,180,300,2,5
4473,2,319,3,1,3,3,100,0,60,180,3,5
4474,11,143,12,1,3,2,30,27,0,300,2,5
4475,7,570,9,1,3,2,54,28,180,300,3,5
4476,13,483,14,1,3,2,83,6,180,300,3,5
4477,9,484,10,1,3,1,30,86,180,300,2,5
4478,9,292,9,2,3,1,42,36,420,540,3,5
4479,2,520,4,1,3,3,74,75,60,180,3,5
4480,8,137,8,1,3,2,43,98,180,300,1,5
4481,4,503,5,1,3,2,7,40,60,180,2,5
4482,2,482,4,1,3,2,79,71,180,300,1,5
4483,8,490,10,1,3,2,96,35,180,300,1,5
4484,1,302,2,1,3,2,58,28,180,300,4,5
4485,3,430,4,1,3,3,38,77,180,300,4,5
4486,11,5,11,1,3,2,23,88,60,180,2,5
4487,12,311,12,2,3,1,37,48,420,540,4,5
4488,3,460,5,2,3,3,55,17,300,420,4,5
4489,12,13,13,1,3,1,85,86,0,300,4,5
4490,14,226,14,2,3,1,4,44,420,540,2,5
4491,8,145,9,1,3,3,15,37,0,300,4,5
4492,8,344,8,2,3,3,11,96,420,540,2,5
4493,1,257,1,2,3,3,65,41,300,420,2,5
4494,12,193,13,1,3,3,5,99,60,180,4,5
4495,11,430,13,1,3,2,76,80,180,300,3,5
4496,11,490,12,1,3,2,11,3,60,180,2,5
4497,7,113,7,1,3,2,99,86,180,300,1,5
4498,4,36,4,1,3,3,23,4,60,180,3,5
4499,1,364,1,2,3,2,70,33,420,540,3,5
4500,12,514,14,1,3,1,73,71,0,300,4,5
4501,2,416,3,1,3,2,30,52,180,300,4,5
4502,8,505,10,1,3,2,80,55,0,300,3,5
4503,6,81,6,1,3,1,67,90,180,300,1,5
4504,1,473,3,1,3,2,38,15,180,300,1,5
4505,2,223,2,2,3,3,30,6,300,600,4,5
4506,6,329,6,2,3,1,4,34,420,540,2,5
4507,14,9,15,1,3,1,29,64,180,300,2,5
4508,12,428,14,1,3,1,17,34,0,300,1,5
4509,4,25,4,1,3,2,61,44,60,180,2,5
4510,2,377,3,1,3,2,46,8,60,180,1,5
4511,3,541,5,2,3,2,85,32,0,300,3,5
4512,11,392,12,1,3,3,6,25,0,300,3,5
4513,9,520,11,1,3,1,41,96,180,300,4,5
4514,5,188,6,2,3,1,38,81,180,300,3,5
4515,7,159,7,1,3,1,67,54,180,300,3,5
4516,6,157,6,1,3,2,20,93,180,300,2,5
4517,12,174,12,1,3,3,89,88,180,300,4,5
4518,9,380,9,2,3,2,26,44,420,540,4,5
4519,3,128,3,2,3,1,67,22,180,300,4,5
4520,10,242,11,2,3,2,42,54,180,300,1,5
4521,4,110,4,1,3,1,64,52,180,300,4,5
4522,2,310,2,2,3,3,88,6,420,540,2,5
4523,10,517,11,1,3,1,32,20,180,300,2,5
4524,1,121,1,1,3,1,10,26,180,300,4,5
4525,4,257,4,2,3,2,12,83,420,540,2,5
4526,8,2,9,1,3,2,45,90,180,300,2,5
4527,7,16,7,1,3,3,3,20,60,180,4,5
4528,14,300,15,1,3,2,49,93,60,180,1,5
4529,13,375,14,1,3,2,99,48,0,300,2,5
4530,6,339,7,1,3,3,0,95,60,180,2,5
4531,8,101,8,1,3,3,43,69,180,300,4,5
4532,10,255,11,1,3,2,20,2,0,300,1,5
4533,13,290,14,1,3,2,85,12,60,180,2,5
4534,11,146,11,1,3,1,62,95,180,300,3,5
4535,13,150,13,1,3,3,0,23,180,300,1,5
4536,13,181,13,2,3,2,99,95,420,540,1,5
4537,7,360,7,2,3,2,63,21,420,540,3,5
4538,4,131,4,1,3,2,44,60,180,300,1,5
4539,5,288,5,2,3,2,36,69,300,420,1,5
4540,3,145,3,1,3,3,30,2,180,300,4,5
4541,4,337,6,1,3,1,32,64,0,300,1,5
4542,5,222,7,1,3,3,48,42,0,300,4,5
4543,8,53,8,1,3,2,61,10,60,180,4,5
4544,13,574,15,1,3,3,51,22,180,300,2,5
4545,8,88,9,1,3,1,90,73,60,180,4,5
4546,9,80,9,1,3,1,26,79,180,300,1,5
4547,2,424,4,1,3,1,21,93,0,300,3,5
4548,7,209,7,2,3,3,0,63,420,540,2,5
4549,8,190,8,2,3,2,90,33,300,420,4,5
4550,9,483,10,1,3,2,99,50,180,300,4,5
4551,5,386,6,1,3,1,96,59,180,300,3,5
4552,12,184,14,1,3,1,12,24,0,300,4,5
4553,4,540,6,1,3,3,82,43,0,300,2,5
4554,11,182,11,2,3,2,100,65,300,420,2,5
4555,10,86,11,1,3,1,88,6,0,300,1,5
4556,5,323,5,2,3,1,14,34,420,540,4,5
4557,2,489,4,1,3,1,39,90,60,180,2,5
4558,14,575,15,1,3,1,8,40,60,180,3,5
4559,6,24,7,1,3,1,80,97,180,300,2,5
4560,8,581,10,1,3,3,34,28,0,300,4,5
4561,10,323,10,2,3,1,89,87,420,540,2,5
4562,11,577,12,1,3,2,54,16,60,180,2,5
4563,1,191,1,2,3,2,20,10,420,540,1,5
4564,14,0,15,1,3,2,55,97,0,300,3,5
4565,10,510,11,1,3,1,17,74,180,300,2,5
4566,9,222,9,2,3,2,30,10,300,600,4,5
4567,5,104,5,1,3,3,53,5,180,300,1,5
4568,4,476,6,1,3,1,77,53,0,300,4,5
4569,11,175,12,1,3,1,28,76,0,300,3,5
4570,4,64,5,1,3,2,52,72,60,180,1,5
4571,1,5,2,1,3,1,95,3,60,180,2,5
4572,8,199,8,2,3,1,52,56,420,540,2,5
4573,14,394,16,2,3,1,2,36,60,180,1,5
4574,2,174,3,1,3,3,11,75,180,300,2,5
4575,5,307,5,2,3,3,31,73,420,540,4,5
4576,3,216,3,2,3,2,100,41,420,540,1,5
4577,4,337,5,1,3,1,85,39,0,300,4,5
4578,5,505,6,1,3,3,51,69,180,300,3,5
4579,11,528,13,1,3,3,38,63,180,300,3,5
4580,1,57,2,1,3,2,23,52,60,180,3,5
4581,13,143,13,1,3,2,18,96,180,300,4,5
4582,3,538,5,1,3,1,44,67,180,300,4,5
4583,14,262,15,1,3,3,67,74,60,180,1,5
4584,9,342,9,2,3,1,71,44,420,540,4,5
4585,11,569,13,1,3,1,7,0,180,300,2,5
4586,11,568,12,1,3,2,80,19,60,180,4,5
4587,12,235,12,2,3,1,98,52,300,600,3,5
4588,6,61,6,1,3,2,7,40,180,300,1,5
4589,5,471,6,1,3,2,52,32,0,300,2,5
4590,9,225,9,2,3,1,64,84,420,540,4,5
4591,6,457,7,2,3,1,96,33,180,300,1,5
4592,2,445,3,1,3,2,99,35,0,300,3,5
4593,10,285,11,1,3,1,82,44,60,180,4,5
4594,5,53,5,1,3,1,72,61,60,180,4,5
4595,14,360,14,2,3,1,2,82,420,540,4,5
4596,14,206,14,2,3,1,9,40,420,540,3,5
4597,5,155,5,1,3,1,79,9,180,300,4,5
4598,1,144,1,1,3,3,13,45,180,300,3,5
4599,4,467,5,1,3,1,84,29,0,300,2,5
4600,3,390,4,1,3,1,90,92,0,300,2,5
4601,4,512,6,1,3,1,58,60,60,180,2,5
4602,2,138,2,1,3,2,77,78,180,300,4,5
4603,11,500,13,1,3,3,71,59,180,300,4,5
4604,13,553,14,1,3,2,8,6,60,180,4,5
4605,5,514,6,1,3,1,36,77,180,300,4,5
4606,7,121,7,1,3,2,30,71,180,300,2,5
4607,2,389,2,2,3,2,20,41,420,540,4,5
4608,8,421,9,1,3,2,11,15,180,300,4,5
4609,12,580,14,1,3,2,63,67,0,300,3,5
4610,6,275,7,1,3,3,8,7,180,300,1,5
4611,10,535,11,1,3,2,84,89,0,300,2,5
4612,10,47,10,1,3,2,52,62,60,180,4,5
4613,9,239,9,2,3,3,12,19,420,540,4,5
4614,8,448,10,1,3,2,74,45,60,180,4,5
4615,14,147,14,1,3,1,75,37,180,300,3,5
4616,6,313,6,2,3,1,41,82,420,540,3,5
4617,10,459,11,1,3,1,62,30,180,300,1,5
4618,6,210,6,2,3,2,54,67,300,420,3,5
4619,13,253,15,1,3,3,42,4,0,300,1,5
4620,3,176,4,1,3,2,58,35,0,300,1,5
4621,6,193,6,2,3,2,35,15,420,540,2,5
4622,7,147,7,1,3,2,80,45,180,300,4,5
4623,12,21,12,1,3,3,88,34,60,180,2,5
4624,6,362,6,2,3,3,6,26,420,540,3,5
4625,8,11,9,1,3,2,76,63,0,300,4,5
4626,12,393,13,1,3,2,9,19,0,300,4,5
4627,13,156,13,1,3,2,43,40,180,300,4,5
4628,6,142,7,1,3,2,53,19,0,300,1,5
4629,9,320,9,2,3,3,13,18,420,540,3,5
4630,2,4,3,1,3,2,68,87,60,180,1,5
4631,11,469,13,1,3,1,54,41,0,300,1,5
4632,11,389,12,1,3,3,17,73,60,180,3,5
4633,9,36,10,1,3,3,91,39,180,300,1,5
4634,6,72,6,1,3,2,26,23,180,300,3,5
4635,6,405,6,2,3,3,72,5,420,540,1,5
4636,2,63,2,1,3,1,46,65,180,300,2,5
4637,5,187,5,2,3,1,82,20,420,540,1,5
4638,2,599,3,1,3,3,9,60,0,300,2,5
4639,9,505,10,1,3,1,35,48,180,300,4,5
4640,5,197,5,2,3,2,35,34,300,420,3,5
4641,6,209,6,2,3,2,45,19,300,600,3,5
4642,3,195,4,1,3,1,91,73,60,180,3,5
4643,13,248,14,1,3,1,3,47,0,300,2,5
4644,6,437,8,1,3,3,69,40,0,300,2,5
4645,10,595,11,1,3,2,15,14,0,300,3,5
4646,2,578,3,1,3,3,98,54,60,180,1,5
4647,10,434,12,1,3,3,9,11,60,180,3,5
4648,5,422,7,1,3,2,89,74,180,300,4,5
4649,7,167,7,1,3,2,9,2,180,300,4,5
4650,14,459,15,1,3,1,66,95,60,180,1,5
4651,14,210,14,2,3,2,29,39,300,420,1,5
4652,5,109,6,1,3,3,71,67,60,180,1,5
4653,10,173,11,1,3,2,93,23,0,300,2,5
4654,4,3,4,1,3,3,95,49,60,180,1,5
4655,8,68,8,1,3,3,76,42,180,300,1,5
4656,1,441,3,1,3,2,74,43,180,300,3,5
4657,2,265,2,2,3,1,0,0,420,540,4,5
4658,10,238,10,2,3,1,72,21,300,420,1,5
4659,5,318,5,2,3,1,13,0,420,540,2,5
4660,4,140,4,1,3,2,20,17,180,300,1,5
4661,10,232,10,2,3,3,98,100,300,600,4,5
4662,14,371,14,2,3,3,46,8,420,540,1,5
4663,2,509,3,1,3,2,70,0,180,300,4,5
4664,5,487,7,1,3,3,98,76,0,300,3,5
4665,7,215,8,1,3,2,83,80,180,300,4,5
4666,14,299,14,2,3,3,89,11,300,420,4,5
4667,11,34,12,1,3,2,59,88,0,300,3,5
4668,6,558,7,1,3,2,56,17,60,180,4,5
4669,8,67,8,2,3,3,71,9,180,300,1,5
4670,11,7,11,1,3,3,19,82,60,180,2,5
4671,8,402,8,2,3,3,81,20,420,540,3,5
4672,3,304,4,1,3,1,13,28,0,300,2,5
4673,7,5,7,2,3,3,73,13,60,180,2,5
4674,4,418,4,2,3,1,58,69,420,540,3,5
4675,10,242,10,2,3,1,70,79,300,420,4,5
4676,14,333,15,1,3,3,66,43,180,300,3,5
4677,8,335,8,2,3,3,14,73,420,540,1,5
4678,13,238,13,2,3,3,23,58,300,420,1,5
4679,11,14,11,1,3,1,78,68,60,180,2,5
4680,12,94,12,1,3,2,22,90,180,300,1,5
4681,2,322,3,1,3,1,34,68,180,300,1,5
4682,6,549,8,1,3,2,98,81,60,180,1,5
4683,5,42,5,1,3,3,72,91,60,180,2,5
4684,1,554,3,1,3,3,89,23,180,300,2,5
4685,14,514,16,1,3,1,12,21,0,300,3,5
4686,13,83,13,1,3,2,89,5,180,300,1,5
4687,14,586,15,1,3,2,83,67,60,180,1,5
4688,10,147,10,1,3,3,90,67,180,300,3,5
4689,7,178,8,1,3,3,92,59,0,300,1,5
4690,3,255,3,2,3,2,7,16,300,600,2,5
4691,11,70,12,1,3,2,3,60,0,300,2,5
4692,1,223,1,2,3,2,24,36,300,420,4,5
4693,7,87,8,1,3,1,10,70,0,300,3,5
4694,14,164,14,1,3,3,23,93,180,300,4,5
4695,14,45,14,1,3,1,53,37,60,180,1,5
4696,10,36,11,1,3,3,48,86,60,180,2,5
4697,8,388,8,2,3,2,80,90,420,540,3,5
4698,7,517,9,1,3,3,56,59,0,300,3,5
4699,3,3,3,1,3,1,10,73,60,180,1,5
4700,13,61,13,1,3,2,42,43,180,300,2,5
4701,14,106,15,1,3,1,60,8,0,300,3,5
4702,1,401,2,1,3,1,76,78,180,300,4,5
4703,1,375,1,2,3,3,35,83,420,540,1,5
4704,8,30,8,1,3,3,83,29,60,180,4,5
4705,11,334,11,2,3,1,4,85,420,540,1,5
4706,7,169,7,1,3,3,99,36,180,300,1,5
4707,12,435,14,1,3,1,25,1,0,300,1,5
4708,8,571,9,1,3,1,83,1,60,180,1,5
4709,5,517,6,1,3,3,12,8,0,300,2,5
4710,8,85,8,1,3,2,39,32,180,300,3,5
4711,4,184,4,2,3,2,28,59,300,420,1,5
4712,9,399,9,2,3,1,4,100,420,540,2,5
4713,10,331,11,1,3,2,100,95,180,300,2,5
4714,6,519,7,1,3,2,50,39,180,300,1,5
4715,2,409,3,1,3,1,74,22,180,300,2,5
4716,4,491,5,1,3,2,26,22,180,300,3,5
4717,1,183,1,2,3,3,97,21,300,600,2,5
4718,7,96,7,1,3,1,58,34,180,300,4,5
4719,9,516,11,1,3,2,97,83,60,180,2,5
4720,10,290,11,1,3,1,96,9,60,180,4,5
4721,12,285,12,2,3,2,58,62,420,540,1,5
4722,5,359,6,1,3,2,19,50,0,300,2,5
4723,8,590,10,1,3,1,30,49,60,180,3,5
4724,2,435,4,1,3,1,16,64,60,180,4,5
4725,10,101,10,1,3,2,17,15,180,300,1,5
4726,13,31,13,1,3,3,88,60,60,180,2,5
4727,7,51,8,1,3,3,57,25,60,180,2,5
4728,3,177,3,1,3,3,59,8,180,300,1,5
4729,7,441,9,1,3,3,79,22,180,300,4,5
4730,1,583,2,1,3,3,47,45,0,300,4,5
4731,7,431,8,1,3,1,88,92,0,300,3,5
4732,12,453,14,1,3,2,5,18,60,180,2,5
4733,7,516,9,1,3,3,43,85,60,180,4,5
4734,4,556,6,1,3,2,4,87,60,180,3,5
4735,14,247,14,2,3,2,67,90,300,420,3,5
4736,14,166,14,1,3,1,49,87,180,300,1,5
4737,13,577,14,1,3,3,29,28,0,300,2,5
4738,5,11,5,1,3,1,98,55,60,180,3,5
4739,5,558,7,1,3,3,21,100,0,300,4,5
4740,10,135,10,1,3,1,53,84,180,300,2,5
4741,8,155,8,1,3,3,24,19,180,300,1,5
4742,7,300,8,1,3,3,78,86,0,300,4,5
4743,2,121,3,1,3,3,31,82,180,300,2,5
4744,2,225,3,1,3,2,29,23,0,300,3,5
4745,3,21,3,1,3,2,58,48,60,180,3,5
4746,14,209,14,2,3,2,44,50,300,600,1,5
4747,13,394,13,2,3,1,47,64,420,540,4,5
4748,3,316,4,1,3,3,53,39,0,300,3,5
4749,10,295,11,1,3,2,65,60,180,300,2,5
4750,2,456,3,1,3,3,52,2,60,180,4,5
4751,1,35,2,1,3,3,21,91,0,300,1,5
4752,5,462,6,1,3,1,52,48,180,300,1,5
4753,4,110,4,1,3,3,51,56,180,300,4,5
4754,1,172,1,1,3,1,98,57,180,300,4,5
4755,8,431,9,1,3,1,60,91,0,300,2,5
4756,6,383,6,2,3,3,76,81,420,540,3,5
4757,11,359,12,1,3,2,15,45,0,300,4,5
4758,5,123,6,1,3,2,42,61,180,300,4,5
4759,13,558,14,1,3,3,78,32,60,180,2,5
4760,14,517,16,1,3,1,41,86,0,300,2,5
4761,6,337,7,2,3,2,9,68,420,540,4,5
4762,10,271,10,2,3,3,82,90,420,540,2,5
4763,11,439,13,1,3,2,16,51,180,300,3,5
4764,7,295,8,1,3,2,49,71,0,300,4,5
4765,8,227,9,1,3,1,25,13,60,180,4,5
4766,1,574,2,1,3,3,53,63,0,300,1,5
4767,14,595,16,2,3,2,68,71,300,600,1,5
4768,6,60,7,2,3,1,65,74,0,300,1,5
4769,12,77,14,1,3,1,65,21,0,300,4,5
4770,4,293,5,1,3,2,92,99,180,300,1,5
4771,7,243,9,2,3,2,79,24,0,300,1,5
4772,3,444,4,1,3,3,9,83,180,300,3,5
4773,7,525,9,1,3,3,93,63,180,300,1,5
4774,2,151,2,1,3,3,61,24,180,300,3,5
4775,12,144,12,1,3,2,7,92,180,300,4,5
4776,12,385,14,2,3,1,77,63,300,600,2,5
4777,3,117,3,1,3,3,28,11,180,300,4,5
4778,9,166,9,1,3,2,75,9,180,300,3,5
4779,10,296,10,2,3,3,76,17,300,600,3,5
4780,14,25,14,1,3,2,36,70,60,180,4,5
4781,9,385,10,1,3,3,89,3,0,300,2,5
4782,2,24,2,1,3,2,47,57,60,180,3,5
4783,1,388,1,2,3,2,61,33,420,540,2,5
4784,7,345,7,2,3,3,22,64,420,540,1,5
4785,8,398,8,2,3,1,6,23,420,540,3,5
4786,14,382,14,2,3,3,1,83,420,540,3,5
4787,1,372,1,2,3,2,57,77,420,540,4,5
4788,9,541,10,1,3,2,15,95,180,300,4,5
4789,14,75,15,1,3,3,83,87,180,300,3,5
4790,11,413,11,2,3,2,33,8,420,540,1,5
4791,4,286,4,2,3,1,67,7,420,540,4,5
4792,10,290,10,2,3,3,4,5,420,540,4,5
4793,10,257,11,1,3,3,15,9,180,300,3,5
4794,11,159,11,1,3,1,26,94,180,300,2,5
4795,5,362,6,1,3,2,24,92,180,300,1,5
4796,9,313,9,2,3,2,27,98,420,540,2,5
4797,3,267,3,2,3,3,70,79,300,420,4,5
4798,9,48,10,1,3,2,25,70,0,300,1,5
4799,7,435,9,1,3,1,43,0,0,300,1,5
4800,2,116,3,1,3,1,37,72,0,300,2,5
4801,7,173,8,1,3,2,82,2,60,180,2,5
4802,4,233,5,1,3,3,68,8,0,300,4,5
4803,9,442,11,1,3,2,54,40,180,300,4,5
4804,2,325,2,2,3,3,30,79,420,540,2,5
4805,2,271,2,2,3,3,75,23,300,600,4,5
4806,10,346,10,2,3,3,99,28,420,540,4,5
4807,13,234,13,2,3,2,56,34,300,420,1,5
4808,13,173,14,1,3,1,38,5,0,300,2,5
4809,10,305,10,2,3,3,20,83,420,540,1,5
4810,8,361,8,2,3,2,90,0,420,540,2,5
4811,9,202,9,2,3,1,83,68,420,540,4,5
4812,6,399,6,2,3,3,41,25,420,540,2,5
4813,11,258,11,2,3,3,69,36,420,540,2,5
4814,10,5,11,2,3,3,8,49,0,300,2,5
4815,7,544,9,1,3,3,51,1,0,300,3,5
4816,13,192,14,1,3,1,22,97,0,300,2,5
4817,4,254,4,2,3,3,90,72,300,600,1,5
4818,3,152,4,1,3,1,56,29,0,300,1,5
4819,1,96,1,1,3,2,72,4,180,300,3,5
4820,7,529,8,1,3,3,50,82,60,180,4,5
4821,8,36,8,1,3,3,41,95,60,180,4,5
4822,6,173,6,1,3,1,16,40,180,300,3,5
4823,10,132,10,1,3,1,56,57,180,300,3,5
4824,14,408,14,2,3,2,73,19,420,540,1,5
4825,12,503,14,1,3,3,91,78,0,300,3,5
4826,7,588,9,1,3,1,99,35,60,180,3,5
4827,9,472,10,1,3,2,18,81,60,180,2,5
4828,5,545,6,1,3,1,76,25,180,300,1,5
4829,4,56,4,1,3,1,7,79,60,180,3,5
4830,14,313,15,1,3,2,1,4,0,300,1,5
4831,10,596,11,1,3,1,24,49,60,180,3,5
4832,12,176,13,1,3,1,82,92,60,180,3,5
4833,5,539,7,1,3,2,33,55,0,300,2,5
4834,8,466,9,1,3,1,78,72,0,300,3,5
4835,13,599,14,1,3,1,45,56,0,300,1,5
4836,13,219,13,2,3,3,47,73,420,540,1,5
4837,14,411,15,1,3,3,9,48,180,300,1,5
4838,4,41,4,1,3,3,89,98,60,180,3,5
4839,11,303,11,2,3,1,5,71,420,540,1,5
4840,7,558,8,1,3,2,27,39,180,300,1,5
4841,3,383,3,2,3,1,71,93,420,540,1,5
4842,10,412,11,1,3,1,75,23,180,300,1,5
4843,5,469,6,1,3,3,79,43,60,180,2,5
4844,12,562,14,1,3,2,24,3,0,300,2,5
4845,1,114,2,2,3,3,88,17,60,180,4,5
4846,6,212,6,2,3,2,44,14,420,540,4,5
4847,13,64,13,1,3,2,26,17,180,300,3,5
4848,10,455,11,1,3,2,35,9,60,180,2,5
4849,2,533,3,1,3,1,45,100,180,300,2,5
4850,12,147,12,1,3,1,15,32,180,300,2,5
4851,14,399,14,2,3,1,99,37,420,540,3,5
4852,10,512,11,1,3,1,34,12,60,180,3,5
4853,8,345,8,2,3,3,29,21,420,540,2,5
4854,2,403,2,2,3,2,76,83,420,540,2,5
4855,9,434,10,1,3,2,10,99,180,300,4,5
4856,2,401,3,1,3,1,89,90,60,180,1,5
4857,9,275,10,1,3,3,38,81,0,300,2,5
4858,14,488,16,1,3,3,74,76,0,300,4,5
4859,11,238,12,1,3,2,1,91,0,300,2,5
4860,1,352,2,1,3,3,16,17,0,300,3,5
4861,2,590,3,1,3,3,51,86,180,300,1,5
4862,6,482,7,2,3,2,96,48,60,180,3,5
4863,12,373,13,1,3,3,75,68,60,180,4,5
4864,7,406,7,2,3,3,6,30,420,540,4,5
4865,10,505,12,1,3,2,70,52,60,180,4,5
4866,9,273,10,1,3,3,31,22,0,300,1,5
4867,12,225,13,1,3,3,30,92,60,180,4,5
4868,14,215,14,2,3,1,63,68,420,540,1,5
4869,2,579,4,1,3,3,54,57,0,300,4,5
4870,12,552,14,1,3,2,29,95,180,300,3,5
4871,11,367,12,1,3,1,32,47,0,300,2,5
4872,4,421,5,1,3,1,69,79,60,180,1,5
4873,5,313,6,1,3,2,17,73,0,300,1,5
4874,14,133,15,1,3,1,3,43,180,300,4,5
4875,5,488,6,1,3,1,79,41,180,300,1,5
4876,11,498,12,1,3,1,80,48,180,300,4,5
4877,4,591,6,1,3,3,90,27,0,300,2,5
4878,11,77,13,1,3,1,51,64,60,180,4,5
4879,9,9,9,1,3,1,45,43,60,180,3,5
4880,2,402,2,2,3,3,4,8,420,540,2,5
4881,5,316,6,1,3,2,18,97,180,300,3,5
4882,12,494,13,1,3,2,41,4,180,300,1,5
4883,8,68,9,1,3,2,67,19,0,300,4,5
4884,9,52,10,1,3,1,64,47,180,300,3,5
4885,11,503,13,1,3,2,98,7,60,180,3,5
4886,3,113,3,1,3,3,68,5,180,300,4,5
4887,14,508,16,1,3,1,80,11,60,180,1,5
4888,1,488,3,2,3,3,86,42,180,300,4,5
4889,9,439,11,1,3,1,8,77,60,180,4,5
4890,12,364,12,2,3,1,5,22,420,540,3,5
4891,12,267,12,2,3,3,45,59,420,540,2,5
4892,2,317,3,1,3,2,66,55,180,300,3,5
4893,13,504,15,1,3,3,22,26,60,180,4,5
4894,3,32,4,1,3,1,75,0,60,180,2,5
4895,7,379,7,2,3,2,100,96,420,540,4,5
4896,7,249,7,2,3,3,71,86,420,540,3,5
4897,6,262,7,2,3,1,51,26,300,420,2,5
4898,4,565,5,1,3,2,63,48,180,300,1,5
4899,8,266,8,2,3,2,95,35,420,540,3,5
4900,1,594,3,2,3,2,23,95,60,180,3,5
4901,2,296,2,2,3,3,62,51,420,540,3,5
4902,5,384,5,2,3,1,67,75,420,540,2,5
4903,2,12,2,1,3,2,0,94,60,180,2,5
4904,7,427,9,1,3,2,67,43,180,300,1,5
4905,9,286,9,2,3,1,90,65,420,540,1,5
4906,1,260,1,2,3,2,21,76,420,540,4,5
4907,13,198,14,1,3,2,83,27,180,300,1,5
4908,12,586,14,1,3,1,47,46,0,300,4,5
4909,14,8,14,1,3,1,35,2,60,180,3,5
4910,8,51,8,1,3,3,61,47,60,180,3,5
4911,7,237,7,2,3,3,7,100,420,540,1,5
4912,9,375,9,2,3,1,39,60,420,540,3,5
4913,2,434,3,1,3,2,90,0,60,180,3,5
4914,9,472,10,1,3,2,9,68,0,300,1,5
4915,11,310,11,2,3,1,48,41,420,540,1,5
4916,7,488,9,1,3,2,66,62,0,300,3,5
4917,6,355,6,2,3,1,11,88,420,540,3,5
4918,4,164,4,1,3,1,75,71,180,300,1,5
4919,14,167,15,2,3,3,22,8,420,540,4,5
4920,14,51,15,1,3,3,18,27,180,300,1,5
4921,8,21,9,1,3,1,38,67,60,180,4,5
4922,14,461,15,2,3,3,19,87,180,300,1,5
4923,11,254,11,2,3,3,57,22,300,420,3,5
4924,5,556,7,1,3,3,66,47,0,300,2,5
4925,4,50,4,1,3,1,59,61,60,180,3,5
4926,7,198,7,2,3,1,74,41,420,540,3,5
4927,10,273,10,2,3,2,31,67,300,420,4,5
4928,11,538,13,1,3,3,9,58,0,300,2,5
4929,6,344,6,2,3,2,20,81,420,540,3,5
4930,7,518,8,1,3,3,68,36,60,180,2,5
4931,7,216,8,1,3,1,76,98,180,300,2,5
4932,6,452,7,1,3,2,3,34,0,300,1,5
4933,6,48,6,1,3,1,99,74,60,180,4,5
4934,11,183,12,1,3,3,44,50,0,300,3,5
4935,13,186,14,1,3,3,77,30,180,300,2,5
4936,13,422,14,1,3,3,57,18,180,300,2,5
4937,1,415,1,2,3,2,51,99,420,540,4,5
4938,10,334,10,2,3,3,75,63,420,540,1,5
4939,1,509,2,1,3,2,86,98,60,180,1,5
4940,5,94,6,1,3,2,89,41,0,300,2,5
4941,13,239,13,2,3,2,4,31,420,540,2,5
4942,2,551,4,1,3,1,25,6,60,180,4,5
4943,1,270,1,2,3,1,64,54,300,420,1,5
4944,5,292,6,1,3,2,91,4,180,300,1,5
4945,8,577,9,1,3,1,15,56,0,300,2,5
4946,10,559,11,1,3,2,56,18,0,300,2,5
4947,9,81,9,1,3,3,36,85,180,300,1,5
4948,8,461,9,1,3,2,81,54,0,300,2,5
4949,10,470,11,1,3,1,46,100,0,300,4,5
4950,3,266,3,2,3,1,30,24,420,540,3,5
4951,4,491,5,1,3,1,43,35,180,300,2,5
4952,12,107,13,1,3,1,24,23,180,300,4,5
4953,7,410,7,2,3,3,85,25,420,540,3,5
4954,11,59,11,1,3,3,99,27,60,180,4,5
4955,9,126,11,1,3,1,90,63,60,180,1,5
4956,10,152,10,1,3,2,43,43,180,300,4,5
4957,1,586,2,1,3,1,54,29,0,300,2,5
4958,7,446,9,1,3,1,53,92,180,300,3,5
4959,4,465,5,1,3,3,47,85,60,180,3,5
4960,4,124,5,1,3,2,40,69,60,180,1,5
4961,3,49,3,1,3,2,14,53,60,180,2,5
4962,9,273,9,2,3,3,10,5,420,540,1,5
4963,7,281,8,1,3,1,84,96,0,300,3,5
4964,7,507,8,1,3,3,11,84,180,300,1,5
4965,13,47,14,1,3,1,38,91,60,180,3,5
4966,1,186,2,1,3,3,61,78,0,300,3,5
4967,7,44,7,1,3,3,7,24,60,180,2,5
4968,7,248,7,2,3,2,100,69,300,420,2,5
4969,14,331,15,1,3,1,83,3,180,300,4,5
4970,13,254,13,2,3,3,81,75,300,600,2,5
4971,6,188,6,2,3,1,88,88,300,600,4,5
4972,3,453,4,1,3,3,62,15,60,180,2,5
4973,4,52,4,1,3,2,87,38,60,180,4,5
4974,5,88,6,1,3,1,83,5,0,300,1,5
4975,10,574,12,1,3,3,67,97,60,180,4,5
4976,10,29,11,1,3,1,70,14,0,300,2,5
4977,6,166,6,1,3,2,78,40,180,300,3,5
4978,14,463,16,1,3,2,43,23,180,300,3,5
4979,1,31,1,1,3,3,75,41,60,180,4,5
4980,6,592,8,1,3,1,13,90,180,300,2,5
4981,9,206,10,1,3,3,76,16,60,180,4,5
4982,4,136,5,1,3,3,16,15,180,300,3,5
4983,14,168,14,1,3,1,92,15,180,300,1,5
4984,4,435,6,1,3,3,16,86,180,300,2,5
4985,2,51,2,1,3,2,10,38,60,180,1,5
4986,6,547,8,1,3,1,67,79,180,300,2,5
4987,8,280,8,2,3,3,47,16,420,540,1,5
4988,3,97,4,1,3,2,27,43,0,300,3,5
4989,3,471,4,1,3,3,24,37,60,180,4,5
4990,7,261,8,1,3,3,55,24,60,180,3,5
4991,4,386,4,2,3,2,78,34,420,540,4,5
4992,4,201,4,2,3,2,43,55,300,420,2,5
4993,9,324,10,1,3,3,37,44,0,300,4,5
4994,4,435,6,1,3,1,74,98,180,300,1,5
4995,2,559,3,1,3,2,85,67,60,180,2,5
4996,14,586,16,1,3,2,97,47,60,180,1,5
4997,12,406,12,2,3,1,98,17,420,540,2,5
4998,13,431,14,1,3,3,22,77,180,300,1,5
4999,12,228,12,2,3,1,58,44,300,420,2,5
5000,13,498,14,2,3,2,92,27,420,540,1,5
5001,4,304,4,2,3,2,11,92,420,540,2,5
5002,14,55,14,1,3,2,78,72,60,180,2,5
5003,14,405,15,1,3,3,33,100,180,300,2,5
5004,11,536,13,1,3,3,24,27,60,180,2,5
5005,11,266,11,2,3,3,46,100,420,540,4,5
5006,7,554,8,1,3,2,60,94,60,180,3,5
5007,13,241,13,2,3,1,75,5,300,420,3,5
5008,8,448,10,1,3,1,36,86,0,300,4,5
5009,1,589,2,1,3,3,49,6,60,180,3,5
5010,1,575,2,1,3,1,70,33,180,300,4,5
5011,13,106,14,1,3,2,20,44,180,300,4,5
5012,14,544,16,1,3,2,81,45,60,180,4,5
5013,7,198,8,1,3,2,16,82,60,180,2,5
5014,11,87,11,1,3,3,82,48,180,300,2,5
5015,3,425,4,1,3,1,29,3,180,300,3,5
5016,5,379,5,2,3,2,86,57,420,540,2,5
5017,8,55,9,1,3,3,92,34,0,300,2,5
5018,3,340,3,2,3,1,37,30,420,540,4,5
5019,11,522,12,1,3,1,24,79,60,180,4,5
5020,5,549,6,1,3,2,27,39,180,300,2,5
5021,2,236,3,1,3,3,9,48,60,180,1,5
5022,9,182,10,1,3,2,73,82,180,300,4,5
5023,1,158,1,1,3,1,26,5,180,300,1,5
5024,10,75,11,1,3,3,98,42,60,180,4,5
5025,7,447,8,1,3,1,22,31,60,180,3,5
5026,8,493,10,1,3,1,8,70,60,180,2,5
5027,4,382,5,2,3,3,54,46,0,300,3,5
5028,13,213,13,2,3,1,84,35,300,420,1,5
5029,4,299,4,2,3,2,4,51,420,540,2,5
5030,2,366,2,2,3,2,24,48,420,540,4,5
5031,9,583,10,1,3,2,69,81,0,300,4,5
5032,13,293,14,1,3,3,92,72,60,180,3,5
5033,9,152,9,1,3,3,39,37,180,300,2,5
5034,1,368,2,1,3,3,14,25,0,300,3,5
5035,13,470,14,1,3,2,24,54,180,300,1,5
5036,3,310,4,1,3,1,69,39,60,180,1,5
5037,12,162,12,1,3,3,10,10,180,300,4,5
5038,10,99,10,1,3,2,66,6,180,300,2,5
5039,10,580,11,1,3,3,36,53,60,180,3,5
5040,10,516,12,1,3,1,46,61,180,300,4,5
5041,10,469,12,1,3,1,14,1,0,300,1,5
5042,3,477,5,1,3,3,1,32,0,300,4,5
5043,6,268,6,2,3,1,49,93,420,540,1,5
5044,10,580,12,1,3,1,87,3,0,300,4,5
5045,4,198,4,2,3,2,51,33,420,540,4,5
5046,14,517,15,1,3,2,47,94,180,300,3,5
5047,8,382,8,2,3,1,50,73,420,540,2,5
5048,12,1,12,1,3,3,2,28,60,180,3,5
5049,11,203,11,2,3,1,19,63,420,540,3,5
5050,1,24,2,1,3,2,35,35,180,300,4,5
5051,4,42,4,1,3,1,73,76,60,180,4,5
5052,9,452,11,1,3,1,71,13,180,300,2,5
5053,9,175,9,1,3,1,53,39,180,300,1,5
5054,6,153,7,1,3,2,52,58,60,180,2,5
5055,11,43,12,1,3,3,42,44,0,300,3,5
5056,4,445,5,1,3,1,63,20,180,300,2,5
5057,6,467,7,1,3,2,35,2,60,180,1,5
5058,8,164,9,2,3,1,31,31,0,300,4,5
5059,4,65,4,1,3,1,56,74,180,300,4,5
5060,10,378,10,2,3,1,56,77,420,540,1,5
5061,3,187,3,2,3,1,39,65,420,540,4,5
5062,13,245,13,2,3,2,83,41,300,420,3,5
5063,5,138,5,1,3,1,94,63,180,300,4,5
5064,3,435,4,1,3,2,99,76,0,300,3,5
5065,9,436,11,1,3,3,15,50,180,300,1,5
5066,6,408,6,2,3,3,59,8,420,540,2,5
5067,2,144,3,1,3,1,54,100,0,300,4,5
5068,9,468,11,1,3,3,76,24,60,180,3,5
5069,13,598,14,1,3,1,77,88,60,180,2,5
5070,7,416,8,1,3,1,64,52,0,300,1,5
5071,10,403,10,2,3,1,38,92,420,540,1,5
5072,7,536,9,1,3,1,59,3,180,300,3,5
5073,8,267,8,2,3,1,4,13,420,540,4,5
5074,14,35,14,2,3,2,7,87,300,600,1,5
5075,9,599,10,1,3,2,46,22,180,300,1,5
5076,11,236,11,2,3,2,19,37,300,420,3,5
5077,6,249,6,2,3,1,64,21,420,540,3,5
5078,4,321,5,1,3,3,99,23,60,180,1,5
5079,1,125,1,1,3,1,87,73,180,300,1,5
5080,6,226,7,1,3,1,78,56,180,300,4,5
5081,9,72,9,1,3,3,64,56,180,300,2,5
5082,13,491,14,1,3,1,48,29,0,300,3,5
5083,5,333,5,2,3,3,45,5,420,540,3,5
5084,14,586,15,1,3,2,99,2,0,300,4,5
5085,13,301,13,2,3,3,19,73,420,540,3,5
5086,11,542,12,1,3,3,30,92,180,300,4,5
5087,9,105,10,1,3,2,90,69,60,180,3,5
5088,14,504,16,1,3,2,58,31,60,180,1,5
5089,1,12,1,1,3,3,82,38,60,180,3,5
5090,9,31,10,1,3,1,32,29,60,180,1,5
5091,14,232,15,1,3,1,23,49,180,300,2,5
5092,9,285,9,2,3,1,50,47,300,420,2,5
5093,10,324,10,2,3,2,30,10,420,540,1,5
5094,6,309,6,2,3,2,37,58,420,540,4,5
5095,7,398,7,2,3,2,93,23,420,540,2,5
5096,6,352,7,1,3,3,4,49,60,180,2,5
5097,13,18,14,1,3,1,73,29,180,300,1,5
5098,4,131,4,1,3,1,83,28,180,300,3,5
5099,7,189,7,2,3,2,18,2,420,540,4,5
5100,1,345,3,1,3,3,54,60,0,300,4,5
5101,11,156,11,1,3,1,87,1,180,300,4,5
5102,3,49,4,1,3,1,4,31,180,300,2,5
5103,1,482,2,1,3,2,82,51,180,300,3,5
5104,13,259,13,2,3,1,12,3,420,540,1,5
5105,4,560,5,1,3,3,85,52,180,300,2,5
5106,10,341,10,2,3,2,19,8,420,540,1,5
5107,4,269,4,2,3,2,64,92,300,420,4,5
5108,7,505,9,1,3,1,86,38,60,180,3,5
5109,1,498,3,2,3,2,13,10,0,300,1,5
5110,6,65,6,1,3,1,27,97,180,300,2,5
5111,9,511,11,1,3,2,29,43,180,300,2,5
5112,1,479,2,2,3,3,1,84,300,420,4,5
5113,11,379,11,2,3,1,91,27,420,540,1,5
5114,1,248,1,2,3,1,75,97,420,540,4,5
5115,12,378,13,1,3,3,89,7,180,300,2,5
5116,9,440,10,1,3,1,84,72,0,300,1,5
5117,6,434,7,1,3,3,88,70,180,300,2,5
5118,8,417,9,1,3,1,12,28,180,300,4,5
5119,4,518,6,1,3,1,70,0,0,300,3,5
5120,13,116,15,1,3,1,18,87,60,180,4,5
5121,5,334,5,2,3,3,45,29,420,540,1,5
5122,5,56,5,1,3,1,49,62,60,180,2,5
5123,10,568,11,1,3,2,16,91,180,300,4,5
5124,7,222,7,2,3,1,33,80,300,600,3,5
5125,7,504,9,1,3,1,5,75,180,300,4,5
5126,5,56,5,1,3,3,63,69,60,180,3,5
5127,1,382,2,1,3,2,47,14,0,300,1,5
5128,11,71,11,1,3,3,84,34,180,300,4,5
5129,5,15,7,1,3,3,60,76,60,180,1,5
5130,6,57,6,1,3,2,83,97,60,180,2,5
5131,8,452,9,1,3,1,7,68,180,300,4,5
5132,12,59,12,1,3,2,3,97,60,180,3,5
5133,8,398,9,1,3,1,39,33,180,300,1,5
5134,2,392,3,1,3,1,35,48,60,180,1,5
5135,12,214,12,2,3,1,11,0,420,540,1,5
5136,13,321,14,1,3,2,23,37,0,300,3,5
5137,12,381,13,1,3,1,99,21,60,180,1,5
5138,13,29,15,1,3,3,73,11,0,300,1,5
5139,3,134,4,1,3,1,69,83,0,300,3,5
5140,10,306,12,1,3,2,16,62,0,300,2,5
5141,2,343,2,2,3,2,9,26,420,540,3,5
5142,10,597,11,1,3,1,1,48,60,180,2,5
5143,7,343,7,2,3,3,27,49,420,540,2,5
5144,6,558,7,1,3,3,38,2,60,180,2,5
5145,5,316,5,2,3,3,46,90,420,540,1,5
5146,8,545,10,1,3,3,89,33,180,300,4,5
5147,12,260,12,2,3,3,9,54,420,540,3,5
5148,3,322,3,2,3,1,91,91,420,540,1,5
5149,3,480,4,1,3,1,19,51,0,300,4,5
5150,10,456,12,1,3,3,80,26,60,180,4,5
5151,7,370,8,1,3,3,29,21,180,300,4,5
5152,9,195,9,2,3,3,74,71,300,600,3,5
5153,11,323,11,2,3,1,43,79,420,540,1,5
5154,13,396,15,1,3,1,86,47,180,300,1,5
5155,14,86,15,1,3,3,87,3,0,300,4,5
5156,2,171,2,1,3,1,70,24,180,300,2,5
5157,10,4,10,1,3,2,94,27,60,180,4,5
5158,14,300,15,1,3,2,73,54,0,300,3,5
5159,5,527,7,1,3,3,27,42,180,300,1,5
5160,4,343,5,2,3,3,10,8,420,540,1,5
5161,12,398,13,1,3,1,85,7,60,180,4,5
5162,7,582,8,1,3,3,25,100,0,300,1,5
5163,4,561,5,1,3,2,60,88,0,300,4,5
5164,5,310,5,2,3,3,44,12,420,540,1,5
5165,4,209,6,1,3,1,94,15,0,300,4,5
5166,1,391,1,2,3,3,77,5,420,540,3,5
5167,1,148,3,1,3,2,94,47,60,180,4,5
5168,2,132,2,1,3,1,43,14,180,300,2,5
5169,4,587,6,1,3,3,99,91,60,180,3,5
5170,2,86,2,1,3,3,95,33,180,300,1,5
5171,2,232,3,1,3,2,97,46,180,300,3,5
5172,1,24,1,1,3,1,83,44,60,180,3,5
5173,4,274,5,1,3,2,100,14,180,300,3,5
5174,13,484,15,1,3,1,57,28,0,300,3,5
5175,8,164,8,1,3,2,63,92,180,300,3,5
5176,4,442,5,1,3,1,74,1,60,180,2,5
5177,4,481,6,1,3,3,100,49,180,300,3,5
5178,9,213,9,2,3,2,38,78,300,420,2,5
5179,2,190,2,2,3,2,57,93,300,600,3,5
5180,1,391,2,1,3,2,96,30,60,180,1,5
5181,14,590,16,1,3,1,87,100,0,300,1,5
5182,7,171,7,1,3,2,21,28,180,300,1,5
5183,1,426,2,1,3,2,0,47,180,300,4,5
5184,1,432,3,1,3,1,22,43,0,300,3,5
5185,13,214,13,2,3,3,90,40,420,540,4,5
5186,2,124,2,1,3,1,70,4,180,300,3,5
5187,2,571,3,2,3,2,88,41,420,540,2,5
5188,11,416,12,1,3,3,11,79,60,180,2,5
5189,7,96,8,1,3,1,85,71,180,300,2,5
5190,13,359,14,1,3,1,14,51,0,300,2,5
5191,12,573,14,1,3,3,14,67,180,300,2,5
5192,1,292,2,1,3,3,21,84,180,300,3,5
5193,3,520,5,1,3,1,23,34,60,180,2,5
5194,11,345,12,1,3,3,84,98,0,300,2,5
5195,3,213,4,1,3,3,3,37,60,180,4,5
5196,1,220,1,2,3,1,53,38,420,540,3,5
5197,14,334,15,1,3,2,89,13,180,300,2,5
5198,5,245,5,2,3,3,89,4,300,600,4,5
5199,10,274,11,1,3,2,94,75,0,300,1,5
5200,6,167,7,1,3,1,72,53,60,180,2,5
5201,6,441,7,1,3,2,98,51,60,180,2,5
5202,13,132,13,1,3,2,16,2,180,300,3,5
5203,11,240,12,1,3,3,97,95,0,300,1,5
5204,4,444,5,1,3,2,4,4,60,180,4,5
5205,3,188,3,2,3,1,14,8,420,540,1,5
5206,12,560,14,1,3,2,37,49,180,300,1,5
5207,5,32,5,1,3,2,95,55,60,180,3,5
5208,10,486,11,1,3,2,60,99,0,300,3,5
5209,3,128,3,1,3,1,12,39,180,300,1,5
5210,1,516,3,1,3,3,91,56,60,180,3,5
5211,11,410,11,2,3,2,94,84,420,540,2,5
5212,10,149,10,1,3,3,26,73,180,300,1,5
5213,13,251,13,2,3,2,45,88,420,540,1,5
5214,4,522,6,1,3,2,75,76,180,300,3,5
5215,10,340,11,1,3,3,80,85,180,300,1,5
5216,7,240,8,1,3,3,18,92,180,300,1,5
5217,14,400,14,2,3,2,25,44,420,540,4,5
5218,1,537,3,1,3,1,45,93,0,300,1,5
5219,4,539,6,1,3,1,62,66,180,300,3,5
5220,5,9,5,1,3,1,41,56,60,180,3,5
5221,9,195,10,1,3,2,93,5,0,300,1,5
5222,8,233,8,2,3,2,13,15,420,540,1,5
5223,3,123,3,1,3,2,90,19,180,300,1,5
5224,14,362,14,2,3,2,42,89,420,540,1,5
5225,11,37,11,1,3,1,38,52,60,180,1,5
5226,11,413,11,2,3,1,43,71,420,540,1,5
5227,3,292,3,2,3,2,6,10,300,420,4,5
5228,1,139,1,1,3,3,79,18,180,300,3,5
5229,11,539,12,1,3,3,99,34,0,300,3,5
5230,12,497,13,1,3,2,64,61,60,180,2,5
5231,4,65,4,1,3,2,94,77,180,300,3,5
5232,8,245,8,2,3,1,0,70,420,540,4,5
5233,4,576,6,1,3,2,61,8,180,300,2,5
5234,7,259,8,1,3,3,65,88,0,300,4,5
5235,11,503,12,1,3,3,42,33,0,300,1,5
5236,12,9,13,1,3,1,67,4,180,300,1,5
5237,3,508,4,1,3,3,87,46,0,300,1,5
5238,4,373,4,2,3,2,77,59,420,540,4,5
5239,13,598,15,1,3,2,50,100,60,180,3,5
5240,7,217,8,1,3,3,66,99,0,300,4,5
5241,14,219,15,1,3,3,79,94,60,180,4,5
5242,5,58,6,1,3,3,31,67,0,300,3,5
5243,13,109,13,1,3,2,82,94,180,300,3,5
5244,8,144,8,1,3,2,30,53,180,300,2,5
5245,5,148,5,1,3,3,50,78,180,300,4,5
5246,3,54,3,1,3,3,40,11,60,180,3,5
5247,8,428,9,1,3,2,6,6,180,300,1,5
5248,14,64,14,1,3,2,27,6,180,300,3,5
5249,13,310,13,2,3,2,41,96,420,540,3,5
5250,8,581,9,1,3,1,49,2,60,180,3,5
5251,1,423,2,1,3,1,30,88,0,300,4,5
5252,5,588,7,1,3,3,64,51,0,300,4,5
5253,7,172,7,1,3,1,31,81,180,300,2,5
5254,7,237,7,2,3,3,28,57,420,540,1,5
5255,13,110,14,1,3,3,54,50,60,180,2,5
5256,1,562,2,1,3,2,33,15,180,300,3,5
5257,9,564,10,1,3,2,85,87,180,300,4,5
5258,6,487,7,1,3,2,65,100,0,300,3,5
5259,3,331,3,2,3,3,87,92,420,540,2,5
5260,1,139,2,1,3,2,67,59,60,180,3,5
5261,11,364,12,1,3,1,20,95,60,180,4,5
5262,5,390,5,2,3,3,8,34,420,540,3,5
5263,4,414,5,1,3,1,42,27,0,300,4,5
5264,3,210,4,1,3,3,60,37,180,300,2,5
5265,7,530,8,1,3,3,74,41,60,180,1,5
5266,9,575,11,1,3,1,30,47,180,300,3,5
5267,3,91,3,1,3,2,49,23,180,300,1,5
5268,7,334,7,2,3,2,58,63,420,540,1,5
5269,2,313,2,2,3,2,76,71,420,540,1,5
5270,10,488,11,1,3,3,57,82,60,180,2,5
5271,14,207,15,1,3,3,25,79,0,300,3,5
5272,1,294,2,1,3,1,90,4,180,300,4,5
5273,3,232,3,2,3,3,1,21,420,540,1,5
5274,2,306,2,2,3,1,89,0,420,540,1,5
5275,10,446,11,1,3,2,73,43,180,300,4,5
5276,9,470,11,1,3,2,65,97,0,300,2,5
5277,12,111,12,1,3,3,94,70,180,300,4,5
5278,12,305,12,2,3,1,18,99,420,540,3,5
5279,4,145,4,1,3,3,66,15,180,300,3,5
5280,10,470,12,1,3,3,13,31,60,180,1,5
5281,6,580,7,1,3,1,97,28,0,300,3,5
5282,7,334,7,2,3,1,2,63,420,540,3,5
5283,12,340,13,1,3,3,35,3,180,300,1,5
5284,8,315,8,2,3,2,82,79,420,540,1,5
5285,14,577,16,1,3,3,28,39,180,300,4,5
5286,14,49,15,1,3,2,8,28,0,300,2,5
5287,11,48,12,1,3,3,2,4,60,180,1,5
5288,1,297,2,1,3,1,47,40,0,300,2,5
5289,5,196,5,2,3,2,46,70,300,600,3,5
5290,13,317,13,2,3,3,55,21,420,540,1,5
5291,8,175,9,1,3,3,81,29,180,300,2,5
5292,14,555,15,1,3,3,51,25,60,180,3,5
5293,8,362,9,1,3,1,18,66,60,180,4,5
5294,7,61,7,1,3,2,91,15,180,300,3,5
5295,3,507,5,1,3,3,18,69,180,300,1,5
5296,2,357,2,2,3,1,57,54,420,540,3,5
5297,3,473,4,1,3,1,2,78,0,300,4,5
5298,14,550,15,1,3,2,66,53,0,300,1,5
5299,7,214,8,1,3,3,71,75,0,300,4,5
5300,3,523,4,1,3,2,32,22,0,300,2,5
5301,8,477,10,1,3,3,89,72,180,300,2,5
5302,7,560,9,1,3,3,54,55,0,300,2,5
5303,12,97,12,1,3,3,61,52,180,300,1,5
5304,12,7,12,1,3,2,73,66,60,180,4,5
5305,1,397,1,2,3,1,13,33,420,540,3,5
5306,11,397,11,2,3,1,90,46,420,540,1,5
5307,10,546,11,1,3,2,90,45,180,300,2,5
5308,7,12,7,1,3,2,83,12,60,180,3,5
5309,13,217,14,1,3,1,6,35,180,300,4,5
5310,13,92,14,1,3,1,12,46,180,300,4,5
5311,14,191,14,2,3,3,8,44,420,540,2,5
5312,3,358,4,2,3,3,7,46,420,540,2,5
5313,11,62,11,1,3,3,25,84,180,300,1,5
5314,7,92,8,1,3,2,7,100,60,180,4,5
5315,6,128,7,1,3,1,73,3,60,180,2,5
5316,13,243,13,2,3,1,69,73,420,540,1,5
5317,14,17,14,1,3,1,55,68,60,180,1,5
5318,7,423,8,1,3,2,40,6,60,180,4,5
5319,2,76,2,1,3,3,16,98,180,300,2,5
5320,7,28,8,1,3,3,26,50,60,180,4,5
5321,13,302,14,1,3,2,21,87,60,180,3,5
5322,5,309,6,1,3,2,2,35,180,300,3,5
5323,4,236,4,2,3,3,5,68,300,600,2,5
5324,3,245,3,2,3,2,49,60,300,420,4,5
5325,2,436,4,1,3,2,52,46,0,300,2,5
5326,6,592,8,1,3,1,76,47,60,180,1,5
5327,13,36,13,1,3,1,40,13,60,180,3,5
5328,6,475,8,1,3,1,59,44,60,180,3,5
5329,7,101,9,1,3,1,46,14,180,300,1,5
5330,2,296,3,1,3,2,5,8,0,300,3,5
5331,1,424,2,1,3,2,40,53,180,300,3,5
5332,9,225,9,2,3,1,88,65,300,420,3,5
5333,13,263,13,2,3,2,85,88,300,600,2,5
5334,12,184,13,1,3,3,5,96,60,180,2,5
5335,3,158,3,1,3,3,97,22,180,300,3,5
5336,5,373,5,2,3,1,5,45,420,540,4,5
5337,8,48,8,1,3,1,10,47,60,180,4,5
5338,6,587,8,1,3,3,80,46,0,300,3,5
5339,7,523,8,1,3,3,3,15,180,300,3,5
5340,14,468,15,1,3,2,81,95,180,300,4,5
5341,5,227,7,1,3,1,13,46,0,300,2,5
5342,7,190,8,1,3,2,27,34,60,180,3,5
5343,6,474,7,1,3,2,96,96,180,300,2,5
5344,1,278,1,2,3,3,73,32,420,540,2,5
5345,3,353,4,1,3,1,17,44,180,300,4,5
5346,6,4,6,1,3,2,71,6,60,180,2,5
5347,5,4,5,1,3,2,50,84,60,180,2,5
5348,12,240,12,2,3,2,17,89,420,540,1,5
5349,3,47,4,1,3,3,95,44,0,300,3,5
5350,7,220,7,2,3,3,71,6,420,540,3,5
5351,9,135,9,1,3,3,47,3,180,300,2,5
5352,1,301,1,2,3,2,82,97,420,540,3,5
5353,11,543,12,1,3,1,41,36,60,180,2,5
5354,2,545,4,1,3,2,33,92,60,180,2,5
5355,11,386,11,2,3,2,59,17,420,540,2,5
5356,11,10,11,1,3,1,35,88,60,180,2,5
5357,6,381,7,1,3,3,67,23,60,180,4,5
5358,7,271,7,2,3,3,82,68,420,540,4,5
5359,8,248,9,1,3,2,7,21,60,180,2,5
5360,1,222,1,2,3,2,32,5,420,540,4,5
5361,3,168,4,1,3,3,82,8,60,180,1,5
5362,6,45,6,1,3,1,21,55,60,180,2,5
5363,1,124,1,1,3,1,78,99,180,300,4,5
5364,6,53,7,1,3,1,52,28,0,300,2,5
5365,9,279,9,2,3,1,14,66,420,540,4,5
5366,3,170,3,1,3,2,79,27,180,300,3,5
5367,6,100,7,1,3,3,79,99,0,300,3,5
5368,8,419,9,1,3,2,66,18,60,180,3,5
5369,13,0,13,1,3,2,83,88,60,180,3,5
5370,11,33,11,1,3,1,68,53,60,180,4,5
5371,5,540,7,1,3,3,66,90,60,180,3,5
5372,11,347,12,1,3,1,92,27,60,180,4,5
5373,5,330,5,2,3,1,84,19,420,540,2,5
5374,4,92,4,1,3,3,20,83,180,300,1,5
5375,3,194,3,2,3,3,95,50,300,600,2,5
5376,3,508,5,1,3,3,68,31,0,300,3,5
5377,14,217,14,2,3,2,78,28,300,420,4,5
5378,4,60,4,1,3,2,44,64,180,300,2,5
5379,1,71,1,2,3,2,18,58,420,540,2,5
5380,13,171,13,1,3,3,70,97,180,300,3,5
5381,5,100,6,1,3,3,66,75,180,300,3,5
5382,10,242,10,2,3,2,43,81,300,420,2,5
5383,3,21,4,1,3,2,79,22,180,300,3,5
5384,14,311,15,1,3,3,28,38,60,180,3,5
5385,4,246,5,1,3,1,77,31,180,300,2,5
5386,13,218,13,2,3,2,95,65,420,540,4,5
5387,7,15,7,1,3,1,32,68,60,180,1,5
5388,1,485,2,1,3,3,55,69,0,300,3,5
5389,4,256,4,2,3,2,14,54,300,600,2,5
5390,1,480,2,1,3,1,77,17,0,300,1,5
5391,8,121,8,1,3,2,95,68,180,300,3,5
5392,11,147,12,1,3,3,12,45,60,180,4,5
5393,2,499,3,1,3,3,22,80,180,300,4,5
5394,1,105,2,1,3,3,53,61,180,300,3,5
5395,6,114,6,1,3,2,56,98,180,300,3,5
5396,2,449,3,1,3,3,35,52,180,300,2,5
5397,12,464,13,1,3,3,90,49,180,300,3,5
5398,12,246,12,2,3,2,30,71,420,540,1,5
5399,6,274,6,2,3,2,36,33,420,540,2,5
5400,13,425,15,1,3,2,36,98,180,300,1,5
5401,13,382,13,2,3,2,66,87,420,540,1,5
5402,9,293,9,2,3,2,54,21,420,540,3,5
5403,4,196,5,1,3,2,19,78,180,300,4,5
5404,7,71,7,1,3,1,95,0,180,300,3,5
5405,9,442,10,1,3,1,30,7,180,300,4,5
5406,4,328,5,1,3,2,79,27,60,180,3,5
5407,6,358,7,1,3,1,8,33,0,300,4,5
5408,2,489,3,1,3,2,61,90,60,180,4,5
5409,8,452,10,1,3,3,20,44,0,300,1,5
5410,8,95,8,1,3,3,75,19,180,300,2,5
5411,2,201,2,2,3,2,81,69,300,420,3,5
5412,1,594,2,1,3,2,34,13,0,300,4,5
5413,14,473,15,1,3,1,21,79,0,300,3,5
5414,14,387,14,2,3,2,85,37,420,540,2,5
5415,10,520,11,1,3,3,93,78,60,180,4,5
5416,2,160,3,1,3,3,9,76,180,300,3,5
5417,3,175,3,1,3,3,51,52,180,300,3,5
5418,10,9,12,1,3,3,17,6,60,180,4,5
5419,8,285,9,1,3,1,76,56,0,300,1,5
5420,1,156,1,1,3,2,64,14,180,300,4,5
5421,3,537,4,1,3,1,98,94,0,300,1,5
5422,5,599,7,1,3,3,58,15,180,300,2,5
5423,5,380,5,2,3,1,35,18,420,540,1,5
5424,4,358,4,2,3,1,14,27,420,540,1,5
5425,12,502,14,1,3,3,46,60,60,180,2,5
5426,5,9,5,1,3,3,5,94,60,180,2,5
5427,13,493,14,1,3,3,46,7,0,300,1,5
5428,9,484,10,1,3,3,30,63,60,180,2,5
5429,11,17,12,2,3,2,40,9,60,180,1,5
5430,12,186,13,1,3,3,55,30,60,180,1,5
5431,11,192,12,1,3,1,54,14,60,180,2,5
5432,4,31,4,1,3,1,14,55,60,180,1,5
5433,8,546,9,2,3,2,34,80,420,540,4,5
5434,6,486,8,1,3,1,3,24,0,300,3,5
5435,3,453,5,1,3,3,90,0,60,180,2,5
5436,4,222,4,2,3,1,87,17,420,540,2,5
5437,10,257,10,2,3,2,38,2,300,600,2,5
5438,2,307,2,2,3,3,39,20,420,540,2,5
5439,9,102,9,1,3,3,100,13,180,300,3,5
5440,4,411,4,2,3,1,29,76,420,540,4,5
5441,12,97,12,1,3,1,36,79,180,300,3,5
5442,2,431,3,1,3,2,16,7,60,180,3,5
5443,1,395,1,2,3,2,100,38,420,540,2,5
5444,9,421,10,1,3,3,66,56,60,180,2,5
5445,12,20,12,1,3,3,23,59,60,180,2,5
5446,6,111,6,1,3,1,18,24,180,300,2,5
5447,13,275,14,1,3,1,42,61,180,300,3,5
5448,3,244,4,1,3,1,56,40,60,180,1,5
5449,9,434,10,1,3,3,36,14,60,180,3,5
5450,13,269,14,1,3,1,15,64,60,180,3,5
5451,1,309,1,2,3,3,63,39,420,540,2,5
5452,9,89,10,1,3,2,23,27,180,300,1,5
5453,6,75,6,1,3,2,40,69,180,300,2,5
5454,9,576,11,1,3,2,90,18,180,300,3,5
5455,14,582,16,1,3,2,61,6,0,300,3,5
5456,6,411,6,2,3,3,49,92,420,540,3,5
5457,11,200,12,2,3,1,89,9,420,540,1,5
5458,4,87,4,1,3,1,27,57,180,300,2,5
5459,14,326,14,2,3,2,51,5,420,540,2,5
5460,4,592,5,2,3,2,29,25,0,300,1,5
5461,7,337,7,2,3,3,35,44,420,540,1,5
5462,11,268,11,2,3,1,11,39,420,540,2,5
5463,3,557,5,1,3,3,66,66,60,180,2,5
5464,1,347,1,2,3,2,30,78,420,540,3,5
5465,2,531,3,1,3,2,68,14,0,300,1,5
5466,1,221,2,1,3,1,54,61,60,180,2,5
5467,1,271,1,2,3,2,63,95,300,600,1,5
5468,10,221,10,2,3,1,42,63,420,540,3,5
5469,3,108,3,1,3,2,3,65,180,300,1,5
5470,14,594,16,1,3,3,63,65,180,300,3,5
5471,11,119,12,1,3,1,4,6,0,300,2,5
5472,14,366,14,2,3,1,13,37,420,540,3,5
5473,13,280,13,2,3,1,90,64,300,600,1,5
5474,1,288,2,1,3,2,83,67,180,300,4,5
5475,3,181,4,1,3,2,31,72,180,300,2,5
5476,13,232,13,2,3,1,28,42,300,600,4,5
5477,13,387,13,2,3,2,32,65,420,540,3,5
5478,7,119,8,1,3,1,22,13,0,300,3,5
5479,2,40,2,1,3,2,39,65,60,180,2,5
5480,13,519,14,1,3,3,71,63,0,300,1,5
5481,7,539,9,1,3,1,73,90,0,300,3,5
5482,3,393,3,2,3,1,34,8,420,540,4,5
5483,7,75,7,1,3,2,6,43,180,300,2,5
5484,10,151,10,1,3,1,0,28,180,300,2,5
5485,4,340,4,2,3,1,73,16,420,540,3,5
5486,2,235,3,1,3,3,17,91,180,300,2,5
5487,4,214,4,2,3,2,33,94,300,420,2,5
5488,3,468,5,1,3,1,15,90,0,300,3,5
5489,10,48,10,1,3,1,23,2,60,180,2,5
5490,11,166,12,1,3,2,53,93,0,300,4,5
5491,10,214,11,1,3,3,13,51,180,300,4,5
5492,10,548,11,1,3,3,51,41,180,300,4,5
5493,11,288,11,2,3,1,10,27,300,600,4,5
5494,9,79,9,1,3,3,66,100,180,300,4,5
5495,6,549,7,1,3,3,34,81,180,300,2,5
5496,5,366,6,1,3,3,78,11,180,300,3,5
5497,13,520,14,2,3,1,64,22,180,300,2,5
5498,2,493,3,1,3,1,33,43,60,180,2,5
5499,13,541,15,1,3,2,68,36,0,300,1,5
5500,9,489,10,1,3,3,81,24,0,300,2,5
5501,10,159,10,1,3,3,7,14,180,300,4,5
5502,12,364,13,1,3,2,99,68,180,300,4,5
5503,5,198,5,2,3,3,62,62,300,420,2,5
5504,11,290,11,2,3,3,25,3,300,600,2,5
5505,11,325,12,1,3,3,3,64,0,300,1,5
5506,14,467,15,1,3,2,94,46,180,300,2,5
5507,7,99,8,1,3,1,70,45,60,180,2,5
5508,5,467,6,1,3,2,100,57,180,300,1,5
5509,11,544,12,1,3,2,37,16,0,300,3,5
5510,6,241,6,2,3,2,89,85,300,600,4,5
5511,10,116,10,1,3,1,91,57,180,300,4,5
5512,12,191,12,2,3,1,94,79,300,420,1,5
5513,7,346,7,2,3,3,34,49,420,540,1,5
5514,12,367,13,1,3,1,76,16,180,300,3,5
5515,13,30,13,1,3,2,82,44,60,180,3,5
5516,7,446,9,1,3,1,13,46,180,300,1,5
5517,8,258,8,2,3,1,37,38,420,540,3,5
5518,3,58,3,2,3,3,61,65,420,540,4,5
5519,3,505,4,1,3,1,5,98,0,300,4,5
5520,2,41,3,1,3,2,98,53,0,300,4,5
5521,11,418,11,2,3,1,0,67,420,540,1,5
5522,8,260,9,1,3,2,17,67,180,300,2,5
5523,8,80,8,2,3,2,34,14,180,300,2,5
5524,8,582,10,2,3,1,35,48,60,180,3,5
5525,12,5,12,1,3,1,56,67,60,180,3,5
5526,9,237,9,2,3,2,32,24,300,600,4,5
5527,6,258,6,2,3,1,27,63,300,600,4,5
5528,3,292,3,2,3,3,2,68,300,420,2,5
5529,3,8,3,1,3,1,57,13,60,180,2,5
5530,11,272,13,1,3,3,45,87,0,300,3,5
5531,5,26,5,1,3,1,38,85,60,180,3,5
5532,14,397,14,2,3,3,27,17,420,540,1,5
5533,7,506,8,1,3,2,14,60,60,180,4,5
5534,12,284,13,1,3,2,71,38,180,300,2,5
5535,13,389,13,2,3,1,89,24,420,540,1,5
5536,9,300,9,2,3,1,88,71,420,540,2,5
5537,4,253,4,2,3,2,14,86,420,540,3,5
5538,9,268,10,1,3,1,78,37,0,300,2,5
5539,1,199,1,2,3,2,83,12,300,420,1,5
5540,5,167,5,1,3,1,90,21,180,300,4,5
5541,14,513,15,1,3,1,3,53,60,180,3,5
5542,1,303,2,1,3,1,71,53,60,180,2,5
5543,10,6,10,1,3,2,53,35,60,180,2,5
5544,1,65,2,2,3,3,3,22,420,540,4,5
5545,7,380,8,2,3,2,84,37,180,300,3,5
5546,10,168,10,1,3,3,73,48,180,300,3,5
5547,1,93,2,1,3,3,18,37,60,180,3,5
5548,1,325,1,2,3,1,4,66,420,540,4,5
5549,5,331,5,2,3,3,94,34,420,540,1,5
5550,7,197,7,2,3,1,16,5,420,540,4,5
5551,3,169,4,1,3,2,99,38,0,300,3,5
5552,11,506,12,1,3,3,57,79,60,180,3,5
5553,14,404,14,2,3,1,69,97,420,540,1,5
5554,13,240,13,2,3,2,53,25,420,540,2,5
5555,9,171,9,2,3,1,92,98,180,300,4,5
5556,4,416,5,1,3,2,17,69,60,180,2,5
5557,4,398,4,2,3,3,100,41,420,540,1,5
5558,1,264,2,1,3,1,24,18,180,300,3,5
5559,5,442,6,1,3,2,79,88,180,300,3,5
5560,12,50,13,1,3,3,92,90,180,300,3,5
5561,1,112,2,1,3,1,96,51,180,300,3,5
5562,7,289,7,2,3,2,76,77,300,420,2,5
5563,1,547,3,1,3,1,45,57,60,180,1,5
5564,1,544,2,1,3,2,40,89,60,180,1,5
5565,5,411,5,2,3,2,70,73,420,540,4,5
5566,5,179,5,1,3,1,23,50,180,300,2,5
5567,14,35,15,1,3,3,24,36,180,300,1,5
5568,10,343,10,2,3,3,100,80,420,540,3,5
5569,3,364,3,2,3,1,99,28,420,540,3,5
5570,4,225,4,2,3,3,57,85,300,420,3,5
5571,8,6,8,1,3,1,90,53,60,180,2,5
5572,14,58,15,1,3,1,36,41,0,300,2,5
5573,10,336,10,2,3,2,46,69,420,540,1,5
5574,8,578,10,1,3,1,76,38,180,300,3,5
5575,11,122,11,1,3,2,14,78,180,300,1,5
5576,1,187,2,1,3,1,52,53,0,300,2,5
5577,1,163,2,1,3,3,34,98,180,300,2,5
5578,1,13,1,1,3,2,20,10,60,180,1,5
5579,2,401,2,2,3,2,21,2,420,540,4,5
5580,14,261,14,2,3,2,64,73,420,540,3,5
5581,8,342,9,1,3,3,61,56,60,180,3,5
5582,12,570,14,1,3,2,38,23,60,180,4,5
5583,7,309,7,2,3,1,46,7,420,540,1,5
5584,10,409,10,2,3,1,19,39,420,540,1,5
5585,11,71,11,1,3,1,34,14,180,300,2,5
5586,9,389,9,2,3,1,75,43,420,540,4,5
5587,10,189,11,1,3,2,14,58,180,300,3,5
5588,1,343,1,2,3,3,92,20,420,540,1,5
5589,11,299,11,2,3,1,25,75,420,540,1,5
5590,13,91,14,1,3,3,89,36,180,300,3,5
5591,12,489,14,1,3,3,100,82,180,300,3,5
5592,2,524,4,1,3,1,43,78,180,300,1,5
5593,4,490,6,1,3,3,98,6,0,300,3,5
5594,6,325,7,1,3,2,97,69,0,300,3,5
5595,6,541,8,1,3,3,69,73,180,300,1,5
5596,9,200,9,2,3,2,94,67,420,540,3,5
5597,7,111,7,1,3,2,33,52,180,300,3,5
5598,3,176,3,1,3,2,5,98,180,300,2,5
5599,12,180,12,1,3,1,65,21,180,300,4,5
5600,3,460,5,1,3,1,30,64,0,300,3,5
5601,12,104,12,1,3,2,46,37,180,300,3,5
5602,3,105,3,1,3,3,39,100,180,300,4,5
5603,4,414,4,2,3,2,46,34,420,540,4,5
5604,2,237,3,1,3,1,63,37,0,300,2,5
5605,1,494,2,1,3,3,33,29,60,180,2,5
5606,4,238,4,2,3,3,28,96,300,420,3,5
5607,14,31,14,1,3,1,13,8,60,180,4,5
5608,12,147,12,1,3,2,86,32,180,300,2,5
5609,1,412,1,2,3,2,32,95,420,540,1,5
5610,1,36,1,1,3,1,90,74,60,180,4,5
5611,13,286,14,1,3,2,19,52,180,300,3,5
5612,2,292,2,2,3,2,52,17,300,600,2,5
5613,4,423,6,1,3,3,63,39,180,300,3,5
5614,12,243,12,2,3,3,100,100,300,420,2,5
5615,10,557,12,1,3,3,95,47,60,180,2,5
5616,11,197,11,2,3,3,7,78,420,540,3,5
5617,6,355,6,2,3,2,36,12,420,540,3,5
5618,13,192,13,2,3,1,36,81,300,420,3,5
5619,2,108,2,1,3,3,100,45,180,300,3,5
5620,5,345,5,2,3,2,35,52,420,540,3,5
5621,11,5,12,1,3,2,1,25,60,180,2,5
5622,5,229,5,2,3,1,86,96,420,540,2,5
5623,14,530,16,1,3,2,38,2,180,300,2,5
5624,7,228,7,2,3,1,49,50,300,420,2,5
5625,13,89,13,1,3,2,93,67,180,300,1,5
5626,12,390,12,2,3,1,98,56,420,540,4,5
5627,11,372,12,1,3,3,16,98,0,300,4,5
5628,11,180,12,1,3,2,11,10,180,300,4,5
5629,13,599,14,1,3,2,65,45,0,300,3,5
5630,14,516,16,1,3,1,59,41,60,180,3,5
5631,4,472,6,1,3,2,32,39,180,300,3,5
5632,14,502,16,1,3,1,35,69,0,300,2,5
5633,12,537,14,1,3,3,99,80,0,300,4,5
5634,2,181,2,2,3,1,85,63,420,540,4,5
5635,6,213,6,2,3,1,62,12,300,600,3,5
5636,5,335,5,2,3,3,39,44,420,540,1,5
5637,4,296,5,1,3,1,68,34,0,300,1,5
5638,2,161,2,1,3,1,41,98,180,300,4,5
5639,3,412,4,1,3,3,46,72,0,300,4,5
5640,1,511,2,1,3,2,18,41,180,300,4,5
5641,4,265,5,1,3,2,57,56,0,300,1,5
5642,5,457,6,1,3,3,97,80,60,180,3,5
5643,6,477,8,1,3,1,41,75,180,300,3,5
5644,4,433,6,1,3,1,50,39,0,300,4,5
5645,8,137,9,1,3,1,94,13,60,180,1,5
5646,3,152,3,1,3,2,69,57,180,300,4,5
5647,6,455,7,1,3,2,1,73,60,180,4,5
5648,6,472,7,1,3,1,10,7,60,180,3,5
5649,10,536,12,1,3,2,31,68,180,300,1,5
5650,10,565,11,1,3,2,89,43,0,300,2,5
5651,1,108,1,1,3,2,3,41,180,300,3,5
5652,1,319,1,2,3,3,77,6,420,540,3,5
5653,5,117,5,1,3,3,35,28,180,300,4,5
5654,12,566,14,1,3,3,90,12,180,300,3,5
5655,13,555,14,1,3,1,19,44,60,180,3,5
5656,10,111,11,1,3,1,80,90,0,300,4,5
5657,6,70,7,1,3,1,34,4,180,300,3,5
5658,9,450,11,1,3,2,12,65,180,300,3,5
5659,8,544,10,1,3,2,66,40,180,300,2,5
5660,4,154,5,1,3,2,89,67,180,300,4,5
5661,1,209,1,2,3,1,40,86,300,420,3,5
5662,1,256,1,2,3,3,62,3,300,420,4,5
5663,8,35,9,1,3,2,23,68,60,180,4,5
5664,2,158,2,1,3,3,55,30,180,300,4,5
5665,3,304,3,2,3,3,6,36,420,540,1,5
5666,5,272,6,1,3,2,95,20,60,180,1,5
5667,11,202,12,1,3,3,47,16,180,300,4,5
5668,1,95,1,1,3,2,44,79,180,300,4,5
5669,2,511,3,1,3,3,35,33,0,300,1,5
5670,6,284,6,2,3,2,96,26,420,540,1,5
5671,3,181,3,2,3,1,71,4,300,600,4,5
5672,14,150,14,1,3,2,1,46,180,300,4,5
5673,1,3,1,1,3,1,71,84,60,180,3,5
5674,7,8,7,1,3,2,8,68,60,180,1,5
5675,1,598,3,1,3,1,86,57,180,300,3,5
5676,3,420,3,2,3,1,14,32,420,540,4,5
5677,2,436,4,1,3,1,55,83,0,300,4,5
5678,13,220,13,2,3,3,64,93,300,600,3,5
5679,1,177,1,1,3,1,66,64,180,300,4,5
5680,2,443,4,1,3,1,79,1,0,300,2,5
5681,11,413,13,1,3,1,56,21,0,300,4,5
5682,4,510,5,1,3,2,64,66,60,180,2,5
5683,5,97,6,1,3,3,26,54,0,300,3,5
5684,6,353,7,1,3,1,70,43,180,300,2,5
5685,1,357,1,2,3,1,54,74,420,540,3,5
5686,3,117,4,1,3,2,73,78,0,300,4,5
5687,8,459,10,1,3,3,59,95,0,300,4,5
5688,3,199,3,2,3,3,24,90,420,540,1,5
5689,1,286,2,1,3,1,12,48,180,300,4,5
5690,2,581,3,1,3,1,2,11,60,180,2,5
5691,12,196,13,1,3,3,97,24,60,180,3,5
5692,6,249,6,2,3,3,33,76,300,600,2,5
5693,9,413,10,1,3,1,18,98,180,300,2,5
5694,12,24,12,1,3,3,45,54,60,180,4,5
5695,3,371,3,2,3,1,70,54,420,540,3,5
5696,9,18,9,1,3,3,34,70,60,180,4,5
5697,14,437,15,1,3,1,47,26,0,300,2,5
5698,13,382,13,2,3,1,70,18,420,540,4,5
5699,2,426,4,1,3,3,58,91,180,300,2,5
5700,3,96,3,1,3,2,33,17,180,300,1,5
5701,10,570,12,1,3,1,74,5,0,300,1,5
5702,1,366,1,2,3,3,75,66,420,540,1,5
5703,8,22,8,1,3,1,25,68,60,180,3,5
5704,12,297,12,2,3,2,9,46,300,420,1,5
5705,1,494,3,1,3,3,21,36,180,300,3,5
5706,9,170,10,1,3,3,52,80,60,180,4,5
5707,11,116,13,1,3,3,16,68,180,300,3,5
5708,2,145,2,1,3,3,62,21,180,300,1,5
5709,10,331,11,1,3,3,22,53,60,180,3,5
5710,14,573,16,1,3,3,26,68,0,300,2,5
5711,10,121,11,1,3,1,73,7,60,180,2,5
5712,9,27,9,1,3,1,3,48,60,180,2,5
5713,5,328,6,2,3,3,25,25,180,300,2,5
5714,7,154,9,1,3,1,100,20,180,300,1,5
5715,13,24,13,1,3,1,49,21,60,180,3,5
5716,11,488,13,1,3,2,12,70,180,300,2,5
5717,2,534,3,1,3,2,44,86,180,300,3,5
5718,6,406,7,1,3,1,13,32,60,180,1,5
5719,9,381,9,2,3,2,20,100,420,540,4,5
5720,1,356,2,1,3,3,64,37,180,300,2,5
5721,1,282,1,2,3,1,10,20,420,540,4,5
5722,12,50,12,1,3,2,82,87,60,180,3,5
5723,13,258,13,2,3,2,92,34,420,540,1,5
5724,8,75,9,1,3,2,23,52,60,180,4,5
5725,14,33,14,1,3,1,87,42,60,180,2,5
5726,5,298,7,1,3,3,15,72,180,300,3,5
5727,10,169,10,1,3,2,57,4,180,300,4,5
5728,5,78,5,1,3,3,76,85,180,300,3,5
5729,2,328,2,2,3,3,98,42,420,540,3,5
5730,4,417,6,1,3,3,6,98,0,300,2,5
5731,13,149,13,1,3,2,55,51,180,300,2,5
5732,1,483,2,1,3,3,33,49,60,180,2,5
5733,9,547,11,1,3,3,52,46,180,300,1,5
5734,4,512,6,1,3,1,49,73,60,180,1,5
5735,4,321,4,2,3,2,73,72,420,540,3,5
5736,4,580,5,1,3,1,55,90,180,300,3,5
5737,12,242,12,2,3,2,66,76,420,540,2,5
5738,12,202,14,1,3,2,75,29,0,300,1,5
5739,14,15,14,1,3,2,21,29,60,180,2,5
5740,4,237,4,2,3,2,3,32,300,420,3,5
5741,3,77,4,1,3,2,84,79,0,300,2,5
5742,4,266,5,1,3,1,61,67,0,300,1,5
5743,14,332,14,2,3,3,44,9,420,540,3,5
5744,13,411,14,1,3,3,40,98,0,300,3,5
5745,5,122,5,1,3,2,68,42,180,300,1,5
5746,1,223,1,2,3,1,41,68,420,540,4,5
5747,6,15,6,1,3,2,7,72,60,180,3,5
5748,10,54,11,1,3,1,71,5,180,300,3,5
5749,9,155,9,1,3,3,80,21,180,300,3,5
5750,2,241,2,2,3,3,99,16,420,540,4,5
5751,7,75,7,1,3,1,80,69,180,300,1,5
5752,12,323,13,1,3,2,42,23,180,300,4,5
5753,4,546,6,1,3,3,63,20,60,180,3,5
5754,2,536,4,1,3,2,42,51,60,180,2,5
5755,8,20,8,1,3,2,0,23,60,180,1,5
5756,6,591,8,1,3,3,96,31,60,180,4,5
5757,10,108,12,1,3,3,67,14,0,300,2,5
5758,6,535,7,1,3,3,27,60,60,180,4,5
5759,9,580,11,1,3,1,81,62,180,300,2,5
5760,2,293,3,1,3,3,28,23,180,300,4,5
5761,8,279,8,2,3,1,66,4,300,600,2,5
5762,11,385,12,1,3,1,26,10,0,300,4,5
5763,14,392,14,2,3,1,92,61,420,540,4,5
5764,13,291,14,1,3,1,86,90,180,300,1,5
5765,2,71,2,1,3,3,71,55,180,300,4,5
5766,6,130,6,1,3,2,35,76,180,300,1,5
5767,8,189,8,2,3,1,83,57,300,420,3,5
5768,7,185,8,1,3,1,63,44,180,300,4,5
5769,5,295,6,1,3,3,52,96,180,300,1,5
5770,3,306,3,2,3,2,15,30,420,540,1,5
5771,1,139,1,1,3,2,56,14,180,300,3,5
5772,8,288,8,2,3,2,61,32,300,600,1,5
5773,3,0,4,1,3,2,98,32,0,300,1,5
5774,1,33,3,1,3,2,77,41,60,180,1,5
5775,11,537,12,1,3,2,33,74,0,300,1,5
5776,9,539,11,1,3,2,49,37,60,180,4,5
5777,2,61,2,1,3,1,83,51,180,300,4,5
5778,14,574,16,1,3,2,54,81,60,180,3,5
5779,5,450,7,1,3,2,0,71,180,300,3,5
5780,6,526,8,1,3,2,67,45,60,180,3,5
5781,3,20,3,1,3,1,90,86,60,180,1,5
5782,5,577,6,2,3,3,67,47,60,180,3,5
5783,13,281,14,1,3,1,8,23,0,300,4,5
5784,3,138,3,1,3,1,46,53,180,300,3,5
5785,3,93,4,1,3,1,85,14,60,180,3,5
5786,7,205,7,2,3,3,81,18,420,540,1,5
5787,5,482,6,1,3,1,32,89,60,180,3,5
5788,6,68,6,1,3,1,19,72,180,300,2,5
5789,13,517,15,1,3,3,3,93,180,300,4,5
5790,5,221,6,1,3,2,54,19,0,300,3,5
5791,14,380,14,2,3,3,5,1,420,540,1,5
5792,11,15,12,1,3,3,21,73,60,180,2,5
5793,9,328,10,1,3,1,49,95,180,300,1,5
5794,10,156,10,1,3,3,78,61,180,300,2,5
5795,2,495,3,1,3,1,68,74,60,180,1,5
5796,13,439,15,1,3,3,1,13,180,300,3,5
5797,13,350,14,1,3,1,38,89,60,180,4,5
5798,13,491,14,1,3,1,34,71,180,300,4,5
5799,6,144,6,1,3,1,74,95,180,300,4,5
5800,5,428,6,2,3,2,96,90,60,180,3,5
5801,8,333,8,2,3,3,72,8,420,540,1,5
5802,1,267,2,1,3,1,78,90,0,300,4,5
5803,10,329,10,2,3,3,43,85,420,540,1,5
5804,11,67,11,1,3,1,16,19,180,300,1,5
5805,14,581,15,1,3,1,78,50,60,180,2,5
5806,1,550,2,1,3,2,41,17,0,300,2,5
5807,11,204,12,1,3,3,7,89,180,300,1,5
5808,11,324,12,1,3,3,12,25,180,300,2,5
5809,1,122,1,1,3,1,69,29,180,300,4,5
5810,4,354,6,1,3,1,70,39,60,180,1,5
5811,6,19,7,1,3,1,17,73,180,300,3,5
5812,7,498,8,1,3,3,61,54,60,180,2,5
5813,4,411,5,1,3,1,25,58,180,300,2,5
5814,12,528,14,1,3,1,88,85,60,180,3,5
5815,8,1,9,1,3,3,84,69,180,300,1,5
5816,3,533,4,1,3,3,91,23,0,300,4,5
5817,3,121,5,1,3,1,98,14,180,300,1,5
5818,9,240,9,2,3,2,49,69,420,540,3,5
5819,12,147,13,1,3,1,96,18,180,300,3,5
5820,11,317,12,1,3,2,63,70,180,300,1,5
5821,1,98,1,1,3,2,13,3,180,300,2,5
5822,12,96,12,1,3,3,10,9,180,300,1,5
5823,5,513,6,1,3,1,35,30,0,300,2,5
5824,7,255,7,2,3,3,40,91,300,420,4,5
5825,10,534,12,1,3,2,5,35,60,180,4,5
5826,4,258,4,2,3,2,67,58,420,540,3,5
5827,2,38,2,1,3,1,84,56,60,180,4,5
5828,4,382,4,2,3,3,74,90,420,540,3,5
5829,6,137,6,1,3,1,82,36,180,300,2,5
5830,10,417,11,1,3,1,26,96,0,300,3,5
5831,7,537,8,1,3,1,55,2,0,300,3,5
5832,8,269,8,2,3,3,77,87,300,420,2,5
5833,10,327,10,2,3,2,94,26,420,540,3,5
5834,13,554,14,1,3,2,10,66,60,180,2,5
5835,2,5,3,1,3,3,19,48,180,300,4,5
5836,11,499,12,2,3,2,7,51,180,300,1,5
5837,2,520,4,1,3,1,54,9,60,180,1,5
5838,5,339,5,2,3,1,78,71,420,540,1,5
5839,12,424,13,1,3,2,21,80,0,300,2,5
5840,11,365,12,1,3,2,26,74,180,300,1,5
5841,13,487,15,2,3,2,22,58,300,600,4,5
5842,13,61,14,1,3,1,33,12,180,300,4,5
5843,14,578,16,1,3,1,46,34,60,180,3,5
5844,3,169,4,1,3,1,85,38,0,300,2,5
5845,4,218,5,1,3,2,26,69,0,300,2,5
5846,7,373,7,2,3,2,88,38,420,540,4,5
5847,14,320,15,1,3,3,60,78,60,180,3,5
5848,10,569,11,1,3,2,43,8,0,300,1,5
5849,2,183,3,1,3,3,50,52,60,180,4,5
5850,6,372,6,2,3,3,82,26,420,540,2,5
5851,5,276,6,1,3,1,90,100,60,180,2,5
5852,2,386,2,2,3,1,19,87,420,540,3,5
5853,10,525,12,1,3,2,84,56,180,300,2,5
5854,5,583,6,1,3,2,45,98,180,300,4,5
5855,4,220,4,2,3,1,65,63,300,420,3,5
5856,10,182,10,2,3,2,89,30,300,600,1,5
5857,5,30,5,1,3,2,76,53,60,180,1,5
5858,4,475,5,1,3,2,90,87,60,180,1,5
5859,6,263,6,2,3,2,79,51,420,540,2,5
5860,10,65,10,1,3,1,70,78,180,300,2,5
5861,8,192,10,1,3,2,97,65,180,300,2,5
5862,4,58,4,1,3,3,33,70,60,180,2,5
5863,5,406,6,1,3,3,99,33,0,300,3,5
5864,4,177,4,1,3,1,65,24,180,300,2,5
5865,8,2,9,1,3,3,25,4,180,300,1,5
5866,7,147,8,1,3,1,6,34,180,300,4,5
5867,12,295,13,1,3,3,76,56,180,300,4,5
5868,6,216,6,2,3,1,48,78,420,540,1,5
5869,1,124,2,1,3,3,63,35,60,180,3,5
5870,11,300,11,2,3,2,32,51,420,540,2,5
5871,2,202,2,2,3,3,60,8,300,420,1,5
5872,12,115,13,1,3,1,74,73,0,300,2,5
5873,12,250,12,2,3,1,30,13,420,540,4,5
5874,13,580,15,1,3,3,44,2,180,300,3,5
5875,13,289,13,2,3,1,94,57,300,600,1,5
5876,7,84,7,1,3,1,1,15,180,300,1,5
5877,11,54,13,1,3,2,21,43,180,300,3,5
5878,2,281,2,2,3,2,77,92,300,420,2,5
5879,2,174,3,1,3,3,30,87,60,180,1,5
5880,12,441,14,1,3,1,10,59,60,180,2,5
5881,4,33,4,1,3,1,66,97,60,180,4,5
5882,6,100,7,1,3,1,93,5,0,300,1,5
5883,6,50,6,1,3,2,34,74,60,180,4,5
5884,1,105,1,1,3,2,22,16,180,300,1,5
5885,1,10,1,1,3,3,54,35,60,180,3,5
5886,3,520,5,2,3,1,19,46,420,540,4,5
5887,12,33,12,1,3,1,91,59,60,180,1,5
5888,13,117,14,1,3,1,34,56,0,300,4,5
5889,5,0,6,1,3,2,26,0,60,180,2,5
5890,1,263,2,1,3,2,29,43,60,180,4,5
5891,8,70,9,1,3,3,36,78,180,300,3,5
5892,2,433,3,1,3,3,75,92,0,300,3,5
5893,8,384,9,1,3,2,68,83,60,180,4,5
5894,1,158,2,1,3,2,67,39,0,300,3,5
5895,8,96,9,1,3,2,81,69,0,300,1,5
5896,14,563,15,1,3,1,65,67,180,300,1,5
5897,9,340,9,2,3,3,27,83,420,540,1,5
5898,4,475,6,1,3,2,9,14,60,180,1,5
5899,3,465,5,1,3,1,28,74,60,180,2,5
5900,6,483,8,1,3,2,16,6,180,300,2,5
5901,14,462,15,1,3,3,2,33,60,180,1,5
5902,6,156,7,1,3,1,92,4,60,180,4,5
5903,5,446,7,1,3,2,12,87,0,300,2,5
5904,9,265,9,2,3,1,80,19,420,540,1,5
5905,4,405,4,2,3,1,28,99,420,540,1,5
5906,10,583,11,1,3,1,17,1,60,180,2,5
5907,9,207,9,2,3,3,9,10,420,540,4,5
5908,1,320,2,1,3,2,92,35,0,300,3,5
5909,6,545,7,1,3,1,63,39,180,300,4,5
5910,12,159,12,1,3,2,48,76,180,300,3,5
5911,9,315,9,2,3,2,34,41,420,540,1,5
5912,1,310,2,1,3,3,21,37,60,180,3,5
5913,6,234,6,2,3,2,34,17,420,540,1,5
5914,5,462,7,1,3,1,0,80,60,180,3,5
5915,6,468,8,1,3,1,35,44,0,300,3,5
5916,4,426,5,1,3,1,64,87,180,300,4,5
5917,2,557,4,1,3,1,14,50,60,180,2,5
5918,12,132,13,1,3,2,30,37,0,300,3,5
5919,8,558,10,1,3,2,68,6,0,300,3,5
5920,8,136,9,1,3,2,44,45,180,300,1,5
5921,5,211,5,2,3,2,16,82,300,600,2,5
5922,2,318,2,2,3,1,54,31,420,540,2,5
5923,10,66,11,1,3,3,73,63,60,180,4,5
5924,7,171,8,1,3,1,13,5,60,180,3,5
5925,2,444,4,1,3,1,98,7,180,300,1,5
5926,7,500,8,1,3,2,76,16,0,300,2,5
5927,9,462,11,1,3,3,16,16,60,180,4,5
5928,2,450,4,1,3,1,70,65,180,300,1,5
5929,9,562,10,1,3,2,88,21,180,300,2,5
5930,10,225,11,1,3,1,16,58,0,300,4,5
5931,3,331,3,2,3,2,99,19,420,540,1,5
5932,10,457,11,1,3,1,66,85,60,180,2,5
5933,14,234,14,2,3,2,69,73,300,420,4,5
5934,13,264,14,1,3,2,12,11,60,180,4,5
5935,3,348,3,2,3,1,58,90,420,540,2,5
5936,7,82,8,1,3,3,45,32,60,180,1,5
5937,7,1,7,2,3,3,83,25,60,180,3,5
5938,2,565,4,1,3,3,8,11,180,300,2,5
5939,8,262,8,2,3,1,53,94,420,540,3,5
5940,1,46,3,1,3,3,2,70,180,300,4,5
5941,5,528,7,1,3,3,47,52,0,300,3,5
5942,9,252,9,2,3,1,31,18,420,540,3,5
5943,9,357,9,2,3,3,89,11,420,540,3,5
5944,4,461,5,1,3,2,44,46,0,300,2,5
5945,4,387,4,2,3,1,85,57,420,540,2,5
5946,12,376,12,2,3,1,64,98,420,540,4,5
5947,11,531,13,1,3,1,4,91,0,300,4,5
5948,4,211,4,2,3,1,87,19,420,540,4,5
5949,9,390,9,2,3,2,41,0,420,540,1,5
5950,13,37,15,1,3,1,1,69,180,300,2,5
5951,7,6,7,1,3,2,97,71,60,180,2,5
5952,10,465,12,1,3,3,85,26,0,300,4,5
5953,13,76,14,1,3,1,10,69,0,300,2,5
5954,8,469,9,1,3,2,0,58,0,300,2,5
5955,14,215,14,2,3,3,51,17,420,540,2,5
5956,6,153,6,1,3,1,4,89,180,300,1,5
5957,4,162,4,1,3,1,64,37,180,300,2,5
5958,11,494,12,1,3,3,71,20,180,300,1,5
5959,13,260,14,1,3,1,65,35,180,300,1,5
5960,6,301,6,2,3,2,95,7,420,540,1,5
5961,5,410,5,2,3,2,26,70,420,540,3,5
5962,8,584,9,1,3,2,8,96,180,300,4,5
5963,5,561,7,2,3,2,94,89,420,540,3,5
5964,10,222,11,1,3,1,84,4,0,300,2,5
5965,8,343,9,1,3,1,25,16,60,180,4,5
5966,14,177,15,1,3,3,12,22,0,300,1,5
5967,4,384,4,2,3,2,46,51,420,540,2,5
5968,4,30,5,1,3,1,1,4,0,300,1,5
5969,5,431,6,1,3,3,23,27,180,300,4,5
5970,11,9,12,1,3,3,49,55,180,300,3,5
5971,4,410,4,2,3,1,63,87,420,540,2,5
5972,4,286,5,1,3,2,31,87,0,300,3,5
5973,11,536,12,1,3,1,40,16,60,180,2,5
5974,5,400,5,2,3,2,16,1,420,540,3,5
5975,2,124,2,1,3,1,51,59,180,300,1,5
5976,9,257,9,2,3,3,47,83,420,540,1,5
5977,9,449,11,1,3,1,91,20,0,300,2,5
5978,2,272,2,2,3,1,50,30,300,600,2,5
5979,2,534,3,1,3,1,56,86,0,300,3,5
5980,3,298,3,2,3,2,66,95,420,540,2,5
5981,4,500,6,1,3,1,63,22,180,300,4,5
5982,12,475,14,1,3,2,46,54,0,300,3,5
5983,4,354,5,1,3,1,69,31,60,180,2,5
5984,2,503,3,1,3,3,58,13,0,300,2,5
5985,8,584,10,1,3,3,37,65,0,300,1,5
5986,2,298,2,2,3,3,87,79,420,540,1,5
5987,14,43,14,1,3,3,29,54,60,180,2,5
5988,1,349,1,2,3,1,95,26,420,540,4,5
5989,13,543,14,1,3,2,19,41,60,180,3,5
5990,13,499,15,1,3,1,89,30,60,180,3,5
5991,2,503,3,1,3,3,66,3,60,180,3,5
5992,6,144,7,1,3,1,51,99,180,300,1,5
5993,7,150,8,1,3,1,70,49,60,180,1,5
5994,12,225,13,1,3,2,74,65,0,300,3,5
5995,7,88,7,2,3,2,34,13,180,300,2,5
5996,3,386,3,2,3,1,40,69,420,540,2,5
5997,6,359,6,2,3,1,19,77,420,540,3,5
5998,5,233,5,2,3,3,91,20,420,540,4,5
5999,14,87,14,1,3,2,91,76,180,300,3,5
6000,9,377,10,1,3,3,86,28,180,300,1,5
6001,14,426,15,1,3,1,72,18,0,300,4,5
6002,11,588,12,1,3,3,28,6,180,300,4,5
6003,4,2,4,1,3,3,16,85,60,180,1,5
6004,5,500,7,1,3,3,29,49,180,300,2,5
6005,8,309,8,2,3,1,94,54,420,540,3,5
6006,10,569,11,1,3,1,7,8,60,180,2,5
6007,1,421,2,1,3,3,27,41,0,300,3,5
6008,12,164,13,1,3,3,32,32,60,180,1,5
6009,12,195,12,2,3,2,76,48,300,600,1,5
6010,11,164,13,1,3,2,27,66,180,300,4,5
6011,3,572,4,1,3,3,72,100,180,300,1,5
6012,8,158,8,1,3,3,72,27,180,300,2,5
6013,7,559,8,2,3,3,69,34,420,540,4,5
6014,12,312,12,2,3,1,49,65,420,540,3,5
6015,12,346,13,2,3,2,92,69,0,300,3,5
6016,6,204,6,2,3,1,70,68,420,540,1,5
6017,7,585,8,1,3,1,62,16,0,300,1,5
6018,8,87,9,1,3,3,29,100,60,180,2,5
6019,8,94,8,1,3,3,97,82,180,300,4,5
6020,9,387,9,2,3,3,7,2,420,540,1,5
6021,10,348,11,1,3,3,57,14,0,300,2,5
6022,2,563,4,1,3,3,55,99,0,300,2,5
6023,10,545,12,1,3,2,87,66,180,300,1,5
6024,9,18,10,1,3,3,77,18,0,300,4,5
6025,12,267,13,1,3,2,35,81,0,300,3,5
6026,11,196,11,2,3,1,20,99,300,600,1,5
6027,10,530,11,1,3,3,72,20,180,300,1,5
6028,10,452,11,1,3,1,41,92,60,180,1,5
6029,13,241,14,1,3,3,14,22,0,300,1,5
6030,7,282,8,1,3,1,12,10,60,180,1,5
6031,2,320,2,2,3,2,100,29,420,540,3,5
6032,5,214,6,1,3,3,51,1,0,300,3,5
6033,10,469,12,2,3,3,78,39,180,300,3,5
6034,9,90,9,1,3,2,2,99,180,300,4,5
6035,5,460,7,1,3,2,9,1,180,300,4,5
6036,7,253,7,2,3,2,46,73,300,420,2,5
6037,4,490,5,1,3,3,65,21,0,300,2,5
6038,1,424,2,1,3,2,0,46,0,300,3,5
6039,5,48,6,1,3,2,26,98,60,180,2,5
6040,1,200,1,2,3,3,49,79,300,420,1,5
6041,13,278,13,2,3,1,52,57,300,600,3,5
6042,9,230,10,1,3,3,1,53,180,300,4,5
6043,9,63,9,1,3,3,21,84,180,300,2,5
6044,12,127,12,1,3,1,3,96,180,300,3,5
6045,4,186,5,1,3,2,9,89,180,300,2,5
6046,5,512,7,1,3,1,66,48,60,180,4,5
6047,3,65,3,2,3,2,65,67,300,420,1,5
6048,14,434,16,1,3,3,50,83,60,180,4,5
6049,8,546,9,1,3,1,5,48,180,300,3,5
6050,5,61,6,1,3,1,9,36,60,180,1,5
6051,9,107,9,1,3,1,68,99,180,300,3,5
6052,5,31,6,1,3,2,35,82,0,300,2,5
6053,14,374,14,2,3,2,62,90,420,540,4,5
6054,3,7,3,1,3,1,66,53,60,180,4,5
6055,8,465,10,1,3,1,26,96,0,300,2,5
6056,4,74,5,1,3,3,5,9,0,300,4,5
6057,8,495,9,1,3,2,29,100,0,300,4,5
6058,2,428,3,1,3,3,22,93,0,300,4,5
6059,9,137,9,1,3,2,90,31,180,300,3,5
6060,4,379,5,1,3,3,43,98,180,300,4,5
6061,8,468,9,1,3,3,57,81,0,300,3,5
6062,7,45,8,1,3,1,86,100,180,300,1,5
6063,1,114,2,1,3,1,67,1,0,300,3,5
6064,3,246,3,2,3,2,84,86,420,540,1,5
6065,5,286,5,2,3,2,58,94,300,420,4,5
6066,8,168,8,1,3,1,80,96,180,300,1,5
6067,11,94,11,1,3,3,17,18,180,300,1,5
6068,8,554,9,1,3,1,96,72,0,300,4,5
6069,13,516,15,1,3,2,14,26,0,300,1,5
6070,3,63,3,1,3,1,58,80,180,300,4,5
6071,6,53,6,1,3,1,67,68,60,180,4,5
6072,8,114,8,1,3,1,41,73,180,300,3,5
6073,9,370,10,1,3,1,29,82,60,180,3,5
6074,8,300,8,2,3,2,9,33,420,540,3,5
6075,3,163,5,1,3,1,82,35,60,180,4,5
6076,3,321,3,2,3,2,54,39,420,540,1,5
6077,6,376,7,1,3,1,23,87,180,300,3,5
6078,3,184,4,1,3,1,72,55,180,300,1,5
6079,6,228,7,1,3,3,56,48,180,300,2,5
6080,13,430,14,1,3,3,43,48,60,180,1,5
6081,7,483,8,1,3,1,64,29,60,180,3,5
6082,3,166,3,1,3,3,0,80,180,300,1,5
6083,2,367,2,2,3,1,89,33,420,540,1,5
6084,2,52,2,1,3,1,4,97,60,180,3,5
6085,4,190,4,2,3,1,89,39,300,600,3,5
6086,8,500,10,1,3,3,11,77,180,300,1,5
6087,9,558,11,1,3,1,91,8,180,300,3,5
6088,1,556,2,1,3,3,6,52,60,180,1,5
6089,8,43,8,1,3,1,19,48,60,180,4,5
6090,1,76,2,1,3,3,33,31,180,300,4,5
6091,2,67,4,1,3,2,71,41,60,180,2,5
6092,12,84,13,1,3,2,34,97,60,180,3,5
6093,9,143,9,1,3,1,44,70,180,300,2,5
6094,3,279,4,1,3,3,72,86,60,180,4,5
6095,10,125,10,1,3,2,84,61,180,300,3,5
6096,9,499,10,1,3,1,78,73,0,300,4,5
6097,4,488,5,1,3,1,93,53,180,300,1,5
6098,2,215,3,1,3,2,80,68,180,300,2,5
6099,6,479,8,1,3,2,5,47,0,300,3,5
6100,3,463,5,1,3,3,74,26,180,300,2,5
6101,5,418,7,1,3,1,60,39,60,180,1,5
6102,2,325,3,1,3,3,0,66,0,300,4,5
6103,14,48,15,1,3,3,10,38,180,300,4,5
6104,12,180,13,1,3,2,36,84,0,300,4,5
6105,1,192,1,2,3,2,53,9,420,540,3,5
6106,11,123,11,1,3,1,29,14,180,300,2,5
6107,12,500,13,1,3,2,7,36,0,300,4,5
6108,10,198,11,1,3,1,25,89,0,300,4,5
6109,10,129,10,1,3,1,5,30,180,300,4,5
6110,4,440,6,1,3,1,76,40,60,180,4,5
6111,4,516,6,1,3,1,79,36,0,300,2,5
6112,4,510,6,1,3,1,33,100,0,300,3,5
6113,1,591,2,1,3,3,45,7,0,300,3,5
6114,2,559,3,1,3,1,27,57,0,300,4,5
6115,9,495,11,1,3,1,16,99,0,300,2,5
6116,8,531,10,1,3,1,37,64,0,300,3,5
6117,11,288,11,2,3,1,61,0,300,600,2,5
6118,12,420,13,1,3,3,20,54,0,300,1,5
6119,5,286,5,2,3,2,31,39,300,420,2,5
6120,10,418,10,2,3,1,36,43,420,540,3,5
6121,3,224,4,1,3,1,71,54,0,300,3,5
6122,4,155,5,1,3,3,56,48,0,300,4,5
6123,12,14,12,1,3,2,17,18,60,180,4,5
6124,11,354,11,2,3,1,10,78,420,540,1,5
6125,14,313,15,1,3,1,13,24,180,300,4,5
6126,9,203,9,2,3,2,38,47,300,600,1,5
6127,1,6,2,1,3,3,24,62,0,300,4,5
6128,8,212,9,1,3,3,81,16,180,300,3,5
6129,13,296,13,2,3,1,42,31,420,540,1,5
6130,10,274,10,2,3,2,49,5,300,600,4,5
6131,1,236,2,1,3,2,61,43,180,300,1,5
6132,1,1,1,1,3,3,88,13,60,180,1,5
6133,2,480,3,1,3,1,59,37,60,180,3,5
6134,6,572,7,1,3,3,12,81,60,180,1,5
6135,14,237,14,2,3,3,27,45,420,540,2,5
6136,14,440,15,1,3,2,69,26,180,300,2,5
6137,11,422,12,1,3,2,15,36,180,300,1,5
6138,3,324,3,2,3,1,71,57,420,540,2,5
6139,9,495,10,2,3,1,78,77,420,540,4,5
6140,10,226,10,2,3,2,25,18,420,540,4,5
6141,5,400,5,2,3,3,73,89,420,540,3,5
6142,6,520,8,1,3,3,36,24,60,180,3,5
6143,8,319,8,2,3,3,51,58,420,540,3,5
6144,1,272,1,2,3,3,87,40,300,420,4,5
6145,5,172,6,1,3,2,30,82,0,300,2,5
6146,7,588,9,1,3,3,15,81,180,300,3,5
6147,1,453,3,1,3,3,45,40,60,180,4,5
6148,8,30,9,1,3,1,63,20,60,180,1,5
6149,7,84,7,1,3,1,22,84,180,300,4,5
6150,8,23,8,1,3,1,93,20,60,180,4,5
6151,4,146,4,1,3,3,71,26,180,300,1,5
6152,13,70,13,1,3,1,59,28,180,300,2,5
6153,12,8,13,1,3,1,67,48,0,300,4,5
6154,6,337,6,2,3,2,92,84,420,540,2,5
6155,5,217,6,1,3,1,20,47,60,180,2,5
6156,3,247,3,2,3,3,100,1,300,600,4,5
6157,13,450,15,1,3,2,68,73,180,300,1,5
6158,3,11,3,1,3,3,55,19,60,180,1,5
6159,3,577,4,1,3,3,71,23,0,300,4,5
6160,6,545,7,1,3,2,59,100,180,300,4,5
6161,6,563,8,1,3,3,14,51,60,180,4,5
6162,2,9,2,1,3,2,71,92,60,180,3,5
6163,12,218,12,2,3,3,42,19,420,540,3,5
6164,7,133,7,1,3,1,39,40,180,300,3,5
6165,10,97,10,1,3,2,68,31,180,300,1,5
6166,3,439,4,1,3,2,12,59,180,300,4,5
6167,3,173,3,1,3,2,44,31,180,300,2,5
6168,2,558,4,1,3,1,14,8,60,180,4,5
6169,9,98,10,2,3,2,48,74,420,540,2,5
6170,7,188,7,2,3,1,93,15,420,540,3,5
6171,11,314,11,2,3,1,18,91,420,540,2,5
6172,1,12,2,1,3,3,33,43,180,300,2,5
6173,6,129,7,1,3,2,99,91,0,300,4,5
6174,14,471,15,1,3,1,20,79,0,300,2,5
6175,10,442,12,1,3,1,80,4,60,180,4,5
6176,14,272,14,2,3,1,48,69,420,540,1,5
6177,7,312,7,2,3,3,36,93,420,540,2,5
6178,1,298,1,2,3,3,64,75,300,600,3,5
6179,5,458,7,1,3,2,68,11,180,300,3,5
6180,6,242,7,1,3,3,80,97,0,300,1,5
6181,8,47,9,1,3,3,20,68,0,300,1,5
6182,7,373,7,2,3,2,86,97,420,540,3,5
6183,13,327,13,2,3,3,100,9,420,540,1,5
6184,3,342,4,1,3,2,95,26,0,300,4,5
6185,3,404,4,1,3,1,43,65,60,180,4,5
6186,13,191,13,2,3,2,12,67,420,540,3,5
6187,14,496,16,1,3,3,50,76,180,300,2,5
6188,9,169,9,1,3,2,68,2,180,300,3,5
6189,1,24,2,1,3,3,10,46,0,300,4,5
6190,11,109,11,1,3,1,80,99,180,300,3,5
6191,6,262,6,2,3,3,39,2,300,420,2,5
6192,2,589,4,1,3,2,60,5,0,300,1,5
6193,8,316,8,2,3,1,79,56,420,540,1,5
6194,11,574,13,1,3,3,89,45,0,300,2,5
6195,5,145,5,1,3,3,81,86,180,300,4,5
6196,2,376,2,2,3,3,45,43,420,540,4,5
6197,14,175,14,1,3,3,82,83,180,300,2,5
6198,13,367,13,2,3,1,60,43,420,540,2,5
6199,10,17,11,1,3,2,45,34,180,300,3,5
6200,11,105,11,1,3,2,33,58,180,300,3,5
6201,10,447,11,1,3,2,57,65,0,300,2,5
6202,7,526,9,1,3,2,63,11,0,300,3,5
6203,4,176,5,2,3,1,70,8,0,300,4,5
6204,3,450,4,1,3,1,0,100,0,300,1,5
6205,10,521,12,1,3,1,83,79,60,180,1,5
6206,11,337,11,2,3,2,6,52,420,540,1,5
6207,13,145,14,1,3,1,100,93,180,300,3,5
6208,5,395,5,2,3,2,70,88,420,540,4,5
6209,5,526,6,1,3,3,66,60,180,300,1,5
6210,10,175,10,1,3,3,23,24,180,300,3,5
6211,14,295,14,2,3,1,38,89,300,420,2,5
6212,13,324,13,2,3,3,54,50,420,540,4,5
6213,5,535,6,1,3,3,28,44,180,300,2,5
6214,2,98,2,1,3,2,67,0,180,300,2,5
6215,2,258,2,2,3,3,66,12,300,420,2,5
6216,6,49,6,2,3,1,84,68,0,300,3,5
6217,11,342,12,1,3,1,61,12,180,300,1,5
6218,3,221,3,2,3,2,61,49,300,420,2,5
6219,1,456,2,1,3,2,36,77,0,300,1,5
6220,7,368,7,2,3,1,62,91,420,540,3,5
6221,13,428,15,1,3,2,7,4,0,300,3,5
6222,7,504,9,1,3,1,60,24,60,180,4,5
6223,14,365,14,2,3,2,84,97,420,540,4,5
6224,6,244,6,2,3,3,19,10,300,600,1,5
6225,14,38,15,1,3,1,37,99,60,180,3,5
6226,13,114,14,1,3,2,65,86,180,300,2,5
6227,3,396,3,2,3,1,59,13,420,540,2,5
6228,7,160,7,1,3,1,84,3,180,300,3,5
6229,5,330,5,2,3,2,31,74,420,540,1,5
6230,3,364,3,2,3,2,81,34,420,540,4,5
6231,7,166,8,1,3,2,28,2,180,300,1,5
6232,6,231,7,1,3,2,85,12,180,300,3,5
6233,14,314,14,2,3,3,63,77,420,540,4,5
6234,9,417,10,1,3,2,42,27,0,300,2,5
6235,13,572,15,1,3,3,52,43,180,300,3,5
6236,5,177,5,1,3,2,1,100,180,300,3,5
6237,5,545,6,1,3,1,73,68,0,300,1,5
6238,4,342,5,1,3,3,19,46,0,300,2,5
6239,8,571,10,1,3,3,47,48,0,300,4,5
6240,12,147,12,1,3,1,34,36,180,300,2,5
6241,3,397,3,2,3,3,94,2,420,540,2,5
6242,12,237,12,2,3,1,6,30,420,540,3,5
6243,1,32,1,1,3,3,66,27,60,180,4,5
6244,3,522,5,1,3,3,69,86,180,300,3,5
6245,14,228,14,2,3,1,52,13,300,600,4,5
6246,6,389,6,2,3,1,0,93,420,540,3,5
6247,10,436,12,1,3,1,42,35,60,180,3,5
6248,14,7,15,1,3,1,23,1,180,300,1,5
6249,1,54,1,1,3,2,97,47,60,180,4,5
6250,6,519,8,1,3,1,74,14,0,300,1,5
6251,9,472,11,1,3,2,11,38,60,180,2,5
6252,3,56,3,1,3,1,10,2,60,180,1,5
6253,13,448,14,1,3,3,6,32,60,180,2,5
6254,2,193,3,1,3,2,85,65,0,300,4,5
6255,13,493,14,1,3,3,86,27,60,180,3,5
6256,4,3,4,1,3,3,37,59,60,180,1,5
6257,7,86,7,1,3,3,52,28,180,300,2,5
6258,8,206,8,2,3,3,19,37,300,420,1,5
6259,8,154,8,1,3,2,25,19,180,300,1,5
6260,12,459,14,1,3,3,14,47,0,300,3,5
6261,2,248,3,1,3,1,74,30,180,300,2,5
6262,6,50,6,1,3,3,17,21,60,180,1,5
6263,8,169,9,1,3,2,73,18,60,180,2,5
6264,6,577,8,1,3,1,68,54,180,300,4,5
6265,11,377,11,2,3,3,38,54,420,540,2,5
6266,2,320,3,1,3,2,95,90,180,300,4,5
6267,1,194,1,2,3,3,89,98,420,540,2,5
6268,5,32,5,1,3,3,29,81,60,180,1,5
6269,11,574,13,1,3,1,28,85,60,180,2,5
6270,2,447,3,1,3,2,20,33,0,300,3,5
6271,4,101,4,1,3,2,68,48,180,300,1,5
6272,5,316,5,2,3,2,29,37,420,540,4,5
6273,7,468,9,1,3,1,15,24,180,300,2,5
6274,4,243,4,2,3,2,97,80,420,540,1,5
6275,10,84,10,1,3,2,79,8,180,300,2,5
6276,3,19,3,1,3,3,24,91,60,180,4,5
6277,5,449,7,1,3,1,72,22,0,300,3,5
6278,10,162,11,1,3,3,20,76,60,180,1,5
6279,6,259,6,2,3,2,59,28,300,420,4,5
6280,4,97,5,1,3,3,53,84,180,300,4,5
6281,3,546,4,1,3,2,16,78,60,180,3,5
6282,8,359,8,2,3,2,21,20,420,540,4,5
6283,2,276,2,2,3,3,66,99,420,540,4,5
6284,1,361,2,1,3,3,29,44,60,180,2,5
6285,12,377,12,2,3,1,90,76,420,540,1,5
6286,6,446,7,1,3,2,24,83,180,300,2,5
6287,9,460,10,2,3,1,24,17,180,300,4,5
6288,12,366,12,2,3,2,38,88,420,540,4,5
6289,4,434,5,1,3,1,6,44,180,300,1,5
6290,2,340,2,2,3,3,61,81,420,540,2,5
6291,8,565,10,1,3,3,77,64,180,300,4,5
6292,4,148,4,1,3,1,40,88,180,300,4,5
6293,9,15,9,1,3,1,62,9,60,180,2,5
6294,10,196,10,2,3,2,85,83,420,540,4,5
6295,12,67,12,1,3,3,15,58,180,300,1,5
6296,6,29,6,1,3,2,74,88,60,180,1,5
6297,7,113,7,1,3,2,50,37,180,300,4,5
6298,3,516,4,1,3,3,2,26,0,300,4,5
6299,5,328,6,1,3,2,27,96,60,180,4,5
6300,12,464,14,1,3,2,20,38,0,300,3,5
6301,9,595,11,1,3,1,42,67,0,300,3,5
6302,12,149,12,1,3,2,34,60,180,300,2,5
6303,9,167,10,1,3,2,75,49,0,300,2,5
6304,9,26,9,1,3,2,97,37,60,180,4,5
6305,3,380,5,1,3,1,56,29,0,300,4,5
6306,12,117,12,1,3,2,48,70,180,300,4,5
6307,11,119,11,1,3,1,71,12,180,300,3,5
6308,9,407,10,1,3,1,21,50,0,300,1,5
6309,6,238,6,2,3,1,9,95,420,540,1,5
6310,8,221,8,2,3,1,80,78,420,540,2,5
6311,2,29,2,1,3,3,18,50,60,180,1,5
6312,11,253,11,2,3,1,21,94,300,420,4,5
6313,9,57,10,1,3,2,87,82,60,180,4,5
6314,5,93,5,1,3,3,27,69,180,300,1,5
6315,2,471,3,1,3,2,41,85,0,300,3,5
6316,4,468,5,1,3,1,77,0,60,180,4,5
6317,2,387,2,2,3,3,68,60,420,540,4,5
6318,6,170,7,1,3,1,68,81,180,300,2,5
6319,13,82,13,1,3,3,40,1,180,300,2,5
6320,10,46,10,1,3,3,90,17,60,180,1,5
6321,9,242,9,2,3,3,100,30,300,600,2,5
6322,9,263,10,1,3,2,26,41,0,300,2,5
6323,7,175,8,1,3,3,81,71,180,300,3,5
6324,3,492,5,1,3,1,56,73,180,300,2,5
6325,12,279,12,2,3,2,86,62,420,540,4,5
6326,3,148,4,1,3,3,55,65,180,300,4,5
6327,5,521,7,1,3,1,7,25,180,300,3,5
6328,11,1,12,2,3,3,9,12,60,180,2,5
6329,10,375,11,1,3,3,60,19,60,180,1,5
6330,7,451,8,1,3,3,3,59,60,180,1,5
6331,4,583,6,1,3,1,38,42,60,180,4,5
6332,1,295,1,2,3,1,84,73,420,540,2,5
6333,6,364,7,1,3,1,21,4,180,300,4,5
6334,2,245,2,2,3,1,20,67,420,540,4,5
6335,2,68,2,1,3,3,87,15,180,300,4,5
6336,13,232,13,2,3,3,71,44,300,420,1,5
6337,1,386,1,2,3,1,87,34,420,540,1,5
6338,3,148,4,1,3,3,31,94,0,300,3,5
6339,13,69,14,1,3,1,26,23,180,300,3,5
6340,7,343,8,1,3,1,83,26,180,300,3,5
6341,5,446,6,1,3,3,38,17,0,300,4,5
6342,13,413,14,1,3,3,14,73,60,180,1,5
6343,3,551,4,1,3,2,57,13,180,300,4,5
6344,9,410,9,2,3,1,4,58,420,540,2,5
6345,14,88,14,1,3,3,18,50,180,300,3,5
6346,13,380,13,2,3,2,37,61,420,540,1,5
6347,2,281,3,1,3,3,64,93,0,300,1,5
6348,7,161,7,1,3,3,91,24,180,300,1,5
6349,14,451,16,1,3,2,20,41,0,300,4,5
6350,7,213,7,2,3,3,39,13,300,600,1,5
6351,2,125,2,1,3,2,33,41,180,300,4,5
6352,1,598,3,1,3,1,96,20,0,300,3,5
6353,10,72,10,1,3,2,15,28,180,300,2,5
6354,13,74,13,1,3,3,92,39,180,300,4,5
6355,12,188,12,2,3,1,11,49,420,540,4,5
6356,14,519,16,1,3,1,36,79,0,300,4,5
6357,4,516,6,1,3,1,55,24,60,180,1,5
6358,4,584,5,1,3,1,30,2,0,300,4,5
6359,2,305,2,2,3,1,95,29,420,540,1,5
6360,2,309,2,2,3,2,22,8,420,540,4,5
6361,10,388,11,1,3,2,9,52,60,180,4,5
6362,5,306,5,2,3,3,93,60,420,540,4,5
6363,3,522,4,1,3,2,44,14,180,300,4,5
6364,7,232,8,1,3,1,24,42,60,180,4,5
6365,10,53,11,1,3,2,17,38,180,300,4,5
6366,8,456,9,1,3,3,59,31,60,180,3,5
6367,11,584,13,1,3,3,59,0,60,180,2,5
6368,7,377,8,1,3,1,35,14,0,300,3,5
6369,1,223,2,1,3,1,8,42,60,180,3,5
6370,5,163,6,1,3,2,25,28,180,300,2,5
6371,2,573,3,1,3,3,34,16,180,300,1,5
6372,3,495,5,1,3,3,8,84,60,180,2,5
6373,5,348,6,1,3,3,73,35,60,180,4,5
6374,13,28,14,1,3,3,63,77,60,180,3,5
6375,9,375,9,2,3,2,96,21,420,540,3,5
6376,11,246,12,1,3,2,8,99,60,180,4,5
6377,14,176,15,1,3,3,80,62,60,180,4,5
6378,6,340,6,2,3,3,48,70,420,540,2,5
6379,7,325,8,2,3,3,45,42,60,180,3,5
6380,6,35,6,1,3,2,3,39,60,180,3,5
6381,9,437,11,1,3,1,29,21,60,180,1,5
6382,3,580,5,1,3,1,4,96,180,300,2,5
6383,1,251,1,2,3,2,83,68,300,420,1,5
6384,12,89,12,1,3,1,54,87,180,300,1,5
6385,9,353,10,2,3,1,76,82,60,180,4,5
6386,9,289,10,1,3,1,92,44,0,300,2,5
6387,9,54,9,1,3,2,31,40,60,180,1,5
6388,12,590,14,1,3,3,57,73,60,180,1,5
6389,13,379,14,1,3,2,78,58,0,300,1,5
6390,13,275,14,1,3,3,66,28,60,180,3,5
6391,13,373,13,2,3,1,63,53,420,540,4,5
6392,1,392,1,2,3,3,57,74,420,540,3,5
6393,10,287,10,2,3,1,5,40,420,540,1,5
6394,10,5,10,1,3,1,49,5,60,180,4,5
6395,1,159,1,1,3,1,85,32,180,300,2,5
6396,12,354,13,1,3,2,79,67,180,300,2,5
6397,10,31,10,1,3,1,64,21,60,180,2,5
6398,10,242,10,2,3,1,53,0,420,540,3,5
6399,13,125,13,1,3,3,22,15,180,300,3,5
6400,5,329,6,1,3,3,32,64,60,180,3,5
6401,12,591,14,1,3,3,10,1,180,300,4,5
6402,5,160,6,1,3,1,35,43,0,300,4,5
6403,9,71,9,1,3,3,60,83,180,300,4,5
6404,3,497,4,1,3,2,69,95,0,300,4,5
6405,3,101,4,1,3,3,89,76,180,300,3,5
6406,5,265,5,2,3,3,98,75,300,420,3,5
6407,7,61,7,1,3,2,100,48,180,300,4,5
6408,11,359,11,2,3,2,45,72,420,540,2,5
6409,5,526,7,1,3,2,73,88,0,300,2,5
6410,6,427,8,1,3,1,54,34,180,300,2,5
6411,13,563,15,1,3,1,66,47,180,300,2,5
6412,1,500,2,1,3,1,99,92,0,300,2,5
6413,4,386,5,1,3,1,69,77,60,180,3,5
6414,11,305,11,2,3,1,35,67,420,540,2,5
6415,7,246,8,1,3,3,57,14,60,180,3,5
6416,11,402,11,2,3,1,13,28,420,540,4,5
6417,10,313,10,2,3,3,72,78,420,540,3,5
6418,11,374,11,2,3,3,45,27,420,540,4,5
6419,5,41,6,1,3,1,75,91,0,300,2,5
6420,2,421,4,1,3,3,90,77,60,180,1,5
6421,12,304,12,2,3,2,28,32,420,540,1,5
6422,2,24,4,1,3,2,65,28,60,180,2,5
6423,11,87,11,1,3,2,16,29,180,300,1,5
6424,6,145,6,1,3,2,36,15,180,300,4,5
6425,1,582,3,2,3,1,16,33,300,420,2,5
6426,9,467,10,1,3,2,53,39,60,180,2,5
6427,2,33,2,1,3,2,17,14,60,180,3,5
6428,5,475,7,1,3,2,13,41,0,300,3,5
6429,11,462,13,1,3,1,23,0,60,180,4,5
6430,8,428,9,1,3,1,39,57,180,300,2,5
6431,7,547,9,1,3,1,72,53,180,300,2,5
6432,14,253,14,2,3,3,46,69,420,540,3,5
6433,9,500,10,1,3,2,27,77,60,180,4,5
6434,1,174,3,1,3,2,4,11,60,180,1,5
6435,6,424,7,1,3,1,66,6,60,180,3,5
6436,3,406,4,1,3,3,40,76,0,300,4,5
6437,5,568,7,1,3,2,41,17,180,300,4,5
6438,2,464,4,1,3,2,100,30,60,180,1,5
6439,4,356,5,1,3,3,84,16,60,180,2,5
6440,5,133,6,1,3,2,32,34,180,300,1,5
6441,11,20,11,1,3,2,95,94,60,180,2,5
6442,7,204,7,2,3,2,6,43,300,600,1,5
6443,8,537,9,1,3,2,44,51,60,180,4,5
6444,6,99,6,1,3,3,19,36,180,300,3,5
6445,8,207,9,1,3,1,13,76,0,300,1,5
6446,11,322,12,1,3,1,2,77,60,180,4,5
6447,8,116,8,1,3,2,56,68,180,300,4,5
6448,7,357,8,1,3,1,34,25,180,300,4,5
6449,10,91,10,1,3,3,31,95,180,300,2,5
6450,6,442,7,1,3,3,24,96,180,300,2,5
6451,14,241,14,2,3,2,80,10,300,600,2,5
6452,14,115,14,2,3,2,37,77,300,420,4,5
6453,5,163,5,1,3,1,22,2,180,300,3,5
6454,12,211,13,1,3,3,66,24,180,300,1,5
6455,4,429,6,1,3,2,45,95,60,180,4,5
6456,14,390,14,2,3,1,1,17,420,540,1,5
6457,8,514,9,1,3,2,45,49,0,300,1,5
6458,14,473,15,1,3,1,93,67,180,300,4,5
6459,6,67,6,2,3,1,70,77,300,600,4,5
6460,2,460,4,1,3,2,54,32,0,300,4,5
6461,11,12,12,1,3,1,85,1,0,300,4,5
6462,5,178,6,1,3,1,48,19,0,300,4,5
6463,13,55,14,2,3,2,19,30,0,300,3,5
6464,4,199,4,2,3,3,60,0,420,540,2,5
6465,12,37,13,1,3,2,45,64,60,180,3,5
6466,11,330,11,2,3,2,86,98,420,540,1,5
6467,3,24,3,1,3,3,66,9,60,180,2,5
6468,4,236,5,1,3,2,40,59,180,300,4,5
6469,10,286,11,1,3,3,60,57,0,300,1,5
6470,12,116,13,1,3,3,53,16,60,180,4,5
6471,10,459,11,1,3,1,95,51,60,180,4,5
6472,11,488,13,2,3,2,0,14,0,300,4,5
6473,10,233,10,2,3,3,90,69,300,600,1,5
6474,5,295,5,2,3,3,50,77,300,420,1,5
6475,9,194,10,1,3,3,14,96,0,300,3,5
6476,6,137,6,1,3,1,11,95,180,300,4,5
6477,10,346,10,2,3,2,97,84,420,540,4,5
6478,9,475,10,1,3,3,8,47,180,300,1,5
6479,1,145,2,1,3,1,96,65,0,300,2,5
6480,11,499,12,1,3,1,43,52,0,300,3,5
6481,4,235,4,2,3,3,23,12,300,600,1,5
6482,4,440,5,1,3,2,29,5,60,180,2,5
6483,8,19,8,1,3,1,41,10,60,180,1,5
6484,13,189,13,2,3,3,28,89,300,420,1,5
6485,5,174,5,1,3,3,63,19,180,300,1,5
6486,2,39,3,1,3,3,32,55,180,300,4,5
6487,11,53,11,1,3,2,92,65,60,180,3,5
6488,6,359,6,2,3,2,73,48,420,540,4,5
6489,5,209,6,1,3,2,71,38,180,300,1,5
6490,9,262,9,2,3,3,98,60,420,540,2,5
6491,13,293,14,1,3,2,56,58,0,300,2,5
6492,13,461,14,1,3,2,57,25,60,180,2,5
6493,1,543,2,1,3,1,26,66,0,300,4,5
6494,9,271,10,1,3,1,79,17,180,300,1,5
6495,1,287,1,2,3,1,53,6,420,540,2,5
6496,3,510,4,1,3,2,98,94,60,180,2,5
6497,8,210,8,2,3,3,94,95,300,420,2,5
6498,2,189,3,1,3,1,75,100,60,180,1,5
6499,2,342,2,2,3,3,73,25,420,540,4,5
6500,6,246,6,2,3,3,34,16,300,600,3,5
6501,6,579,8,1,3,2,90,94,180,300,2,5
6502,4,333,6,1,3,2,50,48,0,300,3,5
6503,3,246,3,2,3,3,49,86,420,540,4,5
6504,2,345,2,2,3,1,54,51,420,540,1,5
6505,14,343,16,1,3,2,14,18,180,300,3,5
6506,2,521,3,1,3,2,36,42,0,300,1,5
6507,11,357,11,2,3,3,58,22,420,540,3,5
6508,11,2,11,1,3,2,45,7,60,180,1,5
6509,5,595,6,1,3,1,81,34,60,180,2,5
6510,2,457,4,1,3,3,73,72,60,180,3,5
6511,4,428,6,1,3,2,63,15,60,180,2,5
6512,11,527,13,2,3,2,79,21,300,420,4,5
6513,11,241,11,2,3,1,21,93,420,540,2,5
6514,8,284,8,2,3,1,33,51,420,540,1,5
6515,12,374,13,1,3,2,66,15,60,180,2,5
6516,10,521,12,1,3,2,19,30,60,180,2,5
6517,11,367,11,2,3,1,87,55,420,540,2,5
6518,12,213,13,2,3,3,72,71,60,180,3,5
6519,11,458,12,1,3,1,78,9,60,180,1,5
6520,12,295,12,2,3,2,64,37,420,540,3,5
6521,12,120,14,1,3,3,97,18,60,180,3,5
6522,10,77,10,1,3,2,68,33,180,300,1,5
6523,11,259,12,1,3,2,68,83,180,300,1,5
6524,10,147,10,1,3,3,27,30,180,300,3,5
6525,4,551,5,1,3,3,79,20,180,300,3,5
6526,9,202,9,2,3,1,3,77,300,600,2,5
6527,13,26,14,1,3,1,79,46,0,300,2,5
6528,7,336,8,1,3,2,37,4,0,300,2,5
6529,1,471,2,1,3,2,16,88,0,300,3,5
6530,7,342,8,1,3,2,13,52,0,300,1,5
6531,5,308,5,2,3,1,2,58,420,540,4,5
6532,5,564,6,1,3,3,48,68,180,300,2,5
6533,13,142,13,1,3,2,15,36,180,300,1,5
6534,7,242,7,2,3,2,4,41,420,540,2,5
6535,11,242,11,2,3,1,88,67,420,540,2,5
6536,10,97,10,1,3,3,60,64,180,300,4,5
6537,8,467,9,1,3,3,13,51,0,300,1,5
6538,5,307,5,2,3,3,48,0,420,540,1,5
6539,5,101,5,1,3,2,87,6,180,300,4,5
6540,13,40,13,1,3,1,55,69,60,180,4,5
6541,5,188,6,1,3,1,16,81,0,300,1,5
6542,11,206,11,2,3,2,87,89,420,540,3,5
6543,4,119,5,1,3,3,53,23,180,300,1,5
6544,3,177,5,1,3,2,43,22,180,300,3,5
6545,6,29,7,1,3,3,51,53,60,180,3,5
6546,2,278,2,2,3,1,70,31,420,540,3,5
6547,5,395,6,1,3,1,12,47,0,300,1,5
6548,10,179,10,1,3,2,70,82,180,300,1,5
6549,8,362,8,2,3,1,52,85,420,540,4,5
6550,6,206,7,1,3,2,39,33,60,180,4,5
6551,11,337,12,1,3,1,33,87,0,300,4,5
6552,6,292,6,2,3,1,12,99,300,600,2,5
6553,3,39,3,1,3,1,49,57,60,180,3,5
6554,5,107,5,1,3,2,63,29,180,300,1,5
6555,3,521,5,2,3,3,13,40,60,180,2,5
6556,2,538,3,1,3,1,25,54,60,180,4,5
6557,11,6,11,1,3,2,38,42,60,180,4,5
6558,11,181,11,2,3,3,40,71,420,540,2,5
6559,5,174,5,1,3,3,89,0,180,300,3,5
6560,12,143,12,1,3,3,55,7,180,300,1,5
6561,8,258,8,2,3,2,88,86,420,540,4,5
6562,8,215,8,2,3,1,53,28,420,540,3,5
6563,9,373,9,2,3,3,89,75,420,540,4,5
6564,13,397,13,2,3,1,13,63,420,540,3,5
6565,5,43,6,1,3,1,45,78,180,300,4,5
6566,5,365,6,1,3,3,27,71,180,300,3,5
6567,3,401,4,1,3,1,19,92,0,300,3,5
6568,11,580,13,1,3,2,18,85,0,300,2,5
6569,10,193,10,2,3,3,8,20,300,420,1,5
6570,10,430,12,1,3,1,69,62,60,180,4,5
6571,4,524,6,1,3,2,49,95,180,300,3,5
6572,2,226,2,2,3,3,86,14,300,420,1,5
6573,4,474,6,1,3,2,82,14,0,300,4,5
6574,8,426,9,1,3,3,31,74,180,300,3,5
6575,13,457,14,1,3,3,66,11,180,300,4,5
6576,8,243,8,2,3,1,50,67,300,600,4,5
6577,9,416,9,2,3,2,67,57,420,540,2,5
6578,14,138,15,1,3,2,7,91,0,300,3,5
6579,12,242,12,2,3,3,52,39,420,540,2,5
6580,7,66,8,1,3,2,93,43,60,180,4,5
6581,13,412,13,2,3,2,52,51,420,540,4,5
6582,13,456,14,1,3,2,27,35,180,300,3,5
6583,13,289,14,1,3,1,56,97,0,300,2,5
6584,10,307,11,1,3,1,17,31,60,180,2,5
6585,7,348,7,2,3,1,8,8,420,540,2,5
6586,6,574,7,1,3,1,94,32,180,300,4,5
6587,6,294,6,2,3,2,53,99,420,540,2,5
6588,3,325,3,2,3,1,0,68,420,540,2,5
6589,1,351,1,2,3,3,42,3,420,540,3,5
6590,7,59,8,1,3,3,39,49,180,300,3,5
6591,1,447,2,1,3,1,40,71,180,300,2,5
6592,5,87,5,1,3,1,5,17,180,300,2,5
6593,14,347,14,2,3,3,4,38,420,540,1,5
6594,6,464,8,1,3,3,43,1,60,180,1,5
6595,9,328,11,1,3,1,15,21,60,180,4,5
6596,10,345,10,2,3,3,22,98,420,540,4,5
6597,8,249,9,1,3,1,65,31,0,300,2,5
6598,14,179,14,1,3,2,49,68,180,300,2,5
6599,1,218,2,1,3,1,75,56,180,300,1,5
6600,1,542,2,1,3,1,96,10,60,180,2,5
6601,8,317,8,2,3,3,24,73,420,540,2,5
6602,14,154,15,1,3,1,4,94,60,180,4,5
6603,5,273,6,1,3,2,27,37,0,300,1,5
6604,10,40,11,1,3,2,32,61,0,300,3,5
6605,10,489,12,1,3,3,84,43,60,180,3,5
6606,13,242,14,1,3,3,66,40,180,300,4,5
6607,11,414,11,2,3,3,79,66,420,540,3,5
6608,8,300,8,2,3,3,29,52,420,540,4,5
6609,5,99,5,1,3,1,52,62,180,300,1,5
6610,3,555,4,1,3,3,75,68,180,300,1,5
6611,9,389,10,1,3,3,89,9,180,300,3,5
6612,12,30,13,1,3,2,47,97,60,180,2,5
6613,5,273,5,2,3,3,27,12,420,540,3,5
6614,9,488,10,1,3,1,99,6,0,300,1,5
6615,5,299,5,2,3,1,12,96,300,600,1,5
6616,12,122,13,1,3,1,43,86,0,300,4,5
6617,10,247,10,2,3,2,13,9,420,540,3,5
6618,8,430,10,1,3,1,41,19,60,180,1,5
6619,13,577,14,1,3,2,2,70,0,300,1,5
6620,9,279,9,2,3,2,16,76,300,600,1,5
6621,13,479,15,1,3,2,46,0,0,300,1,5
6622,13,455,15,1,3,3,9,48,60,180,2,5
6623,9,130,9,1,3,1,85,99,180,300,4,5
6624,10,254,11,1,3,3,50,46,0,300,3,5
6625,14,297,14,2,3,3,68,1,420,540,2,5
6626,8,261,8,2,3,2,88,58,300,600,2,5
6627,7,332,7,2,3,2,1,71,420,540,4,5
6628,9,89,9,2,3,1,18,87,180,300,3,5
6629,10,479,11,1,3,1,48,26,0,300,3,5
6630,2,210,2,2,3,3,62,16,420,540,1,5
6631,8,396,9,1,3,3,20,93,180,300,1,5
6632,5,55,5,1,3,1,51,82,60,180,2,5
6633,8,88,8,1,3,1,39,3,180,300,2,5
6634,2,420,2,2,3,3,60,15,420,540,2,5
6635,11,263,11,2,3,2,35,94,300,420,2,5
6636,10,12,10,1,3,2,5,96,60,180,2,5
6637,10,390,10,2,3,3,89,97,420,540,2,5
6638,1,36,1,1,3,3,20,3,60,180,2,5
6639,1,492,3,1,3,1,45,0,180,300,2,5
6640,11,545,13,1,3,2,69,56,0,300,3,5
6641,4,581,6,1,3,1,10,72,180,300,1,5
6642,10,439,11,1,3,2,62,89,180,300,1,5
6643,13,426,15,1,3,2,33,99,0,300,3,5
6644,10,108,10,1,3,2,83,41,180,300,3,5
6645,13,150,13,1,3,3,91,77,180,300,2,5
6646,7,514,8,1,3,1,52,33,180,300,3,5
6647,2,74,2,1,3,2,52,54,180,300,2,5
6648,1,485,2,1,3,3,97,79,0,300,2,5
6649,1,316,2,1,3,3,33,15,60,180,1,5
6650,6,295,6,2,3,3,38,34,420,540,3,5
6651,12,157,12,1,3,3,99,12,180,300,3,5
6652,14,330,14,2,3,1,44,64,420,540,3,5
6653,10,515,12,2,3,3,82,87,0,300,1,5
6654,13,294,14,1,3,3,6,6,0,300,4,5
6655,2,379,3,1,3,2,80,12,180,300,2,5
6656,1,56,1,1,3,1,12,62,60,180,2,5
6657,13,88,13,1,3,1,6,62,180,300,3,5
6658,2,55,3,1,3,1,15,24,180,300,4,5
6659,2,205,2,2,3,1,82,39,420,540,2,5
6660,9,555,10,1,3,3,80,87,60,180,2,5
6661,11,473,13,1,3,3,92,100,0,300,2,5
6662,11,162,12,1,3,2,80,66,0,300,4,5
6663,13,202,14,1,3,1,23,53,60,180,3,5
6664,3,410,3,2,3,2,79,26,420,540,2,5
6665,5,550,6,1,3,2,72,41,180,300,4,5
6666,11,575,13,1,3,2,22,38,180,300,2,5
6667,6,537,8,1,3,2,16,98,0,300,1,5
6668,9,69,9,1,3,2,87,94,180,300,2,5
6669,13,520,15,1,3,3,25,98,180,300,4,5
6670,13,295,13,2,3,1,54,38,300,600,4,5
6671,11,465,13,1,3,1,63,86,180,300,4,5
6672,13,481,15,1,3,2,17,83,0,300,3,5
6673,9,102,9,1,3,3,42,25,180,300,3,5
6674,14,148,14,2,3,1,14,24,300,600,2,5
6675,14,374,14,2,3,1,45,3,420,540,3,5
6676,9,351,10,1,3,2,50,48,0,300,2,5
6677,12,48,13,1,3,1,17,94,60,180,3,5
6678,9,552,11,1,3,1,83,65,0,300,1,5
6679,1,272,2,1,3,3,65,60,60,180,1,5
6680,7,102,7,1,3,3,84,74,180,300,1,5
6681,1,195,1,2,3,3,50,68,420,540,3,5
6682,5,182,6,1,3,3,75,4,180,300,2,5
6683,10,151,10,1,3,3,8,5,180,300,3,5
6684,7,320,9,1,3,3,5,36,60,180,3,5
6685,4,264,4,2,3,1,96,75,300,600,2,5
6686,11,378,12,1,3,3,27,67,180,300,3,5
6687,2,196,2,2,3,3,60,90,420,540,1,5
6688,3,401,4,1,3,1,55,48,60,180,3,5
6689,8,318,9,1,3,3,95,83,0,300,3,5
6690,11,160,11,1,3,2,2,73,180,300,3,5
6691,13,254,13,2,3,3,40,21,420,540,1,5
6692,10,76,11,1,3,2,57,26,180,300,1,5
6693,13,86,14,1,3,2,55,90,0,300,2,5
6694,12,64,13,1,3,3,93,16,60,180,2,5
6695,10,351,10,2,3,3,54,10,420,540,4,5
6696,13,229,13,2,3,2,53,43,420,540,1,5
6697,12,136,12,1,3,1,100,70,180,300,4,5
6698,9,559,11,1,3,2,76,90,180,300,3,5
6699,13,561,15,1,3,3,77,27,0,300,1,5
6700,14,133,14,1,3,3,76,83,180,300,1,5
6701,7,34,8,1,3,3,15,55,60,180,1,5
6702,2,103,3,1,3,2,55,85,60,180,3,5
6703,14,498,15,1,3,3,83,59,180,300,3,5
6704,10,582,12,1,3,2,44,84,60,180,4,5
6705,5,533,7,1,3,2,71,91,0,300,1,5
6706,10,296,10,2,3,2,42,64,300,600,1,5
6707,3,72,4,1,3,1,84,47,180,300,1,5
6708,3,577,4,1,3,3,77,84,180,300,2,5
6709,14,175,15,1,3,3,36,21,60,180,4,5
6710,11,77,11,1,3,2,9,73,180,300,2,5
6711,4,110,5,1,3,3,41,59,180,300,4,5
6712,1,27,2,1,3,3,42,62,180,300,2,5
6713,8,231,9,1,3,3,85,25,180,300,1,5
6714,10,232,11,1,3,3,5,10,180,300,4,5
6715,8,481,10,2,3,1,77,65,180,300,2,5
6716,11,205,11,2,3,2,30,55,420,540,2,5
6717,3,508,4,1,3,3,2,100,180,300,1,5
6718,7,272,8,1,3,1,9,41,60,180,2,5
6719,5,3,5,1,3,1,75,71,60,180,4,5
6720,4,313,4,2,3,2,32,74,420,540,4,5
6721,9,533,11,1,3,2,47,66,60,180,4,5
6722,11,476,13,1,3,1,25,35,180,300,4,5
6723,6,568,7,1,3,3,3,39,180,300,1,5
6724,12,468,14,1,3,3,53,55,60,180,1,5
6725,1,249,1,2,3,1,93,66,420,540,3,5
6726,11,361,11,2,3,2,12,79,420,540,2,5
6727,2,332,2,2,3,3,96,90,420,540,4,5
6728,1,101,1,1,3,3,83,73,180,300,3,5
6729,1,35,1,1,3,2,9,43,60,180,2,5
6730,4,517,5,1,3,1,57,98,180,300,3,5
6731,11,392,11,2,3,1,74,62,420,540,4,5
6732,1,7,1,1,3,3,77,89,60,180,2,5
6733,4,392,4,2,3,3,31,79,420,540,2,5
6734,2,166,2,1,3,2,16,16,180,300,3,5
6735,4,127,5,1,3,1,43,14,180,300,4,5
6736,13,417,15,1,3,1,27,32,60,180,2,5
6737,11,76,11,1,3,2,0,100,180,300,2,5
6738,13,366,14,1,3,1,39,6,180,300,1,5
6739,10,319,10,2,3,2,7,46,420,540,4,5
6740,10,26,11,1,3,2,41,81,180,300,1,5
6741,11,201,11,2,3,3,10,26,300,600,4,5
6742,11,567,12,1,3,3,9,89,180,300,4,5
6743,10,460,12,1,3,2,17,77,0,300,4,5
6744,4,113,4,1,3,1,8,81,180,300,3,5
6745,11,192,11,2,3,1,57,22,420,540,4,5
6746,5,77,6,1,3,3,75,97,0,300,3,5
6747,6,386,6,2,3,2,18,22,420,540,4,5
6748,3,283,3,2,3,2,6,21,420,540,1,5
6749,9,518,11,1,3,3,62,45,0,300,3,5
6750,8,328,8,2,3,1,88,62,420,540,3,5
6751,9,499,10,1,3,1,71,15,0,300,3,5
6752,11,153,11,1,3,3,23,23,180,300,2,5
6753,13,147,14,1,3,2,97,38,0,300,4,5
6754,9,530,11,1,3,1,8,93,60,180,2,5
6755,2,316,3,1,3,3,74,76,180,300,2,5
6756,1,126,1,1,3,3,100,20,180,300,1,5
6757,11,19,11,1,3,1,50,14,60,180,3,5
6758,7,134,7,1,3,1,96,61,180,300,3,5
6759,5,170,5,1,3,2,8,84,180,300,4,5
6760,9,384,10,1,3,3,34,90,60,180,2,5
6761,11,309,11,2,3,1,5,91,420,540,2,5
6762,11,426,13,1,3,3,93,38,0,300,2,5
6763,4,172,4,1,3,3,1,98,180,300,3,5
6764,4,264,6,1,3,3,79,88,180,300,1,5
6765,2,167,3,1,3,1,96,28,60,180,4,5
6766,5,320,6,1,3,2,43,4,180,300,1,5
6767,7,587,8,1,3,2,92,19,180,300,3,5
6768,11,594,12,1,3,2,50,43,180,300,2,5
6769,2,134,2,1,3,3,56,37,180,300,1,5
6770,4,406,4,2,3,1,11,90,420,540,4,5
6771,7,434,8,1,3,2,30,67,60,180,3,5
6772,10,38,11,1,3,3,80,31,0,300,2,5
6773,13,338,14,1,3,1,41,94,0,300,4,5
6774,12,529,14,1,3,2,14,29,60,180,1,5
6775,8,280,8,2,3,2,96,22,300,420,2,5
6776,11,134,11,1,3,3,81,38,180,300,1,5
6777,11,517,13,1,3,2,20,74,60,180,2,5
6778,7,457,8,1,3,2,45,80,60,180,1,5
6779,6,434,7,1,3,1,2,55,60,180,4,5
6780,11,512,13,1,3,2,7,40,60,180,3,5
6781,14,293,15,1,3,1,79,24,180,300,4,5
6782,12,212,12,2,3,1,63,74,420,540,4,5
6783,12,408,12,2,3,1,76,38,420,540,1,5
6784,8,52,8,1,3,2,24,77,60,180,3,5
6785,3,197,4,1,3,1,9,30,180,300,4,5
6786,13,278,13,2,3,3,89,15,420,540,4,5
6787,5,268,5,2,3,2,86,66,420,540,4,5
6788,13,478,15,1,3,1,70,92,180,300,1,5
6789,11,63,11,1,3,2,86,28,180,300,1,5
6790,3,76,3,1,3,3,69,11,180,300,4,5
6791,14,317,15,1,3,1,56,88,180,300,2,5
6792,12,40,13,1,3,2,85,100,60,180,3,5
6793,10,85,10,1,3,3,83,10,180,300,4,5
6794,3,348,3,2,3,2,18,19,420,540,3,5
6795,13,454,15,1,3,3,72,86,180,300,3,5
6796,2,555,4,1,3,3,96,27,60,180,3,5
6797,5,130,6,1,3,1,3,32,180,300,2,5
6798,4,334,4,2,3,1,28,96,420,540,1,5
6799,10,255,11,1,3,3,56,84,60,180,2,5
6800,13,277,15,1,3,2,63,38,0,300,3,5
6801,10,118,11,1,3,2,22,89,0,300,1,5
6802,8,134,8,1,3,2,47,37,180,300,2,5
6803,14,10,14,1,3,3,19,14,60,180,4,5
6804,1,523,3,1,3,1,64,92,180,300,2,5
6805,1,363,1,2,3,3,33,14,420,540,3,5
6806,12,236,13,1,3,1,41,52,0,300,3,5
6807,2,589,4,1,3,3,50,55,0,300,3,5
6808,12,360,12,2,3,3,84,62,420,540,2,5
6809,14,585,15,1,3,2,86,28,180,300,1,5
6810,4,164,4,1,3,1,9,51,180,300,1,5
6811,5,449,7,1,3,1,61,93,60,180,2,5
6812,8,480,10,1,3,3,11,35,180,300,3,5
6813,4,13,4,1,3,2,63,58,60,180,1,5
6814,5,61,5,1,3,3,13,21,180,300,2,5
6815,8,35,8,1,3,3,71,71,60,180,1,5
6816,1,254,1,2,3,1,56,15,300,600,4,5
6817,11,420,11,2,3,3,82,9,420,540,2,5
6818,6,299,7,1,3,1,45,85,0,300,4,5
6819,2,232,2,2,3,3,66,73,300,420,3,5
6820,14,399,15,1,3,3,12,54,0,300,3,5
6821,6,53,7,1,3,1,22,14,0,300,1,5
6822,14,413,14,2,3,2,35,98,420,540,2,5
6823,7,293,8,1,3,2,98,21,60,180,1,5
6824,7,281,7,2,3,3,36,91,420,540,2,5
6825,8,530,9,1,3,2,74,48,180,300,1,5
6826,13,596,15,1,3,1,94,52,60,180,2,5
6827,11,7,11,1,3,1,11,18,60,180,2,5
6828,10,511,11,1,3,1,75,17,60,180,4,5
6829,13,556,14,1,3,1,56,60,180,300,3,5
6830,10,354,10,2,3,1,42,94,420,540,3,5
6831,13,344,13,2,3,3,7,4,420,540,1,5
6832,2,80,3,1,3,2,20,12,180,300,2,5
6833,3,412,4,1,3,1,88,14,60,180,3,5
6834,13,312,14,1,3,3,23,94,60,180,4,5
6835,13,208,13,2,3,3,55,82,420,540,1,5
6836,7,440,9,1,3,3,71,37,0,300,2,5
6837,5,408,5,2,3,2,96,62,420,540,1,5
6838,2,387,3,1,3,2,99,78,180,300,4,5
6839,1,202,1,2,3,1,91,46,420,540,2,5
6840,4,377,5,1,3,1,37,17,180,300,2,5
6841,10,164,11,1,3,3,95,20,180,300,4,5
6842,13,302,14,1,3,2,0,82,180,300,3,5
6843,6,110,6,1,3,3,14,64,180,300,4,5
6844,4,441,6,1,3,3,3,45,0,300,1,5
6845,11,269,11,2,3,2,7,38,420,540,1,5
6846,13,200,14,1,3,3,46,9,60,180,1,5
6847,7,509,9,1,3,3,85,31,60,180,3,5
6848,12,376,12,2,3,1,5,89,420,540,1,5
6849,11,337,11,2,3,2,43,49,420,540,1,5
6850,3,139,3,1,3,2,68,89,180,300,4,5
6851,12,332,12,2,3,3,10,74,420,540,1,5
6852,2,347,2,2,3,1,50,28,420,540,3,5
6853,13,270,14,1,3,1,92,71,180,300,4,5
6854,12,378,12,2,3,1,83,77,420,540,3,5
6855,9,582,11,1,3,2,30,98,0,300,1,5
6856,9,565,11,1,3,2,50,15,60,180,2,5
6857,2,363,3,1,3,3,60,96,60,180,1,5
6858,12,516,13,1,3,1,45,47,60,180,1,5
6859,4,76,4,1,3,1,68,21,180,300,1,5
6860,14,161,14,1,3,2,61,93,180,300,4,5
6861,7,183,9,1,3,1,36,49,60,180,2,5
6862,13,26,13,1,3,2,44,28,60,180,1,5
6863,12,414,12,2,3,2,4,22,420,540,2,5
6864,3,305,3,2,3,1,37,25,420,540,1,5
6865,4,284,5,1,3,1,97,89,0,300,4,5
6866,13,87,14,1,3,1,51,27,180,300,4,5
6867,7,523,9,1,3,2,50,68,60,180,2,5
6868,13,335,13,2,3,1,25,75,420,540,3,5
6869,10,84,10,1,3,3,2,55,180,300,2,5
6870,4,469,5,1,3,1,73,79,180,300,3,5
6871,1,369,1,2,3,3,87,42,420,540,2,5
6872,2,557,4,1,3,1,71,86,60,180,4,5
6873,4,203,4,2,3,2,20,11,300,420,1,5
6874,12,465,13,1,3,1,34,15,180,300,3,5
6875,9,162,11,1,3,2,1,58,180,300,2,5
6876,7,527,8,1,3,1,43,29,60,180,4,5
6877,7,320,7,2,3,2,75,22,420,540,3,5
6878,13,121,14,1,3,2,52,75,180,300,3,5
6879,8,28,8,1,3,1,63,29,60,180,1,5
6880,6,165,7,1,3,1,59,17,0,300,1,5
6881,9,451,11,1,3,1,60,64,0,300,1,5
6882,11,383,11,2,3,2,83,66,420,540,2,5
6883,11,514,13,1,3,3,91,6,180,300,4,5
6884,14,241,14,2,3,1,65,74,420,540,4,5
6885,7,252,7,2,3,2,9,59,300,600,4,5
6886,4,287,4,2,3,3,12,9,420,540,3,5
6887,10,207,10,2,3,1,73,59,300,420,1,5
6888,4,100,5,1,3,3,73,4,0,300,2,5
6889,8,570,9,1,3,1,62,98,0,300,1,5
6890,5,50,6,1,3,3,55,96,0,300,1,5
6891,13,485,15,1,3,1,95,73,180,300,2,5
6892,12,184,12,2,3,3,83,40,300,600,2,5
6893,11,153,11,1,3,3,96,13,180,300,4,5
6894,3,128,4,1,3,1,27,9,0,300,4,5
6895,7,481,8,1,3,3,96,16,180,300,3,5
6896,8,577,10,1,3,2,11,92,60,180,3,5
6897,4,269,4,2,3,3,50,63,420,540,4,5
6898,9,582,11,1,3,3,36,73,0,300,4,5
6899,1,247,2,1,3,1,98,48,180,300,2,5
6900,12,228,12,2,3,3,45,67,420,540,2,5
6901,1,351,1,2,3,2,33,67,420,540,1,5
6902,10,536,11,1,3,2,27,22,0,300,1,5
6903,9,279,9,2,3,3,93,35,300,600,4,5
6904,7,549,8,2,3,2,81,12,180,300,3,5
6905,14,90,15,1,3,3,12,24,180,300,4,5
6906,12,325,12,2,3,1,8,54,420,540,1,5
6907,14,482,15,1,3,1,57,32,0,300,1,5
6908,3,42,4,1,3,3,76,1,60,180,2,5
6909,4,94,5,1,3,1,29,56,180,300,3,5
6910,14,128,14,1,3,3,19,40,180,300,4,5
6911,4,495,6,1,3,2,6,96,180,300,2,5
6912,8,168,8,1,3,1,10,57,180,300,4,5
6913,9,197,9,2,3,1,3,42,420,540,4,5
6914,9,500,10,1,3,3,85,39,180,300,4,5
6915,3,305,4,1,3,3,19,53,60,180,1,5
6916,4,398,5,1,3,2,18,65,180,300,3,5
6917,9,119,10,1,3,3,80,30,180,300,4,5
6918,12,167,13,1,3,3,29,19,180,300,2,5
6919,11,289,13,1,3,2,91,78,180,300,3,5
6920,6,202,6,2,3,2,50,66,420,540,2,5
6921,2,359,2,2,3,2,64,93,420,540,4,5
6922,3,203,3,2,3,3,37,18,300,600,1,5
6923,11,148,11,1,3,2,39,42,180,300,4,5
6924,9,23,9,2,3,1,60,25,180,300,4,5
6925,11,395,12,1,3,3,56,48,180,300,2,5
6926,9,457,11,1,3,3,66,35,0,300,3,5
6927,2,192,2,2,3,2,49,93,420,540,3,5
6928,12,345,12,2,3,2,25,75,420,540,2,5
6929,11,303,12,1,3,2,20,77,60,180,4,5
6930,2,343,2,2,3,3,31,75,420,540,3,5
6931,4,592,6,1,3,1,14,61,180,300,1,5
6932,9,62,9,1,3,1,7,54,180,300,3,5
6933,5,499,7,1,3,1,12,7,60,180,3,5
6934,3,55,3,1,3,2,27,23,60,180,2,5
6935,13,426,14,1,3,3,35,59,0,300,1,5
6936,5,21,5,1,3,2,38,89,60,180,2,5
6937,10,89,11,1,3,2,48,10,180,300,3,5
6938,7,136,7,2,3,3,7,42,180,300,2,5
6939,1,442,3,1,3,2,12,70,60,180,2,5
6940,4,419,4,2,3,3,52,34,420,540,2,5
6941,13,443,15,1,3,1,92,99,60,180,1,5
6942,12,35,12,1,3,1,78,20,60,180,1,5
6943,9,375,9,2,3,1,53,96,420,540,3,5
6944,4,109,5,1,3,2,29,53,60,180,1,5
6945,12,440,14,1,3,2,92,69,0,300,4,5
6946,11,166,11,1,3,1,27,3,180,300,3,5
6947,14,449,15,1,3,1,12,64,180,300,3,5
6948,3,312,4,1,3,3,95,35,0,300,2,5
6949,13,31,13,1,3,1,27,0,60,180,1,5
6950,5,598,6,1,3,3,87,76,180,300,2,5
6951,4,471,6,1,3,3,65,33,180,300,1,5
6952,4,374,4,2,3,1,89,66,420,540,1,5
6953,1,584,2,1,3,1,34,89,0,300,1,5
6954,3,260,4,1,3,3,66,47,60,180,4,5
6955,10,197,11,1,3,2,2,38,0,300,1,5
6956,7,107,7,1,3,1,40,6,180,300,2,5
6957,1,423,3,1,3,3,94,27,60,180,1,5
6958,13,131,13,1,3,2,17,37,180,300,3,5
6959,2,24,3,1,3,2,39,5,0,300,1,5
6960,14,7,15,1,3,1,45,10,60,180,3,5
6961,3,244,4,1,3,3,5,20,0,300,4,5
6962,13,372,14,1,3,3,33,2,180,300,2,5
6963,2,262,2,2,3,1,86,15,420,540,1,5
6964,3,575,4,1,3,2,39,7,60,180,2,5
6965,14,403,15,1,3,1,2,19,180,300,1,5
6966,5,247,6,1,3,2,2,0,60,180,2,5
6967,11,598,13,1,3,2,77,69,180,300,3,5
6968,13,113,13,1,3,1,61,6,180,300,2,5
6969,14,36,14,1,3,1,31,65,60,180,2,5
6970,4,4,4,1,3,2,0,78,60,180,2,5
6971,5,174,6,1,3,3,83,1,0,300,3,5
6972,11,101,11,1,3,3,56,33,180,300,4,5
6973,8,225,9,1,3,1,45,86,0,300,3,5
6974,4,536,5,1,3,1,70,43,60,180,2,5
6975,8,422,9,1,3,3,18,24,0,300,1,5
6976,4,295,5,1,3,2,86,85,180,300,4,5
6977,11,521,12,1,3,1,99,67,60,180,2,5
6978,8,321,9,1,3,2,13,18,0,300,3,5
6979,12,381,12,2,3,2,13,11,420,540,1,5
6980,3,241,4,1,3,3,28,74,60,180,4,5
6981,5,465,6,1,3,3,87,31,60,180,3,5
6982,1,539,2,1,3,3,76,18,180,300,3,5
6983,7,272,7,2,3,2,24,45,300,600,2,5
6984,12,294,13,1,3,3,17,99,180,300,3,5
6985,1,412,3,1,3,2,57,96,0,300,4,5
6986,4,312,4,2,3,1,83,52,420,540,4,5
6987,4,316,4,2,3,1,31,19,420,540,3,5
6988,11,188,11,2,3,1,95,8,420,540,4,5
6989,10,143,10,1,3,2,63,99,180,300,2,5
6990,6,171,6,1,3,2,39,60,180,300,3,5
6991,5,212,6,1,3,2,9,29,180,300,3,5
6992,8,203,8,2,3,2,7,42,420,540,1,5
6993,14,547,15,1,3,3,21,40,60,180,2,5
6994,5,433,6,1,3,2,84,68,0,300,3,5
6995,11,517,13,1,3,3,27,92,60,180,3,5
6996,5,588,7,1,3,1,0,59,180,300,4,5
6997,10,592,12,1,3,1,5,28,180,300,3,5
6998,3,225,3,2,3,1,24,15,420,540,1,5
6999,8,106,8,1,3,1,72,91,180,300,3,5
7000,7,505,9,1,3,3,34,61,60,180,1,5
7001,12,390,12,2,3,2,96,23,420,540,1,5
7002,2,52,3,1,3,3,90,74,180,300,3,5
7003,7,213,8,1,3,2,96,61,180,300,4,5
7004,4,326,5,1,3,3,43,56,60,180,1,5
7005,10,184,10,2,3,2,13,0,420,540,3,5
7006,11,575,12,1,3,3,6,24,60,180,4,5
7007,2,11,3,1,3,1,6,7,0,300,3,5
7008,11,385,11,2,3,3,40,91,420,540,3,5
7009,13,85,14,1,3,1,36,15,0,300,3,5
7010,7,582,9,1,3,1,79,8,60,180,3,5
7011,5,416,5,2,3,3,19,44,420,540,4,5
7012,9,524,11,1,3,2,55,86,0,300,1,5
7013,8,162,9,1,3,3,78,58,60,180,4,5
7014,7,394,8,1,3,3,76,35,180,300,3,5
7015,4,600,6,1,3,2,65,6,0,300,3,5
7016,1,431,2,1,3,3,38,98,180,300,3,5
7017,11,433,13,1,3,1,1,91,180,300,1,5
7018,5,76,5,1,3,3,12,89,180,300,1,5
7019,3,497,5,1,3,1,49,48,180,300,3,5
7020,6,109,7,1,3,2,54,37,60,180,2,5
7021,6,107,6,1,3,1,39,44,180,300,1,5
7022,9,89,9,2,3,1,53,74,300,600,1,5
7023,2,406,3,1,3,3,87,94,180,300,4,5
7024,13,182,13,2,3,3,87,96,420,540,1,5
7025,4,29,4,1,3,2,100,25,60,180,4,5
7026,6,130,7,1,3,2,7,63,60,180,2,5
7027,13,83,13,1,3,3,82,49,180,300,3,5
7028,5,339,5,2,3,1,82,59,420,540,4,5
7029,9,336,10,1,3,2,97,52,180,300,2,5
7030,11,291,11,2,3,2,51,25,300,420,2,5
7031,8,86,10,1,3,2,30,76,60,180,1,5
7032,7,74,7,1,3,1,5,24,180,300,4,5
7033,1,284,3,1,3,3,80,28,60,180,3,5
7034,7,59,7,1,3,1,95,1,60,180,1,5
7035,6,245,7,1,3,1,35,50,60,180,1,5
7036,14,377,14,2,3,3,68,44,420,540,4,5
7037,6,450,8,1,3,1,15,52,0,300,4,5
7038,10,157,11,1,3,3,68,8,0,300,2,5
7039,13,495,14,1,3,1,48,99,60,180,3,5
7040,4,67,4,1,3,1,60,43,180,300,4,5
7041,4,225,5,1,3,2,90,6,60,180,2,5
7042,5,224,5,2,3,2,10,41,420,540,1,5
7043,7,203,8,1,3,2,31,36,60,180,1,5
7044,14,260,14,2,3,2,46,16,300,600,3,5
7045,1,517,2,1,3,2,36,12,180,300,4,5
7046,13,330,13,2,3,1,43,33,420,540,3,5
7047,12,315,12,2,3,2,68,64,420,540,1,5
7048,1,473,3,1,3,1,67,78,0,300,1,5
7049,7,407,7,2,3,2,73,81,420,540,1,5
7050,5,446,6,1,3,1,95,59,60,180,4,5
7051,6,388,6,2,3,1,67,85,420,540,2,5
7052,13,282,14,1,3,2,47,1,60,180,2,5
7053,14,180,14,1,3,1,78,81,180,300,2,5
7054,14,288,15,1,3,1,64,25,0,300,2,5
7055,14,90,15,1,3,1,8,75,180,300,1,5
7056,4,38,4,1,3,1,75,33,60,180,3,5
7057,10,91,11,1,3,2,66,84,180,300,4,5
7058,2,558,4,1,3,2,3,98,180,300,3,5
7059,14,225,14,2,3,1,58,28,420,540,1,5
7060,7,407,9,1,3,1,4,58,180,300,4,5
7061,3,161,5,1,3,2,99,87,0,300,2,5
7062,2,93,3,1,3,2,17,83,60,180,1,5
7063,6,478,7,1,3,1,85,88,60,180,2,5
7064,5,63,5,1,3,1,33,99,180,300,2,5
7065,6,139,6,1,3,2,52,75,180,300,3,5
7066,13,511,15,1,3,2,42,11,0,300,1,5
7067,7,385,7,2,3,3,13,33,420,540,4,5
7068,13,432,14,1,3,1,79,2,180,300,2,5
7069,13,237,13,2,3,1,45,47,420,540,4,5
7070,10,583,12,1,3,1,68,15,180,300,3,5
7071,6,101,6,1,3,3,97,15,180,300,3,5
7072,13,281,13,2,3,3,33,8,420,540,2,5
7073,4,305,4,2,3,2,71,90,420,540,2,5
7074,13,190,13,2,3,1,63,43,420,540,3,5
7075,13,258,14,1,3,2,98,75,0,300,3,5
7076,9,180,9,1,3,2,36,11,180,300,4,5
7077,14,372,15,1,3,1,84,98,180,300,3,5
7078,3,234,4,1,3,3,29,25,180,300,3,5
7079,7,311,7,2,3,1,3,69,420,540,2,5
7080,3,140,4,1,3,3,1,8,180,300,4,5
7081,3,487,4,1,3,2,37,39,60,180,2,5
7082,6,255,6,2,3,3,8,91,300,420,4,5
7083,5,511,6,1,3,3,35,66,180,300,2,5
7084,11,570,13,1,3,2,66,91,0,300,4,5
7085,8,484,9,1,3,2,23,43,180,300,1,5
7086,10,477,11,1,3,1,16,94,0,300,3,5
7087,10,163,11,1,3,3,44,27,0,300,4,5
7088,10,88,11,1,3,1,20,19,60,180,3,5
7089,14,435,16,1,3,3,61,83,0,300,1,5
7090,11,556,12,1,3,2,20,86,0,300,2,5
7091,6,9,6,1,3,3,50,87,60,180,3,5
7092,12,399,14,1,3,3,51,98,0,300,1,5
7093,13,214,13,2,3,2,54,92,300,420,2,5
7094,4,189,4,2,3,1,52,62,300,600,1,5
7095,8,131,9,1,3,1,66,72,60,180,1,5
7096,7,22,7,1,3,2,7,16,60,180,1,5
7097,4,36,6,1,3,1,36,40,60,180,2,5
7098,6,11,6,1,3,3,6,84,60,180,3,5
7099,10,538,12,1,3,3,62,5,0,300,2,5
7100,8,368,8,2,3,2,20,72,420,540,2,5
7101,11,92,11,1,3,1,19,85,180,300,2,5
7102,7,234,7,2,3,3,43,52,420,540,4,5
7103,10,184,10,2,3,1,7,68,420,540,3,5
7104,12,202,13,1,3,1,87,61,60,180,4,5
7105,9,363,10,1,3,2,72,52,0,300,1,5
7106,10,156,10,1,3,2,88,36,180,300,1,5
7107,3,403,3,2,3,1,39,76,420,540,4,5
7108,8,147,8,1,3,2,44,33,180,300,3,5
7109,2,148,2,1,3,2,12,0,180,300,4,5
7110,5,413,5,2,3,1,73,40,420,540,3,5
7111,10,385,10,2,3,3,69,91,420,540,2,5
7112,11,464,12,1,3,1,10,92,0,300,2,5
7113,12,102,12,1,3,1,89,6,180,300,1,5
7114,3,580,5,1,3,3,5,1,180,300,2,5
7115,5,379,5,2,3,3,0,63,420,540,1,5
7116,5,25,6,1,3,2,100,16,180,300,1,5
7117,13,597,15,1,3,2,100,96,180,300,2,5
7118,9,411,9,2,3,2,82,41,420,540,3,5
7119,7,155,7,1,3,3,82,23,180,300,4,5
7120,12,514,14,1,3,3,53,50,180,300,1,5
7121,1,462,2,1,3,2,75,54,180,300,2,5
7122,13,321,13,2,3,3,62,61,420,540,4,5
7123,6,380,6,2,3,2,60,80,420,540,3,5
7124,9,47,9,2,3,2,4,21,0,300,3,5
7125,7,148,7,1,3,3,35,10,180,300,2,5
7126,1,365,2,1,3,2,27,7,0,300,2,5
7127,1,599,2,1,3,1,18,72,60,180,2,5
7128,1,366,1,2,3,3,25,97,420,540,4,5
7129,5,268,7,1,3,1,46,54,180,300,4,5
7130,11,182,11,2,3,2,13,31,420,540,1,5
7131,4,178,4,1,3,2,49,67,180,300,4,5
7132,10,517,12,1,3,2,96,1,60,180,3,5
7133,14,319,15,1,3,1,29,76,0,300,3,5
7134,8,395,8,2,3,2,41,98,420,540,3,5
7135,5,291,5,2,3,3,85,43,420,540,1,5
7136,10,38,11,1,3,1,40,64,60,180,3,5
7137,14,388,14,2,3,3,66,53,420,540,4,5
7138,12,366,13,1,3,3,44,43,60,180,4,5
7139,8,124,8,1,3,3,24,78,180,300,4,5
7140,7,25,7,1,3,1,0,60,60,180,3,5
7141,10,184,10,2,3,3,94,54,420,540,1,5
7142,6,127,6,1,3,2,97,21,180,300,2,5
7143,10,359,10,2,3,1,82,97,420,540,4,5
7144,6,553,7,1,3,2,72,63,180,300,3,5
7145,12,325,12,2,3,3,27,72,420,540,2,5
7146,5,88,6,1,3,2,92,41,0,300,3,5
7147,8,410,9,1,3,1,29,60,180,300,2,5
7148,7,236,7,2,3,3,67,51,300,420,3,5
7149,6,492,7,1,3,3,27,96,60,180,3,5
7150,9,148,9,1,3,3,5,27,180,300,2,5
7151,12,97,12,1,3,2,89,87,180,300,4,5
7152,4,51,4,1,3,2,38,15,60,180,1,5
7153,6,47,6,1,3,2,21,36,60,180,3,5
7154,9,233,9,2,3,3,98,73,300,600,2,5
7155,8,462,9,1,3,3,48,94,180,300,3,5
7156,2,162,2,1,3,3,42,98,180,300,4,5
7157,14,376,14,2,3,2,21,65,420,540,3,5
7158,2,434,4,1,3,3,1,89,180,300,2,5
7159,9,323,10,1,3,3,53,89,60,180,4,5
7160,2,378,2,2,3,3,89,14,420,540,4,5
7161,13,145,13,1,3,1,43,8,180,300,3,5
7162,1,77,1,1,3,2,81,56,180,300,3,5
7163,10,95,10,1,3,3,47,50,180,300,4,5
7164,9,100,9,2,3,1,14,94,420,540,3,5
7165,4,529,5,1,3,1,56,38,180,300,4,5
7166,3,208,4,1,3,1,92,58,0,300,4,5
7167,11,81,11,1,3,3,92,34,180,300,2,5
7168,5,463,6,1,3,3,72,45,60,180,1,5
7169,8,461,10,1,3,2,9,33,180,300,4,5
7170,2,530,4,1,3,3,68,19,60,180,2,5
7171,5,566,6,1,3,3,29,9,0,300,4,5
7172,9,84,9,1,3,2,69,46,180,300,4,5
7173,7,391,7,2,3,3,95,39,420,540,1,5
7174,2,427,3,1,3,3,25,29,60,180,4,5
7175,2,176,2,1,3,1,20,49,180,300,3,5
7176,13,563,14,1,3,3,66,53,180,300,3,5
7177,3,52,3,1,3,1,43,31,60,180,1,5
7178,10,257,10,2,3,2,59,41,300,600,3,5
7179,3,545,5,1,3,3,40,39,0,300,3,5
7180,12,460,14,1,3,1,58,58,0,300,2,5
7181,6,0,7,1,3,2,93,7,0,300,3,5
7182,13,268,13,2,3,3,23,18,420,540,2,5
7183,11,218,12,1,3,3,43,44,180,300,4,5
7184,9,8,9,1,3,1,16,70,60,180,2,5
7185,8,303,8,2,3,1,72,89,420,540,4,5
7186,9,124,9,1,3,1,59,8,180,300,1,5
7187,12,262,12,2,3,2,18,1,420,540,1,5
7188,14,484,16,1,3,3,34,81,60,180,1,5
7189,10,526,11,1,3,2,1,8,180,300,4,5
7190,6,442,7,1,3,1,97,98,60,180,4,5
7191,5,509,6,1,3,2,82,21,0,300,4,5
7192,13,42,14,1,3,2,27,62,0,300,2,5
7193,8,243,8,2,3,1,28,66,300,420,1,5
7194,2,220,2,2,3,1,16,44,420,540,2,5
7195,9,438,11,1,3,3,7,64,0,300,1,5
7196,10,406,10,2,3,3,64,91,420,540,1,5
7197,7,201,9,1,3,1,86,9,0,300,2,5
7198,6,128,7,1,3,2,44,85,180,300,1,5
7199,12,418,13,1,3,1,40,58,180,300,2,5
7200,8,566,9,1,3,3,49,56,180,300,2,5
7201,2,271,3,1,3,2,43,67,0,300,1,5
7202,14,2,14,1,3,2,18,40,60,180,3,5
7203,4,366,5,1,3,1,32,34,180,300,4,5
7204,3,461,4,1,3,1,45,29,180,300,4,5
7205,11,292,11,2,3,2,54,25,300,420,4,5
7206,12,124,12,1,3,3,32,21,180,300,1,5
7207,9,56,10,1,3,1,35,11,180,300,3,5
7208,4,395,4,2,3,3,71,44,420,540,2,5
7209,14,165,16,1,3,1,63,62,0,300,3,5
7210,5,351,5,2,3,1,8,97,420,540,3,5
7211,13,294,13,2,3,2,57,86,420,540,4,5
7212,2,362,2,2,3,2,25,67,420,540,3,5
7213,7,140,7,1,3,3,27,17,180,300,2,5
7214,8,333,9,1,3,2,96,36,60,180,3,5
7215,3,550,5,1,3,3,68,34,0,300,1,5
7216,10,450,12,1,3,2,79,27,0,300,2,5
7217,7,263,7,2,3,2,96,50,300,420,2,5
7218,5,399,6,1,3,1,53,79,60,180,2,5
7219,11,299,11,2,3,2,48,39,420,540,1,5
7220,10,491,11,1,3,1,4,98,180,300,4,5
7221,5,190,6,1,3,3,26,3,0,300,1,5
7222,9,92,10,1,3,2,43,72,60,180,2,5
7223,5,395,6,1,3,3,83,81,0,300,1,5
7224,12,468,14,1,3,3,7,30,0,300,3,5
7225,12,442,14,1,3,3,92,10,0,300,3,5
7226,11,104,12,1,3,1,37,13,0,300,4,5
7227,14,129,14,1,3,1,49,40,180,300,3,5
7228,10,304,10,2,3,3,60,80,420,540,1,5
7229,5,242,6,1,3,1,67,19,60,180,2,5
7230,3,558,5,1,3,1,37,9,0,300,1,5
7231,3,444,4,1,3,2,62,47,60,180,4,5
7232,1,354,1,2,3,2,83,25,420,540,2,5
7233,11,438,13,1,3,1,16,73,60,180,3,5
7234,6,379,6,2,3,2,19,50,420,540,3,5
7235,9,278,9,2,3,2,67,43,300,420,4,5
7236,3,457,4,1,3,2,41,8,60,180,4,5
7237,12,557,13,1,3,1,34,38,60,180,2,5
7238,2,245,3,1,3,1,78,50,0,300,2,5
7239,11,443,12,1,3,3,89,55,60,180,4,5
7240,9,502,10,1,3,1,49,35,60,180,4,5
7241,5,109,5,1,3,3,43,91,180,300,4,5
7242,9,47,11,1,3,3,35,64,0,300,3,5
7243,9,489,11,1,3,2,91,24,180,300,3,5
7244,3,255,3,2,3,1,61,96,300,600,2,5
7245,6,109,6,1,3,3,86,75,180,300,4,5
7246,3,51,3,1,3,1,3,96,60,180,1,5
7247,8,35,8,1,3,1,94,46,60,180,1,5
7248,8,87,9,1,3,3,95,21,60,180,2,5
7249,5,338,5,2,3,3,50,4,420,540,2,5
7250,9,449,10,1,3,2,50,21,60,180,1,5
7251,13,213,14,1,3,3,33,55,180,300,2,5
7252,11,539,12,1,3,2,25,79,180,300,4,5
7253,11,442,12,1,3,1,91,81,60,180,2,5
7254,13,463,15,1,3,2,78,77,60,180,3,5
7255,12,13,13,1,3,1,96,33,0,300,4,5
7256,9,286,9,2,3,3,89,43,420,540,3,5
7257,9,36,9,1,3,3,29,61,60,180,2,5
7258,14,266,14,2,3,3,11,68,300,600,3,5
7259,13,262,14,1,3,1,72,7,60,180,2,5
7260,2,48,3,1,3,2,47,39,180,300,1,5
7261,7,550,8,1,3,2,85,24,180,300,3,5
7262,10,525,12,1,3,3,17,28,0,300,4,5
7263,6,313,6,2,3,1,20,18,420,540,2,5
7264,13,134,13,1,3,2,71,68,180,300,2,5
7265,4,275,4,2,3,1,71,28,420,540,2,5
7266,7,410,7,2,3,1,64,7,420,540,4,5
7267,4,56,5,1,3,2,32,79,60,180,2,5
7268,10,587,11,1,3,3,21,89,180,300,2,5
7269,13,168,13,1,3,2,100,71,180,300,1,5
7270,2,454,3,1,3,1,67,91,180,300,3,5
7271,1,434,2,1,3,2,100,6,60,180,1,5
7272,2,227,3,1,3,3,35,11,0,300,1,5
7273,4,163,4,1,3,3,28,4,180,300,4,5
7274,8,152,8,2,3,3,63,17,180,300,2,5
7275,11,545,12,1,3,3,4,50,0,300,2,5
7276,13,252,13,2,3,3,29,47,420,540,2,5
7277,8,80,9,1,3,3,66,100,60,180,2,5
7278,7,243,7,2,3,3,28,53,300,600,1,5
7279,9,24,9,1,3,3,42,39,60,180,3,5
7280,7,54,8,2,3,3,100,46,0,300,2,5
7281,10,184,10,2,3,2,53,30,300,600,2,5
7282,14,180,15,1,3,3,14,17,60,180,1,5
7283,3,298,3,2,3,2,53,42,300,600,4,5
7284,10,53,12,1,3,1,47,24,0,300,4,5
7285,6,279,7,1,3,1,78,78,60,180,2,5
7286,12,546,14,1,3,2,69,19,180,300,1,5
7287,9,111,9,1,3,2,43,64,180,300,4,5
7288,7,114,7,1,3,3,54,89,180,300,1,5
7289,10,555,12,1,3,3,83,99,60,180,1,5
7290,12,20,12,1,3,2,91,68,60,180,4,5
7291,7,289,7,2,3,1,57,65,300,600,1,5
7292,14,160,15,1,3,1,22,18,180,300,1,5
7293,10,77,10,1,3,1,65,29,180,300,3,5
7294,12,175,12,1,3,3,92,13,180,300,3,5
7295,8,498,9,1,3,3,87,20,0,300,4,5
7296,5,491,6,1,3,1,50,33,60,180,4,5
7297,2,586,4,1,3,3,70,21,180,300,1,5
7298,5,24,6,1,3,1,42,86,180,300,1,5
7299,11,247,12,1,3,1,18,17,180,300,1,5
7300,2,6,3,1,3,3,74,94,180,300,4,5
7301,12,490,13,1,3,1,51,73,60,180,3,5
7302,6,91,7,1,3,3,55,20,60,180,4,5
7303,2,83,3,1,3,2,7,81,0,300,1,5
7304,2,52,2,1,3,2,94,77,60,180,4,5
7305,12,234,12,2,3,3,29,32,420,540,3,5
7306,10,161,11,1,3,2,8,53,60,180,1,5
7307,11,409,12,1,3,3,88,93,180,300,3,5
7308,8,27,8,2,3,1,3,65,300,420,1,5
7309,4,174,5,1,3,3,38,77,180,300,1,5
7310,5,279,6,1,3,1,22,44,180,300,2,5
7311,3,329,3,2,3,3,74,72,420,540,3,5
7312,2,500,4,1,3,2,33,56,0,300,2,5
7313,6,382,6,2,3,1,85,95,420,540,3,5
7314,13,408,14,1,3,1,33,27,60,180,3,5
7315,8,204,8,2,3,1,78,92,300,600,2,5
7316,13,90,13,1,3,3,85,94,180,300,4,5
7317,14,286,14,2,3,3,45,26,300,420,3,5
7318,1,141,1,2,3,2,44,97,300,600,4,5
7319,3,75,3,1,3,1,89,51,180,300,4,5
7320,9,493,10,1,3,2,44,73,180,300,2,5
7321,4,292,4,2,3,1,47,14,420,540,1,5
7322,11,154,11,1,3,1,4,6,180,300,3,5
7323,12,434,13,1,3,2,28,90,0,300,4,5
7324,14,176,14,1,3,1,21,25,180,300,4,5
7325,14,233,16,1,3,2,44,53,180,300,4,5
7326,3,508,5,1,3,2,15,83,0,300,2,5
7327,14,42,14,1,3,1,62,86,60,180,1,5
7328,14,333,15,1,3,3,90,29,0,300,4,5
7329,13,227,13,2,3,2,27,13,300,600,3,5
7330,11,415,12,1,3,3,74,57,60,180,4,5
7331,9,570,10,1,3,1,94,8,180,300,4,5
7332,2,155,2,1,3,3,57,40,180,300,2,5
7333,13,569,14,1,3,3,7,43,180,300,4,5
7334,13,545,14,1,3,3,40,83,60,180,2,5
7335,14,42,15,1,3,3,6,75,0,300,1,5
7336,12,458,14,1,3,3,82,72,0,300,4,5
7337,9,309,10,1,3,3,93,37,180,300,4,5
7338,6,441,8,1,3,3,94,47,0,300,2,5
7339,1,218,3,1,3,2,14,20,0,300,2,5
7340,13,70,15,1,3,1,29,70,0,300,3,5
7341,1,221,1,2,3,2,8,58,300,420,3,5
7342,1,521,2,1,3,3,15,15,180,300,1,5
7343,5,77,5,1,3,3,33,4,180,300,2,5
7344,3,74,3,1,3,1,94,29,180,300,2,5
7345,7,230,8,1,3,1,21,35,60,180,3,5
7346,1,426,2,1,3,2,38,69,180,300,1,5
7347,11,133,11,2,3,2,96,34,300,420,1,5
7348,10,554,12,2,3,3,16,45,0,300,4,5
7349,8,243,9,1,3,2,43,55,180,300,1,5
7350,5,381,6,1,3,2,57,70,60,180,4,5
7351,12,153,13,1,3,1,47,28,60,180,1,5
7352,8,567,10,1,3,3,13,43,180,300,1,5
7353,14,260,14,2,3,1,93,39,420,540,2,5
7354,6,532,8,1,3,3,65,91,180,300,3,5
7355,1,336,1,2,3,3,5,99,420,540,1,5
7356,10,570,12,1,3,2,32,34,60,180,4,5
7357,13,391,13,2,3,1,37,70,420,540,3,5
7358,11,113,12,1,3,2,5,69,180,300,4,5
7359,7,256,8,1,3,3,78,9,180,300,1,5
7360,6,323,7,1,3,2,43,41,0,300,3,5
7361,6,349,6,2,3,2,56,80,420,540,2,5
7362,13,12,14,1,3,1,0,91,180,300,3,5
7363,11,483,12,1,3,3,94,88,0,300,2,5
7364,3,328,3,2,3,1,6,25,420,540,4,5
7365,8,453,10,1,3,3,7,43,60,180,2,5
7366,7,26,7,1,3,3,9,70,60,180,1,5
7367,6,317,6,2,3,3,47,67,420,540,3,5
7368,13,334,15,1,3,1,7,62,60,180,1,5
7369,13,471,15,1,3,2,69,78,60,180,4,5
7370,14,37,14,1,3,1,59,85,60,180,2,5
7371,12,122,13,1,3,1,78,39,60,180,2,5
7372,2,352,2,2,3,1,6,30,420,540,2,5
7373,10,35,10,1,3,1,44,64,60,180,3,5
7374,12,224,12,2,3,1,0,97,420,540,1,5
7375,7,99,7,1,3,3,8,35,180,300,3,5
7376,8,121,8,1,3,2,27,22,180,300,1,5
7377,3,31,4,1,3,3,25,39,0,300,2,5
7378,11,410,12,1,3,3,36,78,60,180,2,5
7379,13,102,14,1,3,3,86,72,60,180,1,5
7380,8,237,8,2,3,2,29,70,420,540,1,5
7381,7,480,8,1,3,2,27,9,60,180,4,5
7382,6,288,7,1,3,3,82,48,0,300,4,5
7383,1,487,3,1,3,3,3,55,0,300,4,5
7384,1,439,2,1,3,2,23,62,180,300,1,5
7385,3,274,4,1,3,1,41,66,60,180,2,5
7386,11,157,11,2,3,2,76,76,420,540,4,5
7387,7,17,7,1,3,3,49,63,60,180,1,5
7388,11,14,11,1,3,1,21,80,60,180,1,5
7389,9,257,9,2,3,1,90,90,300,420,1,5
7390,13,156,13,1,3,3,57,26,180,300,1,5
7391,10,239,10,2,3,2,20,71,420,540,3,5
7392,4,71,4,1,3,3,46,76,180,300,1,5
7393,4,64,5,1,3,3,40,61,180,300,2,5
7394,11,494,13,1,3,3,61,44,60,180,2,5
7395,13,255,13,2,3,2,51,17,300,600,3,5
7396,3,27,3,1,3,2,86,4,60,180,1,5
7397,11,235,11,2,3,3,9,46,300,600,2,5
7398,6,334,7,1,3,1,22,72,180,300,1,5
7399,14,29,14,1,3,1,79,32,60,180,4,5
7400,11,571,12,2,3,1,95,61,300,600,1,5
7401,9,134,9,1,3,1,95,9,180,300,2,5
7402,4,322,4,2,3,3,0,62,420,540,2,5
7403,6,335,6,2,3,2,86,80,420,540,2,5
7404,4,231,4,2,3,3,8,94,300,420,3,5
7405,5,542,7,1,3,1,20,58,180,300,4,5
7406,1,470,3,1,3,3,29,19,180,300,4,5
7407,4,242,5,1,3,3,49,87,0,300,4,5
7408,1,571,2,1,3,1,71,31,180,300,3,5
7409,7,115,7,1,3,3,4,9,180,300,1,5
7410,10,536,11,1,3,2,81,66,0,300,3,5
7411,5,211,6,1,3,3,21,70,180,300,3,5
7412,12,35,13,1,3,3,6,57,0,300,4,5
7413,3,59,3,1,3,2,9,30,60,180,3,5
7414,10,397,12,1,3,2,85,47,60,180,1,5
7415,7,72,7,1,3,3,26,64,180,300,3,5
7416,14,59,15,1,3,3,78,27,0,300,1,5
7417,5,221,5,2,3,3,94,43,300,600,2,5
7418,5,161,5,1,3,2,17,4,180,300,3,5
7419,13,205,13,2,3,3,32,16,300,600,2,5
7420,4,81,4,1,3,3,51,69,180,300,2,5
7421,6,582,8,1,3,3,84,81,0,300,3,5
7422,3,133,3,1,3,2,96,8,180,300,3,5
7423,10,522,11,1,3,1,25,64,60,180,2,5
7424,9,443,10,1,3,2,24,91,180,300,4,5
7425,13,418,14,1,3,2,13,41,60,180,3,5
7426,6,414,6,2,3,3,23,56,420,540,2,5
7427,7,249,8,1,3,2,85,32,60,180,2,5
7428,14,596,16,1,3,1,21,34,60,180,4,5
7429,9,74,10,1,3,1,3,5,60,180,1,5
7430,8,445,10,1,3,2,63,92,60,180,4,5
7431,12,121,12,1,3,1,43,61,180,300,4,5
7432,4,443,5,1,3,2,37,89,60,180,4,5
7433,11,42,12,1,3,1,15,6,180,300,3,5
7434,9,515,11,1,3,3,68,56,60,180,4,5
7435,11,163,12,1,3,3,4,72,180,300,2,5
7436,7,542,9,1,3,3,75,69,0,300,1,5
7437,10,125,10,1,3,1,21,41,180,300,1,5
7438,13,48,13,1,3,1,43,16,60,180,1,5
7439,12,292,12,2,3,2,33,32,300,600,1,5
7440,12,393,12,2,3,1,16,56,420,540,4,5
7441,14,64,14,1,3,3,28,74,180,300,1,5
7442,7,103,8,1,3,2,28,32,180,300,2,5
7443,12,85,12,1,3,1,74,91,180,300,3,5
7444,1,167,1,1,3,2,19,86,180,300,3,5
7445,1,527,2,1,3,2,0,57,0,300,3,5
7446,12,404,13,1,3,2,80,47,60,180,2,5
7447,6,3,7,1,3,1,65,10,60,180,4,5
7448,1,592,3,1,3,2,93,13,0,300,2,5
7449,7,227,7,2,3,2,86,34,420,540,3,5
7450,7,462,9,1,3,3,34,34,0,300,1,5
7451,2,388,3,2,3,2,68,51,0,300,3,5
7452,5,321,6,1,3,3,24,1,180,300,2,5
7453,9,419,10,1,3,1,75,36,60,180,3,5
7454,14,489,15,1,3,1,87,80,180,300,1,5
7455,6,562,8,1,3,3,59,72,0,300,4,5
7456,7,491,8,1,3,3,16,73,60,180,1,5
7457,9,560,11,1,3,1,53,95,60,180,1,5
7458,14,76,14,1,3,1,76,93,180,300,2,5
7459,10,172,11,1,3,1,78,8,0,300,1,5
7460,12,281,12,2,3,1,8,21,300,600,2,5
7461,6,1,6,1,3,3,85,97,60,180,3,5
7462,3,229,4,1,3,2,23,22,60,180,1,5
7463,2,300,2,2,3,2,58,65,300,600,2,5
7464,14,277,14,2,3,3,58,57,420,540,2,5
7465,8,307,9,1,3,3,37,70,60,180,1,5
7466,4,460,5,1,3,2,76,95,180,300,2,5
7467,13,217,13,2,3,2,43,22,300,420,4,5
7468,3,359,3,2,3,3,9,62,420,540,2,5
7469,7,499,8,1,3,3,28,45,180,300,1,5
7470,9,10,10,1,3,1,23,17,60,180,1,5
7471,6,561,8,1,3,2,67,61,60,180,2,5
7472,14,78,14,1,3,2,95,91,180,300,3,5
7473,4,477,5,1,3,2,12,8,0,300,3,5
7474,1,295,1,2,3,3,25,1,300,420,1,5
7475,1,131,1,1,3,3,58,81,180,300,4,5
7476,7,38,7,1,3,3,22,91,60,180,2,5
7477,1,224,1,2,3,1,28,85,420,540,2,5
7478,7,322,8,1,3,1,85,87,60,180,4,5
7479,14,310,14,2,3,2,98,19,420,540,1,5
7480,6,497,7,1,3,2,9,80,60,180,2,5
7481,13,127,13,1,3,3,80,2,180,300,4,5
7482,11,229,12,1,3,3,33,77,60,180,2,5
7483,4,257,5,1,3,3,49,32,60,180,4,5
7484,7,458,9,1,3,1,26,57,60,180,3,5
7485,12,551,14,1,3,1,70,18,0,300,4,5
7486,1,85,1,1,3,1,88,10,180,300,4,5
7487,13,242,13,2,3,1,26,9,300,600,3,5
7488,6,283,7,1,3,1,36,52,0,300,3,5
7489,13,92,13,1,3,1,37,76,180,300,1,5
7490,14,595,16,1,3,1,24,31,60,180,1,5
7491,11,353,11,2,3,3,44,6,420,540,3,5
7492,1,177,1,1,3,3,68,94,180,300,1,5
7493,14,0,15,2,3,1,13,41,420,540,2,5
7494,1,366,2,1,3,2,63,85,0,300,3,5
7495,10,371,11,1,3,3,26,32,180,300,4,5
7496,11,8,11,1,3,3,14,2,60,180,1,5
7497,11,89,11,1,3,2,79,63,180,300,1,5
7498,12,188,12,2,3,2,14,16,420,540,4,5
7499,2,246,2,2,3,2,87,92,420,540,3,5
7500,2,351,2,2,3,1,15,96,420,540,4,5
7501,6,106,6,1,3,3,15,11,180,300,3,5
7502,6,180,7,1,3,3,81,66,0,300,4,5
7503,4,428,5,1,3,3,89,32,180,300,4,5
7504,10,514,11,1,3,1,91,95,60,180,1,5
7505,6,155,6,1,3,2,65,51,180,300,2,5
7506,13,186,14,1,3,2,100,59,180,300,3,5
7507,6,467,8,1,3,3,52,25,0,300,2,5
7508,4,23,4,1,3,3,52,66,60,180,2,5
7509,1,199,1,2,3,3,25,40,300,600,4,5
7510,7,293,7,2,3,3,16,69,420,540,1,5
7511,11,402,12,1,3,3,74,15,60,180,2,5
7512,8,254,10,1,3,3,40,95,180,300,3,5
7513,10,573,12,1,3,3,85,93,0,300,3,5
7514,2,22,2,1,3,2,70,82,60,180,4,5
7515,2,362,2,2,3,3,42,89,420,540,3,5
7516,8,58,8,1,3,2,30,24,60,180,2,5
7517,12,194,12,2,3,1,7,93,420,540,4,5
7518,11,406,11,2,3,1,6,37,420,540,4,5
7519,4,430,5,1,3,3,9,22,0,300,4,5
7520,7,171,7,1,3,1,91,61,180,300,1,5
7521,1,483,2,1,3,1,99,34,180,300,1,5
7522,7,16,7,1,3,1,5,40,60,180,4,5
7523,7,404,8,1,3,1,87,63,180,300,2,5
7524,14,169,15,2,3,1,65,59,420,540,3,5
7525,7,124,8,1,3,3,31,17,60,180,2,5
7526,10,279,10,2,3,3,39,47,420,540,1,5
7527,11,568,12,1,3,3,20,46,60,180,1,5
7528,14,598,15,1,3,1,17,7,0,300,4,5
7529,11,184,11,2,3,1,86,83,300,600,3,5
7530,1,188,1,2,3,1,76,94,420,540,1,5
7531,5,76,6,1,3,3,16,29,180,300,3,5
7532,8,49,8,1,3,1,14,57,60,180,2,5
7533,3,234,3,2,3,3,98,28,300,420,1,5
7534,14,147,15,1,3,1,23,45,180,300,4,5
7535,12,330,12,2,3,1,82,83,420,540,2,5
7536,8,273,8,2,3,3,21,64,420,540,2,5
7537,4,406,4,2,3,1,57,48,420,540,4,5
7538,1,280,1,2,3,1,0,47,300,420,1,5
7539,6,373,6,2,3,3,52,1,420,540,1,5
7540,12,35,13,2,3,1,4,35,60,180,2,5
7541,7,376,8,1,3,1,77,72,0,300,1,5
7542,7,38,8,1,3,3,33,51,0,300,2,5
7543,4,268,5,1,3,2,86,42,0,300,1,5
7544,2,553,3,1,3,2,4,61,0,300,3,5
7545,5,405,6,1,3,2,72,41,180,300,3,5
7546,8,96,8,1,3,2,25,73,180,300,4,5
7547,11,21,12,1,3,1,16,34,0,300,1,5
7548,5,1,5,1,3,2,0,23,60,180,3,5
7549,4,536,5,1,3,1,96,96,0,300,2,5
7550,6,123,6,1,3,1,83,43,180,300,2,5
7551,1,595,2,1,3,3,18,84,180,300,1,5
7552,4,534,6,1,3,2,11,8,180,300,1,5
7553,13,573,15,1,3,1,45,11,180,300,1,5
7554,4,241,4,2,3,1,9,59,300,420,2,5
7555,10,254,10,2,3,2,94,32,420,540,1,5
7556,14,316,15,1,3,2,35,30,60,180,3,5
7557,2,483,4,1,3,1,99,96,180,300,3,5
7558,7,357,8,1,3,3,2,1,180,300,4,5
7559,6,423,7,1,3,1,27,8,0,300,3,5
7560,3,466,4,1,3,3,48,75,60,180,2,5
7561,6,530,7,1,3,3,89,67,0,300,2,5
7562,2,269,2,2,3,2,77,73,420,540,4,5
7563,8,593,10,1,3,3,3,2,0,300,1,5
7564,10,78,11,1,3,2,80,6,180,300,1,5
7565,11,493,13,1,3,2,11,64,180,300,1,5
7566,5,118,5,1,3,3,92,91,180,300,2,5
7567,3,69,3,1,3,1,81,96,180,300,4,5
7568,13,588,14,1,3,1,40,0,0,300,4,5
7569,9,503,10,1,3,1,33,50,60,180,2,5
7570,10,48,11,1,3,2,87,55,180,300,2,5
7571,1,282,1,2,3,3,74,54,420,540,4,5
7572,6,0,6,1,3,1,57,15,60,180,2,5
7573,14,91,14,1,3,1,12,61,180,300,4,5
7574,12,297,13,1,3,1,17,90,60,180,2,5
7575,11,359,12,1,3,2,17,6,0,300,3,5
7576,5,325,6,1,3,2,67,35,60,180,3,5
7577,11,243,11,2,3,2,49,47,300,420,3,5
7578,13,154,13,1,3,3,21,9,180,300,1,5
7579,14,44,14,1,3,1,80,79,60,180,4,5
7580,3,68,3,1,3,2,55,30,180,300,1,5
7581,6,189,6,2,3,1,28,28,420,540,2,5
7582,14,170,14,1,3,1,46,65,180,300,3,5
7583,13,0,13,1,3,2,81,14,60,180,3,5
7584,11,210,11,2,3,3,13,78,300,600,1,5
7585,1,539,2,1,3,3,65,81,60,180,4,5
7586,7,507,8,2,3,2,43,69,60,180,3,5
7587,8,188,8,2,3,2,65,30,420,540,2,5
7588,5,325,5,2,3,1,1,53,420,540,1,5
7589,12,181,12,2,3,2,50,44,420,540,4,5
7590,1,438,2,1,3,3,64,46,60,180,1,5
7591,3,220,4,1,3,3,92,68,180,300,4,5
7592,6,140,6,1,3,3,88,96,180,300,4,5
7593,2,395,2,2,3,2,60,24,420,540,4,5
7594,13,20,13,1,3,1,51,18,60,180,3,5
7595,12,469,13,1,3,3,75,47,60,180,3,5
7596,2,280,2,2,3,1,44,85,420,540,4,5
7597,4,431,6,1,3,2,3,41,0,300,3,5
7598,12,511,14,1,3,2,35,8,180,300,4,5
7599,8,356,9,1,3,2,41,88,180,300,3,5
7600,8,229,9,1,3,2,6,86,0,300,2,5
7601,1,54,1,1,3,1,78,31,60,180,4,5
7602,5,162,6,1,3,1,39,77,60,180,4,5
7603,4,217,5,1,3,3,81,9,180,300,2,5
7604,8,596,9,1,3,2,13,41,0,300,1,5
7605,9,49,9,1,3,2,79,46,60,180,2,5
7606,6,202,7,1,3,1,43,0,60,180,4,5
7607,6,575,7,1,3,3,37,36,0,300,3,5
7608,13,518,15,1,3,3,62,83,0,300,4,5
7609,10,33,11,2,3,3,65,70,180,300,1,5
7610,13,348,13,2,3,1,37,61,420,540,3,5
7611,6,580,7,1,3,3,51,13,60,180,4,5
7612,7,57,7,1,3,2,36,13,60,180,2,5
7613,7,84,8,1,3,1,35,9,180,300,3,5
7614,14,439,16,1,3,2,25,89,0,300,3,5
7615,9,12,10,1,3,3,45,68,60,180,2,5
7616,1,156,3,1,3,2,18,11,0,300,2,5
7617,5,181,5,2,3,3,65,54,300,600,3,5
7618,11,154,11,1,3,2,94,15,180,300,2,5
7619,11,107,13,1,3,3,88,72,60,180,1,5
7620,1,488,2,1,3,3,74,85,0,300,1,5
7621,9,276,9,2,3,1,34,87,420,540,1,5
7622,8,259,8,2,3,2,6,85,420,540,3,5
7623,9,394,9,2,3,3,11,6,420,540,1,5
7624,9,331,9,2,3,1,10,51,420,540,3,5
7625,8,586,10,1,3,2,13,19,180,300,1,5
7626,9,327,9,2,3,3,55,74,420,540,4,5
7627,11,146,11,1,3,3,68,74,180,300,2,5
7628,11,486,13,1,3,2,94,41,0,300,3,5
7629,1,115,1,2,3,2,97,6,300,600,1,5
7630,12,251,13,1,3,2,57,54,180,300,3,5
7631,6,464,8,1,3,3,32,36,60,180,4,5
7632,14,86,14,1,3,2,48,50,180,300,2,5
7633,1,217,1,2,3,1,11,99,300,600,4,5
7634,4,313,4,2,3,1,37,45,420,540,2,5
7635,13,291,13,2,3,1,96,75,300,420,3,5
7636,10,488,11,1,3,3,76,10,60,180,3,5
7637,6,517,7,1,3,3,10,81,60,180,4,5
7638,1,240,2,1,3,3,60,97,180,300,1,5
7639,14,366,14,2,3,2,13,4,420,540,1,5
7640,8,418,8,2,3,3,54,16,420,540,1,5
7641,12,441,14,1,3,2,20,99,60,180,2,5
7642,14,161,15,1,3,1,73,32,180,300,2,5
7643,7,473,8,1,3,1,49,15,60,180,3,5
7644,9,599,11,1,3,2,43,78,0,300,2,5
7645,4,260,4,2,3,1,94,7,300,600,2,5
7646,14,311,15,1,3,2,87,76,0,300,3,5
7647,11,104,11,1,3,3,44,67,180,300,1,5
7648,14,359,15,1,3,1,58,90,180,300,4,5
7649,2,284,3,1,3,1,24,24,0,300,1,5
7650,8,184,9,1,3,2,89,24,60,180,1,5
7651,3,398,4,1,3,3,14,9,60,180,1,5
7652,3,81,3,1,3,3,60,80,180,300,4,5
7653,2,346,2,2,3,2,21,66,420,540,4,5
7654,1,289,1,2,3,2,71,79,420,540,2,5
7655,8,175,8,1,3,3,31,74,180,300,2,5
7656,14,216,14,2,3,1,89,66,300,420,1,5
7657,3,536,4,1,3,2,15,87,180,300,3,5
7658,12,65,12,1,3,3,17,13,180,300,2,5
7659,8,451,9,1,3,3,68,75,180,300,2,5
7660,4,519,6,1,3,1,49,1,180,300,2,5
7661,13,460,14,1,3,3,75,81,60,180,1,5
7662,5,524,7,1,3,1,6,44,0,300,4,5
7663,1,242,1,2,3,2,0,9,300,420,2,5
7664,8,26,8,1,3,1,65,50,60,180,3,5
7665,7,557,9,2,3,2,48,8,420,540,3,5
7666,8,342,8,2,3,2,53,50,420,540,4,5
7667,12,588,13,2,3,2,47,93,180,300,3,5
7668,1,558,3,1,3,3,47,63,180,300,1,5
7669,5,485,7,1,3,1,25,41,60,180,1,5
7670,1,442,2,1,3,3,64,7,180,300,3,5
7671,1,206,1,2,3,2,85,84,420,540,1,5
7672,10,223,11,1,3,2,13,14,60,180,4,5
7673,2,439,3,1,3,3,46,66,0,300,4,5
7674,6,266,6,2,3,1,73,6,300,600,3,5
7675,1,465,3,1,3,2,15,37,60,180,4,5
7676,6,121,6,1,3,1,40,14,180,300,2,5
7677,14,432,16,1,3,2,71,98,180,300,1,5
7678,12,296,12,2,3,2,12,66,420,540,1,5
7679,3,42,4,1,3,3,80,86,0,300,3,5
7680,11,486,13,1,3,1,54,74,180,300,2,5
7681,5,318,6,1,3,3,73,36,0,300,1,5
7682,1,329,1,2,3,1,11,74,420,540,1,5
7683,12,3,12,1,3,1,65,70,60,180,2,5
7684,10,26,11,1,3,2,60,70,60,180,1,5
7685,13,371,13,2,3,2,27,77,420,540,4,5
7686,9,429,10,1,3,2,76,40,0,300,1,5
7687,10,188,10,2,3,2,59,4,420,540,4,5
7688,7,217,8,1,3,2,11,87,180,300,3,5
7689,2,104,2,1,3,2,84,53,180,300,4,5
7690,1,102,1,2,3,1,30,12,300,420,3,5
7691,14,411,16,1,3,1,7,22,180,300,2,5
7692,1,40,2,1,3,3,60,91,60,180,4,5
7693,14,39,14,1,3,3,97,96,60,180,3,5
7694,8,366,8,2,3,1,3,10,420,540,4,5
7695,8,431,9,1,3,3,34,23,60,180,3,5
7696,1,298,1,2,3,2,96,15,300,600,3,5
7697,2,24,4,1,3,1,67,77,180,300,3,5
7698,14,218,14,2,3,1,66,67,300,420,4,5
7699,14,593,16,1,3,1,45,80,0,300,1,5
7700,8,599,9,1,3,1,66,57,0,300,4,5
7701,9,91,9,1,3,2,74,70,180,300,2,5
7702,3,190,4,1,3,3,38,80,60,180,2,5
7703,5,84,6,1,3,3,93,78,60,180,4,5
7704,13,191,14,1,3,3,2,44,0,300,4,5
7705,7,190,7,2,3,3,78,96,420,540,1,5
7706,6,400,6,2,3,2,92,19,420,540,3,5
7707,13,276,13,2,3,2,12,40,420,540,3,5
7708,13,254,14,1,3,2,65,22,0,300,1,5
7709,14,318,14,2,3,1,65,33,420,540,2,5
7710,13,331,15,1,3,2,51,26,180,300,3,5
7711,6,354,6,2,3,1,52,61,420,540,1,5
7712,12,547,14,1,3,1,43,22,60,180,4,5
7713,6,312,7,1,3,2,69,72,60,180,2,5
7714,13,211,13,2,3,1,18,10,420,540,4,5
7715,9,70,10,1,3,2,16,71,0,300,3,5
7716,9,159,10,1,3,2,79,65,180,300,4,5
7717,10,168,12,1,3,1,14,61,60,180,3,5
7718,6,498,7,1,3,1,21,30,60,180,4,5
7719,10,439,12,1,3,2,66,86,0,300,3,5
7720,5,497,6,1,3,1,72,29,60,180,1,5
7721,10,208,11,1,3,1,8,38,60,180,1,5
7722,7,389,7,2,3,3,3,0,420,540,3,5
7723,2,43,3,1,3,2,13,68,60,180,3,5
7724,4,108,4,1,3,2,42,69,180,300,1,5
7725,8,207,9,1,3,1,96,29,0,300,3,5
7726,14,388,14,2,3,1,91,21,420,540,3,5
7727,5,445,7,1,3,3,10,81,60,180,2,5
7728,7,214,7,2,3,2,84,71,420,540,2,5
7729,1,317,1,2,3,2,24,88,420,540,2,5
7730,13,461,14,1,3,1,8,84,180,300,4,5
7731,13,454,15,1,3,2,97,84,0,300,4,5
7732,1,314,1,2,3,2,57,5,420,540,3,5
7733,5,550,6,1,3,2,24,11,180,300,4,5
7734,13,430,14,1,3,2,100,33,0,300,1,5
7735,1,363,1,2,3,3,35,14,420,540,4,5
7736,5,243,5,2,3,3,90,21,300,420,4,5
7737,3,516,5,1,3,1,86,14,60,180,2,5
7738,12,221,12,2,3,2,73,76,420,540,4,5
7739,14,76,14,1,3,3,39,53,180,300,3,5
7740,12,18,12,1,3,3,29,65,60,180,4,5
7741,4,18,5,1,3,1,67,5,0,300,3,5
7742,3,392,3,2,3,2,100,8,420,540,3,5
7743,1,376,2,1,3,1,52,67,60,180,1,5
7744,5,329,6,2,3,1,6,37,420,540,2,5
7745,1,365,1,2,3,1,54,23,420,540,1,5
7746,11,255,11,2,3,2,63,85,300,600,2,5
7747,5,291,5,2,3,2,80,29,420,540,4,5
7748,2,370,3,1,3,1,33,81,180,300,3,5
7749,6,189,6,2,3,1,20,76,420,540,4,5
7750,3,357,3,2,3,3,25,29,420,540,1,5
7751,7,104,8,1,3,2,49,13,180,300,2,5
7752,2,382,2,2,3,3,53,82,420,540,2,5
7753,5,200,5,2,3,3,85,11,420,540,4,5
7754,11,151,11,1,3,3,59,0,180,300,3,5
7755,14,547,16,1,3,2,81,87,60,180,4,5
7756,3,517,5,1,3,1,0,80,180,300,4,5
7757,9,78,9,1,3,1,86,69,180,300,2,5
7758,3,260,4,1,3,1,86,49,180,300,2,5
7759,4,497,5,1,3,2,22,93,0,300,3,5
7760,10,167,10,1,3,2,62,11,180,300,3,5
7761,12,318,13,1,3,3,0,93,0,300,2,5
7762,1,88,1,1,3,3,91,15,180,300,4,5
7763,9,349,9,2,3,1,57,9,420,540,1,5
7764,7,403,7,2,3,3,60,8,420,540,2,5
7765,12,232,12,2,3,1,100,25,300,600,2,5
7766,7,26,9,1,3,1,90,57,60,180,1,5
7767,5,344,6,1,3,1,56,40,60,180,1,5
7768,9,40,10,1,3,2,69,74,180,300,4,5
7769,6,279,6,2,3,2,11,18,420,540,3,5
7770,4,580,6,1,3,2,63,62,0,300,4,5
7771,14,317,14,2,3,2,32,99,420,540,3,5
7772,11,213,12,1,3,2,40,84,60,180,3,5
7773,7,39,7,1,3,3,47,35,60,180,1,5
7774,12,32,12,1,3,2,33,79,60,180,2,5
7775,10,217,10,2,3,1,85,36,300,600,2,5
7776,8,556,10,1,3,1,73,60,180,300,1,5
7777,1,549,3,1,3,3,58,9,180,300,4,5
7778,8,76,8,1,3,1,46,55,180,300,1,5
7779,3,77,3,1,3,2,10,23,180,300,3,5
7780,14,401,15,1,3,3,21,28,180,300,1,5
7781,9,2,9,1,3,1,78,12,60,180,1,5
7782,5,46,5,1,3,3,86,36,60,180,3,5
7783,13,126,13,1,3,3,85,20,180,300,3,5
7784,14,63,15,1,3,3,21,81,180,300,4,5
7785,14,313,14,2,3,3,21,34,420,540,3,5
7786,4,306,4,2,3,2,96,28,420,540,1,5
7787,1,157,1,1,3,1,96,50,180,300,2,5
7788,8,86,8,1,3,1,17,19,180,300,3,5
7789,14,487,16,1,3,1,2,59,0,300,3,5
7790,14,220,14,2,3,1,25,10,420,540,2,5
7791,7,180,7,1,3,3,67,65,180,300,3,5
7792,7,333,7,2,3,1,77,15,420,540,2,5
7793,12,231,12,2,3,1,93,59,300,600,1,5
7794,8,555,10,1,3,1,37,79,0,300,2,5
7795,13,414,13,2,3,3,14,90,420,540,3,5
7796,8,89,8,1,3,2,49,43,180,300,4,5
7797,14,242,15,1,3,1,62,91,60,180,1,5
7798,8,397,8,2,3,1,52,7,420,540,3,5
7799,1,166,1,1,3,1,62,88,180,300,2,5
7800,8,581,10,2,3,3,30,43,300,600,3,5
7801,14,102,16,1,3,1,15,18,180,300,4,5
7802,12,121,12,2,3,3,10,50,180,300,2,5
7803,9,370,9,2,3,1,28,54,420,540,2,5
7804,13,165,14,1,3,3,51,51,180,300,1,5
7805,9,471,11,1,3,3,83,71,180,300,1,5
7806,4,531,6,1,3,3,99,30,180,300,2,5
7807,11,366,12,1,3,1,44,60,0,300,2,5
7808,2,61,2,1,3,1,5,11,180,300,2,5
7809,11,193,11,2,3,1,67,15,300,420,3,5
7810,4,457,5,1,3,3,50,83,180,300,2,5
7811,2,206,3,1,3,3,36,4,0,300,3,5
7812,10,419,10,2,3,2,37,25,420,540,2,5
7813,5,128,5,1,3,1,22,88,180,300,1,5
7814,6,153,7,1,3,3,95,52,0,300,3,5
7815,13,266,13,2,3,3,50,89,420,540,3,5
7816,10,554,11,1,3,3,79,17,0,300,3,5
7817,3,527,5,1,3,1,23,21,0,300,3,5
7818,9,329,9,2,3,3,53,9,420,540,1,5
7819,10,473,11,2,3,2,43,4,60,180,2,5
7820,11,134,11,1,3,3,68,44,180,300,1,5
7821,3,17,3,1,3,2,8,51,60,180,1,5
7822,2,443,3,1,3,1,93,52,60,180,4,5
7823,12,101,12,1,3,1,10,70,180,300,2,5
7824,4,46,4,1,3,1,91,4,60,180,1,5
7825,10,569,11,1,3,1,10,93,60,180,1,5
7826,11,232,12,1,3,3,40,60,60,180,4,5
7827,8,464,9,1,3,1,26,78,60,180,4,5
7828,1,401,1,2,3,2,61,93,420,540,1,5
7829,2,191,3,1,3,3,31,85,60,180,1,5
7830,6,172,7,1,3,3,73,64,180,300,3,5
7831,9,336,9,2,3,3,92,93,420,540,2,5
7832,6,175,6,2,3,1,8,51,180,300,3,5
7833,9,26,10,1,3,1,67,68,180,300,1,5
7834,2,554,4,1,3,1,26,45,0,300,2,5
7835,4,189,4,2,3,3,17,67,300,600,3,5
7836,5,166,5,1,3,1,38,53,180,300,1,5
7837,2,373,2,2,3,1,50,55,420,540,1,5
7838,8,532,10,1,3,2,41,51,180,300,3,5
7839,13,204,13,2,3,2,63,71,300,600,1,5
7840,3,563,4,1,3,1,5,17,180,300,2,5
7841,11,205,12,1,3,1,99,39,0,300,4,5
7842,4,394,4,2,3,3,76,18,420,540,4,5
7843,2,344,3,1,3,2,37,66,60,180,3,5
7844,3,185,3,2,3,1,91,81,420,540,4,5
7845,9,64,11,1,3,1,99,99,60,180,2,5
7846,12,365,12,2,3,1,67,21,420,540,3,5
7847,10,143,10,1,3,1,36,44,180,300,3,5
7848,7,579,8,1,3,1,88,8,60,180,2,5
7849,7,134,7,1,3,3,18,52,180,300,1,5
7850,2,359,3,1,3,2,96,68,180,300,2,5
7851,6,413,6,2,3,3,37,45,420,540,3,5
7852,7,467,8,1,3,2,92,85,0,300,2,5
7853,1,207,2,1,3,3,12,18,60,180,2,5
7854,4,196,6,1,3,2,74,5,0,300,1,5
7855,11,236,12,1,3,2,30,4,180,300,2,5
7856,7,485,8,1,3,1,45,21,60,180,1,5
7857,2,155,2,1,3,2,49,44,180,300,4,5
7858,6,526,8,1,3,2,100,35,0,300,4,5
7859,12,265,12,2,3,2,65,57,300,600,2,5
7860,12,553,13,1,3,3,76,32,60,180,3,5
7861,1,153,2,1,3,1,54,80,60,180,2,5
7862,2,31,3,1,3,1,30,80,180,300,3,5
7863,13,229,13,2,3,3,28,48,420,540,3,5
7864,6,109,8,1,3,1,2,87,180,300,1,5
7865,7,322,7,2,3,1,70,58,420,540,1,5
7866,8,474,9,1,3,1,90,78,60,180,3,5
7867,2,587,4,1,3,2,81,74,180,300,2,5
7868,9,310,10,1,3,2,67,77,60,180,2,5
7869,6,40,7,1,3,3,50,2,180,300,2,5
7870,6,245,7,1,3,3,99,95,60,180,3,5
7871,2,58,3,1,3,1,34,39,180,300,1,5
7872,7,380,7,2,3,1,36,40,420,540,4,5
7873,10,514,12,1,3,1,3,79,60,180,2,5
7874,2,129,3,1,3,3,7,25,180,300,4,5
7875,1,128,1,1,3,3,16,20,180,300,2,5
7876,7,217,8,1,3,2,10,75,180,300,4,5
7877,11,403,11,2,3,2,50,2,420,540,4,5
7878,6,395,6,2,3,1,98,38,420,540,2,5
7879,13,279,13,2,3,2,86,12,420,540,1,5
7880,5,244,6,1,3,3,47,25,180,300,3,5
7881,12,251,12,2,3,2,91,87,300,420,4,5
7882,8,578,10,1,3,1,23,47,0,300,4,5
7883,12,20,12,1,3,2,12,12,60,180,2,5
7884,8,478,10,1,3,2,97,15,60,180,3,5
7885,9,107,10,1,3,3,6,79,60,180,2,5
7886,12,179,12,1,3,1,98,6,180,300,1,5
7887,8,199,8,2,3,1,98,21,300,420,3,5
7888,3,550,5,1,3,3,87,70,180,300,4,5
7889,9,122,9,1,3,2,18,83,180,300,4,5
7890,1,142,1,1,3,3,10,96,180,300,4,5
7891,7,313,7,2,3,1,83,100,420,540,2,5
7892,4,568,6,1,3,3,8,95,60,180,2,5
7893,4,122,4,1,3,3,96,38,180,300,3,5
7894,6,431,7,1,3,1,53,51,180,300,1,5
7895,3,246,3,2,3,2,97,51,420,540,4,5
7896,5,298,5,2,3,1,81,92,300,420,3,5
7897,13,157,14,1,3,3,89,21,180,300,1,5
7898,3,428,5,1,3,2,16,54,60,180,2,5
7899,1,100,1,1,3,2,84,63,180,300,1,5
7900,12,4,12,1,3,3,92,31,60,180,2,5
7901,7,519,9,1,3,2,54,1,180,300,2,5
7902,7,120,7,1,3,3,4,28,180,300,2,5
7903,12,61,13,1,3,1,93,38,0,300,4,5
7904,4,332,5,1,3,3,75,72,180,300,3,5
7905,12,6,12,1,3,3,33,80,60,180,2,5
7906,10,110,10,1,3,1,94,74,180,300,2,5
7907,8,191,8,2,3,3,68,29,420,540,2,5
7908,11,560,12,1,3,2,51,5,60,180,3,5
7909,3,149,3,1,3,2,32,18,180,300,2,5
7910,8,154,9,1,3,2,60,75,60,180,3,5
7911,13,291,15,1,3,1,41,32,0,300,1,5
7912,1,447,3,1,3,3,75,59,60,180,2,5
7913,3,261,3,2,3,2,0,16,300,420,1,5
7914,14,559,16,1,3,2,27,79,180,300,3,5
7915,10,576,12,1,3,1,87,32,180,300,1,5
7916,14,401,14,2,3,2,21,49,420,540,1,5
7917,8,272,10,1,3,1,69,65,60,180,3,5
7918,9,347,9,2,3,1,91,94,420,540,1,5
7919,11,544,12,1,3,3,95,15,180,300,1,5
7920,10,344,11,1,3,2,3,29,0,300,1,5
7921,8,181,8,2,3,1,67,28,300,420,4,5
7922,11,595,13,1,3,1,80,8,180,300,2,5
7923,14,469,15,1,3,2,65,40,60,180,1,5
7924,13,428,14,1,3,2,31,45,180,300,3,5
7925,4,199,5,2,3,3,19,81,420,540,2,5
7926,8,377,8,2,3,2,12,38,420,540,3,5
7927,4,132,4,1,3,3,33,34,180,300,3,5
7928,4,188,4,2,3,1,26,8,300,420,4,5
7929,2,239,2,2,3,1,18,4,420,540,2,5
7930,1,506,3,2,3,1,81,3,60,180,2,5
7931,6,82,7,1,3,2,67,57,0,300,3,5
7932,6,535,7,1,3,3,34,18,60,180,1,5
7933,3,462,4,1,3,1,51,54,60,180,1,5
7934,13,176,14,1,3,3,10,11,60,180,2,5
7935,9,463,10,1,3,1,89,79,60,180,3,5
7936,2,64,2,1,3,1,66,5,180,300,3,5
7937,14,414,14,2,3,2,100,73,420,540,2,5
7938,11,561,12,1,3,1,58,32,60,180,2,5
7939,6,521,8,1,3,3,63,92,180,300,4,5
7940,13,363,13,2,3,2,6,37,420,540,2,5
7941,3,227,3,2,3,2,57,66,420,540,2,5
7942,14,565,16,1,3,2,77,59,180,300,2,5
7943,14,572,16,1,3,1,33,9,60,180,1,5
7944,11,203,11,2,3,3,86,61,420,540,1,5
7945,9,519,10,1,3,3,2,85,0,300,2,5
7946,10,89,10,1,3,3,10,27,180,300,3,5
7947,12,299,12,2,3,1,85,64,420,540,2,5
7948,2,287,3,1,3,3,34,96,180,300,1,5
7949,9,258,9,2,3,1,52,80,420,540,2,5
7950,1,542,2,1,3,3,57,66,60,180,1,5
7951,1,262,1,2,3,1,91,84,420,540,3,5
7952,14,479,16,1,3,2,33,11,60,180,1,5
7953,13,269,13,2,3,3,74,86,420,540,4,5
7954,8,487,9,1,3,2,3,89,0,300,2,5
7955,12,336,13,1,3,3,87,28,60,180,1,5
7956,14,484,15,1,3,3,22,97,180,300,3,5
7957,11,111,11,1,3,1,51,39,180,300,1,5
7958,9,309,11,1,3,2,15,89,60,180,3,5
7959,10,559,12,1,3,1,99,88,180,300,4,5
7960,10,78,11,1,3,2,79,42,180,300,2,5
7961,14,141,14,1,3,2,88,84,180,300,2,5
7962,9,39,10,1,3,3,10,51,0,300,2,5
7963,9,521,10,1,3,1,39,12,60,180,1,5
7964,6,190,6,2,3,1,31,47,300,420,2,5
7965,4,296,5,1,3,1,16,7,0,300,3,5
7966,5,454,6,1,3,3,9,85,180,300,2,5
7967,2,42,3,1,3,3,23,39,0,300,1,5
7968,2,489,3,1,3,3,58,96,60,180,1,5
7969,10,349,11,1,3,1,2,2,60,180,3,5
7970,10,168,10,1,3,3,78,82,180,300,1,5
7971,9,122,9,1,3,1,20,14,180,300,2,5
7972,10,478,12,1,3,3,33,15,60,180,2,5
7973,5,63,5,1,3,1,66,24,180,300,2,5
7974,4,200,5,1,3,3,24,30,0,300,4,5
7975,3,12,3,2,3,3,72,47,60,180,1,5
7976,3,514,4,1,3,1,37,84,60,180,2,5
7977,10,42,10,1,3,2,23,69,60,180,1,5
7978,1,524,3,1,3,1,11,7,0,300,1,5
7979,11,236,11,2,3,3,82,54,420,540,4,5
7980,7,559,9,1,3,3,79,93,0,300,3,5
7981,8,443,9,1,3,2,63,87,180,300,2,5
7982,7,242,8,1,3,3,31,6,60,180,3,5
7983,8,438,10,1,3,1,13,20,0,300,3,5
7984,13,377,14,1,3,2,45,91,60,180,2,5
7985,14,189,15,1,3,1,4,96,180,300,4,5
7986,5,190,5,2,3,3,15,88,420,540,1,5
7987,5,214,6,1,3,1,17,78,0,300,2,5
7988,8,308,8,2,3,2,62,25,420,540,3,5
7989,4,265,4,2,3,2,24,0,420,540,3,5
7990,4,550,5,1,3,3,91,22,0,300,3,5
7991,14,160,14,1,3,1,52,23,180,300,1,5
7992,8,16,8,1,3,1,64,80,60,180,3,5
7993,7,202,7,2,3,3,74,58,300,420,3,5
7994,13,512,14,1,3,1,62,49,0,300,2,5
7995,8,414,8,2,3,2,17,2,420,540,1,5
7996,8,416,8,2,3,1,52,82,420,540,3,5
7997,11,501,12,1,3,3,35,91,60,180,2,5
7998,2,192,2,2,3,1,88,99,420,540,3,5
7999,6,475,8,1,3,2,39,30,0,300,3,5
8000,4,483,5,1,3,3,74,71,60,180,4,5
8001,14,351,14,2,3,3,60,48,420,540,4,5
8002,4,159,4,1,3,3,28,60,180,300,1,5
8003,7,525,9,1,3,1,34,22,180,300,2,5
8004,6,217,6,2,3,3,70,21,420,540,4,5
8005,8,194,8,2,3,2,66,33,300,420,4,5
8006,1,270,2,1,3,1,46,46,60,180,1,5
8007,3,115,5,1,3,2,6,8,180,300,2,5
8008,14,250,15,1,3,1,33,0,180,300,3,5
8009,6,225,7,1,3,3,71,71,60,180,1,5
8010,7,440,8,1,3,1,75,41,180,300,1,5
8011,4,226,4,2,3,2,71,28,420,540,1,5
8012,10,333,11,1,3,2,3,91,60,180,3,5
8013,6,62,7,1,3,1,69,7,60,180,3,5
8014,8,577,9,1,3,3,48,16,0,300,4,5
8015,2,2,2,1,3,2,33,7,60,180,4,5
8016,11,414,11,2,3,1,54,82,420,540,1,5
8017,10,16,10,1,3,1,70,41,60,180,4,5
8018,14,488,16,1,3,2,52,5,0,300,2,5
8019,13,58,13,1,3,3,39,71,60,180,4,5
8020,13,76,14,1,3,3,90,22,60,180,4,5
8021,5,405,5,2,3,3,11,19,420,540,4,5
8022,13,160,13,1,3,1,86,36,180,300,1,5
8023,9,494,10,1,3,3,88,96,0,300,3,5
8024,3,368,3,2,3,3,53,96,420,540,1,5
8025,6,9,7,1,3,1,6,25,60,180,4,5
8026,14,362,14,2,3,3,38,50,420,540,4,5
8027,8,64,8,1,3,1,73,12,180,300,3,5
8028,5,568,7,1,3,2,36,7,60,180,2,5
8029,13,194,13,2,3,3,4,93,420,540,4,5
8030,9,582,10,1,3,1,4,82,0,300,1,5
8031,5,309,6,1,3,1,55,86,60,180,3,5
8032,8,64,8,1,3,3,54,38,180,300,4,5
8033,9,212,9,2,3,2,55,65,300,420,1,5
8034,10,119,10,1,3,3,56,87,180,300,4,5
8035,10,95,10,1,3,3,99,89,180,300,2,5
8036,6,563,8,1,3,3,100,45,0,300,1,5
8037,9,187,10,1,3,1,73,31,60,180,4,5
8038,4,78,5,1,3,2,31,14,180,300,2,5
8039,2,447,4,1,3,2,22,74,60,180,1,5
8040,10,354,10,2,3,3,69,65,420,540,4,5
8041,5,180,5,1,3,1,13,59,180,300,2,5
8042,14,155,14,2,3,3,27,9,180,300,2,5
8043,9,489,11,1,3,3,18,26,0,300,1,5
8044,1,293,2,1,3,2,72,89,180,300,3,5
8045,5,64,6,1,3,2,95,94,0,300,1,5
8046,12,527,14,1,3,1,94,83,180,300,1,5
8047,14,293,14,2,3,3,30,26,420,540,2,5
8048,2,52,2,1,3,3,85,31,60,180,1,5
8049,2,312,2,2,3,3,57,19,420,540,4,5
8050,14,333,16,1,3,3,8,80,60,180,3,5
8051,2,12,2,1,3,2,50,32,60,180,1,5
8052,12,226,12,2,3,3,44,54,300,420,4,5
8053,6,403,7,1,3,1,57,56,0,300,3,5
8054,5,34,6,1,3,1,68,92,60,180,4,5
8055,13,349,13,2,3,1,6,41,420,540,4,5
8056,8,304,9,1,3,3,15,91,60,180,4,5
8057,14,214,14,2,3,1,41,76,300,420,1,5
8058,10,199,10,2,3,1,16,7,420,540,3,5
8059,1,29,1,1,3,2,29,5,60,180,4,5
8060,2,312,2,2,3,2,50,22,420,540,4,5
8061,6,377,8,1,3,2,57,11,0,300,1,5
8062,14,256,14,2,3,3,66,15,300,600,1,5
8063,1,288,1,2,3,2,13,58,420,540,2,5
8064,2,233,2,2,3,3,15,100,420,540,3,5
8065,6,447,7,1,3,2,77,0,0,300,2,5
8066,4,463,6,2,3,1,39,14,60,180,4,5
8067,12,63,12,1,3,2,57,63,180,300,1,5
8068,11,201,11,2,3,2,10,69,420,540,1,5
8069,4,540,5,1,3,3,75,46,0,300,1,5
8070,1,565,3,1,3,2,29,49,180,300,1,5
8071,1,287,2,1,3,1,51,36,180,300,3,5
8072,8,29,9,1,3,1,79,61,60,180,3,5
8073,4,10,5,1,3,1,9,64,60,180,3,5
8074,14,150,14,2,3,2,96,36,300,420,1,5
8075,14,80,15,1,3,1,96,58,0,300,3,5
8076,11,336,11,2,3,3,40,48,420,540,2,5
8077,10,586,11,1,3,2,45,31,0,300,1,5
8078,7,99,7,1,3,1,9,51,180,300,1,5
8079,7,273,8,1,3,2,40,37,180,300,1,5
8080,5,354,5,2,3,3,59,9,420,540,3,5
8081,3,279,4,1,3,1,67,15,0,300,1,5
8082,6,229,6,2,3,3,83,44,300,420,1,5
8083,10,386,11,1,3,2,0,70,0,300,2,5
8084,4,118,4,1,3,2,23,62,180,300,2,5
8085,3,538,5,1,3,3,55,62,0,300,3,5
8086,2,67,3,1,3,2,7,71,0,300,2,5
8087,4,542,6,1,3,3,85,47,0,300,2,5
8088,4,85,4,1,3,3,51,20,180,300,1,5
8089,3,444,4,1,3,1,28,70,0,300,2,5
8090,7,126,8,1,3,2,38,35,0,300,1,5
8091,8,207,9,2,3,1,98,28,180,300,2,5
8092,14,116,15,1,3,2,60,14,60,180,2,5
8093,10,346,10,2,3,2,82,91,420,540,1,5
8094,14,517,15,1,3,1,89,53,0,300,2,5
8095,7,410,7,2,3,2,66,76,420,540,2,5
8096,9,157,9,1,3,2,83,0,180,300,3,5
8097,11,392,11,2,3,2,17,47,420,540,2,5
8098,5,264,5,2,3,1,97,50,420,540,3,5
8099,12,251,12,2,3,2,27,30,300,420,4,5
8100,2,17,2,1,3,1,100,12,60,180,4,5
8101,2,410,2,2,3,1,12,69,420,540,2,5
8102,2,248,3,1,3,2,11,76,60,180,2,5
8103,7,275,8,1,3,2,63,37,60,180,1,5
8104,2,580,4,1,3,1,11,76,0,300,3,5
8105,1,229,1,2,3,3,31,16,300,600,4,5
8106,4,310,4,2,3,1,56,77,420,540,3,5
8107,2,99,2,1,3,1,96,33,180,300,4,5
8108,8,119,8,1,3,2,90,39,180,300,2,5
8109,14,461,15,1,3,1,78,90,0,300,1,5
8110,5,106,5,1,3,3,6,80,180,300,2,5
8111,9,144,9,1,3,2,64,25,180,300,3,5
8112,9,480,10,1,3,3,11,34,60,180,3,5
8113,12,100,12,1,3,1,13,7,180,300,2,5
8114,9,314,9,2,3,1,4,38,420,540,3,5
8115,12,297,12,2,3,2,68,27,300,600,1,5
8116,6,59,7,1,3,2,79,30,180,300,1,5
8117,2,430,4,1,3,2,91,7,0,300,4,5
8118,14,66,14,1,3,3,79,73,180,300,3,5
8119,3,369,3,2,3,2,22,77,420,540,1,5
8120,12,84,12,1,3,1,74,65,180,300,2,5
8121,1,360,2,1,3,1,53,52,180,300,4,5
8122,1,280,1,2,3,2,42,89,420,540,2,5
8123,14,36,14,1,3,2,35,27,60,180,4,5
8124,10,70,11,1,3,3,9,83,0,300,4,5
8125,11,549,12,1,3,3,81,78,0,300,3,5
8126,3,165,3,1,3,3,75,43,180,300,3,5
8127,2,260,3,1,3,3,25,88,0,300,3,5
8128,1,443,3,1,3,2,64,79,0,300,3,5
8129,1,213,1,2,3,1,56,57,420,540,3,5
8130,7,494,8,1,3,1,61,39,60,180,4,5
8131,14,318,14,2,3,2,88,80,420,540,1,5
8132,4,545,6,1,3,2,4,67,180,300,4,5
8133,13,481,15,1,3,3,1,65,60,180,3,5
8134,8,190,8,2,3,3,95,56,420,540,2,5
8135,1,581,2,1,3,2,52,95,60,180,1,5
8136,4,453,5,1,3,2,42,69,180,300,1,5
8137,6,170,6,2,3,2,85,3,420,540,3,5
8138,9,588,11,1,3,1,86,99,60,180,2,5
8139,2,466,4,1,3,2,28,15,60,180,2,5
8140,4,521,6,1,3,3,24,58,180,300,2,5
8141,10,232,11,1,3,2,54,43,60,180,4,5
8142,11,18,12,1,3,2,86,28,0,300,2,5
8143,12,366,12,2,3,3,56,80,420,540,2,5
8144,12,150,13,1,3,2,84,24,60,180,2,5
8145,1,69,1,1,3,1,31,22,180,300,1,5
8146,1,583,3,1,3,1,5,66,180,300,1,5
8147,9,441,10,1,3,2,4,15,60,180,1,5
8148,11,257,12,1,3,1,10,71,60,180,1,5
8149,3,535,4,1,3,1,71,99,180,300,2,5
8150,14,96,15,1,3,1,94,20,60,180,3,5
8151,7,527,9,1,3,2,24,81,60,180,3,5
8152,8,140,8,1,3,1,23,72,180,300,4,5
8153,3,580,4,1,3,3,38,12,0,300,2,5
8154,12,252,13,1,3,3,28,50,180,300,3,5
8155,12,452,13,1,3,3,36,21,60,180,1,5
8156,7,212,8,1,3,1,82,23,0,300,4,5
8157,9,532,11,1,3,1,38,35,180,300,1,5
8158,4,21,4,1,3,2,1,22,60,180,4,5
8159,9,266,10,1,3,1,12,21,180,300,2,5
8160,13,451,14,1,3,2,32,60,180,300,2,5
8161,12,426,13,1,3,1,90,90,180,300,3,5
8162,3,400,3,2,3,2,31,89,420,540,2,5
8163,6,505,8,1,3,3,64,71,0,300,2,5
8164,8,488,9,1,3,1,24,41,60,180,2,5
8165,5,201,5,2,3,1,9,74,420,540,2,5
8166,3,313,4,1,3,2,54,83,180,300,2,5
8167,4,34,4,1,3,1,76,29,60,180,2,5
8168,8,186,10,1,3,1,22,91,0,300,1,5
8169,7,518,8,1,3,3,93,37,180,300,3,5
8170,11,112,12,1,3,3,98,7,180,300,2,5
8171,2,401,3,1,3,1,21,93,180,300,3,5
8172,3,393,3,2,3,3,67,19,420,540,3,5
8173,5,200,6,1,3,1,10,52,180,300,3,5
8174,6,581,8,1,3,2,79,88,0,300,4,5
8175,12,76,13,1,3,3,34,60,60,180,3,5
8176,3,179,3,1,3,1,88,9,180,300,4,5
8177,1,492,3,1,3,1,80,61,0,300,3,5
8178,2,144,2,1,3,1,84,2,180,300,3,5
8179,9,377,11,1,3,1,74,24,180,300,2,5
8180,7,349,7,2,3,1,48,4,420,540,3,5
8181,7,222,7,2,3,1,54,20,300,600,3,5
8182,6,127,7,1,3,3,82,77,60,180,1,5
8183,14,367,14,2,3,1,74,42,420,540,2,5
8184,9,81,10,1,3,1,44,46,60,180,1,5
8185,1,70,1,1,3,2,30,25,180,300,3,5
8186,1,488,3,1,3,3,18,9,0,300,4,5
8187,1,369,2,1,3,3,76,10,180,300,3,5
8188,13,363,14,1,3,1,72,84,0,300,1,5
8189,14,112,14,2,3,2,79,55,420,540,4,5
8190,9,36,9,1,3,1,55,54,60,180,1,5
8191,7,289,7,2,3,1,18,37,300,420,3,5
8192,14,512,16,1,3,2,50,63,0,300,2,5
8193,14,398,14,2,3,1,62,59,420,540,3,5
8194,3,157,3,1,3,2,98,30,180,300,2,5
8195,2,326,3,1,3,1,49,25,180,300,1,5
8196,14,54,14,1,3,3,51,88,60,180,2,5
8197,8,538,9,1,3,2,46,21,60,180,3,5
8198,1,73,2,1,3,2,43,36,180,300,1,5
8199,11,545,13,1,3,2,0,66,180,300,3,5
8200,14,555,15,1,3,1,28,79,180,300,2,5
8201,4,329,5,1,3,1,96,81,180,300,1,5
8202,5,121,5,1,3,1,70,20,180,300,2,5
8203,7,120,7,1,3,1,19,48,180,300,4,5
8204,6,253,6,2,3,2,25,87,420,540,4,5
8205,1,483,2,1,3,3,85,6,0,300,2,5
8206,13,16,14,1,3,3,61,95,0,300,4,5
8207,14,117,14,1,3,3,38,29,180,300,4,5
8208,14,195,15,1,3,1,3,51,180,300,4,5
8209,6,412,6,2,3,1,3,4,420,540,1,5
8210,5,493,7,1,3,2,3,97,60,180,2,5
8211,3,382,3,2,3,2,31,68,420,540,1,5
8212,6,15,7,1,3,3,4,42,0,300,1,5
8213,9,450,11,1,3,2,95,36,180,300,4,5
8214,7,361,7,2,3,3,78,8,420,540,1,5
8215,4,66,4,1,3,3,32,5,180,300,4,5
8216,1,525,2,1,3,2,68,91,0,300,3,5
8217,5,219,5,2,3,1,95,54,300,600,3,5
8218,2,242,2,2,3,3,100,34,300,600,1,5
8219,4,142,4,1,3,2,6,6,180,300,4,5
8220,7,452,9,1,3,3,18,49,180,300,3,5
8221,6,228,6,2,3,3,60,13,300,600,1,5
8222,9,3,10,1,3,1,87,32,180,300,4,5
8223,2,186,4,1,3,2,16,56,0,300,4,5
8224,12,364,12,2,3,1,64,49,420,540,1,5
8225,2,286,3,1,3,1,42,71,60,180,1,5
8226,3,531,5,1,3,2,65,92,0,300,4,5
8227,5,293,5,2,3,3,44,85,300,420,2,5
8228,13,31,13,1,3,1,66,86,60,180,3,5
8229,7,416,7,2,3,2,38,44,420,540,2,5
8230,8,421,10,1,3,2,19,46,0,300,2,5
8231,12,165,12,1,3,3,10,74,180,300,4,5
8232,7,345,7,2,3,3,18,16,420,540,3,5
8233,8,118,8,1,3,1,67,91,180,300,4,5
8234,3,416,5,1,3,1,85,60,0,300,3,5
8235,9,466,11,1,3,3,25,49,60,180,3,5
8236,12,418,13,1,3,1,45,17,0,300,4,5
8237,8,267,8,2,3,2,1,56,420,540,3,5
8238,11,70,13,1,3,2,7,42,0,300,1,5
8239,6,85,6,1,3,2,31,68,180,300,2,5
8240,9,170,9,1,3,1,93,9,180,300,4,5
8241,9,562,10,1,3,1,86,5,60,180,1,5
8242,6,210,6,2,3,1,9,6,420,540,4,5
8243,11,57,12,1,3,3,36,10,180,300,3,5
8244,13,275,14,1,3,1,89,52,180,300,2,5
8245,1,445,3,1,3,3,63,68,60,180,2,5
8246,7,123,7,1,3,2,11,4,180,300,4,5
8247,5,384,5,2,3,3,86,94,420,540,3,5
8248,12,368,13,1,3,1,19,98,180,300,1,5
8249,2,526,3,1,3,2,48,23,0,300,2,5
8250,7,545,8,1,3,3,26,31,60,180,4,5
8251,12,425,13,1,3,2,23,99,60,180,1,5
8252,2,547,3,1,3,3,92,90,180,300,2,5
8253,6,146,6,1,3,2,36,57,180,300,1,5
8254,14,357,14,2,3,3,22,81,420,540,3,5
8255,12,84,13,1,3,3,62,71,180,300,3,5
8256,7,251,8,1,3,1,33,95,180,300,2,5
8257,4,498,5,1,3,3,36,77,0,300,1,5
8258,13,504,14,1,3,1,70,58,180,300,1,5
8259,12,506,13,1,3,3,34,95,0,300,3,5
8260,5,32,6,1,3,1,10,38,60,180,4,5
8261,8,329,8,2,3,1,12,13,420,540,2,5
8262,12,281,12,2,3,3,9,37,420,540,2,5
8263,3,16,3,1,3,1,60,84,60,180,4,5
8264,4,93,4,1,3,1,18,33,180,300,4,5
8265,8,18,8,1,3,3,40,51,60,180,3,5
8266,10,218,11,1,3,3,32,7,0,300,2,5
8267,9,356,10,1,3,3,74,72,60,180,3,5
8268,14,557,16,1,3,1,92,24,0,300,2,5
8269,4,522,6,1,3,3,60,27,180,300,3,5
8270,13,578,15,1,3,1,74,1,180,300,3,5
8271,10,110,12,1,3,1,65,86,60,180,1,5
8272,13,3,14,1,3,3,13,53,180,300,3,5
8273,12,261,12,2,3,1,31,26,300,420,4,5
8274,3,221,4,1,3,3,24,32,60,180,4,5
8275,2,94,2,1,3,1,61,98,180,300,4,5
8276,11,588,12,1,3,2,67,3,0,300,1,5
8277,6,94,6,1,3,1,36,11,180,300,2,5
8278,5,592,7,1,3,2,90,99,60,180,1,5
8279,6,354,8,1,3,3,46,88,180,300,3,5
8280,7,108,8,1,3,3,81,4,60,180,1,5
8281,11,278,11,2,3,2,98,74,420,540,3,5
8282,8,5,9,1,3,2,4,14,0,300,3,5
8283,3,193,3,2,3,3,37,58,420,540,3,5
8284,5,191,6,1,3,2,47,100,180,300,1,5
8285,13,93,13,1,3,2,54,72,180,300,4,5
8286,1,258,1,2,3,1,23,92,300,420,3,5
8287,13,358,13,2,3,2,97,24,420,540,2,5
8288,10,285,11,1,3,3,33,49,60,180,1,5
8289,10,349,10,2,3,1,84,20,420,540,1,5
8290,12,156,12,1,3,1,83,50,180,300,2,5
8291,5,128,6,1,3,3,73,6,0,300,1,5
8292,4,502,5,1,3,1,95,60,0,300,4,5
8293,5,52,7,1,3,2,0,51,180,300,3,5
8294,2,520,4,1,3,3,18,47,60,180,2,5
8295,9,400,10,1,3,1,24,37,180,300,2,5
8296,2,262,2,2,3,2,56,9,420,540,1,5
8297,4,194,4,2,3,2,52,98,300,420,2,5
8298,8,589,10,1,3,2,29,33,180,300,3,5
8299,8,355,8,2,3,2,15,48,420,540,1,5
8300,4,153,4,1,3,1,100,48,180,300,4,5
8301,1,507,3,1,3,2,0,37,60,180,3,5
8302,7,312,7,2,3,2,76,50,420,540,2,5
8303,6,183,6,2,3,1,46,52,300,420,2,5
8304,6,32,6,1,3,3,66,81,60,180,3,5
8305,3,101,4,2,3,1,85,7,60,180,3,5
8306,10,382,10,2,3,2,6,74,420,540,4,5
8307,11,132,11,1,3,2,57,62,180,300,4,5
8308,11,239,11,2,3,2,9,35,300,600,3,5
8309,2,432,4,1,3,2,43,39,180,300,4,5
8310,3,437,5,1,3,1,83,6,180,300,4,5
8311,2,413,2,2,3,3,39,33,420,540,4,5
8312,4,322,4,2,3,3,67,92,420,540,4,5
8313,2,343,3,1,3,2,64,60,0,300,3,5
8314,5,586,7,1,3,3,30,43,0,300,4,5
8315,8,311,9,2,3,2,56,56,180,300,1,5
8316,4,151,6,1,3,2,32,22,180,300,3,5
8317,12,212,13,1,3,1,91,52,0,300,1,5
8318,9,156,9,2,3,3,69,39,180,300,1,5
8319,13,346,13,2,3,1,46,19,420,540,1,5
8320,12,253,13,1,3,3,68,12,60,180,4,5
8321,3,422,4,1,3,3,57,66,60,180,4,5
8322,2,536,4,1,3,2,17,40,60,180,1,5
8323,6,468,8,1,3,2,31,7,180,300,2,5
8324,11,514,12,1,3,2,7,12,60,180,3,5
8325,2,142,3,1,3,2,83,24,180,300,4,5
8326,13,64,13,2,3,1,48,12,180,300,3,5
8327,10,31,10,1,3,1,3,95,60,180,1,5
8328,8,206,9,1,3,2,49,36,180,300,2,5
8329,9,328,9,2,3,3,72,67,420,540,1,5
8330,13,578,14,1,3,3,21,61,180,300,1,5
8331,3,583,4,1,3,1,43,44,60,180,3,5
8332,10,126,10,1,3,3,5,100,180,300,2,5
8333,2,277,3,1,3,3,76,35,60,180,1,5
8334,5,387,6,1,3,2,13,47,60,180,3,5
8335,5,545,6,1,3,3,77,48,0,300,3,5
8336,5,67,5,1,3,1,43,99,180,300,4,5
8337,6,116,6,1,3,2,40,16,180,300,4,5
8338,3,255,3,2,3,1,63,68,420,540,4,5
8339,5,198,5,2,3,3,72,82,420,540,2,5
8340,14,586,16,1,3,3,55,61,180,300,3,5
8341,1,100,1,1,3,1,73,42,180,300,1,5
8342,12,309,12,2,3,3,31,17,420,540,2,5
8343,12,202,13,1,3,3,92,86,60,180,4,5
8344,7,29,8,1,3,1,37,85,0,300,2,5
8345,5,132,6,1,3,3,44,95,0,300,2,5
8346,13,252,13,2,3,1,54,95,300,600,1,5
8347,5,301,6,1,3,2,85,92,180,300,1,5
8348,4,474,5,1,3,1,76,71,180,300,1,5
8349,7,588,9,1,3,3,85,96,180,300,3,5
8350,14,94,14,2,3,1,25,78,180,300,1,5
8351,14,368,15,1,3,2,23,33,0,300,3,5
8352,5,38,5,1,3,2,72,81,60,180,3,5
8353,1,341,1,2,3,3,29,10,420,540,2,5
8354,6,164,6,1,3,1,89,70,180,300,3,5
8355,6,63,8,1,3,3,56,55,60,180,3,5
8356,8,83,8,1,3,1,95,60,180,300,2,5
8357,4,456,5,1,3,3,35,57,0,300,2,5
8358,14,2,14,1,3,2,0,17,60,180,3,5
8359,2,371,2,2,3,2,13,11,420,540,2,5
8360,4,104,4,1,3,3,8,99,180,300,4,5
8361,12,418,13,1,3,2,59,23,180,300,1,5
8362,9,307,9,2,3,1,11,85,420,540,3,5
8363,13,330,13,2,3,1,5,94,420,540,2,5
8364,2,293,3,1,3,3,23,17,180,300,1,5
8365,7,175,8,1,3,3,54,51,60,180,3,5
8366,7,496,8,1,3,1,56,82,180,300,2,5
8367,2,226,2,2,3,2,28,52,300,420,2,5
8368,9,297,10,1,3,3,76,65,60,180,1,5
8369,12,52,12,1,3,1,74,53,60,180,1,5
8370,11,358,12,1,3,3,0,69,180,300,1,5
8371,6,207,7,1,3,3,3,45,180,300,2,5
8372,13,574,15,1,3,3,82,39,0,300,3,5
8373,12,12,12,1,3,3,18,11,60,180,4,5
8374,9,581,10,1,3,2,45,66,180,300,4,5
8375,12,528,13,1,3,1,6,71,0,300,4,5
8376,7,102,8,1,3,2,64,13,60,180,4,5
8377,1,311,2,1,3,2,53,87,60,180,3,5
8378,4,120,5,1,3,1,29,60,0,300,3,5
8379,4,92,5,1,3,1,80,15,0,300,3,5
8380,8,298,9,1,3,2,66,10,180,300,2,5
8381,10,212,10,2,3,3,73,99,420,540,1,5
8382,4,155,5,1,3,3,45,19,180,300,1,5
8383,8,466,10,1,3,1,30,60,180,300,2,5
8384,8,22,9,1,3,1,8,78,60,180,4,5
8385,10,424,12,1,3,1,65,45,180,300,1,5
8386,1,4,1,1,3,3,25,66,60,180,2,5
8387,1,197,2,2,3,2,85,20,60,180,1,5
8388,5,230,5,2,3,3,48,28,420,540,2,5
8389,5,113,6,1,3,1,9,72,60,180,1,5
8390,13,105,13,1,3,1,58,68,180,300,2,5
8391,11,432,13,1,3,2,79,16,0,300,1,5
8392,5,146,6,1,3,3,6,95,60,180,3,5
8393,3,596,4,1,3,1,99,84,180,300,1,5
8394,2,490,3,1,3,1,63,25,60,180,4,5
8395,6,396,7,1,3,1,27,69,0,300,4,5
8396,13,24,13,1,3,1,19,88,60,180,3,5
8397,1,379,2,1,3,1,56,99,0,300,1,5
8398,8,420,8,2,3,2,45,26,420,540,4,5
8399,9,245,9,2,3,3,3,60,420,540,3,5
8400,3,483,5,1,3,2,69,74,180,300,4,5
8401,9,149,9,1,3,1,34,21,180,300,3,5
8402,8,40,8,1,3,1,49,12,60,180,3,5
8403,5,107,6,1,3,3,100,43,180,300,2,5
8404,7,203,7,2,3,1,20,30,300,420,1,5
8405,9,385,9,2,3,3,58,30,420,540,4,5
8406,1,536,3,1,3,3,93,67,60,180,1,5
8407,12,88,13,1,3,3,1,23,60,180,4,5
8408,2,545,3,1,3,1,28,16,0,300,4,5
8409,14,262,14,2,3,3,28,84,420,540,4,5
8410,6,57,7,1,3,2,53,90,60,180,3,5
8411,5,401,5,2,3,3,86,74,420,540,2,5
8412,4,9,4,1,3,1,55,69,60,180,3,5
8413,6,480,8,1,3,1,21,24,0,300,1,5
8414,10,464,11,1,3,1,55,23,0,300,2,5
8415,8,247,9,1,3,3,12,34,60,180,3,5
8416,8,437,10,1,3,3,65,39,60,180,2,5
8417,7,372,7,2,3,1,17,65,420,540,4,5
8418,13,43,13,1,3,3,63,91,60,180,1,5
8419,1,315,2,1,3,3,13,62,180,300,2,5
8420,5,196,6,1,3,2,46,68,0,300,1,5
8421,13,496,14,1,3,3,60,94,0,300,4,5
8422,3,519,5,1,3,1,55,78,180,300,3,5
8423,5,509,7,1,3,2,79,52,180,300,3,5
8424,7,200,8,1,3,2,90,44,180,300,1,5
8425,5,468,7,1,3,2,28,14,180,300,1,5
8426,10,112,10,1,3,1,66,66,180,300,2,5
8427,5,82,5,1,3,3,25,57,180,300,2,5
8428,9,50,9,1,3,1,4,32,60,180,1,5
8429,9,158,9,1,3,1,62,1,180,300,2,5
8430,12,428,13,1,3,2,15,52,180,300,2,5
8431,1,423,3,1,3,3,10,85,180,300,3,5
8432,9,355,10,1,3,2,75,2,60,180,2,5
8433,7,385,8,1,3,2,68,97,180,300,4,5
8434,12,456,14,1,3,1,2,29,180,300,1,5
8435,8,517,10,1,3,2,5,59,60,180,2,5
8436,6,302,6,2,3,1,19,66,420,540,4,5
8437,1,110,1,1,3,3,76,65,180,300,2,5
8438,6,188,6,2,3,3,16,35,420,540,3,5
8439,6,71,6,1,3,3,60,42,180,300,1,5
8440,3,195,3,2,3,2,18,36,300,420,3,5
8441,13,564,14,1,3,2,81,76,180,300,2,5
8442,5,568,6,1,3,3,84,43,0,300,3,5
8443,12,419,13,1,3,2,23,84,180,300,2,5
8444,14,365,14,2,3,3,89,33,420,540,1,5
8445,13,390,13,2,3,2,87,21,420,540,4,5
8446,10,274,10,2,3,1,66,13,420,540,4,5
8447,3,433,4,1,3,1,14,71,180,300,4,5
8448,4,130,4,1,3,2,33,83,180,300,1,5
8449,12,255,13,1,3,2,35,86,180,300,2,5
8450,11,540,13,1,3,1,4,83,60,180,2,5
8451,1,279,2,1,3,1,64,79,180,300,3,5
8452,6,152,6,1,3,2,86,15,180,300,1,5
8453,5,62,5,1,3,2,8,96,180,300,3,5
8454,11,151,11,1,3,3,73,58,180,300,4,5
8455,8,348,8,2,3,2,41,35,420,540,4,5
8456,11,478,12,2,3,3,11,73,0,300,3,5
8457,5,409,5,2,3,1,97,29,420,540,4,5
8458,9,164,9,1,3,2,11,89,180,300,1,5
8459,7,159,8,1,3,1,19,56,0,300,3,5
8460,13,440,15,1,3,3,62,24,180,300,4,5
8461,12,577,14,1,3,3,30,56,180,300,1,5
8462,11,299,12,1,3,3,74,44,60,180,3,5
8463,6,156,7,1,3,3,54,52,60,180,4,5
8464,3,146,4,1,3,3,12,2,180,300,2,5
8465,9,240,9,2,3,1,90,84,300,600,3,5
8466,14,26,14,1,3,2,48,83,60,180,2,5
8467,11,458,13,2,3,1,82,75,180,300,4,5
8468,7,481,9,1,3,1,15,57,60,180,4,5
8469,4,277,4,2,3,1,91,35,300,420,1,5
8470,4,63,4,1,3,3,57,81,180,300,4,5
8471,1,306,1,2,3,3,23,86,420,540,1,5
8472,12,492,14,1,3,1,69,96,60,180,4,5
8473,4,16,4,1,3,3,43,73,60,180,3,5
8474,8,338,8,2,3,1,88,70,420,540,2,5
8475,13,47,14,1,3,2,41,40,60,180,2,5
8476,2,223,3,1,3,1,95,94,60,180,1,5
8477,11,35,11,1,3,3,65,67,60,180,4,5
8478,4,204,5,1,3,2,99,10,180,300,1,5
8479,11,504,12,2,3,2,97,68,60,180,1,5
8480,9,336,9,2,3,1,14,65,420,540,1,5
8481,7,337,8,1,3,1,80,90,60,180,3,5
8482,7,58,7,1,3,2,43,71,60,180,2,5
8483,7,144,8,1,3,3,91,66,180,300,2,5
8484,5,251,5,2,3,1,69,41,420,540,4,5
8485,11,563,13,1,3,3,14,32,180,300,2,5
8486,3,487,4,1,3,2,94,62,180,300,2,5
8487,9,237,10,1,3,2,35,69,60,180,1,5
8488,9,456,11,1,3,2,44,72,60,180,1,5
8489,8,576,10,1,3,1,11,15,180,300,1,5
8490,11,247,12,1,3,2,42,35,180,300,3,5
8491,13,45,14,1,3,1,59,96,0,300,2,5
8492,8,155,9,1,3,2,68,90,180,300,3,5
8493,12,581,14,1,3,2,67,48,60,180,2,5
8494,1,406,1,2,3,1,53,2,420,540,3,5
8495,1,145,2,1,3,1,72,46,0,300,1,5
8496,2,556,4,1,3,1,46,97,60,180,1,5
8497,12,484,14,2,3,1,54,0,180,300,2,5
8498,2,273,3,1,3,3,34,87,0,300,3,5
8499,2,438,3,1,3,2,14,39,60,180,2,5
8500,12,220,12,2,3,3,26,0,300,420,1,5
8501,11,205,12,1,3,1,20,41,60,180,3,5
8502,6,37,7,1,3,2,92,29,0,300,4,5
8503,7,594,9,1,3,3,15,75,180,300,2,5
8504,6,33,7,1,3,3,96,97,180,300,2,5
8505,10,78,10,1,3,2,63,1,180,300,4,5
8506,13,58,14,1,3,3,50,17,180,300,3,5
8507,7,13,8,1,3,1,93,63,0,300,1,5
8508,6,315,6,2,3,2,68,55,420,540,1,5
8509,10,132,11,1,3,3,37,89,180,300,2,5
8510,14,365,14,2,3,3,66,50,420,540,4,5
1,,,1,1,2,2,37,99,300,600,4,5
2,,,1,1,2,3,83,70,420,540,2,5
3,,,1,1,2,1,81,84,300,600,1,5
4,,,1,1,2,3,97,77,300,600,3,5
5,,,2,2,2,2,86,10,420,540,1,5
6,,,1,1,2,3,29,32,420,540,4,5
7,,,1,1,2,3,91,38,300,600,1,5
8,,,1,1,2,2,100,69,420,540,3,5
9,,,1,1,2,1,11,87,420,540,4,5
10,,,2,2,2,3,16,0,60,180,4,5
11,,,1,1,2,1,100,38,300,600,4,5
12,,,1,1,2,3,24,26,420,540,3,5
13,,,1,1,2,1,81,92,300,600,2,5
14,,,1,1,2,3,23,76,300,600,1,5
15,,,1,1,2,3,47,14,300,600,2,5
16,,,1,1,2,1,15,71,420,540,3,5
17,,,1,1,2,2,70,54,300,600,4,5
18,,,1,1,2,2,42,38,300,600,3,5
19,,,1,1,2,3,73,64,300,600,4,5
20,,,1,1,2,1,59,47,300,600,3,5
21,,,1,1,2,1,0,97,420,540,4,5
22,,,1,1,2,3,0,3,420,540,2,5
23,,,1,1,2,3,76,63,300,600,4,5
24,,,1,1,2,1,10,64,300,600,2,5
25,,,1,1,2,2,36,48,420,540,4,5
26,,,1,1,2,2,78,62,300,600,4,5
27,,,1,1,2,3,53,9,420,540,3,5
28,,,1,1,2,1,18,99,420,540,3,5
29,,,1,1,2,1,8,53,420,540,3,5
30,,,1,1,2,1,94,18,420,540,4,5
31,,,1,1,2,1,22,96,300,600,2,5
32,,,1,1,2,1,77,81,420,540,2,5
33,,,1,1,2,3,82,47,420,540,3,5
34,,,1,1,2,2,45,61,300,600,3,5
35,,,1,1,2,2,10,52,300,600,4,5
36,,,1,1,2,1,18,61,420,540,2,5
37,,,1,1,2,2,45,16,300,600,4,5
38,,,1,1,2,3,58,55,420,540,1,5
39,,,1,1,2,1,75,39,420,540,1,5
40,,,1,1,2,2,98,43,420,540,4,5
41,,,1,1,2,3,43,2,420,540,2,5
42,,,1,1,2,1,22,1,300,600,1,5
43,,,1,1,2,1,55,91,300,600,1,5
44,,,1,1,2,1,24,31,420,540,2,5
45,,,1,1,2,1,85,89,300,600,4,5
46,,,1,1,2,1,58,6,300,600,1,5
47,,,1,1,2,1,47,14,420,540,3,5
48,,,2,2,2,2,33,57,0,300,2,5
49,,,1,1,2,3,57,56,300,600,3,5
50,,,1,1,2,1,84,49,300,600,4,5
51,,,1,1,2,2,14,1,420,540,2,5
52,,,1,1,2,1,4,56,300,600,3,5
53,,,1,1,2,1,12,73,420,540,4,5
54,,,1,1,2,2,25,54,420,540,1,5
55,,,1,1,2,1,12,41,300,600,3,5
56,,,1,1,2,3,91,68,300,600,2,5
57,,,1,1,2,2,94,40,420,540,1,5
58,,,1,1,2,2,70,30,300,600,1,5
59,,,1,1,2,3,76,51,300,600,2,5
60,,,1,1,2,3,70,2,300,600,2,5
61,,,1,1,2,1,4,40,420,540,4,5
62,,,1,1,2,2,52,18,300,600,3,5
63,,,1,1,2,3,31,89,300,600,4,5
64,,,1,1,2,3,21,84,420,540,4,5
65,,,1,1,2,3,70,100,300,600,3,5
66,,,1,1,2,2,1,23,300,600,1,5
67,,,1,1,2,3,73,67,420,540,3,5
68,,,1,1,2,1,73,68,420,540,2,5
69,,,1,1,2,2,2,32,420,540,1,5
70,,,1,1,2,1,20,64,420,540,1,5
71,,,1,1,2,3,43,24,300,600,3,5
72,,,1,1,2,2,93,42,420,540,3,5
73,,,2,2,2,1,7,92,300,600,4,5
74,,,1,1,2,3,15,10,300,600,4,5
75,,,1,1,2,1,98,86,300,600,3,5
76,,,1,1,2,2,68,54,420,540,1,5
77,,,1,1,2,3,96,56,420,540,4,5
78,,,1,1,2,1,71,59,300,600,3,5
79,,,1,1,2,1,20,61,300,600,2,5
80,,,1,1,2,3,58,10,420,540,3,5
81,,,1,1,2,1,45,62,300,600,2,5
82,,,1,1,2,2,27,31,300,600,3,5
83,,,1,1,2,2,1,49,420,540,3,5
84,,,1,1,2,2,33,9,300,600,2,5
85,,,1,1,2,2,7,52,420,540,3,5
86,,,1,1,2,1,45,41,300,600,3,5
87,,,1,1,2,3,96,24,300,600,2,5
88,,,1,1,2,3,25,35,420,540,4,5
89,,,1,1,2,2,59,99,420,540,3,5
90,,,1,1,2,3,90,16,420,540,1,5
91,,,1,1,2,2,15,35,420,540,4,5
92,,,1,1,2,1,47,45,300,600,2,5
93,,,1,1,2,1,82,56,300,600,4,5
94,,,1,1,2,2,43,37,300,600,3,5
95,,,1,1,2,3,15,42,420,540,4,5
96,,,1,1,2,2,59,68,420,540,3,5
97,,,1,1,2,3,7,41,300,600,4,5
98,,,1,1,2,2,33,84,300,600,3,5
99,,,1,1,2,2,19,3,420,540,2,5
100,,,1,1,2,2,47,50,420,540,3,5
101,,,1,1,2,3,12,28,420,540,1,5
102,,,1,1,2,1,40,95,420,540,4,5
103,,,1,1,2,1,89,99,300,600,1,5
104,,,1,1,2,3,67,35,300,600,2,5
105,,,1,1,2,3,5,46,300,600,2,5
106,,,1,1,2,2,24,66,300,600,4,5
107,,,1,1,2,2,0,30,300,600,2,5
108,,,1,1,2,3,67,41,420,540,4,5
109,,,1,1,2,3,77,54,420,540,2,5
110,,,1,1,2,2,78,6,300,600,2,5
111,,,1,1,2,2,51,56,300,600,1,5
112,,,1,1,2,3,51,93,420,540,2,5
113,,,1,1,2,3,73,43,420,540,2,5
114,,,1,1,2,3,20,44,300,600,3,5
115,,,1,1,2,1,93,24,300,600,3,5
116,,,1,1,2,1,71,69,300,600,2,5
117,,,1,1,2,3,90,8,420,540,1,5
118,,,1,1,2,1,44,3,420,540,4,5
119,,,1,1,2,1,9,8,300,600,4,5
120,,,1,1,2,2,77,30,300,600,4,5
121,,,1,1,2,1,1,93,420,540,2,5
122,,,1,1,2,3,50,50,420,540,1,5
123,,,1,1,2,3,38,61,420,540,4,5
124,,,1,1,2,2,54,91,300,600,2,5
125,,,1,1,2,1,8,94,300,600,3,5
126,,,1,1,2,1,41,1,420,540,3,5
127,,,1,1,2,2,26,17,420,540,4,5
128,,,1,1,2,1,11,0,300,600,4,5
129,,,1,1,2,3,46,49,420,540,1,5
130,,,1,1,2,1,36,68,420,540,3,5
131,,,1,1,2,1,44,79,420,540,2,5
132,,,1,1,2,3,60,82,300,600,1,5
133,,,1,1,2,1,59,68,420,540,2,5
134,,,1,1,2,2,42,11,420,540,2,5
135,,,1,1,2,3,34,94,420,540,3,5
136,,,1,1,2,1,16,28,420,540,2,5
137,,,1,1,2,3,1,45,420,540,1,5
138,,,1,1,2,3,8,96,420,540,1,5
139,,,1,1,2,3,75,88,300,600,2,5
140,,,1,1,2,2,13,51,420,540,4,5
141,,,1,1,2,3,47,64,300,600,3,5
142,,,1,1,2,1,4,47,300,600,1,5
143,,,1,1,2,3,74,84,300,600,3,5
144,,,1,1,2,2,35,10,300,600,4,5
145,,,1,1,2,1,93,26,300,600,2,5
146,,,1,1,2,2,1,18,420,540,2,5
147,,,1,1,2,2,78,69,300,600,3,5
148,,,1,1,2,1,57,89,300,600,4,5
149,,,1,1,2,2,74,41,300,600,4,5
150,,,1,1,2,1,55,70,300,600,4,5
151,,,1,1,2,3,55,29,300,600,3,5
152,,,1,1,2,3,41,15,300,600,4,5
153,,,1,1,2,2,54,19,420,540,4,5
154,,,1,1,2,3,18,65,420,540,1,5
155,,,1,1,2,2,18,40,420,540,3,5
156,,,1,1,2,2,60,69,300,600,3,5
157,,,1,1,2,3,16,90,420,540,4,5
158,,,2,2,2,3,30,17,0,300,3,5
159,,,1,1,2,3,94,44,420,540,4,5
160,,,1,1,2,3,16,26,300,600,1,5
161,,,1,1,2,2,41,14,420,540,1,5
162,,,1,1,2,1,9,45,300,600,3,5
163,,,1,1,2,3,18,9,300,600,2,5
164,,,1,1,2,3,56,46,300,600,4,5
165,,,1,1,2,3,89,0,300,600,3,5
166,,,1,1,2,1,99,86,420,540,3,5
167,,,1,1,2,2,52,4,420,540,3,5
168,,,1,1,2,3,36,44,300,600,4,5
169,,,1,1,2,1,42,22,420,540,3,5
170,,,1,1,2,3,22,57,300,600,3,5
171,,,1,1,2,2,23,73,420,540,3,5
172,,,1,1,2,3,55,91,300,600,4,5
173,,,1,1,2,1,51,74,300,600,1,5
174,,,1,1,2,1,97,58,420,540,2,5
175,,,1,1,2,3,15,3,420,540,4,5
176,,,1,1,2,3,85,76,300,600,2,5
177,,,1,1,2,2,21,40,420,540,4,5
178,,,1,1,2,1,75,71,300,600,4,5
179,,,1,1,2,2,94,40,300,600,4,5
180,,,2,2,2,3,65,52,180,300,3,5
181,,,1,1,2,3,10,99,300,600,4,5
182,,,1,1,2,3,43,41,300,600,3,5
183,,,1,1,2,3,1,62,300,600,4,5
184,,,1,1,2,2,30,2,420,540,4,5
185,,,1,1,2,1,93,29,420,540,4,5
186,,,1,1,2,1,63,1,300,600,1,5
187,,,1,1,2,3,21,41,420,540,1,5
188,,,1,1,2,2,70,51,300,600,1,5
189,,,1,1,2,2,100,19,300,600,1,5
190,,,1,1,2,3,16,35,420,540,4,5
191,,,1,1,2,2,59,29,300,600,2,5
192,,,1,1,2,2,82,58,300,600,1,5
193,,,1,1,2,1,98,69,420,540,4,5
194,,,1,1,2,1,55,78,420,540,1,5
195,,,1,1,2,3,48,35,420,540,3,5
196,,,1,1,2,3,4,3,300,600,4,5
197,,,1,1,2,1,10,18,300,600,1,5
198,,,1,1,2,3,99,39,420,540,2,5
199,,,1,1,2,1,75,62,420,540,3,5
200,,,1,1,2,1,54,0,420,540,3,5
201,,,1,1,2,2,61,28,420,540,3,5
202,,,1,1,2,3,30,32,300,600,1,5
203,,,1,1,2,3,28,82,420,540,4,5
204,,,1,1,2,2,78,19,300,600,4,5
205,,,1,1,2,2,14,41,420,540,4,5
206,,,1,1,2,3,1,36,300,600,1,5
207,,,1,1,2,3,64,98,300,600,3,5
208,,,1,1,2,3,36,1,300,600,1,5
209,,,1,1,2,3,9,21,420,540,1,5
210,,,1,1,2,1,65,14,420,540,2,5
211,,,1,1,2,3,87,45,420,540,4,5
212,,,1,1,2,2,32,31,300,600,3,5
213,,,1,1,2,1,71,6,420,540,1,5
214,,,1,1,2,3,87,9,300,600,3,5
215,,,1,1,2,1,28,65,420,540,3,5
216,,,1,1,2,1,82,4,300,600,2,5
217,,,1,1,2,2,94,67,420,540,1,5
218,,,1,1,2,3,88,37,300,600,3,5
219,,,1,1,2,2,55,39,420,540,3,5
220,,,1,1,2,2,59,61,420,540,1,5
221,,,1,1,2,1,18,41,420,540,4,5
222,,,1,1,2,1,82,44,420,540,1,5
223,,,1,1,2,1,32,10,300,600,3,5
224,,,1,1,2,3,55,77,420,540,4,5
225,,,1,1,2,2,67,47,420,540,2,5
226,,,1,1,2,3,8,89,420,540,2,5
227,,,1,1,2,2,59,51,300,600,1,5
228,,,1,1,2,2,18,18,420,540,4,5
229,,,1,1,2,1,47,43,300,600,1,5
230,,,1,1,2,3,20,36,300,600,4,5
231,,,1,1,2,2,47,97,300,600,1,5
232,,,1,1,2,2,37,72,300,600,1,5
233,,,1,1,2,2,17,40,300,600,4,5
234,,,1,1,2,3,7,20,420,540,1,5
235,,,1,1,2,3,85,17,300,600,4,5
236,,,1,1,2,1,57,16,420,540,3,5
237,,,2,2,2,2,81,1,60,180,1,5
238,,,1,1,2,2,76,29,300,600,2,5
239,,,1,1,2,3,21,81,420,540,2,5
240,,,1,1,2,2,42,88,300,600,2,5
241,,,1,1,2,2,59,40,420,540,3,5
242,,,1,1,2,1,92,88,300,600,2,5
243,,,1,1,2,2,34,46,300,600,3,5
244,,,1,1,2,3,21,83,300,600,1,5
245,,,1,1,2,1,16,67,420,540,1,5
246,,,1,1,2,1,24,22,420,540,2,5
247,,,1,1,2,1,16,93,300,600,4,5
248,,,1,1,2,1,1,14,420,540,4,5
249,,,1,1,2,2,22,5,300,600,2,5
250,,,1,1,2,3,55,73,420,540,3,5
251,,,1,1,2,3,32,72,420,540,3,5
252,,,1,1,2,2,10,54,420,540,3,5
253,,,1,1,2,1,50,19,300,600,2,5
254,,,1,1,2,2,98,70,420,540,3,5
255,,,1,1,2,1,67,49,420,540,3,5
256,,,1,1,2,1,38,75,420,540,3,5
257,,,1,1,2,3,90,38,300,600,4,5
258,,,1,1,2,3,87,4,300,600,4,5
259,,,1,1,2,3,13,92,420,540,4,5
260,,,1,1,2,2,42,54,420,540,1,5
261,,,1,1,2,3,39,34,300,600,1,5
262,,,1,1,2,3,91,59,300,600,1,5
263,,,1,1,2,2,24,42,300,600,1,5
264,,,1,1,2,3,83,90,300,600,3,5
265,,,1,1,2,3,82,11,420,540,2,5
266,,,1,1,2,1,20,68,420,540,4,5
267,,,1,1,2,3,51,98,300,600,3,5
268,,,1,1,2,2,80,52,300,600,3,5
269,,,1,1,2,2,54,99,420,540,4,5
270,,,1,1,2,2,50,44,420,540,1,5
271,,,1,1,2,2,75,51,420,540,3,5
272,,,1,1,2,3,57,7,420,540,3,5
273,,,1,1,2,2,42,78,420,540,3,5
274,,,1,1,2,1,24,75,420,540,1,5
275,,,1,1,2,1,71,37,420,540,2,5
276,,,1,1,2,2,22,0,300,600,3,5
277,,,1,1,2,1,51,0,300,600,1,5
278,,,1,1,2,2,19,30,300,600,3,5
279,,,1,1,2,2,85,39,300,600,4,5
280,,,1,1,2,1,100,5,420,540,4,5
281,,,1,1,2,1,74,78,300,600,4,5
282,,,1,1,2,2,44,47,420,540,3,5
283,,,1,1,2,3,97,17,420,540,3,5
284,,,1,1,2,3,4,54,420,540,3,5
285,,,1,1,2,2,93,30,420,540,2,5
286,,,1,1,2,3,42,72,300,600,1,5
287,,,1,1,2,3,13,34,420,540,3,5
288,,,1,1,2,3,76,45,300,600,3,5
289,,,1,1,2,2,26,53,300,600,3,5
290,,,1,1,2,2,63,13,300,600,4,5
291,,,1,1,2,2,37,35,300,600,3,5
292,,,1,1,2,2,65,87,420,540,3,5
293,,,1,1,2,2,30,11,300,600,4,5
294,,,1,1,2,2,93,17,420,540,2,5
295,,,1,1,2,2,36,87,420,540,2,5
296,,,1,1,2,1,86,95,420,540,1,5
297,,,1,1,2,1,81,10,300,600,3,5
298,,,1,1,2,3,60,63,300,600,1,5
299,,,1,1,2,2,93,56,420,540,1,5
300,,,1,1,2,2,94,36,300,600,2,5
301,,,1,1,2,1,35,0,300,600,3,5
302,,,1,1,2,3,86,35,300,600,1,5
303,,,1,1,2,3,75,84,420,540,4,5
304,,,1,1,2,1,66,2,420,540,4,5
305,,,1,1,2,3,67,10,420,540,4,5
306,,,1,1,2,3,81,51,420,540,3,5
307,,,1,1,2,2,71,37,300,600,4,5
308,,,1,1,2,3,96,24,300,600,1,5
309,,,1,1,2,3,50,76,420,540,2,5
310,,,1,1,2,2,41,88,300,600,4,5
311,,,2,1,2,2,85,45,420,540,1,5
312,,,2,1,2,2,34,25,300,600,3,5
313,,,2,1,2,1,23,69,300,600,3,5
314,,,3,2,2,3,54,5,180,300,2,5
315,,,2,1,2,1,65,51,300,600,2,5
316,,,2,1,2,2,91,49,420,540,2,5
317,,,2,1,2,1,47,93,300,600,4,5
318,,,2,1,2,3,42,28,420,540,2,5
319,,,2,1,2,1,4,70,420,540,4,5
320,,,2,1,2,3,33,14,420,540,4,5
321,,,2,1,2,3,36,66,300,600,1,5
322,,,2,1,2,2,11,49,420,540,1,5
323,,,2,1,2,2,63,17,420,540,1,5
324,,,2,1,2,1,22,18,300,600,3,5
325,,,2,1,2,2,48,3,300,600,3,5
326,,,2,1,2,1,92,24,300,600,2,5
327,,,2,1,2,3,91,69,420,540,3,5
328,,,2,1,2,2,50,24,300,600,2,5
329,,,2,1,2,3,33,62,300,600,4,5
330,,,2,1,2,3,86,72,420,540,2,5
331,,,2,1,2,3,65,3,420,540,3,5
332,,,2,1,2,1,77,88,300,600,4,5
333,,,2,1,2,3,39,18,420,540,4,5
334,,,2,1,2,1,19,43,300,600,4,5
335,,,2,1,2,2,52,83,420,540,2,5
336,,,2,1,2,2,11,46,300,600,1,5
337,,,2,1,2,3,33,84,420,540,2,5
338,,,2,1,2,1,74,93,300,600,3,5
339,,,2,1,2,2,63,16,300,600,2,5
340,,,2,1,2,3,60,93,300,600,3,5
341,,,2,1,2,2,65,10,420,540,3,5
342,,,2,1,2,3,45,14,300,600,1,5
343,,,2,1,2,3,70,89,300,600,2,5
344,,,2,1,2,1,54,40,420,540,2,5
345,,,2,1,2,3,4,16,420,540,3,5
346,,,2,1,2,3,56,34,300,600,2,5
347,,,2,1,2,2,84,36,420,540,4,5
348,,,2,1,2,1,2,35,420,540,4,5
349,,,3,2,2,1,39,25,300,600,4,5
350,,,2,1,2,3,8,71,300,600,4,5
351,,,2,1,2,2,79,4,420,540,2,5
352,,,2,1,2,1,79,93,420,540,4,5
353,,,2,1,2,1,48,2,420,540,3,5
354,,,2,1,2,1,31,72,420,540,4,5
355,,,2,1,2,2,67,91,420,540,3,5
356,,,2,1,2,1,80,5,300,600,1,5
357,,,2,1,2,3,98,9,420,540,3,5
358,,,2,1,2,2,86,85,420,540,2,5
359,,,2,1,2,2,66,78,420,540,4,5
360,,,2,1,2,1,68,61,420,540,4,5
361,,,2,1,2,1,32,64,300,600,2,5
362,,,2,1,2,2,0,17,420,540,4,5
363,,,2,1,2,1,23,85,300,600,4,5
364,,,2,1,2,1,71,61,420,540,2,5
365,,,2,1,2,2,8,80,300,600,1,5
366,,,2,1,2,1,64,80,420,540,3,5
367,,,2,1,2,1,87,19,300,600,2,5
368,,,2,1,2,1,100,0,300,600,1,5
369,,,2,1,2,3,95,86,300,600,2,5
370,,,2,1,2,2,40,52,300,600,3,5
371,,,2,1,2,2,80,60,300,600,4,5
372,,,2,1,2,2,1,60,300,600,2,5
373,,,2,1,2,2,39,39,300,600,1,5
374,,,2,1,2,3,78,6,300,600,3,5
375,,,2,1,2,2,33,18,300,600,1,5
376,,,2,1,2,3,62,64,300,600,2,5
377,,,2,1,2,2,42,22,300,600,2,5
378,,,2,1,2,3,53,34,420,540,4,5
379,,,2,1,2,2,99,53,420,540,2,5
380,,,2,1,2,2,94,100,300,600,1,5
381,,,2,1,2,1,86,35,300,600,2,5
382,,,2,1,2,3,23,52,420,540,2,5
383,,,2,1,2,2,50,32,300,600,4,5
384,,,2,1,2,2,39,20,420,540,4,5
385,,,2,1,2,2,68,49,420,540,2,5
386,,,2,1,2,1,18,85,300,600,1,5
387,,,2,1,2,2,77,71,420,540,4,5
388,,,2,1,2,2,88,67,300,600,2,5
389,,,2,1,2,1,57,20,420,540,3,5
390,,,2,1,2,3,51,14,420,540,2,5
391,,,2,1,2,1,60,73,420,540,1,5
392,,,2,1,2,3,98,87,300,600,2,5
393,,,2,1,2,2,29,72,300,600,4,5
394,,,2,1,2,2,67,61,420,540,2,5
395,,,2,1,2,3,82,2,420,540,2,5
396,,,2,1,2,1,88,74,420,540,1,5
397,,,2,1,2,3,80,67,300,600,1,5
398,,,2,1,2,1,0,5,300,600,1,5
399,,,2,1,2,1,27,82,420,540,1,5
400,,,2,1,2,3,44,100,420,540,1,5
401,,,2,1,2,1,69,8,300,600,1,5
402,,,2,1,2,3,10,1,300,600,4,5
403,,,2,1,2,3,67,59,420,540,2,5
404,,,2,1,2,3,31,98,300,600,1,5
405,,,2,1,2,1,66,15,420,540,3,5
406,,,2,1,2,1,88,62,300,600,1,5
407,,,3,2,2,1,22,96,300,420,2,5
408,,,2,1,2,2,20,62,420,540,3,5
409,,,2,1,2,1,12,100,420,540,4,5
410,,,2,1,2,3,14,81,300,600,1,5
411,,,2,1,2,2,27,15,420,540,2,5
412,,,2,1,2,2,62,22,300,600,3,5
413,,,2,1,2,2,42,57,420,540,3,5
414,,,2,1,2,3,55,54,420,540,3,5
415,,,2,1,2,2,33,47,420,540,1,5
416,,,2,1,2,2,4,51,300,600,1,5
417,,,2,1,2,3,93,80,420,540,3,5
418,,,2,1,2,3,48,0,300,600,1,5
419,,,2,1,2,2,1,92,420,540,4,5
420,,,3,1,2,1,21,34,300,600,3,5
421,,,10,1,2,2,59,64,420,540,2,5
422,,,9,1,2,3,43,46,300,600,1,5
423,,,4,1,2,1,61,56,420,540,2,5
424,,,9,2,2,2,40,47,0,300,1,5
425,,,9,1,2,1,32,88,420,540,4,5
426,,,6,1,2,2,54,90,300,600,2,5
427,,,8,1,2,2,99,82,420,540,4,5
428,,,13,2,2,2,20,16,0,300,1,5
429,,,11,1,2,3,4,24,420,540,3,5
430,,,4,2,2,1,52,18,0,300,4,5
431,,,2,1,2,1,67,15,300,600,4,5
432,,,9,2,2,2,55,22,180,300,4,5
433,,,14,2,2,3,38,82,300,600,1,5
434,,,2,1,2,1,60,74,300,600,2,5
435,,,12,1,2,1,45,82,420,540,2,5
436,,,11,1,2,2,33,3,300,600,2,5
437,,,15,1,2,2,23,15,300,600,3,5
438,,,14,1,2,1,100,12,300,600,3,5
439,,,11,1,2,2,43,12,300,600,4,5
440,,,12,1,2,2,18,28,300,600,1,5
441,,,9,1,2,1,8,22,300,600,2,5
442,,,6,1,2,2,80,43,300,600,3,5
443,,,11,2,2,3,37,23,0,300,1,5
444,,,8,1,2,3,38,70,300,600,1,5
445,,,11,1,2,3,21,63,420,540,1,5
446,,,12,1,2,2,27,29,300,600,3,5
447,,,6,1,2,1,20,27,300,600,3,5
448,,,12,1,2,1,37,9,420,540,2,5
449,,,14,1,2,3,98,99,300,600,3,5
450,,,13,1,2,3,28,6,420,540,1,5
451,,,7,1,2,1,51,5,300,600,2,5
452,,,9,1,2,2,55,36,420,540,1,5
453,,,6,2,2,1,49,79,420,540,4,5
454,,,11,1,2,3,15,86,300,600,3,5
455,,,9,2,2,3,31,14,60,180,3,5
456,,,6,2,2,3,48,12,300,420,4,5
457,,,8,1,2,2,37,73,420,540,3,5
458,,,15,1,2,1,56,85,300,600,1,5
459,,,6,1,2,1,63,22,420,540,1,5
460,,,12,2,2,2,1,76,300,420,4,5
461,,,3,1,2,2,27,14,300,600,4,5
462,,,2,1,2,1,28,56,420,540,4,5
463,,,11,1,2,2,22,26,300,600,4,5
464,,,9,1,2,1,35,76,420,540,1,5
465,,,4,1,2,2,83,83,420,540,4,5
466,,,11,2,2,2,36,97,0,300,1,5
467,,,4,1,2,2,76,55,420,540,2,5
468,,,4,1,2,2,68,51,300,600,1,5
469,,,4,1,2,3,96,25,420,540,4,5
470,,,12,2,2,1,11,47,60,180,3,5
471,,,13,1,2,3,66,14,300,600,1,5
472,,,8,1,2,1,58,64,420,540,2,5
473,,,6,2,2,2,29,63,420,540,4,5
474,,,2,2,2,1,87,19,180,300,3,5
475,,,2,2,2,1,46,11,300,420,2,5
476,,,8,1,2,2,8,16,420,540,2,5
477,,,7,2,2,2,85,52,420,540,4,5
478,,,16,1,2,1,26,98,300,600,2,5
479,,,6,1,2,2,62,15,300,600,4,5
480,,,10,1,2,1,99,14,420,540,3,5
481,,,9,1,2,1,23,45,300,600,2,5
482,,,9,1,2,3,43,51,300,600,1,5
483,,,13,1,2,3,67,96,420,540,2,5
484,,,1,1,2,1,53,71,420,540,4,5
485,,,8,1,2,1,60,59,300,600,3,5
486,,,5,1,2,1,70,35,420,540,4,5
487,,,7,1,2,2,100,72,300,600,3,5
488,,,9,2,2,2,74,96,420,540,1,5
489,,,13,2,2,1,68,67,0,300,4,5
490,,,7,1,2,1,67,9,420,540,1,5
491,,,11,1,2,1,44,93,420,540,3,5
492,,,6,1,2,3,29,16,420,540,2,5
493,,,3,1,2,2,40,72,420,540,4,5
494,,,5,1,2,1,41,90,420,540,3,5
495,,,1,1,2,3,54,2,300,600,1,5
496,,,9,1,2,2,6,82,300,600,1,5
497,,,9,1,2,3,11,85,300,600,2,5
498,,,7,2,2,1,42,54,60,180,1,5
499,,,4,1,2,3,51,52,300,600,1,5
500,,,6,1,2,2,3,90,300,600,1,5
501,,,8,1,2,1,93,41,420,540,2,5
502,,,10,2,2,1,58,53,0,300,1,5
503,,,10,1,2,2,38,15,300,600,2,5
504,,,9,1,2,1,18,57,300,600,1,5
505,,,6,1,2,1,75,43,300,600,3,5
506,,,4,2,2,3,56,60,60,180,4,5
507,,,11,2,2,3,54,18,60,180,4,5
508,,,8,1,2,1,24,83,300,600,2,5
509,,,3,1,2,1,3,41,420,540,2,5
510,,,3,1,2,3,21,20,300,600,1,5
511,,,11,1,2,1,77,86,420,540,4,5
512,,,9,2,2,3,56,25,420,540,1,5
513,,,10,1,2,1,54,72,300,600,1,5
514,,,4,1,2,2,44,92,300,600,4,5
515,,,2,2,2,1,60,78,60,180,4,5
516,,,5,2,2,3,31,44,300,420,2,5
517,,,7,2,2,3,72,16,420,540,1,5
518,,,2,1,2,2,96,55,300,600,4,5
519,,,10,2,2,3,5,59,300,420,4,5
520,,,7,2,2,3,51,36,180,300,1,5
521,,,3,1,2,2,19,13,300,600,1,5
522,,,14,1,2,2,64,69,420,540,2,5
523,,,8,1,2,3,29,92,420,540,4,5
524,,,11,1,2,3,81,60,420,540,2,5
525,,,9,2,2,2,43,45,60,180,1,5
526,,,13,1,2,3,75,23,420,540,1,5
527,,,14,1,2,1,24,96,420,540,4,5
528,,,11,1,2,2,46,14,300,600,2,5
529,,,7,1,2,1,32,97,420,540,1,5
530,,,9,1,2,3,67,58,420,540,2,5
531,,,3,2,2,2,19,60,420,540,1,5
532,,,12,1,2,3,15,33,300,600,2,5
533,,,8,2,2,2,86,26,0,300,1,5
534,,,13,2,2,2,75,58,420,540,2,5
535,,,3,1,2,3,73,14,300,600,2,5
536,,,4,1,2,3,37,4,420,540,3,5
537,,,13,2,2,1,87,54,420,540,3,5
538,,,13,2,2,2,78,1,300,600,1,5
539,,,12,2,2,1,33,8,420,540,3,5
540,,,9,1,2,2,23,15,420,540,1,5
541,,,12,1,2,1,39,75,300,600,4,5
542,,,5,1,2,2,45,59,300,600,1,5
543,,,3,1,2,2,64,97,300,600,4,5
544,,,2,2,2,3,100,82,60,180,1,5
545,,,3,2,2,2,73,85,0,300,3,5
546,,,2,2,2,2,63,38,0,300,4,5
547,,,11,1,2,3,76,81,300,600,2,5
548,,,2,1,2,1,61,8,300,600,2,5
549,,,4,1,2,3,93,78,300,600,2,5
550,,,5,1,2,2,98,52,420,540,3,5
551,,,1,1,2,1,90,98,300,600,4,5
552,,,2,1,2,2,43,15,420,540,1,5
553,,,13,1,2,1,76,85,300,600,2,5
554,,,3,1,2,3,94,23,420,540,1,5
555,,,14,2,2,2,13,95,60,180,3,5
556,,,8,1,2,2,44,24,300,600,2,5
557,,,9,2,2,3,56,68,60,180,1,5
558,,,15,1,2,3,20,1,300,600,1,5
559,,,4,1,2,2,2,67,300,600,4,5
560,,,5,1,2,3,99,27,420,540,4,5
561,,,14,2,2,2,68,78,180,300,2,5
562,,,15,1,2,2,99,73,420,540,2,5
563,,,13,1,2,2,18,53,300,600,3,5
564,,,6,1,2,3,21,30,300,600,4,5
565,,,9,1,2,1,81,41,300,600,4,5
566,,,12,2,2,2,85,61,300,420,1,5
567,,,10,1,2,1,11,47,300,600,2,5
568,,,8,1,2,1,11,46,300,600,2,5
569,,,13,2,2,2,51,35,420,540,3,5
570,,,7,1,2,1,47,95,420,540,4,5
571,,,7,1,2,3,40,35,300,600,2,5
572,,,4,2,2,1,11,3,420,540,4,5
573,,,11,2,2,1,65,76,300,420,1,5
574,,,2,1,2,1,77,41,300,600,2,5
575,,,12,2,2,3,8,41,180,300,3,5
576,,,15,1,2,2,74,4,420,540,2,5
577,,,5,1,2,3,21,80,300,600,2,5
578,,,5,1,2,3,18,2,420,540,4,5
579,,,14,1,2,2,20,33,300,600,4,5
580,,,12,1,2,2,75,11,420,540,4,5
581,,,2,1,2,1,12,62,420,540,4,5
582,,,4,1,2,3,53,16,420,540,3,5
583,,,10,1,2,2,89,32,420,540,2,5
584,,,11,1,2,1,32,34,420,540,1,5
585,,,4,1,2,3,56,61,420,540,2,5
586,,,4,1,2,2,53,3,420,540,2,5
587,,,6,1,2,3,86,89,420,540,2,5
588,,,9,1,2,1,63,78,420,540,2,5
589,,,4,2,2,1,51,85,0,300,3,5
590,,,8,1,2,3,2,41,300,600,2,5
591,,,4,1,2,3,73,96,420,540,3,5
592,,,10,1,2,3,3,26,420,540,3,5
593,,,12,1,2,3,75,87,420,540,3,5
594,,,1,1,2,1,50,12,300,600,4,5
595,,,14,1,2,3,16,30,300,600,3,5
596,,,15,1,2,3,29,52,300,600,4,5
597,,,4,1,2,2,65,20,300,600,2,5
598,,,4,1,2,3,29,68,300,600,1,5
599,,,10,1,2,1,52,69,420,540,1,5
600,,,9,2,2,3,9,46,420,540,2,5
601,,,6,1,2,1,92,16,420,540,2,5
602,,,5,1,2,3,86,64,300,600,3,5
603,,,7,1,2,2,9,72,420,540,4,5
604,,,5,1,2,3,48,27,420,540,2,5
605,,,9,1,2,2,45,36,300,600,2,5
606,,,15,1,2,1,20,44,420,540,2,5
607,,,13,2,2,1,11,89,300,420,4,5
608,,,1,1,2,1,57,5,420,540,4,5
609,,,16,1,2,2,47,26,420,540,2,5
610,,,2,1,2,2,38,86,300,600,1,5
611,,,3,1,2,3,18,49,300,600,1,5
612,,,2,1,2,1,46,12,420,540,1,5
613,,,10,1,2,1,56,14,300,600,2,5
614,,,15,1,2,3,37,0,300,600,2,5
615,,,13,1,2,3,66,79,420,540,1,5
616,,,2,1,2,3,92,58,420,540,1,5
617,,,4,1,2,1,35,14,420,540,3,5
618,,,3,1,2,1,20,55,300,600,1,5
619,,,7,1,2,1,74,34,300,600,2,5
620,,,13,2,2,1,19,91,300,420,4,5
621,,,6,1,2,2,74,50,300,600,2,5
622,,,15,1,2,2,80,65,300,600,2,5
623,,,9,1,2,3,67,31,300,600,1,5
624,,,14,2,2,3,47,31,180,300,4,5
625,,,11,1,2,2,66,81,300,600,1,5
626,,,6,1,2,2,39,67,300,600,2,5
627,,,4,1,2,1,86,46,420,540,3,5
628,,,8,1,2,1,20,68,300,600,2,5
629,,,9,1,2,3,95,3,420,540,4,5
630,,,12,1,2,1,95,47,300,600,1,5
631,,,12,1,2,1,44,94,420,540,3,5
632,,,8,1,2,1,44,95,420,540,3,5
633,,,2,2,2,2,82,90,180,300,2,5
634,,,4,2,2,3,91,87,420,540,1,5
635,,,5,2,2,2,37,59,60,180,3,5
636,,,5,2,2,3,57,64,420,540,2,5
637,,,7,2,2,2,58,75,420,540,1,5
638,,,3,1,2,1,67,96,300,600,3,5
639,,,6,1,2,3,27,56,300,600,4,5
640,,,5,2,2,3,20,42,300,600,3,5
641,,,2,1,2,1,77,63,300,600,1,5
642,,,6,2,2,1,43,33,300,600,1,5
643,,,15,1,2,1,17,19,300,600,2,5
644,,,10,1,2,2,54,99,420,540,2,5
645,,,8,1,2,2,22,23,300,600,4,5
646,,,10,1,2,1,63,12,420,540,2,5
647,,,14,1,2,3,85,84,300,600,2,5
648,,,9,2,2,3,71,79,300,420,2,5
649,,,9,1,2,3,71,98,420,540,3,5
650,,,11,2,2,2,35,49,0,300,3,5
651,,,11,1,2,3,20,37,300,600,1,5
652,,,16,1,2,2,57,79,300,600,4,5
653,,,6,2,2,1,70,53,0,300,1,5
654,,,6,2,2,2,94,59,420,540,3,5
655,,,12,1,2,2,70,13,420,540,3,5
656,,,4,1,2,3,91,20,300,600,3,5
657,,,11,2,2,3,8,90,300,420,3,5
658,,,6,2,2,3,88,34,300,600,2,5
659,,,13,1,2,3,30,76,300,600,2,5
660,,,14,2,2,2,29,92,180,300,1,5
661,,,2,1,2,3,93,51,420,540,2,5
662,,,10,1,2,3,45,99,300,600,2,5
663,,,8,1,2,2,33,99,300,600,3,5
664,,,6,2,2,3,53,75,420,540,1,5
665,,,3,1,2,1,14,32,420,540,2,5
666,,,14,1,2,2,29,72,420,540,4,5
667,,,7,2,2,3,45,73,300,600,3,5
668,,,11,1,2,2,42,20,300,600,3,5
669,,,8,1,2,1,38,4,300,600,4,5
670,,,15,1,2,3,12,26,300,600,3,5
671,,,5,1,2,1,94,77,420,540,3,5
672,,,2,1,2,2,50,17,300,600,3,5
673,,,14,1,2,2,92,28,420,540,4,5
674,,,5,2,2,2,60,49,300,600,2,5
675,,,3,1,2,3,16,72,420,540,4,5
676,,,7,1,2,2,21,3,420,540,3,5
677,,,9,1,2,2,78,18,420,540,3,5
678,,,9,2,2,2,100,92,180,300,3,5
679,,,14,1,2,3,69,73,300,600,2,5
680,,,4,1,2,1,69,92,420,540,1,5
681,,,13,2,2,3,53,11,420,540,1,5
682,,,10,1,2,2,6,40,300,600,3,5
683,,,5,2,2,1,27,40,180,300,4,5
684,,,10,2,2,3,27,66,420,540,1,5
685,,,8,1,2,3,12,94,420,540,1,5
686,,,6,1,2,2,96,30,300,600,3,5
687,,,2,1,2,2,94,77,300,600,4,5
688,,,12,1,2,1,6,51,300,600,2,5
689,,,2,1,2,1,13,15,300,600,3,5
690,,,3,2,2,2,75,77,0,300,2,5
691,,,3,1,2,2,50,71,300,600,3,5
692,,,6,1,2,1,83,5,420,540,1,5
693,,,14,1,2,3,48,89,420,540,1,5
694,,,5,2,2,2,33,93,420,540,3,5
695,,,14,1,2,3,33,29,420,540,4,5
696,,,3,1,2,3,33,71,300,600,1,5
697,,,3,1,2,3,24,48,300,600,4,5
698,,,4,1,2,1,35,5,300,600,1,5
699,,,14,1,2,1,81,53,300,600,1,5
700,,,11,2,2,1,28,68,0,300,3,5
701,,,6,1,2,1,84,37,300,600,3,5
702,,,6,1,2,3,79,90,420,540,1,5
703,,,8,1,2,2,64,85,420,540,3,5
704,,,9,1,2,2,43,61,420,540,2,5
705,,,7,2,2,3,80,37,180,300,2,5
706,,,5,1,2,2,75,4,420,540,4,5
707,,,13,1,2,1,29,3,300,600,3,5
708,,,1,1,2,2,45,64,300,600,4,5
709,,,14,2,2,2,41,79,420,540,3,5
710,,,10,1,2,1,64,56,420,540,3,5
711,,,8,1,2,1,30,50,420,540,4,5
712,,,1,1,2,2,56,14,420,540,4,5
713,,,5,1,2,3,15,37,420,540,1,5
714,,,15,2,2,1,23,22,180,300,1,5
715,,,15,1,2,1,21,11,300,600,3,5
716,,,4,1,2,2,8,86,300,600,2,5
717,,,14,1,2,3,78,54,300,600,3,5
718,,,4,2,2,3,60,28,180,300,2,5
719,,,7,1,2,2,82,47,300,600,2,5
720,,,6,1,2,3,99,10,300,600,4,5
721,,,4,1,2,1,55,78,420,540,2,5
722,,,3,1,2,3,64,91,420,540,3,5
723,,,6,2,2,1,42,14,420,540,4,5
724,,,4,1,2,3,33,77,420,540,2,5
725,,,7,1,2,3,54,83,420,540,2,5
726,,,5,2,2,2,97,99,300,600,1,5
727,,,3,2,2,2,79,51,300,420,3,5
728,,,3,1,2,1,85,4,300,600,4,5
729,,,9,1,2,2,77,88,420,540,1,5
730,,,10,1,2,3,65,99,300,600,4,5
731,,,10,1,2,2,62,67,300,600,4,5
732,,,12,1,2,3,91,58,420,540,1,5
733,,,14,1,2,1,8,82,420,540,2,5
734,,,4,2,2,1,20,98,180,300,2,5
735,,,3,1,2,1,78,25,420,540,4,5
736,,,9,1,2,3,63,11,300,600,4,5
737,,,5,1,2,2,83,4,420,540,1,5
738,,,8,1,2,1,54,21,300,600,2,5
739,,,13,1,2,2,69,79,420,540,1,5
740,,,14,1,2,3,71,84,300,600,4,5
741,,,2,1,2,2,46,11,300,600,3,5
742,,,6,1,2,1,84,39,300,600,4,5
743,,,12,2,2,2,41,85,420,540,4,5
744,,,7,1,2,2,59,89,300,600,3,5
745,,,14,1,2,1,72,50,420,540,3,5
746,,,6,1,2,1,57,51,300,600,1,5
747,,,5,2,2,2,42,92,300,420,4,5
748,,,13,1,2,3,52,74,300,600,2,5
749,,,6,1,2,2,99,13,420,540,4,5
750,,,7,1,2,3,8,91,300,600,4,5
751,,,14,2,2,3,46,86,300,420,2,5
752,,,7,1,2,1,63,61,420,540,3,5
753,,,10,1,2,2,88,87,420,540,2,5
754,,,7,2,2,3,50,68,420,540,2,5
755,,,16,1,2,2,19,24,420,540,2,5
756,,,8,1,2,3,22,79,420,540,4,5
757,,,3,1,2,1,68,58,300,600,1,5
758,,,7,1,2,2,70,21,300,600,1,5
759,,,6,1,2,1,21,82,300,600,1,5
760,,,7,1,2,2,39,34,300,600,3,5
761,,,10,1,2,1,91,24,420,540,1,5
762,,,5,1,2,2,28,80,300,600,4,5
763,,,11,1,2,2,13,5,300,600,3,5
764,,,9,2,2,1,7,93,420,540,2,5
765,,,16,1,2,1,69,29,300,600,3,5
766,,,8,1,2,3,54,66,420,540,3,5
767,,,4,1,2,3,6,95,420,540,2,5
768,,,12,1,2,2,40,49,420,540,4,5
769,,,14,1,2,3,84,39,420,540,1,5
770,,,13,1,2,1,11,24,420,540,1,5
771,,,16,1,2,2,48,83,420,540,2,5
772,,,5,2,2,2,78,18,300,420,1,5
773,,,5,1,2,2,7,69,300,600,2,5
774,,,3,1,2,3,34,80,420,540,3,5
775,,,13,1,2,3,29,12,300,600,1,5
776,,,8,1,2,2,95,75,420,540,3,5
777,,,8,1,2,2,33,81,420,540,4,5
778,,,8,1,2,1,38,1,300,600,3,5
779,,,4,1,2,1,61,60,420,540,4,5
780,,,11,1,2,2,79,94,420,540,3,5
781,,,12,1,2,3,65,60,300,600,4,5
782,,,6,2,2,1,75,77,420,540,1,5
783,,,10,1,2,3,87,18,420,540,1,5
784,,,13,1,2,3,64,91,420,540,1,5
785,,,15,1,2,1,64,18,300,600,2,5
786,,,3,1,2,2,44,67,300,600,2,5
787,,,3,1,2,3,1,57,420,540,1,5
788,,,2,1,2,2,79,88,420,540,3,5
789,,,8,1,2,1,83,23,420,540,3,5
790,,,13,1,2,1,57,15,420,540,3,5
791,,,12,1,2,1,12,93,300,600,4,5
792,,,6,1,2,2,53,20,420,540,2,5
793,,,10,1,2,3,24,64,300,600,1,5
794,,,3,1,2,1,79,11,420,540,1,5
795,,,3,1,2,3,58,17,420,540,1,5
796,,,13,2,2,2,23,27,180,300,4,5
797,,,12,1,2,3,90,9,300,600,2,5
798,,,8,1,2,3,37,64,300,600,1,5
799,,,15,1,2,1,89,97,420,540,4,5
800,,,7,2,2,2,24,10,180,300,2,5
801,,,4,1,2,1,98,18,420,540,1,5
802,,,2,2,2,3,56,68,300,420,4,5
803,,,3,2,2,1,48,81,0,300,1,5
804,,,2,2,2,1,48,28,60,180,1,5
805,,,8,1,2,3,50,44,300,600,4,5
806,,,4,2,2,3,58,87,300,420,2,5
807,,,11,1,2,2,7,86,300,600,4,5
808,,,8,1,2,3,99,61,420,540,3,5
809,,,3,1,2,1,92,60,300,600,3,5
810,,,7,2,2,3,70,24,180,300,3,5
811,,,1,1,2,1,0,53,420,540,4,5
812,,,2,1,2,1,90,67,420,540,3,5
813,,,11,2,2,1,84,30,420,540,3,5
814,,,14,2,2,1,72,16,420,540,1,5
815,,,5,1,2,1,31,13,420,540,2,5
816,,,14,1,2,2,44,46,420,540,4,5
817,,,15,1,2,3,77,73,300,600,1,5
818,,,9,1,2,1,63,20,300,600,1,5
819,,,3,2,2,3,78,20,0,300,4,5
820,,,11,1,2,3,12,65,300,600,2,5
821,,,2,2,2,3,29,64,0,300,3,5
822,,,4,1,2,3,33,67,420,540,2,5
823,,,3,1,2,3,20,87,300,600,3,5
824,,,4,1,2,2,77,4,420,540,2,5
825,,,12,1,2,2,9,87,300,600,4,5
826,,,12,2,2,3,17,37,0,300,4,5
827,,,6,1,2,3,43,35,300,600,4,5
828,,,5,1,2,2,74,50,420,540,4,5
829,,,8,2,2,3,10,54,300,600,4,5
830,,,14,2,2,1,28,82,420,540,3,5
831,,,11,2,2,1,92,5,180,300,2,5
832,,,10,1,2,1,43,82,420,540,2,5
833,,,13,2,2,2,90,52,420,540,3,5
834,,,5,1,2,1,51,78,420,540,2,5
835,,,7,1,2,2,72,18,300,600,4,5
836,,,16,1,2,1,55,31,300,600,4,5
837,,,15,1,2,2,65,75,300,600,4,5
838,,,14,2,2,3,91,30,180,300,2,5
839,,,15,2,2,3,23,51,180,300,2,5
840,,,3,2,2,2,40,28,60,180,4,5
841,,,10,1,2,3,60,13,300,600,3,5
842,,,9,1,2,1,60,4,420,540,4,5
843,,,10,1,2,1,40,29,420,540,2,5
844,,,3,1,2,2,51,74,300,600,2,5
845,,,12,2,2,3,80,4,60,180,4,5
846,,,4,1,2,2,6,95,300,600,3,5
847,,,5,1,2,2,24,9,420,540,1,5
848,,,12,1,2,3,89,76,300,600,1,5
849,,,6,1,2,3,19,23,420,540,2,5
850,,,15,1,2,2,43,83,300,600,4,5
851,,,12,1,2,3,64,95,300,600,4,5
852,,,7,1,2,1,14,16,420,540,4,5
853,,,13,2,2,2,13,95,300,420,3,5
854,,,11,1,2,3,34,94,300,600,4,5
855,,,2,1,2,1,96,80,300,600,4,5
856,,,14,1,2,1,78,92,300,600,2,5
857,,,4,2,2,3,57,19,420,540,1,5
858,,,2,2,2,2,65,9,180,300,4,5
859,,,8,1,2,2,8,0,300,600,4,5
860,,,10,1,2,3,93,32,420,540,2,5
861,,,4,1,2,3,1,16,300,600,1,5
862,,,10,1,2,3,90,27,420,540,2,5
863,,,10,1,2,1,18,59,420,540,1,5
864,,,6,1,2,3,89,83,300,600,4,5
865,,,11,1,2,2,59,26,420,540,1,5
866,,,4,1,2,3,40,78,300,600,2,5
867,,,9,2,2,3,2,45,60,180,2,5
868,,,8,1,2,1,41,1,420,540,2,5
869,,,9,2,2,1,11,4,300,600,2,5
870,,,15,1,2,3,54,97,420,540,1,5
871,,,10,1,2,1,86,71,420,540,1,5
872,,,5,1,2,3,95,54,420,540,2,5
873,,,2,1,2,2,30,44,300,600,4,5
874,,,7,1,2,2,98,87,420,540,4,5
875,,,10,1,2,2,28,75,300,600,1,5
876,,,8,1,2,3,53,93,300,600,1,5
877,,,7,2,2,2,27,72,180,300,4,5
878,,,11,1,2,3,57,95,420,540,2,5
879,,,14,1,2,3,45,27,300,600,3,5
880,,,2,1,2,2,82,83,300,600,2,5
881,,,15,2,2,1,49,53,0,300,4,5
882,,,3,1,2,2,12,62,420,540,4,5
883,,,13,1,2,2,68,20,420,540,1,5
884,,,7,1,2,3,70,90,300,600,3,5
885,,,5,1,2,2,81,56,420,540,3,5
886,,,10,1,2,3,31,54,420,540,1,5
887,,,15,1,2,3,7,41,300,600,4,5
888,,,13,2,2,3,90,16,420,540,2,5
889,,,9,2,2,1,0,82,180,300,1,5
890,,,3,2,2,1,30,43,420,540,4,5
891,,,4,1,2,2,65,11,420,540,3,5
892,,,10,1,2,2,8,67,420,540,2,5
893,,,10,1,2,3,64,28,300,600,3,5
894,,,7,1,2,1,21,54,300,600,3,5
895,,,9,2,2,2,86,3,60,180,4,5
896,,,8,2,2,3,41,58,60,180,3,5
897,,,11,1,2,1,9,34,300,600,4,5
898,,,6,1,2,2,39,61,300,600,1,5
899,,,3,1,2,1,91,62,420,540,1,5
900,,,2,1,2,3,77,73,300,600,3,5
901,,,10,1,2,3,95,63,300,600,1,5
902,,,10,2,2,2,4,82,420,540,4,5
903,,,9,2,2,1,90,37,420,540,1,5
904,,,7,1,2,3,86,12,420,540,1,5
905,,,4,2,2,2,2,37,60,180,1,5
906,,,3,1,2,2,68,87,300,600,3,5
907,,,13,2,2,2,74,66,60,180,3,5
908,,,15,2,2,3,73,78,0,300,4,5
909,,,14,1,2,2,65,21,300,600,3,5
910,,,10,1,2,3,35,92,300,600,2,5
911,,,5,1,2,3,56,14,300,600,1,5
912,,,12,1,2,3,57,5,300,600,3,5
913,,,16,1,2,2,0,55,300,600,4,5
914,,,1,1,2,1,94,69,420,540,4,5
915,,,3,1,2,1,97,38,420,540,1,5
916,,,14,2,2,3,88,35,300,420,1,5
917,,,13,1,2,1,65,38,420,540,2,5
918,,,12,1,2,2,68,54,420,540,4,5
919,,,6,2,2,3,23,99,180,300,4,5
920,,,2,2,2,2,65,9,180,300,1,5
921,,,11,2,2,3,8,76,0,300,3,5
922,,,1,1,2,3,58,70,420,540,4,5
923,,,6,1,2,1,30,68,420,540,1,5
924,,,2,2,2,1,24,33,180,300,1,5
925,,,2,1,2,1,4,52,420,540,3,5
926,,,10,1,2,2,26,81,300,600,4,5
927,,,14,1,2,1,17,86,300,600,1,5
928,,,7,1,2,3,51,92,300,600,1,5
929,,,4,1,2,1,14,49,420,540,3,5
930,,,15,1,2,2,70,23,300,600,2,5
931,,,9,1,2,1,42,71,420,540,1,5
932,,,8,1,2,3,24,93,300,600,1,5
933,,,4,1,2,2,4,36,300,600,3,5
934,,,12,1,2,2,95,51,300,600,2,5
935,,,10,1,2,1,30,43,420,540,3,5
936,,,9,1,2,3,70,87,420,540,3,5
937,,,3,1,2,1,75,7,300,600,3,5
938,,,12,1,2,2,49,54,300,600,1,5
939,,,12,1,2,1,15,71,420,540,2,5
940,,,11,1,2,2,23,27,420,540,2,5
941,,,3,1,2,1,71,5,420,540,2,5
942,,,15,1,2,1,5,7,300,600,2,5
943,,,1,1,2,2,22,82,420,540,2,5
944,,,7,1,2,1,100,59,300,600,1,5
945,,,11,1,2,1,23,74,420,540,4,5
946,,,13,1,2,3,36,55,300,600,1,5
947,,,10,2,2,2,1,90,0,300,3,5
948,,,10,2,2,1,7,49,180,300,4,5
949,,,1,1,2,3,96,59,300,600,2,5
950,,,7,1,2,2,53,99,300,600,3,5
951,,,8,1,2,1,87,27,420,540,2,5
952,,,11,1,2,3,80,45,300,600,4,5
953,,,4,2,2,3,23,86,60,180,1,5
954,,,15,1,2,3,45,31,420,540,4,5
955,,,10,2,2,3,52,60,180,300,2,5
956,,,6,1,2,1,9,57,420,540,1,5
957,,,8,2,2,3,52,62,420,540,3,5
958,,,9,1,2,1,41,22,420,540,2,5
959,,,6,1,2,1,55,12,420,540,1,5
960,,,10,1,2,1,31,89,300,600,4,5
961,,,1,1,2,1,26,91,420,540,4,5
962,,,16,1,2,1,85,97,420,540,4,5
963,,,13,1,2,3,57,99,420,540,3,5
964,,,3,1,2,1,43,96,300,600,3,5
965,,,10,1,2,3,24,70,300,600,2,5
966,,,8,1,2,1,36,94,300,600,3,5
967,,,15,1,2,1,90,98,300,600,2,5
968,,,3,1,2,1,56,47,420,540,4,5
969,,,2,1,2,3,99,23,420,540,1,5
970,,,14,1,2,3,56,60,300,600,4,5
971,,,15,1,2,1,24,92,300,600,1,5
972,,,11,1,2,2,34,70,420,540,4,5
973,,,13,2,2,1,28,49,180,300,4,5
974,,,13,1,2,1,59,87,420,540,3,5
975,,,14,2,2,2,80,94,300,600,1,5
976,,,7,1,2,1,67,2,420,540,4,5
977,,,3,1,2,1,43,94,420,540,3,5
978,,,4,2,2,3,58,31,300,600,1,5
979,,,16,1,2,3,74,1,420,540,3,5
980,,,9,2,2,2,5,82,60,180,2,5
981,,,11,1,2,1,85,80,300,600,2,5
982,,,9,1,2,2,93,25,420,540,4,5
983,,,3,1,2,1,86,0,420,540,1,5
984,,,9,2,2,2,19,88,420,540,3,5
985,,,6,2,2,3,99,17,60,180,1,5
986,,,9,1,2,1,1,88,420,540,4,5
987,,,11,1,2,3,25,48,300,600,4,5
988,,,6,1,2,3,36,73,300,600,4,5
989,,,2,1,2,1,9,42,300,600,2,5
990,,,11,2,2,1,89,33,0,300,1,5
991,,,12,2,2,1,91,77,180,300,2,5
992,,,6,1,2,1,74,62,300,600,4,5
993,,,13,2,2,2,2,44,180,300,4,5
994,,,3,1,2,2,80,13,300,600,3,5
995,,,13,1,2,2,81,92,420,540,3,5
996,,,10,2,2,2,28,31,420,540,3,5
997,,,10,2,2,2,54,51,420,540,2,5
998,,,10,1,2,1,10,99,420,540,4,5
999,,,2,1,2,1,58,17,300,600,1,5
1000,,,8,2,2,1,87,37,420,540,3,5
1001,,,12,2,2,2,31,17,60,180,4,5
1002,,,5,1,2,3,72,30,420,540,2,5
1003,,,15,1,2,3,42,18,420,540,4,5
1004,,,3,1,2,2,8,96,300,600,1,5
1005,,,4,2,2,3,100,84,180,300,4,5
1006,,,5,1,2,2,78,26,420,540,1,5
1007,,,10,1,2,3,77,30,300,600,3,5
1008,,,16,1,2,1,53,17,300,600,1,5
1009,,,12,1,2,1,62,35,420,540,3,5
1010,,,12,1,2,2,32,15,300,600,1,5
1011,,,9,1,2,3,32,22,420,540,1,5
1012,,,2,1,2,1,65,53,420,540,1,5
1013,,,10,2,2,3,6,31,300,420,3,5
1014,,,3,2,2,3,98,46,180,300,1,5
1015,,,8,1,2,2,54,25,300,600,1,5
1016,,,3,1,2,2,39,16,300,600,3,5
1017,,,4,1,2,3,63,18,420,540,4,5
1018,,,4,1,2,2,79,6,420,540,1,5
1019,,,7,2,2,3,88,50,60,180,3,5
1020,,,8,1,2,1,84,8,420,540,3,5
1021,,,11,1,2,2,83,10,420,540,2,5
1022,,,13,1,2,3,81,8,420,540,3,5
1023,,,12,1,2,2,73,99,300,600,2,5
1024,,,11,1,2,2,48,69,420,540,1,5
1025,,,3,1,2,2,24,73,420,540,4,5
1026,,,3,1,2,2,43,42,420,540,1,5
1027,,,9,1,2,3,3,43,420,540,2,5
1028,,,3,1,2,2,16,93,420,540,3,5
1029,,,7,1,2,1,59,75,300,600,1,5
1030,,,7,1,2,1,48,68,420,540,2,5
1031,,,7,1,2,2,85,48,420,540,1,5
1032,,,10,1,2,3,88,26,300,600,4,5
1033,,,8,1,2,2,3,19,300,600,2,5
1034,,,3,1,2,2,40,9,420,540,2,5
1035,,,13,2,2,2,65,18,180,300,4,5
1036,,,11,2,2,2,84,50,0,300,3,5
1037,,,2,1,2,2,43,10,300,600,3,5
1038,,,3,1,2,3,9,97,420,540,1,5
1039,,,8,1,2,3,17,22,420,540,3,5
1040,,,8,2,2,2,9,1,60,180,3,5
1041,,,10,1,2,3,5,44,420,540,4,5
1042,,,11,2,2,2,63,57,60,180,1,5
1043,,,13,1,2,2,56,2,300,600,1,5
1044,,,12,2,2,2,93,18,180,300,4,5
1045,,,9,2,2,1,34,62,60,180,4,5
1046,,,13,1,2,1,76,64,420,540,2,5
1047,,,12,1,2,1,51,96,300,600,4,5
1048,,,8,1,2,1,10,86,420,540,2,5
1049,,,11,2,2,2,76,97,420,540,4,5
1050,,,9,2,2,1,34,12,420,540,1,5
1051,,,4,1,2,2,17,52,420,540,4,5
1052,,,10,1,2,1,37,74,300,600,2,5
1053,,,6,1,2,1,71,83,420,540,4,5
1054,,,14,2,2,1,37,34,300,600,1,5
1055,,,15,2,2,2,20,88,0,300,1,5
1056,,,3,2,2,3,55,63,0,300,3,5
1057,,,11,1,2,3,59,18,420,540,2,5
1058,,,12,1,2,3,71,81,300,600,4,5
1059,,,6,1,2,1,64,100,300,600,2,5
1060,,,11,1,2,1,98,24,420,540,3,5
1061,,,15,1,2,3,29,72,420,540,4,5
1062,,,9,2,2,2,41,97,60,180,4,5
1063,,,4,1,2,3,20,28,300,600,2,5
1064,,,11,2,2,3,54,79,0,300,1,5
1065,,,14,1,2,2,50,49,300,600,3,5
1066,,,12,2,2,3,59,94,60,180,3,5
1067,,,8,1,2,3,84,46,300,600,2,5
1068,,,10,1,2,1,11,13,420,540,1,5
1069,,,9,1,2,1,41,68,420,540,4,5
1070,,,14,2,2,3,10,11,60,180,4,5
1071,,,2,1,2,3,33,60,420,540,4,5
1072,,,3,1,2,1,19,26,420,540,4,5
1073,,,9,1,2,1,97,39,300,600,4,5
1074,,,4,2,2,1,7,65,180,300,2,5
1075,,,8,2,2,2,90,46,300,420,2,5
1076,,,6,2,2,1,82,9,180,300,3,5
1077,,,10,2,2,1,12,18,0,300,3,5
1078,,,7,1,2,3,42,22,420,540,4,5
1079,,,6,1,2,1,41,26,300,600,4,5
1080,,,13,2,2,2,69,6,300,600,3,5
1081,,,4,2,2,3,79,22,60,180,1,5
1082,,,7,1,2,1,35,15,420,540,1,5
1083,,,12,1,2,2,82,8,420,540,1,5
1084,,,14,1,2,3,86,51,300,600,3,5
1085,,,9,1,2,3,47,41,420,540,3,5
1086,,,2,2,2,1,44,20,420,540,1,5
1087,,,5,1,2,2,36,75,420,540,2,5
1088,,,5,1,2,1,16,30,420,540,3,5
1089,,,4,1,2,1,1,55,420,540,3,5
1090,,,9,1,2,1,48,1,300,600,1,5
1091,,,6,1,2,2,11,94,300,600,2,5
1092,,,4,2,2,1,35,83,0,300,3,5
1093,,,6,2,2,2,7,51,180,300,4,5
1094,,,11,2,2,3,26,2,300,420,1,5
1095,,,12,2,2,3,67,92,0,300,3,5
1096,,,11,2,2,2,13,52,180,300,2,5
1097,,,14,1,2,3,91,79,420,540,2,5
1098,,,11,2,2,1,62,23,180,300,2,5
1099,,,12,1,2,3,65,98,420,540,3,5
1100,,,12,1,2,3,61,33,300,600,1,5
1101,,,12,2,2,2,74,98,420,540,3,5
1102,,,5,2,2,3,83,57,0,300,4,5
1103,,,9,1,2,2,11,27,300,600,1,5
1104,,,12,2,2,2,9,81,180,300,1,5
1105,,,5,1,2,2,74,13,300,600,3,5
1106,,,8,1,2,1,30,76,300,600,3,5
1107,,,4,1,2,2,94,29,300,600,3,5
1108,,,15,1,2,2,10,42,420,540,4,5
1109,,,14,2,2,1,20,26,60,180,4,5
1110,,,8,1,2,2,35,77,420,540,3,5
1111,,,13,1,2,1,88,48,300,600,2,5
1112,,,3,1,2,3,97,36,420,540,3,5
1113,,,10,1,2,2,79,46,420,540,2,5
1114,,,4,1,2,2,2,83,420,540,1,5
1115,,,12,1,2,3,95,47,420,540,2,5
1116,,,14,1,2,1,63,20,300,600,4,5
1117,,,10,1,2,2,22,40,420,540,3,5
1118,,,15,1,2,1,17,21,420,540,2,5
1119,,,4,2,2,2,34,33,180,300,3,5
1120,,,7,2,2,3,73,54,60,180,4,5
1121,,,5,1,2,3,90,97,300,600,3,5
1122,,,12,1,2,1,33,43,420,540,2,5
1123,,,15,1,2,3,4,18,420,540,1,5
1124,,,11,1,2,2,8,0,300,600,3,5
1125,,,7,1,2,2,0,54,420,540,3,5
1126,,,8,1,2,1,49,88,300,600,3,5
1127,,,11,2,2,2,70,48,300,420,1,5
1128,,,7,1,2,3,6,5,420,540,1,5
1129,,,1,1,2,3,13,12,420,540,1,5
1130,,,5,1,2,3,17,72,300,600,3,5
1131,,,6,1,2,2,29,31,420,540,2,5
1132,,,14,2,2,2,85,12,60,180,3,5
1133,,,11,2,2,3,74,69,300,600,4,5
1134,,,12,1,2,2,27,72,420,540,4,5
1135,,,12,1,2,1,79,79,420,540,3,5
1136,,,4,2,2,2,6,11,60,180,1,5
1137,,,11,1,2,3,51,29,420,540,4,5
1138,,,14,2,2,2,54,50,0,300,1,5
1139,,,5,1,2,3,6,26,300,600,2,5
1140,,,9,1,2,3,38,16,420,540,4,5
1141,,,10,1,2,2,70,23,300,600,4,5
1142,,,5,1,2,3,32,32,420,540,3,5
1143,,,4,2,2,3,34,48,420,540,3,5
1144,,,10,2,2,1,87,93,420,540,1,5
1145,,,3,2,2,2,82,22,60,180,2,5
1146,,,4,1,2,3,92,92,420,540,2,5
1147,,,7,2,2,2,74,77,60,180,3,5
1148,,,16,1,2,3,55,66,420,540,4,5
1149,,,15,1,2,3,64,13,420,540,4,5
1150,,,9,1,2,2,25,9,300,600,2,5
1151,,,4,1,2,2,22,47,300,600,3,5
1152,,,12,1,2,2,38,44,420,540,2,5
1153,,,9,2,2,2,30,58,180,300,4,5
1154,,,7,1,2,1,22,37,300,600,4,5
1155,,,7,1,2,2,37,71,300,600,4,5
1156,,,7,1,2,3,79,24,420,540,1,5
1157,,,3,2,2,1,38,70,0,300,4,5
1158,,,13,2,2,2,46,14,60,180,1,5
1159,,,11,1,2,3,92,52,420,540,2,5
1160,,,3,2,2,2,9,27,180,300,1,5
1161,,,5,1,2,2,75,52,420,540,2,5
1162,,,12,1,2,2,73,92,420,540,1,5
1163,,,7,2,2,2,90,25,60,180,1,5
1164,,,7,2,2,3,25,72,60,180,3,5
1165,,,9,1,2,1,68,45,300,600,2,5
1166,,,9,1,2,3,20,47,300,600,1,5
1167,,,14,2,2,3,76,51,0,300,2,5
1168,,,4,1,2,1,13,56,420,540,2,5
1169,,,13,1,2,1,23,96,300,600,1,5
1170,,,10,2,2,3,97,49,180,300,2,5
1171,,,5,1,2,1,38,31,300,600,1,5
1172,,,11,1,2,1,99,1,420,540,1,5
1173,,,14,1,2,1,31,27,420,540,3,5
1174,,,2,1,2,2,89,36,420,540,2,5
1175,,,14,1,2,1,49,79,300,600,4,5
1176,,,4,1,2,3,79,26,420,540,1,5
1177,,,5,2,2,2,17,3,300,420,4,5
1178,,,12,1,2,1,32,21,300,600,2,5
1179,,,2,2,2,1,64,33,60,180,3,5
1180,,,14,1,2,1,33,44,300,600,2,5
1181,,,8,1,2,1,33,78,300,600,3,5
1182,,,5,2,2,1,88,97,0,300,3,5
1183,,,4,2,2,1,57,3,420,540,3,5
1184,,,11,1,2,1,15,26,300,600,1,5
1185,,,2,1,2,1,76,100,420,540,2,5
1186,,,11,1,2,3,15,67,300,600,1,5
1187,,,12,1,2,2,66,84,300,600,1,5
1188,,,8,1,2,2,90,81,420,540,3,5
1189,,,6,1,2,3,96,94,300,600,1,5
1190,,,7,1,2,2,68,90,420,540,2,5
1191,,,15,1,2,2,12,8,420,540,1,5
1192,,,3,1,2,3,75,5,420,540,4,5
1193,,,10,1,2,3,78,89,300,600,4,5
1194,,,9,1,2,2,93,34,420,540,2,5
1195,,,5,2,2,3,24,53,0,300,4,5
1196,,,6,1,2,1,4,31,420,540,1,5
1197,,,9,1,2,3,22,51,420,540,4,5
1198,,,15,1,2,1,63,58,300,600,1,5
1199,,,11,1,2,3,23,94,420,540,4,5
1200,,,9,1,2,3,58,94,420,540,4,5
1201,,,12,1,2,2,12,42,420,540,4,5
1202,,,8,1,2,3,30,11,420,540,3,5
1203,,,2,1,2,3,25,59,300,600,3,5
1204,,,4,1,2,1,75,45,300,600,1,5
1205,,,10,1,2,3,66,44,420,540,2,5
1206,,,8,1,2,2,5,47,300,600,2,5
1207,,,3,1,2,3,64,66,420,540,3,5
1208,,,2,2,2,1,7,80,180,300,2,5
1209,,,14,2,2,3,84,57,0,300,3,5
1210,,,2,2,2,3,92,22,420,540,4,5
1211,,,3,1,2,2,24,18,420,540,3,5
1212,,,11,1,2,3,67,95,300,600,1,5
1213,,,11,1,2,1,41,86,420,540,3,5
1214,,,1,1,2,2,76,46,420,540,2,5
1215,,,4,1,2,1,55,29,300,600,1,5
1216,,,7,1,2,1,10,52,300,600,2,5
1217,,,2,1,2,2,46,96,300,600,4,5
1218,,,6,1,2,1,62,86,420,540,4,5
1219,,,13,1,2,1,40,60,300,600,1,5
1220,,,6,2,2,2,82,60,420,540,2,5
1221,,,6,1,2,3,23,2,300,600,4,5
1222,,,10,1,2,1,5,99,300,600,3,5
1223,,,1,1,2,3,29,60,420,540,4,5
1224,,,6,1,2,3,17,33,420,540,3,5
1225,,,2,1,2,1,56,15,420,540,4,5
1226,,,14,1,2,2,21,60,300,600,1,5
1227,,,9,1,2,1,11,11,300,600,2,5
1228,,,6,1,2,3,29,37,300,600,3,5
1229,,,4,1,2,2,6,99,420,540,3,5
1230,,,8,1,2,2,0,64,300,600,2,5
1231,,,15,1,2,1,9,20,420,540,2,5
1232,,,8,1,2,1,57,84,420,540,4,5
1233,,,6,1,2,1,35,56,300,600,1,5
1234,,,12,1,2,1,19,76,420,540,1,5
1235,,,10,2,2,2,51,39,180,300,3,5
1236,,,5,2,2,1,18,47,420,540,4,5
1237,,,14,1,2,1,40,89,300,600,1,5
1238,,,2,2,2,2,53,94,180,300,4,5
1239,,,3,2,2,3,7,60,300,420,3,5
1240,,,5,1,2,3,16,26,300,600,3,5
1241,,,13,2,2,3,96,4,300,420,2,5
1242,,,10,1,2,3,53,18,300,600,4,5
1243,,,11,1,2,2,39,11,300,600,2,5
1244,,,9,2,2,3,76,35,180,300,4,5
1245,,,8,1,2,3,30,94,300,600,1,5
1246,,,6,2,2,2,80,18,60,180,2,5
1247,,,2,1,2,3,56,23,300,600,1,5
1248,,,15,1,2,1,11,39,420,540,1,5
1249,,,14,1,2,2,45,39,300,600,4,5
1250,,,4,2,2,2,51,68,420,540,4,5
1251,,,8,2,2,3,75,11,300,600,2,5
1252,,,14,1,2,2,32,37,300,600,1,5
1253,,,9,1,2,1,96,68,300,600,2,5
1254,,,10,2,2,2,55,25,300,420,4,5
1255,,,14,1,2,2,26,9,300,600,2,5
1256,,,6,2,2,2,74,33,180,300,1,5
1257,,,13,1,2,3,53,85,420,540,3,5
1258,,,15,1,2,2,66,39,300,600,4,5
1259,,,4,1,2,2,76,33,420,540,2,5
1260,,,14,1,2,1,81,78,300,600,1,5
1261,,,5,1,2,1,99,37,300,600,4,5
1262,,,7,1,2,2,31,52,300,600,4,5
1263,,,9,2,2,3,64,8,300,420,4,5
1264,,,10,1,2,3,81,5,300,600,1,5
1265,,,3,1,2,1,69,79,420,540,3,5
1266,,,7,1,2,3,63,56,300,600,1,5
1267,,,6,2,2,2,22,64,300,600,2,5
1268,,,12,1,2,1,89,98,300,600,1,5
1269,,,13,1,2,3,75,93,300,600,3,5
1270,,,12,2,2,1,73,28,300,600,3,5
1271,,,9,1,2,1,56,24,300,600,3,5
1272,,,8,1,2,2,56,10,300,600,3,5
1273,,,4,1,2,2,87,33,420,540,1,5
1274,,,12,1,2,3,52,40,420,540,1,5
1275,,,12,1,2,2,76,36,300,600,4,5
1276,,,9,1,2,1,5,23,300,600,2,5
1277,,,10,1,2,1,84,3,420,540,4,5
1278,,,11,2,2,1,44,58,0,300,4,5
1279,,,2,1,2,1,35,29,420,540,1,5
1280,,,8,2,2,3,48,48,0,300,4,5
1281,,,13,1,2,1,15,49,420,540,2,5
1282,,,3,1,2,1,25,23,300,600,4,5
1283,,,6,1,2,3,42,77,300,600,3,5
1284,,,7,1,2,2,12,47,420,540,2,5
1285,,,8,1,2,3,15,53,300,600,2,5
1286,,,12,1,2,2,63,75,300,600,1,5
1287,,,6,2,2,2,46,21,180,300,1,5
1288,,,11,1,2,1,25,29,300,600,3,5
1289,,,8,2,2,3,83,81,60,180,3,5
1290,,,2,2,2,3,85,75,60,180,3,5
1291,,,3,2,2,2,16,57,420,540,3,5
1292,,,12,1,2,3,34,44,300,600,2,5
1293,,,7,1,2,3,40,9,300,600,1,5
1294,,,9,1,2,3,50,36,300,600,1,5
1295,,,6,1,2,2,95,74,420,540,3,5
1296,,,8,1,2,3,83,70,420,540,3,5
1297,,,9,1,2,3,70,67,300,600,1,5
1298,,,12,1,2,1,32,82,420,540,3,5
1299,,,13,1,2,3,59,89,300,600,1,5
1300,,,10,1,2,3,30,25,420,540,2,5
1301,,,10,1,2,1,70,85,300,600,4,5
1302,,,12,1,2,1,55,80,420,540,4,5
1303,,,14,2,2,3,27,26,180,300,4,5
1304,,,3,1,2,2,24,4,300,600,4,5
1305,,,12,1,2,1,6,90,420,540,4,5
1306,,,5,1,2,1,19,18,300,600,3,5
1307,,,15,2,2,3,89,95,0,300,4,5
1308,,,10,1,2,2,0,16,300,600,4,5
1309,,,12,2,2,1,30,38,180,300,2,5
1310,,,8,1,2,3,22,0,300,600,2,5
1311,,,2,1,2,1,80,74,420,540,1,5
1312,,,9,2,2,3,80,38,420,540,2,5
1313,,,8,1,2,1,3,70,420,540,2,5
1314,,,13,2,2,1,43,82,0,300,1,5
1315,,,10,1,2,2,97,84,420,540,3,5
1316,,,4,1,2,3,62,62,300,600,4,5
1317,,,9,1,2,2,22,15,420,540,1,5
1318,,,8,2,2,2,34,20,300,600,1,5
1319,,,9,1,2,1,2,55,300,600,1,5
1320,,,10,1,2,1,55,67,420,540,1,5
1321,,,6,2,2,2,9,16,0,300,4,5
1322,,,9,1,2,1,3,33,420,540,1,5
1323,,,7,1,2,3,59,57,300,600,3,5
1324,,,6,2,2,2,44,7,60,180,1,5
1325,,,12,1,2,2,90,27,420,540,3,5
1326,,,13,2,2,3,22,14,60,180,3,5
1327,,,14,2,2,1,94,61,180,300,4,5
1328,,,6,2,2,2,90,83,300,420,4,5
1329,,,13,2,2,2,4,15,180,300,2,5
1330,,,6,1,2,2,47,94,420,540,4,5
1331,,,9,2,2,1,87,66,60,180,3,5
1332,,,15,1,2,1,100,94,300,600,4,5
1333,,,7,1,2,1,35,25,420,540,3,5
1334,,,5,1,2,1,33,87,420,540,1,5
1335,,,5,1,2,1,72,6,300,600,2,5
1336,,,6,1,2,1,45,18,420,540,3,5
1337,,,4,1,2,3,34,99,420,540,2,5
1338,,,8,1,2,3,75,95,300,600,1,5
1339,,,8,1,2,2,94,40,420,540,4,5
1340,,,8,1,2,1,44,93,300,600,2,5
1341,,,5,2,2,3,43,4,300,420,3,5
1342,,,2,1,2,3,42,12,300,600,4,5
1343,,,4,1,2,2,98,99,300,600,2,5
1344,,,10,1,2,3,32,58,300,600,1,5
1345,,,12,1,2,3,21,50,420,540,3,5
1346,,,7,1,2,2,69,75,420,540,2,5
1347,,,3,1,2,1,18,79,420,540,2,5
1348,,,12,1,2,1,87,30,420,540,1,5
1349,,,8,1,2,3,34,35,420,540,2,5
1350,,,8,1,2,1,24,32,420,540,3,5
1351,,,6,1,2,3,7,74,300,600,4,5
1352,,,12,1,2,2,70,52,420,540,1,5
1353,,,9,1,2,3,73,3,420,540,2,5
1354,,,10,1,2,1,100,86,420,540,2,5
1355,,,2,2,2,2,65,7,0,300,4,5
1356,,,5,1,2,2,30,64,300,600,4,5
1357,,,7,1,2,2,74,70,420,540,3,5
1358,,,13,1,2,3,27,85,420,540,4,5
1359,,,15,1,2,2,81,5,420,540,1,5
1360,,,1,1,2,1,28,91,300,600,3,5
1361,,,16,1,2,2,13,31,420,540,1,5
1362,,,4,2,2,2,22,31,60,180,3,5
1363,,,7,2,2,3,85,70,180,300,1,5
1364,,,10,1,2,1,20,65,300,600,4,5
1365,,,4,2,2,1,47,53,420,540,3,5
1366,,,13,1,2,3,94,34,300,600,4,5
1367,,,6,1,2,1,3,11,420,540,4,5
1368,,,3,1,2,2,89,42,300,600,3,5
1369,,,12,1,2,2,85,71,300,600,1,5
1370,,,14,1,2,1,96,50,420,540,1,5
1371,,,5,1,2,2,62,17,420,540,2,5
1372,,,4,1,2,3,85,5,300,600,2,5
1373,,,15,1,2,3,95,19,300,600,1,5
1374,,,2,1,2,1,84,61,300,600,3,5
1375,,,7,2,2,3,18,31,300,420,1,5
1376,,,11,1,2,3,34,33,420,540,4,5
1377,,,15,2,2,3,20,93,0,300,4,5
1378,,,11,1,2,2,33,51,420,540,1,5
1379,,,13,1,2,2,53,26,420,540,4,5
1380,,,12,1,2,1,82,82,300,600,1,5
1381,,,11,1,2,2,69,75,420,540,3,5
1382,,,3,2,2,2,73,29,180,300,1,5
1383,,,7,1,2,2,41,29,300,600,3,5
1384,,,9,2,2,1,15,80,60,180,2,5
1385,,,12,1,2,2,51,50,420,540,3,5
1386,,,5,1,2,1,92,74,300,600,3,5
1387,,,6,1,2,1,62,21,300,600,2,5
1388,,,7,1,2,1,36,72,420,540,1,5
1389,,,6,1,2,2,68,83,420,540,1,5
1390,,,9,2,2,1,69,53,60,180,3,5
1391,,,5,1,2,2,31,6,300,600,4,5
1392,,,10,1,2,3,85,81,300,600,3,5
1393,,,9,1,2,3,16,90,300,600,3,5
1394,,,5,1,2,2,85,22,300,600,1,5
1395,,,7,1,2,3,71,13,420,540,3,5
1396,,,12,2,2,3,41,39,300,600,1,5
1397,,,4,1,2,3,8,38,420,540,1,5
1398,,,8,2,2,3,49,43,180,300,2,5
1399,,,10,1,2,1,13,79,420,540,1,5
1400,,,11,2,2,1,43,91,180,300,4,5
1401,,,7,1,2,3,33,43,300,600,3,5
1402,,,4,1,2,1,19,23,300,600,1,5
1403,,,13,1,2,3,23,55,300,600,2,5
1404,,,13,2,2,3,87,32,300,600,4,5
1405,,,9,1,2,2,63,76,300,600,4,5
1406,,,16,1,2,3,33,83,300,600,4,5
1407,,,7,1,2,1,68,61,300,600,2,5
1408,,,8,2,2,1,57,83,180,300,1,5
1409,,,13,2,2,2,23,91,420,540,3,5
1410,,,11,2,2,3,17,75,60,180,3,5
1411,,,5,1,2,3,52,11,300,600,1,5
1412,,,6,1,2,1,57,16,420,540,2,5
1413,,,12,2,2,3,44,60,60,180,4,5
1414,,,10,1,2,2,88,77,300,600,2,5
1415,,,14,2,2,2,99,14,300,600,1,5
1416,,,12,2,2,3,26,17,180,300,2,5
1417,,,10,1,2,3,46,18,420,540,1,5
1418,,,3,1,2,1,67,93,300,600,3,5
1419,,,6,1,2,1,64,83,420,540,2,5
1420,,,12,1,2,2,91,10,300,600,1,5
1421,,,10,1,2,1,18,91,300,600,4,5
1422,,,15,1,2,3,1,88,420,540,4,5
1423,,,9,2,2,3,56,82,300,420,2,5
1424,,,3,1,2,2,50,62,300,600,4,5
1425,,,14,2,2,1,95,47,300,420,2,5
1426,,,11,1,2,3,24,83,300,600,3,5
1427,,,4,1,2,3,22,27,420,540,4,5
1428,,,2,2,2,2,6,85,60,180,4,5
1429,,,12,1,2,1,36,58,420,540,1,5
1430,,,3,1,2,2,59,15,420,540,3,5
1431,,,12,1,2,3,6,71,300,600,4,5
1432,,,11,1,2,3,66,38,300,600,4,5
1433,,,4,1,2,1,48,88,420,540,1,5
1434,,,4,1,2,1,36,81,300,600,3,5
1435,,,12,2,2,1,41,60,300,420,2,5
1436,,,5,1,2,3,3,78,300,600,2,5
1437,,,8,1,2,1,100,87,420,540,4,5
1438,,,5,2,2,1,75,91,0,300,2,5
1439,,,2,1,2,2,19,30,420,540,3,5
1440,,,11,1,2,1,100,8,420,540,3,5
1441,,,5,1,2,2,3,67,300,600,2,5
1442,,,6,1,2,3,47,42,300,600,1,5
1443,,,12,1,2,3,67,88,420,540,3,5
1444,,,12,1,2,2,16,23,420,540,2,5
1445,,,5,2,2,2,5,49,420,540,2,5
1446,,,4,2,2,1,61,52,300,600,3,5
1447,,,6,2,2,3,29,3,300,420,3,5
1448,,,9,1,2,3,17,65,420,540,2,5
1449,,,11,1,2,1,78,51,420,540,3,5
1450,,,15,2,2,3,0,15,420,540,3,5
1451,,,8,2,2,2,30,31,60,180,2,5
1452,,,12,1,2,2,34,80,420,540,3,5
1453,,,14,1,2,3,60,69,300,600,1,5
1454,,,9,1,2,1,14,73,420,540,3,5
1455,,,14,1,2,1,18,74,420,540,1,5
1456,,,6,1,2,1,69,58,420,540,3,5
1457,,,4,1,2,1,60,85,420,540,3,5
1458,,,12,1,2,2,70,21,420,540,3,5
1459,,,14,1,2,1,9,61,300,600,1,5
1460,,,9,1,2,3,59,97,420,540,4,5
1461,,,3,1,2,2,16,97,300,600,4,5
1462,,,9,2,2,3,70,92,420,540,2,5
1463,,,11,1,2,3,56,47,420,540,1,5
1464,,,3,2,2,2,53,52,0,300,1,5
1465,,,1,1,2,2,42,95,420,540,4,5
1466,,,5,2,2,3,3,98,180,300,4,5
1467,,,6,1,2,2,36,70,420,540,2,5
1468,,,11,1,2,2,14,88,300,600,3,5
1469,,,6,1,2,2,70,2,420,540,1,5
1470,,,8,1,2,1,11,53,420,540,3,5
1471,,,11,1,2,2,79,19,300,600,4,5
1472,,,9,1,2,1,40,45,300,600,2,5
1473,,,2,1,2,1,12,47,420,540,2,5
1474,,,3,1,2,3,72,27,300,600,1,5
1475,,,3,1,2,2,65,7,420,540,4,5
1476,,,7,1,2,2,100,9,420,540,1,5
1477,,,11,1,2,1,91,65,300,600,1,5
1478,,,9,1,2,2,7,95,420,540,3,5
1479,,,15,2,2,2,46,55,60,180,3,5
1480,,,11,1,2,1,88,32,420,540,2,5
1481,,,11,1,2,1,82,48,420,540,4,5
1482,,,10,1,2,3,75,41,300,600,3,5
1483,,,14,1,2,1,6,74,300,600,2,5
1484,,,14,1,2,1,69,45,300,600,1,5
1485,,,10,1,2,1,95,85,300,600,3,5
1486,,,3,2,2,2,15,23,180,300,4,5
1487,,,9,2,2,1,24,62,60,180,3,5
1488,,,11,1,2,1,51,84,300,600,4,5
1489,,,6,2,2,2,66,22,60,180,1,5
1490,,,8,2,2,3,65,5,0,300,3,5
1491,,,5,1,2,3,95,53,300,600,3,5
1492,,,4,1,2,3,22,93,300,600,3,5
1493,,,14,1,2,1,14,84,420,540,1,5
1494,,,12,2,2,3,15,25,300,420,2,5
1495,,,8,1,2,2,40,15,420,540,2,5
1496,,,9,2,2,1,32,17,180,300,2,5
1497,,,6,2,2,1,50,40,60,180,3,5
1498,,,3,1,2,3,98,45,420,540,3,5
1499,,,3,1,2,2,70,82,300,600,1,5
1500,,,11,2,2,3,0,2,180,300,4,5
1501,,,8,1,2,3,68,71,420,540,4,5
1502,,,3,1,2,2,30,74,300,600,4,5
1503,,,12,2,2,2,78,18,420,540,4,5
1504,,,8,2,2,2,73,15,300,600,3,5
1505,,,6,1,2,3,100,13,300,600,1,5
1506,,,10,1,2,2,35,83,300,600,1,5
1507,,,3,1,2,1,94,13,300,600,2,5
1508,,,6,1,2,2,62,12,300,600,3,5
1509,,,5,1,2,3,49,83,300,600,2,5
1510,,,10,2,2,3,88,49,420,540,1,5
1511,,,2,2,2,3,39,6,300,600,4,5
1512,,,10,2,2,3,62,61,60,180,1,5
1513,,,3,1,2,2,71,99,300,600,2,5
1514,,,7,1,2,2,59,5,420,540,1,5
1515,,,11,1,2,2,38,48,300,600,4,5
1516,,,9,1,2,2,4,10,300,600,4,5
1517,,,5,2,2,3,54,92,300,600,3,5
1518,,,12,1,2,2,98,55,300,600,2,5
1519,,,6,1,2,2,22,22,300,600,2,5
1520,,,13,2,2,2,51,1,180,300,1,5
1521,,,14,2,2,1,51,2,180,300,2,5
1522,,,3,1,2,1,7,14,420,540,3,5
1523,,,15,2,2,2,32,27,60,180,2,5
1524,,,9,1,2,2,66,29,420,540,4,5
1525,,,9,1,2,2,66,56,300,600,4,5
1526,,,2,1,2,3,25,39,300,600,3,5
1527,,,10,1,2,1,7,87,420,540,4,5
1528,,,13,2,2,1,57,5,420,540,1,5
1529,,,6,1,2,3,62,39,300,600,4,5
1530,,,13,1,2,3,97,80,300,600,2,5
1531,,,12,1,2,1,95,33,300,600,1,5
1532,,,13,2,2,2,44,27,60,180,3,5
1533,,,8,1,2,3,36,36,420,540,3,5
1534,,,8,1,2,2,19,77,300,600,4,5
1535,,,4,2,2,1,10,28,420,540,4,5
1536,,,1,1,2,3,48,6,420,540,2,5
1537,,,12,2,2,1,18,23,0,300,1,5
1538,,,2,1,2,2,80,73,420,540,3,5
1539,,,1,1,2,2,16,39,420,540,4,5
1540,,,14,1,2,1,95,67,420,540,2,5
1541,,,13,1,2,1,27,2,420,540,1,5
1542,,,12,1,2,2,72,33,420,540,1,5
1543,,,10,1,2,1,14,72,420,540,2,5
1544,,,11,1,2,1,78,55,420,540,4,5
1545,,,11,1,2,3,60,8,300,600,1,5
1546,,,12,2,2,1,99,6,180,300,4,5
1547,,,11,2,2,3,55,89,60,180,4,5
1548,,,5,2,2,1,27,72,300,420,1,5
1549,,,6,1,2,2,80,36,300,600,1,5
1550,,,13,1,2,2,11,71,300,600,2,5
1551,,,13,2,2,1,19,40,0,300,4,5
1552,,,13,1,2,1,51,98,300,600,3,5
1553,,,15,2,2,3,55,64,180,300,1,5
1554,,,4,1,2,3,70,61,420,540,2,5
1555,,,6,1,2,2,84,37,420,540,2,5
1556,,,12,1,2,1,0,68,300,600,2,5
1557,,,1,1,2,2,89,79,420,540,2,5
1558,,,5,1,2,3,11,20,420,540,1,5
1559,,,7,1,2,3,18,96,300,600,4,5
1560,,,2,1,2,2,71,76,420,540,2,5
1561,,,12,2,2,1,61,44,420,540,3,5
1562,,,3,1,2,3,14,33,300,600,4,5
1563,,,5,2,2,3,76,80,420,540,3,5
1564,,,2,1,2,3,99,74,420,540,2,5
1565,,,15,1,2,1,44,86,300,600,1,5
1566,,,10,2,2,1,44,22,0,300,2,5
1567,,,15,1,2,2,70,5,420,540,3,5
1568,,,9,1,2,1,88,22,420,540,2,5
1569,,,2,1,2,2,88,58,300,600,1,5
1570,,,6,1,2,3,13,42,420,540,3,5
1571,,,5,1,2,2,78,91,300,600,2,5
1572,,,3,1,2,2,80,9,300,600,3,5
1573,,,7,1,2,1,66,13,300,600,1,5
1574,,,9,1,2,3,54,65,300,600,2,5
1575,,,11,2,2,2,81,16,60,180,3,5
1576,,,12,1,2,1,39,12,420,540,1,5
1577,,,3,2,2,3,40,43,0,300,1,5
1578,,,2,1,2,3,96,65,300,600,1,5
1579,,,7,1,2,1,7,11,420,540,3,5
1580,,,15,1,2,3,35,58,420,540,4,5
1581,,,16,1,2,1,93,61,300,600,3,5
1582,,,8,2,2,3,43,94,420,540,3,5
1583,,,6,2,2,1,86,25,420,540,4,5
1584,,,8,2,2,1,36,66,300,600,3,5
1585,,,6,1,2,2,52,38,420,540,2,5
1586,,,5,1,2,2,74,56,300,600,3,5
1587,,,7,2,2,1,52,51,180,300,1,5
1588,,,1,1,2,3,14,97,420,540,2,5
1589,,,13,2,2,3,63,91,0,300,4,5
1590,,,12,1,2,2,57,86,420,540,1,5
1591,,,14,1,2,2,93,64,300,600,3,5
1592,,,10,1,2,1,41,86,420,540,1,5
1593,,,9,2,2,1,65,46,0,300,1,5
1594,,,10,1,2,1,75,66,300,600,4,5
1595,,,2,1,2,3,56,100,420,540,2,5
1596,,,13,2,2,1,32,23,420,540,2,5
1597,,,2,1,2,1,65,63,300,600,3,5
1598,,,12,1,2,1,54,80,300,600,3,5
1599,,,13,1,2,2,42,25,420,540,3,5
1600,,,3,1,2,3,40,32,300,600,3,5
1601,,,4,2,2,2,37,98,420,540,1,5
1602,,,6,1,2,2,52,32,300,600,3,5
1603,,,8,2,2,2,55,23,420,540,4,5
1604,,,12,1,2,3,55,57,420,540,2,5
1605,,,15,2,2,2,40,12,420,540,1,5
1606,,,11,2,2,1,5,43,0,300,4,5
1607,,,15,1,2,3,19,42,420,540,2,5
1608,,,13,1,2,1,15,58,300,600,3,5
1609,,,4,1,2,1,35,94,300,600,2,5
1610,,,11,1,2,3,12,26,300,600,4,5
1611,,,8,1,2,2,95,17,300,600,4,5
1612,,,8,1,2,1,65,41,420,540,4,5
1613,,,3,2,2,1,31,46,420,540,3,5
1614,,,7,2,2,2,4,73,180,300,1,5
1615,,,6,1,2,3,53,2,420,540,3,5
1616,,,15,1,2,3,10,45,420,540,1,5
1617,,,2,1,2,2,45,52,300,600,4,5
1618,,,6,1,2,2,79,22,420,540,3,5
1619,,,3,1,2,1,13,55,420,540,3,5
1620,,,14,1,2,2,38,28,420,540,1,5
1621,,,5,2,2,2,79,71,0,300,2,5
1622,,,3,2,2,2,97,93,300,420,4,5
1623,,,13,1,2,2,61,51,420,540,3,5
1624,,,12,1,2,1,87,71,300,600,1,5
1625,,,12,1,2,3,95,61,420,540,3,5
1626,,,8,1,2,3,100,60,300,600,1,5
1627,,,7,1,2,2,65,52,420,540,1,5
1628,,,14,1,2,3,4,77,300,600,3,5
1629,,,3,1,2,3,36,10,420,540,4,5
1630,,,14,1,2,1,48,56,300,600,1,5
1631,,,8,1,2,3,65,71,420,540,3,5
1632,,,9,2,2,3,20,30,300,420,2,5
1633,,,2,2,2,1,71,33,0,300,4,5
1634,,,15,1,2,2,79,81,420,540,1,5
1635,,,7,1,2,3,60,85,300,600,1,5
1636,,,2,2,2,1,55,73,180,300,1,5
1637,,,7,1,2,1,58,52,300,600,1,5
1638,,,13,1,2,2,73,14,300,600,1,5
1639,,,9,1,2,1,69,54,300,600,4,5
1640,,,13,1,2,3,87,47,300,600,4,5
1641,,,13,1,2,2,47,41,420,540,4,5
1642,,,9,1,2,2,0,97,300,600,3,5
1643,,,2,2,2,3,79,67,180,300,3,5
1644,,,13,1,2,2,96,56,300,600,1,5
1645,,,6,1,2,1,47,59,420,540,2,5
1646,,,11,1,2,1,41,68,300,600,4,5
1647,,,14,1,2,2,90,32,420,540,2,5
1648,,,6,2,2,3,59,67,300,600,4,5
1649,,,9,2,2,3,55,51,420,540,1,5
1650,,,11,2,2,2,17,81,180,300,1,5
1651,,,5,1,2,2,83,14,420,540,3,5
1652,,,9,1,2,1,65,61,300,600,2,5
1653,,,2,2,2,1,31,45,0,300,1,5
1654,,,15,2,2,2,82,89,0,300,1,5
1655,,,2,1,2,2,93,43,420,540,4,5
1656,,,9,1,2,2,67,3,300,600,3,5
1657,,,11,1,2,3,75,27,300,600,4,5
1658,,,15,1,2,1,41,95,420,540,2,5
1659,,,8,2,2,1,38,23,300,420,1,5
1660,,,10,1,2,1,89,49,300,600,4,5
1661,,,5,1,2,1,43,19,300,600,3,5
1662,,,14,1,2,3,32,13,420,540,4,5
1663,,,11,1,2,1,29,64,300,600,2,5
1664,,,6,1,2,1,48,83,300,600,2,5
1665,,,8,1,2,2,60,80,300,600,4,5
1666,,,9,1,2,3,60,6,420,540,2,5
1667,,,8,1,2,3,74,60,420,540,3,5
1668,,,10,2,2,3,67,95,180,300,4,5
1669,,,9,1,2,1,74,18,300,600,2,5
1670,,,4,1,2,1,37,29,420,540,3,5
1671,,,3,1,2,2,91,50,300,600,4,5
1672,,,14,1,2,3,25,8,300,600,4,5
1673,,,8,1,2,3,54,78,300,600,1,5
1674,,,7,1,2,3,52,5,420,540,4,5
1675,,,5,1,2,1,55,64,420,540,2,5
1676,,,13,2,2,2,51,87,180,300,3,5
1677,,,15,1,2,2,9,32,420,540,3,5
1678,,,3,2,2,3,31,24,60,180,1,5
1679,,,13,2,2,2,18,75,300,600,4,5
1680,,,15,2,2,3,48,76,60,180,1,5
1681,,,10,1,2,2,69,32,300,600,4,5
1682,,,4,2,2,2,44,74,60,180,2,5
1683,,,2,2,2,1,74,32,180,300,2,5
1684,,,8,1,2,1,88,1,420,540,4,5
1685,,,7,1,2,3,14,36,420,540,4,5
1686,,,5,1,2,2,93,61,300,600,3,5
1687,,,12,1,2,2,85,64,420,540,3,5
1688,,,6,1,2,1,44,17,420,540,2,5
1689,,,15,1,2,2,57,47,420,540,4,5
1690,,,10,1,2,2,36,61,420,540,4,5
1691,,,9,2,2,1,55,31,300,420,2,5
1692,,,2,1,2,3,75,47,300,600,3,5
1693,,,2,1,2,2,63,78,300,600,4,5
1694,,,8,1,2,2,32,51,300,600,2,5
1695,,,13,1,2,2,13,82,420,540,3,5
1696,,,11,1,2,3,60,49,300,600,2,5
1697,,,1,1,2,2,98,69,300,600,1,5
1698,,,6,2,2,1,74,58,60,180,2,5
1699,,,3,1,2,2,28,53,300,600,4,5
1700,,,8,1,2,3,31,31,420,540,3,5
1701,,,14,1,2,1,22,65,420,540,1,5
1702,,,9,1,2,3,90,46,420,540,2,5
1703,,,15,1,2,1,19,16,300,600,4,5
1704,,,2,1,2,1,92,95,300,600,1,5
1705,,,14,1,2,1,88,92,300,600,3,5
1706,,,4,2,2,1,53,44,0,300,1,5
1707,,,7,1,2,3,23,9,300,600,1,5
1708,,,7,2,2,1,87,82,60,180,2,5
1709,,,4,2,2,3,28,63,60,180,1,5
1710,,,15,2,2,3,95,39,420,540,4,5
1711,,,10,1,2,3,100,84,300,600,4,5
1712,,,3,1,2,1,1,32,300,600,3,5
1713,,,9,1,2,2,68,4,420,540,2,5
1714,,,14,1,2,3,42,32,300,600,4,5
1715,,,3,2,2,2,0,91,0,300,4,5
1716,,,13,2,2,3,43,69,420,540,2,5
1717,,,6,2,2,3,18,57,180,300,3,5
1718,,,7,1,2,2,90,19,300,600,2,5
1719,,,11,1,2,1,14,20,420,540,2,5
1720,,,13,2,2,1,48,45,300,420,3,5
1721,,,11,2,2,3,95,86,420,540,4,5
1722,,,9,1,2,1,19,63,300,600,4,5
1723,,,14,1,2,3,46,89,300,600,3,5
1724,,,11,1,2,2,40,66,300,600,4,5
1725,,,13,1,2,2,65,59,420,540,1,5
1726,,,6,1,2,2,29,13,300,600,1,5
1727,,,3,1,2,1,77,87,420,540,4,5
1728,,,4,1,2,3,47,7,300,600,2,5
1729,,,15,1,2,2,38,23,300,600,2,5
1730,,,15,2,2,2,70,77,420,540,3,5
1731,,,3,1,2,3,7,71,420,540,4,5
1732,,,9,1,2,1,84,29,420,540,3,5
1733,,,11,1,2,2,3,0,300,600,1,5
1734,,,3,2,2,1,66,86,300,600,1,5
1735,,,5,1,2,1,12,12,420,540,1,5
1736,,,6,1,2,3,50,93,300,600,2,5
1737,,,11,1,2,2,56,91,420,540,2,5
1738,,,14,1,2,3,22,22,420,540,4,5
1739,,,9,1,2,1,40,82,300,600,2,5
1740,,,13,1,2,1,89,48,420,540,1,5
1741,,,1,1,2,1,54,7,420,540,3,5
1742,,,6,1,2,3,66,0,420,540,2,5
1743,,,14,2,2,3,66,55,180,300,1,5
1744,,,12,2,2,1,0,78,300,600,4,5
1745,,,7,1,2,3,72,73,300,600,4,5
1746,,,2,1,2,2,17,59,420,540,4,5
1747,,,1,1,2,2,40,83,420,540,1,5
1748,,,8,1,2,3,5,13,300,600,1,5
1749,,,4,1,2,1,91,79,300,600,2,5
1750,,,8,2,2,3,11,55,180,300,2,5
1751,,,11,1,2,2,59,58,300,600,2,5
1752,,,7,2,2,2,59,46,0,300,2,5
1753,,,4,1,2,3,57,10,300,600,2,5
1754,,,8,1,2,3,13,44,420,540,1,5
1755,,,15,1,2,1,3,63,420,540,1,5
1756,,,12,1,2,3,11,52,420,540,1,5
1757,,,8,2,2,1,75,89,420,540,4,5
1758,,,14,1,2,3,14,24,420,540,3,5
1759,,,13,2,2,2,70,33,180,300,4,5
1760,,,4,1,2,3,30,52,300,600,4,5
1761,,,2,1,2,2,83,3,300,600,4,5
1762,,,11,2,2,1,58,89,420,540,3,5
1763,,,9,1,2,2,23,53,300,600,2,5
1764,,,9,2,2,2,96,4,180,300,1,5
1765,,,15,1,2,2,36,17,300,600,3,5
1766,,,10,1,2,3,48,86,300,600,3,5
1767,,,5,1,2,2,69,42,300,600,3,5
1768,,,5,1,2,1,59,26,300,600,3,5
1769,,,6,2,2,1,83,100,60,180,4,5
1770,,,8,2,2,3,1,1,180,300,4,5
1771,,,14,1,2,1,90,76,300,600,1,5
1772,,,12,1,2,2,44,55,420,540,1,5
1773,,,9,1,2,2,12,82,300,600,1,5
1774,,,7,1,2,1,13,36,300,600,3,5
1775,,,12,1,2,2,16,98,300,600,3,5
1776,,,11,1,2,2,13,54,300,600,4,5
1777,,,8,1,2,3,3,65,300,600,4,5
1778,,,7,1,2,2,15,57,420,540,1,5
1779,,,9,2,2,3,36,93,420,540,3,5
1780,,,3,1,2,2,21,90,420,540,3,5
1781,,,5,1,2,2,14,54,420,540,1,5
1782,,,11,1,2,3,62,79,420,540,4,5
1783,,,10,2,2,2,57,17,60,180,3,5
1784,,,10,1,2,1,53,96,420,540,2,5
1785,,,5,1,2,2,41,91,300,600,2,5
1786,,,2,1,2,2,7,77,300,600,4,5
1787,,,7,2,2,2,33,26,180,300,4,5
1788,,,11,2,2,1,56,35,0,300,1,5
1789,,,2,1,2,3,24,35,420,540,1,5
1790,,,2,1,2,2,98,92,300,600,4,5
1791,,,4,1,2,1,49,39,300,600,3,5
1792,,,7,1,2,2,29,28,300,600,2,5
1793,,,16,2,2,1,98,49,300,420,3,5
1794,,,3,1,2,1,20,7,420,540,1,5
1795,,,12,1,2,2,41,71,300,600,2,5
1796,,,3,1,2,3,26,64,300,600,2,5
1797,,,12,1,2,1,74,87,420,540,1,5
1798,,,14,2,2,3,66,71,0,300,2,5
1799,,,5,1,2,2,63,55,420,540,2,5
1800,,,5,1,2,3,61,54,420,540,4,5
1801,,,9,1,2,1,47,54,420,540,4,5
1802,,,3,1,2,2,96,11,300,600,2,5
1803,,,10,1,2,2,86,77,420,540,2,5
1804,,,5,1,2,3,82,53,420,540,3,5
1805,,,7,1,2,3,74,4,300,600,3,5
1806,,,3,2,2,2,9,3,300,420,2,5
1807,,,13,1,2,3,95,100,420,540,2,5
1808,,,15,1,2,3,47,62,420,540,4,5
1809,,,2,1,2,2,16,93,420,540,1,5
1810,,,9,1,2,2,76,95,420,540,2,5
1811,,,8,1,2,2,55,50,420,540,1,5
1812,,,13,1,2,1,51,16,300,600,1,5
1813,,,11,1,2,3,29,64,420,540,2,5
1814,,,15,1,2,1,28,64,420,540,2,5
1815,,,7,1,2,2,70,24,300,600,3,5
1816,,,4,1,2,2,34,60,300,600,3,5
1817,,,14,1,2,1,6,26,420,540,3,5
1818,,,4,1,2,2,0,8,300,600,2,5
1819,,,14,1,2,3,56,87,420,540,3,5
1820,,,6,1,2,3,67,48,420,540,3,5
1821,,,5,1,2,1,8,2,300,600,1,5
1822,,,15,1,2,2,18,75,420,540,4,5
1823,,,8,1,2,2,58,61,420,540,4,5
1824,,,13,2,2,3,92,49,60,180,1,5
1825,,,9,2,2,2,71,38,0,300,1,5
1826,,,4,1,2,1,75,11,300,600,2,5
1827,,,12,1,2,3,88,6,300,600,2,5
1828,,,14,1,2,2,10,46,420,540,2,5
1829,,,10,1,2,3,78,97,300,600,3,5
1830,,,10,1,2,3,40,35,300,600,3,5
1831,,,8,1,2,2,41,13,300,600,4,5
1832,,,9,1,2,3,53,10,300,600,2,5
1833,,,3,1,2,2,11,91,420,540,2,5
1834,,,5,1,2,3,71,36,420,540,3,5
1835,,,6,1,2,3,17,16,300,600,4,5
1836,,,6,1,2,2,48,94,420,540,3,5
1837,,,10,1,2,3,24,47,300,600,3,5
1838,,,9,1,2,1,67,100,300,600,1,5
1839,,,5,1,2,3,39,69,300,600,4,5
1840,,,5,1,2,2,31,25,300,600,1,5
1841,,,11,1,2,1,5,49,420,540,1,5
1842,,,4,1,2,2,20,74,420,540,1,5
1843,,,6,1,2,1,44,61,420,540,1,5
1844,,,4,1,2,1,70,31,300,600,4,5
1845,,,13,1,2,2,59,37,300,600,4,5
1846,,,2,1,2,2,77,4,300,600,1,5
1847,,,14,1,2,3,95,3,420,540,1,5
1848,,,5,1,2,3,34,99,420,540,4,5
1849,,,9,1,2,1,83,37,420,540,2,5
1850,,,3,2,2,1,97,67,300,420,1,5
1851,,,11,2,2,2,86,68,420,540,3,5
1852,,,2,1,2,3,70,15,420,540,3,5
1853,,,2,1,2,1,11,61,420,540,4,5
1854,,,12,1,2,2,77,13,300,600,4,5
1855,,,8,1,2,1,69,10,300,600,2,5
1856,,,8,1,2,1,24,60,420,540,2,5
1857,,,13,2,2,3,29,71,60,180,3,5
1858,,,14,1,2,3,61,45,420,540,2,5
1859,,,13,1,2,1,99,65,420,540,2,5
1860,,,8,2,2,2,33,13,300,600,3,5
1861,,,9,1,2,2,83,72,420,540,4,5
1862,,,9,1,2,3,21,0,420,540,4,5
1863,,,11,1,2,3,29,10,420,540,3,5
1864,,,13,2,2,2,72,9,60,180,2,5
1865,,,14,1,2,1,16,23,420,540,1,5
1866,,,2,1,2,2,91,62,300,600,4,5
1867,,,7,2,2,2,20,23,60,180,2,5
1868,,,11,2,2,1,22,34,60,180,4,5
1869,,,13,2,2,1,88,25,0,300,2,5
1870,,,4,1,2,1,72,20,420,540,1,5
1871,,,6,2,2,1,37,11,180,300,2,5
1872,,,2,1,2,2,39,2,420,540,3,5
1873,,,11,1,2,3,99,13,300,600,4,5
1874,,,4,1,2,1,60,85,420,540,3,5
1875,,,2,1,2,3,59,72,300,600,1,5
1876,,,6,2,2,3,38,58,180,300,2,5
1877,,,14,1,2,2,27,91,300,600,1,5
1878,,,4,1,2,3,6,29,420,540,4,5
1879,,,13,1,2,1,39,85,300,600,1,5
1880,,,11,1,2,1,97,42,420,540,1,5
1881,,,11,2,2,2,30,30,420,540,1,5
1882,,,14,2,2,2,58,95,0,300,2,5
1883,,,13,1,2,3,7,69,420,540,4,5
1884,,,9,1,2,2,21,54,420,540,2,5
1885,,,11,1,2,2,84,74,420,540,4,5
1886,,,12,2,2,3,23,88,0,300,2,5
1887,,,10,1,2,1,42,92,420,540,2,5
1888,,,6,1,2,2,22,6,300,600,2,5
1889,,,10,1,2,2,57,54,420,540,2,5
1890,,,12,1,2,2,22,93,420,540,4,5
1891,,,9,1,2,2,95,97,420,540,2,5
1892,,,4,1,2,3,45,11,420,540,1,5
1893,,,10,1,2,1,40,72,420,540,1,5
1894,,,5,2,2,1,49,84,300,420,1,5
1895,,,7,1,2,1,48,10,300,600,1,5
1896,,,14,2,2,2,90,81,60,180,3,5
1897,,,8,1,2,1,6,66,420,540,1,5
1898,,,11,1,2,2,64,6,300,600,2,5
1899,,,13,1,2,3,13,84,420,540,1,5
1900,,,14,1,2,3,69,45,300,600,2,5
1901,,,12,2,2,2,23,73,420,540,1,5
1902,,,7,2,2,2,62,6,300,600,4,5
1903,,,10,1,2,3,1,20,420,540,2,5
1904,,,9,2,2,3,68,77,60,180,4,5
1905,,,6,1,2,2,63,2,420,540,3,5
1906,,,8,1,2,2,66,71,300,600,1,5
1907,,,8,1,2,3,42,57,420,540,4,5
1908,,,5,1,2,3,61,43,300,600,4,5
1909,,,15,1,2,2,7,88,420,540,1,5
1910,,,15,2,2,1,42,5,0,300,4,5
1911,,,12,1,2,1,25,55,420,540,4,5
1912,,,13,1,2,2,87,92,420,540,4,5
1913,,,13,1,2,1,52,96,300,600,4,5
1914,,,4,1,2,1,64,35,420,540,2,5
1915,,,5,1,2,2,100,82,300,600,1,5
1916,,,4,1,2,3,96,92,420,540,3,5
1917,,,13,2,2,3,81,82,300,420,3,5
1918,,,13,1,2,2,35,20,300,600,2,5
1919,,,8,1,2,2,12,16,420,540,2,5
1920,,,7,1,2,2,14,88,420,540,1,5
1921,,,9,2,2,1,43,32,420,540,4,5
1922,,,10,1,2,3,75,89,300,600,4,5
1923,,,9,1,2,1,18,4,420,540,2,5
1924,,,9,1,2,1,55,100,420,540,4,5
1925,,,10,1,2,2,80,89,300,600,4,5
1926,,,10,1,2,2,42,19,420,540,2,5
1927,,,10,2,2,2,64,45,60,180,3,5
1928,,,7,1,2,2,8,36,420,540,1,5
1929,,,6,2,2,2,94,10,180,300,4,5
1930,,,5,1,2,1,4,79,420,540,3,5
1931,,,14,2,2,1,51,9,0,300,4,5
1932,,,14,2,2,3,65,84,0,300,4,5
1933,,,11,1,2,2,46,41,300,600,2,5
1934,,,4,1,2,3,98,60,420,540,3,5
1935,,,12,1,2,3,8,23,300,600,2,5
1936,,,10,1,2,1,64,21,420,540,4,5
1937,,,10,1,2,2,13,66,420,540,3,5
1938,,,2,1,2,1,54,33,420,540,4,5
1939,,,4,1,2,1,22,75,300,600,1,5
1940,,,8,2,2,2,42,29,180,300,3,5
1941,,,14,1,2,3,19,90,300,600,4,5
1942,,,4,2,2,1,74,33,420,540,4,5
1943,,,14,1,2,1,10,61,420,540,4,5
1944,,,9,1,2,2,60,34,300,600,3,5
1945,,,11,1,2,1,84,19,420,540,2,5
1946,,,7,1,2,1,39,0,300,600,4,5
1947,,,12,1,2,1,96,63,300,600,4,5
1948,,,7,2,2,2,99,52,60,180,4,5
1949,,,16,1,2,3,48,93,420,540,3,5
1950,,,15,1,2,2,27,19,300,600,3,5
1951,,,12,2,2,1,11,52,300,600,1,5
1952,,,6,1,2,2,43,83,420,540,1,5
1953,,,12,1,2,2,69,2,300,600,4,5
1954,,,11,1,2,1,13,19,300,600,4,5
1955,,,4,1,2,1,91,60,420,540,3,5
1956,,,12,1,2,1,16,13,420,540,4,5
1957,,,6,1,2,1,85,1,420,540,4,5
1958,,,9,2,2,3,71,36,300,600,1,5
1959,,,15,2,2,3,16,71,300,600,3,5
1960,,,10,1,2,1,62,24,420,540,1,5
1961,,,6,1,2,3,93,44,300,600,2,5
1962,,,4,1,2,2,69,76,420,540,3,5
1963,,,14,1,2,1,89,79,300,600,2,5
1964,,,12,1,2,1,62,7,300,600,1,5
1965,,,7,2,2,2,24,54,420,540,3,5
1966,,,12,2,2,3,14,37,180,300,2,5
1967,,,2,1,2,3,17,37,420,540,4,5
1968,,,9,1,2,2,9,87,420,540,3,5
1969,,,7,1,2,3,96,75,420,540,2,5
1970,,,7,1,2,2,79,25,300,600,2,5
1971,,,15,1,2,1,39,84,300,600,4,5
1972,,,4,2,2,3,45,20,420,540,4,5
1973,,,8,1,2,1,41,58,300,600,2,5
1974,,,1,1,2,3,52,37,420,540,1,5
1975,,,14,1,2,2,31,1,300,600,2,5
1976,,,8,1,2,2,6,64,300,600,4,5
1977,,,13,2,2,2,42,31,420,540,2,5
1978,,,13,1,2,2,46,43,420,540,2,5
1979,,,8,1,2,1,45,25,300,600,1,5
1980,,,7,1,2,1,77,5,420,540,4,5
1981,,,14,1,2,2,19,55,300,600,1,5
1982,,,4,1,2,1,28,59,300,600,4,5
1983,,,7,2,2,3,78,16,420,540,3,5
1984,,,2,2,2,2,25,53,300,420,4,5
1985,,,5,2,2,1,98,43,420,540,4,5
1986,,,16,1,2,2,20,16,420,540,2,5
1987,,,12,1,2,1,45,8,300,600,4,5
1988,,,3,1,2,1,57,66,300,600,1,5
1989,,,8,1,2,2,21,97,300,600,1,5
1990,,,10,2,2,3,84,24,60,180,2,5
1991,,,3,2,2,3,97,24,0,300,2,5
1992,,,4,1,2,2,59,77,300,600,4,5
1993,,,5,1,2,2,40,16,300,600,3,5
1994,,,16,1,2,3,41,7,420,540,1,5
1995,,,2,1,2,2,14,43,300,600,1,5
1996,,,6,1,2,1,49,40,300,600,3,5
1997,,,8,2,2,1,78,94,180,300,3,5
1998,,,5,1,2,1,58,74,300,600,4,5
1999,,,9,2,2,2,82,11,420,540,1,5
2000,,,3,1,2,3,6,61,420,540,4,5
2001,,,6,1,2,3,16,99,420,540,2,5
2002,,,12,2,2,2,53,70,300,420,2,5
2003,,,7,1,2,2,38,31,300,600,3,5
2004,,,11,1,2,3,66,34,300,600,3,5
2005,,,12,1,2,1,31,55,420,540,3,5
2006,,,1,1,2,2,51,97,420,540,4,5
2007,,,8,1,2,2,88,30,300,600,4,5
2008,,,2,1,2,3,49,34,420,540,3,5
2009,,,8,2,2,3,16,1,420,540,3,5
2010,,,5,2,2,1,84,28,0,300,1,5
2011,,,4,1,2,3,52,58,420,540,2,5
2012,,,12,2,2,1,88,24,300,600,3,5
2013,,,7,1,2,1,26,19,420,540,2,5
2014,,,3,1,2,2,4,78,300,600,1,5
2015,,,6,1,2,2,42,79,420,540,4,5
2016,,,3,1,2,3,69,77,300,600,3,5
2017,,,12,2,2,1,50,3,300,600,3,5
2018,,,12,1,2,3,70,73,300,600,2,5
2019,,,10,2,2,3,20,85,60,180,4,5
2020,,,14,1,2,1,20,69,300,600,3,5
2021,,,13,1,2,3,72,42,300,600,3,5
2022,,,3,1,2,1,68,25,420,540,1,5
2023,,,14,1,2,1,69,62,300,600,3,5
2024,,,6,1,2,2,36,56,420,540,4,5
2025,,,1,1,2,3,0,49,420,540,3,5
2026,,,11,1,2,1,0,0,420,540,1,5
2027,,,6,1,2,2,8,64,420,540,3,5
2028,,,3,1,2,1,12,13,300,600,4,5
2029,,,14,1,2,1,41,99,300,600,1,5
2030,,,14,1,2,3,68,85,300,600,3,5
2031,,,7,2,2,2,34,25,60,180,2,5
2032,,,9,1,2,2,67,17,300,600,4,5
2033,,,5,2,2,2,70,82,180,300,1,5
2034,,,4,1,2,1,60,80,420,540,4,5
2035,,,12,1,2,3,93,65,420,540,3,5
2036,,,6,1,2,3,61,73,420,540,3,5
2037,,,5,2,2,1,52,62,300,600,2,5
2038,,,10,2,2,2,87,3,300,600,4,5
2039,,,5,1,2,1,52,23,300,600,2,5
2040,,,11,1,2,3,86,29,300,600,2,5
2041,,,6,1,2,2,80,83,420,540,3,5
2042,,,4,1,2,3,73,52,300,600,3,5
2043,,,15,1,2,3,83,19,300,600,3,5
2044,,,2,1,2,2,69,20,420,540,1,5
2045,,,9,1,2,1,39,4,300,600,3,5
2046,,,8,2,2,3,22,50,180,300,3,5
2047,,,4,1,2,3,35,88,420,540,4,5
2048,,,14,2,2,3,6,37,180,300,4,5
2049,,,5,2,2,2,97,79,180,300,2,5
2050,,,14,1,2,1,96,74,300,600,2,5
2051,,,7,2,2,2,10,34,300,420,2,5
2052,,,14,1,2,1,90,71,300,600,4,5
2053,,,3,1,2,1,45,60,300,600,1,5
2054,,,10,1,2,1,98,29,420,540,2,5
2055,,,8,2,2,1,62,24,0,300,3,5
2056,,,7,1,2,2,78,12,300,600,3,5
2057,,,11,1,2,1,92,34,420,540,4,5
2058,,,9,2,2,2,35,68,0,300,2,5
2059,,,2,1,2,2,50,35,420,540,1,5
2060,,,9,1,2,3,84,7,420,540,3,5
2061,,,10,1,2,2,58,22,420,540,4,5
2062,,,7,1,2,3,54,16,420,540,1,5
2063,,,4,1,2,3,43,45,420,540,4,5
2064,,,7,2,2,2,37,74,0,300,4,5
2065,,,15,1,2,1,87,88,420,540,3,5
2066,,,12,2,2,3,98,62,300,600,1,5
2067,,,10,1,2,2,43,21,300,600,4,5
2068,,,14,2,2,1,42,2,60,180,2,5
2069,,,6,2,2,2,7,45,420,540,2,5
2070,,,2,2,2,1,77,18,420,540,2,5
2071,,,3,1,2,1,26,7,420,540,1,5
2072,,,6,1,2,3,12,14,300,600,1,5
2073,,,4,1,2,2,100,28,420,540,4,5
2074,,,8,1,2,3,65,5,300,600,2,5
2075,,,5,1,2,2,43,52,300,600,3,5
2076,,,9,1,2,1,92,58,300,600,1,5
2077,,,15,2,2,1,11,1,60,180,3,5
2078,,,6,2,2,2,91,83,60,180,4,5
2079,,,13,1,2,2,65,34,300,600,1,5
2080,,,4,2,2,2,89,48,180,300,2,5
2081,,,11,1,2,1,56,90,420,540,1,5
2082,,,11,1,2,3,96,49,420,540,4,5
2083,,,3,2,2,2,56,11,0,300,1,5
2084,,,14,1,2,3,55,92,300,600,1,5
2085,,,9,1,2,2,86,71,420,540,3,5
2086,,,11,2,2,2,14,79,180,300,4,5
2087,,,10,1,2,2,95,65,420,540,2,5
2088,,,1,1,2,1,61,76,420,540,3,5
2089,,,6,1,2,2,90,59,300,600,3,5
2090,,,2,1,2,2,39,21,420,540,1,5
2091,,,7,1,2,2,2,67,420,540,3,5
2092,,,2,1,2,3,74,25,300,600,2,5
2093,,,14,1,2,1,24,0,300,600,2,5
2094,,,3,2,2,1,40,10,420,540,4,5
2095,,,3,1,2,3,81,52,420,540,1,5
2096,,,14,2,2,1,89,20,420,540,1,5
2097,,,9,1,2,1,76,89,300,600,1,5
2098,,,16,1,2,2,45,72,420,540,2,5
2099,,,9,1,2,1,22,54,300,600,3,5
2100,,,4,1,2,2,19,4,300,600,3,5
2101,,,4,1,2,2,8,3,300,600,1,5
2102,,,13,1,2,2,48,70,300,600,2,5
2103,,,14,1,2,3,21,8,300,600,4,5
2104,,,10,1,2,3,17,5,420,540,4,5
2105,,,9,2,2,3,49,18,180,300,1,5
2106,,,13,1,2,2,32,40,420,540,1,5
2107,,,10,1,2,3,81,70,420,540,4,5
2108,,,5,1,2,1,28,70,420,540,1,5
2109,,,11,1,2,3,23,32,300,600,1,5
2110,,,8,1,2,3,92,1,300,600,2,5
2111,,,10,1,2,2,23,13,420,540,4,5
2112,,,3,1,2,1,4,74,420,540,3,5
2113,,,7,1,2,1,92,96,420,540,1,5
2114,,,12,2,2,2,53,41,300,600,1,5
2115,,,7,1,2,1,71,41,420,540,4,5
2116,,,10,1,2,2,96,71,300,600,3,5
2117,,,8,1,2,1,35,58,300,600,3,5
2118,,,12,2,2,2,70,50,60,180,1,5
2119,,,9,1,2,1,81,97,420,540,2,5
2120,,,8,1,2,1,29,99,420,540,3,5
2121,,,4,1,2,1,97,99,300,600,2,5
2122,,,11,1,2,1,82,94,420,540,2,5
2123,,,2,2,2,2,26,52,300,420,4,5
2124,,,15,1,2,1,18,21,420,540,3,5
2125,,,7,2,2,3,93,81,60,180,4,5
2126,,,14,1,2,2,36,36,420,540,2,5
2127,,,8,1,2,3,30,73,420,540,1,5
2128,,,11,1,2,1,56,56,300,600,4,5
2129,,,4,2,2,2,16,89,300,420,4,5
2130,,,12,1,2,2,54,72,420,540,1,5
2131,,,8,1,2,2,57,25,420,540,3,5
2132,,,14,2,2,2,74,97,0,300,4,5
2133,,,5,2,2,2,52,16,300,420,1,5
2134,,,12,1,2,2,58,31,420,540,3,5
2135,,,12,1,2,3,83,94,420,540,4,5
2136,,,12,1,2,2,98,75,300,600,4,5
2137,,,13,1,2,1,9,40,300,600,4,5
2138,,,14,1,2,1,76,65,300,600,2,5
2139,,,9,1,2,2,34,43,420,540,4,5
2140,,,4,1,2,1,85,28,300,600,3,5
2141,,,10,1,2,3,46,100,300,600,1,5
2142,,,3,2,2,1,7,62,300,420,1,5
2143,,,14,1,2,2,26,76,300,600,2,5
2144,,,12,1,2,3,93,9,420,540,2,5
2145,,,13,1,2,1,13,62,420,540,2,5
2146,,,14,1,2,2,86,54,300,600,4,5
2147,,,3,1,2,1,10,16,420,540,1,5
2148,,,2,1,2,1,44,28,300,600,2,5
2149,,,11,1,2,3,94,57,420,540,4,5
2150,,,15,1,2,2,3,70,420,540,3,5
2151,,,13,1,2,1,0,2,300,600,4,5
2152,,,5,1,2,2,48,1,300,600,4,5
2153,,,13,1,2,1,29,37,420,540,1,5
2154,,,15,1,2,1,70,5,300,600,2,5
2155,,,10,1,2,3,77,25,300,600,4,5
2156,,,9,1,2,2,72,99,300,600,2,5
2157,,,9,2,2,3,90,53,420,540,1,5
2158,,,9,1,2,3,30,58,300,600,2,5
2159,,,7,1,2,1,44,51,300,600,1,5
2160,,,5,1,2,1,34,74,420,540,1,5
2161,,,7,2,2,3,87,77,300,420,3,5
2162,,,12,1,2,1,83,50,420,540,2,5
2163,,,12,1,2,3,11,3,300,600,1,5
2164,,,10,1,2,1,2,30,300,600,4,5
2165,,,9,1,2,1,97,88,420,540,1,5
2166,,,5,1,2,1,25,17,300,600,2,5
2167,,,13,2,2,1,51,82,420,540,1,5
2168,,,4,2,2,1,85,14,420,540,1,5
2169,,,2,1,2,3,86,77,300,600,2,5
2170,,,15,1,2,3,33,43,300,600,1,5
2171,,,13,1,2,2,53,62,420,540,1,5
2172,,,2,1,2,2,15,2,300,600,3,5
2173,,,12,2,2,3,59,43,420,540,3,5
2174,,,13,1,2,2,85,95,300,600,4,5
2175,,,14,1,2,3,36,6,300,600,4,5
2176,,,12,2,2,3,97,0,0,300,1,5
2177,,,5,1,2,2,58,3,420,540,1,5
2178,,,15,1,2,1,11,14,420,540,2,5
2179,,,12,2,2,1,8,59,60,180,2,5
2180,,,13,1,2,3,34,81,300,600,1,5
2181,,,8,1,2,2,1,20,300,600,4,5
2182,,,15,1,2,3,87,100,300,600,4,5
2183,,,15,1,2,2,45,96,300,600,3,5
2184,,,7,1,2,2,76,31,420,540,2,5
2185,,,1,1,2,3,38,84,420,540,4,5
2186,,,10,1,2,3,98,10,300,600,4,5
2187,,,4,1,2,3,11,32,300,600,1,5
2188,,,5,1,2,3,51,5,420,540,4,5
2189,,,6,2,2,2,41,10,0,300,2,5
2190,,,7,1,2,3,44,20,300,600,3,5
2191,,,4,1,2,2,29,79,420,540,3,5
2192,,,4,1,2,3,99,8,420,540,1,5
2193,,,7,1,2,1,29,93,300,600,3,5
2194,,,3,2,2,3,59,69,420,540,2,5
2195,,,8,1,2,3,44,63,420,540,1,5
2196,,,9,1,2,1,6,86,300,600,1,5
2197,,,8,1,2,2,68,77,300,600,3,5
2198,,,6,2,2,1,71,48,300,600,2,5
2199,,,11,1,2,3,28,85,300,600,2,5
2200,,,11,1,2,1,27,38,420,540,3,5
2201,,,9,2,2,1,9,36,180,300,2,5
2202,,,15,2,2,1,98,94,300,600,3,5
2203,,,13,2,2,1,96,67,60,180,3,5
2204,,,13,1,2,3,14,7,300,600,1,5
2205,,,6,1,2,1,68,68,420,540,4,5
2206,,,14,2,2,3,35,73,180,300,3,5
2207,,,3,1,2,3,12,90,300,600,1,5
2208,,,10,1,2,1,49,56,420,540,4,5
2209,,,3,1,2,2,22,70,300,600,4,5
2210,,,2,2,2,3,5,13,0,300,3,5
2211,,,2,1,2,1,75,82,300,600,4,5
2212,,,12,1,2,1,43,29,420,540,2,5
2213,,,11,2,2,2,7,86,0,300,4,5
2214,,,9,1,2,3,72,40,300,600,4,5
2215,,,13,1,2,3,71,76,300,600,2,5
2216,,,7,1,2,2,61,55,420,540,2,5
2217,,,10,1,2,2,61,30,300,600,4,5
2218,,,2,1,2,1,43,38,420,540,1,5
2219,,,11,1,2,1,89,2,300,600,2,5
2220,,,8,2,2,3,65,11,0,300,2,5
2221,,,10,1,2,3,72,17,300,600,4,5
2222,,,5,1,2,2,12,8,420,540,3,5
2223,,,11,1,2,1,94,4,300,600,3,5
2224,,,7,2,2,1,86,23,180,300,3,5
2225,,,3,1,2,1,21,90,420,540,1,5
2226,,,9,2,2,1,86,60,420,540,4,5
2227,,,7,1,2,1,26,93,420,540,4,5
2228,,,13,1,2,3,68,55,420,540,4,5
2229,,,12,1,2,2,87,5,300,600,3,5
2230,,,3,1,2,1,93,59,420,540,3,5
2231,,,4,1,2,2,57,0,420,540,2,5
2232,,,6,1,2,2,38,6,420,540,2,5
2233,,,12,1,2,3,59,3,300,600,3,5
2234,,,5,1,2,2,36,77,420,540,3,5
2235,,,3,2,2,3,37,65,180,300,3,5
2236,,,3,1,2,2,100,99,420,540,2,5
2237,,,13,2,2,1,71,43,0,300,2,5
2238,,,13,1,2,3,80,37,300,600,1,5
2239,,,8,2,2,3,49,17,0,300,1,5
2240,,,7,1,2,3,34,22,420,540,3,5
2241,,,9,1,2,1,51,94,300,600,1,5
2242,,,3,2,2,2,98,89,0,300,1,5
2243,,,9,1,2,2,89,35,420,540,3,5
2244,,,13,1,2,2,81,100,420,540,3,5
2245,,,5,2,2,1,33,45,60,180,2,5
2246,,,4,1,2,3,18,99,420,540,1,5
2247,,,5,2,2,1,74,37,0,300,3,5
2248,,,12,1,2,1,99,65,420,540,1,5
2249,,,12,2,2,2,40,6,60,180,1,5
2250,,,9,1,2,1,3,49,300,600,4,5
2251,,,5,2,2,1,36,43,180,300,3,5
2252,,,6,1,2,1,55,91,300,600,4,5
2253,,,3,2,2,1,16,78,180,300,2,5
2254,,,14,1,2,2,87,95,300,600,1,5
2255,,,6,2,2,2,25,51,180,300,1,5
2256,,,5,2,2,2,13,61,60,180,2,5
2257,,,5,1,2,2,67,90,420,540,1,5
2258,,,11,2,2,3,9,75,0,300,2,5
2259,,,7,1,2,2,92,49,300,600,2,5
2260,,,5,2,2,3,4,91,420,540,1,5
2261,,,4,1,2,2,67,94,420,540,1,5
2262,,,11,2,2,2,100,95,60,180,4,5
2263,,,5,1,2,1,12,46,300,600,4,5
2264,,,2,1,2,2,36,35,300,600,1,5
2265,,,8,1,2,3,13,2,420,540,3,5
2266,,,5,1,2,2,33,19,300,600,3,5
2267,,,11,1,2,1,40,77,420,540,3,5
2268,,,6,1,2,3,65,73,300,600,1,5
2269,,,7,1,2,3,16,80,300,600,3,5
2270,,,10,1,2,2,28,37,300,600,1,5
2271,,,9,1,2,3,31,95,300,600,1,5
2272,,,4,2,2,3,100,1,60,180,4,5
2273,,,2,1,2,2,85,51,300,600,4,5
2274,,,10,1,2,1,71,49,300,600,4,5
2275,,,11,1,2,2,65,97,420,540,4,5
2276,,,3,1,2,2,55,9,420,540,1,5
2277,,,2,1,2,3,2,79,420,540,3,5
2278,,,15,2,2,1,12,41,300,420,2,5
2279,,,8,2,2,3,47,22,180,300,4,5
2280,,,2,2,2,1,39,81,300,420,2,5
2281,,,14,2,2,2,26,37,60,180,2,5
2282,,,13,2,2,2,6,98,60,180,3,5
2283,,,15,1,2,1,50,30,420,540,3,5
2284,,,11,1,2,2,67,9,420,540,4,5
2285,,,11,1,2,3,30,57,420,540,1,5
2286,,,5,1,2,1,95,27,300,600,2,5
2287,,,9,1,2,1,48,93,420,540,3,5
2288,,,13,1,2,3,57,14,420,540,2,5
2289,,,10,1,2,1,86,15,420,540,3,5
2290,,,7,2,2,2,4,17,180,300,4,5
2291,,,3,1,2,2,38,43,300,600,3,5
2292,,,9,1,2,1,14,56,420,540,4,5
2293,,,12,1,2,1,10,87,420,540,2,5
2294,,,15,2,2,2,60,93,300,420,3,5
2295,,,3,1,2,3,3,57,300,600,4,5
2296,,,15,2,2,3,30,39,180,300,1,5
2297,,,13,1,2,3,43,21,300,600,1,5
2298,,,10,1,2,2,29,73,300,600,1,5
2299,,,10,2,2,2,83,64,180,300,3,5
2300,,,8,1,2,2,26,83,300,600,2,5
2301,,,11,2,2,3,4,99,0,300,4,5
2302,,,6,2,2,2,26,95,420,540,2,5
2303,,,5,1,2,2,84,14,420,540,2,5
2304,,,12,1,2,2,93,97,300,600,4,5
2305,,,14,2,2,1,7,9,60,180,3,5
2306,,,4,1,2,3,89,27,300,600,4,5
2307,,,2,1,2,3,98,1,420,540,4,5
2308,,,14,1,2,1,17,25,420,540,3,5
2309,,,5,1,2,3,23,52,300,600,1,5
2310,,,15,1,2,2,16,44,300,600,2,5
2311,,,15,1,2,2,17,96,300,600,4,5
2312,,,13,1,2,2,72,43,420,540,1,5
2313,,,3,1,2,3,42,33,420,540,2,5
2314,,,4,1,2,1,52,58,300,600,2,5
2315,,,7,2,2,3,88,84,0,300,1,5
2316,,,9,1,2,2,32,75,300,600,2,5
2317,,,13,1,2,3,34,64,300,600,4,5
2318,,,8,1,2,3,88,4,300,600,3,5
2319,,,7,1,2,2,22,87,300,600,2,5
2320,,,13,2,2,1,51,62,300,420,2,5
2321,,,9,1,2,3,59,71,300,600,4,5
2322,,,10,1,2,2,79,98,300,600,1,5
2323,,,4,1,2,2,78,76,300,600,2,5
2324,,,6,2,2,3,16,51,60,180,2,5
2325,,,6,1,2,1,72,40,300,600,1,5
2326,,,15,1,2,1,85,66,420,540,4,5
2327,,,9,1,2,3,32,24,420,540,2,5
2328,,,4,1,2,2,85,72,420,540,2,5
2329,,,12,1,2,2,54,25,300,600,1,5
2330,,,4,1,2,3,93,3,300,600,1,5
2331,,,12,2,2,3,8,28,0,300,1,5
2332,,,4,1,2,3,62,96,300,600,1,5
2333,,,9,2,2,1,38,43,0,300,1,5
2334,,,4,2,2,1,98,26,180,300,4,5
2335,,,10,1,2,3,35,99,300,600,1,5
2336,,,7,1,2,2,52,1,300,600,1,5
2337,,,5,1,2,3,90,45,300,600,1,5
2338,,,5,1,2,2,91,92,300,600,3,5
2339,,,13,1,2,2,97,77,420,540,1,5
2340,,,6,1,2,1,97,75,420,540,4,5
2341,,,15,1,2,1,93,86,300,600,1,5
2342,,,9,2,2,3,47,42,180,300,1,5
2343,,,3,1,2,1,37,11,420,540,1,5
2344,,,6,1,2,2,93,43,300,600,4,5
2345,,,5,2,2,2,15,81,0,300,4,5
2346,,,7,1,2,3,94,79,300,600,4,5
2347,,,5,1,2,2,64,27,420,540,4,5
2348,,,12,2,2,3,24,80,300,420,1,5
2349,,,11,1,2,2,83,16,300,600,3,5
2350,,,13,1,2,3,81,25,300,600,4,5
2351,,,8,1,2,2,99,87,300,600,1,5
2352,,,7,2,2,2,58,65,0,300,3,5
2353,,,12,1,2,2,67,82,420,540,2,5
2354,,,7,1,2,1,14,70,300,600,3,5
2355,,,5,2,2,1,14,46,180,300,3,5
2356,,,10,1,2,1,31,78,300,600,4,5
2357,,,4,1,2,3,8,28,300,600,4,5
2358,,,8,1,2,3,52,69,300,600,2,5
2359,,,4,1,2,1,27,45,420,540,3,5
2360,,,6,2,2,3,79,25,60,180,4,5
2361,,,5,2,2,1,69,8,60,180,3,5
2362,,,9,1,2,1,48,10,300,600,2,5
2363,,,3,2,2,3,37,82,180,300,2,5
2364,,,7,1,2,2,9,44,300,600,4,5
2365,,,9,1,2,3,88,25,420,540,3,5
2366,,,3,2,2,3,96,37,60,180,4,5
2367,,,9,1,2,3,100,95,300,600,4,5
2368,,,12,1,2,3,70,37,420,540,4,5
2369,,,14,1,2,1,72,29,420,540,4,5
2370,,,10,1,2,3,31,51,300,600,2,5
2371,,,4,1,2,1,46,45,300,600,4,5
2372,,,2,1,2,2,36,88,420,540,2,5
2373,,,6,1,2,1,39,13,300,600,3,5
2374,,,4,1,2,2,83,82,300,600,2,5
2375,,,3,1,2,3,3,21,420,540,2,5
2376,,,6,2,2,2,56,8,420,540,3,5
2377,,,10,1,2,1,89,30,300,600,3,5
2378,,,12,1,2,1,64,70,300,600,4,5
2379,,,4,1,2,3,18,45,420,540,3,5
2380,,,7,1,2,2,51,21,300,600,3,5
2381,,,11,1,2,3,70,58,300,600,2,5
2382,,,2,2,2,2,52,13,0,300,4,5
2383,,,10,1,2,3,18,61,300,600,4,5
2384,,,13,1,2,1,92,3,300,600,4,5
2385,,,5,2,2,3,33,28,60,180,3,5
2386,,,13,2,2,2,34,19,420,540,4,5
2387,,,9,1,2,2,50,15,300,600,3,5
2388,,,12,2,2,1,50,55,300,600,4,5
2389,,,2,1,2,1,30,39,300,600,1,5
2390,,,7,1,2,2,28,44,420,540,4,5
2391,,,9,1,2,1,64,24,420,540,3,5
2392,,,6,1,2,1,80,84,300,600,3,5
2393,,,15,1,2,3,61,66,300,600,2,5
2394,,,4,1,2,1,40,92,300,600,3,5
2395,,,11,1,2,1,78,31,420,540,4,5
2396,,,7,1,2,2,36,78,420,540,3,5
2397,,,7,2,2,1,28,53,300,420,4,5
2398,,,12,1,2,1,9,38,420,540,3,5
2399,,,7,1,2,2,77,18,300,600,4,5
2400,,,2,2,2,1,13,31,300,420,2,5
2401,,,15,1,2,1,29,18,420,540,2,5
2402,,,11,1,2,3,19,99,300,600,1,5
2403,,,13,1,2,3,53,63,420,540,4,5
2404,,,14,1,2,3,100,4,300,600,4,5
2405,,,9,1,2,2,69,0,300,600,2,5
2406,,,12,2,2,2,80,75,60,180,4,5
2407,,,3,1,2,3,88,41,300,600,2,5
2408,,,14,1,2,1,53,42,300,600,1,5
2409,,,11,2,2,3,61,58,300,600,1,5
2410,,,7,2,2,2,88,73,0,300,2,5
2411,,,10,1,2,1,71,13,420,540,2,5
2412,,,3,1,2,1,69,88,300,600,1,5
2413,,,11,2,2,1,20,35,420,540,4,5
2414,,,10,1,2,3,93,2,420,540,4,5
2415,,,8,1,2,1,76,3,300,600,4,5
2416,,,9,1,2,1,97,54,420,540,4,5
2417,,,12,1,2,2,54,10,420,540,1,5
2418,,,4,1,2,2,98,55,300,600,2,5
2419,,,3,1,2,3,81,20,300,600,2,5
2420,,,12,1,2,1,35,12,420,540,4,5
2421,,,8,1,2,3,64,78,420,540,4,5
2422,,,7,2,2,3,37,27,180,300,2,5
2423,,,14,1,2,3,49,24,300,600,1,5
2424,,,11,2,2,1,53,57,60,180,2,5
2425,,,14,1,2,3,55,79,300,600,4,5
2426,,,6,1,2,2,85,49,300,600,4,5
2427,,,12,2,2,3,14,23,60,180,3,5
2428,,,11,1,2,2,82,15,420,540,1,5
2429,,,4,1,2,1,34,42,420,540,1,5
2430,,,13,1,2,2,62,52,300,600,2,5
2431,,,8,1,2,3,28,37,300,600,2,5
2432,,,7,1,2,3,11,71,420,540,3,5
2433,,,15,1,2,2,59,6,420,540,3,5
2434,,,15,2,2,1,96,24,0,300,3,5
2435,,,14,1,2,3,96,30,420,540,2,5
2436,,,2,2,2,2,84,84,300,600,4,5
2437,,,9,1,2,3,5,57,420,540,2,5
2438,,,3,1,2,1,87,92,300,600,4,5
2439,,,2,2,2,3,71,97,60,180,2,5
2440,,,15,1,2,2,87,47,420,540,3,5
2441,,,13,2,2,1,85,35,420,540,1,5
2442,,,16,1,2,3,8,15,300,600,1,5
2443,,,15,2,2,2,87,71,60,180,2,5
2444,,,11,1,2,2,81,10,300,600,1,5
2445,,,15,1,2,2,25,43,420,540,1,5
2446,,,8,1,2,3,63,12,420,540,1,5
2447,,,4,2,2,1,58,81,420,540,3,5
2448,,,8,2,2,1,84,41,0,300,1,5
2449,,,13,1,2,3,64,95,300,600,4,5
2450,,,4,1,2,1,84,59,420,540,2,5
2451,,,5,1,2,1,76,90,420,540,3,5
2452,,,12,1,2,2,29,33,300,600,2,5
2453,,,14,1,2,1,57,98,420,540,1,5
2454,,,4,2,2,1,8,90,300,600,3,5
2455,,,11,1,2,1,45,88,420,540,4,5
2456,,,9,2,2,2,71,88,180,300,3,5
2457,,,7,1,2,1,34,99,420,540,1,5
2458,,,10,1,2,1,43,6,300,600,3,5
2459,,,1,1,2,3,17,86,420,540,1,5
2460,,,13,1,2,1,97,68,300,600,4,5
2461,,,5,1,2,3,33,3,420,540,4,5
2462,,,14,1,2,3,0,71,420,540,3,5
2463,,,9,2,2,3,58,96,300,600,4,5
2464,,,7,1,2,3,11,73,420,540,3,5
2465,,,16,1,2,2,83,96,300,600,3,5
2466,,,15,1,2,3,54,86,300,600,2,5
2467,,,7,1,2,2,36,36,420,540,2,5
2468,,,9,1,2,2,90,66,300,600,1,5
2469,,,11,1,2,2,66,45,420,540,3,5
2470,,,7,2,2,2,75,22,420,540,4,5
2471,,,9,1,2,2,27,83,300,600,3,5
2472,,,5,2,2,3,20,23,300,420,4,5
2473,,,6,1,2,2,64,75,420,540,4,5
2474,,,12,2,2,2,14,52,0,300,1,5
2475,,,6,2,2,2,78,4,60,180,1,5
2476,,,6,1,2,2,3,74,420,540,2,5
2477,,,15,2,2,2,26,69,180,300,1,5
2478,,,15,2,2,3,36,96,420,540,1,5
2479,,,11,2,2,3,43,37,180,300,2,5
2480,,,10,1,2,2,30,68,420,540,2,5
2481,,,12,1,2,3,29,49,420,540,3,5
2482,,,14,2,2,2,100,44,0,300,2,5
2483,,,4,1,2,3,100,53,300,600,1,5
2484,,,15,1,2,2,17,98,300,600,4,5
2485,,,13,1,2,3,74,93,420,540,2,5
2486,,,5,1,2,2,59,51,420,540,2,5
2487,,,11,1,2,2,77,83,300,600,1,5
2488,,,10,1,2,1,66,61,300,600,2,5
2489,,,14,1,2,3,63,46,300,600,1,5
2490,,,11,1,2,3,52,97,420,540,3,5
2491,,,15,2,2,2,89,46,420,540,1,5
2492,,,11,1,2,3,25,70,420,540,2,5
2493,,,9,1,2,1,55,86,300,600,4,5
2494,,,2,1,2,1,98,86,300,600,3,5
2495,,,4,2,2,3,62,54,180,300,2,5
2496,,,13,2,2,2,83,37,300,420,4,5
2497,,,13,1,2,1,52,38,420,540,4,5
2498,,,10,1,2,1,95,27,300,600,3,5
2499,,,10,2,2,2,84,48,300,600,3,5
2500,,,8,2,2,3,7,3,0,300,4,5
2501,,,5,1,2,2,81,30,300,600,4,5
2502,,,8,1,2,2,50,2,300,600,3,5
2503,,,6,1,2,2,13,41,300,600,4,5
2504,,,15,1,2,1,69,63,420,540,1,5
2505,,,11,1,2,3,37,90,420,540,2,5
2506,,,16,1,2,2,65,85,420,540,1,5
2507,,,2,1,2,1,76,8,300,600,2,5
2508,,,5,1,2,3,10,79,300,600,2,5
2509,,,6,2,2,2,16,33,180,300,3,5
2510,,,10,2,2,3,100,23,60,180,2,5
2511,,,13,1,2,3,72,68,300,600,2,5
2512,,,14,1,2,2,93,32,300,600,3,5
2513,,,14,1,2,1,42,18,420,540,1,5
2514,,,11,1,2,2,95,40,300,600,4,5
2515,,,15,1,2,3,17,16,420,540,1,5
2516,,,11,1,2,2,35,48,420,540,2,5
2517,,,12,1,2,2,38,26,300,600,2,5
2518,,,6,1,2,2,73,29,420,540,2,5
2519,,,7,2,2,1,14,69,420,540,4,5
2520,,,10,1,2,3,14,76,300,600,3,5
2521,,,9,1,2,1,11,59,420,540,4,5
2522,,,10,1,2,3,66,92,420,540,2,5
2523,,,13,1,2,2,96,2,300,600,4,5
2524,,,8,1,2,1,37,100,300,600,4,5
2525,,,5,1,2,1,80,90,300,600,3,5
2526,,,5,1,2,2,81,3,420,540,3,5
2527,,,13,1,2,1,27,38,420,540,2,5
2528,,,15,1,2,1,81,87,300,600,2,5
2529,,,3,1,2,1,11,26,300,600,4,5
2530,,,6,2,2,1,32,62,60,180,4,5
2531,,,6,1,2,3,8,12,300,600,2,5
2532,,,11,1,2,3,59,62,420,540,4,5
2533,,,12,1,2,3,49,70,420,540,4,5
2534,,,16,1,2,3,63,8,300,600,4,5
2535,,,3,1,2,3,55,100,420,540,4,5
2536,,,15,1,2,2,47,57,420,540,1,5
2537,,,9,1,2,1,53,61,420,540,4,5
2538,,,9,2,2,2,28,89,420,540,1,5
2539,,,8,1,2,1,35,81,300,600,4,5
2540,,,10,2,2,2,13,68,0,300,1,5
2541,,,7,1,2,2,93,22,420,540,2,5
2542,,,12,1,2,3,55,94,300,600,4,5
2543,,,15,1,2,1,0,63,300,600,3,5
2544,,,2,2,2,2,9,29,300,600,3,5
2545,,,15,1,2,2,65,20,420,540,2,5
2546,,,10,1,2,1,61,51,300,600,4,5
2547,,,9,2,2,3,60,31,300,420,1,5
2548,,,6,1,2,2,67,25,300,600,1,5
2549,,,8,2,2,2,41,44,420,540,1,5
2550,,,3,1,2,3,82,29,420,540,3,5
2551,,,5,1,2,2,2,33,420,540,1,5
2552,,,12,1,2,1,1,87,420,540,4,5
2553,,,9,1,2,1,93,73,300,600,2,5
2554,,,13,1,2,3,67,41,300,600,1,5
2555,,,3,1,2,2,2,17,300,600,2,5
2556,,,12,1,2,2,75,55,300,600,2,5
2557,,,7,1,2,1,84,22,420,540,2,5
2558,,,8,1,2,3,40,66,420,540,2,5
2559,,,1,1,2,1,9,11,300,600,1,5
2560,,,13,1,2,1,91,100,420,540,1,5
2561,,,15,2,2,3,76,46,0,300,1,5
2562,,,9,2,2,2,54,13,300,600,3,5
2563,,,13,1,2,2,50,15,420,540,2,5
2564,,,13,1,2,3,77,14,300,600,3,5
2565,,,9,1,2,2,8,53,420,540,4,5
2566,,,2,1,2,1,72,17,300,600,3,5
2567,,,8,1,2,2,80,68,300,600,2,5
2568,,,15,1,2,3,87,97,420,540,1,5
2569,,,11,1,2,2,79,66,300,600,3,5
2570,,,12,1,2,2,8,91,300,600,3,5
2571,,,15,2,2,2,28,55,420,540,4,5
2572,,,2,2,2,1,47,90,0,300,4,5
2573,,,7,2,2,2,33,1,60,180,3,5
2574,,,9,2,2,3,46,76,420,540,2,5
2575,,,13,1,2,2,57,39,300,600,3,5
2576,,,2,1,2,1,75,13,300,600,4,5
2577,,,3,1,2,3,46,26,300,600,4,5
2578,,,7,1,2,3,37,70,300,600,1,5
2579,,,2,1,2,3,23,51,300,600,3,5
2580,,,10,1,2,1,36,92,300,600,3,5
2581,,,10,1,2,3,13,89,420,540,1,5
2582,,,5,1,2,3,23,78,420,540,4,5
2583,,,9,1,2,1,77,66,420,540,2,5
2584,,,7,1,2,3,72,59,420,540,1,5
2585,,,11,1,2,3,32,12,420,540,1,5
2586,,,12,1,2,2,72,26,300,600,3,5
2587,,,9,1,2,3,72,78,420,540,3,5
2588,,,13,1,2,2,77,55,300,600,3,5
2589,,,13,1,2,3,4,66,420,540,1,5
2590,,,13,1,2,1,2,33,420,540,2,5
2591,,,14,2,2,2,93,13,300,600,1,5
2592,,,12,1,2,3,72,4,300,600,2,5
2593,,,4,1,2,3,68,52,300,600,2,5
2594,,,13,1,2,1,2,5,420,540,3,5
2595,,,8,1,2,1,29,60,420,540,3,5
2596,,,13,2,2,2,22,69,420,540,2,5
2597,,,2,1,2,3,63,87,300,600,2,5
2598,,,15,2,2,2,46,76,300,600,2,5
2599,,,15,1,2,2,21,39,300,600,4,5
2600,,,11,1,2,2,23,92,420,540,1,5
2601,,,5,2,2,3,32,62,180,300,2,5
2602,,,3,1,2,1,69,70,420,540,3,5
2603,,,12,1,2,1,34,54,300,600,1,5
2604,,,9,1,2,2,83,59,300,600,2,5
2605,,,3,1,2,2,37,6,420,540,4,5
2606,,,15,1,2,1,39,22,300,600,3,5
2607,,,7,1,2,3,82,65,420,540,4,5
2608,,,6,1,2,2,96,22,420,540,4,5
2609,,,9,1,2,3,93,39,420,540,1,5
2610,,,2,1,2,3,52,66,420,540,2,5
2611,,,13,2,2,2,42,87,0,300,3,5
2612,,,12,1,2,3,69,10,420,540,3,5
2613,,,8,2,2,1,29,54,300,600,2,5
2614,,,8,2,2,2,38,80,0,300,1,5
2615,,,6,1,2,3,43,61,420,540,2,5
2616,,,13,2,2,3,19,82,420,540,4,5
2617,,,4,1,2,2,75,35,420,540,3,5
2618,,,9,2,2,3,30,55,180,300,4,5
2619,,,13,2,2,3,33,56,300,420,3,5
2620,,,6,1,2,3,26,79,420,540,1,5
2621,,,14,1,2,1,39,65,420,540,4,5
2622,,,12,2,2,1,27,73,300,600,3,5
2623,,,10,2,2,1,62,48,180,300,4,5
2624,,,7,2,2,3,60,61,60,180,1,5
2625,,,5,2,2,2,88,38,0,300,1,5
2626,,,11,1,2,2,63,53,300,600,2,5
2627,,,3,1,2,3,74,46,300,600,4,5
2628,,,2,1,2,3,88,43,420,540,3,5
2629,,,10,1,2,3,32,98,300,600,3,5
2630,,,10,2,2,1,76,62,420,540,1,5
2631,,,7,1,2,3,28,56,420,540,2,5
2632,,,3,1,2,2,6,39,420,540,3,5
2633,,,14,2,2,3,39,5,180,300,1,5
2634,,,3,1,2,2,13,7,300,600,3,5
2635,,,4,2,2,1,5,27,180,300,2,5
2636,,,13,2,2,3,55,80,0,300,3,5
2637,,,8,1,2,1,44,30,300,600,2,5
2638,,,9,1,2,2,49,21,300,600,1,5
2639,,,11,2,2,3,51,87,60,180,3,5
2640,,,15,2,2,1,71,83,300,420,1,5
2641,,,7,1,2,1,69,96,300,600,1,5
2642,,,13,1,2,3,94,43,420,540,1,5
2643,,,7,1,2,1,93,98,300,600,3,5
2644,,,7,1,2,2,46,1,420,540,1,5
2645,,,5,1,2,3,7,62,420,540,2,5
2646,,,10,1,2,3,31,50,300,600,1,5
2647,,,11,1,2,1,25,32,300,600,1,5
2648,,,2,1,2,2,69,68,420,540,3,5
2649,,,10,1,2,1,91,20,300,600,3,5
2650,,,4,2,2,2,49,39,60,180,1,5
2651,,,14,1,2,3,65,96,420,540,3,5
2652,,,7,1,2,3,100,81,300,600,3,5
2653,,,10,1,2,3,82,58,420,540,2,5
2654,,,15,1,2,1,12,97,420,540,4,5
2655,,,9,1,2,1,100,36,300,600,4,5
2656,,,13,2,2,2,73,61,300,600,4,5
2657,,,15,1,2,2,54,36,420,540,3,5
2658,,,14,1,2,2,14,84,300,600,3,5
2659,,,14,2,2,1,69,67,420,540,1,5
2660,,,4,1,2,2,99,76,420,540,1,5
2661,,,6,1,2,1,53,56,300,600,1,5
2662,,,12,2,2,1,34,11,60,180,3,5
2663,,,6,1,2,2,11,99,300,600,3,5
2664,,,5,2,2,2,21,19,0,300,1,5
2665,,,5,1,2,2,98,39,420,540,3,5
2666,,,6,2,2,3,72,73,420,540,4,5
2667,,,8,2,2,1,7,43,300,420,2,5
2668,,,6,1,2,3,77,0,300,600,1,5
2669,,,9,2,2,3,27,47,180,300,1,5
2670,,,10,1,2,2,71,28,300,600,3,5
2671,,,2,1,2,2,76,5,420,540,2,5
2672,,,13,1,2,1,99,28,300,600,4,5
2673,,,12,1,2,2,25,72,300,600,4,5
2674,,,12,1,2,2,26,87,300,600,3,5
2675,,,4,1,2,2,12,33,300,600,2,5
2676,,,6,1,2,2,65,14,300,600,1,5
2677,,,7,1,2,2,2,95,300,600,4,5
2678,,,12,1,2,2,52,15,420,540,4,5
2679,,,7,1,2,3,1,6,420,540,4,5
2680,,,14,2,2,2,88,47,420,540,2,5
2681,,,2,1,2,3,11,76,420,540,4,5
2682,,,6,1,2,3,57,10,420,540,4,5
2683,,,6,1,2,1,38,88,300,600,3,5
2684,,,5,1,2,2,11,10,300,600,4,5
2685,,,4,1,2,2,36,72,420,540,3,5
2686,,,6,2,2,2,56,84,60,180,2,5
2687,,,7,1,2,3,61,98,300,600,4,5
2688,,,6,1,2,3,20,13,300,600,2,5
2689,,,11,1,2,2,45,6,300,600,4,5
2690,,,11,2,2,2,73,100,180,300,2,5
2691,,,15,1,2,2,84,61,420,540,4,5
2692,,,6,1,2,2,57,73,300,600,3,5
2693,,,4,1,2,3,28,13,300,600,2,5
2694,,,11,2,2,2,86,4,0,300,1,5
2695,,,11,1,2,3,78,91,420,540,1,5
2696,,,3,2,2,1,74,95,180,300,1,5
2697,,,14,2,2,3,49,69,180,300,3,5
2698,,,13,1,2,1,94,89,420,540,3,5
2699,,,11,1,2,2,80,80,420,540,4,5
2700,,,11,1,2,2,56,27,300,600,2,5
2701,,,6,1,2,3,30,26,300,600,3,5
2702,,,8,1,2,1,96,60,300,600,4,5
2703,,,10,1,2,3,17,85,420,540,2,5
2704,,,5,1,2,3,81,86,420,540,1,5
2705,,,12,2,2,3,17,70,420,540,3,5
2706,,,3,1,2,2,71,38,300,600,4,5
2707,,,10,2,2,3,94,45,180,300,4,5
2708,,,16,1,2,2,67,30,300,600,1,5
2709,,,7,1,2,3,79,47,300,600,2,5
2710,,,11,1,2,1,67,8,420,540,3,5
2711,,,6,1,2,1,37,0,300,600,2,5
2712,,,15,1,2,3,38,96,300,600,2,5
2713,,,11,2,2,1,87,57,420,540,2,5
2714,,,9,1,2,2,10,70,420,540,1,5
2715,,,12,2,2,3,13,43,180,300,3,5
2716,,,3,1,2,1,94,85,420,540,3,5
2717,,,8,2,2,2,78,6,0,300,4,5
2718,,,13,1,2,3,30,3,300,600,2,5
2719,,,4,1,2,3,42,70,300,600,4,5
2720,,,8,1,2,1,10,79,420,540,1,5
2721,,,11,1,2,2,33,54,300,600,1,5
2722,,,10,2,2,2,95,1,60,180,3,5
2723,,,14,2,2,2,57,19,180,300,1,5
2724,,,10,2,2,1,20,30,60,180,3,5
2725,,,7,1,2,2,40,65,300,600,1,5
2726,,,13,1,2,2,15,51,300,600,1,5
2727,,,12,1,2,1,89,21,420,540,2,5
2728,,,12,1,2,3,100,7,420,540,4,5
2729,,,4,1,2,3,93,51,420,540,3,5
2730,,,13,2,2,1,72,69,0,300,2,5
2731,,,10,1,2,2,84,46,300,600,4,5
2732,,,9,1,2,2,72,52,300,600,4,5
2733,,,12,2,2,3,15,77,180,300,1,5
2734,,,14,2,2,2,11,79,180,300,3,5
2735,,,4,1,2,1,85,70,420,540,3,5
2736,,,8,2,2,3,17,19,300,420,4,5
2737,,,9,2,2,3,14,53,0,300,2,5
2738,,,12,1,2,3,2,42,300,600,4,5
2739,,,14,1,2,2,60,33,420,540,2,5
2740,,,7,2,2,3,56,93,60,180,4,5
2741,,,2,1,2,2,72,27,420,540,2,5
2742,,,13,2,2,2,18,21,60,180,3,5
2743,,,12,2,2,3,25,81,0,300,2,5
2744,,,8,2,2,3,52,23,300,420,3,5
2745,,,3,1,2,3,87,75,420,540,2,5
2746,,,14,2,2,3,84,29,420,540,1,5
2747,,,15,1,2,2,39,47,300,600,1,5
2748,,,12,1,2,1,30,34,300,600,1,5
2749,,,7,1,2,2,83,12,300,600,3,5
2750,,,2,2,2,3,95,71,0,300,2,5
2751,,,5,1,2,3,90,93,420,540,3,5
2752,,,14,1,2,3,44,67,300,600,3,5
2753,,,12,1,2,3,64,11,300,600,4,5
2754,,,8,1,2,3,58,88,300,600,4,5
2755,,,15,1,2,2,71,53,420,540,2,5
2756,,,7,2,2,1,97,14,0,300,3,5
2757,,,14,1,2,3,17,92,300,600,4,5
2758,,,7,2,2,2,71,49,300,600,4,5
2759,,,9,1,2,3,67,55,420,540,4,5
2760,,,2,1,2,1,97,57,300,600,3,5
2761,,,12,2,2,2,92,46,60,180,4,5
2762,,,2,2,2,2,80,76,300,420,4,5
2763,,,10,1,2,1,13,31,300,600,2,5
2764,,,5,1,2,1,50,88,420,540,2,5
2765,,,4,1,2,3,69,65,420,540,2,5
2766,,,6,2,2,1,65,62,180,300,3,5
2767,,,2,2,2,2,57,28,0,300,4,5
2768,,,15,1,2,2,79,27,420,540,4,5
2769,,,2,2,2,3,1,91,420,540,2,5
2770,,,5,1,2,1,62,47,300,600,3,5
2771,,,8,2,2,2,90,11,420,540,2,5
2772,,,6,2,2,1,50,75,60,180,4,5
2773,,,3,1,2,2,44,74,300,600,1,5
2774,,,2,1,2,2,12,66,300,600,3,5
2775,,,16,1,2,3,22,33,300,600,2,5
2776,,,13,2,2,1,3,65,180,300,4,5
2777,,,3,1,2,2,68,29,300,600,3,5
2778,,,4,2,2,3,33,94,180,300,3,5
2779,,,3,1,2,1,25,43,420,540,2,5
2780,,,5,1,2,3,23,16,300,600,4,5
2781,,,12,2,2,2,75,32,60,180,4,5
2782,,,8,2,2,1,93,4,300,600,1,5
2783,,,10,2,2,3,49,81,300,420,4,5
2784,,,5,2,2,1,9,69,60,180,4,5
2785,,,9,1,2,2,61,75,300,600,2,5
2786,,,8,1,2,2,95,27,300,600,1,5
2787,,,16,1,2,3,67,2,300,600,3,5
2788,,,8,1,2,3,72,54,300,600,1,5
2789,,,5,1,2,2,41,46,420,540,3,5
2790,,,7,2,2,1,99,82,0,300,3,5
2791,,,4,2,2,2,2,3,180,300,2,5
2792,,,15,1,2,3,21,95,420,540,2,5
2793,,,9,1,2,1,55,29,300,600,1,5
2794,,,15,1,2,2,87,26,420,540,4,5
2795,,,10,1,2,2,52,24,300,600,4,5
2796,,,5,1,2,1,16,74,300,600,3,5
2797,,,11,1,2,2,77,41,300,600,3,5
2798,,,7,1,2,2,95,41,300,600,3,5
2799,,,3,2,2,1,38,5,420,540,4,5
2800,,,15,2,2,3,38,51,0,300,3,5
2801,,,8,2,2,1,17,43,60,180,3,5
2802,,,12,1,2,1,52,59,300,600,1,5
2803,,,6,1,2,1,95,77,420,540,3,5
2804,,,10,1,2,3,91,7,300,600,3,5
2805,,,14,1,2,2,80,2,300,600,3,5
2806,,,15,1,2,2,81,63,300,600,2,5
2807,,,9,1,2,3,63,52,420,540,3,5
2808,,,13,1,2,2,76,20,420,540,3,5
2809,,,2,2,2,2,100,91,300,600,2,5
2810,,,12,1,2,3,96,99,300,600,4,5
2811,,,11,1,2,3,26,56,300,600,3,5
2812,,,12,1,2,2,29,94,300,600,2,5
2813,,,2,2,2,1,32,95,300,420,2,5
2814,,,7,1,2,1,80,89,300,600,3,5
2815,,,11,2,2,2,71,1,300,420,3,5
2816,,,6,1,2,1,47,21,300,600,1,5
2817,,,9,2,2,3,67,5,420,540,1,5
2818,,,5,1,2,1,16,50,300,600,1,5
2819,,,11,1,2,2,27,42,420,540,4,5
2820,,,8,1,2,3,47,15,300,600,1,5
2821,,,15,1,2,1,86,58,420,540,1,5
2822,,,7,1,2,2,23,36,300,600,1,5
2823,,,5,1,2,2,80,70,300,600,3,5
2824,,,5,1,2,2,58,24,300,600,4,5
2825,,,11,1,2,3,84,14,420,540,1,5
2826,,,7,1,2,1,82,69,300,600,4,5
2827,,,4,2,2,2,48,1,180,300,3,5
2828,,,11,1,2,3,61,6,420,540,3,5
2829,,,14,1,2,3,30,60,420,540,1,5
2830,,,6,1,2,2,56,11,300,600,4,5
2831,,,16,1,2,2,35,7,420,540,1,5
2832,,,9,1,2,3,37,58,420,540,3,5
2833,,,12,2,2,2,51,17,0,300,1,5
2834,,,11,1,2,2,55,31,300,600,1,5
2835,,,8,2,2,1,65,85,300,420,2,5
2836,,,9,1,2,1,81,60,420,540,4,5
2837,,,6,1,2,3,47,46,300,600,1,5
2838,,,7,2,2,2,94,2,60,180,4,5
2839,,,13,1,2,1,88,7,300,600,3,5
2840,,,3,1,2,2,44,4,300,600,2,5
2841,,,10,1,2,2,35,75,300,600,1,5
2842,,,3,1,2,2,83,83,300,600,2,5
2843,,,12,1,2,1,86,37,420,540,1,5
2844,,,16,1,2,1,17,74,300,600,1,5
2845,,,5,2,2,2,17,97,180,300,3,5
2846,,,4,1,2,2,57,67,300,600,4,5
2847,,,8,1,2,3,33,67,420,540,3,5
2848,,,9,1,2,1,30,1,300,600,2,5
2849,,,5,1,2,2,27,50,420,540,4,5
2850,,,13,1,2,2,38,24,420,540,4,5
2851,,,11,2,2,2,100,56,180,300,2,5
2852,,,7,1,2,1,99,53,420,540,1,5
2853,,,12,1,2,1,30,72,300,600,1,5
2854,,,6,2,2,2,90,80,180,300,4,5
2855,,,9,1,2,3,40,80,420,540,2,5
2856,,,15,1,2,2,11,44,420,540,4,5
2857,,,6,2,2,2,25,15,180,300,4,5
2858,,,14,1,2,1,41,2,420,540,2,5
2859,,,6,1,2,2,70,79,420,540,2,5
2860,,,5,2,2,3,78,17,0,300,2,5
2861,,,14,1,2,2,94,14,300,600,2,5
2862,,,6,2,2,1,79,55,300,420,3,5
2863,,,5,1,2,1,81,43,300,600,4,5
2864,,,6,1,2,2,66,39,420,540,3,5
2865,,,7,1,2,3,50,98,420,540,3,5
2866,,,8,1,2,1,9,91,300,600,3,5
2867,,,7,1,2,1,67,23,420,540,2,5
2868,,,14,1,2,3,46,40,300,600,1,5
2869,,,5,1,2,1,14,33,300,600,3,5
2870,,,11,1,2,1,44,29,420,540,2,5
2871,,,10,1,2,1,43,28,420,540,2,5
2872,,,2,2,2,1,0,24,60,180,2,5
2873,,,12,1,2,3,97,5,300,600,3,5
2874,,,10,1,2,3,59,18,300,600,2,5
2875,,,6,2,2,2,37,34,420,540,4,5
2876,,,8,1,2,1,60,7,420,540,2,5
2877,,,7,2,2,2,57,30,60,180,3,5
2878,,,15,1,2,3,29,41,420,540,1,5
2879,,,3,1,2,1,27,62,300,600,1,5
2880,,,5,1,2,2,48,19,420,540,2,5
2881,,,7,1,2,2,81,34,300,600,2,5
2882,,,6,1,2,2,29,7,420,540,4,5
2883,,,9,1,2,3,77,41,420,540,2,5
2884,,,8,1,2,1,99,15,300,600,1,5
2885,,,10,1,2,2,80,21,300,600,2,5
2886,,,5,1,2,1,52,86,420,540,3,5
2887,,,12,1,2,1,84,9,300,600,3,5
2888,,,7,2,2,3,91,22,180,300,2,5
2889,,,9,1,2,3,40,99,300,600,1,5
2890,,,13,1,2,2,35,20,420,540,2,5
2891,,,4,2,2,2,90,18,60,180,3,5
2892,,,7,1,2,3,74,44,420,540,2,5
2893,,,11,1,2,1,13,43,420,540,4,5
2894,,,10,1,2,3,16,86,420,540,4,5
2895,,,14,1,2,3,19,92,300,600,3,5
2896,,,10,2,2,2,94,21,60,180,2,5
2897,,,9,1,2,1,11,85,300,600,3,5
2898,,,11,1,2,2,100,54,300,600,4,5
2899,,,5,1,2,1,54,16,300,600,1,5
2900,,,4,1,2,2,25,15,420,540,4,5
2901,,,8,2,2,2,22,8,300,600,1,5
2902,,,12,1,2,3,71,98,420,540,4,5
2903,,,5,1,2,3,45,66,300,600,3,5
2904,,,4,1,2,2,26,47,420,540,1,5
2905,,,15,1,2,3,64,68,420,540,1,5
2906,,,15,2,2,1,65,18,60,180,1,5
2907,,,5,2,2,3,58,45,60,180,4,5
2908,,,5,2,2,1,34,27,300,420,3,5
2909,,,5,2,2,1,81,16,0,300,4,5
2910,,,9,1,2,1,70,23,420,540,3,5
2911,,,11,2,2,3,52,30,0,300,3,5
2912,,,14,1,2,2,12,97,300,600,3,5
2913,,,11,2,2,1,31,55,180,300,1,5
2914,,,12,1,2,1,26,80,300,600,2,5
2915,,,9,1,2,3,52,32,420,540,3,5
2916,,,9,2,2,1,3,95,180,300,1,5
2917,,,3,2,2,2,65,52,180,300,2,5
2918,,,13,1,2,2,49,45,300,600,3,5
2919,,,9,2,2,2,7,56,0,300,1,5
2920,,,11,1,2,3,5,36,420,540,1,5
2921,,,1,1,2,1,4,100,300,600,1,5
2922,,,11,1,2,1,5,90,300,600,4,5
2923,,,6,2,2,2,28,17,180,300,1,5
2924,,,4,2,2,1,72,86,0,300,2,5
2925,,,4,1,2,2,23,64,420,540,1,5
2926,,,7,1,2,3,13,10,300,600,3,5
2927,,,14,2,2,1,15,99,180,300,4,5
2928,,,11,2,2,1,80,87,180,300,3,5
2929,,,6,1,2,3,55,40,420,540,4,5
2930,,,8,2,2,2,60,66,0,300,2,5
2931,,,1,1,2,3,37,7,300,600,4,5
2932,,,4,1,2,2,50,97,420,540,4,5
2933,,,7,1,2,3,66,47,420,540,3,5
2934,,,15,1,2,3,87,96,300,600,3,5
2935,,,6,2,2,1,32,31,60,180,2,5
2936,,,14,1,2,3,65,31,300,600,3,5
2937,,,11,2,2,2,68,49,0,300,1,5
2938,,,3,1,2,3,43,80,420,540,1,5
2939,,,14,1,2,2,74,77,420,540,2,5
2940,,,15,2,2,3,32,41,180,300,1,5
2941,,,2,1,2,3,0,18,420,540,1,5
2942,,,12,2,2,1,58,34,180,300,3,5
2943,,,3,1,2,3,24,46,300,600,2,5
2944,,,6,1,2,2,39,73,300,600,2,5
2945,,,3,1,2,1,8,29,420,540,2,5
2946,,,2,1,2,3,19,52,300,600,4,5
2947,,,13,1,2,2,38,61,420,540,1,5
2948,,,8,1,2,2,10,50,420,540,2,5
2949,,,10,1,2,3,89,67,420,540,3,5
2950,,,3,1,2,3,28,92,420,540,3,5
2951,,,14,1,2,1,60,49,420,540,4,5
2952,,,2,1,2,3,4,35,300,600,1,5
2953,,,4,1,2,2,38,79,420,540,4,5
2954,,,4,1,2,1,18,90,420,540,3,5
2955,,,8,1,2,2,84,0,300,600,2,5
2956,,,14,2,2,2,54,60,300,600,3,5
2957,,,15,2,2,1,3,72,0,300,4,5
2958,,,4,1,2,2,56,26,420,540,4,5
2959,,,5,1,2,2,43,6,420,540,3,5
2960,,,2,2,2,3,14,29,180,300,3,5
2961,,,6,2,2,2,97,97,180,300,1,5
2962,,,11,2,2,3,98,82,300,420,1,5
2963,,,16,1,2,3,53,35,420,540,3,5
2964,,,7,1,2,3,15,56,420,540,2,5
2965,,,5,1,2,1,26,89,300,600,3,5
2966,,,11,1,2,1,6,50,300,600,4,5
2967,,,4,2,2,1,54,9,420,540,2,5
2968,,,14,1,2,2,37,9,420,540,1,5
2969,,,6,1,2,3,37,77,300,600,2,5
2970,,,11,1,2,2,15,73,420,540,4,5
2971,,,9,1,2,1,19,50,300,600,1,5
2972,,,12,1,2,3,29,16,420,540,4,5
2973,,,6,2,2,2,1,54,300,600,1,5
2974,,,14,1,2,3,83,25,300,600,2,5
2975,,,6,1,2,2,93,98,420,540,4,5
2976,,,4,1,2,2,5,73,420,540,1,5
2977,,,13,1,2,3,27,50,420,540,1,5
2978,,,9,1,2,3,1,18,300,600,2,5
2979,,,4,1,2,3,65,57,300,600,4,5
2980,,,4,1,2,2,85,61,300,600,3,5
2981,,,11,1,2,3,43,25,420,540,4,5
2982,,,14,1,2,2,41,99,300,600,4,5
2983,,,11,1,2,3,98,1,420,540,1,5
2984,,,13,1,2,2,19,5,300,600,1,5
2985,,,6,1,2,1,75,11,420,540,3,5
2986,,,15,1,2,1,74,77,300,600,4,5
2987,,,4,2,2,3,58,36,60,180,2,5
2988,,,9,1,2,3,97,0,300,600,2,5
2989,,,8,2,2,3,41,78,0,300,1,5
2990,,,8,1,2,3,14,14,420,540,3,5
2991,,,2,1,2,3,65,30,300,600,1,5
2992,,,3,1,2,3,19,92,300,600,3,5
2993,,,10,1,2,3,97,3,300,600,4,5
2994,,,2,1,2,1,79,69,420,540,1,5
2995,,,3,1,2,1,69,52,420,540,4,5
2996,,,2,1,2,2,95,8,300,600,2,5
2997,,,8,1,2,2,94,93,420,540,4,5
2998,,,4,1,2,2,99,11,300,600,2,5
2999,,,14,1,2,3,46,40,420,540,1,5
3000,,,9,1,2,1,88,3,300,600,1,5
3001,,,7,1,2,3,99,31,300,600,1,5
3002,,,12,1,2,1,52,7,300,600,4,5
3003,,,14,1,2,3,62,1,420,540,4,5
3004,,,6,1,2,1,94,40,300,600,2,5
3005,,,13,1,2,3,74,83,300,600,3,5
3006,,,11,1,2,2,10,61,420,540,3,5
3007,,,12,2,2,3,46,13,60,180,4,5
3008,,,12,1,2,3,29,91,420,540,1,5
3009,,,15,2,2,2,57,2,0,300,3,5
3010,,,4,1,2,1,81,3,300,600,2,5
3011,,,7,1,2,2,43,29,420,540,3,5
3012,,,9,1,2,2,6,2,420,540,2,5
3013,,,9,1,2,2,33,49,420,540,4,5
3014,,,10,1,2,1,69,91,420,540,4,5
3015,,,8,2,2,1,32,37,300,600,1,5
3016,,,10,1,2,3,47,86,420,540,1,5
3017,,,9,1,2,1,98,74,300,600,4,5
3018,,,10,1,2,2,62,89,420,540,3,5
3019,,,10,1,2,1,64,31,300,600,1,5
3020,,,6,2,2,1,8,50,420,540,3,5
3021,,,14,2,2,2,45,32,300,600,3,5
3022,,,7,1,2,3,28,31,300,600,1,5
3023,,,2,1,2,1,100,14,420,540,2,5
3024,,,15,1,2,3,93,98,300,600,4,5
3025,,,6,2,2,2,22,80,180,300,1,5
3026,,,2,1,2,1,25,39,420,540,3,5
3027,,,1,1,2,3,50,41,420,540,1,5
3028,,,3,1,2,1,98,41,300,600,1,5
3029,,,6,1,2,2,63,98,420,540,3,5
3030,,,3,1,2,3,66,45,300,600,4,5
3031,,,3,2,2,3,16,59,0,300,1,5
3032,,,4,2,2,2,38,75,300,600,1,5
3033,,,11,2,2,3,92,26,180,300,1,5
3034,,,3,1,2,2,80,6,300,600,1,5
3035,,,12,1,2,1,34,4,300,600,1,5
3036,,,14,1,2,2,67,27,300,600,1,5
3037,,,7,1,2,3,30,54,300,600,3,5
3038,,,9,1,2,3,3,93,420,540,4,5
3039,,,13,1,2,2,37,36,420,540,1,5
3040,,,16,1,2,1,3,45,420,540,2,5
3041,,,10,1,2,2,42,80,420,540,4,5
3042,,,10,2,2,3,15,48,0,300,2,5
3043,,,11,1,2,3,67,90,300,600,3,5
3044,,,3,2,2,1,82,50,180,300,4,5
3045,,,11,1,2,1,55,99,300,600,4,5
3046,,,10,2,2,3,39,2,420,540,1,5
3047,,,9,1,2,3,12,60,300,600,4,5
3048,,,6,1,2,3,87,11,420,540,2,5
3049,,,10,1,2,2,90,77,420,540,4,5
3050,,,14,1,2,1,98,46,420,540,1,5
3051,,,4,1,2,3,89,59,420,540,4,5
3052,,,10,1,2,1,95,45,300,600,4,5
3053,,,7,1,2,3,64,8,300,600,4,5
3054,,,2,1,2,3,75,39,300,600,3,5
3055,,,7,2,2,3,22,95,420,540,2,5
3056,,,9,1,2,2,61,50,300,600,3,5
3057,,,6,1,2,3,59,42,300,600,2,5
3058,,,8,1,2,3,78,99,420,540,2,5
3059,,,4,1,2,3,46,21,420,540,1,5
3060,,,4,1,2,1,86,80,300,600,3,5
3061,,,4,1,2,1,10,83,300,600,1,5
3062,,,3,2,2,2,14,36,60,180,1,5
3063,,,15,1,2,2,9,90,300,600,2,5
3064,,,3,2,2,3,78,5,180,300,4,5
3065,,,8,1,2,3,35,23,420,540,4,5
3066,,,11,2,2,3,2,93,300,420,3,5
3067,,,11,1,2,1,24,1,300,600,3,5
3068,,,3,1,2,2,46,94,300,600,3,5
3069,,,8,1,2,3,28,99,420,540,4,5
3070,,,3,1,2,3,5,95,420,540,4,5
3071,,,6,1,2,2,45,11,420,540,3,5
3072,,,8,2,2,3,44,16,60,180,2,5
3073,,,5,2,2,1,31,14,180,300,4,5
3074,,,12,1,2,1,76,75,420,540,4,5
3075,,,1,1,2,2,90,57,300,600,4,5
3076,,,9,1,2,1,48,7,420,540,4,5
3077,,,16,1,2,3,66,74,300,600,4,5
3078,,,3,2,2,3,39,15,300,600,2,5
3079,,,6,1,2,2,30,18,300,600,4,5
3080,,,3,1,2,3,38,15,300,600,1,5
3081,,,13,1,2,3,4,59,300,600,2,5
3082,,,10,1,2,2,87,0,420,540,3,5
3083,,,11,1,2,1,22,33,300,600,4,5
3084,,,3,1,2,3,96,95,300,600,1,5
3085,,,7,2,2,3,31,94,180,300,3,5
3086,,,15,1,2,3,69,88,300,600,2,5
3087,,,6,1,2,1,77,93,300,600,2,5
3088,,,2,2,2,2,35,24,0,300,2,5
3089,,,13,1,2,2,69,21,300,600,3,5
3090,,,7,1,2,2,96,56,420,540,3,5
3091,,,7,1,2,1,81,33,420,540,4,5
3092,,,8,2,2,1,93,40,300,600,2,5
3093,,,8,1,2,1,20,13,300,600,2,5
3094,,,14,1,2,1,59,87,420,540,4,5
3095,,,5,1,2,1,37,37,300,600,4,5
3096,,,12,2,2,2,23,66,60,180,4,5
3097,,,5,1,2,1,93,94,420,540,3,5
3098,,,14,1,2,2,71,50,420,540,1,5
3099,,,13,1,2,2,100,54,420,540,3,5
3100,,,14,1,2,2,51,7,300,600,1,5
3101,,,9,2,2,2,3,20,420,540,2,5
3102,,,4,1,2,3,42,29,420,540,2,5
3103,,,15,2,2,3,88,34,420,540,3,5
3104,,,5,1,2,2,70,56,300,600,1,5
3105,,,9,2,2,3,73,65,420,540,1,5
3106,,,2,2,2,3,30,73,60,180,3,5
3107,,,3,1,2,1,23,93,300,600,4,5
3108,,,3,1,2,2,20,5,300,600,1,5
3109,,,4,1,2,2,27,40,300,600,1,5
3110,,,9,1,2,3,17,38,420,540,2,5
3111,,,15,1,2,2,24,68,300,600,1,5
3112,,,12,1,2,2,1,61,300,600,3,5
3113,,,3,1,2,2,69,5,420,540,1,5
3114,,,2,1,2,1,19,84,420,540,1,5
3115,,,13,1,2,2,15,87,420,540,1,5
3116,,,6,1,2,3,88,94,300,600,3,5
3117,,,2,1,2,1,41,9,300,600,2,5
3118,,,15,2,2,3,10,69,60,180,2,5
3119,,,3,1,2,3,30,30,420,540,2,5
3120,,,3,1,2,2,20,15,420,540,4,5
3121,,,7,1,2,2,83,16,420,540,3,5
3122,,,5,1,2,2,97,90,420,540,1,5
3123,,,4,1,2,2,100,68,420,540,3,5
3124,,,7,2,2,2,30,60,0,300,1,5
3125,,,14,1,2,2,42,53,300,600,4,5
3126,,,4,1,2,2,27,64,420,540,2,5
3127,,,15,2,2,3,15,90,60,180,4,5
3128,,,4,1,2,2,63,41,300,600,3,5
3129,,,1,1,2,2,29,35,420,540,4,5
3130,,,5,1,2,1,63,48,420,540,3,5
3131,,,6,1,2,2,97,74,300,600,3,5
3132,,,11,2,2,3,20,78,300,420,1,5
3133,,,11,1,2,2,50,53,300,600,1,5
3134,,,8,2,2,1,51,86,60,180,3,5
3135,,,5,1,2,2,64,26,420,540,3,5
3136,,,10,2,2,2,75,9,180,300,1,5
3137,,,11,1,2,1,34,74,300,600,1,5
3138,,,1,1,2,1,50,88,300,600,2,5
3139,,,8,2,2,2,99,8,300,420,1,5
3140,,,5,1,2,3,34,54,420,540,2,5
3141,,,5,1,2,3,24,16,300,600,3,5
3142,,,11,2,2,2,36,11,300,420,3,5
3143,,,12,1,2,2,87,50,420,540,2,5
3144,,,7,1,2,3,86,54,300,600,1,5
3145,,,10,2,2,1,52,28,300,600,3,5
3146,,,10,1,2,3,86,51,420,540,2,5
3147,,,12,1,2,2,5,71,300,600,4,5
3148,,,15,1,2,2,62,64,420,540,1,5
3149,,,6,1,2,3,63,21,420,540,2,5
3150,,,7,2,2,1,7,77,420,540,3,5
3151,,,5,1,2,3,83,51,420,540,2,5
3152,,,12,1,2,1,67,53,420,540,3,5
3153,,,4,1,2,2,86,86,420,540,3,5
3154,,,4,1,2,2,95,90,300,600,3,5
3155,,,2,2,2,2,97,18,60,180,4,5
3156,,,8,1,2,3,18,99,420,540,1,5
3157,,,13,1,2,3,69,93,420,540,2,5
3158,,,6,2,2,1,34,39,0,300,1,5
3159,,,3,2,2,1,63,55,0,300,1,5
3160,,,7,2,2,3,66,94,60,180,2,5
3161,,,12,1,2,1,30,64,420,540,2,5
3162,,,12,2,2,2,81,53,0,300,2,5
3163,,,10,1,2,1,62,76,420,540,4,5
3164,,,3,1,2,2,4,48,300,600,3,5
3165,,,10,1,2,1,26,23,300,600,3,5
3166,,,4,1,2,3,20,19,420,540,3,5
3167,,,14,1,2,2,65,76,300,600,4,5
3168,,,13,1,2,1,15,99,300,600,2,5
3169,,,6,1,2,3,76,15,300,600,3,5
3170,,,9,2,2,2,62,58,300,420,1,5
3171,,,10,1,2,3,60,97,420,540,3,5
3172,,,12,1,2,2,18,68,300,600,3,5
3173,,,1,1,2,1,34,21,420,540,2,5
3174,,,4,1,2,1,47,53,300,600,3,5
3175,,,9,1,2,1,71,27,420,540,1,5
3176,,,10,1,2,1,19,65,420,540,2,5
3177,,,7,1,2,3,46,54,420,540,3,5
3178,,,6,2,2,3,70,90,300,600,3,5
3179,,,3,1,2,2,15,29,300,600,3,5
3180,,,12,1,2,1,39,95,300,600,4,5
3181,,,5,2,2,3,23,35,60,180,4,5
3182,,,10,2,2,2,81,31,420,540,2,5
3183,,,16,1,2,2,42,77,420,540,2,5
3184,,,6,2,2,3,17,79,0,300,3,5
3185,,,1,1,2,3,29,33,420,540,1,5
3186,,,12,2,2,1,58,47,420,540,4,5
3187,,,10,1,2,2,84,78,300,600,1,5
3188,,,2,1,2,2,48,31,300,600,3,5
3189,,,13,1,2,2,52,20,300,600,1,5
3190,,,10,2,2,1,8,40,300,600,3,5
3191,,,3,1,2,1,60,27,420,540,2,5
3192,,,6,1,2,1,4,53,300,600,1,5
3193,,,2,1,2,3,88,62,420,540,3,5
3194,,,6,1,2,3,16,26,300,600,3,5
3195,,,7,2,2,2,57,13,300,420,1,5
3196,,,12,2,2,3,12,42,180,300,1,5
3197,,,12,1,2,3,25,49,420,540,3,5
3198,,,13,1,2,2,13,86,300,600,3,5
3199,,,15,2,2,1,68,44,420,540,2,5
3200,,,4,2,2,2,33,74,60,180,2,5
3201,,,12,2,2,1,16,96,180,300,3,5
3202,,,13,2,2,2,33,12,300,420,4,5
3203,,,7,1,2,2,17,39,420,540,1,5
3204,,,10,1,2,1,79,6,300,600,2,5
3205,,,10,1,2,2,33,53,420,540,1,5
3206,,,6,1,2,2,55,76,420,540,4,5
3207,,,3,2,2,1,3,58,300,420,3,5
3208,,,12,1,2,1,8,24,420,540,3,5
3209,,,7,2,2,3,30,50,300,420,2,5
3210,,,4,2,2,1,26,68,60,180,1,5
3211,,,9,2,2,3,54,67,300,600,2,5
3212,,,15,1,2,3,17,34,420,540,3,5
3213,,,8,1,2,3,74,82,420,540,2,5
3214,,,4,2,2,2,55,6,300,600,4,5
3215,,,2,1,2,3,18,45,300,600,1,5
3216,,,8,1,2,3,53,85,300,600,1,5
3217,,,4,1,2,1,4,55,420,540,4,5
3218,,,5,1,2,2,56,66,300,600,3,5
3219,,,7,1,2,2,3,72,420,540,4,5
3220,,,9,1,2,3,62,86,420,540,3,5
3221,,,3,1,2,2,98,91,420,540,4,5
3222,,,2,1,2,1,17,40,420,540,3,5
3223,,,8,2,2,2,64,86,420,540,3,5
3224,,,13,2,2,2,86,50,180,300,4,5
3225,,,13,1,2,2,12,99,300,600,3,5
3226,,,9,2,2,3,15,97,60,180,1,5
3227,,,6,2,2,1,64,34,180,300,3,5
3228,,,7,1,2,2,22,76,420,540,2,5
3229,,,9,1,2,1,86,91,300,600,4,5
3230,,,2,2,2,1,50,16,300,600,1,5
3231,,,14,1,2,3,52,86,300,600,4,5
3232,,,9,1,2,2,9,35,420,540,4,5
3233,,,6,2,2,2,87,18,300,420,3,5
3234,,,5,1,2,2,67,85,300,600,1,5
3235,,,3,1,2,1,84,65,420,540,3,5
3236,,,11,1,2,2,88,84,300,600,4,5
3237,,,4,2,2,1,2,71,0,300,1,5
3238,,,6,2,2,3,41,19,300,600,1,5
3239,,,14,1,2,3,3,6,420,540,1,5
3240,,,12,1,2,2,76,41,300,600,4,5
3241,,,14,2,2,1,4,79,60,180,1,5
3242,,,7,1,2,1,22,59,420,540,4,5
3243,,,4,1,2,3,98,31,420,540,1,5
3244,,,12,2,2,2,35,67,300,600,2,5
3245,,,14,1,2,1,89,93,300,600,1,5
3246,,,5,2,2,1,18,4,60,180,2,5
3247,,,9,1,2,1,84,73,300,600,3,5
3248,,,9,1,2,1,86,73,420,540,1,5
3249,,,11,1,2,3,99,1,420,540,3,5
3250,,,10,1,2,1,29,56,300,600,4,5
3251,,,14,1,2,2,46,12,420,540,2,5
3252,,,9,1,2,2,32,74,300,600,2,5
3253,,,13,1,2,1,32,15,300,600,3,5
3254,,,12,1,2,1,5,55,420,540,1,5
3255,,,15,2,2,3,23,78,300,600,4,5
3256,,,6,1,2,2,94,29,420,540,1,5
3257,,,3,1,2,3,3,46,300,600,1,5
3258,,,6,1,2,1,50,66,300,600,3,5
3259,,,2,1,2,2,19,5,300,600,3,5
3260,,,11,2,2,1,40,64,0,300,1,5
3261,,,15,1,2,3,8,17,420,540,3,5
3262,,,2,1,2,1,93,38,300,600,2,5
3263,,,12,1,2,1,99,72,300,600,3,5
3264,,,5,1,2,1,20,60,420,540,2,5
3265,,,12,1,2,2,97,66,420,540,3,5
3266,,,10,1,2,2,26,81,300,600,2,5
3267,,,15,1,2,2,89,60,420,540,2,5
3268,,,15,1,2,1,59,60,420,540,1,5
3269,,,3,1,2,3,80,87,300,600,2,5
3270,,,13,1,2,3,8,20,300,600,3,5
3271,,,9,2,2,1,52,51,180,300,4,5
3272,,,14,1,2,2,73,20,300,600,4,5
3273,,,7,2,2,3,66,55,60,180,4,5
3274,,,11,1,2,1,73,7,300,600,3,5
3275,,,8,2,2,3,81,58,420,540,1,5
3276,,,11,1,2,1,21,5,420,540,4,5
3277,,,4,1,2,1,3,26,300,600,1,5
3278,,,12,1,2,3,87,17,300,600,3,5
3279,,,11,1,2,3,73,38,420,540,4,5
3280,,,14,1,2,3,79,77,420,540,1,5
3281,,,12,1,2,3,80,48,420,540,1,5
3282,,,5,1,2,1,55,21,420,540,4,5
3283,,,8,1,2,3,4,74,300,600,3,5
3284,,,12,1,2,3,8,14,420,540,4,5
3285,,,4,1,2,1,46,36,300,600,2,5
3286,,,16,1,2,1,12,62,420,540,4,5
3287,,,14,1,2,3,49,47,300,600,1,5
3288,,,5,2,2,3,92,6,0,300,3,5
3289,,,8,2,2,1,72,60,0,300,4,5
3290,,,3,2,2,3,8,70,0,300,1,5
3291,,,12,1,2,3,16,69,300,600,4,5
3292,,,4,1,2,3,39,31,300,600,4,5
3293,,,2,1,2,2,2,43,420,540,1,5
3294,,,8,2,2,3,53,34,300,600,1,5
3295,,,12,2,2,3,23,51,420,540,2,5
3296,,,10,1,2,3,83,92,300,600,2,5
3297,,,5,1,2,2,40,71,420,540,2,5
3298,,,1,1,2,1,89,84,300,600,4,5
3299,,,2,2,2,1,94,5,420,540,4,5
3300,,,2,1,2,1,22,98,420,540,3,5
3301,,,14,1,2,1,79,60,300,600,2,5
3302,,,12,1,2,3,53,52,420,540,3,5
3303,,,4,2,2,2,59,84,300,420,4,5
3304,,,13,2,2,3,66,84,180,300,2,5
3305,,,11,1,2,1,46,26,420,540,4,5
3306,,,6,1,2,3,64,38,420,540,3,5
3307,,,13,2,2,1,72,60,180,300,2,5
3308,,,8,1,2,2,59,55,420,540,4,5
3309,,,4,1,2,3,16,60,300,600,2,5
3310,,,13,1,2,2,39,95,300,600,4,5
3311,,,9,1,2,1,4,45,420,540,3,5
3312,,,3,2,2,3,45,87,420,540,3,5
3313,,,9,1,2,3,79,0,300,600,2,5
3314,,,6,1,2,3,94,16,420,540,1,5
3315,,,9,1,2,1,85,4,300,600,4,5
3316,,,14,1,2,3,36,0,420,540,2,5
3317,,,9,2,2,2,44,24,420,540,2,5
3318,,,10,1,2,2,86,66,300,600,3,5
3319,,,4,1,2,3,13,1,300,600,2,5
3320,,,6,1,2,3,25,66,420,540,4,5
3321,,,6,1,2,2,48,59,300,600,4,5
3322,,,13,1,2,1,63,58,420,540,4,5
3323,,,16,1,2,2,78,79,420,540,4,5
3324,,,5,1,2,2,71,20,420,540,4,5
3325,,,9,1,2,2,51,72,420,540,3,5
3326,,,12,1,2,3,62,94,300,600,3,5
3327,,,1,1,2,3,14,85,300,600,3,5
3328,,,2,1,2,3,98,14,420,540,3,5
3329,,,6,2,2,2,43,24,60,180,3,5
3330,,,5,2,2,1,31,59,420,540,1,5
3331,,,8,2,2,3,14,46,180,300,1,5
3332,,,13,1,2,1,2,41,420,540,4,5
3333,,,14,1,2,2,43,83,420,540,3,5
3334,,,4,1,2,1,71,79,300,600,1,5
3335,,,5,2,2,3,54,11,300,600,3,5
3336,,,11,2,2,2,81,53,420,540,4,5
3337,,,8,1,2,3,26,52,420,540,3,5
3338,,,11,1,2,3,46,45,300,600,1,5
3339,,,9,1,2,2,88,21,300,600,4,5
3340,,,13,1,2,3,62,17,420,540,1,5
3341,,,6,1,2,3,84,34,300,600,2,5
3342,,,10,1,2,2,23,60,420,540,1,5
3343,,,13,2,2,2,88,51,300,600,4,5
3344,,,9,1,2,2,75,61,300,600,4,5
3345,,,12,1,2,1,21,38,420,540,4,5
3346,,,5,1,2,1,57,90,420,540,3,5
3347,,,15,1,2,1,75,49,420,540,2,5
3348,,,10,2,2,2,26,89,60,180,4,5
3349,,,5,1,2,1,63,25,420,540,3,5
3350,,,7,1,2,3,60,18,300,600,3,5
3351,,,11,1,2,2,87,76,420,540,4,5
3352,,,3,2,2,2,5,10,420,540,1,5
3353,,,15,1,2,1,85,72,300,600,1,5
3354,,,10,2,2,2,50,81,300,420,1,5
3355,,,3,2,2,2,99,73,0,300,4,5
3356,,,14,2,2,2,6,99,300,600,3,5
3357,,,13,1,2,2,66,67,420,540,4,5
3358,,,6,1,2,1,20,91,300,600,4,5
3359,,,5,1,2,3,75,72,420,540,4,5
3360,,,15,1,2,1,1,39,300,600,2,5
3361,,,7,2,2,1,22,67,300,420,1,5
3362,,,4,1,2,1,88,33,420,540,3,5
3363,,,10,1,2,3,60,81,300,600,2,5
3364,,,8,1,2,3,96,68,300,600,1,5
3365,,,14,1,2,2,74,82,420,540,4,5
3366,,,14,1,2,2,14,36,420,540,4,5
3367,,,5,1,2,2,68,83,420,540,4,5
3368,,,5,2,2,1,7,50,60,180,3,5
3369,,,10,1,2,3,47,66,300,600,1,5
3370,,,10,1,2,2,19,19,300,600,4,5
3371,,,14,2,2,1,46,97,180,300,2,5
3372,,,4,1,2,1,60,79,300,600,3,5
3373,,,13,1,2,1,55,5,300,600,1,5
3374,,,16,1,2,3,62,63,420,540,1,5
3375,,,8,2,2,2,68,98,0,300,3,5
3376,,,13,1,2,2,5,68,300,600,1,5
3377,,,11,1,2,1,4,50,420,540,1,5
3378,,,13,1,2,3,1,58,300,600,2,5
3379,,,11,1,2,3,90,45,420,540,1,5
3380,,,8,1,2,1,51,0,300,600,1,5
3381,,,12,2,2,3,91,30,0,300,2,5
3382,,,14,2,2,2,10,30,300,600,1,5
3383,,,9,1,2,3,74,64,300,600,4,5
3384,,,7,2,2,3,97,40,60,180,2,5
3385,,,15,1,2,1,90,93,300,600,3,5
3386,,,14,1,2,2,90,61,420,540,4,5
3387,,,4,1,2,2,70,68,420,540,4,5
3388,,,9,1,2,1,71,87,420,540,3,5
3389,,,6,1,2,1,78,92,300,600,3,5
3390,,,12,1,2,2,12,30,300,600,4,5
3391,,,5,1,2,2,98,33,420,540,4,5
3392,,,13,1,2,2,70,11,300,600,1,5
3393,,,3,1,2,1,28,23,300,600,4,5
3394,,,15,1,2,1,24,22,420,540,4,5
3395,,,4,1,2,1,85,28,300,600,4,5
3396,,,13,1,2,2,44,13,420,540,2,5
3397,,,6,2,2,3,42,36,420,540,2,5
3398,,,4,1,2,2,58,51,300,600,4,5
3399,,,4,2,2,2,42,2,60,180,3,5
3400,,,13,1,2,1,71,0,420,540,1,5
3401,,,4,1,2,2,70,64,300,600,2,5
3402,,,8,1,2,1,36,63,300,600,2,5
3403,,,14,1,2,2,74,48,420,540,3,5
3404,,,5,1,2,1,71,93,300,600,3,5
3405,,,5,1,2,2,16,64,420,540,2,5
3406,,,8,1,2,1,85,98,420,540,3,5
3407,,,14,1,2,3,45,81,420,540,2,5
3408,,,4,2,2,1,37,87,300,420,1,5
3409,,,5,2,2,3,74,6,180,300,2,5
3410,,,7,1,2,3,69,98,300,600,1,5
3411,,,11,2,2,1,91,78,60,180,4,5
3412,,,10,1,2,3,56,74,420,540,1,5
3413,,,2,1,2,2,0,85,300,600,1,5
3414,,,12,1,2,2,82,86,420,540,3,5
3415,,,12,2,2,2,44,92,60,180,3,5
3416,,,4,1,2,1,2,12,420,540,1,5
3417,,,10,2,2,3,50,32,420,540,1,5
3418,,,7,1,2,3,80,4,300,600,4,5
3419,,,7,1,2,3,74,62,300,600,3,5
3420,,,3,2,2,1,97,1,180,300,4,5
3421,,,14,1,2,2,69,30,420,540,1,5
3422,,,16,1,2,1,25,74,300,600,4,5
3423,,,3,1,2,2,73,73,420,540,4,5
3424,,,10,1,2,2,74,9,300,600,3,5
3425,,,14,1,2,2,27,30,420,540,2,5
3426,,,5,1,2,3,81,87,300,600,1,5
3427,,,6,1,2,1,85,46,300,600,4,5
3428,,,3,1,2,2,17,42,300,600,2,5
3429,,,10,1,2,3,97,37,300,600,3,5
3430,,,11,1,2,3,64,45,420,540,2,5
3431,,,15,2,2,2,17,22,420,540,4,5
3432,,,13,1,2,1,87,59,300,600,1,5
3433,,,10,1,2,1,33,30,420,540,1,5
3434,,,7,1,2,1,100,31,420,540,4,5
3435,,,11,1,2,1,6,33,420,540,1,5
3436,,,8,1,2,3,49,86,300,600,1,5
3437,,,10,2,2,2,60,38,180,300,3,5
3438,,,3,1,2,2,49,90,420,540,2,5
3439,,,10,1,2,1,44,60,300,600,3,5
3440,,,5,1,2,3,70,86,300,600,3,5
3441,,,10,1,2,3,20,84,300,600,1,5
3442,,,11,2,2,1,62,92,0,300,4,5
3443,,,13,1,2,2,46,98,420,540,4,5
3444,,,3,1,2,2,0,90,300,600,3,5
3445,,,11,1,2,3,60,74,420,540,2,5
3446,,,5,1,2,1,35,62,420,540,4,5
3447,,,13,2,2,3,66,90,0,300,2,5
3448,,,2,1,2,1,84,27,420,540,4,5
3449,,,4,1,2,3,23,86,300,600,2,5
3450,,,10,1,2,3,90,76,300,600,3,5
3451,,,15,1,2,1,77,45,420,540,3,5
3452,,,11,1,2,3,5,71,420,540,1,5
3453,,,11,2,2,1,2,24,180,300,1,5
3454,,,1,1,2,1,19,67,300,600,4,5
3455,,,15,2,2,3,57,46,60,180,2,5
3456,,,12,1,2,2,69,95,420,540,4,5
3457,,,13,1,2,2,75,45,300,600,4,5
3458,,,15,1,2,2,65,78,420,540,3,5
3459,,,2,1,2,3,87,10,300,600,2,5
3460,,,9,1,2,1,60,56,420,540,1,5
3461,,,3,1,2,2,80,5,420,540,4,5
3462,,,5,1,2,1,3,29,300,600,1,5
3463,,,13,1,2,1,22,39,420,540,1,5
3464,,,3,1,2,1,10,22,420,540,4,5
3465,,,9,1,2,2,33,1,300,600,1,5
3466,,,15,2,2,2,63,33,180,300,3,5
3467,,,7,1,2,3,90,61,300,600,3,5
3468,,,10,1,2,3,11,38,420,540,2,5
3469,,,11,1,2,3,44,80,420,540,3,5
3470,,,15,1,2,3,85,68,300,600,3,5
3471,,,13,1,2,1,47,51,420,540,1,5
3472,,,2,1,2,2,27,11,420,540,1,5
3473,,,14,2,2,3,95,90,300,600,3,5
3474,,,12,1,2,2,36,74,300,600,2,5
3475,,,14,1,2,2,85,91,420,540,1,5
3476,,,4,1,2,3,21,38,420,540,2,5
3477,,,2,1,2,1,96,43,420,540,4,5
3478,,,9,2,2,3,82,65,180,300,1,5
3479,,,14,2,2,3,56,96,0,300,1,5
3480,,,14,1,2,3,56,50,300,600,2,5
3481,,,14,1,2,3,0,22,420,540,3,5
3482,,,4,1,2,1,11,71,420,540,4,5
3483,,,4,1,2,2,23,61,420,540,2,5
3484,,,4,2,2,3,35,68,300,600,3,5
3485,,,13,1,2,1,64,7,420,540,1,5
3486,,,5,2,2,2,100,71,300,420,1,5
3487,,,14,1,2,1,14,94,420,540,3,5
3488,,,3,2,2,2,70,53,0,300,2,5
3489,,,14,1,2,2,93,3,300,600,4,5
3490,,,9,1,2,3,32,34,420,540,2,5
3491,,,14,1,2,3,75,32,300,600,1,5
3492,,,14,2,2,3,68,95,300,600,4,5
3493,,,3,1,2,2,12,1,420,540,4,5
3494,,,7,1,2,1,52,81,300,600,1,5
3495,,,6,1,2,2,57,5,420,540,1,5
3496,,,9,2,2,3,98,69,300,600,1,5
3497,,,13,1,2,3,84,74,420,540,4,5
3498,,,11,1,2,1,74,61,420,540,4,5
3499,,,4,1,2,1,33,95,300,600,3,5
3500,,,4,1,2,3,92,34,300,600,1,5
3501,,,15,1,2,1,67,85,420,540,2,5
3502,,,5,2,2,2,20,25,60,180,4,5
3503,,,5,1,2,1,75,58,300,600,1,5
3504,,,10,1,2,2,47,15,300,600,2,5
3505,,,11,1,2,3,50,43,420,540,2,5
3506,,,12,1,2,3,29,7,300,600,1,5
3507,,,10,1,2,2,69,54,300,600,4,5
3508,,,13,1,2,2,40,46,420,540,1,5
3509,,,7,1,2,1,21,26,420,540,3,5
3510,,,8,2,2,3,80,27,60,180,2,5
3511,,,10,1,2,2,94,3,420,540,3,5
3512,,,6,1,2,1,88,29,420,540,4,5
3513,,,12,1,2,1,97,78,300,600,1,5
3514,,,7,1,2,1,78,42,420,540,3,5
3515,,,2,1,2,3,82,2,300,600,4,5
3516,,,14,2,2,3,7,4,60,180,1,5
3517,,,12,1,2,1,83,4,420,540,1,5
3518,,,11,2,2,3,20,20,420,540,3,5
3519,,,3,2,2,3,22,67,420,540,2,5
3520,,,9,1,2,2,66,35,420,540,4,5
3521,,,10,1,2,2,41,27,300,600,3,5
3522,,,10,2,2,1,66,40,300,420,4,5
3523,,,12,1,2,2,78,88,420,540,1,5
3524,,,12,2,2,3,92,68,300,600,3,5
3525,,,6,1,2,1,50,71,420,540,3,5
3526,,,6,1,2,1,12,15,420,540,3,5
3527,,,5,1,2,3,5,36,420,540,4,5
3528,,,7,2,2,3,51,32,60,180,3,5
3529,,,8,1,2,1,92,39,300,600,1,5
3530,,,4,1,2,2,99,18,300,600,4,5
3531,,,15,1,2,3,16,39,300,600,2,5
3532,,,13,2,2,3,76,45,60,180,2,5
3533,,,13,1,2,1,30,96,420,540,2,5
3534,,,15,2,2,2,15,59,180,300,3,5
3535,,,7,1,2,3,21,55,300,600,2,5
3536,,,11,1,2,1,0,9,420,540,3,5
3537,,,8,1,2,1,50,47,300,600,3,5
3538,,,5,1,2,1,57,96,300,600,4,5
3539,,,12,1,2,2,13,22,420,540,3,5
3540,,,7,2,2,1,34,30,300,600,4,5
3541,,,10,2,2,1,83,13,300,420,1,5
3542,,,12,1,2,3,97,96,300,600,4,5
3543,,,12,1,2,2,70,70,300,600,1,5
3544,,,8,1,2,2,12,98,420,540,3,5
3545,,,9,1,2,1,4,62,300,600,3,5
3546,,,7,1,2,3,62,48,420,540,4,5
3547,,,3,1,2,2,63,46,300,600,1,5
3548,,,3,2,2,3,82,33,420,540,1,5
3549,,,15,1,2,3,70,36,420,540,1,5
3550,,,9,1,2,1,86,11,300,600,4,5
3551,,,9,2,2,2,72,18,0,300,2,5
3552,,,8,2,2,3,76,10,180,300,4,5
3553,,,11,1,2,2,81,17,300,600,4,5
3554,,,3,2,2,1,78,4,420,540,4,5
3555,,,13,1,2,3,72,16,300,600,1,5
3556,,,12,2,2,2,68,95,420,540,2,5
3557,,,14,1,2,2,11,2,420,540,1,5
3558,,,3,1,2,3,13,45,420,540,4,5
3559,,,4,2,2,3,21,21,0,300,4,5
3560,,,14,1,2,3,98,53,420,540,2,5
3561,,,14,2,2,3,35,4,0,300,2,5
3562,,,14,1,2,2,11,75,300,600,4,5
3563,,,12,1,2,1,38,87,420,540,3,5
3564,,,14,1,2,1,68,59,420,540,1,5
3565,,,3,1,2,1,38,53,300,600,1,5
3566,,,7,1,2,2,57,95,420,540,2,5
3567,,,14,1,2,1,64,8,300,600,2,5
3568,,,12,1,2,2,10,77,420,540,4,5
3569,,,14,1,2,2,65,42,420,540,3,5
3570,,,5,2,2,3,73,69,60,180,3,5
3571,,,6,1,2,2,50,67,300,600,1,5
3572,,,15,2,2,1,52,71,60,180,4,5
3573,,,14,1,2,1,28,2,300,600,3,5
3574,,,10,1,2,2,1,89,300,600,2,5
3575,,,2,1,2,2,31,94,420,540,2,5
3576,,,9,1,2,2,13,11,300,600,1,5
3577,,,12,1,2,2,23,53,300,600,3,5
3578,,,3,2,2,3,50,72,300,600,2,5
3579,,,11,2,2,1,53,15,300,420,1,5
3580,,,11,1,2,2,52,80,420,540,4,5
3581,,,3,1,2,3,99,42,420,540,2,5
3582,,,11,2,2,3,65,48,420,540,1,5
3583,,,11,1,2,3,10,73,420,540,4,5
3584,,,12,1,2,2,83,74,300,600,2,5
3585,,,8,1,2,2,39,89,420,540,2,5
3586,,,13,1,2,1,16,15,300,600,4,5
3587,,,14,1,2,3,46,6,300,600,2,5
3588,,,9,1,2,3,67,96,300,600,3,5
3589,,,6,2,2,1,81,52,420,540,1,5
3590,,,10,1,2,3,22,74,300,600,2,5
3591,,,8,1,2,2,56,90,420,540,2,5
3592,,,2,1,2,1,62,90,420,540,4,5
3593,,,3,1,2,3,96,11,420,540,1,5
3594,,,11,1,2,2,10,86,420,540,3,5
3595,,,6,2,2,2,20,85,300,420,2,5
3596,,,6,2,2,3,99,44,0,300,2,5
3597,,,8,2,2,1,39,33,180,300,4,5
3598,,,3,2,2,2,5,15,300,420,4,5
3599,,,12,2,2,2,76,14,0,300,2,5
3600,,,2,1,2,1,73,2,420,540,1,5
3601,,,8,1,2,3,36,1,420,540,1,5
3602,,,10,2,2,3,51,2,180,300,1,5
3603,,,7,1,2,3,65,59,420,540,3,5
3604,,,3,1,2,3,6,69,420,540,4,5
3605,,,11,1,2,2,88,6,420,540,4,5
3606,,,13,2,2,3,29,84,180,300,1,5
3607,,,10,1,2,1,45,29,300,600,2,5
3608,,,5,1,2,2,63,89,420,540,1,5
3609,,,8,1,2,2,14,65,420,540,2,5
3610,,,14,1,2,2,31,65,420,540,1,5
3611,,,2,1,2,2,5,80,420,540,3,5
3612,,,6,1,2,3,28,83,420,540,3,5
3613,,,8,2,2,1,14,79,60,180,1,5
3614,,,7,1,2,1,45,35,300,600,1,5
3615,,,5,1,2,2,70,50,300,600,1,5
3616,,,16,1,2,2,2,63,420,540,2,5
3617,,,10,1,2,1,90,94,300,600,4,5
3618,,,7,1,2,1,33,44,300,600,2,5
3619,,,14,2,2,2,85,34,300,420,3,5
3620,,,15,2,2,3,31,18,180,300,4,5
3621,,,4,1,2,1,75,41,420,540,1,5
3622,,,4,1,2,1,2,13,300,600,2,5
3623,,,11,1,2,3,22,97,420,540,4,5
3624,,,12,2,2,3,90,98,420,540,1,5
3625,,,2,1,2,1,20,78,420,540,4,5
3626,,,6,1,2,3,0,63,300,600,2,5
3627,,,4,1,2,1,76,28,300,600,1,5
3628,,,10,1,2,2,86,30,420,540,3,5
3629,,,2,1,2,2,64,37,300,600,2,5
3630,,,4,1,2,1,11,45,420,540,4,5
3631,,,3,1,2,1,90,9,300,600,4,5
3632,,,12,1,2,1,37,66,420,540,2,5
3633,,,3,1,2,2,32,36,420,540,2,5
3634,,,9,1,2,3,92,23,300,600,4,5
3635,,,12,1,2,1,69,2,300,600,1,5
3636,,,11,2,2,2,25,97,180,300,3,5
3637,,,12,1,2,2,91,44,300,600,4,5
3638,,,15,2,2,3,88,78,420,540,2,5
3639,,,5,2,2,2,32,29,420,540,3,5
3640,,,13,2,2,3,3,39,420,540,4,5
3641,,,4,1,2,3,15,87,420,540,3,5
3642,,,14,1,2,2,18,96,300,600,1,5
3643,,,8,1,2,2,67,11,300,600,3,5
3644,,,11,2,2,1,35,83,420,540,1,5
3645,,,7,1,2,2,75,49,420,540,2,5
3646,,,6,1,2,3,41,69,420,540,1,5
3647,,,2,1,2,3,67,4,420,540,1,5
3648,,,2,1,2,2,99,33,300,600,4,5
3649,,,15,1,2,3,0,36,300,600,3,5
3650,,,3,1,2,1,48,57,300,600,4,5
3651,,,13,1,2,3,90,42,300,600,3,5
3652,,,12,1,2,2,69,88,300,600,1,5
3653,,,8,1,2,3,83,25,300,600,2,5
3654,,,8,1,2,2,69,81,300,600,4,5
3655,,,12,2,2,3,27,29,60,180,3,5
3656,,,10,2,2,1,35,43,180,300,3,5
3657,,,2,1,2,2,79,89,420,540,2,5
3658,,,4,1,2,1,74,5,300,600,1,5
3659,,,5,1,2,2,12,36,300,600,2,5
3660,,,2,2,2,3,52,58,300,600,2,5
3661,,,5,1,2,3,50,35,300,600,2,5
3662,,,5,1,2,3,55,46,420,540,2,5
3663,,,2,1,2,1,27,54,300,600,3,5
3664,,,4,2,2,2,72,60,0,300,4,5
3665,,,5,1,2,1,27,90,300,600,2,5
3666,,,10,2,2,1,28,82,60,180,3,5
3667,,,10,2,2,2,87,25,0,300,2,5
3668,,,6,1,2,1,93,96,420,540,1,5
3669,,,15,1,2,1,65,4,420,540,1,5
3670,,,4,1,2,3,65,84,300,600,4,5
3671,,,14,1,2,1,47,26,420,540,3,5
3672,,,10,1,2,2,32,71,420,540,1,5
3673,,,7,1,2,2,54,79,300,600,3,5
3674,,,8,1,2,1,63,98,420,540,3,5
3675,,,14,2,2,2,43,100,0,300,4,5
3676,,,11,1,2,3,68,4,300,600,3,5
3677,,,6,1,2,1,51,33,300,600,4,5
3678,,,13,2,2,2,25,61,300,600,1,5
3679,,,15,2,2,3,69,80,60,180,4,5
3680,,,14,1,2,1,76,68,300,600,1,5
3681,,,13,1,2,3,26,95,300,600,2,5
3682,,,12,1,2,2,18,36,420,540,2,5
3683,,,10,1,2,1,12,36,420,540,3,5
3684,,,14,1,2,2,53,90,420,540,1,5
3685,,,8,1,2,3,6,29,420,540,2,5
3686,,,13,1,2,3,40,39,300,600,3,5
3687,,,8,1,2,2,47,10,420,540,2,5
3688,,,12,1,2,2,8,33,300,600,1,5
3689,,,10,2,2,1,4,0,60,180,1,5
3690,,,9,1,2,3,0,16,300,600,2,5
3691,,,9,1,2,2,89,73,300,600,4,5
3692,,,10,2,2,1,23,32,180,300,2,5
3693,,,9,2,2,3,88,48,420,540,2,5
3694,,,9,1,2,2,16,21,300,600,2,5
3695,,,13,2,2,2,96,90,60,180,1,5
3696,,,15,2,2,1,25,62,0,300,4,5
3697,,,13,1,2,3,79,8,420,540,2,5
3698,,,14,2,2,2,51,79,180,300,4,5
3699,,,5,2,2,2,1,48,300,420,3,5
3700,,,9,2,2,3,31,29,180,300,2,5
3701,,,3,2,2,2,9,11,420,540,4,5
3702,,,14,2,2,2,1,86,60,180,2,5
3703,,,8,1,2,3,60,23,420,540,4,5
3704,,,4,2,2,3,73,78,420,540,4,5
3705,,,12,2,2,1,20,14,60,180,2,5
3706,,,1,1,2,3,69,11,300,600,4,5
3707,,,14,1,2,1,1,55,420,540,2,5
3708,,,4,1,2,2,76,74,420,540,1,5
3709,,,2,1,2,2,88,39,420,540,3,5
3710,,,15,2,2,2,79,73,300,420,3,5
3711,,,7,1,2,2,100,94,300,600,4,5
3712,,,12,1,2,2,8,27,300,600,4,5
3713,,,12,1,2,2,28,52,300,600,1,5
3714,,,8,1,2,1,68,35,420,540,2,5
3715,,,7,1,2,3,31,40,420,540,1,5
3716,,,14,1,2,3,55,62,300,600,4,5
3717,,,4,1,2,1,24,45,420,540,4,5
3718,,,3,1,2,1,63,45,300,600,1,5
3719,,,9,1,2,3,23,51,300,600,3,5
3720,,,2,2,2,2,63,68,0,300,4,5
3721,,,12,1,2,2,60,65,420,540,4,5
3722,,,10,2,2,3,14,91,300,420,3,5
3723,,,6,1,2,3,40,18,300,600,2,5
3724,,,15,1,2,2,94,98,420,540,2,5
3725,,,11,1,2,1,38,91,300,600,3,5
3726,,,13,2,2,2,81,34,300,420,4,5
3727,,,4,1,2,1,56,9,300,600,2,5
3728,,,11,2,2,2,50,10,0,300,2,5
3729,,,8,2,2,2,100,60,180,300,3,5
3730,,,11,2,2,2,95,70,420,540,3,5
3731,,,2,1,2,2,62,92,420,540,1,5
3732,,,16,2,2,2,16,85,420,540,2,5
3733,,,6,1,2,3,7,78,300,600,1,5
3734,,,7,1,2,3,40,88,420,540,4,5
3735,,,11,1,2,2,91,89,300,600,4,5
3736,,,10,1,2,1,82,53,300,600,3,5
3737,,,4,1,2,3,33,81,300,600,4,5
3738,,,7,1,2,3,97,25,300,600,2,5
3739,,,6,2,2,1,88,3,300,600,4,5
3740,,,9,1,2,3,9,88,420,540,4,5
3741,,,7,1,2,1,42,92,420,540,1,5
3742,,,14,1,2,3,86,54,300,600,3,5
3743,,,12,1,2,2,84,59,420,540,1,5
3744,,,10,2,2,2,55,46,0,300,2,5
3745,,,5,1,2,1,31,66,420,540,3,5
3746,,,7,1,2,3,94,71,300,600,3,5
3747,,,11,1,2,2,52,96,300,600,3,5
3748,,,4,1,2,2,84,2,300,600,2,5
3749,,,4,2,2,1,52,94,180,300,1,5
3750,,,6,2,2,2,67,42,300,420,4,5
3751,,,10,1,2,3,77,38,300,600,1,5
3752,,,6,1,2,3,94,7,420,540,2,5
3753,,,5,2,2,2,33,35,0,300,4,5
3754,,,10,1,2,2,100,9,420,540,1,5
3755,,,7,2,2,2,25,40,60,180,4,5
3756,,,8,1,2,2,80,76,420,540,3,5
3757,,,14,2,2,3,70,1,420,540,4,5
3758,,,9,1,2,1,96,83,300,600,3,5
3759,,,10,1,2,3,22,53,420,540,3,5
3760,,,7,1,2,1,25,57,420,540,2,5
3761,,,5,1,2,1,53,17,420,540,2,5
3762,,,7,1,2,2,74,47,420,540,4,5
3763,,,13,2,2,1,26,76,60,180,4,5
3764,,,7,1,2,2,57,75,300,600,3,5
3765,,,13,1,2,1,11,39,300,600,1,5
3766,,,15,1,2,3,44,60,420,540,1,5
3767,,,7,2,2,2,94,63,300,420,1,5
3768,,,9,1,2,3,61,20,420,540,4,5
3769,,,8,1,2,1,65,96,420,540,2,5
3770,,,7,1,2,2,74,22,300,600,3,5
3771,,,9,1,2,3,38,47,300,600,3,5
3772,,,11,2,2,1,78,52,300,420,2,5
3773,,,10,1,2,1,38,78,420,540,2,5
3774,,,14,1,2,2,36,70,420,540,3,5
3775,,,12,1,2,3,42,83,420,540,3,5
3776,,,4,1,2,3,49,54,420,540,4,5
3777,,,11,1,2,2,98,73,300,600,1,5
3778,,,7,1,2,2,33,59,420,540,1,5
3779,,,10,1,2,2,86,4,300,600,2,5
3780,,,12,1,2,3,53,40,420,540,3,5
3781,,,5,1,2,2,37,9,300,600,3,5
3782,,,8,1,2,2,45,25,420,540,1,5
3783,,,1,1,2,1,35,91,420,540,3,5
3784,,,16,1,2,3,36,35,420,540,1,5
3785,,,7,1,2,3,77,8,300,600,2,5
3786,,,11,1,2,2,7,66,300,600,1,5
3787,,,4,2,2,3,72,89,300,600,2,5
3788,,,13,1,2,2,22,40,300,600,3,5
3789,,,6,1,2,3,65,10,420,540,3,5
3790,,,15,2,2,1,68,86,420,540,3,5
3791,,,14,1,2,2,30,80,420,540,3,5
3792,,,15,1,2,2,2,11,420,540,1,5
3793,,,6,1,2,1,21,88,420,540,4,5
3794,,,10,1,2,3,34,61,420,540,3,5
3795,,,8,1,2,3,79,73,300,600,2,5
3796,,,6,1,2,1,87,46,300,600,1,5
3797,,,15,1,2,2,44,65,300,600,2,5
3798,,,11,2,2,3,29,10,60,180,4,5
3799,,,11,2,2,3,84,59,0,300,2,5
3800,,,11,1,2,3,90,62,300,600,1,5
3801,,,11,1,2,2,47,9,420,540,4,5
3802,,,14,2,2,3,79,8,420,540,4,5
3803,,,11,1,2,1,52,80,300,600,1,5
3804,,,14,1,2,2,20,27,420,540,1,5
3805,,,2,2,2,2,61,84,420,540,3,5
3806,,,12,1,2,1,52,37,300,600,4,5
3807,,,15,2,2,2,64,7,300,600,4,5
3808,,,4,1,2,3,36,79,300,600,3,5
3809,,,1,1,2,3,93,51,300,600,4,5
3810,,,3,1,2,1,13,68,300,600,2,5
3811,,,14,1,2,3,3,29,300,600,4,5
3812,,,10,1,2,2,30,100,300,600,1,5
3813,,,13,2,2,2,97,38,60,180,2,5
3814,,,3,1,2,1,43,15,420,540,4,5
3815,,,7,1,2,3,46,0,300,600,3,5
3816,,,3,1,2,3,33,71,300,600,1,5
3817,,,11,1,2,3,58,64,300,600,2,5
3818,,,5,2,2,1,48,91,60,180,2,5
3819,,,8,2,2,2,34,87,180,300,4,5
3820,,,1,1,2,2,88,36,420,540,3,5
3821,,,2,1,2,2,61,44,300,600,1,5
3822,,,5,2,2,2,42,39,180,300,1,5
3823,,,14,1,2,3,75,27,420,540,2,5
3824,,,9,2,2,3,66,35,300,420,1,5
3825,,,8,2,2,1,100,10,300,600,1,5
3826,,,13,1,2,1,55,7,420,540,4,5
3827,,,1,1,2,2,86,81,300,600,2,5
3828,,,12,1,2,2,59,77,300,600,3,5
3829,,,13,2,2,3,91,47,60,180,3,5
3830,,,10,1,2,1,38,70,420,540,1,5
3831,,,6,1,2,2,82,31,420,540,1,5
3832,,,7,1,2,3,6,72,420,540,2,5
3833,,,5,1,2,1,63,51,300,600,4,5
3834,,,9,1,2,2,71,1,300,600,2,5
3835,,,4,2,2,1,91,15,300,600,2,5
3836,,,13,1,2,3,6,0,300,600,3,5
3837,,,3,2,2,2,94,86,60,180,3,5
3838,,,10,2,2,1,95,78,0,300,1,5
3839,,,9,1,2,1,34,20,420,540,2,5
3840,,,9,1,2,1,97,51,420,540,3,5
3841,,,9,1,2,1,83,79,300,600,3,5
3842,,,4,2,2,2,11,49,420,540,3,5
3843,,,13,1,2,1,53,66,420,540,1,5
3844,,,8,1,2,3,82,69,300,600,2,5
3845,,,2,1,2,3,89,69,300,600,3,5
3846,,,8,1,2,3,65,1,300,600,2,5
3847,,,6,1,2,2,25,40,420,540,4,5
3848,,,3,1,2,1,28,81,300,600,3,5
3849,,,11,1,2,2,96,6,420,540,3,5
3850,,,7,2,2,3,1,48,0,300,1,5
3851,,,11,2,2,3,4,56,300,420,4,5
3852,,,12,1,2,1,74,50,300,600,2,5
3853,,,14,1,2,1,13,49,300,600,2,5
3854,,,15,1,2,3,94,100,300,600,4,5
3855,,,5,1,2,3,33,15,300,600,3,5
3856,,,6,1,2,1,83,10,300,600,1,5
3857,,,6,1,2,3,79,16,300,600,1,5
3858,,,14,2,2,3,48,31,180,300,1,5
3859,,,10,1,2,1,72,90,420,540,2,5
3860,,,9,1,2,2,38,14,420,540,2,5
3861,,,4,1,2,2,24,97,420,540,2,5
3862,,,13,1,2,1,68,89,420,540,2,5
3863,,,12,1,2,2,39,12,420,540,1,5
3864,,,8,2,2,1,46,80,60,180,3,5
3865,,,14,2,2,2,69,0,60,180,1,5
3866,,,11,1,2,1,43,43,420,540,2,5
3867,,,13,1,2,2,45,98,300,600,4,5
3868,,,4,2,2,3,24,84,0,300,1,5
3869,,,9,2,2,2,58,49,180,300,3,5
3870,,,3,1,2,3,31,27,300,600,4,5
3871,,,8,1,2,3,33,83,300,600,1,5
3872,,,3,2,2,1,94,10,420,540,2,5
3873,,,14,1,2,2,98,97,420,540,4,5
3874,,,5,2,2,3,8,82,0,300,1,5
3875,,,3,1,2,3,26,76,300,600,3,5
3876,,,2,1,2,2,2,39,300,600,3,5
3877,,,8,1,2,1,49,41,420,540,2,5
3878,,,12,1,2,3,28,73,300,600,3,5
3879,,,2,1,2,2,96,54,300,600,4,5
3880,,,11,1,2,2,29,10,300,600,3,5
3881,,,6,1,2,2,87,33,420,540,4,5
3882,,,11,1,2,2,81,48,420,540,3,5
3883,,,3,1,2,3,56,47,300,600,1,5
3884,,,14,1,2,1,27,91,300,600,2,5
3885,,,6,1,2,2,97,5,300,600,1,5
3886,,,2,1,2,2,60,57,300,600,1,5
3887,,,7,1,2,3,36,89,420,540,3,5
3888,,,14,1,2,2,44,69,420,540,2,5
3889,,,15,1,2,3,100,74,300,600,2,5
3890,,,11,2,2,3,36,76,420,540,2,5
3891,,,12,2,2,3,19,64,180,300,1,5
3892,,,6,2,2,2,97,90,60,180,2,5
3893,,,2,1,2,1,100,69,300,600,2,5
3894,,,11,1,2,3,99,20,420,540,2,5
3895,,,15,2,2,2,14,4,60,180,3,5
3896,,,14,1,2,3,91,95,300,600,4,5
3897,,,5,1,2,2,99,9,300,600,1,5
3898,,,8,1,2,1,50,67,420,540,4,5
3899,,,13,1,2,1,89,11,300,600,4,5
3900,,,16,1,2,1,79,71,420,540,1,5
3901,,,3,2,2,3,74,74,300,600,2,5
3902,,,2,2,2,3,63,65,0,300,4,5
3903,,,3,1,2,1,87,62,300,600,3,5
3904,,,9,1,2,3,55,63,420,540,3,5
3905,,,14,1,2,2,13,40,420,540,4,5
3906,,,9,1,2,1,89,81,420,540,4,5
3907,,,11,2,2,1,86,0,300,600,3,5
3908,,,3,1,2,2,24,74,420,540,4,5
3909,,,12,2,2,2,39,92,180,300,3,5
3910,,,6,1,2,2,21,95,300,600,3,5
3911,,,10,1,2,1,49,59,420,540,4,5
3912,,,3,1,2,1,67,38,300,600,2,5
3913,,,4,1,2,2,71,83,420,540,2,5
3914,,,6,2,2,2,9,28,300,600,1,5
3915,,,9,1,2,1,57,54,420,540,3,5
3916,,,8,1,2,2,69,55,300,600,4,5
3917,,,10,2,2,2,0,47,180,300,2,5
3918,,,3,1,2,2,75,3,420,540,2,5
3919,,,1,1,2,2,77,31,300,600,4,5
3920,,,15,2,2,3,41,81,300,420,4,5
3921,,,1,1,2,1,38,51,420,540,1,5
3922,,,7,2,2,2,87,19,420,540,4,5
3923,,,15,1,2,1,90,69,300,600,2,5
3924,,,13,2,2,1,13,88,0,300,2,5
3925,,,13,2,2,2,46,41,300,420,4,5
3926,,,2,1,2,3,96,1,420,540,1,5
3927,,,2,1,2,1,73,91,300,600,4,5
3928,,,12,1,2,1,19,52,420,540,2,5
3929,,,15,1,2,2,1,34,420,540,3,5
3930,,,10,2,2,3,44,44,0,300,2,5
3931,,,10,1,2,3,48,47,420,540,1,5
3932,,,6,1,2,2,92,76,420,540,4,5
3933,,,3,2,2,2,52,22,0,300,3,5
3934,,,7,2,2,2,44,23,420,540,1,5
3935,,,6,2,2,3,22,62,300,600,1,5
3936,,,13,1,2,1,37,51,420,540,2,5
3937,,,13,2,2,1,7,88,420,540,2,5
3938,,,12,1,2,2,96,59,300,600,1,5
3939,,,8,1,2,2,51,62,300,600,3,5
3940,,,8,1,2,3,97,76,300,600,1,5
3941,,,8,1,2,3,9,59,420,540,1,5
3942,,,5,2,2,3,35,8,180,300,3,5
3943,,,13,1,2,3,66,85,420,540,2,5
3944,,,13,1,2,1,6,98,300,600,3,5
3945,,,9,1,2,3,85,62,300,600,1,5
3946,,,11,1,2,3,77,79,300,600,1,5
3947,,,7,2,2,2,29,95,0,300,4,5
3948,,,7,1,2,1,48,62,420,540,1,5
3949,,,11,1,2,1,55,90,420,540,2,5
3950,,,8,1,2,1,98,64,300,600,2,5
3951,,,7,2,2,3,53,22,180,300,2,5
3952,,,10,1,2,1,52,92,300,600,1,5
3953,,,5,1,2,1,29,5,300,600,3,5
3954,,,8,1,2,3,87,18,420,540,4,5
3955,,,12,1,2,2,71,33,420,540,2,5
3956,,,5,2,2,2,75,1,0,300,4,5
3957,,,5,1,2,2,66,27,420,540,3,5
3958,,,11,1,2,2,27,30,300,600,1,5
3959,,,17,2,2,3,100,48,180,300,1,5
3960,,,4,1,2,2,55,47,420,540,4,5
3961,,,2,1,2,1,94,16,420,540,3,5
3962,,,6,1,2,1,63,4,420,540,2,5
3963,,,11,1,2,2,63,21,300,600,1,5
3964,,,4,1,2,1,72,76,300,600,1,5
3965,,,9,1,2,1,89,52,300,600,4,5
3966,,,12,1,2,3,33,7,420,540,2,5
3967,,,10,1,2,1,33,82,420,540,4,5
3968,,,13,1,2,2,66,49,300,600,2,5
3969,,,10,1,2,3,62,47,420,540,4,5
3970,,,13,1,2,3,100,60,420,540,2,5
3971,,,7,1,2,1,33,10,300,600,3,5
3972,,,12,1,2,3,71,10,300,600,1,5
3973,,,15,1,2,1,75,22,300,600,2,5
3974,,,3,1,2,2,59,15,300,600,1,5
3975,,,15,1,2,3,81,15,420,540,4,5
3976,,,6,1,2,1,12,50,300,600,2,5
3977,,,4,1,2,3,17,34,300,600,3,5
3978,,,7,2,2,1,79,56,0,300,1,5
3979,,,15,2,2,2,68,44,60,180,3,5
3980,,,9,1,2,3,99,97,420,540,4,5
3981,,,14,1,2,1,91,19,300,600,1,5
3982,,,9,1,2,1,76,29,420,540,2,5
3983,,,10,1,2,1,85,52,420,540,4,5
3984,,,13,1,2,1,64,42,420,540,3,5
3985,,,13,1,2,3,72,11,300,600,3,5
3986,,,15,2,2,2,13,58,180,300,2,5
3987,,,3,1,2,3,36,93,300,600,1,5
3988,,,4,1,2,3,15,1,300,600,4,5
3989,,,12,2,2,1,64,35,180,300,1,5
3990,,,5,2,2,1,31,45,0,300,2,5
3991,,,6,2,2,2,63,90,420,540,1,5
3992,,,4,1,2,2,11,23,420,540,1,5
3993,,,6,1,2,3,62,0,420,540,1,5
3994,,,8,2,2,2,84,88,180,300,3,5
3995,,,11,2,2,2,79,51,0,300,1,5
3996,,,11,1,2,2,62,89,420,540,2,5
3997,,,14,1,2,2,93,78,420,540,4,5
3998,,,9,1,2,1,15,4,300,600,1,5
3999,,,11,1,2,1,47,65,300,600,3,5
4000,,,7,1,2,3,82,55,300,600,4,5
4001,,,3,1,2,1,97,49,420,540,4,5
4002,,,11,1,2,3,42,94,420,540,2,5
4003,,,4,1,2,3,25,27,300,600,3,5
4004,,,11,1,2,3,36,0,300,600,4,5
4005,,,1,1,2,3,91,99,420,540,2,5
4006,,,11,2,2,1,96,20,0,300,3,5
4007,,,13,2,2,1,5,77,420,540,3,5
4008,,,10,1,2,1,76,38,300,600,3,5
4009,,,11,2,2,2,81,95,300,420,2,5
4010,,,12,2,2,1,45,3,420,540,1,5
4011,,,2,1,2,2,86,81,420,540,1,5
4012,,,4,1,2,1,75,56,420,540,3,5
4013,,,9,1,2,2,2,84,420,540,2,5
4014,,,9,1,2,3,2,22,300,600,4,5
4015,,,12,1,2,2,76,18,420,540,1,5
4016,,,2,1,2,3,61,5,420,540,4,5
4017,,,14,1,2,3,87,71,420,540,2,5
4018,,,2,2,2,2,73,65,300,600,4,5
4019,,,3,1,2,1,36,70,420,540,3,5
4020,,,14,1,2,3,84,59,420,540,2,5
4021,,,6,1,2,1,55,48,420,540,4,5
4022,,,12,1,2,3,88,75,300,600,2,5
4023,,,6,1,2,3,97,9,420,540,1,5
4024,,,10,2,2,2,48,35,180,300,4,5
4025,,,3,1,2,2,16,38,420,540,3,5
4026,,,11,1,2,3,100,55,300,600,4,5
4027,,,11,1,2,3,81,74,420,540,3,5
4028,,,11,1,2,2,19,28,420,540,2,5
4029,,,6,1,2,2,6,91,300,600,4,5
4030,,,10,1,2,3,81,4,300,600,3,5
4031,,,12,2,2,1,55,52,180,300,1,5
4032,,,5,1,2,1,74,10,300,600,3,5
4033,,,8,2,2,2,62,99,0,300,2,5
4034,,,8,1,2,3,97,10,300,600,1,5
4035,,,11,1,2,1,82,33,300,600,1,5
4036,,,11,1,2,1,42,87,300,600,2,5
4037,,,9,1,2,1,24,78,420,540,1,5
4038,,,2,1,2,3,94,40,420,540,2,5
4039,,,13,1,2,1,72,6,420,540,3,5
4040,,,11,1,2,2,96,23,300,600,4,5
4041,,,6,2,2,2,38,57,0,300,2,5
4042,,,13,1,2,2,93,90,300,600,1,5
4043,,,1,1,2,1,88,63,420,540,4,5
4044,,,3,1,2,2,74,61,420,540,3,5
4045,,,5,1,2,3,20,56,300,600,4,5
4046,,,10,1,2,1,31,66,420,540,4,5
4047,,,11,1,2,1,30,94,420,540,3,5
4048,,,8,1,2,3,87,47,420,540,4,5
4049,,,15,2,2,3,73,23,0,300,2,5
4050,,,3,1,2,3,30,44,300,600,4,5
4051,,,15,2,2,2,19,49,60,180,2,5
4052,,,11,1,2,2,81,94,420,540,4,5
4053,,,3,1,2,1,9,34,300,600,1,5
4054,,,11,2,2,2,4,25,180,300,2,5
4055,,,7,1,2,1,0,8,420,540,4,5
4056,,,5,1,2,3,4,8,420,540,1,5
4057,,,4,1,2,1,96,84,420,540,1,5
4058,,,4,1,2,2,14,94,420,540,4,5
4059,,,9,1,2,1,88,2,300,600,4,5
4060,,,10,1,2,1,2,30,420,540,1,5
4061,,,4,1,2,2,32,60,300,600,4,5
4062,,,11,1,2,3,8,91,300,600,2,5
4063,,,6,1,2,2,25,12,420,540,2,5
4064,,,14,1,2,3,79,3,420,540,1,5
4065,,,5,1,2,3,40,16,300,600,1,5
4066,,,9,1,2,1,70,27,420,540,1,5
4067,,,13,1,2,2,46,89,420,540,4,5
4068,,,13,1,2,1,12,80,300,600,3,5
4069,,,15,2,2,3,5,47,300,600,2,5
4070,,,14,1,2,1,35,20,300,600,2,5
4071,,,11,1,2,1,27,47,420,540,4,5
4072,,,8,2,2,1,94,51,420,540,4,5
4073,,,3,1,2,3,8,50,300,600,1,5
4074,,,8,1,2,3,29,29,420,540,2,5
4075,,,4,1,2,2,100,83,420,540,4,5
4076,,,8,1,2,3,28,39,420,540,1,5
4077,,,2,1,2,2,31,33,420,540,4,5
4078,,,6,2,2,2,94,80,420,540,4,5
4079,,,13,1,2,3,41,2,420,540,4,5
4080,,,15,2,2,1,25,41,60,180,4,5
4081,,,9,1,2,2,64,14,420,540,3,5
4082,,,15,1,2,2,9,20,420,540,3,5
4083,,,14,1,2,3,97,39,300,600,1,5
4084,,,12,1,2,3,45,15,420,540,2,5
4085,,,10,1,2,2,23,78,420,540,2,5
4086,,,12,1,2,3,83,20,420,540,4,5
4087,,,13,1,2,2,1,66,300,600,1,5
4088,,,7,1,2,1,80,13,300,600,4,5
4089,,,15,1,2,3,50,22,300,600,4,5
4090,,,11,2,2,3,1,15,0,300,3,5
4091,,,13,2,2,2,54,21,420,540,3,5
4092,,,12,1,2,3,52,22,300,600,1,5
4093,,,5,1,2,1,61,65,420,540,4,5
4094,,,3,2,2,3,88,71,300,420,2,5
4095,,,3,2,2,2,30,40,420,540,3,5
4096,,,7,2,2,3,59,7,0,300,2,5
4097,,,12,2,2,2,99,44,0,300,4,5
4098,,,5,2,2,3,60,93,420,540,3,5
4099,,,11,1,2,3,7,42,420,540,1,5
4100,,,3,1,2,3,29,36,300,600,2,5
4101,,,9,2,2,1,1,23,180,300,4,5
4102,,,2,1,2,2,45,6,420,540,3,5
4103,,,6,2,2,1,52,55,180,300,1,5
4104,,,4,1,2,2,93,43,420,540,2,5
4105,,,7,1,2,2,100,46,300,600,2,5
4106,,,3,1,2,2,63,20,420,540,4,5
4107,,,15,2,2,2,41,44,0,300,2,5
4108,,,8,2,2,1,35,33,60,180,4,5
4109,,,2,2,2,1,16,7,180,300,1,5
4110,,,2,1,2,1,96,41,300,600,3,5
4111,,,8,1,2,3,81,75,420,540,1,5
4112,,,13,1,2,1,10,36,300,600,3,5
4113,,,2,1,2,3,7,68,300,600,4,5
4114,,,13,1,2,2,87,47,300,600,4,5
4115,,,7,2,2,1,57,82,0,300,3,5
4116,,,12,1,2,1,19,93,300,600,2,5
4117,,,9,1,2,3,10,99,420,540,3,5
4118,,,12,1,2,2,53,92,300,600,3,5
4119,,,8,1,2,1,94,79,300,600,3,5
4120,,,9,2,2,2,44,8,180,300,3,5
4121,,,9,2,2,3,34,99,60,180,2,5
4122,,,9,1,2,3,16,78,300,600,2,5
4123,,,10,1,2,2,4,23,300,600,3,5
4124,,,11,1,2,2,60,81,420,540,4,5
4125,,,8,1,2,3,21,100,420,540,2,5
4126,,,11,2,2,1,34,65,300,420,2,5
4127,,,4,1,2,1,92,14,300,600,2,5
4128,,,3,1,2,2,13,72,300,600,1,5
4129,,,8,2,2,3,16,70,420,540,2,5
4130,,,10,1,2,2,57,67,300,600,4,5
4131,,,11,1,2,1,8,3,300,600,1,5
4132,,,8,1,2,3,20,30,420,540,4,5
4133,,,10,1,2,1,76,44,300,600,2,5
4134,,,6,1,2,2,15,21,300,600,1,5
4135,,,11,1,2,1,1,19,300,600,2,5
4136,,,8,2,2,1,72,44,60,180,1,5
4137,,,10,1,2,2,18,96,300,600,2,5
4138,,,14,1,2,1,90,2,300,600,4,5
4139,,,8,2,2,1,21,35,0,300,3,5
4140,,,3,1,2,1,48,97,300,600,2,5
4141,,,10,1,2,3,30,17,420,540,4,5
4142,,,15,2,2,3,29,65,60,180,2,5
4143,,,9,2,2,2,43,13,60,180,2,5
4144,,,13,2,2,2,57,99,0,300,3,5
4145,,,10,2,2,2,23,32,60,180,4,5
4146,,,14,1,2,1,61,14,300,600,3,5
4147,,,13,2,2,2,81,30,60,180,2,5
4148,,,14,1,2,2,23,51,300,600,2,5
4149,,,15,2,2,1,10,93,0,300,4,5
4150,,,8,2,2,1,42,7,300,600,1,5
4151,,,4,1,2,1,88,85,300,600,2,5
4152,,,9,1,2,3,53,70,300,600,1,5
4153,,,12,1,2,2,94,24,420,540,2,5
4154,,,12,1,2,3,96,20,420,540,2,5
4155,,,2,1,2,1,3,10,300,600,2,5
4156,,,13,2,2,3,27,84,60,180,2,5
4157,,,8,1,2,3,78,16,420,540,2,5
4158,,,3,1,2,2,67,58,300,600,2,5
4159,,,9,1,2,3,31,76,420,540,4,5
4160,,,13,1,2,3,82,44,420,540,4,5
4161,,,9,1,2,2,44,36,420,540,1,5
4162,,,10,1,2,1,72,92,420,540,2,5
4163,,,6,1,2,2,100,0,420,540,1,5
4164,,,7,1,2,3,35,11,420,540,3,5
4165,,,6,1,2,1,84,54,420,540,3,5
4166,,,3,1,2,3,68,10,300,600,3,5
4167,,,14,1,2,3,7,21,420,540,1,5
4168,,,4,1,2,2,38,62,420,540,4,5
4169,,,5,2,2,3,19,14,180,300,4,5
4170,,,6,1,2,3,56,1,300,600,3,5
4171,,,11,1,2,2,15,76,300,600,3,5
4172,,,6,1,2,1,44,4,300,600,4,5
4173,,,14,2,2,1,89,88,0,300,4,5
4174,,,8,2,2,2,55,8,420,540,4,5
4175,,,2,1,2,1,30,0,420,540,4,5
4176,,,11,2,2,3,74,57,0,300,3,5
4177,,,12,1,2,2,82,76,300,600,1,5
4178,,,3,1,2,3,83,13,300,600,4,5
4179,,,14,1,2,3,24,97,420,540,2,5
4180,,,2,1,2,1,21,19,420,540,3,5
4181,,,12,1,2,2,26,14,300,600,2,5
4182,,,13,1,2,3,35,53,300,600,1,5
4183,,,11,1,2,2,10,30,300,600,3,5
4184,,,15,1,2,1,58,71,420,540,3,5
4185,,,5,1,2,3,43,85,420,540,4,5
4186,,,5,1,2,1,59,87,420,540,1,5
4187,,,6,2,2,2,72,29,0,300,1,5
4188,,,12,2,2,2,6,54,420,540,3,5
4189,,,9,2,2,1,30,100,0,300,3,5
4190,,,8,1,2,1,93,67,420,540,4,5
4191,,,6,2,2,3,96,52,60,180,1,5
4192,,,4,1,2,2,50,65,300,600,2,5
4193,,,8,1,2,1,99,70,420,540,4,5
4194,,,7,1,2,3,61,18,300,600,1,5
4195,,,10,1,2,3,46,22,300,600,1,5
4196,,,9,1,2,1,41,26,420,540,1,5
4197,,,10,1,2,3,37,32,300,600,1,5
4198,,,6,1,2,3,50,13,300,600,4,5
4199,,,9,1,2,1,61,58,300,600,3,5
4200,,,14,1,2,2,16,34,420,540,4,5
4201,,,7,1,2,3,83,85,300,600,4,5
4202,,,3,1,2,3,100,9,300,600,1,5
4203,,,10,2,2,3,95,70,60,180,3,5
4204,,,15,1,2,2,90,4,300,600,2,5
4205,,,5,1,2,3,53,3,420,540,1,5
4206,,,8,1,2,1,57,36,420,540,1,5
4207,,,7,1,2,2,28,76,420,540,2,5
4208,,,14,2,2,1,62,73,0,300,1,5
4209,,,4,1,2,3,82,1,420,540,4,5
4210,,,10,2,2,1,80,5,300,600,1,5
4211,,,6,1,2,3,45,66,300,600,2,5
4212,,,8,1,2,2,62,17,420,540,4,5
4213,,,9,1,2,2,57,32,300,600,3,5
4214,,,10,2,2,2,6,76,0,300,4,5
4215,,,3,1,2,1,73,55,420,540,1,5
4216,,,6,1,2,3,16,86,300,600,3,5
4217,,,7,1,2,1,13,100,420,540,1,5
4218,,,8,1,2,3,46,72,300,600,3,5
4219,,,3,1,2,1,15,66,420,540,1,5
4220,,,9,1,2,1,34,40,420,540,1,5
4221,,,7,1,2,1,47,52,420,540,4,5
4222,,,12,2,2,1,33,28,300,600,3,5
4223,,,16,1,2,3,3,79,420,540,1,5
4224,,,5,1,2,1,14,82,300,600,1,5
4225,,,12,1,2,2,41,59,420,540,3,5
4226,,,11,1,2,3,68,17,300,600,1,5
4227,,,13,2,2,2,13,22,420,540,1,5
4228,,,8,1,2,2,28,1,420,540,1,5
4229,,,11,1,2,1,18,90,420,540,2,5
4230,,,5,1,2,1,31,9,420,540,3,5
4231,,,16,1,2,1,70,7,420,540,1,5
4232,,,7,1,2,1,79,67,300,600,1,5
4233,,,8,1,2,2,29,14,420,540,2,5
4234,,,3,2,2,3,59,29,0,300,3,5
4235,,,3,1,2,3,84,12,420,540,2,5
4236,,,7,1,2,1,59,68,300,600,4,5
4237,,,3,2,2,2,84,94,180,300,3,5
4238,,,9,2,2,2,49,41,300,600,3,5
4239,,,4,1,2,2,6,38,420,540,1,5
4240,,,15,1,2,3,60,87,300,600,2,5
4241,,,7,1,2,2,16,22,300,600,2,5
4242,,,14,1,2,1,12,26,300,600,4,5
4243,,,2,1,2,2,79,81,300,600,1,5
4244,,,11,1,2,1,34,30,300,600,2,5
4245,,,10,1,2,1,85,9,300,600,3,5
4246,,,2,2,2,3,67,82,420,540,2,5
4247,,,7,1,2,2,42,66,420,540,1,5
4248,,,6,1,2,3,28,69,420,540,1,5
4249,,,9,1,2,2,88,77,300,600,3,5
4250,,,6,1,2,1,70,30,300,600,2,5
4251,,,7,1,2,3,93,57,420,540,4,5
4252,,,15,1,2,2,65,7,420,540,2,5
4253,,,13,1,2,2,56,94,420,540,2,5
4254,,,5,2,2,3,100,8,0,300,2,5
4255,,,14,1,2,1,80,95,300,600,3,5
4256,,,7,1,2,1,2,4,300,600,1,5
4257,,,9,1,2,3,1,72,420,540,1,5
4258,,,5,2,2,2,61,23,0,300,4,5
4259,,,13,1,2,3,68,58,300,600,1,5
4260,,,13,1,2,3,99,52,420,540,1,5
4261,,,4,1,2,3,59,59,300,600,2,5
4262,,,9,1,2,1,3,10,300,600,3,5
4263,,,13,1,2,2,74,74,300,600,4,5
4264,,,11,1,2,3,60,48,420,540,1,5
4265,,,4,1,2,1,31,2,300,600,3,5
4266,,,9,1,2,1,54,18,300,600,1,5
4267,,,5,1,2,3,1,41,420,540,2,5
4268,,,10,1,2,2,81,47,300,600,4,5
4269,,,9,1,2,3,22,78,300,600,1,5
4270,,,11,1,2,3,87,60,300,600,2,5
4271,,,12,1,2,2,20,90,420,540,1,5
4272,,,4,1,2,1,9,71,420,540,2,5
4273,,,4,1,2,3,30,64,300,600,4,5
4274,,,2,1,2,2,78,20,420,540,4,5
4275,,,6,1,2,3,55,9,420,540,3,5
4276,,,9,2,2,1,27,66,300,420,1,5
4277,,,2,1,2,1,63,12,300,600,3,5
4278,,,10,1,2,3,13,49,300,600,1,5
4279,,,2,1,2,3,22,45,420,540,4,5
4280,,,3,1,2,1,21,21,420,540,3,5
4281,,,11,1,2,2,83,37,300,600,2,5
4282,,,3,2,2,2,18,95,420,540,3,5
4283,,,14,1,2,1,49,90,300,600,2,5
4284,,,14,1,2,2,30,87,420,540,2,5
4285,,,14,1,2,2,89,11,420,540,3,5
4286,,,14,2,2,2,90,87,300,600,3,5
4287,,,5,1,2,1,10,60,300,600,1,5
4288,,,9,1,2,1,79,97,420,540,3,5
4289,,,11,1,2,3,92,93,300,600,3,5
4290,,,2,2,2,2,40,86,60,180,1,5
4291,,,8,1,2,3,17,20,300,600,1,5
4292,,,12,2,2,2,85,30,0,300,4,5
4293,,,13,1,2,2,97,33,300,600,3,5
4294,,,7,1,2,1,65,55,300,600,2,5
4295,,,10,2,2,1,12,96,180,300,4,5
4296,,,16,1,2,1,75,39,300,600,3,5
4297,,,1,1,2,1,62,92,420,540,3,5
4298,,,5,1,2,3,88,14,420,540,2,5
4299,,,14,1,2,1,28,89,420,540,4,5
4300,,,15,1,2,3,94,4,300,600,4,5
4301,,,12,2,2,3,55,61,180,300,2,5
4302,,,4,2,2,3,32,71,0,300,4,5
4303,,,3,1,2,2,16,42,420,540,1,5
4304,,,7,2,2,1,74,38,60,180,3,5
4305,,,2,1,2,3,5,95,300,600,3,5
4306,,,6,1,2,2,80,18,420,540,1,5
4307,,,3,1,2,2,78,17,300,600,3,5
4308,,,7,1,2,2,66,37,300,600,3,5
4309,,,15,1,2,2,24,2,420,540,2,5
4310,,,7,1,2,1,64,49,420,540,3,5
4311,,,3,2,2,3,48,83,60,180,4,5
4312,,,12,2,2,2,63,34,420,540,1,5
4313,,,3,1,2,1,46,93,300,600,3,5
4314,,,11,1,2,1,100,29,300,600,1,5
4315,,,8,1,2,3,77,11,420,540,2,5
4316,,,12,2,2,2,84,62,0,300,2,5
4317,,,10,2,2,3,40,76,60,180,4,5
4318,,,11,1,2,1,62,65,420,540,1,5
4319,,,8,1,2,2,98,39,420,540,4,5
4320,,,9,2,2,2,43,74,0,300,4,5
4321,,,14,1,2,1,43,66,300,600,2,5
4322,,,8,1,2,1,82,98,300,600,4,5
4323,,,2,2,2,3,68,92,60,180,3,5
4324,,,7,2,2,3,90,17,0,300,3,5
4325,,,7,1,2,2,83,4,420,540,1,5
4326,,,7,2,2,1,53,76,420,540,1,5
4327,,,9,2,2,2,90,67,180,300,3,5
4328,,,14,2,2,2,56,96,0,300,1,5
4329,,,14,1,2,1,6,31,420,540,1,5
4330,,,8,2,2,3,21,50,60,180,3,5
4331,,,7,1,2,1,67,23,300,600,2,5
4332,,,11,1,2,1,55,29,300,600,4,5
4333,,,6,1,2,1,88,75,300,600,2,5
4334,,,9,1,2,2,52,80,300,600,1,5
4335,,,9,1,2,2,60,0,300,600,4,5
4336,,,3,2,2,2,82,65,0,300,2,5
4337,,,5,2,2,2,41,92,0,300,2,5
4338,,,9,1,2,3,13,14,420,540,3,5
4339,,,4,2,2,1,55,2,60,180,2,5
4340,,,9,1,2,2,97,28,300,600,2,5
4341,,,5,1,2,1,8,82,300,600,4,5
4342,,,2,1,2,3,99,99,420,540,3,5
4343,,,7,1,2,3,41,18,300,600,1,5
4344,,,8,2,2,3,0,81,180,300,3,5
4345,,,2,1,2,1,74,17,300,600,4,5
4346,,,7,2,2,3,74,2,300,420,4,5
4347,,,10,1,2,2,6,11,300,600,2,5
4348,,,8,1,2,1,95,4,420,540,1,5
4349,,,5,1,2,2,46,41,420,540,3,5
4350,,,11,1,2,1,77,10,300,600,4,5
4351,,,9,1,2,3,40,3,420,540,1,5
4352,,,12,2,2,2,38,87,300,420,2,5
4353,,,15,1,2,1,4,34,300,600,2,5
4354,,,11,1,2,3,84,71,300,600,3,5
4355,,,13,2,2,1,49,23,300,420,4,5
4356,,,2,1,2,3,95,29,300,600,1,5
4357,,,15,1,2,1,86,79,300,600,2,5
4358,,,11,1,2,1,42,17,300,600,4,5
4359,,,4,1,2,1,27,47,300,600,3,5
4360,,,14,2,2,2,31,53,420,540,4,5
4361,,,12,2,2,3,46,91,60,180,3,5
4362,,,10,1,2,3,79,63,420,540,3,5
4363,,,13,2,2,1,67,67,180,300,2,5
4364,,,11,2,2,3,91,49,0,300,4,5
4365,,,13,2,2,3,93,62,0,300,2,5
4366,,,10,1,2,3,20,69,300,600,4,5
4367,,,5,1,2,2,7,24,300,600,3,5
4368,,,2,2,2,3,48,68,300,420,1,5
4369,,,3,1,2,1,92,40,300,600,4,5
4370,,,15,2,2,2,80,54,420,540,2,5
4371,,,12,2,2,1,48,1,420,540,2,5
4372,,,10,2,2,1,10,92,420,540,1,5
4373,,,2,1,2,2,26,30,420,540,1,5
4374,,,4,1,2,3,89,77,420,540,1,5
4375,,,6,1,2,2,85,82,420,540,1,5
4376,,,7,1,2,3,51,17,420,540,2,5
4377,,,9,1,2,3,7,55,420,540,3,5
4378,,,15,1,2,3,59,80,420,540,1,5
4379,,,9,2,2,2,70,87,0,300,1,5
4380,,,9,2,2,2,38,11,60,180,3,5
4381,,,5,2,2,1,71,33,60,180,3,5
4382,,,4,1,2,3,39,84,420,540,2,5
4383,,,3,1,2,3,72,79,300,600,2,5
4384,,,11,1,2,1,47,85,420,540,3,5
4385,,,12,1,2,1,31,59,300,600,3,5
4386,,,8,1,2,1,33,33,420,540,3,5
4387,,,12,1,2,2,46,30,300,600,1,5
4388,,,14,2,2,1,95,44,0,300,2,5
4389,,,12,2,2,2,94,15,60,180,1,5
4390,,,11,1,2,1,21,100,420,540,4,5
4391,,,6,1,2,1,20,64,420,540,1,5
4392,,,8,1,2,2,42,32,300,600,1,5
4393,,,3,1,2,2,5,68,300,600,1,5
4394,,,7,2,2,3,0,39,180,300,2,5
4395,,,11,2,2,1,39,89,300,420,1,5
4396,,,5,1,2,3,79,37,420,540,1,5
4397,,,7,1,2,1,37,89,420,540,4,5
4398,,,6,1,2,3,87,12,300,600,2,5
4399,,,1,1,2,3,50,9,300,600,4,5
4400,,,8,1,2,3,6,20,420,540,1,5
4401,,,6,2,2,3,62,82,300,420,1,5
4402,,,15,1,2,1,100,90,420,540,3,5
4403,,,4,1,2,2,72,11,420,540,2,5
4404,,,7,1,2,1,85,35,420,540,1,5
4405,,,13,1,2,2,85,29,300,600,4,5
4406,,,7,1,2,2,13,92,420,540,1,5
4407,,,2,1,2,1,69,58,420,540,2,5
4408,,,11,1,2,2,73,51,420,540,3,5
4409,,,5,1,2,1,100,32,300,600,3,5
4410,,,3,1,2,2,75,48,300,600,4,5
4411,,,3,1,2,3,5,39,420,540,2,5
4412,,,7,1,2,3,64,60,420,540,3,5
4413,,,12,1,2,1,54,94,300,600,2,5
4414,,,2,1,2,2,76,21,420,540,4,5
4415,,,4,1,2,2,31,2,300,600,4,5
4416,,,7,2,2,2,78,75,60,180,2,5
4417,,,4,1,2,2,67,74,300,600,1,5
4418,,,14,1,2,1,9,1,420,540,1,5
4419,,,13,2,2,3,5,65,60,180,4,5
4420,,,11,2,2,1,76,49,0,300,3,5
4421,,,1,1,2,2,70,71,420,540,3,5
4422,,,12,1,2,1,63,36,300,600,1,5
4423,,,11,2,2,1,67,36,420,540,2,5
4424,,,11,1,2,3,10,86,420,540,3,5
4425,,,7,1,2,2,7,99,420,540,3,5
4426,,,4,1,2,1,21,14,300,600,1,5
4427,,,14,2,2,3,92,98,420,540,3,5
4428,,,4,2,2,3,56,5,0,300,2,5
4429,,,6,1,2,2,61,42,300,600,4,5
4430,,,15,1,2,2,63,95,300,600,3,5
4431,,,10,1,2,1,20,49,300,600,3,5
4432,,,7,1,2,1,83,14,300,600,2,5
4433,,,12,1,2,3,80,69,420,540,4,5
4434,,,9,1,2,3,94,89,420,540,1,5
4435,,,13,2,2,1,66,41,0,300,1,5
4436,,,12,1,2,2,96,85,420,540,4,5
4437,,,9,2,2,1,34,37,0,300,4,5
4438,,,7,1,2,3,3,100,420,540,1,5
4439,,,5,1,2,3,58,69,300,600,2,5
4440,,,3,2,2,1,54,70,60,180,3,5
4441,,,11,2,2,3,9,57,60,180,3,5
4442,,,12,2,2,1,83,13,300,420,2,5
4443,,,3,2,2,2,14,68,180,300,1,5
4444,,,9,1,2,3,94,91,300,600,3,5
4445,,,4,2,2,3,90,2,60,180,3,5
4446,,,11,1,2,2,48,88,300,600,3,5
4447,,,14,1,2,1,38,34,300,600,1,5
4448,,,8,1,2,2,96,45,420,540,1,5
4449,,,12,1,2,3,32,99,300,600,3,5
4450,,,5,1,2,1,11,47,420,540,4,5
4451,,,4,1,2,2,32,21,420,540,1,5
4452,,,8,2,2,2,43,34,0,300,2,5
4453,,,3,1,2,3,14,75,300,600,1,5
4454,,,5,2,2,1,65,6,180,300,3,5
4455,,,10,1,2,3,10,16,300,600,3,5
4456,,,13,1,2,2,96,64,420,540,2,5
4457,,,9,2,2,1,26,74,300,600,4,5
4458,,,4,1,2,2,96,99,300,600,2,5
4459,,,9,2,2,3,0,87,60,180,4,5
4460,,,11,1,2,3,81,12,420,540,4,5
4461,,,7,2,2,1,83,88,0,300,3,5
4462,,,3,2,2,2,85,84,60,180,1,5
4463,,,2,1,2,3,52,80,420,540,4,5
4464,,,9,1,2,2,96,6,420,540,2,5
4465,,,4,1,2,3,83,0,420,540,4,5
4466,,,15,1,2,2,23,64,420,540,1,5
4467,,,15,1,2,2,99,68,300,600,1,5
4468,,,4,1,2,2,78,77,420,540,4,5
4469,,,6,1,2,1,5,23,300,600,4,5
4470,,,12,1,2,3,3,57,300,600,4,5
4471,,,8,1,2,3,76,85,300,600,1,5
4472,,,12,1,2,2,22,66,300,600,2,5
4473,,,3,1,2,2,30,90,300,600,3,5
4474,,,12,1,2,1,22,41,300,600,2,5
4475,,,9,1,2,1,53,96,420,540,3,5
4476,,,14,1,2,3,10,70,300,600,3,5
4477,,,10,1,2,2,89,31,300,600,2,5
4478,,,10,2,2,2,54,34,180,300,3,5
4479,,,4,1,2,2,52,48,420,540,3,5
4480,,,8,1,2,3,46,36,420,540,1,5
4481,,,5,1,2,3,23,37,300,600,2,5
4482,,,4,1,2,1,84,34,300,600,1,5
4483,,,10,1,2,3,97,3,300,600,1,5
4484,,,2,1,2,3,33,74,420,540,4,5
4485,,,4,1,2,2,6,46,300,600,4,5
4486,,,11,1,2,1,89,49,300,600,2,5
4487,,,13,2,2,3,19,56,180,300,4,5
4488,,,6,2,2,1,50,95,180,300,4,5
4489,,,13,1,2,2,7,79,420,540,4,5
4490,,,15,2,2,3,93,89,180,300,2,5
4491,,,9,1,2,2,14,90,300,600,4,5
4492,,,9,2,2,2,56,78,300,420,2,5
4493,,,2,2,2,1,28,40,0,300,2,5
4494,,,13,1,2,2,58,29,420,540,4,5
4495,,,13,1,2,1,26,28,300,600,3,5
4496,,,12,1,2,3,45,92,300,600,2,5
4497,,,7,1,2,1,2,42,300,600,1,5
4498,,,4,1,2,1,56,54,420,540,3,5
4499,,,2,2,2,1,45,24,180,300,3,5
4500,,,14,1,2,2,77,66,300,600,4,5
4501,,,3,1,2,1,77,72,300,600,4,5
4502,,,10,1,2,1,98,48,300,600,3,5
4503,,,6,1,2,3,10,45,300,600,1,5
4504,,,3,1,2,1,20,6,300,600,1,5
4505,,,3,2,2,1,59,38,60,180,4,5
4506,,,7,2,2,3,61,66,180,300,2,5
4507,,,15,1,2,2,87,36,420,540,2,5
4508,,,14,1,2,2,12,4,420,540,1,5
4509,,,4,1,2,1,0,23,420,540,2,5
4510,,,3,1,2,3,100,57,300,600,1,5
4511,,,6,2,2,1,18,59,420,540,3,5
4512,,,12,1,2,2,16,78,420,540,3,5
4513,,,11,1,2,2,12,44,300,600,4,5
4514,,,7,2,2,3,45,0,420,540,3,5
4515,,,7,1,2,3,82,77,420,540,3,5
4516,,,6,1,2,3,30,32,420,540,2,5
4517,,,12,1,2,1,91,57,300,600,4,5
4518,,,10,2,2,1,67,61,0,300,4,5
4519,,,4,2,2,3,92,35,0,300,4,5
4520,,,12,2,2,3,45,65,60,180,1,5
4521,,,4,1,2,2,51,42,300,600,4,5
4522,,,3,2,2,2,69,78,0,300,2,5
4523,,,11,1,2,3,55,78,420,540,2,5
4524,,,1,1,2,2,35,30,420,540,4,5
4525,,,5,2,2,3,53,41,180,300,2,5
4526,,,9,1,2,1,84,62,420,540,2,5
4527,,,7,1,2,1,78,76,420,540,4,5
4528,,,15,1,2,1,18,7,300,600,1,5
4529,,,14,1,2,1,91,62,420,540,2,5
4530,,,7,1,2,2,100,83,300,600,2,5
4531,,,8,1,2,2,79,92,420,540,4,5
4532,,,11,1,2,1,18,95,420,540,1,5
4533,,,14,1,2,3,34,57,300,600,2,5
4534,,,11,1,2,2,22,67,420,540,3,5
4535,,,13,1,2,1,67,70,420,540,1,5
4536,,,14,2,2,1,78,61,420,540,1,5
4537,,,8,2,2,3,4,12,180,300,3,5
4538,,,4,1,2,1,7,45,420,540,1,5
4539,,,6,2,2,1,91,89,300,420,1,5
4540,,,3,1,2,1,73,33,420,540,4,5
4541,,,6,1,2,3,3,68,420,540,1,5
4542,,,7,1,2,1,30,82,300,600,4,5
4543,,,8,1,2,1,14,51,300,600,4,5
4544,,,15,1,2,2,100,99,420,540,2,5
4545,,,9,1,2,3,4,36,300,600,4,5
4546,,,9,1,2,3,2,88,300,600,1,5
4547,,,4,1,2,3,49,38,420,540,3,5
4548,,,8,2,2,1,70,40,300,420,2,5
4549,,,9,2,2,1,7,36,0,300,4,5
4550,,,10,1,2,3,3,85,420,540,4,5
4551,,,6,1,2,3,64,28,420,540,3,5
4552,,,14,1,2,3,90,64,300,600,4,5
4553,,,6,1,2,1,63,95,300,600,2,5
4554,,,12,2,2,3,2,25,180,300,2,5
4555,,,11,1,2,3,39,98,300,600,1,5
4556,,,6,2,2,3,39,22,60,180,4,5
4557,,,4,1,2,2,35,71,420,540,2,5
4558,,,15,1,2,3,28,30,420,540,3,5
4559,,,7,1,2,2,5,46,300,600,2,5
4560,,,10,1,2,1,75,7,420,540,4,5
4561,,,11,2,2,2,42,96,300,600,2,5
4562,,,12,1,2,1,71,27,300,600,2,5
4563,,,2,2,2,3,49,23,420,540,1,5
4564,,,15,1,2,1,38,71,300,600,3,5
4565,,,11,1,2,2,97,9,420,540,2,5
4566,,,10,2,2,1,54,81,60,180,4,5
4567,,,5,1,2,1,4,70,420,540,1,5
4568,,,6,1,2,3,87,37,300,600,4,5
4569,,,12,1,2,2,10,90,300,600,3,5
4570,,,5,1,2,3,96,9,420,540,1,5
4571,,,2,1,2,2,53,19,420,540,2,5
4572,,,9,2,2,3,7,40,60,180,2,5
4573,,,17,2,2,2,13,75,0,300,1,5
4574,,,3,1,2,1,60,9,420,540,2,5
4575,,,6,2,2,2,85,19,420,540,4,5
4576,,,4,2,2,3,93,91,180,300,1,5
4577,,,5,1,2,3,10,51,420,540,4,5
4578,,,6,1,2,2,50,77,300,600,3,5
4579,,,13,1,2,1,79,54,420,540,3,5
4580,,,2,1,2,3,44,90,420,540,3,5
4581,,,13,1,2,1,78,6,300,600,4,5
4582,,,5,1,2,3,4,26,420,540,4,5
4583,,,15,1,2,2,64,46,300,600,1,5
4584,,,10,2,2,3,98,54,180,300,4,5
4585,,,13,1,2,2,35,51,300,600,2,5
4586,,,12,1,2,1,12,15,420,540,4,5
4587,,,13,2,2,3,57,27,300,600,3,5
4588,,,6,1,2,3,6,41,420,540,1,5
4589,,,6,1,2,1,78,67,300,600,2,5
4590,,,10,2,2,3,17,72,300,420,4,5
4591,,,8,2,2,2,31,60,60,180,1,5
4592,,,3,1,2,3,41,92,420,540,3,5
4593,,,11,1,2,3,62,66,300,600,4,5
4594,,,5,1,2,2,31,77,420,540,4,5
4595,,,15,2,2,3,2,2,60,180,4,5
4596,,,15,2,2,2,14,69,0,300,3,5
4597,,,5,1,2,3,58,8,300,600,4,5
4598,,,1,1,2,2,48,47,300,600,3,5
4599,,,5,1,2,3,42,21,300,600,2,5
4600,,,4,1,2,3,21,57,420,540,2,5
4601,,,6,1,2,3,28,42,420,540,2,5
4602,,,2,1,2,3,95,83,300,600,4,5
4603,,,13,1,2,1,70,90,300,600,4,5
4604,,,14,1,2,1,81,94,420,540,4,5
4605,,,6,1,2,2,69,38,420,540,4,5
4606,,,7,1,2,1,18,64,300,600,2,5
4607,,,3,2,2,3,72,93,180,300,4,5
4608,,,9,1,2,3,81,56,300,600,4,5
4609,,,14,1,2,1,65,64,300,600,3,5
4610,,,7,1,2,1,15,39,300,600,1,5
4611,,,11,1,2,1,44,8,300,600,2,5
4612,,,10,1,2,1,17,52,300,600,4,5
4613,,,10,2,2,2,70,64,420,540,4,5
4614,,,10,1,2,3,83,34,300,600,4,5
4615,,,14,1,2,3,85,65,300,600,3,5
4616,,,7,2,2,2,94,45,300,600,3,5
4617,,,11,1,2,3,10,63,420,540,1,5
4618,,,7,2,2,3,47,54,0,300,3,5
4619,,,15,1,2,2,55,14,420,540,1,5
4620,,,4,1,2,3,3,98,300,600,1,5
4621,,,7,2,2,1,28,83,420,540,2,5
4622,,,7,1,2,1,76,62,420,540,4,5
4623,,,12,1,2,1,31,44,300,600,2,5
4624,,,7,2,2,1,61,92,60,180,3,5
4625,,,9,1,2,3,74,17,420,540,4,5
4626,,,13,1,2,3,35,58,300,600,4,5
4627,,,13,1,2,1,89,42,420,540,4,5
4628,,,7,1,2,3,87,15,420,540,1,5
4629,,,10,2,2,1,13,41,180,300,3,5
4630,,,3,1,2,1,21,24,420,540,1,5
4631,,,13,1,2,2,40,80,300,600,1,5
4632,,,12,1,2,1,28,62,420,540,3,5
4633,,,10,1,2,1,53,91,300,600,1,5
4634,,,6,1,2,3,77,25,420,540,3,5
4635,,,7,2,2,1,68,37,60,180,1,5
4636,,,2,1,2,3,74,51,300,600,2,5
4637,,,6,2,2,3,33,45,60,180,1,5
4638,,,3,1,2,1,4,72,300,600,2,5
4639,,,10,1,2,2,2,92,300,600,4,5
4640,,,6,2,2,1,20,29,180,300,3,5
4641,,,7,2,2,3,54,63,0,300,3,5
4642,,,4,1,2,2,73,78,300,600,3,5
4643,,,14,1,2,3,93,45,300,600,2,5
4644,,,8,1,2,1,4,17,300,600,2,5
4645,,,11,1,2,1,48,81,300,600,3,5
4646,,,3,1,2,2,44,3,300,600,1,5
4647,,,12,1,2,2,35,68,420,540,3,5
4648,,,7,1,2,3,28,95,300,600,4,5
4649,,,7,1,2,1,72,19,300,600,4,5
4650,,,15,1,2,3,75,64,420,540,1,5
4651,,,15,2,2,1,53,78,0,300,1,5
4652,,,6,1,2,2,10,96,300,600,1,5
4653,,,11,1,2,1,93,70,420,540,2,5
4654,,,4,1,2,1,2,61,420,540,1,5
4655,,,8,1,2,2,68,12,420,540,1,5
4656,,,3,1,2,3,13,20,300,600,3,5
4657,,,3,2,2,2,55,56,0,300,4,5
4658,,,11,2,2,3,82,38,180,300,1,5
4659,,,6,2,2,3,44,34,180,300,2,5
4660,,,4,1,2,1,89,49,300,600,1,5
4661,,,11,2,2,2,23,64,180,300,4,5
4662,,,15,2,2,1,33,48,0,300,1,5
4663,,,3,1,2,3,91,97,300,600,4,5
4664,,,7,1,2,1,100,63,420,540,3,5
4665,,,8,1,2,1,16,9,420,540,4,5
4666,,,15,2,2,1,15,66,420,540,4,5
4667,,,12,1,2,1,52,23,300,600,3,5
4668,,,7,1,2,1,39,4,300,600,4,5
4669,,,9,2,2,1,63,76,300,600,1,5
4670,,,11,1,2,1,90,100,420,540,2,5
4671,,,9,2,2,1,28,0,180,300,3,5
4672,,,4,1,2,3,29,5,300,600,2,5
4673,,,8,2,2,1,31,30,0,300,2,5
4674,,,5,2,2,3,89,96,0,300,3,5
4675,,,11,2,2,3,81,18,180,300,4,5
4676,,,15,1,2,1,12,80,300,600,3,5
4677,,,9,2,2,1,34,45,180,300,1,5
4678,,,14,2,2,1,23,55,420,540,1,5
4679,,,11,1,2,3,39,91,300,600,2,5
4680,,,12,1,2,3,86,17,420,540,1,5
4681,,,3,1,2,3,81,34,300,600,1,5
4682,,,8,1,2,3,76,2,420,540,1,5
4683,,,5,1,2,2,21,81,420,540,2,5
4684,,,3,1,2,2,86,94,300,600,2,5
4685,,,16,1,2,2,8,32,300,600,3,5
4686,,,13,1,2,1,56,46,420,540,1,5
4687,,,15,1,2,3,94,20,300,600,1,5
4688,,,10,1,2,2,53,21,300,600,3,5
4689,,,8,1,2,1,5,31,300,600,1,5
4690,,,4,2,2,3,18,98,180,300,2,5
4691,,,12,1,2,1,90,51,300,600,2,5
4692,,,2,2,2,3,8,19,60,180,4,5
4693,,,8,1,2,3,57,5,300,600,3,5
4694,,,14,1,2,2,66,77,420,540,4,5
4695,,,14,1,2,3,25,20,420,540,1,5
4696,,,11,1,2,1,95,72,420,540,2,5
4697,,,9,2,2,3,56,31,180,300,3,5
4698,,,9,1,2,2,94,88,300,600,3,5
4699,,,3,1,2,3,10,33,300,600,1,5
4700,,,13,1,2,1,70,15,300,600,2,5
4701,,,15,1,2,2,94,89,420,540,3,5
4702,,,2,1,2,2,10,0,300,600,4,5
4703,,,2,2,2,1,43,57,420,540,1,5
4704,,,8,1,2,2,41,55,420,540,4,5
4705,,,12,2,2,2,49,91,180,300,1,5
4706,,,7,1,2,1,23,6,300,600,1,5
4707,,,14,1,2,2,29,68,300,600,1,5
4708,,,9,1,2,3,2,11,420,540,1,5
4709,,,6,1,2,1,26,44,300,600,2,5
4710,,,8,1,2,1,55,85,420,540,3,5
4711,,,5,2,2,3,69,80,0,300,1,5
4712,,,10,2,2,2,18,66,300,600,2,5
4713,,,11,1,2,3,79,14,300,600,2,5
4714,,,7,1,2,1,67,69,420,540,1,5
4715,,,3,1,2,2,34,38,420,540,2,5
4716,,,5,1,2,1,49,48,420,540,3,5
4717,,,2,2,2,1,67,87,420,540,2,5
4718,,,7,1,2,2,56,96,300,600,4,5
4719,,,11,1,2,1,67,9,300,600,2,5
4720,,,11,1,2,2,14,11,300,600,4,5
4721,,,13,2,2,1,18,8,60,180,1,5
4722,,,6,1,2,1,56,69,420,540,2,5
4723,,,10,1,2,3,99,69,420,540,3,5
4724,,,4,1,2,3,93,73,420,540,4,5
4725,,,10,1,2,3,98,71,300,600,1,5
4726,,,13,1,2,1,43,78,420,540,2,5
4727,,,8,1,2,1,83,6,300,600,2,5
4728,,,3,1,2,2,33,52,420,540,1,5
4729,,,9,1,2,1,43,21,420,540,4,5
4730,,,2,1,2,1,21,58,300,600,4,5
4731,,,8,1,2,2,20,55,300,600,3,5
4732,,,14,1,2,1,90,55,420,540,2,5
4733,,,9,1,2,1,97,26,300,600,4,5
4734,,,6,1,2,3,81,85,420,540,3,5
4735,,,15,2,2,3,63,6,60,180,3,5
4736,,,14,1,2,3,19,17,300,600,1,5
4737,,,14,1,2,1,82,48,420,540,2,5
4738,,,5,1,2,2,21,93,300,600,3,5
4739,,,7,1,2,2,21,13,300,600,4,5
4740,,,10,1,2,3,9,74,300,600,2,5
4741,,,8,1,2,2,67,63,420,540,1,5
4742,,,8,1,2,2,50,33,300,600,4,5
4743,,,3,1,2,1,25,47,300,600,2,5
4744,,,3,1,2,3,4,74,300,600,3,5
4745,,,3,1,2,3,54,53,420,540,3,5
4746,,,15,2,2,3,95,31,180,300,1,5
4747,,,14,2,2,3,83,49,420,540,4,5
4748,,,4,1,2,1,20,25,420,540,3,5
4749,,,11,1,2,1,61,32,300,600,2,5
4750,,,3,1,2,2,2,88,300,600,4,5
4751,,,2,1,2,1,8,88,300,600,1,5
4752,,,6,1,2,2,67,89,300,600,1,5
4753,,,4,1,2,1,56,51,300,600,4,5
4754,,,1,1,2,3,25,62,420,540,4,5
4755,,,9,1,2,3,91,93,420,540,2,5
4756,,,7,2,2,2,0,26,300,600,3,5
4757,,,12,1,2,3,13,45,300,600,4,5
4758,,,6,1,2,3,45,69,300,600,4,5
4759,,,14,1,2,2,88,45,420,540,2,5
4760,,,16,1,2,3,89,40,420,540,2,5
4761,,,8,2,2,3,72,6,60,180,4,5
4762,,,11,2,2,2,33,98,60,180,2,5
4763,,,13,1,2,1,83,21,300,600,3,5
4764,,,8,1,2,3,23,90,300,600,4,5
4765,,,9,1,2,2,54,29,300,600,4,5
4766,,,2,1,2,2,31,19,300,600,1,5
4767,,,17,2,2,3,5,100,0,300,1,5
4768,,,8,2,2,3,89,27,0,300,1,5
4769,,,14,1,2,2,90,56,420,540,4,5
4770,,,5,1,2,3,3,83,420,540,1,5
4771,,,10,2,2,1,15,63,60,180,1,5
4772,,,4,1,2,2,65,97,420,540,3,5
4773,,,9,1,2,1,77,98,420,540,1,5
4774,,,2,1,2,1,71,14,300,600,3,5
4775,,,12,1,2,3,11,77,300,600,4,5
4776,,,15,2,2,2,55,92,180,300,2,5
4777,,,3,1,2,2,60,52,420,540,4,5
4778,,,9,1,2,1,35,78,300,600,3,5
4779,,,11,2,2,2,70,42,0,300,3,5
4780,,,14,1,2,1,27,50,300,600,4,5
4781,,,10,1,2,2,87,1,300,600,2,5
4782,,,2,1,2,1,59,24,420,540,3,5
4783,,,2,2,2,3,63,53,60,180,2,5
4784,,,8,2,2,2,59,43,60,180,1,5
4785,,,9,2,2,2,77,75,420,540,3,5
4786,,,15,2,2,2,72,16,300,600,3,5
4787,,,2,2,2,3,30,41,300,600,4,5
4788,,,10,1,2,1,26,55,420,540,4,5
4789,,,15,1,2,2,82,40,420,540,3,5
4790,,,12,2,2,3,77,21,60,180,1,5
4791,,,5,2,2,2,71,60,180,300,4,5
4792,,,11,2,2,1,46,69,0,300,4,5
4793,,,11,1,2,2,4,35,300,600,3,5
4794,,,11,1,2,3,95,68,300,600,2,5
4795,,,6,1,2,1,3,76,420,540,1,5
4796,,,10,2,2,3,52,1,300,420,2,5
4797,,,4,2,2,1,9,97,420,540,4,5
4798,,,10,1,2,3,38,21,420,540,1,5
4799,,,9,1,2,3,91,2,420,540,1,5
4800,,,3,1,2,2,66,13,300,600,2,5
4801,,,8,1,2,1,70,70,300,600,2,5
4802,,,5,1,2,1,96,100,300,600,4,5
4803,,,11,1,2,1,63,31,300,600,4,5
4804,,,3,2,2,2,47,58,420,540,2,5
4805,,,3,2,2,2,56,60,420,540,4,5
4806,,,11,2,2,1,58,40,60,180,4,5
4807,,,14,2,2,1,0,62,300,600,1,5
4808,,,14,1,2,2,28,20,420,540,2,5
4809,,,11,2,2,1,74,0,0,300,1,5
4810,,,9,2,2,1,42,76,60,180,2,5
4811,,,10,2,2,3,88,7,60,180,4,5
4812,,,7,2,2,2,67,9,0,300,2,5
4813,,,12,2,2,1,78,30,300,600,2,5
4814,,,12,2,2,2,59,11,0,300,2,5
4815,,,9,1,2,1,90,8,420,540,3,5
4816,,,14,1,2,2,85,49,300,600,2,5
4817,,,5,2,2,2,16,78,60,180,1,5
4818,,,4,1,2,3,21,8,420,540,1,5
4819,,,1,1,2,1,60,85,300,600,3,5
4820,,,8,1,2,1,52,29,300,600,4,5
4821,,,8,1,2,2,41,25,300,600,4,5
4822,,,6,1,2,3,70,39,300,600,3,5
4823,,,10,1,2,3,100,74,300,600,3,5
4824,,,15,2,2,3,10,36,300,600,1,5
4825,,,14,1,2,1,31,37,300,600,3,5
4826,,,9,1,2,3,97,72,300,600,3,5
4827,,,10,1,2,1,59,58,420,540,2,5
4828,,,6,1,2,2,90,91,300,600,1,5
4829,,,4,1,2,3,27,34,300,600,3,5
4830,,,15,1,2,3,87,65,300,600,1,5
4831,,,11,1,2,2,92,30,420,540,3,5
4832,,,13,1,2,3,2,71,300,600,3,5
4833,,,7,1,2,3,36,21,300,600,2,5
4834,,,9,1,2,3,68,86,300,600,3,5
4835,,,14,1,2,3,90,68,420,540,1,5
4836,,,14,2,2,2,13,80,300,420,1,5
4837,,,15,1,2,1,13,50,300,600,1,5
4838,,,4,1,2,2,86,67,420,540,3,5
4839,,,12,2,2,3,90,94,300,420,1,5
4840,,,8,1,2,3,9,2,300,600,1,5
4841,,,4,2,2,2,21,91,420,540,1,5
4842,,,11,1,2,2,15,95,420,540,1,5
4843,,,6,1,2,2,90,93,300,600,2,5
4844,,,14,1,2,1,92,76,300,600,2,5
4845,,,3,2,2,1,90,37,0,300,4,5
4846,,,7,2,2,1,71,96,0,300,4,5
4847,,,13,1,2,3,64,47,420,540,3,5
4848,,,11,1,2,1,14,63,420,540,2,5
4849,,,3,1,2,2,5,41,300,600,2,5
4850,,,12,1,2,2,0,44,300,600,2,5
4851,,,15,2,2,2,4,49,180,300,3,5
4852,,,11,1,2,2,63,93,300,600,3,5
4853,,,9,2,2,1,1,12,60,180,2,5
4854,,,3,2,2,1,92,14,180,300,2,5
4855,,,10,1,2,3,33,24,300,600,4,5
4856,,,3,1,2,2,72,88,420,540,1,5
4857,,,10,1,2,1,27,26,300,600,2,5
4858,,,16,1,2,1,78,91,300,600,4,5
4859,,,12,1,2,1,71,37,420,540,2,5
4860,,,2,1,2,1,16,51,420,540,3,5
4861,,,3,1,2,2,22,90,420,540,1,5
4862,,,8,2,2,1,100,74,300,600,3,5
4863,,,13,1,2,1,29,5,300,600,4,5
4864,,,8,2,2,2,16,13,300,420,4,5
4865,,,12,1,2,1,57,64,300,600,4,5
4866,,,10,1,2,2,65,57,420,540,1,5
4867,,,13,1,2,2,4,39,420,540,4,5
4868,,,15,2,2,2,4,61,300,600,1,5
4869,,,4,1,2,2,13,39,420,540,4,5
4870,,,14,1,2,3,87,73,420,540,3,5
4871,,,12,1,2,3,57,73,420,540,2,5
4872,,,5,1,2,3,16,25,300,600,1,5
4873,,,6,1,2,1,50,24,300,600,1,5
4874,,,15,1,2,3,97,64,300,600,4,5
4875,,,6,1,2,2,27,79,420,540,1,5
4876,,,12,1,2,3,20,26,420,540,4,5
4877,,,6,1,2,2,68,85,300,600,2,5
4878,,,13,1,2,3,64,42,420,540,4,5
4879,,,9,1,2,3,1,94,300,600,3,5
4880,,,3,2,2,2,64,34,180,300,2,5
4881,,,6,1,2,1,85,42,420,540,3,5
4882,,,13,1,2,3,57,94,300,600,1,5
4883,,,9,1,2,1,36,26,300,600,4,5
4884,,,10,1,2,3,33,49,300,600,3,5
4885,,,13,1,2,3,23,61,420,540,3,5
4886,,,3,1,2,1,63,99,300,600,4,5
4887,,,16,1,2,3,4,86,420,540,1,5
4888,,,4,2,2,2,50,61,300,600,4,5
4889,,,11,1,2,2,57,27,420,540,4,5
4890,,,13,2,2,2,22,59,180,300,3,5
4891,,,13,2,2,2,33,82,0,300,2,5
4892,,,3,1,2,1,46,22,300,600,3,5
4893,,,15,1,2,2,60,48,300,600,4,5
4894,,,4,1,2,2,86,6,300,600,2,5
4895,,,8,2,2,3,5,36,420,540,4,5
4896,,,8,2,2,2,4,65,180,300,3,5
4897,,,8,2,2,3,37,12,0,300,2,5
4898,,,5,1,2,3,95,11,420,540,1,5
4899,,,9,2,2,1,17,0,300,420,3,5
4900,,,4,2,2,1,20,21,300,420,3,5
4901,,,3,2,2,2,66,38,0,300,3,5
4902,,,6,2,2,3,31,23,60,180,2,5
4903,,,2,1,2,1,60,0,300,600,2,5
4904,,,9,1,2,3,42,60,300,600,1,5
4905,,,10,2,2,2,94,68,60,180,1,5
4906,,,2,2,2,1,66,82,300,600,4,5
4907,,,14,1,2,1,27,76,420,540,1,5
4908,,,14,1,2,2,7,76,300,600,4,5
4909,,,14,1,2,3,11,98,300,600,3,5
4910,,,8,1,2,1,6,3,300,600,3,5
4911,,,8,2,2,2,24,27,300,420,1,5
4912,,,10,2,2,2,60,71,0,300,3,5
4913,,,3,1,2,3,48,86,420,540,3,5
4914,,,10,1,2,1,11,50,420,540,1,5
4915,,,12,2,2,2,74,95,180,300,1,5
4916,,,9,1,2,3,65,77,300,600,3,5
4917,,,7,2,2,2,63,88,300,420,3,5
4918,,,4,1,2,2,24,13,420,540,1,5
4919,,,16,2,2,2,92,79,420,540,4,5
4920,,,15,1,2,1,6,71,300,600,1,5
4921,,,9,1,2,3,91,81,300,600,4,5
4922,,,16,2,2,1,39,78,420,540,1,5
4923,,,12,2,2,1,32,21,60,180,3,5
4924,,,7,1,2,1,50,52,300,600,2,5
4925,,,4,1,2,2,48,22,300,600,3,5
4926,,,8,2,2,3,61,28,0,300,3,5
4927,,,11,2,2,3,15,87,300,420,4,5
4928,,,13,1,2,2,31,21,300,600,2,5
4929,,,7,2,2,3,97,23,180,300,3,5
4930,,,8,1,2,1,48,95,420,540,2,5
4931,,,8,1,2,3,48,51,300,600,2,5
4932,,,7,1,2,3,7,46,420,540,1,5
4933,,,6,1,2,3,94,44,300,600,4,5
4934,,,12,1,2,1,35,12,420,540,3,5
4935,,,14,1,2,1,9,75,300,600,2,5
4936,,,14,1,2,2,7,82,420,540,2,5
4937,,,2,2,2,1,62,20,180,300,4,5
4938,,,11,2,2,2,69,29,0,300,1,5
4939,,,2,1,2,1,14,28,420,540,1,5
4940,,,6,1,2,3,29,57,420,540,2,5
4941,,,14,2,2,3,28,22,420,540,2,5
4942,,,4,1,2,3,56,83,300,600,4,5
4943,,,2,2,2,2,90,26,60,180,1,5
4944,,,6,1,2,1,66,100,300,600,1,5
4945,,,9,1,2,2,53,63,300,600,2,5
4946,,,11,1,2,3,15,30,300,600,2,5
4947,,,9,1,2,1,21,1,420,540,1,5
4948,,,9,1,2,1,60,91,300,600,2,5
4949,,,11,1,2,2,72,34,300,600,4,5
4950,,,4,2,2,2,46,41,0,300,3,5
4951,,,5,1,2,3,30,24,300,600,2,5
4952,,,13,1,2,2,33,95,300,600,4,5
4953,,,8,2,2,1,39,80,300,600,3,5
4954,,,11,1,2,1,16,78,420,540,4,5
4955,,,11,1,2,2,4,6,300,600,1,5
4956,,,10,1,2,3,80,73,300,600,4,5
4957,,,2,1,2,2,28,40,420,540,2,5
4958,,,9,1,2,2,66,99,420,540,3,5
4959,,,5,1,2,1,82,15,420,540,3,5
4960,,,5,1,2,1,80,49,420,540,1,5
4961,,,3,1,2,1,84,84,300,600,2,5
4962,,,10,2,2,1,15,8,0,300,1,5
4963,,,8,1,2,3,88,34,420,540,3,5
4964,,,8,1,2,1,71,48,300,600,1,5
4965,,,14,1,2,3,93,92,420,540,3,5
4966,,,2,1,2,2,78,1,300,600,3,5
4967,,,7,1,2,2,39,74,420,540,2,5
4968,,,8,2,2,1,80,33,0,300,2,5
4969,,,15,1,2,2,51,68,300,600,4,5
4970,,,14,2,2,2,61,38,300,600,2,5
4971,,,7,2,2,2,53,2,420,540,4,5
4972,,,4,1,2,2,41,23,300,600,2,5
4973,,,4,1,2,3,95,5,300,600,4,5
4974,,,6,1,2,2,29,2,420,540,1,5
4975,,,12,1,2,1,41,90,300,600,4,5
4976,,,11,1,2,2,33,28,420,540,2,5
4977,,,6,1,2,3,21,50,420,540,3,5
4978,,,16,1,2,1,45,71,300,600,3,5
4979,,,1,1,2,2,79,21,300,600,4,5
4980,,,8,1,2,3,47,71,420,540,2,5
4981,,,10,1,2,2,23,84,300,600,4,5
4982,,,5,1,2,1,24,80,300,600,3,5
4983,,,14,1,2,2,12,2,420,540,1,5
4984,,,6,1,2,2,75,72,420,540,2,5
4985,,,2,1,2,1,22,17,300,600,1,5
4986,,,8,1,2,2,81,54,300,600,2,5
4987,,,9,2,2,1,54,70,60,180,1,5
4988,,,4,1,2,3,91,66,420,540,3,5
4989,,,4,1,2,2,61,16,420,540,4,5
4990,,,8,1,2,2,13,60,420,540,3,5
4991,,,5,2,2,3,47,34,60,180,4,5
4992,,,5,2,2,3,30,85,60,180,2,5
4993,,,10,1,2,2,9,65,300,600,4,5
4994,,,6,1,2,2,77,73,420,540,1,5
4995,,,3,1,2,3,93,16,300,600,2,5
4996,,,16,1,2,3,94,1,420,540,1,5
4997,,,13,2,2,3,13,15,0,300,2,5
4998,,,14,1,2,2,51,89,300,600,1,5
4999,,,13,2,2,3,91,19,180,300,2,5
5000,,,15,2,2,1,14,19,0,300,1,5
5001,,,5,2,2,3,18,69,60,180,2,5
5002,,,14,1,2,1,24,100,300,600,2,5
5003,,,15,1,2,2,36,91,300,600,2,5
5004,,,13,1,2,2,18,75,300,600,2,5
5005,,,12,2,2,1,30,48,420,540,4,5
5006,,,8,1,2,3,3,98,300,600,3,5
5007,,,14,2,2,2,72,30,300,420,3,5
5008,,,10,1,2,3,63,46,300,600,4,5
5009,,,2,1,2,2,95,100,300,600,3,5
5010,,,2,1,2,3,9,17,300,600,4,5
5011,,,14,1,2,3,45,90,300,600,4,5
5012,,,16,1,2,3,63,5,300,600,4,5
5013,,,8,1,2,1,22,90,420,540,2,5
5014,,,11,1,2,2,1,44,300,600,2,5
5015,,,4,1,2,3,76,94,420,540,3,5
5016,,,6,2,2,1,70,9,0,300,2,5
5017,,,9,1,2,2,43,35,420,540,2,5
5018,,,4,2,2,3,56,85,180,300,4,5
5019,,,12,1,2,3,69,3,420,540,4,5
5020,,,6,1,2,1,69,6,420,540,2,5
5021,,,3,1,2,2,61,60,420,540,1,5
5022,,,10,1,2,1,7,43,420,540,4,5
5023,,,1,1,2,2,41,10,420,540,1,5
5024,,,11,1,2,2,62,5,420,540,4,5
5025,,,8,1,2,3,81,18,300,600,3,5
5026,,,10,1,2,2,2,36,300,600,2,5
5027,,,6,2,2,2,34,2,60,180,3,5
5028,,,14,2,2,2,54,66,300,600,1,5
5029,,,5,2,2,3,22,1,60,180,2,5
5030,,,3,2,2,3,59,94,0,300,4,5
5031,,,10,1,2,3,62,67,420,540,4,5
5032,,,14,1,2,1,74,82,300,600,3,5
5033,,,9,1,2,2,26,95,420,540,2,5
5034,,,2,1,2,1,7,17,300,600,3,5
5035,,,14,1,2,1,6,27,300,600,1,5
5036,,,4,1,2,3,53,28,300,600,1,5
5037,,,12,1,2,1,5,48,420,540,4,5
5038,,,10,1,2,1,78,86,420,540,2,5
5039,,,11,1,2,2,26,82,300,600,3,5
5040,,,12,1,2,2,96,84,420,540,4,5
5041,,,12,1,2,2,42,80,300,600,1,5
5042,,,5,1,2,2,29,92,300,600,4,5
5043,,,7,2,2,2,60,55,420,540,1,5
5044,,,12,1,2,2,40,61,300,600,4,5
5045,,,5,2,2,3,16,54,60,180,4,5
5046,,,15,1,2,3,16,6,300,600,3,5
5047,,,9,2,2,3,51,11,0,300,2,5
5048,,,12,1,2,2,9,61,300,600,3,5
5049,,,12,2,2,2,73,10,180,300,3,5
5050,,,2,1,2,3,69,7,300,600,4,5
5051,,,4,1,2,2,72,93,300,600,4,5
5052,,,11,1,2,2,60,30,300,600,2,5
5053,,,9,1,2,2,60,25,300,600,1,5
5054,,,7,1,2,3,55,24,420,540,2,5
5055,,,12,1,2,1,81,63,300,600,3,5
5056,,,5,1,2,3,34,71,300,600,2,5
5057,,,7,1,2,1,25,13,420,540,1,5
5058,,,10,2,2,2,34,17,420,540,4,5
5059,,,4,1,2,2,45,42,420,540,4,5
5060,,,11,2,2,3,67,76,180,300,1,5
5061,,,4,2,2,3,61,82,300,600,4,5
5062,,,14,2,2,3,81,34,300,600,3,5
5063,,,5,1,2,2,75,40,300,600,4,5
5064,,,4,1,2,3,4,34,420,540,3,5
5065,,,11,1,2,1,35,52,420,540,1,5
5066,,,7,2,2,2,84,55,0,300,2,5
5067,,,3,1,2,3,19,2,300,600,4,5
5068,,,11,1,2,2,31,97,300,600,3,5
5069,,,14,1,2,3,30,25,420,540,2,5
5070,,,8,1,2,2,85,20,300,600,1,5
5071,,,11,2,2,2,17,64,180,300,1,5
5072,,,9,1,2,2,47,53,300,600,3,5
5073,,,9,2,2,3,55,32,0,300,4,5
5074,,,15,2,2,1,48,3,0,300,1,5
5075,,,10,1,2,1,3,89,420,540,1,5
5076,,,12,2,2,1,88,97,180,300,3,5
5077,,,7,2,2,3,78,75,0,300,3,5
5078,,,5,1,2,1,38,63,300,600,1,5
5079,,,1,1,2,3,39,13,300,600,1,5
5080,,,7,1,2,2,38,30,300,600,4,5
5081,,,9,1,2,1,45,75,300,600,2,5
5082,,,14,1,2,3,20,81,420,540,3,5
5083,,,6,2,2,1,4,89,420,540,3,5
5084,,,15,1,2,1,45,48,300,600,4,5
5085,,,14,2,2,1,3,26,300,420,3,5
5086,,,12,1,2,2,54,95,420,540,4,5
5087,,,10,1,2,1,90,31,300,600,3,5
5088,,,16,1,2,3,23,10,300,600,1,5
5089,,,1,1,2,2,22,2,300,600,3,5
5090,,,10,1,2,3,21,84,420,540,1,5
5091,,,15,1,2,3,25,42,420,540,2,5
5092,,,10,2,2,2,60,53,420,540,2,5
5093,,,11,2,2,1,82,31,180,300,1,5
5094,,,7,2,2,3,21,98,420,540,4,5
5095,,,8,2,2,3,76,68,180,300,2,5
5096,,,7,1,2,1,17,90,420,540,2,5
5097,,,14,1,2,2,40,51,300,600,1,5
5098,,,4,1,2,2,74,43,420,540,3,5
5099,,,8,2,2,1,34,63,420,540,4,5
5100,,,3,1,2,2,80,59,300,600,4,5
5101,,,11,1,2,2,45,4,420,540,4,5
5102,,,4,1,2,3,16,43,420,540,2,5
5103,,,2,1,2,1,81,29,300,600,3,5
5104,,,14,2,2,2,51,38,60,180,1,5
5105,,,5,1,2,2,81,83,420,540,2,5
5106,,,11,2,2,3,15,75,60,180,1,5
5107,,,5,2,2,1,47,79,420,540,4,5
5108,,,9,1,2,3,74,98,300,600,3,5
5109,,,4,2,2,1,19,0,300,420,1,5
5110,,,6,1,2,3,24,0,300,600,2,5
5111,,,11,1,2,1,78,15,300,600,2,5
5112,,,3,2,2,2,69,91,180,300,4,5
5113,,,12,2,2,2,90,8,60,180,1,5
5114,,,2,2,2,3,9,52,60,180,4,5
5115,,,13,1,2,1,90,96,300,600,2,5
5116,,,10,1,2,3,51,9,300,600,1,5
5117,,,7,1,2,2,84,14,420,540,2,5
5118,,,9,1,2,2,17,0,420,540,4,5
5119,,,6,1,2,3,30,53,420,540,3,5
5120,,,15,1,2,2,89,34,300,600,4,5
5121,,,6,2,2,2,23,62,180,300,1,5
5122,,,5,1,2,2,5,2,420,540,2,5
5123,,,11,1,2,1,25,74,300,600,4,5
5124,,,8,2,2,2,67,84,420,540,3,5
5125,,,9,1,2,3,76,31,300,600,4,5
5126,,,5,1,2,1,14,24,300,600,3,5
5127,,,2,1,2,1,77,11,300,600,1,5
5128,,,11,1,2,1,0,21,420,540,4,5
5129,,,7,1,2,2,89,20,300,600,1,5
5130,,,6,1,2,1,29,29,420,540,2,5
5131,,,9,1,2,2,19,54,300,600,4,5
5132,,,12,1,2,3,48,80,300,600,3,5
5133,,,9,1,2,3,17,71,300,600,1,5
5134,,,3,1,2,3,52,55,300,600,1,5
5135,,,13,2,2,3,84,99,300,420,1,5
5136,,,14,1,2,3,87,15,420,540,3,5
5137,,,13,1,2,3,47,88,300,600,1,5
5138,,,15,1,2,2,93,81,300,600,1,5
5139,,,4,1,2,2,31,57,420,540,3,5
5140,,,12,1,2,3,12,72,300,600,2,5
5141,,,3,2,2,1,56,62,60,180,3,5
5142,,,11,1,2,2,14,19,420,540,2,5
5143,,,8,2,2,1,69,67,60,180,2,5
5144,,,7,1,2,1,50,48,300,600,2,5
5145,,,6,2,2,1,52,29,60,180,1,5
5146,,,10,1,2,2,66,17,420,540,4,5
5147,,,13,2,2,2,68,24,180,300,3,5
5148,,,4,2,2,3,62,52,180,300,1,5
5149,,,4,1,2,3,93,67,420,540,4,5
5150,,,12,1,2,1,10,26,300,600,4,5
5151,,,8,1,2,1,78,31,300,600,4,5
5152,,,10,2,2,1,25,57,180,300,3,5
5153,,,12,2,2,3,57,40,60,180,1,5
5154,,,15,1,2,3,95,97,420,540,1,5
5155,,,15,1,2,1,86,60,420,540,4,5
5156,,,2,1,2,2,56,30,300,600,2,5
5157,,,10,1,2,3,15,75,420,540,4,5
5158,,,15,1,2,1,3,57,300,600,3,5
5159,,,7,1,2,1,22,54,420,540,1,5
5160,,,6,2,2,2,11,97,60,180,1,5
5161,,,13,1,2,3,72,10,300,600,4,5
5162,,,8,1,2,2,71,57,420,540,1,5
5163,,,5,1,2,3,63,74,300,600,4,5
5164,,,6,2,2,1,23,15,0,300,1,5
5165,,,6,1,2,2,61,15,300,600,4,5
5166,,,2,2,2,1,61,23,420,540,3,5
5167,,,3,1,2,1,84,38,420,540,4,5
5168,,,2,1,2,2,87,35,420,540,2,5
5169,,,6,1,2,2,59,39,300,600,3,5
5170,,,2,1,2,1,54,62,420,540,1,5
5171,,,3,1,2,1,82,58,420,540,3,5
5172,,,1,1,2,3,17,62,300,600,3,5
5173,,,5,1,2,3,91,26,420,540,3,5
5174,,,15,1,2,2,79,48,300,600,3,5
5175,,,8,1,2,1,82,54,420,540,3,5
5176,,,5,1,2,3,68,63,300,600,2,5
5177,,,6,1,2,2,19,90,420,540,3,5
5178,,,10,2,2,1,70,80,300,420,2,5
5179,,,3,2,2,3,49,66,180,300,3,5
5180,,,2,1,2,3,55,7,420,540,1,5
5181,,,16,1,2,2,2,5,420,540,1,5
5182,,,7,1,2,3,44,33,300,600,1,5
5183,,,2,1,2,1,94,77,420,540,4,5
5184,,,3,1,2,3,33,74,420,540,3,5
5185,,,14,2,2,1,24,57,60,180,4,5
5186,,,2,1,2,2,88,55,420,540,3,5
5187,,,4,2,2,3,40,75,60,180,2,5
5188,,,12,1,2,2,71,48,420,540,2,5
5189,,,8,1,2,2,10,54,420,540,2,5
5190,,,14,1,2,3,45,100,420,540,2,5
5191,,,14,1,2,2,11,49,300,600,2,5
5192,,,2,1,2,2,16,47,420,540,3,5
5193,,,5,1,2,3,93,60,300,600,2,5
5194,,,12,1,2,1,54,15,420,540,2,5
5195,,,4,1,2,1,47,100,300,600,4,5
5196,,,2,2,2,2,90,58,180,300,3,5
5197,,,15,1,2,1,76,95,420,540,2,5
5198,,,6,2,2,2,83,99,60,180,4,5
5199,,,11,1,2,1,66,36,420,540,1,5
5200,,,7,1,2,3,68,34,420,540,2,5
5201,,,7,1,2,1,91,58,420,540,2,5
5202,,,13,1,2,3,88,65,300,600,3,5
5203,,,12,1,2,2,67,49,420,540,1,5
5204,,,5,1,2,1,29,23,420,540,4,5
5205,,,4,2,2,2,9,48,300,420,1,5
5206,,,14,1,2,1,80,95,420,540,1,5
5207,,,5,1,2,1,18,6,420,540,3,5
5208,,,11,1,2,3,56,80,300,600,3,5
5209,,,3,1,2,2,71,90,300,600,1,5
5210,,,3,1,2,2,65,21,300,600,3,5
5211,,,12,2,2,1,33,76,0,300,2,5
5212,,,10,1,2,2,49,65,300,600,1,5
5213,,,14,2,2,1,15,74,300,420,1,5
5214,,,6,1,2,3,69,54,420,540,3,5
5215,,,11,1,2,1,88,56,300,600,1,5
5216,,,8,1,2,2,62,35,300,600,1,5
5217,,,15,2,2,3,5,80,60,180,4,5
5218,,,3,1,2,3,98,73,300,600,1,5
5219,,,6,1,2,2,91,94,420,540,3,5
5220,,,5,1,2,3,36,1,420,540,3,5
5221,,,10,1,2,1,78,6,300,600,1,5
5222,,,9,2,2,1,39,24,420,540,1,5
5223,,,3,1,2,3,78,53,420,540,1,5
5224,,,15,2,2,3,6,37,420,540,1,5
5225,,,11,1,2,2,72,82,420,540,1,5
5226,,,12,2,2,2,82,30,300,600,1,5
5227,,,4,2,2,1,60,94,180,300,4,5
5228,,,1,1,2,2,70,87,420,540,3,5
5229,,,12,1,2,2,96,58,300,600,3,5
5230,,,13,1,2,1,91,46,420,540,2,5
5231,,,4,1,2,1,32,84,420,540,3,5
5232,,,9,2,2,3,78,13,0,300,4,5
5233,,,6,1,2,1,71,13,420,540,2,5
5234,,,8,1,2,2,81,91,300,600,4,5
5235,,,12,1,2,2,32,13,300,600,1,5
5236,,,13,1,2,2,38,15,420,540,1,5
5237,,,4,1,2,2,27,30,420,540,1,5
5238,,,5,2,2,3,29,68,300,420,4,5
5239,,,15,1,2,3,26,64,300,600,3,5
5240,,,8,1,2,1,65,48,420,540,4,5
5241,,,15,1,2,1,9,26,420,540,4,5
5242,,,6,1,2,1,50,64,420,540,3,5
5243,,,13,1,2,3,6,14,420,540,3,5
5244,,,8,1,2,1,8,56,420,540,2,5
5245,,,5,1,2,1,54,83,300,600,4,5
5246,,,3,1,2,1,86,26,300,600,3,5
5247,,,9,1,2,1,42,39,300,600,1,5
5248,,,14,1,2,3,84,60,420,540,3,5
5249,,,14,2,2,3,72,57,60,180,3,5
5250,,,9,1,2,3,45,32,420,540,3,5
5251,,,2,1,2,2,20,41,420,540,4,5
5252,,,7,1,2,1,79,50,420,540,4,5
5253,,,7,1,2,2,91,27,300,600,2,5
5254,,,8,2,2,2,46,62,180,300,1,5
5255,,,14,1,2,2,91,40,300,600,2,5
5256,,,2,1,2,3,10,75,300,600,3,5
5257,,,10,1,2,3,0,92,420,540,4,5
5258,,,7,1,2,3,37,86,300,600,3,5
5259,,,4,2,2,1,62,71,420,540,2,5
5260,,,2,1,2,1,19,91,300,600,3,5
5261,,,12,1,2,3,42,74,420,540,4,5
5262,,,6,2,2,1,35,1,60,180,3,5
5263,,,5,1,2,3,87,66,300,600,4,5
5264,,,4,1,2,2,63,74,300,600,2,5
5265,,,8,1,2,1,57,20,420,540,1,5
5266,,,11,1,2,3,72,65,420,540,3,5
5267,,,3,1,2,3,43,10,300,600,1,5
5268,,,8,2,2,1,81,45,60,180,1,5
5269,,,3,2,2,3,52,11,0,300,1,5
5270,,,11,1,2,2,87,40,420,540,2,5
5271,,,15,1,2,2,65,66,300,600,3,5
5272,,,2,1,2,2,63,27,420,540,4,5
5273,,,4,2,2,1,1,86,0,300,1,5
5274,,,3,2,2,2,35,23,180,300,1,5
5275,,,11,1,2,3,3,39,300,600,4,5
5276,,,11,1,2,1,78,99,300,600,2,5
5277,,,12,1,2,2,14,88,420,540,4,5
5278,,,13,2,2,2,44,53,420,540,3,5
5279,,,4,1,2,1,96,67,420,540,3,5
5280,,,12,1,2,1,17,33,420,540,1,5
5281,,,7,1,2,3,9,41,300,600,3,5
5282,,,8,2,2,2,80,92,60,180,3,5
5283,,,13,1,2,1,56,39,300,600,1,5
5284,,,9,2,2,3,83,72,180,300,1,5
5285,,,16,1,2,1,62,13,300,600,4,5
5286,,,15,1,2,1,1,58,300,600,2,5
5287,,,12,1,2,1,51,98,300,600,1,5
5288,,,2,1,2,2,33,31,300,600,2,5
5289,,,6,2,2,1,47,12,180,300,3,5
5290,,,14,2,2,2,79,96,180,300,1,5
5291,,,9,1,2,2,31,69,300,600,2,5
5292,,,15,1,2,1,74,23,300,600,3,5
5293,,,9,1,2,3,32,26,420,540,4,5
5294,,,7,1,2,1,9,91,420,540,3,5
5295,,,5,1,2,2,27,65,300,600,1,5
5296,,,3,2,2,3,90,27,300,420,3,5
5297,,,4,1,2,3,18,47,420,540,4,5
5298,,,15,1,2,3,64,75,300,600,1,5
5299,,,8,1,2,2,49,14,420,540,4,5
5300,,,4,1,2,1,89,10,420,540,2,5
5301,,,10,1,2,1,92,14,300,600,2,5
5302,,,9,1,2,2,2,2,300,600,2,5
5303,,,12,1,2,1,10,28,300,600,1,5
5304,,,12,1,2,3,0,53,300,600,4,5
5305,,,2,2,2,2,19,96,420,540,3,5
5306,,,12,2,2,3,22,38,420,540,1,5
5307,,,11,1,2,3,76,2,300,600,2,5
5308,,,7,1,2,1,20,76,420,540,3,5
5309,,,14,1,2,3,19,44,300,600,4,5
5310,,,14,1,2,3,36,14,420,540,4,5
5311,,,15,2,2,1,82,39,420,540,2,5
5312,,,5,2,2,1,1,48,0,300,2,5
5313,,,11,1,2,2,18,81,420,540,1,5
5314,,,8,1,2,3,47,53,300,600,4,5
5315,,,7,1,2,3,60,80,420,540,2,5
5316,,,14,2,2,3,45,40,300,600,1,5
5317,,,14,1,2,3,29,83,300,600,1,5
5318,,,8,1,2,1,9,60,300,600,4,5
5319,,,2,1,2,1,13,76,300,600,2,5
5320,,,8,1,2,2,24,21,420,540,4,5
5321,,,14,1,2,1,43,11,300,600,3,5
5322,,,6,1,2,3,9,96,300,600,3,5
5323,,,5,2,2,2,38,92,180,300,2,5
5324,,,4,2,2,3,44,90,420,540,4,5
5325,,,4,1,2,1,5,80,420,540,2,5
5326,,,8,1,2,3,48,60,420,540,1,5
5327,,,13,1,2,2,1,13,420,540,3,5
5328,,,8,1,2,2,16,95,420,540,3,5
5329,,,9,1,2,2,30,47,300,600,1,5
5330,,,3,1,2,3,2,44,420,540,3,5
5331,,,2,1,2,1,73,39,300,600,3,5
5332,,,10,2,2,3,1,68,180,300,3,5
5333,,,14,2,2,1,85,7,300,420,2,5
5334,,,13,1,2,2,52,26,420,540,2,5
5335,,,3,1,2,2,9,45,300,600,3,5
5336,,,6,2,2,2,6,92,60,180,4,5
5337,,,8,1,2,2,72,12,420,540,4,5
5338,,,8,1,2,1,32,78,300,600,3,5
5339,,,8,1,2,2,38,69,420,540,3,5
5340,,,15,1,2,1,50,40,300,600,4,5
5341,,,7,1,2,2,6,8,420,540,2,5
5342,,,8,1,2,3,18,80,420,540,3,5
5343,,,7,1,2,3,48,47,300,600,2,5
5344,,,2,2,2,2,40,27,0,300,2,5
5345,,,4,1,2,3,94,97,420,540,4,5
5346,,,6,1,2,1,45,5,300,600,2,5
5347,,,5,1,2,1,30,59,420,540,2,5
5348,,,13,2,2,1,4,56,300,600,1,5
5349,,,4,1,2,2,27,83,420,540,3,5
5350,,,8,2,2,1,20,97,0,300,3,5
5351,,,9,1,2,1,30,23,420,540,2,5
5352,,,2,2,2,3,68,20,0,300,3,5
5353,,,12,1,2,3,32,99,300,600,2,5
5354,,,4,1,2,3,95,57,420,540,2,5
5355,,,12,2,2,1,27,82,420,540,2,5
5356,,,11,1,2,2,13,77,300,600,2,5
5357,,,7,1,2,1,67,36,300,600,4,5
5358,,,8,2,2,1,21,27,0,300,4,5
5359,,,9,1,2,1,15,90,420,540,2,5
5360,,,2,2,2,3,25,41,0,300,4,5
5361,,,4,1,2,2,15,0,420,540,1,5
5362,,,6,1,2,2,53,76,300,600,2,5
5363,,,1,1,2,2,37,77,420,540,4,5
5364,,,7,1,2,2,4,89,420,540,2,5
5365,,,10,2,2,3,84,48,60,180,4,5
5366,,,3,1,2,1,8,76,300,600,3,5
5367,,,7,1,2,2,43,60,420,540,3,5
5368,,,9,1,2,3,12,98,420,540,3,5
5369,,,13,1,2,3,42,78,300,600,3,5
5370,,,11,1,2,3,94,72,420,540,4,5
5371,,,7,1,2,1,31,68,300,600,3,5
5372,,,12,1,2,3,30,57,300,600,4,5
5373,,,6,2,2,2,52,1,420,540,2,5
5374,,,4,1,2,2,94,33,420,540,1,5
5375,,,4,2,2,2,6,0,180,300,2,5
5376,,,5,1,2,2,35,59,300,600,3,5
5377,,,15,2,2,3,87,37,300,600,4,5
5378,,,4,1,2,1,100,49,420,540,2,5
5379,,,2,2,2,1,39,88,180,300,2,5
5380,,,13,1,2,2,51,19,300,600,3,5
5381,,,6,1,2,2,7,25,420,540,3,5
5382,,,11,2,2,3,90,58,420,540,2,5
5383,,,4,1,2,1,76,77,420,540,3,5
5384,,,15,1,2,2,99,44,420,540,3,5
5385,,,5,1,2,2,61,79,420,540,2,5
5386,,,14,2,2,3,91,70,420,540,4,5
5387,,,7,1,2,2,8,95,420,540,1,5
5388,,,2,1,2,2,64,90,300,600,3,5
5389,,,5,2,2,3,87,36,420,540,2,5
5390,,,2,1,2,3,13,48,300,600,1,5
5391,,,8,1,2,3,18,87,420,540,3,5
5392,,,12,1,2,1,80,66,300,600,4,5
5393,,,3,1,2,2,68,71,300,600,4,5
5394,,,2,1,2,2,37,32,300,600,3,5
5395,,,6,1,2,3,78,30,420,540,3,5
5396,,,3,1,2,2,1,99,420,540,2,5
5397,,,13,1,2,1,12,23,420,540,3,5
5398,,,13,2,2,3,79,71,60,180,1,5
5399,,,7,2,2,1,62,19,420,540,2,5
5400,,,15,1,2,1,68,13,420,540,1,5
5401,,,14,2,2,1,88,73,0,300,1,5
5402,,,10,2,2,1,62,73,60,180,3,5
5403,,,5,1,2,1,62,82,300,600,4,5
5404,,,7,1,2,2,18,50,420,540,3,5
5405,,,10,1,2,3,34,43,420,540,4,5
5406,,,5,1,2,1,97,43,300,600,3,5
5407,,,7,1,2,2,0,32,420,540,4,5
5408,,,3,1,2,1,59,22,300,600,4,5
5409,,,10,1,2,1,70,77,420,540,1,5
5410,,,8,1,2,2,85,59,420,540,2,5
5411,,,3,2,2,3,11,47,0,300,3,5
5412,,,2,1,2,3,6,64,420,540,4,5
5413,,,15,1,2,3,65,5,300,600,3,5
5414,,,15,2,2,3,63,47,60,180,2,5
5415,,,11,1,2,1,9,66,300,600,4,5
5416,,,3,1,2,2,54,47,420,540,3,5
5417,,,3,1,2,1,91,83,300,600,3,5
5418,,,12,1,2,1,15,70,420,540,4,5
5419,,,9,1,2,2,26,39,300,600,1,5
5420,,,1,1,2,3,29,32,300,600,4,5
5421,,,4,1,2,2,9,50,300,600,1,5
5422,,,7,1,2,1,58,35,420,540,2,5
5423,,,6,2,2,3,90,3,420,540,1,5
5424,,,5,2,2,2,30,76,420,540,1,5
5425,,,14,1,2,2,20,71,420,540,2,5
5426,,,5,1,2,1,80,7,300,600,2,5
5427,,,14,1,2,1,11,78,300,600,1,5
5428,,,10,1,2,2,84,84,420,540,2,5
5429,,,13,2,2,3,11,48,420,540,1,5
5430,,,13,1,2,1,88,49,300,600,1,5
5431,,,12,1,2,2,30,2,420,540,2,5
5432,,,4,1,2,2,85,31,420,540,1,5
5433,,,10,2,2,1,48,73,0,300,4,5
5434,,,8,1,2,3,63,39,300,600,3,5
5435,,,5,1,2,2,67,89,300,600,2,5
5436,,,5,2,2,2,2,2,0,300,2,5
5437,,,11,2,2,3,41,49,180,300,2,5
5438,,,3,2,2,1,31,16,0,300,2,5
5439,,,9,1,2,1,2,64,420,540,3,5
5440,,,5,2,2,3,5,45,420,540,4,5
5441,,,12,1,2,3,56,55,420,540,3,5
5442,,,3,1,2,1,45,80,300,600,3,5
5443,,,2,2,2,3,91,93,180,300,2,5
5444,,,10,1,2,2,11,84,300,600,2,5
5445,,,12,1,2,1,14,95,300,600,2,5
5446,,,6,1,2,3,78,27,420,540,2,5
5447,,,14,1,2,3,94,38,420,540,3,5
5448,,,4,1,2,3,53,29,420,540,1,5
5449,,,10,1,2,2,74,80,300,600,3,5
5450,,,14,1,2,3,87,48,420,540,3,5
5451,,,2,2,2,2,36,89,180,300,2,5
5452,,,10,1,2,3,49,16,420,540,1,5
5453,,,6,1,2,3,85,74,420,540,2,5
5454,,,11,1,2,1,94,70,300,600,3,5
5455,,,16,1,2,1,27,52,300,600,3,5
5456,,,7,2,2,1,79,55,0,300,3,5
5457,,,13,2,2,2,75,16,420,540,1,5
5458,,,4,1,2,3,60,5,420,540,2,5
5459,,,15,2,2,1,10,22,0,300,2,5
5460,,,6,2,2,3,38,95,0,300,1,5
5461,,,8,2,2,2,16,81,300,420,1,5
5462,,,12,2,2,2,23,36,420,540,2,5
5463,,,5,1,2,1,81,59,420,540,2,5
5464,,,2,2,2,3,100,42,420,540,3,5
5465,,,3,1,2,3,73,19,300,600,1,5
5466,,,2,1,2,3,39,84,300,600,2,5
5467,,,2,2,2,1,84,83,420,540,1,5
5468,,,11,2,2,3,11,2,0,300,3,5
5469,,,3,1,2,1,43,7,300,600,1,5
5470,,,16,1,2,1,24,22,300,600,3,5
5471,,,12,1,2,3,0,26,300,600,2,5
5472,,,15,2,2,3,66,84,60,180,3,5
5473,,,14,2,2,2,65,85,420,540,1,5
5474,,,2,1,2,3,63,79,420,540,4,5
5475,,,4,1,2,1,17,85,300,600,2,5
5476,,,14,2,2,3,86,55,0,300,4,5
5477,,,14,2,2,3,26,23,420,540,3,5
5478,,,8,1,2,2,21,50,420,540,3,5
5479,,,2,1,2,3,45,91,420,540,2,5
5480,,,14,1,2,2,27,90,420,540,1,5
5481,,,9,1,2,3,40,0,420,540,3,5
5482,,,4,2,2,2,37,46,180,300,4,5
5483,,,7,1,2,3,89,76,300,600,2,5
5484,,,10,1,2,3,70,69,420,540,2,5
5485,,,5,2,2,3,96,69,180,300,3,5
5486,,,3,1,2,1,57,78,420,540,2,5
5487,,,5,2,2,3,100,10,420,540,2,5
5488,,,5,1,2,2,66,29,420,540,3,5
5489,,,10,1,2,3,9,46,300,600,2,5
5490,,,12,1,2,1,80,22,420,540,4,5
5491,,,11,1,2,2,17,76,300,600,4,5
5492,,,11,1,2,1,90,14,420,540,4,5
5493,,,12,2,2,2,40,63,0,300,4,5
5494,,,9,1,2,2,72,57,420,540,4,5
5495,,,7,1,2,1,65,0,300,600,2,5
5496,,,6,1,2,2,38,42,300,600,3,5
5497,,,15,2,2,3,11,63,420,540,2,5
5498,,,3,1,2,2,2,30,300,600,2,5
5499,,,15,1,2,3,53,17,300,600,1,5
5500,,,10,1,2,1,78,53,300,600,2,5
5501,,,10,1,2,2,49,35,300,600,4,5
5502,,,13,1,2,1,33,73,300,600,4,5
5503,,,6,2,2,2,58,7,180,300,2,5
5504,,,12,2,2,2,92,72,180,300,2,5
5505,,,12,1,2,1,37,33,300,600,1,5
5506,,,15,1,2,1,9,74,420,540,2,5
5507,,,8,1,2,2,44,43,420,540,2,5
5508,,,6,1,2,3,32,25,420,540,1,5
5509,,,12,1,2,1,47,64,420,540,3,5
5510,,,7,2,2,3,84,8,60,180,4,5
5511,,,10,1,2,2,35,28,300,600,4,5
5512,,,13,2,2,3,0,8,300,600,1,5
5513,,,8,2,2,1,97,22,60,180,1,5
5514,,,13,1,2,3,87,88,420,540,3,5
5515,,,13,1,2,1,38,13,300,600,3,5
5516,,,9,1,2,3,5,95,300,600,1,5
5517,,,9,2,2,3,49,45,300,600,3,5
5518,,,4,2,2,2,84,9,0,300,4,5
5519,,,4,1,2,2,48,88,300,600,4,5
5520,,,3,1,2,3,16,97,300,600,4,5
5521,,,12,2,2,2,69,12,60,180,1,5
5522,,,9,1,2,3,30,45,300,600,2,5
5523,,,9,2,2,3,95,84,60,180,2,5
5524,,,11,2,2,2,37,52,0,300,3,5
5525,,,12,1,2,2,74,94,420,540,3,5
5526,,,10,2,2,1,17,52,180,300,4,5
5527,,,7,2,2,3,57,69,300,600,4,5
5528,,,4,2,2,1,14,35,300,420,2,5
5529,,,3,1,2,2,80,5,420,540,2,5
5530,,,13,1,2,1,99,19,420,540,3,5
5531,,,5,1,2,2,19,45,420,540,3,5
5532,,,15,2,2,2,73,88,60,180,1,5
5533,,,8,1,2,3,56,30,300,600,4,5
5534,,,13,1,2,1,21,74,300,600,2,5
5535,,,14,2,2,2,6,41,420,540,1,5
5536,,,10,2,2,3,80,59,60,180,2,5
5537,,,5,2,2,1,29,93,60,180,3,5
5538,,,10,1,2,3,95,84,420,540,2,5
5539,,,2,2,2,3,72,43,300,420,1,5
5540,,,5,1,2,3,58,1,420,540,4,5
5541,,,15,1,2,3,31,17,300,600,3,5
5542,,,2,1,2,3,84,19,300,600,2,5
5543,,,10,1,2,3,20,74,300,600,2,5
5544,,,3,2,2,2,94,44,0,300,4,5
5545,,,9,2,2,3,35,62,60,180,3,5
5546,,,10,1,2,1,79,56,420,540,3,5
5547,,,2,1,2,2,85,24,300,600,3,5
5548,,,2,2,2,3,19,16,0,300,4,5
5549,,,6,2,2,1,61,68,420,540,1,5
5550,,,8,2,2,3,63,56,420,540,4,5
5551,,,4,1,2,1,92,49,420,540,3,5
5552,,,12,1,2,1,81,65,420,540,3,5
5553,,,15,2,2,3,32,70,0,300,1,5
5554,,,14,2,2,1,81,10,180,300,2,5
5555,,,10,2,2,2,53,92,180,300,4,5
5556,,,5,1,2,1,20,8,420,540,2,5
5557,,,5,2,2,2,84,65,300,420,1,5
5558,,,2,1,2,3,76,91,420,540,3,5
5559,,,6,1,2,1,50,42,420,540,3,5
5560,,,13,1,2,1,92,45,300,600,3,5
5561,,,2,1,2,3,67,53,300,600,3,5
5562,,,8,2,2,1,53,75,300,600,2,5
5563,,,3,1,2,3,39,29,300,600,1,5
5564,,,2,1,2,1,47,9,420,540,1,5
5565,,,6,2,2,3,20,25,60,180,4,5
5566,,,5,1,2,3,90,33,300,600,2,5
5567,,,15,1,2,2,46,48,300,600,1,5
5568,,,11,2,2,1,38,3,420,540,3,5
5569,,,4,2,2,3,84,15,420,540,3,5
5570,,,5,2,2,2,65,29,300,600,3,5
5571,,,8,1,2,2,4,97,300,600,2,5
5572,,,15,1,2,3,69,21,300,600,2,5
5573,,,11,2,2,1,5,19,420,540,1,5
5574,,,10,1,2,3,39,71,420,540,3,5
5575,,,11,1,2,3,59,12,300,600,1,5
5576,,,2,1,2,3,65,80,420,540,2,5
5577,,,2,1,2,2,47,52,300,600,2,5
5578,,,1,1,2,1,26,86,300,600,1,5
5579,,,3,2,2,1,59,37,0,300,4,5
5580,,,15,2,2,3,54,65,60,180,3,5
5581,,,9,1,2,2,60,37,300,600,3,5
5582,,,14,1,2,3,64,99,420,540,4,5
5583,,,8,2,2,3,22,12,420,540,1,5
5584,,,11,2,2,3,59,100,300,420,1,5
5585,,,11,1,2,2,1,50,300,600,2,5
5586,,,10,2,2,2,73,22,60,180,4,5
5587,,,11,1,2,3,60,7,300,600,3,5
5588,,,2,2,2,2,100,47,300,600,1,5
5589,,,12,2,2,2,44,89,300,600,1,5
5590,,,14,1,2,2,27,29,300,600,3,5
5591,,,14,1,2,2,81,58,420,540,3,5
5592,,,4,1,2,3,41,51,300,600,1,5
5593,,,6,1,2,1,73,78,300,600,3,5
5594,,,7,1,2,3,6,62,300,600,3,5
5595,,,8,1,2,2,93,88,300,600,1,5
5596,,,10,2,2,3,77,78,420,540,3,5
5597,,,7,1,2,1,86,33,420,540,3,5
5598,,,3,1,2,3,77,49,300,600,2,5
5599,,,12,1,2,3,17,19,300,600,4,5
5600,,,5,1,2,3,99,1,420,540,3,5
5601,,,12,1,2,1,88,61,300,600,3,5
5602,,,3,1,2,2,73,63,420,540,4,5
5603,,,5,2,2,3,48,66,60,180,4,5
5604,,,3,1,2,3,87,100,420,540,2,5
5605,,,2,1,2,2,64,28,420,540,2,5
5606,,,5,2,2,1,50,59,180,300,3,5
5607,,,14,1,2,3,2,36,420,540,4,5
5608,,,12,1,2,3,55,43,300,600,2,5
5609,,,2,2,2,3,43,90,0,300,1,5
5610,,,1,1,2,3,43,0,420,540,4,5
5611,,,14,1,2,3,88,38,300,600,3,5
5612,,,3,2,2,1,11,44,60,180,2,5
5613,,,6,1,2,2,6,26,420,540,3,5
5614,,,13,2,2,2,7,36,420,540,2,5
5615,,,12,1,2,2,59,65,420,540,2,5
5616,,,12,2,2,1,57,34,180,300,3,5
5617,,,7,2,2,1,56,91,60,180,3,5
5618,,,14,2,2,2,21,53,420,540,3,5
5619,,,2,1,2,2,98,77,300,600,3,5
5620,,,6,2,2,1,94,55,0,300,3,5
5621,,,12,1,2,3,13,8,300,600,2,5
5622,,,6,2,2,2,3,58,420,540,2,5
5623,,,16,1,2,3,54,61,300,600,2,5
5624,,,8,2,2,2,30,94,300,420,2,5
5625,,,13,1,2,1,56,35,300,600,1,5
5626,,,13,2,2,2,26,24,180,300,4,5
5627,,,12,1,2,1,30,1,300,600,4,5
5628,,,12,1,2,1,6,28,420,540,4,5
5629,,,14,1,2,1,56,6,420,540,3,5
5630,,,16,1,2,2,25,25,300,600,3,5
5631,,,6,1,2,1,66,57,300,600,3,5
5632,,,16,1,2,2,63,55,300,600,2,5
5633,,,14,1,2,1,9,100,420,540,4,5
5634,,,3,2,2,2,95,12,300,420,4,5
5635,,,7,2,2,3,2,62,0,300,3,5
5636,,,6,2,2,2,83,75,0,300,1,5
5637,,,5,1,2,3,5,10,300,600,1,5
5638,,,2,1,2,3,88,59,300,600,4,5
5639,,,4,1,2,1,27,99,300,600,4,5
5640,,,2,1,2,1,53,18,300,600,4,5
5641,,,5,1,2,3,79,25,300,600,1,5
5642,,,6,1,2,2,72,12,420,540,3,5
5643,,,8,1,2,2,27,13,420,540,3,5
5644,,,6,1,2,3,62,4,420,540,4,5
5645,,,9,1,2,3,55,93,420,540,1,5
5646,,,3,1,2,1,40,1,300,600,4,5
5647,,,7,1,2,1,52,30,300,600,4,5
5648,,,7,1,2,2,69,1,420,540,3,5
5649,,,12,1,2,1,57,65,420,540,1,5
5650,,,11,1,2,3,69,77,420,540,2,5
5651,,,1,1,2,3,3,23,420,540,3,5
5652,,,2,2,2,1,25,16,180,300,3,5
5653,,,5,1,2,2,72,37,420,540,4,5
5654,,,14,1,2,1,15,12,300,600,3,5
5655,,,14,1,2,3,77,91,420,540,3,5
5656,,,11,1,2,2,52,2,300,600,4,5
5657,,,7,1,2,2,50,92,420,540,3,5
5658,,,11,1,2,1,45,7,420,540,3,5
5659,,,10,1,2,1,79,10,420,540,2,5
5660,,,5,1,2,3,73,91,420,540,4,5
5661,,,2,2,2,2,57,35,420,540,3,5
5662,,,2,2,2,1,43,74,0,300,4,5
5663,,,9,1,2,1,71,3,300,600,4,5
5664,,,2,1,2,1,69,4,300,600,4,5
5665,,,4,2,2,2,13,93,60,180,1,5
5666,,,6,1,2,3,91,45,300,600,1,5
5667,,,12,1,2,2,92,20,300,600,4,5
5668,,,1,1,2,3,91,69,420,540,4,5
5669,,,3,1,2,2,100,29,420,540,1,5
5670,,,7,2,2,3,77,17,60,180,1,5
5671,,,4,2,2,3,38,71,60,180,4,5
5672,,,14,1,2,3,42,0,420,540,4,5
5673,,,1,1,2,3,30,0,420,540,3,5
5674,,,7,1,2,1,60,72,420,540,1,5
5675,,,3,1,2,3,95,46,300,600,3,5
5676,,,4,2,2,3,86,56,60,180,4,5
5677,,,4,1,2,2,19,21,300,600,4,5
5678,,,14,2,2,2,85,64,60,180,3,5
5679,,,1,1,2,3,1,6,420,540,4,5
5680,,,4,1,2,2,97,8,420,540,2,5
5681,,,13,1,2,2,95,70,300,600,4,5
5682,,,5,1,2,1,66,50,300,600,2,5
5683,,,6,1,2,2,40,82,420,540,3,5
5684,,,7,1,2,2,68,14,420,540,2,5
5685,,,2,2,2,3,95,76,420,540,3,5
5686,,,4,1,2,3,2,98,300,600,4,5
5687,,,10,1,2,2,49,91,300,600,4,5
5688,,,4,2,2,1,90,4,420,540,1,5
5689,,,2,1,2,3,17,69,300,600,4,5
5690,,,3,1,2,2,61,12,420,540,2,5
5691,,,13,1,2,2,37,15,420,540,3,5
5692,,,7,2,2,2,62,15,0,300,2,5
5693,,,10,1,2,2,18,61,420,540,2,5
5694,,,12,1,2,2,75,7,300,600,4,5
5695,,,4,2,2,2,19,78,60,180,3,5
5696,,,9,1,2,2,79,62,300,600,4,5
5697,,,15,1,2,3,87,45,300,600,2,5
5698,,,14,2,2,2,52,41,420,540,4,5
5699,,,4,1,2,1,72,51,420,540,2,5
5700,,,3,1,2,3,32,71,420,540,1,5
5701,,,12,1,2,3,80,11,300,600,1,5
5702,,,2,2,2,1,16,8,60,180,1,5
5703,,,8,1,2,2,44,24,420,540,3,5
5704,,,13,2,2,3,42,0,300,600,1,5
5705,,,3,1,2,1,4,23,300,600,3,5
5706,,,10,1,2,2,42,65,300,600,4,5
5707,,,13,1,2,1,2,83,420,540,3,5
5708,,,2,1,2,2,76,77,300,600,1,5
5709,,,11,1,2,1,12,100,300,600,3,5
5710,,,16,1,2,2,8,51,420,540,2,5
5711,,,11,1,2,3,93,10,300,600,2,5
5712,,,9,1,2,3,57,3,420,540,2,5
5713,,,7,2,2,1,51,12,60,180,2,5
5714,,,9,1,2,2,98,5,420,540,1,5
5715,,,13,1,2,3,44,65,300,600,3,5
5716,,,13,1,2,3,19,63,420,540,2,5
5717,,,3,1,2,1,21,88,420,540,3,5
5718,,,7,1,2,2,9,14,420,540,1,5
5719,,,10,2,2,3,2,49,300,600,4,5
5720,,,2,1,2,2,28,48,300,600,2,5
5721,,,2,2,2,3,27,58,420,540,4,5
5722,,,12,1,2,3,70,0,300,600,3,5
5723,,,14,2,2,3,60,17,60,180,1,5
5724,,,9,1,2,3,83,43,420,540,4,5
5725,,,14,1,2,2,66,88,420,540,2,5
5726,,,7,1,2,1,89,23,300,600,3,5
5727,,,10,1,2,3,89,20,420,540,4,5
5728,,,5,1,2,2,53,0,420,540,3,5
5729,,,3,2,2,2,41,21,60,180,3,5
5730,,,6,1,2,1,99,55,420,540,2,5
5731,,,13,1,2,3,51,86,420,540,2,5
5732,,,2,1,2,1,41,76,300,600,2,5
5733,,,11,1,2,1,39,94,420,540,1,5
5734,,,6,1,2,2,32,28,300,600,1,5
5735,,,5,2,2,3,67,5,300,420,3,5
5736,,,5,1,2,3,56,52,420,540,3,5
5737,,,13,2,2,1,67,52,420,540,2,5
5738,,,14,1,2,1,35,99,420,540,1,5
5739,,,14,1,2,3,28,32,300,600,2,5
5740,,,5,2,2,1,69,70,0,300,3,5
5741,,,4,1,2,3,48,15,420,540,2,5
5742,,,5,1,2,3,21,17,300,600,1,5
5743,,,15,2,2,2,25,32,420,540,3,5
5744,,,14,1,2,1,75,36,300,600,3,5
5745,,,5,1,2,3,32,65,420,540,1,5
5746,,,2,2,2,3,6,68,60,180,4,5
5747,,,6,1,2,1,64,62,300,600,3,5
5748,,,11,1,2,3,64,41,420,540,3,5
5749,,,9,1,2,2,23,7,420,540,3,5
5750,,,3,2,2,2,41,24,300,600,4,5
5751,,,7,1,2,2,65,0,420,540,1,5
5752,,,13,1,2,3,31,11,300,600,4,5
5753,,,6,1,2,2,66,55,420,540,3,5
5754,,,4,1,2,1,57,45,300,600,2,5
5755,,,8,1,2,1,61,99,300,600,1,5
5756,,,8,1,2,2,59,21,420,540,4,5
5757,,,12,1,2,1,88,6,420,540,2,5
5758,,,7,1,2,1,24,2,420,540,4,5
5759,,,11,1,2,3,61,20,300,600,2,5
5760,,,3,1,2,2,2,13,300,600,4,5
5761,,,9,2,2,3,1,17,180,300,2,5
5762,,,12,1,2,3,92,93,420,540,4,5
5763,,,15,2,2,2,18,15,180,300,4,5
5764,,,14,1,2,3,48,42,420,540,1,5
5765,,,2,1,2,1,57,45,300,600,4,5
5766,,,6,1,2,1,81,2,300,600,1,5
5767,,,9,2,2,3,24,67,0,300,3,5
5768,,,8,1,2,2,54,35,420,540,4,5
5769,,,6,1,2,1,72,8,420,540,1,5
5770,,,4,2,2,1,96,96,180,300,1,5
5771,,,1,1,2,3,30,68,300,600,3,5
5772,,,9,2,2,1,77,37,300,600,1,5
5773,,,4,1,2,1,30,48,300,600,1,5
5774,,,3,1,2,1,98,15,300,600,1,5
5775,,,12,1,2,3,24,90,300,600,1,5
5776,,,11,1,2,1,61,99,300,600,4,5
5777,,,2,1,2,3,56,4,420,540,4,5
5778,,,16,1,2,3,32,44,420,540,3,5
5779,,,7,1,2,1,24,19,300,600,3,5
5780,,,8,1,2,1,65,82,420,540,3,5
5781,,,3,1,2,2,52,3,420,540,1,5
5782,,,7,2,2,1,16,82,180,300,3,5
5783,,,14,1,2,2,80,73,420,540,4,5
5784,,,3,1,2,3,18,36,420,540,3,5
5785,,,4,1,2,2,82,45,300,600,3,5
5786,,,8,2,2,2,31,99,300,600,1,5
5787,,,6,1,2,3,82,12,420,540,3,5
5788,,,6,1,2,2,100,66,420,540,2,5
5789,,,15,1,2,1,44,17,420,540,4,5
5790,,,6,1,2,1,66,75,420,540,3,5
5791,,,15,2,2,1,86,74,420,540,1,5
5792,,,12,1,2,2,3,34,300,600,2,5
5793,,,10,1,2,3,96,93,420,540,1,5
5794,,,10,1,2,2,92,79,420,540,2,5
5795,,,3,1,2,2,43,24,300,600,1,5
5796,,,15,1,2,1,13,47,420,540,3,5
5797,,,14,1,2,2,88,14,420,540,4,5
5798,,,14,1,2,2,91,73,420,540,4,5
5799,,,6,1,2,3,65,45,300,600,4,5
5800,,,7,2,2,3,25,52,60,180,3,5
5801,,,9,2,2,2,93,48,60,180,1,5
5802,,,2,1,2,2,23,81,300,600,4,5
5803,,,11,2,2,2,97,0,420,540,1,5
5804,,,11,1,2,2,75,47,300,600,1,5
5805,,,15,1,2,2,34,67,300,600,2,5
5806,,,2,1,2,1,98,73,300,600,2,5
5807,,,12,1,2,2,18,64,420,540,1,5
5808,,,12,1,2,1,12,24,420,540,2,5
5809,,,1,1,2,3,64,23,300,600,4,5
5810,,,6,1,2,3,77,41,420,540,1,5
5811,,,7,1,2,2,79,3,300,600,3,5
5812,,,8,1,2,2,97,59,300,600,2,5
5813,,,5,1,2,2,62,70,300,600,2,5
5814,,,14,1,2,3,16,49,420,540,3,5
5815,,,9,1,2,2,40,11,300,600,1,5
5816,,,4,1,2,1,4,17,300,600,4,5
5817,,,5,1,2,3,39,57,300,600,1,5
5818,,,10,2,2,1,12,48,300,420,3,5
5819,,,13,1,2,3,8,81,420,540,3,5
5820,,,12,1,2,1,69,91,300,600,1,5
5821,,,1,1,2,3,13,66,420,540,2,5
5822,,,12,1,2,1,5,98,300,600,1,5
5823,,,6,1,2,2,96,23,300,600,2,5
5824,,,8,2,2,1,51,21,180,300,4,5
5825,,,12,1,2,3,78,83,420,540,4,5
5826,,,5,2,2,1,10,78,0,300,3,5
5827,,,2,1,2,2,56,26,300,600,4,5
5828,,,5,2,2,2,9,1,300,420,3,5
5829,,,6,1,2,2,78,0,300,600,2,5
5830,,,11,1,2,2,98,57,300,600,3,5
5831,,,8,1,2,2,41,11,420,540,3,5
5832,,,9,2,2,1,20,26,60,180,2,5
5833,,,11,2,2,3,46,64,300,600,3,5
5834,,,14,1,2,3,53,16,420,540,2,5
5835,,,3,1,2,1,7,22,300,600,4,5
5836,,,13,2,2,1,33,15,300,600,1,5
5837,,,4,1,2,2,5,95,300,600,1,5
5838,,,6,2,2,3,76,91,0,300,1,5
5839,,,13,1,2,3,94,88,300,600,2,5
5840,,,12,1,2,1,62,30,420,540,1,5
5841,,,16,2,2,1,17,62,180,300,4,5
5842,,,14,1,2,3,12,45,420,540,4,5
5843,,,16,1,2,3,44,28,300,600,3,5
5844,,,4,1,2,3,37,28,420,540,2,5
5845,,,5,1,2,1,66,18,420,540,2,5
5846,,,8,2,2,3,74,50,180,300,4,5
5847,,,15,1,2,2,13,22,420,540,3,5
5848,,,11,1,2,3,23,32,300,600,1,5
5849,,,3,1,2,1,8,80,420,540,4,5
5850,,,7,2,2,2,66,79,420,540,2,5
5851,,,6,1,2,3,61,57,300,600,2,5
5852,,,3,2,2,3,41,57,0,300,3,5
5853,,,12,1,2,3,79,60,420,540,2,5
5854,,,6,1,2,1,91,55,300,600,4,5
5855,,,5,2,2,2,20,11,420,540,3,5
5856,,,11,2,2,1,86,49,0,300,1,5
5857,,,5,1,2,1,50,29,420,540,1,5
5858,,,5,1,2,1,30,67,300,600,1,5
5859,,,7,2,2,1,11,42,300,420,2,5
5860,,,10,1,2,3,33,92,300,600,2,5
5861,,,10,1,2,3,8,39,420,540,2,5
5862,,,4,1,2,2,82,58,300,600,2,5
5863,,,6,1,2,1,60,4,300,600,3,5
5864,,,4,1,2,3,28,58,420,540,2,5
5865,,,9,1,2,2,65,59,420,540,1,5
5866,,,8,1,2,2,95,49,420,540,4,5
5867,,,13,1,2,1,36,24,300,600,4,5
5868,,,7,2,2,3,3,62,0,300,1,5
5869,,,2,1,2,2,61,60,420,540,3,5
5870,,,12,2,2,3,40,4,300,420,2,5
5871,,,3,2,2,1,6,93,420,540,1,5
5872,,,13,1,2,2,81,9,420,540,2,5
5873,,,13,2,2,3,100,68,60,180,4,5
5874,,,15,1,2,1,7,38,420,540,3,5
5875,,,14,2,2,3,13,87,300,420,1,5
5876,,,7,1,2,2,35,84,300,600,1,5
5877,,,13,1,2,1,72,69,420,540,3,5
5878,,,3,2,2,1,15,6,60,180,2,5
5879,,,3,1,2,2,94,75,300,600,1,5
5880,,,14,1,2,3,16,72,420,540,2,5
5881,,,4,1,2,2,21,5,420,540,4,5
5882,,,7,1,2,3,95,66,420,540,1,5
5883,,,6,1,2,1,68,23,420,540,4,5
5884,,,1,1,2,3,86,92,300,600,1,5
5885,,,1,1,2,1,52,7,300,600,3,5
5886,,,6,2,2,2,66,1,300,600,4,5
5887,,,12,1,2,3,64,50,420,540,1,5
5888,,,14,1,2,2,94,94,420,540,4,5
5889,,,6,1,2,1,3,75,420,540,2,5
5890,,,2,1,2,1,2,71,300,600,4,5
5891,,,9,1,2,2,81,92,420,540,3,5
5892,,,3,1,2,1,54,29,420,540,3,5
5893,,,9,1,2,3,88,90,420,540,4,5
5894,,,2,1,2,3,27,26,420,540,3,5
5895,,,9,1,2,1,53,73,300,600,1,5
5896,,,15,1,2,3,75,14,420,540,1,5
5897,,,10,2,2,1,68,91,60,180,1,5
5898,,,6,1,2,1,29,70,300,600,1,5
5899,,,5,1,2,2,21,88,300,600,2,5
5900,,,8,1,2,3,96,48,300,600,2,5
5901,,,15,1,2,2,20,44,300,600,1,5
5902,,,7,1,2,3,75,9,420,540,4,5
5903,,,7,1,2,3,1,37,300,600,2,5
5904,,,10,2,2,3,35,7,420,540,1,5
5905,,,5,2,2,2,55,97,60,180,1,5
5906,,,11,1,2,3,28,99,300,600,2,5
5907,,,10,2,2,1,73,80,420,540,4,5
5908,,,2,1,2,1,63,50,300,600,3,5
5909,,,7,1,2,2,51,3,420,540,4,5
5910,,,12,1,2,3,89,82,420,540,3,5
5911,,,10,2,2,1,66,42,420,540,1,5
5912,,,2,1,2,1,27,98,300,600,3,5
5913,,,7,2,2,1,32,63,0,300,1,5
5914,,,7,1,2,3,44,16,300,600,3,5
5915,,,8,1,2,3,61,93,300,600,3,5
5916,,,5,1,2,3,59,25,420,540,4,5
5917,,,4,1,2,2,37,32,420,540,2,5
5918,,,13,1,2,1,87,94,420,540,3,5
5919,,,10,1,2,3,19,27,300,600,3,5
5920,,,9,1,2,3,9,63,300,600,1,5
5921,,,6,2,2,3,41,65,60,180,2,5
5922,,,3,2,2,3,66,66,420,540,2,5
5923,,,11,1,2,2,1,37,420,540,4,5
5924,,,8,1,2,3,28,55,300,600,3,5
5925,,,4,1,2,2,72,13,420,540,1,5
5926,,,8,1,2,1,10,73,420,540,2,5
5927,,,11,1,2,2,55,84,420,540,4,5
5928,,,4,1,2,2,22,23,300,600,1,5
5929,,,10,1,2,3,41,60,420,540,2,5
5930,,,11,1,2,3,37,74,300,600,4,5
5931,,,4,2,2,3,71,55,180,300,1,5
5932,,,11,1,2,2,16,84,300,600,2,5
5933,,,15,2,2,1,6,27,180,300,4,5
5934,,,14,1,2,3,59,98,300,600,4,5
5935,,,4,2,2,3,100,41,60,180,2,5
5936,,,8,1,2,2,69,34,420,540,1,5
5937,,,8,2,2,2,80,16,0,300,3,5
5938,,,4,1,2,1,33,38,300,600,2,5
5939,,,9,2,2,2,45,81,60,180,3,5
5940,,,3,1,2,2,99,92,300,600,4,5
5941,,,7,1,2,2,95,8,420,540,3,5
5942,,,10,2,2,3,65,25,60,180,3,5
5943,,,10,2,2,2,13,32,0,300,3,5
5944,,,5,1,2,3,3,34,420,540,2,5
5945,,,5,2,2,2,39,67,420,540,2,5
5946,,,13,2,2,3,44,36,0,300,4,5
5947,,,13,1,2,2,76,55,420,540,4,5
5948,,,5,2,2,3,5,4,0,300,4,5
5949,,,10,2,2,3,83,78,60,180,1,5
5950,,,15,1,2,3,60,2,420,540,2,5
5951,,,7,1,2,1,21,67,300,600,2,5
5952,,,12,1,2,2,16,0,300,600,4,5
5953,,,14,1,2,3,11,59,300,600,2,5
5954,,,9,1,2,3,72,81,300,600,2,5
5955,,,15,2,2,1,98,9,60,180,2,5
5956,,,6,1,2,3,94,49,300,600,1,5
5957,,,4,1,2,3,69,70,420,540,2,5
5958,,,12,1,2,2,88,7,420,540,1,5
5959,,,14,1,2,3,87,71,300,600,1,5
5960,,,7,2,2,3,29,65,180,300,1,5
5961,,,6,2,2,3,0,59,180,300,3,5
5962,,,9,1,2,1,73,14,420,540,4,5
5963,,,8,2,2,3,6,4,420,540,3,5
5964,,,11,1,2,3,71,6,300,600,2,5
5965,,,9,1,2,3,16,12,300,600,4,5
5966,,,15,1,2,2,17,100,300,600,1,5
5967,,,5,2,2,3,78,47,300,600,2,5
5968,,,5,1,2,3,24,2,300,600,1,5
5969,,,6,1,2,1,31,62,300,600,4,5
5970,,,12,1,2,1,96,75,420,540,3,5
5971,,,5,2,2,2,67,37,0,300,2,5
5972,,,5,1,2,3,34,13,420,540,3,5
5973,,,12,1,2,2,43,36,420,540,2,5
5974,,,6,2,2,3,93,30,60,180,3,5
5975,,,2,1,2,2,97,41,300,600,1,5
5976,,,10,2,2,2,17,13,0,300,1,5
5977,,,11,1,2,3,21,29,420,540,2,5
5978,,,3,2,2,3,39,48,180,300,2,5
5979,,,3,1,2,2,27,49,300,600,3,5
5980,,,4,2,2,1,56,17,180,300,2,5
5981,,,6,1,2,2,82,88,300,600,4,5
5982,,,14,1,2,1,66,12,300,600,3,5
5983,,,5,1,2,3,66,60,420,540,2,5
5984,,,3,1,2,1,69,91,420,540,2,5
5985,,,10,1,2,2,51,15,420,540,1,5
5986,,,3,2,2,2,10,80,60,180,1,5
5987,,,14,1,2,2,42,13,300,600,2,5
5988,,,2,2,2,2,88,26,60,180,4,5
5989,,,14,1,2,3,46,77,420,540,3,5
5990,,,15,1,2,2,17,23,420,540,3,5
5991,,,3,1,2,2,92,26,300,600,3,5
5992,,,7,1,2,2,21,95,300,600,1,5
5993,,,8,1,2,2,88,65,300,600,1,5
5994,,,13,1,2,3,18,76,300,600,3,5
5995,,,8,2,2,3,18,10,300,420,2,5
5996,,,4,2,2,3,37,32,60,180,2,5
5997,,,7,2,2,3,35,53,60,180,3,5
5998,,,6,2,2,1,34,93,60,180,4,5
5999,,,14,1,2,1,32,76,420,540,3,5
6000,,,10,1,2,1,79,76,300,600,1,5
6001,,,15,1,2,2,40,12,300,600,4,5
6002,,,12,1,2,2,26,40,420,540,4,5
6003,,,4,1,2,1,71,32,300,600,1,5
6004,,,7,1,2,1,10,10,420,540,2,5
6005,,,9,2,2,2,70,93,300,600,3,5
6006,,,11,1,2,3,68,6,420,540,2,5
6007,,,2,1,2,1,50,3,420,540,3,5
6008,,,13,1,2,2,41,78,420,540,1,5
6009,,,13,2,2,1,14,54,300,600,1,5
6010,,,13,1,2,3,93,25,420,540,4,5
6011,,,4,1,2,1,36,25,420,540,1,5
6012,,,8,1,2,1,70,72,300,600,2,5
6013,,,9,2,2,2,23,39,420,540,4,5
6014,,,13,2,2,2,94,16,420,540,3,5
6015,,,14,2,2,3,87,19,300,600,3,5
6016,,,7,2,2,2,86,31,0,300,1,5
6017,,,8,1,2,2,68,60,300,600,1,5
6018,,,9,1,2,1,38,91,300,600,2,5
6019,,,8,1,2,2,80,77,300,600,4,5
6020,,,10,2,2,1,24,58,60,180,1,5
6021,,,11,1,2,2,2,59,300,600,2,5
6022,,,4,1,2,2,92,47,420,540,2,5
6023,,,12,1,2,3,41,93,420,540,1,5
6024,,,10,1,2,1,58,38,300,600,4,5
6025,,,13,1,2,1,25,94,300,600,3,5
6026,,,12,2,2,3,29,12,60,180,1,5
6027,,,11,1,2,2,41,74,420,540,1,5
6028,,,11,1,2,2,43,58,300,600,1,5
6029,,,14,1,2,2,63,66,300,600,1,5
6030,,,8,1,2,3,94,41,300,600,1,5
6031,,,3,2,2,1,38,6,60,180,3,5
6032,,,6,1,2,2,72,78,420,540,3,5
6033,,,13,2,2,2,95,61,180,300,3,5
6034,,,9,1,2,3,91,32,300,600,4,5
6035,,,7,1,2,1,41,59,300,600,4,5
6036,,,8,2,2,3,76,61,60,180,2,5
6037,,,5,1,2,1,84,57,300,600,2,5
6038,,,2,1,2,1,74,0,420,540,3,5
6039,,,6,1,2,3,74,25,420,540,2,5
6040,,,2,2,2,1,47,20,0,300,1,5
6041,,,14,2,2,2,98,17,420,540,3,5
6042,,,10,1,2,1,44,5,300,600,4,5
6043,,,9,1,2,2,79,63,300,600,2,5
6044,,,12,1,2,2,83,66,420,540,3,5
6045,,,5,1,2,3,29,74,420,540,2,5
6046,,,7,1,2,3,23,18,420,540,4,5
6047,,,4,2,2,3,31,53,420,540,1,5
6048,,,16,1,2,1,27,9,420,540,4,5
6049,,,9,1,2,2,29,75,420,540,3,5
6050,,,6,1,2,3,43,26,420,540,1,5
6051,,,9,1,2,2,15,90,420,540,3,5
6052,,,6,1,2,1,35,35,420,540,2,5
6053,,,15,2,2,3,44,98,0,300,4,5
6054,,,3,1,2,3,9,15,420,540,4,5
6055,,,10,1,2,2,1,100,300,600,2,5
6056,,,5,1,2,1,31,81,420,540,4,5
6057,,,9,1,2,1,59,50,420,540,4,5
6058,,,3,1,2,1,67,17,300,600,4,5
6059,,,9,1,2,3,97,3,420,540,3,5
6060,,,5,1,2,1,18,76,300,600,4,5
6061,,,9,1,2,2,25,63,300,600,3,5
6062,,,8,1,2,3,29,30,420,540,1,5
6063,,,2,1,2,2,81,5,300,600,3,5
6064,,,4,2,2,1,14,100,60,180,1,5
6065,,,6,2,2,3,34,5,420,540,4,5
6066,,,8,1,2,3,22,53,420,540,1,5
6067,,,11,1,2,2,66,14,420,540,1,5
6068,,,9,1,2,2,69,80,300,600,4,5
6069,,,15,1,2,3,1,13,300,600,1,5
6070,,,3,1,2,3,51,9,420,540,4,5
6071,,,6,1,2,3,6,40,300,600,4,5
6072,,,8,1,2,2,55,58,420,540,3,5
6073,,,10,1,2,2,97,73,300,600,3,5
6074,,,9,2,2,3,45,34,300,420,3,5
6075,,,5,1,2,3,84,65,300,600,4,5
6076,,,4,2,2,1,46,85,180,300,1,5
6077,,,7,1,2,3,75,72,420,540,3,5
6078,,,4,1,2,2,66,8,300,600,1,5
6079,,,7,1,2,2,19,73,300,600,2,5
6080,,,14,1,2,1,63,13,300,600,1,5
6081,,,8,1,2,2,31,16,420,540,3,5
6082,,,3,1,2,2,34,92,420,540,1,5
6083,,,3,2,2,3,41,71,180,300,1,5
6084,,,2,1,2,2,24,32,420,540,3,5
6085,,,5,2,2,3,38,58,60,180,3,5
6086,,,10,1,2,1,9,67,420,540,1,5
6087,,,11,1,2,3,53,81,300,600,3,5
6088,,,2,1,2,1,67,33,420,540,1,5
6089,,,8,1,2,2,81,79,300,600,4,5
6090,,,2,1,2,1,29,13,420,540,4,5
6091,,,4,1,2,1,40,78,300,600,2,5
6092,,,13,1,2,3,33,9,420,540,3,5
6093,,,9,1,2,2,11,16,300,600,2,5
6094,,,4,1,2,1,10,100,420,540,4,5
6095,,,10,1,2,1,96,97,420,540,3,5
6096,,,10,1,2,2,44,63,300,600,4,5
6097,,,5,1,2,2,45,78,300,600,1,5
6098,,,3,1,2,3,55,64,300,600,2,5
6099,,,8,1,2,1,16,80,300,600,3,5
6100,,,5,1,2,1,80,62,300,600,2,5
6101,,,7,1,2,2,29,80,420,540,1,5
6102,,,3,1,2,1,12,26,420,540,4,5
6103,,,15,1,2,2,4,28,300,600,4,5
6104,,,13,1,2,1,35,86,420,540,4,5
6105,,,2,2,2,3,97,89,300,600,3,5
6106,,,11,1,2,3,13,85,300,600,2,5
6107,,,13,1,2,3,77,15,420,540,4,5
6108,,,11,1,2,3,32,70,300,600,4,5
6109,,,10,1,2,3,39,42,420,540,4,5
6110,,,6,1,2,2,0,97,420,540,4,5
6111,,,6,1,2,3,36,82,300,600,2,5
6112,,,6,1,2,2,71,92,420,540,3,5
6113,,,2,1,2,2,1,82,420,540,3,5
6114,,,3,1,2,2,36,90,420,540,4,5
6115,,,11,1,2,3,64,49,420,540,2,5
6116,,,10,1,2,2,32,31,420,540,3,5
6117,,,12,2,2,3,27,86,0,300,2,5
6118,,,13,1,2,2,98,56,300,600,1,5
6119,,,6,2,2,1,95,91,0,300,2,5
6120,,,11,2,2,2,88,68,0,300,3,5
6121,,,4,1,2,2,57,96,420,540,3,5
6122,,,5,1,2,1,98,75,300,600,4,5
6123,,,12,1,2,3,16,4,420,540,4,5
6124,,,12,2,2,2,80,86,180,300,1,5
6125,,,15,1,2,3,57,32,420,540,4,5
6126,,,10,2,2,1,98,18,60,180,1,5
6127,,,2,1,2,1,56,95,420,540,4,5
6128,,,9,1,2,1,48,50,300,600,3,5
6129,,,14,2,2,3,98,9,60,180,1,5
6130,,,11,2,2,3,33,1,180,300,4,5
6131,,,2,1,2,3,52,3,420,540,1,5
6132,,,1,1,2,2,89,72,300,600,1,5
6133,,,3,1,2,3,90,68,300,600,3,5
6134,,,7,1,2,1,37,83,420,540,1,5
6135,,,15,2,2,1,60,60,300,600,2,5
6136,,,15,1,2,3,62,67,420,540,2,5
6137,,,12,1,2,3,11,99,420,540,1,5
6138,,,4,2,2,3,43,51,420,540,2,5
6139,,,11,2,2,3,82,18,180,300,4,5
6140,,,11,2,2,1,40,71,300,420,4,5
6141,,,6,2,2,2,3,82,420,540,3,5
6142,,,8,1,2,2,14,75,300,600,3,5
6143,,,9,2,2,1,69,31,300,600,3,5
6144,,,2,2,2,1,56,90,60,180,4,5
6145,,,6,1,2,1,41,42,300,600,2,5
6146,,,9,1,2,1,30,30,420,540,3,5
6147,,,3,1,2,2,57,93,300,600,4,5
6148,,,9,1,2,3,49,100,420,540,1,5
6149,,,7,1,2,3,62,76,420,540,4,5
6150,,,8,1,2,2,13,73,300,600,4,5
6151,,,4,1,2,2,78,14,300,600,1,5
6152,,,13,1,2,3,62,99,300,600,2,5
6153,,,13,1,2,3,10,34,420,540,4,5
6154,,,7,2,2,1,86,2,180,300,2,5
6155,,,6,1,2,3,42,12,420,540,2,5
6156,,,4,2,2,1,28,43,60,180,4,5
6157,,,15,1,2,3,46,62,420,540,1,5
6158,,,3,1,2,1,6,20,420,540,1,5
6159,,,4,1,2,2,5,65,300,600,4,5
6160,,,7,1,2,3,23,70,420,540,4,5
6161,,,8,1,2,1,97,20,300,600,4,5
6162,,,2,1,2,1,91,16,420,540,3,5
6163,,,13,2,2,1,20,66,60,180,3,5
6164,,,7,1,2,3,87,76,420,540,3,5
6165,,,10,1,2,3,55,22,420,540,1,5
6166,,,4,1,2,1,0,10,420,540,4,5
6167,,,3,1,2,3,58,98,300,600,2,5
6168,,,4,1,2,3,62,57,420,540,4,5
6169,,,11,2,2,1,42,88,180,300,2,5
6170,,,8,2,2,3,49,65,60,180,3,5
6171,,,12,2,2,3,61,18,420,540,2,5
6172,,,2,1,2,2,36,18,420,540,2,5
6173,,,7,1,2,3,89,65,300,600,4,5
6174,,,15,1,2,3,57,77,420,540,2,5
6175,,,12,1,2,2,52,6,300,600,4,5
6176,,,15,2,2,3,3,18,180,300,1,5
6177,,,8,2,2,2,93,14,60,180,2,5
6178,,,2,2,2,1,0,85,0,300,3,5
6179,,,7,1,2,1,14,34,300,600,3,5
6180,,,7,1,2,2,91,43,300,600,1,5
6181,,,9,1,2,2,69,100,420,540,1,5
6182,,,8,2,2,3,20,93,0,300,3,5
6183,,,14,2,2,1,63,26,60,180,1,5
6184,,,4,1,2,1,88,65,300,600,4,5
6185,,,4,1,2,3,53,67,300,600,4,5
6186,,,14,2,2,1,29,71,180,300,3,5
6187,,,16,1,2,1,94,51,300,600,2,5
6188,,,9,1,2,3,82,70,300,600,3,5
6189,,,2,1,2,1,29,61,420,540,4,5
6190,,,11,1,2,3,69,32,300,600,3,5
6191,,,7,2,2,2,53,19,60,180,2,5
6192,,,4,1,2,1,53,75,420,540,1,5
6193,,,9,2,2,2,38,56,180,300,1,5
6194,,,13,1,2,1,10,10,420,540,2,5
6195,,,5,1,2,1,41,8,300,600,4,5
6196,,,3,2,2,2,83,25,60,180,4,5
6197,,,14,1,2,1,30,59,300,600,2,5
6198,,,14,2,2,3,25,10,420,540,2,5
6199,,,11,1,2,3,54,12,420,540,3,5
6200,,,11,1,2,1,36,79,300,600,3,5
6201,,,11,1,2,3,58,5,420,540,2,5
6202,,,9,1,2,1,37,71,300,600,3,5
6203,,,6,2,2,2,97,98,420,540,4,5
6204,,,4,1,2,3,9,93,300,600,1,5
6205,,,12,1,2,2,50,13,420,540,1,5
6206,,,12,2,2,3,19,36,420,540,1,5
6207,,,14,1,2,3,99,8,300,600,3,5
6208,,,6,2,2,3,78,4,60,180,4,5
6209,,,6,1,2,1,7,40,300,600,1,5
6210,,,10,1,2,1,6,44,300,600,3,5
6211,,,15,2,2,2,4,78,420,540,2,5
6212,,,14,2,2,1,98,64,0,300,4,5
6213,,,6,1,2,1,46,80,420,540,2,5
6214,,,2,1,2,3,98,13,300,600,2,5
6215,,,3,2,2,1,67,100,420,540,2,5
6216,,,7,2,2,3,7,49,420,540,3,5
6217,,,12,1,2,3,97,20,300,600,1,5
6218,,,4,2,2,1,71,21,0,300,2,5
6219,,,2,1,2,1,57,31,420,540,1,5
6220,,,8,2,2,3,95,25,420,540,3,5
6221,,,15,1,2,1,82,55,420,540,3,5
6222,,,9,1,2,3,74,18,300,600,4,5
6223,,,15,2,2,1,94,38,300,600,4,5
6224,,,7,2,2,1,16,35,420,540,1,5
6225,,,15,1,2,3,35,26,300,600,3,5
6226,,,14,1,2,3,4,49,420,540,2,5
6227,,,4,2,2,3,35,49,60,180,2,5
6228,,,7,1,2,3,81,47,300,600,3,5
6229,,,6,2,2,3,0,75,60,180,1,5
6230,,,4,2,2,1,43,92,420,540,4,5
6231,,,8,1,2,1,37,93,420,540,1,5
6232,,,7,1,2,3,19,57,420,540,3,5
6233,,,15,2,2,2,24,50,300,420,4,5
6234,,,10,1,2,3,92,54,420,540,2,5
6235,,,15,1,2,1,88,18,420,540,3,5
6236,,,5,1,2,3,91,15,420,540,3,5
6237,,,6,1,2,2,59,22,420,540,1,5
6238,,,5,1,2,1,76,81,420,540,2,5
6239,,,10,1,2,2,61,95,420,540,4,5
6240,,,12,1,2,2,49,36,420,540,2,5
6241,,,4,2,2,2,0,29,300,600,2,5
6242,,,13,2,2,3,78,10,420,540,3,5
6243,,,1,1,2,2,11,31,420,540,4,5
6244,,,5,1,2,2,67,4,420,540,3,5
6245,,,15,2,2,2,49,42,60,180,4,5
6246,,,7,2,2,3,90,21,60,180,3,5
6247,,,12,1,2,2,37,28,300,600,3,5
6248,,,15,1,2,2,89,86,420,540,1,5
6249,,,1,1,2,3,49,46,300,600,4,5
6250,,,8,1,2,3,46,95,300,600,1,5
6251,,,11,1,2,3,70,14,300,600,2,5
6252,,,3,1,2,2,97,0,300,600,1,5
6253,,,14,1,2,1,39,30,420,540,2,5
6254,,,3,1,2,1,18,6,300,600,4,5
6255,,,14,1,2,2,61,35,300,600,3,5
6256,,,4,1,2,1,95,13,420,540,1,5
6257,,,7,1,2,1,12,77,300,600,2,5
6258,,,9,2,2,2,36,45,180,300,1,5
6259,,,8,1,2,1,60,54,420,540,1,5
6260,,,14,1,2,2,20,79,420,540,3,5
6261,,,3,1,2,3,18,56,420,540,2,5
6262,,,6,1,2,2,85,35,300,600,1,5
6263,,,9,1,2,3,85,61,300,600,2,5
6264,,,8,1,2,3,74,52,420,540,4,5
6265,,,12,2,2,2,16,3,60,180,2,5
6266,,,3,1,2,1,66,87,300,600,4,5
6267,,,2,2,2,1,30,82,180,300,2,5
6268,,,5,1,2,2,45,84,300,600,1,5
6269,,,13,1,2,2,57,34,300,600,2,5
6270,,,3,1,2,3,50,9,300,600,3,5
6271,,,4,1,2,1,83,76,420,540,1,5
6272,,,6,2,2,3,15,66,420,540,4,5
6273,,,9,1,2,2,46,23,300,600,2,5
6274,,,5,2,2,1,68,25,300,600,1,5
6275,,,10,1,2,3,17,37,300,600,2,5
6276,,,3,1,2,1,83,58,300,600,4,5
6277,,,7,1,2,2,80,42,300,600,3,5
6278,,,11,1,2,2,44,48,300,600,1,5
6279,,,7,2,2,3,50,77,0,300,4,5
6280,,,5,1,2,2,3,97,420,540,4,5
6281,,,4,1,2,1,16,77,300,600,3,5
6282,,,9,2,2,3,61,41,300,600,4,5
6283,,,3,2,2,1,49,4,300,420,4,5
6284,,,2,1,2,1,32,70,420,540,2,5
6285,,,13,2,2,2,68,13,300,420,1,5
6286,,,7,1,2,3,23,8,300,600,2,5
6287,,,11,2,2,3,74,65,300,420,4,5
6288,,,13,2,2,3,40,73,180,300,4,5
6289,,,5,1,2,3,30,35,300,600,1,5
6290,,,3,2,2,1,0,38,420,540,2,5
6291,,,10,1,2,1,22,43,300,600,4,5
6292,,,4,1,2,3,68,34,420,540,4,5
6293,,,9,1,2,3,100,26,300,600,2,5
6294,,,11,2,2,1,100,100,0,300,4,5
6295,,,12,1,2,2,63,28,300,600,1,5
6296,,,6,1,2,1,94,2,300,600,1,5
6297,,,7,1,2,3,1,47,420,540,4,5
6298,,,4,1,2,2,88,94,420,540,4,5
6299,,,6,1,2,3,52,1,300,600,4,5
6300,,,14,1,2,3,98,6,300,600,3,5
6301,,,11,1,2,3,16,27,300,600,3,5
6302,,,12,1,2,3,47,20,300,600,2,5
6303,,,10,1,2,1,47,56,420,540,2,5
6304,,,9,1,2,3,87,42,300,600,4,5
6305,,,5,1,2,2,48,8,300,600,4,5
6306,,,12,1,2,3,30,62,300,600,4,5
6307,,,11,1,2,3,82,43,300,600,3,5
6308,,,10,1,2,2,56,41,300,600,1,5
6309,,,7,2,2,3,77,67,0,300,1,5
6310,,,9,2,2,3,32,32,180,300,2,5
6311,,,2,1,2,1,76,60,300,600,1,5
6312,,,12,2,2,2,55,31,300,420,4,5
6313,,,10,1,2,1,4,28,300,600,4,5
6314,,,5,1,2,1,18,34,300,600,1,5
6315,,,3,1,2,3,34,73,420,540,3,5
6316,,,5,1,2,3,10,41,420,540,4,5
6317,,,3,2,2,1,79,89,60,180,4,5
6318,,,7,1,2,3,21,59,420,540,2,5
6319,,,13,1,2,1,40,35,300,600,2,5
6320,,,10,1,2,1,89,40,420,540,1,5
6321,,,10,2,2,1,39,35,300,600,2,5
6322,,,10,1,2,1,40,84,300,600,2,5
6323,,,8,1,2,2,61,1,300,600,3,5
6324,,,5,1,2,3,83,2,300,600,2,5
6325,,,13,2,2,3,43,85,0,300,4,5
6326,,,4,1,2,1,18,60,420,540,4,5
6327,,,7,1,2,3,58,53,300,600,3,5
6328,,,13,2,2,2,84,100,300,420,2,5
6329,,,11,1,2,1,4,17,420,540,1,5
6330,,,8,1,2,2,64,77,420,540,1,5
6331,,,6,1,2,2,70,56,420,540,4,5
6332,,,2,2,2,2,34,76,300,420,2,5
6333,,,7,1,2,3,13,31,300,600,4,5
6334,,,3,2,2,2,9,84,420,540,4,5
6335,,,2,1,2,1,40,17,420,540,4,5
6336,,,14,2,2,2,36,39,300,600,1,5
6337,,,2,2,2,3,42,29,300,600,1,5
6338,,,4,1,2,2,18,64,420,540,3,5
6339,,,14,1,2,3,10,69,420,540,3,5
6340,,,8,1,2,2,41,60,420,540,3,5
6341,,,6,1,2,1,67,76,420,540,4,5
6342,,,14,1,2,2,73,91,420,540,1,5
6343,,,4,1,2,1,67,56,300,600,4,5
6344,,,10,2,2,2,48,55,420,540,2,5
6345,,,14,1,2,1,19,69,420,540,3,5
6346,,,14,2,2,3,12,22,180,300,1,5
6347,,,3,1,2,2,37,11,420,540,1,5
6348,,,7,1,2,2,9,62,420,540,1,5
6349,,,16,1,2,3,89,47,300,600,4,5
6350,,,8,2,2,1,6,65,0,300,1,5
6351,,,2,1,2,3,58,28,300,600,4,5
6352,,,3,1,2,3,78,93,300,600,3,5
6353,,,10,1,2,3,69,9,300,600,2,5
6354,,,13,1,2,1,57,34,420,540,4,5
6355,,,13,2,2,3,100,90,420,540,4,5
6356,,,16,1,2,2,38,82,300,600,4,5
6357,,,6,1,2,2,22,77,420,540,1,5
6358,,,5,1,2,2,78,1,420,540,4,5
6359,,,3,2,2,3,93,72,180,300,1,5
6360,,,3,2,2,3,86,100,300,420,4,5
6361,,,11,1,2,3,67,42,420,540,4,5
6362,,,6,2,2,1,14,44,0,300,4,5
6363,,,4,1,2,1,53,78,300,600,4,5
6364,,,8,1,2,2,81,44,420,540,4,5
6365,,,11,1,2,1,47,69,300,600,4,5
6366,,,9,1,2,2,39,51,420,540,3,5
6367,,,13,1,2,1,59,82,420,540,2,5
6368,,,8,1,2,2,83,94,420,540,3,5
6369,,,2,1,2,2,73,55,300,600,3,5
6370,,,6,1,2,1,25,39,300,600,2,5
6371,,,3,1,2,2,0,94,420,540,1,5
6372,,,5,1,2,2,9,81,420,540,2,5
6373,,,6,1,2,2,50,78,300,600,4,5
6374,,,14,1,2,1,94,100,420,540,3,5
6375,,,10,2,2,3,68,74,180,300,3,5
6376,,,12,1,2,3,53,43,420,540,4,5
6377,,,15,1,2,1,35,4,420,540,4,5
6378,,,7,2,2,1,15,54,420,540,2,5
6379,,,9,2,2,2,62,23,0,300,3,5
6380,,,6,1,2,3,36,28,420,540,3,5
6381,,,11,1,2,2,70,50,300,600,1,5
6382,,,5,1,2,2,98,57,300,600,2,5
6383,,,2,2,2,1,56,56,300,420,1,5
6384,,,12,1,2,3,95,16,420,540,1,5
6385,,,11,2,2,3,3,60,60,180,4,5
6386,,,10,1,2,3,5,52,420,540,2,5
6387,,,9,1,2,1,24,95,300,600,1,5
6388,,,14,1,2,2,59,0,300,600,1,5
6389,,,14,1,2,1,96,64,420,540,1,5
6390,,,14,1,2,1,100,33,420,540,3,5
6391,,,14,2,2,3,99,83,0,300,4,5
6392,,,2,2,2,1,75,30,0,300,3,5
6393,,,11,2,2,3,21,73,300,420,1,5
6394,,,10,1,2,2,78,63,420,540,4,5
6395,,,1,1,2,3,45,38,300,600,2,5
6396,,,13,1,2,1,8,48,420,540,2,5
6397,,,10,1,2,2,93,53,300,600,2,5
6398,,,11,2,2,2,4,53,420,540,3,5
6399,,,13,1,2,1,7,31,300,600,3,5
6400,,,6,1,2,2,74,61,300,600,3,5
6401,,,14,1,2,1,14,79,420,540,4,5
6402,,,6,1,2,3,90,10,420,540,4,5
6403,,,9,1,2,1,40,67,420,540,4,5
6404,,,4,1,2,3,7,52,300,600,4,5
6405,,,4,1,2,1,81,59,420,540,3,5
6406,,,6,2,2,1,69,89,0,300,3,5
6407,,,7,1,2,3,11,72,300,600,4,5
6408,,,12,2,2,1,24,31,60,180,2,5
6409,,,7,1,2,3,21,99,420,540,2,5
6410,,,8,1,2,3,82,10,300,600,2,5
6411,,,15,1,2,2,99,63,420,540,2,5
6412,,,2,1,2,3,32,40,300,600,2,5
6413,,,5,1,2,3,97,1,420,540,3,5
6414,,,12,2,2,2,29,48,60,180,2,5
6415,,,8,1,2,1,65,5,420,540,3,5
6416,,,12,2,2,2,34,98,300,420,4,5
6417,,,11,2,2,1,75,56,300,600,3,5
6418,,,12,2,2,2,27,63,60,180,4,5
6419,,,6,1,2,3,27,71,300,600,2,5
6420,,,4,1,2,2,39,15,300,600,1,5
6421,,,13,2,2,1,60,68,300,600,1,5
6422,,,4,1,2,1,88,42,300,600,2,5
6423,,,11,1,2,1,14,69,420,540,1,5
6424,,,6,1,2,3,44,28,420,540,4,5
6425,,,4,2,2,2,96,72,180,300,2,5
6426,,,10,1,2,3,70,68,420,540,2,5
6427,,,2,1,2,1,43,44,420,540,3,5
6428,,,7,1,2,1,0,94,420,540,3,5
6429,,,13,1,2,3,27,36,300,600,4,5
6430,,,9,1,2,3,11,57,300,600,2,5
6431,,,9,1,2,3,14,41,300,600,2,5
6432,,,15,2,2,2,77,6,180,300,3,5
6433,,,10,1,2,1,38,20,300,600,4,5
6434,,,3,1,2,3,59,89,420,540,1,5
6435,,,7,1,2,3,86,92,420,540,3,5
6436,,,4,1,2,2,25,1,420,540,4,5
6437,,,7,1,2,1,40,81,300,600,4,5
6438,,,4,1,2,1,55,51,420,540,1,5
6439,,,5,1,2,2,32,80,420,540,2,5
6440,,,6,1,2,1,27,69,420,540,1,5
6441,,,11,1,2,1,99,39,300,600,2,5
6442,,,8,2,2,3,48,53,300,600,1,5
6443,,,9,1,2,3,72,84,420,540,4,5
6444,,,6,1,2,1,15,40,300,600,3,5
6445,,,9,1,2,3,36,86,300,600,1,5
6446,,,12,1,2,3,77,50,300,600,4,5
6447,,,8,1,2,3,7,80,300,600,4,5
6448,,,8,1,2,2,18,24,300,600,4,5
6449,,,10,1,2,1,95,70,300,600,2,5
6450,,,7,1,2,1,20,24,420,540,2,5
6451,,,15,2,2,1,4,81,420,540,2,5
6452,,,15,2,2,1,28,25,420,540,4,5
6453,,,5,1,2,3,29,45,420,540,3,5
6454,,,13,1,2,2,61,47,300,600,1,5
6455,,,6,1,2,3,99,61,420,540,4,5
6456,,,15,2,2,2,30,66,60,180,1,5
6457,,,9,1,2,3,20,90,420,540,1,5
6458,,,15,1,2,3,46,83,420,540,4,5
6459,,,7,2,2,3,26,40,300,600,4,5
6460,,,4,1,2,3,54,18,420,540,4,5
6461,,,12,1,2,3,100,17,300,600,4,5
6462,,,6,1,2,2,55,95,300,600,4,5
6463,,,15,2,2,3,22,96,60,180,3,5
6464,,,5,2,2,1,45,23,180,300,2,5
6465,,,13,1,2,3,39,1,300,600,3,5
6466,,,12,2,2,1,79,40,300,420,1,5
6467,,,3,1,2,2,78,69,300,600,2,5
6468,,,5,1,2,1,9,72,420,540,4,5
6469,,,11,1,2,1,38,79,420,540,1,5
6470,,,13,1,2,2,5,58,420,540,4,5
6471,,,11,1,2,2,87,84,420,540,4,5
6472,,,14,2,2,1,2,62,60,180,4,5
6473,,,11,2,2,2,51,2,300,600,1,5
6474,,,6,2,2,1,99,50,300,420,1,5
6475,,,10,1,2,1,98,98,420,540,3,5
6476,,,6,1,2,3,89,65,300,600,4,5
6477,,,11,2,2,1,59,9,180,300,4,5
6478,,,10,1,2,1,72,68,420,540,1,5
6479,,,2,1,2,3,6,85,300,600,2,5
6480,,,12,1,2,3,62,5,420,540,3,5
6481,,,5,2,2,2,77,76,420,540,1,5
6482,,,5,1,2,1,49,78,420,540,2,5
6483,,,8,1,2,3,68,81,420,540,1,5
6484,,,14,2,2,2,52,19,300,420,1,5
6485,,,5,1,2,2,60,62,420,540,1,5
6486,,,3,1,2,2,22,14,420,540,4,5
6487,,,11,1,2,1,44,58,420,540,3,5
6488,,,7,2,2,1,42,55,60,180,4,5
6489,,,6,1,2,1,7,22,300,600,1,5
6490,,,10,2,2,2,81,69,300,600,2,5
6491,,,14,1,2,3,74,84,300,600,2,5
6492,,,14,1,2,3,2,16,300,600,2,5
6493,,,2,1,2,2,68,26,420,540,4,5
6494,,,10,1,2,2,16,94,300,600,1,5
6495,,,2,2,2,2,87,91,300,600,2,5
6496,,,4,1,2,3,6,87,300,600,2,5
6497,,,9,2,2,1,62,52,300,420,2,5
6498,,,3,1,2,2,63,22,420,540,1,5
6499,,,3,2,2,2,82,88,420,540,4,5
6500,,,7,2,2,2,57,2,60,180,3,5
6501,,,8,1,2,1,26,89,300,600,2,5
6502,,,6,1,2,1,85,22,300,600,3,5
6503,,,4,2,2,1,74,32,0,300,4,5
6504,,,3,2,2,3,43,98,60,180,1,5
6505,,,16,1,2,1,97,56,300,600,3,5
6506,,,3,1,2,3,28,91,300,600,1,5
6507,,,12,2,2,2,30,33,180,300,3,5
6508,,,11,1,2,1,79,100,300,600,1,5
6509,,,6,1,2,2,42,15,420,540,2,5
6510,,,4,1,2,2,63,14,300,600,3,5
6511,,,6,1,2,1,56,40,420,540,2,5
6512,,,14,2,2,3,11,26,300,600,4,5
6513,,,12,2,2,3,74,99,420,540,2,5
6514,,,9,2,2,3,68,47,60,180,1,5
6515,,,13,1,2,1,24,80,420,540,2,5
6516,,,12,1,2,1,68,45,420,540,2,5
6517,,,12,2,2,3,7,60,420,540,2,5
6518,,,14,2,2,2,55,63,180,300,3,5
6519,,,12,1,2,3,3,94,420,540,1,5
6520,,,13,2,2,3,67,19,300,420,3,5
6521,,,14,1,2,2,82,72,300,600,3,5
6522,,,10,1,2,3,91,61,420,540,1,5
6523,,,12,1,2,1,45,24,420,540,1,5
6524,,,10,1,2,2,66,67,300,600,3,5
6525,,,5,1,2,2,98,26,300,600,3,5
6526,,,10,2,2,3,53,8,180,300,2,5
6527,,,14,1,2,2,3,66,300,600,2,5
6528,,,8,1,2,1,54,59,300,600,2,5
6529,,,2,1,2,1,37,48,420,540,3,5
6530,,,8,1,2,1,24,35,300,600,1,5
6531,,,6,2,2,2,17,50,300,420,4,5
6532,,,6,1,2,1,85,48,420,540,2,5
6533,,,13,1,2,1,50,33,300,600,1,5
6534,,,8,2,2,1,21,21,180,300,2,5
6535,,,12,2,2,3,20,35,300,420,2,5
6536,,,10,1,2,1,9,9,420,540,4,5
6537,,,9,1,2,2,41,40,300,600,1,5
6538,,,6,2,2,2,67,34,300,420,1,5
6539,,,5,1,2,3,79,2,300,600,4,5
6540,,,13,1,2,3,59,74,300,600,4,5
6541,,,6,1,2,3,74,13,300,600,1,5
6542,,,12,2,2,1,38,65,0,300,3,5
6543,,,5,1,2,2,43,54,300,600,1,5
6544,,,5,1,2,3,28,53,420,540,3,5
6545,,,7,1,2,2,98,34,420,540,3,5
6546,,,3,2,2,3,85,35,300,600,3,5
6547,,,6,1,2,2,16,56,420,540,1,5
6548,,,10,1,2,1,44,69,420,540,1,5
6549,,,9,2,2,3,25,5,420,540,4,5
6550,,,7,1,2,3,34,22,420,540,4,5
6551,,,12,1,2,3,39,76,300,600,4,5
6552,,,7,2,2,3,78,29,0,300,2,5
6553,,,3,1,2,2,79,43,300,600,3,5
6554,,,5,1,2,3,72,84,300,600,1,5
6555,,,6,2,2,2,28,63,420,540,2,5
6556,,,3,1,2,2,73,77,420,540,4,5
6557,,,11,1,2,3,100,96,300,600,4,5
6558,,,12,2,2,2,12,76,300,420,2,5
6559,,,5,1,2,2,62,75,420,540,3,5
6560,,,12,1,2,1,34,52,420,540,1,5
6561,,,9,2,2,1,83,74,0,300,4,5
6562,,,9,2,2,3,4,6,420,540,3,5
6563,,,10,2,2,1,23,16,0,300,4,5
6564,,,14,2,2,3,33,29,300,420,3,5
6565,,,6,1,2,3,28,37,420,540,4,5
6566,,,6,1,2,2,58,58,300,600,3,5
6567,,,4,1,2,2,72,86,420,540,3,5
6568,,,13,1,2,1,6,37,420,540,2,5
6569,,,11,2,2,2,54,70,0,300,1,5
6570,,,12,1,2,3,93,36,420,540,4,5
6571,,,6,1,2,3,36,17,420,540,3,5
6572,,,3,2,2,2,89,70,0,300,1,5
6573,,,6,1,2,3,10,19,300,600,4,5
6574,,,9,1,2,1,100,40,420,540,3,5
6575,,,14,1,2,1,45,18,420,540,4,5
6576,,,9,2,2,3,74,31,180,300,4,5
6577,,,10,2,2,1,96,26,0,300,2,5
6578,,,15,1,2,3,57,75,420,540,3,5
6579,,,13,2,2,1,30,0,60,180,2,5
6580,,,8,1,2,1,86,51,420,540,4,5
6581,,,14,2,2,1,27,83,60,180,4,5
6582,,,14,1,2,1,24,23,420,540,3,5
6583,,,14,1,2,3,31,44,300,600,2,5
6584,,,11,1,2,2,24,16,300,600,2,5
6585,,,8,2,2,3,64,70,180,300,2,5
6586,,,7,1,2,3,4,40,420,540,4,5
6587,,,7,2,2,1,85,89,180,300,2,5
6588,,,4,2,2,2,23,94,180,300,2,5
6589,,,2,2,2,1,37,3,300,420,3,5
6590,,,8,1,2,1,67,90,300,600,3,5
6591,,,2,1,2,3,26,34,420,540,2,5
6592,,,5,1,2,3,65,47,420,540,2,5
6593,,,15,2,2,1,25,56,60,180,1,5
6594,,,8,1,2,2,28,9,420,540,1,5
6595,,,11,1,2,2,52,15,420,540,4,5
6596,,,11,2,2,1,56,41,180,300,4,5
6597,,,9,1,2,2,91,5,420,540,2,5
6598,,,14,1,2,1,23,28,420,540,2,5
6599,,,2,1,2,3,1,87,300,600,1,5
6600,,,2,1,2,3,65,1,420,540,2,5
6601,,,9,2,2,2,13,67,180,300,2,5
6602,,,15,1,2,3,97,85,420,540,4,5
6603,,,6,1,2,1,63,6,420,540,1,5
6604,,,11,1,2,1,82,48,420,540,3,5
6605,,,12,1,2,1,79,69,300,600,3,5
6606,,,14,1,2,2,76,47,300,600,4,5
6607,,,12,2,2,1,94,20,180,300,3,5
6608,,,9,2,2,2,77,24,0,300,4,5
6609,,,5,1,2,2,42,99,300,600,1,5
6610,,,4,1,2,2,85,84,300,600,1,5
6611,,,10,1,2,2,80,28,300,600,3,5
6612,,,13,1,2,1,54,78,300,600,2,5
6613,,,6,2,2,1,11,67,180,300,3,5
6614,,,10,1,2,2,66,23,420,540,1,5
6615,,,6,2,2,3,53,64,300,600,1,5
6616,,,13,1,2,2,73,99,300,600,4,5
6617,,,11,2,2,3,16,49,0,300,3,5
6618,,,10,1,2,2,70,56,300,600,1,5
6619,,,14,1,2,1,89,36,300,600,1,5
6620,,,10,2,2,3,77,89,0,300,1,5
6621,,,15,1,2,1,97,50,300,600,1,5
6622,,,15,1,2,2,90,82,420,540,2,5
6623,,,9,1,2,3,10,94,300,600,4,5
6624,,,11,1,2,2,95,94,420,540,3,5
6625,,,15,2,2,2,86,94,60,180,2,5
6626,,,9,2,2,3,10,75,300,600,2,5
6627,,,8,2,2,1,87,84,180,300,4,5
6628,,,10,2,2,3,31,61,180,300,3,5
6629,,,11,1,2,3,59,61,300,600,3,5
6630,,,3,2,2,2,41,39,300,600,1,5
6631,,,9,1,2,2,27,83,420,540,1,5
6632,,,5,1,2,3,6,12,420,540,2,5
6633,,,8,1,2,2,70,73,420,540,2,5
6634,,,3,2,2,1,82,5,180,300,2,5
6635,,,12,2,2,3,78,17,180,300,2,5
6636,,,10,1,2,1,91,64,420,540,2,5
6637,,,11,2,2,2,75,73,420,540,2,5
6638,,,1,1,2,1,13,17,300,600,2,5
6639,,,3,1,2,3,73,9,420,540,2,5
6640,,,13,1,2,3,87,26,420,540,3,5
6641,,,6,1,2,2,54,17,420,540,1,5
6642,,,11,1,2,1,17,66,420,540,1,5
6643,,,15,1,2,1,31,54,420,540,3,5
6644,,,10,1,2,3,19,63,300,600,3,5
6645,,,13,1,2,2,43,10,300,600,2,5
6646,,,8,1,2,2,78,68,300,600,3,5
6647,,,2,1,2,1,81,87,420,540,2,5
6648,,,2,1,2,1,68,8,420,540,2,5
6649,,,2,1,2,2,9,46,420,540,1,5
6650,,,7,2,2,1,47,8,180,300,3,5
6651,,,12,1,2,1,3,42,420,540,3,5
6652,,,15,2,2,3,22,84,300,420,3,5
6653,,,13,2,2,1,54,79,0,300,1,5
6654,,,14,1,2,1,99,32,420,540,4,5
6655,,,3,1,2,3,90,87,420,540,2,5
6656,,,1,1,2,3,82,0,420,540,2,5
6657,,,13,1,2,2,94,90,300,600,3,5
6658,,,3,1,2,2,57,90,420,540,4,5
6659,,,3,2,2,3,58,66,0,300,2,5
6660,,,10,1,2,1,71,97,420,540,2,5
6661,,,13,1,2,2,78,67,300,600,2,5
6662,,,12,1,2,1,21,69,300,600,4,5
6663,,,14,1,2,2,31,99,420,540,3,5
6664,,,4,2,2,3,61,15,420,540,2,5
6665,,,6,1,2,3,41,58,300,600,4,5
6666,,,13,1,2,1,20,38,300,600,2,5
6667,,,8,1,2,3,50,6,420,540,1,5
6668,,,9,1,2,3,55,45,420,540,2,5
6669,,,15,1,2,2,30,55,420,540,4,5
6670,,,14,2,2,3,27,99,180,300,4,5
6671,,,13,1,2,3,26,8,420,540,4,5
6672,,,15,1,2,3,28,98,420,540,3,5
6673,,,9,1,2,2,3,4,420,540,3,5
6674,,,15,2,2,2,29,38,420,540,2,5
6675,,,15,2,2,2,98,92,420,540,3,5
6676,,,10,1,2,1,97,44,420,540,2,5
6677,,,13,1,2,3,25,61,420,540,3,5
6678,,,11,1,2,3,51,95,300,600,1,5
6679,,,2,1,2,2,93,96,420,540,1,5
6680,,,7,1,2,2,45,35,420,540,1,5
6681,,,2,2,2,2,56,96,0,300,3,5
6682,,,6,1,2,2,23,87,300,600,2,5
6683,,,10,1,2,2,21,90,300,600,3,5
6684,,,9,1,2,2,4,47,300,600,3,5
6685,,,5,2,2,2,54,39,0,300,2,5
6686,,,12,1,2,1,20,20,300,600,3,5
6687,,,3,2,2,2,60,84,420,540,1,5
6688,,,4,1,2,3,85,62,300,600,3,5
6689,,,9,1,2,2,87,11,300,600,3,5
6690,,,11,1,2,1,39,56,300,600,3,5
6691,,,14,2,2,2,81,33,180,300,1,5
6692,,,11,1,2,1,96,48,300,600,1,5
6693,,,14,1,2,3,74,58,300,600,2,5
6694,,,13,1,2,1,39,21,300,600,2,5
6695,,,11,2,2,1,54,7,180,300,4,5
6696,,,14,2,2,3,44,21,0,300,1,5
6697,,,12,1,2,2,60,31,420,540,4,5
6698,,,11,1,2,3,36,40,420,540,3,5
6699,,,15,1,2,1,72,59,420,540,1,5
6700,,,14,1,2,1,14,14,420,540,1,5
6701,,,8,1,2,1,86,98,420,540,1,5
6702,,,3,1,2,3,59,20,420,540,3,5
6703,,,15,1,2,2,68,100,420,540,3,5
6704,,,12,1,2,1,75,56,300,600,4,5
6705,,,7,1,2,3,0,86,420,540,1,5
6706,,,11,2,2,1,47,27,0,300,1,5
6707,,,4,1,2,2,48,50,300,600,1,5
6708,,,4,1,2,1,62,5,420,540,2,5
6709,,,15,1,2,2,99,5,300,600,4,5
6710,,,11,1,2,1,82,65,420,540,2,5
6711,,,5,1,2,2,64,2,420,540,4,5
6712,,,2,1,2,2,38,72,300,600,2,5
6713,,,9,1,2,2,62,78,420,540,1,5
6714,,,11,1,2,2,15,86,300,600,4,5
6715,,,11,2,2,2,51,45,420,540,2,5
6716,,,12,2,2,3,60,23,180,300,2,5
6717,,,4,1,2,1,54,33,300,600,1,5
6718,,,8,1,2,3,23,30,420,540,2,5
6719,,,5,1,2,3,7,21,420,540,4,5
6720,,,5,2,2,3,39,41,0,300,4,5
6721,,,11,1,2,3,55,50,420,540,4,5
6722,,,13,1,2,2,81,3,420,540,4,5
6723,,,7,1,2,1,97,13,420,540,1,5
6724,,,14,1,2,1,15,58,420,540,1,5
6725,,,2,2,2,2,93,70,180,300,3,5
6726,,,12,2,2,1,51,23,180,300,2,5
6727,,,3,2,2,2,21,27,300,600,4,5
6728,,,1,1,2,2,19,33,420,540,3,5
6729,,,1,1,2,3,62,32,300,600,2,5
6730,,,5,1,2,2,50,34,300,600,3,5
6731,,,12,2,2,3,30,53,420,540,4,5
6732,,,1,1,2,2,100,84,300,600,2,5
6733,,,5,2,2,1,33,7,180,300,2,5
6734,,,2,1,2,3,64,14,420,540,3,5
6735,,,5,1,2,3,9,65,420,540,4,5
6736,,,15,1,2,3,97,85,420,540,2,5
6737,,,11,1,2,1,65,93,300,600,2,5
6738,,,14,1,2,3,29,91,420,540,1,5
6739,,,11,2,2,1,24,48,300,420,4,5
6740,,,11,1,2,1,73,10,420,540,1,5
6741,,,12,2,2,1,89,66,0,300,4,5
6742,,,12,1,2,1,35,3,420,540,4,5
6743,,,12,1,2,1,57,90,300,600,4,5
6744,,,4,1,2,3,63,22,420,540,3,5
6745,,,12,2,2,3,68,35,60,180,4,5
6746,,,6,1,2,2,20,72,420,540,3,5
6747,,,7,2,2,3,34,69,180,300,4,5
6748,,,4,2,2,1,93,39,0,300,1,5
6749,,,11,1,2,1,13,61,420,540,3,5
6750,,,9,2,2,2,59,58,0,300,3,5
6751,,,10,1,2,2,54,55,300,600,3,5
6752,,,11,1,2,2,93,77,420,540,2,5
6753,,,14,1,2,3,41,46,420,540,4,5
6754,,,11,1,2,3,94,77,300,600,2,5
6755,,,3,1,2,2,89,72,420,540,2,5
6756,,,1,1,2,1,47,39,420,540,1,5
6757,,,11,1,2,2,91,46,300,600,3,5
6758,,,7,1,2,3,47,1,420,540,3,5
6759,,,5,1,2,3,54,7,420,540,4,5
6760,,,10,1,2,2,84,30,420,540,2,5
6761,,,12,2,2,2,85,97,420,540,2,5
6762,,,13,1,2,1,43,39,300,600,2,5
6763,,,4,1,2,1,54,71,300,600,3,5
6764,,,6,1,2,1,93,39,300,600,1,5
6765,,,3,1,2,3,34,28,420,540,4,5
6766,,,6,1,2,1,29,5,300,600,1,5
6767,,,8,1,2,3,82,42,300,600,3,5
6768,,,12,1,2,1,9,20,420,540,2,5
6769,,,2,1,2,1,12,27,420,540,1,5
6770,,,5,2,2,3,38,90,60,180,4,5
6771,,,8,1,2,3,67,34,420,540,3,5
6772,,,11,1,2,1,42,47,420,540,2,5
6773,,,14,1,2,2,60,45,420,540,4,5
6774,,,14,1,2,3,98,26,420,540,1,5
6775,,,9,2,2,3,23,28,300,600,2,5
6776,,,11,1,2,1,46,65,420,540,1,5
6777,,,13,1,2,3,78,26,300,600,2,5
6778,,,8,1,2,3,58,65,300,600,1,5
6779,,,7,1,2,2,4,51,300,600,4,5
6780,,,13,1,2,1,32,27,420,540,3,5
6781,,,15,1,2,3,78,94,300,600,4,5
6782,,,13,2,2,2,67,10,60,180,4,5
6783,,,13,2,2,2,47,40,300,600,1,5
6784,,,8,1,2,3,23,51,300,600,3,5
6785,,,4,1,2,3,53,25,300,600,4,5
6786,,,14,2,2,2,24,17,300,420,4,5
6787,,,6,2,2,3,68,59,0,300,4,5
6788,,,15,1,2,3,35,41,300,600,1,5
6789,,,11,1,2,3,48,10,300,600,1,5
6790,,,3,1,2,2,30,32,300,600,4,5
6791,,,15,1,2,3,2,46,420,540,2,5
6792,,,13,1,2,1,63,50,300,600,3,5
6793,,,10,1,2,2,73,73,420,540,4,5
6794,,,4,2,2,1,77,68,60,180,3,5
6795,,,15,1,2,2,65,94,300,600,3,5
6796,,,4,1,2,2,14,38,300,600,3,5
6797,,,6,1,2,3,71,3,420,540,2,5
6798,,,5,2,2,3,49,13,0,300,1,5
6799,,,11,1,2,2,72,46,300,600,2,5
6800,,,15,1,2,1,84,23,300,600,3,5
6801,,,11,1,2,3,40,9,420,540,1,5
6802,,,8,1,2,3,26,66,300,600,2,5
6803,,,14,1,2,1,37,83,420,540,4,5
6804,,,3,1,2,3,9,79,420,540,2,5
6805,,,2,2,2,2,21,2,180,300,3,5
6806,,,13,1,2,2,30,62,300,600,3,5
6807,,,4,1,2,2,62,29,300,600,3,5
6808,,,13,2,2,2,35,33,0,300,2,5
6809,,,15,1,2,3,17,67,420,540,1,5
6810,,,4,1,2,3,78,59,420,540,1,5
6811,,,7,1,2,2,94,96,300,600,2,5
6812,,,10,1,2,2,47,44,300,600,3,5
6813,,,4,1,2,3,36,29,300,600,1,5
6814,,,5,1,2,1,4,61,300,600,2,5
6815,,,8,1,2,2,13,75,420,540,1,5
6816,,,2,2,2,3,26,50,180,300,4,5
6817,,,12,2,2,1,30,36,60,180,2,5
6818,,,7,1,2,2,49,19,420,540,4,5
6819,,,3,2,2,1,32,65,60,180,3,5
6820,,,15,1,2,1,83,85,300,600,3,5
6821,,,7,1,2,3,34,98,420,540,1,5
6822,,,15,2,2,3,49,70,420,540,2,5
6823,,,8,1,2,1,4,59,300,600,1,5
6824,,,8,2,2,2,49,88,300,600,2,5
6825,,,9,1,2,3,14,17,420,540,1,5
6826,,,15,1,2,3,77,56,420,540,2,5
6827,,,11,1,2,2,70,81,420,540,2,5
6828,,,11,1,2,3,53,99,300,600,4,5
6829,,,14,1,2,2,64,53,420,540,3,5
6830,,,11,2,2,3,27,51,180,300,3,5
6831,,,14,2,2,2,7,96,300,600,1,5
6832,,,3,1,2,1,86,47,300,600,2,5
6833,,,4,1,2,3,27,87,300,600,3,5
6834,,,14,1,2,1,31,16,420,540,4,5
6835,,,14,2,2,1,85,40,180,300,1,5
6836,,,9,1,2,2,94,97,420,540,2,5
6837,,,6,2,2,1,98,99,300,420,1,5
6838,,,3,1,2,3,12,30,420,540,4,5
6839,,,2,2,2,2,56,83,300,420,2,5
6840,,,5,1,2,3,7,24,420,540,2,5
6841,,,11,1,2,1,97,88,420,540,4,5
6842,,,14,1,2,3,13,81,300,600,3,5
6843,,,6,1,2,2,36,50,300,600,4,5
6844,,,6,1,2,1,7,65,300,600,1,5
6845,,,12,2,2,1,77,30,60,180,1,5
6846,,,14,1,2,2,36,4,300,600,1,5
6847,,,9,1,2,1,86,26,300,600,3,5
6848,,,13,2,2,3,16,28,60,180,1,5
6849,,,12,2,2,3,0,56,420,540,1,5
6850,,,3,1,2,1,48,96,300,600,4,5
6851,,,13,2,2,1,52,16,180,300,1,5
6852,,,3,2,2,2,9,85,60,180,3,5
6853,,,14,1,2,3,79,55,420,540,4,5
6854,,,13,2,2,3,10,63,0,300,3,5
6855,,,11,1,2,3,90,23,420,540,1,5
6856,,,11,1,2,1,80,63,300,600,2,5
6857,,,3,1,2,2,94,88,420,540,1,5
6858,,,13,1,2,3,76,23,300,600,1,5
6859,,,4,1,2,2,22,53,420,540,1,5
6860,,,14,1,2,3,7,36,420,540,4,5
6861,,,9,1,2,2,20,39,420,540,2,5
6862,,,13,1,2,3,92,57,300,600,1,5
6863,,,13,2,2,3,0,84,420,540,2,5
6864,,,4,2,2,2,48,54,60,180,1,5
6865,,,5,1,2,2,40,18,420,540,4,5
6866,,,14,1,2,2,38,27,420,540,4,5
6867,,,9,1,2,3,19,21,420,540,2,5
6868,,,14,2,2,2,59,21,180,300,3,5
6869,,,10,1,2,2,96,65,300,600,2,5
6870,,,5,1,2,2,2,66,300,600,3,5
6871,,,2,2,2,1,2,91,0,300,2,5
6872,,,4,1,2,2,81,89,300,600,4,5
6873,,,5,2,2,3,18,96,420,540,1,5
6874,,,13,1,2,3,26,23,300,600,3,5
6875,,,11,1,2,3,78,80,420,540,2,5
6876,,,8,1,2,3,53,46,420,540,4,5
6877,,,8,2,2,3,96,49,0,300,3,5
6878,,,14,1,2,1,66,46,300,600,3,5
6879,,,8,1,2,2,81,36,300,600,1,5
6880,,,7,1,2,2,5,86,300,600,1,5
6881,,,11,1,2,2,89,19,300,600,1,5
6882,,,12,2,2,1,3,64,0,300,2,5
6883,,,13,1,2,2,98,22,420,540,4,5
6884,,,15,2,2,2,52,77,0,300,4,5
6885,,,8,2,2,3,72,8,180,300,4,5
6886,,,5,2,2,2,86,2,180,300,3,5
6887,,,11,2,2,3,31,78,180,300,1,5
6888,,,5,1,2,2,59,72,420,540,2,5
6889,,,9,1,2,3,90,59,420,540,1,5
6890,,,6,1,2,2,38,28,300,600,1,5
6891,,,15,1,2,2,53,83,420,540,2,5
6892,,,13,2,2,2,80,6,180,300,2,5
6893,,,11,1,2,2,43,15,300,600,4,5
6894,,,4,1,2,3,69,63,420,540,4,5
6895,,,8,1,2,2,24,0,420,540,3,5
6896,,,10,1,2,1,3,84,300,600,3,5
6897,,,5,2,2,1,69,79,180,300,4,5
6898,,,11,1,2,1,88,79,300,600,4,5
6899,,,2,1,2,3,77,97,420,540,2,5
6900,,,13,2,2,1,95,93,300,420,2,5
6901,,,2,2,2,3,79,62,60,180,1,5
6902,,,11,1,2,3,85,87,300,600,1,5
6903,,,10,2,2,2,100,49,60,180,4,5
6904,,,9,2,2,3,14,50,60,180,3,5
6905,,,15,1,2,2,41,82,420,540,4,5
6906,,,13,2,2,2,28,43,420,540,1,5
6907,,,15,1,2,3,38,42,420,540,1,5
6908,,,4,1,2,2,31,6,420,540,2,5
6909,,,5,1,2,3,24,94,300,600,3,5
6910,,,14,1,2,1,31,97,300,600,4,5
6911,,,6,1,2,3,13,59,420,540,2,5
6912,,,8,1,2,2,19,22,300,600,4,5
6913,,,10,2,2,3,59,92,420,540,4,5
6914,,,10,1,2,1,68,14,420,540,4,5
6915,,,4,1,2,2,47,98,300,600,1,5
6916,,,5,1,2,1,70,2,300,600,3,5
6917,,,10,1,2,2,15,68,420,540,4,5
6918,,,13,1,2,1,26,61,300,600,2,5
6919,,,13,1,2,1,50,70,420,540,3,5
6920,,,7,2,2,3,52,57,300,600,2,5
6921,,,3,2,2,1,54,97,300,420,4,5
6922,,,4,2,2,2,84,27,180,300,1,5
6923,,,11,1,2,3,21,84,300,600,4,5
6924,,,10,2,2,2,48,66,420,540,4,5
6925,,,12,1,2,2,29,51,300,600,2,5
6926,,,11,1,2,2,90,16,420,540,3,5
6927,,,3,2,2,1,6,11,300,600,3,5
6928,,,13,2,2,3,64,94,300,420,2,5
6929,,,12,1,2,3,7,14,300,600,4,5
6930,,,3,2,2,1,73,56,0,300,3,5
6931,,,6,1,2,3,87,99,420,540,1,5
6932,,,9,1,2,2,67,22,300,600,3,5
6933,,,7,1,2,2,62,96,300,600,3,5
6934,,,3,1,2,1,94,7,300,600,2,5
6935,,,14,1,2,2,70,100,300,600,1,5
6936,,,5,1,2,1,69,49,420,540,2,5
6937,,,11,1,2,3,52,5,420,540,3,5
6938,,,8,2,2,2,58,65,60,180,2,5
6939,,,3,1,2,3,33,82,420,540,2,5
6940,,,5,2,2,1,98,73,180,300,2,5
6941,,,15,1,2,3,91,13,300,600,1,5
6942,,,12,1,2,3,65,99,420,540,1,5
6943,,,10,2,2,2,81,23,300,600,3,5
6944,,,5,1,2,1,38,72,420,540,1,5
6945,,,14,1,2,3,1,2,420,540,4,5
6946,,,11,1,2,3,67,98,420,540,3,5
6947,,,15,1,2,3,75,52,300,600,3,5
6948,,,4,1,2,2,25,44,300,600,2,5
6949,,,13,1,2,3,28,67,300,600,1,5
6950,,,6,1,2,2,47,52,300,600,2,5
6951,,,6,1,2,2,28,99,300,600,1,5
6952,,,5,2,2,2,67,99,60,180,1,5
6953,,,2,1,2,3,29,56,420,540,1,5
6954,,,4,1,2,1,84,83,420,540,4,5
6955,,,11,1,2,3,79,79,420,540,1,5
6956,,,7,1,2,2,31,65,300,600,2,5
6957,,,3,1,2,1,13,45,420,540,1,5
6958,,,13,1,2,1,22,46,420,540,3,5
6959,,,3,1,2,3,91,93,300,600,1,5
6960,,,15,1,2,2,89,93,420,540,3,5
6961,,,4,1,2,2,70,39,420,540,4,5
6962,,,14,1,2,2,63,14,300,600,2,5
6963,,,3,2,2,3,50,60,180,300,1,5
6964,,,4,1,2,1,71,32,420,540,2,5
6965,,,15,1,2,2,66,42,300,600,1,5
6966,,,6,1,2,1,22,96,300,600,2,5
6967,,,13,1,2,1,15,42,300,600,3,5
6968,,,13,1,2,3,63,1,420,540,2,5
6969,,,14,1,2,2,0,72,300,600,2,5
6970,,,4,1,2,3,42,36,420,540,2,5
6971,,,6,1,2,2,2,11,300,600,3,5
6972,,,11,1,2,1,7,70,420,540,4,5
6973,,,9,1,2,3,28,79,300,600,3,5
6974,,,5,1,2,3,8,72,420,540,2,5
6975,,,9,1,2,1,33,37,300,600,1,5
6976,,,5,1,2,3,28,25,420,540,4,5
6977,,,12,1,2,3,82,0,420,540,2,5
6978,,,9,1,2,3,70,91,300,600,3,5
6979,,,13,2,2,3,87,28,420,540,1,5
6980,,,4,1,2,2,2,50,300,600,4,5
6981,,,6,1,2,1,10,92,420,540,3,5
6982,,,2,1,2,1,76,25,420,540,3,5
6983,,,8,2,2,1,29,90,300,600,2,5
6984,,,13,1,2,2,59,63,420,540,3,5
6985,,,3,1,2,3,45,56,300,600,4,5
6986,,,5,2,2,3,29,94,0,300,4,5
6987,,,5,2,2,2,23,32,420,540,3,5
6988,,,12,2,2,2,54,77,0,300,4,5
6989,,,10,1,2,3,1,10,300,600,2,5
6990,,,6,1,2,3,4,93,420,540,3,5
6991,,,6,1,2,3,92,47,300,600,3,5
6992,,,9,2,2,3,67,54,420,540,1,5
6993,,,15,1,2,1,96,17,420,540,2,5
6994,,,6,1,2,3,35,49,300,600,3,5
6995,,,13,1,2,2,74,25,300,600,3,5
6996,,,7,1,2,2,41,12,420,540,4,5
6997,,,12,1,2,2,32,20,300,600,3,5
6998,,,4,2,2,2,50,70,300,600,1,5
6999,,,8,1,2,3,26,50,300,600,3,5
7000,,,9,1,2,1,96,91,420,540,1,5
7001,,,13,2,2,1,39,89,180,300,1,5
7002,,,3,1,2,2,65,37,300,600,3,5
7003,,,8,1,2,1,74,57,420,540,4,5
7004,,,5,1,2,1,1,22,300,600,1,5
7005,,,11,2,2,1,97,95,180,300,3,5
7006,,,12,1,2,1,2,94,300,600,4,5
7007,,,3,1,2,2,21,93,420,540,3,5
7008,,,12,2,2,1,45,53,180,300,3,5
7009,,,14,1,2,3,5,28,420,540,3,5
7010,,,9,1,2,2,78,84,300,600,3,5
7011,,,6,2,2,1,48,80,420,540,4,5
7012,,,11,1,2,1,2,15,300,600,1,5
7013,,,9,1,2,2,24,12,420,540,4,5
7014,,,8,1,2,2,32,82,300,600,3,5
7015,,,6,1,2,1,83,12,420,540,3,5
7016,,,2,1,2,2,99,43,300,600,3,5
7017,,,13,1,2,2,66,97,420,540,1,5
7018,,,5,1,2,2,13,55,300,600,1,5
7019,,,5,1,2,2,10,85,420,540,3,5
7020,,,7,1,2,3,73,16,300,600,2,5
7021,,,6,1,2,3,25,56,300,600,1,5
7022,,,10,2,2,3,68,92,300,600,1,5
7023,,,3,1,2,2,54,100,420,540,4,5
7024,,,14,2,2,1,2,89,180,300,1,5
7025,,,4,1,2,3,96,99,300,600,4,5
7026,,,7,1,2,1,44,91,300,600,2,5
7027,,,13,1,2,1,39,28,300,600,3,5
7028,,,6,2,2,3,21,58,300,600,4,5
7029,,,10,1,2,3,18,60,300,600,2,5
7030,,,12,2,2,1,31,67,0,300,2,5
7031,,,10,1,2,1,53,47,300,600,1,5
7032,,,7,1,2,2,79,49,420,540,4,5
7033,,,3,1,2,1,41,100,420,540,3,5
7034,,,7,1,2,2,61,59,420,540,1,5
7035,,,7,1,2,2,93,0,300,600,1,5
7036,,,15,2,2,2,24,91,420,540,4,5
7037,,,8,1,2,2,7,36,300,600,4,5
7038,,,11,1,2,1,16,53,420,540,2,5
7039,,,14,1,2,2,53,79,300,600,3,5
7040,,,4,1,2,3,62,87,420,540,4,5
7041,,,5,1,2,3,72,0,300,600,2,5
7042,,,6,2,2,3,15,9,420,540,1,5
7043,,,8,1,2,1,72,86,420,540,1,5
7044,,,15,2,2,1,33,3,420,540,3,5
7045,,,2,1,2,1,43,70,300,600,4,5
7046,,,14,2,2,3,84,55,60,180,3,5
7047,,,13,2,2,1,84,71,0,300,1,5
7048,,,3,1,2,3,24,56,300,600,1,5
7049,,,8,2,2,3,88,36,0,300,1,5
7050,,,6,1,2,3,66,94,300,600,4,5
7051,,,7,2,2,2,11,33,180,300,2,5
7052,,,14,1,2,1,21,84,300,600,2,5
7053,,,14,1,2,3,32,91,420,540,2,5
7054,,,15,1,2,3,31,18,300,600,2,5
7055,,,15,1,2,2,24,9,420,540,1,5
7056,,,4,1,2,2,71,27,420,540,3,5
7057,,,11,1,2,1,4,40,420,540,4,5
7058,,,4,1,2,3,83,88,420,540,3,5
7059,,,15,2,2,3,57,87,300,600,1,5
7060,,,9,1,2,2,11,54,420,540,4,5
7061,,,5,1,2,1,92,74,300,600,2,5
7062,,,3,1,2,1,37,42,300,600,1,5
7063,,,7,1,2,2,17,37,300,600,2,5
7064,,,5,1,2,2,34,82,420,540,2,5
7065,,,6,1,2,3,59,96,300,600,3,5
7066,,,15,1,2,1,54,72,420,540,1,5
7067,,,8,2,2,1,32,66,180,300,4,5
7068,,,14,1,2,3,2,11,420,540,2,5
7069,,,14,2,2,2,49,97,300,600,4,5
7070,,,12,1,2,2,27,67,420,540,3,5
7071,,,6,1,2,2,11,82,300,600,3,5
7072,,,14,2,2,2,74,36,0,300,2,5
7073,,,5,2,2,1,77,65,0,300,2,5
7074,,,14,2,2,3,82,100,180,300,3,5
7075,,,14,1,2,3,48,15,420,540,3,5
7076,,,9,1,2,1,4,1,300,600,4,5
7077,,,15,1,2,2,21,97,420,540,3,5
7078,,,4,1,2,2,4,43,420,540,3,5
7079,,,8,2,2,3,58,45,60,180,2,5
7080,,,4,1,2,1,70,64,420,540,4,5
7081,,,4,1,2,1,50,18,420,540,2,5
7082,,,7,2,2,1,77,8,60,180,4,5
7083,,,6,1,2,2,0,0,300,600,2,5
7084,,,13,1,2,3,48,97,300,600,4,5
7085,,,9,1,2,1,26,52,420,540,1,5
7086,,,11,1,2,2,27,89,420,540,3,5
7087,,,11,1,2,2,2,70,420,540,4,5
7088,,,11,1,2,3,64,63,420,540,3,5
7089,,,16,1,2,1,92,26,300,600,1,5
7090,,,12,1,2,1,4,22,300,600,2,5
7091,,,6,1,2,2,11,81,420,540,3,5
7092,,,14,1,2,2,81,73,420,540,1,5
7093,,,14,2,2,1,26,93,420,540,2,5
7094,,,5,2,2,3,17,65,0,300,1,5
7095,,,9,1,2,3,94,11,300,600,1,5
7096,,,7,1,2,1,18,95,300,600,1,5
7097,,,6,1,2,2,73,68,420,540,2,5
7098,,,6,1,2,1,97,56,300,600,3,5
7099,,,12,1,2,2,6,46,300,600,2,5
7100,,,9,2,2,1,84,73,180,300,2,5
7101,,,11,1,2,2,83,26,420,540,2,5
7102,,,8,2,2,1,71,42,300,600,4,5
7103,,,11,2,2,3,84,8,60,180,3,5
7104,,,13,1,2,3,68,60,300,600,4,5
7105,,,10,1,2,1,76,11,420,540,1,5
7106,,,10,1,2,1,56,29,420,540,1,5
7107,,,4,2,2,3,5,30,420,540,4,5
7108,,,8,1,2,3,18,18,420,540,3,5
7109,,,2,1,2,1,36,34,420,540,4,5
7110,,,6,2,2,3,86,70,180,300,3,5
7111,,,11,2,2,1,98,77,420,540,2,5
7112,,,12,1,2,2,69,91,420,540,2,5
7113,,,12,1,2,2,60,83,300,600,1,5
7114,,,5,1,2,2,28,96,420,540,2,5
7115,,,6,2,2,1,40,89,420,540,1,5
7116,,,6,1,2,3,69,86,300,600,1,5
7117,,,15,1,2,3,91,7,420,540,2,5
7118,,,10,2,2,1,90,37,60,180,3,5
7119,,,7,1,2,1,88,15,420,540,4,5
7120,,,14,1,2,1,6,92,300,600,1,5
7121,,,2,1,2,3,38,66,420,540,2,5
7122,,,14,2,2,2,13,6,420,540,4,5
7123,,,7,2,2,3,44,16,180,300,3,5
7124,,,10,2,2,1,86,95,300,420,3,5
7125,,,7,1,2,2,86,7,300,600,2,5
7126,,,2,1,2,3,84,68,300,600,2,5
7127,,,2,1,2,3,98,95,300,600,2,5
7128,,,2,2,2,2,55,23,420,540,4,5
7129,,,7,1,2,2,96,68,300,600,4,5
7130,,,12,2,2,1,34,23,60,180,1,5
7131,,,4,1,2,3,94,88,420,540,4,5
7132,,,12,1,2,3,96,34,420,540,3,5
7133,,,15,1,2,3,95,78,300,600,3,5
7134,,,9,2,2,3,29,45,0,300,3,5
7135,,,6,2,2,1,15,98,420,540,1,5
7136,,,11,1,2,3,39,54,300,600,3,5
7137,,,15,2,2,2,40,19,300,600,4,5
7138,,,13,1,2,2,16,49,300,600,4,5
7139,,,8,1,2,1,24,71,420,540,4,5
7140,,,7,1,2,2,87,97,420,540,3,5
7141,,,11,2,2,1,56,26,60,180,1,5
7142,,,6,1,2,1,79,54,420,540,2,5
7143,,,11,2,2,2,16,79,300,420,4,5
7144,,,7,1,2,1,95,54,300,600,3,5
7145,,,13,2,2,2,53,87,0,300,2,5
7146,,,6,1,2,3,68,18,300,600,3,5
7147,,,9,1,2,2,56,73,420,540,2,5
7148,,,8,2,2,1,88,76,60,180,3,5
7149,,,7,1,2,2,95,52,300,600,3,5
7150,,,9,1,2,2,64,45,420,540,2,5
7151,,,12,1,2,3,53,63,420,540,4,5
7152,,,4,1,2,3,9,26,420,540,1,5
7153,,,6,1,2,1,28,60,420,540,3,5
7154,,,10,2,2,2,53,48,60,180,2,5
7155,,,9,1,2,1,45,6,420,540,3,5
7156,,,2,1,2,2,50,42,300,600,4,5
7157,,,15,2,2,1,80,35,300,600,3,5
7158,,,4,1,2,1,43,66,300,600,2,5
7159,,,10,1,2,1,90,10,420,540,4,5
7160,,,3,2,2,1,16,32,0,300,4,5
7161,,,13,1,2,3,95,9,420,540,3,5
7162,,,1,1,2,3,28,90,420,540,3,5
7163,,,10,1,2,1,95,87,420,540,4,5
7164,,,10,2,2,2,81,92,300,420,3,5
7165,,,5,1,2,3,91,70,300,600,4,5
7166,,,4,1,2,2,41,24,420,540,4,5
7167,,,11,1,2,2,92,87,420,540,2,5
7168,,,6,1,2,2,56,33,420,540,1,5
7169,,,10,1,2,3,4,74,300,600,4,5
7170,,,4,1,2,1,75,31,300,600,2,5
7171,,,6,1,2,2,19,58,420,540,4,5
7172,,,9,1,2,3,88,11,420,540,4,5
7173,,,8,2,2,2,9,74,420,540,1,5
7174,,,3,1,2,1,1,61,300,600,4,5
7175,,,2,1,2,3,50,53,420,540,3,5
7176,,,14,1,2,1,65,14,420,540,3,5
7177,,,3,1,2,2,70,34,300,600,1,5
7178,,,11,2,2,3,46,87,180,300,3,5
7179,,,5,1,2,1,83,56,300,600,3,5
7180,,,14,1,2,3,95,7,420,540,2,5
7181,,,7,1,2,3,80,20,300,600,3,5
7182,,,14,2,2,2,61,57,60,180,2,5
7183,,,12,1,2,1,40,96,300,600,4,5
7184,,,9,1,2,2,36,37,420,540,2,5
7185,,,9,2,2,2,6,40,300,420,4,5
7186,,,9,1,2,3,52,56,300,600,1,5
7187,,,13,2,2,3,51,65,60,180,1,5
7188,,,16,1,2,2,33,11,420,540,1,5
7189,,,11,1,2,3,98,8,420,540,4,5
7190,,,7,1,2,3,38,9,300,600,4,5
7191,,,6,1,2,3,49,63,300,600,4,5
7192,,,14,1,2,3,50,20,300,600,2,5
7193,,,9,2,2,3,59,11,60,180,1,5
7194,,,3,2,2,2,49,7,60,180,2,5
7195,,,11,1,2,1,63,84,420,540,1,5
7196,,,11,2,2,1,88,18,180,300,1,5
7197,,,9,1,2,3,38,16,420,540,2,5
7198,,,7,1,2,3,47,86,420,540,1,5
7199,,,13,1,2,2,28,88,300,600,2,5
7200,,,9,1,2,2,79,66,300,600,2,5
7201,,,3,1,2,3,64,59,300,600,1,5
7202,,,14,1,2,3,91,79,300,600,3,5
7203,,,5,1,2,2,26,57,420,540,4,5
7204,,,4,1,2,3,30,24,300,600,4,5
7205,,,12,2,2,1,70,64,180,300,4,5
7206,,,12,1,2,1,68,5,300,600,1,5
7207,,,10,1,2,3,42,9,420,540,3,5
7208,,,5,2,2,1,1,16,420,540,2,5
7209,,,16,1,2,3,13,95,420,540,3,5
7210,,,6,2,2,2,44,30,0,300,3,5
7211,,,14,2,2,1,39,39,0,300,4,5
7212,,,3,2,2,3,60,57,0,300,3,5
7213,,,7,1,2,2,44,26,300,600,2,5
7214,,,9,1,2,3,36,68,420,540,3,5
7215,,,5,1,2,1,39,94,300,600,1,5
7216,,,12,1,2,1,5,16,420,540,2,5
7217,,,8,2,2,1,17,91,420,540,2,5
7218,,,6,1,2,3,43,91,420,540,2,5
7219,,,12,2,2,3,88,20,0,300,1,5
7220,,,11,1,2,3,50,81,420,540,4,5
7221,,,6,1,2,2,10,87,420,540,1,5
7222,,,10,1,2,3,4,74,420,540,2,5
7223,,,6,1,2,2,6,38,300,600,1,5
7224,,,14,1,2,1,88,25,420,540,3,5
7225,,,14,1,2,2,25,19,420,540,3,5
7226,,,12,1,2,2,47,42,300,600,4,5
7227,,,14,1,2,2,60,3,420,540,3,5
7228,,,11,2,2,2,82,4,180,300,1,5
7229,,,6,1,2,2,66,50,420,540,2,5
7230,,,5,1,2,3,36,78,300,600,1,5
7231,,,4,1,2,3,80,23,300,600,4,5
7232,,,2,2,2,1,18,62,180,300,2,5
7233,,,13,1,2,2,88,36,420,540,3,5
7234,,,7,2,2,1,99,15,0,300,3,5
7235,,,10,2,2,3,24,74,60,180,4,5
7236,,,4,1,2,3,60,22,420,540,4,5
7237,,,13,1,2,3,95,79,420,540,2,5
7238,,,3,1,2,2,79,20,300,600,2,5
7239,,,12,1,2,1,76,65,300,600,4,5
7240,,,10,1,2,3,51,38,420,540,4,5
7241,,,5,1,2,1,31,85,420,540,4,5
7242,,,11,1,2,2,94,85,420,540,3,5
7243,,,11,1,2,1,64,82,300,600,3,5
7244,,,4,2,2,3,38,84,60,180,2,5
7245,,,6,1,2,1,38,0,420,540,4,5
7246,,,3,1,2,3,99,12,420,540,1,5
7247,,,8,1,2,2,31,4,420,540,1,5
7248,,,9,1,2,1,41,98,420,540,2,5
7249,,,6,2,2,2,4,68,60,180,2,5
7250,,,10,1,2,1,25,19,420,540,1,5
7251,,,14,1,2,2,93,52,300,600,2,5
7252,,,12,1,2,3,8,5,420,540,4,5
7253,,,12,1,2,3,53,36,300,600,2,5
7254,,,15,1,2,3,74,99,420,540,3,5
7255,,,13,1,2,2,91,12,300,600,4,5
7256,,,10,2,2,1,30,22,0,300,3,5
7257,,,9,1,2,2,14,83,420,540,2,5
7258,,,15,2,2,2,48,76,180,300,3,5
7259,,,14,1,2,2,60,26,420,540,2,5
7260,,,3,1,2,1,25,23,420,540,1,5
7261,,,8,1,2,3,43,47,420,540,3,5
7262,,,12,1,2,1,37,34,420,540,4,5
7263,,,7,2,2,2,62,87,300,600,2,5
7264,,,13,1,2,1,31,32,300,600,2,5
7265,,,5,2,2,2,16,59,0,300,2,5
7266,,,8,2,2,3,6,23,180,300,4,5
7267,,,5,1,2,3,13,40,420,540,2,5
7268,,,11,1,2,2,86,42,300,600,2,5
7269,,,13,1,2,3,63,11,420,540,1,5
7270,,,3,1,2,3,24,27,300,600,3,5
7271,,,2,1,2,1,72,90,420,540,1,5
7272,,,3,1,2,2,96,20,420,540,1,5
7273,,,4,1,2,2,3,64,300,600,4,5
7274,,,9,2,2,1,46,96,300,600,2,5
7275,,,12,1,2,2,49,19,420,540,2,5
7276,,,14,2,2,1,53,46,60,180,2,5
7277,,,9,1,2,1,51,22,420,540,2,5
7278,,,8,2,2,1,38,86,420,540,1,5
7279,,,9,1,2,2,7,40,420,540,3,5
7280,,,9,2,2,2,57,57,0,300,2,5
7281,,,11,2,2,1,57,13,60,180,2,5
7282,,,15,1,2,1,51,84,300,600,1,5
7283,,,4,2,2,1,46,72,60,180,4,5
7284,,,12,1,2,2,70,19,420,540,4,5
7285,,,7,1,2,3,86,39,300,600,2,5
7286,,,14,1,2,3,66,96,420,540,1,5
7287,,,9,1,2,1,8,13,420,540,4,5
7288,,,7,1,2,2,29,30,420,540,1,5
7289,,,12,1,2,1,85,8,420,540,1,5
7290,,,12,1,2,1,49,94,420,540,4,5
7291,,,8,2,2,3,79,88,0,300,1,5
7292,,,15,1,2,2,82,78,420,540,1,5
7293,,,10,1,2,2,89,92,420,540,3,5
7294,,,12,1,2,1,82,6,420,540,3,5
7295,,,9,1,2,1,87,67,300,600,4,5
7296,,,6,1,2,3,23,59,300,600,4,5
7297,,,4,1,2,1,40,41,300,600,1,5
7298,,,6,1,2,2,27,76,300,600,1,5
7299,,,12,1,2,3,98,85,420,540,1,5
7300,,,3,1,2,1,100,95,300,600,4,5
7301,,,13,1,2,2,77,29,420,540,3,5
7302,,,7,1,2,2,20,50,420,540,4,5
7303,,,3,1,2,1,59,88,300,600,1,5
7304,,,2,1,2,3,80,61,420,540,4,5
7305,,,13,2,2,1,48,50,300,420,3,5
7306,,,11,1,2,1,50,99,420,540,1,5
7307,,,12,1,2,1,73,31,420,540,3,5
7308,,,9,2,2,3,18,67,420,540,1,5
7309,,,5,1,2,2,22,50,300,600,1,5
7310,,,6,1,2,3,91,97,300,600,2,5
7311,,,4,2,2,1,59,45,60,180,3,5
7312,,,4,1,2,1,39,52,300,600,2,5
7313,,,7,2,2,3,21,80,60,180,3,5
7314,,,14,1,2,2,11,42,300,600,3,5
7315,,,9,2,2,3,99,52,0,300,2,5
7316,,,13,1,2,1,89,55,300,600,4,5
7317,,,15,2,2,2,1,44,60,180,3,5
7318,,,2,2,2,3,13,97,0,300,4,5
7319,,,3,1,2,3,48,11,300,600,4,5
7320,,,10,1,2,1,40,61,420,540,2,5
7321,,,5,2,2,2,77,95,180,300,1,5
7322,,,11,1,2,2,100,75,300,600,3,5
7323,,,13,1,2,1,35,6,300,600,4,5
7324,,,14,1,2,3,76,13,300,600,4,5
7325,,,16,1,2,1,26,49,420,540,4,5
7326,,,5,1,2,3,20,85,420,540,2,5
7327,,,14,1,2,3,94,3,300,600,1,5
7328,,,15,1,2,1,63,61,300,600,4,5
7329,,,14,2,2,1,18,6,180,300,3,5
7330,,,12,1,2,1,41,48,300,600,4,5
7331,,,10,1,2,3,78,45,420,540,4,5
7332,,,2,1,2,2,39,44,300,600,2,5
7333,,,14,1,2,2,57,15,300,600,4,5
7334,,,14,1,2,1,40,38,420,540,2,5
7335,,,15,1,2,2,40,12,420,540,1,5
7336,,,14,1,2,2,83,81,300,600,4,5
7337,,,10,1,2,1,56,34,300,600,4,5
7338,,,8,1,2,2,66,9,300,600,2,5
7339,,,3,1,2,3,16,38,420,540,2,5
7340,,,15,1,2,2,99,68,420,540,3,5
7341,,,2,2,2,3,46,27,0,300,3,5
7342,,,2,1,2,2,66,67,300,600,1,5
7343,,,5,1,2,2,75,43,420,540,2,5
7344,,,3,1,2,2,62,60,300,600,2,5
7345,,,8,1,2,3,23,64,420,540,3,5
7346,,,2,1,2,3,41,75,300,600,1,5
7347,,,12,2,2,3,73,87,300,420,1,5
7348,,,13,2,2,2,15,42,420,540,4,5
7349,,,9,1,2,3,90,87,420,540,1,5
7350,,,6,1,2,1,92,49,300,600,4,5
7351,,,13,1,2,2,9,72,420,540,1,5
7352,,,10,1,2,1,74,79,420,540,1,5
7353,,,15,2,2,2,67,35,180,300,2,5
7354,,,8,1,2,2,25,60,300,600,3,5
7355,,,2,2,2,1,76,2,0,300,1,5
7356,,,12,1,2,3,21,1,300,600,4,5
7357,,,14,2,2,2,37,14,180,300,3,5
7358,,,12,1,2,1,0,63,420,540,4,5
7359,,,8,1,2,1,22,43,420,540,1,5
7360,,,7,1,2,3,53,22,420,540,3,5
7361,,,7,2,2,1,8,80,180,300,2,5
7362,,,14,1,2,2,4,9,300,600,3,5
7363,,,12,1,2,2,17,42,420,540,2,5
7364,,,4,2,2,3,41,38,420,540,4,5
7365,,,10,1,2,1,4,11,300,600,2,5
7366,,,7,1,2,1,36,70,420,540,1,5
7367,,,7,2,2,2,35,84,0,300,3,5
7368,,,15,1,2,3,20,51,420,540,1,5
7369,,,15,1,2,1,53,93,420,540,4,5
7370,,,14,1,2,3,76,77,420,540,2,5
7371,,,13,1,2,2,61,71,300,600,2,5
7372,,,3,2,2,3,11,11,420,540,2,5
7373,,,10,1,2,3,57,45,420,540,3,5
7374,,,13,2,2,3,22,93,0,300,1,5
7375,,,7,1,2,2,73,66,420,540,3,5
7376,,,8,1,2,1,0,87,420,540,1,5
7377,,,4,1,2,1,70,97,420,540,2,5
7378,,,12,1,2,1,2,63,300,600,2,5
7379,,,14,1,2,2,84,97,300,600,1,5
7380,,,9,2,2,1,18,2,60,180,1,5
7381,,,8,1,2,1,74,47,420,540,4,5
7382,,,7,1,2,2,7,54,300,600,4,5
7383,,,3,1,2,1,8,40,420,540,4,5
7384,,,2,1,2,1,72,24,420,540,1,5
7385,,,4,1,2,3,58,44,300,600,2,5
7386,,,12,2,2,1,55,0,60,180,4,5
7387,,,7,1,2,2,43,28,300,600,1,5
7388,,,11,1,2,2,87,34,300,600,1,5
7389,,,10,2,2,2,60,20,60,180,1,5
7390,,,13,1,2,2,89,28,300,600,1,5
7391,,,11,2,2,1,8,84,60,180,3,5
7392,,,4,1,2,1,73,18,420,540,1,5
7393,,,5,1,2,2,5,81,420,540,2,5
7394,,,13,1,2,1,39,69,300,600,2,5
7395,,,14,2,2,1,24,23,180,300,3,5
7396,,,3,1,2,1,40,70,420,540,1,5
7397,,,12,2,2,1,57,15,60,180,2,5
7398,,,7,1,2,3,55,75,420,540,1,5
7399,,,14,1,2,2,56,28,300,600,4,5
7400,,,13,2,2,3,29,57,420,540,1,5
7401,,,9,1,2,3,71,97,420,540,2,5
7402,,,5,2,2,2,44,26,60,180,2,5
7403,,,7,2,2,3,88,53,300,420,2,5
7404,,,5,2,2,1,50,44,300,600,3,5
7405,,,7,1,2,3,1,74,420,540,4,5
7406,,,3,1,2,1,79,50,420,540,4,5
7407,,,5,1,2,2,61,47,300,600,4,5
7408,,,2,1,2,2,72,52,300,600,3,5
7409,,,7,1,2,1,42,89,420,540,1,5
7410,,,11,1,2,3,20,97,420,540,3,5
7411,,,6,1,2,1,85,34,420,540,3,5
7412,,,13,1,2,2,18,99,420,540,4,5
7413,,,3,1,2,3,39,51,300,600,3,5
7414,,,12,1,2,1,16,99,300,600,1,5
7415,,,7,1,2,1,19,5,300,600,3,5
7416,,,15,1,2,2,31,82,300,600,1,5
7417,,,6,2,2,2,0,62,180,300,2,5
7418,,,5,1,2,1,47,95,420,540,3,5
7419,,,14,2,2,1,8,39,180,300,2,5
7420,,,4,1,2,2,4,40,420,540,2,5
7421,,,8,1,2,1,43,91,420,540,3,5
7422,,,3,1,2,1,30,28,300,600,3,5
7423,,,11,1,2,3,18,11,300,600,2,5
7424,,,10,1,2,3,96,32,420,540,4,5
7425,,,14,1,2,3,85,8,300,600,3,5
7426,,,7,2,2,1,52,68,0,300,2,5
7427,,,8,1,2,1,94,36,420,540,2,5
7428,,,16,1,2,3,96,20,420,540,4,5
7429,,,10,1,2,3,19,26,300,600,1,5
7430,,,10,1,2,3,4,80,300,600,4,5
7431,,,12,1,2,2,0,8,300,600,4,5
7432,,,5,1,2,1,55,54,420,540,4,5
7433,,,12,1,2,3,66,93,420,540,3,5
7434,,,11,1,2,1,22,33,420,540,4,5
7435,,,12,1,2,2,84,74,420,540,2,5
7436,,,9,1,2,1,78,94,300,600,1,5
7437,,,10,1,2,3,96,54,420,540,1,5
7438,,,13,1,2,2,3,46,420,540,1,5
7439,,,13,2,2,3,25,18,180,300,1,5
7440,,,13,2,2,3,64,19,420,540,4,5
7441,,,14,1,2,2,100,13,420,540,1,5
7442,,,8,1,2,1,28,28,300,600,2,5
7443,,,12,1,2,2,11,72,420,540,3,5
7444,,,1,1,2,3,42,88,300,600,3,5
7445,,,2,1,2,1,18,9,420,540,3,5
7446,,,13,1,2,3,57,71,420,540,2,5
7447,,,7,1,2,3,84,46,420,540,4,5
7448,,,3,1,2,3,69,88,300,600,2,5
7449,,,8,2,2,3,11,95,0,300,3,5
7450,,,9,1,2,2,92,96,420,540,1,5
7451,,,4,2,2,1,11,61,180,300,3,5
7452,,,6,1,2,1,65,15,300,600,2,5
7453,,,10,1,2,2,16,23,300,600,3,5
7454,,,15,1,2,2,16,30,300,600,1,5
7455,,,8,1,2,2,0,7,300,600,4,5
7456,,,8,1,2,1,0,99,420,540,1,5
7457,,,11,1,2,3,72,77,300,600,1,5
7458,,,14,1,2,2,46,33,300,600,2,5
7459,,,11,1,2,2,65,92,420,540,1,5
7460,,,13,2,2,2,89,82,180,300,2,5
7461,,,6,1,2,2,76,21,420,540,3,5
7462,,,4,1,2,1,29,16,420,540,1,5
7463,,,3,2,2,1,53,30,420,540,2,5
7464,,,15,2,2,1,30,37,300,420,2,5
7465,,,9,1,2,1,6,35,420,540,1,5
7466,,,5,1,2,3,33,77,420,540,2,5
7467,,,14,2,2,3,32,15,60,180,4,5
7468,,,4,2,2,2,26,43,300,600,2,5
7469,,,8,1,2,1,55,64,300,600,1,5
7470,,,10,1,2,2,88,63,420,540,1,5
7471,,,8,1,2,1,81,51,420,540,2,5
7472,,,14,1,2,1,5,10,300,600,3,5
7473,,,5,1,2,1,77,77,300,600,3,5
7474,,,2,2,2,2,85,34,0,300,1,5
7475,,,1,1,2,1,55,79,300,600,4,5
7476,,,7,1,2,2,41,25,420,540,2,5
7477,,,2,2,2,2,92,85,300,600,2,5
7478,,,8,1,2,2,60,31,300,600,4,5
7479,,,15,2,2,1,46,87,0,300,1,5
7480,,,7,1,2,1,44,70,300,600,2,5
7481,,,13,1,2,1,73,11,300,600,4,5
7482,,,12,1,2,2,66,2,420,540,2,5
7483,,,5,1,2,2,98,36,420,540,4,5
7484,,,9,1,2,2,11,80,300,600,3,5
7485,,,14,1,2,2,59,11,420,540,4,5
7486,,,1,1,2,3,100,71,420,540,4,5
7487,,,14,2,2,2,83,73,300,420,3,5
7488,,,7,1,2,2,55,39,300,600,3,5
7489,,,13,1,2,3,32,43,420,540,1,5
7490,,,16,1,2,3,45,35,420,540,1,5
7491,,,12,2,2,1,0,3,60,180,3,5
7492,,,1,1,2,1,0,27,300,600,1,5
7493,,,16,2,2,3,94,86,0,300,2,5
7494,,,2,1,2,1,28,10,300,600,3,5
7495,,,11,1,2,1,9,3,300,600,4,5
7496,,,11,1,2,1,82,22,300,600,1,5
7497,,,11,1,2,3,70,16,300,600,1,5
7498,,,13,2,2,3,9,71,300,420,4,5
7499,,,3,2,2,1,81,45,420,540,3,5
7500,,,3,2,2,2,36,95,60,180,4,5
7501,,,6,1,2,1,29,24,420,540,3,5
7502,,,7,1,2,2,35,99,420,540,4,5
7503,,,5,1,2,1,58,78,300,600,4,5
7504,,,11,1,2,3,1,76,300,600,1,5
7505,,,6,1,2,3,10,9,300,600,2,5
7506,,,14,1,2,1,64,61,420,540,3,5
7507,,,8,1,2,2,54,12,420,540,2,5
7508,,,4,1,2,1,69,16,420,540,2,5
7509,,,2,2,2,1,95,78,180,300,4,5
7510,,,8,2,2,1,47,15,60,180,1,5
7511,,,12,1,2,2,55,8,300,600,2,5
7512,,,10,1,2,1,41,95,300,600,3,5
7513,,,12,1,2,2,5,7,300,600,3,5
7514,,,2,1,2,1,10,77,300,600,4,5
7515,,,3,2,2,2,33,58,180,300,3,5
7516,,,8,1,2,1,42,61,420,540,2,5
7517,,,13,2,2,3,92,89,0,300,4,5
7518,,,12,2,2,2,26,36,300,420,4,5
7519,,,5,1,2,2,74,64,420,540,4,5
7520,,,7,1,2,3,31,43,300,600,1,5
7521,,,2,1,2,3,75,46,300,600,1,5
7522,,,7,1,2,2,45,47,420,540,4,5
7523,,,8,1,2,3,1,29,300,600,2,5
7524,,,16,2,2,2,28,30,180,300,3,5
7525,,,8,1,2,1,54,47,420,540,2,5
7526,,,11,2,2,2,53,52,60,180,1,5
7527,,,12,1,2,1,85,80,420,540,1,5
7528,,,15,1,2,2,52,93,300,600,4,5
7529,,,12,2,2,2,93,85,420,540,3,5
7530,,,2,2,2,2,75,12,60,180,1,5
7531,,,6,1,2,1,17,82,300,600,3,5
7532,,,8,1,2,3,92,98,420,540,2,5
7533,,,4,2,2,1,52,79,0,300,1,5
7534,,,15,1,2,2,62,38,420,540,4,5
7535,,,13,2,2,3,7,61,180,300,2,5
7536,,,9,2,2,1,26,92,60,180,2,5
7537,,,5,2,2,2,6,50,180,300,4,5
7538,,,2,2,2,3,54,22,420,540,1,5
7539,,,7,2,2,1,1,77,180,300,1,5
7540,,,14,2,2,3,75,62,300,600,2,5
7541,,,8,1,2,3,72,95,420,540,1,5
7542,,,8,1,2,1,30,11,300,600,2,5
7543,,,5,1,2,3,38,34,300,600,1,5
7544,,,3,1,2,1,63,53,420,540,3,5
7545,,,6,1,2,3,61,79,420,540,3,5
7546,,,8,1,2,1,69,46,420,540,4,5
7547,,,12,1,2,2,25,46,420,540,1,5
7548,,,5,1,2,1,13,17,300,600,3,5
7549,,,5,1,2,2,74,12,420,540,2,5
7550,,,6,1,2,2,35,33,420,540,2,5
7551,,,2,1,2,1,20,22,300,600,1,5
7552,,,6,1,2,3,54,16,300,600,1,5
7553,,,15,1,2,2,19,58,420,540,1,5
7554,,,5,2,2,2,92,75,420,540,2,5
7555,,,11,2,2,3,8,85,0,300,1,5
7556,,,15,1,2,1,30,46,300,600,3,5
7557,,,4,1,2,3,36,42,420,540,3,5
7558,,,8,1,2,1,30,6,420,540,4,5
7559,,,7,1,2,2,98,84,420,540,3,5
7560,,,4,1,2,1,38,23,300,600,2,5
7561,,,7,1,2,2,4,9,300,600,2,5
7562,,,3,2,2,3,42,63,180,300,4,5
7563,,,10,1,2,1,34,43,300,600,1,5
7564,,,11,1,2,3,6,15,420,540,1,5
7565,,,13,1,2,3,77,20,300,600,1,5
7566,,,5,1,2,1,37,70,300,600,2,5
7567,,,3,1,2,3,56,3,420,540,4,5
7568,,,14,1,2,3,24,39,420,540,4,5
7569,,,10,1,2,2,31,24,300,600,2,5
7570,,,11,1,2,3,29,88,300,600,2,5
7571,,,2,2,2,1,39,33,180,300,4,5
7572,,,6,1,2,2,30,34,300,600,2,5
7573,,,14,1,2,3,29,48,420,540,4,5
7574,,,13,1,2,2,26,48,420,540,2,5
7575,,,12,1,2,3,75,77,300,600,3,5
7576,,,6,1,2,3,9,100,420,540,3,5
7577,,,12,2,2,3,54,91,180,300,3,5
7578,,,13,1,2,2,10,28,420,540,1,5
7579,,,14,1,2,3,32,65,300,600,4,5
7580,,,3,1,2,3,83,94,420,540,1,5
7581,,,7,2,2,2,65,86,300,600,2,5
7582,,,14,1,2,2,96,66,300,600,3,5
7583,,,13,1,2,3,68,47,420,540,3,5
7584,,,12,2,2,2,95,12,60,180,1,5
7585,,,2,1,2,1,24,28,300,600,4,5
7586,,,9,2,2,1,62,0,300,420,3,5
7587,,,9,2,2,1,47,68,0,300,2,5
7588,,,6,2,2,3,48,88,0,300,1,5
7589,,,13,2,2,3,56,6,0,300,4,5
7590,,,2,1,2,1,41,37,420,540,1,5
7591,,,4,1,2,1,88,44,300,600,4,5
7592,,,6,1,2,1,95,82,300,600,4,5
7593,,,3,2,2,3,69,13,60,180,4,5
7594,,,13,1,2,2,14,33,420,540,3,5
7595,,,13,1,2,1,76,45,300,600,3,5
7596,,,3,2,2,3,3,45,0,300,4,5
7597,,,6,1,2,1,87,86,420,540,3,5
7598,,,14,1,2,3,3,58,420,540,4,5
7599,,,9,1,2,1,85,9,300,600,3,5
7600,,,9,1,2,1,72,86,300,600,2,5
7601,,,1,1,2,3,13,82,420,540,4,5
7602,,,6,1,2,2,71,93,420,540,4,5
7603,,,5,1,2,2,54,68,420,540,2,5
7604,,,9,1,2,1,72,22,300,600,1,5
7605,,,9,1,2,1,10,66,420,540,2,5
7606,,,7,1,2,3,1,45,420,540,4,5
7607,,,7,1,2,2,53,0,420,540,3,5
7608,,,15,1,2,2,23,49,420,540,4,5
7609,,,12,2,2,1,70,25,420,540,1,5
7610,,,14,2,2,2,67,100,60,180,3,5
7611,,,7,1,2,2,89,18,300,600,4,5
7612,,,7,1,2,3,20,19,300,600,2,5
7613,,,8,1,2,3,21,1,300,600,3,5
7614,,,16,1,2,1,87,68,300,600,3,5
7615,,,10,1,2,1,69,20,420,540,2,5
7616,,,3,1,2,1,93,68,420,540,2,5
7617,,,6,2,2,1,32,63,300,420,3,5
7618,,,11,1,2,1,32,74,420,540,2,5
7619,,,13,1,2,2,42,70,300,600,1,5
7620,,,2,1,2,1,4,4,420,540,1,5
7621,,,10,2,2,3,81,86,300,420,1,5
7622,,,9,2,2,1,38,5,300,600,3,5
7623,,,10,2,2,1,82,3,420,540,1,5
7624,,,10,2,2,3,21,84,300,600,3,5
7625,,,10,1,2,3,69,51,420,540,1,5
7626,,,10,2,2,2,12,12,300,420,4,5
7627,,,11,1,2,1,19,82,300,600,2,5
7628,,,13,1,2,1,1,32,300,600,3,5
7629,,,2,2,2,1,75,6,180,300,1,5
7630,,,13,1,2,3,50,45,420,540,3,5
7631,,,8,1,2,2,38,14,300,600,4,5
7632,,,14,1,2,3,13,67,300,600,2,5
7633,,,2,2,2,3,79,92,300,600,4,5
7634,,,5,2,2,2,56,45,300,420,2,5
7635,,,14,2,2,3,94,28,0,300,3,5
7636,,,11,1,2,2,68,36,300,600,3,5
7637,,,7,1,2,1,52,92,300,600,4,5
7638,,,2,1,2,1,92,26,300,600,1,5
7639,,,15,2,2,3,48,44,60,180,1,5
7640,,,9,2,2,2,48,29,0,300,1,5
7641,,,14,1,2,1,6,64,420,540,2,5
7642,,,15,1,2,2,72,23,300,600,2,5
7643,,,8,1,2,2,35,14,300,600,3,5
7644,,,11,1,2,3,13,62,420,540,2,5
7645,,,5,2,2,2,50,66,420,540,2,5
7646,,,15,1,2,1,41,50,300,600,3,5
7647,,,11,1,2,2,61,91,300,600,1,5
7648,,,15,1,2,2,78,81,300,600,4,5
7649,,,3,1,2,3,8,43,300,600,1,5
7650,,,9,1,2,1,28,32,420,540,1,5
7651,,,4,1,2,1,99,24,300,600,1,5
7652,,,3,1,2,2,80,61,420,540,4,5
7653,,,3,2,2,1,69,69,0,300,4,5
7654,,,2,2,2,3,12,10,0,300,2,5
7655,,,8,1,2,2,47,6,300,600,2,5
7656,,,15,2,2,3,81,34,420,540,1,5
7657,,,4,1,2,3,7,51,300,600,3,5
7658,,,12,1,2,2,23,92,300,600,2,5
7659,,,9,1,2,1,46,34,300,600,2,5
7660,,,6,1,2,3,0,8,300,600,2,5
7661,,,14,1,2,2,7,100,300,600,1,5
7662,,,7,1,2,3,81,11,300,600,4,5
7663,,,2,2,2,1,0,36,420,540,2,5
7664,,,8,1,2,2,15,7,420,540,3,5
7665,,,10,2,2,3,48,38,180,300,3,5
7666,,,9,2,2,3,82,34,300,420,4,5
7667,,,14,2,2,3,88,60,60,180,3,5
7668,,,3,1,2,1,16,51,420,540,1,5
7669,,,7,1,2,3,15,84,420,540,1,5
7670,,,2,1,2,2,80,88,300,600,3,5
7671,,,2,2,2,3,93,34,0,300,1,5
7672,,,11,1,2,1,76,27,300,600,4,5
7673,,,3,1,2,2,22,42,420,540,4,5
7674,,,7,2,2,3,62,23,0,300,3,5
7675,,,3,1,2,3,71,29,300,600,4,5
7676,,,6,1,2,2,90,17,420,540,2,5
7677,,,16,1,2,1,45,81,420,540,1,5
7678,,,13,2,2,1,8,5,300,600,1,5
7679,,,4,1,2,2,71,91,420,540,3,5
7680,,,13,1,2,3,92,56,300,600,2,5
7681,,,6,1,2,1,85,66,420,540,1,5
7682,,,2,2,2,3,54,81,420,540,1,5
7683,,,12,1,2,2,91,32,300,600,2,5
7684,,,11,1,2,3,67,78,420,540,1,5
7685,,,14,2,2,1,75,10,420,540,4,5
7686,,,10,1,2,3,17,38,420,540,1,5
7687,,,11,2,2,3,40,90,60,180,4,5
7688,,,8,1,2,1,23,5,300,600,3,5
7689,,,2,1,2,3,9,64,420,540,4,5
7690,,,2,2,2,3,79,48,60,180,3,5
7691,,,16,1,2,3,87,39,300,600,2,5
7692,,,2,1,2,2,84,23,420,540,4,5
7693,,,14,1,2,1,89,10,300,600,3,5
7694,,,9,2,2,3,31,20,300,420,4,5
7695,,,9,1,2,1,25,38,300,600,3,5
7696,,,2,2,2,3,6,49,300,600,3,5
7697,,,4,1,2,2,70,11,300,600,3,5
7698,,,15,2,2,3,11,13,180,300,4,5
7699,,,16,1,2,2,19,3,420,540,1,5
7700,,,9,1,2,2,86,12,420,540,4,5
7701,,,9,1,2,3,59,13,300,600,2,5
7702,,,4,1,2,1,11,25,300,600,2,5
7703,,,6,1,2,2,61,39,300,600,4,5
7704,,,14,1,2,1,45,63,420,540,4,5
7705,,,8,2,2,1,15,98,180,300,1,5
7706,,,7,2,2,1,94,95,180,300,3,5
7707,,,14,2,2,1,98,44,0,300,3,5
7708,,,14,1,2,3,14,63,420,540,1,5
7709,,,15,2,2,3,76,47,0,300,2,5
7710,,,15,1,2,3,45,10,420,540,3,5
7711,,,7,2,2,3,73,38,420,540,1,5
7712,,,14,1,2,2,31,39,300,600,4,5
7713,,,7,1,2,3,4,80,300,600,2,5
7714,,,14,2,2,3,40,14,300,600,4,5
7715,,,10,1,2,1,20,49,420,540,3,5
7716,,,10,1,2,1,12,58,420,540,4,5
7717,,,12,1,2,3,24,34,300,600,3,5
7718,,,7,1,2,2,0,95,420,540,4,5
7719,,,12,1,2,1,46,44,420,540,3,5
7720,,,6,1,2,2,10,1,300,600,1,5
7721,,,11,1,2,3,4,2,420,540,1,5
7722,,,8,2,2,2,70,27,0,300,3,5
7723,,,3,1,2,3,8,22,420,540,3,5
7724,,,4,1,2,3,52,64,300,600,1,5
7725,,,9,1,2,3,55,85,300,600,3,5
7726,,,15,2,2,2,60,17,60,180,3,5
7727,,,7,1,2,1,81,72,420,540,2,5
7728,,,8,2,2,1,38,8,0,300,2,5
7729,,,2,2,2,3,88,24,180,300,2,5
7730,,,14,1,2,3,9,84,300,600,4,5
7731,,,15,1,2,1,69,54,300,600,4,5
7732,,,2,2,2,3,68,23,60,180,3,5
7733,,,6,1,2,1,54,98,420,540,4,5
7734,,,14,1,2,1,8,1,420,540,1,5
7735,,,2,2,2,1,93,34,300,600,4,5
7736,,,6,2,2,2,9,35,0,300,4,5
7737,,,5,1,2,2,99,18,420,540,2,5
7738,,,13,2,2,3,25,27,420,540,4,5
7739,,,14,1,2,2,75,34,420,540,3,5
7740,,,12,1,2,1,39,4,420,540,4,5
7741,,,5,1,2,2,83,67,300,600,3,5
7742,,,4,2,2,3,22,41,180,300,3,5
7743,,,2,1,2,3,11,51,300,600,1,5
7744,,,7,2,2,3,45,45,420,540,2,5
7745,,,2,2,2,3,32,39,180,300,1,5
7746,,,12,2,2,3,53,47,0,300,2,5
7747,,,6,2,2,3,0,96,60,180,4,5
7748,,,3,1,2,2,12,99,420,540,3,5
7749,,,7,2,2,3,30,27,0,300,4,5
7750,,,4,2,2,1,30,57,420,540,1,5
7751,,,8,1,2,1,8,37,420,540,2,5
7752,,,3,2,2,2,67,76,180,300,2,5
7753,,,6,2,2,1,44,62,180,300,4,5
7754,,,11,1,2,1,52,43,300,600,3,5
7755,,,16,1,2,1,34,18,300,600,4,5
7756,,,5,1,2,3,28,42,420,540,4,5
7757,,,9,1,2,2,40,33,300,600,2,5
7758,,,4,1,2,3,57,14,420,540,2,5
7759,,,5,1,2,1,98,24,300,600,3,5
7760,,,10,1,2,3,33,34,300,600,3,5
7761,,,13,1,2,2,83,52,300,600,2,5
7762,,,1,1,2,1,20,36,420,540,4,5
7763,,,10,2,2,2,52,21,180,300,1,5
7764,,,8,2,2,2,48,17,0,300,2,5
7765,,,13,2,2,2,37,74,300,420,2,5
7766,,,9,1,2,3,6,8,300,600,1,5
7767,,,6,1,2,3,85,30,300,600,1,5
7768,,,10,1,2,1,88,50,420,540,4,5
7769,,,7,2,2,3,46,59,60,180,3,5
7770,,,6,1,2,1,60,65,420,540,4,5
7771,,,15,2,2,1,18,36,60,180,3,5
7772,,,12,1,2,3,72,98,420,540,3,5
7773,,,7,1,2,2,7,7,420,540,1,5
7774,,,12,1,2,3,79,16,300,600,2,5
7775,,,11,2,2,2,72,73,180,300,2,5
7776,,,10,1,2,3,28,42,300,600,1,5
7777,,,3,1,2,1,66,32,300,600,4,5
7778,,,8,1,2,3,47,67,300,600,1,5
7779,,,3,1,2,1,59,67,420,540,3,5
7780,,,15,1,2,2,31,59,300,600,1,5
7781,,,9,1,2,2,33,4,420,540,1,5
7782,,,5,1,2,2,94,42,420,540,3,5
7783,,,13,1,2,1,76,81,420,540,3,5
7784,,,15,1,2,2,53,5,300,600,4,5
7785,,,15,2,2,2,78,52,300,420,3,5
7786,,,5,2,2,3,75,80,60,180,1,5
7787,,,1,1,2,3,77,54,420,540,2,5
7788,,,8,1,2,3,23,17,300,600,3,5
7789,,,16,1,2,2,39,49,300,600,3,5
7790,,,15,2,2,2,57,10,60,180,2,5
7791,,,7,1,2,1,57,16,420,540,3,5
7792,,,8,2,2,2,97,44,60,180,2,5
7793,,,13,2,2,3,27,85,300,600,1,5
7794,,,10,1,2,2,54,7,300,600,2,5
7795,,,14,2,2,1,44,64,300,420,3,5
7796,,,8,1,2,1,100,28,420,540,4,5
7797,,,15,1,2,2,89,85,300,600,1,5
7798,,,9,2,2,2,2,8,0,300,3,5
7799,,,1,1,2,2,55,82,420,540,2,5
7800,,,11,2,2,2,87,18,300,420,3,5
7801,,,16,1,2,2,4,72,300,600,4,5
7802,,,13,2,2,2,32,34,180,300,2,5
7803,,,10,2,2,2,76,77,180,300,2,5
7804,,,14,1,2,1,5,12,300,600,1,5
7805,,,11,1,2,1,100,92,300,600,1,5
7806,,,6,1,2,2,67,79,420,540,2,5
7807,,,12,1,2,2,68,25,300,600,2,5
7808,,,2,1,2,2,27,47,420,540,2,5
7809,,,12,2,2,2,94,66,180,300,3,5
7810,,,5,1,2,2,10,97,300,600,2,5
7811,,,3,1,2,2,9,84,420,540,3,5
7812,,,11,2,2,1,2,4,180,300,2,5
7813,,,5,1,2,3,78,67,300,600,1,5
7814,,,7,1,2,2,42,78,300,600,3,5
7815,,,14,2,2,2,55,88,300,600,3,5
7816,,,11,1,2,1,14,4,300,600,3,5
7817,,,5,1,2,3,98,53,420,540,3,5
7818,,,10,2,2,2,87,91,60,180,1,5
7819,,,12,2,2,1,75,82,180,300,2,5
7820,,,11,1,2,2,89,52,420,540,1,5
7821,,,3,1,2,1,57,41,420,540,1,5
7822,,,3,1,2,2,39,68,420,540,4,5
7823,,,12,1,2,3,42,98,300,600,2,5
7824,,,4,1,2,2,31,61,420,540,1,5
7825,,,11,1,2,3,26,5,300,600,1,5
7826,,,12,1,2,2,7,56,420,540,4,5
7827,,,9,1,2,2,39,26,300,600,4,5
7828,,,2,2,2,3,42,64,0,300,1,5
7829,,,3,1,2,1,81,81,420,540,1,5
7830,,,7,1,2,1,27,19,420,540,3,5
7831,,,10,2,2,1,48,99,300,420,2,5
7832,,,7,2,2,3,5,35,180,300,3,5
7833,,,10,1,2,3,76,99,300,600,1,5
7834,,,4,1,2,3,6,87,420,540,2,5
7835,,,5,2,2,1,97,50,0,300,3,5
7836,,,5,1,2,2,36,43,420,540,1,5
7837,,,3,2,2,3,58,92,0,300,1,5
7838,,,10,1,2,3,36,28,420,540,3,5
7839,,,14,2,2,1,17,37,300,420,1,5
7840,,,4,1,2,2,78,83,420,540,2,5
7841,,,12,1,2,3,95,37,420,540,4,5
7842,,,5,2,2,1,91,92,0,300,4,5
7843,,,3,1,2,3,24,78,420,540,3,5
7844,,,4,2,2,3,7,35,60,180,4,5
7845,,,11,1,2,2,51,46,420,540,2,5
7846,,,13,2,2,2,88,66,300,420,3,5
7847,,,10,1,2,3,44,61,420,540,3,5
7848,,,8,1,2,3,41,29,420,540,2,5
7849,,,7,1,2,2,27,84,300,600,1,5
7850,,,3,1,2,3,24,3,300,600,2,5
7851,,,7,2,2,1,78,30,0,300,3,5
7852,,,8,1,2,3,69,15,420,540,2,5
7853,,,2,1,2,2,30,75,300,600,2,5
7854,,,6,1,2,1,88,93,420,540,1,5
7855,,,12,1,2,3,33,74,420,540,2,5
7856,,,8,1,2,2,64,99,420,540,1,5
7857,,,2,1,2,1,46,94,420,540,4,5
7858,,,8,1,2,3,48,96,300,600,4,5
7859,,,13,2,2,1,41,21,180,300,2,5
7860,,,13,1,2,2,40,61,420,540,3,5
7861,,,2,1,2,3,100,31,420,540,2,5
7862,,,3,1,2,2,3,62,420,540,3,5
7863,,,14,2,2,2,84,85,420,540,3,5
7864,,,8,1,2,3,6,66,300,600,1,5
7865,,,8,2,2,3,8,59,0,300,1,5
7866,,,9,1,2,3,18,13,420,540,3,5
7867,,,4,1,2,3,26,100,420,540,2,5
7868,,,10,1,2,3,40,41,420,540,2,5
7869,,,7,1,2,2,49,99,300,600,2,5
7870,,,7,1,2,1,85,50,420,540,3,5
7871,,,3,1,2,2,43,53,420,540,1,5
7872,,,8,2,2,2,15,7,180,300,4,5
7873,,,12,1,2,2,58,85,420,540,2,5
7874,,,3,1,2,2,93,17,420,540,4,5
7875,,,1,1,2,2,35,63,420,540,2,5
7876,,,8,1,2,3,32,78,420,540,4,5
7877,,,12,2,2,1,96,100,420,540,4,5
7878,,,7,2,2,2,41,88,180,300,2,5
7879,,,14,2,2,1,18,64,180,300,1,5
7880,,,6,1,2,2,19,71,300,600,3,5
7881,,,13,2,2,3,58,19,60,180,4,5
7882,,,10,1,2,3,14,20,420,540,4,5
7883,,,12,1,2,1,71,96,300,600,2,5
7884,,,10,1,2,1,48,98,420,540,3,5
7885,,,10,1,2,2,63,57,420,540,2,5
7886,,,12,1,2,2,98,42,420,540,1,5
7887,,,9,2,2,3,16,26,0,300,3,5
7888,,,5,1,2,1,92,66,300,600,4,5
7889,,,9,1,2,3,51,2,420,540,4,5
7890,,,1,1,2,2,42,15,300,600,4,5
7891,,,8,2,2,2,57,7,420,540,2,5
7892,,,6,1,2,2,46,12,300,600,2,5
7893,,,4,1,2,1,19,25,420,540,3,5
7894,,,7,1,2,2,82,47,420,540,1,5
7895,,,4,2,2,1,89,11,60,180,4,5
7896,,,6,2,2,2,71,72,180,300,3,5
7897,,,14,1,2,2,55,2,300,600,1,5
7898,,,5,1,2,3,83,13,300,600,2,5
7899,,,1,1,2,1,98,73,420,540,1,5
7900,,,12,1,2,2,0,70,420,540,2,5
7901,,,9,1,2,3,88,17,420,540,2,5
7902,,,7,1,2,1,88,51,420,540,2,5
7903,,,13,1,2,2,17,6,300,600,4,5
7904,,,5,1,2,2,83,27,420,540,3,5
7905,,,12,1,2,2,87,46,420,540,2,5
7906,,,10,1,2,2,92,62,300,600,2,5
7907,,,9,2,2,2,93,30,180,300,2,5
7908,,,12,1,2,1,41,9,420,540,3,5
7909,,,3,1,2,3,86,55,420,540,2,5
7910,,,9,1,2,1,13,63,420,540,3,5
7911,,,15,1,2,2,0,18,300,600,1,5
7912,,,3,1,2,2,19,89,300,600,2,5
7913,,,4,2,2,3,13,50,420,540,1,5
7914,,,16,1,2,1,87,42,300,600,3,5
7915,,,12,1,2,3,24,24,420,540,1,5
7916,,,15,2,2,1,85,19,180,300,1,5
7917,,,10,1,2,3,13,42,420,540,3,5
7918,,,10,2,2,2,3,86,300,420,1,5
7919,,,12,1,2,1,43,94,420,540,1,5
7920,,,11,1,2,1,13,45,420,540,1,5
7921,,,9,2,2,3,25,88,300,600,4,5
7922,,,13,1,2,2,19,60,300,600,2,5
7923,,,15,1,2,1,96,29,420,540,1,5
7924,,,14,1,2,3,87,99,300,600,3,5
7925,,,6,2,2,1,33,93,0,300,2,5
7926,,,9,2,2,1,82,31,180,300,3,5
7927,,,4,1,2,1,97,4,420,540,3,5
7928,,,5,2,2,2,34,52,60,180,4,5
7929,,,3,2,2,3,25,3,0,300,2,5
7930,,,4,2,2,3,12,82,180,300,2,5
7931,,,7,1,2,3,45,84,420,540,3,5
7932,,,7,1,2,2,79,79,420,540,1,5
7933,,,4,1,2,2,70,27,420,540,1,5
7934,,,14,1,2,1,73,54,420,540,2,5
7935,,,10,1,2,3,2,100,300,600,3,5
7936,,,2,1,2,2,67,100,300,600,3,5
7937,,,15,2,2,1,55,33,60,180,2,5
7938,,,12,1,2,2,97,20,300,600,2,5
7939,,,8,1,2,1,64,74,300,600,4,5
7940,,,14,2,2,3,13,98,420,540,2,5
7941,,,4,2,2,1,35,70,420,540,2,5
7942,,,16,1,2,1,3,64,300,600,2,5
7943,,,16,1,2,2,11,50,420,540,1,5
7944,,,12,2,2,2,32,80,0,300,1,5
7945,,,10,1,2,1,89,66,420,540,2,5
7946,,,10,1,2,2,82,36,300,600,3,5
7947,,,13,2,2,3,32,86,0,300,2,5
7948,,,3,1,2,1,56,35,420,540,1,5
7949,,,10,2,2,2,98,1,0,300,2,5
7950,,,2,1,2,2,59,4,420,540,1,5
7951,,,2,2,2,3,10,30,0,300,3,5
7952,,,16,1,2,1,31,9,420,540,1,5
7953,,,14,2,2,1,90,97,180,300,4,5
7954,,,9,1,2,3,93,60,300,600,2,5
7955,,,13,1,2,1,27,14,420,540,1,5
7956,,,15,1,2,2,7,39,300,600,3,5
7957,,,11,1,2,3,65,67,300,600,1,5
7958,,,11,1,2,1,38,75,300,600,3,5
7959,,,12,1,2,2,87,19,420,540,4,5
7960,,,11,1,2,3,50,64,420,540,2,5
7961,,,14,1,2,3,1,30,300,600,2,5
7962,,,10,1,2,2,1,0,300,600,2,5
7963,,,10,1,2,3,58,2,300,600,1,5
7964,,,7,2,2,3,87,32,300,420,2,5
7965,,,5,1,2,2,6,5,420,540,3,5
7966,,,6,1,2,1,45,16,420,540,2,5
7967,,,3,1,2,2,35,77,420,540,1,5
7968,,,3,1,2,1,70,40,300,600,1,5
7969,,,11,1,2,2,77,92,420,540,3,5
7970,,,10,1,2,2,99,98,420,540,1,5
7971,,,9,1,2,2,79,96,420,540,2,5
7972,,,12,1,2,1,53,35,420,540,2,5
7973,,,5,1,2,3,17,10,300,600,2,5
7974,,,5,1,2,1,19,20,420,540,4,5
7975,,,4,2,2,2,79,82,0,300,1,5
7976,,,4,1,2,2,54,86,300,600,2,5
7977,,,10,1,2,3,85,1,300,600,1,5
7978,,,3,1,2,3,51,29,420,540,1,5
7979,,,12,2,2,1,44,86,180,300,4,5
7980,,,9,1,2,2,39,46,300,600,3,5
7981,,,9,1,2,3,52,88,300,600,2,5
7982,,,8,1,2,2,47,20,420,540,3,5
7983,,,10,1,2,2,75,31,300,600,3,5
7984,,,14,1,2,1,48,58,420,540,2,5
7985,,,15,1,2,2,92,100,300,600,4,5
7986,,,6,2,2,2,3,62,420,540,1,5
7987,,,6,1,2,2,93,73,420,540,2,5
7988,,,9,2,2,3,41,2,0,300,3,5
7989,,,5,2,2,3,6,11,60,180,3,5
7990,,,5,1,2,1,63,41,420,540,3,5
7991,,,14,1,2,3,52,62,420,540,1,5
7992,,,8,1,2,2,40,75,420,540,3,5
7993,,,8,2,2,2,0,30,0,300,3,5
7994,,,14,1,2,2,77,88,300,600,2,5
7995,,,9,2,2,3,78,60,180,300,1,5
7996,,,9,2,2,2,51,10,420,540,3,5
7997,,,12,1,2,2,60,79,420,540,2,5
7998,,,3,2,2,3,49,16,420,540,3,5
7999,,,8,1,2,3,94,93,300,600,3,5
8000,,,5,1,2,1,72,69,300,600,4,5
8001,,,15,2,2,1,90,69,420,540,4,5
8002,,,4,1,2,2,61,0,420,540,1,5
8003,,,9,1,2,3,71,90,420,540,2,5
8004,,,7,2,2,2,59,24,180,300,4,5
8005,,,9,2,2,3,79,1,0,300,4,5
8006,,,2,1,2,3,9,73,420,540,1,5
8007,,,5,1,2,3,48,81,300,600,2,5
8008,,,15,1,2,3,40,71,420,540,3,5
8009,,,7,1,2,1,53,22,420,540,1,5
8010,,,8,1,2,2,74,27,420,540,1,5
8011,,,5,2,2,1,92,29,0,300,1,5
8012,,,11,1,2,3,73,52,300,600,3,5
8013,,,7,1,2,3,59,25,420,540,3,5
8014,,,9,1,2,2,99,2,420,540,4,5
8015,,,2,1,2,3,5,24,300,600,4,5
8016,,,12,2,2,3,75,86,0,300,1,5
8017,,,10,1,2,2,54,82,420,540,4,5
8018,,,16,1,2,1,92,82,300,600,2,5
8019,,,13,1,2,2,20,29,420,540,4,5
8020,,,14,1,2,1,42,36,300,600,4,5
8021,,,6,2,2,1,44,94,180,300,4,5
8022,,,13,1,2,3,4,54,300,600,1,5
8023,,,10,1,2,1,3,53,300,600,3,5
8024,,,4,2,2,1,9,17,420,540,1,5
8025,,,7,1,2,2,77,22,300,600,4,5
8026,,,15,2,2,2,20,93,420,540,4,5
8027,,,8,1,2,3,40,97,420,540,3,5
8028,,,7,1,2,1,35,87,420,540,2,5
8029,,,14,2,2,1,46,62,0,300,4,5
8030,,,10,1,2,2,44,43,300,600,1,5
8031,,,6,1,2,2,38,94,420,540,3,5
8032,,,8,1,2,1,19,63,300,600,4,5
8033,,,10,2,2,1,95,3,60,180,1,5
8034,,,10,1,2,1,12,69,300,600,4,5
8035,,,10,1,2,1,45,28,300,600,2,5
8036,,,8,1,2,1,30,76,300,600,1,5
8037,,,10,1,2,2,30,6,420,540,4,5
8038,,,5,1,2,3,98,9,300,600,2,5
8039,,,4,1,2,3,51,80,420,540,1,5
8040,,,11,2,2,2,74,25,60,180,4,5
8041,,,5,1,2,3,26,34,420,540,2,5
8042,,,15,2,2,2,43,91,420,540,2,5
8043,,,11,1,2,2,15,29,420,540,1,5
8044,,,2,1,2,3,70,31,300,600,3,5
8045,,,6,1,2,1,25,27,420,540,1,5
8046,,,14,1,2,3,6,31,300,600,1,5
8047,,,15,2,2,2,90,95,60,180,2,5
8048,,,2,1,2,1,38,35,420,540,1,5
8049,,,3,2,2,2,38,26,60,180,4,5
8050,,,16,1,2,2,63,29,300,600,3,5
8051,,,2,1,2,3,51,33,300,600,1,5
8052,,,13,2,2,1,41,16,420,540,4,5
8053,,,7,1,2,3,56,51,420,540,3,5
8054,,,6,1,2,3,89,27,300,600,4,5
8055,,,14,2,2,2,58,29,60,180,4,5
8056,,,9,1,2,2,66,47,420,540,4,5
8057,,,15,2,2,3,57,66,300,600,1,5
8058,,,11,2,2,2,95,41,60,180,3,5
8059,,,1,1,2,1,50,85,420,540,4,5
8060,,,3,2,2,3,9,42,420,540,4,5
8061,,,8,1,2,1,16,36,300,600,1,5
8062,,,15,2,2,2,84,94,300,420,1,5
8063,,,2,2,2,1,46,29,60,180,2,5
8064,,,3,2,2,2,55,15,300,600,3,5
8065,,,7,1,2,3,82,61,420,540,2,5
8066,,,7,2,2,2,15,10,420,540,4,5
8067,,,12,1,2,3,74,26,420,540,1,5
8068,,,12,2,2,1,1,79,420,540,1,5
8069,,,5,1,2,1,6,71,420,540,1,5
8070,,,3,1,2,1,44,6,300,600,1,5
8071,,,2,1,2,2,48,44,420,540,3,5
8072,,,9,1,2,2,75,75,420,540,3,5
8073,,,5,1,2,2,15,2,300,600,3,5
8074,,,15,2,2,1,36,83,180,300,1,5
8075,,,15,1,2,2,61,53,300,600,3,5
8076,,,12,2,2,2,89,9,420,540,2,5
8077,,,11,1,2,3,16,94,420,540,1,5
8078,,,7,1,2,2,63,40,420,540,1,5
8079,,,8,1,2,3,29,73,300,600,1,5
8080,,,6,2,2,2,80,42,0,300,3,5
8081,,,4,1,2,2,84,29,420,540,1,5
8082,,,7,2,2,1,100,82,60,180,1,5
8083,,,11,1,2,1,10,38,300,600,2,5
8084,,,4,1,2,1,76,75,300,600,2,5
8085,,,5,1,2,1,54,41,420,540,3,5
8086,,,3,1,2,1,51,3,420,540,2,5
8087,,,6,1,2,1,99,2,420,540,2,5
8088,,,4,1,2,1,3,10,420,540,1,5
8089,,,4,1,2,2,36,82,420,540,2,5
8090,,,8,1,2,3,97,33,300,600,1,5
8091,,,10,2,2,2,8,77,0,300,2,5
8092,,,15,1,2,1,10,39,300,600,2,5
8093,,,11,2,2,3,87,95,180,300,1,5
8094,,,15,1,2,3,30,59,300,600,2,5
8095,,,8,2,2,1,68,60,180,300,2,5
8096,,,9,1,2,1,63,89,300,600,3,5
8097,,,12,2,2,1,96,6,300,420,2,5
8098,,,6,2,2,3,100,71,300,600,3,5
8099,,,13,2,2,1,12,59,0,300,4,5
8100,,,2,1,2,3,18,64,420,540,4,5
8101,,,3,2,2,3,13,69,300,420,2,5
8102,,,3,1,2,1,40,33,300,600,2,5
8103,,,8,1,2,1,36,43,300,600,1,5
8104,,,4,1,2,2,72,14,420,540,3,5
8105,,,2,2,2,2,1,84,0,300,4,5
8106,,,5,2,2,3,66,94,0,300,3,5
8107,,,2,1,2,3,52,7,300,600,4,5
8108,,,8,1,2,3,24,46,300,600,2,5
8109,,,15,1,2,3,89,12,300,600,1,5
8110,,,5,1,2,1,99,72,300,600,2,5
8111,,,9,1,2,1,94,57,420,540,3,5
8112,,,10,1,2,2,5,84,300,600,3,5
8113,,,12,1,2,2,8,21,420,540,2,5
8114,,,10,2,2,2,2,51,0,300,3,5
8115,,,13,2,2,3,4,77,180,300,1,5
8116,,,7,1,2,1,85,89,420,540,1,5
8117,,,4,1,2,1,5,4,420,540,4,5
8118,,,14,1,2,1,21,34,420,540,3,5
8119,,,4,2,2,3,66,46,180,300,1,5
8120,,,12,1,2,2,78,31,300,600,2,5
8121,,,2,1,2,3,10,21,420,540,4,5
8122,,,2,2,2,3,83,12,420,540,2,5
8123,,,14,1,2,1,37,55,420,540,4,5
8124,,,11,1,2,2,30,45,420,540,4,5
8125,,,12,1,2,1,75,85,420,540,3,5
8126,,,3,1,2,1,84,50,420,540,3,5
8127,,,3,1,2,1,39,96,420,540,3,5
8128,,,3,1,2,3,55,15,300,600,3,5
8129,,,2,2,2,3,96,32,0,300,3,5
8130,,,8,1,2,3,64,94,300,600,4,5
8131,,,15,2,2,3,88,22,420,540,1,5
8132,,,6,1,2,3,84,67,300,600,4,5
8133,,,15,1,2,2,62,71,420,540,3,5
8134,,,9,2,2,1,2,73,180,300,2,5
8135,,,2,1,2,3,58,15,300,600,1,5
8136,,,5,1,2,1,44,68,300,600,1,5
8137,,,7,2,2,3,55,7,420,540,3,5
8138,,,11,1,2,2,93,20,300,600,2,5
8139,,,4,1,2,3,70,75,420,540,2,5
8140,,,6,1,2,2,79,6,420,540,2,5
8141,,,11,1,2,1,100,0,300,600,4,5
8142,,,12,1,2,1,75,91,300,600,2,5
8143,,,13,2,2,1,33,53,180,300,2,5
8144,,,13,1,2,3,65,66,300,600,2,5
8145,,,1,1,2,2,16,95,300,600,1,5
8146,,,3,1,2,3,70,17,420,540,1,5
8147,,,10,1,2,1,63,78,420,540,1,5
8148,,,12,1,2,3,78,52,300,600,1,5
8149,,,4,1,2,3,4,67,300,600,2,5
8150,,,15,1,2,3,53,22,420,540,3,5
8151,,,9,1,2,3,19,2,300,600,3,5
8152,,,8,1,2,3,99,35,420,540,4,5
8153,,,4,1,2,1,42,64,300,600,2,5
8154,,,13,1,2,1,34,66,300,600,3,5
8155,,,13,1,2,2,60,3,420,540,1,5
8156,,,8,1,2,3,48,63,300,600,4,5
8157,,,11,1,2,2,21,15,420,540,1,5
8158,,,4,1,2,3,94,34,300,600,4,5
8159,,,10,1,2,3,64,54,300,600,2,5
8160,,,14,1,2,3,8,21,300,600,2,5
8161,,,13,1,2,2,34,40,300,600,3,5
8162,,,4,2,2,3,42,46,300,600,2,5
8163,,,8,1,2,1,39,65,300,600,2,5
8164,,,9,1,2,2,96,87,300,600,2,5
8165,,,6,2,2,2,11,78,180,300,2,5
8166,,,4,1,2,1,22,14,300,600,2,5
8167,,,4,1,2,2,22,70,420,540,2,5
8168,,,10,1,2,2,40,15,420,540,1,5
8169,,,8,1,2,2,87,63,420,540,3,5
8170,,,12,1,2,2,80,85,420,540,2,5
8171,,,3,1,2,3,10,62,300,600,3,5
8172,,,4,2,2,1,23,40,60,180,3,5
8173,,,6,1,2,3,19,91,300,600,3,5
8174,,,8,1,2,3,80,37,300,600,4,5
8175,,,13,1,2,1,88,74,420,540,3,5
8176,,,3,1,2,2,38,33,300,600,4,5
8177,,,3,1,2,3,98,66,420,540,3,5
8178,,,2,1,2,3,20,31,300,600,3,5
8179,,,11,1,2,2,11,96,420,540,2,5
8180,,,8,2,2,3,19,82,60,180,3,5
8181,,,8,2,2,3,95,13,0,300,3,5
8182,,,7,1,2,1,80,62,300,600,1,5
8183,,,15,2,2,3,65,53,180,300,2,5
8184,,,10,1,2,2,18,58,300,600,1,5
8185,,,1,1,2,1,26,4,420,540,3,5
8186,,,3,1,2,1,55,70,300,600,4,5
8187,,,2,1,2,2,12,39,420,540,3,5
8188,,,14,1,2,3,76,89,420,540,1,5
8189,,,15,2,2,3,57,80,60,180,4,5
8190,,,9,1,2,2,37,42,300,600,1,5
8191,,,8,2,2,2,15,94,300,420,3,5
8192,,,16,1,2,3,30,59,300,600,2,5
8193,,,15,2,2,2,39,76,300,420,3,5
8194,,,3,1,2,1,46,65,300,600,2,5
8195,,,3,1,2,3,94,37,300,600,1,5
8196,,,14,1,2,1,25,72,300,600,2,5
8197,,,9,1,2,1,3,54,420,540,3,5
8198,,,2,1,2,1,85,23,420,540,1,5
8199,,,13,1,2,1,65,55,420,540,3,5
8200,,,15,1,2,3,24,33,420,540,2,5
8201,,,5,1,2,2,47,31,300,600,1,5
8202,,,5,1,2,3,15,3,420,540,2,5
8203,,,7,1,2,3,98,63,300,600,4,5
8204,,,7,2,2,1,50,79,0,300,4,5
8205,,,2,1,2,1,1,86,420,540,2,5
8206,,,14,1,2,1,36,76,420,540,4,5
8207,,,14,1,2,1,4,42,300,600,4,5
8208,,,15,1,2,2,6,90,300,600,4,5
8209,,,7,2,2,2,69,35,180,300,1,5
8210,,,7,1,2,3,73,56,300,600,2,5
8211,,,4,2,2,1,44,94,180,300,1,5
8212,,,7,1,2,2,37,45,420,540,1,5
8213,,,11,1,2,3,32,39,300,600,4,5
8214,,,8,2,2,2,70,64,60,180,1,5
8215,,,4,1,2,2,59,46,420,540,4,5
8216,,,2,1,2,1,18,43,300,600,3,5
8217,,,6,2,2,3,94,88,0,300,3,5
8218,,,3,2,2,2,66,85,0,300,1,5
8219,,,4,1,2,1,89,71,300,600,4,5
8220,,,9,1,2,1,91,66,300,600,3,5
8221,,,7,2,2,2,83,47,420,540,1,5
8222,,,10,1,2,2,69,88,420,540,4,5
8223,,,4,1,2,1,70,25,300,600,4,5
8224,,,13,2,2,2,32,63,180,300,1,5
8225,,,3,1,2,2,25,39,420,540,1,5
8226,,,5,1,2,1,35,38,300,600,4,5
8227,,,6,2,2,1,29,29,300,600,2,5
8228,,,13,1,2,2,89,5,300,600,3,5
8229,,,8,2,2,1,14,94,300,420,2,5
8230,,,10,1,2,1,67,91,420,540,2,5
8231,,,12,1,2,1,37,95,420,540,4,5
8232,,,8,2,2,1,6,54,420,540,3,5
8233,,,8,1,2,3,19,8,420,540,4,5
8234,,,5,1,2,3,27,75,300,600,3,5
8235,,,11,1,2,2,55,28,300,600,3,5
8236,,,13,1,2,3,90,86,300,600,4,5
8237,,,9,2,2,1,79,72,300,600,3,5
8238,,,13,1,2,3,85,46,300,600,1,5
8239,,,6,1,2,1,34,59,420,540,2,5
8240,,,9,1,2,3,16,59,300,600,4,5
8241,,,10,1,2,2,79,96,420,540,1,5
8242,,,7,2,2,3,46,89,0,300,4,5
8243,,,12,1,2,2,90,98,420,540,3,5
8244,,,14,1,2,3,87,25,300,600,2,5
8245,,,3,1,2,1,35,27,300,600,2,5
8246,,,7,1,2,1,36,90,300,600,4,5
8247,,,6,2,2,1,45,77,420,540,3,5
8248,,,13,1,2,2,16,59,300,600,1,5
8249,,,3,1,2,1,10,42,420,540,2,5
8250,,,8,1,2,1,11,12,300,600,4,5
8251,,,13,1,2,1,0,13,420,540,1,5
8252,,,3,1,2,2,40,28,300,600,2,5
8253,,,6,1,2,3,51,7,300,600,1,5
8254,,,15,2,2,1,38,90,60,180,3,5
8255,,,13,1,2,2,15,70,300,600,3,5
8256,,,8,1,2,3,92,64,300,600,2,5
8257,,,5,1,2,1,55,32,300,600,1,5
8258,,,14,1,2,3,93,78,420,540,1,5
8259,,,13,1,2,1,1,36,420,540,3,5
8260,,,6,1,2,3,39,80,420,540,4,5
8261,,,9,2,2,2,84,85,420,540,2,5
8262,,,13,2,2,2,20,88,300,420,2,5
8263,,,3,1,2,2,89,100,300,600,4,5
8264,,,4,1,2,3,82,100,300,600,4,5
8265,,,8,1,2,1,28,80,300,600,3,5
8266,,,11,1,2,2,8,46,420,540,2,5
8267,,,10,1,2,2,80,61,420,540,3,5
8268,,,16,1,2,3,7,68,300,600,2,5
8269,,,6,1,2,1,33,67,420,540,3,5
8270,,,15,1,2,2,75,44,420,540,3,5
8271,,,12,1,2,3,88,45,420,540,1,5
8272,,,14,1,2,2,97,38,420,540,3,5
8273,,,13,2,2,3,55,14,60,180,4,5
8274,,,4,1,2,1,15,57,300,600,4,5
8275,,,2,1,2,3,85,22,300,600,4,5
8276,,,12,1,2,3,37,51,300,600,1,5
8277,,,6,1,2,3,46,19,300,600,2,5
8278,,,7,1,2,1,85,54,300,600,1,5
8279,,,8,1,2,1,3,37,300,600,3,5
8280,,,8,1,2,1,71,84,420,540,1,5
8281,,,12,2,2,1,67,29,300,600,3,5
8282,,,9,1,2,3,97,27,420,540,3,5
8283,,,4,2,2,2,17,49,300,420,3,5
8284,,,6,1,2,3,10,11,420,540,1,5
8285,,,13,1,2,3,65,60,300,600,4,5
8286,,,2,2,2,2,79,49,60,180,3,5
8287,,,14,2,2,3,59,78,0,300,2,5
8288,,,11,1,2,2,71,68,420,540,1,5
8289,,,11,2,2,3,7,71,420,540,1,5
8290,,,12,1,2,3,16,94,300,600,2,5
8291,,,6,1,2,1,55,66,420,540,1,5
8292,,,5,1,2,3,98,71,300,600,4,5
8293,,,7,1,2,3,13,20,300,600,3,5
8294,,,4,1,2,2,58,2,300,600,2,5
8295,,,10,1,2,3,20,66,300,600,2,5
8296,,,3,2,2,1,98,96,420,540,1,5
8297,,,5,2,2,1,32,69,180,300,2,5
8298,,,10,1,2,3,0,87,420,540,3,5
8299,,,9,2,2,1,7,88,300,420,1,5
8300,,,4,1,2,2,73,76,300,600,4,5
8301,,,3,1,2,1,14,25,420,540,3,5
8302,,,8,2,2,3,77,35,300,600,2,5
8303,,,7,2,2,3,75,51,300,600,2,5
8304,,,6,1,2,2,33,48,420,540,3,5
8305,,,5,2,2,2,30,37,60,180,3,5
8306,,,11,2,2,3,36,81,300,600,4,5
8307,,,11,1,2,1,84,3,300,600,4,5
8308,,,12,2,2,3,2,54,300,600,3,5
8309,,,4,1,2,3,39,70,420,540,4,5
8310,,,5,1,2,2,64,56,420,540,4,5
8311,,,3,2,2,1,44,84,60,180,4,5
8312,,,5,2,2,2,30,88,60,180,4,5
8313,,,3,1,2,3,56,49,300,600,3,5
8314,,,7,1,2,2,66,69,300,600,4,5
8315,,,10,2,2,3,47,61,60,180,1,5
8316,,,6,1,2,1,75,6,420,540,3,5
8317,,,13,1,2,3,64,52,300,600,1,5
8318,,,10,2,2,1,78,15,60,180,1,5
8319,,,14,2,2,2,56,47,420,540,1,5
8320,,,13,1,2,1,27,97,300,600,4,5
8321,,,4,1,2,1,57,54,420,540,4,5
8322,,,4,1,2,3,85,45,420,540,1,5
8323,,,8,1,2,1,82,74,420,540,2,5
8324,,,12,1,2,1,53,92,420,540,3,5
8325,,,3,1,2,3,62,51,420,540,4,5
8326,,,14,2,2,3,39,73,420,540,3,5
8327,,,10,1,2,3,33,73,300,600,1,5
8328,,,9,1,2,3,11,67,300,600,2,5
8329,,,10,2,2,2,42,71,60,180,1,5
8330,,,14,1,2,2,59,40,300,600,1,5
8331,,,4,1,2,2,41,63,420,540,3,5
8332,,,10,1,2,1,54,95,420,540,2,5
8333,,,3,1,2,2,67,63,420,540,1,5
8334,,,6,1,2,3,63,56,420,540,3,5
8335,,,6,1,2,1,95,90,300,600,3,5
8336,,,5,1,2,2,28,38,300,600,4,5
8337,,,6,1,2,1,8,88,300,600,4,5
8338,,,4,2,2,2,19,44,180,300,4,5
8339,,,6,2,2,1,39,66,180,300,2,5
8340,,,16,1,2,1,8,41,300,600,3,5
8341,,,1,1,2,3,65,72,300,600,1,5
8342,,,13,2,2,2,28,61,0,300,2,5
8343,,,13,1,2,1,18,66,300,600,4,5
8344,,,8,1,2,3,32,64,420,540,2,5
8345,,,6,1,2,1,26,74,420,540,2,5
8346,,,14,2,2,2,16,98,180,300,1,5
8347,,,6,1,2,3,53,84,300,600,1,5
8348,,,5,1,2,3,42,70,420,540,1,5
8349,,,9,1,2,1,5,66,300,600,3,5
8350,,,15,2,2,2,45,29,0,300,1,5
8351,,,15,1,2,3,46,54,300,600,3,5
8352,,,5,1,2,3,11,99,420,540,3,5
8353,,,2,2,2,2,3,23,0,300,2,5
8354,,,6,1,2,3,93,56,420,540,3,5
8355,,,8,1,2,2,77,53,420,540,3,5
8356,,,8,1,2,2,24,54,420,540,2,5
8357,,,5,1,2,1,1,49,420,540,2,5
8358,,,14,1,2,1,48,5,300,600,3,5
8359,,,3,2,2,1,74,3,420,540,2,5
8360,,,4,1,2,2,71,87,420,540,4,5
8361,,,13,1,2,1,61,47,420,540,1,5
8362,,,10,2,2,3,32,91,60,180,3,5
8363,,,14,2,2,3,1,4,300,600,2,5
8364,,,3,1,2,1,74,46,300,600,1,5
8365,,,8,1,2,2,50,69,420,540,3,5
8366,,,8,1,2,2,66,42,300,600,2,5
8367,,,3,2,2,1,38,44,180,300,2,5
8368,,,10,1,2,1,23,49,300,600,1,5
8369,,,12,1,2,3,16,80,420,540,1,5
8370,,,12,1,2,2,9,79,300,600,1,5
8371,,,7,1,2,2,66,96,420,540,2,5
8372,,,15,1,2,1,97,76,420,540,3,5
8373,,,12,1,2,2,64,11,420,540,4,5
8374,,,10,1,2,1,30,57,300,600,4,5
8375,,,13,1,2,3,4,93,300,600,4,5
8376,,,8,1,2,1,92,94,300,600,4,5
8377,,,2,1,2,3,73,63,300,600,3,5
8378,,,5,1,2,3,4,63,300,600,3,5
8379,,,5,1,2,2,26,89,300,600,3,5
8380,,,9,1,2,3,29,77,300,600,2,5
8381,,,11,2,2,1,6,11,300,420,1,5
8382,,,5,1,2,2,86,39,300,600,1,5
8383,,,10,1,2,2,33,45,300,600,2,5
8384,,,9,1,2,2,6,59,300,600,4,5
8385,,,12,1,2,3,59,77,300,600,1,5
8386,,,1,1,2,2,63,91,420,540,2,5
8387,,,3,2,2,1,17,80,60,180,1,5
8388,,,6,2,2,1,63,26,60,180,2,5
8389,,,6,1,2,2,72,37,300,600,1,5
8390,,,13,1,2,3,52,40,420,540,2,5
8391,,,13,1,2,1,66,32,420,540,1,5
8392,,,6,1,2,2,7,22,420,540,3,5
8393,,,4,1,2,2,55,81,300,600,1,5
8394,,,3,1,2,2,89,53,420,540,4,5
8395,,,7,1,2,3,14,56,420,540,4,5
8396,,,13,1,2,3,31,85,420,540,3,5
8397,,,2,1,2,3,42,34,300,600,1,5
8398,,,9,2,2,3,89,11,60,180,4,5
8399,,,10,2,2,2,36,23,0,300,3,5
8400,,,5,1,2,3,30,13,420,540,4,5
8401,,,9,1,2,3,30,55,420,540,3,5
8402,,,8,1,2,2,89,30,420,540,3,5
8403,,,6,1,2,2,68,78,420,540,2,5
8404,,,8,2,2,3,76,31,60,180,1,5
8405,,,10,2,2,1,50,29,420,540,4,5
8406,,,3,1,2,2,56,57,420,540,1,5
8407,,,13,1,2,2,61,91,300,600,4,5
8408,,,3,1,2,2,34,22,300,600,4,5
8409,,,15,2,2,2,47,62,60,180,4,5
8410,,,7,1,2,1,80,47,420,540,3,5
8411,,,6,2,2,1,14,43,300,600,2,5
8412,,,4,1,2,2,23,31,300,600,3,5
8413,,,8,1,2,2,90,86,420,540,1,5
8414,,,11,1,2,2,29,3,420,540,2,5
8415,,,9,1,2,1,59,82,300,600,3,5
8416,,,10,1,2,2,76,34,420,540,2,5
8417,,,8,2,2,2,84,77,60,180,4,5
8418,,,13,1,2,1,9,71,420,540,1,5
8419,,,2,1,2,1,69,69,420,540,2,5
8420,,,6,1,2,1,3,71,420,540,1,5
8421,,,14,1,2,1,91,40,420,540,4,5
8422,,,5,1,2,2,86,92,420,540,3,5
8423,,,7,1,2,1,27,14,420,540,3,5
8424,,,8,1,2,3,41,18,300,600,1,5
8425,,,7,1,2,1,15,67,300,600,1,5
8426,,,10,1,2,2,33,16,420,540,2,5
8427,,,5,1,2,2,33,64,300,600,2,5
8428,,,9,1,2,3,93,64,300,600,1,5
8429,,,9,1,2,2,95,51,420,540,2,5
8430,,,13,1,2,3,99,19,300,600,2,5
8431,,,3,1,2,2,39,68,420,540,3,5
8432,,,10,1,2,1,64,90,300,600,2,5
8433,,,8,1,2,1,58,41,300,600,4,5
8434,,,14,1,2,2,36,26,300,600,1,5
8435,,,10,1,2,3,92,81,420,540,2,5
8436,,,7,2,2,3,46,36,0,300,4,5
8437,,,1,1,2,2,9,95,420,540,2,5
8438,,,7,2,2,2,52,0,300,420,3,5
8439,,,6,1,2,2,97,70,420,540,1,5
8440,,,4,2,2,3,81,4,420,540,3,5
8441,,,14,1,2,3,6,10,420,540,2,5
8442,,,6,1,2,2,0,4,420,540,3,5
8443,,,13,1,2,3,53,11,420,540,2,5
8444,,,15,2,2,2,50,12,420,540,1,5
8445,,,14,2,2,1,88,55,420,540,4,5
8446,,,11,2,2,3,73,14,180,300,4,5
8447,,,4,1,2,3,56,13,420,540,4,5
8448,,,4,1,2,3,27,36,300,600,1,5
8449,,,13,1,2,3,80,5,300,600,2,5
8450,,,13,1,2,2,38,38,300,600,2,5
8451,,,2,1,2,2,59,53,420,540,3,5
8452,,,6,1,2,1,2,39,420,540,1,5
8453,,,5,1,2,3,70,80,420,540,3,5
8454,,,11,1,2,2,65,92,420,540,4,5
8455,,,9,2,2,3,48,53,0,300,4,5
8456,,,13,2,2,1,95,8,420,540,3,5
8457,,,6,2,2,2,99,30,0,300,4,5
8458,,,9,1,2,1,24,35,300,600,1,5
8459,,,8,1,2,2,6,79,300,600,3,5
8460,,,15,1,2,1,60,95,420,540,4,5
8461,,,14,1,2,2,77,30,420,540,1,5
8462,,,12,1,2,1,18,96,420,540,3,5
8463,,,7,1,2,1,44,23,300,600,4,5
8464,,,4,1,2,2,36,74,420,540,2,5
8465,,,10,2,2,3,79,23,0,300,3,5
8466,,,14,1,2,3,1,0,300,600,2,5
8467,,,14,2,2,2,72,65,420,540,4,5
8468,,,9,1,2,2,59,67,420,540,4,5
8469,,,5,2,2,2,10,47,60,180,1,5
8470,,,4,1,2,2,82,27,300,600,4,5
8471,,,2,2,2,1,19,92,60,180,1,5
8472,,,14,1,2,3,75,57,300,600,4,5
8473,,,4,1,2,2,45,32,420,540,3,5
8474,,,9,2,2,2,32,15,60,180,2,5
8475,,,14,1,2,1,87,57,420,540,2,5
8476,,,3,1,2,3,35,1,420,540,1,5
8477,,,11,1,2,1,11,24,300,600,4,5
8478,,,5,1,2,3,68,1,420,540,1,5
8479,,,13,2,2,3,12,88,420,540,1,5
8480,,,10,2,2,2,93,100,180,300,1,5
8481,,,8,1,2,3,35,66,300,600,3,5
8482,,,7,1,2,1,46,65,300,600,2,5
8483,,,8,1,2,2,34,85,300,600,2,5
8484,,,6,2,2,2,42,90,180,300,4,5
8485,,,13,1,2,2,96,12,420,540,2,5
8486,,,4,1,2,1,21,69,300,600,2,5
8487,,,10,1,2,1,61,39,300,600,1,5
8488,,,11,1,2,1,5,74,420,540,1,5
8489,,,10,1,2,3,95,26,300,600,1,5
8490,,,12,1,2,3,35,19,420,540,3,5
8491,,,14,1,2,2,49,72,300,600,2,5
8492,,,9,1,2,3,34,35,420,540,3,5
8493,,,14,1,2,1,99,28,300,600,2,5
8494,,,2,2,2,2,54,71,0,300,3,5
8495,,,2,1,2,3,60,58,420,540,1,5
8496,,,4,1,2,2,85,45,420,540,1,5
8497,,,15,2,2,2,27,34,180,300,2,5
8498,,,3,1,2,1,24,80,300,600,3,5
8499,,,3,1,2,1,95,7,300,600,2,5
8500,,,13,2,2,2,5,74,420,540,1,5
8501,,,12,1,2,3,81,64,300,600,3,5
8502,,,7,1,2,3,74,47,300,600,4,5
8503,,,9,1,2,1,50,35,420,540,2,5
8504,,,7,1,2,1,47,80,300,600,2,5
8505,,,10,1,2,3,86,58,300,600,4,5
8506,,,14,1,2,1,41,5,420,540,3,5
8507,,,8,1,2,3,65,52,420,540,1,5
8508,,,7,2,2,1,14,67,300,600,1,5
8509,,,11,1,2,1,1,72,300,600,2,5
8510,,,15,2,2,1,57,69,420,540,4,5
8511,,0,1,2,2,1,72,18,420,540,3,5
8512,,0,1,2,2,1,31,97,300,420,3,5
8513,,0,1,2,2,3,81,96,300,600,3,5
8514,,0,1,2,2,2,91,20,300,600,3,5
8515,,0,1,2,2,3,87,55,300,600,1,5
8516,,0,1,2,2,2,92,73,300,600,4,5
8517,,0,1,2,2,2,77,23,300,600,1,5
8518,,0,1,2,2,1,3,5,180,300,1,5
8519,,0,1,2,2,2,67,80,300,600,2,5
8520,,0,1,2,2,3,6,36,300,600,3,5
8521,,0,1,2,2,1,55,72,300,600,4,5
8522,,0,1,2,2,2,50,31,420,540,2,5
8523,,0,1,2,2,2,71,5,300,600,2,5
8524,,0,1,2,2,1,30,80,300,600,1,5
8525,,0,1,2,2,3,15,48,300,600,3,5
8526,,0,1,2,2,3,77,5,300,600,1,5
8527,,0,1,2,2,2,47,80,300,600,1,5
8528,,0,1,2,2,2,82,66,420,540,4,5
8529,,0,1,2,2,1,58,1,300,600,2,5
8530,,0,1,2,2,3,18,90,60,180,4,5
8531,,0,1,2,2,1,69,81,420,540,3,5
8532,,0,1,2,2,1,68,35,60,180,4,5
8533,,0,1,2,2,3,42,40,300,600,1,5
8534,,0,1,2,2,2,23,52,60,180,3,5
8535,,0,1,2,2,3,63,21,420,540,1,5
8536,,0,1,2,2,2,90,2,420,540,2,5
8537,,0,1,2,2,3,74,31,300,600,4,5
8538,,0,1,2,2,1,13,81,420,540,1,5
8539,,0,1,2,2,3,29,52,420,540,2,5
8540,,0,1,2,2,2,86,82,300,600,4,5
8541,,0,1,2,2,2,99,5,420,540,4,5
8542,,0,1,2,2,3,87,27,300,600,1,5
8543,,0,1,2,2,1,6,80,300,600,4,5
8544,,0,1,2,2,3,4,100,420,540,4,5
8545,,0,1,2,2,1,30,84,420,540,4,5
8546,,0,1,2,2,2,83,64,300,600,3,5
8547,,0,1,2,2,1,28,55,300,600,3,5
8548,,0,1,2,2,2,75,0,300,600,3,5
8549,,0,1,2,2,1,2,10,420,540,1,5
8550,,0,1,2,2,3,33,95,300,420,1,5
8551,,0,1,2,2,3,34,24,300,600,3,5
8552,,0,1,2,2,2,31,25,300,600,1,5
8553,,0,1,2,2,3,58,37,420,540,3,5
8554,,0,1,2,2,3,59,33,300,600,4,5
8555,,0,1,2,2,1,51,66,300,600,2,5
8556,,0,1,2,2,2,18,35,420,540,2,5
8557,,0,1,2,2,3,51,78,300,600,4,5
8558,,0,1,2,2,1,43,40,300,420,1,5
8559,,0,1,2,2,1,39,86,420,540,3,5
8560,,0,1,2,2,3,13,10,300,600,3,5
8561,,0,1,2,2,1,80,29,420,540,4,5
8562,,0,1,2,2,1,38,72,300,600,4,5
8563,,0,1,2,2,3,72,57,420,540,1,5
8564,,0,1,2,2,2,67,46,0,300,4,5
8565,,0,1,2,2,1,99,62,300,600,4,5
8566,,0,1,2,2,2,35,4,300,600,2,5
8567,,0,1,2,2,3,17,48,300,600,1,5
8568,,0,1,2,2,1,28,45,420,540,3,5
8569,,0,1,2,2,3,89,76,420,540,1,5
8570,,0,1,2,2,3,9,1,300,600,3,5
8571,,0,1,2,2,3,54,34,300,600,2,5
8572,,0,1,2,2,3,95,38,420,540,3,5
8573,,0,1,2,2,2,96,8,420,540,1,5
8574,,0,1,2,2,2,94,28,300,600,3,5
8575,,0,1,2,2,2,59,62,300,600,3,5
8576,,0,1,2,2,3,12,2,420,540,2,5
8577,,0,1,2,2,3,92,23,0,300,1,5
8578,,0,1,2,2,2,95,46,300,600,3,5
8579,,0,1,2,2,2,27,57,300,600,3,5
8580,,0,1,2,2,2,30,61,420,540,3,5
8581,,0,1,2,2,2,26,36,420,540,1,5
8582,,0,1,2,2,3,16,87,300,600,1,5
8583,,0,1,2,2,3,78,71,420,540,3,5
8584,,0,1,2,2,2,12,87,420,540,4,5
8585,,0,1,2,2,3,66,13,300,600,1,5
8586,,0,1,2,2,3,37,18,180,300,2,5
8587,,0,1,2,2,2,1,2,60,180,3,5
8588,,0,1,2,2,1,31,49,300,420,3,5
8589,,0,1,2,2,3,50,5,300,600,4,5
8590,,0,1,2,2,3,61,30,420,540,2,5
8591,,0,1,2,2,3,64,93,300,600,3,5
8592,,0,1,2,2,2,57,97,300,600,2,5
8593,,0,1,2,2,1,73,66,300,420,1,5
8594,,0,1,2,2,3,65,80,420,540,4,5
8595,,0,1,2,2,2,24,52,420,540,4,5
8596,,0,1,2,2,3,23,44,300,600,2,5
8597,,0,1,2,2,1,52,100,420,540,4,5
8598,,0,1,2,2,1,52,17,300,600,2,5
8599,,0,1,2,2,1,25,53,300,600,4,5
8600,,0,1,2,2,1,35,67,420,540,1,5
8601,,0,1,2,2,2,96,77,420,540,4,5
8602,,0,1,2,2,2,20,47,300,600,4,5
8603,,0,1,2,2,1,57,52,420,540,1,5
8604,,0,1,2,2,1,56,76,300,600,3,5
8605,,0,1,2,2,2,98,33,300,420,1,5
8606,,0,1,2,2,1,94,31,300,600,4,5
8607,,0,1,2,2,1,85,96,420,540,1,5
8608,,0,1,2,2,2,78,26,420,540,4,5
8609,,0,1,2,2,2,21,13,420,540,4,5
8610,,0,1,2,2,3,8,76,420,540,3,5
8611,,0,1,2,2,3,23,49,300,600,3,5
8612,,0,1,2,2,3,71,88,60,180,4,5
8613,,0,1,2,2,1,43,24,420,540,3,5
8614,,0,1,2,2,1,20,89,420,540,4,5
8615,,0,1,2,2,2,89,26,300,600,3,5
8616,,0,1,2,2,1,71,34,60,180,1,5
8617,,0,1,2,2,3,45,39,0,300,3,5
8618,,0,1,2,2,2,7,80,420,540,4,5
8619,,0,1,2,2,1,98,62,300,600,4,5
8620,,0,1,2,2,2,48,49,0,300,3,5
8621,,0,1,2,2,1,46,76,300,600,2,5
8622,,0,1,2,2,3,58,82,300,600,1,5
8623,,0,1,2,2,2,27,28,420,540,4,5
8624,,0,1,2,2,3,53,37,420,540,4,5
8625,,0,1,2,2,3,83,12,300,600,4,5
8626,,0,1,2,2,1,96,61,420,540,2,5
8627,,0,1,2,2,1,45,23,300,600,1,5
8628,,0,1,2,2,3,90,36,300,600,4,5
8629,,0,1,2,2,1,67,61,300,600,1,5
8630,,0,1,2,2,2,98,26,420,540,1,5
8631,,0,1,2,2,2,70,2,420,540,3,5
8632,,0,1,2,2,3,75,50,0,300,2,5
8633,,0,1,2,2,1,21,65,300,600,1,5
8634,,0,1,2,2,3,38,67,180,300,1,5
8635,,0,1,2,2,2,46,29,420,540,1,5
8636,,0,1,2,2,3,54,83,300,600,2,5
8637,,0,1,2,2,1,56,20,300,600,4,5
8638,,0,1,2,2,2,83,92,300,600,1,5
8639,,0,1,2,2,3,67,55,300,600,4,5
8640,,0,1,2,2,3,45,89,300,600,2,5
8641,,0,1,2,2,1,79,1,180,300,1,5
8642,,0,1,2,2,1,10,56,420,540,2,5
8643,,0,1,2,2,3,38,83,420,540,4,5
8644,,0,1,2,2,1,13,80,420,540,4,5
8645,,0,1,2,2,3,6,48,300,600,1,5
8646,,0,1,2,2,3,58,65,60,180,1,5
8647,,0,1,2,2,1,90,67,300,600,1,5
8648,,0,1,2,2,1,85,53,300,600,3,5
8649,,0,1,2,2,1,82,30,300,420,1,5
8650,,0,1,2,2,3,56,90,300,600,1,5
8651,,0,1,2,2,1,53,30,180,300,3,5
8652,,0,1,2,2,3,61,30,420,540,4,5
8653,,0,1,2,2,2,74,31,300,600,4,5
8654,,0,1,2,2,1,73,39,300,600,2,5
8655,,0,1,2,2,1,54,71,60,180,3,5
8656,,0,1,2,2,2,56,91,300,600,2,5
8657,,0,1,2,2,3,16,17,300,600,1,5
8658,,0,1,2,2,1,59,59,300,600,1,5
8659,,0,1,2,2,2,8,39,420,540,3,5
8660,,0,1,2,2,1,42,52,420,540,3,5
8661,,0,1,2,2,3,67,44,300,600,1,5
8662,,0,1,2,2,3,71,47,180,300,3,5
8663,,0,1,2,2,2,37,61,300,600,4,5
8664,,0,1,2,2,1,23,48,0,300,4,5
8665,,0,1,2,2,1,56,38,420,540,3,5
8666,,0,1,2,2,3,18,23,420,540,2,5
8667,,0,1,2,2,2,85,1,0,300,3,5
8668,,0,1,2,2,3,16,12,60,180,3,5
8669,,0,1,2,2,2,95,68,300,600,4,5
8670,,0,1,2,2,1,89,60,180,300,4,5
8671,,0,1,2,2,3,0,31,300,600,3,5
8672,,0,1,2,2,2,13,34,420,540,3,5
8673,,0,1,2,2,2,8,53,300,600,2,5
8674,,0,1,2,2,3,19,53,420,540,2,5
8675,,0,1,2,2,1,88,92,300,600,3,5
8676,,0,1,2,2,1,60,1,300,600,4,5
8677,,0,1,2,2,2,55,49,60,180,1,5
8678,,0,1,2,2,2,43,31,420,540,2,5
8679,,0,1,2,2,2,67,41,300,600,2,5
8680,,0,1,2,2,3,64,32,180,300,2,5
8681,,0,1,2,2,3,50,25,300,600,1,5
8682,,0,1,2,2,2,49,21,300,600,3,5
8683,,0,1,2,2,3,99,43,300,600,1,5
8684,,0,1,2,2,1,65,96,300,600,2,5
8685,,0,1,2,2,3,9,60,420,540,4,5
8686,,0,1,2,2,2,97,93,300,600,4,5
8687,,0,1,2,2,1,33,16,300,600,2,5
8688,,0,1,2,2,3,26,97,300,420,1,5
8689,,0,1,2,2,3,63,68,180,300,1,5
8690,,0,1,2,2,2,73,55,300,600,1,5
