Order,Day-Order,Time-Order,Day-Ops,Service,Type,Origin,X,Y,Early,Latest,Demand,Service Time 
,,,,,0,1,50,100,,,,0
,,,,,1,1,27,36,,,,15
,,,,,1,1,60,24,,,,15
,,,,,0,2,50,100,,,,0
,,,,,1,2,53,67,,,,15
,,,,,1,2,22,33,,,,15
,,,,,0,3,50,100,,,,0
,,,,,1,3,39,54,,,,15
,,,,,1,3,60,56,,,,15
1,1,0,1,2,3,3,74,60,300,600,4,5
2,1,0,1,2,3,1,92,66,420,540,3,5
3,1,0,1,2,3,3,70,50,300,420,1,5
4,1,0,1,2,3,3,40,43,180,300,1,5
5,1,0,1,2,3,3,43,77,60,180,4,5
6,1,0,1,2,3,2,4,38,300,420,1,5
7,1,0,1,1,3,3,37,74,60,180,3,5
8,1,0,1,2,3,3,59,11,420,540,2,5
9,1,0,1,2,3,2,61,68,180,300,4,5
10,1,0,1,1,3,2,98,30,60,180,4,5
11,1,0,1,2,3,3,32,96,0,300,3,5
12,1,0,1,2,3,2,65,18,300,600,2,5
13,1,0,1,1,3,3,27,19,60,180,3,5
14,1,0,1,1,3,3,86,95,60,180,1,5
15,1,0,1,1,3,1,38,25,60,180,2,5
16,1,0,1,2,3,3,91,83,180,300,1,5
17,1,0,1,1,3,3,33,80,60,180,4,5
18,1,0,1,2,3,3,12,25,60,180,1,5
19,1,0,1,1,3,1,21,96,60,180,4,5
20,1,0,1,2,3,3,10,68,300,600,3,5
21,1,0,1,2,3,1,41,88,60,180,3,5
22,1,0,1,2,3,3,38,50,300,600,4,5
23,1,0,1,2,3,2,59,6,60,180,1,5
24,1,0,1,2,3,3,60,73,60,180,1,5
25,1,0,1,1,3,3,75,34,60,180,4,5
26,1,0,1,1,3,2,4,2,60,180,4,5
27,1,0,1,1,3,2,61,100,60,180,2,5
28,1,0,1,2,3,3,5,55,300,600,3,5
29,1,0,1,2,3,1,93,61,60,180,1,5
30,1,0,1,1,3,3,99,99,60,180,1,5
31,1,0,1,1,3,2,57,83,60,180,1,5
32,1,0,1,2,3,2,53,43,180,300,3,5
33,1,0,1,2,3,2,4,29,60,180,2,5
34,1,0,1,2,3,3,45,67,300,600,1,5
35,1,0,1,2,3,3,98,0,180,300,4,5
36,1,0,1,2,3,1,91,6,420,540,3,5
37,1,0,1,2,3,1,34,5,0,300,2,5
38,1,0,1,2,3,3,90,63,0,300,4,5
39,1,0,1,1,3,3,25,78,60,180,2,5
40,1,0,1,2,3,2,59,85,0,300,4,5
41,1,0,1,1,3,1,37,74,60,180,3,5
42,1,0,1,2,3,1,52,65,180,300,2,5
43,1,0,1,2,3,2,6,73,420,540,3,5
44,1,0,1,1,3,3,31,50,60,180,1,5
45,1,0,1,2,3,1,38,15,60,180,1,5
46,1,0,1,2,3,2,20,35,60,180,1,5
47,1,0,1,2,3,3,60,66,180,300,2,5
48,1,0,1,2,3,3,84,66,0,300,3,5
49,1,0,1,2,3,2,82,65,420,540,3,5
50,1,0,1,2,3,3,35,98,0,300,3,5
51,1,0,1,2,3,3,55,91,180,300,3,5
52,1,0,1,2,3,3,94,11,300,420,1,5
53,1,0,1,2,3,3,1,63,300,420,3,5
54,1,0,1,2,3,1,26,55,300,600,2,5
55,1,0,1,2,3,1,2,13,180,300,1,5
56,1,0,1,1,3,1,56,44,60,180,2,5
57,1,0,1,2,3,2,52,58,300,600,4,5
58,1,0,1,2,3,1,18,30,300,420,2,5
59,1,0,1,1,3,1,91,39,60,180,3,5
60,1,0,1,1,3,1,9,18,60,180,4,5
61,1,0,1,2,3,2,25,86,180,300,2,5
62,1,0,1,2,3,3,64,75,420,540,1,5
63,1,0,1,2,3,3,9,61,0,300,1,5
64,1,0,1,2,3,2,2,40,180,300,4,5
65,1,0,1,2,3,1,45,7,0,300,2,5
66,1,0,1,2,3,3,79,71,180,300,1,5
67,1,0,1,2,3,3,59,1,0,300,4,5
68,1,0,1,2,3,3,59,38,180,300,3,5
69,1,0,1,2,3,1,20,82,300,600,2,5
70,1,0,1,2,3,2,15,20,0,300,1,5
71,1,0,1,1,3,2,33,94,60,180,4,5
72,1,0,1,2,3,3,2,50,180,300,1,5
73,1,0,1,1,3,1,88,6,60,180,2,5
74,1,0,1,1,3,2,87,4,60,180,1,5
75,1,0,1,2,3,3,89,33,60,180,1,5
76,1,0,1,2,3,2,92,93,0,300,1,5
77,1,0,1,2,3,3,90,43,60,180,1,5
78,1,0,1,1,3,1,75,19,60,180,2,5
79,1,0,1,1,3,2,12,67,60,180,4,5
80,1,0,1,1,3,2,98,13,60,180,2,5
81,1,0,1,2,3,3,44,65,0,300,1,5
82,1,0,1,2,3,1,47,59,60,180,4,5
83,1,0,1,2,3,3,66,45,0,300,3,5
84,1,0,1,1,3,3,96,78,60,180,4,5
85,1,0,1,2,3,2,78,28,60,180,3,5
86,1,0,1,1,3,1,92,25,60,180,3,5
87,1,0,1,1,3,2,62,93,60,180,4,5
88,1,0,1,2,3,2,65,44,0,300,2,5
89,1,0,1,2,3,1,35,34,180,300,2,5
90,1,0,1,2,3,1,71,8,0,300,4,5
91,1,0,1,2,3,3,93,8,60,180,3,5
92,1,0,1,2,3,3,17,28,0,300,2,5
93,1,0,1,2,3,2,93,57,420,540,4,5
94,1,0,1,2,3,2,69,95,420,540,4,5
95,1,0,1,1,3,3,40,74,60,180,3,5
96,1,0,1,2,3,2,47,1,300,420,1,5
97,1,0,1,2,3,2,74,29,60,180,3,5
98,1,0,1,2,3,2,12,57,0,300,3,5
99,1,0,1,2,3,1,3,25,0,300,4,5
100,1,0,1,1,3,2,77,57,60,180,4,5
101,1,0,1,2,3,2,69,46,180,300,1,5
102,1,0,1,2,3,3,45,48,300,600,3,5
103,1,0,1,2,3,1,17,74,60,180,3,5
104,1,0,1,1,3,1,54,43,60,180,3,5
105,1,0,1,1,3,3,8,95,60,180,1,5
106,1,0,1,1,3,2,58,51,60,180,4,5
107,1,0,1,2,3,1,10,38,180,300,1,5
108,1,0,1,2,3,3,74,34,180,300,3,5
109,1,0,1,1,3,2,89,56,60,180,4,5
110,1,0,1,2,3,2,63,45,300,420,3,5
111,1,0,1,1,3,3,41,11,60,180,3,5
112,1,0,1,2,3,1,28,30,180,300,2,5
113,1,0,1,1,3,2,48,79,60,180,1,5
114,1,0,1,2,3,1,48,29,420,540,4,5
115,1,0,1,1,3,1,43,65,60,180,2,5
116,1,0,1,2,3,1,71,4,420,540,3,5
117,1,0,1,2,3,3,67,94,300,420,4,5
118,1,0,1,1,3,2,100,11,60,180,4,5
119,1,0,1,2,3,1,85,72,300,420,1,5
120,1,0,1,2,3,3,6,59,420,540,4,5
121,1,0,1,1,3,2,12,96,60,180,4,5
122,1,0,1,2,3,1,67,29,180,300,3,5
123,1,0,1,1,3,3,67,57,60,180,1,5
124,1,0,1,1,3,2,72,55,60,180,3,5
125,1,0,1,2,3,2,42,36,0,300,1,5
126,1,0,1,2,3,2,1,84,60,180,3,5
127,1,0,1,2,3,2,98,70,300,420,2,5
128,1,0,1,1,3,1,84,96,60,180,2,5
129,1,0,1,2,3,2,85,39,60,180,2,5
130,1,0,1,2,3,3,100,75,180,300,4,5
131,1,0,1,2,3,3,56,67,300,420,4,5
132,1,0,1,1,3,1,50,56,60,180,4,5
133,1,0,1,2,3,1,43,96,420,540,1,5
134,1,0,1,2,3,3,33,21,420,540,3,5
135,1,0,1,2,3,1,58,23,0,300,3,5
136,1,0,1,2,3,2,93,17,420,540,1,5
137,1,0,1,2,3,2,69,10,180,300,1,5
138,1,0,1,2,3,2,39,96,0,300,3,5
139,1,0,1,1,3,1,39,44,60,180,2,5
140,1,0,1,2,3,1,17,22,60,180,4,5
141,1,0,1,1,3,3,9,26,60,180,3,5
142,1,0,1,2,3,2,88,2,0,300,1,5
143,1,0,1,2,3,2,71,42,60,180,3,5
144,1,0,1,2,3,1,15,32,0,300,2,5
145,1,0,1,1,3,2,42,53,60,180,2,5
146,1,0,1,1,3,2,81,1,60,180,1,5
147,1,0,1,1,3,3,26,20,60,180,4,5
148,1,0,1,2,3,2,76,85,420,540,3,5
149,1,0,1,1,3,2,10,37,60,180,1,5
150,1,0,1,1,3,3,48,20,60,180,2,5
151,1,0,1,2,3,2,85,12,60,180,3,5
152,1,0,1,2,3,1,21,68,420,540,3,5
153,1,0,1,2,3,3,84,43,60,180,1,5
154,1,0,1,2,3,1,37,62,420,540,2,5
155,1,0,1,2,3,1,69,36,60,180,3,5
156,1,0,1,2,3,3,24,83,60,180,2,5
157,1,0,1,2,3,3,23,88,300,420,2,5
158,1,0,1,1,3,2,23,36,60,180,3,5
159,1,0,1,1,3,2,33,96,60,180,1,5
160,1,0,1,2,3,3,38,25,180,300,2,5
161,1,0,1,1,3,3,55,63,60,180,2,5
162,1,0,1,2,3,3,50,16,300,420,3,5
163,1,0,1,1,3,1,98,21,60,180,3,5
164,1,0,1,2,3,3,24,31,300,600,4,5
165,1,0,1,2,3,3,34,100,60,180,3,5
166,1,0,1,2,3,1,38,92,60,180,1,5
167,1,0,1,2,3,1,72,40,300,600,4,5
168,1,0,1,2,3,2,3,30,300,420,3,5
169,1,0,1,1,3,3,8,95,60,180,3,5
170,1,0,1,1,3,1,77,87,60,180,2,5
171,1,0,1,1,3,1,28,27,60,180,1,5
172,1,0,1,1,3,3,70,48,60,180,3,5
173,1,0,1,1,3,3,56,2,60,180,4,5
174,1,0,1,2,3,1,71,10,60,180,4,5
175,1,0,1,2,3,3,54,8,300,600,4,5
176,1,0,1,1,3,3,89,3,60,180,4,5
177,1,0,1,2,3,3,57,27,300,600,3,5
178,1,0,1,2,3,2,8,77,180,300,4,5
179,1,0,1,2,3,3,60,60,180,300,4,5
180,1,0,1,2,3,2,1,7,60,180,1,5
181,1,0,1,1,3,1,72,40,60,180,4,5
182,1,0,1,2,3,1,32,99,0,300,4,5
183,1,0,1,2,3,3,54,86,300,600,3,5
184,1,0,1,2,3,3,6,2,0,300,3,5
185,1,0,1,2,3,3,31,36,60,180,4,5
186,1,0,1,2,3,2,28,93,60,180,3,5
187,1,0,1,2,3,1,56,100,60,180,1,5
188,1,0,1,1,3,3,60,94,60,180,3,5
189,1,0,1,1,3,2,70,23,60,180,1,5
190,1,0,1,2,3,2,64,30,180,300,4,5
191,1,0,1,2,3,2,16,54,60,180,3,5
192,1,0,1,2,3,2,62,91,180,300,4,5
193,1,0,1,2,3,3,36,53,60,180,1,5
194,1,0,1,1,3,3,97,84,60,180,4,5
195,1,0,1,2,3,2,57,61,180,300,3,5
196,1,0,1,2,3,1,22,77,180,300,2,5
197,1,0,1,2,3,3,46,80,0,300,4,5
198,1,0,1,1,3,3,86,9,60,180,4,5
199,1,0,1,2,3,2,65,44,300,600,2,5
200,1,0,1,1,3,1,4,9,60,180,2,5
201,1,0,1,2,3,2,75,19,0,300,4,5
202,1,0,1,1,3,1,8,20,60,180,4,5
203,1,0,1,2,3,3,32,35,180,300,1,5
204,1,0,1,1,3,2,54,6,60,180,1,5
205,1,0,1,2,3,3,12,75,300,600,1,5
206,1,0,1,2,3,1,86,4,60,180,4,5
207,1,0,1,1,3,2,19,19,60,180,1,5
208,1,0,1,2,3,2,4,44,0,300,1,5
209,1,0,1,2,3,3,84,65,0,300,2,5
210,1,0,1,2,3,3,26,12,60,180,2,5
211,1,0,1,2,3,2,21,63,180,300,2,5
212,1,0,1,2,3,1,50,38,180,300,3,5
213,1,0,1,1,3,3,93,36,60,180,2,5
214,1,0,1,1,3,3,50,82,60,180,2,5
215,1,0,1,2,3,1,3,18,0,300,1,5
216,1,0,1,1,3,2,63,84,60,180,1,5
217,1,0,1,1,3,1,88,47,60,180,4,5
218,1,0,1,2,3,2,68,34,300,600,2,5
219,1,0,1,1,3,1,98,73,60,180,4,5
220,1,0,1,1,3,1,12,40,60,180,4,5
221,1,0,1,2,3,1,13,40,180,300,1,5
222,1,0,1,2,3,1,8,71,300,600,4,5
223,1,0,1,2,3,2,50,28,60,180,1,5
224,1,0,1,2,3,2,52,0,0,300,3,5
225,1,0,1,1,3,1,96,78,60,180,4,5
226,1,0,1,2,3,3,47,46,60,180,2,5
227,1,0,1,2,3,1,35,68,60,180,1,5
228,1,0,1,2,3,3,83,92,420,540,3,5
229,1,0,1,2,3,1,2,63,420,540,3,5
230,1,0,1,1,3,3,28,73,60,180,1,5
231,1,0,1,2,3,1,87,16,0,300,1,5
232,1,0,1,2,3,3,73,70,180,300,3,5
233,1,0,1,2,3,3,0,53,180,300,3,5
234,1,0,1,2,3,1,76,85,0,300,3,5
235,1,0,1,2,3,2,64,65,180,300,3,5
236,1,0,1,2,3,1,78,54,0,300,1,5
237,1,0,1,2,3,2,4,28,0,300,1,5
238,1,0,1,2,3,2,68,93,420,540,1,5
239,1,0,1,2,3,3,93,61,60,180,1,5
240,1,0,1,2,3,2,70,97,180,300,4,5
241,1,0,1,1,3,2,56,30,60,180,3,5
242,1,0,1,2,3,2,50,53,60,180,2,5
243,1,0,1,1,3,1,6,80,60,180,2,5
244,1,0,1,2,3,2,25,44,180,300,3,5
245,1,0,1,2,3,1,23,51,0,300,1,5
246,1,0,1,1,3,2,82,66,60,180,4,5
247,1,0,1,1,3,2,11,36,60,180,3,5
248,1,0,1,2,3,1,2,65,300,600,2,5
249,1,0,1,2,3,3,61,97,0,300,3,5
250,1,0,1,2,3,3,31,83,60,180,1,5
251,1,0,1,2,3,3,98,18,180,300,2,5
252,1,0,1,2,3,3,99,45,0,300,3,5
253,1,0,1,1,3,2,33,95,60,180,2,5
254,1,0,1,1,3,3,56,37,60,180,3,5
255,1,0,1,2,3,2,42,57,420,540,3,5
256,1,0,1,2,3,3,36,81,0,300,4,5
257,1,0,1,1,3,1,6,21,60,180,4,5
258,1,0,1,2,3,1,91,55,180,300,1,5
259,1,0,1,2,3,3,4,55,0,300,3,5
260,1,0,1,2,3,3,99,28,180,300,3,5
261,1,0,1,2,3,1,24,82,60,180,2,5
262,1,0,1,1,3,3,100,61,60,180,2,5
263,1,0,1,2,3,1,35,14,60,180,1,5
264,1,0,1,2,3,1,15,99,420,540,4,5
265,1,0,1,1,3,1,83,55,60,180,3,5
266,1,0,1,2,3,1,87,72,180,300,1,5
267,1,0,1,2,3,1,40,50,300,420,1,5
268,1,0,1,1,3,1,73,74,60,180,4,5
269,1,0,1,1,3,3,94,93,60,180,1,5
270,1,0,1,1,3,1,98,39,60,180,2,5
271,1,0,1,2,3,2,69,73,420,540,4,5
272,1,0,1,1,3,3,73,47,60,180,3,5
273,1,0,1,2,3,2,26,6,0,300,4,5
274,1,0,1,1,3,2,75,70,60,180,3,5
275,1,0,1,2,3,3,100,72,180,300,1,5
276,1,0,1,2,3,2,48,100,60,180,4,5
277,1,0,1,2,3,2,38,93,420,540,1,5
278,1,0,1,2,3,3,46,79,60,180,2,5
279,1,0,1,2,3,1,69,46,300,420,2,5
280,1,0,1,2,3,1,4,98,60,180,1,5
281,1,0,1,2,3,3,87,52,60,180,2,5
282,1,0,1,2,3,1,84,60,180,300,2,5
283,1,0,1,2,3,2,64,39,300,600,1,5
284,1,0,1,1,3,3,32,96,60,180,1,5
285,1,0,1,1,3,2,46,88,60,180,4,5
286,1,0,1,1,3,1,55,78,60,180,2,5
287,1,0,1,2,3,2,46,32,60,180,1,5
288,1,0,1,2,3,1,60,56,180,300,1,5
289,1,0,1,1,3,1,53,58,60,180,4,5
290,1,0,1,2,3,2,31,97,300,420,4,5
291,1,0,1,2,3,2,2,88,60,180,4,5
292,1,0,1,2,3,3,8,74,180,300,4,5
293,1,0,1,1,3,2,48,45,60,180,1,5
294,1,0,1,1,3,3,35,60,60,180,2,5
295,1,0,1,2,3,2,33,88,420,540,4,5
296,1,0,1,2,3,3,31,60,60,180,3,5
297,1,0,1,1,3,1,100,68,60,180,2,5
298,1,0,1,1,3,2,74,97,60,180,2,5
299,1,0,1,2,3,1,69,61,0,300,1,5
300,1,0,1,2,3,1,67,68,420,540,2,5
301,1,0,1,1,3,2,25,8,60,180,3,5
302,1,0,1,1,3,2,1,74,60,180,3,5
303,1,0,1,2,3,3,54,46,0,300,2,5
304,1,0,1,1,3,3,4,84,60,180,4,5
305,1,0,1,1,3,3,91,81,60,180,3,5
306,1,0,1,2,3,2,22,16,420,540,2,5
307,1,0,1,2,3,3,95,15,0,300,2,5
308,1,0,1,1,3,3,33,30,60,180,1,5
309,1,0,1,1,3,1,77,69,60,180,2,5
310,1,0,1,2,3,2,58,78,0,300,1,5
311,1,0,1,1,3,1,32,74,60,180,1,5
312,1,0,1,1,3,3,7,56,60,180,4,5
313,1,0,1,2,3,3,58,58,60,180,1,5
314,1,0,1,2,3,3,94,1,0,300,1,5
315,1,0,1,1,3,1,22,2,60,180,2,5
316,1,0,1,2,3,3,35,69,0,300,2,5
317,1,0,1,2,3,2,18,15,180,300,2,5
318,1,0,1,2,3,2,4,55,0,300,4,5
319,1,0,1,1,3,1,81,35,60,180,1,5
320,1,0,1,1,3,2,28,29,60,180,2,5
321,1,0,1,1,3,3,26,26,60,180,3,5
322,1,0,1,2,3,1,60,99,0,300,2,5
323,1,0,1,2,3,2,46,13,420,540,2,5
324,1,0,1,2,3,1,85,7,180,300,1,5
325,1,0,1,2,3,2,69,8,60,180,2,5
326,1,0,1,2,3,2,17,19,0,300,2,5
327,1,0,1,2,3,2,60,14,0,300,4,5
328,1,0,1,2,3,1,55,33,180,300,3,5
329,1,0,1,1,3,1,89,90,60,180,4,5
330,1,0,1,1,3,1,77,54,60,180,1,5
331,1,0,1,2,3,2,60,44,420,540,4,5
332,1,0,1,2,3,2,57,36,180,300,3,5
333,1,0,1,2,3,3,72,85,420,540,3,5
334,1,0,1,2,3,3,75,37,60,180,1,5
335,1,0,1,2,3,1,31,67,60,180,4,5
336,1,140,2,1,3,1,77,16,180,300,3,5
337,1,507,2,2,3,2,91,4,180,300,4,5
338,1,136,2,1,3,1,89,41,0,300,3,5
339,1,33,2,2,3,3,48,75,60,180,2,5
340,1,182,2,2,3,1,58,59,60,180,2,5
341,1,65,2,1,3,2,46,24,180,300,1,5
342,1,349,2,2,3,3,13,79,0,300,2,5
343,1,335,2,2,3,3,76,64,60,180,2,5
344,1,146,2,1,3,2,87,16,60,180,2,5
345,1,24,2,1,3,2,49,42,60,180,1,5
346,1,133,2,2,3,2,69,5,180,300,4,5
347,1,91,2,1,3,3,31,58,0,300,1,5
348,1,202,2,2,3,3,20,59,420,540,4,5
349,1,169,2,1,3,1,42,89,180,300,4,5
350,1,357,2,2,3,2,38,88,60,180,4,5
351,1,244,2,1,3,1,23,98,60,180,2,5
352,1,420,2,2,3,3,7,19,420,540,1,5
353,1,138,2,1,3,3,18,59,60,180,1,5
354,1,387,2,2,3,3,27,52,0,300,1,5
355,1,54,2,1,3,3,6,82,0,300,4,5
356,1,300,2,2,3,1,26,78,420,540,3,5
357,1,579,2,1,3,1,99,46,0,300,1,5
358,1,524,2,2,3,2,5,79,180,300,3,5
359,1,562,2,1,3,3,98,2,0,300,1,5
360,1,447,2,1,3,1,2,27,180,300,2,5
361,1,489,2,2,3,3,51,39,0,300,1,5
362,1,54,2,2,3,2,36,73,180,300,2,5
363,1,173,2,2,3,3,2,80,300,420,2,5
364,1,156,2,1,3,3,82,99,60,180,1,5
365,1,260,2,1,3,3,61,89,0,300,3,5
366,1,556,2,2,3,3,69,53,300,600,1,5
367,1,461,2,2,3,2,68,15,0,300,1,5
368,1,259,2,2,3,1,80,82,0,300,1,5
369,1,123,2,1,3,1,90,79,60,180,3,5
370,1,231,2,1,3,3,41,5,60,180,1,5
371,1,478,2,2,3,1,55,57,300,600,3,5
372,1,167,2,2,3,3,2,33,420,540,3,5
373,1,140,2,1,3,1,67,20,0,300,3,5
374,1,73,2,2,3,2,72,30,0,300,4,5
375,1,501,2,1,3,1,95,40,180,300,2,5
376,1,209,2,2,3,3,90,63,300,600,2,5
377,1,507,2,1,3,2,44,43,180,300,4,5
378,1,239,2,2,3,2,52,79,0,300,1,5
379,1,114,2,1,3,1,77,5,180,300,2,5
380,1,352,2,2,3,1,7,27,420,540,1,5
381,1,360,2,2,3,3,7,34,180,300,2,5
382,1,591,2,2,3,3,55,10,180,300,1,5
383,1,470,2,2,3,2,60,10,180,300,3,5
384,1,170,2,2,3,1,80,90,420,540,2,5
385,1,418,2,2,3,3,44,40,420,540,4,5
386,1,597,2,2,3,2,79,92,0,300,1,5
387,1,191,2,1,3,3,77,73,0,300,1,5
388,1,538,2,2,3,3,15,18,180,300,2,5
389,1,221,2,2,3,3,37,12,300,420,2,5
390,1,17,2,1,3,1,65,96,0,300,2,5
391,1,348,2,2,3,3,85,76,300,420,1,5
392,1,468,2,2,3,2,40,60,60,180,4,5
393,1,409,2,2,3,3,75,64,180,300,4,5
394,1,456,2,2,3,3,90,82,420,540,2,5
395,1,78,2,2,3,3,59,4,0,300,3,5
396,1,383,2,2,3,1,18,15,60,180,1,5
397,1,497,2,2,3,2,20,51,180,300,1,5
398,1,345,2,1,3,3,91,66,0,300,4,5
399,1,93,2,2,3,3,13,34,300,600,3,5
400,1,54,2,1,3,2,40,98,60,180,3,5
401,1,91,2,2,3,2,29,0,0,300,2,5
402,1,382,2,2,3,1,34,96,180,300,1,5
403,1,470,2,2,3,1,17,51,60,180,4,5
404,1,522,2,2,3,3,30,23,180,300,2,5
405,1,269,2,2,3,2,82,90,60,180,2,5
406,1,209,2,1,3,2,78,93,60,180,1,5
407,1,440,2,1,3,2,83,15,0,300,2,5
408,1,422,2,2,3,1,34,31,300,420,2,5
409,1,225,2,2,3,2,50,90,60,180,3,5
410,1,308,2,2,3,1,19,46,60,180,4,5
411,1,245,2,2,3,2,62,63,180,300,3,5
412,1,504,2,2,3,3,5,40,0,300,3,5
413,1,126,2,2,3,3,39,51,420,540,4,5
414,1,417,2,2,3,1,0,75,0,300,2,5
415,1,62,2,2,3,2,17,2,60,180,1,5
416,1,238,2,2,3,1,37,8,300,600,1,5
417,1,105,2,2,3,1,92,75,0,300,4,5
418,1,73,2,1,3,3,43,26,60,180,3,5
419,1,345,2,1,3,3,57,27,180,300,4,5
420,1,547,2,2,3,1,29,92,0,300,2,5
421,1,548,2,2,3,3,68,79,0,300,1,5
422,1,510,2,1,3,1,30,17,180,300,4,5
423,1,548,2,1,3,2,66,74,180,300,4,5
424,1,110,2,2,3,3,13,72,180,300,2,5
425,1,357,2,1,3,2,86,66,60,180,4,5
426,1,266,2,2,3,3,28,19,420,540,4,5
427,1,193,2,1,3,1,5,47,0,300,3,5
428,1,223,2,2,3,2,61,11,420,540,4,5
429,1,433,2,2,3,3,3,74,180,300,1,5
430,1,547,2,2,3,3,53,72,0,300,2,5
431,1,135,2,2,3,3,25,33,0,300,3,5
432,1,365,2,2,3,1,27,84,0,300,1,5
433,1,499,2,2,3,3,9,19,300,420,1,5
434,1,106,2,1,3,1,52,42,60,180,2,5
435,1,464,2,2,3,1,79,48,60,180,1,5
436,1,143,2,1,3,3,33,66,60,180,3,5
437,1,68,2,2,3,1,3,6,420,540,2,5
438,1,537,2,2,3,3,76,73,300,600,3,5
439,1,420,2,2,3,2,77,53,60,180,2,5
440,1,383,2,2,3,1,33,26,0,300,3,5
441,1,322,2,1,3,1,32,84,180,300,3,5
442,1,294,2,1,3,3,33,25,60,180,1,5
443,1,480,2,1,3,1,10,38,60,180,3,5
444,5,387,5,2,3,2,50,19,420,540,2,5
445,5,62,6,2,3,2,77,69,180,300,1,5
446,3,166,3,2,3,3,32,80,420,540,2,5
447,3,87,3,2,3,2,48,72,420,540,2,5
448,12,242,12,2,3,1,48,60,300,420,2,5
449,8,215,9,2,3,2,88,63,0,300,1,5
450,11,570,12,2,3,2,76,94,0,300,4,5
451,14,575,16,2,3,2,42,11,180,300,1,5
452,8,492,10,2,3,1,40,39,0,300,1,5
453,3,475,5,2,3,2,5,22,300,600,3,5
454,8,505,10,2,3,3,37,24,180,300,1,5
455,10,468,12,2,3,2,88,71,180,300,3,5
456,13,476,15,2,3,3,92,18,180,300,4,5
457,9,140,9,2,3,3,59,47,420,540,4,5
458,3,156,4,1,3,1,6,18,60,180,2,5
459,11,10,12,2,3,3,29,21,0,300,2,5
460,7,141,9,2,3,1,4,91,60,180,2,5
461,6,352,6,2,3,2,21,27,420,540,2,5
462,4,552,5,1,3,1,86,13,60,180,2,5
463,5,50,6,1,3,1,22,2,180,300,1,5
464,5,478,7,2,3,1,38,95,60,180,3,5
465,12,2,12,1,3,3,28,21,60,180,2,5
466,3,24,3,1,3,2,67,24,60,180,4,5
467,13,177,13,2,3,3,2,10,300,600,1,5
468,1,190,1,2,3,3,77,41,420,540,1,5
469,12,22,13,2,3,3,70,5,0,300,4,5
470,4,260,4,2,3,3,47,3,420,540,4,5
471,8,149,8,1,3,2,6,93,180,300,2,5
472,2,319,2,2,3,2,77,0,420,540,3,5
473,2,272,2,2,3,1,44,99,420,540,2,5
474,13,378,15,2,3,2,65,27,0,300,4,5
475,14,62,16,1,3,2,52,2,60,180,1,5
476,12,281,13,2,3,2,83,44,180,300,1,5
477,10,599,12,1,3,3,32,55,60,180,1,5
478,14,281,14,2,3,1,66,92,420,540,2,5
479,11,187,12,1,3,1,35,18,60,180,4,5
480,9,146,9,2,3,1,77,61,180,300,1,5
481,11,161,11,1,3,3,21,51,180,300,1,5
482,8,302,8,2,3,2,84,27,420,540,2,5
483,9,381,11,2,3,1,26,27,420,540,1,5
484,9,250,10,2,3,2,58,71,180,300,2,5
485,2,196,3,1,3,3,64,78,60,180,1,5
486,12,562,14,2,3,3,92,36,300,420,3,5
487,13,342,14,1,3,3,62,38,60,180,4,5
488,6,499,8,2,3,1,61,21,300,420,2,5
489,12,337,12,2,3,1,78,23,420,540,3,5
490,13,204,13,2,3,2,77,92,420,540,2,5
491,4,340,5,2,3,3,27,60,420,540,1,5
492,13,238,13,2,3,2,13,100,300,600,1,5
493,3,426,5,1,3,1,72,46,60,180,1,5
494,9,528,10,2,3,2,11,58,420,540,3,5
495,14,491,15,1,3,3,42,2,180,300,3,5
496,4,62,4,2,3,3,31,23,300,600,1,5
497,8,383,8,2,3,2,97,76,420,540,2,5
498,1,278,2,2,3,1,96,19,420,540,2,5
499,6,418,7,1,3,1,60,71,180,300,4,5
500,6,527,8,2,3,3,49,57,300,600,4,5
501,14,516,15,2,3,1,26,74,300,600,1,5
502,8,466,10,2,3,2,27,73,60,180,3,5
503,9,593,11,2,3,1,22,98,0,300,2,5
504,3,311,4,2,3,1,44,85,420,540,1,5
505,4,590,5,1,3,2,18,78,0,300,3,5
506,13,491,14,2,3,1,80,95,0,300,3,5
507,9,228,10,2,3,2,61,56,420,540,4,5
508,10,0,11,2,3,3,76,0,180,300,4,5
509,9,270,10,1,3,3,89,19,180,300,1,5
510,12,389,12,2,3,1,63,68,420,540,4,5
511,13,250,13,2,3,2,95,50,300,600,3,5
512,14,57,15,2,3,1,82,94,420,540,1,5
513,10,132,10,1,3,2,74,78,180,300,2,5
514,8,405,10,1,3,2,80,42,0,300,4,5
515,13,450,15,1,3,2,50,43,0,300,2,5
516,13,600,15,1,3,2,60,57,180,300,1,5
517,5,97,5,2,3,1,8,84,420,540,2,5
518,4,349,5,2,3,3,11,76,180,300,2,5
519,12,395,13,1,3,1,63,5,0,300,3,5
520,9,135,9,1,3,2,20,12,180,300,2,5
521,2,485,3,2,3,2,99,75,0,300,4,5
522,12,339,13,2,3,3,98,98,0,300,2,5
523,3,245,3,2,3,2,33,11,300,600,4,5
524,6,548,7,2,3,3,58,41,0,300,4,5
525,8,211,9,2,3,1,24,81,0,300,3,5
526,14,130,15,2,3,1,47,55,60,180,4,5
527,13,215,14,2,3,1,37,34,420,540,2,5
528,13,479,15,2,3,2,74,0,420,540,2,5
529,3,68,3,1,3,1,84,38,180,300,2,5
530,1,349,2,2,3,1,25,79,300,420,1,5
531,11,542,13,2,3,3,88,29,420,540,3,5
532,7,400,7,2,3,2,73,97,420,540,1,5
533,8,67,9,1,3,3,20,38,60,180,4,5
534,2,255,2,2,3,3,92,95,300,600,4,5
535,6,484,7,2,3,2,52,60,60,180,1,5
536,7,536,8,1,3,1,95,78,0,300,2,5
537,6,500,7,2,3,1,54,44,420,540,4,5
538,8,146,8,1,3,3,22,49,180,300,1,5
539,12,524,13,2,3,3,82,43,0,300,2,5
540,10,305,12,2,3,1,30,57,180,300,1,5
541,5,558,7,2,3,2,54,50,60,180,4,5
542,11,205,11,2,3,2,7,83,420,540,3,5
543,5,167,6,2,3,3,4,75,0,300,3,5
544,4,83,4,2,3,2,91,35,420,540,4,5
545,14,478,16,2,3,3,43,100,180,300,4,5
546,7,88,7,2,3,2,92,79,300,420,3,5
547,6,380,7,2,3,3,29,9,0,300,2,5
548,6,589,8,1,3,3,23,55,180,300,4,5
549,5,311,5,2,3,1,83,65,420,540,4,5
550,14,233,14,2,3,1,75,69,300,600,3,5
551,7,250,7,2,3,2,4,85,420,540,4,5
552,11,232,12,1,3,3,69,64,0,300,2,5
553,5,337,5,2,3,1,78,41,420,540,2,5
554,8,60,10,2,3,1,76,23,0,300,4,5
555,1,209,1,2,3,2,81,59,420,540,3,5
556,13,152,13,2,3,2,72,50,300,600,3,5
557,6,230,6,2,3,2,12,47,300,600,3,5
558,2,412,3,2,3,3,87,28,60,180,1,5
559,13,370,13,2,3,2,29,5,420,540,3,5
560,4,441,6,2,3,1,73,12,420,540,4,5
561,7,66,8,2,3,3,0,25,420,540,1,5
562,1,169,1,1,3,1,7,72,180,300,4,5
563,10,78,10,2,3,3,65,11,420,540,2,5
564,6,300,6,2,3,2,99,0,420,540,4,5
565,12,391,13,1,3,2,47,26,180,300,1,5
566,5,174,6,2,3,3,53,32,300,420,2,5
567,12,494,13,2,3,3,55,90,180,300,4,5
568,12,472,14,1,3,1,23,22,180,300,1,5
569,5,242,5,2,3,2,63,4,300,420,1,5
570,2,463,3,2,3,1,84,70,180,300,1,5
571,1,515,2,1,3,2,15,15,180,300,1,5
572,14,347,16,2,3,1,64,9,180,300,4,5
573,9,398,9,2,3,3,5,64,420,540,3,5
574,13,505,14,1,3,1,43,82,0,300,2,5
575,3,426,4,2,3,2,98,52,180,300,3,5
576,12,245,12,2,3,2,86,56,420,540,4,5
577,3,470,4,2,3,1,42,62,60,180,3,5
578,13,258,14,2,3,2,13,72,420,540,4,5
579,9,500,10,2,3,3,2,39,0,300,3,5
580,5,445,6,1,3,2,56,7,0,300,4,5
581,4,214,4,2,3,3,28,29,420,540,3,5
582,9,170,9,2,3,2,21,23,180,300,3,5
583,1,205,1,2,3,2,72,69,300,420,3,5
584,11,412,12,2,3,2,32,11,420,540,4,5
585,1,95,2,1,3,1,68,80,180,300,2,5
586,14,14,15,2,3,2,100,18,180,300,3,5
587,14,408,14,2,3,3,66,9,420,540,4,5
588,8,554,10,2,3,2,54,27,0,300,2,5
589,12,100,12,1,3,2,18,17,180,300,1,5
590,10,34,11,2,3,3,99,84,60,180,4,5
591,6,266,6,2,3,2,97,75,420,540,4,5
592,10,442,11,2,3,1,56,1,300,420,4,5
593,4,144,5,1,3,2,45,35,0,300,1,5
594,2,433,3,2,3,2,46,98,0,300,3,5
595,12,135,12,1,3,3,91,38,180,300,3,5
596,6,365,6,2,3,2,16,60,420,540,3,5
597,3,517,4,2,3,2,42,21,0,300,4,5
598,14,344,15,2,3,3,63,54,180,300,3,5
599,7,79,7,2,3,2,27,54,300,420,1,5
600,12,384,14,2,3,2,40,90,300,420,2,5
601,10,455,11,2,3,1,50,65,180,300,4,5
602,10,106,10,2,3,3,57,68,180,300,1,5
603,12,493,14,2,3,2,10,74,60,180,2,5
604,9,402,9,2,3,1,39,44,420,540,3,5
605,5,75,6,2,3,3,82,45,60,180,1,5
606,11,445,13,2,3,2,8,18,300,600,2,5
607,12,283,12,2,3,3,13,79,300,600,1,5
608,8,387,8,2,3,2,32,94,420,540,2,5
609,4,505,6,2,3,2,50,23,420,540,2,5
610,4,211,5,1,3,2,90,74,60,180,1,5
611,3,200,4,1,3,2,58,0,60,180,1,5
612,14,16,14,2,3,2,91,79,420,540,4,5
613,12,239,14,1,3,1,46,26,180,300,4,5
614,10,329,10,2,3,2,11,19,420,540,1,5
615,3,439,5,2,3,1,89,81,420,540,3,5
616,8,118,8,2,3,2,84,95,180,300,4,5
617,4,233,4,2,3,1,87,45,420,540,4,5
618,12,486,13,1,3,1,39,62,60,180,2,5
619,9,459,11,1,3,1,43,81,180,300,4,5
620,13,524,15,2,3,3,92,9,0,300,4,5
621,11,304,11,2,3,3,99,1,420,540,2,5
622,1,470,3,2,3,2,21,56,60,180,4,5
623,4,114,4,1,3,2,93,80,180,300,3,5
624,7,311,7,2,3,3,4,30,420,540,2,5
625,7,163,7,2,3,1,27,39,300,600,4,5
626,3,80,4,2,3,1,63,48,180,300,4,5
627,13,39,13,2,3,3,78,73,420,540,4,5
628,11,458,12,2,3,2,34,93,180,300,3,5
629,14,301,14,2,3,3,55,100,420,540,3,5
630,14,396,16,2,3,3,73,55,180,300,4,5
631,13,208,14,2,3,2,70,65,0,300,4,5
632,5,219,5,2,3,1,12,89,420,540,4,5
633,14,69,14,2,3,3,45,61,300,420,1,5
634,8,569,9,2,3,3,14,73,0,300,4,5
635,5,106,6,2,3,2,97,65,60,180,4,5
636,4,346,5,2,3,3,30,56,60,180,1,5
637,2,392,2,2,3,3,64,23,420,540,1,5
638,7,275,8,1,3,1,16,27,0,300,4,5
639,12,377,12,2,3,1,29,56,420,540,1,5
640,11,597,12,1,3,2,37,23,60,180,2,5
641,12,590,13,2,3,3,73,49,180,300,2,5
642,4,378,4,2,3,3,88,7,420,540,4,5
643,6,437,7,2,3,1,61,46,0,300,3,5
644,5,142,6,2,3,3,91,41,0,300,4,5
645,6,217,6,2,3,3,61,67,300,420,1,5
646,14,488,15,1,3,2,44,62,180,300,2,5
647,4,319,4,2,3,1,83,58,420,540,4,5
648,6,166,6,2,3,3,79,81,180,300,3,5
649,3,554,5,2,3,2,25,42,0,300,1,5
650,10,221,10,2,3,3,2,52,300,600,4,5
651,10,414,10,2,3,1,39,73,420,540,2,5
652,12,436,14,2,3,2,38,12,60,180,3,5
653,3,295,3,2,3,3,81,0,420,540,2,5
654,11,135,11,2,3,2,93,95,180,300,2,5
655,1,584,3,2,3,3,29,100,180,300,2,5
656,12,151,12,2,3,2,48,15,300,420,2,5
657,2,315,3,2,3,3,89,10,0,300,2,5
658,14,486,16,2,3,2,6,67,300,420,4,5
659,6,423,7,2,3,2,33,18,420,540,3,5
660,12,222,12,2,3,3,100,47,420,540,2,5
661,8,136,8,1,3,3,2,15,180,300,3,5
662,1,234,1,2,3,3,36,39,300,600,3,5
663,11,65,11,2,3,3,86,13,300,420,1,5
664,1,34,1,1,3,3,52,31,60,180,2,5
665,3,231,3,2,3,3,95,50,420,540,2,5
666,3,229,4,2,3,2,20,81,300,600,2,5
667,14,148,15,1,3,1,38,97,180,300,2,5
668,1,472,2,2,3,3,48,58,420,540,2,5
669,11,578,12,2,3,2,8,85,300,420,3,5
670,7,11,7,1,3,1,20,46,60,180,3,5
671,10,346,10,2,3,3,34,36,420,540,3,5
672,14,40,15,2,3,1,73,86,60,180,1,5
673,14,504,15,2,3,3,43,62,300,600,1,5
674,11,110,11,1,3,1,69,2,180,300,1,5
675,2,207,3,1,3,2,98,39,180,300,1,5
676,9,169,9,2,3,1,60,37,180,300,2,5
677,3,421,4,2,3,3,42,73,300,420,1,5
678,3,500,5,2,3,3,1,35,300,420,4,5
679,1,523,3,1,3,1,34,25,0,300,1,5
680,11,32,11,1,3,2,2,69,60,180,1,5
681,3,15,3,1,3,2,95,80,60,180,4,5
682,13,334,14,1,3,1,2,50,180,300,3,5
683,12,313,13,2,3,1,81,26,300,420,4,5
684,10,493,12,2,3,1,93,0,60,180,3,5
685,4,589,5,2,3,2,54,40,420,540,4,5
686,8,317,8,2,3,3,15,27,420,540,3,5
687,14,175,14,2,3,1,82,50,300,600,2,5
688,6,66,7,2,3,3,39,73,0,300,4,5
689,2,211,2,2,3,2,12,58,300,600,3,5
690,4,588,5,2,3,2,61,32,420,540,4,5
691,9,23,9,2,3,3,32,10,180,300,2,5
692,4,20,5,1,3,2,97,36,180,300,4,5
693,8,370,8,2,3,1,75,0,420,540,3,5
694,13,573,15,1,3,3,97,25,60,180,3,5
695,13,208,13,2,3,2,15,83,300,420,3,5
696,11,1,11,2,3,3,60,83,300,600,2,5
697,6,218,7,1,3,1,15,8,60,180,3,5
698,1,322,1,2,3,3,1,44,420,540,1,5
699,5,315,6,1,3,2,43,88,60,180,4,5
700,4,38,6,2,3,1,52,8,60,180,4,5
701,3,245,3,2,3,2,34,21,300,420,2,5
702,2,148,3,1,3,1,63,5,180,300,2,5
703,12,395,12,2,3,1,68,77,420,540,2,5
704,2,584,3,2,3,2,79,76,0,300,3,5
705,7,431,8,1,3,2,93,99,180,300,2,5
706,10,453,11,1,3,3,9,40,180,300,1,5
707,10,259,10,2,3,2,79,84,300,420,3,5
708,7,8,7,1,3,3,43,54,60,180,1,5
709,10,440,11,2,3,2,35,6,420,540,2,5
710,7,396,8,1,3,2,81,95,60,180,3,5
711,5,259,7,2,3,1,56,60,300,600,3,5
712,1,562,2,1,3,1,73,7,0,300,1,5
713,3,388,4,1,3,2,29,34,180,300,2,5
714,4,472,5,2,3,2,76,33,0,300,3,5
715,10,202,11,2,3,1,61,24,180,300,1,5
716,10,151,10,1,3,1,51,31,180,300,4,5
717,8,293,8,2,3,1,23,90,300,600,4,5
718,10,336,10,2,3,1,6,56,420,540,4,5
719,4,462,6,2,3,2,80,71,180,300,3,5
720,12,193,13,1,3,3,15,12,0,300,4,5
721,8,58,9,1,3,3,47,10,0,300,2,5
722,11,579,13,2,3,2,80,57,420,540,3,5
723,10,474,12,2,3,3,57,54,60,180,2,5
724,7,221,8,2,3,3,73,94,60,180,2,5
725,4,127,4,1,3,3,12,70,180,300,2,5
726,7,309,7,2,3,3,9,1,420,540,4,5
727,8,205,10,2,3,3,30,36,300,600,3,5
728,12,242,12,2,3,2,70,45,420,540,4,5
729,2,486,4,2,3,1,13,28,180,300,2,5
730,10,122,10,2,3,1,70,63,300,420,4,5
731,1,410,2,2,3,2,67,46,180,300,1,5
732,6,466,8,2,3,3,96,78,0,300,1,5
733,12,279,12,2,3,2,70,37,420,540,2,5
734,3,25,3,2,3,2,12,95,420,540,3,5
735,13,429,14,2,3,3,80,61,180,300,4,5
736,6,354,6,2,3,2,7,25,420,540,4,5
737,13,130,13,2,3,1,62,73,180,300,3,5
738,8,492,10,2,3,2,73,30,420,540,1,5
739,8,279,8,2,3,2,61,96,300,420,3,5
740,14,209,14,2,3,1,82,1,420,540,3,5
741,2,294,2,2,3,2,53,0,420,540,1,5
742,5,254,5,2,3,3,4,32,300,600,4,5
743,7,516,8,2,3,2,72,93,60,180,4,5
744,4,169,4,2,3,1,81,69,300,600,1,5
745,14,398,15,1,3,1,92,61,60,180,4,5
746,13,350,14,2,3,1,39,61,420,540,4,5
747,6,226,6,2,3,3,38,9,300,420,1,5
748,6,333,6,2,3,2,42,84,420,540,1,5
749,10,65,10,1,3,2,99,64,180,300,2,5
750,10,220,10,2,3,2,87,8,300,420,4,5
751,7,464,9,2,3,3,40,5,420,540,4,5
752,6,576,7,2,3,3,10,62,180,300,1,5
753,14,273,15,1,3,3,20,12,0,300,1,5
754,1,298,1,2,3,2,86,20,420,540,1,5
755,5,514,6,2,3,2,56,41,180,300,1,5
756,14,474,16,2,3,2,21,46,180,300,3,5
757,1,50,1,2,3,3,63,64,420,540,4,5
758,9,294,9,2,3,1,90,43,300,600,3,5
759,13,103,13,2,3,3,99,40,300,600,2,5
760,10,547,11,2,3,3,65,48,300,420,4,5
761,6,399,6,2,3,3,66,25,420,540,2,5
762,10,524,11,1,3,1,31,81,60,180,1,5
763,9,421,10,2,3,2,92,58,420,540,3,5
764,3,140,4,1,3,2,48,55,180,300,4,5
765,11,224,13,2,3,2,47,9,0,300,3,5
766,11,106,11,1,3,3,27,41,180,300,4,5
767,8,420,9,1,3,3,47,99,0,300,4,5
768,4,114,5,2,3,1,19,78,420,540,4,5
769,9,55,9,2,3,3,10,46,60,180,4,5
770,9,80,10,1,3,3,83,35,0,300,4,5
771,8,77,8,2,3,3,49,70,180,300,2,5
772,8,462,9,1,3,3,95,34,180,300,4,5
773,9,447,10,2,3,1,24,44,420,540,2,5
774,6,111,6,2,3,2,8,36,180,300,1,5
775,13,53,13,1,3,3,44,95,60,180,2,5
776,6,40,6,1,3,2,14,42,60,180,1,5
777,2,61,2,1,3,1,89,26,180,300,3,5
778,5,573,7,1,3,1,90,81,60,180,1,5
779,3,153,4,2,3,2,26,44,180,300,1,5
780,13,540,15,2,3,3,26,67,180,300,2,5
781,14,330,16,2,3,1,50,97,0,300,1,5
782,11,197,11,2,3,3,35,17,300,600,4,5
783,8,530,10,1,3,3,40,44,180,300,4,5
784,7,401,7,2,3,2,95,2,420,540,1,5
785,1,228,2,1,3,1,24,16,0,300,1,5
786,11,406,11,2,3,2,23,69,420,540,2,5
787,8,248,8,2,3,2,77,18,300,420,3,5
788,8,465,10,1,3,1,18,87,180,300,3,5
789,8,456,10,2,3,3,56,62,60,180,2,5
790,14,452,15,2,3,1,13,77,300,420,1,5
791,14,406,14,2,3,3,19,51,420,540,3,5
792,2,399,2,2,3,2,9,72,420,540,3,5
793,13,65,14,1,3,1,31,93,0,300,4,5
794,12,387,12,2,3,2,29,45,420,540,1,5
795,8,310,8,2,3,1,63,60,420,540,3,5
796,7,188,7,2,3,2,100,59,300,420,1,5
797,8,46,8,1,3,1,89,0,60,180,4,5
798,5,509,7,2,3,3,62,33,60,180,3,5
799,9,516,11,2,3,2,97,92,300,420,4,5
800,7,594,8,1,3,1,87,98,60,180,1,5
801,7,150,8,2,3,1,35,78,180,300,3,5
802,7,501,8,2,3,1,98,8,180,300,2,5
803,4,64,4,2,3,3,3,75,180,300,1,5
804,9,260,9,2,3,3,39,84,300,420,2,5
805,11,123,12,1,3,1,36,8,0,300,1,5
806,8,38,8,1,3,2,4,0,60,180,1,5
807,9,357,10,2,3,3,57,26,0,300,4,5
808,10,555,11,1,3,2,80,45,180,300,3,5
809,8,524,10,2,3,1,13,60,0,300,3,5
810,6,410,6,2,3,1,86,42,420,540,4,5
811,5,409,5,2,3,1,31,98,420,540,3,5
812,11,402,12,2,3,2,83,63,420,540,3,5
813,14,592,16,2,3,3,54,47,420,540,2,5
814,6,26,6,2,3,1,67,5,0,300,4,5
815,2,565,3,2,3,2,93,26,0,300,2,5
816,5,141,5,2,3,3,29,96,180,300,3,5
817,11,335,12,1,3,3,6,78,180,300,2,5
818,7,62,7,2,3,1,7,13,300,420,4,5
819,12,135,12,1,3,1,51,16,180,300,3,5
820,1,373,1,2,3,3,69,67,420,540,2,5
821,3,439,5,2,3,2,93,27,300,600,2,5
822,7,5,7,2,3,1,21,7,0,300,2,5
823,2,535,3,1,3,1,49,32,180,300,4,5
824,10,51,10,2,3,3,42,18,420,540,2,5
825,4,308,4,2,3,1,78,30,420,540,2,5
826,5,201,6,2,3,2,61,3,420,540,3,5
827,14,461,16,2,3,3,46,3,180,300,4,5
828,9,432,11,2,3,1,77,98,300,600,4,5
829,2,29,2,2,3,3,90,69,420,540,2,5
830,10,188,10,2,3,1,63,14,300,600,3,5
831,4,131,5,2,3,1,36,95,60,180,3,5
832,8,294,10,2,3,3,22,26,60,180,4,5
833,9,548,10,1,3,1,55,70,60,180,4,5
834,8,301,9,1,3,1,40,33,60,180,1,5
835,1,425,3,2,3,3,1,53,180,300,4,5
836,8,466,9,2,3,1,13,5,0,300,4,5
837,14,410,14,2,3,1,77,80,420,540,3,5
838,6,400,7,1,3,3,83,67,60,180,1,5
839,7,55,7,1,3,3,92,29,60,180,4,5
840,13,319,13,2,3,2,43,49,420,540,1,5
841,9,6,9,1,3,1,79,93,60,180,3,5
842,5,509,6,1,3,3,59,7,60,180,4,5
843,4,102,4,2,3,2,0,47,180,300,2,5
844,4,520,6,1,3,3,21,48,0,300,2,5
845,11,296,11,2,3,1,17,4,420,540,4,5
846,7,107,7,2,3,1,8,18,420,540,3,5
847,11,283,11,2,3,2,9,47,420,540,3,5
848,11,404,11,2,3,1,53,37,420,540,3,5
849,10,574,11,1,3,3,92,13,180,300,4,5
850,7,167,8,1,3,1,53,83,60,180,3,5
851,2,582,4,2,3,3,41,12,180,300,1,5
852,10,68,10,2,3,1,83,0,180,300,1,5
853,14,230,15,1,3,3,6,36,180,300,2,5
854,1,56,1,1,3,3,94,58,60,180,3,5
855,1,215,1,2,3,3,82,77,300,420,1,5
856,14,479,16,2,3,3,59,24,0,300,1,5
857,4,346,4,2,3,3,89,24,420,540,3,5
858,4,593,5,1,3,3,86,10,180,300,3,5
859,8,418,9,2,3,2,33,53,0,300,3,5
860,2,430,4,2,3,3,33,24,180,300,4,5
861,7,424,9,2,3,3,42,74,60,180,1,5
862,7,258,7,2,3,2,7,63,300,600,2,5
863,6,289,6,2,3,1,14,21,300,600,3,5
864,11,143,11,2,3,1,45,46,300,420,4,5
865,4,61,4,1,3,3,32,1,180,300,4,5
866,14,562,16,1,3,2,24,51,0,300,2,5
867,8,469,9,1,3,3,34,26,180,300,3,5
868,13,438,14,1,3,3,6,57,60,180,1,5
869,7,288,7,2,3,3,38,16,420,540,1,5
870,9,309,10,1,3,3,45,29,60,180,1,5
871,2,131,3,2,3,2,78,69,60,180,3,5
872,10,421,11,1,3,3,22,76,60,180,3,5
873,13,494,15,2,3,1,84,76,180,300,2,5
874,2,309,3,2,3,1,8,66,300,600,3,5
875,14,433,15,1,3,2,52,82,180,300,1,5
876,4,183,5,1,3,3,70,82,60,180,1,5
877,14,495,16,1,3,3,78,54,60,180,1,5
878,8,492,10,1,3,3,94,77,0,300,1,5
879,12,389,12,2,3,1,24,15,420,540,3,5
880,11,293,12,2,3,2,94,21,0,300,3,5
881,1,195,2,2,3,3,84,25,420,540,1,5
882,11,579,12,1,3,2,53,92,60,180,1,5
883,8,287,8,2,3,3,14,68,300,600,4,5
884,1,423,2,2,3,2,50,74,180,300,3,5
885,6,70,7,2,3,3,13,49,0,300,1,5
886,14,156,15,2,3,3,47,54,0,300,4,5
887,4,331,4,2,3,2,98,14,420,540,2,5
888,3,86,3,2,3,2,21,48,420,540,4,5
889,5,487,7,1,3,1,15,14,60,180,2,5
890,1,185,1,2,3,2,48,26,300,600,1,5
891,5,424,7,1,3,3,54,88,180,300,2,5
892,5,574,7,2,3,2,26,100,300,420,2,5
893,2,593,3,2,3,2,45,29,60,180,3,5
894,6,407,6,2,3,1,9,44,420,540,1,5
895,2,42,2,2,3,1,73,90,180,300,4,5
896,13,590,14,1,3,1,13,60,180,300,4,5
897,13,478,15,2,3,2,40,99,60,180,2,5
898,9,335,9,2,3,2,71,57,420,540,3,5
899,4,180,4,2,3,1,86,58,420,540,4,5
900,10,548,11,2,3,3,21,63,180,300,3,5
901,6,302,7,2,3,2,53,79,60,180,4,5
902,14,435,16,2,3,1,3,15,60,180,2,5
903,5,328,6,1,3,1,61,41,0,300,3,5
904,11,163,11,1,3,1,67,55,180,300,2,5
905,10,160,10,2,3,2,60,50,180,300,4,5
906,1,146,2,2,3,1,71,2,60,180,1,5
907,2,521,4,2,3,1,78,29,420,540,3,5
908,6,66,6,2,3,1,20,5,180,300,1,5
909,8,174,8,1,3,2,61,18,180,300,4,5
910,10,495,11,2,3,3,2,72,60,180,3,5
911,13,42,13,1,3,1,6,95,60,180,4,5
912,4,552,6,2,3,1,95,70,60,180,3,5
913,10,558,11,2,3,2,67,85,180,300,1,5
914,14,377,14,2,3,2,100,39,420,540,3,5
915,11,220,11,2,3,2,18,13,300,600,2,5
916,2,105,2,1,3,1,25,42,180,300,2,5
917,3,574,4,1,3,3,79,30,0,300,2,5
918,9,550,10,2,3,3,94,64,420,540,2,5
919,9,20,11,1,3,1,42,100,180,300,3,5
920,2,161,2,2,3,1,73,18,180,300,2,5
921,3,434,5,2,3,3,39,70,420,540,1,5
922,8,186,8,2,3,3,59,49,420,540,1,5
923,10,313,10,2,3,2,14,27,420,540,3,5
924,14,383,14,2,3,3,86,16,420,540,1,5
925,5,140,5,1,3,1,66,41,180,300,4,5
926,12,530,13,2,3,2,97,96,300,600,4,5
927,5,34,6,2,3,3,42,98,420,540,2,5
928,13,408,14,2,3,1,90,5,300,420,2,5
929,7,24,7,2,3,3,58,39,300,420,4,5
930,8,127,8,2,3,2,94,53,420,540,1,5
931,13,496,14,2,3,1,8,50,420,540,4,5
932,3,433,4,2,3,1,22,90,180,300,1,5
933,5,588,6,2,3,2,32,70,420,540,2,5
934,7,179,7,1,3,3,40,2,180,300,1,5
935,8,266,8,2,3,3,29,39,300,420,3,5
936,13,554,14,1,3,2,80,73,180,300,3,5
937,7,488,9,1,3,1,58,41,60,180,1,5
938,10,446,12,2,3,3,30,54,60,180,3,5
939,7,561,8,2,3,1,61,80,180,300,4,5
940,13,227,14,2,3,1,98,69,420,540,1,5
941,2,551,3,1,3,2,98,87,180,300,2,5
942,4,599,6,1,3,2,73,36,60,180,2,5
943,2,555,3,1,3,1,46,56,180,300,2,5
944,5,124,5,1,3,3,66,9,180,300,3,5
945,7,354,8,1,3,2,52,50,0,300,3,5
946,11,303,11,2,3,3,10,96,420,540,1,5
947,3,354,3,2,3,1,15,69,420,540,4,5
948,6,253,7,2,3,2,93,47,0,300,3,5
949,9,42,9,2,3,2,92,67,0,300,1,5
950,10,176,10,2,3,2,48,67,420,540,1,5
951,7,293,7,2,3,1,4,3,300,420,3,5
952,3,73,3,2,3,1,59,5,300,600,2,5
953,9,80,9,1,3,3,62,100,180,300,4,5
954,13,269,13,2,3,2,88,32,300,600,4,5
955,9,580,11,1,3,1,25,75,0,300,4,5
956,7,190,8,2,3,3,40,26,0,300,1,5
957,5,464,6,1,3,3,20,34,60,180,1,5
958,13,447,15,2,3,2,80,62,60,180,2,5
959,6,600,7,1,3,3,94,19,60,180,1,5
960,13,413,13,2,3,1,96,84,420,540,4,5
961,6,236,7,1,3,3,26,93,180,300,2,5
962,13,191,13,2,3,2,5,68,420,540,4,5
963,5,235,6,1,3,3,81,73,60,180,1,5
964,12,70,12,1,3,1,48,33,180,300,4,5
965,6,154,6,2,3,3,49,48,300,600,3,5
966,6,530,8,2,3,3,2,25,420,540,3,5
967,7,136,8,1,3,3,2,1,60,180,3,5
968,6,357,6,2,3,3,86,40,420,540,1,5
969,11,10,11,2,3,2,71,100,420,540,1,5
970,2,132,3,1,3,3,8,5,180,300,3,5
971,13,94,13,2,3,3,4,56,300,420,3,5
972,3,330,5,1,3,1,37,5,0,300,2,5
973,6,238,6,2,3,3,40,60,300,600,3,5
974,14,575,15,1,3,1,27,8,0,300,2,5
975,6,575,7,2,3,2,62,3,420,540,1,5
976,9,206,9,2,3,1,4,14,300,600,2,5
977,14,557,15,2,3,1,34,85,60,180,1,5
978,9,589,11,2,3,2,12,79,420,540,3,5
979,11,474,13,2,3,1,78,43,420,540,3,5
980,13,506,14,2,3,3,4,73,420,540,2,5
981,11,44,12,2,3,3,35,52,0,300,2,5
982,9,403,10,2,3,1,90,54,0,300,3,5
983,8,290,9,2,3,3,5,25,0,300,3,5
984,3,524,5,1,3,3,82,59,0,300,1,5
985,12,197,13,1,3,3,37,46,180,300,4,5
986,4,101,4,1,3,3,98,74,180,300,3,5
987,7,370,7,2,3,3,29,86,420,540,1,5
988,10,129,10,2,3,2,93,4,180,300,2,5
989,9,304,9,2,3,1,63,48,420,540,3,5
990,7,480,9,2,3,3,52,89,180,300,1,5
991,6,575,8,2,3,3,8,46,180,300,3,5
992,1,419,1,2,3,2,47,30,420,540,1,5
993,4,9,5,1,3,2,44,100,60,180,4,5
994,7,124,9,2,3,1,83,24,0,300,2,5
995,4,205,4,2,3,1,83,26,420,540,4,5
996,6,376,6,2,3,2,48,17,420,540,1,5
997,8,413,8,2,3,3,94,94,420,540,4,5
998,14,418,15,2,3,3,64,18,420,540,1,5
999,13,363,14,1,3,3,0,1,0,300,4,5
1000,14,420,14,2,3,2,46,6,420,540,2,5
1001,7,588,9,2,3,2,88,47,300,600,1,5
1002,14,261,14,2,3,3,87,93,300,600,4,5
1003,13,506,15,2,3,2,24,39,420,540,2,5
1004,11,380,12,2,3,1,19,20,300,600,3,5
1005,5,597,7,1,3,3,7,93,60,180,4,5
1006,10,383,10,2,3,1,98,93,420,540,4,5
1007,1,285,2,2,3,1,38,68,420,540,1,5
1008,2,191,3,2,3,1,63,23,0,300,2,5
1009,12,157,12,1,3,3,94,62,180,300,4,5
1010,2,465,3,2,3,2,25,25,60,180,1,5
1011,9,515,10,2,3,2,60,31,0,300,3,5
1012,13,210,13,2,3,3,59,68,300,600,1,5
1013,10,434,12,2,3,2,91,46,60,180,4,5
1014,4,395,4,2,3,3,26,10,420,540,4,5
1015,13,225,13,2,3,2,58,8,420,540,4,5
1016,9,12,9,1,3,1,87,82,60,180,3,5
1017,9,28,9,2,3,2,40,33,420,540,3,5
1018,13,39,14,1,3,3,19,91,0,300,3,5
1019,2,411,3,2,3,1,43,87,420,540,1,5
1020,10,461,11,2,3,3,99,71,420,540,3,5
1021,13,302,13,2,3,3,81,3,420,540,1,5
1022,1,7,2,2,3,2,58,73,300,420,2,5
1023,10,171,10,1,3,1,8,71,180,300,4,5
1024,14,85,14,2,3,2,22,11,420,540,2,5
1025,6,141,6,2,3,1,0,99,180,300,3,5
1026,13,487,14,2,3,3,64,43,60,180,4,5
1027,2,294,2,2,3,2,72,8,300,420,3,5
1028,7,118,8,1,3,3,2,25,60,180,3,5
1029,9,415,9,2,3,1,93,13,420,540,1,5
1030,11,386,12,2,3,2,32,29,300,420,1,5
1031,2,232,2,2,3,3,78,52,300,600,2,5
1032,13,127,13,2,3,2,23,96,420,540,1,5
1033,9,61,10,1,3,3,2,55,0,300,4,5
1034,13,328,14,2,3,1,21,96,420,540,1,5
1035,3,125,4,1,3,2,49,25,0,300,2,5
1036,4,421,5,2,3,1,23,97,0,300,2,5
1037,4,161,4,2,3,1,4,29,420,540,1,5
1038,8,227,9,1,3,3,64,57,180,300,3,5
1039,1,393,1,2,3,2,16,50,420,540,2,5
1040,9,107,9,2,3,2,61,49,420,540,3,5
1041,7,448,9,2,3,3,18,85,300,600,2,5
1042,2,379,2,2,3,2,42,86,420,540,1,5
1043,10,534,11,2,3,2,5,97,0,300,2,5
1044,13,270,13,2,3,3,19,46,300,600,2,5
1045,13,432,15,1,3,1,30,34,0,300,1,5
1046,13,131,14,2,3,2,51,41,420,540,3,5
1047,3,314,3,2,3,3,93,63,420,540,2,5
1048,2,153,3,2,3,3,89,15,60,180,2,5
1049,7,438,8,2,3,3,28,21,420,540,1,5
1050,4,77,5,2,3,2,24,46,180,300,4,5
1051,1,263,1,2,3,3,27,53,300,600,2,5
1052,12,313,13,2,3,3,50,65,60,180,2,5
1053,13,510,14,2,3,1,90,15,300,420,4,5
1054,1,20,1,2,3,2,84,99,0,300,3,5
1055,14,44,14,2,3,3,71,77,60,180,1,5
1056,11,284,11,2,3,2,16,38,420,540,3,5
1057,4,481,6,2,3,3,84,42,180,300,1,5
1058,12,58,13,2,3,1,83,23,420,540,3,5
1059,7,255,7,2,3,3,45,70,420,540,3,5
1060,12,395,12,2,3,2,95,30,420,540,4,5
1061,13,528,14,2,3,2,57,55,180,300,3,5
1062,10,398,11,2,3,1,38,48,60,180,2,5
1063,14,210,16,1,3,3,66,9,180,300,2,5
1064,10,26,10,2,3,3,100,71,180,300,1,5
1065,14,435,16,2,3,2,55,95,60,180,2,5
1066,14,355,14,2,3,3,96,99,420,540,1,5
1067,12,254,12,2,3,2,59,17,420,540,1,5
1068,9,393,11,2,3,3,58,21,0,300,2,5
1069,4,127,5,2,3,3,54,38,180,300,4,5
1070,14,526,16,2,3,2,73,92,60,180,3,5
1071,8,211,9,2,3,1,97,100,300,600,3,5
1072,4,179,4,1,3,3,7,77,180,300,4,5
1073,12,127,13,1,3,1,23,84,0,300,4,5
1074,10,178,10,2,3,1,16,72,180,300,1,5
1075,11,81,11,2,3,2,1,63,180,300,4,5
1076,1,483,2,1,3,1,13,15,180,300,3,5
1077,13,20,13,1,3,1,26,87,60,180,3,5
1078,3,165,3,2,3,2,84,33,300,420,4,5
1079,3,331,3,2,3,3,84,97,420,540,1,5
1080,14,294,14,2,3,1,97,67,300,600,2,5
1081,11,46,11,2,3,1,10,7,180,300,4,5
1082,12,538,14,2,3,2,76,29,0,300,3,5
1083,2,117,3,2,3,1,1,4,60,180,1,5
1084,4,159,5,2,3,1,9,17,180,300,2,5
1085,4,526,5,2,3,2,88,80,60,180,3,5
1086,10,465,12,1,3,2,0,24,180,300,4,5
1087,13,134,13,1,3,2,45,37,180,300,2,5
1088,9,477,10,1,3,1,16,79,60,180,1,5
1089,14,392,15,1,3,3,4,12,180,300,1,5
1090,6,372,7,1,3,2,49,5,0,300,4,5
1091,14,76,15,2,3,2,4,47,420,540,3,5
1092,8,413,8,2,3,1,14,5,420,540,4,5
1093,11,5,11,1,3,3,92,15,60,180,3,5
1094,13,242,13,2,3,2,60,62,420,540,4,5
1095,10,273,10,2,3,3,5,86,420,540,4,5
1096,4,127,4,2,3,2,50,26,420,540,4,5
1097,1,2,2,1,3,3,4,73,0,300,2,5
1098,4,60,4,1,3,1,30,92,180,300,2,5
1099,4,351,5,2,3,1,63,54,420,540,1,5
1100,14,539,15,2,3,3,16,57,420,540,3,5
1101,9,264,10,2,3,1,75,99,0,300,2,5
1102,5,244,6,2,3,2,3,83,420,540,2,5
1103,14,519,15,2,3,3,1,47,180,300,2,5
1104,10,523,11,2,3,2,87,47,300,600,4,5
1105,3,361,4,1,3,2,53,45,0,300,2,5
1106,10,506,12,2,3,2,43,61,420,540,2,5
1107,13,440,14,1,3,3,4,58,60,180,2,5
1108,4,365,4,2,3,2,71,69,420,540,3,5
1109,12,363,12,2,3,1,54,77,420,540,1,5
1110,5,300,5,2,3,1,100,27,300,420,2,5
1111,6,475,7,2,3,2,52,19,180,300,2,5
1112,11,9,12,1,3,2,61,5,0,300,1,5
1113,1,115,1,1,3,1,85,65,180,300,3,5
1114,3,265,4,2,3,3,51,78,0,300,2,5
1115,14,252,14,2,3,3,9,49,300,420,3,5
1116,3,243,4,1,3,3,0,45,180,300,3,5
1117,7,261,7,2,3,2,30,72,420,540,1,5
1118,6,541,8,2,3,2,64,7,0,300,4,5
1119,1,335,2,2,3,3,78,7,300,420,1,5
1120,5,168,5,2,3,2,25,53,420,540,4,5
1121,2,77,3,2,3,1,4,41,60,180,4,5
1122,8,373,8,2,3,2,48,39,420,540,4,5
1123,9,577,11,2,3,3,45,61,180,300,4,5
1124,10,140,10,1,3,2,56,26,180,300,3,5
1125,5,483,6,2,3,1,38,18,0,300,1,5
1126,4,235,5,1,3,3,96,28,60,180,3,5
1127,5,560,7,2,3,1,37,8,420,540,4,5
1128,9,395,10,2,3,2,52,62,420,540,3,5
1129,2,412,2,2,3,3,75,9,420,540,2,5
1130,4,438,6,2,3,2,29,12,300,600,3,5
1131,12,182,13,2,3,3,21,97,180,300,4,5
1132,6,359,7,1,3,1,10,82,180,300,2,5
1133,12,566,14,1,3,1,87,50,180,300,4,5
1134,7,149,7,2,3,1,23,44,300,600,2,5
1135,5,258,5,2,3,2,82,90,300,420,2,5
1136,13,435,15,1,3,1,12,79,60,180,1,5
1137,11,536,13,1,3,2,6,34,180,300,1,5
1138,3,51,3,2,3,2,62,97,300,420,4,5
1139,14,251,14,2,3,2,42,40,420,540,1,5
1140,4,540,5,1,3,1,65,8,60,180,3,5
1141,7,337,7,2,3,2,41,73,420,540,1,5
1142,2,214,3,1,3,3,6,71,0,300,1,5
1143,3,521,5,2,3,2,10,44,180,300,4,5
1144,12,354,12,2,3,1,13,78,420,540,4,5
1145,5,418,5,2,3,1,54,36,420,540,2,5
1146,13,75,13,2,3,3,11,52,300,420,3,5
1147,4,295,4,2,3,2,68,23,420,540,2,5
1148,10,147,10,2,3,2,10,4,180,300,4,5
1149,5,510,6,2,3,3,42,88,60,180,1,5
1150,13,256,14,1,3,1,9,49,180,300,3,5
1151,2,162,2,2,3,1,33,6,420,540,2,5
1152,14,220,14,2,3,3,90,13,300,420,3,5
1153,9,551,10,2,3,2,60,32,300,600,4,5
1154,4,312,5,2,3,3,50,83,0,300,3,5
1155,8,283,8,2,3,1,7,77,420,540,2,5
1156,7,242,7,2,3,2,100,70,420,540,2,5
1157,3,323,3,2,3,3,4,53,420,540,3,5
1158,3,164,4,2,3,3,88,49,180,300,2,5
1159,11,223,11,2,3,3,10,12,420,540,4,5
1160,9,361,9,2,3,1,50,5,420,540,1,5
1161,14,269,14,2,3,3,25,5,420,540,2,5
1162,11,531,12,1,3,2,66,64,60,180,4,5
1163,3,221,3,2,3,1,62,15,300,420,3,5
1164,2,242,2,2,3,1,96,1,300,600,2,5
1165,14,132,14,1,3,1,24,73,180,300,2,5
1166,9,125,9,2,3,1,28,78,180,300,4,5
1167,1,11,2,1,3,3,72,30,180,300,1,5
1168,14,496,16,2,3,3,100,19,420,540,1,5
1169,1,308,2,1,3,1,93,63,180,300,3,5
1170,1,459,3,2,3,1,93,86,300,600,4,5
1171,1,89,1,1,3,3,4,71,180,300,3,5
1172,14,121,15,2,3,2,7,79,180,300,1,5
1173,4,479,5,1,3,1,3,56,60,180,1,5
1174,8,142,8,1,3,3,54,77,180,300,4,5
1175,11,563,12,2,3,2,5,76,420,540,1,5
1176,11,559,13,2,3,1,51,19,180,300,4,5
1177,7,0,7,1,3,3,14,36,60,180,4,5
1178,4,443,5,2,3,1,42,93,180,300,4,5
1179,13,464,14,1,3,2,45,8,60,180,4,5
1180,9,243,10,2,3,3,65,24,300,420,3,5
1181,3,245,3,2,3,3,31,10,300,600,1,5
1182,11,597,13,2,3,3,31,27,0,300,4,5
1183,11,499,13,2,3,1,8,46,60,180,1,5
1184,10,531,12,1,3,1,18,83,180,300,4,5
1185,1,63,2,1,3,3,79,85,180,300,2,5
1186,11,84,12,2,3,2,43,10,180,300,3,5
1187,3,386,3,2,3,1,73,79,420,540,1,5
1188,11,175,11,1,3,1,40,64,180,300,2,5
1189,3,245,4,1,3,2,74,67,60,180,3,5
1190,1,592,3,1,3,3,4,77,60,180,2,5
1191,5,580,6,1,3,2,74,59,60,180,1,5
1192,6,168,7,1,3,2,62,57,180,300,1,5
1193,12,547,13,2,3,1,43,19,420,540,3,5
1194,13,27,14,2,3,2,18,90,420,540,2,5
1195,13,453,15,2,3,1,58,97,420,540,1,5
1196,3,360,3,2,3,3,99,7,420,540,3,5
1197,12,576,14,2,3,1,27,3,60,180,3,5
1198,11,243,11,2,3,1,1,10,420,540,4,5
1199,13,517,15,1,3,2,79,86,60,180,2,5
1200,6,435,7,1,3,2,43,83,0,300,2,5
1201,7,413,8,2,3,2,23,89,0,300,3,5
1202,12,551,13,2,3,2,35,75,180,300,2,5
1203,7,372,7,2,3,2,16,23,420,540,2,5
1204,8,579,10,1,3,2,80,96,180,300,3,5
1205,12,152,12,2,3,3,94,23,300,420,2,5
1206,2,376,4,2,3,2,68,76,60,180,1,5
1207,14,134,16,2,3,2,16,3,300,600,1,5
1208,1,104,2,2,3,1,72,0,300,600,1,5
1209,7,489,9,2,3,3,57,27,0,300,1,5
1210,1,347,1,2,3,3,33,36,420,540,4,5
1211,13,477,15,2,3,3,77,4,300,600,1,5
1212,14,298,14,2,3,3,1,1,420,540,1,5
1213,7,64,8,1,3,1,3,19,0,300,1,5
1214,4,237,4,2,3,1,32,79,300,600,3,5
1215,8,335,8,2,3,2,49,29,420,540,3,5
1216,5,567,6,1,3,2,0,73,0,300,4,5
1217,9,233,9,2,3,1,0,75,420,540,1,5
1218,2,580,3,2,3,3,36,84,0,300,1,5
1219,13,489,15,2,3,1,65,14,300,600,2,5
1220,6,433,7,1,3,3,23,36,60,180,4,5
1221,3,376,5,2,3,2,94,10,300,420,3,5
1222,14,108,14,2,3,1,46,79,180,300,3,5
1223,6,206,7,2,3,3,69,10,0,300,1,5
1224,5,202,5,2,3,3,94,6,420,540,4,5
1225,11,515,12,2,3,2,29,4,60,180,4,5
1226,4,467,6,2,3,2,74,0,60,180,1,5
1227,4,10,4,1,3,2,39,88,60,180,3,5
1228,6,553,8,2,3,2,70,2,420,540,1,5
1229,9,20,10,2,3,1,21,50,60,180,1,5
1230,9,7,10,2,3,2,96,86,420,540,1,5
1231,4,293,5,2,3,3,30,77,60,180,2,5
1232,13,553,15,1,3,1,74,29,0,300,1,5
1233,12,600,13,2,3,2,35,46,0,300,2,5
1234,1,497,3,1,3,2,53,56,60,180,2,5
1235,10,113,11,2,3,3,79,0,0,300,4,5
1236,11,78,12,2,3,3,39,75,60,180,1,5
1237,6,241,6,2,3,1,71,61,420,540,1,5
1238,4,156,4,1,3,1,1,38,180,300,3,5
1239,8,9,9,2,3,3,100,61,300,600,2,5
1240,3,590,4,2,3,3,6,42,180,300,4,5
1241,10,373,10,2,3,2,0,50,420,540,3,5
1242,8,162,9,2,3,1,28,98,300,420,2,5
1243,7,555,8,2,3,3,38,56,300,420,1,5
1244,3,54,4,2,3,3,41,85,180,300,4,5
1245,14,593,15,2,3,3,48,31,60,180,1,5
1246,10,473,12,1,3,3,69,16,60,180,4,5
1247,8,335,8,2,3,2,22,56,420,540,3,5
1248,4,1,4,1,3,2,8,41,60,180,2,5
1249,2,38,2,2,3,1,65,0,420,540,3,5
1250,3,582,4,2,3,1,93,58,300,420,3,5
1251,8,277,9,1,3,1,56,72,0,300,3,5
1252,10,26,11,2,3,1,52,81,60,180,1,5
1253,4,112,4,2,3,2,27,73,420,540,4,5
1254,12,115,13,2,3,1,38,97,180,300,2,5
1255,8,110,8,1,3,1,95,49,180,300,1,5
1256,4,8,4,2,3,3,61,34,300,420,4,5
1257,9,165,9,1,3,1,89,69,180,300,3,5
1258,8,274,10,2,3,1,10,51,180,300,3,5
1259,4,365,4,2,3,1,54,56,420,540,4,5
1260,7,335,7,2,3,3,47,33,420,540,2,5
1261,4,283,5,2,3,2,89,71,180,300,3,5
1262,11,262,12,1,3,1,46,57,0,300,1,5
1263,14,24,14,1,3,3,13,100,60,180,3,5
1264,5,52,6,1,3,2,90,9,60,180,4,5
1265,11,441,12,1,3,1,78,56,180,300,4,5
1266,13,575,15,2,3,2,5,84,180,300,1,5
1267,1,533,2,2,3,1,51,33,300,420,1,5
1268,1,312,3,2,3,3,45,14,300,600,1,5
1269,9,97,9,1,3,2,5,26,180,300,4,5
1270,12,556,13,2,3,1,27,58,420,540,2,5
1271,12,232,13,2,3,3,14,86,300,600,3,5
1272,11,169,11,1,3,1,92,19,180,300,3,5
1273,13,443,15,2,3,3,90,24,60,180,4,5
1274,10,353,11,2,3,3,67,67,60,180,3,5
1275,2,244,3,2,3,3,73,68,420,540,2,5
1276,8,229,9,2,3,1,1,25,60,180,3,5
1277,12,19,12,2,3,2,60,30,180,300,3,5
1278,2,172,2,1,3,1,24,59,180,300,1,5
1279,6,600,7,1,3,2,6,73,0,300,4,5
1280,10,227,10,2,3,1,24,67,420,540,2,5
1281,12,256,13,2,3,3,35,79,420,540,3,5
1282,2,3,2,2,3,2,97,63,60,180,3,5
1283,10,163,10,2,3,2,96,12,180,300,3,5
1284,8,12,9,2,3,2,12,55,60,180,4,5
1285,8,173,8,1,3,3,17,20,180,300,1,5
1286,5,514,6,2,3,2,24,73,300,420,2,5
1287,4,138,4,2,3,3,15,93,420,540,1,5
1288,11,88,11,2,3,2,34,12,420,540,1,5
1289,5,338,5,2,3,1,27,54,420,540,1,5
1290,6,420,6,2,3,2,80,74,420,540,3,5
1291,7,534,8,2,3,1,61,39,180,300,1,5
1292,14,379,14,2,3,3,42,56,420,540,4,5
1293,1,210,1,2,3,1,60,74,420,540,4,5
1294,3,432,4,1,3,3,38,79,180,300,4,5
1295,1,295,1,2,3,2,37,80,300,420,4,5
1296,11,392,11,2,3,2,14,64,420,540,1,5
1297,12,413,13,2,3,2,4,4,0,300,2,5
1298,1,296,1,2,3,1,47,90,300,600,2,5
1299,6,514,8,2,3,3,14,40,60,180,1,5
1300,7,291,7,2,3,2,56,52,300,420,3,5
1301,12,522,13,2,3,3,48,18,60,180,4,5
1302,3,496,4,2,3,3,13,68,0,300,2,5
1303,9,234,10,2,3,3,81,46,180,300,2,5
1304,8,488,10,2,3,1,39,46,60,180,2,5
1305,4,326,5,2,3,3,95,56,420,540,3,5
1306,1,115,2,1,3,3,57,69,60,180,2,5
1307,13,113,13,2,3,1,65,3,300,600,1,5
1308,8,143,9,2,3,1,67,96,300,600,1,5
1309,8,94,8,1,3,1,92,46,180,300,2,5
1310,10,343,10,2,3,2,15,79,420,540,1,5
1311,9,263,9,2,3,2,15,37,300,420,3,5
1312,10,201,10,2,3,3,77,47,420,540,4,5
1313,7,588,8,2,3,3,0,83,420,540,1,5
1314,2,10,2,2,3,3,82,74,0,300,3,5
1315,11,561,12,2,3,2,54,58,420,540,2,5
1316,6,525,8,1,3,3,20,29,60,180,3,5
1317,9,154,10,2,3,1,100,61,180,300,2,5
1318,3,415,3,2,3,2,15,12,420,540,4,5
1319,13,53,13,1,3,3,30,16,60,180,2,5
1320,3,293,3,2,3,1,31,91,420,540,1,5
1321,12,542,14,1,3,3,5,84,0,300,3,5
1322,12,501,14,2,3,1,24,12,60,180,4,5
1323,12,258,12,2,3,2,35,75,420,540,1,5
1324,9,565,10,2,3,3,38,7,180,300,1,5
1325,9,347,9,2,3,3,73,31,420,540,1,5
1326,2,155,3,1,3,2,20,88,0,300,4,5
1327,13,320,13,2,3,2,1,82,420,540,1,5
1328,3,333,3,2,3,3,96,78,420,540,2,5
1329,3,322,3,2,3,2,56,6,420,540,2,5
1330,11,320,12,1,3,3,36,69,0,300,2,5
1331,13,455,15,2,3,2,43,20,180,300,1,5
1332,14,7,14,2,3,2,30,81,300,420,4,5
1333,14,574,16,2,3,3,53,98,300,420,2,5
1334,2,566,4,1,3,3,48,34,180,300,1,5
1335,2,493,3,2,3,3,21,27,180,300,2,5
1336,3,11,3,2,3,2,7,42,300,600,3,5
1337,11,36,11,2,3,2,9,28,420,540,4,5
1338,11,361,13,2,3,2,29,59,0,300,4,5
1339,5,575,6,2,3,1,76,18,0,300,4,5
1340,3,156,4,2,3,1,42,26,300,600,1,5
1341,1,380,1,2,3,3,75,39,420,540,3,5
1342,9,222,9,2,3,1,84,83,420,540,3,5
1343,2,7,2,2,3,1,49,85,60,180,4,5
1344,6,30,6,2,3,2,19,80,60,180,2,5
1345,13,462,14,2,3,3,41,31,180,300,1,5
1346,5,426,7,1,3,1,87,14,60,180,2,5
1347,4,385,4,2,3,2,13,70,420,540,4,5
1348,11,570,13,1,3,2,71,88,60,180,2,5
1349,3,214,3,2,3,1,36,94,300,600,2,5
1350,13,5,13,2,3,3,32,59,420,540,1,5
1351,5,137,6,2,3,3,44,55,300,600,3,5
1352,5,126,6,1,3,3,3,72,180,300,2,5
1353,6,484,8,1,3,3,3,65,60,180,4,5
1354,5,531,6,2,3,3,74,67,0,300,1,5
1355,14,109,14,2,3,2,100,8,420,540,3,5
1356,6,54,6,2,3,3,25,83,0,300,3,5
1357,2,586,3,1,3,2,63,41,60,180,2,5
1358,1,185,1,2,3,3,74,4,420,540,1,5
1359,8,544,9,1,3,2,38,39,60,180,3,5
1360,6,269,6,2,3,2,77,49,300,420,3,5
1361,2,193,2,2,3,2,65,60,420,540,1,5
1362,9,504,11,2,3,2,29,83,180,300,3,5
1363,5,545,6,1,3,3,79,68,0,300,2,5
1364,5,518,6,2,3,3,46,90,180,300,3,5
1365,6,303,7,1,3,3,12,63,180,300,3,5
1366,1,25,2,2,3,1,19,74,300,600,1,5
1367,7,47,7,2,3,1,31,89,60,180,2,5
1368,12,476,14,1,3,1,47,94,60,180,3,5
1369,7,433,8,2,3,2,22,88,420,540,4,5
1370,1,230,1,2,3,1,56,93,300,600,1,5
1371,7,304,7,2,3,1,87,10,420,540,3,5
1372,5,249,5,2,3,3,8,78,420,540,1,5
1373,12,203,13,2,3,2,79,2,420,540,2,5
1374,8,333,8,2,3,1,87,71,420,540,1,5
1375,1,422,2,1,3,2,94,13,60,180,4,5
1376,9,20,9,2,3,1,33,51,420,540,3,5
1377,8,318,10,1,3,1,24,71,60,180,2,5
1378,14,585,16,1,3,2,78,72,0,300,2,5
1379,10,457,11,1,3,2,56,62,0,300,2,5
1380,13,559,14,2,3,1,34,16,300,420,1,5
1381,3,578,5,1,3,3,49,23,180,300,4,5
1382,5,290,6,2,3,1,56,73,0,300,4,5
1383,14,243,14,2,3,3,9,46,420,540,2,5
1384,12,600,13,1,3,1,8,11,0,300,2,5
1385,6,135,7,1,3,3,94,46,0,300,4,5
1386,9,61,9,2,3,3,75,13,300,420,4,5
1387,4,108,5,2,3,2,100,48,60,180,2,5
1388,6,293,6,2,3,2,23,34,300,420,1,5
1389,5,71,5,2,3,3,52,6,180,300,4,5
1390,1,406,1,2,3,3,6,17,420,540,4,5
1391,3,377,4,2,3,1,13,71,60,180,4,5
1392,2,392,3,2,3,1,47,54,0,300,4,5
1393,12,554,14,2,3,2,4,95,0,300,2,5
1394,6,291,6,2,3,3,64,100,420,540,3,5
1395,4,307,5,2,3,1,9,84,420,540,3,5
1396,11,158,11,2,3,2,77,82,420,540,1,5
1397,9,313,9,2,3,3,90,71,420,540,2,5
1398,13,124,13,2,3,1,68,72,180,300,3,5
1399,4,562,6,2,3,3,60,78,0,300,1,5
1400,9,363,10,2,3,2,44,81,300,600,4,5
1401,12,126,12,2,3,2,89,98,300,420,1,5
1402,6,597,8,1,3,1,31,22,0,300,1,5
1403,10,295,11,2,3,1,64,41,180,300,3,5
1404,14,287,15,1,3,1,73,9,0,300,3,5
1405,7,142,7,2,3,3,71,31,300,420,1,5
1406,12,78,12,1,3,3,30,36,180,300,3,5
1407,14,368,14,2,3,1,91,87,420,540,3,5
1408,12,107,13,2,3,1,76,64,300,420,4,5
1409,1,35,1,2,3,2,62,64,420,540,2,5
1410,4,212,5,1,3,2,29,33,0,300,2,5
1411,9,220,10,2,3,3,47,92,420,540,1,5
1412,11,122,11,2,3,2,74,10,300,600,4,5
1413,6,90,6,2,3,1,15,4,300,420,3,5
1414,2,433,4,2,3,1,32,76,60,180,4,5
1415,12,40,12,2,3,3,87,57,420,540,1,5
1416,4,35,5,2,3,1,95,97,60,180,1,5
1417,4,383,4,2,3,2,100,51,420,540,2,5
1418,5,560,6,1,3,3,25,4,60,180,2,5
1419,7,164,7,1,3,1,28,58,180,300,4,5
1420,7,268,8,2,3,1,42,78,60,180,3,5
1421,8,147,8,2,3,3,77,86,300,600,2,5
1422,1,136,1,2,3,1,51,32,300,420,2,5
1423,10,145,10,1,3,2,58,7,180,300,2,5
1424,10,220,10,2,3,3,9,11,300,600,2,5
1425,2,374,3,2,3,1,70,53,180,300,4,5
1426,5,515,7,2,3,2,80,6,420,540,4,5
1427,9,516,10,2,3,1,19,60,60,180,4,5
1428,7,268,7,2,3,3,78,66,420,540,2,5
1429,3,472,5,1,3,3,48,44,60,180,4,5
1430,13,549,15,2,3,2,69,21,300,600,4,5
1431,14,463,15,2,3,3,60,85,0,300,4,5
1432,1,181,2,2,3,1,63,67,0,300,4,5
1433,6,266,7,2,3,1,63,19,0,300,3,5
1434,11,547,13,2,3,2,65,17,60,180,1,5
1435,10,16,10,1,3,2,6,36,60,180,2,5
1436,4,423,5,1,3,3,96,39,0,300,3,5
1437,10,581,12,1,3,3,94,55,180,300,3,5
1438,3,277,4,2,3,2,60,76,300,420,4,5
1439,11,313,12,2,3,2,94,30,0,300,4,5
1440,10,143,12,2,3,3,58,96,60,180,2,5
1441,14,501,15,1,3,1,44,17,180,300,1,5
1442,14,472,15,2,3,2,54,89,0,300,3,5
1443,2,211,3,2,3,2,85,99,0,300,2,5
1444,10,178,11,2,3,2,4,88,420,540,4,5
1445,1,387,3,1,3,1,82,49,60,180,4,5
1446,12,534,13,2,3,3,30,31,60,180,4,5
1447,14,23,14,2,3,3,19,91,300,600,2,5
1448,6,149,6,2,3,2,88,96,180,300,2,5
1449,2,117,2,2,3,2,52,69,300,600,1,5
1450,10,71,10,2,3,2,32,57,180,300,4,5
1451,10,241,11,2,3,3,21,9,60,180,2,5
1452,7,285,8,2,3,3,64,91,420,540,3,5
1453,11,355,11,2,3,3,73,57,420,540,4,5
1454,7,569,9,2,3,1,79,99,0,300,3,5
1455,2,227,2,2,3,1,63,32,300,600,4,5
1456,11,241,11,2,3,3,40,91,300,600,2,5
1457,4,380,5,2,3,1,29,65,0,300,2,5
1458,11,7,11,1,3,3,24,11,60,180,1,5
1459,1,263,1,2,3,1,88,97,300,600,4,5
1460,4,496,5,2,3,2,54,26,420,540,2,5
1461,11,34,11,2,3,2,22,52,0,300,2,5
1462,12,283,12,2,3,2,41,53,420,540,1,5
1463,8,133,8,2,3,3,99,68,300,420,1,5
1464,12,123,12,1,3,1,35,67,180,300,4,5
1465,12,304,12,2,3,2,88,16,420,540,1,5
1466,8,135,9,2,3,1,98,46,60,180,2,5
1467,4,145,4,2,3,1,100,56,300,600,3,5
1468,5,306,6,2,3,2,30,77,60,180,2,5
1469,6,229,7,1,3,3,24,14,60,180,1,5
1470,7,436,8,2,3,1,63,64,60,180,1,5
1471,6,597,8,1,3,2,63,63,180,300,2,5
1472,3,470,5,2,3,1,16,87,300,420,3,5
1473,14,375,14,2,3,2,38,66,420,540,4,5
1474,12,422,14,1,3,2,50,70,180,300,3,5
1475,12,163,12,2,3,3,71,21,420,540,1,5
1476,11,576,12,2,3,3,8,79,300,600,1,5
1477,13,553,14,1,3,3,40,99,0,300,3,5
1478,13,44,13,1,3,1,83,42,60,180,2,5
1479,10,361,10,2,3,1,5,5,420,540,1,5
1480,5,110,5,2,3,1,60,42,180,300,2,5
1481,6,462,7,2,3,2,39,86,180,300,1,5
1482,7,114,8,1,3,3,81,54,180,300,1,5
1483,4,97,5,1,3,1,82,21,0,300,2,5
1484,2,414,3,2,3,1,69,34,420,540,2,5
1485,8,265,9,2,3,3,81,7,420,540,2,5
1486,5,219,6,2,3,3,0,6,180,300,3,5
1487,5,364,6,1,3,3,49,60,0,300,2,5
1488,8,114,9,1,3,3,99,16,0,300,1,5
1489,13,323,14,2,3,1,70,37,0,300,4,5
1490,1,574,2,2,3,3,29,64,0,300,3,5
1491,11,270,12,1,3,2,63,19,60,180,2,5
1492,9,399,9,2,3,1,74,73,420,540,1,5
1493,10,91,10,2,3,1,48,95,180,300,4,5
1494,14,342,14,2,3,2,61,42,420,540,4,5
1495,10,283,10,2,3,1,53,20,420,540,4,5
1496,4,178,4,2,3,1,23,18,420,540,4,5
1497,9,193,9,2,3,2,14,4,420,540,3,5
1498,4,68,5,1,3,1,11,29,180,300,1,5
1499,9,55,10,2,3,3,38,6,180,300,1,5
1500,10,212,10,2,3,1,28,65,300,600,4,5
1501,7,96,7,1,3,1,23,92,180,300,3,5
1502,2,38,2,2,3,2,63,28,300,420,3,5
1503,13,428,15,2,3,3,57,79,60,180,1,5
1504,3,59,3,1,3,3,26,42,60,180,2,5
1505,1,210,2,2,3,2,21,17,300,600,1,5
1506,7,423,9,2,3,1,53,5,60,180,2,5
1507,3,485,5,2,3,3,46,97,300,600,1,5
1508,1,543,3,1,3,2,26,89,180,300,2,5
1509,1,215,2,2,3,1,58,52,300,600,4,5
1510,6,269,7,1,3,2,27,50,0,300,3,5
1511,6,466,7,2,3,1,37,98,300,420,1,5
1512,6,212,6,2,3,2,51,78,420,540,2,5
1513,14,550,16,2,3,3,27,31,420,540,3,5
1514,5,38,5,1,3,1,18,35,60,180,2,5
1515,6,52,7,2,3,1,45,61,0,300,2,5
1516,7,277,8,1,3,3,95,62,180,300,3,5
1517,9,595,10,2,3,2,52,85,420,540,1,5
1518,2,556,3,2,3,1,35,69,300,600,4,5
1519,12,496,13,2,3,1,68,21,420,540,1,5
1520,1,383,1,2,3,1,59,25,420,540,1,5
1521,3,534,4,2,3,2,58,90,180,300,4,5
1522,11,448,13,2,3,1,64,95,60,180,4,5
1523,12,351,13,1,3,1,39,21,60,180,1,5
1524,1,328,1,2,3,2,53,97,420,540,3,5
1525,7,296,8,2,3,2,92,56,0,300,2,5
1526,13,520,14,1,3,1,89,31,60,180,4,5
1527,11,322,11,2,3,1,47,48,420,540,1,5
1528,10,222,10,2,3,1,24,23,300,420,1,5
1529,6,308,6,2,3,3,13,54,420,540,1,5
1530,9,562,10,1,3,1,49,2,60,180,1,5
1531,9,56,9,1,3,3,53,18,60,180,3,5
1532,7,526,9,2,3,1,26,65,420,540,3,5
1533,14,59,15,2,3,3,38,65,60,180,3,5
1534,9,13,10,2,3,2,51,9,420,540,3,5
1535,1,363,2,1,3,1,52,51,0,300,3,5
1536,6,24,6,2,3,1,51,84,300,420,3,5
1537,9,171,9,1,3,1,13,11,180,300,4,5
1538,14,311,14,2,3,2,77,33,420,540,4,5
1539,14,386,14,2,3,2,73,82,420,540,1,5
1540,4,477,6,2,3,3,9,82,0,300,1,5
1541,1,559,3,2,3,3,55,88,420,540,4,5
1542,8,273,8,2,3,1,47,26,300,600,4,5
1543,14,222,14,2,3,1,95,84,300,420,2,5
1544,2,378,3,1,3,3,60,92,60,180,4,5
1545,6,319,6,2,3,2,88,87,420,540,2,5
1546,12,304,14,2,3,1,47,83,420,540,4,5
1547,1,369,1,2,3,1,32,17,420,540,4,5
1548,2,451,4,1,3,3,36,1,60,180,4,5
1549,14,286,14,2,3,1,50,16,300,420,4,5
1550,9,57,9,2,3,3,71,27,0,300,3,5
1551,1,469,2,1,3,2,28,0,0,300,1,5
1552,14,431,15,1,3,2,70,84,180,300,1,5
1553,10,362,11,2,3,3,68,66,60,180,4,5
1554,5,238,5,2,3,3,52,42,300,420,2,5
1555,13,523,15,2,3,3,24,79,0,300,1,5
1556,4,2,4,1,3,1,93,10,60,180,3,5
1557,13,557,14,2,3,3,46,20,180,300,3,5
1558,7,394,7,2,3,1,10,6,420,540,4,5
1559,6,391,6,2,3,3,9,31,420,540,3,5
1560,9,302,10,2,3,3,76,94,180,300,4,5
1561,10,97,11,1,3,3,72,23,0,300,2,5
1562,3,420,4,2,3,1,79,44,180,300,1,5
1563,11,180,11,2,3,3,73,41,300,600,2,5
1564,6,354,7,1,3,1,25,51,60,180,1,5
1565,3,317,4,2,3,3,61,48,0,300,2,5
1566,10,502,11,2,3,2,33,38,60,180,3,5
1567,2,92,3,2,3,2,90,3,300,420,2,5
1568,14,545,15,1,3,3,63,74,60,180,3,5
1569,7,180,7,2,3,1,18,62,180,300,4,5
1570,4,457,5,1,3,1,31,64,180,300,4,5
1571,11,342,11,2,3,3,1,100,420,540,1,5
1572,12,205,12,2,3,1,67,26,420,540,3,5
1573,14,176,14,2,3,3,93,48,420,540,3,5
1574,4,597,5,1,3,2,1,43,180,300,4,5
1575,4,390,5,1,3,2,47,28,60,180,3,5
1576,11,10,11,2,3,3,31,59,420,540,4,5
1577,7,377,7,2,3,2,43,58,420,540,2,5
1578,9,382,9,2,3,3,81,21,420,540,3,5
1579,3,83,3,1,3,1,3,88,180,300,3,5
1580,7,523,9,1,3,3,32,17,180,300,2,5
1581,2,600,3,2,3,3,51,17,180,300,2,5
1582,4,323,5,2,3,3,41,85,300,600,2,5
1583,14,158,14,2,3,3,29,60,180,300,1,5
1584,9,555,10,2,3,3,18,84,300,600,3,5
1585,5,248,6,1,3,1,78,98,180,300,2,5
1586,8,208,8,2,3,1,59,94,300,600,2,5
1587,9,460,11,2,3,3,64,43,180,300,1,5
1588,8,64,8,1,3,1,55,67,180,300,4,5
1589,3,214,3,2,3,1,89,76,300,600,2,5
1590,2,458,3,2,3,3,76,46,180,300,4,5
1591,5,71,5,1,3,3,31,88,180,300,1,5
1592,12,385,12,2,3,3,74,11,420,540,1,5
1593,10,516,11,2,3,2,44,1,180,300,2,5
1594,11,536,12,2,3,1,39,18,300,420,3,5
1595,13,132,13,2,3,1,25,4,180,300,4,5
1596,5,221,5,2,3,1,33,46,300,600,4,5
1597,11,341,11,2,3,2,7,20,420,540,3,5
1598,9,280,9,2,3,1,47,30,420,540,1,5
1599,12,475,14,2,3,2,43,18,0,300,4,5
1600,11,400,11,2,3,3,91,20,420,540,3,5
1601,4,106,6,2,3,2,30,11,60,180,3,5
1602,8,443,9,2,3,1,17,83,420,540,1,5
1603,10,39,11,2,3,3,85,36,60,180,4,5
1604,12,449,13,1,3,2,91,90,0,300,3,5
1605,9,505,10,1,3,3,86,21,60,180,3,5
1606,5,419,5,2,3,1,16,74,420,540,3,5
1607,7,61,7,2,3,2,97,61,300,420,3,5
1608,13,148,13,2,3,2,45,52,300,420,3,5
1609,6,160,6,2,3,2,49,88,420,540,2,5
1610,14,480,16,2,3,2,84,27,300,420,1,5
1611,11,485,13,2,3,1,37,43,60,180,4,5
1612,10,19,10,2,3,1,9,30,0,300,3,5
1613,13,404,13,2,3,2,76,90,420,540,2,5
1614,12,84,12,1,3,3,19,5,180,300,1,5
1615,2,512,3,1,3,1,50,14,60,180,4,5
1616,2,450,3,1,3,1,28,7,0,300,1,5
1617,11,532,13,2,3,1,62,14,420,540,4,5
1618,13,22,13,2,3,2,67,41,300,420,3,5
1619,4,437,6,1,3,2,48,23,180,300,3,5
1620,2,493,4,1,3,1,63,41,0,300,2,5
1621,13,41,13,2,3,2,63,48,420,540,3,5
1622,3,236,4,1,3,3,42,15,60,180,1,5
1623,2,258,3,2,3,3,70,37,180,300,1,5
1624,4,9,5,1,3,3,61,23,180,300,3,5
1625,4,93,5,2,3,2,98,36,300,420,4,5
1626,2,175,2,2,3,1,17,63,180,300,2,5
1627,10,299,11,2,3,3,40,9,60,180,2,5
1628,5,381,6,2,3,2,61,65,60,180,1,5
1629,7,349,7,2,3,2,33,35,420,540,1,5
1630,14,290,15,2,3,3,28,48,420,540,1,5
1631,11,586,12,2,3,3,84,94,60,180,4,5
1632,3,169,3,2,3,3,41,96,180,300,3,5
1633,12,426,14,2,3,2,53,67,0,300,1,5
1634,12,535,13,2,3,1,83,75,0,300,2,5
1635,1,571,3,1,3,3,38,28,0,300,3,5
1636,6,176,7,2,3,1,76,82,420,540,1,5
1637,11,39,12,1,3,2,8,72,0,300,1,5
1638,2,106,3,2,3,2,61,20,60,180,2,5
1639,14,240,14,2,3,1,88,19,420,540,1,5
1640,7,495,8,1,3,3,17,26,180,300,4,5
1641,9,539,11,2,3,1,5,6,180,300,2,5
1642,12,179,12,2,3,3,6,21,420,540,1,5
1643,6,477,8,2,3,3,27,13,60,180,1,5
1644,8,326,8,2,3,1,66,72,420,540,2,5
1645,13,366,14,1,3,2,33,5,0,300,1,5
1646,14,294,14,2,3,2,41,36,300,600,1,5
1647,1,325,2,2,3,1,68,37,420,540,3,5
1648,5,58,6,2,3,1,35,6,0,300,1,5
1649,4,201,5,2,3,3,47,4,420,540,1,5
1650,8,422,9,1,3,3,59,43,0,300,4,5
1651,10,270,10,2,3,1,35,8,420,540,3,5
1652,6,125,6,2,3,1,10,71,180,300,3,5
1653,1,324,2,2,3,3,56,62,300,600,3,5
1654,6,420,8,2,3,2,89,60,60,180,3,5
1655,3,438,5,2,3,1,56,19,180,300,1,5
1656,7,361,8,2,3,3,71,13,60,180,3,5
1657,11,300,12,2,3,2,82,37,300,420,2,5
1658,8,324,9,1,3,1,2,87,60,180,4,5
1659,11,266,11,2,3,2,72,63,300,420,3,5
1660,3,524,5,1,3,3,100,75,0,300,1,5
1661,10,546,11,2,3,3,35,48,60,180,2,5
1662,3,285,3,2,3,3,38,1,420,540,2,5
1663,4,380,4,2,3,1,87,53,420,540,2,5
1664,14,36,14,1,3,1,36,21,60,180,1,5
1665,2,246,2,2,3,2,57,13,420,540,1,5
1666,13,149,14,2,3,3,29,21,300,600,4,5
1667,2,137,2,1,3,3,72,53,180,300,4,5
1668,3,499,4,1,3,2,28,71,0,300,2,5
1669,10,155,11,2,3,1,31,7,420,540,4,5
1670,12,426,13,2,3,3,87,60,300,420,2,5
1671,9,399,10,2,3,3,7,97,0,300,1,5
1672,8,5,9,2,3,3,6,13,0,300,1,5
1673,3,368,3,2,3,3,51,98,420,540,2,5
1674,3,63,3,2,3,2,50,74,180,300,4,5
1675,2,209,3,2,3,2,86,51,300,600,3,5
1676,3,500,5,2,3,3,45,30,420,540,1,5
1677,12,312,13,2,3,2,39,77,0,300,1,5
1678,5,247,5,2,3,3,57,11,300,600,2,5
1679,13,130,13,1,3,1,50,62,180,300,4,5
1680,7,236,7,2,3,3,59,30,300,420,4,5
1681,1,599,3,2,3,1,43,73,60,180,1,5
1682,9,185,10,2,3,2,76,16,300,420,4,5
1683,11,32,11,2,3,2,83,78,0,300,3,5
1684,5,564,7,2,3,3,57,44,420,540,3,5
1685,1,195,2,1,3,1,12,98,60,180,4,5
1686,14,264,14,2,3,2,80,50,420,540,1,5
1687,11,496,12,1,3,1,42,52,180,300,1,5
1688,9,7,9,1,3,2,61,31,60,180,4,5
1689,11,554,12,2,3,3,62,24,60,180,1,5
1690,6,467,8,2,3,1,26,99,0,300,1,5
1691,7,274,8,2,3,2,97,99,420,540,2,5
1692,13,320,14,1,3,1,22,87,60,180,4,5
1693,2,546,4,1,3,2,70,94,180,300,3,5
1694,3,355,4,1,3,3,18,81,60,180,3,5
1695,11,19,12,2,3,2,28,79,180,300,3,5
1696,12,240,12,2,3,1,85,88,420,540,1,5
1697,2,401,2,2,3,3,20,61,420,540,2,5
1698,6,430,8,1,3,1,51,83,180,300,2,5
1699,10,78,11,2,3,3,84,43,300,420,4,5
1700,13,579,14,2,3,2,40,32,0,300,1,5
1701,8,88,9,2,3,3,45,92,180,300,2,5
1702,5,374,5,2,3,1,5,98,420,540,2,5
1703,5,388,5,2,3,3,52,47,420,540,4,5
1704,10,473,12,1,3,2,74,49,0,300,1,5
1705,8,488,10,2,3,3,67,92,420,540,3,5
1706,2,155,3,2,3,2,46,89,420,540,2,5
1707,14,497,15,2,3,1,99,74,0,300,3,5
1708,13,220,13,2,3,3,14,87,300,420,4,5
1709,4,567,5,2,3,1,14,56,420,540,4,5
1710,8,512,10,2,3,2,11,70,60,180,2,5
1711,3,176,4,1,3,3,45,1,0,300,4,5
1712,5,83,5,2,3,2,0,4,300,600,2,5
1713,8,553,9,1,3,2,2,10,180,300,4,5
1714,7,483,8,1,3,2,0,6,0,300,4,5
1715,4,461,6,2,3,3,76,70,180,300,4,5
1716,2,510,4,1,3,2,96,13,60,180,4,5
1717,14,559,16,1,3,2,85,33,60,180,1,5
1718,10,208,10,2,3,1,56,8,420,540,1,5
1719,2,228,2,2,3,3,13,81,420,540,1,5
1720,7,56,7,2,3,3,43,70,180,300,1,5
1721,12,190,12,2,3,1,16,51,300,600,3,5
1722,8,308,9,2,3,1,57,24,180,300,1,5
1723,4,466,5,2,3,2,17,79,60,180,1,5
1724,8,346,8,2,3,1,74,37,420,540,2,5
1725,8,47,8,2,3,3,94,52,420,540,2,5
1726,6,427,8,2,3,1,13,96,420,540,2,5
1727,3,507,5,1,3,2,74,92,60,180,2,5
1728,9,469,11,1,3,2,5,51,60,180,4,5
1729,7,417,7,2,3,3,41,2,420,540,3,5
1730,11,198,11,2,3,3,98,42,300,420,3,5
1731,13,553,15,2,3,2,31,4,60,180,4,5
1732,7,531,9,2,3,3,88,0,180,300,3,5
1733,11,230,11,2,3,2,28,10,420,540,4,5
1734,1,155,1,2,3,1,5,28,180,300,1,5
1735,14,438,16,1,3,3,87,76,60,180,4,5
1736,1,492,3,1,3,3,26,81,60,180,1,5
1737,13,465,14,2,3,1,7,97,60,180,2,5
1738,14,41,15,1,3,2,34,78,180,300,1,5
1739,13,46,13,2,3,2,20,64,300,600,2,5
1740,14,252,15,2,3,1,69,91,300,420,4,5
1741,4,312,5,2,3,2,33,23,60,180,2,5
1742,10,573,12,2,3,3,11,46,300,600,3,5
1743,9,466,10,2,3,1,72,74,0,300,2,5
1744,6,248,7,1,3,3,72,55,0,300,3,5
1745,10,285,10,2,3,1,51,73,420,540,2,5
1746,5,354,5,2,3,3,90,29,420,540,3,5
1747,13,415,14,2,3,3,79,62,420,540,1,5
1748,7,564,8,2,3,2,46,24,60,180,1,5
1749,2,229,2,2,3,2,61,10,420,540,3,5
1750,13,48,14,2,3,2,5,7,60,180,3,5
1751,3,17,3,2,3,3,71,80,60,180,3,5
1752,5,17,5,2,3,2,91,86,60,180,1,5
1753,10,420,12,2,3,3,33,70,420,540,2,5
1754,4,402,5,1,3,2,93,49,0,300,3,5
1755,2,503,4,2,3,1,30,88,180,300,3,5
1756,11,187,11,2,3,2,67,61,300,600,3,5
1757,5,214,5,2,3,3,72,22,300,600,3,5
1758,3,536,4,2,3,1,56,7,60,180,1,5
1759,3,509,4,2,3,2,99,70,420,540,4,5
1760,11,201,11,2,3,3,39,98,420,540,1,5
1761,7,383,7,2,3,1,61,45,420,540,2,5
1762,3,259,3,2,3,2,29,31,420,540,2,5
1763,1,195,3,2,3,3,59,53,420,540,4,5
1764,4,392,4,2,3,3,93,42,420,540,1,5
1765,10,267,10,2,3,2,23,97,420,540,2,5
1766,5,275,6,2,3,3,6,15,180,300,1,5
1767,2,112,3,2,3,1,19,36,300,420,3,5
1768,1,403,1,2,3,2,37,53,420,540,4,5
1769,13,197,13,2,3,3,83,91,420,540,4,5
1770,14,275,14,2,3,1,21,5,300,420,1,5
1771,12,502,13,2,3,3,85,32,420,540,3,5
1772,13,247,15,2,3,3,99,1,0,300,4,5
1773,1,351,2,2,3,3,21,95,0,300,1,5
1774,1,381,2,1,3,3,95,54,60,180,4,5
1775,3,415,4,1,3,1,27,30,0,300,1,5
1776,13,129,13,2,3,2,5,73,420,540,3,5
1777,13,426,15,2,3,2,89,61,60,180,3,5
1778,7,579,8,2,3,1,1,12,420,540,4,5
1779,7,80,7,2,3,3,97,8,300,420,3,5
1780,4,566,5,2,3,3,48,56,300,600,2,5
1781,4,413,4,2,3,1,67,98,420,540,1,5
1782,3,503,5,2,3,1,27,33,300,420,4,5
1783,3,554,4,1,3,3,9,53,180,300,3,5
1784,9,518,11,2,3,2,24,62,300,420,1,5
1785,13,86,13,2,3,2,4,96,300,600,4,5
1786,9,269,9,2,3,1,49,56,420,540,1,5
1787,3,524,5,1,3,3,76,71,60,180,1,5
1788,12,566,13,1,3,1,40,53,60,180,1,5
1789,2,551,4,1,3,3,91,73,180,300,1,5
1790,13,504,15,2,3,1,94,65,60,180,4,5
1791,11,398,11,2,3,3,33,69,420,540,1,5
1792,7,237,8,2,3,1,100,12,60,180,3,5
1793,4,263,4,2,3,3,10,6,420,540,2,5
1794,5,149,5,2,3,3,66,56,300,600,4,5
1795,8,210,8,2,3,3,33,7,300,420,2,5
1796,4,572,5,1,3,1,18,71,60,180,1,5
1797,11,491,12,1,3,3,92,25,60,180,1,5
1798,5,463,6,1,3,3,39,14,180,300,2,5
1799,8,182,10,1,3,1,54,65,60,180,1,5
1800,9,374,9,2,3,1,5,40,420,540,1,5
1801,6,93,6,2,3,1,35,42,420,540,1,5
1802,3,57,4,2,3,3,26,27,420,540,1,5
1803,14,10,15,1,3,3,45,88,0,300,2,5
1804,4,534,5,2,3,3,60,96,0,300,4,5
1805,10,94,10,1,3,3,47,83,180,300,3,5
1806,3,172,3,2,3,1,54,41,180,300,3,5
1807,8,231,8,2,3,3,3,68,300,420,3,5
1808,11,310,12,2,3,1,6,85,300,420,1,5
1809,6,221,6,2,3,3,72,23,420,540,4,5
1810,11,166,12,2,3,2,67,55,300,420,3,5
1811,14,245,15,1,3,1,75,7,60,180,3,5
1812,4,156,5,2,3,2,88,37,300,420,1,5
1813,11,392,12,2,3,1,95,65,420,540,2,5
1814,4,193,4,2,3,3,94,78,420,540,4,5
1815,12,257,12,2,3,2,36,70,300,600,1,5
1816,7,286,7,2,3,2,91,64,300,600,1,5
1817,6,529,7,2,3,3,4,41,180,300,3,5
1818,13,532,15,2,3,2,34,82,0,300,4,5
1819,9,459,10,1,3,3,66,82,60,180,3,5
1820,2,170,3,1,3,3,72,60,180,300,3,5
1821,2,355,3,2,3,2,20,45,180,300,1,5
1822,4,485,5,2,3,1,0,42,420,540,2,5
1823,11,176,11,2,3,1,77,61,300,420,2,5
1824,4,395,4,2,3,1,77,51,420,540,2,5
1825,13,356,13,2,3,2,99,100,420,540,1,5
1826,4,598,5,1,3,2,3,84,180,300,3,5
1827,3,572,5,2,3,1,83,22,0,300,2,5
1828,14,139,14,2,3,1,81,97,300,420,4,5
1829,11,463,13,2,3,2,44,63,0,300,3,5
1830,6,555,7,2,3,1,92,4,60,180,2,5
1831,13,107,13,1,3,3,21,48,180,300,3,5
1832,1,503,2,1,3,2,75,65,180,300,1,5
1833,1,352,1,2,3,1,3,46,420,540,1,5
1834,9,152,10,2,3,2,62,62,0,300,2,5
1835,6,200,7,2,3,1,53,14,300,600,1,5
1836,2,419,2,2,3,3,77,5,420,540,4,5
1837,10,179,10,2,3,1,78,34,180,300,3,5
1838,10,434,12,2,3,1,11,43,60,180,2,5
1839,5,581,7,2,3,1,53,30,420,540,3,5
1840,7,579,9,2,3,2,47,99,420,540,1,5
1841,13,600,14,2,3,1,69,3,0,300,2,5
1842,2,543,3,2,3,3,49,90,180,300,2,5
1843,3,266,4,2,3,2,19,96,60,180,2,5
1844,6,87,7,2,3,2,3,70,300,600,3,5
1845,6,325,8,2,3,1,19,44,300,420,4,5
1846,14,264,14,2,3,3,36,98,420,540,4,5
1847,4,548,5,2,3,3,18,83,420,540,4,5
1848,4,485,5,1,3,3,67,26,0,300,3,5
1849,6,96,6,2,3,1,31,91,300,420,3,5
1850,1,265,1,2,3,3,14,19,300,420,4,5
1851,7,393,7,2,3,3,13,14,420,540,3,5
1852,2,433,4,1,3,2,89,11,180,300,4,5
1853,1,565,2,2,3,1,85,73,60,180,2,5
1854,3,187,4,2,3,1,98,93,60,180,2,5
1855,13,572,15,1,3,3,47,50,180,300,2,5
1856,1,518,2,2,3,2,27,39,60,180,3,5
1857,11,55,11,1,3,1,97,25,60,180,2,5
1858,10,507,12,2,3,1,74,55,180,300,2,5
1859,12,576,14,1,3,3,96,68,180,300,4,5
1860,9,0,9,2,3,2,75,28,0,300,1,5
1861,12,210,12,2,3,2,96,33,300,600,1,5
1862,1,526,2,1,3,1,23,21,180,300,4,5
1863,14,322,15,1,3,1,82,40,0,300,1,5
1864,12,570,14,1,3,1,24,21,60,180,2,5
1865,4,46,4,2,3,1,17,24,300,420,1,5
1866,8,355,8,2,3,3,96,33,420,540,4,5
1867,10,524,12,2,3,3,91,25,420,540,1,5
1868,7,461,8,2,3,1,61,8,0,300,4,5
1869,4,140,5,2,3,3,85,45,180,300,2,5
1870,9,67,9,2,3,3,32,66,420,540,1,5
1871,9,173,9,2,3,1,9,31,420,540,1,5
1872,9,176,10,2,3,2,3,59,300,600,2,5
1873,4,467,6,2,3,1,32,53,60,180,3,5
1874,5,368,5,2,3,1,55,49,420,540,4,5
1875,8,325,9,2,3,2,79,13,300,420,2,5
1876,12,157,13,2,3,1,68,34,0,300,2,5
1877,2,450,4,1,3,3,63,72,60,180,4,5
1878,6,2,6,2,3,1,16,88,60,180,2,5
1879,3,257,3,2,3,2,25,17,420,540,4,5
1880,12,368,12,2,3,1,22,13,420,540,1,5
1881,12,548,14,2,3,2,12,58,300,600,4,5
1882,7,423,8,2,3,1,46,22,0,300,4,5
1883,3,146,4,2,3,2,10,53,60,180,1,5
1884,13,116,14,1,3,1,2,14,0,300,1,5
1885,9,598,10,2,3,1,97,94,300,420,1,5
1886,2,147,3,2,3,3,23,26,420,540,1,5
1887,7,206,8,2,3,3,44,30,180,300,1,5
1888,6,12,7,2,3,3,20,2,0,300,4,5
1889,3,117,3,2,3,2,82,80,420,540,3,5
1890,10,132,11,2,3,3,38,75,420,540,1,5
1891,14,41,15,2,3,2,78,90,180,300,2,5
1892,5,487,6,2,3,1,65,15,180,300,3,5
1893,14,83,15,2,3,1,14,98,420,540,1,5
1894,14,204,14,2,3,1,95,2,420,540,2,5
1895,3,583,5,1,3,3,59,34,180,300,3,5
1896,10,37,11,1,3,1,4,44,0,300,2,5
1897,14,68,15,1,3,3,55,54,0,300,2,5
1898,10,322,10,2,3,3,34,96,420,540,4,5
1899,13,227,13,2,3,1,79,61,300,420,4,5
1900,11,36,12,2,3,3,87,10,0,300,4,5
1901,4,374,4,2,3,3,72,15,420,540,3,5
1902,11,548,13,2,3,2,67,99,420,540,4,5
1903,12,315,12,2,3,2,56,73,420,540,4,5
1904,7,102,7,2,3,2,59,79,300,420,2,5
1905,8,152,8,2,3,1,5,28,180,300,3,5
1906,11,244,11,2,3,2,95,56,420,540,4,5
1907,9,9,9,2,3,2,36,13,180,300,2,5
1908,1,92,1,1,3,3,85,64,180,300,4,5
1909,6,176,7,1,3,2,69,53,180,300,4,5
1910,4,307,4,2,3,3,87,5,420,540,2,5
1911,13,22,13,1,3,1,47,34,60,180,4,5
1912,2,334,2,2,3,2,51,74,420,540,3,5
1913,11,31,12,2,3,3,34,83,0,300,3,5
1914,4,576,6,2,3,1,88,93,300,600,1,5
1915,3,367,3,2,3,2,10,39,420,540,2,5
1916,5,468,7,2,3,3,55,67,60,180,4,5
1917,5,368,5,2,3,1,9,68,420,540,2,5
1918,5,193,6,2,3,3,49,46,300,420,1,5
1919,13,268,14,2,3,3,60,27,300,420,1,5
1920,9,336,9,2,3,1,91,12,420,540,4,5
1921,5,396,5,2,3,1,97,70,420,540,4,5
1922,8,456,9,2,3,3,38,87,60,180,3,5
1923,4,287,4,2,3,3,63,58,300,420,1,5
1924,7,366,8,2,3,3,71,45,0,300,3,5
1925,13,259,13,2,3,3,25,42,420,540,2,5
1926,5,588,7,2,3,3,36,47,0,300,4,5
1927,6,268,6,2,3,2,2,71,300,420,4,5
1928,5,325,5,2,3,1,91,13,420,540,4,5
1929,13,590,14,2,3,1,63,57,420,540,3,5
1930,13,197,13,2,3,1,43,3,420,540,3,5
1931,6,562,7,2,3,3,93,3,300,420,3,5
1932,14,191,14,2,3,3,32,94,300,600,3,5
1933,9,1,10,2,3,1,60,40,420,540,1,5
1934,7,363,7,2,3,2,58,72,420,540,1,5
1935,10,109,11,2,3,3,83,5,420,540,3,5
1936,11,269,12,1,3,3,92,71,180,300,2,5
1937,3,468,5,1,3,1,58,37,60,180,1,5
1938,14,426,16,1,3,2,11,53,0,300,3,5
1939,9,414,9,2,3,1,92,28,420,540,4,5
1940,4,468,5,1,3,2,35,36,60,180,1,5
1941,2,156,2,1,3,2,50,18,180,300,4,5
1942,1,198,1,2,3,3,77,66,420,540,2,5
1943,1,441,2,2,3,3,85,18,60,180,2,5
1944,8,359,9,2,3,1,0,21,180,300,3,5
1945,13,414,14,2,3,2,68,5,300,600,2,5
1946,14,429,15,2,3,3,69,5,0,300,3,5
1947,9,507,11,2,3,3,100,54,180,300,2,5
1948,12,12,12,2,3,1,13,30,420,540,1,5
1949,3,253,4,2,3,3,90,12,180,300,2,5
1950,14,365,14,2,3,3,35,97,420,540,2,5
1951,5,58,6,2,3,2,29,18,300,600,3,5
1952,6,171,6,2,3,3,60,88,420,540,1,5
1953,10,263,10,2,3,2,8,52,300,600,1,5
1954,14,334,15,2,3,2,59,81,180,300,4,5
1955,14,496,16,1,3,2,4,6,180,300,3,5
1956,10,297,11,2,3,2,51,68,420,540,3,5
1957,1,489,3,2,3,3,17,4,60,180,1,5
1958,3,149,4,1,3,3,10,89,60,180,3,5
1959,13,425,14,2,3,2,28,47,180,300,4,5
1960,1,401,3,1,3,1,57,21,180,300,4,5
1961,7,559,9,1,3,1,66,35,180,300,2,5
1962,7,573,9,2,3,2,54,3,300,420,2,5
1963,1,435,2,2,3,1,14,63,300,600,2,5
1964,11,493,13,1,3,3,34,11,180,300,1,5
1965,13,443,14,1,3,3,54,78,180,300,2,5
1966,1,283,1,2,3,3,1,98,300,600,4,5
1967,5,450,7,2,3,1,67,61,420,540,3,5
1968,3,107,4,2,3,1,9,43,420,540,3,5
1969,13,556,14,1,3,3,41,68,180,300,2,5
1970,7,282,8,2,3,3,47,20,420,540,3,5
1971,1,551,3,2,3,2,89,48,180,300,2,5
1972,1,140,1,1,3,2,24,35,180,300,4,5
1973,10,478,11,1,3,2,76,61,60,180,3,5
1974,8,227,9,1,3,2,76,48,0,300,4,5
1975,14,428,16,2,3,2,18,1,420,540,3,5
1976,12,484,14,2,3,3,33,68,420,540,4,5
1977,14,380,15,2,3,1,29,31,0,300,2,5
1978,3,592,4,2,3,2,74,99,0,300,1,5
1979,11,29,11,2,3,2,30,66,180,300,2,5
1980,14,105,15,2,3,1,97,36,0,300,1,5
1981,14,324,14,2,3,3,38,80,420,540,3,5
1982,10,129,10,2,3,1,10,67,420,540,1,5
1983,14,530,15,2,3,1,60,54,60,180,4,5
1984,8,311,8,2,3,3,47,86,420,540,2,5
1985,6,590,7,2,3,1,78,27,180,300,3,5
1986,4,506,6,2,3,3,80,49,180,300,3,5
1987,13,53,13,2,3,3,49,62,0,300,2,5
1988,4,416,5,1,3,1,33,58,0,300,2,5
1989,7,375,7,2,3,2,62,93,420,540,4,5
1990,12,346,12,2,3,3,68,65,420,540,4,5
1991,14,222,15,2,3,3,38,39,0,300,4,5
1992,13,421,14,1,3,2,11,55,180,300,3,5
1993,3,221,3,2,3,3,28,78,420,540,1,5
1994,7,312,7,2,3,2,96,41,420,540,4,5
1995,3,227,3,2,3,2,54,0,420,540,4,5
1996,10,537,11,2,3,3,44,61,420,540,3,5
1997,2,430,3,2,3,3,31,27,0,300,2,5
1998,9,461,10,2,3,3,90,66,180,300,2,5
1999,13,70,14,1,3,2,45,82,180,300,2,5
2000,11,266,11,2,3,2,80,4,420,540,3,5
2001,14,542,15,2,3,3,52,20,180,300,3,5
2002,10,534,11,1,3,2,2,90,60,180,4,5
2003,14,367,14,2,3,2,99,45,420,540,2,5
2004,14,571,16,2,3,1,21,27,60,180,4,5
2005,11,427,13,2,3,2,35,100,180,300,4,5
2006,10,555,11,2,3,3,52,33,180,300,2,5
2007,2,385,3,1,3,3,4,53,180,300,3,5
2008,8,518,10,2,3,1,10,40,60,180,1,5
2009,7,316,7,2,3,3,7,100,420,540,3,5
2010,8,116,10,2,3,3,83,53,180,300,3,5
2011,6,180,8,2,3,2,97,31,180,300,1,5
2012,13,370,13,2,3,3,59,1,420,540,1,5
2013,2,159,3,1,3,1,34,61,180,300,2,5
2014,10,554,12,2,3,2,89,58,180,300,1,5
2015,3,526,5,2,3,2,49,33,300,420,4,5
2016,6,138,7,2,3,2,64,35,0,300,1,5
2017,11,399,12,2,3,1,9,75,300,420,1,5
2018,14,543,16,2,3,3,62,86,180,300,2,5
2019,12,140,12,2,3,1,10,14,300,600,2,5
2020,6,31,6,2,3,1,77,39,0,300,3,5
2021,5,262,5,2,3,2,90,53,420,540,1,5
2022,4,74,4,2,3,1,3,50,300,600,2,5
2023,5,70,5,2,3,1,6,94,420,540,1,5
2024,8,565,9,2,3,2,6,80,0,300,1,5
2025,10,17,11,2,3,2,72,85,300,420,4,5
2026,10,320,11,1,3,1,85,36,60,180,1,5
2027,11,33,12,2,3,2,97,96,0,300,2,5
2028,5,519,7,2,3,1,41,40,180,300,1,5
2029,12,168,12,1,3,3,79,69,180,300,3,5
2030,12,388,12,2,3,1,17,32,420,540,1,5
2031,3,521,5,2,3,3,20,96,180,300,2,5
2032,8,545,10,1,3,3,30,65,180,300,3,5
2033,6,458,7,2,3,2,83,84,420,540,2,5
2034,8,160,8,2,3,1,2,56,300,420,2,5
2035,14,50,14,2,3,1,59,85,420,540,4,5
2036,1,505,3,1,3,1,11,18,60,180,3,5
2037,4,522,5,2,3,2,13,16,60,180,4,5
2038,14,193,16,1,3,1,82,18,0,300,1,5
2039,7,543,9,2,3,1,1,59,0,300,2,5
2040,13,530,15,2,3,1,2,78,420,540,1,5
2041,5,172,5,2,3,3,90,16,300,420,4,5
2042,2,331,2,2,3,2,65,33,420,540,1,5
2043,11,450,13,1,3,2,92,57,0,300,2,5
2044,4,232,5,2,3,3,49,92,300,600,4,5
2045,8,338,8,2,3,2,62,31,420,540,2,5
2046,4,155,5,2,3,1,77,86,180,300,4,5
2047,14,590,16,2,3,3,22,87,180,300,1,5
2048,8,520,9,1,3,2,61,5,0,300,2,5
2049,13,6,13,2,3,3,64,7,0,300,1,5
2050,6,494,8,2,3,2,25,86,300,600,3,5
2051,10,45,11,2,3,2,55,85,0,300,3,5
2052,3,525,4,2,3,1,10,67,420,540,4,5
2053,3,538,4,2,3,2,47,100,180,300,1,5
2054,2,202,3,1,3,1,85,69,180,300,3,5
2055,4,471,5,2,3,1,12,95,60,180,3,5
2056,8,307,9,2,3,3,23,69,0,300,2,5
2057,10,114,11,1,3,3,83,88,180,300,4,5
2058,8,363,8,2,3,3,99,22,420,540,4,5
2059,13,339,13,2,3,2,19,23,420,540,3,5
2060,4,261,4,2,3,1,36,53,420,540,3,5
2061,9,343,10,1,3,2,25,97,180,300,2,5
2062,2,110,4,2,3,2,10,3,0,300,3,5
2063,6,293,7,2,3,1,29,78,60,180,2,5
2064,4,218,5,2,3,2,1,43,300,420,1,5
2065,7,470,9,2,3,3,31,47,60,180,4,5
2066,1,207,1,2,3,1,85,40,300,420,2,5
2067,2,105,3,2,3,1,79,44,300,420,2,5
2068,14,270,15,1,3,3,27,57,180,300,3,5
2069,8,1,8,1,3,3,46,19,60,180,4,5
2070,9,219,10,1,3,1,69,94,180,300,3,5
2071,10,579,12,2,3,1,79,19,180,300,1,5
2072,6,247,7,2,3,1,87,20,180,300,4,5
2073,14,484,15,2,3,3,88,89,180,300,3,5
2074,1,99,1,2,3,3,52,49,180,300,4,5
2075,10,498,12,2,3,1,9,47,300,420,1,5
2076,12,352,13,1,3,2,17,92,180,300,2,5
2077,7,78,8,2,3,2,27,35,180,300,4,5
2078,5,134,5,1,3,1,31,19,180,300,1,5
2079,5,55,6,2,3,1,87,89,180,300,3,5
2080,9,172,10,2,3,1,85,45,180,300,1,5
2081,12,299,12,2,3,2,23,22,300,420,1,5
2082,14,371,15,2,3,3,81,33,0,300,3,5
2083,10,508,12,1,3,2,15,100,0,300,3,5
2084,3,226,4,2,3,2,73,38,60,180,3,5
2085,10,111,11,2,3,2,35,48,300,600,4,5
2086,9,430,11,1,3,1,35,53,0,300,3,5
2087,10,431,12,1,3,3,51,22,180,300,2,5
2088,5,22,5,1,3,2,31,77,60,180,3,5
2089,9,239,9,2,3,3,81,94,300,420,1,5
2090,13,336,13,2,3,2,94,92,420,540,2,5
2091,3,31,3,2,3,1,4,69,180,300,2,5
2092,2,119,2,2,3,3,79,25,420,540,4,5
2093,2,587,3,1,3,3,0,65,60,180,2,5
2094,14,54,15,2,3,2,53,22,180,300,3,5
2095,8,413,9,2,3,3,17,67,300,600,1,5
2096,8,401,8,2,3,1,65,51,420,540,2,5
2097,3,412,3,2,3,3,77,18,420,540,2,5
2098,9,322,9,2,3,2,66,87,420,540,3,5
2099,2,165,2,2,3,1,78,80,300,600,4,5
2100,14,3,15,2,3,3,75,96,180,300,1,5
2101,9,82,9,2,3,2,8,90,420,540,2,5
2102,11,491,13,2,3,3,2,92,300,600,1,5
2103,11,423,12,2,3,3,99,72,300,420,3,5
2104,10,521,12,1,3,1,30,65,0,300,3,5
2105,12,298,12,2,3,3,82,20,420,540,1,5
2106,6,388,6,2,3,2,19,94,420,540,3,5
2107,7,101,7,1,3,2,71,36,180,300,2,5
2108,13,458,14,2,3,1,82,43,60,180,1,5
2109,11,342,11,2,3,3,54,25,420,540,4,5
2110,6,248,7,1,3,1,8,60,180,300,3,5
2111,14,183,15,2,3,2,77,47,0,300,4,5
2112,7,460,9,1,3,1,7,72,0,300,2,5
2113,6,221,6,2,3,2,27,54,300,420,3,5
2114,4,573,6,2,3,3,10,85,420,540,1,5
2115,14,27,14,2,3,1,31,11,180,300,3,5
2116,6,341,6,2,3,3,55,25,420,540,2,5
2117,14,526,16,2,3,1,91,2,180,300,1,5
2118,3,62,4,2,3,2,39,50,60,180,4,5
2119,3,154,5,2,3,1,21,78,60,180,3,5
2120,5,591,6,2,3,2,69,10,0,300,2,5
2121,4,511,5,1,3,2,72,91,180,300,3,5
2122,2,149,2,2,3,1,45,71,420,540,2,5
2123,1,35,3,2,3,2,94,17,60,180,2,5
2124,10,47,11,2,3,1,32,46,60,180,2,5
2125,6,9,6,1,3,1,64,98,60,180,4,5
2126,14,583,15,2,3,1,26,40,300,420,1,5
2127,9,213,9,2,3,3,41,39,300,420,2,5
2128,10,96,10,1,3,1,62,80,180,300,3,5
2129,10,427,12,2,3,3,49,66,300,600,3,5
2130,13,272,14,1,3,2,22,82,0,300,4,5
2131,1,596,3,2,3,2,51,40,60,180,4,5
2132,3,227,4,1,3,2,74,75,60,180,4,5
2133,9,424,11,1,3,3,17,68,0,300,1,5
2134,9,202,10,2,3,1,52,28,300,600,4,5
2135,8,360,9,2,3,1,72,47,60,180,2,5
2136,1,478,3,2,3,1,4,83,300,600,2,5
2137,6,126,7,2,3,2,48,86,60,180,4,5
2138,14,425,15,2,3,2,62,73,60,180,3,5
2139,2,523,3,1,3,2,78,57,0,300,1,5
2140,3,166,3,2,3,3,32,32,420,540,2,5
2141,9,263,9,2,3,1,85,8,420,540,2,5
2142,1,561,3,2,3,1,46,14,300,420,4,5
2143,14,533,15,2,3,1,62,84,60,180,1,5
2144,7,36,7,1,3,1,23,25,60,180,4,5
2145,4,80,4,1,3,2,25,44,180,300,4,5
2146,14,164,14,2,3,2,83,93,180,300,2,5
2147,2,234,3,2,3,3,60,73,180,300,4,5
2148,3,96,3,1,3,3,60,91,180,300,4,5
2149,8,178,8,1,3,2,13,19,180,300,4,5
2150,10,1,10,2,3,1,73,96,420,540,1,5
2151,6,114,6,2,3,1,33,31,300,600,3,5
2152,11,67,11,2,3,2,46,91,180,300,3,5
2153,11,354,11,2,3,1,43,70,420,540,3,5
2154,14,108,14,2,3,1,57,29,420,540,4,5
2155,10,9,10,2,3,3,86,67,180,300,3,5
2156,3,380,3,2,3,2,39,13,420,540,3,5
2157,10,99,10,2,3,3,56,38,420,540,1,5
2158,8,181,9,2,3,3,20,29,180,300,1,5
2159,4,103,4,2,3,2,33,36,300,600,3,5
2160,5,339,5,2,3,1,85,49,420,540,4,5
2161,14,437,16,2,3,2,63,99,300,600,3,5
2162,5,164,5,1,3,2,27,56,180,300,3,5
2163,8,240,8,2,3,2,17,34,420,540,3,5
2164,1,431,3,2,3,3,92,76,180,300,1,5
2165,6,274,6,2,3,3,82,87,420,540,2,5
2166,11,210,11,2,3,2,42,49,420,540,1,5
2167,10,377,10,2,3,1,73,25,420,540,3,5
2168,3,413,4,2,3,2,14,62,180,300,4,5
2169,1,151,1,2,3,3,9,45,180,300,4,5
2170,10,101,10,1,3,2,67,57,180,300,1,5
2171,14,57,15,2,3,3,27,22,60,180,3,5
2172,9,584,10,1,3,2,16,74,60,180,4,5
2173,7,195,7,2,3,3,26,66,420,540,1,5
2174,12,293,13,2,3,1,38,1,60,180,4,5
2175,5,313,5,2,3,3,13,97,420,540,1,5
2176,10,546,11,2,3,3,34,16,300,600,2,5
2177,10,177,10,2,3,1,44,10,300,420,1,5
2178,10,272,11,1,3,1,86,85,60,180,1,5
2179,10,343,12,1,3,3,38,33,0,300,3,5
2180,1,185,2,2,3,3,71,68,300,600,1,5
2181,13,241,14,2,3,1,45,50,0,300,1,5
2182,6,60,8,1,3,1,82,98,60,180,4,5
2183,12,387,13,2,3,1,99,47,60,180,4,5
2184,10,483,12,2,3,1,84,53,420,540,3,5
2185,3,573,5,1,3,1,35,89,180,300,1,5
2186,9,415,10,2,3,3,5,37,60,180,2,5
2187,4,406,4,2,3,3,18,58,420,540,4,5
2188,2,292,2,2,3,2,82,12,420,540,3,5
2189,7,251,7,2,3,1,34,16,420,540,4,5
2190,14,303,14,2,3,3,95,13,420,540,1,5
2191,14,220,15,2,3,2,1,49,420,540,1,5
2192,13,129,13,2,3,3,77,38,300,420,4,5
2193,11,127,11,1,3,2,1,73,180,300,1,5
2194,4,149,4,1,3,1,26,32,180,300,4,5
2195,13,366,13,2,3,3,82,19,420,540,3,5
2196,3,595,4,2,3,3,47,33,420,540,1,5
2197,11,349,11,2,3,2,50,18,420,540,2,5
2198,3,311,3,2,3,2,87,93,420,540,1,5
2199,12,362,13,2,3,3,89,56,420,540,1,5
2200,8,313,8,2,3,3,45,42,420,540,2,5
2201,2,262,2,2,3,3,11,73,300,420,4,5
2202,2,383,2,2,3,2,72,34,420,540,4,5
2203,13,181,14,1,3,3,79,86,180,300,1,5
2204,8,239,8,2,3,2,89,73,300,600,1,5
2205,13,146,13,2,3,3,40,77,300,600,4,5
2206,3,422,5,2,3,1,66,72,180,300,4,5
2207,1,285,1,2,3,1,91,48,300,420,4,5
2208,5,576,6,1,3,3,77,81,180,300,2,5
2209,11,62,12,1,3,3,84,6,0,300,2,5
2210,8,497,10,1,3,3,0,72,180,300,2,5
2211,14,223,14,2,3,1,27,27,300,420,4,5
2212,10,420,10,2,3,2,17,74,420,540,2,5
2213,9,337,10,1,3,3,53,39,180,300,1,5
2214,5,304,5,2,3,2,51,60,420,540,2,5
2215,1,578,2,2,3,2,75,95,300,600,1,5
2216,14,508,15,1,3,1,28,50,180,300,3,5
2217,13,142,14,2,3,2,80,23,180,300,3,5
2218,9,559,10,1,3,3,88,11,60,180,1,5
2219,5,416,6,2,3,2,36,84,60,180,1,5
2220,8,14,9,2,3,1,9,40,60,180,2,5
2221,10,242,11,1,3,1,99,75,0,300,1,5
2222,4,524,6,2,3,3,1,18,180,300,1,5
2223,12,454,14,1,3,2,52,29,60,180,3,5
2224,11,272,11,2,3,1,58,24,420,540,1,5
2225,5,488,7,2,3,2,92,7,0,300,2,5
2226,7,502,9,2,3,1,49,79,300,600,4,5
2227,1,446,3,2,3,1,75,88,420,540,3,5
2228,8,24,9,2,3,3,38,27,300,600,4,5
2229,7,385,8,1,3,1,63,30,0,300,1,5
2230,12,521,14,2,3,2,11,91,300,420,4,5
2231,13,539,14,2,3,2,50,32,300,600,3,5
2232,9,406,10,1,3,2,92,17,60,180,2,5
2233,9,599,10,2,3,2,18,10,300,420,4,5
2234,9,260,9,2,3,2,66,7,300,420,1,5
2235,5,15,5,2,3,2,69,27,0,300,3,5
2236,5,372,5,2,3,2,73,47,420,540,3,5
2237,1,58,2,2,3,2,95,71,420,540,1,5
2238,7,86,7,1,3,2,12,56,180,300,2,5
2239,5,458,7,2,3,3,65,100,60,180,1,5
2240,3,507,4,2,3,3,59,67,300,420,3,5
2241,5,534,7,1,3,1,41,22,0,300,3,5
2242,2,101,3,1,3,2,49,93,60,180,3,5
2243,1,105,2,1,3,1,41,100,180,300,1,5
2244,1,215,1,2,3,1,23,67,300,600,1,5
2245,3,468,5,2,3,3,7,89,180,300,3,5
2246,9,465,10,2,3,3,90,54,180,300,3,5
2247,5,271,5,2,3,2,39,15,420,540,1,5
2248,7,281,7,2,3,1,19,12,300,420,3,5
2249,8,552,10,2,3,3,63,55,300,420,1,5
2250,13,410,14,1,3,1,19,91,60,180,2,5
2251,14,549,16,2,3,2,63,64,420,540,1,5
2252,12,210,12,2,3,3,78,8,300,420,3,5
2253,14,297,15,2,3,2,93,3,300,420,2,5
2254,2,378,2,2,3,3,7,82,420,540,4,5
2255,7,197,8,1,3,1,33,60,0,300,3,5
2256,3,542,4,1,3,2,78,82,60,180,2,5
2257,8,225,9,2,3,2,78,7,300,420,1,5
2258,1,102,1,2,3,1,93,16,300,600,4,5
2259,5,462,6,2,3,3,93,36,420,540,1,5
2260,4,23,4,2,3,1,4,71,420,540,2,5
2261,10,101,11,1,3,2,1,73,60,180,3,5
2262,9,553,11,2,3,3,89,23,180,300,4,5
2263,13,45,13,2,3,1,98,91,180,300,2,5
2264,6,256,6,2,3,2,47,89,300,420,1,5
2265,8,134,8,2,3,1,18,17,180,300,3,5
2266,2,509,4,1,3,1,59,39,180,300,3,5
2267,13,143,14,2,3,1,52,83,180,300,3,5
2268,12,21,14,2,3,3,12,94,60,180,4,5
2269,10,514,12,2,3,1,56,95,300,600,3,5
2270,8,151,10,2,3,3,30,53,0,300,3,5
2271,7,205,8,2,3,1,54,97,0,300,2,5
2272,13,209,13,2,3,2,41,76,300,600,3,5
2273,2,150,2,1,3,3,30,56,180,300,1,5
2274,5,462,7,2,3,3,46,0,0,300,3,5
2275,14,310,15,2,3,2,75,79,60,180,1,5
2276,12,128,12,1,3,2,93,74,180,300,2,5
2277,2,490,3,2,3,1,21,32,60,180,1,5
2278,11,78,11,2,3,2,37,35,420,540,2,5
2279,11,359,11,2,3,3,4,79,420,540,3,5
2280,4,270,4,2,3,2,99,96,300,420,3,5
2281,10,228,11,2,3,3,92,76,0,300,1,5
2282,13,341,15,2,3,3,12,96,60,180,4,5
2283,12,471,14,2,3,2,96,68,420,540,2,5
2284,12,49,13,2,3,2,91,17,300,600,2,5
2285,9,584,10,2,3,2,20,3,0,300,2,5
2286,3,113,3,2,3,1,80,95,420,540,3,5
2287,12,520,14,1,3,1,56,59,0,300,1,5
2288,12,506,13,2,3,2,32,69,300,600,1,5
2289,4,155,4,1,3,3,43,91,180,300,4,5
2290,1,116,1,2,3,1,84,69,420,540,4,5
2291,13,373,13,2,3,3,45,7,420,540,1,5
2292,6,263,6,2,3,3,28,40,420,540,3,5
2293,1,279,2,2,3,2,97,66,300,600,1,5
2294,14,537,16,2,3,3,20,99,300,600,1,5
2295,7,140,8,1,3,3,22,74,0,300,4,5
2296,4,439,6,2,3,3,65,92,60,180,2,5
2297,12,183,13,2,3,2,42,57,180,300,3,5
2298,4,120,4,2,3,2,55,94,180,300,1,5
2299,12,599,13,2,3,2,70,98,180,300,2,5
2300,1,290,2,1,3,1,7,61,0,300,1,5
2301,10,461,12,1,3,3,49,35,0,300,2,5
2302,2,551,4,2,3,1,38,92,420,540,4,5
2303,2,23,2,1,3,1,98,2,60,180,2,5
2304,5,340,5,2,3,1,93,7,420,540,3,5
2305,2,219,2,2,3,3,60,53,420,540,2,5
2306,10,500,12,2,3,3,9,82,180,300,4,5
2307,3,61,3,2,3,3,36,90,180,300,1,5
2308,8,353,8,2,3,3,45,31,420,540,2,5
2309,14,600,16,2,3,3,64,83,180,300,4,5
2310,2,256,3,2,3,3,35,5,180,300,1,5
2311,6,185,7,2,3,1,70,22,60,180,3,5
2312,10,417,10,2,3,3,94,62,420,540,1,5
2313,1,573,3,2,3,2,69,13,420,540,4,5
2314,12,338,13,2,3,2,19,93,420,540,1,5
2315,10,158,10,2,3,2,73,42,180,300,2,5
2316,10,509,11,1,3,2,39,6,60,180,4,5
2317,4,513,5,2,3,2,73,29,180,300,1,5
2318,1,417,1,2,3,1,48,97,420,540,2,5
2319,2,170,2,1,3,1,74,65,180,300,1,5
2320,5,383,5,2,3,1,42,10,420,540,3,5
2321,3,582,5,2,3,3,73,13,420,540,2,5
2322,3,331,3,2,3,1,12,3,420,540,2,5
2323,8,332,8,2,3,1,5,15,420,540,4,5
2324,5,128,5,1,3,2,48,14,180,300,1,5
2325,1,164,1,1,3,1,34,82,180,300,2,5
2326,1,11,2,1,3,1,2,74,60,180,3,5
2327,8,64,8,2,3,2,84,24,420,540,2,5
2328,10,247,11,2,3,2,25,88,0,300,1,5
2329,9,106,9,2,3,1,64,31,300,600,1,5
2330,10,126,10,2,3,2,60,59,420,540,3,5
2331,13,83,13,2,3,2,72,22,300,600,3,5
2332,12,392,12,2,3,1,9,46,420,540,2,5
2333,13,35,13,2,3,3,22,21,300,600,4,5
2334,14,482,15,2,3,1,53,75,180,300,3,5
2335,11,148,11,1,3,2,27,81,180,300,2,5
2336,9,30,9,1,3,2,16,87,60,180,4,5
2337,13,351,14,2,3,3,53,80,300,420,3,5
2338,10,442,11,2,3,3,93,5,180,300,1,5
2339,14,397,14,2,3,2,43,39,420,540,3,5
2340,5,508,7,2,3,3,91,20,420,540,3,5
2341,1,59,1,1,3,3,20,27,60,180,2,5
2342,13,191,13,2,3,3,8,16,420,540,4,5
2343,5,217,5,2,3,1,56,4,300,600,1,5
2344,3,319,3,2,3,3,31,85,420,540,3,5
2345,3,482,4,1,3,3,81,26,180,300,3,5
2346,12,313,12,2,3,1,29,20,420,540,2,5
2347,7,18,7,1,3,2,43,72,60,180,4,5
2348,8,526,9,2,3,1,15,95,300,600,4,5
2349,12,278,13,2,3,1,31,90,60,180,2,5
2350,14,282,14,2,3,3,85,20,420,540,2,5
2351,10,167,10,2,3,3,43,94,180,300,2,5
2352,2,209,2,2,3,2,40,74,420,540,2,5
2353,13,226,13,2,3,2,82,47,300,420,3,5
2354,1,128,2,2,3,2,19,12,180,300,3,5
2355,6,91,7,2,3,2,80,56,180,300,2,5
2356,11,357,12,1,3,2,18,54,60,180,3,5
2357,4,572,6,2,3,1,73,5,60,180,4,5
2358,9,425,11,2,3,3,19,46,0,300,1,5
2359,14,122,15,2,3,3,68,93,420,540,3,5
2360,2,114,2,2,3,3,69,96,300,420,2,5
2361,10,528,12,1,3,2,49,29,180,300,3,5
2362,13,36,14,2,3,3,30,54,420,540,1,5
2363,2,60,2,2,3,3,1,54,60,180,1,5
2364,7,192,7,2,3,1,71,19,420,540,2,5
2365,4,77,4,2,3,3,41,82,180,300,1,5
2366,8,37,9,1,3,3,36,80,180,300,1,5
2367,2,169,4,2,3,3,92,15,180,300,1,5
2368,4,249,5,1,3,3,5,94,180,300,4,5
2369,11,597,13,2,3,2,92,23,60,180,3,5
2370,11,524,13,1,3,1,95,94,0,300,3,5
2371,14,563,15,1,3,1,31,48,60,180,2,5
2372,2,83,2,1,3,3,24,83,180,300,3,5
2373,7,554,9,2,3,1,50,65,300,420,3,5
2374,5,516,7,2,3,1,16,30,420,540,1,5
2375,3,231,3,2,3,2,39,52,420,540,4,5
2376,13,300,14,2,3,2,55,97,60,180,1,5
2377,2,48,3,2,3,1,97,70,0,300,4,5
2378,14,47,14,2,3,3,87,69,180,300,4,5
2379,9,156,9,2,3,2,30,64,180,300,2,5
2380,7,544,9,2,3,3,63,60,180,300,2,5
2381,7,357,7,2,3,1,83,17,420,540,1,5
2382,1,489,3,1,3,1,32,25,180,300,3,5
2383,3,504,5,2,3,3,64,63,0,300,3,5
2384,13,460,14,2,3,1,20,84,0,300,3,5
2385,4,395,4,2,3,3,55,37,420,540,1,5
2386,4,143,4,2,3,1,81,8,180,300,4,5
2387,6,596,7,1,3,2,72,27,60,180,4,5
2388,9,217,10,2,3,1,11,74,60,180,1,5
2389,13,25,13,2,3,2,9,73,300,600,2,5
2390,11,262,11,2,3,3,2,52,420,540,4,5
2391,14,216,14,2,3,2,84,7,420,540,2,5
2392,10,248,11,1,3,1,34,23,180,300,2,5
2393,1,109,1,1,3,2,2,79,180,300,4,5
2394,1,105,3,2,3,2,18,1,0,300,2,5
2395,2,174,2,2,3,3,94,93,420,540,3,5
2396,10,262,11,1,3,1,39,92,60,180,4,5
2397,4,372,4,2,3,3,98,41,420,540,1,5
2398,12,374,13,2,3,3,78,48,300,600,3,5
2399,11,343,13,1,3,2,11,34,0,300,4,5
2400,8,384,9,2,3,2,50,67,420,540,1,5
2401,3,197,4,2,3,1,36,91,180,300,1,5
2402,8,467,9,2,3,1,24,78,300,600,2,5
2403,5,241,5,2,3,2,46,60,420,540,2,5
2404,2,416,2,2,3,1,47,61,420,540,3,5
2405,12,493,14,1,3,1,64,2,180,300,3,5
2406,7,376,7,2,3,1,51,95,420,540,3,5
2407,11,151,11,1,3,3,90,39,180,300,1,5
2408,12,592,14,1,3,3,17,93,180,300,3,5
2409,5,225,5,2,3,3,3,11,300,600,4,5
2410,10,560,12,2,3,2,77,5,60,180,2,5
2411,8,167,9,2,3,2,37,11,0,300,1,5
2412,13,424,14,1,3,1,83,29,0,300,4,5
2413,11,318,11,2,3,2,72,59,420,540,1,5
2414,3,528,4,2,3,1,69,2,0,300,4,5
2415,4,227,4,2,3,2,88,6,420,540,3,5
2416,1,293,1,2,3,1,63,15,300,420,2,5
2417,10,49,11,2,3,2,45,19,420,540,2,5
2418,10,478,12,2,3,2,49,12,300,420,1,5
2419,7,412,7,2,3,3,88,89,420,540,2,5
2420,8,526,10,2,3,3,84,40,180,300,3,5
2421,14,107,16,2,3,2,48,55,60,180,3,5
2422,2,266,2,2,3,3,2,82,420,540,3,5
2423,10,359,11,1,3,2,94,78,0,300,3,5
2424,14,529,15,2,3,1,71,39,420,540,2,5
2425,14,331,15,1,3,3,48,83,180,300,3,5
2426,9,324,10,2,3,2,79,37,420,540,1,5
2427,8,141,10,1,3,3,22,100,180,300,2,5
2428,12,305,13,1,3,2,74,100,0,300,4,5
2429,2,498,4,1,3,1,55,67,180,300,3,5
2430,14,323,16,2,3,3,19,94,0,300,2,5
2431,5,436,6,1,3,1,76,33,180,300,2,5
2432,9,308,10,1,3,2,28,44,60,180,1,5
2433,8,434,10,1,3,3,31,93,180,300,3,5
2434,11,561,13,1,3,3,51,14,0,300,1,5
2435,1,138,1,2,3,1,37,74,300,600,3,5
2436,4,309,4,2,3,3,98,35,420,540,3,5
2437,8,474,10,1,3,2,87,96,180,300,3,5
2438,7,566,8,2,3,3,38,4,60,180,3,5
2439,4,73,5,2,3,1,20,2,0,300,4,5
2440,5,188,7,2,3,1,95,22,300,420,4,5
2441,4,167,6,2,3,3,61,91,60,180,2,5
2442,6,310,6,2,3,2,68,71,420,540,2,5
2443,2,85,3,2,3,2,33,37,60,180,4,5
2444,4,303,4,2,3,2,39,25,420,540,1,5
2445,3,372,3,2,3,3,79,49,420,540,3,5
2446,9,404,10,2,3,1,62,90,420,540,1,5
2447,3,430,4,2,3,3,99,90,60,180,1,5
2448,2,105,2,2,3,2,3,79,180,300,1,5
2449,8,498,10,2,3,3,34,80,180,300,1,5
2450,13,214,14,1,3,2,48,4,60,180,2,5
2451,6,420,6,2,3,2,97,41,420,540,3,5
2452,8,12,9,2,3,3,88,3,300,420,2,5
2453,7,69,8,2,3,1,61,97,300,420,2,5
2454,10,174,10,1,3,1,36,11,180,300,4,5
2455,1,563,3,1,3,2,22,3,0,300,4,5
2456,8,578,9,2,3,3,44,85,0,300,3,5
2457,8,223,8,2,3,1,83,68,420,540,1,5
2458,8,141,10,2,3,1,93,89,180,300,2,5
2459,10,370,12,1,3,2,43,62,180,300,4,5
2460,10,401,10,2,3,2,42,43,420,540,4,5
2461,11,19,11,2,3,1,11,90,0,300,3,5
2462,2,246,4,1,3,1,9,72,180,300,3,5
2463,6,581,7,2,3,3,35,19,60,180,4,5
2464,2,4,3,2,3,1,66,87,300,600,2,5
2465,11,351,12,2,3,3,48,27,300,420,4,5
2466,6,67,7,2,3,2,85,83,300,420,1,5
2467,6,462,8,2,3,2,40,87,60,180,4,5
2468,10,454,12,2,3,2,23,79,60,180,2,5
2469,14,426,15,2,3,1,18,96,300,420,1,5
2470,11,206,11,2,3,3,16,98,300,600,2,5
2471,2,467,4,2,3,1,65,72,420,540,2,5
2472,6,16,6,2,3,1,39,36,60,180,4,5
2473,5,107,6,2,3,1,33,75,180,300,1,5
2474,9,309,10,2,3,3,1,89,60,180,1,5
2475,8,91,8,2,3,1,24,73,180,300,1,5
2476,10,55,12,2,3,1,26,76,420,540,1,5
2477,10,102,10,2,3,1,9,34,420,540,3,5
2478,4,509,6,2,3,1,58,43,60,180,4,5
2479,12,122,12,1,3,2,71,6,180,300,3,5
2480,1,47,2,2,3,1,46,32,420,540,4,5
2481,4,219,5,2,3,1,93,82,300,420,1,5
2482,2,335,3,2,3,1,78,88,60,180,3,5
2483,1,39,2,1,3,1,22,96,180,300,3,5
2484,2,88,2,2,3,2,96,73,300,600,2,5
2485,2,363,2,2,3,1,78,16,420,540,3,5
2486,5,424,6,2,3,2,14,89,180,300,4,5
2487,14,14,14,2,3,2,56,41,420,540,3,5
2488,8,408,9,1,3,3,88,78,60,180,1,5
2489,5,111,6,1,3,1,56,79,180,300,1,5
2490,13,343,13,2,3,1,59,97,420,540,3,5
2491,2,555,3,1,3,1,89,31,180,300,4,5
2492,5,27,5,2,3,2,92,79,60,180,4,5
2493,7,125,7,2,3,3,8,36,300,420,3,5
2494,5,76,5,2,3,2,70,81,420,540,1,5
2495,7,55,7,2,3,3,40,0,60,180,1,5
2496,7,317,7,2,3,1,84,13,420,540,3,5
2497,5,28,6,2,3,1,27,59,180,300,3,5
2498,8,540,10,1,3,2,83,10,0,300,1,5
2499,12,300,13,2,3,2,49,94,300,420,2,5
2500,12,495,13,2,3,2,65,60,300,420,3,5
2501,5,21,6,1,3,3,98,75,60,180,2,5
2502,14,160,14,1,3,3,30,85,180,300,4,5
2503,13,518,14,1,3,3,41,57,0,300,2,5
2504,3,101,4,2,3,3,98,60,420,540,4,5
2505,6,57,6,2,3,3,61,24,300,600,3,5
2506,8,233,9,2,3,3,45,40,420,540,2,5
2507,11,22,11,2,3,2,30,20,60,180,4,5
2508,2,175,2,2,3,2,4,80,420,540,2,5
2509,6,566,7,2,3,3,82,80,60,180,2,5
2510,5,50,6,2,3,1,24,19,60,180,4,5
2511,1,87,1,2,3,3,13,47,420,540,3,5
2512,9,553,10,2,3,2,76,68,420,540,2,5
2513,5,163,5,1,3,3,14,62,180,300,3,5
2514,4,122,5,1,3,3,79,23,180,300,4,5
2515,1,215,1,2,3,3,45,51,300,600,4,5
2516,13,563,14,2,3,3,74,89,0,300,2,5
2517,2,597,3,1,3,2,51,65,180,300,4,5
2518,8,217,9,2,3,2,59,70,180,300,4,5
2519,14,348,15,2,3,1,50,72,420,540,4,5
2520,5,253,5,2,3,3,79,83,420,540,2,5
2521,8,67,8,2,3,1,11,18,300,600,3,5
2522,14,310,14,2,3,3,62,92,420,540,3,5
2523,14,453,15,1,3,2,54,64,180,300,4,5
2524,6,30,7,1,3,1,49,16,0,300,2,5
2525,1,557,2,1,3,1,52,82,60,180,1,5
2526,1,107,1,2,3,3,23,49,180,300,1,5
2527,2,193,2,2,3,2,37,21,420,540,3,5
2528,1,235,1,2,3,2,56,23,420,540,1,5
2529,8,289,9,1,3,2,93,43,60,180,3,5
2530,5,503,6,1,3,1,25,61,180,300,3,5
2531,3,258,4,1,3,1,15,47,60,180,1,5
2532,9,247,10,2,3,2,32,17,60,180,2,5
2533,12,32,12,2,3,1,53,82,420,540,1,5
2534,9,159,9,1,3,3,1,37,180,300,1,5
2535,3,178,3,2,3,1,61,56,300,600,2,5
2536,7,331,9,2,3,3,9,31,180,300,4,5
2537,1,20,1,2,3,3,40,34,60,180,1,5
2538,11,6,11,1,3,2,71,71,60,180,3,5
2539,3,379,3,2,3,2,34,75,420,540,4,5
2540,3,477,4,1,3,3,43,15,180,300,4,5
2541,1,269,2,1,3,2,70,40,60,180,1,5
2542,14,345,14,2,3,3,37,95,420,540,4,5
2543,4,520,6,2,3,3,99,97,60,180,2,5
2544,13,40,14,2,3,3,20,52,180,300,1,5
2545,11,507,13,2,3,2,93,66,60,180,2,5
2546,11,391,12,2,3,2,59,24,300,600,1,5
2547,8,81,8,2,3,2,38,96,420,540,3,5
2548,2,133,3,1,3,3,83,92,60,180,3,5
2549,9,497,11,1,3,2,44,2,0,300,1,5
2550,8,343,9,2,3,1,50,31,420,540,2,5
2551,11,14,11,2,3,1,50,78,420,540,3,5
2552,12,150,13,2,3,3,19,72,420,540,2,5
2553,9,480,10,2,3,1,53,60,0,300,1,5
2554,12,447,13,1,3,3,10,90,180,300,1,5
2555,7,8,7,2,3,1,15,91,420,540,1,5
2556,9,338,9,2,3,3,46,1,420,540,3,5
2557,5,489,6,2,3,1,54,35,0,300,3,5
2558,1,413,1,2,3,1,20,53,420,540,4,5
2559,3,344,3,2,3,3,11,16,420,540,3,5
2560,5,499,7,1,3,2,78,87,60,180,3,5
2561,7,342,7,2,3,1,61,32,420,540,2,5
2562,4,29,5,2,3,3,25,55,300,600,4,5
2563,11,523,13,2,3,3,24,38,300,600,4,5
2564,5,230,5,2,3,3,35,83,300,600,1,5
2565,13,29,14,2,3,1,25,52,300,600,2,5
2566,1,19,1,2,3,1,35,2,0,300,4,5
2567,5,380,6,2,3,3,38,25,60,180,2,5
2568,13,477,14,2,3,1,69,38,300,600,2,5
2569,6,237,7,1,3,1,27,89,0,300,4,5
2570,10,524,12,2,3,3,31,25,300,420,3,5
2571,4,472,5,2,3,1,58,71,300,600,2,5
2572,9,223,10,2,3,1,97,2,420,540,3,5
2573,5,90,5,1,3,1,37,94,180,300,3,5
2574,9,581,10,2,3,1,88,70,300,420,3,5
2575,4,430,6,2,3,2,13,11,300,420,4,5
2576,12,3,14,2,3,1,37,69,180,300,1,5
2577,2,552,3,2,3,3,1,21,420,540,4,5
2578,10,306,11,2,3,2,92,62,180,300,2,5
2579,8,357,9,2,3,1,71,11,420,540,4,5
2580,11,18,11,1,3,2,4,87,60,180,3,5
2581,8,19,8,1,3,3,21,46,60,180,2,5
2582,8,583,10,1,3,1,84,52,60,180,3,5
2583,10,190,11,2,3,3,91,57,420,540,3,5
2584,12,583,14,2,3,2,27,25,60,180,4,5
2585,4,250,5,1,3,3,94,4,60,180,1,5
2586,7,492,8,2,3,3,1,23,300,600,3,5
2587,4,540,6,2,3,3,89,16,0,300,3,5
2588,6,172,6,2,3,2,48,17,420,540,1,5
2589,5,291,6,2,3,1,15,8,180,300,3,5
2590,12,398,12,2,3,3,100,91,420,540,4,5
2591,1,369,2,1,3,1,34,29,0,300,1,5
2592,6,270,7,2,3,2,86,47,300,600,2,5
2593,13,415,13,2,3,3,38,76,420,540,2,5
2594,1,28,1,2,3,2,88,61,420,540,4,5
2595,6,443,8,1,3,2,17,72,60,180,1,5
2596,7,391,8,2,3,3,17,82,420,540,3,5
2597,6,466,7,1,3,2,84,64,60,180,2,5
2598,14,429,16,2,3,3,3,92,60,180,4,5
2599,14,107,14,1,3,3,57,96,180,300,4,5
2600,9,469,10,2,3,1,28,30,60,180,2,5
2601,4,63,4,2,3,2,62,17,300,420,2,5
2602,9,41,9,2,3,2,76,62,300,420,2,5
2603,14,377,16,1,3,3,42,31,180,300,1,5
2604,9,580,11,2,3,2,45,59,420,540,3,5
2605,13,249,14,2,3,1,5,90,180,300,3,5
2606,12,428,14,2,3,3,49,90,300,420,4,5
2607,7,187,8,2,3,1,92,10,60,180,1,5
2608,7,261,8,2,3,1,89,26,0,300,4,5
2609,7,595,8,1,3,3,96,84,0,300,4,5
2610,11,411,12,1,3,1,83,46,180,300,1,5
2611,4,285,5,2,3,1,32,51,300,600,4,5
2612,3,325,3,2,3,3,80,69,420,540,2,5
2613,13,450,15,1,3,1,42,83,60,180,1,5
2614,1,530,2,2,3,1,77,54,60,180,3,5
2615,12,428,13,2,3,2,40,13,300,420,3,5
2616,3,314,4,1,3,1,56,5,60,180,3,5
2617,12,104,13,2,3,3,65,38,420,540,2,5
2618,10,570,11,1,3,2,49,27,60,180,4,5
2619,1,80,1,2,3,3,4,67,180,300,2,5
2620,10,76,11,1,3,2,21,1,60,180,3,5
2621,11,104,11,1,3,3,11,74,180,300,1,5
2622,14,199,14,2,3,2,82,57,420,540,2,5
2623,9,246,9,2,3,1,99,16,420,540,3,5
2624,9,102,10,1,3,1,65,8,0,300,4,5
2625,6,103,6,1,3,3,78,97,180,300,4,5
2626,4,457,5,1,3,3,66,79,0,300,4,5
2627,2,337,2,2,3,2,24,13,420,540,4,5
2628,2,338,2,2,3,1,13,0,420,540,2,5
2629,2,365,2,2,3,2,31,15,420,540,3,5
2630,5,268,5,2,3,3,53,8,420,540,3,5
2631,4,504,6,1,3,1,90,62,180,300,3,5
2632,14,166,15,1,3,1,40,100,180,300,2,5
2633,5,578,6,2,3,2,54,15,60,180,1,5
2634,4,338,5,2,3,1,65,57,180,300,4,5
2635,4,351,4,2,3,3,63,72,420,540,3,5
2636,12,125,14,1,3,3,50,44,0,300,2,5
2637,12,398,14,2,3,3,24,20,300,420,2,5
2638,14,387,15,1,3,2,73,88,180,300,4,5
2639,5,302,5,2,3,2,76,30,420,540,1,5
2640,8,298,8,2,3,3,25,14,420,540,2,5
2641,3,550,5,2,3,3,94,1,420,540,3,5
2642,4,333,5,1,3,3,64,85,180,300,4,5
2643,6,36,7,1,3,3,86,93,60,180,1,5
2644,13,529,15,2,3,1,77,16,180,300,3,5
2645,9,170,9,2,3,3,34,12,300,600,2,5
2646,13,546,15,1,3,2,83,19,0,300,2,5
2647,13,50,13,2,3,1,40,54,300,600,3,5
2648,8,73,8,1,3,3,50,23,180,300,1,5
2649,9,483,11,2,3,2,34,56,420,540,2,5
2650,9,190,9,2,3,2,34,49,420,540,4,5
2651,7,549,8,1,3,2,45,79,180,300,2,5
2652,9,276,9,2,3,3,31,90,420,540,3,5
2653,5,541,6,1,3,2,20,55,0,300,4,5
2654,12,197,12,2,3,2,70,60,300,420,4,5
2655,11,3,11,2,3,1,70,38,0,300,1,5
2656,2,99,2,2,3,2,99,71,420,540,3,5
2657,6,364,6,2,3,3,83,82,420,540,2,5
2658,7,24,8,2,3,1,97,73,300,420,1,5
2659,4,145,5,1,3,3,67,58,180,300,3,5
2660,9,1,9,1,3,1,55,15,60,180,3,5
2661,12,20,12,2,3,2,55,86,0,300,4,5
2662,7,95,8,2,3,3,27,10,300,420,3,5
2663,5,212,6,1,3,3,18,19,0,300,2,5
2664,9,569,11,2,3,1,77,8,180,300,3,5
2665,14,417,15,1,3,3,20,35,180,300,3,5
2666,4,441,5,1,3,1,32,48,180,300,4,5
2667,7,366,8,2,3,2,53,82,60,180,3,5
2668,1,546,2,2,3,1,75,14,300,600,3,5
2669,4,422,6,2,3,3,84,35,0,300,4,5
2670,8,503,9,2,3,2,61,20,0,300,1,5
2671,2,191,3,1,3,1,3,94,60,180,3,5
2672,2,555,4,2,3,1,31,53,60,180,2,5
2673,2,397,2,2,3,3,73,43,420,540,4,5
2674,4,562,6,1,3,3,8,16,0,300,3,5
2675,12,302,12,2,3,1,77,38,420,540,1,5
2676,4,540,6,2,3,1,84,65,420,540,4,5
2677,1,117,2,1,3,2,18,14,180,300,4,5
2678,1,510,3,2,3,1,26,63,420,540,2,5
2679,11,557,12,2,3,3,38,41,420,540,2,5
2680,6,366,6,2,3,2,7,57,420,540,1,5
2681,1,177,1,1,3,1,57,22,180,300,2,5
2682,14,315,14,2,3,3,83,39,420,540,1,5
2683,13,387,13,2,3,1,45,68,420,540,3,5
2684,9,575,11,2,3,2,3,15,60,180,2,5
2685,3,137,3,2,3,1,88,52,300,600,2,5
2686,6,137,6,2,3,3,5,90,300,420,3,5
2687,1,183,2,2,3,2,11,65,300,600,1,5
2688,6,104,6,2,3,1,37,45,300,600,1,5
2689,5,283,6,1,3,1,58,34,60,180,3,5
2690,5,391,6,1,3,1,72,1,180,300,4,5
2691,8,421,9,1,3,2,35,11,180,300,4,5
2692,6,346,6,2,3,1,98,52,420,540,3,5
2693,12,577,14,1,3,3,15,29,0,300,1,5
2694,14,255,14,2,3,2,45,20,300,600,4,5
2695,14,331,15,1,3,3,1,48,60,180,4,5
2696,6,82,7,2,3,1,48,61,60,180,1,5
2697,2,35,2,2,3,3,88,26,60,180,4,5
2698,14,70,15,2,3,2,92,2,180,300,2,5
2699,12,241,13,1,3,1,31,2,180,300,4,5
2700,11,112,11,1,3,1,26,82,180,300,2,5
2701,8,584,9,2,3,3,23,14,0,300,1,5
2702,12,68,12,2,3,1,16,79,300,420,3,5
2703,8,295,9,2,3,2,79,98,420,540,3,5
2704,9,93,9,1,3,3,72,47,180,300,2,5
2705,8,599,9,2,3,2,40,66,300,420,2,5
2706,5,189,5,2,3,1,51,37,300,600,4,5
2707,2,71,2,2,3,2,85,35,180,300,1,5
2708,9,70,9,2,3,3,86,66,180,300,2,5
2709,7,217,8,2,3,3,38,43,300,600,4,5
2710,7,378,8,1,3,2,89,72,180,300,1,5
2711,14,239,14,2,3,2,72,70,420,540,4,5
2712,9,2,9,1,3,3,30,21,60,180,4,5
2713,10,366,10,2,3,3,55,86,420,540,2,5
2714,10,54,11,2,3,2,19,98,180,300,4,5
2715,5,99,6,1,3,1,9,67,60,180,3,5
2716,7,220,7,2,3,1,38,78,300,420,3,5
2717,10,305,10,2,3,2,35,26,420,540,2,5
2718,4,150,5,2,3,2,72,54,300,420,1,5
2719,5,165,5,1,3,3,91,78,180,300,1,5
2720,6,557,7,2,3,2,22,94,300,600,2,5
2721,9,425,11,2,3,1,5,53,0,300,4,5
2722,2,48,2,2,3,2,29,22,60,180,2,5
2723,9,122,9,2,3,1,36,2,420,540,4,5
2724,5,401,5,2,3,2,94,18,420,540,1,5
2725,8,200,8,2,3,2,58,63,420,540,3,5
2726,13,312,14,2,3,1,45,66,420,540,2,5
2727,3,357,3,2,3,1,51,3,420,540,4,5
2728,6,181,7,2,3,1,22,81,300,600,4,5
2729,10,213,10,2,3,1,20,16,420,540,4,5
2730,2,298,2,2,3,3,76,53,300,600,4,5
2731,8,597,10,1,3,2,79,86,0,300,3,5
2732,12,271,14,1,3,1,0,10,60,180,3,5
2733,12,354,13,2,3,3,12,42,300,420,1,5
2734,11,483,13,2,3,2,32,79,180,300,1,5
2735,4,498,6,1,3,3,73,32,60,180,3,5
2736,6,480,7,2,3,3,12,53,60,180,3,5
2737,8,121,8,1,3,1,11,65,180,300,4,5
2738,8,82,8,2,3,3,57,97,180,300,4,5
2739,11,100,12,2,3,1,34,8,180,300,1,5
2740,4,191,4,2,3,3,71,14,300,420,1,5
2741,6,490,7,1,3,1,6,26,180,300,3,5
2742,12,441,14,2,3,3,29,73,180,300,1,5
2743,6,130,6,2,3,2,11,93,420,540,4,5
2744,13,16,14,2,3,3,31,92,60,180,4,5
2745,14,70,14,2,3,2,31,72,180,300,1,5
2746,2,6,2,1,3,1,3,85,60,180,2,5
2747,2,213,3,1,3,1,17,67,60,180,3,5
2748,10,445,12,2,3,1,16,30,420,540,4,5
2749,9,110,10,2,3,1,52,89,60,180,1,5
2750,6,259,7,1,3,2,14,93,60,180,2,5
2751,12,87,12,2,3,2,7,98,420,540,3,5
2752,6,160,6,2,3,2,84,14,180,300,2,5
2753,13,329,14,2,3,2,15,95,0,300,3,5
2754,8,352,8,2,3,2,6,60,420,540,2,5
2755,12,209,13,2,3,3,2,65,60,180,2,5
2756,11,369,12,2,3,1,29,68,420,540,2,5
2757,9,105,9,1,3,1,17,28,180,300,3,5
2758,13,355,13,2,3,1,27,52,420,540,3,5
2759,4,303,4,2,3,2,16,98,420,540,1,5
2760,14,106,15,2,3,1,0,34,180,300,4,5
2761,2,365,3,1,3,2,20,27,0,300,4,5
2762,7,420,7,2,3,3,19,54,420,540,1,5
2763,5,168,6,1,3,2,78,70,0,300,2,5
2764,8,199,8,2,3,1,92,45,300,600,3,5
2765,1,117,1,2,3,1,3,14,300,420,2,5
2766,11,44,12,2,3,2,38,39,180,300,4,5
2767,3,586,4,1,3,1,78,44,0,300,1,5
2768,5,132,5,2,3,2,69,15,180,300,4,5
2769,5,458,7,2,3,2,64,46,0,300,3,5
2770,10,551,11,2,3,2,37,97,420,540,2,5
2771,8,306,8,2,3,1,48,42,420,540,1,5
2772,11,313,12,2,3,2,81,6,300,420,4,5
2773,8,342,8,2,3,3,50,97,420,540,3,5
2774,14,320,14,2,3,3,27,45,420,540,3,5
2775,11,376,11,2,3,3,15,88,420,540,3,5
2776,7,385,8,2,3,3,95,78,60,180,4,5
2777,1,29,2,1,3,3,11,62,60,180,2,5
2778,9,170,9,2,3,1,8,3,180,300,2,5
2779,2,363,2,2,3,1,13,92,420,540,4,5
2780,6,461,7,2,3,3,0,48,0,300,1,5
2781,4,47,5,2,3,1,52,11,300,600,2,5
2782,13,362,13,2,3,3,7,92,420,540,3,5
2783,11,138,11,1,3,3,90,60,180,300,2,5
2784,5,323,6,2,3,3,43,42,0,300,1,5
2785,13,374,13,2,3,3,67,28,420,540,4,5
2786,8,173,9,2,3,2,28,37,420,540,4,5
2787,1,529,2,2,3,3,60,84,0,300,2,5
2788,13,308,13,2,3,1,36,1,420,540,2,5
2789,7,188,7,2,3,2,96,84,420,540,3,5
2790,10,421,11,2,3,3,88,40,180,300,3,5
2791,14,592,16,2,3,1,21,93,420,540,4,5
2792,14,337,14,2,3,3,22,99,420,540,2,5
2793,6,21,6,2,3,1,75,78,420,540,1,5
2794,9,424,10,1,3,1,57,61,180,300,2,5
2795,3,276,4,1,3,1,71,90,60,180,3,5
2796,9,572,11,2,3,2,63,43,60,180,2,5
2797,7,406,7,2,3,2,78,74,420,540,4,5
2798,7,267,8,1,3,3,34,96,60,180,3,5
2799,6,477,8,1,3,2,77,90,0,300,4,5
2800,11,414,11,2,3,2,32,73,420,540,2,5
2801,5,26,6,2,3,3,8,23,420,540,4,5
2802,5,366,6,2,3,2,71,88,420,540,4,5
2803,3,419,3,2,3,3,54,6,420,540,3,5
2804,8,39,8,2,3,1,23,38,60,180,2,5
2805,1,336,1,2,3,3,7,96,420,540,1,5
2806,6,317,6,2,3,1,94,24,420,540,1,5
2807,5,147,5,2,3,3,73,44,180,300,4,5
2808,4,285,5,2,3,1,27,32,60,180,3,5
2809,1,167,2,1,3,1,64,80,60,180,4,5
2810,9,528,11,1,3,2,61,85,180,300,4,5
2811,7,247,7,2,3,3,97,92,420,540,1,5
2812,6,556,7,2,3,2,4,36,180,300,4,5
2813,5,333,5,2,3,2,48,2,420,540,2,5
2814,3,110,3,1,3,3,35,18,180,300,2,5
2815,9,373,10,2,3,1,74,66,180,300,4,5
2816,7,174,8,2,3,1,68,81,180,300,3,5
2817,1,419,1,2,3,2,18,9,420,540,4,5
2818,9,562,10,1,3,3,8,73,0,300,1,5
2819,14,11,15,2,3,2,79,42,0,300,3,5
2820,4,183,4,2,3,1,16,7,300,600,3,5
2821,5,256,6,2,3,2,98,81,300,420,1,5
2822,13,451,15,2,3,2,62,70,0,300,3,5
2823,7,172,7,2,3,1,8,58,180,300,2,5
2824,7,435,8,1,3,1,7,45,180,300,1,5
2825,14,35,15,2,3,1,14,65,420,540,4,5
2826,7,419,7,2,3,1,63,91,420,540,4,5
2827,5,17,6,1,3,1,51,37,0,300,1,5
2828,10,580,11,1,3,1,83,68,60,180,3,5
2829,2,7,3,2,3,3,99,77,60,180,1,5
2830,9,375,9,2,3,2,78,59,420,540,2,5
2831,2,436,4,1,3,2,12,16,180,300,4,5
2832,7,365,7,2,3,3,60,33,420,540,3,5
2833,12,554,13,2,3,2,33,83,420,540,1,5
2834,7,297,7,2,3,3,51,52,300,420,3,5
2835,9,200,9,2,3,2,12,59,420,540,3,5
2836,13,466,15,2,3,2,98,21,180,300,2,5
2837,7,65,8,2,3,1,74,80,60,180,3,5
2838,2,95,3,2,3,2,56,95,180,300,2,5
2839,13,117,14,2,3,3,37,43,60,180,2,5
2840,11,210,12,1,3,3,4,60,60,180,2,5
2841,1,20,1,2,3,2,0,23,420,540,3,5
2842,11,122,11,1,3,2,100,8,180,300,1,5
2843,13,316,13,2,3,1,2,8,420,540,2,5
2844,5,139,5,2,3,3,63,16,300,420,2,5
2845,6,205,7,1,3,1,86,83,180,300,4,5
2846,12,18,13,2,3,2,32,69,420,540,2,5
2847,8,18,8,2,3,1,90,73,180,300,4,5
2848,3,514,5,1,3,2,49,59,0,300,1,5
2849,1,465,3,1,3,1,37,72,180,300,2,5
2850,5,259,5,2,3,2,23,39,300,420,4,5
2851,6,343,7,1,3,2,30,51,180,300,1,5
2852,3,594,4,2,3,2,60,5,180,300,2,5
2853,11,250,11,2,3,3,89,71,300,420,1,5
2854,9,265,10,1,3,3,81,95,0,300,1,5
2855,9,356,9,2,3,2,14,9,420,540,3,5
2856,12,367,12,2,3,3,5,9,420,540,3,5
2857,13,27,13,2,3,3,7,100,180,300,2,5
2858,2,7,4,1,3,3,17,17,0,300,4,5
2859,14,587,16,2,3,2,41,71,60,180,2,5
2860,10,572,11,1,3,3,6,51,60,180,3,5
2861,8,116,9,2,3,1,93,6,0,300,4,5
2862,2,328,2,2,3,1,68,0,420,540,3,5
2863,1,419,1,2,3,2,45,25,420,540,2,5
2864,4,29,4,2,3,1,32,90,180,300,3,5
2865,12,175,12,2,3,3,96,82,300,600,1,5
2866,1,124,2,2,3,3,3,50,300,420,4,5
2867,7,509,9,1,3,1,7,28,0,300,1,5
2868,3,369,3,2,3,3,35,50,420,540,2,5
2869,8,478,10,2,3,2,15,10,60,180,3,5
2870,4,569,5,2,3,3,66,17,420,540,2,5
2871,14,317,14,2,3,1,56,97,420,540,4,5
2872,14,334,15,2,3,1,62,65,300,420,1,5
2873,1,146,2,2,3,1,17,83,0,300,3,5
2874,4,284,4,2,3,1,30,77,420,540,2,5
2875,2,176,2,2,3,2,14,82,180,300,4,5
2876,1,599,3,2,3,2,64,74,180,300,1,5
2877,4,384,5,1,3,1,42,65,180,300,4,5
2878,12,136,14,2,3,2,0,46,300,600,2,5
2879,12,162,12,2,3,3,9,84,180,300,4,5
2880,2,531,3,2,3,3,0,86,300,600,2,5
2881,2,382,2,2,3,2,48,53,420,540,3,5
2882,12,404,12,2,3,1,86,28,420,540,1,5
2883,5,524,6,2,3,2,49,67,300,420,4,5
2884,7,575,9,1,3,2,83,42,60,180,1,5
2885,6,266,6,2,3,3,23,93,300,420,4,5
2886,7,4,7,1,3,2,15,2,60,180,1,5
2887,8,582,10,1,3,1,97,65,60,180,2,5
2888,7,569,8,2,3,2,95,96,60,180,4,5
2889,6,480,7,2,3,1,8,69,300,600,2,5
2890,11,82,11,1,3,3,9,32,180,300,3,5
2891,8,510,9,2,3,2,2,10,180,300,4,5
2892,1,196,2,2,3,1,97,57,300,420,3,5
2893,14,472,16,2,3,1,13,18,180,300,4,5
2894,5,29,6,2,3,1,62,69,420,540,1,5
2895,1,247,1,2,3,2,11,11,420,540,2,5
2896,11,361,11,2,3,3,84,60,420,540,2,5
2897,11,154,11,2,3,2,41,19,300,600,4,5
2898,10,551,12,1,3,1,65,39,0,300,2,5
2899,12,432,13,1,3,2,90,85,0,300,4,5
2900,12,538,14,2,3,1,1,98,180,300,3,5
2901,4,377,5,2,3,2,82,59,180,300,3,5
2902,6,501,7,2,3,1,18,16,0,300,1,5
2903,5,495,6,2,3,2,20,81,300,420,3,5
2904,1,559,2,2,3,3,95,46,420,540,1,5
2905,8,465,10,1,3,2,81,70,60,180,3,5
2906,14,161,14,2,3,1,88,58,180,300,2,5
2907,5,270,5,2,3,3,44,56,300,420,1,5
2908,5,470,7,2,3,2,63,39,300,420,4,5
2909,3,312,4,2,3,1,63,41,60,180,1,5
2910,13,152,13,2,3,1,26,40,300,420,1,5
2911,3,141,4,2,3,3,85,88,300,420,1,5
2912,4,93,5,2,3,1,40,9,0,300,2,5
2913,7,354,7,2,3,1,13,65,420,540,1,5
2914,10,434,11,1,3,3,92,24,180,300,2,5
2915,13,273,13,2,3,2,51,23,300,600,1,5
2916,4,482,6,1,3,2,99,39,0,300,4,5
2917,5,576,7,1,3,3,36,2,60,180,1,5
2918,9,418,10,1,3,1,85,48,0,300,1,5
2919,12,34,13,1,3,1,57,92,60,180,4,5
2920,5,441,7,2,3,3,44,77,300,600,3,5
2921,4,54,5,2,3,1,64,77,60,180,1,5
2922,6,214,7,2,3,3,88,29,60,180,1,5
2923,6,486,8,2,3,1,48,98,60,180,3,5
2924,4,551,5,1,3,2,86,13,180,300,3,5
2925,9,383,9,2,3,2,17,64,420,540,4,5
2926,10,472,12,2,3,2,14,78,300,420,1,5
2927,4,184,4,2,3,2,86,56,300,600,2,5
2928,12,213,13,2,3,3,84,75,60,180,2,5
2929,10,303,10,2,3,3,49,77,420,540,3,5
2930,11,242,11,2,3,3,33,98,300,600,4,5
2931,14,452,16,2,3,3,58,98,180,300,3,5
2932,8,439,10,2,3,1,52,16,300,420,2,5
2933,14,17,15,2,3,3,39,63,0,300,3,5
2934,2,195,2,2,3,1,62,19,300,420,4,5
2935,13,525,14,2,3,2,34,80,300,420,4,5
2936,8,206,9,2,3,3,11,0,300,420,3,5
2937,12,579,13,1,3,2,96,43,60,180,3,5
2938,2,64,2,2,3,1,90,34,180,300,3,5
2939,6,178,6,2,3,2,86,19,420,540,3,5
2940,3,6,3,2,3,2,4,13,180,300,1,5
2941,11,112,11,1,3,3,89,40,180,300,3,5
2942,10,409,10,2,3,3,1,29,420,540,2,5
2943,6,522,8,1,3,1,6,67,180,300,1,5
2944,8,75,8,1,3,1,12,36,180,300,3,5
2945,14,237,15,2,3,2,28,77,60,180,1,5
2946,6,10,6,1,3,3,2,39,60,180,3,5
2947,10,253,11,1,3,2,43,94,60,180,1,5
2948,8,201,9,2,3,3,30,20,420,540,1,5
2949,7,218,8,2,3,2,5,62,300,600,1,5
2950,12,342,13,1,3,2,74,63,0,300,2,5
2951,14,99,15,1,3,1,98,62,0,300,1,5
2952,8,102,8,1,3,1,92,79,180,300,2,5
2953,1,231,2,2,3,1,14,83,0,300,1,5
2954,2,340,3,2,3,2,19,7,60,180,4,5
2955,14,401,15,2,3,3,42,68,420,540,4,5
2956,14,481,16,1,3,2,35,90,60,180,3,5
2957,10,371,10,2,3,2,78,56,420,540,1,5
2958,9,452,11,1,3,2,3,35,180,300,4,5
2959,10,306,11,1,3,2,60,86,0,300,4,5
2960,1,35,1,2,3,2,77,33,0,300,2,5
2961,8,575,10,2,3,2,69,34,420,540,4,5
2962,8,149,9,2,3,1,50,82,0,300,1,5
2963,7,137,8,2,3,1,66,2,60,180,2,5
2964,7,475,9,2,3,1,64,58,0,300,1,5
2965,3,563,4,2,3,2,93,70,420,540,2,5
2966,4,115,4,2,3,1,29,45,300,420,4,5
2967,10,324,11,2,3,2,30,6,60,180,2,5
2968,13,553,15,2,3,3,83,16,300,600,4,5
2969,3,506,4,1,3,3,17,72,180,300,1,5
2970,4,370,5,2,3,1,55,87,60,180,2,5
2971,3,113,4,1,3,2,61,76,60,180,3,5
2972,14,354,15,1,3,1,69,17,0,300,3,5
2973,7,139,8,1,3,1,74,93,180,300,4,5
2974,7,539,8,2,3,3,54,98,420,540,2,5
2975,6,561,8,2,3,1,82,64,300,420,2,5
2976,10,178,11,1,3,2,15,18,0,300,4,5
2977,1,518,2,2,3,1,44,78,420,540,3,5
2978,1,346,1,2,3,3,75,20,420,540,4,5
2979,4,176,4,2,3,3,96,11,420,540,4,5
2980,10,84,10,1,3,3,87,37,180,300,2,5
2981,5,71,6,2,3,3,71,88,420,540,3,5
2982,13,62,14,2,3,2,12,19,420,540,4,5
2983,11,424,12,2,3,3,91,96,420,540,1,5
2984,13,586,15,1,3,1,80,37,0,300,2,5
2985,5,51,6,1,3,2,99,65,180,300,2,5
2986,2,60,2,1,3,2,18,95,180,300,2,5
2987,3,174,3,2,3,1,85,4,420,540,1,5
2988,12,29,13,2,3,3,8,51,300,420,4,5
2989,8,306,8,2,3,2,31,4,420,540,3,5
2990,10,53,11,1,3,2,60,38,180,300,4,5
2991,10,65,10,2,3,3,69,22,420,540,4,5
2992,2,187,4,2,3,1,7,21,180,300,2,5
2993,10,400,11,1,3,3,8,77,0,300,1,5
2994,12,326,12,2,3,3,22,5,420,540,4,5
2995,1,513,2,1,3,1,63,36,60,180,1,5
2996,8,60,8,2,3,1,52,99,300,420,4,5
2997,5,232,5,2,3,3,32,79,300,420,2,5
2998,6,220,6,2,3,2,92,91,420,540,4,5
2999,9,391,9,2,3,3,89,20,420,540,1,5
3000,3,13,4,2,3,1,33,62,300,420,1,5
3001,2,389,3,2,3,2,48,62,420,540,3,5
3002,4,558,5,2,3,2,74,50,60,180,3,5
3003,7,111,7,1,3,3,24,14,180,300,1,5
3004,5,429,7,2,3,3,6,8,60,180,4,5
3005,2,573,4,2,3,2,0,41,180,300,2,5
3006,1,366,2,2,3,3,98,87,180,300,4,5
3007,10,64,11,2,3,3,0,96,0,300,3,5
3008,1,11,1,2,3,2,54,85,420,540,1,5
3009,2,13,3,1,3,1,65,53,60,180,1,5
3010,14,199,15,2,3,2,23,41,60,180,4,5
3011,5,585,7,2,3,1,97,61,180,300,4,5
3012,13,145,14,2,3,1,25,3,420,540,4,5
3013,4,391,4,2,3,3,72,84,420,540,3,5
3014,6,258,6,2,3,2,1,15,300,420,4,5
3015,3,399,3,2,3,2,32,80,420,540,3,5
3016,1,213,1,2,3,2,13,96,420,540,4,5
3017,12,182,13,2,3,2,67,17,0,300,1,5
3018,13,55,13,2,3,1,5,8,0,300,3,5
3019,13,560,15,2,3,1,12,93,60,180,1,5
3020,2,525,4,1,3,2,22,20,180,300,3,5
3021,10,168,10,2,3,1,91,11,300,420,2,5
3022,3,64,3,1,3,1,63,88,180,300,1,5
3023,13,530,15,1,3,2,28,46,180,300,2,5
3024,11,435,13,2,3,2,9,71,180,300,3,5
3025,12,185,13,1,3,3,14,7,0,300,2,5
3026,3,238,4,2,3,1,53,51,180,300,2,5
3027,5,297,6,2,3,1,26,60,0,300,4,5
3028,14,117,14,1,3,2,64,37,180,300,4,5
3029,2,488,4,2,3,1,23,56,420,540,3,5
3030,3,313,5,2,3,2,68,38,0,300,4,5
3031,4,360,4,2,3,3,53,80,420,540,3,5
3032,4,82,5,2,3,2,91,73,420,540,2,5
3033,11,495,12,2,3,1,68,82,420,540,2,5
3034,5,360,6,2,3,2,65,51,420,540,1,5
3035,11,330,11,2,3,1,61,96,420,540,3,5
3036,11,354,12,1,3,1,93,35,60,180,3,5
3037,13,72,14,2,3,3,28,83,300,420,3,5
3038,6,159,6,1,3,1,42,51,180,300,1,5
3039,11,189,12,1,3,1,78,48,60,180,1,5
3040,2,169,3,2,3,1,49,1,420,540,3,5
3041,12,87,12,1,3,1,85,45,180,300,3,5
3042,5,464,7,2,3,3,21,42,300,600,3,5
3043,4,493,6,2,3,2,26,28,300,420,2,5
3044,1,140,2,2,3,3,68,55,0,300,2,5
3045,13,231,13,2,3,2,21,95,300,420,3,5
3046,5,409,6,2,3,1,34,9,300,600,4,5
3047,14,385,15,2,3,1,6,95,60,180,1,5
3048,8,478,9,2,3,2,12,22,180,300,2,5
3049,7,374,8,1,3,2,57,31,60,180,2,5
3050,9,170,10,1,3,1,85,72,60,180,3,5
3051,12,565,13,1,3,3,76,39,60,180,1,5
3052,4,133,4,2,3,2,96,77,300,600,1,5
3053,12,302,12,2,3,2,67,54,420,540,3,5
3054,13,449,14,2,3,1,69,78,180,300,2,5
3055,3,12,4,2,3,3,60,4,420,540,1,5
3056,11,512,13,2,3,2,98,79,420,540,3,5
3057,9,307,10,2,3,2,85,95,420,540,3,5
3058,5,555,6,1,3,3,54,96,0,300,2,5
3059,6,543,7,2,3,2,41,74,180,300,3,5
3060,2,2,3,1,3,2,60,78,180,300,1,5
3061,8,126,8,2,3,3,3,68,420,540,3,5
3062,8,428,9,2,3,2,87,19,0,300,1,5
3063,14,266,15,2,3,1,65,5,180,300,2,5
3064,4,251,4,2,3,2,31,69,300,600,2,5
3065,8,0,9,2,3,2,38,0,300,600,4,5
3066,6,28,6,2,3,1,91,21,420,540,1,5
3067,12,505,13,2,3,3,40,79,60,180,2,5
3068,2,176,3,2,3,3,55,30,0,300,2,5
3069,8,33,9,2,3,1,57,84,180,300,3,5
3070,9,449,11,2,3,3,2,27,180,300,4,5
3071,9,31,9,2,3,3,89,17,60,180,2,5
3072,4,269,4,2,3,2,1,93,420,540,2,5
3073,4,567,5,2,3,3,5,72,60,180,2,5
3074,7,425,8,2,3,3,1,0,300,420,3,5
3075,13,471,14,1,3,3,20,30,60,180,2,5
3076,4,418,4,2,3,2,75,11,420,540,1,5
3077,14,538,15,2,3,2,68,16,0,300,1,5
3078,4,88,4,2,3,1,51,47,180,300,2,5
3079,6,202,8,1,3,3,48,54,0,300,2,5
3080,8,247,9,1,3,2,90,85,180,300,2,5
3081,14,200,14,2,3,1,67,100,300,600,1,5
3082,5,63,5,2,3,3,7,64,300,420,1,5
3083,1,396,1,2,3,3,95,0,420,540,2,5
3084,8,461,9,2,3,2,8,28,60,180,4,5
3085,3,486,5,2,3,2,62,52,300,420,1,5
3086,6,164,6,2,3,2,70,83,180,300,2,5
3087,9,200,9,2,3,3,15,62,420,540,2,5
3088,9,416,9,2,3,1,82,95,420,540,1,5
3089,9,206,9,2,3,3,67,85,300,420,1,5
3090,6,97,8,1,3,1,87,59,0,300,4,5
3091,12,90,12,1,3,3,12,71,180,300,2,5
3092,4,452,6,2,3,1,1,98,180,300,2,5
3093,6,489,7,2,3,1,71,76,300,600,2,5
3094,13,411,13,2,3,3,70,44,420,540,4,5
3095,7,223,7,2,3,3,2,13,420,540,4,5
3096,4,304,5,1,3,1,31,71,60,180,1,5
3097,10,127,10,2,3,1,29,65,420,540,4,5
3098,6,166,6,2,3,1,35,35,300,600,1,5
3099,5,42,5,1,3,3,67,89,60,180,3,5
3100,4,0,4,2,3,3,78,1,300,420,4,5
3101,13,36,14,1,3,3,29,9,180,300,1,5
3102,3,222,3,2,3,2,86,64,420,540,4,5
3103,2,540,3,2,3,1,67,85,60,180,2,5
3104,10,206,10,2,3,2,45,92,420,540,2,5
3105,7,85,7,2,3,1,6,34,180,300,4,5
3106,14,576,15,2,3,3,96,75,180,300,3,5
3107,11,344,11,2,3,2,92,61,420,540,1,5
3108,2,431,4,2,3,1,66,47,0,300,1,5
3109,7,344,7,2,3,1,98,62,420,540,3,5
3110,12,380,13,1,3,3,92,98,180,300,1,5
3111,14,360,15,1,3,3,0,17,60,180,2,5
3112,7,13,7,2,3,2,86,56,60,180,4,5
3113,4,17,4,1,3,3,93,66,60,180,2,5
3114,6,313,6,2,3,2,94,24,420,540,1,5
3115,4,369,4,2,3,3,61,100,420,540,2,5
3116,2,148,2,2,3,3,81,41,420,540,1,5
3117,1,81,1,1,3,2,87,8,180,300,2,5
3118,2,195,2,2,3,3,83,30,300,600,2,5
3119,5,203,5,2,3,3,30,80,300,420,2,5
3120,14,368,14,2,3,2,94,66,420,540,1,5
3121,11,216,11,2,3,2,38,64,420,540,2,5
3122,1,263,2,2,3,2,71,24,420,540,3,5
3123,5,396,5,2,3,3,59,69,420,540,4,5
3124,12,546,14,2,3,1,70,83,420,540,1,5
3125,2,575,3,2,3,3,41,97,60,180,4,5
3126,8,80,8,1,3,2,27,79,180,300,3,5
3127,9,518,10,2,3,2,90,95,300,420,1,5
3128,5,143,6,1,3,1,98,72,60,180,3,5
3129,9,346,10,1,3,1,99,4,180,300,3,5
3130,11,60,12,2,3,1,66,61,60,180,2,5
3131,12,199,14,1,3,2,77,40,180,300,1,5
3132,7,422,9,1,3,1,57,26,0,300,2,5
3133,12,162,13,2,3,3,15,58,300,420,2,5
3134,6,295,6,2,3,1,17,57,300,420,3,5
3135,11,436,12,1,3,3,23,100,180,300,1,5
3136,14,468,15,2,3,3,60,20,180,300,2,5
3137,3,180,3,1,3,1,30,4,180,300,1,5
3138,2,171,2,2,3,3,56,27,180,300,3,5
3139,12,221,12,2,3,1,73,17,420,540,4,5
3140,1,113,1,1,3,1,81,2,180,300,4,5
3141,9,430,11,2,3,1,18,79,60,180,2,5
3142,11,274,11,2,3,2,9,19,300,420,3,5
3143,3,310,3,2,3,1,62,50,420,540,2,5
3144,8,419,8,2,3,2,84,74,420,540,3,5
3145,13,575,14,2,3,3,98,38,180,300,1,5
3146,7,431,9,2,3,3,98,73,0,300,2,5
3147,7,195,8,1,3,1,40,21,0,300,4,5
3148,7,420,7,2,3,2,57,80,420,540,4,5
3149,10,170,10,1,3,1,80,45,180,300,3,5
3150,12,204,13,2,3,3,21,83,0,300,3,5
3151,5,573,6,2,3,3,48,81,300,600,1,5
3152,5,426,7,2,3,2,58,64,420,540,3,5
3153,2,585,4,2,3,3,80,15,180,300,1,5
3154,12,180,12,1,3,2,1,94,180,300,2,5
3155,9,478,11,1,3,1,77,32,60,180,4,5
3156,8,107,9,2,3,2,87,78,0,300,1,5
3157,2,581,3,1,3,1,91,21,60,180,4,5
3158,14,433,16,2,3,2,14,62,60,180,4,5
3159,9,397,9,2,3,3,56,38,420,540,4,5
3160,1,38,2,2,3,2,95,99,300,600,1,5
3161,1,325,1,2,3,1,36,38,420,540,4,5
3162,6,353,6,2,3,1,60,91,420,540,2,5
3163,3,426,4,2,3,1,31,87,0,300,1,5
3164,6,254,6,2,3,2,45,95,420,540,1,5
3165,6,566,8,2,3,3,68,3,420,540,2,5
3166,3,426,4,2,3,2,23,45,180,300,3,5
3167,9,150,9,2,3,1,87,65,420,540,4,5
3168,2,554,3,2,3,3,17,37,420,540,4,5
3169,7,230,8,2,3,3,83,63,420,540,1,5
3170,3,262,4,2,3,2,23,96,180,300,3,5
3171,10,536,12,1,3,2,76,43,0,300,3,5
3172,8,594,10,2,3,1,74,69,0,300,4,5
3173,2,155,2,2,3,3,11,45,180,300,1,5
3174,12,411,14,2,3,1,32,49,300,420,1,5
3175,11,468,12,1,3,2,82,98,0,300,2,5
3176,2,324,2,2,3,3,26,21,420,540,4,5
3177,10,535,11,2,3,2,90,8,420,540,1,5
3178,6,110,6,2,3,1,26,88,180,300,4,5
3179,2,549,3,2,3,3,12,49,180,300,4,5
3180,9,220,9,2,3,1,25,36,300,420,3,5
3181,6,221,6,2,3,2,19,83,420,540,3,5
3182,6,12,6,2,3,3,84,30,60,180,2,5
3183,6,330,6,2,3,1,21,47,420,540,3,5
3184,8,102,9,1,3,1,24,15,180,300,3,5
3185,12,301,13,2,3,3,6,28,60,180,4,5
3186,14,306,14,2,3,2,96,79,420,540,3,5
3187,7,434,9,2,3,3,25,5,300,420,1,5
3188,5,330,5,2,3,1,54,35,420,540,2,5
3189,14,332,14,2,3,1,39,78,420,540,2,5
3190,12,388,12,2,3,2,26,14,420,540,3,5
3191,4,424,6,2,3,2,61,94,0,300,3,5
3192,2,8,3,2,3,1,23,31,60,180,4,5
3193,1,169,2,2,3,1,48,94,180,300,1,5
3194,6,544,8,1,3,2,39,80,180,300,4,5
3195,3,454,4,1,3,3,67,77,0,300,4,5
3196,6,293,7,1,3,2,21,33,180,300,4,5
3197,12,351,12,2,3,2,91,72,420,540,2,5
3198,8,83,9,2,3,1,14,60,420,540,2,5
3199,6,371,7,2,3,2,56,30,180,300,1,5
3200,4,549,5,2,3,2,45,10,300,600,2,5
3201,5,403,6,2,3,1,15,23,420,540,2,5
3202,13,329,13,2,3,2,90,30,420,540,4,5
3203,4,129,4,1,3,2,49,23,180,300,3,5
3204,4,367,4,2,3,2,16,74,420,540,1,5
3205,10,365,11,2,3,1,46,45,300,600,2,5
3206,9,59,9,2,3,2,71,83,300,600,2,5
3207,4,445,6,2,3,1,45,58,300,420,2,5
3208,2,62,2,2,3,3,41,100,180,300,3,5
3209,3,548,5,2,3,2,23,52,300,420,4,5
3210,9,104,9,2,3,3,5,46,300,600,1,5
3211,7,274,8,2,3,1,93,44,0,300,3,5
3212,13,91,14,2,3,1,51,36,60,180,2,5
3213,5,555,7,1,3,1,11,6,180,300,1,5
3214,6,208,6,2,3,2,21,81,300,600,2,5
3215,3,511,5,2,3,2,94,90,300,600,1,5
3216,1,82,1,1,3,3,7,60,180,300,3,5
3217,5,104,6,1,3,1,60,72,0,300,3,5
3218,13,244,15,2,3,2,3,65,300,600,2,5
3219,7,597,9,2,3,3,46,92,420,540,1,5
3220,6,588,7,2,3,3,19,7,0,300,3,5
3221,12,110,12,2,3,2,57,9,180,300,4,5
3222,10,133,10,2,3,3,83,5,300,600,4,5
3223,7,587,8,2,3,2,8,50,420,540,4,5
3224,10,479,12,1,3,3,61,84,180,300,4,5
3225,12,26,12,2,3,3,90,86,420,540,1,5
3226,7,205,8,1,3,2,21,9,180,300,3,5
3227,5,369,5,2,3,1,42,50,420,540,4,5
3228,7,512,9,2,3,2,67,37,420,540,1,5
3229,1,72,2,2,3,2,35,95,0,300,2,5
3230,5,354,5,2,3,2,42,72,420,540,1,5
3231,14,189,15,1,3,1,81,72,180,300,1,5
3232,13,166,13,2,3,3,18,58,300,600,2,5
3233,14,203,14,2,3,2,0,83,300,420,1,5
3234,13,1,13,2,3,2,73,61,0,300,1,5
3235,14,165,14,2,3,3,13,28,300,600,4,5
3236,7,461,9,2,3,2,43,58,300,600,3,5
3237,6,126,6,2,3,3,27,87,180,300,4,5
3238,11,447,12,2,3,1,97,30,180,300,3,5
3239,12,432,13,2,3,2,68,10,0,300,3,5
3240,13,474,14,2,3,3,25,52,180,300,3,5
3241,9,507,11,2,3,1,15,55,0,300,1,5
3242,14,225,15,2,3,2,12,48,420,540,3,5
3243,13,157,14,2,3,1,30,68,0,300,2,5
3244,13,290,14,2,3,3,50,80,420,540,1,5
3245,1,570,3,2,3,2,13,64,60,180,4,5
3246,6,214,6,2,3,2,28,54,420,540,2,5
3247,13,102,13,2,3,1,87,55,300,420,3,5
3248,8,26,8,2,3,2,93,65,300,420,1,5
3249,8,294,9,1,3,1,89,70,0,300,4,5
3250,8,154,8,2,3,1,62,79,420,540,2,5
3251,6,436,7,1,3,2,90,9,60,180,4,5
3252,8,187,8,2,3,3,57,3,420,540,4,5
3253,2,364,2,2,3,1,48,20,420,540,1,5
3254,14,437,15,2,3,3,16,26,300,600,2,5
3255,11,570,12,2,3,3,68,17,60,180,1,5
3256,1,184,1,2,3,3,60,77,420,540,3,5
3257,10,594,11,2,3,2,68,76,180,300,3,5
3258,3,378,3,2,3,1,98,72,420,540,2,5
3259,9,69,9,2,3,2,60,65,300,600,1,5
3260,9,510,10,1,3,3,2,33,0,300,3,5
3261,5,568,6,1,3,1,92,69,180,300,3,5
3262,9,32,9,2,3,3,5,5,60,180,4,5
3263,8,327,9,2,3,2,34,15,60,180,1,5
3264,13,392,14,1,3,1,43,7,180,300,3,5
3265,10,381,11,2,3,2,68,36,0,300,2,5
3266,4,501,5,2,3,1,24,50,180,300,2,5
3267,4,404,5,1,3,1,57,69,60,180,1,5
3268,4,517,6,2,3,2,3,29,420,540,1,5
3269,9,398,9,2,3,1,12,42,420,540,3,5
3270,11,374,11,2,3,1,89,83,420,540,4,5
3271,7,364,7,2,3,1,15,57,420,540,2,5
3272,3,238,3,2,3,2,43,35,300,420,3,5
3273,10,574,11,2,3,2,34,81,0,300,3,5
3274,13,510,14,2,3,1,22,67,300,420,2,5
3275,1,505,3,1,3,3,54,3,60,180,1,5
3276,4,46,5,1,3,1,83,84,60,180,1,5
3277,11,507,12,1,3,3,60,68,60,180,2,5
3278,1,79,2,2,3,2,36,88,300,420,2,5
3279,6,290,6,2,3,2,62,52,420,540,3,5
3280,2,345,3,2,3,2,64,27,420,540,4,5
3281,4,596,6,1,3,2,69,50,60,180,2,5
3282,11,74,11,2,3,3,29,22,180,300,4,5
3283,11,365,11,2,3,2,83,18,420,540,2,5
3284,1,425,2,1,3,3,61,69,0,300,4,5
3285,3,261,4,1,3,2,7,7,60,180,3,5
3286,6,338,6,2,3,2,13,82,420,540,4,5
3287,2,133,3,2,3,3,92,88,180,300,4,5
3288,6,558,7,1,3,1,80,28,0,300,2,5
3289,12,110,13,1,3,2,64,6,180,300,2,5
3290,1,483,3,1,3,2,39,8,180,300,3,5
3291,14,435,16,2,3,1,41,59,420,540,4,5
3292,3,339,3,2,3,2,76,3,420,540,2,5
3293,7,118,7,1,3,3,51,46,180,300,1,5
3294,6,576,7,1,3,3,81,74,180,300,3,5
3295,3,72,4,1,3,3,85,83,180,300,4,5
3296,9,327,9,2,3,1,37,4,420,540,4,5
3297,12,334,14,2,3,2,37,42,0,300,4,5
3298,4,222,5,2,3,1,68,62,300,600,3,5
3299,4,562,5,2,3,1,88,86,0,300,4,5
3300,8,373,8,2,3,2,44,62,420,540,4,5
3301,8,566,10,1,3,1,7,81,60,180,2,5
3302,12,212,12,2,3,2,96,67,420,540,2,5
3303,8,166,9,1,3,1,82,53,0,300,4,5
3304,3,170,4,2,3,2,86,66,60,180,2,5
3305,3,46,3,2,3,2,27,28,0,300,2,5
3306,13,146,13,1,3,1,1,68,180,300,1,5
3307,11,241,11,2,3,2,75,75,300,420,3,5
3308,7,222,8,1,3,3,18,47,0,300,4,5
3309,3,351,3,2,3,2,61,60,420,540,1,5
3310,6,569,8,2,3,1,28,41,300,420,4,5
3311,11,296,12,1,3,1,72,73,60,180,4,5
3312,11,309,11,2,3,3,73,18,420,540,1,5
3313,14,436,15,1,3,2,25,59,60,180,1,5
3314,7,308,7,2,3,2,83,5,420,540,1,5
3315,5,300,6,2,3,1,50,16,60,180,2,5
3316,1,275,1,2,3,3,63,35,420,540,1,5
3317,3,303,4,2,3,2,11,94,180,300,2,5
3318,13,526,14,2,3,2,5,50,180,300,3,5
3319,1,66,1,2,3,1,6,77,180,300,1,5
3320,4,179,4,2,3,2,50,65,180,300,4,5
3321,1,401,2,2,3,3,67,19,300,600,2,5
3322,12,443,14,1,3,2,94,33,60,180,4,5
3323,8,28,9,1,3,2,27,1,0,300,2,5
3324,2,381,2,2,3,3,4,94,420,540,2,5
3325,2,170,2,2,3,2,31,57,180,300,2,5
3326,6,98,7,1,3,2,5,62,60,180,4,5
3327,14,412,14,2,3,1,23,92,420,540,3,5
3328,14,300,15,1,3,1,42,26,0,300,1,5
3329,3,568,5,2,3,2,43,70,60,180,1,5
3330,3,214,3,2,3,2,99,98,420,540,1,5
3331,6,18,6,2,3,3,82,72,420,540,4,5
3332,11,560,13,1,3,2,3,63,0,300,2,5
3333,2,62,2,2,3,3,68,24,180,300,1,5
3334,4,341,4,2,3,2,89,3,420,540,2,5
3335,8,583,9,2,3,3,88,0,300,600,3,5
3336,3,121,3,1,3,2,42,30,180,300,1,5
3337,14,543,15,1,3,3,22,4,60,180,4,5
3338,3,186,4,2,3,3,3,51,300,600,1,5
3339,11,591,12,2,3,1,73,8,420,540,4,5
3340,13,397,13,2,3,3,100,56,420,540,2,5
3341,3,91,3,2,3,1,86,55,300,600,4,5
3342,13,174,13,2,3,1,4,11,420,540,2,5
3343,4,251,4,2,3,2,19,65,300,600,3,5
3344,12,121,12,2,3,1,6,83,300,600,2,5
3345,12,239,13,2,3,2,12,34,300,420,3,5
3346,12,519,14,1,3,3,49,51,60,180,3,5
3347,3,357,3,2,3,2,21,64,420,540,4,5
3348,12,108,13,1,3,2,6,55,0,300,3,5
3349,11,592,12,2,3,3,8,78,300,600,4,5
3350,3,26,3,1,3,2,5,2,60,180,4,5
3351,1,71,2,2,3,2,27,90,420,540,1,5
3352,2,550,3,2,3,3,90,21,300,600,2,5
3353,10,433,11,2,3,1,70,69,0,300,3,5
3354,3,280,3,2,3,3,72,70,300,420,2,5
3355,7,241,7,2,3,3,12,42,300,600,3,5
3356,7,203,7,2,3,3,81,89,420,540,2,5
3357,9,184,10,2,3,3,95,100,300,600,2,5
3358,4,527,5,2,3,3,1,24,420,540,2,5
3359,2,509,3,2,3,2,96,35,300,420,3,5
3360,7,161,8,2,3,3,90,39,0,300,1,5
3361,6,42,7,2,3,3,5,4,60,180,1,5
3362,4,238,4,2,3,2,81,36,420,540,2,5
3363,11,432,13,2,3,1,30,8,420,540,4,5
3364,7,145,7,2,3,1,74,89,180,300,2,5
3365,12,280,13,1,3,1,1,55,180,300,3,5
3366,13,155,14,1,3,2,95,47,180,300,2,5
3367,7,549,8,2,3,2,80,31,180,300,2,5
3368,1,299,1,2,3,3,54,30,420,540,4,5
3369,7,132,7,1,3,1,59,33,180,300,3,5
3370,7,437,9,2,3,3,34,73,420,540,3,5
3371,9,323,10,1,3,2,23,34,60,180,2,5
3372,14,365,14,2,3,2,10,42,420,540,3,5
3373,4,38,5,1,3,2,7,74,60,180,2,5
3374,1,190,1,2,3,1,39,90,300,600,2,5
3375,11,261,11,2,3,1,17,18,300,600,1,5
3376,7,419,7,2,3,3,74,73,420,540,4,5
3377,3,8,3,2,3,3,85,49,180,300,1,5
3378,11,310,11,2,3,1,75,47,420,540,2,5
3379,14,173,15,1,3,3,98,42,180,300,1,5
3380,8,102,8,2,3,2,36,95,300,600,2,5
3381,8,361,8,2,3,1,53,10,420,540,1,5
3382,8,460,9,2,3,2,57,19,60,180,3,5
3383,6,172,7,2,3,3,65,14,180,300,2,5
3384,14,472,15,2,3,1,38,71,300,600,1,5
3385,7,573,9,1,3,1,94,93,0,300,2,5
3386,1,63,1,2,3,2,100,24,300,600,1,5
3387,1,245,2,1,3,3,40,73,60,180,1,5
3388,11,558,12,1,3,3,23,46,180,300,4,5
3389,13,419,14,1,3,2,13,100,0,300,1,5
3390,1,467,3,2,3,1,7,48,0,300,2,5
3391,14,505,16,2,3,1,87,14,0,300,1,5
3392,3,50,3,1,3,1,32,1,60,180,1,5
3393,14,555,15,1,3,2,49,75,0,300,3,5
3394,4,462,6,1,3,1,63,92,60,180,4,5
3395,7,519,9,2,3,2,43,41,60,180,1,5
3396,8,389,8,2,3,3,62,2,420,540,3,5
3397,14,458,15,2,3,3,49,78,420,540,2,5
3398,1,487,3,1,3,2,46,16,180,300,3,5
3399,3,271,4,1,3,2,36,19,0,300,3,5
3400,11,473,12,2,3,2,14,100,180,300,3,5
3401,3,517,4,1,3,1,70,42,180,300,1,5
3402,4,290,4,2,3,1,97,90,420,540,2,5
3403,2,198,3,1,3,3,1,61,0,300,4,5
3404,4,246,4,2,3,1,92,29,300,600,4,5
3405,1,54,3,1,3,3,6,13,60,180,1,5
3406,3,157,3,2,3,2,50,74,420,540,4,5
3407,9,250,10,2,3,3,55,37,0,300,1,5
3408,6,267,6,2,3,2,86,44,300,600,4,5
3409,14,412,14,2,3,1,69,44,420,540,1,5
3410,5,273,6,2,3,3,32,79,180,300,3,5
3411,7,149,7,2,3,3,81,5,420,540,2,5
3412,13,356,14,2,3,2,76,55,180,300,2,5
3413,11,443,13,2,3,2,46,32,0,300,2,5
3414,13,80,13,2,3,2,28,62,180,300,4,5
3415,11,499,13,2,3,1,67,14,180,300,3,5
3416,8,171,8,2,3,3,5,79,420,540,4,5
3417,13,400,13,2,3,2,1,78,420,540,1,5
3418,11,176,13,1,3,3,79,4,60,180,2,5
3419,11,88,11,2,3,2,39,13,180,300,4,5
3420,2,119,3,1,3,2,51,59,180,300,2,5
3421,11,508,12,2,3,3,10,17,300,600,3,5
3422,13,135,14,2,3,1,23,61,60,180,1,5
3423,4,458,6,1,3,2,38,35,180,300,4,5
3424,8,312,8,2,3,2,50,19,420,540,3,5
3425,3,107,4,2,3,1,4,27,420,540,2,5
3426,12,519,13,2,3,1,15,17,60,180,1,5
3427,7,379,7,2,3,1,70,52,420,540,3,5
3428,8,48,8,2,3,2,74,93,180,300,4,5
3429,5,495,7,1,3,3,52,90,180,300,1,5
3430,3,243,3,2,3,3,57,31,300,600,4,5
3431,5,36,5,2,3,1,84,68,300,420,3,5
3432,9,20,10,2,3,3,57,87,60,180,1,5
3433,1,259,1,2,3,2,9,10,300,600,4,5
3434,7,556,9,2,3,2,89,31,300,600,3,5
3435,10,63,12,1,3,3,9,42,0,300,2,5
3436,10,266,10,2,3,3,47,28,420,540,3,5
3437,1,412,1,2,3,3,50,76,420,540,4,5
3438,9,185,9,2,3,1,24,54,300,420,1,5
3439,5,401,6,2,3,3,9,11,0,300,2,5
3440,3,293,4,2,3,2,86,38,420,540,3,5
3441,7,102,7,1,3,3,26,42,180,300,2,5
3442,11,78,13,1,3,3,1,1,180,300,4,5
3443,14,532,16,2,3,2,53,79,0,300,2,5
3444,12,43,12,2,3,2,20,64,300,600,4,5
3445,5,478,6,2,3,3,8,62,180,300,1,5
3446,4,337,5,2,3,1,92,30,420,540,1,5
3447,14,185,14,2,3,2,56,93,420,540,3,5
3448,8,504,9,2,3,1,81,90,420,540,1,5
3449,11,534,13,2,3,2,39,10,60,180,4,5
3450,4,168,4,1,3,1,53,34,180,300,4,5
3451,2,588,4,1,3,3,60,66,180,300,4,5
3452,10,24,12,1,3,1,7,71,180,300,3,5
3453,1,194,1,2,3,2,79,39,300,420,2,5
3454,13,358,13,2,3,3,66,58,420,540,1,5
3455,4,97,4,1,3,1,38,63,180,300,4,5
3456,2,486,3,2,3,1,27,31,180,300,1,5
3457,4,44,5,2,3,3,25,20,300,600,1,5
3458,9,555,11,1,3,3,99,69,180,300,1,5
3459,11,169,11,1,3,2,57,30,180,300,4,5
3460,12,431,13,1,3,3,51,83,60,180,4,5
3461,4,532,6,2,3,2,53,85,60,180,3,5
3462,6,113,7,1,3,3,90,42,60,180,4,5
3463,11,397,11,2,3,2,9,82,420,540,4,5
3464,9,259,9,2,3,1,5,84,420,540,2,5
3465,10,351,11,2,3,3,90,82,180,300,2,5
3466,3,363,3,2,3,3,77,12,420,540,3,5
3467,8,540,9,2,3,3,37,95,0,300,2,5
3468,6,342,6,2,3,1,69,30,420,540,3,5
3469,11,278,11,2,3,1,26,72,420,540,3,5
3470,9,458,10,2,3,1,84,26,420,540,1,5
3471,12,211,12,2,3,2,97,77,420,540,4,5
3472,11,200,12,2,3,3,47,64,0,300,1,5
3473,4,219,4,2,3,1,21,92,300,420,1,5
3474,14,242,15,1,3,3,73,18,0,300,3,5
3475,1,371,2,1,3,1,60,22,180,300,1,5
3476,11,520,12,1,3,1,7,91,0,300,4,5
3477,11,554,13,2,3,2,6,67,0,300,3,5
3478,9,598,10,2,3,1,95,95,180,300,2,5
3479,10,398,11,2,3,3,44,20,60,180,3,5
3480,6,160,7,2,3,1,60,17,60,180,2,5
3481,4,330,5,2,3,3,81,11,180,300,4,5
3482,4,439,6,2,3,2,8,10,300,420,2,5
3483,11,87,11,2,3,2,57,44,300,420,2,5
3484,12,97,12,2,3,2,94,66,300,420,2,5
3485,7,192,7,2,3,1,15,74,300,600,4,5
3486,8,437,9,2,3,1,17,87,60,180,4,5
3487,1,181,1,2,3,2,82,95,300,420,2,5
3488,9,495,11,2,3,2,2,59,180,300,2,5
3489,5,344,6,1,3,2,5,100,0,300,3,5
3490,1,286,2,2,3,3,92,12,0,300,4,5
3491,4,14,5,1,3,2,30,55,60,180,4,5
3492,5,301,5,2,3,1,70,0,420,540,3,5
3493,4,494,6,2,3,2,72,75,0,300,4,5
3494,5,354,5,2,3,1,12,48,420,540,3,5
3495,13,127,13,2,3,2,96,66,300,420,3,5
3496,7,175,7,2,3,3,51,14,180,300,2,5
3497,3,164,3,2,3,2,73,98,300,420,1,5
3498,4,448,5,1,3,1,40,28,60,180,4,5
3499,13,111,13,2,3,3,24,49,180,300,3,5
3500,14,121,14,2,3,1,30,70,300,420,1,5
3501,5,431,7,1,3,3,86,46,60,180,4,5
3502,12,165,12,2,3,3,25,90,420,540,2,5
3503,11,160,11,1,3,1,76,27,180,300,4,5
3504,7,389,8,1,3,1,39,74,60,180,1,5
3505,7,26,7,2,3,1,14,69,60,180,2,5
3506,10,210,10,2,3,1,24,76,420,540,2,5
3507,3,167,3,1,3,2,50,48,180,300,3,5
3508,14,600,16,1,3,1,25,37,180,300,3,5
3509,9,69,9,2,3,3,48,27,180,300,4,5
3510,3,89,4,2,3,3,32,73,60,180,4,5
3511,12,111,12,2,3,1,63,56,420,540,2,5
3512,3,154,3,2,3,2,24,76,420,540,2,5
3513,13,126,13,2,3,1,49,13,180,300,2,5
3514,9,588,10,2,3,2,81,84,0,300,2,5
3515,10,442,12,1,3,1,50,40,180,300,1,5
3516,10,101,11,1,3,2,48,81,0,300,3,5
3517,5,185,6,2,3,1,97,39,420,540,3,5
3518,1,323,2,1,3,1,67,76,180,300,1,5
3519,1,202,1,2,3,2,58,10,300,420,2,5
3520,13,448,14,2,3,2,9,62,180,300,3,5
3521,2,154,3,2,3,2,2,19,60,180,4,5
3522,10,324,11,1,3,3,5,2,60,180,4,5
3523,14,315,15,2,3,2,33,43,420,540,3,5
3524,9,501,11,2,3,1,35,24,300,600,4,5
3525,11,49,11,1,3,1,80,58,60,180,1,5
3526,10,486,11,1,3,1,11,46,180,300,1,5
3527,7,223,8,1,3,2,67,14,60,180,4,5
3528,13,480,14,2,3,1,45,24,300,420,3,5
3529,8,81,8,2,3,3,43,100,420,540,1,5
3530,8,507,9,2,3,2,17,29,180,300,4,5
3531,1,335,2,2,3,3,95,20,420,540,1,5
3532,5,16,6,2,3,3,57,42,60,180,3,5
3533,8,408,8,2,3,2,63,13,420,540,3,5
3534,11,286,11,2,3,1,4,26,300,600,2,5
3535,7,418,7,2,3,2,67,23,420,540,4,5
3536,1,108,2,1,3,1,74,75,60,180,4,5
3537,7,332,7,2,3,3,54,39,420,540,2,5
3538,2,135,3,2,3,3,4,35,180,300,2,5
3539,7,213,9,2,3,1,9,49,180,300,2,5
3540,2,106,2,1,3,1,55,3,180,300,2,5
3541,13,10,14,2,3,3,75,35,180,300,4,5
3542,2,48,2,2,3,3,89,35,300,600,1,5
3543,14,105,14,2,3,2,21,51,180,300,1,5
3544,8,25,9,2,3,3,21,56,300,600,3,5
3545,1,430,2,2,3,2,20,66,180,300,1,5
3546,6,478,8,2,3,1,25,77,60,180,4,5
3547,11,469,13,2,3,3,37,15,60,180,1,5
3548,6,173,7,2,3,2,39,34,60,180,4,5
3549,14,366,15,2,3,2,100,47,60,180,2,5
3550,6,156,6,2,3,1,5,16,300,420,3,5
3551,13,31,14,2,3,3,5,64,420,540,4,5
3552,1,402,1,2,3,3,17,39,420,540,3,5
3553,12,245,12,2,3,2,84,26,420,540,2,5
3554,12,451,14,1,3,2,72,96,180,300,2,5
3555,10,549,12,1,3,2,80,97,0,300,4,5
3556,14,408,15,1,3,3,3,89,180,300,3,5
3557,10,475,12,1,3,2,67,7,180,300,1,5
3558,10,300,11,2,3,2,90,65,420,540,4,5
3559,3,273,3,2,3,3,69,12,420,540,3,5
3560,6,588,7,1,3,1,82,61,60,180,1,5
3561,5,401,6,2,3,2,11,46,420,540,3,5
3562,1,65,2,2,3,1,92,33,180,300,3,5
3563,2,531,3,2,3,3,100,4,0,300,4,5
3564,1,107,1,2,3,2,32,91,300,420,3,5
3565,9,248,10,1,3,1,29,62,180,300,4,5
3566,8,348,8,2,3,3,54,83,420,540,3,5
3567,7,475,8,2,3,1,10,16,300,600,1,5
3568,6,521,8,1,3,1,67,40,60,180,4,5
3569,7,167,7,1,3,2,42,90,180,300,3,5
3570,14,251,14,2,3,1,55,18,300,420,3,5
3571,10,367,10,2,3,3,22,28,420,540,2,5
3572,13,477,14,1,3,1,65,36,0,300,4,5
3573,9,235,9,2,3,3,26,59,300,600,1,5
3574,2,344,3,2,3,3,57,62,180,300,3,5
3575,11,311,12,2,3,1,83,79,300,420,4,5
3576,9,195,9,2,3,3,52,55,420,540,1,5
3577,5,499,6,1,3,3,42,57,60,180,4,5
3578,13,600,14,2,3,2,30,27,180,300,3,5
3579,11,262,12,2,3,3,4,65,0,300,3,5
3580,7,172,7,2,3,1,7,72,300,600,3,5
3581,4,157,5,2,3,2,93,13,180,300,1,5
3582,10,299,12,2,3,2,29,84,420,540,3,5
3583,7,377,7,2,3,2,15,9,420,540,2,5
3584,3,309,3,2,3,3,19,87,420,540,3,5
3585,7,124,7,1,3,3,13,79,180,300,3,5
3586,7,424,8,2,3,2,91,21,420,540,3,5
3587,9,218,9,2,3,2,14,79,420,540,3,5
3588,1,590,2,2,3,1,9,10,0,300,3,5
3589,10,106,10,1,3,1,0,73,180,300,2,5
3590,9,76,10,1,3,2,93,12,0,300,4,5
3591,9,406,9,2,3,3,57,99,420,540,4,5
3592,3,371,3,2,3,1,10,97,420,540,3,5
3593,14,58,15,2,3,1,32,7,420,540,1,5
3594,14,539,16,2,3,3,23,33,60,180,3,5
3595,8,236,8,2,3,1,26,25,420,540,3,5
3596,5,499,6,2,3,3,27,97,420,540,3,5
3597,3,491,4,1,3,2,67,45,180,300,1,5
3598,9,8,10,2,3,3,76,69,300,420,2,5
3599,4,300,4,2,3,2,70,32,420,540,2,5
3600,1,230,1,2,3,2,4,28,300,420,3,5
3601,9,591,11,2,3,2,24,61,0,300,4,5
3602,14,179,14,2,3,1,24,79,180,300,2,5
3603,1,138,1,2,3,1,71,18,180,300,1,5
3604,5,392,6,2,3,3,15,96,180,300,3,5
3605,4,533,5,2,3,1,45,66,0,300,2,5
3606,1,116,1,2,3,3,93,85,420,540,3,5
3607,6,345,7,2,3,3,19,21,420,540,1,5
3608,14,170,14,2,3,3,1,8,420,540,3,5
3609,1,188,2,2,3,2,97,18,300,420,1,5
3610,2,522,4,2,3,1,4,52,420,540,3,5
3611,8,183,9,2,3,3,17,42,420,540,1,5
3612,4,467,6,2,3,2,34,97,180,300,2,5
3613,12,421,13,1,3,2,57,60,180,300,4,5
3614,3,152,3,1,3,2,9,52,180,300,3,5
3615,14,100,14,2,3,1,76,84,420,540,1,5
3616,5,557,6,2,3,2,37,79,420,540,4,5
3617,7,38,7,2,3,1,100,15,300,600,2,5
3618,14,46,14,2,3,3,91,71,0,300,2,5
3619,3,562,5,2,3,3,23,16,180,300,4,5
3620,5,537,7,2,3,3,55,67,300,420,3,5
3621,11,169,11,2,3,2,86,73,300,420,1,5
3622,10,446,11,2,3,2,20,96,0,300,1,5
3623,8,143,8,2,3,3,53,83,300,420,3,5
3624,12,42,14,2,3,1,77,67,300,420,1,5
3625,8,163,8,2,3,1,91,76,180,300,3,5
3626,7,48,7,2,3,3,85,56,420,540,4,5
3627,4,48,4,2,3,3,47,82,0,300,3,5
3628,4,549,5,2,3,2,30,3,60,180,2,5
3629,10,394,10,2,3,1,74,10,420,540,2,5
3630,8,173,8,2,3,3,69,50,420,540,1,5
3631,13,366,13,2,3,2,78,81,420,540,1,5
3632,4,37,5,2,3,3,39,45,300,600,2,5
3633,11,432,13,1,3,3,77,60,0,300,2,5
3634,2,112,3,1,3,1,77,4,180,300,1,5
3635,4,238,5,1,3,3,98,57,60,180,3,5
3636,5,188,5,2,3,1,11,42,420,540,4,5
3637,7,235,8,1,3,2,75,66,0,300,3,5
3638,5,288,6,1,3,3,58,26,60,180,4,5
3639,9,280,9,2,3,3,10,45,420,540,2,5
3640,3,309,4,2,3,1,48,43,300,420,1,5
3641,1,206,2,1,3,3,59,8,180,300,2,5
3642,7,260,8,1,3,3,99,11,60,180,1,5
3643,4,352,4,2,3,2,72,75,420,540,2,5
3644,10,143,11,2,3,1,83,67,300,600,1,5
3645,13,156,13,2,3,1,5,78,300,600,1,5
3646,10,8,11,2,3,3,76,25,420,540,4,5
3647,7,466,9,2,3,1,99,91,300,600,4,5
3648,1,417,2,2,3,1,43,41,60,180,2,5
3649,9,381,10,1,3,2,18,42,60,180,3,5
3650,1,29,1,1,3,3,15,22,60,180,2,5
3651,8,531,10,1,3,3,37,88,180,300,1,5
3652,9,587,11,1,3,3,65,92,180,300,2,5
3653,8,586,10,2,3,3,74,2,0,300,3,5
3654,4,16,5,2,3,3,45,70,180,300,3,5
3655,4,251,4,2,3,3,91,45,300,420,4,5
3656,5,10,5,2,3,1,98,84,420,540,4,5
3657,9,205,9,2,3,1,50,16,420,540,1,5
3658,6,277,7,1,3,1,35,1,180,300,4,5
3659,2,473,3,2,3,1,24,2,180,300,4,5
3660,5,364,5,2,3,3,92,49,420,540,2,5
3661,10,192,10,2,3,1,69,42,300,600,4,5
3662,10,515,12,1,3,1,52,5,60,180,4,5
3663,6,478,7,2,3,1,64,61,420,540,4,5
3664,7,481,9,2,3,3,25,33,0,300,3,5
3665,14,512,16,1,3,2,72,8,180,300,3,5
3666,1,171,1,2,3,2,7,44,420,540,1,5
3667,10,176,11,2,3,3,85,87,0,300,2,5
3668,5,265,5,2,3,1,14,54,300,420,4,5
3669,6,86,7,1,3,3,10,10,60,180,4,5
3670,7,471,8,2,3,2,29,81,420,540,2,5
3671,11,233,11,2,3,3,8,70,300,600,1,5
3672,4,191,6,2,3,2,75,40,300,420,2,5
3673,10,414,10,2,3,1,63,14,420,540,1,5
3674,2,183,2,2,3,3,20,100,300,600,1,5
3675,3,345,3,2,3,3,15,97,420,540,3,5
3676,1,527,3,2,3,1,89,84,0,300,3,5
3677,3,524,5,1,3,3,73,94,60,180,2,5
3678,11,411,12,1,3,3,50,59,60,180,4,5
3679,7,129,8,2,3,2,22,15,0,300,4,5
3680,11,191,11,2,3,3,4,62,300,600,3,5
3681,1,348,1,2,3,2,97,24,420,540,1,5
3682,1,308,1,2,3,2,91,1,420,540,1,5
3683,4,168,4,2,3,3,13,96,300,420,1,5
3684,11,228,12,2,3,1,15,100,300,420,2,5
3685,10,23,10,2,3,1,51,57,0,300,2,5
3686,8,257,8,2,3,2,9,27,300,600,3,5
3687,7,465,8,2,3,2,93,47,0,300,1,5
3688,5,444,6,2,3,2,85,47,0,300,4,5
3689,14,356,14,2,3,1,83,47,420,540,4,5
3690,10,549,12,1,3,2,5,3,180,300,3,5
3691,13,572,15,1,3,3,13,95,0,300,3,5
3692,4,87,5,1,3,3,21,94,180,300,3,5
3693,2,136,2,1,3,2,89,67,180,300,1,5
3694,10,491,12,2,3,3,93,90,420,540,2,5
3695,6,133,6,2,3,3,44,38,420,540,3,5
3696,2,278,2,2,3,3,82,82,420,540,1,5
3697,5,67,5,2,3,3,91,38,300,600,1,5
3698,10,41,11,1,3,1,76,87,180,300,3,5
3699,6,386,7,2,3,3,70,16,300,420,2,5
3700,2,61,2,2,3,1,34,22,180,300,4,5
3701,7,393,8,2,3,2,32,74,60,180,1,5
3702,14,197,14,2,3,3,70,69,420,540,2,5
3703,6,35,7,1,3,1,7,85,0,300,3,5
3704,6,57,6,2,3,1,89,11,0,300,3,5
3705,9,238,9,2,3,2,5,94,420,540,2,5
3706,1,298,2,1,3,1,0,67,180,300,2,5
3707,4,118,4,2,3,1,46,94,180,300,1,5
3708,4,570,6,1,3,1,52,25,180,300,4,5
3709,7,282,8,2,3,1,12,15,0,300,1,5
3710,7,440,8,2,3,1,93,41,0,300,4,5
3711,2,119,2,1,3,1,30,73,180,300,2,5
3712,3,400,4,2,3,3,83,29,0,300,3,5
3713,8,268,8,2,3,2,80,19,420,540,3,5
3714,11,498,13,2,3,2,37,82,0,300,1,5
3715,14,270,15,2,3,1,98,28,60,180,2,5
3716,8,107,8,2,3,1,51,17,420,540,2,5
3717,11,294,11,2,3,2,17,89,300,420,2,5
3718,14,232,15,1,3,2,27,14,0,300,3,5
3719,5,462,7,2,3,3,81,1,420,540,1,5
3720,7,559,9,2,3,3,96,52,300,600,4,5
3721,9,283,10,1,3,1,12,74,0,300,4,5
3722,13,281,15,2,3,2,36,34,180,300,1,5
3723,2,387,3,1,3,2,62,88,60,180,2,5
3724,4,197,4,2,3,3,82,5,420,540,4,5
3725,9,216,10,1,3,2,64,79,180,300,4,5
3726,3,21,3,2,3,1,62,6,420,540,3,5
3727,1,598,2,2,3,3,79,71,0,300,1,5
3728,6,42,7,2,3,3,7,61,60,180,1,5
3729,5,98,5,2,3,2,40,80,180,300,1,5
3730,4,408,4,2,3,1,62,70,420,540,2,5
3731,3,230,3,2,3,3,80,73,300,420,4,5
3732,12,189,12,2,3,3,98,25,420,540,2,5
3733,9,345,9,2,3,2,69,43,420,540,1,5
3734,8,226,8,2,3,1,19,25,420,540,2,5
3735,13,455,14,2,3,3,84,7,420,540,2,5
3736,7,278,7,2,3,2,99,27,420,540,1,5
3737,14,154,15,1,3,3,78,15,60,180,1,5
3738,13,293,13,2,3,2,87,15,420,540,4,5
3739,14,556,16,2,3,2,19,13,420,540,4,5
3740,12,519,13,2,3,2,79,37,180,300,1,5
3741,8,103,10,2,3,1,8,36,180,300,4,5
3742,9,28,9,1,3,2,56,5,60,180,2,5
3743,5,82,5,2,3,1,44,43,420,540,1,5
3744,12,322,13,2,3,1,33,15,300,600,4,5
3745,12,432,14,2,3,2,71,95,60,180,2,5
3746,8,130,9,2,3,2,58,82,180,300,1,5
3747,5,129,5,2,3,1,83,31,300,600,1,5
3748,9,177,9,2,3,1,85,74,300,600,1,5
3749,11,183,11,2,3,3,46,82,420,540,2,5
3750,14,322,15,2,3,2,33,2,0,300,4,5
3751,14,282,14,2,3,2,13,11,420,540,1,5
3752,2,244,2,2,3,2,25,56,420,540,1,5
3753,14,217,15,1,3,3,57,0,60,180,4,5
3754,6,420,6,2,3,2,18,80,420,540,3,5
3755,4,566,5,1,3,1,100,74,0,300,3,5
3756,1,72,1,2,3,3,66,9,420,540,2,5
3757,9,254,10,2,3,1,57,67,0,300,1,5
3758,1,143,1,2,3,3,99,38,420,540,1,5
3759,10,579,11,1,3,2,82,48,60,180,2,5
3760,7,189,9,1,3,1,66,72,0,300,4,5
3761,8,497,10,1,3,1,0,69,60,180,3,5
3762,3,92,3,2,3,3,28,100,420,540,4,5
3763,3,193,4,1,3,3,100,68,180,300,4,5
3764,4,465,6,1,3,2,15,41,180,300,2,5
3765,5,570,6,2,3,3,91,42,180,300,4,5
3766,14,316,15,1,3,1,74,33,60,180,2,5
3767,13,251,13,2,3,3,15,86,420,540,2,5
3768,2,470,3,1,3,3,5,98,180,300,1,5
3769,10,127,10,2,3,3,85,68,180,300,4,5
3770,8,528,10,1,3,2,74,13,0,300,3,5
3771,9,582,10,1,3,1,45,77,60,180,3,5
3772,9,433,10,2,3,3,68,94,60,180,2,5
3773,10,273,11,2,3,2,40,66,180,300,3,5
3774,9,391,10,2,3,1,1,83,180,300,3,5
3775,6,574,8,2,3,2,73,44,60,180,2,5
3776,6,468,7,1,3,3,34,93,180,300,4,5
3777,8,286,8,2,3,2,47,59,300,600,1,5
3778,3,41,3,2,3,1,0,44,180,300,2,5
3779,12,406,12,2,3,1,95,6,420,540,2,5
3780,12,141,12,2,3,2,32,46,300,420,2,5
3781,8,484,10,1,3,3,57,82,180,300,3,5
3782,3,509,4,1,3,2,37,52,180,300,2,5
3783,4,297,4,2,3,2,31,75,420,540,1,5
3784,9,400,9,2,3,1,34,1,420,540,2,5
3785,10,416,10,2,3,3,87,83,420,540,2,5
3786,10,557,12,2,3,2,69,52,60,180,1,5
3787,4,380,4,2,3,2,99,7,420,540,3,5
3788,9,26,10,2,3,2,86,77,300,420,4,5
3789,1,7,1,2,3,2,39,72,180,300,1,5
3790,9,437,11,2,3,1,85,37,420,540,2,5
3791,1,453,2,2,3,2,22,25,420,540,1,5
3792,14,189,15,2,3,1,90,88,300,600,1,5
3793,3,516,4,1,3,3,55,61,180,300,2,5
3794,5,460,6,1,3,2,6,69,0,300,2,5
3795,10,89,10,2,3,1,94,33,420,540,2,5
3796,10,37,11,2,3,2,64,38,180,300,4,5
3797,14,188,15,2,3,2,53,78,300,420,1,5
3798,1,44,2,1,3,1,21,72,180,300,3,5
3799,13,453,15,2,3,1,39,53,300,420,4,5
3800,3,149,4,2,3,3,33,61,420,540,4,5
3801,14,537,16,2,3,2,68,21,300,420,4,5
3802,1,131,2,2,3,1,96,34,0,300,2,5
3803,5,517,6,2,3,2,15,34,0,300,4,5
3804,6,19,6,2,3,2,3,99,180,300,3,5
3805,6,398,6,2,3,3,99,45,420,540,2,5
3806,13,171,13,2,3,2,58,29,420,540,4,5
3807,12,57,12,2,3,3,81,80,180,300,4,5
3808,6,365,6,2,3,2,33,95,420,540,4,5
3809,13,265,13,2,3,3,90,97,420,540,1,5
3810,2,496,3,2,3,3,24,40,300,420,3,5
3811,14,346,14,2,3,3,44,1,420,540,1,5
3812,14,151,14,2,3,2,52,10,300,600,2,5
3813,14,373,15,1,3,2,27,76,0,300,3,5
3814,5,252,6,2,3,3,94,9,420,540,4,5
3815,3,190,3,2,3,2,4,52,420,540,1,5
3816,8,278,8,2,3,1,76,37,300,420,2,5
3817,3,447,5,1,3,1,1,62,0,300,3,5
3818,11,126,11,2,3,1,55,8,420,540,3,5
3819,7,481,9,2,3,1,6,83,180,300,3,5
3820,11,308,11,2,3,2,42,100,420,540,1,5
3821,6,407,6,2,3,3,81,14,420,540,1,5
3822,6,190,7,2,3,2,10,78,60,180,2,5
3823,9,83,10,2,3,2,4,60,420,540,4,5
3824,8,74,8,2,3,1,67,42,300,420,3,5
3825,13,246,13,2,3,1,18,85,420,540,2,5
3826,5,554,6,1,3,2,11,79,0,300,4,5
3827,12,253,12,2,3,3,50,98,420,540,4,5
3828,3,513,5,1,3,2,14,40,0,300,2,5
3829,7,71,7,1,3,3,64,84,180,300,4,5
3830,2,280,3,2,3,2,19,74,180,300,1,5
3831,13,234,13,2,3,1,87,4,300,420,4,5
3832,10,436,12,2,3,1,76,15,180,300,1,5
3833,13,97,14,2,3,2,79,83,0,300,1,5
3834,6,5,7,2,3,1,59,23,300,420,2,5
3835,13,596,14,1,3,1,73,11,60,180,3,5
3836,1,558,3,2,3,1,43,59,60,180,3,5
3837,6,482,8,2,3,1,82,4,180,300,4,5
3838,2,556,4,2,3,3,2,80,420,540,4,5
3839,14,328,15,2,3,3,9,27,0,300,3,5
3840,9,6,10,1,3,3,79,27,60,180,3,5
3841,6,408,7,2,3,1,2,14,60,180,3,5
3842,4,482,5,2,3,1,72,57,300,600,3,5
3843,2,232,3,2,3,3,60,0,300,600,2,5
3844,6,110,7,2,3,2,72,39,60,180,2,5
3845,6,391,6,2,3,3,85,77,420,540,1,5
3846,11,44,12,1,3,3,49,75,0,300,1,5
3847,8,355,9,2,3,1,14,70,60,180,4,5
3848,7,54,7,2,3,2,88,40,300,420,1,5
3849,8,547,9,2,3,2,64,61,420,540,4,5
3850,12,567,13,1,3,2,64,76,60,180,1,5
3851,10,519,11,2,3,1,33,13,0,300,2,5
3852,14,67,15,1,3,2,80,15,180,300,3,5
3853,8,5,9,2,3,2,74,12,0,300,4,5
3854,3,113,3,2,3,1,48,20,180,300,3,5
3855,6,526,7,2,3,1,54,12,0,300,3,5
3856,10,83,10,2,3,2,35,95,180,300,3,5
3857,10,187,10,2,3,1,8,100,300,420,3,5
3858,11,573,12,1,3,3,16,96,180,300,1,5
3859,6,554,7,2,3,3,13,93,180,300,1,5
3860,13,308,13,2,3,3,0,94,420,540,3,5
3861,2,129,2,1,3,2,59,8,180,300,2,5
3862,2,173,2,2,3,3,5,4,180,300,3,5
3863,10,230,11,2,3,1,62,95,0,300,2,5
3864,5,518,7,2,3,3,51,11,180,300,4,5
3865,5,114,5,1,3,2,92,49,180,300,2,5
3866,6,476,7,2,3,2,88,33,180,300,4,5
3867,4,312,5,2,3,1,29,76,0,300,4,5
3868,13,566,14,1,3,1,4,12,180,300,1,5
3869,14,565,15,2,3,1,59,31,180,300,4,5
3870,5,192,5,2,3,1,45,56,420,540,3,5
3871,2,425,4,1,3,3,25,86,0,300,4,5
3872,7,521,8,2,3,3,81,16,420,540,3,5
3873,6,252,7,2,3,1,86,3,60,180,1,5
3874,11,541,12,2,3,1,82,32,420,540,2,5
3875,14,63,15,2,3,2,8,74,300,600,2,5
3876,8,17,8,2,3,3,60,46,0,300,1,5
3877,7,445,9,1,3,3,75,28,0,300,4,5
3878,5,219,6,2,3,3,23,55,60,180,3,5
3879,5,324,6,2,3,2,12,27,300,420,3,5
3880,10,125,10,2,3,2,11,78,180,300,2,5
3881,1,526,2,1,3,1,18,33,60,180,3,5
3882,1,474,2,1,3,3,68,59,0,300,3,5
3883,11,210,11,2,3,2,59,50,420,540,2,5
3884,13,414,13,2,3,3,66,92,420,540,3,5
3885,8,350,9,1,3,2,47,97,180,300,4,5
3886,8,49,9,2,3,2,51,92,300,420,2,5
3887,9,497,11,1,3,1,57,8,0,300,4,5
3888,3,590,5,1,3,2,90,63,60,180,2,5
3889,9,230,10,1,3,2,26,45,0,300,2,5
3890,14,453,16,2,3,1,98,44,60,180,4,5
3891,3,254,3,2,3,3,65,97,420,540,1,5
3892,5,76,6,2,3,1,63,71,60,180,1,5
3893,6,356,6,2,3,1,70,85,420,540,3,5
3894,13,193,13,2,3,2,18,95,420,540,3,5
3895,10,423,12,1,3,1,73,43,0,300,4,5
3896,5,109,5,2,3,2,61,81,420,540,3,5
3897,1,315,2,2,3,2,22,72,60,180,3,5
3898,3,260,4,2,3,2,82,52,180,300,3,5
3899,1,181,1,2,3,2,19,69,420,540,2,5
3900,6,529,8,2,3,2,68,45,420,540,1,5
3901,5,522,7,2,3,3,65,78,0,300,3,5
3902,13,253,14,1,3,1,80,76,60,180,2,5
3903,5,10,5,2,3,1,25,95,420,540,1,5
3904,6,133,6,2,3,2,73,30,420,540,2,5
3905,12,541,14,1,3,1,82,13,60,180,1,5
3906,1,559,3,2,3,3,45,72,0,300,3,5
3907,9,312,11,2,3,1,71,36,60,180,3,5
3908,3,288,5,2,3,1,58,77,0,300,3,5
3909,7,98,7,1,3,1,54,29,180,300,1,5
3910,1,557,3,2,3,3,22,17,60,180,3,5
3911,12,428,14,2,3,2,90,75,180,300,4,5
3912,11,41,11,1,3,1,33,9,60,180,2,5
3913,14,42,14,1,3,3,39,43,60,180,2,5
3914,14,377,15,2,3,2,48,94,180,300,1,5
3915,11,580,12,1,3,1,66,12,0,300,1,5
3916,8,386,9,1,3,2,76,56,60,180,3,5
3917,9,563,10,2,3,3,91,26,0,300,3,5
3918,6,53,6,2,3,2,59,100,60,180,3,5
3919,5,559,7,2,3,2,25,41,300,420,1,5
3920,5,532,7,1,3,3,17,54,180,300,3,5
3921,12,340,13,2,3,2,11,53,420,540,2,5
3922,7,245,7,2,3,2,48,91,420,540,3,5
3923,3,200,4,1,3,3,50,65,60,180,3,5
3924,13,170,14,1,3,1,23,25,0,300,2,5
3925,8,420,8,2,3,2,33,12,420,540,4,5
3926,8,420,8,2,3,1,45,24,420,540,3,5
3927,12,173,12,2,3,2,78,70,300,420,1,5
3928,5,532,6,2,3,1,4,60,420,540,3,5
3929,7,264,8,1,3,1,69,30,60,180,1,5
3930,14,573,15,2,3,3,42,67,180,300,1,5
3931,1,416,1,2,3,1,92,59,420,540,4,5
3932,9,52,10,1,3,3,68,22,60,180,4,5
3933,13,85,14,2,3,3,42,50,60,180,4,5
3934,2,596,4,2,3,1,79,46,60,180,4,5
3935,9,494,11,1,3,1,15,95,180,300,3,5
3936,7,49,7,1,3,3,95,4,60,180,1,5
3937,6,286,8,1,3,2,36,49,0,300,2,5
3938,7,297,8,2,3,1,23,85,420,540,4,5
3939,10,593,11,2,3,1,59,46,180,300,3,5
3940,11,188,11,2,3,2,11,44,300,600,2,5
3941,12,260,12,2,3,1,8,53,300,600,2,5
3942,4,440,6,2,3,2,20,23,420,540,3,5
3943,7,532,9,1,3,1,0,15,0,300,3,5
3944,14,106,14,2,3,1,50,22,300,600,4,5
3945,9,213,9,2,3,3,55,61,300,420,2,5
3946,14,77,15,1,3,3,34,17,180,300,2,5
3947,13,512,14,1,3,3,85,60,180,300,4,5
3948,13,484,14,2,3,3,60,44,420,540,3,5
3949,4,533,5,1,3,2,95,29,180,300,3,5
3950,9,72,9,2,3,3,12,19,300,420,1,5
3951,1,535,2,2,3,2,5,28,420,540,4,5
3952,14,213,15,2,3,3,13,10,0,300,3,5
3953,8,300,8,2,3,1,74,67,300,420,3,5
3954,1,424,2,1,3,2,34,71,180,300,1,5
3955,14,48,14,1,3,2,54,37,60,180,4,5
3956,10,447,12,2,3,1,37,39,180,300,4,5
3957,2,568,4,2,3,3,61,25,60,180,2,5
3958,12,338,12,2,3,3,9,87,420,540,1,5
3959,2,326,2,2,3,3,18,82,420,540,2,5
3960,14,110,14,1,3,3,95,64,180,300,1,5
3961,9,406,10,1,3,3,17,7,60,180,3,5
3962,2,321,2,2,3,2,46,72,420,540,2,5
3963,1,337,3,2,3,1,91,42,60,180,2,5
3964,6,491,8,2,3,1,63,12,0,300,3,5
3965,7,497,9,1,3,2,33,52,180,300,4,5
3966,2,568,3,2,3,3,61,75,60,180,1,5
3967,13,275,14,1,3,2,17,54,60,180,3,5
3968,4,335,4,2,3,2,83,65,420,540,3,5
3969,13,590,14,2,3,2,20,46,300,600,4,5
3970,14,291,14,2,3,3,41,93,300,420,2,5
3971,9,545,11,2,3,1,50,89,0,300,4,5
3972,13,341,13,2,3,2,64,35,420,540,3,5
3973,3,13,3,2,3,2,25,57,300,420,4,5
3974,1,148,2,2,3,2,73,37,420,540,3,5
3975,7,17,7,2,3,2,39,2,420,540,4,5
3976,1,193,1,2,3,2,70,28,420,540,1,5
3977,10,491,11,2,3,1,80,42,420,540,4,5
3978,13,321,14,2,3,1,26,59,420,540,4,5
3979,8,231,8,2,3,1,15,20,420,540,4,5
3980,3,261,4,2,3,2,73,84,300,420,2,5
3981,11,439,12,2,3,1,47,69,420,540,4,5
3982,7,484,9,1,3,1,46,80,180,300,3,5
3983,4,337,4,2,3,1,19,21,420,540,4,5
3984,10,518,12,1,3,1,1,18,0,300,1,5
3985,13,135,14,2,3,1,62,35,420,540,4,5
3986,10,234,10,2,3,1,43,60,420,540,1,5
3987,10,252,11,2,3,2,11,77,420,540,3,5
3988,14,188,15,1,3,2,87,34,60,180,4,5
3989,9,384,9,2,3,3,29,69,420,540,3,5
3990,12,74,13,1,3,2,23,51,60,180,1,5
3991,11,354,12,2,3,2,10,66,180,300,4,5
3992,13,294,13,2,3,2,30,76,300,420,2,5
3993,11,379,11,2,3,1,87,81,420,540,2,5
3994,5,523,6,2,3,3,32,14,0,300,2,5
3995,2,31,2,2,3,2,63,42,180,300,4,5
3996,8,228,8,2,3,3,95,41,300,420,1,5
3997,13,5,13,2,3,3,11,22,300,600,4,5
3998,5,220,5,2,3,2,34,92,420,540,1,5
3999,11,221,12,2,3,2,96,25,0,300,1,5
4000,4,555,5,2,3,1,75,11,60,180,2,5
4001,9,514,10,1,3,1,4,49,180,300,4,5
4002,8,392,8,2,3,1,79,67,420,540,3,5
4003,9,381,10,2,3,2,44,51,180,300,4,5
4004,5,262,6,2,3,3,31,18,60,180,1,5
4005,12,510,13,2,3,1,94,62,60,180,4,5
4006,10,428,11,2,3,2,29,1,420,540,4,5
4007,12,401,12,2,3,1,97,55,420,540,2,5
4008,4,77,4,1,3,2,56,43,180,300,1,5
4009,6,474,7,2,3,2,72,93,420,540,1,5
4010,10,70,11,1,3,2,50,67,60,180,3,5
4011,12,475,13,2,3,3,40,59,180,300,2,5
4012,11,415,11,2,3,2,28,39,420,540,4,5
4013,7,178,7,2,3,2,64,94,300,600,4,5
4014,11,447,12,2,3,3,22,13,300,600,3,5
4015,10,246,10,2,3,2,77,35,420,540,2,5
4016,11,436,13,2,3,3,89,100,300,420,3,5
4017,1,232,2,1,3,3,100,73,60,180,4,5
4018,1,26,1,1,3,3,33,7,60,180,2,5
4019,11,114,12,2,3,3,45,51,60,180,1,5
4020,4,350,4,2,3,2,61,78,420,540,3,5
4021,2,411,2,2,3,3,64,48,420,540,3,5
4022,14,193,14,2,3,1,23,58,300,600,3,5
4023,10,492,11,2,3,3,27,50,300,420,4,5
4024,7,348,7,2,3,2,29,97,420,540,2,5
4025,11,554,12,2,3,1,71,10,300,420,2,5
4026,12,51,13,2,3,3,82,96,60,180,4,5
4027,9,463,11,2,3,3,30,50,0,300,1,5
4028,10,75,10,2,3,1,96,51,420,540,3,5
4029,12,467,14,1,3,3,90,58,180,300,1,5
4030,14,90,15,2,3,3,77,1,420,540,4,5
4031,2,394,2,2,3,1,86,7,420,540,3,5
4032,4,378,4,2,3,2,34,40,420,540,2,5
4033,6,529,8,2,3,2,18,6,180,300,2,5
4034,5,26,5,2,3,3,22,97,300,600,3,5
4035,12,106,13,2,3,3,27,40,420,540,4,5
4036,6,41,7,2,3,2,93,52,0,300,2,5
4037,5,349,6,2,3,3,16,69,420,540,4,5
4038,8,149,8,1,3,3,15,36,180,300,2,5
4039,8,25,9,2,3,2,38,35,300,420,1,5
4040,2,562,3,2,3,2,12,49,300,600,3,5
4041,3,323,4,2,3,3,55,77,0,300,1,5
4042,14,590,15,1,3,2,1,83,60,180,2,5
4043,3,530,4,2,3,2,31,19,60,180,3,5
4044,12,96,13,2,3,3,36,54,180,300,4,5
4045,12,271,13,2,3,3,99,75,180,300,2,5
4046,11,6,12,2,3,1,64,97,180,300,2,5
4047,11,362,12,2,3,3,52,61,0,300,1,5
4048,14,116,14,1,3,3,70,45,180,300,1,5
4049,2,590,3,2,3,2,61,48,300,600,2,5
4050,3,592,5,2,3,1,96,27,420,540,3,5
4051,12,497,14,2,3,2,100,46,60,180,2,5
4052,12,356,12,2,3,1,98,20,420,540,3,5
4053,10,491,12,2,3,2,53,21,420,540,4,5
4054,4,318,5,2,3,3,7,43,60,180,3,5
4055,6,541,7,2,3,3,74,75,420,540,3,5
4056,1,164,1,1,3,2,73,2,180,300,2,5
4057,6,487,8,2,3,1,29,80,0,300,2,5
4058,12,474,14,2,3,1,95,50,0,300,1,5
4059,12,340,13,2,3,3,87,52,0,300,4,5
4060,1,142,1,1,3,2,38,57,180,300,3,5
4061,7,44,7,2,3,3,51,31,300,600,2,5
4062,8,384,9,2,3,2,70,71,0,300,3,5
4063,4,528,5,1,3,1,13,10,0,300,4,5
4064,13,443,14,1,3,2,34,13,60,180,1,5
4065,10,232,12,1,3,1,19,15,60,180,3,5
4066,4,65,4,1,3,1,81,35,180,300,2,5
4067,5,523,7,2,3,2,91,72,180,300,3,5
4068,2,341,3,2,3,2,60,37,420,540,3,5
4069,6,450,7,1,3,2,81,57,180,300,2,5
4070,4,193,4,2,3,1,97,30,420,540,2,5
4071,1,65,1,1,3,1,97,83,180,300,4,5
4072,1,380,1,2,3,3,18,88,420,540,1,5
4073,11,509,13,2,3,3,68,69,180,300,4,5
4074,3,85,3,2,3,1,7,79,420,540,2,5
4075,14,556,16,1,3,2,27,20,60,180,2,5
4076,6,446,8,2,3,2,34,22,180,300,4,5
4077,6,441,7,2,3,1,54,0,0,300,2,5
4078,1,197,1,2,3,1,89,22,420,540,3,5
4079,4,78,4,2,3,1,81,11,180,300,3,5
4080,13,573,15,2,3,2,22,62,180,300,2,5
4081,2,253,2,2,3,3,25,70,420,540,3,5
4082,14,227,15,2,3,1,24,46,60,180,2,5
4083,9,177,9,2,3,3,59,17,300,600,4,5
4084,2,435,4,2,3,2,48,100,60,180,3,5
4085,2,511,3,1,3,3,78,98,60,180,4,5
4086,1,221,1,2,3,1,3,30,300,600,4,5
4087,12,151,12,2,3,2,20,35,300,600,3,5
4088,10,360,11,1,3,3,35,29,60,180,1,5
4089,1,552,3,2,3,2,40,75,180,300,4,5
4090,7,96,8,2,3,1,32,3,180,300,1,5
4091,4,511,6,2,3,2,76,89,300,600,1,5
4092,1,239,2,2,3,1,5,11,180,300,2,5
4093,4,21,4,2,3,2,12,70,0,300,3,5
4094,2,386,3,2,3,2,7,37,0,300,1,5
4095,2,200,2,2,3,1,71,76,420,540,2,5
4096,2,215,2,2,3,3,77,11,300,420,2,5
4097,9,360,10,1,3,2,90,17,0,300,3,5
4098,12,481,14,2,3,2,78,13,180,300,3,5
4099,10,174,10,2,3,1,71,32,180,300,3,5
4100,9,125,9,1,3,1,34,58,180,300,3,5
4101,11,52,12,2,3,1,11,37,60,180,3,5
4102,11,343,11,2,3,1,53,15,420,540,1,5
4103,5,357,5,2,3,2,51,36,420,540,1,5
4104,2,212,2,2,3,2,94,63,300,600,1,5
4105,5,452,7,2,3,3,83,79,180,300,2,5
4106,14,438,15,1,3,3,68,19,0,300,4,5
4107,4,448,5,2,3,2,50,13,0,300,4,5
4108,3,468,5,2,3,3,52,89,0,300,3,5
4109,8,446,10,2,3,1,16,78,180,300,1,5
4110,12,485,14,1,3,1,62,31,180,300,3,5
4111,6,344,7,2,3,3,72,17,300,420,4,5
4112,10,538,12,1,3,1,91,90,60,180,3,5
4113,2,310,3,2,3,3,21,95,180,300,1,5
4114,8,304,8,2,3,1,55,51,420,540,4,5
4115,9,293,10,1,3,3,100,34,180,300,4,5
4116,12,440,13,2,3,2,72,40,180,300,3,5
4117,11,65,11,2,3,1,58,69,180,300,1,5
4118,14,62,14,2,3,1,35,2,180,300,1,5
4119,13,223,13,2,3,3,17,63,300,420,3,5
4120,14,24,15,2,3,1,8,96,300,420,1,5
4121,3,555,4,2,3,1,90,0,300,420,1,5
4122,11,79,12,1,3,3,76,51,0,300,3,5
4123,10,476,11,2,3,3,83,40,420,540,2,5
4124,3,134,3,1,3,1,44,80,180,300,1,5
4125,14,323,15,2,3,3,83,90,300,600,4,5
4126,1,396,1,2,3,3,45,41,420,540,2,5
4127,2,196,2,2,3,1,2,34,300,600,2,5
4128,14,375,15,2,3,3,82,17,60,180,1,5
4129,13,248,13,2,3,2,4,11,300,600,2,5
4130,2,57,3,2,3,1,73,100,60,180,4,5
4131,14,90,16,2,3,1,67,16,420,540,4,5
4132,13,551,14,2,3,1,18,42,180,300,2,5
4133,13,33,13,2,3,2,99,66,180,300,2,5
4134,11,419,12,1,3,2,68,13,0,300,3,5
4135,13,183,13,2,3,2,21,14,420,540,2,5
4136,5,46,6,2,3,3,98,74,420,540,3,5
4137,7,275,7,2,3,3,99,22,420,540,3,5
4138,8,457,10,2,3,2,81,80,0,300,3,5
4139,7,306,8,2,3,3,76,29,300,420,2,5
4140,13,427,14,2,3,3,71,2,60,180,4,5
4141,4,188,4,2,3,3,98,40,420,540,1,5
4142,8,388,10,2,3,1,55,55,180,300,3,5
4143,12,397,14,2,3,2,55,52,180,300,3,5
4144,11,361,12,1,3,1,24,44,180,300,4,5
4145,8,447,9,2,3,2,68,87,0,300,3,5
4146,9,512,10,1,3,3,3,48,60,180,1,5
4147,10,39,11,1,3,1,31,65,0,300,1,5
4148,4,440,6,1,3,3,13,21,60,180,3,5
4149,4,478,6,2,3,1,92,1,180,300,1,5
4150,9,260,9,2,3,3,85,13,420,540,2,5
4151,1,19,2,1,3,3,42,67,60,180,2,5
4152,8,545,9,2,3,1,41,84,60,180,1,5
4153,4,90,6,1,3,2,37,53,60,180,2,5
4154,6,599,7,2,3,3,65,78,420,540,2,5
4155,8,549,10,2,3,2,80,39,60,180,3,5
4156,4,571,6,2,3,3,43,6,420,540,1,5
4157,6,258,7,1,3,3,69,37,180,300,2,5
4158,8,498,10,2,3,1,33,28,300,600,4,5
4159,11,81,13,2,3,1,96,90,420,540,2,5
4160,7,84,7,2,3,1,10,41,420,540,4,5
4161,11,173,11,2,3,3,18,59,420,540,4,5
4162,3,499,4,1,3,1,38,33,60,180,4,5
4163,9,443,10,2,3,3,55,61,0,300,2,5
4164,13,95,14,1,3,1,23,4,0,300,4,5
4165,8,523,9,1,3,3,40,87,0,300,3,5
4166,9,506,10,2,3,2,21,57,60,180,3,5
4167,12,181,13,1,3,2,74,42,0,300,1,5
4168,8,510,10,2,3,3,36,45,420,540,1,5
4169,11,417,12,1,3,3,63,54,0,300,3,5
4170,10,189,10,2,3,1,44,59,420,540,3,5
4171,13,295,13,2,3,1,17,30,420,540,3,5
4172,2,479,3,1,3,1,35,55,0,300,1,5
4173,14,427,16,2,3,1,37,44,180,300,4,5
4174,11,579,12,2,3,1,6,47,60,180,4,5
4175,3,163,3,2,3,1,60,24,300,600,2,5
4176,1,467,3,1,3,2,9,58,180,300,2,5
4177,2,201,3,2,3,3,77,9,420,540,3,5
4178,2,277,3,2,3,1,54,17,60,180,3,5
4179,1,434,3,2,3,1,58,96,300,600,1,5
4180,10,202,10,2,3,3,78,73,300,600,1,5
4181,12,295,12,2,3,2,6,18,300,420,1,5
4182,14,493,15,2,3,1,13,87,60,180,3,5
4183,13,176,13,2,3,1,45,27,180,300,4,5
4184,9,174,9,2,3,3,50,96,300,420,2,5
4185,13,298,13,2,3,2,89,50,420,540,2,5
4186,9,544,11,2,3,1,53,56,300,600,3,5
4187,2,509,4,2,3,2,82,51,0,300,3,5
4188,8,340,8,2,3,3,35,76,420,540,4,5
4189,6,576,7,1,3,3,89,75,180,300,4,5
4190,10,134,10,1,3,1,5,88,180,300,1,5
4191,5,408,5,2,3,2,72,68,420,540,4,5
4192,3,201,3,2,3,1,90,24,300,600,3,5
4193,11,277,12,2,3,3,86,40,300,420,1,5
4194,12,79,12,1,3,1,59,64,180,300,3,5
4195,14,511,15,1,3,3,63,50,180,300,2,5
4196,7,463,8,2,3,1,68,62,180,300,4,5
4197,11,555,13,2,3,1,53,42,420,540,3,5
4198,3,130,3,2,3,1,29,98,300,420,4,5
4199,3,340,3,2,3,2,12,58,420,540,1,5
4200,11,114,11,2,3,3,67,56,180,300,4,5
4201,13,94,14,2,3,1,78,85,60,180,2,5
4202,9,438,11,2,3,3,44,16,60,180,3,5
4203,5,435,7,2,3,1,12,63,420,540,4,5
4204,3,246,3,2,3,3,75,33,300,600,1,5
4205,7,202,7,2,3,3,84,26,420,540,3,5
4206,5,457,7,1,3,2,16,40,60,180,2,5
4207,3,288,3,2,3,3,41,86,300,600,1,5
4208,2,141,2,2,3,1,81,22,420,540,2,5
4209,9,185,10,2,3,3,96,12,420,540,3,5
4210,8,309,9,1,3,1,1,35,0,300,4,5
4211,3,577,4,1,3,2,74,78,0,300,4,5
4212,3,212,3,2,3,1,92,36,300,420,2,5
4213,1,308,2,2,3,1,0,45,180,300,4,5
4214,1,142,1,2,3,2,16,23,180,300,2,5
4215,7,598,9,1,3,2,2,38,0,300,4,5
4216,5,550,6,2,3,2,73,88,180,300,2,5
4217,14,238,14,2,3,2,100,33,300,600,2,5
4218,9,86,9,1,3,2,41,28,180,300,1,5
4219,3,486,4,1,3,1,26,46,0,300,1,5
4220,8,200,9,2,3,3,88,47,300,420,1,5
4221,7,431,9,2,3,3,19,82,180,300,2,5
4222,1,98,2,2,3,2,2,26,0,300,1,5
4223,8,133,8,2,3,2,32,67,180,300,1,5
4224,3,439,5,1,3,3,24,86,0,300,2,5
4225,1,517,2,2,3,2,60,36,0,300,4,5
4226,3,174,5,1,3,2,4,38,180,300,3,5
4227,3,403,3,2,3,1,32,75,420,540,2,5
4228,8,400,8,2,3,3,80,33,420,540,3,5
4229,2,80,3,2,3,3,32,61,60,180,1,5
4230,5,407,6,1,3,3,70,30,60,180,2,5
4231,7,137,7,1,3,2,10,52,180,300,2,5
4232,11,268,11,2,3,3,72,24,420,540,2,5
4233,7,93,7,2,3,2,35,87,300,600,4,5
4234,7,251,7,2,3,2,67,61,300,420,3,5
4235,13,461,15,2,3,1,7,29,420,540,3,5
4236,3,256,4,2,3,1,66,80,180,300,4,5
4237,5,332,5,2,3,1,71,89,420,540,1,5
4238,11,302,11,2,3,1,26,78,420,540,1,5
4239,3,500,5,2,3,3,11,82,420,540,2,5
4240,6,217,6,2,3,3,19,23,300,600,4,5
4241,1,512,2,2,3,3,55,43,60,180,4,5
4242,7,338,8,1,3,2,32,69,0,300,1,5
4243,2,164,2,2,3,1,63,41,300,420,1,5
4244,6,473,7,2,3,1,68,24,300,600,4,5
4245,6,314,6,2,3,3,29,0,420,540,4,5
4246,9,597,10,1,3,2,13,88,60,180,3,5
4247,14,502,15,2,3,3,73,30,180,300,3,5
4248,4,328,4,2,3,1,82,95,420,540,3,5
4249,5,520,7,1,3,1,51,61,60,180,1,5
4250,6,250,6,2,3,1,61,88,420,540,1,5
4251,14,241,14,2,3,1,92,23,420,540,2,5
4252,12,432,13,2,3,1,42,27,0,300,4,5
4253,4,571,5,2,3,1,95,8,0,300,1,5
4254,13,329,13,2,3,2,81,19,420,540,1,5
4255,3,583,4,2,3,2,66,47,300,600,4,5
4256,7,235,8,2,3,2,74,89,0,300,4,5
4257,9,134,10,2,3,1,49,78,60,180,1,5
4258,14,225,15,1,3,3,87,9,60,180,2,5
4259,3,10,3,1,3,2,51,85,60,180,3,5
4260,6,238,7,2,3,2,56,4,60,180,3,5
4261,4,389,5,2,3,3,84,45,420,540,1,5
4262,9,587,10,2,3,2,25,76,300,420,3,5
4263,12,543,14,2,3,1,84,27,420,540,4,5
4264,4,157,5,2,3,3,86,97,0,300,4,5
4265,3,533,5,2,3,3,99,19,60,180,4,5
4266,8,160,8,2,3,3,81,46,180,300,2,5
4267,4,0,4,2,3,1,21,81,60,180,2,5
4268,10,598,11,1,3,2,6,67,60,180,2,5
4269,3,411,4,1,3,3,80,86,180,300,2,5
4270,13,208,14,1,3,1,8,47,0,300,4,5
4271,12,136,12,2,3,1,88,68,300,600,3,5
4272,1,452,2,2,3,2,82,22,60,180,1,5
4273,1,479,3,1,3,3,42,16,0,300,2,5
4274,11,300,11,2,3,3,71,94,300,420,1,5
4275,9,62,10,1,3,2,17,13,60,180,2,5
4276,6,425,8,2,3,2,2,67,180,300,1,5
4277,4,440,5,1,3,3,21,61,60,180,3,5
4278,10,160,10,2,3,3,27,26,420,540,2,5
4279,14,377,15,1,3,3,64,45,0,300,2,5
4280,10,470,11,2,3,3,77,59,180,300,4,5
4281,12,442,13,2,3,3,88,77,180,300,2,5
4282,7,388,8,2,3,3,80,57,300,420,4,5
4283,3,418,4,2,3,1,78,9,0,300,1,5
4284,13,146,13,2,3,2,27,64,300,420,2,5
4285,1,283,1,2,3,3,23,5,300,420,1,5
4286,7,376,7,2,3,2,30,41,420,540,2,5
4287,6,363,6,2,3,1,20,46,420,540,2,5
4288,11,408,12,2,3,1,39,62,420,540,3,5
4289,13,372,13,2,3,3,79,11,420,540,1,5
4290,14,110,15,2,3,1,15,51,420,540,3,5
4291,7,480,8,1,3,1,86,10,180,300,3,5
4292,7,3,7,1,3,1,19,73,60,180,2,5
4293,12,323,12,2,3,1,53,94,420,540,2,5
4294,1,283,1,2,3,3,14,21,300,600,2,5
4295,8,115,8,2,3,3,36,4,300,600,2,5
4296,3,565,4,2,3,3,68,94,300,420,2,5
4297,13,341,13,2,3,1,46,35,420,540,2,5
4298,1,456,3,2,3,2,9,84,300,600,1,5
4299,4,66,5,2,3,3,45,38,420,540,3,5
4300,12,15,12,1,3,2,26,8,60,180,3,5
4301,14,411,15,2,3,1,14,77,0,300,1,5
4302,11,484,12,1,3,3,55,68,180,300,4,5
4303,4,397,4,2,3,3,42,14,420,540,1,5
4304,2,535,4,2,3,1,18,20,420,540,2,5
4305,1,545,3,1,3,1,55,18,60,180,2,5
4306,2,184,3,2,3,3,68,52,300,420,3,5
4307,11,592,13,1,3,1,98,97,180,300,2,5
4308,3,165,3,2,3,3,58,69,420,540,1,5
4309,1,37,2,2,3,1,20,64,180,300,4,5
4310,5,272,5,2,3,1,83,46,300,600,1,5
4311,9,586,10,1,3,2,59,93,180,300,2,5
4312,13,67,13,2,3,1,26,5,420,540,1,5
4313,6,383,7,2,3,3,0,36,300,600,3,5
4314,1,329,1,2,3,1,87,23,420,540,4,5
4315,1,241,1,2,3,1,13,38,420,540,3,5
4316,2,395,3,2,3,2,1,66,0,300,2,5
4317,7,398,7,2,3,1,61,72,420,540,3,5
4318,14,304,14,2,3,1,44,91,420,540,4,5
4319,10,137,10,2,3,3,48,30,420,540,1,5
4320,7,233,7,2,3,2,45,46,420,540,4,5
4321,8,538,9,2,3,3,16,4,420,540,2,5
4322,1,121,2,2,3,3,30,33,180,300,3,5
4323,11,371,12,2,3,3,76,26,300,420,3,5
4324,11,362,12,2,3,3,30,18,180,300,1,5
4325,12,373,12,2,3,3,54,96,420,540,2,5
4326,14,32,14,2,3,3,78,98,420,540,2,5
4327,3,86,4,1,3,1,39,4,180,300,1,5
4328,2,576,3,2,3,3,95,11,60,180,4,5
4329,11,423,12,1,3,3,91,14,180,300,3,5
4330,3,216,4,2,3,3,97,17,0,300,3,5
4331,7,495,8,2,3,3,22,49,180,300,3,5
4332,8,494,10,2,3,2,56,87,60,180,4,5
4333,11,393,11,2,3,1,71,45,420,540,3,5
4334,12,562,14,2,3,1,21,33,60,180,1,5
4335,13,474,15,1,3,3,13,1,0,300,1,5
4336,8,497,9,2,3,2,44,71,60,180,4,5
4337,8,20,8,2,3,1,0,62,0,300,3,5
4338,6,164,6,2,3,2,94,0,420,540,3,5
4339,4,585,5,2,3,1,23,55,0,300,4,5
4340,3,542,4,2,3,3,24,69,180,300,1,5
4341,7,398,7,2,3,1,89,19,420,540,2,5
4342,10,494,11,2,3,3,2,1,420,540,3,5
4343,14,437,15,1,3,2,55,95,180,300,4,5
4344,7,197,7,2,3,3,73,89,300,420,3,5
4345,2,385,3,2,3,3,35,67,0,300,3,5
4346,4,229,4,2,3,3,10,57,300,420,4,5
4347,1,589,2,1,3,3,19,89,0,300,4,5
4348,4,136,4,2,3,1,13,10,180,300,2,5
4349,13,423,14,2,3,3,42,37,180,300,2,5
4350,2,55,2,2,3,2,51,37,420,540,3,5
4351,13,75,14,1,3,1,49,33,60,180,1,5
4352,13,547,15,1,3,3,57,27,60,180,3,5
4353,4,427,6,2,3,2,73,31,420,540,2,5
4354,12,101,12,2,3,3,66,66,420,540,1,5
4355,8,98,8,1,3,2,72,64,180,300,2,5
4356,12,534,14,2,3,3,89,15,300,420,4,5
4357,5,462,6,1,3,3,98,29,0,300,4,5
4358,12,373,12,2,3,2,92,58,420,540,4,5
4359,9,271,9,2,3,2,60,9,420,540,3,5
4360,3,239,4,2,3,1,32,35,0,300,4,5
4361,6,55,6,2,3,1,91,91,180,300,3,5
4362,11,208,13,2,3,1,95,96,420,540,4,5
4363,9,188,9,2,3,1,96,38,300,420,1,5
4364,1,258,2,2,3,1,26,90,0,300,4,5
4365,7,319,8,2,3,2,85,32,180,300,3,5
4366,11,448,13,1,3,3,3,58,60,180,3,5
4367,8,168,8,2,3,2,85,6,420,540,1,5
4368,12,131,13,2,3,1,4,10,300,600,4,5
4369,2,344,3,2,3,2,68,18,300,600,3,5
4370,5,587,6,2,3,2,77,42,420,540,1,5
4371,4,75,4,1,3,3,94,44,180,300,4,5
4372,1,514,2,1,3,3,88,70,180,300,2,5
4373,13,80,14,2,3,2,72,71,300,420,3,5
4374,10,487,11,2,3,1,3,8,420,540,3,5
4375,1,274,1,2,3,2,14,67,420,540,3,5
4376,9,50,10,2,3,2,19,82,420,540,2,5
4377,5,598,6,1,3,3,65,96,180,300,2,5
4378,12,68,12,2,3,2,85,13,300,420,2,5
4379,1,346,2,2,3,2,22,26,420,540,4,5
4380,7,146,7,2,3,1,10,44,420,540,3,5
4381,7,279,8,2,3,1,18,58,300,600,4,5
4382,7,494,8,2,3,1,10,16,300,420,1,5
4383,11,406,11,2,3,1,10,66,420,540,3,5
4384,12,419,13,1,3,2,24,54,0,300,1,5
4385,12,548,14,2,3,1,83,7,60,180,3,5
4386,8,360,8,2,3,3,51,32,420,540,4,5
4387,11,88,12,1,3,1,28,62,180,300,1,5
4388,5,538,7,2,3,1,69,61,60,180,4,5
4389,13,584,15,1,3,3,43,40,60,180,4,5
4390,2,251,3,1,3,2,86,9,60,180,4,5
4391,7,36,8,2,3,1,44,47,60,180,3,5
4392,14,61,14,2,3,1,6,58,300,600,4,5
4393,12,253,12,2,3,3,93,20,300,420,2,5
4394,14,98,16,2,3,2,23,10,60,180,4,5
4395,6,430,8,2,3,1,35,47,60,180,2,5
4396,14,107,15,2,3,3,53,66,0,300,2,5
4397,9,492,10,1,3,3,82,29,60,180,4,5
4398,12,432,14,2,3,3,56,53,60,180,1,5
4399,7,115,8,2,3,2,61,55,180,300,3,5
4400,9,409,9,2,3,3,53,26,420,540,1,5
4401,13,442,14,2,3,2,71,56,420,540,3,5
4402,9,420,9,2,3,2,17,49,420,540,2,5
4403,5,133,6,2,3,3,46,8,0,300,4,5
4404,7,54,8,1,3,3,51,37,180,300,1,5
4405,4,508,5,1,3,2,79,99,60,180,3,5
4406,2,135,3,1,3,1,28,88,0,300,2,5
4407,6,237,6,2,3,1,69,89,300,420,4,5
4408,9,408,9,2,3,3,24,31,420,540,1,5
4409,7,220,7,2,3,3,49,57,420,540,1,5
4410,8,391,9,1,3,3,30,65,60,180,2,5
4411,1,168,1,1,3,2,32,48,180,300,1,5
4412,8,127,8,1,3,2,41,30,180,300,2,5
4413,13,135,13,2,3,1,74,47,180,300,2,5
4414,2,242,3,1,3,3,45,59,0,300,3,5
4415,4,241,4,2,3,1,22,36,420,540,4,5
4416,14,358,14,2,3,1,16,53,420,540,4,5
4417,9,532,11,2,3,2,66,60,60,180,3,5
4418,2,569,3,1,3,2,81,3,180,300,1,5
4419,9,371,10,2,3,3,10,33,0,300,4,5
4420,9,471,11,2,3,2,45,8,60,180,2,5
4421,5,171,5,1,3,3,85,80,180,300,1,5
4422,1,576,2,2,3,2,42,39,180,300,1,5
4423,11,498,13,1,3,1,25,84,60,180,3,5
4424,4,210,4,2,3,1,97,47,300,420,4,5
4425,4,92,6,1,3,3,19,25,60,180,3,5
4426,2,599,4,2,3,1,4,33,0,300,1,5
4427,7,488,9,1,3,2,27,83,60,180,1,5
4428,14,377,15,1,3,3,48,51,60,180,2,5
4429,13,483,14,2,3,1,32,35,180,300,2,5
4430,11,377,11,2,3,3,35,87,420,540,4,5
4431,6,589,8,2,3,3,91,27,420,540,3,5
4432,6,534,8,2,3,3,54,38,0,300,1,5
4433,11,349,12,2,3,3,17,33,420,540,2,5
4434,5,521,7,2,3,2,55,5,420,540,2,5
4435,7,510,9,1,3,2,99,40,180,300,4,5
4436,9,439,11,2,3,1,72,88,180,300,2,5
4437,12,277,12,2,3,1,71,29,420,540,2,5
4438,12,527,13,1,3,2,83,87,0,300,4,5
4439,11,459,12,1,3,2,29,9,180,300,3,5
4440,2,482,3,2,3,3,37,10,420,540,4,5
4441,1,510,2,2,3,2,18,82,0,300,3,5
4442,1,454,3,1,3,2,28,44,180,300,1,5
4443,12,55,12,1,3,3,26,99,60,180,3,5
4444,9,157,9,2,3,3,24,22,420,540,1,5
4445,11,596,13,1,3,3,44,73,180,300,3,5
4446,9,253,10,2,3,1,91,72,60,180,2,5
4447,4,430,6,2,3,3,43,48,300,600,4,5
4448,14,595,15,2,3,2,79,36,0,300,1,5
4449,12,398,12,2,3,1,69,44,420,540,2,5
4450,8,87,8,1,3,1,39,30,180,300,2,5
4451,1,55,1,2,3,3,15,12,180,300,2,5
4452,6,495,7,2,3,3,20,41,0,300,1,5
4453,8,588,9,2,3,3,95,62,180,300,4,5
4454,11,273,12,1,3,2,78,17,180,300,1,5
4455,14,297,14,2,3,3,53,10,420,540,3,5
4456,6,351,6,2,3,3,68,8,420,540,4,5
4457,13,561,14,1,3,2,31,48,60,180,1,5
4458,7,198,7,2,3,3,96,97,420,540,1,5
4459,12,372,12,2,3,2,71,60,420,540,3,5
4460,4,545,6,2,3,1,66,59,420,540,3,5
4461,14,568,16,2,3,2,78,46,0,300,2,5
4462,6,436,7,1,3,3,6,13,180,300,1,5
4463,4,69,4,2,3,3,32,59,420,540,4,5
4464,7,383,7,2,3,1,76,16,420,540,3,5
4465,7,34,7,1,3,3,32,58,60,180,3,5
4466,8,43,9,2,3,2,14,9,180,300,2,5
4467,6,314,6,2,3,1,29,94,420,540,4,5
4468,1,18,1,2,3,1,38,11,0,300,2,5
4469,9,575,11,2,3,2,28,6,300,600,1,5
4470,13,31,13,2,3,3,36,99,300,600,4,5
4471,5,206,5,2,3,2,99,28,420,540,2,5
4472,14,557,15,2,3,3,27,51,420,540,3,5
4473,5,395,5,2,3,3,30,32,420,540,4,5
4474,8,36,9,2,3,2,20,66,300,600,2,5
4475,8,91,9,2,3,2,84,50,180,300,2,5
4476,2,128,2,1,3,2,83,79,180,300,3,5
4477,14,562,16,2,3,3,24,57,180,300,1,5
4478,10,541,11,2,3,2,56,54,0,300,2,5
4479,3,355,3,2,3,1,7,0,420,540,1,5
4480,9,225,9,2,3,2,35,8,300,420,3,5
4481,14,128,14,2,3,2,10,14,300,420,4,5
4482,10,255,11,2,3,2,93,29,300,600,2,5
4483,2,245,2,2,3,2,54,97,420,540,3,5
4484,5,0,5,1,3,2,82,98,60,180,2,5
4485,7,520,9,2,3,3,46,17,60,180,3,5
4486,8,130,8,2,3,3,58,93,180,300,2,5
4487,4,29,4,1,3,2,51,91,60,180,1,5
4488,12,134,13,1,3,3,78,14,60,180,3,5
4489,9,239,9,2,3,3,86,7,420,540,4,5
4490,1,320,1,2,3,2,84,57,420,540,3,5
4491,12,34,12,2,3,3,22,74,420,540,3,5
4492,8,291,8,2,3,2,7,64,300,420,4,5
4493,9,252,10,2,3,3,79,88,420,540,4,5
4494,5,302,6,2,3,1,33,65,60,180,2,5
4495,9,407,9,2,3,3,46,85,420,540,2,5
4496,9,286,9,2,3,2,15,66,420,540,2,5
4497,5,325,5,2,3,2,53,57,420,540,1,5
4498,5,103,5,2,3,3,39,13,180,300,3,5
4499,3,551,5,2,3,1,28,35,420,540,1,5
4500,6,582,7,2,3,3,17,86,420,540,3,5
4501,5,475,6,2,3,3,34,26,0,300,4,5
4502,14,459,15,2,3,1,39,36,60,180,4,5
4503,8,187,8,2,3,3,43,2,420,540,4,5
4504,6,102,6,2,3,3,22,86,300,420,1,5
4505,2,351,3,2,3,2,84,20,420,540,2,5
4506,7,419,9,1,3,3,59,29,0,300,1,5
4507,9,575,11,2,3,2,9,86,60,180,4,5
4508,3,35,3,2,3,2,80,80,0,300,4,5
4509,7,165,8,2,3,3,42,4,0,300,1,5
4510,3,282,3,2,3,1,77,56,420,540,3,5
4511,2,327,2,2,3,2,83,96,420,540,4,5
4512,1,544,2,2,3,2,3,95,60,180,4,5
4513,7,118,8,2,3,2,83,97,60,180,3,5
4514,1,132,2,1,3,3,14,65,60,180,3,5
4515,3,150,3,2,3,3,96,24,420,540,4,5
4516,13,416,13,2,3,3,38,38,420,540,4,5
4517,7,341,7,2,3,2,77,29,420,540,1,5
4518,13,14,13,1,3,3,45,37,60,180,1,5
4519,5,367,5,2,3,3,63,83,420,540,3,5
4520,14,255,15,2,3,3,24,76,420,540,2,5
4521,1,357,2,1,3,3,99,67,60,180,1,5
4522,7,516,8,2,3,2,39,65,300,600,4,5
4523,2,472,3,2,3,2,22,81,0,300,1,5
4524,5,535,6,2,3,3,13,42,420,540,2,5
4525,4,236,4,2,3,2,84,63,300,600,1,5
4526,1,208,1,2,3,3,96,90,420,540,4,5
4527,12,582,13,2,3,3,67,0,60,180,4,5
4528,6,341,6,2,3,3,12,40,420,540,4,5
4529,8,62,8,1,3,3,43,5,180,300,1,5
4530,14,336,14,2,3,1,60,2,420,540,3,5
4531,2,201,2,2,3,1,79,46,420,540,1,5
4532,1,239,1,2,3,3,77,51,300,600,4,5
4533,10,46,10,2,3,1,2,3,420,540,2,5
4534,5,365,5,2,3,1,54,59,420,540,4,5
4535,12,277,12,2,3,2,28,1,300,420,3,5
4536,2,113,2,2,3,2,93,25,300,600,2,5
4537,2,74,2,2,3,1,76,2,180,300,1,5
4538,5,174,5,2,3,1,19,47,420,540,1,5
4539,6,309,6,2,3,3,4,83,420,540,3,5
4540,1,58,1,2,3,1,77,22,60,180,3,5
4541,13,315,13,2,3,1,60,14,420,540,4,5
4542,11,90,11,2,3,2,76,81,300,420,1,5
4543,12,406,12,2,3,3,16,6,420,540,4,5
4544,14,488,16,2,3,2,98,29,300,420,3,5
4545,14,78,14,2,3,2,15,83,420,540,2,5
4546,2,339,2,2,3,1,56,3,420,540,4,5
4547,7,228,8,2,3,1,64,3,0,300,2,5
4548,7,548,8,1,3,3,95,18,0,300,2,5
4549,4,592,5,2,3,3,52,1,180,300,4,5
4550,1,7,1,2,3,1,38,1,300,420,1,5
4551,8,24,9,2,3,3,30,18,60,180,4,5
4552,11,428,13,2,3,2,80,36,180,300,1,5
4553,14,501,16,1,3,3,85,24,60,180,2,5
4554,14,596,15,2,3,1,5,1,420,540,2,5
4555,14,529,15,2,3,1,37,27,0,300,4,5
4556,5,23,5,2,3,1,83,15,300,420,1,5
4557,3,1,4,2,3,3,6,89,300,420,2,5
4558,3,529,4,1,3,1,23,54,0,300,3,5
4559,2,271,3,1,3,3,28,16,180,300,3,5
4560,8,195,9,2,3,2,56,78,420,540,4,5
4561,5,41,5,2,3,1,15,94,300,600,3,5
4562,14,45,14,2,3,3,95,98,300,420,1,5
4563,14,206,15,2,3,2,79,2,60,180,3,5
4564,3,529,5,1,3,3,32,5,180,300,1,5
4565,3,369,5,1,3,1,50,45,180,300,1,5
4566,11,188,11,2,3,2,69,99,420,540,2,5
4567,1,287,2,2,3,3,6,17,60,180,4,5
4568,6,335,6,2,3,3,91,19,420,540,3,5
4569,5,393,5,2,3,3,49,94,420,540,3,5
4570,4,339,5,2,3,1,16,50,60,180,2,5
4571,8,101,8,1,3,1,95,3,180,300,1,5
4572,12,429,13,2,3,2,21,86,420,540,1,5
4573,8,309,9,1,3,1,81,42,60,180,2,5
4574,11,440,12,2,3,1,29,68,420,540,4,5
4575,13,475,15,1,3,1,29,37,180,300,2,5
4576,5,119,5,2,3,1,99,6,420,540,3,5
4577,3,294,3,2,3,2,96,44,300,600,1,5
4578,13,59,13,1,3,2,34,2,60,180,1,5
4579,13,590,14,1,3,1,65,14,60,180,2,5
4580,10,370,11,2,3,3,37,9,420,540,3,5
4581,12,526,14,2,3,3,48,56,300,420,2,5
4582,8,61,10,2,3,1,96,33,300,600,2,5
4583,9,548,10,1,3,3,42,88,180,300,2,5
4584,11,114,11,2,3,3,71,49,300,420,2,5
4585,8,62,9,1,3,3,69,89,60,180,3,5
4586,11,180,11,2,3,2,27,96,180,300,2,5
4587,10,447,11,2,3,3,99,75,420,540,4,5
4588,13,132,13,1,3,2,80,62,180,300,4,5
4589,5,121,6,2,3,2,57,6,60,180,2,5
4590,14,500,15,1,3,2,15,57,0,300,3,5
4591,11,549,12,2,3,3,67,93,180,300,2,5
4592,11,501,13,2,3,3,44,100,0,300,1,5
4593,3,200,4,2,3,2,45,26,300,600,4,5
4594,7,600,9,2,3,2,81,57,180,300,3,5
4595,14,520,16,2,3,1,45,9,180,300,4,5
4596,6,231,6,2,3,2,99,9,300,420,1,5
4597,3,193,3,2,3,3,60,27,420,540,2,5
4598,12,66,12,2,3,1,29,95,300,600,2,5
4599,8,127,8,2,3,3,36,28,180,300,4,5
4600,2,498,3,1,3,2,100,20,60,180,3,5
4601,4,569,5,2,3,1,61,17,300,420,1,5
4602,11,62,12,1,3,2,96,51,180,300,1,5
4603,6,585,8,1,3,3,33,5,60,180,4,5
4604,1,264,1,2,3,1,51,14,420,540,1,5
4605,1,173,1,1,3,2,6,50,180,300,1,5
4606,3,22,3,1,3,3,74,88,60,180,1,5
4607,1,310,1,2,3,3,82,76,420,540,3,5
4608,13,270,13,2,3,3,12,25,420,540,2,5
4609,9,38,9,2,3,3,97,19,180,300,4,5
4610,13,13,13,1,3,2,35,34,60,180,3,5
4611,13,441,15,2,3,2,73,59,60,180,4,5
4612,5,158,6,2,3,2,33,62,60,180,4,5
4613,6,57,6,1,3,1,40,29,60,180,1,5
4614,12,518,13,1,3,1,33,84,180,300,4,5
4615,5,500,7,1,3,2,53,83,0,300,2,5
4616,3,336,4,2,3,2,74,37,60,180,2,5
4617,11,492,13,2,3,3,48,89,60,180,2,5
4618,4,114,4,1,3,2,59,33,180,300,2,5
4619,7,426,9,2,3,1,75,11,0,300,1,5
4620,13,498,14,2,3,1,54,49,180,300,1,5
4621,10,583,11,2,3,3,60,36,60,180,2,5
4622,9,237,10,2,3,1,55,74,180,300,3,5
4623,4,591,5,1,3,3,39,38,0,300,4,5
4624,13,27,14,1,3,1,92,90,180,300,1,5
4625,5,330,5,2,3,3,39,17,420,540,2,5
4626,3,77,3,2,3,3,78,29,180,300,3,5
4627,1,302,1,2,3,2,20,54,420,540,4,5
4628,7,111,8,1,3,3,35,98,180,300,1,5
4629,10,230,10,2,3,2,8,47,420,540,1,5
4630,9,561,11,2,3,2,65,62,300,600,1,5
4631,6,111,6,2,3,3,66,46,300,420,1,5
4632,8,229,8,2,3,3,61,99,420,540,2,5
4633,7,139,8,2,3,3,55,42,0,300,2,5
4634,6,142,7,2,3,1,81,66,180,300,2,5
4635,1,140,1,2,3,1,98,92,180,300,3,5
4636,1,111,1,2,3,3,36,24,420,540,3,5
4637,2,575,4,2,3,2,89,2,300,600,2,5
4638,10,472,11,1,3,2,87,70,0,300,3,5
4639,3,562,4,2,3,2,96,94,300,600,2,5
4640,7,547,9,2,3,2,28,61,0,300,4,5
4641,5,235,5,2,3,3,95,92,420,540,3,5
4642,8,456,10,2,3,1,5,43,420,540,3,5
4643,1,536,2,2,3,2,47,35,60,180,2,5
4644,5,11,5,1,3,1,52,87,60,180,1,5
4645,14,319,14,2,3,2,54,56,420,540,4,5
4646,2,522,3,1,3,2,58,80,180,300,4,5
4647,1,212,2,2,3,2,59,87,60,180,1,5
4648,5,596,7,1,3,1,28,32,0,300,3,5
4649,11,64,11,2,3,3,25,11,300,600,4,5
4650,13,544,15,2,3,2,88,14,300,420,4,5
4651,6,180,6,2,3,2,82,30,420,540,2,5
4652,7,301,8,1,3,3,16,82,0,300,2,5
4653,12,27,12,1,3,1,23,81,60,180,2,5
4654,10,151,10,2,3,3,83,55,300,420,4,5
4655,8,267,8,2,3,3,38,50,300,600,3,5
4656,3,145,3,2,3,3,47,13,180,300,2,5
4657,14,95,14,2,3,2,61,91,420,540,2,5
4658,6,535,8,2,3,3,34,14,420,540,4,5
4659,9,97,9,2,3,2,16,31,420,540,2,5
4660,2,388,3,2,3,1,52,63,300,420,2,5
4661,12,428,13,2,3,1,96,80,420,540,3,5
4662,5,568,7,1,3,1,76,81,180,300,1,5
4663,6,365,7,2,3,3,40,12,420,540,4,5
4664,5,282,5,2,3,1,53,79,420,540,2,5
4665,10,407,10,2,3,2,67,28,420,540,2,5
4666,3,94,3,1,3,1,95,84,180,300,4,5
4667,4,285,4,2,3,1,35,99,420,540,1,5
4668,2,135,2,2,3,2,75,35,300,600,4,5
4669,12,481,13,2,3,3,2,43,420,540,2,5
4670,6,435,7,2,3,2,96,5,0,300,3,5
4671,1,533,3,2,3,3,45,1,300,420,4,5
4672,13,117,13,2,3,1,42,10,300,600,1,5
4673,1,273,1,2,3,1,49,50,300,420,1,5
4674,6,233,7,2,3,1,21,31,420,540,4,5
4675,12,208,13,2,3,1,77,74,60,180,1,5
4676,8,482,10,2,3,3,56,3,60,180,3,5
4677,5,186,5,2,3,1,52,100,300,600,4,5
4678,4,296,5,2,3,3,59,85,60,180,1,5
4679,12,565,14,2,3,1,36,3,180,300,3,5
4680,2,353,2,2,3,2,35,97,420,540,3,5
4681,13,424,14,2,3,3,41,86,0,300,4,5
4682,5,599,7,1,3,2,100,72,180,300,4,5
4683,4,273,5,2,3,3,56,79,420,540,1,5
4684,1,349,2,2,3,1,47,66,420,540,3,5
4685,8,489,9,2,3,1,60,73,60,180,2,5
4686,8,464,9,2,3,3,59,49,420,540,3,5
4687,4,517,6,2,3,3,59,53,60,180,4,5
4688,10,262,10,2,3,2,76,35,420,540,2,5
4689,11,590,12,2,3,2,98,4,0,300,1,5
4690,8,211,8,2,3,1,88,36,420,540,3,5
4691,11,492,13,2,3,3,39,98,420,540,1,5
4692,6,435,7,2,3,3,100,87,300,420,3,5
4693,11,89,11,1,3,2,14,42,180,300,4,5
4694,3,266,3,2,3,3,34,92,420,540,1,5
4695,8,389,8,2,3,3,38,91,420,540,2,5
4696,5,470,7,1,3,1,7,44,60,180,1,5
4697,12,479,13,2,3,3,90,51,0,300,3,5
4698,8,156,9,2,3,1,79,71,420,540,4,5
4699,8,409,9,2,3,1,44,11,0,300,2,5
4700,5,200,6,1,3,2,55,95,0,300,2,5
4701,10,221,10,2,3,3,60,91,420,540,1,5
4702,12,430,14,2,3,3,37,94,0,300,3,5
4703,3,313,3,2,3,1,62,30,420,540,2,5
4704,12,405,13,2,3,1,7,7,300,420,4,5
4705,9,511,10,1,3,3,2,69,0,300,1,5
4706,6,13,7,1,3,3,34,96,180,300,2,5
4707,12,265,12,2,3,2,2,63,300,600,3,5
4708,9,195,9,2,3,1,0,52,300,600,1,5
4709,13,306,13,2,3,3,71,4,420,540,4,5
4710,3,401,4,1,3,3,94,23,180,300,3,5
4711,5,343,6,2,3,2,71,90,180,300,4,5
4712,14,438,16,2,3,1,82,98,180,300,3,5
4713,10,181,12,2,3,2,49,7,0,300,4,5
4714,7,427,9,2,3,3,96,59,300,420,4,5
4715,4,446,6,1,3,3,95,39,60,180,1,5
4716,4,356,4,2,3,3,22,56,420,540,4,5
4717,14,587,15,2,3,3,90,31,300,600,2,5
4718,7,366,8,2,3,2,85,42,180,300,1,5
4719,3,460,5,2,3,3,37,41,0,300,3,5
4720,14,399,14,2,3,1,72,91,420,540,2,5
4721,11,449,12,2,3,1,66,87,300,600,4,5
4722,5,455,7,2,3,3,17,34,60,180,2,5
4723,5,391,5,2,3,1,46,19,420,540,2,5
4724,1,599,2,2,3,3,60,77,420,540,3,5
4725,1,207,1,2,3,2,47,73,420,540,3,5
4726,6,424,8,1,3,2,11,92,180,300,4,5
4727,4,598,6,1,3,1,59,36,60,180,1,5
4728,13,47,14,2,3,3,34,58,180,300,2,5
4729,3,284,4,2,3,2,83,49,180,300,3,5
4730,3,465,4,2,3,3,87,36,0,300,2,5
4731,5,281,5,2,3,1,78,75,300,600,1,5
4732,8,553,10,1,3,3,70,28,0,300,4,5
4733,1,235,1,2,3,3,64,51,420,540,1,5
4734,12,288,12,2,3,3,12,59,420,540,4,5
4735,7,397,7,2,3,3,58,72,420,540,3,5
4736,14,460,16,2,3,1,14,22,60,180,2,5
4737,11,139,11,2,3,1,35,49,420,540,4,5
4738,6,373,8,2,3,1,69,88,300,420,1,5
4739,1,142,1,1,3,1,16,65,180,300,4,5
4740,3,381,4,2,3,3,8,50,420,540,3,5
4741,2,297,2,2,3,2,21,12,300,600,2,5
4742,8,421,9,1,3,3,95,53,60,180,4,5
4743,14,498,16,2,3,1,15,49,180,300,3,5
4744,4,533,5,2,3,2,33,65,420,540,1,5
4745,13,115,13,2,3,3,61,97,180,300,2,5
4746,7,100,8,2,3,1,65,3,180,300,1,5
4747,11,513,13,2,3,1,42,37,420,540,1,5
4748,2,82,2,1,3,1,33,65,180,300,4,5
4749,11,132,11,1,3,1,6,41,180,300,1,5
4750,2,356,3,2,3,2,83,42,300,600,2,5
4751,14,524,16,2,3,1,58,76,300,600,1,5
4752,9,463,10,2,3,3,75,35,180,300,4,5
4753,4,49,4,2,3,1,77,34,180,300,1,5
4754,1,508,2,2,3,1,94,77,60,180,4,5
4755,1,421,3,1,3,1,42,42,180,300,3,5
4756,1,560,2,2,3,3,58,0,60,180,1,5
4757,5,490,7,2,3,1,35,72,300,420,1,5
4758,13,207,13,2,3,1,74,58,420,540,1,5
4759,10,487,11,2,3,3,86,64,60,180,2,5
4760,3,203,3,2,3,3,74,18,420,540,2,5
4761,12,293,12,2,3,1,1,3,420,540,3,5
4762,1,469,2,1,3,2,38,55,180,300,3,5
4763,6,571,7,2,3,1,44,96,60,180,1,5
4764,9,355,9,2,3,3,40,27,420,540,1,5
4765,4,41,6,1,3,3,48,1,180,300,1,5
4766,1,354,1,2,3,1,64,36,420,540,2,5
4767,8,385,8,2,3,3,70,63,420,540,1,5
4768,3,399,4,2,3,3,10,56,300,420,2,5
4769,8,87,8,2,3,1,88,11,420,540,1,5
4770,5,2,5,2,3,1,21,8,420,540,2,5
4771,6,51,7,2,3,3,34,94,0,300,3,5
4772,1,149,1,2,3,2,55,53,180,300,1,5
4773,1,151,2,2,3,2,8,92,0,300,3,5
4774,7,539,9,2,3,2,6,75,0,300,1,5
4775,11,550,13,2,3,3,5,65,420,540,2,5
4776,6,332,6,2,3,1,15,54,420,540,3,5
4777,8,398,9,1,3,3,41,45,180,300,3,5
4778,9,551,11,2,3,3,90,89,60,180,1,5
4779,8,262,9,2,3,2,2,16,180,300,3,5
4780,3,167,3,1,3,3,87,61,180,300,3,5
4781,5,307,5,2,3,2,57,17,420,540,4,5
4782,2,516,4,2,3,1,0,79,60,180,4,5
4783,7,186,7,2,3,2,94,66,420,540,2,5
4784,9,172,9,1,3,2,72,79,180,300,2,5
4785,8,375,9,2,3,2,16,89,0,300,1,5
4786,13,91,14,1,3,2,13,53,0,300,2,5
4787,7,347,7,2,3,3,60,57,420,540,1,5
4788,9,179,9,1,3,1,47,23,180,300,1,5
4789,1,569,3,1,3,1,44,75,180,300,4,5
4790,5,297,5,2,3,1,96,55,420,540,4,5
4791,5,396,5,2,3,1,63,83,420,540,2,5
4792,14,291,14,2,3,3,48,49,300,600,4,5
4793,6,359,6,2,3,2,31,27,420,540,4,5
4794,13,292,13,2,3,3,11,10,300,420,4,5
4795,6,162,6,2,3,3,84,17,420,540,3,5
4796,9,394,10,2,3,1,10,42,0,300,4,5
4797,8,537,10,2,3,2,30,83,0,300,1,5
4798,3,300,3,2,3,1,6,19,420,540,1,5
4799,6,46,6,1,3,1,59,74,60,180,3,5
4800,5,274,5,2,3,3,34,73,420,540,4,5
4801,12,356,13,1,3,2,24,50,60,180,2,5
4802,11,377,12,1,3,2,93,64,0,300,3,5
4803,3,424,4,2,3,2,37,38,300,600,2,5
4804,1,163,2,2,3,1,41,54,0,300,2,5
4805,8,189,9,2,3,2,6,75,180,300,2,5
4806,7,438,9,2,3,3,62,24,0,300,4,5
4807,6,366,7,2,3,1,35,54,300,600,3,5
4808,4,362,4,2,3,3,58,53,420,540,4,5
4809,13,39,14,1,3,1,96,92,180,300,2,5
4810,9,439,10,2,3,1,47,56,60,180,3,5
4811,13,33,13,2,3,1,9,74,0,300,2,5
4812,8,557,10,2,3,3,61,71,180,300,3,5
4813,10,499,12,1,3,1,25,69,60,180,2,5
4814,1,527,3,1,3,1,94,37,60,180,4,5
4815,1,443,3,2,3,1,81,63,420,540,3,5
4816,2,577,3,1,3,1,82,42,180,300,1,5
4817,9,152,9,2,3,1,40,26,420,540,2,5
4818,8,362,8,2,3,3,90,2,420,540,2,5
4819,5,257,6,2,3,2,36,68,180,300,1,5
4820,5,238,6,1,3,3,90,31,180,300,2,5
4821,2,392,3,2,3,3,27,95,420,540,2,5
4822,2,88,3,2,3,2,2,30,300,420,3,5
4823,5,582,7,2,3,2,4,83,0,300,2,5
4824,4,501,5,2,3,2,67,57,0,300,4,5
4825,11,296,11,2,3,3,38,80,420,540,2,5
4826,7,123,7,1,3,2,92,16,180,300,1,5
4827,8,590,9,2,3,3,100,74,180,300,2,5
4828,4,17,4,2,3,1,47,93,420,540,3,5
4829,7,120,7,1,3,2,25,90,180,300,3,5
4830,6,533,8,1,3,2,43,82,60,180,4,5
4831,10,90,10,1,3,1,43,68,180,300,2,5
4832,1,355,2,2,3,2,91,70,0,300,2,5
4833,10,78,10,2,3,1,66,37,300,420,2,5
4834,6,451,7,2,3,2,6,26,300,600,4,5
4835,2,294,2,2,3,2,49,85,420,540,1,5
4836,14,145,14,2,3,3,23,26,300,600,4,5
4837,13,23,14,1,3,1,34,57,180,300,2,5
4838,11,37,11,2,3,3,98,35,300,420,4,5
4839,6,517,8,1,3,2,54,24,60,180,1,5
4840,9,276,9,2,3,3,72,66,420,540,3,5
4841,7,523,9,2,3,1,78,24,0,300,4,5
4842,8,92,9,2,3,1,50,26,420,540,2,5
4843,3,257,4,2,3,3,6,81,300,600,3,5
4844,7,490,8,2,3,1,24,90,0,300,4,5
4845,6,173,7,2,3,2,42,48,0,300,1,5
4846,9,256,9,2,3,1,73,81,300,420,1,5
4847,14,6,14,2,3,2,7,92,0,300,2,5
4848,8,346,8,2,3,2,97,88,420,540,1,5
4849,11,382,12,2,3,1,3,22,0,300,3,5
4850,1,444,2,2,3,1,78,27,0,300,4,5
4851,9,349,11,1,3,2,25,56,180,300,3,5
4852,2,169,2,2,3,3,41,7,420,540,4,5
4853,2,411,3,1,3,2,3,69,180,300,4,5
4854,5,487,7,1,3,1,100,52,60,180,4,5
4855,1,24,2,2,3,1,5,28,0,300,3,5
4856,8,60,10,2,3,3,98,99,300,420,3,5
4857,4,226,4,2,3,2,55,55,420,540,4,5
4858,12,295,12,2,3,1,36,100,420,540,4,5
4859,10,272,11,2,3,2,9,24,60,180,3,5
4860,4,349,6,2,3,1,60,67,180,300,2,5
4861,6,311,7,1,3,3,87,37,0,300,3,5
4862,12,389,12,2,3,1,75,6,420,540,1,5
4863,14,384,14,2,3,3,71,54,420,540,1,5
4864,2,221,2,2,3,3,71,15,420,540,2,5
4865,4,563,5,2,3,3,80,7,300,600,3,5
4866,4,34,4,2,3,1,16,63,60,180,3,5
4867,8,529,9,1,3,3,39,92,0,300,1,5
4868,10,176,10,2,3,2,16,96,420,540,2,5
4869,5,449,7,1,3,2,91,48,60,180,1,5
4870,12,43,13,2,3,1,27,0,0,300,2,5
4871,14,467,16,2,3,1,19,72,0,300,3,5
4872,6,434,8,2,3,1,85,46,60,180,2,5
4873,5,225,6,2,3,3,5,83,300,600,3,5
4874,12,517,13,2,3,2,51,82,0,300,2,5
4875,8,503,9,2,3,1,78,56,60,180,1,5
4876,11,162,11,2,3,1,48,73,180,300,3,5
4877,13,216,13,2,3,2,40,63,420,540,2,5
4878,2,453,4,1,3,2,45,26,60,180,3,5
4879,1,90,2,2,3,1,76,68,300,420,1,5
4880,12,561,14,2,3,1,3,85,0,300,2,5
4881,3,444,4,2,3,1,71,30,0,300,1,5
4882,9,28,9,2,3,1,50,26,420,540,2,5
4883,4,452,5,1,3,2,16,51,60,180,2,5
4884,14,564,16,2,3,1,31,79,180,300,2,5
4885,1,190,1,2,3,3,93,9,420,540,1,5
4886,10,123,10,2,3,1,13,66,300,600,3,5
4887,3,89,4,2,3,3,61,33,420,540,4,5
4888,13,383,14,2,3,2,48,46,60,180,4,5
4889,13,459,15,2,3,1,61,91,60,180,3,5
4890,7,47,7,2,3,1,7,78,60,180,1,5
4891,3,60,4,2,3,2,62,33,60,180,2,5
4892,12,150,12,2,3,2,97,71,300,420,3,5
4893,7,347,7,2,3,1,78,52,420,540,1,5
4894,13,498,15,1,3,1,90,38,180,300,2,5
4895,6,359,6,2,3,2,57,39,420,540,3,5
4896,1,407,1,2,3,2,9,68,420,540,1,5
4897,9,562,11,2,3,1,28,42,60,180,4,5
4898,2,353,3,2,3,2,49,61,180,300,2,5
4899,8,260,9,2,3,1,74,98,0,300,3,5
4900,2,65,2,1,3,2,25,72,180,300,1,5
4901,14,408,16,2,3,2,45,52,60,180,3,5
4902,14,494,16,2,3,2,61,35,300,600,4,5
4903,10,202,10,2,3,1,49,18,420,540,2,5
4904,1,233,1,2,3,3,71,41,300,600,3,5
4905,10,348,10,2,3,1,97,78,420,540,2,5
4906,2,587,3,2,3,2,32,81,60,180,1,5
4907,5,351,5,2,3,3,91,32,420,540,4,5
4908,12,511,14,1,3,1,15,12,0,300,1,5
4909,7,589,9,2,3,3,50,48,300,600,4,5
4910,1,345,1,2,3,1,27,4,420,540,4,5
4911,13,97,13,1,3,1,14,57,180,300,1,5
4912,7,510,8,2,3,3,28,81,60,180,3,5
4913,2,451,3,2,3,1,70,28,60,180,1,5
4914,11,236,11,2,3,3,60,64,420,540,2,5
4915,7,91,8,2,3,1,14,42,420,540,2,5
4916,9,273,9,2,3,3,40,60,300,600,4,5
4917,3,539,4,2,3,3,89,86,0,300,1,5
4918,11,126,11,1,3,1,43,68,180,300,2,5
4919,10,475,12,2,3,2,98,49,180,300,2,5
4920,5,470,6,1,3,3,68,27,60,180,3,5
4921,12,1,13,1,3,2,9,46,180,300,2,5
4922,7,64,9,2,3,3,72,79,420,540,1,5
4923,6,205,6,2,3,2,81,40,420,540,3,5
4924,3,266,3,2,3,2,24,67,300,600,3,5
4925,1,445,3,2,3,3,100,3,180,300,1,5
4926,1,522,3,2,3,3,17,46,0,300,1,5
4927,8,526,9,2,3,3,71,6,180,300,4,5
4928,10,434,12,2,3,1,58,78,300,600,1,5
4929,5,63,5,1,3,3,51,98,180,300,4,5
4930,2,170,3,2,3,2,36,1,420,540,2,5
4931,5,585,7,2,3,3,74,73,60,180,1,5
4932,9,388,9,2,3,2,26,88,420,540,1,5
4933,7,506,8,2,3,1,81,90,420,540,1,5
4934,12,113,13,1,3,3,54,80,180,300,3,5
4935,1,308,2,2,3,3,79,54,60,180,2,5
4936,2,398,2,2,3,1,32,23,420,540,1,5
4937,2,470,3,2,3,3,34,21,420,540,4,5
4938,6,391,6,2,3,2,53,61,420,540,2,5
4939,5,577,7,1,3,2,35,42,180,300,4,5
4940,10,188,11,2,3,3,11,93,60,180,4,5
4941,8,105,9,2,3,2,82,15,420,540,4,5
4942,3,116,3,2,3,2,92,80,420,540,4,5
4943,8,45,9,1,3,2,91,67,0,300,2,5
4944,8,184,8,2,3,1,4,20,420,540,1,5
4945,10,125,11,2,3,1,37,69,300,420,2,5
4946,5,299,5,2,3,1,73,24,420,540,1,5
4947,3,371,4,2,3,1,23,93,60,180,1,5
4948,9,265,9,2,3,1,92,40,420,540,2,5
4949,13,514,14,2,3,2,52,21,60,180,4,5
4950,3,208,3,2,3,2,19,72,420,540,1,5
4951,9,2,9,2,3,2,100,88,300,420,4,5
4952,9,531,10,2,3,1,13,48,0,300,1,5
4953,3,82,4,2,3,3,18,29,0,300,4,5
4954,12,86,12,2,3,2,39,13,300,420,3,5
4955,11,459,13,2,3,2,52,68,300,600,3,5
4956,8,185,8,2,3,2,21,53,420,540,1,5
4957,11,561,12,2,3,3,91,77,300,600,1,5
4958,6,578,7,2,3,3,66,57,180,300,3,5
4959,8,600,10,2,3,2,20,96,300,420,1,5
4960,5,532,7,1,3,1,23,49,180,300,2,5
4961,5,498,7,2,3,2,47,65,420,540,4,5
4962,10,149,10,1,3,3,0,46,180,300,1,5
4963,1,277,1,2,3,3,95,65,420,540,4,5
4964,14,587,16,2,3,3,70,62,60,180,4,5
4965,5,350,5,2,3,1,71,55,420,540,2,5
4966,7,316,7,2,3,2,86,79,420,540,4,5
4967,14,143,14,1,3,3,0,12,180,300,3,5
4968,12,291,14,1,3,2,77,60,180,300,2,5
4969,10,203,10,2,3,3,98,64,420,540,2,5
4970,10,31,10,1,3,1,28,95,60,180,3,5
4971,3,156,3,2,3,2,44,29,300,420,2,5
4972,14,481,16,2,3,1,97,8,420,540,3,5
4973,14,34,14,2,3,2,16,49,60,180,4,5
4974,9,167,9,2,3,1,58,55,420,540,2,5
4975,12,480,14,1,3,1,80,100,60,180,1,5
4976,12,14,12,1,3,3,58,21,60,180,2,5
4977,5,470,7,2,3,1,30,72,0,300,2,5
4978,6,95,6,2,3,3,32,86,420,540,1,5
4979,10,456,11,2,3,2,52,87,420,540,3,5
4980,12,31,12,1,3,3,38,18,60,180,2,5
4981,6,3,7,2,3,3,24,3,420,540,3,5
4982,7,527,8,1,3,2,91,76,60,180,2,5
4983,10,508,12,1,3,3,77,4,0,300,3,5
4984,6,43,6,2,3,3,60,67,0,300,4,5
4985,11,239,11,2,3,1,13,91,420,540,1,5
4986,7,56,7,1,3,1,20,82,60,180,1,5
4987,4,575,6,2,3,1,83,97,0,300,4,5
4988,12,289,12,2,3,2,33,66,420,540,1,5
4989,9,591,11,2,3,2,99,84,0,300,3,5
4990,3,129,4,1,3,1,25,25,0,300,3,5
4991,14,47,14,1,3,3,69,52,60,180,3,5
4992,11,438,13,1,3,2,12,82,180,300,2,5
4993,4,196,4,2,3,3,34,37,300,600,2,5
4994,6,527,7,1,3,2,17,46,180,300,2,5
4995,11,415,11,2,3,3,18,55,420,540,4,5
4996,10,590,12,2,3,1,9,5,60,180,2,5
4997,11,504,13,2,3,1,13,26,420,540,2,5
4998,14,389,15,2,3,3,44,18,300,600,2,5
4999,5,559,7,1,3,2,95,79,0,300,4,5
5000,7,253,7,2,3,2,12,77,300,420,2,5
5001,11,501,12,1,3,1,88,61,0,300,4,5
5002,13,325,13,2,3,1,74,68,420,540,3,5
5003,1,117,1,1,3,1,60,68,180,300,1,5
5004,8,9,9,1,3,1,30,71,60,180,2,5
5005,12,238,12,2,3,1,57,45,300,600,3,5
5006,5,345,5,2,3,3,98,23,420,540,3,5
5007,1,208,1,2,3,3,1,87,420,540,2,5
5008,3,354,3,2,3,1,89,36,420,540,4,5
5009,4,343,6,2,3,3,66,71,420,540,4,5
5010,5,131,5,2,3,3,22,78,300,420,4,5
5011,5,483,6,2,3,3,17,40,300,420,2,5
5012,3,296,3,2,3,3,44,0,420,540,3,5
5013,11,185,11,2,3,2,7,4,300,420,3,5
5014,7,423,9,1,3,3,56,68,180,300,1,5
5015,13,540,14,1,3,1,63,84,180,300,4,5
5016,13,32,14,1,3,2,61,83,60,180,3,5
5017,8,433,9,2,3,1,57,72,180,300,1,5
5018,14,572,15,1,3,3,60,10,180,300,3,5
5019,2,35,4,2,3,1,63,83,420,540,2,5
5020,2,568,4,2,3,2,79,16,420,540,4,5
5021,1,287,1,2,3,1,79,96,300,420,3,5
5022,11,38,11,2,3,2,73,63,180,300,2,5
5023,14,513,16,2,3,1,38,98,300,420,1,5
5024,2,321,3,1,3,1,21,28,180,300,1,5
5025,3,47,3,2,3,1,3,65,300,420,1,5
5026,1,335,1,2,3,2,48,64,420,540,3,5
5027,3,285,3,2,3,2,45,68,300,420,4,5
5028,12,485,14,2,3,3,94,58,0,300,1,5
5029,10,523,12,2,3,2,59,71,0,300,2,5
5030,5,279,5,2,3,1,70,78,420,540,2,5
5031,6,305,6,2,3,2,60,5,420,540,3,5
5032,13,319,13,2,3,2,2,12,420,540,4,5
5033,7,346,7,2,3,3,17,1,420,540,2,5
5034,6,447,8,2,3,2,35,26,0,300,4,5
5035,6,401,8,2,3,3,84,8,0,300,3,5
5036,11,374,11,2,3,3,62,43,420,540,4,5
5037,12,264,12,2,3,3,94,68,300,420,3,5
5038,1,301,1,2,3,1,59,93,420,540,3,5
5039,11,478,12,2,3,3,36,47,0,300,1,5
5040,3,75,4,1,3,1,30,30,60,180,2,5
5041,7,26,7,2,3,3,85,34,60,180,2,5
5042,5,351,6,2,3,2,52,93,300,600,3,5
5043,3,589,5,2,3,2,96,54,300,600,2,5
5044,13,32,13,2,3,1,54,49,180,300,3,5
5045,12,460,14,2,3,3,73,7,420,540,2,5
5046,13,421,14,2,3,1,17,16,180,300,3,5
5047,4,154,4,2,3,2,63,85,420,540,1,5
5048,10,133,11,2,3,1,25,31,0,300,1,5
5049,8,446,10,2,3,1,77,57,60,180,4,5
5050,3,582,5,1,3,1,46,42,180,300,3,5
5051,13,542,14,1,3,1,89,72,180,300,1,5
5052,6,38,7,1,3,1,33,46,60,180,3,5
5053,6,391,6,2,3,3,33,40,420,540,1,5
5054,1,284,2,1,3,1,71,1,180,300,3,5
5055,8,288,9,2,3,1,81,80,300,420,2,5
5056,4,99,6,2,3,1,31,70,60,180,3,5
5057,1,581,3,2,3,2,43,44,60,180,2,5
5058,9,193,10,2,3,2,1,25,300,420,3,5
5059,13,454,14,1,3,1,9,24,0,300,3,5
5060,4,421,5,1,3,2,93,63,0,300,2,5
5061,14,254,15,2,3,3,55,9,60,180,1,5
5062,11,393,11,2,3,1,60,30,420,540,3,5
5063,3,209,4,2,3,1,55,16,300,600,3,5
5064,11,382,12,2,3,1,57,19,300,420,4,5
5065,5,143,5,2,3,1,36,56,420,540,1,5
5066,11,25,11,2,3,2,0,52,0,300,3,5
5067,6,28,6,2,3,2,48,27,180,300,1,5
5068,14,502,16,2,3,2,19,56,420,540,3,5
5069,2,254,2,2,3,2,48,7,420,540,4,5
5070,9,279,9,2,3,2,39,13,420,540,4,5
5071,11,573,13,1,3,1,35,50,60,180,4,5
5072,9,446,10,2,3,2,11,1,420,540,1,5
5073,8,199,9,2,3,2,70,90,420,540,2,5
5074,10,279,12,2,3,1,99,26,300,600,3,5
5075,10,51,10,2,3,2,68,66,60,180,4,5
5076,4,560,5,1,3,3,8,61,60,180,4,5
5077,9,264,9,2,3,2,95,16,300,420,2,5
5078,1,313,1,2,3,2,24,45,420,540,4,5
5079,1,485,2,2,3,1,32,88,180,300,3,5
5080,7,439,9,1,3,2,27,93,60,180,2,5
5081,1,231,2,2,3,1,42,76,300,420,1,5
5082,6,430,7,2,3,3,66,6,0,300,4,5
5083,6,243,6,2,3,2,51,2,420,540,2,5
5084,11,533,13,1,3,2,61,92,60,180,2,5
5085,10,483,12,2,3,1,10,72,180,300,2,5
5086,1,315,2,2,3,1,45,78,60,180,1,5
5087,14,59,15,2,3,1,55,93,0,300,4,5
5088,10,97,11,2,3,2,71,85,0,300,4,5
5089,8,183,8,2,3,3,0,34,300,420,4,5
5090,10,143,10,1,3,2,22,81,180,300,3,5
5091,11,94,11,2,3,1,15,65,180,300,4,5
5092,7,79,7,1,3,3,99,53,180,300,3,5
5093,14,390,15,2,3,2,89,7,60,180,1,5
5094,6,178,7,2,3,1,83,92,420,540,1,5
5095,12,31,12,2,3,1,94,11,180,300,2,5
5096,12,458,14,2,3,2,90,1,180,300,4,5
5097,10,249,10,2,3,3,68,65,300,420,4,5
5098,5,34,6,2,3,3,81,79,420,540,4,5
5099,14,223,15,2,3,3,93,16,180,300,2,5
5100,11,217,11,2,3,2,90,47,300,600,2,5
5101,3,46,3,1,3,2,65,61,60,180,1,5
5102,1,392,1,2,3,3,83,86,420,540,2,5
5103,3,69,4,1,3,3,89,68,180,300,2,5
5104,7,542,9,1,3,2,87,97,180,300,4,5
5105,5,238,5,2,3,1,18,57,300,420,2,5
5106,11,367,11,2,3,3,23,1,420,540,3,5
5107,3,224,3,2,3,1,57,44,420,540,3,5
5108,4,77,4,1,3,3,52,12,180,300,1,5
5109,9,5,9,1,3,1,39,87,60,180,1,5
5110,6,255,6,2,3,3,10,44,420,540,4,5
5111,8,355,10,2,3,2,11,65,0,300,1,5
5112,6,315,7,2,3,1,95,55,420,540,1,5
5113,5,264,6,1,3,2,44,10,180,300,3,5
5114,9,124,9,2,3,3,87,95,300,420,4,5
5115,14,153,14,1,3,1,16,47,180,300,1,5
5116,5,517,6,1,3,3,98,48,0,300,4,5
5117,12,466,14,2,3,3,35,12,300,420,3,5
5118,3,563,5,1,3,1,75,67,180,300,4,5
5119,2,298,3,2,3,2,47,88,60,180,4,5
5120,7,226,7,2,3,2,72,88,300,420,2,5
5121,1,279,2,2,3,1,61,98,180,300,3,5
5122,4,364,4,2,3,2,9,25,420,540,1,5
5123,2,258,3,2,3,1,64,59,180,300,1,5
5124,1,243,2,2,3,1,75,42,420,540,2,5
5125,4,551,5,1,3,1,46,44,0,300,2,5
5126,5,201,6,2,3,1,52,1,60,180,1,5
5127,9,420,9,2,3,3,77,37,420,540,2,5
5128,2,156,2,2,3,1,60,31,420,540,2,5
5129,8,320,9,2,3,1,92,94,420,540,1,5
5130,13,17,14,1,3,1,64,4,60,180,1,5
5131,10,449,11,2,3,2,80,84,60,180,1,5
5132,2,155,2,2,3,1,14,2,420,540,2,5
5133,3,467,4,2,3,2,28,63,180,300,3,5
5134,11,351,11,2,3,1,4,15,420,540,4,5
5135,10,55,10,1,3,1,10,87,60,180,3,5
5136,4,268,4,2,3,1,20,86,420,540,1,5
5137,7,361,7,2,3,1,54,39,420,540,1,5
5138,9,257,9,2,3,1,81,43,420,540,4,5
5139,5,362,5,2,3,3,46,27,420,540,1,5
5140,4,434,5,2,3,3,93,27,0,300,2,5
5141,12,433,14,2,3,3,41,0,60,180,4,5
5142,3,42,3,2,3,3,31,28,180,300,2,5
5143,9,434,10,2,3,2,13,71,0,300,4,5
5144,12,296,12,2,3,3,36,46,300,600,3,5
5145,6,476,7,2,3,3,51,57,0,300,2,5
5146,5,154,5,2,3,2,60,74,180,300,1,5
5147,5,8,6,1,3,3,3,80,0,300,3,5
5148,1,2,2,1,3,1,72,40,60,180,4,5
5149,11,349,11,2,3,3,62,15,420,540,3,5
5150,3,142,4,2,3,1,97,72,0,300,1,5
5151,8,259,9,1,3,2,61,44,0,300,2,5
5152,8,478,10,2,3,2,12,50,420,540,3,5
5153,8,182,8,2,3,3,19,60,300,420,4,5
5154,12,184,13,1,3,2,6,37,180,300,4,5
5155,12,86,12,2,3,1,21,33,180,300,2,5
5156,1,305,1,2,3,1,17,62,420,540,2,5
5157,6,575,8,2,3,1,85,99,0,300,2,5
5158,7,438,9,1,3,2,71,44,180,300,4,5
5159,9,547,11,2,3,3,0,47,0,300,3,5
5160,7,273,7,2,3,2,67,49,420,540,4,5
5161,14,579,16,2,3,1,42,60,180,300,3,5
5162,2,185,2,2,3,1,31,82,420,540,3,5
5163,10,222,11,1,3,2,77,47,180,300,1,5
5164,4,14,5,1,3,3,23,89,0,300,3,5
5165,5,495,6,2,3,1,69,87,0,300,1,5
5166,11,356,12,1,3,2,89,91,180,300,1,5
5167,9,322,10,2,3,1,6,95,180,300,4,5
5168,14,65,15,2,3,2,20,98,60,180,3,5
5169,3,207,4,2,3,2,21,64,300,600,3,5
5170,4,233,5,2,3,3,33,95,180,300,1,5
5171,8,387,8,2,3,2,86,62,420,540,4,5
5172,8,50,8,1,3,2,31,79,60,180,1,5
5173,2,443,3,2,3,2,81,14,300,420,1,5
5174,11,150,12,2,3,1,16,44,60,180,4,5
5175,10,538,11,2,3,1,52,40,300,420,4,5
5176,1,401,1,2,3,2,88,32,420,540,3,5
5177,10,101,10,1,3,2,51,8,180,300,3,5
5178,13,144,13,2,3,3,64,32,180,300,1,5
5179,13,290,14,1,3,1,72,98,0,300,3,5
5180,4,264,4,2,3,3,65,39,300,420,4,5
5181,7,326,7,2,3,3,17,44,420,540,3,5
5182,7,528,9,1,3,1,65,96,0,300,4,5
5183,4,544,5,1,3,3,56,44,0,300,4,5
5184,5,147,5,2,3,2,49,76,180,300,1,5
5185,7,564,8,2,3,1,70,94,60,180,3,5
5186,10,288,10,2,3,3,90,44,420,540,3,5
5187,1,308,1,2,3,3,48,42,420,540,4,5
5188,14,420,14,2,3,2,53,70,420,540,3,5
5189,3,134,4,1,3,1,10,44,0,300,2,5
5190,2,148,3,1,3,1,99,61,0,300,4,5
5191,5,537,6,2,3,2,48,64,420,540,3,5
5192,9,258,9,2,3,1,26,59,420,540,2,5
5193,13,349,13,2,3,2,20,82,420,540,4,5
5194,12,547,13,2,3,2,18,34,420,540,1,5
5195,3,465,5,1,3,1,33,20,60,180,3,5
5196,3,229,3,2,3,2,39,86,420,540,4,5
5197,11,400,11,2,3,3,35,15,420,540,3,5
5198,13,95,13,2,3,3,13,86,300,600,1,5
5199,10,311,11,2,3,1,6,60,300,420,2,5
5200,4,159,4,2,3,1,46,78,300,420,1,5
5201,7,319,7,2,3,1,75,82,420,540,1,5
5202,14,391,15,1,3,3,26,81,180,300,1,5
5203,3,48,4,2,3,1,96,47,420,540,1,5
5204,8,323,8,2,3,3,100,2,420,540,4,5
5205,5,388,5,2,3,1,79,70,420,540,4,5
5206,10,455,12,2,3,3,25,4,180,300,4,5
5207,14,394,14,2,3,2,8,61,420,540,2,5
5208,2,223,3,2,3,1,18,39,60,180,2,5
5209,2,148,2,1,3,2,92,96,180,300,4,5
5210,5,278,6,2,3,3,68,55,420,540,2,5
5211,7,244,7,2,3,3,44,21,420,540,2,5
5212,7,97,7,2,3,2,79,78,180,300,4,5
5213,6,269,6,2,3,1,5,92,420,540,4,5
5214,9,297,10,2,3,1,79,1,180,300,3,5
5215,5,18,5,2,3,1,8,13,60,180,2,5
5216,1,169,2,2,3,1,80,32,180,300,4,5
5217,8,470,10,2,3,3,93,27,60,180,1,5
5218,2,301,3,2,3,3,33,77,420,540,4,5
5219,13,266,14,1,3,3,41,12,180,300,3,5
5220,11,536,13,1,3,2,53,99,0,300,4,5
5221,14,228,14,2,3,3,30,6,420,540,2,5
5222,4,577,5,1,3,2,9,34,60,180,1,5
5223,10,77,10,1,3,3,21,57,180,300,3,5
5224,8,459,9,1,3,2,10,58,0,300,1,5
5225,4,210,5,2,3,2,32,23,0,300,2,5
5226,2,301,2,2,3,1,10,96,420,540,4,5
5227,3,554,4,1,3,3,22,87,180,300,1,5
5228,5,407,6,1,3,2,20,16,60,180,4,5
5229,7,569,9,2,3,3,32,73,420,540,1,5
5230,6,575,8,1,3,3,86,45,180,300,2,5
5231,10,156,11,2,3,3,84,75,0,300,2,5
5232,14,11,14,1,3,1,97,71,60,180,1,5
5233,1,52,1,2,3,2,88,66,300,600,2,5
5234,7,35,7,2,3,1,13,15,180,300,4,5
5235,13,381,13,2,3,1,20,43,420,540,4,5
5236,12,213,12,2,3,3,64,51,300,600,3,5
5237,12,289,13,1,3,2,83,93,0,300,2,5
5238,10,560,12,2,3,3,60,89,0,300,2,5
5239,9,208,9,2,3,1,73,22,300,420,1,5
5240,9,248,9,2,3,2,58,68,420,540,1,5
5241,8,303,9,2,3,1,62,15,180,300,4,5
5242,9,539,10,2,3,3,26,10,300,600,2,5
5243,12,335,12,2,3,2,63,12,420,540,2,5
5244,1,373,1,2,3,3,65,12,420,540,2,5
5245,11,506,12,1,3,2,74,12,180,300,4,5
5246,6,264,6,2,3,1,63,80,420,540,4,5
5247,7,350,7,2,3,3,61,18,420,540,3,5
5248,6,514,8,2,3,2,80,33,300,420,4,5
5249,4,72,4,2,3,1,14,64,300,420,2,5
5250,6,232,7,2,3,3,31,24,180,300,2,5
5251,9,330,9,2,3,1,49,42,420,540,2,5
5252,2,480,4,1,3,3,53,41,0,300,2,5
5253,7,413,8,1,3,2,55,74,0,300,1,5
5254,3,528,5,2,3,1,38,88,300,420,4,5
5255,9,102,9,2,3,1,29,38,180,300,4,5
5256,8,379,10,2,3,3,89,71,300,420,4,5
5257,14,457,16,1,3,1,60,18,180,300,3,5
5258,7,41,7,1,3,1,38,33,60,180,4,5
5259,6,115,6,2,3,2,9,95,300,600,1,5
5260,13,552,14,1,3,1,84,37,180,300,4,5
5261,10,363,10,2,3,1,17,51,420,540,3,5
5262,5,107,5,2,3,2,22,23,180,300,2,5
5263,14,189,14,2,3,1,22,76,300,420,4,5
5264,8,146,9,2,3,2,65,53,300,600,4,5
5265,7,169,7,2,3,1,46,60,300,420,3,5
5266,5,243,6,2,3,2,59,98,420,540,3,5
5267,13,90,14,2,3,1,1,80,300,600,2,5
5268,2,46,3,2,3,2,31,9,300,420,1,5
5269,3,347,4,2,3,2,6,33,60,180,3,5
5270,14,244,14,2,3,2,43,13,420,540,4,5
5271,13,152,14,2,3,3,65,64,0,300,3,5
5272,1,503,3,1,3,1,66,18,0,300,1,5
5273,14,116,14,2,3,3,40,22,180,300,2,5
5274,11,373,12,2,3,1,11,1,0,300,2,5
5275,11,300,11,2,3,2,9,16,420,540,4,5
5276,6,182,6,2,3,1,54,23,300,600,3,5
5277,11,184,11,2,3,2,72,23,300,600,3,5
5278,11,509,12,2,3,1,13,74,300,600,4,5
5279,4,74,4,2,3,2,0,21,180,300,4,5
5280,2,159,3,1,3,3,37,52,180,300,3,5
5281,13,446,14,2,3,3,28,13,60,180,4,5
5282,12,387,13,2,3,3,45,21,0,300,2,5
5283,5,46,6,2,3,1,83,24,180,300,4,5
5284,4,339,4,2,3,3,40,5,420,540,1,5
5285,11,554,12,2,3,3,60,32,300,600,2,5
5286,4,503,6,1,3,3,33,2,60,180,3,5
5287,14,457,15,2,3,2,65,8,180,300,2,5
5288,4,520,6,1,3,2,74,52,180,300,3,5
5289,5,83,6,2,3,1,96,32,60,180,1,5
5290,4,580,5,2,3,3,94,38,0,300,4,5
5291,4,569,5,2,3,1,11,93,420,540,3,5
5292,7,571,8,2,3,3,7,4,420,540,4,5
5293,12,80,12,1,3,1,79,52,180,300,2,5
5294,9,39,9,2,3,3,82,20,420,540,3,5
5295,4,296,4,2,3,2,26,4,300,420,4,5
5296,3,111,4,1,3,3,60,93,60,180,4,5
5297,10,500,12,2,3,3,24,18,180,300,3,5
5298,1,321,1,2,3,3,12,71,420,540,4,5
5299,13,594,14,2,3,1,61,2,420,540,1,5
5300,4,296,4,2,3,1,18,55,300,600,2,5
5301,7,551,9,2,3,1,49,64,60,180,2,5
5302,11,127,12,1,3,3,46,26,0,300,1,5
5303,11,477,13,2,3,3,61,62,0,300,2,5
5304,14,550,15,2,3,1,57,55,180,300,2,5
5305,1,427,3,2,3,2,81,48,60,180,3,5
5306,5,365,5,2,3,1,44,99,420,540,2,5
5307,6,129,6,2,3,1,9,65,180,300,2,5
5308,6,54,6,2,3,3,96,82,300,600,1,5
5309,6,596,7,1,3,1,80,52,180,300,3,5
5310,14,294,14,2,3,1,77,43,420,540,3,5
5311,14,288,16,2,3,2,63,93,300,420,3,5
5312,9,18,9,2,3,2,55,70,60,180,2,5
5313,5,130,5,2,3,3,82,52,420,540,4,5
5314,12,442,13,2,3,3,50,81,60,180,4,5
5315,5,50,6,2,3,3,50,34,60,180,1,5
5316,13,48,14,2,3,2,96,75,420,540,3,5
5317,13,557,14,2,3,3,23,95,300,420,4,5
5318,14,246,15,2,3,2,46,56,300,600,4,5
5319,3,500,4,2,3,1,5,70,0,300,2,5
5320,9,112,10,1,3,3,75,24,0,300,2,5
5321,11,423,12,1,3,1,78,96,180,300,3,5
5322,4,504,5,2,3,3,48,38,180,300,2,5
5323,9,140,10,2,3,3,63,19,0,300,1,5
5324,9,555,11,1,3,3,19,100,180,300,4,5
5325,13,573,14,2,3,2,84,72,420,540,2,5
5326,10,503,11,2,3,2,14,33,60,180,3,5
5327,8,419,10,2,3,1,50,59,300,420,1,5
5328,2,50,3,1,3,1,71,59,60,180,1,5
5329,11,365,11,2,3,2,68,89,420,540,4,5
5330,14,411,14,2,3,3,93,4,420,540,3,5
5331,4,91,5,2,3,3,5,73,0,300,1,5
5332,12,466,14,2,3,1,35,40,300,420,2,5
5333,6,124,6,2,3,1,19,91,420,540,1,5
5334,11,229,11,2,3,3,29,37,420,540,4,5
5335,8,479,10,2,3,2,100,83,300,420,1,5
5336,5,9,5,2,3,1,99,14,300,420,3,5
5337,1,522,2,1,3,3,86,46,0,300,3,5
5338,3,403,4,2,3,3,25,61,420,540,3,5
5339,4,496,5,2,3,1,86,63,300,600,2,5
5340,4,232,5,2,3,3,46,42,420,540,3,5
5341,14,371,15,2,3,2,57,16,300,600,2,5
5342,11,113,11,2,3,1,24,65,180,300,3,5
5343,12,138,12,2,3,3,29,2,180,300,3,5
5344,10,495,11,2,3,2,62,50,0,300,1,5
5345,13,43,13,2,3,2,100,57,300,600,3,5
5346,5,377,6,1,3,3,15,62,60,180,2,5
5347,5,63,6,1,3,2,5,19,180,300,3,5
5348,2,501,3,2,3,3,14,35,0,300,1,5
5349,10,544,11,1,3,3,28,93,180,300,4,5
5350,14,503,15,2,3,2,77,46,420,540,2,5
5351,6,436,7,1,3,2,8,40,60,180,4,5
5352,5,344,5,2,3,1,90,45,420,540,4,5
5353,1,437,2,1,3,3,88,82,0,300,2,5
5354,4,535,5,2,3,3,62,29,420,540,1,5
5355,2,420,3,2,3,3,11,46,420,540,2,5
5356,10,584,11,2,3,3,50,52,180,300,4,5
5357,13,366,14,2,3,3,52,1,0,300,3,5
5358,1,149,3,2,3,3,14,99,180,300,1,5
5359,1,323,1,2,3,2,95,45,420,540,3,5
5360,13,509,14,2,3,2,88,63,60,180,1,5
5361,5,43,6,2,3,2,44,56,60,180,4,5
5362,12,145,12,2,3,2,72,93,300,600,2,5
5363,6,463,7,2,3,1,50,77,0,300,2,5
5364,10,284,10,2,3,2,52,37,300,420,1,5
5365,13,406,13,2,3,3,89,73,420,540,3,5
5366,11,540,12,1,3,3,6,53,0,300,2,5
5367,11,254,11,2,3,1,44,36,300,600,1,5
5368,3,77,4,1,3,3,81,38,60,180,2,5
5369,8,434,10,2,3,3,70,97,300,420,3,5
5370,2,300,2,2,3,1,4,70,300,600,3,5
5371,7,206,8,2,3,1,90,41,0,300,4,5
5372,13,58,15,2,3,1,59,3,0,300,4,5
5373,3,520,5,1,3,3,95,95,0,300,4,5
5374,11,404,11,2,3,3,2,72,420,540,4,5
5375,8,420,9,2,3,3,32,64,0,300,2,5
5376,11,33,11,2,3,2,9,40,300,600,1,5
5377,2,502,4,1,3,2,40,58,60,180,3,5
5378,2,170,3,2,3,2,8,50,60,180,2,5
5379,3,432,5,1,3,2,48,22,60,180,1,5
5380,7,260,8,1,3,1,43,53,60,180,3,5
5381,7,34,7,1,3,3,27,79,60,180,2,5
5382,2,590,4,2,3,3,11,36,300,600,1,5
5383,3,239,3,2,3,1,42,5,420,540,1,5
5384,9,432,10,1,3,3,93,64,0,300,3,5
5385,13,539,14,2,3,3,98,51,300,600,2,5
5386,1,567,2,2,3,3,19,25,180,300,4,5
5387,8,114,8,2,3,3,59,66,180,300,2,5
5388,6,69,7,2,3,2,9,69,300,420,3,5
5389,10,373,10,2,3,1,61,55,420,540,2,5
5390,7,153,8,2,3,1,100,77,0,300,2,5
5391,7,206,7,2,3,2,23,38,420,540,2,5
5392,2,281,2,2,3,1,6,99,300,600,3,5
5393,4,522,6,2,3,1,69,17,60,180,2,5
5394,6,401,6,2,3,1,4,53,420,540,1,5
5395,1,48,1,1,3,2,17,70,60,180,1,5
5396,5,256,6,2,3,2,73,68,0,300,3,5
5397,13,548,15,2,3,3,82,58,300,420,4,5
5398,14,247,15,2,3,2,62,37,180,300,2,5
5399,1,542,2,2,3,3,7,47,180,300,1,5
5400,4,129,5,1,3,2,91,34,180,300,1,5
5401,2,45,2,2,3,2,49,21,300,600,2,5
5402,3,26,3,2,3,2,6,98,300,600,4,5
5403,4,207,5,2,3,3,98,2,420,540,4,5
5404,12,150,12,2,3,1,53,14,420,540,2,5
5405,9,187,10,1,3,3,15,64,0,300,4,5
5406,8,491,9,2,3,2,58,70,180,300,4,5
5407,13,495,15,2,3,1,7,62,300,600,4,5
5408,5,513,6,2,3,3,16,72,60,180,2,5
5409,1,249,2,1,3,2,43,33,0,300,1,5
5410,7,369,7,2,3,1,94,2,420,540,1,5
5411,4,111,4,2,3,1,58,84,300,420,2,5
5412,9,559,11,2,3,2,39,2,180,300,1,5
5413,5,21,5,1,3,1,40,57,60,180,1,5
5414,10,354,10,2,3,2,35,43,420,540,3,5
5415,9,276,10,2,3,3,61,8,300,420,3,5
5416,10,199,10,2,3,1,25,44,420,540,1,5
5417,9,562,10,2,3,3,94,25,0,300,3,5
5418,12,351,12,2,3,1,63,5,420,540,2,5
5419,1,136,2,1,3,2,30,82,60,180,2,5
5420,8,376,9,1,3,2,78,99,180,300,3,5
5421,7,261,7,2,3,2,20,42,420,540,4,5
5422,13,375,15,1,3,2,75,68,60,180,3,5
5423,8,251,8,2,3,2,91,31,300,420,2,5
5424,11,17,11,2,3,2,19,60,60,180,4,5
5425,8,226,8,2,3,1,94,22,300,420,2,5
5426,7,514,9,2,3,3,69,0,300,600,3,5
5427,9,598,10,2,3,2,15,12,420,540,2,5
5428,12,166,12,2,3,2,30,66,300,600,1,5
5429,2,43,2,2,3,2,22,17,300,420,4,5
5430,13,585,14,2,3,1,49,83,0,300,2,5
5431,12,190,13,2,3,2,42,0,420,540,1,5
5432,14,317,14,2,3,3,68,0,420,540,1,5
5433,9,137,10,2,3,1,17,1,0,300,2,5
5434,5,470,7,2,3,2,55,99,0,300,1,5
5435,6,30,7,2,3,3,14,6,420,540,2,5
5436,12,589,14,1,3,3,30,17,60,180,4,5
5437,8,335,8,2,3,2,19,13,420,540,3,5
5438,9,146,9,2,3,2,45,45,420,540,3,5
5439,9,57,9,1,3,3,7,34,60,180,2,5
5440,8,70,8,2,3,3,50,35,180,300,4,5
5441,13,361,14,2,3,1,41,53,180,300,2,5
5442,13,598,15,2,3,3,1,52,0,300,3,5
5443,2,97,2,2,3,1,53,84,300,420,4,5
5444,10,375,10,2,3,1,12,89,420,540,1,5
5445,13,166,14,1,3,2,37,67,60,180,2,5
5446,7,583,8,1,3,2,71,88,180,300,3,5
5447,9,268,9,2,3,1,72,62,420,540,4,5
5448,10,148,10,2,3,3,42,35,180,300,4,5
5449,9,478,10,1,3,3,5,31,180,300,1,5
5450,6,104,7,2,3,2,7,7,180,300,1,5
5451,12,587,14,2,3,2,65,66,60,180,2,5
5452,4,600,6,2,3,1,86,92,0,300,1,5
5453,4,290,5,1,3,3,86,80,180,300,2,5
5454,3,379,4,2,3,1,19,40,60,180,3,5
5455,2,266,3,2,3,2,11,47,60,180,2,5
5456,5,233,5,2,3,2,62,36,300,600,1,5
5457,10,503,11,2,3,1,92,90,60,180,2,5
5458,14,39,15,2,3,3,35,92,420,540,1,5
5459,8,523,9,2,3,1,2,72,180,300,1,5
5460,8,574,9,1,3,3,2,73,0,300,4,5
5461,1,489,3,2,3,1,60,3,300,420,2,5
5462,5,327,6,2,3,2,68,30,300,420,4,5
5463,13,491,14,2,3,3,1,78,60,180,2,5
5464,7,320,8,2,3,3,43,58,0,300,3,5
5465,12,215,12,2,3,1,72,22,300,600,3,5
5466,4,203,6,2,3,1,70,38,420,540,3,5
5467,7,5,7,1,3,2,15,15,60,180,2,5
5468,9,187,9,2,3,3,30,57,420,540,1,5
5469,8,171,9,2,3,3,3,75,60,180,3,5
5470,2,474,4,2,3,3,97,44,420,540,3,5
5471,13,432,14,1,3,2,6,47,0,300,3,5
5472,12,312,12,2,3,1,54,98,420,540,1,5
5473,12,53,12,1,3,1,24,62,60,180,3,5
5474,2,568,3,1,3,1,43,31,0,300,3,5
5475,9,67,9,2,3,2,2,70,420,540,4,5
5476,10,600,12,2,3,1,32,30,60,180,4,5
5477,2,490,4,2,3,2,7,93,0,300,4,5
5478,12,50,12,2,3,3,18,77,60,180,4,5
5479,12,378,12,2,3,1,76,37,420,540,2,5
5480,12,254,13,2,3,2,21,82,420,540,3,5
5481,5,235,5,2,3,1,32,82,420,540,3,5
5482,1,556,2,2,3,1,48,33,300,420,4,5
5483,11,513,13,1,3,3,69,1,180,300,1,5
5484,13,525,14,2,3,3,61,7,0,300,3,5
5485,2,160,3,2,3,1,4,17,180,300,3,5
5486,4,363,5,1,3,1,88,61,180,300,1,5
5487,8,112,8,2,3,1,44,6,180,300,4,5
5488,3,160,5,2,3,1,61,68,180,300,1,5
5489,2,315,3,1,3,2,31,24,0,300,2,5
5490,3,186,3,2,3,3,52,58,420,540,1,5
5491,7,187,7,2,3,3,61,40,420,540,2,5
5492,8,393,8,2,3,3,84,33,420,540,2,5
5493,5,596,6,1,3,1,57,83,180,300,1,5
5494,2,205,2,2,3,3,62,58,300,600,3,5
5495,13,176,13,1,3,1,47,96,180,300,4,5
5496,7,422,8,1,3,1,43,83,0,300,1,5
5497,3,203,4,2,3,3,28,65,420,540,3,5
5498,1,528,2,1,3,3,75,28,180,300,2,5
5499,5,182,5,2,3,1,30,46,300,600,1,5
5500,12,358,12,2,3,2,25,19,420,540,3,5
5501,5,217,6,1,3,1,71,10,60,180,1,5
5502,6,536,7,2,3,3,64,25,420,540,4,5
5503,10,329,11,2,3,3,43,24,420,540,4,5
5504,12,403,12,2,3,3,98,55,420,540,1,5
5505,1,547,3,1,3,2,88,53,180,300,4,5
5506,14,142,15,1,3,3,63,4,60,180,4,5
5507,5,320,5,2,3,2,76,46,420,540,2,5
5508,1,147,2,1,3,3,19,72,180,300,3,5
5509,13,339,13,2,3,1,33,31,420,540,4,5
5510,5,3,7,1,3,1,34,48,180,300,1,5
5511,5,346,5,2,3,2,18,86,420,540,3,5
5512,7,30,7,2,3,1,40,78,0,300,4,5
5513,6,556,7,2,3,2,44,61,420,540,3,5
5514,13,169,14,2,3,2,62,14,300,600,2,5
5515,6,541,7,2,3,1,79,45,420,540,3,5
5516,11,92,11,2,3,2,4,79,300,420,3,5
5517,1,252,1,2,3,2,30,90,420,540,2,5
5518,3,148,3,2,3,1,7,8,180,300,2,5
5519,11,74,11,2,3,3,38,55,180,300,4,5
5520,9,505,10,2,3,1,15,28,0,300,3,5
5521,3,236,5,2,3,3,37,65,0,300,3,5
5522,1,433,3,2,3,1,46,4,0,300,1,5
5523,2,324,2,2,3,3,94,2,420,540,1,5
5524,10,246,10,2,3,3,53,19,420,540,2,5
5525,9,471,11,2,3,2,5,6,300,600,2,5
5526,10,286,12,1,3,3,2,30,180,300,2,5
5527,4,258,4,2,3,1,54,72,300,420,3,5
5528,2,310,2,2,3,1,33,5,420,540,2,5
5529,9,383,9,2,3,1,99,100,420,540,4,5
5530,11,346,11,2,3,1,9,61,420,540,1,5
5531,11,470,12,2,3,2,100,81,180,300,2,5
5532,10,260,10,2,3,3,40,93,300,600,1,5
5533,4,486,6,1,3,3,6,68,60,180,2,5
5534,10,252,10,2,3,1,41,48,300,420,3,5
5535,7,263,7,2,3,2,57,83,300,600,1,5
5536,1,588,2,2,3,1,34,32,420,540,1,5
5537,5,590,6,2,3,2,6,45,0,300,2,5
5538,7,578,8,2,3,1,23,67,300,420,4,5
5539,3,181,4,1,3,2,3,29,60,180,3,5
5540,11,148,12,2,3,1,95,92,180,300,4,5
5541,9,253,10,2,3,3,66,64,420,540,1,5
5542,13,148,14,1,3,1,59,70,180,300,1,5
5543,14,552,15,2,3,2,51,40,420,540,2,5
5544,11,48,11,2,3,1,90,98,300,420,3,5
5545,5,459,6,2,3,1,39,80,60,180,1,5
5546,8,18,9,2,3,2,72,47,300,420,4,5
5547,1,486,2,1,3,1,100,15,180,300,4,5
5548,10,111,11,2,3,3,11,76,0,300,2,5
5549,5,449,6,2,3,2,61,99,60,180,2,5
5550,2,245,2,2,3,1,19,78,420,540,4,5
5551,7,246,8,2,3,2,98,28,180,300,1,5
5552,14,242,15,2,3,1,43,96,180,300,4,5
5553,14,236,14,2,3,1,85,98,300,420,2,5
5554,6,204,7,2,3,2,9,52,300,420,2,5
5555,8,447,9,1,3,3,41,57,0,300,4,5
5556,1,587,3,1,3,1,13,13,0,300,3,5
5557,3,283,3,2,3,3,65,25,300,420,4,5
5558,5,4,5,2,3,2,34,95,180,300,2,5
5559,11,599,12,1,3,1,29,57,60,180,3,5
5560,11,537,12,2,3,1,29,77,300,600,3,5
5561,10,173,10,2,3,1,45,31,300,420,4,5
5562,9,210,10,2,3,3,7,34,420,540,4,5
5563,8,108,9,2,3,2,33,60,420,540,1,5
5564,9,171,9,2,3,2,91,45,420,540,2,5
5565,9,116,10,2,3,3,26,99,300,600,1,5
5566,14,592,15,1,3,2,23,87,0,300,1,5
5567,9,552,10,2,3,3,47,100,60,180,4,5
5568,10,402,10,2,3,1,1,91,420,540,4,5
5569,6,62,7,2,3,2,36,1,300,420,4,5
5570,13,270,13,2,3,1,1,65,420,540,2,5
5571,1,224,1,2,3,1,71,66,300,600,4,5
5572,10,343,10,2,3,1,25,82,420,540,3,5
5573,2,343,2,2,3,1,54,65,420,540,1,5
5574,4,17,4,2,3,1,42,10,420,540,2,5
5575,2,235,2,2,3,1,9,2,300,420,4,5
5576,8,167,10,1,3,2,25,62,60,180,1,5
5577,5,446,6,2,3,3,50,39,0,300,3,5
5578,8,479,10,1,3,2,88,55,0,300,4,5
5579,2,44,3,1,3,2,0,49,60,180,2,5
5580,12,497,14,2,3,2,81,65,0,300,2,5
5581,2,324,3,2,3,3,36,29,180,300,3,5
5582,14,446,16,1,3,2,27,23,180,300,4,5
5583,10,126,10,2,3,2,72,58,300,420,3,5
5584,8,110,8,1,3,3,25,52,180,300,1,5
5585,11,251,11,2,3,1,6,96,420,540,1,5
5586,2,249,2,2,3,1,11,54,420,540,4,5
5587,12,51,13,1,3,2,96,71,180,300,4,5
5588,11,26,12,2,3,3,77,59,60,180,1,5
5589,12,115,14,2,3,2,2,1,0,300,1,5
5590,8,158,9,2,3,3,18,75,180,300,1,5
5591,6,380,6,2,3,1,52,22,420,540,1,5
5592,13,379,14,2,3,3,52,39,420,540,1,5
5593,13,299,14,2,3,1,43,8,60,180,1,5
5594,11,428,13,2,3,1,2,66,0,300,3,5
5595,13,12,14,2,3,1,99,70,180,300,3,5
5596,9,536,11,2,3,2,54,94,180,300,2,5
5597,7,151,7,1,3,3,59,39,180,300,4,5
5598,12,474,14,2,3,1,53,81,180,300,3,5
5599,6,203,6,2,3,2,52,54,420,540,3,5
5600,12,543,13,1,3,1,50,3,180,300,3,5
5601,5,6,5,2,3,2,50,56,60,180,3,5
5602,11,206,11,2,3,1,90,35,300,600,2,5
5603,10,424,12,1,3,3,41,97,60,180,4,5
5604,9,269,9,2,3,2,51,18,300,420,4,5
5605,14,177,14,2,3,2,63,87,300,420,4,5
5606,5,258,5,2,3,1,75,94,420,540,2,5
5607,11,125,12,1,3,3,90,45,60,180,3,5
5608,8,16,8,1,3,2,68,4,60,180,4,5
5609,6,493,7,2,3,3,74,1,300,420,1,5
5610,5,258,5,2,3,2,77,97,300,600,1,5
5611,6,133,6,1,3,1,84,88,180,300,3,5
5612,7,221,8,2,3,1,77,38,0,300,3,5
5613,2,371,3,2,3,1,79,46,300,600,1,5
5614,9,130,9,2,3,3,46,58,300,420,1,5
5615,1,7,1,1,3,3,40,43,60,180,2,5
5616,1,284,2,1,3,1,99,47,180,300,2,5
5617,5,335,5,2,3,2,64,13,420,540,3,5
5618,12,246,13,2,3,3,20,100,180,300,1,5
5619,5,257,5,2,3,2,20,66,420,540,4,5
5620,9,86,9,2,3,2,98,56,180,300,3,5
5621,3,268,3,2,3,3,20,62,420,540,1,5
5622,4,349,4,2,3,2,50,25,420,540,1,5
5623,6,239,6,2,3,2,76,36,300,420,4,5
5624,11,590,12,2,3,3,99,68,60,180,2,5
5625,11,35,11,2,3,2,48,74,60,180,1,5
5626,3,485,5,2,3,2,76,78,0,300,1,5
5627,12,99,13,1,3,3,10,93,180,300,4,5
5628,8,215,9,2,3,1,31,85,300,420,1,5
5629,10,512,11,2,3,2,34,60,60,180,2,5
5630,7,186,7,2,3,3,41,83,300,420,3,5
5631,2,106,2,2,3,2,1,58,180,300,4,5
5632,10,505,11,1,3,1,77,90,180,300,2,5
5633,2,492,3,1,3,3,79,61,180,300,2,5
5634,13,486,15,1,3,1,4,52,0,300,2,5
5635,5,88,6,2,3,1,88,42,60,180,1,5
5636,6,21,7,2,3,2,0,14,180,300,4,5
5637,13,578,14,1,3,2,14,13,0,300,3,5
5638,5,361,6,1,3,1,51,52,180,300,2,5
5639,5,575,7,2,3,3,53,28,180,300,4,5
5640,6,319,6,2,3,2,8,79,420,540,2,5
5641,14,310,15,2,3,3,5,19,420,540,1,5
5642,14,320,14,2,3,2,85,62,420,540,4,5
5643,13,149,14,2,3,3,79,33,180,300,2,5
5644,6,459,7,2,3,2,42,63,180,300,4,5
5645,5,366,5,2,3,2,98,15,420,540,3,5
5646,11,24,11,2,3,1,73,37,180,300,1,5
5647,1,501,3,2,3,1,85,39,300,420,4,5
5648,7,514,8,1,3,1,20,41,180,300,4,5
5649,13,491,14,2,3,1,96,94,60,180,3,5
5650,12,503,14,2,3,3,2,58,60,180,2,5
5651,8,26,10,2,3,3,0,5,180,300,4,5
5652,10,421,11,2,3,1,10,61,60,180,2,5
5653,14,53,15,1,3,1,99,14,0,300,4,5
5654,5,309,5,2,3,1,61,39,420,540,2,5
5655,9,454,11,2,3,2,74,28,180,300,1,5
5656,10,50,10,1,3,2,93,1,60,180,1,5
5657,5,388,5,2,3,1,22,4,420,540,1,5
5658,8,367,9,1,3,3,32,11,0,300,4,5
5659,11,60,12,1,3,2,87,1,60,180,3,5
5660,8,509,9,2,3,3,65,10,420,540,1,5
5661,7,413,7,2,3,1,23,24,420,540,1,5
5662,4,481,6,1,3,1,82,75,60,180,3,5
5663,9,505,10,2,3,3,35,7,300,420,1,5
5664,3,595,5,1,3,3,26,53,0,300,3,5
5665,7,424,9,2,3,3,32,23,300,600,3,5
5666,10,505,11,2,3,1,26,66,300,600,3,5
5667,11,20,11,2,3,3,68,87,180,300,4,5
5668,9,295,10,1,3,2,12,8,0,300,3,5
5669,4,597,5,2,3,2,20,17,60,180,3,5
5670,8,467,9,2,3,3,85,97,420,540,4,5
5671,5,524,7,2,3,2,52,5,180,300,4,5
5672,12,334,13,1,3,2,38,22,60,180,1,5
5673,9,259,10,2,3,3,20,98,60,180,3,5
5674,7,295,8,1,3,2,59,43,0,300,4,5
5675,4,187,4,2,3,1,10,64,420,540,3,5
5676,1,84,1,2,3,3,42,9,180,300,1,5
5677,13,171,13,2,3,1,57,60,420,540,2,5
5678,14,173,14,2,3,2,13,92,420,540,4,5
5679,10,80,10,2,3,2,7,55,300,420,1,5
5680,6,359,6,2,3,1,74,31,420,540,3,5
5681,14,60,15,2,3,3,91,29,60,180,4,5
5682,7,375,7,2,3,3,37,76,420,540,1,5
5683,3,143,3,1,3,2,56,48,180,300,1,5
5684,5,375,5,2,3,2,6,44,420,540,2,5
5685,4,266,6,1,3,2,36,62,180,300,4,5
5686,1,99,1,1,3,2,57,18,180,300,2,5
5687,14,450,16,2,3,3,8,62,420,540,3,5
5688,14,559,15,2,3,2,61,86,0,300,2,5
5689,4,569,6,1,3,3,25,38,180,300,4,5
5690,1,155,1,2,3,3,16,98,420,540,3,5
5691,6,370,6,2,3,2,98,73,420,540,2,5
5692,4,472,6,2,3,2,31,77,420,540,1,5
5693,11,598,12,1,3,3,60,78,60,180,3,5
5694,1,36,1,2,3,2,24,21,60,180,3,5
5695,13,560,15,2,3,1,25,44,60,180,1,5
5696,11,137,11,2,3,2,92,80,300,420,2,5
5697,1,526,3,2,3,1,9,100,0,300,1,5
5698,11,238,13,2,3,2,0,96,300,600,2,5
5699,8,344,9,2,3,2,98,99,0,300,1,5
5700,1,354,2,1,3,2,86,69,180,300,3,5
5701,7,55,7,2,3,1,30,59,0,300,2,5
5702,6,182,7,1,3,1,35,4,180,300,4,5
5703,9,478,11,2,3,2,50,58,60,180,1,5
5704,13,64,13,2,3,3,40,12,420,540,2,5
5705,1,576,3,1,3,2,36,24,60,180,2,5
5706,6,292,6,2,3,2,27,21,420,540,1,5
5707,10,221,11,2,3,1,40,36,420,540,4,5
5708,3,122,3,1,3,2,4,83,180,300,4,5
5709,5,349,5,2,3,2,56,2,420,540,2,5
5710,11,89,11,1,3,1,81,76,180,300,1,5
5711,4,553,5,2,3,3,89,63,180,300,4,5
5712,10,220,10,2,3,1,54,91,300,420,4,5
5713,10,162,10,1,3,2,85,20,180,300,3,5
5714,2,590,4,2,3,2,36,2,420,540,1,5
5715,3,16,4,1,3,2,43,65,0,300,2,5
5716,10,418,10,2,3,3,81,51,420,540,2,5
5717,4,586,5,2,3,1,62,9,180,300,1,5
5718,5,62,6,2,3,3,15,29,420,540,3,5
5719,14,513,16,2,3,3,74,38,180,300,1,5
5720,11,562,12,2,3,1,38,48,60,180,2,5
5721,14,578,15,2,3,3,26,87,420,540,3,5
5722,8,215,8,2,3,3,56,14,300,420,1,5
5723,10,275,11,1,3,3,55,35,180,300,3,5
5724,4,535,6,2,3,2,71,24,300,420,1,5
5725,3,303,3,2,3,1,0,43,420,540,1,5
5726,7,498,8,2,3,1,34,3,420,540,2,5
5727,4,544,6,2,3,1,32,100,420,540,3,5
5728,8,465,10,1,3,3,0,25,60,180,2,5
5729,7,63,8,2,3,2,57,68,60,180,1,5
5730,11,440,13,2,3,1,6,29,0,300,2,5
5731,1,7,2,2,3,3,65,66,180,300,2,5
5732,9,224,9,2,3,1,62,65,420,540,2,5
5733,1,312,1,2,3,3,73,67,420,540,1,5
5734,9,233,9,2,3,3,53,87,300,420,4,5
5735,4,454,6,1,3,3,30,84,180,300,1,5
5736,11,314,11,2,3,2,20,74,420,540,3,5
5737,5,16,6,1,3,3,92,56,0,300,2,5
5738,7,261,8,2,3,1,85,59,420,540,2,5
5739,4,168,4,2,3,2,66,78,180,300,2,5
5740,14,454,15,2,3,2,90,3,60,180,3,5
5741,9,487,10,2,3,2,76,16,300,600,2,5
5742,12,550,13,2,3,3,41,11,0,300,4,5
5743,9,141,9,1,3,1,91,53,180,300,1,5
5744,7,317,8,1,3,2,30,46,0,300,3,5
5745,8,532,10,1,3,2,48,10,60,180,4,5
5746,11,544,13,2,3,2,38,83,180,300,2,5
5747,13,517,14,2,3,1,76,78,420,540,1,5
5748,10,103,10,2,3,1,52,84,180,300,4,5
5749,5,83,6,2,3,2,48,45,0,300,2,5
5750,5,32,6,2,3,3,75,15,60,180,4,5
5751,9,30,9,1,3,3,67,55,60,180,4,5
5752,11,86,12,2,3,2,90,66,180,300,4,5
5753,12,449,14,1,3,3,45,29,60,180,1,5
5754,6,289,6,2,3,1,62,73,300,600,3,5
5755,4,568,5,2,3,1,42,19,60,180,3,5
5756,13,49,14,1,3,1,98,68,0,300,4,5
5757,1,141,1,2,3,2,84,31,420,540,4,5
5758,12,289,13,1,3,2,90,31,0,300,3,5
5759,2,79,3,1,3,1,33,29,180,300,2,5
5760,9,489,11,2,3,1,100,50,300,420,1,5
5761,8,520,9,2,3,1,86,19,60,180,3,5
5762,10,577,11,1,3,1,24,16,0,300,2,5
5763,4,585,6,2,3,2,23,65,60,180,2,5
5764,6,207,6,2,3,3,74,87,300,600,3,5
5765,4,501,6,1,3,2,36,70,60,180,4,5
5766,10,203,12,1,3,2,64,93,60,180,2,5
5767,8,464,10,2,3,3,61,97,0,300,1,5
5768,8,385,8,2,3,2,1,86,420,540,1,5
5769,7,258,7,2,3,1,59,31,300,420,2,5
5770,2,99,3,2,3,2,14,45,180,300,1,5
5771,4,245,5,2,3,1,69,49,180,300,2,5
5772,3,501,5,2,3,2,46,85,420,540,1,5
5773,3,480,4,2,3,2,55,93,300,600,2,5
5774,4,493,6,2,3,3,87,0,300,420,1,5
5775,14,106,14,2,3,1,50,46,180,300,2,5
5776,2,331,2,2,3,3,86,23,420,540,1,5
5777,1,173,1,2,3,1,71,2,300,600,2,5
5778,8,542,9,1,3,1,53,9,180,300,2,5
5779,2,312,2,2,3,3,8,58,420,540,4,5
5780,14,245,14,2,3,1,1,1,300,420,1,5
5781,12,279,12,2,3,3,91,90,420,540,1,5
5782,2,110,2,1,3,1,30,65,180,300,2,5
5783,13,454,15,2,3,3,13,37,300,600,4,5
5784,12,450,14,2,3,3,27,62,60,180,4,5
5785,5,484,6,2,3,2,84,89,0,300,1,5
5786,7,83,7,1,3,1,5,42,180,300,1,5
5787,11,308,12,2,3,1,84,76,420,540,4,5
5788,4,480,6,2,3,1,52,64,0,300,3,5
5789,10,174,10,1,3,1,14,90,180,300,1,5
5790,10,325,11,2,3,1,61,23,60,180,3,5
5791,5,169,5,1,3,1,79,37,180,300,1,5
5792,12,291,13,1,3,1,88,8,0,300,3,5
5793,6,590,8,2,3,2,63,10,0,300,4,5
5794,12,318,13,1,3,3,8,38,180,300,3,5
5795,2,166,3,2,3,2,39,34,0,300,3,5
5796,4,360,4,2,3,2,96,26,420,540,3,5
5797,9,44,9,1,3,2,46,57,60,180,4,5
5798,7,502,8,1,3,3,8,27,0,300,3,5
5799,11,98,11,2,3,2,93,31,300,420,2,5
5800,5,582,7,2,3,3,12,9,180,300,3,5
5801,6,567,7,1,3,3,46,77,60,180,1,5
5802,11,122,12,2,3,3,68,88,60,180,2,5
5803,3,36,4,2,3,3,64,31,0,300,2,5
5804,11,572,12,2,3,1,39,69,420,540,2,5
5805,3,455,4,2,3,2,85,7,60,180,3,5
5806,10,122,10,2,3,3,18,90,300,420,1,5
5807,1,26,1,2,3,1,18,63,300,420,3,5
5808,11,385,11,2,3,1,26,92,420,540,3,5
5809,8,523,10,2,3,1,35,16,420,540,1,5
5810,13,479,14,1,3,3,88,11,180,300,1,5
5811,10,424,11,2,3,3,37,9,0,300,2,5
5812,12,416,12,2,3,2,57,18,420,540,3,5
5813,2,383,4,2,3,1,0,93,300,600,2,5
5814,8,324,8,2,3,3,81,100,420,540,3,5
5815,14,42,14,1,3,3,90,7,60,180,1,5
5816,14,276,15,2,3,1,12,95,60,180,1,5
5817,1,195,1,2,3,1,69,7,300,420,2,5
5818,3,407,5,1,3,1,93,14,180,300,3,5
5819,8,24,10,2,3,3,51,17,60,180,2,5
5820,3,205,4,2,3,3,53,35,300,420,2,5
5821,9,74,10,2,3,1,4,9,0,300,4,5
5822,4,168,5,2,3,2,27,80,0,300,2,5
5823,3,480,5,1,3,1,74,75,0,300,3,5
5824,5,455,6,2,3,3,26,43,420,540,4,5
5825,6,290,6,2,3,3,81,88,420,540,1,5
5826,10,142,10,2,3,1,94,3,420,540,2,5
5827,2,581,3,2,3,3,34,27,300,420,2,5
5828,4,68,5,2,3,2,47,91,180,300,4,5
5829,2,560,4,2,3,1,5,6,180,300,2,5
5830,1,115,1,2,3,3,79,96,420,540,4,5
5831,2,171,2,2,3,3,87,58,300,420,3,5
5832,14,577,15,2,3,3,9,19,420,540,1,5
5833,5,340,6,2,3,2,75,85,60,180,3,5
5834,4,72,5,1,3,2,0,92,180,300,1,5
5835,12,368,12,2,3,2,40,5,420,540,2,5
5836,13,268,15,1,3,1,1,97,0,300,3,5
5837,2,337,3,1,3,2,88,53,0,300,3,5
5838,3,243,3,2,3,2,98,82,420,540,4,5
5839,5,62,5,2,3,3,60,57,420,540,2,5
5840,10,86,11,2,3,1,43,39,300,600,1,5
5841,4,65,5,2,3,3,9,74,60,180,4,5
5842,6,28,7,2,3,1,69,27,60,180,1,5
5843,11,302,12,2,3,1,83,80,0,300,2,5
5844,8,341,8,2,3,1,35,52,420,540,1,5
5845,8,302,9,2,3,2,28,36,0,300,4,5
5846,6,579,7,2,3,2,80,9,180,300,2,5
5847,13,474,14,2,3,1,71,62,300,420,1,5
5848,13,386,13,2,3,3,12,77,420,540,2,5
5849,4,24,5,2,3,1,15,13,0,300,1,5
5850,4,267,5,1,3,2,63,59,180,300,3,5
5851,13,580,15,1,3,1,58,88,60,180,1,5
5852,13,151,13,2,3,1,15,94,300,420,4,5
5853,13,510,15,2,3,1,90,7,180,300,3,5
5854,4,4,5,2,3,1,50,42,420,540,1,5
5855,6,471,8,2,3,1,47,43,180,300,3,5
5856,14,147,15,1,3,2,96,3,60,180,2,5
5857,2,283,2,2,3,2,16,79,300,420,4,5
5858,12,557,13,2,3,1,50,53,420,540,2,5
5859,13,358,14,2,3,1,90,100,420,540,1,5
5860,3,220,3,2,3,1,27,56,300,600,1,5
5861,9,536,11,2,3,1,11,33,60,180,2,5
5862,12,8,12,2,3,3,95,39,300,600,3,5
5863,14,186,14,2,3,3,14,47,420,540,4,5
5864,11,561,13,2,3,3,21,63,180,300,3,5
5865,3,289,3,2,3,1,69,100,420,540,2,5
5866,1,577,3,1,3,3,76,93,0,300,4,5
5867,12,313,13,2,3,2,73,95,0,300,4,5
5868,8,543,9,2,3,2,14,35,60,180,3,5
5869,1,79,1,1,3,2,55,59,180,300,2,5
5870,13,353,14,1,3,1,16,5,60,180,1,5
5871,6,464,8,2,3,3,50,12,60,180,2,5
5872,1,111,2,2,3,3,26,82,180,300,3,5
5873,7,265,8,1,3,2,59,40,60,180,2,5
5874,1,241,1,2,3,2,34,45,300,600,2,5
5875,5,482,6,2,3,1,66,48,0,300,3,5
5876,8,274,8,2,3,3,33,82,300,600,3,5
5877,12,426,14,1,3,1,70,61,0,300,2,5
5878,5,24,5,2,3,1,42,85,60,180,3,5
5879,11,423,13,2,3,3,9,0,60,180,2,5
5880,6,592,7,2,3,3,90,45,60,180,1,5
5881,6,126,6,2,3,2,75,74,180,300,2,5
5882,3,354,4,1,3,1,44,7,60,180,4,5
5883,1,45,2,2,3,1,87,11,420,540,1,5
5884,7,504,9,2,3,1,97,11,300,420,4,5
5885,6,321,6,2,3,1,47,13,420,540,4,5
5886,3,254,3,2,3,2,24,16,420,540,1,5
5887,11,529,12,1,3,2,78,47,180,300,4,5
5888,10,96,11,1,3,3,82,33,60,180,3,5
5889,4,428,5,2,3,3,93,23,180,300,1,5
5890,4,343,4,2,3,3,44,5,420,540,2,5
5891,11,263,12,1,3,3,2,85,0,300,1,5
5892,3,445,4,2,3,2,82,96,420,540,4,5
5893,5,588,7,2,3,3,30,7,300,420,3,5
5894,6,195,6,2,3,1,9,64,300,420,3,5
5895,12,146,12,1,3,3,6,73,180,300,3,5
5896,10,492,11,2,3,2,22,46,300,420,2,5
5897,8,5,8,2,3,3,65,73,60,180,3,5
5898,2,499,3,2,3,1,31,7,0,300,2,5
5899,14,407,14,2,3,1,51,80,420,540,4,5
5900,8,326,9,2,3,3,19,99,60,180,2,5
5901,14,208,14,2,3,2,54,7,420,540,3,5
5902,9,541,10,2,3,3,69,73,300,420,3,5
5903,12,254,13,1,3,2,5,13,0,300,1,5
5904,6,561,7,2,3,1,20,9,180,300,1,5
5905,11,19,12,1,3,3,60,62,0,300,2,5
5906,11,569,12,2,3,3,82,100,60,180,3,5
5907,12,330,12,2,3,3,96,95,420,540,1,5
5908,14,450,15,2,3,1,9,4,300,600,3,5
5909,10,37,10,1,3,3,49,23,60,180,2,5
5910,8,73,8,2,3,3,91,72,420,540,4,5
5911,13,331,13,2,3,2,83,88,420,540,4,5
5912,11,246,11,2,3,3,15,69,300,420,4,5
5913,5,415,5,2,3,1,64,82,420,540,4,5
5914,13,302,13,2,3,1,57,61,420,540,2,5
5915,5,411,6,2,3,3,46,95,420,540,3,5
5916,12,231,13,1,3,3,85,63,60,180,4,5
5917,11,573,12,2,3,1,79,17,420,540,2,5
5918,14,582,15,2,3,1,76,87,60,180,3,5
5919,1,483,2,2,3,2,36,41,420,540,4,5
5920,5,369,5,2,3,2,51,5,420,540,3,5
5921,5,586,7,1,3,2,70,63,0,300,1,5
5922,8,523,10,2,3,2,35,97,420,540,1,5
5923,3,225,4,1,3,2,3,42,0,300,1,5
5924,14,305,15,1,3,2,23,65,0,300,1,5
5925,8,447,10,2,3,2,82,28,420,540,1,5
5926,8,419,9,1,3,3,80,57,60,180,1,5
5927,14,0,15,2,3,3,99,77,420,540,2,5
5928,14,351,14,2,3,1,72,86,420,540,1,5
5929,12,128,12,1,3,1,66,74,180,300,1,5
5930,9,385,9,2,3,1,23,54,420,540,2,5
5931,2,208,2,2,3,2,95,22,300,420,1,5
5932,10,341,11,2,3,3,37,54,420,540,3,5
5933,13,40,13,2,3,3,17,36,0,300,1,5
5934,7,593,9,2,3,3,79,64,180,300,3,5
5935,6,193,7,2,3,1,55,13,0,300,3,5
5936,13,498,14,2,3,2,89,64,420,540,2,5
5937,10,27,11,2,3,3,53,56,0,300,4,5
5938,12,453,13,2,3,3,37,14,0,300,4,5
5939,3,573,4,1,3,1,24,10,0,300,2,5
5940,3,239,3,2,3,1,66,16,420,540,1,5
5941,12,453,13,2,3,3,76,69,0,300,2,5
5942,2,60,3,1,3,1,4,22,60,180,1,5
5943,6,341,6,2,3,1,22,73,420,540,1,5
5944,2,399,3,2,3,1,84,13,180,300,3,5
5945,6,46,6,2,3,1,48,40,0,300,4,5
5946,4,554,6,1,3,1,40,80,180,300,3,5
5947,14,353,14,2,3,1,94,15,420,540,2,5
5948,14,105,16,1,3,3,58,98,0,300,1,5
5949,6,70,6,2,3,1,24,88,180,300,4,5
5950,10,266,11,2,3,3,49,44,300,420,1,5
5951,6,174,8,2,3,3,92,33,420,540,1,5
5952,14,315,14,2,3,3,41,43,420,540,4,5
5953,1,220,2,2,3,1,0,88,420,540,4,5
5954,1,56,1,2,3,1,59,31,300,420,3,5
5955,8,588,9,2,3,1,37,37,180,300,4,5
5956,13,37,14,1,3,2,91,63,0,300,4,5
5957,4,553,6,1,3,2,56,59,180,300,2,5
5958,6,82,6,2,3,2,58,35,420,540,3,5
5959,8,407,8,2,3,1,98,86,420,540,3,5
5960,11,281,13,2,3,1,40,90,300,600,1,5
5961,8,379,9,1,3,1,97,13,0,300,2,5
5962,12,88,13,2,3,2,56,39,60,180,1,5
5963,10,308,10,2,3,1,89,100,420,540,3,5
5964,13,227,14,1,3,2,59,90,180,300,4,5
5965,7,297,8,1,3,3,66,12,180,300,1,5
5966,2,485,3,2,3,1,72,61,300,600,4,5
5967,12,307,13,2,3,3,81,13,420,540,3,5
5968,14,355,15,1,3,1,18,4,0,300,1,5
5969,6,591,8,2,3,2,62,92,0,300,1,5
5970,4,499,5,1,3,1,0,43,0,300,3,5
5971,14,382,14,2,3,1,41,6,420,540,2,5
5972,4,100,4,2,3,2,89,63,420,540,3,5
5973,2,76,2,2,3,1,21,84,180,300,2,5
5974,13,575,14,2,3,2,79,85,180,300,4,5
5975,12,37,14,1,3,3,46,47,0,300,2,5
5976,4,190,4,2,3,2,12,70,420,540,2,5
5977,3,187,5,1,3,1,28,58,0,300,3,5
5978,12,194,12,2,3,1,58,70,420,540,3,5
5979,4,472,5,1,3,2,91,16,0,300,2,5
5980,11,12,12,1,3,2,43,27,180,300,3,5
5981,8,344,8,2,3,1,89,56,420,540,1,5
5982,11,513,12,2,3,1,82,20,60,180,3,5
5983,9,284,10,1,3,1,67,67,0,300,3,5
5984,4,544,5,2,3,1,15,52,0,300,1,5
5985,12,125,13,1,3,1,86,17,60,180,1,5
5986,12,60,14,2,3,1,42,88,0,300,4,5
5987,12,395,13,2,3,2,64,97,300,420,3,5
5988,11,245,11,2,3,1,93,11,300,600,1,5
5989,8,40,8,1,3,3,40,75,60,180,2,5
5990,5,232,5,2,3,2,52,35,300,600,4,5
5991,5,126,7,2,3,3,12,35,0,300,2,5
5992,6,571,7,2,3,1,59,29,0,300,2,5
5993,10,154,11,1,3,3,46,63,180,300,2,5
5994,10,482,11,2,3,1,36,67,60,180,3,5
5995,3,398,3,2,3,2,3,65,420,540,4,5
5996,3,285,4,2,3,2,98,32,420,540,1,5
5997,14,458,15,2,3,1,47,71,60,180,4,5
5998,8,139,9,1,3,1,39,80,0,300,4,5
5999,11,69,11,2,3,1,10,53,300,600,4,5
6000,7,528,9,2,3,2,25,30,0,300,4,5
6001,11,116,11,1,3,1,39,44,180,300,3,5
6002,8,354,8,2,3,1,59,100,420,540,4,5
6003,2,539,3,1,3,1,35,39,180,300,2,5
6004,11,499,13,2,3,3,18,34,60,180,4,5
6005,4,599,6,1,3,3,59,39,0,300,3,5
6006,5,44,5,2,3,2,26,95,0,300,1,5
6007,12,492,14,2,3,2,22,66,180,300,2,5
6008,4,255,4,2,3,1,80,38,420,540,1,5
6009,9,112,10,1,3,2,79,35,0,300,3,5
6010,12,15,13,2,3,1,77,26,180,300,4,5
6011,5,505,6,2,3,2,16,38,300,600,4,5
6012,14,468,15,2,3,2,13,1,60,180,3,5
6013,8,187,9,1,3,3,79,10,0,300,1,5
6014,1,209,3,2,3,1,99,23,180,300,1,5
6015,9,21,9,2,3,3,27,18,180,300,4,5
6016,7,143,7,2,3,1,20,43,300,600,3,5
6017,1,2,2,1,3,1,28,85,60,180,4,5
6018,12,328,13,1,3,3,43,98,60,180,4,5
6019,10,534,11,1,3,1,82,43,0,300,3,5
6020,14,459,15,2,3,1,96,12,180,300,2,5
6021,10,422,12,2,3,1,22,35,60,180,2,5
6022,14,519,16,2,3,3,91,25,300,420,3,5
6023,3,425,5,1,3,1,30,35,0,300,2,5
6024,12,194,12,2,3,1,95,29,300,600,4,5
6025,6,297,6,2,3,1,80,0,420,540,3,5
6026,5,330,5,2,3,1,62,29,420,540,2,5
6027,6,240,7,1,3,1,62,23,60,180,3,5
6028,10,122,10,1,3,3,11,65,180,300,3,5
6029,3,426,5,2,3,2,94,41,60,180,1,5
6030,12,497,13,2,3,3,72,54,420,540,1,5
6031,8,393,8,2,3,2,12,42,420,540,3,5
6032,1,142,1,2,3,3,39,89,300,600,1,5
6033,13,98,13,2,3,1,85,8,180,300,2,5
6034,2,489,4,2,3,3,58,56,300,600,2,5
6035,2,369,3,2,3,1,53,12,300,600,1,5
6036,3,589,5,2,3,1,88,64,0,300,4,5
6037,3,599,4,2,3,3,54,47,420,540,4,5
6038,10,599,11,1,3,1,76,62,180,300,3,5
6039,4,93,4,1,3,3,87,63,180,300,3,5
6040,4,494,5,1,3,3,25,88,180,300,4,5
6041,8,476,9,2,3,1,14,85,420,540,4,5
6042,13,320,13,2,3,3,14,99,420,540,2,5
6043,2,16,2,2,3,1,82,48,180,300,1,5
6044,2,565,3,1,3,2,77,93,180,300,3,5
6045,13,213,13,2,3,3,33,29,300,420,2,5
6046,3,247,4,2,3,3,64,54,420,540,3,5
6047,12,259,12,2,3,1,41,44,420,540,1,5
6048,10,226,11,2,3,1,1,62,180,300,2,5
6049,9,205,10,1,3,1,69,61,60,180,2,5
6050,11,248,11,2,3,2,22,71,300,420,2,5
6051,1,458,2,1,3,2,6,57,0,300,2,5
6052,14,188,15,2,3,3,19,71,180,300,4,5
6053,14,135,14,2,3,2,70,29,180,300,2,5
6054,1,157,1,1,3,1,78,6,180,300,4,5
6055,1,552,2,2,3,1,87,93,180,300,2,5
6056,3,474,4,1,3,2,95,74,0,300,3,5
6057,11,452,13,1,3,1,80,30,60,180,3,5
6058,2,251,2,2,3,3,80,75,420,540,3,5
6059,11,444,13,2,3,2,82,50,420,540,4,5
6060,12,484,13,1,3,1,56,41,0,300,4,5
6061,10,499,11,2,3,2,13,51,180,300,2,5
6062,12,162,13,2,3,3,37,81,300,420,3,5
6063,8,132,8,2,3,1,92,9,420,540,1,5
6064,6,323,6,2,3,2,62,37,420,540,1,5
6065,3,89,3,2,3,1,85,68,180,300,2,5
6066,10,355,10,2,3,3,17,20,420,540,1,5
6067,14,485,15,2,3,1,20,58,420,540,1,5
6068,6,482,8,2,3,1,85,87,300,420,1,5
6069,14,139,14,2,3,3,23,80,420,540,1,5
6070,14,187,14,2,3,2,49,0,300,420,1,5
6071,6,285,6,2,3,3,18,62,300,600,1,5
6072,2,53,3,1,3,1,58,34,180,300,2,5
6073,4,43,4,2,3,2,65,7,60,180,1,5
6074,12,222,12,2,3,1,100,11,420,540,4,5
6075,7,26,7,1,3,3,93,71,60,180,4,5
6076,10,115,11,2,3,1,63,28,0,300,2,5
6077,2,117,2,2,3,1,82,20,420,540,4,5
6078,5,184,6,2,3,3,24,12,300,420,1,5
6079,8,517,9,2,3,1,11,74,0,300,2,5
6080,1,526,3,2,3,1,45,28,60,180,1,5
6081,1,28,2,2,3,1,11,46,60,180,1,5
6082,6,418,6,2,3,2,98,74,420,540,4,5
6083,10,489,12,2,3,1,10,43,60,180,1,5
6084,10,297,10,2,3,2,12,37,300,420,3,5
6085,7,508,9,1,3,3,76,65,180,300,3,5
6086,10,25,10,2,3,2,82,92,420,540,2,5
6087,9,599,11,1,3,3,8,53,0,300,3,5
6088,2,268,2,2,3,1,4,70,300,420,4,5
6089,10,251,10,2,3,2,22,12,300,600,1,5
6090,6,356,7,1,3,2,14,16,180,300,4,5
6091,9,319,9,2,3,3,52,40,420,540,1,5
6092,2,182,2,2,3,1,62,4,420,540,4,5
6093,4,293,5,2,3,1,32,28,300,600,1,5
6094,12,253,12,2,3,3,59,76,300,420,2,5
6095,1,322,1,2,3,3,41,8,420,540,2,5
6096,6,328,6,2,3,3,2,32,420,540,2,5
6097,8,355,10,2,3,2,57,13,180,300,4,5
6098,9,119,10,2,3,3,99,21,300,600,3,5
6099,1,371,2,2,3,2,45,30,60,180,1,5
6100,5,36,5,1,3,1,3,28,60,180,2,5
6101,12,103,12,2,3,1,28,70,420,540,2,5
6102,9,272,9,2,3,2,100,85,420,540,2,5
6103,3,234,4,1,3,1,32,27,0,300,2,5
6104,1,264,1,2,3,1,62,67,300,600,4,5
6105,11,381,11,2,3,3,66,43,420,540,4,5
6106,10,575,12,2,3,3,10,67,420,540,4,5
6107,14,495,15,1,3,2,26,47,0,300,1,5
6108,2,279,2,2,3,2,96,95,420,540,3,5
6109,8,68,10,2,3,1,88,64,300,420,1,5
6110,3,315,3,2,3,2,51,59,420,540,2,5
6111,4,137,4,2,3,1,11,59,180,300,4,5
6112,3,273,4,2,3,1,15,94,60,180,3,5
6113,14,525,16,2,3,3,3,91,0,300,2,5
6114,13,216,13,2,3,2,12,55,300,600,3,5
6115,11,576,12,2,3,1,78,22,180,300,2,5
6116,4,497,6,1,3,3,64,92,180,300,2,5
6117,7,543,9,1,3,3,94,89,180,300,4,5
6118,4,182,4,2,3,2,95,36,300,600,1,5
6119,10,44,10,1,3,1,28,81,60,180,3,5
6120,11,330,12,2,3,2,17,6,0,300,1,5
6121,2,330,2,2,3,1,87,89,420,540,1,5
6122,4,146,4,1,3,3,87,83,180,300,1,5
6123,2,360,2,2,3,1,2,13,420,540,2,5
6124,6,254,8,1,3,1,51,41,180,300,1,5
6125,9,525,10,2,3,1,6,100,180,300,1,5
6126,8,368,8,2,3,3,65,61,420,540,2,5
6127,1,419,2,2,3,1,96,78,180,300,4,5
6128,11,6,12,1,3,1,80,19,0,300,1,5
6129,1,512,3,2,3,1,66,42,420,540,4,5
6130,14,204,14,2,3,3,68,64,420,540,4,5
6131,5,598,6,1,3,1,23,31,60,180,4,5
6132,11,315,11,2,3,1,78,7,420,540,4,5
6133,4,550,5,1,3,3,58,26,0,300,1,5
6134,9,273,10,2,3,3,87,25,60,180,1,5
6135,3,195,3,2,3,1,42,47,420,540,1,5
6136,3,317,3,2,3,1,62,96,420,540,1,5
6137,3,206,4,2,3,1,35,5,180,300,1,5
6138,5,410,5,2,3,2,85,15,420,540,3,5
6139,12,135,13,2,3,2,95,92,0,300,4,5
6140,5,589,7,2,3,1,87,83,300,600,4,5
6141,10,63,11,2,3,2,21,50,420,540,3,5
6142,2,364,2,2,3,3,54,79,420,540,1,5
6143,11,517,12,2,3,2,99,15,180,300,3,5
6144,5,277,6,2,3,2,76,67,60,180,1,5
6145,14,463,15,2,3,1,39,98,420,540,4,5
6146,5,470,6,2,3,1,39,78,300,600,2,5
6147,10,343,10,2,3,1,61,71,420,540,3,5
6148,13,540,14,2,3,2,17,45,420,540,1,5
6149,7,574,9,1,3,2,41,2,180,300,2,5
6150,13,294,13,2,3,2,17,10,420,540,4,5
6151,2,555,4,1,3,3,22,5,60,180,1,5
6152,14,0,14,2,3,1,27,43,180,300,4,5
6153,4,533,5,1,3,1,42,17,0,300,4,5
6154,6,143,6,2,3,2,29,84,180,300,2,5
6155,7,102,8,2,3,2,58,23,180,300,1,5
6156,5,531,7,1,3,1,75,77,60,180,1,5
6157,13,324,14,2,3,3,80,29,60,180,4,5
6158,1,579,2,1,3,3,13,86,0,300,1,5
6159,9,131,9,2,3,3,14,87,420,540,4,5
6160,12,597,13,2,3,1,93,88,60,180,2,5
6161,13,519,15,1,3,2,82,0,60,180,3,5
6162,8,73,8,2,3,3,14,29,420,540,4,5
6163,9,190,10,2,3,2,48,35,180,300,3,5
6164,1,153,2,1,3,1,22,94,180,300,1,5
6165,14,309,15,2,3,1,35,76,60,180,3,5
6166,4,84,4,2,3,1,92,27,420,540,1,5
6167,5,351,5,2,3,3,99,52,420,540,2,5
6168,9,314,9,2,3,2,25,95,420,540,2,5
6169,7,215,7,2,3,2,76,1,420,540,1,5
6170,5,452,7,2,3,2,34,100,180,300,3,5
6171,2,422,3,2,3,3,7,99,180,300,4,5
6172,12,580,14,1,3,2,17,90,60,180,2,5
6173,13,3,14,1,3,2,26,11,0,300,1,5
6174,7,403,8,1,3,3,84,41,60,180,2,5
6175,1,88,1,1,3,2,40,6,180,300,1,5
6176,4,266,5,2,3,3,70,49,180,300,3,5
6177,4,516,5,2,3,1,70,3,0,300,1,5
6178,8,184,9,2,3,3,25,24,60,180,1,5
6179,13,194,13,2,3,2,54,6,420,540,1,5
6180,10,105,11,1,3,3,27,52,0,300,2,5
6181,9,584,11,2,3,3,13,5,300,420,2,5
6182,6,168,7,2,3,2,53,70,420,540,2,5
6183,1,379,2,1,3,2,6,99,0,300,4,5
6184,6,569,8,2,3,1,8,24,60,180,1,5
6185,5,193,5,2,3,2,9,7,300,600,1,5
6186,5,493,6,2,3,1,9,83,300,420,2,5
6187,3,58,3,2,3,2,85,69,60,180,3,5
6188,2,79,2,2,3,2,79,97,420,540,2,5
6189,3,47,3,2,3,3,73,75,60,180,4,5
6190,6,323,7,2,3,1,56,36,180,300,1,5
6191,11,500,12,2,3,2,79,27,420,540,1,5
6192,6,436,7,2,3,2,67,74,420,540,2,5
6193,5,279,6,2,3,1,4,73,420,540,4,5
6194,11,537,12,1,3,2,91,66,60,180,1,5
6195,3,22,3,2,3,2,100,12,60,180,2,5
6196,12,467,13,1,3,2,73,69,60,180,1,5
6197,6,226,6,2,3,3,49,21,420,540,3,5
6198,13,389,13,2,3,1,74,34,420,540,2,5
6199,3,33,3,2,3,3,76,62,180,300,3,5
6200,1,170,2,1,3,3,5,95,0,300,4,5
6201,6,210,6,2,3,3,49,65,300,420,3,5
6202,7,360,8,1,3,1,81,46,180,300,1,5
6203,12,183,12,2,3,3,93,0,300,600,2,5
6204,11,447,12,2,3,3,22,70,300,420,3,5
6205,11,576,13,2,3,2,67,16,180,300,4,5
6206,14,58,14,2,3,2,43,22,300,420,1,5
6207,13,250,13,2,3,1,31,78,300,420,3,5
6208,9,232,9,2,3,3,19,7,420,540,2,5
6209,11,39,12,2,3,1,51,77,180,300,1,5
6210,11,378,11,2,3,2,71,10,420,540,2,5
6211,7,336,7,2,3,3,64,34,420,540,3,5
6212,14,84,14,1,3,3,5,85,180,300,4,5
6213,1,446,2,2,3,1,85,83,60,180,1,5
6214,5,425,7,2,3,1,45,1,60,180,1,5
6215,2,331,3,2,3,2,26,44,60,180,2,5
6216,5,391,6,1,3,2,96,13,60,180,4,5
6217,2,536,3,1,3,3,86,38,180,300,3,5
6218,13,403,14,2,3,2,41,57,0,300,3,5
6219,10,584,12,1,3,2,51,73,60,180,2,5
6220,8,518,9,2,3,2,12,55,60,180,3,5
6221,10,225,10,2,3,2,79,80,420,540,1,5
6222,8,299,8,2,3,3,50,70,300,600,4,5
6223,7,160,7,1,3,3,92,74,180,300,3,5
6224,5,130,5,2,3,1,68,27,180,300,1,5
6225,7,31,8,2,3,3,70,9,300,600,1,5
6226,3,435,5,2,3,3,73,80,180,300,1,5
6227,12,18,13,1,3,3,85,7,0,300,2,5
6228,14,25,14,1,3,3,79,27,60,180,4,5
6229,9,197,9,2,3,1,70,10,420,540,4,5
6230,9,420,9,2,3,3,17,92,420,540,1,5
6231,2,392,2,2,3,3,61,26,420,540,2,5
6232,9,258,10,1,3,1,24,43,180,300,4,5
6233,12,357,12,2,3,2,37,35,420,540,1,5
6234,6,579,8,1,3,2,25,88,60,180,3,5
6235,8,372,8,2,3,3,24,97,420,540,3,5
6236,12,410,13,2,3,1,40,67,180,300,3,5
6237,3,274,3,2,3,3,63,16,420,540,4,5
6238,14,103,14,2,3,2,7,7,420,540,4,5
6239,7,383,8,2,3,3,23,15,180,300,1,5
6240,1,64,3,2,3,3,81,67,60,180,2,5
6241,11,199,11,2,3,1,40,83,420,540,1,5
6242,12,466,14,1,3,2,94,74,0,300,4,5
6243,1,85,2,2,3,1,31,83,300,420,4,5
6244,4,271,4,2,3,3,30,90,300,600,1,5
6245,14,531,16,2,3,1,72,80,0,300,2,5
6246,2,297,2,2,3,2,23,87,420,540,2,5
6247,6,194,6,2,3,1,31,46,420,540,3,5
6248,9,345,9,2,3,3,69,5,420,540,4,5
6249,11,166,12,1,3,2,77,65,60,180,1,5
6250,2,38,2,2,3,2,92,40,0,300,3,5
6251,12,63,12,2,3,3,44,91,300,420,1,5
6252,11,449,13,2,3,2,84,81,420,540,4,5
6253,14,302,15,2,3,2,62,21,60,180,4,5
6254,6,590,8,2,3,1,40,16,420,540,4,5
6255,14,465,16,2,3,1,38,93,300,600,2,5
6256,7,451,9,2,3,1,28,97,0,300,1,5
6257,12,173,12,2,3,1,2,12,180,300,2,5
6258,1,339,1,2,3,2,31,58,420,540,2,5
6259,3,333,3,2,3,2,28,67,420,540,3,5
6260,14,400,14,2,3,2,60,59,420,540,1,5
6261,9,577,10,2,3,2,75,94,420,540,4,5
6262,5,298,6,1,3,1,29,91,180,300,3,5
6263,2,360,4,1,3,2,0,78,180,300,1,5
6264,10,395,11,2,3,2,17,24,300,600,1,5
6265,7,7,7,1,3,3,6,25,60,180,1,5
6266,5,524,6,1,3,3,57,81,0,300,1,5
6267,13,90,13,2,3,2,30,4,420,540,1,5
6268,7,197,7,2,3,1,43,87,420,540,2,5
6269,11,38,11,2,3,1,69,8,300,420,4,5
6270,3,297,4,1,3,2,98,31,0,300,1,5
6271,11,567,13,2,3,1,79,91,180,300,4,5
6272,2,310,2,2,3,1,21,88,420,540,2,5
6273,11,28,12,2,3,1,14,42,60,180,1,5
6274,2,43,3,2,3,3,83,83,180,300,1,5
6275,11,194,11,2,3,2,64,59,420,540,2,5
6276,1,539,2,2,3,1,48,58,0,300,1,5
6277,12,400,12,2,3,1,23,3,420,540,1,5
6278,9,172,10,1,3,1,79,38,0,300,2,5
6279,2,355,2,2,3,2,85,57,420,540,2,5
6280,5,183,7,1,3,1,10,96,0,300,2,5
6281,4,524,5,2,3,2,97,95,0,300,1,5
6282,3,207,3,2,3,1,80,14,300,420,4,5
6283,1,503,3,2,3,1,1,46,420,540,4,5
6284,14,458,15,2,3,3,26,8,420,540,3,5
6285,3,8,5,2,3,2,39,41,0,300,2,5
6286,2,69,3,2,3,1,33,42,0,300,1,5
6287,6,484,7,2,3,2,44,24,180,300,4,5
6288,5,563,6,2,3,1,76,36,300,420,3,5
6289,6,522,8,2,3,2,3,7,60,180,1,5
6290,6,240,7,1,3,3,64,3,0,300,1,5
6291,5,530,7,2,3,1,14,0,180,300,2,5
6292,14,145,14,2,3,1,87,55,300,600,2,5
6293,1,512,3,2,3,1,44,33,180,300,1,5
6294,14,408,16,2,3,3,43,31,60,180,2,5
6295,10,598,11,2,3,1,46,69,60,180,3,5
6296,10,91,10,2,3,3,54,86,300,600,3,5
6297,6,590,7,2,3,3,95,38,300,420,2,5
6298,14,565,15,2,3,2,79,72,60,180,3,5
6299,4,283,4,2,3,3,40,91,420,540,4,5
6300,9,26,9,2,3,2,19,60,300,420,4,5
6301,11,171,11,1,3,2,22,85,180,300,2,5
6302,14,333,15,1,3,2,60,11,180,300,4,5
6303,9,141,9,1,3,1,66,59,180,300,4,5
6304,4,166,4,1,3,1,52,75,180,300,4,5
6305,8,49,9,1,3,1,12,76,60,180,1,5
6306,1,458,3,2,3,2,67,91,0,300,4,5
6307,8,187,8,2,3,1,99,28,420,540,4,5
6308,4,471,5,2,3,3,73,39,180,300,2,5
6309,10,502,12,1,3,1,88,46,0,300,3,5
6310,6,32,6,2,3,3,65,45,180,300,4,5
6311,12,511,14,2,3,2,98,81,420,540,2,5
6312,4,521,5,1,3,1,73,73,60,180,4,5
6313,12,458,13,1,3,1,23,90,0,300,1,5
6314,2,255,2,2,3,2,62,5,300,600,2,5
6315,13,501,15,2,3,3,88,57,0,300,1,5
6316,1,205,1,2,3,2,64,71,420,540,4,5
6317,3,28,4,2,3,2,28,9,420,540,3,5
6318,5,373,5,2,3,2,93,36,420,540,4,5
6319,11,24,12,2,3,1,96,49,0,300,3,5
6320,7,427,8,1,3,3,11,21,60,180,4,5
6321,1,582,3,2,3,2,63,16,420,540,4,5
6322,13,73,14,2,3,3,91,10,60,180,3,5
6323,12,255,12,2,3,1,5,5,300,600,3,5
6324,9,221,9,2,3,1,30,70,420,540,2,5
6325,2,14,2,2,3,1,37,70,180,300,3,5
6326,13,594,14,2,3,3,19,69,60,180,3,5
6327,14,338,14,2,3,2,77,50,420,540,4,5
6328,1,284,1,2,3,2,53,30,300,600,3,5
6329,12,478,14,2,3,1,34,6,180,300,1,5
6330,14,448,15,2,3,3,39,97,180,300,4,5
6331,3,561,4,2,3,3,52,2,0,300,2,5
6332,10,366,11,2,3,2,21,72,180,300,4,5
6333,12,6,14,2,3,1,29,51,420,540,4,5
6334,5,509,7,2,3,2,72,93,420,540,1,5
6335,3,444,4,1,3,1,51,87,0,300,3,5
6336,12,158,12,1,3,2,75,1,180,300,3,5
6337,12,34,13,2,3,1,62,82,420,540,2,5
6338,2,110,3,1,3,2,77,34,180,300,1,5
6339,10,502,12,1,3,2,7,67,0,300,2,5
6340,13,11,13,2,3,3,62,72,0,300,3,5
6341,13,222,13,2,3,1,88,33,300,420,4,5
6342,9,310,11,1,3,3,20,18,60,180,2,5
6343,1,155,1,2,3,1,64,68,300,420,4,5
6344,2,115,2,2,3,1,100,76,180,300,4,5
6345,12,345,12,2,3,2,33,67,420,540,2,5
6346,8,572,9,1,3,1,57,81,0,300,1,5
6347,11,517,13,2,3,2,2,94,0,300,1,5
6348,10,151,11,2,3,3,58,63,420,540,4,5
6349,3,172,3,2,3,2,54,82,420,540,1,5
6350,14,130,14,1,3,2,66,23,180,300,4,5
6351,7,270,7,2,3,3,66,52,300,600,1,5
6352,14,73,15,2,3,2,7,52,180,300,1,5
6353,3,560,5,1,3,1,27,18,0,300,3,5
6354,9,396,10,1,3,3,7,22,0,300,3,5
6355,2,435,4,2,3,3,75,46,300,600,3,5
6356,5,512,7,2,3,1,2,11,300,600,2,5
6357,6,247,7,1,3,1,81,12,0,300,4,5
6358,8,529,9,1,3,1,63,52,180,300,2,5
6359,14,535,15,2,3,1,56,52,420,540,4,5
6360,2,569,4,2,3,2,84,58,0,300,3,5
6361,12,378,12,2,3,1,7,22,420,540,2,5
6362,9,210,9,2,3,1,42,45,300,420,3,5
6363,4,425,5,1,3,1,83,80,180,300,3,5
6364,7,144,8,1,3,3,5,61,180,300,3,5
6365,6,141,8,2,3,1,52,15,420,540,1,5
6366,14,540,16,2,3,2,78,45,420,540,3,5
6367,8,519,10,1,3,1,56,15,60,180,4,5
6368,9,406,10,1,3,2,69,7,0,300,4,5
6369,12,170,13,2,3,2,40,45,420,540,1,5
6370,14,183,14,2,3,3,70,77,300,420,3,5
6371,10,121,10,1,3,3,17,13,180,300,2,5
6372,3,100,3,1,3,1,53,61,180,300,4,5
6373,4,479,5,1,3,1,6,28,180,300,2,5
6374,5,106,5,1,3,3,66,49,180,300,1,5
6375,14,13,14,1,3,1,89,20,60,180,2,5
6376,1,214,1,2,3,2,81,92,420,540,2,5
6377,10,440,12,2,3,2,3,9,180,300,3,5
6378,3,487,5,2,3,1,0,53,300,600,3,5
6379,5,91,6,1,3,3,89,28,0,300,4,5
6380,9,201,10,2,3,1,68,98,180,300,1,5
6381,3,564,4,1,3,2,62,82,60,180,3,5
6382,5,110,6,1,3,1,45,41,180,300,2,5
6383,9,348,9,2,3,3,47,19,420,540,3,5
6384,3,354,4,2,3,1,36,22,180,300,2,5
6385,11,567,13,1,3,2,49,54,60,180,1,5
6386,10,76,11,2,3,2,66,98,0,300,2,5
6387,13,66,14,2,3,2,72,51,180,300,1,5
6388,14,444,16,1,3,2,3,78,60,180,4,5
6389,3,149,3,2,3,1,72,84,420,540,1,5
6390,1,257,1,2,3,2,87,69,300,420,2,5
6391,5,402,5,2,3,2,58,47,420,540,2,5
6392,6,433,7,2,3,2,37,18,420,540,1,5
6393,2,161,3,1,3,1,75,7,180,300,4,5
6394,9,541,11,1,3,3,24,84,60,180,4,5
6395,8,392,8,2,3,3,99,27,420,540,4,5
6396,12,382,13,2,3,1,40,63,0,300,2,5
6397,7,86,8,1,3,2,64,5,180,300,2,5
6398,10,160,11,2,3,3,57,38,420,540,1,5
6399,6,147,7,2,3,1,34,70,60,180,1,5
6400,3,246,3,2,3,2,56,34,420,540,3,5
6401,11,119,11,2,3,2,46,30,420,540,2,5
6402,11,84,11,1,3,3,80,16,180,300,1,5
6403,4,87,6,2,3,2,87,1,300,600,4,5
6404,4,442,6,1,3,2,45,34,0,300,2,5
6405,1,563,2,2,3,3,96,29,300,420,2,5
6406,11,109,12,1,3,3,67,6,60,180,4,5
6407,10,306,10,2,3,1,80,81,420,540,4,5
6408,2,72,2,2,3,3,36,79,300,420,4,5
6409,12,310,12,2,3,3,80,41,420,540,3,5
6410,5,543,6,1,3,2,87,12,180,300,3,5
6411,1,91,2,2,3,1,25,41,420,540,1,5
6412,13,520,15,2,3,2,68,80,300,420,2,5
6413,3,266,4,2,3,3,59,60,60,180,1,5
6414,10,321,10,2,3,3,53,23,420,540,3,5
6415,6,42,6,2,3,2,96,62,300,600,1,5
6416,4,393,5,2,3,1,68,45,0,300,3,5
6417,13,600,14,2,3,1,42,72,300,420,2,5
6418,10,194,10,2,3,1,84,91,420,540,1,5
6419,6,529,7,1,3,1,26,67,0,300,2,5
6420,11,352,11,2,3,1,92,10,420,540,1,5
6421,12,475,13,2,3,3,54,72,300,600,3,5
6422,7,79,7,2,3,3,0,90,300,420,1,5
6423,8,387,9,2,3,3,89,3,180,300,4,5
6424,1,577,2,1,3,2,40,74,0,300,4,5
6425,4,539,6,2,3,3,5,35,300,420,2,5
6426,4,112,4,2,3,3,97,9,180,300,2,5
6427,13,171,14,2,3,2,20,12,60,180,4,5
6428,2,190,3,2,3,2,15,61,60,180,3,5
6429,11,82,12,2,3,1,73,39,300,600,4,5
6430,7,126,7,2,3,3,25,98,180,300,1,5
6431,8,233,8,2,3,1,12,40,420,540,1,5
6432,4,505,6,2,3,3,83,20,0,300,3,5
6433,12,471,14,1,3,2,94,87,0,300,4,5
6434,12,137,12,1,3,2,89,0,180,300,1,5
6435,3,167,3,2,3,1,56,56,300,420,3,5
6436,4,597,5,2,3,3,2,0,300,420,1,5
6437,8,273,9,1,3,3,2,27,0,300,2,5
6438,6,278,6,2,3,1,37,23,300,600,3,5
6439,3,485,5,2,3,3,62,66,300,600,3,5
6440,2,437,3,1,3,1,51,36,0,300,2,5
6441,6,536,8,1,3,2,76,9,0,300,4,5
6442,14,342,15,2,3,1,86,18,180,300,1,5
6443,3,318,3,2,3,1,58,80,420,540,3,5
6444,7,519,9,2,3,1,0,54,300,600,1,5
6445,4,170,4,1,3,1,73,91,180,300,4,5
6446,6,305,6,2,3,3,64,99,420,540,1,5
6447,3,280,3,2,3,1,30,11,300,420,4,5
6448,6,207,7,2,3,3,71,7,60,180,1,5
6449,9,86,9,1,3,2,78,78,180,300,1,5
6450,14,319,14,2,3,3,56,19,420,540,3,5
6451,11,378,11,2,3,3,71,67,420,540,4,5
6452,13,549,14,1,3,2,33,53,180,300,3,5
6453,11,567,13,1,3,1,79,89,0,300,4,5
6454,4,450,5,1,3,3,89,20,180,300,1,5
6455,6,293,6,2,3,3,93,23,420,540,4,5
6456,5,377,5,2,3,2,13,5,420,540,2,5
6457,14,422,15,1,3,2,84,86,180,300,1,5
6458,6,132,7,2,3,3,31,54,180,300,4,5
6459,3,445,4,1,3,1,99,32,60,180,1,5
6460,11,280,13,2,3,1,86,93,60,180,1,5
6461,4,446,6,1,3,3,79,89,60,180,1,5
6462,11,478,12,2,3,2,10,82,420,540,4,5
6463,3,209,3,2,3,2,25,83,300,420,1,5
6464,7,355,8,2,3,2,2,94,420,540,3,5
6465,1,569,2,2,3,1,39,12,420,540,4,5
6466,8,332,8,2,3,2,6,80,420,540,2,5
6467,13,382,13,2,3,2,41,92,420,540,4,5
6468,11,128,11,1,3,3,67,43,180,300,2,5
6469,10,159,10,2,3,2,45,50,180,300,1,5
6470,13,361,13,2,3,3,45,7,420,540,1,5
6471,6,172,6,2,3,2,62,15,300,420,3,5
6472,5,490,6,2,3,2,31,42,60,180,3,5
6473,11,533,13,2,3,3,71,58,60,180,4,5
6474,1,75,1,2,3,1,16,9,180,300,1,5
6475,1,488,3,2,3,3,10,31,180,300,3,5
6476,8,481,10,1,3,3,67,98,180,300,4,5
6477,8,258,8,2,3,2,95,19,300,420,1,5
6478,7,38,8,1,3,3,84,79,0,300,3,5
6479,13,558,15,2,3,3,95,5,420,540,1,5
6480,12,177,12,2,3,2,59,70,180,300,3,5
6481,12,507,13,2,3,3,56,13,420,540,4,5
6482,3,549,4,2,3,2,19,59,180,300,1,5
6483,6,50,6,2,3,1,17,58,0,300,4,5
6484,6,83,6,2,3,3,53,17,300,600,3,5
6485,13,280,14,1,3,1,77,77,60,180,3,5
6486,4,189,5,2,3,2,2,79,180,300,1,5
6487,7,48,8,2,3,1,6,19,60,180,4,5
6488,13,188,13,2,3,2,57,52,420,540,3,5
6489,3,160,3,2,3,3,24,68,420,540,2,5
6490,6,482,7,1,3,1,75,76,60,180,1,5
6491,11,242,12,1,3,2,25,36,60,180,2,5
6492,9,285,11,2,3,2,14,17,420,540,4,5
6493,6,131,8,2,3,2,43,12,300,420,4,5
6494,14,568,15,2,3,3,5,92,60,180,2,5
6495,2,100,2,2,3,1,1,60,420,540,3,5
6496,1,449,3,2,3,2,54,75,0,300,2,5
6497,11,76,11,2,3,2,86,85,300,600,3,5
6498,1,169,1,2,3,1,17,47,300,420,3,5
6499,12,366,13,1,3,1,78,79,180,300,1,5
6500,12,140,12,2,3,3,43,91,180,300,2,5
6501,9,402,9,2,3,2,44,26,420,540,2,5
6502,8,320,9,2,3,2,52,11,60,180,1,5
6503,14,477,16,2,3,1,62,79,300,420,4,5
6504,3,523,5,2,3,1,90,70,60,180,4,5
6505,3,475,4,2,3,2,41,29,0,300,3,5
6506,9,545,11,1,3,3,45,6,0,300,4,5
6507,14,218,14,2,3,2,1,90,420,540,3,5
6508,6,104,6,1,3,1,94,13,180,300,3,5
6509,9,555,10,1,3,3,60,71,60,180,1,5
6510,5,551,6,2,3,3,89,56,60,180,3,5
6511,14,210,14,2,3,1,24,55,300,420,3,5
6512,8,210,8,2,3,3,50,84,300,600,2,5
6513,13,404,14,1,3,1,28,32,0,300,4,5
6514,7,183,7,2,3,3,32,50,300,600,1,5
6515,13,3,14,1,3,1,26,9,180,300,3,5
6516,11,554,12,2,3,1,99,41,180,300,4,5
6517,1,581,2,2,3,1,80,29,300,420,4,5
6518,3,272,3,2,3,1,92,27,300,420,1,5
6519,14,187,14,2,3,1,89,3,300,600,3,5
6520,10,424,11,2,3,1,76,13,420,540,2,5
6521,9,4,9,2,3,1,57,34,300,600,1,5
6522,10,379,10,2,3,3,18,95,420,540,1,5
6523,13,337,13,2,3,1,24,46,420,540,3,5
6524,9,54,9,2,3,2,66,89,180,300,4,5
6525,7,93,8,1,3,3,60,47,0,300,2,5
6526,14,521,15,1,3,1,99,47,180,300,4,5
6527,8,480,10,2,3,1,55,53,300,420,3,5
6528,4,233,5,1,3,1,2,23,0,300,4,5
6529,1,143,1,2,3,1,5,62,180,300,4,5
6530,6,416,6,2,3,1,100,7,420,540,4,5
6531,12,9,12,2,3,3,51,20,60,180,4,5
6532,2,34,2,1,3,2,54,63,60,180,1,5
6533,12,202,13,2,3,2,35,51,180,300,4,5
6534,10,491,11,2,3,1,58,63,0,300,1,5
6535,7,51,7,2,3,2,92,41,420,540,3,5
6536,7,415,7,2,3,3,48,27,420,540,2,5
6537,6,110,6,1,3,2,48,42,180,300,1,5
6538,14,422,16,1,3,2,100,76,60,180,1,5
6539,12,519,13,1,3,3,38,47,60,180,2,5
6540,10,375,11,1,3,1,12,92,0,300,2,5
6541,3,357,4,2,3,2,84,88,420,540,3,5
6542,13,555,15,2,3,2,20,79,60,180,4,5
6543,7,201,7,2,3,1,72,41,420,540,2,5
6544,14,117,15,2,3,3,13,5,0,300,3,5
6545,9,219,10,2,3,3,70,28,60,180,2,5
6546,5,198,6,2,3,1,41,4,300,600,1,5
6547,2,118,2,1,3,1,0,91,180,300,4,5
6548,10,345,11,1,3,3,29,94,180,300,2,5
6549,8,396,8,2,3,3,56,49,420,540,3,5
6550,6,526,8,2,3,1,94,64,0,300,1,5
6551,13,295,13,2,3,2,49,30,420,540,3,5
6552,9,402,9,2,3,2,4,85,420,540,2,5
6553,9,45,9,1,3,1,81,24,60,180,4,5
6554,4,59,5,1,3,2,55,41,60,180,3,5
6555,10,219,10,2,3,1,8,4,300,600,1,5
6556,4,497,5,2,3,2,10,12,300,420,1,5
6557,14,334,14,2,3,2,45,72,420,540,1,5
6558,5,143,6,1,3,2,14,35,180,300,1,5
6559,11,163,11,1,3,3,50,48,180,300,1,5
6560,14,459,16,1,3,2,62,74,0,300,3,5
6561,9,303,9,2,3,2,7,70,420,540,3,5
6562,2,349,2,2,3,1,52,42,420,540,2,5
6563,3,217,3,2,3,1,27,21,420,540,3,5
6564,2,498,4,1,3,1,92,9,180,300,3,5
6565,9,362,10,2,3,1,47,47,0,300,4,5
6566,3,176,4,2,3,3,78,52,0,300,4,5
6567,6,218,7,2,3,3,94,48,420,540,3,5
6568,12,581,14,1,3,3,74,44,60,180,4,5
6569,12,444,14,2,3,3,8,69,180,300,4,5
6570,1,59,2,2,3,1,99,2,180,300,2,5
6571,2,365,2,2,3,3,10,89,420,540,4,5
6572,8,47,8,1,3,2,70,97,60,180,2,5
6573,10,28,11,2,3,2,96,8,180,300,4,5
6574,7,206,7,2,3,2,91,93,420,540,4,5
6575,14,563,16,1,3,3,44,77,60,180,2,5
6576,4,31,5,1,3,3,48,100,60,180,4,5
6577,14,345,14,2,3,1,100,78,420,540,2,5
6578,12,133,13,2,3,2,66,90,0,300,4,5
6579,8,145,8,1,3,1,51,12,180,300,3,5
6580,4,83,5,2,3,3,57,35,60,180,3,5
6581,13,226,14,2,3,2,31,12,0,300,4,5
6582,6,535,8,2,3,2,33,1,180,300,3,5
6583,9,265,10,2,3,2,28,32,180,300,4,5
6584,2,252,2,2,3,1,25,100,420,540,4,5
6585,3,442,4,2,3,2,68,42,180,300,2,5
6586,9,333,9,2,3,2,36,49,420,540,3,5
6587,3,534,4,1,3,3,21,84,60,180,3,5
6588,12,33,13,2,3,1,1,60,300,600,3,5
6589,12,93,13,2,3,1,43,89,0,300,2,5
6590,14,183,14,2,3,3,67,57,300,420,3,5
6591,6,500,7,1,3,1,68,70,180,300,1,5
6592,4,26,4,2,3,1,74,7,60,180,3,5
6593,12,438,13,2,3,3,74,71,420,540,1,5
6594,9,510,10,2,3,1,95,22,180,300,3,5
6595,4,12,4,2,3,3,78,14,0,300,3,5
6596,8,569,9,1,3,3,37,51,60,180,2,5
6597,2,243,2,2,3,2,75,84,300,420,2,5
6598,7,33,7,2,3,1,53,37,420,540,2,5
6599,10,555,12,2,3,3,99,39,0,300,2,5
6600,2,372,2,2,3,3,0,74,420,540,4,5
6601,11,243,12,1,3,3,79,36,0,300,1,5
6602,13,36,13,1,3,1,41,74,60,180,4,5
6603,8,141,8,2,3,2,29,59,300,420,2,5
6604,14,121,14,1,3,3,64,88,180,300,2,5
6605,7,29,7,1,3,3,95,15,60,180,2,5
6606,13,452,14,1,3,3,48,37,60,180,2,5
6607,10,150,10,2,3,1,1,41,180,300,2,5
6608,12,424,14,1,3,2,47,24,0,300,2,5
6609,12,324,12,2,3,2,89,21,420,540,4,5
6610,13,43,13,1,3,3,20,90,60,180,1,5
6611,9,207,9,2,3,1,55,62,300,420,2,5
6612,12,247,12,2,3,1,37,71,300,600,3,5
6613,11,187,11,2,3,1,30,37,300,600,4,5
6614,5,239,5,2,3,1,21,21,300,420,2,5
6615,13,172,13,2,3,3,35,88,300,600,4,5
6616,10,269,10,2,3,3,85,33,300,600,2,5
6617,6,138,6,2,3,3,61,24,300,420,4,5
6618,5,576,7,2,3,2,24,69,420,540,2,5
6619,1,516,2,1,3,3,11,50,60,180,1,5
6620,1,491,3,2,3,2,13,91,420,540,1,5
6621,13,154,14,2,3,1,52,8,180,300,4,5
6622,3,8,3,2,3,2,16,41,0,300,3,5
6623,5,351,5,2,3,3,18,15,420,540,1,5
6624,12,246,13,2,3,2,95,18,420,540,1,5
6625,6,436,7,2,3,1,59,29,180,300,1,5
6626,11,380,11,2,3,3,50,81,420,540,2,5
6627,3,302,4,1,3,3,16,90,180,300,2,5
6628,7,116,8,1,3,1,52,66,60,180,3,5
6629,12,555,13,2,3,3,76,55,180,300,2,5
6630,8,513,9,1,3,3,62,45,0,300,4,5
6631,14,551,16,2,3,3,77,78,60,180,2,5
6632,2,151,2,2,3,3,2,88,420,540,4,5
6633,12,227,14,2,3,3,51,92,180,300,1,5
6634,7,176,8,2,3,3,87,42,0,300,2,5
6635,11,370,11,2,3,3,84,89,420,540,3,5
6636,6,296,6,2,3,3,43,84,300,600,2,5
6637,8,498,10,1,3,1,12,44,60,180,2,5
6638,2,151,2,2,3,3,71,73,180,300,1,5
6639,6,163,6,2,3,3,95,95,300,420,4,5
6640,12,284,12,2,3,1,34,85,300,420,3,5
6641,7,291,7,2,3,1,67,39,300,600,4,5
6642,6,230,8,1,3,1,35,31,180,300,3,5
6643,3,487,4,1,3,2,12,29,180,300,1,5
6644,3,377,4,1,3,2,54,20,60,180,3,5
6645,4,28,4,2,3,2,39,99,180,300,1,5
6646,3,336,4,2,3,3,85,22,180,300,2,5
6647,1,380,1,2,3,2,12,30,420,540,3,5
6648,9,579,10,2,3,1,25,89,0,300,4,5
6649,6,285,6,2,3,2,97,78,300,600,2,5
6650,2,599,3,2,3,3,42,2,180,300,4,5
6651,1,503,2,2,3,3,75,54,300,420,4,5
6652,12,363,13,2,3,3,99,39,0,300,1,5
6653,2,254,2,2,3,3,60,8,300,600,2,5
6654,14,186,15,2,3,1,86,77,60,180,3,5
6655,4,557,5,2,3,2,21,14,420,540,1,5
6656,13,389,13,2,3,3,36,12,420,540,4,5
6657,2,542,3,2,3,1,77,61,0,300,4,5
6658,10,94,11,2,3,3,45,3,60,180,2,5
6659,9,292,10,2,3,3,2,28,60,180,4,5
6660,10,274,10,2,3,2,4,79,420,540,4,5
6661,2,261,3,1,3,1,95,80,0,300,2,5
6662,4,278,5,2,3,2,46,93,60,180,2,5
6663,14,291,14,2,3,3,73,6,420,540,1,5
6664,1,454,2,1,3,1,34,91,0,300,3,5
6665,11,350,11,2,3,3,83,48,420,540,2,5
6666,1,432,3,2,3,3,67,89,60,180,4,5
6667,6,339,6,2,3,2,53,69,420,540,4,5
6668,5,53,5,2,3,3,72,89,420,540,2,5
6669,11,173,11,2,3,1,13,49,300,600,2,5
6670,8,197,8,2,3,3,54,86,300,600,3,5
6671,12,150,13,2,3,1,40,44,420,540,4,5
6672,7,518,9,2,3,1,94,61,180,300,1,5
6673,4,163,4,2,3,1,16,86,180,300,1,5
6674,12,490,13,2,3,1,36,62,420,540,2,5
6675,11,157,11,1,3,1,71,57,180,300,3,5
6676,7,517,8,1,3,2,92,61,60,180,1,5
6677,7,540,8,2,3,3,55,3,0,300,3,5
6678,8,106,8,1,3,2,66,8,180,300,4,5
6679,12,255,12,2,3,1,39,13,300,600,1,5
6680,11,171,11,2,3,2,89,15,300,600,2,5
6681,13,268,15,2,3,2,18,20,180,300,2,5
6682,14,177,14,2,3,3,40,99,180,300,2,5
6683,7,353,8,2,3,1,85,71,60,180,1,5
6684,10,291,10,2,3,2,81,55,420,540,1,5
6685,14,34,14,1,3,2,43,63,60,180,1,5
6686,12,142,12,1,3,3,60,77,180,300,1,5
6687,7,310,7,2,3,2,86,31,420,540,3,5
6688,12,74,13,1,3,3,12,61,180,300,4,5
6689,8,167,8,2,3,3,60,2,420,540,3,5
6690,9,236,9,2,3,2,34,21,420,540,3,5
6691,11,461,13,1,3,3,99,95,180,300,4,5
6692,3,539,4,1,3,1,44,7,60,180,4,5
6693,2,586,3,2,3,1,71,92,180,300,3,5
6694,2,216,3,1,3,3,54,61,180,300,1,5
6695,8,357,8,2,3,3,39,16,420,540,1,5
6696,12,93,12,2,3,2,85,4,420,540,2,5
6697,12,528,14,2,3,2,10,74,300,600,4,5
6698,6,98,6,2,3,1,92,5,420,540,1,5
6699,5,152,5,1,3,3,74,3,180,300,2,5
6700,14,254,15,1,3,1,65,42,60,180,1,5
6701,7,355,8,2,3,2,84,76,300,600,4,5
6702,10,475,11,2,3,1,17,64,180,300,3,5
6703,14,155,14,1,3,3,15,59,180,300,3,5
6704,11,565,13,2,3,2,97,35,60,180,1,5
6705,13,180,13,2,3,3,85,93,180,300,4,5
6706,3,400,3,2,3,3,71,100,420,540,2,5
6707,5,103,5,2,3,2,10,86,180,300,4,5
6708,11,529,13,2,3,2,92,22,60,180,1,5
6709,10,122,10,2,3,3,12,68,420,540,3,5
6710,13,32,14,1,3,1,10,6,0,300,1,5
6711,12,397,12,2,3,2,68,63,420,540,3,5
6712,7,248,7,2,3,3,23,33,420,540,1,5
6713,8,163,8,1,3,2,78,10,180,300,4,5
6714,2,529,3,2,3,2,96,67,300,420,4,5
6715,11,252,11,2,3,3,10,77,420,540,3,5
6716,5,287,6,2,3,1,70,15,420,540,4,5
6717,1,399,1,2,3,1,9,75,420,540,3,5
6718,3,106,4,2,3,2,3,77,60,180,4,5
6719,4,377,4,2,3,3,20,52,420,540,2,5
6720,1,315,3,1,3,1,28,79,0,300,1,5
6721,11,235,12,2,3,1,8,94,60,180,2,5
6722,8,476,9,1,3,2,28,88,0,300,2,5
6723,10,62,10,2,3,3,1,24,420,540,4,5
6724,7,434,9,2,3,1,57,98,420,540,4,5
6725,14,314,14,2,3,1,83,6,420,540,3,5
6726,11,388,11,2,3,1,48,56,420,540,3,5
6727,9,462,10,2,3,3,86,27,60,180,3,5
6728,4,530,6,2,3,2,74,98,180,300,2,5
6729,5,438,6,1,3,2,93,90,0,300,1,5
6730,5,78,5,2,3,1,54,79,420,540,3,5
6731,9,66,9,2,3,3,22,61,300,600,4,5
6732,2,544,4,2,3,1,34,4,420,540,4,5
6733,1,542,3,2,3,2,92,44,0,300,4,5
6734,6,277,7,2,3,3,91,5,420,540,1,5
6735,3,455,5,2,3,3,43,82,0,300,2,5
6736,12,399,12,2,3,2,48,56,420,540,3,5
6737,1,40,2,2,3,2,31,95,300,420,3,5
6738,2,22,2,2,3,2,52,91,60,180,2,5
6739,3,297,4,1,3,1,55,86,0,300,4,5
6740,3,155,3,2,3,3,68,71,300,600,3,5
6741,10,471,12,2,3,2,63,95,300,600,4,5
6742,7,263,7,2,3,1,98,78,300,600,4,5
6743,13,539,14,2,3,3,25,20,180,300,2,5
6744,4,378,4,2,3,1,10,49,420,540,4,5
6745,1,401,1,2,3,2,96,21,420,540,2,5
6746,4,17,5,1,3,1,94,2,60,180,3,5
6747,5,289,5,2,3,1,1,81,300,420,3,5
6748,5,278,6,2,3,1,54,73,60,180,4,5
6749,12,529,14,2,3,1,90,75,420,540,1,5
6750,14,244,15,2,3,2,87,81,300,420,1,5
6751,5,555,6,2,3,2,81,48,420,540,4,5
6752,9,8,9,2,3,2,3,35,60,180,1,5
6753,7,38,8,2,3,3,8,58,0,300,3,5
6754,5,51,5,1,3,2,24,46,60,180,2,5
6755,1,240,2,1,3,2,23,56,180,300,2,5
6756,3,319,4,2,3,1,98,24,60,180,2,5
6757,8,44,8,1,3,1,3,27,60,180,3,5
6758,5,243,5,2,3,2,12,7,420,540,3,5
6759,11,264,12,2,3,3,76,1,180,300,1,5
6760,7,323,7,2,3,3,38,46,420,540,4,5
6761,3,419,3,2,3,2,74,46,420,540,3,5
6762,14,210,15,2,3,1,25,71,420,540,4,5
6763,7,574,8,1,3,1,3,68,60,180,2,5
6764,11,542,12,2,3,2,2,77,0,300,3,5
6765,13,502,14,1,3,2,98,58,180,300,4,5
6766,2,449,4,2,3,1,88,70,180,300,2,5
6767,13,0,13,2,3,2,38,55,300,420,4,5
6768,11,471,13,2,3,3,28,23,420,540,1,5
6769,9,400,10,1,3,3,85,12,60,180,2,5
6770,3,536,5,1,3,1,27,97,60,180,4,5
6771,10,70,10,2,3,3,12,26,300,600,4,5
6772,3,215,4,1,3,1,34,9,60,180,4,5
6773,1,577,3,2,3,3,71,30,60,180,3,5
6774,10,175,11,1,3,2,51,14,180,300,1,5
6775,14,157,15,2,3,1,31,41,180,300,2,5
6776,10,132,10,2,3,1,71,2,300,420,2,5
6777,10,278,11,2,3,3,66,56,300,420,2,5
6778,8,118,8,1,3,1,61,19,180,300,4,5
6779,6,36,6,2,3,1,93,60,0,300,3,5
6780,14,65,14,1,3,3,39,90,180,300,3,5
6781,1,485,3,2,3,1,88,8,60,180,3,5
6782,2,41,3,2,3,2,2,24,0,300,2,5
6783,11,565,13,1,3,3,46,16,60,180,4,5
6784,12,427,13,1,3,2,8,70,60,180,4,5
6785,4,385,4,2,3,3,5,99,420,540,3,5
6786,1,225,1,2,3,2,19,28,420,540,4,5
6787,11,172,11,2,3,1,59,94,300,420,3,5
6788,7,560,9,2,3,3,14,4,180,300,4,5
6789,4,123,4,2,3,3,78,58,420,540,1,5
6790,6,484,8,2,3,3,43,81,420,540,4,5
6791,13,260,13,2,3,1,71,16,300,600,3,5
6792,1,131,1,2,3,2,87,39,300,600,1,5
6793,4,596,5,1,3,3,46,68,180,300,1,5
6794,1,87,1,2,3,3,88,65,420,540,1,5
6795,3,508,5,2,3,1,85,23,60,180,2,5
6796,5,104,6,1,3,3,36,15,0,300,1,5
6797,2,545,4,2,3,2,32,59,60,180,4,5
6798,2,245,2,2,3,1,63,8,300,420,1,5
6799,10,239,10,2,3,2,68,17,300,420,1,5
6800,6,10,7,1,3,1,91,4,60,180,4,5
6801,5,85,6,2,3,1,74,77,60,180,4,5
6802,12,358,13,2,3,3,5,35,300,420,3,5
6803,2,218,3,2,3,2,11,33,60,180,1,5
6804,11,473,12,1,3,2,93,2,0,300,3,5
6805,9,540,11,1,3,1,75,24,180,300,2,5
6806,8,79,10,2,3,2,56,100,420,540,3,5
6807,9,306,9,2,3,3,46,55,420,540,4,5
6808,10,158,11,2,3,2,30,58,420,540,2,5
6809,6,246,7,1,3,1,38,53,180,300,2,5
6810,2,562,4,2,3,2,76,56,60,180,3,5
6811,8,331,9,2,3,3,19,50,300,420,4,5
6812,6,439,8,2,3,2,92,0,180,300,4,5
6813,4,471,5,1,3,2,6,42,180,300,3,5
6814,13,368,13,2,3,3,30,82,420,540,2,5
6815,12,110,13,1,3,2,44,75,0,300,1,5
6816,4,599,6,1,3,2,68,95,0,300,1,5
6817,14,113,14,2,3,2,97,27,300,600,2,5
6818,6,75,7,1,3,3,18,95,0,300,2,5
6819,5,62,6,2,3,1,17,41,0,300,1,5
6820,11,532,13,1,3,2,86,17,180,300,2,5
6821,5,131,5,2,3,2,30,57,300,420,3,5
6822,8,587,10,1,3,2,32,18,60,180,1,5
6823,9,262,9,2,3,3,80,66,420,540,3,5
6824,1,598,2,1,3,1,2,4,60,180,1,5
6825,13,121,15,2,3,2,46,94,0,300,3,5
6826,14,312,14,2,3,2,39,89,420,540,1,5
6827,14,0,16,2,3,3,13,45,420,540,4,5
6828,14,536,15,2,3,1,45,2,180,300,2,5
6829,3,252,3,2,3,2,91,40,300,600,3,5
6830,2,17,3,1,3,1,25,16,0,300,1,5
6831,14,447,16,2,3,2,37,82,180,300,3,5
6832,12,364,13,2,3,1,2,67,0,300,1,5
6833,2,61,4,2,3,3,57,55,300,420,4,5
6834,7,529,9,2,3,2,32,64,180,300,1,5
6835,7,135,8,1,3,2,41,60,60,180,4,5
6836,13,483,14,1,3,2,68,99,180,300,4,5
6837,13,402,14,2,3,1,85,25,420,540,1,5
6838,12,336,13,1,3,2,7,74,60,180,1,5
6839,14,395,15,2,3,1,34,80,420,540,2,5
6840,12,295,12,2,3,3,47,58,300,600,2,5
6841,2,327,2,2,3,3,62,42,420,540,4,5
6842,2,107,2,1,3,2,67,33,180,300,3,5
6843,9,276,9,2,3,2,20,53,420,540,1,5
6844,2,43,2,1,3,3,17,40,60,180,4,5
6845,10,510,11,2,3,2,47,99,0,300,1,5
6846,2,71,3,1,3,1,50,83,60,180,1,5
6847,7,374,7,2,3,2,58,99,420,540,4,5
6848,2,409,2,2,3,3,61,16,420,540,2,5
6849,11,518,12,2,3,2,83,70,300,420,3,5
6850,8,417,8,2,3,3,26,95,420,540,3,5
6851,7,460,9,2,3,1,9,6,60,180,1,5
6852,9,571,11,2,3,2,56,96,300,420,4,5
6853,10,531,11,2,3,1,66,32,300,600,4,5
6854,6,121,7,2,3,3,93,88,0,300,3,5
6855,3,204,4,1,3,2,73,10,180,300,4,5
6856,4,234,5,2,3,2,56,84,420,540,1,5
6857,14,468,15,2,3,1,85,94,0,300,4,5
6858,5,380,5,2,3,1,24,5,420,540,1,5
6859,11,140,11,1,3,2,96,47,180,300,3,5
6860,8,256,8,2,3,2,2,32,300,420,3,5
6861,11,544,13,2,3,3,59,8,60,180,2,5
6862,1,282,1,2,3,3,40,100,300,600,2,5
6863,2,124,3,2,3,1,40,15,420,540,1,5
6864,10,38,10,2,3,2,64,34,300,420,4,5
6865,13,193,14,2,3,2,80,80,300,600,2,5
6866,9,299,10,2,3,3,63,29,300,420,1,5
6867,5,125,7,2,3,3,90,7,0,300,2,5
6868,10,18,10,1,3,2,19,65,60,180,3,5
6869,6,438,8,1,3,3,68,7,0,300,4,5
6870,4,231,4,2,3,2,41,31,300,420,3,5
6871,5,310,5,2,3,2,28,37,420,540,1,5
6872,12,97,12,2,3,1,3,87,180,300,3,5
6873,5,466,6,2,3,2,15,42,60,180,4,5
6874,4,128,4,2,3,1,38,54,420,540,1,5
6875,4,255,5,2,3,3,44,91,0,300,4,5
6876,4,537,6,2,3,2,75,4,0,300,1,5
6877,5,292,5,2,3,3,61,66,420,540,4,5
6878,12,18,13,2,3,1,13,36,60,180,2,5
6879,5,24,6,2,3,3,99,90,300,420,1,5
6880,4,18,4,2,3,3,45,100,0,300,3,5
6881,3,118,3,2,3,3,96,73,180,300,3,5
6882,2,44,2,2,3,1,79,96,300,420,4,5
6883,8,158,9,2,3,3,32,0,180,300,3,5
6884,7,142,8,2,3,1,42,50,300,600,4,5
6885,5,555,6,1,3,1,25,42,0,300,2,5
6886,14,434,15,2,3,1,30,98,420,540,3,5
6887,3,492,5,2,3,2,92,72,60,180,4,5
6888,8,4,8,2,3,2,60,92,300,420,1,5
6889,13,146,14,2,3,2,38,82,0,300,2,5
6890,5,578,7,2,3,2,63,99,300,600,3,5
6891,3,396,3,2,3,2,45,86,420,540,3,5
6892,13,181,13,2,3,1,49,51,420,540,3,5
6893,2,367,2,2,3,2,0,85,420,540,1,5
6894,14,286,14,2,3,2,34,17,420,540,2,5
6895,11,369,12,2,3,1,42,76,180,300,4,5
6896,2,156,2,2,3,1,1,74,180,300,2,5
6897,10,93,11,2,3,2,22,4,0,300,4,5
6898,12,598,13,2,3,3,82,25,180,300,4,5
6899,5,429,7,2,3,3,82,93,0,300,4,5
6900,4,432,5,2,3,3,14,94,300,420,4,5
6901,4,431,5,1,3,3,96,56,0,300,1,5
6902,4,585,6,2,3,3,34,84,60,180,1,5
6903,11,2,11,1,3,2,52,21,60,180,4,5
6904,7,213,7,2,3,1,12,81,300,600,4,5
6905,1,70,2,1,3,1,99,21,60,180,4,5
6906,14,252,15,2,3,3,19,13,180,300,2,5
6907,1,511,2,2,3,2,46,45,180,300,2,5
6908,3,424,4,1,3,1,90,65,0,300,4,5
6909,9,99,9,1,3,1,31,16,180,300,1,5
6910,14,355,14,2,3,2,9,44,420,540,2,5
6911,7,259,8,1,3,2,90,79,0,300,3,5
6912,13,411,13,2,3,3,32,57,420,540,3,5
6913,8,471,9,2,3,1,56,96,300,600,4,5
6914,8,139,9,1,3,2,26,4,0,300,4,5
6915,2,407,3,2,3,3,43,28,60,180,3,5
6916,13,437,14,1,3,3,20,86,60,180,4,5
6917,1,338,2,2,3,3,57,73,0,300,2,5
6918,8,83,8,2,3,2,74,80,180,300,1,5
6919,10,277,10,2,3,1,44,71,300,600,1,5
6920,4,287,4,2,3,1,58,68,300,600,3,5
6921,12,286,12,2,3,2,80,9,420,540,1,5
6922,3,471,4,2,3,2,17,77,60,180,1,5
6923,3,363,3,2,3,3,83,54,420,540,2,5
6924,5,574,6,1,3,2,66,33,0,300,4,5
6925,11,464,12,2,3,3,13,2,300,600,1,5
6926,14,104,14,2,3,2,63,43,300,420,4,5
6927,4,452,6,1,3,1,17,24,180,300,2,5
6928,4,16,5,2,3,2,92,34,180,300,3,5
6929,8,207,8,2,3,3,76,11,300,420,3,5
6930,9,110,10,2,3,3,89,21,0,300,2,5
6931,6,215,7,2,3,3,86,28,180,300,2,5
6932,6,93,7,2,3,3,52,18,0,300,4,5
6933,5,210,5,2,3,3,8,24,300,420,4,5
6934,13,487,14,1,3,1,59,88,60,180,2,5
6935,4,190,5,1,3,1,50,50,60,180,4,5
6936,11,344,12,1,3,1,98,67,0,300,4,5
6937,2,360,2,2,3,3,58,9,420,540,3,5
6938,13,448,14,1,3,3,86,23,180,300,4,5
6939,7,531,8,1,3,1,97,22,0,300,1,5
6940,11,569,12,2,3,2,10,46,300,420,4,5
6941,4,587,6,2,3,3,6,12,180,300,2,5
6942,12,47,12,1,3,2,65,60,60,180,3,5
6943,1,121,2,2,3,1,21,55,180,300,3,5
6944,8,452,10,2,3,1,48,30,420,540,4,5
6945,12,529,14,1,3,2,52,47,60,180,4,5
6946,7,355,7,2,3,2,91,66,420,540,3,5
6947,11,180,11,2,3,3,68,77,420,540,4,5
6948,3,595,4,1,3,1,87,83,0,300,4,5
6949,6,95,7,2,3,1,17,15,0,300,4,5
6950,3,355,4,2,3,2,64,78,0,300,4,5
6951,4,568,6,2,3,1,80,5,300,600,1,5
6952,1,436,3,1,3,3,95,2,0,300,4,5
6953,7,360,7,2,3,3,22,100,420,540,3,5
6954,2,234,2,2,3,1,88,7,300,420,1,5
6955,5,207,5,2,3,3,18,90,420,540,2,5
6956,8,3,8,2,3,1,52,0,420,540,4,5
6957,7,560,9,2,3,1,9,27,180,300,4,5
6958,14,576,16,1,3,1,37,96,180,300,4,5
6959,14,564,16,1,3,1,78,51,60,180,2,5
6960,2,560,4,2,3,1,56,23,300,420,1,5
6961,13,468,14,2,3,1,65,64,180,300,4,5
6962,5,405,5,2,3,2,80,100,420,540,1,5
6963,1,381,2,2,3,2,87,8,300,600,1,5
6964,5,196,5,2,3,2,60,63,300,420,3,5
6965,12,189,12,2,3,3,93,29,420,540,2,5
6966,5,436,6,1,3,2,79,66,60,180,4,5
6967,12,512,13,1,3,1,25,94,60,180,1,5
6968,14,98,14,2,3,2,31,3,420,540,3,5
6969,11,474,12,1,3,2,0,27,60,180,3,5
6970,10,554,11,1,3,1,20,90,0,300,4,5
6971,5,150,5,2,3,1,9,7,420,540,3,5
6972,12,522,13,2,3,3,95,50,420,540,2,5
6973,2,115,3,1,3,1,34,13,0,300,2,5
6974,9,154,10,2,3,1,29,1,0,300,1,5
6975,7,172,8,1,3,3,62,78,180,300,2,5
6976,1,358,1,2,3,2,37,54,420,540,2,5
6977,14,447,15,2,3,2,65,42,180,300,2,5
6978,6,360,7,1,3,3,28,95,60,180,2,5
6979,14,472,15,1,3,2,94,40,180,300,1,5
6980,7,22,8,2,3,1,44,78,420,540,4,5
6981,6,22,7,2,3,3,4,23,300,600,2,5
6982,8,506,10,1,3,3,44,31,0,300,4,5
6983,4,53,4,2,3,2,59,30,300,420,3,5
6984,9,339,9,2,3,3,92,59,420,540,2,5
6985,7,463,9,2,3,2,84,16,0,300,4,5
6986,10,195,10,2,3,3,20,83,300,600,2,5
6987,14,595,15,2,3,2,90,17,0,300,4,5
6988,1,584,2,2,3,2,6,38,60,180,1,5
6989,7,388,7,2,3,2,44,95,420,540,3,5
6990,7,563,8,2,3,3,28,10,300,420,4,5
6991,1,291,2,2,3,3,47,72,180,300,2,5
6992,12,127,13,2,3,2,65,69,420,540,1,5
6993,1,480,2,2,3,1,51,5,60,180,2,5
6994,12,491,13,1,3,1,6,48,180,300,4,5
6995,9,270,9,2,3,3,55,37,300,600,4,5
6996,6,200,7,1,3,1,17,55,0,300,2,5
6997,12,336,12,2,3,3,93,72,420,540,2,5
6998,2,333,3,2,3,2,65,22,0,300,4,5
6999,8,174,8,2,3,2,79,4,300,420,1,5
7000,3,62,4,2,3,2,55,5,180,300,1,5
7001,3,137,3,1,3,2,3,32,180,300,1,5
7002,4,207,4,2,3,3,3,16,420,540,4,5
7003,4,381,4,2,3,3,9,0,420,540,2,5
7004,6,440,7,1,3,2,88,65,60,180,1,5
7005,12,556,14,1,3,2,98,93,60,180,1,5
7006,1,394,2,2,3,1,22,85,300,420,3,5
7007,11,3,12,1,3,2,13,12,180,300,1,5
7008,4,244,4,2,3,3,88,26,300,600,1,5
7009,2,538,3,2,3,1,19,11,420,540,2,5
7010,4,211,5,1,3,2,13,66,180,300,2,5
7011,6,227,6,2,3,2,9,95,300,600,4,5
7012,9,549,10,2,3,2,8,9,180,300,2,5
7013,13,82,14,2,3,3,18,30,300,600,1,5
7014,5,390,5,2,3,1,59,93,420,540,4,5
7015,6,332,6,2,3,3,93,30,420,540,2,5
7016,11,42,11,1,3,2,33,66,60,180,3,5
7017,1,498,2,1,3,2,94,52,0,300,3,5
7018,4,39,4,2,3,3,91,37,180,300,2,5
7019,12,379,13,2,3,2,77,68,0,300,4,5
7020,7,423,9,2,3,3,10,37,420,540,4,5
7021,8,246,9,1,3,3,41,35,60,180,1,5
7022,7,533,9,2,3,1,57,55,60,180,4,5
7023,7,176,7,2,3,1,77,33,420,540,4,5
7024,14,474,16,1,3,1,27,56,60,180,3,5
7025,11,421,12,2,3,1,40,65,300,600,4,5
7026,12,40,13,2,3,2,29,20,60,180,3,5
7027,7,335,7,2,3,3,81,57,420,540,2,5
7028,2,320,2,2,3,1,53,41,420,540,1,5
7029,14,320,14,2,3,1,55,29,420,540,4,5
7030,6,37,6,2,3,1,58,81,180,300,1,5
7031,10,572,11,2,3,3,2,15,420,540,4,5
7032,10,297,11,2,3,1,92,15,300,600,1,5
7033,3,361,3,2,3,2,26,97,420,540,1,5
7034,13,357,14,2,3,2,10,48,300,600,3,5
7035,12,588,13,1,3,1,54,83,0,300,3,5
7036,7,415,8,2,3,3,47,75,60,180,3,5
7037,13,26,13,2,3,3,66,44,300,420,3,5
7038,6,403,6,2,3,3,59,87,420,540,1,5
7039,9,485,10,2,3,1,16,47,300,420,2,5
7040,2,95,2,2,3,2,13,83,180,300,2,5
7041,3,196,3,2,3,3,20,19,420,540,3,5
7042,7,191,7,2,3,2,86,11,300,600,1,5
7043,8,597,9,2,3,1,37,8,60,180,2,5
7044,9,25,10,1,3,2,29,74,0,300,2,5
7045,13,256,13,2,3,3,75,36,300,600,2,5
7046,10,382,10,2,3,2,0,49,420,540,1,5
7047,9,262,9,2,3,2,5,93,420,540,4,5
7048,14,121,15,1,3,3,85,93,0,300,2,5
7049,13,354,13,2,3,2,14,95,420,540,4,5
7050,14,38,14,2,3,2,0,31,420,540,4,5
7051,11,17,11,2,3,1,9,70,180,300,4,5
7052,1,422,2,1,3,1,88,58,180,300,1,5
7053,11,582,13,2,3,1,33,32,0,300,3,5
7054,13,178,14,2,3,3,91,81,300,420,1,5
7055,5,269,7,2,3,3,35,99,420,540,2,5
7056,14,20,14,1,3,1,100,59,60,180,1,5
7057,3,558,4,2,3,1,57,47,60,180,2,5
7058,7,431,8,1,3,1,84,40,0,300,1,5
7059,2,33,3,1,3,2,32,96,60,180,2,5
7060,12,567,14,2,3,1,34,19,0,300,4,5
7061,4,464,6,2,3,3,38,84,180,300,1,5
7062,14,552,16,2,3,1,84,37,420,540,4,5
7063,3,135,3,1,3,1,6,60,180,300,1,5
7064,8,355,8,2,3,1,13,5,420,540,1,5
7065,4,164,4,2,3,2,34,82,420,540,1,5
7066,2,94,2,2,3,2,18,23,420,540,4,5
7067,2,159,2,2,3,3,72,11,420,540,1,5
7068,12,97,13,2,3,1,17,15,0,300,2,5
7069,6,471,7,1,3,3,49,62,60,180,1,5
7070,7,411,8,2,3,2,38,88,0,300,1,5
7071,14,506,16,2,3,1,48,100,60,180,1,5
7072,7,9,7,2,3,3,45,54,420,540,1,5
7073,5,393,5,2,3,2,39,27,420,540,3,5
7074,1,306,2,2,3,2,7,28,180,300,1,5
7075,10,238,10,2,3,2,59,13,420,540,1,5
7076,7,266,8,1,3,3,52,92,180,300,4,5
7077,2,279,3,2,3,1,11,89,420,540,1,5
7078,11,303,11,2,3,2,21,45,420,540,2,5
7079,11,369,12,2,3,3,72,60,0,300,4,5
7080,5,193,7,1,3,1,40,19,180,300,2,5
7081,9,61,10,1,3,2,74,9,60,180,3,5
7082,13,343,14,1,3,1,17,25,180,300,2,5
7083,2,556,3,2,3,1,27,49,300,420,3,5
7084,6,135,7,2,3,2,73,47,420,540,2,5
7085,13,49,14,2,3,3,98,0,180,300,2,5
7086,6,530,8,2,3,1,40,56,0,300,2,5
7087,8,157,8,2,3,1,83,14,300,600,3,5
7088,13,140,13,1,3,2,32,80,180,300,4,5
7089,9,542,10,2,3,1,76,73,60,180,2,5
7090,7,17,7,2,3,1,78,94,420,540,1,5
7091,11,579,12,2,3,3,9,37,300,600,2,5
7092,10,109,10,1,3,1,93,39,180,300,1,5
7093,9,343,9,2,3,3,66,22,420,540,4,5
7094,10,498,11,2,3,2,46,59,300,420,2,5
7095,1,532,2,1,3,1,74,68,0,300,2,5
7096,1,12,2,2,3,1,58,45,60,180,1,5
7097,6,44,6,2,3,2,42,36,180,300,1,5
7098,5,86,6,2,3,1,42,63,300,600,4,5
7099,1,430,3,1,3,1,60,43,0,300,3,5
7100,8,433,9,2,3,3,57,58,60,180,2,5
7101,9,176,9,1,3,3,64,91,180,300,2,5
7102,2,303,2,2,3,3,33,49,420,540,4,5
7103,8,433,9,2,3,1,27,86,300,600,4,5
7104,6,324,6,2,3,2,15,9,420,540,3,5
7105,6,364,6,2,3,2,34,18,420,540,1,5
7106,11,284,11,2,3,3,80,35,420,540,1,5
7107,5,5,5,2,3,2,58,98,300,420,3,5
7108,1,554,2,1,3,3,49,63,60,180,1,5
7109,7,153,7,2,3,2,97,25,180,300,1,5
7110,5,540,7,2,3,2,62,31,0,300,2,5
7111,9,298,10,1,3,3,62,4,180,300,2,5
7112,9,443,11,2,3,2,66,53,60,180,4,5
7113,5,445,6,1,3,2,94,9,60,180,1,5
7114,14,179,14,2,3,3,38,66,180,300,2,5
7115,7,278,7,2,3,2,88,24,300,420,4,5
7116,12,497,14,2,3,3,58,32,180,300,3,5
7117,1,361,1,2,3,1,92,86,420,540,1,5
7118,12,178,12,1,3,3,14,22,180,300,2,5
7119,9,452,10,2,3,3,40,88,420,540,4,5
7120,13,210,13,2,3,2,89,59,420,540,3,5
7121,13,193,13,2,3,3,42,75,300,420,3,5
7122,14,429,16,2,3,2,95,74,0,300,2,5
7123,8,186,9,2,3,3,90,44,60,180,1,5
7124,13,348,14,1,3,2,53,94,0,300,4,5
7125,9,255,10,2,3,2,8,52,420,540,3,5
7126,11,584,12,2,3,3,7,54,420,540,4,5
7127,13,83,13,2,3,1,77,66,180,300,1,5
7128,12,503,13,1,3,3,21,73,60,180,2,5
7129,4,471,5,1,3,2,61,91,0,300,2,5
7130,2,100,3,2,3,1,72,9,180,300,3,5
7131,6,434,8,1,3,1,14,66,60,180,1,5
7132,8,438,10,1,3,3,93,40,180,300,3,5
7133,14,413,15,1,3,3,77,71,0,300,2,5
7134,8,374,9,2,3,3,51,6,60,180,3,5
7135,12,185,12,2,3,1,16,36,300,420,2,5
7136,13,496,14,1,3,2,48,50,180,300,2,5
7137,5,415,6,2,3,1,75,70,0,300,4,5
7138,4,348,5,1,3,1,80,68,60,180,1,5
7139,7,562,8,2,3,3,86,50,420,540,1,5
7140,5,544,6,2,3,2,92,64,0,300,1,5
7141,12,517,14,2,3,1,31,31,300,420,3,5
7142,5,95,7,2,3,1,80,78,60,180,3,5
7143,10,143,11,1,3,2,16,20,0,300,1,5
7144,14,150,14,1,3,1,9,68,180,300,2,5
7145,12,500,13,2,3,3,85,2,60,180,1,5
7146,4,67,5,2,3,2,43,43,300,600,1,5
7147,11,514,13,2,3,1,8,70,300,420,4,5
7148,9,3,10,1,3,2,14,11,180,300,4,5
7149,10,333,10,2,3,1,40,86,420,540,2,5
7150,10,115,11,2,3,2,59,63,180,300,4,5
7151,6,39,7,2,3,1,26,97,420,540,3,5
7152,6,210,6,2,3,1,60,3,300,600,3,5
7153,13,437,14,2,3,3,59,50,60,180,3,5
7154,2,78,2,2,3,2,16,10,180,300,4,5
7155,6,173,6,1,3,1,25,78,180,300,4,5
7156,3,118,4,1,3,1,38,30,180,300,4,5
7157,13,319,13,2,3,1,83,12,420,540,3,5
7158,9,73,10,2,3,1,93,63,180,300,4,5
7159,10,490,11,1,3,2,37,19,0,300,3,5
7160,8,241,8,2,3,2,58,38,420,540,2,5
7161,3,159,4,1,3,1,98,23,0,300,3,5
7162,14,564,15,2,3,3,14,74,60,180,4,5
7163,13,99,13,2,3,2,34,5,180,300,4,5
7164,6,221,6,2,3,2,17,18,300,600,2,5
7165,2,236,3,2,3,3,82,92,60,180,1,5
7166,3,426,4,1,3,3,68,93,0,300,2,5
7167,7,174,7,2,3,2,51,37,420,540,2,5
7168,6,301,6,2,3,1,11,77,420,540,1,5
7169,14,510,16,2,3,3,33,55,420,540,1,5
7170,9,166,9,2,3,3,2,75,300,420,2,5
7171,10,121,11,2,3,1,41,18,420,540,4,5
7172,3,468,4,2,3,3,50,27,60,180,2,5
7173,2,558,4,2,3,1,46,98,420,540,2,5
7174,5,274,5,2,3,3,45,29,420,540,3,5
7175,4,190,5,1,3,3,36,84,180,300,1,5
7176,14,182,15,2,3,2,10,56,300,600,4,5
7177,11,314,12,2,3,3,25,1,60,180,4,5
7178,10,535,11,1,3,2,37,5,0,300,4,5
7179,9,456,11,2,3,1,42,38,180,300,3,5
7180,3,101,3,2,3,2,96,54,300,600,3,5
7181,12,25,12,2,3,1,36,35,0,300,3,5
7182,9,396,11,2,3,3,51,30,300,420,3,5
7183,10,254,11,1,3,2,43,77,60,180,1,5
7184,8,278,8,2,3,2,51,1,300,600,1,5
7185,12,59,12,1,3,1,85,27,60,180,1,5
7186,14,297,14,2,3,3,32,51,300,420,4,5
7187,5,26,5,2,3,2,37,17,0,300,2,5
7188,8,526,9,2,3,1,3,10,300,600,3,5
7189,3,92,4,2,3,3,57,19,60,180,2,5
7190,8,110,9,2,3,2,84,82,300,420,4,5
7191,3,305,3,2,3,3,36,11,420,540,4,5
7192,10,440,12,2,3,1,5,76,420,540,3,5
7193,9,458,10,2,3,1,45,33,0,300,1,5
7194,8,44,9,2,3,1,78,9,300,420,3,5
7195,1,227,1,2,3,3,24,10,420,540,4,5
7196,11,333,11,2,3,3,95,36,420,540,4,5
7197,1,227,2,1,3,2,33,99,0,300,3,5
7198,11,47,11,1,3,1,70,27,60,180,3,5
7199,12,72,13,2,3,2,72,52,0,300,4,5
7200,8,369,8,2,3,2,73,30,420,540,1,5
7201,4,355,4,2,3,1,7,48,420,540,4,5
7202,1,46,2,2,3,2,91,7,420,540,4,5
7203,3,589,5,2,3,2,57,1,300,420,4,5
7204,1,571,2,1,3,2,92,6,0,300,2,5
7205,8,89,8,1,3,1,3,58,180,300,3,5
7206,5,549,7,2,3,2,23,60,300,420,4,5
7207,3,188,3,2,3,2,68,54,300,600,4,5
7208,2,285,3,1,3,1,66,23,0,300,3,5
7209,14,60,15,1,3,2,28,20,0,300,1,5
7210,9,102,9,2,3,1,34,81,420,540,1,5
7211,9,0,10,2,3,1,31,67,0,300,3,5
7212,8,390,9,1,3,1,86,72,180,300,1,5
7213,8,25,8,2,3,1,99,96,180,300,2,5
7214,12,196,12,2,3,2,4,63,420,540,4,5
7215,7,14,8,1,3,3,94,20,0,300,1,5
7216,2,118,3,1,3,1,100,97,0,300,4,5
7217,4,108,4,1,3,1,100,13,180,300,3,5
7218,1,377,1,2,3,1,76,78,420,540,4,5
7219,5,32,6,1,3,3,54,26,0,300,1,5
7220,2,547,3,2,3,2,1,79,300,600,1,5
7221,8,274,8,2,3,2,95,78,300,420,2,5
7222,2,476,4,1,3,3,72,10,0,300,2,5
7223,2,53,2,1,3,1,69,5,60,180,4,5
7224,11,586,12,2,3,3,6,60,0,300,4,5
7225,13,110,13,1,3,3,11,50,180,300,1,5
7226,5,21,5,2,3,3,18,72,0,300,1,5
7227,8,261,8,2,3,2,62,0,300,600,4,5
7228,13,150,13,2,3,2,72,18,300,420,2,5
7229,11,203,12,1,3,3,88,14,0,300,4,5
7230,4,554,6,1,3,3,33,68,0,300,4,5
7231,7,19,7,2,3,1,11,87,180,300,2,5
7232,7,301,7,2,3,1,32,94,420,540,4,5
7233,2,349,3,2,3,1,29,12,0,300,2,5
7234,4,549,5,2,3,1,96,3,0,300,3,5
7235,10,90,10,2,3,2,52,54,420,540,3,5
7236,7,74,7,2,3,2,91,16,300,420,3,5
7237,10,520,11,2,3,3,91,39,180,300,3,5
7238,1,217,1,2,3,1,4,52,300,420,1,5
7239,4,211,4,2,3,1,32,31,300,600,4,5
7240,10,141,12,2,3,2,61,74,420,540,2,5
7241,11,75,11,1,3,3,37,75,180,300,4,5
7242,6,236,6,2,3,3,12,74,300,420,1,5
7243,1,472,3,2,3,2,64,61,300,420,3,5
7244,4,494,5,2,3,1,76,27,300,600,4,5
7245,2,551,3,1,3,3,8,63,60,180,1,5
7246,6,196,7,2,3,2,39,90,420,540,2,5
7247,12,97,13,2,3,2,34,98,180,300,1,5
7248,12,24,13,1,3,2,94,42,60,180,2,5
7249,11,511,12,2,3,2,10,90,60,180,3,5
7250,5,88,6,1,3,3,53,41,60,180,1,5
7251,11,371,11,2,3,3,12,64,420,540,1,5
7252,7,513,8,2,3,3,38,70,300,600,2,5
7253,14,486,15,2,3,2,40,11,420,540,3,5
7254,9,317,10,2,3,3,95,91,300,420,3,5
7255,5,139,6,2,3,2,89,19,300,420,3,5
7256,7,220,7,2,3,1,42,70,300,600,4,5
7257,11,298,11,2,3,2,83,3,420,540,4,5
7258,7,240,7,2,3,2,76,20,300,600,1,5
7259,1,310,2,2,3,3,18,89,180,300,2,5
7260,5,359,5,2,3,2,39,89,420,540,1,5
7261,9,434,10,2,3,3,89,37,180,300,2,5
7262,4,126,5,2,3,1,18,41,0,300,4,5
7263,14,431,16,2,3,1,58,21,0,300,4,5
7264,14,46,15,1,3,3,27,37,0,300,1,5
7265,2,420,3,1,3,3,43,49,180,300,4,5
7266,11,345,11,2,3,2,63,94,420,540,3,5
7267,13,47,13,2,3,3,35,84,0,300,3,5
7268,2,421,3,2,3,1,25,62,60,180,1,5
7269,7,165,8,1,3,2,71,46,0,300,2,5
7270,11,116,11,2,3,3,70,66,300,420,2,5
7271,2,527,3,2,3,1,59,44,60,180,4,5
7272,10,368,10,2,3,2,9,42,420,540,2,5
7273,5,2,6,2,3,3,75,84,180,300,2,5
7274,2,251,2,2,3,1,77,1,300,600,4,5
7275,12,202,13,2,3,3,60,61,180,300,2,5
7276,11,249,12,2,3,1,21,93,420,540,3,5
7277,13,445,15,2,3,3,67,17,300,600,3,5
7278,14,456,15,2,3,2,27,10,180,300,4,5
7279,10,431,12,2,3,3,75,56,60,180,1,5
7280,3,116,3,2,3,3,12,11,420,540,2,5
7281,12,157,12,2,3,3,23,93,420,540,4,5
7282,1,114,1,1,3,3,52,0,180,300,3,5
7283,14,419,15,2,3,3,70,7,420,540,2,5
7284,3,359,3,2,3,3,34,48,420,540,3,5
7285,5,428,6,2,3,3,82,98,420,540,3,5
7286,12,302,13,2,3,1,85,11,60,180,3,5
7287,13,476,15,1,3,2,95,88,60,180,4,5
7288,9,166,9,2,3,1,91,76,180,300,2,5
7289,2,547,3,1,3,3,90,22,180,300,2,5
7290,7,239,7,2,3,3,58,43,420,540,1,5
7291,2,169,2,1,3,2,86,68,180,300,1,5
7292,14,572,15,1,3,1,29,60,60,180,2,5
7293,2,353,3,2,3,2,69,6,420,540,4,5
7294,11,83,11,1,3,3,4,9,180,300,4,5
7295,10,364,11,2,3,2,67,59,300,420,3,5
7296,11,145,12,1,3,2,62,100,0,300,3,5
7297,5,596,6,1,3,3,8,54,60,180,4,5
7298,2,11,2,1,3,3,23,72,60,180,3,5
7299,10,239,10,2,3,3,56,92,300,600,2,5
7300,9,347,10,1,3,1,43,43,0,300,1,5
7301,9,137,9,1,3,1,49,48,180,300,1,5
7302,1,91,1,2,3,3,70,31,180,300,1,5
7303,3,123,3,2,3,3,94,70,180,300,3,5
7304,11,555,12,2,3,1,19,27,420,540,1,5
7305,9,235,9,2,3,3,61,40,300,600,1,5
7306,8,42,9,2,3,1,24,25,420,540,4,5
7307,10,547,11,2,3,1,95,96,60,180,4,5
7308,7,335,8,2,3,1,68,22,420,540,2,5
7309,12,94,12,2,3,3,81,69,300,420,2,5
7310,10,92,11,2,3,1,53,32,0,300,2,5
7311,13,282,14,2,3,2,19,15,180,300,1,5
7312,12,47,13,2,3,3,63,55,60,180,4,5
7313,8,60,10,2,3,3,1,18,60,180,4,5
7314,8,310,9,2,3,3,23,0,0,300,4,5
7315,6,310,7,2,3,1,44,30,0,300,4,5
7316,14,332,15,1,3,3,54,96,0,300,2,5
7317,10,342,10,2,3,2,38,92,420,540,2,5
7318,7,589,8,1,3,1,87,54,180,300,4,5
7319,6,70,7,2,3,2,55,83,300,600,4,5
7320,7,563,9,1,3,1,64,56,180,300,1,5
7321,5,283,5,2,3,2,23,93,420,540,4,5
7322,9,288,9,2,3,1,34,11,420,540,2,5
7323,11,257,12,1,3,2,99,15,180,300,1,5
7324,9,337,11,2,3,1,92,35,0,300,4,5
7325,5,332,5,2,3,2,93,51,420,540,3,5
7326,14,513,15,2,3,3,64,40,300,600,4,5
7327,1,97,2,1,3,2,13,38,0,300,1,5
7328,6,351,7,2,3,3,84,74,420,540,3,5
7329,5,239,7,2,3,1,91,72,0,300,1,5
7330,4,351,4,2,3,1,39,3,420,540,2,5
7331,13,342,13,2,3,3,73,56,420,540,2,5
7332,11,55,12,2,3,1,1,59,420,540,1,5
7333,10,483,11,2,3,2,70,77,420,540,3,5
7334,13,101,14,1,3,2,48,67,60,180,1,5
7335,13,297,13,2,3,2,59,50,420,540,4,5
7336,6,183,7,1,3,2,46,1,180,300,4,5
7337,10,241,11,1,3,3,72,1,60,180,1,5
7338,6,16,7,2,3,3,99,35,0,300,2,5
7339,14,502,15,2,3,1,4,62,300,600,4,5
7340,14,560,16,2,3,2,75,62,60,180,2,5
7341,1,300,3,2,3,2,34,80,180,300,2,5
7342,14,553,15,2,3,1,36,1,60,180,1,5
7343,1,26,1,1,3,1,54,69,60,180,1,5
7344,9,2,10,2,3,3,79,6,300,600,1,5
7345,5,591,6,1,3,3,29,21,180,300,1,5
7346,10,212,10,2,3,3,43,28,300,420,3,5
7347,14,321,16,1,3,1,48,85,0,300,2,5
7348,10,318,10,2,3,1,84,59,420,540,4,5
7349,6,185,6,2,3,2,71,74,300,600,1,5
7350,1,154,1,2,3,3,53,21,180,300,4,5
7351,3,1,3,1,3,2,54,73,60,180,1,5
7352,14,223,15,2,3,1,55,56,60,180,3,5
7353,13,9,15,1,3,2,25,67,60,180,3,5
7354,4,18,5,2,3,2,62,91,300,600,4,5
7355,3,50,3,1,3,2,83,72,60,180,1,5
7356,14,111,14,2,3,2,70,61,420,540,4,5
7357,6,390,6,2,3,2,95,77,420,540,1,5
7358,13,339,13,2,3,2,10,89,420,540,2,5
7359,12,62,12,1,3,1,40,54,180,300,4,5
7360,9,286,9,2,3,2,32,86,300,600,2,5
7361,11,565,12,2,3,1,70,49,180,300,2,5
7362,5,559,6,2,3,2,73,58,180,300,3,5
7363,2,335,3,1,3,2,42,1,180,300,4,5
7364,9,241,9,2,3,3,61,90,420,540,1,5
7365,14,121,15,2,3,3,5,86,420,540,4,5
7366,7,73,7,1,3,2,18,35,180,300,1,5
7367,11,243,11,2,3,2,7,65,300,600,1,5
7368,7,104,7,2,3,2,80,55,180,300,3,5
7369,12,24,12,2,3,2,53,50,60,180,3,5
7370,8,502,9,2,3,1,72,19,420,540,2,5
7371,4,257,4,2,3,3,81,56,420,540,2,5
7372,12,575,14,1,3,3,98,26,180,300,4,5
7373,14,26,14,1,3,3,75,77,60,180,3,5
7374,2,81,3,1,3,1,86,89,0,300,4,5
7375,7,499,8,2,3,3,63,90,60,180,1,5
7376,13,490,14,2,3,1,70,75,0,300,2,5
7377,1,476,3,1,3,1,19,12,60,180,1,5
7378,8,44,9,2,3,1,71,85,420,540,3,5
7379,3,303,4,2,3,3,63,51,0,300,3,5
7380,4,318,4,2,3,3,82,23,420,540,3,5
7381,10,491,12,1,3,1,94,85,180,300,3,5
7382,6,302,7,2,3,3,74,97,60,180,3,5
7383,2,114,2,2,3,2,52,9,180,300,4,5
7384,14,497,15,1,3,2,95,39,180,300,1,5
7385,11,508,13,2,3,1,80,2,420,540,1,5
7386,3,171,3,1,3,2,64,62,180,300,3,5
7387,10,10,11,1,3,2,87,3,0,300,3,5
7388,11,365,12,2,3,3,40,64,300,420,4,5
7389,10,502,12,1,3,2,78,66,0,300,2,5
7390,9,373,9,2,3,3,92,6,420,540,4,5
7391,6,51,6,1,3,1,55,44,60,180,1,5
7392,14,221,14,2,3,3,60,58,420,540,4,5
7393,10,180,10,2,3,1,94,45,420,540,1,5
7394,8,112,8,2,3,3,46,15,180,300,3,5
7395,3,371,3,2,3,1,16,49,420,540,2,5
7396,8,553,9,1,3,2,47,72,180,300,3,5
7397,7,246,7,2,3,3,22,76,300,600,1,5
7398,12,48,12,1,3,1,19,21,60,180,3,5
7399,14,66,14,2,3,3,96,7,300,420,2,5
7400,2,142,2,1,3,1,0,74,180,300,2,5
7401,1,149,2,2,3,1,14,66,60,180,4,5
7402,14,599,15,1,3,1,60,100,180,300,2,5
7403,4,146,4,2,3,1,18,78,300,600,2,5
7404,14,342,14,2,3,1,43,19,420,540,4,5
7405,9,318,10,2,3,2,86,78,60,180,1,5
7406,5,398,5,2,3,1,81,0,420,540,4,5
7407,10,146,10,2,3,1,6,55,420,540,3,5
7408,11,484,13,2,3,1,58,85,0,300,2,5
7409,7,507,9,2,3,1,71,92,180,300,3,5
7410,5,504,7,2,3,1,11,84,180,300,4,5
7411,10,489,11,2,3,2,55,20,60,180,2,5
7412,11,40,12,2,3,2,50,31,0,300,2,5
7413,1,451,2,2,3,1,94,6,300,600,3,5
7414,6,362,7,2,3,1,0,59,300,420,3,5
7415,7,209,9,2,3,2,54,17,180,300,1,5
7416,3,22,5,2,3,2,70,90,300,420,3,5
7417,8,496,9,2,3,2,5,90,0,300,3,5
7418,10,550,11,1,3,3,76,27,180,300,3,5
7419,5,546,6,2,3,2,22,90,60,180,1,5
7420,7,460,8,2,3,2,62,14,420,540,1,5
7421,3,253,4,2,3,1,23,16,60,180,3,5
7422,2,2,3,2,3,1,24,86,420,540,1,5
7423,9,527,10,2,3,1,24,67,60,180,3,5
7424,2,195,3,2,3,3,97,61,180,300,1,5
7425,7,362,8,2,3,1,71,3,420,540,4,5
7426,14,73,14,1,3,2,46,4,180,300,3,5
7427,8,105,9,2,3,2,12,8,420,540,1,5
7428,9,79,10,2,3,2,38,76,300,600,1,5
7429,5,18,5,2,3,1,33,40,60,180,4,5
7430,8,104,9,1,3,2,92,25,180,300,3,5
7431,11,95,12,2,3,2,98,35,0,300,3,5
7432,4,452,6,2,3,2,16,22,420,540,4,5
7433,11,365,12,1,3,1,83,94,60,180,4,5
7434,4,53,4,2,3,2,48,68,180,300,1,5
7435,14,218,15,2,3,3,20,25,300,600,4,5
7436,11,534,13,2,3,3,67,95,300,420,4,5
7437,10,546,12,1,3,3,26,27,0,300,1,5
7438,13,383,13,2,3,2,31,44,420,540,1,5
7439,1,538,2,1,3,2,34,14,60,180,2,5
7440,12,557,14,2,3,2,0,32,180,300,2,5
7441,5,353,5,2,3,1,10,95,420,540,4,5
7442,5,555,7,1,3,1,26,82,180,300,4,5
7443,9,245,9,2,3,2,34,54,300,600,1,5
7444,7,25,7,2,3,1,88,13,420,540,2,5
7445,3,136,4,2,3,3,85,23,180,300,3,5
7446,13,87,13,2,3,1,52,78,420,540,1,5
7447,8,374,8,2,3,2,4,67,420,540,1,5
7448,1,87,2,2,3,3,79,32,420,540,3,5
7449,2,485,3,1,3,2,40,57,180,300,3,5
7450,11,5,11,1,3,3,73,40,60,180,4,5
7451,13,409,14,2,3,1,9,60,60,180,3,5
7452,10,391,11,1,3,3,27,37,180,300,3,5
7453,3,462,5,2,3,3,3,84,300,600,4,5
7454,9,260,10,2,3,1,15,81,0,300,4,5
7455,7,191,8,1,3,2,56,50,180,300,4,5
7456,1,217,3,2,3,3,18,3,300,420,3,5
7457,12,109,13,2,3,3,34,59,0,300,2,5
7458,5,58,6,2,3,3,54,94,60,180,3,5
7459,7,517,9,2,3,3,77,59,420,540,2,5
7460,12,305,12,2,3,2,18,43,420,540,1,5
7461,14,197,15,2,3,3,38,90,180,300,2,5
7462,14,513,15,2,3,2,74,92,0,300,4,5
7463,4,23,4,2,3,1,54,27,180,300,4,5
7464,6,287,6,2,3,1,78,96,300,600,1,5
7465,14,195,14,2,3,1,69,36,420,540,1,5
7466,14,523,16,1,3,3,92,54,0,300,2,5
7467,13,315,13,2,3,2,84,42,420,540,3,5
7468,14,509,16,2,3,1,78,95,300,420,4,5
7469,10,418,10,2,3,1,51,24,420,540,3,5
7470,11,461,13,1,3,2,53,72,180,300,2,5
7471,5,243,5,2,3,2,74,29,420,540,3,5
7472,8,289,9,2,3,3,93,78,0,300,4,5
7473,13,12,13,2,3,3,39,19,60,180,3,5
7474,4,150,4,2,3,2,57,85,420,540,4,5
7475,13,189,14,2,3,1,19,49,0,300,1,5
7476,5,4,5,1,3,2,54,100,60,180,4,5
7477,5,347,5,2,3,2,35,42,420,540,4,5
7478,3,236,3,2,3,1,67,56,300,600,3,5
7479,3,200,4,1,3,2,14,2,60,180,3,5
7480,11,49,11,1,3,3,22,38,60,180,1,5
7481,3,135,4,2,3,2,68,72,300,600,4,5
7482,9,474,11,2,3,1,75,98,0,300,3,5
7483,5,292,6,2,3,3,57,58,420,540,3,5
7484,8,406,8,2,3,3,62,81,420,540,3,5
7485,4,209,4,2,3,3,17,51,300,420,4,5
7486,13,100,14,1,3,1,27,8,60,180,2,5
7487,9,462,11,2,3,1,30,95,420,540,2,5
7488,4,448,6,1,3,3,36,42,60,180,1,5
7489,10,504,11,2,3,2,97,41,0,300,2,5
7490,11,164,11,1,3,3,47,17,180,300,3,5
7491,4,280,5,1,3,1,22,41,60,180,3,5
7492,5,336,6,2,3,3,58,90,180,300,2,5
7493,6,423,8,2,3,3,96,80,420,540,4,5
7494,11,53,13,2,3,1,74,68,180,300,4,5
7495,12,422,13,2,3,1,49,52,420,540,3,5
7496,2,585,3,2,3,2,23,97,60,180,2,5
7497,7,101,7,2,3,3,27,89,420,540,4,5
7498,4,130,5,2,3,3,23,98,420,540,2,5
7499,6,257,7,2,3,2,86,15,0,300,3,5
7500,13,327,13,2,3,2,23,77,420,540,3,5
7501,2,26,2,1,3,2,31,58,60,180,2,5
7502,8,591,9,2,3,1,98,62,300,600,3,5
7503,9,445,10,1,3,3,72,19,0,300,4,5
7504,14,338,14,2,3,1,79,17,420,540,1,5
7505,7,70,8,2,3,3,9,23,180,300,1,5
7506,5,257,6,2,3,3,98,26,180,300,1,5
7507,12,108,13,2,3,2,96,11,300,420,2,5
7508,10,165,10,2,3,1,75,23,300,600,2,5
7509,8,182,8,2,3,2,98,72,300,600,2,5
7510,9,513,10,2,3,3,31,64,60,180,3,5
7511,14,343,15,1,3,2,58,91,180,300,4,5
7512,6,141,7,2,3,3,18,91,300,420,4,5
7513,13,554,15,1,3,1,34,6,60,180,3,5
7514,6,16,8,1,3,1,61,23,60,180,1,5
7515,12,75,12,2,3,3,91,43,300,600,4,5
7516,8,401,8,2,3,2,26,27,420,540,4,5
7517,9,444,11,1,3,1,25,34,180,300,2,5
7518,4,577,5,2,3,2,26,44,420,540,1,5
7519,2,61,2,2,3,2,2,76,420,540,3,5
7520,9,440,10,2,3,3,22,82,300,420,2,5
7521,6,268,6,2,3,3,31,74,420,540,3,5
7522,4,473,5,2,3,2,75,99,180,300,1,5
7523,11,135,11,2,3,3,83,86,300,420,3,5
7524,2,597,4,2,3,3,21,65,180,300,2,5
7525,12,60,13,2,3,1,4,46,300,420,1,5
7526,10,230,10,2,3,2,51,6,420,540,2,5
7527,8,357,8,2,3,1,26,52,420,540,2,5
7528,14,304,14,2,3,3,14,45,420,540,3,5
7529,3,494,5,2,3,1,100,100,0,300,3,5
7530,12,112,12,2,3,2,97,44,180,300,3,5
7531,14,277,15,2,3,2,38,41,60,180,1,5
7532,6,29,6,2,3,1,5,100,180,300,1,5
7533,3,11,3,2,3,3,100,1,60,180,4,5
7534,4,546,5,2,3,2,49,13,300,420,4,5
7535,5,133,5,2,3,1,19,18,300,420,3,5
7536,5,309,5,2,3,1,81,17,420,540,3,5
7537,10,216,12,2,3,2,30,47,420,540,2,5
7538,3,468,5,2,3,2,84,14,0,300,3,5
7539,12,48,12,1,3,2,9,73,60,180,3,5
7540,14,597,15,1,3,3,58,64,0,300,4,5
7541,8,111,9,2,3,1,14,61,180,300,4,5
7542,2,319,4,2,3,2,7,50,60,180,2,5
7543,2,207,2,2,3,3,26,64,300,600,1,5
7544,13,126,14,1,3,2,83,0,180,300,1,5
7545,14,114,15,2,3,1,13,66,300,420,2,5
7546,10,220,10,2,3,1,51,38,420,540,4,5
7547,12,335,13,2,3,2,69,24,180,300,3,5
7548,7,43,7,2,3,2,23,73,180,300,2,5
7549,7,449,9,2,3,1,14,46,420,540,2,5
7550,14,542,16,2,3,3,26,12,0,300,1,5
7551,10,545,11,2,3,1,36,51,180,300,4,5
7552,2,28,2,2,3,2,32,52,180,300,3,5
7553,2,281,3,2,3,1,76,48,300,600,4,5
7554,11,171,11,2,3,3,55,64,420,540,1,5
7555,4,146,4,1,3,1,21,33,180,300,1,5
7556,8,407,8,2,3,2,67,79,420,540,4,5
7557,11,163,11,2,3,2,37,61,300,420,1,5
7558,11,422,12,2,3,2,39,71,0,300,2,5
7559,2,484,4,1,3,1,53,75,60,180,2,5
7560,5,386,5,2,3,1,62,34,420,540,3,5
7561,3,180,5,2,3,2,94,37,60,180,2,5
7562,14,385,15,1,3,1,36,100,0,300,2,5
7563,4,168,4,2,3,1,60,59,300,420,3,5
7564,12,58,12,1,3,2,41,15,60,180,3,5
7565,5,508,7,2,3,3,69,66,0,300,2,5
7566,13,544,14,2,3,2,57,35,300,420,2,5
7567,4,508,6,1,3,2,55,88,60,180,1,5
7568,14,347,16,2,3,2,80,83,60,180,2,5
7569,2,88,3,2,3,2,44,15,0,300,1,5
7570,7,584,8,2,3,2,69,34,0,300,2,5
7571,2,1,3,2,3,2,47,54,0,300,2,5
7572,10,215,11,2,3,3,60,72,180,300,4,5
7573,10,423,12,2,3,1,1,81,420,540,4,5
7574,10,589,12,2,3,2,22,82,420,540,4,5
7575,2,557,3,2,3,3,38,26,420,540,1,5
7576,3,358,3,2,3,1,38,77,420,540,4,5
7577,4,469,6,1,3,3,24,9,0,300,2,5
7578,6,126,6,2,3,1,48,75,300,420,4,5
7579,5,530,7,1,3,1,95,89,180,300,3,5
7580,9,258,9,2,3,2,3,79,420,540,1,5
7581,10,485,11,2,3,1,2,66,0,300,3,5
7582,5,297,5,2,3,2,92,80,420,540,4,5
7583,9,530,11,2,3,1,20,20,420,540,4,5
7584,13,333,13,2,3,3,5,45,420,540,2,5
7585,13,354,13,2,3,3,61,33,420,540,2,5
7586,8,71,9,1,3,2,34,51,180,300,4,5
7587,9,199,9,2,3,3,84,78,420,540,4,5
7588,4,197,5,2,3,2,58,33,60,180,1,5
7589,2,196,3,2,3,2,38,4,180,300,4,5
7590,4,498,6,2,3,1,5,72,420,540,2,5
7591,10,200,11,2,3,2,44,81,0,300,2,5
7592,2,329,3,2,3,2,90,73,60,180,3,5
7593,1,144,1,2,3,2,32,17,420,540,1,5
7594,3,466,4,2,3,3,11,77,0,300,3,5
7595,2,596,3,2,3,3,24,69,0,300,4,5
7596,7,41,7,2,3,1,100,26,300,420,3,5
7597,9,446,11,2,3,2,6,24,180,300,1,5
7598,11,221,12,2,3,2,0,86,300,420,3,5
7599,10,263,11,2,3,3,64,90,0,300,4,5
7600,2,108,3,1,3,3,89,6,60,180,4,5
7601,13,222,13,2,3,1,21,0,420,540,2,5
7602,6,188,7,2,3,3,2,30,300,420,4,5
7603,3,289,4,2,3,2,34,86,300,600,2,5
7604,9,527,10,2,3,2,51,88,420,540,2,5
7605,5,483,7,2,3,3,9,67,60,180,2,5
7606,4,251,5,2,3,2,95,0,420,540,4,5
7607,4,503,5,2,3,1,70,54,300,420,1,5
7608,12,560,14,2,3,2,16,3,60,180,3,5
7609,13,464,14,2,3,3,18,85,0,300,3,5
7610,8,339,8,2,3,3,50,37,420,540,1,5
7611,7,71,7,1,3,3,12,1,180,300,3,5
7612,5,40,5,2,3,1,6,57,60,180,3,5
7613,6,316,6,2,3,1,2,89,420,540,2,5
7614,3,80,3,2,3,3,76,6,300,420,1,5
7615,7,25,8,2,3,2,71,31,60,180,1,5
7616,14,103,15,2,3,2,9,25,420,540,2,5
7617,3,554,5,1,3,3,11,58,0,300,1,5
7618,4,293,5,1,3,3,82,46,60,180,3,5
7619,4,451,5,1,3,3,99,65,60,180,4,5
7620,12,138,12,2,3,1,88,53,300,420,3,5
7621,6,322,6,2,3,2,72,77,420,540,1,5
7622,13,109,13,2,3,3,13,39,180,300,4,5
7623,14,547,15,2,3,1,47,45,0,300,2,5
7624,9,251,9,2,3,1,78,88,300,420,1,5
7625,14,320,15,1,3,1,22,17,180,300,3,5
7626,11,362,12,1,3,1,67,31,0,300,2,5
7627,9,2,9,1,3,3,36,26,60,180,1,5
7628,14,194,15,2,3,2,36,51,420,540,3,5
7629,14,530,15,2,3,1,19,37,300,600,1,5
7630,9,482,10,2,3,2,8,77,180,300,1,5
7631,4,115,5,2,3,1,42,36,60,180,3,5
7632,4,48,5,2,3,2,90,62,420,540,3,5
7633,14,277,15,2,3,3,57,64,0,300,2,5
7634,1,430,2,1,3,2,7,29,180,300,2,5
7635,5,588,6,2,3,1,24,30,180,300,4,5
7636,12,397,13,2,3,2,98,43,420,540,3,5
7637,5,522,6,2,3,1,88,21,60,180,2,5
7638,13,89,13,2,3,3,8,81,300,600,1,5
7639,4,580,6,2,3,1,90,100,420,540,3,5
7640,6,281,6,2,3,1,94,10,420,540,4,5
7641,4,279,4,2,3,1,36,9,300,420,3,5
7642,12,410,12,2,3,3,39,27,420,540,2,5
7643,13,565,14,2,3,1,78,16,420,540,2,5
7644,5,375,6,1,3,3,33,96,0,300,3,5
7645,10,186,10,2,3,3,22,99,300,420,1,5
7646,3,310,3,2,3,1,58,85,420,540,1,5
7647,7,489,9,2,3,2,91,82,300,420,3,5
7648,3,227,3,2,3,3,77,36,420,540,2,5
7649,6,538,8,1,3,2,73,77,180,300,1,5
7650,7,18,8,2,3,2,95,68,300,600,2,5
7651,10,485,11,2,3,1,81,69,300,600,2,5
7652,10,34,11,2,3,3,72,76,0,300,3,5
7653,2,207,2,2,3,3,53,25,420,540,4,5
7654,7,389,7,2,3,3,82,1,420,540,4,5
7655,8,449,9,2,3,2,51,26,0,300,1,5
7656,8,486,10,2,3,1,74,81,300,600,3,5
7657,12,184,12,2,3,1,39,55,420,540,2,5
7658,7,542,8,2,3,2,71,83,420,540,2,5
7659,13,490,14,2,3,2,87,28,300,600,4,5
7660,12,47,13,2,3,2,42,77,420,540,4,5
7661,2,218,2,2,3,1,2,23,420,540,2,5
7662,12,461,13,2,3,1,76,90,300,420,3,5
7663,12,307,12,2,3,1,89,39,420,540,2,5
7664,13,20,13,2,3,3,61,71,420,540,1,5
7665,1,419,2,2,3,1,30,23,420,540,1,5
7666,4,79,4,2,3,2,56,15,180,300,4,5
7667,7,139,8,2,3,2,98,59,300,420,3,5
7668,4,324,5,1,3,1,37,45,60,180,4,5
7669,10,132,10,2,3,2,19,100,300,420,1,5
7670,13,280,14,1,3,3,62,43,0,300,1,5
7671,2,576,4,2,3,2,92,61,60,180,2,5
7672,12,456,14,1,3,3,92,29,180,300,1,5
7673,2,236,3,1,3,2,19,66,0,300,2,5
7674,7,362,7,2,3,1,25,70,420,540,4,5
7675,2,546,4,1,3,2,71,95,0,300,3,5
7676,1,472,2,2,3,1,27,27,0,300,4,5
7677,10,122,10,2,3,1,51,6,300,600,2,5
7678,13,517,14,1,3,1,24,45,180,300,4,5
7679,8,154,9,2,3,1,21,24,60,180,4,5
7680,5,372,6,2,3,3,46,63,420,540,4,5
7681,5,451,6,2,3,1,20,20,0,300,1,5
7682,7,284,8,2,3,3,67,80,0,300,2,5
7683,5,470,6,2,3,3,15,37,60,180,2,5
7684,6,411,7,1,3,3,1,59,0,300,1,5
7685,13,418,13,2,3,1,18,7,420,540,4,5
7686,7,382,8,2,3,3,91,21,420,540,2,5
7687,11,226,12,2,3,1,64,39,420,540,2,5
7688,12,437,13,1,3,3,34,8,0,300,2,5
7689,14,9,14,2,3,2,93,88,420,540,4,5
7690,2,214,2,2,3,3,32,60,420,540,4,5
7691,3,295,5,2,3,3,0,13,420,540,2,5
7692,5,131,5,2,3,2,22,61,300,420,1,5
7693,3,158,3,2,3,2,79,96,420,540,3,5
7694,10,588,11,1,3,2,25,53,180,300,3,5
7695,3,240,4,1,3,1,76,48,180,300,1,5
7696,13,90,13,2,3,2,31,17,420,540,4,5
7697,5,364,5,2,3,3,88,35,420,540,1,5
7698,13,495,15,2,3,3,98,17,420,540,4,5
7699,14,275,14,2,3,3,14,82,300,420,2,5
7700,2,219,2,2,3,1,78,23,300,420,4,5
7701,4,447,5,2,3,3,88,100,420,540,1,5
7702,8,566,9,1,3,3,62,53,180,300,3,5
7703,14,450,15,2,3,3,30,17,300,600,4,5
7704,10,507,12,1,3,1,80,47,60,180,1,5
7705,5,382,6,1,3,3,81,30,60,180,4,5
7706,4,557,5,2,3,2,81,73,0,300,4,5
7707,8,181,8,2,3,1,30,42,300,420,3,5
7708,5,545,7,1,3,2,75,29,0,300,4,5
7709,11,497,12,1,3,1,99,26,180,300,2,5
7710,7,333,7,2,3,3,10,100,420,540,2,5
7711,10,382,10,2,3,1,73,40,420,540,3,5
7712,13,62,13,2,3,2,83,95,300,420,2,5
7713,6,292,6,2,3,3,12,84,420,540,2,5
7714,8,351,10,2,3,3,48,27,60,180,4,5
7715,11,169,11,2,3,1,67,29,180,300,2,5
7716,8,75,9,2,3,3,60,65,0,300,4,5
7717,10,460,11,2,3,2,74,82,420,540,1,5
7718,7,521,8,2,3,1,59,63,0,300,1,5
7719,2,3,2,1,3,2,59,85,60,180,4,5
7720,10,229,10,2,3,3,36,58,300,420,3,5
7721,1,204,1,2,3,3,71,84,420,540,1,5
7722,9,564,11,1,3,3,89,65,60,180,1,5
7723,5,525,6,2,3,3,19,92,180,300,4,5
7724,10,511,11,2,3,1,58,97,180,300,2,5
7725,9,174,9,1,3,1,50,39,180,300,1,5
7726,4,113,5,2,3,1,34,42,180,300,4,5
7727,11,248,12,2,3,1,6,17,60,180,2,5
7728,11,44,12,2,3,3,99,6,420,540,4,5
7729,4,374,4,2,3,2,11,43,420,540,2,5
7730,8,468,10,1,3,1,12,74,0,300,2,5
7731,8,462,9,2,3,3,41,50,300,420,2,5
7732,11,289,12,2,3,1,16,0,420,540,1,5
7733,4,247,5,2,3,2,48,85,300,420,4,5
7734,12,543,13,2,3,3,99,67,0,300,3,5
7735,12,595,13,1,3,1,4,87,180,300,1,5
7736,5,5,6,1,3,1,4,49,60,180,2,5
7737,4,57,5,2,3,2,73,63,420,540,2,5
7738,14,519,15,1,3,1,4,29,180,300,2,5
7739,2,174,2,2,3,3,40,65,180,300,4,5
7740,8,582,10,1,3,3,72,18,60,180,1,5
7741,7,468,9,2,3,3,64,33,180,300,1,5
7742,4,468,6,1,3,1,74,37,180,300,1,5
7743,10,99,10,2,3,1,78,10,300,600,3,5
7744,10,323,10,2,3,2,44,26,420,540,3,5
7745,5,307,5,2,3,3,71,16,420,540,2,5
7746,3,43,4,2,3,1,96,3,300,600,4,5
7747,8,333,8,2,3,2,67,73,420,540,3,5
7748,7,408,7,2,3,3,36,69,420,540,3,5
7749,13,477,14,1,3,1,32,29,0,300,2,5
7750,6,2,7,1,3,3,33,56,0,300,1,5
7751,7,544,8,2,3,1,59,99,60,180,2,5
7752,3,53,3,2,3,3,41,79,0,300,2,5
7753,12,341,13,2,3,3,93,97,420,540,4,5
7754,8,82,8,1,3,1,93,48,180,300,1,5
7755,5,520,6,2,3,2,53,45,0,300,4,5
7756,1,316,1,2,3,2,40,88,420,540,4,5
7757,6,534,8,1,3,3,65,42,0,300,3,5
7758,7,219,8,1,3,1,83,89,0,300,3,5
7759,7,456,8,2,3,3,5,2,60,180,1,5
7760,10,172,10,2,3,3,2,100,420,540,4,5
7761,9,529,11,2,3,1,19,92,0,300,4,5
7762,2,372,2,2,3,3,67,100,420,540,2,5
7763,3,584,4,2,3,3,77,95,420,540,3,5
7764,3,352,3,2,3,3,82,95,420,540,1,5
7765,13,378,13,2,3,2,76,73,420,540,2,5
7766,3,108,5,2,3,3,84,5,60,180,4,5
7767,4,470,6,1,3,1,76,16,60,180,4,5
7768,5,465,7,1,3,2,81,14,60,180,2,5
7769,11,358,11,2,3,1,49,38,420,540,3,5
7770,10,592,11,1,3,3,29,93,0,300,4,5
7771,5,593,7,1,3,2,95,10,180,300,3,5
7772,10,323,10,2,3,1,82,10,420,540,4,5
7773,13,542,14,2,3,1,3,41,420,540,3,5
7774,9,412,10,2,3,1,16,79,300,420,3,5
7775,14,447,15,2,3,3,38,70,420,540,4,5
7776,11,283,11,2,3,1,45,70,300,600,1,5
7777,6,254,6,2,3,1,23,38,420,540,2,5
7778,2,534,3,2,3,3,23,37,300,420,4,5
7779,3,392,4,2,3,1,85,33,0,300,1,5
7780,14,272,14,2,3,1,68,83,420,540,2,5
7781,7,499,9,1,3,3,32,46,0,300,2,5
7782,3,368,3,2,3,3,21,55,420,540,4,5
7783,11,207,11,2,3,2,99,8,300,420,3,5
7784,1,324,1,2,3,3,77,0,420,540,3,5
7785,14,542,15,2,3,3,10,87,0,300,1,5
7786,14,542,15,2,3,1,11,89,60,180,3,5
7787,3,224,3,2,3,1,96,29,420,540,3,5
7788,1,105,1,2,3,2,12,5,420,540,3,5
7789,1,191,3,2,3,2,5,39,60,180,2,5
7790,10,317,11,2,3,3,35,93,300,600,2,5
7791,13,263,13,2,3,1,7,73,420,540,3,5
7792,1,487,3,2,3,2,71,53,180,300,4,5
7793,9,223,9,2,3,3,97,63,300,600,1,5
7794,2,340,2,2,3,1,37,96,420,540,4,5
7795,9,232,9,2,3,1,4,41,300,600,3,5
7796,11,215,12,2,3,3,84,10,420,540,2,5
7797,8,556,10,2,3,2,99,35,300,600,4,5
7798,3,178,3,2,3,3,60,66,300,420,1,5
7799,2,239,2,2,3,3,11,82,420,540,4,5
7800,14,157,14,1,3,2,36,100,180,300,3,5
7801,6,257,7,2,3,2,83,33,180,300,4,5
7802,10,519,12,2,3,1,74,50,300,420,2,5
7803,13,369,14,1,3,1,64,76,0,300,2,5
7804,12,475,13,1,3,1,99,43,0,300,1,5
7805,14,187,15,2,3,3,51,53,300,600,3,5
7806,8,308,8,2,3,3,89,98,420,540,1,5
7807,2,65,3,2,3,1,86,77,300,420,1,5
7808,6,43,6,2,3,3,28,48,180,300,2,5
7809,7,123,7,2,3,1,91,54,420,540,4,5
7810,12,388,12,2,3,1,16,32,420,540,3,5
7811,10,111,10,2,3,1,45,89,180,300,1,5
7812,2,41,2,1,3,3,5,55,60,180,3,5
7813,13,306,15,2,3,1,76,6,60,180,3,5
7814,9,98,10,1,3,1,0,84,180,300,4,5
7815,4,267,4,2,3,3,24,65,420,540,1,5
7816,3,318,3,2,3,3,5,62,420,540,1,5
7817,8,124,8,2,3,1,1,0,420,540,4,5
7818,2,199,3,2,3,3,59,62,60,180,2,5
7819,9,203,10,1,3,1,60,28,0,300,3,5
7820,13,447,15,2,3,3,42,94,180,300,4,5
7821,7,78,8,1,3,3,60,76,180,300,4,5
7822,14,150,15,2,3,3,61,40,0,300,1,5
7823,12,182,12,2,3,3,100,25,300,600,2,5
7824,13,73,14,1,3,1,10,29,0,300,1,5
7825,14,100,14,2,3,3,63,65,300,420,2,5
7826,6,581,7,1,3,2,66,32,180,300,3,5
7827,13,544,14,1,3,2,88,43,180,300,2,5
7828,9,360,11,2,3,2,21,78,0,300,2,5
7829,8,70,8,2,3,2,89,72,300,420,1,5
7830,4,214,4,2,3,2,85,66,300,600,2,5
7831,13,355,13,2,3,2,56,98,420,540,3,5
7832,7,497,9,2,3,3,68,13,300,600,1,5
7833,3,497,4,1,3,2,69,94,180,300,2,5
7834,14,451,16,1,3,3,87,72,60,180,1,5
7835,8,505,10,2,3,1,100,65,60,180,3,5
7836,1,280,3,2,3,2,72,55,300,420,4,5
7837,12,123,12,2,3,1,9,30,180,300,1,5
7838,5,121,6,2,3,3,50,83,0,300,2,5
7839,5,409,6,2,3,1,81,100,0,300,1,5
7840,4,290,4,2,3,1,21,2,420,540,2,5
7841,8,432,9,1,3,2,82,35,0,300,1,5
7842,12,183,12,2,3,3,45,54,300,600,4,5
7843,8,318,9,2,3,2,98,78,60,180,2,5
7844,6,194,7,2,3,2,83,82,300,600,1,5
7845,7,94,7,2,3,3,68,24,180,300,4,5
7846,13,532,15,2,3,3,57,67,420,540,4,5
7847,6,541,8,1,3,3,11,51,180,300,1,5
7848,3,501,5,2,3,1,25,83,0,300,2,5
7849,14,457,15,2,3,1,22,46,420,540,1,5
7850,8,18,9,2,3,1,2,47,300,420,3,5
7851,2,293,2,2,3,1,5,54,300,600,2,5
7852,13,543,15,2,3,2,30,62,60,180,4,5
7853,5,292,5,2,3,3,43,74,420,540,3,5
7854,12,359,13,2,3,1,68,67,60,180,1,5
7855,9,235,9,2,3,2,33,1,300,600,4,5
7856,1,396,2,1,3,3,59,94,180,300,4,5
7857,4,55,5,2,3,1,31,56,0,300,2,5
7858,8,194,8,2,3,3,95,15,420,540,3,5
7859,6,300,7,1,3,3,33,34,180,300,1,5
7860,13,139,14,2,3,3,17,2,60,180,1,5
7861,12,7,13,1,3,1,91,57,60,180,3,5
7862,14,76,16,2,3,1,78,40,300,420,2,5
7863,13,252,13,2,3,1,9,68,420,540,3,5
7864,10,143,11,2,3,2,5,26,60,180,2,5
7865,9,246,9,2,3,1,41,17,300,600,1,5
7866,4,480,6,2,3,1,89,32,300,600,2,5
7867,2,28,2,1,3,1,13,17,60,180,3,5
7868,9,201,9,2,3,1,7,14,300,420,4,5
7869,7,56,8,2,3,3,21,38,420,540,4,5
7870,5,160,6,2,3,3,93,10,300,600,1,5
7871,11,27,11,1,3,1,10,18,60,180,2,5
7872,14,160,14,2,3,2,61,9,300,600,4,5
7873,4,68,4,1,3,1,21,81,180,300,4,5
7874,7,40,8,2,3,1,12,57,420,540,4,5
7875,14,558,15,2,3,3,15,20,60,180,4,5
7876,10,582,12,2,3,3,1,60,180,300,2,5
7877,9,357,9,2,3,1,83,46,420,540,4,5
7878,1,409,1,2,3,1,23,88,420,540,1,5
7879,14,291,14,2,3,1,29,41,300,600,4,5
7880,2,23,2,2,3,3,70,45,300,600,4,5
7881,12,116,13,2,3,3,18,68,60,180,3,5
7882,4,164,5,1,3,1,66,84,180,300,4,5
7883,1,445,3,2,3,3,91,5,0,300,1,5
7884,2,121,2,2,3,1,46,11,180,300,4,5
7885,1,338,2,2,3,1,68,48,300,600,1,5
7886,14,304,15,2,3,3,0,12,0,300,1,5
7887,10,309,10,2,3,3,32,97,420,540,3,5
7888,13,448,14,2,3,2,34,7,300,600,4,5
7889,2,296,2,2,3,1,17,30,300,420,4,5
7890,9,336,9,2,3,3,21,12,420,540,1,5
7891,14,307,15,1,3,1,71,77,180,300,2,5
7892,3,536,5,1,3,1,35,69,60,180,4,5
7893,8,259,8,2,3,1,68,63,300,420,1,5
7894,8,416,9,2,3,1,29,12,420,540,4,5
7895,12,235,12,2,3,1,15,29,300,420,2,5
7896,13,172,13,2,3,3,80,87,420,540,2,5
7897,10,492,11,2,3,3,33,51,180,300,3,5
7898,7,525,9,2,3,1,97,84,180,300,3,5
7899,1,440,3,2,3,3,7,69,300,600,4,5
7900,2,100,3,2,3,3,99,65,180,300,4,5
7901,1,203,1,2,3,1,93,58,300,420,1,5
7902,2,404,3,1,3,1,20,2,180,300,2,5
7903,11,377,11,2,3,3,53,58,420,540,3,5
7904,3,30,3,2,3,1,78,65,0,300,4,5
7905,6,170,7,1,3,2,41,84,60,180,1,5
7906,5,483,6,2,3,2,80,69,180,300,2,5
7907,1,341,1,2,3,3,26,67,420,540,3,5
7908,6,483,8,1,3,2,63,31,180,300,3,5
7909,8,57,8,2,3,2,32,10,420,540,1,5
7910,6,338,7,1,3,3,4,51,0,300,4,5
7911,10,115,11,2,3,3,65,48,180,300,3,5
7912,5,298,6,2,3,3,6,68,180,300,4,5
7913,13,523,14,2,3,3,81,19,0,300,4,5
7914,8,256,8,2,3,2,59,70,420,540,3,5
7915,10,81,10,1,3,2,85,33,180,300,4,5
7916,13,135,13,1,3,1,64,35,180,300,1,5
7917,13,462,14,2,3,2,49,61,180,300,2,5
7918,12,199,12,2,3,2,81,95,300,420,2,5
7919,1,100,1,2,3,1,82,41,180,300,4,5
7920,4,84,4,2,3,1,48,50,180,300,4,5
7921,14,96,14,2,3,3,49,19,180,300,2,5
7922,8,356,8,2,3,3,95,45,420,540,2,5
7923,14,371,14,2,3,3,100,52,420,540,2,5
7924,6,281,7,2,3,1,28,52,0,300,4,5
7925,8,334,8,2,3,1,71,86,420,540,2,5
7926,4,580,5,2,3,3,85,24,0,300,1,5
7927,5,149,6,2,3,2,69,6,420,540,4,5
7928,5,318,5,2,3,1,11,31,420,540,2,5
7929,8,203,8,2,3,1,94,83,420,540,1,5
7930,9,417,9,2,3,1,63,29,420,540,2,5
7931,14,385,14,2,3,2,61,25,420,540,3,5
7932,8,487,10,2,3,1,40,56,180,300,4,5
7933,7,588,9,1,3,1,52,46,60,180,3,5
7934,14,400,15,1,3,3,29,11,60,180,2,5
7935,11,133,12,2,3,3,96,63,420,540,2,5
7936,5,221,6,2,3,2,53,31,420,540,1,5
7937,8,538,10,2,3,2,89,71,180,300,2,5
7938,1,496,3,2,3,3,85,27,180,300,3,5
7939,14,156,15,1,3,3,83,83,60,180,2,5
7940,3,18,3,2,3,1,27,21,300,600,3,5
7941,9,554,11,2,3,2,41,18,420,540,4,5
7942,6,309,6,2,3,2,45,28,420,540,2,5
7943,4,354,4,2,3,3,4,77,420,540,3,5
7944,6,394,6,2,3,2,43,50,420,540,2,5
7945,3,281,5,2,3,1,89,53,0,300,3,5
7946,1,377,1,2,3,2,22,54,420,540,2,5
7947,5,240,6,1,3,2,62,46,0,300,3,5
7948,9,216,11,2,3,3,17,75,60,180,3,5
7949,7,226,7,2,3,2,73,13,420,540,4,5
7950,1,31,2,2,3,2,41,15,0,300,3,5
7951,6,463,7,2,3,1,24,0,180,300,2,5
7952,6,389,6,2,3,1,31,56,420,540,3,5
7953,9,231,9,2,3,1,33,71,300,420,3,5
7954,13,455,15,1,3,1,20,75,180,300,1,5
7955,12,53,12,2,3,1,67,14,0,300,2,5
7956,14,116,15,1,3,3,56,15,60,180,1,5
7957,5,288,7,2,3,1,65,6,420,540,1,5
7958,3,566,5,1,3,1,23,51,0,300,1,5
7959,5,21,6,2,3,1,53,88,0,300,1,5
7960,11,577,12,2,3,1,7,98,0,300,3,5
7961,7,557,8,2,3,3,82,11,420,540,3,5
7962,7,160,8,1,3,2,5,23,0,300,4,5
7963,7,314,7,2,3,1,0,33,420,540,2,5
7964,14,364,14,2,3,3,48,23,420,540,4,5
7965,10,495,11,1,3,1,71,5,180,300,1,5
7966,5,398,5,2,3,3,82,18,420,540,2,5
7967,11,210,12,2,3,3,52,56,420,540,2,5
7968,14,214,14,2,3,1,76,76,300,600,1,5
7969,9,184,9,2,3,1,54,31,420,540,2,5
7970,5,208,6,1,3,2,41,44,0,300,1,5
7971,8,6,8,1,3,2,64,15,60,180,3,5
7972,3,361,4,2,3,2,5,31,0,300,2,5
7973,2,522,3,1,3,1,14,90,60,180,3,5
7974,2,126,2,2,3,3,46,90,420,540,3,5
7975,14,242,14,2,3,3,14,1,420,540,1,5
7976,5,548,6,2,3,3,91,43,420,540,2,5
7977,8,335,8,2,3,1,70,38,420,540,4,5
7978,12,147,13,1,3,2,41,59,60,180,4,5
7979,10,101,10,2,3,2,94,62,300,420,1,5
7980,12,283,13,1,3,1,87,7,0,300,2,5
7981,14,69,14,2,3,2,28,41,180,300,4,5
7982,4,207,4,2,3,1,49,48,300,420,3,5
7983,2,600,3,2,3,3,91,100,60,180,3,5
7984,14,406,15,1,3,1,96,77,0,300,2,5
7985,6,336,7,2,3,3,21,89,60,180,3,5
7986,11,78,11,1,3,3,8,67,180,300,4,5
7987,13,409,13,2,3,3,72,68,420,540,1,5
7988,9,448,10,2,3,1,83,78,0,300,1,5
7989,11,64,11,1,3,2,24,68,180,300,2,5
7990,9,561,10,2,3,1,98,56,60,180,2,5
7991,1,591,3,2,3,3,49,77,60,180,3,5
7992,1,220,1,2,3,2,2,62,420,540,1,5
7993,10,289,10,2,3,2,68,52,420,540,3,5
7994,6,256,6,2,3,2,50,78,420,540,3,5
7995,6,464,7,2,3,3,33,20,0,300,4,5
7996,2,183,3,2,3,1,21,30,60,180,2,5
7997,9,199,10,1,3,3,59,26,0,300,4,5
7998,2,136,3,1,3,1,13,29,180,300,3,5
7999,3,265,4,2,3,2,10,16,420,540,1,5
8000,14,466,16,2,3,1,55,32,0,300,2,5
8001,12,544,14,1,3,3,33,3,0,300,2,5
8002,3,570,4,2,3,3,84,41,0,300,3,5
8003,4,443,6,2,3,1,67,70,300,420,2,5
8004,14,437,16,2,3,2,65,28,180,300,4,5
8005,3,514,4,1,3,1,54,34,60,180,1,5
8006,7,589,9,2,3,2,63,40,420,540,1,5
8007,5,458,7,2,3,2,39,26,180,300,1,5
8008,1,147,3,1,3,2,69,42,180,300,4,5
8009,4,238,4,2,3,1,40,68,420,540,1,5
8010,6,589,7,2,3,1,17,68,0,300,2,5
8011,4,465,5,1,3,1,35,49,180,300,1,5
8012,11,341,12,1,3,3,88,38,0,300,1,5
8013,4,325,4,2,3,2,84,4,420,540,4,5
8014,5,79,6,2,3,1,42,70,180,300,2,5
8015,6,420,6,2,3,3,68,48,420,540,4,5
8016,8,382,9,2,3,1,84,48,180,300,2,5
8017,5,2,5,2,3,2,37,65,420,540,1,5
8018,5,447,7,1,3,2,73,84,0,300,2,5
8019,12,116,12,2,3,3,44,45,180,300,4,5
8020,10,24,11,2,3,2,28,34,60,180,3,5
8021,2,395,2,2,3,2,25,17,420,540,3,5
8022,13,67,13,1,3,1,22,24,180,300,1,5
8023,6,427,8,2,3,2,31,20,60,180,3,5
8024,3,536,4,1,3,3,43,19,60,180,4,5
8025,12,271,13,2,3,1,28,16,300,600,1,5
8026,6,293,6,2,3,1,99,66,300,420,2,5
8027,3,310,3,2,3,1,91,5,420,540,4,5
8028,2,493,4,2,3,1,14,78,420,540,3,5
8029,13,449,15,2,3,3,31,43,420,540,2,5
8030,10,112,11,2,3,2,69,76,420,540,4,5
8031,10,131,10,1,3,3,40,30,180,300,1,5
8032,8,502,10,2,3,3,12,86,300,420,2,5
8033,3,160,4,1,3,1,65,98,180,300,1,5
8034,10,216,11,2,3,3,4,39,180,300,1,5
8035,10,457,12,2,3,1,36,62,60,180,1,5
8036,9,598,10,1,3,3,7,78,180,300,2,5
8037,13,288,13,2,3,1,8,16,300,420,2,5
8038,11,452,12,2,3,1,83,87,180,300,2,5
8039,5,44,5,1,3,2,86,47,60,180,1,5
8040,9,118,9,1,3,3,100,26,180,300,2,5
8041,8,215,8,2,3,1,31,74,420,540,3,5
8042,1,463,3,2,3,2,29,61,420,540,3,5
8043,9,467,11,1,3,3,19,64,180,300,4,5
8044,6,172,7,1,3,3,55,73,180,300,3,5
8045,7,281,8,1,3,2,53,85,180,300,2,5
8046,1,180,1,2,3,1,1,20,300,600,3,5
8047,7,46,7,2,3,3,59,87,60,180,1,5
8048,13,518,14,2,3,2,64,67,420,540,2,5
8049,11,11,11,2,3,1,24,52,0,300,1,5
8050,8,45,8,1,3,3,45,78,60,180,2,5
8051,11,384,11,2,3,1,9,74,420,540,1,5
8052,10,367,11,2,3,1,2,7,60,180,4,5
8053,9,356,9,2,3,1,48,23,420,540,2,5
8054,14,194,14,2,3,1,84,65,420,540,4,5
8055,7,109,7,2,3,2,88,77,420,540,4,5
8056,7,483,9,2,3,1,17,4,180,300,1,5
8057,12,509,14,1,3,3,44,43,0,300,4,5
8058,4,351,5,1,3,1,89,65,180,300,2,5
8059,12,286,12,2,3,3,76,91,300,600,3,5
8060,14,569,15,2,3,3,51,99,180,300,1,5
8061,5,272,5,2,3,2,66,5,420,540,1,5
8062,8,315,8,2,3,1,15,29,420,540,1,5
8063,5,333,5,2,3,1,65,90,420,540,4,5
8064,14,384,14,2,3,1,35,100,420,540,1,5
8065,1,113,1,2,3,1,65,28,180,300,1,5
8066,8,576,9,2,3,1,54,22,300,600,3,5
8067,8,464,9,2,3,3,3,53,300,600,3,5
8068,13,403,13,2,3,1,52,33,420,540,2,5
8069,3,583,5,2,3,2,62,53,0,300,1,5
8070,4,515,5,2,3,3,58,38,60,180,4,5
8071,3,539,4,1,3,1,96,35,0,300,1,5
8072,3,148,3,2,3,1,89,57,300,420,3,5
8073,13,325,14,1,3,1,5,78,0,300,3,5
8074,4,207,5,1,3,3,31,73,60,180,4,5
8075,5,443,6,1,3,2,33,31,0,300,4,5
8076,2,469,3,1,3,1,39,97,0,300,2,5
8077,10,151,10,2,3,2,57,36,300,420,4,5
8078,9,164,10,2,3,2,15,31,0,300,1,5
8079,1,120,1,2,3,3,54,77,420,540,3,5
8080,8,210,8,2,3,3,47,58,420,540,3,5
8081,3,530,4,2,3,1,59,32,420,540,1,5
8082,13,124,13,1,3,2,38,90,180,300,3,5
8083,5,415,5,2,3,2,29,97,420,540,1,5
8084,13,300,13,2,3,2,68,71,420,540,1,5
8085,3,27,4,1,3,2,11,24,180,300,3,5
8086,14,391,14,2,3,3,26,98,420,540,4,5
8087,13,496,15,2,3,3,90,13,60,180,3,5
8088,14,201,14,2,3,2,66,93,300,420,3,5
8089,9,390,10,1,3,2,2,58,180,300,3,5
8090,2,527,4,2,3,2,41,83,60,180,2,5
8091,7,75,8,1,3,1,38,7,180,300,2,5
8092,12,229,13,1,3,2,38,56,180,300,2,5
8093,1,112,1,2,3,3,5,4,180,300,3,5
8094,13,69,14,2,3,2,94,4,60,180,3,5
8095,2,588,3,2,3,3,94,52,420,540,3,5
8096,8,99,9,2,3,3,37,52,60,180,1,5
8097,12,249,12,2,3,3,67,78,300,600,2,5
8098,8,264,8,2,3,2,23,18,300,420,4,5
8099,11,293,12,2,3,2,39,73,0,300,3,5
8100,11,107,12,2,3,3,4,59,60,180,3,5
8101,6,4,7,1,3,1,6,65,60,180,4,5
8102,11,230,12,2,3,2,35,40,420,540,4,5
8103,8,79,9,2,3,1,91,72,420,540,1,5
8104,10,568,12,2,3,1,76,14,0,300,4,5
8105,1,369,2,2,3,3,98,78,300,420,4,5
8106,14,384,14,2,3,1,69,15,420,540,2,5
8107,13,159,13,2,3,3,1,70,300,600,3,5
8108,1,257,2,2,3,3,81,27,0,300,1,5
8109,2,157,2,2,3,3,49,42,180,300,1,5
8110,5,376,5,2,3,3,4,51,420,540,1,5
8111,12,239,13,2,3,1,46,15,420,540,1,5
8112,12,409,12,2,3,2,92,26,420,540,4,5
8113,8,450,10,1,3,2,88,59,180,300,4,5
8114,11,398,12,2,3,3,19,6,180,300,1,5
8115,8,388,9,1,3,1,85,73,0,300,2,5
8116,10,230,10,2,3,1,27,53,420,540,1,5
8117,11,339,11,2,3,2,30,53,420,540,3,5
8118,6,396,6,2,3,1,2,100,420,540,2,5
8119,10,304,10,2,3,3,70,75,420,540,3,5
8120,6,283,6,2,3,2,29,25,420,540,1,5
8121,9,487,11,2,3,1,27,78,300,600,4,5
8122,1,525,3,1,3,1,87,79,180,300,2,5
8123,14,211,14,2,3,3,67,77,420,540,1,5
8124,11,88,11,1,3,2,55,72,180,300,1,5
8125,2,24,2,2,3,2,10,21,0,300,4,5
8126,14,81,14,2,3,3,85,40,420,540,4,5
8127,11,252,12,2,3,1,12,40,0,300,4,5
8128,12,57,13,2,3,3,52,35,300,600,2,5
8129,1,590,3,2,3,1,22,28,0,300,3,5
8130,11,520,12,2,3,3,62,44,300,600,3,5
8131,8,98,8,1,3,1,46,100,180,300,3,5
8132,14,125,15,1,3,3,10,58,0,300,2,5
8133,4,425,5,2,3,2,29,21,180,300,2,5
8134,12,484,14,1,3,1,70,35,0,300,4,5
8135,6,7,6,2,3,3,0,36,180,300,3,5
8136,9,578,11,2,3,1,34,99,300,600,2,5
8137,4,291,4,2,3,1,41,19,420,540,3,5
8138,2,294,2,2,3,1,66,34,300,600,3,5
8139,4,114,4,1,3,1,53,12,180,300,2,5
8140,13,256,13,2,3,3,68,35,300,420,4,5
8141,13,129,14,1,3,1,40,88,180,300,1,5
8142,9,69,10,1,3,2,50,45,180,300,4,5
8143,2,116,2,1,3,1,95,99,180,300,4,5
8144,8,594,10,1,3,3,74,42,180,300,1,5
8145,1,555,3,1,3,3,27,10,0,300,2,5
8146,9,142,9,2,3,1,40,66,300,600,2,5
8147,3,121,3,2,3,3,79,42,180,300,1,5
8148,10,343,10,2,3,1,12,87,420,540,1,5
8149,11,236,11,2,3,2,76,64,300,600,3,5
8150,7,100,8,2,3,3,66,27,300,600,2,5
8151,4,417,4,2,3,2,59,74,420,540,1,5
8152,12,380,14,2,3,3,72,27,300,600,3,5
8153,10,456,11,2,3,1,58,7,180,300,1,5
8154,1,315,1,2,3,3,88,27,420,540,3,5
8155,12,536,13,1,3,2,100,0,0,300,4,5
8156,7,310,9,2,3,2,1,45,0,300,1,5
8157,12,372,13,1,3,3,22,62,0,300,4,5
8158,7,125,7,2,3,3,53,17,420,540,2,5
8159,7,508,8,1,3,1,88,73,180,300,4,5
8160,11,280,11,2,3,3,98,6,300,600,2,5
8161,6,198,7,1,3,1,94,77,0,300,1,5
8162,7,595,8,2,3,2,16,32,420,540,3,5
8163,1,556,3,2,3,1,16,99,0,300,3,5
8164,9,395,10,1,3,2,73,20,180,300,3,5
8165,11,64,11,1,3,1,87,5,180,300,4,5
8166,9,215,9,2,3,3,15,14,300,600,2,5
8167,3,478,5,2,3,1,3,50,300,600,1,5
8168,6,62,6,2,3,3,27,99,300,600,2,5
8169,3,475,4,2,3,2,14,19,60,180,1,5
8170,6,499,7,1,3,1,41,18,0,300,2,5
8171,13,159,15,2,3,3,27,52,300,600,1,5
8172,14,311,15,1,3,2,30,55,60,180,4,5
8173,10,55,10,1,3,3,41,14,60,180,4,5
8174,3,5,3,2,3,1,3,27,0,300,3,5
8175,11,348,11,2,3,3,77,32,420,540,1,5
8176,5,412,6,2,3,3,82,38,420,540,3,5
8177,10,51,10,1,3,1,96,70,60,180,4,5
8178,5,303,6,2,3,2,72,75,420,540,1,5
8179,13,458,15,2,3,3,44,57,300,420,4,5
8180,8,396,8,2,3,3,42,48,420,540,1,5
8181,1,515,2,1,3,2,42,3,180,300,4,5
8182,6,340,7,2,3,2,63,72,300,600,3,5
8183,11,26,12,2,3,3,95,36,300,420,1,5
8184,10,390,10,2,3,3,9,86,420,540,1,5
8185,6,47,6,2,3,2,31,19,300,420,4,5
8186,11,243,13,2,3,2,51,67,420,540,1,5
8187,12,465,14,2,3,1,42,77,180,300,3,5
8188,5,451,7,2,3,3,20,26,180,300,4,5
8189,13,516,15,1,3,2,6,14,60,180,3,5
8190,4,333,4,2,3,2,71,87,420,540,1,5
8191,1,56,2,2,3,2,86,54,420,540,2,5
8192,5,371,7,2,3,3,65,25,300,420,3,5
8193,5,332,6,2,3,2,31,63,180,300,4,5
8194,5,146,5,1,3,2,59,54,180,300,4,5
8195,2,349,2,2,3,3,8,54,420,540,1,5
8196,9,469,10,2,3,1,94,81,60,180,1,5
8197,9,371,9,2,3,2,64,50,420,540,4,5
8198,12,394,13,2,3,2,69,15,300,600,4,5
8199,4,288,5,1,3,2,44,88,60,180,3,5
8200,8,522,9,2,3,2,87,98,60,180,1,5
8201,6,599,8,2,3,3,88,77,300,600,2,5
8202,1,143,1,2,3,2,32,97,420,540,1,5
8203,1,353,1,2,3,2,67,18,420,540,1,5
8204,9,455,10,2,3,2,37,17,180,300,4,5
8205,8,259,8,2,3,2,89,97,300,600,4,5
8206,5,304,5,2,3,1,96,48,420,540,1,5
8207,13,542,15,2,3,2,15,92,300,600,4,5
8208,9,30,10,2,3,2,94,3,300,600,3,5
8209,8,361,8,2,3,1,47,86,420,540,3,5
8210,6,71,7,2,3,3,100,88,60,180,1,5
8211,14,46,15,2,3,2,55,26,0,300,4,5
8212,10,272,11,1,3,3,11,76,180,300,4,5
8213,4,54,5,2,3,2,91,23,0,300,1,5
8214,6,398,7,1,3,3,95,56,60,180,4,5
8215,7,325,7,2,3,1,36,82,420,540,4,5
8216,3,34,4,2,3,3,81,54,180,300,4,5
8217,8,229,8,2,3,1,18,13,420,540,1,5
8218,9,52,9,1,3,3,17,27,60,180,2,5
8219,4,504,5,1,3,2,66,57,60,180,2,5
8220,1,48,2,1,3,1,66,32,0,300,2,5
8221,8,315,8,2,3,2,4,23,420,540,4,5
8222,5,457,7,2,3,3,41,82,0,300,2,5
8223,1,253,1,2,3,2,18,51,420,540,3,5
8224,12,529,14,2,3,1,3,11,180,300,1,5
8225,5,473,6,1,3,1,57,86,180,300,1,5
8226,5,419,7,2,3,3,19,8,0,300,3,5
8227,14,54,15,1,3,1,18,100,0,300,4,5
8228,10,163,10,2,3,3,70,4,420,540,2,5
8229,7,508,8,1,3,2,80,28,0,300,3,5
8230,12,18,12,1,3,2,73,45,60,180,1,5
8231,10,278,10,2,3,3,66,64,300,600,4,5
8232,9,453,11,1,3,2,42,7,60,180,3,5
8233,11,460,12,2,3,1,50,0,0,300,2,5
8234,10,185,10,2,3,2,18,87,300,600,3,5
8235,10,490,12,2,3,2,74,39,300,600,2,5
8236,6,325,6,2,3,1,84,26,420,540,4,5
8237,3,410,4,2,3,2,45,13,180,300,3,5
8238,12,477,14,2,3,2,49,84,300,420,4,5
8239,2,321,2,2,3,1,68,5,420,540,2,5
8240,8,126,10,2,3,3,77,47,60,180,1,5
8241,8,480,9,1,3,3,27,95,180,300,3,5
8242,9,64,9,2,3,2,4,18,180,300,3,5
8243,8,233,8,2,3,1,62,55,420,540,1,5
8244,1,296,1,2,3,1,48,21,420,540,2,5
8245,8,286,9,1,3,1,34,18,180,300,2,5
8246,6,363,6,2,3,3,65,36,420,540,4,5
8247,1,145,2,1,3,1,4,34,60,180,4,5
8248,9,100,9,2,3,2,38,47,420,540,4,5
8249,10,171,11,2,3,2,27,2,180,300,1,5
8250,13,3,14,2,3,3,89,28,0,300,1,5
8251,5,399,5,2,3,2,88,97,420,540,3,5
8252,13,67,14,2,3,3,5,47,0,300,4,5
8253,9,148,10,1,3,3,63,54,0,300,4,5
8254,13,296,13,2,3,2,37,62,300,420,4,5
8255,1,562,3,2,3,3,72,7,0,300,3,5
8256,12,517,14,1,3,3,72,52,0,300,4,5
8257,8,50,9,1,3,2,1,100,60,180,4,5
8258,11,71,11,2,3,2,85,21,300,420,3,5
8259,2,257,2,2,3,1,88,33,420,540,2,5
8260,13,275,13,2,3,3,16,63,420,540,3,5
8261,3,532,4,1,3,3,43,20,180,300,1,5
8262,6,262,6,2,3,2,91,58,420,540,1,5
8263,3,243,4,2,3,1,81,64,60,180,3,5
8264,2,381,3,2,3,3,66,61,180,300,1,5
8265,8,155,8,1,3,3,97,97,180,300,1,5
8266,5,485,6,2,3,3,5,53,180,300,4,5
8267,11,78,12,1,3,1,13,65,180,300,1,5
8268,6,579,8,2,3,1,88,30,180,300,4,5
8269,9,238,9,2,3,2,85,13,300,600,2,5
8270,11,61,11,1,3,2,99,97,180,300,2,5
8271,3,186,3,2,3,3,27,33,420,540,1,5
8272,13,515,14,2,3,3,15,8,0,300,1,5
8273,1,5,1,2,3,2,97,22,420,540,3,5
8274,3,105,3,2,3,3,83,82,180,300,3,5
8275,6,228,6,2,3,1,99,90,300,600,4,5
8276,3,422,4,2,3,2,78,12,420,540,2,5
8277,4,126,4,2,3,3,37,41,180,300,3,5
8278,6,243,6,2,3,2,68,29,300,420,1,5
8279,7,377,8,2,3,1,42,38,180,300,4,5
8280,6,226,7,2,3,1,51,10,180,300,1,5
1,,,2,2,2,1,7,71,420,540,4,5
2,,,2,2,2,2,96,48,60,180,3,5
3,,,2,2,2,1,95,12,300,600,1,5
4,,,2,2,2,2,38,8,420,540,1,5
5,,,2,2,2,1,41,63,0,300,4,5
6,,,2,2,2,1,93,39,300,600,1,5
7,,,1,1,2,2,11,31,300,600,3,5
8,,,2,2,2,2,79,87,420,540,2,5
9,,,2,2,2,1,74,34,60,180,4,5
10,,,1,1,2,3,81,92,420,540,4,5
11,,,2,2,2,1,32,76,180,300,3,5
12,,,2,2,2,3,92,83,60,180,2,5
13,,,1,1,2,2,9,99,420,540,3,5
14,,,1,1,2,2,37,97,300,600,1,5
15,,,1,1,2,3,38,44,420,540,2,5
16,,,2,2,2,1,61,50,180,300,1,5
17,,,1,1,2,2,56,83,300,600,4,5
18,,,2,2,2,2,97,12,0,300,1,5
19,,,1,1,2,3,66,17,420,540,4,5
20,,,2,2,2,2,48,89,60,180,3,5
21,,,2,2,2,3,17,28,300,420,3,5
22,,,2,2,2,2,36,32,420,540,4,5
23,,,2,2,2,1,33,89,420,540,1,5
24,,,2,2,2,2,89,58,60,180,1,5
25,,,1,1,2,2,83,37,420,540,4,5
26,,,1,1,2,3,42,100,300,600,4,5
27,,,1,1,2,1,89,48,300,600,2,5
28,,,2,2,2,1,42,79,180,300,3,5
29,,,2,2,2,2,57,67,300,420,1,5
30,,,1,1,2,1,60,73,300,600,1,5
31,,,1,1,2,1,6,56,300,600,1,5
32,,,2,2,2,1,90,97,300,420,3,5
33,,,2,2,2,1,63,46,60,180,2,5
34,,,2,2,2,2,36,43,180,300,1,5
35,,,2,2,2,1,6,81,420,540,4,5
36,,,2,2,2,3,15,45,180,300,3,5
37,,,2,2,2,3,59,96,60,180,2,5
38,,,2,2,2,1,26,98,300,420,4,5
39,,,1,1,2,2,21,18,420,540,2,5
40,,,2,2,2,1,97,85,180,300,4,5
41,,,1,1,2,3,63,7,300,600,3,5
42,,,2,2,2,3,67,58,60,180,2,5
43,,,2,2,2,1,74,33,300,420,3,5
44,,,1,1,2,1,80,22,420,540,1,5
45,,,2,2,2,3,93,24,300,600,1,5
46,,,2,2,2,3,58,68,60,180,1,5
47,,,2,2,2,2,98,96,180,300,2,5
48,,,2,2,2,1,24,26,60,180,3,5
49,,,2,2,2,1,100,29,420,540,3,5
50,,,2,2,2,2,36,93,60,180,3,5
51,,,2,2,2,1,76,91,60,180,3,5
52,,,2,2,2,1,14,19,420,540,1,5
53,,,2,2,2,2,2,12,0,300,3,5
54,,,2,2,2,2,16,8,180,300,2,5
55,,,2,2,2,3,74,65,0,300,1,5
56,,,1,1,2,2,38,51,420,540,2,5
57,,,2,2,2,3,25,19,420,540,4,5
58,,,2,2,2,3,59,18,180,300,2,5
59,,,1,1,2,2,4,19,420,540,3,5
60,,,1,1,2,2,65,24,420,540,4,5
61,,,2,2,2,1,16,80,420,540,2,5
62,,,2,2,2,1,99,57,60,180,1,5
63,,,2,2,2,1,85,12,420,540,1,5
64,,,2,2,2,3,31,48,300,420,4,5
65,,,2,2,2,2,9,38,300,600,2,5
66,,,2,2,2,2,31,60,60,180,1,5
67,,,2,2,2,2,21,50,0,300,4,5
68,,,2,2,2,2,47,84,420,540,3,5
69,,,2,2,2,2,44,47,180,300,2,5
70,,,2,2,2,1,85,47,180,300,1,5
71,,,1,1,2,1,62,3,300,600,4,5
72,,,2,2,2,2,46,57,300,600,1,5
73,,,1,1,2,3,91,37,300,600,2,5
74,,,1,1,2,3,68,29,300,600,1,5
75,,,2,2,2,2,4,22,0,300,1,5
76,,,2,2,2,1,19,32,180,300,1,5
77,,,2,2,2,1,21,75,300,600,1,5
78,,,1,1,2,3,5,60,420,540,2,5
79,,,1,1,2,1,50,61,300,600,4,5
80,,,1,1,2,3,92,92,300,600,2,5
81,,,2,2,2,2,77,91,300,420,1,5
82,,,2,2,2,3,4,63,180,300,4,5
83,,,2,2,2,2,81,35,180,300,3,5
84,,,1,1,2,1,43,16,420,540,4,5
85,,,2,2,2,3,41,3,300,420,3,5
86,,,1,1,2,3,34,18,300,600,3,5
87,,,1,1,2,1,93,80,300,600,4,5
88,,,2,2,2,3,17,56,60,180,2,5
89,,,2,2,2,3,99,61,300,600,2,5
90,,,2,2,2,2,37,41,180,300,4,5
91,,,2,2,2,2,74,41,0,300,3,5
92,,,2,2,2,2,39,70,300,420,2,5
93,,,2,2,2,3,53,79,0,300,4,5
94,,,2,2,2,3,19,26,300,420,4,5
95,,,1,1,2,2,60,84,420,540,3,5
96,,,2,2,2,1,5,90,300,420,1,5
97,,,2,2,2,3,3,24,180,300,3,5
98,,,2,2,2,1,16,61,420,540,3,5
99,,,2,2,2,3,18,10,60,180,4,5
100,,,1,1,2,1,99,14,420,540,4,5
101,,,2,2,2,1,15,92,420,540,1,5
102,,,2,2,2,2,78,98,300,600,3,5
103,,,2,2,2,3,46,47,60,180,3,5
104,,,1,1,2,2,7,42,420,540,3,5
105,,,1,1,2,2,44,28,300,600,1,5
106,,,1,1,2,3,44,29,420,540,4,5
107,,,2,2,2,2,27,84,420,540,1,5
108,,,2,2,2,1,5,28,0,300,3,5
109,,,1,1,2,3,95,19,300,600,4,5
110,,,2,2,2,1,47,15,60,180,3,5
111,,,1,1,2,1,45,96,300,600,3,5
112,,,2,2,2,3,27,28,0,300,2,5
113,,,1,1,2,1,23,37,300,600,1,5
114,,,2,2,2,3,78,99,300,420,4,5
115,,,1,1,2,3,77,98,300,600,2,5
116,,,2,2,2,3,38,32,420,540,3,5
117,,,2,2,2,2,78,6,180,300,4,5
118,,,1,1,2,3,78,50,420,540,4,5
119,,,2,2,2,3,79,53,300,420,1,5
120,,,2,2,2,2,82,50,60,180,4,5
121,,,1,1,2,3,60,35,300,600,4,5
122,,,2,2,2,2,88,96,60,180,3,5
123,,,1,1,2,1,17,3,300,600,1,5
124,,,1,1,2,1,1,41,300,600,3,5
125,,,2,2,2,3,89,90,180,300,1,5
126,,,2,2,2,1,49,64,180,300,3,5
127,,,2,2,2,3,32,97,300,600,2,5
128,,,1,1,2,3,38,28,420,540,2,5
129,,,2,2,2,1,45,7,420,540,2,5
130,,,2,2,2,1,20,18,180,300,4,5
131,,,2,2,2,2,89,44,420,540,4,5
132,,,1,1,2,3,26,39,300,600,4,5
133,,,2,2,2,2,83,89,0,300,1,5
134,,,2,2,2,1,81,76,0,300,3,5
135,,,2,2,2,3,39,22,60,180,3,5
136,,,2,2,2,1,17,96,300,600,1,5
137,,,2,2,2,3,13,49,180,300,1,5
138,,,2,2,2,3,94,95,300,420,3,5
139,,,1,1,2,2,72,35,420,540,2,5
140,,,2,2,2,2,8,21,300,420,4,5
141,,,1,1,2,1,49,9,420,540,3,5
142,,,2,2,2,1,55,13,420,540,1,5
143,,,2,2,2,3,97,58,0,300,3,5
144,,,2,2,2,3,61,63,420,540,2,5
145,,,1,1,2,1,7,34,300,600,2,5
146,,,1,1,2,3,72,31,420,540,1,5
147,,,1,1,2,2,6,17,420,540,4,5
148,,,2,2,2,3,86,45,420,540,3,5
149,,,1,1,2,1,10,66,420,540,1,5
150,,,1,1,2,1,91,60,300,600,2,5
151,,,2,2,2,3,69,1,60,180,3,5
152,,,2,2,2,3,88,13,180,300,3,5
153,,,2,2,2,1,9,63,180,300,1,5
154,,,2,2,2,2,92,18,300,420,2,5
155,,,2,2,2,2,6,92,300,420,3,5
156,,,2,2,2,1,43,74,300,420,2,5
157,,,2,2,2,1,46,30,180,300,2,5
158,,,1,1,2,1,71,60,300,600,3,5
159,,,1,1,2,3,6,16,300,600,1,5
160,,,2,2,2,2,9,51,0,300,2,5
161,,,1,1,2,1,5,86,300,600,2,5
162,,,2,2,2,1,77,41,0,300,3,5
163,,,1,1,2,2,14,0,420,540,3,5
164,,,2,2,2,1,84,18,300,600,4,5
165,,,2,2,2,2,92,59,300,600,3,5
166,,,2,2,2,2,11,39,420,540,1,5
167,,,2,2,2,3,55,3,0,300,4,5
168,,,2,2,2,1,73,47,420,540,3,5
169,,,1,1,2,2,23,85,300,600,3,5
170,,,1,1,2,2,99,48,300,600,2,5
171,,,1,1,2,3,58,15,300,600,1,5
172,,,1,1,2,2,69,9,300,600,3,5
173,,,1,1,2,2,98,69,300,600,4,5
174,,,2,2,2,2,86,5,300,600,4,5
175,,,2,2,2,1,32,54,180,300,4,5
176,,,1,1,2,1,55,60,300,600,4,5
177,,,2,2,2,2,21,40,60,180,3,5
178,,,2,2,2,1,79,22,60,180,4,5
179,,,2,2,2,2,55,91,180,300,4,5
180,,,2,2,2,1,87,79,0,300,1,5
181,,,1,1,2,2,37,14,420,540,4,5
182,,,2,2,2,2,21,44,60,180,4,5
183,,,2,2,2,1,78,3,60,180,3,5
184,,,2,2,2,2,96,59,0,300,3,5
185,,,2,2,2,1,8,22,300,600,4,5
186,,,2,2,2,3,59,55,180,300,3,5
187,,,2,2,2,3,7,22,0,300,1,5
188,,,1,1,2,2,27,85,300,600,3,5
189,,,1,1,2,3,18,83,300,600,1,5
190,,,2,2,2,3,45,0,300,600,4,5
191,,,2,2,2,1,20,27,180,300,3,5
192,,,2,2,2,3,64,9,180,300,4,5
193,,,2,2,2,1,17,41,420,540,1,5
194,,,1,1,2,1,67,5,420,540,4,5
195,,,2,2,2,1,72,98,60,180,3,5
196,,,2,2,2,3,14,23,180,300,2,5
197,,,2,2,2,2,5,68,180,300,4,5
198,,,1,1,2,1,0,72,420,540,4,5
199,,,2,2,2,3,70,57,300,420,2,5
200,,,1,1,2,3,89,47,420,540,2,5
201,,,2,2,2,3,52,53,180,300,4,5
202,,,1,1,2,3,78,23,420,540,4,5
203,,,2,2,2,2,11,46,0,300,1,5
204,,,1,1,2,1,7,18,300,600,1,5
205,,,2,2,2,2,46,84,60,180,1,5
206,,,2,2,2,3,7,37,180,300,4,5
207,,,1,1,2,3,1,1,300,600,1,5
208,,,2,2,2,1,33,13,0,300,1,5
209,,,2,2,2,2,68,0,180,300,2,5
210,,,2,2,2,2,3,71,60,180,2,5
211,,,2,2,2,3,38,58,300,420,2,5
212,,,2,2,2,3,88,51,180,300,3,5
213,,,1,1,2,1,20,45,420,540,2,5
214,,,1,1,2,2,70,66,420,540,2,5
215,,,2,2,2,2,40,93,180,300,1,5
216,,,1,1,2,3,73,1,300,600,1,5
217,,,1,1,2,2,97,87,300,600,4,5
218,,,2,2,2,1,20,17,420,540,2,5
219,,,1,1,2,3,23,92,420,540,4,5
220,,,1,1,2,3,47,26,300,600,4,5
221,,,2,2,2,2,16,22,0,300,1,5
222,,,2,2,2,2,36,75,300,420,4,5
223,,,2,2,2,3,69,43,300,600,1,5
224,,,2,2,2,1,5,74,420,540,3,5
225,,,1,1,2,3,61,44,420,540,4,5
226,,,2,2,2,1,75,94,60,180,2,5
227,,,2,2,2,3,61,18,0,300,1,5
228,,,2,2,2,1,78,48,60,180,3,5
229,,,2,2,2,2,50,70,0,300,3,5
230,,,1,1,2,2,21,65,300,600,1,5
231,,,2,2,2,3,47,51,180,300,1,5
232,,,2,2,2,2,14,10,60,180,3,5
233,,,2,2,2,2,63,36,60,180,3,5
234,,,2,2,2,2,11,77,0,300,3,5
235,,,2,2,2,1,48,80,300,600,3,5
236,,,2,2,2,2,40,36,300,420,1,5
237,,,2,2,2,1,91,87,300,600,1,5
238,,,2,2,2,1,31,76,420,540,1,5
239,,,2,2,2,2,48,78,0,300,1,5
240,,,2,2,2,3,84,29,300,420,4,5
241,,,1,1,2,3,37,79,300,600,3,5
242,,,2,2,2,1,26,32,300,600,2,5
243,,,1,1,2,2,26,9,300,600,2,5
244,,,2,2,2,3,2,51,300,600,3,5
245,,,2,2,2,3,82,10,0,300,1,5
246,,,1,1,2,1,80,98,300,600,4,5
247,,,1,1,2,1,52,41,300,600,3,5
248,,,2,2,2,3,24,34,180,300,2,5
249,,,2,2,2,2,65,18,180,300,3,5
250,,,2,2,2,2,15,13,300,600,1,5
251,,,2,2,2,1,86,65,300,420,2,5
252,,,2,2,2,1,48,47,420,540,3,5
253,,,1,1,2,1,92,5,420,540,2,5
254,,,1,1,2,1,70,29,300,600,3,5
255,,,2,2,2,1,91,75,180,300,3,5
256,,,2,2,2,2,79,72,420,540,4,5
257,,,1,1,2,3,69,35,420,540,4,5
258,,,2,2,2,3,7,57,180,300,1,5
259,,,2,2,2,2,92,38,300,600,3,5
260,,,2,2,2,2,17,2,60,180,3,5
261,,,2,2,2,2,21,97,0,300,2,5
262,,,1,1,2,1,93,64,300,600,2,5
263,,,2,2,2,2,84,74,180,300,1,5
264,,,2,2,2,2,13,65,300,600,4,5
265,,,1,1,2,2,4,61,300,600,3,5
266,,,2,2,2,2,69,11,180,300,1,5
267,,,2,2,2,2,37,1,60,180,1,5
268,,,1,1,2,3,57,86,300,600,4,5
269,,,1,1,2,1,35,46,300,600,1,5
270,,,1,1,2,2,70,0,420,540,2,5
271,,,2,2,2,1,70,35,60,180,4,5
272,,,1,1,2,2,23,38,300,600,3,5
273,,,2,2,2,1,39,2,420,540,4,5
274,,,1,1,2,1,85,10,420,540,3,5
275,,,2,2,2,1,96,88,420,540,1,5
276,,,2,2,2,1,67,84,180,300,4,5
277,,,2,2,2,1,4,98,300,600,1,5
278,,,2,2,2,2,59,57,60,180,2,5
279,,,2,2,2,2,5,7,420,540,2,5
280,,,2,2,2,3,0,57,180,300,1,5
281,,,2,2,2,2,62,69,180,300,2,5
282,,,2,2,2,2,40,49,420,540,2,5
283,,,2,2,2,1,13,28,300,420,1,5
284,,,1,1,2,2,54,78,420,540,1,5
285,,,1,1,2,1,98,48,420,540,4,5
286,,,1,1,2,2,9,27,300,600,2,5
287,,,2,2,2,3,90,71,300,420,1,5
288,,,2,2,2,3,34,73,420,540,1,5
289,,,1,1,2,3,5,76,300,600,4,5
290,,,2,2,2,1,68,41,60,180,4,5
291,,,2,2,2,3,86,70,0,300,4,5
292,,,2,2,2,1,82,83,180,300,4,5
293,,,1,1,2,3,20,6,420,540,1,5
294,,,1,1,2,2,17,95,300,600,2,5
295,,,2,2,2,3,29,3,0,300,4,5
296,,,2,2,2,2,25,79,60,180,3,5
297,,,1,1,2,2,91,60,300,600,2,5
298,,,1,1,2,3,23,16,300,600,2,5
299,,,2,2,2,2,88,4,0,300,1,5
300,,,2,2,2,2,93,45,180,300,2,5
301,,,1,1,2,3,100,43,300,600,3,5
302,,,1,1,2,3,17,58,420,540,3,5
303,,,2,2,2,2,92,20,60,180,2,5
304,,,1,1,2,2,96,43,420,540,4,5
305,,,1,1,2,1,91,47,300,600,3,5
306,,,2,2,2,1,56,30,420,540,2,5
307,,,2,2,2,1,10,97,300,600,2,5
308,,,1,1,2,1,96,4,300,600,1,5
309,,,1,1,2,2,51,56,300,600,2,5
310,,,2,2,2,3,26,68,300,420,1,5
311,,,1,1,2,3,70,95,420,540,1,5
312,,,1,1,2,2,26,20,420,540,4,5
313,,,2,2,2,2,21,69,60,180,1,5
314,,,2,2,2,2,11,25,60,180,1,5
315,,,1,1,2,3,3,95,300,600,2,5
316,,,2,2,2,1,84,15,0,300,2,5
317,,,2,2,2,3,63,89,300,420,2,5
318,,,2,2,2,1,82,38,0,300,4,5
319,,,1,1,2,3,47,24,300,600,1,5
320,,,1,1,2,3,68,88,420,540,2,5
321,,,1,1,2,1,23,38,300,600,3,5
322,,,2,2,2,2,95,75,300,420,2,5
323,,,2,2,2,1,56,88,300,600,2,5
324,,,2,2,2,2,55,100,300,420,1,5
325,,,2,2,2,3,51,27,420,540,2,5
326,,,2,2,2,1,49,59,300,420,2,5
327,,,2,2,2,3,77,20,180,300,4,5
328,,,2,2,2,2,0,43,180,300,3,5
329,,,1,1,2,3,92,59,300,600,4,5
330,,,1,1,2,2,91,95,420,540,1,5
331,,,2,2,2,1,66,85,180,300,4,5
332,,,2,2,2,1,37,50,420,540,3,5
333,,,2,2,2,2,55,97,300,420,3,5
334,,,2,2,2,2,9,42,60,180,1,5
335,,,2,2,2,3,49,72,300,420,4,5
336,,,2,1,2,2,70,34,300,600,3,5
337,,,3,2,2,3,34,83,0,300,4,5
338,,,2,1,2,3,68,35,300,600,3,5
339,,,3,2,2,1,77,65,420,540,2,5
340,,,3,2,2,3,30,29,60,180,2,5
341,,,2,1,2,3,93,21,420,540,1,5
342,,,3,2,2,2,85,23,300,600,2,5
343,,,3,2,2,2,4,55,0,300,2,5
344,,,2,1,2,3,42,86,420,540,2,5
345,,,2,1,2,3,28,4,420,540,1,5
346,,,3,2,2,3,6,13,60,180,4,5
347,,,2,1,2,2,45,7,420,540,1,5
348,,,3,2,2,2,0,70,300,600,4,5
349,,,2,1,2,2,35,28,300,600,4,5
350,,,3,2,2,3,56,57,180,300,4,5
351,,,2,1,2,2,31,18,420,540,2,5
352,,,3,2,2,2,68,7,180,300,1,5
353,,,2,1,2,2,45,42,300,600,1,5
354,,,3,2,2,2,88,58,420,540,1,5
355,,,2,1,2,1,29,33,420,540,4,5
356,,,3,2,2,2,61,72,300,600,3,5
357,,,2,1,2,3,45,95,300,600,1,5
358,,,3,2,2,3,0,7,180,300,3,5
359,,,2,1,2,2,70,51,420,540,1,5
360,,,2,1,2,2,78,46,420,540,2,5
361,,,3,2,2,2,14,57,0,300,1,5
362,,,3,2,2,3,66,72,300,600,2,5
363,,,3,2,2,1,35,61,0,300,2,5
364,,,2,1,2,2,54,63,420,540,1,5
365,,,2,1,2,1,69,52,300,600,3,5
366,,,3,2,2,1,40,100,0,300,1,5
367,,,3,2,2,3,58,21,300,420,1,5
368,,,3,2,2,2,80,26,300,420,1,5
369,,,2,1,2,2,11,98,420,540,3,5
370,,,2,1,2,1,26,6,420,540,1,5
371,,,3,2,2,2,81,54,300,600,3,5
372,,,3,2,2,1,88,75,0,300,3,5
373,,,2,1,2,2,59,79,420,540,3,5
374,,,3,2,2,1,36,61,180,300,4,5
375,,,2,1,2,3,13,52,420,540,2,5
376,,,3,2,2,2,17,52,60,180,2,5
377,,,2,1,2,3,5,71,420,540,4,5
378,,,3,2,2,1,8,17,60,180,1,5
379,,,2,1,2,3,44,54,420,540,2,5
380,,,3,2,2,3,3,28,300,600,1,5
381,,,3,2,2,1,78,61,60,180,2,5
382,,,3,2,2,2,70,70,300,420,1,5
383,,,3,2,2,1,83,85,0,300,3,5
384,,,3,2,2,2,35,27,420,540,2,5
385,,,3,2,2,1,9,91,180,300,4,5
386,,,3,2,2,1,30,79,420,540,1,5
387,,,2,1,2,1,65,53,300,600,1,5
388,,,3,2,2,1,9,38,420,540,2,5
389,,,3,2,2,2,61,12,0,300,2,5
390,,,2,1,2,2,28,5,420,540,2,5
391,,,3,2,2,2,10,17,300,600,1,5
392,,,3,2,2,1,11,14,0,300,4,5
393,,,3,2,2,2,10,99,300,600,4,5
394,,,3,2,2,1,48,10,0,300,2,5
395,,,3,2,2,1,70,35,60,180,3,5
396,,,3,2,2,3,83,71,300,420,1,5
397,,,3,2,2,3,58,29,300,600,1,5
398,,,2,1,2,1,62,55,300,600,4,5
399,,,3,2,2,1,28,5,420,540,3,5
400,,,2,1,2,1,80,22,300,600,3,5
401,,,3,2,2,3,33,37,300,420,2,5
402,,,3,2,2,3,64,85,420,540,1,5
403,,,3,2,2,3,99,40,0,300,4,5
404,,,3,2,2,1,66,20,420,540,2,5
405,,,3,2,2,3,4,96,0,300,2,5
406,,,2,1,2,1,0,60,420,540,1,5
407,,,2,1,2,3,17,94,300,600,2,5
408,,,3,2,2,3,52,85,0,300,2,5
409,,,3,2,2,3,38,30,300,420,3,5
410,,,3,2,2,3,45,64,420,540,4,5
411,,,3,2,2,1,78,52,60,180,3,5
412,,,3,2,2,2,33,25,0,300,3,5
413,,,3,2,2,1,21,13,180,300,4,5
414,,,3,2,2,3,27,50,0,300,2,5
415,,,3,2,2,1,37,72,420,540,1,5
416,,,3,2,2,3,39,81,420,540,1,5
417,,,3,2,2,3,9,20,300,420,4,5
418,,,2,1,2,2,32,84,420,540,3,5
419,,,2,1,2,2,92,37,420,540,4,5
420,,,3,2,2,2,22,64,0,300,2,5
421,,,3,2,2,2,89,44,420,540,1,5
422,,,2,1,2,2,54,88,420,540,4,5
423,,,2,1,2,3,76,63,420,540,4,5
424,,,3,2,2,1,54,54,60,180,2,5
425,,,2,1,2,1,53,21,300,600,4,5
426,,,3,2,2,2,55,48,0,300,4,5
427,,,2,1,2,3,4,85,420,540,3,5
428,,,3,2,2,3,68,37,300,420,4,5
429,,,3,2,2,2,73,89,60,180,1,5
430,,,3,2,2,2,54,38,420,540,2,5
431,,,3,2,2,1,43,72,300,600,3,5
432,,,3,2,2,2,74,55,60,180,1,5
433,,,3,2,2,2,20,40,60,180,1,5
434,,,2,1,2,2,5,80,300,600,2,5
435,,,3,2,2,2,22,92,300,420,1,5
436,,,2,1,2,2,85,63,300,600,3,5
437,,,3,2,2,2,80,78,60,180,2,5
438,,,3,2,2,1,24,52,420,540,3,5
439,,,3,2,2,3,50,74,0,300,2,5
440,,,3,2,2,2,89,14,300,600,3,5
441,,,2,1,2,3,23,15,420,540,3,5
442,,,2,1,2,1,24,31,420,540,1,5
443,,,2,1,2,3,29,80,300,600,3,5
444,,,6,2,2,1,69,73,60,180,2,5
445,,,7,2,2,1,10,19,300,600,1,5
446,,,4,2,2,1,74,84,0,300,2,5
447,,,4,2,2,3,59,82,60,180,2,5
448,,,13,2,2,2,24,40,0,300,2,5
449,,,10,2,2,1,76,2,0,300,1,5
450,,,13,2,2,3,50,40,420,540,4,5
451,,,17,2,2,1,26,100,180,300,1,5
452,,,11,2,2,3,40,87,60,180,1,5
453,,,6,2,2,1,70,31,60,180,3,5
454,,,11,2,2,1,12,58,60,180,1,5
455,,,13,2,2,1,70,36,60,180,3,5
456,,,16,2,2,1,92,93,60,180,4,5
457,,,10,2,2,2,87,16,180,300,4,5
458,,,4,1,2,2,10,94,300,600,2,5
459,,,13,2,2,2,0,88,180,300,2,5
460,,,10,2,2,3,15,77,0,300,2,5
461,,,7,2,2,1,0,86,60,180,2,5
462,,,5,1,2,3,48,90,300,600,2,5
463,,,6,1,2,2,69,93,420,540,1,5
464,,,8,2,2,2,94,7,0,300,3,5
465,,,12,1,2,2,33,46,300,600,2,5
466,,,3,1,2,1,33,18,300,600,4,5
467,,,14,2,2,2,100,16,300,600,1,5
468,,,2,2,2,2,44,22,420,540,1,5
469,,,14,2,2,2,10,26,60,180,4,5
470,,,5,2,2,2,100,13,420,540,4,5
471,,,8,1,2,1,79,14,420,540,2,5
472,,,3,2,2,1,92,1,180,300,3,5
473,,,3,2,2,2,25,10,300,420,2,5
474,,,16,2,2,3,1,24,180,300,4,5
475,,,16,1,2,1,37,75,420,540,1,5
476,,,14,2,2,3,22,49,300,600,1,5
477,,,12,1,2,1,56,86,420,540,1,5
478,,,15,2,2,2,67,64,60,180,2,5
479,,,12,1,2,2,53,35,420,540,4,5
480,,,10,2,2,3,81,5,0,300,1,5
481,,,11,1,2,2,16,17,420,540,1,5
482,,,9,2,2,1,22,45,60,180,2,5
483,,,12,2,2,3,84,61,60,180,1,5
484,,,11,2,2,1,58,3,420,540,2,5
485,,,3,1,2,2,54,26,300,600,1,5
486,,,15,2,2,2,54,55,300,420,3,5
487,,,14,1,2,1,4,44,300,600,4,5
488,,,9,2,2,3,91,92,60,180,2,5
489,,,13,2,2,3,63,91,300,600,3,5
490,,,14,2,2,3,24,15,420,540,2,5
491,,,6,2,2,2,93,1,420,540,1,5
492,,,14,2,2,1,34,80,60,180,1,5
493,,,5,1,2,3,13,87,300,600,1,5
494,,,11,2,2,1,16,7,420,540,3,5
495,,,15,1,2,1,78,76,300,600,3,5
496,,,5,2,2,1,71,78,180,300,1,5
497,,,9,2,2,3,31,87,420,540,2,5
498,,,3,2,2,3,60,46,300,420,2,5
499,,,7,1,2,2,93,41,420,540,4,5
500,,,9,2,2,1,69,86,300,600,4,5
501,,,16,2,2,3,46,21,420,540,1,5
502,,,11,2,2,3,27,4,60,180,3,5
503,,,12,2,2,2,28,98,0,300,2,5
504,,,5,2,2,2,12,68,0,300,1,5
505,,,5,1,2,3,51,19,300,600,3,5
506,,,15,2,2,2,50,59,180,300,3,5
507,,,11,2,2,1,3,68,420,540,4,5
508,,,12,2,2,2,27,22,0,300,4,5
509,,,10,1,2,1,0,6,420,540,1,5
510,,,13,2,2,3,11,47,300,420,4,5
511,,,14,2,2,1,36,7,180,300,3,5
512,,,16,2,2,3,21,9,300,600,1,5
513,,,10,1,2,1,8,58,300,600,2,5
514,,,10,1,2,1,41,86,300,600,4,5
515,,,15,1,2,3,97,11,300,600,2,5
516,,,15,1,2,3,0,34,420,540,1,5
517,,,6,2,2,2,40,37,180,300,2,5
518,,,6,2,2,2,17,86,180,300,2,5
519,,,13,1,2,3,18,70,300,600,3,5
520,,,9,1,2,1,7,47,300,600,2,5
521,,,4,2,2,3,8,62,300,420,4,5
522,,,14,2,2,1,40,98,0,300,2,5
523,,,4,2,2,1,76,59,0,300,4,5
524,,,8,2,2,1,1,96,0,300,4,5
525,,,10,2,2,2,96,84,60,180,3,5
526,,,16,2,2,3,30,15,0,300,4,5
527,,,15,2,2,2,48,3,300,600,2,5
528,,,16,2,2,3,28,26,60,180,2,5
529,,,3,1,2,2,38,13,420,540,2,5
530,,,3,2,2,3,79,32,420,540,1,5
531,,,14,2,2,1,37,98,420,540,3,5
532,,,8,2,2,1,34,94,60,180,1,5
533,,,9,1,2,2,98,35,300,600,4,5
534,,,3,2,2,2,82,32,300,420,4,5
535,,,8,2,2,1,64,17,0,300,1,5
536,,,8,1,2,2,83,52,420,540,2,5
537,,,8,2,2,3,37,41,300,600,4,5
538,,,8,1,2,2,60,59,420,540,1,5
539,,,14,2,2,1,58,62,0,300,2,5
540,,,13,2,2,2,54,16,420,540,1,5
541,,,8,2,2,1,34,33,300,600,4,5
542,,,12,2,2,1,62,3,180,300,3,5
543,,,7,2,2,1,70,64,60,180,3,5
544,,,5,2,2,1,63,95,300,420,4,5
545,,,17,2,2,2,84,79,180,300,4,5
546,,,8,2,2,1,87,88,60,180,3,5
547,,,8,2,2,1,35,32,60,180,2,5
548,,,8,1,2,1,84,15,300,600,4,5
549,,,6,2,2,3,33,1,300,600,4,5
550,,,15,2,2,2,45,34,420,540,3,5
551,,,8,2,2,3,44,81,180,300,4,5
552,,,12,1,2,2,26,1,420,540,2,5
553,,,6,2,2,2,65,70,0,300,2,5
554,,,11,2,2,3,16,13,180,300,4,5
555,,,2,2,2,3,9,3,0,300,3,5
556,,,14,2,2,1,42,67,300,420,3,5
557,,,7,2,2,3,13,75,0,300,3,5
558,,,4,2,2,2,4,52,180,300,1,5
559,,,14,2,2,1,46,92,60,180,3,5
560,,,7,2,2,3,27,62,300,420,4,5
561,,,9,2,2,2,21,18,300,600,1,5
562,,,1,1,2,3,57,40,420,540,4,5
563,,,11,2,2,2,63,0,300,600,2,5
564,,,7,2,2,1,24,80,300,420,4,5
565,,,13,1,2,3,50,89,420,540,1,5
566,,,7,2,2,2,43,25,420,540,2,5
567,,,14,2,2,1,30,18,60,180,4,5
568,,,14,1,2,2,19,3,300,600,1,5
569,,,6,2,2,3,77,86,300,420,1,5
570,,,4,2,2,2,65,64,0,300,1,5
571,,,2,1,2,1,26,77,300,600,1,5
572,,,17,2,2,3,55,76,60,180,4,5
573,,,10,2,2,2,60,69,420,540,3,5
574,,,14,1,2,2,26,65,420,540,2,5
575,,,5,2,2,1,93,24,180,300,3,5
576,,,13,2,2,1,26,24,420,540,4,5
577,,,5,2,2,2,92,78,300,600,3,5
578,,,15,2,2,1,84,6,180,300,4,5
579,,,11,2,2,2,42,82,420,540,3,5
580,,,6,1,2,3,2,36,420,540,4,5
581,,,5,2,2,2,60,59,420,540,3,5
582,,,10,2,2,1,33,80,60,180,3,5
583,,,2,2,2,1,3,91,0,300,3,5
584,,,13,2,2,1,22,32,300,420,4,5
585,,,2,1,2,2,12,96,420,540,2,5
586,,,16,2,2,3,3,1,300,600,3,5
587,,,15,2,2,2,50,35,180,300,4,5
588,,,11,2,2,1,92,68,180,300,2,5
589,,,12,1,2,1,87,29,300,600,1,5
590,,,12,2,2,1,71,97,300,420,4,5
591,,,7,2,2,1,49,54,300,600,4,5
592,,,12,2,2,2,30,58,0,300,4,5
593,,,5,1,2,3,86,51,300,600,1,5
594,,,4,2,2,3,17,64,300,600,3,5
595,,,12,1,2,2,74,54,300,600,3,5
596,,,7,2,2,3,98,33,60,180,3,5
597,,,5,2,2,1,60,7,180,300,4,5
598,,,16,2,2,2,76,8,180,300,3,5
599,,,8,2,2,3,31,39,60,180,1,5
600,,,15,2,2,1,69,68,180,300,2,5
601,,,12,2,2,2,84,14,300,600,4,5
602,,,11,2,2,2,58,6,60,180,1,5
603,,,15,2,2,3,39,85,420,540,2,5
604,,,10,2,2,2,51,18,60,180,3,5
605,,,7,2,2,1,69,60,420,540,1,5
606,,,14,2,2,3,93,33,0,300,2,5
607,,,13,2,2,2,82,1,60,180,1,5
608,,,9,2,2,1,84,50,420,540,2,5
609,,,7,2,2,3,18,24,0,300,2,5
610,,,5,1,2,3,86,8,420,540,1,5
611,,,4,1,2,1,8,71,420,540,1,5
612,,,15,2,2,1,39,15,300,420,4,5
613,,,14,1,2,3,88,88,420,540,4,5
614,,,11,2,2,1,12,14,180,300,1,5
615,,,6,2,2,3,2,56,0,300,3,5
616,,,9,2,2,1,55,41,60,180,4,5
617,,,5,2,2,2,37,29,0,300,4,5
618,,,13,1,2,2,43,92,420,540,2,5
619,,,11,1,2,3,94,43,420,540,4,5
620,,,16,2,2,2,77,96,420,540,4,5
621,,,12,2,2,1,86,4,300,600,2,5
622,,,4,2,2,1,68,76,60,180,4,5
623,,,4,1,2,3,79,25,420,540,3,5
624,,,8,2,2,2,85,69,60,180,2,5
625,,,8,2,2,3,21,55,420,540,4,5
626,,,5,2,2,3,58,53,420,540,4,5
627,,,14,2,2,1,7,42,0,300,4,5
628,,,13,2,2,1,54,0,420,540,3,5
629,,,15,2,2,2,26,58,300,420,3,5
630,,,17,2,2,2,88,100,300,420,4,5
631,,,15,2,2,3,40,1,60,180,4,5
632,,,6,2,2,3,14,89,300,600,4,5
633,,,15,2,2,2,35,75,0,300,1,5
634,,,10,2,2,2,56,6,300,420,4,5
635,,,7,2,2,1,40,39,180,300,4,5
636,,,6,2,2,1,18,22,420,540,1,5
637,,,3,2,2,2,2,78,420,540,1,5
638,,,8,1,2,2,86,69,300,600,4,5
639,,,13,2,2,2,10,51,60,180,1,5
640,,,12,1,2,1,81,79,420,540,2,5
641,,,14,2,2,1,98,56,60,180,2,5
642,,,5,2,2,2,93,15,300,600,4,5
643,,,8,2,2,3,22,17,300,600,3,5
644,,,7,2,2,1,79,7,180,300,4,5
645,,,7,2,2,2,98,9,300,420,1,5
646,,,15,1,2,3,81,25,420,540,2,5
647,,,5,2,2,2,89,28,420,540,4,5
648,,,7,2,2,1,100,45,0,300,3,5
649,,,6,2,2,3,55,11,180,300,1,5
650,,,11,2,2,1,5,20,60,180,4,5
651,,,11,2,2,2,4,6,420,540,2,5
652,,,15,2,2,1,75,23,60,180,3,5
653,,,4,2,2,2,57,63,0,300,2,5
654,,,12,2,2,3,42,54,420,540,2,5
655,,,4,2,2,2,53,84,300,600,2,5
656,,,13,2,2,1,67,83,420,540,2,5
657,,,4,2,2,1,10,88,0,300,2,5
658,,,17,2,2,1,95,12,0,300,4,5
659,,,8,2,2,1,11,76,180,300,3,5
660,,,13,2,2,2,23,58,180,300,2,5
661,,,8,1,2,2,21,41,420,540,3,5
662,,,2,2,2,2,65,45,300,420,3,5
663,,,12,2,2,1,87,26,420,540,1,5
664,,,1,1,2,1,71,47,420,540,2,5
665,,,4,2,2,1,7,48,300,600,2,5
666,,,5,2,2,1,41,71,180,300,2,5
667,,,15,1,2,2,87,11,420,540,2,5
668,,,3,2,2,2,47,62,60,180,2,5
669,,,13,2,2,3,89,95,300,600,3,5
670,,,7,1,2,2,65,98,300,600,3,5
671,,,11,2,2,2,78,69,300,420,3,5
672,,,16,2,2,3,21,13,0,300,1,5
673,,,16,2,2,2,17,13,180,300,1,5
674,,,11,1,2,3,5,49,420,540,1,5
675,,,3,1,2,3,73,27,300,600,1,5
676,,,10,2,2,3,47,84,60,180,2,5
677,,,5,2,2,1,17,5,180,300,1,5
678,,,6,2,2,2,83,39,180,300,4,5
679,,,3,1,2,3,96,10,300,600,1,5
680,,,11,1,2,1,80,45,300,600,1,5
681,,,3,1,2,1,88,29,300,600,4,5
682,,,14,1,2,3,50,71,300,600,3,5
683,,,14,2,2,2,96,89,300,600,4,5
684,,,13,2,2,3,29,52,300,600,3,5
685,,,6,2,2,1,25,32,0,300,4,5
686,,,9,2,2,1,69,41,420,540,3,5
687,,,15,2,2,2,19,36,0,300,2,5
688,,,8,2,2,2,21,83,300,600,4,5
689,,,3,2,2,3,89,93,300,420,3,5
690,,,6,2,2,1,98,0,300,600,4,5
691,,,10,2,2,2,80,59,180,300,2,5
692,,,5,1,2,1,67,25,420,540,4,5
693,,,9,2,2,2,42,67,0,300,3,5
694,,,15,1,2,1,82,3,420,540,3,5
695,,,14,2,2,3,20,8,180,300,3,5
696,,,12,2,2,1,9,38,420,540,2,5
697,,,7,1,2,3,16,14,300,600,3,5
698,,,2,2,2,2,35,36,180,300,1,5
699,,,6,1,2,1,8,1,420,540,4,5
700,,,7,2,2,2,79,14,300,420,4,5
701,,,4,2,2,1,30,11,180,300,2,5
702,,,3,1,2,2,84,100,300,600,2,5
703,,,13,2,2,3,69,96,180,300,2,5
704,,,4,2,2,3,87,53,0,300,3,5
705,,,8,1,2,3,50,8,300,600,2,5
706,,,11,1,2,2,86,46,420,540,1,5
707,,,11,2,2,3,78,37,300,600,3,5
708,,,7,1,2,2,34,10,300,600,1,5
709,,,12,2,2,1,35,46,300,420,2,5
710,,,8,1,2,3,86,13,420,540,3,5
711,,,8,2,2,2,64,24,0,300,3,5
712,,,2,1,2,3,44,42,420,540,1,5
713,,,4,1,2,1,6,28,300,600,2,5
714,,,6,2,2,3,87,62,60,180,3,5
715,,,12,2,2,3,68,54,60,180,1,5
716,,,10,1,2,3,67,76,420,540,4,5
717,,,9,2,2,3,14,12,0,300,4,5
718,,,11,2,2,2,74,82,0,300,4,5
719,,,7,2,2,1,34,14,420,540,3,5
720,,,13,1,2,1,79,90,420,540,4,5
721,,,9,1,2,1,20,16,300,600,2,5
722,,,14,2,2,3,42,83,60,180,3,5
723,,,13,2,2,1,2,83,300,600,2,5
724,,,9,2,2,2,97,18,420,540,2,5
725,,,4,1,2,2,34,11,300,600,2,5
726,,,8,2,2,2,50,15,0,300,4,5
727,,,11,2,2,1,9,10,60,180,3,5
728,,,13,2,2,1,90,87,180,300,4,5
729,,,5,2,2,3,52,44,420,540,2,5
730,,,11,2,2,2,71,81,60,180,4,5
731,,,3,2,2,3,82,76,300,420,1,5
732,,,9,2,2,2,45,93,60,180,1,5
733,,,13,2,2,1,2,15,180,300,2,5
734,,,4,2,2,3,59,88,0,300,3,5
735,,,15,2,2,1,8,67,60,180,4,5
736,,,7,2,2,1,50,34,420,540,4,5
737,,,14,2,2,3,17,6,0,300,3,5
738,,,11,2,2,3,43,5,180,300,1,5
739,,,9,2,2,3,74,6,300,420,3,5
740,,,15,2,2,2,57,54,180,300,3,5
741,,,3,2,2,1,21,61,0,300,1,5
742,,,6,2,2,1,75,17,180,300,4,5
743,,,9,2,2,3,51,63,180,300,4,5
744,,,5,2,2,2,63,92,0,300,1,5
745,,,15,1,2,2,28,42,300,600,4,5
746,,,15,2,2,3,31,77,0,300,4,5
747,,,7,2,2,1,71,28,180,300,1,5
748,,,7,2,2,3,78,54,0,300,1,5
749,,,10,1,2,1,47,41,300,600,2,5
750,,,11,2,2,3,20,0,300,600,4,5
751,,,10,2,2,1,61,74,0,300,4,5
752,,,8,2,2,1,86,76,420,540,1,5
753,,,15,1,2,1,50,15,420,540,1,5
754,,,2,2,2,3,42,13,300,420,1,5
755,,,7,2,2,3,28,97,0,300,1,5
756,,,17,2,2,1,25,93,420,540,3,5
757,,,2,2,2,1,4,100,180,300,4,5
758,,,10,2,2,2,66,96,60,180,3,5
759,,,14,2,2,2,79,18,420,540,2,5
760,,,12,2,2,1,24,78,60,180,4,5
761,,,7,2,2,1,84,40,60,180,2,5
762,,,11,1,2,3,31,78,420,540,1,5
763,,,11,2,2,1,76,33,180,300,3,5
764,,,4,1,2,3,58,80,300,600,4,5
765,,,14,2,2,1,22,88,180,300,3,5
766,,,11,1,2,1,29,90,420,540,4,5
767,,,9,1,2,1,77,54,420,540,4,5
768,,,6,2,2,2,36,78,420,540,4,5
769,,,10,2,2,1,47,78,180,300,4,5
770,,,10,1,2,1,7,4,300,600,4,5
771,,,9,2,2,2,44,93,60,180,2,5
772,,,9,1,2,2,43,83,300,600,4,5
773,,,11,2,2,3,84,23,60,180,2,5
774,,,7,2,2,3,55,34,420,540,1,5
775,,,13,1,2,2,25,16,300,600,2,5
776,,,6,1,2,1,48,9,420,540,1,5
777,,,2,1,2,3,9,96,420,540,3,5
778,,,7,1,2,3,50,89,300,600,1,5
779,,,5,2,2,3,67,5,420,540,1,5
780,,,16,2,2,1,24,89,0,300,2,5
781,,,17,2,2,3,91,22,0,300,1,5
782,,,12,2,2,1,6,14,180,300,4,5
783,,,10,1,2,2,99,16,420,540,4,5
784,,,8,2,2,1,41,65,60,180,1,5
785,,,2,1,2,3,83,20,300,600,1,5
786,,,12,2,2,3,63,68,60,180,2,5
787,,,9,2,2,1,79,55,420,540,3,5
788,,,10,1,2,2,69,97,420,540,3,5
789,,,11,2,2,2,41,14,300,420,2,5
790,,,16,2,2,3,95,48,180,300,1,5
791,,,15,2,2,1,43,74,180,300,3,5
792,,,3,2,2,1,28,62,0,300,3,5
793,,,14,1,2,2,100,68,420,540,4,5
794,,,13,2,2,1,46,52,60,180,1,5
795,,,9,2,2,3,83,0,300,420,3,5
796,,,8,2,2,3,10,69,0,300,1,5
797,,,8,1,2,3,27,79,420,540,4,5
798,,,8,2,2,1,39,56,0,300,3,5
799,,,12,2,2,3,55,2,180,300,4,5
800,,,8,1,2,2,83,7,420,540,1,5
801,,,9,2,2,3,59,49,180,300,3,5
802,,,9,2,2,2,95,1,60,180,2,5
803,,,5,2,2,1,61,93,60,180,1,5
804,,,10,2,2,2,16,89,0,300,2,5
805,,,12,1,2,3,46,86,300,600,1,5
806,,,8,1,2,3,5,94,420,540,1,5
807,,,11,2,2,1,12,9,300,420,4,5
808,,,11,1,2,3,18,14,300,600,3,5
809,,,11,2,2,2,78,55,180,300,3,5
810,,,7,2,2,3,5,28,60,180,4,5
811,,,6,2,2,2,96,28,0,300,3,5
812,,,13,2,2,3,2,70,0,300,3,5
813,,,17,2,2,1,71,6,180,300,2,5
814,,,7,2,2,2,82,30,60,180,4,5
815,,,4,2,2,1,60,95,180,300,2,5
816,,,6,2,2,1,71,76,60,180,3,5
817,,,12,1,2,1,43,92,420,540,2,5
818,,,8,2,2,2,48,65,0,300,4,5
819,,,12,1,2,2,87,74,300,600,3,5
820,,,2,2,2,1,80,63,420,540,2,5
821,,,6,2,2,1,71,65,60,180,2,5
822,,,8,2,2,2,7,74,420,540,2,5
823,,,3,1,2,2,71,72,420,540,4,5
824,,,11,2,2,1,6,75,60,180,2,5
825,,,5,2,2,3,65,62,420,540,2,5
826,,,7,2,2,3,41,45,420,540,3,5
827,,,17,2,2,1,4,47,300,600,4,5
828,,,12,2,2,3,99,16,0,300,4,5
829,,,3,2,2,1,63,58,60,180,2,5
830,,,11,2,2,3,67,60,180,300,3,5
831,,,6,2,2,2,71,44,0,300,3,5
832,,,11,2,2,1,40,30,0,300,4,5
833,,,10,1,2,3,36,52,300,600,4,5
834,,,9,1,2,3,56,88,420,540,1,5
835,,,4,2,2,2,82,8,180,300,4,5
836,,,10,2,2,2,22,26,60,180,4,5
837,,,15,2,2,2,77,6,0,300,3,5
838,,,7,1,2,1,92,27,420,540,1,5
839,,,7,1,2,2,66,8,300,600,4,5
840,,,14,2,2,1,69,88,420,540,1,5
841,,,9,1,2,3,92,37,420,540,3,5
842,,,6,1,2,2,8,64,300,600,4,5
843,,,5,2,2,1,64,65,420,540,2,5
844,,,6,1,2,1,92,1,420,540,2,5
845,,,12,2,2,3,48,61,420,540,4,5
846,,,8,2,2,3,72,69,60,180,3,5
847,,,12,2,2,3,45,10,180,300,3,5
848,,,12,2,2,2,32,89,300,420,3,5
849,,,11,1,2,1,76,15,300,600,4,5
850,,,8,1,2,2,78,93,300,600,3,5
851,,,5,2,2,1,83,2,0,300,1,5
852,,,11,2,2,3,65,67,0,300,1,5
853,,,15,1,2,2,28,87,420,540,2,5
854,,,1,1,2,1,38,4,420,540,3,5
855,,,2,2,2,2,92,97,420,540,1,5
856,,,17,2,2,2,19,13,0,300,1,5
857,,,5,2,2,1,30,82,0,300,3,5
858,,,5,1,2,2,15,19,420,540,3,5
859,,,10,2,2,1,23,59,420,540,3,5
860,,,5,2,2,2,61,7,60,180,4,5
861,,,10,2,2,2,76,94,60,180,1,5
862,,,8,2,2,1,14,8,300,420,2,5
863,,,7,2,2,2,53,61,300,600,3,5
864,,,12,2,2,2,38,36,180,300,4,5
865,,,4,1,2,2,78,75,300,600,4,5
866,,,16,1,2,1,49,33,420,540,2,5
867,,,9,1,2,2,87,70,420,540,3,5
868,,,14,1,2,1,2,23,420,540,1,5
869,,,8,2,2,2,93,69,60,180,1,5
870,,,10,1,2,2,80,66,420,540,1,5
871,,,4,2,2,1,72,59,60,180,3,5
872,,,11,1,2,2,47,82,300,600,3,5
873,,,16,2,2,2,99,72,420,540,2,5
874,,,4,2,2,2,99,59,0,300,3,5
875,,,15,1,2,1,81,20,420,540,1,5
876,,,5,1,2,1,80,18,420,540,1,5
877,,,16,1,2,2,11,89,300,600,1,5
878,,,10,1,2,2,63,94,300,600,1,5
879,,,13,2,2,3,1,2,0,300,3,5
880,,,13,2,2,3,100,95,60,180,3,5
881,,,3,2,2,1,55,61,420,540,1,5
882,,,12,1,2,1,12,45,300,600,1,5
883,,,9,2,2,2,80,85,60,180,4,5
884,,,3,2,2,3,86,43,0,300,3,5
885,,,8,2,2,1,99,77,60,180,1,5
886,,,16,2,2,2,91,62,420,540,4,5
887,,,5,2,2,3,71,90,300,600,2,5
888,,,4,2,2,3,40,41,0,300,4,5
889,,,7,1,2,3,75,23,300,600,2,5
890,,,2,2,2,3,29,23,300,600,1,5
891,,,7,1,2,1,6,89,420,540,2,5
892,,,8,2,2,3,7,77,60,180,2,5
893,,,4,2,2,3,85,22,0,300,3,5
894,,,7,2,2,2,4,98,300,420,1,5
895,,,3,2,2,2,34,37,180,300,4,5
896,,,14,1,2,2,28,55,420,540,4,5
897,,,16,2,2,1,98,32,60,180,2,5
898,,,10,2,2,1,51,88,300,600,3,5
899,,,5,2,2,3,39,55,420,540,4,5
900,,,12,2,2,1,74,49,420,540,3,5
901,,,8,2,2,1,48,53,0,300,4,5
902,,,17,2,2,3,11,83,60,180,2,5
903,,,6,1,2,3,68,54,420,540,3,5
904,,,11,1,2,2,60,37,300,600,2,5
905,,,11,2,2,1,71,100,420,540,4,5
906,,,3,2,2,3,100,69,300,420,1,5
907,,,5,2,2,3,84,72,60,180,3,5
908,,,7,2,2,3,10,29,420,540,1,5
909,,,8,1,2,1,4,24,300,600,4,5
910,,,12,2,2,1,11,83,60,180,3,5
911,,,13,1,2,2,83,89,300,600,4,5
912,,,7,2,2,2,81,9,180,300,3,5
913,,,12,2,2,1,35,20,420,540,1,5
914,,,15,2,2,3,39,67,180,300,3,5
915,,,12,2,2,3,28,63,420,540,2,5
916,,,2,1,2,3,92,17,420,540,2,5
917,,,4,1,2,1,12,51,420,540,2,5
918,,,11,2,2,2,86,75,0,300,2,5
919,,,11,1,2,3,11,84,300,600,3,5
920,,,3,2,2,2,83,35,60,180,2,5
921,,,6,2,2,2,2,17,300,600,1,5
922,,,9,2,2,2,45,1,0,300,1,5
923,,,11,2,2,3,56,42,0,300,3,5
924,,,15,2,2,2,69,18,300,600,1,5
925,,,5,1,2,2,62,58,420,540,4,5
926,,,14,2,2,1,35,6,420,540,4,5
927,,,7,2,2,1,36,50,60,180,2,5
928,,,15,2,2,2,9,40,420,540,2,5
929,,,8,2,2,1,50,1,300,600,4,5
930,,,9,2,2,3,74,99,60,180,1,5
931,,,15,2,2,3,91,28,420,540,4,5
932,,,5,2,2,3,93,5,420,540,1,5
933,,,7,2,2,3,97,0,300,600,2,5
934,,,7,1,2,1,62,80,420,540,1,5
935,,,9,2,2,1,24,62,0,300,3,5
936,,,14,1,2,3,70,33,420,540,3,5
937,,,9,1,2,3,31,31,300,600,1,5
938,,,13,2,2,1,49,73,0,300,3,5
939,,,9,2,2,2,45,27,0,300,4,5
940,,,15,2,2,2,73,71,60,180,1,5
941,,,3,1,2,1,33,67,420,540,2,5
942,,,6,1,2,1,66,87,300,600,2,5
943,,,3,1,2,2,84,62,300,600,2,5
944,,,5,1,2,1,35,37,420,540,3,5
945,,,8,1,2,1,55,6,420,540,3,5
946,,,12,2,2,2,100,75,420,540,1,5
947,,,4,2,2,2,80,99,0,300,4,5
948,,,8,2,2,1,75,25,60,180,3,5
949,,,10,2,2,3,44,0,420,540,1,5
950,,,11,2,2,1,53,49,60,180,1,5
951,,,8,2,2,3,8,18,180,300,3,5
952,,,4,2,2,3,33,20,300,420,2,5
953,,,9,1,2,1,48,7,300,600,4,5
954,,,14,2,2,3,40,65,0,300,4,5
955,,,11,1,2,3,20,67,300,600,4,5
956,,,9,2,2,2,83,100,300,420,1,5
957,,,6,1,2,2,23,5,300,600,1,5
958,,,16,2,2,3,35,0,420,540,2,5
959,,,7,1,2,2,57,29,300,600,1,5
960,,,14,2,2,3,1,76,420,540,4,5
961,,,7,1,2,2,20,79,420,540,2,5
962,,,14,2,2,1,94,32,180,300,4,5
963,,,6,1,2,1,90,1,420,540,1,5
964,,,12,1,2,3,67,74,300,600,4,5
965,,,7,2,2,1,57,42,0,300,3,5
966,,,9,2,2,2,16,74,420,540,3,5
967,,,8,1,2,1,81,51,300,600,3,5
968,,,7,2,2,1,5,91,420,540,1,5
969,,,12,2,2,3,72,13,420,540,1,5
970,,,3,1,2,1,65,15,420,540,3,5
971,,,14,2,2,1,46,44,300,420,3,5
972,,,5,1,2,3,9,24,300,600,2,5
973,,,7,2,2,2,56,6,180,300,3,5
974,,,15,1,2,2,88,98,300,600,2,5
975,,,8,2,2,1,10,88,60,180,1,5
976,,,10,2,2,2,49,48,420,540,2,5
977,,,16,2,2,2,12,64,420,540,1,5
978,,,12,2,2,3,63,64,0,300,3,5
979,,,14,2,2,2,44,4,0,300,3,5
980,,,15,2,2,2,99,6,0,300,2,5
981,,,13,2,2,2,64,36,0,300,2,5
982,,,11,2,2,2,43,50,0,300,3,5
983,,,10,2,2,1,68,67,60,180,3,5
984,,,5,1,2,1,87,91,300,600,1,5
985,,,13,1,2,2,71,23,420,540,4,5
986,,,4,1,2,2,35,90,420,540,3,5
987,,,8,2,2,1,6,55,60,180,1,5
988,,,11,2,2,1,75,41,420,540,2,5
989,,,10,2,2,3,2,42,0,300,3,5
990,,,10,2,2,1,14,74,60,180,1,5
991,,,9,2,2,2,65,32,180,300,3,5
992,,,2,2,2,1,37,46,0,300,1,5
993,,,5,1,2,3,59,75,300,600,4,5
994,,,10,2,2,2,64,51,0,300,2,5
995,,,5,2,2,3,34,13,180,300,4,5
996,,,7,2,2,1,80,70,60,180,1,5
997,,,9,2,2,1,73,51,300,420,4,5
998,,,16,2,2,1,74,3,0,300,1,5
999,,,14,1,2,1,10,25,300,600,4,5
1000,,,15,2,2,3,98,92,60,180,2,5
1001,,,10,2,2,3,74,2,420,540,1,5
1002,,,15,2,2,1,21,73,420,540,4,5
1003,,,16,2,2,1,18,9,0,300,2,5
1004,,,13,2,2,2,83,81,60,180,3,5
1005,,,7,1,2,2,34,48,420,540,4,5
1006,,,11,2,2,2,76,97,0,300,4,5
1007,,,3,2,2,3,18,1,420,540,1,5
1008,,,4,2,2,2,49,77,300,420,2,5
1009,,,12,1,2,2,28,87,420,540,4,5
1010,,,4,2,2,1,38,47,180,300,1,5
1011,,,11,2,2,3,69,84,420,540,3,5
1012,,,14,2,2,1,7,10,420,540,1,5
1013,,,13,2,2,3,80,100,60,180,4,5
1014,,,5,2,2,1,53,8,0,300,4,5
1015,,,14,2,2,1,58,74,60,180,4,5
1016,,,9,1,2,2,90,23,300,600,3,5
1017,,,10,2,2,3,63,66,60,180,3,5
1018,,,14,1,2,1,93,71,420,540,3,5
1019,,,4,2,2,2,45,97,180,300,1,5
1020,,,12,2,2,2,73,40,300,420,3,5
1021,,,14,2,2,1,54,59,420,540,1,5
1022,,,3,2,2,3,40,5,0,300,2,5
1023,,,10,1,2,3,50,38,300,600,4,5
1024,,,15,2,2,3,89,54,420,540,2,5
1025,,,7,2,2,3,4,52,300,600,3,5
1026,,,15,2,2,1,91,26,0,300,4,5
1027,,,3,2,2,3,51,83,180,300,3,5
1028,,,8,1,2,1,49,23,300,600,3,5
1029,,,10,2,2,3,44,36,0,300,1,5
1030,,,13,2,2,1,3,6,180,300,1,5
1031,,,3,2,2,2,50,2,0,300,2,5
1032,,,14,2,2,1,79,60,60,180,1,5
1033,,,10,1,2,2,27,99,300,600,4,5
1034,,,15,2,2,3,13,79,60,180,1,5
1035,,,4,1,2,3,59,9,300,600,2,5
1036,,,6,2,2,2,9,19,60,180,2,5
1037,,,5,2,2,3,72,90,60,180,1,5
1038,,,9,1,2,2,68,41,300,600,3,5
1039,,,2,2,2,1,84,47,420,540,2,5
1040,,,10,2,2,1,52,6,300,420,3,5
1041,,,10,2,2,2,14,53,300,600,2,5
1042,,,3,2,2,3,65,1,60,180,1,5
1043,,,12,2,2,3,78,45,0,300,2,5
1044,,,14,2,2,1,0,23,420,540,2,5
1045,,,15,1,2,3,43,41,300,600,1,5
1046,,,15,2,2,1,42,76,420,540,3,5
1047,,,4,2,2,2,20,74,180,300,2,5
1048,,,4,2,2,2,55,38,180,300,2,5
1049,,,9,2,2,1,67,73,420,540,1,5
1050,,,6,2,2,1,93,20,300,600,4,5
1051,,,2,2,2,2,44,92,180,300,2,5
1052,,,14,2,2,2,99,100,180,300,2,5
1053,,,15,2,2,3,16,55,0,300,4,5
1054,,,2,2,2,3,63,70,300,600,3,5
1055,,,15,2,2,2,65,42,420,540,1,5
1056,,,12,2,2,1,17,85,60,180,3,5
1057,,,7,2,2,1,88,7,180,300,1,5
1058,,,14,2,2,3,64,97,0,300,3,5
1059,,,8,2,2,1,86,59,60,180,3,5
1060,,,13,2,2,3,41,0,60,180,4,5
1061,,,15,2,2,1,57,15,60,180,3,5
1062,,,12,2,2,2,75,14,60,180,2,5
1063,,,16,1,2,2,89,48,300,600,2,5
1064,,,11,2,2,2,78,82,180,300,1,5
1065,,,17,2,2,1,65,73,180,300,2,5
1066,,,15,2,2,1,63,42,0,300,1,5
1067,,,13,2,2,3,11,91,420,540,1,5
1068,,,12,2,2,1,0,97,60,180,2,5
1069,,,6,2,2,2,45,59,180,300,4,5
1070,,,17,2,2,1,2,54,60,180,3,5
1071,,,10,2,2,3,53,25,420,540,3,5
1072,,,4,1,2,1,97,81,420,540,4,5
1073,,,13,1,2,3,83,62,420,540,4,5
1074,,,11,2,2,2,22,96,420,540,1,5
1075,,,12,2,2,3,87,59,420,540,4,5
1076,,,2,1,2,2,40,86,420,540,3,5
1077,,,13,1,2,3,43,18,300,600,3,5
1078,,,4,2,2,1,24,61,300,420,4,5
1079,,,4,2,2,2,22,61,420,540,1,5
1080,,,15,2,2,2,1,60,60,180,2,5
1081,,,12,2,2,3,36,82,60,180,4,5
1082,,,15,2,2,1,38,44,420,540,3,5
1083,,,4,2,2,2,16,46,60,180,1,5
1084,,,6,2,2,3,59,32,60,180,2,5
1085,,,6,2,2,3,36,58,60,180,3,5
1086,,,12,1,2,1,4,50,300,600,4,5
1087,,,13,1,2,1,7,51,300,600,2,5
1088,,,10,1,2,2,30,69,300,600,1,5
1089,,,15,1,2,1,1,8,300,600,1,5
1090,,,7,1,2,1,47,91,300,600,4,5
1091,,,16,2,2,3,52,75,300,600,3,5
1092,,,9,2,2,2,59,21,300,600,4,5
1093,,,11,1,2,2,55,93,300,600,3,5
1094,,,14,2,2,1,18,46,0,300,4,5
1095,,,11,2,2,1,34,8,60,180,4,5
1096,,,5,2,2,1,82,1,60,180,4,5
1097,,,2,1,2,2,13,75,300,600,2,5
1098,,,4,1,2,2,93,7,300,600,2,5
1099,,,6,2,2,3,48,48,60,180,1,5
1100,,,16,2,2,1,23,73,420,540,3,5
1101,,,11,2,2,3,50,28,420,540,2,5
1102,,,7,2,2,1,56,90,420,540,2,5
1103,,,16,2,2,2,64,31,60,180,2,5
1104,,,12,2,2,3,19,14,60,180,4,5
1105,,,4,1,2,3,14,48,420,540,2,5
1106,,,13,2,2,3,60,39,300,600,2,5
1107,,,14,1,2,1,16,14,300,600,2,5
1108,,,5,2,2,3,38,83,300,600,3,5
1109,,,13,2,2,2,91,12,60,180,1,5
1110,,,6,2,2,2,4,38,0,300,2,5
1111,,,8,2,2,3,10,71,180,300,2,5
1112,,,12,1,2,1,78,34,300,600,1,5
1113,,,1,1,2,3,17,80,420,540,3,5
1114,,,5,2,2,2,35,13,60,180,2,5
1115,,,15,2,2,1,91,52,0,300,3,5
1116,,,4,1,2,1,89,4,300,600,3,5
1117,,,8,2,2,1,64,23,300,420,1,5
1118,,,9,2,2,1,28,72,0,300,4,5
1119,,,3,2,2,1,19,95,300,420,1,5
1120,,,6,2,2,1,16,88,0,300,4,5
1121,,,4,2,2,3,1,27,60,180,4,5
1122,,,9,2,2,3,11,10,420,540,4,5
1123,,,12,2,2,2,68,84,60,180,4,5
1124,,,10,1,2,1,72,21,300,600,3,5
1125,,,7,2,2,2,99,69,420,540,1,5
1126,,,5,1,2,2,32,51,420,540,3,5
1127,,,8,2,2,3,92,59,0,300,4,5
1128,,,11,2,2,1,53,31,0,300,3,5
1129,,,3,2,2,2,7,1,300,420,2,5
1130,,,7,2,2,1,23,71,60,180,3,5
1131,,,14,2,2,2,96,92,420,540,4,5
1132,,,7,1,2,3,86,83,420,540,2,5
1133,,,14,1,2,3,37,54,300,600,4,5
1134,,,8,2,2,2,17,10,180,300,2,5
1135,,,6,2,2,1,81,42,0,300,2,5
1136,,,15,1,2,3,7,28,420,540,1,5
1137,,,13,1,2,1,55,45,300,600,1,5
1138,,,4,2,2,1,26,99,180,300,4,5
1139,,,15,2,2,3,95,38,420,540,1,5
1140,,,5,1,2,3,49,31,300,600,3,5
1141,,,8,2,2,3,90,11,180,300,1,5
1142,,,3,1,2,1,30,20,420,540,1,5
1143,,,6,2,2,3,79,49,60,180,4,5
1144,,,13,2,2,3,100,38,0,300,4,5
1145,,,6,2,2,3,55,15,0,300,2,5
1146,,,14,2,2,1,36,4,0,300,3,5
1147,,,5,2,2,1,98,79,0,300,2,5
1148,,,11,2,2,1,61,27,420,540,4,5
1149,,,7,2,2,2,100,74,420,540,1,5
1150,,,14,1,2,2,73,97,420,540,3,5
1151,,,3,2,2,2,86,38,60,180,2,5
1152,,,15,2,2,2,44,10,180,300,3,5
1153,,,11,2,2,1,0,61,300,420,4,5
1154,,,6,2,2,2,2,85,60,180,3,5
1155,,,9,2,2,3,36,6,420,540,2,5
1156,,,8,2,2,1,89,58,180,300,2,5
1157,,,4,2,2,1,47,52,420,540,3,5
1158,,,5,2,2,1,28,95,300,600,2,5
1159,,,12,2,2,1,55,23,180,300,4,5
1160,,,10,2,2,2,92,24,60,180,1,5
1161,,,15,2,2,1,68,95,420,540,2,5
1162,,,12,1,2,3,57,23,420,540,4,5
1163,,,4,2,2,3,87,3,0,300,3,5
1164,,,3,2,2,2,12,71,0,300,2,5
1165,,,14,1,2,3,12,10,300,600,2,5
1166,,,10,2,2,3,74,66,180,300,4,5
1167,,,2,1,2,2,26,86,300,600,1,5
1168,,,17,2,2,1,56,71,420,540,1,5
1169,,,2,1,2,3,46,84,300,600,3,5
1170,,,4,2,2,3,81,71,0,300,4,5
1171,,,1,1,2,1,2,93,300,600,3,5
1172,,,16,2,2,1,46,60,60,180,1,5
1173,,,5,1,2,2,46,48,420,540,1,5
1174,,,8,1,2,1,78,40,300,600,4,5
1175,,,13,2,2,1,67,50,180,300,1,5
1176,,,14,2,2,3,10,42,300,600,4,5
1177,,,7,1,2,1,63,13,420,540,4,5
1178,,,6,2,2,3,52,40,60,180,4,5
1179,,,14,1,2,3,68,30,300,600,4,5
1180,,,11,2,2,1,59,5,180,300,3,5
1181,,,4,2,2,1,89,94,420,540,1,5
1182,,,14,2,2,1,33,100,420,540,4,5
1183,,,14,2,2,2,17,71,60,180,1,5
1184,,,12,1,2,2,45,57,300,600,4,5
1185,,,2,1,2,2,75,4,420,540,2,5
1186,,,13,2,2,1,59,79,60,180,3,5
1187,,,4,2,2,3,56,66,0,300,1,5
1188,,,11,1,2,2,62,15,420,540,2,5
1189,,,4,1,2,1,48,97,300,600,3,5
1190,,,3,1,2,2,74,81,420,540,2,5
1191,,,6,1,2,1,68,30,300,600,1,5
1192,,,7,1,2,1,2,7,420,540,1,5
1193,,,14,2,2,3,76,16,0,300,3,5
1194,,,15,2,2,3,78,28,300,600,2,5
1195,,,16,2,2,3,98,57,420,540,1,5
1196,,,4,2,2,2,81,34,60,180,3,5
1197,,,15,2,2,2,14,61,180,300,3,5
1198,,,12,2,2,3,97,45,0,300,4,5
1199,,,15,1,2,3,39,71,420,540,2,5
1200,,,7,1,2,3,34,6,420,540,2,5
1201,,,9,2,2,3,15,19,300,600,3,5
1202,,,14,2,2,3,40,94,180,300,2,5
1203,,,8,2,2,3,46,31,180,300,2,5
1204,,,10,1,2,1,20,73,300,600,3,5
1205,,,13,2,2,2,16,18,0,300,2,5
1206,,,5,2,2,1,67,6,0,300,1,5
1207,,,17,2,2,1,87,25,0,300,1,5
1208,,,3,2,2,3,77,72,180,300,1,5
1209,,,10,2,2,2,70,27,420,540,1,5
1210,,,2,2,2,1,97,83,0,300,4,5
1211,,,16,2,2,1,9,34,60,180,1,5
1212,,,15,2,2,2,1,17,0,300,1,5
1213,,,8,1,2,2,94,89,300,600,1,5
1214,,,5,2,2,3,71,43,420,540,3,5
1215,,,9,2,2,3,38,97,420,540,3,5
1216,,,6,1,2,3,81,33,420,540,4,5
1217,,,10,2,2,3,26,7,180,300,1,5
1218,,,4,2,2,1,48,64,180,300,1,5
1219,,,16,2,2,3,58,26,0,300,2,5
1220,,,7,1,2,2,53,10,420,540,4,5
1221,,,6,2,2,3,16,51,60,180,3,5
1222,,,15,2,2,2,95,83,0,300,3,5
1223,,,8,2,2,2,83,88,60,180,1,5
1224,,,6,2,2,2,26,76,180,300,4,5
1225,,,13,2,2,1,85,37,300,600,4,5
1226,,,7,2,2,3,47,84,0,300,1,5
1227,,,4,1,2,1,52,71,420,540,3,5
1228,,,9,2,2,1,74,73,420,540,1,5
1229,,,11,2,2,3,51,33,300,600,1,5
1230,,,11,2,2,1,65,76,0,300,1,5
1231,,,6,2,2,1,25,62,300,600,2,5
1232,,,15,1,2,2,50,76,300,600,1,5
1233,,,14,2,2,1,75,67,300,420,2,5
1234,,,3,1,2,1,21,98,420,540,2,5
1235,,,12,2,2,2,30,21,180,300,4,5
1236,,,13,2,2,2,55,90,0,300,1,5
1237,,,7,2,2,3,0,92,180,300,1,5
1238,,,4,1,2,2,54,3,300,600,3,5
1239,,,10,2,2,2,91,1,300,600,2,5
1240,,,5,2,2,2,61,90,300,420,4,5
1241,,,11,2,2,3,27,47,60,180,3,5
1242,,,10,2,2,2,51,20,180,300,2,5
1243,,,9,2,2,1,79,45,420,540,1,5
1244,,,5,2,2,1,60,95,180,300,4,5
1245,,,16,2,2,2,19,38,60,180,1,5
1246,,,12,1,2,2,94,77,300,600,4,5
1247,,,9,2,2,1,52,7,180,300,3,5
1248,,,4,1,2,1,32,53,420,540,2,5
1249,,,3,2,2,3,80,44,180,300,3,5
1250,,,5,2,2,2,6,77,180,300,3,5
1251,,,9,1,2,2,30,28,420,540,3,5
1252,,,12,2,2,2,81,65,0,300,1,5
1253,,,5,2,2,1,1,100,300,600,4,5
1254,,,14,2,2,2,43,38,60,180,2,5
1255,,,8,1,2,3,5,68,300,600,1,5
1256,,,5,2,2,2,19,80,420,540,4,5
1257,,,9,1,2,3,93,65,300,600,3,5
1258,,,11,2,2,3,27,67,420,540,3,5
1259,,,5,2,2,3,4,61,60,180,4,5
1260,,,8,2,2,2,30,34,420,540,2,5
1261,,,6,2,2,3,91,40,300,600,3,5
1262,,,12,1,2,3,56,19,300,600,1,5
1263,,,14,1,2,2,85,28,420,540,3,5
1264,,,6,1,2,1,79,90,420,540,4,5
1265,,,12,1,2,3,90,29,300,600,4,5
1266,,,16,2,2,3,3,36,0,300,1,5
1267,,,3,2,2,2,14,19,180,300,1,5
1268,,,4,2,2,2,82,74,300,600,1,5
1269,,,9,1,2,1,57,82,300,600,4,5
1270,,,14,2,2,2,13,3,60,180,2,5
1271,,,14,2,2,2,89,19,420,540,3,5
1272,,,11,1,2,2,82,67,420,540,3,5
1273,,,16,2,2,1,14,59,420,540,4,5
1274,,,12,2,2,1,66,85,60,180,3,5
1275,,,4,2,2,2,2,93,300,600,2,5
1276,,,10,2,2,2,15,60,180,300,3,5
1277,,,13,2,2,3,97,81,0,300,3,5
1278,,,2,1,2,2,18,83,420,540,1,5
1279,,,7,1,2,1,87,14,300,600,4,5
1280,,,11,2,2,3,87,4,420,540,2,5
1281,,,14,2,2,1,10,83,60,180,3,5
1282,,,3,2,2,3,69,28,60,180,3,5
1283,,,11,2,2,1,73,23,420,540,3,5
1284,,,10,2,2,3,38,55,60,180,4,5
1285,,,8,1,2,2,88,32,420,540,1,5
1286,,,7,2,2,3,48,5,180,300,2,5
1287,,,5,2,2,1,73,4,180,300,1,5
1288,,,12,2,2,1,12,45,180,300,1,5
1289,,,6,2,2,3,15,31,300,420,1,5
1290,,,7,2,2,1,91,85,60,180,3,5
1291,,,9,2,2,3,6,12,180,300,1,5
1292,,,15,2,2,2,50,85,60,180,4,5
1293,,,2,2,2,3,80,60,60,180,4,5
1294,,,4,1,2,2,56,9,420,540,4,5
1295,,,2,2,2,1,38,81,300,420,4,5
1296,,,12,2,2,1,78,89,60,180,1,5
1297,,,14,2,2,3,24,25,0,300,2,5
1298,,,2,2,2,2,90,10,420,540,2,5
1299,,,9,2,2,2,86,29,420,540,1,5
1300,,,8,2,2,3,69,88,0,300,3,5
1301,,,14,2,2,2,31,36,300,420,4,5
1302,,,5,2,2,1,95,39,180,300,2,5
1303,,,11,2,2,2,88,51,60,180,2,5
1304,,,11,2,2,2,93,60,0,300,2,5
1305,,,6,2,2,1,4,54,300,420,3,5
1306,,,2,1,2,2,3,38,300,600,2,5
1307,,,14,2,2,2,18,25,180,300,1,5
1308,,,10,2,2,3,32,50,0,300,1,5
1309,,,8,1,2,2,18,45,300,600,2,5
1310,,,11,2,2,1,69,90,60,180,1,5
1311,,,10,2,2,3,14,83,60,180,3,5
1312,,,11,2,2,1,9,82,180,300,4,5
1313,,,9,2,2,2,71,47,420,540,1,5
1314,,,3,2,2,2,6,97,180,300,3,5
1315,,,13,2,2,3,20,83,60,180,2,5
1316,,,8,1,2,2,52,82,300,600,3,5
1317,,,11,2,2,3,29,10,180,300,2,5
1318,,,4,2,2,3,14,40,180,300,4,5
1319,,,13,1,2,2,75,17,420,540,2,5
1320,,,4,2,2,3,5,55,420,540,1,5
1321,,,14,1,2,2,90,61,300,600,3,5
1322,,,15,2,2,2,3,5,60,180,4,5
1323,,,13,2,2,1,17,27,180,300,1,5
1324,,,11,2,2,1,88,66,420,540,1,5
1325,,,10,2,2,1,6,27,60,180,1,5
1326,,,3,1,2,3,2,84,420,540,4,5
1327,,,14,2,2,1,0,2,0,300,1,5
1328,,,4,2,2,2,2,57,60,180,2,5
1329,,,4,2,2,3,95,77,180,300,2,5
1330,,,12,1,2,2,84,56,300,600,2,5
1331,,,16,2,2,1,97,6,0,300,1,5
1332,,,15,2,2,1,17,85,300,600,4,5
1333,,,17,2,2,2,89,37,60,180,2,5
1334,,,4,1,2,1,18,46,300,600,1,5
1335,,,4,2,2,1,19,95,180,300,2,5
1336,,,4,2,2,1,37,39,300,600,3,5
1337,,,12,2,2,1,28,0,180,300,4,5
1338,,,14,2,2,3,26,21,420,540,4,5
1339,,,7,2,2,2,59,39,180,300,4,5
1340,,,5,2,2,2,65,42,420,540,1,5
1341,,,2,2,2,2,12,78,180,300,3,5
1342,,,10,2,2,3,8,82,180,300,3,5
1343,,,3,2,2,2,45,10,300,420,4,5
1344,,,7,2,2,3,64,27,60,180,2,5
1345,,,15,2,2,2,90,55,60,180,1,5
1346,,,7,1,2,2,95,59,420,540,2,5
1347,,,5,2,2,3,47,32,420,540,4,5
1348,,,13,1,2,1,48,86,420,540,2,5
1349,,,4,2,2,2,96,91,420,540,2,5
1350,,,14,2,2,2,55,2,420,540,1,5
1351,,,7,2,2,1,24,54,60,180,3,5
1352,,,6,1,2,2,66,16,420,540,2,5
1353,,,8,1,2,1,63,21,420,540,4,5
1354,,,7,2,2,1,1,57,60,180,1,5
1355,,,15,2,2,1,24,62,180,300,3,5
1356,,,7,2,2,1,30,6,0,300,3,5
1357,,,3,1,2,3,51,45,300,600,2,5
1358,,,2,2,2,2,100,47,0,300,1,5
1359,,,9,1,2,3,89,63,420,540,3,5
1360,,,7,2,2,3,54,86,300,420,3,5
1361,,,3,2,2,3,99,94,420,540,1,5
1362,,,12,2,2,1,78,72,60,180,3,5
1363,,,6,1,2,2,27,81,300,600,2,5
1364,,,7,2,2,2,21,12,0,300,3,5
1365,,,7,1,2,2,23,71,420,540,3,5
1366,,,3,2,2,2,22,33,300,420,1,5
1367,,,8,2,2,2,38,71,300,420,2,5
1368,,,14,1,2,3,39,18,300,600,3,5
1369,,,9,2,2,1,14,15,180,300,4,5
1370,,,2,2,2,3,0,34,0,300,1,5
1371,,,8,2,2,3,46,99,420,540,3,5
1372,,,6,2,2,2,94,69,300,600,1,5
1373,,,14,2,2,3,38,89,60,180,2,5
1374,,,9,2,2,2,0,32,0,300,1,5
1375,,,2,1,2,1,16,35,420,540,4,5
1376,,,10,2,2,3,58,78,60,180,3,5
1377,,,10,1,2,3,29,83,300,600,2,5
1378,,,16,1,2,1,17,13,300,600,2,5
1379,,,11,1,2,3,29,10,420,540,2,5
1380,,,15,2,2,2,69,59,180,300,1,5
1381,,,5,1,2,2,25,25,420,540,4,5
1382,,,7,2,2,2,81,84,300,420,4,5
1383,,,15,2,2,2,1,12,300,420,2,5
1384,,,13,1,2,3,14,52,420,540,2,5
1385,,,7,1,2,2,17,29,300,600,4,5
1386,,,10,2,2,2,2,75,420,540,4,5
1387,,,6,2,2,1,9,39,0,300,2,5
1388,,,7,2,2,3,54,57,180,300,1,5
1389,,,6,2,2,2,76,74,300,420,4,5
1390,,,2,2,2,1,92,22,420,540,4,5
1391,,,5,2,2,2,35,26,0,300,4,5
1392,,,4,2,2,2,69,96,300,600,4,5
1393,,,15,2,2,1,82,89,300,600,2,5
1394,,,7,2,2,2,9,4,180,300,3,5
1395,,,6,2,2,3,27,61,0,300,3,5
1396,,,12,2,2,1,22,85,300,420,1,5
1397,,,10,2,2,2,79,71,420,540,2,5
1398,,,14,2,2,2,17,37,0,300,3,5
1399,,,7,2,2,2,37,53,0,300,1,5
1400,,,11,2,2,1,74,12,420,540,4,5
1401,,,13,2,2,3,19,63,60,180,1,5
1402,,,8,1,2,2,65,36,300,600,1,5
1403,,,12,2,2,3,55,55,300,420,3,5
1404,,,15,1,2,3,61,47,420,540,3,5
1405,,,8,2,2,2,26,30,300,600,1,5
1406,,,12,1,2,1,84,61,420,540,3,5
1407,,,15,2,2,2,56,81,300,420,3,5
1408,,,14,2,2,2,8,84,420,540,4,5
1409,,,2,2,2,3,3,51,180,300,2,5
1410,,,5,1,2,1,11,66,300,600,2,5
1411,,,11,2,2,1,41,29,180,300,1,5
1412,,,12,2,2,3,54,62,420,540,4,5
1413,,,7,2,2,2,50,77,60,180,3,5
1414,,,5,2,2,2,31,17,300,420,4,5
1415,,,13,2,2,2,54,98,180,300,1,5
1416,,,6,2,2,3,56,61,0,300,1,5
1417,,,5,2,2,3,61,70,180,300,2,5
1418,,,6,1,2,2,29,18,300,600,2,5
1419,,,7,1,2,2,17,45,300,600,4,5
1420,,,9,2,2,2,95,56,300,420,3,5
1421,,,9,2,2,2,91,22,420,540,2,5
1422,,,2,2,2,2,41,13,0,300,2,5
1423,,,10,1,2,1,42,80,300,600,2,5
1424,,,11,2,2,2,8,79,0,300,2,5
1425,,,4,2,2,2,9,84,0,300,4,5
1426,,,8,2,2,1,23,60,180,300,4,5
1427,,,11,2,2,2,57,71,420,540,4,5
1428,,,8,2,2,1,78,46,180,300,2,5
1429,,,5,1,2,1,11,48,300,600,4,5
1430,,,16,2,2,3,59,5,0,300,4,5
1431,,,16,2,2,2,79,78,180,300,4,5
1432,,,3,2,2,2,29,4,0,300,4,5
1433,,,8,2,2,2,96,17,300,420,3,5
1434,,,14,2,2,3,16,8,60,180,1,5
1435,,,10,1,2,3,84,72,420,540,2,5
1436,,,5,1,2,2,44,11,420,540,3,5
1437,,,12,1,2,2,33,57,300,600,3,5
1438,,,5,2,2,3,86,41,0,300,4,5
1439,,,13,2,2,1,20,39,420,540,4,5
1440,,,13,2,2,2,35,100,0,300,2,5
1441,,,15,1,2,2,1,96,300,600,1,5
1442,,,16,2,2,1,85,99,180,300,3,5
1443,,,4,2,2,3,56,53,0,300,2,5
1444,,,12,2,2,1,22,72,300,420,4,5
1445,,,3,1,2,2,68,36,420,540,4,5
1446,,,14,2,2,1,22,68,0,300,4,5
1447,,,15,2,2,2,0,80,180,300,2,5
1448,,,7,2,2,3,93,17,60,180,2,5
1449,,,3,2,2,1,27,21,300,600,1,5
1450,,,11,2,2,1,6,43,0,300,4,5
1451,,,12,2,2,2,40,35,300,600,2,5
1452,,,9,2,2,2,16,94,300,420,3,5
1453,,,12,2,2,1,97,53,420,540,4,5
1454,,,10,2,2,3,30,57,60,180,3,5
1455,,,3,2,2,3,33,85,0,300,4,5
1456,,,12,2,2,1,96,65,60,180,2,5
1457,,,6,2,2,2,54,84,300,420,2,5
1458,,,11,1,2,1,43,34,420,540,1,5
1459,,,2,2,2,3,3,42,180,300,4,5
1460,,,6,2,2,1,59,89,60,180,2,5
1461,,,12,2,2,3,43,0,60,180,2,5
1462,,,13,2,2,3,39,86,60,180,1,5
1463,,,9,2,2,2,65,15,420,540,1,5
1464,,,12,1,2,2,92,22,420,540,4,5
1465,,,13,2,2,1,73,23,0,300,1,5
1466,,,10,2,2,2,21,69,300,420,2,5
1467,,,5,2,2,2,68,81,420,540,3,5
1468,,,7,2,2,3,50,26,420,540,2,5
1469,,,7,1,2,2,86,1,300,600,1,5
1470,,,9,2,2,3,86,88,300,600,1,5
1471,,,8,1,2,1,1,74,300,600,2,5
1472,,,6,2,2,3,35,41,420,540,3,5
1473,,,15,2,2,3,61,61,60,180,4,5
1474,,,14,1,2,3,6,68,300,600,3,5
1475,,,13,2,2,2,51,49,300,420,1,5
1476,,,13,2,2,2,13,78,60,180,1,5
1477,,,14,1,2,2,24,98,420,540,3,5
1478,,,13,1,2,3,6,49,420,540,2,5
1479,,,11,2,2,2,19,30,300,600,1,5
1480,,,6,2,2,2,15,84,300,420,2,5
1481,,,8,2,2,3,61,83,60,180,1,5
1482,,,8,1,2,1,3,14,300,600,1,5
1483,,,5,1,2,3,51,38,420,540,2,5
1484,,,4,2,2,3,50,97,300,600,2,5
1485,,,10,2,2,2,57,85,180,300,2,5
1486,,,7,2,2,1,77,98,420,540,3,5
1487,,,6,1,2,1,40,26,420,540,2,5
1488,,,9,1,2,1,61,65,420,540,1,5
1489,,,15,2,2,3,94,95,180,300,4,5
1490,,,3,2,2,2,98,61,420,540,3,5
1491,,,12,1,2,3,19,30,420,540,2,5
1492,,,10,2,2,2,32,96,180,300,1,5
1493,,,11,2,2,3,32,37,300,420,4,5
1494,,,15,2,2,1,68,39,60,180,4,5
1495,,,11,2,2,3,61,29,60,180,4,5
1496,,,5,2,2,2,93,89,420,540,4,5
1497,,,10,2,2,3,58,49,0,300,3,5
1498,,,5,1,2,3,78,60,300,600,1,5
1499,,,11,2,2,1,69,99,0,300,1,5
1500,,,11,2,2,2,89,54,420,540,4,5
1501,,,7,1,2,3,82,67,420,540,3,5
1502,,,3,2,2,1,42,7,60,180,3,5
1503,,,16,2,2,1,30,70,0,300,1,5
1504,,,3,1,2,2,62,0,300,600,2,5
1505,,,3,2,2,3,7,48,420,540,1,5
1506,,,10,2,2,3,41,12,60,180,2,5
1507,,,6,2,2,2,55,92,180,300,1,5
1508,,,3,1,2,1,8,32,300,600,2,5
1509,,,3,2,2,2,49,69,300,600,4,5
1510,,,7,1,2,1,93,32,420,540,3,5
1511,,,8,2,2,3,44,33,60,180,1,5
1512,,,7,2,2,1,33,23,60,180,2,5
1513,,,17,2,2,2,92,71,420,540,3,5
1514,,,5,1,2,3,94,32,300,600,2,5
1515,,,8,2,2,2,70,76,180,300,2,5
1516,,,8,1,2,1,21,62,300,600,3,5
1517,,,11,2,2,1,73,18,0,300,1,5
1518,,,4,2,2,3,86,89,180,300,4,5
1519,,,14,2,2,3,2,24,420,540,1,5
1520,,,2,2,2,2,20,43,420,540,1,5
1521,,,5,2,2,1,96,40,420,540,4,5
1522,,,14,2,2,2,76,5,0,300,4,5
1523,,,13,1,2,3,33,69,420,540,1,5
1524,,,2,2,2,3,70,50,420,540,3,5
1525,,,9,2,2,1,49,81,420,540,2,5
1526,,,14,1,2,2,10,100,420,540,4,5
1527,,,12,2,2,3,94,16,180,300,1,5
1528,,,11,2,2,2,41,47,60,180,1,5
1529,,,7,2,2,2,67,12,180,300,1,5
1530,,,10,1,2,2,15,46,300,600,1,5
1531,,,9,1,2,2,46,76,420,540,3,5
1532,,,10,2,2,2,14,54,180,300,3,5
1533,,,16,2,2,2,11,48,60,180,3,5
1534,,,11,2,2,3,16,61,0,300,3,5
1535,,,2,1,2,3,40,61,420,540,3,5
1536,,,7,2,2,3,93,87,60,180,3,5
1537,,,9,1,2,2,95,45,420,540,4,5
1538,,,15,2,2,1,19,91,0,300,4,5
1539,,,15,2,2,1,67,71,180,300,1,5
1540,,,7,2,2,1,54,90,300,420,1,5
1541,,,4,2,2,1,42,20,60,180,4,5
1542,,,9,2,2,3,71,19,60,180,4,5
1543,,,15,2,2,3,5,60,180,300,2,5
1544,,,3,1,2,1,68,90,420,540,4,5
1545,,,7,2,2,3,74,1,0,300,2,5
1546,,,15,2,2,3,28,30,0,300,4,5
1547,,,2,2,2,2,58,54,180,300,4,5
1548,,,4,1,2,1,63,27,300,600,4,5
1549,,,15,2,2,2,12,1,420,540,4,5
1550,,,10,2,2,1,60,49,420,540,3,5
1551,,,2,1,2,3,49,27,420,540,1,5
1552,,,15,1,2,3,88,63,420,540,1,5
1553,,,12,2,2,2,67,31,60,180,4,5
1554,,,6,2,2,1,35,89,180,300,2,5
1555,,,16,2,2,2,30,70,420,540,1,5
1556,,,4,1,2,3,21,72,420,540,3,5
1557,,,15,2,2,1,41,95,300,420,3,5
1558,,,8,2,2,3,48,33,60,180,4,5
1559,,,7,2,2,1,70,5,180,300,3,5
1560,,,11,2,2,1,63,0,300,420,4,5
1561,,,11,1,2,1,94,18,300,600,2,5
1562,,,5,2,2,2,67,3,60,180,1,5
1563,,,12,2,2,1,41,44,180,300,2,5
1564,,,7,1,2,2,24,7,420,540,1,5
1565,,,5,2,2,1,88,36,420,540,2,5
1566,,,12,2,2,1,35,32,60,180,3,5
1567,,,4,2,2,1,46,2,180,300,2,5
1568,,,15,1,2,2,73,93,300,600,3,5
1569,,,8,2,2,3,35,40,60,180,4,5
1570,,,5,1,2,3,82,28,420,540,4,5
1571,,,12,2,2,2,9,58,420,540,1,5
1572,,,13,2,2,3,1,26,180,300,3,5
1573,,,15,2,2,1,22,28,300,420,3,5
1574,,,5,1,2,1,16,97,300,600,4,5
1575,,,5,1,2,1,32,28,300,600,3,5
1576,,,12,2,2,2,93,83,180,300,4,5
1577,,,8,2,2,1,56,50,60,180,2,5
1578,,,10,2,2,2,44,10,300,420,3,5
1579,,,3,1,2,2,11,81,300,600,3,5
1580,,,9,1,2,1,90,21,420,540,2,5
1581,,,4,2,2,1,96,4,0,300,2,5
1582,,,6,2,2,1,76,4,420,540,2,5
1583,,,15,2,2,1,67,95,60,180,1,5
1584,,,11,2,2,2,18,31,180,300,3,5
1585,,,6,1,2,2,94,95,300,600,2,5
1586,,,9,2,2,3,41,98,60,180,2,5
1587,,,12,2,2,1,6,83,300,600,1,5
1588,,,8,1,2,3,64,65,420,540,4,5
1589,,,4,2,2,3,67,48,180,300,2,5
1590,,,4,2,2,2,47,16,420,540,4,5
1591,,,5,1,2,2,80,27,300,600,1,5
1592,,,13,2,2,1,33,59,60,180,1,5
1593,,,12,2,2,3,86,63,60,180,2,5
1594,,,13,2,2,2,73,98,0,300,3,5
1595,,,14,2,2,2,34,25,180,300,4,5
1596,,,6,2,2,2,16,13,0,300,4,5
1597,,,12,2,2,1,60,6,420,540,3,5
1598,,,10,2,2,2,4,11,0,300,1,5
1599,,,15,2,2,1,48,9,60,180,4,5
1600,,,12,2,2,1,2,86,300,600,3,5
1601,,,7,2,2,1,73,12,300,600,3,5
1602,,,10,2,2,3,85,37,0,300,1,5
1603,,,12,2,2,1,32,81,300,600,4,5
1604,,,13,1,2,3,96,39,420,540,3,5
1605,,,10,1,2,2,49,15,300,600,3,5
1606,,,6,2,2,2,100,30,60,180,3,5
1607,,,8,2,2,1,100,59,0,300,3,5
1608,,,14,2,2,1,6,21,0,300,3,5
1609,,,7,2,2,1,81,20,300,600,2,5
1610,,,17,2,2,3,67,82,60,180,1,5
1611,,,14,2,2,2,58,29,0,300,4,5
1612,,,11,2,2,3,2,58,180,300,3,5
1613,,,14,2,2,3,73,19,300,600,2,5
1614,,,12,1,2,1,24,15,300,600,1,5
1615,,,3,1,2,3,33,44,420,540,4,5
1616,,,3,1,2,3,47,81,420,540,1,5
1617,,,14,2,2,2,96,64,0,300,4,5
1618,,,14,2,2,3,21,11,60,180,3,5
1619,,,6,1,2,3,37,79,300,600,3,5
1620,,,4,1,2,2,76,80,300,600,2,5
1621,,,14,2,2,1,6,50,420,540,3,5
1622,,,4,1,2,2,10,38,300,600,1,5
1623,,,4,2,2,1,71,69,0,300,1,5
1624,,,5,1,2,2,90,71,300,600,3,5
1625,,,6,2,2,1,49,88,60,180,4,5
1626,,,3,2,2,2,89,87,300,600,2,5
1627,,,12,2,2,2,49,18,0,300,2,5
1628,,,7,2,2,3,23,89,0,300,1,5
1629,,,8,2,2,1,6,32,60,180,1,5
1630,,,16,2,2,2,57,71,420,540,1,5
1631,,,13,2,2,2,84,61,60,180,4,5
1632,,,4,2,2,1,62,99,60,180,3,5
1633,,,15,2,2,3,33,30,300,420,1,5
1634,,,14,2,2,2,88,10,0,300,2,5
1635,,,3,1,2,2,91,44,300,600,3,5
1636,,,8,2,2,2,34,43,420,540,1,5
1637,,,12,1,2,3,62,83,420,540,1,5
1638,,,4,2,2,1,48,59,420,540,2,5
1639,,,15,2,2,3,96,0,0,300,1,5
1640,,,8,1,2,2,98,40,300,600,4,5
1641,,,12,2,2,3,50,68,60,180,2,5
1642,,,13,2,2,2,74,42,180,300,1,5
1643,,,9,2,2,1,67,91,300,600,1,5
1644,,,9,2,2,3,49,54,0,300,2,5
1645,,,14,1,2,1,70,61,420,540,1,5
1646,,,15,2,2,3,63,29,0,300,1,5
1647,,,3,2,2,3,78,89,420,540,3,5
1648,,,7,2,2,2,58,45,0,300,1,5
1649,,,6,2,2,1,65,35,300,600,1,5
1650,,,9,1,2,1,68,31,300,600,4,5
1651,,,11,2,2,2,80,93,0,300,3,5
1652,,,7,2,2,3,70,17,300,600,3,5
1653,,,3,2,2,2,37,84,0,300,3,5
1654,,,9,2,2,3,52,88,300,420,3,5
1655,,,6,2,2,3,20,46,60,180,1,5
1656,,,9,2,2,1,69,55,300,420,3,5
1657,,,13,2,2,1,71,37,300,600,2,5
1658,,,9,1,2,3,40,38,420,540,4,5
1659,,,12,2,2,1,26,30,0,300,3,5
1660,,,5,1,2,2,67,22,420,540,1,5
1661,,,12,2,2,1,52,20,180,300,2,5
1662,,,4,2,2,2,39,37,300,600,2,5
1663,,,5,2,2,2,0,82,300,420,2,5
1664,,,14,1,2,2,22,75,300,600,1,5
1665,,,3,2,2,3,54,20,300,420,1,5
1666,,,15,2,2,1,56,25,0,300,4,5
1667,,,2,1,2,1,7,0,300,600,4,5
1668,,,4,1,2,3,12,13,300,600,2,5
1669,,,12,2,2,3,40,5,300,420,4,5
1670,,,14,2,2,1,71,7,180,300,2,5
1671,,,11,2,2,2,28,100,420,540,1,5
1672,,,10,2,2,1,45,48,420,540,1,5
1673,,,4,2,2,2,92,5,420,540,2,5
1674,,,4,2,2,1,35,11,180,300,4,5
1675,,,4,2,2,3,73,57,420,540,3,5
1676,,,6,2,2,2,27,88,420,540,1,5
1677,,,14,2,2,3,92,56,0,300,1,5
1678,,,6,2,2,1,72,39,180,300,2,5
1679,,,13,1,2,2,100,65,300,600,4,5
1680,,,8,2,2,1,87,58,420,540,4,5
1681,,,4,2,2,3,32,7,0,300,1,5
1682,,,11,2,2,3,45,49,420,540,4,5
1683,,,12,2,2,3,83,24,0,300,3,5
1684,,,8,2,2,1,96,96,0,300,3,5
1685,,,2,1,2,2,71,9,300,600,4,5
1686,,,15,2,2,1,50,37,300,420,1,5
1687,,,12,1,2,3,85,84,420,540,1,5
1688,,,9,1,2,3,27,60,300,600,4,5
1689,,,13,2,2,1,100,62,0,300,1,5
1690,,,9,2,2,3,94,2,0,300,1,5
1691,,,9,2,2,3,99,36,60,180,2,5
1692,,,14,1,2,3,77,42,420,540,4,5
1693,,,4,1,2,1,77,1,300,600,3,5
1694,,,4,1,2,1,7,96,420,540,3,5
1695,,,13,2,2,1,7,79,180,300,3,5
1696,,,13,2,2,2,100,71,300,420,1,5
1697,,,3,2,2,1,78,91,0,300,2,5
1698,,,8,1,2,2,43,75,420,540,2,5
1699,,,12,2,2,1,8,45,180,300,4,5
1700,,,15,2,2,1,17,21,420,540,1,5
1701,,,10,2,2,1,20,61,420,540,2,5
1702,,,6,2,2,2,19,51,300,420,2,5
1703,,,6,2,2,2,72,72,180,300,4,5
1704,,,12,1,2,1,13,45,420,540,1,5
1705,,,11,2,2,2,92,26,420,540,3,5
1706,,,4,2,2,1,34,72,60,180,2,5
1707,,,16,2,2,2,90,88,180,300,3,5
1708,,,14,2,2,2,26,43,180,300,4,5
1709,,,6,2,2,2,12,79,420,540,4,5
1710,,,11,2,2,3,89,2,300,420,2,5
1711,,,4,1,2,1,24,29,300,600,4,5
1712,,,6,2,2,3,6,48,180,300,2,5
1713,,,9,1,2,1,93,25,420,540,4,5
1714,,,8,1,2,3,1,37,300,600,4,5
1715,,,7,2,2,2,45,15,0,300,4,5
1716,,,4,1,2,1,2,2,420,540,4,5
1717,,,16,1,2,3,24,94,300,600,1,5
1718,,,11,2,2,2,36,93,0,300,1,5
1719,,,3,2,2,2,0,7,60,180,1,5
1720,,,8,2,2,1,11,69,420,540,1,5
1721,,,13,2,2,2,97,2,180,300,3,5
1722,,,10,2,2,3,81,40,60,180,1,5
1723,,,6,2,2,1,11,71,60,180,1,5
1724,,,9,2,2,3,84,80,0,300,2,5
1725,,,9,2,2,2,14,65,180,300,2,5
1726,,,9,2,2,3,96,84,180,300,2,5
1727,,,5,1,2,1,66,41,300,600,2,5
1728,,,11,1,2,3,80,100,300,600,4,5
1729,,,8,2,2,2,63,56,420,540,3,5
1730,,,12,2,2,2,55,33,60,180,3,5
1731,,,16,2,2,3,95,16,60,180,4,5
1732,,,10,2,2,2,92,17,180,300,3,5
1733,,,12,2,2,1,69,34,180,300,4,5
1734,,,2,2,2,2,61,59,300,420,1,5
1735,,,16,1,2,2,72,78,420,540,4,5
1736,,,3,1,2,1,66,16,420,540,1,5
1737,,,15,2,2,2,89,59,60,180,2,5
1738,,,15,1,2,3,88,3,420,540,1,5
1739,,,14,2,2,1,13,72,60,180,2,5
1740,,,16,2,2,2,36,33,0,300,4,5
1741,,,6,2,2,1,26,36,60,180,2,5
1742,,,13,2,2,2,15,58,180,300,3,5
1743,,,11,2,2,2,30,76,300,420,2,5
1744,,,7,1,2,2,73,73,420,540,3,5
1745,,,11,2,2,2,36,83,180,300,2,5
1746,,,6,2,2,2,50,26,420,540,3,5
1747,,,15,2,2,2,94,53,300,420,1,5
1748,,,9,2,2,1,22,48,0,300,1,5
1749,,,3,2,2,3,54,60,420,540,3,5
1750,,,15,2,2,1,65,43,300,600,3,5
1751,,,4,2,2,2,51,97,0,300,3,5
1752,,,6,2,2,3,95,23,420,540,1,5
1753,,,13,2,2,2,39,70,0,300,2,5
1754,,,5,1,2,3,85,21,300,600,3,5
1755,,,5,2,2,3,29,50,300,600,3,5
1756,,,12,2,2,1,7,82,60,180,3,5
1757,,,6,2,2,1,32,75,420,540,3,5
1758,,,5,2,2,3,99,55,300,600,1,5
1759,,,5,2,2,3,38,51,300,600,4,5
1760,,,12,2,2,2,12,36,0,300,1,5
1761,,,8,2,2,3,66,80,60,180,2,5
1762,,,4,2,2,1,10,28,60,180,2,5
1763,,,4,2,2,1,99,61,180,300,4,5
1764,,,5,2,2,1,79,61,420,540,1,5
1765,,,11,2,2,1,72,71,300,420,2,5
1766,,,7,2,2,1,39,47,60,180,1,5
1767,,,4,2,2,2,87,20,180,300,3,5
1768,,,2,2,2,1,26,58,300,420,4,5
1769,,,14,2,2,2,57,72,0,300,4,5
1770,,,15,2,2,3,75,29,180,300,1,5
1771,,,14,2,2,1,14,79,0,300,3,5
1772,,,16,2,2,1,76,71,420,540,4,5
1773,,,3,2,2,2,10,45,0,300,1,5
1774,,,2,1,2,2,35,10,420,540,4,5
1775,,,4,1,2,2,34,87,300,600,1,5
1776,,,14,2,2,3,20,93,0,300,3,5
1777,,,16,2,2,3,3,89,60,180,3,5
1778,,,9,2,2,2,96,26,420,540,4,5
1779,,,8,2,2,1,25,57,180,300,3,5
1780,,,6,2,2,1,7,44,420,540,2,5
1781,,,5,2,2,3,87,91,0,300,1,5
1782,,,6,2,2,3,85,19,0,300,4,5
1783,,,4,1,2,2,0,11,300,600,3,5
1784,,,12,2,2,1,72,65,180,300,1,5
1785,,,14,2,2,3,39,77,180,300,4,5
1786,,,10,2,2,2,35,32,60,180,1,5
1787,,,5,1,2,1,54,78,420,540,1,5
1788,,,13,1,2,3,40,98,300,600,1,5
1789,,,4,1,2,1,15,58,420,540,1,5
1790,,,16,2,2,2,56,72,180,300,4,5
1791,,,12,2,2,1,83,93,300,600,1,5
1792,,,9,2,2,2,11,1,180,300,3,5
1793,,,5,2,2,2,31,83,0,300,2,5
1794,,,6,2,2,1,25,95,420,540,4,5
1795,,,9,2,2,1,63,81,60,180,2,5
1796,,,5,1,2,3,28,11,420,540,1,5
1797,,,12,1,2,1,19,40,300,600,1,5
1798,,,6,1,2,2,70,69,420,540,2,5
1799,,,10,1,2,2,34,41,420,540,1,5
1800,,,10,2,2,2,12,35,180,300,1,5
1801,,,7,2,2,3,57,23,60,180,1,5
1802,,,5,2,2,2,40,24,300,420,1,5
1803,,,15,1,2,2,72,82,420,540,2,5
1804,,,6,2,2,2,11,9,0,300,4,5
1805,,,10,1,2,2,18,81,420,540,3,5
1806,,,4,2,2,3,81,61,0,300,3,5
1807,,,9,2,2,1,91,8,420,540,3,5
1808,,,13,2,2,2,85,99,420,540,1,5
1809,,,7,2,2,1,3,46,420,540,4,5
1810,,,13,2,2,3,48,27,60,180,3,5
1811,,,15,1,2,2,6,33,420,540,3,5
1812,,,6,2,2,1,54,2,180,300,1,5
1813,,,13,2,2,3,54,40,420,540,2,5
1814,,,5,2,2,1,89,24,300,600,4,5
1815,,,13,2,2,3,2,46,0,300,1,5
1816,,,8,2,2,3,2,5,300,420,1,5
1817,,,8,2,2,2,35,9,0,300,3,5
1818,,,16,2,2,1,84,90,420,540,4,5
1819,,,10,1,2,2,25,51,420,540,3,5
1820,,,3,1,2,2,4,35,420,540,3,5
1821,,,4,2,2,3,61,60,180,300,1,5
1822,,,6,2,2,3,72,91,180,300,2,5
1823,,,12,2,2,3,47,2,180,300,2,5
1824,,,5,2,2,2,52,74,0,300,2,5
1825,,,14,2,2,1,75,90,60,180,1,5
1826,,,5,1,2,1,79,69,420,540,3,5
1827,,,6,2,2,3,12,15,300,600,2,5
1828,,,15,2,2,2,48,82,300,600,4,5
1829,,,14,2,2,1,88,41,0,300,3,5
1830,,,8,2,2,2,7,66,0,300,2,5
1831,,,13,1,2,1,60,34,300,600,3,5
1832,,,2,1,2,1,70,26,420,540,1,5
1833,,,2,2,2,3,91,40,60,180,1,5
1834,,,11,2,2,1,31,61,180,300,2,5
1835,,,8,2,2,3,77,7,300,420,1,5
1836,,,3,2,2,2,23,66,0,300,4,5
1837,,,11,2,2,2,18,58,0,300,3,5
1838,,,13,2,2,2,16,12,420,540,2,5
1839,,,8,2,2,3,61,85,60,180,3,5
1840,,,10,2,2,3,80,38,0,300,1,5
1841,,,15,2,2,2,88,50,60,180,2,5
1842,,,4,2,2,1,85,96,60,180,2,5
1843,,,5,2,2,1,67,89,180,300,2,5
1844,,,8,2,2,1,71,79,0,300,3,5
1845,,,9,2,2,2,1,39,180,300,4,5
1846,,,15,2,2,2,64,86,60,180,4,5
1847,,,6,2,2,2,19,87,0,300,4,5
1848,,,5,1,2,2,87,38,420,540,3,5
1849,,,7,2,2,2,31,41,0,300,3,5
1850,,,2,2,2,2,8,61,420,540,4,5
1851,,,8,2,2,1,10,78,300,420,3,5
1852,,,4,1,2,1,53,85,300,600,4,5
1853,,,3,2,2,2,82,37,300,420,2,5
1854,,,5,2,2,2,8,78,180,300,2,5
1855,,,15,1,2,1,89,68,300,600,2,5
1856,,,3,2,2,1,65,87,0,300,3,5
1857,,,11,1,2,2,37,36,300,600,2,5
1858,,,13,2,2,2,19,100,180,300,2,5
1859,,,14,1,2,1,100,48,300,600,4,5
1860,,,10,2,2,3,79,87,300,600,1,5
1861,,,13,2,2,3,32,52,0,300,1,5
1862,,,2,1,2,3,64,6,300,600,4,5
1863,,,15,1,2,2,75,49,420,540,1,5
1864,,,14,1,2,2,25,62,300,600,2,5
1865,,,5,2,2,3,73,48,0,300,1,5
1866,,,9,2,2,1,20,15,180,300,4,5
1867,,,13,2,2,1,5,25,60,180,1,5
1868,,,9,2,2,2,73,7,60,180,4,5
1869,,,6,2,2,2,37,41,420,540,2,5
1870,,,10,2,2,2,46,95,0,300,1,5
1871,,,10,2,2,2,21,80,180,300,1,5
1872,,,11,2,2,3,52,59,180,300,2,5
1873,,,7,2,2,2,25,52,420,540,3,5
1874,,,6,2,2,3,70,5,300,420,4,5
1875,,,10,2,2,1,59,62,420,540,2,5
1876,,,14,2,2,2,52,40,300,600,2,5
1877,,,4,1,2,2,62,6,420,540,4,5
1878,,,7,2,2,3,50,17,420,540,2,5
1879,,,4,2,2,1,49,58,300,420,4,5
1880,,,13,2,2,3,25,48,180,300,1,5
1881,,,15,2,2,1,67,36,300,600,4,5
1882,,,9,2,2,2,27,29,60,180,4,5
1883,,,5,2,2,1,3,82,180,300,1,5
1884,,,14,1,2,3,24,19,420,540,1,5
1885,,,11,2,2,2,26,1,300,600,1,5
1886,,,4,2,2,2,41,49,180,300,1,5
1887,,,9,2,2,1,76,17,420,540,1,5
1888,,,8,2,2,1,47,82,420,540,4,5
1889,,,4,2,2,3,6,0,60,180,3,5
1890,,,12,2,2,1,96,4,0,300,1,5
1891,,,16,2,2,3,93,88,0,300,2,5
1892,,,7,2,2,2,77,70,60,180,3,5
1893,,,16,2,2,3,36,59,60,180,1,5
1894,,,15,2,2,2,39,88,300,420,2,5
1895,,,5,1,2,2,39,30,420,540,3,5
1896,,,11,1,2,2,68,33,300,600,2,5
1897,,,15,1,2,2,37,35,300,600,2,5
1898,,,11,2,2,1,76,62,180,300,4,5
1899,,,14,2,2,2,33,84,420,540,4,5
1900,,,13,2,2,2,73,57,180,300,4,5
1901,,,5,2,2,1,50,30,420,540,3,5
1902,,,14,2,2,3,48,13,60,180,4,5
1903,,,13,2,2,3,46,49,60,180,4,5
1904,,,8,2,2,3,28,91,420,540,2,5
1905,,,9,2,2,3,25,34,180,300,3,5
1906,,,12,2,2,1,43,75,300,420,4,5
1907,,,10,2,2,1,83,86,60,180,2,5
1908,,,1,1,2,2,61,65,300,600,4,5
1909,,,7,1,2,1,34,24,420,540,4,5
1910,,,5,2,2,1,98,21,180,300,2,5
1911,,,13,1,2,2,41,79,420,540,4,5
1912,,,3,2,2,3,65,58,420,540,3,5
1913,,,13,2,2,2,93,32,60,180,3,5
1914,,,7,2,2,3,62,83,300,420,1,5
1915,,,4,2,2,1,57,68,300,420,2,5
1916,,,8,2,2,2,27,4,180,300,4,5
1917,,,6,2,2,2,96,41,180,300,2,5
1918,,,7,2,2,2,85,11,180,300,1,5
1919,,,15,2,2,2,16,20,420,540,1,5
1920,,,10,2,2,2,93,47,300,420,4,5
1921,,,6,2,2,3,61,33,300,600,4,5
1922,,,10,2,2,1,57,70,60,180,3,5
1923,,,5,2,2,1,40,64,0,300,1,5
1924,,,9,2,2,1,66,66,180,300,3,5
1925,,,14,2,2,1,22,56,300,600,2,5
1926,,,8,2,2,2,20,64,420,540,4,5
1927,,,7,2,2,3,11,68,0,300,4,5
1928,,,6,2,2,3,56,21,300,420,4,5
1929,,,15,2,2,3,69,77,60,180,3,5
1930,,,14,2,2,2,20,70,420,540,3,5
1931,,,8,2,2,2,86,32,420,540,3,5
1932,,,15,2,2,2,99,78,420,540,3,5
1933,,,11,2,2,3,73,6,420,540,1,5
1934,,,8,2,2,1,50,40,180,300,1,5
1935,,,12,2,2,1,26,99,180,300,3,5
1936,,,12,1,2,1,81,70,300,600,2,5
1937,,,5,1,2,3,8,31,420,540,1,5
1938,,,16,1,2,1,11,70,420,540,3,5
1939,,,10,2,2,3,24,4,180,300,4,5
1940,,,5,1,2,3,33,25,300,600,1,5
1941,,,2,1,2,3,68,47,420,540,4,5
1942,,,2,2,2,2,27,48,60,180,2,5
1943,,,3,2,2,1,63,53,300,600,2,5
1944,,,10,2,2,2,71,77,0,300,3,5
1945,,,15,2,2,3,74,3,60,180,2,5
1946,,,16,2,2,1,19,31,0,300,3,5
1947,,,12,2,2,1,90,63,0,300,2,5
1948,,,13,2,2,3,99,36,60,180,1,5
1949,,,5,2,2,1,30,88,300,600,2,5
1950,,,15,2,2,1,94,47,0,300,2,5
1951,,,7,2,2,3,58,92,300,600,3,5
1952,,,7,2,2,1,23,39,0,300,1,5
1953,,,11,2,2,3,69,73,60,180,1,5
1954,,,16,2,2,3,71,49,300,420,4,5
1955,,,16,1,2,3,81,58,420,540,3,5
1956,,,12,2,2,3,92,15,60,180,3,5
1957,,,4,2,2,2,75,34,420,540,1,5
1958,,,4,1,2,1,26,20,300,600,3,5
1959,,,15,2,2,3,89,30,60,180,4,5
1960,,,3,1,2,2,30,65,420,540,4,5
1961,,,9,1,2,3,61,77,300,600,2,5
1962,,,10,2,2,1,76,9,300,420,2,5
1963,,,3,2,2,3,44,51,420,540,2,5
1964,,,13,1,2,2,83,34,420,540,1,5
1965,,,14,1,2,1,2,50,420,540,2,5
1966,,,2,2,2,1,11,71,420,540,4,5
1967,,,8,2,2,2,86,63,180,300,3,5
1968,,,5,2,2,2,40,92,0,300,3,5
1969,,,14,1,2,2,76,83,420,540,2,5
1970,,,9,2,2,2,21,93,420,540,3,5
1971,,,4,2,2,1,98,15,300,420,2,5
1972,,,1,1,2,3,7,100,420,540,4,5
1973,,,11,1,2,3,30,82,420,540,3,5
1974,,,9,1,2,1,67,43,300,600,4,5
1975,,,17,2,2,3,32,91,300,420,3,5
1976,,,15,2,2,1,21,43,300,600,4,5
1977,,,16,2,2,2,81,78,420,540,2,5
1978,,,5,2,2,1,2,21,420,540,1,5
1979,,,12,2,2,3,4,38,0,300,2,5
1980,,,16,2,2,2,68,3,0,300,1,5
1981,,,15,2,2,1,88,95,420,540,3,5
1982,,,11,2,2,2,97,86,180,300,1,5
1983,,,16,2,2,2,85,43,0,300,4,5
1984,,,9,2,2,1,95,95,0,300,2,5
1985,,,8,2,2,2,81,88,180,300,3,5
1986,,,7,2,2,2,25,42,420,540,3,5
1987,,,14,2,2,1,55,38,420,540,2,5
1988,,,5,1,2,2,79,32,300,600,2,5
1989,,,8,2,2,1,100,3,60,180,4,5
1990,,,13,2,2,1,17,20,60,180,4,5
1991,,,16,2,2,2,40,69,60,180,4,5
1992,,,14,1,2,1,89,27,300,600,3,5
1993,,,4,2,2,1,22,63,0,300,1,5
1994,,,8,2,2,3,10,52,300,420,4,5
1995,,,4,2,2,3,93,37,180,300,4,5
1996,,,12,2,2,2,94,23,0,300,3,5
1997,,,4,2,2,2,17,15,300,420,2,5
1998,,,11,2,2,2,33,47,0,300,2,5
1999,,,14,1,2,1,13,88,300,600,2,5
2000,,,12,2,2,1,62,92,300,600,3,5
2001,,,16,2,2,1,53,56,60,180,3,5
2002,,,11,1,2,3,12,66,300,600,4,5
2003,,,15,2,2,3,7,6,60,180,2,5
2004,,,17,2,2,3,47,72,60,180,4,5
2005,,,14,2,2,3,28,68,0,300,4,5
2006,,,12,2,2,2,23,35,420,540,2,5
2007,,,3,1,2,1,71,74,300,600,3,5
2008,,,11,2,2,3,2,40,60,180,1,5
2009,,,8,2,2,2,57,79,60,180,3,5
2010,,,11,2,2,1,77,57,0,300,3,5
2011,,,9,2,2,1,45,93,180,300,1,5
2012,,,14,2,2,2,3,31,180,300,1,5
2013,,,3,1,2,2,4,10,300,600,2,5
2014,,,13,2,2,3,91,10,300,420,1,5
2015,,,6,2,2,1,87,1,0,300,4,5
2016,,,8,2,2,1,88,1,0,300,1,5
2017,,,13,2,2,2,61,70,300,420,1,5
2018,,,17,2,2,1,35,14,300,420,2,5
2019,,,13,2,2,2,86,57,60,180,2,5
2020,,,7,2,2,2,47,4,300,600,3,5
2021,,,6,2,2,3,86,84,300,420,1,5
2022,,,5,2,2,2,4,54,180,300,2,5
2023,,,6,2,2,2,83,89,0,300,1,5
2024,,,10,2,2,3,68,15,420,540,1,5
2025,,,12,2,2,1,62,83,420,540,4,5
2026,,,11,1,2,3,15,92,300,600,1,5
2027,,,13,2,2,1,4,26,420,540,2,5
2028,,,8,2,2,3,91,55,300,600,1,5
2029,,,12,1,2,2,73,97,420,540,3,5
2030,,,13,2,2,3,55,99,0,300,1,5
2031,,,6,2,2,2,56,35,300,600,2,5
2032,,,10,1,2,2,8,76,420,540,3,5
2033,,,8,2,2,3,34,12,300,600,2,5
2034,,,9,2,2,2,59,59,180,300,2,5
2035,,,15,2,2,2,89,26,0,300,4,5
2036,,,3,1,2,2,19,43,420,540,3,5
2037,,,6,2,2,3,2,27,420,540,4,5
2038,,,16,1,2,2,89,34,420,540,1,5
2039,,,10,2,2,3,69,10,300,600,2,5
2040,,,16,2,2,2,54,10,420,540,1,5
2041,,,6,2,2,2,39,62,420,540,4,5
2042,,,3,2,2,1,63,45,180,300,1,5
2043,,,13,1,2,1,26,71,420,540,2,5
2044,,,6,2,2,1,42,22,300,600,4,5
2045,,,9,2,2,1,45,86,300,420,2,5
2046,,,6,2,2,2,81,48,60,180,4,5
2047,,,17,2,2,1,87,98,420,540,1,5
2048,,,9,1,2,1,13,29,420,540,2,5
2049,,,14,2,2,2,85,70,300,600,1,5
2050,,,9,2,2,1,42,56,300,600,3,5
2051,,,12,2,2,1,84,55,0,300,3,5
2052,,,5,2,2,2,46,70,300,600,4,5
2053,,,5,2,2,1,44,11,420,540,1,5
2054,,,3,1,2,3,2,86,420,540,3,5
2055,,,6,2,2,3,40,99,300,420,3,5
2056,,,10,2,2,2,64,41,60,180,2,5
2057,,,11,1,2,1,54,76,420,540,4,5
2058,,,9,2,2,2,48,59,0,300,4,5
2059,,,14,2,2,3,31,56,0,300,3,5
2060,,,5,2,2,3,37,39,300,600,3,5
2061,,,10,1,2,3,45,23,300,600,2,5
2062,,,5,2,2,3,31,4,300,420,3,5
2063,,,8,2,2,3,93,44,420,540,2,5
2064,,,6,2,2,3,40,74,420,540,1,5
2065,,,10,2,2,2,19,0,60,180,4,5
2066,,,2,2,2,3,84,59,0,300,2,5
2067,,,4,2,2,3,46,66,300,600,2,5
2068,,,15,1,2,2,9,98,420,540,3,5
2069,,,8,1,2,1,33,7,420,540,4,5
2070,,,10,1,2,2,50,62,300,600,3,5
2071,,,13,2,2,3,68,68,60,180,1,5
2072,,,8,2,2,3,62,97,60,180,4,5
2073,,,16,2,2,2,53,15,180,300,3,5
2074,,,2,2,2,2,5,51,300,420,4,5
2075,,,13,2,2,3,35,10,180,300,1,5
2076,,,13,1,2,3,98,39,420,540,2,5
2077,,,9,2,2,3,13,28,60,180,4,5
2078,,,5,1,2,3,27,67,420,540,1,5
2079,,,7,2,2,3,16,69,0,300,3,5
2080,,,11,2,2,2,48,59,300,600,1,5
2081,,,13,2,2,3,10,11,180,300,1,5
2082,,,16,2,2,1,36,77,420,540,3,5
2083,,,12,1,2,3,51,65,300,600,3,5
2084,,,5,2,2,1,43,2,0,300,3,5
2085,,,12,2,2,3,36,7,420,540,4,5
2086,,,11,1,2,2,51,79,420,540,3,5
2087,,,12,1,2,2,34,89,300,600,2,5
2088,,,5,1,2,1,96,41,300,600,3,5
2089,,,10,2,2,1,10,17,420,540,1,5
2090,,,14,2,2,1,38,74,60,180,2,5
2091,,,4,2,2,3,67,28,420,540,2,5
2092,,,3,2,2,2,14,45,0,300,4,5
2093,,,3,1,2,1,26,38,300,600,2,5
2094,,,16,2,2,1,84,27,420,540,3,5
2095,,,10,2,2,1,21,35,60,180,1,5
2096,,,9,2,2,2,63,29,300,600,2,5
2097,,,4,2,2,2,95,68,0,300,2,5
2098,,,10,2,2,1,56,77,300,600,3,5
2099,,,3,2,2,2,57,70,180,300,4,5
2100,,,16,2,2,2,32,57,180,300,1,5
2101,,,10,2,2,3,71,37,0,300,2,5
2102,,,14,2,2,2,90,72,0,300,1,5
2103,,,13,2,2,1,10,6,60,180,3,5
2104,,,12,1,2,2,52,39,420,540,3,5
2105,,,13,2,2,2,50,21,60,180,1,5
2106,,,7,2,2,1,7,35,0,300,3,5
2107,,,7,1,2,3,64,78,300,600,2,5
2108,,,15,2,2,3,7,75,300,420,1,5
2109,,,12,2,2,1,60,4,180,300,4,5
2110,,,7,1,2,3,52,86,300,600,3,5
2111,,,16,2,2,1,7,3,0,300,4,5
2112,,,9,1,2,2,63,77,300,600,2,5
2113,,,7,2,2,1,16,87,0,300,3,5
2114,,,7,2,2,2,75,42,0,300,1,5
2115,,,15,2,2,3,35,95,180,300,3,5
2116,,,7,2,2,2,11,38,300,600,2,5
2117,,,17,2,2,3,36,72,60,180,1,5
2118,,,5,2,2,3,38,68,300,600,4,5
2119,,,6,2,2,2,12,11,180,300,3,5
2120,,,7,2,2,1,98,43,300,600,2,5
2121,,,5,1,2,3,25,15,420,540,3,5
2122,,,3,2,2,2,45,84,0,300,2,5
2123,,,4,2,2,3,2,82,0,300,2,5
2124,,,12,2,2,3,74,35,60,180,2,5
2125,,,6,1,2,2,83,25,420,540,4,5
2126,,,16,2,2,2,32,75,0,300,1,5
2127,,,10,2,2,1,43,74,420,540,2,5
2128,,,10,1,2,2,95,83,300,600,3,5
2129,,,13,2,2,1,65,60,60,180,3,5
2130,,,14,1,2,1,54,50,300,600,4,5
2131,,,4,2,2,1,44,11,300,420,4,5
2132,,,4,1,2,1,48,31,420,540,4,5
2133,,,11,1,2,2,16,84,420,540,1,5
2134,,,11,2,2,3,30,51,420,540,4,5
2135,,,10,2,2,3,85,11,0,300,2,5
2136,,,4,2,2,2,65,79,420,540,2,5
2137,,,8,2,2,3,49,57,180,300,4,5
2138,,,16,2,2,1,63,100,60,180,3,5
2139,,,3,1,2,3,26,33,300,600,1,5
2140,,,4,2,2,1,20,6,0,300,2,5
2141,,,10,2,2,3,56,24,0,300,2,5
2142,,,4,2,2,3,16,83,300,600,4,5
2143,,,16,2,2,3,87,80,300,600,1,5
2144,,,7,1,2,3,98,32,420,540,4,5
2145,,,4,1,2,3,76,48,420,540,4,5
2146,,,15,2,2,1,24,43,420,540,2,5
2147,,,4,2,2,1,48,69,300,420,4,5
2148,,,3,1,2,1,20,21,420,540,4,5
2149,,,8,1,2,3,28,6,420,540,4,5
2150,,,11,2,2,3,42,54,420,540,1,5
2151,,,7,2,2,2,97,31,0,300,3,5
2152,,,12,2,2,1,23,36,180,300,3,5
2153,,,12,2,2,2,3,72,420,540,3,5
2154,,,15,2,2,2,5,97,420,540,4,5
2155,,,11,2,2,1,89,6,420,540,3,5
2156,,,4,2,2,3,78,42,180,300,3,5
2157,,,11,2,2,1,38,78,180,300,1,5
2158,,,10,2,2,2,43,60,180,300,1,5
2159,,,5,2,2,1,50,74,180,300,3,5
2160,,,6,2,2,2,77,78,420,540,4,5
2161,,,17,2,2,1,50,4,60,180,3,5
2162,,,5,1,2,3,32,1,300,600,3,5
2163,,,9,2,2,1,69,9,420,540,3,5
2164,,,4,2,2,1,96,15,60,180,1,5
2165,,,7,2,2,1,2,5,300,600,2,5
2166,,,12,2,2,1,79,64,300,600,1,5
2167,,,11,2,2,3,77,81,0,300,3,5
2168,,,5,2,2,1,3,63,420,540,4,5
2169,,,2,2,2,1,24,30,60,180,4,5
2170,,,10,1,2,3,95,87,300,600,1,5
2171,,,16,2,2,2,49,68,60,180,3,5
2172,,,10,1,2,1,11,66,420,540,4,5
2173,,,8,2,2,2,37,3,60,180,1,5
2174,,,14,2,2,2,21,63,60,180,4,5
2175,,,6,2,2,2,12,17,0,300,1,5
2176,,,12,2,2,2,22,59,180,300,2,5
2177,,,11,2,2,3,80,79,420,540,1,5
2178,,,11,1,2,3,97,50,300,600,1,5
2179,,,12,1,2,1,10,38,300,600,3,5
2180,,,3,2,2,1,64,66,60,180,1,5
2181,,,15,2,2,3,49,13,420,540,1,5
2182,,,8,1,2,2,47,64,420,540,4,5
2183,,,14,2,2,3,94,20,180,300,4,5
2184,,,13,2,2,2,95,97,0,300,3,5
2185,,,5,1,2,3,8,88,420,540,1,5
2186,,,11,2,2,2,95,97,300,600,2,5
2187,,,5,2,2,2,13,20,300,600,4,5
2188,,,3,2,2,3,85,76,420,540,3,5
2189,,,8,2,2,2,100,16,300,420,4,5
2190,,,15,2,2,2,23,97,60,180,1,5
2191,,,16,2,2,1,85,53,60,180,1,5
2192,,,14,2,2,1,78,11,300,600,4,5
2193,,,11,1,2,3,31,34,300,600,1,5
2194,,,4,1,2,2,50,100,420,540,4,5
2195,,,14,2,2,1,83,4,180,300,3,5
2196,,,5,2,2,2,21,85,0,300,1,5
2197,,,12,2,2,3,55,94,300,600,2,5
2198,,,4,2,2,3,70,81,60,180,1,5
2199,,,14,2,2,1,16,11,180,300,1,5
2200,,,9,2,2,2,37,41,420,540,2,5
2201,,,3,2,2,1,45,84,300,600,4,5
2202,,,3,2,2,3,86,34,300,600,4,5
2203,,,14,1,2,2,71,89,300,600,1,5
2204,,,9,2,2,1,73,21,420,540,1,5
2205,,,14,2,2,2,12,55,60,180,4,5
2206,,,6,2,2,3,77,13,420,540,4,5
2207,,,2,2,2,2,0,13,300,420,4,5
2208,,,6,1,2,1,9,27,420,540,2,5
2209,,,12,1,2,1,67,18,420,540,2,5
2210,,,10,1,2,1,9,38,420,540,2,5
2211,,,15,2,2,2,96,79,180,300,4,5
2212,,,11,2,2,1,82,85,420,540,2,5
2213,,,10,1,2,1,57,90,300,600,1,5
2214,,,6,2,2,1,99,36,60,180,2,5
2215,,,3,2,2,1,31,42,60,180,1,5
2216,,,15,1,2,2,20,51,300,600,3,5
2217,,,15,2,2,1,78,54,420,540,3,5
2218,,,10,1,2,2,17,22,300,600,1,5
2219,,,7,2,2,3,10,3,300,420,1,5
2220,,,10,2,2,3,71,61,300,420,2,5
2221,,,11,1,2,2,50,58,300,600,1,5
2222,,,7,2,2,1,99,87,0,300,1,5
2223,,,14,1,2,1,14,96,300,600,3,5
2224,,,12,2,2,3,95,28,60,180,1,5
2225,,,8,2,2,1,22,16,300,420,2,5
2226,,,10,2,2,2,28,68,60,180,4,5
2227,,,4,2,2,3,21,0,420,540,3,5
2228,,,10,2,2,1,48,11,0,300,4,5
2229,,,8,1,2,2,92,51,420,540,1,5
2230,,,15,2,2,3,36,67,180,300,4,5
2231,,,15,2,2,3,14,60,60,180,3,5
2232,,,10,1,2,3,11,5,300,600,2,5
2233,,,11,2,2,3,81,67,300,420,4,5
2234,,,10,2,2,3,50,21,420,540,1,5
2235,,,6,2,2,3,43,55,60,180,3,5
2236,,,6,2,2,3,27,78,420,540,3,5
2237,,,3,2,2,3,99,20,180,300,1,5
2238,,,7,1,2,3,11,35,300,600,2,5
2239,,,8,2,2,1,79,21,300,600,1,5
2240,,,5,2,2,2,62,2,0,300,3,5
2241,,,7,1,2,3,69,54,420,540,3,5
2242,,,3,1,2,3,5,69,420,540,3,5
2243,,,2,1,2,3,48,13,420,540,1,5
2244,,,2,2,2,3,43,48,60,180,1,5
2245,,,6,2,2,2,89,1,0,300,3,5
2246,,,11,2,2,2,88,75,60,180,3,5
2247,,,6,2,2,3,72,30,420,540,1,5
2248,,,8,2,2,2,4,87,180,300,3,5
2249,,,11,2,2,2,69,12,180,300,1,5
2250,,,14,1,2,2,100,70,300,600,2,5
2251,,,17,2,2,1,90,7,300,420,1,5
2252,,,13,2,2,1,53,10,0,300,3,5
2253,,,16,2,2,1,95,76,0,300,2,5
2254,,,3,2,2,2,36,19,420,540,4,5
2255,,,8,1,2,3,55,44,300,600,3,5
2256,,,4,1,2,1,12,88,300,600,2,5
2257,,,10,2,2,3,26,26,300,420,1,5
2258,,,2,2,2,3,51,33,300,420,4,5
2259,,,7,2,2,1,8,58,0,300,1,5
2260,,,5,2,2,2,85,10,60,180,2,5
2261,,,11,1,2,1,12,20,300,600,3,5
2262,,,12,2,2,2,81,79,180,300,4,5
2263,,,14,2,2,2,9,76,420,540,2,5
2264,,,7,2,2,1,56,62,180,300,1,5
2265,,,9,2,2,2,53,65,60,180,3,5
2266,,,4,1,2,2,53,52,300,600,3,5
2267,,,15,2,2,2,91,75,0,300,3,5
2268,,,15,2,2,1,92,35,0,300,4,5
2269,,,13,2,2,2,19,93,300,420,3,5
2270,,,11,2,2,1,55,39,420,540,3,5
2271,,,9,2,2,2,84,60,0,300,2,5
2272,,,14,2,2,1,66,78,420,540,3,5
2273,,,2,1,2,1,49,42,300,600,1,5
2274,,,8,2,2,2,8,81,180,300,3,5
2275,,,16,2,2,1,92,21,300,600,1,5
2276,,,12,1,2,3,63,49,420,540,2,5
2277,,,4,2,2,2,96,64,420,540,1,5
2278,,,12,2,2,1,88,90,180,300,2,5
2279,,,12,2,2,1,21,44,180,300,3,5
2280,,,5,2,2,1,58,3,60,180,3,5
2281,,,12,2,2,1,41,60,180,300,1,5
2282,,,16,2,2,2,58,73,180,300,4,5
2283,,,15,2,2,3,13,14,420,540,2,5
2284,,,14,2,2,3,70,66,300,600,2,5
2285,,,11,2,2,1,70,6,300,600,2,5
2286,,,4,2,2,3,80,77,0,300,3,5
2287,,,14,1,2,2,41,49,420,540,1,5
2288,,,14,2,2,1,66,19,420,540,1,5
2289,,,4,1,2,2,74,53,420,540,4,5
2290,,,2,2,2,2,100,87,420,540,4,5
2291,,,14,2,2,2,48,48,300,600,1,5
2292,,,7,2,2,1,77,82,300,600,3,5
2293,,,3,2,2,3,19,54,180,300,1,5
2294,,,17,2,2,1,41,36,0,300,1,5
2295,,,8,1,2,1,44,28,300,600,4,5
2296,,,7,2,2,2,14,7,300,600,2,5
2297,,,14,2,2,3,89,62,180,300,3,5
2298,,,5,2,2,1,58,28,300,600,1,5
2299,,,14,2,2,1,82,1,420,540,2,5
2300,,,2,1,2,2,31,46,420,540,1,5
2301,,,12,1,2,1,31,9,300,600,2,5
2302,,,5,2,2,3,84,2,0,300,4,5
2303,,,2,1,2,2,54,71,300,600,2,5
2304,,,6,2,2,3,69,56,0,300,3,5
2305,,,3,2,2,1,75,3,420,540,2,5
2306,,,13,2,2,1,11,21,60,180,4,5
2307,,,4,2,2,2,28,45,180,300,1,5
2308,,,9,2,2,1,72,19,180,300,2,5
2309,,,17,2,2,2,97,77,420,540,4,5
2310,,,4,2,2,1,38,81,180,300,1,5
2311,,,8,2,2,3,63,54,180,300,3,5
2312,,,11,2,2,2,60,47,60,180,1,5
2313,,,4,2,2,1,89,90,180,300,4,5
2314,,,14,2,2,3,17,19,60,180,1,5
2315,,,11,2,2,3,70,13,60,180,2,5
2316,,,11,1,2,3,42,16,420,540,4,5
2317,,,6,2,2,3,40,39,60,180,1,5
2318,,,2,2,2,2,25,34,60,180,2,5
2319,,,2,1,2,2,4,35,420,540,1,5
2320,,,6,2,2,3,43,30,180,300,3,5
2321,,,6,2,2,2,48,62,0,300,2,5
2322,,,4,2,2,2,75,29,180,300,2,5
2323,,,9,2,2,3,77,29,420,540,4,5
2324,,,5,1,2,3,41,96,420,540,1,5
2325,,,1,1,2,2,32,81,420,540,2,5
2326,,,2,1,2,3,74,13,300,600,3,5
2327,,,9,2,2,3,0,0,180,300,2,5
2328,,,12,2,2,1,50,8,60,180,1,5
2329,,,10,2,2,2,4,42,60,180,1,5
2330,,,11,2,2,3,97,65,300,420,3,5
2331,,,14,2,2,1,89,75,300,420,3,5
2332,,,13,2,2,2,3,33,180,300,2,5
2333,,,14,2,2,2,46,97,60,180,4,5
2334,,,16,2,2,3,55,20,60,180,3,5
2335,,,11,1,2,1,33,3,300,600,2,5
2336,,,9,1,2,1,100,40,300,600,4,5
2337,,,15,2,2,2,5,74,0,300,3,5
2338,,,12,2,2,1,52,14,180,300,1,5
2339,,,15,2,2,1,64,42,420,540,3,5
2340,,,8,2,2,2,63,43,420,540,3,5
2341,,,1,1,2,2,66,76,420,540,2,5
2342,,,14,2,2,2,47,18,60,180,4,5
2343,,,6,2,2,2,79,70,0,300,1,5
2344,,,4,2,2,2,75,33,300,600,3,5
2345,,,4,1,2,2,57,90,300,600,3,5
2346,,,13,2,2,3,48,35,420,540,2,5
2347,,,7,1,2,1,94,74,300,600,4,5
2348,,,10,2,2,2,2,37,0,300,4,5
2349,,,14,2,2,3,13,24,60,180,2,5
2350,,,15,2,2,2,66,40,0,300,2,5
2351,,,11,2,2,1,64,47,300,600,2,5
2352,,,3,2,2,1,99,77,0,300,2,5
2353,,,14,2,2,1,82,28,420,540,3,5
2354,,,3,2,2,3,97,3,180,300,3,5
2355,,,8,2,2,1,89,47,300,600,2,5
2356,,,12,1,2,3,8,32,420,540,3,5
2357,,,7,2,2,3,31,100,420,540,4,5
2358,,,12,2,2,1,18,27,180,300,1,5
2359,,,16,2,2,2,38,62,0,300,3,5
2360,,,3,2,2,1,73,54,0,300,2,5
2361,,,12,1,2,1,57,43,420,540,3,5
2362,,,15,2,2,1,76,83,60,180,1,5
2363,,,3,2,2,1,6,11,60,180,1,5
2364,,,8,2,2,2,3,59,420,540,2,5
2365,,,5,2,2,1,72,15,60,180,1,5
2366,,,9,1,2,1,0,77,300,600,1,5
2367,,,5,2,2,2,15,21,420,540,1,5
2368,,,5,1,2,1,87,100,300,600,4,5
2369,,,14,2,2,1,69,18,180,300,3,5
2370,,,13,1,2,3,74,64,300,600,3,5
2371,,,15,1,2,3,16,58,300,600,2,5
2372,,,2,1,2,1,70,30,300,600,3,5
2373,,,10,2,2,2,91,81,60,180,3,5
2374,,,8,2,2,2,40,35,420,540,1,5
2375,,,4,2,2,1,54,56,0,300,4,5
2376,,,15,2,2,3,95,18,180,300,1,5
2377,,,4,2,2,3,66,7,60,180,4,5
2378,,,15,2,2,2,96,29,180,300,4,5
2379,,,10,2,2,1,50,62,60,180,2,5
2380,,,10,2,2,2,98,39,60,180,2,5
2381,,,8,2,2,3,85,38,0,300,1,5
2382,,,3,1,2,3,9,63,300,600,3,5
2383,,,6,2,2,2,53,94,180,300,3,5
2384,,,15,2,2,3,39,79,180,300,3,5
2385,,,5,2,2,1,40,3,420,540,1,5
2386,,,5,2,2,2,80,70,0,300,4,5
2387,,,7,1,2,1,57,55,300,600,4,5
2388,,,11,2,2,3,1,25,0,300,1,5
2389,,,14,2,2,1,35,13,180,300,2,5
2390,,,12,2,2,2,33,87,300,600,4,5
2391,,,15,2,2,1,2,23,60,180,2,5
2392,,,11,1,2,2,2,93,300,600,2,5
2393,,,1,1,2,3,65,12,420,540,4,5
2394,,,4,2,2,3,53,62,60,180,2,5
2395,,,3,2,2,2,3,92,0,300,3,5
2396,,,11,1,2,3,46,41,420,540,4,5
2397,,,5,2,2,2,77,41,420,540,1,5
2398,,,14,2,2,2,97,19,180,300,3,5
2399,,,13,1,2,1,86,32,420,540,4,5
2400,,,10,2,2,3,77,70,180,300,1,5
2401,,,5,2,2,3,19,7,420,540,1,5
2402,,,10,2,2,3,28,15,300,420,2,5
2403,,,6,2,2,1,71,57,180,300,2,5
2404,,,3,2,2,2,100,87,420,540,3,5
2405,,,14,1,2,2,86,14,420,540,3,5
2406,,,8,2,2,3,29,82,180,300,3,5
2407,,,11,1,2,1,52,34,300,600,1,5
2408,,,14,1,2,2,88,66,420,540,3,5
2409,,,6,2,2,1,84,97,0,300,4,5
2410,,,13,2,2,1,16,72,60,180,2,5
2411,,,10,2,2,3,67,20,60,180,1,5
2412,,,14,1,2,2,62,95,300,600,4,5
2413,,,12,2,2,1,51,28,420,540,1,5
2414,,,5,2,2,2,54,71,300,420,4,5
2415,,,5,2,2,1,74,89,180,300,3,5
2416,,,2,2,2,3,81,79,0,300,2,5
2417,,,12,2,2,1,23,67,180,300,2,5
2418,,,13,2,2,1,59,7,300,600,1,5
2419,,,8,2,2,2,3,57,0,300,2,5
2420,,,11,2,2,1,76,100,180,300,3,5
2421,,,17,2,2,1,65,22,60,180,3,5
2422,,,3,2,2,2,70,31,420,540,3,5
2423,,,11,1,2,3,79,91,420,540,3,5
2424,,,16,2,2,2,36,52,0,300,2,5
2425,,,15,1,2,1,12,79,420,540,3,5
2426,,,11,2,2,3,83,40,60,180,1,5
2427,,,10,1,2,1,29,72,300,600,2,5
2428,,,13,1,2,1,59,19,300,600,4,5
2429,,,4,1,2,3,46,33,420,540,3,5
2430,,,17,2,2,2,34,4,0,300,2,5
2431,,,6,1,2,2,48,7,300,600,2,5
2432,,,10,1,2,1,60,89,300,600,1,5
2433,,,10,1,2,1,45,81,420,540,3,5
2434,,,13,1,2,2,9,48,420,540,1,5
2435,,,2,2,2,3,62,64,0,300,3,5
2436,,,5,2,2,2,58,54,420,540,3,5
2437,,,10,1,2,3,61,23,420,540,3,5
2438,,,9,2,2,1,13,89,60,180,3,5
2439,,,6,2,2,2,23,12,0,300,4,5
2440,,,8,2,2,2,34,14,60,180,4,5
2441,,,7,2,2,2,29,5,0,300,2,5
2442,,,7,2,2,1,66,71,0,300,2,5
2443,,,4,2,2,1,18,42,420,540,4,5
2444,,,5,2,2,1,25,71,180,300,1,5
2445,,,4,2,2,1,95,97,60,180,3,5
2446,,,11,2,2,2,12,5,420,540,1,5
2447,,,5,2,2,2,0,14,420,540,1,5
2448,,,3,2,2,1,4,58,420,540,1,5
2449,,,11,2,2,2,85,54,0,300,1,5
2450,,,14,1,2,3,32,91,420,540,2,5
2451,,,7,2,2,1,80,59,60,180,3,5
2452,,,10,2,2,1,5,68,420,540,2,5
2453,,,9,2,2,3,49,25,60,180,2,5
2454,,,10,1,2,3,83,5,300,600,4,5
2455,,,3,1,2,3,51,54,300,600,4,5
2456,,,10,2,2,2,8,78,0,300,3,5
2457,,,9,2,2,2,26,98,60,180,1,5
2458,,,11,2,2,3,40,22,0,300,2,5
2459,,,12,1,2,1,64,80,420,540,4,5
2460,,,11,2,2,1,33,20,300,600,4,5
2461,,,12,2,2,2,36,31,300,600,3,5
2462,,,4,1,2,2,10,83,420,540,3,5
2463,,,8,2,2,1,23,27,0,300,4,5
2464,,,4,2,2,3,9,29,300,420,2,5
2465,,,13,2,2,1,33,31,60,180,4,5
2466,,,8,2,2,1,75,40,300,420,1,5
2467,,,9,2,2,1,72,87,180,300,4,5
2468,,,13,2,2,1,48,21,420,540,2,5
2469,,,16,2,2,2,87,64,420,540,1,5
2470,,,12,2,2,1,60,27,420,540,2,5
2471,,,5,2,2,2,54,70,180,300,2,5
2472,,,7,2,2,3,15,30,60,180,4,5
2473,,,7,2,2,2,7,83,180,300,1,5
2474,,,11,2,2,1,45,68,420,540,1,5
2475,,,9,2,2,3,69,64,0,300,1,5
2476,,,13,2,2,3,71,48,60,180,1,5
2477,,,11,2,2,2,19,78,0,300,3,5
2478,,,7,2,2,3,13,51,420,540,4,5
2479,,,12,1,2,3,80,21,420,540,3,5
2480,,,3,2,2,2,41,13,60,180,4,5
2481,,,6,2,2,2,41,50,300,420,1,5
2482,,,4,2,2,2,67,7,300,420,3,5
2483,,,2,1,2,2,30,30,420,540,3,5
2484,,,3,2,2,1,61,62,180,300,2,5
2485,,,3,2,2,3,77,86,60,180,3,5
2486,,,7,2,2,3,28,53,0,300,4,5
2487,,,15,2,2,3,11,81,300,420,3,5
2488,,,9,1,2,1,48,55,420,540,1,5
2489,,,6,1,2,2,83,31,300,600,1,5
2490,,,14,2,2,2,30,20,300,600,3,5
2491,,,3,1,2,2,71,36,420,540,4,5
2492,,,6,2,2,1,38,21,0,300,4,5
2493,,,8,2,2,1,84,71,300,600,3,5
2494,,,6,2,2,1,8,70,420,540,1,5
2495,,,8,2,2,1,12,46,420,540,1,5
2496,,,8,2,2,3,73,90,60,180,3,5
2497,,,7,2,2,2,25,45,60,180,3,5
2498,,,10,1,2,1,2,12,300,600,1,5
2499,,,14,2,2,1,87,56,300,420,2,5
2500,,,14,2,2,1,64,34,60,180,3,5
2501,,,6,1,2,2,79,56,300,600,2,5
2502,,,14,1,2,2,26,96,420,540,4,5
2503,,,14,1,2,2,11,56,300,600,2,5
2504,,,5,2,2,1,75,72,420,540,4,5
2505,,,7,2,2,1,32,37,180,300,3,5
2506,,,10,2,2,2,32,86,420,540,2,5
2507,,,12,2,2,1,4,10,180,300,4,5
2508,,,3,2,2,1,59,92,420,540,2,5
2509,,,8,2,2,2,75,100,300,420,2,5
2510,,,7,2,2,2,28,18,60,180,4,5
2511,,,2,2,2,1,71,12,180,300,3,5
2512,,,11,2,2,3,80,58,300,600,2,5
2513,,,5,1,2,1,27,35,300,600,3,5
2514,,,5,1,2,1,36,38,420,540,4,5
2515,,,2,2,2,1,50,70,420,540,4,5
2516,,,15,2,2,1,25,12,0,300,2,5
2517,,,3,1,2,3,87,43,420,540,4,5
2518,,,10,2,2,1,81,88,420,540,4,5
2519,,,16,2,2,3,28,59,180,300,4,5
2520,,,6,2,2,2,7,92,300,600,2,5
2521,,,9,2,2,3,84,15,60,180,3,5
2522,,,15,2,2,2,82,78,0,300,3,5
2523,,,15,1,2,3,36,15,300,600,4,5
2524,,,7,1,2,2,50,66,300,600,2,5
2525,,,2,1,2,2,58,95,420,540,1,5
2526,,,2,2,2,2,47,78,180,300,1,5
2527,,,3,2,2,3,15,49,300,420,3,5
2528,,,2,2,2,3,82,64,180,300,1,5
2529,,,9,1,2,3,71,39,300,600,3,5
2530,,,6,1,2,2,94,51,300,600,3,5
2531,,,4,1,2,2,95,6,420,540,1,5
2532,,,11,2,2,1,41,4,180,300,2,5
2533,,,13,2,2,2,6,52,180,300,1,5
2534,,,9,1,2,1,56,86,300,600,1,5
2535,,,4,2,2,2,93,66,0,300,2,5
2536,,,10,2,2,2,79,59,300,600,4,5
2537,,,2,2,2,1,88,91,0,300,1,5
2538,,,11,1,2,3,31,6,300,600,3,5
2539,,,4,2,2,3,66,37,420,540,4,5
2540,,,4,1,2,2,34,95,420,540,4,5
2541,,,2,1,2,3,2,7,420,540,1,5
2542,,,15,2,2,1,9,64,180,300,4,5
2543,,,7,2,2,2,0,3,0,300,2,5
2544,,,15,2,2,1,41,37,300,420,1,5
2545,,,14,2,2,3,68,54,420,540,2,5
2546,,,13,2,2,1,38,98,420,540,1,5
2547,,,9,2,2,3,85,74,300,420,3,5
2548,,,3,1,2,2,0,83,300,600,3,5
2549,,,11,1,2,3,64,56,300,600,1,5
2550,,,10,2,2,2,87,47,0,300,2,5
2551,,,12,2,2,3,86,49,420,540,3,5
2552,,,14,2,2,1,65,31,300,600,2,5
2553,,,11,2,2,3,40,76,60,180,1,5
2554,,,13,1,2,2,76,14,420,540,1,5
2555,,,8,2,2,3,40,39,180,300,1,5
2556,,,10,2,2,1,49,11,300,420,3,5
2557,,,7,2,2,2,1,79,0,300,3,5
2558,,,2,2,2,3,88,91,0,300,4,5
2559,,,4,2,2,1,27,55,420,540,3,5
2560,,,7,1,2,1,14,58,300,600,3,5
2561,,,8,2,2,3,94,33,300,420,2,5
2562,,,6,2,2,2,10,27,180,300,4,5
2563,,,14,2,2,2,42,71,60,180,4,5
2564,,,6,2,2,1,29,33,300,600,1,5
2565,,,15,2,2,3,45,55,300,420,2,5
2566,,,2,2,2,2,73,42,180,300,4,5
2567,,,7,2,2,1,20,4,300,600,2,5
2568,,,15,2,2,2,72,41,0,300,2,5
2569,,,7,1,2,3,32,74,420,540,4,5
2570,,,13,2,2,1,87,94,0,300,3,5
2571,,,6,2,2,2,2,18,420,540,2,5
2572,,,11,2,2,3,99,20,0,300,3,5
2573,,,5,1,2,2,96,14,420,540,3,5
2574,,,11,2,2,3,82,9,60,180,3,5
2575,,,7,2,2,1,7,64,300,600,4,5
2576,,,15,2,2,3,29,28,420,540,1,5
2577,,,4,2,2,2,23,89,180,300,4,5
2578,,,12,2,2,1,57,66,60,180,2,5
2579,,,10,2,2,2,87,74,180,300,4,5
2580,,,11,1,2,3,95,85,420,540,3,5
2581,,,8,1,2,2,92,97,300,600,2,5
2582,,,10,1,2,2,72,36,420,540,3,5
2583,,,12,2,2,2,56,48,0,300,3,5
2584,,,15,2,2,3,63,12,300,420,4,5
2585,,,5,1,2,2,79,26,300,600,1,5
2586,,,9,2,2,2,20,69,420,540,3,5
2587,,,7,2,2,2,49,55,420,540,3,5
2588,,,7,2,2,1,14,16,300,600,1,5
2589,,,7,2,2,2,43,63,300,600,3,5
2590,,,13,2,2,1,42,65,60,180,4,5
2591,,,2,1,2,2,65,58,300,600,1,5
2592,,,8,2,2,1,90,47,420,540,2,5
2593,,,14,2,2,2,94,34,180,300,2,5
2594,,,2,2,2,1,41,87,60,180,4,5
2595,,,8,1,2,3,81,69,420,540,1,5
2596,,,9,2,2,2,76,53,420,540,3,5
2597,,,7,1,2,3,47,29,300,600,2,5
2598,,,17,2,2,2,42,22,60,180,4,5
2599,,,14,1,2,1,39,24,420,540,4,5
2600,,,11,2,2,3,53,86,300,600,2,5
2601,,,5,2,2,3,27,39,60,180,2,5
2602,,,10,2,2,1,26,90,0,300,2,5
2603,,,16,1,2,1,3,58,420,540,1,5
2604,,,12,2,2,1,24,7,60,180,3,5
2605,,,15,2,2,2,48,60,60,180,3,5
2606,,,15,2,2,2,54,70,60,180,4,5
2607,,,9,2,2,2,75,20,180,300,1,5
2608,,,9,2,2,3,20,78,180,300,4,5
2609,,,8,1,2,1,45,36,420,540,4,5
2610,,,12,1,2,3,41,45,300,600,1,5
2611,,,6,2,2,3,80,23,180,300,4,5
2612,,,4,2,2,2,83,65,0,300,2,5
2613,,,15,1,2,3,80,13,300,600,1,5
2614,,,3,2,2,3,8,69,60,180,3,5
2615,,,14,2,2,3,54,21,420,540,3,5
2616,,,4,1,2,3,1,17,300,600,3,5
2617,,,14,2,2,1,81,38,420,540,2,5
2618,,,11,1,2,3,45,74,420,540,4,5
2619,,,2,2,2,2,47,28,0,300,2,5
2620,,,11,1,2,3,89,93,420,540,3,5
2621,,,11,1,2,2,14,66,300,600,1,5
2622,,,15,2,2,3,96,14,60,180,2,5
2623,,,10,2,2,3,97,24,300,600,3,5
2624,,,10,1,2,3,91,71,300,600,4,5
2625,,,6,1,2,2,62,20,300,600,4,5
2626,,,5,1,2,1,24,4,420,540,4,5
2627,,,3,2,2,1,44,100,300,600,4,5
2628,,,3,2,2,2,51,92,420,540,2,5
2629,,,3,2,2,1,100,20,300,420,3,5
2630,,,6,2,2,2,56,53,420,540,3,5
2631,,,6,1,2,2,66,8,420,540,3,5
2632,,,15,1,2,3,64,25,300,600,2,5
2633,,,7,2,2,3,82,99,420,540,1,5
2634,,,6,2,2,3,89,31,180,300,4,5
2635,,,5,2,2,1,19,23,0,300,3,5
2636,,,14,1,2,2,79,55,300,600,2,5
2637,,,15,2,2,2,45,60,180,300,2,5
2638,,,15,1,2,1,92,45,300,600,4,5
2639,,,6,2,2,3,87,90,0,300,1,5
2640,,,9,2,2,1,27,77,420,540,2,5
2641,,,6,2,2,1,25,73,420,540,3,5
2642,,,5,1,2,1,20,66,420,540,4,5
2643,,,7,1,2,1,4,83,420,540,1,5
2644,,,16,2,2,2,74,26,60,180,3,5
2645,,,10,2,2,1,84,58,0,300,2,5
2646,,,15,1,2,3,92,32,420,540,2,5
2647,,,14,2,2,2,73,5,60,180,3,5
2648,,,8,1,2,2,46,11,420,540,1,5
2649,,,12,2,2,1,33,50,300,600,2,5
2650,,,10,2,2,1,84,36,0,300,4,5
2651,,,8,1,2,3,40,6,300,600,2,5
2652,,,10,2,2,1,10,98,300,600,3,5
2653,,,6,1,2,3,94,22,420,540,4,5
2654,,,13,2,2,1,47,81,0,300,4,5
2655,,,12,2,2,3,29,95,0,300,1,5
2656,,,3,2,2,3,86,12,180,300,3,5
2657,,,7,2,2,2,57,36,180,300,2,5
2658,,,9,2,2,3,5,70,180,300,1,5
2659,,,5,1,2,2,79,64,300,600,3,5
2660,,,9,1,2,2,52,58,420,540,3,5
2661,,,13,2,2,1,74,14,60,180,4,5
2662,,,9,2,2,1,39,78,180,300,3,5
2663,,,6,1,2,1,0,49,420,540,2,5
2664,,,12,2,2,2,49,67,180,300,3,5
2665,,,15,1,2,2,74,3,300,600,3,5
2666,,,5,1,2,3,65,89,420,540,4,5
2667,,,9,2,2,1,74,2,180,300,3,5
2668,,,3,2,2,3,13,71,60,180,3,5
2669,,,7,2,2,2,0,54,300,420,4,5
2670,,,10,2,2,1,52,48,180,300,1,5
2671,,,3,1,2,3,80,10,420,540,3,5
2672,,,5,2,2,3,59,100,420,540,2,5
2673,,,3,2,2,2,83,78,60,180,4,5
2674,,,6,1,2,1,89,68,300,600,3,5
2675,,,13,2,2,2,72,1,180,300,1,5
2676,,,7,2,2,2,26,94,180,300,4,5
2677,,,2,1,2,1,66,1,300,600,4,5
2678,,,4,2,2,2,90,16,0,300,2,5
2679,,,13,2,2,1,38,20,60,180,2,5
2680,,,7,2,2,1,36,15,0,300,1,5
2681,,,1,1,2,2,97,84,300,600,2,5
2682,,,15,2,2,1,94,87,300,600,1,5
2683,,,14,2,2,3,7,12,300,600,3,5
2684,,,12,2,2,3,45,41,420,540,2,5
2685,,,4,2,2,3,36,61,300,600,2,5
2686,,,7,2,2,2,82,59,420,540,3,5
2687,,,3,2,2,3,36,4,60,180,1,5
2688,,,7,2,2,3,72,0,300,420,1,5
2689,,,6,1,2,2,76,87,420,540,3,5
2690,,,6,1,2,2,25,58,300,600,4,5
2691,,,9,1,2,3,28,90,420,540,4,5
2692,,,7,2,2,2,79,49,0,300,3,5
2693,,,14,1,2,2,59,76,420,540,1,5
2694,,,15,2,2,1,85,73,300,600,4,5
2695,,,15,1,2,1,5,43,420,540,4,5
2696,,,8,2,2,3,62,0,420,540,1,5
2697,,,3,2,2,1,43,57,0,300,4,5
2698,,,16,2,2,3,69,72,420,540,2,5
2699,,,13,1,2,3,92,17,420,540,4,5
2700,,,11,1,2,3,2,62,300,600,2,5
2701,,,10,2,2,2,44,1,60,180,1,5
2702,,,13,2,2,2,31,16,300,420,3,5
2703,,,10,2,2,3,35,28,0,300,3,5
2704,,,9,1,2,2,54,46,420,540,2,5
2705,,,10,2,2,3,91,35,0,300,2,5
2706,,,6,2,2,2,81,80,180,300,4,5
2707,,,3,2,2,3,74,27,180,300,1,5
2708,,,10,2,2,1,100,70,300,600,2,5
2709,,,9,2,2,2,46,29,420,540,4,5
2710,,,8,1,2,3,43,16,300,600,1,5
2711,,,15,2,2,1,71,14,180,300,4,5
2712,,,9,1,2,2,40,16,300,600,4,5
2713,,,11,2,2,2,55,85,180,300,2,5
2714,,,12,2,2,3,25,64,180,300,4,5
2715,,,6,1,2,2,85,74,420,540,3,5
2716,,,8,2,2,2,6,80,420,540,3,5
2717,,,11,2,2,1,83,23,180,300,2,5
2718,,,6,2,2,3,63,33,420,540,1,5
2719,,,5,1,2,1,31,37,420,540,1,5
2720,,,8,2,2,3,61,20,300,420,2,5
2721,,,12,2,2,2,20,28,60,180,4,5
2722,,,3,2,2,1,0,60,420,540,2,5
2723,,,10,2,2,3,35,27,180,300,4,5
2724,,,6,2,2,3,83,85,0,300,1,5
2725,,,9,2,2,3,34,61,300,420,3,5
2726,,,15,2,2,3,74,29,300,420,2,5
2727,,,4,2,2,3,3,72,60,180,4,5
2728,,,8,2,2,3,87,48,60,180,4,5
2729,,,11,2,2,3,69,71,300,600,4,5
2730,,,3,2,2,2,21,21,300,420,4,5
2731,,,10,1,2,1,22,45,300,600,3,5
2732,,,14,1,2,2,56,33,420,540,3,5
2733,,,14,2,2,2,96,31,180,300,1,5
2734,,,14,2,2,1,67,47,0,300,1,5
2735,,,6,1,2,2,42,8,420,540,3,5
2736,,,8,2,2,1,67,50,420,540,3,5
2737,,,8,1,2,2,48,33,300,600,4,5
2738,,,9,2,2,2,19,31,0,300,4,5
2739,,,13,2,2,2,58,24,300,420,1,5
2740,,,5,2,2,2,30,75,420,540,1,5
2741,,,7,1,2,2,82,81,420,540,3,5
2742,,,15,2,2,2,52,67,420,540,1,5
2743,,,7,2,2,1,88,46,0,300,4,5
2744,,,15,2,2,2,28,50,420,540,4,5
2745,,,15,2,2,3,85,9,60,180,1,5
2746,,,2,1,2,3,59,17,420,540,2,5
2747,,,3,1,2,2,8,34,420,540,3,5
2748,,,13,2,2,2,28,98,180,300,4,5
2749,,,11,2,2,2,37,13,0,300,1,5
2750,,,7,1,2,3,28,93,300,600,2,5
2751,,,13,2,2,3,38,25,60,180,3,5
2752,,,7,2,2,3,42,53,60,180,2,5
2753,,,15,2,2,1,6,95,60,180,3,5
2754,,,9,2,2,1,54,2,180,300,2,5
2755,,,14,2,2,2,2,69,180,300,2,5
2756,,,13,2,2,2,98,52,0,300,2,5
2757,,,9,1,2,3,65,61,420,540,3,5
2758,,,14,2,2,3,2,50,420,540,3,5
2759,,,5,2,2,1,59,0,300,420,1,5
2760,,,16,2,2,3,31,3,0,300,4,5
2761,,,3,1,2,3,45,63,300,600,4,5
2762,,,8,2,2,2,23,31,60,180,1,5
2763,,,6,1,2,3,68,90,420,540,2,5
2764,,,9,2,2,3,81,56,180,300,3,5
2765,,,2,2,2,3,18,94,0,300,2,5
2766,,,13,2,2,3,76,9,180,300,4,5
2767,,,4,1,2,2,70,24,300,600,1,5
2768,,,6,2,2,1,68,15,420,540,4,5
2769,,,8,2,2,3,78,25,0,300,3,5
2770,,,12,2,2,3,72,61,60,180,2,5
2771,,,9,2,2,3,41,47,0,300,1,5
2772,,,13,2,2,3,23,61,60,180,4,5
2773,,,9,2,2,2,80,6,180,300,3,5
2774,,,15,2,2,2,63,15,420,540,3,5
2775,,,12,2,2,1,15,2,60,180,3,5
2776,,,9,2,2,1,52,100,60,180,4,5
2777,,,2,1,2,2,62,2,300,600,2,5
2778,,,10,2,2,2,41,74,180,300,2,5
2779,,,3,2,2,3,86,80,420,540,4,5
2780,,,8,2,2,2,65,90,0,300,1,5
2781,,,6,2,2,2,21,97,0,300,2,5
2782,,,14,2,2,2,8,5,180,300,3,5
2783,,,11,1,2,1,79,2,420,540,2,5
2784,,,7,2,2,1,56,81,180,300,1,5
2785,,,14,2,2,1,42,98,0,300,4,5
2786,,,10,2,2,3,66,26,60,180,4,5
2787,,,3,2,2,2,50,71,60,180,2,5
2788,,,14,2,2,2,57,33,0,300,2,5
2789,,,8,2,2,1,36,52,60,180,3,5
2790,,,12,2,2,1,77,78,420,540,3,5
2791,,,17,2,2,2,9,88,60,180,4,5
2792,,,15,2,2,1,63,37,60,180,2,5
2793,,,7,2,2,2,85,66,180,300,1,5
2794,,,10,1,2,2,64,46,420,540,2,5
2795,,,4,1,2,3,76,24,300,600,3,5
2796,,,12,2,2,1,96,77,0,300,2,5
2797,,,8,2,2,1,95,71,300,420,4,5
2798,,,8,1,2,2,79,14,300,600,3,5
2799,,,8,1,2,1,53,74,420,540,4,5
2800,,,12,2,2,1,65,39,300,420,2,5
2801,,,7,2,2,1,60,25,0,300,4,5
2802,,,7,2,2,3,75,29,300,420,4,5
2803,,,4,2,2,1,22,35,0,300,3,5
2804,,,9,2,2,2,79,76,60,180,2,5
2805,,,2,2,2,2,69,67,0,300,1,5
2806,,,7,2,2,2,75,64,300,420,1,5
2807,,,6,2,2,2,72,22,420,540,4,5
2808,,,6,2,2,3,2,75,420,540,3,5
2809,,,2,1,2,2,32,99,420,540,4,5
2810,,,11,1,2,1,59,65,300,600,4,5
2811,,,8,2,2,1,59,69,0,300,1,5
2812,,,8,2,2,3,66,68,420,540,4,5
2813,,,6,2,2,3,92,27,180,300,2,5
2814,,,3,1,2,1,46,5,300,600,2,5
2815,,,11,2,2,2,5,3,60,180,4,5
2816,,,9,2,2,3,35,10,0,300,3,5
2817,,,2,2,2,3,23,60,180,300,4,5
2818,,,10,1,2,1,89,97,420,540,1,5
2819,,,16,2,2,1,48,26,180,300,3,5
2820,,,5,2,2,3,88,39,420,540,3,5
2821,,,7,2,2,1,67,98,0,300,1,5
2822,,,16,2,2,3,45,24,300,420,3,5
2823,,,8,2,2,2,72,98,180,300,2,5
2824,,,8,1,2,2,71,87,420,540,1,5
2825,,,16,2,2,2,42,43,300,600,4,5
2826,,,8,2,2,3,82,76,300,600,4,5
2827,,,6,1,2,2,15,63,420,540,1,5
2828,,,11,1,2,3,33,73,420,540,3,5
2829,,,4,2,2,1,10,89,0,300,1,5
2830,,,10,2,2,1,19,89,0,300,2,5
2831,,,4,1,2,3,30,99,300,600,4,5
2832,,,8,2,2,1,36,30,180,300,3,5
2833,,,14,2,2,3,8,29,60,180,1,5
2834,,,8,2,2,2,74,92,60,180,3,5
2835,,,10,2,2,3,59,69,0,300,3,5
2836,,,16,2,2,1,55,9,0,300,2,5
2837,,,9,2,2,2,74,0,60,180,3,5
2838,,,4,2,2,3,8,78,300,420,2,5
2839,,,15,2,2,2,47,16,0,300,2,5
2840,,,12,1,2,2,6,30,300,600,2,5
2841,,,2,2,2,3,88,80,300,420,3,5
2842,,,11,1,2,3,12,22,300,600,1,5
2843,,,14,2,2,3,91,58,60,180,2,5
2844,,,6,2,2,2,88,79,420,540,2,5
2845,,,7,1,2,2,47,66,420,540,4,5
2846,,,14,2,2,3,32,18,60,180,2,5
2847,,,9,2,2,3,85,26,300,420,4,5
2848,,,5,1,2,1,98,70,420,540,1,5
2849,,,3,1,2,3,70,38,300,600,2,5
2850,,,6,2,2,3,85,39,300,600,4,5
2851,,,7,1,2,1,30,52,420,540,1,5
2852,,,5,2,2,3,61,47,60,180,2,5
2853,,,12,2,2,1,9,5,60,180,1,5
2854,,,10,1,2,2,64,63,420,540,1,5
2855,,,10,2,2,1,20,5,0,300,3,5
2856,,,13,2,2,1,71,61,0,300,3,5
2857,,,14,2,2,1,45,22,60,180,2,5
2858,,,4,1,2,2,90,77,300,600,4,5
2859,,,17,2,2,3,83,25,60,180,2,5
2860,,,11,1,2,1,33,5,420,540,3,5
2861,,,10,2,2,3,54,96,0,300,4,5
2862,,,3,2,2,2,89,72,300,420,3,5
2863,,,2,2,2,3,87,92,60,180,2,5
2864,,,5,2,2,2,14,71,180,300,3,5
2865,,,13,2,2,2,19,49,60,180,1,5
2866,,,3,2,2,2,90,35,420,540,4,5
2867,,,9,1,2,3,27,4,300,600,1,5
2868,,,4,2,2,1,18,89,420,540,2,5
2869,,,11,2,2,1,18,1,60,180,3,5
2870,,,6,2,2,1,1,70,180,300,2,5
2871,,,15,2,2,3,8,57,60,180,4,5
2872,,,16,2,2,3,45,81,0,300,1,5
2873,,,3,2,2,3,24,2,0,300,3,5
2874,,,5,2,2,2,53,0,180,300,2,5
2875,,,3,2,2,1,83,45,0,300,4,5
2876,,,4,2,2,3,2,58,60,180,1,5
2877,,,5,1,2,3,90,44,420,540,4,5
2878,,,15,2,2,1,28,28,180,300,2,5
2879,,,13,2,2,2,15,77,420,540,4,5
2880,,,4,2,2,1,88,48,180,300,2,5
2881,,,3,2,2,3,68,82,420,540,3,5
2882,,,13,2,2,3,32,9,420,540,1,5
2883,,,7,2,2,1,4,25,420,540,4,5
2884,,,9,1,2,3,83,65,300,600,1,5
2885,,,7,2,2,2,9,40,0,300,4,5
2886,,,7,1,2,1,50,34,420,540,1,5
2887,,,10,1,2,3,40,20,300,600,2,5
2888,,,9,2,2,1,3,8,0,300,4,5
2889,,,8,2,2,3,46,12,180,300,2,5
2890,,,11,1,2,1,96,34,420,540,3,5
2891,,,10,2,2,3,45,36,60,180,4,5
2892,,,3,2,2,3,62,95,180,300,3,5
2893,,,17,2,2,3,81,36,60,180,4,5
2894,,,7,2,2,2,85,11,60,180,1,5
2895,,,2,2,2,1,100,60,180,300,2,5
2896,,,12,2,2,1,30,57,180,300,2,5
2897,,,12,2,2,3,89,49,420,540,4,5
2898,,,12,1,2,2,34,95,420,540,2,5
2899,,,13,1,2,3,34,45,300,600,4,5
2900,,,15,2,2,3,7,48,300,420,3,5
2901,,,6,2,2,1,50,32,300,420,3,5
2902,,,8,2,2,2,3,41,420,540,1,5
2903,,,7,2,2,3,58,65,180,300,3,5
2904,,,3,2,2,2,13,66,0,300,1,5
2905,,,10,1,2,3,33,26,420,540,3,5
2906,,,15,2,2,2,54,43,60,180,2,5
2907,,,6,2,2,2,54,59,180,300,1,5
2908,,,8,2,2,1,33,18,60,180,4,5
2909,,,5,2,2,2,34,36,180,300,1,5
2910,,,14,2,2,2,88,88,180,300,1,5
2911,,,5,2,2,1,42,98,300,600,1,5
2912,,,6,2,2,3,29,30,420,540,2,5
2913,,,8,2,2,3,82,55,420,540,1,5
2914,,,11,1,2,1,88,75,420,540,2,5
2915,,,14,2,2,3,13,34,180,300,1,5
2916,,,6,1,2,1,19,63,420,540,4,5
2917,,,7,1,2,2,14,43,420,540,1,5
2918,,,10,1,2,2,20,35,300,600,1,5
2919,,,13,1,2,3,90,60,420,540,4,5
2920,,,8,2,2,2,4,28,300,420,3,5
2921,,,6,2,2,3,38,8,180,300,1,5
2922,,,8,2,2,2,2,89,180,300,1,5
2923,,,9,2,2,2,44,7,420,540,3,5
2924,,,5,1,2,3,53,49,420,540,3,5
2925,,,10,2,2,3,65,39,180,300,4,5
2926,,,13,2,2,3,69,58,180,300,1,5
2927,,,5,2,2,3,50,57,420,540,2,5
2928,,,14,2,2,2,35,13,420,540,2,5
2929,,,11,2,2,2,63,83,180,300,3,5
2930,,,12,2,2,1,82,79,300,600,4,5
2931,,,17,2,2,2,54,40,180,300,3,5
2932,,,11,2,2,2,30,60,0,300,2,5
2933,,,16,2,2,1,81,12,0,300,3,5
2934,,,3,2,2,2,36,70,180,300,4,5
2935,,,15,2,2,1,22,18,420,540,4,5
2936,,,10,2,2,1,52,48,0,300,3,5
2937,,,13,1,2,3,80,68,300,600,3,5
2938,,,3,2,2,2,28,40,180,300,3,5
2939,,,7,2,2,3,69,42,60,180,3,5
2940,,,4,2,2,1,38,83,60,180,1,5
2941,,,11,1,2,1,41,30,420,540,3,5
2942,,,11,2,2,1,61,96,0,300,2,5
2943,,,8,1,2,3,94,47,300,600,1,5
2944,,,8,1,2,3,62,97,300,600,3,5
2945,,,16,2,2,1,10,18,0,300,1,5
2946,,,6,1,2,1,44,93,300,600,3,5
2947,,,11,1,2,1,53,12,420,540,1,5
2948,,,10,2,2,2,54,29,180,300,1,5
2949,,,9,2,2,3,31,30,180,300,1,5
2950,,,13,1,2,3,65,20,300,600,2,5
2951,,,15,1,2,3,100,16,300,600,1,5
2952,,,8,1,2,3,94,52,300,600,2,5
2953,,,3,2,2,3,5,44,60,180,1,5
2954,,,4,2,2,1,72,61,180,300,4,5
2955,,,16,2,2,2,75,36,0,300,4,5
2956,,,16,1,2,1,93,8,300,600,3,5
2957,,,11,2,2,3,67,83,300,600,1,5
2958,,,11,1,2,1,77,2,420,540,4,5
2959,,,11,1,2,3,79,7,300,600,4,5
2960,,,2,2,2,3,87,91,420,540,2,5
2961,,,11,2,2,1,90,43,420,540,4,5
2962,,,10,2,2,2,4,30,180,300,1,5
2963,,,9,2,2,3,64,24,0,300,2,5
2964,,,10,2,2,3,6,52,60,180,1,5
2965,,,5,2,2,3,54,60,180,300,2,5
2966,,,5,2,2,2,16,55,420,540,4,5
2967,,,12,2,2,3,86,65,420,540,2,5
2968,,,16,2,2,1,5,16,300,420,4,5
2969,,,4,1,2,1,62,58,420,540,1,5
2970,,,6,2,2,3,29,79,300,420,2,5
2971,,,4,1,2,1,63,19,420,540,3,5
2972,,,15,1,2,3,22,81,420,540,3,5
2973,,,8,1,2,2,62,59,420,540,4,5
2974,,,9,2,2,2,16,65,60,180,2,5
2975,,,9,2,2,2,95,11,300,420,2,5
2976,,,11,1,2,1,21,61,300,600,4,5
2977,,,3,2,2,2,27,2,60,180,3,5
2978,,,2,2,2,2,56,30,300,600,4,5
2979,,,5,2,2,1,76,5,420,540,4,5
2980,,,10,1,2,1,52,100,420,540,2,5
2981,,,7,2,2,2,90,54,180,300,3,5
2982,,,15,2,2,3,87,10,420,540,4,5
2983,,,13,2,2,1,47,90,180,300,1,5
2984,,,15,1,2,2,81,88,300,600,2,5
2985,,,6,1,2,3,2,97,420,540,2,5
2986,,,2,1,2,1,67,25,300,600,2,5
2987,,,4,2,2,3,87,33,0,300,1,5
2988,,,14,2,2,2,62,100,420,540,4,5
2989,,,9,2,2,1,61,8,300,420,3,5
2990,,,11,1,2,1,9,37,300,600,4,5
2991,,,11,2,2,1,14,91,420,540,4,5
2992,,,5,2,2,2,75,87,180,300,2,5
2993,,,11,1,2,2,0,26,420,540,1,5
2994,,,13,2,2,1,91,57,0,300,4,5
2995,,,2,1,2,3,21,69,300,600,1,5
2996,,,9,2,2,3,17,17,0,300,4,5
2997,,,6,2,2,1,16,44,180,300,2,5
2998,,,7,2,2,3,43,49,60,180,4,5
2999,,,10,2,2,1,4,21,420,540,1,5
3000,,,5,2,2,3,6,86,420,540,1,5
3001,,,4,2,2,1,10,11,420,540,3,5
3002,,,6,2,2,1,95,73,420,540,3,5
3003,,,7,1,2,1,3,6,420,540,1,5
3004,,,8,2,2,2,71,22,180,300,4,5
3005,,,5,2,2,1,59,51,60,180,2,5
3006,,,3,2,2,2,76,33,60,180,4,5
3007,,,12,2,2,2,30,7,420,540,3,5
3008,,,2,2,2,3,18,58,180,300,1,5
3009,,,3,1,2,3,17,58,300,600,1,5
3010,,,16,2,2,3,91,31,60,180,4,5
3011,,,8,2,2,2,44,62,60,180,4,5
3012,,,15,2,2,3,54,58,420,540,4,5
3013,,,5,2,2,2,31,91,300,600,3,5
3014,,,7,2,2,1,19,24,180,300,4,5
3015,,,4,2,2,1,42,92,180,300,3,5
3016,,,2,2,2,3,50,58,420,540,4,5
3017,,,14,2,2,1,39,14,0,300,1,5
3018,,,14,2,2,3,64,10,300,600,3,5
3019,,,16,2,2,2,79,77,60,180,1,5
3020,,,4,1,2,1,81,54,420,540,3,5
3021,,,11,2,2,3,66,31,180,300,2,5
3022,,,3,1,2,3,21,29,420,540,1,5
3023,,,15,1,2,1,61,15,420,540,2,5
3024,,,14,2,2,1,58,82,420,540,3,5
3025,,,13,1,2,1,25,65,300,600,2,5
3026,,,5,2,2,3,2,51,60,180,2,5
3027,,,7,2,2,3,57,31,420,540,4,5
3028,,,14,1,2,3,20,81,300,600,4,5
3029,,,5,2,2,2,89,54,0,300,3,5
3030,,,6,2,2,3,20,28,180,300,4,5
3031,,,5,2,2,1,63,33,0,300,3,5
3032,,,6,2,2,1,36,43,180,300,2,5
3033,,,13,2,2,3,91,59,60,180,2,5
3034,,,7,2,2,3,97,6,0,300,1,5
3035,,,12,2,2,3,61,67,180,300,3,5
3036,,,12,1,2,2,99,12,300,600,3,5
3037,,,15,2,2,1,89,28,0,300,3,5
3038,,,6,1,2,2,79,69,420,540,1,5
3039,,,12,1,2,2,15,93,420,540,1,5
3040,,,4,2,2,3,100,73,300,420,3,5
3041,,,12,1,2,2,77,91,420,540,3,5
3042,,,8,2,2,2,75,42,60,180,3,5
3043,,,7,2,2,3,58,80,300,420,2,5
3044,,,3,2,2,1,55,58,420,540,2,5
3045,,,14,2,2,3,79,24,420,540,3,5
3046,,,7,2,2,2,19,95,420,540,4,5
3047,,,16,2,2,3,93,8,180,300,1,5
3048,,,10,2,2,3,3,12,60,180,2,5
3049,,,8,1,2,1,98,1,300,600,2,5
3050,,,10,1,2,2,62,12,420,540,3,5
3051,,,13,1,2,2,86,96,420,540,1,5
3052,,,5,2,2,3,21,21,300,420,1,5
3053,,,13,2,2,3,68,73,60,180,3,5
3054,,,15,2,2,2,84,28,0,300,2,5
3055,,,5,2,2,1,84,22,60,180,1,5
3056,,,14,2,2,1,68,37,0,300,3,5
3057,,,11,2,2,1,91,41,420,540,3,5
3058,,,6,1,2,1,20,62,300,600,2,5
3059,,,8,2,2,1,33,4,300,600,3,5
3060,,,3,1,2,1,66,22,420,540,1,5
3061,,,9,2,2,2,70,40,180,300,3,5
3062,,,10,2,2,3,20,94,0,300,1,5
3063,,,16,2,2,3,44,42,180,300,2,5
3064,,,5,2,2,1,0,62,300,420,2,5
3065,,,10,2,2,1,58,75,60,180,4,5
3066,,,7,2,2,2,11,34,180,300,1,5
3067,,,14,2,2,2,94,42,300,420,2,5
3068,,,4,2,2,2,6,94,180,300,2,5
3069,,,10,2,2,2,80,2,60,180,3,5
3070,,,12,2,2,2,29,39,60,180,4,5
3071,,,10,2,2,1,77,91,0,300,2,5
3072,,,5,2,2,1,46,43,180,300,2,5
3073,,,6,2,2,1,82,64,0,300,2,5
3074,,,9,2,2,1,82,49,60,180,3,5
3075,,,14,1,2,2,5,70,420,540,2,5
3076,,,5,2,2,3,0,5,300,420,1,5
3077,,,16,2,2,3,77,55,180,300,1,5
3078,,,5,2,2,2,89,6,180,300,2,5
3079,,,8,1,2,2,70,63,300,600,2,5
3080,,,9,1,2,3,18,7,300,600,2,5
3081,,,15,2,2,3,49,21,300,420,1,5
3082,,,6,2,2,2,82,21,60,180,1,5
3083,,,2,2,2,1,13,46,180,300,2,5
3084,,,10,2,2,1,46,82,60,180,4,5
3085,,,6,2,2,3,1,58,420,540,1,5
3086,,,7,2,2,3,31,30,0,300,2,5
3087,,,10,2,2,1,99,53,420,540,2,5
3088,,,10,2,2,2,19,44,300,600,1,5
3089,,,10,2,2,2,62,35,180,300,1,5
3090,,,8,1,2,3,29,89,420,540,4,5
3091,,,12,1,2,1,4,52,420,540,2,5
3092,,,7,2,2,2,55,66,60,180,2,5
3093,,,8,2,2,2,5,64,60,180,2,5
3094,,,14,2,2,1,39,56,60,180,4,5
3095,,,8,2,2,2,79,16,300,420,4,5
3096,,,5,1,2,2,18,18,420,540,1,5
3097,,,11,2,2,2,17,20,300,420,4,5
3098,,,7,2,2,3,9,0,420,540,1,5
3099,,,5,1,2,2,82,84,420,540,3,5
3100,,,5,2,2,2,43,2,180,300,4,5
3101,,,14,1,2,1,19,38,420,540,1,5
3102,,,4,2,2,3,26,15,180,300,4,5
3103,,,4,2,2,3,5,97,60,180,2,5
3104,,,11,2,2,3,31,95,300,600,2,5
3105,,,8,2,2,2,22,16,420,540,4,5
3106,,,16,2,2,2,90,61,300,600,3,5
3107,,,12,2,2,1,47,81,60,180,1,5
3108,,,5,2,2,3,43,43,180,300,1,5
3109,,,8,2,2,2,23,8,180,300,3,5
3110,,,13,1,2,2,17,79,420,540,1,5
3111,,,15,1,2,2,16,39,300,600,2,5
3112,,,8,2,2,1,40,82,0,300,4,5
3113,,,4,1,2,2,67,10,420,540,2,5
3114,,,7,2,2,3,37,21,0,300,1,5
3115,,,5,2,2,1,32,14,420,540,2,5
3116,,,3,2,2,2,32,22,300,600,1,5
3117,,,1,1,2,1,90,90,300,600,2,5
3118,,,3,2,2,2,61,40,300,420,2,5
3119,,,6,2,2,1,6,15,300,600,2,5
3120,,,15,2,2,3,92,17,0,300,1,5
3121,,,12,2,2,3,17,23,420,540,2,5
3122,,,3,2,2,3,4,53,420,540,3,5
3123,,,6,2,2,1,79,10,180,300,4,5
3124,,,15,2,2,2,44,30,300,420,1,5
3125,,,4,2,2,2,58,23,420,540,4,5
3126,,,8,1,2,3,77,30,300,600,3,5
3127,,,11,2,2,3,23,4,180,300,1,5
3128,,,6,1,2,2,58,77,420,540,3,5
3129,,,10,1,2,3,14,41,300,600,3,5
3130,,,13,2,2,2,95,36,180,300,2,5
3131,,,14,1,2,3,26,50,420,540,1,5
3132,,,9,1,2,2,31,54,420,540,2,5
3133,,,14,2,2,2,19,35,300,420,2,5
3134,,,7,2,2,2,64,94,60,180,3,5
3135,,,12,1,2,1,1,29,420,540,1,5
3136,,,16,2,2,2,69,3,0,300,2,5
3137,,,3,1,2,3,74,14,420,540,1,5
3138,,,3,2,2,2,67,9,300,420,3,5
3139,,,13,2,2,2,72,61,0,300,4,5
3140,,,1,1,2,2,69,82,420,540,4,5
3141,,,12,2,2,3,78,37,0,300,2,5
3142,,,12,2,2,1,92,15,0,300,3,5
3143,,,4,2,2,3,84,87,180,300,2,5
3144,,,9,2,2,3,51,82,300,600,3,5
3145,,,15,2,2,2,68,45,60,180,1,5
3146,,,10,2,2,1,88,90,0,300,2,5
3147,,,8,1,2,2,24,6,420,540,4,5
3148,,,8,2,2,3,0,37,60,180,4,5
3149,,,10,1,2,2,11,49,300,600,3,5
3150,,,14,2,2,1,58,62,180,300,3,5
3151,,,7,2,2,2,41,71,300,600,1,5
3152,,,8,2,2,1,20,29,180,300,3,5
3153,,,5,2,2,1,30,13,420,540,1,5
3154,,,12,1,2,1,12,38,300,600,2,5
3155,,,11,1,2,3,58,80,300,600,4,5
3156,,,10,2,2,3,35,63,300,420,1,5
3157,,,3,1,2,2,4,6,300,600,4,5
3158,,,17,2,2,1,90,58,60,180,4,5
3159,,,10,2,2,2,13,73,420,540,4,5
3160,,,3,2,2,1,89,19,420,540,1,5
3161,,,2,2,2,3,5,56,420,540,4,5
3162,,,7,2,2,3,19,25,60,180,2,5
3163,,,5,2,2,3,1,35,60,180,1,5
3164,,,7,2,2,3,75,77,0,300,1,5
3165,,,9,2,2,2,85,90,300,420,2,5
3166,,,5,2,2,1,49,16,180,300,3,5
3167,,,10,2,2,2,62,26,180,300,4,5
3168,,,4,2,2,2,6,100,60,180,4,5
3169,,,9,2,2,2,65,22,300,420,1,5
3170,,,5,2,2,3,3,25,180,300,3,5
3171,,,12,1,2,3,97,53,420,540,3,5
3172,,,11,2,2,3,39,23,420,540,4,5
3173,,,3,2,2,2,68,18,300,600,1,5
3174,,,15,2,2,2,76,32,180,300,1,5
3175,,,12,1,2,1,68,32,300,600,2,5
3176,,,3,2,2,2,91,78,0,300,4,5
3177,,,12,2,2,3,51,1,420,540,1,5
3178,,,7,2,2,2,39,15,0,300,4,5
3179,,,4,2,2,1,1,52,300,600,4,5
3180,,,10,2,2,2,29,31,0,300,3,5
3181,,,7,2,2,1,43,56,180,300,3,5
3182,,,7,2,2,1,54,2,420,540,2,5
3183,,,7,2,2,2,65,10,420,540,3,5
3184,,,9,1,2,2,71,23,420,540,3,5
3185,,,14,2,2,1,45,84,420,540,4,5
3186,,,15,2,2,3,96,17,180,300,3,5
3187,,,10,2,2,2,46,79,180,300,1,5
3188,,,6,2,2,3,11,45,180,300,2,5
3189,,,15,2,2,3,97,77,0,300,2,5
3190,,,13,2,2,1,47,55,420,540,3,5
3191,,,7,2,2,1,59,90,420,540,3,5
3192,,,4,2,2,2,89,100,420,540,4,5
3193,,,3,2,2,3,48,34,60,180,1,5
3194,,,8,1,2,1,49,85,420,540,4,5
3195,,,4,1,2,1,36,48,300,600,4,5
3196,,,7,1,2,3,59,27,300,600,4,5
3197,,,13,2,2,1,30,42,0,300,2,5
3198,,,10,2,2,3,61,30,300,600,2,5
3199,,,8,2,2,3,3,85,420,540,1,5
3200,,,6,2,2,1,1,15,420,540,2,5
3201,,,7,2,2,2,96,18,300,600,2,5
3202,,,14,2,2,3,16,50,0,300,4,5
3203,,,4,1,2,3,28,3,420,540,3,5
3204,,,5,2,2,3,62,86,0,300,1,5
3205,,,12,2,2,2,78,25,180,300,2,5
3206,,,10,2,2,3,60,13,0,300,2,5
3207,,,7,2,2,3,5,64,300,420,2,5
3208,,,3,2,2,2,95,23,60,180,3,5
3209,,,6,2,2,1,34,45,300,420,4,5
3210,,,10,2,2,2,71,72,420,540,1,5
3211,,,9,2,2,2,9,6,420,540,3,5
3212,,,15,2,2,3,59,94,420,540,2,5
3213,,,7,1,2,3,53,26,420,540,1,5
3214,,,7,2,2,3,31,26,0,300,2,5
3215,,,6,2,2,3,63,79,0,300,1,5
3216,,,1,1,2,2,79,64,300,600,3,5
3217,,,6,1,2,2,90,44,420,540,3,5
3218,,,16,2,2,1,50,28,420,540,2,5
3219,,,10,2,2,2,65,88,60,180,1,5
3220,,,8,2,2,1,35,46,420,540,3,5
3221,,,13,2,2,3,70,69,300,600,4,5
3222,,,11,2,2,1,63,36,300,600,4,5
3223,,,9,2,2,3,4,70,300,600,4,5
3224,,,12,1,2,2,40,52,420,540,4,5
3225,,,13,2,2,1,35,41,300,600,1,5
3226,,,8,1,2,3,89,28,420,540,3,5
3227,,,6,2,2,3,42,24,300,420,4,5
3228,,,10,2,2,1,52,90,60,180,1,5
3229,,,3,2,2,1,98,0,300,600,2,5
3230,,,6,2,2,1,44,76,420,540,1,5
3231,,,15,1,2,2,63,28,300,600,1,5
3232,,,14,2,2,2,79,61,180,300,2,5
3233,,,15,2,2,3,90,100,180,300,1,5
3234,,,14,2,2,1,8,55,300,600,1,5
3235,,,15,2,2,2,21,51,60,180,4,5
3236,,,10,2,2,1,77,25,60,180,3,5
3237,,,7,2,2,1,79,79,60,180,4,5
3238,,,13,2,2,2,7,91,0,300,3,5
3239,,,14,2,2,3,67,58,420,540,3,5
3240,,,15,2,2,1,96,78,180,300,3,5
3241,,,12,2,2,2,35,90,0,300,1,5
3242,,,16,2,2,3,40,67,0,300,3,5
3243,,,15,2,2,3,17,4,420,540,2,5
3244,,,15,2,2,2,55,4,0,300,1,5
3245,,,4,2,2,1,94,29,0,300,4,5
3246,,,7,2,2,1,78,54,300,420,2,5
3247,,,14,2,2,3,17,51,420,540,3,5
3248,,,9,2,2,3,40,44,180,300,1,5
3249,,,9,1,2,3,1,15,300,600,4,5
3250,,,9,2,2,2,64,54,420,540,2,5
3251,,,7,1,2,3,24,48,300,600,4,5
3252,,,9,2,2,1,57,4,0,300,4,5
3253,,,3,2,2,3,70,4,420,540,1,5
3254,,,16,2,2,1,81,42,300,600,2,5
3255,,,13,2,2,2,65,45,0,300,1,5
3256,,,2,2,2,1,93,67,300,600,3,5
3257,,,12,2,2,3,30,24,60,180,3,5
3258,,,4,2,2,3,78,56,60,180,2,5
3259,,,10,2,2,3,2,1,60,180,1,5
3260,,,10,1,2,2,55,4,300,600,3,5
3261,,,6,1,2,3,100,68,420,540,3,5
3262,,,10,2,2,1,62,24,300,420,4,5
3263,,,10,2,2,3,82,35,0,300,1,5
3264,,,14,1,2,3,25,59,300,600,3,5
3265,,,12,2,2,1,84,65,180,300,2,5
3266,,,6,2,2,2,4,60,180,300,2,5
3267,,,5,1,2,2,69,72,420,540,1,5
3268,,,7,2,2,3,13,77,60,180,1,5
3269,,,10,2,2,3,50,13,420,540,3,5
3270,,,12,2,2,2,15,33,0,300,4,5
3271,,,8,2,2,2,30,54,420,540,2,5
3272,,,4,2,2,1,95,80,60,180,3,5
3273,,,12,2,2,1,1,64,180,300,3,5
3274,,,15,2,2,3,68,31,180,300,2,5
3275,,,3,1,2,1,50,32,300,600,1,5
3276,,,5,1,2,3,34,22,420,540,1,5
3277,,,12,1,2,1,99,53,420,540,2,5
3278,,,3,2,2,1,47,15,420,540,2,5
3279,,,7,2,2,3,55,73,300,600,3,5
3280,,,4,2,2,3,66,8,0,300,4,5
3281,,,6,1,2,1,94,63,420,540,2,5
3282,,,12,2,2,1,24,67,0,300,4,5
3283,,,12,2,2,3,73,79,180,300,2,5
3284,,,2,1,2,1,85,16,300,600,4,5
3285,,,4,1,2,1,37,3,420,540,3,5
3286,,,7,2,2,3,16,23,300,600,4,5
3287,,,4,2,2,1,28,54,60,180,4,5
3288,,,7,1,2,2,49,30,420,540,2,5
3289,,,13,1,2,1,56,76,420,540,2,5
3290,,,3,1,2,3,64,95,420,540,3,5
3291,,,17,2,2,3,75,28,60,180,4,5
3292,,,4,2,2,3,1,56,60,180,2,5
3293,,,7,1,2,1,25,23,300,600,1,5
3294,,,7,1,2,2,21,35,300,600,3,5
3295,,,4,1,2,2,62,44,420,540,4,5
3296,,,10,2,2,3,83,13,180,300,4,5
3297,,,15,2,2,1,71,59,60,180,4,5
3298,,,6,2,2,3,41,73,0,300,3,5
3299,,,6,2,2,3,61,87,420,540,4,5
3300,,,9,2,2,3,68,63,300,600,4,5
3301,,,10,1,2,2,95,94,300,600,2,5
3302,,,13,2,2,3,71,10,180,300,2,5
3303,,,9,1,2,2,50,33,420,540,4,5
3304,,,5,2,2,1,47,66,60,180,2,5
3305,,,4,2,2,1,11,95,60,180,2,5
3306,,,13,1,2,2,71,18,420,540,1,5
3307,,,12,2,2,3,95,80,420,540,3,5
3308,,,8,1,2,1,58,78,300,600,4,5
3309,,,4,2,2,3,74,41,420,540,1,5
3310,,,9,2,2,2,45,22,180,300,4,5
3311,,,12,1,2,2,6,82,420,540,4,5
3312,,,12,2,2,2,84,41,420,540,1,5
3313,,,15,1,2,1,12,69,300,600,1,5
3314,,,8,2,2,1,75,51,180,300,1,5
3315,,,7,2,2,2,70,23,420,540,2,5
3316,,,2,2,2,2,82,32,420,540,1,5
3317,,,5,2,2,1,6,24,180,300,2,5
3318,,,15,2,2,3,95,64,0,300,3,5
3319,,,2,2,2,2,1,84,300,420,1,5
3320,,,5,2,2,1,91,56,420,540,4,5
3321,,,3,2,2,1,49,81,420,540,2,5
3322,,,14,1,2,3,53,2,300,600,4,5
3323,,,9,1,2,3,96,72,420,540,2,5
3324,,,3,2,2,1,42,78,180,300,2,5
3325,,,3,2,2,3,61,85,0,300,2,5
3326,,,7,1,2,1,36,35,420,540,4,5
3327,,,15,2,2,3,50,38,60,180,3,5
3328,,,15,1,2,2,11,95,300,600,1,5
3329,,,6,2,2,3,48,32,300,420,1,5
3330,,,4,2,2,3,51,47,60,180,1,5
3331,,,7,2,2,1,84,36,420,540,4,5
3332,,,13,1,2,1,40,42,420,540,2,5
3333,,,3,2,2,1,72,16,60,180,1,5
3334,,,5,2,2,3,9,33,300,420,2,5
3335,,,10,2,2,1,14,66,180,300,3,5
3336,,,3,1,2,3,53,45,420,540,1,5
3337,,,15,1,2,1,57,98,420,540,4,5
3338,,,5,2,2,1,42,86,0,300,1,5
3339,,,13,2,2,3,2,14,180,300,4,5
3340,,,14,2,2,1,9,86,300,600,2,5
3341,,,4,2,2,3,10,23,60,180,4,5
3342,,,14,2,2,2,31,71,0,300,2,5
3343,,,5,2,2,3,53,97,300,420,3,5
3344,,,13,2,2,2,80,37,60,180,2,5
3345,,,14,2,2,1,57,5,300,420,3,5
3346,,,14,1,2,2,47,78,300,600,3,5
3347,,,4,2,2,1,30,6,60,180,4,5
3348,,,13,1,2,3,20,71,300,600,3,5
3349,,,13,2,2,1,37,79,180,300,4,5
3350,,,3,1,2,1,46,52,420,540,4,5
3351,,,3,2,2,1,59,50,300,420,1,5
3352,,,4,2,2,2,33,92,0,300,2,5
3353,,,12,2,2,2,39,95,0,300,3,5
3354,,,4,2,2,2,28,72,60,180,2,5
3355,,,8,2,2,1,96,96,180,300,3,5
3356,,,8,2,2,1,34,92,0,300,2,5
3357,,,11,2,2,1,49,59,300,420,2,5
3358,,,6,2,2,1,80,56,180,300,2,5
3359,,,4,2,2,1,76,21,180,300,3,5
3360,,,9,2,2,2,39,70,0,300,1,5
3361,,,8,2,2,1,49,40,60,180,1,5
3362,,,5,2,2,1,20,63,0,300,2,5
3363,,,14,2,2,3,43,49,0,300,4,5
3364,,,8,2,2,3,33,25,420,540,2,5
3365,,,13,1,2,3,34,73,300,600,3,5
3366,,,14,1,2,1,88,48,300,600,2,5
3367,,,9,2,2,3,80,52,0,300,2,5
3368,,,2,2,2,1,2,29,0,300,4,5
3369,,,7,1,2,3,41,45,420,540,3,5
3370,,,10,2,2,1,34,84,60,180,3,5
3371,,,10,1,2,3,2,100,420,540,2,5
3372,,,15,2,2,3,51,29,300,600,3,5
3373,,,5,1,2,1,83,41,300,600,2,5
3374,,,2,2,2,2,61,10,180,300,2,5
3375,,,12,2,2,2,54,59,0,300,1,5
3376,,,8,2,2,1,98,1,0,300,4,5
3377,,,4,2,2,2,4,59,420,540,1,5
3378,,,12,2,2,2,43,64,60,180,2,5
3379,,,15,1,2,1,97,14,300,600,1,5
3380,,,9,2,2,3,98,40,300,600,2,5
3381,,,9,2,2,2,94,58,420,540,1,5
3382,,,10,2,2,1,3,70,300,420,3,5
3383,,,8,2,2,1,94,86,180,300,2,5
3384,,,16,2,2,2,92,91,300,600,1,5
3385,,,9,1,2,3,36,70,300,600,2,5
3386,,,2,2,2,1,96,36,180,300,1,5
3387,,,2,1,2,2,53,74,420,540,1,5
3388,,,12,1,2,2,99,55,420,540,4,5
3389,,,14,1,2,3,52,63,420,540,1,5
3390,,,4,2,2,3,17,35,180,300,2,5
3391,,,17,2,2,3,78,46,420,540,1,5
3392,,,3,1,2,3,0,49,300,600,1,5
3393,,,15,1,2,1,16,27,300,600,3,5
3394,,,6,1,2,3,1,31,420,540,4,5
3395,,,10,2,2,3,27,91,60,180,1,5
3396,,,9,2,2,2,59,36,300,600,3,5
3397,,,16,2,2,2,21,95,0,300,2,5
3398,,,3,1,2,1,37,18,420,540,3,5
3399,,,4,1,2,1,6,46,300,600,3,5
3400,,,13,2,2,3,14,100,180,300,3,5
3401,,,4,1,2,3,74,92,420,540,1,5
3402,,,5,2,2,3,11,78,0,300,2,5
3403,,,3,1,2,1,23,100,300,600,4,5
3404,,,5,2,2,3,14,44,180,300,4,5
3405,,,3,1,2,2,95,41,420,540,1,5
3406,,,4,2,2,1,30,93,180,300,4,5
3407,,,11,2,2,1,81,36,300,600,1,5
3408,,,7,2,2,3,30,48,0,300,4,5
3409,,,15,2,2,3,8,39,420,540,1,5
3410,,,7,2,2,1,59,2,420,540,3,5
3411,,,8,2,2,1,20,92,0,300,2,5
3412,,,15,2,2,3,99,7,420,540,2,5
3413,,,14,2,2,1,89,21,0,300,2,5
3414,,,14,2,2,3,56,77,0,300,4,5
3415,,,14,2,2,3,16,50,420,540,3,5
3416,,,9,2,2,2,62,27,60,180,4,5
3417,,,14,2,2,1,87,45,0,300,1,5
3418,,,13,1,2,1,67,30,420,540,2,5
3419,,,12,2,2,3,71,14,60,180,4,5
3420,,,3,1,2,1,39,13,300,600,2,5
3421,,,13,2,2,1,18,99,300,420,3,5
3422,,,15,2,2,3,1,58,0,300,1,5
3423,,,6,1,2,1,3,96,420,540,4,5
3424,,,9,2,2,3,80,16,300,600,3,5
3425,,,5,2,2,3,86,19,180,300,2,5
3426,,,14,2,2,2,92,86,0,300,1,5
3427,,,8,2,2,2,36,16,0,300,3,5
3428,,,9,2,2,1,83,46,420,540,4,5
3429,,,7,1,2,1,28,64,300,600,1,5
3430,,,4,2,2,1,87,35,180,300,4,5
3431,,,6,2,2,2,9,40,420,540,3,5
3432,,,11,2,2,1,32,46,0,300,1,5
3433,,,2,2,2,3,77,98,60,180,4,5
3434,,,10,2,2,1,61,11,60,180,3,5
3435,,,12,1,2,1,20,18,300,600,2,5
3436,,,11,2,2,2,76,61,300,420,3,5
3437,,,2,2,2,1,59,29,60,180,4,5
3438,,,10,2,2,3,57,64,180,300,1,5
3439,,,7,2,2,2,64,33,180,300,2,5
3440,,,5,2,2,3,87,42,0,300,3,5
3441,,,7,1,2,2,79,31,300,600,2,5
3442,,,13,1,2,2,69,63,420,540,4,5
3443,,,17,2,2,3,0,43,60,180,2,5
3444,,,13,2,2,1,44,7,0,300,4,5
3445,,,7,2,2,1,82,78,420,540,1,5
3446,,,6,2,2,3,66,32,0,300,1,5
3447,,,15,2,2,1,36,97,300,420,3,5
3448,,,10,2,2,2,48,59,180,300,1,5
3449,,,14,2,2,1,73,32,60,180,4,5
3450,,,4,1,2,3,78,2,300,600,4,5
3451,,,4,1,2,2,26,49,420,540,4,5
3452,,,12,1,2,2,80,78,420,540,3,5
3453,,,2,2,2,1,93,23,180,300,2,5
3454,,,14,2,2,2,12,23,420,540,1,5
3455,,,4,1,2,3,30,91,300,600,4,5
3456,,,4,2,2,2,81,76,300,420,1,5
3457,,,6,2,2,1,45,25,60,180,1,5
3458,,,11,1,2,2,29,45,420,540,1,5
3459,,,11,1,2,1,83,9,300,600,4,5
3460,,,13,1,2,2,44,98,420,540,4,5
3461,,,7,2,2,3,90,37,300,420,3,5
3462,,,7,1,2,2,90,15,300,600,4,5
3463,,,12,2,2,1,45,26,180,300,4,5
3464,,,10,2,2,2,37,95,180,300,2,5
3465,,,12,2,2,2,56,0,420,540,2,5
3466,,,4,2,2,2,74,42,0,300,3,5
3467,,,10,2,2,1,34,21,0,300,2,5
3468,,,7,2,2,3,38,78,420,540,3,5
3469,,,12,2,2,2,62,62,420,540,3,5
3470,,,11,2,2,3,4,1,300,420,1,5
3471,,,13,2,2,3,70,27,180,300,4,5
3472,,,13,2,2,2,56,3,420,540,1,5
3473,,,5,2,2,3,97,13,0,300,1,5
3474,,,15,1,2,1,87,88,300,600,3,5
3475,,,2,1,2,2,33,86,300,600,1,5
3476,,,12,1,2,3,59,2,420,540,4,5
3477,,,14,2,2,1,59,76,420,540,3,5
3478,,,11,2,2,3,94,52,180,300,2,5
3479,,,12,2,2,1,73,7,60,180,3,5
3480,,,8,2,2,3,54,84,300,420,2,5
3481,,,6,2,2,2,99,15,420,540,4,5
3482,,,7,2,2,1,72,55,60,180,2,5
3483,,,12,2,2,1,88,68,300,420,2,5
3484,,,13,2,2,3,83,47,420,540,2,5
3485,,,8,2,2,3,1,21,300,600,4,5
3486,,,10,2,2,3,53,74,300,420,4,5
3487,,,2,2,2,1,74,2,180,300,2,5
3488,,,12,2,2,3,43,49,180,300,2,5
3489,,,6,1,2,1,91,13,300,600,3,5
3490,,,3,2,2,2,88,29,420,540,4,5
3491,,,5,1,2,3,35,35,420,540,4,5
3492,,,6,2,2,2,54,33,300,600,3,5
3493,,,7,2,2,3,67,31,420,540,4,5
3494,,,6,2,2,3,20,45,0,300,3,5
3495,,,14,2,2,3,48,4,420,540,3,5
3496,,,8,2,2,2,23,100,300,600,2,5
3497,,,4,2,2,3,85,64,0,300,1,5
3498,,,5,1,2,3,21,8,300,600,4,5
3499,,,14,2,2,1,95,14,0,300,3,5
3500,,,15,2,2,2,68,50,420,540,1,5
3501,,,7,1,2,1,27,75,300,600,4,5
3502,,,13,2,2,1,12,40,420,540,2,5
3503,,,11,1,2,3,7,84,300,600,4,5
3504,,,8,1,2,2,98,36,420,540,1,5
3505,,,8,2,2,3,14,85,0,300,2,5
3506,,,11,2,2,2,92,80,60,180,2,5
3507,,,3,1,2,1,75,70,300,600,3,5
3508,,,16,1,2,3,17,53,420,540,3,5
3509,,,10,2,2,1,31,35,180,300,4,5
3510,,,5,2,2,1,23,5,420,540,4,5
3511,,,13,2,2,3,54,89,420,540,2,5
3512,,,4,2,2,3,87,45,300,600,2,5
3513,,,14,2,2,3,82,67,180,300,2,5
3514,,,11,2,2,3,89,10,420,540,2,5
3515,,,12,1,2,2,25,46,420,540,1,5
3516,,,11,1,2,3,11,100,420,540,3,5
3517,,,7,2,2,3,78,48,60,180,3,5
3518,,,2,1,2,3,16,96,300,600,1,5
3519,,,2,2,2,3,58,57,300,420,2,5
3520,,,15,2,2,1,17,8,0,300,3,5
3521,,,4,2,2,1,14,95,0,300,4,5
3522,,,11,1,2,2,74,66,300,600,4,5
3523,,,16,2,2,3,75,87,0,300,3,5
3524,,,12,2,2,2,96,0,0,300,4,5
3525,,,11,1,2,2,85,74,300,600,1,5
3526,,,11,1,2,2,33,59,420,540,1,5
3527,,,8,1,2,3,69,73,300,600,4,5
3528,,,15,2,2,2,67,64,0,300,3,5
3529,,,9,2,2,2,32,12,180,300,1,5
3530,,,10,2,2,1,45,53,300,600,4,5
3531,,,3,2,2,2,81,56,300,420,1,5
3532,,,7,2,2,1,24,5,60,180,3,5
3533,,,9,2,2,1,99,93,60,180,3,5
3534,,,12,2,2,2,68,3,60,180,2,5
3535,,,8,2,2,1,38,2,60,180,4,5
3536,,,2,1,2,2,17,75,300,600,4,5
3537,,,8,2,2,1,78,5,0,300,2,5
3538,,,4,2,2,2,80,67,300,600,2,5
3539,,,10,2,2,2,9,42,420,540,2,5
3540,,,2,1,2,3,12,30,300,600,2,5
3541,,,15,2,2,1,28,50,300,420,4,5
3542,,,3,2,2,1,13,62,180,300,1,5
3543,,,15,2,2,3,41,48,180,300,1,5
3544,,,10,2,2,1,87,79,60,180,3,5
3545,,,3,2,2,3,36,73,420,540,1,5
3546,,,9,2,2,3,72,89,180,300,4,5
3547,,,14,2,2,2,22,97,420,540,1,5
3548,,,8,2,2,3,87,72,300,420,4,5
3549,,,16,2,2,3,3,41,420,540,2,5
3550,,,7,2,2,2,58,62,180,300,3,5
3551,,,15,2,2,2,58,18,60,180,4,5
3552,,,2,2,2,1,33,96,300,420,3,5
3553,,,13,2,2,1,14,8,0,300,2,5
3554,,,14,1,2,1,26,32,300,600,2,5
3555,,,12,1,2,3,23,92,300,600,4,5
3556,,,15,1,2,2,70,46,300,600,3,5
3557,,,12,1,2,3,20,47,300,600,1,5
3558,,,12,2,2,1,94,73,60,180,4,5
3559,,,4,2,2,1,42,34,420,540,3,5
3560,,,7,1,2,2,76,7,420,540,1,5
3561,,,7,2,2,3,93,65,300,600,3,5
3562,,,3,2,2,2,37,24,180,300,3,5
3563,,,4,2,2,1,89,49,180,300,4,5
3564,,,2,2,2,1,6,100,0,300,3,5
3565,,,10,1,2,2,54,36,420,540,4,5
3566,,,9,2,2,1,66,67,60,180,3,5
3567,,,9,2,2,3,28,64,60,180,1,5
3568,,,8,1,2,2,11,0,300,600,4,5
3569,,,7,1,2,3,99,55,300,600,3,5
3570,,,15,2,2,3,45,47,0,300,3,5
3571,,,11,2,2,1,58,4,420,540,2,5
3572,,,14,1,2,2,99,14,420,540,4,5
3573,,,10,2,2,1,51,16,420,540,1,5
3574,,,4,2,2,2,5,57,180,300,3,5
3575,,,13,2,2,2,5,70,0,300,4,5
3576,,,10,2,2,1,21,67,180,300,1,5
3577,,,6,1,2,1,25,13,420,540,4,5
3578,,,15,2,2,1,39,8,60,180,3,5
3579,,,13,2,2,1,27,55,420,540,3,5
3580,,,8,2,2,2,55,76,420,540,3,5
3581,,,6,2,2,3,58,56,300,600,1,5
3582,,,13,2,2,3,86,60,300,600,3,5
3583,,,8,2,2,3,20,85,300,420,2,5
3584,,,4,2,2,1,95,60,60,180,3,5
3585,,,7,1,2,2,56,32,300,600,3,5
3586,,,9,2,2,3,30,44,300,600,3,5
3587,,,10,2,2,3,76,25,420,540,3,5
3588,,,3,2,2,3,16,10,300,600,3,5
3589,,,10,1,2,2,58,65,420,540,2,5
3590,,,10,1,2,3,40,1,300,600,4,5
3591,,,10,2,2,2,22,4,420,540,4,5
3592,,,4,2,2,3,82,93,60,180,3,5
3593,,,16,2,2,2,42,6,0,300,1,5
3594,,,17,2,2,1,9,81,60,180,3,5
3595,,,9,2,2,3,34,15,60,180,3,5
3596,,,7,2,2,1,45,99,420,540,3,5
3597,,,4,1,2,3,36,19,420,540,1,5
3598,,,11,2,2,1,86,39,420,540,2,5
3599,,,5,2,2,1,88,55,420,540,2,5
3600,,,2,2,2,1,79,60,60,180,3,5
3601,,,12,2,2,3,88,82,180,300,4,5
3602,,,15,2,2,2,54,3,60,180,2,5
3603,,,2,2,2,2,92,65,180,300,1,5
3604,,,7,2,2,1,25,75,300,420,3,5
3605,,,6,2,2,2,36,80,180,300,2,5
3606,,,2,2,2,1,87,56,420,540,3,5
3607,,,8,2,2,2,15,93,60,180,1,5
3608,,,15,2,2,2,58,63,0,300,3,5
3609,,,3,2,2,1,31,69,420,540,1,5
3610,,,5,2,2,2,37,61,300,420,3,5
3611,,,10,2,2,2,46,80,60,180,1,5
3612,,,7,2,2,1,64,78,180,300,2,5
3613,,,13,1,2,1,38,5,300,600,4,5
3614,,,3,1,2,3,73,36,420,540,3,5
3615,,,15,2,2,2,4,68,420,540,1,5
3616,,,7,2,2,1,55,68,420,540,4,5
3617,,,8,2,2,2,68,67,60,180,2,5
3618,,,15,2,2,1,40,56,60,180,2,5
3619,,,6,2,2,1,4,17,300,600,4,5
3620,,,8,2,2,1,96,28,180,300,3,5
3621,,,12,2,2,3,77,13,60,180,1,5
3622,,,12,2,2,1,10,91,60,180,1,5
3623,,,9,2,2,1,20,70,180,300,3,5
3624,,,15,2,2,3,89,79,180,300,1,5
3625,,,9,2,2,3,55,65,180,300,3,5
3626,,,8,2,2,1,57,8,420,540,4,5
3627,,,5,2,2,1,70,6,0,300,3,5
3628,,,6,2,2,1,62,73,420,540,2,5
3629,,,11,2,2,3,82,79,420,540,2,5
3630,,,9,2,2,2,35,38,300,600,1,5
3631,,,14,2,2,3,78,32,0,300,1,5
3632,,,6,2,2,1,60,7,420,540,2,5
3633,,,13,1,2,2,94,77,420,540,2,5
3634,,,3,1,2,2,52,28,420,540,1,5
3635,,,5,1,2,2,62,73,300,600,3,5
3636,,,6,2,2,2,4,0,60,180,4,5
3637,,,8,1,2,1,68,17,420,540,3,5
3638,,,6,1,2,2,44,8,300,600,4,5
3639,,,10,2,2,2,86,4,60,180,2,5
3640,,,5,2,2,2,65,22,0,300,1,5
3641,,,2,1,2,2,42,45,420,540,2,5
3642,,,8,1,2,1,99,3,420,540,1,5
3643,,,5,2,2,3,87,83,420,540,2,5
3644,,,12,2,2,3,1,70,420,540,1,5
3645,,,14,2,2,2,56,83,180,300,1,5
3646,,,12,2,2,2,70,23,0,300,4,5
3647,,,10,2,2,3,28,26,0,300,4,5
3648,,,3,2,2,3,61,90,300,600,2,5
3649,,,10,1,2,1,83,30,300,600,3,5
3650,,,1,1,2,1,91,57,300,600,2,5
3651,,,10,1,2,2,100,15,300,600,1,5
3652,,,11,1,2,2,1,24,300,600,2,5
3653,,,11,2,2,1,9,100,180,300,3,5
3654,,,6,2,2,1,73,33,300,600,3,5
3655,,,5,2,2,1,11,79,300,600,4,5
3656,,,6,2,2,3,83,88,180,300,4,5
3657,,,10,2,2,3,45,46,420,540,1,5
3658,,,7,1,2,2,92,71,300,600,4,5
3659,,,4,2,2,3,87,35,300,600,4,5
3660,,,6,2,2,1,35,99,180,300,2,5
3661,,,11,2,2,3,26,79,180,300,4,5
3662,,,12,1,2,2,99,85,300,600,4,5
3663,,,8,2,2,2,69,93,60,180,4,5
3664,,,10,2,2,2,89,88,60,180,3,5
3665,,,16,1,2,1,37,76,300,600,3,5
3666,,,2,2,2,1,15,80,60,180,1,5
3667,,,12,2,2,1,82,14,420,540,2,5
3668,,,6,2,2,2,96,36,60,180,4,5
3669,,,7,1,2,1,78,54,300,600,4,5
3670,,,9,2,2,3,49,67,0,300,2,5
3671,,,12,2,2,1,98,84,420,540,1,5
3672,,,7,2,2,1,9,93,180,300,2,5
3673,,,11,2,2,2,27,89,300,420,1,5
3674,,,3,2,2,1,15,62,60,180,1,5
3675,,,4,2,2,2,87,64,180,300,3,5
3676,,,4,2,2,3,99,64,420,540,3,5
3677,,,5,1,2,1,78,4,420,540,2,5
3678,,,12,1,2,1,46,30,420,540,4,5
3679,,,9,2,2,1,7,83,300,420,4,5
3680,,,12,2,2,1,44,39,60,180,3,5
3681,,,2,2,2,3,34,13,420,540,1,5
3682,,,2,2,2,3,12,55,180,300,1,5
3683,,,5,2,2,2,66,71,60,180,1,5
3684,,,13,2,2,2,70,99,60,180,2,5
3685,,,11,2,2,3,43,9,60,180,2,5
3686,,,9,2,2,1,18,63,420,540,3,5
3687,,,9,2,2,3,81,2,180,300,1,5
3688,,,7,2,2,1,22,15,0,300,4,5
3689,,,15,2,2,3,56,21,420,540,4,5
3690,,,12,1,2,1,13,77,420,540,3,5
3691,,,15,1,2,1,91,35,300,600,3,5
3692,,,5,1,2,2,99,3,300,600,3,5
3693,,,2,1,2,3,66,21,420,540,1,5
3694,,,13,2,2,1,29,85,180,300,2,5
3695,,,7,2,2,1,25,21,0,300,3,5
3696,,,3,2,2,1,41,77,0,300,1,5
3697,,,6,2,2,2,23,69,300,420,1,5
3698,,,11,1,2,2,29,49,420,540,3,5
3699,,,8,2,2,2,43,56,180,300,2,5
3700,,,3,2,2,2,4,52,420,540,4,5
3701,,,9,2,2,3,14,83,300,600,1,5
3702,,,15,2,2,2,39,90,180,300,2,5
3703,,,7,1,2,2,77,67,420,540,3,5
3704,,,7,2,2,2,19,64,0,300,3,5
3705,,,10,2,2,3,10,80,180,300,2,5
3706,,,2,1,2,3,63,88,420,540,2,5
3707,,,5,2,2,2,0,95,420,540,1,5
3708,,,6,1,2,2,27,6,420,540,4,5
3709,,,9,2,2,2,59,66,300,600,1,5
3710,,,9,2,2,2,64,79,60,180,4,5
3711,,,2,1,2,2,83,60,300,600,2,5
3712,,,5,2,2,1,7,54,420,540,3,5
3713,,,9,2,2,3,65,15,420,540,3,5
3714,,,14,2,2,1,80,43,60,180,1,5
3715,,,16,2,2,2,8,45,300,420,2,5
3716,,,9,2,2,3,59,36,300,600,2,5
3717,,,12,2,2,1,92,62,420,540,2,5
3718,,,15,1,2,1,96,87,420,540,3,5
3719,,,8,2,2,2,74,98,60,180,1,5
3720,,,10,2,2,1,28,33,180,300,4,5
3721,,,10,1,2,3,98,39,300,600,4,5
3722,,,16,2,2,3,30,96,0,300,1,5
3723,,,3,1,2,3,96,48,420,540,2,5
3724,,,5,2,2,1,47,65,180,300,4,5
3725,,,10,1,2,1,89,25,300,600,4,5
3726,,,4,2,2,3,77,92,420,540,3,5
3727,,,3,2,2,1,72,6,0,300,1,5
3728,,,8,2,2,2,55,29,420,540,1,5
3729,,,6,2,2,3,61,5,300,420,1,5
3730,,,5,2,2,3,35,9,300,600,2,5
3731,,,4,2,2,1,53,80,0,300,4,5
3732,,,13,2,2,1,66,0,420,540,2,5
3733,,,10,2,2,3,44,90,300,420,1,5
3734,,,9,2,2,2,71,27,420,540,2,5
3735,,,15,2,2,2,41,12,60,180,2,5
3736,,,8,2,2,3,13,58,300,600,1,5
3737,,,15,1,2,1,64,92,300,600,1,5
3738,,,14,2,2,1,57,36,420,540,4,5
3739,,,17,2,2,3,49,18,300,420,4,5
3740,,,14,2,2,1,70,78,300,600,1,5
3741,,,11,2,2,3,87,90,60,180,4,5
3742,,,9,1,2,1,62,50,420,540,2,5
3743,,,6,2,2,3,82,48,0,300,1,5
3744,,,14,2,2,3,89,13,180,300,4,5
3745,,,15,2,2,3,38,75,180,300,2,5
3746,,,10,2,2,1,45,24,420,540,1,5
3747,,,6,2,2,3,29,39,420,540,1,5
3748,,,10,2,2,2,93,17,0,300,1,5
3749,,,12,2,2,2,20,27,420,540,2,5
3750,,,16,2,2,1,64,60,0,300,4,5
3751,,,15,2,2,3,61,84,0,300,1,5
3752,,,3,2,2,1,42,74,300,420,1,5
3753,,,15,1,2,2,78,0,300,600,4,5
3754,,,7,2,2,1,83,3,300,600,3,5
3755,,,5,1,2,3,21,28,420,540,3,5
3756,,,2,2,2,1,0,4,180,300,2,5
3757,,,11,2,2,3,73,10,420,540,1,5
3758,,,2,2,2,2,91,50,420,540,1,5
3759,,,11,1,2,3,88,17,420,540,2,5
3760,,,9,1,2,2,48,87,420,540,4,5
3761,,,10,1,2,3,46,10,300,600,3,5
3762,,,4,2,2,2,3,54,300,600,4,5
3763,,,4,1,2,1,34,34,300,600,4,5
3764,,,6,1,2,1,46,96,420,540,2,5
3765,,,7,2,2,2,15,53,0,300,4,5
3766,,,15,1,2,2,68,9,300,600,2,5
3767,,,14,2,2,2,97,78,0,300,2,5
3768,,,3,1,2,1,45,100,420,540,1,5
3769,,,11,2,2,2,10,0,300,600,4,5
3770,,,10,1,2,3,51,18,300,600,3,5
3771,,,10,1,2,2,60,88,300,600,3,5
3772,,,11,2,2,1,76,2,300,600,2,5
3773,,,12,2,2,3,84,31,180,300,3,5
3774,,,11,2,2,2,31,44,0,300,3,5
3775,,,9,2,2,1,13,21,420,540,2,5
3776,,,7,1,2,2,41,72,420,540,4,5
3777,,,9,2,2,1,19,92,420,540,1,5
3778,,,4,2,2,3,64,32,0,300,2,5
3779,,,13,2,2,3,28,3,420,540,2,5
3780,,,13,2,2,1,22,83,60,180,2,5
3781,,,10,1,2,2,95,55,300,600,3,5
3782,,,4,1,2,1,82,8,420,540,2,5
3783,,,5,2,2,3,85,67,180,300,1,5
3784,,,10,2,2,3,76,84,420,540,2,5
3785,,,11,2,2,1,58,10,420,540,2,5
3786,,,13,2,2,3,29,75,60,180,1,5
3787,,,5,2,2,3,89,15,300,420,3,5
3788,,,11,2,2,1,6,3,180,300,4,5
3789,,,2,2,2,1,18,4,300,600,1,5
3790,,,12,2,2,2,16,21,0,300,2,5
3791,,,3,2,2,1,3,2,60,180,1,5
3792,,,16,2,2,3,37,51,0,300,1,5
3793,,,4,1,2,2,73,24,300,600,2,5
3794,,,6,1,2,1,28,79,420,540,2,5
3795,,,11,2,2,3,33,85,60,180,2,5
3796,,,12,2,2,3,100,42,0,300,4,5
3797,,,16,2,2,3,71,10,420,540,1,5
3798,,,2,1,2,3,6,31,300,600,3,5
3799,,,16,2,2,3,97,48,0,300,4,5
3800,,,5,2,2,1,40,2,0,300,4,5
3801,,,17,2,2,1,47,48,420,540,4,5
3802,,,3,2,2,3,35,76,180,300,2,5
3803,,,7,2,2,1,65,36,420,540,4,5
3804,,,7,2,2,3,80,55,300,600,3,5
3805,,,7,2,2,1,20,65,420,540,2,5
3806,,,14,2,2,3,26,59,420,540,4,5
3807,,,13,2,2,2,21,99,180,300,4,5
3808,,,7,2,2,3,45,56,0,300,4,5
3809,,,14,2,2,1,79,58,60,180,1,5
3810,,,4,2,2,2,57,32,0,300,3,5
3811,,,15,2,2,1,33,39,60,180,1,5
3812,,,15,2,2,3,20,82,0,300,2,5
3813,,,15,1,2,1,66,57,300,600,3,5
3814,,,7,2,2,2,21,60,60,180,4,5
3815,,,4,2,2,3,31,86,0,300,1,5
3816,,,9,2,2,3,97,65,0,300,2,5
3817,,,5,1,2,3,19,20,300,600,3,5
3818,,,12,2,2,2,38,81,0,300,3,5
3819,,,10,2,2,2,32,85,420,540,3,5
3820,,,12,2,2,1,22,87,300,420,1,5
3821,,,7,2,2,2,41,10,60,180,1,5
3822,,,8,2,2,1,7,89,300,600,2,5
3823,,,11,2,2,1,63,10,60,180,4,5
3824,,,9,2,2,3,78,19,60,180,3,5
3825,,,14,2,2,2,3,42,300,420,2,5
3826,,,6,1,2,1,76,41,300,600,4,5
3827,,,13,2,2,2,55,44,0,300,4,5
3828,,,5,1,2,3,22,15,420,540,2,5
3829,,,7,1,2,2,88,17,300,600,4,5
3830,,,4,2,2,1,85,69,60,180,1,5
3831,,,14,2,2,2,84,20,60,180,4,5
3832,,,13,2,2,2,73,51,60,180,1,5
3833,,,15,2,2,1,54,16,420,540,1,5
3834,,,8,2,2,3,98,25,420,540,2,5
3835,,,14,1,2,2,48,34,420,540,3,5
3836,,,4,2,2,3,30,51,420,540,3,5
3837,,,9,2,2,2,83,45,420,540,4,5
3838,,,5,2,2,1,14,88,420,540,4,5
3839,,,16,2,2,1,88,49,180,300,3,5
3840,,,10,1,2,2,4,30,420,540,3,5
3841,,,8,2,2,2,98,35,180,300,3,5
3842,,,6,2,2,2,84,23,420,540,3,5
3843,,,4,2,2,1,3,66,300,600,2,5
3844,,,8,2,2,1,17,18,180,300,2,5
3845,,,7,2,2,1,30,38,300,600,1,5
3846,,,12,1,2,2,17,73,420,540,1,5
3847,,,10,2,2,3,81,75,180,300,4,5
3848,,,8,2,2,1,63,48,60,180,1,5
3849,,,10,2,2,3,37,7,60,180,4,5
3850,,,13,1,2,3,28,51,420,540,1,5
3851,,,12,2,2,3,82,31,420,540,2,5
3852,,,15,1,2,1,37,46,420,540,3,5
3853,,,10,2,2,1,3,0,0,300,4,5
3854,,,4,2,2,3,0,82,420,540,3,5
3855,,,8,2,2,3,24,53,420,540,3,5
3856,,,11,2,2,1,77,14,0,300,3,5
3857,,,11,2,2,3,77,35,300,600,3,5
3858,,,12,1,2,2,53,82,420,540,1,5
3859,,,8,2,2,1,53,39,180,300,1,5
3860,,,14,2,2,2,20,69,420,540,3,5
3861,,,2,1,2,1,6,9,420,540,2,5
3862,,,3,2,2,2,62,30,0,300,3,5
3863,,,12,2,2,3,62,24,300,420,2,5
3864,,,8,2,2,1,47,67,300,600,4,5
3865,,,5,1,2,1,87,17,420,540,2,5
3866,,,8,2,2,3,26,5,420,540,4,5
3867,,,6,2,2,3,36,100,180,300,4,5
3868,,,14,1,2,3,81,41,420,540,1,5
3869,,,16,2,2,3,56,44,420,540,4,5
3870,,,6,2,2,2,95,34,0,300,3,5
3871,,,4,1,2,2,27,95,300,600,4,5
3872,,,9,2,2,1,97,44,420,540,3,5
3873,,,8,2,2,2,48,39,180,300,1,5
3874,,,13,2,2,3,100,20,180,300,2,5
3875,,,16,2,2,3,8,40,60,180,2,5
3876,,,9,2,2,1,82,74,300,420,1,5
3877,,,9,1,2,2,43,50,300,600,4,5
3878,,,7,2,2,1,6,55,300,600,3,5
3879,,,7,2,2,3,77,23,300,600,3,5
3880,,,11,2,2,3,8,87,60,180,2,5
3881,,,2,1,2,3,86,94,420,540,3,5
3882,,,2,1,2,1,28,71,420,540,3,5
3883,,,12,2,2,1,77,63,300,420,2,5
3884,,,14,2,2,2,41,32,420,540,3,5
3885,,,9,1,2,1,91,85,300,600,4,5
3886,,,10,2,2,1,99,71,300,420,2,5
3887,,,11,1,2,2,27,13,300,600,4,5
3888,,,5,1,2,3,69,8,300,600,2,5
3889,,,10,1,2,1,4,84,420,540,2,5
3890,,,17,2,2,3,99,70,0,300,4,5
3891,,,4,2,2,2,45,11,180,300,1,5
3892,,,7,2,2,3,67,45,300,420,1,5
3893,,,7,2,2,3,68,86,180,300,3,5
3894,,,14,2,2,1,48,28,0,300,3,5
3895,,,12,1,2,2,83,58,300,600,4,5
3896,,,6,2,2,3,49,66,420,540,3,5
3897,,,3,2,2,1,86,19,180,300,3,5
3898,,,5,2,2,1,29,96,420,540,3,5
3899,,,2,2,2,1,12,74,60,180,2,5
3900,,,9,2,2,3,27,76,0,300,1,5
3901,,,8,2,2,1,54,0,60,180,3,5
3902,,,14,1,2,3,24,29,420,540,2,5
3903,,,6,2,2,2,97,27,300,420,1,5
3904,,,7,2,2,1,61,52,420,540,2,5
3905,,,14,1,2,2,9,22,300,600,1,5
3906,,,4,2,2,1,20,15,420,540,3,5
3907,,,12,2,2,2,13,24,420,540,3,5
3908,,,6,2,2,2,73,80,0,300,3,5
3909,,,7,1,2,3,92,10,420,540,1,5
3910,,,4,2,2,2,81,35,300,420,3,5
3911,,,15,2,2,1,57,92,60,180,4,5
3912,,,11,1,2,3,1,58,300,600,2,5
3913,,,14,1,2,2,51,53,300,600,2,5
3914,,,16,2,2,3,45,33,60,180,1,5
3915,,,12,1,2,3,15,37,300,600,1,5
3916,,,9,1,2,1,80,0,300,600,3,5
3917,,,11,2,2,2,15,100,60,180,3,5
3918,,,7,2,2,3,90,8,300,420,3,5
3919,,,8,2,2,3,72,76,60,180,1,5
3920,,,7,1,2,1,6,78,420,540,3,5
3921,,,14,2,2,1,25,91,180,300,2,5
3922,,,8,2,2,3,79,17,0,300,3,5
3923,,,4,1,2,1,51,87,300,600,3,5
3924,,,14,1,2,3,42,92,420,540,2,5
3925,,,9,2,2,3,92,95,180,300,4,5
3926,,,9,2,2,2,60,69,60,180,3,5
3927,,,13,2,2,3,29,35,60,180,1,5
3928,,,7,2,2,2,31,25,420,540,3,5
3929,,,8,1,2,3,40,40,300,600,1,5
3930,,,16,2,2,1,94,14,60,180,1,5
3931,,,2,2,2,3,37,16,420,540,4,5
3932,,,10,1,2,2,78,72,300,600,4,5
3933,,,15,2,2,2,67,90,180,300,4,5
3934,,,5,2,2,2,88,89,300,420,4,5
3935,,,11,1,2,3,65,50,420,540,3,5
3936,,,7,1,2,2,35,94,420,540,1,5
3937,,,8,1,2,3,14,50,300,600,2,5
3938,,,9,2,2,3,93,75,420,540,4,5
3939,,,12,2,2,2,23,69,60,180,3,5
3940,,,12,2,2,1,99,25,180,300,2,5
3941,,,13,2,2,2,55,54,180,300,2,5
3942,,,7,2,2,1,98,51,420,540,3,5
3943,,,9,1,2,3,45,62,420,540,3,5
3944,,,15,2,2,2,48,25,420,540,4,5
3945,,,10,2,2,1,55,23,0,300,2,5
3946,,,15,1,2,2,5,1,420,540,2,5
3947,,,14,1,2,2,52,26,420,540,4,5
3948,,,15,2,2,1,79,82,420,540,3,5
3949,,,5,1,2,3,30,6,420,540,3,5
3950,,,10,2,2,2,28,100,300,420,1,5
3951,,,3,2,2,3,88,22,420,540,4,5
3952,,,16,2,2,1,7,0,60,180,3,5
3953,,,9,2,2,3,95,31,0,300,3,5
3954,,,2,1,2,3,79,30,300,600,1,5
3955,,,14,1,2,3,52,37,300,600,4,5
3956,,,13,2,2,3,73,46,60,180,4,5
3957,,,5,2,2,1,25,67,180,300,2,5
3958,,,13,2,2,2,99,0,180,300,1,5
3959,,,3,2,2,1,35,94,0,300,2,5
3960,,,14,1,2,2,97,36,420,540,1,5
3961,,,10,1,2,1,0,30,300,600,3,5
3962,,,3,2,2,3,34,82,60,180,2,5
3963,,,4,2,2,3,85,24,60,180,2,5
3964,,,9,2,2,2,13,8,300,600,3,5
3965,,,9,1,2,1,78,7,300,600,4,5
3966,,,4,2,2,2,42,41,60,180,1,5
3967,,,14,1,2,3,34,23,420,540,3,5
3968,,,5,2,2,1,29,41,420,540,3,5
3969,,,15,2,2,3,28,92,300,420,4,5
3970,,,15,2,2,1,55,14,60,180,2,5
3971,,,12,2,2,3,11,19,60,180,4,5
3972,,,14,2,2,3,33,21,60,180,3,5
3973,,,4,2,2,3,89,28,60,180,4,5
3974,,,3,2,2,1,22,48,60,180,3,5
3975,,,8,2,2,3,99,51,300,420,4,5
3976,,,2,2,2,1,85,65,0,300,1,5
3977,,,12,2,2,3,0,56,180,300,4,5
3978,,,15,2,2,3,43,66,60,180,4,5
3979,,,9,2,2,3,81,43,0,300,4,5
3980,,,5,2,2,3,6,54,0,300,2,5
3981,,,13,2,2,2,88,32,180,300,4,5
3982,,,9,1,2,2,52,66,420,540,3,5
3983,,,5,2,2,3,34,52,0,300,4,5
3984,,,12,1,2,3,48,14,300,600,1,5
3985,,,15,2,2,3,73,38,60,180,4,5
3986,,,11,2,2,3,54,23,420,540,1,5
3987,,,12,2,2,3,30,39,60,180,3,5
3988,,,15,1,2,1,37,43,300,600,4,5
3989,,,10,2,2,2,100,59,60,180,3,5
3990,,,13,1,2,1,67,17,420,540,1,5
3991,,,13,2,2,1,88,41,420,540,4,5
3992,,,14,2,2,3,67,26,300,600,2,5
3993,,,12,2,2,2,76,31,180,300,2,5
3994,,,7,2,2,2,11,79,300,600,2,5
3995,,,3,2,2,1,58,1,300,420,4,5
3996,,,9,2,2,1,59,100,420,540,1,5
3997,,,14,2,2,1,48,73,420,540,4,5
3998,,,6,2,2,3,92,30,300,420,1,5
3999,,,13,2,2,1,11,89,60,180,1,5
4000,,,6,2,2,3,63,89,60,180,2,5
4001,,,10,1,2,2,63,22,300,600,4,5
4002,,,9,2,2,2,45,75,180,300,3,5
4003,,,11,2,2,3,82,43,300,420,4,5
4004,,,7,2,2,2,34,82,300,600,1,5
4005,,,14,2,2,3,1,78,420,540,4,5
4006,,,12,2,2,3,71,95,180,300,4,5
4007,,,13,2,2,2,18,65,300,600,2,5
4008,,,4,1,2,1,78,95,420,540,1,5
4009,,,8,2,2,1,2,21,420,540,1,5
4010,,,11,1,2,1,13,67,420,540,3,5
4011,,,14,2,2,1,78,72,0,300,2,5
4012,,,12,2,2,1,64,3,180,300,4,5
4013,,,8,2,2,1,62,45,60,180,4,5
4014,,,13,2,2,1,16,74,180,300,3,5
4015,,,11,2,2,3,56,8,0,300,2,5
4016,,,14,2,2,2,22,35,60,180,3,5
4017,,,2,1,2,2,72,13,300,600,4,5
4018,,,1,1,2,1,49,67,420,540,2,5
4019,,,13,2,2,1,85,69,0,300,1,5
4020,,,5,2,2,3,28,46,0,300,3,5
4021,,,3,2,2,1,93,28,300,600,3,5
4022,,,15,2,2,3,18,86,300,420,3,5
4023,,,12,2,2,2,70,24,60,180,4,5
4024,,,8,2,2,1,58,70,300,420,2,5
4025,,,13,2,2,2,25,44,0,300,2,5
4026,,,14,2,2,2,71,41,60,180,4,5
4027,,,12,2,2,2,52,94,300,420,1,5
4028,,,11,2,2,3,41,96,300,420,3,5
4029,,,14,1,2,2,20,66,420,540,1,5
4030,,,16,2,2,2,12,54,0,300,4,5
4031,,,3,2,2,3,62,44,180,300,3,5
4032,,,5,2,2,1,47,13,180,300,2,5
4033,,,9,2,2,3,50,37,60,180,2,5
4034,,,6,2,2,2,80,81,60,180,3,5
4035,,,14,2,2,1,99,30,0,300,4,5
4036,,,8,2,2,3,16,24,60,180,2,5
4037,,,7,2,2,2,47,45,180,300,4,5
4038,,,8,1,2,1,74,57,300,600,2,5
4039,,,10,2,2,3,64,63,0,300,1,5
4040,,,4,2,2,1,64,62,0,300,3,5
4041,,,5,2,2,1,53,34,300,600,1,5
4042,,,15,1,2,3,82,10,420,540,2,5
4043,,,5,2,2,3,2,24,60,180,3,5
4044,,,14,2,2,1,49,12,60,180,4,5
4045,,,14,2,2,1,30,25,60,180,2,5
4046,,,13,2,2,3,100,8,300,420,2,5
4047,,,13,2,2,2,21,36,300,420,1,5
4048,,,14,1,2,2,100,31,300,600,1,5
4049,,,4,2,2,3,76,8,180,300,2,5
4050,,,6,2,2,3,61,81,180,300,3,5
4051,,,15,2,2,3,48,70,0,300,2,5
4052,,,13,2,2,3,84,48,420,540,3,5
4053,,,13,2,2,1,62,28,420,540,4,5
4054,,,6,2,2,2,26,55,0,300,3,5
4055,,,8,2,2,1,28,64,0,300,3,5
4056,,,1,1,2,3,44,100,300,600,2,5
4057,,,9,2,2,3,25,82,420,540,2,5
4058,,,15,2,2,2,20,93,60,180,1,5
4059,,,14,2,2,1,100,71,60,180,4,5
4060,,,1,1,2,3,84,86,300,600,3,5
4061,,,8,2,2,2,62,78,420,540,2,5
4062,,,10,2,2,3,58,18,180,300,3,5
4063,,,5,1,2,3,82,95,420,540,4,5
4064,,,14,1,2,3,79,24,300,600,1,5
4065,,,12,1,2,3,89,54,300,600,3,5
4066,,,4,1,2,3,36,44,300,600,2,5
4067,,,8,2,2,1,23,78,420,540,3,5
4068,,,4,2,2,3,94,18,300,420,3,5
4069,,,7,1,2,1,68,0,300,600,2,5
4070,,,5,2,2,2,73,2,180,300,2,5
4071,,,1,1,2,2,22,70,420,540,4,5
4072,,,2,2,2,2,81,39,300,420,1,5
4073,,,14,2,2,1,55,1,60,180,4,5
4074,,,4,2,2,3,55,17,0,300,2,5
4075,,,16,1,2,1,85,49,420,540,2,5
4076,,,9,2,2,1,63,94,0,300,4,5
4077,,,8,2,2,3,37,29,420,540,2,5
4078,,,2,2,2,2,14,8,420,540,3,5
4079,,,5,2,2,2,62,4,60,180,3,5
4080,,,16,2,2,1,9,26,180,300,2,5
4081,,,3,2,2,2,94,20,420,540,3,5
4082,,,16,2,2,3,11,47,300,420,2,5
4083,,,10,2,2,1,75,50,420,540,4,5
4084,,,5,2,2,1,80,57,300,600,3,5
4085,,,3,1,2,1,77,89,300,600,4,5
4086,,,2,2,2,3,38,47,180,300,4,5
4087,,,13,2,2,3,73,42,180,300,3,5
4088,,,11,1,2,1,66,96,420,540,1,5
4089,,,4,2,2,3,43,60,420,540,4,5
4090,,,9,2,2,2,3,44,0,300,1,5
4091,,,7,2,2,1,47,2,60,180,1,5
4092,,,3,2,2,3,23,31,420,540,2,5
4093,,,5,2,2,3,66,80,0,300,3,5
4094,,,4,2,2,1,80,52,180,300,1,5
4095,,,3,2,2,3,51,81,300,600,2,5
4096,,,3,2,2,1,80,50,0,300,2,5
4097,,,10,1,2,3,63,78,300,600,3,5
4098,,,15,2,2,1,32,47,300,600,3,5
4099,,,11,2,2,3,8,37,300,600,3,5
4100,,,9,1,2,2,65,27,420,540,3,5
4101,,,13,2,2,3,85,4,60,180,3,5
4102,,,12,2,2,2,47,25,420,540,1,5
4103,,,6,2,2,1,91,91,180,300,1,5
4104,,,3,2,2,3,13,72,420,540,1,5
4105,,,8,2,2,2,39,7,420,540,2,5
4106,,,15,1,2,2,0,24,300,600,4,5
4107,,,6,2,2,3,2,79,180,300,4,5
4108,,,6,2,2,1,74,97,0,300,3,5
4109,,,11,2,2,3,37,74,300,600,1,5
4110,,,14,1,2,3,39,71,420,540,3,5
4111,,,8,2,2,2,71,15,180,300,4,5
4112,,,12,1,2,2,58,14,300,600,3,5
4113,,,4,2,2,1,95,42,0,300,1,5
4114,,,9,2,2,3,76,29,300,600,4,5
4115,,,10,1,2,1,80,22,420,540,4,5
4116,,,14,2,2,3,22,64,300,600,3,5
4117,,,12,2,2,2,96,44,180,300,1,5
4118,,,15,2,2,2,45,85,180,300,1,5
4119,,,14,2,2,1,19,16,60,180,3,5
4120,,,16,2,2,3,29,5,300,420,1,5
4121,,,5,2,2,3,16,77,300,420,1,5
4122,,,12,1,2,2,68,54,300,600,3,5
4123,,,12,2,2,1,76,32,300,600,2,5
4124,,,3,1,2,3,66,5,300,600,1,5
4125,,,16,2,2,2,57,98,180,300,4,5
4126,,,2,2,2,2,61,98,60,180,2,5
4127,,,3,2,2,2,34,18,420,540,2,5
4128,,,16,2,2,1,3,64,300,420,1,5
4129,,,14,2,2,3,9,6,60,180,2,5
4130,,,4,2,2,3,85,65,420,540,4,5
4131,,,17,2,2,3,49,22,180,300,4,5
4132,,,15,2,2,2,44,9,420,540,2,5
4133,,,14,2,2,3,88,53,180,300,2,5
4134,,,12,1,2,1,34,88,420,540,3,5
4135,,,14,2,2,3,32,1,60,180,2,5
4136,,,7,2,2,1,34,1,0,300,3,5
4137,,,8,2,2,1,17,67,0,300,3,5
4138,,,11,2,2,1,34,0,420,540,3,5
4139,,,9,2,2,1,21,60,60,180,2,5
4140,,,15,2,2,2,4,40,300,420,4,5
4141,,,5,2,2,2,78,24,180,300,1,5
4142,,,11,2,2,3,47,11,300,600,3,5
4143,,,15,2,2,1,74,63,300,600,3,5
4144,,,12,1,2,3,24,22,300,600,4,5
4145,,,10,2,2,1,57,45,300,600,3,5
4146,,,10,1,2,1,23,63,420,540,1,5
4147,,,11,1,2,2,63,18,420,540,1,5
4148,,,6,1,2,1,31,11,300,600,3,5
4149,,,7,2,2,2,98,91,0,300,1,5
4150,,,10,2,2,1,75,99,0,300,2,5
4151,,,2,1,2,1,85,96,300,600,2,5
4152,,,10,2,2,3,46,81,60,180,1,5
4153,,,6,1,2,1,54,76,300,600,2,5
4154,,,8,2,2,2,46,89,420,540,2,5
4155,,,11,2,2,3,15,86,300,420,3,5
4156,,,7,2,2,1,71,17,420,540,1,5
4157,,,7,1,2,1,25,36,420,540,2,5
4158,,,11,2,2,3,7,30,180,300,4,5
4159,,,14,2,2,2,30,47,180,300,2,5
4160,,,8,2,2,2,88,72,420,540,4,5
4161,,,12,2,2,1,48,13,300,600,4,5
4162,,,4,1,2,3,100,1,300,600,4,5
4163,,,11,2,2,2,1,83,420,540,2,5
4164,,,14,1,2,2,41,14,420,540,4,5
4165,,,9,1,2,2,39,32,300,600,3,5
4166,,,11,2,2,3,12,26,420,540,3,5
4167,,,13,1,2,3,38,78,300,600,1,5
4168,,,11,2,2,2,13,56,60,180,1,5
4169,,,12,1,2,1,12,79,420,540,3,5
4170,,,11,2,2,3,82,16,300,420,3,5
4171,,,14,2,2,3,96,96,60,180,3,5
4172,,,3,1,2,3,20,11,300,600,1,5
4173,,,17,2,2,2,7,15,300,600,4,5
4174,,,13,2,2,3,33,56,60,180,4,5
4175,,,4,2,2,3,53,56,0,300,2,5
4176,,,3,1,2,3,74,88,420,540,2,5
4177,,,4,2,2,1,93,92,0,300,3,5
4178,,,4,2,2,3,19,96,60,180,3,5
4179,,,4,2,2,3,38,29,300,420,1,5
4180,,,11,2,2,1,12,73,420,540,1,5
4181,,,13,2,2,3,22,55,300,600,1,5
4182,,,16,2,2,2,47,92,420,540,3,5
4183,,,14,2,2,3,86,87,300,600,4,5
4184,,,10,2,2,2,34,59,60,180,2,5
4185,,,14,2,2,1,83,63,300,420,2,5
4186,,,12,2,2,3,35,96,0,300,3,5
4187,,,5,2,2,1,80,14,0,300,3,5
4188,,,9,2,2,2,37,30,180,300,4,5
4189,,,7,1,2,1,74,30,300,600,4,5
4190,,,10,1,2,3,79,86,420,540,1,5
4191,,,6,2,2,1,30,8,60,180,4,5
4192,,,4,2,2,2,27,30,60,180,3,5
4193,,,13,2,2,1,52,70,180,300,1,5
4194,,,12,1,2,2,97,4,300,600,3,5
4195,,,15,1,2,2,84,59,300,600,2,5
4196,,,9,2,2,3,57,76,300,600,4,5
4197,,,14,2,2,3,91,71,420,540,3,5
4198,,,4,2,2,3,21,84,420,540,4,5
4199,,,4,2,2,1,26,73,0,300,1,5
4200,,,12,2,2,1,83,34,0,300,4,5
4201,,,15,2,2,3,20,95,180,300,2,5
4202,,,12,2,2,2,81,22,420,540,3,5
4203,,,8,2,2,2,25,72,420,540,4,5
4204,,,4,2,2,2,72,22,420,540,1,5
4205,,,8,2,2,2,52,81,300,600,3,5
4206,,,7,1,2,1,31,21,420,540,2,5
4207,,,4,2,2,2,91,56,420,540,1,5
4208,,,3,2,2,3,22,2,180,300,2,5
4209,,,11,2,2,2,94,48,60,180,3,5
4210,,,9,1,2,2,42,88,420,540,4,5
4211,,,4,1,2,1,34,73,420,540,4,5
4212,,,4,2,2,2,61,81,300,600,2,5
4213,,,3,2,2,3,30,31,0,300,4,5
4214,,,2,2,2,1,86,64,0,300,2,5
4215,,,9,1,2,3,23,26,420,540,4,5
4216,,,7,2,2,1,87,23,180,300,2,5
4217,,,15,2,2,1,33,3,60,180,2,5
4218,,,9,1,2,3,27,30,300,600,1,5
4219,,,4,1,2,3,37,6,300,600,1,5
4220,,,10,2,2,2,92,27,180,300,1,5
4221,,,10,2,2,1,11,63,300,420,2,5
4222,,,3,2,2,3,81,51,420,540,1,5
4223,,,9,2,2,1,13,63,0,300,1,5
4224,,,5,1,2,1,54,7,420,540,2,5
4225,,,3,2,2,3,47,70,60,180,4,5
4226,,,5,1,2,1,4,37,420,540,3,5
4227,,,4,2,2,3,2,24,60,180,2,5
4228,,,9,2,2,1,24,66,60,180,3,5
4229,,,4,2,2,2,26,48,180,300,1,5
4230,,,6,1,2,1,77,20,300,600,2,5
4231,,,7,1,2,3,99,62,420,540,2,5
4232,,,12,2,2,2,61,78,60,180,2,5
4233,,,8,2,2,3,86,91,300,600,4,5
4234,,,8,2,2,3,76,71,300,420,3,5
4235,,,16,2,2,3,48,18,300,420,3,5
4236,,,5,2,2,3,39,100,300,420,4,5
4237,,,6,2,2,2,40,72,300,420,1,5
4238,,,12,2,2,2,21,19,180,300,1,5
4239,,,6,2,2,2,7,14,60,180,2,5
4240,,,7,2,2,1,15,7,0,300,4,5
4241,,,3,2,2,1,94,28,420,540,4,5
4242,,,8,1,2,3,2,86,420,540,1,5
4243,,,3,2,2,2,12,28,60,180,1,5
4244,,,8,2,2,2,55,1,420,540,4,5
4245,,,7,2,2,2,87,82,0,300,4,5
4246,,,10,1,2,3,100,17,300,600,3,5
4247,,,16,2,2,2,99,8,180,300,3,5
4248,,,5,2,2,2,75,92,60,180,3,5
4249,,,7,1,2,3,19,54,420,540,1,5
4250,,,7,2,2,2,73,38,420,540,1,5
4251,,,15,2,2,3,50,30,420,540,2,5
4252,,,14,2,2,3,43,29,300,600,4,5
4253,,,6,2,2,2,71,70,60,180,1,5
4254,,,14,2,2,3,41,86,180,300,1,5
4255,,,5,2,2,1,80,89,0,300,4,5
4256,,,9,2,2,1,19,91,420,540,4,5
4257,,,11,2,2,2,60,6,180,300,1,5
4258,,,15,1,2,2,49,92,420,540,2,5
4259,,,3,1,2,1,43,99,420,540,3,5
4260,,,8,2,2,3,13,93,180,300,3,5
4261,,,6,2,2,2,10,54,300,600,1,5
4262,,,11,2,2,1,60,20,60,180,3,5
4263,,,15,2,2,3,98,44,180,300,4,5
4264,,,6,2,2,2,71,53,180,300,4,5
4265,,,6,2,2,2,98,75,0,300,4,5
4266,,,9,2,2,2,32,78,420,540,2,5
4267,,,5,2,2,3,91,99,0,300,2,5
4268,,,11,1,2,3,95,64,300,600,2,5
4269,,,4,1,2,1,93,67,300,600,2,5
4270,,,14,1,2,3,48,16,300,600,4,5
4271,,,13,2,2,3,30,13,0,300,3,5
4272,,,3,2,2,3,9,21,180,300,1,5
4273,,,3,1,2,1,89,21,300,600,2,5
4274,,,12,2,2,2,15,94,300,600,1,5
4275,,,10,1,2,1,72,21,420,540,2,5
4276,,,9,2,2,1,56,60,180,300,1,5
4277,,,5,1,2,1,38,41,420,540,3,5
4278,,,11,2,2,1,47,84,180,300,2,5
4279,,,15,1,2,2,9,22,420,540,2,5
4280,,,12,2,2,2,58,76,60,180,4,5
4281,,,14,2,2,2,89,26,0,300,2,5
4282,,,9,2,2,1,32,69,0,300,4,5
4283,,,5,2,2,3,96,99,60,180,1,5
4284,,,14,2,2,1,87,41,60,180,2,5
4285,,,2,2,2,1,87,69,60,180,1,5
4286,,,8,2,2,1,1,73,300,420,2,5
4287,,,7,2,2,2,38,67,0,300,2,5
4288,,,13,2,2,2,98,90,420,540,3,5
4289,,,14,2,2,1,17,71,420,540,1,5
4290,,,16,2,2,3,84,19,300,600,3,5
4291,,,8,1,2,3,91,14,300,600,3,5
4292,,,7,1,2,3,2,49,420,540,2,5
4293,,,13,2,2,2,71,13,300,600,2,5
4294,,,2,2,2,1,83,45,60,180,2,5
4295,,,9,2,2,1,12,6,300,420,2,5
4296,,,5,2,2,2,18,60,300,420,2,5
4297,,,14,2,2,2,61,27,180,300,2,5
4298,,,4,2,2,3,10,67,420,540,1,5
4299,,,6,2,2,2,76,26,60,180,3,5
4300,,,12,1,2,1,92,81,420,540,3,5
4301,,,16,2,2,2,16,98,180,300,1,5
4302,,,12,1,2,1,93,76,420,540,4,5
4303,,,5,2,2,1,7,12,420,540,1,5
4304,,,5,2,2,2,84,94,60,180,2,5
4305,,,3,1,2,2,14,82,420,540,2,5
4306,,,4,2,2,1,45,94,60,180,3,5
4307,,,13,1,2,2,16,92,420,540,2,5
4308,,,4,2,2,1,94,92,60,180,1,5
4309,,,3,2,2,2,80,97,420,540,4,5
4310,,,6,2,2,3,56,66,180,300,1,5
4311,,,10,1,2,3,20,18,300,600,2,5
4312,,,14,2,2,3,25,9,180,300,1,5
4313,,,8,2,2,1,52,66,0,300,3,5
4314,,,2,2,2,3,21,21,300,420,4,5
4315,,,2,2,2,2,84,11,60,180,3,5
4316,,,4,2,2,1,40,31,0,300,2,5
4317,,,8,2,2,2,60,12,60,180,3,5
4318,,,15,2,2,2,19,86,60,180,4,5
4319,,,11,2,2,1,20,41,60,180,1,5
4320,,,8,2,2,1,20,22,300,420,4,5
4321,,,10,2,2,1,98,66,420,540,2,5
4322,,,3,2,2,1,8,67,420,540,3,5
4323,,,13,2,2,2,36,19,420,540,3,5
4324,,,13,2,2,2,97,37,300,420,1,5
4325,,,13,2,2,1,58,76,180,300,2,5
4326,,,15,2,2,2,89,51,60,180,2,5
4327,,,4,1,2,2,90,95,300,600,1,5
4328,,,4,2,2,2,99,19,0,300,4,5
4329,,,12,1,2,2,49,29,420,540,3,5
4330,,,5,2,2,2,48,96,180,300,3,5
4331,,,9,2,2,1,90,43,60,180,3,5
4332,,,11,2,2,1,31,26,60,180,4,5
4333,,,12,2,2,2,36,64,180,300,3,5
4334,,,15,2,2,3,87,73,0,300,1,5
4335,,,15,1,2,1,70,85,300,600,1,5
4336,,,10,2,2,3,73,90,0,300,4,5
4337,,,9,2,2,2,53,77,180,300,3,5
4338,,,7,2,2,3,83,23,0,300,3,5
4339,,,6,2,2,3,51,28,300,420,4,5
4340,,,5,2,2,2,40,82,300,420,1,5
4341,,,8,2,2,3,73,40,0,300,2,5
4342,,,12,2,2,1,75,4,60,180,3,5
4343,,,15,1,2,3,56,13,420,540,4,5
4344,,,8,2,2,2,81,46,0,300,3,5
4345,,,4,2,2,2,96,49,300,420,3,5
4346,,,5,2,2,2,83,40,180,300,4,5
4347,,,2,1,2,2,37,71,420,540,4,5
4348,,,5,2,2,2,76,14,0,300,2,5
4349,,,15,2,2,2,89,66,180,300,2,5
4350,,,3,2,2,3,19,32,60,180,3,5
4351,,,14,1,2,2,82,52,300,600,1,5
4352,,,15,1,2,1,20,66,300,600,3,5
4353,,,7,2,2,3,37,89,0,300,2,5
4354,,,13,2,2,1,48,86,180,300,1,5
4355,,,8,1,2,3,98,97,300,600,2,5
4356,,,15,2,2,1,50,12,180,300,4,5
4357,,,6,1,2,2,19,30,420,540,4,5
4358,,,13,2,2,3,98,50,180,300,4,5
4359,,,10,2,2,3,99,53,300,420,3,5
4360,,,5,2,2,2,23,22,60,180,4,5
4361,,,7,2,2,3,41,89,300,600,3,5
4362,,,14,2,2,2,64,29,60,180,4,5
4363,,,10,2,2,3,5,30,180,300,1,5
4364,,,3,2,2,2,48,50,60,180,4,5
4365,,,9,2,2,3,84,75,60,180,3,5
4366,,,13,1,2,1,5,97,300,600,3,5
4367,,,9,2,2,3,41,20,0,300,1,5
4368,,,14,2,2,3,69,25,60,180,4,5
4369,,,4,2,2,3,70,59,420,540,3,5
4370,,,7,2,2,1,74,74,420,540,1,5
4371,,,4,1,2,2,50,26,420,540,4,5
4372,,,2,1,2,2,61,97,300,600,2,5
4373,,,15,2,2,3,53,5,0,300,3,5
4374,,,12,2,2,2,88,0,420,540,3,5
4375,,,2,2,2,1,29,21,420,540,3,5
4376,,,11,2,2,1,84,79,0,300,2,5
4377,,,6,1,2,2,65,45,300,600,2,5
4378,,,13,2,2,3,78,69,0,300,2,5
4379,,,3,2,2,3,13,70,300,420,4,5
4380,,,8,2,2,2,12,72,300,420,3,5
4381,,,9,2,2,3,19,40,300,420,4,5
4382,,,9,2,2,3,75,45,300,600,1,5
4383,,,12,2,2,3,5,90,60,180,3,5
4384,,,13,1,2,3,46,98,420,540,1,5
4385,,,15,2,2,3,45,82,0,300,3,5
4386,,,9,2,2,2,3,31,0,300,4,5
4387,,,12,1,2,3,96,70,300,600,1,5
4388,,,8,2,2,2,15,27,180,300,4,5
4389,,,15,1,2,2,99,42,300,600,4,5
4390,,,3,1,2,1,26,77,420,540,4,5
4391,,,9,2,2,2,71,41,60,180,3,5
4392,,,15,2,2,3,64,81,60,180,4,5
4393,,,13,2,2,2,42,83,300,600,2,5
4394,,,17,2,2,3,65,67,420,540,4,5
4395,,,9,2,2,3,97,6,0,300,2,5
4396,,,16,2,2,1,5,87,420,540,2,5
4397,,,10,1,2,2,28,5,300,600,4,5
4398,,,15,2,2,2,74,64,420,540,1,5
4399,,,9,2,2,3,66,86,300,420,3,5
4400,,,10,2,2,1,59,84,180,300,1,5
4401,,,15,2,2,1,97,7,0,300,3,5
4402,,,10,2,2,3,16,0,420,540,2,5
4403,,,7,2,2,2,60,77,300,420,4,5
4404,,,8,1,2,2,11,12,420,540,1,5
4405,,,5,1,2,3,42,97,420,540,3,5
4406,,,3,1,2,2,81,27,300,600,2,5
4407,,,7,2,2,3,10,70,0,300,4,5
4408,,,10,2,2,1,31,53,180,300,1,5
4409,,,8,2,2,1,33,64,180,300,1,5
4410,,,9,1,2,1,2,65,300,600,2,5
4411,,,1,1,2,3,84,19,420,540,1,5
4412,,,8,1,2,3,8,71,420,540,2,5
4413,,,14,2,2,2,21,38,0,300,2,5
4414,,,3,1,2,1,4,26,420,540,3,5
4415,,,5,2,2,3,67,92,0,300,4,5
4416,,,15,2,2,2,94,56,300,600,4,5
4417,,,12,2,2,1,71,5,300,420,3,5
4418,,,3,1,2,3,74,21,300,600,1,5
4419,,,11,2,2,2,5,57,0,300,4,5
4420,,,12,2,2,1,59,81,420,540,2,5
4421,,,5,1,2,1,2,15,300,600,1,5
4422,,,3,2,2,3,85,64,180,300,1,5
4423,,,13,1,2,2,95,17,420,540,3,5
4424,,,5,2,2,3,25,71,60,180,4,5
4425,,,6,1,2,1,3,71,300,600,3,5
4426,,,5,2,2,3,1,3,420,540,1,5
4427,,,9,1,2,1,36,59,420,540,1,5
4428,,,15,1,2,1,85,34,300,600,2,5
4429,,,15,2,2,3,50,40,60,180,2,5
4430,,,12,2,2,1,34,95,60,180,4,5
4431,,,9,2,2,1,59,88,180,300,3,5
4432,,,9,2,2,2,91,61,0,300,1,5
4433,,,13,2,2,2,49,54,420,540,2,5
4434,,,8,2,2,3,90,81,180,300,2,5
4435,,,9,1,2,1,30,0,300,600,4,5
4436,,,12,2,2,3,9,70,180,300,2,5
4437,,,13,2,2,2,20,10,180,300,2,5
4438,,,13,1,2,1,18,41,300,600,4,5
4439,,,12,1,2,3,26,0,300,600,3,5
4440,,,4,2,2,2,23,67,180,300,4,5
4441,,,3,2,2,1,47,85,420,540,3,5
4442,,,3,1,2,1,99,9,420,540,1,5
4443,,,12,1,2,2,67,81,420,540,3,5
4444,,,10,2,2,1,88,85,60,180,1,5
4445,,,13,1,2,1,85,83,300,600,3,5
4446,,,11,2,2,2,61,96,420,540,2,5
4447,,,7,2,2,2,15,62,60,180,4,5
4448,,,16,2,2,3,55,53,0,300,1,5
4449,,,13,2,2,2,99,4,180,300,2,5
4450,,,8,1,2,2,35,18,300,600,2,5
4451,,,2,2,2,1,20,18,180,300,2,5
4452,,,8,2,2,1,48,45,300,600,1,5
4453,,,10,2,2,2,78,40,60,180,4,5
4454,,,12,1,2,1,26,24,420,540,1,5
4455,,,15,2,2,1,2,83,0,300,3,5
4456,,,7,2,2,2,79,87,180,300,4,5
4457,,,14,1,2,1,52,0,420,540,1,5
4458,,,8,2,2,2,16,67,180,300,1,5
4459,,,13,2,2,3,63,69,420,540,3,5
4460,,,7,2,2,2,51,76,180,300,3,5
4461,,,17,2,2,1,66,63,60,180,2,5
4462,,,7,1,2,2,70,36,420,540,1,5
4463,,,5,2,2,2,92,37,180,300,4,5
4464,,,8,2,2,3,44,71,300,600,3,5
4465,,,7,1,2,2,24,42,300,600,3,5
4466,,,10,2,2,3,61,47,180,300,2,5
4467,,,7,2,2,3,96,9,300,600,4,5
4468,,,2,2,2,2,90,57,0,300,2,5
4469,,,12,2,2,3,14,84,420,540,1,5
4470,,,14,2,2,2,79,71,60,180,4,5
4471,,,6,2,2,1,45,7,420,540,2,5
4472,,,16,2,2,2,94,0,60,180,3,5
4473,,,6,2,2,1,48,39,60,180,4,5
4474,,,10,2,2,1,27,67,0,300,2,5
4475,,,10,2,2,3,20,39,180,300,2,5
4476,,,2,1,2,3,39,61,420,540,3,5
4477,,,17,2,2,1,8,22,0,300,1,5
4478,,,12,2,2,3,10,28,180,300,2,5
4479,,,4,2,2,2,49,56,0,300,1,5
4480,,,10,2,2,1,46,26,300,420,3,5
4481,,,15,2,2,3,65,19,180,300,4,5
4482,,,12,2,2,1,17,16,60,180,2,5
4483,,,3,2,2,1,13,0,300,420,3,5
4484,,,5,1,2,1,69,43,300,600,2,5
4485,,,10,2,2,2,98,20,0,300,3,5
4486,,,9,2,2,1,54,96,300,420,2,5
4487,,,4,1,2,3,52,78,420,540,1,5
4488,,,13,1,2,2,54,100,300,600,3,5
4489,,,10,2,2,1,77,46,300,420,4,5
4490,,,2,2,2,3,56,80,300,600,3,5
4491,,,13,2,2,2,24,36,300,420,3,5
4492,,,9,2,2,3,0,27,60,180,4,5
4493,,,11,2,2,1,2,53,420,540,4,5
4494,,,7,2,2,2,20,59,60,180,2,5
4495,,,10,2,2,1,68,25,60,180,2,5
4496,,,10,2,2,1,35,28,60,180,2,5
4497,,,6,2,2,1,23,37,420,540,1,5
4498,,,6,2,2,2,64,24,300,600,3,5
4499,,,6,2,2,2,22,65,420,540,1,5
4500,,,8,2,2,1,30,26,60,180,3,5
4501,,,7,2,2,1,33,53,420,540,4,5
4502,,,16,2,2,3,8,93,60,180,4,5
4503,,,9,2,2,1,22,99,60,180,4,5
4504,,,7,2,2,2,88,24,300,600,1,5
4505,,,4,2,2,1,63,41,60,180,2,5
4506,,,9,1,2,1,89,80,300,600,1,5
4507,,,12,2,2,3,72,83,300,600,4,5
4508,,,4,2,2,1,100,85,420,540,4,5
4509,,,9,2,2,1,97,27,420,540,1,5
4510,,,4,2,2,2,38,47,300,600,3,5
4511,,,3,2,2,1,54,0,300,600,4,5
4512,,,3,2,2,1,100,52,420,540,4,5
4513,,,9,2,2,3,67,34,180,300,3,5
4514,,,2,1,2,2,84,38,300,600,3,5
4515,,,4,2,2,1,49,22,0,300,4,5
4516,,,14,2,2,1,70,73,420,540,4,5
4517,,,8,2,2,1,13,67,60,180,1,5
4518,,,13,1,2,2,83,76,420,540,1,5
4519,,,6,2,2,2,21,63,60,180,3,5
4520,,,16,2,2,2,60,21,420,540,2,5
4521,,,2,1,2,1,94,16,300,600,1,5
4522,,,9,2,2,3,0,2,0,300,4,5
4523,,,4,2,2,1,14,66,0,300,1,5
4524,,,7,2,2,2,94,50,300,420,2,5
4525,,,5,2,2,3,10,72,60,180,1,5
4526,,,2,2,2,1,20,94,420,540,4,5
4527,,,14,2,2,2,29,17,180,300,4,5
4528,,,7,2,2,1,23,64,180,300,4,5
4529,,,8,1,2,1,67,12,420,540,1,5
4530,,,15,2,2,3,29,86,0,300,3,5
4531,,,3,2,2,2,43,78,420,540,1,5
4532,,,2,2,2,2,67,45,60,180,4,5
4533,,,11,2,2,2,46,38,300,600,2,5
4534,,,6,2,2,2,71,15,0,300,4,5
4535,,,13,2,2,1,15,2,300,600,3,5
4536,,,3,2,2,1,20,45,60,180,2,5
4537,,,3,2,2,2,37,14,420,540,1,5
4538,,,6,2,2,2,20,5,420,540,1,5
4539,,,7,2,2,1,2,9,60,180,3,5
4540,,,2,2,2,2,2,33,0,300,3,5
4541,,,14,2,2,3,96,43,300,420,4,5
4542,,,12,2,2,1,99,7,300,420,1,5
4543,,,13,2,2,1,16,71,300,420,4,5
4544,,,17,2,2,3,53,82,60,180,3,5
4545,,,15,2,2,1,26,73,60,180,2,5
4546,,,3,2,2,2,68,13,180,300,4,5
4547,,,9,2,2,3,8,32,420,540,2,5
4548,,,8,1,2,2,25,51,420,540,2,5
4549,,,6,2,2,1,93,0,60,180,4,5
4550,,,2,2,2,2,94,40,0,300,1,5
4551,,,10,2,2,2,42,23,300,600,4,5
4552,,,14,2,2,1,28,48,420,540,1,5
4553,,,16,1,2,1,88,3,300,600,2,5
4554,,,16,2,2,3,30,51,420,540,2,5
4555,,,16,2,2,2,65,92,60,180,4,5
4556,,,6,2,2,2,89,89,300,420,1,5
4557,,,5,2,2,1,5,68,60,180,2,5
4558,,,4,1,2,2,37,70,420,540,3,5
4559,,,3,1,2,1,78,25,300,600,3,5
4560,,,10,2,2,3,30,28,180,300,4,5
4561,,,6,2,2,3,25,65,0,300,3,5
4562,,,15,2,2,2,60,50,300,420,1,5
4563,,,16,2,2,3,13,61,180,300,3,5
4564,,,5,1,2,1,59,32,420,540,1,5
4565,,,5,1,2,2,15,4,420,540,1,5
4566,,,12,2,2,3,73,78,0,300,2,5
4567,,,3,2,2,2,86,76,60,180,4,5
4568,,,7,2,2,1,62,37,60,180,3,5
4569,,,6,2,2,2,88,73,420,540,3,5
4570,,,6,2,2,3,46,65,300,420,2,5
4571,,,8,1,2,3,11,42,300,600,1,5
4572,,,14,2,2,3,71,69,60,180,1,5
4573,,,9,1,2,3,33,48,300,600,2,5
4574,,,13,2,2,3,36,45,0,300,4,5
4575,,,15,1,2,2,70,75,300,600,2,5
4576,,,6,2,2,2,77,5,180,300,3,5
4577,,,4,2,2,3,79,13,0,300,1,5
4578,,,13,1,2,1,36,35,300,600,1,5
4579,,,14,1,2,2,26,49,300,600,2,5
4580,,,12,2,2,1,30,48,0,300,3,5
4581,,,15,2,2,2,60,88,60,180,2,5
4582,,,11,2,2,2,66,56,180,300,2,5
4583,,,10,1,2,1,10,71,300,600,2,5
4584,,,12,2,2,2,57,78,300,420,2,5
4585,,,9,1,2,2,40,74,300,600,3,5
4586,,,12,2,2,3,92,13,300,600,2,5
4587,,,12,2,2,2,92,65,0,300,4,5
4588,,,13,1,2,1,21,23,300,600,4,5
4589,,,7,2,2,3,99,40,0,300,2,5
4590,,,15,1,2,1,63,90,420,540,3,5
4591,,,13,2,2,1,1,19,420,540,2,5
4592,,,14,2,2,2,91,80,300,600,1,5
4593,,,5,2,2,3,0,47,180,300,4,5
4594,,,10,2,2,3,61,54,180,300,3,5
4595,,,17,2,2,3,77,22,180,300,4,5
4596,,,7,2,2,3,79,69,0,300,1,5
4597,,,4,2,2,2,28,89,0,300,2,5
4598,,,13,2,2,2,43,82,300,420,2,5
4599,,,9,2,2,1,11,75,420,540,4,5
4600,,,3,1,2,1,62,85,420,540,3,5
4601,,,6,2,2,3,29,77,180,300,1,5
4602,,,12,1,2,1,29,44,300,600,1,5
4603,,,8,1,2,1,53,90,420,540,4,5
4604,,,2,2,2,2,20,99,180,300,1,5
4605,,,1,1,2,3,35,33,420,540,1,5
4606,,,3,1,2,1,85,55,300,600,1,5
4607,,,2,2,2,1,28,88,60,180,3,5
4608,,,14,2,2,1,1,24,60,180,2,5
4609,,,10,2,2,1,23,47,180,300,4,5
4610,,,13,1,2,1,39,91,300,600,3,5
4611,,,16,2,2,1,4,91,300,600,4,5
4612,,,7,2,2,3,11,35,300,420,4,5
4613,,,6,1,2,2,45,26,420,540,1,5
4614,,,13,1,2,2,12,0,420,540,4,5
4615,,,7,1,2,1,48,71,420,540,2,5
4616,,,5,2,2,3,40,61,0,300,2,5
4617,,,14,2,2,2,95,15,180,300,2,5
4618,,,4,1,2,3,52,20,420,540,2,5
4619,,,10,2,2,3,84,59,180,300,1,5
4620,,,15,2,2,3,80,40,60,180,1,5
4621,,,12,2,2,1,95,100,180,300,2,5
4622,,,11,2,2,3,11,97,180,300,3,5
4623,,,5,1,2,2,75,2,420,540,4,5
4624,,,14,1,2,3,63,66,420,540,1,5
4625,,,6,2,2,2,22,57,300,600,2,5
4626,,,4,2,2,2,80,25,300,600,3,5
4627,,,2,2,2,3,66,89,60,180,4,5
4628,,,8,1,2,1,54,75,420,540,1,5
4629,,,11,2,2,3,63,50,180,300,1,5
4630,,,12,2,2,3,21,81,60,180,1,5
4631,,,7,2,2,1,72,65,60,180,1,5
4632,,,9,2,2,1,94,47,300,420,2,5
4633,,,9,2,2,1,25,43,420,540,2,5
4634,,,8,2,2,2,100,16,180,300,2,5
4635,,,2,2,2,3,14,13,420,540,3,5
4636,,,2,2,2,1,30,7,420,540,3,5
4637,,,5,2,2,3,55,41,300,420,2,5
4638,,,11,1,2,3,49,14,300,600,3,5
4639,,,5,2,2,3,63,54,180,300,2,5
4640,,,10,2,2,3,99,30,180,300,4,5
4641,,,6,2,2,1,6,10,60,180,3,5
4642,,,11,2,2,3,91,94,0,300,3,5
4643,,,3,2,2,1,69,33,420,540,2,5
4644,,,5,1,2,2,71,79,300,600,1,5
4645,,,15,2,2,1,41,39,420,540,4,5
4646,,,3,1,2,1,14,18,420,540,4,5
4647,,,3,2,2,3,3,55,300,420,1,5
4648,,,7,1,2,3,0,94,300,600,3,5
4649,,,12,2,2,1,91,62,300,420,4,5
4650,,,16,2,2,1,62,99,0,300,4,5
4651,,,7,2,2,1,77,35,420,540,2,5
4652,,,8,1,2,2,48,66,300,600,2,5
4653,,,12,1,2,3,9,0,420,540,2,5
4654,,,11,2,2,2,56,73,300,420,4,5
4655,,,9,2,2,2,33,67,180,300,3,5
4656,,,4,2,2,2,40,14,300,600,2,5
4657,,,15,2,2,3,27,100,0,300,2,5
4658,,,9,2,2,2,43,91,60,180,4,5
4659,,,10,2,2,1,70,80,180,300,2,5
4660,,,4,2,2,3,1,38,180,300,2,5
4661,,,14,2,2,3,44,12,300,420,3,5
4662,,,7,1,2,2,90,93,300,600,1,5
4663,,,8,2,2,2,84,9,300,420,4,5
4664,,,6,2,2,2,84,48,180,300,2,5
4665,,,11,2,2,1,20,52,420,540,2,5
4666,,,3,1,2,3,71,39,420,540,4,5
4667,,,5,2,2,2,31,98,180,300,1,5
4668,,,3,2,2,1,15,66,60,180,4,5
4669,,,14,2,2,1,94,71,420,540,2,5
4670,,,8,2,2,1,12,16,180,300,3,5
4671,,,4,2,2,1,10,26,420,540,4,5
4672,,,14,2,2,2,39,50,0,300,1,5
4673,,,2,2,2,2,11,77,420,540,1,5
4674,,,8,2,2,3,52,36,0,300,4,5
4675,,,14,2,2,2,90,32,0,300,1,5
4676,,,11,2,2,1,30,42,60,180,3,5
4677,,,6,2,2,3,93,25,60,180,4,5
4678,,,6,2,2,2,37,42,60,180,1,5
4679,,,15,2,2,3,47,78,0,300,3,5
4680,,,3,2,2,3,82,55,180,300,3,5
4681,,,15,2,2,1,31,88,300,420,4,5
4682,,,7,1,2,3,82,66,300,600,4,5
4683,,,6,2,2,1,75,86,60,180,1,5
4684,,,3,2,2,3,99,82,0,300,3,5
4685,,,10,2,2,2,33,67,180,300,2,5
4686,,,10,2,2,1,44,9,420,540,3,5
4687,,,7,2,2,1,44,76,300,420,4,5
4688,,,11,2,2,3,44,64,300,420,2,5
4689,,,13,2,2,1,36,2,180,300,1,5
4690,,,9,2,2,3,95,76,60,180,3,5
4691,,,14,2,2,2,22,43,180,300,1,5
4692,,,8,2,2,2,12,65,300,600,3,5
4693,,,11,1,2,1,70,84,420,540,4,5
4694,,,4,2,2,1,93,66,60,180,1,5
4695,,,9,2,2,1,37,57,0,300,2,5
4696,,,7,1,2,3,64,21,420,540,1,5
4697,,,14,2,2,2,83,92,300,420,3,5
4698,,,10,2,2,2,37,36,180,300,4,5
4699,,,10,2,2,2,35,76,0,300,2,5
4700,,,6,1,2,3,79,54,300,600,2,5
4701,,,11,2,2,2,57,63,300,600,1,5
4702,,,15,2,2,2,80,53,300,600,3,5
4703,,,4,2,2,3,37,77,60,180,2,5
4704,,,14,2,2,2,42,26,300,420,4,5
4705,,,10,1,2,1,70,70,420,540,1,5
4706,,,7,1,2,2,34,37,300,600,2,5
4707,,,13,2,2,1,96,86,60,180,3,5
4708,,,10,2,2,2,36,77,0,300,1,5
4709,,,14,2,2,2,54,84,420,540,4,5
4710,,,4,1,2,2,76,71,300,600,3,5
4711,,,7,2,2,3,65,29,0,300,4,5
4712,,,17,2,2,2,59,64,300,420,3,5
4713,,,13,2,2,3,60,66,180,300,4,5
4714,,,10,2,2,1,2,93,60,180,4,5
4715,,,6,1,2,2,55,17,420,540,1,5
4716,,,5,2,2,1,57,4,420,540,4,5
4717,,,16,2,2,2,45,98,180,300,2,5
4718,,,9,2,2,1,13,71,420,540,1,5
4719,,,6,2,2,1,55,7,60,180,3,5
4720,,,15,2,2,3,52,59,60,180,2,5
4721,,,13,2,2,2,11,77,60,180,4,5
4722,,,8,2,2,1,6,73,180,300,2,5
4723,,,6,2,2,3,56,0,180,300,2,5
4724,,,3,2,2,2,62,61,0,300,3,5
4725,,,2,2,2,1,86,11,420,540,3,5
4726,,,8,1,2,3,98,86,420,540,4,5
4727,,,6,1,2,2,75,15,300,600,1,5
4728,,,15,2,2,1,31,39,420,540,2,5
4729,,,5,2,2,1,93,91,420,540,3,5
4730,,,5,2,2,1,2,22,300,420,2,5
4731,,,6,2,2,3,60,76,180,300,1,5
4732,,,10,1,2,2,27,28,300,600,4,5
4733,,,2,2,2,1,21,1,60,180,1,5
4734,,,13,2,2,2,64,10,300,600,4,5
4735,,,8,2,2,1,80,32,0,300,3,5
4736,,,17,2,2,2,56,26,300,600,2,5
4737,,,12,2,2,3,8,85,420,540,4,5
4738,,,9,2,2,2,78,31,420,540,1,5
4739,,,1,1,2,3,70,27,420,540,4,5
4740,,,5,2,2,2,19,27,60,180,3,5
4741,,,3,2,2,1,6,50,60,180,2,5
4742,,,9,1,2,2,74,87,420,540,4,5
4743,,,17,2,2,2,82,3,420,540,3,5
4744,,,6,2,2,1,83,94,420,540,1,5
4745,,,14,2,2,2,38,94,420,540,2,5
4746,,,9,2,2,3,22,3,0,300,1,5
4747,,,14,2,2,3,53,45,300,420,1,5
4748,,,2,1,2,2,64,74,300,600,4,5
4749,,,11,1,2,3,30,74,420,540,1,5
4750,,,4,2,2,1,65,76,180,300,2,5
4751,,,17,2,2,2,86,41,300,600,1,5
4752,,,11,2,2,1,27,83,300,600,4,5
4753,,,5,2,2,3,16,20,0,300,1,5
4754,,,3,2,2,3,43,86,60,180,4,5
4755,,,3,1,2,2,16,2,420,540,3,5
4756,,,3,2,2,1,23,6,300,600,1,5
4757,,,8,2,2,2,46,19,0,300,1,5
4758,,,14,2,2,3,70,85,300,420,1,5
4759,,,12,2,2,2,4,17,420,540,2,5
4760,,,4,2,2,2,80,96,420,540,2,5
4761,,,13,2,2,2,24,25,300,600,3,5
4762,,,2,1,2,1,85,22,300,600,3,5
4763,,,8,2,2,2,7,56,60,180,1,5
4764,,,10,2,2,2,67,72,0,300,1,5
4765,,,6,1,2,2,30,40,420,540,1,5
4766,,,2,2,2,2,10,38,0,300,2,5
4767,,,9,2,2,2,8,5,300,600,1,5
4768,,,5,2,2,2,94,59,300,600,2,5
4769,,,9,2,2,2,78,48,60,180,1,5
4770,,,6,2,2,2,42,18,300,600,2,5
4771,,,8,2,2,2,84,78,420,540,3,5
4772,,,2,2,2,1,15,0,60,180,1,5
4773,,,3,2,2,1,80,30,180,300,3,5
4774,,,10,2,2,1,86,98,0,300,1,5
4775,,,14,2,2,2,87,96,60,180,2,5
4776,,,7,2,2,3,16,35,300,600,3,5
4777,,,9,1,2,1,81,3,420,540,3,5
4778,,,12,2,2,1,94,61,180,300,1,5
4779,,,10,2,2,3,34,51,60,180,3,5
4780,,,3,1,2,2,88,5,420,540,3,5
4781,,,6,2,2,1,63,59,180,300,4,5
4782,,,5,2,2,2,26,21,60,180,4,5
4783,,,8,2,2,3,42,92,0,300,2,5
4784,,,9,1,2,3,5,82,300,600,2,5
4785,,,10,2,2,3,23,70,420,540,1,5
4786,,,14,1,2,3,89,30,420,540,2,5
4787,,,8,2,2,1,22,67,180,300,1,5
4788,,,9,1,2,2,65,51,420,540,1,5
4789,,,3,1,2,2,85,52,420,540,4,5
4790,,,6,2,2,3,61,66,60,180,4,5
4791,,,6,2,2,3,71,99,300,600,2,5
4792,,,15,2,2,1,4,61,420,540,4,5
4793,,,7,2,2,1,58,54,300,420,4,5
4794,,,14,2,2,1,99,18,180,300,4,5
4795,,,7,2,2,2,46,47,420,540,3,5
4796,,,11,2,2,3,29,80,60,180,4,5
4797,,,11,2,2,3,95,13,180,300,1,5
4798,,,4,2,2,2,6,1,180,300,1,5
4799,,,6,1,2,2,22,28,300,600,3,5
4800,,,6,2,2,1,16,25,0,300,4,5
4801,,,13,1,2,1,61,17,420,540,2,5
4802,,,12,1,2,1,75,5,300,600,3,5
4803,,,5,2,2,1,25,58,60,180,2,5
4804,,,3,2,2,2,11,91,0,300,2,5
4805,,,10,2,2,3,76,50,300,420,2,5
4806,,,10,2,2,2,15,27,300,420,4,5
4807,,,8,2,2,3,24,65,0,300,3,5
4808,,,5,2,2,2,16,88,0,300,4,5
4809,,,14,1,2,3,0,80,420,540,2,5
4810,,,11,2,2,2,63,47,60,180,3,5
4811,,,14,2,2,3,17,17,180,300,2,5
4812,,,11,2,2,2,7,15,60,180,3,5
4813,,,12,1,2,3,50,87,420,540,2,5
4814,,,3,1,2,3,9,46,300,600,4,5
4815,,,4,2,2,3,61,76,180,300,3,5
4816,,,3,1,2,2,72,57,300,600,1,5
4817,,,10,2,2,3,12,68,60,180,2,5
4818,,,9,2,2,1,52,86,0,300,2,5
4819,,,7,2,2,3,86,28,180,300,1,5
4820,,,6,1,2,1,69,28,420,540,2,5
4821,,,4,2,2,2,10,69,300,600,2,5
4822,,,4,2,2,3,41,50,300,420,3,5
4823,,,8,2,2,1,0,49,300,600,2,5
4824,,,6,2,2,1,80,88,60,180,4,5
4825,,,12,2,2,1,96,94,60,180,2,5
4826,,,7,1,2,1,41,61,420,540,1,5
4827,,,10,2,2,2,12,18,420,540,2,5
4828,,,5,2,2,2,87,46,60,180,3,5
4829,,,7,1,2,3,92,49,300,600,3,5
4830,,,8,1,2,1,22,60,420,540,4,5
4831,,,10,1,2,3,31,75,300,600,2,5
4832,,,3,2,2,3,61,82,60,180,2,5
4833,,,11,2,2,3,78,8,420,540,2,5
4834,,,8,2,2,1,67,0,420,540,4,5
4835,,,3,2,2,1,78,16,180,300,1,5
4836,,,15,2,2,1,50,85,300,600,4,5
4837,,,14,1,2,3,64,21,420,540,2,5
4838,,,12,2,2,2,30,22,0,300,4,5
4839,,,8,1,2,3,17,100,420,540,1,5
4840,,,10,2,2,2,71,94,0,300,3,5
4841,,,10,2,2,2,61,47,0,300,4,5
4842,,,10,2,2,3,68,16,300,600,2,5
4843,,,5,2,2,2,36,74,0,300,3,5
4844,,,9,2,2,3,69,62,0,300,4,5
4845,,,8,2,2,3,72,25,0,300,1,5
4846,,,10,2,2,2,85,0,420,540,1,5
4847,,,15,2,2,3,3,64,420,540,2,5
4848,,,9,2,2,3,89,12,420,540,1,5
4849,,,13,2,2,2,63,3,300,420,3,5
4850,,,3,2,2,3,83,59,60,180,4,5
4851,,,11,1,2,1,84,26,420,540,3,5
4852,,,3,2,2,2,5,84,180,300,4,5
4853,,,3,1,2,3,35,75,300,600,4,5
4854,,,7,1,2,2,58,80,420,540,4,5
4855,,,3,2,2,3,59,10,420,540,3,5
4856,,,11,2,2,2,64,5,0,300,3,5
4857,,,5,2,2,1,16,50,60,180,4,5
4858,,,13,2,2,3,81,32,0,300,4,5
4859,,,12,2,2,1,64,17,0,300,3,5
4860,,,7,2,2,3,75,0,420,540,2,5
4861,,,7,1,2,2,2,35,420,540,3,5
4862,,,13,2,2,3,72,64,420,540,1,5
4863,,,15,2,2,1,100,71,420,540,1,5
4864,,,3,2,2,1,47,64,420,540,2,5
4865,,,6,2,2,2,49,22,300,600,3,5
4866,,,5,2,2,3,97,6,180,300,3,5
4867,,,9,1,2,1,47,55,420,540,1,5
4868,,,11,2,2,1,11,75,60,180,2,5
4869,,,7,1,2,1,38,10,300,600,1,5
4870,,,14,2,2,2,45,10,0,300,2,5
4871,,,17,2,2,3,62,99,420,540,3,5
4872,,,9,2,2,3,80,90,180,300,2,5
4873,,,7,2,2,1,0,11,60,180,3,5
4874,,,14,2,2,3,58,12,60,180,2,5
4875,,,10,2,2,2,16,14,0,300,1,5
4876,,,12,2,2,2,100,93,180,300,3,5
4877,,,14,2,2,1,91,67,180,300,2,5
4878,,,4,1,2,3,1,40,300,600,3,5
4879,,,3,2,2,2,5,64,60,180,1,5
4880,,,15,2,2,3,9,92,60,180,2,5
4881,,,5,2,2,2,57,25,300,600,1,5
4882,,,10,2,2,3,63,45,0,300,2,5
4883,,,5,1,2,1,13,5,420,540,2,5
4884,,,17,2,2,3,64,9,420,540,2,5
4885,,,2,2,2,2,51,46,300,600,1,5
4886,,,11,2,2,3,59,33,0,300,3,5
4887,,,5,2,2,2,67,43,420,540,4,5
4888,,,15,2,2,3,56,72,180,300,4,5
4889,,,16,2,2,2,59,29,60,180,3,5
4890,,,8,2,2,2,30,98,0,300,1,5
4891,,,5,2,2,3,1,35,0,300,2,5
4892,,,13,2,2,1,89,81,0,300,3,5
4893,,,8,2,2,3,97,81,180,300,1,5
4894,,,15,1,2,3,50,84,300,600,2,5
4895,,,7,2,2,3,21,79,60,180,3,5
4896,,,2,2,2,3,39,60,420,540,1,5
4897,,,12,2,2,2,0,62,60,180,4,5
4898,,,4,2,2,1,24,31,300,600,2,5
4899,,,10,2,2,3,25,40,180,300,3,5
4900,,,2,1,2,1,49,32,420,540,1,5
4901,,,17,2,2,1,13,89,180,300,3,5
4902,,,17,2,2,3,26,9,0,300,4,5
4903,,,11,2,2,3,63,84,300,600,2,5
4904,,,2,2,2,2,5,87,420,540,3,5
4905,,,11,2,2,2,38,58,180,300,2,5
4906,,,4,2,2,3,25,32,0,300,1,5
4907,,,6,2,2,2,96,90,420,540,4,5
4908,,,14,1,2,3,83,11,300,600,1,5
4909,,,10,2,2,1,49,29,0,300,4,5
4910,,,2,2,2,2,34,10,0,300,4,5
4911,,,13,1,2,3,17,76,300,600,1,5
4912,,,9,2,2,1,86,35,180,300,3,5
4913,,,4,2,2,2,69,82,0,300,1,5
4914,,,12,2,2,2,24,53,180,300,2,5
4915,,,9,2,2,2,91,80,60,180,2,5
4916,,,10,2,2,2,32,36,300,420,4,5
4917,,,5,2,2,2,89,35,300,420,1,5
4918,,,11,1,2,3,18,12,420,540,2,5
4919,,,13,2,2,1,73,27,420,540,2,5
4920,,,6,1,2,1,84,10,420,540,3,5
4921,,,13,1,2,3,72,60,300,600,2,5
4922,,,10,2,2,2,14,9,300,420,1,5
4923,,,7,2,2,3,73,85,60,180,3,5
4924,,,4,2,2,3,83,96,60,180,3,5
4925,,,4,2,2,1,47,94,0,300,1,5
4926,,,4,2,2,2,75,13,60,180,1,5
4927,,,10,2,2,1,0,59,60,180,4,5
4928,,,13,2,2,2,24,37,420,540,1,5
4929,,,5,1,2,2,83,18,420,540,4,5
4930,,,4,2,2,1,34,63,180,300,2,5
4931,,,8,2,2,2,98,21,300,600,1,5
4932,,,10,2,2,3,31,87,60,180,1,5
4933,,,9,2,2,2,13,45,300,420,1,5
4934,,,13,1,2,1,87,59,300,600,3,5
4935,,,3,2,2,2,39,54,180,300,2,5
4936,,,3,2,2,3,29,82,0,300,1,5
4937,,,4,2,2,1,66,79,60,180,4,5
4938,,,7,2,2,3,77,98,180,300,2,5
4939,,,7,1,2,3,8,68,420,540,4,5
4940,,,12,2,2,2,24,43,180,300,4,5
4941,,,10,2,2,3,7,26,420,540,4,5
4942,,,4,2,2,3,67,1,0,300,4,5
4943,,,9,1,2,3,29,48,420,540,2,5
4944,,,9,2,2,3,66,20,180,300,1,5
4945,,,12,2,2,2,71,92,300,420,2,5
4946,,,6,2,2,2,21,94,180,300,1,5
4947,,,5,2,2,2,88,6,300,600,1,5
4948,,,10,2,2,2,81,40,60,180,2,5
4949,,,15,2,2,3,80,74,300,600,4,5
4950,,,4,2,2,3,28,91,420,540,1,5
4951,,,10,2,2,1,42,65,420,540,4,5
4952,,,11,2,2,3,51,59,300,600,1,5
4953,,,5,2,2,1,55,11,300,420,4,5
4954,,,13,2,2,1,18,96,0,300,3,5
4955,,,14,2,2,1,30,30,420,540,3,5
4956,,,9,2,2,3,1,79,180,300,1,5
4957,,,13,2,2,2,56,43,180,300,1,5
4958,,,8,2,2,2,96,37,60,180,3,5
4959,,,11,2,2,1,42,43,420,540,1,5
4960,,,7,1,2,2,18,21,300,600,2,5
4961,,,8,2,2,3,56,17,60,180,4,5
4962,,,10,1,2,1,74,7,300,600,1,5
4963,,,2,2,2,1,38,49,180,300,4,5
4964,,,17,2,2,1,86,34,0,300,4,5
4965,,,6,2,2,2,1,48,420,540,2,5
4966,,,8,2,2,1,86,33,300,420,4,5
4967,,,14,1,2,2,92,74,300,600,3,5
4968,,,14,1,2,3,64,30,300,600,2,5
4969,,,11,2,2,2,100,79,420,540,2,5
4970,,,10,1,2,2,29,53,300,600,3,5
4971,,,4,2,2,3,26,84,180,300,2,5
4972,,,17,2,2,2,51,60,420,540,3,5
4973,,,15,2,2,1,87,38,420,540,4,5
4974,,,10,2,2,2,96,63,300,420,2,5
4975,,,14,1,2,3,96,95,420,540,1,5
4976,,,12,1,2,1,0,90,300,600,2,5
4977,,,8,2,2,2,56,31,0,300,2,5
4978,,,7,2,2,2,44,13,60,180,1,5
4979,,,12,2,2,3,17,43,60,180,3,5
4980,,,12,1,2,2,18,85,420,540,2,5
4981,,,8,2,2,1,97,81,0,300,3,5
4982,,,8,1,2,3,70,33,420,540,2,5
4983,,,12,1,2,1,49,39,420,540,3,5
4984,,,7,2,2,1,23,89,0,300,4,5
4985,,,12,2,2,2,67,25,420,540,1,5
4986,,,7,1,2,3,50,46,420,540,1,5
4987,,,7,2,2,2,43,77,420,540,4,5
4988,,,13,2,2,3,46,76,420,540,1,5
4989,,,12,2,2,1,30,95,180,300,3,5
4990,,,4,1,2,2,81,60,420,540,3,5
4991,,,14,1,2,2,79,84,300,600,3,5
4992,,,13,1,2,1,61,85,300,600,2,5
4993,,,5,2,2,2,19,48,420,540,2,5
4994,,,7,1,2,3,74,87,420,540,2,5
4995,,,12,2,2,1,79,0,0,300,4,5
4996,,,13,2,2,3,59,90,60,180,2,5
4997,,,14,2,2,2,96,68,60,180,2,5
4998,,,16,2,2,1,75,25,300,600,2,5
4999,,,7,1,2,3,37,76,300,600,4,5
5000,,,8,2,2,1,11,49,180,300,2,5
5001,,,12,1,2,2,44,61,300,600,4,5
5002,,,14,2,2,3,31,72,60,180,3,5
5003,,,1,1,2,3,56,27,300,600,1,5
5004,,,9,1,2,2,99,56,420,540,2,5
5005,,,13,2,2,2,21,24,420,540,3,5
5006,,,6,2,2,2,54,69,180,300,3,5
5007,,,2,2,2,1,39,88,180,300,2,5
5008,,,4,2,2,3,32,75,180,300,4,5
5009,,,7,2,2,2,87,65,420,540,4,5
5010,,,6,2,2,2,51,77,180,300,4,5
5011,,,7,2,2,2,31,75,300,600,2,5
5012,,,4,2,2,1,89,2,300,420,3,5
5013,,,12,2,2,3,45,1,300,420,3,5
5014,,,9,1,2,1,0,88,420,540,1,5
5015,,,14,1,2,2,86,83,420,540,4,5
5016,,,14,1,2,3,30,84,300,600,3,5
5017,,,10,2,2,2,98,4,60,180,1,5
5018,,,15,1,2,1,74,53,300,600,3,5
5019,,,5,2,2,3,74,92,180,300,2,5
5020,,,5,2,2,1,40,55,180,300,4,5
5021,,,2,2,2,3,43,59,180,300,3,5
5022,,,12,2,2,1,27,64,60,180,2,5
5023,,,17,2,2,3,99,33,60,180,1,5
5024,,,3,1,2,3,53,17,300,600,1,5
5025,,,4,2,2,3,96,21,420,540,1,5
5026,,,2,2,2,1,16,8,0,300,3,5
5027,,,4,2,2,1,37,81,180,300,4,5
5028,,,15,2,2,1,61,50,0,300,1,5
5029,,,13,2,2,1,45,28,60,180,2,5
5030,,,6,2,2,2,54,95,420,540,2,5
5031,,,7,2,2,1,99,31,420,540,3,5
5032,,,14,2,2,1,93,59,0,300,4,5
5033,,,8,2,2,1,45,6,60,180,2,5
5034,,,9,2,2,1,36,89,180,300,4,5
5035,,,9,2,2,2,64,92,60,180,3,5
5036,,,12,2,2,2,16,85,0,300,4,5
5037,,,13,2,2,2,79,49,60,180,3,5
5038,,,2,2,2,2,24,100,300,600,3,5
5039,,,13,2,2,1,14,38,300,600,1,5
5040,,,4,1,2,3,0,33,420,540,2,5
5041,,,8,2,2,2,88,89,300,420,2,5
5042,,,7,2,2,3,84,86,420,540,3,5
5043,,,6,2,2,1,97,90,420,540,2,5
5044,,,14,2,2,2,86,54,300,600,3,5
5045,,,15,2,2,1,27,49,420,540,2,5
5046,,,15,2,2,3,84,62,60,180,3,5
5047,,,5,2,2,1,22,62,60,180,1,5
5048,,,12,2,2,3,19,53,300,600,1,5
5049,,,11,2,2,2,44,38,0,300,4,5
5050,,,5,1,2,2,49,9,420,540,3,5
5051,,,14,1,2,3,9,83,420,540,1,5
5052,,,7,1,2,2,98,40,300,600,3,5
5053,,,7,2,2,1,45,36,180,300,1,5
5054,,,2,1,2,2,9,76,300,600,3,5
5055,,,10,2,2,3,19,52,180,300,2,5
5056,,,7,2,2,3,34,63,60,180,3,5
5057,,,4,2,2,1,58,12,60,180,2,5
5058,,,11,2,2,1,75,56,300,420,3,5
5059,,,14,1,2,3,14,84,300,600,3,5
5060,,,5,1,2,3,74,65,420,540,2,5
5061,,,16,2,2,1,73,72,420,540,1,5
5062,,,12,2,2,2,44,5,60,180,3,5
5063,,,5,2,2,3,9,76,420,540,3,5
5064,,,13,2,2,2,71,2,300,420,4,5
5065,,,6,2,2,2,85,22,0,300,1,5
5066,,,12,2,2,3,92,96,0,300,3,5
5067,,,7,2,2,1,19,83,180,300,1,5
5068,,,17,2,2,3,74,100,420,540,3,5
5069,,,3,2,2,1,21,64,300,420,4,5
5070,,,10,2,2,3,28,29,180,300,4,5
5071,,,13,1,2,2,99,82,300,600,4,5
5072,,,11,2,2,1,87,9,180,300,1,5
5073,,,10,2,2,3,79,54,0,300,2,5
5074,,,13,2,2,2,71,28,60,180,3,5
5075,,,11,2,2,1,26,11,300,420,4,5
5076,,,5,1,2,1,30,37,300,600,4,5
5077,,,10,2,2,1,62,54,180,300,2,5
5078,,,2,2,2,1,63,47,180,300,4,5
5079,,,3,2,2,3,52,34,420,540,3,5
5080,,,9,1,2,1,47,55,420,540,2,5
5081,,,3,2,2,3,52,50,180,300,1,5
5082,,,8,2,2,2,57,97,180,300,4,5
5083,,,7,2,2,1,4,55,180,300,2,5
5084,,,13,1,2,3,84,37,420,540,2,5
5085,,,13,2,2,2,49,20,60,180,2,5
5086,,,3,2,2,3,63,50,420,540,1,5
5087,,,16,2,2,3,95,24,180,300,4,5
5088,,,12,2,2,1,94,69,60,180,4,5
5089,,,9,2,2,1,60,49,420,540,4,5
5090,,,10,1,2,3,27,24,300,600,3,5
5091,,,12,2,2,2,14,91,0,300,4,5
5092,,,7,1,2,1,15,22,300,600,3,5
5093,,,16,2,2,3,47,58,0,300,1,5
5094,,,8,2,2,3,42,12,0,300,1,5
5095,,,13,2,2,3,56,62,420,540,2,5
5096,,,15,2,2,3,56,39,420,540,4,5
5097,,,11,2,2,2,65,88,60,180,4,5
5098,,,7,2,2,1,77,88,60,180,4,5
5099,,,16,2,2,1,14,97,0,300,2,5
5100,,,12,2,2,3,94,44,180,300,2,5
5101,,,3,1,2,1,73,1,420,540,1,5
5102,,,2,2,2,1,70,47,60,180,2,5
5103,,,4,1,2,1,80,63,300,600,2,5
5104,,,9,1,2,1,25,14,300,600,4,5
5105,,,6,2,2,2,25,26,60,180,2,5
5106,,,12,2,2,1,81,22,420,540,3,5
5107,,,4,2,2,2,71,77,60,180,3,5
5108,,,4,1,2,2,37,65,420,540,1,5
5109,,,9,1,2,2,39,19,420,540,1,5
5110,,,7,2,2,2,22,98,60,180,4,5
5111,,,11,2,2,1,90,23,60,180,1,5
5112,,,8,2,2,3,15,22,300,600,1,5
5113,,,6,1,2,3,24,89,420,540,3,5
5114,,,10,2,2,2,84,81,0,300,4,5
5115,,,14,1,2,3,16,43,420,540,1,5
5116,,,6,1,2,1,64,57,300,600,4,5
5117,,,15,2,2,1,7,26,0,300,3,5
5118,,,5,1,2,2,9,32,300,600,4,5
5119,,,4,2,2,3,57,42,60,180,4,5
5120,,,8,2,2,1,56,50,420,540,2,5
5121,,,3,2,2,3,26,43,300,600,3,5
5122,,,5,2,2,3,91,83,60,180,1,5
5123,,,4,2,2,2,33,35,60,180,1,5
5124,,,3,2,2,3,19,65,60,180,2,5
5125,,,5,1,2,3,7,27,420,540,2,5
5126,,,7,2,2,2,61,29,300,420,1,5
5127,,,10,2,2,1,98,60,420,540,2,5
5128,,,3,2,2,3,77,45,420,540,2,5
5129,,,10,2,2,2,7,19,300,600,1,5
5130,,,14,1,2,2,26,21,300,600,1,5
5131,,,12,2,2,3,0,20,300,600,1,5
5132,,,3,2,2,2,79,45,60,180,2,5
5133,,,5,2,2,3,57,3,180,300,3,5
5134,,,12,2,2,3,98,25,420,540,4,5
5135,,,10,1,2,3,47,24,300,600,3,5
5136,,,5,2,2,2,28,8,0,300,1,5
5137,,,8,2,2,3,6,41,0,300,1,5
5138,,,10,2,2,2,39,14,0,300,4,5
5139,,,6,2,2,1,79,91,420,540,1,5
5140,,,6,2,2,2,0,30,300,600,2,5
5141,,,15,2,2,2,27,35,0,300,4,5
5142,,,4,2,2,2,29,93,60,180,2,5
5143,,,11,2,2,1,17,81,0,300,4,5
5144,,,13,2,2,2,63,2,60,180,3,5
5145,,,8,2,2,1,33,87,420,540,2,5
5146,,,6,2,2,1,35,44,0,300,1,5
5147,,,6,1,2,2,84,99,420,540,3,5
5148,,,2,1,2,3,35,8,420,540,4,5
5149,,,12,2,2,2,18,21,300,600,3,5
5150,,,5,2,2,2,76,52,420,540,1,5
5151,,,9,1,2,1,25,46,420,540,2,5
5152,,,11,2,2,3,15,6,180,300,3,5
5153,,,9,2,2,2,11,49,420,540,4,5
5154,,,13,1,2,1,1,41,300,600,4,5
5155,,,13,2,2,3,26,89,300,420,2,5
5156,,,2,2,2,2,48,12,300,420,2,5
5157,,,9,2,2,3,43,80,300,600,2,5
5158,,,9,1,2,1,94,74,300,600,4,5
5159,,,12,2,2,1,10,8,420,540,3,5
5160,,,8,2,2,3,40,69,0,300,4,5
5161,,,17,2,2,2,2,63,420,540,3,5
5162,,,3,2,2,2,8,99,420,540,3,5
5163,,,11,1,2,1,27,96,420,540,1,5
5164,,,5,1,2,2,1,94,300,600,3,5
5165,,,7,2,2,3,22,51,60,180,1,5
5166,,,12,1,2,3,87,4,300,600,1,5
5167,,,11,2,2,2,29,80,60,180,4,5
5168,,,16,2,2,3,49,16,0,300,3,5
5169,,,5,2,2,1,78,50,180,300,3,5
5170,,,6,2,2,1,25,93,420,540,1,5
5171,,,9,2,2,3,61,94,60,180,4,5
5172,,,8,1,2,1,85,38,300,600,1,5
5173,,,4,2,2,3,15,88,0,300,1,5
5174,,,13,2,2,2,43,98,420,540,4,5
5175,,,12,2,2,3,78,61,60,180,4,5
5176,,,2,2,2,1,24,100,180,300,3,5
5177,,,10,1,2,3,21,71,420,540,3,5
5178,,,14,2,2,1,65,41,0,300,1,5
5179,,,14,1,2,3,79,29,420,540,3,5
5180,,,5,2,2,1,78,31,300,420,4,5
5181,,,8,2,2,2,1,2,60,180,3,5
5182,,,9,1,2,3,74,73,300,600,4,5
5183,,,5,1,2,2,54,85,300,600,4,5
5184,,,6,2,2,1,100,48,300,420,1,5
5185,,,9,2,2,3,25,91,0,300,3,5
5186,,,11,2,2,2,68,41,180,300,3,5
5187,,,2,2,2,2,67,83,300,420,4,5
5188,,,15,2,2,1,11,21,60,180,3,5
5189,,,4,1,2,3,79,92,420,540,2,5
5190,,,3,1,2,3,79,100,420,540,4,5
5191,,,7,2,2,3,91,21,60,180,3,5
5192,,,10,2,2,2,49,77,180,300,2,5
5193,,,14,2,2,1,23,82,0,300,4,5
5194,,,14,2,2,1,99,17,0,300,1,5
5195,,,5,1,2,2,27,18,420,540,3,5
5196,,,4,2,2,1,18,3,300,600,4,5
5197,,,12,2,2,2,8,21,300,600,3,5
5198,,,14,2,2,1,69,67,420,540,1,5
5199,,,12,2,2,2,79,4,300,600,2,5
5200,,,5,2,2,2,89,43,420,540,1,5
5201,,,8,2,2,2,8,58,0,300,1,5
5202,,,15,1,2,2,89,69,300,600,1,5
5203,,,5,2,2,2,22,39,300,600,1,5
5204,,,9,2,2,2,58,26,420,540,4,5
5205,,,6,2,2,2,19,75,420,540,4,5
5206,,,13,2,2,2,92,61,0,300,4,5
5207,,,15,2,2,3,40,32,60,180,2,5
5208,,,4,2,2,3,42,52,420,540,2,5
5209,,,2,1,2,1,13,96,300,600,4,5
5210,,,7,2,2,2,70,26,180,300,2,5
5211,,,8,2,2,1,81,59,60,180,2,5
5212,,,8,2,2,3,40,100,420,540,4,5
5213,,,7,2,2,2,71,37,60,180,4,5
5214,,,11,2,2,3,36,90,420,540,3,5
5215,,,6,2,2,3,4,5,60,180,2,5
5216,,,3,2,2,2,46,98,420,540,4,5
5217,,,11,2,2,2,54,68,60,180,1,5
5218,,,4,2,2,1,92,60,60,180,4,5
5219,,,14,1,2,2,11,30,420,540,3,5
5220,,,13,1,2,3,68,39,420,540,4,5
5221,,,15,2,2,2,24,94,420,540,2,5
5222,,,5,1,2,3,39,33,420,540,1,5
5223,,,10,1,2,2,11,18,420,540,3,5
5224,,,9,1,2,3,18,20,300,600,1,5
5225,,,6,2,2,3,57,12,300,420,2,5
5226,,,3,2,2,2,35,49,0,300,4,5
5227,,,4,1,2,1,63,9,300,600,1,5
5228,,,6,1,2,3,34,32,420,540,4,5
5229,,,10,2,2,2,75,70,0,300,1,5
5230,,,8,1,2,2,30,1,420,540,2,5
5231,,,12,2,2,2,9,41,180,300,2,5
5232,,,14,1,2,3,25,0,420,540,1,5
5233,,,2,2,2,3,54,57,420,540,2,5
5234,,,8,2,2,2,9,61,180,300,4,5
5235,,,14,2,2,3,80,8,180,300,4,5
5236,,,13,2,2,2,57,92,300,420,3,5
5237,,,13,1,2,3,66,59,300,600,2,5
5238,,,13,2,2,2,58,32,300,420,2,5
5239,,,10,2,2,2,72,40,420,540,1,5
5240,,,10,2,2,1,90,77,0,300,1,5
5241,,,10,2,2,2,28,1,420,540,4,5
5242,,,11,2,2,2,45,90,420,540,2,5
5243,,,13,2,2,1,89,89,180,300,2,5
5244,,,2,2,2,1,37,14,300,420,2,5
5245,,,12,1,2,1,28,38,420,540,4,5
5246,,,7,2,2,3,86,60,60,180,4,5
5247,,,8,2,2,2,9,23,420,540,3,5
5248,,,9,2,2,3,70,91,0,300,4,5
5249,,,5,2,2,3,58,4,0,300,2,5
5250,,,8,2,2,2,7,65,300,420,2,5
5251,,,10,2,2,3,3,90,0,300,2,5
5252,,,4,1,2,2,13,36,300,600,2,5
5253,,,8,1,2,1,41,15,420,540,1,5
5254,,,6,2,2,3,19,62,180,300,4,5
5255,,,10,2,2,3,77,26,60,180,4,5
5256,,,11,2,2,1,89,4,0,300,4,5
5257,,,16,1,2,2,38,40,300,600,3,5
5258,,,7,1,2,3,81,17,420,540,4,5
5259,,,7,2,2,1,67,56,420,540,1,5
5260,,,14,1,2,3,2,81,420,540,4,5
5261,,,11,2,2,2,28,16,300,600,3,5
5262,,,6,2,2,1,70,47,300,600,2,5
5263,,,15,2,2,2,61,95,300,420,4,5
5264,,,10,2,2,1,83,31,420,540,4,5
5265,,,8,2,2,3,14,11,420,540,3,5
5266,,,7,2,2,1,93,41,60,180,3,5
5267,,,15,2,2,2,8,96,180,300,2,5
5268,,,4,2,2,1,69,6,300,420,1,5
5269,,,5,2,2,1,69,85,420,540,3,5
5270,,,15,2,2,3,29,25,60,180,4,5
5271,,,15,2,2,1,66,69,300,420,3,5
5272,,,3,1,2,3,37,48,300,600,1,5
5273,,,15,2,2,1,80,52,180,300,2,5
5274,,,13,2,2,3,25,42,300,600,2,5
5275,,,12,2,2,1,42,25,0,300,4,5
5276,,,7,2,2,2,51,79,420,540,3,5
5277,,,12,2,2,3,21,77,420,540,3,5
5278,,,13,2,2,2,68,11,0,300,4,5
5279,,,5,2,2,3,98,70,180,300,4,5
5280,,,3,1,2,2,77,61,300,600,3,5
5281,,,15,2,2,2,17,52,0,300,4,5
5282,,,14,2,2,1,73,81,180,300,2,5
5283,,,7,2,2,2,84,47,180,300,4,5
5284,,,5,2,2,1,20,80,300,420,1,5
5285,,,13,2,2,1,80,81,180,300,2,5
5286,,,6,1,2,2,99,94,300,600,3,5
5287,,,16,2,2,3,1,65,180,300,2,5
5288,,,6,1,2,3,75,80,300,600,3,5
5289,,,7,2,2,2,97,54,180,300,1,5
5290,,,6,2,2,1,89,17,180,300,4,5
5291,,,6,2,2,2,11,55,0,300,3,5
5292,,,9,2,2,2,91,73,0,300,4,5
5293,,,12,1,2,2,32,39,420,540,2,5
5294,,,10,2,2,2,5,73,420,540,3,5
5295,,,5,2,2,1,15,29,0,300,4,5
5296,,,4,1,2,1,10,15,420,540,4,5
5297,,,13,2,2,2,16,75,300,600,3,5
5298,,,2,2,2,1,33,44,0,300,4,5
5299,,,15,2,2,2,14,54,60,180,1,5
5300,,,5,2,2,3,84,94,60,180,2,5
5301,,,10,2,2,3,66,53,300,600,2,5
5302,,,12,1,2,2,98,18,420,540,1,5
5303,,,14,2,2,1,46,93,300,420,2,5
5304,,,16,2,2,3,99,99,420,540,2,5
5305,,,4,2,2,1,90,57,60,180,3,5
5306,,,6,2,2,3,16,49,180,300,2,5
5307,,,7,2,2,3,91,17,300,420,2,5
5308,,,7,2,2,1,90,66,420,540,1,5
5309,,,7,1,2,2,24,89,300,600,3,5
5310,,,15,2,2,3,47,2,180,300,3,5
5311,,,17,2,2,3,39,12,420,540,3,5
5312,,,10,2,2,3,38,16,0,300,2,5
5313,,,6,2,2,2,77,71,180,300,4,5
5314,,,14,2,2,1,68,47,420,540,4,5
5315,,,7,2,2,2,19,92,180,300,1,5
5316,,,15,2,2,3,29,47,420,540,3,5
5317,,,15,2,2,2,53,47,420,540,4,5
5318,,,16,2,2,3,9,91,300,600,4,5
5319,,,5,2,2,2,42,81,300,420,2,5
5320,,,10,1,2,1,1,2,300,600,2,5
5321,,,12,1,2,3,73,66,420,540,3,5
5322,,,6,2,2,2,83,15,0,300,2,5
5323,,,11,2,2,2,6,87,180,300,1,5
5324,,,11,1,2,1,91,94,300,600,4,5
5325,,,15,2,2,3,31,13,420,540,2,5
5326,,,12,2,2,3,93,83,300,600,3,5
5327,,,11,2,2,2,0,6,180,300,1,5
5328,,,3,1,2,3,94,78,300,600,1,5
5329,,,12,2,2,1,14,11,300,600,4,5
5330,,,15,2,2,1,66,28,420,540,3,5
5331,,,6,2,2,2,71,83,0,300,1,5
5332,,,15,2,2,3,64,14,420,540,2,5
5333,,,7,2,2,2,22,29,180,300,1,5
5334,,,12,2,2,2,17,90,300,600,4,5
5335,,,11,2,2,1,82,94,420,540,1,5
5336,,,6,2,2,3,64,8,60,180,3,5
5337,,,2,1,2,1,21,97,420,540,3,5
5338,,,5,2,2,2,14,69,60,180,3,5
5339,,,6,2,2,2,36,50,0,300,2,5
5340,,,6,2,2,1,89,44,300,420,3,5
5341,,,16,2,2,1,71,0,0,300,2,5
5342,,,12,2,2,3,44,1,420,540,3,5
5343,,,13,2,2,1,97,91,0,300,3,5
5344,,,12,2,2,3,18,15,420,540,1,5
5345,,,14,2,2,1,63,54,180,300,3,5
5346,,,6,1,2,2,97,57,420,540,2,5
5347,,,6,1,2,3,31,89,300,600,3,5
5348,,,4,2,2,2,14,33,420,540,1,5
5349,,,11,1,2,2,87,91,300,600,4,5
5350,,,16,2,2,3,0,67,60,180,2,5
5351,,,7,1,2,1,81,70,420,540,4,5
5352,,,6,2,2,3,14,21,300,420,4,5
5353,,,2,1,2,1,33,51,300,600,2,5
5354,,,6,2,2,1,15,23,420,540,1,5
5355,,,4,2,2,2,39,17,180,300,2,5
5356,,,12,2,2,2,24,91,300,420,4,5
5357,,,15,2,2,1,88,14,0,300,3,5
5358,,,4,2,2,2,34,5,60,180,1,5
5359,,,2,2,2,3,88,71,180,300,3,5
5360,,,15,2,2,1,50,7,300,600,1,5
5361,,,7,2,2,3,30,35,180,300,4,5
5362,,,13,2,2,3,82,92,180,300,2,5
5363,,,8,2,2,2,56,32,300,420,2,5
5364,,,11,2,2,3,87,89,300,420,1,5
5365,,,14,2,2,1,31,37,300,600,3,5
5366,,,12,1,2,2,39,83,300,600,2,5
5367,,,12,2,2,2,26,88,420,540,1,5
5368,,,4,1,2,1,83,21,300,600,2,5
5369,,,11,2,2,2,6,39,0,300,3,5
5370,,,3,2,2,3,24,100,420,540,3,5
5371,,,9,2,2,2,31,14,180,300,4,5
5372,,,16,2,2,3,91,19,300,420,4,5
5373,,,5,1,2,2,0,37,300,600,4,5
5374,,,12,2,2,2,9,51,0,300,4,5
5375,,,10,2,2,1,65,90,60,180,2,5
5376,,,12,2,2,1,36,73,420,540,1,5
5377,,,4,1,2,3,17,72,300,600,3,5
5378,,,4,2,2,1,59,46,420,540,2,5
5379,,,5,1,2,3,8,5,300,600,1,5
5380,,,8,1,2,3,4,25,300,600,3,5
5381,,,7,1,2,2,10,43,420,540,2,5
5382,,,5,2,2,2,1,31,180,300,1,5
5383,,,4,2,2,2,78,51,300,600,1,5
5384,,,10,1,2,2,28,73,300,600,3,5
5385,,,15,2,2,1,88,16,300,600,2,5
5386,,,3,2,2,2,30,52,0,300,4,5
5387,,,9,2,2,1,48,6,60,180,2,5
5388,,,8,2,2,1,83,7,180,300,3,5
5389,,,11,2,2,2,12,85,180,300,2,5
5390,,,9,2,2,2,68,96,60,180,2,5
5391,,,8,2,2,1,52,54,180,300,2,5
5392,,,3,2,2,2,24,92,180,300,3,5
5393,,,7,2,2,2,8,45,420,540,2,5
5394,,,7,2,2,2,98,73,180,300,1,5
5395,,,1,1,2,3,52,77,420,540,1,5
5396,,,7,2,2,1,9,77,60,180,3,5
5397,,,16,2,2,2,87,48,300,420,4,5
5398,,,16,2,2,1,15,31,420,540,2,5
5399,,,3,2,2,2,18,49,300,420,1,5
5400,,,5,1,2,1,41,47,300,600,1,5
5401,,,3,2,2,3,10,92,0,300,2,5
5402,,,4,2,2,3,81,45,300,600,4,5
5403,,,6,2,2,1,89,13,60,180,4,5
5404,,,13,2,2,3,53,4,300,420,2,5
5405,,,10,1,2,2,21,83,420,540,4,5
5406,,,10,2,2,1,93,51,0,300,4,5
5407,,,16,2,2,3,47,90,180,300,4,5
5408,,,7,2,2,1,18,24,180,300,2,5
5409,,,2,1,2,3,73,24,300,600,1,5
5410,,,8,2,2,2,74,26,180,300,1,5
5411,,,5,2,2,2,67,51,180,300,2,5
5412,,,12,2,2,1,0,63,300,600,1,5
5413,,,5,1,2,3,95,69,300,600,1,5
5414,,,11,2,2,3,70,45,180,300,3,5
5415,,,11,2,2,1,87,17,60,180,3,5
5416,,,11,2,2,2,34,16,180,300,1,5
5417,,,11,2,2,1,41,42,60,180,3,5
5418,,,13,2,2,3,24,1,420,540,2,5
5419,,,2,1,2,1,93,20,300,600,2,5
5420,,,9,1,2,1,75,38,420,540,3,5
5421,,,8,2,2,3,97,45,0,300,4,5
5422,,,15,1,2,3,19,16,420,540,3,5
5423,,,9,2,2,3,75,22,300,600,2,5
5424,,,12,2,2,1,81,25,60,180,4,5
5425,,,9,2,2,3,3,83,420,540,2,5
5426,,,10,2,2,2,61,80,0,300,3,5
5427,,,11,2,2,1,0,4,0,300,2,5
5428,,,13,2,2,1,22,100,0,300,1,5
5429,,,3,2,2,1,48,59,300,420,4,5
5430,,,15,2,2,3,26,87,0,300,2,5
5431,,,14,2,2,3,81,3,180,300,1,5
5432,,,15,2,2,2,100,1,0,300,1,5
5433,,,11,2,2,3,9,12,180,300,2,5
5434,,,8,2,2,1,92,26,420,540,1,5
5435,,,8,2,2,1,41,32,180,300,2,5
5436,,,14,1,2,1,6,3,420,540,4,5
5437,,,9,2,2,1,35,4,60,180,3,5
5438,,,10,2,2,1,56,7,60,180,3,5
5439,,,9,1,2,1,21,77,420,540,2,5
5440,,,9,2,2,1,68,84,180,300,4,5
5441,,,15,2,2,3,40,35,0,300,2,5
5442,,,16,2,2,1,89,21,60,180,3,5
5443,,,3,2,2,3,14,9,300,420,4,5
5444,,,11,2,2,2,69,35,60,180,1,5
5445,,,14,1,2,1,40,85,300,600,2,5
5446,,,8,1,2,1,4,77,300,600,3,5
5447,,,10,2,2,3,26,62,0,300,4,5
5448,,,11,2,2,1,27,26,60,180,4,5
5449,,,10,1,2,2,69,8,300,600,1,5
5450,,,8,2,2,1,56,76,420,540,1,5
5451,,,15,2,2,3,13,4,60,180,2,5
5452,,,7,2,2,2,93,29,60,180,1,5
5453,,,5,1,2,1,80,28,420,540,2,5
5454,,,5,2,2,3,17,15,180,300,3,5
5455,,,4,2,2,3,46,96,420,540,2,5
5456,,,6,2,2,3,58,38,300,420,1,5
5457,,,12,2,2,2,64,79,60,180,2,5
5458,,,16,2,2,2,39,71,420,540,1,5
5459,,,10,2,2,2,4,63,60,180,1,5
5460,,,9,1,2,1,97,67,300,600,4,5
5461,,,4,2,2,3,59,0,420,540,2,5
5462,,,7,2,2,3,68,10,420,540,4,5
5463,,,15,2,2,2,6,74,180,300,2,5
5464,,,9,2,2,1,50,29,180,300,3,5
5465,,,13,2,2,2,61,44,0,300,3,5
5466,,,7,2,2,2,60,63,300,420,3,5
5467,,,7,1,2,1,61,62,420,540,2,5
5468,,,10,2,2,2,20,47,180,300,1,5
5469,,,10,2,2,2,74,51,60,180,3,5
5470,,,5,2,2,1,99,66,0,300,3,5
5471,,,14,1,2,3,3,98,420,540,3,5
5472,,,13,2,2,2,47,64,180,300,1,5
5473,,,12,1,2,2,40,76,420,540,3,5
5474,,,3,1,2,2,3,41,420,540,3,5
5475,,,10,2,2,1,62,96,0,300,4,5
5476,,,13,2,2,3,83,94,300,420,4,5
5477,,,5,2,2,3,44,11,300,420,4,5
5478,,,13,2,2,2,86,99,60,180,4,5
5479,,,13,2,2,3,52,40,60,180,2,5
5480,,,14,2,2,3,39,3,180,300,3,5
5481,,,6,2,2,2,56,39,420,540,3,5
5482,,,3,2,2,2,78,74,420,540,4,5
5483,,,13,1,2,1,0,30,300,600,1,5
5484,,,15,2,2,1,98,91,60,180,3,5
5485,,,4,2,2,2,53,16,0,300,3,5
5486,,,5,1,2,2,28,58,300,600,1,5
5487,,,9,2,2,2,39,56,180,300,4,5
5488,,,6,2,2,2,83,4,0,300,1,5
5489,,,3,1,2,3,56,52,420,540,2,5
5490,,,4,2,2,1,54,0,60,180,1,5
5491,,,8,2,2,1,49,15,420,540,2,5
5492,,,9,2,2,2,6,48,300,600,2,5
5493,,,6,1,2,3,33,86,420,540,1,5
5494,,,3,2,2,1,22,1,420,540,3,5
5495,,,13,1,2,3,100,89,420,540,4,5
5496,,,8,1,2,2,20,62,420,540,1,5
5497,,,5,2,2,2,48,0,180,300,3,5
5498,,,2,1,2,2,31,81,300,600,2,5
5499,,,6,2,2,3,62,72,300,600,1,5
5500,,,13,2,2,3,100,5,420,540,3,5
5501,,,6,1,2,3,95,84,300,600,1,5
5502,,,8,2,2,2,5,17,0,300,4,5
5503,,,12,2,2,2,59,48,0,300,4,5
5504,,,13,2,2,1,46,16,180,300,1,5
5505,,,3,1,2,3,52,53,420,540,4,5
5506,,,15,1,2,1,5,92,300,600,4,5
5507,,,6,2,2,1,20,39,420,540,2,5
5508,,,2,1,2,1,56,83,420,540,3,5
5509,,,14,2,2,2,68,15,420,540,4,5
5510,,,7,1,2,2,37,80,420,540,1,5
5511,,,6,2,2,3,54,15,180,300,3,5
5512,,,8,2,2,3,65,67,300,600,4,5
5513,,,8,2,2,1,19,94,180,300,3,5
5514,,,15,2,2,1,84,0,420,540,2,5
5515,,,8,2,2,2,90,27,180,300,3,5
5516,,,12,2,2,1,24,45,300,420,3,5
5517,,,2,2,2,3,8,41,420,540,2,5
5518,,,4,2,2,3,13,10,60,180,2,5
5519,,,12,2,2,1,48,8,60,180,4,5
5520,,,11,2,2,3,95,99,180,300,3,5
5521,,,6,2,2,1,32,5,180,300,3,5
5522,,,4,2,2,3,57,1,180,300,1,5
5523,,,3,2,2,2,56,56,300,420,1,5
5524,,,11,2,2,2,93,46,180,300,2,5
5525,,,12,2,2,3,4,24,420,540,2,5
5526,,,12,1,2,1,50,75,420,540,2,5
5527,,,5,2,2,2,52,80,300,600,3,5
5528,,,3,2,2,3,18,55,180,300,2,5
5529,,,10,2,2,3,33,3,420,540,4,5
5530,,,12,2,2,3,59,79,420,540,1,5
5531,,,13,2,2,3,63,94,0,300,2,5
5532,,,11,2,2,2,45,7,60,180,1,5
5533,,,6,1,2,1,0,75,300,600,2,5
5534,,,11,2,2,2,74,58,0,300,3,5
5535,,,8,2,2,1,85,31,300,420,1,5
5536,,,3,2,2,2,93,56,300,600,1,5
5537,,,7,2,2,3,14,12,0,300,2,5
5538,,,9,2,2,3,33,62,0,300,4,5
5539,,,4,1,2,3,43,29,300,600,3,5
5540,,,13,2,2,2,64,94,180,300,4,5
5541,,,11,2,2,2,40,21,180,300,1,5
5542,,,14,1,2,3,39,29,420,540,1,5
5543,,,16,2,2,3,54,17,180,300,2,5
5544,,,12,2,2,2,87,42,60,180,3,5
5545,,,7,2,2,3,64,73,420,540,1,5
5546,,,10,2,2,1,33,28,0,300,4,5
5547,,,2,1,2,3,27,63,420,540,4,5
5548,,,12,2,2,2,0,10,420,540,2,5
5549,,,7,2,2,3,26,87,180,300,2,5
5550,,,3,2,2,2,50,86,180,300,4,5
5551,,,9,2,2,1,23,38,180,300,1,5
5552,,,16,2,2,3,54,24,300,420,4,5
5553,,,15,2,2,2,20,39,60,180,2,5
5554,,,8,2,2,1,21,68,300,600,2,5
5555,,,9,1,2,1,90,12,300,600,4,5
5556,,,3,1,2,3,25,81,300,600,3,5
5557,,,4,2,2,2,63,5,0,300,4,5
5558,,,6,2,2,3,5,10,60,180,2,5
5559,,,12,1,2,3,72,9,420,540,3,5
5560,,,13,2,2,3,40,55,180,300,3,5
5561,,,11,2,2,3,64,20,300,420,4,5
5562,,,11,2,2,2,19,92,300,420,4,5
5563,,,10,2,2,3,71,88,60,180,1,5
5564,,,10,2,2,1,74,86,300,600,2,5
5565,,,11,2,2,1,43,90,300,420,1,5
5566,,,15,1,2,1,96,64,420,540,1,5
5567,,,11,2,2,2,99,73,0,300,4,5
5568,,,11,2,2,2,46,54,420,540,4,5
5569,,,8,2,2,1,62,37,420,540,4,5
5570,,,14,2,2,2,5,49,180,300,2,5
5571,,,2,2,2,3,44,32,60,180,4,5
5572,,,11,2,2,3,74,5,60,180,3,5
5573,,,3,2,2,2,90,92,0,300,1,5
5574,,,5,2,2,3,85,33,180,300,2,5
5575,,,3,2,2,3,50,46,300,420,4,5
5576,,,10,1,2,3,50,83,300,600,1,5
5577,,,7,2,2,2,93,16,180,300,3,5
5578,,,10,1,2,1,10,74,420,540,4,5
5579,,,3,1,2,1,77,86,300,600,2,5
5580,,,15,2,2,3,12,96,60,180,2,5
5581,,,4,2,2,2,43,73,0,300,3,5
5582,,,16,1,2,1,37,47,420,540,4,5
5583,,,11,2,2,1,98,47,180,300,3,5
5584,,,8,1,2,1,19,30,420,540,1,5
5585,,,12,2,2,3,9,70,180,300,1,5
5586,,,3,2,2,2,91,60,180,300,4,5
5587,,,13,1,2,3,75,30,300,600,4,5
5588,,,13,2,2,1,94,90,0,300,1,5
5589,,,15,2,2,1,17,50,0,300,1,5
5590,,,10,2,2,1,2,3,0,300,1,5
5591,,,7,2,2,2,43,92,300,420,1,5
5592,,,15,2,2,1,96,58,0,300,1,5
5593,,,15,2,2,2,1,78,60,180,1,5
5594,,,14,2,2,2,97,4,180,300,3,5
5595,,,15,2,2,2,69,39,0,300,3,5
5596,,,12,2,2,1,90,14,180,300,2,5
5597,,,7,1,2,2,0,96,300,600,4,5
5598,,,15,2,2,3,75,22,300,600,3,5
5599,,,7,2,2,3,89,72,180,300,3,5
5600,,,13,1,2,3,21,86,300,600,3,5
5601,,,6,2,2,1,21,99,60,180,3,5
5602,,,12,2,2,3,14,54,60,180,2,5
5603,,,12,1,2,2,17,25,300,600,4,5
5604,,,10,2,2,3,85,44,0,300,4,5
5605,,,15,2,2,1,65,17,300,420,4,5
5606,,,6,2,2,3,16,57,0,300,2,5
5607,,,12,1,2,1,34,23,300,600,3,5
5608,,,8,1,2,1,98,10,300,600,4,5
5609,,,8,2,2,2,53,57,180,300,1,5
5610,,,6,2,2,3,57,5,0,300,1,5
5611,,,6,1,2,2,20,35,300,600,3,5
5612,,,9,2,2,2,88,52,180,300,3,5
5613,,,4,2,2,3,25,2,60,180,1,5
5614,,,10,2,2,1,19,48,180,300,1,5
5615,,,1,1,2,1,48,13,420,540,2,5
5616,,,2,1,2,3,79,91,420,540,2,5
5617,,,6,2,2,1,21,8,300,600,3,5
5618,,,14,2,2,2,99,62,180,300,1,5
5619,,,6,2,2,1,13,59,60,180,4,5
5620,,,10,2,2,1,28,79,180,300,3,5
5621,,,4,2,2,2,37,45,60,180,1,5
5622,,,5,2,2,3,53,66,0,300,1,5
5623,,,7,2,2,3,48,97,300,420,4,5
5624,,,13,2,2,2,70,87,60,180,2,5
5625,,,12,2,2,3,89,49,0,300,1,5
5626,,,6,2,2,3,51,97,300,600,1,5
5627,,,13,1,2,1,70,2,420,540,4,5
5628,,,10,2,2,3,42,53,300,420,1,5
5629,,,12,2,2,1,100,95,0,300,2,5
5630,,,8,2,2,2,45,71,180,300,3,5
5631,,,3,2,2,3,40,60,420,540,4,5
5632,,,11,1,2,3,32,16,420,540,2,5
5633,,,3,1,2,1,56,44,300,600,2,5
5634,,,15,1,2,2,12,4,300,600,2,5
5635,,,7,2,2,2,25,3,300,420,1,5
5636,,,8,2,2,3,27,23,180,300,4,5
5637,,,14,1,2,1,72,10,420,540,3,5
5638,,,6,1,2,3,11,44,300,600,2,5
5639,,,8,2,2,1,82,20,420,540,4,5
5640,,,7,2,2,1,28,60,180,300,2,5
5641,,,16,2,2,1,66,11,180,300,1,5
5642,,,15,2,2,3,9,46,60,180,4,5
5643,,,15,2,2,1,3,20,180,300,2,5
5644,,,8,2,2,3,43,23,180,300,4,5
5645,,,6,2,2,3,99,65,180,300,3,5
5646,,,12,2,2,3,27,41,0,300,1,5
5647,,,4,2,2,2,49,33,0,300,4,5
5648,,,8,1,2,3,53,57,420,540,4,5
5649,,,15,2,2,3,76,57,180,300,3,5
5650,,,15,2,2,1,42,64,0,300,2,5
5651,,,11,2,2,2,78,43,300,600,4,5
5652,,,12,2,2,3,80,70,60,180,2,5
5653,,,15,1,2,2,38,21,300,600,4,5
5654,,,6,2,2,2,52,81,300,420,2,5
5655,,,12,2,2,1,73,44,300,600,1,5
5656,,,10,1,2,1,25,49,300,600,1,5
5657,,,6,2,2,2,57,53,0,300,1,5
5658,,,9,1,2,2,1,28,300,600,4,5
5659,,,12,1,2,1,20,94,300,600,3,5
5660,,,10,2,2,2,34,81,0,300,1,5
5661,,,8,2,2,3,88,68,0,300,1,5
5662,,,6,1,2,2,52,12,300,600,3,5
5663,,,11,2,2,1,76,4,180,300,1,5
5664,,,5,1,2,2,25,21,300,600,3,5
5665,,,10,2,2,1,28,50,300,600,3,5
5666,,,12,2,2,3,97,55,420,540,3,5
5667,,,12,2,2,1,3,73,420,540,4,5
5668,,,10,1,2,3,61,73,420,540,3,5
5669,,,6,2,2,1,68,8,180,300,3,5
5670,,,10,2,2,1,73,95,420,540,4,5
5671,,,8,2,2,1,9,10,420,540,4,5
5672,,,13,1,2,3,21,43,420,540,1,5
5673,,,11,2,2,1,79,36,0,300,3,5
5674,,,8,1,2,1,95,38,300,600,4,5
5675,,,5,2,2,2,15,68,60,180,3,5
5676,,,2,2,2,2,21,43,300,600,1,5
5677,,,14,2,2,2,10,7,300,600,2,5
5678,,,15,2,2,1,18,97,180,300,4,5
5679,,,11,2,2,3,23,5,420,540,1,5
5680,,,7,2,2,3,96,69,300,600,3,5
5681,,,16,2,2,1,52,4,0,300,4,5
5682,,,8,2,2,2,65,65,300,420,1,5
5683,,,3,1,2,1,62,12,300,600,1,5
5684,,,6,2,2,1,8,67,0,300,2,5
5685,,,6,1,2,1,87,57,300,600,4,5
5686,,,1,1,2,3,82,84,420,540,2,5
5687,,,17,2,2,1,25,92,0,300,3,5
5688,,,16,2,2,3,63,9,0,300,2,5
5689,,,6,1,2,1,28,39,420,540,4,5
5690,,,2,2,2,1,22,16,0,300,3,5
5691,,,7,2,2,1,5,59,300,420,2,5
5692,,,7,2,2,3,10,55,300,600,1,5
5693,,,12,1,2,2,35,85,420,540,3,5
5694,,,2,2,2,3,97,36,420,540,3,5
5695,,,16,2,2,2,35,45,180,300,1,5
5696,,,12,2,2,3,27,37,300,420,2,5
5697,,,4,2,2,2,45,2,420,540,1,5
5698,,,14,2,2,3,44,54,60,180,2,5
5699,,,10,2,2,1,55,100,180,300,1,5
5700,,,2,1,2,1,99,64,420,540,3,5
5701,,,8,2,2,3,76,87,420,540,2,5
5702,,,7,1,2,3,57,43,300,600,4,5
5703,,,12,2,2,1,2,62,180,300,1,5
5704,,,14,2,2,2,88,58,300,420,2,5
5705,,,3,1,2,3,68,94,420,540,2,5
5706,,,7,2,2,3,71,91,0,300,1,5
5707,,,12,2,2,3,97,93,0,300,4,5
5708,,,3,1,2,3,68,88,420,540,4,5
5709,,,6,2,2,3,4,42,180,300,2,5
5710,,,11,1,2,3,71,70,420,540,1,5
5711,,,6,2,2,1,59,54,300,420,4,5
5712,,,11,2,2,3,42,16,0,300,4,5
5713,,,10,1,2,3,35,73,420,540,3,5
5714,,,5,2,2,3,63,16,300,600,1,5
5715,,,4,1,2,1,41,96,420,540,2,5
5716,,,11,2,2,1,71,45,60,180,2,5
5717,,,6,2,2,2,31,70,0,300,1,5
5718,,,7,2,2,2,54,45,60,180,3,5
5719,,,17,2,2,1,85,31,60,180,1,5
5720,,,13,2,2,3,96,33,0,300,2,5
5721,,,16,2,2,1,84,62,420,540,3,5
5722,,,9,2,2,2,5,85,60,180,1,5
5723,,,11,1,2,2,43,37,300,600,3,5
5724,,,7,2,2,1,21,38,420,540,1,5
5725,,,4,2,2,2,79,35,180,300,1,5
5726,,,9,2,2,2,55,81,60,180,2,5
5727,,,7,2,2,3,10,60,420,540,3,5
5728,,,10,1,2,2,59,15,300,600,2,5
5729,,,9,2,2,1,60,17,180,300,1,5
5730,,,14,2,2,2,77,65,420,540,2,5
5731,,,3,2,2,1,64,9,60,180,2,5
5732,,,10,2,2,3,83,11,420,540,2,5
5733,,,2,2,2,1,49,7,180,300,1,5
5734,,,10,2,2,1,62,64,420,540,4,5
5735,,,6,1,2,2,92,17,420,540,1,5
5736,,,12,2,2,3,25,2,180,300,3,5
5737,,,6,1,2,1,87,41,420,540,2,5
5738,,,9,2,2,2,39,17,300,600,2,5
5739,,,5,2,2,1,19,48,300,420,2,5
5740,,,16,2,2,3,53,27,60,180,3,5
5741,,,11,2,2,1,36,27,300,600,2,5
5742,,,14,2,2,1,26,15,300,420,4,5
5743,,,9,1,2,2,32,43,420,540,1,5
5744,,,8,1,2,1,40,7,300,600,3,5
5745,,,10,1,2,1,92,32,300,600,4,5
5746,,,14,2,2,3,53,40,180,300,2,5
5747,,,15,2,2,3,39,29,60,180,1,5
5748,,,11,2,2,2,78,34,0,300,4,5
5749,,,7,2,2,1,100,59,60,180,2,5
5750,,,7,2,2,1,54,38,420,540,4,5
5751,,,9,1,2,1,47,55,300,600,4,5
5752,,,13,2,2,1,88,49,300,420,4,5
5753,,,14,1,2,2,28,69,420,540,1,5
5754,,,7,2,2,2,12,81,300,600,3,5
5755,,,6,2,2,2,73,51,420,540,3,5
5756,,,14,1,2,3,67,61,420,540,4,5
5757,,,2,2,2,1,39,1,0,300,4,5
5758,,,13,1,2,1,37,74,420,540,3,5
5759,,,3,1,2,2,45,0,420,540,2,5
5760,,,12,2,2,3,82,34,420,540,1,5
5761,,,10,2,2,3,13,16,180,300,3,5
5762,,,11,1,2,3,67,40,420,540,2,5
5763,,,7,2,2,1,79,95,180,300,2,5
5764,,,7,2,2,1,20,80,60,180,3,5
5765,,,6,1,2,3,6,26,420,540,4,5
5766,,,12,1,2,1,61,97,300,600,2,5
5767,,,11,2,2,2,96,1,300,420,1,5
5768,,,9,2,2,3,54,81,0,300,1,5
5769,,,8,2,2,2,38,74,180,300,2,5
5770,,,4,2,2,1,87,98,180,300,1,5
5771,,,6,2,2,2,63,17,180,300,2,5
5772,,,6,2,2,1,3,81,0,300,1,5
5773,,,5,2,2,3,48,38,300,420,2,5
5774,,,7,2,2,2,63,45,180,300,1,5
5775,,,15,2,2,3,90,11,420,540,2,5
5776,,,3,2,2,1,63,53,180,300,1,5
5777,,,2,2,2,3,57,13,420,540,2,5
5778,,,9,1,2,2,97,27,300,600,2,5
5779,,,3,2,2,2,27,28,180,300,4,5
5780,,,15,2,2,2,11,64,60,180,1,5
5781,,,13,2,2,2,47,38,60,180,1,5
5782,,,2,1,2,2,56,39,420,540,2,5
5783,,,16,2,2,1,45,21,180,300,4,5
5784,,,15,2,2,1,40,30,300,600,4,5
5785,,,7,2,2,3,14,99,0,300,1,5
5786,,,7,1,2,2,64,67,420,540,1,5
5787,,,13,2,2,2,2,48,300,600,4,5
5788,,,7,2,2,3,7,91,60,180,3,5
5789,,,10,1,2,3,93,83,300,600,1,5
5790,,,12,2,2,2,43,85,0,300,3,5
5791,,,5,1,2,3,65,63,420,540,1,5
5792,,,13,1,2,3,38,6,300,600,3,5
5793,,,9,2,2,1,43,98,420,540,4,5
5794,,,13,1,2,2,39,97,300,600,3,5
5795,,,4,2,2,3,25,79,420,540,3,5
5796,,,5,2,2,1,7,94,300,600,3,5
5797,,,9,1,2,3,62,17,300,600,4,5
5798,,,8,1,2,1,26,97,420,540,3,5
5799,,,12,2,2,3,97,20,60,180,2,5
5800,,,8,2,2,2,47,62,300,420,3,5
5801,,,7,1,2,2,89,20,420,540,1,5
5802,,,13,2,2,2,24,92,420,540,2,5
5803,,,5,2,2,1,49,76,420,540,2,5
5804,,,13,2,2,3,74,48,60,180,2,5
5805,,,5,2,2,1,6,47,420,540,3,5
5806,,,11,2,2,2,55,28,420,540,1,5
5807,,,2,2,2,3,52,6,300,420,3,5
5808,,,12,2,2,3,59,73,60,180,3,5
5809,,,11,2,2,2,16,13,60,180,1,5
5810,,,14,1,2,1,62,89,420,540,1,5
5811,,,12,2,2,2,86,71,300,420,2,5
5812,,,13,2,2,1,35,96,0,300,3,5
5813,,,5,2,2,3,83,21,0,300,2,5
5814,,,9,2,2,1,10,6,0,300,3,5
5815,,,14,1,2,1,0,54,420,540,1,5
5816,,,16,2,2,2,31,44,180,300,1,5
5817,,,2,2,2,3,46,86,420,540,2,5
5818,,,5,1,2,3,68,39,420,540,3,5
5819,,,11,2,2,2,19,40,420,540,2,5
5820,,,5,2,2,1,35,75,420,540,2,5
5821,,,11,2,2,3,99,73,180,300,4,5
5822,,,6,2,2,1,47,71,420,540,2,5
5823,,,5,1,2,2,94,93,420,540,3,5
5824,,,7,2,2,1,7,67,180,300,4,5
5825,,,7,2,2,1,12,76,300,600,1,5
5826,,,11,2,2,2,73,54,300,600,2,5
5827,,,4,2,2,2,89,38,0,300,2,5
5828,,,6,2,2,3,58,57,300,600,4,5
5829,,,5,2,2,2,90,62,300,420,2,5
5830,,,2,2,2,2,91,83,180,300,4,5
5831,,,3,2,2,1,79,64,60,180,3,5
5832,,,16,2,2,1,38,66,300,600,1,5
5833,,,7,2,2,3,15,8,300,420,3,5
5834,,,5,1,2,3,24,56,420,540,1,5
5835,,,13,2,2,3,8,41,300,600,2,5
5836,,,15,1,2,3,99,35,420,540,3,5
5837,,,3,1,2,3,41,6,420,540,3,5
5838,,,4,2,2,1,50,89,60,180,4,5
5839,,,6,2,2,2,66,84,180,300,2,5
5840,,,12,2,2,3,51,52,0,300,1,5
5841,,,6,2,2,1,91,39,0,300,4,5
5842,,,8,2,2,2,96,98,180,300,1,5
5843,,,13,2,2,2,26,65,180,300,2,5
5844,,,9,2,2,2,64,6,180,300,1,5
5845,,,10,2,2,1,30,36,0,300,4,5
5846,,,8,2,2,3,96,23,180,300,2,5
5847,,,15,2,2,3,16,28,420,540,1,5
5848,,,14,2,2,2,53,52,300,420,2,5
5849,,,6,2,2,2,83,62,180,300,1,5
5850,,,5,1,2,1,8,21,300,600,3,5
5851,,,15,1,2,3,27,8,300,600,1,5
5852,,,14,2,2,2,7,76,300,600,4,5
5853,,,16,2,2,2,64,74,300,420,3,5
5854,,,6,2,2,2,54,23,60,180,1,5
5855,,,9,2,2,3,28,91,0,300,3,5
5856,,,15,1,2,1,98,33,420,540,2,5
5857,,,3,2,2,3,71,47,0,300,4,5
5858,,,14,2,2,3,100,67,60,180,2,5
5859,,,15,2,2,2,53,56,420,540,1,5
5860,,,4,2,2,3,55,50,300,600,1,5
5861,,,12,2,2,2,73,71,0,300,2,5
5862,,,13,2,2,2,73,45,420,540,3,5
5863,,,15,2,2,1,90,61,60,180,4,5
5864,,,14,2,2,1,28,10,60,180,3,5
5865,,,4,2,2,3,1,74,420,540,2,5
5866,,,3,1,2,2,11,67,420,540,4,5
5867,,,14,2,2,3,80,65,180,300,4,5
5868,,,10,2,2,3,47,0,0,300,3,5
5869,,,1,1,2,3,13,7,300,600,2,5
5870,,,14,1,2,2,31,36,420,540,1,5
5871,,,9,2,2,2,90,25,60,180,2,5
5872,,,3,2,2,1,47,55,420,540,3,5
5873,,,8,1,2,1,1,37,300,600,2,5
5874,,,2,2,2,3,17,27,300,420,2,5
5875,,,7,2,2,3,39,59,0,300,3,5
5876,,,9,2,2,1,17,40,60,180,3,5
5877,,,14,1,2,2,42,16,300,600,2,5
5878,,,6,2,2,2,19,16,60,180,3,5
5879,,,14,2,2,2,73,48,0,300,2,5
5880,,,8,2,2,2,48,70,300,420,1,5
5881,,,7,2,2,1,90,58,0,300,2,5
5882,,,4,1,2,3,15,7,300,600,4,5
5883,,,3,2,2,3,0,98,0,300,1,5
5884,,,10,2,2,3,54,1,300,420,4,5
5885,,,7,2,2,3,37,21,60,180,4,5
5886,,,4,2,2,3,14,63,0,300,1,5
5887,,,12,1,2,1,6,40,300,600,4,5
5888,,,11,1,2,1,10,70,420,540,3,5
5889,,,6,2,2,1,68,24,180,300,1,5
5890,,,5,2,2,1,96,74,300,420,2,5
5891,,,12,1,2,1,78,64,300,600,1,5
5892,,,5,2,2,1,23,39,180,300,4,5
5893,,,8,2,2,2,36,71,300,600,3,5
5894,,,7,2,2,3,32,80,420,540,3,5
5895,,,12,1,2,1,58,40,420,540,3,5
5896,,,12,2,2,1,98,72,60,180,2,5
5897,,,9,2,2,2,73,59,180,300,3,5
5898,,,4,2,2,3,11,85,420,540,2,5
5899,,,15,2,2,3,1,49,180,300,4,5
5900,,,10,2,2,2,7,72,180,300,2,5
5901,,,15,2,2,1,54,94,420,540,3,5
5902,,,11,2,2,2,37,10,60,180,3,5
5903,,,13,1,2,3,5,45,420,540,1,5
5904,,,8,2,2,2,49,100,60,180,1,5
5905,,,12,1,2,2,88,66,300,600,2,5
5906,,,13,2,2,2,17,28,300,420,3,5
5907,,,13,2,2,1,46,21,420,540,1,5
5908,,,16,2,2,2,62,37,0,300,3,5
5909,,,10,1,2,1,98,5,300,600,2,5
5910,,,9,2,2,1,95,52,300,420,4,5
5911,,,14,2,2,1,81,36,60,180,4,5
5912,,,12,2,2,2,97,6,420,540,4,5
5913,,,6,2,2,3,78,72,0,300,4,5
5914,,,14,2,2,2,93,90,420,540,2,5
5915,,,7,2,2,1,30,63,180,300,3,5
5916,,,13,1,2,2,36,60,300,600,4,5
5917,,,13,2,2,3,25,58,300,600,2,5
5918,,,16,2,2,3,45,77,180,300,3,5
5919,,,3,2,2,3,63,24,60,180,4,5
5920,,,6,2,2,1,9,23,180,300,3,5
5921,,,7,1,2,3,35,86,420,540,1,5
5922,,,11,2,2,1,81,77,0,300,1,5
5923,,,4,1,2,3,64,50,420,540,1,5
5924,,,15,1,2,1,67,99,300,600,1,5
5925,,,11,2,2,3,42,81,0,300,1,5
5926,,,9,1,2,2,18,15,300,600,1,5
5927,,,16,2,2,1,24,35,300,420,2,5
5928,,,15,2,2,2,81,53,0,300,1,5
5929,,,12,1,2,2,50,42,420,540,1,5
5930,,,10,2,2,3,28,100,420,540,2,5
5931,,,3,2,2,1,44,84,0,300,1,5
5932,,,12,2,2,1,48,8,180,300,3,5
5933,,,14,2,2,1,2,57,180,300,1,5
5934,,,10,2,2,1,96,72,420,540,3,5
5935,,,8,2,2,2,41,39,420,540,3,5
5936,,,15,2,2,1,4,94,60,180,2,5
5937,,,12,2,2,1,11,92,60,180,4,5
5938,,,14,2,2,1,6,76,0,300,4,5
5939,,,4,1,2,2,18,12,420,540,2,5
5940,,,4,2,2,3,21,88,420,540,1,5
5941,,,14,2,2,1,32,54,60,180,2,5
5942,,,3,1,2,3,57,32,420,540,1,5
5943,,,7,2,2,3,20,75,60,180,1,5
5944,,,4,2,2,2,77,57,420,540,3,5
5945,,,7,2,2,2,44,86,60,180,4,5
5946,,,6,1,2,2,84,82,420,540,3,5
5947,,,15,2,2,3,80,47,0,300,2,5
5948,,,16,1,2,2,91,93,300,600,1,5
5949,,,7,2,2,2,85,54,420,540,4,5
5950,,,12,2,2,2,21,73,420,540,1,5
5951,,,9,2,2,1,61,29,420,540,1,5
5952,,,15,2,2,2,59,52,420,540,4,5
5953,,,3,2,2,3,22,99,0,300,4,5
5954,,,2,2,2,3,10,4,420,540,3,5
5955,,,10,2,2,3,17,86,0,300,4,5
5956,,,14,1,2,1,16,90,300,600,4,5
5957,,,6,1,2,1,68,6,300,600,2,5
5958,,,7,2,2,1,5,74,0,300,3,5
5959,,,9,2,2,3,3,39,420,540,3,5
5960,,,14,2,2,2,51,53,300,600,1,5
5961,,,9,1,2,2,23,25,300,600,2,5
5962,,,14,2,2,1,20,50,420,540,1,5
5963,,,11,2,2,2,70,46,0,300,3,5
5964,,,14,1,2,1,55,11,420,540,4,5
5965,,,8,1,2,2,69,53,300,600,1,5
5966,,,4,2,2,2,25,85,180,300,4,5
5967,,,14,2,2,2,97,92,420,540,3,5
5968,,,15,1,2,3,52,83,300,600,1,5
5969,,,9,2,2,3,4,48,420,540,1,5
5970,,,5,1,2,3,35,57,420,540,3,5
5971,,,15,2,2,3,34,27,0,300,2,5
5972,,,5,2,2,3,13,94,60,180,3,5
5973,,,3,2,2,3,56,13,180,300,2,5
5974,,,15,2,2,1,47,52,0,300,4,5
5975,,,14,1,2,2,36,69,300,600,2,5
5976,,,5,2,2,1,63,6,0,300,2,5
5977,,,5,1,2,2,25,100,420,540,3,5
5978,,,13,2,2,3,52,36,180,300,3,5
5979,,,5,1,2,1,14,13,420,540,2,5
5980,,,12,1,2,1,93,56,420,540,3,5
5981,,,9,2,2,3,69,18,180,300,1,5
5982,,,13,2,2,2,62,83,180,300,3,5
5983,,,10,1,2,2,66,28,300,600,3,5
5984,,,6,2,2,3,77,80,180,300,1,5
5985,,,13,1,2,3,55,80,420,540,1,5
5986,,,15,2,2,2,40,21,300,600,4,5
5987,,,14,2,2,1,91,55,0,300,3,5
5988,,,12,2,2,2,17,82,180,300,1,5
5989,,,8,1,2,2,39,43,420,540,2,5
5990,,,6,2,2,3,48,30,0,300,4,5
5991,,,8,2,2,1,37,52,300,420,2,5
5992,,,8,2,2,3,89,11,420,540,2,5
5993,,,11,1,2,2,53,20,420,540,2,5
5994,,,12,2,2,2,81,48,420,540,3,5
5995,,,4,2,2,1,66,35,180,300,4,5
5996,,,5,2,2,3,75,18,420,540,1,5
5997,,,16,2,2,2,30,7,0,300,4,5
5998,,,9,1,2,3,55,62,300,600,4,5
5999,,,12,2,2,2,92,55,420,540,4,5
6000,,,10,2,2,1,3,79,420,540,4,5
6001,,,11,1,2,3,73,54,420,540,3,5
6002,,,9,2,2,3,1,81,60,180,4,5
6003,,,3,1,2,3,72,62,420,540,2,5
6004,,,14,2,2,2,73,8,420,540,4,5
6005,,,6,1,2,1,70,27,420,540,3,5
6006,,,6,2,2,1,72,79,300,420,1,5
6007,,,15,2,2,1,53,97,60,180,2,5
6008,,,5,2,2,2,41,60,180,300,1,5
6009,,,10,1,2,3,50,57,300,600,3,5
6010,,,14,2,2,3,62,81,420,540,4,5
6011,,,7,2,2,3,57,45,0,300,4,5
6012,,,16,2,2,3,58,59,60,180,3,5
6013,,,9,1,2,2,49,14,420,540,1,5
6014,,,4,2,2,3,2,29,180,300,1,5
6015,,,10,2,2,2,15,54,180,300,4,5
6016,,,8,2,2,3,64,79,0,300,3,5
6017,,,2,1,2,3,14,47,420,540,4,5
6018,,,13,1,2,2,49,98,300,600,4,5
6019,,,11,1,2,2,78,3,420,540,3,5
6020,,,16,2,2,3,34,31,180,300,2,5
6021,,,13,2,2,3,87,14,300,600,2,5
6022,,,17,2,2,2,22,33,180,300,3,5
6023,,,5,1,2,3,79,2,420,540,2,5
6024,,,13,2,2,2,99,51,300,420,4,5
6025,,,7,2,2,3,27,18,300,420,3,5
6026,,,6,2,2,3,96,14,0,300,2,5
6027,,,7,1,2,2,37,25,300,600,3,5
6028,,,10,1,2,2,5,12,420,540,3,5
6029,,,6,2,2,3,69,39,420,540,1,5
6030,,,14,2,2,1,69,75,300,600,1,5
6031,,,9,2,2,3,55,18,420,540,3,5
6032,,,2,2,2,1,40,99,420,540,1,5
6033,,,14,2,2,3,5,50,60,180,2,5
6034,,,5,2,2,2,19,9,300,420,2,5
6035,,,4,2,2,3,97,4,180,300,1,5
6036,,,6,2,2,3,34,32,0,300,4,5
6037,,,5,2,2,2,18,96,300,420,4,5
6038,,,11,1,2,3,67,45,300,600,3,5
6039,,,4,1,2,2,98,52,300,600,3,5
6040,,,5,1,2,1,64,96,300,600,4,5
6041,,,10,2,2,3,33,19,300,600,4,5
6042,,,14,2,2,2,63,31,60,180,2,5
6043,,,3,2,2,3,96,81,180,300,1,5
6044,,,3,1,2,3,79,22,300,600,3,5
6045,,,14,2,2,2,23,10,180,300,2,5
6046,,,5,2,2,2,65,79,300,600,3,5
6047,,,13,2,2,2,56,81,180,300,1,5
6048,,,12,2,2,2,91,14,180,300,2,5
6049,,,10,1,2,2,37,18,420,540,2,5
6050,,,12,2,2,1,72,64,180,300,2,5
6051,,,2,1,2,3,74,23,300,600,2,5
6052,,,16,2,2,2,26,49,420,540,4,5
6053,,,15,2,2,1,77,97,420,540,2,5
6054,,,1,1,2,2,26,5,300,600,4,5
6055,,,3,2,2,3,11,39,420,540,2,5
6056,,,4,1,2,3,40,32,420,540,3,5
6057,,,13,1,2,2,41,31,300,600,3,5
6058,,,3,2,2,2,73,24,180,300,3,5
6059,,,14,2,2,1,88,80,180,300,4,5
6060,,,13,1,2,3,48,100,420,540,4,5
6061,,,12,2,2,1,75,77,60,180,2,5
6062,,,14,2,2,2,35,57,300,600,3,5
6063,,,9,2,2,3,13,35,420,540,1,5
6064,,,7,2,2,3,65,16,300,600,1,5
6065,,,4,2,2,2,74,100,60,180,2,5
6066,,,11,2,2,2,2,35,420,540,1,5
6067,,,16,2,2,2,40,24,180,300,1,5
6068,,,9,2,2,3,41,97,0,300,1,5
6069,,,15,2,2,1,62,0,60,180,1,5
6070,,,15,2,2,3,62,10,300,420,1,5
6071,,,7,2,2,1,65,94,60,180,1,5
6072,,,3,1,2,2,29,33,420,540,2,5
6073,,,5,2,2,1,22,35,180,300,1,5
6074,,,13,2,2,3,42,6,180,300,4,5
6075,,,7,1,2,1,63,27,420,540,4,5
6076,,,12,2,2,2,90,19,60,180,2,5
6077,,,3,2,2,3,16,35,60,180,4,5
6078,,,7,2,2,2,37,74,180,300,1,5
6079,,,10,2,2,2,21,3,0,300,2,5
6080,,,4,2,2,3,7,34,420,540,1,5
6081,,,3,2,2,2,22,49,300,600,1,5
6082,,,7,2,2,1,44,75,420,540,4,5
6083,,,13,2,2,2,59,25,300,600,1,5
6084,,,11,2,2,1,91,30,300,600,3,5
6085,,,9,1,2,2,55,40,300,600,3,5
6086,,,11,2,2,1,79,87,0,300,2,5
6087,,,11,1,2,1,2,13,300,600,3,5
6088,,,3,2,2,2,34,95,420,540,4,5
6089,,,11,2,2,1,34,2,300,600,1,5
6090,,,7,1,2,3,65,41,300,600,4,5
6091,,,10,2,2,2,80,44,0,300,1,5
6092,,,3,2,2,2,25,22,180,300,4,5
6093,,,6,2,2,2,61,68,60,180,1,5
6094,,,13,2,2,2,19,57,300,420,2,5
6095,,,2,2,2,1,15,94,0,300,2,5
6096,,,7,2,2,1,85,21,300,600,2,5
6097,,,11,2,2,3,44,17,420,540,4,5
6098,,,11,2,2,2,27,87,420,540,3,5
6099,,,3,2,2,1,84,69,180,300,1,5
6100,,,5,1,2,3,62,22,420,540,2,5
6101,,,13,2,2,2,71,3,180,300,2,5
6102,,,10,2,2,1,24,71,420,540,2,5
6103,,,4,1,2,2,90,11,420,540,2,5
6104,,,2,2,2,2,17,64,0,300,4,5
6105,,,12,2,2,1,24,78,0,300,4,5
6106,,,13,2,2,2,71,19,60,180,4,5
6107,,,15,1,2,3,26,56,420,540,1,5
6108,,,3,2,2,3,30,79,420,540,3,5
6109,,,11,2,2,2,72,90,300,600,1,5
6110,,,4,2,2,3,91,76,60,180,2,5
6111,,,5,2,2,3,32,24,180,300,4,5
6112,,,5,2,2,2,21,51,180,300,3,5
6113,,,17,2,2,1,83,26,0,300,2,5
6114,,,14,2,2,1,22,63,0,300,3,5
6115,,,13,2,2,3,9,27,180,300,2,5
6116,,,6,1,2,2,14,11,420,540,2,5
6117,,,9,1,2,1,13,93,300,600,4,5
6118,,,5,2,2,3,33,79,0,300,1,5
6119,,,10,1,2,2,38,12,420,540,3,5
6120,,,13,2,2,3,63,1,420,540,1,5
6121,,,3,2,2,3,14,75,0,300,1,5
6122,,,4,1,2,2,91,33,420,540,1,5
6123,,,3,2,2,3,97,56,60,180,2,5
6124,,,8,1,2,2,72,19,300,600,1,5
6125,,,11,2,2,3,41,36,0,300,1,5
6126,,,9,2,2,2,11,27,60,180,2,5
6127,,,3,2,2,2,97,51,0,300,4,5
6128,,,12,1,2,3,18,62,300,600,1,5
6129,,,4,2,2,3,70,83,420,540,4,5
6130,,,15,2,2,2,51,35,300,420,4,5
6131,,,6,1,2,2,88,69,420,540,4,5
6132,,,12,2,2,2,14,15,420,540,4,5
6133,,,5,1,2,2,46,85,300,600,1,5
6134,,,11,2,2,1,23,64,0,300,1,5
6135,,,4,2,2,3,97,59,0,300,1,5
6136,,,4,2,2,2,90,25,180,300,1,5
6137,,,5,2,2,2,17,96,420,540,1,5
6138,,,6,2,2,1,83,80,60,180,3,5
6139,,,14,2,2,3,90,81,0,300,4,5
6140,,,8,2,2,2,70,69,60,180,4,5
6141,,,12,2,2,1,61,33,0,300,3,5
6142,,,3,2,2,1,20,50,300,600,1,5
6143,,,13,2,2,1,12,12,180,300,3,5
6144,,,7,2,2,3,18,69,300,600,1,5
6145,,,16,2,2,2,8,57,300,420,4,5
6146,,,7,2,2,2,45,37,0,300,2,5
6147,,,11,2,2,2,33,41,180,300,3,5
6148,,,15,2,2,3,87,26,60,180,1,5
6149,,,9,1,2,1,65,81,420,540,2,5
6150,,,14,2,2,3,85,33,0,300,4,5
6151,,,4,1,2,1,97,64,420,540,1,5
6152,,,15,2,2,2,95,73,0,300,4,5
6153,,,5,1,2,2,27,32,300,600,4,5
6154,,,7,2,2,3,37,59,180,300,2,5
6155,,,9,2,2,1,23,47,420,540,1,5
6156,,,7,1,2,2,98,60,300,600,1,5
6157,,,15,2,2,2,98,100,300,420,4,5
6158,,,2,1,2,2,29,58,300,600,1,5
6159,,,10,2,2,2,28,40,420,540,4,5
6160,,,14,2,2,2,86,36,0,300,2,5
6161,,,15,1,2,3,91,76,300,600,3,5
6162,,,9,2,2,1,99,37,0,300,4,5
6163,,,11,2,2,3,35,80,180,300,3,5
6164,,,2,1,2,3,38,44,420,540,1,5
6165,,,16,2,2,2,42,71,60,180,3,5
6166,,,5,2,2,2,91,58,420,540,1,5
6167,,,6,2,2,2,82,73,180,300,2,5
6168,,,10,2,2,1,11,51,300,420,2,5
6169,,,8,2,2,1,24,69,300,420,1,5
6170,,,8,2,2,3,52,11,300,600,3,5
6171,,,4,2,2,1,31,72,300,600,4,5
6172,,,14,1,2,1,41,27,420,540,2,5
6173,,,14,1,2,1,95,100,300,600,1,5
6174,,,8,1,2,2,74,61,420,540,2,5
6175,,,1,1,2,1,41,37,300,600,1,5
6176,,,6,2,2,2,29,31,60,180,3,5
6177,,,6,2,2,2,71,75,0,300,1,5
6178,,,10,2,2,2,86,5,420,540,1,5
6179,,,14,2,2,3,26,49,420,540,1,5
6180,,,11,1,2,1,14,7,420,540,2,5
6181,,,12,2,2,1,12,99,300,600,2,5
6182,,,8,2,2,3,65,80,60,180,2,5
6183,,,2,1,2,1,50,11,420,540,4,5
6184,,,9,2,2,2,96,33,300,600,1,5
6185,,,6,2,2,3,67,13,60,180,1,5
6186,,,7,2,2,3,82,21,180,300,2,5
6187,,,4,2,2,3,88,80,0,300,3,5
6188,,,3,2,2,3,1,45,0,300,2,5
6189,,,4,2,2,1,100,18,420,540,4,5
6190,,,8,2,2,2,58,9,300,600,1,5
6191,,,13,2,2,1,77,60,420,540,1,5
6192,,,8,2,2,3,67,10,0,300,2,5
6193,,,7,2,2,2,4,57,0,300,4,5
6194,,,12,1,2,3,35,90,300,600,1,5
6195,,,4,2,2,3,81,71,420,540,2,5
6196,,,13,1,2,3,1,5,420,540,1,5
6197,,,7,2,2,2,48,0,180,300,3,5
6198,,,14,2,2,3,2,52,300,600,2,5
6199,,,4,2,2,2,12,55,300,420,3,5
6200,,,2,1,2,1,94,58,300,600,4,5
6201,,,7,2,2,1,29,77,0,300,3,5
6202,,,8,1,2,2,19,85,300,600,1,5
6203,,,13,2,2,1,1,78,420,540,2,5
6204,,,13,2,2,2,68,49,300,600,3,5
6205,,,14,2,2,1,67,66,420,540,4,5
6206,,,15,2,2,3,18,45,420,540,1,5
6207,,,14,2,2,3,50,32,420,540,3,5
6208,,,10,2,2,1,79,15,60,180,2,5
6209,,,13,2,2,2,72,44,0,300,1,5
6210,,,12,2,2,3,61,60,300,420,2,5
6211,,,8,2,2,2,81,93,180,300,3,5
6212,,,14,1,2,1,58,61,420,540,4,5
6213,,,3,2,2,3,55,4,300,420,1,5
6214,,,8,2,2,2,12,94,0,300,1,5
6215,,,4,2,2,3,96,83,300,420,2,5
6216,,,6,1,2,1,15,25,420,540,4,5
6217,,,3,1,2,2,26,66,300,600,3,5
6218,,,15,2,2,1,1,89,420,540,3,5
6219,,,12,1,2,3,85,62,300,600,2,5
6220,,,10,2,2,1,40,7,60,180,3,5
6221,,,11,2,2,3,33,18,180,300,1,5
6222,,,9,2,2,2,43,39,420,540,4,5
6223,,,7,1,2,2,35,63,420,540,3,5
6224,,,6,2,2,2,11,60,180,300,1,5
6225,,,9,2,2,1,67,82,0,300,1,5
6226,,,6,2,2,1,96,80,0,300,1,5
6227,,,13,1,2,1,93,41,420,540,2,5
6228,,,14,1,2,1,38,50,420,540,4,5
6229,,,10,2,2,2,64,11,420,540,4,5
6230,,,10,2,2,1,3,41,0,300,1,5
6231,,,3,2,2,2,44,10,0,300,2,5
6232,,,10,1,2,2,81,75,300,600,4,5
6233,,,13,2,2,3,43,31,0,300,1,5
6234,,,8,1,2,1,35,59,420,540,3,5
6235,,,9,2,2,1,29,99,420,540,3,5
6236,,,14,2,2,2,92,44,0,300,3,5
6237,,,4,2,2,2,69,52,420,540,4,5
6238,,,15,2,2,1,91,13,420,540,4,5
6239,,,9,2,2,2,4,41,300,420,1,5
6240,,,4,2,2,2,33,99,420,540,2,5
6241,,,12,2,2,2,53,43,60,180,1,5
6242,,,14,1,2,1,15,21,420,540,4,5
6243,,,3,2,2,2,18,73,180,300,4,5
6244,,,5,2,2,2,28,92,300,420,1,5
6245,,,17,2,2,2,74,41,180,300,2,5
6246,,,3,2,2,3,79,64,180,300,2,5
6247,,,7,2,2,3,8,41,420,540,3,5
6248,,,10,2,2,2,96,39,420,540,4,5
6249,,,12,1,2,1,22,84,300,600,1,5
6250,,,3,2,2,3,60,18,60,180,3,5
6251,,,13,2,2,1,11,91,420,540,1,5
6252,,,14,2,2,3,89,28,420,540,4,5
6253,,,16,2,2,3,32,73,180,300,4,5
6254,,,9,2,2,3,71,49,0,300,4,5
6255,,,17,2,2,3,94,31,180,300,2,5
6256,,,10,2,2,3,45,31,420,540,1,5
6257,,,13,2,2,2,80,33,300,420,2,5
6258,,,2,2,2,3,73,36,60,180,2,5
6259,,,4,2,2,3,97,48,0,300,3,5
6260,,,15,2,2,3,10,89,60,180,1,5
6261,,,11,2,2,1,6,75,420,540,4,5
6262,,,6,1,2,3,30,78,420,540,3,5
6263,,,4,1,2,3,50,12,420,540,1,5
6264,,,12,2,2,3,26,37,300,420,1,5
6265,,,7,1,2,2,26,58,300,600,1,5
6266,,,6,1,2,1,30,74,300,600,1,5
6267,,,14,2,2,3,34,79,300,600,1,5
6268,,,8,2,2,2,32,57,180,300,2,5
6269,,,12,2,2,3,10,33,0,300,4,5
6270,,,4,1,2,1,67,49,300,600,1,5
6271,,,14,2,2,3,99,51,420,540,4,5
6272,,,3,2,2,2,46,33,0,300,2,5
6273,,,13,2,2,2,57,93,300,600,1,5
6274,,,4,2,2,2,58,98,420,540,1,5
6275,,,12,2,2,1,5,90,180,300,2,5
6276,,,3,2,2,2,2,33,180,300,1,5
6277,,,13,2,2,3,51,36,420,540,1,5
6278,,,10,1,2,3,60,13,420,540,2,5
6279,,,3,2,2,3,3,60,300,600,2,5
6280,,,7,1,2,2,64,4,300,600,2,5
6281,,,6,2,2,3,90,33,300,600,1,5
6282,,,4,2,2,3,41,39,180,300,4,5
6283,,,4,2,2,3,53,86,60,180,4,5
6284,,,16,2,2,1,58,79,180,300,3,5
6285,,,6,2,2,1,60,25,180,300,2,5
6286,,,4,2,2,3,2,23,420,540,1,5
6287,,,8,2,2,3,35,46,420,540,4,5
6288,,,7,2,2,2,88,57,0,300,3,5
6289,,,9,2,2,1,20,7,300,600,1,5
6290,,,7,1,2,1,29,11,300,600,1,5
6291,,,8,2,2,2,56,45,60,180,2,5
6292,,,15,2,2,3,30,37,420,540,2,5
6293,,,4,2,2,3,31,69,60,180,1,5
6294,,,17,2,2,2,18,29,180,300,2,5
6295,,,12,2,2,3,4,98,300,600,3,5
6296,,,11,2,2,2,89,12,420,540,3,5
6297,,,8,2,2,1,74,44,420,540,2,5
6298,,,16,2,2,1,22,62,180,300,3,5
6299,,,5,2,2,1,45,19,0,300,4,5
6300,,,10,2,2,1,22,48,180,300,4,5
6301,,,11,1,2,3,92,32,420,540,2,5
6302,,,15,1,2,1,19,44,300,600,4,5
6303,,,9,1,2,2,39,60,300,600,4,5
6304,,,4,1,2,2,9,25,300,600,4,5
6305,,,9,1,2,3,64,58,300,600,1,5
6306,,,4,2,2,1,16,71,300,600,4,5
6307,,,9,2,2,2,83,89,300,600,4,5
6308,,,6,2,2,1,3,33,420,540,2,5
6309,,,12,1,2,2,52,24,420,540,3,5
6310,,,7,2,2,1,47,86,60,180,4,5
6311,,,15,2,2,3,66,58,60,180,2,5
6312,,,5,1,2,3,5,74,300,600,4,5
6313,,,13,1,2,3,1,33,300,600,1,5
6314,,,3,2,2,1,29,65,60,180,2,5
6315,,,16,2,2,2,67,42,420,540,1,5
6316,,,2,2,2,1,76,18,180,300,4,5
6317,,,5,2,2,3,74,23,420,540,3,5
6318,,,6,2,2,1,67,27,180,300,4,5
6319,,,13,2,2,3,33,84,180,300,3,5
6320,,,8,1,2,1,9,49,420,540,4,5
6321,,,4,2,2,3,52,2,0,300,4,5
6322,,,15,2,2,1,43,40,420,540,3,5
6323,,,13,2,2,3,35,67,300,420,3,5
6324,,,10,2,2,3,37,67,0,300,2,5
6325,,,3,2,2,3,22,66,420,540,3,5
6326,,,15,2,2,2,85,56,420,540,3,5
6327,,,15,2,2,1,56,24,60,180,4,5
6328,,,2,2,2,1,37,89,420,540,3,5
6329,,,15,2,2,3,56,0,180,300,1,5
6330,,,16,2,2,2,73,25,420,540,4,5
6331,,,5,2,2,1,98,70,0,300,2,5
6332,,,12,2,2,3,63,2,60,180,4,5
6333,,,15,2,2,3,76,57,420,540,4,5
6334,,,8,2,2,1,51,3,180,300,1,5
6335,,,4,1,2,3,18,87,420,540,3,5
6336,,,12,1,2,1,21,16,300,600,3,5
6337,,,14,2,2,3,19,86,300,600,2,5
6338,,,3,1,2,3,87,67,300,600,1,5
6339,,,12,1,2,3,8,22,420,540,2,5
6340,,,14,2,2,2,18,36,300,420,3,5
6341,,,14,2,2,3,40,55,180,300,4,5
6342,,,11,1,2,2,11,74,420,540,2,5
6343,,,2,2,2,3,1,29,180,300,4,5
6344,,,3,2,2,2,15,71,60,180,4,5
6345,,,13,2,2,1,50,2,300,420,2,5
6346,,,9,1,2,3,34,26,300,600,1,5
6347,,,14,2,2,3,87,49,300,420,1,5
6348,,,12,2,2,2,20,90,0,300,4,5
6349,,,4,2,2,1,83,47,60,180,1,5
6350,,,14,1,2,3,31,69,300,600,4,5
6351,,,8,2,2,2,97,99,420,540,1,5
6352,,,16,2,2,1,15,21,300,600,1,5
6353,,,5,1,2,3,86,37,300,600,3,5
6354,,,10,1,2,1,67,43,300,600,3,5
6355,,,5,2,2,2,11,76,300,600,3,5
6356,,,8,2,2,2,18,18,300,600,2,5
6357,,,7,1,2,2,75,59,300,600,4,5
6358,,,9,1,2,2,99,55,420,540,2,5
6359,,,16,2,2,3,13,7,420,540,4,5
6360,,,5,2,2,3,21,42,60,180,3,5
6361,,,13,2,2,2,81,69,420,540,2,5
6362,,,10,2,2,3,73,16,300,600,3,5
6363,,,5,1,2,3,24,52,420,540,3,5
6364,,,8,1,2,2,85,69,420,540,3,5
6365,,,9,2,2,3,86,97,60,180,1,5
6366,,,17,2,2,1,51,99,0,300,3,5
6367,,,10,1,2,3,2,68,300,600,4,5
6368,,,10,1,2,3,89,56,420,540,4,5
6369,,,14,2,2,1,24,3,180,300,1,5
6370,,,15,2,2,2,15,80,420,540,3,5
6371,,,10,1,2,2,79,3,420,540,2,5
6372,,,3,1,2,3,14,2,300,600,4,5
6373,,,5,1,2,2,34,48,420,540,2,5
6374,,,5,1,2,1,1,70,420,540,1,5
6375,,,14,1,2,2,31,51,300,600,2,5
6376,,,2,2,2,1,6,55,300,600,2,5
6377,,,13,2,2,3,88,2,180,300,3,5
6378,,,6,2,2,2,32,42,180,300,3,5
6379,,,6,1,2,2,66,65,420,540,4,5
6380,,,11,2,2,2,45,6,300,600,1,5
6381,,,4,1,2,1,4,39,300,600,3,5
6382,,,6,1,2,3,95,23,300,600,2,5
6383,,,10,2,2,1,91,85,0,300,3,5
6384,,,5,2,2,2,24,57,420,540,2,5
6385,,,13,1,2,3,40,30,300,600,1,5
6386,,,12,2,2,1,8,72,300,600,2,5
6387,,,15,2,2,1,35,91,300,600,1,5
6388,,,16,1,2,1,62,56,300,600,4,5
6389,,,4,2,2,3,74,22,180,300,1,5
6390,,,2,2,2,3,23,98,180,300,2,5
6391,,,6,2,2,1,57,88,0,300,2,5
6392,,,8,2,2,1,48,43,300,600,1,5
6393,,,3,1,2,2,33,20,300,600,4,5
6394,,,11,1,2,2,76,98,420,540,4,5
6395,,,9,2,2,1,89,11,0,300,4,5
6396,,,14,2,2,2,89,27,420,540,2,5
6397,,,8,1,2,1,16,52,300,600,2,5
6398,,,12,2,2,1,75,13,180,300,1,5
6399,,,8,2,2,2,39,76,300,420,1,5
6400,,,4,2,2,1,51,84,300,420,3,5
6401,,,12,2,2,3,15,35,60,180,2,5
6402,,,11,1,2,2,78,19,300,600,1,5
6403,,,7,2,2,3,62,86,0,300,4,5
6404,,,6,1,2,3,26,35,300,600,2,5
6405,,,3,2,2,1,56,97,300,420,2,5
6406,,,12,1,2,1,21,98,420,540,4,5
6407,,,11,2,2,2,50,31,420,540,4,5
6408,,,3,2,2,1,54,12,0,300,4,5
6409,,,13,2,2,2,27,8,60,180,3,5
6410,,,6,1,2,1,12,38,300,600,3,5
6411,,,3,2,2,2,21,49,60,180,1,5
6412,,,16,2,2,3,9,93,0,300,2,5
6413,,,5,2,2,2,32,60,0,300,1,5
6414,,,11,2,2,1,99,46,60,180,3,5
6415,,,7,2,2,3,29,62,0,300,1,5
6416,,,6,2,2,2,84,38,60,180,3,5
6417,,,15,2,2,2,34,75,60,180,2,5
6418,,,11,2,2,3,75,23,60,180,1,5
6419,,,7,1,2,2,25,31,420,540,2,5
6420,,,12,2,2,3,61,87,300,420,1,5
6421,,,14,2,2,1,82,57,60,180,3,5
6422,,,8,2,2,2,25,50,60,180,1,5
6423,,,10,2,2,2,6,30,180,300,4,5
6424,,,2,1,2,1,96,26,300,600,4,5
6425,,,7,2,2,1,44,5,60,180,2,5
6426,,,5,2,2,1,45,61,0,300,2,5
6427,,,15,2,2,1,57,41,60,180,4,5
6428,,,4,2,2,1,9,84,300,600,3,5
6429,,,13,2,2,2,5,42,300,600,4,5
6430,,,8,2,2,2,13,86,300,420,1,5
6431,,,9,2,2,3,24,78,300,600,1,5
6432,,,7,2,2,1,10,98,60,180,3,5
6433,,,14,1,2,3,33,78,300,600,4,5
6434,,,12,1,2,1,52,50,300,600,1,5
6435,,,4,2,2,3,13,21,60,180,3,5
6436,,,6,2,2,1,73,74,420,540,1,5
6437,,,9,1,2,1,84,25,300,600,2,5
6438,,,7,2,2,3,90,10,180,300,3,5
6439,,,6,2,2,1,49,67,60,180,3,5
6440,,,3,1,2,2,53,29,300,600,2,5
6441,,,8,1,2,3,7,26,300,600,4,5
6442,,,16,2,2,3,2,36,60,180,1,5
6443,,,4,2,2,2,100,86,60,180,3,5
6444,,,10,2,2,3,86,34,420,540,1,5
6445,,,4,1,2,2,57,10,300,600,4,5
6446,,,7,2,2,1,73,38,0,300,1,5
6447,,,4,2,2,2,46,64,300,420,4,5
6448,,,8,2,2,2,15,66,420,540,1,5
6449,,,9,1,2,1,10,53,300,600,1,5
6450,,,15,2,2,1,52,51,60,180,3,5
6451,,,12,2,2,2,93,14,60,180,4,5
6452,,,14,1,2,1,83,43,420,540,3,5
6453,,,13,1,2,3,56,44,420,540,4,5
6454,,,5,1,2,1,74,60,300,600,1,5
6455,,,7,2,2,2,24,52,0,300,4,5
6456,,,6,2,2,3,35,89,0,300,2,5
6457,,,15,1,2,3,81,4,300,600,1,5
6458,,,8,2,2,2,67,46,420,540,4,5
6459,,,4,1,2,3,93,34,420,540,1,5
6460,,,14,2,2,3,9,86,60,180,1,5
6461,,,6,1,2,1,47,49,300,600,1,5
6462,,,13,2,2,3,48,83,420,540,4,5
6463,,,4,2,2,1,71,2,0,300,1,5
6464,,,9,2,2,3,96,44,60,180,3,5
6465,,,3,2,2,2,39,98,0,300,4,5
6466,,,9,2,2,1,97,49,0,300,2,5
6467,,,14,2,2,3,85,88,60,180,4,5
6468,,,11,1,2,2,75,91,300,600,2,5
6469,,,11,2,2,3,11,82,60,180,1,5
6470,,,14,2,2,2,99,26,0,300,1,5
6471,,,7,2,2,3,35,79,0,300,3,5
6472,,,7,2,2,1,98,85,180,300,3,5
6473,,,14,2,2,1,30,98,180,300,4,5
6474,,,2,2,2,3,85,16,0,300,1,5
6475,,,4,2,2,1,82,33,180,300,3,5
6476,,,10,1,2,1,63,41,420,540,4,5
6477,,,9,2,2,1,85,92,420,540,1,5
6478,,,8,1,2,1,78,33,300,600,3,5
6479,,,16,2,2,1,49,25,0,300,1,5
6480,,,13,2,2,1,10,17,60,180,3,5
6481,,,14,2,2,1,33,38,420,540,4,5
6482,,,5,2,2,1,3,66,300,600,1,5
6483,,,7,2,2,3,24,16,180,300,4,5
6484,,,7,2,2,1,44,24,0,300,3,5
6485,,,14,1,2,3,56,66,420,540,3,5
6486,,,6,2,2,3,48,64,180,300,1,5
6487,,,9,2,2,3,81,8,420,540,4,5
6488,,,14,2,2,1,55,8,300,600,3,5
6489,,,4,2,2,2,45,100,0,300,2,5
6490,,,7,1,2,3,96,99,300,600,1,5
6491,,,12,1,2,3,100,90,420,540,2,5
6492,,,12,2,2,3,84,78,60,180,4,5
6493,,,9,2,2,1,100,63,180,300,4,5
6494,,,16,2,2,1,55,55,180,300,2,5
6495,,,3,2,2,3,17,50,60,180,3,5
6496,,,4,2,2,1,6,83,60,180,2,5
6497,,,12,2,2,1,41,50,420,540,3,5
6498,,,2,2,2,2,68,4,420,540,3,5
6499,,,13,1,2,3,21,12,300,600,1,5
6500,,,13,2,2,2,30,48,60,180,2,5
6501,,,10,2,2,1,9,42,0,300,2,5
6502,,,10,2,2,1,84,54,0,300,1,5
6503,,,17,2,2,2,100,85,180,300,4,5
6504,,,6,2,2,2,99,67,300,420,4,5
6505,,,5,2,2,3,21,100,0,300,3,5
6506,,,11,1,2,2,6,94,300,600,4,5
6507,,,15,2,2,3,49,59,60,180,3,5
6508,,,6,1,2,3,3,17,300,600,3,5
6509,,,10,1,2,2,99,88,420,540,1,5
6510,,,7,2,2,1,79,20,60,180,3,5
6511,,,15,2,2,3,2,37,0,300,3,5
6512,,,9,2,2,1,12,29,180,300,2,5
6513,,,14,1,2,3,28,16,420,540,4,5
6514,,,8,2,2,1,49,39,0,300,1,5
6515,,,14,1,2,3,83,39,420,540,3,5
6516,,,13,2,2,2,86,33,60,180,4,5
6517,,,3,2,2,2,62,75,0,300,4,5
6518,,,4,2,2,3,63,44,60,180,1,5
6519,,,15,2,2,2,28,30,420,540,3,5
6520,,,12,2,2,2,7,69,420,540,2,5
6521,,,10,2,2,2,15,34,60,180,1,5
6522,,,11,2,2,1,37,46,60,180,1,5
6523,,,14,2,2,3,92,40,0,300,3,5
6524,,,10,2,2,3,45,53,420,540,4,5
6525,,,8,1,2,2,30,62,420,540,2,5
6526,,,15,1,2,3,58,60,300,600,4,5
6527,,,11,2,2,3,55,16,0,300,3,5
6528,,,5,1,2,3,27,15,300,600,4,5
6529,,,2,2,2,2,80,11,300,600,4,5
6530,,,7,2,2,3,51,84,300,600,4,5
6531,,,13,2,2,1,45,34,180,300,4,5
6532,,,2,1,2,3,6,62,420,540,1,5
6533,,,14,2,2,3,38,34,60,180,4,5
6534,,,12,2,2,3,52,73,60,180,1,5
6535,,,8,2,2,3,14,76,180,300,3,5
6536,,,8,2,2,1,28,2,0,300,2,5
6537,,,6,1,2,1,57,64,420,540,1,5
6538,,,16,1,2,1,90,85,300,600,1,5
6539,,,13,1,2,1,41,40,420,540,2,5
6540,,,11,1,2,3,43,57,300,600,2,5
6541,,,5,2,2,3,96,26,300,600,3,5
6542,,,16,2,2,1,29,38,180,300,4,5
6543,,,8,2,2,2,23,69,60,180,2,5
6544,,,16,2,2,2,91,5,60,180,3,5
6545,,,11,2,2,1,13,7,180,300,2,5
6546,,,7,2,2,2,54,17,420,540,1,5
6547,,,2,1,2,2,1,7,420,540,4,5
6548,,,11,1,2,2,34,16,420,540,2,5
6549,,,9,2,2,2,11,29,180,300,3,5
6550,,,9,2,2,2,84,95,0,300,1,5
6551,,,14,2,2,1,89,50,180,300,3,5
6552,,,10,2,2,3,60,66,300,420,2,5
6553,,,9,1,2,3,20,80,420,540,4,5
6554,,,5,1,2,1,59,56,420,540,3,5
6555,,,11,2,2,2,27,70,60,180,1,5
6556,,,6,2,2,3,22,36,0,300,1,5
6557,,,15,2,2,1,29,27,60,180,1,5
6558,,,6,1,2,3,9,29,300,600,1,5
6559,,,11,1,2,1,41,90,420,540,1,5
6560,,,16,1,2,1,66,16,420,540,3,5
6561,,,10,2,2,3,98,59,0,300,3,5
6562,,,3,2,2,2,80,11,180,300,2,5
6563,,,4,2,2,2,30,51,300,420,3,5
6564,,,4,1,2,3,54,54,420,540,3,5
6565,,,11,2,2,2,50,36,420,540,4,5
6566,,,5,2,2,1,55,37,60,180,4,5
6567,,,8,2,2,2,89,97,0,300,3,5
6568,,,14,1,2,2,41,3,420,540,4,5
6569,,,15,2,2,2,1,18,0,300,4,5
6570,,,3,2,2,3,51,20,420,540,2,5
6571,,,3,2,2,2,36,45,0,300,4,5
6572,,,8,1,2,3,3,22,420,540,2,5
6573,,,12,2,2,3,82,97,180,300,4,5
6574,,,8,2,2,3,20,30,300,600,4,5
6575,,,16,1,2,2,48,94,420,540,2,5
6576,,,5,1,2,2,48,4,420,540,4,5
6577,,,15,2,2,2,96,63,180,300,2,5
6578,,,14,2,2,1,68,32,420,540,4,5
6579,,,8,1,2,3,84,90,420,540,3,5
6580,,,6,2,2,1,76,81,0,300,3,5
6581,,,15,2,2,1,20,10,0,300,4,5
6582,,,9,2,2,3,48,64,60,180,3,5
6583,,,11,2,2,3,63,55,300,420,4,5
6584,,,3,2,2,3,13,40,0,300,4,5
6585,,,5,2,2,3,27,67,60,180,2,5
6586,,,10,2,2,1,36,69,0,300,3,5
6587,,,4,1,2,1,29,83,420,540,3,5
6588,,,14,2,2,2,24,7,180,300,3,5
6589,,,14,2,2,3,38,28,0,300,2,5
6590,,,15,2,2,2,38,86,0,300,3,5
6591,,,7,1,2,3,24,81,300,600,1,5
6592,,,5,2,2,3,78,54,420,540,3,5
6593,,,14,2,2,2,3,51,420,540,1,5
6594,,,11,2,2,2,36,85,0,300,3,5
6595,,,5,2,2,2,11,55,180,300,3,5
6596,,,9,1,2,2,74,3,300,600,2,5
6597,,,3,2,2,3,72,19,60,180,2,5
6598,,,8,2,2,3,84,0,420,540,2,5
6599,,,13,2,2,2,6,19,60,180,2,5
6600,,,3,2,2,1,9,66,180,300,4,5
6601,,,12,1,2,1,3,24,300,600,1,5
6602,,,13,1,2,3,81,65,300,600,4,5
6603,,,9,2,2,3,100,35,420,540,2,5
6604,,,14,1,2,1,64,41,300,600,2,5
6605,,,7,1,2,2,75,44,420,540,2,5
6606,,,14,1,2,1,96,44,420,540,2,5
6607,,,11,2,2,3,60,67,0,300,2,5
6608,,,14,1,2,3,44,17,420,540,2,5
6609,,,13,2,2,3,47,96,60,180,4,5
6610,,,13,1,2,1,11,47,300,600,1,5
6611,,,10,2,2,3,40,76,180,300,2,5
6612,,,13,2,2,2,22,77,300,600,3,5
6613,,,12,2,2,2,48,1,180,300,4,5
6614,,,6,2,2,2,91,93,0,300,2,5
6615,,,14,2,2,2,82,78,180,300,4,5
6616,,,11,2,2,2,91,86,60,180,2,5
6617,,,7,2,2,2,72,65,300,600,4,5
6618,,,8,2,2,3,21,65,180,300,2,5
6619,,,2,1,2,2,22,84,300,600,1,5
6620,,,4,2,2,3,1,60,420,540,1,5
6621,,,15,2,2,2,91,32,420,540,4,5
6622,,,4,2,2,1,72,71,300,600,3,5
6623,,,6,2,2,2,14,96,0,300,1,5
6624,,,14,2,2,3,56,63,60,180,1,5
6625,,,8,2,2,3,82,39,180,300,1,5
6626,,,12,2,2,2,77,55,300,600,2,5
6627,,,4,1,2,2,2,53,420,540,2,5
6628,,,8,1,2,2,98,42,420,540,3,5
6629,,,14,2,2,2,70,0,60,180,2,5
6630,,,9,1,2,1,34,63,420,540,4,5
6631,,,17,2,2,2,70,46,300,420,2,5
6632,,,3,2,2,1,60,94,420,540,4,5
6633,,,15,2,2,2,84,29,420,540,1,5
6634,,,9,2,2,2,37,31,60,180,2,5
6635,,,12,2,2,1,95,82,300,420,3,5
6636,,,7,2,2,1,9,98,0,300,2,5
6637,,,10,1,2,2,24,61,420,540,2,5
6638,,,3,2,2,1,66,18,300,600,1,5
6639,,,7,2,2,2,79,47,420,540,4,5
6640,,,13,2,2,2,96,99,60,180,3,5
6641,,,8,2,2,2,69,54,300,420,4,5
6642,,,8,1,2,2,23,31,420,540,3,5
6643,,,4,1,2,3,69,49,420,540,1,5
6644,,,4,1,2,3,65,9,420,540,3,5
6645,,,5,2,2,1,97,39,0,300,1,5
6646,,,5,2,2,2,2,31,300,600,2,5
6647,,,2,2,2,3,10,99,0,300,3,5
6648,,,11,2,2,2,55,80,60,180,4,5
6649,,,7,2,2,3,1,56,180,300,2,5
6650,,,4,2,2,1,17,78,0,300,4,5
6651,,,3,2,2,2,94,23,180,300,4,5
6652,,,14,2,2,1,58,2,180,300,1,5
6653,,,3,2,2,1,44,32,0,300,2,5
6654,,,16,2,2,3,84,0,300,600,3,5
6655,,,6,2,2,3,40,39,60,180,1,5
6656,,,14,2,2,1,50,32,180,300,4,5
6657,,,4,2,2,2,75,1,60,180,4,5
6658,,,12,2,2,1,80,2,60,180,2,5
6659,,,11,2,2,2,94,93,60,180,4,5
6660,,,11,2,2,1,48,3,0,300,4,5
6661,,,3,1,2,2,33,85,420,540,2,5
6662,,,6,2,2,3,34,80,300,600,2,5
6663,,,15,2,2,2,64,1,180,300,1,5
6664,,,2,1,2,3,42,88,300,600,3,5
6665,,,12,2,2,1,5,30,180,300,2,5
6666,,,4,2,2,1,38,90,420,540,4,5
6667,,,7,2,2,3,30,33,0,300,4,5
6668,,,6,2,2,1,77,44,180,300,2,5
6669,,,12,2,2,2,57,1,180,300,2,5
6670,,,9,2,2,2,22,83,300,420,3,5
6671,,,14,2,2,2,36,3,60,180,4,5
6672,,,10,2,2,2,33,36,0,300,1,5
6673,,,5,2,2,3,95,18,0,300,1,5
6674,,,14,2,2,3,95,61,420,540,2,5
6675,,,11,1,2,2,25,8,420,540,3,5
6676,,,8,1,2,3,64,54,420,540,1,5
6677,,,9,2,2,1,43,27,60,180,3,5
6678,,,8,1,2,3,32,13,420,540,4,5
6679,,,13,2,2,2,81,24,180,300,1,5
6680,,,12,2,2,3,15,83,420,540,2,5
6681,,,16,2,2,1,59,66,300,600,2,5
6682,,,15,2,2,1,68,35,180,300,2,5
6683,,,9,2,2,3,75,65,180,300,1,5
6684,,,11,2,2,1,58,85,60,180,1,5
6685,,,14,1,2,3,77,34,300,600,1,5
6686,,,12,1,2,2,0,94,300,600,1,5
6687,,,8,2,2,1,0,14,420,540,3,5
6688,,,13,1,2,2,52,42,420,540,4,5
6689,,,9,2,2,2,8,44,60,180,3,5
6690,,,10,2,2,3,40,18,60,180,3,5
6691,,,13,1,2,1,87,57,420,540,4,5
6692,,,4,1,2,2,43,56,420,540,4,5
6693,,,4,2,2,3,83,77,300,420,3,5
6694,,,3,1,2,2,17,70,300,600,1,5
6695,,,9,2,2,2,11,38,0,300,1,5
6696,,,13,2,2,3,31,46,0,300,2,5
6697,,,15,2,2,3,63,58,420,540,4,5
6698,,,7,2,2,2,47,75,0,300,1,5
6699,,,5,1,2,2,99,59,300,600,2,5
6700,,,15,1,2,3,90,53,420,540,1,5
6701,,,9,2,2,3,24,71,180,300,4,5
6702,,,12,2,2,3,99,90,300,420,3,5
6703,,,14,1,2,1,57,51,300,600,3,5
6704,,,14,2,2,1,22,41,300,600,1,5
6705,,,14,2,2,1,77,10,300,600,4,5
6706,,,4,2,2,1,92,96,0,300,2,5
6707,,,6,2,2,1,84,29,0,300,4,5
6708,,,14,2,2,1,69,68,60,180,1,5
6709,,,11,2,2,2,44,26,180,300,3,5
6710,,,14,1,2,2,28,40,420,540,1,5
6711,,,13,2,2,3,18,82,180,300,3,5
6712,,,8,2,2,1,88,67,60,180,1,5
6713,,,8,1,2,1,34,100,420,540,4,5
6714,,,4,2,2,3,7,32,420,540,4,5
6715,,,12,2,2,1,45,20,0,300,3,5
6716,,,7,2,2,3,71,38,60,180,4,5
6717,,,2,2,2,3,29,75,300,600,3,5
6718,,,5,2,2,3,31,64,0,300,4,5
6719,,,5,2,2,1,35,35,300,420,2,5
6720,,,3,1,2,3,44,55,420,540,1,5
6721,,,13,2,2,2,50,54,300,600,2,5
6722,,,9,1,2,1,75,44,420,540,2,5
6723,,,11,2,2,2,12,9,60,180,4,5
6724,,,10,2,2,2,88,23,60,180,4,5
6725,,,15,2,2,3,55,97,420,540,3,5
6726,,,12,2,2,3,87,90,300,420,3,5
6727,,,11,2,2,2,72,14,0,300,3,5
6728,,,7,2,2,3,31,82,420,540,2,5
6729,,,6,1,2,1,38,65,420,540,1,5
6730,,,6,2,2,2,46,1,0,300,3,5
6731,,,10,2,2,2,70,3,60,180,4,5
6732,,,5,2,2,2,13,56,180,300,4,5
6733,,,4,2,2,1,72,55,300,600,4,5
6734,,,8,2,2,2,32,35,0,300,1,5
6735,,,6,2,2,2,65,81,180,300,2,5
6736,,,13,2,2,1,35,48,300,420,3,5
6737,,,3,2,2,3,33,30,300,600,3,5
6738,,,3,2,2,1,81,76,0,300,2,5
6739,,,4,1,2,3,19,21,300,600,4,5
6740,,,4,2,2,2,31,96,300,420,3,5
6741,,,13,2,2,3,55,61,0,300,4,5
6742,,,8,2,2,2,0,91,300,420,4,5
6743,,,15,2,2,2,21,19,60,180,2,5
6744,,,5,2,2,3,92,19,0,300,4,5
6745,,,2,2,2,3,15,24,60,180,2,5
6746,,,5,1,2,3,92,12,300,600,3,5
6747,,,6,2,2,3,69,82,420,540,3,5
6748,,,7,2,2,2,20,7,0,300,4,5
6749,,,15,2,2,3,64,27,300,420,1,5
6750,,,16,2,2,1,94,14,300,600,1,5
6751,,,7,2,2,3,9,75,420,540,4,5
6752,,,10,2,2,1,21,4,0,300,1,5
6753,,,9,2,2,1,10,28,60,180,3,5
6754,,,5,1,2,1,91,81,420,540,2,5
6755,,,2,1,2,3,80,57,300,600,2,5
6756,,,5,2,2,2,46,83,300,420,2,5
6757,,,8,1,2,3,63,79,300,600,3,5
6758,,,6,2,2,1,59,12,420,540,3,5
6759,,,13,2,2,2,44,48,60,180,1,5
6760,,,8,2,2,2,54,53,180,300,4,5
6761,,,4,2,2,1,81,53,420,540,3,5
6762,,,16,2,2,2,69,4,60,180,4,5
6763,,,8,1,2,3,50,100,420,540,2,5
6764,,,13,2,2,1,99,51,300,420,3,5
6765,,,14,1,2,3,17,35,420,540,4,5
6766,,,5,2,2,2,57,76,300,600,2,5
6767,,,14,2,2,1,34,16,0,300,4,5
6768,,,14,2,2,1,40,49,180,300,1,5
6769,,,10,1,2,1,40,19,420,540,2,5
6770,,,5,1,2,2,35,36,420,540,4,5
6771,,,11,2,2,2,25,32,420,540,4,5
6772,,,4,1,2,2,50,58,300,600,4,5
6773,,,4,2,2,1,19,87,0,300,3,5
6774,,,11,1,2,1,93,85,420,540,1,5
6775,,,16,2,2,2,11,35,420,540,2,5
6776,,,11,2,2,3,37,70,60,180,2,5
6777,,,12,2,2,1,19,21,180,300,2,5
6778,,,8,1,2,3,95,8,420,540,4,5
6779,,,7,2,2,2,20,11,60,180,3,5
6780,,,14,1,2,1,15,100,420,540,3,5
6781,,,4,2,2,3,46,34,0,300,3,5
6782,,,4,2,2,3,100,55,60,180,2,5
6783,,,13,1,2,1,79,87,420,540,4,5
6784,,,13,1,2,3,29,44,300,600,4,5
6785,,,5,2,2,2,15,43,180,300,3,5
6786,,,2,2,2,3,74,19,0,300,4,5
6787,,,12,2,2,3,48,54,60,180,3,5
6788,,,10,2,2,2,76,58,300,600,4,5
6789,,,5,2,2,2,99,69,0,300,1,5
6790,,,9,2,2,1,86,58,420,540,4,5
6791,,,14,2,2,2,95,14,300,600,3,5
6792,,,2,2,2,3,46,87,0,300,1,5
6793,,,5,1,2,1,14,47,420,540,1,5
6794,,,2,2,2,2,41,47,0,300,1,5
6795,,,6,2,2,2,73,30,180,300,2,5
6796,,,6,1,2,1,40,39,300,600,1,5
6797,,,5,2,2,3,30,63,60,180,4,5
6798,,,3,2,2,3,16,14,180,300,1,5
6799,,,11,2,2,3,2,66,0,300,1,5
6800,,,7,1,2,2,62,88,300,600,4,5
6801,,,7,2,2,2,20,30,60,180,4,5
6802,,,14,2,2,2,36,98,420,540,3,5
6803,,,4,2,2,1,36,31,180,300,1,5
6804,,,12,1,2,1,50,47,420,540,3,5
6805,,,11,1,2,3,20,96,420,540,2,5
6806,,,11,2,2,1,47,91,60,180,3,5
6807,,,10,2,2,1,81,14,300,600,4,5
6808,,,12,2,2,1,58,6,300,420,2,5
6809,,,7,1,2,2,19,59,420,540,2,5
6810,,,5,2,2,3,30,37,0,300,3,5
6811,,,10,2,2,1,25,14,60,180,4,5
6812,,,9,2,2,3,61,54,0,300,4,5
6813,,,5,1,2,3,75,48,300,600,3,5
6814,,,14,2,2,2,63,17,0,300,2,5
6815,,,13,1,2,1,47,53,420,540,1,5
6816,,,6,1,2,1,87,17,300,600,1,5
6817,,,15,2,2,1,79,100,0,300,2,5
6818,,,7,1,2,2,95,61,420,540,2,5
6819,,,7,2,2,3,11,78,180,300,1,5
6820,,,13,1,2,1,35,90,300,600,2,5
6821,,,6,2,2,3,88,19,300,600,3,5
6822,,,10,1,2,1,93,18,300,600,1,5
6823,,,10,2,2,1,67,87,0,300,3,5
6824,,,2,1,2,2,59,75,420,540,1,5
6825,,,16,2,2,1,93,30,180,300,3,5
6826,,,15,2,2,1,30,89,420,540,1,5
6827,,,17,2,2,2,20,53,180,300,4,5
6828,,,16,2,2,2,14,59,300,600,2,5
6829,,,4,2,2,1,29,59,180,300,3,5
6830,,,3,1,2,3,66,13,300,600,1,5
6831,,,17,2,2,3,41,16,300,600,3,5
6832,,,14,2,2,2,15,83,60,180,1,5
6833,,,5,2,2,1,21,44,0,300,4,5
6834,,,10,2,2,3,59,59,180,300,1,5
6835,,,8,1,2,3,24,71,300,600,4,5
6836,,,14,1,2,1,68,59,420,540,4,5
6837,,,15,2,2,2,56,17,180,300,1,5
6838,,,13,1,2,3,82,3,420,540,1,5
6839,,,16,2,2,2,75,60,300,600,2,5
6840,,,13,2,2,1,92,29,180,300,2,5
6841,,,3,2,2,2,73,87,420,540,4,5
6842,,,2,1,2,3,17,94,300,600,3,5
6843,,,10,2,2,1,91,12,180,300,1,5
6844,,,2,1,2,2,61,88,300,600,4,5
6845,,,12,2,2,1,19,87,180,300,1,5
6846,,,3,1,2,3,16,15,420,540,1,5
6847,,,8,2,2,1,46,77,300,600,4,5
6848,,,3,2,2,1,73,72,180,300,2,5
6849,,,13,2,2,1,74,55,180,300,3,5
6850,,,9,2,2,2,49,33,0,300,3,5
6851,,,10,2,2,2,44,90,60,180,1,5
6852,,,12,2,2,3,0,29,420,540,4,5
6853,,,12,2,2,3,89,36,300,600,4,5
6854,,,8,2,2,1,60,38,300,420,3,5
6855,,,4,1,2,3,79,0,420,540,4,5
6856,,,6,2,2,1,2,36,300,420,1,5
6857,,,16,2,2,3,52,82,300,600,4,5
6858,,,6,2,2,2,43,15,0,300,1,5
6859,,,11,1,2,1,39,57,420,540,3,5
6860,,,9,2,2,1,25,67,60,180,3,5
6861,,,14,2,2,2,32,95,300,420,2,5
6862,,,2,2,2,2,66,35,0,300,2,5
6863,,,4,2,2,3,45,1,0,300,1,5
6864,,,11,2,2,3,61,47,0,300,4,5
6865,,,15,2,2,1,91,17,420,540,2,5
6866,,,11,2,2,2,75,74,180,300,1,5
6867,,,8,2,2,1,63,3,420,540,2,5
6868,,,10,1,2,1,89,96,420,540,3,5
6869,,,8,1,2,2,54,21,420,540,4,5
6870,,,5,2,2,1,23,93,60,180,3,5
6871,,,6,2,2,3,44,86,420,540,1,5
6872,,,13,2,2,3,31,30,60,180,3,5
6873,,,7,2,2,1,59,29,180,300,4,5
6874,,,5,2,2,3,19,8,180,300,1,5
6875,,,6,2,2,1,4,89,420,540,4,5
6876,,,7,2,2,3,83,80,180,300,1,5
6877,,,6,2,2,2,54,23,300,600,4,5
6878,,,14,2,2,2,26,48,60,180,2,5
6879,,,7,2,2,1,7,1,180,300,1,5
6880,,,5,2,2,1,9,78,180,300,3,5
6881,,,4,2,2,1,62,40,180,300,3,5
6882,,,3,2,2,2,25,72,420,540,4,5
6883,,,10,2,2,2,3,59,180,300,3,5
6884,,,9,2,2,2,42,81,0,300,4,5
6885,,,6,1,2,2,23,79,420,540,2,5
6886,,,16,2,2,2,79,11,180,300,3,5
6887,,,6,2,2,3,76,79,180,300,4,5
6888,,,9,2,2,1,1,48,420,540,1,5
6889,,,15,2,2,3,33,86,300,600,2,5
6890,,,8,2,2,3,7,5,300,420,3,5
6891,,,4,2,2,1,20,36,60,180,3,5
6892,,,14,2,2,2,44,87,60,180,3,5
6893,,,3,2,2,3,90,60,300,420,1,5
6894,,,15,2,2,1,59,60,300,600,2,5
6895,,,13,2,2,2,78,84,300,600,4,5
6896,,,3,2,2,2,44,71,180,300,2,5
6897,,,12,2,2,3,46,54,0,300,4,5
6898,,,14,2,2,1,9,91,420,540,4,5
6899,,,8,2,2,1,54,85,300,420,4,5
6900,,,6,2,2,1,50,49,420,540,4,5
6901,,,5,1,2,2,48,61,420,540,1,5
6902,,,7,2,2,2,97,70,300,600,1,5
6903,,,11,1,2,3,1,6,420,540,4,5
6904,,,8,2,2,3,21,47,420,540,4,5
6905,,,2,1,2,3,48,87,300,600,4,5
6906,,,16,2,2,2,41,51,420,540,2,5
6907,,,3,2,2,1,37,12,0,300,2,5
6908,,,4,1,2,3,6,36,420,540,4,5
6909,,,9,1,2,3,65,40,420,540,1,5
6910,,,15,2,2,3,29,38,60,180,2,5
6911,,,8,1,2,1,63,47,420,540,3,5
6912,,,14,2,2,1,34,13,180,300,3,5
6913,,,10,2,2,3,12,99,60,180,4,5
6914,,,9,1,2,1,22,89,420,540,4,5
6915,,,4,2,2,1,33,85,60,180,3,5
6916,,,14,1,2,2,71,32,300,600,4,5
6917,,,3,2,2,1,12,61,180,300,2,5
6918,,,9,2,2,1,65,11,60,180,1,5
6919,,,11,2,2,2,97,3,300,600,1,5
6920,,,5,2,2,2,8,49,180,300,3,5
6921,,,13,2,2,1,36,36,0,300,1,5
6922,,,5,2,2,3,86,32,0,300,1,5
6923,,,4,2,2,2,72,40,60,180,2,5
6924,,,6,1,2,3,77,5,420,540,4,5
6925,,,13,2,2,2,25,95,0,300,1,5
6926,,,15,2,2,1,17,51,300,600,4,5
6927,,,6,1,2,3,51,63,420,540,2,5
6928,,,6,2,2,1,18,27,60,180,3,5
6929,,,9,2,2,1,67,43,420,540,3,5
6930,,,11,2,2,2,60,22,180,300,2,5
6931,,,8,2,2,1,23,44,0,300,2,5
6932,,,8,2,2,1,85,9,60,180,4,5
6933,,,6,2,2,2,87,67,0,300,4,5
6934,,,14,1,2,2,69,82,420,540,2,5
6935,,,5,1,2,3,63,93,420,540,4,5
6936,,,12,1,2,3,93,74,300,600,4,5
6937,,,3,2,2,1,43,11,420,540,3,5
6938,,,14,1,2,2,83,68,300,600,4,5
6939,,,8,1,2,3,21,3,420,540,1,5
6940,,,13,2,2,1,84,11,300,600,4,5
6941,,,7,2,2,2,68,59,420,540,2,5
6942,,,12,1,2,3,33,33,420,540,3,5
6943,,,3,2,2,3,89,22,180,300,3,5
6944,,,11,2,2,2,82,5,300,600,4,5
6945,,,14,1,2,3,6,13,300,600,4,5
6946,,,8,2,2,1,52,45,0,300,3,5
6947,,,12,2,2,1,20,92,60,180,4,5
6948,,,4,1,2,2,44,44,420,540,4,5
6949,,,8,2,2,3,46,50,300,600,4,5
6950,,,5,2,2,3,6,58,60,180,4,5
6951,,,7,2,2,3,60,86,60,180,1,5
6952,,,3,1,2,2,12,39,420,540,4,5
6953,,,8,2,2,2,26,21,180,300,3,5
6954,,,3,2,2,3,59,63,180,300,1,5
6955,,,6,2,2,1,49,76,420,540,2,5
6956,,,9,2,2,3,56,32,180,300,4,5
6957,,,10,2,2,3,88,84,420,540,4,5
6958,,,16,1,2,2,77,78,420,540,4,5
6959,,,16,1,2,3,16,53,420,540,2,5
6960,,,5,2,2,2,77,96,0,300,1,5
6961,,,15,2,2,3,19,83,300,600,4,5
6962,,,6,2,2,3,49,94,420,540,1,5
6963,,,3,2,2,1,26,68,0,300,1,5
6964,,,6,2,2,1,37,1,0,300,3,5
6965,,,13,2,2,2,0,17,300,600,2,5
6966,,,6,1,2,1,28,73,300,600,4,5
6967,,,13,1,2,2,22,53,300,600,1,5
6968,,,15,2,2,1,37,47,420,540,3,5
6969,,,12,1,2,3,74,36,420,540,3,5
6970,,,11,1,2,3,9,57,300,600,4,5
6971,,,6,2,2,3,73,88,60,180,3,5
6972,,,14,2,2,2,97,82,180,300,2,5
6973,,,3,1,2,2,95,35,300,600,2,5
6974,,,11,2,2,3,80,71,0,300,1,5
6975,,,8,1,2,1,95,49,300,600,2,5
6976,,,2,2,2,3,2,63,420,540,2,5
6977,,,16,2,2,3,83,26,420,540,2,5
6978,,,7,1,2,1,4,86,300,600,2,5
6979,,,15,1,2,1,95,48,300,600,1,5
6980,,,9,2,2,3,64,38,300,600,4,5
6981,,,8,2,2,1,95,83,420,540,2,5
6982,,,10,1,2,2,37,57,420,540,4,5
6983,,,5,2,2,3,71,60,420,540,3,5
6984,,,10,2,2,1,26,13,0,300,2,5
6985,,,10,2,2,3,65,69,0,300,4,5
6986,,,11,2,2,2,15,88,180,300,2,5
6987,,,16,2,2,3,10,47,0,300,4,5
6988,,,3,2,2,1,25,68,180,300,1,5
6989,,,8,2,2,1,4,93,420,540,3,5
6990,,,9,2,2,1,51,38,0,300,4,5
6991,,,3,2,2,2,3,100,60,180,2,5
6992,,,14,2,2,1,74,64,300,420,1,5
6993,,,3,2,2,3,22,2,420,540,2,5
6994,,,13,1,2,2,19,84,300,600,4,5
6995,,,10,2,2,2,70,0,300,420,4,5
6996,,,7,1,2,2,67,53,420,540,2,5
6997,,,13,2,2,2,95,14,0,300,2,5
6998,,,4,2,2,3,87,30,180,300,4,5
6999,,,9,2,2,3,23,67,60,180,1,5
7000,,,5,2,2,1,47,73,60,180,1,5
7001,,,3,1,2,1,89,76,300,600,1,5
7002,,,5,2,2,1,44,20,300,420,4,5
7003,,,5,2,2,2,40,59,60,180,2,5
7004,,,7,1,2,3,8,7,300,600,1,5
7005,,,14,1,2,3,56,19,300,600,1,5
7006,,,3,2,2,2,27,68,300,600,3,5
7007,,,12,1,2,1,41,95,420,540,1,5
7008,,,5,2,2,2,87,82,0,300,1,5
7009,,,4,2,2,3,68,64,420,540,2,5
7010,,,5,1,2,3,99,50,420,540,2,5
7011,,,7,2,2,3,96,68,0,300,4,5
7012,,,11,2,2,3,50,50,420,540,2,5
7013,,,15,2,2,1,50,3,420,540,1,5
7014,,,6,2,2,3,30,65,180,300,4,5
7015,,,7,2,2,1,82,78,180,300,2,5
7016,,,11,1,2,1,6,73,420,540,3,5
7017,,,2,1,2,1,51,35,420,540,3,5
7018,,,5,2,2,2,71,34,420,540,2,5
7019,,,14,2,2,1,41,26,300,600,4,5
7020,,,10,2,2,1,49,98,60,180,4,5
7021,,,9,1,2,1,43,15,300,600,1,5
7022,,,10,2,2,2,55,24,300,420,4,5
7023,,,8,2,2,3,36,7,420,540,4,5
7024,,,16,1,2,3,7,53,300,600,3,5
7025,,,13,2,2,2,71,54,300,600,4,5
7026,,,14,2,2,1,71,73,60,180,3,5
7027,,,8,2,2,1,24,83,420,540,2,5
7028,,,3,2,2,2,45,83,180,300,1,5
7029,,,15,2,2,3,3,46,300,420,4,5
7030,,,7,2,2,2,41,68,180,300,1,5
7031,,,12,2,2,2,96,50,420,540,4,5
7032,,,12,2,2,3,58,98,180,300,1,5
7033,,,4,2,2,1,64,67,420,540,1,5
7034,,,15,2,2,3,79,59,300,420,3,5
7035,,,13,1,2,3,78,27,420,540,3,5
7036,,,9,2,2,2,88,36,300,420,3,5
7037,,,14,2,2,2,82,56,300,420,3,5
7038,,,7,2,2,1,78,94,60,180,1,5
7039,,,11,2,2,2,96,93,0,300,2,5
7040,,,3,2,2,1,50,13,60,180,2,5
7041,,,4,2,2,1,84,64,0,300,3,5
7042,,,8,2,2,3,81,7,420,540,1,5
7043,,,10,2,2,3,67,38,60,180,2,5
7044,,,10,1,2,3,89,18,420,540,2,5
7045,,,14,2,2,1,99,64,60,180,2,5
7046,,,11,2,2,1,82,57,60,180,1,5
7047,,,10,2,2,1,53,80,420,540,4,5
7048,,,15,1,2,2,98,41,300,600,2,5
7049,,,14,2,2,1,90,2,60,180,4,5
7050,,,15,2,2,3,63,25,300,420,4,5
7051,,,12,2,2,3,69,38,60,180,4,5
7052,,,2,1,2,2,45,84,300,600,1,5
7053,,,14,2,2,2,66,89,300,600,3,5
7054,,,15,2,2,1,86,60,60,180,1,5
7055,,,8,2,2,1,49,60,60,180,2,5
7056,,,14,1,2,3,32,17,300,600,1,5
7057,,,5,2,2,2,59,67,60,180,2,5
7058,,,8,1,2,2,4,62,300,600,1,5
7059,,,3,1,2,3,94,94,420,540,2,5
7060,,,15,2,2,3,39,26,60,180,4,5
7061,,,7,2,2,2,16,59,0,300,1,5
7062,,,17,2,2,3,49,7,420,540,4,5
7063,,,3,1,2,2,51,85,300,600,1,5
7064,,,9,2,2,3,43,3,0,300,1,5
7065,,,5,2,2,1,56,64,420,540,1,5
7066,,,3,2,2,3,69,49,60,180,4,5
7067,,,3,2,2,2,26,60,300,420,1,5
7068,,,14,2,2,3,63,68,0,300,2,5
7069,,,7,1,2,1,3,71,420,540,1,5
7070,,,9,2,2,3,75,48,420,540,1,5
7071,,,17,2,2,3,49,67,300,420,1,5
7072,,,8,2,2,2,97,92,180,300,1,5
7073,,,6,2,2,1,59,81,420,540,3,5
7074,,,3,2,2,3,97,75,60,180,1,5
7075,,,11,2,2,3,40,92,0,300,1,5
7076,,,8,1,2,1,36,35,420,540,4,5
7077,,,4,2,2,3,67,92,300,600,1,5
7078,,,12,2,2,3,39,54,300,420,2,5
7079,,,13,2,2,1,53,41,0,300,4,5
7080,,,7,1,2,2,14,65,300,600,2,5
7081,,,10,1,2,3,3,18,300,600,3,5
7082,,,14,1,2,2,90,57,420,540,2,5
7083,,,4,2,2,2,36,52,300,600,3,5
7084,,,8,2,2,1,25,95,60,180,2,5
7085,,,15,2,2,2,4,20,420,540,2,5
7086,,,9,2,2,2,87,61,0,300,2,5
7087,,,9,2,2,2,19,13,180,300,3,5
7088,,,13,1,2,1,50,15,300,600,4,5
7089,,,11,2,2,2,40,23,420,540,2,5
7090,,,8,2,2,3,93,23,0,300,1,5
7091,,,13,2,2,1,88,12,180,300,2,5
7092,,,10,1,2,3,37,52,420,540,1,5
7093,,,10,2,2,1,21,56,420,540,4,5
7094,,,12,2,2,3,88,44,60,180,2,5
7095,,,2,1,2,2,87,37,420,540,2,5
7096,,,3,2,2,2,53,66,420,540,1,5
7097,,,7,2,2,3,83,91,420,540,1,5
7098,,,7,2,2,2,25,85,420,540,4,5
7099,,,3,1,2,2,96,46,300,600,3,5
7100,,,10,2,2,1,10,35,420,540,2,5
7101,,,9,1,2,1,77,72,300,600,2,5
7102,,,3,2,2,1,31,52,60,180,4,5
7103,,,10,2,2,2,99,62,420,540,4,5
7104,,,7,2,2,3,97,29,300,420,3,5
7105,,,7,2,2,3,89,97,60,180,1,5
7106,,,12,2,2,1,67,25,0,300,1,5
7107,,,6,2,2,1,17,62,420,540,3,5
7108,,,2,1,2,1,64,70,420,540,1,5
7109,,,8,2,2,1,86,87,180,300,1,5
7110,,,8,2,2,3,43,19,180,300,2,5
7111,,,10,1,2,1,86,56,300,600,2,5
7112,,,12,2,2,3,16,46,180,300,4,5
7113,,,6,1,2,3,45,39,420,540,1,5
7114,,,15,2,2,2,51,20,0,300,2,5
7115,,,8,2,2,1,33,51,420,540,4,5
7116,,,15,2,2,1,11,85,180,300,3,5
7117,,,2,2,2,2,41,84,60,180,1,5
7118,,,12,1,2,1,48,64,300,600,2,5
7119,,,11,2,2,2,99,80,180,300,4,5
7120,,,14,2,2,1,23,1,180,300,3,5
7121,,,14,2,2,2,1,77,60,180,3,5
7122,,,17,2,2,1,89,45,180,300,2,5
7123,,,10,2,2,2,14,79,60,180,1,5
7124,,,14,1,2,3,33,14,420,540,4,5
7125,,,11,2,2,1,3,58,420,540,3,5
7126,,,13,2,2,1,61,29,0,300,4,5
7127,,,14,2,2,3,87,97,420,540,1,5
7128,,,13,1,2,1,48,40,300,600,2,5
7129,,,5,1,2,3,20,48,420,540,2,5
7130,,,4,2,2,3,16,79,180,300,3,5
7131,,,8,1,2,3,37,90,300,600,1,5
7132,,,10,1,2,1,88,39,300,600,3,5
7133,,,15,1,2,1,36,66,300,600,2,5
7134,,,10,2,2,1,59,86,60,180,3,5
7135,,,13,2,2,3,54,97,60,180,2,5
7136,,,14,1,2,1,52,62,300,600,2,5
7137,,,7,2,2,2,10,72,300,420,4,5
7138,,,5,1,2,3,84,32,300,600,1,5
7139,,,9,2,2,2,44,74,420,540,1,5
7140,,,7,2,2,3,100,65,180,300,1,5
7141,,,15,2,2,2,0,97,180,300,3,5
7142,,,8,2,2,3,93,4,420,540,3,5
7143,,,11,1,2,1,68,52,300,600,1,5
7144,,,14,1,2,3,28,34,300,600,2,5
7145,,,14,2,2,2,42,67,0,300,1,5
7146,,,6,2,2,3,72,87,0,300,1,5
7147,,,14,2,2,2,86,76,60,180,4,5
7148,,,10,1,2,1,89,11,300,600,4,5
7149,,,11,2,2,2,24,0,0,300,2,5
7150,,,12,2,2,1,12,75,0,300,4,5
7151,,,8,2,2,3,21,6,0,300,3,5
7152,,,7,2,2,2,7,43,420,540,3,5
7153,,,15,2,2,2,49,58,180,300,3,5
7154,,,3,2,2,3,87,16,420,540,4,5
7155,,,6,1,2,3,1,27,420,540,4,5
7156,,,4,1,2,2,51,89,420,540,4,5
7157,,,14,2,2,2,55,51,300,600,3,5
7158,,,11,2,2,2,79,41,180,300,4,5
7159,,,11,1,2,3,26,8,300,600,3,5
7160,,,9,2,2,1,55,71,180,300,2,5
7161,,,4,1,2,2,64,89,300,600,3,5
7162,,,16,2,2,2,75,8,60,180,4,5
7163,,,14,2,2,3,6,74,180,300,4,5
7164,,,7,2,2,3,31,12,0,300,2,5
7165,,,4,2,2,2,8,51,300,600,1,5
7166,,,4,1,2,2,9,41,300,600,2,5
7167,,,8,2,2,3,18,24,0,300,2,5
7168,,,7,2,2,3,20,70,420,540,1,5
7169,,,17,2,2,2,66,1,420,540,1,5
7170,,,10,2,2,2,27,60,420,540,2,5
7171,,,12,2,2,3,95,48,300,420,4,5
7172,,,5,2,2,1,67,41,180,300,2,5
7173,,,5,2,2,2,17,60,180,300,2,5
7174,,,6,2,2,2,34,75,180,300,3,5
7175,,,5,1,2,2,53,97,420,540,1,5
7176,,,16,2,2,1,12,100,180,300,4,5
7177,,,13,2,2,2,8,22,0,300,4,5
7178,,,11,1,2,3,60,77,420,540,4,5
7179,,,12,2,2,2,25,53,0,300,3,5
7180,,,4,2,2,1,8,5,420,540,3,5
7181,,,13,2,2,3,50,11,0,300,3,5
7182,,,12,2,2,2,13,17,420,540,3,5
7183,,,11,1,2,3,28,37,420,540,1,5
7184,,,9,2,2,1,0,62,0,300,1,5
7185,,,12,1,2,3,93,19,420,540,1,5
7186,,,15,2,2,1,82,56,60,180,4,5
7187,,,6,2,2,1,4,34,60,180,2,5
7188,,,10,2,2,2,13,62,60,180,3,5
7189,,,5,2,2,2,5,73,180,300,2,5
7190,,,10,2,2,1,64,45,180,300,4,5
7191,,,4,2,2,2,37,3,420,540,4,5
7192,,,13,2,2,2,35,12,300,420,3,5
7193,,,11,2,2,2,34,50,60,180,1,5
7194,,,10,2,2,2,61,19,60,180,3,5
7195,,,2,2,2,1,48,57,0,300,4,5
7196,,,12,2,2,2,10,92,180,300,4,5
7197,,,2,1,2,3,46,83,420,540,3,5
7198,,,11,1,2,3,72,89,420,540,3,5
7199,,,14,2,2,3,14,96,180,300,4,5
7200,,,9,2,2,3,11,11,420,540,1,5
7201,,,5,2,2,2,74,23,0,300,4,5
7202,,,3,2,2,3,5,76,300,600,4,5
7203,,,6,2,2,1,18,24,300,600,4,5
7204,,,2,1,2,1,21,4,420,540,2,5
7205,,,8,1,2,3,90,22,300,600,3,5
7206,,,8,2,2,3,68,42,300,600,4,5
7207,,,4,2,2,1,6,14,0,300,4,5
7208,,,3,1,2,3,16,28,420,540,3,5
7209,,,15,1,2,3,16,79,300,600,1,5
7210,,,10,2,2,3,65,50,180,300,1,5
7211,,,11,2,2,3,34,18,60,180,3,5
7212,,,9,1,2,3,23,83,420,540,1,5
7213,,,9,2,2,3,22,92,180,300,2,5
7214,,,13,2,2,1,44,98,180,300,4,5
7215,,,8,1,2,2,59,4,300,600,1,5
7216,,,3,1,2,2,17,96,300,600,4,5
7217,,,4,1,2,2,47,86,300,600,3,5
7218,,,2,2,2,3,47,8,0,300,4,5
7219,,,6,1,2,2,24,21,420,540,1,5
7220,,,4,2,2,3,20,88,60,180,1,5
7221,,,9,2,2,1,64,54,60,180,2,5
7222,,,4,1,2,2,18,24,300,600,2,5
7223,,,2,1,2,3,57,48,300,600,4,5
7224,,,13,2,2,1,2,29,0,300,4,5
7225,,,13,1,2,2,95,9,300,600,1,5
7226,,,6,2,2,1,3,31,420,540,1,5
7227,,,9,2,2,1,28,53,420,540,4,5
7228,,,14,2,2,3,22,71,300,600,2,5
7229,,,12,1,2,1,14,94,420,540,4,5
7230,,,6,1,2,1,77,85,300,600,4,5
7231,,,8,2,2,2,10,52,300,420,2,5
7232,,,8,2,2,3,15,87,180,300,4,5
7233,,,4,2,2,2,78,99,60,180,2,5
7234,,,6,2,2,2,32,47,0,300,3,5
7235,,,11,2,2,1,60,26,300,420,3,5
7236,,,8,2,2,1,42,91,300,420,3,5
7237,,,12,2,2,2,42,57,60,180,3,5
7238,,,2,2,2,2,63,72,300,600,1,5
7239,,,5,2,2,3,82,55,180,300,4,5
7240,,,13,2,2,1,64,90,0,300,2,5
7241,,,11,1,2,2,5,19,420,540,4,5
7242,,,7,2,2,1,27,29,0,300,1,5
7243,,,4,2,2,3,16,12,300,420,3,5
7244,,,6,2,2,2,82,58,300,420,4,5
7245,,,3,1,2,2,32,41,420,540,1,5
7246,,,8,2,2,1,20,82,300,600,2,5
7247,,,14,2,2,3,76,86,300,600,1,5
7248,,,13,1,2,1,78,79,300,600,2,5
7249,,,13,2,2,1,6,78,300,420,3,5
7250,,,6,1,2,2,12,60,300,600,1,5
7251,,,12,2,2,1,22,66,60,180,1,5
7252,,,9,2,2,1,24,26,0,300,2,5
7253,,,16,2,2,1,95,11,180,300,3,5
7254,,,11,2,2,1,93,88,60,180,3,5
7255,,,7,2,2,3,11,39,0,300,3,5
7256,,,8,2,2,2,82,75,300,600,4,5
7257,,,12,2,2,3,58,30,0,300,4,5
7258,,,8,2,2,3,62,82,300,600,1,5
7259,,,3,2,2,2,25,4,300,420,2,5
7260,,,6,2,2,1,50,46,0,300,1,5
7261,,,11,2,2,2,91,54,300,420,2,5
7262,,,6,2,2,3,96,96,420,540,4,5
7263,,,17,2,2,2,48,10,0,300,4,5
7264,,,15,1,2,2,21,25,300,600,1,5
7265,,,3,1,2,1,82,51,300,600,4,5
7266,,,12,2,2,1,10,72,180,300,3,5
7267,,,14,2,2,2,32,69,180,300,3,5
7268,,,4,2,2,3,2,26,300,600,1,5
7269,,,8,1,2,1,63,94,420,540,2,5
7270,,,12,2,2,1,45,33,420,540,2,5
7271,,,4,2,2,3,60,91,0,300,4,5
7272,,,11,2,2,1,79,75,420,540,2,5
7273,,,7,2,2,2,0,3,60,180,2,5
7274,,,3,2,2,2,88,49,60,180,4,5
7275,,,14,2,2,2,23,56,60,180,2,5
7276,,,13,2,2,3,60,1,420,540,3,5
7277,,,16,2,2,1,73,97,300,600,3,5
7278,,,16,2,2,1,87,31,180,300,4,5
7279,,,13,2,2,1,11,32,180,300,1,5
7280,,,4,2,2,2,63,7,300,600,2,5
7281,,,13,2,2,2,66,35,60,180,4,5
7282,,,1,1,2,1,97,87,420,540,3,5
7283,,,16,2,2,2,18,44,300,420,2,5
7284,,,4,2,2,1,58,83,300,600,3,5
7285,,,7,2,2,2,77,53,60,180,3,5
7286,,,14,2,2,3,42,91,0,300,3,5
7287,,,15,1,2,1,71,51,420,540,4,5
7288,,,10,2,2,2,1,49,60,180,2,5
7289,,,3,1,2,1,9,73,420,540,2,5
7290,,,8,2,2,2,90,42,420,540,1,5
7291,,,2,1,2,3,0,74,300,600,1,5
7292,,,15,1,2,2,90,75,300,600,2,5
7293,,,4,2,2,1,42,51,300,600,4,5
7294,,,11,1,2,2,99,8,300,600,4,5
7295,,,12,2,2,3,58,60,420,540,3,5
7296,,,12,1,2,3,73,93,420,540,3,5
7297,,,6,1,2,2,97,25,300,600,4,5
7298,,,2,1,2,1,79,21,300,600,3,5
7299,,,11,2,2,1,29,22,420,540,2,5
7300,,,10,1,2,2,37,17,300,600,1,5
7301,,,9,1,2,3,1,77,300,600,1,5
7302,,,2,2,2,1,78,25,300,600,1,5
7303,,,4,2,2,2,81,51,0,300,3,5
7304,,,13,2,2,3,25,10,180,300,1,5
7305,,,10,2,2,2,6,19,60,180,1,5
7306,,,10,2,2,2,21,54,180,300,4,5
7307,,,12,2,2,2,8,44,180,300,4,5
7308,,,9,2,2,3,90,20,0,300,2,5
7309,,,13,2,2,1,21,64,180,300,2,5
7310,,,12,2,2,3,97,44,0,300,2,5
7311,,,15,2,2,3,5,43,60,180,1,5
7312,,,14,2,2,2,68,74,420,540,4,5
7313,,,11,2,2,2,64,4,420,540,4,5
7314,,,10,2,2,2,96,45,180,300,4,5
7315,,,8,2,2,2,96,30,300,600,4,5
7316,,,15,1,2,1,25,72,420,540,2,5
7317,,,11,2,2,3,43,32,0,300,2,5
7318,,,8,1,2,2,98,44,420,540,4,5
7319,,,8,2,2,1,36,4,180,300,4,5
7320,,,9,1,2,3,83,83,420,540,1,5
7321,,,6,2,2,1,13,31,300,420,4,5
7322,,,10,2,2,2,36,7,0,300,2,5
7323,,,12,1,2,3,100,88,420,540,1,5
7324,,,12,2,2,3,78,25,0,300,4,5
7325,,,6,2,2,3,89,92,300,420,3,5
7326,,,16,2,2,2,23,75,60,180,4,5
7327,,,2,1,2,3,89,71,420,540,1,5
7328,,,8,2,2,2,89,53,60,180,3,5
7329,,,8,2,2,2,69,67,420,540,1,5
7330,,,5,2,2,3,69,66,60,180,2,5
7331,,,14,2,2,1,55,92,180,300,2,5
7332,,,13,2,2,2,99,87,300,600,1,5
7333,,,12,2,2,1,12,11,60,180,3,5
7334,,,14,1,2,1,44,55,300,600,1,5
7335,,,14,2,2,1,20,15,60,180,4,5
7336,,,7,1,2,3,21,81,300,600,4,5
7337,,,11,1,2,1,99,27,300,600,1,5
7338,,,8,2,2,1,62,15,0,300,2,5
7339,,,16,2,2,2,2,10,300,420,4,5
7340,,,17,2,2,1,41,10,420,540,2,5
7341,,,4,2,2,3,39,83,180,300,2,5
7342,,,16,2,2,3,55,58,0,300,1,5
7343,,,1,1,2,2,11,94,420,540,1,5
7344,,,11,2,2,2,11,72,0,300,1,5
7345,,,6,1,2,2,39,3,420,540,1,5
7346,,,11,2,2,1,12,21,180,300,3,5
7347,,,16,1,2,3,14,10,420,540,2,5
7348,,,11,2,2,2,10,25,300,600,4,5
7349,,,7,2,2,1,82,71,60,180,1,5
7350,,,2,2,2,2,46,60,420,540,4,5
7351,,,3,1,2,1,7,63,420,540,1,5
7352,,,16,2,2,2,24,55,180,300,3,5
7353,,,15,1,2,3,55,52,420,540,3,5
7354,,,6,2,2,3,13,6,180,300,4,5
7355,,,3,1,2,1,63,98,420,540,1,5
7356,,,15,2,2,3,76,37,300,600,4,5
7357,,,7,2,2,3,82,6,300,600,1,5
7358,,,14,2,2,3,53,11,60,180,2,5
7359,,,12,1,2,2,2,21,300,600,4,5
7360,,,10,2,2,1,14,90,60,180,2,5
7361,,,13,2,2,2,90,64,300,420,2,5
7362,,,7,2,2,3,87,69,300,420,3,5
7363,,,3,1,2,3,57,52,420,540,4,5
7364,,,10,2,2,1,12,85,300,420,1,5
7365,,,16,2,2,2,82,43,180,300,4,5
7366,,,7,1,2,3,99,38,300,600,1,5
7367,,,12,2,2,1,49,18,60,180,1,5
7368,,,8,2,2,3,88,49,300,420,3,5
7369,,,13,2,2,3,36,99,300,600,3,5
7370,,,10,2,2,2,84,1,180,300,2,5
7371,,,5,2,2,1,1,76,180,300,2,5
7372,,,14,1,2,1,5,17,420,540,4,5
7373,,,14,1,2,1,83,52,300,600,3,5
7374,,,3,1,2,2,3,88,420,540,4,5
7375,,,9,2,2,2,88,47,180,300,1,5
7376,,,15,2,2,2,37,64,300,600,2,5
7377,,,3,1,2,3,12,51,420,540,1,5
7378,,,10,2,2,3,0,99,0,300,3,5
7379,,,5,2,2,2,81,60,420,540,3,5
7380,,,5,2,2,1,1,74,420,540,3,5
7381,,,12,1,2,2,26,99,300,600,3,5
7382,,,8,2,2,1,31,20,180,300,3,5
7383,,,3,2,2,1,26,78,180,300,4,5
7384,,,15,1,2,1,78,41,420,540,1,5
7385,,,14,2,2,2,96,53,300,600,1,5
7386,,,3,1,2,1,80,5,300,600,3,5
7387,,,11,1,2,3,77,23,300,600,3,5
7388,,,13,2,2,1,59,72,60,180,4,5
7389,,,12,1,2,3,4,25,420,540,2,5
7390,,,10,2,2,1,58,85,300,600,4,5
7391,,,6,1,2,2,77,60,420,540,1,5
7392,,,15,2,2,1,75,96,60,180,4,5
7393,,,11,2,2,3,20,47,60,180,1,5
7394,,,9,2,2,2,48,86,420,540,3,5
7395,,,4,2,2,2,1,11,60,180,2,5
7396,,,9,1,2,3,4,79,420,540,3,5
7397,,,8,2,2,1,85,63,60,180,1,5
7398,,,12,1,2,2,0,11,300,600,3,5
7399,,,15,2,2,1,98,95,0,300,2,5
7400,,,2,1,2,3,86,53,300,600,2,5
7401,,,3,2,2,3,63,54,420,540,4,5
7402,,,15,1,2,2,77,39,300,600,2,5
7403,,,5,2,2,3,77,44,300,420,2,5
7404,,,15,2,2,3,72,70,300,420,4,5
7405,,,11,2,2,3,99,1,420,540,1,5
7406,,,6,2,2,3,54,4,420,540,4,5
7407,,,11,2,2,3,79,21,180,300,3,5
7408,,,14,2,2,3,32,40,420,540,2,5
7409,,,10,2,2,2,59,8,420,540,3,5
7410,,,8,2,2,3,22,82,180,300,4,5
7411,,,12,2,2,3,71,28,60,180,2,5
7412,,,13,2,2,3,41,63,420,540,2,5
7413,,,3,2,2,3,45,35,0,300,3,5
7414,,,8,2,2,3,12,0,300,420,3,5
7415,,,10,2,2,3,15,1,300,600,1,5
7416,,,6,2,2,3,60,20,60,180,3,5
7417,,,10,2,2,1,80,60,420,540,3,5
7418,,,11,1,2,2,19,86,300,600,3,5
7419,,,7,2,2,1,74,82,60,180,1,5
7420,,,9,2,2,3,61,81,0,300,1,5
7421,,,5,2,2,2,44,38,180,300,3,5
7422,,,4,2,2,2,13,94,300,600,1,5
7423,,,11,2,2,3,95,36,300,600,3,5
7424,,,4,2,2,2,90,56,0,300,1,5
7425,,,9,2,2,2,40,72,60,180,4,5
7426,,,14,1,2,1,92,46,300,600,3,5
7427,,,10,2,2,1,67,62,0,300,1,5
7428,,,11,2,2,1,37,95,180,300,1,5
7429,,,6,2,2,2,32,85,420,540,4,5
7430,,,9,1,2,3,92,47,420,540,3,5
7431,,,13,2,2,3,65,85,0,300,3,5
7432,,,7,2,2,3,45,14,60,180,4,5
7433,,,12,1,2,2,76,30,420,540,4,5
7434,,,5,2,2,1,70,66,420,540,1,5
7435,,,16,2,2,1,6,51,180,300,4,5
7436,,,14,2,2,1,81,46,420,540,4,5
7437,,,12,1,2,1,56,48,420,540,1,5
7438,,,14,2,2,3,94,2,300,600,1,5
7439,,,2,1,2,3,4,69,420,540,2,5
7440,,,15,2,2,1,68,65,420,540,2,5
7441,,,6,2,2,2,28,14,180,300,4,5
7442,,,7,1,2,2,11,81,300,600,4,5
7443,,,10,2,2,3,40,57,300,600,1,5
7444,,,8,2,2,2,81,59,420,540,2,5
7445,,,5,2,2,1,13,17,60,180,3,5
7446,,,14,2,2,3,71,10,420,540,1,5
7447,,,9,2,2,1,4,16,180,300,1,5
7448,,,3,2,2,1,47,12,0,300,3,5
7449,,,3,1,2,1,81,5,420,540,3,5
7450,,,11,1,2,1,12,56,300,600,4,5
7451,,,15,2,2,2,72,69,0,300,3,5
7452,,,11,1,2,2,26,46,420,540,3,5
7453,,,6,2,2,2,16,66,0,300,4,5
7454,,,11,2,2,3,23,22,420,540,4,5
7455,,,8,1,2,1,3,45,420,540,4,5
7456,,,4,2,2,2,89,54,0,300,3,5
7457,,,14,2,2,1,68,81,60,180,2,5
7458,,,7,2,2,1,49,78,420,540,3,5
7459,,,10,2,2,2,78,92,420,540,2,5
7460,,,13,2,2,1,85,69,60,180,1,5
7461,,,16,2,2,1,32,13,420,540,2,5
7462,,,16,2,2,1,62,66,300,600,4,5
7463,,,5,2,2,3,61,58,0,300,4,5
7464,,,7,2,2,2,63,98,300,600,1,5
7465,,,15,2,2,2,29,27,180,300,1,5
7466,,,16,1,2,1,65,76,300,600,2,5
7467,,,14,2,2,1,46,75,0,300,3,5
7468,,,17,2,2,3,59,26,180,300,4,5
7469,,,11,2,2,2,10,4,0,300,3,5
7470,,,13,1,2,1,23,90,420,540,2,5
7471,,,6,2,2,1,95,19,60,180,3,5
7472,,,10,2,2,1,29,18,0,300,4,5
7473,,,14,2,2,2,46,8,420,540,3,5
7474,,,5,2,2,1,49,1,180,300,4,5
7475,,,15,2,2,3,67,53,180,300,1,5
7476,,,5,1,2,1,60,72,300,600,4,5
7477,,,6,2,2,1,26,70,0,300,4,5
7478,,,4,2,2,2,44,64,180,300,3,5
7479,,,4,1,2,1,63,42,420,540,3,5
7480,,,11,1,2,1,70,75,300,600,1,5
7481,,,5,2,2,3,18,95,420,540,4,5
7482,,,12,2,2,3,2,85,60,180,3,5
7483,,,7,2,2,1,47,19,0,300,3,5
7484,,,9,2,2,1,10,42,420,540,3,5
7485,,,5,2,2,1,15,27,420,540,4,5
7486,,,14,1,2,2,84,17,420,540,2,5
7487,,,12,2,2,3,87,13,60,180,2,5
7488,,,6,1,2,2,83,83,420,540,1,5
7489,,,12,2,2,3,48,61,300,420,2,5
7490,,,11,1,2,1,60,88,300,600,3,5
7491,,,5,1,2,3,41,66,300,600,3,5
7492,,,7,2,2,1,9,68,0,300,2,5
7493,,,9,2,2,2,86,50,0,300,4,5
7494,,,14,2,2,3,9,47,60,180,4,5
7495,,,14,2,2,2,93,13,300,600,3,5
7496,,,4,2,2,3,0,53,180,300,2,5
7497,,,8,2,2,2,33,90,60,180,4,5
7498,,,6,2,2,1,95,3,0,300,2,5
7499,,,8,2,2,1,63,46,0,300,3,5
7500,,,14,2,2,1,92,50,180,300,3,5
7501,,,2,1,2,3,62,40,300,600,2,5
7502,,,10,2,2,2,91,23,60,180,3,5
7503,,,10,1,2,2,22,13,300,600,4,5
7504,,,15,2,2,3,49,98,300,420,1,5
7505,,,9,2,2,2,92,9,180,300,1,5
7506,,,7,2,2,2,16,4,300,420,1,5
7507,,,14,2,2,1,65,90,420,540,2,5
7508,,,11,2,2,2,47,74,0,300,2,5
7509,,,9,2,2,3,3,57,60,180,2,5
7510,,,11,2,2,2,88,25,60,180,3,5
7511,,,15,1,2,1,26,38,300,600,4,5
7512,,,8,2,2,2,36,0,0,300,4,5
7513,,,15,1,2,2,47,85,420,540,3,5
7514,,,8,1,2,2,87,3,420,540,1,5
7515,,,13,2,2,1,52,79,300,600,4,5
7516,,,9,2,2,3,43,79,180,300,4,5
7517,,,11,1,2,2,24,75,420,540,2,5
7518,,,6,2,2,3,44,3,180,300,1,5
7519,,,3,2,2,1,77,45,60,180,3,5
7520,,,11,2,2,2,36,0,300,600,2,5
7521,,,7,2,2,1,82,99,420,540,3,5
7522,,,6,2,2,1,35,86,420,540,1,5
7523,,,12,2,2,1,83,97,420,540,3,5
7524,,,5,2,2,1,28,49,0,300,2,5
7525,,,14,2,2,2,5,91,420,540,1,5
7526,,,11,2,2,3,64,30,300,420,2,5
7527,,,9,2,2,3,54,58,300,600,2,5
7528,,,15,2,2,1,48,100,180,300,3,5
7529,,,6,2,2,2,66,1,60,180,3,5
7530,,,13,2,2,3,16,42,0,300,3,5
7531,,,16,2,2,3,5,14,60,180,1,5
7532,,,7,2,2,3,66,33,0,300,1,5
7533,,,4,2,2,1,94,58,60,180,4,5
7534,,,6,2,2,3,14,14,300,420,4,5
7535,,,6,2,2,2,23,9,60,180,3,5
7536,,,6,2,2,3,40,86,180,300,3,5
7537,,,13,2,2,3,77,84,420,540,2,5
7538,,,6,2,2,1,32,79,420,540,3,5
7539,,,12,1,2,3,66,38,300,600,3,5
7540,,,15,1,2,1,78,97,420,540,4,5
7541,,,10,2,2,2,87,5,420,540,4,5
7542,,,5,2,2,1,68,34,180,300,2,5
7543,,,3,2,2,2,52,67,420,540,1,5
7544,,,14,1,2,1,69,74,300,600,1,5
7545,,,16,2,2,2,55,1,60,180,2,5
7546,,,11,2,2,2,48,47,420,540,4,5
7547,,,14,2,2,3,99,65,180,300,3,5
7548,,,8,2,2,1,20,95,180,300,2,5
7549,,,10,2,2,2,36,91,60,180,2,5
7550,,,17,2,2,2,84,96,420,540,1,5
7551,,,12,2,2,3,24,49,420,540,4,5
7552,,,3,2,2,1,1,32,60,180,3,5
7553,,,4,2,2,3,94,38,60,180,4,5
7554,,,12,2,2,2,31,83,300,600,1,5
7555,,,4,1,2,3,92,47,300,600,1,5
7556,,,9,2,2,3,84,39,180,300,4,5
7557,,,12,2,2,3,34,59,180,300,1,5
7558,,,13,2,2,1,78,24,420,540,2,5
7559,,,4,1,2,2,32,97,300,600,2,5
7560,,,6,2,2,3,36,75,0,300,3,5
7561,,,6,2,2,3,28,1,60,180,2,5
7562,,,15,1,2,3,94,29,420,540,2,5
7563,,,5,2,2,2,94,92,0,300,3,5
7564,,,12,1,2,1,74,28,420,540,3,5
7565,,,8,2,2,1,48,77,0,300,2,5
7566,,,15,2,2,3,72,9,60,180,2,5
7567,,,6,1,2,3,9,87,300,600,1,5
7568,,,17,2,2,1,53,67,420,540,2,5
7569,,,4,2,2,3,61,8,420,540,1,5
7570,,,9,2,2,3,7,89,180,300,2,5
7571,,,4,2,2,3,3,95,60,180,2,5
7572,,,12,2,2,1,31,43,0,300,4,5
7573,,,13,2,2,3,74,39,0,300,4,5
7574,,,13,2,2,1,29,15,60,180,4,5
7575,,,4,2,2,2,15,73,180,300,1,5
7576,,,4,2,2,2,35,94,0,300,4,5
7577,,,6,1,2,1,71,94,300,600,2,5
7578,,,7,2,2,2,12,33,60,180,4,5
7579,,,7,1,2,3,34,42,420,540,3,5
7580,,,10,2,2,3,34,29,0,300,1,5
7581,,,12,2,2,3,93,18,60,180,3,5
7582,,,6,2,2,1,74,26,60,180,4,5
7583,,,12,2,2,2,25,20,60,180,4,5
7584,,,14,2,2,2,23,31,180,300,2,5
7585,,,14,2,2,2,24,14,60,180,2,5
7586,,,9,1,2,1,20,55,300,600,4,5
7587,,,10,2,2,2,91,93,420,540,4,5
7588,,,6,2,2,1,98,67,0,300,1,5
7589,,,4,2,2,3,3,99,60,180,4,5
7590,,,7,2,2,3,11,63,420,540,2,5
7591,,,12,2,2,3,9,12,300,600,2,5
7592,,,4,2,2,1,19,68,300,420,3,5
7593,,,2,2,2,3,10,65,180,300,1,5
7594,,,5,2,2,1,42,26,300,420,3,5
7595,,,4,2,2,1,88,10,420,540,4,5
7596,,,8,2,2,2,31,43,420,540,3,5
7597,,,12,2,2,1,25,72,180,300,1,5
7598,,,13,2,2,3,19,50,60,180,3,5
7599,,,12,2,2,2,93,12,420,540,4,5
7600,,,3,1,2,2,81,77,420,540,4,5
7601,,,14,2,2,3,6,64,60,180,2,5
7602,,,8,2,2,1,33,82,60,180,4,5
7603,,,5,2,2,3,83,19,0,300,2,5
7604,,,11,2,2,1,18,9,420,540,2,5
7605,,,8,2,2,1,0,26,300,420,2,5
7606,,,6,2,2,3,70,37,180,300,4,5
7607,,,6,2,2,2,64,43,300,600,1,5
7608,,,15,2,2,1,28,36,180,300,3,5
7609,,,15,2,2,1,30,78,420,540,3,5
7610,,,9,2,2,1,54,6,300,600,1,5
7611,,,7,1,2,2,94,34,300,600,3,5
7612,,,6,2,2,3,9,63,300,420,3,5
7613,,,7,2,2,3,57,5,0,300,2,5
7614,,,4,2,2,2,98,9,300,600,1,5
7615,,,9,2,2,3,86,41,0,300,1,5
7616,,,16,2,2,3,3,82,0,300,2,5
7617,,,5,1,2,2,45,77,420,540,1,5
7618,,,5,1,2,1,27,98,420,540,3,5
7619,,,5,1,2,2,77,28,420,540,4,5
7620,,,13,2,2,3,20,59,300,420,3,5
7621,,,7,2,2,1,46,54,300,600,1,5
7622,,,14,2,2,2,96,25,420,540,4,5
7623,,,16,2,2,3,29,85,60,180,2,5
7624,,,10,2,2,2,83,82,420,540,1,5
7625,,,15,1,2,3,34,36,300,600,3,5
7626,,,12,1,2,3,1,78,300,600,2,5
7627,,,9,1,2,2,79,40,300,600,1,5
7628,,,16,2,2,1,96,36,0,300,3,5
7629,,,16,2,2,3,87,25,180,300,1,5
7630,,,11,2,2,1,31,100,420,540,1,5
7631,,,6,2,2,2,63,50,180,300,3,5
7632,,,6,2,2,1,32,86,300,420,3,5
7633,,,16,2,2,2,15,17,420,540,2,5
7634,,,2,1,2,3,5,46,300,600,2,5
7635,,,7,2,2,3,92,17,60,180,4,5
7636,,,14,2,2,3,90,58,60,180,3,5
7637,,,7,2,2,3,32,7,60,180,2,5
7638,,,14,2,2,1,44,12,0,300,1,5
7639,,,7,2,2,3,57,23,300,600,3,5
7640,,,7,2,2,3,66,15,60,180,4,5
7641,,,5,2,2,2,76,1,420,540,3,5
7642,,,13,2,2,1,73,5,60,180,2,5
7643,,,15,2,2,3,12,87,300,600,2,5
7644,,,6,1,2,1,96,26,300,600,3,5
7645,,,11,2,2,2,40,9,300,600,1,5
7646,,,4,2,2,2,78,57,60,180,1,5
7647,,,10,2,2,1,3,45,300,600,3,5
7648,,,4,2,2,2,19,7,180,300,2,5
7649,,,8,1,2,1,21,22,420,540,1,5
7650,,,9,2,2,1,8,96,300,600,2,5
7651,,,12,2,2,2,2,27,180,300,2,5
7652,,,12,2,2,2,22,60,180,300,3,5
7653,,,3,2,2,1,56,53,0,300,4,5
7654,,,8,2,2,2,42,78,0,300,4,5
7655,,,10,2,2,1,26,8,420,540,1,5
7656,,,11,2,2,2,75,83,60,180,3,5
7657,,,13,2,2,3,45,14,60,180,2,5
7658,,,9,2,2,1,63,66,420,540,2,5
7659,,,15,2,2,1,74,89,180,300,4,5
7660,,,14,2,2,1,70,3,300,600,4,5
7661,,,3,2,2,3,21,96,60,180,2,5
7662,,,14,2,2,3,83,87,420,540,3,5
7663,,,13,2,2,3,1,88,420,540,2,5
7664,,,14,2,2,2,71,52,180,300,1,5
7665,,,3,2,2,2,9,7,420,540,1,5
7666,,,5,2,2,3,81,31,300,600,4,5
7667,,,9,2,2,3,57,16,60,180,3,5
7668,,,5,1,2,2,30,85,420,540,4,5
7669,,,11,2,2,1,4,70,180,300,1,5
7670,,,14,1,2,2,60,24,300,600,1,5
7671,,,5,2,2,1,61,24,0,300,2,5
7672,,,14,1,2,2,70,92,300,600,1,5
7673,,,3,1,2,1,93,67,420,540,2,5
7674,,,8,2,2,3,16,40,60,180,4,5
7675,,,4,1,2,3,68,16,420,540,3,5
7676,,,3,2,2,2,38,76,60,180,4,5
7677,,,11,2,2,3,68,30,60,180,2,5
7678,,,14,1,2,2,26,95,300,600,4,5
7679,,,10,2,2,2,74,0,420,540,4,5
7680,,,7,2,2,1,93,47,420,540,4,5
7681,,,7,2,2,2,50,35,420,540,1,5
7682,,,9,2,2,1,89,79,420,540,2,5
7683,,,7,2,2,2,10,53,60,180,2,5
7684,,,7,1,2,1,34,44,420,540,1,5
7685,,,14,2,2,3,79,87,180,300,4,5
7686,,,9,2,2,2,21,50,420,540,2,5
7687,,,13,2,2,3,10,8,180,300,2,5
7688,,,13,1,2,2,64,4,300,600,2,5
7689,,,15,2,2,1,38,86,300,420,4,5
7690,,,3,2,2,2,82,90,420,540,4,5
7691,,,6,2,2,1,46,37,420,540,2,5
7692,,,6,2,2,3,18,58,300,420,1,5
7693,,,4,2,2,3,3,72,300,600,3,5
7694,,,11,1,2,3,80,25,420,540,3,5
7695,,,4,1,2,3,62,72,300,600,1,5
7696,,,14,2,2,1,24,81,0,300,4,5
7697,,,6,2,2,1,10,17,0,300,1,5
7698,,,16,2,2,1,64,75,180,300,4,5
7699,,,15,2,2,1,88,78,420,540,2,5
7700,,,3,2,2,2,76,12,420,540,4,5
7701,,,6,2,2,2,4,86,300,420,1,5
7702,,,9,1,2,1,23,4,420,540,3,5
7703,,,16,2,2,2,50,43,0,300,4,5
7704,,,12,1,2,2,12,91,300,600,1,5
7705,,,6,1,2,1,3,41,420,540,4,5
7706,,,6,2,2,1,99,11,60,180,4,5
7707,,,9,2,2,2,94,48,420,540,3,5
7708,,,7,1,2,3,71,3,420,540,4,5
7709,,,12,1,2,3,52,85,420,540,2,5
7710,,,8,2,2,1,33,21,0,300,2,5
7711,,,11,2,2,3,15,22,180,300,3,5
7712,,,14,2,2,3,90,87,180,300,2,5
7713,,,7,2,2,2,74,29,420,540,2,5
7714,,,11,2,2,2,13,86,0,300,4,5
7715,,,12,2,2,3,65,6,0,300,2,5
7716,,,10,2,2,2,19,84,0,300,4,5
7717,,,12,2,2,1,44,49,420,540,1,5
7718,,,9,2,2,3,61,58,0,300,1,5
7719,,,2,1,2,1,50,69,420,540,4,5
7720,,,11,2,2,1,59,59,0,300,3,5
7721,,,2,2,2,1,99,22,0,300,1,5
7722,,,11,1,2,1,66,18,300,600,1,5
7723,,,7,2,2,2,83,76,0,300,4,5
7724,,,12,2,2,2,44,79,300,600,2,5
7725,,,9,1,2,3,61,12,300,600,1,5
7726,,,6,2,2,2,50,8,420,540,4,5
7727,,,13,2,2,3,45,57,60,180,2,5
7728,,,13,2,2,2,30,37,420,540,4,5
7729,,,5,2,2,1,3,64,0,300,2,5
7730,,,10,1,2,3,81,89,300,600,2,5
7731,,,10,2,2,2,54,95,300,600,2,5
7732,,,13,2,2,2,49,69,60,180,1,5
7733,,,6,2,2,3,70,36,300,600,4,5
7734,,,14,2,2,1,29,82,60,180,3,5
7735,,,13,1,2,2,13,81,420,540,1,5
7736,,,6,1,2,2,88,47,300,600,2,5
7737,,,6,2,2,1,70,14,300,420,2,5
7738,,,15,1,2,3,15,86,300,600,2,5
7739,,,3,2,2,1,27,47,60,180,4,5
7740,,,10,1,2,1,53,0,420,540,1,5
7741,,,10,2,2,2,64,24,0,300,1,5
7742,,,6,1,2,2,6,26,420,540,1,5
7743,,,11,2,2,3,98,98,60,180,3,5
7744,,,11,2,2,3,19,13,420,540,3,5
7745,,,6,2,2,2,7,83,420,540,2,5
7746,,,5,2,2,2,26,3,300,600,4,5
7747,,,9,2,2,1,9,0,60,180,3,5
7748,,,8,2,2,2,34,67,180,300,3,5
7749,,,14,1,2,3,60,12,420,540,2,5
7750,,,7,1,2,1,13,69,300,600,1,5
7751,,,9,2,2,2,3,92,0,300,2,5
7752,,,4,2,2,2,24,88,0,300,2,5
7753,,,14,2,2,1,31,89,180,300,4,5
7754,,,8,1,2,2,22,68,300,600,1,5
7755,,,7,2,2,1,14,45,420,540,4,5
7756,,,2,2,2,3,43,71,0,300,4,5
7757,,,8,1,2,1,50,35,420,540,3,5
7758,,,8,1,2,3,54,42,300,600,3,5
7759,,,9,2,2,2,24,3,0,300,1,5
7760,,,11,2,2,1,6,21,0,300,4,5
7761,,,12,2,2,2,63,78,420,540,4,5
7762,,,3,2,2,2,82,29,60,180,2,5
7763,,,5,2,2,2,48,59,0,300,3,5
7764,,,4,2,2,1,75,39,180,300,1,5
7765,,,14,2,2,1,92,66,300,600,2,5
7766,,,6,2,2,1,31,17,420,540,4,5
7767,,,6,1,2,2,53,60,300,600,4,5
7768,,,7,1,2,1,56,94,300,600,2,5
7769,,,12,2,2,2,85,51,180,300,3,5
7770,,,11,1,2,1,64,19,300,600,4,5
7771,,,7,1,2,3,14,42,420,540,3,5
7772,,,11,2,2,2,74,39,0,300,4,5
7773,,,15,2,2,2,38,8,180,300,3,5
7774,,,11,2,2,2,87,87,60,180,3,5
7775,,,16,2,2,1,96,29,300,600,4,5
7776,,,12,2,2,2,93,100,420,540,1,5
7777,,,7,2,2,2,3,46,420,540,2,5
7778,,,4,2,2,2,17,72,0,300,4,5
7779,,,5,2,2,3,92,21,300,420,1,5
7780,,,15,2,2,3,82,28,180,300,2,5
7781,,,9,1,2,1,34,41,300,600,2,5
7782,,,4,2,2,1,36,28,300,600,4,5
7783,,,12,2,2,1,51,48,0,300,3,5
7784,,,2,2,2,2,14,28,0,300,3,5
7785,,,16,2,2,2,83,95,180,300,1,5
7786,,,16,2,2,2,8,70,180,300,3,5
7787,,,4,2,2,3,35,15,0,300,3,5
7788,,,2,2,2,1,24,89,60,180,3,5
7789,,,4,2,2,3,81,36,60,180,2,5
7790,,,12,2,2,2,45,24,180,300,2,5
7791,,,14,2,2,3,21,79,60,180,3,5
7792,,,4,2,2,3,68,47,60,180,4,5
7793,,,10,2,2,1,99,3,0,300,1,5
7794,,,3,2,2,3,62,70,180,300,4,5
7795,,,10,2,2,2,5,79,60,180,3,5
7796,,,13,2,2,2,37,0,420,540,2,5
7797,,,11,2,2,1,58,8,180,300,4,5
7798,,,4,2,2,1,23,57,180,300,1,5
7799,,,3,2,2,2,99,70,180,300,4,5
7800,,,14,1,2,1,34,75,420,540,3,5
7801,,,8,2,2,3,89,100,180,300,4,5
7802,,,13,2,2,3,59,36,300,600,2,5
7803,,,14,1,2,3,21,87,300,600,2,5
7804,,,13,1,2,3,65,35,300,600,1,5
7805,,,16,2,2,2,19,87,420,540,3,5
7806,,,9,2,2,1,48,83,0,300,1,5
7807,,,4,2,2,3,61,25,180,300,1,5
7808,,,7,2,2,2,86,48,180,300,2,5
7809,,,8,2,2,2,26,93,420,540,4,5
7810,,,13,2,2,2,57,18,420,540,3,5
7811,,,11,2,2,3,65,98,300,420,1,5
7812,,,2,1,2,1,37,73,300,600,3,5
7813,,,16,2,2,3,16,81,420,540,3,5
7814,,,10,1,2,2,72,33,420,540,4,5
7815,,,5,2,2,2,96,85,300,420,1,5
7816,,,4,2,2,1,29,42,0,300,1,5
7817,,,9,2,2,3,40,70,420,540,4,5
7818,,,4,2,2,2,49,69,420,540,2,5
7819,,,10,1,2,2,98,33,420,540,3,5
7820,,,16,2,2,2,24,19,0,300,4,5
7821,,,8,1,2,2,8,71,300,600,4,5
7822,,,16,2,2,2,92,4,420,540,1,5
7823,,,13,2,2,2,34,47,60,180,2,5
7824,,,14,1,2,2,1,65,420,540,1,5
7825,,,15,2,2,2,24,87,180,300,2,5
7826,,,7,1,2,3,42,67,420,540,3,5
7827,,,14,1,2,3,81,8,300,600,2,5
7828,,,12,2,2,3,42,49,0,300,2,5
7829,,,9,2,2,1,80,70,300,420,1,5
7830,,,5,2,2,3,29,13,60,180,2,5
7831,,,14,2,2,3,76,65,180,300,3,5
7832,,,10,2,2,1,46,43,0,300,1,5
7833,,,4,1,2,3,23,14,420,540,2,5
7834,,,16,1,2,2,89,98,420,540,1,5
7835,,,11,2,2,2,53,34,300,420,3,5
7836,,,4,2,2,3,88,19,180,300,4,5
7837,,,13,2,2,2,29,17,420,540,1,5
7838,,,7,2,2,2,86,79,420,540,2,5
7839,,,7,2,2,3,55,56,420,540,1,5
7840,,,5,2,2,3,38,88,300,420,2,5
7841,,,9,1,2,3,22,55,300,600,1,5
7842,,,13,2,2,2,61,12,60,180,4,5
7843,,,10,2,2,3,2,92,300,600,2,5
7844,,,8,2,2,3,26,84,0,300,1,5
7845,,,8,2,2,2,63,38,180,300,4,5
7846,,,16,2,2,2,4,59,0,300,4,5
7847,,,8,1,2,2,99,50,420,540,1,5
7848,,,6,2,2,2,94,34,300,420,2,5
7849,,,16,2,2,2,4,55,0,300,1,5
7850,,,10,2,2,2,70,5,300,420,3,5
7851,,,3,2,2,2,10,31,300,420,2,5
7852,,,16,2,2,3,77,25,0,300,4,5
7853,,,6,2,2,1,43,20,180,300,3,5
7854,,,14,2,2,3,95,14,180,300,1,5
7855,,,10,2,2,1,82,63,420,540,4,5
7856,,,2,1,2,2,1,10,420,540,4,5
7857,,,6,2,2,3,58,1,60,180,2,5
7858,,,9,2,2,1,76,75,420,540,3,5
7859,,,7,1,2,1,26,56,420,540,1,5
7860,,,15,2,2,2,5,97,60,180,1,5
7861,,,13,1,2,3,78,71,300,600,3,5
7862,,,17,2,2,3,82,23,60,180,2,5
7863,,,14,2,2,3,75,40,300,600,3,5
7864,,,12,2,2,1,89,53,180,300,2,5
7865,,,10,2,2,3,18,97,420,540,1,5
7866,,,7,2,2,2,50,86,0,300,2,5
7867,,,2,1,2,2,100,41,420,540,3,5
7868,,,10,2,2,2,1,2,0,300,4,5
7869,,,9,2,2,2,48,17,0,300,4,5
7870,,,7,2,2,2,80,80,420,540,1,5
7871,,,11,1,2,3,45,29,420,540,2,5
7872,,,15,2,2,3,13,18,60,180,4,5
7873,,,4,1,2,3,35,89,420,540,4,5
7874,,,9,2,2,3,65,21,180,300,4,5
7875,,,16,2,2,1,40,80,0,300,4,5
7876,,,13,2,2,2,8,87,0,300,2,5
7877,,,10,2,2,2,0,65,180,300,4,5
7878,,,2,2,2,2,65,30,180,300,1,5
7879,,,15,2,2,3,67,65,180,300,4,5
7880,,,3,2,2,1,67,7,420,540,4,5
7881,,,14,2,2,2,45,47,60,180,3,5
7882,,,5,1,2,2,27,32,420,540,4,5
7883,,,4,2,2,1,63,29,300,420,1,5
7884,,,3,2,2,2,29,35,0,300,4,5
7885,,,3,2,2,3,79,90,60,180,1,5
7886,,,16,2,2,2,74,51,0,300,1,5
7887,,,11,2,2,2,57,84,60,180,3,5
7888,,,15,2,2,1,95,43,180,300,4,5
7889,,,3,2,2,3,81,85,60,180,4,5
7890,,,10,2,2,1,92,8,60,180,1,5
7891,,,15,1,2,2,88,5,300,600,2,5
7892,,,5,1,2,2,12,69,300,600,4,5
7893,,,9,2,2,3,78,84,420,540,1,5
7894,,,10,2,2,3,88,69,60,180,4,5
7895,,,13,2,2,3,93,76,60,180,2,5
7896,,,14,2,2,1,92,80,0,300,2,5
7897,,,12,2,2,2,80,45,0,300,3,5
7898,,,10,2,2,3,79,12,300,600,3,5
7899,,,4,2,2,2,94,19,420,540,4,5
7900,,,4,2,2,1,73,86,60,180,4,5
7901,,,2,2,2,2,43,82,180,300,1,5
7902,,,3,1,2,3,78,26,420,540,2,5
7903,,,12,2,2,2,96,95,60,180,3,5
7904,,,4,2,2,2,88,49,0,300,4,5
7905,,,7,1,2,3,40,50,300,600,1,5
7906,,,7,2,2,3,6,2,180,300,2,5
7907,,,2,2,2,2,57,75,60,180,3,5
7908,,,8,1,2,3,38,69,420,540,3,5
7909,,,9,2,2,1,7,0,0,300,1,5
7910,,,7,1,2,1,85,94,300,600,4,5
7911,,,12,2,2,1,88,2,0,300,3,5
7912,,,7,2,2,1,44,63,180,300,4,5
7913,,,15,2,2,2,56,42,0,300,4,5
7914,,,9,2,2,1,83,89,300,600,3,5
7915,,,10,1,2,1,1,2,300,600,4,5
7916,,,13,1,2,3,71,91,420,540,1,5
7917,,,15,2,2,3,53,68,420,540,2,5
7918,,,13,2,2,3,55,18,180,300,2,5
7919,,,2,2,2,2,37,8,0,300,4,5
7920,,,5,2,2,3,42,99,420,540,4,5
7921,,,15,2,2,2,15,86,300,600,2,5
7922,,,9,2,2,1,100,73,420,540,2,5
7923,,,15,2,2,2,41,94,0,300,2,5
7924,,,8,2,2,2,44,19,180,300,4,5
7925,,,9,2,2,3,5,5,420,540,2,5
7926,,,6,2,2,1,58,84,420,540,1,5
7927,,,7,2,2,3,20,12,60,180,4,5
7928,,,6,2,2,3,97,45,420,540,2,5
7929,,,9,2,2,3,69,43,60,180,1,5
7930,,,10,2,2,2,33,74,60,180,2,5
7931,,,15,2,2,1,52,36,300,600,3,5
7932,,,11,2,2,3,24,43,420,540,4,5
7933,,,9,1,2,3,74,99,300,600,3,5
7934,,,15,1,2,1,66,3,300,600,2,5
7935,,,13,2,2,1,47,0,420,540,2,5
7936,,,7,2,2,3,23,98,300,600,1,5
7937,,,11,2,2,3,50,41,300,420,2,5
7938,,,4,2,2,1,63,59,180,300,3,5
7939,,,15,1,2,1,96,64,420,540,2,5
7940,,,4,2,2,2,9,55,180,300,3,5
7941,,,12,2,2,3,85,30,300,420,4,5
7942,,,7,2,2,3,21,22,300,420,2,5
7943,,,5,2,2,1,60,59,420,540,3,5
7944,,,7,2,2,3,95,50,420,540,2,5
7945,,,6,2,2,2,6,64,420,540,3,5
7946,,,2,2,2,3,22,44,0,300,2,5
7947,,,6,1,2,1,66,81,420,540,3,5
7948,,,12,2,2,1,7,7,420,540,3,5
7949,,,8,2,2,1,81,31,300,600,4,5
7950,,,3,2,2,1,70,50,0,300,3,5
7951,,,8,2,2,2,74,82,300,420,2,5
7952,,,7,2,2,2,45,97,60,180,3,5
7953,,,10,2,2,2,66,42,300,420,3,5
7954,,,15,1,2,3,46,42,420,540,1,5
7955,,,13,2,2,3,89,80,60,180,2,5
7956,,,15,1,2,2,16,40,300,600,1,5
7957,,,8,2,2,2,55,38,60,180,1,5
7958,,,5,1,2,3,75,56,300,600,1,5
7959,,,7,2,2,2,52,6,180,300,1,5
7960,,,13,2,2,3,91,62,300,600,3,5
7961,,,9,2,2,1,98,49,60,180,3,5
7962,,,8,1,2,3,7,27,420,540,4,5
7963,,,8,2,2,2,53,69,300,420,2,5
7964,,,15,2,2,1,30,70,60,180,4,5
7965,,,11,1,2,2,89,32,300,600,1,5
7966,,,6,2,2,2,83,12,180,300,2,5
7967,,,13,2,2,1,41,94,180,300,2,5
7968,,,15,2,2,2,87,40,300,420,1,5
7969,,,10,2,2,3,14,60,420,540,2,5
7970,,,6,1,2,3,88,8,420,540,1,5
7971,,,8,1,2,1,78,56,420,540,3,5
7972,,,5,2,2,1,90,87,60,180,2,5
7973,,,3,1,2,2,100,38,300,600,3,5
7974,,,3,2,2,1,92,58,300,420,3,5
7975,,,15,2,2,2,22,76,60,180,1,5
7976,,,7,2,2,2,69,66,180,300,2,5
7977,,,9,2,2,3,78,87,420,540,4,5
7978,,,13,1,2,3,10,71,420,540,4,5
7979,,,11,2,2,1,71,14,420,540,1,5
7980,,,13,1,2,3,90,85,420,540,2,5
7981,,,15,2,2,1,85,22,60,180,4,5
7982,,,5,2,2,3,39,83,420,540,3,5
7983,,,4,2,2,1,65,33,60,180,3,5
7984,,,15,1,2,2,84,76,300,600,2,5
7985,,,8,2,2,2,70,15,60,180,3,5
7986,,,11,1,2,1,60,33,300,600,4,5
7987,,,14,2,2,1,91,31,300,420,1,5
7988,,,11,2,2,3,66,25,420,540,1,5
7989,,,11,1,2,1,2,98,300,600,2,5
7990,,,11,2,2,3,33,30,420,540,2,5
7991,,,4,2,2,2,37,96,420,540,3,5
7992,,,2,2,2,3,43,78,60,180,1,5
7993,,,11,2,2,1,7,93,180,300,3,5
7994,,,7,2,2,3,80,96,60,180,3,5
7995,,,8,2,2,1,94,96,420,540,4,5
7996,,,4,2,2,3,53,22,420,540,2,5
7997,,,10,1,2,1,48,8,420,540,4,5
7998,,,3,1,2,3,93,2,420,540,3,5
7999,,,5,2,2,3,21,62,420,540,1,5
8000,,,17,2,2,2,83,55,300,600,2,5
8001,,,14,1,2,1,72,70,300,600,2,5
8002,,,5,2,2,2,36,46,60,180,3,5
8003,,,7,2,2,3,76,18,180,300,2,5
8004,,,17,2,2,3,93,100,60,180,4,5
8005,,,4,1,2,3,27,3,420,540,1,5
8006,,,10,2,2,3,43,58,0,300,1,5
8007,,,8,2,2,1,54,34,300,420,1,5
8008,,,3,1,2,3,68,16,300,600,4,5
8009,,,5,2,2,3,79,78,420,540,1,5
8010,,,8,2,2,3,58,14,300,600,2,5
8011,,,5,1,2,3,71,23,300,600,1,5
8012,,,12,1,2,1,69,37,420,540,1,5
8013,,,5,2,2,3,84,88,420,540,4,5
8014,,,7,2,2,3,20,55,420,540,2,5
8015,,,7,2,2,1,75,66,180,300,4,5
8016,,,10,2,2,3,81,35,180,300,2,5
8017,,,6,2,2,1,7,8,180,300,1,5
8018,,,7,1,2,1,1,74,420,540,2,5
8019,,,13,2,2,1,41,81,300,600,4,5
8020,,,12,2,2,3,73,95,0,300,3,5
8021,,,3,2,2,3,72,74,300,600,3,5
8022,,,13,1,2,3,54,60,420,540,1,5
8023,,,9,2,2,3,19,14,0,300,3,5
8024,,,4,1,2,1,87,37,300,600,4,5
8025,,,14,2,2,3,3,27,420,540,1,5
8026,,,7,2,2,3,63,50,180,300,2,5
8027,,,4,2,2,3,1,48,300,420,4,5
8028,,,5,2,2,3,93,56,300,420,3,5
8029,,,16,2,2,1,45,70,0,300,2,5
8030,,,12,2,2,3,88,100,0,300,4,5
8031,,,10,1,2,1,45,52,300,600,1,5
8032,,,11,2,2,2,63,91,0,300,2,5
8033,,,4,1,2,3,85,85,300,600,1,5
8034,,,12,2,2,2,54,81,180,300,1,5
8035,,,13,2,2,2,35,35,300,600,1,5
8036,,,10,1,2,1,24,29,300,600,2,5
8037,,,14,2,2,2,93,31,180,300,2,5
8038,,,13,2,2,2,17,68,0,300,2,5
8039,,,5,1,2,1,57,64,420,540,1,5
8040,,,9,1,2,2,19,62,300,600,2,5
8041,,,9,2,2,3,81,0,0,300,3,5
8042,,,4,2,2,3,21,27,60,180,3,5
8043,,,11,1,2,2,79,19,420,540,4,5
8044,,,7,1,2,2,51,17,420,540,3,5
8045,,,8,1,2,3,0,76,420,540,2,5
8046,,,2,2,2,3,88,87,420,540,3,5
8047,,,8,2,2,2,81,93,180,300,1,5
8048,,,15,2,2,1,99,100,60,180,2,5
8049,,,12,2,2,2,55,47,180,300,1,5
8050,,,8,1,2,1,3,94,300,600,2,5
8051,,,12,2,2,3,75,46,420,540,1,5
8052,,,12,2,2,3,57,64,60,180,4,5
8053,,,10,2,2,3,67,41,180,300,2,5
8054,,,15,2,2,3,95,88,180,300,4,5
8055,,,8,2,2,3,32,95,420,540,4,5
8056,,,10,2,2,3,95,59,0,300,1,5
8057,,,14,1,2,2,77,14,300,600,4,5
8058,,,5,1,2,3,28,87,300,600,2,5
8059,,,13,2,2,2,88,9,420,540,3,5
8060,,,16,2,2,1,41,71,180,300,1,5
8061,,,6,2,2,3,46,33,0,300,1,5
8062,,,9,2,2,2,27,34,420,540,1,5
8063,,,6,2,2,3,82,62,180,300,4,5
8064,,,15,2,2,2,22,86,180,300,1,5
8065,,,2,2,2,2,88,30,0,300,1,5
8066,,,10,2,2,2,36,44,60,180,3,5
8067,,,10,2,2,1,26,97,180,300,3,5
8068,,,14,2,2,3,61,95,300,420,2,5
8069,,,6,2,2,1,90,40,180,300,1,5
8070,,,6,2,2,1,84,98,300,600,4,5
8071,,,4,1,2,3,19,85,420,540,1,5
8072,,,4,2,2,3,72,91,0,300,3,5
8073,,,14,1,2,3,52,37,300,600,3,5
8074,,,5,1,2,2,82,14,420,540,4,5
8075,,,6,1,2,1,7,58,420,540,4,5
8076,,,3,1,2,3,69,19,300,600,2,5
8077,,,11,2,2,3,26,50,60,180,4,5
8078,,,11,2,2,3,27,56,420,540,1,5
8079,,,2,2,2,1,94,10,180,300,3,5
8080,,,9,2,2,2,54,35,60,180,3,5
8081,,,5,2,2,2,62,8,300,420,1,5
8082,,,13,1,2,3,42,4,420,540,3,5
8083,,,6,2,2,1,37,42,420,540,1,5
8084,,,14,2,2,3,99,92,180,300,1,5
8085,,,4,1,2,1,26,9,420,540,3,5
8086,,,15,2,2,1,37,6,420,540,4,5
8087,,,16,2,2,2,42,95,180,300,3,5
8088,,,15,2,2,3,81,95,0,300,3,5
8089,,,10,1,2,3,51,6,420,540,3,5
8090,,,5,2,2,1,99,7,0,300,2,5
8091,,,8,1,2,3,98,72,420,540,2,5
8092,,,13,1,2,3,99,12,420,540,2,5
8093,,,2,2,2,2,57,25,0,300,3,5
8094,,,15,2,2,3,91,60,60,180,3,5
8095,,,4,2,2,1,69,32,300,420,3,5
8096,,,10,2,2,1,60,66,300,600,1,5
8097,,,13,2,2,2,63,57,180,300,2,5
8098,,,9,2,2,3,50,42,300,420,4,5
8099,,,13,2,2,1,22,17,420,540,3,5
8100,,,13,2,2,1,27,72,60,180,3,5
8101,,,7,1,2,2,30,61,300,600,4,5
8102,,,13,2,2,1,66,64,180,300,4,5
8103,,,10,2,2,2,54,53,0,300,1,5
8104,,,13,2,2,2,90,100,300,420,4,5
8105,,,3,2,2,1,55,16,420,540,4,5
8106,,,15,2,2,3,89,76,300,600,2,5
8107,,,14,2,2,1,80,59,420,540,3,5
8108,,,3,2,2,1,11,36,300,600,1,5
8109,,,3,2,2,2,48,59,300,600,1,5
8110,,,6,2,2,1,22,86,420,540,1,5
8111,,,14,2,2,2,52,39,300,600,1,5
8112,,,13,2,2,1,10,68,420,540,4,5
8113,,,10,1,2,3,27,7,300,600,4,5
8114,,,13,2,2,2,93,25,300,420,1,5
8115,,,9,1,2,3,37,79,420,540,2,5
8116,,,11,2,2,2,93,91,180,300,1,5
8117,,,12,2,2,1,53,97,180,300,3,5
8118,,,7,2,2,3,46,0,0,300,2,5
8119,,,11,2,2,2,19,15,60,180,3,5
8120,,,7,2,2,1,88,80,300,600,1,5
8121,,,12,2,2,2,77,22,60,180,4,5
8122,,,3,1,2,3,31,51,300,600,2,5
8123,,,15,2,2,1,77,88,420,540,1,5
8124,,,11,1,2,1,94,68,420,540,1,5
8125,,,3,2,2,3,60,10,180,300,4,5
8126,,,15,2,2,1,67,27,300,600,4,5
8127,,,13,2,2,2,7,97,180,300,4,5
8128,,,14,2,2,2,99,82,300,600,2,5
8129,,,4,2,2,3,3,22,180,300,3,5
8130,,,13,2,2,1,90,99,180,300,3,5
8131,,,8,1,2,3,85,92,420,540,3,5
8132,,,15,1,2,2,55,53,300,600,2,5
8133,,,6,2,2,3,69,9,180,300,2,5
8134,,,14,1,2,3,8,40,420,540,4,5
8135,,,7,2,2,1,8,20,0,300,3,5
8136,,,12,2,2,2,75,73,180,300,2,5
8137,,,5,2,2,2,99,36,300,420,3,5
8138,,,3,2,2,2,58,35,420,540,3,5
8139,,,4,1,2,3,17,47,300,600,2,5
8140,,,14,2,2,2,4,57,0,300,4,5
8141,,,14,1,2,3,6,59,300,600,1,5
8142,,,10,1,2,3,82,52,420,540,4,5
8143,,,2,1,2,3,42,12,300,600,4,5
8144,,,10,1,2,1,52,35,420,540,1,5
8145,,,3,1,2,1,60,49,420,540,2,5
8146,,,10,2,2,2,44,12,60,180,2,5
8147,,,4,2,2,2,56,35,0,300,1,5
8148,,,11,2,2,3,79,22,180,300,1,5
8149,,,12,2,2,3,88,52,0,300,3,5
8150,,,9,2,2,2,65,67,300,420,2,5
8151,,,5,2,2,1,89,38,0,300,1,5
8152,,,15,2,2,1,83,60,300,600,3,5
8153,,,12,2,2,2,68,46,420,540,1,5
8154,,,2,2,2,1,72,56,180,300,3,5
8155,,,13,1,2,3,63,22,300,600,4,5
8156,,,10,2,2,3,87,92,60,180,1,5
8157,,,13,1,2,1,71,70,420,540,4,5
8158,,,8,2,2,2,57,79,0,300,2,5
8159,,,8,1,2,2,13,36,420,540,4,5
8160,,,12,2,2,2,61,95,0,300,2,5
8161,,,7,1,2,3,63,64,300,600,1,5
8162,,,9,2,2,1,81,55,0,300,3,5
8163,,,4,2,2,3,21,25,0,300,3,5
8164,,,10,1,2,3,56,35,420,540,3,5
8165,,,11,1,2,2,16,15,300,600,4,5
8166,,,10,2,2,1,59,46,60,180,2,5
8167,,,6,2,2,2,97,35,420,540,1,5
8168,,,7,2,2,1,80,8,300,600,2,5
8169,,,5,2,2,3,17,8,60,180,1,5
8170,,,7,1,2,2,98,82,420,540,2,5
8171,,,16,2,2,2,47,82,420,540,1,5
8172,,,15,1,2,3,57,99,300,600,4,5
8173,,,10,1,2,2,38,43,420,540,4,5
8174,,,4,2,2,3,57,55,60,180,3,5
8175,,,12,2,2,1,23,74,0,300,1,5
8176,,,7,2,2,2,42,56,180,300,3,5
8177,,,10,1,2,2,79,95,420,540,4,5
8178,,,7,2,2,1,88,88,300,420,1,5
8179,,,16,2,2,1,57,66,60,180,4,5
8180,,,9,2,2,2,55,98,180,300,1,5
8181,,,2,1,2,1,8,89,300,600,4,5
8182,,,8,2,2,3,24,75,300,420,3,5
8183,,,13,2,2,2,88,7,0,300,1,5
8184,,,11,2,2,1,28,63,180,300,1,5
8185,,,7,2,2,1,50,23,180,300,4,5
8186,,,14,2,2,1,3,61,420,540,1,5
8187,,,15,2,2,3,33,2,420,540,3,5
8188,,,8,2,2,1,18,6,420,540,4,5
8189,,,15,1,2,1,94,68,420,540,3,5
8190,,,5,2,2,1,40,24,60,180,1,5
8191,,,3,2,2,1,78,38,60,180,2,5
8192,,,8,2,2,1,2,27,0,300,3,5
8193,,,7,2,2,3,100,56,180,300,4,5
8194,,,5,1,2,1,92,14,300,600,4,5
8195,,,3,2,2,2,97,28,180,300,1,5
8196,,,11,2,2,3,72,27,180,300,1,5
8197,,,10,2,2,1,53,25,420,540,4,5
8198,,,14,2,2,3,31,37,180,300,4,5
8199,,,5,1,2,3,4,64,300,600,3,5
8200,,,10,2,2,1,60,64,60,180,1,5
8201,,,9,2,2,2,53,17,300,420,2,5
8202,,,2,2,2,1,12,57,180,300,1,5
8203,,,2,2,2,3,8,27,300,600,1,5
8204,,,11,2,2,1,73,97,60,180,4,5
8205,,,9,2,2,3,41,28,300,600,4,5
8206,,,6,2,2,3,64,79,60,180,1,5
8207,,,16,2,2,3,93,66,300,420,4,5
8208,,,11,2,2,3,81,31,420,540,3,5
8209,,,9,2,2,2,27,27,300,600,3,5
8210,,,8,2,2,1,96,19,0,300,1,5
8211,,,16,2,2,1,50,79,300,600,4,5
8212,,,11,1,2,2,1,53,300,600,4,5
8213,,,6,2,2,1,5,61,0,300,1,5
8214,,,7,1,2,2,54,70,420,540,4,5
8215,,,8,2,2,3,42,72,300,420,4,5
8216,,,5,2,2,1,69,99,420,540,4,5
8217,,,9,2,2,3,32,57,300,420,1,5
8218,,,9,1,2,2,79,45,420,540,2,5
8219,,,5,1,2,1,79,73,420,540,2,5
8220,,,2,1,2,2,95,40,420,540,2,5
8221,,,9,2,2,3,61,60,180,300,4,5
8222,,,8,2,2,1,51,13,60,180,2,5
8223,,,2,2,2,1,49,18,0,300,3,5
8224,,,15,2,2,3,56,79,300,600,1,5
8225,,,6,1,2,3,10,54,300,600,1,5
8226,,,8,2,2,2,15,93,0,300,3,5
8227,,,15,1,2,3,37,46,420,540,4,5
8228,,,11,2,2,1,16,69,180,300,2,5
8229,,,8,1,2,1,29,15,420,540,3,5
8230,,,12,1,2,3,28,0,420,540,1,5
8231,,,11,2,2,1,28,5,60,180,4,5
8232,,,11,1,2,3,42,22,420,540,3,5
8233,,,13,2,2,3,65,31,420,540,2,5
8234,,,11,2,2,1,41,34,0,300,3,5
8235,,,13,2,2,1,34,42,300,600,2,5
8236,,,7,2,2,3,88,9,300,600,4,5
8237,,,5,2,2,1,86,40,420,540,3,5
8238,,,15,2,2,3,72,77,0,300,4,5
8239,,,3,2,2,3,96,31,180,300,2,5
8240,,,11,2,2,2,37,56,420,540,1,5
8241,,,9,1,2,1,65,89,420,540,3,5
8242,,,10,2,2,3,20,29,0,300,3,5
8243,,,9,2,2,3,53,29,60,180,1,5
8244,,,2,2,2,3,61,32,60,180,2,5
8245,,,9,1,2,2,37,24,420,540,2,5
8246,,,7,2,2,2,16,68,420,540,4,5
8247,,,2,1,2,2,97,38,300,600,4,5
8248,,,10,2,2,3,39,9,0,300,4,5
8249,,,12,2,2,3,66,84,0,300,1,5
8250,,,15,2,2,1,59,62,60,180,1,5
8251,,,6,2,2,3,0,1,60,180,3,5
8252,,,15,2,2,1,91,98,420,540,4,5
8253,,,10,1,2,2,93,15,300,600,4,5
8254,,,14,2,2,3,60,68,300,420,4,5
8255,,,4,2,2,2,15,79,60,180,3,5
8256,,,14,1,2,1,18,14,300,600,4,5
8257,,,9,1,2,1,35,10,300,600,4,5
8258,,,12,2,2,1,59,97,0,300,3,5
8259,,,3,2,2,2,75,32,180,300,2,5
8260,,,14,2,2,2,75,30,420,540,3,5
8261,,,4,1,2,2,93,27,300,600,1,5
8262,,,7,2,2,1,83,17,420,540,1,5
8263,,,5,2,2,2,0,34,0,300,3,5
8264,,,4,2,2,2,4,9,180,300,1,5
8265,,,8,1,2,1,61,36,420,540,1,5
8266,,,7,2,2,2,90,69,300,600,4,5
8267,,,12,1,2,2,28,80,420,540,1,5
8268,,,9,2,2,3,70,70,300,420,4,5
8269,,,10,2,2,3,73,17,420,540,2,5
8270,,,11,1,2,1,24,30,420,540,2,5
8271,,,4,2,2,1,81,60,60,180,1,5
8272,,,15,2,2,1,40,9,180,300,1,5
8273,,,2,2,2,3,31,61,60,180,3,5
8274,,,4,2,2,1,65,75,180,300,3,5
8275,,,7,2,2,2,40,24,420,540,4,5
8276,,,5,2,2,3,77,96,60,180,2,5
8277,,,5,2,2,1,87,69,420,540,3,5
8278,,,7,2,2,3,68,80,60,180,1,5
8279,,,9,2,2,2,40,75,180,300,4,5
8280,,,8,2,2,2,96,9,0,300,1,5
8281,,0,1,2,2,2,94,65,300,600,3,5
8282,,0,1,2,2,3,41,3,420,540,1,5
8283,,0,1,2,2,3,26,11,60,180,2,5
8284,,0,1,2,2,2,50,54,300,600,2,5
8285,,0,1,2,2,3,42,23,420,540,3,5
8286,,0,1,2,2,2,91,42,300,600,2,5
8287,,0,1,2,2,1,75,71,300,600,4,5
8288,,0,1,2,2,2,32,73,180,300,2,5
8289,,0,1,2,2,3,64,33,60,180,4,5
8290,,0,1,2,2,1,8,80,420,540,4,5
8291,,0,1,2,2,3,5,67,300,420,2,5
8292,,0,1,2,2,2,83,91,420,540,2,5
8293,,0,1,2,2,3,74,85,300,420,4,5
8294,,0,1,2,2,2,8,11,420,540,3,5
8295,,0,1,2,2,2,15,72,420,540,2,5
8296,,0,1,2,2,1,38,81,420,540,4,5
8297,,0,1,2,2,3,91,97,420,540,2,5
8298,,0,1,2,2,3,27,99,300,600,3,5
8299,,0,1,2,2,2,41,92,420,540,3,5
8300,,0,1,2,2,3,57,78,60,180,1,5
8301,,0,1,2,2,3,70,79,60,180,1,5
8302,,0,1,2,2,1,39,95,300,420,2,5
8303,,0,1,2,2,2,17,27,420,540,4,5
8304,,0,1,2,2,3,26,19,60,180,1,5
8305,,0,1,2,2,3,22,49,60,180,3,5
8306,,0,1,2,2,2,85,100,180,300,3,5
8307,,0,1,2,2,3,62,1,60,180,4,5
8308,,0,1,2,2,1,89,68,300,600,1,5
8309,,0,1,2,2,1,88,48,0,300,1,5
8310,,0,1,2,2,2,16,22,420,540,3,5
8311,,0,1,2,2,2,18,33,180,300,4,5
8312,,0,1,2,2,2,79,41,180,300,2,5
8313,,0,1,2,2,3,33,69,60,180,2,5
8314,,0,1,2,2,3,22,62,180,300,2,5
8315,,0,1,2,2,1,34,22,60,180,1,5
8316,,0,1,2,2,3,67,43,300,420,1,5
8317,,0,1,2,2,3,96,96,0,300,4,5
8318,,0,1,2,2,1,89,93,300,600,4,5
8319,,0,1,2,2,3,28,68,0,300,3,5
8320,,0,1,2,2,1,34,73,420,540,4,5
8321,,0,1,2,2,1,76,29,420,540,3,5
8322,,0,1,2,2,3,61,78,300,600,3,5
8323,,0,1,2,2,2,2,63,300,420,1,5
8324,,0,1,2,2,2,31,17,420,540,1,5
8325,,0,1,2,2,3,94,2,300,600,3,5
8326,,0,1,2,2,2,62,53,300,600,3,5
8327,,0,1,2,2,1,6,93,300,600,4,5
8328,,0,1,2,2,3,74,37,0,300,4,5
8329,,0,1,2,2,3,42,19,420,540,1,5
8330,,0,1,2,2,2,16,90,420,540,2,5
8331,,0,1,2,2,3,12,82,0,300,2,5
8332,,0,1,2,2,1,60,23,300,600,1,5
8333,,0,1,2,2,3,84,84,60,180,3,5
8334,,0,1,2,2,3,38,11,420,540,3,5
8335,,0,1,2,2,2,6,61,60,180,1,5
8336,,0,1,2,2,1,67,56,420,540,2,5
8337,,0,1,2,2,2,92,69,300,420,2,5
8338,,0,1,2,2,1,8,42,300,600,4,5
8339,,0,1,2,2,1,16,64,60,180,1,5
8340,,0,1,2,2,1,28,44,300,600,4,5
8341,,0,1,2,2,1,96,74,0,300,4,5
8342,,0,1,2,2,1,20,20,300,420,2,5
8343,,0,1,2,2,3,15,0,300,600,4,5
8344,,0,1,2,2,2,57,95,300,420,2,5
8345,,0,1,2,2,1,64,53,300,600,1,5
8346,,0,1,2,2,2,41,60,420,540,2,5
8347,,0,1,2,2,1,23,47,300,600,4,5
8348,,0,1,2,2,2,66,74,300,600,2,5
8349,,0,1,2,2,1,24,22,420,540,2,5
8350,,0,1,2,2,2,96,0,300,600,4,5
8351,,0,1,2,2,3,40,68,60,180,4,5
8352,,0,1,2,2,2,35,73,180,300,4,5
8353,,0,1,2,2,2,24,2,420,540,3,5
8354,,0,1,2,2,1,79,86,300,600,2,5
8355,,0,1,2,2,2,46,80,300,420,2,5
8356,,0,1,2,2,1,6,54,180,300,4,5
8357,,0,1,2,2,2,86,41,300,600,2,5
8358,,0,1,2,2,1,2,46,420,540,3,5
8359,,0,1,2,2,3,73,78,420,540,4,5
8360,,0,1,2,2,2,100,45,300,420,4,5
8361,,0,1,2,2,1,7,33,300,600,1,5
8362,,0,1,2,2,1,62,50,300,420,1,5
8363,,0,1,2,2,2,53,44,180,300,2,5
8364,,0,1,2,2,1,46,1,0,300,4,5
8365,,0,1,2,2,1,47,36,60,180,3,5
8366,,0,1,2,2,1,68,50,420,540,2,5
8367,,0,1,2,2,1,60,92,300,600,1,5
8368,,0,1,2,2,3,43,18,180,300,3,5
8369,,0,1,2,2,3,15,50,60,180,3,5
8370,,0,1,2,2,2,75,60,300,600,3,5
8371,,0,1,2,2,1,90,47,420,540,4,5
8372,,0,1,2,2,1,73,96,60,180,3,5
8373,,0,1,2,2,1,19,53,60,180,2,5
8374,,0,1,2,2,3,96,92,300,600,1,5
8375,,0,1,2,2,2,31,84,300,600,4,5
8376,,0,1,2,2,3,60,47,60,180,3,5
8377,,0,1,2,2,3,100,24,60,180,2,5
8378,,0,1,2,2,3,71,6,300,420,3,5
8379,,0,1,2,2,3,44,60,60,180,1,5
8380,,0,1,2,2,3,70,4,300,600,2,5
8381,,0,1,2,2,3,74,88,60,180,2,5
8382,,0,1,2,2,3,42,67,60,180,3,5
8383,,0,1,2,2,2,9,77,300,420,1,5
8384,,0,1,2,2,3,50,7,420,540,3,5
8385,,0,1,2,2,1,79,22,300,600,4,5
8386,,0,1,2,2,3,11,75,300,600,4,5
8387,,0,1,2,2,3,8,32,420,540,2,5
8388,,0,1,2,2,3,89,64,60,180,2,5
8389,,0,1,2,2,1,71,41,60,180,2,5
8390,,0,1,2,2,3,72,67,0,300,1,5
8391,,0,1,2,2,1,10,5,180,300,4,5
8392,,0,1,2,2,3,76,84,300,600,4,5
8393,,0,1,2,2,3,77,25,300,600,4,5
8394,,0,1,2,2,3,33,14,300,420,4,5
8395,,0,1,2,2,2,5,76,180,300,2,5
8396,,0,1,2,2,1,72,52,0,300,1,5
8397,,0,1,2,2,3,62,20,420,540,3,5
8398,,0,1,2,2,3,56,75,420,540,1,5
8399,,0,1,2,2,2,44,84,0,300,3,5
8400,,0,1,2,2,2,59,11,0,300,1,5
8401,,0,1,2,2,3,38,96,180,300,4,5
8402,,0,1,2,2,1,43,55,300,600,2,5
8403,,0,1,2,2,2,37,48,420,540,1,5
8404,,0,1,2,2,3,31,81,420,540,1,5
8405,,0,1,2,2,2,63,92,420,540,1,5
8406,,0,1,2,2,3,79,11,300,600,4,5
8407,,0,1,2,2,3,40,99,420,540,1,5
8408,,0,1,2,2,3,94,80,180,300,2,5
8409,,0,1,2,2,2,10,2,60,180,2,5
8410,,0,1,2,2,2,65,13,300,600,4,5
8411,,0,1,2,2,1,63,88,300,420,1,5
8412,,0,1,2,2,2,84,21,420,540,1,5
8413,,0,1,2,2,2,93,7,420,540,2,5
8414,,0,1,2,2,3,17,25,300,600,2,5
8415,,0,1,2,2,2,31,80,300,600,4,5
8416,,0,1,2,2,3,69,13,420,540,2,5
8417,,0,1,2,2,2,20,36,300,600,4,5
8418,,0,1,2,2,2,90,27,420,540,1,5
8419,,0,1,2,2,2,84,71,420,540,2,5
8420,,0,1,2,2,1,42,30,300,420,4,5
8421,,0,1,2,2,2,31,19,0,300,4,5
8422,,0,1,2,2,3,62,78,60,180,2,5
8423,,0,1,2,2,2,72,70,420,540,3,5
8424,,0,1,2,2,2,58,45,0,300,2,5
8425,,0,1,2,2,1,7,13,180,300,3,5
8426,,0,1,2,2,2,48,75,420,540,3,5
8427,,0,1,2,2,2,5,61,300,600,3,5
8428,,0,1,2,2,2,96,44,60,180,4,5
8429,,0,1,2,2,2,69,39,420,540,1,5
8430,,0,1,2,2,2,21,82,300,600,1,5
8431,,0,1,2,2,3,72,30,0,300,3,5
8432,,0,1,2,2,2,70,34,300,420,4,5
8433,,0,1,2,2,2,77,68,300,420,1,5
8434,,0,1,2,2,2,0,12,300,420,2,5
8435,,0,1,2,2,1,57,33,300,420,2,5
8436,,0,1,2,2,1,11,54,420,540,1,5
8437,,0,1,2,2,2,1,99,420,540,1,5
8438,,0,1,2,2,3,14,4,300,420,3,5
8439,,0,1,2,2,3,20,4,180,300,2,5
8440,,0,1,2,2,1,82,72,420,540,2,5
8441,,0,1,2,2,3,81,14,420,540,3,5
8442,,0,1,2,2,3,66,72,180,300,2,5
8443,,0,1,2,2,1,14,59,60,180,2,5
8444,,0,1,2,2,1,78,33,300,600,2,5
8445,,0,1,2,2,1,87,33,180,300,2,5
8446,,0,1,2,2,2,42,29,60,180,1,5
8447,,0,1,2,2,3,89,47,300,420,1,5
8448,,0,1,2,2,2,40,0,420,540,4,5
8449,,0,1,2,2,1,19,63,300,600,1,5
8450,,0,1,2,2,1,13,36,60,180,3,5
8451,,0,1,2,2,1,65,11,300,600,1,5
8452,,0,1,2,2,2,38,68,0,300,1,5
8453,,0,1,2,2,1,21,94,60,180,3,5
8454,,0,1,2,2,1,64,51,300,600,2,5
8455,,0,1,2,2,1,27,51,60,180,3,5
8456,,0,1,2,2,1,6,25,0,300,2,5
8457,,0,1,2,2,1,78,17,60,180,4,5
8458,,0,1,2,2,3,100,43,420,540,1,5
8459,,0,1,2,2,2,82,60,420,540,3,5
8460,,0,1,2,2,1,42,5,420,540,3,5
8461,,0,1,2,2,1,29,65,180,300,4,5
8462,,0,1,2,2,3,23,45,60,180,2,5
8463,,0,1,2,2,1,23,8,0,300,4,5
8464,,0,1,2,2,3,38,52,420,540,1,5
8465,,0,1,2,2,2,37,24,180,300,2,5
8466,,0,1,2,2,1,84,26,60,180,2,5
8467,,0,1,2,2,2,25,91,60,180,2,5
8468,,0,1,2,2,2,82,69,300,420,1,5
8469,,0,1,2,2,3,5,4,0,300,2,5
8470,,0,1,2,2,2,93,11,180,300,4,5
8471,,0,1,2,2,2,85,4,0,300,1,5
8472,,0,1,2,2,3,53,43,300,600,3,5
8473,,0,1,2,2,3,61,15,420,540,4,5
8474,,0,1,2,2,3,43,81,300,420,3,5
8475,,0,1,2,2,2,71,22,60,180,3,5
8476,,0,1,2,2,3,12,8,60,180,4,5
8477,,0,1,2,2,3,20,1,300,600,4,5
8478,,0,1,2,2,2,12,25,420,540,4,5
8479,,0,1,2,2,1,19,12,0,300,4,5
8480,,0,1,2,2,3,26,11,300,420,2,5
8481,,0,1,2,2,3,78,62,60,180,2,5
8482,,0,1,2,2,1,7,51,300,600,4,5
8483,,0,1,2,2,2,51,24,420,540,3,5
8484,,0,1,2,2,3,100,46,300,600,3,5
8485,,0,1,2,2,3,98,59,300,420,1,5
8486,,0,1,2,2,2,87,59,60,180,4,5
8487,,0,1,2,2,3,29,81,60,180,4,5
8488,,0,1,2,2,1,89,46,420,540,3,5
8489,,0,1,2,2,3,83,25,420,540,1,5
8490,,0,1,2,2,3,83,3,60,180,3,5
8491,,0,1,2,2,3,51,9,300,600,4,5
8492,,0,1,2,2,2,4,29,420,540,3,5
8493,,0,1,2,2,3,9,60,300,600,1,5
8494,,0,1,2,2,1,65,59,0,300,2,5
8495,,0,1,2,2,1,53,46,180,300,2,5
8496,,0,1,2,2,2,33,22,0,300,1,5
8497,,0,1,2,2,3,31,35,420,540,4,5
8498,,0,1,2,2,1,72,25,60,180,4,5
8499,,0,1,2,2,2,45,70,420,540,4,5
8500,,0,1,2,2,3,2,50,300,600,2,5
8501,,0,1,2,2,1,59,18,420,540,4,5
8502,,0,1,2,2,2,64,83,420,540,4,5
8503,,0,1,2,2,1,57,56,420,540,2,5
8504,,0,1,2,2,3,83,90,420,540,1,5
8505,,0,1,2,2,1,48,55,0,300,1,5
8506,,0,1,2,2,3,48,41,60,180,2,5
8507,,0,1,2,2,3,4,3,180,300,4,5
8508,,0,1,2,2,3,24,59,420,540,1,5
8509,,0,1,2,2,3,28,43,60,180,2,5
8510,,0,1,2,2,1,35,49,420,540,2,5
8511,,0,1,2,2,3,48,87,0,300,1,5
8512,,0,1,2,2,1,8,20,420,540,2,5
8513,,0,1,2,2,1,77,82,420,540,1,5
8514,,0,1,2,2,2,93,68,420,540,4,5
8515,,0,1,2,2,1,40,70,300,600,2,5
8516,,0,1,2,2,3,21,24,300,600,4,5
8517,,0,1,2,2,3,89,88,0,300,1,5
8518,,0,1,2,2,3,88,0,300,600,4,5
8519,,0,1,2,2,2,76,44,0,300,3,5
8520,,0,1,2,2,3,76,14,0,300,1,5
8521,,0,1,2,2,1,68,41,60,180,1,5
8522,,0,1,2,2,1,22,100,300,600,2,5
8523,,0,1,2,2,2,85,3,420,540,2,5
8524,,0,1,2,2,1,27,50,300,600,4,5
8525,,0,1,2,2,3,34,39,300,600,4,5
8526,,0,1,2,2,2,8,93,420,540,1,5
8527,,0,1,2,2,2,44,87,420,540,2,5
8528,,0,1,2,2,1,31,37,300,420,1,5
8529,,0,1,2,2,3,95,53,300,600,3,5
8530,,0,1,2,2,1,37,70,0,300,3,5
8531,,0,1,2,2,3,37,40,0,300,4,5
8532,,0,1,2,2,3,62,96,180,300,2,5
8533,,0,1,2,2,3,26,93,180,300,3,5
8534,,0,1,2,2,3,37,93,420,540,2,5
8535,,0,1,2,2,2,34,14,300,600,2,5
8536,,0,1,2,2,2,18,54,0,300,3,5
8537,,0,1,2,2,2,27,17,300,600,2,5
8538,,0,1,2,2,1,1,66,0,300,3,5
8539,,0,1,2,2,2,86,38,60,180,3,5
8540,,0,1,2,2,3,20,3,420,540,1,5
8541,,0,1,2,2,1,65,36,60,180,3,5
8542,,0,1,2,2,3,42,74,180,300,4,5
8543,,0,1,2,2,1,91,26,60,180,3,5
8544,,0,1,2,2,2,98,32,60,180,2,5
8545,,0,1,2,2,2,82,71,420,540,1,5
8546,,0,1,2,2,3,3,83,300,600,2,5
8547,,0,1,2,2,1,1,46,0,300,3,5
8548,,0,1,2,2,1,78,25,60,180,3,5
8549,,0,1,2,2,2,1,46,180,300,1,5
8550,,0,1,2,2,2,94,72,420,540,4,5
8551,,0,1,2,2,1,42,64,420,540,1,5
8552,,0,1,2,2,2,26,2,180,300,3,5
8553,,0,1,2,2,1,63,74,300,420,3,5
8554,,0,1,2,2,2,9,80,0,300,4,5
8555,,0,1,2,2,1,24,86,180,300,3,5
8556,,0,1,2,2,3,13,99,300,420,2,5
8557,,0,1,2,2,1,71,61,420,540,1,5
8558,,0,1,2,2,2,43,41,300,420,4,5
8559,,0,1,2,2,2,81,15,300,600,3,5
8560,,0,1,2,2,1,15,43,180,300,3,5
8561,,0,1,2,2,3,84,64,420,540,2,5
8562,,0,1,2,2,3,4,33,0,300,2,5
8563,,0,1,2,2,3,74,75,0,300,2,5
8564,,0,1,2,2,3,54,27,180,300,3,5
8565,,0,1,2,2,2,49,15,300,600,3,5
8566,,0,1,2,2,1,53,74,180,300,2,5
8567,,0,1,2,2,2,78,58,420,540,3,5
8568,,0,1,2,2,3,1,62,180,300,1,5
8569,,0,1,2,2,2,36,47,180,300,2,5
8570,,0,1,2,2,1,80,90,180,300,4,5
8571,,0,1,2,2,1,46,68,300,600,2,5
8572,,0,1,2,2,1,40,67,300,420,1,5
8573,,0,1,2,2,2,80,24,180,300,4,5
8574,,0,1,2,2,3,63,37,60,180,1,5
8575,,0,1,2,2,3,52,96,300,600,3,5
8576,,0,1,2,2,2,55,28,0,300,3,5
8577,,0,1,2,2,2,31,8,180,300,3,5
8578,,0,1,2,2,2,50,90,300,600,3,5
8579,,0,1,2,2,3,86,54,420,540,3,5
8580,,0,1,2,2,2,96,28,420,540,1,5
8581,,0,1,2,2,2,40,24,300,420,1,5
8582,,0,1,2,2,2,77,8,300,420,1,5
8583,,0,1,2,2,3,27,18,180,300,1,5
8584,,0,1,2,2,2,65,79,180,300,2,5
8585,,0,1,2,2,1,97,20,420,540,2,5
8586,,0,1,2,2,3,11,48,420,540,4,5
8587,,0,1,2,2,1,99,54,420,540,1,5
8588,,0,1,2,2,2,52,60,300,600,3,5
8589,,0,1,2,2,3,88,0,420,540,3,5
8590,,0,1,2,2,2,39,73,180,300,4,5
8591,,0,1,2,2,1,71,78,60,180,3,5
8592,,0,1,2,2,3,79,12,420,540,1,5
8593,,0,1,2,2,1,95,73,0,300,1,5
8594,,0,1,2,2,3,70,11,420,540,2,5
8595,,0,1,2,2,1,8,26,300,420,3,5
8596,,0,1,2,2,3,59,40,300,600,2,5
8597,,0,1,2,2,2,13,45,420,540,1,5
8598,,0,1,2,2,2,52,38,420,540,1,5
8599,,0,1,2,2,2,62,1,300,600,4,5
8600,,0,1,2,2,2,87,94,420,540,2,5
8601,,0,1,2,2,2,98,62,180,300,3,5
8602,,0,1,2,2,2,47,6,420,540,2,5
8603,,0,1,2,2,1,62,34,300,600,3,5
8604,,0,1,2,2,1,27,47,420,540,2,5
8605,,0,1,2,2,1,95,28,300,420,3,5
8606,,0,1,2,2,3,13,6,420,540,3,5
8607,,0,1,2,2,1,88,92,60,180,1,5
8608,,0,1,2,2,1,99,75,180,300,3,5
8609,,0,1,2,2,3,67,71,0,300,2,5
8610,,0,1,2,2,1,12,64,300,600,2,5
8611,,0,1,2,2,3,22,55,420,540,1,5
8612,,0,1,2,2,2,63,68,300,420,3,5
8613,,0,1,2,2,3,75,12,420,540,3,5
8614,,0,1,2,2,1,90,8,300,600,1,5
8615,,0,1,2,2,2,75,8,180,300,4,5
8616,,0,1,2,2,2,82,49,420,540,4,5
8617,,0,1,2,2,2,45,69,420,540,4,5
8618,,0,1,2,2,3,91,5,420,540,1,5
8619,,0,1,2,2,2,63,75,180,300,2,5
8620,,0,1,2,2,3,50,6,300,600,1,5
8621,,0,1,2,2,3,62,46,60,180,3,5
8622,,0,1,2,2,1,95,27,420,540,3,5
8623,,0,1,2,2,1,82,97,300,600,4,5
8624,,0,1,2,2,3,47,12,420,540,2,5
8625,,0,1,2,2,3,100,88,420,540,2,5
8626,,0,1,2,2,3,17,75,300,420,1,5
8627,,0,1,2,2,1,37,70,60,180,3,5
8628,,0,1,2,2,1,22,52,420,540,2,5
8629,,0,1,2,2,3,51,10,300,600,2,5
8630,,0,1,2,2,2,20,35,300,600,3,5
8631,,0,1,2,2,3,17,95,420,540,1,5
8632,,0,1,2,2,2,22,93,420,540,4,5
8633,,0,1,2,2,1,18,9,300,420,2,5
8634,,0,1,2,2,1,53,95,300,600,4,5
8635,,0,1,2,2,3,39,74,60,180,4,5
8636,,0,1,2,2,3,5,39,60,180,3,5
8637,,0,1,2,2,1,54,29,60,180,2,5
8638,,0,1,2,2,2,11,6,300,600,3,5
8639,,0,1,2,2,3,43,13,0,300,1,5
8640,,0,1,2,2,2,93,23,180,300,1,5
8641,,0,1,2,2,1,47,27,420,540,2,5
8642,,0,1,2,2,2,83,11,420,540,3,5
8643,,0,1,2,2,3,63,53,300,420,1,5
8644,,0,1,2,2,2,54,7,0,300,2,5
8645,,0,1,2,2,2,4,48,300,600,4,5
8646,,0,1,2,2,2,71,20,300,420,4,5
8647,,0,1,2,2,3,38,8,420,540,2,5
8648,,0,1,2,2,2,8,96,60,180,2,5
8649,,0,1,2,2,1,12,72,0,300,3,5
8650,,0,1,2,2,3,65,29,420,540,1,5
8651,,0,1,2,2,3,44,64,420,540,4,5
8652,,0,1,2,2,2,28,45,180,300,2,5
8653,,0,1,2,2,3,79,84,300,600,2,5
8654,,0,1,2,2,1,39,53,420,540,1,5
8655,,0,1,2,2,3,90,75,0,300,4,5
8656,,0,1,2,2,2,81,67,60,180,4,5
8657,,0,1,2,2,1,25,45,0,300,2,5
8658,,0,1,2,2,1,73,54,60,180,4,5
8659,,0,1,2,2,2,53,42,60,180,1,5
8660,,0,1,2,2,3,47,8,60,180,3,5
8661,,0,1,2,2,1,23,52,180,300,3,5
8662,,0,1,2,2,2,45,32,420,540,3,5
8663,,0,1,2,2,3,45,4,60,180,4,5
8664,,0,1,2,2,3,24,57,180,300,1,5
8665,,0,1,2,2,3,0,73,420,540,2,5
8666,,0,1,2,2,3,33,24,60,180,3,5
8667,,0,1,2,2,3,39,44,300,600,4,5
8668,,0,1,2,2,3,92,73,420,540,1,5
8669,,0,1,2,2,2,42,50,300,600,4,5
8670,,0,1,2,2,1,65,76,420,540,3,5
8671,,0,1,2,2,1,64,19,60,180,1,5
8672,,0,1,2,2,2,56,35,60,180,4,5
8673,,0,1,2,2,2,90,53,0,300,3,5
8674,,0,1,2,2,3,56,87,60,180,3,5
8675,,0,1,2,2,2,79,13,300,600,4,5
8676,,0,1,2,2,3,94,49,0,300,4,5
8677,,0,1,2,2,1,53,61,420,540,3,5
8678,,0,1,2,2,1,26,57,300,600,4,5
8679,,0,1,2,2,2,75,53,300,600,3,5
8680,,0,1,2,2,2,82,79,420,540,4,5
8681,,0,1,2,2,1,78,5,300,420,3,5
8682,,0,1,2,2,2,21,37,180,300,1,5
8683,,0,1,2,2,3,62,57,420,540,4,5
8684,,0,1,2,2,3,8,1,180,300,2,5
8685,,0,1,2,2,3,39,56,420,540,3,5
8686,,0,1,2,2,1,73,22,60,180,1,5
8687,,0,1,2,2,2,93,36,420,540,2,5
8688,,0,1,2,2,1,70,63,0,300,1,5
8689,,0,1,2,2,3,41,33,0,300,1,5
8690,,0,1,2,2,1,1,2,60,180,3,5
