Order,Day-Order,Time-Order,Day-Ops,Service,Type,Origin,X,Y,Early,Latest,Demand,Service Time 
,,,,,0,1,50,100,,,,0
,,,,,1,1,27,36,,,,15
,,,,,1,1,60,24,,,,15
,,,,,0,2,50,100,,,,0
,,,,,1,2,53,67,,,,15
,,,,,1,2,22,33,,,,15
,,,,,0,3,50,100,,,,0
,,,,,1,3,39,54,,,,15
,,,,,1,3,60,56,,,,15
1,1,0,1,1,3,1,44,43,60,180,3,5
2,1,0,1,2,3,2,62,78,0,300,3,5
3,1,0,1,1,3,2,53,35,60,180,1,5
4,1,0,1,1,3,1,23,20,60,180,3,5
5,1,0,1,1,3,2,13,85,60,180,4,5
6,1,0,1,2,3,3,38,50,180,300,4,5
7,1,0,1,1,3,2,3,72,60,180,1,5
8,1,0,1,2,3,1,45,9,420,540,2,5
9,1,0,1,1,3,3,2,86,60,180,1,5
10,1,0,1,1,3,3,91,36,60,180,4,5
11,1,0,1,1,3,3,3,90,60,180,3,5
12,1,0,1,1,3,1,93,4,60,180,1,5
13,1,0,1,1,3,1,65,57,60,180,2,5
14,1,0,1,1,3,2,2,45,60,180,4,5
15,1,0,1,1,3,1,7,49,60,180,3,5
16,1,0,1,2,3,2,63,46,0,300,3,5
17,1,0,1,2,3,2,23,13,0,300,2,5
18,1,0,1,2,3,1,39,31,420,540,4,5
19,1,0,1,1,3,1,36,18,60,180,2,5
20,1,0,1,1,3,1,45,1,60,180,4,5
21,1,0,1,1,3,3,45,94,60,180,2,5
22,1,0,1,1,3,1,53,15,60,180,2,5
23,1,0,1,1,3,1,58,62,60,180,3,5
24,1,0,1,1,3,3,23,54,60,180,1,5
25,1,0,1,1,3,3,43,90,60,180,2,5
26,1,0,1,1,3,1,98,9,60,180,2,5
27,1,0,1,1,3,2,28,24,60,180,2,5
28,1,0,1,2,3,3,61,37,60,180,3,5
29,1,0,1,1,3,3,83,5,60,180,4,5
30,1,0,1,2,3,1,95,2,420,540,3,5
31,1,0,1,1,3,3,100,67,60,180,2,5
32,1,0,1,1,3,1,43,76,60,180,4,5
33,1,0,1,1,3,1,96,62,60,180,3,5
34,1,0,1,2,3,3,37,70,300,420,3,5
35,1,0,1,1,3,3,43,50,60,180,3,5
36,1,0,1,2,3,3,15,36,0,300,2,5
37,1,0,1,1,3,1,92,75,60,180,3,5
38,1,0,1,1,3,2,75,93,60,180,3,5
39,1,0,1,1,3,3,86,14,60,180,3,5
40,1,0,1,2,3,2,79,30,300,420,2,5
41,1,0,1,2,3,2,80,74,0,300,4,5
42,1,0,1,1,3,1,98,83,60,180,4,5
43,1,0,1,1,3,2,5,93,60,180,2,5
44,1,0,1,2,3,3,84,85,420,540,3,5
45,1,0,1,2,3,2,24,23,300,600,2,5
46,1,0,1,2,3,2,29,13,180,300,2,5
47,1,0,1,1,3,3,47,13,60,180,3,5
48,1,0,1,1,3,2,18,80,60,180,4,5
49,1,0,1,1,3,2,4,44,60,180,2,5
50,1,0,1,1,3,3,36,79,60,180,1,5
51,1,0,1,2,3,3,55,67,60,180,4,5
52,1,0,1,1,3,3,57,13,60,180,4,5
53,1,0,1,1,3,1,21,34,60,180,3,5
54,1,0,1,1,3,2,39,88,60,180,4,5
55,1,0,1,2,3,2,43,0,300,600,2,5
56,1,0,1,2,3,2,49,2,60,180,3,5
57,1,0,1,1,3,3,85,96,60,180,3,5
58,1,0,1,1,3,2,47,38,60,180,1,5
59,1,0,1,1,3,3,92,2,60,180,3,5
60,1,0,1,1,3,3,80,31,60,180,4,5
61,1,0,1,2,3,3,15,72,180,300,1,5
62,1,0,1,2,3,1,86,58,0,300,4,5
63,1,0,1,1,3,2,90,75,60,180,4,5
64,1,0,1,2,3,2,16,6,60,180,3,5
65,1,0,1,1,3,1,52,81,60,180,2,5
66,1,0,1,1,3,2,52,45,60,180,1,5
67,1,0,1,2,3,2,22,25,0,300,1,5
68,1,0,1,1,3,3,30,33,60,180,3,5
69,1,0,1,1,3,3,35,43,60,180,2,5
70,1,0,1,2,3,1,72,94,180,300,2,5
71,1,0,1,1,3,3,95,58,60,180,1,5
72,1,0,1,1,3,3,56,0,60,180,2,5
73,1,0,1,1,3,2,73,63,60,180,3,5
74,1,0,1,2,3,3,33,76,0,300,3,5
75,1,0,1,1,3,3,90,2,60,180,1,5
76,1,0,1,1,3,2,61,62,60,180,3,5
77,1,0,1,1,3,1,52,47,60,180,1,5
78,1,0,1,2,3,3,90,64,180,300,4,5
79,1,0,1,1,3,2,51,96,60,180,4,5
80,1,0,1,1,3,3,6,28,60,180,1,5
81,1,0,1,2,3,1,42,52,60,180,3,5
82,1,0,1,2,3,2,22,30,300,420,1,5
83,1,0,1,2,3,1,77,20,300,600,2,5
84,1,0,1,2,3,3,60,17,180,300,1,5
85,1,0,1,1,3,3,82,57,60,180,3,5
86,1,0,1,1,3,1,83,81,60,180,2,5
87,1,0,1,1,3,1,71,73,60,180,4,5
88,1,0,1,1,3,1,80,81,60,180,2,5
89,1,0,1,1,3,3,14,99,60,180,2,5
90,1,0,1,1,3,2,55,99,60,180,1,5
91,1,0,1,1,3,2,71,97,60,180,2,5
92,1,0,1,1,3,3,70,56,60,180,1,5
93,1,0,1,1,3,2,66,61,60,180,1,5
94,1,0,1,1,3,2,29,28,60,180,2,5
95,1,0,1,1,3,1,90,88,60,180,4,5
96,1,0,1,2,3,3,69,77,0,300,2,5
97,1,0,1,1,3,2,22,81,60,180,3,5
98,1,0,1,1,3,2,86,69,60,180,3,5
99,1,0,1,1,3,2,65,65,60,180,2,5
100,1,0,1,2,3,2,55,21,60,180,3,5
101,1,0,1,2,3,2,2,38,300,600,1,5
102,1,0,1,2,3,2,100,40,60,180,2,5
103,1,0,1,1,3,1,81,45,60,180,4,5
104,1,0,1,1,3,3,44,85,60,180,3,5
105,1,0,1,1,3,3,94,49,60,180,1,5
106,1,0,1,1,3,1,0,59,60,180,4,5
107,1,0,1,1,3,3,6,45,60,180,1,5
108,1,0,1,2,3,2,53,69,300,420,1,5
109,1,0,1,2,3,2,95,17,300,600,1,5
110,1,0,1,1,3,3,65,48,60,180,3,5
111,1,0,1,2,3,2,35,94,300,600,2,5
112,1,0,1,2,3,2,11,60,60,180,3,5
113,1,0,1,2,3,1,1,53,420,540,3,5
114,1,0,1,1,3,3,26,86,60,180,2,5
115,1,0,1,1,3,3,33,57,60,180,2,5
116,1,0,1,2,3,2,44,70,0,300,2,5
117,1,0,1,1,3,3,82,55,60,180,1,5
118,1,0,1,2,3,2,4,38,180,300,1,5
119,1,0,1,2,3,2,59,71,180,300,4,5
120,1,0,1,1,3,2,10,2,60,180,1,5
121,1,0,1,1,3,1,65,18,60,180,3,5
122,1,0,1,1,3,3,44,30,60,180,2,5
123,1,0,1,1,3,3,36,1,60,180,4,5
124,1,0,1,2,3,1,37,81,180,300,4,5
125,1,0,1,1,3,3,30,68,60,180,4,5
126,1,0,1,2,3,2,25,75,300,420,4,5
127,1,0,1,1,3,3,70,20,60,180,2,5
128,1,0,1,2,3,2,93,90,180,300,2,5
129,1,0,1,2,3,1,49,57,300,600,1,5
130,1,0,1,2,3,2,56,2,420,540,2,5
131,1,0,1,1,3,1,9,96,60,180,4,5
132,1,0,1,1,3,3,5,40,60,180,3,5
133,1,0,1,2,3,3,83,96,0,300,4,5
134,1,0,1,1,3,1,29,44,60,180,4,5
135,1,0,1,2,3,3,7,60,420,540,2,5
136,1,0,1,1,3,3,10,10,60,180,1,5
137,1,0,1,2,3,3,13,10,0,300,4,5
138,1,0,1,1,3,3,97,83,60,180,2,5
139,1,0,1,2,3,3,56,69,300,420,1,5
140,1,0,1,1,3,2,71,71,60,180,1,5
141,1,0,1,1,3,3,16,97,60,180,3,5
142,1,0,1,2,3,2,36,79,300,420,4,5
143,1,0,1,1,3,1,69,3,60,180,3,5
144,1,0,1,1,3,2,12,27,60,180,4,5
145,1,0,1,1,3,1,48,98,60,180,2,5
146,1,0,1,1,3,1,0,37,60,180,4,5
147,1,0,1,1,3,3,41,63,60,180,2,5
148,1,0,1,2,3,3,23,26,0,300,3,5
149,1,0,1,2,3,2,88,42,300,420,1,5
150,1,0,1,1,3,3,11,18,60,180,1,5
151,1,0,1,1,3,2,97,98,60,180,2,5
152,1,0,1,1,3,1,43,57,60,180,1,5
153,1,0,1,1,3,2,65,96,60,180,1,5
154,1,0,1,2,3,1,97,9,60,180,3,5
155,1,0,1,1,3,1,31,78,60,180,1,5
156,1,0,1,2,3,2,86,40,300,600,2,5
157,1,0,1,2,3,2,50,63,0,300,1,5
158,1,0,1,1,3,1,6,49,60,180,3,5
159,1,0,1,2,3,2,49,46,180,300,2,5
160,1,0,1,1,3,3,18,100,60,180,2,5
161,1,0,1,1,3,2,16,95,60,180,3,5
162,1,0,1,2,3,1,4,0,60,180,3,5
163,1,0,1,1,3,3,3,18,60,180,2,5
164,1,0,1,2,3,1,28,95,300,600,2,5
165,1,0,1,1,3,3,27,38,60,180,4,5
166,1,0,1,1,3,3,9,63,60,180,1,5
167,1,0,1,1,3,2,90,39,60,180,3,5
168,1,0,1,2,3,2,39,11,180,300,3,5
169,1,0,1,2,3,2,42,7,300,420,3,5
170,1,0,1,1,3,3,97,46,60,180,4,5
171,1,0,1,1,3,1,0,51,60,180,3,5
172,1,0,1,2,3,2,11,21,180,300,1,5
173,1,0,1,2,3,2,32,86,300,600,4,5
174,1,0,1,1,3,3,79,92,60,180,2,5
175,1,0,1,1,3,3,67,87,60,180,2,5
176,1,0,1,1,3,2,2,79,60,180,4,5
177,1,0,1,1,3,3,35,9,60,180,3,5
178,1,0,1,1,3,3,16,69,60,180,4,5
179,1,0,1,1,3,2,16,57,60,180,1,5
180,1,0,1,2,3,3,2,64,420,540,1,5
181,1,0,1,1,3,1,1,73,60,180,2,5
182,1,0,1,1,3,1,71,6,60,180,1,5
183,1,0,1,2,3,3,27,39,0,300,2,5
184,1,0,1,2,3,2,30,99,60,180,3,5
185,1,0,1,2,3,1,15,6,420,540,2,5
186,1,0,1,1,3,3,92,80,60,180,3,5
187,1,0,1,2,3,1,17,42,60,180,1,5
188,1,0,1,1,3,3,50,51,60,180,2,5
189,1,0,1,1,3,1,36,69,60,180,3,5
190,1,0,1,2,3,2,100,79,300,600,1,5
191,1,0,1,1,3,2,54,24,60,180,2,5
192,1,0,1,1,3,2,65,77,60,180,2,5
193,1,0,1,2,3,3,48,95,420,540,2,5
194,1,0,1,1,3,3,73,95,60,180,4,5
195,1,0,1,2,3,2,54,71,60,180,4,5
196,1,0,1,1,3,2,6,47,60,180,1,5
197,1,0,1,2,3,2,47,93,60,180,4,5
198,1,0,1,1,3,2,31,65,60,180,1,5
199,1,0,1,1,3,2,89,67,60,180,2,5
200,1,0,1,2,3,1,55,87,420,540,4,5
201,1,0,1,2,3,3,53,4,420,540,2,5
202,1,0,1,2,3,3,70,5,60,180,4,5
203,1,0,1,1,3,3,71,1,60,180,1,5
204,1,0,1,1,3,2,43,44,60,180,3,5
205,1,0,1,1,3,2,53,98,60,180,3,5
206,1,0,1,1,3,2,9,29,60,180,2,5
207,1,0,1,1,3,2,65,55,60,180,1,5
208,1,0,1,2,3,3,50,28,0,300,2,5
209,1,0,1,1,3,2,78,67,60,180,3,5
210,1,0,1,1,3,2,59,64,60,180,1,5
211,1,0,1,1,3,2,9,5,60,180,3,5
212,1,0,1,2,3,3,43,37,180,300,2,5
213,1,0,1,1,3,3,5,71,60,180,3,5
214,1,0,1,1,3,1,23,87,60,180,4,5
215,1,0,1,1,3,1,37,37,60,180,3,5
216,1,0,1,2,3,1,99,8,180,300,4,5
217,1,0,1,1,3,2,3,80,60,180,2,5
218,1,0,1,2,3,2,63,6,180,300,2,5
219,1,0,1,1,3,3,25,28,60,180,4,5
220,1,0,1,2,3,2,24,49,0,300,1,5
221,1,0,1,2,3,2,40,9,420,540,2,5
222,1,0,1,2,3,3,3,13,60,180,3,5
223,1,0,1,2,3,1,77,17,300,600,2,5
224,1,0,1,1,3,1,48,98,60,180,2,5
225,1,0,1,1,3,2,62,39,60,180,3,5
226,1,0,1,2,3,3,7,17,300,420,3,5
227,1,0,1,1,3,1,55,57,60,180,3,5
228,1,0,1,1,3,1,51,14,60,180,3,5
229,1,0,1,1,3,2,36,37,60,180,1,5
230,1,0,1,1,3,2,91,44,60,180,3,5
231,1,0,1,1,3,2,67,82,60,180,4,5
232,1,0,1,1,3,3,18,90,60,180,2,5
233,1,0,1,1,3,1,84,89,60,180,1,5
234,1,0,1,1,3,3,87,79,60,180,1,5
235,1,0,1,2,3,1,45,48,420,540,2,5
236,1,0,1,2,3,3,25,20,0,300,4,5
237,1,0,1,1,3,3,82,52,60,180,2,5
238,1,0,1,2,3,2,59,25,180,300,4,5
239,1,0,1,2,3,1,93,28,420,540,2,5
240,1,0,1,1,3,2,0,56,60,180,2,5
241,1,0,1,2,3,3,22,97,420,540,3,5
242,1,0,1,2,3,2,28,87,180,300,4,5
243,1,0,1,2,3,2,92,99,420,540,3,5
244,1,0,1,1,3,1,19,84,60,180,1,5
245,1,0,1,2,3,1,75,71,180,300,3,5
246,1,0,1,1,3,3,18,83,60,180,1,5
247,1,0,1,1,3,2,33,95,60,180,3,5
248,1,0,1,2,3,1,97,70,180,300,1,5
249,1,0,1,2,3,3,6,18,0,300,2,5
250,1,0,1,1,3,3,69,90,60,180,3,5
251,1,0,1,1,3,3,58,52,60,180,2,5
252,1,0,1,2,3,3,5,26,0,300,2,5
253,1,0,1,1,3,1,42,7,60,180,3,5
254,1,0,1,1,3,3,88,85,60,180,3,5
255,1,0,1,1,3,3,47,100,60,180,2,5
256,1,0,1,1,3,2,45,47,60,180,4,5
257,1,0,1,2,3,2,38,73,300,420,4,5
258,1,0,1,1,3,2,0,90,60,180,2,5
259,1,0,1,2,3,2,8,54,420,540,2,5
260,1,0,1,1,3,2,48,78,60,180,4,5
261,1,0,1,1,3,3,91,71,60,180,1,5
262,1,0,1,1,3,2,37,59,60,180,2,5
263,1,0,1,1,3,2,12,29,60,180,3,5
264,1,0,1,1,3,2,46,47,60,180,4,5
265,1,0,1,2,3,3,33,10,300,420,1,5
266,1,0,1,2,3,3,64,16,180,300,4,5
267,1,0,1,2,3,1,22,13,300,600,2,5
268,1,0,1,1,3,1,90,49,60,180,1,5
269,1,0,1,1,3,2,78,40,60,180,2,5
270,1,0,1,2,3,2,16,42,300,420,3,5
271,1,0,1,1,3,3,2,68,60,180,4,5
272,1,0,1,1,3,1,72,5,60,180,3,5
273,1,0,1,2,3,3,59,18,300,600,1,5
274,1,0,1,1,3,1,51,68,60,180,1,5
275,1,0,1,1,3,3,92,5,60,180,2,5
276,1,0,1,1,3,2,76,63,60,180,1,5
277,1,0,1,1,3,3,5,80,60,180,4,5
278,1,0,1,2,3,2,53,15,420,540,1,5
279,1,0,1,1,3,1,8,32,60,180,2,5
280,1,0,1,1,3,2,12,4,60,180,4,5
281,1,0,1,1,3,2,5,21,60,180,1,5
282,1,0,1,1,3,3,58,70,60,180,2,5
283,1,0,1,1,3,2,73,47,60,180,2,5
284,1,0,1,1,3,2,28,5,60,180,4,5
285,1,0,1,1,3,3,88,53,60,180,3,5
286,1,0,1,1,3,2,0,98,60,180,2,5
287,1,0,1,1,3,3,35,86,60,180,4,5
288,1,0,1,2,3,1,91,23,180,300,1,5
289,1,0,1,2,3,1,44,34,300,600,1,5
290,1,0,1,2,3,3,8,39,0,300,4,5
291,1,0,1,1,3,2,99,82,60,180,1,5
292,1,0,1,1,3,3,62,24,60,180,2,5
293,1,0,1,2,3,1,13,99,180,300,3,5
294,1,0,1,2,3,3,64,90,180,300,2,5
295,1,0,1,1,3,2,65,71,60,180,4,5
296,1,0,1,1,3,3,28,47,60,180,1,5
297,1,0,1,2,3,3,13,30,0,300,4,5
298,1,0,1,1,3,1,54,18,60,180,3,5
299,1,0,1,1,3,1,100,60,60,180,3,5
300,1,0,1,2,3,3,78,0,180,300,2,5
301,1,0,1,1,3,2,100,41,60,180,1,5
302,1,0,1,1,3,2,76,96,60,180,2,5
303,1,0,1,1,3,1,90,64,60,180,2,5
304,1,0,1,2,3,1,34,44,300,600,3,5
305,1,0,1,1,3,3,69,89,60,180,2,5
306,1,0,1,1,3,2,19,2,60,180,1,5
307,1,0,1,2,3,1,93,3,60,180,4,5
308,1,0,1,2,3,3,40,40,180,300,2,5
309,1,0,1,1,3,1,76,31,60,180,3,5
310,1,0,1,2,3,1,40,89,420,540,4,5
311,1,0,1,1,3,2,60,100,60,180,3,5
312,1,0,1,2,3,3,27,30,420,540,3,5
313,1,0,1,1,3,3,45,98,60,180,4,5
314,1,0,1,2,3,3,63,36,420,540,1,5
315,1,0,1,2,3,3,0,92,0,300,4,5
316,1,0,1,1,3,3,28,25,60,180,4,5
317,1,0,1,1,3,1,3,22,60,180,3,5
318,1,0,1,1,3,1,55,73,60,180,1,5
319,1,0,1,1,3,2,100,18,60,180,2,5
320,1,0,1,1,3,3,10,75,60,180,2,5
321,1,0,1,2,3,3,23,61,300,600,3,5
322,1,0,1,2,3,3,49,90,0,300,2,5
323,1,0,1,1,3,1,89,8,60,180,2,5
324,1,0,1,2,3,1,93,12,0,300,2,5
325,1,0,1,2,3,3,38,90,60,180,1,5
326,1,0,1,1,3,2,23,99,60,180,1,5
327,1,0,1,2,3,1,1,0,60,180,3,5
328,1,0,1,1,3,2,67,44,60,180,2,5
329,1,0,1,1,3,1,100,36,60,180,3,5
330,1,0,1,2,3,3,52,60,0,300,4,5
331,1,0,1,1,3,2,45,69,60,180,2,5
332,1,0,1,2,3,2,22,57,420,540,2,5
333,1,0,1,1,3,1,47,9,60,180,2,5
334,1,0,1,2,3,2,63,62,0,300,3,5
335,1,0,1,2,3,1,94,80,300,420,3,5
336,1,160,2,2,3,3,43,14,180,300,4,5
337,1,292,2,1,3,1,39,15,180,300,4,5
338,1,298,2,1,3,3,12,90,180,300,4,5
339,1,255,2,1,3,2,98,11,180,300,2,5
340,1,259,2,2,3,3,16,84,60,180,4,5
341,1,31,2,1,3,1,10,87,180,300,1,5
342,1,197,2,1,3,3,58,28,180,300,3,5
343,1,89,2,1,3,2,35,81,0,300,1,5
344,1,309,2,2,3,1,73,43,300,420,3,5
345,1,43,2,1,3,2,3,56,180,300,3,5
346,1,599,2,2,3,2,75,57,0,300,1,5
347,1,52,2,2,3,2,8,11,0,300,3,5
348,1,217,2,1,3,3,52,85,0,300,4,5
349,1,239,2,1,3,2,9,54,0,300,1,5
350,1,349,2,1,3,3,21,84,180,300,2,5
351,1,420,2,2,3,2,31,80,420,540,2,5
352,1,527,2,1,3,3,100,32,180,300,3,5
353,1,578,2,1,3,2,80,23,180,300,4,5
354,1,465,2,1,3,1,100,95,180,300,2,5
355,1,133,2,1,3,2,76,75,180,300,1,5
356,1,526,2,1,3,2,80,35,180,300,3,5
357,1,27,2,1,3,1,48,42,60,180,4,5
358,1,594,2,2,3,2,78,20,300,420,2,5
359,1,170,2,1,3,3,99,86,0,300,2,5
360,1,102,2,2,3,1,68,82,60,180,2,5
361,1,385,2,1,3,1,75,35,60,180,1,5
362,1,578,2,1,3,3,6,33,180,300,4,5
363,1,277,2,1,3,2,55,50,180,300,1,5
364,1,188,2,1,3,1,74,31,60,180,2,5
365,1,430,2,1,3,1,48,57,180,300,2,5
366,1,359,2,2,3,1,10,96,420,540,4,5
367,1,417,2,1,3,1,12,26,180,300,1,5
368,1,376,2,2,3,1,66,88,180,300,3,5
369,1,491,2,1,3,3,95,55,60,180,4,5
370,1,146,2,1,3,2,45,85,0,300,4,5
371,1,154,2,1,3,2,32,7,0,300,4,5
372,1,102,2,1,3,1,74,48,180,300,4,5
373,1,495,2,1,3,2,64,27,0,300,2,5
374,1,425,2,1,3,1,93,10,60,180,3,5
375,1,574,2,2,3,2,38,75,300,420,3,5
376,1,510,2,1,3,2,96,14,60,180,1,5
377,1,472,2,2,3,3,83,33,60,180,3,5
378,1,528,2,1,3,2,32,100,180,300,1,5
379,1,33,2,2,3,2,64,4,420,540,4,5
380,1,365,2,1,3,3,99,13,0,300,2,5
381,1,9,2,1,3,2,20,45,0,300,4,5
382,1,565,2,1,3,3,57,18,180,300,2,5
383,1,238,2,1,3,3,10,32,60,180,3,5
384,1,222,2,1,3,2,36,43,180,300,1,5
385,1,171,2,1,3,3,73,31,180,300,1,5
386,1,278,2,1,3,1,55,15,60,180,2,5
387,1,281,2,1,3,2,65,63,180,300,3,5
388,1,0,2,2,3,1,33,13,420,540,3,5
389,1,375,2,1,3,2,4,27,180,300,1,5
390,1,146,2,1,3,1,88,41,0,300,2,5
391,1,239,2,1,3,1,58,37,60,180,3,5
392,1,539,2,1,3,3,68,56,60,180,2,5
393,1,106,2,2,3,1,8,5,420,540,3,5
394,1,92,2,1,3,2,26,14,0,300,3,5
395,1,498,2,1,3,2,73,4,60,180,1,5
396,1,390,2,1,3,2,27,34,180,300,3,5
397,1,529,2,1,3,3,67,10,0,300,1,5
398,1,163,2,1,3,1,55,19,0,300,4,5
399,1,160,2,2,3,3,64,30,60,180,1,5
400,1,156,2,1,3,1,41,97,180,300,4,5
401,1,115,2,1,3,3,11,1,0,300,4,5
402,1,398,2,1,3,2,11,5,180,300,2,5
403,1,540,2,1,3,3,4,94,60,180,3,5
404,1,548,2,1,3,1,49,12,180,300,4,5
405,1,228,2,1,3,3,32,41,0,300,1,5
406,1,124,2,2,3,3,74,52,180,300,3,5
407,1,358,2,1,3,3,56,51,0,300,2,5
408,1,356,2,1,3,1,7,42,0,300,4,5
409,1,290,2,1,3,3,79,61,60,180,4,5
410,1,317,2,2,3,1,57,70,420,540,1,5
411,1,44,2,1,3,2,18,27,180,300,1,5
412,1,167,2,1,3,1,34,39,0,300,2,5
413,1,240,2,2,3,1,61,0,420,540,2,5
414,1,529,2,2,3,3,64,43,420,540,3,5
415,1,222,2,1,3,2,43,11,180,300,2,5
416,1,291,2,2,3,3,55,79,420,540,3,5
417,1,130,2,2,3,1,81,82,420,540,3,5
418,1,206,2,2,3,1,24,72,300,600,3,5
419,1,435,2,1,3,1,99,70,180,300,1,5
420,1,188,2,2,3,3,78,48,420,540,3,5
421,1,156,2,1,3,3,11,56,180,300,1,5
422,1,232,2,1,3,2,65,42,180,300,2,5
423,1,329,2,1,3,3,9,45,180,300,4,5
424,1,308,2,1,3,1,62,47,60,180,2,5
425,1,16,2,1,3,2,41,50,60,180,2,5
426,1,33,2,2,3,1,90,30,0,300,2,5
427,1,560,2,2,3,1,8,98,180,300,4,5
428,1,490,2,2,3,2,63,33,300,420,3,5
429,1,7,2,2,3,2,67,63,0,300,4,5
430,1,190,2,1,3,1,30,18,60,180,1,5
431,1,207,2,1,3,2,80,70,180,300,4,5
432,1,168,2,2,3,3,74,16,420,540,3,5
433,1,358,2,2,3,3,89,23,420,540,2,5
434,1,321,2,1,3,2,6,70,0,300,1,5
435,1,490,2,1,3,3,18,5,0,300,2,5
436,1,205,2,1,3,1,98,18,0,300,3,5
437,1,139,2,2,3,2,39,90,420,540,1,5
438,1,466,2,2,3,1,42,51,180,300,2,5
439,1,297,2,1,3,3,72,14,180,300,1,5
440,1,448,2,1,3,1,91,18,0,300,3,5
441,1,223,2,1,3,3,80,23,60,180,4,5
442,1,595,2,2,3,3,75,92,300,600,2,5
443,1,174,2,1,3,3,92,78,180,300,3,5
444,10,99,10,1,3,1,80,19,180,300,1,5
445,14,352,15,1,3,2,18,61,0,300,2,5
446,3,337,3,2,3,3,37,70,420,540,1,5
447,5,425,6,2,3,3,77,15,180,300,4,5
448,2,233,2,2,3,2,89,11,420,540,3,5
449,11,537,13,1,3,3,7,49,60,180,2,5
450,3,114,3,2,3,2,43,94,420,540,2,5
451,3,397,3,2,3,3,34,40,420,540,3,5
452,3,445,4,1,3,1,57,67,0,300,1,5
453,9,177,10,1,3,3,66,89,60,180,1,5
454,6,140,6,1,3,1,23,88,180,300,4,5
455,7,85,7,1,3,3,44,95,180,300,4,5
456,3,357,3,2,3,1,77,8,420,540,2,5
457,10,591,12,1,3,1,97,57,60,180,1,5
458,7,364,7,2,3,1,41,52,420,540,4,5
459,11,416,11,2,3,2,90,85,420,540,2,5
460,4,487,5,2,3,1,75,15,60,180,4,5
461,3,416,5,2,3,1,59,56,0,300,2,5
462,13,321,13,2,3,3,64,39,420,540,4,5
463,7,220,7,2,3,3,76,2,420,540,2,5
464,7,565,8,1,3,3,94,99,180,300,1,5
465,8,474,9,1,3,1,97,68,0,300,2,5
466,4,169,4,2,3,2,15,47,180,300,1,5
467,6,118,7,1,3,3,75,93,0,300,4,5
468,11,235,11,2,3,2,69,62,420,540,3,5
469,11,384,12,1,3,3,10,99,60,180,4,5
470,1,462,2,1,3,2,67,20,180,300,2,5
471,13,340,13,2,3,3,52,3,420,540,4,5
472,7,452,8,1,3,1,8,72,180,300,3,5
473,8,103,8,1,3,2,30,84,180,300,2,5
474,12,438,13,2,3,3,55,39,300,420,2,5
475,3,544,5,2,3,2,17,69,300,600,2,5
476,8,256,9,1,3,3,45,100,180,300,3,5
477,6,453,8,2,3,3,66,54,60,180,2,5
478,7,79,8,2,3,2,97,33,180,300,1,5
479,10,36,11,1,3,1,94,47,60,180,2,5
480,6,345,7,1,3,3,62,32,0,300,2,5
481,7,158,8,2,3,2,81,40,300,420,2,5
482,12,36,12,1,3,3,94,39,60,180,1,5
483,1,490,2,1,3,3,86,81,180,300,4,5
484,3,240,3,2,3,1,79,40,300,600,1,5
485,8,15,8,1,3,3,67,15,60,180,2,5
486,6,199,7,2,3,1,39,67,180,300,3,5
487,6,415,7,1,3,2,77,81,60,180,1,5
488,12,401,12,2,3,3,29,69,420,540,2,5
489,13,537,14,1,3,3,87,7,180,300,1,5
490,8,206,9,2,3,3,82,69,0,300,4,5
491,13,345,13,2,3,2,99,0,420,540,3,5
492,3,255,3,2,3,3,97,56,420,540,4,5
493,7,206,8,1,3,1,95,99,0,300,1,5
494,6,527,7,1,3,3,57,46,0,300,2,5
495,13,385,14,1,3,2,21,72,180,300,4,5
496,11,265,11,2,3,2,47,37,300,420,4,5
497,14,221,14,2,3,3,33,58,420,540,4,5
498,7,545,8,1,3,1,42,13,180,300,4,5
499,9,489,11,1,3,3,36,49,180,300,2,5
500,4,23,4,1,3,1,65,17,60,180,1,5
501,4,427,5,1,3,2,93,39,0,300,4,5
502,5,46,6,1,3,1,89,70,180,300,4,5
503,12,414,12,2,3,3,26,34,420,540,3,5
504,14,292,14,2,3,2,94,16,420,540,4,5
505,14,117,14,1,3,2,91,31,180,300,1,5
506,13,370,14,1,3,2,3,24,0,300,1,5
507,10,217,10,2,3,3,25,70,300,600,2,5
508,12,15,13,2,3,3,28,80,180,300,4,5
509,1,436,3,2,3,2,10,38,0,300,2,5
510,9,275,10,2,3,2,59,98,300,600,3,5
511,4,459,6,1,3,3,53,52,180,300,2,5
512,3,412,4,1,3,1,92,60,0,300,4,5
513,11,331,11,2,3,3,49,62,420,540,1,5
514,1,464,2,1,3,1,73,13,180,300,1,5
515,13,498,14,1,3,1,93,61,0,300,1,5
516,14,367,15,1,3,3,76,12,60,180,3,5
517,12,480,13,1,3,3,67,64,60,180,3,5
518,11,547,13,1,3,1,65,80,0,300,2,5
519,9,84,9,1,3,2,45,30,180,300,1,5
520,14,425,16,2,3,3,38,7,420,540,2,5
521,5,186,6,1,3,2,48,72,0,300,2,5
522,6,521,8,1,3,3,69,89,0,300,4,5
523,3,14,3,2,3,3,25,42,0,300,4,5
524,2,119,3,2,3,1,0,44,0,300,4,5
525,10,243,10,2,3,3,50,44,300,600,2,5
526,11,241,11,2,3,3,10,96,300,600,4,5
527,6,106,6,1,3,1,86,68,180,300,2,5
528,8,499,9,1,3,2,3,72,60,180,4,5
529,6,205,8,2,3,1,61,80,180,300,4,5
530,11,239,11,2,3,2,52,93,300,600,4,5
531,4,77,5,2,3,2,57,100,0,300,2,5
532,7,285,7,2,3,3,21,49,300,600,3,5
533,14,224,14,2,3,2,9,58,300,600,2,5
534,13,426,14,2,3,2,54,21,0,300,2,5
535,13,246,13,2,3,3,9,53,300,420,4,5
536,11,483,12,1,3,3,71,19,0,300,1,5
537,2,277,2,2,3,2,67,58,300,600,4,5
538,12,126,13,1,3,1,6,77,0,300,4,5
539,11,266,12,1,3,3,97,72,60,180,3,5
540,6,227,8,1,3,2,5,27,0,300,4,5
541,14,474,16,2,3,3,81,97,180,300,3,5
542,6,14,6,1,3,3,83,53,60,180,3,5
543,14,246,14,2,3,1,20,46,300,420,2,5
544,14,137,14,1,3,3,99,92,180,300,2,5
545,11,548,12,1,3,3,17,57,180,300,1,5
546,6,205,6,2,3,1,84,69,300,420,2,5
547,9,438,10,1,3,3,16,18,0,300,2,5
548,2,471,3,1,3,3,56,44,180,300,1,5
549,9,576,11,1,3,1,9,34,0,300,2,5
550,2,295,2,2,3,3,86,19,300,420,2,5
551,11,563,12,1,3,1,77,35,60,180,4,5
552,6,583,8,2,3,3,15,47,300,420,4,5
553,6,293,6,2,3,2,84,86,420,540,4,5
554,9,189,9,2,3,1,64,42,300,600,2,5
555,5,159,5,1,3,2,23,77,180,300,4,5
556,5,217,5,2,3,1,19,44,300,420,2,5
557,11,237,12,2,3,2,65,60,180,300,4,5
558,5,391,5,2,3,1,91,69,420,540,1,5
559,4,455,5,2,3,2,70,51,60,180,4,5
560,9,432,10,2,3,3,78,41,300,420,3,5
561,7,175,7,1,3,1,47,89,180,300,4,5
562,13,109,15,1,3,1,56,43,60,180,1,5
563,12,328,12,2,3,3,57,90,420,540,4,5
564,7,522,9,1,3,1,86,36,180,300,3,5
565,3,188,3,2,3,1,82,49,300,420,4,5
566,5,595,7,1,3,2,14,98,180,300,4,5
567,6,389,7,1,3,2,84,63,180,300,3,5
568,10,272,10,2,3,1,34,100,300,420,2,5
569,13,464,14,2,3,1,45,31,60,180,1,5
570,2,418,2,2,3,3,61,97,420,540,4,5
571,13,260,15,1,3,2,69,87,0,300,3,5
572,1,321,2,1,3,1,50,78,180,300,1,5
573,5,13,6,2,3,1,24,48,420,540,2,5
574,1,478,2,1,3,2,3,5,180,300,1,5
575,5,383,6,2,3,1,70,54,300,600,1,5
576,13,342,13,2,3,3,65,93,420,540,3,5
577,5,106,5,1,3,3,83,84,180,300,2,5
578,7,248,8,2,3,2,78,77,0,300,2,5
579,11,384,11,2,3,1,13,71,420,540,4,5
580,4,224,5,1,3,2,87,57,180,300,3,5
581,9,303,9,2,3,3,78,18,420,540,2,5
582,6,354,7,1,3,1,54,42,180,300,2,5
583,2,154,3,2,3,2,54,32,0,300,2,5
584,2,86,3,2,3,1,17,6,300,600,3,5
585,3,519,4,1,3,1,59,87,0,300,3,5
586,7,104,7,1,3,2,93,90,180,300,4,5
587,10,356,10,2,3,2,41,94,420,540,4,5
588,5,519,6,2,3,3,7,82,180,300,3,5
589,6,13,8,1,3,1,58,57,60,180,1,5
590,6,380,6,2,3,1,98,46,420,540,1,5
591,5,575,7,1,3,2,64,69,0,300,4,5
592,2,187,2,2,3,3,19,39,420,540,1,5
593,3,224,4,2,3,1,19,6,0,300,4,5
594,1,292,1,2,3,1,53,23,420,540,4,5
595,10,276,10,2,3,3,48,4,300,600,4,5
596,2,184,2,2,3,3,43,40,420,540,1,5
597,8,448,9,2,3,1,63,92,180,300,4,5
598,13,499,14,1,3,3,88,78,180,300,2,5
599,3,438,4,1,3,3,55,84,0,300,1,5
600,5,211,6,1,3,3,94,74,0,300,4,5
601,11,500,12,2,3,3,74,74,60,180,2,5
602,1,288,2,2,3,2,0,36,300,600,3,5
603,6,207,6,2,3,1,81,86,420,540,2,5
604,7,518,8,1,3,2,45,49,0,300,4,5
605,11,559,12,1,3,1,17,47,180,300,2,5
606,7,475,8,2,3,2,100,15,0,300,3,5
607,7,391,7,2,3,3,92,89,420,540,3,5
608,7,579,9,1,3,1,4,88,0,300,3,5
609,8,401,8,2,3,1,36,27,420,540,1,5
610,8,448,9,1,3,3,84,39,0,300,2,5
611,7,99,8,1,3,3,56,3,0,300,2,5
612,1,588,2,2,3,1,75,92,60,180,4,5
613,6,225,6,2,3,1,36,27,300,420,4,5
614,6,294,7,2,3,2,72,68,180,300,3,5
615,11,515,12,2,3,2,59,89,180,300,3,5
616,9,450,11,1,3,2,100,77,180,300,3,5
617,3,60,4,1,3,1,32,46,60,180,1,5
618,6,162,7,2,3,1,2,79,0,300,2,5
619,2,588,3,2,3,1,83,12,420,540,3,5
620,1,336,1,2,3,1,31,100,420,540,3,5
621,12,128,13,1,3,2,78,25,60,180,3,5
622,5,536,6,2,3,2,81,33,300,420,4,5
623,9,456,10,1,3,1,21,78,0,300,3,5
624,5,410,6,2,3,2,58,73,60,180,2,5
625,4,369,4,2,3,2,68,58,420,540,1,5
626,14,497,16,1,3,3,9,3,60,180,4,5
627,14,317,15,1,3,1,3,39,180,300,2,5
628,7,200,7,2,3,3,21,97,300,420,1,5
629,11,150,11,2,3,3,29,26,420,540,1,5
630,8,320,10,1,3,2,13,39,60,180,3,5
631,8,339,8,2,3,2,27,48,420,540,2,5
632,13,452,14,1,3,1,8,93,180,300,3,5
633,9,47,10,1,3,2,10,37,0,300,3,5
634,5,53,5,2,3,1,83,2,180,300,2,5
635,8,580,9,2,3,3,83,44,60,180,2,5
636,6,386,7,1,3,3,35,27,0,300,1,5
637,2,179,2,1,3,2,51,47,180,300,1,5
638,3,578,4,1,3,2,22,18,180,300,3,5
639,10,596,11,2,3,1,57,92,420,540,2,5
640,7,8,7,2,3,3,67,78,60,180,4,5
641,8,437,10,2,3,1,98,59,0,300,1,5
642,2,414,3,1,3,1,51,41,60,180,3,5
643,8,388,9,2,3,3,49,5,420,540,4,5
644,5,247,6,1,3,1,67,70,0,300,1,5
645,4,35,4,2,3,2,77,42,0,300,4,5
646,6,240,6,2,3,3,44,26,420,540,4,5
647,13,383,13,2,3,3,10,5,420,540,3,5
648,4,158,5,1,3,2,77,30,0,300,1,5
649,7,351,8,2,3,1,37,21,60,180,3,5
650,9,567,11,1,3,2,64,44,60,180,4,5
651,8,460,9,1,3,2,72,97,0,300,3,5
652,1,587,3,1,3,1,59,55,60,180,1,5
653,7,486,9,1,3,2,8,42,180,300,3,5
654,12,279,13,1,3,1,6,57,0,300,1,5
655,4,20,5,1,3,1,12,89,0,300,4,5
656,8,491,9,2,3,2,25,67,0,300,2,5
657,9,189,9,2,3,2,45,61,300,600,3,5
658,11,359,11,2,3,2,64,38,420,540,2,5
659,4,578,5,2,3,1,36,79,180,300,1,5
660,4,257,4,2,3,2,15,52,420,540,3,5
661,3,6,3,1,3,1,47,95,60,180,1,5
662,9,590,10,1,3,2,19,78,180,300,2,5
663,7,464,9,1,3,2,69,49,180,300,2,5
664,7,593,9,1,3,2,72,11,0,300,3,5
665,8,451,10,2,3,3,38,41,0,300,4,5
666,2,424,3,1,3,2,80,3,180,300,3,5
667,9,60,9,1,3,2,100,100,180,300,1,5
668,10,318,12,1,3,2,12,45,60,180,2,5
669,10,472,11,1,3,1,45,67,0,300,2,5
670,4,174,6,1,3,2,44,23,0,300,1,5
671,14,330,15,1,3,2,71,74,180,300,4,5
672,9,271,9,2,3,1,78,6,420,540,1,5
673,10,219,11,1,3,2,2,7,180,300,3,5
674,2,94,2,1,3,3,7,91,180,300,3,5
675,12,562,13,1,3,2,69,3,180,300,4,5
676,12,291,12,2,3,3,94,88,300,420,4,5
677,12,61,13,1,3,3,3,100,180,300,4,5
678,9,109,10,1,3,3,65,38,180,300,4,5
679,7,79,8,2,3,2,4,50,0,300,4,5
680,2,413,4,2,3,2,52,89,60,180,1,5
681,13,157,14,1,3,1,36,6,180,300,1,5
682,4,109,4,2,3,2,53,72,420,540,3,5
683,10,28,10,1,3,3,53,52,60,180,1,5
684,9,239,9,2,3,3,86,19,420,540,2,5
685,14,120,15,1,3,3,82,31,60,180,2,5
686,3,71,3,1,3,2,76,3,180,300,4,5
687,12,388,12,2,3,1,8,36,420,540,2,5
688,14,210,14,2,3,3,44,76,420,540,2,5
689,11,204,11,2,3,3,91,69,300,420,1,5
690,6,592,7,2,3,3,73,32,60,180,4,5
691,9,317,9,2,3,2,79,75,420,540,1,5
692,3,393,3,2,3,1,96,73,420,540,1,5
693,14,207,14,2,3,1,24,79,300,420,3,5
694,12,75,13,1,3,2,4,61,60,180,3,5
695,12,513,13,2,3,3,61,77,0,300,2,5
696,9,506,10,2,3,2,84,71,60,180,4,5
697,7,541,9,2,3,2,16,48,60,180,4,5
698,6,328,7,2,3,3,84,92,300,420,1,5
699,4,561,6,2,3,3,20,66,420,540,3,5
700,9,434,10,2,3,2,6,52,300,420,3,5
701,6,567,7,1,3,1,4,5,60,180,1,5
702,13,480,14,1,3,2,75,72,0,300,1,5
703,8,574,10,1,3,3,55,29,0,300,4,5
704,8,88,8,1,3,2,46,39,180,300,2,5
705,7,167,8,2,3,2,57,35,60,180,3,5
706,10,388,11,2,3,2,33,100,420,540,3,5
707,13,211,14,2,3,2,17,40,300,420,4,5
708,9,459,11,2,3,1,66,84,0,300,2,5
709,6,322,7,2,3,1,46,98,0,300,2,5
710,1,506,3,2,3,1,39,69,300,600,2,5
711,2,211,2,2,3,1,59,76,300,600,1,5
712,13,181,13,2,3,1,37,32,300,420,2,5
713,3,375,4,1,3,3,28,79,180,300,2,5
714,12,317,12,2,3,3,31,37,420,540,3,5
715,2,306,2,2,3,2,80,53,420,540,1,5
716,8,575,10,1,3,3,44,74,180,300,3,5
717,5,257,5,2,3,1,38,93,420,540,1,5
718,11,509,12,2,3,1,58,33,300,420,1,5
719,11,169,12,1,3,2,41,43,60,180,4,5
720,13,505,15,2,3,3,62,26,420,540,4,5
721,2,173,2,1,3,2,8,90,180,300,3,5
722,1,86,1,1,3,2,13,26,180,300,3,5
723,10,399,11,1,3,2,62,96,0,300,4,5
724,2,214,2,2,3,2,97,25,300,600,2,5
725,6,97,6,1,3,3,51,69,180,300,2,5
726,3,78,3,1,3,3,89,1,180,300,1,5
727,9,316,9,2,3,1,14,92,420,540,2,5
728,3,316,4,1,3,1,1,26,180,300,4,5
729,3,174,3,2,3,1,51,23,300,600,4,5
730,1,413,2,2,3,1,67,21,60,180,1,5
731,5,422,6,1,3,3,54,89,180,300,1,5
732,6,47,7,2,3,3,24,12,420,540,1,5
733,12,332,13,2,3,2,35,40,60,180,4,5
734,1,195,1,2,3,2,75,36,300,600,3,5
735,12,505,13,1,3,1,83,44,60,180,2,5
736,3,26,3,2,3,3,23,19,420,540,3,5
737,8,266,8,2,3,2,76,16,420,540,4,5
738,4,382,4,2,3,1,44,28,420,540,3,5
739,11,534,12,2,3,2,3,99,60,180,4,5
740,6,280,6,2,3,2,43,1,300,600,4,5
741,12,392,12,2,3,3,66,78,420,540,1,5
742,9,243,10,2,3,3,99,75,60,180,4,5
743,14,564,16,1,3,3,82,25,60,180,3,5
744,3,200,4,1,3,3,57,17,180,300,3,5
745,2,109,2,1,3,1,31,21,180,300,2,5
746,6,577,8,2,3,1,28,1,300,600,4,5
747,3,489,5,2,3,1,2,82,180,300,4,5
748,7,156,7,2,3,3,78,42,420,540,4,5
749,7,429,9,1,3,1,26,74,60,180,4,5
750,10,332,11,1,3,1,13,70,180,300,3,5
751,4,9,4,1,3,3,2,24,60,180,4,5
752,5,426,7,2,3,1,80,99,0,300,2,5
753,9,409,9,2,3,3,98,97,420,540,3,5
754,3,309,4,2,3,2,59,58,180,300,1,5
755,2,40,2,2,3,3,80,99,0,300,2,5
756,6,264,6,2,3,2,77,49,420,540,1,5
757,1,284,2,1,3,3,30,17,0,300,2,5
758,1,368,1,2,3,1,60,65,420,540,2,5
759,13,234,14,2,3,3,100,7,300,600,3,5
760,8,236,8,2,3,1,33,9,300,600,2,5
761,11,40,11,1,3,2,63,65,60,180,3,5
762,13,179,15,1,3,3,98,37,0,300,3,5
763,2,406,2,2,3,1,37,71,420,540,2,5
764,3,172,3,1,3,2,48,50,180,300,3,5
765,7,430,9,2,3,1,22,48,0,300,1,5
766,11,560,13,1,3,2,12,97,60,180,4,5
767,12,6,14,1,3,2,98,94,0,300,3,5
768,4,0,4,2,3,2,71,87,420,540,3,5
769,9,525,11,2,3,3,75,29,300,600,4,5
770,5,254,5,2,3,2,77,77,420,540,1,5
771,4,268,4,2,3,3,82,32,420,540,1,5
772,12,458,13,1,3,2,61,15,60,180,1,5
773,5,333,5,2,3,1,93,8,420,540,1,5
774,2,31,3,1,3,2,24,69,180,300,1,5
775,1,229,1,2,3,3,19,100,300,420,2,5
776,14,399,14,2,3,2,4,79,420,540,1,5
777,4,589,5,1,3,1,89,14,0,300,3,5
778,11,383,12,1,3,3,60,97,0,300,3,5
779,5,109,5,1,3,1,82,99,180,300,4,5
780,9,396,9,2,3,3,56,30,420,540,2,5
781,9,549,10,2,3,2,30,71,420,540,1,5
782,12,341,12,2,3,1,11,38,420,540,1,5
783,12,425,14,1,3,2,91,68,180,300,4,5
784,8,83,9,2,3,3,14,21,420,540,3,5
785,11,54,11,1,3,3,96,94,60,180,1,5
786,2,140,3,1,3,2,19,3,0,300,3,5
787,14,584,15,1,3,3,11,41,60,180,4,5
788,9,471,11,2,3,1,59,34,180,300,4,5
789,5,333,5,2,3,3,53,47,420,540,2,5
790,5,8,6,2,3,2,69,26,60,180,2,5
791,5,84,5,1,3,2,33,5,180,300,1,5
792,14,179,14,2,3,2,51,62,180,300,2,5
793,7,387,8,1,3,2,21,18,60,180,1,5
794,3,236,4,2,3,3,56,57,0,300,3,5
795,4,88,4,2,3,3,89,15,180,300,2,5
796,3,595,5,1,3,1,93,90,60,180,1,5
797,9,533,10,2,3,3,29,69,0,300,1,5
798,14,391,14,2,3,1,17,32,420,540,1,5
799,9,155,9,2,3,3,94,40,300,600,2,5
800,1,57,1,2,3,1,54,70,0,300,1,5
801,6,506,8,2,3,3,90,60,180,300,2,5
802,8,217,9,1,3,2,74,37,0,300,2,5
803,10,598,12,1,3,1,31,39,60,180,3,5
804,11,200,11,2,3,3,38,7,300,420,2,5
805,6,423,7,2,3,3,72,3,0,300,4,5
806,1,10,2,2,3,2,93,14,300,420,3,5
807,1,429,3,2,3,2,97,80,180,300,2,5
808,10,421,12,2,3,1,2,61,0,300,1,5
809,13,354,14,1,3,1,82,57,180,300,3,5
810,10,187,10,2,3,1,28,58,420,540,3,5
811,10,370,10,2,3,3,87,81,420,540,3,5
812,12,347,12,2,3,1,52,39,420,540,1,5
813,3,144,4,1,3,1,13,66,0,300,4,5
814,11,476,13,1,3,3,89,32,180,300,3,5
815,7,394,8,1,3,1,17,43,180,300,3,5
816,13,201,14,1,3,3,82,42,180,300,4,5
817,1,136,1,2,3,1,11,83,180,300,3,5
818,2,577,3,2,3,3,93,57,420,540,4,5
819,5,204,6,1,3,3,89,22,180,300,4,5
820,7,157,8,2,3,3,11,65,420,540,1,5
821,5,446,7,2,3,2,24,3,180,300,2,5
822,7,390,7,2,3,3,30,62,420,540,2,5
823,6,592,8,2,3,2,74,12,420,540,2,5
824,5,577,6,1,3,2,86,0,180,300,1,5
825,3,196,3,2,3,2,90,11,420,540,4,5
826,2,511,3,1,3,3,73,100,60,180,4,5
827,5,410,5,2,3,1,5,11,420,540,2,5
828,3,28,3,2,3,2,37,74,300,420,4,5
829,6,461,8,1,3,1,26,49,0,300,1,5
830,9,471,11,1,3,2,13,48,0,300,1,5
831,7,309,7,2,3,3,16,99,420,540,4,5
832,5,149,5,1,3,1,9,99,180,300,1,5
833,14,76,15,1,3,1,42,55,0,300,2,5
834,2,520,3,1,3,3,45,67,60,180,3,5
835,13,452,14,2,3,1,87,73,300,420,1,5
836,3,404,3,2,3,3,49,96,420,540,4,5
837,7,574,8,2,3,1,93,24,420,540,4,5
838,10,270,10,2,3,3,69,52,300,600,4,5
839,4,299,6,1,3,2,20,96,60,180,4,5
840,2,213,2,2,3,3,82,29,420,540,1,5
841,2,567,4,1,3,3,12,53,60,180,1,5
842,14,313,14,2,3,3,63,32,420,540,3,5
843,8,261,9,2,3,1,73,61,180,300,4,5
844,6,0,8,1,3,2,30,72,60,180,1,5
845,11,325,12,1,3,3,0,49,180,300,1,5
846,6,35,6,2,3,3,38,34,180,300,4,5
847,14,568,16,2,3,1,21,37,420,540,1,5
848,2,494,4,1,3,3,76,11,60,180,4,5
849,10,130,11,1,3,2,39,55,180,300,3,5
850,8,112,8,1,3,2,60,91,180,300,4,5
851,12,57,12,1,3,1,75,81,60,180,1,5
852,11,177,11,1,3,1,68,33,180,300,1,5
853,2,240,3,2,3,2,10,70,60,180,2,5
854,3,566,4,1,3,3,55,58,0,300,1,5
855,11,3,11,1,3,2,28,39,60,180,4,5
856,6,185,6,2,3,3,90,38,300,420,2,5
857,6,127,7,2,3,2,26,20,0,300,3,5
858,14,58,14,2,3,1,34,35,60,180,1,5
859,7,427,8,2,3,2,21,8,420,540,4,5
860,1,50,1,1,3,1,45,35,60,180,3,5
861,2,588,3,1,3,2,57,63,60,180,3,5
862,2,123,2,1,3,2,23,61,180,300,3,5
863,6,372,6,2,3,2,0,91,420,540,4,5
864,13,494,15,1,3,1,84,24,180,300,1,5
865,13,70,13,1,3,3,55,48,180,300,2,5
866,7,12,7,1,3,3,1,90,60,180,2,5
867,12,464,13,1,3,1,41,59,0,300,4,5
868,13,136,14,1,3,3,80,40,0,300,3,5
869,9,560,10,2,3,3,65,51,420,540,2,5
870,12,361,12,2,3,1,21,60,420,540,2,5
871,7,269,7,2,3,3,56,48,300,420,2,5
872,8,438,10,1,3,3,21,94,0,300,1,5
873,10,576,11,1,3,2,82,40,180,300,3,5
874,7,164,7,2,3,2,67,93,300,420,2,5
875,13,338,13,2,3,1,99,1,420,540,2,5
876,10,36,10,2,3,2,7,53,180,300,3,5
877,2,522,3,1,3,2,7,25,180,300,1,5
878,2,11,2,2,3,2,15,19,180,300,1,5
879,2,246,3,1,3,3,6,47,60,180,4,5
880,5,484,6,2,3,3,29,11,300,600,3,5
881,11,418,11,2,3,1,42,10,420,540,2,5
882,10,422,12,2,3,2,98,13,60,180,3,5
883,1,472,2,2,3,2,24,35,0,300,1,5
884,11,103,11,2,3,3,59,85,300,420,3,5
885,4,216,4,2,3,2,49,22,420,540,3,5
886,8,286,8,2,3,3,37,23,420,540,2,5
887,14,176,14,1,3,2,55,74,180,300,2,5
888,7,397,7,2,3,2,20,43,420,540,2,5
889,11,103,11,1,3,1,61,48,180,300,1,5
890,3,64,3,2,3,1,100,49,300,600,3,5
891,13,368,14,1,3,2,17,56,0,300,3,5
892,1,514,2,2,3,3,62,98,180,300,3,5
893,13,213,15,1,3,3,1,29,180,300,4,5
894,3,580,5,2,3,2,35,72,420,540,4,5
895,10,438,12,2,3,3,89,35,60,180,1,5
896,2,139,2,1,3,2,49,33,180,300,3,5
897,10,506,11,2,3,2,25,75,300,600,3,5
898,1,114,2,1,3,2,98,98,180,300,3,5
899,4,193,5,2,3,2,75,28,60,180,3,5
900,2,476,3,2,3,1,9,37,180,300,1,5
901,3,282,3,2,3,2,0,10,420,540,1,5
902,5,34,6,1,3,3,81,29,180,300,3,5
903,8,473,10,2,3,2,88,8,420,540,2,5
904,10,359,11,2,3,1,72,28,420,540,2,5
905,1,292,1,2,3,2,17,63,420,540,2,5
906,3,163,3,2,3,3,91,62,180,300,3,5
907,4,366,6,1,3,2,60,41,0,300,4,5
908,10,179,10,1,3,3,32,3,180,300,4,5
909,1,164,2,1,3,3,65,53,0,300,2,5
910,11,12,12,1,3,3,41,22,180,300,3,5
911,2,416,2,2,3,3,30,30,420,540,2,5
912,9,177,10,1,3,3,98,21,180,300,3,5
913,7,133,7,1,3,1,68,71,180,300,3,5
914,6,446,8,1,3,1,80,8,0,300,4,5
915,1,278,2,1,3,2,17,34,180,300,2,5
916,1,407,2,1,3,3,97,79,0,300,4,5
917,3,152,3,2,3,3,36,95,180,300,1,5
918,3,4,3,2,3,3,92,62,300,420,2,5
919,11,433,13,2,3,1,78,42,0,300,1,5
920,7,201,8,1,3,1,58,22,0,300,1,5
921,8,418,8,2,3,1,50,100,420,540,1,5
922,8,275,9,1,3,1,40,38,0,300,1,5
923,9,4,9,2,3,1,20,31,60,180,4,5
924,5,241,6,1,3,2,13,20,0,300,2,5
925,13,332,13,2,3,3,58,31,420,540,2,5
926,6,84,7,1,3,1,1,48,180,300,4,5
927,2,40,2,1,3,1,54,91,60,180,1,5
928,5,570,6,2,3,1,79,89,60,180,1,5
929,11,121,11,1,3,3,62,97,180,300,1,5
930,13,293,14,1,3,2,79,43,0,300,1,5
931,3,452,5,2,3,3,67,46,300,420,2,5
932,4,119,6,1,3,3,46,67,0,300,1,5
933,3,128,4,2,3,2,99,19,0,300,4,5
934,14,421,15,1,3,2,26,55,0,300,3,5
935,1,321,1,2,3,3,10,83,420,540,3,5
936,5,94,6,2,3,2,76,39,180,300,1,5
937,9,492,10,2,3,3,60,84,300,420,1,5
938,13,537,15,1,3,2,51,53,60,180,4,5
939,4,121,5,1,3,3,70,95,60,180,2,5
940,7,502,8,2,3,3,70,27,420,540,1,5
941,8,194,10,1,3,3,65,52,180,300,3,5
942,1,238,1,2,3,2,24,55,300,600,4,5
943,13,560,15,1,3,1,17,58,60,180,2,5
944,1,33,2,2,3,2,89,14,420,540,1,5
945,5,576,6,2,3,1,22,8,60,180,4,5
946,1,476,3,1,3,2,64,80,180,300,2,5
947,12,11,13,1,3,1,4,30,0,300,2,5
948,1,81,1,2,3,2,5,64,300,420,1,5
949,3,32,4,2,3,1,55,34,0,300,4,5
950,2,348,2,2,3,3,64,0,420,540,2,5
951,7,591,9,1,3,2,37,44,180,300,2,5
952,5,15,6,2,3,1,100,87,420,540,3,5
953,7,114,7,1,3,1,68,37,180,300,1,5
954,5,255,5,2,3,3,69,76,420,540,3,5
955,5,478,7,2,3,3,32,21,420,540,1,5
956,4,287,4,2,3,2,16,6,420,540,3,5
957,2,46,3,2,3,3,88,86,300,420,1,5
958,13,555,15,1,3,1,41,10,180,300,4,5
959,13,569,15,2,3,1,64,8,180,300,2,5
960,13,53,13,2,3,2,18,10,180,300,3,5
961,7,77,7,2,3,3,38,76,420,540,4,5
962,6,15,7,1,3,2,1,32,180,300,4,5
963,3,561,4,1,3,1,76,41,0,300,1,5
964,7,25,7,2,3,2,39,53,60,180,2,5
965,1,258,1,2,3,2,6,29,420,540,4,5
966,9,83,9,2,3,1,24,59,420,540,3,5
967,2,66,3,1,3,3,55,69,60,180,2,5
968,1,184,1,2,3,1,85,27,420,540,3,5
969,13,316,13,2,3,2,64,87,420,540,1,5
970,7,423,9,1,3,1,91,81,60,180,4,5
971,12,396,13,1,3,2,82,72,0,300,4,5
972,12,541,14,1,3,3,89,97,60,180,1,5
973,1,497,2,2,3,2,61,63,0,300,2,5
974,5,544,7,2,3,3,82,3,0,300,4,5
975,4,156,5,1,3,2,94,65,180,300,1,5
976,2,124,3,1,3,3,4,77,180,300,1,5
977,10,211,11,2,3,1,10,75,300,600,4,5
978,7,435,8,1,3,2,62,83,0,300,3,5
979,13,292,14,1,3,3,87,51,0,300,4,5
980,8,253,9,1,3,3,19,35,60,180,2,5
981,8,369,9,2,3,3,28,47,420,540,3,5
982,3,269,3,2,3,1,31,81,300,420,3,5
983,13,298,13,2,3,1,29,88,420,540,1,5
984,13,171,13,1,3,3,78,99,180,300,3,5
985,4,461,5,2,3,2,88,14,0,300,2,5
986,13,118,13,1,3,2,94,87,180,300,4,5
987,7,196,7,2,3,3,49,4,420,540,3,5
988,2,402,2,2,3,1,91,78,420,540,4,5
989,6,357,6,2,3,2,69,51,420,540,4,5
990,11,243,12,2,3,1,16,46,180,300,3,5
991,1,568,2,2,3,1,21,32,180,300,4,5
992,5,407,6,1,3,2,16,18,180,300,1,5
993,2,229,2,2,3,3,97,23,420,540,1,5
994,5,393,5,2,3,3,55,80,420,540,4,5
995,14,323,15,1,3,1,35,70,180,300,2,5
996,7,135,7,2,3,3,87,93,300,600,3,5
997,5,149,6,2,3,3,57,53,300,420,4,5
998,3,579,5,1,3,3,12,72,180,300,1,5
999,12,527,13,1,3,2,78,30,60,180,4,5
1000,6,205,8,2,3,2,17,16,0,300,4,5
1001,11,216,11,2,3,2,13,36,300,420,3,5
1002,9,420,10,1,3,3,94,93,0,300,4,5
1003,6,280,6,2,3,2,93,89,420,540,1,5
1004,13,44,15,1,3,3,68,36,0,300,1,5
1005,2,227,2,2,3,1,64,96,420,540,3,5
1006,11,158,11,1,3,1,88,75,180,300,3,5
1007,12,292,12,2,3,2,3,82,300,600,2,5
1008,9,65,10,2,3,1,73,72,0,300,4,5
1009,6,262,7,2,3,3,32,55,60,180,2,5
1010,5,22,5,2,3,1,90,87,180,300,1,5
1011,8,332,8,2,3,2,59,53,420,540,3,5
1012,11,422,12,1,3,3,93,32,0,300,4,5
1013,11,299,12,2,3,1,83,17,180,300,3,5
1014,10,560,12,1,3,1,16,91,180,300,2,5
1015,14,181,14,2,3,3,51,86,300,420,1,5
1016,1,492,2,1,3,3,28,47,180,300,3,5
1017,14,464,16,1,3,1,95,55,60,180,2,5
1018,6,596,7,2,3,3,29,12,420,540,4,5
1019,3,553,5,1,3,3,25,37,0,300,1,5
1020,7,599,8,1,3,3,57,21,60,180,3,5
1021,5,278,6,2,3,1,100,53,180,300,1,5
1022,11,7,12,1,3,3,5,71,60,180,2,5
1023,5,60,6,2,3,1,13,40,60,180,1,5
1024,13,593,15,2,3,3,92,97,0,300,3,5
1025,6,324,8,1,3,1,97,54,180,300,3,5
1026,6,552,7,2,3,3,76,41,300,600,2,5
1027,1,15,1,1,3,3,22,80,60,180,1,5
1028,9,129,10,1,3,2,53,86,60,180,3,5
1029,7,441,8,1,3,1,39,94,0,300,2,5
1030,11,123,11,1,3,2,45,12,180,300,1,5
1031,6,488,7,1,3,2,37,100,60,180,4,5
1032,8,505,9,2,3,3,25,0,180,300,3,5
1033,13,401,13,2,3,1,36,31,420,540,4,5
1034,9,471,10,2,3,1,85,87,300,420,4,5
1035,6,515,8,1,3,1,21,90,0,300,1,5
1036,2,349,3,1,3,1,45,24,60,180,3,5
1037,9,243,9,2,3,3,11,43,300,600,2,5
1038,1,598,3,1,3,2,71,14,0,300,3,5
1039,12,52,12,1,3,3,42,1,60,180,4,5
1040,11,112,12,1,3,1,60,98,60,180,1,5
1041,14,328,16,2,3,2,3,56,180,300,1,5
1042,4,466,6,2,3,1,25,44,60,180,2,5
1043,8,257,9,1,3,2,19,25,180,300,1,5
1044,11,587,12,1,3,1,39,77,60,180,2,5
1045,1,306,2,1,3,2,19,44,0,300,3,5
1046,10,138,11,1,3,2,35,73,180,300,4,5
1047,8,9,8,2,3,1,20,33,180,300,2,5
1048,10,341,10,2,3,3,82,68,420,540,3,5
1049,2,287,2,2,3,1,19,26,300,600,3,5
1050,11,144,11,1,3,2,4,57,180,300,4,5
1051,2,1,2,2,3,1,67,6,420,540,1,5
1052,7,546,9,1,3,3,7,41,180,300,4,5
1053,7,578,9,1,3,1,27,88,180,300,4,5
1054,11,487,13,1,3,1,52,37,60,180,4,5
1055,4,180,5,1,3,3,88,90,0,300,2,5
1056,2,514,4,2,3,1,82,88,420,540,1,5
1057,7,323,7,2,3,1,93,48,420,540,3,5
1058,3,316,3,2,3,3,3,95,420,540,4,5
1059,2,431,4,1,3,3,43,46,180,300,4,5
1060,11,471,13,2,3,1,32,73,60,180,4,5
1061,14,359,15,2,3,2,64,74,420,540,3,5
1062,6,133,7,1,3,1,14,6,0,300,1,5
1063,1,239,1,2,3,3,84,52,300,600,3,5
1064,6,473,7,2,3,2,60,44,60,180,3,5
1065,4,530,5,1,3,3,56,17,180,300,4,5
1066,5,95,6,1,3,1,1,68,180,300,3,5
1067,8,461,9,1,3,2,30,87,180,300,2,5
1068,3,93,3,1,3,3,7,3,180,300,3,5
1069,10,273,10,2,3,2,38,6,300,420,4,5
1070,8,387,9,1,3,2,83,64,60,180,1,5
1071,8,195,8,2,3,1,32,0,300,600,4,5
1072,1,460,2,1,3,1,85,16,0,300,1,5
1073,8,147,9,1,3,2,42,57,0,300,2,5
1074,7,476,8,2,3,2,19,66,60,180,3,5
1075,12,291,12,2,3,1,66,61,420,540,2,5
1076,10,24,11,1,3,1,25,42,0,300,2,5
1077,1,312,1,2,3,1,74,49,420,540,2,5
1078,11,324,11,2,3,2,61,80,420,540,4,5
1079,8,506,10,1,3,3,20,43,60,180,3,5
1080,13,110,13,1,3,3,55,49,180,300,4,5
1081,14,354,14,2,3,1,13,45,420,540,2,5
1082,11,181,11,2,3,3,48,48,300,420,3,5
1083,5,491,6,1,3,3,93,97,0,300,4,5
1084,11,240,12,1,3,3,59,86,60,180,3,5
1085,6,191,6,2,3,1,55,49,420,540,3,5
1086,5,488,7,1,3,3,55,81,0,300,1,5
1087,5,248,6,2,3,3,31,94,0,300,2,5
1088,5,32,5,1,3,2,50,35,60,180,3,5
1089,10,10,10,2,3,2,53,57,420,540,4,5
1090,13,558,14,1,3,2,97,45,0,300,1,5
1091,10,271,11,2,3,2,92,38,300,420,2,5
1092,6,495,8,2,3,3,59,77,420,540,2,5
1093,12,54,12,1,3,1,12,99,60,180,3,5
1094,7,471,9,1,3,2,16,72,0,300,3,5
1095,10,370,11,1,3,3,85,8,60,180,3,5
1096,6,387,7,1,3,1,18,56,60,180,4,5
1097,13,108,13,1,3,1,67,85,180,300,2,5
1098,11,495,13,1,3,2,50,4,0,300,4,5
1099,4,557,5,2,3,3,24,38,420,540,1,5
1100,10,496,11,1,3,3,31,11,0,300,1,5
1101,3,311,3,2,3,1,77,91,420,540,4,5
1102,7,342,7,2,3,2,69,37,420,540,3,5
1103,4,250,4,2,3,3,74,34,300,600,3,5
1104,13,555,15,1,3,2,64,32,180,300,2,5
1105,14,182,14,2,3,2,87,38,300,600,3,5
1106,12,339,12,2,3,2,34,18,420,540,2,5
1107,12,569,14,1,3,3,53,81,180,300,4,5
1108,13,516,15,1,3,3,89,69,0,300,1,5
1109,9,470,10,1,3,1,69,54,0,300,3,5
1110,4,35,4,1,3,2,98,17,60,180,3,5
1111,9,341,10,1,3,1,2,13,60,180,1,5
1112,12,444,14,2,3,1,60,99,180,300,1,5
1113,13,206,14,1,3,3,71,55,180,300,2,5
1114,6,400,7,1,3,1,24,22,0,300,1,5
1115,9,371,9,2,3,3,14,44,420,540,4,5
1116,4,355,4,2,3,1,6,2,420,540,3,5
1117,3,350,4,1,3,3,34,19,0,300,1,5
1118,11,134,12,1,3,1,89,14,60,180,2,5
1119,14,134,14,1,3,1,46,36,180,300,3,5
1120,8,502,9,1,3,3,53,15,180,300,3,5
1121,6,169,6,1,3,2,92,9,180,300,1,5
1122,1,333,2,1,3,1,43,65,60,180,3,5
1123,14,571,15,2,3,3,71,8,420,540,1,5
1124,2,20,3,2,3,2,100,14,300,600,4,5
1125,10,186,11,1,3,2,54,41,180,300,2,5
1126,8,72,9,1,3,3,43,4,0,300,2,5
1127,7,263,7,2,3,1,94,82,300,420,2,5
1128,9,447,10,2,3,2,48,27,420,540,1,5
1129,9,507,10,1,3,2,26,12,180,300,1,5
1130,1,15,3,2,3,2,50,25,60,180,2,5
1131,13,416,13,2,3,2,48,39,420,540,1,5
1132,12,473,14,1,3,1,77,90,180,300,1,5
1133,12,191,12,2,3,3,68,21,300,600,1,5
1134,11,145,11,2,3,2,56,43,180,300,4,5
1135,10,439,11,1,3,3,100,32,0,300,2,5
1136,3,572,4,1,3,3,21,79,60,180,1,5
1137,9,543,10,1,3,3,1,1,180,300,1,5
1138,7,513,8,2,3,1,97,62,180,300,4,5
1139,4,279,5,1,3,3,79,1,60,180,3,5
1140,12,461,14,1,3,2,67,81,0,300,4,5
1141,12,200,12,2,3,1,59,2,420,540,4,5
1142,13,529,15,1,3,3,57,57,180,300,1,5
1143,8,9,8,2,3,1,84,72,60,180,4,5
1144,4,96,4,2,3,3,60,97,300,600,2,5
1145,6,586,8,1,3,3,52,4,60,180,1,5
1146,2,448,4,2,3,1,93,77,0,300,1,5
1147,6,351,7,2,3,3,32,68,300,600,3,5
1148,8,299,8,2,3,2,19,30,420,540,2,5
1149,6,264,6,2,3,3,12,87,300,600,1,5
1150,13,580,15,2,3,3,68,1,0,300,1,5
1151,2,292,3,1,3,3,22,83,0,300,4,5
1152,6,327,6,2,3,3,12,12,420,540,1,5
1153,1,449,2,1,3,2,14,56,180,300,2,5
1154,10,582,12,1,3,1,58,79,180,300,4,5
1155,10,523,11,1,3,3,14,81,180,300,3,5
1156,2,422,3,2,3,2,48,0,420,540,4,5
1157,12,438,13,1,3,2,45,75,0,300,4,5
1158,14,537,15,1,3,3,65,89,180,300,2,5
1159,8,486,9,1,3,1,11,14,0,300,3,5
1160,14,75,15,1,3,2,10,62,60,180,2,5
1161,11,86,11,1,3,1,100,87,180,300,2,5
1162,3,138,3,2,3,3,59,25,300,600,3,5
1163,12,323,12,2,3,3,83,29,420,540,1,5
1164,3,439,5,1,3,1,85,37,0,300,4,5
1165,6,471,8,1,3,2,16,82,180,300,1,5
1166,11,515,12,1,3,1,20,17,180,300,2,5
1167,12,261,12,2,3,1,30,89,300,420,2,5
1168,14,460,15,1,3,1,63,52,180,300,2,5
1169,7,225,7,2,3,2,98,44,300,600,1,5
1170,3,233,4,2,3,1,3,32,180,300,3,5
1171,11,505,13,2,3,3,60,84,0,300,3,5
1172,9,492,10,1,3,1,37,73,180,300,3,5
1173,13,293,13,2,3,1,80,22,300,420,1,5
1174,1,341,1,2,3,3,17,15,420,540,4,5
1175,3,33,3,1,3,3,24,74,60,180,2,5
1176,7,277,8,1,3,2,20,42,180,300,3,5
1177,5,293,5,2,3,2,6,25,420,540,2,5
1178,2,481,4,1,3,3,58,70,0,300,3,5
1179,9,284,9,2,3,2,64,42,420,540,3,5
1180,10,579,11,1,3,2,71,4,180,300,3,5
1181,10,207,10,2,3,2,94,28,300,420,2,5
1182,1,351,1,2,3,1,100,38,420,540,3,5
1183,1,492,3,1,3,1,85,88,60,180,2,5
1184,3,411,3,2,3,1,47,29,420,540,2,5
1185,1,346,1,2,3,3,29,100,420,540,1,5
1186,9,301,9,2,3,1,7,1,420,540,3,5
1187,14,484,15,1,3,1,25,73,60,180,4,5
1188,14,180,15,1,3,3,23,98,180,300,1,5
1189,3,400,3,2,3,2,75,19,420,540,4,5
1190,2,7,3,2,3,2,49,93,0,300,1,5
1191,11,494,13,2,3,3,8,97,180,300,4,5
1192,8,253,8,2,3,2,21,77,300,600,1,5
1193,5,468,7,1,3,3,71,24,180,300,1,5
1194,2,141,3,1,3,2,30,33,0,300,1,5
1195,1,83,1,1,3,2,92,90,180,300,4,5
1196,6,479,8,1,3,2,86,86,180,300,4,5
1197,13,229,14,1,3,3,61,96,180,300,2,5
1198,3,403,3,2,3,2,27,22,420,540,1,5
1199,1,592,2,2,3,2,59,92,180,300,4,5
1200,8,132,8,2,3,3,77,7,300,420,2,5
1201,1,590,2,1,3,2,89,56,0,300,3,5
1202,10,478,11,2,3,2,69,62,60,180,3,5
1203,1,246,2,2,3,1,40,11,0,300,2,5
1204,9,316,9,2,3,2,87,29,420,540,2,5
1205,3,477,4,1,3,2,30,26,180,300,3,5
1206,8,128,10,2,3,2,76,44,0,300,2,5
1207,11,369,12,1,3,2,53,13,60,180,1,5
1208,10,367,10,2,3,2,39,54,420,540,4,5
1209,10,169,10,1,3,2,16,92,180,300,4,5
1210,7,126,8,2,3,3,46,86,0,300,4,5
1211,2,521,4,1,3,3,30,52,0,300,3,5
1212,1,364,2,1,3,2,46,26,60,180,3,5
1213,3,134,5,1,3,1,17,84,180,300,4,5
1214,12,382,13,1,3,3,70,57,0,300,3,5
1215,3,128,3,2,3,2,8,83,420,540,4,5
1216,3,255,3,2,3,3,2,36,420,540,3,5
1217,14,377,14,2,3,3,72,53,420,540,2,5
1218,14,496,15,1,3,3,52,34,180,300,3,5
1219,3,369,3,2,3,1,25,31,420,540,3,5
1220,8,184,9,1,3,3,74,82,0,300,4,5
1221,2,503,3,2,3,1,9,75,300,600,4,5
1222,10,40,10,2,3,3,13,27,420,540,4,5
1223,2,100,2,1,3,3,13,8,180,300,4,5
1224,1,177,3,1,3,3,90,0,180,300,1,5
1225,8,510,9,2,3,1,89,33,420,540,1,5
1226,9,180,9,1,3,1,4,75,180,300,2,5
1227,10,53,11,1,3,3,90,17,60,180,4,5
1228,11,159,11,2,3,1,9,54,180,300,2,5
1229,13,249,14,1,3,1,72,45,0,300,3,5
1230,13,479,15,2,3,1,59,40,0,300,1,5
1231,7,502,9,1,3,2,31,47,180,300,1,5
1232,5,401,5,2,3,1,1,51,420,540,3,5
1233,5,371,5,2,3,2,46,68,420,540,2,5
1234,8,281,9,2,3,3,18,14,0,300,4,5
1235,11,71,11,2,3,3,53,57,180,300,2,5
1236,14,395,14,2,3,1,29,19,420,540,1,5
1237,1,218,1,2,3,3,88,78,420,540,2,5
1238,5,314,5,2,3,3,34,86,420,540,3,5
1239,7,108,7,2,3,3,36,34,180,300,3,5
1240,2,596,3,2,3,3,27,42,300,600,4,5
1241,11,239,11,2,3,1,100,74,420,540,3,5
1242,5,91,5,1,3,2,50,55,180,300,1,5
1243,11,65,12,1,3,2,29,0,60,180,4,5
1244,13,275,13,2,3,3,39,71,300,600,1,5
1245,14,290,14,2,3,1,52,72,300,600,4,5
1246,3,298,4,2,3,1,62,81,420,540,2,5
1247,10,204,11,2,3,3,66,79,0,300,4,5
1248,14,156,15,2,3,3,95,77,180,300,4,5
1249,10,334,10,2,3,2,99,84,420,540,4,5
1250,3,99,3,2,3,3,51,97,300,420,1,5
1251,3,6,4,2,3,3,59,74,420,540,2,5
1252,4,120,4,1,3,2,35,93,180,300,1,5
1253,7,58,7,2,3,1,87,44,180,300,4,5
1254,14,205,14,2,3,2,11,95,420,540,3,5
1255,11,488,13,1,3,1,33,65,0,300,1,5
1256,12,567,13,1,3,2,78,15,60,180,4,5
1257,10,315,10,2,3,3,46,79,420,540,4,5
1258,1,563,2,1,3,3,66,98,60,180,4,5
1259,3,106,3,1,3,2,73,50,180,300,2,5
1260,3,185,4,1,3,3,51,36,180,300,3,5
1261,2,33,3,2,3,1,10,36,180,300,4,5
1262,9,546,11,2,3,1,12,60,180,300,2,5
1263,12,317,12,2,3,1,68,65,420,540,1,5
1264,2,453,4,2,3,2,96,65,420,540,3,5
1265,13,576,15,1,3,1,60,54,180,300,3,5
1266,3,136,4,1,3,2,4,9,60,180,1,5
1267,11,79,11,2,3,3,99,29,180,300,2,5
1268,9,236,10,1,3,2,74,89,180,300,1,5
1269,11,495,12,1,3,2,20,45,180,300,1,5
1270,6,443,7,2,3,2,54,67,420,540,3,5
1271,10,112,11,1,3,1,86,81,180,300,3,5
1272,6,81,6,1,3,1,24,97,180,300,2,5
1273,5,120,7,1,3,3,72,61,0,300,2,5
1274,4,352,4,2,3,3,17,14,420,540,2,5
1275,3,395,4,2,3,2,81,87,420,540,4,5
1276,3,438,5,1,3,3,14,14,180,300,3,5
1277,12,153,12,2,3,3,36,35,420,540,2,5
1278,3,213,4,2,3,2,95,45,180,300,3,5
1279,5,18,6,1,3,3,54,15,60,180,2,5
1280,12,362,13,1,3,2,25,54,180,300,4,5
1281,6,237,6,2,3,2,82,72,420,540,1,5
1282,1,83,1,2,3,3,42,62,180,300,4,5
1283,7,95,8,1,3,3,54,61,0,300,1,5
1284,5,151,6,2,3,2,60,14,300,600,3,5
1285,1,223,1,2,3,2,87,44,300,600,4,5
1286,7,210,7,2,3,3,51,77,300,600,4,5
1287,9,139,10,2,3,3,12,37,180,300,1,5
1288,1,313,1,2,3,2,45,76,420,540,3,5
1289,8,275,8,2,3,2,77,10,420,540,3,5
1290,10,457,12,2,3,3,44,93,180,300,2,5
1291,5,31,5,1,3,2,2,73,60,180,4,5
1292,10,314,10,2,3,3,40,77,420,540,2,5
1293,7,52,7,1,3,1,67,61,60,180,4,5
1294,13,26,14,1,3,2,5,78,60,180,4,5
1295,7,574,9,2,3,3,23,7,180,300,3,5
1296,7,207,7,2,3,2,0,51,420,540,4,5
1297,1,162,1,1,3,3,5,82,180,300,3,5
1298,5,344,7,1,3,3,37,84,60,180,1,5
1299,1,289,1,2,3,3,19,6,300,420,3,5
1300,1,474,3,1,3,3,40,24,60,180,3,5
1301,5,356,5,2,3,3,72,58,420,540,3,5
1302,7,473,9,2,3,2,56,46,180,300,4,5
1303,11,476,13,1,3,2,94,96,180,300,3,5
1304,6,24,6,1,3,2,47,100,60,180,4,5
1305,1,125,1,2,3,3,11,78,180,300,3,5
1306,5,254,5,2,3,1,96,72,300,600,1,5
1307,8,283,8,2,3,1,38,40,420,540,4,5
1308,14,252,14,2,3,3,40,80,300,600,2,5
1309,8,245,8,2,3,2,45,70,420,540,2,5
1310,8,225,9,1,3,1,39,76,180,300,2,5
1311,5,590,6,1,3,2,57,58,180,300,4,5
1312,7,91,7,1,3,3,92,76,180,300,4,5
1313,6,600,8,2,3,2,31,5,300,420,2,5
1314,14,247,15,1,3,1,2,45,0,300,1,5
1315,8,336,9,1,3,3,65,46,180,300,3,5
1316,10,478,12,2,3,1,51,42,300,600,4,5
1317,6,543,7,1,3,1,82,65,180,300,4,5
1318,4,542,6,1,3,1,25,77,180,300,3,5
1319,1,201,1,2,3,3,100,87,300,420,3,5
1320,8,502,9,2,3,2,37,10,420,540,4,5
1321,1,297,1,2,3,3,13,20,420,540,4,5
1322,4,12,4,2,3,3,26,0,0,300,3,5
1323,11,538,13,1,3,2,39,23,0,300,3,5
1324,14,156,14,2,3,1,63,78,420,540,3,5
1325,4,4,4,1,3,3,69,34,60,180,3,5
1326,4,188,4,2,3,2,82,95,300,420,4,5
1327,4,453,5,2,3,2,10,40,300,420,3,5
1328,9,304,10,1,3,2,54,12,0,300,4,5
1329,10,479,11,1,3,3,58,13,0,300,4,5
1330,6,392,7,1,3,1,79,62,60,180,1,5
1331,10,441,12,1,3,1,58,97,0,300,2,5
1332,1,95,1,2,3,3,93,91,300,420,4,5
1333,7,53,7,2,3,1,64,0,300,600,4,5
1334,13,446,14,1,3,1,53,80,180,300,3,5
1335,14,457,15,1,3,2,15,95,0,300,1,5
1336,9,260,10,2,3,1,89,78,0,300,2,5
1337,7,307,8,1,3,3,7,24,180,300,4,5
1338,13,397,14,1,3,3,57,35,60,180,1,5
1339,1,585,2,2,3,2,87,51,0,300,3,5
1340,12,65,12,2,3,3,72,83,420,540,4,5
1341,9,427,11,1,3,1,37,45,60,180,1,5
1342,1,557,2,1,3,2,25,6,0,300,1,5
1343,11,84,12,1,3,1,39,91,60,180,4,5
1344,11,338,11,2,3,2,46,86,420,540,1,5
1345,11,162,11,1,3,1,32,21,180,300,4,5
1346,1,122,2,1,3,2,32,83,180,300,4,5
1347,14,288,15,2,3,2,18,13,300,420,1,5
1348,2,103,2,2,3,2,39,36,180,300,4,5
1349,12,386,12,2,3,1,14,88,420,540,3,5
1350,3,409,4,1,3,1,91,5,60,180,3,5
1351,11,370,11,2,3,1,84,45,420,540,3,5
1352,4,399,5,2,3,2,33,94,300,600,2,5
1353,13,240,14,1,3,1,9,76,180,300,3,5
1354,11,552,13,1,3,3,71,92,60,180,2,5
1355,7,113,7,1,3,3,37,13,180,300,1,5
1356,14,589,16,1,3,3,79,78,180,300,3,5
1357,9,104,9,2,3,3,0,77,180,300,3,5
1358,7,413,7,2,3,3,91,17,420,540,4,5
1359,8,142,8,1,3,1,59,70,180,300,3,5
1360,4,333,4,2,3,3,73,51,420,540,1,5
1361,5,189,5,2,3,2,55,31,300,420,4,5
1362,2,204,3,2,3,2,21,39,300,600,1,5
1363,10,260,10,2,3,3,74,77,420,540,4,5
1364,9,349,9,2,3,2,25,49,420,540,1,5
1365,9,449,11,1,3,2,48,61,60,180,2,5
1366,2,371,2,2,3,3,60,5,420,540,3,5
1367,5,23,6,1,3,2,93,53,0,300,2,5
1368,6,347,6,2,3,2,90,8,420,540,1,5
1369,7,56,8,1,3,2,80,59,0,300,3,5
1370,8,283,8,2,3,1,2,54,420,540,3,5
1371,13,320,14,2,3,3,41,0,60,180,4,5
1372,12,539,13,1,3,3,12,100,180,300,2,5
1373,8,19,8,1,3,2,51,8,60,180,3,5
1374,4,238,4,2,3,2,2,63,420,540,3,5
1375,7,310,7,2,3,1,60,83,420,540,2,5
1376,4,229,4,2,3,2,26,6,420,540,2,5
1377,9,302,9,2,3,2,62,32,420,540,1,5
1378,14,9,15,1,3,2,73,40,60,180,4,5
1379,4,7,6,1,3,1,73,68,60,180,1,5
1380,6,202,7,1,3,3,41,13,0,300,3,5
1381,11,353,12,1,3,3,39,83,60,180,1,5
1382,11,58,12,1,3,3,29,95,0,300,4,5
1383,9,230,9,2,3,1,33,24,420,540,2,5
1384,14,180,14,1,3,1,6,58,180,300,2,5
1385,1,196,1,2,3,1,37,75,300,600,1,5
1386,6,430,8,1,3,1,19,25,0,300,1,5
1387,6,430,7,2,3,3,18,28,420,540,3,5
1388,4,548,6,1,3,2,80,63,180,300,2,5
1389,1,41,3,1,3,2,31,6,0,300,2,5
1390,5,439,6,2,3,1,16,47,180,300,3,5
1391,11,486,13,1,3,1,68,54,0,300,2,5
1392,3,358,3,2,3,3,14,8,420,540,3,5
1393,8,372,8,2,3,3,11,100,420,540,1,5
1394,7,103,7,2,3,3,58,39,420,540,2,5
1395,8,561,9,1,3,2,75,63,0,300,2,5
1396,8,62,8,1,3,1,25,11,180,300,3,5
1397,4,310,4,2,3,3,9,37,420,540,2,5
1398,9,181,9,2,3,2,20,97,300,600,1,5
1399,12,313,12,2,3,1,59,80,420,540,2,5
1400,7,575,9,1,3,3,24,26,60,180,4,5
1401,4,564,5,1,3,2,43,63,60,180,4,5
1402,6,310,7,1,3,2,51,38,180,300,1,5
1403,6,214,6,2,3,1,99,47,300,420,4,5
1404,12,369,12,2,3,1,57,82,420,540,1,5
1405,6,495,8,1,3,2,75,36,180,300,3,5
1406,3,585,4,1,3,3,90,63,180,300,4,5
1407,1,208,2,1,3,1,68,95,60,180,4,5
1408,13,347,14,1,3,2,22,11,0,300,3,5
1409,14,237,14,2,3,3,81,37,420,540,4,5
1410,13,396,14,2,3,1,88,49,0,300,1,5
1411,9,113,9,1,3,2,74,4,180,300,1,5
1412,5,300,6,2,3,2,57,45,300,420,1,5
1413,5,264,5,2,3,2,5,18,420,540,1,5
1414,11,499,13,1,3,3,14,36,0,300,1,5
1415,3,581,4,1,3,3,96,82,60,180,4,5
1416,6,265,6,2,3,2,3,67,300,420,2,5
1417,5,555,6,2,3,1,39,81,180,300,2,5
1418,5,85,6,2,3,2,45,94,180,300,2,5
1419,1,406,1,2,3,3,58,54,420,540,2,5
1420,6,88,7,1,3,3,67,78,180,300,1,5
1421,7,103,9,2,3,2,57,25,60,180,4,5
1422,5,96,5,1,3,3,64,64,180,300,3,5
1423,4,182,4,2,3,3,41,2,300,420,3,5
1424,11,205,11,2,3,3,40,25,420,540,1,5
1425,3,477,4,2,3,1,94,42,300,420,2,5
1426,10,20,10,2,3,1,72,4,0,300,2,5
1427,8,583,9,1,3,3,32,90,0,300,3,5
1428,2,60,3,1,3,1,74,99,180,300,4,5
1429,2,395,2,2,3,3,26,94,420,540,4,5
1430,2,349,2,2,3,1,65,27,420,540,2,5
1431,1,325,1,2,3,3,17,81,420,540,4,5
1432,3,270,4,2,3,1,39,68,420,540,1,5
1433,7,350,7,2,3,1,5,17,420,540,3,5
1434,8,19,8,1,3,3,42,28,60,180,2,5
1435,11,127,12,1,3,3,46,38,60,180,3,5
1436,10,434,11,1,3,2,24,45,180,300,4,5
1437,14,328,14,2,3,1,62,92,420,540,3,5
1438,7,396,7,2,3,3,99,29,420,540,4,5
1439,13,248,13,2,3,3,20,64,300,420,2,5
1440,3,182,5,1,3,1,96,40,0,300,4,5
1441,1,113,3,2,3,1,69,82,60,180,2,5
1442,10,151,11,1,3,3,75,100,60,180,1,5
1443,1,219,2,2,3,1,98,23,180,300,1,5
1444,2,199,2,2,3,1,60,22,420,540,1,5
1445,10,329,11,1,3,1,88,38,180,300,3,5
1446,8,190,10,1,3,3,44,72,0,300,1,5
1447,12,259,12,2,3,1,62,90,300,420,4,5
1448,10,147,10,2,3,3,22,14,300,600,3,5
1449,2,453,4,1,3,2,78,82,60,180,2,5
1450,12,517,13,1,3,3,82,0,60,180,2,5
1451,6,9,6,1,3,1,64,52,60,180,2,5
1452,13,93,13,1,3,2,53,8,180,300,2,5
1453,5,452,6,1,3,1,86,47,60,180,1,5
1454,2,427,3,2,3,2,34,19,180,300,3,5
1455,2,393,2,2,3,1,27,91,420,540,3,5
1456,11,266,12,1,3,1,99,81,60,180,1,5
1457,7,152,7,1,3,3,53,69,180,300,4,5
1458,9,306,9,2,3,2,64,21,420,540,4,5
1459,12,180,13,1,3,1,48,88,180,300,2,5
1460,3,187,5,1,3,3,13,24,180,300,2,5
1461,4,591,6,1,3,3,23,78,180,300,4,5
1462,6,119,8,1,3,1,2,20,180,300,1,5
1463,6,593,7,1,3,2,48,18,180,300,2,5
1464,14,505,15,1,3,3,87,76,60,180,2,5
1465,7,348,7,2,3,3,31,45,420,540,1,5
1466,4,352,5,1,3,1,68,14,0,300,1,5
1467,4,36,4,1,3,1,16,85,60,180,3,5
1468,6,283,7,2,3,3,30,95,420,540,2,5
1469,7,380,7,2,3,1,5,33,420,540,2,5
1470,10,563,12,1,3,1,78,53,0,300,2,5
1471,7,184,7,2,3,2,70,44,420,540,4,5
1472,12,134,12,1,3,2,24,13,180,300,4,5
1473,4,55,4,2,3,1,27,70,300,420,2,5
1474,8,374,8,2,3,1,32,34,420,540,3,5
1475,3,298,3,2,3,2,40,94,420,540,2,5
1476,8,264,8,2,3,1,51,34,300,600,4,5
1477,11,258,11,2,3,1,20,79,420,540,4,5
1478,13,317,15,1,3,3,81,0,60,180,4,5
1479,9,19,9,2,3,2,87,99,300,600,2,5
1480,2,246,3,2,3,3,62,67,300,420,2,5
1481,12,423,14,1,3,2,67,35,60,180,2,5
1482,13,280,14,1,3,3,55,44,180,300,2,5
1483,8,9,8,1,3,1,99,92,60,180,3,5
1484,10,7,11,2,3,3,81,14,60,180,4,5
1485,13,85,13,1,3,1,33,63,180,300,3,5
1486,12,369,12,2,3,3,66,12,420,540,4,5
1487,4,554,5,1,3,1,73,64,180,300,2,5
1488,6,424,8,1,3,2,18,20,60,180,2,5
1489,5,321,5,2,3,3,27,70,420,540,1,5
1490,14,97,15,1,3,3,40,65,180,300,3,5
1491,11,176,12,1,3,2,96,61,0,300,3,5
1492,13,49,13,1,3,1,77,47,60,180,1,5
1493,13,35,13,1,3,3,39,32,60,180,4,5
1494,1,90,1,2,3,3,77,34,180,300,3,5
1495,13,123,14,1,3,1,59,30,60,180,4,5
1496,3,87,5,1,3,3,35,47,60,180,4,5
1497,1,265,2,1,3,3,88,47,0,300,4,5
1498,1,89,1,1,3,2,89,43,180,300,3,5
1499,5,20,5,1,3,2,50,93,60,180,4,5
1500,7,477,9,1,3,1,19,26,60,180,3,5
1501,2,234,2,2,3,2,32,57,300,420,1,5
1502,8,275,8,2,3,3,93,89,420,540,3,5
1503,11,325,11,2,3,1,96,23,420,540,1,5
1504,8,317,8,2,3,1,85,82,420,540,3,5
1505,4,490,6,1,3,3,97,38,180,300,2,5
1506,4,191,4,2,3,1,48,72,300,600,3,5
1507,2,145,2,1,3,3,75,93,180,300,3,5
1508,6,476,8,1,3,2,74,85,60,180,1,5
1509,2,571,4,1,3,3,10,58,0,300,2,5
1510,12,207,12,2,3,3,43,79,420,540,3,5
1511,14,41,14,1,3,2,96,14,60,180,4,5
1512,5,566,6,2,3,2,96,24,300,600,2,5
1513,14,226,14,2,3,3,59,42,300,600,4,5
1514,14,229,14,2,3,3,55,5,300,600,3,5
1515,1,109,1,1,3,3,30,30,180,300,4,5
1516,10,600,11,1,3,2,46,7,0,300,2,5
1517,10,530,11,2,3,1,85,33,180,300,3,5
1518,7,132,7,1,3,1,82,18,180,300,1,5
1519,5,241,6,2,3,3,80,58,180,300,1,5
1520,11,269,11,2,3,1,44,3,300,600,2,5
1521,10,124,11,1,3,1,80,24,60,180,3,5
1522,7,413,7,2,3,2,39,83,420,540,3,5
1523,2,525,3,2,3,2,84,7,60,180,1,5
1524,11,254,11,2,3,1,9,67,420,540,3,5
1525,12,212,12,2,3,2,68,38,420,540,4,5
1526,1,438,2,1,3,3,51,68,180,300,4,5
1527,5,468,7,1,3,2,17,66,180,300,3,5
1528,1,241,1,2,3,1,11,63,420,540,4,5
1529,9,598,10,1,3,2,6,91,0,300,1,5
1530,8,78,8,1,3,1,61,100,180,300,3,5
1531,11,562,12,2,3,1,91,33,420,540,4,5
1532,3,437,4,1,3,2,1,42,0,300,3,5
1533,13,227,14,2,3,1,42,63,0,300,4,5
1534,11,313,12,1,3,2,63,65,0,300,1,5
1535,12,6,14,1,3,3,65,88,0,300,2,5
1536,9,208,10,1,3,1,12,51,60,180,4,5
1537,12,532,14,1,3,3,64,42,0,300,4,5
1538,12,461,13,1,3,1,84,19,0,300,4,5
1539,5,39,5,1,3,3,97,37,60,180,1,5
1540,5,173,5,1,3,2,51,78,180,300,1,5
1541,5,334,6,1,3,2,66,14,60,180,4,5
1542,13,227,13,2,3,2,48,22,300,420,3,5
1543,6,533,7,2,3,1,89,92,420,540,2,5
1544,12,595,14,1,3,1,99,18,60,180,1,5
1545,9,89,10,1,3,1,40,44,180,300,3,5
1546,10,299,10,2,3,3,67,64,300,420,3,5
1547,7,118,8,1,3,3,45,30,60,180,3,5
1548,9,171,10,1,3,1,76,53,0,300,2,5
1549,13,277,13,2,3,1,5,14,300,600,2,5
1550,5,143,5,2,3,3,97,5,300,420,2,5
1551,5,370,5,2,3,2,37,31,420,540,2,5
1552,11,554,12,1,3,2,30,47,60,180,4,5
1553,9,99,9,2,3,1,59,51,180,300,3,5
1554,13,197,14,1,3,2,22,48,60,180,4,5
1555,6,354,6,2,3,3,57,45,420,540,4,5
1556,8,464,10,1,3,2,43,73,60,180,1,5
1557,5,46,5,1,3,3,85,31,60,180,2,5
1558,12,169,13,2,3,3,12,85,60,180,2,5
1559,12,267,12,2,3,1,97,24,420,540,2,5
1560,11,97,12,2,3,3,35,60,300,420,2,5
1561,13,579,14,2,3,1,15,76,420,540,3,5
1562,8,128,9,2,3,1,58,84,420,540,1,5
1563,7,511,8,2,3,3,11,18,0,300,2,5
1564,4,248,4,2,3,1,66,64,420,540,2,5
1565,2,316,2,2,3,3,18,11,420,540,1,5
1566,4,77,4,1,3,1,50,23,180,300,3,5
1567,5,365,6,2,3,1,83,80,300,420,4,5
1568,7,401,8,2,3,1,45,12,180,300,1,5
1569,14,268,14,2,3,1,73,54,420,540,3,5
1570,4,12,4,2,3,2,32,89,180,300,2,5
1571,1,461,3,2,3,1,45,64,300,420,2,5
1572,10,356,11,1,3,1,80,52,60,180,1,5
1573,6,295,6,2,3,2,75,23,420,540,4,5
1574,1,363,1,2,3,3,31,23,420,540,1,5
1575,12,4,13,2,3,3,87,67,0,300,2,5
1576,9,297,9,2,3,1,7,50,300,420,4,5
1577,13,121,13,2,3,3,36,60,420,540,1,5
1578,6,185,6,2,3,3,68,99,420,540,3,5
1579,5,105,5,2,3,1,67,81,180,300,2,5
1580,9,202,10,1,3,2,54,62,180,300,3,5
1581,5,243,6,1,3,3,40,91,180,300,1,5
1582,14,108,16,2,3,2,37,85,0,300,1,5
1583,5,77,5,2,3,3,64,44,180,300,1,5
1584,9,87,10,1,3,3,34,10,60,180,3,5
1585,11,99,11,2,3,3,46,0,180,300,2,5
1586,7,71,8,1,3,1,0,95,180,300,1,5
1587,6,388,7,2,3,3,45,87,60,180,2,5
1588,8,276,9,1,3,2,86,57,60,180,4,5
1589,5,209,5,2,3,3,58,30,420,540,3,5
1590,13,496,14,2,3,2,2,56,60,180,4,5
1591,2,187,3,1,3,3,11,26,180,300,4,5
1592,7,522,9,1,3,3,17,6,180,300,2,5
1593,11,178,11,1,3,1,94,95,180,300,3,5
1594,2,47,3,2,3,3,28,23,60,180,4,5
1595,1,253,1,2,3,2,84,28,420,540,2,5
1596,2,372,2,2,3,3,9,100,420,540,1,5
1597,10,37,11,1,3,1,17,15,0,300,3,5
1598,12,285,12,2,3,2,61,12,420,540,1,5
1599,10,506,11,1,3,2,81,19,0,300,4,5
1600,10,175,10,2,3,2,8,25,300,600,2,5
1601,10,281,10,2,3,3,72,97,420,540,2,5
1602,8,542,9,1,3,3,54,14,180,300,3,5
1603,10,126,10,2,3,1,100,94,300,420,3,5
1604,8,265,8,2,3,2,86,58,300,600,2,5
1605,3,207,4,1,3,1,77,86,60,180,4,5
1606,14,337,14,2,3,2,8,68,420,540,2,5
1607,5,212,6,2,3,3,11,95,420,540,2,5
1608,13,318,13,2,3,1,55,93,420,540,3,5
1609,10,132,11,1,3,3,91,61,60,180,1,5
1610,7,497,8,1,3,2,90,44,60,180,1,5
1611,11,37,11,2,3,3,41,44,180,300,3,5
1612,3,146,4,2,3,2,12,29,180,300,1,5
1613,14,582,15,2,3,3,36,1,0,300,4,5
1614,8,188,9,1,3,3,64,68,180,300,1,5
1615,4,228,4,2,3,1,45,22,420,540,2,5
1616,1,35,1,1,3,1,70,82,60,180,4,5
1617,8,421,10,1,3,3,30,6,180,300,2,5
1618,7,590,9,2,3,2,74,17,420,540,4,5
1619,2,117,2,1,3,3,15,8,180,300,2,5
1620,6,546,7,1,3,2,22,52,0,300,1,5
1621,10,62,10,2,3,3,4,98,180,300,1,5
1622,4,17,4,1,3,2,83,30,60,180,4,5
1623,9,178,10,1,3,3,1,12,60,180,2,5
1624,12,513,13,1,3,3,30,92,180,300,4,5
1625,12,64,12,1,3,1,13,63,180,300,4,5
1626,12,242,14,1,3,2,20,82,180,300,4,5
1627,7,257,8,1,3,3,66,7,180,300,2,5
1628,1,588,3,1,3,2,66,81,60,180,4,5
1629,3,435,5,1,3,2,77,5,0,300,3,5
1630,11,247,11,2,3,2,47,96,420,540,4,5
1631,6,322,6,2,3,1,85,47,420,540,2,5
1632,1,600,2,1,3,2,0,25,0,300,2,5
1633,3,219,4,2,3,1,12,1,420,540,2,5
1634,10,361,11,1,3,1,30,34,180,300,4,5
1635,9,178,10,1,3,1,58,87,0,300,1,5
1636,14,432,15,1,3,1,8,38,180,300,1,5
1637,13,331,14,2,3,3,86,74,0,300,1,5
1638,7,540,8,1,3,3,18,97,0,300,4,5
1639,8,179,8,1,3,3,76,2,180,300,3,5
1640,7,248,7,2,3,2,88,29,420,540,4,5
1641,8,61,9,2,3,2,35,46,420,540,1,5
1642,10,98,10,2,3,2,56,80,420,540,3,5
1643,12,457,13,2,3,2,41,43,180,300,1,5
1644,5,160,5,1,3,2,41,90,180,300,1,5
1645,6,499,8,2,3,1,60,84,420,540,4,5
1646,14,492,15,2,3,3,68,30,0,300,4,5
1647,10,20,11,2,3,3,43,10,60,180,2,5
1648,4,189,4,2,3,2,4,5,420,540,1,5
1649,12,342,12,2,3,1,0,87,420,540,1,5
1650,5,199,5,2,3,3,96,96,420,540,3,5
1651,9,138,10,1,3,1,42,26,60,180,4,5
1652,5,452,7,1,3,1,18,54,0,300,4,5
1653,10,130,11,1,3,2,83,12,0,300,4,5
1654,12,484,14,1,3,2,94,88,60,180,3,5
1655,5,565,6,2,3,1,45,50,420,540,4,5
1656,11,352,12,1,3,1,33,49,60,180,1,5
1657,5,179,5,2,3,1,4,23,180,300,4,5
1658,9,42,9,2,3,2,56,45,180,300,1,5
1659,7,275,8,1,3,1,62,27,60,180,2,5
1660,5,77,6,2,3,3,50,19,180,300,1,5
1661,4,361,4,2,3,3,17,93,420,540,3,5
1662,10,392,11,1,3,2,43,59,180,300,1,5
1663,10,40,10,1,3,3,34,89,60,180,4,5
1664,13,137,14,1,3,3,96,19,0,300,1,5
1665,12,223,13,1,3,3,2,55,0,300,3,5
1666,7,554,9,2,3,2,80,74,300,600,1,5
1667,5,385,6,2,3,2,22,31,0,300,2,5
1668,13,79,13,1,3,3,63,87,180,300,2,5
1669,9,99,9,1,3,1,16,2,180,300,1,5
1670,6,220,6,2,3,3,72,48,300,420,3,5
1671,5,478,6,1,3,2,15,3,60,180,4,5
1672,4,367,4,2,3,3,53,66,420,540,4,5
1673,7,237,7,2,3,3,74,69,300,600,4,5
1674,12,81,12,1,3,3,10,45,180,300,4,5
1675,10,130,11,2,3,1,33,40,300,420,3,5
1676,10,364,10,2,3,2,39,29,420,540,3,5
1677,5,356,5,2,3,2,51,36,420,540,1,5
1678,8,89,9,2,3,2,18,10,420,540,4,5
1679,2,158,2,1,3,1,91,71,180,300,3,5
1680,8,574,10,2,3,3,28,6,60,180,3,5
1681,10,243,10,2,3,2,54,57,420,540,4,5
1682,1,84,2,1,3,1,43,94,180,300,3,5
1683,1,384,1,2,3,1,11,45,420,540,1,5
1684,4,170,5,2,3,1,49,86,180,300,2,5
1685,1,209,1,2,3,3,14,27,420,540,1,5
1686,10,89,10,1,3,3,7,20,180,300,4,5
1687,11,476,12,1,3,1,86,35,0,300,3,5
1688,12,588,14,1,3,1,16,14,0,300,3,5
1689,13,559,15,1,3,3,21,43,180,300,1,5
1690,12,549,13,1,3,2,31,27,180,300,2,5
1691,2,400,4,1,3,2,72,71,0,300,3,5
1692,1,152,2,1,3,3,88,49,0,300,1,5
1693,10,22,11,1,3,3,91,32,0,300,3,5
1694,9,598,10,1,3,3,39,78,60,180,2,5
1695,12,323,13,1,3,1,91,69,180,300,2,5
1696,5,591,6,2,3,1,78,33,0,300,2,5
1697,8,11,9,2,3,1,45,21,0,300,1,5
1698,8,244,8,2,3,2,89,11,420,540,3,5
1699,6,470,8,1,3,2,42,64,180,300,3,5
1700,6,26,6,1,3,3,68,33,60,180,3,5
1701,7,115,7,1,3,3,22,30,180,300,4,5
1702,7,24,7,1,3,3,66,7,60,180,1,5
1703,1,299,1,2,3,3,59,31,300,600,4,5
1704,4,23,5,1,3,1,99,37,60,180,1,5
1705,13,397,13,2,3,2,36,31,420,540,1,5
1706,9,474,11,1,3,1,22,52,60,180,1,5
1707,5,407,5,2,3,3,34,65,420,540,4,5
1708,9,531,11,1,3,2,30,55,60,180,3,5
1709,6,351,7,1,3,2,76,32,180,300,2,5
1710,13,179,13,1,3,1,21,92,180,300,4,5
1711,6,308,7,1,3,3,24,22,180,300,1,5
1712,1,59,2,2,3,2,3,100,60,180,3,5
1713,12,258,13,1,3,2,84,24,0,300,2,5
1714,10,86,10,2,3,2,66,0,420,540,2,5
1715,6,72,6,1,3,2,56,64,180,300,4,5
1716,12,529,14,1,3,3,4,38,180,300,3,5
1717,11,322,11,2,3,1,37,13,420,540,2,5
1718,8,573,9,1,3,3,95,77,180,300,3,5
1719,6,176,6,2,3,2,0,53,180,300,2,5
1720,10,573,12,1,3,1,32,100,60,180,2,5
1721,11,423,12,2,3,3,19,52,180,300,4,5
1722,9,254,9,2,3,2,44,10,300,600,3,5
1723,9,348,9,2,3,1,3,20,420,540,3,5
1724,14,384,14,2,3,2,79,50,420,540,3,5
1725,7,401,7,2,3,2,86,10,420,540,2,5
1726,5,387,6,1,3,1,82,11,60,180,4,5
1727,4,22,5,2,3,3,41,66,0,300,1,5
1728,10,425,11,1,3,2,29,7,180,300,1,5
1729,3,233,3,2,3,1,99,77,300,600,2,5
1730,9,58,9,2,3,1,69,29,420,540,4,5
1731,3,589,4,1,3,1,70,15,180,300,2,5
1732,7,4,7,1,3,3,64,58,60,180,4,5
1733,11,143,12,1,3,2,29,55,0,300,2,5
1734,14,436,15,2,3,3,72,76,180,300,3,5
1735,8,508,10,1,3,1,100,56,60,180,1,5
1736,4,39,5,1,3,2,42,46,0,300,3,5
1737,8,265,8,2,3,1,34,47,420,540,4,5
1738,11,473,12,1,3,2,98,18,180,300,1,5
1739,7,376,7,2,3,3,57,21,420,540,1,5
1740,10,319,11,2,3,3,99,43,300,600,4,5
1741,5,205,6,1,3,1,65,5,60,180,2,5
1742,5,389,6,1,3,2,18,19,180,300,1,5
1743,14,148,14,1,3,3,83,67,180,300,1,5
1744,6,369,6,2,3,1,41,85,420,540,1,5
1745,8,159,8,1,3,1,46,27,180,300,3,5
1746,9,183,10,1,3,1,19,52,0,300,1,5
1747,6,126,6,1,3,1,67,11,180,300,2,5
1748,13,248,14,1,3,2,92,75,60,180,2,5
1749,14,435,16,1,3,1,62,34,0,300,4,5
1750,4,532,6,2,3,2,66,38,180,300,2,5
1751,12,32,13,1,3,1,92,75,60,180,2,5
1752,2,246,2,2,3,3,58,0,300,420,1,5
1753,6,270,7,1,3,1,2,43,0,300,3,5
1754,5,224,5,2,3,2,95,56,300,600,2,5
1755,3,262,3,2,3,3,37,70,420,540,2,5
1756,9,352,9,2,3,1,42,75,420,540,4,5
1757,6,596,7,2,3,3,2,92,420,540,1,5
1758,4,294,5,1,3,2,97,31,180,300,2,5
1759,5,327,6,2,3,3,90,49,180,300,2,5
1760,10,118,11,1,3,2,31,71,0,300,2,5
1761,1,83,2,1,3,2,29,13,0,300,2,5
1762,13,232,13,2,3,1,83,86,300,600,2,5
1763,10,84,10,1,3,3,30,57,180,300,1,5
1764,1,540,3,2,3,2,72,98,420,540,1,5
1765,10,586,12,2,3,3,20,74,0,300,2,5
1766,4,33,5,2,3,3,9,12,420,540,2,5
1767,9,261,9,2,3,3,82,56,300,600,4,5
1768,2,563,4,1,3,3,72,35,0,300,4,5
1769,4,350,4,2,3,1,43,75,420,540,4,5
1770,12,584,14,1,3,2,22,50,60,180,3,5
1771,2,166,2,1,3,3,41,41,180,300,4,5
1772,9,279,9,2,3,3,100,39,420,540,3,5
1773,9,354,10,1,3,3,69,24,180,300,1,5
1774,12,569,13,1,3,2,47,32,0,300,2,5
1775,12,551,13,1,3,1,75,89,60,180,1,5
1776,13,287,13,2,3,3,2,54,300,600,3,5
1777,14,30,14,2,3,2,39,12,180,300,2,5
1778,9,329,9,2,3,1,19,13,420,540,3,5
1779,12,112,13,1,3,1,62,56,60,180,2,5
1780,10,590,11,1,3,1,69,52,60,180,2,5
1781,3,77,3,2,3,3,80,32,420,540,1,5
1782,11,271,12,2,3,3,85,21,180,300,1,5
1783,14,103,15,1,3,1,35,19,0,300,2,5
1784,1,295,1,2,3,2,65,92,420,540,4,5
1785,4,551,6,1,3,3,30,28,0,300,4,5
1786,2,320,2,2,3,3,95,45,420,540,4,5
1787,6,16,8,1,3,3,9,41,0,300,1,5
1788,4,351,4,2,3,1,28,85,420,540,1,5
1789,10,551,11,1,3,1,34,99,60,180,3,5
1790,13,25,14,2,3,1,12,10,0,300,2,5
1791,11,578,13,1,3,3,22,84,0,300,3,5
1792,6,565,7,1,3,3,81,73,0,300,2,5
1793,13,414,14,2,3,2,16,99,180,300,1,5
1794,4,559,5,2,3,1,100,42,420,540,1,5
1795,2,575,4,1,3,3,15,7,60,180,1,5
1796,11,309,11,2,3,2,60,16,420,540,4,5
1797,7,357,8,1,3,2,87,69,180,300,2,5
1798,2,571,4,1,3,1,70,18,60,180,3,5
1799,9,74,9,1,3,1,60,77,180,300,4,5
1800,9,532,10,1,3,1,74,32,180,300,1,5
1801,14,564,15,2,3,3,19,73,420,540,3,5
1802,11,58,13,2,3,3,59,50,300,600,4,5
1803,5,424,6,1,3,3,79,51,0,300,1,5
1804,13,298,14,1,3,2,4,13,180,300,4,5
1805,8,332,8,2,3,3,38,6,420,540,2,5
1806,6,78,6,2,3,2,44,7,180,300,2,5
1807,10,239,10,2,3,3,45,57,420,540,3,5
1808,10,403,10,2,3,3,17,37,420,540,4,5
1809,6,419,6,2,3,3,53,93,420,540,2,5
1810,1,75,2,2,3,1,87,10,420,540,2,5
1811,6,147,7,1,3,2,99,69,180,300,4,5
1812,5,492,6,1,3,1,80,94,180,300,3,5
1813,13,561,14,1,3,1,97,75,60,180,1,5
1814,8,242,8,2,3,3,89,49,420,540,2,5
1815,5,286,6,1,3,1,52,13,60,180,3,5
1816,13,280,14,2,3,1,3,44,0,300,1,5
1817,2,545,3,1,3,2,35,47,60,180,2,5
1818,4,234,4,2,3,3,73,71,420,540,2,5
1819,8,583,10,2,3,2,40,67,420,540,4,5
1820,14,385,14,2,3,2,10,75,420,540,2,5
1821,8,415,9,1,3,2,77,78,60,180,2,5
1822,3,4,3,1,3,3,19,66,60,180,4,5
1823,3,387,3,2,3,3,75,92,420,540,4,5
1824,4,68,4,2,3,3,71,26,300,420,2,5
1825,10,380,11,1,3,2,64,41,180,300,3,5
1826,1,411,2,2,3,2,16,11,300,600,3,5
1827,13,527,15,1,3,3,68,0,0,300,4,5
1828,8,415,9,1,3,3,60,81,60,180,4,5
1829,12,21,12,1,3,1,23,13,60,180,1,5
1830,8,260,9,1,3,3,75,36,180,300,3,5
1831,14,486,15,1,3,2,51,31,180,300,4,5
1832,14,93,15,2,3,3,3,13,60,180,2,5
1833,8,438,9,1,3,1,57,69,60,180,4,5
1834,7,344,8,1,3,1,19,75,0,300,1,5
1835,9,343,9,2,3,3,92,80,420,540,4,5
1836,11,467,13,1,3,2,32,76,180,300,1,5
1837,1,136,1,1,3,3,97,31,180,300,4,5
1838,12,399,12,2,3,2,67,59,420,540,1,5
1839,6,598,8,1,3,3,26,16,60,180,2,5
1840,2,192,2,2,3,2,83,99,420,540,4,5
1841,1,48,2,2,3,1,1,42,180,300,1,5
1842,14,246,14,2,3,1,18,36,300,420,4,5
1843,12,219,13,1,3,3,34,48,180,300,4,5
1844,5,264,5,2,3,1,35,69,300,420,2,5
1845,4,204,4,2,3,1,11,42,420,540,2,5
1846,11,572,13,1,3,3,95,3,0,300,3,5
1847,6,387,7,1,3,1,30,42,60,180,3,5
1848,1,284,1,2,3,1,14,87,420,540,3,5
1849,2,91,3,1,3,3,98,90,0,300,4,5
1850,11,198,11,2,3,1,0,94,420,540,3,5
1851,7,330,7,2,3,3,87,15,420,540,3,5
1852,11,578,13,1,3,3,68,67,60,180,4,5
1853,8,116,8,1,3,2,73,13,180,300,3,5
1854,6,270,6,2,3,2,28,75,420,540,3,5
1855,8,450,9,2,3,1,5,47,60,180,2,5
1856,7,241,7,2,3,2,36,19,420,540,2,5
1857,7,383,8,2,3,2,14,5,420,540,4,5
1858,6,233,7,2,3,3,98,54,180,300,3,5
1859,5,304,5,2,3,2,79,30,420,540,3,5
1860,14,392,16,1,3,3,28,63,0,300,2,5
1861,1,70,1,1,3,1,6,22,180,300,1,5
1862,9,443,11,1,3,1,32,49,0,300,4,5
1863,2,326,4,1,3,3,39,94,60,180,3,5
1864,6,111,7,1,3,1,89,51,60,180,4,5
1865,4,337,4,2,3,2,44,46,420,540,2,5
1866,14,490,16,1,3,2,83,71,60,180,1,5
1867,6,593,8,1,3,3,97,42,0,300,1,5
1868,9,431,10,1,3,3,71,74,180,300,3,5
1869,12,171,13,1,3,1,84,37,60,180,2,5
1870,9,450,10,2,3,2,81,95,180,300,3,5
1871,5,184,5,2,3,1,100,34,300,600,1,5
1872,5,375,7,1,3,2,64,93,0,300,1,5
1873,9,547,11,2,3,3,29,17,180,300,4,5
1874,1,307,1,2,3,2,80,88,420,540,3,5
1875,1,208,2,2,3,2,99,63,0,300,3,5
1876,13,572,14,1,3,1,5,55,180,300,1,5
1877,4,61,5,1,3,2,30,21,180,300,2,5
1878,8,404,9,1,3,1,1,84,60,180,3,5
1879,4,413,4,2,3,2,61,96,420,540,3,5
1880,5,475,7,1,3,2,99,74,60,180,4,5
1881,11,215,12,2,3,2,81,23,420,540,2,5
1882,1,401,1,2,3,3,59,3,420,540,4,5
1883,6,47,6,1,3,2,29,3,60,180,1,5
1884,4,421,6,2,3,1,32,13,60,180,3,5
1885,6,294,7,1,3,2,7,59,180,300,1,5
1886,5,467,7,1,3,1,0,83,180,300,1,5
1887,2,559,4,1,3,1,13,82,180,300,3,5
1888,6,142,7,1,3,3,77,90,60,180,2,5
1889,5,48,6,2,3,1,50,23,180,300,2,5
1890,2,220,2,2,3,2,39,35,300,600,2,5
1891,4,119,5,1,3,1,64,86,180,300,3,5
1892,13,141,13,2,3,3,40,7,420,540,2,5
1893,6,500,8,1,3,1,88,73,60,180,4,5
1894,12,128,13,2,3,3,18,41,420,540,4,5
1895,1,557,2,1,3,2,49,45,60,180,2,5
1896,10,276,10,2,3,3,1,22,420,540,1,5
1897,14,140,15,1,3,2,44,23,0,300,1,5
1898,2,12,2,2,3,1,72,95,420,540,1,5
1899,12,287,13,1,3,3,18,54,180,300,4,5
1900,14,477,16,2,3,3,35,63,60,180,2,5
1901,8,43,9,1,3,2,94,26,0,300,3,5
1902,12,99,12,1,3,2,81,72,180,300,1,5
1903,2,494,3,1,3,3,89,39,0,300,1,5
1904,1,460,2,1,3,2,39,21,60,180,1,5
1905,10,169,10,1,3,3,55,81,180,300,4,5
1906,13,250,13,2,3,3,9,100,300,420,1,5
1907,12,366,13,1,3,3,66,81,60,180,2,5
1908,9,346,9,2,3,1,64,87,420,540,4,5
1909,11,515,13,1,3,3,35,39,180,300,3,5
1910,2,584,3,1,3,2,38,39,0,300,3,5
1911,8,467,9,1,3,3,70,52,60,180,3,5
1912,8,19,10,1,3,2,73,99,0,300,1,5
1913,1,216,1,2,3,2,62,84,300,600,3,5
1914,5,124,6,2,3,2,88,13,60,180,1,5
1915,5,193,5,2,3,3,18,24,300,600,4,5
1916,5,251,6,1,3,1,96,6,180,300,4,5
1917,4,355,4,2,3,1,20,17,420,540,4,5
1918,11,438,12,1,3,3,66,94,0,300,4,5
1919,1,57,1,1,3,1,41,38,60,180,4,5
1920,13,93,13,1,3,1,13,27,180,300,3,5
1921,14,284,14,2,3,1,42,18,420,540,4,5
1922,9,285,9,2,3,3,32,1,300,600,2,5
1923,8,486,9,1,3,1,74,34,0,300,3,5
1924,3,388,4,1,3,2,58,52,0,300,2,5
1925,3,212,3,2,3,1,95,37,300,420,2,5
1926,12,244,12,2,3,3,50,85,420,540,1,5
1927,8,382,9,1,3,2,83,70,0,300,1,5
1928,5,30,6,1,3,3,4,80,60,180,3,5
1929,4,213,4,2,3,1,28,43,420,540,1,5
1930,11,154,12,1,3,2,77,66,60,180,3,5
1931,10,121,11,2,3,1,22,56,180,300,4,5
1932,13,88,13,1,3,3,68,60,180,300,3,5
1933,11,108,11,1,3,1,71,84,180,300,2,5
1934,13,154,13,2,3,2,69,82,180,300,1,5
1935,9,414,10,1,3,2,79,6,180,300,3,5
1936,5,185,6,2,3,2,37,5,300,600,4,5
1937,13,197,13,2,3,3,28,89,420,540,4,5
1938,7,177,7,2,3,3,22,51,420,540,3,5
1939,13,163,13,2,3,2,51,99,180,300,1,5
1940,4,206,6,1,3,3,97,74,0,300,4,5
1941,1,444,2,1,3,3,3,54,180,300,1,5
1942,7,390,7,2,3,2,75,76,420,540,1,5
1943,4,574,6,1,3,3,92,2,60,180,4,5
1944,3,175,3,1,3,2,11,70,180,300,1,5
1945,11,99,11,2,3,3,84,89,420,540,2,5
1946,1,136,1,1,3,2,64,99,180,300,1,5
1947,6,359,6,2,3,1,10,68,420,540,4,5
1948,3,475,5,1,3,1,70,0,0,300,4,5
1949,6,231,7,1,3,3,81,92,60,180,1,5
1950,2,487,4,2,3,3,56,97,300,420,4,5
1951,3,73,4,1,3,3,44,29,60,180,1,5
1952,12,193,13,1,3,3,42,100,0,300,4,5
1953,6,438,8,1,3,3,98,42,0,300,2,5
1954,8,353,9,2,3,3,45,17,60,180,2,5
1955,14,160,14,1,3,2,23,2,180,300,3,5
1956,14,472,15,2,3,2,30,43,60,180,2,5
1957,14,103,14,2,3,2,95,34,300,600,2,5
1958,13,212,13,2,3,3,77,53,420,540,1,5
1959,2,47,2,2,3,3,19,1,420,540,3,5
1960,13,227,13,2,3,2,42,55,420,540,1,5
1961,6,135,6,1,3,2,5,93,180,300,4,5
1962,11,290,11,2,3,3,52,76,300,600,3,5
1963,12,568,13,1,3,1,78,43,0,300,4,5
1964,1,598,3,1,3,1,9,87,0,300,3,5
1965,10,215,10,2,3,3,28,78,420,540,2,5
1966,6,176,7,1,3,2,55,5,60,180,4,5
1967,1,181,1,2,3,2,84,59,420,540,4,5
1968,5,268,5,2,3,2,65,86,420,540,4,5
1969,13,151,14,1,3,1,7,1,180,300,1,5
1970,12,110,13,1,3,2,84,4,0,300,1,5
1971,7,557,8,1,3,2,12,60,60,180,4,5
1972,13,70,14,2,3,3,92,14,180,300,4,5
1973,10,280,10,2,3,3,61,80,420,540,1,5
1974,9,107,10,1,3,1,27,43,60,180,4,5
1975,12,149,12,1,3,3,3,26,180,300,1,5
1976,12,252,13,2,3,1,85,21,60,180,2,5
1977,1,472,2,1,3,3,36,85,180,300,1,5
1978,3,198,4,2,3,2,56,96,60,180,4,5
1979,4,471,5,1,3,1,7,28,180,300,2,5
1980,10,93,11,1,3,3,53,75,180,300,2,5
1981,6,32,8,1,3,3,97,9,0,300,3,5
1982,12,246,12,2,3,1,23,83,300,420,1,5
1983,6,292,6,2,3,2,26,44,300,420,2,5
1984,8,127,8,1,3,3,98,35,180,300,4,5
1985,5,5,5,1,3,1,56,18,60,180,2,5
1986,12,13,13,2,3,3,4,55,180,300,3,5
1987,5,419,6,2,3,1,100,37,420,540,4,5
1988,1,96,3,1,3,2,9,15,180,300,2,5
1989,5,283,7,2,3,2,25,88,60,180,4,5
1990,1,249,1,2,3,1,22,22,300,600,2,5
1991,13,488,15,1,3,1,93,25,60,180,1,5
1992,11,162,12,2,3,1,70,93,300,600,1,5
1993,11,297,13,1,3,3,61,78,0,300,2,5
1994,5,164,5,2,3,3,90,93,420,540,2,5
1995,14,554,16,1,3,2,55,4,60,180,3,5
1996,5,375,6,1,3,1,93,53,180,300,1,5
1997,3,495,5,1,3,2,52,96,0,300,4,5
1998,2,506,4,1,3,3,72,63,60,180,1,5
1999,6,138,8,2,3,3,50,51,180,300,4,5
2000,3,240,3,2,3,1,38,51,300,420,3,5
2001,2,487,4,2,3,1,16,20,0,300,3,5
2002,4,91,4,1,3,2,41,84,180,300,1,5
2003,13,587,15,2,3,2,95,90,180,300,2,5
2004,13,287,14,1,3,2,25,79,0,300,3,5
2005,5,8,5,1,3,2,66,53,60,180,2,5
2006,3,253,4,1,3,1,43,64,60,180,2,5
2007,7,345,8,2,3,2,85,20,60,180,2,5
2008,8,355,8,2,3,1,53,34,420,540,2,5
2009,8,242,8,2,3,2,94,93,300,420,3,5
2010,4,72,4,1,3,1,12,23,180,300,2,5
2011,8,462,10,1,3,2,64,43,0,300,2,5
2012,1,596,3,1,3,2,37,16,0,300,1,5
2013,10,574,12,1,3,1,62,71,0,300,3,5
2014,11,251,11,2,3,3,37,40,420,540,1,5
2015,8,94,9,1,3,3,27,9,60,180,1,5
2016,13,513,15,1,3,3,7,99,0,300,1,5
2017,4,176,5,2,3,3,54,37,0,300,2,5
2018,11,311,11,2,3,2,12,45,420,540,4,5
2019,11,447,12,1,3,3,74,55,0,300,3,5
2020,10,417,12,1,3,3,40,53,0,300,2,5
2021,7,563,8,1,3,1,69,74,60,180,3,5
2022,11,282,11,2,3,2,50,43,300,600,3,5
2023,3,526,4,2,3,1,29,6,60,180,1,5
2024,14,208,14,2,3,2,99,45,420,540,1,5
2025,12,396,13,1,3,3,23,44,60,180,1,5
2026,2,405,2,2,3,3,80,64,420,540,3,5
2027,12,508,14,1,3,3,32,37,180,300,3,5
2028,10,85,10,1,3,3,5,60,180,300,1,5
2029,6,76,6,1,3,1,68,21,180,300,4,5
2030,11,241,11,2,3,3,5,38,420,540,1,5
2031,12,376,12,2,3,1,96,46,420,540,2,5
2032,8,352,9,2,3,3,72,95,300,600,4,5
2033,13,109,13,2,3,2,59,84,180,300,2,5
2034,14,15,14,1,3,3,77,84,60,180,3,5
2035,7,87,7,2,3,3,30,95,420,540,1,5
2036,3,89,3,2,3,1,100,48,300,420,2,5
2037,5,297,6,2,3,2,40,90,0,300,4,5
2038,13,307,13,2,3,3,19,49,420,540,4,5
2039,7,578,8,1,3,2,29,11,60,180,3,5
2040,11,10,11,2,3,1,90,12,180,300,2,5
2041,6,4,7,1,3,1,56,41,0,300,2,5
2042,9,390,10,1,3,1,92,5,60,180,2,5
2043,4,50,5,1,3,2,91,65,0,300,2,5
2044,8,593,9,2,3,2,8,38,0,300,3,5
2045,4,351,5,2,3,3,73,17,60,180,4,5
2046,1,577,2,2,3,1,50,22,60,180,4,5
2047,10,298,11,1,3,3,89,15,180,300,3,5
2048,12,482,13,2,3,3,83,47,0,300,3,5
2049,6,560,8,1,3,2,15,88,180,300,1,5
2050,4,496,5,2,3,1,60,75,0,300,4,5
2051,10,387,10,2,3,3,31,3,420,540,1,5
2052,4,420,5,1,3,1,63,25,0,300,3,5
2053,9,208,9,2,3,3,44,84,420,540,4,5
2054,8,237,8,2,3,2,44,26,420,540,1,5
2055,10,336,10,2,3,3,49,95,420,540,2,5
2056,14,293,15,1,3,3,88,22,60,180,4,5
2057,10,301,10,2,3,3,9,0,420,540,4,5
2058,8,528,9,2,3,1,47,25,180,300,4,5
2059,7,252,7,2,3,2,90,74,300,420,2,5
2060,2,99,2,2,3,2,31,73,420,540,3,5
2061,1,398,1,2,3,1,41,65,420,540,4,5
2062,5,513,6,2,3,1,99,89,60,180,2,5
2063,12,281,12,2,3,2,47,15,300,420,4,5
2064,10,421,12,1,3,1,59,46,0,300,4,5
2065,1,466,3,1,3,3,57,36,180,300,4,5
2066,5,194,6,2,3,1,72,89,60,180,2,5
2067,2,244,2,2,3,1,32,10,420,540,2,5
2068,13,164,13,1,3,1,29,87,180,300,1,5
2069,5,183,5,2,3,2,82,54,300,600,3,5
2070,3,150,4,1,3,1,22,37,60,180,1,5
2071,1,558,2,1,3,3,17,74,0,300,4,5
2072,13,550,15,1,3,3,20,26,180,300,1,5
2073,3,533,5,1,3,1,91,82,60,180,1,5
2074,2,556,4,1,3,1,40,22,60,180,2,5
2075,2,106,2,1,3,2,19,28,180,300,4,5
2076,10,558,11,2,3,1,48,27,60,180,2,5
2077,2,181,2,2,3,1,8,84,300,600,3,5
2078,8,63,8,2,3,2,91,68,300,420,2,5
2079,9,589,11,1,3,1,43,16,180,300,4,5
2080,13,457,14,2,3,3,39,75,300,600,2,5
2081,13,515,14,2,3,1,47,78,180,300,2,5
2082,13,467,14,2,3,2,37,6,0,300,4,5
2083,3,131,4,1,3,3,21,18,60,180,1,5
2084,11,326,11,2,3,3,70,79,420,540,3,5
2085,10,264,10,2,3,2,18,10,300,600,3,5
2086,14,367,15,1,3,1,51,65,180,300,1,5
2087,13,154,13,2,3,2,94,20,300,420,2,5
2088,14,525,16,2,3,2,100,25,300,600,2,5
2089,2,484,3,1,3,3,40,96,180,300,3,5
2090,7,417,7,2,3,2,54,23,420,540,4,5
2091,13,84,15,1,3,3,73,72,180,300,4,5
2092,9,266,9,2,3,1,39,62,300,420,1,5
2093,5,124,6,2,3,3,59,23,60,180,4,5
2094,5,329,6,1,3,2,45,65,180,300,1,5
2095,11,470,13,1,3,2,0,73,180,300,3,5
2096,3,335,4,2,3,2,52,44,300,600,4,5
2097,11,86,12,1,3,2,6,69,60,180,2,5
2098,14,113,14,2,3,2,79,1,180,300,3,5
2099,5,362,6,1,3,1,98,24,180,300,2,5
2100,9,152,10,2,3,3,77,99,300,600,2,5
2101,10,380,10,2,3,2,32,65,420,540,1,5
2102,6,560,7,1,3,1,64,39,180,300,1,5
2103,4,560,5,2,3,1,67,83,300,600,3,5
2104,1,145,1,1,3,1,52,9,180,300,4,5
2105,7,307,8,1,3,2,43,58,0,300,3,5
2106,4,304,4,2,3,1,62,88,420,540,4,5
2107,5,528,7,1,3,1,80,67,0,300,4,5
2108,11,12,11,1,3,3,16,90,60,180,3,5
2109,7,500,8,2,3,1,92,56,420,540,4,5
2110,14,205,14,2,3,2,70,37,300,600,4,5
2111,11,278,12,2,3,3,27,84,180,300,4,5
2112,8,323,9,2,3,3,43,52,60,180,2,5
2113,3,502,4,1,3,1,64,74,60,180,4,5
2114,6,261,6,2,3,1,64,74,300,420,4,5
2115,2,541,4,1,3,2,8,26,60,180,2,5
2116,4,309,4,2,3,1,48,80,420,540,4,5
2117,8,503,9,1,3,1,88,27,60,180,3,5
2118,2,247,3,1,3,1,60,25,60,180,3,5
2119,13,121,13,2,3,1,42,25,300,420,4,5
2120,5,142,6,2,3,3,37,54,300,420,4,5
2121,3,550,5,2,3,2,60,81,180,300,3,5
2122,5,119,5,1,3,3,29,95,180,300,1,5
2123,3,287,4,2,3,1,40,81,300,420,1,5
2124,2,187,2,2,3,1,3,97,420,540,1,5
2125,7,257,7,2,3,1,76,38,300,600,3,5
2126,2,472,3,1,3,1,74,10,180,300,4,5
2127,8,163,8,1,3,3,92,10,180,300,3,5
2128,8,453,10,2,3,3,24,47,0,300,4,5
2129,5,486,6,1,3,3,77,89,60,180,3,5
2130,9,374,9,2,3,2,28,95,420,540,4,5
2131,8,547,10,1,3,3,61,30,60,180,2,5
2132,7,122,7,1,3,3,42,12,180,300,3,5
2133,2,472,4,2,3,1,1,12,180,300,4,5
2134,10,296,10,2,3,2,89,88,420,540,1,5
2135,4,324,4,2,3,3,54,44,420,540,4,5
2136,9,187,9,2,3,1,81,70,300,420,1,5
2137,2,494,4,2,3,1,24,93,300,600,2,5
2138,2,206,4,2,3,1,33,37,60,180,3,5
2139,9,149,10,1,3,1,33,49,0,300,1,5
2140,2,447,3,1,3,1,74,20,60,180,2,5
2141,6,26,7,1,3,3,88,100,180,300,1,5
2142,6,404,6,2,3,2,99,10,420,540,3,5
2143,2,223,3,2,3,3,65,18,60,180,1,5
2144,9,600,10,2,3,1,55,1,180,300,3,5
2145,11,108,11,1,3,2,87,47,180,300,3,5
2146,3,570,5,1,3,1,22,37,60,180,2,5
2147,14,142,14,2,3,1,97,29,420,540,4,5
2148,2,310,3,1,3,1,68,34,60,180,2,5
2149,12,173,12,2,3,1,56,37,300,600,4,5
2150,7,489,8,1,3,1,62,31,180,300,2,5
2151,8,237,9,1,3,2,43,23,0,300,4,5
2152,12,227,13,1,3,3,22,12,0,300,2,5
2153,7,394,7,2,3,2,48,79,420,540,4,5
2154,3,416,3,2,3,1,15,28,420,540,1,5
2155,9,542,11,1,3,3,68,31,0,300,1,5
2156,8,414,9,1,3,2,39,76,0,300,3,5
2157,9,418,9,2,3,3,32,21,420,540,4,5
2158,12,330,12,2,3,1,13,42,420,540,1,5
2159,4,139,4,1,3,1,81,45,180,300,2,5
2160,13,58,13,1,3,1,1,20,60,180,2,5
2161,9,539,11,1,3,3,29,93,180,300,2,5
2162,6,407,7,1,3,3,0,84,0,300,4,5
2163,3,311,3,2,3,1,60,86,420,540,4,5
2164,7,274,8,1,3,2,25,80,60,180,1,5
2165,1,357,1,2,3,2,23,37,420,540,2,5
2166,6,183,7,1,3,3,67,86,180,300,3,5
2167,9,554,10,1,3,1,38,33,180,300,1,5
2168,9,26,9,1,3,1,26,85,60,180,3,5
2169,11,125,12,1,3,3,27,85,0,300,3,5
2170,9,280,9,2,3,3,34,8,420,540,1,5
2171,9,594,11,2,3,2,27,8,60,180,3,5
2172,5,470,6,2,3,2,73,94,0,300,4,5
2173,1,10,1,1,3,3,39,12,60,180,1,5
2174,11,373,12,1,3,2,92,6,60,180,1,5
2175,9,261,10,1,3,1,62,37,180,300,3,5
2176,11,480,12,1,3,2,0,81,180,300,3,5
2177,14,594,15,2,3,1,58,45,0,300,1,5
2178,2,125,2,1,3,1,21,2,180,300,4,5
2179,13,70,13,1,3,1,74,45,180,300,1,5
2180,13,311,13,2,3,2,61,81,420,540,1,5
2181,6,301,7,1,3,1,52,30,180,300,2,5
2182,11,396,12,1,3,1,22,97,180,300,2,5
2183,4,426,6,2,3,1,99,98,0,300,3,5
2184,12,116,13,1,3,3,0,12,0,300,1,5
2185,8,530,10,2,3,2,89,17,180,300,3,5
2186,12,146,13,1,3,1,6,81,180,300,4,5
2187,8,524,10,1,3,3,43,30,60,180,1,5
2188,4,245,5,1,3,1,41,56,60,180,3,5
2189,8,35,8,2,3,1,25,1,420,540,1,5
2190,12,302,13,1,3,3,18,44,60,180,2,5
2191,10,26,10,1,3,1,33,7,60,180,3,5
2192,8,138,10,2,3,1,33,56,300,600,3,5
2193,13,144,13,1,3,2,8,84,180,300,4,5
2194,4,262,4,2,3,2,74,42,420,540,2,5
2195,2,121,3,2,3,3,14,12,420,540,4,5
2196,12,524,13,1,3,2,16,42,180,300,3,5
2197,12,253,12,2,3,1,94,34,420,540,3,5
2198,6,498,8,2,3,1,39,86,180,300,4,5
2199,10,443,12,1,3,3,27,82,0,300,1,5
2200,14,157,14,1,3,1,7,34,180,300,1,5
2201,12,16,12,1,3,1,43,40,60,180,3,5
2202,14,360,15,1,3,3,71,40,180,300,3,5
2203,1,96,1,2,3,1,5,65,300,600,3,5
2204,13,341,14,1,3,2,18,38,60,180,1,5
2205,3,111,5,2,3,2,62,68,420,540,2,5
2206,1,7,1,1,3,1,86,77,60,180,4,5
2207,5,495,6,1,3,3,72,100,180,300,3,5
2208,9,7,10,2,3,3,67,92,300,420,4,5
2209,6,570,8,1,3,2,77,85,0,300,4,5
2210,4,496,5,2,3,2,32,27,420,540,1,5
2211,5,217,5,2,3,2,67,84,300,420,4,5
2212,7,143,7,1,3,1,98,6,180,300,1,5
2213,11,576,12,2,3,1,47,37,180,300,4,5
2214,13,49,13,1,3,3,9,17,60,180,2,5
2215,8,471,10,1,3,2,65,55,180,300,2,5
2216,7,459,9,2,3,3,53,52,60,180,1,5
2217,8,499,9,1,3,3,11,99,180,300,4,5
2218,4,509,5,2,3,3,32,34,420,540,2,5
2219,4,66,4,1,3,1,56,77,180,300,3,5
2220,4,417,4,2,3,1,74,37,420,540,3,5
2221,14,336,14,2,3,3,23,41,420,540,3,5
2222,8,458,9,1,3,2,84,19,60,180,1,5
2223,1,48,2,1,3,3,26,37,60,180,3,5
2224,8,376,8,2,3,1,57,91,420,540,3,5
2225,14,329,14,2,3,1,50,94,420,540,4,5
2226,10,282,10,2,3,1,87,90,420,540,4,5
2227,5,407,5,2,3,2,3,100,420,540,3,5
2228,14,104,14,2,3,2,42,2,420,540,2,5
2229,11,195,12,1,3,3,67,66,60,180,2,5
2230,9,560,11,2,3,3,31,59,300,420,4,5
2231,8,287,8,2,3,1,70,30,420,540,2,5
2232,6,46,6,2,3,1,11,64,180,300,3,5
2233,5,37,5,2,3,2,39,15,420,540,2,5
2234,5,289,6,2,3,2,52,6,0,300,1,5
2235,14,242,14,2,3,2,47,90,420,540,1,5
2236,8,199,8,2,3,3,4,76,420,540,2,5
2237,3,271,3,2,3,1,16,69,300,420,1,5
2238,8,456,10,1,3,2,79,21,0,300,3,5
2239,4,435,5,1,3,3,91,65,0,300,2,5
2240,6,593,7,2,3,3,11,23,420,540,1,5
2241,13,78,13,1,3,2,13,53,180,300,3,5
2242,13,404,14,2,3,3,10,25,60,180,1,5
2243,10,53,10,2,3,2,73,60,300,600,4,5
2244,1,549,2,2,3,2,50,31,180,300,2,5
2245,12,190,12,2,3,2,5,32,420,540,4,5
2246,1,186,2,2,3,1,30,56,0,300,1,5
2247,8,229,8,2,3,3,52,43,300,600,2,5
2248,1,254,1,2,3,3,93,19,420,540,4,5
2249,2,474,3,1,3,2,83,37,0,300,1,5
2250,3,181,3,2,3,1,91,71,420,540,1,5
2251,13,473,15,1,3,3,47,16,60,180,4,5
2252,13,174,14,2,3,1,35,100,60,180,2,5
2253,13,0,13,2,3,3,64,25,420,540,1,5
2254,10,527,12,2,3,2,71,79,420,540,1,5
2255,3,0,5,1,3,2,46,28,180,300,3,5
2256,10,517,12,2,3,3,18,94,0,300,1,5
2257,5,207,6,2,3,3,96,39,0,300,1,5
2258,11,551,12,1,3,3,57,5,0,300,1,5
2259,5,363,5,2,3,3,67,40,420,540,2,5
2260,12,198,13,1,3,3,26,46,60,180,2,5
2261,4,439,6,1,3,1,30,2,180,300,4,5
2262,10,18,10,1,3,2,21,32,60,180,2,5
2263,10,123,11,1,3,1,36,13,180,300,3,5
2264,9,314,10,2,3,3,72,11,0,300,2,5
2265,12,370,12,2,3,1,5,11,420,540,2,5
2266,2,32,3,2,3,2,65,34,180,300,4,5
2267,14,502,15,2,3,1,78,97,300,600,1,5
2268,11,259,11,2,3,3,64,6,300,420,2,5
2269,10,130,10,1,3,3,70,12,180,300,2,5
2270,9,190,10,1,3,2,17,98,0,300,2,5
2271,12,480,13,1,3,3,59,97,60,180,4,5
2272,11,420,11,2,3,2,20,54,420,540,1,5
2273,10,442,11,1,3,3,27,72,180,300,2,5
2274,1,3,2,1,3,3,16,90,60,180,3,5
2275,7,198,8,1,3,3,61,12,180,300,4,5
2276,14,32,16,1,3,2,18,49,180,300,2,5
2277,10,512,12,2,3,3,7,83,180,300,3,5
2278,6,185,7,1,3,1,15,85,0,300,4,5
2279,4,179,5,1,3,1,5,35,60,180,3,5
2280,12,285,12,2,3,2,75,83,300,420,1,5
2281,10,93,10,2,3,1,61,44,180,300,1,5
2282,12,395,12,2,3,1,93,81,420,540,4,5
2283,8,559,9,1,3,2,28,25,0,300,4,5
2284,7,553,8,2,3,1,4,67,420,540,3,5
2285,5,282,6,1,3,2,57,70,0,300,2,5
2286,2,241,2,2,3,2,38,40,420,540,2,5
2287,6,403,6,2,3,1,84,43,420,540,2,5
2288,14,20,15,2,3,3,7,18,180,300,1,5
2289,5,16,5,1,3,2,83,9,60,180,1,5
2290,8,295,8,2,3,1,67,96,300,420,1,5
2291,3,259,3,2,3,2,42,25,420,540,3,5
2292,12,225,13,1,3,3,94,18,60,180,2,5
2293,13,20,14,2,3,3,97,8,60,180,3,5
2294,2,382,2,2,3,2,15,75,420,540,1,5
2295,7,391,8,1,3,3,43,14,180,300,2,5
2296,1,340,1,2,3,3,15,66,420,540,1,5
2297,11,486,12,2,3,3,13,29,0,300,2,5
2298,6,331,7,2,3,1,36,76,0,300,4,5
2299,2,520,4,1,3,1,48,63,60,180,4,5
2300,3,560,5,1,3,3,7,14,0,300,2,5
2301,1,559,2,2,3,1,50,73,420,540,2,5
2302,12,23,13,1,3,2,83,20,60,180,4,5
2303,2,452,4,1,3,3,11,7,180,300,4,5
2304,6,120,6,1,3,1,81,6,180,300,1,5
2305,10,259,10,2,3,3,75,96,420,540,3,5
2306,2,223,3,2,3,3,60,87,60,180,4,5
2307,8,111,8,2,3,3,63,85,300,420,2,5
2308,5,450,7,1,3,2,49,97,60,180,2,5
2309,11,76,12,2,3,1,52,31,180,300,1,5
2310,8,114,8,1,3,3,100,51,180,300,1,5
2311,1,420,2,1,3,3,12,49,180,300,1,5
2312,10,591,11,1,3,2,48,64,0,300,4,5
2313,6,125,7,2,3,2,87,48,60,180,4,5
2314,1,552,3,1,3,3,3,56,180,300,3,5
2315,7,79,8,1,3,1,5,67,180,300,3,5
2316,3,229,4,1,3,2,73,94,180,300,2,5
2317,12,245,12,2,3,2,44,29,420,540,2,5
2318,13,255,15,1,3,2,66,94,0,300,3,5
2319,12,253,12,2,3,3,38,18,300,420,2,5
2320,2,556,4,1,3,1,65,6,0,300,4,5
2321,11,465,12,2,3,2,14,6,180,300,1,5
2322,9,358,9,2,3,1,23,79,420,540,3,5
2323,6,22,6,2,3,3,76,3,420,540,4,5
2324,9,357,9,2,3,3,32,43,420,540,2,5
2325,14,40,15,2,3,3,27,42,0,300,2,5
2326,14,302,15,1,3,3,2,52,0,300,3,5
2327,6,347,6,2,3,1,50,47,420,540,3,5
2328,12,126,12,2,3,2,99,99,180,300,3,5
2329,2,178,3,2,3,3,0,72,420,540,1,5
2330,3,383,3,2,3,2,27,66,420,540,3,5
2331,8,568,9,2,3,2,85,57,300,420,2,5
2332,3,409,4,2,3,1,56,54,420,540,4,5
2333,1,176,1,1,3,2,43,100,180,300,4,5
2334,13,413,14,1,3,1,60,54,60,180,2,5
2335,2,413,2,2,3,2,23,50,420,540,2,5
2336,11,586,13,1,3,2,1,69,180,300,2,5
2337,9,435,11,2,3,2,57,46,300,420,4,5
2338,1,121,2,1,3,2,5,92,0,300,4,5
2339,6,40,7,2,3,2,17,62,300,420,2,5
2340,8,214,9,1,3,1,27,2,60,180,2,5
2341,1,252,2,2,3,2,85,7,300,420,3,5
2342,10,375,10,2,3,2,65,15,420,540,4,5
2343,11,175,12,1,3,1,80,4,180,300,1,5
2344,12,388,12,2,3,1,69,87,420,540,1,5
2345,1,539,3,2,3,1,11,84,60,180,3,5
2346,7,577,8,1,3,1,35,55,60,180,1,5
2347,1,336,1,2,3,1,73,39,420,540,3,5
2348,6,306,7,2,3,3,20,70,180,300,4,5
2349,3,172,3,1,3,3,51,76,180,300,3,5
2350,2,353,2,2,3,3,89,100,420,540,3,5
2351,10,435,12,1,3,2,16,71,0,300,2,5
2352,2,132,3,1,3,1,99,18,60,180,4,5
2353,14,432,16,2,3,1,28,40,420,540,4,5
2354,7,440,9,1,3,2,16,71,60,180,2,5
2355,10,490,11,2,3,2,86,73,0,300,3,5
2356,11,64,12,1,3,2,94,12,180,300,3,5
2357,9,445,11,2,3,2,1,60,420,540,4,5
2358,13,320,13,2,3,3,74,47,420,540,4,5
2359,1,579,2,1,3,3,34,19,60,180,3,5
2360,12,474,13,2,3,2,29,96,0,300,1,5
2361,10,326,10,2,3,1,53,39,420,540,2,5
2362,6,538,8,1,3,3,45,83,180,300,1,5
2363,6,325,7,2,3,1,65,12,0,300,3,5
2364,5,175,5,1,3,2,7,48,180,300,3,5
2365,1,75,2,2,3,3,24,63,180,300,4,5
2366,12,538,14,1,3,2,58,71,0,300,3,5
2367,1,314,3,2,3,3,49,11,60,180,3,5
2368,3,130,3,2,3,3,49,25,300,600,2,5
2369,7,355,7,2,3,2,100,37,420,540,1,5
2370,13,58,13,1,3,2,90,0,60,180,2,5
2371,14,294,14,2,3,2,82,37,300,420,3,5
2372,1,251,1,2,3,3,49,2,300,420,4,5
2373,9,31,10,1,3,2,34,69,180,300,4,5
2374,10,18,11,1,3,1,45,10,60,180,2,5
2375,3,136,4,2,3,1,41,44,180,300,2,5
2376,6,276,6,2,3,3,55,48,300,600,3,5
2377,12,95,12,2,3,1,33,32,420,540,2,5
2378,2,551,3,2,3,3,51,91,60,180,1,5
2379,6,294,6,2,3,1,39,57,300,600,4,5
2380,11,161,11,2,3,1,79,32,420,540,1,5
2381,5,125,5,1,3,2,10,37,180,300,3,5
2382,11,15,11,1,3,1,71,48,60,180,3,5
2383,13,150,13,2,3,3,52,69,420,540,4,5
2384,2,322,2,2,3,2,46,70,420,540,4,5
2385,7,216,8,2,3,1,6,100,300,420,1,5
2386,7,555,8,1,3,1,73,53,60,180,4,5
2387,6,148,6,1,3,1,23,51,180,300,3,5
2388,14,311,14,2,3,2,87,20,420,540,3,5
2389,13,180,13,2,3,1,37,7,300,420,1,5
2390,11,248,11,2,3,2,61,47,300,420,2,5
2391,11,506,13,1,3,1,71,4,60,180,3,5
2392,10,337,10,2,3,2,8,12,420,540,2,5
2393,12,574,13,1,3,1,42,71,180,300,2,5
2394,10,590,11,1,3,3,56,89,180,300,2,5
2395,4,36,4,2,3,2,76,95,180,300,3,5
2396,9,69,10,1,3,2,31,68,0,300,3,5
2397,12,309,12,2,3,1,93,41,420,540,2,5
2398,7,335,7,2,3,3,57,73,420,540,2,5
2399,14,120,14,2,3,1,22,73,420,540,1,5
2400,9,325,9,2,3,2,73,80,420,540,4,5
2401,11,32,13,1,3,1,13,99,0,300,3,5
2402,11,37,11,1,3,2,6,86,60,180,2,5
2403,12,219,13,2,3,3,10,16,420,540,1,5
2404,4,184,6,2,3,1,43,80,180,300,4,5
2405,10,272,10,2,3,3,6,42,420,540,3,5
2406,11,150,12,1,3,1,16,60,60,180,1,5
2407,13,22,13,1,3,1,71,91,60,180,4,5
2408,14,368,14,2,3,2,2,27,420,540,3,5
2409,2,253,2,2,3,2,31,19,420,540,4,5
2410,5,591,6,1,3,3,38,55,60,180,1,5
2411,7,216,8,2,3,1,47,62,420,540,1,5
2412,12,20,12,1,3,1,1,96,60,180,2,5
2413,8,437,10,1,3,3,13,78,0,300,4,5
2414,2,149,2,1,3,3,14,82,180,300,3,5
2415,9,178,9,2,3,2,27,22,300,600,3,5
2416,2,463,3,1,3,3,82,3,180,300,2,5
2417,14,26,15,1,3,1,79,27,60,180,1,5
2418,11,135,11,1,3,3,90,42,180,300,4,5
2419,12,506,13,1,3,2,30,48,60,180,3,5
2420,11,568,13,1,3,2,57,52,60,180,1,5
2421,11,256,11,2,3,3,11,29,420,540,3,5
2422,5,236,5,2,3,3,29,80,300,600,2,5
2423,12,213,13,1,3,3,94,67,60,180,1,5
2424,8,78,8,2,3,1,59,20,420,540,4,5
2425,6,574,7,2,3,3,35,61,0,300,1,5
2426,8,59,10,2,3,2,46,47,60,180,2,5
2427,7,362,7,2,3,3,37,31,420,540,4,5
2428,12,379,12,2,3,2,54,95,420,540,4,5
2429,4,443,6,1,3,3,44,85,180,300,1,5
2430,3,140,4,1,3,2,32,32,0,300,3,5
2431,1,285,1,2,3,3,4,79,300,420,3,5
2432,9,596,10,1,3,2,56,90,0,300,2,5
2433,1,266,2,1,3,2,75,85,60,180,4,5
2434,11,114,11,1,3,1,9,80,180,300,4,5
2435,13,383,13,2,3,2,36,8,420,540,1,5
2436,14,20,15,1,3,1,72,36,180,300,2,5
2437,6,418,7,1,3,3,73,26,60,180,4,5
2438,11,505,12,1,3,2,56,94,60,180,4,5
2439,12,362,13,1,3,1,35,29,180,300,1,5
2440,14,28,14,1,3,2,55,11,60,180,3,5
2441,8,341,9,1,3,2,63,1,180,300,2,5
2442,1,215,1,2,3,1,20,44,420,540,4,5
2443,5,170,6,2,3,3,62,89,180,300,4,5
2444,3,4,4,1,3,3,43,2,60,180,3,5
2445,1,586,3,1,3,1,54,78,180,300,4,5
2446,12,279,12,2,3,1,0,14,420,540,1,5
2447,3,399,3,2,3,2,74,44,420,540,3,5
2448,13,0,15,1,3,1,16,82,0,300,2,5
2449,3,213,4,1,3,1,92,56,180,300,1,5
2450,1,42,1,1,3,1,48,20,60,180,4,5
2451,13,544,14,1,3,2,27,64,180,300,4,5
2452,3,423,5,2,3,1,48,81,420,540,1,5
2453,9,270,9,2,3,3,3,11,300,600,4,5
2454,2,214,2,2,3,3,79,15,300,600,1,5
2455,1,310,2,1,3,2,60,43,180,300,1,5
2456,11,240,12,1,3,3,38,75,180,300,2,5
2457,1,533,2,2,3,3,78,11,300,600,4,5
2458,3,247,4,2,3,2,92,97,420,540,3,5
2459,1,434,3,1,3,1,53,50,0,300,3,5
2460,10,373,10,2,3,2,87,49,420,540,4,5
2461,9,430,10,1,3,1,16,42,0,300,2,5
2462,6,275,7,1,3,2,97,84,180,300,2,5
2463,7,396,7,2,3,1,80,29,420,540,1,5
2464,4,399,5,1,3,1,82,19,0,300,3,5
2465,12,3,12,1,3,1,76,54,60,180,4,5
2466,3,424,5,2,3,3,45,99,420,540,2,5
2467,7,506,9,1,3,2,3,87,180,300,4,5
2468,10,501,11,2,3,1,17,94,60,180,1,5
2469,10,234,11,1,3,3,10,16,0,300,2,5
2470,14,99,14,1,3,2,25,42,180,300,1,5
2471,2,550,4,1,3,2,37,71,60,180,1,5
2472,9,63,10,1,3,2,62,90,60,180,2,5
2473,6,227,6,2,3,1,61,53,300,600,2,5
2474,12,595,13,1,3,2,88,72,60,180,2,5
2475,9,79,9,2,3,3,70,20,180,300,1,5
2476,12,75,12,1,3,2,10,10,180,300,1,5
2477,12,524,13,1,3,2,93,55,60,180,4,5
2478,14,592,15,1,3,2,49,31,0,300,4,5
2479,2,298,3,1,3,1,90,56,0,300,3,5
2480,3,335,5,2,3,3,34,90,420,540,2,5
2481,6,117,6,1,3,3,11,34,180,300,3,5
2482,8,402,9,2,3,1,77,74,0,300,3,5
2483,5,415,6,1,3,1,79,9,60,180,3,5
2484,12,516,14,1,3,3,23,63,0,300,4,5
2485,11,364,11,2,3,3,25,27,420,540,2,5
2486,3,280,3,2,3,1,47,61,420,540,4,5
2487,10,145,10,1,3,2,23,32,180,300,3,5
2488,4,394,5,2,3,1,10,69,60,180,4,5
2489,4,333,5,1,3,2,0,63,180,300,4,5
2490,14,550,16,2,3,2,16,73,0,300,3,5
2491,9,334,9,2,3,1,88,15,420,540,2,5
2492,14,174,15,2,3,2,82,56,180,300,1,5
2493,13,172,13,1,3,2,82,36,180,300,2,5
2494,12,313,12,2,3,2,25,87,420,540,1,5
2495,5,570,7,1,3,2,32,61,0,300,2,5
2496,4,75,4,1,3,2,46,17,180,300,1,5
2497,7,72,8,2,3,2,6,22,300,420,3,5
2498,5,24,5,2,3,2,59,26,420,540,4,5
2499,8,214,8,2,3,2,69,87,300,420,3,5
2500,7,283,7,2,3,1,92,64,420,540,4,5
2501,3,313,4,1,3,1,55,81,180,300,4,5
2502,9,471,11,1,3,2,74,92,60,180,4,5
2503,14,290,15,1,3,1,99,44,180,300,4,5
2504,4,14,5,2,3,3,18,7,180,300,4,5
2505,12,50,13,1,3,2,44,84,0,300,1,5
2506,2,368,2,2,3,3,88,72,420,540,1,5
2507,5,187,5,2,3,2,31,77,420,540,4,5
2508,2,403,2,2,3,1,62,54,420,540,2,5
2509,4,405,6,1,3,2,91,61,180,300,3,5
2510,8,517,10,1,3,1,20,36,0,300,2,5
2511,2,435,4,1,3,2,99,75,180,300,3,5
2512,4,227,4,2,3,2,92,21,420,540,4,5
2513,10,541,12,1,3,2,43,60,180,300,1,5
2514,14,508,16,2,3,3,77,72,180,300,3,5
2515,10,491,11,1,3,1,46,51,60,180,2,5
2516,13,19,13,1,3,3,73,73,60,180,2,5
2517,12,125,12,1,3,2,59,46,180,300,1,5
2518,9,198,9,2,3,2,33,88,300,600,4,5
2519,13,434,15,2,3,3,32,81,300,600,1,5
2520,13,537,14,1,3,1,28,12,60,180,3,5
2521,2,294,2,2,3,3,3,41,300,420,1,5
2522,3,558,5,2,3,3,28,51,420,540,3,5
2523,4,181,4,2,3,2,21,90,300,600,3,5
2524,8,60,9,1,3,1,77,42,180,300,3,5
2525,11,527,12,1,3,1,2,62,60,180,1,5
2526,12,466,14,1,3,2,60,73,180,300,2,5
2527,6,362,7,1,3,1,24,56,60,180,1,5
2528,7,445,8,2,3,3,9,86,0,300,2,5
2529,6,392,7,2,3,3,63,28,420,540,2,5
2530,12,327,14,1,3,3,24,34,60,180,3,5
2531,5,55,5,1,3,2,65,35,60,180,3,5
2532,12,289,13,2,3,2,60,39,0,300,2,5
2533,6,516,7,2,3,2,30,51,420,540,2,5
2534,14,518,15,1,3,1,66,85,0,300,4,5
2535,9,72,10,1,3,2,34,10,0,300,2,5
2536,5,52,5,2,3,3,46,68,300,600,3,5
2537,13,289,13,2,3,2,66,54,420,540,2,5
2538,1,59,2,2,3,1,7,2,420,540,4,5
2539,2,541,4,1,3,1,40,91,180,300,4,5
2540,11,213,11,2,3,1,47,31,420,540,2,5
2541,3,574,4,1,3,3,69,12,60,180,4,5
2542,3,577,5,1,3,1,95,74,180,300,1,5
2543,8,134,8,1,3,1,30,78,180,300,4,5
2544,12,215,13,2,3,1,66,33,420,540,4,5
2545,4,424,6,1,3,3,55,40,60,180,2,5
2546,9,119,11,1,3,2,90,73,60,180,4,5
2547,12,396,13,1,3,1,17,24,0,300,2,5
2548,6,453,8,2,3,2,43,10,60,180,2,5
2549,7,494,8,2,3,1,34,39,180,300,4,5
2550,6,76,6,2,3,1,50,9,300,600,4,5
2551,1,516,3,2,3,1,81,18,180,300,3,5
2552,2,529,3,1,3,3,91,99,180,300,4,5
2553,5,420,5,2,3,2,97,53,420,540,4,5
2554,1,117,2,1,3,1,59,96,180,300,1,5
2555,7,500,9,2,3,1,53,65,420,540,3,5
2556,1,311,3,1,3,2,32,49,0,300,2,5
2557,5,329,6,1,3,3,98,58,60,180,1,5
2558,3,171,3,2,3,2,76,33,300,600,1,5
2559,12,381,12,2,3,1,5,26,420,540,4,5
2560,3,407,4,2,3,3,76,44,180,300,3,5
2561,3,165,3,2,3,2,28,48,300,420,4,5
2562,3,328,3,2,3,3,24,97,420,540,4,5
2563,3,444,4,2,3,3,86,24,300,420,3,5
2564,11,247,12,1,3,3,15,3,0,300,2,5
2565,1,528,3,1,3,1,53,93,180,300,2,5
2566,13,535,14,2,3,1,83,41,300,600,3,5
2567,6,382,6,2,3,2,51,13,420,540,1,5
2568,8,431,10,2,3,1,21,75,420,540,3,5
2569,8,496,10,1,3,2,5,92,0,300,4,5
2570,7,240,7,2,3,1,72,14,420,540,3,5
2571,13,583,15,2,3,2,88,40,60,180,4,5
2572,5,529,6,1,3,1,47,11,60,180,1,5
2573,12,160,12,1,3,3,89,85,180,300,2,5
2574,8,33,10,1,3,3,70,63,180,300,2,5
2575,6,22,6,2,3,2,69,54,420,540,2,5
2576,5,244,6,2,3,3,13,40,300,600,2,5
2577,14,28,16,2,3,1,71,37,60,180,1,5
2578,10,472,12,2,3,2,6,42,420,540,4,5
2579,12,355,13,2,3,2,75,66,0,300,1,5
2580,11,356,11,2,3,3,17,22,420,540,4,5
2581,6,600,8,1,3,1,21,86,60,180,2,5
2582,1,447,2,2,3,2,16,49,60,180,3,5
2583,4,563,6,1,3,2,77,64,60,180,1,5
2584,12,553,13,1,3,3,67,17,60,180,4,5
2585,9,596,11,1,3,3,20,33,0,300,4,5
2586,9,587,11,1,3,1,29,51,180,300,3,5
2587,3,389,3,2,3,1,13,27,420,540,1,5
2588,9,437,10,1,3,2,29,55,0,300,4,5
2589,5,118,6,2,3,3,59,100,300,600,4,5
2590,3,223,3,2,3,2,93,36,420,540,4,5
2591,4,345,5,1,3,3,70,32,0,300,2,5
2592,5,555,6,1,3,3,56,70,0,300,2,5
2593,2,430,4,2,3,2,8,23,0,300,3,5
2594,1,295,2,1,3,1,15,8,180,300,3,5
2595,5,528,6,2,3,3,83,63,60,180,3,5
2596,9,339,9,2,3,3,34,2,420,540,4,5
2597,14,545,15,1,3,1,54,44,180,300,4,5
2598,9,500,10,1,3,3,56,82,180,300,4,5
2599,3,519,4,2,3,2,43,26,300,600,4,5
2600,8,133,8,1,3,3,58,1,180,300,3,5
2601,14,473,16,1,3,1,75,78,0,300,3,5
2602,13,355,14,2,3,3,68,74,180,300,3,5
2603,1,97,2,1,3,2,65,24,180,300,3,5
2604,7,577,8,2,3,2,81,63,60,180,3,5
2605,11,439,12,1,3,1,99,85,180,300,3,5
2606,1,148,1,1,3,2,86,8,180,300,1,5
2607,11,350,11,2,3,1,95,74,420,540,2,5
2608,11,379,11,2,3,3,0,84,420,540,3,5
2609,4,210,4,2,3,1,86,27,300,600,1,5
2610,9,541,11,1,3,2,43,97,60,180,2,5
2611,7,478,8,1,3,2,50,95,180,300,1,5
2612,8,109,9,2,3,2,53,23,0,300,2,5
2613,4,276,4,2,3,1,26,91,300,420,2,5
2614,7,142,7,2,3,3,5,9,420,540,2,5
2615,6,102,6,2,3,2,96,17,300,600,1,5
2616,7,482,9,2,3,3,76,93,180,300,3,5
2617,8,517,10,2,3,2,1,27,180,300,4,5
2618,7,537,8,1,3,3,89,56,60,180,1,5
2619,4,66,4,1,3,3,69,71,180,300,1,5
2620,10,487,12,2,3,1,95,61,180,300,4,5
2621,7,12,7,1,3,2,87,58,60,180,1,5
2622,5,368,6,2,3,2,5,58,60,180,4,5
2623,2,482,3,1,3,2,83,57,0,300,3,5
2624,14,495,15,2,3,1,58,54,300,600,3,5
2625,12,64,13,1,3,3,58,46,180,300,4,5
2626,10,511,11,1,3,2,78,90,60,180,2,5
2627,14,178,15,1,3,1,31,66,180,300,3,5
2628,4,413,5,1,3,3,41,80,180,300,1,5
2629,10,341,10,2,3,1,17,46,420,540,2,5
2630,11,4,11,2,3,1,59,14,60,180,2,5
2631,13,569,15,2,3,2,35,65,420,540,2,5
2632,9,535,10,1,3,2,36,15,60,180,4,5
2633,10,28,11,2,3,3,73,63,60,180,4,5
2634,11,211,11,2,3,2,11,55,300,420,3,5
2635,6,243,6,2,3,3,20,54,300,420,4,5
2636,5,425,6,1,3,2,98,4,0,300,3,5
2637,6,325,7,2,3,1,52,17,180,300,4,5
2638,13,126,14,2,3,2,82,16,300,420,2,5
2639,12,259,13,1,3,1,14,13,180,300,1,5
2640,4,443,5,1,3,1,96,51,180,300,1,5
2641,2,104,3,2,3,3,23,29,420,540,4,5
2642,8,472,9,1,3,3,78,81,0,300,1,5
2643,3,391,3,2,3,3,9,9,420,540,2,5
2644,10,550,12,1,3,2,19,32,180,300,4,5
2645,14,579,16,1,3,3,56,66,180,300,2,5
2646,9,271,9,2,3,1,9,17,300,420,1,5
2647,9,311,9,2,3,1,66,2,420,540,3,5
2648,11,518,12,1,3,1,85,63,0,300,4,5
2649,1,206,2,1,3,3,18,73,180,300,3,5
2650,9,123,9,2,3,3,35,85,300,420,3,5
2651,8,407,8,2,3,3,95,0,420,540,2,5
2652,8,413,10,1,3,3,50,14,180,300,2,5
2653,4,70,5,2,3,1,36,36,180,300,1,5
2654,13,232,14,2,3,3,16,55,420,540,2,5
2655,6,169,6,2,3,1,77,10,180,300,3,5
2656,11,134,12,1,3,1,21,60,180,300,1,5
2657,13,57,14,2,3,1,94,13,180,300,4,5
2658,7,96,9,1,3,3,91,33,0,300,2,5
2659,1,24,1,1,3,3,10,78,60,180,4,5
2660,8,87,8,1,3,1,11,6,180,300,3,5
2661,1,367,3,1,3,2,24,87,0,300,1,5
2662,14,149,15,1,3,3,24,29,180,300,1,5
2663,3,309,4,1,3,2,48,73,60,180,1,5
2664,14,237,14,2,3,3,56,61,300,600,1,5
2665,10,442,11,1,3,2,93,90,180,300,1,5
2666,2,295,2,2,3,2,14,52,300,420,1,5
2667,9,465,11,1,3,2,44,86,0,300,2,5
2668,10,495,12,2,3,3,73,19,0,300,3,5
2669,1,319,1,2,3,3,76,20,420,540,1,5
2670,1,137,1,1,3,3,89,75,180,300,2,5
2671,8,442,9,1,3,2,20,49,0,300,3,5
2672,11,502,12,2,3,1,47,91,60,180,4,5
2673,2,389,3,1,3,1,77,90,0,300,1,5
2674,1,215,2,2,3,3,50,93,0,300,2,5
2675,12,372,12,2,3,1,78,11,420,540,2,5
2676,12,1,13,1,3,1,2,98,60,180,3,5
2677,4,334,4,2,3,2,83,98,420,540,3,5
2678,11,411,12,2,3,1,9,88,420,540,1,5
2679,9,486,10,2,3,3,89,60,0,300,2,5
2680,2,128,2,2,3,1,23,80,180,300,4,5
2681,2,431,3,1,3,3,4,1,0,300,4,5
2682,14,15,15,1,3,3,17,40,180,300,4,5
2683,10,377,10,2,3,2,19,45,420,540,3,5
2684,10,226,11,2,3,3,89,44,180,300,1,5
2685,14,486,16,2,3,3,48,92,0,300,2,5
2686,9,455,11,2,3,1,74,45,300,600,2,5
2687,14,9,15,1,3,2,73,84,180,300,4,5
2688,9,155,10,1,3,2,8,2,60,180,3,5
2689,14,483,16,1,3,1,85,83,60,180,4,5
2690,4,43,4,1,3,2,19,78,60,180,4,5
2691,13,283,14,1,3,3,76,77,0,300,3,5
2692,6,384,6,2,3,3,88,11,420,540,2,5
2693,4,172,4,2,3,2,59,25,420,540,2,5
2694,11,460,13,1,3,3,79,15,180,300,3,5
2695,14,161,15,1,3,3,30,46,0,300,4,5
2696,14,304,14,2,3,1,27,6,420,540,4,5
2697,11,212,12,1,3,2,78,100,180,300,3,5
2698,10,10,10,2,3,3,2,14,300,420,1,5
2699,14,83,15,2,3,2,68,2,420,540,4,5
2700,12,158,12,1,3,3,94,31,180,300,2,5
2701,13,251,14,1,3,1,56,19,60,180,3,5
2702,9,350,9,2,3,3,16,9,420,540,4,5
2703,7,512,8,1,3,1,86,98,180,300,4,5
2704,3,37,4,1,3,1,69,73,180,300,4,5
2705,11,112,11,2,3,2,72,13,300,600,2,5
2706,7,303,8,2,3,2,69,95,0,300,3,5
2707,5,559,7,1,3,3,36,90,180,300,2,5
2708,11,298,11,2,3,1,28,99,300,600,2,5
2709,14,517,15,2,3,3,44,73,60,180,1,5
2710,1,583,2,2,3,1,70,72,420,540,2,5
2711,13,247,13,2,3,3,90,100,420,540,2,5
2712,6,394,6,2,3,3,52,8,420,540,3,5
2713,12,590,14,1,3,1,26,86,0,300,3,5
2714,14,405,14,2,3,2,97,97,420,540,3,5
2715,7,210,7,2,3,1,57,92,300,600,2,5
2716,14,548,16,1,3,3,44,87,180,300,2,5
2717,5,254,6,2,3,3,27,69,300,600,3,5
2718,11,507,13,2,3,2,98,9,300,420,4,5
2719,8,161,10,2,3,2,26,5,300,600,3,5
2720,11,492,12,1,3,3,99,59,60,180,2,5
2721,9,279,9,2,3,2,63,80,300,420,2,5
2722,11,531,12,1,3,2,19,15,180,300,1,5
2723,12,291,12,2,3,1,4,80,300,600,2,5
2724,9,550,10,2,3,2,32,24,420,540,2,5
2725,6,58,7,1,3,3,88,19,180,300,1,5
2726,6,16,6,1,3,3,8,20,60,180,2,5
2727,11,194,11,2,3,3,97,85,300,600,2,5
2728,3,503,4,2,3,2,1,53,60,180,2,5
2729,12,463,14,1,3,2,7,78,180,300,3,5
2730,3,37,3,2,3,3,56,21,300,420,3,5
2731,2,447,3,2,3,1,69,95,180,300,4,5
2732,12,562,14,1,3,1,11,5,0,300,3,5
2733,7,595,9,1,3,2,45,76,180,300,2,5
2734,14,417,15,2,3,2,19,88,0,300,4,5
2735,4,11,5,2,3,2,25,62,300,420,3,5
2736,12,556,13,1,3,3,90,73,180,300,1,5
2737,8,246,9,1,3,2,95,6,0,300,4,5
2738,7,125,9,1,3,3,7,34,0,300,1,5
2739,12,409,12,2,3,3,94,14,420,540,4,5
2740,14,154,14,1,3,1,2,97,180,300,2,5
2741,12,215,13,2,3,2,33,20,0,300,2,5
2742,2,48,2,2,3,2,99,56,180,300,2,5
2743,10,97,10,2,3,2,17,14,300,600,4,5
2744,12,36,14,2,3,1,75,85,60,180,4,5
2745,9,393,9,2,3,3,75,4,420,540,2,5
2746,11,58,12,1,3,3,62,2,60,180,3,5
2747,9,171,11,1,3,3,91,60,60,180,4,5
2748,6,313,7,1,3,3,30,44,180,300,4,5
2749,5,108,5,1,3,1,79,56,180,300,2,5
2750,5,458,7,1,3,2,49,17,60,180,4,5
2751,7,105,7,1,3,3,10,76,180,300,3,5
2752,3,421,5,1,3,2,64,98,0,300,4,5
2753,5,599,7,1,3,1,85,81,180,300,2,5
2754,8,471,10,2,3,2,0,95,0,300,4,5
2755,8,466,9,2,3,3,56,24,420,540,3,5
2756,1,131,1,2,3,2,34,54,300,420,2,5
2757,12,469,14,1,3,2,74,86,180,300,3,5
2758,5,85,5,2,3,2,76,26,300,600,2,5
2759,3,590,5,2,3,2,92,0,420,540,3,5
2760,8,6,8,2,3,1,24,74,180,300,3,5
2761,9,506,10,1,3,1,4,35,180,300,3,5
2762,2,203,2,2,3,3,81,72,420,540,2,5
2763,13,262,14,1,3,3,95,15,60,180,2,5
2764,11,4,12,1,3,2,28,64,0,300,1,5
2765,8,488,10,1,3,3,14,76,60,180,1,5
2766,1,297,3,2,3,3,93,39,60,180,2,5
2767,12,28,14,1,3,2,74,4,60,180,3,5
2768,14,267,15,2,3,1,18,44,180,300,1,5
2769,10,323,10,2,3,3,54,63,420,540,1,5
2770,4,43,4,2,3,2,0,41,60,180,1,5
2771,13,565,15,2,3,1,75,24,420,540,3,5
2772,13,102,13,1,3,3,100,71,180,300,3,5
2773,13,249,13,2,3,2,52,58,420,540,3,5
2774,1,242,2,1,3,1,53,96,60,180,4,5
2775,8,573,9,1,3,1,24,33,180,300,2,5
2776,5,198,5,2,3,2,13,47,300,600,4,5
2777,11,463,12,1,3,2,84,8,0,300,4,5
2778,4,121,5,1,3,2,98,87,180,300,1,5
2779,14,557,16,1,3,3,84,11,0,300,4,5
2780,13,88,13,1,3,3,51,63,180,300,1,5
2781,5,197,6,1,3,1,87,93,0,300,3,5
2782,8,18,8,1,3,1,32,15,60,180,1,5
2783,7,424,8,1,3,2,93,23,0,300,1,5
2784,3,464,5,2,3,3,32,25,420,540,4,5
2785,13,447,14,2,3,3,33,21,180,300,2,5
2786,2,455,3,1,3,2,96,17,60,180,1,5
2787,3,599,5,2,3,1,68,8,60,180,1,5
2788,12,443,14,1,3,2,75,99,60,180,4,5
2789,10,422,12,1,3,1,95,77,180,300,3,5
2790,10,544,11,2,3,2,45,44,420,540,2,5
2791,4,42,4,1,3,2,61,18,60,180,4,5
2792,6,320,6,2,3,1,17,28,420,540,1,5
2793,8,260,8,2,3,1,16,16,300,600,3,5
2794,14,556,16,1,3,1,92,4,60,180,3,5
2795,5,1,6,1,3,3,62,34,180,300,4,5
2796,13,73,14,1,3,2,98,4,180,300,3,5
2797,11,218,11,2,3,2,87,4,300,600,1,5
2798,4,442,6,1,3,1,98,59,180,300,1,5
2799,10,255,11,2,3,3,89,91,0,300,4,5
2800,10,214,11,1,3,1,16,22,180,300,4,5
2801,1,350,2,1,3,3,67,30,0,300,4,5
2802,8,542,10,1,3,2,77,2,0,300,3,5
2803,4,346,4,2,3,2,16,73,420,540,3,5
2804,6,298,7,1,3,1,24,84,60,180,4,5
2805,4,592,5,1,3,1,85,45,0,300,4,5
2806,10,551,11,1,3,1,29,72,60,180,2,5
2807,5,133,5,1,3,3,71,19,180,300,1,5
2808,10,541,12,2,3,1,99,47,300,600,3,5
2809,5,114,5,1,3,1,77,4,180,300,3,5
2810,13,92,13,1,3,1,50,70,180,300,2,5
2811,9,17,9,2,3,2,26,53,300,600,3,5
2812,10,65,10,1,3,3,67,76,180,300,1,5
2813,1,573,2,2,3,1,33,86,60,180,4,5
2814,10,368,11,1,3,2,9,76,0,300,3,5
2815,5,345,5,2,3,1,14,10,420,540,4,5
2816,7,294,7,2,3,1,80,80,300,600,4,5
2817,10,295,10,2,3,3,39,44,420,540,4,5
2818,3,149,4,2,3,1,23,13,0,300,3,5
2819,13,285,14,1,3,3,35,15,180,300,1,5
2820,1,211,1,2,3,3,72,14,300,420,4,5
2821,2,399,2,2,3,1,19,7,420,540,2,5
2822,7,190,7,2,3,1,52,2,420,540,1,5
2823,3,154,4,2,3,1,27,9,0,300,3,5
2824,7,391,7,2,3,1,97,93,420,540,4,5
2825,13,77,13,2,3,1,29,31,300,420,1,5
2826,12,462,14,1,3,1,99,14,180,300,3,5
2827,9,407,10,1,3,1,79,92,60,180,2,5
2828,3,50,3,1,3,1,89,52,60,180,1,5
2829,4,484,6,1,3,1,29,42,180,300,3,5
2830,5,228,6,2,3,1,32,68,180,300,1,5
2831,12,156,12,2,3,3,78,87,420,540,3,5
2832,14,593,15,2,3,3,18,36,420,540,2,5
2833,6,498,7,2,3,3,94,29,180,300,2,5
2834,13,496,15,2,3,2,91,6,0,300,4,5
2835,13,302,13,2,3,3,87,52,420,540,3,5
2836,3,288,4,1,3,2,74,63,0,300,2,5
2837,7,159,7,1,3,2,48,34,180,300,3,5
2838,14,584,16,1,3,3,71,45,0,300,3,5
2839,2,378,2,2,3,1,70,1,420,540,4,5
2840,11,425,12,2,3,1,0,37,420,540,3,5
2841,11,182,11,2,3,2,65,72,300,420,1,5
2842,1,248,1,2,3,3,100,93,300,420,3,5
2843,12,594,13,2,3,1,4,1,420,540,3,5
2844,3,386,4,2,3,3,62,76,180,300,4,5
2845,2,483,3,1,3,2,2,80,180,300,2,5
2846,13,269,13,2,3,2,43,99,300,420,1,5
2847,14,60,14,1,3,3,41,24,180,300,1,5
2848,10,131,10,2,3,3,95,32,300,600,2,5
2849,6,573,8,2,3,1,62,71,420,540,4,5
2850,9,148,9,2,3,3,43,96,180,300,2,5
2851,4,95,5,2,3,3,60,17,420,540,2,5
2852,10,366,10,2,3,3,57,81,420,540,1,5
2853,14,189,14,2,3,2,88,14,420,540,3,5
2854,4,77,4,2,3,1,17,35,420,540,2,5
2855,11,78,12,1,3,3,0,27,0,300,3,5
2856,14,204,15,1,3,2,45,96,180,300,3,5
2857,10,497,11,1,3,1,9,94,0,300,4,5
2858,1,439,2,1,3,2,23,78,60,180,4,5
2859,7,4,7,1,3,3,17,34,60,180,4,5
2860,7,241,7,2,3,1,14,35,420,540,1,5
2861,10,174,11,1,3,3,95,60,60,180,2,5
2862,2,568,3,1,3,1,6,40,60,180,4,5
2863,4,509,5,1,3,2,72,82,180,300,2,5
2864,8,354,8,2,3,2,92,21,420,540,3,5
2865,13,118,13,1,3,1,44,99,180,300,3,5
2866,3,534,5,2,3,2,26,6,300,600,2,5
2867,8,328,8,2,3,3,73,2,420,540,1,5
2868,12,565,14,1,3,2,70,21,180,300,3,5
2869,9,159,11,2,3,3,65,97,420,540,4,5
2870,1,143,1,2,3,1,22,43,420,540,1,5
2871,2,203,2,2,3,1,1,84,420,540,1,5
2872,13,516,14,1,3,3,34,2,60,180,2,5
2873,2,176,3,1,3,2,2,77,60,180,1,5
2874,2,65,2,1,3,2,88,9,180,300,3,5
2875,6,366,6,2,3,2,91,100,420,540,3,5
2876,14,60,15,1,3,2,76,58,60,180,3,5
2877,5,357,6,1,3,3,14,70,0,300,2,5
2878,5,104,5,1,3,3,7,25,180,300,4,5
2879,11,440,12,2,3,2,14,88,300,600,4,5
2880,5,507,7,1,3,2,2,70,0,300,3,5
2881,8,566,9,1,3,3,1,0,0,300,3,5
2882,14,367,15,1,3,1,75,38,60,180,1,5
2883,1,6,1,2,3,2,92,82,300,420,2,5
2884,12,109,13,1,3,3,73,30,60,180,3,5
2885,6,477,8,1,3,1,28,79,0,300,2,5
2886,14,138,14,1,3,3,27,92,180,300,1,5
2887,13,473,14,1,3,2,85,21,0,300,4,5
2888,5,239,5,2,3,1,41,37,300,600,2,5
2889,14,146,14,2,3,3,11,98,300,600,2,5
2890,14,80,14,1,3,2,90,31,180,300,2,5
2891,2,446,4,2,3,2,42,99,300,600,3,5
2892,7,407,8,1,3,3,39,76,0,300,1,5
2893,11,200,12,1,3,1,46,94,60,180,2,5
2894,3,245,3,2,3,1,84,45,300,600,3,5
2895,13,595,14,2,3,2,38,45,300,600,2,5
2896,6,395,7,1,3,3,81,65,180,300,2,5
2897,13,129,13,2,3,3,53,0,180,300,4,5
2898,12,398,12,2,3,3,24,41,420,540,2,5
2899,2,426,4,2,3,3,7,6,0,300,4,5
2900,6,422,7,1,3,1,17,73,0,300,2,5
2901,10,502,11,2,3,1,5,55,60,180,1,5
2902,11,305,12,2,3,2,35,46,60,180,4,5
2903,9,7,9,2,3,1,60,38,0,300,2,5
2904,5,580,6,1,3,3,77,66,60,180,2,5
2905,5,11,6,1,3,2,80,64,0,300,2,5
2906,8,430,10,2,3,3,96,79,300,600,4,5
2907,4,386,5,1,3,2,7,79,60,180,4,5
2908,2,273,3,1,3,2,83,12,180,300,3,5
2909,1,493,3,1,3,1,28,61,180,300,2,5
2910,9,255,9,2,3,3,92,72,300,600,3,5
2911,6,320,6,2,3,3,73,32,420,540,3,5
2912,3,427,5,2,3,2,47,94,60,180,1,5
2913,1,92,1,1,3,2,93,69,180,300,4,5
2914,6,330,7,2,3,1,79,88,60,180,1,5
2915,1,40,1,2,3,3,24,8,180,300,2,5
2916,6,423,7,1,3,1,55,80,0,300,1,5
2917,1,27,2,2,3,3,10,42,60,180,2,5
2918,12,480,14,1,3,3,84,98,180,300,3,5
2919,9,425,11,1,3,2,27,48,0,300,2,5
2920,10,239,10,2,3,2,81,47,300,600,1,5
2921,8,509,9,1,3,1,50,36,180,300,3,5
2922,2,131,2,1,3,3,42,11,180,300,1,5
2923,4,378,6,1,3,2,47,52,60,180,4,5
2924,7,542,8,1,3,1,62,31,180,300,4,5
2925,2,123,2,2,3,3,88,36,420,540,1,5
2926,10,192,10,2,3,3,66,61,420,540,1,5
2927,8,118,8,2,3,1,58,9,420,540,4,5
2928,12,519,14,1,3,1,66,17,60,180,1,5
2929,8,501,9,2,3,1,57,66,60,180,2,5
2930,6,262,6,2,3,1,75,3,420,540,1,5
2931,10,555,11,1,3,1,73,72,0,300,2,5
2932,14,187,14,2,3,2,78,51,420,540,1,5
2933,12,371,12,2,3,1,7,31,420,540,1,5
2934,9,413,9,2,3,2,29,57,420,540,1,5
2935,6,590,7,1,3,2,90,40,0,300,4,5
2936,3,315,3,2,3,2,70,10,420,540,4,5
2937,8,523,9,2,3,2,84,64,180,300,2,5
2938,2,373,2,2,3,1,44,45,420,540,2,5
2939,2,31,2,2,3,2,82,34,0,300,2,5
2940,10,60,10,1,3,3,30,2,180,300,3,5
2941,14,316,14,2,3,3,77,48,420,540,2,5
2942,10,381,10,2,3,2,24,29,420,540,1,5
2943,1,489,3,1,3,2,73,82,0,300,1,5
2944,9,104,9,1,3,1,6,13,180,300,2,5
2945,4,185,4,2,3,2,91,86,420,540,3,5
2946,5,339,7,1,3,1,47,82,0,300,1,5
2947,1,54,1,2,3,1,39,6,300,600,1,5
2948,10,412,11,2,3,2,86,97,300,420,3,5
2949,4,16,4,1,3,3,34,77,60,180,2,5
2950,5,564,6,1,3,1,34,50,0,300,1,5
2951,5,56,5,1,3,1,83,100,60,180,4,5
2952,2,180,2,2,3,1,33,42,180,300,2,5
2953,2,529,3,1,3,2,40,79,180,300,4,5
2954,4,150,5,1,3,3,13,68,60,180,4,5
2955,5,326,5,2,3,1,18,85,420,540,3,5
2956,6,265,7,2,3,2,77,76,300,420,3,5
2957,14,484,16,1,3,1,12,8,0,300,4,5
2958,5,491,7,1,3,2,70,26,60,180,1,5
2959,9,507,11,1,3,3,11,31,0,300,1,5
2960,13,580,15,1,3,2,97,0,180,300,2,5
2961,4,451,5,2,3,1,68,82,0,300,2,5
2962,4,114,4,2,3,2,6,18,180,300,1,5
2963,2,598,4,1,3,3,58,54,0,300,1,5
2964,13,504,14,2,3,1,89,41,0,300,1,5
2965,3,581,4,1,3,3,28,43,60,180,4,5
2966,4,194,4,2,3,3,91,18,420,540,2,5
2967,6,96,6,2,3,2,92,58,420,540,3,5
2968,1,172,3,1,3,2,7,86,180,300,1,5
2969,4,291,4,2,3,2,78,90,300,420,4,5
2970,1,536,2,1,3,3,4,86,180,300,3,5
2971,2,398,2,2,3,3,16,13,420,540,4,5
2972,12,395,12,2,3,1,91,6,420,540,1,5
2973,12,302,13,1,3,3,39,8,60,180,4,5
2974,2,449,4,1,3,1,99,19,0,300,2,5
2975,2,399,2,2,3,1,99,8,420,540,2,5
2976,2,210,2,2,3,3,49,90,420,540,1,5
2977,8,350,8,2,3,2,20,69,420,540,1,5
2978,7,588,9,1,3,1,35,94,180,300,4,5
2979,2,422,4,2,3,3,16,90,0,300,1,5
2980,11,275,12,1,3,3,47,30,180,300,1,5
2981,12,557,13,2,3,1,64,5,300,600,2,5
2982,14,178,15,1,3,3,46,58,0,300,4,5
2983,1,142,1,1,3,3,48,62,180,300,2,5
2984,6,544,7,1,3,2,61,43,60,180,1,5
2985,11,263,12,2,3,1,24,17,420,540,3,5
2986,2,413,2,2,3,3,26,96,420,540,1,5
2987,9,149,9,1,3,2,93,99,180,300,1,5
2988,5,190,5,2,3,2,95,73,420,540,4,5
2989,8,343,8,2,3,3,5,52,420,540,4,5
2990,4,255,4,2,3,1,17,21,300,600,1,5
2991,1,426,2,1,3,1,9,30,0,300,1,5
2992,3,459,5,1,3,2,85,79,180,300,1,5
2993,14,316,15,1,3,2,41,20,60,180,4,5
2994,5,119,5,2,3,1,95,68,420,540,3,5
2995,13,356,13,2,3,1,11,19,420,540,1,5
2996,11,151,12,1,3,2,94,87,0,300,3,5
2997,5,274,6,2,3,3,78,12,60,180,2,5
2998,10,78,10,2,3,3,33,37,180,300,2,5
2999,11,178,11,1,3,3,44,81,180,300,1,5
3000,14,585,15,1,3,2,99,38,60,180,1,5
3001,1,2,1,1,3,2,40,68,60,180,3,5
3002,13,324,14,2,3,2,71,96,60,180,3,5
3003,4,258,4,2,3,1,2,49,420,540,1,5
3004,12,560,14,2,3,1,84,45,60,180,3,5
3005,13,8,14,1,3,2,33,67,0,300,2,5
3006,13,564,14,1,3,3,22,20,60,180,3,5
3007,5,276,5,2,3,3,9,7,300,600,4,5
3008,13,493,14,1,3,1,39,55,60,180,4,5
3009,9,448,10,1,3,3,62,36,0,300,2,5
3010,14,250,14,2,3,3,73,9,300,420,2,5
3011,12,592,14,2,3,3,71,14,180,300,3,5
3012,10,114,10,1,3,1,73,66,180,300,2,5
3013,2,447,4,1,3,1,42,21,180,300,3,5
3014,6,146,6,2,3,1,81,84,300,600,4,5
3015,3,12,3,2,3,1,98,43,60,180,4,5
3016,4,88,6,1,3,1,99,44,180,300,3,5
3017,7,426,8,1,3,2,89,61,60,180,3,5
3018,10,148,10,1,3,3,29,22,180,300,4,5
3019,11,344,12,1,3,2,30,37,60,180,4,5
3020,12,92,13,1,3,1,100,74,180,300,4,5
3021,1,394,2,1,3,1,36,0,60,180,3,5
3022,11,535,12,2,3,1,75,63,0,300,1,5
3023,6,92,6,1,3,1,32,17,180,300,2,5
3024,11,489,13,1,3,1,96,40,60,180,1,5
3025,7,551,8,1,3,1,69,48,60,180,2,5
3026,8,426,9,2,3,1,90,34,180,300,4,5
3027,3,300,3,2,3,3,90,79,420,540,4,5
3028,11,468,13,1,3,1,51,11,60,180,4,5
3029,6,24,6,1,3,1,11,71,60,180,1,5
3030,4,124,5,1,3,2,56,51,60,180,4,5
3031,13,135,14,1,3,1,13,60,60,180,1,5
3032,8,527,9,1,3,3,30,95,60,180,1,5
3033,14,417,14,2,3,1,90,41,420,540,3,5
3034,14,482,16,2,3,1,77,83,60,180,2,5
3035,2,32,3,1,3,2,33,5,0,300,3,5
3036,12,271,13,2,3,1,18,86,420,540,1,5
3037,8,12,8,1,3,3,42,99,60,180,2,5
3038,12,347,12,2,3,2,41,58,420,540,3,5
3039,14,154,15,2,3,2,56,95,60,180,2,5
3040,3,398,3,2,3,2,28,99,420,540,3,5
3041,3,62,3,1,3,3,79,81,180,300,3,5
3042,2,160,2,1,3,3,94,45,180,300,2,5
3043,10,308,10,2,3,2,96,93,420,540,4,5
3044,13,515,15,2,3,2,21,6,0,300,3,5
3045,12,207,12,2,3,3,94,33,300,420,1,5
3046,14,494,16,1,3,1,86,82,60,180,4,5
3047,3,552,5,1,3,2,88,98,60,180,3,5
3048,12,380,14,2,3,1,77,33,0,300,2,5
3049,9,530,11,2,3,3,23,30,300,420,3,5
3050,13,196,14,2,3,2,42,37,180,300,2,5
3051,14,466,15,2,3,3,95,64,420,540,1,5
3052,9,0,10,1,3,1,64,51,0,300,1,5
3053,13,201,13,2,3,3,73,83,420,540,3,5
3054,11,500,12,1,3,1,87,20,0,300,3,5
3055,6,32,6,1,3,1,7,87,60,180,4,5
3056,8,353,8,2,3,1,49,57,420,540,2,5
3057,8,257,8,2,3,2,45,21,300,600,2,5
3058,6,115,7,2,3,1,98,68,300,600,4,5
3059,14,369,15,1,3,3,58,6,60,180,2,5
3060,9,324,11,2,3,3,14,66,420,540,3,5
3061,6,68,6,1,3,2,65,27,180,300,3,5
3062,2,462,3,1,3,2,28,20,180,300,3,5
3063,5,244,6,2,3,1,97,62,300,420,1,5
3064,7,17,8,1,3,3,47,5,180,300,1,5
3065,10,96,10,2,3,3,67,48,420,540,2,5
3066,3,254,4,1,3,2,80,27,0,300,4,5
3067,6,554,8,1,3,1,5,39,60,180,3,5
3068,5,457,7,2,3,2,90,4,60,180,1,5
3069,12,349,12,2,3,3,89,2,420,540,4,5
3070,1,269,1,2,3,2,74,65,300,420,4,5
3071,5,327,5,2,3,2,74,8,420,540,2,5
3072,14,562,16,1,3,3,53,65,0,300,1,5
3073,5,516,6,1,3,3,59,25,60,180,2,5
3074,3,227,3,2,3,1,27,84,300,600,1,5
3075,10,87,10,1,3,2,10,66,180,300,1,5
3076,11,138,11,1,3,2,68,45,180,300,3,5
3077,5,582,7,2,3,1,81,16,300,600,2,5
3078,7,373,7,2,3,1,97,35,420,540,1,5
3079,3,577,4,1,3,3,19,96,0,300,4,5
3080,2,561,4,1,3,3,79,55,0,300,3,5
3081,1,462,3,1,3,3,99,98,60,180,1,5
3082,13,28,13,1,3,3,82,70,60,180,3,5
3083,13,201,14,2,3,1,22,34,300,600,3,5
3084,2,245,2,2,3,1,36,8,300,600,3,5
3085,4,27,4,2,3,3,31,74,180,300,2,5
3086,11,532,13,1,3,2,37,65,180,300,1,5
3087,12,1,12,2,3,1,41,77,300,600,2,5
3088,5,395,5,2,3,3,2,34,420,540,4,5
3089,14,239,14,2,3,3,13,96,300,600,4,5
3090,7,45,8,2,3,3,6,60,180,300,2,5
3091,8,47,8,1,3,1,30,51,60,180,2,5
3092,10,144,10,1,3,1,18,71,180,300,4,5
3093,3,400,4,1,3,2,26,47,60,180,2,5
3094,13,250,14,1,3,1,9,81,0,300,2,5
3095,11,508,13,2,3,1,7,76,300,420,1,5
3096,2,523,3,1,3,1,22,40,0,300,4,5
3097,5,424,7,1,3,2,64,80,0,300,2,5
3098,1,496,2,1,3,1,41,20,60,180,3,5
3099,3,63,3,1,3,1,52,43,180,300,4,5
3100,10,322,10,2,3,2,55,77,420,540,3,5
3101,10,396,11,2,3,2,84,82,300,420,2,5
3102,4,317,4,2,3,3,37,73,420,540,3,5
3103,13,53,13,1,3,1,18,86,60,180,1,5
3104,9,207,10,1,3,2,7,24,60,180,4,5
3105,9,498,10,1,3,1,93,16,0,300,2,5
3106,3,449,4,2,3,2,63,52,60,180,3,5
3107,3,386,3,2,3,3,64,70,420,540,3,5
3108,4,513,5,1,3,1,0,100,180,300,2,5
3109,11,95,11,1,3,3,38,67,180,300,4,5
3110,7,600,9,1,3,2,42,67,0,300,4,5
3111,8,260,8,2,3,3,53,36,420,540,3,5
3112,1,514,3,1,3,2,27,2,0,300,3,5
3113,8,219,9,1,3,3,31,19,180,300,4,5
3114,11,519,12,2,3,3,93,79,0,300,4,5
3115,4,94,4,1,3,3,23,39,180,300,3,5
3116,10,225,11,1,3,3,55,93,180,300,1,5
3117,12,348,13,2,3,1,21,54,300,600,2,5
3118,13,193,14,1,3,3,52,52,180,300,1,5
3119,2,343,2,2,3,2,90,97,420,540,4,5
3120,7,139,7,2,3,1,23,27,180,300,3,5
3121,4,595,6,1,3,2,61,35,180,300,3,5
3122,12,115,12,1,3,3,6,90,180,300,4,5
3123,2,548,4,1,3,1,27,93,60,180,1,5
3124,10,276,10,2,3,3,67,74,420,540,4,5
3125,13,137,14,2,3,2,62,92,180,300,4,5
3126,10,375,10,2,3,2,72,23,420,540,2,5
3127,9,374,9,2,3,2,77,17,420,540,3,5
3128,11,72,12,1,3,3,95,38,0,300,2,5
3129,2,545,4,2,3,1,60,83,180,300,1,5
3130,10,262,11,1,3,3,78,51,60,180,1,5
3131,5,55,7,1,3,1,26,37,0,300,2,5
3132,12,26,12,2,3,1,13,94,0,300,3,5
3133,4,349,5,1,3,2,5,69,60,180,2,5
3134,14,472,15,1,3,2,24,1,180,300,3,5
3135,12,362,12,2,3,1,24,91,420,540,3,5
3136,3,175,3,2,3,3,97,100,420,540,2,5
3137,8,316,8,2,3,1,2,41,420,540,4,5
3138,10,393,11,1,3,1,0,37,0,300,3,5
3139,3,395,3,2,3,2,96,16,420,540,4,5
3140,7,79,7,1,3,3,21,60,180,300,3,5
3141,8,18,8,1,3,2,55,41,60,180,2,5
3142,12,261,13,1,3,2,30,10,0,300,2,5
3143,13,411,13,2,3,2,58,83,420,540,3,5
3144,1,60,1,1,3,3,46,18,180,300,3,5
3145,12,598,13,2,3,1,20,94,300,420,3,5
3146,7,540,8,1,3,3,78,9,60,180,2,5
3147,8,307,9,1,3,2,26,8,180,300,4,5
3148,4,358,6,2,3,1,58,62,420,540,3,5
3149,2,375,2,2,3,2,22,15,420,540,2,5
3150,1,201,2,1,3,2,98,51,0,300,3,5
3151,6,198,6,2,3,3,94,75,420,540,4,5
3152,4,387,5,1,3,1,17,40,0,300,1,5
3153,1,547,3,2,3,2,34,38,60,180,3,5
3154,5,469,6,1,3,2,14,6,60,180,2,5
3155,9,242,10,1,3,2,8,75,180,300,2,5
3156,5,595,7,1,3,2,32,30,0,300,4,5
3157,14,207,15,1,3,3,34,30,0,300,4,5
3158,4,554,5,1,3,1,54,66,60,180,2,5
3159,5,218,5,2,3,2,80,71,300,600,3,5
3160,1,3,2,2,3,3,54,25,0,300,1,5
3161,7,302,7,2,3,1,88,25,420,540,4,5
3162,8,419,8,2,3,3,70,31,420,540,1,5
3163,2,490,3,1,3,2,66,79,60,180,3,5
3164,5,30,6,1,3,2,25,74,0,300,2,5
3165,11,123,11,2,3,2,94,77,180,300,4,5
3166,9,576,11,1,3,1,75,25,0,300,3,5
3167,5,397,5,2,3,2,47,88,420,540,1,5
3168,2,153,2,1,3,3,87,72,180,300,2,5
3169,1,362,1,2,3,2,7,83,420,540,3,5
3170,7,8,7,1,3,2,0,44,60,180,1,5
3171,4,459,6,1,3,3,18,93,0,300,2,5
3172,14,439,15,1,3,1,94,90,60,180,3,5
3173,14,421,16,1,3,1,8,88,180,300,3,5
3174,13,392,13,2,3,3,12,85,420,540,1,5
3175,2,414,3,2,3,3,66,98,180,300,4,5
3176,3,493,4,1,3,2,49,80,0,300,4,5
3177,6,33,7,1,3,2,70,58,180,300,1,5
3178,11,1,11,1,3,2,68,7,60,180,3,5
3179,11,39,12,1,3,2,55,98,0,300,3,5
3180,11,563,12,1,3,2,17,54,180,300,4,5
3181,11,476,13,1,3,2,9,6,60,180,1,5
3182,6,158,6,2,3,2,14,37,300,420,2,5
3183,1,166,1,2,3,1,11,97,420,540,4,5
3184,8,203,8,2,3,2,11,98,420,540,4,5
3185,1,63,1,1,3,3,83,49,180,300,4,5
3186,1,570,2,2,3,1,22,30,60,180,1,5
3187,8,520,10,1,3,2,2,47,0,300,4,5
3188,14,535,16,1,3,2,66,77,180,300,1,5
3189,9,538,10,2,3,2,74,22,180,300,4,5
3190,14,411,15,1,3,1,97,84,60,180,3,5
3191,11,199,11,2,3,3,60,99,420,540,1,5
3192,1,64,1,1,3,2,8,52,180,300,1,5
3193,3,98,3,2,3,2,82,100,420,540,1,5
3194,2,153,2,1,3,2,50,53,180,300,1,5
3195,14,245,15,1,3,3,59,84,180,300,4,5
3196,4,450,6,1,3,2,99,56,0,300,4,5
3197,2,454,4,1,3,3,31,3,180,300,2,5
3198,2,398,3,1,3,3,32,49,180,300,4,5
3199,7,181,7,2,3,1,100,73,420,540,4,5
3200,14,158,14,1,3,2,55,90,180,300,1,5
3201,9,183,9,2,3,1,92,51,420,540,2,5
3202,11,68,11,1,3,3,65,88,180,300,1,5
3203,2,115,3,1,3,2,42,48,60,180,4,5
3204,13,18,13,2,3,1,25,22,60,180,4,5
3205,9,298,9,2,3,1,75,86,300,600,3,5
3206,2,363,2,2,3,1,80,50,420,540,3,5
3207,2,452,3,1,3,1,52,71,0,300,3,5
3208,5,489,7,2,3,3,0,15,60,180,4,5
3209,3,229,3,2,3,3,64,71,300,420,2,5
3210,3,69,3,1,3,2,86,97,180,300,4,5
3211,13,66,13,2,3,2,49,23,420,540,2,5
3212,9,164,9,2,3,1,11,61,420,540,3,5
3213,14,214,16,2,3,3,12,48,420,540,3,5
3214,6,120,6,1,3,1,3,14,180,300,2,5
3215,3,417,3,2,3,1,46,41,420,540,4,5
3216,10,373,10,2,3,3,81,40,420,540,2,5
3217,12,368,12,2,3,2,34,98,420,540,3,5
3218,5,248,5,2,3,3,90,95,300,420,2,5
3219,3,294,4,1,3,3,29,50,180,300,4,5
3220,13,147,13,1,3,1,19,0,180,300,1,5
3221,8,249,8,2,3,2,100,59,420,540,2,5
3222,10,37,10,1,3,2,51,37,60,180,2,5
3223,5,588,6,1,3,3,59,72,180,300,3,5
3224,9,337,9,2,3,1,47,34,420,540,1,5
3225,11,569,13,1,3,2,70,78,180,300,3,5
3226,10,280,10,2,3,1,7,74,300,600,3,5
3227,5,291,6,1,3,2,83,52,60,180,1,5
3228,7,127,8,1,3,1,22,94,60,180,2,5
3229,6,362,6,2,3,1,57,71,420,540,2,5
3230,7,448,8,2,3,1,47,52,420,540,1,5
3231,4,259,5,1,3,2,81,16,180,300,3,5
3232,5,3,5,1,3,1,82,74,60,180,1,5
3233,7,299,7,2,3,1,89,100,300,600,3,5
3234,1,300,2,2,3,3,88,3,180,300,3,5
3235,4,273,5,1,3,1,92,63,0,300,2,5
3236,3,235,3,2,3,3,21,78,300,600,4,5
3237,13,353,13,2,3,2,99,67,420,540,2,5
3238,12,598,13,1,3,3,97,1,60,180,2,5
3239,7,235,7,2,3,2,59,51,300,420,1,5
3240,3,316,4,2,3,1,25,58,60,180,2,5
3241,1,134,1,1,3,1,3,62,180,300,1,5
3242,2,281,2,2,3,3,28,35,420,540,1,5
3243,3,298,3,2,3,3,72,87,420,540,1,5
3244,4,359,4,2,3,2,25,48,420,540,3,5
3245,6,428,7,2,3,3,62,86,420,540,4,5
3246,2,398,2,2,3,3,12,16,420,540,3,5
3247,6,445,7,1,3,3,25,7,180,300,2,5
3248,7,246,8,1,3,2,75,92,180,300,1,5
3249,4,436,6,2,3,2,38,1,0,300,4,5
3250,14,460,16,2,3,1,34,85,0,300,1,5
3251,8,475,9,1,3,1,81,21,180,300,3,5
3252,10,226,11,2,3,2,89,8,60,180,2,5
3253,7,19,8,1,3,1,36,67,0,300,2,5
3254,7,32,7,1,3,2,81,22,60,180,3,5
3255,13,325,14,1,3,2,0,93,60,180,4,5
3256,5,478,7,2,3,3,30,33,300,600,2,5
3257,10,222,10,2,3,2,13,52,420,540,3,5
3258,10,321,11,2,3,3,85,24,300,600,4,5
3259,9,495,11,1,3,2,31,23,0,300,4,5
3260,3,187,4,1,3,1,96,38,180,300,4,5
3261,12,113,13,1,3,3,49,97,60,180,1,5
3262,4,83,6,1,3,1,92,26,180,300,2,5
3263,5,431,7,1,3,1,8,60,180,300,1,5
3264,5,262,5,2,3,1,94,46,300,600,2,5
3265,6,370,6,2,3,3,9,64,420,540,1,5
3266,1,419,2,1,3,2,25,25,180,300,1,5
3267,9,377,9,2,3,1,35,64,420,540,1,5
3268,6,286,6,2,3,2,33,88,300,600,1,5
3269,11,556,12,1,3,1,49,89,60,180,1,5
3270,12,493,13,1,3,3,90,71,60,180,3,5
3271,4,129,4,1,3,3,42,43,180,300,1,5
3272,13,292,13,2,3,1,36,19,300,420,4,5
3273,9,366,10,1,3,1,28,19,180,300,2,5
3274,9,48,9,2,3,1,68,85,0,300,4,5
3275,7,101,9,1,3,1,50,35,0,300,2,5
3276,3,492,5,2,3,1,39,28,0,300,3,5
3277,6,500,7,1,3,1,94,45,180,300,1,5
3278,14,317,14,2,3,3,46,24,420,540,1,5
3279,8,35,9,1,3,1,24,21,180,300,1,5
3280,10,486,11,1,3,2,100,82,180,300,2,5
3281,7,74,8,1,3,3,26,86,0,300,4,5
3282,2,416,2,2,3,3,11,28,420,540,4,5
3283,6,290,7,1,3,3,16,49,60,180,2,5
3284,14,76,14,1,3,3,37,66,180,300,3,5
3285,11,373,12,2,3,3,46,44,180,300,4,5
3286,7,178,7,1,3,3,13,12,180,300,2,5
3287,3,412,4,1,3,3,49,12,180,300,4,5
3288,12,9,12,1,3,2,96,18,60,180,3,5
3289,13,142,13,1,3,2,31,91,180,300,1,5
3290,7,385,7,2,3,3,1,83,420,540,3,5
3291,10,301,10,2,3,3,12,43,420,540,1,5
3292,5,432,7,1,3,2,29,51,180,300,4,5
3293,1,515,3,1,3,3,16,57,0,300,2,5
3294,3,400,3,2,3,3,47,10,420,540,4,5
3295,3,100,4,1,3,1,61,70,180,300,3,5
3296,3,469,5,1,3,2,33,33,60,180,1,5
3297,3,306,3,2,3,1,27,26,420,540,1,5
3298,9,293,10,1,3,1,51,34,0,300,1,5
3299,10,370,10,2,3,1,11,72,420,540,3,5
3300,11,145,12,2,3,1,73,30,420,540,1,5
3301,4,384,4,2,3,3,31,24,420,540,1,5
3302,9,49,9,1,3,1,24,66,60,180,3,5
3303,13,479,15,1,3,1,59,63,180,300,1,5
3304,10,502,11,1,3,1,16,92,180,300,3,5
3305,6,364,6,2,3,3,71,56,420,540,1,5
3306,9,81,9,2,3,3,81,32,180,300,2,5
3307,9,230,9,2,3,2,13,15,300,420,1,5
3308,7,243,8,1,3,1,12,94,60,180,3,5
3309,5,395,5,2,3,2,86,33,420,540,1,5
3310,7,181,8,1,3,3,11,96,180,300,2,5
3311,4,236,5,1,3,2,7,13,0,300,3,5
3312,1,415,2,1,3,2,73,35,180,300,3,5
3313,7,188,7,2,3,2,32,58,300,420,3,5
3314,7,536,8,1,3,3,20,0,60,180,4,5
3315,13,387,13,2,3,1,87,41,420,540,4,5
3316,10,201,11,2,3,2,0,2,0,300,2,5
3317,13,406,14,2,3,3,9,95,60,180,3,5
3318,3,374,4,1,3,1,24,32,60,180,4,5
3319,7,358,7,2,3,3,29,20,420,540,4,5
3320,1,532,2,1,3,1,66,9,60,180,1,5
3321,11,209,11,2,3,3,28,51,300,420,4,5
3322,8,158,8,2,3,3,9,65,180,300,3,5
3323,8,393,9,1,3,1,25,43,0,300,1,5
3324,7,199,8,1,3,2,31,95,180,300,4,5
3325,5,496,7,1,3,2,40,71,0,300,1,5
3326,12,412,14,1,3,2,45,64,60,180,3,5
3327,6,141,6,2,3,3,61,0,420,540,3,5
3328,6,568,8,1,3,1,69,57,0,300,1,5
3329,1,4,2,1,3,1,11,99,60,180,1,5
3330,10,211,10,2,3,2,3,59,420,540,3,5
3331,8,181,8,2,3,1,17,41,300,420,4,5
3332,11,223,11,2,3,2,48,81,420,540,4,5
3333,14,127,15,1,3,3,60,72,60,180,3,5
3334,13,112,13,1,3,1,34,52,180,300,3,5
3335,2,93,3,1,3,3,44,99,180,300,1,5
3336,4,593,5,1,3,1,82,99,60,180,4,5
3337,1,277,1,2,3,3,91,41,420,540,3,5
3338,7,255,8,1,3,3,44,90,0,300,2,5
3339,6,26,6,1,3,2,62,80,60,180,1,5
3340,9,343,9,2,3,3,19,0,420,540,4,5
3341,10,509,12,1,3,2,12,45,0,300,4,5
3342,8,539,9,1,3,3,31,89,0,300,3,5
3343,13,221,14,1,3,1,1,41,60,180,4,5
3344,10,140,11,1,3,3,17,53,60,180,1,5
3345,13,477,14,2,3,1,70,84,0,300,2,5
3346,2,216,3,1,3,3,22,97,180,300,3,5
3347,11,40,12,2,3,3,94,11,0,300,1,5
3348,13,79,14,2,3,3,96,70,300,420,2,5
3349,9,491,10,1,3,3,14,47,0,300,2,5
3350,12,281,14,1,3,1,48,35,0,300,2,5
3351,2,570,4,2,3,2,68,86,420,540,3,5
3352,7,77,8,1,3,1,28,77,0,300,4,5
3353,13,440,14,1,3,2,43,77,0,300,4,5
3354,12,400,12,2,3,3,73,66,420,540,2,5
3355,5,457,6,2,3,3,19,18,180,300,2,5
3356,5,320,5,2,3,2,23,76,420,540,1,5
3357,10,191,11,1,3,1,41,15,180,300,4,5
3358,3,564,5,1,3,3,15,28,0,300,1,5
3359,6,393,8,1,3,1,79,52,0,300,1,5
3360,13,220,14,1,3,3,33,34,60,180,1,5
3361,9,5,10,2,3,1,27,59,180,300,1,5
3362,3,353,4,1,3,3,5,84,0,300,4,5
3363,12,199,12,2,3,3,50,36,420,540,2,5
3364,9,193,9,2,3,3,40,51,300,600,4,5
3365,11,532,13,1,3,1,77,72,0,300,4,5
3366,1,355,1,2,3,3,81,68,420,540,1,5
3367,1,538,3,2,3,3,31,11,0,300,3,5
3368,2,318,3,1,3,2,63,4,0,300,1,5
3369,1,256,1,2,3,2,93,59,420,540,4,5
3370,7,599,8,2,3,3,96,92,180,300,4,5
3371,13,457,15,1,3,3,6,79,180,300,3,5
3372,13,244,13,2,3,2,23,10,300,600,1,5
3373,13,169,13,1,3,3,2,49,180,300,4,5
3374,9,59,9,1,3,3,20,52,60,180,4,5
3375,14,58,15,1,3,3,23,19,60,180,3,5
3376,8,364,9,1,3,2,2,4,0,300,3,5
3377,11,103,13,1,3,1,73,46,0,300,1,5
3378,12,25,13,1,3,2,65,36,180,300,3,5
3379,13,464,15,1,3,2,62,29,60,180,4,5
3380,12,566,14,2,3,1,9,90,300,420,3,5
3381,14,158,14,1,3,3,91,42,180,300,2,5
3382,1,320,1,2,3,1,40,58,420,540,3,5
3383,6,367,7,1,3,3,51,53,0,300,3,5
3384,1,508,3,1,3,2,99,84,60,180,1,5
3385,10,315,10,2,3,2,8,44,420,540,4,5
3386,7,534,8,1,3,1,69,99,60,180,1,5
3387,1,138,3,2,3,2,29,51,0,300,3,5
3388,4,138,4,2,3,2,29,63,420,540,4,5
3389,9,372,9,2,3,2,97,70,420,540,3,5
3390,5,451,6,1,3,1,36,38,0,300,4,5
3391,13,367,13,2,3,2,18,98,420,540,4,5
3392,11,8,11,2,3,1,62,31,300,600,4,5
3393,4,588,5,1,3,3,35,59,180,300,4,5
3394,13,114,13,1,3,2,43,15,180,300,1,5
3395,1,161,2,2,3,2,37,97,300,420,1,5
3396,5,6,5,2,3,2,82,82,300,420,3,5
3397,8,141,9,1,3,1,60,62,0,300,4,5
3398,11,427,12,2,3,2,30,71,300,420,4,5
3399,13,173,13,1,3,1,1,86,180,300,4,5
3400,10,259,10,2,3,3,3,54,420,540,2,5
3401,9,554,11,2,3,2,67,64,300,420,3,5
3402,12,14,13,1,3,1,82,79,0,300,1,5
3403,8,38,9,1,3,3,88,86,0,300,2,5
3404,3,15,5,1,3,3,56,18,0,300,3,5
3405,9,362,10,2,3,1,96,43,300,420,2,5
3406,13,105,13,1,3,2,26,87,180,300,1,5
3407,4,462,6,1,3,1,22,69,0,300,3,5
3408,4,143,4,2,3,1,66,14,300,420,3,5
3409,7,174,8,1,3,2,67,85,60,180,3,5
3410,10,405,10,2,3,3,43,68,420,540,2,5
3411,1,340,1,2,3,1,24,28,420,540,4,5
3412,11,112,11,1,3,1,63,6,180,300,1,5
3413,8,122,8,1,3,2,65,54,180,300,3,5
3414,13,90,13,1,3,2,66,52,180,300,2,5
3415,1,274,1,2,3,2,50,92,300,600,4,5
3416,7,13,8,1,3,1,8,87,0,300,2,5
3417,3,349,3,2,3,2,10,69,420,540,3,5
3418,8,332,9,2,3,2,58,64,60,180,4,5
3419,3,586,4,1,3,1,17,4,0,300,2,5
3420,5,12,5,1,3,1,78,75,60,180,4,5
3421,1,14,2,2,3,2,11,72,60,180,3,5
3422,14,361,15,1,3,2,92,6,60,180,4,5
3423,4,123,4,1,3,1,73,31,180,300,3,5
3424,12,442,13,1,3,3,76,98,60,180,3,5
3425,1,309,2,2,3,1,59,94,180,300,2,5
3426,13,549,15,1,3,3,81,3,180,300,1,5
3427,10,23,10,1,3,1,24,14,60,180,3,5
3428,13,163,13,1,3,3,80,15,180,300,3,5
3429,14,408,14,2,3,1,39,54,420,540,2,5
3430,7,415,7,2,3,2,82,85,420,540,2,5
3431,8,458,10,1,3,1,5,88,180,300,4,5
3432,2,263,2,2,3,3,38,11,300,600,3,5
3433,1,175,1,1,3,1,61,100,180,300,2,5
3434,11,253,11,2,3,1,2,82,420,540,2,5
3435,1,66,2,2,3,3,54,30,0,300,4,5
3436,7,132,7,2,3,1,92,44,180,300,4,5
3437,13,172,13,1,3,2,92,36,180,300,2,5
3438,13,4,13,1,3,1,96,46,60,180,4,5
3439,6,426,8,1,3,3,95,36,0,300,4,5
3440,5,485,6,2,3,3,28,19,180,300,2,5
3441,13,563,15,2,3,2,77,78,180,300,2,5
3442,1,390,1,2,3,2,49,52,420,540,2,5
3443,7,56,7,2,3,3,19,52,300,600,2,5
3444,3,75,3,1,3,1,9,68,180,300,4,5
3445,13,445,14,1,3,3,28,43,0,300,2,5
3446,4,204,4,2,3,1,28,18,420,540,3,5
3447,3,212,4,1,3,3,11,39,60,180,2,5
3448,12,103,12,1,3,3,55,14,180,300,2,5
3449,6,329,7,2,3,2,43,64,180,300,4,5
3450,14,486,16,2,3,2,64,56,0,300,3,5
3451,14,59,14,2,3,3,89,69,0,300,3,5
3452,12,509,14,1,3,1,51,76,0,300,4,5
3453,1,512,2,1,3,1,86,92,60,180,1,5
3454,8,308,9,2,3,3,44,51,60,180,2,5
3455,4,365,4,2,3,1,39,32,420,540,4,5
3456,1,557,2,1,3,3,88,79,0,300,3,5
3457,14,196,14,2,3,1,61,40,300,600,2,5
3458,14,598,16,1,3,1,48,99,180,300,1,5
3459,7,218,8,1,3,1,67,59,180,300,3,5
3460,10,295,10,2,3,3,83,38,300,420,3,5
3461,5,335,6,1,3,3,98,89,0,300,2,5
3462,14,265,14,2,3,1,44,13,420,540,2,5
3463,9,409,10,1,3,2,23,72,180,300,4,5
3464,13,47,13,1,3,1,37,50,60,180,3,5
3465,9,367,10,1,3,3,48,94,60,180,4,5
3466,6,529,7,1,3,2,50,42,0,300,3,5
3467,1,590,2,1,3,3,53,95,60,180,1,5
3468,6,439,8,2,3,2,45,18,300,600,1,5
3469,8,289,8,2,3,1,55,47,420,540,4,5
3470,1,547,3,1,3,1,35,16,180,300,1,5
3471,3,370,3,2,3,3,7,7,420,540,2,5
3472,11,458,13,1,3,1,17,17,180,300,1,5
3473,1,231,1,2,3,3,27,75,420,540,2,5
3474,7,480,9,2,3,2,64,75,300,600,1,5
3475,1,6,1,1,3,1,32,44,60,180,1,5
3476,10,270,11,2,3,3,6,50,420,540,1,5
3477,14,3,14,1,3,1,43,71,60,180,3,5
3478,10,46,10,1,3,1,29,79,60,180,3,5
3479,12,550,14,2,3,3,46,17,300,420,3,5
3480,8,482,10,1,3,2,68,54,60,180,1,5
3481,2,55,2,1,3,1,46,49,60,180,1,5
3482,6,447,8,1,3,1,60,70,0,300,1,5
3483,6,236,7,2,3,3,5,56,60,180,4,5
3484,11,1,11,1,3,3,5,5,60,180,1,5
3485,10,529,11,1,3,2,65,45,0,300,3,5
3486,11,323,12,2,3,1,73,85,300,600,2,5
3487,3,221,4,1,3,1,65,77,0,300,4,5
3488,11,64,12,2,3,2,25,35,420,540,1,5
3489,1,103,1,1,3,1,94,18,180,300,2,5
3490,5,400,5,2,3,2,70,1,420,540,1,5
3491,10,399,10,2,3,1,70,86,420,540,2,5
3492,14,341,14,2,3,2,31,22,420,540,4,5
3493,1,600,2,2,3,1,22,80,0,300,1,5
3494,3,144,3,1,3,2,28,45,180,300,4,5
3495,4,190,4,2,3,3,43,81,420,540,2,5
3496,2,441,4,1,3,3,62,97,180,300,4,5
3497,14,215,14,2,3,3,30,32,420,540,1,5
3498,1,274,3,1,3,3,96,25,180,300,4,5
3499,13,517,14,1,3,1,17,7,180,300,1,5
3500,9,496,11,2,3,3,93,21,0,300,2,5
3501,13,592,15,1,3,2,61,97,180,300,4,5
3502,3,542,4,1,3,1,68,77,180,300,3,5
3503,4,448,6,1,3,1,11,30,0,300,1,5
3504,2,513,3,1,3,3,17,55,60,180,4,5
3505,13,515,14,2,3,3,24,37,300,600,2,5
3506,4,266,5,1,3,3,1,86,0,300,4,5
3507,9,207,9,2,3,1,59,74,420,540,2,5
3508,13,475,15,2,3,1,90,24,420,540,4,5
3509,10,465,12,1,3,3,29,33,60,180,2,5
3510,6,484,8,1,3,3,69,52,180,300,4,5
3511,13,459,14,1,3,1,67,48,0,300,3,5
3512,9,313,11,2,3,2,28,23,300,420,2,5
3513,8,457,9,1,3,2,8,85,0,300,4,5
3514,7,560,8,2,3,1,0,72,0,300,4,5
3515,5,200,5,2,3,2,32,35,420,540,1,5
3516,14,28,14,1,3,2,39,69,60,180,4,5
3517,1,92,1,2,3,1,20,96,420,540,2,5
3518,10,143,10,1,3,2,2,71,180,300,3,5
3519,14,218,15,2,3,1,43,4,420,540,2,5
3520,14,390,14,2,3,2,38,15,420,540,2,5
3521,8,78,8,2,3,1,86,61,300,420,1,5
3522,9,190,9,2,3,3,41,68,300,420,3,5
3523,10,530,12,1,3,1,36,94,180,300,1,5
3524,8,428,9,1,3,1,97,6,60,180,1,5
3525,2,458,4,2,3,2,84,96,180,300,4,5
3526,5,486,7,1,3,2,3,89,180,300,4,5
3527,10,543,11,2,3,2,86,18,60,180,2,5
3528,5,377,6,1,3,1,79,34,180,300,1,5
3529,12,208,13,2,3,2,18,17,180,300,1,5
3530,6,425,8,1,3,1,50,95,60,180,2,5
3531,1,430,2,1,3,2,46,68,180,300,4,5
3532,6,17,7,1,3,1,98,10,0,300,2,5
3533,3,107,3,2,3,2,86,96,180,300,2,5
3534,6,439,8,1,3,1,44,17,60,180,2,5
3535,5,286,6,1,3,1,35,45,180,300,3,5
3536,11,70,12,2,3,3,15,30,300,420,3,5
3537,10,463,12,2,3,1,12,42,0,300,1,5
3538,5,418,5,2,3,1,80,64,420,540,1,5
3539,9,479,11,2,3,2,33,51,0,300,3,5
3540,2,250,3,1,3,3,57,29,60,180,2,5
3541,14,379,14,2,3,1,15,18,420,540,3,5
3542,9,8,10,1,3,3,6,1,0,300,3,5
3543,11,257,11,2,3,2,19,41,420,540,4,5
3544,8,548,9,1,3,1,1,10,60,180,4,5
3545,8,176,8,1,3,1,65,86,180,300,1,5
3546,4,233,4,2,3,3,83,70,420,540,4,5
3547,7,249,8,1,3,1,73,36,0,300,1,5
3548,11,316,12,1,3,3,81,88,0,300,4,5
3549,4,40,5,2,3,3,92,25,0,300,4,5
3550,2,405,2,2,3,1,60,91,420,540,1,5
3551,2,276,2,2,3,2,19,96,420,540,1,5
3552,12,457,13,1,3,3,45,97,180,300,3,5
3553,13,5,13,1,3,3,7,18,60,180,2,5
3554,10,31,11,2,3,1,47,29,180,300,3,5
3555,6,80,7,1,3,3,60,54,180,300,3,5
3556,10,36,10,1,3,1,38,59,60,180,4,5
3557,5,559,7,2,3,2,61,91,180,300,4,5
3558,4,14,5,1,3,3,64,22,0,300,3,5
3559,12,599,14,2,3,2,97,79,60,180,2,5
3560,10,543,11,2,3,2,23,73,0,300,4,5
3561,11,68,11,1,3,1,21,27,180,300,3,5
3562,12,290,13,1,3,3,62,41,0,300,4,5
3563,8,419,8,2,3,1,65,86,420,540,4,5
3564,11,67,11,1,3,1,100,15,180,300,1,5
3565,12,134,12,1,3,2,58,59,180,300,3,5
3566,11,592,13,2,3,2,51,98,0,300,4,5
3567,4,312,5,2,3,2,68,38,300,600,4,5
3568,11,64,12,2,3,1,72,75,60,180,3,5
3569,4,146,5,2,3,1,17,4,180,300,4,5
3570,14,205,14,2,3,2,75,93,300,600,4,5
3571,6,586,8,2,3,2,63,39,180,300,4,5
3572,5,489,6,2,3,1,67,19,0,300,4,5
3573,2,436,4,1,3,1,77,95,60,180,1,5
3574,11,397,13,2,3,3,67,58,420,540,3,5
3575,14,54,14,2,3,2,3,10,420,540,4,5
3576,4,514,6,2,3,2,15,37,420,540,4,5
3577,9,306,10,2,3,2,33,36,300,420,1,5
3578,3,17,3,2,3,1,97,46,300,600,2,5
3579,1,100,1,1,3,1,23,73,180,300,3,5
3580,10,568,12,1,3,2,73,94,180,300,1,5
3581,10,42,10,1,3,2,4,55,60,180,4,5
3582,9,561,10,1,3,2,28,53,0,300,4,5
3583,8,194,8,2,3,3,38,42,420,540,2,5
3584,4,119,4,1,3,3,44,29,180,300,4,5
3585,3,169,3,1,3,3,24,37,180,300,3,5
3586,14,371,14,2,3,3,6,20,420,540,2,5
3587,13,66,13,1,3,2,30,35,180,300,1,5
3588,11,368,12,1,3,3,28,32,0,300,4,5
3589,13,203,13,2,3,2,92,7,300,420,2,5
3590,1,374,2,2,3,1,38,0,0,300,1,5
3591,8,326,9,2,3,2,63,20,300,420,4,5
3592,2,570,3,1,3,2,57,58,180,300,2,5
3593,4,150,5,1,3,3,43,96,180,300,3,5
3594,13,317,13,2,3,2,53,93,420,540,2,5
3595,11,470,12,2,3,1,84,51,420,540,4,5
3596,6,225,7,2,3,2,30,77,420,540,2,5
3597,6,27,6,2,3,1,8,88,300,600,4,5
3598,9,466,11,2,3,2,62,83,0,300,1,5
3599,6,410,6,2,3,3,46,37,420,540,1,5
3600,4,152,4,1,3,1,47,31,180,300,3,5
3601,5,323,5,2,3,2,71,35,420,540,4,5
3602,13,171,13,1,3,3,6,0,180,300,1,5
3603,4,443,5,2,3,2,13,17,0,300,1,5
3604,9,271,10,1,3,2,28,68,0,300,1,5
3605,14,268,15,1,3,1,12,57,0,300,2,5
3606,2,553,3,1,3,3,49,15,60,180,4,5
3607,12,199,13,1,3,3,45,39,0,300,1,5
3608,5,261,5,2,3,1,78,11,420,540,3,5
3609,9,297,10,1,3,3,21,58,60,180,4,5
3610,4,419,4,2,3,1,52,38,420,540,4,5
3611,10,216,10,2,3,3,69,29,420,540,4,5
3612,3,17,3,2,3,2,47,65,180,300,4,5
3613,10,440,11,1,3,1,26,13,60,180,2,5
3614,14,465,15,2,3,1,93,13,180,300,3,5
3615,7,477,9,1,3,1,13,4,60,180,3,5
3616,13,424,14,1,3,2,12,55,0,300,4,5
3617,1,170,1,1,3,3,73,17,180,300,4,5
3618,5,536,7,1,3,1,59,63,0,300,1,5
3619,11,87,12,1,3,1,23,50,180,300,4,5
3620,5,2,7,1,3,1,1,29,180,300,4,5
3621,1,276,1,2,3,1,96,96,420,540,3,5
3622,1,478,3,1,3,1,21,97,0,300,1,5
3623,2,521,3,1,3,3,17,54,60,180,2,5
3624,14,79,14,2,3,3,39,64,300,600,1,5
3625,1,14,2,2,3,3,47,52,0,300,2,5
3626,5,85,5,2,3,1,65,40,420,540,2,5
3627,6,400,6,2,3,3,92,89,420,540,3,5
3628,10,423,11,1,3,3,62,15,0,300,3,5
3629,12,96,13,1,3,2,17,65,60,180,4,5
3630,5,221,5,2,3,2,60,38,420,540,2,5
3631,12,434,13,1,3,3,88,35,180,300,3,5
3632,14,163,15,2,3,3,53,95,60,180,2,5
3633,9,381,10,1,3,3,99,71,0,300,4,5
3634,3,165,4,1,3,1,68,17,60,180,3,5
3635,5,83,5,1,3,1,88,45,180,300,2,5
3636,7,499,9,2,3,3,5,60,0,300,1,5
3637,12,537,14,1,3,3,44,8,180,300,2,5
3638,8,454,9,1,3,1,54,59,180,300,4,5
3639,7,502,9,1,3,1,36,53,180,300,4,5
3640,6,98,6,1,3,2,9,40,180,300,2,5
3641,13,368,14,1,3,3,7,34,180,300,2,5
3642,10,487,11,1,3,1,24,2,180,300,1,5
3643,10,468,12,2,3,3,16,4,300,420,4,5
3644,6,450,8,2,3,2,11,87,60,180,2,5
3645,4,172,5,1,3,3,5,85,0,300,3,5
3646,2,370,2,2,3,3,17,26,420,540,3,5
3647,1,153,1,2,3,3,62,50,180,300,3,5
3648,7,368,8,1,3,1,30,82,60,180,4,5
3649,12,214,13,2,3,2,64,96,420,540,3,5
3650,9,465,11,1,3,3,87,70,180,300,4,5
3651,7,127,7,2,3,2,51,3,180,300,2,5
3652,3,319,3,2,3,1,1,84,420,540,2,5
3653,12,598,13,2,3,1,63,25,180,300,2,5
3654,13,111,13,2,3,3,44,40,300,600,3,5
3655,2,588,3,1,3,3,22,91,0,300,1,5
3656,14,429,15,1,3,2,53,44,60,180,3,5
3657,6,470,8,1,3,2,43,13,60,180,1,5
3658,7,387,7,2,3,1,56,0,420,540,2,5
3659,4,62,4,1,3,2,12,39,180,300,2,5
3660,8,168,8,2,3,3,26,84,180,300,4,5
3661,4,486,5,1,3,3,48,56,60,180,2,5
3662,8,68,8,1,3,2,70,87,180,300,1,5
3663,1,473,3,2,3,2,53,68,300,420,2,5
3664,13,148,14,1,3,1,7,33,0,300,1,5
3665,7,39,7,1,3,2,90,99,60,180,4,5
3666,4,58,4,1,3,3,67,65,60,180,4,5
3667,10,226,10,2,3,1,5,15,420,540,1,5
3668,7,506,8,1,3,2,5,72,60,180,4,5
3669,5,180,5,1,3,1,63,12,180,300,2,5
3670,5,498,7,1,3,1,58,32,60,180,4,5
3671,13,566,15,1,3,2,33,42,0,300,2,5
3672,12,333,13,1,3,2,60,30,60,180,1,5
3673,4,303,4,2,3,1,61,10,420,540,4,5
3674,4,321,5,2,3,2,30,92,420,540,1,5
3675,8,505,10,2,3,1,3,33,300,420,4,5
3676,8,249,9,1,3,3,28,13,180,300,2,5
3677,6,569,7,1,3,3,76,64,60,180,1,5
3678,13,445,14,1,3,1,55,0,60,180,3,5
3679,10,410,10,2,3,1,66,79,420,540,2,5
3680,11,401,11,2,3,3,51,92,420,540,2,5
3681,2,354,2,2,3,2,84,4,420,540,2,5
3682,13,532,15,1,3,1,86,21,180,300,4,5
3683,7,152,8,2,3,2,12,31,420,540,3,5
3684,13,87,13,1,3,2,24,30,180,300,4,5
3685,7,428,9,2,3,1,22,61,180,300,2,5
3686,2,151,2,2,3,3,76,45,300,420,3,5
3687,11,66,11,2,3,2,33,27,300,600,4,5
3688,14,88,14,1,3,1,2,29,180,300,4,5
3689,4,154,4,1,3,1,8,13,180,300,2,5
3690,10,112,11,1,3,3,57,20,60,180,2,5
3691,14,174,14,1,3,3,1,61,180,300,2,5
3692,14,232,14,2,3,2,78,76,420,540,3,5
3693,6,472,7,1,3,2,53,22,60,180,2,5
3694,2,152,2,2,3,1,86,38,420,540,3,5
3695,9,42,10,1,3,2,82,94,180,300,1,5
3696,3,487,4,2,3,1,89,22,420,540,2,5
3697,5,595,6,1,3,2,24,6,180,300,3,5
3698,2,234,3,2,3,2,85,31,60,180,1,5
3699,12,12,12,1,3,2,59,94,60,180,3,5
3700,3,246,3,2,3,1,54,27,420,540,2,5
3701,2,449,4,1,3,3,87,20,0,300,4,5
3702,10,276,11,1,3,2,21,62,180,300,4,5
3703,3,391,4,2,3,2,53,16,180,300,2,5
3704,4,588,5,1,3,3,28,59,0,300,4,5
3705,8,62,9,1,3,3,10,73,60,180,1,5
3706,9,102,9,1,3,3,32,0,180,300,3,5
3707,6,64,7,1,3,3,58,84,0,300,4,5
3708,8,340,9,2,3,2,9,66,180,300,3,5
3709,3,534,4,2,3,2,37,64,420,540,3,5
3710,3,297,3,2,3,2,29,0,420,540,2,5
3711,6,192,6,2,3,2,35,39,420,540,1,5
3712,14,450,16,1,3,1,2,45,0,300,2,5
3713,14,503,15,1,3,3,89,76,60,180,3,5
3714,1,209,2,1,3,3,98,91,180,300,2,5
3715,3,111,3,2,3,3,74,36,300,420,4,5
3716,13,542,14,1,3,1,3,37,60,180,1,5
3717,4,219,5,2,3,3,91,62,60,180,1,5
3718,8,413,8,2,3,2,81,29,420,540,3,5
3719,14,489,16,2,3,2,0,50,300,600,2,5
3720,7,593,9,2,3,2,71,17,420,540,2,5
3721,14,597,16,1,3,1,86,75,60,180,2,5
3722,1,314,1,2,3,3,39,13,420,540,2,5
3723,13,194,13,2,3,2,33,84,420,540,1,5
3724,5,11,5,1,3,2,83,57,60,180,1,5
3725,9,530,10,1,3,2,81,83,0,300,1,5
3726,14,205,14,2,3,3,72,21,300,420,2,5
3727,1,170,1,1,3,1,26,65,180,300,3,5
3728,8,329,8,2,3,3,99,23,420,540,1,5
3729,11,419,12,2,3,1,81,11,420,540,3,5
3730,12,207,13,1,3,1,84,46,0,300,1,5
3731,6,193,7,2,3,1,67,84,180,300,1,5
3732,5,12,6,1,3,1,68,31,180,300,1,5
3733,8,277,9,1,3,1,71,12,60,180,3,5
3734,13,401,13,2,3,2,66,20,420,540,1,5
3735,3,206,4,1,3,3,51,15,60,180,4,5
3736,12,61,12,1,3,2,82,80,180,300,2,5
3737,11,507,13,1,3,1,30,57,0,300,4,5
3738,3,118,4,1,3,1,62,89,60,180,4,5
3739,9,489,10,1,3,1,65,8,0,300,3,5
3740,9,280,10,1,3,2,7,28,0,300,3,5
3741,14,427,16,1,3,3,45,23,0,300,1,5
3742,12,2,12,1,3,1,28,8,60,180,3,5
3743,10,471,11,1,3,1,23,32,0,300,2,5
3744,13,269,13,2,3,3,26,96,300,600,1,5
3745,11,40,11,1,3,2,17,65,60,180,1,5
3746,8,196,9,2,3,1,87,83,180,300,4,5
3747,14,198,14,2,3,3,61,51,300,420,1,5
3748,13,541,14,2,3,3,99,57,420,540,4,5
3749,14,47,15,1,3,2,69,42,180,300,4,5
3750,1,522,2,1,3,2,58,39,60,180,3,5
3751,8,588,10,1,3,1,100,97,180,300,2,5
3752,4,215,6,1,3,2,44,55,0,300,3,5
3753,14,263,15,1,3,1,35,80,180,300,2,5
3754,5,7,7,1,3,2,81,27,0,300,3,5
3755,7,42,7,1,3,2,16,55,60,180,3,5
3756,3,489,5,1,3,1,24,38,60,180,4,5
3757,4,468,5,2,3,1,98,9,180,300,4,5
3758,10,117,11,1,3,1,39,87,180,300,2,5
3759,2,138,2,1,3,1,35,1,180,300,4,5
3760,14,214,15,2,3,3,40,91,0,300,1,5
3761,8,327,8,2,3,1,4,11,420,540,1,5
3762,5,426,7,1,3,2,28,95,0,300,2,5
3763,4,364,4,2,3,1,53,97,420,540,4,5
3764,14,534,16,1,3,2,90,59,180,300,2,5
3765,13,272,14,1,3,2,80,94,180,300,3,5
3766,12,8,12,2,3,2,99,68,60,180,2,5
3767,13,81,14,1,3,2,100,65,0,300,1,5
3768,7,19,7,1,3,1,92,41,60,180,2,5
3769,2,270,3,2,3,3,45,89,60,180,4,5
3770,14,149,15,2,3,3,37,80,180,300,2,5
3771,13,352,14,2,3,3,21,26,60,180,4,5
3772,14,290,14,2,3,1,2,25,300,420,4,5
3773,14,71,15,1,3,3,33,35,60,180,1,5
3774,2,82,2,1,3,3,43,83,180,300,3,5
3775,9,291,11,1,3,1,13,9,180,300,4,5
3776,13,387,15,1,3,3,52,95,180,300,3,5
3777,13,337,13,2,3,3,57,59,420,540,2,5
3778,6,108,7,1,3,3,76,65,60,180,3,5
3779,2,439,4,1,3,3,61,81,60,180,3,5
3780,7,365,7,2,3,2,100,75,420,540,1,5
3781,3,251,3,2,3,3,26,63,300,600,4,5
3782,8,536,9,1,3,2,76,33,180,300,1,5
3783,3,27,4,1,3,2,74,85,60,180,1,5
3784,2,116,2,1,3,2,93,67,180,300,3,5
3785,4,144,4,1,3,1,53,9,180,300,2,5
3786,6,282,6,2,3,2,41,94,420,540,4,5
3787,2,486,3,2,3,3,98,86,300,420,3,5
3788,6,375,7,1,3,1,14,80,0,300,3,5
3789,1,570,3,2,3,2,48,29,180,300,1,5
3790,3,553,4,2,3,2,55,4,300,600,1,5
3791,2,423,3,1,3,2,91,48,0,300,4,5
3792,13,545,15,1,3,1,40,35,180,300,3,5
3793,12,249,12,2,3,1,17,73,300,600,1,5
3794,2,481,4,1,3,2,3,18,180,300,2,5
3795,10,161,10,1,3,3,22,61,180,300,4,5
3796,11,95,11,2,3,2,73,79,300,600,1,5
3797,3,246,4,1,3,1,51,68,60,180,4,5
3798,11,442,13,1,3,3,58,59,60,180,3,5
3799,2,184,2,2,3,3,9,6,300,420,2,5
3800,3,542,5,1,3,1,65,32,0,300,1,5
3801,9,369,10,2,3,3,65,81,300,420,3,5
3802,9,546,10,2,3,1,17,57,420,540,4,5
3803,7,398,9,1,3,2,30,14,180,300,4,5
3804,7,371,7,2,3,2,21,68,420,540,3,5
3805,1,128,2,2,3,3,5,82,0,300,3,5
3806,4,531,5,1,3,2,36,34,60,180,1,5
3807,5,585,7,1,3,2,78,39,60,180,2,5
3808,13,212,13,2,3,1,18,90,300,420,2,5
3809,7,389,8,1,3,3,0,100,60,180,1,5
3810,2,154,2,2,3,1,100,89,300,420,4,5
3811,11,512,13,1,3,2,31,69,60,180,1,5
3812,6,567,7,1,3,3,98,98,0,300,4,5
3813,5,587,7,1,3,3,22,41,0,300,4,5
3814,12,571,13,1,3,1,61,95,180,300,2,5
3815,10,430,12,2,3,1,35,35,0,300,1,5
3816,6,161,6,1,3,1,40,75,180,300,2,5
3817,10,13,11,1,3,1,2,31,0,300,3,5
3818,13,72,13,2,3,2,59,71,420,540,2,5
3819,13,477,14,1,3,2,34,88,60,180,3,5
3820,5,194,5,2,3,2,85,3,420,540,2,5
3821,5,120,5,2,3,1,20,91,180,300,1,5
3822,1,442,2,2,3,1,74,52,300,600,3,5
3823,3,599,4,1,3,3,64,12,60,180,1,5
3824,6,325,7,2,3,3,55,52,0,300,1,5
3825,8,488,10,2,3,1,58,100,300,420,2,5
3826,4,166,4,1,3,3,47,16,180,300,2,5
3827,1,95,1,2,3,1,83,73,420,540,2,5
3828,5,404,7,1,3,3,7,4,0,300,2,5
3829,13,473,14,2,3,1,20,17,180,300,2,5
3830,2,281,2,2,3,3,94,54,300,420,2,5
3831,7,290,8,2,3,3,79,58,0,300,1,5
3832,12,389,13,1,3,2,65,92,0,300,4,5
3833,2,34,2,2,3,2,63,44,60,180,3,5
3834,12,417,13,2,3,1,1,12,300,420,2,5
3835,9,354,11,2,3,1,95,57,0,300,3,5
3836,5,89,5,1,3,3,76,59,180,300,1,5
3837,5,114,6,1,3,3,69,80,0,300,4,5
3838,5,37,6,1,3,3,62,97,60,180,3,5
3839,14,7,14,2,3,1,51,44,420,540,1,5
3840,3,543,5,1,3,1,75,56,180,300,2,5
3841,4,317,4,2,3,1,70,67,420,540,2,5
3842,9,265,10,1,3,3,5,82,0,300,1,5
3843,13,111,13,2,3,2,65,51,180,300,3,5
3844,9,532,11,1,3,3,97,70,60,180,3,5
3845,11,592,13,2,3,1,14,67,180,300,3,5
3846,5,413,5,2,3,2,93,30,420,540,2,5
3847,6,399,6,2,3,3,25,49,420,540,4,5
3848,14,552,16,1,3,3,4,21,180,300,4,5
3849,5,273,5,2,3,3,33,24,420,540,1,5
3850,8,258,9,1,3,2,59,98,0,300,4,5
3851,3,435,4,1,3,1,33,83,180,300,2,5
3852,2,134,3,1,3,1,100,68,60,180,1,5
3853,2,450,4,1,3,3,18,47,180,300,2,5
3854,9,250,10,2,3,3,0,14,0,300,2,5
3855,4,294,4,2,3,3,97,76,300,600,4,5
3856,6,342,6,2,3,2,47,24,420,540,4,5
3857,11,57,11,2,3,2,65,79,300,420,2,5
3858,2,248,2,2,3,2,7,84,420,540,4,5
3859,7,578,8,1,3,3,5,19,60,180,2,5
3860,13,181,14,1,3,1,70,81,0,300,4,5
3861,14,384,14,2,3,1,10,78,420,540,2,5
3862,11,388,11,2,3,2,47,42,420,540,4,5
3863,4,290,4,2,3,3,61,27,420,540,4,5
3864,1,3,1,2,3,1,57,4,300,420,3,5
3865,7,39,8,1,3,2,37,4,0,300,1,5
3866,9,378,9,2,3,2,47,54,420,540,2,5
3867,3,541,4,1,3,3,1,49,180,300,3,5
3868,7,32,8,1,3,2,32,91,0,300,2,5
3869,5,168,6,1,3,1,34,17,180,300,3,5
3870,6,313,6,2,3,2,21,34,420,540,3,5
3871,14,410,15,1,3,2,20,40,180,300,3,5
3872,12,66,13,2,3,3,90,13,300,420,4,5
3873,14,594,15,1,3,2,57,63,60,180,2,5
3874,7,345,8,1,3,1,43,75,0,300,4,5
3875,8,254,8,2,3,3,53,51,420,540,4,5
3876,14,393,15,2,3,2,17,81,0,300,4,5
3877,13,381,14,1,3,2,32,21,180,300,2,5
3878,6,409,7,1,3,3,12,5,0,300,4,5
3879,12,230,12,2,3,2,94,20,420,540,1,5
3880,14,439,15,1,3,3,51,80,60,180,4,5
3881,7,548,9,1,3,3,76,10,180,300,4,5
3882,5,545,6,2,3,3,17,0,300,600,2,5
3883,6,358,6,2,3,1,64,97,420,540,1,5
3884,13,126,14,1,3,3,95,2,0,300,2,5
3885,13,571,14,2,3,3,61,22,300,420,1,5
3886,10,176,10,1,3,3,58,46,180,300,4,5
3887,10,455,11,2,3,3,97,56,300,420,4,5
3888,6,72,7,1,3,2,12,25,60,180,1,5
3889,10,518,12,1,3,3,46,66,0,300,4,5
3890,11,307,12,1,3,1,57,57,60,180,4,5
3891,12,124,13,2,3,1,36,77,300,600,4,5
3892,11,276,11,2,3,2,18,6,300,420,4,5
3893,9,206,10,2,3,2,93,90,420,540,3,5
3894,12,585,14,1,3,3,47,70,60,180,1,5
3895,4,183,6,1,3,3,92,2,60,180,1,5
3896,5,398,5,2,3,2,61,95,420,540,2,5
3897,4,336,4,2,3,1,62,68,420,540,2,5
3898,11,381,11,2,3,2,37,63,420,540,4,5
3899,12,175,12,1,3,2,81,51,180,300,4,5
3900,11,252,11,2,3,1,60,29,300,600,4,5
3901,6,393,6,2,3,2,19,6,420,540,4,5
3902,8,62,9,1,3,1,14,78,0,300,4,5
3903,2,398,2,2,3,3,70,76,420,540,1,5
3904,8,486,10,1,3,3,54,15,0,300,2,5
3905,6,286,6,2,3,2,33,21,420,540,2,5
3906,1,7,1,1,3,3,85,78,60,180,2,5
3907,12,546,13,1,3,3,4,52,180,300,1,5
3908,8,314,8,2,3,1,1,69,420,540,1,5
3909,14,540,15,2,3,1,36,42,180,300,3,5
3910,5,209,5,2,3,1,28,34,420,540,1,5
3911,1,126,2,1,3,2,87,96,0,300,2,5
3912,5,18,6,1,3,1,70,81,60,180,3,5
3913,2,264,2,2,3,1,3,59,300,600,3,5
3914,7,247,8,1,3,1,57,86,180,300,1,5
3915,3,188,3,2,3,2,23,97,300,600,4,5
3916,2,596,4,1,3,1,54,27,0,300,3,5
3917,7,468,8,1,3,3,76,92,180,300,4,5
3918,12,146,13,2,3,1,96,25,300,600,2,5
3919,5,571,6,2,3,1,48,62,0,300,3,5
3920,3,285,3,2,3,1,67,56,300,420,4,5
3921,6,362,6,2,3,2,84,75,420,540,4,5
3922,11,387,12,1,3,2,72,63,0,300,3,5
3923,10,199,10,2,3,1,90,9,300,420,3,5
3924,2,562,4,1,3,3,24,98,0,300,1,5
3925,5,531,7,2,3,1,61,37,60,180,3,5
3926,11,264,11,2,3,2,57,87,300,600,3,5
3927,10,127,10,1,3,1,29,86,180,300,3,5
3928,3,447,4,2,3,2,10,97,180,300,3,5
3929,1,550,3,2,3,2,72,61,420,540,4,5
3930,6,266,6,2,3,3,57,89,300,600,2,5
3931,14,584,16,2,3,1,78,26,300,600,1,5
3932,12,132,12,2,3,3,19,15,180,300,3,5
3933,14,297,14,2,3,1,92,75,420,540,3,5
3934,2,5,3,1,3,1,85,87,60,180,4,5
3935,3,436,4,1,3,2,11,7,60,180,3,5
3936,1,66,2,2,3,3,70,69,420,540,4,5
3937,7,67,8,1,3,3,39,68,60,180,4,5
3938,6,562,7,2,3,1,3,12,180,300,2,5
3939,8,218,9,1,3,1,27,25,0,300,3,5
3940,10,600,12,2,3,2,99,92,420,540,2,5
3941,11,116,11,2,3,2,85,55,300,600,2,5
3942,12,288,13,2,3,2,19,27,60,180,2,5
3943,1,152,1,1,3,3,100,58,180,300,4,5
3944,9,559,11,1,3,3,9,27,180,300,2,5
3945,4,114,4,1,3,1,34,40,180,300,4,5
3946,8,478,10,1,3,3,77,63,60,180,1,5
3947,9,303,9,2,3,2,30,24,420,540,4,5
3948,12,539,13,1,3,3,16,30,180,300,3,5
3949,3,58,3,2,3,1,60,32,180,300,1,5
3950,8,100,8,1,3,2,12,23,180,300,3,5
3951,5,39,5,2,3,1,78,41,420,540,3,5
3952,1,379,2,1,3,1,44,23,60,180,1,5
3953,9,204,9,2,3,2,84,57,420,540,1,5
3954,7,544,9,1,3,2,75,5,180,300,1,5
3955,13,236,13,2,3,2,82,54,420,540,1,5
3956,6,155,7,1,3,2,62,69,180,300,4,5
3957,10,534,12,1,3,2,84,64,60,180,2,5
3958,7,208,7,2,3,1,19,68,420,540,1,5
3959,12,489,14,1,3,1,80,40,60,180,4,5
3960,11,52,11,1,3,3,23,20,60,180,4,5
3961,12,286,12,2,3,3,90,87,420,540,1,5
3962,5,576,6,1,3,1,61,77,180,300,2,5
3963,8,189,10,1,3,2,93,33,60,180,2,5
3964,13,566,15,2,3,1,22,1,180,300,4,5
3965,4,231,5,1,3,1,51,83,0,300,2,5
3966,6,331,6,2,3,3,50,68,420,540,4,5
3967,8,215,8,2,3,1,48,2,420,540,1,5
3968,7,453,9,1,3,3,3,90,0,300,2,5
3969,3,95,4,2,3,3,54,55,0,300,1,5
3970,13,181,13,2,3,1,23,17,300,600,4,5
3971,7,331,8,2,3,1,5,11,0,300,1,5
3972,11,429,13,1,3,1,62,92,180,300,3,5
3973,14,158,14,1,3,3,29,33,180,300,3,5
3974,11,93,12,1,3,2,63,72,0,300,3,5
3975,2,481,4,1,3,2,57,34,180,300,2,5
3976,12,189,13,2,3,2,82,28,420,540,4,5
3977,4,402,4,2,3,1,50,47,420,540,4,5
3978,12,237,12,2,3,2,26,19,420,540,1,5
3979,14,58,15,1,3,3,54,17,180,300,3,5
3980,10,412,11,2,3,3,13,11,180,300,3,5
3981,13,330,14,2,3,3,48,58,420,540,2,5
3982,5,445,6,1,3,2,77,51,0,300,3,5
3983,14,67,15,2,3,3,1,72,180,300,3,5
3984,7,331,7,2,3,3,8,64,420,540,1,5
3985,9,418,10,1,3,3,48,36,180,300,4,5
3986,11,201,11,2,3,3,73,64,300,600,3,5
3987,14,301,15,1,3,1,80,70,180,300,3,5
3988,2,68,2,1,3,2,63,23,180,300,4,5
3989,8,517,9,1,3,3,19,65,60,180,4,5
3990,1,277,1,2,3,2,30,34,420,540,3,5
3991,5,486,7,1,3,1,89,60,0,300,1,5
3992,14,597,15,1,3,3,80,63,0,300,3,5
3993,7,363,8,1,3,2,13,30,180,300,3,5
3994,12,7,12,1,3,3,21,99,60,180,1,5
3995,2,352,2,2,3,1,48,62,420,540,2,5
3996,9,575,11,2,3,2,40,10,0,300,3,5
3997,3,58,4,1,3,2,51,88,180,300,4,5
3998,10,403,10,2,3,2,83,38,420,540,1,5
3999,11,241,11,2,3,1,77,68,420,540,4,5
4000,7,54,7,1,3,2,18,67,60,180,4,5
4001,13,376,15,1,3,3,62,30,60,180,1,5
4002,2,395,2,2,3,1,83,36,420,540,4,5
4003,7,22,7,1,3,1,51,88,60,180,4,5
4004,12,59,12,1,3,1,92,54,60,180,4,5
4005,12,265,12,2,3,3,68,92,420,540,1,5
4006,14,18,15,1,3,1,68,21,0,300,2,5
4007,3,423,4,1,3,1,51,93,180,300,4,5
4008,14,539,16,2,3,2,44,13,300,600,1,5
4009,10,316,10,2,3,2,56,36,420,540,3,5
4010,3,569,4,2,3,3,91,56,180,300,4,5
4011,11,395,12,2,3,1,13,62,300,420,1,5
4012,14,88,14,1,3,2,51,52,180,300,2,5
4013,8,440,9,1,3,3,37,40,180,300,4,5
4014,8,145,8,1,3,1,43,21,180,300,1,5
4015,2,29,3,2,3,3,3,63,0,300,2,5
4016,3,100,3,2,3,1,41,8,300,420,1,5
4017,6,21,7,2,3,2,82,77,180,300,1,5
4018,4,63,5,2,3,3,46,71,180,300,3,5
4019,7,559,8,1,3,3,14,98,0,300,3,5
4020,6,42,6,2,3,3,43,7,60,180,3,5
4021,11,323,11,2,3,2,21,32,420,540,3,5
4022,3,441,4,2,3,1,60,9,420,540,3,5
4023,5,194,5,2,3,3,82,10,300,600,4,5
4024,5,300,5,2,3,1,5,71,300,420,3,5
4025,10,7,10,2,3,3,92,37,0,300,4,5
4026,14,76,15,2,3,3,2,53,60,180,4,5
4027,9,578,10,2,3,3,43,66,180,300,2,5
4028,2,37,3,2,3,1,55,78,0,300,2,5
4029,1,556,3,1,3,2,51,57,180,300,1,5
4030,14,362,15,1,3,1,74,11,60,180,1,5
4031,14,391,14,2,3,1,69,26,420,540,2,5
4032,13,590,14,1,3,2,2,47,180,300,2,5
4033,3,332,3,2,3,3,3,99,420,540,2,5
4034,2,34,2,2,3,2,85,86,300,600,1,5
4035,8,288,9,2,3,2,54,13,180,300,4,5
4036,3,569,5,1,3,3,37,27,60,180,2,5
4037,8,245,8,2,3,2,51,24,300,420,2,5
4038,7,205,7,2,3,1,82,72,300,420,4,5
4039,6,254,6,2,3,2,63,25,300,420,2,5
4040,1,14,1,2,3,1,97,17,0,300,1,5
4041,4,310,5,1,3,2,66,84,60,180,4,5
4042,3,4,3,1,3,2,74,32,60,180,3,5
4043,1,176,2,1,3,1,21,31,180,300,4,5
4044,5,132,5,2,3,2,69,42,180,300,3,5
4045,7,326,7,2,3,1,64,73,420,540,1,5
4046,6,122,6,2,3,1,4,76,420,540,3,5
4047,11,22,12,2,3,1,12,73,300,420,2,5
4048,13,126,14,2,3,1,93,90,0,300,1,5
4049,11,85,11,2,3,1,59,65,300,600,1,5
4050,4,581,5,2,3,2,14,29,180,300,4,5
4051,3,172,3,1,3,3,44,76,180,300,4,5
4052,11,360,13,2,3,3,2,51,60,180,3,5
4053,9,252,9,2,3,3,17,75,420,540,4,5
4054,12,365,12,2,3,2,88,34,420,540,2,5
4055,3,380,3,2,3,2,88,46,420,540,4,5
4056,5,132,5,1,3,2,83,32,180,300,2,5
4057,13,544,15,2,3,1,43,74,180,300,3,5
4058,1,522,3,1,3,2,6,43,60,180,1,5
4059,6,510,8,1,3,2,31,70,60,180,2,5
4060,8,19,8,2,3,1,62,66,180,300,4,5
4061,12,455,13,1,3,1,65,94,60,180,4,5
4062,5,174,6,1,3,3,7,10,0,300,2,5
4063,14,563,15,2,3,1,87,92,420,540,3,5
4064,14,311,14,2,3,3,75,33,420,540,1,5
4065,14,392,14,2,3,1,76,40,420,540,4,5
4066,9,588,11,1,3,1,54,41,0,300,3,5
4067,2,573,4,1,3,3,38,1,0,300,1,5
4068,14,65,14,2,3,2,100,33,180,300,4,5
4069,13,423,15,2,3,1,50,39,0,300,2,5
4070,6,419,7,1,3,2,47,98,180,300,3,5
4071,4,276,5,1,3,3,65,31,180,300,3,5
4072,7,212,8,1,3,3,4,33,180,300,2,5
4073,8,439,10,2,3,3,57,20,60,180,4,5
4074,3,147,4,1,3,2,74,37,60,180,2,5
4075,11,155,13,1,3,1,64,63,60,180,3,5
4076,7,148,7,2,3,3,52,5,180,300,3,5
4077,9,181,9,2,3,3,35,23,300,420,3,5
4078,9,349,9,2,3,2,40,92,420,540,1,5
4079,10,326,10,2,3,2,82,65,420,540,1,5
4080,3,536,4,1,3,2,17,44,0,300,4,5
4081,1,587,3,1,3,3,69,9,60,180,4,5
4082,12,448,14,2,3,3,47,25,180,300,2,5
4083,7,460,8,1,3,2,16,26,60,180,3,5
4084,13,511,14,1,3,2,26,94,60,180,2,5
4085,5,61,6,1,3,3,97,38,180,300,3,5
4086,14,210,14,2,3,2,71,12,300,420,1,5
4087,4,253,5,1,3,1,36,37,180,300,3,5
4088,3,179,3,2,3,1,70,48,420,540,1,5
4089,5,364,5,2,3,3,15,53,420,540,2,5
4090,6,45,6,1,3,2,87,40,60,180,2,5
4091,14,322,14,2,3,2,71,14,420,540,2,5
4092,7,371,8,1,3,2,64,98,60,180,3,5
4093,4,182,4,2,3,3,64,60,420,540,1,5
4094,5,411,6,2,3,3,45,10,420,540,1,5
4095,11,259,11,2,3,3,0,19,300,600,4,5
4096,7,167,7,1,3,3,2,48,180,300,1,5
4097,9,595,10,1,3,1,4,13,60,180,3,5
4098,14,592,16,2,3,2,89,54,420,540,3,5
4099,13,90,13,2,3,3,90,2,420,540,4,5
4100,6,341,6,2,3,2,7,2,420,540,4,5
4101,6,498,8,1,3,1,55,20,180,300,2,5
4102,10,465,12,2,3,2,29,20,0,300,3,5
4103,12,28,12,1,3,1,98,81,60,180,4,5
4104,6,413,6,2,3,1,40,57,420,540,1,5
4105,3,105,3,1,3,3,100,32,180,300,2,5
4106,14,451,15,1,3,1,48,70,0,300,2,5
4107,10,131,10,1,3,3,79,51,180,300,1,5
4108,14,302,14,2,3,2,72,59,420,540,4,5
4109,14,147,14,1,3,1,80,52,180,300,1,5
4110,10,493,12,1,3,3,56,63,180,300,1,5
4111,3,35,4,2,3,3,95,65,60,180,1,5
4112,13,227,13,2,3,1,92,77,300,420,1,5
4113,12,268,12,2,3,3,59,31,420,540,3,5
4114,11,463,13,1,3,3,7,22,0,300,3,5
4115,13,334,14,2,3,1,4,6,300,600,4,5
4116,10,63,11,2,3,3,74,91,420,540,3,5
4117,11,133,12,2,3,3,72,0,300,600,2,5
4118,9,424,10,1,3,2,25,52,180,300,1,5
4119,1,239,1,2,3,1,31,89,300,600,1,5
4120,3,403,4,1,3,1,46,11,180,300,4,5
4121,8,199,8,2,3,1,27,7,300,420,2,5
4122,3,238,3,2,3,3,31,84,300,420,3,5
4123,9,168,11,1,3,2,1,45,0,300,1,5
4124,7,204,7,2,3,3,20,99,300,420,1,5
4125,10,522,11,2,3,2,79,92,300,600,1,5
4126,3,154,3,1,3,2,70,71,180,300,2,5
4127,2,105,4,2,3,1,48,76,180,300,4,5
4128,2,172,2,1,3,1,10,95,180,300,3,5
4129,12,415,12,2,3,2,100,6,420,540,4,5
4130,7,139,7,1,3,1,92,87,180,300,4,5
4131,14,397,15,2,3,2,80,20,60,180,4,5
4132,3,297,4,1,3,2,27,75,0,300,3,5
4133,12,61,12,1,3,3,82,9,180,300,3,5
4134,7,180,7,1,3,2,69,0,180,300,2,5
4135,1,552,2,1,3,1,7,91,60,180,3,5
4136,8,393,8,2,3,3,69,78,420,540,2,5
4137,5,127,7,1,3,3,36,91,60,180,2,5
4138,12,220,12,2,3,2,55,73,420,540,1,5
4139,9,542,10,2,3,3,85,94,60,180,2,5
4140,8,257,9,2,3,2,10,9,60,180,1,5
4141,12,329,12,2,3,3,81,65,420,540,2,5
4142,8,12,8,1,3,2,67,49,60,180,3,5
4143,10,59,10,1,3,1,27,16,60,180,1,5
4144,5,305,5,2,3,2,7,72,420,540,3,5
4145,11,97,11,1,3,1,24,2,180,300,2,5
4146,8,451,9,2,3,3,51,0,420,540,4,5
4147,13,418,13,2,3,2,29,82,420,540,3,5
4148,10,54,10,1,3,2,50,58,60,180,4,5
4149,1,442,3,1,3,1,63,100,0,300,4,5
4150,11,13,11,1,3,3,80,30,60,180,3,5
4151,12,508,14,1,3,1,4,54,60,180,1,5
4152,8,221,8,2,3,1,28,24,300,600,1,5
4153,8,277,8,2,3,2,87,62,300,600,3,5
4154,6,241,7,1,3,2,61,6,60,180,1,5
4155,2,33,3,1,3,2,42,68,0,300,4,5
4156,11,449,13,2,3,1,27,91,420,540,3,5
4157,8,215,8,2,3,3,37,97,300,420,1,5
4158,1,152,1,2,3,1,90,6,180,300,3,5
4159,9,274,10,1,3,1,67,56,0,300,2,5
4160,13,79,14,1,3,3,32,42,180,300,4,5
4161,11,261,12,1,3,1,98,45,180,300,1,5
4162,9,431,11,1,3,1,10,45,180,300,3,5
4163,12,330,13,1,3,3,61,12,60,180,2,5
4164,3,295,5,1,3,3,44,92,180,300,4,5
4165,8,61,9,1,3,3,59,53,180,300,3,5
4166,11,123,11,1,3,3,68,29,180,300,2,5
4167,14,221,14,2,3,3,91,81,300,600,4,5
4168,8,42,8,1,3,2,98,82,60,180,3,5
4169,9,186,9,2,3,1,16,15,420,540,1,5
4170,12,161,13,1,3,1,72,82,0,300,1,5
4171,6,462,8,2,3,1,9,3,60,180,1,5
4172,4,240,4,2,3,2,13,46,300,420,2,5
4173,12,130,12,2,3,3,39,35,180,300,2,5
4174,4,124,5,1,3,3,66,84,60,180,2,5
4175,14,557,15,2,3,1,25,59,0,300,2,5
4176,5,5,6,1,3,1,1,20,180,300,4,5
4177,10,319,10,2,3,1,64,16,420,540,4,5
4178,2,64,2,2,3,2,95,53,180,300,2,5
4179,10,517,12,1,3,2,21,82,0,300,1,5
4180,7,71,7,2,3,1,0,94,180,300,2,5
4181,10,266,10,2,3,1,24,22,300,420,3,5
4182,5,398,6,1,3,3,8,1,60,180,1,5
4183,1,371,1,2,3,1,56,83,420,540,1,5
4184,13,488,14,2,3,1,44,54,420,540,2,5
4185,1,516,3,1,3,2,97,54,60,180,1,5
4186,14,420,14,2,3,1,19,70,420,540,4,5
4187,10,351,10,2,3,2,32,61,420,540,1,5
4188,11,26,11,1,3,3,85,34,60,180,4,5
4189,1,251,1,2,3,3,28,49,420,540,3,5
4190,7,471,9,1,3,1,90,17,180,300,3,5
4191,11,114,12,1,3,2,38,41,0,300,3,5
4192,13,37,13,2,3,3,26,46,60,180,3,5
4193,6,156,6,2,3,3,56,29,300,600,2,5
4194,13,192,13,2,3,3,64,89,300,420,1,5
4195,11,180,11,2,3,2,88,81,180,300,1,5
4196,6,383,6,2,3,3,61,89,420,540,1,5
4197,9,333,10,1,3,3,83,88,0,300,4,5
4198,11,134,13,1,3,3,26,96,0,300,4,5
4199,7,380,8,2,3,2,54,46,0,300,2,5
4200,5,147,6,1,3,2,40,2,0,300,1,5
4201,14,104,14,2,3,2,97,84,180,300,2,5
4202,13,506,14,1,3,3,65,91,60,180,4,5
4203,3,15,3,1,3,3,21,27,60,180,1,5
4204,13,318,13,2,3,2,67,75,420,540,4,5
4205,12,364,12,2,3,1,46,10,420,540,1,5
4206,5,387,6,1,3,3,11,6,180,300,2,5
4207,12,357,13,1,3,1,62,27,0,300,4,5
4208,9,462,10,1,3,2,82,82,180,300,3,5
4209,3,447,4,2,3,3,69,77,180,300,1,5
4210,1,110,2,2,3,2,25,67,60,180,4,5
4211,8,571,10,2,3,3,0,17,60,180,4,5
4212,7,586,9,2,3,2,57,46,300,600,4,5
4213,8,303,8,2,3,3,58,87,420,540,2,5
4214,6,514,7,1,3,3,43,0,0,300,3,5
4215,14,209,14,2,3,3,45,87,300,420,1,5
4216,14,383,15,1,3,3,77,47,0,300,4,5
4217,11,296,11,2,3,1,96,64,420,540,3,5
4218,9,554,11,1,3,3,81,88,60,180,3,5
4219,6,570,8,1,3,2,46,75,60,180,2,5
4220,5,35,5,2,3,2,16,66,0,300,2,5
4221,6,422,7,1,3,2,64,7,0,300,3,5
4222,2,97,3,1,3,2,85,64,0,300,1,5
4223,5,131,6,2,3,3,52,7,180,300,4,5
4224,5,5,6,1,3,3,12,7,60,180,1,5
4225,14,190,15,1,3,3,48,19,60,180,1,5
4226,14,461,15,1,3,2,70,48,60,180,2,5
4227,6,153,6,2,3,3,91,75,300,600,3,5
4228,1,381,2,1,3,3,7,2,0,300,4,5
4229,9,407,9,2,3,3,51,94,420,540,2,5
4230,10,233,11,1,3,3,89,2,180,300,1,5
4231,5,540,6,2,3,2,53,53,180,300,2,5
4232,14,53,15,1,3,1,89,52,180,300,3,5
4233,2,39,2,2,3,2,18,35,180,300,1,5
4234,6,231,6,2,3,1,24,6,300,600,2,5
4235,2,596,3,2,3,2,64,55,420,540,2,5
4236,11,417,12,1,3,2,29,52,60,180,3,5
4237,6,184,6,2,3,2,99,83,300,600,3,5
4238,13,344,14,2,3,2,13,31,180,300,4,5
4239,13,303,13,2,3,2,48,95,420,540,4,5
4240,6,42,6,1,3,2,37,66,60,180,3,5
4241,8,144,8,1,3,2,99,90,180,300,3,5
4242,12,309,13,1,3,1,39,38,180,300,4,5
4243,4,348,4,2,3,1,89,88,420,540,2,5
4244,2,245,3,2,3,2,10,57,0,300,4,5
4245,8,480,9,2,3,1,80,17,60,180,4,5
4246,4,597,5,1,3,2,43,34,180,300,1,5
4247,11,380,12,1,3,1,0,76,0,300,2,5
4248,9,396,10,1,3,1,25,58,60,180,4,5
4249,13,331,14,1,3,2,53,79,0,300,2,5
4250,5,88,5,1,3,1,39,59,180,300,4,5
4251,10,580,11,2,3,2,35,85,180,300,3,5
4252,8,157,10,1,3,1,92,49,0,300,1,5
4253,8,458,10,1,3,2,2,52,0,300,2,5
4254,5,490,7,1,3,1,52,49,180,300,4,5
4255,3,444,4,2,3,1,5,25,60,180,3,5
4256,2,528,3,1,3,1,90,47,0,300,4,5
4257,3,183,3,2,3,3,100,66,300,420,4,5
4258,12,316,13,1,3,2,8,84,60,180,1,5
4259,12,478,13,2,3,3,69,53,300,600,1,5
4260,11,315,12,1,3,1,98,37,60,180,4,5
4261,8,425,9,1,3,1,35,56,60,180,3,5
4262,1,472,3,1,3,3,58,25,180,300,3,5
4263,3,500,5,1,3,2,20,14,60,180,2,5
4264,9,526,11,1,3,2,41,73,180,300,3,5
4265,4,204,4,2,3,2,2,81,420,540,3,5
4266,4,491,5,2,3,2,90,96,0,300,1,5
4267,14,308,15,1,3,2,72,86,180,300,3,5
4268,3,419,3,2,3,1,35,45,420,540,3,5
4269,4,37,4,1,3,3,8,81,60,180,2,5
4270,4,231,4,2,3,2,63,25,420,540,2,5
4271,14,455,15,1,3,1,5,94,60,180,1,5
4272,3,56,3,1,3,2,68,72,60,180,1,5
4273,10,437,11,1,3,3,34,67,0,300,2,5
4274,2,360,2,2,3,3,76,88,420,540,4,5
4275,7,368,7,2,3,2,90,96,420,540,2,5
4276,1,496,2,2,3,1,19,75,300,600,4,5
4277,6,242,6,2,3,3,35,20,300,420,4,5
4278,4,534,6,1,3,3,40,17,180,300,4,5
4279,12,541,13,1,3,3,47,62,60,180,1,5
4280,11,423,12,1,3,3,39,96,60,180,3,5
4281,2,513,3,1,3,3,71,14,60,180,1,5
4282,9,184,9,2,3,1,50,15,300,420,1,5
4283,13,171,13,1,3,2,72,84,180,300,2,5
4284,2,118,2,2,3,2,38,35,300,600,1,5
4285,9,2,11,2,3,2,8,45,180,300,2,5
4286,6,201,6,2,3,1,15,93,420,540,4,5
4287,5,272,5,2,3,2,82,67,420,540,2,5
4288,2,337,2,2,3,3,55,11,420,540,1,5
4289,11,318,11,2,3,3,9,1,420,540,3,5
4290,4,134,5,2,3,1,95,92,420,540,2,5
4291,7,368,7,2,3,2,95,38,420,540,3,5
4292,10,233,10,2,3,1,9,53,300,600,3,5
4293,8,74,10,2,3,1,1,28,180,300,3,5
4294,11,122,11,1,3,1,72,65,180,300,3,5
4295,2,195,2,2,3,2,75,18,300,420,3,5
4296,13,108,13,1,3,2,7,16,180,300,1,5
4297,12,533,14,1,3,1,77,10,60,180,2,5
4298,9,442,11,2,3,2,22,92,60,180,1,5
4299,14,474,16,2,3,1,84,25,60,180,3,5
4300,4,335,4,2,3,3,39,61,420,540,2,5
4301,10,122,10,1,3,1,30,97,180,300,1,5
4302,6,490,7,2,3,3,24,18,180,300,2,5
4303,3,201,3,2,3,1,16,69,420,540,1,5
4304,11,587,13,2,3,3,34,19,420,540,4,5
4305,6,479,7,2,3,3,16,15,420,540,4,5
4306,13,110,13,1,3,1,76,85,180,300,4,5
4307,5,236,5,2,3,3,32,51,420,540,1,5
4308,11,121,12,1,3,1,99,81,180,300,4,5
4309,6,23,7,1,3,2,13,70,180,300,3,5
4310,7,588,9,1,3,3,78,7,180,300,4,5
4311,3,443,4,1,3,1,74,82,180,300,3,5
4312,9,292,10,1,3,2,52,78,0,300,2,5
4313,13,360,13,2,3,3,99,17,420,540,1,5
4314,2,577,4,1,3,1,82,12,60,180,2,5
4315,9,248,10,1,3,1,69,27,60,180,4,5
4316,12,519,13,2,3,1,66,37,300,600,1,5
4317,3,362,3,2,3,1,2,71,420,540,2,5
4318,2,169,2,2,3,1,75,18,300,420,4,5
4319,2,524,3,2,3,1,15,33,60,180,4,5
4320,12,53,12,2,3,3,14,18,300,600,2,5
4321,12,205,12,2,3,3,1,31,420,540,4,5
4322,7,7,7,1,3,1,73,75,60,180,3,5
4323,9,77,9,1,3,3,87,29,180,300,2,5
4324,2,5,3,1,3,1,7,24,60,180,1,5
4325,1,194,1,2,3,2,99,57,420,540,3,5
4326,12,474,13,1,3,1,36,42,180,300,1,5
4327,1,563,2,2,3,2,97,79,60,180,2,5
4328,8,205,8,2,3,1,90,63,420,540,4,5
4329,11,271,12,2,3,1,16,2,180,300,3,5
4330,14,452,15,2,3,2,91,48,300,600,3,5
4331,1,245,3,1,3,2,47,96,0,300,3,5
4332,4,348,4,2,3,2,58,90,420,540,4,5
4333,12,514,14,2,3,3,55,37,60,180,2,5
4334,3,548,4,1,3,1,38,34,180,300,3,5
4335,1,191,1,2,3,1,21,25,420,540,3,5
4336,7,239,7,2,3,1,6,24,300,420,1,5
4337,13,108,13,2,3,1,99,60,300,420,1,5
4338,5,417,5,2,3,3,51,92,420,540,2,5
4339,10,433,12,2,3,1,83,24,420,540,4,5
4340,1,72,1,2,3,3,15,94,420,540,1,5
4341,4,226,4,2,3,3,59,58,300,420,3,5
4342,3,192,3,2,3,1,0,50,420,540,1,5
4343,4,423,6,2,3,2,31,18,60,180,2,5
4344,2,463,4,1,3,1,64,21,0,300,1,5
4345,8,479,10,2,3,1,46,63,180,300,2,5
4346,3,296,3,2,3,1,97,0,420,540,2,5
4347,11,475,12,2,3,1,7,43,0,300,3,5
4348,13,237,13,2,3,2,42,2,420,540,4,5
4349,10,505,12,2,3,1,43,32,300,420,1,5
4350,6,452,8,2,3,2,74,13,420,540,3,5
4351,10,24,11,1,3,2,17,5,0,300,1,5
4352,5,344,5,2,3,3,47,40,420,540,2,5
4353,6,142,7,1,3,1,96,25,180,300,1,5
4354,14,408,15,1,3,1,48,97,60,180,4,5
4355,5,493,7,1,3,1,21,72,180,300,1,5
4356,4,150,5,1,3,2,55,20,180,300,3,5
4357,9,244,10,2,3,1,0,53,60,180,3,5
4358,14,481,16,1,3,3,83,27,180,300,2,5
4359,3,212,3,2,3,1,10,85,420,540,1,5
4360,8,52,8,1,3,1,4,31,60,180,1,5
4361,8,581,9,1,3,3,32,88,180,300,3,5
4362,1,523,3,2,3,1,72,1,420,540,2,5
4363,1,245,2,1,3,1,13,43,60,180,4,5
4364,10,115,11,2,3,1,87,21,180,300,4,5
4365,8,17,9,2,3,1,42,18,420,540,4,5
4366,12,301,12,2,3,2,91,45,420,540,3,5
4367,13,261,14,1,3,1,34,43,60,180,2,5
4368,14,73,14,1,3,3,71,87,180,300,1,5
4369,2,82,3,2,3,1,18,50,0,300,3,5
4370,12,170,12,2,3,1,19,45,420,540,4,5
4371,2,415,2,2,3,1,98,53,420,540,2,5
4372,10,585,11,1,3,3,35,62,60,180,1,5
4373,11,377,12,1,3,2,29,97,60,180,1,5
4374,6,195,6,2,3,1,24,82,300,600,3,5
4375,11,386,12,1,3,3,95,4,180,300,4,5
4376,5,158,6,2,3,2,22,32,300,600,1,5
4377,3,398,3,2,3,2,66,84,420,540,1,5
4378,5,367,5,2,3,1,38,74,420,540,1,5
4379,5,56,6,2,3,2,100,86,420,540,2,5
4380,4,205,5,1,3,3,67,63,180,300,2,5
4381,4,118,4,2,3,3,78,34,300,600,3,5
4382,14,501,15,2,3,3,36,62,0,300,1,5
4383,1,471,3,2,3,1,71,27,60,180,1,5
4384,1,58,1,1,3,1,96,3,60,180,4,5
4385,7,267,8,1,3,3,63,97,180,300,1,5
4386,2,171,3,1,3,1,1,46,60,180,3,5
4387,7,487,9,1,3,2,3,70,0,300,2,5
4388,6,264,6,2,3,2,10,44,420,540,1,5
4389,11,564,12,2,3,2,62,16,300,420,1,5
4390,5,461,7,1,3,2,10,97,60,180,4,5
4391,1,210,2,2,3,2,30,90,0,300,4,5
4392,13,278,14,1,3,1,99,31,180,300,4,5
4393,7,10,8,1,3,2,56,10,0,300,4,5
4394,7,532,8,2,3,3,59,2,180,300,3,5
4395,14,417,16,1,3,1,74,53,60,180,4,5
4396,14,276,15,1,3,1,71,47,60,180,4,5
4397,8,411,8,2,3,3,87,33,420,540,2,5
4398,8,19,8,1,3,2,40,47,60,180,1,5
4399,1,319,1,2,3,2,3,2,420,540,2,5
4400,3,254,4,1,3,3,52,82,180,300,3,5
4401,7,458,9,2,3,3,88,50,180,300,1,5
4402,6,95,7,1,3,1,15,15,0,300,4,5
4403,13,226,14,1,3,1,0,4,180,300,4,5
4404,9,408,9,2,3,3,2,50,420,540,1,5
4405,9,398,9,2,3,3,67,57,420,540,2,5
4406,9,385,9,2,3,1,45,4,420,540,2,5
4407,9,375,10,1,3,3,60,24,60,180,4,5
4408,5,373,5,2,3,3,13,99,420,540,1,5
4409,6,417,7,2,3,3,55,41,300,420,1,5
4410,11,148,12,1,3,2,90,75,0,300,2,5
4411,6,27,6,1,3,2,15,24,60,180,1,5
4412,2,161,3,2,3,1,86,28,420,540,1,5
4413,3,307,3,2,3,2,37,17,420,540,4,5
4414,14,471,16,1,3,1,15,67,0,300,2,5
4415,2,67,2,2,3,2,60,49,420,540,3,5
4416,7,178,7,1,3,2,27,17,180,300,4,5
4417,10,299,10,2,3,3,21,29,300,600,4,5
4418,14,547,15,1,3,1,3,41,60,180,4,5
4419,1,127,1,2,3,2,46,82,300,420,3,5
4420,8,185,8,2,3,3,4,8,300,420,3,5
4421,11,182,12,1,3,1,29,81,180,300,4,5
4422,14,181,15,1,3,1,49,56,180,300,2,5
4423,8,135,8,1,3,2,6,43,180,300,4,5
4424,10,561,11,1,3,3,43,80,60,180,4,5
4425,13,9,13,2,3,3,84,91,420,540,4,5
4426,11,594,12,1,3,3,49,26,180,300,1,5
4427,11,23,11,1,3,3,84,33,60,180,2,5
4428,12,130,14,1,3,2,89,10,60,180,2,5
4429,11,210,11,2,3,3,34,9,300,600,1,5
4430,13,375,15,1,3,1,24,60,0,300,2,5
4431,8,451,9,2,3,2,2,89,60,180,1,5
4432,5,178,5,2,3,1,45,31,420,540,4,5
4433,1,262,1,2,3,2,36,77,420,540,3,5
4434,12,551,14,1,3,2,71,48,60,180,1,5
4435,5,400,7,2,3,3,33,49,300,600,4,5
4436,5,317,5,2,3,1,16,71,420,540,3,5
4437,4,600,5,1,3,1,78,8,0,300,2,5
4438,2,229,3,1,3,1,65,50,180,300,3,5
4439,8,347,8,2,3,2,8,87,420,540,2,5
4440,1,236,1,2,3,1,36,34,420,540,3,5
4441,3,22,3,1,3,3,79,19,60,180,4,5
4442,5,160,5,2,3,1,95,14,300,600,2,5
4443,8,352,8,2,3,3,55,6,420,540,1,5
4444,2,163,2,1,3,3,83,26,180,300,4,5
4445,13,244,13,2,3,1,19,14,420,540,2,5
4446,11,170,11,1,3,3,72,85,180,300,3,5
4447,6,153,6,2,3,3,48,33,300,600,4,5
4448,9,254,9,2,3,3,80,98,300,600,1,5
4449,3,567,5,1,3,2,96,5,180,300,4,5
4450,1,573,2,1,3,1,16,26,0,300,1,5
4451,9,213,10,1,3,3,25,61,60,180,1,5
4452,6,229,7,1,3,3,29,36,0,300,3,5
4453,3,129,3,1,3,2,13,43,180,300,4,5
4454,6,510,7,2,3,1,34,62,60,180,4,5
4455,5,397,5,2,3,2,92,30,420,540,2,5
4456,13,10,13,1,3,1,24,64,60,180,2,5
4457,6,70,6,1,3,3,83,36,180,300,1,5
4458,9,179,9,1,3,1,40,61,180,300,3,5
4459,4,88,4,2,3,3,3,20,420,540,3,5
4460,4,571,5,2,3,1,1,3,420,540,1,5
4461,10,345,11,1,3,3,25,59,60,180,2,5
4462,7,564,8,1,3,1,68,83,180,300,4,5
4463,9,79,10,2,3,2,22,45,0,300,3,5
4464,1,430,3,2,3,2,76,44,300,600,1,5
4465,4,59,4,1,3,2,11,16,60,180,2,5
4466,4,423,5,1,3,3,52,74,0,300,4,5
4467,5,257,5,2,3,3,91,98,300,420,3,5
4468,6,91,6,2,3,2,15,10,420,540,1,5
4469,11,123,11,2,3,2,58,69,180,300,2,5
4470,11,130,12,1,3,3,62,38,180,300,1,5
4471,11,493,12,1,3,2,4,12,0,300,3,5
4472,8,390,8,2,3,3,23,57,420,540,4,5
4473,14,313,14,2,3,3,4,35,420,540,3,5
4474,12,114,12,2,3,2,73,27,300,420,2,5
4475,2,148,3,1,3,1,26,43,60,180,4,5
4476,6,381,6,2,3,3,84,91,420,540,4,5
4477,9,587,10,2,3,2,27,89,420,540,4,5
4478,12,14,12,2,3,2,79,68,420,540,2,5
4479,14,337,15,1,3,1,35,41,180,300,2,5
4480,2,59,2,1,3,3,23,84,60,180,4,5
4481,9,247,9,2,3,3,78,38,300,420,4,5
4482,11,46,11,2,3,1,13,80,180,300,4,5
4483,4,509,5,1,3,3,98,75,60,180,1,5
4484,8,439,10,1,3,3,87,67,180,300,4,5
4485,10,278,10,2,3,2,44,67,420,540,2,5
4486,7,86,8,1,3,1,37,65,180,300,3,5
4487,13,2,14,2,3,3,29,18,180,300,3,5
4488,4,135,4,1,3,2,89,100,180,300,3,5
4489,14,385,15,2,3,3,22,21,60,180,2,5
4490,6,3,6,1,3,3,45,34,60,180,4,5
4491,8,67,9,1,3,1,26,39,0,300,2,5
4492,2,93,3,1,3,1,56,87,180,300,3,5
4493,12,200,13,1,3,3,35,92,180,300,4,5
4494,10,344,12,1,3,3,72,38,0,300,3,5
4495,8,115,8,1,3,3,59,11,180,300,1,5
4496,14,372,15,1,3,2,31,23,0,300,3,5
4497,8,511,10,2,3,2,4,35,60,180,3,5
4498,9,228,9,2,3,1,70,67,420,540,1,5
4499,12,110,13,1,3,3,1,60,180,300,1,5
4500,2,127,3,2,3,1,10,73,300,420,2,5
4501,14,55,14,1,3,2,60,89,60,180,4,5
4502,7,160,8,1,3,3,89,61,180,300,1,5
4503,7,499,9,2,3,2,47,63,180,300,3,5
4504,6,104,6,1,3,2,29,85,180,300,2,5
4505,6,198,7,2,3,2,43,5,300,600,3,5
4506,11,559,12,2,3,3,97,55,180,300,3,5
4507,7,354,7,2,3,2,86,11,420,540,3,5
4508,11,96,11,1,3,3,90,71,180,300,4,5
4509,10,403,11,1,3,1,34,75,180,300,3,5
4510,1,293,1,2,3,3,95,75,420,540,3,5
4511,10,345,10,2,3,1,12,60,420,540,2,5
4512,13,539,15,1,3,1,30,37,60,180,3,5
4513,6,572,8,2,3,3,5,33,60,180,2,5
4514,9,179,10,1,3,2,47,94,0,300,2,5
4515,4,595,5,1,3,1,5,17,60,180,3,5
4516,8,101,8,2,3,2,39,8,180,300,2,5
4517,10,418,11,2,3,2,76,18,60,180,2,5
4518,5,188,6,1,3,3,45,0,180,300,3,5
4519,11,437,12,1,3,1,42,21,180,300,3,5
4520,2,237,2,2,3,3,55,75,300,420,3,5
4521,5,442,6,1,3,2,69,53,60,180,2,5
4522,2,283,2,2,3,2,12,32,300,420,2,5
4523,2,50,2,1,3,2,39,11,60,180,1,5
4524,12,374,13,2,3,2,56,92,420,540,4,5
4525,10,359,10,2,3,2,90,38,420,540,4,5
4526,4,477,5,2,3,2,40,43,420,540,4,5
4527,10,413,10,2,3,1,31,29,420,540,3,5
4528,4,426,5,1,3,2,96,100,0,300,1,5
4529,5,447,6,2,3,3,23,81,180,300,3,5
4530,9,308,10,1,3,3,62,20,0,300,1,5
4531,2,573,3,1,3,2,54,19,60,180,2,5
4532,3,257,3,2,3,3,26,68,300,600,1,5
4533,13,111,15,1,3,2,0,44,60,180,1,5
4534,13,181,14,2,3,1,29,86,180,300,2,5
4535,1,241,2,2,3,2,17,18,300,420,2,5
4536,13,397,13,2,3,1,18,73,420,540,3,5
4537,2,513,4,2,3,2,10,58,60,180,1,5
4538,3,260,4,1,3,3,93,58,180,300,1,5
4539,5,29,6,2,3,1,70,75,60,180,1,5
4540,5,502,6,2,3,2,79,98,60,180,1,5
4541,6,446,8,2,3,3,53,71,60,180,3,5
4542,14,46,14,1,3,3,76,71,60,180,4,5
4543,12,215,13,1,3,1,85,39,60,180,4,5
4544,11,443,13,2,3,3,60,63,0,300,4,5
4545,2,530,4,1,3,1,93,3,180,300,1,5
4546,4,329,4,2,3,2,94,50,420,540,2,5
4547,6,270,6,2,3,2,85,80,300,600,4,5
4548,3,193,5,1,3,2,71,93,0,300,3,5
4549,5,204,5,2,3,3,58,18,420,540,1,5
4550,13,477,14,1,3,3,95,75,0,300,1,5
4551,7,242,7,2,3,3,35,25,420,540,3,5
4552,1,523,3,1,3,3,28,52,0,300,1,5
4553,7,595,9,1,3,3,34,44,180,300,4,5
4554,8,411,8,2,3,2,78,39,420,540,1,5
4555,11,10,13,1,3,2,92,18,180,300,3,5
4556,8,291,8,2,3,2,91,42,420,540,4,5
4557,5,51,5,1,3,2,95,22,60,180,3,5
4558,12,477,14,2,3,2,17,88,300,600,4,5
4559,14,165,14,2,3,1,56,97,300,600,4,5
4560,4,285,4,2,3,2,3,42,420,540,1,5
4561,11,80,12,1,3,2,0,50,0,300,4,5
4562,14,333,14,2,3,3,49,12,420,540,2,5
4563,6,415,7,1,3,3,79,67,180,300,3,5
4564,3,545,4,1,3,2,69,37,60,180,4,5
4565,5,256,5,2,3,1,74,89,420,540,4,5
4566,4,429,6,1,3,2,41,28,180,300,2,5
4567,8,385,8,2,3,1,57,70,420,540,1,5
4568,14,492,16,2,3,3,15,27,180,300,1,5
4569,1,412,3,1,3,3,1,81,60,180,2,5
4570,3,250,3,2,3,1,79,78,420,540,3,5
4571,3,519,4,1,3,1,56,25,180,300,4,5
4572,8,163,8,2,3,2,98,81,180,300,2,5
4573,1,59,2,1,3,2,72,61,60,180,1,5
4574,1,137,3,1,3,3,50,48,180,300,3,5
4575,1,454,3,1,3,1,4,30,180,300,4,5
4576,3,84,4,2,3,1,12,6,60,180,3,5
4577,3,227,3,2,3,1,61,53,300,420,3,5
4578,6,34,7,1,3,1,81,99,0,300,3,5
4579,3,207,3,2,3,3,41,72,300,420,3,5
4580,7,76,7,1,3,2,42,54,180,300,4,5
4581,6,180,7,1,3,1,19,59,180,300,3,5
4582,7,237,7,2,3,1,87,18,420,540,3,5
4583,6,18,6,1,3,2,66,22,60,180,1,5
4584,9,414,9,2,3,2,27,21,420,540,1,5
4585,8,125,8,1,3,1,2,12,180,300,3,5
4586,11,428,12,2,3,3,76,16,180,300,2,5
4587,5,118,6,1,3,1,69,71,60,180,2,5
4588,12,130,14,1,3,1,17,23,180,300,4,5
4589,10,247,11,2,3,1,57,34,180,300,1,5
4590,12,401,13,2,3,1,6,47,420,540,2,5
4591,11,312,11,2,3,2,91,58,420,540,4,5
4592,14,358,14,2,3,2,73,52,420,540,1,5
4593,13,386,13,2,3,3,64,49,420,540,2,5
4594,12,272,13,1,3,2,53,13,60,180,3,5
4595,3,428,5,1,3,3,9,47,180,300,3,5
4596,5,184,5,2,3,1,28,28,420,540,3,5
4597,2,363,2,2,3,1,39,62,420,540,1,5
4598,14,420,14,2,3,2,52,64,420,540,1,5
4599,13,364,13,2,3,1,93,45,420,540,2,5
4600,6,587,8,1,3,1,88,84,60,180,3,5
4601,9,405,9,2,3,2,93,52,420,540,3,5
4602,10,297,10,2,3,3,84,22,420,540,4,5
4603,8,225,10,1,3,3,25,25,60,180,1,5
4604,7,48,8,1,3,3,29,28,60,180,2,5
4605,12,493,13,1,3,1,36,15,60,180,2,5
4606,1,356,1,2,3,1,63,65,420,540,1,5
4607,8,577,9,1,3,1,96,17,180,300,4,5
4608,5,182,7,2,3,3,42,41,60,180,4,5
4609,1,110,2,2,3,3,14,69,60,180,4,5
4610,2,216,2,2,3,2,15,4,300,420,2,5
4611,13,226,14,2,3,3,21,38,300,600,3,5
4612,11,371,11,2,3,3,50,63,420,540,3,5
4613,3,567,4,1,3,2,7,46,180,300,3,5
4614,6,71,6,2,3,1,33,61,180,300,2,5
4615,14,324,14,2,3,3,22,4,420,540,3,5
4616,6,65,6,1,3,2,99,75,180,300,1,5
4617,1,504,2,2,3,1,2,5,60,180,2,5
4618,8,247,8,2,3,3,75,12,420,540,2,5
4619,4,529,5,2,3,2,83,37,300,420,4,5
4620,2,50,3,1,3,1,2,11,0,300,3,5
4621,1,74,1,1,3,1,26,28,180,300,2,5
4622,14,198,15,1,3,1,79,34,0,300,3,5
4623,14,322,14,2,3,2,61,98,420,540,2,5
4624,13,406,14,1,3,1,59,37,180,300,1,5
4625,3,267,4,1,3,3,44,71,180,300,4,5
4626,8,597,9,1,3,2,8,7,60,180,3,5
4627,13,447,15,1,3,2,15,55,0,300,3,5
4628,2,409,2,2,3,1,97,4,420,540,3,5
4629,13,244,13,2,3,2,64,49,420,540,1,5
4630,4,590,5,2,3,3,81,50,420,540,4,5
4631,7,8,7,2,3,2,8,7,300,600,2,5
4632,14,112,14,1,3,2,60,59,180,300,2,5
4633,1,94,1,1,3,1,100,53,180,300,2,5
4634,1,138,2,2,3,3,26,6,300,600,3,5
4635,1,458,2,1,3,2,92,20,60,180,4,5
4636,10,341,10,2,3,1,75,77,420,540,3,5
4637,6,138,6,1,3,3,2,0,180,300,2,5
4638,4,260,5,1,3,3,73,53,0,300,2,5
4639,3,50,4,2,3,3,26,86,180,300,1,5
4640,6,45,7,2,3,1,17,12,60,180,2,5
4641,5,126,5,1,3,3,98,26,180,300,4,5
4642,4,104,4,1,3,3,77,32,180,300,1,5
4643,2,579,3,1,3,1,10,54,0,300,3,5
4644,11,560,12,2,3,3,80,62,420,540,1,5
4645,1,348,2,2,3,2,86,26,60,180,1,5
4646,4,487,6,1,3,1,32,16,60,180,2,5
4647,2,272,3,1,3,3,67,6,0,300,3,5
4648,3,132,3,2,3,1,87,47,300,420,1,5
4649,2,566,4,1,3,1,88,43,60,180,2,5
4650,11,451,12,1,3,3,20,61,60,180,3,5
4651,5,277,5,2,3,1,22,74,300,420,4,5
4652,8,285,9,1,3,3,68,61,180,300,2,5
4653,13,242,13,2,3,2,94,52,300,420,1,5
4654,7,526,9,1,3,1,19,81,180,300,2,5
4655,14,222,15,2,3,2,38,90,420,540,4,5
4656,9,95,9,2,3,1,99,70,420,540,4,5
4657,8,496,10,2,3,1,74,38,60,180,1,5
4658,6,104,6,2,3,3,41,84,180,300,1,5
4659,7,478,9,1,3,2,71,62,180,300,1,5
4660,11,34,12,2,3,3,4,31,0,300,3,5
4661,8,342,9,1,3,2,26,38,0,300,4,5
4662,14,234,14,2,3,2,100,58,300,600,4,5
4663,3,399,4,1,3,1,15,100,180,300,4,5
4664,4,251,5,1,3,3,11,19,180,300,2,5
4665,13,534,14,1,3,2,76,8,180,300,1,5
4666,1,148,1,1,3,1,38,8,180,300,1,5
4667,5,580,6,1,3,3,51,56,0,300,2,5
4668,11,355,11,2,3,1,95,87,420,540,3,5
4669,9,123,9,2,3,3,15,92,420,540,3,5
4670,2,374,3,2,3,2,41,0,300,420,4,5
4671,10,115,10,2,3,1,43,4,420,540,3,5
4672,7,434,8,1,3,3,90,21,60,180,3,5
4673,1,480,3,1,3,3,45,2,0,300,2,5
4674,5,286,6,2,3,2,65,60,60,180,3,5
4675,10,151,11,1,3,2,36,87,180,300,4,5
4676,10,594,11,1,3,1,2,70,0,300,2,5
4677,6,476,7,2,3,3,44,11,420,540,1,5
4678,12,593,13,1,3,1,10,1,0,300,1,5
4679,13,578,14,2,3,2,37,4,60,180,2,5
4680,4,452,5,1,3,3,96,44,0,300,1,5
4681,14,429,15,1,3,1,95,88,0,300,2,5
4682,11,190,11,2,3,3,47,17,300,600,3,5
4683,14,109,15,1,3,2,84,69,60,180,1,5
4684,3,18,3,1,3,3,46,32,60,180,4,5
4685,14,223,14,2,3,2,22,57,300,420,2,5
4686,4,362,5,1,3,2,11,50,0,300,1,5
4687,12,365,13,1,3,1,64,34,0,300,4,5
4688,2,114,3,2,3,2,64,99,180,300,1,5
4689,7,319,7,2,3,2,95,83,420,540,4,5
4690,7,473,9,2,3,2,82,53,180,300,1,5
4691,14,69,15,1,3,2,69,13,0,300,2,5
4692,6,570,7,2,3,1,9,19,180,300,3,5
4693,5,403,5,2,3,1,9,63,420,540,1,5
4694,11,74,11,1,3,1,30,52,180,300,2,5
4695,4,433,5,2,3,2,76,50,300,420,1,5
4696,14,437,15,2,3,3,33,16,60,180,1,5
4697,8,551,9,1,3,3,13,22,60,180,3,5
4698,11,448,12,2,3,2,17,33,60,180,3,5
4699,6,465,8,1,3,3,77,92,0,300,1,5
4700,1,96,2,1,3,1,51,2,60,180,2,5
4701,2,232,2,2,3,3,2,42,420,540,1,5
4702,3,575,4,1,3,2,7,83,0,300,2,5
4703,14,82,14,1,3,2,9,22,180,300,3,5
4704,9,470,10,1,3,3,5,100,60,180,1,5
4705,2,582,4,2,3,2,46,96,60,180,4,5
4706,13,342,14,2,3,2,6,45,420,540,2,5
4707,8,414,9,1,3,1,31,75,0,300,3,5
4708,9,67,9,1,3,1,77,22,180,300,1,5
4709,8,580,9,2,3,1,2,71,0,300,2,5
4710,10,209,10,2,3,2,90,68,300,420,3,5
4711,2,367,3,2,3,2,77,40,180,300,1,5
4712,8,330,9,1,3,1,64,87,60,180,4,5
4713,12,469,14,1,3,2,25,7,0,300,3,5
4714,2,225,3,1,3,2,72,98,60,180,3,5
4715,10,326,10,2,3,2,93,64,420,540,1,5
4716,5,116,5,2,3,1,41,27,300,420,4,5
4717,10,546,12,1,3,3,84,9,180,300,1,5
4718,7,183,7,2,3,1,33,27,300,420,2,5
4719,7,208,7,2,3,3,6,21,300,600,4,5
4720,14,30,14,1,3,3,80,98,60,180,4,5
4721,14,295,14,2,3,3,23,46,420,540,3,5
4722,13,82,13,1,3,3,77,35,180,300,3,5
4723,6,490,7,2,3,2,26,46,420,540,1,5
4724,11,158,12,2,3,1,55,60,300,600,4,5
4725,10,93,10,1,3,1,3,92,180,300,1,5
4726,4,193,4,2,3,1,76,58,300,420,1,5
4727,11,205,12,2,3,3,72,80,300,420,4,5
4728,4,151,5,1,3,2,8,26,180,300,1,5
4729,1,423,3,1,3,1,47,43,0,300,2,5
4730,11,554,12,2,3,2,16,9,0,300,4,5
4731,13,422,15,1,3,2,18,18,0,300,2,5
4732,13,179,13,1,3,2,32,14,180,300,4,5
4733,3,130,3,2,3,3,26,97,420,540,2,5
4734,10,291,10,2,3,3,18,54,420,540,4,5
4735,12,459,14,1,3,3,57,9,180,300,2,5
4736,5,430,6,1,3,2,71,5,180,300,3,5
4737,6,449,8,1,3,1,71,55,60,180,3,5
4738,11,308,12,1,3,3,5,7,0,300,1,5
4739,7,422,8,2,3,1,8,28,0,300,4,5
4740,13,212,15,2,3,2,12,18,0,300,4,5
4741,10,291,12,1,3,3,63,7,0,300,1,5
4742,11,324,12,1,3,3,14,32,60,180,3,5
4743,11,560,12,1,3,2,62,66,180,300,1,5
4744,8,462,9,2,3,3,79,40,0,300,2,5
4745,8,112,8,2,3,3,46,79,300,600,2,5
4746,14,27,14,2,3,2,73,79,0,300,3,5
4747,6,267,7,1,3,2,17,64,60,180,3,5
4748,5,371,5,2,3,2,45,20,420,540,3,5
4749,8,63,10,2,3,3,97,6,300,600,1,5
4750,9,270,9,2,3,1,5,23,300,600,2,5
4751,11,52,12,1,3,2,27,39,0,300,1,5
4752,2,446,4,1,3,3,24,34,60,180,2,5
4753,2,250,3,1,3,2,24,51,0,300,1,5
4754,1,564,3,1,3,3,49,45,180,300,3,5
4755,8,503,10,1,3,2,75,75,60,180,3,5
4756,13,567,15,2,3,2,7,23,300,600,2,5
4757,8,37,8,2,3,3,25,19,420,540,2,5
4758,4,472,6,1,3,2,76,25,0,300,4,5
4759,6,305,7,1,3,3,19,66,0,300,4,5
4760,5,395,5,2,3,1,40,60,420,540,1,5
4761,7,12,7,2,3,2,69,79,300,600,1,5
4762,12,504,14,1,3,1,71,96,60,180,1,5
4763,10,562,11,2,3,3,8,97,60,180,4,5
4764,1,126,2,1,3,2,97,86,180,300,2,5
4765,9,454,10,1,3,3,90,91,0,300,4,5
4766,8,518,10,1,3,1,64,90,180,300,3,5
4767,11,319,11,2,3,1,64,88,420,540,2,5
4768,14,106,14,2,3,2,37,26,300,600,2,5
4769,5,287,5,2,3,1,33,70,300,420,1,5
4770,5,326,6,2,3,2,90,70,0,300,2,5
4771,6,597,8,1,3,1,39,10,0,300,1,5
4772,11,574,12,1,3,1,29,26,180,300,2,5
4773,8,440,9,2,3,3,11,2,420,540,1,5
4774,2,410,2,2,3,3,69,28,420,540,1,5
4775,2,103,4,1,3,2,86,6,180,300,2,5
4776,6,598,8,2,3,1,4,71,300,600,4,5
4777,8,482,10,1,3,3,51,50,0,300,1,5
4778,1,164,1,2,3,2,57,62,180,300,4,5
4779,6,96,7,2,3,2,92,10,180,300,3,5
4780,10,485,12,1,3,3,21,62,0,300,2,5
4781,14,273,14,2,3,2,37,69,300,600,3,5
4782,9,11,9,1,3,1,25,19,60,180,2,5
4783,10,535,12,1,3,2,10,13,0,300,2,5
4784,8,115,9,1,3,1,57,38,0,300,4,5
4785,1,590,2,1,3,2,58,42,60,180,4,5
4786,8,494,10,1,3,2,8,47,60,180,3,5
4787,13,516,15,1,3,2,37,4,180,300,3,5
4788,8,48,9,2,3,3,73,59,60,180,1,5
4789,3,60,3,1,3,3,70,79,180,300,2,5
4790,1,587,3,1,3,1,28,65,180,300,1,5
4791,7,585,8,1,3,2,80,94,0,300,4,5
4792,10,351,10,2,3,2,0,79,420,540,2,5
4793,3,332,3,2,3,1,81,92,420,540,3,5
4794,1,406,2,1,3,2,28,40,180,300,4,5
4795,12,213,14,1,3,3,9,37,0,300,3,5
4796,3,365,3,2,3,2,94,17,420,540,4,5
4797,14,476,16,1,3,3,80,92,0,300,3,5
4798,2,30,3,2,3,3,92,60,0,300,2,5
4799,7,112,7,1,3,1,82,50,180,300,4,5
4800,4,81,5,1,3,1,49,41,0,300,3,5
4801,10,588,11,1,3,1,33,3,180,300,3,5
4802,3,589,4,1,3,3,42,89,180,300,1,5
4803,13,287,14,2,3,2,50,56,300,420,2,5
4804,9,86,9,2,3,3,92,49,180,300,4,5
4805,3,462,4,1,3,1,2,29,0,300,4,5
4806,12,144,12,2,3,3,58,40,300,420,4,5
4807,3,419,3,2,3,1,22,70,420,540,2,5
4808,14,441,16,1,3,1,70,42,60,180,3,5
4809,4,306,6,1,3,2,49,19,0,300,3,5
4810,14,126,15,2,3,2,3,25,180,300,1,5
4811,4,287,4,2,3,2,27,62,420,540,4,5
4812,9,183,10,1,3,3,15,22,0,300,2,5
4813,5,427,6,1,3,3,50,78,0,300,1,5
4814,3,97,4,1,3,3,36,35,180,300,1,5
4815,12,211,12,2,3,3,90,79,300,600,2,5
4816,7,233,7,2,3,1,28,51,420,540,4,5
4817,8,563,9,1,3,3,91,10,180,300,1,5
4818,6,175,6,2,3,2,84,42,300,600,4,5
4819,11,573,13,1,3,2,27,16,0,300,2,5
4820,10,95,10,1,3,1,74,37,180,300,4,5
4821,13,477,14,2,3,2,5,67,420,540,4,5
4822,1,502,3,2,3,3,92,72,60,180,4,5
4823,12,477,13,1,3,2,40,63,60,180,3,5
4824,13,97,13,2,3,3,2,67,420,540,2,5
4825,1,419,1,2,3,2,38,77,420,540,4,5
4826,5,329,6,1,3,2,9,9,0,300,1,5
4827,14,305,15,1,3,1,16,93,0,300,3,5
4828,11,284,12,1,3,3,68,87,180,300,1,5
4829,13,284,13,2,3,2,0,22,300,420,2,5
4830,10,324,11,1,3,1,62,93,60,180,3,5
4831,4,216,4,2,3,2,80,78,420,540,4,5
4832,10,510,11,1,3,1,5,93,180,300,4,5
4833,12,40,12,1,3,2,82,79,60,180,2,5
4834,7,280,7,2,3,2,8,89,420,540,1,5
4835,11,309,11,2,3,2,8,20,420,540,4,5
4836,6,221,7,1,3,2,78,59,0,300,3,5
4837,8,83,8,2,3,1,62,66,300,420,3,5
4838,3,274,4,2,3,1,1,53,180,300,1,5
4839,6,189,6,2,3,1,18,7,300,420,4,5
4840,8,247,8,2,3,1,86,76,300,600,2,5
4841,13,581,15,1,3,1,1,35,0,300,1,5
4842,6,214,6,2,3,3,65,47,420,540,2,5
4843,5,360,5,2,3,3,64,100,420,540,1,5
4844,7,518,9,1,3,3,29,75,60,180,4,5
4845,7,407,7,2,3,3,57,88,420,540,4,5
4846,2,472,4,1,3,1,20,90,60,180,1,5
4847,5,533,7,2,3,2,14,74,60,180,2,5
4848,5,498,6,2,3,2,57,76,60,180,3,5
4849,4,528,6,1,3,2,88,20,180,300,1,5
4850,8,421,10,1,3,2,62,37,180,300,3,5
4851,2,126,3,2,3,3,52,8,60,180,4,5
4852,5,396,6,2,3,2,20,39,420,540,4,5
4853,12,460,14,2,3,2,100,84,60,180,4,5
4854,2,78,2,1,3,3,82,43,180,300,2,5
4855,9,347,9,2,3,3,61,96,420,540,4,5
4856,7,175,8,1,3,3,86,31,60,180,3,5
4857,10,540,12,1,3,3,77,1,0,300,1,5
4858,7,482,8,1,3,3,3,23,180,300,1,5
4859,3,103,3,2,3,3,46,68,180,300,4,5
4860,10,421,12,2,3,1,92,49,300,420,1,5
4861,3,398,3,2,3,2,81,87,420,540,3,5
4862,1,314,2,1,3,3,9,75,0,300,2,5
4863,6,30,7,1,3,3,91,35,60,180,3,5
4864,4,92,5,2,3,2,32,79,180,300,4,5
4865,4,30,4,2,3,2,20,24,420,540,2,5
4866,1,27,2,1,3,1,56,67,0,300,2,5
4867,14,281,14,2,3,1,43,71,300,420,2,5
4868,10,553,11,1,3,2,83,27,60,180,3,5
4869,13,538,14,1,3,3,78,45,0,300,2,5
4870,11,183,12,1,3,3,34,94,0,300,1,5
4871,9,310,10,1,3,1,19,58,180,300,3,5
4872,7,19,8,2,3,1,48,96,0,300,1,5
4873,7,422,8,2,3,3,45,80,300,420,1,5
4874,2,77,3,1,3,3,36,33,0,300,4,5
4875,13,67,14,1,3,1,92,18,60,180,1,5
4876,13,526,15,1,3,2,49,100,0,300,1,5
4877,6,513,8,1,3,1,19,56,0,300,1,5
4878,6,92,6,1,3,3,85,79,180,300,4,5
4879,3,326,3,2,3,3,58,6,420,540,3,5
4880,10,7,10,1,3,3,32,32,60,180,1,5
4881,8,325,9,2,3,1,64,45,180,300,4,5
4882,12,182,12,2,3,1,86,60,420,540,4,5
4883,1,96,1,2,3,1,52,11,420,540,4,5
4884,3,127,3,1,3,2,68,4,180,300,2,5
4885,7,175,7,2,3,2,48,72,180,300,2,5
4886,5,369,6,1,3,3,4,31,180,300,1,5
4887,12,297,13,2,3,3,44,54,0,300,4,5
4888,13,488,14,1,3,2,62,95,180,300,1,5
4889,4,122,4,1,3,2,2,43,180,300,1,5
4890,9,176,9,1,3,3,56,49,180,300,1,5
4891,4,74,4,2,3,3,98,9,420,540,2,5
4892,4,331,5,1,3,2,94,82,180,300,1,5
4893,6,294,7,1,3,3,39,61,0,300,2,5
4894,9,228,9,2,3,2,80,68,300,420,1,5
4895,5,233,6,2,3,2,79,23,180,300,1,5
4896,3,259,4,1,3,2,35,17,60,180,2,5
4897,4,311,4,2,3,2,73,77,420,540,3,5
4898,8,192,9,1,3,1,7,91,60,180,1,5
4899,9,508,11,1,3,2,12,4,60,180,3,5
4900,8,265,8,2,3,3,80,41,420,540,2,5
4901,10,560,12,1,3,3,87,78,60,180,2,5
4902,13,246,13,2,3,2,65,63,300,600,4,5
4903,14,312,15,2,3,2,60,63,60,180,3,5
4904,8,200,9,1,3,1,36,48,0,300,3,5
4905,8,71,8,1,3,1,55,24,180,300,1,5
4906,5,155,5,2,3,3,53,78,420,540,4,5
4907,6,501,8,2,3,1,71,18,300,600,3,5
4908,7,445,9,1,3,3,92,12,60,180,2,5
4909,5,245,5,2,3,2,61,30,420,540,4,5
4910,9,256,9,2,3,3,97,66,300,420,2,5
4911,9,585,10,1,3,1,88,37,0,300,3,5
4912,9,269,9,2,3,3,89,66,420,540,3,5
4913,11,36,11,2,3,2,58,42,0,300,1,5
4914,8,272,9,1,3,2,28,93,0,300,1,5
4915,12,54,12,2,3,1,21,48,180,300,2,5
4916,5,203,5,2,3,3,99,46,300,420,3,5
4917,4,159,5,1,3,3,77,75,180,300,1,5
4918,2,14,2,2,3,2,26,52,180,300,2,5
4919,1,184,1,2,3,3,8,56,300,420,4,5
4920,3,189,5,1,3,2,46,41,0,300,4,5
4921,11,480,12,2,3,1,75,40,60,180,1,5
4922,6,400,7,1,3,2,88,8,60,180,4,5
4923,2,425,3,1,3,2,82,94,180,300,2,5
4924,2,44,2,1,3,2,50,76,60,180,4,5
4925,3,569,4,1,3,1,27,65,180,300,3,5
4926,3,543,5,1,3,3,12,4,60,180,1,5
4927,4,499,5,1,3,1,37,31,0,300,4,5
4928,13,372,13,2,3,1,67,78,420,540,1,5
4929,13,307,13,2,3,1,60,72,420,540,1,5
4930,9,88,10,1,3,2,9,90,60,180,2,5
4931,14,6,14,1,3,3,0,91,60,180,2,5
4932,7,600,8,2,3,2,2,52,300,600,4,5
4933,12,53,13,1,3,3,13,89,0,300,1,5
4934,6,470,8,1,3,2,57,70,180,300,2,5
4935,2,472,4,2,3,3,9,57,60,180,2,5
4936,9,272,10,1,3,2,92,25,0,300,4,5
4937,6,583,8,2,3,1,13,52,180,300,1,5
4938,8,317,9,1,3,1,91,25,60,180,1,5
4939,6,508,8,1,3,3,4,22,0,300,2,5
4940,5,17,5,2,3,1,28,20,0,300,4,5
4941,4,193,6,1,3,1,27,92,180,300,1,5
4942,6,339,7,1,3,3,92,0,0,300,2,5
4943,10,200,12,2,3,1,92,47,0,300,2,5
4944,6,550,7,1,3,2,73,16,180,300,2,5
4945,4,539,5,2,3,1,22,20,300,600,2,5
4946,10,510,11,1,3,2,50,98,0,300,1,5
4947,6,448,8,1,3,1,75,76,60,180,1,5
4948,14,73,15,1,3,2,73,99,180,300,2,5
4949,8,144,9,1,3,2,59,4,0,300,3,5
4950,4,374,5,1,3,3,82,75,180,300,2,5
4951,10,322,10,2,3,1,71,59,420,540,2,5
4952,13,349,13,2,3,2,3,54,420,540,1,5
4953,2,487,3,2,3,1,97,29,60,180,1,5
4954,1,480,3,1,3,3,51,70,60,180,4,5
4955,8,160,8,2,3,2,41,55,180,300,4,5
4956,13,254,13,2,3,3,46,36,420,540,2,5
4957,8,122,8,1,3,1,96,1,180,300,3,5
4958,4,359,4,2,3,3,7,26,420,540,4,5
4959,8,164,9,1,3,3,88,21,180,300,1,5
4960,1,145,1,1,3,1,90,71,180,300,1,5
4961,2,472,3,1,3,2,55,28,0,300,2,5
4962,12,376,13,2,3,3,22,24,60,180,4,5
4963,11,11,11,1,3,3,40,15,60,180,3,5
4964,7,583,8,1,3,2,78,55,0,300,2,5
4965,7,10,7,1,3,2,91,5,60,180,4,5
4966,2,275,2,2,3,2,23,58,420,540,3,5
4967,9,119,9,2,3,1,26,56,420,540,2,5
4968,4,229,4,2,3,2,34,78,420,540,2,5
4969,6,440,8,1,3,1,73,43,0,300,3,5
4970,2,182,3,2,3,2,29,32,300,600,2,5
4971,10,426,11,1,3,3,47,64,0,300,4,5
4972,8,436,10,1,3,2,60,6,180,300,2,5
4973,10,30,10,2,3,1,92,62,300,600,1,5
4974,3,252,3,2,3,2,71,79,300,420,1,5
4975,2,549,4,1,3,1,54,63,180,300,3,5
4976,12,501,14,1,3,3,42,40,180,300,4,5
4977,2,34,3,1,3,2,51,92,180,300,4,5
4978,4,589,6,1,3,3,92,77,60,180,3,5
4979,4,289,4,2,3,3,57,21,420,540,3,5
4980,3,518,5,1,3,3,40,82,180,300,3,5
4981,6,185,6,2,3,2,12,12,300,600,2,5
4982,10,200,10,2,3,2,32,99,300,420,2,5
4983,1,590,3,1,3,3,34,47,0,300,3,5
4984,9,303,9,2,3,1,50,28,420,540,4,5
4985,5,211,5,2,3,1,8,93,420,540,1,5
4986,9,485,11,1,3,1,25,96,60,180,1,5
4987,3,189,3,2,3,1,42,93,300,420,1,5
4988,5,593,6,2,3,3,98,21,0,300,1,5
4989,3,536,4,1,3,2,3,20,0,300,2,5
4990,10,586,12,2,3,2,48,20,420,540,1,5
4991,12,32,13,2,3,3,8,10,0,300,3,5
4992,7,417,7,2,3,2,23,69,420,540,1,5
4993,14,332,14,2,3,2,43,13,420,540,2,5
4994,3,480,5,1,3,3,80,27,180,300,1,5
4995,8,168,9,1,3,3,47,49,180,300,4,5
4996,8,183,8,2,3,2,45,31,420,540,3,5
4997,5,328,5,2,3,2,86,34,420,540,2,5
4998,1,318,1,2,3,2,91,40,420,540,1,5
4999,4,574,5,2,3,2,63,86,60,180,4,5
5000,7,248,7,2,3,1,45,33,300,600,4,5
5001,9,338,10,2,3,1,52,60,420,540,4,5
5002,13,347,13,2,3,3,97,37,420,540,1,5
5003,6,149,6,1,3,2,9,0,180,300,3,5
5004,4,395,5,1,3,2,6,88,180,300,2,5
5005,2,462,4,1,3,3,53,36,0,300,2,5
5006,5,404,5,2,3,2,71,31,420,540,4,5
5007,11,50,11,1,3,1,83,28,60,180,2,5
5008,3,11,4,2,3,1,52,7,60,180,1,5
5009,8,361,8,2,3,3,34,31,420,540,3,5
5010,4,596,5,2,3,1,22,24,60,180,2,5
5011,9,186,9,2,3,3,89,32,300,600,1,5
5012,4,229,5,2,3,3,26,75,420,540,1,5
5013,10,81,10,1,3,1,30,49,180,300,1,5
5014,6,214,7,1,3,2,99,47,60,180,1,5
5015,14,231,14,2,3,3,82,60,420,540,1,5
5016,8,598,10,2,3,3,48,26,180,300,3,5
5017,11,71,11,1,3,3,76,18,180,300,2,5
5018,8,23,9,1,3,2,77,61,60,180,4,5
5019,11,485,12,2,3,2,2,54,300,600,4,5
5020,1,497,2,1,3,2,31,20,0,300,3,5
5021,3,315,3,2,3,3,48,15,420,540,4,5
5022,7,319,8,1,3,1,38,33,60,180,2,5
5023,2,448,4,1,3,3,56,13,180,300,4,5
5024,14,1,14,1,3,2,42,66,60,180,4,5
5025,9,62,9,1,3,1,42,89,180,300,1,5
5026,12,362,12,2,3,2,52,49,420,540,4,5
5027,2,393,3,2,3,3,40,45,180,300,2,5
5028,8,104,10,2,3,2,9,10,300,420,3,5
5029,8,190,9,1,3,3,7,35,0,300,3,5
5030,4,456,6,1,3,3,66,69,60,180,1,5
5031,4,42,5,2,3,2,63,79,0,300,4,5
5032,13,384,14,2,3,2,37,44,300,600,3,5
5033,4,326,4,2,3,1,94,39,420,540,2,5
5034,7,373,7,2,3,2,2,82,420,540,1,5
5035,14,527,16,2,3,2,5,37,420,540,2,5
5036,3,131,3,1,3,3,26,43,180,300,2,5
5037,6,291,6,2,3,3,14,13,300,600,1,5
5038,12,162,12,2,3,2,54,96,180,300,3,5
5039,11,193,11,2,3,3,100,5,300,600,4,5
5040,7,2,8,1,3,3,72,68,0,300,2,5
5041,9,382,9,2,3,3,22,0,420,540,3,5
5042,13,545,15,1,3,3,76,74,0,300,3,5
5043,10,506,12,2,3,2,82,54,420,540,3,5
5044,12,301,12,2,3,3,63,87,420,540,2,5
5045,7,213,7,2,3,1,17,97,300,420,3,5
5046,1,552,2,1,3,2,22,73,180,300,1,5
5047,12,385,12,2,3,1,34,28,420,540,4,5
5048,5,360,6,2,3,1,30,71,180,300,2,5
5049,3,233,5,1,3,2,56,6,180,300,3,5
5050,10,430,12,1,3,3,33,90,180,300,4,5
5051,11,283,11,2,3,2,16,100,420,540,3,5
5052,2,370,3,1,3,3,60,56,180,300,4,5
5053,10,51,11,1,3,3,96,12,60,180,2,5
5054,3,226,3,2,3,3,85,30,420,540,3,5
5055,4,10,4,1,3,3,3,100,60,180,4,5
5056,4,183,4,2,3,2,96,27,300,420,4,5
5057,1,393,2,1,3,1,54,31,60,180,3,5
5058,13,173,14,2,3,2,64,45,60,180,4,5
5059,14,519,16,2,3,1,100,37,300,420,4,5
5060,10,57,10,2,3,2,93,50,0,300,1,5
5061,13,395,14,1,3,2,40,19,60,180,4,5
5062,3,378,3,2,3,2,8,70,420,540,1,5
5063,14,473,16,2,3,3,26,68,420,540,3,5
5064,5,20,5,1,3,3,9,36,60,180,3,5
5065,9,400,9,2,3,2,38,11,420,540,3,5
5066,7,551,8,1,3,2,80,56,60,180,2,5
5067,14,266,15,1,3,2,52,74,60,180,3,5
5068,13,188,13,2,3,3,72,50,420,540,1,5
5069,8,259,9,1,3,1,69,46,180,300,3,5
5070,7,590,9,1,3,2,16,73,180,300,2,5
5071,14,232,14,2,3,3,95,37,300,420,3,5
5072,2,590,3,1,3,3,28,6,0,300,4,5
5073,8,297,9,1,3,1,64,88,0,300,1,5
5074,13,38,14,2,3,2,40,36,300,420,2,5
5075,4,210,4,2,3,3,75,47,420,540,4,5
5076,3,557,5,1,3,2,24,92,60,180,4,5
5077,8,39,8,1,3,3,89,81,60,180,4,5
5078,14,44,14,1,3,3,79,97,60,180,4,5
5079,6,90,7,1,3,1,6,24,180,300,4,5
5080,3,71,3,2,3,2,32,50,180,300,4,5
5081,9,256,10,2,3,1,28,34,420,540,1,5
5082,1,124,2,1,3,3,98,62,0,300,1,5
5083,13,451,15,2,3,3,76,97,300,600,3,5
5084,14,360,14,2,3,1,63,29,420,540,4,5
5085,7,445,9,1,3,3,60,71,180,300,3,5
5086,8,430,10,1,3,1,75,77,60,180,3,5
5087,6,196,6,2,3,3,81,64,300,600,1,5
5088,14,228,14,2,3,1,42,13,300,600,4,5
5089,6,534,7,2,3,1,12,67,300,420,2,5
5090,9,243,10,2,3,2,13,30,0,300,1,5
5091,12,460,13,2,3,1,23,79,300,600,3,5
5092,6,67,7,1,3,3,86,71,0,300,4,5
5093,7,265,7,2,3,3,63,18,420,540,2,5
5094,4,572,6,2,3,2,89,96,60,180,4,5
5095,2,108,2,1,3,1,98,29,180,300,3,5
5096,1,435,3,1,3,1,17,69,0,300,2,5
5097,1,239,1,2,3,3,16,69,300,600,4,5
5098,12,297,12,2,3,3,53,77,300,420,1,5
5099,9,30,10,1,3,1,60,55,60,180,4,5
5100,13,154,13,1,3,3,64,14,180,300,1,5
5101,5,451,6,1,3,2,61,5,180,300,2,5
5102,10,98,10,1,3,3,31,86,180,300,2,5
5103,2,460,4,1,3,1,28,23,60,180,4,5
5104,8,169,9,2,3,2,58,19,0,300,4,5
5105,7,590,8,2,3,2,7,30,420,540,2,5
5106,5,115,5,2,3,2,90,62,300,420,1,5
5107,12,88,13,1,3,2,43,18,0,300,4,5
5108,10,87,10,2,3,1,11,63,420,540,2,5
5109,4,421,6,1,3,3,100,61,180,300,1,5
5110,14,291,15,1,3,3,58,19,0,300,1,5
5111,9,582,11,1,3,2,14,71,0,300,3,5
5112,7,280,8,1,3,1,91,94,60,180,3,5
5113,6,13,7,1,3,2,67,71,0,300,4,5
5114,12,83,13,1,3,1,47,45,0,300,4,5
5115,10,351,10,2,3,3,52,54,420,540,3,5
5116,10,57,11,1,3,1,95,74,180,300,1,5
5117,4,185,4,2,3,3,31,1,420,540,3,5
5118,1,154,3,2,3,1,47,36,420,540,2,5
5119,2,374,2,2,3,2,62,75,420,540,3,5
5120,3,232,3,2,3,3,1,59,300,420,1,5
5121,13,40,13,1,3,3,60,1,60,180,1,5
5122,7,367,7,2,3,1,96,98,420,540,2,5
5123,13,13,14,2,3,2,67,55,300,420,1,5
5124,9,600,10,1,3,2,73,6,60,180,3,5
5125,6,115,7,2,3,3,36,96,60,180,3,5
5126,5,397,6,1,3,3,34,6,60,180,1,5
5127,11,388,11,2,3,3,96,19,420,540,3,5
5128,10,252,10,2,3,1,47,45,300,600,4,5
5129,4,139,4,1,3,2,60,38,180,300,3,5
5130,4,145,5,2,3,1,37,45,180,300,4,5
5131,8,303,9,1,3,3,4,54,60,180,4,5
5132,6,314,6,2,3,2,33,10,420,540,4,5
5133,4,308,5,2,3,2,95,69,180,300,2,5
5134,12,114,13,1,3,3,83,90,60,180,1,5
5135,6,354,6,2,3,2,84,76,420,540,4,5
5136,2,128,3,1,3,1,12,100,0,300,4,5
5137,11,553,13,1,3,2,42,99,0,300,1,5
5138,7,355,8,1,3,1,66,50,60,180,2,5
5139,13,11,13,1,3,3,13,75,60,180,4,5
5140,5,216,6,1,3,2,64,34,180,300,2,5
5141,12,121,13,1,3,2,78,70,60,180,4,5
5142,10,146,10,2,3,2,27,86,180,300,4,5
5143,11,471,13,2,3,3,97,79,60,180,2,5
5144,10,217,10,2,3,2,96,46,300,420,4,5
5145,12,168,13,1,3,3,94,30,60,180,1,5
5146,3,510,5,1,3,3,56,6,60,180,4,5
5147,11,258,12,1,3,1,2,43,180,300,1,5
5148,2,519,3,1,3,3,32,96,180,300,1,5
5149,4,80,4,1,3,1,16,65,180,300,2,5
5150,12,354,12,2,3,1,94,77,420,540,1,5
5151,7,31,7,2,3,3,16,45,180,300,2,5
5152,4,437,5,1,3,3,22,87,60,180,4,5
5153,8,330,8,2,3,3,57,84,420,540,3,5
5154,8,119,9,1,3,1,14,41,0,300,4,5
5155,11,577,13,1,3,1,67,58,180,300,3,5
5156,9,211,10,1,3,2,67,68,60,180,4,5
5157,3,452,4,1,3,2,87,62,0,300,2,5
5158,3,83,3,2,3,2,86,97,180,300,2,5
5159,8,403,8,2,3,2,62,78,420,540,3,5
5160,1,466,2,1,3,1,37,21,60,180,2,5
5161,9,167,9,2,3,2,3,58,180,300,4,5
5162,14,409,14,2,3,3,13,21,420,540,4,5
5163,11,330,11,2,3,1,37,42,420,540,3,5
5164,10,57,10,2,3,3,7,76,180,300,2,5
5165,4,505,5,1,3,2,11,2,0,300,2,5
5166,1,34,2,1,3,2,49,80,180,300,2,5
5167,5,581,7,1,3,2,86,10,180,300,4,5
5168,3,362,3,2,3,2,90,38,420,540,2,5
5169,6,187,7,1,3,2,70,9,60,180,1,5
5170,7,280,8,1,3,1,22,19,180,300,2,5
5171,11,22,12,2,3,3,83,14,0,300,3,5
5172,6,220,7,1,3,2,70,85,180,300,2,5
5173,10,464,12,2,3,2,52,59,300,420,2,5
5174,8,365,8,2,3,2,27,43,420,540,2,5
5175,2,420,3,1,3,2,38,48,60,180,3,5
5176,3,449,5,2,3,3,14,30,420,540,3,5
5177,9,459,11,1,3,3,38,84,180,300,2,5
5178,6,24,8,1,3,1,79,38,180,300,2,5
5179,6,521,8,1,3,3,63,51,0,300,2,5
5180,4,561,6,1,3,2,11,54,180,300,4,5
5181,9,166,9,1,3,2,96,13,180,300,4,5
5182,14,454,16,1,3,2,58,67,0,300,4,5
5183,8,512,10,1,3,3,52,91,0,300,1,5
5184,12,232,13,1,3,3,13,59,0,300,4,5
5185,7,67,8,1,3,2,65,18,0,300,4,5
5186,11,416,11,2,3,2,35,17,420,540,3,5
5187,10,337,11,1,3,1,91,38,180,300,3,5
5188,10,597,12,2,3,2,47,76,300,600,3,5
5189,12,236,13,1,3,3,49,12,180,300,1,5
5190,3,369,3,2,3,1,80,47,420,540,3,5
5191,13,142,13,2,3,2,23,48,180,300,2,5
5192,5,420,6,1,3,3,100,7,60,180,3,5
5193,3,338,4,1,3,2,49,36,0,300,1,5
5194,8,417,9,1,3,1,90,3,0,300,2,5
5195,9,239,10,1,3,3,23,65,0,300,4,5
5196,7,556,8,1,3,1,38,51,0,300,1,5
5197,7,15,7,1,3,1,97,74,60,180,4,5
5198,1,310,2,1,3,3,85,44,0,300,2,5
5199,11,138,11,1,3,1,95,2,180,300,1,5
5200,6,5,6,1,3,2,7,44,60,180,1,5
5201,11,334,12,1,3,1,4,86,0,300,3,5
5202,11,271,11,2,3,1,31,18,420,540,2,5
5203,4,124,4,1,3,2,23,89,180,300,2,5
5204,2,409,3,2,3,3,9,72,300,600,1,5
5205,5,415,5,2,3,1,13,3,420,540,2,5
5206,3,297,5,2,3,3,51,30,60,180,3,5
5207,5,66,5,2,3,3,61,67,300,600,2,5
5208,14,523,15,2,3,2,33,91,180,300,4,5
5209,8,374,8,2,3,1,35,7,420,540,2,5
5210,8,407,9,1,3,1,24,87,60,180,1,5
5211,1,571,3,2,3,3,37,54,420,540,3,5
5212,8,70,9,2,3,2,20,10,180,300,3,5
5213,2,47,2,1,3,3,1,49,60,180,2,5
5214,6,300,7,1,3,1,60,35,180,300,4,5
5215,3,481,4,1,3,3,79,66,0,300,2,5
5216,4,3,4,1,3,2,68,27,60,180,2,5
5217,12,64,12,2,3,1,21,14,300,600,4,5
5218,11,163,12,1,3,1,58,100,180,300,1,5
5219,1,243,1,2,3,3,83,55,300,600,3,5
5220,4,365,5,1,3,3,29,58,180,300,4,5
5221,9,13,10,2,3,3,44,13,300,600,3,5
5222,11,524,13,1,3,2,58,77,180,300,1,5
5223,1,176,2,1,3,2,78,23,180,300,3,5
5224,5,48,6,1,3,1,5,72,60,180,1,5
5225,9,345,9,2,3,2,10,54,420,540,2,5
5226,8,510,9,1,3,1,44,63,0,300,1,5
5227,5,543,7,1,3,3,29,45,0,300,1,5
5228,5,503,7,1,3,1,66,42,60,180,3,5
5229,5,117,5,1,3,3,88,4,180,300,2,5
5230,4,473,5,2,3,2,2,3,420,540,2,5
5231,4,217,4,2,3,1,49,32,300,600,1,5
5232,7,323,8,2,3,3,43,99,60,180,1,5
5233,2,506,3,1,3,3,46,24,180,300,3,5
5234,3,375,3,2,3,1,6,10,420,540,3,5
5235,12,499,13,2,3,2,80,6,180,300,2,5
5236,11,556,12,1,3,3,18,97,180,300,4,5
5237,14,173,14,2,3,3,60,94,420,540,2,5
5238,8,33,8,2,3,1,67,52,0,300,3,5
5239,10,385,11,1,3,2,43,94,180,300,3,5
5240,4,203,5,1,3,2,21,25,180,300,3,5
5241,5,180,5,2,3,2,92,67,180,300,2,5
5242,12,93,12,1,3,1,44,45,180,300,4,5
5243,3,396,3,2,3,2,61,36,420,540,2,5
5244,6,348,7,1,3,3,32,69,180,300,1,5
5245,11,472,12,1,3,2,93,79,0,300,3,5
5246,11,116,11,2,3,2,54,58,300,600,1,5
5247,7,52,8,1,3,2,9,21,60,180,1,5
5248,9,131,9,1,3,1,69,56,180,300,4,5
5249,2,303,2,2,3,2,99,95,420,540,2,5
5250,2,333,3,2,3,2,20,26,60,180,4,5
5251,5,333,6,1,3,3,28,44,60,180,2,5
5252,13,123,13,1,3,3,91,20,180,300,3,5
5253,9,43,10,2,3,1,1,77,60,180,1,5
5254,10,507,11,1,3,3,5,30,0,300,2,5
5255,11,244,11,2,3,2,12,47,300,420,1,5
5256,14,454,15,1,3,3,42,69,60,180,2,5
5257,1,593,3,2,3,1,14,70,0,300,4,5
5258,10,398,10,2,3,3,57,86,420,540,2,5
5259,6,385,6,2,3,3,9,63,420,540,3,5
5260,4,104,4,1,3,2,1,31,180,300,2,5
5261,4,287,4,2,3,2,44,98,300,420,2,5
5262,3,11,3,2,3,2,13,48,300,600,3,5
5263,8,598,9,1,3,2,97,9,0,300,1,5
5264,8,281,10,2,3,3,89,6,300,600,4,5
5265,5,237,5,2,3,2,14,48,300,420,3,5
5266,4,592,6,1,3,3,78,51,0,300,2,5
5267,10,280,10,2,3,2,40,80,420,540,2,5
5268,12,156,12,1,3,1,31,9,180,300,1,5
5269,7,546,9,1,3,2,45,26,180,300,2,5
5270,11,570,13,1,3,1,8,80,60,180,2,5
5271,2,391,2,2,3,3,9,78,420,540,1,5
5272,8,301,9,1,3,3,70,82,60,180,2,5
5273,14,468,15,1,3,3,54,96,60,180,2,5
5274,1,534,3,1,3,1,32,1,180,300,1,5
5275,8,548,9,2,3,2,5,3,60,180,3,5
5276,3,367,3,2,3,1,23,1,420,540,2,5
5277,7,452,9,1,3,3,81,35,60,180,4,5
5278,11,387,11,2,3,2,51,32,420,540,4,5
5279,2,306,3,1,3,3,23,82,180,300,4,5
5280,14,88,15,2,3,3,88,50,300,600,4,5
5281,8,564,10,2,3,2,49,73,60,180,1,5
5282,14,156,14,1,3,3,69,57,180,300,2,5
5283,12,567,14,1,3,2,86,76,0,300,2,5
5284,5,428,6,1,3,1,51,91,180,300,4,5
5285,3,258,4,1,3,3,67,92,180,300,3,5
5286,8,137,8,1,3,1,1,58,180,300,1,5
5287,12,580,14,2,3,3,90,3,0,300,3,5
5288,12,588,14,1,3,2,63,50,0,300,1,5
5289,7,415,8,1,3,2,44,42,60,180,1,5
5290,13,357,13,2,3,2,64,15,420,540,4,5
5291,9,170,9,1,3,2,65,81,180,300,3,5
5292,14,29,14,2,3,2,50,91,60,180,1,5
5293,12,269,13,1,3,2,16,28,180,300,2,5
5294,1,97,1,1,3,2,49,66,180,300,1,5
5295,9,80,10,1,3,2,51,9,0,300,2,5
5296,11,436,13,1,3,2,94,48,60,180,2,5
5297,9,254,9,2,3,2,78,55,300,420,3,5
5298,8,143,8,1,3,2,63,18,180,300,2,5
5299,12,102,12,2,3,2,11,38,180,300,3,5
5300,12,467,13,1,3,1,18,5,0,300,3,5
5301,6,548,8,1,3,1,86,26,0,300,3,5
5302,2,165,3,1,3,1,67,93,180,300,2,5
5303,11,92,11,1,3,1,55,55,180,300,4,5
5304,3,476,4,2,3,3,49,31,0,300,2,5
5305,10,347,12,1,3,3,88,44,180,300,2,5
5306,5,413,6,1,3,1,7,33,0,300,1,5
5307,1,419,2,2,3,1,15,62,180,300,3,5
5308,10,126,10,1,3,3,83,95,180,300,1,5
5309,6,278,7,2,3,2,83,26,0,300,4,5
5310,4,128,5,1,3,2,69,85,60,180,4,5
5311,7,468,9,1,3,3,25,99,60,180,3,5
5312,3,563,4,2,3,2,67,29,300,600,2,5
5313,5,436,6,1,3,2,66,55,0,300,1,5
5314,7,209,8,2,3,1,74,27,60,180,4,5
5315,4,58,5,2,3,1,31,49,300,420,1,5
5316,2,583,3,1,3,3,5,9,60,180,3,5
5317,3,0,4,2,3,1,16,19,0,300,2,5
5318,8,164,8,1,3,3,50,11,180,300,3,5
5319,5,177,6,1,3,3,22,40,60,180,3,5
5320,6,575,7,1,3,1,19,16,180,300,3,5
5321,2,58,4,1,3,1,38,82,0,300,4,5
5322,8,453,9,2,3,2,63,40,420,540,4,5
5323,3,369,4,1,3,1,27,19,0,300,4,5
5324,2,296,2,2,3,2,90,38,300,600,1,5
5325,10,40,11,1,3,3,19,68,0,300,3,5
5326,6,216,6,2,3,3,86,50,420,540,2,5
5327,10,403,10,2,3,1,36,91,420,540,4,5
5328,12,520,13,1,3,3,19,69,60,180,1,5
5329,12,67,12,1,3,3,63,70,180,300,1,5
5330,12,437,13,2,3,2,76,41,420,540,4,5
5331,6,455,8,1,3,2,25,80,180,300,2,5
5332,3,363,3,2,3,1,96,8,420,540,4,5
5333,2,21,2,2,3,2,24,41,300,600,3,5
5334,6,31,7,1,3,1,88,0,0,300,2,5
5335,12,165,12,2,3,3,53,93,180,300,3,5
5336,7,212,7,2,3,1,49,61,300,420,2,5
5337,1,110,1,1,3,1,51,21,180,300,1,5
5338,14,95,14,1,3,1,99,94,180,300,1,5
5339,14,197,14,2,3,3,21,5,420,540,3,5
5340,4,85,5,1,3,3,44,31,60,180,2,5
5341,6,138,6,1,3,3,50,69,180,300,3,5
5342,6,505,8,1,3,3,87,23,0,300,1,5
5343,10,19,11,2,3,2,74,85,300,600,3,5
5344,14,67,15,2,3,3,97,56,420,540,1,5
5345,3,108,4,2,3,1,84,42,60,180,3,5
5346,5,527,6,1,3,2,64,76,0,300,4,5
5347,1,77,2,2,3,3,41,66,420,540,1,5
5348,3,486,5,1,3,3,42,93,60,180,4,5
5349,3,496,5,2,3,1,51,89,180,300,4,5
5350,12,32,12,1,3,3,22,60,60,180,4,5
5351,2,591,4,2,3,1,40,39,180,300,4,5
5352,9,195,9,2,3,2,37,67,300,420,1,5
5353,8,356,9,1,3,1,86,69,60,180,3,5
5354,9,323,9,2,3,1,72,55,420,540,2,5
5355,13,248,13,2,3,1,91,8,420,540,1,5
5356,13,207,13,2,3,3,11,21,300,420,3,5
5357,3,195,3,2,3,1,91,68,300,420,2,5
5358,1,182,2,1,3,1,54,96,0,300,1,5
5359,10,97,10,1,3,3,5,79,180,300,1,5
5360,10,8,11,1,3,1,93,46,60,180,3,5
5361,3,275,4,1,3,1,77,67,180,300,3,5
5362,8,28,10,1,3,2,70,98,60,180,4,5
5363,3,560,5,2,3,1,57,92,180,300,1,5
5364,4,238,4,2,3,1,96,13,300,600,4,5
5365,1,254,1,2,3,2,44,7,300,420,2,5
5366,9,594,11,1,3,1,68,31,60,180,1,5
5367,12,585,14,2,3,2,54,7,300,420,4,5
5368,14,418,16,2,3,2,40,25,0,300,3,5
5369,7,539,9,1,3,3,85,14,180,300,4,5
5370,5,504,6,2,3,1,8,79,60,180,1,5
5371,1,564,2,1,3,3,41,17,60,180,2,5
5372,7,110,8,1,3,3,87,74,180,300,4,5
5373,2,438,4,1,3,2,43,13,0,300,4,5
5374,3,556,4,1,3,3,49,34,60,180,1,5
5375,5,206,6,2,3,2,17,81,0,300,1,5
5376,6,573,8,2,3,2,64,33,420,540,1,5
5377,1,15,2,1,3,2,40,81,60,180,3,5
5378,14,372,14,2,3,3,89,75,420,540,2,5
5379,11,290,11,2,3,2,80,61,300,600,3,5
5380,11,541,12,2,3,3,0,91,420,540,2,5
5381,11,512,13,1,3,1,97,100,0,300,2,5
5382,1,386,1,2,3,2,69,29,420,540,2,5
5383,7,475,9,1,3,1,65,28,60,180,2,5
5384,1,239,2,1,3,2,51,66,60,180,2,5
5385,13,182,13,2,3,1,28,82,300,600,2,5
5386,10,585,12,1,3,1,91,18,60,180,1,5
5387,5,127,5,2,3,1,10,36,180,300,4,5
5388,12,270,12,2,3,1,45,14,300,420,4,5
5389,9,70,10,1,3,2,6,74,0,300,3,5
5390,2,338,2,2,3,2,86,1,420,540,2,5
5391,9,351,9,2,3,2,20,43,420,540,1,5
5392,8,30,8,1,3,2,15,17,60,180,3,5
5393,14,69,15,1,3,1,96,22,60,180,1,5
5394,6,494,8,1,3,3,77,92,180,300,4,5
5395,12,196,12,2,3,2,62,77,420,540,3,5
5396,10,157,11,1,3,2,37,68,60,180,3,5
5397,3,19,3,1,3,1,62,43,60,180,4,5
5398,14,449,15,1,3,1,18,1,60,180,3,5
5399,5,297,6,1,3,3,29,40,0,300,4,5
5400,2,96,3,2,3,1,72,52,300,420,3,5
5401,5,158,5,1,3,3,37,73,180,300,1,5
5402,9,327,9,2,3,1,59,22,420,540,2,5
5403,3,396,3,2,3,1,15,10,420,540,4,5
5404,13,216,13,2,3,1,17,78,300,420,4,5
5405,3,134,3,1,3,1,63,81,180,300,1,5
5406,12,347,12,2,3,3,73,16,420,540,2,5
5407,14,270,15,2,3,2,12,39,0,300,3,5
5408,11,539,12,2,3,3,56,71,420,540,3,5
5409,4,176,4,1,3,3,9,50,180,300,3,5
5410,1,374,1,2,3,3,0,40,420,540,4,5
5411,2,130,3,1,3,3,64,76,0,300,1,5
5412,3,333,5,1,3,1,23,57,180,300,4,5
5413,9,461,11,1,3,3,48,45,0,300,3,5
5414,12,250,12,2,3,2,1,58,420,540,3,5
5415,4,378,5,2,3,1,99,43,300,600,2,5
5416,5,100,5,2,3,2,97,7,300,420,2,5
5417,11,330,11,2,3,2,64,70,420,540,3,5
5418,9,264,9,2,3,2,76,77,300,420,2,5
5419,10,502,11,2,3,1,98,14,0,300,1,5
5420,10,50,11,2,3,1,37,86,60,180,1,5
5421,12,467,13,1,3,2,10,44,0,300,2,5
5422,1,281,1,2,3,2,83,19,300,420,1,5
5423,10,235,10,2,3,2,20,5,300,420,3,5
5424,9,162,10,1,3,3,13,39,180,300,1,5
5425,9,565,11,1,3,2,6,53,180,300,3,5
5426,3,26,4,1,3,2,40,50,180,300,3,5
5427,10,503,11,2,3,3,33,25,180,300,4,5
5428,13,29,13,1,3,3,88,6,60,180,2,5
5429,10,338,11,1,3,3,94,24,60,180,3,5
5430,4,391,5,1,3,2,55,97,0,300,3,5
5431,7,486,9,1,3,3,50,46,180,300,2,5
5432,11,14,13,1,3,1,69,14,0,300,1,5
5433,1,388,2,2,3,3,90,22,300,600,4,5
5434,5,203,6,2,3,1,72,84,60,180,1,5
5435,12,245,13,2,3,1,43,89,180,300,4,5
5436,10,188,11,1,3,1,67,25,180,300,3,5
5437,11,297,12,1,3,2,15,81,0,300,2,5
5438,8,336,8,2,3,2,85,89,420,540,3,5
5439,14,65,14,2,3,1,25,36,180,300,1,5
5440,7,331,7,2,3,1,17,4,420,540,2,5
5441,2,340,2,2,3,1,53,65,420,540,3,5
5442,7,18,8,2,3,2,76,78,0,300,2,5
5443,5,567,7,1,3,2,76,34,60,180,4,5
5444,13,61,14,1,3,2,34,27,180,300,1,5
5445,5,539,6,1,3,1,88,43,180,300,2,5
5446,1,494,3,2,3,3,83,100,60,180,2,5
5447,13,548,14,2,3,2,82,45,60,180,1,5
5448,8,272,9,2,3,2,56,21,300,420,4,5
5449,4,92,4,2,3,1,41,30,180,300,3,5
5450,13,344,13,2,3,2,12,27,420,540,4,5
5451,8,296,9,2,3,3,16,37,420,540,3,5
5452,3,16,4,2,3,3,70,17,0,300,3,5
5453,5,358,5,2,3,1,82,75,420,540,2,5
5454,9,24,9,2,3,3,52,70,0,300,2,5
5455,13,248,13,2,3,3,63,26,420,540,4,5
5456,11,388,12,1,3,3,30,74,60,180,4,5
5457,7,382,7,2,3,3,51,45,420,540,3,5
5458,3,567,5,2,3,3,0,1,420,540,4,5
5459,1,42,2,1,3,2,0,66,0,300,2,5
5460,6,119,6,1,3,2,96,18,180,300,1,5
5461,12,79,13,1,3,1,80,23,180,300,3,5
5462,10,192,10,2,3,2,78,48,300,600,4,5
5463,9,358,10,1,3,1,56,78,180,300,3,5
5464,2,249,3,1,3,3,72,22,180,300,1,5
5465,8,147,8,2,3,2,32,67,300,420,2,5
5466,14,83,14,1,3,2,68,86,180,300,1,5
5467,8,265,10,1,3,1,2,2,60,180,2,5
5468,8,565,10,1,3,2,69,24,180,300,3,5
5469,7,261,7,2,3,2,99,44,420,540,1,5
5470,1,203,1,2,3,2,14,95,420,540,1,5
5471,11,513,13,1,3,2,24,57,60,180,1,5
5472,12,296,13,1,3,1,85,10,0,300,3,5
5473,6,217,6,2,3,3,74,48,300,420,4,5
5474,4,39,5,2,3,2,95,79,0,300,2,5
5475,6,108,6,1,3,3,83,93,180,300,3,5
5476,13,77,13,1,3,1,7,69,180,300,1,5
5477,9,293,10,1,3,2,88,26,0,300,4,5
5478,13,572,14,2,3,1,99,72,300,420,4,5
5479,6,237,7,1,3,2,67,10,0,300,2,5
5480,1,294,2,1,3,3,30,69,0,300,1,5
5481,10,419,11,1,3,3,36,96,180,300,2,5
5482,1,76,2,1,3,3,93,8,0,300,3,5
5483,1,436,2,2,3,3,32,58,300,420,1,5
5484,9,579,10,1,3,3,38,71,180,300,3,5
5485,14,403,14,2,3,2,7,79,420,540,4,5
5486,7,25,9,1,3,2,45,78,0,300,4,5
5487,14,156,15,1,3,2,66,88,180,300,2,5
5488,11,233,11,2,3,3,13,43,300,420,3,5
5489,8,100,8,1,3,2,38,40,180,300,2,5
5490,10,351,10,2,3,3,29,29,420,540,4,5
5491,3,272,4,2,3,1,58,2,180,300,3,5
5492,6,8,6,1,3,2,97,46,60,180,3,5
5493,4,151,5,1,3,3,23,54,60,180,3,5
5494,10,386,11,2,3,1,2,69,0,300,1,5
5495,10,488,11,1,3,3,82,13,180,300,2,5
5496,2,23,4,1,3,3,94,92,0,300,1,5
5497,3,473,5,1,3,1,34,35,180,300,3,5
5498,6,270,6,2,3,3,31,47,420,540,1,5
5499,12,142,14,2,3,3,86,41,0,300,2,5
5500,7,573,9,1,3,1,3,18,60,180,2,5
5501,13,265,13,2,3,3,8,81,420,540,2,5
5502,3,231,4,2,3,3,100,24,300,420,3,5
5503,14,312,14,2,3,3,6,69,420,540,3,5
5504,4,8,5,1,3,3,56,19,0,300,1,5
5505,14,505,16,1,3,2,8,98,180,300,4,5
5506,1,66,2,2,3,1,28,76,420,540,1,5
5507,9,494,10,2,3,1,18,92,300,420,1,5
5508,1,145,2,1,3,3,23,46,60,180,2,5
5509,11,1,11,1,3,2,80,68,60,180,4,5
5510,8,581,9,1,3,1,99,23,60,180,4,5
5511,1,37,3,1,3,1,50,93,60,180,1,5
5512,1,202,1,2,3,3,3,32,420,540,1,5
5513,11,404,12,1,3,1,51,83,0,300,3,5
5514,8,532,10,1,3,3,62,60,0,300,2,5
5515,8,124,8,1,3,2,78,80,180,300,4,5
5516,7,222,8,2,3,2,46,79,180,300,1,5
5517,14,319,14,2,3,1,34,63,420,540,4,5
5518,8,34,10,2,3,3,48,99,300,600,3,5
5519,14,474,15,1,3,2,82,57,0,300,4,5
5520,9,451,11,2,3,2,23,88,0,300,2,5
5521,13,580,15,2,3,1,86,85,60,180,4,5
5522,10,18,11,2,3,2,74,89,180,300,4,5
5523,1,46,2,1,3,3,59,34,180,300,2,5
5524,13,436,15,1,3,2,19,11,180,300,1,5
5525,3,431,5,2,3,1,57,66,0,300,1,5
5526,7,333,8,1,3,1,16,4,180,300,4,5
5527,6,499,8,1,3,3,32,35,0,300,1,5
5528,2,341,2,2,3,3,4,48,420,540,4,5
5529,11,311,11,2,3,2,97,62,420,540,4,5
5530,4,536,6,2,3,2,32,27,0,300,3,5
5531,2,324,2,2,3,3,81,46,420,540,4,5
5532,3,427,4,1,3,1,50,35,0,300,2,5
5533,14,435,15,1,3,3,62,40,0,300,4,5
5534,3,154,4,1,3,2,8,12,0,300,4,5
5535,13,394,13,2,3,3,19,75,420,540,2,5
5536,12,440,13,2,3,3,68,2,300,420,2,5
5537,1,332,1,2,3,2,92,33,420,540,2,5
5538,9,154,9,2,3,3,34,16,300,420,4,5
5539,7,65,8,2,3,2,5,36,0,300,1,5
5540,10,450,12,1,3,3,93,9,0,300,4,5
5541,6,41,7,1,3,2,88,37,60,180,3,5
5542,13,356,13,2,3,1,72,58,420,540,4,5
5543,5,415,5,2,3,2,68,55,420,540,4,5
5544,6,410,7,2,3,3,90,1,0,300,3,5
5545,7,99,7,1,3,2,77,48,180,300,3,5
5546,7,545,8,1,3,1,71,37,0,300,1,5
5547,11,456,13,2,3,2,97,52,420,540,2,5
5548,9,29,10,1,3,2,26,33,180,300,2,5
5549,3,469,5,1,3,2,45,33,180,300,2,5
5550,11,225,12,1,3,1,60,17,180,300,4,5
5551,11,501,13,1,3,1,57,87,60,180,1,5
5552,11,467,12,1,3,2,69,55,0,300,3,5
5553,6,13,7,1,3,2,65,30,0,300,1,5
5554,10,115,10,2,3,2,13,6,300,420,2,5
5555,6,243,7,1,3,1,54,96,180,300,2,5
5556,8,11,9,1,3,2,84,23,60,180,4,5
5557,9,87,9,1,3,1,96,61,180,300,4,5
5558,11,487,13,2,3,2,12,38,420,540,1,5
5559,5,190,5,2,3,3,37,60,300,600,2,5
5560,2,230,3,1,3,2,77,69,180,300,3,5
5561,1,289,1,2,3,1,58,94,420,540,4,5
5562,8,248,9,1,3,2,52,30,180,300,1,5
5563,1,341,2,1,3,3,47,40,60,180,1,5
5564,10,291,11,1,3,2,43,16,60,180,1,5
5565,14,119,15,2,3,1,9,0,300,420,2,5
5566,8,383,8,2,3,3,37,23,420,540,4,5
5567,9,319,9,2,3,3,49,25,420,540,4,5
5568,10,5,10,2,3,2,94,86,0,300,3,5
5569,14,521,16,2,3,2,46,15,60,180,1,5
5570,4,38,5,1,3,2,71,54,0,300,4,5
5571,5,291,5,2,3,1,44,86,300,420,3,5
5572,2,140,2,1,3,2,63,9,180,300,2,5
5573,3,100,3,2,3,2,10,69,300,420,3,5
5574,1,374,2,1,3,2,60,98,180,300,4,5
5575,4,10,6,1,3,2,80,84,60,180,4,5
5576,7,24,8,1,3,3,37,15,0,300,1,5
5577,7,210,7,2,3,2,48,49,300,420,1,5
5578,3,527,4,1,3,1,77,73,60,180,4,5
5579,13,244,13,2,3,2,79,73,300,600,3,5
5580,1,484,3,1,3,3,38,41,180,300,2,5
5581,1,485,2,1,3,2,51,87,60,180,4,5
5582,9,583,11,1,3,2,54,71,60,180,3,5
5583,12,445,13,2,3,2,84,98,300,420,4,5
5584,3,47,3,2,3,1,58,37,300,600,4,5
5585,9,150,10,1,3,2,8,15,60,180,1,5
5586,7,290,7,2,3,3,13,38,420,540,3,5
5587,7,138,8,1,3,2,34,77,180,300,4,5
5588,13,531,15,1,3,2,62,65,0,300,2,5
5589,13,192,13,2,3,1,0,88,420,540,3,5
5590,9,309,9,2,3,3,86,62,420,540,4,5
5591,12,370,12,2,3,2,55,54,420,540,1,5
5592,14,86,14,2,3,3,41,34,180,300,2,5
5593,4,360,4,2,3,1,31,92,420,540,2,5
5594,13,584,15,1,3,1,42,59,0,300,4,5
5595,14,340,15,1,3,3,99,10,60,180,1,5
5596,13,175,13,1,3,2,7,43,180,300,2,5
5597,6,89,6,2,3,2,27,69,420,540,2,5
5598,4,351,5,2,3,2,15,59,300,600,1,5
5599,1,198,1,2,3,1,61,62,300,600,2,5
5600,4,392,4,2,3,2,30,42,420,540,3,5
5601,10,412,11,2,3,1,74,44,0,300,1,5
5602,2,272,2,2,3,1,65,44,420,540,3,5
5603,2,47,2,2,3,3,16,25,300,600,4,5
5604,3,7,3,1,3,2,56,39,60,180,2,5
5605,4,539,6,1,3,1,43,32,0,300,1,5
5606,7,468,8,1,3,2,79,62,180,300,3,5
5607,9,433,10,1,3,2,56,28,0,300,4,5
5608,1,333,1,2,3,2,80,10,420,540,2,5
5609,3,418,3,2,3,2,37,48,420,540,3,5
5610,11,484,13,1,3,3,57,38,0,300,1,5
5611,4,540,6,1,3,3,13,33,60,180,3,5
5612,5,202,5,2,3,3,25,48,420,540,1,5
5613,7,108,8,2,3,3,67,39,0,300,1,5
5614,4,125,4,2,3,2,25,96,300,600,4,5
5615,10,223,11,1,3,2,34,14,0,300,2,5
5616,6,170,7,1,3,3,57,38,60,180,4,5
5617,8,208,8,2,3,3,30,50,420,540,4,5
5618,2,251,3,1,3,3,16,18,180,300,2,5
5619,12,277,13,1,3,2,19,20,0,300,1,5
5620,8,35,9,1,3,3,47,76,60,180,3,5
5621,4,427,6,1,3,3,85,27,180,300,4,5
5622,2,208,2,2,3,1,66,42,420,540,4,5
5623,7,196,8,1,3,1,24,70,0,300,2,5
5624,1,154,2,1,3,1,93,44,180,300,4,5
5625,2,320,2,2,3,1,91,10,420,540,3,5
5626,2,69,2,1,3,3,79,54,180,300,3,5
5627,5,437,7,1,3,3,37,86,0,300,4,5
5628,5,63,5,1,3,1,4,98,180,300,2,5
5629,8,247,9,2,3,1,9,55,300,600,3,5
5630,11,430,13,2,3,2,83,88,180,300,4,5
5631,6,477,7,2,3,1,30,91,420,540,1,5
5632,9,191,9,2,3,2,40,18,300,600,2,5
5633,6,41,6,2,3,2,92,29,60,180,3,5
5634,3,38,3,1,3,3,2,93,60,180,4,5
5635,7,443,8,1,3,3,58,20,0,300,4,5
5636,3,498,5,1,3,1,73,7,180,300,1,5
5637,12,415,13,1,3,1,83,69,60,180,3,5
5638,7,506,9,1,3,2,0,96,0,300,2,5
5639,4,361,5,1,3,3,31,3,0,300,4,5
5640,6,446,8,1,3,3,93,94,60,180,2,5
5641,8,19,9,2,3,1,31,28,300,420,1,5
5642,14,334,14,2,3,3,60,97,420,540,1,5
5643,8,78,8,2,3,1,15,30,300,420,4,5
5644,7,396,7,2,3,3,77,64,420,540,1,5
5645,12,254,12,2,3,2,42,78,300,420,3,5
5646,11,215,12,1,3,3,12,12,0,300,2,5
5647,1,29,1,1,3,3,70,26,60,180,3,5
5648,2,388,2,2,3,1,77,15,420,540,2,5
5649,6,375,7,2,3,3,5,28,420,540,4,5
5650,13,53,15,1,3,3,75,48,180,300,1,5
5651,7,190,8,1,3,2,49,88,180,300,1,5
5652,3,313,3,2,3,3,21,24,420,540,3,5
5653,5,472,6,1,3,3,1,37,60,180,2,5
5654,13,92,14,1,3,2,41,71,60,180,4,5
5655,7,570,8,2,3,3,37,21,0,300,4,5
5656,10,372,11,2,3,1,36,21,60,180,3,5
5657,6,149,8,1,3,2,60,51,0,300,3,5
5658,4,163,5,2,3,1,63,84,300,420,2,5
5659,9,497,11,1,3,2,66,37,180,300,3,5
5660,4,362,4,2,3,3,96,88,420,540,3,5
5661,8,97,9,1,3,2,76,99,60,180,1,5
5662,12,324,12,2,3,1,4,98,420,540,4,5
5663,14,525,15,1,3,1,18,56,60,180,4,5
5664,12,242,13,1,3,3,0,32,180,300,1,5
5665,3,192,3,2,3,3,2,33,300,600,4,5
5666,2,236,3,2,3,1,69,0,0,300,4,5
5667,9,42,9,2,3,3,1,33,180,300,1,5
5668,4,314,5,1,3,3,8,4,180,300,4,5
5669,3,42,3,1,3,2,40,64,60,180,4,5
5670,8,400,9,1,3,3,61,19,0,300,4,5
5671,7,151,7,1,3,1,11,44,180,300,3,5
5672,3,492,4,1,3,1,6,78,60,180,4,5
5673,2,190,2,2,3,3,55,47,300,600,1,5
5674,6,319,6,2,3,2,45,72,420,540,4,5
5675,4,266,4,2,3,2,41,75,420,540,3,5
5676,7,117,7,1,3,1,11,68,180,300,4,5
5677,6,63,7,1,3,1,52,49,0,300,4,5
5678,8,496,10,1,3,3,83,20,0,300,2,5
5679,13,517,14,2,3,3,89,71,180,300,4,5
5680,13,191,15,2,3,2,61,54,60,180,4,5
5681,10,507,12,1,3,2,49,72,180,300,2,5
5682,8,253,9,1,3,3,48,63,60,180,2,5
5683,2,564,3,2,3,3,37,35,300,420,2,5
5684,1,99,1,1,3,2,28,90,180,300,1,5
5685,5,521,6,1,3,1,18,23,180,300,2,5
5686,1,295,1,2,3,3,0,77,300,420,2,5
5687,6,80,6,1,3,1,14,76,180,300,3,5
5688,14,318,15,1,3,2,30,67,180,300,3,5
5689,5,300,6,2,3,3,36,48,60,180,4,5
5690,3,262,4,1,3,3,8,43,180,300,3,5
5691,3,520,5,1,3,1,54,33,0,300,3,5
5692,14,496,15,1,3,1,82,20,180,300,3,5
5693,12,479,13,1,3,2,81,5,180,300,2,5
5694,9,232,9,2,3,1,57,74,300,600,2,5
5695,14,306,14,2,3,3,93,95,420,540,1,5
5696,6,379,6,2,3,3,89,81,420,540,2,5
5697,13,554,15,2,3,2,47,70,180,300,3,5
5698,14,416,14,2,3,2,6,17,420,540,4,5
5699,4,408,5,1,3,2,7,7,60,180,1,5
5700,11,294,11,2,3,1,62,16,420,540,3,5
5701,12,469,14,1,3,2,38,40,60,180,3,5
5702,10,251,10,2,3,2,63,2,420,540,1,5
5703,2,230,2,2,3,3,37,31,420,540,3,5
5704,3,82,3,2,3,3,50,93,300,600,4,5
5705,1,203,1,2,3,3,72,5,420,540,1,5
5706,3,232,5,1,3,3,27,47,0,300,3,5
5707,14,451,16,1,3,1,20,11,0,300,3,5
5708,9,139,10,1,3,3,66,63,60,180,2,5
5709,10,372,10,2,3,2,28,15,420,540,1,5
5710,2,585,4,1,3,3,71,42,180,300,4,5
5711,12,104,14,1,3,1,14,78,180,300,2,5
5712,2,182,4,1,3,3,57,20,0,300,3,5
5713,9,275,10,2,3,3,71,16,180,300,2,5
5714,13,276,15,1,3,1,41,95,60,180,3,5
5715,8,520,10,1,3,2,10,6,60,180,2,5
5716,12,61,13,1,3,1,6,0,0,300,4,5
5717,5,300,7,1,3,1,10,82,60,180,3,5
5718,5,234,6,2,3,3,60,23,300,420,2,5
5719,12,478,14,2,3,3,64,28,300,600,3,5
5720,1,590,2,1,3,3,41,67,180,300,4,5
5721,4,332,5,2,3,2,49,65,180,300,3,5
5722,4,333,4,2,3,1,75,23,420,540,1,5
5723,7,550,9,1,3,1,23,40,60,180,3,5
5724,14,412,14,2,3,3,94,23,420,540,1,5
5725,5,115,5,1,3,2,8,50,180,300,3,5
5726,6,59,7,2,3,3,20,6,420,540,2,5
5727,4,7,4,1,3,1,95,32,60,180,4,5
5728,6,540,8,1,3,2,52,0,60,180,3,5
5729,5,470,7,1,3,2,17,78,60,180,3,5
5730,8,332,8,2,3,2,86,86,420,540,1,5
5731,7,401,8,1,3,3,96,81,60,180,3,5
5732,8,144,8,1,3,3,45,47,180,300,2,5
5733,5,166,5,1,3,3,12,1,180,300,2,5
5734,3,438,5,1,3,3,1,36,60,180,1,5
5735,10,209,11,1,3,1,23,98,180,300,2,5
5736,2,547,4,2,3,2,20,78,60,180,4,5
5737,13,276,13,2,3,1,74,70,300,420,2,5
5738,9,69,9,1,3,2,90,22,180,300,3,5
5739,10,333,11,2,3,2,78,82,180,300,3,5
5740,13,395,13,2,3,3,63,17,420,540,3,5
5741,8,346,8,2,3,3,60,7,420,540,4,5
5742,3,489,4,1,3,3,40,56,0,300,4,5
5743,1,327,2,2,3,2,85,90,420,540,4,5
5744,4,501,5,1,3,3,34,73,0,300,3,5
5745,4,205,4,2,3,1,16,84,300,420,4,5
5746,14,520,16,1,3,2,15,65,180,300,1,5
5747,12,342,12,2,3,3,23,89,420,540,4,5
5748,1,594,3,2,3,2,26,18,180,300,3,5
5749,14,360,15,1,3,1,84,7,60,180,1,5
5750,4,541,6,2,3,3,6,79,0,300,1,5
5751,5,214,6,1,3,1,83,11,0,300,2,5
5752,9,256,9,2,3,1,6,28,300,600,4,5
5753,13,247,13,2,3,2,30,32,420,540,1,5
5754,6,336,7,1,3,1,68,41,180,300,4,5
5755,14,172,15,2,3,1,74,24,420,540,1,5
5756,11,493,12,1,3,1,81,66,0,300,1,5
5757,4,390,4,2,3,2,34,85,420,540,3,5
5758,13,256,13,2,3,2,6,61,420,540,3,5
5759,3,542,4,2,3,2,16,91,0,300,3,5
5760,2,207,2,2,3,3,23,35,300,420,4,5
5761,9,288,10,1,3,2,82,66,180,300,3,5
5762,5,30,6,1,3,3,23,78,180,300,1,5
5763,9,311,10,1,3,3,74,18,180,300,2,5
5764,9,389,10,1,3,1,2,62,0,300,3,5
5765,6,79,6,1,3,2,26,22,180,300,1,5
5766,1,273,1,2,3,1,83,53,300,420,3,5
5767,1,311,1,2,3,1,91,69,420,540,4,5
5768,8,573,9,1,3,2,12,35,180,300,1,5
5769,1,106,1,1,3,1,51,63,180,300,4,5
5770,10,60,11,1,3,3,81,85,180,300,2,5
5771,7,424,8,1,3,2,34,50,60,180,1,5
5772,7,329,8,1,3,1,5,66,180,300,3,5
5773,10,448,11,1,3,1,83,54,0,300,1,5
5774,6,323,7,2,3,2,17,36,60,180,3,5
5775,6,486,7,2,3,2,12,74,180,300,2,5
5776,6,68,6,1,3,1,9,91,180,300,2,5
5777,14,555,16,2,3,1,37,50,180,300,4,5
5778,2,128,2,2,3,3,48,7,300,420,2,5
5779,12,436,14,1,3,3,33,48,60,180,1,5
5780,12,21,12,1,3,1,67,16,60,180,2,5
5781,3,132,3,2,3,1,91,75,300,420,3,5
5782,3,227,3,2,3,2,17,76,300,600,2,5
5783,7,142,8,1,3,3,54,87,0,300,1,5
5784,8,264,9,1,3,3,29,89,180,300,2,5
5785,10,508,12,1,3,3,67,85,60,180,4,5
5786,13,360,13,2,3,3,90,58,420,540,2,5
5787,13,594,15,2,3,3,87,28,420,540,4,5
5788,11,463,12,1,3,2,79,16,180,300,3,5
5789,1,264,2,1,3,1,56,42,0,300,1,5
5790,1,153,2,2,3,1,4,56,0,300,4,5
5791,3,116,3,1,3,2,42,53,180,300,3,5
5792,4,461,6,1,3,3,38,76,60,180,2,5
5793,10,493,11,2,3,1,82,10,300,420,3,5
5794,8,122,10,1,3,1,51,49,0,300,2,5
5795,13,278,15,1,3,1,87,14,180,300,1,5
5796,14,348,14,2,3,3,42,71,420,540,3,5
5797,11,158,11,1,3,2,13,23,180,300,3,5
5798,10,371,10,2,3,1,80,98,420,540,1,5
5799,13,212,13,2,3,2,10,37,420,540,2,5
5800,8,599,9,1,3,2,62,82,60,180,3,5
5801,4,104,4,1,3,2,30,58,180,300,4,5
5802,5,519,6,2,3,3,45,5,180,300,3,5
5803,8,283,10,1,3,3,61,98,60,180,2,5
5804,12,559,13,1,3,2,18,58,60,180,2,5
5805,11,196,11,2,3,1,19,33,300,420,1,5
5806,13,465,15,2,3,2,42,55,180,300,4,5
5807,5,236,6,2,3,1,68,67,180,300,4,5
5808,7,420,8,1,3,1,48,52,0,300,1,5
5809,6,252,6,2,3,1,38,46,420,540,4,5
5810,3,523,5,2,3,2,87,64,420,540,4,5
5811,1,492,2,2,3,1,22,15,180,300,3,5
5812,9,364,9,2,3,1,11,99,420,540,1,5
5813,1,545,3,1,3,2,78,23,180,300,1,5
5814,1,124,1,1,3,2,96,32,180,300,2,5
5815,1,157,1,1,3,1,41,90,180,300,2,5
5816,14,392,14,2,3,2,59,39,420,540,3,5
5817,7,381,7,2,3,3,70,4,420,540,2,5
5818,13,583,15,1,3,1,1,76,0,300,2,5
5819,8,325,9,1,3,2,38,37,60,180,1,5
5820,11,55,11,2,3,3,16,23,0,300,2,5
5821,5,39,7,1,3,2,72,45,180,300,2,5
5822,14,177,14,1,3,3,83,34,180,300,1,5
5823,2,504,4,1,3,3,94,67,0,300,1,5
5824,14,441,16,1,3,2,34,53,0,300,3,5
5825,5,247,6,2,3,2,27,92,0,300,2,5
5826,3,81,5,1,3,3,57,30,0,300,3,5
5827,11,559,12,1,3,3,26,70,180,300,1,5
5828,8,95,10,2,3,3,86,33,60,180,4,5
5829,1,464,2,1,3,1,35,83,60,180,2,5
5830,1,484,2,1,3,3,20,1,0,300,1,5
5831,9,116,9,1,3,3,46,9,180,300,3,5
5832,14,222,14,2,3,3,16,46,300,420,3,5
5833,13,456,14,1,3,2,73,51,60,180,2,5
5834,14,246,14,2,3,1,73,46,300,600,1,5
5835,14,402,14,2,3,3,67,80,420,540,3,5
5836,1,345,1,2,3,3,91,54,420,540,4,5
5837,14,319,14,2,3,2,62,11,420,540,3,5
5838,13,450,14,2,3,2,42,4,0,300,1,5
5839,4,85,4,1,3,1,88,3,180,300,4,5
5840,12,220,13,2,3,1,92,13,60,180,4,5
5841,2,394,2,2,3,1,95,2,420,540,1,5
5842,11,477,13,1,3,2,71,4,0,300,3,5
5843,4,257,4,2,3,3,50,94,420,540,2,5
5844,7,571,9,1,3,3,16,45,0,300,4,5
5845,1,445,3,1,3,1,78,49,60,180,1,5
5846,10,319,11,2,3,2,28,2,0,300,4,5
5847,1,590,3,2,3,2,35,0,300,420,3,5
5848,2,234,3,2,3,2,3,2,60,180,1,5
5849,7,284,8,1,3,3,36,53,0,300,3,5
5850,5,510,7,1,3,2,58,72,60,180,3,5
5851,6,575,7,1,3,1,91,46,60,180,4,5
5852,2,270,2,2,3,3,100,42,300,420,1,5
5853,1,576,3,1,3,3,69,78,0,300,1,5
5854,2,256,2,2,3,2,32,61,300,600,3,5
5855,11,424,12,2,3,1,12,68,0,300,1,5
5856,5,154,6,1,3,1,44,15,0,300,1,5
5857,14,47,14,1,3,1,70,30,60,180,3,5
5858,10,261,11,1,3,1,90,45,0,300,4,5
5859,5,95,6,2,3,1,51,49,300,420,1,5
5860,9,157,10,1,3,2,2,35,60,180,1,5
5861,2,354,3,1,3,3,74,73,0,300,1,5
5862,9,244,10,1,3,2,60,39,180,300,3,5
5863,5,391,5,2,3,2,58,36,420,540,4,5
5864,14,368,14,2,3,1,44,74,420,540,4,5
5865,14,575,15,1,3,1,13,5,60,180,4,5
5866,9,435,10,2,3,1,95,2,0,300,2,5
5867,5,179,6,1,3,2,72,49,180,300,2,5
5868,11,147,11,2,3,1,9,36,420,540,2,5
5869,6,90,7,2,3,3,61,59,420,540,1,5
5870,8,561,10,1,3,2,87,87,60,180,2,5
5871,4,357,5,1,3,3,38,42,180,300,2,5
5872,4,37,4,1,3,3,39,81,60,180,1,5
5873,11,450,13,1,3,3,10,1,0,300,1,5
5874,11,477,12,2,3,3,93,83,180,300,4,5
5875,5,5,6,2,3,2,29,77,300,600,4,5
5876,9,418,10,2,3,3,14,33,0,300,3,5
5877,3,185,3,2,3,2,28,12,300,600,3,5
5878,4,252,4,2,3,3,86,100,300,420,2,5
5879,4,450,6,2,3,3,11,99,0,300,3,5
5880,6,216,6,2,3,3,26,72,420,540,1,5
5881,2,203,3,1,3,3,41,74,60,180,1,5
5882,8,553,10,1,3,1,89,45,0,300,4,5
5883,12,352,13,1,3,1,11,61,60,180,2,5
5884,7,397,7,2,3,2,63,8,420,540,1,5
5885,2,517,3,2,3,2,28,21,420,540,4,5
5886,8,294,8,2,3,2,91,22,300,600,1,5
5887,11,373,12,2,3,3,81,51,180,300,1,5
5888,10,169,11,2,3,3,3,86,180,300,1,5
5889,1,467,3,2,3,3,67,21,180,300,4,5
5890,1,294,1,2,3,3,86,66,420,540,4,5
5891,1,3,3,1,3,1,49,65,0,300,4,5
5892,9,418,9,2,3,2,87,90,420,540,3,5
5893,6,442,8,2,3,1,25,25,180,300,3,5
5894,13,478,14,2,3,1,39,61,300,600,1,5
5895,10,262,11,1,3,2,23,33,60,180,3,5
5896,9,54,9,1,3,1,80,91,60,180,3,5
5897,7,15,7,2,3,1,34,27,60,180,1,5
5898,12,110,12,1,3,3,8,37,180,300,3,5
5899,5,338,5,2,3,3,68,22,420,540,1,5
5900,9,90,10,1,3,1,82,37,0,300,4,5
5901,11,174,12,1,3,1,31,44,60,180,2,5
5902,6,550,8,1,3,2,0,16,180,300,2,5
5903,14,298,14,2,3,1,63,8,300,600,1,5
5904,7,362,7,2,3,3,59,74,420,540,3,5
5905,9,267,9,2,3,3,14,50,420,540,4,5
5906,6,51,6,1,3,3,88,45,60,180,2,5
5907,4,322,4,2,3,3,48,42,420,540,4,5
5908,8,516,10,1,3,3,15,56,0,300,2,5
5909,11,418,11,2,3,3,92,35,420,540,1,5
5910,11,364,11,2,3,1,14,40,420,540,3,5
5911,11,170,12,2,3,2,81,12,300,600,4,5
5912,3,146,3,2,3,1,30,60,420,540,4,5
5913,2,559,4,1,3,1,26,69,0,300,4,5
5914,10,45,10,2,3,2,85,40,420,540,4,5
5915,10,175,11,2,3,1,17,38,60,180,4,5
5916,7,91,7,2,3,1,74,26,300,420,2,5
5917,5,201,6,1,3,1,28,93,0,300,2,5
5918,10,189,10,2,3,3,25,88,420,540,1,5
5919,1,58,1,1,3,1,58,37,60,180,4,5
5920,7,408,7,2,3,1,50,63,420,540,1,5
5921,8,533,9,1,3,2,54,41,0,300,3,5
5922,9,102,9,1,3,1,77,77,180,300,3,5
5923,9,259,9,2,3,3,57,98,420,540,1,5
5924,11,470,13,1,3,1,62,89,180,300,2,5
5925,11,491,12,2,3,3,72,26,180,300,1,5
5926,7,13,8,1,3,2,42,25,0,300,2,5
5927,5,129,6,1,3,3,25,34,60,180,2,5
5928,2,72,3,1,3,3,85,26,180,300,3,5
5929,12,83,12,1,3,2,52,45,180,300,1,5
5930,4,179,4,1,3,3,41,91,180,300,1,5
5931,5,179,5,1,3,1,56,7,180,300,2,5
5932,7,136,7,2,3,3,53,59,300,420,1,5
5933,3,531,5,1,3,2,94,74,180,300,1,5
5934,8,139,8,2,3,1,35,64,180,300,1,5
5935,4,161,5,1,3,2,13,34,60,180,2,5
5936,13,403,13,2,3,1,92,97,420,540,3,5
5937,3,130,5,2,3,2,84,47,0,300,2,5
5938,8,283,8,2,3,3,69,48,300,600,1,5
5939,8,428,10,1,3,1,70,69,180,300,2,5
5940,6,536,8,1,3,1,39,14,0,300,4,5
5941,3,380,4,2,3,2,44,60,180,300,2,5
5942,7,584,9,1,3,1,56,66,180,300,2,5
5943,11,539,13,1,3,2,5,44,180,300,3,5
5944,3,392,3,2,3,2,36,22,420,540,1,5
5945,4,225,5,1,3,3,77,88,60,180,4,5
5946,2,447,4,1,3,3,39,46,0,300,1,5
5947,7,35,7,1,3,1,50,66,60,180,1,5
5948,8,567,9,1,3,2,24,7,180,300,4,5
5949,14,119,15,1,3,2,62,25,60,180,1,5
5950,13,531,15,1,3,2,44,9,0,300,1,5
5951,2,225,2,2,3,1,49,77,420,540,4,5
5952,14,132,14,1,3,3,69,85,180,300,1,5
5953,6,229,6,2,3,1,86,90,420,540,2,5
5954,6,233,7,1,3,1,29,28,60,180,2,5
5955,13,269,13,2,3,2,7,15,300,600,4,5
5956,14,452,16,1,3,2,55,57,0,300,2,5
5957,8,241,9,1,3,1,84,91,60,180,3,5
5958,13,490,14,1,3,3,91,42,180,300,2,5
5959,9,501,11,2,3,2,84,29,0,300,1,5
5960,10,92,11,2,3,2,12,52,60,180,4,5
5961,12,332,12,2,3,1,20,16,420,540,2,5
5962,7,227,8,1,3,3,66,71,180,300,3,5
5963,11,111,11,1,3,3,91,2,180,300,1,5
5964,1,36,1,2,3,3,7,35,420,540,2,5
5965,6,129,7,2,3,2,43,75,420,540,3,5
5966,8,457,10,1,3,3,18,61,180,300,4,5
5967,4,58,4,2,3,3,64,68,420,540,1,5
5968,8,385,8,2,3,1,33,60,420,540,4,5
5969,3,541,4,1,3,1,38,26,0,300,2,5
5970,11,219,12,1,3,2,42,75,0,300,4,5
5971,12,297,12,2,3,2,91,38,300,600,3,5
5972,7,413,7,2,3,3,37,12,420,540,3,5
5973,9,131,9,1,3,2,82,38,180,300,4,5
5974,9,290,9,2,3,2,29,63,420,540,4,5
5975,2,89,2,1,3,3,85,13,180,300,1,5
5976,4,531,5,2,3,2,65,15,420,540,1,5
5977,14,583,16,2,3,3,26,46,60,180,1,5
5978,11,138,12,1,3,2,89,29,0,300,3,5
5979,4,412,5,1,3,1,42,20,0,300,4,5
5980,11,163,12,1,3,2,78,96,180,300,1,5
5981,1,248,1,2,3,1,60,52,300,600,4,5
5982,10,198,10,2,3,2,68,41,420,540,2,5
5983,13,453,14,1,3,1,35,46,0,300,4,5
5984,13,528,15,1,3,2,0,72,180,300,2,5
5985,14,256,14,2,3,3,81,30,420,540,2,5
5986,12,168,12,1,3,3,48,67,180,300,3,5
5987,7,477,9,1,3,2,34,32,180,300,2,5
5988,11,273,12,1,3,3,61,87,0,300,2,5
5989,8,353,8,2,3,2,32,11,420,540,3,5
5990,2,220,2,2,3,3,81,85,300,420,2,5
5991,2,99,3,1,3,3,99,39,60,180,1,5
5992,2,282,2,2,3,3,87,24,420,540,3,5
5993,8,558,10,2,3,2,15,85,0,300,3,5
5994,14,347,14,2,3,1,24,57,420,540,1,5
5995,7,32,7,1,3,2,32,55,60,180,4,5
5996,6,218,6,2,3,2,17,37,420,540,4,5
5997,10,136,12,1,3,3,94,91,180,300,4,5
5998,9,552,10,1,3,2,11,27,0,300,3,5
5999,1,581,3,2,3,3,30,12,60,180,2,5
6000,8,228,8,2,3,3,60,79,420,540,3,5
6001,14,113,14,2,3,2,21,52,420,540,1,5
6002,14,110,15,1,3,1,57,33,180,300,4,5
6003,12,206,12,2,3,3,75,11,420,540,2,5
6004,8,86,8,1,3,1,7,27,180,300,4,5
6005,11,567,13,2,3,1,28,54,180,300,4,5
6006,10,42,10,2,3,3,43,1,180,300,4,5
6007,7,382,7,2,3,3,95,47,420,540,2,5
6008,2,143,4,2,3,2,60,54,180,300,3,5
6009,12,571,13,1,3,2,90,60,60,180,1,5
6010,10,89,10,1,3,2,42,39,180,300,1,5
6011,6,42,6,2,3,2,40,83,60,180,3,5
6012,11,318,12,2,3,1,41,82,300,600,1,5
6013,10,481,12,1,3,3,41,1,0,300,2,5
6014,14,266,14,2,3,3,30,81,300,420,1,5
6015,4,106,4,1,3,3,50,93,180,300,4,5
6016,12,185,13,1,3,1,29,16,0,300,4,5
6017,6,599,8,1,3,3,46,73,60,180,3,5
6018,9,390,11,1,3,1,39,78,180,300,1,5
6019,12,337,13,1,3,3,99,26,180,300,4,5
6020,3,108,3,2,3,1,47,77,420,540,1,5
6021,5,383,5,2,3,3,87,46,420,540,4,5
6022,10,553,12,2,3,2,85,82,0,300,4,5
6023,9,60,9,2,3,1,56,72,60,180,3,5
6024,9,579,11,2,3,1,96,59,0,300,3,5
6025,8,525,9,1,3,2,90,18,0,300,1,5
6026,10,161,10,1,3,1,44,38,180,300,3,5
6027,9,231,9,2,3,2,51,97,300,420,3,5
6028,1,589,3,2,3,2,17,43,420,540,2,5
6029,8,131,9,1,3,3,10,42,60,180,3,5
6030,13,232,13,2,3,2,31,57,300,420,3,5
6031,9,393,10,2,3,2,6,45,60,180,4,5
6032,12,80,12,1,3,2,63,81,180,300,2,5
6033,14,71,15,2,3,2,8,13,180,300,3,5
6034,12,573,14,1,3,2,69,90,180,300,3,5
6035,9,86,9,1,3,1,41,69,180,300,1,5
6036,12,543,14,1,3,2,65,71,180,300,2,5
6037,5,526,7,1,3,3,84,16,180,300,4,5
6038,8,175,9,2,3,1,22,88,0,300,1,5
6039,13,177,13,1,3,2,16,12,180,300,3,5
6040,11,283,11,2,3,3,47,64,300,600,4,5
6041,8,185,9,1,3,1,30,91,60,180,1,5
6042,7,138,7,2,3,3,31,100,180,300,3,5
6043,11,316,11,2,3,3,83,44,420,540,2,5
6044,7,489,8,2,3,1,25,44,60,180,3,5
6045,4,283,4,2,3,1,55,62,420,540,4,5
6046,3,209,4,1,3,1,5,69,180,300,3,5
6047,12,394,13,2,3,1,21,82,420,540,1,5
6048,9,337,9,2,3,3,40,5,420,540,4,5
6049,6,245,7,2,3,1,4,82,180,300,3,5
6050,13,555,15,1,3,2,35,52,180,300,3,5
6051,5,362,5,2,3,2,75,86,420,540,3,5
6052,14,513,15,1,3,1,34,48,180,300,1,5
6053,1,580,2,2,3,3,16,66,0,300,2,5
6054,3,218,3,2,3,3,92,28,420,540,4,5
6055,9,154,11,1,3,1,92,9,60,180,3,5
6056,1,369,1,2,3,2,12,10,420,540,1,5
6057,4,252,4,2,3,1,86,78,300,420,3,5
6058,8,336,8,2,3,2,78,9,420,540,3,5
6059,2,572,4,1,3,2,16,82,0,300,1,5
6060,8,511,10,1,3,1,52,0,60,180,3,5
6061,3,323,4,2,3,2,95,83,300,420,4,5
6062,5,449,7,1,3,3,0,60,0,300,4,5
6063,14,538,16,1,3,2,7,94,60,180,1,5
6064,4,35,4,2,3,3,44,86,0,300,3,5
6065,13,416,13,2,3,3,67,91,420,540,2,5
6066,10,332,10,2,3,1,55,81,420,540,2,5
6067,6,106,6,2,3,1,40,76,420,540,4,5
6068,9,414,10,2,3,1,69,47,60,180,1,5
6069,4,305,4,2,3,3,59,98,420,540,1,5
6070,9,500,10,2,3,3,52,61,180,300,3,5
6071,2,305,2,2,3,3,75,1,420,540,4,5
6072,11,546,12,1,3,1,96,42,0,300,2,5
6073,6,388,6,2,3,1,69,18,420,540,2,5
6074,13,207,13,2,3,1,83,97,420,540,3,5
6075,9,101,9,2,3,3,38,67,420,540,4,5
6076,9,321,9,2,3,1,20,7,420,540,2,5
6077,8,219,9,1,3,2,28,12,0,300,2,5
6078,1,513,2,2,3,2,71,15,0,300,3,5
6079,5,580,6,2,3,2,31,40,180,300,4,5
6080,3,22,4,1,3,1,66,50,180,300,1,5
6081,12,567,13,2,3,2,69,39,300,420,1,5
6082,5,559,6,1,3,1,34,92,180,300,2,5
6083,3,166,4,1,3,3,64,33,60,180,4,5
6084,1,509,2,2,3,3,29,0,420,540,3,5
6085,10,422,11,1,3,1,90,97,60,180,2,5
6086,3,132,4,1,3,1,90,86,0,300,4,5
6087,10,9,10,2,3,2,6,100,60,180,4,5
6088,11,350,12,1,3,3,78,34,0,300,1,5
6089,1,345,1,2,3,1,33,50,420,540,1,5
6090,7,445,9,1,3,1,45,74,60,180,3,5
6091,10,66,10,1,3,3,31,76,180,300,4,5
6092,13,512,14,1,3,1,53,14,0,300,4,5
6093,6,9,7,1,3,2,36,73,180,300,3,5
6094,4,313,5,1,3,2,44,15,60,180,4,5
6095,14,337,14,2,3,2,28,16,420,540,1,5
6096,7,489,9,1,3,3,55,74,180,300,4,5
6097,12,570,13,2,3,2,30,44,180,300,1,5
6098,10,269,11,2,3,3,31,42,60,180,1,5
6099,6,21,7,1,3,2,76,85,180,300,3,5
6100,9,509,10,1,3,3,78,65,60,180,4,5
6101,10,88,10,1,3,1,1,23,180,300,4,5
6102,11,526,12,2,3,1,68,79,180,300,2,5
6103,6,266,6,2,3,3,7,64,300,420,4,5
6104,9,220,10,1,3,3,18,2,180,300,2,5
6105,4,33,4,2,3,1,51,79,300,420,1,5
6106,4,214,4,2,3,1,23,36,420,540,2,5
6107,10,291,11,2,3,1,66,76,0,300,1,5
6108,13,449,15,1,3,2,64,2,60,180,4,5
6109,11,299,13,1,3,2,19,96,0,300,1,5
6110,8,356,9,1,3,1,3,79,60,180,3,5
6111,14,458,15,1,3,1,22,79,0,300,3,5
6112,2,129,3,1,3,3,45,88,60,180,1,5
6113,4,530,5,2,3,2,42,63,420,540,3,5
6114,14,505,15,2,3,3,24,27,60,180,1,5
6115,14,512,16,2,3,2,58,89,180,300,2,5
6116,8,358,8,2,3,3,21,58,420,540,2,5
6117,10,243,11,1,3,3,87,82,0,300,4,5
6118,12,531,13,1,3,1,37,64,60,180,2,5
6119,6,411,6,2,3,1,85,68,420,540,4,5
6120,14,26,15,1,3,3,90,62,180,300,4,5
6121,7,468,9,2,3,2,59,52,420,540,1,5
6122,5,382,5,2,3,3,16,61,420,540,4,5
6123,11,491,13,1,3,3,14,59,0,300,2,5
6124,6,403,7,1,3,2,35,13,0,300,2,5
6125,2,49,3,2,3,1,66,39,180,300,1,5
6126,14,94,15,2,3,2,92,73,60,180,1,5
6127,10,363,10,2,3,3,40,50,420,540,2,5
6128,11,560,13,1,3,3,39,7,60,180,2,5
6129,7,452,8,1,3,1,63,46,0,300,3,5
6130,7,598,9,2,3,1,88,6,300,420,2,5
6131,8,319,8,2,3,2,8,91,420,540,2,5
6132,5,229,5,2,3,3,75,29,300,420,1,5
6133,11,40,11,2,3,1,6,88,60,180,4,5
6134,8,413,9,2,3,1,6,4,60,180,3,5
6135,4,45,5,2,3,3,24,18,420,540,2,5
6136,2,5,2,1,3,2,36,59,60,180,2,5
6137,8,69,8,1,3,2,61,25,180,300,4,5
6138,5,393,6,2,3,3,97,31,180,300,4,5
6139,5,5,6,1,3,3,52,45,60,180,4,5
6140,6,474,7,1,3,1,84,100,60,180,1,5
6141,1,184,2,1,3,1,81,51,0,300,2,5
6142,12,361,12,2,3,2,73,10,420,540,3,5
6143,12,186,13,2,3,2,95,30,180,300,1,5
6144,3,74,4,2,3,1,83,46,180,300,1,5
6145,4,409,4,2,3,3,84,66,420,540,1,5
6146,4,293,5,2,3,1,50,77,0,300,3,5
6147,9,390,9,2,3,2,32,19,420,540,2,5
6148,1,370,1,2,3,3,2,53,420,540,4,5
6149,13,322,14,1,3,3,47,31,60,180,4,5
6150,9,225,9,2,3,2,28,9,300,420,2,5
6151,8,70,9,1,3,3,16,100,0,300,3,5
6152,1,567,3,2,3,2,66,20,300,600,4,5
6153,8,581,9,1,3,1,73,18,60,180,1,5
6154,13,36,13,1,3,2,72,80,60,180,2,5
6155,14,209,14,2,3,1,92,40,420,540,3,5
6156,7,31,7,1,3,2,55,38,60,180,1,5
6157,10,583,12,1,3,2,4,36,60,180,2,5
6158,11,174,11,1,3,2,70,32,180,300,3,5
6159,6,402,6,2,3,3,15,67,420,540,2,5
6160,1,578,3,2,3,3,33,16,0,300,3,5
6161,14,49,14,2,3,2,91,14,60,180,4,5
6162,6,225,6,2,3,1,51,43,420,540,4,5
6163,7,241,7,2,3,3,32,39,420,540,2,5
6164,5,35,5,1,3,2,52,100,60,180,3,5
6165,3,4,3,1,3,1,2,59,60,180,2,5
6166,8,548,10,1,3,1,37,29,60,180,1,5
6167,4,541,5,1,3,2,27,46,180,300,4,5
6168,4,542,5,2,3,2,0,84,300,420,3,5
6169,6,467,8,1,3,2,23,33,180,300,1,5
6170,5,353,6,1,3,3,97,69,0,300,4,5
6171,6,294,7,2,3,1,13,95,180,300,2,5
6172,7,514,8,1,3,2,70,95,60,180,3,5
6173,12,516,13,1,3,1,63,53,60,180,1,5
6174,9,274,11,1,3,1,73,82,0,300,2,5
6175,4,124,5,2,3,1,63,42,0,300,3,5
6176,13,353,14,1,3,1,26,14,180,300,1,5
6177,10,597,12,1,3,3,75,84,0,300,3,5
6178,4,490,6,2,3,1,12,95,0,300,1,5
6179,4,470,6,2,3,2,9,24,180,300,1,5
6180,7,533,9,1,3,2,28,36,180,300,2,5
6181,1,348,1,2,3,1,62,20,420,540,4,5
6182,6,322,8,1,3,1,42,15,60,180,4,5
6183,4,46,4,2,3,1,86,55,420,540,1,5
6184,9,51,9,1,3,1,90,38,60,180,1,5
6185,4,419,5,1,3,2,81,83,60,180,4,5
6186,7,270,8,1,3,1,71,74,60,180,1,5
6187,3,348,3,2,3,1,12,20,420,540,2,5
6188,7,437,9,2,3,1,53,47,420,540,4,5
6189,4,72,4,1,3,2,88,88,180,300,2,5
6190,8,90,8,1,3,2,84,49,180,300,3,5
6191,8,184,8,2,3,1,11,88,420,540,3,5
6192,7,128,8,1,3,3,36,72,0,300,2,5
6193,11,560,13,1,3,3,25,62,60,180,4,5
6194,11,89,12,1,3,2,82,71,0,300,3,5
6195,4,407,4,2,3,2,58,71,420,540,1,5
6196,6,79,6,2,3,2,27,23,300,600,1,5
6197,2,31,2,1,3,3,64,88,60,180,2,5
6198,13,117,13,1,3,1,5,15,180,300,3,5
6199,7,231,7,2,3,2,68,88,300,420,3,5
6200,14,197,15,2,3,2,7,28,60,180,4,5
6201,10,38,10,1,3,3,57,72,60,180,2,5
6202,7,157,8,2,3,3,69,18,180,300,3,5
6203,4,265,5,2,3,3,5,35,300,420,2,5
6204,9,494,10,1,3,3,68,77,0,300,1,5
6205,6,98,7,1,3,1,71,83,0,300,4,5
6206,10,520,11,1,3,1,83,87,60,180,1,5
6207,5,2,5,1,3,1,65,55,60,180,4,5
6208,13,380,14,1,3,2,72,29,0,300,1,5
6209,7,504,8,1,3,2,43,88,180,300,3,5
6210,7,89,7,1,3,2,14,23,180,300,4,5
6211,12,31,13,1,3,1,49,78,60,180,3,5
6212,1,259,2,2,3,2,10,6,180,300,1,5
6213,8,424,9,2,3,1,68,41,420,540,4,5
6214,6,440,8,1,3,2,58,37,0,300,1,5
6215,13,87,14,1,3,3,88,84,180,300,2,5
6216,9,159,9,1,3,3,79,26,180,300,1,5
6217,2,176,2,1,3,2,46,97,180,300,1,5
6218,1,220,1,2,3,1,98,5,420,540,3,5
6219,6,588,7,1,3,3,35,19,180,300,4,5
6220,6,509,8,1,3,2,35,9,180,300,3,5
6221,4,268,4,2,3,1,65,80,300,420,4,5
6222,6,415,6,2,3,1,1,83,420,540,1,5
6223,13,337,14,1,3,2,68,58,60,180,3,5
6224,14,544,15,1,3,1,18,65,180,300,4,5
6225,11,251,11,2,3,3,27,13,420,540,2,5
6226,9,212,9,2,3,2,0,2,420,540,3,5
6227,10,252,10,2,3,1,91,67,420,540,4,5
6228,8,233,8,2,3,2,76,67,420,540,1,5
6229,11,327,11,2,3,1,32,74,420,540,2,5
6230,2,510,3,2,3,2,35,41,180,300,3,5
6231,1,296,1,2,3,2,59,13,300,420,3,5
6232,7,547,8,1,3,2,96,76,180,300,2,5
6233,3,24,3,1,3,2,38,65,60,180,3,5
6234,12,585,14,1,3,1,26,54,0,300,4,5
6235,13,311,14,2,3,3,10,34,60,180,2,5
6236,13,3,13,2,3,3,53,53,0,300,2,5
6237,1,193,1,2,3,1,29,19,300,600,3,5
6238,2,228,2,2,3,3,28,86,300,600,3,5
6239,3,147,3,1,3,2,26,73,180,300,2,5
6240,11,60,12,2,3,1,82,79,420,540,1,5
6241,8,343,8,2,3,1,10,69,420,540,2,5
6242,13,498,15,1,3,3,63,23,180,300,2,5
6243,1,390,2,1,3,1,38,37,0,300,2,5
6244,5,41,6,1,3,2,66,32,180,300,1,5
6245,13,587,15,2,3,1,95,20,0,300,2,5
6246,10,423,11,1,3,3,69,74,0,300,4,5
6247,4,491,5,2,3,1,3,67,0,300,4,5
6248,6,215,6,2,3,1,65,72,420,540,4,5
6249,11,277,13,2,3,3,18,33,60,180,2,5
6250,10,102,10,1,3,2,91,14,180,300,1,5
6251,1,528,3,1,3,1,9,12,180,300,4,5
6252,7,569,8,1,3,2,36,31,180,300,1,5
6253,9,80,9,2,3,2,3,32,180,300,3,5
6254,13,478,15,2,3,3,75,96,0,300,1,5
6255,5,319,6,1,3,2,0,46,0,300,2,5
6256,4,593,5,2,3,3,32,80,300,420,1,5
6257,8,461,9,1,3,1,84,35,60,180,1,5
6258,9,229,9,2,3,2,6,97,420,540,3,5
6259,9,482,10,1,3,1,9,5,0,300,2,5
6260,12,486,13,1,3,2,70,69,180,300,4,5
6261,1,543,2,2,3,3,38,6,0,300,1,5
6262,9,105,9,2,3,1,28,83,180,300,2,5
6263,3,163,3,1,3,1,86,81,180,300,4,5
6264,6,532,7,1,3,3,89,15,0,300,3,5
6265,12,407,12,2,3,2,37,30,420,540,3,5
6266,2,73,3,2,3,1,92,22,0,300,3,5
6267,7,352,7,2,3,1,6,45,420,540,1,5
6268,14,215,15,2,3,1,26,29,60,180,1,5
6269,2,600,3,1,3,3,6,81,0,300,3,5
6270,5,128,6,1,3,3,27,84,0,300,3,5
6271,3,473,5,2,3,2,13,25,300,420,2,5
6272,5,470,7,1,3,3,36,71,180,300,3,5
6273,1,392,2,1,3,2,0,72,60,180,4,5
6274,14,232,16,1,3,1,38,39,60,180,4,5
6275,12,414,13,1,3,2,62,14,180,300,3,5
6276,9,576,10,2,3,1,40,5,300,420,2,5
6277,8,340,8,2,3,2,100,66,420,540,3,5
6278,6,235,6,2,3,3,52,57,300,600,3,5
6279,4,260,4,2,3,3,47,60,420,540,2,5
6280,4,10,5,2,3,3,91,79,420,540,2,5
6281,10,311,10,2,3,3,98,66,420,540,2,5
6282,5,539,6,1,3,2,46,32,0,300,1,5
6283,10,375,10,2,3,2,50,66,420,540,2,5
6284,9,533,11,1,3,3,16,59,180,300,3,5
6285,6,540,8,2,3,2,5,15,180,300,1,5
6286,9,286,9,2,3,2,69,9,420,540,2,5
6287,10,76,11,1,3,3,41,23,0,300,2,5
6288,9,565,11,1,3,3,77,76,60,180,3,5
6289,8,104,8,1,3,1,85,76,180,300,2,5
6290,4,529,5,2,3,1,32,59,0,300,3,5
6291,5,530,7,1,3,1,83,12,180,300,2,5
6292,2,264,2,2,3,3,85,0,420,540,4,5
6293,9,142,9,2,3,2,34,83,180,300,1,5
6294,6,346,6,2,3,3,82,73,420,540,2,5
6295,4,94,4,1,3,3,100,86,180,300,1,5
6296,8,3,8,1,3,1,89,8,60,180,2,5
6297,7,356,7,2,3,1,14,75,420,540,2,5
6298,3,18,4,1,3,1,56,68,0,300,1,5
6299,7,85,7,1,3,3,96,58,180,300,4,5
6300,1,416,2,1,3,3,85,63,180,300,3,5
6301,3,95,3,2,3,1,21,20,420,540,4,5
6302,8,347,9,1,3,2,64,76,0,300,2,5
6303,14,174,14,1,3,3,84,71,180,300,1,5
6304,11,586,13,1,3,2,67,63,0,300,1,5
6305,13,428,15,1,3,3,61,96,0,300,1,5
6306,11,476,12,1,3,2,69,54,0,300,4,5
6307,12,21,12,2,3,2,86,75,0,300,2,5
6308,12,91,12,1,3,3,23,12,180,300,3,5
6309,2,15,2,2,3,1,17,59,0,300,2,5
6310,9,319,11,1,3,3,94,21,0,300,2,5
6311,3,204,3,2,3,1,99,43,420,540,3,5
6312,1,429,2,1,3,2,96,32,0,300,2,5
6313,12,23,12,1,3,3,90,68,60,180,2,5
6314,12,152,13,2,3,3,92,32,60,180,3,5
6315,9,302,9,2,3,3,44,5,420,540,1,5
6316,13,361,13,2,3,2,96,24,420,540,1,5
6317,2,460,4,2,3,3,87,10,60,180,4,5
6318,3,133,3,1,3,3,28,18,180,300,1,5
6319,13,14,14,1,3,2,21,41,180,300,3,5
6320,12,190,12,2,3,2,75,81,420,540,4,5
6321,14,237,14,2,3,3,94,88,300,420,3,5
6322,7,592,8,2,3,2,48,99,60,180,4,5
6323,11,177,12,2,3,2,52,27,0,300,3,5
6324,5,572,7,1,3,1,30,68,180,300,3,5
6325,14,455,16,1,3,2,54,93,180,300,3,5
6326,8,190,8,2,3,1,28,31,420,540,4,5
6327,2,97,3,1,3,1,85,58,60,180,4,5
6328,8,509,10,2,3,2,34,87,420,540,4,5
6329,7,318,9,1,3,2,37,98,0,300,2,5
6330,11,250,11,2,3,3,84,75,420,540,1,5
6331,12,248,13,1,3,1,8,5,180,300,4,5
6332,9,491,10,1,3,1,42,91,60,180,3,5
6333,4,374,4,2,3,2,26,29,420,540,3,5
6334,13,183,14,2,3,3,9,77,300,420,4,5
6335,1,556,2,1,3,1,78,45,60,180,2,5
6336,1,508,3,1,3,1,77,84,60,180,2,5
6337,7,535,9,2,3,1,85,77,0,300,3,5
6338,13,353,13,2,3,2,5,87,420,540,4,5
6339,2,401,4,1,3,2,20,44,0,300,1,5
6340,2,165,4,1,3,3,1,90,0,300,3,5
6341,8,493,9,2,3,3,87,97,0,300,3,5
6342,8,315,8,2,3,2,18,91,420,540,2,5
6343,5,348,6,2,3,3,88,48,180,300,2,5
6344,13,429,14,1,3,3,18,70,180,300,1,5
6345,14,312,14,2,3,2,10,2,420,540,4,5
6346,2,127,2,1,3,2,79,77,180,300,3,5
6347,8,190,9,1,3,1,35,4,0,300,3,5
6348,8,337,9,1,3,2,3,57,60,180,2,5
6349,11,285,11,2,3,2,96,83,300,420,2,5
6350,14,460,15,2,3,1,44,3,0,300,4,5
6351,8,403,8,2,3,2,68,25,420,540,3,5
6352,7,280,8,1,3,1,6,84,180,300,3,5
6353,13,24,13,2,3,1,23,60,0,300,4,5
6354,9,540,11,2,3,2,61,21,180,300,2,5
6355,9,52,10,1,3,1,96,27,0,300,1,5
6356,4,599,6,1,3,3,63,77,60,180,4,5
6357,7,504,8,1,3,3,40,39,60,180,1,5
6358,12,595,13,1,3,3,39,15,60,180,2,5
6359,10,263,12,1,3,3,45,79,60,180,3,5
6360,9,63,9,1,3,1,9,98,180,300,3,5
6361,3,191,5,1,3,2,53,8,0,300,1,5
6362,11,530,13,2,3,2,93,21,420,540,1,5
6363,3,545,5,2,3,1,96,45,420,540,1,5
6364,9,487,10,1,3,3,34,33,180,300,2,5
6365,9,162,10,1,3,1,66,7,60,180,3,5
6366,3,202,3,2,3,1,41,76,300,600,3,5
6367,2,448,4,1,3,1,89,42,60,180,3,5
6368,13,316,13,2,3,2,86,28,420,540,2,5
6369,1,4,1,1,3,3,95,30,60,180,4,5
6370,14,379,14,2,3,1,73,71,420,540,4,5
6371,5,182,6,2,3,3,90,100,60,180,4,5
6372,11,102,12,2,3,2,18,0,0,300,4,5
6373,11,408,13,2,3,3,23,91,420,540,3,5
6374,3,26,3,1,3,1,89,23,60,180,2,5
6375,12,590,13,2,3,3,90,84,0,300,3,5
6376,14,58,14,2,3,1,11,88,0,300,3,5
6377,13,121,14,1,3,2,97,63,180,300,1,5
6378,4,188,4,2,3,2,1,2,300,600,4,5
6379,10,47,10,1,3,1,8,40,60,180,4,5
6380,7,559,8,2,3,1,93,42,0,300,1,5
6381,5,352,6,2,3,3,75,87,420,540,3,5
6382,7,147,7,2,3,2,37,10,180,300,4,5
6383,3,74,5,1,3,3,43,86,60,180,1,5
6384,6,118,7,1,3,3,75,13,0,300,4,5
6385,5,146,5,1,3,2,57,12,180,300,4,5
6386,12,520,13,1,3,2,7,3,0,300,3,5
6387,7,89,7,2,3,3,40,53,420,540,2,5
6388,2,478,4,1,3,2,95,79,0,300,1,5
6389,12,106,12,1,3,1,29,29,180,300,1,5
6390,12,422,13,1,3,1,48,25,180,300,4,5
6391,9,210,10,2,3,3,45,89,0,300,1,5
6392,10,184,11,2,3,2,65,76,0,300,2,5
6393,7,554,8,1,3,2,80,72,180,300,3,5
6394,13,196,14,2,3,3,74,60,0,300,3,5
6395,6,116,6,2,3,3,46,8,300,600,3,5
6396,1,80,2,1,3,2,47,43,0,300,4,5
6397,9,133,9,1,3,2,89,40,180,300,1,5
6398,2,220,3,1,3,2,56,31,60,180,2,5
6399,11,309,11,2,3,3,50,78,420,540,4,5
6400,7,498,8,2,3,2,81,64,60,180,3,5
6401,4,100,5,1,3,1,5,13,0,300,4,5
6402,11,57,11,1,3,2,43,89,60,180,3,5
6403,5,43,5,2,3,2,86,36,0,300,4,5
6404,7,162,7,1,3,3,87,70,180,300,4,5
6405,1,4,1,1,3,1,38,40,60,180,2,5
6406,5,592,6,1,3,3,24,16,180,300,3,5
6407,6,57,7,1,3,2,42,34,60,180,3,5
6408,13,364,13,2,3,2,10,91,420,540,3,5
6409,6,264,6,2,3,2,56,69,300,600,2,5
6410,9,432,11,1,3,1,11,19,60,180,2,5
6411,12,71,12,2,3,2,28,25,420,540,2,5
6412,12,285,13,2,3,3,61,74,0,300,2,5
6413,14,584,16,1,3,3,3,35,180,300,1,5
6414,6,165,6,2,3,1,28,33,300,420,1,5
6415,9,353,9,2,3,1,57,23,420,540,3,5
6416,3,595,5,2,3,3,37,88,300,420,1,5
6417,14,191,15,1,3,3,69,14,180,300,4,5
6418,12,1,13,2,3,2,65,19,420,540,3,5
6419,5,106,5,1,3,3,58,61,180,300,1,5
6420,7,571,9,1,3,3,21,41,0,300,3,5
6421,1,443,3,2,3,1,5,36,180,300,4,5
6422,4,402,5,1,3,3,76,4,60,180,4,5
6423,5,445,6,2,3,2,23,6,0,300,3,5
6424,1,148,1,1,3,1,77,29,180,300,2,5
6425,3,290,4,1,3,2,75,22,60,180,2,5
6426,4,103,4,1,3,3,62,92,180,300,2,5
6427,5,412,6,1,3,3,91,49,0,300,4,5
6428,10,318,10,2,3,1,72,59,420,540,1,5
6429,6,152,6,1,3,3,89,95,180,300,2,5
6430,10,97,12,1,3,1,8,79,0,300,1,5
6431,13,2,14,2,3,2,100,35,420,540,1,5
6432,8,85,9,1,3,3,58,12,0,300,4,5
6433,4,79,5,2,3,1,99,30,0,300,3,5
6434,9,551,11,1,3,3,65,0,0,300,4,5
6435,13,316,13,2,3,2,77,64,420,540,2,5
6436,7,364,8,2,3,2,96,36,420,540,4,5
6437,9,421,10,1,3,3,4,99,180,300,3,5
6438,9,45,10,1,3,1,59,79,0,300,2,5
6439,11,168,12,1,3,1,23,2,60,180,4,5
6440,4,190,4,2,3,3,41,70,300,420,4,5
6441,13,171,13,1,3,1,68,64,180,300,4,5
6442,2,135,3,1,3,3,50,26,180,300,1,5
6443,4,136,4,2,3,3,80,27,180,300,3,5
6444,13,373,13,2,3,2,4,6,420,540,2,5
6445,5,276,5,2,3,2,39,3,420,540,4,5
6446,5,568,6,1,3,2,78,96,0,300,1,5
6447,1,456,3,1,3,1,17,85,60,180,3,5
6448,14,563,16,2,3,2,52,85,420,540,3,5
6449,5,560,6,1,3,2,56,17,60,180,2,5
6450,7,4,7,2,3,1,62,34,0,300,2,5
6451,7,366,8,1,3,1,98,5,60,180,4,5
6452,6,41,7,2,3,2,86,64,60,180,2,5
6453,6,182,7,1,3,3,83,56,60,180,3,5
6454,1,287,2,1,3,3,5,7,0,300,2,5
6455,10,115,11,1,3,3,72,99,180,300,2,5
6456,13,240,14,1,3,1,94,85,60,180,3,5
6457,7,600,9,1,3,3,86,97,0,300,3,5
6458,13,585,15,2,3,3,34,62,0,300,4,5
6459,5,475,6,1,3,2,94,23,60,180,2,5
6460,12,128,12,1,3,2,87,35,180,300,2,5
6461,4,513,5,1,3,2,49,77,180,300,1,5
6462,3,100,3,1,3,2,32,90,180,300,3,5
6463,1,26,1,1,3,3,62,29,60,180,1,5
6464,2,337,2,2,3,1,19,66,420,540,1,5
6465,1,519,3,2,3,1,40,60,0,300,2,5
6466,12,116,12,2,3,3,42,66,300,420,3,5
6467,6,483,8,1,3,3,43,48,60,180,4,5
6468,6,132,7,1,3,1,48,91,0,300,3,5
6469,5,443,6,2,3,1,81,10,420,540,4,5
6470,5,172,5,1,3,1,90,79,180,300,1,5
6471,9,515,10,1,3,1,19,6,60,180,2,5
6472,11,425,12,1,3,1,21,46,180,300,4,5
6473,5,239,7,1,3,3,70,35,0,300,2,5
6474,1,519,2,1,3,3,71,41,180,300,1,5
6475,3,288,5,1,3,1,84,30,60,180,1,5
6476,9,85,9,2,3,2,41,63,180,300,1,5
6477,9,161,10,1,3,2,51,62,0,300,4,5
6478,11,354,11,2,3,2,97,19,420,540,4,5
6479,5,32,6,2,3,2,71,88,420,540,4,5
6480,12,213,13,2,3,3,68,31,180,300,1,5
6481,14,378,14,2,3,2,18,87,420,540,2,5
6482,3,515,4,1,3,3,72,93,60,180,3,5
6483,11,573,13,1,3,1,60,27,60,180,4,5
6484,1,428,3,1,3,2,84,25,180,300,3,5
6485,12,499,14,1,3,1,79,93,60,180,3,5
6486,5,439,7,1,3,1,13,85,180,300,4,5
6487,12,552,14,1,3,1,24,27,60,180,2,5
6488,5,345,5,2,3,3,26,27,420,540,2,5
6489,3,167,3,1,3,3,10,98,180,300,4,5
6490,13,512,15,1,3,2,20,36,60,180,4,5
6491,9,44,9,1,3,3,87,16,60,180,2,5
6492,6,483,8,1,3,1,88,14,60,180,3,5
6493,2,231,2,2,3,2,27,39,300,420,1,5
6494,1,511,3,2,3,2,12,19,180,300,4,5
6495,5,572,7,2,3,2,16,3,300,420,4,5
6496,8,398,8,2,3,2,20,2,420,540,4,5
6497,12,125,12,2,3,2,96,3,300,420,2,5
6498,8,150,8,1,3,1,8,20,180,300,2,5
6499,11,482,13,1,3,3,23,100,60,180,2,5
6500,7,419,7,2,3,3,79,9,420,540,4,5
6501,11,320,11,2,3,1,24,2,420,540,3,5
6502,5,260,5,2,3,3,51,44,300,420,2,5
6503,4,409,5,1,3,2,24,24,180,300,2,5
6504,10,100,11,1,3,2,42,47,0,300,3,5
6505,11,90,12,1,3,1,1,96,60,180,2,5
6506,13,78,13,2,3,1,40,55,420,540,4,5
6507,11,551,13,1,3,1,73,72,180,300,2,5
6508,5,458,6,1,3,2,30,99,0,300,3,5
6509,14,329,14,2,3,1,54,99,420,540,1,5
6510,2,152,2,1,3,1,100,92,180,300,1,5
6511,13,508,15,1,3,1,78,4,180,300,2,5
6512,10,83,10,2,3,1,19,31,180,300,1,5
6513,4,506,5,1,3,3,2,12,0,300,2,5
6514,4,504,6,1,3,1,93,21,180,300,1,5
6515,5,89,5,1,3,3,11,14,180,300,3,5
6516,11,168,11,1,3,2,4,50,180,300,3,5
6517,8,282,8,2,3,3,45,64,420,540,1,5
6518,4,357,4,2,3,3,86,33,420,540,2,5
6519,1,145,1,1,3,3,77,48,180,300,3,5
6520,5,559,7,2,3,3,42,39,420,540,3,5
6521,7,388,7,2,3,3,90,11,420,540,1,5
6522,13,190,15,1,3,1,13,83,180,300,2,5
6523,5,596,7,1,3,1,5,1,60,180,1,5
6524,8,20,8,1,3,3,45,48,60,180,3,5
6525,7,279,8,2,3,2,71,73,0,300,1,5
6526,5,548,7,2,3,2,21,93,300,420,1,5
6527,5,125,5,2,3,1,4,63,180,300,2,5
6528,5,153,5,2,3,2,73,67,300,600,2,5
6529,7,229,8,1,3,2,29,35,180,300,2,5
6530,10,108,11,2,3,2,65,80,60,180,1,5
6531,1,19,3,1,3,1,53,3,60,180,4,5
6532,13,430,14,2,3,3,86,75,60,180,4,5
6533,2,191,3,2,3,1,55,16,0,300,2,5
6534,9,569,10,2,3,3,32,97,60,180,3,5
6535,9,539,10,1,3,2,3,69,60,180,3,5
6536,5,309,6,1,3,2,32,31,180,300,4,5
6537,10,462,11,2,3,3,6,97,420,540,4,5
6538,7,587,8,1,3,3,46,17,60,180,2,5
6539,9,259,11,1,3,1,23,8,0,300,2,5
6540,14,551,16,2,3,3,96,34,420,540,1,5
6541,5,553,7,2,3,1,77,72,60,180,4,5
6542,10,577,11,2,3,1,93,95,420,540,1,5
6543,9,395,10,1,3,1,65,65,180,300,4,5
6544,2,480,3,2,3,3,82,76,180,300,4,5
6545,8,493,9,1,3,2,2,14,0,300,1,5
6546,2,496,4,1,3,1,90,100,60,180,2,5
6547,4,553,6,2,3,1,35,0,60,180,2,5
6548,8,297,8,2,3,1,2,33,300,600,3,5
6549,13,376,14,1,3,3,15,5,180,300,4,5
6550,11,183,11,2,3,3,82,97,300,420,1,5
6551,13,101,13,1,3,2,11,96,180,300,1,5
6552,14,242,16,1,3,1,14,56,60,180,2,5
6553,10,283,11,2,3,3,9,1,420,540,1,5
6554,3,173,4,1,3,2,10,53,0,300,1,5
6555,3,449,5,1,3,1,37,74,0,300,2,5
6556,9,581,10,2,3,2,69,94,420,540,4,5
6557,5,556,7,1,3,2,60,16,60,180,4,5
6558,9,359,9,2,3,3,31,16,420,540,4,5
6559,12,311,12,2,3,2,87,24,420,540,1,5
6560,9,77,9,2,3,1,4,89,420,540,2,5
6561,6,83,6,1,3,1,1,75,180,300,4,5
6562,14,302,14,2,3,3,29,37,420,540,2,5
6563,1,398,2,1,3,2,2,58,60,180,4,5
6564,8,587,9,1,3,3,81,80,0,300,3,5
6565,14,403,15,1,3,3,86,89,180,300,1,5
6566,1,261,1,2,3,3,49,77,300,420,2,5
6567,7,315,7,2,3,2,35,8,420,540,3,5
6568,14,158,14,1,3,3,59,78,180,300,2,5
6569,6,124,6,1,3,1,68,88,180,300,4,5
6570,4,290,4,2,3,3,99,20,300,600,1,5
6571,9,147,9,1,3,2,44,84,180,300,2,5
6572,9,525,11,1,3,3,60,21,180,300,4,5
6573,14,287,15,1,3,3,12,0,60,180,3,5
6574,5,186,6,2,3,1,92,40,420,540,3,5
6575,1,458,2,1,3,2,66,100,180,300,2,5
6576,14,399,15,2,3,1,51,9,420,540,3,5
6577,6,271,6,2,3,2,71,65,300,600,1,5
6578,10,162,10,2,3,2,75,50,300,600,1,5
6579,13,154,14,2,3,1,58,14,60,180,3,5
6580,13,459,15,1,3,3,45,90,60,180,2,5
6581,1,164,1,2,3,3,17,82,420,540,3,5
6582,9,400,10,2,3,3,78,57,180,300,4,5
6583,12,462,14,2,3,3,84,84,300,420,4,5
6584,4,262,5,2,3,2,40,8,300,420,3,5
6585,2,534,4,1,3,1,79,72,0,300,2,5
6586,4,329,4,2,3,3,25,13,420,540,4,5
6587,11,523,13,2,3,2,68,21,420,540,1,5
6588,9,506,11,1,3,2,70,1,60,180,2,5
6589,8,465,9,2,3,3,0,49,0,300,1,5
6590,14,376,14,2,3,3,2,6,420,540,1,5
6591,12,177,12,1,3,1,63,32,180,300,1,5
6592,11,168,12,1,3,1,80,64,0,300,2,5
6593,12,434,13,1,3,3,47,99,180,300,4,5
6594,1,564,3,1,3,3,56,95,60,180,4,5
6595,1,389,1,2,3,1,90,9,420,540,4,5
6596,2,400,2,2,3,2,6,61,420,540,1,5
6597,8,116,8,2,3,2,13,91,300,600,1,5
6598,1,159,1,1,3,3,48,89,180,300,2,5
6599,14,561,15,2,3,2,94,94,300,420,1,5
6600,1,258,3,1,3,3,29,91,0,300,3,5
6601,4,58,4,2,3,1,44,8,180,300,4,5
6602,12,553,13,1,3,1,100,95,60,180,2,5
6603,12,269,12,2,3,2,72,99,300,420,1,5
6604,3,306,5,1,3,2,48,46,60,180,3,5
6605,3,232,4,2,3,3,59,52,180,300,1,5
6606,3,532,5,1,3,3,83,29,0,300,2,5
6607,4,247,4,2,3,3,56,54,420,540,1,5
6608,7,27,7,2,3,1,29,93,60,180,3,5
6609,5,421,7,2,3,1,99,61,0,300,4,5
6610,14,589,16,1,3,2,74,96,60,180,1,5
6611,9,485,10,1,3,1,98,32,0,300,1,5
6612,14,280,14,2,3,1,96,93,300,420,2,5
6613,11,129,12,1,3,1,34,53,0,300,1,5
6614,12,311,13,2,3,3,54,17,60,180,1,5
6615,4,426,6,1,3,3,48,57,180,300,1,5
6616,4,186,4,2,3,3,100,16,300,420,1,5
6617,4,404,5,1,3,3,73,47,0,300,3,5
6618,8,75,9,1,3,3,48,66,0,300,4,5
6619,4,566,6,1,3,1,46,29,0,300,2,5
6620,3,453,4,2,3,2,24,99,300,420,4,5
6621,4,372,4,2,3,3,6,62,420,540,4,5
6622,2,306,2,2,3,2,1,25,420,540,3,5
6623,8,572,10,2,3,1,54,64,0,300,4,5
6624,14,451,16,2,3,1,66,69,300,420,4,5
6625,9,388,9,2,3,1,95,86,420,540,1,5
6626,2,166,3,2,3,3,48,47,420,540,1,5
6627,9,334,9,2,3,1,75,11,420,540,1,5
6628,8,416,9,1,3,2,100,68,0,300,1,5
6629,5,195,6,1,3,3,28,27,60,180,3,5
6630,11,528,12,1,3,2,5,28,180,300,3,5
6631,9,233,9,2,3,3,60,15,300,600,3,5
6632,14,34,14,1,3,1,2,79,60,180,3,5
6633,12,537,14,1,3,1,95,52,0,300,2,5
6634,7,380,7,2,3,3,68,62,420,540,2,5
6635,2,149,3,1,3,1,86,85,0,300,4,5
6636,9,401,10,1,3,3,97,57,180,300,4,5
6637,5,420,5,2,3,1,91,25,420,540,1,5
6638,13,5,13,2,3,2,5,67,180,300,2,5
6639,11,227,11,2,3,2,27,65,420,540,3,5
6640,5,227,6,1,3,3,25,33,180,300,4,5
6641,5,181,5,2,3,1,47,41,420,540,2,5
6642,2,163,2,2,3,3,57,65,300,420,4,5
6643,7,426,8,2,3,2,91,52,420,540,4,5
6644,14,124,14,1,3,1,70,61,180,300,4,5
6645,3,447,4,2,3,1,42,91,180,300,3,5
6646,4,378,5,2,3,3,6,79,300,600,1,5
6647,6,572,7,2,3,2,63,25,300,420,2,5
6648,6,319,7,1,3,3,67,48,60,180,3,5
6649,11,369,11,2,3,3,22,21,420,540,2,5
6650,11,297,13,1,3,2,65,14,0,300,4,5
6651,1,304,1,2,3,2,70,51,420,540,1,5
6652,9,95,10,1,3,2,58,49,60,180,3,5
6653,12,322,14,1,3,2,87,96,0,300,3,5
6654,2,406,3,2,3,1,46,0,60,180,2,5
6655,2,11,2,1,3,1,22,40,60,180,4,5
6656,8,16,9,1,3,2,41,68,180,300,1,5
6657,11,103,12,2,3,1,72,40,300,420,3,5
6658,6,554,8,1,3,2,25,86,60,180,3,5
6659,14,80,16,1,3,2,77,21,0,300,2,5
6660,9,427,10,2,3,1,33,78,60,180,3,5
6661,14,76,15,1,3,2,78,89,60,180,2,5
6662,10,424,11,1,3,3,31,43,0,300,1,5
6663,14,16,15,1,3,3,36,33,60,180,2,5
6664,5,329,6,1,3,1,30,22,180,300,1,5
6665,6,579,8,1,3,1,74,40,60,180,3,5
6666,11,319,11,2,3,1,63,4,420,540,1,5
6667,13,292,13,2,3,2,32,46,300,600,4,5
6668,3,234,3,2,3,2,8,63,300,420,3,5
6669,12,524,14,1,3,3,15,88,60,180,4,5
6670,1,426,3,2,3,1,56,96,0,300,2,5
6671,14,102,14,1,3,3,31,25,180,300,4,5
6672,7,233,8,1,3,3,56,8,0,300,3,5
6673,3,402,3,2,3,2,85,70,420,540,3,5
6674,7,307,7,2,3,1,60,11,420,540,2,5
6675,9,212,9,2,3,3,50,65,420,540,3,5
6676,10,546,11,2,3,2,86,37,60,180,3,5
6677,4,400,4,2,3,2,20,6,420,540,2,5
6678,6,251,6,2,3,3,40,83,300,600,1,5
6679,11,38,13,1,3,2,56,19,60,180,2,5
6680,5,400,5,2,3,3,60,89,420,540,2,5
6681,9,395,10,2,3,2,84,79,60,180,1,5
6682,7,45,9,1,3,1,10,30,180,300,3,5
6683,11,190,11,2,3,2,29,41,420,540,3,5
6684,3,74,3,1,3,3,58,20,180,300,2,5
6685,2,92,3,1,3,3,3,40,60,180,1,5
6686,1,162,2,2,3,2,91,16,0,300,3,5
6687,5,267,5,2,3,2,53,4,300,420,4,5
6688,4,141,4,1,3,3,30,88,180,300,1,5
6689,9,475,10,1,3,1,37,64,60,180,3,5
6690,1,582,2,1,3,1,21,17,60,180,2,5
6691,12,4,13,2,3,2,76,75,0,300,1,5
6692,14,43,15,2,3,1,93,94,180,300,1,5
6693,3,155,5,1,3,1,7,99,0,300,2,5
6694,14,253,14,2,3,2,96,15,300,420,3,5
6695,8,23,9,2,3,3,82,48,60,180,2,5
6696,2,298,3,1,3,1,92,21,180,300,2,5
6697,11,39,12,1,3,2,12,60,60,180,3,5
6698,14,424,15,1,3,3,47,10,60,180,4,5
6699,7,514,8,1,3,1,28,49,0,300,1,5
6700,4,409,5,1,3,1,61,1,60,180,2,5
6701,1,262,3,1,3,3,18,15,0,300,3,5
6702,4,491,5,2,3,2,76,3,180,300,3,5
6703,6,450,8,1,3,3,22,25,180,300,4,5
6704,13,471,14,1,3,3,83,79,0,300,3,5
6705,7,596,8,2,3,2,78,12,60,180,3,5
6706,14,241,14,2,3,1,20,27,420,540,4,5
6707,11,118,12,1,3,3,19,75,0,300,3,5
6708,1,324,1,2,3,1,71,89,420,540,1,5
6709,2,234,3,1,3,1,69,74,180,300,3,5
6710,2,362,3,1,3,2,100,61,0,300,2,5
6711,4,48,4,1,3,3,30,59,60,180,4,5
6712,3,398,4,1,3,2,3,88,180,300,1,5
6713,13,389,15,1,3,2,64,11,60,180,2,5
6714,7,332,8,1,3,2,54,94,180,300,1,5
6715,13,480,14,2,3,3,17,94,180,300,2,5
6716,2,517,3,1,3,3,52,71,60,180,1,5
6717,4,518,6,1,3,1,13,94,180,300,3,5
6718,1,35,2,2,3,2,70,11,300,420,2,5
6719,4,244,5,1,3,1,12,24,60,180,4,5
6720,1,186,2,2,3,2,95,90,300,600,3,5
6721,8,221,9,2,3,3,92,22,60,180,1,5
6722,6,412,7,1,3,3,66,95,60,180,4,5
6723,1,1,1,2,3,3,62,46,300,420,4,5
6724,1,100,2,1,3,3,20,56,60,180,4,5
6725,5,138,5,1,3,1,14,10,180,300,1,5
6726,5,460,6,1,3,2,51,26,60,180,3,5
6727,2,576,4,2,3,3,64,24,0,300,1,5
6728,7,447,8,1,3,3,17,79,60,180,2,5
6729,7,48,7,2,3,3,96,16,0,300,4,5
6730,9,442,11,2,3,2,83,35,300,420,3,5
6731,13,407,13,2,3,2,34,29,420,540,4,5
6732,11,192,12,1,3,3,95,4,60,180,2,5
6733,5,299,5,2,3,3,24,98,420,540,1,5
6734,6,174,6,1,3,2,22,16,180,300,1,5
6735,7,594,9,1,3,2,24,59,0,300,3,5
6736,1,135,1,1,3,2,74,94,180,300,1,5
6737,13,510,14,1,3,3,48,51,60,180,2,5
6738,4,257,5,2,3,2,85,34,0,300,3,5
6739,5,553,7,2,3,3,83,30,180,300,2,5
6740,6,518,7,1,3,2,62,50,180,300,4,5
6741,10,250,10,2,3,3,51,76,300,600,2,5
6742,5,255,6,1,3,1,60,87,180,300,2,5
6743,12,54,13,1,3,1,0,0,0,300,2,5
6744,1,563,2,1,3,1,86,50,180,300,2,5
6745,1,62,1,1,3,1,92,22,180,300,2,5
6746,5,223,7,1,3,1,16,46,60,180,2,5
6747,3,539,5,1,3,1,95,9,180,300,1,5
6748,1,263,2,1,3,1,96,23,180,300,3,5
6749,9,44,9,1,3,2,16,12,60,180,1,5
6750,5,462,7,2,3,1,63,46,420,540,3,5
6751,2,15,3,1,3,1,56,7,180,300,2,5
6752,9,103,9,1,3,2,32,47,180,300,3,5
6753,7,397,7,2,3,1,18,93,420,540,2,5
6754,6,172,6,1,3,3,31,36,180,300,2,5
6755,8,108,8,2,3,2,88,22,180,300,2,5
6756,7,499,8,2,3,3,63,62,0,300,4,5
6757,11,89,11,1,3,2,64,7,180,300,2,5
6758,13,579,15,1,3,2,25,10,0,300,3,5
6759,10,382,11,1,3,3,88,50,180,300,4,5
6760,3,560,5,1,3,3,31,99,0,300,3,5
6761,5,301,6,1,3,3,26,71,0,300,3,5
6762,9,28,9,1,3,3,76,84,60,180,3,5
6763,11,159,11,2,3,2,40,93,300,420,1,5
6764,13,269,14,2,3,3,22,93,420,540,4,5
6765,3,174,3,2,3,3,50,77,180,300,3,5
6766,7,598,8,1,3,1,33,41,60,180,3,5
6767,9,137,9,1,3,2,6,5,180,300,4,5
6768,9,374,9,2,3,1,45,13,420,540,1,5
6769,4,389,4,2,3,1,19,44,420,540,2,5
6770,6,458,7,1,3,1,26,38,180,300,2,5
6771,14,430,16,2,3,3,100,54,300,600,1,5
6772,2,574,3,1,3,1,53,23,60,180,2,5
6773,12,508,13,1,3,3,27,24,0,300,4,5
6774,9,92,10,2,3,1,12,52,300,420,4,5
6775,12,63,13,2,3,2,77,77,0,300,4,5
6776,3,94,3,1,3,1,2,24,180,300,1,5
6777,1,523,2,1,3,1,97,22,60,180,4,5
6778,1,448,3,2,3,2,17,2,60,180,4,5
6779,11,584,13,1,3,3,55,33,0,300,2,5
6780,11,184,11,2,3,3,30,22,300,600,3,5
6781,12,393,12,2,3,1,5,64,420,540,3,5
6782,13,270,13,2,3,1,73,15,420,540,4,5
6783,1,437,2,1,3,2,92,17,60,180,2,5
6784,11,508,13,1,3,1,11,39,60,180,2,5
6785,11,56,11,1,3,2,59,65,60,180,1,5
6786,9,590,11,2,3,2,49,77,60,180,3,5
6787,6,210,7,1,3,2,40,67,0,300,4,5
6788,8,478,9,2,3,2,92,73,60,180,1,5
6789,1,39,2,2,3,1,94,95,0,300,1,5
6790,4,104,5,1,3,1,7,22,180,300,2,5
6791,7,87,7,1,3,1,1,99,180,300,1,5
6792,1,397,1,2,3,2,99,9,420,540,2,5
6793,2,387,3,1,3,3,94,38,180,300,2,5
6794,7,234,9,1,3,3,37,31,180,300,3,5
6795,11,369,11,2,3,3,21,6,420,540,4,5
6796,1,400,2,2,3,1,1,19,300,600,2,5
6797,6,478,8,2,3,3,97,2,300,600,1,5
6798,7,59,7,2,3,1,17,76,0,300,4,5
6799,10,525,12,2,3,2,29,32,0,300,2,5
6800,6,533,7,1,3,1,2,44,0,300,1,5
6801,9,157,9,1,3,1,96,88,180,300,1,5
6802,11,165,11,2,3,2,66,19,420,540,1,5
6803,7,512,9,1,3,2,79,91,0,300,1,5
6804,12,42,12,1,3,2,94,26,60,180,3,5
6805,1,374,2,1,3,1,33,11,0,300,4,5
6806,12,66,13,1,3,3,73,44,180,300,1,5
6807,5,465,6,1,3,3,28,40,180,300,4,5
6808,6,516,7,1,3,2,17,81,60,180,2,5
6809,10,306,11,1,3,3,6,23,0,300,2,5
6810,5,491,7,1,3,3,90,37,180,300,1,5
6811,12,494,14,1,3,2,42,23,180,300,2,5
6812,5,264,5,2,3,1,73,9,300,600,1,5
6813,12,595,14,2,3,3,4,74,300,420,3,5
6814,4,146,5,2,3,1,7,13,0,300,1,5
6815,4,400,4,2,3,1,30,25,420,540,3,5
6816,13,102,14,1,3,2,46,15,0,300,4,5
6817,10,342,10,2,3,1,42,73,420,540,4,5
6818,6,580,8,1,3,3,38,10,0,300,1,5
6819,11,507,12,2,3,3,37,46,180,300,3,5
6820,1,472,2,1,3,3,22,28,0,300,2,5
6821,8,238,8,2,3,1,21,71,300,600,1,5
6822,2,500,4,2,3,1,8,41,0,300,2,5
6823,9,118,9,2,3,2,43,40,300,600,2,5
6824,1,432,2,1,3,3,30,76,180,300,3,5
6825,12,426,13,1,3,2,61,8,0,300,1,5
6826,3,48,3,2,3,1,16,90,300,420,4,5
6827,2,503,4,1,3,3,81,99,60,180,3,5
6828,7,167,8,1,3,3,50,25,180,300,4,5
6829,3,126,4,2,3,1,54,96,60,180,4,5
6830,4,67,4,1,3,3,4,68,180,300,2,5
6831,6,176,7,2,3,3,20,47,300,600,3,5
6832,13,328,13,2,3,3,60,66,420,540,2,5
6833,4,225,5,1,3,1,98,99,180,300,2,5
6834,1,406,2,1,3,3,21,75,180,300,2,5
6835,5,181,5,2,3,2,37,87,300,600,3,5
6836,9,481,10,1,3,2,24,49,0,300,2,5
6837,9,214,10,2,3,2,93,100,0,300,4,5
6838,12,353,12,2,3,1,99,23,420,540,4,5
6839,14,462,15,1,3,2,7,45,60,180,1,5
6840,11,195,11,2,3,1,82,44,300,420,4,5
6841,11,189,11,2,3,2,57,62,420,540,1,5
6842,12,550,13,1,3,1,24,83,0,300,4,5
6843,5,297,5,2,3,3,63,26,300,420,1,5
6844,1,268,1,2,3,3,50,58,420,540,3,5
6845,8,96,8,1,3,2,12,31,180,300,3,5
6846,6,472,8,2,3,1,28,53,300,600,3,5
6847,3,83,3,1,3,2,59,26,180,300,2,5
6848,6,179,6,1,3,1,28,64,180,300,1,5
6849,1,463,2,1,3,1,51,61,0,300,3,5
6850,1,429,3,2,3,1,24,98,60,180,4,5
6851,13,248,13,2,3,3,29,56,300,600,1,5
6852,13,273,14,1,3,1,15,85,60,180,3,5
6853,4,279,4,2,3,1,28,56,300,420,2,5
6854,2,359,2,2,3,3,96,82,420,540,1,5
6855,8,47,8,2,3,1,69,21,300,600,1,5
6856,6,466,7,2,3,2,89,78,300,600,2,5
6857,2,457,4,2,3,3,60,57,300,600,3,5
6858,10,39,10,2,3,1,71,25,180,300,2,5
6859,12,221,14,1,3,1,13,88,180,300,3,5
6860,1,376,1,2,3,1,23,54,420,540,3,5
6861,8,136,9,1,3,3,69,79,0,300,1,5
6862,6,328,6,2,3,1,83,80,420,540,2,5
6863,10,467,12,1,3,3,93,66,60,180,3,5
6864,5,574,6,1,3,1,90,78,180,300,3,5
6865,13,167,14,1,3,3,95,73,0,300,2,5
6866,14,148,14,1,3,1,93,15,180,300,3,5
6867,7,298,8,2,3,1,21,73,420,540,1,5
6868,5,75,7,1,3,2,42,32,0,300,2,5
6869,2,195,2,2,3,2,23,66,420,540,1,5
6870,10,412,10,2,3,1,50,32,420,540,2,5
6871,9,70,9,1,3,3,37,86,180,300,3,5
6872,10,523,11,1,3,1,56,72,180,300,2,5
6873,12,328,12,2,3,3,31,91,420,540,1,5
6874,11,84,12,2,3,3,93,82,420,540,3,5
6875,1,74,2,1,3,1,42,14,180,300,4,5
6876,13,591,15,1,3,1,18,10,0,300,3,5
6877,4,421,6,1,3,1,44,82,0,300,1,5
6878,6,277,6,2,3,3,4,80,420,540,2,5
6879,14,600,15,1,3,1,1,20,0,300,3,5
6880,1,374,1,2,3,1,32,70,420,540,2,5
6881,6,284,7,1,3,1,46,64,180,300,2,5
6882,4,509,5,1,3,1,88,68,0,300,1,5
6883,10,101,11,2,3,3,87,89,60,180,4,5
6884,4,34,4,1,3,3,65,23,60,180,3,5
6885,7,400,7,2,3,3,95,72,420,540,1,5
6886,1,169,1,1,3,2,61,67,180,300,2,5
6887,1,29,2,1,3,2,7,51,60,180,1,5
6888,2,432,4,1,3,2,56,29,60,180,2,5
6889,3,326,3,2,3,1,85,31,420,540,1,5
6890,3,495,5,1,3,3,43,7,60,180,3,5
6891,2,485,3,2,3,3,0,16,420,540,3,5
6892,4,377,4,2,3,2,42,20,420,540,3,5
6893,4,144,5,1,3,1,48,33,0,300,3,5
6894,10,40,10,1,3,1,1,60,60,180,2,5
6895,2,448,3,2,3,3,1,91,60,180,3,5
6896,6,571,7,1,3,1,61,24,60,180,3,5
6897,6,413,6,2,3,1,68,7,420,540,3,5
6898,5,220,6,1,3,3,50,30,0,300,2,5
6899,2,371,3,1,3,3,54,83,0,300,3,5
6900,3,299,3,2,3,2,53,17,300,600,1,5
6901,7,257,7,2,3,1,24,98,300,600,1,5
6902,1,468,2,1,3,3,7,30,0,300,4,5
6903,13,215,14,1,3,1,20,6,180,300,3,5
6904,2,302,2,2,3,3,51,31,420,540,4,5
6905,2,514,4,1,3,2,3,34,180,300,4,5
6906,4,37,4,1,3,1,66,21,60,180,3,5
6907,8,509,9,2,3,2,19,87,60,180,2,5
6908,1,30,1,2,3,3,90,40,0,300,2,5
6909,5,173,5,2,3,2,98,81,180,300,1,5
6910,7,524,9,1,3,1,9,78,0,300,2,5
6911,7,496,8,1,3,1,36,80,0,300,4,5
6912,2,37,2,1,3,1,4,28,60,180,2,5
6913,14,36,14,1,3,3,33,9,60,180,3,5
6914,12,456,14,1,3,1,7,100,60,180,1,5
6915,2,127,2,1,3,1,0,93,180,300,3,5
6916,1,46,1,2,3,1,58,65,180,300,2,5
6917,4,433,6,2,3,1,88,11,300,600,2,5
6918,9,291,9,2,3,1,12,35,300,600,2,5
6919,1,295,2,1,3,1,0,27,180,300,1,5
6920,10,111,10,1,3,2,37,38,180,300,2,5
6921,11,97,11,2,3,2,48,53,420,540,4,5
6922,11,385,12,2,3,1,39,95,300,600,3,5
6923,4,81,5,1,3,3,64,82,60,180,3,5
6924,2,210,2,2,3,2,68,7,300,600,1,5
6925,2,262,2,2,3,2,13,1,300,600,1,5
6926,7,274,7,2,3,1,86,43,300,600,3,5
6927,5,198,5,2,3,2,93,25,420,540,2,5
6928,1,260,1,2,3,3,92,14,420,540,4,5
6929,6,15,6,1,3,1,61,90,60,180,1,5
6930,10,233,10,2,3,3,78,69,300,600,1,5
6931,9,413,10,2,3,1,28,9,0,300,2,5
6932,9,551,10,1,3,2,99,83,180,300,4,5
6933,9,415,10,1,3,3,88,82,60,180,3,5
6934,10,376,10,2,3,3,19,3,420,540,2,5
6935,10,38,11,2,3,2,32,95,0,300,3,5
6936,4,60,4,1,3,1,95,34,180,300,4,5
6937,3,232,4,1,3,1,51,51,180,300,2,5
6938,10,425,11,1,3,3,18,22,60,180,1,5
6939,6,29,7,1,3,3,76,13,180,300,4,5
6940,13,371,13,2,3,2,63,36,420,540,3,5
6941,6,159,7,1,3,2,2,29,60,180,2,5
6942,14,462,15,1,3,2,79,58,60,180,1,5
6943,3,287,5,1,3,3,74,48,180,300,3,5
6944,10,473,12,1,3,2,70,64,0,300,2,5
6945,14,343,14,2,3,3,49,34,420,540,4,5
6946,1,475,2,2,3,1,36,19,0,300,2,5
6947,4,432,6,1,3,3,6,72,180,300,3,5
6948,1,399,1,2,3,2,57,16,420,540,2,5
6949,13,259,13,2,3,2,35,17,300,600,1,5
6950,9,492,10,1,3,3,60,82,0,300,3,5
6951,11,372,11,2,3,2,28,96,420,540,3,5
6952,9,560,11,2,3,3,15,71,300,600,1,5
6953,14,207,14,2,3,1,21,56,300,600,2,5
6954,14,500,16,1,3,1,25,95,180,300,4,5
6955,1,417,2,1,3,1,68,39,0,300,1,5
6956,9,585,10,2,3,2,8,28,60,180,3,5
6957,10,85,11,1,3,3,36,87,0,300,2,5
6958,5,159,6,2,3,1,44,82,420,540,4,5
6959,10,35,10,1,3,3,93,20,60,180,3,5
6960,2,322,2,2,3,2,55,4,420,540,4,5
6961,7,406,7,2,3,2,17,5,420,540,2,5
6962,7,40,7,2,3,1,53,93,420,540,1,5
6963,4,474,5,2,3,1,13,94,420,540,4,5
6964,6,348,7,2,3,3,15,22,300,420,4,5
6965,4,9,5,1,3,3,52,0,60,180,3,5
6966,14,466,16,1,3,2,31,49,0,300,3,5
6967,7,317,7,2,3,3,95,50,420,540,1,5
6968,11,429,13,1,3,1,24,51,180,300,3,5
6969,10,110,11,1,3,1,28,99,0,300,3,5
6970,1,369,1,2,3,3,38,80,420,540,4,5
6971,5,156,6,1,3,1,98,44,180,300,4,5
6972,14,19,14,1,3,3,42,99,60,180,4,5
6973,12,535,14,1,3,1,12,70,60,180,1,5
6974,10,501,11,1,3,3,28,66,0,300,2,5
6975,6,597,8,2,3,3,86,76,300,600,3,5
6976,5,275,5,2,3,3,16,54,420,540,4,5
6977,5,426,6,1,3,2,54,88,180,300,1,5
6978,4,540,6,1,3,2,22,19,180,300,4,5
6979,11,165,11,1,3,1,23,33,180,300,3,5
6980,7,436,8,2,3,2,96,19,180,300,3,5
6981,1,561,3,2,3,2,0,71,420,540,2,5
6982,6,138,7,1,3,2,91,43,180,300,3,5
6983,11,407,11,2,3,3,77,22,420,540,1,5
6984,2,258,3,2,3,3,38,41,300,600,2,5
6985,14,541,15,2,3,2,42,72,420,540,3,5
6986,5,294,5,2,3,3,74,84,300,420,2,5
6987,12,474,14,2,3,3,49,100,60,180,4,5
6988,7,572,8,1,3,2,53,89,180,300,1,5
6989,6,11,6,1,3,2,100,56,60,180,4,5
6990,2,303,2,2,3,1,76,61,420,540,3,5
6991,12,68,12,1,3,3,18,16,180,300,4,5
6992,12,238,12,2,3,2,93,57,420,540,1,5
6993,10,305,12,2,3,1,49,49,420,540,4,5
6994,7,350,8,1,3,3,97,49,0,300,2,5
6995,6,570,8,1,3,3,14,91,60,180,4,5
6996,9,477,10,2,3,2,39,25,60,180,1,5
6997,9,343,10,1,3,1,55,60,60,180,2,5
6998,4,127,4,1,3,3,68,68,180,300,3,5
6999,6,408,7,1,3,1,79,58,0,300,4,5
7000,6,265,6,2,3,2,31,43,300,600,4,5
7001,14,538,16,2,3,3,76,66,60,180,3,5
7002,4,50,4,2,3,2,82,4,420,540,1,5
7003,3,201,3,2,3,3,19,97,300,420,4,5
7004,8,315,8,2,3,2,3,5,420,540,3,5
7005,7,66,7,1,3,1,24,28,180,300,2,5
7006,4,339,4,2,3,1,30,52,420,540,4,5
7007,1,443,2,1,3,2,37,74,0,300,4,5
7008,13,273,14,1,3,1,6,25,0,300,4,5
7009,7,249,7,2,3,3,63,36,420,540,1,5
7010,2,3,3,1,3,1,35,54,180,300,3,5
7011,9,292,9,2,3,1,3,77,420,540,4,5
7012,3,413,3,2,3,2,73,98,420,540,1,5
7013,9,20,10,2,3,1,59,88,60,180,2,5
7014,8,123,9,2,3,2,41,63,300,420,4,5
7015,11,348,11,2,3,3,64,42,420,540,1,5
7016,7,273,7,2,3,3,15,60,300,600,3,5
7017,9,239,9,2,3,2,77,82,420,540,1,5
7018,3,164,4,1,3,2,51,88,60,180,4,5
7019,2,502,3,1,3,3,81,83,0,300,1,5
7020,8,448,10,1,3,1,82,51,180,300,1,5
7021,7,566,9,1,3,3,38,21,0,300,2,5
7022,14,326,14,2,3,3,27,22,420,540,1,5
7023,8,72,9,1,3,1,93,92,60,180,1,5
7024,8,84,8,1,3,2,96,71,180,300,2,5
7025,9,318,9,2,3,3,58,52,420,540,4,5
7026,4,354,4,2,3,2,58,86,420,540,4,5
7027,8,499,9,1,3,2,77,9,60,180,1,5
7028,10,282,10,2,3,2,38,100,420,540,2,5
7029,8,114,9,1,3,1,12,5,0,300,2,5
7030,5,100,5,1,3,3,86,17,180,300,4,5
7031,10,448,11,2,3,3,95,99,180,300,2,5
7032,13,10,13,1,3,3,81,76,60,180,2,5
7033,6,333,6,2,3,3,61,53,420,540,3,5
7034,1,195,1,2,3,3,13,43,420,540,1,5
7035,9,517,10,1,3,1,76,20,0,300,2,5
7036,7,241,9,2,3,1,30,34,60,180,2,5
7037,7,56,8,1,3,2,75,72,0,300,1,5
7038,8,576,9,1,3,3,10,27,60,180,2,5
7039,12,524,14,1,3,2,35,31,0,300,2,5
7040,7,305,8,1,3,3,50,56,180,300,2,5
7041,13,444,15,1,3,3,21,25,180,300,4,5
7042,2,579,4,2,3,2,87,19,420,540,3,5
7043,5,477,6,1,3,2,26,83,0,300,2,5
7044,5,230,5,2,3,1,8,55,420,540,2,5
7045,5,139,5,1,3,2,20,16,180,300,4,5
7046,10,265,10,2,3,3,47,56,300,600,2,5
7047,11,158,11,1,3,1,67,78,180,300,3,5
7048,1,539,3,2,3,2,21,45,60,180,2,5
7049,4,570,6,2,3,3,93,11,0,300,4,5
7050,8,516,9,1,3,1,20,31,0,300,4,5
7051,3,393,4,1,3,3,23,85,180,300,1,5
7052,10,240,11,1,3,3,89,59,180,300,4,5
7053,2,329,2,2,3,3,94,29,420,540,3,5
7054,10,582,12,1,3,1,1,63,60,180,1,5
7055,9,433,10,1,3,1,93,73,0,300,4,5
7056,14,202,14,2,3,2,100,98,300,600,4,5
7057,2,167,2,1,3,2,99,81,180,300,1,5
7058,2,266,3,1,3,2,60,54,60,180,3,5
7059,4,311,4,2,3,2,37,63,420,540,1,5
7060,1,247,2,2,3,2,72,47,0,300,4,5
7061,5,33,6,1,3,3,74,74,180,300,4,5
7062,6,248,6,2,3,2,1,75,300,420,1,5
7063,6,147,6,1,3,1,76,40,180,300,4,5
7064,10,164,10,1,3,1,15,59,180,300,3,5
7065,3,569,4,1,3,2,7,80,60,180,4,5
7066,11,120,11,1,3,2,56,26,180,300,4,5
7067,13,230,14,1,3,3,51,99,180,300,1,5
7068,6,226,6,2,3,3,96,58,420,540,1,5
7069,2,208,2,2,3,1,15,96,300,420,2,5
7070,7,126,7,1,3,1,50,99,180,300,4,5
7071,13,256,13,2,3,2,97,22,300,600,1,5
7072,2,583,4,2,3,2,94,8,420,540,1,5
7073,5,65,6,1,3,3,28,53,60,180,4,5
7074,2,132,2,1,3,2,92,97,180,300,3,5
7075,8,199,9,2,3,3,53,72,0,300,4,5
7076,5,182,5,2,3,1,32,21,300,420,2,5
7077,12,544,13,1,3,3,11,51,60,180,4,5
7078,12,364,12,2,3,2,32,95,420,540,3,5
7079,10,455,11,2,3,2,23,44,60,180,4,5
7080,3,140,4,1,3,2,60,4,60,180,3,5
7081,5,182,5,2,3,3,88,32,300,600,4,5
7082,5,360,5,2,3,1,81,25,420,540,2,5
7083,8,310,9,1,3,3,42,90,0,300,3,5
7084,5,112,5,1,3,1,2,25,180,300,2,5
7085,14,360,15,2,3,3,68,11,300,600,1,5
7086,5,211,5,2,3,1,54,66,300,420,4,5
7087,5,373,6,2,3,2,41,53,0,300,3,5
7088,3,465,5,2,3,1,9,77,420,540,3,5
7089,13,407,13,2,3,1,14,63,420,540,4,5
7090,11,428,12,1,3,1,94,72,180,300,1,5
7091,4,330,4,2,3,1,85,5,420,540,1,5
7092,1,537,3,1,3,3,55,83,60,180,3,5
7093,1,349,1,2,3,2,42,86,420,540,4,5
7094,6,17,6,2,3,2,99,61,300,420,4,5
7095,12,244,12,2,3,1,70,39,300,600,2,5
7096,10,564,12,2,3,3,37,53,180,300,3,5
7097,12,233,12,2,3,3,19,33,300,600,4,5
7098,4,300,4,2,3,2,35,68,300,420,1,5
7099,13,482,15,1,3,1,22,77,0,300,1,5
7100,5,335,6,1,3,2,95,86,180,300,2,5
7101,14,134,14,1,3,1,57,56,180,300,1,5
7102,6,333,6,2,3,3,99,6,420,540,3,5
7103,13,340,14,1,3,1,72,86,180,300,3,5
7104,7,207,8,1,3,3,47,14,60,180,3,5
7105,9,538,11,1,3,2,55,14,180,300,1,5
7106,14,483,15,1,3,1,46,67,180,300,2,5
7107,14,292,15,1,3,2,81,3,60,180,2,5
7108,14,404,15,1,3,2,98,44,0,300,4,5
7109,13,60,13,2,3,1,45,28,0,300,3,5
7110,3,348,5,1,3,3,31,34,0,300,4,5
7111,9,277,10,1,3,2,23,74,0,300,1,5
7112,11,285,11,2,3,1,1,5,420,540,4,5
7113,13,308,13,2,3,2,87,16,420,540,3,5
7114,7,335,7,2,3,1,83,18,420,540,3,5
7115,6,307,6,2,3,2,90,97,420,540,2,5
7116,7,293,8,1,3,1,41,3,180,300,1,5
7117,9,597,11,1,3,1,6,27,0,300,4,5
7118,11,334,11,2,3,1,53,84,420,540,1,5
7119,7,338,8,1,3,3,34,42,60,180,4,5
7120,12,205,13,1,3,2,46,14,0,300,4,5
7121,5,41,5,1,3,1,65,55,60,180,3,5
7122,8,405,8,2,3,2,29,43,420,540,3,5
7123,3,73,3,1,3,2,94,57,180,300,2,5
7124,12,328,12,2,3,3,96,36,420,540,3,5
7125,5,255,5,2,3,3,31,55,420,540,1,5
7126,5,99,5,1,3,1,0,32,180,300,2,5
7127,13,213,14,2,3,1,41,37,60,180,2,5
7128,14,557,16,1,3,1,5,98,180,300,2,5
7129,13,48,14,1,3,3,21,27,0,300,4,5
7130,2,273,2,2,3,1,68,68,420,540,2,5
7131,5,79,5,2,3,3,81,16,180,300,1,5
7132,3,97,5,2,3,1,71,8,0,300,3,5
7133,6,158,6,1,3,1,96,60,180,300,3,5
7134,7,270,7,2,3,1,81,32,300,420,3,5
7135,10,280,10,2,3,1,48,45,420,540,2,5
7136,2,189,3,2,3,2,32,91,180,300,1,5
7137,1,182,1,2,3,2,89,99,420,540,4,5
7138,13,382,13,2,3,3,87,91,420,540,2,5
7139,12,28,12,1,3,1,59,65,60,180,4,5
7140,13,393,13,2,3,1,79,56,420,540,4,5
7141,12,547,13,1,3,1,36,32,60,180,1,5
7142,4,0,5,1,3,1,87,25,180,300,3,5
7143,6,336,7,1,3,2,23,24,180,300,3,5
7144,7,436,9,1,3,1,71,53,60,180,2,5
7145,2,246,3,1,3,2,27,5,60,180,2,5
7146,13,506,14,1,3,2,77,1,180,300,3,5
7147,3,501,5,1,3,2,65,44,0,300,1,5
7148,11,326,11,2,3,1,53,13,420,540,2,5
7149,8,431,10,2,3,2,66,41,60,180,1,5
7150,8,183,8,2,3,3,95,31,300,600,4,5
7151,9,558,11,1,3,3,62,14,60,180,2,5
7152,12,391,12,2,3,3,24,2,420,540,4,5
7153,10,335,11,1,3,2,17,53,60,180,4,5
7154,2,71,2,2,3,1,71,13,180,300,3,5
7155,9,60,9,2,3,1,45,41,420,540,4,5
7156,2,243,3,1,3,1,15,99,0,300,3,5
7157,5,98,5,1,3,3,57,35,180,300,3,5
7158,12,131,12,1,3,3,61,66,180,300,3,5
7159,7,57,7,1,3,1,96,36,60,180,2,5
7160,12,213,12,2,3,1,71,81,300,420,1,5
7161,11,481,13,1,3,2,31,23,0,300,2,5
7162,11,303,11,2,3,3,85,69,420,540,2,5
7163,1,513,3,1,3,1,56,75,60,180,1,5
7164,13,119,14,2,3,2,61,34,0,300,2,5
7165,13,202,14,1,3,2,67,45,60,180,4,5
7166,1,371,1,2,3,2,93,31,420,540,4,5
7167,6,570,7,1,3,3,39,26,60,180,4,5
7168,13,504,14,2,3,1,34,40,180,300,3,5
7169,11,375,12,1,3,3,35,44,0,300,4,5
7170,6,352,7,1,3,1,83,95,60,180,1,5
7171,13,79,13,1,3,3,21,13,180,300,2,5
7172,4,461,6,1,3,2,14,27,180,300,3,5
7173,5,375,6,2,3,1,61,40,300,420,1,5
7174,14,135,14,1,3,2,26,60,180,300,3,5
7175,12,411,13,2,3,1,27,21,300,420,4,5
7176,9,319,9,2,3,1,51,18,420,540,1,5
7177,7,417,8,2,3,2,74,54,420,540,3,5
7178,8,352,8,2,3,1,23,45,420,540,4,5
7179,11,520,13,1,3,1,97,13,0,300,1,5
7180,2,350,2,2,3,3,97,66,420,540,3,5
7181,4,99,4,1,3,1,83,47,180,300,3,5
7182,4,420,5,2,3,2,76,61,60,180,3,5
7183,9,180,9,1,3,2,98,47,180,300,2,5
7184,2,561,3,1,3,2,52,30,60,180,4,5
7185,8,36,8,2,3,2,0,76,0,300,4,5
7186,13,495,15,2,3,1,96,76,300,600,2,5
7187,7,312,7,2,3,2,40,87,420,540,2,5
7188,1,3,2,2,3,1,92,54,180,300,1,5
7189,6,445,7,2,3,2,8,61,300,600,4,5
7190,5,540,6,1,3,3,35,30,180,300,3,5
7191,13,453,15,1,3,2,11,73,0,300,3,5
7192,4,59,5,1,3,2,36,67,180,300,4,5
7193,5,335,5,2,3,3,48,74,420,540,4,5
7194,3,181,4,1,3,1,13,21,0,300,4,5
7195,14,183,15,2,3,2,28,62,300,600,3,5
7196,1,567,2,1,3,1,61,35,0,300,4,5
7197,3,318,3,2,3,1,23,15,420,540,1,5
7198,13,311,14,1,3,3,7,66,180,300,3,5
7199,12,169,13,1,3,1,50,48,0,300,4,5
7200,9,43,11,1,3,1,22,13,180,300,2,5
7201,13,296,14,1,3,1,33,100,60,180,4,5
7202,5,547,6,1,3,2,28,43,180,300,2,5
7203,13,226,13,2,3,3,89,13,420,540,3,5
7204,1,164,2,1,3,1,93,26,180,300,4,5
7205,12,522,14,1,3,2,24,26,60,180,2,5
7206,1,32,2,2,3,1,69,46,0,300,4,5
7207,6,482,7,1,3,1,80,21,0,300,2,5
7208,2,308,3,1,3,1,74,92,0,300,3,5
7209,12,220,12,2,3,2,45,75,300,420,2,5
7210,10,573,12,1,3,2,8,79,180,300,4,5
7211,4,515,6,2,3,1,82,79,180,300,1,5
7212,9,533,10,2,3,1,12,24,300,420,4,5
7213,2,275,2,2,3,2,90,96,420,540,1,5
7214,8,265,8,2,3,1,42,47,300,420,1,5
7215,2,164,3,1,3,2,44,25,60,180,2,5
7216,3,210,4,1,3,1,58,88,0,300,3,5
7217,12,86,13,2,3,2,50,91,60,180,2,5
7218,9,30,9,2,3,3,91,85,420,540,3,5
7219,1,167,1,1,3,2,86,34,180,300,4,5
7220,2,127,3,1,3,3,92,88,60,180,1,5
7221,2,286,2,2,3,2,75,77,420,540,1,5
7222,1,449,2,1,3,2,61,77,0,300,1,5
7223,11,292,11,2,3,2,30,55,300,420,3,5
7224,10,315,11,1,3,3,65,4,180,300,2,5
7225,1,397,1,2,3,1,26,89,420,540,4,5
7226,7,349,7,2,3,2,65,60,420,540,3,5
7227,1,214,2,1,3,3,15,70,180,300,4,5
7228,10,185,10,2,3,3,96,39,420,540,3,5
7229,5,49,5,2,3,1,33,37,60,180,4,5
7230,3,465,4,1,3,1,50,89,60,180,1,5
7231,10,428,12,2,3,2,37,13,300,600,4,5
7232,4,195,4,2,3,3,70,96,300,420,4,5
7233,13,101,15,2,3,1,38,5,0,300,1,5
7234,3,599,5,1,3,1,46,6,0,300,4,5
7235,6,495,7,1,3,2,16,5,0,300,4,5
7236,12,536,14,1,3,1,92,51,60,180,4,5
7237,8,452,9,2,3,2,38,49,60,180,2,5
7238,13,90,13,1,3,2,76,20,180,300,4,5
7239,13,441,15,1,3,1,97,14,60,180,2,5
7240,5,48,6,2,3,2,89,91,60,180,4,5
7241,12,495,14,1,3,2,15,50,180,300,4,5
7242,13,238,13,2,3,1,8,52,300,600,1,5
7243,6,118,6,1,3,1,16,19,180,300,2,5
7244,10,551,11,1,3,3,10,70,180,300,1,5
7245,10,567,11,1,3,3,30,8,0,300,2,5
7246,13,189,14,1,3,2,34,21,60,180,1,5
7247,2,228,2,2,3,3,30,96,420,540,2,5
7248,13,228,14,1,3,3,75,2,60,180,1,5
7249,12,8,13,1,3,2,32,27,180,300,3,5
7250,9,388,9,2,3,2,63,64,420,540,4,5
7251,7,413,8,2,3,2,73,91,420,540,2,5
7252,3,597,4,1,3,2,38,96,60,180,3,5
7253,4,129,5,2,3,3,95,8,180,300,4,5
7254,6,311,7,2,3,2,4,31,60,180,3,5
7255,3,337,3,2,3,1,38,63,420,540,1,5
7256,9,471,11,1,3,2,66,42,60,180,2,5
7257,13,222,13,2,3,1,93,37,300,600,4,5
7258,2,212,2,2,3,3,28,92,300,420,3,5
7259,14,380,15,1,3,2,87,53,60,180,2,5
7260,13,431,14,1,3,2,40,46,180,300,4,5
7261,7,318,8,1,3,1,4,88,0,300,3,5
7262,9,197,9,2,3,2,30,11,300,420,4,5
7263,9,200,9,2,3,2,66,76,300,600,1,5
7264,1,49,2,2,3,2,74,48,180,300,4,5
7265,8,233,8,2,3,2,55,82,300,420,2,5
7266,8,148,8,2,3,1,97,16,300,420,1,5
7267,4,511,5,1,3,2,72,6,60,180,4,5
7268,7,55,8,2,3,1,94,95,300,600,1,5
7269,14,436,16,1,3,1,3,68,180,300,3,5
7270,9,260,9,2,3,2,50,27,420,540,2,5
7271,8,29,9,1,3,2,20,41,60,180,4,5
7272,8,230,9,2,3,1,77,50,300,420,2,5
7273,12,232,12,2,3,3,84,66,420,540,3,5
7274,11,136,11,1,3,3,57,13,180,300,3,5
7275,9,495,10,1,3,3,45,38,0,300,3,5
7276,11,64,11,1,3,3,15,17,180,300,4,5
7277,9,155,10,1,3,2,52,51,0,300,1,5
7278,2,234,2,2,3,1,8,1,420,540,2,5
7279,6,301,7,1,3,2,24,13,180,300,3,5
7280,1,387,2,1,3,3,15,66,0,300,4,5
7281,3,305,4,1,3,1,88,59,180,300,1,5
7282,7,594,9,1,3,2,17,45,180,300,1,5
7283,4,177,5,1,3,2,0,23,180,300,1,5
7284,1,79,1,1,3,1,34,4,180,300,4,5
7285,7,184,7,2,3,2,1,29,420,540,1,5
7286,7,210,7,2,3,3,20,43,420,540,4,5
7287,14,560,16,1,3,2,48,11,60,180,4,5
7288,8,436,9,2,3,1,64,0,180,300,2,5
7289,14,219,14,2,3,3,6,14,300,420,2,5
7290,9,346,9,2,3,3,85,29,420,540,4,5
7291,7,28,8,1,3,2,41,94,0,300,3,5
7292,12,253,12,2,3,2,74,78,420,540,2,5
7293,4,251,4,2,3,2,54,13,420,540,4,5
7294,3,261,3,2,3,3,47,79,300,600,1,5
7295,1,25,1,1,3,1,94,11,60,180,2,5
7296,9,361,10,2,3,2,5,71,0,300,3,5
7297,6,398,8,1,3,3,66,95,0,300,2,5
7298,5,344,5,2,3,2,15,7,420,540,1,5
7299,8,346,9,1,3,1,6,90,60,180,4,5
7300,8,189,8,2,3,2,53,17,300,420,3,5
7301,5,309,5,2,3,3,82,88,420,540,1,5
7302,9,549,10,1,3,2,12,87,180,300,1,5
7303,12,497,13,2,3,3,71,23,60,180,3,5
7304,3,269,4,1,3,3,48,33,0,300,3,5
7305,5,441,6,1,3,1,22,68,60,180,1,5
7306,5,598,6,1,3,3,80,6,60,180,3,5
7307,11,571,13,1,3,2,16,3,180,300,2,5
7308,14,267,14,2,3,1,36,97,420,540,2,5
7309,5,14,6,2,3,3,62,13,180,300,2,5
7310,2,547,3,1,3,3,37,73,60,180,1,5
7311,2,535,3,1,3,2,45,84,0,300,1,5
7312,9,152,10,2,3,3,44,56,0,300,2,5
7313,11,523,12,1,3,2,41,41,180,300,1,5
7314,10,388,11,2,3,1,63,71,60,180,1,5
7315,7,103,7,1,3,1,1,60,180,300,2,5
7316,5,496,7,1,3,2,76,43,180,300,4,5
7317,2,512,3,2,3,1,64,17,300,420,1,5
7318,13,127,14,1,3,1,24,3,60,180,1,5
7319,7,246,7,2,3,2,88,43,420,540,3,5
7320,12,373,12,2,3,2,50,95,420,540,3,5
7321,4,53,4,2,3,2,93,42,60,180,2,5
7322,3,593,4,1,3,1,60,30,180,300,3,5
7323,1,125,1,1,3,3,14,27,180,300,2,5
7324,9,382,9,2,3,1,54,1,420,540,4,5
7325,8,179,9,2,3,3,78,41,60,180,2,5
7326,12,250,13,2,3,2,36,68,60,180,1,5
7327,12,458,14,2,3,1,8,38,60,180,3,5
7328,4,481,6,2,3,2,86,49,180,300,4,5
7329,12,344,12,2,3,2,67,54,420,540,2,5
7330,1,168,2,1,3,1,13,7,60,180,1,5
7331,9,100,9,2,3,1,2,67,180,300,3,5
7332,1,108,1,2,3,1,35,12,180,300,3,5
7333,12,559,14,1,3,2,48,84,180,300,2,5
7334,5,594,6,1,3,3,47,100,180,300,3,5
7335,5,515,6,1,3,1,52,52,180,300,2,5
7336,5,412,5,2,3,3,97,57,420,540,2,5
7337,14,376,14,2,3,1,22,28,420,540,3,5
7338,7,295,8,1,3,3,88,79,60,180,2,5
7339,9,234,9,2,3,1,9,35,420,540,3,5
7340,2,320,3,2,3,3,24,39,0,300,4,5
7341,5,249,6,1,3,1,22,53,60,180,1,5
7342,1,489,3,1,3,2,17,11,60,180,4,5
7343,2,0,3,2,3,3,10,0,180,300,4,5
7344,6,387,7,1,3,1,19,16,180,300,3,5
7345,9,49,9,1,3,1,34,78,60,180,1,5
7346,6,311,7,1,3,3,20,43,180,300,4,5
7347,4,178,5,2,3,2,60,23,420,540,1,5
7348,5,85,5,1,3,2,29,3,180,300,2,5
7349,3,299,3,2,3,2,12,71,420,540,3,5
7350,3,367,4,1,3,3,53,75,0,300,2,5
7351,3,261,4,1,3,1,83,60,180,300,4,5
7352,8,313,8,2,3,2,72,67,420,540,3,5
7353,13,228,14,1,3,2,3,86,60,180,2,5
7354,2,256,2,2,3,3,44,92,420,540,3,5
7355,14,202,14,2,3,1,25,85,300,420,4,5
7356,6,584,7,2,3,3,36,98,300,600,4,5
7357,6,546,8,1,3,3,31,77,0,300,1,5
7358,9,380,9,2,3,2,85,36,420,540,2,5
7359,2,101,2,1,3,3,30,22,180,300,1,5
7360,4,66,5,1,3,1,50,5,0,300,1,5
7361,3,377,3,2,3,3,81,3,420,540,3,5
7362,10,172,10,1,3,3,8,76,180,300,3,5
7363,5,369,5,2,3,1,14,52,420,540,2,5
7364,7,584,9,1,3,3,47,79,60,180,3,5
7365,14,227,15,1,3,2,33,21,0,300,3,5
7366,14,18,14,2,3,2,72,49,0,300,1,5
7367,9,417,11,2,3,2,18,50,420,540,3,5
7368,2,8,2,1,3,2,34,71,60,180,4,5
7369,7,346,8,2,3,1,14,65,60,180,3,5
7370,10,8,11,1,3,3,19,76,180,300,1,5
7371,4,525,5,1,3,3,19,68,0,300,1,5
7372,6,370,6,2,3,1,58,29,420,540,4,5
7373,6,166,6,2,3,1,42,4,180,300,1,5
7374,5,95,5,1,3,3,11,92,180,300,2,5
7375,5,2,5,2,3,3,85,92,0,300,3,5
7376,8,459,9,2,3,1,16,50,180,300,1,5
7377,4,361,5,2,3,2,53,95,60,180,2,5
7378,13,333,13,2,3,2,2,86,420,540,1,5
7379,13,512,14,1,3,1,20,32,0,300,4,5
7380,9,539,10,1,3,3,33,18,0,300,4,5
7381,12,257,12,2,3,1,31,92,300,420,3,5
7382,13,566,14,1,3,2,26,99,60,180,3,5
7383,11,543,13,2,3,1,63,74,0,300,4,5
7384,14,182,14,2,3,2,52,97,420,540,2,5
7385,5,353,5,2,3,3,3,51,420,540,4,5
7386,11,33,11,1,3,1,47,25,60,180,4,5
7387,10,276,11,1,3,1,32,40,180,300,2,5
7388,1,588,3,1,3,1,100,15,0,300,1,5
7389,3,278,3,2,3,3,69,73,300,600,2,5
7390,5,304,6,1,3,2,59,1,180,300,1,5
7391,12,586,14,2,3,1,75,41,0,300,3,5
7392,14,18,14,1,3,1,19,35,60,180,1,5
7393,2,505,4,1,3,1,69,14,60,180,2,5
7394,1,377,2,1,3,2,37,19,0,300,3,5
7395,2,216,3,1,3,3,95,48,60,180,2,5
7396,2,134,2,1,3,3,19,7,180,300,1,5
7397,4,305,4,2,3,3,90,3,420,540,2,5
7398,13,28,14,1,3,1,24,10,180,300,2,5
7399,6,526,8,2,3,2,14,24,300,420,1,5
7400,2,234,2,2,3,2,80,34,420,540,3,5
7401,2,227,3,2,3,1,50,77,0,300,1,5
7402,8,82,8,2,3,2,82,28,420,540,1,5
7403,14,232,14,2,3,1,54,39,300,600,2,5
7404,1,70,2,2,3,1,47,34,300,600,3,5
7405,8,58,9,1,3,3,76,8,0,300,3,5
7406,8,29,8,1,3,1,48,78,60,180,4,5
7407,2,358,3,2,3,1,90,1,420,540,2,5
7408,14,146,14,2,3,1,47,36,180,300,4,5
7409,2,141,2,1,3,1,74,96,180,300,3,5
7410,6,388,6,2,3,3,28,60,420,540,2,5
7411,1,163,1,2,3,1,12,75,420,540,3,5
7412,3,502,4,1,3,2,1,79,60,180,2,5
7413,2,57,3,1,3,3,68,48,60,180,3,5
7414,13,417,14,1,3,3,13,15,180,300,2,5
7415,5,481,7,1,3,3,88,41,180,300,1,5
7416,2,304,3,2,3,2,50,27,0,300,1,5
7417,4,361,5,2,3,2,93,28,300,600,2,5
7418,5,566,7,1,3,2,37,5,0,300,2,5
7419,12,439,13,1,3,2,100,21,0,300,4,5
7420,2,531,3,2,3,3,59,17,180,300,2,5
7421,5,483,7,1,3,2,61,26,0,300,1,5
7422,14,559,15,2,3,1,28,81,180,300,4,5
7423,11,85,12,2,3,1,31,3,0,300,3,5
7424,6,447,8,1,3,1,34,94,60,180,3,5
7425,2,202,3,2,3,3,26,81,420,540,2,5
7426,2,267,3,2,3,1,10,42,420,540,1,5
7427,4,129,4,1,3,3,52,0,180,300,3,5
7428,7,316,7,2,3,2,45,88,420,540,3,5
7429,7,337,8,1,3,2,99,88,0,300,4,5
7430,6,404,6,2,3,2,76,1,420,540,1,5
7431,3,114,4,1,3,2,10,49,180,300,2,5
7432,1,100,1,1,3,3,18,42,180,300,3,5
7433,6,364,6,2,3,3,53,65,420,540,3,5
7434,13,245,14,2,3,1,38,72,180,300,1,5
7435,3,494,4,1,3,1,17,62,0,300,3,5
7436,2,485,3,1,3,2,58,75,60,180,1,5
7437,4,311,4,2,3,1,44,72,420,540,3,5
7438,10,570,11,1,3,2,69,97,0,300,4,5
7439,5,419,5,2,3,3,39,92,420,540,3,5
7440,1,585,3,2,3,3,96,5,420,540,3,5
7441,7,535,8,1,3,3,43,60,180,300,3,5
7442,11,543,12,1,3,2,88,26,60,180,4,5
7443,3,52,3,1,3,3,47,30,60,180,4,5
7444,9,326,10,1,3,3,93,82,0,300,2,5
7445,5,182,5,2,3,2,88,17,420,540,2,5
7446,1,390,1,2,3,3,49,23,420,540,4,5
7447,13,296,14,2,3,2,48,41,60,180,2,5
7448,7,73,7,1,3,3,51,15,180,300,1,5
7449,9,597,10,1,3,1,22,46,180,300,2,5
7450,3,471,4,1,3,2,18,92,0,300,1,5
7451,2,422,4,2,3,1,43,44,420,540,3,5
7452,7,384,7,2,3,3,58,72,420,540,1,5
7453,10,361,10,2,3,2,17,9,420,540,4,5
7454,5,418,5,2,3,3,94,66,420,540,3,5
7455,7,412,8,2,3,3,90,33,420,540,3,5
7456,6,450,8,1,3,1,68,40,0,300,2,5
7457,7,422,8,1,3,1,6,57,180,300,2,5
7458,11,430,13,1,3,3,12,50,0,300,2,5
7459,1,248,2,2,3,3,61,39,60,180,2,5
7460,1,285,2,2,3,1,83,95,300,420,3,5
7461,8,332,8,2,3,3,39,37,420,540,2,5
7462,7,500,9,1,3,1,76,10,180,300,2,5
7463,6,314,6,2,3,1,93,37,420,540,2,5
7464,10,300,11,1,3,1,39,54,0,300,2,5
7465,4,497,6,2,3,3,36,99,420,540,4,5
7466,4,337,4,2,3,1,58,78,420,540,4,5
7467,11,260,11,2,3,2,39,9,300,420,1,5
7468,2,396,2,2,3,2,45,84,420,540,2,5
7469,8,561,10,2,3,2,94,23,420,540,1,5
7470,2,226,3,1,3,2,54,12,0,300,1,5
7471,12,121,12,1,3,3,39,31,180,300,1,5
7472,1,214,2,2,3,1,26,56,300,420,2,5
7473,11,304,12,2,3,3,14,1,180,300,4,5
7474,4,502,6,1,3,2,88,61,180,300,3,5
7475,7,415,7,2,3,1,15,38,420,540,3,5
7476,8,211,9,1,3,3,15,6,180,300,1,5
7477,1,275,2,1,3,1,26,36,60,180,4,5
7478,5,514,7,1,3,2,50,89,60,180,2,5
7479,5,347,5,2,3,1,55,85,420,540,2,5
7480,2,274,3,1,3,3,94,99,60,180,2,5
7481,6,414,7,1,3,3,47,58,60,180,3,5
7482,7,247,7,2,3,1,54,78,420,540,1,5
7483,8,504,10,2,3,2,4,69,60,180,3,5
7484,9,402,11,1,3,1,58,74,0,300,3,5
7485,2,380,2,2,3,1,55,50,420,540,2,5
7486,2,345,2,2,3,1,54,51,420,540,2,5
7487,14,500,15,2,3,2,4,72,420,540,4,5
7488,4,580,5,2,3,2,76,99,300,420,2,5
7489,12,115,12,2,3,1,25,60,180,300,2,5
7490,9,384,10,2,3,2,9,54,60,180,4,5
7491,9,329,10,2,3,1,70,28,420,540,2,5
7492,4,404,4,2,3,2,96,84,420,540,1,5
7493,6,591,8,1,3,1,41,97,180,300,4,5
7494,4,538,5,1,3,3,76,90,60,180,1,5
7495,4,538,5,2,3,3,35,94,420,540,4,5
7496,9,23,9,1,3,2,20,93,60,180,3,5
7497,2,78,3,1,3,1,81,1,0,300,4,5
7498,2,319,2,2,3,3,40,9,420,540,1,5
7499,2,499,4,1,3,1,23,83,60,180,3,5
7500,6,549,7,1,3,2,83,86,180,300,3,5
7501,6,500,8,1,3,2,73,44,0,300,2,5
7502,4,197,4,2,3,2,23,49,420,540,3,5
7503,14,582,15,2,3,3,90,71,420,540,3,5
7504,14,440,16,2,3,2,54,88,420,540,2,5
7505,13,485,15,1,3,3,11,33,60,180,1,5
7506,1,182,1,2,3,3,1,35,420,540,1,5
7507,8,247,8,2,3,3,7,2,420,540,3,5
7508,14,243,14,2,3,3,0,70,300,420,4,5
7509,11,479,12,1,3,3,62,28,0,300,1,5
7510,8,565,9,2,3,1,83,2,60,180,4,5
7511,12,510,13,1,3,1,38,58,60,180,4,5
7512,7,342,8,2,3,1,3,82,420,540,2,5
7513,12,564,14,1,3,2,72,33,180,300,2,5
7514,2,424,4,1,3,2,63,10,180,300,3,5
7515,4,64,4,2,3,1,47,11,300,420,3,5
7516,14,295,15,1,3,2,48,13,180,300,3,5
7517,8,576,9,1,3,3,30,29,0,300,1,5
7518,4,56,5,2,3,2,100,61,300,600,2,5
7519,5,434,7,1,3,1,87,68,0,300,4,5
7520,4,319,4,2,3,2,76,83,420,540,2,5
7521,7,492,8,1,3,3,84,37,180,300,4,5
7522,11,162,11,2,3,1,93,55,300,420,2,5
7523,11,5,12,1,3,1,74,10,0,300,1,5
7524,2,533,3,1,3,3,80,10,0,300,1,5
7525,5,540,6,1,3,2,80,87,60,180,4,5
7526,11,40,11,2,3,1,5,7,0,300,1,5
7527,5,317,5,2,3,3,44,96,420,540,3,5
7528,1,201,2,1,3,2,94,15,180,300,1,5
7529,12,128,12,1,3,2,90,84,180,300,4,5
7530,14,325,14,2,3,1,53,40,420,540,2,5
7531,3,208,3,2,3,3,36,76,420,540,4,5
7532,7,224,8,1,3,3,86,36,60,180,2,5
7533,9,68,9,1,3,1,45,68,180,300,2,5
7534,11,468,12,2,3,1,94,68,180,300,2,5
7535,10,421,12,1,3,2,84,8,0,300,3,5
7536,6,341,6,2,3,3,10,99,420,540,2,5
7537,11,470,12,2,3,1,96,4,180,300,2,5
7538,10,207,11,1,3,3,87,51,180,300,1,5
7539,5,11,5,1,3,3,88,11,60,180,2,5
7540,13,590,14,2,3,2,42,28,0,300,3,5
7541,2,513,4,1,3,2,24,96,180,300,3,5
7542,6,478,7,2,3,1,69,63,60,180,2,5
7543,2,407,2,2,3,2,61,99,420,540,4,5
7544,5,121,6,1,3,3,78,95,180,300,2,5
7545,4,39,5,1,3,2,51,23,0,300,4,5
7546,11,339,11,2,3,1,82,21,420,540,2,5
7547,9,145,9,2,3,1,9,38,180,300,1,5
7548,2,470,4,1,3,1,58,78,60,180,1,5
7549,7,455,9,2,3,3,3,78,60,180,4,5
7550,10,17,10,2,3,1,4,27,0,300,1,5
7551,14,165,14,1,3,2,39,4,180,300,3,5
7552,5,59,7,1,3,1,8,73,180,300,2,5
7553,9,356,10,1,3,1,47,79,0,300,1,5
7554,6,381,8,2,3,2,47,99,0,300,4,5
7555,10,489,11,1,3,3,60,27,0,300,1,5
7556,11,327,12,1,3,2,35,90,60,180,1,5
7557,7,147,7,2,3,1,60,28,300,600,2,5
7558,9,131,11,1,3,2,34,11,0,300,4,5
7559,3,301,3,2,3,3,72,86,420,540,3,5
7560,7,406,8,2,3,1,2,100,60,180,2,5
7561,1,44,1,1,3,2,20,23,60,180,3,5
7562,5,134,6,2,3,3,63,21,420,540,3,5
7563,13,169,13,2,3,3,68,9,420,540,2,5
7564,10,36,10,2,3,2,62,24,0,300,1,5
7565,4,71,4,1,3,1,34,60,180,300,3,5
7566,1,199,1,2,3,1,79,54,300,600,4,5
7567,10,547,12,1,3,2,46,2,60,180,2,5
7568,2,573,4,1,3,1,32,31,0,300,3,5
7569,7,101,7,1,3,3,12,68,180,300,4,5
7570,14,206,15,2,3,3,86,40,180,300,3,5
7571,14,280,15,1,3,2,8,49,60,180,4,5
7572,5,199,5,2,3,2,5,35,420,540,4,5
7573,11,270,12,1,3,3,27,52,0,300,1,5
7574,12,166,12,1,3,3,12,97,180,300,1,5
7575,11,373,12,2,3,1,73,59,60,180,1,5
7576,9,454,10,2,3,2,11,28,0,300,4,5
7577,7,567,9,2,3,3,34,89,60,180,4,5
7578,2,486,3,2,3,1,53,59,300,600,4,5
7579,4,578,6,2,3,3,13,21,0,300,3,5
7580,6,543,7,1,3,3,51,9,0,300,1,5
7581,6,559,8,1,3,2,49,62,0,300,4,5
7582,1,203,2,1,3,2,91,16,0,300,4,5
7583,5,167,5,2,3,2,88,91,180,300,1,5
7584,3,305,3,2,3,3,43,7,420,540,3,5
7585,9,202,11,1,3,3,51,92,60,180,2,5
7586,2,469,4,2,3,3,40,93,0,300,4,5
7587,11,529,12,2,3,3,77,34,60,180,2,5
7588,1,596,2,2,3,2,31,46,420,540,2,5
7589,2,317,3,1,3,3,38,96,0,300,4,5
7590,12,95,13,2,3,3,75,91,0,300,4,5
7591,11,579,12,1,3,2,48,67,60,180,4,5
7592,1,479,3,2,3,2,94,42,300,600,1,5
7593,8,523,9,1,3,3,93,68,0,300,2,5
7594,8,362,8,2,3,1,13,28,420,540,3,5
7595,5,113,5,2,3,1,31,10,420,540,2,5
7596,10,404,10,2,3,2,27,16,420,540,4,5
7597,9,561,11,2,3,1,54,34,300,600,1,5
7598,7,584,9,1,3,2,57,42,60,180,3,5
7599,7,279,7,2,3,1,21,79,300,600,2,5
7600,9,242,11,1,3,2,79,17,0,300,1,5
7601,14,171,14,1,3,3,45,98,180,300,2,5
7602,11,456,13,1,3,2,78,82,180,300,4,5
7603,14,231,14,2,3,3,32,36,420,540,4,5
7604,10,163,10,1,3,2,12,40,180,300,2,5
7605,5,63,6,2,3,3,18,70,0,300,3,5
7606,2,153,2,1,3,2,17,94,180,300,4,5
7607,1,102,1,2,3,2,46,8,300,420,3,5
7608,11,464,13,2,3,2,93,16,420,540,4,5
7609,5,563,7,1,3,1,3,35,60,180,1,5
7610,2,443,3,1,3,2,52,87,180,300,1,5
7611,12,525,13,1,3,3,42,76,60,180,3,5
7612,6,239,7,1,3,3,84,57,60,180,4,5
7613,3,254,4,1,3,2,54,86,60,180,2,5
7614,8,509,9,1,3,1,79,27,180,300,4,5
7615,14,110,15,2,3,3,87,41,180,300,3,5
7616,2,118,2,1,3,2,79,15,180,300,1,5
7617,1,594,2,2,3,3,64,54,0,300,4,5
7618,8,27,10,2,3,1,12,100,0,300,4,5
7619,11,409,11,2,3,2,19,98,420,540,2,5
7620,8,61,8,2,3,3,31,63,300,420,2,5
7621,8,197,9,1,3,2,89,51,60,180,1,5
7622,7,391,8,1,3,3,84,8,0,300,3,5
7623,3,269,3,2,3,2,38,40,300,420,2,5
7624,9,118,9,1,3,1,97,33,180,300,4,5
7625,5,508,6,1,3,1,49,68,180,300,2,5
7626,4,75,5,1,3,1,48,81,0,300,4,5
7627,14,131,15,1,3,1,21,69,60,180,4,5
7628,5,68,7,1,3,1,46,42,180,300,4,5
7629,11,474,13,1,3,1,47,2,60,180,3,5
7630,9,353,9,2,3,1,49,100,420,540,3,5
7631,2,216,2,2,3,1,91,57,300,420,1,5
7632,11,61,12,1,3,1,3,45,60,180,3,5
7633,5,522,7,2,3,1,57,9,60,180,2,5
7634,12,518,14,1,3,3,96,87,180,300,2,5
7635,6,484,8,1,3,3,22,95,60,180,3,5
7636,6,495,7,2,3,1,56,74,300,420,2,5
7637,9,494,11,1,3,1,45,9,60,180,2,5
7638,4,322,4,2,3,2,0,42,420,540,3,5
7639,7,263,7,2,3,2,84,98,420,540,1,5
7640,13,150,14,1,3,3,58,77,60,180,3,5
7641,7,278,7,2,3,2,26,54,420,540,1,5
7642,1,583,3,1,3,3,89,10,0,300,3,5
7643,4,238,4,2,3,3,36,95,420,540,1,5
7644,7,282,7,2,3,2,93,29,420,540,1,5
7645,14,283,14,2,3,1,59,23,300,420,1,5
7646,3,104,3,2,3,1,93,9,180,300,4,5
7647,6,109,6,1,3,1,22,23,180,300,1,5
7648,14,9,15,2,3,2,27,19,60,180,2,5
7649,8,450,10,1,3,2,0,40,180,300,4,5
7650,12,490,14,2,3,1,57,61,0,300,1,5
7651,2,373,2,2,3,2,57,39,420,540,4,5
7652,13,323,13,2,3,1,78,16,420,540,4,5
7653,9,538,11,1,3,1,6,29,60,180,4,5
7654,6,534,7,1,3,1,31,90,0,300,1,5
7655,3,357,4,2,3,1,9,2,0,300,3,5
7656,11,34,11,1,3,3,90,40,60,180,2,5
7657,10,570,11,1,3,1,84,96,180,300,4,5
7658,8,513,10,2,3,1,76,66,300,600,1,5
7659,14,16,14,1,3,1,95,20,60,180,1,5
7660,9,222,10,2,3,2,0,6,0,300,1,5
7661,7,408,7,2,3,3,54,74,420,540,2,5
7662,6,396,6,2,3,2,69,38,420,540,1,5
7663,13,34,13,2,3,2,40,81,300,420,1,5
7664,3,287,3,2,3,3,48,77,300,600,1,5
7665,4,212,5,1,3,1,47,25,0,300,2,5
7666,11,234,11,2,3,3,45,30,300,420,4,5
7667,11,380,12,2,3,1,16,33,60,180,2,5
7668,7,358,8,1,3,3,23,21,0,300,1,5
7669,3,15,3,1,3,1,87,94,60,180,3,5
7670,1,307,1,2,3,3,47,1,420,540,2,5
7671,3,173,3,1,3,1,13,93,180,300,4,5
7672,10,140,10,1,3,2,1,5,180,300,3,5
7673,12,241,13,1,3,2,51,90,0,300,3,5
7674,3,31,3,1,3,1,14,87,60,180,4,5
7675,9,373,9,2,3,3,25,35,420,540,2,5
7676,2,81,2,1,3,2,49,46,180,300,2,5
7677,4,340,4,2,3,3,51,100,420,540,1,5
7678,13,165,13,1,3,1,0,99,180,300,2,5
7679,5,414,5,2,3,3,37,58,420,540,1,5
7680,11,20,12,1,3,2,66,10,0,300,2,5
7681,13,64,13,2,3,2,100,76,180,300,2,5
7682,2,516,3,2,3,2,19,66,420,540,3,5
7683,8,194,9,2,3,2,10,41,0,300,2,5
7684,5,246,5,2,3,2,26,78,420,540,1,5
7685,11,448,12,2,3,2,6,15,420,540,4,5
7686,5,159,5,2,3,2,5,19,180,300,2,5
7687,8,243,8,2,3,3,78,75,420,540,1,5
7688,8,387,10,1,3,3,45,83,0,300,1,5
7689,2,417,3,1,3,2,93,99,0,300,2,5
7690,7,16,8,1,3,2,63,26,0,300,4,5
7691,2,250,2,2,3,1,12,21,300,420,3,5
7692,10,156,10,1,3,3,58,54,180,300,4,5
7693,10,193,10,2,3,1,5,16,300,600,2,5
7694,3,239,4,2,3,1,86,95,180,300,4,5
7695,5,558,6,1,3,1,4,33,60,180,2,5
7696,8,571,10,1,3,2,55,35,180,300,2,5
7697,5,414,6,1,3,1,0,90,0,300,1,5
7698,6,462,7,2,3,1,33,14,180,300,1,5
7699,4,421,6,1,3,2,95,90,0,300,3,5
7700,13,28,14,2,3,3,39,65,420,540,2,5
7701,13,331,13,2,3,2,29,18,420,540,2,5
7702,9,332,9,2,3,2,7,23,420,540,3,5
7703,8,31,10,1,3,2,100,8,180,300,2,5
7704,8,484,9,2,3,2,60,29,420,540,3,5
7705,12,92,12,2,3,2,99,76,180,300,3,5
7706,13,379,14,2,3,2,59,75,60,180,3,5
7707,3,62,3,1,3,2,71,6,180,300,2,5
7708,7,322,7,2,3,3,4,95,420,540,2,5
7709,4,257,4,2,3,3,49,57,420,540,2,5
7710,12,459,13,1,3,1,22,53,0,300,3,5
7711,12,174,13,2,3,2,54,74,300,600,2,5
7712,8,339,8,2,3,3,50,49,420,540,4,5
7713,2,493,4,1,3,2,58,80,60,180,2,5
7714,12,459,13,1,3,1,64,66,180,300,2,5
7715,3,202,3,2,3,3,1,33,420,540,3,5
7716,8,428,9,2,3,1,16,76,420,540,4,5
7717,12,149,12,2,3,2,72,92,300,420,4,5
7718,7,596,9,2,3,2,35,72,420,540,1,5
7719,12,97,13,1,3,2,79,16,180,300,3,5
7720,1,215,1,2,3,3,10,12,300,420,4,5
7721,1,446,3,2,3,2,85,20,420,540,2,5
7722,4,341,4,2,3,2,35,90,420,540,3,5
7723,6,209,7,1,3,1,33,20,180,300,4,5
7724,5,470,7,1,3,2,74,30,60,180,1,5
7725,11,476,12,1,3,2,35,26,60,180,1,5
7726,7,155,8,1,3,1,63,78,0,300,1,5
7727,1,239,1,2,3,3,90,38,420,540,3,5
7728,6,487,8,1,3,1,96,98,180,300,2,5
7729,2,392,3,1,3,2,100,63,60,180,2,5
7730,7,169,8,1,3,3,25,54,180,300,3,5
7731,5,81,6,2,3,2,6,6,420,540,2,5
7732,5,194,5,2,3,2,91,35,300,420,1,5
7733,12,211,12,2,3,3,67,96,300,420,2,5
7734,8,473,10,2,3,1,68,84,300,420,2,5
7735,14,249,15,1,3,1,25,63,180,300,4,5
7736,9,247,9,2,3,2,85,48,420,540,1,5
7737,10,113,10,1,3,1,52,15,180,300,3,5
7738,5,191,5,2,3,3,57,52,420,540,3,5
7739,8,598,9,1,3,2,59,94,0,300,2,5
7740,3,528,4,1,3,2,99,81,0,300,1,5
7741,11,203,11,2,3,1,46,52,420,540,1,5
7742,14,518,16,1,3,1,1,46,180,300,4,5
7743,2,320,2,2,3,1,45,7,420,540,4,5
7744,2,414,4,1,3,1,39,14,180,300,3,5
7745,5,548,6,1,3,1,25,36,60,180,1,5
7746,8,186,8,2,3,3,44,72,300,420,1,5
7747,2,303,2,2,3,2,16,72,420,540,4,5
7748,6,62,6,1,3,2,30,36,180,300,3,5
7749,11,270,11,2,3,1,31,83,420,540,1,5
7750,4,170,5,1,3,1,44,5,180,300,4,5
7751,11,251,12,1,3,1,94,22,60,180,1,5
7752,13,231,13,2,3,2,62,57,420,540,4,5
7753,9,286,9,2,3,1,90,86,420,540,3,5
7754,3,211,3,2,3,1,61,52,420,540,3,5
7755,13,503,14,1,3,1,0,50,60,180,2,5
7756,9,488,10,2,3,2,23,54,60,180,2,5
7757,2,439,4,1,3,1,51,38,0,300,4,5
7758,11,235,11,2,3,1,75,14,300,600,4,5
7759,14,57,16,1,3,1,12,25,0,300,2,5
7760,6,93,6,2,3,1,62,55,300,600,3,5
7761,12,165,12,1,3,3,28,85,180,300,2,5
7762,2,505,3,1,3,2,20,52,180,300,2,5
7763,14,101,15,1,3,3,13,77,180,300,3,5
7764,1,498,2,1,3,1,99,13,0,300,1,5
7765,3,192,3,2,3,3,62,15,420,540,3,5
7766,5,5,5,1,3,2,81,84,60,180,4,5
7767,1,301,1,2,3,1,29,93,420,540,1,5
7768,1,303,1,2,3,2,73,97,420,540,1,5
7769,13,153,13,2,3,2,92,59,180,300,2,5
7770,3,227,3,2,3,3,84,68,420,540,3,5
7771,7,382,8,2,3,3,74,61,420,540,4,5
7772,3,2,4,2,3,2,21,8,0,300,4,5
7773,12,54,14,1,3,3,9,76,0,300,2,5
7774,6,530,8,2,3,3,61,63,300,600,1,5
7775,2,310,3,1,3,3,64,47,0,300,3,5
7776,3,162,4,2,3,1,36,27,420,540,3,5
7777,1,171,1,1,3,3,39,4,180,300,2,5
7778,3,68,4,2,3,3,80,37,300,600,3,5
7779,4,437,5,2,3,3,86,36,0,300,4,5
7780,3,465,5,1,3,1,28,97,0,300,1,5
7781,1,187,1,2,3,3,2,20,420,540,4,5
7782,6,145,7,2,3,2,18,63,0,300,3,5
7783,14,264,15,1,3,2,4,53,180,300,1,5
7784,5,341,6,1,3,3,60,77,0,300,1,5
7785,4,360,4,2,3,3,86,82,420,540,3,5
7786,3,458,5,1,3,1,9,5,0,300,4,5
7787,12,288,13,2,3,3,5,84,300,600,2,5
7788,12,376,12,2,3,3,27,66,420,540,2,5
7789,3,567,4,1,3,2,65,31,180,300,4,5
7790,4,45,5,1,3,3,82,1,60,180,4,5
7791,14,258,15,1,3,2,89,44,0,300,3,5
7792,4,286,4,2,3,2,30,53,300,600,2,5
7793,4,527,6,1,3,3,48,36,180,300,4,5
7794,5,337,5,2,3,2,17,4,420,540,4,5
7795,5,488,7,1,3,1,82,62,180,300,4,5
7796,14,506,16,2,3,3,95,47,300,420,1,5
7797,5,582,7,1,3,2,25,76,0,300,1,5
7798,5,188,6,1,3,1,30,36,180,300,3,5
7799,4,321,4,2,3,2,78,29,420,540,2,5
7800,3,329,3,2,3,2,78,33,420,540,4,5
7801,8,78,8,1,3,1,86,92,180,300,2,5
7802,3,77,5,1,3,1,57,53,60,180,1,5
7803,7,194,7,2,3,3,49,69,300,600,2,5
7804,9,357,9,2,3,1,38,27,420,540,4,5
7805,14,117,14,1,3,3,73,81,180,300,1,5
7806,11,331,12,1,3,3,88,77,60,180,1,5
7807,5,352,6,1,3,1,78,73,0,300,2,5
7808,8,503,10,1,3,2,21,80,60,180,1,5
7809,4,249,5,1,3,2,40,19,180,300,2,5
7810,10,370,12,1,3,3,86,95,60,180,2,5
7811,5,383,5,2,3,1,64,28,420,540,3,5
7812,6,112,6,2,3,2,38,13,180,300,1,5
7813,10,512,11,2,3,2,92,7,300,600,4,5
7814,12,427,13,1,3,2,14,13,0,300,1,5
7815,5,445,7,1,3,1,91,2,180,300,2,5
7816,4,349,4,2,3,1,68,8,420,540,4,5
7817,8,78,8,1,3,1,91,41,180,300,3,5
7818,13,96,15,1,3,3,40,86,180,300,3,5
7819,7,357,8,1,3,1,78,76,60,180,1,5
7820,5,229,6,1,3,3,80,18,180,300,4,5
7821,5,455,7,2,3,2,51,92,0,300,3,5
7822,7,318,7,2,3,3,98,68,420,540,3,5
7823,3,4,4,1,3,1,66,95,180,300,1,5
7824,4,49,4,2,3,1,55,3,0,300,4,5
7825,12,458,14,1,3,3,94,66,60,180,1,5
7826,1,479,3,1,3,1,87,76,180,300,2,5
7827,8,348,9,1,3,3,86,49,0,300,4,5
7828,8,6,8,2,3,2,34,97,300,600,2,5
7829,5,139,5,2,3,1,83,52,300,420,1,5
7830,12,543,13,2,3,1,90,69,60,180,4,5
7831,9,503,11,2,3,2,1,6,60,180,1,5
7832,5,7,5,1,3,3,62,15,60,180,4,5
7833,2,344,2,2,3,2,82,26,420,540,2,5
7834,8,341,9,1,3,1,64,39,180,300,4,5
7835,7,448,9,1,3,1,10,8,0,300,1,5
7836,14,62,14,1,3,2,66,53,180,300,1,5
7837,3,538,5,2,3,1,32,55,60,180,2,5
7838,5,260,6,2,3,2,41,33,60,180,1,5
7839,13,52,13,1,3,3,43,77,60,180,3,5
7840,3,245,4,1,3,1,76,56,180,300,4,5
7841,5,109,5,2,3,3,77,81,180,300,4,5
7842,1,264,1,2,3,1,7,68,300,600,1,5
7843,11,563,12,2,3,3,4,70,60,180,2,5
7844,9,240,10,1,3,3,1,96,180,300,4,5
7845,4,411,4,2,3,1,100,63,420,540,1,5
7846,6,178,6,1,3,3,25,7,180,300,2,5
7847,13,153,13,1,3,1,24,46,180,300,2,5
7848,14,286,15,1,3,1,29,34,0,300,3,5
7849,9,358,9,2,3,2,39,76,420,540,2,5
7850,3,215,4,2,3,1,17,71,420,540,2,5
7851,1,2,1,2,3,1,53,10,0,300,4,5
7852,9,67,10,1,3,2,39,72,60,180,2,5
7853,10,333,11,1,3,1,77,72,180,300,1,5
7854,5,288,6,1,3,2,91,71,180,300,2,5
7855,1,171,2,1,3,2,15,64,0,300,1,5
7856,13,67,14,2,3,2,68,32,300,420,2,5
7857,9,120,10,2,3,1,35,67,180,300,2,5
7858,7,176,7,2,3,1,80,17,300,420,3,5
7859,5,524,6,2,3,2,58,10,60,180,1,5
7860,8,407,9,1,3,2,63,79,0,300,1,5
7861,6,227,6,2,3,3,93,54,420,540,1,5
7862,5,337,6,2,3,2,77,84,300,420,2,5
7863,8,55,9,1,3,2,49,75,180,300,4,5
7864,10,150,10,2,3,2,27,14,300,600,1,5
7865,7,221,7,2,3,3,18,19,420,540,1,5
7866,9,590,10,1,3,3,46,86,60,180,1,5
7867,1,53,2,1,3,2,6,51,0,300,3,5
7868,1,297,2,2,3,2,22,34,180,300,3,5
7869,4,189,4,2,3,3,58,7,420,540,4,5
7870,9,53,9,2,3,1,27,98,420,540,2,5
7871,12,475,13,1,3,3,60,39,0,300,2,5
7872,2,576,4,1,3,3,84,58,60,180,1,5
7873,14,423,16,2,3,2,49,87,60,180,3,5
7874,8,214,10,2,3,1,52,96,420,540,3,5
7875,10,340,10,2,3,3,92,23,420,540,1,5
7876,2,435,4,2,3,3,23,49,0,300,2,5
7877,12,202,14,2,3,3,38,0,0,300,4,5
7878,7,400,8,2,3,3,29,42,420,540,3,5
7879,12,514,13,1,3,2,39,6,0,300,2,5
7880,5,31,5,1,3,1,50,8,60,180,4,5
7881,1,215,3,1,3,1,68,17,180,300,4,5
7882,13,29,13,1,3,2,71,46,60,180,4,5
7883,6,217,7,1,3,3,18,80,180,300,4,5
7884,11,586,13,1,3,1,56,72,0,300,3,5
7885,6,19,7,1,3,2,18,99,180,300,4,5
7886,6,86,7,1,3,3,57,91,60,180,4,5
7887,14,521,16,1,3,3,53,87,180,300,1,5
7888,11,184,12,1,3,3,71,75,0,300,2,5
7889,14,203,14,2,3,2,1,32,300,600,4,5
7890,11,235,11,2,3,2,43,24,300,600,2,5
7891,4,507,5,1,3,2,24,56,0,300,4,5
7892,3,491,4,1,3,2,21,36,180,300,2,5
7893,6,427,8,1,3,2,13,63,60,180,1,5
7894,1,239,1,2,3,3,82,25,300,600,3,5
7895,7,215,7,2,3,2,46,22,300,600,1,5
7896,10,265,11,2,3,1,61,71,0,300,1,5
7897,12,62,12,2,3,1,82,58,180,300,4,5
7898,4,304,5,1,3,3,89,82,0,300,4,5
7899,13,302,15,1,3,2,47,16,180,300,3,5
7900,6,283,6,2,3,1,7,1,420,540,2,5
7901,13,476,15,2,3,2,7,53,420,540,4,5
7902,9,54,9,1,3,3,50,37,60,180,4,5
7903,6,575,7,1,3,2,91,28,0,300,1,5
7904,1,99,1,1,3,1,3,90,180,300,2,5
7905,13,228,14,1,3,2,15,46,180,300,3,5
7906,2,371,3,1,3,3,23,99,60,180,2,5
7907,9,436,10,1,3,1,52,58,0,300,1,5
7908,1,251,2,1,3,2,1,75,0,300,1,5
7909,3,87,3,1,3,2,98,15,180,300,2,5
7910,1,488,3,2,3,2,12,37,300,420,1,5
7911,13,406,13,2,3,2,45,99,420,540,3,5
7912,10,182,11,2,3,3,12,97,0,300,4,5
7913,4,497,6,1,3,1,76,68,180,300,2,5
7914,12,60,12,2,3,2,16,76,420,540,4,5
7915,8,239,9,2,3,3,19,16,300,600,2,5
7916,10,395,10,2,3,3,90,56,420,540,3,5
7917,7,293,7,2,3,1,53,48,420,540,2,5
7918,9,314,9,2,3,2,86,52,420,540,3,5
7919,11,465,12,2,3,2,6,54,60,180,2,5
7920,12,263,13,1,3,2,74,13,0,300,4,5
7921,5,264,6,1,3,3,66,35,60,180,1,5
7922,1,223,1,2,3,3,11,95,420,540,3,5
7923,9,584,11,2,3,1,8,63,0,300,4,5
7924,10,105,10,2,3,2,100,73,420,540,2,5
7925,11,270,12,1,3,1,7,33,0,300,2,5
7926,10,346,10,2,3,1,47,13,420,540,2,5
7927,3,271,3,2,3,1,55,26,420,540,4,5
7928,11,592,13,1,3,1,31,54,0,300,3,5
7929,7,511,8,1,3,1,91,36,180,300,4,5
7930,9,14,9,1,3,3,13,52,60,180,4,5
7931,7,29,7,2,3,1,54,2,0,300,3,5
7932,14,367,15,2,3,1,56,46,60,180,1,5
7933,7,327,7,2,3,3,79,24,420,540,3,5
7934,5,21,5,1,3,3,66,22,60,180,2,5
7935,12,277,12,2,3,3,26,79,420,540,2,5
7936,6,194,7,1,3,3,18,66,0,300,1,5
7937,2,240,2,2,3,1,44,35,300,420,4,5
7938,13,396,14,1,3,2,58,18,0,300,4,5
7939,4,355,4,2,3,3,92,19,420,540,1,5
7940,12,567,13,1,3,2,82,10,0,300,2,5
7941,14,282,14,2,3,3,40,19,300,420,1,5
7942,13,380,13,2,3,2,10,99,420,540,2,5
7943,11,452,13,1,3,1,22,87,60,180,4,5
7944,11,14,12,2,3,2,38,10,0,300,3,5
7945,2,6,2,1,3,1,100,12,60,180,2,5
7946,8,492,9,2,3,3,28,69,180,300,1,5
7947,2,169,2,2,3,1,66,5,300,600,3,5
7948,7,414,8,1,3,3,37,5,60,180,3,5
7949,9,316,10,2,3,2,77,10,60,180,1,5
7950,3,77,4,2,3,3,25,32,60,180,2,5
7951,8,405,8,2,3,1,8,86,420,540,2,5
7952,2,549,3,1,3,1,50,72,180,300,2,5
7953,8,174,8,2,3,3,76,47,300,420,3,5
7954,8,172,8,1,3,2,35,38,180,300,3,5
7955,12,170,13,1,3,1,34,91,180,300,1,5
7956,12,50,12,1,3,2,82,6,60,180,2,5
7957,11,514,13,1,3,3,23,34,180,300,1,5
7958,4,232,4,2,3,2,87,83,420,540,4,5
7959,11,184,11,2,3,3,74,15,300,600,2,5
7960,10,112,10,1,3,2,50,70,180,300,1,5
7961,7,330,7,2,3,1,66,22,420,540,1,5
7962,2,392,4,1,3,1,22,10,180,300,3,5
7963,10,561,12,1,3,3,81,32,0,300,2,5
7964,3,300,3,2,3,1,83,33,420,540,1,5
7965,6,36,6,2,3,1,41,43,0,300,1,5
7966,10,361,11,1,3,3,49,69,180,300,2,5
7967,4,311,5,2,3,3,39,63,180,300,2,5
7968,8,350,8,2,3,1,22,58,420,540,2,5
7969,3,567,5,1,3,2,55,62,60,180,4,5
7970,7,384,8,2,3,2,100,31,180,300,2,5
7971,3,224,4,1,3,2,36,48,180,300,2,5
7972,13,357,13,2,3,1,23,17,420,540,4,5
7973,11,589,13,1,3,1,32,13,0,300,4,5
7974,3,459,5,1,3,3,64,34,180,300,3,5
7975,5,355,5,2,3,1,13,6,420,540,1,5
7976,1,540,3,1,3,2,40,45,0,300,1,5
7977,14,97,14,2,3,2,70,57,180,300,4,5
7978,11,243,12,2,3,2,97,64,180,300,3,5
7979,8,424,10,1,3,3,58,14,60,180,1,5
7980,1,454,2,2,3,3,15,76,0,300,2,5
7981,5,98,7,2,3,2,27,2,420,540,4,5
7982,5,379,6,2,3,2,18,94,60,180,4,5
7983,13,19,13,2,3,3,8,38,420,540,4,5
7984,1,461,3,2,3,3,23,75,0,300,3,5
7985,6,423,8,2,3,1,68,65,300,600,3,5
7986,8,325,9,1,3,2,26,49,0,300,2,5
7987,9,276,10,2,3,2,39,34,180,300,2,5
7988,13,261,14,1,3,2,9,83,0,300,1,5
7989,13,39,15,1,3,3,42,86,180,300,3,5
7990,7,210,8,1,3,2,24,50,60,180,2,5
7991,9,493,10,2,3,2,60,93,300,420,4,5
7992,13,345,14,2,3,2,1,68,300,600,2,5
7993,10,103,10,2,3,2,8,11,300,600,1,5
7994,6,434,8,1,3,2,20,57,0,300,2,5
7995,13,86,13,1,3,2,19,70,180,300,3,5
7996,14,101,14,1,3,3,76,69,180,300,1,5
7997,8,315,8,2,3,1,13,31,420,540,2,5
7998,11,221,12,1,3,1,90,14,60,180,2,5
7999,10,140,12,2,3,2,45,1,60,180,1,5
8000,5,169,6,2,3,2,56,54,0,300,1,5
8001,12,492,13,1,3,2,95,34,180,300,4,5
8002,1,140,2,2,3,1,80,24,300,420,2,5
8003,12,292,12,2,3,2,68,94,300,600,2,5
8004,1,150,2,2,3,3,32,17,420,540,3,5
8005,11,184,12,2,3,3,58,29,420,540,2,5
8006,6,515,8,1,3,2,49,61,180,300,4,5
8007,11,430,12,1,3,3,69,25,0,300,2,5
8008,4,246,4,2,3,2,9,87,420,540,4,5
8009,1,131,1,2,3,2,100,3,420,540,3,5
8010,13,422,14,1,3,1,13,49,180,300,1,5
8011,11,299,12,2,3,2,14,88,60,180,4,5
8012,11,168,12,1,3,2,80,50,0,300,2,5
8013,2,170,2,1,3,1,74,58,180,300,2,5
8014,10,553,11,1,3,2,80,65,180,300,2,5
8015,5,33,5,1,3,2,5,3,60,180,3,5
8016,3,164,4,2,3,2,68,47,60,180,3,5
8017,10,345,10,2,3,3,90,79,420,540,4,5
8018,12,59,12,1,3,3,29,49,60,180,3,5
8019,11,341,12,1,3,1,86,61,0,300,4,5
8020,11,141,11,2,3,1,54,86,420,540,3,5
8021,10,508,11,2,3,3,38,0,0,300,4,5
8022,4,179,5,1,3,3,63,65,0,300,3,5
8023,10,317,10,2,3,2,98,21,420,540,4,5
8024,2,123,3,1,3,3,25,95,60,180,1,5
8025,11,6,11,1,3,3,14,22,60,180,3,5
8026,13,251,14,2,3,3,96,18,420,540,3,5
8027,1,457,2,1,3,1,71,50,60,180,1,5
8028,6,125,6,2,3,2,7,89,300,420,2,5
8029,13,118,14,1,3,3,33,14,180,300,3,5
8030,5,403,5,2,3,1,55,46,420,540,1,5
8031,1,132,1,2,3,2,17,27,300,600,2,5
8032,8,28,10,2,3,3,74,52,420,540,3,5
8033,2,325,3,1,3,2,40,79,0,300,3,5
8034,9,3,9,1,3,2,67,83,60,180,4,5
8035,11,581,13,1,3,1,35,84,0,300,2,5
8036,3,131,3,2,3,3,26,26,300,420,1,5
8037,11,544,13,1,3,2,30,2,0,300,1,5
8038,7,341,8,1,3,1,8,47,60,180,4,5
8039,11,16,11,2,3,1,23,97,300,420,3,5
8040,9,508,10,1,3,3,65,14,180,300,2,5
8041,8,502,10,2,3,3,78,84,0,300,3,5
8042,8,467,9,1,3,3,48,92,0,300,1,5
8043,12,338,12,2,3,2,65,78,420,540,1,5
8044,8,47,9,1,3,2,9,25,180,300,3,5
8045,11,264,11,2,3,1,100,72,420,540,3,5
8046,12,461,14,1,3,3,49,99,0,300,3,5
8047,1,140,1,2,3,1,44,78,300,600,2,5
8048,8,578,9,1,3,1,34,35,0,300,1,5
8049,7,244,7,2,3,2,27,76,420,540,2,5
8050,12,515,13,1,3,3,14,63,60,180,1,5
8051,4,482,5,2,3,3,12,76,420,540,2,5
8052,9,193,9,2,3,3,92,40,300,420,3,5
8053,7,278,7,2,3,1,63,89,420,540,4,5
8054,11,583,13,2,3,1,59,35,300,600,4,5
8055,11,454,13,1,3,2,28,68,60,180,4,5
8056,6,141,7,1,3,1,88,93,180,300,1,5
8057,11,483,13,2,3,3,43,39,0,300,1,5
8058,4,226,5,1,3,3,80,74,180,300,2,5
8059,3,416,3,2,3,1,32,7,420,540,3,5
8060,7,88,8,1,3,1,69,85,60,180,4,5
8061,1,245,2,2,3,1,42,5,420,540,4,5
8062,1,259,2,1,3,2,58,45,0,300,4,5
8063,2,226,3,1,3,1,72,62,180,300,4,5
8064,2,168,3,2,3,1,23,75,0,300,1,5
8065,4,465,6,1,3,2,43,32,180,300,2,5
8066,8,558,9,1,3,1,83,21,60,180,4,5
8067,6,513,7,2,3,2,11,58,420,540,2,5
8068,12,179,12,1,3,3,89,74,180,300,3,5
8069,13,452,14,2,3,2,15,5,420,540,4,5
8070,8,464,9,1,3,1,25,0,180,300,1,5
8071,5,365,5,2,3,3,99,76,420,540,4,5
8072,8,267,9,2,3,1,16,15,180,300,1,5
8073,9,212,10,1,3,1,92,38,60,180,1,5
8074,7,385,7,2,3,2,10,13,420,540,2,5
8075,9,460,11,1,3,3,16,2,60,180,2,5
8076,1,124,2,1,3,1,58,96,0,300,3,5
8077,5,377,6,2,3,3,11,11,420,540,2,5
8078,14,359,14,2,3,1,28,90,420,540,3,5
8079,7,199,7,2,3,3,44,51,300,600,1,5
8080,6,596,8,2,3,1,60,73,60,180,4,5
8081,3,413,3,2,3,1,41,36,420,540,3,5
8082,1,113,1,1,3,3,10,24,180,300,3,5
8083,4,597,5,1,3,1,18,81,180,300,3,5
8084,8,80,8,1,3,1,91,78,180,300,3,5
8085,13,47,13,2,3,3,25,86,60,180,2,5
8086,7,364,8,1,3,1,10,35,0,300,4,5
8087,13,335,14,2,3,2,21,0,60,180,4,5
8088,10,7,10,1,3,2,36,72,60,180,2,5
8089,1,139,1,1,3,2,63,78,180,300,2,5
8090,13,44,14,2,3,2,71,46,0,300,1,5
8091,12,353,13,1,3,1,48,62,180,300,3,5
8092,10,122,11,1,3,3,33,60,180,300,1,5
8093,2,492,3,2,3,1,69,74,180,300,4,5
8094,2,101,4,2,3,1,21,19,180,300,2,5
8095,2,408,2,2,3,2,78,71,420,540,1,5
8096,6,277,7,1,3,3,77,19,180,300,1,5
8097,12,297,13,1,3,1,50,0,180,300,3,5
8098,6,136,6,2,3,3,17,49,180,300,4,5
8099,5,294,6,1,3,2,84,98,60,180,1,5
8100,9,121,10,1,3,2,60,52,0,300,2,5
8101,14,76,15,1,3,3,4,6,0,300,1,5
8102,1,336,1,2,3,2,95,60,420,540,4,5
8103,2,420,2,2,3,3,30,14,420,540,3,5
8104,6,321,7,2,3,2,38,88,420,540,3,5
8105,10,39,11,2,3,3,39,54,420,540,3,5
8106,13,48,14,1,3,1,86,70,180,300,2,5
8107,13,574,14,1,3,3,70,63,180,300,2,5
8108,4,523,6,2,3,2,97,44,0,300,1,5
8109,1,211,1,2,3,1,44,12,420,540,1,5
8110,3,255,3,2,3,1,97,50,300,600,3,5
8111,8,538,9,1,3,3,65,84,180,300,4,5
8112,13,417,13,2,3,1,71,51,420,540,2,5
8113,13,23,14,1,3,3,60,54,60,180,3,5
8114,6,408,6,2,3,2,21,83,420,540,4,5
8115,9,583,10,2,3,1,47,56,60,180,2,5
8116,9,41,9,2,3,2,61,9,300,420,1,5
8117,7,453,8,2,3,3,45,56,180,300,2,5
8118,1,517,2,2,3,3,64,100,300,420,4,5
8119,1,127,1,1,3,3,78,44,180,300,3,5
8120,3,322,4,2,3,2,38,48,420,540,4,5
8121,8,56,10,2,3,1,74,79,0,300,3,5
8122,8,583,9,1,3,2,10,1,180,300,3,5
8123,9,122,10,1,3,2,89,22,60,180,2,5
8124,8,153,8,2,3,3,92,47,180,300,3,5
8125,10,371,11,1,3,3,22,100,0,300,1,5
8126,14,404,15,1,3,1,61,45,0,300,4,5
8127,12,496,13,1,3,3,62,70,0,300,1,5
8128,9,539,11,1,3,1,35,39,180,300,3,5
8129,10,582,12,1,3,2,38,17,0,300,3,5
8130,4,241,6,1,3,2,96,57,0,300,3,5
8131,12,96,12,2,3,2,34,35,420,540,4,5
8132,1,317,1,2,3,3,3,62,420,540,1,5
8133,4,525,5,1,3,3,12,10,0,300,4,5
8134,5,105,5,2,3,2,19,84,180,300,3,5
8135,1,201,1,2,3,1,22,23,300,420,1,5
8136,13,189,13,2,3,3,27,88,300,420,2,5
8137,13,543,15,1,3,1,76,38,0,300,3,5
8138,6,33,8,2,3,3,17,45,0,300,4,5
8139,8,589,9,1,3,2,85,79,0,300,1,5
8140,11,405,12,1,3,2,72,3,60,180,1,5
8141,1,420,1,2,3,2,20,88,420,540,1,5
8142,6,176,7,2,3,2,99,20,420,540,2,5
8143,10,197,10,2,3,2,60,84,300,420,4,5
8144,7,454,9,1,3,2,54,49,0,300,2,5
8145,3,43,4,2,3,1,8,86,0,300,4,5
8146,10,51,10,1,3,1,50,78,60,180,4,5
8147,14,377,14,2,3,1,80,31,420,540,1,5
8148,12,427,14,1,3,2,52,46,60,180,2,5
8149,3,327,5,2,3,2,33,83,60,180,3,5
8150,13,457,15,1,3,1,29,84,60,180,3,5
8151,3,298,3,2,3,1,7,84,300,600,1,5
8152,8,557,10,1,3,1,25,63,0,300,4,5
8153,2,552,4,1,3,2,8,63,0,300,4,5
8154,12,256,12,2,3,1,67,9,420,540,4,5
8155,14,520,16,2,3,2,46,83,60,180,3,5
8156,3,594,4,1,3,1,35,39,180,300,3,5
8157,9,64,9,1,3,3,42,36,180,300,2,5
8158,10,83,11,1,3,2,32,41,60,180,1,5
8159,6,155,6,2,3,3,19,24,420,540,2,5
8160,12,506,13,1,3,2,17,32,0,300,1,5
8161,2,459,3,2,3,2,100,52,180,300,2,5
8162,14,62,15,2,3,2,49,25,60,180,3,5
8163,11,240,12,1,3,1,91,68,60,180,1,5
8164,8,388,8,2,3,3,2,32,420,540,3,5
8165,11,93,11,2,3,2,34,97,300,600,1,5
8166,9,274,9,2,3,2,96,60,300,600,1,5
8167,4,4,4,1,3,2,98,59,60,180,4,5
8168,12,418,12,2,3,1,48,4,420,540,2,5
8169,12,457,14,2,3,2,87,95,300,420,2,5
8170,14,142,14,2,3,2,60,98,180,300,1,5
8171,7,473,9,1,3,3,46,29,180,300,2,5
8172,10,141,10,2,3,1,57,75,300,600,2,5
8173,13,487,15,1,3,3,88,67,180,300,4,5
8174,7,340,7,2,3,1,93,77,420,540,2,5
8175,4,248,5,1,3,1,79,88,0,300,3,5
8176,14,488,15,1,3,1,22,18,180,300,3,5
8177,13,590,15,1,3,3,16,43,0,300,2,5
8178,1,176,1,1,3,2,62,7,180,300,4,5
8179,6,347,6,2,3,3,47,9,420,540,2,5
8180,5,327,5,2,3,3,14,97,420,540,4,5
8181,4,90,5,1,3,3,48,42,180,300,1,5
8182,2,105,3,1,3,1,50,95,180,300,1,5
8183,1,383,2,1,3,3,15,86,0,300,1,5
8184,5,226,6,2,3,3,50,67,420,540,3,5
8185,9,572,10,1,3,1,3,47,180,300,1,5
8186,12,239,12,2,3,1,95,76,300,600,4,5
8187,12,267,12,2,3,2,80,56,420,540,1,5
8188,7,93,7,1,3,2,69,85,180,300,4,5
8189,3,92,5,2,3,3,11,5,180,300,2,5
8190,10,7,11,1,3,2,71,55,60,180,3,5
8191,11,546,13,2,3,1,36,87,180,300,3,5
8192,10,408,10,2,3,3,77,91,420,540,3,5
8193,11,324,12,1,3,2,78,40,0,300,3,5
8194,13,105,13,2,3,2,0,46,180,300,2,5
8195,13,40,14,1,3,3,83,44,180,300,2,5
8196,3,99,4,2,3,3,60,51,420,540,1,5
8197,12,457,13,2,3,3,36,74,180,300,1,5
8198,10,7,12,2,3,1,74,27,180,300,2,5
8199,1,572,3,1,3,2,60,54,0,300,2,5
8200,2,213,4,1,3,2,7,75,0,300,2,5
8201,13,359,14,1,3,1,56,47,180,300,1,5
8202,9,438,11,1,3,3,28,51,60,180,1,5
8203,11,466,12,2,3,1,19,56,300,420,2,5
8204,2,221,2,2,3,3,76,22,420,540,3,5
8205,5,600,7,1,3,2,94,68,180,300,2,5
8206,7,501,8,1,3,2,39,16,180,300,1,5
8207,3,439,4,1,3,1,30,73,0,300,1,5
8208,2,450,4,1,3,3,54,46,0,300,2,5
8209,11,86,11,1,3,2,10,43,180,300,3,5
8210,1,147,1,1,3,2,18,85,180,300,2,5
8211,10,546,11,1,3,3,85,90,180,300,1,5
8212,8,133,8,1,3,1,79,73,180,300,1,5
8213,10,95,10,1,3,1,75,90,180,300,3,5
8214,13,494,15,1,3,3,11,4,60,180,2,5
8215,3,23,3,1,3,1,12,90,60,180,3,5
8216,14,392,14,2,3,2,39,75,420,540,2,5
8217,10,383,10,2,3,3,71,12,420,540,3,5
8218,3,388,3,2,3,1,12,64,420,540,4,5
8219,1,353,1,2,3,1,73,46,420,540,1,5
8220,10,576,12,1,3,1,82,65,60,180,2,5
8221,8,302,8,2,3,2,19,26,420,540,4,5
8222,3,50,4,2,3,3,89,80,420,540,1,5
8223,13,302,14,2,3,1,78,49,420,540,2,5
8224,14,580,16,2,3,1,21,30,180,300,3,5
8225,13,501,15,2,3,2,42,51,420,540,4,5
8226,10,174,10,1,3,3,85,96,180,300,4,5
8227,10,109,10,1,3,2,65,26,180,300,3,5
8228,10,431,11,1,3,3,12,0,60,180,2,5
8229,8,250,9,2,3,1,0,25,420,540,4,5
8230,11,162,12,2,3,3,57,28,60,180,2,5
8231,13,381,13,2,3,1,9,21,420,540,4,5
8232,11,279,12,1,3,1,29,98,60,180,2,5
8233,8,340,9,2,3,2,72,82,60,180,1,5
8234,3,498,5,1,3,3,90,20,0,300,1,5
8235,9,542,11,1,3,3,32,74,180,300,2,5
8236,8,249,8,2,3,3,94,83,420,540,3,5
8237,12,260,12,2,3,3,70,38,300,600,3,5
8238,7,267,8,1,3,2,30,2,180,300,2,5
8239,9,367,9,2,3,1,39,29,420,540,1,5
8240,6,501,7,1,3,1,48,80,180,300,4,5
8241,12,413,12,2,3,1,54,77,420,540,2,5
8242,10,448,12,2,3,1,86,33,60,180,1,5
8243,12,240,12,2,3,1,57,80,420,540,1,5
8244,10,322,10,2,3,1,14,91,420,540,2,5
8245,5,69,5,2,3,2,45,2,300,420,4,5
8246,7,69,7,1,3,2,76,16,180,300,1,5
8247,8,492,10,1,3,1,88,92,60,180,4,5
8248,5,287,6,2,3,3,10,44,180,300,1,5
8249,2,574,4,2,3,3,36,17,300,420,3,5
8250,4,54,4,2,3,2,80,57,180,300,2,5
8251,9,394,9,2,3,1,38,67,420,540,1,5
8252,12,512,13,2,3,1,49,54,300,600,1,5
8253,14,34,14,2,3,3,55,62,300,420,1,5
8254,13,471,15,2,3,1,56,71,300,600,1,5
8255,13,493,15,1,3,2,73,50,180,300,3,5
8256,6,191,6,2,3,2,40,68,300,600,4,5
8257,10,531,12,1,3,1,36,73,60,180,1,5
8258,12,488,13,1,3,3,91,62,60,180,4,5
8259,8,301,8,2,3,1,80,69,420,540,4,5
8260,7,211,7,2,3,3,97,56,420,540,2,5
8261,11,393,12,2,3,3,92,65,420,540,4,5
8262,6,544,8,2,3,3,35,44,0,300,2,5
8263,4,581,6,1,3,2,91,78,0,300,2,5
8264,2,266,2,2,3,1,65,52,420,540,1,5
8265,2,404,2,2,3,3,15,100,420,540,1,5
8266,7,70,7,2,3,2,88,93,300,600,2,5
8267,5,95,6,2,3,1,57,4,420,540,2,5
8268,10,143,11,1,3,1,43,25,60,180,3,5
8269,2,2,2,1,3,1,95,49,60,180,3,5
8270,4,587,6,1,3,3,65,6,180,300,3,5
8271,10,314,11,2,3,2,99,49,180,300,1,5
8272,9,211,10,1,3,2,97,99,180,300,3,5
8273,3,109,3,2,3,3,76,9,180,300,2,5
8274,4,331,4,2,3,3,95,78,420,540,1,5
8275,4,113,5,2,3,1,66,67,420,540,3,5
8276,1,208,2,1,3,2,32,21,0,300,3,5
8277,8,462,10,1,3,1,74,65,180,300,3,5
8278,11,106,11,1,3,3,13,50,180,300,2,5
8279,10,451,12,2,3,2,86,72,60,180,2,5
8280,10,199,11,1,3,3,87,15,60,180,1,5
8281,2,204,2,2,3,1,38,49,420,540,3,5
8282,12,484,13,2,3,3,97,52,180,300,2,5
8283,2,53,2,1,3,3,40,48,60,180,2,5
8284,9,162,10,2,3,2,81,39,180,300,2,5
8285,2,391,2,2,3,1,6,32,420,540,1,5
8286,1,188,2,1,3,2,70,73,60,180,2,5
8287,1,555,3,2,3,2,78,15,60,180,3,5
8288,12,139,12,2,3,2,55,49,420,540,4,5
8289,6,262,6,2,3,2,32,47,420,540,2,5
8290,8,106,8,1,3,1,36,58,180,300,4,5
8291,5,341,5,2,3,2,1,53,420,540,2,5
8292,5,446,7,2,3,3,41,18,60,180,2,5
8293,13,283,13,2,3,2,39,69,420,540,3,5
8294,6,180,7,1,3,3,41,22,180,300,4,5
8295,8,381,9,1,3,2,7,76,180,300,4,5
8296,11,182,11,2,3,3,10,70,420,540,4,5
8297,8,277,8,2,3,2,85,32,300,420,2,5
8298,7,489,9,2,3,1,5,0,300,600,4,5
8299,12,225,13,1,3,2,81,28,0,300,3,5
8300,6,592,7,1,3,2,58,90,0,300,4,5
8301,9,353,10,1,3,1,42,75,180,300,4,5
8302,14,514,15,2,3,3,44,1,180,300,4,5
8303,10,1,10,2,3,2,27,67,180,300,1,5
8304,10,51,11,2,3,1,86,33,0,300,3,5
8305,12,169,12,1,3,1,3,44,180,300,4,5
8306,4,518,5,1,3,2,15,70,0,300,1,5
8307,10,390,10,2,3,1,85,60,420,540,4,5
8308,6,109,7,1,3,1,6,76,0,300,1,5
8309,9,315,10,1,3,1,21,85,60,180,4,5
8310,12,99,13,1,3,2,23,18,180,300,2,5
8311,10,306,10,2,3,2,1,59,420,540,1,5
8312,7,511,8,2,3,1,81,77,60,180,3,5
8313,3,13,4,2,3,1,30,24,180,300,4,5
8314,9,29,9,1,3,2,22,46,60,180,3,5
8315,8,596,9,1,3,2,44,97,180,300,3,5
8316,14,531,16,1,3,2,79,80,0,300,2,5
8317,11,270,11,2,3,2,79,74,420,540,4,5
8318,4,149,4,2,3,3,54,8,180,300,2,5
8319,14,19,14,1,3,3,79,64,60,180,2,5
8320,1,157,1,1,3,2,16,5,180,300,2,5
8321,9,512,10,1,3,2,65,17,60,180,1,5
8322,3,265,4,1,3,1,34,92,60,180,1,5
8323,13,143,13,2,3,3,40,27,180,300,2,5
8324,11,597,13,1,3,2,29,80,180,300,2,5
8325,10,228,10,2,3,2,78,45,420,540,3,5
8326,13,567,14,1,3,1,12,4,60,180,3,5
8327,13,302,14,2,3,1,73,77,300,420,3,5
8328,3,128,4,1,3,2,56,77,180,300,4,5
8329,5,277,5,2,3,1,6,48,420,540,1,5
8330,7,185,7,2,3,1,79,48,420,540,1,5
8331,13,149,13,2,3,2,52,69,420,540,4,5
8332,4,440,5,2,3,1,85,17,60,180,2,5
8333,4,402,4,2,3,1,70,98,420,540,4,5
8334,14,372,14,2,3,1,9,73,420,540,1,5
8335,2,217,2,2,3,3,49,0,300,600,1,5
8336,10,277,10,2,3,2,30,99,420,540,1,5
8337,10,334,10,2,3,2,28,8,420,540,2,5
8338,5,460,6,1,3,1,19,58,180,300,4,5
8339,14,258,15,2,3,3,35,54,0,300,3,5
8340,11,588,12,1,3,1,56,76,180,300,1,5
8341,3,114,3,2,3,1,84,18,300,420,4,5
8342,10,56,10,2,3,1,15,5,180,300,3,5
8343,13,435,14,1,3,3,54,16,60,180,2,5
8344,12,79,13,1,3,1,31,53,180,300,1,5
8345,7,529,9,1,3,3,66,91,60,180,2,5
8346,1,65,2,2,3,1,91,36,60,180,1,5
8347,4,150,4,1,3,2,1,66,180,300,2,5
8348,1,114,1,1,3,3,50,34,180,300,3,5
8349,13,476,15,1,3,2,63,25,60,180,3,5
8350,4,148,5,1,3,1,91,83,60,180,1,5
8351,6,280,6,2,3,1,19,5,300,420,2,5
8352,10,261,10,2,3,2,84,35,300,600,1,5
8353,6,115,6,1,3,2,97,16,180,300,3,5
8354,10,199,10,2,3,3,57,37,420,540,2,5
8355,6,77,7,1,3,3,85,39,0,300,4,5
8356,12,328,12,2,3,3,3,32,420,540,1,5
8357,10,180,11,1,3,3,97,4,180,300,4,5
8358,7,244,7,2,3,2,29,36,300,600,4,5
8359,12,176,12,1,3,1,25,1,180,300,2,5
8360,8,321,10,2,3,2,96,60,300,420,2,5
8361,4,8,4,2,3,2,21,100,180,300,3,5
8362,7,83,8,1,3,1,24,43,180,300,3,5
8363,8,363,9,1,3,1,80,26,180,300,3,5
8364,1,173,1,1,3,2,49,11,180,300,3,5
8365,9,534,11,2,3,2,92,1,300,600,4,5
8366,10,293,10,2,3,3,55,25,420,540,1,5
8367,10,39,10,1,3,2,90,5,60,180,4,5
8368,7,558,9,1,3,2,13,75,180,300,2,5
8369,12,328,12,2,3,1,51,21,420,540,2,5
8370,7,411,8,1,3,1,49,40,180,300,4,5
8371,12,594,13,1,3,3,65,44,60,180,1,5
8372,7,320,8,1,3,1,52,8,180,300,2,5
8373,3,253,4,2,3,2,23,44,180,300,1,5
8374,9,571,11,1,3,2,21,26,0,300,2,5
8375,12,149,12,2,3,2,54,67,300,600,3,5
8376,7,210,8,2,3,2,46,88,0,300,3,5
8377,6,444,8,1,3,2,100,16,60,180,4,5
8378,1,264,1,2,3,2,2,44,300,420,3,5
8379,1,194,2,1,3,1,97,70,60,180,1,5
8380,6,346,6,2,3,2,21,25,420,540,1,5
8381,6,550,7,1,3,3,8,29,60,180,3,5
8382,8,14,8,1,3,2,96,49,60,180,1,5
8383,11,221,12,1,3,2,25,22,60,180,2,5
8384,11,212,11,2,3,1,85,35,300,420,4,5
8385,11,469,13,2,3,2,3,26,60,180,3,5
8386,10,17,11,2,3,1,22,9,60,180,4,5
8387,5,577,6,1,3,3,11,7,180,300,1,5
8388,8,499,9,1,3,3,25,62,0,300,1,5
8389,7,117,8,2,3,1,24,16,0,300,2,5
8390,12,556,13,1,3,2,27,58,180,300,2,5
8391,3,408,3,2,3,3,49,75,420,540,2,5
8392,13,249,13,2,3,2,7,12,300,600,2,5
8393,5,299,5,2,3,3,39,56,420,540,1,5
8394,6,345,8,1,3,1,4,83,60,180,2,5
8395,5,148,6,1,3,1,6,44,180,300,4,5
8396,14,495,15,1,3,1,81,63,60,180,4,5
8397,9,537,10,2,3,3,2,86,420,540,1,5
8398,2,126,3,2,3,3,4,7,0,300,1,5
8399,2,22,2,1,3,3,15,91,60,180,3,5
8400,5,568,6,1,3,1,89,27,60,180,4,5
8401,11,425,13,2,3,1,61,49,0,300,2,5
8402,13,472,15,1,3,3,90,4,180,300,1,5
8403,14,393,14,2,3,3,85,54,420,540,3,5
8404,13,203,14,1,3,3,68,71,0,300,3,5
8405,8,407,8,2,3,2,62,51,420,540,3,5
8406,12,224,12,2,3,2,54,16,300,600,2,5
8407,5,52,5,1,3,2,97,65,60,180,4,5
8408,9,191,9,2,3,2,8,27,300,600,2,5
8409,10,328,10,2,3,3,24,31,420,540,4,5
8410,9,371,10,1,3,1,38,45,60,180,4,5
1,,,1,1,2,2,38,46,300,600,3,5
2,,,2,2,2,3,80,57,180,300,3,5
3,,,1,1,2,3,77,28,300,600,1,5
4,,,1,1,2,2,26,49,300,600,3,5
5,,,1,1,2,1,76,95,420,540,4,5
6,,,2,2,2,2,48,34,60,180,4,5
7,,,1,1,2,1,21,49,420,540,1,5
8,,,2,2,2,3,49,55,300,600,2,5
9,,,1,1,2,2,69,84,420,540,1,5
10,,,1,1,2,2,50,83,300,600,4,5
11,,,1,1,2,1,32,51,300,600,3,5
12,,,1,1,2,2,15,49,300,600,1,5
13,,,1,1,2,2,61,42,420,540,2,5
14,,,1,1,2,1,3,70,300,600,4,5
15,,,1,1,2,3,99,15,300,600,3,5
16,,,2,2,2,1,84,84,0,300,3,5
17,,,2,2,2,3,25,85,0,300,2,5
18,,,2,2,2,3,86,1,180,300,4,5
19,,,1,1,2,2,18,22,300,600,2,5
20,,,1,1,2,2,63,80,300,600,4,5
21,,,1,1,2,1,61,95,300,600,2,5
22,,,1,1,2,3,16,36,300,600,2,5
23,,,1,1,2,3,38,79,420,540,3,5
24,,,1,1,2,2,20,19,420,540,1,5
25,,,1,1,2,2,67,78,420,540,2,5
26,,,1,1,2,3,61,84,420,540,2,5
27,,,1,1,2,3,32,78,420,540,2,5
28,,,2,2,2,1,29,5,420,540,3,5
29,,,1,1,2,2,86,45,300,600,4,5
30,,,2,2,2,2,33,4,420,540,3,5
31,,,1,1,2,2,3,66,420,540,2,5
32,,,1,1,2,2,0,70,300,600,4,5
33,,,1,1,2,2,41,55,420,540,3,5
34,,,2,2,2,1,82,6,0,300,3,5
35,,,1,1,2,1,10,52,420,540,3,5
36,,,2,2,2,2,39,38,300,420,2,5
37,,,1,1,2,3,94,89,300,600,3,5
38,,,1,1,2,1,67,48,420,540,3,5
39,,,1,1,2,2,50,89,300,600,3,5
40,,,2,2,2,1,28,90,180,300,2,5
41,,,2,2,2,1,49,46,0,300,4,5
42,,,1,1,2,3,32,4,420,540,4,5
43,,,1,1,2,1,91,27,300,600,2,5
44,,,2,2,2,2,21,18,0,300,3,5
45,,,2,2,2,3,17,1,60,180,2,5
46,,,2,2,2,3,2,44,180,300,2,5
47,,,1,1,2,2,72,33,300,600,3,5
48,,,1,1,2,1,72,89,300,600,4,5
49,,,1,1,2,3,8,56,300,600,2,5
50,,,1,1,2,1,77,70,420,540,1,5
51,,,2,2,2,1,12,24,300,600,4,5
52,,,1,1,2,1,82,45,300,600,4,5
53,,,1,1,2,3,18,36,420,540,3,5
54,,,1,1,2,3,10,64,300,600,4,5
55,,,2,2,2,3,24,19,300,600,2,5
56,,,2,2,2,1,28,17,180,300,3,5
57,,,1,1,2,2,98,74,300,600,3,5
58,,,1,1,2,3,95,34,300,600,1,5
59,,,1,1,2,2,86,77,420,540,3,5
60,,,1,1,2,2,87,15,420,540,4,5
61,,,2,2,2,1,58,81,0,300,1,5
62,,,2,2,2,3,37,40,60,180,4,5
63,,,1,1,2,3,31,30,420,540,4,5
64,,,2,2,2,3,11,63,60,180,3,5
65,,,1,1,2,3,37,36,300,600,2,5
66,,,1,1,2,1,35,19,300,600,1,5
67,,,2,2,2,3,1,27,420,540,1,5
68,,,1,1,2,2,72,74,300,600,3,5
69,,,1,1,2,2,40,55,420,540,2,5
70,,,2,2,2,3,44,85,60,180,2,5
71,,,1,1,2,2,7,56,420,540,1,5
72,,,1,1,2,1,23,3,300,600,2,5
73,,,1,1,2,1,85,9,420,540,3,5
74,,,2,2,2,1,96,14,300,600,3,5
75,,,1,1,2,2,98,33,300,600,1,5
76,,,1,1,2,3,87,59,420,540,3,5
77,,,1,1,2,2,72,41,420,540,1,5
78,,,2,2,2,2,39,29,300,600,4,5
79,,,1,1,2,3,30,18,420,540,4,5
80,,,1,1,2,1,33,88,420,540,1,5
81,,,2,2,2,3,9,96,180,300,3,5
82,,,2,2,2,1,99,4,180,300,1,5
83,,,2,2,2,3,89,70,60,180,2,5
84,,,2,2,2,1,25,75,300,420,1,5
85,,,1,1,2,2,96,28,420,540,3,5
86,,,1,1,2,2,48,99,300,600,2,5
87,,,1,1,2,3,12,56,420,540,4,5
88,,,1,1,2,2,82,87,420,540,2,5
89,,,1,1,2,1,59,60,300,600,2,5
90,,,1,1,2,3,61,36,300,600,1,5
91,,,1,1,2,1,91,39,300,600,2,5
92,,,1,1,2,1,61,12,420,540,1,5
93,,,1,1,2,3,100,99,420,540,1,5
94,,,1,1,2,3,4,79,420,540,2,5
95,,,1,1,2,2,34,20,300,600,4,5
96,,,2,2,2,1,42,71,420,540,2,5
97,,,1,1,2,1,35,29,420,540,3,5
98,,,1,1,2,1,58,50,420,540,3,5
99,,,1,1,2,3,83,81,300,600,2,5
100,,,2,2,2,1,99,23,0,300,3,5
101,,,2,2,2,3,12,3,0,300,1,5
102,,,2,2,2,1,50,17,420,540,2,5
103,,,1,1,2,3,81,74,300,600,4,5
104,,,1,1,2,2,84,99,420,540,3,5
105,,,1,1,2,1,6,89,420,540,1,5
106,,,1,1,2,3,43,24,420,540,4,5
107,,,1,1,2,1,49,90,300,600,1,5
108,,,2,2,2,1,70,13,420,540,1,5
109,,,2,2,2,3,23,69,300,420,1,5
110,,,1,1,2,2,76,79,420,540,3,5
111,,,2,2,2,3,75,69,300,420,2,5
112,,,2,2,2,3,57,53,300,420,3,5
113,,,2,2,2,2,55,63,300,600,3,5
114,,,1,1,2,1,63,25,420,540,2,5
115,,,1,1,2,2,89,4,420,540,2,5
116,,,2,2,2,1,34,64,180,300,2,5
117,,,1,1,2,2,63,12,300,600,1,5
118,,,2,2,2,1,75,35,0,300,1,5
119,,,2,2,2,3,45,57,300,420,4,5
120,,,1,1,2,3,26,39,300,600,1,5
121,,,1,1,2,2,42,58,300,600,3,5
122,,,1,1,2,2,94,7,300,600,2,5
123,,,1,1,2,1,89,89,420,540,4,5
124,,,2,2,2,2,17,67,300,600,4,5
125,,,1,1,2,1,1,25,420,540,4,5
126,,,2,2,2,1,85,29,300,600,4,5
127,,,1,1,2,1,49,45,420,540,2,5
128,,,2,2,2,3,33,90,180,300,2,5
129,,,2,2,2,3,65,57,420,540,1,5
130,,,2,2,2,1,39,51,420,540,2,5
131,,,1,1,2,2,80,13,300,600,4,5
132,,,1,1,2,1,35,36,300,600,3,5
133,,,2,2,2,1,6,8,420,540,4,5
134,,,1,1,2,2,10,26,300,600,4,5
135,,,2,2,2,2,95,75,60,180,2,5
136,,,1,1,2,1,16,69,300,600,1,5
137,,,2,2,2,2,54,20,0,300,4,5
138,,,1,1,2,1,19,33,300,600,2,5
139,,,2,2,2,1,10,61,420,540,1,5
140,,,1,1,2,3,43,57,420,540,1,5
141,,,1,1,2,1,94,88,300,600,3,5
142,,,2,2,2,1,7,74,0,300,4,5
143,,,1,1,2,2,25,25,420,540,3,5
144,,,1,1,2,3,26,42,300,600,4,5
145,,,1,1,2,3,5,63,300,600,2,5
146,,,1,1,2,3,46,24,420,540,4,5
147,,,1,1,2,1,58,80,300,600,2,5
148,,,2,2,2,2,25,52,180,300,3,5
149,,,2,2,2,1,80,89,300,420,1,5
150,,,1,1,2,1,30,29,420,540,1,5
151,,,1,1,2,3,74,81,420,540,2,5
152,,,1,1,2,3,69,24,420,540,1,5
153,,,1,1,2,3,74,10,300,600,1,5
154,,,2,2,2,3,24,57,0,300,3,5
155,,,1,1,2,2,77,45,420,540,1,5
156,,,2,2,2,1,30,12,180,300,2,5
157,,,2,2,2,1,43,32,0,300,1,5
158,,,1,1,2,2,98,70,420,540,3,5
159,,,2,2,2,3,7,31,420,540,2,5
160,,,1,1,2,1,14,88,300,600,2,5
161,,,1,1,2,1,13,9,420,540,3,5
162,,,2,2,2,2,74,29,60,180,3,5
163,,,1,1,2,1,69,2,420,540,2,5
164,,,2,2,2,2,21,100,300,420,2,5
165,,,1,1,2,1,14,56,420,540,4,5
166,,,1,1,2,1,99,81,420,540,1,5
167,,,1,1,2,1,72,82,420,540,3,5
168,,,2,2,2,3,26,71,0,300,3,5
169,,,2,2,2,1,46,77,300,600,3,5
170,,,1,1,2,2,60,75,420,540,4,5
171,,,1,1,2,3,54,57,300,600,3,5
172,,,2,2,2,3,59,11,300,420,1,5
173,,,2,2,2,1,2,81,0,300,4,5
174,,,1,1,2,2,78,85,420,540,2,5
175,,,1,1,2,1,87,43,300,600,2,5
176,,,1,1,2,1,53,60,300,600,4,5
177,,,1,1,2,1,55,76,420,540,3,5
178,,,1,1,2,1,48,71,420,540,4,5
179,,,1,1,2,1,71,41,300,600,1,5
180,,,2,2,2,1,81,28,0,300,1,5
181,,,1,1,2,2,38,56,420,540,2,5
182,,,1,1,2,2,37,9,420,540,1,5
183,,,2,2,2,1,1,38,180,300,2,5
184,,,2,2,2,1,82,77,180,300,3,5
185,,,2,2,2,3,71,94,420,540,2,5
186,,,1,1,2,2,67,71,420,540,3,5
187,,,2,2,2,3,6,40,0,300,1,5
188,,,1,1,2,2,95,11,300,600,2,5
189,,,1,1,2,3,15,28,420,540,3,5
190,,,2,2,2,1,71,3,300,420,1,5
191,,,1,1,2,1,1,26,420,540,2,5
192,,,1,1,2,3,91,59,300,600,2,5
193,,,2,2,2,1,93,89,0,300,2,5
194,,,1,1,2,1,37,94,420,540,4,5
195,,,2,2,2,1,29,92,300,420,4,5
196,,,1,1,2,3,6,68,300,600,1,5
197,,,2,2,2,3,37,79,420,540,4,5
198,,,1,1,2,3,68,50,300,600,1,5
199,,,1,1,2,1,89,68,300,600,2,5
200,,,2,2,2,3,5,36,300,600,4,5
201,,,2,2,2,2,32,56,420,540,2,5
202,,,2,2,2,2,100,16,0,300,4,5
203,,,1,1,2,2,98,88,300,600,1,5
204,,,1,1,2,3,41,95,420,540,3,5
205,,,1,1,2,3,15,3,300,600,3,5
206,,,1,1,2,1,21,70,300,600,2,5
207,,,1,1,2,3,91,34,300,600,1,5
208,,,2,2,2,1,90,71,420,540,2,5
209,,,1,1,2,1,74,66,300,600,3,5
210,,,1,1,2,3,39,59,300,600,1,5
211,,,1,1,2,3,32,41,420,540,3,5
212,,,2,2,2,1,11,53,60,180,2,5
213,,,1,1,2,2,1,94,420,540,3,5
214,,,1,1,2,2,11,17,420,540,4,5
215,,,1,1,2,2,91,12,300,600,3,5
216,,,2,2,2,3,11,72,300,420,4,5
217,,,1,1,2,3,22,85,420,540,2,5
218,,,2,2,2,3,100,76,0,300,2,5
219,,,1,1,2,2,96,92,300,600,4,5
220,,,2,2,2,1,11,95,60,180,1,5
221,,,2,2,2,1,96,57,300,600,2,5
222,,,2,2,2,2,17,12,60,180,3,5
223,,,2,2,2,2,93,31,300,600,2,5
224,,,1,1,2,3,22,41,420,540,2,5
225,,,1,1,2,1,63,84,300,600,3,5
226,,,2,2,2,1,58,22,420,540,3,5
227,,,1,1,2,3,76,16,420,540,3,5
228,,,1,1,2,2,46,65,420,540,3,5
229,,,1,1,2,1,82,8,420,540,1,5
230,,,1,1,2,3,94,13,420,540,3,5
231,,,1,1,2,1,38,45,420,540,4,5
232,,,1,1,2,1,6,41,300,600,2,5
233,,,1,1,2,2,5,43,420,540,1,5
234,,,1,1,2,2,41,79,300,600,1,5
235,,,2,2,2,3,6,42,0,300,2,5
236,,,2,2,2,1,83,73,420,540,4,5
237,,,1,1,2,2,51,66,300,600,2,5
238,,,2,2,2,3,37,58,60,180,4,5
239,,,2,2,2,2,53,96,0,300,2,5
240,,,1,1,2,1,91,16,420,540,2,5
241,,,2,2,2,1,29,26,0,300,3,5
242,,,2,2,2,1,74,97,180,300,4,5
243,,,2,2,2,3,94,25,420,540,3,5
244,,,1,1,2,3,7,25,300,600,1,5
245,,,2,2,2,2,64,30,300,420,3,5
246,,,1,1,2,1,33,19,300,600,1,5
247,,,1,1,2,1,93,66,300,600,3,5
248,,,2,2,2,3,13,52,180,300,1,5
249,,,2,2,2,2,71,59,300,420,2,5
250,,,1,1,2,1,94,74,420,540,3,5
251,,,1,1,2,1,32,85,300,600,2,5
252,,,2,2,2,2,46,68,60,180,2,5
253,,,1,1,2,2,86,17,300,600,3,5
254,,,1,1,2,1,76,65,420,540,3,5
255,,,1,1,2,2,54,93,300,600,2,5
256,,,1,1,2,3,68,1,300,600,4,5
257,,,2,2,2,3,37,23,420,540,4,5
258,,,1,1,2,1,5,11,300,600,2,5
259,,,2,2,2,3,1,33,0,300,2,5
260,,,1,1,2,1,85,92,420,540,4,5
261,,,1,1,2,2,58,53,300,600,1,5
262,,,1,1,2,3,43,73,420,540,2,5
263,,,1,1,2,3,13,18,300,600,3,5
264,,,1,1,2,1,59,23,300,600,4,5
265,,,2,2,2,2,89,82,300,420,1,5
266,,,2,2,2,2,48,33,60,180,4,5
267,,,2,2,2,3,20,34,180,300,2,5
268,,,1,1,2,2,40,7,420,540,1,5
269,,,1,1,2,3,100,86,420,540,2,5
270,,,2,2,2,3,90,58,420,540,3,5
271,,,1,1,2,1,71,56,420,540,4,5
272,,,1,1,2,3,84,25,300,600,3,5
273,,,2,2,2,2,0,66,300,420,1,5
274,,,1,1,2,2,43,96,420,540,1,5
275,,,1,1,2,1,19,41,420,540,2,5
276,,,1,1,2,3,36,72,420,540,1,5
277,,,1,1,2,1,43,6,420,540,4,5
278,,,2,2,2,3,61,83,300,600,1,5
279,,,1,1,2,3,17,5,300,600,2,5
280,,,1,1,2,1,23,65,420,540,4,5
281,,,1,1,2,3,13,94,420,540,1,5
282,,,1,1,2,1,70,63,300,600,2,5
283,,,1,1,2,1,25,50,420,540,2,5
284,,,1,1,2,1,20,90,420,540,4,5
285,,,1,1,2,2,60,99,300,600,3,5
286,,,1,1,2,1,40,23,300,600,2,5
287,,,1,1,2,1,93,0,300,600,4,5
288,,,2,2,2,3,80,24,60,180,1,5
289,,,2,2,2,2,4,28,60,180,1,5
290,,,2,2,2,2,0,66,180,300,4,5
291,,,1,1,2,1,43,56,300,600,1,5
292,,,1,1,2,1,0,30,300,600,2,5
293,,,2,2,2,3,25,1,0,300,3,5
294,,,2,2,2,2,73,3,0,300,2,5
295,,,1,1,2,3,52,84,420,540,4,5
296,,,1,1,2,2,28,79,300,600,1,5
297,,,2,2,2,2,52,72,420,540,4,5
298,,,1,1,2,3,46,22,300,600,3,5
299,,,1,1,2,2,31,54,300,600,3,5
300,,,2,2,2,2,12,31,420,540,2,5
301,,,1,1,2,3,71,12,420,540,1,5
302,,,1,1,2,1,4,0,300,600,2,5
303,,,1,1,2,3,11,69,420,540,2,5
304,,,2,2,2,2,20,92,60,180,3,5
305,,,1,1,2,1,96,31,300,600,2,5
306,,,1,1,2,1,67,75,300,600,1,5
307,,,2,2,2,3,59,82,300,600,4,5
308,,,2,2,2,1,14,35,60,180,2,5
309,,,1,1,2,2,66,87,300,600,3,5
310,,,2,2,2,2,36,62,0,300,4,5
311,,,1,1,2,3,17,51,300,600,3,5
312,,,2,2,2,2,20,71,60,180,3,5
313,,,1,1,2,1,77,77,420,540,4,5
314,,,2,2,2,1,88,69,300,600,1,5
315,,,2,2,2,2,59,70,420,540,4,5
316,,,1,1,2,2,6,76,300,600,4,5
317,,,1,1,2,2,0,40,420,540,3,5
318,,,1,1,2,2,15,42,420,540,1,5
319,,,1,1,2,3,69,22,420,540,2,5
320,,,1,1,2,1,86,67,420,540,2,5
321,,,2,2,2,2,41,22,300,420,3,5
322,,,2,2,2,1,79,41,60,180,2,5
323,,,1,1,2,3,84,64,420,540,2,5
324,,,2,2,2,3,26,5,0,300,2,5
325,,,2,2,2,1,53,10,0,300,1,5
326,,,1,1,2,1,26,83,300,600,1,5
327,,,2,2,2,3,83,87,300,420,3,5
328,,,1,1,2,1,10,0,420,540,2,5
329,,,1,1,2,2,2,7,300,600,3,5
330,,,2,2,2,2,21,34,60,180,4,5
331,,,1,1,2,3,6,41,300,600,2,5
332,,,2,2,2,3,10,11,0,300,2,5
333,,,1,1,2,3,51,67,300,600,2,5
334,,,2,2,2,3,63,29,0,300,3,5
335,,,2,2,2,2,47,30,180,300,3,5
336,,,3,2,2,1,38,89,300,420,4,5
337,,,2,1,2,3,14,60,420,540,4,5
338,,,2,1,2,2,26,89,300,600,4,5
339,,,2,1,2,3,56,98,420,540,2,5
340,,,3,2,2,1,5,1,60,180,4,5
341,,,2,1,2,2,97,78,300,600,1,5
342,,,2,1,2,2,10,69,420,540,3,5
343,,,2,1,2,1,63,8,420,540,1,5
344,,,3,2,2,3,21,2,300,600,3,5
345,,,2,1,2,3,30,81,300,600,3,5
346,,,3,2,2,3,60,29,180,300,1,5
347,,,3,2,2,3,79,52,420,540,3,5
348,,,2,1,2,1,6,10,420,540,4,5
349,,,2,1,2,1,43,53,420,540,1,5
350,,,2,1,2,2,1,52,420,540,2,5
351,,,3,2,2,1,26,3,60,180,2,5
352,,,2,1,2,1,86,95,420,540,3,5
353,,,2,1,2,3,63,38,420,540,4,5
354,,,2,1,2,2,24,6,420,540,2,5
355,,,2,1,2,1,6,6,420,540,1,5
356,,,2,1,2,3,46,39,300,600,3,5
357,,,2,1,2,3,20,36,420,540,4,5
358,,,3,2,2,3,88,49,0,300,2,5
359,,,2,1,2,1,95,7,420,540,2,5
360,,,3,2,2,3,61,54,300,600,2,5
361,,,2,1,2,2,95,89,420,540,1,5
362,,,2,1,2,2,90,47,420,540,4,5
363,,,2,1,2,1,29,52,300,600,1,5
364,,,2,1,2,2,15,18,420,540,2,5
365,,,2,1,2,2,81,95,300,600,2,5
366,,,3,2,2,2,44,33,180,300,4,5
367,,,2,1,2,3,18,32,420,540,1,5
368,,,3,2,2,3,83,27,0,300,3,5
369,,,2,1,2,1,96,11,420,540,4,5
370,,,2,1,2,1,82,49,420,540,4,5
371,,,2,1,2,1,7,86,300,600,4,5
372,,,2,1,2,3,1,13,300,600,4,5
373,,,2,1,2,3,47,5,300,600,2,5
374,,,2,1,2,2,60,55,420,540,3,5
375,,,3,2,2,3,67,88,0,300,3,5
376,,,2,1,2,3,55,68,300,600,1,5
377,,,3,2,2,2,41,51,0,300,3,5
378,,,2,1,2,3,70,19,300,600,1,5
379,,,3,2,2,1,59,32,0,300,4,5
380,,,2,1,2,1,81,53,300,600,2,5
381,,,2,1,2,3,71,28,300,600,4,5
382,,,2,1,2,2,26,57,300,600,2,5
383,,,2,1,2,2,55,46,420,540,3,5
384,,,2,1,2,1,37,60,300,600,1,5
385,,,2,1,2,1,27,18,300,600,1,5
386,,,2,1,2,3,20,57,300,600,2,5
387,,,2,1,2,1,32,72,300,600,3,5
388,,,3,2,2,3,44,78,420,540,3,5
389,,,2,1,2,1,59,63,420,540,1,5
390,,,2,1,2,3,73,99,420,540,2,5
391,,,2,1,2,2,61,66,420,540,3,5
392,,,2,1,2,2,11,75,300,600,2,5
393,,,3,2,2,2,4,77,0,300,3,5
394,,,2,1,2,1,2,34,420,540,3,5
395,,,2,1,2,3,35,27,420,540,1,5
396,,,2,1,2,3,58,37,420,540,3,5
397,,,2,1,2,2,30,97,420,540,1,5
398,,,2,1,2,2,17,41,420,540,4,5
399,,,3,2,2,2,24,48,0,300,1,5
400,,,2,1,2,3,9,71,420,540,4,5
401,,,2,1,2,2,87,43,420,540,4,5
402,,,2,1,2,1,36,71,300,600,2,5
403,,,2,1,2,1,2,93,300,600,3,5
404,,,2,1,2,3,20,95,300,600,4,5
405,,,2,1,2,2,73,62,420,540,1,5
406,,,3,2,2,2,19,83,60,180,3,5
407,,,2,1,2,2,87,85,420,540,2,5
408,,,2,1,2,2,98,100,420,540,4,5
409,,,2,1,2,2,63,35,420,540,4,5
410,,,3,2,2,3,25,100,300,600,1,5
411,,,2,1,2,3,44,54,420,540,1,5
412,,,2,1,2,3,99,20,420,540,2,5
413,,,3,2,2,3,29,42,420,540,2,5
414,,,3,2,2,1,70,29,0,300,3,5
415,,,2,1,2,3,27,84,420,540,2,5
416,,,3,2,2,1,100,79,0,300,3,5
417,,,3,2,2,2,30,60,60,180,3,5
418,,,3,2,2,2,51,47,180,300,3,5
419,,,2,1,2,3,19,56,420,540,1,5
420,,,3,2,2,2,64,36,0,300,3,5
421,,,2,1,2,1,74,59,300,600,1,5
422,,,2,1,2,1,48,33,300,600,2,5
423,,,2,1,2,2,89,57,300,600,4,5
424,,,2,1,2,3,62,57,420,540,2,5
425,,,2,1,2,3,27,37,300,600,2,5
426,,,3,2,2,3,11,73,180,300,2,5
427,,,3,2,2,2,39,76,420,540,4,5
428,,,3,2,2,1,100,20,420,540,3,5
429,,,3,2,2,3,96,28,300,420,4,5
430,,,2,1,2,2,52,56,420,540,1,5
431,,,2,1,2,1,30,23,300,600,4,5
432,,,3,2,2,2,42,63,60,180,3,5
433,,,3,2,2,1,7,3,60,180,2,5
434,,,2,1,2,1,92,5,420,540,1,5
435,,,2,1,2,1,57,97,300,600,2,5
436,,,2,1,2,2,17,95,420,540,3,5
437,,,3,2,2,1,100,52,300,600,1,5
438,,,3,2,2,2,76,81,180,300,2,5
439,,,2,1,2,1,71,1,420,540,1,5
440,,,2,1,2,3,35,89,420,540,3,5
441,,,2,1,2,1,73,0,420,540,4,5
442,,,3,2,2,2,59,82,60,180,2,5
443,,,2,1,2,2,54,0,420,540,3,5
444,,,10,1,2,2,54,4,300,600,1,5
445,,,15,1,2,1,24,66,300,600,2,5
446,,,4,2,2,2,65,45,300,600,1,5
447,,,7,2,2,2,66,68,60,180,4,5
448,,,3,2,2,3,18,80,420,540,3,5
449,,,13,1,2,2,39,21,300,600,2,5
450,,,4,2,2,3,25,58,420,540,2,5
451,,,4,2,2,2,43,28,420,540,3,5
452,,,4,1,2,2,76,67,300,600,1,5
453,,,10,1,2,2,45,11,300,600,1,5
454,,,6,1,2,3,33,2,420,540,4,5
455,,,7,1,2,2,41,87,300,600,4,5
456,,,4,2,2,3,58,21,60,180,2,5
457,,,12,1,2,3,50,20,420,540,1,5
458,,,8,2,2,3,87,63,300,420,4,5
459,,,12,2,2,1,18,17,300,600,2,5
460,,,6,2,2,3,96,65,180,300,4,5
461,,,6,2,2,2,21,83,300,420,2,5
462,,,14,2,2,2,4,50,60,180,4,5
463,,,8,2,2,1,9,54,300,600,2,5
464,,,8,1,2,1,49,97,300,600,1,5
465,,,9,1,2,3,49,67,300,600,2,5
466,,,5,2,2,1,47,1,0,300,1,5
467,,,7,1,2,1,71,44,420,540,4,5
468,,,12,2,2,3,16,35,180,300,3,5
469,,,12,1,2,1,72,100,420,540,4,5
470,,,2,1,2,3,9,79,420,540,2,5
471,,,14,2,2,2,48,77,420,540,4,5
472,,,8,1,2,2,62,51,420,540,3,5
473,,,8,1,2,3,23,11,420,540,2,5
474,,,14,2,2,2,83,16,0,300,2,5
475,,,6,2,2,3,40,20,300,420,2,5
476,,,9,1,2,2,17,7,300,600,3,5
477,,,9,2,2,1,32,79,420,540,2,5
478,,,9,2,2,3,43,77,300,420,1,5
479,,,11,1,2,2,96,82,420,540,2,5
480,,,7,1,2,1,36,37,300,600,2,5
481,,,9,2,2,3,10,16,180,300,2,5
482,,,12,1,2,2,63,44,420,540,1,5
483,,,2,1,2,2,27,9,420,540,4,5
484,,,4,2,2,3,28,82,300,420,1,5
485,,,8,1,2,2,62,5,420,540,2,5
486,,,8,2,2,3,50,11,420,540,3,5
487,,,7,1,2,1,16,61,300,600,1,5
488,,,13,2,2,2,32,47,0,300,2,5
489,,,14,1,2,2,4,13,300,600,1,5
490,,,10,2,2,1,23,17,420,540,4,5
491,,,14,2,2,1,39,58,0,300,3,5
492,,,4,2,2,2,75,23,60,180,4,5
493,,,8,1,2,3,66,94,300,600,1,5
494,,,7,1,2,2,37,78,300,600,2,5
495,,,14,1,2,3,92,56,300,600,4,5
496,,,12,2,2,3,13,6,300,600,4,5
497,,,15,2,2,1,72,0,300,420,4,5
498,,,8,1,2,3,71,87,300,600,4,5
499,,,11,1,2,1,70,66,300,600,2,5
500,,,4,1,2,2,59,59,300,600,1,5
501,,,5,1,2,3,98,96,420,540,4,5
502,,,6,1,2,3,19,5,300,600,4,5
503,,,13,2,2,1,32,48,420,540,3,5
504,,,15,2,2,3,12,31,180,300,4,5
505,,,14,1,2,3,27,70,420,540,1,5
506,,,14,1,2,3,65,44,300,600,1,5
507,,,11,2,2,1,81,14,0,300,2,5
508,,,14,2,2,2,71,7,60,180,4,5
509,,,4,2,2,3,36,74,420,540,2,5
510,,,11,2,2,1,35,26,0,300,3,5
511,,,6,1,2,2,52,34,300,600,2,5
512,,,4,1,2,2,55,92,420,540,4,5
513,,,12,2,2,1,13,22,420,540,1,5
514,,,2,1,2,2,31,57,420,540,1,5
515,,,14,1,2,3,66,86,300,600,1,5
516,,,15,1,2,1,45,40,420,540,3,5
517,,,13,1,2,2,61,40,300,600,3,5
518,,,13,1,2,3,55,0,300,600,2,5
519,,,9,1,2,3,46,83,420,540,1,5
520,,,17,2,2,1,24,52,300,420,2,5
521,,,6,1,2,1,68,16,420,540,2,5
522,,,8,1,2,1,35,79,300,600,4,5
523,,,4,2,2,2,89,37,420,540,4,5
524,,,4,2,2,2,56,81,420,540,4,5
525,,,11,2,2,1,64,14,300,420,2,5
526,,,12,2,2,2,41,14,420,540,4,5
527,,,6,1,2,3,31,26,300,600,2,5
528,,,9,1,2,1,81,81,420,540,4,5
529,,,9,2,2,3,100,3,180,300,4,5
530,,,12,2,2,3,11,43,300,420,4,5
531,,,6,2,2,1,67,43,0,300,2,5
532,,,8,2,2,2,67,84,60,180,3,5
533,,,15,2,2,1,41,48,420,540,2,5
534,,,15,2,2,1,33,14,300,600,2,5
535,,,14,2,2,2,99,11,180,300,4,5
536,,,12,1,2,2,46,56,420,540,1,5
537,,,3,2,2,1,7,66,60,180,4,5
538,,,13,1,2,2,26,21,420,540,4,5
539,,,12,1,2,1,87,25,420,540,3,5
540,,,8,1,2,1,73,53,300,600,4,5
541,,,17,2,2,1,25,4,420,540,3,5
542,,,6,1,2,1,68,93,420,540,3,5
543,,,15,2,2,2,10,79,300,420,2,5
544,,,14,1,2,2,48,49,420,540,2,5
545,,,12,1,2,1,23,33,420,540,1,5
546,,,7,2,2,2,41,64,300,420,2,5
547,,,10,1,2,2,49,74,300,600,2,5
548,,,3,1,2,1,84,31,300,600,1,5
549,,,11,1,2,2,34,85,300,600,2,5
550,,,3,2,2,2,60,1,0,300,2,5
551,,,12,1,2,2,60,77,300,600,4,5
552,,,9,2,2,1,58,74,180,300,4,5
553,,,7,2,2,1,17,70,60,180,4,5
554,,,10,2,2,3,19,57,0,300,2,5
555,,,5,1,2,1,89,46,420,540,4,5
556,,,6,2,2,3,62,44,420,540,2,5
557,,,13,2,2,1,38,80,180,300,4,5
558,,,6,2,2,2,40,21,60,180,1,5
559,,,6,2,2,1,50,43,0,300,4,5
560,,,11,2,2,1,2,15,180,300,3,5
561,,,7,1,2,2,38,35,420,540,4,5
562,,,15,1,2,3,37,51,420,540,1,5
563,,,13,2,2,1,53,21,420,540,4,5
564,,,9,1,2,3,60,21,300,600,3,5
565,,,4,2,2,3,51,75,60,180,4,5
566,,,7,1,2,3,20,86,300,600,4,5
567,,,7,1,2,3,14,5,420,540,3,5
568,,,11,2,2,3,21,93,420,540,2,5
569,,,15,2,2,2,85,16,180,300,1,5
570,,,3,2,2,2,56,82,420,540,4,5
571,,,15,1,2,3,39,60,420,540,3,5
572,,,2,1,2,3,7,76,420,540,1,5
573,,,7,2,2,3,86,62,180,300,2,5
574,,,2,1,2,1,5,69,300,600,1,5
575,,,7,2,2,2,90,44,60,180,1,5
576,,,14,2,2,1,67,82,180,300,3,5
577,,,5,1,2,2,11,75,300,600,2,5
578,,,9,2,2,1,91,82,0,300,2,5
579,,,12,2,2,3,89,52,0,300,4,5
580,,,5,1,2,3,6,31,420,540,3,5
581,,,10,2,2,1,49,22,180,300,2,5
582,,,7,1,2,3,37,99,420,540,2,5
583,,,4,2,2,1,59,37,180,300,2,5
584,,,4,2,2,3,28,8,180,300,3,5
585,,,4,1,2,2,41,6,420,540,3,5
586,,,7,1,2,3,28,63,300,600,4,5
587,,,11,2,2,1,27,8,180,300,4,5
588,,,7,2,2,2,18,78,0,300,3,5
589,,,8,1,2,2,18,59,420,540,1,5
590,,,7,2,2,3,12,72,0,300,1,5
591,,,7,1,2,3,1,79,420,540,4,5
592,,,3,2,2,1,17,66,180,300,1,5
593,,,5,2,2,3,20,86,420,540,4,5
594,,,2,2,2,2,49,100,420,540,4,5
595,,,11,2,2,2,91,57,60,180,4,5
596,,,3,2,2,2,73,86,0,300,1,5
597,,,10,2,2,3,0,6,300,420,4,5
598,,,14,1,2,2,34,4,300,600,2,5
599,,,4,1,2,1,90,79,420,540,1,5
600,,,6,1,2,2,77,10,420,540,4,5
601,,,13,2,2,2,35,95,180,300,2,5
602,,,3,2,2,1,88,55,0,300,3,5
603,,,7,2,2,2,52,75,180,300,2,5
604,,,8,1,2,1,24,13,300,600,4,5
605,,,12,1,2,2,11,0,420,540,2,5
606,,,9,2,2,3,61,8,60,180,3,5
607,,,8,2,2,2,74,85,420,540,3,5
608,,,9,1,2,3,91,48,300,600,3,5
609,,,9,2,2,3,72,15,300,420,1,5
610,,,9,1,2,1,95,46,300,600,2,5
611,,,8,1,2,2,35,86,420,540,2,5
612,,,3,2,2,2,76,76,180,300,4,5
613,,,7,2,2,2,10,42,300,420,4,5
614,,,8,2,2,3,35,29,180,300,3,5
615,,,13,2,2,3,44,59,180,300,3,5
616,,,11,1,2,1,50,19,420,540,3,5
617,,,4,1,2,2,98,25,300,600,1,5
618,,,8,2,2,2,8,33,300,420,2,5
619,,,4,2,2,3,41,5,420,540,3,5
620,,,2,2,2,3,66,29,180,300,3,5
621,,,13,1,2,3,9,7,300,600,3,5
622,,,7,2,2,1,68,81,60,180,4,5
623,,,10,1,2,2,16,10,300,600,3,5
624,,,7,2,2,1,51,84,420,540,2,5
625,,,5,2,2,3,48,18,0,300,1,5
626,,,16,1,2,2,25,31,300,600,4,5
627,,,15,1,2,2,61,38,420,540,2,5
628,,,8,2,2,1,42,71,420,540,1,5
629,,,12,2,2,1,4,67,0,300,1,5
630,,,10,1,2,3,37,16,300,600,3,5
631,,,9,2,2,3,20,41,60,180,2,5
632,,,14,1,2,2,4,74,420,540,3,5
633,,,10,1,2,3,53,53,300,600,3,5
634,,,6,2,2,2,84,22,0,300,2,5
635,,,10,2,2,2,83,72,0,300,2,5
636,,,7,1,2,2,75,18,420,540,1,5
637,,,2,1,2,1,32,6,300,600,1,5
638,,,4,1,2,3,96,1,420,540,3,5
639,,,12,2,2,2,80,35,420,540,2,5
640,,,8,2,2,1,96,45,60,180,4,5
641,,,11,2,2,2,95,15,300,420,1,5
642,,,3,1,2,3,34,81,420,540,3,5
643,,,10,2,2,2,72,45,0,300,4,5
644,,,6,1,2,2,51,46,300,600,1,5
645,,,5,2,2,3,14,54,0,300,4,5
646,,,7,2,2,1,6,10,0,300,4,5
647,,,14,2,2,2,58,68,300,420,3,5
648,,,5,1,2,1,20,33,420,540,1,5
649,,,9,2,2,2,39,64,180,300,3,5
650,,,11,1,2,3,75,0,420,540,4,5
651,,,9,1,2,3,22,3,300,600,3,5
652,,,3,1,2,3,87,35,420,540,1,5
653,,,9,1,2,3,96,1,300,600,3,5
654,,,13,1,2,2,48,32,300,600,1,5
655,,,5,1,2,3,56,40,300,600,4,5
656,,,10,2,2,1,38,82,300,600,2,5
657,,,10,2,2,1,50,33,0,300,3,5
658,,,12,2,2,1,54,4,0,300,2,5
659,,,6,2,2,3,92,95,60,180,1,5
660,,,5,2,2,1,1,56,60,180,3,5
661,,,3,1,2,2,27,67,420,540,1,5
662,,,10,1,2,3,29,0,420,540,2,5
663,,,9,1,2,3,23,67,300,600,2,5
664,,,9,1,2,3,48,51,300,600,3,5
665,,,11,2,2,2,77,46,420,540,4,5
666,,,3,1,2,3,50,32,300,600,3,5
667,,,9,1,2,3,60,72,300,600,1,5
668,,,12,1,2,1,76,51,300,600,2,5
669,,,11,1,2,3,71,41,420,540,2,5
670,,,6,1,2,1,76,66,420,540,1,5
671,,,15,1,2,1,63,42,300,600,4,5
672,,,10,2,2,3,10,0,180,300,1,5
673,,,11,1,2,3,7,5,420,540,3,5
674,,,2,1,2,1,65,46,300,600,3,5
675,,,13,1,2,1,99,6,420,540,4,5
676,,,13,2,2,1,80,56,180,300,4,5
677,,,13,1,2,2,52,53,420,540,4,5
678,,,10,1,2,2,51,75,420,540,4,5
679,,,9,2,2,3,11,49,300,420,4,5
680,,,5,2,2,3,27,82,60,180,1,5
681,,,14,1,2,2,50,28,420,540,1,5
682,,,5,2,2,3,92,68,300,600,3,5
683,,,10,1,2,2,90,39,420,540,1,5
684,,,10,2,2,2,6,77,60,180,2,5
685,,,15,1,2,2,16,1,420,540,2,5
686,,,3,1,2,3,13,58,420,540,4,5
687,,,13,2,2,2,8,15,300,600,2,5
688,,,15,2,2,2,59,28,180,300,2,5
689,,,12,2,2,2,21,79,420,540,1,5
690,,,8,2,2,1,24,81,60,180,4,5
691,,,10,2,2,1,26,54,180,300,1,5
692,,,4,2,2,2,83,30,60,180,1,5
693,,,15,2,2,3,76,0,60,180,3,5
694,,,13,1,2,3,86,81,420,540,3,5
695,,,14,2,2,2,18,27,420,540,2,5
696,,,11,2,2,3,99,35,420,540,4,5
697,,,10,2,2,3,35,74,180,300,4,5
698,,,8,2,2,1,13,90,60,180,1,5
699,,,7,2,2,2,70,15,420,540,3,5
700,,,11,2,2,3,38,69,60,180,3,5
701,,,7,1,2,3,9,49,300,600,1,5
702,,,14,1,2,1,32,37,300,600,1,5
703,,,10,1,2,1,3,49,300,600,4,5
704,,,8,1,2,1,42,60,300,600,2,5
705,,,9,2,2,1,55,98,60,180,3,5
706,,,12,2,2,3,96,2,180,300,3,5
707,,,15,2,2,3,65,65,180,300,4,5
708,,,12,2,2,3,98,75,420,540,2,5
709,,,8,2,2,3,59,82,180,300,2,5
710,,,4,2,2,3,44,32,0,300,2,5
711,,,3,2,2,3,64,41,300,420,1,5
712,,,14,2,2,2,20,91,300,420,2,5
713,,,4,1,2,1,78,77,300,600,2,5
714,,,13,2,2,1,78,100,60,180,3,5
715,,,3,2,2,3,99,72,420,540,1,5
716,,,10,1,2,1,50,42,420,540,3,5
717,,,6,2,2,3,96,80,300,600,1,5
718,,,13,2,2,3,58,82,420,540,1,5
719,,,12,1,2,1,18,69,420,540,4,5
720,,,16,2,2,1,84,58,300,600,4,5
721,,,2,1,2,1,95,73,300,600,3,5
722,,,1,1,2,3,43,36,300,600,3,5
723,,,11,1,2,1,22,70,300,600,4,5
724,,,3,2,2,1,63,33,180,300,2,5
725,,,6,1,2,1,77,50,300,600,2,5
726,,,3,1,2,2,50,83,420,540,1,5
727,,,10,2,2,3,34,56,300,420,2,5
728,,,4,1,2,2,27,25,420,540,4,5
729,,,4,2,2,3,82,48,0,300,4,5
730,,,3,2,2,3,77,67,300,420,1,5
731,,,6,1,2,2,78,69,300,600,1,5
732,,,8,2,2,2,67,1,180,300,1,5
733,,,14,2,2,3,53,14,300,600,4,5
734,,,2,2,2,3,70,8,300,600,3,5
735,,,13,1,2,3,71,94,300,600,2,5
736,,,4,2,2,1,20,64,0,300,3,5
737,,,9,2,2,3,49,73,60,180,4,5
738,,,5,2,2,3,75,35,180,300,3,5
739,,,13,2,2,1,70,97,420,540,4,5
740,,,7,2,2,1,88,65,300,420,4,5
741,,,13,2,2,2,13,51,180,300,1,5
742,,,11,2,2,2,52,1,0,300,4,5
743,,,16,1,2,1,31,90,420,540,3,5
744,,,4,1,2,2,19,37,420,540,3,5
745,,,2,1,2,3,78,82,420,540,2,5
746,,,9,2,2,2,70,57,60,180,4,5
747,,,6,2,2,3,63,30,60,180,4,5
748,,,8,2,2,2,71,42,60,180,4,5
749,,,9,1,2,2,93,64,420,540,4,5
750,,,11,1,2,3,49,38,300,600,3,5
751,,,4,1,2,2,56,36,420,540,4,5
752,,,8,2,2,3,58,19,420,540,2,5
753,,,10,2,2,2,10,0,60,180,3,5
754,,,5,2,2,1,66,53,420,540,1,5
755,,,3,2,2,1,96,12,180,300,2,5
756,,,7,2,2,3,75,84,420,540,1,5
757,,,2,1,2,1,15,81,300,600,2,5
758,,,2,2,2,2,79,53,180,300,2,5
759,,,15,2,2,1,37,31,300,420,3,5
760,,,9,2,2,2,59,24,0,300,2,5
761,,,11,1,2,1,87,67,420,540,3,5
762,,,15,1,2,2,49,4,420,540,3,5
763,,,3,2,2,3,12,36,0,300,2,5
764,,,3,1,2,1,49,98,420,540,3,5
765,,,10,2,2,3,95,88,300,420,1,5
766,,,13,1,2,3,95,29,300,600,4,5
767,,,14,1,2,3,73,53,420,540,3,5
768,,,5,2,2,1,78,0,300,420,3,5
769,,,12,2,2,2,78,54,60,180,4,5
770,,,6,2,2,1,86,0,420,540,1,5
771,,,5,2,2,2,28,53,60,180,1,5
772,,,13,1,2,1,7,92,420,540,1,5
773,,,6,2,2,2,11,51,300,600,1,5
774,,,3,1,2,3,5,99,420,540,1,5
775,,,2,2,2,1,19,37,180,300,2,5
776,,,15,2,2,3,31,6,60,180,1,5
777,,,5,1,2,3,1,81,420,540,3,5
778,,,12,1,2,1,20,80,300,600,3,5
779,,,5,1,2,2,15,14,420,540,4,5
780,,,10,2,2,1,62,49,60,180,2,5
781,,,11,2,2,3,85,81,60,180,1,5
782,,,13,2,2,2,94,84,180,300,1,5
783,,,14,1,2,3,64,55,420,540,4,5
784,,,10,2,2,1,1,70,60,180,3,5
785,,,11,1,2,1,41,55,420,540,1,5
786,,,3,1,2,3,80,73,420,540,3,5
787,,,15,1,2,1,60,63,420,540,4,5
788,,,12,2,2,2,36,71,300,600,4,5
789,,,6,2,2,1,91,70,420,540,2,5
790,,,7,2,2,1,20,38,180,300,2,5
791,,,5,1,2,3,14,28,420,540,1,5
792,,,15,2,2,3,30,40,300,420,2,5
793,,,8,1,2,1,13,17,300,600,1,5
794,,,5,2,2,2,44,1,60,180,3,5
795,,,5,2,2,2,8,54,0,300,2,5
796,,,5,1,2,3,82,40,300,600,1,5
797,,,11,2,2,1,39,99,180,300,1,5
798,,,15,2,2,3,51,82,300,420,1,5
799,,,10,2,2,1,99,36,420,540,2,5
800,,,2,2,2,3,64,43,0,300,1,5
801,,,9,2,2,1,54,13,180,300,2,5
802,,,9,1,2,1,37,29,300,600,2,5
803,,,12,1,2,3,30,99,300,600,3,5
804,,,12,2,2,2,32,90,60,180,2,5
805,,,8,2,2,1,63,7,60,180,4,5
806,,,3,2,2,1,49,21,420,540,3,5
807,,,4,2,2,3,93,47,0,300,2,5
808,,,13,2,2,3,68,81,420,540,1,5
809,,,14,1,2,2,70,50,300,600,3,5
810,,,11,2,2,2,69,48,300,600,3,5
811,,,11,2,2,1,14,10,300,420,3,5
812,,,13,2,2,2,31,48,180,300,1,5
813,,,4,1,2,2,50,29,420,540,4,5
814,,,13,1,2,2,18,23,300,600,3,5
815,,,8,1,2,2,33,25,420,540,3,5
816,,,14,1,2,1,17,11,420,540,4,5
817,,,2,2,2,2,8,43,420,540,3,5
818,,,4,2,2,1,0,17,0,300,4,5
819,,,6,1,2,2,40,10,420,540,4,5
820,,,9,2,2,1,44,98,180,300,1,5
821,,,8,2,2,1,35,8,420,540,2,5
822,,,8,2,2,1,44,54,180,300,2,5
823,,,9,2,2,3,32,91,300,420,2,5
824,,,6,1,2,1,90,62,300,600,1,5
825,,,4,2,2,3,87,27,0,300,4,5
826,,,3,1,2,1,51,68,420,540,4,5
827,,,6,2,2,3,92,35,420,540,2,5
828,,,4,2,2,1,45,37,0,300,4,5
829,,,8,1,2,2,92,82,300,600,1,5
830,,,11,1,2,1,66,60,420,540,1,5
831,,,8,2,2,1,30,15,180,300,4,5
832,,,5,1,2,2,14,53,420,540,1,5
833,,,15,1,2,3,52,88,300,600,2,5
834,,,3,1,2,1,89,94,420,540,3,5
835,,,15,2,2,2,56,46,60,180,1,5
836,,,4,2,2,2,50,68,420,540,4,5
837,,,9,2,2,3,47,0,420,540,4,5
838,,,11,2,2,1,6,26,60,180,4,5
839,,,6,1,2,3,33,61,300,600,4,5
840,,,3,2,2,2,41,9,0,300,1,5
841,,,4,1,2,2,89,13,420,540,1,5
842,,,15,2,2,2,50,97,60,180,3,5
843,,,10,2,2,3,54,16,60,180,4,5
844,,,8,1,2,3,0,53,420,540,1,5
845,,,12,1,2,1,96,45,420,540,1,5
846,,,7,2,2,2,97,15,0,300,4,5
847,,,17,2,2,3,5,48,0,300,1,5
848,,,4,1,2,2,6,73,300,600,4,5
849,,,11,1,2,3,100,79,420,540,3,5
850,,,8,1,2,1,90,48,420,540,4,5
851,,,12,1,2,2,23,90,420,540,1,5
852,,,11,1,2,2,59,88,300,600,1,5
853,,,4,2,2,3,60,25,0,300,2,5
854,,,4,1,2,1,38,45,300,600,1,5
855,,,11,1,2,3,93,45,300,600,4,5
856,,,7,2,2,1,65,19,0,300,2,5
857,,,8,2,2,3,23,67,0,300,3,5
858,,,15,2,2,2,81,45,180,300,1,5
859,,,9,2,2,3,51,56,300,420,4,5
860,,,1,1,2,2,91,68,300,600,3,5
861,,,3,1,2,1,38,47,420,540,3,5
862,,,2,1,2,1,59,95,420,540,3,5
863,,,7,2,2,3,46,84,420,540,4,5
864,,,15,1,2,3,24,3,420,540,1,5
865,,,13,1,2,1,29,43,300,600,2,5
866,,,7,1,2,1,85,91,420,540,2,5
867,,,13,1,2,3,59,88,420,540,4,5
868,,,14,1,2,1,14,27,300,600,3,5
869,,,11,2,2,2,73,53,300,420,2,5
870,,,13,2,2,2,53,13,0,300,2,5
871,,,8,2,2,2,33,65,300,420,2,5
872,,,10,1,2,1,30,89,300,600,1,5
873,,,11,1,2,3,12,4,300,600,3,5
874,,,8,2,2,3,74,74,0,300,2,5
875,,,14,2,2,3,66,30,300,420,2,5
876,,,11,2,2,3,69,68,60,180,3,5
877,,,3,1,2,3,54,3,300,600,1,5
878,,,3,2,2,3,53,93,300,600,1,5
879,,,3,1,2,1,41,19,420,540,4,5
880,,,7,2,2,2,58,89,0,300,3,5
881,,,12,2,2,3,76,20,180,300,2,5
882,,,13,2,2,3,69,52,180,300,3,5
883,,,3,2,2,3,37,64,0,300,1,5
884,,,12,2,2,2,43,54,60,180,3,5
885,,,5,2,2,3,4,17,180,300,3,5
886,,,9,2,2,1,22,93,420,540,2,5
887,,,14,1,2,1,58,86,420,540,2,5
888,,,8,2,2,1,24,6,60,180,2,5
889,,,11,1,2,3,28,93,420,540,1,5
890,,,4,2,2,3,9,67,300,420,3,5
891,,,14,1,2,1,9,21,300,600,3,5
892,,,3,2,2,2,11,28,300,600,3,5
893,,,15,1,2,2,42,46,420,540,4,5
894,,,6,2,2,3,87,28,180,300,4,5
895,,,13,2,2,1,17,58,180,300,1,5
896,,,2,1,2,3,3,1,300,600,3,5
897,,,12,2,2,1,12,16,300,600,3,5
898,,,2,1,2,3,28,10,300,600,3,5
899,,,6,2,2,3,90,99,300,600,3,5
900,,,4,2,2,2,8,11,300,600,1,5
901,,,4,2,2,3,27,51,300,420,1,5
902,,,6,1,2,1,83,44,420,540,3,5
903,,,11,2,2,1,25,21,0,300,2,5
904,,,12,2,2,3,53,43,300,420,2,5
905,,,2,2,2,3,84,87,0,300,2,5
906,,,4,2,2,1,94,44,60,180,3,5
907,,,6,1,2,1,38,34,300,600,4,5
908,,,10,1,2,2,85,63,420,540,4,5
909,,,2,1,2,2,62,86,420,540,2,5
910,,,12,1,2,2,31,30,300,600,3,5
911,,,3,2,2,2,33,73,0,300,2,5
912,,,10,1,2,2,67,100,420,540,3,5
913,,,7,1,2,3,81,76,420,540,3,5
914,,,8,1,2,3,4,50,300,600,4,5
915,,,2,1,2,3,22,40,300,600,2,5
916,,,2,1,2,1,23,87,300,600,4,5
917,,,4,2,2,2,34,7,180,300,1,5
918,,,4,2,2,1,23,42,60,180,2,5
919,,,14,2,2,2,32,27,300,420,1,5
920,,,8,1,2,3,36,55,300,600,1,5
921,,,9,2,2,3,64,8,60,180,1,5
922,,,9,1,2,2,62,89,420,540,1,5
923,,,10,2,2,3,54,88,60,180,4,5
924,,,6,1,2,1,64,77,300,600,2,5
925,,,14,2,2,1,87,84,300,600,2,5
926,,,7,1,2,2,13,3,300,600,4,5
927,,,2,1,2,2,67,18,420,540,1,5
928,,,7,2,2,2,60,81,180,300,1,5
929,,,11,1,2,1,23,70,420,540,1,5
930,,,14,1,2,3,7,56,420,540,1,5
931,,,6,2,2,1,65,18,180,300,2,5
932,,,6,1,2,1,70,75,300,600,1,5
933,,,5,2,2,3,53,35,300,420,4,5
934,,,15,1,2,3,70,88,300,600,3,5
935,,,2,2,2,2,55,78,180,300,3,5
936,,,7,2,2,3,70,29,300,420,1,5
937,,,11,2,2,2,32,65,180,300,1,5
938,,,15,1,2,1,22,99,300,600,4,5
939,,,5,1,2,1,67,17,420,540,2,5
940,,,9,2,2,1,9,84,420,540,1,5
941,,,10,1,2,1,37,37,420,540,3,5
942,,,2,2,2,1,2,28,0,300,4,5
943,,,15,1,2,3,97,11,420,540,2,5
944,,,3,2,2,3,31,15,60,180,1,5
945,,,7,2,2,3,87,6,420,540,4,5
946,,,3,1,2,3,61,63,300,600,2,5
947,,,13,1,2,2,47,87,420,540,2,5
948,,,2,2,2,1,11,1,60,180,1,5
949,,,5,2,2,3,22,33,300,600,4,5
950,,,3,2,2,2,87,67,300,600,2,5
951,,,9,1,2,1,17,13,420,540,2,5
952,,,7,2,2,3,17,20,420,540,3,5
953,,,7,1,2,2,3,18,300,600,1,5
954,,,6,2,2,1,53,48,300,600,3,5
955,,,8,2,2,2,9,83,180,300,1,5
956,,,5,2,2,3,77,32,180,300,3,5
957,,,4,2,2,2,96,67,300,420,1,5
958,,,15,1,2,3,84,36,420,540,4,5
959,,,16,2,2,3,24,96,60,180,2,5
960,,,14,2,2,1,60,56,420,540,3,5
961,,,8,2,2,1,82,46,0,300,4,5
962,,,7,1,2,1,53,98,300,600,4,5
963,,,4,1,2,2,6,85,420,540,1,5
964,,,8,2,2,3,56,30,180,300,2,5
965,,,2,2,2,1,79,47,420,540,4,5
966,,,10,2,2,2,19,16,180,300,3,5
967,,,3,1,2,2,98,27,300,600,2,5
968,,,2,2,2,3,86,66,300,420,3,5
969,,,14,2,2,3,60,36,60,180,1,5
970,,,9,1,2,3,73,40,300,600,4,5
971,,,13,1,2,1,8,60,300,600,4,5
972,,,14,1,2,1,9,88,300,600,1,5
973,,,3,2,2,1,82,89,0,300,2,5
974,,,8,2,2,2,86,59,300,600,4,5
975,,,5,1,2,1,92,39,420,540,1,5
976,,,3,1,2,2,76,48,420,540,1,5
977,,,12,2,2,2,74,85,0,300,4,5
978,,,8,1,2,3,8,89,420,540,3,5
979,,,14,1,2,2,46,8,420,540,4,5
980,,,9,1,2,2,56,3,300,600,2,5
981,,,10,2,2,2,47,9,0,300,3,5
982,,,4,2,2,2,74,38,0,300,3,5
983,,,14,2,2,2,3,24,420,540,1,5
984,,,13,1,2,2,30,11,420,540,3,5
985,,,6,2,2,3,39,92,300,600,2,5
986,,,13,1,2,3,91,59,420,540,4,5
987,,,8,2,2,2,56,89,60,180,3,5
988,,,3,2,2,2,22,8,420,540,4,5
989,,,7,2,2,1,39,32,180,300,4,5
990,,,13,2,2,3,63,50,0,300,3,5
991,,,3,2,2,2,79,70,300,600,4,5
992,,,6,1,2,3,7,31,420,540,1,5
993,,,3,2,2,2,90,20,60,180,1,5
994,,,6,2,2,1,48,24,420,540,4,5
995,,,15,1,2,3,56,66,300,600,2,5
996,,,8,2,2,2,79,6,420,540,3,5
997,,,7,2,2,2,15,100,60,180,4,5
998,,,5,1,2,2,52,55,420,540,1,5
999,,,13,1,2,1,70,52,300,600,4,5
1000,,,9,2,2,1,20,63,180,300,4,5
1001,,,12,2,2,1,100,4,420,540,3,5
1002,,,10,1,2,1,59,96,420,540,4,5
1003,,,7,2,2,3,41,74,0,300,1,5
1004,,,15,1,2,1,17,2,420,540,1,5
1005,,,3,2,2,2,82,4,0,300,3,5
1006,,,11,1,2,2,0,60,420,540,3,5
1007,,,13,2,2,1,46,89,0,300,2,5
1008,,,11,2,2,2,69,46,420,540,4,5
1009,,,8,2,2,2,58,6,300,600,2,5
1010,,,6,2,2,2,46,25,300,600,1,5
1011,,,9,2,2,3,58,90,60,180,3,5
1012,,,12,1,2,2,18,46,300,600,4,5
1013,,,13,2,2,3,53,7,420,540,3,5
1014,,,12,1,2,3,41,23,420,540,2,5
1015,,,15,2,2,2,18,73,60,180,1,5
1016,,,2,1,2,1,73,95,300,600,3,5
1017,,,16,1,2,2,86,58,420,540,2,5
1018,,,8,2,2,2,20,11,60,180,4,5
1019,,,5,1,2,1,80,4,300,600,1,5
1020,,,8,1,2,2,21,70,300,600,3,5
1021,,,7,2,2,3,80,95,180,300,1,5
1022,,,12,1,2,2,52,44,420,540,2,5
1023,,,7,2,2,2,8,38,420,540,1,5
1024,,,16,2,2,1,20,78,420,540,3,5
1025,,,8,1,2,2,39,3,300,600,3,5
1026,,,8,2,2,1,7,26,300,420,2,5
1027,,,1,1,2,2,49,34,300,600,1,5
1028,,,10,1,2,3,93,85,300,600,3,5
1029,,,8,1,2,3,95,44,300,600,2,5
1030,,,11,1,2,3,46,67,420,540,1,5
1031,,,7,1,2,3,3,71,420,540,4,5
1032,,,10,2,2,2,59,86,420,540,3,5
1033,,,14,2,2,3,75,26,180,300,4,5
1034,,,11,2,2,3,89,85,60,180,4,5
1035,,,8,1,2,3,69,74,420,540,1,5
1036,,,3,1,2,2,46,57,420,540,3,5
1037,,,10,2,2,1,8,60,300,600,2,5
1038,,,3,1,2,1,87,63,420,540,3,5
1039,,,12,1,2,1,79,77,300,600,4,5
1040,,,12,1,2,3,47,40,420,540,1,5
1041,,,17,2,2,3,19,72,300,600,1,5
1042,,,7,2,2,2,55,64,60,180,2,5
1043,,,9,1,2,3,34,47,420,540,1,5
1044,,,12,1,2,2,9,66,420,540,2,5
1045,,,2,1,2,3,87,30,300,600,3,5
1046,,,11,1,2,1,44,55,300,600,4,5
1047,,,9,2,2,3,33,72,0,300,2,5
1048,,,11,2,2,1,70,98,60,180,3,5
1049,,,3,2,2,3,79,86,0,300,3,5
1050,,,11,1,2,3,12,42,300,600,4,5
1051,,,3,2,2,3,28,19,60,180,1,5
1052,,,9,1,2,2,58,83,420,540,4,5
1053,,,9,1,2,3,62,16,300,600,4,5
1054,,,13,1,2,2,2,41,420,540,4,5
1055,,,5,1,2,1,77,63,300,600,2,5
1056,,,5,2,2,3,39,31,300,600,1,5
1057,,,8,2,2,3,17,30,300,420,3,5
1058,,,4,2,2,2,16,61,0,300,4,5
1059,,,4,1,2,1,37,68,420,540,4,5
1060,,,14,2,2,3,84,100,300,600,4,5
1061,,,16,2,2,3,59,6,0,300,3,5
1062,,,7,1,2,3,78,36,420,540,1,5
1063,,,2,2,2,1,27,23,420,540,3,5
1064,,,8,2,2,1,27,31,420,540,3,5
1065,,,5,1,2,2,24,23,300,600,4,5
1066,,,6,1,2,2,79,25,420,540,3,5
1067,,,9,1,2,3,100,12,300,600,2,5
1068,,,3,1,2,1,71,67,300,600,3,5
1069,,,11,2,2,1,46,57,420,540,4,5
1070,,,9,1,2,1,0,9,300,600,1,5
1071,,,9,2,2,3,51,37,60,180,4,5
1072,,,2,1,2,3,97,11,300,600,1,5
1073,,,9,1,2,3,78,33,300,600,2,5
1074,,,9,2,2,1,14,35,60,180,3,5
1075,,,13,2,2,2,48,18,180,300,2,5
1076,,,11,1,2,3,60,91,420,540,2,5
1077,,,2,2,2,2,81,7,180,300,2,5
1078,,,12,2,2,1,82,28,180,300,4,5
1079,,,10,1,2,1,67,39,300,600,3,5
1080,,,13,1,2,1,29,49,300,600,4,5
1081,,,15,2,2,3,67,29,420,540,2,5
1082,,,12,2,2,1,91,98,180,300,3,5
1083,,,6,1,2,1,56,25,300,600,4,5
1084,,,12,1,2,2,22,23,420,540,3,5
1085,,,7,2,2,3,99,57,180,300,3,5
1086,,,7,1,2,1,61,1,300,600,1,5
1087,,,7,2,2,2,11,32,60,180,2,5
1088,,,5,1,2,3,16,58,300,600,3,5
1089,,,11,2,2,1,43,11,0,300,4,5
1090,,,14,1,2,3,49,39,420,540,1,5
1091,,,12,2,2,3,59,71,420,540,2,5
1092,,,9,2,2,2,8,58,420,540,2,5
1093,,,12,1,2,2,52,63,420,540,3,5
1094,,,9,1,2,1,98,71,300,600,3,5
1095,,,11,1,2,1,10,62,300,600,3,5
1096,,,7,1,2,3,22,51,300,600,4,5
1097,,,13,1,2,3,67,90,420,540,2,5
1098,,,13,1,2,3,62,72,300,600,4,5
1099,,,6,2,2,2,27,7,0,300,1,5
1100,,,11,1,2,2,35,46,300,600,1,5
1101,,,4,2,2,2,43,39,420,540,4,5
1102,,,8,2,2,3,26,76,60,180,3,5
1103,,,5,2,2,2,66,46,60,180,3,5
1104,,,15,1,2,3,31,100,420,540,2,5
1105,,,15,2,2,1,59,51,180,300,3,5
1106,,,13,2,2,1,3,83,0,300,2,5
1107,,,14,1,2,2,18,49,300,600,4,5
1108,,,15,1,2,2,22,57,300,600,1,5
1109,,,10,1,2,3,99,23,300,600,3,5
1110,,,4,1,2,3,32,63,300,600,3,5
1111,,,10,1,2,2,49,58,300,600,1,5
1112,,,15,2,2,2,93,82,60,180,1,5
1113,,,14,1,2,2,14,73,420,540,2,5
1114,,,7,1,2,3,51,64,420,540,1,5
1115,,,10,2,2,2,89,41,420,540,4,5
1116,,,5,2,2,2,34,83,300,420,3,5
1117,,,4,1,2,1,98,61,420,540,1,5
1118,,,12,1,2,2,87,10,300,600,2,5
1119,,,14,1,2,2,46,33,300,600,3,5
1120,,,9,1,2,1,24,44,300,600,3,5
1121,,,6,1,2,1,17,47,420,540,1,5
1122,,,2,1,2,2,10,13,300,600,3,5
1123,,,16,2,2,1,58,79,0,300,1,5
1124,,,4,2,2,3,26,37,0,300,4,5
1125,,,11,1,2,3,30,76,420,540,2,5
1126,,,9,1,2,2,97,96,420,540,2,5
1127,,,8,2,2,3,75,10,180,300,2,5
1128,,,11,2,2,3,58,87,300,600,1,5
1129,,,10,1,2,1,70,62,420,540,1,5
1130,,,4,2,2,1,69,44,420,540,2,5
1131,,,14,2,2,3,99,96,300,600,1,5
1132,,,14,1,2,3,43,52,300,600,1,5
1133,,,13,2,2,1,76,68,420,540,1,5
1134,,,12,2,2,3,59,17,420,540,4,5
1135,,,11,1,2,2,62,1,300,600,2,5
1136,,,4,1,2,2,55,68,420,540,1,5
1137,,,10,1,2,2,42,76,300,600,1,5
1138,,,9,2,2,2,88,17,180,300,4,5
1139,,,5,1,2,2,14,23,420,540,3,5
1140,,,14,1,2,3,18,23,420,540,4,5
1141,,,13,2,2,3,97,8,180,300,4,5
1142,,,15,1,2,2,4,29,420,540,1,5
1143,,,9,2,2,3,26,50,0,300,4,5
1144,,,5,2,2,2,59,67,60,180,2,5
1145,,,8,1,2,1,70,41,420,540,1,5
1146,,,5,2,2,3,47,21,180,300,1,5
1147,,,8,2,2,1,69,90,60,180,3,5
1148,,,9,2,2,1,88,16,300,600,2,5
1149,,,7,2,2,2,34,32,420,540,1,5
1150,,,16,2,2,1,78,38,420,540,1,5
1151,,,3,1,2,2,63,21,420,540,4,5
1152,,,7,2,2,2,43,52,420,540,1,5
1153,,,2,1,2,1,60,76,300,600,2,5
1154,,,12,1,2,3,67,58,420,540,4,5
1155,,,11,1,2,2,96,25,300,600,3,5
1156,,,4,2,2,1,86,40,0,300,4,5
1157,,,13,1,2,1,19,28,300,600,4,5
1158,,,15,1,2,2,52,90,300,600,2,5
1159,,,9,1,2,2,26,69,420,540,3,5
1160,,,15,1,2,3,18,64,300,600,2,5
1161,,,11,1,2,3,93,67,420,540,2,5
1162,,,4,2,2,2,66,94,0,300,3,5
1163,,,13,2,2,2,30,24,60,180,1,5
1164,,,5,1,2,3,7,16,300,600,4,5
1165,,,8,1,2,3,19,70,420,540,1,5
1166,,,12,1,2,3,6,69,420,540,2,5
1167,,,13,2,2,3,83,90,300,420,2,5
1168,,,15,1,2,3,81,1,420,540,2,5
1169,,,8,2,2,1,96,24,420,540,1,5
1170,,,5,2,2,2,6,91,180,300,3,5
1171,,,14,2,2,1,66,21,0,300,3,5
1172,,,10,1,2,3,54,58,300,600,3,5
1173,,,14,2,2,3,87,20,0,300,1,5
1174,,,2,2,2,2,39,57,180,300,4,5
1175,,,3,1,2,2,38,87,300,600,2,5
1176,,,8,1,2,3,77,83,420,540,3,5
1177,,,6,2,2,1,93,39,0,300,2,5
1178,,,4,1,2,2,74,30,300,600,3,5
1179,,,10,2,2,1,76,29,300,600,3,5
1180,,,11,1,2,3,82,46,420,540,3,5
1181,,,11,2,2,3,83,83,60,180,2,5
1182,,,2,2,2,2,96,78,420,540,3,5
1183,,,3,1,2,2,37,55,300,600,2,5
1184,,,4,2,2,2,74,18,60,180,2,5
1185,,,2,2,2,2,22,11,420,540,1,5
1186,,,10,2,2,3,45,23,180,300,3,5
1187,,,15,1,2,3,63,2,300,600,4,5
1188,,,15,1,2,2,89,28,300,600,1,5
1189,,,4,2,2,1,51,74,180,300,4,5
1190,,,4,2,2,3,5,71,420,540,1,5
1191,,,14,2,2,1,57,42,60,180,4,5
1192,,,9,2,2,3,95,63,300,600,1,5
1193,,,7,1,2,2,22,35,420,540,1,5
1194,,,3,1,2,3,5,5,420,540,1,5
1195,,,1,1,2,1,49,56,300,600,4,5
1196,,,8,1,2,3,19,18,300,600,4,5
1197,,,14,1,2,2,38,61,420,540,2,5
1198,,,4,2,2,1,72,62,180,300,1,5
1199,,,3,2,2,3,42,97,60,180,4,5
1200,,,9,2,2,2,49,33,420,540,2,5
1201,,,2,1,2,1,52,2,300,600,3,5
1202,,,12,2,2,3,0,91,180,300,3,5
1203,,,3,2,2,2,36,64,0,300,2,5
1204,,,10,2,2,1,67,74,420,540,2,5
1205,,,4,1,2,3,3,2,300,600,3,5
1206,,,11,2,2,1,95,0,300,600,2,5
1207,,,12,1,2,1,38,75,300,600,1,5
1208,,,11,2,2,3,70,75,180,300,4,5
1209,,,10,1,2,1,67,18,300,600,4,5
1210,,,9,2,2,2,55,24,0,300,4,5
1211,,,4,1,2,2,7,73,300,600,3,5
1212,,,2,1,2,3,42,76,420,540,3,5
1213,,,5,1,2,3,54,40,420,540,4,5
1214,,,13,1,2,2,43,95,420,540,3,5
1215,,,4,2,2,3,30,92,60,180,4,5
1216,,,4,2,2,2,8,90,60,180,3,5
1217,,,15,2,2,2,30,20,300,600,2,5
1218,,,15,1,2,2,42,59,300,600,3,5
1219,,,4,2,2,2,18,44,420,540,3,5
1220,,,9,1,2,2,16,95,300,600,4,5
1221,,,4,2,2,2,7,35,420,540,4,5
1222,,,11,2,2,2,64,73,300,600,4,5
1223,,,2,1,2,2,36,11,300,600,4,5
1224,,,3,1,2,1,39,23,300,600,1,5
1225,,,10,2,2,3,63,86,420,540,1,5
1226,,,9,1,2,2,26,66,300,600,2,5
1227,,,11,1,2,1,1,15,300,600,4,5
1228,,,12,2,2,3,90,50,420,540,2,5
1229,,,14,1,2,3,87,28,420,540,3,5
1230,,,16,2,2,3,8,8,420,540,1,5
1231,,,9,1,2,3,58,7,300,600,1,5
1232,,,6,2,2,2,92,51,60,180,3,5
1233,,,6,2,2,1,62,81,300,420,2,5
1234,,,10,2,2,1,0,10,300,600,4,5
1235,,,12,2,2,1,92,46,60,180,2,5
1236,,,15,2,2,2,42,68,300,600,1,5
1237,,,2,2,2,2,25,23,60,180,2,5
1238,,,6,2,2,2,79,46,420,540,3,5
1239,,,8,2,2,1,84,19,420,540,3,5
1240,,,4,2,2,1,92,45,180,300,4,5
1241,,,12,2,2,2,75,65,300,600,3,5
1242,,,5,1,2,3,81,60,420,540,1,5
1243,,,12,1,2,1,73,45,300,600,4,5
1244,,,14,2,2,1,49,1,420,540,1,5
1245,,,15,2,2,2,65,38,0,300,4,5
1246,,,5,2,2,3,28,18,60,180,2,5
1247,,,12,2,2,2,78,90,300,420,4,5
1248,,,16,2,2,1,55,55,300,600,4,5
1249,,,11,2,2,1,26,48,180,300,4,5
1250,,,4,2,2,1,22,76,300,420,1,5
1251,,,5,2,2,2,84,62,420,540,2,5
1252,,,4,1,2,3,72,77,300,600,1,5
1253,,,8,2,2,2,98,58,0,300,4,5
1254,,,15,2,2,1,63,55,420,540,3,5
1255,,,13,1,2,2,69,74,300,600,1,5
1256,,,13,1,2,3,20,83,300,600,4,5
1257,,,11,2,2,2,89,33,60,180,4,5
1258,,,2,1,2,2,47,35,300,600,4,5
1259,,,3,1,2,3,85,52,300,600,2,5
1260,,,4,1,2,1,97,22,300,600,3,5
1261,,,4,2,2,3,92,33,420,540,4,5
1262,,,12,2,2,3,50,35,0,300,2,5
1263,,,13,2,2,3,66,19,420,540,1,5
1264,,,5,2,2,1,77,40,180,300,3,5
1265,,,15,1,2,3,57,66,420,540,3,5
1266,,,4,1,2,3,38,44,300,600,1,5
1267,,,12,2,2,1,71,31,0,300,2,5
1268,,,10,1,2,3,96,19,420,540,1,5
1269,,,12,1,2,3,73,17,300,600,1,5
1270,,,8,2,2,3,87,9,60,180,3,5
1271,,,11,1,2,2,12,54,300,600,3,5
1272,,,6,1,2,2,59,3,300,600,2,5
1273,,,7,1,2,2,84,59,300,600,2,5
1274,,,5,2,2,2,96,100,60,180,2,5
1275,,,5,2,2,1,66,60,60,180,4,5
1276,,,5,1,2,2,52,16,300,600,3,5
1277,,,13,2,2,1,35,27,0,300,2,5
1278,,,5,2,2,3,68,4,420,540,3,5
1279,,,6,1,2,2,34,46,420,540,2,5
1280,,,13,1,2,3,23,15,300,600,4,5
1281,,,7,2,2,1,4,61,0,300,1,5
1282,,,2,2,2,1,40,15,300,420,4,5
1283,,,8,1,2,1,56,13,300,600,1,5
1284,,,7,2,2,3,0,93,180,300,3,5
1285,,,2,2,2,3,7,51,0,300,4,5
1286,,,8,2,2,1,4,94,0,300,4,5
1287,,,11,2,2,2,97,59,180,300,1,5
1288,,,2,2,2,3,56,38,60,180,3,5
1289,,,9,2,2,1,6,18,0,300,3,5
1290,,,13,2,2,1,49,48,300,600,2,5
1291,,,5,1,2,1,20,14,420,540,4,5
1292,,,11,2,2,1,95,62,300,420,2,5
1293,,,7,1,2,2,76,40,300,600,4,5
1294,,,14,1,2,1,98,21,300,600,4,5
1295,,,10,2,2,1,36,33,300,600,3,5
1296,,,8,2,2,1,28,29,300,600,4,5
1297,,,1,1,2,1,57,6,300,600,3,5
1298,,,7,1,2,2,56,21,420,540,1,5
1299,,,2,2,2,1,81,37,180,300,3,5
1300,,,3,1,2,2,14,61,420,540,3,5
1301,,,6,2,2,2,95,83,0,300,3,5
1302,,,10,2,2,1,63,96,300,600,4,5
1303,,,13,1,2,3,12,1,300,600,3,5
1304,,,6,1,2,3,17,29,420,540,4,5
1305,,,2,2,2,1,86,65,420,540,3,5
1306,,,6,2,2,3,53,1,180,300,1,5
1307,,,9,2,2,2,80,65,420,540,4,5
1308,,,15,2,2,2,46,52,0,300,2,5
1309,,,9,2,2,3,2,28,420,540,2,5
1310,,,9,1,2,3,14,36,420,540,2,5
1311,,,6,1,2,1,4,51,420,540,4,5
1312,,,7,1,2,1,74,74,420,540,4,5
1313,,,9,2,2,3,75,25,300,420,2,5
1314,,,15,1,2,3,45,53,300,600,1,5
1315,,,9,1,2,2,41,54,300,600,3,5
1316,,,13,2,2,3,100,66,180,300,4,5
1317,,,7,1,2,2,19,42,420,540,4,5
1318,,,6,1,2,2,69,89,300,600,3,5
1319,,,2,2,2,1,39,39,180,300,3,5
1320,,,10,2,2,1,64,97,0,300,4,5
1321,,,2,2,2,1,83,45,300,420,4,5
1322,,,5,2,2,2,8,78,300,420,3,5
1323,,,13,1,2,3,69,48,300,600,3,5
1324,,,15,2,2,2,93,100,300,600,3,5
1325,,,4,1,2,2,65,87,420,540,3,5
1326,,,5,2,2,3,25,23,0,300,4,5
1327,,,6,2,2,3,65,31,300,420,3,5
1328,,,10,1,2,3,27,35,420,540,4,5
1329,,,11,1,2,2,96,32,300,600,4,5
1330,,,7,1,2,2,66,13,420,540,1,5
1331,,,12,1,2,3,84,17,300,600,2,5
1332,,,2,2,2,1,52,49,420,540,4,5
1333,,,8,2,2,2,45,81,420,540,4,5
1334,,,14,1,2,3,61,38,420,540,3,5
1335,,,15,1,2,3,42,42,420,540,1,5
1336,,,11,2,2,3,85,23,0,300,2,5
1337,,,8,1,2,2,89,21,300,600,4,5
1338,,,14,1,2,1,18,27,300,600,1,5
1339,,,3,2,2,3,18,27,60,180,3,5
1340,,,13,2,2,2,30,95,0,300,4,5
1341,,,11,1,2,3,100,42,300,600,1,5
1342,,,2,1,2,1,92,33,420,540,1,5
1343,,,12,1,2,3,95,93,420,540,4,5
1344,,,12,2,2,3,72,66,180,300,1,5
1345,,,11,1,2,2,45,42,420,540,4,5
1346,,,2,1,2,1,31,98,300,600,4,5
1347,,,16,2,2,1,68,21,0,300,1,5
1348,,,3,2,2,3,83,22,300,420,4,5
1349,,,13,2,2,2,88,26,60,180,3,5
1350,,,4,1,2,2,71,22,300,600,3,5
1351,,,12,2,2,3,73,47,0,300,3,5
1352,,,6,2,2,1,26,93,60,180,2,5
1353,,,14,1,2,3,38,10,300,600,3,5
1354,,,13,1,2,1,23,9,420,540,2,5
1355,,,7,1,2,2,43,29,420,540,1,5
1356,,,16,1,2,1,33,42,300,600,3,5
1357,,,10,2,2,2,22,33,180,300,3,5
1358,,,8,2,2,2,49,92,60,180,4,5
1359,,,8,1,2,3,100,61,420,540,3,5
1360,,,5,2,2,1,26,49,420,540,1,5
1361,,,6,2,2,1,88,66,180,300,4,5
1362,,,4,2,2,3,35,47,420,540,1,5
1363,,,11,2,2,1,83,27,0,300,4,5
1364,,,10,2,2,3,65,32,420,540,1,5
1365,,,11,1,2,1,46,66,420,540,2,5
1366,,,3,2,2,2,73,53,420,540,3,5
1367,,,6,1,2,3,54,5,420,540,2,5
1368,,,7,2,2,3,96,43,420,540,1,5
1369,,,8,1,2,3,47,71,420,540,3,5
1370,,,9,2,2,2,53,14,420,540,3,5
1371,,,15,2,2,1,20,0,60,180,4,5
1372,,,13,1,2,2,39,38,300,600,2,5
1373,,,8,1,2,1,57,82,420,540,3,5
1374,,,5,2,2,1,66,62,300,600,3,5
1375,,,8,2,2,3,20,25,420,540,2,5
1376,,,5,2,2,1,53,13,420,540,2,5
1377,,,10,2,2,3,46,23,180,300,1,5
1378,,,15,1,2,1,64,99,420,540,4,5
1379,,,6,1,2,2,49,90,420,540,1,5
1380,,,7,1,2,2,50,30,300,600,3,5
1381,,,12,1,2,2,19,61,420,540,1,5
1382,,,12,1,2,2,51,45,420,540,4,5
1383,,,10,2,2,3,30,82,0,300,2,5
1384,,,14,1,2,3,94,84,420,540,2,5
1385,,,2,2,2,3,29,83,60,180,1,5
1386,,,8,1,2,2,86,2,420,540,1,5
1387,,,8,2,2,1,57,11,180,300,3,5
1388,,,6,1,2,3,78,30,420,540,2,5
1389,,,3,1,2,3,69,18,420,540,2,5
1390,,,7,2,2,2,62,95,300,600,3,5
1391,,,13,1,2,2,1,24,300,600,2,5
1392,,,4,2,2,2,26,11,420,540,3,5
1393,,,9,2,2,2,48,84,180,300,1,5
1394,,,8,2,2,1,56,88,0,300,2,5
1395,,,9,1,2,3,59,9,420,540,2,5
1396,,,8,1,2,3,86,28,300,600,3,5
1397,,,5,2,2,2,20,97,60,180,2,5
1398,,,10,2,2,1,76,85,60,180,1,5
1399,,,13,2,2,3,78,100,300,420,2,5
1400,,,9,1,2,2,16,39,300,600,4,5
1401,,,5,1,2,1,52,60,420,540,4,5
1402,,,7,1,2,3,58,64,300,600,1,5
1403,,,7,2,2,3,81,54,300,600,4,5
1404,,,13,2,2,3,93,51,300,600,1,5
1405,,,8,1,2,3,70,8,420,540,3,5
1406,,,4,1,2,2,23,7,420,540,4,5
1407,,,2,1,2,3,72,70,300,600,4,5
1408,,,14,1,2,1,87,13,300,600,3,5
1409,,,15,2,2,1,31,89,300,600,4,5
1410,,,15,2,2,2,11,1,420,540,1,5
1411,,,9,1,2,3,2,30,300,600,1,5
1412,,,7,2,2,1,17,31,60,180,1,5
1413,,,6,2,2,1,41,75,420,540,1,5
1414,,,13,1,2,1,7,4,300,600,1,5
1415,,,4,1,2,1,68,69,420,540,4,5
1416,,,7,2,2,3,46,0,420,540,2,5
1417,,,7,2,2,2,13,41,60,180,2,5
1418,,,7,2,2,1,89,63,180,300,2,5
1419,,,2,2,2,2,88,58,180,300,2,5
1420,,,7,1,2,1,84,90,420,540,1,5
1421,,,10,2,2,1,18,52,60,180,4,5
1422,,,5,1,2,1,74,21,420,540,3,5
1423,,,5,2,2,1,60,53,420,540,3,5
1424,,,12,2,2,2,53,12,420,540,1,5
1425,,,5,2,2,3,92,60,300,420,2,5
1426,,,11,2,2,2,2,16,180,300,2,5
1427,,,9,1,2,1,0,16,300,600,3,5
1428,,,3,1,2,2,29,53,420,540,4,5
1429,,,3,2,2,2,78,44,60,180,4,5
1430,,,3,2,2,3,95,54,300,600,2,5
1431,,,2,2,2,1,82,34,0,300,4,5
1432,,,5,2,2,2,42,89,420,540,1,5
1433,,,8,2,2,2,2,29,60,180,3,5
1434,,,8,1,2,2,81,13,300,600,2,5
1435,,,12,1,2,2,73,36,420,540,3,5
1436,,,11,1,2,1,24,74,420,540,4,5
1437,,,15,2,2,3,35,53,60,180,3,5
1438,,,8,2,2,2,50,36,420,540,4,5
1439,,,14,2,2,2,58,72,0,300,2,5
1440,,,5,1,2,2,0,12,420,540,4,5
1441,,,4,2,2,2,24,4,0,300,2,5
1442,,,11,1,2,2,5,87,300,600,1,5
1443,,,3,2,2,3,66,92,60,180,1,5
1444,,,3,2,2,2,86,92,0,300,1,5
1445,,,11,1,2,3,93,4,420,540,3,5
1446,,,10,1,2,1,74,74,300,600,1,5
1447,,,13,2,2,3,16,27,60,180,4,5
1448,,,11,2,2,2,99,16,300,600,3,5
1449,,,4,1,2,1,45,4,420,540,2,5
1450,,,13,1,2,1,47,36,420,540,2,5
1451,,,6,1,2,3,68,25,300,600,2,5
1452,,,13,1,2,1,87,35,300,600,2,5
1453,,,6,1,2,3,20,91,420,540,1,5
1454,,,4,2,2,3,71,47,180,300,3,5
1455,,,3,2,2,2,0,70,420,540,3,5
1456,,,12,1,2,2,36,61,420,540,1,5
1457,,,7,1,2,1,33,85,420,540,4,5
1458,,,10,2,2,1,62,96,420,540,4,5
1459,,,13,1,2,2,46,88,300,600,2,5
1460,,,5,1,2,1,74,84,420,540,2,5
1461,,,6,1,2,2,36,67,420,540,4,5
1462,,,8,1,2,2,98,90,420,540,1,5
1463,,,7,1,2,3,38,71,300,600,2,5
1464,,,15,1,2,2,46,80,420,540,2,5
1465,,,8,2,2,1,77,53,0,300,1,5
1466,,,5,1,2,3,32,93,300,600,1,5
1467,,,4,1,2,3,6,75,420,540,3,5
1468,,,8,2,2,2,29,58,60,180,2,5
1469,,,8,2,2,3,19,46,60,180,2,5
1470,,,12,1,2,3,31,82,420,540,2,5
1471,,,8,2,2,1,2,51,0,300,4,5
1472,,,12,1,2,3,90,44,420,540,4,5
1473,,,5,2,2,2,93,52,420,540,2,5
1474,,,9,2,2,3,74,83,0,300,3,5
1475,,,4,2,2,3,9,16,420,540,2,5
1476,,,9,2,2,2,74,61,420,540,4,5
1477,,,12,2,2,3,52,39,0,300,4,5
1478,,,15,1,2,1,74,10,420,540,4,5
1479,,,10,2,2,1,97,26,0,300,2,5
1480,,,4,2,2,2,65,99,60,180,2,5
1481,,,14,1,2,3,81,88,300,600,2,5
1482,,,14,1,2,1,13,51,300,600,2,5
1483,,,8,1,2,2,100,34,300,600,3,5
1484,,,12,2,2,2,29,23,300,420,4,5
1485,,,13,1,2,3,51,57,420,540,3,5
1486,,,13,2,2,1,64,65,0,300,4,5
1487,,,5,1,2,2,11,45,300,600,2,5
1488,,,8,1,2,1,37,9,420,540,2,5
1489,,,6,2,2,2,47,72,420,540,1,5
1490,,,15,1,2,1,8,2,420,540,3,5
1491,,,12,1,2,3,67,33,420,540,3,5
1492,,,13,1,2,3,71,68,300,600,1,5
1493,,,13,1,2,2,59,49,300,600,4,5
1494,,,2,2,2,1,69,3,180,300,3,5
1495,,,14,1,2,2,27,7,300,600,4,5
1496,,,5,1,2,1,70,11,420,540,4,5
1497,,,2,1,2,1,80,29,420,540,4,5
1498,,,1,1,2,1,4,27,300,600,3,5
1499,,,5,1,2,1,63,40,300,600,4,5
1500,,,9,1,2,2,10,57,300,600,3,5
1501,,,3,2,2,1,64,16,180,300,1,5
1502,,,9,2,2,2,52,6,0,300,3,5
1503,,,12,2,2,2,60,85,300,420,1,5
1504,,,9,2,2,2,52,43,0,300,3,5
1505,,,6,1,2,1,53,5,300,600,2,5
1506,,,5,2,2,3,72,34,180,300,3,5
1507,,,2,1,2,2,18,20,420,540,3,5
1508,,,8,1,2,1,64,8,420,540,1,5
1509,,,4,1,2,2,65,98,300,600,2,5
1510,,,13,2,2,2,93,50,60,180,3,5
1511,,,14,1,2,1,79,89,300,600,4,5
1512,,,7,2,2,1,86,73,0,300,2,5
1513,,,15,2,2,2,46,89,60,180,4,5
1514,,,15,2,2,1,91,40,180,300,3,5
1515,,,1,1,2,2,33,66,300,600,4,5
1516,,,11,1,2,3,66,0,420,540,2,5
1517,,,12,2,2,3,32,96,300,600,3,5
1518,,,7,1,2,2,28,28,420,540,1,5
1519,,,7,2,2,2,24,46,0,300,1,5
1520,,,12,2,2,2,46,92,60,180,2,5
1521,,,11,1,2,2,51,88,420,540,3,5
1522,,,8,2,2,1,72,39,300,600,3,5
1523,,,4,2,2,3,16,35,180,300,1,5
1524,,,12,2,2,3,50,18,60,180,3,5
1525,,,13,2,2,3,98,52,180,300,4,5
1526,,,2,1,2,1,78,31,420,540,4,5
1527,,,7,1,2,3,45,51,300,600,3,5
1528,,,2,2,2,3,20,20,300,600,4,5
1529,,,10,1,2,3,77,74,420,540,1,5
1530,,,8,1,2,3,84,27,300,600,3,5
1531,,,13,2,2,3,0,34,420,540,4,5
1532,,,4,1,2,3,85,61,420,540,3,5
1533,,,15,2,2,3,52,30,0,300,4,5
1534,,,12,1,2,3,39,58,420,540,1,5
1535,,,14,1,2,1,29,71,420,540,2,5
1536,,,10,1,2,3,75,43,300,600,4,5
1537,,,14,1,2,1,71,37,300,600,4,5
1538,,,13,1,2,3,37,60,300,600,4,5
1539,,,5,1,2,2,72,38,300,600,1,5
1540,,,5,1,2,1,53,33,420,540,1,5
1541,,,6,1,2,1,67,29,420,540,4,5
1542,,,14,2,2,1,95,16,180,300,3,5
1543,,,8,2,2,3,91,35,300,420,2,5
1544,,,14,1,2,2,7,31,300,600,1,5
1545,,,10,1,2,3,80,64,420,540,3,5
1546,,,11,2,2,1,94,68,300,420,3,5
1547,,,8,1,2,1,42,8,300,600,3,5
1548,,,10,1,2,3,10,8,420,540,2,5
1549,,,14,2,2,3,96,52,300,420,2,5
1550,,,6,2,2,2,10,45,300,600,2,5
1551,,,6,2,2,3,64,35,420,540,2,5
1552,,,12,1,2,1,100,77,420,540,4,5
1553,,,10,2,2,3,79,94,180,300,3,5
1554,,,14,1,2,3,23,49,420,540,4,5
1555,,,7,2,2,1,70,97,180,300,4,5
1556,,,10,1,2,3,99,66,420,540,1,5
1557,,,5,1,2,2,54,5,300,600,2,5
1558,,,14,2,2,2,27,44,420,540,2,5
1559,,,13,2,2,3,92,40,420,540,2,5
1560,,,13,2,2,2,45,85,60,180,2,5
1561,,,15,2,2,3,11,50,0,300,3,5
1562,,,10,2,2,3,13,28,0,300,1,5
1563,,,9,2,2,1,58,90,60,180,2,5
1564,,,5,2,2,3,45,48,420,540,2,5
1565,,,3,2,2,1,5,10,180,300,1,5
1566,,,4,1,2,3,28,70,300,600,3,5
1567,,,7,2,2,3,99,98,300,420,4,5
1568,,,9,2,2,2,81,30,60,180,1,5
1569,,,15,2,2,3,63,56,0,300,3,5
1570,,,5,2,2,3,99,41,420,540,2,5
1571,,,4,2,2,2,11,70,0,300,2,5
1572,,,11,1,2,2,91,34,300,600,1,5
1573,,,7,2,2,3,97,42,60,180,4,5
1574,,,2,2,2,1,64,99,180,300,1,5
1575,,,14,2,2,2,16,66,0,300,2,5
1576,,,10,2,2,3,87,93,180,300,4,5
1577,,,14,2,2,2,8,91,180,300,1,5
1578,,,7,2,2,1,39,39,420,540,3,5
1579,,,6,2,2,2,20,74,420,540,2,5
1580,,,10,1,2,1,57,74,420,540,3,5
1581,,,6,1,2,1,47,30,420,540,1,5
1582,,,17,2,2,3,74,99,180,300,1,5
1583,,,6,2,2,2,82,16,60,180,1,5
1584,,,10,1,2,1,45,22,420,540,3,5
1585,,,12,2,2,2,62,78,60,180,2,5
1586,,,8,1,2,2,57,13,300,600,1,5
1587,,,8,2,2,2,44,53,420,540,2,5
1588,,,9,1,2,3,21,79,420,540,4,5
1589,,,6,2,2,2,30,98,300,600,3,5
1590,,,15,2,2,3,83,38,180,300,4,5
1591,,,3,1,2,2,55,44,420,540,4,5
1592,,,9,1,2,2,30,60,420,540,2,5
1593,,,11,1,2,2,26,56,420,540,3,5
1594,,,4,2,2,1,51,20,180,300,4,5
1595,,,2,2,2,3,7,45,0,300,2,5
1596,,,3,2,2,1,44,72,300,420,1,5
1597,,,11,1,2,3,94,32,420,540,3,5
1598,,,13,2,2,3,89,30,0,300,1,5
1599,,,11,1,2,3,47,97,420,540,4,5
1600,,,11,2,2,1,46,45,420,540,2,5
1601,,,11,2,2,1,67,40,420,540,2,5
1602,,,9,1,2,1,51,0,300,600,3,5
1603,,,11,2,2,3,78,44,420,540,3,5
1604,,,9,2,2,3,18,81,420,540,2,5
1605,,,4,1,2,2,0,65,300,600,4,5
1606,,,15,2,2,3,87,51,60,180,2,5
1607,,,7,2,2,1,47,68,0,300,2,5
1608,,,14,2,2,2,40,50,180,300,3,5
1609,,,11,1,2,2,3,68,420,540,1,5
1610,,,8,1,2,3,21,75,300,600,1,5
1611,,,12,2,2,2,84,1,60,180,3,5
1612,,,5,2,2,3,62,70,300,600,1,5
1613,,,16,2,2,1,52,32,300,420,4,5
1614,,,9,1,2,1,54,64,300,600,1,5
1615,,,5,2,2,2,70,55,300,600,2,5
1616,,,1,1,2,3,90,39,300,600,4,5
1617,,,10,1,2,2,16,52,300,600,2,5
1618,,,10,2,2,1,30,86,60,180,4,5
1619,,,2,1,2,1,90,76,300,600,2,5
1620,,,7,1,2,3,80,42,420,540,1,5
1621,,,11,2,2,1,4,74,300,600,1,5
1622,,,4,1,2,3,93,12,420,540,4,5
1623,,,10,1,2,1,99,27,420,540,2,5
1624,,,13,1,2,2,80,82,420,540,4,5
1625,,,12,1,2,3,99,61,420,540,4,5
1626,,,14,1,2,1,40,80,300,600,4,5
1627,,,8,1,2,1,46,92,300,600,2,5
1628,,,3,1,2,1,100,60,300,600,4,5
1629,,,5,1,2,1,62,61,420,540,3,5
1630,,,12,2,2,1,52,84,0,300,4,5
1631,,,7,2,2,3,5,67,60,180,2,5
1632,,,2,1,2,3,91,90,420,540,2,5
1633,,,5,2,2,3,78,36,420,540,2,5
1634,,,11,1,2,3,83,8,420,540,4,5
1635,,,10,1,2,3,56,69,300,600,1,5
1636,,,15,1,2,2,89,28,300,600,1,5
1637,,,15,2,2,2,65,36,180,300,1,5
1638,,,8,1,2,2,96,4,420,540,4,5
1639,,,8,1,2,1,96,18,300,600,3,5
1640,,,8,2,2,3,28,42,60,180,4,5
1641,,,10,2,2,1,82,43,300,600,1,5
1642,,,11,2,2,3,25,37,420,540,3,5
1643,,,14,2,2,3,37,92,60,180,1,5
1644,,,5,1,2,3,25,40,420,540,1,5
1645,,,9,2,2,2,58,77,180,300,4,5
1646,,,16,2,2,1,72,58,300,420,4,5
1647,,,12,2,2,1,51,21,300,420,2,5
1648,,,5,2,2,1,94,42,300,600,1,5
1649,,,13,2,2,2,27,48,180,300,1,5
1650,,,6,2,2,1,97,14,0,300,3,5
1651,,,10,1,2,3,73,37,420,540,4,5
1652,,,7,1,2,2,9,60,300,600,4,5
1653,,,11,1,2,1,94,84,420,540,4,5
1654,,,14,1,2,1,17,51,300,600,3,5
1655,,,7,2,2,2,13,70,420,540,4,5
1656,,,12,1,2,3,86,4,300,600,1,5
1657,,,6,2,2,2,100,72,300,420,4,5
1658,,,10,2,2,1,15,44,180,300,1,5
1659,,,8,1,2,2,75,10,300,600,2,5
1660,,,7,2,2,2,15,19,420,540,1,5
1661,,,5,2,2,2,61,59,0,300,3,5
1662,,,11,1,2,1,44,48,300,600,1,5
1663,,,10,1,2,2,21,72,300,600,4,5
1664,,,14,1,2,1,92,91,420,540,1,5
1665,,,13,1,2,2,50,45,420,540,3,5
1666,,,10,2,2,1,76,33,180,300,1,5
1667,,,7,2,2,3,2,12,60,180,2,5
1668,,,13,1,2,2,64,77,420,540,2,5
1669,,,9,1,2,3,70,42,300,600,1,5
1670,,,7,2,2,1,9,28,300,600,3,5
1671,,,6,1,2,1,21,74,420,540,4,5
1672,,,5,2,2,2,73,26,300,420,4,5
1673,,,8,2,2,1,12,69,0,300,4,5
1674,,,12,1,2,1,26,85,300,600,4,5
1675,,,12,2,2,3,46,45,0,300,3,5
1676,,,11,2,2,1,0,55,0,300,3,5
1677,,,6,2,2,1,30,13,300,420,1,5
1678,,,10,2,2,1,0,20,300,420,4,5
1679,,,2,1,2,2,5,100,420,540,3,5
1680,,,11,2,2,1,66,55,300,600,3,5
1681,,,11,2,2,1,18,9,0,300,4,5
1682,,,2,1,2,3,56,81,300,600,3,5
1683,,,2,2,2,3,8,97,60,180,1,5
1684,,,6,2,2,3,92,63,420,540,2,5
1685,,,2,2,2,1,20,25,180,300,1,5
1686,,,10,1,2,1,22,64,420,540,4,5
1687,,,12,1,2,3,41,24,300,600,3,5
1688,,,14,1,2,3,4,38,420,540,3,5
1689,,,15,1,2,1,95,63,300,600,1,5
1690,,,13,1,2,1,87,18,300,600,2,5
1691,,,4,1,2,1,36,68,420,540,3,5
1692,,,2,1,2,1,57,96,420,540,1,5
1693,,,11,1,2,2,83,53,300,600,3,5
1694,,,10,1,2,2,5,73,300,600,2,5
1695,,,13,1,2,3,60,18,300,600,2,5
1696,,,7,2,2,2,18,34,60,180,2,5
1697,,,10,2,2,3,30,97,0,300,1,5
1698,,,9,2,2,3,35,94,60,180,3,5
1699,,,8,1,2,1,37,56,300,600,3,5
1700,,,6,1,2,2,59,100,300,600,3,5
1701,,,7,1,2,1,31,79,420,540,4,5
1702,,,7,1,2,1,36,87,420,540,1,5
1703,,,2,2,2,2,59,21,60,180,4,5
1704,,,5,1,2,2,69,80,300,600,1,5
1705,,,14,2,2,1,41,31,180,300,1,5
1706,,,11,1,2,2,16,34,420,540,1,5
1707,,,6,2,2,2,2,67,60,180,4,5
1708,,,11,1,2,1,20,62,300,600,3,5
1709,,,7,1,2,1,99,58,420,540,2,5
1710,,,13,1,2,2,5,10,420,540,4,5
1711,,,7,1,2,2,68,64,420,540,1,5
1712,,,3,2,2,1,97,92,420,540,3,5
1713,,,13,1,2,1,14,54,420,540,2,5
1714,,,11,2,2,3,54,64,420,540,2,5
1715,,,6,1,2,3,69,2,420,540,4,5
1716,,,14,1,2,2,52,25,420,540,3,5
1717,,,12,2,2,2,36,36,180,300,2,5
1718,,,9,1,2,1,39,40,420,540,3,5
1719,,,7,2,2,1,3,0,60,180,2,5
1720,,,12,1,2,2,92,19,420,540,2,5
1721,,,13,2,2,1,59,98,180,300,4,5
1722,,,10,2,2,3,47,76,180,300,3,5
1723,,,10,2,2,3,85,46,180,300,3,5
1724,,,15,2,2,1,27,31,60,180,3,5
1725,,,8,2,2,3,70,31,420,540,2,5
1726,,,6,1,2,2,25,94,300,600,4,5
1727,,,6,2,2,2,78,0,60,180,1,5
1728,,,11,1,2,3,85,88,420,540,1,5
1729,,,4,2,2,2,31,54,0,300,2,5
1730,,,10,2,2,3,66,0,420,540,4,5
1731,,,4,1,2,3,74,70,300,600,2,5
1732,,,7,1,2,1,61,37,300,600,4,5
1733,,,12,1,2,1,68,29,420,540,2,5
1734,,,16,2,2,2,4,72,420,540,3,5
1735,,,10,1,2,2,22,54,420,540,1,5
1736,,,5,1,2,3,8,76,420,540,3,5
1737,,,9,2,2,3,77,32,420,540,4,5
1738,,,12,1,2,1,43,29,420,540,1,5
1739,,,8,2,2,1,38,2,420,540,1,5
1740,,,12,2,2,1,71,20,60,180,4,5
1741,,,6,1,2,2,69,17,300,600,2,5
1742,,,6,1,2,3,80,3,420,540,1,5
1743,,,14,1,2,1,56,83,300,600,1,5
1744,,,7,2,2,3,20,8,0,300,1,5
1745,,,8,1,2,3,66,47,300,600,3,5
1746,,,10,1,2,2,24,1,300,600,1,5
1747,,,6,1,2,2,40,72,420,540,2,5
1748,,,14,1,2,3,95,68,300,600,2,5
1749,,,16,1,2,2,1,18,300,600,4,5
1750,,,7,2,2,3,98,15,60,180,2,5
1751,,,13,1,2,3,43,11,300,600,2,5
1752,,,3,2,2,2,81,36,420,540,1,5
1753,,,7,1,2,3,10,82,300,600,3,5
1754,,,6,2,2,1,59,0,0,300,2,5
1755,,,4,2,2,1,49,5,0,300,2,5
1756,,,10,2,2,3,65,90,420,540,4,5
1757,,,8,2,2,2,73,23,300,600,1,5
1758,,,5,1,2,1,29,57,420,540,2,5
1759,,,7,2,2,1,48,36,180,300,2,5
1760,,,11,1,2,3,49,56,420,540,2,5
1761,,,2,1,2,1,39,85,300,600,2,5
1762,,,14,2,2,2,32,99,0,300,2,5
1763,,,10,1,2,1,49,20,420,540,1,5
1764,,,4,2,2,3,4,86,0,300,1,5
1765,,,13,2,2,1,86,41,60,180,2,5
1766,,,6,2,2,1,14,2,180,300,2,5
1767,,,10,2,2,1,70,69,300,420,4,5
1768,,,4,1,2,2,30,46,420,540,4,5
1769,,,5,2,2,3,61,36,300,420,4,5
1770,,,14,1,2,1,69,88,300,600,3,5
1771,,,2,1,2,2,60,84,420,540,4,5
1772,,,10,2,2,2,25,75,180,300,3,5
1773,,,10,1,2,2,41,8,300,600,1,5
1774,,,13,1,2,3,90,35,420,540,2,5
1775,,,13,1,2,2,75,38,420,540,1,5
1776,,,14,2,2,2,27,2,420,540,3,5
1777,,,15,2,2,1,35,33,180,300,2,5
1778,,,10,2,2,2,11,48,300,600,3,5
1779,,,13,1,2,2,65,37,300,600,2,5
1780,,,11,1,2,3,41,28,300,600,2,5
1781,,,4,2,2,2,32,12,300,420,1,5
1782,,,13,2,2,1,49,16,420,540,1,5
1783,,,15,1,2,2,66,71,300,600,2,5
1784,,,2,2,2,1,35,81,180,300,4,5
1785,,,6,1,2,2,25,65,300,600,4,5
1786,,,3,2,2,1,64,99,0,300,4,5
1787,,,8,1,2,2,95,38,420,540,1,5
1788,,,5,2,2,2,91,56,0,300,1,5
1789,,,11,1,2,3,38,38,300,600,3,5
1790,,,15,2,2,3,33,86,180,300,2,5
1791,,,13,1,2,2,20,75,420,540,3,5
1792,,,7,1,2,2,25,41,420,540,2,5
1793,,,15,2,2,1,77,98,300,600,1,5
1794,,,6,2,2,3,68,25,420,540,1,5
1795,,,4,1,2,2,32,72,300,600,1,5
1796,,,12,2,2,1,14,89,0,300,4,5
1797,,,8,1,2,1,2,85,300,600,2,5
1798,,,4,1,2,2,41,41,300,600,3,5
1799,,,9,1,2,3,63,6,420,540,4,5
1800,,,10,1,2,2,34,14,300,600,1,5
1801,,,16,2,2,2,64,72,420,540,3,5
1802,,,14,2,2,2,68,49,420,540,4,5
1803,,,6,1,2,2,91,100,300,600,1,5
1804,,,14,1,2,1,51,73,420,540,4,5
1805,,,9,2,2,1,67,21,420,540,2,5
1806,,,7,2,2,3,31,50,0,300,2,5
1807,,,11,2,2,1,84,36,180,300,3,5
1808,,,11,2,2,2,65,28,0,300,4,5
1809,,,7,2,2,2,90,84,300,600,2,5
1810,,,3,2,2,2,60,17,180,300,2,5
1811,,,7,1,2,1,63,80,300,600,4,5
1812,,,6,1,2,2,24,18,300,600,3,5
1813,,,14,1,2,3,90,7,420,540,1,5
1814,,,9,2,2,2,64,75,300,420,2,5
1815,,,6,1,2,2,82,21,300,600,3,5
1816,,,15,2,2,2,91,81,300,600,1,5
1817,,,3,1,2,3,35,48,300,600,2,5
1818,,,5,2,2,2,36,60,0,300,2,5
1819,,,11,2,2,3,67,63,0,300,4,5
1820,,,15,2,2,1,59,50,0,300,2,5
1821,,,9,1,2,3,43,32,300,600,2,5
1822,,,3,1,2,2,72,4,420,540,4,5
1823,,,4,2,2,2,25,43,180,300,4,5
1824,,,5,2,2,1,87,98,0,300,2,5
1825,,,11,1,2,3,15,10,420,540,3,5
1826,,,3,2,2,1,18,59,60,180,3,5
1827,,,15,1,2,2,52,93,420,540,4,5
1828,,,9,1,2,1,74,31,420,540,4,5
1829,,,12,1,2,2,34,49,420,540,1,5
1830,,,9,1,2,1,56,73,420,540,3,5
1831,,,15,1,2,1,24,10,300,600,4,5
1832,,,16,2,2,1,51,23,0,300,2,5
1833,,,9,1,2,3,58,24,420,540,4,5
1834,,,8,1,2,3,89,76,300,600,1,5
1835,,,10,2,2,2,38,13,180,300,4,5
1836,,,13,1,2,1,60,10,300,600,1,5
1837,,,1,1,2,1,97,17,300,600,4,5
1838,,,13,2,2,1,88,27,300,600,1,5
1839,,,8,1,2,2,76,52,420,540,2,5
1840,,,3,2,2,3,35,80,420,540,4,5
1841,,,3,2,2,3,65,70,300,600,1,5
1842,,,15,2,2,3,97,28,180,300,4,5
1843,,,13,1,2,1,82,67,420,540,4,5
1844,,,6,2,2,2,19,32,420,540,2,5
1845,,,5,2,2,3,73,57,420,540,2,5
1846,,,13,1,2,1,31,34,300,600,3,5
1847,,,7,1,2,2,11,24,300,600,3,5
1848,,,2,2,2,3,33,41,300,600,3,5
1849,,,3,1,2,1,80,93,300,600,4,5
1850,,,12,2,2,2,55,10,0,300,3,5
1851,,,8,2,2,1,43,7,420,540,3,5
1852,,,13,1,2,1,69,65,300,600,4,5
1853,,,8,1,2,3,84,44,420,540,3,5
1854,,,7,2,2,3,44,19,60,180,3,5
1855,,,10,2,2,2,21,69,0,300,2,5
1856,,,8,2,2,1,70,43,60,180,2,5
1857,,,9,2,2,1,59,94,0,300,4,5
1858,,,8,2,2,2,93,38,300,420,3,5
1859,,,6,2,2,1,17,36,60,180,3,5
1860,,,16,1,2,1,60,20,300,600,2,5
1861,,,1,1,2,2,99,22,420,540,1,5
1862,,,11,1,2,2,88,51,420,540,4,5
1863,,,4,1,2,1,87,50,420,540,3,5
1864,,,7,1,2,3,41,96,300,600,4,5
1865,,,5,2,2,3,31,11,0,300,2,5
1866,,,16,1,2,3,15,59,420,540,1,5
1867,,,8,1,2,1,36,48,300,600,1,5
1868,,,10,1,2,1,96,60,300,600,3,5
1869,,,13,1,2,3,68,28,300,600,2,5
1870,,,11,2,2,3,51,41,60,180,3,5
1871,,,6,2,2,2,90,0,300,600,1,5
1872,,,7,1,2,1,5,8,300,600,1,5
1873,,,12,2,2,1,81,27,420,540,4,5
1874,,,2,2,2,1,61,31,60,180,3,5
1875,,,3,2,2,3,82,40,180,300,3,5
1876,,,14,1,2,2,76,90,420,540,1,5
1877,,,5,1,2,1,85,27,420,540,2,5
1878,,,9,1,2,3,47,7,420,540,3,5
1879,,,5,2,2,1,59,60,420,540,3,5
1880,,,7,1,2,1,100,62,300,600,4,5
1881,,,13,2,2,1,40,100,420,540,2,5
1882,,,2,2,2,1,35,52,60,180,4,5
1883,,,6,1,2,1,5,61,420,540,1,5
1884,,,7,2,2,2,4,28,420,540,3,5
1885,,,7,1,2,3,47,39,420,540,1,5
1886,,,7,1,2,2,61,93,420,540,1,5
1887,,,4,1,2,3,31,94,420,540,3,5
1888,,,7,1,2,1,64,91,420,540,2,5
1889,,,7,2,2,3,12,72,420,540,2,5
1890,,,3,2,2,3,53,63,180,300,2,5
1891,,,5,1,2,3,9,83,420,540,3,5
1892,,,14,2,2,2,3,68,180,300,2,5
1893,,,8,1,2,2,72,49,300,600,4,5
1894,,,14,2,2,1,58,49,300,420,4,5
1895,,,2,1,2,3,53,59,420,540,2,5
1896,,,11,2,2,1,5,33,300,600,1,5
1897,,,15,1,2,3,84,42,420,540,1,5
1898,,,3,2,2,2,5,85,300,600,1,5
1899,,,13,1,2,1,37,49,300,600,4,5
1900,,,17,2,2,2,3,29,0,300,2,5
1901,,,9,1,2,3,53,23,420,540,3,5
1902,,,12,1,2,1,72,100,420,540,1,5
1903,,,3,1,2,2,49,53,300,600,1,5
1904,,,2,1,2,1,67,74,300,600,1,5
1905,,,10,1,2,1,40,79,300,600,4,5
1906,,,14,2,2,1,22,27,300,600,1,5
1907,,,13,1,2,2,56,11,300,600,2,5
1908,,,10,2,2,2,57,73,300,420,4,5
1909,,,13,1,2,1,70,29,420,540,3,5
1910,,,3,1,2,3,47,52,300,600,3,5
1911,,,9,1,2,1,42,98,420,540,3,5
1912,,,10,1,2,1,67,46,420,540,1,5
1913,,,2,2,2,1,18,0,180,300,3,5
1914,,,7,2,2,3,4,18,60,180,1,5
1915,,,6,2,2,1,7,63,420,540,4,5
1916,,,6,1,2,2,3,67,300,600,4,5
1917,,,5,2,2,3,69,99,180,300,4,5
1918,,,12,1,2,1,82,29,300,600,4,5
1919,,,1,1,2,2,99,83,420,540,4,5
1920,,,13,1,2,2,26,79,300,600,3,5
1921,,,15,2,2,3,24,33,60,180,4,5
1922,,,10,2,2,1,95,36,300,600,2,5
1923,,,9,1,2,2,17,12,300,600,3,5
1924,,,4,1,2,3,59,84,300,600,2,5
1925,,,4,2,2,2,17,47,0,300,2,5
1926,,,13,2,2,1,74,2,60,180,1,5
1927,,,9,1,2,1,43,64,420,540,1,5
1928,,,6,1,2,2,16,34,420,540,3,5
1929,,,5,2,2,3,43,1,60,180,1,5
1930,,,12,1,2,1,83,90,420,540,3,5
1931,,,12,2,2,3,11,22,420,540,4,5
1932,,,13,1,2,2,94,85,420,540,3,5
1933,,,11,1,2,3,83,80,300,600,2,5
1934,,,14,2,2,3,13,61,300,600,1,5
1935,,,10,1,2,3,89,72,420,540,3,5
1936,,,7,2,2,1,80,36,0,300,4,5
1937,,,14,2,2,2,69,9,180,300,4,5
1938,,,8,2,2,2,6,65,60,180,3,5
1939,,,14,2,2,1,82,19,420,540,1,5
1940,,,6,1,2,2,24,99,300,600,4,5
1941,,,2,1,2,2,37,59,420,540,1,5
1942,,,8,2,2,1,37,93,60,180,1,5
1943,,,6,1,2,2,87,21,300,600,4,5
1944,,,3,1,2,3,95,22,420,540,1,5
1945,,,12,2,2,1,12,23,180,300,2,5
1946,,,1,1,2,1,66,32,420,540,1,5
1947,,,7,2,2,2,73,38,420,540,4,5
1948,,,5,1,2,3,100,26,420,540,4,5
1949,,,7,1,2,1,9,32,420,540,1,5
1950,,,5,2,2,1,50,79,420,540,4,5
1951,,,4,1,2,1,96,80,420,540,1,5
1952,,,13,1,2,1,22,18,420,540,4,5
1953,,,8,1,2,2,70,87,300,600,2,5
1954,,,10,2,2,1,73,21,420,540,2,5
1955,,,14,1,2,3,3,17,420,540,3,5
1956,,,16,2,2,1,12,53,60,180,2,5
1957,,,15,2,2,1,19,31,300,420,2,5
1958,,,14,2,2,1,10,90,180,300,1,5
1959,,,3,2,2,1,92,6,0,300,3,5
1960,,,14,2,2,1,13,36,300,420,1,5
1961,,,6,1,2,1,8,96,300,600,4,5
1962,,,12,2,2,1,44,11,0,300,3,5
1963,,,13,1,2,3,65,84,420,540,4,5
1964,,,3,1,2,2,89,12,300,600,3,5
1965,,,11,2,2,1,45,12,300,420,2,5
1966,,,7,1,2,3,57,59,300,600,4,5
1967,,,2,2,2,1,5,69,180,300,4,5
1968,,,6,2,2,1,56,0,180,300,4,5
1969,,,14,1,2,2,77,25,300,600,1,5
1970,,,13,1,2,3,80,30,420,540,1,5
1971,,,8,1,2,1,45,4,420,540,4,5
1972,,,15,2,2,1,93,19,180,300,4,5
1973,,,11,2,2,1,78,39,420,540,1,5
1974,,,10,1,2,3,28,29,300,600,4,5
1975,,,12,1,2,2,3,98,300,600,1,5
1976,,,14,2,2,3,98,59,420,540,2,5
1977,,,2,1,2,1,80,6,300,600,1,5
1978,,,5,2,2,3,83,58,300,600,4,5
1979,,,5,1,2,2,47,7,300,600,2,5
1980,,,11,1,2,2,86,100,300,600,2,5
1981,,,8,1,2,1,16,23,420,540,3,5
1982,,,13,2,2,2,30,22,300,420,1,5
1983,,,7,2,2,3,21,72,0,300,2,5
1984,,,8,1,2,2,65,57,300,600,4,5
1985,,,5,1,2,3,22,69,300,600,2,5
1986,,,14,2,2,2,12,27,180,300,3,5
1987,,,7,2,2,3,63,60,0,300,4,5
1988,,,3,1,2,3,16,27,420,540,2,5
1989,,,8,2,2,1,10,80,300,600,4,5
1990,,,2,2,2,3,69,47,0,300,2,5
1991,,,15,1,2,3,49,17,420,540,1,5
1992,,,13,2,2,3,84,25,180,300,1,5
1993,,,13,1,2,2,7,70,300,600,2,5
1994,,,6,2,2,2,25,83,300,420,2,5
1995,,,16,1,2,1,76,77,420,540,3,5
1996,,,6,1,2,3,59,87,420,540,1,5
1997,,,5,1,2,3,19,57,420,540,4,5
1998,,,4,1,2,1,84,16,300,600,1,5
1999,,,9,2,2,2,35,46,60,180,4,5
2000,,,4,2,2,3,45,21,60,180,3,5
2001,,,5,2,2,3,30,52,60,180,3,5
2002,,,4,1,2,1,37,43,420,540,1,5
2003,,,16,2,2,3,93,43,60,180,2,5
2004,,,14,1,2,3,53,84,420,540,3,5
2005,,,5,1,2,3,9,4,420,540,2,5
2006,,,4,1,2,2,48,39,420,540,2,5
2007,,,9,2,2,1,33,46,180,300,2,5
2008,,,9,2,2,2,46,93,300,600,2,5
2009,,,9,2,2,1,96,33,60,180,3,5
2010,,,4,1,2,3,26,47,300,600,2,5
2011,,,10,1,2,1,88,88,420,540,2,5
2012,,,3,1,2,3,66,33,420,540,1,5
2013,,,12,1,2,2,28,40,420,540,3,5
2014,,,12,2,2,2,89,7,60,180,1,5
2015,,,9,1,2,1,91,49,300,600,1,5
2016,,,15,1,2,2,71,3,420,540,1,5
2017,,,6,2,2,2,96,78,420,540,2,5
2018,,,12,2,2,3,60,18,180,300,4,5
2019,,,12,1,2,2,99,27,300,600,3,5
2020,,,12,1,2,2,1,64,420,540,2,5
2021,,,8,1,2,2,67,97,420,540,3,5
2022,,,12,2,2,3,88,38,0,300,3,5
2023,,,5,2,2,3,59,12,420,540,1,5
2024,,,15,2,2,1,57,37,420,540,1,5
2025,,,13,1,2,2,58,31,300,600,1,5
2026,,,3,2,2,2,34,57,60,180,3,5
2027,,,14,1,2,1,94,67,420,540,3,5
2028,,,10,1,2,2,7,48,420,540,1,5
2029,,,6,1,2,2,81,90,420,540,4,5
2030,,,12,2,2,2,75,98,420,540,1,5
2031,,,13,2,2,2,26,38,180,300,2,5
2032,,,10,2,2,2,24,76,420,540,4,5
2033,,,14,2,2,3,27,1,420,540,2,5
2034,,,14,1,2,2,73,61,420,540,3,5
2035,,,8,2,2,1,18,59,60,180,1,5
2036,,,4,2,2,3,10,32,60,180,2,5
2037,,,7,2,2,3,89,43,420,540,4,5
2038,,,14,2,2,1,68,100,420,540,4,5
2039,,,8,1,2,3,89,98,300,600,3,5
2040,,,12,2,2,2,43,49,300,420,2,5
2041,,,7,1,2,3,92,28,300,600,2,5
2042,,,10,1,2,3,71,56,420,540,2,5
2043,,,5,1,2,3,25,26,300,600,2,5
2044,,,10,2,2,1,60,75,60,180,3,5
2045,,,6,2,2,2,43,60,420,540,4,5
2046,,,3,2,2,2,43,76,180,300,4,5
2047,,,11,1,2,1,79,11,420,540,3,5
2048,,,14,2,2,1,14,71,60,180,3,5
2049,,,8,1,2,3,58,37,420,540,1,5
2050,,,6,2,2,2,76,94,180,300,4,5
2051,,,11,2,2,1,0,12,420,540,1,5
2052,,,5,1,2,3,75,82,300,600,3,5
2053,,,10,2,2,2,86,8,300,600,4,5
2054,,,9,2,2,1,27,60,300,420,1,5
2055,,,11,2,2,1,40,68,300,420,2,5
2056,,,15,1,2,2,1,34,420,540,4,5
2057,,,11,2,2,2,98,3,420,540,4,5
2058,,,10,2,2,3,97,83,0,300,4,5
2059,,,8,2,2,1,66,1,300,600,2,5
2060,,,3,2,2,3,29,79,420,540,3,5
2061,,,2,2,2,2,42,83,300,600,4,5
2062,,,7,2,2,2,83,84,420,540,2,5
2063,,,13,2,2,3,31,96,180,300,4,5
2064,,,12,1,2,3,1,62,420,540,4,5
2065,,,3,1,2,2,92,64,300,600,4,5
2066,,,7,2,2,2,44,100,300,600,2,5
2067,,,3,2,2,2,40,0,300,600,2,5
2068,,,13,1,2,3,3,55,300,600,1,5
2069,,,6,2,2,1,92,77,420,540,3,5
2070,,,4,1,2,2,67,11,420,540,1,5
2071,,,2,1,2,1,9,81,420,540,4,5
2072,,,15,1,2,2,100,29,300,600,1,5
2073,,,5,1,2,3,85,30,420,540,1,5
2074,,,4,1,2,3,94,39,300,600,2,5
2075,,,2,1,2,1,97,90,300,600,4,5
2076,,,12,2,2,2,11,0,300,420,2,5
2077,,,3,2,2,2,20,27,60,180,3,5
2078,,,9,2,2,1,78,23,420,540,2,5
2079,,,11,1,2,3,26,85,420,540,4,5
2080,,,15,2,2,2,26,68,420,540,2,5
2081,,,15,2,2,2,88,14,300,420,2,5
2082,,,15,2,2,3,63,29,60,180,4,5
2083,,,4,1,2,1,89,13,420,540,1,5
2084,,,12,2,2,1,29,37,0,300,3,5
2085,,,11,2,2,3,17,38,300,420,3,5
2086,,,15,1,2,2,9,11,420,540,1,5
2087,,,14,2,2,3,34,44,420,540,2,5
2088,,,17,2,2,1,79,8,300,420,2,5
2089,,,3,1,2,1,72,53,420,540,3,5
2090,,,8,2,2,1,97,93,300,420,4,5
2091,,,15,1,2,2,41,1,420,540,4,5
2092,,,10,2,2,3,44,89,180,300,1,5
2093,,,7,2,2,2,96,9,300,600,4,5
2094,,,6,1,2,3,79,28,300,600,1,5
2095,,,13,1,2,3,35,16,300,600,3,5
2096,,,5,2,2,1,68,52,60,180,4,5
2097,,,12,1,2,1,59,4,420,540,2,5
2098,,,15,2,2,1,87,67,420,540,3,5
2099,,,6,1,2,3,57,40,420,540,2,5
2100,,,11,2,2,2,84,55,180,300,2,5
2101,,,11,2,2,3,28,60,420,540,1,5
2102,,,7,1,2,3,59,82,420,540,1,5
2103,,,6,2,2,3,38,9,60,180,3,5
2104,,,1,1,2,2,89,95,300,600,4,5
2105,,,8,1,2,1,86,29,420,540,3,5
2106,,,5,2,2,2,72,54,300,600,4,5
2107,,,7,1,2,2,72,54,420,540,4,5
2108,,,11,1,2,2,10,10,420,540,3,5
2109,,,9,2,2,3,16,10,0,300,4,5
2110,,,15,2,2,3,96,18,0,300,4,5
2111,,,13,2,2,1,53,99,420,540,4,5
2112,,,10,2,2,2,57,74,0,300,2,5
2113,,,4,1,2,3,43,2,420,540,4,5
2114,,,7,2,2,3,54,53,60,180,4,5
2115,,,4,1,2,3,79,93,420,540,2,5
2116,,,5,2,2,2,93,75,0,300,4,5
2117,,,9,1,2,2,96,8,420,540,3,5
2118,,,3,1,2,3,20,72,420,540,3,5
2119,,,14,2,2,2,15,61,0,300,4,5
2120,,,7,2,2,1,59,66,180,300,4,5
2121,,,6,2,2,3,39,62,0,300,3,5
2122,,,5,1,2,2,75,98,300,600,1,5
2123,,,5,2,2,2,90,80,180,300,1,5
2124,,,3,2,2,3,8,54,300,420,1,5
2125,,,8,2,2,2,40,57,180,300,3,5
2126,,,3,1,2,2,72,12,420,540,4,5
2127,,,8,1,2,2,55,40,300,600,3,5
2128,,,11,2,2,1,0,55,60,180,4,5
2129,,,6,1,2,1,9,33,420,540,3,5
2130,,,10,2,2,3,8,7,60,180,4,5
2131,,,10,1,2,1,100,53,300,600,2,5
2132,,,7,1,2,2,75,90,420,540,3,5
2133,,,5,2,2,2,100,85,300,600,4,5
2134,,,11,2,2,3,66,6,180,300,1,5
2135,,,5,2,2,1,34,64,300,600,4,5
2136,,,10,2,2,3,37,14,180,300,1,5
2137,,,5,2,2,3,92,100,0,300,2,5
2138,,,5,2,2,2,52,38,420,540,3,5
2139,,,10,1,2,2,78,47,420,540,1,5
2140,,,3,1,2,3,32,26,420,540,2,5
2141,,,7,1,2,1,20,75,420,540,1,5
2142,,,7,2,2,3,67,40,0,300,3,5
2143,,,4,2,2,2,61,50,300,600,1,5
2144,,,11,2,2,3,46,66,420,540,3,5
2145,,,11,1,2,1,95,34,300,600,3,5
2146,,,5,1,2,2,23,75,420,540,2,5
2147,,,15,2,2,2,33,2,180,300,4,5
2148,,,3,1,2,3,71,70,300,600,2,5
2149,,,13,2,2,3,73,53,420,540,4,5
2150,,,8,1,2,3,7,1,420,540,2,5
2151,,,9,1,2,1,1,86,300,600,4,5
2152,,,13,1,2,1,59,15,300,600,2,5
2153,,,8,2,2,3,94,64,60,180,4,5
2154,,,4,2,2,3,96,5,300,420,1,5
2155,,,11,1,2,1,26,59,420,540,1,5
2156,,,9,1,2,1,59,97,420,540,3,5
2157,,,10,2,2,2,55,16,180,300,4,5
2158,,,13,2,2,3,29,99,300,420,1,5
2159,,,4,1,2,2,97,80,420,540,2,5
2160,,,13,1,2,2,12,45,420,540,2,5
2161,,,11,1,2,1,60,30,420,540,2,5
2162,,,7,1,2,2,9,39,300,600,4,5
2163,,,4,2,2,2,23,1,180,300,4,5
2164,,,8,1,2,3,20,64,300,600,1,5
2165,,,2,2,2,1,12,62,300,420,2,5
2166,,,7,1,2,2,99,5,300,600,3,5
2167,,,10,1,2,2,79,38,300,600,1,5
2168,,,9,1,2,3,96,40,300,600,3,5
2169,,,12,1,2,2,46,57,420,540,3,5
2170,,,10,2,2,1,49,55,420,540,1,5
2171,,,12,2,2,1,57,76,420,540,3,5
2172,,,7,2,2,1,99,84,60,180,4,5
2173,,,1,1,2,2,41,72,300,600,1,5
2174,,,12,1,2,1,3,76,420,540,1,5
2175,,,10,1,2,2,37,91,420,540,3,5
2176,,,12,1,2,3,35,68,420,540,3,5
2177,,,16,2,2,2,99,53,300,600,1,5
2178,,,2,1,2,2,38,67,300,600,4,5
2179,,,13,1,2,3,7,84,420,540,1,5
2180,,,14,2,2,3,84,35,300,420,1,5
2181,,,7,1,2,2,15,35,420,540,2,5
2182,,,12,1,2,2,38,90,300,600,2,5
2183,,,7,2,2,3,34,75,60,180,3,5
2184,,,13,1,2,1,47,44,420,540,1,5
2185,,,11,2,2,3,11,18,180,300,3,5
2186,,,13,1,2,3,21,45,300,600,4,5
2187,,,10,1,2,2,88,70,300,600,1,5
2188,,,5,1,2,3,64,59,300,600,3,5
2189,,,9,2,2,3,80,39,300,420,1,5
2190,,,13,1,2,2,43,34,420,540,2,5
2191,,,10,1,2,2,49,19,300,600,3,5
2192,,,11,2,2,3,78,16,0,300,3,5
2193,,,13,1,2,1,65,85,300,600,4,5
2194,,,5,2,2,1,88,45,300,600,2,5
2195,,,4,2,2,1,93,88,420,540,4,5
2196,,,13,1,2,1,95,86,300,600,3,5
2197,,,13,2,2,3,78,60,420,540,3,5
2198,,,9,2,2,2,73,17,60,180,4,5
2199,,,12,1,2,1,66,76,420,540,1,5
2200,,,14,1,2,3,30,23,300,600,1,5
2201,,,12,1,2,2,76,28,300,600,3,5
2202,,,15,1,2,2,49,85,420,540,3,5
2203,,,2,2,2,2,87,79,60,180,3,5
2204,,,14,1,2,3,58,76,300,600,1,5
2205,,,6,2,2,1,64,89,420,540,2,5
2206,,,1,1,2,3,43,42,300,600,4,5
2207,,,6,1,2,2,15,33,420,540,3,5
2208,,,11,2,2,2,22,55,180,300,4,5
2209,,,8,1,2,3,36,86,420,540,4,5
2210,,,6,2,2,1,51,22,420,540,1,5
2211,,,6,2,2,3,57,3,0,300,4,5
2212,,,7,1,2,3,38,32,420,540,1,5
2213,,,13,2,2,3,14,54,180,300,4,5
2214,,,13,1,2,2,48,97,420,540,2,5
2215,,,10,1,2,1,55,30,420,540,2,5
2216,,,10,2,2,1,54,39,300,600,1,5
2217,,,9,1,2,2,47,13,420,540,4,5
2218,,,6,2,2,2,39,59,60,180,2,5
2219,,,4,1,2,2,35,63,300,600,3,5
2220,,,5,2,2,2,50,66,60,180,3,5
2221,,,15,2,2,2,85,16,60,180,3,5
2222,,,9,1,2,3,4,58,420,540,1,5
2223,,,2,1,2,2,76,56,420,540,3,5
2224,,,9,2,2,3,92,55,60,180,3,5
2225,,,15,2,2,3,38,98,60,180,4,5
2226,,,11,2,2,2,93,77,180,300,4,5
2227,,,6,2,2,3,28,45,420,540,3,5
2228,,,15,2,2,1,40,47,180,300,2,5
2229,,,12,1,2,2,35,96,300,600,2,5
2230,,,12,2,2,2,65,97,300,420,4,5
2231,,,9,2,2,2,87,46,420,540,2,5
2232,,,7,2,2,3,14,22,180,300,3,5
2233,,,6,2,2,3,33,60,420,540,2,5
2234,,,7,2,2,3,58,74,420,540,1,5
2235,,,15,2,2,1,84,81,300,420,1,5
2236,,,9,2,2,1,38,66,420,540,2,5
2237,,,4,2,2,2,56,44,420,540,1,5
2238,,,10,1,2,3,46,94,300,600,3,5
2239,,,5,1,2,2,25,36,420,540,2,5
2240,,,8,2,2,2,33,46,420,540,1,5
2241,,,13,1,2,3,83,88,300,600,3,5
2242,,,15,2,2,1,14,82,180,300,1,5
2243,,,11,2,2,3,2,81,420,540,4,5
2244,,,3,2,2,3,7,73,300,420,2,5
2245,,,13,2,2,1,76,89,180,300,4,5
2246,,,3,2,2,3,96,60,180,300,1,5
2247,,,9,2,2,1,28,10,0,300,2,5
2248,,,2,2,2,2,30,3,60,180,4,5
2249,,,3,1,2,1,81,82,300,600,1,5
2250,,,4,2,2,3,95,42,180,300,1,5
2251,,,15,1,2,1,74,68,420,540,4,5
2252,,,15,2,2,2,25,65,60,180,2,5
2253,,,14,2,2,2,28,64,300,420,1,5
2254,,,13,2,2,1,11,89,180,300,1,5
2255,,,5,1,2,3,42,23,300,600,3,5
2256,,,13,2,2,2,7,70,420,540,1,5
2257,,,7,2,2,2,65,11,420,540,1,5
2258,,,12,1,2,1,9,11,300,600,1,5
2259,,,6,2,2,2,83,30,60,180,2,5
2260,,,13,1,2,2,37,56,420,540,2,5
2261,,,6,1,2,3,84,33,300,600,4,5
2262,,,10,1,2,1,69,100,420,540,2,5
2263,,,11,1,2,2,55,8,420,540,3,5
2264,,,11,2,2,1,7,57,300,420,2,5
2265,,,13,2,2,2,89,46,300,600,2,5
2266,,,4,2,2,3,31,95,180,300,4,5
2267,,,16,2,2,2,49,89,0,300,1,5
2268,,,12,2,2,2,35,88,420,540,2,5
2269,,,10,1,2,1,57,36,420,540,2,5
2270,,,10,1,2,1,41,20,420,540,2,5
2271,,,13,1,2,2,62,24,300,600,4,5
2272,,,12,2,2,3,53,47,0,300,1,5
2273,,,11,1,2,1,89,7,420,540,2,5
2274,,,2,1,2,2,23,66,420,540,3,5
2275,,,8,1,2,2,8,90,420,540,4,5
2276,,,16,1,2,3,68,87,420,540,2,5
2277,,,13,2,2,1,26,2,420,540,3,5
2278,,,7,1,2,2,59,58,420,540,4,5
2279,,,5,1,2,2,65,42,300,600,3,5
2280,,,13,2,2,1,100,63,60,180,1,5
2281,,,11,2,2,3,95,57,180,300,1,5
2282,,,13,2,2,3,68,52,60,180,4,5
2283,,,9,1,2,3,27,98,300,600,4,5
2284,,,9,2,2,3,3,66,180,300,3,5
2285,,,6,1,2,3,85,74,300,600,2,5
2286,,,3,2,2,1,6,85,180,300,2,5
2287,,,7,2,2,2,61,53,300,600,2,5
2288,,,16,2,2,1,63,33,180,300,1,5
2289,,,5,1,2,3,68,45,420,540,1,5
2290,,,9,2,2,3,13,24,0,300,1,5
2291,,,4,2,2,3,59,87,0,300,3,5
2292,,,13,1,2,1,28,86,300,600,2,5
2293,,,15,2,2,1,36,77,420,540,3,5
2294,,,3,2,2,1,18,85,180,300,1,5
2295,,,8,1,2,2,46,47,420,540,2,5
2296,,,2,2,2,1,1,98,180,300,1,5
2297,,,13,2,2,1,65,97,420,540,2,5
2298,,,8,2,2,2,28,36,0,300,4,5
2299,,,4,1,2,3,62,6,420,540,4,5
2300,,,5,1,2,1,66,57,420,540,2,5
2301,,,3,2,2,2,42,91,300,420,2,5
2302,,,13,1,2,1,74,11,300,600,4,5
2303,,,4,1,2,1,22,95,420,540,4,5
2304,,,6,1,2,3,81,0,300,600,1,5
2305,,,11,2,2,2,12,71,300,420,3,5
2306,,,4,2,2,1,53,52,300,600,4,5
2307,,,9,2,2,1,62,59,60,180,2,5
2308,,,7,1,2,1,9,37,300,600,2,5
2309,,,13,2,2,3,8,94,60,180,1,5
2310,,,8,1,2,2,64,2,420,540,1,5
2311,,,2,1,2,2,0,98,420,540,1,5
2312,,,11,1,2,3,3,72,300,600,4,5
2313,,,8,2,2,1,2,76,180,300,4,5
2314,,,3,1,2,1,40,75,300,600,3,5
2315,,,8,1,2,2,39,42,300,600,3,5
2316,,,4,1,2,3,42,93,300,600,2,5
2317,,,13,2,2,3,50,91,60,180,2,5
2318,,,15,1,2,1,76,26,300,600,3,5
2319,,,13,2,2,2,91,42,180,300,2,5
2320,,,4,1,2,3,100,14,420,540,4,5
2321,,,13,2,2,3,3,28,180,300,1,5
2322,,,10,2,2,2,98,4,180,300,3,5
2323,,,7,2,2,2,35,99,60,180,4,5
2324,,,10,2,2,2,72,1,300,600,2,5
2325,,,16,2,2,2,90,74,300,600,2,5
2326,,,15,1,2,2,60,14,420,540,3,5
2327,,,7,2,2,3,21,60,420,540,3,5
2328,,,13,2,2,1,65,44,300,600,3,5
2329,,,4,2,2,2,6,100,0,300,1,5
2330,,,4,2,2,3,98,97,420,540,3,5
2331,,,10,2,2,1,32,97,420,540,2,5
2332,,,5,2,2,3,7,16,180,300,4,5
2333,,,1,1,2,3,0,64,420,540,4,5
2334,,,14,1,2,2,49,78,420,540,2,5
2335,,,3,2,2,1,23,25,420,540,2,5
2336,,,13,1,2,1,70,24,300,600,2,5
2337,,,12,2,2,1,8,12,0,300,4,5
2338,,,2,1,2,3,2,29,300,600,4,5
2339,,,8,2,2,1,0,87,180,300,2,5
2340,,,9,1,2,2,45,64,300,600,2,5
2341,,,3,2,2,1,24,73,180,300,3,5
2342,,,11,2,2,3,71,48,60,180,4,5
2343,,,12,1,2,2,77,46,300,600,1,5
2344,,,13,2,2,2,53,36,420,540,1,5
2345,,,4,2,2,2,15,59,60,180,3,5
2346,,,8,1,2,2,19,80,300,600,1,5
2347,,,2,2,2,3,58,16,60,180,3,5
2348,,,8,2,2,1,19,75,420,540,4,5
2349,,,3,1,2,1,47,73,300,600,3,5
2350,,,3,2,2,1,7,94,300,600,3,5
2351,,,12,1,2,1,57,79,300,600,2,5
2352,,,3,1,2,2,64,90,420,540,4,5
2353,,,17,2,2,3,82,50,420,540,4,5
2354,,,9,1,2,1,40,21,420,540,2,5
2355,,,12,2,2,1,63,84,0,300,3,5
2356,,,12,1,2,1,81,1,300,600,3,5
2357,,,12,2,2,3,64,3,0,300,4,5
2358,,,14,2,2,1,91,31,300,420,4,5
2359,,,2,1,2,1,90,11,300,600,3,5
2360,,,14,2,2,3,65,70,300,600,1,5
2361,,,11,2,2,2,0,36,180,300,2,5
2362,,,8,1,2,1,44,25,420,540,1,5
2363,,,8,2,2,2,10,64,300,600,3,5
2364,,,5,1,2,3,6,35,420,540,3,5
2365,,,3,2,2,2,22,59,180,300,4,5
2366,,,14,1,2,3,26,38,420,540,3,5
2367,,,4,2,2,1,88,65,420,540,3,5
2368,,,4,2,2,2,68,71,0,300,2,5
2369,,,8,2,2,3,59,3,0,300,1,5
2370,,,13,1,2,3,61,57,300,600,2,5
2371,,,15,2,2,3,79,0,300,600,3,5
2372,,,2,2,2,2,26,92,0,300,4,5
2373,,,10,1,2,1,7,20,420,540,4,5
2374,,,11,1,2,2,68,100,420,540,2,5
2375,,,5,2,2,2,91,79,0,300,2,5
2376,,,7,2,2,1,12,69,420,540,3,5
2377,,,13,2,2,2,77,69,300,420,2,5
2378,,,4,2,2,2,49,13,300,420,1,5
2379,,,7,2,2,2,89,80,420,540,4,5
2380,,,12,2,2,2,66,15,0,300,1,5
2381,,,5,1,2,3,90,34,300,600,3,5
2382,,,11,1,2,3,1,28,420,540,3,5
2383,,,14,2,2,1,9,98,180,300,4,5
2384,,,3,2,2,1,63,61,420,540,4,5
2385,,,9,2,2,3,67,52,420,540,1,5
2386,,,8,1,2,2,70,28,300,600,4,5
2387,,,6,1,2,3,9,90,300,600,3,5
2388,,,15,2,2,1,69,24,420,540,3,5
2389,,,14,2,2,3,35,89,180,300,1,5
2390,,,12,2,2,3,40,32,300,420,2,5
2391,,,13,1,2,2,2,3,300,600,3,5
2392,,,11,2,2,3,75,80,0,300,2,5
2393,,,13,1,2,3,92,82,300,600,2,5
2394,,,11,1,2,2,66,71,420,540,2,5
2395,,,5,2,2,1,81,72,300,600,3,5
2396,,,10,1,2,3,96,96,300,600,3,5
2397,,,13,2,2,3,42,11,0,300,2,5
2398,,,8,2,2,2,24,16,60,180,2,5
2399,,,15,2,2,2,58,10,60,180,1,5
2400,,,10,2,2,3,27,57,0,300,4,5
2401,,,13,1,2,3,31,75,420,540,3,5
2402,,,11,1,2,3,49,77,420,540,2,5
2403,,,14,2,2,1,97,64,60,180,1,5
2404,,,7,2,2,3,1,4,180,300,4,5
2405,,,11,2,2,1,61,10,60,180,3,5
2406,,,12,1,2,3,64,85,420,540,1,5
2407,,,13,1,2,2,100,69,420,540,4,5
2408,,,15,2,2,3,93,89,60,180,3,5
2409,,,3,2,2,1,30,15,60,180,4,5
2410,,,6,1,2,2,85,38,420,540,1,5
2411,,,9,2,2,3,86,46,420,540,1,5
2412,,,12,1,2,3,48,61,420,540,2,5
2413,,,10,1,2,1,91,62,420,540,4,5
2414,,,2,1,2,1,86,70,300,600,3,5
2415,,,10,2,2,3,13,14,180,300,3,5
2416,,,3,1,2,2,45,62,300,600,2,5
2417,,,15,1,2,3,72,3,300,600,1,5
2418,,,11,1,2,1,12,4,300,600,4,5
2419,,,13,1,2,1,81,47,420,540,3,5
2420,,,13,1,2,3,73,45,420,540,1,5
2421,,,12,2,2,1,20,25,0,300,3,5
2422,,,6,2,2,2,55,81,420,540,2,5
2423,,,13,1,2,1,8,70,300,600,1,5
2424,,,9,2,2,3,7,100,420,540,4,5
2425,,,8,2,2,1,36,70,300,600,1,5
2426,,,11,2,2,1,32,61,0,300,2,5
2427,,,8,2,2,1,62,33,300,600,4,5
2428,,,13,2,2,3,45,77,0,300,4,5
2429,,,6,1,2,1,49,22,420,540,1,5
2430,,,4,1,2,1,100,42,420,540,3,5
2431,,,2,2,2,1,58,61,300,420,3,5
2432,,,10,1,2,3,79,89,420,540,2,5
2433,,,2,1,2,3,49,85,300,600,4,5
2434,,,11,1,2,3,35,33,420,540,4,5
2435,,,14,2,2,1,5,15,180,300,1,5
2436,,,15,1,2,3,95,63,420,540,2,5
2437,,,7,1,2,1,57,69,300,600,4,5
2438,,,12,1,2,3,23,44,420,540,4,5
2439,,,13,1,2,3,21,36,420,540,1,5
2440,,,14,1,2,3,4,98,420,540,3,5
2441,,,9,1,2,3,10,89,300,600,2,5
2442,,,2,2,2,3,16,98,180,300,4,5
2443,,,7,2,2,2,16,37,300,600,4,5
2444,,,4,1,2,1,21,27,420,540,3,5
2445,,,3,1,2,2,96,33,300,600,4,5
2446,,,13,2,2,3,54,1,420,540,1,5
2447,,,4,2,2,3,65,57,300,420,3,5
2448,,,15,1,2,3,3,11,420,540,2,5
2449,,,4,1,2,2,36,69,300,600,1,5
2450,,,1,1,2,3,93,17,420,540,4,5
2451,,,14,1,2,3,58,83,300,600,4,5
2452,,,6,2,2,3,18,39,60,180,1,5
2453,,,10,2,2,2,72,85,180,300,4,5
2454,,,3,2,2,1,68,59,60,180,1,5
2455,,,2,1,2,3,30,96,420,540,1,5
2456,,,12,1,2,1,72,33,420,540,2,5
2457,,,3,2,2,2,59,73,180,300,4,5
2458,,,5,2,2,1,70,10,180,300,3,5
2459,,,3,1,2,2,32,64,300,600,3,5
2460,,,11,2,2,3,45,88,420,540,4,5
2461,,,10,1,2,3,94,49,300,600,2,5
2462,,,7,1,2,1,43,69,420,540,2,5
2463,,,8,2,2,3,86,27,180,300,1,5
2464,,,5,1,2,2,39,57,420,540,3,5
2465,,,12,1,2,3,93,10,300,600,4,5
2466,,,6,2,2,1,97,84,420,540,2,5
2467,,,9,1,2,1,73,93,300,600,4,5
2468,,,12,2,2,2,68,83,0,300,1,5
2469,,,11,1,2,1,1,68,300,600,2,5
2470,,,14,1,2,3,20,70,300,600,1,5
2471,,,4,1,2,3,94,52,420,540,1,5
2472,,,10,1,2,1,84,43,300,600,2,5
2473,,,7,2,2,2,96,91,300,420,2,5
2474,,,13,1,2,1,69,17,420,540,2,5
2475,,,10,2,2,2,45,80,180,300,1,5
2476,,,12,1,2,1,1,46,420,540,1,5
2477,,,13,1,2,3,19,74,420,540,4,5
2478,,,15,1,2,3,9,65,300,600,4,5
2479,,,3,1,2,3,81,30,420,540,3,5
2480,,,6,2,2,1,52,36,0,300,2,5
2481,,,6,1,2,1,40,68,300,600,3,5
2482,,,10,2,2,3,59,93,0,300,3,5
2483,,,6,1,2,3,84,26,300,600,3,5
2484,,,14,1,2,2,83,94,300,600,4,5
2485,,,12,2,2,2,87,79,300,420,2,5
2486,,,4,2,2,2,57,34,60,180,4,5
2487,,,10,1,2,1,61,73,420,540,3,5
2488,,,6,2,2,2,93,22,420,540,4,5
2489,,,5,1,2,3,37,91,420,540,4,5
2490,,,17,2,2,1,53,63,0,300,3,5
2491,,,10,2,2,2,85,33,300,600,2,5
2492,,,16,2,2,1,99,8,60,180,1,5
2493,,,13,1,2,1,35,6,300,600,2,5
2494,,,13,2,2,3,69,52,420,540,1,5
2495,,,7,1,2,1,2,45,420,540,2,5
2496,,,4,1,2,1,31,0,300,600,1,5
2497,,,9,2,2,1,31,98,0,300,3,5
2498,,,6,2,2,1,47,80,420,540,4,5
2499,,,9,2,2,3,84,4,0,300,3,5
2500,,,8,2,2,2,0,37,420,540,4,5
2501,,,4,1,2,3,19,79,420,540,4,5
2502,,,11,1,2,1,66,89,420,540,4,5
2503,,,15,1,2,2,2,1,420,540,4,5
2504,,,6,2,2,2,33,97,60,180,4,5
2505,,,13,1,2,1,85,75,420,540,1,5
2506,,,3,2,2,1,86,86,420,540,1,5
2507,,,6,2,2,1,92,71,420,540,4,5
2508,,,3,2,2,3,51,43,420,540,2,5
2509,,,6,1,2,1,32,52,420,540,3,5
2510,,,10,1,2,2,36,32,300,600,2,5
2511,,,4,1,2,1,23,90,300,600,3,5
2512,,,5,2,2,1,31,32,420,540,4,5
2513,,,12,1,2,3,54,36,420,540,1,5
2514,,,17,2,2,2,27,37,420,540,3,5
2515,,,11,1,2,2,4,64,420,540,2,5
2516,,,13,1,2,1,41,94,300,600,2,5
2517,,,12,1,2,3,30,31,420,540,1,5
2518,,,10,2,2,3,69,10,60,180,4,5
2519,,,16,2,2,2,96,74,420,540,1,5
2520,,,14,1,2,2,7,91,300,600,3,5
2521,,,3,2,2,1,53,48,0,300,1,5
2522,,,6,2,2,2,70,78,180,300,3,5
2523,,,5,2,2,1,88,58,60,180,3,5
2524,,,9,1,2,3,47,47,420,540,3,5
2525,,,12,1,2,2,86,6,300,600,1,5
2526,,,14,1,2,1,33,56,300,600,2,5
2527,,,7,1,2,2,47,81,300,600,1,5
2528,,,9,2,2,2,8,42,300,420,2,5
2529,,,8,2,2,2,44,16,300,420,2,5
2530,,,14,1,2,1,50,100,420,540,3,5
2531,,,5,1,2,1,92,97,300,600,3,5
2532,,,14,2,2,3,99,76,420,540,2,5
2533,,,8,2,2,3,72,83,60,180,2,5
2534,,,15,1,2,3,56,33,420,540,4,5
2535,,,10,1,2,1,92,3,420,540,2,5
2536,,,6,2,2,2,100,63,60,180,3,5
2537,,,14,2,2,3,22,27,0,300,2,5
2538,,,3,2,2,3,49,62,0,300,4,5
2539,,,4,1,2,3,18,86,300,600,4,5
2540,,,12,2,2,3,37,17,420,540,2,5
2541,,,4,1,2,2,44,43,420,540,4,5
2542,,,5,1,2,2,23,47,300,600,1,5
2543,,,8,1,2,2,98,31,420,540,4,5
2544,,,14,2,2,3,70,7,0,300,4,5
2545,,,6,1,2,1,86,87,420,540,2,5
2546,,,11,1,2,3,72,46,300,600,4,5
2547,,,13,1,2,3,40,38,300,600,2,5
2548,,,9,2,2,3,40,32,180,300,2,5
2549,,,9,2,2,2,47,71,420,540,4,5
2550,,,7,2,2,2,11,5,300,600,4,5
2551,,,4,2,2,2,49,13,0,300,3,5
2552,,,3,1,2,2,9,31,420,540,4,5
2553,,,6,2,2,3,54,95,180,300,4,5
2554,,,2,1,2,3,68,81,300,600,1,5
2555,,,10,2,2,2,19,24,0,300,3,5
2556,,,3,1,2,3,44,38,420,540,2,5
2557,,,6,1,2,2,75,79,420,540,1,5
2558,,,4,2,2,3,91,88,60,180,1,5
2559,,,13,2,2,3,96,60,0,300,4,5
2560,,,5,2,2,2,22,43,0,300,3,5
2561,,,4,2,2,3,22,68,60,180,4,5
2562,,,4,2,2,2,3,25,300,420,4,5
2563,,,5,2,2,2,97,0,180,300,3,5
2564,,,12,1,2,1,54,46,420,540,2,5
2565,,,3,1,2,3,53,23,300,600,2,5
2566,,,15,2,2,3,62,97,60,180,3,5
2567,,,7,2,2,1,96,54,0,300,1,5
2568,,,11,2,2,3,90,76,60,180,3,5
2569,,,10,1,2,3,96,26,300,600,4,5
2570,,,8,2,2,3,16,72,60,180,3,5
2571,,,16,2,2,3,77,51,420,540,4,5
2572,,,6,1,2,2,79,69,300,600,1,5
2573,,,12,1,2,2,34,70,300,600,2,5
2574,,,10,1,2,2,39,96,300,600,2,5
2575,,,7,2,2,1,26,24,180,300,2,5
2576,,,7,2,2,2,14,65,300,420,2,5
2577,,,17,2,2,3,83,37,420,540,1,5
2578,,,13,2,2,3,69,19,420,540,4,5
2579,,,14,2,2,1,65,57,180,300,1,5
2580,,,12,2,2,2,5,100,180,300,4,5
2581,,,8,1,2,3,4,99,420,540,2,5
2582,,,3,2,2,3,8,66,180,300,3,5
2583,,,6,1,2,1,31,32,300,600,1,5
2584,,,13,1,2,1,48,66,420,540,4,5
2585,,,11,1,2,1,66,48,420,540,4,5
2586,,,11,1,2,2,42,31,420,540,3,5
2587,,,4,2,2,2,100,70,180,300,1,5
2588,,,10,1,2,3,73,55,420,540,4,5
2589,,,7,2,2,2,44,74,180,300,4,5
2590,,,4,2,2,1,26,82,0,300,4,5
2591,,,5,1,2,2,32,29,300,600,2,5
2592,,,6,1,2,2,4,3,300,600,2,5
2593,,,5,2,2,1,71,26,420,540,3,5
2594,,,2,1,2,3,10,80,420,540,3,5
2595,,,7,2,2,1,49,55,0,300,3,5
2596,,,10,2,2,2,78,99,180,300,4,5
2597,,,15,1,2,3,29,87,420,540,4,5
2598,,,10,1,2,1,27,68,420,540,4,5
2599,,,5,2,2,3,88,78,180,300,4,5
2600,,,8,1,2,1,5,27,420,540,3,5
2601,,,16,1,2,2,38,26,420,540,3,5
2602,,,15,2,2,1,13,34,60,180,3,5
2603,,,2,1,2,1,41,100,300,600,3,5
2604,,,9,2,2,1,62,32,180,300,3,5
2605,,,12,1,2,3,80,93,300,600,3,5
2606,,,1,1,2,1,77,61,300,600,1,5
2607,,,12,2,2,3,53,35,60,180,2,5
2608,,,12,2,2,2,19,48,0,300,3,5
2609,,,5,2,2,2,2,26,180,300,1,5
2610,,,11,1,2,1,9,95,420,540,2,5
2611,,,8,1,2,1,82,99,300,600,1,5
2612,,,10,2,2,3,50,18,0,300,2,5
2613,,,5,2,2,3,62,30,60,180,2,5
2614,,,8,2,2,1,58,62,0,300,2,5
2615,,,7,2,2,3,74,16,300,420,1,5
2616,,,10,2,2,2,33,39,180,300,3,5
2617,,,11,2,2,1,11,13,180,300,4,5
2618,,,8,1,2,2,3,2,420,540,1,5
2619,,,4,1,2,2,67,77,300,600,1,5
2620,,,13,2,2,3,91,62,420,540,4,5
2621,,,7,1,2,3,68,6,420,540,1,5
2622,,,7,2,2,3,21,13,300,600,4,5
2623,,,3,1,2,3,0,73,300,600,3,5
2624,,,16,2,2,3,39,89,420,540,3,5
2625,,,13,1,2,2,21,78,300,600,4,5
2626,,,11,1,2,3,0,19,420,540,2,5
2627,,,15,1,2,3,64,36,420,540,3,5
2628,,,5,1,2,2,12,46,300,600,1,5
2629,,,11,2,2,3,93,15,300,420,2,5
2630,,,12,2,2,2,14,85,0,300,2,5
2631,,,16,2,2,1,93,58,0,300,2,5
2632,,,10,1,2,1,24,48,420,540,4,5
2633,,,12,2,2,1,83,82,300,420,4,5
2634,,,12,2,2,3,29,77,420,540,3,5
2635,,,7,2,2,2,85,87,0,300,4,5
2636,,,6,1,2,1,29,60,300,600,3,5
2637,,,8,2,2,2,12,16,300,420,4,5
2638,,,15,2,2,3,51,89,420,540,2,5
2639,,,13,1,2,2,37,83,300,600,1,5
2640,,,5,1,2,2,38,71,300,600,1,5
2641,,,4,2,2,1,19,33,0,300,4,5
2642,,,9,1,2,1,69,86,300,600,1,5
2643,,,4,2,2,1,22,1,0,300,2,5
2644,,,12,1,2,1,27,14,420,540,4,5
2645,,,16,1,2,1,29,24,420,540,2,5
2646,,,10,2,2,2,81,0,300,600,1,5
2647,,,10,2,2,3,50,65,60,180,3,5
2648,,,12,1,2,3,6,35,300,600,4,5
2649,,,2,1,2,1,33,2,420,540,3,5
2650,,,10,2,2,1,39,11,420,540,3,5
2651,,,9,2,2,2,68,22,0,300,2,5
2652,,,10,1,2,1,17,92,420,540,2,5
2653,,,6,2,2,3,74,51,180,300,1,5
2654,,,15,2,2,1,92,34,420,540,2,5
2655,,,7,2,2,3,49,25,420,540,3,5
2656,,,12,1,2,2,85,69,420,540,1,5
2657,,,15,2,2,3,95,6,300,600,4,5
2658,,,9,1,2,1,82,98,420,540,2,5
2659,,,1,1,2,2,42,25,300,600,4,5
2660,,,8,1,2,2,28,100,420,540,3,5
2661,,,3,1,2,1,54,55,300,600,1,5
2662,,,15,1,2,1,2,28,420,540,1,5
2663,,,4,1,2,1,1,89,420,540,1,5
2664,,,15,2,2,1,45,44,420,540,1,5
2665,,,11,1,2,3,35,63,300,600,1,5
2666,,,3,2,2,1,3,74,0,300,1,5
2667,,,11,1,2,3,3,96,420,540,2,5
2668,,,13,2,2,2,6,22,180,300,3,5
2669,,,2,2,2,1,96,29,420,540,1,5
2670,,,1,1,2,2,26,52,300,600,2,5
2671,,,9,1,2,1,86,6,420,540,3,5
2672,,,13,2,2,2,38,76,0,300,4,5
2673,,,3,1,2,2,61,43,300,600,1,5
2674,,,3,2,2,1,26,23,60,180,2,5
2675,,,13,2,2,2,57,38,180,300,2,5
2676,,,13,1,2,3,10,77,300,600,3,5
2677,,,5,2,2,1,69,2,420,540,3,5
2678,,,13,2,2,2,88,25,180,300,1,5
2679,,,11,2,2,2,5,88,420,540,2,5
2680,,,3,2,2,2,36,52,0,300,4,5
2681,,,3,1,2,1,86,7,300,600,4,5
2682,,,15,1,2,2,21,1,420,540,4,5
2683,,,11,2,2,3,99,28,0,300,3,5
2684,,,12,2,2,2,10,20,180,300,1,5
2685,,,17,2,2,1,89,43,300,420,2,5
2686,,,12,2,2,3,89,6,0,300,2,5
2687,,,15,1,2,1,72,25,420,540,4,5
2688,,,10,1,2,1,99,7,420,540,3,5
2689,,,16,1,2,3,15,57,300,600,4,5
2690,,,4,1,2,1,5,62,300,600,4,5
2691,,,14,1,2,1,38,83,420,540,3,5
2692,,,7,2,2,2,2,41,60,180,2,5
2693,,,5,2,2,3,48,60,180,300,2,5
2694,,,13,1,2,2,94,36,300,600,3,5
2695,,,15,1,2,2,36,61,420,540,4,5
2696,,,15,2,2,3,17,13,0,300,4,5
2697,,,12,1,2,1,27,25,420,540,3,5
2698,,,11,2,2,1,0,88,180,300,1,5
2699,,,16,2,2,1,79,24,300,420,4,5
2700,,,12,1,2,1,68,6,420,540,2,5
2701,,,14,1,2,2,16,26,300,600,3,5
2702,,,10,2,2,2,89,71,0,300,4,5
2703,,,8,1,2,3,33,18,300,600,4,5
2704,,,4,1,2,2,10,51,300,600,4,5
2705,,,12,2,2,1,3,22,180,300,2,5
2706,,,9,2,2,1,23,3,60,180,3,5
2707,,,7,1,2,1,59,15,300,600,2,5
2708,,,12,2,2,2,61,55,180,300,2,5
2709,,,16,2,2,2,38,35,0,300,1,5
2710,,,3,2,2,3,30,55,180,300,2,5
2711,,,14,2,2,2,56,42,300,600,2,5
2712,,,7,2,2,1,55,57,0,300,3,5
2713,,,14,1,2,3,24,30,420,540,3,5
2714,,,15,2,2,1,62,42,420,540,3,5
2715,,,8,2,2,2,94,45,300,420,2,5
2716,,,16,1,2,2,19,55,300,600,2,5
2717,,,7,2,2,1,76,38,60,180,3,5
2718,,,14,2,2,1,44,73,60,180,4,5
2719,,,11,2,2,3,4,22,60,180,3,5
2720,,,12,1,2,2,70,63,420,540,2,5
2721,,,10,2,2,3,98,30,180,300,2,5
2722,,,12,1,2,1,40,0,420,540,1,5
2723,,,13,2,2,2,31,93,180,300,2,5
2724,,,11,2,2,1,24,85,0,300,2,5
2725,,,7,1,2,2,22,86,420,540,1,5
2726,,,6,1,2,2,23,6,300,600,2,5
2727,,,12,2,2,1,50,58,180,300,2,5
2728,,,5,2,2,3,3,56,60,180,2,5
2729,,,14,1,2,3,9,99,300,600,3,5
2730,,,4,2,2,1,16,76,0,300,3,5
2731,,,4,2,2,3,55,97,0,300,4,5
2732,,,14,1,2,3,27,12,420,540,3,5
2733,,,9,1,2,3,11,11,300,600,2,5
2734,,,16,2,2,3,38,75,420,540,4,5
2735,,,6,2,2,3,47,22,180,300,3,5
2736,,,13,1,2,2,62,38,420,540,1,5
2737,,,9,1,2,3,34,82,300,600,4,5
2738,,,9,1,2,2,26,97,300,600,1,5
2739,,,13,2,2,1,57,4,420,540,4,5
2740,,,14,1,2,3,37,47,420,540,2,5
2741,,,14,2,2,3,71,22,300,600,2,5
2742,,,3,2,2,3,70,36,0,300,2,5
2743,,,11,2,2,1,94,38,300,420,4,5
2744,,,15,2,2,3,74,53,420,540,4,5
2745,,,10,2,2,1,24,95,60,180,2,5
2746,,,12,1,2,1,82,64,420,540,3,5
2747,,,11,1,2,2,22,84,420,540,4,5
2748,,,7,1,2,2,47,36,420,540,4,5
2749,,,5,1,2,2,96,60,300,600,2,5
2750,,,7,1,2,1,37,67,420,540,4,5
2751,,,7,1,2,2,94,66,420,540,3,5
2752,,,5,1,2,1,42,68,420,540,4,5
2753,,,7,1,2,2,68,55,420,540,2,5
2754,,,11,2,2,3,99,61,0,300,4,5
2755,,,10,2,2,1,89,76,180,300,3,5
2756,,,2,2,2,1,93,78,300,420,2,5
2757,,,14,1,2,1,91,53,420,540,3,5
2758,,,6,2,2,1,96,100,180,300,2,5
2759,,,6,2,2,1,27,60,0,300,3,5
2760,,,9,2,2,3,46,82,180,300,3,5
2761,,,10,1,2,3,37,46,300,600,3,5
2762,,,3,2,2,2,95,89,180,300,2,5
2763,,,14,1,2,2,58,94,420,540,2,5
2764,,,12,1,2,1,85,68,300,600,1,5
2765,,,10,1,2,2,50,47,420,540,1,5
2766,,,4,2,2,1,93,8,300,600,2,5
2767,,,14,1,2,1,53,74,300,600,3,5
2768,,,16,2,2,2,43,66,60,180,1,5
2769,,,11,2,2,1,48,65,0,300,1,5
2770,,,5,2,2,1,84,9,180,300,1,5
2771,,,16,2,2,3,26,24,0,300,3,5
2772,,,13,1,2,2,92,50,300,600,3,5
2773,,,14,2,2,1,63,8,420,540,3,5
2774,,,2,1,2,3,26,41,300,600,4,5
2775,,,9,1,2,2,45,52,300,600,2,5
2776,,,6,2,2,3,96,17,180,300,4,5
2777,,,12,1,2,3,87,2,420,540,4,5
2778,,,5,1,2,3,72,23,420,540,1,5
2779,,,16,1,2,1,13,88,420,540,4,5
2780,,,13,1,2,1,1,36,420,540,1,5
2781,,,6,1,2,3,7,61,300,600,3,5
2782,,,8,1,2,2,100,40,300,600,1,5
2783,,,8,1,2,3,84,32,420,540,1,5
2784,,,6,2,2,2,98,81,60,180,4,5
2785,,,15,2,2,1,4,22,420,540,2,5
2786,,,3,1,2,1,2,42,300,600,1,5
2787,,,6,2,2,3,77,49,0,300,1,5
2788,,,14,1,2,3,6,15,420,540,4,5
2789,,,12,1,2,3,79,48,300,600,3,5
2790,,,12,2,2,1,66,52,180,300,2,5
2791,,,4,1,2,1,40,69,300,600,4,5
2792,,,7,2,2,2,73,98,60,180,1,5
2793,,,9,2,2,3,60,23,0,300,3,5
2794,,,16,1,2,2,12,97,300,600,3,5
2795,,,6,1,2,2,37,50,300,600,4,5
2796,,,14,1,2,1,43,20,420,540,3,5
2797,,,12,2,2,1,89,1,420,540,1,5
2798,,,6,1,2,3,22,90,420,540,1,5
2799,,,12,2,2,2,68,58,0,300,4,5
2800,,,11,1,2,3,34,51,300,600,4,5
2801,,,2,1,2,1,15,93,300,600,4,5
2802,,,10,1,2,1,15,67,420,540,3,5
2803,,,5,2,2,3,60,81,180,300,3,5
2804,,,7,1,2,3,78,30,420,540,4,5
2805,,,5,1,2,2,73,40,420,540,4,5
2806,,,11,1,2,3,40,30,420,540,2,5
2807,,,5,1,2,1,13,17,300,600,1,5
2808,,,13,2,2,2,32,68,300,420,3,5
2809,,,5,1,2,3,88,13,420,540,3,5
2810,,,13,1,2,3,94,19,420,540,2,5
2811,,,10,2,2,3,82,100,420,540,3,5
2812,,,10,1,2,2,94,1,300,600,1,5
2813,,,3,2,2,3,100,29,300,420,4,5
2814,,,11,1,2,1,69,86,300,600,3,5
2815,,,6,2,2,2,10,98,0,300,4,5
2816,,,8,2,2,3,89,22,300,600,4,5
2817,,,11,2,2,1,100,86,180,300,4,5
2818,,,5,2,2,2,58,44,60,180,3,5
2819,,,14,1,2,1,38,30,420,540,1,5
2820,,,2,2,2,2,24,31,0,300,4,5
2821,,,3,2,2,2,53,98,0,300,2,5
2822,,,8,2,2,3,67,5,60,180,1,5
2823,,,5,2,2,3,91,35,60,180,3,5
2824,,,8,2,2,2,21,7,300,600,4,5
2825,,,14,2,2,2,100,100,180,300,1,5
2826,,,14,1,2,2,80,61,300,600,3,5
2827,,,10,1,2,2,90,27,300,600,2,5
2828,,,3,1,2,3,86,4,420,540,1,5
2829,,,6,1,2,2,39,95,300,600,3,5
2830,,,7,2,2,2,56,60,420,540,1,5
2831,,,13,2,2,2,81,47,420,540,3,5
2832,,,16,2,2,2,66,10,0,300,2,5
2833,,,8,2,2,2,84,46,60,180,2,5
2834,,,16,2,2,3,79,12,180,300,4,5
2835,,,14,2,2,1,64,24,300,600,3,5
2836,,,4,1,2,3,29,91,420,540,2,5
2837,,,7,1,2,3,36,94,420,540,3,5
2838,,,16,1,2,1,33,32,300,600,3,5
2839,,,3,2,2,2,18,26,300,600,4,5
2840,,,13,2,2,2,71,65,60,180,3,5
2841,,,12,2,2,1,65,3,60,180,1,5
2842,,,2,2,2,1,6,55,420,540,3,5
2843,,,14,2,2,2,76,92,0,300,3,5
2844,,,5,2,2,2,1,20,300,600,4,5
2845,,,3,1,2,1,68,66,300,600,2,5
2846,,,14,2,2,1,2,33,60,180,1,5
2847,,,14,1,2,2,75,27,420,540,1,5
2848,,,11,2,2,2,70,63,60,180,2,5
2849,,,9,2,2,3,16,31,420,540,4,5
2850,,,10,2,2,2,4,86,420,540,2,5
2851,,,6,2,2,2,20,34,0,300,2,5
2852,,,11,2,2,2,50,87,60,180,1,5
2853,,,15,2,2,3,46,88,0,300,3,5
2854,,,5,2,2,3,54,13,180,300,2,5
2855,,,12,1,2,2,88,30,300,600,3,5
2856,,,15,1,2,1,48,50,420,540,3,5
2857,,,11,1,2,3,60,39,300,600,4,5
2858,,,2,1,2,1,62,65,300,600,4,5
2859,,,7,1,2,1,70,80,420,540,4,5
2860,,,8,2,2,2,16,79,0,300,1,5
2861,,,11,1,2,1,26,27,420,540,2,5
2862,,,3,1,2,3,93,53,420,540,4,5
2863,,,5,1,2,1,24,29,420,540,2,5
2864,,,9,2,2,3,99,34,60,180,3,5
2865,,,13,1,2,3,83,29,420,540,3,5
2866,,,6,2,2,3,98,70,0,300,2,5
2867,,,9,2,2,2,96,9,60,180,1,5
2868,,,14,1,2,1,85,50,420,540,3,5
2869,,,12,2,2,1,48,67,0,300,4,5
2870,,,2,2,2,2,11,84,300,600,1,5
2871,,,3,2,2,2,75,3,60,180,1,5
2872,,,14,1,2,1,92,36,420,540,2,5
2873,,,3,1,2,1,42,10,420,540,1,5
2874,,,2,1,2,3,81,82,420,540,3,5
2875,,,7,2,2,3,5,11,180,300,3,5
2876,,,15,1,2,3,14,28,300,600,3,5
2877,,,6,1,2,2,94,97,420,540,2,5
2878,,,5,1,2,1,23,50,420,540,4,5
2879,,,13,2,2,3,92,59,60,180,4,5
2880,,,7,1,2,1,100,95,420,540,3,5
2881,,,9,1,2,2,45,99,300,600,3,5
2882,,,15,1,2,2,16,46,420,540,1,5
2883,,,2,2,2,1,2,86,60,180,2,5
2884,,,13,1,2,2,10,21,300,600,3,5
2885,,,8,1,2,2,50,92,420,540,2,5
2886,,,14,1,2,2,56,40,420,540,1,5
2887,,,14,1,2,1,85,82,300,600,4,5
2888,,,6,2,2,3,46,26,420,540,2,5
2889,,,15,2,2,2,18,61,420,540,2,5
2890,,,14,1,2,1,27,37,300,600,2,5
2891,,,5,2,2,3,15,78,0,300,3,5
2892,,,8,1,2,1,39,32,420,540,1,5
2893,,,12,1,2,3,17,16,300,600,2,5
2894,,,4,2,2,3,74,9,180,300,3,5
2895,,,15,2,2,1,4,20,420,540,2,5
2896,,,7,1,2,1,21,69,420,540,2,5
2897,,,14,2,2,1,42,47,300,600,4,5
2898,,,13,2,2,2,20,82,0,300,2,5
2899,,,5,2,2,2,97,57,180,300,4,5
2900,,,7,1,2,3,68,78,300,600,2,5
2901,,,12,2,2,2,5,55,180,300,1,5
2902,,,13,2,2,3,14,76,180,300,4,5
2903,,,10,2,2,3,16,16,420,540,2,5
2904,,,6,1,2,1,46,42,300,600,2,5
2905,,,6,1,2,1,58,7,420,540,2,5
2906,,,11,2,2,2,61,42,420,540,4,5
2907,,,5,1,2,1,58,21,300,600,4,5
2908,,,3,1,2,1,20,88,420,540,3,5
2909,,,3,1,2,3,2,21,420,540,2,5
2910,,,10,2,2,2,1,14,180,300,3,5
2911,,,7,2,2,1,52,12,180,300,3,5
2912,,,6,2,2,1,100,7,420,540,1,5
2913,,,1,1,2,1,8,66,300,600,4,5
2914,,,8,2,2,3,83,7,60,180,1,5
2915,,,2,2,2,2,30,22,420,540,2,5
2916,,,7,1,2,2,21,70,300,600,1,5
2917,,,3,2,2,1,87,44,180,300,2,5
2918,,,14,1,2,1,29,59,420,540,3,5
2919,,,11,1,2,3,100,35,420,540,2,5
2920,,,11,2,2,1,94,41,180,300,1,5
2921,,,9,1,2,2,95,97,300,600,3,5
2922,,,2,1,2,1,82,99,420,540,1,5
2923,,,6,1,2,3,13,38,420,540,4,5
2924,,,8,1,2,2,74,5,300,600,4,5
2925,,,3,2,2,2,15,2,300,420,1,5
2926,,,11,2,2,1,26,28,0,300,1,5
2927,,,9,2,2,2,99,78,60,180,4,5
2928,,,14,1,2,3,86,30,420,540,1,5
2929,,,10,2,2,2,63,74,300,600,2,5
2930,,,7,2,2,2,80,53,300,420,1,5
2931,,,11,1,2,2,29,35,300,600,2,5
2932,,,15,2,2,3,78,38,180,300,1,5
2933,,,13,2,2,2,7,12,0,300,1,5
2934,,,10,2,2,3,56,85,300,420,1,5
2935,,,7,1,2,3,43,72,300,600,4,5
2936,,,4,2,2,1,44,42,300,600,4,5
2937,,,10,2,2,1,50,37,0,300,2,5
2938,,,3,2,2,3,65,54,420,540,2,5
2939,,,3,2,2,1,55,91,180,300,2,5
2940,,,10,1,2,2,64,62,300,600,3,5
2941,,,15,2,2,2,67,79,60,180,2,5
2942,,,11,2,2,3,59,87,420,540,1,5
2943,,,3,1,2,1,34,100,300,600,1,5
2944,,,9,1,2,3,46,19,420,540,2,5
2945,,,5,2,2,1,12,28,420,540,3,5
2946,,,7,1,2,2,49,37,420,540,1,5
2947,,,2,2,2,2,15,95,300,420,1,5
2948,,,12,2,2,3,25,67,0,300,3,5
2949,,,4,1,2,2,63,16,420,540,2,5
2950,,,6,1,2,3,92,99,420,540,1,5
2951,,,5,1,2,3,99,24,420,540,4,5
2952,,,3,2,2,3,33,43,300,420,2,5
2953,,,3,1,2,3,63,25,300,600,4,5
2954,,,5,1,2,1,64,61,420,540,4,5
2955,,,6,2,2,3,21,7,0,300,3,5
2956,,,8,2,2,3,36,100,180,300,3,5
2957,,,16,1,2,2,15,16,420,540,4,5
2958,,,7,1,2,1,9,45,420,540,1,5
2959,,,11,1,2,1,3,58,300,600,1,5
2960,,,15,1,2,1,99,30,420,540,2,5
2961,,,6,2,2,3,69,46,180,300,2,5
2962,,,5,2,2,3,100,15,300,600,1,5
2963,,,4,1,2,2,91,14,420,540,1,5
2964,,,15,2,2,2,46,31,420,540,1,5
2965,,,4,1,2,2,2,76,420,540,4,5
2966,,,5,2,2,2,11,17,420,540,2,5
2967,,,7,2,2,1,0,64,420,540,3,5
2968,,,3,1,2,3,26,12,300,600,1,5
2969,,,5,2,2,3,72,9,420,540,4,5
2970,,,2,1,2,1,54,96,300,600,3,5
2971,,,3,2,2,2,80,56,420,540,4,5
2972,,,13,2,2,2,68,45,0,300,1,5
2973,,,13,1,2,2,50,22,420,540,4,5
2974,,,4,1,2,2,40,32,420,540,2,5
2975,,,3,2,2,2,62,10,180,300,2,5
2976,,,3,2,2,2,87,6,420,540,1,5
2977,,,9,2,2,1,32,9,60,180,1,5
2978,,,9,1,2,2,46,49,300,600,4,5
2979,,,5,2,2,2,93,99,180,300,1,5
2980,,,12,1,2,2,24,41,420,540,1,5
2981,,,14,2,2,2,32,30,0,300,2,5
2982,,,15,1,2,2,28,38,300,600,4,5
2983,,,1,1,2,2,42,31,420,540,2,5
2984,,,7,1,2,3,43,85,420,540,1,5
2985,,,13,2,2,2,39,56,420,540,3,5
2986,,,3,2,2,1,25,75,180,300,1,5
2987,,,9,1,2,1,68,87,420,540,1,5
2988,,,6,2,2,1,57,60,420,540,4,5
2989,,,9,2,2,1,45,55,180,300,4,5
2990,,,5,2,2,2,11,19,180,300,1,5
2991,,,2,1,2,3,71,45,420,540,1,5
2992,,,5,1,2,3,75,7,420,540,1,5
2993,,,15,1,2,1,92,48,420,540,4,5
2994,,,6,2,2,3,45,23,60,180,3,5
2995,,,14,2,2,2,52,8,180,300,1,5
2996,,,12,1,2,1,56,0,420,540,3,5
2997,,,7,2,2,2,68,92,420,540,2,5
2998,,,11,2,2,1,6,79,180,300,2,5
2999,,,11,1,2,2,64,82,300,600,1,5
3000,,,15,1,2,1,10,3,300,600,1,5
3001,,,1,1,2,3,99,38,420,540,3,5
3002,,,15,2,2,3,89,43,180,300,3,5
3003,,,5,2,2,2,9,68,180,300,1,5
3004,,,15,2,2,2,59,46,420,540,3,5
3005,,,14,1,2,1,39,85,420,540,2,5
3006,,,14,1,2,2,82,96,300,600,3,5
3007,,,6,2,2,2,6,20,60,180,4,5
3008,,,14,1,2,3,0,79,300,600,4,5
3009,,,10,1,2,1,61,24,420,540,2,5
3010,,,15,2,2,1,45,32,300,420,2,5
3011,,,15,2,2,2,9,54,420,540,3,5
3012,,,10,1,2,3,43,13,300,600,2,5
3013,,,4,1,2,2,95,2,300,600,3,5
3014,,,7,2,2,2,91,11,300,420,4,5
3015,,,4,2,2,3,62,17,60,180,4,5
3016,,,6,1,2,2,83,33,420,540,3,5
3017,,,8,1,2,1,56,4,300,600,3,5
3018,,,10,1,2,1,38,85,300,600,4,5
3019,,,12,1,2,3,33,98,420,540,4,5
3020,,,13,1,2,3,69,23,420,540,4,5
3021,,,2,1,2,2,29,1,420,540,3,5
3022,,,13,2,2,3,69,29,300,600,1,5
3023,,,6,1,2,3,51,99,420,540,2,5
3024,,,13,1,2,3,52,41,300,600,1,5
3025,,,8,1,2,3,26,75,420,540,2,5
3026,,,10,2,2,2,76,59,60,180,4,5
3027,,,4,2,2,1,5,14,0,300,4,5
3028,,,13,1,2,3,60,82,420,540,4,5
3029,,,6,1,2,3,26,19,300,600,1,5
3030,,,5,1,2,3,60,18,420,540,4,5
3031,,,14,1,2,2,2,63,420,540,1,5
3032,,,9,1,2,2,95,1,420,540,1,5
3033,,,15,2,2,3,40,42,60,180,3,5
3034,,,17,2,2,3,7,18,0,300,2,5
3035,,,3,1,2,3,7,64,420,540,3,5
3036,,,14,2,2,3,0,11,300,420,1,5
3037,,,8,1,2,2,81,0,420,540,2,5
3038,,,13,2,2,1,14,62,0,300,3,5
3039,,,16,2,2,3,85,31,0,300,2,5
3040,,,4,2,2,1,80,19,60,180,3,5
3041,,,3,1,2,1,82,1,300,600,3,5
3042,,,2,1,2,2,83,78,300,600,2,5
3043,,,11,2,2,1,51,32,180,300,4,5
3044,,,16,2,2,1,93,56,420,540,3,5
3045,,,13,2,2,2,23,32,60,180,1,5
3046,,,16,1,2,2,84,1,420,540,4,5
3047,,,5,1,2,3,46,88,420,540,3,5
3048,,,15,2,2,3,11,62,60,180,2,5
3049,,,12,2,2,2,29,81,0,300,3,5
3050,,,15,2,2,3,30,99,60,180,2,5
3051,,,16,2,2,1,80,7,60,180,1,5
3052,,,10,1,2,2,28,98,300,600,1,5
3053,,,14,2,2,1,24,52,420,540,3,5
3054,,,12,1,2,3,13,2,420,540,3,5
3055,,,6,1,2,3,24,73,420,540,4,5
3056,,,9,2,2,2,24,37,60,180,2,5
3057,,,9,2,2,3,89,17,180,300,2,5
3058,,,8,2,2,3,17,14,0,300,4,5
3059,,,15,1,2,1,23,77,300,600,2,5
3060,,,12,2,2,2,74,65,180,300,3,5
3061,,,6,1,2,3,10,63,420,540,3,5
3062,,,3,1,2,3,10,14,420,540,3,5
3063,,,7,2,2,2,91,14,420,540,1,5
3064,,,8,1,2,2,42,85,420,540,1,5
3065,,,11,2,2,1,32,63,180,300,2,5
3066,,,4,1,2,3,21,96,300,600,4,5
3067,,,8,1,2,2,90,69,300,600,3,5
3068,,,8,2,2,1,67,37,0,300,1,5
3069,,,13,2,2,2,27,72,420,540,4,5
3070,,,2,2,2,3,70,92,420,540,4,5
3071,,,6,2,2,1,3,96,420,540,2,5
3072,,,16,1,2,2,20,43,300,600,1,5
3073,,,6,1,2,1,94,22,300,600,2,5
3074,,,4,2,2,3,31,100,420,540,1,5
3075,,,10,1,2,1,5,77,420,540,1,5
3076,,,11,1,2,1,49,89,300,600,3,5
3077,,,8,2,2,2,32,11,60,180,2,5
3078,,,8,2,2,3,78,29,300,600,1,5
3079,,,4,1,2,1,23,43,420,540,4,5
3080,,,4,1,2,1,39,39,420,540,3,5
3081,,,3,1,2,1,70,72,300,600,1,5
3082,,,13,1,2,2,67,28,420,540,3,5
3083,,,15,2,2,3,1,1,0,300,3,5
3084,,,3,2,2,2,100,11,180,300,3,5
3085,,,5,2,2,2,12,99,0,300,2,5
3086,,,13,1,2,3,88,39,300,600,1,5
3087,,,13,2,2,2,22,99,420,540,2,5
3088,,,6,2,2,1,27,27,60,180,4,5
3089,,,15,2,2,1,24,89,300,420,4,5
3090,,,9,2,2,2,5,15,300,600,2,5
3091,,,8,1,2,2,28,6,300,600,2,5
3092,,,10,1,2,2,30,60,420,540,4,5
3093,,,4,1,2,1,46,56,300,600,2,5
3094,,,14,1,2,2,15,38,300,600,2,5
3095,,,14,2,2,2,29,1,420,540,1,5
3096,,,3,1,2,2,69,100,300,600,4,5
3097,,,7,1,2,1,85,97,300,600,2,5
3098,,,2,1,2,3,57,88,300,600,3,5
3099,,,3,1,2,3,23,37,300,600,4,5
3100,,,11,2,2,1,72,31,60,180,3,5
3101,,,12,2,2,3,9,35,60,180,2,5
3102,,,5,2,2,1,28,97,0,300,3,5
3103,,,13,1,2,2,51,0,300,600,1,5
3104,,,10,1,2,1,21,26,300,600,4,5
3105,,,10,1,2,2,64,41,300,600,2,5
3106,,,5,2,2,3,39,33,420,540,3,5
3107,,,4,2,2,2,78,26,0,300,3,5
3108,,,5,1,2,3,28,64,300,600,2,5
3109,,,11,1,2,2,31,63,420,540,4,5
3110,,,9,1,2,1,19,49,300,600,4,5
3111,,,9,2,2,2,0,41,420,540,3,5
3112,,,3,1,2,1,87,1,300,600,3,5
3113,,,9,1,2,2,89,83,420,540,4,5
3114,,,13,2,2,1,89,95,420,540,4,5
3115,,,4,1,2,1,87,74,420,540,3,5
3116,,,11,1,2,2,16,60,300,600,1,5
3117,,,14,2,2,3,22,4,60,180,2,5
3118,,,14,1,2,1,2,47,420,540,1,5
3119,,,3,2,2,3,50,52,0,300,4,5
3120,,,8,2,2,3,79,42,180,300,3,5
3121,,,6,1,2,1,60,44,300,600,3,5
3122,,,12,1,2,2,78,11,420,540,4,5
3123,,,4,1,2,3,91,100,300,600,1,5
3124,,,11,2,2,2,37,84,60,180,4,5
3125,,,15,2,2,1,96,48,420,540,4,5
3126,,,11,2,2,1,32,21,300,600,2,5
3127,,,10,2,2,1,63,38,60,180,3,5
3128,,,12,1,2,2,62,29,300,600,2,5
3129,,,5,2,2,2,92,65,420,540,1,5
3130,,,11,1,2,2,93,27,420,540,1,5
3131,,,7,1,2,2,2,6,420,540,2,5
3132,,,13,2,2,2,19,49,60,180,3,5
3133,,,5,1,2,1,85,31,420,540,2,5
3134,,,15,1,2,3,54,48,420,540,3,5
3135,,,13,2,2,3,97,2,0,300,3,5
3136,,,4,2,2,1,79,51,420,540,2,5
3137,,,9,2,2,3,52,16,180,300,4,5
3138,,,11,1,2,3,3,62,420,540,3,5
3139,,,4,2,2,1,28,32,60,180,4,5
3140,,,7,1,2,2,99,88,300,600,3,5
3141,,,8,1,2,3,25,7,420,540,2,5
3142,,,13,1,2,1,14,61,420,540,2,5
3143,,,14,2,2,1,77,49,180,300,3,5
3144,,,1,1,2,1,29,15,300,600,3,5
3145,,,14,2,2,2,80,44,0,300,3,5
3146,,,8,1,2,1,95,7,300,600,2,5
3147,,,9,1,2,1,90,41,420,540,4,5
3148,,,7,2,2,3,92,18,180,300,3,5
3149,,,3,2,2,1,95,32,300,600,2,5
3150,,,2,1,2,3,63,80,300,600,3,5
3151,,,7,2,2,1,2,54,0,300,4,5
3152,,,5,1,2,3,42,72,420,540,1,5
3153,,,4,2,2,3,23,47,300,600,3,5
3154,,,6,1,2,3,43,100,420,540,2,5
3155,,,10,1,2,1,63,11,420,540,2,5
3156,,,7,1,2,1,9,89,420,540,4,5
3157,,,15,1,2,1,43,30,420,540,4,5
3158,,,5,1,2,2,14,76,420,540,2,5
3159,,,6,2,2,3,79,97,180,300,3,5
3160,,,3,2,2,1,22,17,180,300,1,5
3161,,,8,2,2,3,64,36,60,180,4,5
3162,,,9,2,2,1,78,91,60,180,1,5
3163,,,3,1,2,3,36,52,300,600,3,5
3164,,,6,1,2,1,9,92,300,600,2,5
3165,,,12,2,2,1,68,81,300,420,4,5
3166,,,11,1,2,3,61,13,420,540,3,5
3167,,,6,2,2,1,35,63,300,600,1,5
3168,,,2,1,2,2,55,100,420,540,2,5
3169,,,2,2,2,1,84,35,300,420,3,5
3170,,,7,1,2,3,82,57,420,540,1,5
3171,,,6,1,2,1,5,21,420,540,2,5
3172,,,15,1,2,3,62,27,300,600,3,5
3173,,,16,1,2,3,99,45,300,600,3,5
3174,,,14,2,2,2,80,56,300,600,1,5
3175,,,4,2,2,2,56,89,420,540,4,5
3176,,,4,1,2,1,86,62,300,600,4,5
3177,,,7,1,2,1,11,57,300,600,1,5
3178,,,11,1,2,1,60,83,300,600,3,5
3179,,,12,1,2,1,62,7,420,540,3,5
3180,,,12,1,2,3,23,54,300,600,4,5
3181,,,13,1,2,1,11,90,300,600,1,5
3182,,,7,2,2,3,25,99,180,300,2,5
3183,,,2,2,2,3,65,66,420,540,4,5
3184,,,9,2,2,3,8,95,420,540,4,5
3185,,,1,1,2,2,72,29,300,600,4,5
3186,,,3,2,2,2,57,51,60,180,1,5
3187,,,10,1,2,1,87,95,420,540,4,5
3188,,,16,1,2,3,66,76,420,540,1,5
3189,,,11,2,2,3,66,43,300,600,4,5
3190,,,15,1,2,2,3,59,420,540,3,5
3191,,,12,2,2,1,64,78,0,300,1,5
3192,,,1,1,2,1,1,81,300,600,1,5
3193,,,4,2,2,1,78,74,0,300,1,5
3194,,,2,1,2,1,26,98,420,540,1,5
3195,,,15,1,2,2,4,68,300,600,4,5
3196,,,6,1,2,3,40,73,300,600,4,5
3197,,,4,1,2,1,22,39,300,600,2,5
3198,,,3,1,2,1,91,9,300,600,4,5
3199,,,8,2,2,2,95,20,300,600,4,5
3200,,,14,1,2,3,19,86,300,600,1,5
3201,,,10,2,2,2,6,98,420,540,2,5
3202,,,11,1,2,1,96,96,420,540,1,5
3203,,,3,1,2,1,4,89,420,540,4,5
3204,,,14,2,2,3,54,26,180,300,4,5
3205,,,10,2,2,2,40,34,420,540,3,5
3206,,,3,2,2,2,64,1,180,300,3,5
3207,,,3,1,2,2,88,72,420,540,3,5
3208,,,8,2,2,1,74,99,60,180,4,5
3209,,,4,2,2,1,58,96,0,300,2,5
3210,,,3,1,2,1,32,81,420,540,4,5
3211,,,14,2,2,1,0,86,180,300,2,5
3212,,,10,2,2,3,26,42,180,300,3,5
3213,,,17,2,2,1,69,80,60,180,3,5
3214,,,6,1,2,2,86,11,300,600,2,5
3215,,,4,2,2,3,10,26,180,300,4,5
3216,,,11,2,2,1,18,94,300,600,2,5
3217,,,13,2,2,1,74,62,420,540,3,5
3218,,,6,2,2,1,83,73,0,300,2,5
3219,,,4,1,2,2,88,6,420,540,4,5
3220,,,13,1,2,2,82,38,420,540,1,5
3221,,,9,2,2,1,82,73,300,420,2,5
3222,,,10,1,2,1,34,38,300,600,2,5
3223,,,6,1,2,2,18,32,420,540,3,5
3224,,,10,2,2,3,57,68,60,180,1,5
3225,,,13,1,2,3,71,0,420,540,3,5
3226,,,11,2,2,3,17,79,300,420,3,5
3227,,,6,1,2,1,73,64,300,600,1,5
3228,,,8,1,2,2,58,52,420,540,2,5
3229,,,7,2,2,2,27,100,60,180,2,5
3230,,,9,2,2,2,25,49,420,540,1,5
3231,,,5,1,2,3,30,30,420,540,3,5
3232,,,5,1,2,2,11,16,420,540,1,5
3233,,,8,2,2,2,67,6,0,300,3,5
3234,,,3,2,2,1,60,7,300,420,3,5
3235,,,5,1,2,3,1,91,420,540,2,5
3236,,,4,2,2,1,82,25,420,540,4,5
3237,,,14,2,2,3,8,16,180,300,2,5
3238,,,13,1,2,1,47,28,300,600,2,5
3239,,,8,2,2,1,45,26,420,540,1,5
3240,,,5,2,2,2,54,47,180,300,2,5
3241,,,1,1,2,3,60,5,420,540,1,5
3242,,,3,2,2,1,84,54,300,600,1,5
3243,,,4,2,2,1,49,34,420,540,1,5
3244,,,5,2,2,3,100,19,180,300,3,5
3245,,,8,2,2,1,72,24,420,540,4,5
3246,,,3,2,2,2,82,14,180,300,3,5
3247,,,7,1,2,1,75,92,300,600,2,5
3248,,,8,1,2,3,83,68,420,540,1,5
3249,,,7,2,2,3,67,13,0,300,4,5
3250,,,17,2,2,3,80,98,420,540,1,5
3251,,,9,1,2,2,42,22,420,540,3,5
3252,,,12,2,2,3,38,26,180,300,2,5
3253,,,8,1,2,3,37,37,300,600,2,5
3254,,,7,1,2,3,13,35,300,600,3,5
3255,,,14,1,2,3,66,75,420,540,4,5
3256,,,8,2,2,2,89,95,420,540,2,5
3257,,,11,2,2,1,6,62,60,180,3,5
3258,,,12,2,2,2,23,67,300,420,4,5
3259,,,11,1,2,3,3,22,300,600,4,5
3260,,,4,1,2,3,88,49,420,540,4,5
3261,,,13,1,2,2,10,5,420,540,1,5
3262,,,6,1,2,2,64,12,420,540,2,5
3263,,,7,1,2,3,70,97,420,540,1,5
3264,,,6,2,2,3,49,27,420,540,2,5
3265,,,7,2,2,1,44,80,60,180,1,5
3266,,,2,1,2,3,4,34,300,600,1,5
3267,,,10,2,2,3,97,57,60,180,1,5
3268,,,7,2,2,3,7,90,300,600,1,5
3269,,,12,1,2,3,16,52,420,540,1,5
3270,,,13,1,2,2,49,27,300,600,3,5
3271,,,4,1,2,1,38,10,420,540,1,5
3272,,,14,2,2,3,51,45,60,180,4,5
3273,,,10,1,2,3,1,10,300,600,2,5
3274,,,10,2,2,2,7,97,300,600,4,5
3275,,,9,1,2,3,0,12,300,600,2,5
3276,,,6,2,2,3,71,72,180,300,3,5
3277,,,7,1,2,2,15,57,300,600,1,5
3278,,,15,2,2,1,4,65,60,180,1,5
3279,,,9,1,2,2,44,9,300,600,1,5
3280,,,11,1,2,1,20,7,300,600,2,5
3281,,,8,1,2,1,48,49,300,600,4,5
3282,,,3,2,2,2,36,47,60,180,4,5
3283,,,7,1,2,1,89,82,420,540,2,5
3284,,,14,1,2,1,41,19,300,600,3,5
3285,,,13,2,2,1,40,59,420,540,4,5
3286,,,7,1,2,2,50,70,420,540,2,5
3287,,,4,1,2,2,84,12,420,540,4,5
3288,,,12,1,2,3,93,35,300,600,3,5
3289,,,13,1,2,1,80,56,300,600,1,5
3290,,,8,2,2,1,83,1,60,180,3,5
3291,,,11,2,2,2,72,49,60,180,1,5
3292,,,7,1,2,1,32,73,300,600,4,5
3293,,,3,1,2,1,72,97,420,540,2,5
3294,,,4,2,2,2,40,95,60,180,4,5
3295,,,4,1,2,2,89,60,420,540,3,5
3296,,,5,1,2,1,67,87,420,540,1,5
3297,,,4,2,2,3,83,84,0,300,1,5
3298,,,10,1,2,2,89,41,300,600,1,5
3299,,,11,2,2,3,45,64,420,540,3,5
3300,,,13,2,2,2,85,16,0,300,1,5
3301,,,5,2,2,2,77,21,420,540,1,5
3302,,,9,1,2,2,18,68,300,600,3,5
3303,,,15,1,2,3,75,61,300,600,1,5
3304,,,11,1,2,3,65,0,420,540,3,5
3305,,,7,2,2,2,23,7,0,300,1,5
3306,,,10,2,2,2,47,39,60,180,2,5
3307,,,10,2,2,3,14,18,60,180,1,5
3308,,,8,1,2,2,91,20,420,540,3,5
3309,,,6,2,2,1,70,58,0,300,1,5
3310,,,8,1,2,1,9,15,300,600,2,5
3311,,,5,1,2,3,72,0,300,600,3,5
3312,,,2,1,2,3,21,31,300,600,3,5
3313,,,8,2,2,1,6,28,0,300,3,5
3314,,,8,1,2,2,62,1,420,540,4,5
3315,,,14,2,2,3,69,9,60,180,4,5
3316,,,12,2,2,1,64,62,180,300,2,5
3317,,,15,2,2,2,91,34,420,540,3,5
3318,,,4,1,2,2,10,3,300,600,4,5
3319,,,8,2,2,1,51,58,60,180,4,5
3320,,,2,1,2,2,100,40,420,540,1,5
3321,,,12,2,2,1,61,98,60,180,4,5
3322,,,9,2,2,1,34,43,180,300,3,5
3323,,,9,1,2,3,16,9,420,540,1,5
3324,,,8,1,2,1,57,48,420,540,4,5
3325,,,7,1,2,3,6,42,420,540,1,5
3326,,,14,1,2,3,92,49,420,540,3,5
3327,,,7,2,2,1,18,97,0,300,3,5
3328,,,8,1,2,3,0,55,300,600,1,5
3329,,,2,1,2,2,91,60,300,600,1,5
3330,,,11,2,2,3,19,62,300,600,3,5
3331,,,9,2,2,3,100,80,60,180,4,5
3332,,,12,2,2,3,32,35,180,300,4,5
3333,,,15,1,2,1,78,89,420,540,3,5
3334,,,13,1,2,2,91,42,420,540,3,5
3335,,,3,1,2,1,100,1,300,600,1,5
3336,,,5,1,2,3,89,16,300,600,4,5
3337,,,2,2,2,2,15,13,60,180,3,5
3338,,,8,1,2,2,82,0,300,600,2,5
3339,,,6,1,2,3,83,6,300,600,1,5
3340,,,10,2,2,2,73,56,0,300,4,5
3341,,,12,1,2,1,35,52,300,600,4,5
3342,,,9,1,2,1,28,21,300,600,3,5
3343,,,14,1,2,2,29,90,420,540,4,5
3344,,,11,1,2,1,74,91,420,540,1,5
3345,,,15,2,2,3,86,62,0,300,2,5
3346,,,3,1,2,1,66,29,420,540,3,5
3347,,,13,2,2,1,70,56,180,300,1,5
3348,,,15,2,2,2,31,54,60,180,2,5
3349,,,10,1,2,1,22,49,300,600,2,5
3350,,,14,1,2,3,93,61,420,540,2,5
3351,,,5,2,2,3,53,96,0,300,3,5
3352,,,8,1,2,2,84,48,420,540,4,5
3353,,,14,1,2,1,41,30,300,600,4,5
3354,,,13,2,2,2,44,23,0,300,2,5
3355,,,7,2,2,1,78,11,180,300,2,5
3356,,,6,2,2,1,55,23,60,180,1,5
3357,,,11,1,2,3,85,25,420,540,4,5
3358,,,5,1,2,1,39,10,420,540,1,5
3359,,,8,1,2,2,59,4,420,540,1,5
3360,,,14,1,2,1,7,21,300,600,1,5
3361,,,11,2,2,2,82,85,300,600,1,5
3362,,,4,1,2,1,43,73,420,540,4,5
3363,,,13,2,2,1,60,1,180,300,2,5
3364,,,10,2,2,1,15,56,420,540,4,5
3365,,,13,1,2,2,72,80,300,600,4,5
3366,,,2,2,2,1,13,57,60,180,1,5
3367,,,4,2,2,1,92,35,0,300,3,5
3368,,,3,1,2,3,90,88,420,540,1,5
3369,,,2,2,2,1,30,12,0,300,4,5
3370,,,9,2,2,2,80,92,180,300,4,5
3371,,,15,1,2,1,45,44,420,540,3,5
3372,,,14,2,2,3,37,81,420,540,1,5
3373,,,13,1,2,2,29,88,300,600,4,5
3374,,,9,1,2,2,37,14,300,600,4,5
3375,,,15,1,2,2,99,20,420,540,3,5
3376,,,9,1,2,3,20,76,300,600,3,5
3377,,,13,1,2,3,78,49,420,540,1,5
3378,,,13,1,2,3,89,32,300,600,3,5
3379,,,15,1,2,3,69,94,420,540,4,5
3380,,,15,2,2,3,40,54,300,420,3,5
3381,,,14,1,2,2,44,44,420,540,2,5
3382,,,2,2,2,2,30,16,420,540,3,5
3383,,,7,1,2,1,83,95,300,600,3,5
3384,,,3,1,2,3,57,24,420,540,1,5
3385,,,11,2,2,3,75,12,60,180,4,5
3386,,,8,1,2,3,68,17,300,600,1,5
3387,,,4,2,2,1,43,62,180,300,3,5
3388,,,5,2,2,3,40,15,180,300,4,5
3389,,,10,2,2,3,70,93,300,420,3,5
3390,,,6,1,2,2,26,28,300,600,4,5
3391,,,14,2,2,3,18,70,180,300,4,5
3392,,,12,2,2,2,36,19,60,180,4,5
3393,,,5,1,2,1,58,38,300,600,4,5
3394,,,13,1,2,1,73,57,420,540,1,5
3395,,,3,2,2,3,50,88,60,180,1,5
3396,,,6,2,2,1,40,9,180,300,3,5
3397,,,9,1,2,3,15,7,420,540,4,5
3398,,,13,2,2,3,39,13,60,180,4,5
3399,,,13,1,2,2,12,7,420,540,4,5
3400,,,11,2,2,2,71,45,420,540,2,5
3401,,,12,2,2,1,25,40,180,300,3,5
3402,,,13,1,2,3,58,8,300,600,1,5
3403,,,9,1,2,1,3,26,420,540,2,5
3404,,,5,1,2,1,65,70,300,600,3,5
3405,,,11,2,2,3,65,50,180,300,2,5
3406,,,13,1,2,1,96,30,300,600,1,5
3407,,,6,1,2,2,56,1,300,600,3,5
3408,,,5,2,2,3,44,43,300,420,3,5
3409,,,8,1,2,3,64,63,420,540,3,5
3410,,,11,2,2,1,91,6,180,300,2,5
3411,,,2,2,2,3,44,59,420,540,4,5
3412,,,11,1,2,2,27,48,300,600,1,5
3413,,,8,1,2,1,85,96,300,600,3,5
3414,,,13,1,2,1,59,19,420,540,2,5
3415,,,2,2,2,3,57,44,60,180,4,5
3416,,,8,1,2,2,91,50,300,600,2,5
3417,,,4,2,2,3,4,37,300,600,3,5
3418,,,10,2,2,3,47,62,300,600,4,5
3419,,,4,1,2,2,5,49,300,600,2,5
3420,,,5,1,2,3,29,49,300,600,4,5
3421,,,3,2,2,3,19,50,60,180,3,5
3422,,,15,1,2,1,40,80,300,600,4,5
3423,,,4,1,2,2,78,14,420,540,3,5
3424,,,13,1,2,2,13,96,300,600,3,5
3425,,,3,2,2,2,93,38,0,300,2,5
3426,,,15,1,2,1,12,39,420,540,1,5
3427,,,10,1,2,2,76,81,300,600,3,5
3428,,,13,1,2,2,31,59,300,600,3,5
3429,,,15,2,2,3,75,13,180,300,2,5
3430,,,8,2,2,1,37,51,420,540,2,5
3431,,,10,1,2,2,81,37,300,600,4,5
3432,,,3,2,2,1,90,85,60,180,3,5
3433,,,1,1,2,2,84,9,420,540,2,5
3434,,,12,2,2,3,53,86,0,300,2,5
3435,,,3,2,2,1,42,37,0,300,4,5
3436,,,8,2,2,3,28,94,180,300,4,5
3437,,,13,1,2,3,25,94,300,600,2,5
3438,,,13,1,2,3,4,49,300,600,4,5
3439,,,8,1,2,1,18,45,420,540,4,5
3440,,,7,2,2,2,80,1,180,300,2,5
3441,,,16,2,2,3,3,97,180,300,2,5
3442,,,2,2,2,3,79,59,0,300,2,5
3443,,,8,2,2,2,68,53,60,180,2,5
3444,,,3,1,2,3,5,97,420,540,4,5
3445,,,14,1,2,2,95,98,300,600,2,5
3446,,,5,2,2,3,8,5,0,300,3,5
3447,,,4,1,2,2,22,2,420,540,2,5
3448,,,12,1,2,2,90,90,420,540,2,5
3449,,,8,2,2,3,78,24,0,300,4,5
3450,,,17,2,2,1,11,27,420,540,3,5
3451,,,15,2,2,1,54,14,300,420,3,5
3452,,,14,1,2,2,20,45,300,600,4,5
3453,,,2,1,2,2,81,36,420,540,1,5
3454,,,10,2,2,1,40,45,180,300,2,5
3455,,,5,2,2,3,26,40,0,300,4,5
3456,,,2,1,2,2,83,14,420,540,3,5
3457,,,15,2,2,2,51,13,0,300,2,5
3458,,,16,1,2,3,27,1,420,540,1,5
3459,,,8,1,2,3,85,29,300,600,3,5
3460,,,11,2,2,2,53,38,0,300,3,5
3461,,,6,1,2,1,23,36,300,600,2,5
3462,,,15,2,2,3,81,80,420,540,2,5
3463,,,10,1,2,1,65,59,300,600,4,5
3464,,,13,1,2,3,68,26,300,600,3,5
3465,,,10,1,2,1,8,47,300,600,4,5
3466,,,7,1,2,3,18,71,420,540,3,5
3467,,,2,1,2,1,58,98,300,600,1,5
3468,,,9,2,2,3,56,98,60,180,1,5
3469,,,9,2,2,3,37,97,0,300,4,5
3470,,,3,1,2,3,80,15,300,600,1,5
3471,,,4,2,2,1,94,34,60,180,2,5
3472,,,13,1,2,3,15,55,300,600,1,5
3473,,,2,2,2,2,5,39,180,300,2,5
3474,,,10,2,2,1,41,36,420,540,1,5
3475,,,1,1,2,2,26,30,420,540,1,5
3476,,,12,2,2,1,87,5,420,540,1,5
3477,,,14,1,2,3,32,39,420,540,3,5
3478,,,10,1,2,2,10,21,300,600,3,5
3479,,,15,2,2,1,52,56,60,180,3,5
3480,,,10,1,2,3,30,7,420,540,1,5
3481,,,2,1,2,2,41,26,300,600,1,5
3482,,,8,1,2,3,3,78,300,600,1,5
3483,,,8,2,2,1,77,89,420,540,4,5
3484,,,11,1,2,2,99,44,420,540,1,5
3485,,,11,1,2,3,59,16,300,600,3,5
3486,,,13,2,2,2,21,79,60,180,2,5
3487,,,4,1,2,3,73,76,420,540,4,5
3488,,,13,2,2,3,66,93,60,180,1,5
3489,,,1,1,2,3,43,78,300,600,2,5
3490,,,6,2,2,1,48,90,60,180,1,5
3491,,,11,2,2,3,13,5,60,180,2,5
3492,,,15,2,2,3,22,87,180,300,4,5
3493,,,3,2,2,2,79,18,180,300,1,5
3494,,,3,1,2,3,39,54,300,600,4,5
3495,,,5,2,2,1,2,84,0,300,2,5
3496,,,4,1,2,2,31,13,420,540,4,5
3497,,,15,2,2,2,67,18,420,540,1,5
3498,,,3,1,2,1,63,3,420,540,4,5
3499,,,14,1,2,2,53,99,300,600,1,5
3500,,,12,2,2,1,45,54,180,300,2,5
3501,,,15,1,2,1,73,65,420,540,4,5
3502,,,4,1,2,2,98,93,420,540,3,5
3503,,,6,1,2,3,71,38,420,540,1,5
3504,,,3,1,2,2,21,65,420,540,4,5
3505,,,15,2,2,1,77,89,300,420,2,5
3506,,,5,1,2,1,95,11,420,540,4,5
3507,,,10,2,2,2,89,76,0,300,2,5
3508,,,16,2,2,2,97,47,60,180,4,5
3509,,,12,1,2,1,39,75,420,540,2,5
3510,,,8,1,2,1,75,79,420,540,4,5
3511,,,14,1,2,2,73,58,300,600,3,5
3512,,,12,2,2,1,30,37,300,420,2,5
3513,,,9,1,2,3,40,61,300,600,4,5
3514,,,9,2,2,3,95,15,180,300,4,5
3515,,,6,2,2,3,58,99,420,540,1,5
3516,,,14,1,2,3,83,13,300,600,4,5
3517,,,2,2,2,3,5,95,420,540,2,5
3518,,,10,1,2,1,95,18,300,600,3,5
3519,,,16,2,2,2,40,85,0,300,2,5
3520,,,15,2,2,3,1,32,420,540,2,5
3521,,,9,2,2,2,65,0,60,180,1,5
3522,,,10,2,2,1,77,36,180,300,3,5
3523,,,12,1,2,3,37,89,420,540,1,5
3524,,,9,1,2,3,18,84,300,600,1,5
3525,,,5,2,2,1,38,6,420,540,4,5
3526,,,7,1,2,3,6,44,420,540,4,5
3527,,,12,2,2,1,39,33,60,180,2,5
3528,,,6,1,2,2,31,68,300,600,1,5
3529,,,14,2,2,1,72,52,420,540,1,5
3530,,,8,1,2,3,20,48,420,540,2,5
3531,,,2,1,2,3,22,85,300,600,4,5
3532,,,7,1,2,2,12,76,420,540,2,5
3533,,,4,2,2,1,34,23,180,300,2,5
3534,,,8,1,2,3,11,17,300,600,2,5
3535,,,6,1,2,2,5,27,420,540,3,5
3536,,,13,2,2,2,39,13,180,300,3,5
3537,,,13,2,2,2,5,70,0,300,1,5
3538,,,6,2,2,2,68,98,180,300,1,5
3539,,,12,2,2,1,39,37,420,540,3,5
3540,,,3,1,2,2,17,32,300,600,2,5
3541,,,15,2,2,2,23,0,300,420,3,5
3542,,,10,1,2,1,8,9,420,540,3,5
3543,,,12,2,2,3,74,92,180,300,4,5
3544,,,9,1,2,3,43,10,420,540,4,5
3545,,,8,1,2,2,29,35,420,540,1,5
3546,,,5,2,2,1,84,47,300,420,4,5
3547,,,8,1,2,3,80,90,300,600,1,5
3548,,,12,1,2,2,7,18,300,600,4,5
3549,,,6,2,2,1,47,25,300,420,4,5
3550,,,3,2,2,3,16,97,420,540,1,5
3551,,,3,2,2,3,65,63,180,300,1,5
3552,,,13,1,2,1,29,18,300,600,3,5
3553,,,13,1,2,1,28,74,300,600,2,5
3554,,,12,2,2,3,27,32,0,300,3,5
3555,,,7,1,2,1,70,80,300,600,3,5
3556,,,10,1,2,3,24,45,420,540,4,5
3557,,,8,2,2,1,44,53,300,600,4,5
3558,,,5,1,2,1,62,24,420,540,3,5
3559,,,15,2,2,3,29,6,180,300,2,5
3560,,,12,2,2,3,19,89,300,420,4,5
3561,,,11,1,2,3,48,6,420,540,3,5
3562,,,13,1,2,1,75,90,420,540,4,5
3563,,,9,2,2,3,97,76,60,180,4,5
3564,,,11,1,2,2,60,99,420,540,1,5
3565,,,12,1,2,3,81,96,420,540,3,5
3566,,,14,2,2,3,4,60,60,180,4,5
3567,,,6,2,2,1,12,81,60,180,4,5
3568,,,13,2,2,3,76,71,180,300,3,5
3569,,,6,2,2,2,87,86,0,300,4,5
3570,,,15,2,2,1,0,76,420,540,4,5
3571,,,9,2,2,3,49,92,300,420,4,5
3572,,,7,2,2,3,37,8,300,420,4,5
3573,,,4,1,2,2,85,8,300,600,1,5
3574,,,14,2,2,1,51,58,0,300,3,5
3575,,,15,2,2,3,10,68,0,300,4,5
3576,,,7,2,2,3,84,49,420,540,4,5
3577,,,11,2,2,1,12,44,180,300,1,5
3578,,,4,2,2,3,73,95,60,180,2,5
3579,,,1,1,2,3,47,42,300,600,3,5
3580,,,12,1,2,1,47,74,300,600,1,5
3581,,,10,1,2,1,76,57,300,600,4,5
3582,,,10,1,2,1,86,19,420,540,4,5
3583,,,9,2,2,1,60,77,0,300,2,5
3584,,,4,1,2,2,79,63,420,540,4,5
3585,,,3,1,2,2,15,65,300,600,3,5
3586,,,15,2,2,1,39,50,180,300,2,5
3587,,,13,1,2,3,8,71,300,600,1,5
3588,,,12,1,2,1,23,21,420,540,4,5
3589,,,14,2,2,3,43,85,60,180,2,5
3590,,,3,2,2,2,13,36,180,300,1,5
3591,,,10,2,2,3,91,47,420,540,4,5
3592,,,3,1,2,3,33,87,420,540,2,5
3593,,,5,1,2,2,80,13,300,600,3,5
3594,,,14,2,2,1,33,61,180,300,2,5
3595,,,13,2,2,3,54,40,300,420,4,5
3596,,,8,2,2,1,97,33,180,300,2,5
3597,,,7,2,2,3,81,98,0,300,4,5
3598,,,12,2,2,1,98,72,300,600,1,5
3599,,,7,2,2,2,82,31,180,300,1,5
3600,,,4,1,2,3,9,38,420,540,3,5
3601,,,6,2,2,1,42,92,0,300,4,5
3602,,,13,1,2,2,37,25,420,540,1,5
3603,,,6,2,2,1,19,93,300,420,1,5
3604,,,10,1,2,1,13,10,420,540,1,5
3605,,,15,1,2,3,71,42,420,540,2,5
3606,,,3,1,2,1,50,48,420,540,4,5
3607,,,13,1,2,1,65,33,300,600,1,5
3608,,,6,2,2,2,42,88,180,300,3,5
3609,,,10,1,2,1,13,39,300,600,4,5
3610,,,5,2,2,2,29,87,0,300,4,5
3611,,,11,2,2,1,81,10,60,180,4,5
3612,,,4,2,2,1,49,0,60,180,4,5
3613,,,11,1,2,2,57,37,300,600,2,5
3614,,,16,2,2,3,95,40,300,420,3,5
3615,,,9,1,2,2,89,82,420,540,3,5
3616,,,14,1,2,3,69,74,300,600,4,5
3617,,,1,1,2,1,1,34,300,600,4,5
3618,,,7,1,2,2,89,17,300,600,1,5
3619,,,12,1,2,3,77,76,420,540,4,5
3620,,,7,1,2,2,51,7,300,600,4,5
3621,,,2,2,2,3,78,9,0,300,3,5
3622,,,3,1,2,3,21,79,300,600,1,5
3623,,,3,1,2,1,42,14,300,600,2,5
3624,,,15,2,2,1,22,89,420,540,1,5
3625,,,3,2,2,2,47,14,180,300,2,5
3626,,,6,2,2,3,68,56,60,180,2,5
3627,,,7,2,2,2,75,89,300,600,3,5
3628,,,11,1,2,1,56,94,420,540,3,5
3629,,,13,1,2,1,81,79,300,600,4,5
3630,,,6,2,2,3,47,57,300,600,2,5
3631,,,13,1,2,1,63,52,420,540,3,5
3632,,,16,2,2,1,21,5,300,600,2,5
3633,,,10,1,2,2,5,35,420,540,4,5
3634,,,4,1,2,2,78,18,420,540,3,5
3635,,,5,1,2,2,61,55,300,600,2,5
3636,,,10,2,2,1,13,59,420,540,1,5
3637,,,14,1,2,2,7,10,420,540,2,5
3638,,,9,1,2,2,36,78,300,600,4,5
3639,,,9,1,2,3,83,39,300,600,4,5
3640,,,6,1,2,1,65,67,420,540,2,5
3641,,,14,1,2,1,84,71,420,540,2,5
3642,,,11,1,2,3,5,32,420,540,1,5
3643,,,13,2,2,1,65,71,300,420,4,5
3644,,,9,2,2,3,55,90,0,300,2,5
3645,,,5,1,2,1,96,40,420,540,3,5
3646,,,3,2,2,1,60,74,0,300,3,5
3647,,,2,2,2,1,59,37,0,300,3,5
3648,,,8,1,2,3,95,45,300,600,4,5
3649,,,14,2,2,3,27,47,180,300,3,5
3650,,,11,1,2,1,9,6,300,600,4,5
3651,,,8,2,2,1,76,100,180,300,2,5
3652,,,4,2,2,2,0,42,180,300,2,5
3653,,,14,2,2,2,30,40,60,180,2,5
3654,,,14,2,2,1,52,11,60,180,3,5
3655,,,3,1,2,2,1,10,420,540,1,5
3656,,,15,1,2,1,84,95,420,540,3,5
3657,,,8,1,2,3,53,2,300,600,1,5
3658,,,8,2,2,2,62,27,0,300,2,5
3659,,,4,1,2,1,48,4,300,600,2,5
3660,,,9,2,2,1,10,14,300,420,4,5
3661,,,5,1,2,2,11,78,420,540,2,5
3662,,,8,1,2,3,31,72,300,600,1,5
3663,,,4,2,2,1,87,38,60,180,2,5
3664,,,14,1,2,2,44,89,300,600,1,5
3665,,,7,1,2,1,10,84,420,540,4,5
3666,,,4,1,2,2,49,0,420,540,4,5
3667,,,11,2,2,3,8,93,180,300,1,5
3668,,,8,1,2,3,78,63,420,540,4,5
3669,,,5,1,2,3,69,68,420,540,2,5
3670,,,7,1,2,3,74,71,300,600,4,5
3671,,,15,1,2,1,93,73,300,600,2,5
3672,,,13,1,2,3,97,11,300,600,1,5
3673,,,5,2,2,3,95,6,420,540,4,5
3674,,,6,2,2,1,14,22,300,420,1,5
3675,,,11,2,2,2,9,33,180,300,4,5
3676,,,9,1,2,2,82,54,420,540,2,5
3677,,,7,1,2,2,34,21,420,540,1,5
3678,,,14,1,2,3,2,80,300,600,3,5
3679,,,11,2,2,2,64,22,60,180,2,5
3680,,,12,2,2,2,64,81,420,540,2,5
3681,,,3,2,2,1,13,14,300,420,2,5
3682,,,15,1,2,3,69,14,300,600,4,5
3683,,,9,2,2,1,100,30,60,180,3,5
3684,,,13,1,2,1,36,78,300,600,4,5
3685,,,10,2,2,2,46,92,300,420,2,5
3686,,,3,2,2,2,60,7,180,300,3,5
3687,,,12,2,2,1,53,76,0,300,4,5
3688,,,14,1,2,3,62,0,300,600,4,5
3689,,,4,1,2,2,67,34,300,600,2,5
3690,,,11,1,2,1,34,11,300,600,2,5
3691,,,14,1,2,2,78,89,420,540,2,5
3692,,,15,2,2,3,13,76,180,300,3,5
3693,,,7,1,2,1,93,78,420,540,2,5
3694,,,3,2,2,3,94,49,60,180,3,5
3695,,,10,1,2,1,89,49,300,600,1,5
3696,,,5,2,2,2,78,57,60,180,2,5
3697,,,6,1,2,3,0,87,300,600,3,5
3698,,,4,2,2,3,22,11,0,300,1,5
3699,,,12,1,2,3,75,75,420,540,3,5
3700,,,4,2,2,2,81,35,60,180,2,5
3701,,,4,1,2,2,85,58,300,600,4,5
3702,,,11,1,2,3,26,84,300,600,4,5
3703,,,5,2,2,3,9,69,420,540,2,5
3704,,,5,1,2,1,76,25,420,540,4,5
3705,,,9,1,2,2,51,78,420,540,1,5
3706,,,9,1,2,1,73,92,420,540,3,5
3707,,,7,1,2,1,20,30,300,600,4,5
3708,,,10,2,2,1,66,20,180,300,3,5
3709,,,5,2,2,3,3,7,180,300,3,5
3710,,,4,2,2,3,60,0,300,420,2,5
3711,,,7,2,2,1,84,83,420,540,1,5
3712,,,16,1,2,3,44,48,420,540,2,5
3713,,,15,1,2,2,98,57,300,600,3,5
3714,,,2,1,2,1,63,89,300,600,2,5
3715,,,4,2,2,2,31,56,60,180,4,5
3716,,,14,1,2,3,13,100,420,540,1,5
3717,,,6,2,2,1,53,75,420,540,1,5
3718,,,9,2,2,3,15,63,300,420,3,5
3719,,,17,2,2,1,26,98,300,420,2,5
3720,,,10,2,2,1,9,79,180,300,2,5
3721,,,16,1,2,2,51,73,420,540,2,5
3722,,,2,2,2,1,52,67,420,540,2,5
3723,,,14,2,2,1,74,44,0,300,1,5
3724,,,5,1,2,3,6,9,420,540,1,5
3725,,,10,1,2,3,40,53,300,600,1,5
3726,,,15,2,2,2,88,43,60,180,2,5
3727,,,1,1,2,3,72,51,420,540,3,5
3728,,,9,2,2,2,18,71,300,420,1,5
3729,,,13,2,2,2,13,99,180,300,3,5
3730,,,13,1,2,3,63,65,300,600,1,5
3731,,,8,2,2,2,26,87,180,300,1,5
3732,,,6,1,2,3,4,98,420,540,1,5
3733,,,9,1,2,3,16,50,300,600,3,5
3734,,,14,2,2,1,21,22,180,300,1,5
3735,,,4,1,2,1,86,25,300,600,4,5
3736,,,12,1,2,3,11,63,420,540,2,5
3737,,,13,1,2,2,9,29,420,540,4,5
3738,,,4,1,2,2,1,86,300,600,4,5
3739,,,10,1,2,2,36,85,420,540,3,5
3740,,,10,1,2,3,73,54,300,600,3,5
3741,,,16,1,2,1,35,61,420,540,1,5
3742,,,12,1,2,2,68,3,300,600,3,5
3743,,,11,1,2,2,97,81,420,540,2,5
3744,,,14,2,2,2,50,77,420,540,1,5
3745,,,11,1,2,1,33,99,420,540,1,5
3746,,,10,2,2,2,36,35,0,300,4,5
3747,,,15,2,2,1,33,73,180,300,1,5
3748,,,15,2,2,2,11,53,180,300,4,5
3749,,,15,1,2,3,9,34,300,600,4,5
3750,,,2,1,2,1,83,60,420,540,3,5
3751,,,10,1,2,2,69,92,300,600,2,5
3752,,,6,1,2,1,78,62,420,540,3,5
3753,,,15,1,2,2,57,49,420,540,2,5
3754,,,7,1,2,3,17,29,420,540,3,5
3755,,,7,1,2,3,81,73,300,600,3,5
3756,,,5,1,2,3,89,60,420,540,4,5
3757,,,6,2,2,2,68,59,0,300,4,5
3758,,,11,1,2,2,20,15,420,540,2,5
3759,,,2,1,2,2,55,91,420,540,4,5
3760,,,16,2,2,2,1,40,300,420,1,5
3761,,,9,2,2,2,71,82,0,300,1,5
3762,,,7,1,2,1,22,48,420,540,2,5
3763,,,5,2,2,3,16,35,420,540,4,5
3764,,,16,1,2,3,65,21,420,540,2,5
3765,,,14,1,2,3,54,96,300,600,3,5
3766,,,13,2,2,1,83,89,60,180,2,5
3767,,,14,1,2,3,54,12,420,540,1,5
3768,,,7,1,2,2,42,49,420,540,2,5
3769,,,4,2,2,1,22,1,300,600,4,5
3770,,,16,2,2,1,82,4,180,300,2,5
3771,,,15,2,2,2,43,17,0,300,4,5
3772,,,15,2,2,2,42,29,180,300,4,5
3773,,,15,1,2,1,83,80,420,540,1,5
3774,,,2,1,2,1,91,13,420,540,3,5
3775,,,11,1,2,3,49,97,300,600,4,5
3776,,,15,1,2,1,42,33,420,540,3,5
3777,,,14,2,2,2,54,74,180,300,2,5
3778,,,7,1,2,2,6,7,300,600,3,5
3779,,,4,1,2,2,10,64,420,540,3,5
3780,,,8,2,2,3,9,0,420,540,1,5
3781,,,4,2,2,2,67,77,60,180,4,5
3782,,,9,1,2,1,82,38,420,540,1,5
3783,,,4,1,2,3,70,100,420,540,1,5
3784,,,2,1,2,3,88,30,420,540,3,5
3785,,,4,1,2,3,49,76,300,600,2,5
3786,,,7,2,2,1,65,51,180,300,4,5
3787,,,4,2,2,2,74,42,180,300,3,5
3788,,,7,1,2,2,90,3,420,540,3,5
3789,,,4,2,2,1,97,40,420,540,1,5
3790,,,5,2,2,1,20,62,0,300,1,5
3791,,,3,1,2,3,100,87,420,540,4,5
3792,,,15,1,2,3,89,10,300,600,3,5
3793,,,13,2,2,2,72,95,180,300,1,5
3794,,,4,1,2,3,82,48,300,600,2,5
3795,,,10,1,2,2,49,2,420,540,4,5
3796,,,12,2,2,3,41,96,300,420,1,5
3797,,,4,1,2,3,87,49,420,540,4,5
3798,,,13,1,2,1,24,26,300,600,3,5
3799,,,3,2,2,2,88,52,300,600,2,5
3800,,,5,1,2,2,11,68,420,540,1,5
3801,,,11,2,2,1,89,60,0,300,3,5
3802,,,11,2,2,2,4,77,180,300,4,5
3803,,,9,1,2,3,45,83,300,600,4,5
3804,,,8,2,2,3,26,94,300,600,3,5
3805,,,3,2,2,1,81,33,60,180,3,5
3806,,,5,1,2,3,53,14,300,600,1,5
3807,,,7,1,2,1,98,46,420,540,2,5
3808,,,14,2,2,2,77,4,0,300,2,5
3809,,,8,1,2,1,92,74,420,540,1,5
3810,,,3,2,2,3,54,68,300,420,4,5
3811,,,13,1,2,3,15,34,420,540,1,5
3812,,,7,1,2,1,57,75,420,540,4,5
3813,,,7,1,2,2,38,87,300,600,4,5
3814,,,13,1,2,3,37,29,420,540,2,5
3815,,,13,2,2,3,84,34,60,180,1,5
3816,,,6,1,2,2,46,24,300,600,2,5
3817,,,11,1,2,3,43,50,300,600,3,5
3818,,,14,2,2,1,77,4,180,300,2,5
3819,,,14,1,2,1,65,48,420,540,3,5
3820,,,6,2,2,1,52,63,420,540,2,5
3821,,,6,2,2,2,96,81,180,300,1,5
3822,,,3,2,2,3,4,23,300,600,3,5
3823,,,4,1,2,2,0,43,300,600,1,5
3824,,,8,2,2,2,21,31,180,300,1,5
3825,,,11,2,2,3,10,15,180,300,2,5
3826,,,4,1,2,2,24,26,300,600,2,5
3827,,,2,2,2,2,35,9,60,180,2,5
3828,,,7,1,2,1,77,17,300,600,2,5
3829,,,15,2,2,3,65,18,300,420,2,5
3830,,,3,2,2,1,87,99,180,300,2,5
3831,,,9,2,2,2,95,59,180,300,1,5
3832,,,13,1,2,3,60,93,420,540,4,5
3833,,,3,2,2,1,22,45,180,300,3,5
3834,,,14,2,2,2,69,73,420,540,2,5
3835,,,12,2,2,2,47,89,300,420,3,5
3836,,,5,1,2,2,3,68,420,540,1,5
3837,,,6,1,2,1,15,89,420,540,4,5
3838,,,6,1,2,2,77,23,420,540,3,5
3839,,,15,2,2,3,73,67,0,300,1,5
3840,,,5,1,2,2,96,82,300,600,2,5
3841,,,5,2,2,3,89,98,0,300,2,5
3842,,,10,1,2,2,25,6,420,540,1,5
3843,,,14,2,2,3,35,0,60,180,3,5
3844,,,11,1,2,2,37,87,420,540,3,5
3845,,,14,2,2,2,12,93,180,300,3,5
3846,,,6,2,2,3,32,16,60,180,2,5
3847,,,7,2,2,1,73,49,300,420,4,5
3848,,,16,1,2,2,75,6,300,600,4,5
3849,,,6,2,2,2,63,23,300,420,1,5
3850,,,9,1,2,3,48,40,300,600,4,5
3851,,,4,1,2,3,60,45,420,540,2,5
3852,,,3,1,2,2,93,4,300,600,1,5
3853,,,4,1,2,1,23,66,420,540,2,5
3854,,,11,2,2,1,94,74,60,180,2,5
3855,,,5,2,2,2,70,3,180,300,4,5
3856,,,7,2,2,1,76,54,300,420,4,5
3857,,,12,2,2,3,26,71,300,420,2,5
3858,,,3,2,2,1,29,99,180,300,4,5
3859,,,8,1,2,2,20,4,300,600,2,5
3860,,,14,1,2,3,2,3,420,540,4,5
3861,,,15,2,2,3,30,23,420,540,2,5
3862,,,12,2,2,1,73,11,180,300,4,5
3863,,,5,2,2,1,67,95,420,540,4,5
3864,,,2,2,2,2,27,66,420,540,3,5
3865,,,8,1,2,1,45,43,300,600,1,5
3866,,,10,2,2,1,61,83,300,600,2,5
3867,,,4,1,2,1,26,87,420,540,3,5
3868,,,8,1,2,3,1,73,420,540,2,5
3869,,,6,1,2,2,14,85,420,540,3,5
3870,,,7,2,2,1,83,49,60,180,3,5
3871,,,15,1,2,3,74,53,420,540,3,5
3872,,,14,2,2,2,78,16,60,180,4,5
3873,,,15,1,2,3,50,27,420,540,2,5
3874,,,8,1,2,2,71,46,300,600,4,5
3875,,,9,2,2,2,86,97,420,540,4,5
3876,,,16,2,2,3,93,7,300,600,4,5
3877,,,14,1,2,1,22,42,420,540,2,5
3878,,,7,1,2,2,37,100,300,600,4,5
3879,,,13,2,2,3,30,97,0,300,1,5
3880,,,15,1,2,1,40,5,300,600,4,5
3881,,,9,1,2,2,36,40,300,600,4,5
3882,,,7,2,2,2,41,90,0,300,2,5
3883,,,7,2,2,2,22,47,180,300,1,5
3884,,,14,1,2,2,62,49,420,540,2,5
3885,,,15,2,2,2,60,5,60,180,1,5
3886,,,10,1,2,2,35,6,420,540,4,5
3887,,,12,2,2,1,55,78,0,300,4,5
3888,,,7,1,2,1,1,82,420,540,1,5
3889,,,12,1,2,1,37,15,420,540,4,5
3890,,,12,1,2,3,43,85,300,600,4,5
3891,,,14,2,2,3,54,38,180,300,4,5
3892,,,12,2,2,3,79,29,0,300,4,5
3893,,,11,2,2,1,54,24,180,300,3,5
3894,,,14,1,2,1,45,89,420,540,1,5
3895,,,6,1,2,1,97,93,420,540,1,5
3896,,,6,2,2,1,43,79,420,540,2,5
3897,,,5,2,2,3,84,54,300,600,2,5
3898,,,12,2,2,1,96,33,60,180,4,5
3899,,,12,1,2,3,83,71,300,600,4,5
3900,,,12,2,2,2,69,95,300,420,4,5
3901,,,7,2,2,3,9,8,300,420,4,5
3902,,,9,1,2,2,66,70,300,600,4,5
3903,,,3,2,2,2,78,50,300,600,1,5
3904,,,10,1,2,2,5,97,420,540,2,5
3905,,,7,2,2,3,22,2,60,180,2,5
3906,,,1,1,2,1,55,47,300,600,2,5
3907,,,13,1,2,2,92,68,300,600,1,5
3908,,,9,2,2,2,86,9,180,300,1,5
3909,,,16,2,2,3,95,42,60,180,3,5
3910,,,6,2,2,2,97,8,180,300,1,5
3911,,,2,1,2,1,7,70,300,600,2,5
3912,,,6,1,2,3,14,57,420,540,3,5
3913,,,3,2,2,2,65,15,0,300,3,5
3914,,,8,1,2,3,71,6,420,540,1,5
3915,,,4,2,2,1,13,92,420,540,4,5
3916,,,4,1,2,2,79,17,300,600,3,5
3917,,,8,1,2,1,47,14,420,540,4,5
3918,,,14,2,2,2,64,44,0,300,2,5
3919,,,7,2,2,3,74,4,0,300,3,5
3920,,,4,2,2,2,34,4,60,180,4,5
3921,,,7,2,2,1,48,56,300,600,4,5
3922,,,12,1,2,1,55,13,300,600,3,5
3923,,,11,2,2,3,98,100,0,300,3,5
3924,,,4,1,2,1,70,99,300,600,1,5
3925,,,8,2,2,3,94,13,60,180,3,5
3926,,,12,2,2,1,55,86,0,300,3,5
3927,,,10,1,2,3,43,33,420,540,3,5
3928,,,5,2,2,3,56,8,420,540,3,5
3929,,,4,2,2,1,50,14,0,300,4,5
3930,,,7,2,2,2,66,77,300,420,2,5
3931,,,17,2,2,2,45,70,180,300,1,5
3932,,,13,2,2,2,25,69,300,420,3,5
3933,,,15,2,2,2,35,19,60,180,3,5
3934,,,3,1,2,3,61,49,300,600,4,5
3935,,,4,1,2,1,29,99,300,600,3,5
3936,,,3,2,2,2,12,73,420,540,4,5
3937,,,8,1,2,2,91,97,300,600,4,5
3938,,,8,2,2,3,71,69,180,300,2,5
3939,,,9,1,2,3,73,4,300,600,3,5
3940,,,13,2,2,3,81,24,60,180,2,5
3941,,,12,2,2,3,67,15,60,180,2,5
3942,,,14,2,2,1,51,20,0,300,2,5
3943,,,1,1,2,2,42,38,420,540,4,5
3944,,,11,1,2,2,11,91,420,540,2,5
3945,,,4,1,2,2,66,43,420,540,4,5
3946,,,10,1,2,1,14,16,420,540,1,5
3947,,,10,2,2,1,82,1,180,300,4,5
3948,,,13,1,2,2,40,77,300,600,3,5
3949,,,4,2,2,3,37,16,60,180,1,5
3950,,,8,1,2,3,64,33,300,600,3,5
3951,,,6,2,2,3,36,10,180,300,3,5
3952,,,2,1,2,3,13,62,300,600,1,5
3953,,,10,2,2,3,48,8,180,300,1,5
3954,,,9,1,2,1,18,40,300,600,1,5
3955,,,14,2,2,3,98,13,420,540,1,5
3956,,,7,1,2,3,98,54,300,600,4,5
3957,,,12,1,2,1,9,36,300,600,2,5
3958,,,8,2,2,2,30,47,60,180,1,5
3959,,,14,1,2,3,41,59,300,600,4,5
3960,,,11,1,2,1,56,52,420,540,4,5
3961,,,13,2,2,1,5,14,60,180,1,5
3962,,,6,1,2,2,80,23,300,600,2,5
3963,,,10,1,2,1,93,31,300,600,2,5
3964,,,16,2,2,2,58,14,180,300,4,5
3965,,,5,1,2,3,2,96,300,600,2,5
3966,,,7,2,2,1,47,44,0,300,4,5
3967,,,9,2,2,2,79,88,0,300,1,5
3968,,,9,1,2,1,20,60,420,540,2,5
3969,,,5,2,2,1,7,14,420,540,1,5
3970,,,14,2,2,3,50,18,420,540,4,5
3971,,,9,2,2,3,94,25,300,600,1,5
3972,,,13,1,2,3,24,43,300,600,3,5
3973,,,14,1,2,2,16,77,300,600,3,5
3974,,,12,1,2,1,18,76,300,600,3,5
3975,,,4,1,2,3,13,89,420,540,2,5
3976,,,14,2,2,1,69,87,420,540,4,5
3977,,,5,2,2,2,46,43,300,600,4,5
3978,,,13,2,2,1,36,44,300,420,1,5
3979,,,15,1,2,2,35,19,420,540,3,5
3980,,,12,2,2,1,51,62,60,180,3,5
3981,,,15,2,2,1,16,79,0,300,2,5
3982,,,6,1,2,3,4,86,300,600,3,5
3983,,,16,2,2,2,64,99,420,540,3,5
3984,,,8,2,2,1,70,96,60,180,1,5
3985,,,10,1,2,1,10,29,420,540,4,5
3986,,,12,2,2,2,52,85,300,600,3,5
3987,,,15,1,2,3,4,92,420,540,3,5
3988,,,2,1,2,3,85,85,300,600,4,5
3989,,,9,1,2,1,63,49,300,600,4,5
3990,,,2,2,2,1,87,83,420,540,3,5
3991,,,7,1,2,3,96,92,300,600,1,5
3992,,,15,1,2,2,94,84,300,600,3,5
3993,,,8,1,2,3,61,15,420,540,3,5
3994,,,12,1,2,1,43,68,420,540,1,5
3995,,,3,2,2,3,63,53,0,300,2,5
3996,,,12,2,2,1,23,17,180,300,3,5
3997,,,4,1,2,3,15,67,420,540,4,5
3998,,,11,2,2,3,18,5,300,600,1,5
3999,,,12,2,2,3,11,96,60,180,4,5
4000,,,7,1,2,1,26,36,300,600,4,5
4001,,,15,1,2,2,21,76,420,540,1,5
4002,,,3,2,2,3,87,75,60,180,4,5
4003,,,7,1,2,3,4,36,300,600,4,5
4004,,,12,1,2,3,93,86,420,540,4,5
4005,,,13,2,2,1,19,40,420,540,1,5
4006,,,15,1,2,3,59,12,420,540,2,5
4007,,,4,1,2,3,62,78,300,600,4,5
4008,,,17,2,2,1,42,43,60,180,1,5
4009,,,11,2,2,3,58,84,60,180,3,5
4010,,,5,2,2,1,78,39,300,420,4,5
4011,,,13,2,2,2,92,98,0,300,1,5
4012,,,14,1,2,1,60,92,420,540,2,5
4013,,,9,1,2,2,0,89,300,600,4,5
4014,,,8,1,2,3,5,99,420,540,1,5
4015,,,4,2,2,1,95,82,420,540,2,5
4016,,,4,2,2,2,18,41,300,420,1,5
4017,,,8,2,2,3,95,41,60,180,1,5
4018,,,6,2,2,1,5,41,0,300,3,5
4019,,,8,1,2,1,24,7,300,600,3,5
4020,,,7,2,2,2,87,87,180,300,3,5
4021,,,12,2,2,1,42,97,420,540,3,5
4022,,,5,2,2,2,35,56,180,300,3,5
4023,,,6,2,2,2,64,89,60,180,4,5
4024,,,6,2,2,2,28,8,0,300,3,5
4025,,,11,2,2,1,37,82,180,300,4,5
4026,,,16,2,2,1,10,67,0,300,4,5
4027,,,11,2,2,1,68,92,300,600,2,5
4028,,,4,2,2,2,83,100,180,300,2,5
4029,,,3,1,2,1,43,89,420,540,1,5
4030,,,15,1,2,2,99,42,300,600,1,5
4031,,,15,2,2,3,37,74,420,540,2,5
4032,,,14,1,2,3,42,98,420,540,2,5
4033,,,4,2,2,1,88,39,420,540,2,5
4034,,,3,2,2,1,42,51,60,180,1,5
4035,,,10,2,2,3,72,71,0,300,4,5
4036,,,5,1,2,1,93,14,420,540,2,5
4037,,,9,2,2,3,27,71,300,420,2,5
4038,,,8,2,2,2,49,3,180,300,4,5
4039,,,7,2,2,1,32,13,300,600,2,5
4040,,,2,2,2,3,48,99,60,180,1,5
4041,,,5,1,2,1,76,60,300,600,4,5
4042,,,3,1,2,1,91,0,420,540,3,5
4043,,,2,1,2,3,39,4,420,540,4,5
4044,,,6,2,2,1,99,22,0,300,3,5
4045,,,8,2,2,2,79,45,180,300,1,5
4046,,,7,2,2,3,63,69,0,300,3,5
4047,,,13,2,2,3,8,64,0,300,2,5
4048,,,15,2,2,2,62,24,0,300,1,5
4049,,,12,2,2,2,56,68,60,180,1,5
4050,,,6,2,2,1,85,54,420,540,4,5
4051,,,3,1,2,1,76,65,300,600,4,5
4052,,,14,2,2,1,90,50,420,540,3,5
4053,,,10,2,2,1,14,60,300,600,4,5
4054,,,13,2,2,1,68,20,60,180,2,5
4055,,,4,2,2,3,19,65,420,540,4,5
4056,,,5,1,2,1,61,56,420,540,2,5
4057,,,16,2,2,3,13,64,420,540,3,5
4058,,,3,1,2,1,57,71,300,600,1,5
4059,,,8,1,2,3,11,55,300,600,2,5
4060,,,9,2,2,2,46,82,300,600,4,5
4061,,,13,1,2,3,84,85,420,540,4,5
4062,,,6,1,2,2,65,30,300,600,2,5
4063,,,16,2,2,3,46,59,300,600,3,5
4064,,,15,2,2,1,9,98,0,300,1,5
4065,,,15,2,2,2,43,18,180,300,4,5
4066,,,11,1,2,3,47,30,420,540,3,5
4067,,,4,1,2,1,81,56,420,540,1,5
4068,,,15,2,2,3,15,84,300,600,4,5
4069,,,16,2,2,3,61,94,300,600,2,5
4070,,,7,1,2,1,50,52,300,600,3,5
4071,,,5,1,2,2,95,49,300,600,3,5
4072,,,8,1,2,1,14,14,300,600,2,5
4073,,,11,2,2,2,72,58,300,420,4,5
4074,,,4,1,2,3,26,84,300,600,2,5
4075,,,13,1,2,3,84,65,420,540,3,5
4076,,,8,2,2,2,46,66,0,300,3,5
4077,,,10,2,2,2,4,46,0,300,3,5
4078,,,10,2,2,1,2,99,0,300,1,5
4079,,,11,2,2,3,16,90,180,300,1,5
4080,,,4,1,2,1,20,5,420,540,4,5
4081,,,3,1,2,1,65,98,300,600,4,5
4082,,,15,2,2,2,88,87,420,540,2,5
4083,,,8,1,2,1,92,66,420,540,3,5
4084,,,14,1,2,3,0,69,420,540,2,5
4085,,,6,1,2,2,94,44,300,600,3,5
4086,,,15,2,2,3,31,22,300,600,1,5
4087,,,5,1,2,3,88,93,420,540,3,5
4088,,,4,2,2,2,94,11,180,300,1,5
4089,,,6,2,2,1,41,53,300,600,2,5
4090,,,6,1,2,3,7,99,300,600,2,5
4091,,,15,2,2,1,93,40,60,180,2,5
4092,,,8,1,2,3,47,31,300,600,3,5
4093,,,5,2,2,1,15,52,60,180,1,5
4094,,,7,2,2,1,66,83,0,300,1,5
4095,,,12,2,2,2,57,59,60,180,4,5
4096,,,7,1,2,2,75,36,420,540,1,5
4097,,,10,1,2,3,43,83,420,540,3,5
4098,,,17,2,2,1,98,36,180,300,3,5
4099,,,14,2,2,2,8,30,300,420,4,5
4100,,,7,2,2,1,69,12,420,540,4,5
4101,,,8,1,2,2,34,61,420,540,2,5
4102,,,13,2,2,1,98,70,0,300,3,5
4103,,,12,1,2,2,33,86,420,540,4,5
4104,,,7,2,2,2,89,53,0,300,1,5
4105,,,3,1,2,2,50,97,300,600,2,5
4106,,,15,1,2,3,59,73,300,600,2,5
4107,,,10,1,2,1,78,1,420,540,1,5
4108,,,15,2,2,1,40,18,0,300,4,5
4109,,,14,1,2,3,20,76,420,540,1,5
4110,,,12,1,2,2,16,5,300,600,1,5
4111,,,5,2,2,2,8,57,420,540,1,5
4112,,,14,2,2,2,12,92,180,300,1,5
4113,,,13,2,2,1,26,73,300,420,3,5
4114,,,13,1,2,2,58,26,420,540,3,5
4115,,,15,2,2,2,43,15,300,420,4,5
4116,,,12,2,2,2,74,13,420,540,3,5
4117,,,13,2,2,2,55,83,0,300,2,5
4118,,,10,1,2,3,82,50,420,540,1,5
4119,,,2,2,2,3,23,73,300,420,1,5
4120,,,4,1,2,3,88,76,420,540,4,5
4121,,,9,2,2,3,29,66,420,540,2,5
4122,,,4,2,2,2,13,59,60,180,3,5
4123,,,11,1,2,3,8,10,300,600,1,5
4124,,,8,2,2,2,16,93,60,180,1,5
4125,,,12,2,2,1,74,20,60,180,1,5
4126,,,3,1,2,3,75,1,420,540,2,5
4127,,,5,2,2,3,83,9,0,300,4,5
4128,,,2,1,2,2,10,65,300,600,3,5
4129,,,13,2,2,3,89,80,0,300,4,5
4130,,,7,1,2,2,3,84,420,540,4,5
4131,,,16,2,2,1,70,99,60,180,4,5
4132,,,4,1,2,1,27,2,300,600,3,5
4133,,,12,1,2,1,100,3,300,600,3,5
4134,,,7,1,2,1,94,39,300,600,2,5
4135,,,2,1,2,3,18,73,300,600,3,5
4136,,,9,2,2,1,84,36,60,180,2,5
4137,,,7,1,2,1,43,11,420,540,2,5
4138,,,13,2,2,3,16,80,60,180,1,5
4139,,,11,2,2,1,7,12,60,180,2,5
4140,,,10,2,2,3,7,48,420,540,1,5
4141,,,13,2,2,1,81,60,60,180,2,5
4142,,,8,1,2,3,70,31,300,600,3,5
4143,,,10,1,2,3,55,64,300,600,1,5
4144,,,6,2,2,3,44,64,180,300,3,5
4145,,,11,1,2,2,81,41,300,600,2,5
4146,,,10,2,2,2,0,78,420,540,4,5
4147,,,14,2,2,1,29,9,420,540,3,5
4148,,,10,1,2,1,64,12,300,600,4,5
4149,,,3,1,2,3,42,55,420,540,4,5
4150,,,11,1,2,2,37,24,300,600,3,5
4151,,,14,1,2,3,98,31,300,600,1,5
4152,,,9,2,2,3,6,4,60,180,1,5
4153,,,9,2,2,1,43,45,60,180,3,5
4154,,,7,1,2,1,77,60,300,600,1,5
4155,,,3,1,2,3,15,78,300,600,4,5
4156,,,14,2,2,2,42,24,420,540,3,5
4157,,,9,2,2,2,12,59,180,300,1,5
4158,,,2,2,2,3,2,27,60,180,3,5
4159,,,10,1,2,3,73,57,300,600,2,5
4160,,,14,1,2,2,77,46,300,600,4,5
4161,,,12,1,2,3,77,50,420,540,1,5
4162,,,11,1,2,3,93,38,420,540,3,5
4163,,,13,1,2,2,85,70,420,540,2,5
4164,,,5,1,2,1,63,15,420,540,4,5
4165,,,9,1,2,2,68,1,420,540,3,5
4166,,,11,1,2,2,7,13,420,540,2,5
4167,,,15,2,2,2,96,35,300,600,4,5
4168,,,8,1,2,3,0,52,300,600,3,5
4169,,,10,2,2,3,64,64,420,540,1,5
4170,,,13,1,2,3,26,58,300,600,1,5
4171,,,9,2,2,2,12,18,0,300,1,5
4172,,,5,2,2,1,26,58,300,420,2,5
4173,,,13,2,2,1,82,7,60,180,2,5
4174,,,5,1,2,2,97,63,420,540,2,5
4175,,,16,2,2,2,5,52,300,420,2,5
4176,,,6,1,2,3,52,41,420,540,4,5
4177,,,11,2,2,3,33,2,60,180,4,5
4178,,,3,2,2,3,98,80,180,300,2,5
4179,,,12,1,2,1,33,16,420,540,1,5
4180,,,8,2,2,3,14,82,180,300,2,5
4181,,,11,2,2,2,24,62,180,300,3,5
4182,,,6,1,2,1,4,4,300,600,1,5
4183,,,2,2,2,2,51,61,420,540,1,5
4184,,,15,2,2,3,98,53,60,180,2,5
4185,,,3,1,2,1,100,40,420,540,1,5
4186,,,15,2,2,2,69,4,60,180,4,5
4187,,,11,2,2,1,47,52,180,300,1,5
4188,,,11,1,2,1,67,22,420,540,4,5
4189,,,2,2,2,1,44,63,180,300,3,5
4190,,,9,1,2,2,88,0,420,540,3,5
4191,,,12,1,2,3,85,38,420,540,3,5
4192,,,14,2,2,1,48,19,420,540,3,5
4193,,,7,2,2,1,51,54,180,300,2,5
4194,,,14,2,2,1,79,76,300,600,1,5
4195,,,12,2,2,1,55,18,420,540,1,5
4196,,,7,2,2,1,10,51,300,420,1,5
4197,,,10,1,2,2,2,56,420,540,4,5
4198,,,13,1,2,1,19,13,300,600,4,5
4199,,,9,2,2,3,28,40,60,180,2,5
4200,,,6,1,2,1,25,79,300,600,1,5
4201,,,15,2,2,3,87,4,420,540,2,5
4202,,,14,1,2,1,80,80,420,540,4,5
4203,,,3,1,2,1,55,43,420,540,1,5
4204,,,14,2,2,1,2,42,60,180,4,5
4205,,,13,2,2,3,82,39,180,300,1,5
4206,,,6,1,2,2,4,31,300,600,2,5
4207,,,13,1,2,2,12,82,420,540,4,5
4208,,,10,1,2,1,19,25,420,540,3,5
4209,,,5,2,2,1,72,88,60,180,1,5
4210,,,3,2,2,1,24,78,60,180,4,5
4211,,,11,2,2,1,21,88,420,540,4,5
4212,,,10,2,2,3,92,6,420,540,4,5
4213,,,9,2,2,2,40,31,420,540,2,5
4214,,,7,1,2,1,66,45,420,540,3,5
4215,,,15,2,2,2,42,58,420,540,1,5
4216,,,15,1,2,2,65,50,300,600,4,5
4217,,,12,2,2,3,99,68,300,420,3,5
4218,,,11,1,2,2,40,47,300,600,3,5
4219,,,8,1,2,3,89,52,300,600,2,5
4220,,,6,2,2,1,70,76,60,180,2,5
4221,,,7,1,2,3,27,73,420,540,3,5
4222,,,3,1,2,1,12,71,420,540,1,5
4223,,,7,2,2,2,18,39,180,300,4,5
4224,,,6,1,2,2,68,45,300,600,1,5
4225,,,15,1,2,2,87,17,420,540,1,5
4226,,,15,1,2,3,10,20,420,540,2,5
4227,,,7,2,2,2,98,9,300,600,3,5
4228,,,2,1,2,1,75,58,420,540,4,5
4229,,,10,2,2,1,66,33,420,540,2,5
4230,,,11,1,2,1,46,99,300,600,1,5
4231,,,7,2,2,3,60,17,420,540,2,5
4232,,,15,1,2,2,97,28,300,600,3,5
4233,,,3,2,2,3,29,68,0,300,1,5
4234,,,7,2,2,3,11,27,420,540,2,5
4235,,,4,2,2,3,79,51,300,600,2,5
4236,,,12,1,2,1,56,90,420,540,3,5
4237,,,7,2,2,1,85,9,300,420,3,5
4238,,,15,2,2,3,66,68,180,300,4,5
4239,,,14,2,2,3,32,15,420,540,4,5
4240,,,6,1,2,3,80,88,300,600,3,5
4241,,,8,1,2,3,54,36,420,540,3,5
4242,,,13,1,2,2,43,49,300,600,4,5
4243,,,5,2,2,3,65,56,300,420,2,5
4244,,,4,2,2,3,73,81,420,540,4,5
4245,,,10,2,2,3,22,66,300,600,4,5
4246,,,5,1,2,1,68,38,300,600,1,5
4247,,,12,1,2,2,39,66,300,600,2,5
4248,,,10,1,2,2,42,74,300,600,4,5
4249,,,14,1,2,3,53,29,420,540,2,5
4250,,,5,1,2,2,77,57,420,540,4,5
4251,,,12,2,2,3,84,74,420,540,3,5
4252,,,10,1,2,3,8,99,420,540,1,5
4253,,,10,1,2,1,58,48,420,540,2,5
4254,,,7,1,2,3,24,49,300,600,4,5
4255,,,5,2,2,2,28,42,0,300,3,5
4256,,,3,1,2,3,95,19,300,600,4,5
4257,,,4,2,2,1,91,79,420,540,4,5
4258,,,13,1,2,3,38,52,420,540,1,5
4259,,,14,2,2,1,72,68,180,300,1,5
4260,,,12,1,2,3,66,80,420,540,4,5
4261,,,9,1,2,2,79,35,420,540,3,5
4262,,,3,1,2,1,3,80,300,600,3,5
4263,,,5,1,2,3,66,55,300,600,2,5
4264,,,11,1,2,3,93,75,300,600,3,5
4265,,,5,2,2,3,52,56,180,300,3,5
4266,,,6,2,2,3,100,22,420,540,1,5
4267,,,15,1,2,1,11,72,420,540,3,5
4268,,,4,2,2,3,53,9,60,180,3,5
4269,,,4,1,2,1,52,95,300,600,2,5
4270,,,5,2,2,3,70,13,0,300,2,5
4271,,,15,1,2,3,56,33,420,540,1,5
4272,,,3,1,2,3,6,96,420,540,1,5
4273,,,11,1,2,2,62,62,420,540,2,5
4274,,,3,2,2,1,7,89,0,300,4,5
4275,,,8,2,2,3,56,55,420,540,2,5
4276,,,3,2,2,3,1,10,300,600,4,5
4277,,,7,2,2,2,80,76,300,600,4,5
4278,,,6,1,2,1,42,66,420,540,4,5
4279,,,13,1,2,2,29,47,300,600,1,5
4280,,,12,1,2,2,25,22,420,540,3,5
4281,,,3,1,2,2,24,26,300,600,1,5
4282,,,10,2,2,2,36,74,0,300,1,5
4283,,,13,1,2,3,19,85,300,600,2,5
4284,,,3,2,2,1,9,43,0,300,1,5
4285,,,12,2,2,3,91,67,180,300,2,5
4286,,,7,2,2,3,17,24,300,600,4,5
4287,,,6,2,2,1,35,93,300,420,2,5
4288,,,3,2,2,1,95,54,180,300,1,5
4289,,,12,2,2,1,18,46,60,180,3,5
4290,,,6,2,2,2,89,53,60,180,2,5
4291,,,8,2,2,1,72,100,300,600,3,5
4292,,,11,2,2,2,55,44,420,540,3,5
4293,,,11,2,2,3,13,5,300,420,3,5
4294,,,11,1,2,3,30,54,300,600,3,5
4295,,,3,2,2,1,7,85,180,300,3,5
4296,,,13,1,2,1,67,3,420,540,1,5
4297,,,14,1,2,3,50,95,300,600,2,5
4298,,,12,2,2,1,15,77,60,180,1,5
4299,,,17,2,2,3,41,89,180,300,3,5
4300,,,5,2,2,2,56,72,300,420,2,5
4301,,,10,1,2,3,56,19,420,540,1,5
4302,,,8,2,2,2,44,63,300,600,2,5
4303,,,4,2,2,3,4,77,420,540,1,5
4304,,,14,2,2,2,56,51,60,180,4,5
4305,,,8,2,2,2,36,10,420,540,4,5
4306,,,13,1,2,3,94,66,420,540,4,5
4307,,,6,2,2,2,64,26,180,300,1,5
4308,,,12,1,2,3,93,72,420,540,4,5
4309,,,7,1,2,3,3,91,420,540,3,5
4310,,,9,1,2,2,6,57,300,600,4,5
4311,,,4,1,2,3,29,96,420,540,3,5
4312,,,10,1,2,3,68,28,420,540,2,5
4313,,,14,2,2,1,11,83,180,300,1,5
4314,,,4,1,2,3,97,41,420,540,2,5
4315,,,10,1,2,2,6,82,300,600,4,5
4316,,,14,2,2,2,46,79,0,300,1,5
4317,,,4,2,2,3,12,14,420,540,2,5
4318,,,3,2,2,2,43,97,420,540,4,5
4319,,,4,2,2,3,74,73,0,300,4,5
4320,,,13,2,2,1,52,67,420,540,2,5
4321,,,13,2,2,2,38,69,180,300,4,5
4322,,,7,1,2,2,72,75,420,540,3,5
4323,,,9,1,2,1,34,6,300,600,2,5
4324,,,3,1,2,2,6,23,420,540,1,5
4325,,,2,2,2,1,0,35,420,540,3,5
4326,,,13,1,2,2,59,34,420,540,1,5
4327,,,3,2,2,1,76,86,180,300,2,5
4328,,,9,2,2,3,95,38,300,600,4,5
4329,,,13,2,2,3,14,88,300,420,3,5
4330,,,16,2,2,3,84,72,420,540,3,5
4331,,,3,1,2,3,41,77,420,540,3,5
4332,,,5,2,2,3,55,94,180,300,4,5
4333,,,15,2,2,2,35,96,60,180,2,5
4334,,,4,1,2,2,32,65,300,600,3,5
4335,,,2,2,2,3,38,3,60,180,3,5
4336,,,8,2,2,3,95,81,420,540,1,5
4337,,,14,2,2,3,11,6,60,180,1,5
4338,,,6,2,2,2,3,23,300,600,2,5
4339,,,13,2,2,3,45,65,0,300,4,5
4340,,,2,2,2,1,82,57,0,300,1,5
4341,,,5,2,2,2,98,69,0,300,3,5
4342,,,4,2,2,3,9,83,180,300,1,5
4343,,,7,2,2,3,89,39,420,540,2,5
4344,,,4,1,2,2,71,54,300,600,1,5
4345,,,11,2,2,2,78,69,180,300,2,5
4346,,,4,2,2,2,83,41,180,300,2,5
4347,,,13,2,2,3,72,58,0,300,3,5
4348,,,14,2,2,3,69,86,0,300,4,5
4349,,,13,2,2,3,80,91,0,300,1,5
4350,,,9,2,2,1,39,48,300,600,3,5
4351,,,11,1,2,3,90,18,300,600,1,5
4352,,,6,2,2,1,4,82,0,300,2,5
4353,,,7,1,2,2,89,54,300,600,1,5
4354,,,15,1,2,3,96,31,420,540,4,5
4355,,,7,1,2,3,41,36,420,540,1,5
4356,,,5,1,2,3,8,78,300,600,3,5
4357,,,11,2,2,3,50,75,420,540,3,5
4358,,,16,1,2,1,86,13,420,540,2,5
4359,,,4,2,2,3,6,29,60,180,1,5
4360,,,8,1,2,3,50,34,420,540,1,5
4361,,,9,1,2,2,31,65,300,600,3,5
4362,,,4,2,2,3,88,23,420,540,2,5
4363,,,2,1,2,3,50,1,420,540,4,5
4364,,,12,2,2,3,48,21,60,180,4,5
4365,,,10,2,2,3,64,73,0,300,4,5
4366,,,13,2,2,3,41,81,300,600,3,5
4367,,,14,1,2,2,99,32,420,540,2,5
4368,,,14,1,2,2,42,67,300,600,1,5
4369,,,4,2,2,2,41,61,0,300,3,5
4370,,,13,2,2,2,87,48,60,180,4,5
4371,,,3,2,2,3,55,27,0,300,2,5
4372,,,11,1,2,1,49,87,420,540,1,5
4373,,,12,1,2,1,10,19,420,540,1,5
4374,,,7,2,2,2,76,90,0,300,3,5
4375,,,12,1,2,2,30,85,300,600,4,5
4376,,,7,2,2,3,12,86,60,180,1,5
4377,,,4,2,2,1,94,10,420,540,1,5
4378,,,6,2,2,2,17,96,180,300,1,5
4379,,,7,2,2,3,87,62,60,180,2,5
4380,,,5,1,2,1,95,24,420,540,2,5
4381,,,5,2,2,2,4,0,60,180,3,5
4382,,,16,2,2,2,68,19,60,180,1,5
4383,,,4,2,2,2,36,36,420,540,1,5
4384,,,1,1,2,2,32,85,300,600,4,5
4385,,,8,1,2,2,35,19,300,600,1,5
4386,,,3,1,2,2,31,58,300,600,3,5
4387,,,9,1,2,3,79,52,420,540,2,5
4388,,,7,2,2,3,71,38,420,540,1,5
4389,,,13,2,2,1,67,34,420,540,1,5
4390,,,7,1,2,3,92,40,300,600,4,5
4391,,,3,2,2,3,69,62,60,180,4,5
4392,,,14,1,2,2,21,29,420,540,4,5
4393,,,8,1,2,1,34,66,420,540,4,5
4394,,,9,2,2,1,77,0,300,420,3,5
4395,,,16,1,2,2,21,11,300,600,4,5
4396,,,15,1,2,2,43,3,300,600,4,5
4397,,,9,2,2,2,68,54,300,420,2,5
4398,,,8,1,2,1,89,75,300,600,1,5
4399,,,2,2,2,3,99,35,0,300,2,5
4400,,,4,1,2,2,19,7,420,540,3,5
4401,,,10,2,2,1,73,1,60,180,1,5
4402,,,7,1,2,2,39,11,420,540,4,5
4403,,,14,1,2,3,40,29,420,540,4,5
4404,,,10,2,2,2,56,44,420,540,1,5
4405,,,10,2,2,1,76,79,60,180,2,5
4406,,,10,2,2,3,73,61,300,600,2,5
4407,,,10,1,2,2,46,30,420,540,4,5
4408,,,6,2,2,2,75,77,300,600,1,5
4409,,,8,2,2,2,36,84,0,300,1,5
4410,,,12,1,2,1,30,79,300,600,2,5
4411,,,6,1,2,3,62,41,420,540,1,5
4412,,,4,2,2,3,47,37,60,180,1,5
4413,,,4,2,2,3,98,91,0,300,4,5
4414,,,16,1,2,2,44,74,420,540,2,5
4415,,,3,2,2,1,32,75,0,300,3,5
4416,,,7,1,2,1,33,37,300,600,4,5
4417,,,11,2,2,2,36,92,180,300,4,5
4418,,,15,1,2,3,14,53,300,600,4,5
4419,,,2,2,2,1,38,34,300,600,3,5
4420,,,9,2,2,2,12,78,60,180,3,5
4421,,,12,1,2,2,89,96,300,600,4,5
4422,,,15,1,2,3,13,52,420,540,2,5
4423,,,8,1,2,3,85,56,420,540,4,5
4424,,,11,1,2,2,61,4,420,540,4,5
4425,,,14,2,2,1,55,97,60,180,4,5
4426,,,12,1,2,2,61,33,420,540,1,5
4427,,,11,1,2,1,72,88,300,600,2,5
4428,,,14,1,2,3,62,99,300,600,2,5
4429,,,12,2,2,1,7,22,60,180,1,5
4430,,,15,1,2,2,17,48,300,600,2,5
4431,,,10,2,2,3,93,100,300,420,1,5
4432,,,6,2,2,3,34,16,420,540,4,5
4433,,,2,2,2,1,83,43,420,540,3,5
4434,,,14,1,2,1,87,50,300,600,1,5
4435,,,8,2,2,2,39,62,420,540,4,5
4436,,,6,2,2,3,98,1,420,540,3,5
4437,,,5,1,2,3,39,44,420,540,2,5
4438,,,3,1,2,2,42,52,420,540,3,5
4439,,,9,2,2,1,52,63,180,300,2,5
4440,,,2,2,2,3,46,20,300,420,3,5
4441,,,3,1,2,1,31,81,420,540,4,5
4442,,,6,2,2,3,82,100,60,180,2,5
4443,,,9,2,2,2,96,23,180,300,1,5
4444,,,2,1,2,2,35,1,420,540,4,5
4445,,,14,2,2,2,65,98,300,600,2,5
4446,,,11,1,2,2,88,41,420,540,3,5
4447,,,7,2,2,2,53,100,420,540,4,5
4448,,,10,2,2,2,50,24,420,540,1,5
4449,,,5,1,2,3,39,6,420,540,4,5
4450,,,2,1,2,2,84,69,300,600,1,5
4451,,,10,1,2,2,30,14,420,540,1,5
4452,,,7,1,2,2,95,94,300,600,3,5
4453,,,3,1,2,3,32,44,420,540,4,5
4454,,,8,2,2,2,49,52,180,300,4,5
4455,,,6,2,2,1,57,65,300,600,2,5
4456,,,13,1,2,2,82,73,420,540,2,5
4457,,,6,1,2,1,39,65,300,600,1,5
4458,,,9,1,2,2,31,38,420,540,3,5
4459,,,5,2,2,1,84,28,180,300,3,5
4460,,,6,2,2,2,89,92,300,600,1,5
4461,,,11,1,2,2,100,92,420,540,2,5
4462,,,8,1,2,2,66,28,420,540,4,5
4463,,,11,2,2,1,78,14,420,540,3,5
4464,,,4,2,2,3,68,10,180,300,1,5
4465,,,4,1,2,1,24,71,300,600,2,5
4466,,,5,1,2,1,15,88,420,540,4,5
4467,,,6,2,2,1,70,84,0,300,3,5
4468,,,7,2,2,1,50,90,0,300,1,5
4469,,,12,2,2,1,16,67,180,300,2,5
4470,,,12,1,2,2,100,71,420,540,1,5
4471,,,12,1,2,3,99,79,420,540,3,5
4472,,,9,2,2,2,37,31,60,180,4,5
4473,,,15,2,2,1,17,65,180,300,3,5
4474,,,13,2,2,3,90,58,300,600,2,5
4475,,,3,1,2,3,70,93,300,600,4,5
4476,,,7,2,2,1,56,86,300,420,4,5
4477,,,11,2,2,3,4,76,60,180,4,5
4478,,,13,2,2,3,24,97,420,540,2,5
4479,,,15,1,2,2,47,100,420,540,2,5
4480,,,2,1,2,1,55,0,300,600,4,5
4481,,,10,2,2,2,97,28,420,540,4,5
4482,,,12,2,2,2,65,19,420,540,4,5
4483,,,5,1,2,2,32,90,300,600,1,5
4484,,,10,1,2,1,18,58,300,600,4,5
4485,,,11,2,2,1,92,3,300,600,2,5
4486,,,8,1,2,3,52,86,300,600,3,5
4487,,,15,2,2,2,83,33,60,180,3,5
4488,,,4,1,2,3,83,91,420,540,3,5
4489,,,16,2,2,1,7,91,180,300,2,5
4490,,,6,1,2,1,91,55,300,600,4,5
4491,,,9,1,2,3,4,48,300,600,2,5
4492,,,3,1,2,2,10,6,420,540,3,5
4493,,,13,1,2,2,61,66,420,540,4,5
4494,,,12,1,2,2,84,75,420,540,3,5
4495,,,8,1,2,1,52,89,300,600,1,5
4496,,,15,1,2,1,96,50,420,540,3,5
4497,,,11,2,2,1,14,13,60,180,3,5
4498,,,10,2,2,3,80,96,180,300,1,5
4499,,,13,1,2,1,38,49,300,600,1,5
4500,,,4,2,2,3,89,84,60,180,2,5
4501,,,14,1,2,3,77,24,420,540,4,5
4502,,,8,1,2,1,47,35,420,540,1,5
4503,,,10,2,2,1,34,63,300,420,3,5
4504,,,6,1,2,3,3,8,420,540,2,5
4505,,,8,2,2,3,75,65,420,540,3,5
4506,,,13,2,2,1,97,41,0,300,3,5
4507,,,8,2,2,1,55,9,420,540,3,5
4508,,,11,1,2,1,20,79,300,600,4,5
4509,,,11,1,2,3,4,79,420,540,3,5
4510,,,2,2,2,1,82,45,0,300,3,5
4511,,,11,2,2,2,27,59,420,540,2,5
4512,,,15,1,2,3,38,46,300,600,3,5
4513,,,9,2,2,1,43,42,180,300,2,5
4514,,,10,1,2,3,100,25,420,540,2,5
4515,,,5,1,2,2,67,73,300,600,3,5
4516,,,9,2,2,3,77,74,420,540,2,5
4517,,,12,2,2,1,10,1,60,180,2,5
4518,,,6,1,2,2,89,84,300,600,3,5
4519,,,12,1,2,3,13,8,420,540,3,5
4520,,,3,2,2,1,66,1,180,300,3,5
4521,,,6,1,2,3,28,12,420,540,2,5
4522,,,3,2,2,1,60,34,60,180,2,5
4523,,,2,1,2,3,19,9,420,540,1,5
4524,,,14,2,2,3,97,20,300,420,4,5
4525,,,11,2,2,1,35,25,180,300,4,5
4526,,,6,2,2,1,31,27,300,600,4,5
4527,,,11,2,2,3,60,16,180,300,3,5
4528,,,5,1,2,1,28,10,420,540,1,5
4529,,,7,2,2,2,41,67,300,600,3,5
4530,,,10,1,2,1,24,40,300,600,1,5
4531,,,3,1,2,1,16,17,420,540,2,5
4532,,,4,2,2,1,6,54,0,300,1,5
4533,,,15,1,2,3,57,72,420,540,1,5
4534,,,15,2,2,3,1,39,60,180,2,5
4535,,,3,2,2,1,97,52,300,600,2,5
4536,,,14,2,2,2,75,43,420,540,3,5
4537,,,5,2,2,3,3,42,420,540,1,5
4538,,,4,1,2,1,24,95,300,600,1,5
4539,,,7,2,2,2,54,17,180,300,1,5
4540,,,7,2,2,3,58,24,0,300,1,5
4541,,,9,2,2,1,42,28,0,300,3,5
4542,,,14,1,2,1,77,24,300,600,4,5
4543,,,13,1,2,2,36,39,300,600,4,5
4544,,,14,2,2,1,33,31,300,600,4,5
4545,,,4,1,2,2,33,23,300,600,1,5
4546,,,5,2,2,1,51,92,180,300,2,5
4547,,,7,2,2,3,96,48,0,300,4,5
4548,,,5,1,2,3,0,95,420,540,3,5
4549,,,6,2,2,2,67,21,60,180,1,5
4550,,,14,1,2,1,15,100,300,600,1,5
4551,,,8,2,2,2,13,25,60,180,3,5
4552,,,3,1,2,2,43,37,420,540,1,5
4553,,,9,1,2,1,20,80,300,600,4,5
4554,,,9,2,2,3,93,1,180,300,1,5
4555,,,13,1,2,1,17,35,300,600,3,5
4556,,,9,2,2,3,65,86,0,300,4,5
4557,,,5,1,2,3,37,99,300,600,3,5
4558,,,15,2,2,1,7,85,420,540,4,5
4559,,,15,2,2,2,82,35,180,300,4,5
4560,,,5,2,2,1,13,59,180,300,1,5
4561,,,12,1,2,3,42,59,420,540,4,5
4562,,,15,2,2,2,23,55,180,300,2,5
4563,,,7,1,2,1,39,74,300,600,3,5
4564,,,4,1,2,3,38,24,300,600,4,5
4565,,,6,2,2,3,41,1,60,180,4,5
4566,,,6,1,2,3,89,42,420,540,2,5
4567,,,9,2,2,3,48,34,180,300,1,5
4568,,,17,2,2,1,96,46,60,180,1,5
4569,,,3,1,2,2,12,42,420,540,2,5
4570,,,4,2,2,2,91,73,420,540,3,5
4571,,,4,1,2,3,72,14,300,600,4,5
4572,,,9,2,2,3,76,92,180,300,2,5
4573,,,2,1,2,1,78,62,300,600,1,5
4574,,,3,1,2,1,25,0,300,600,3,5
4575,,,3,1,2,2,6,31,300,600,4,5
4576,,,5,2,2,2,24,57,0,300,3,5
4577,,,4,2,2,2,23,68,180,300,3,5
4578,,,7,1,2,2,83,29,420,540,3,5
4579,,,4,2,2,1,18,5,180,300,3,5
4580,,,7,1,2,3,91,25,420,540,4,5
4581,,,7,1,2,3,69,42,300,600,3,5
4582,,,8,2,2,3,72,68,300,420,3,5
4583,,,6,1,2,1,74,98,420,540,1,5
4584,,,10,2,2,1,39,95,420,540,1,5
4585,,,8,1,2,2,90,9,420,540,3,5
4586,,,13,2,2,2,49,80,300,600,2,5
4587,,,6,1,2,3,88,52,420,540,2,5
4588,,,14,1,2,2,85,0,300,600,4,5
4589,,,12,2,2,2,49,13,420,540,1,5
4590,,,14,2,2,3,39,44,0,300,2,5
4591,,,12,2,2,3,39,57,420,540,4,5
4592,,,15,2,2,1,45,13,0,300,1,5
4593,,,14,2,2,2,24,22,60,180,2,5
4594,,,13,1,2,1,75,60,300,600,3,5
4595,,,5,1,2,1,36,65,420,540,3,5
4596,,,6,2,2,3,9,52,60,180,3,5
4597,,,3,2,2,2,13,79,180,300,1,5
4598,,,15,2,2,3,99,39,60,180,1,5
4599,,,14,2,2,3,10,88,60,180,2,5
4600,,,8,1,2,2,78,85,420,540,3,5
4601,,,10,2,2,1,37,29,420,540,3,5
4602,,,11,2,2,2,36,66,60,180,4,5
4603,,,10,1,2,1,8,88,300,600,1,5
4604,,,8,1,2,1,92,7,420,540,2,5
4605,,,13,1,2,2,44,11,300,600,2,5
4606,,,2,2,2,3,78,38,0,300,1,5
4607,,,9,1,2,2,46,21,300,600,4,5
4608,,,8,2,2,1,92,1,180,300,4,5
4609,,,3,2,2,1,72,1,0,300,4,5
4610,,,3,2,2,1,67,22,420,540,2,5
4611,,,15,2,2,1,5,52,300,600,3,5
4612,,,12,2,2,1,84,13,180,300,3,5
4613,,,4,1,2,3,75,72,420,540,3,5
4614,,,7,2,2,3,51,35,420,540,2,5
4615,,,15,2,2,2,44,5,300,600,3,5
4616,,,6,1,2,1,9,78,300,600,1,5
4617,,,3,2,2,3,17,82,60,180,2,5
4618,,,9,2,2,2,68,13,420,540,2,5
4619,,,6,2,2,3,27,84,0,300,4,5
4620,,,3,1,2,2,9,94,420,540,3,5
4621,,,1,1,2,2,82,29,420,540,2,5
4622,,,15,1,2,3,79,23,420,540,3,5
4623,,,15,2,2,3,4,46,0,300,2,5
4624,,,14,1,2,2,47,90,420,540,1,5
4625,,,4,1,2,2,52,66,300,600,4,5
4626,,,9,1,2,3,63,89,300,600,3,5
4627,,,15,1,2,3,44,54,420,540,3,5
4628,,,3,2,2,3,95,83,0,300,3,5
4629,,,14,2,2,3,2,73,0,300,1,5
4630,,,6,2,2,1,23,45,300,600,4,5
4631,,,8,2,2,3,23,9,0,300,2,5
4632,,,14,1,2,1,44,75,420,540,2,5
4633,,,1,1,2,2,98,95,420,540,2,5
4634,,,3,2,2,1,92,50,180,300,3,5
4635,,,2,1,2,1,39,33,420,540,4,5
4636,,,11,2,2,3,51,92,180,300,3,5
4637,,,6,1,2,1,82,41,420,540,2,5
4638,,,5,1,2,2,56,45,420,540,2,5
4639,,,5,2,2,2,26,83,60,180,1,5
4640,,,8,2,2,3,35,73,300,420,2,5
4641,,,5,1,2,1,27,75,300,600,4,5
4642,,,4,1,2,1,60,86,420,540,1,5
4643,,,3,1,2,3,74,51,420,540,3,5
4644,,,13,2,2,1,47,57,180,300,1,5
4645,,,3,2,2,3,57,49,300,600,1,5
4646,,,6,1,2,3,66,92,420,540,2,5
4647,,,3,1,2,1,67,71,300,600,3,5
4648,,,4,2,2,3,13,19,180,300,1,5
4649,,,4,1,2,2,80,89,300,600,2,5
4650,,,12,1,2,1,15,27,420,540,3,5
4651,,,6,2,2,2,33,2,420,540,4,5
4652,,,9,1,2,2,98,0,420,540,2,5
4653,,,14,2,2,1,67,22,180,300,1,5
4654,,,9,1,2,2,92,77,300,600,2,5
4655,,,16,2,2,1,2,27,60,180,4,5
4656,,,10,2,2,3,60,2,420,540,4,5
4657,,,11,2,2,2,43,37,300,600,1,5
4658,,,7,2,2,2,14,52,300,600,1,5
4659,,,9,1,2,3,79,54,420,540,1,5
4660,,,13,2,2,2,18,56,60,180,3,5
4661,,,9,1,2,3,45,11,420,540,4,5
4662,,,15,2,2,3,67,56,300,420,4,5
4663,,,4,1,2,2,51,70,420,540,4,5
4664,,,5,1,2,2,36,33,300,600,2,5
4665,,,14,1,2,1,8,11,420,540,1,5
4666,,,1,1,2,3,79,97,300,600,1,5
4667,,,6,1,2,1,21,94,300,600,2,5
4668,,,12,2,2,3,62,62,0,300,3,5
4669,,,10,2,2,2,92,46,180,300,3,5
4670,,,4,2,2,1,26,84,180,300,4,5
4671,,,11,2,2,2,76,11,60,180,3,5
4672,,,8,1,2,1,92,7,420,540,3,5
4673,,,3,1,2,1,36,33,420,540,2,5
4674,,,7,2,2,1,97,3,0,300,3,5
4675,,,11,1,2,1,97,56,420,540,4,5
4676,,,11,1,2,3,22,22,420,540,2,5
4677,,,8,2,2,2,68,12,60,180,1,5
4678,,,13,1,2,2,21,78,420,540,1,5
4679,,,15,2,2,1,17,83,0,300,2,5
4680,,,5,1,2,1,95,42,420,540,1,5
4681,,,15,1,2,3,97,77,300,600,2,5
4682,,,12,2,2,1,51,54,0,300,3,5
4683,,,15,1,2,1,61,22,300,600,1,5
4684,,,3,1,2,2,51,73,420,540,4,5
4685,,,15,2,2,3,55,42,300,420,2,5
4686,,,5,1,2,3,1,21,420,540,1,5
4687,,,13,1,2,3,41,13,300,600,4,5
4688,,,4,2,2,3,81,78,300,600,1,5
4689,,,8,2,2,1,64,94,300,600,4,5
4690,,,10,2,2,3,84,53,300,600,1,5
4691,,,15,1,2,3,39,3,420,540,2,5
4692,,,8,2,2,3,90,20,180,300,3,5
4693,,,6,2,2,2,50,30,0,300,1,5
4694,,,11,1,2,3,37,100,300,600,2,5
4695,,,6,2,2,1,92,92,180,300,1,5
4696,,,16,2,2,2,23,51,420,540,1,5
4697,,,9,1,2,2,71,80,420,540,3,5
4698,,,13,2,2,1,7,95,60,180,3,5
4699,,,8,1,2,2,68,51,300,600,1,5
4700,,,2,1,2,3,42,67,420,540,2,5
4701,,,3,2,2,1,88,20,420,540,1,5
4702,,,4,1,2,3,91,16,300,600,2,5
4703,,,14,1,2,1,6,68,420,540,3,5
4704,,,10,1,2,2,68,42,420,540,1,5
4705,,,5,2,2,1,76,35,180,300,4,5
4706,,,15,2,2,1,76,9,60,180,2,5
4707,,,9,1,2,2,34,37,420,540,3,5
4708,,,9,1,2,3,0,11,420,540,1,5
4709,,,10,2,2,2,57,69,300,600,2,5
4710,,,11,2,2,3,5,39,0,300,3,5
4711,,,4,2,2,3,36,70,300,420,1,5
4712,,,9,1,2,3,28,83,420,540,4,5
4713,,,14,1,2,1,7,12,420,540,3,5
4714,,,3,1,2,1,80,50,420,540,3,5
4715,,,11,2,2,1,91,62,0,300,1,5
4716,,,6,2,2,2,20,89,300,600,4,5
4717,,,12,1,2,1,68,78,420,540,1,5
4718,,,8,2,2,3,57,3,300,600,2,5
4719,,,8,2,2,1,28,74,180,300,4,5
4720,,,14,1,2,1,90,79,300,600,4,5
4721,,,15,2,2,1,87,20,60,180,3,5
4722,,,13,1,2,2,65,56,420,540,3,5
4723,,,8,2,2,3,31,94,0,300,1,5
4724,,,13,2,2,2,0,5,0,300,4,5
4725,,,10,1,2,3,26,48,420,540,1,5
4726,,,5,2,2,2,86,43,60,180,1,5
4727,,,13,2,2,2,46,87,0,300,4,5
4728,,,5,1,2,1,20,22,420,540,1,5
4729,,,3,1,2,2,2,12,420,540,2,5
4730,,,13,2,2,1,99,8,0,300,4,5
4731,,,15,1,2,3,16,95,300,600,2,5
4732,,,13,1,2,3,8,0,420,540,4,5
4733,,,4,2,2,1,76,17,180,300,2,5
4734,,,11,2,2,1,92,0,300,420,4,5
4735,,,14,1,2,2,9,47,300,600,2,5
4736,,,6,1,2,3,61,34,420,540,3,5
4737,,,8,1,2,3,70,24,300,600,3,5
4738,,,12,1,2,2,1,88,300,600,1,5
4739,,,9,2,2,2,87,58,420,540,4,5
4740,,,16,2,2,1,96,46,0,300,4,5
4741,,,12,1,2,1,14,94,300,600,1,5
4742,,,12,1,2,1,26,27,300,600,3,5
4743,,,12,1,2,1,47,57,420,540,1,5
4744,,,10,2,2,2,79,80,300,420,2,5
4745,,,9,2,2,2,89,11,60,180,2,5
4746,,,15,2,2,1,11,30,0,300,3,5
4747,,,7,1,2,1,36,58,420,540,3,5
4748,,,6,2,2,3,56,99,60,180,3,5
4749,,,11,2,2,1,53,26,300,600,1,5
4750,,,10,2,2,2,82,6,60,180,2,5
4751,,,12,1,2,1,28,1,300,600,1,5
4752,,,4,1,2,1,10,91,420,540,2,5
4753,,,3,1,2,1,93,78,420,540,1,5
4754,,,3,1,2,1,41,32,300,600,3,5
4755,,,10,1,2,3,38,66,420,540,3,5
4756,,,16,2,2,1,30,10,0,300,2,5
4757,,,9,2,2,1,62,34,0,300,2,5
4758,,,6,1,2,1,2,89,300,600,4,5
4759,,,7,1,2,1,78,20,300,600,4,5
4760,,,6,2,2,3,94,70,0,300,1,5
4761,,,8,2,2,1,8,75,0,300,1,5
4762,,,14,1,2,2,64,14,300,600,1,5
4763,,,12,2,2,2,10,38,0,300,4,5
4764,,,2,1,2,1,77,56,300,600,2,5
4765,,,10,1,2,2,74,65,420,540,4,5
4766,,,10,1,2,3,28,48,420,540,3,5
4767,,,12,2,2,2,52,29,0,300,2,5
4768,,,15,2,2,1,90,92,60,180,2,5
4769,,,6,2,2,2,45,74,60,180,1,5
4770,,,7,2,2,3,17,23,180,300,2,5
4771,,,8,1,2,3,9,25,300,600,1,5
4772,,,12,1,2,3,35,64,300,600,2,5
4773,,,10,2,2,2,44,6,60,180,1,5
4774,,,3,2,2,2,69,52,300,420,1,5
4775,,,4,1,2,1,96,94,420,540,2,5
4776,,,9,2,2,2,32,85,60,180,4,5
4777,,,10,1,2,1,86,69,300,600,1,5
4778,,,2,2,2,3,99,39,180,300,4,5
4779,,,8,2,2,1,1,56,300,600,3,5
4780,,,12,1,2,2,32,31,420,540,2,5
4781,,,15,2,2,1,82,16,300,420,3,5
4782,,,9,1,2,2,41,67,300,600,2,5
4783,,,12,1,2,1,72,44,420,540,2,5
4784,,,9,1,2,2,72,14,300,600,4,5
4785,,,2,1,2,3,96,27,300,600,4,5
4786,,,10,1,2,1,67,9,300,600,3,5
4787,,,15,1,2,1,68,61,420,540,3,5
4788,,,10,2,2,2,62,8,420,540,1,5
4789,,,3,1,2,2,77,46,420,540,2,5
4790,,,3,1,2,2,52,9,420,540,1,5
4791,,,8,1,2,1,80,9,300,600,4,5
4792,,,11,2,2,3,42,1,180,300,2,5
4793,,,4,2,2,3,98,21,0,300,3,5
4794,,,2,1,2,1,100,69,420,540,4,5
4795,,,14,1,2,2,68,80,420,540,3,5
4796,,,4,2,2,1,74,5,300,420,4,5
4797,,,16,1,2,2,44,59,420,540,3,5
4798,,,4,2,2,1,36,20,180,300,2,5
4799,,,7,1,2,2,48,19,420,540,4,5
4800,,,5,1,2,2,79,69,420,540,3,5
4801,,,11,1,2,2,9,7,300,600,3,5
4802,,,4,1,2,2,81,94,420,540,1,5
4803,,,15,2,2,1,89,92,420,540,2,5
4804,,,10,2,2,2,64,100,60,180,4,5
4805,,,4,1,2,3,94,18,420,540,4,5
4806,,,13,2,2,1,45,34,0,300,4,5
4807,,,4,2,2,3,9,6,420,540,2,5
4808,,,16,1,2,2,41,97,420,540,3,5
4809,,,6,1,2,3,12,53,420,540,3,5
4810,,,16,2,2,1,26,39,420,540,1,5
4811,,,5,2,2,3,98,53,60,180,4,5
4812,,,10,1,2,2,48,74,300,600,2,5
4813,,,6,1,2,2,95,43,300,600,1,5
4814,,,4,1,2,1,82,28,420,540,1,5
4815,,,13,2,2,1,40,72,180,300,2,5
4816,,,8,2,2,3,100,90,300,600,4,5
4817,,,9,1,2,1,57,51,300,600,1,5
4818,,,7,2,2,3,59,47,180,300,4,5
4819,,,13,1,2,1,78,95,420,540,2,5
4820,,,10,1,2,2,71,88,300,600,4,5
4821,,,15,2,2,3,80,15,60,180,4,5
4822,,,4,2,2,1,68,21,0,300,4,5
4823,,,13,1,2,1,14,59,420,540,3,5
4824,,,14,2,2,1,15,76,0,300,2,5
4825,,,2,2,2,1,48,60,180,300,4,5
4826,,,6,1,2,3,61,3,420,540,1,5
4827,,,15,1,2,2,6,24,300,600,3,5
4828,,,12,1,2,2,10,90,420,540,1,5
4829,,,14,2,2,1,86,59,180,300,2,5
4830,,,11,1,2,3,0,18,300,600,3,5
4831,,,5,2,2,3,31,39,300,420,4,5
4832,,,11,1,2,3,47,9,300,600,4,5
4833,,,12,1,2,1,15,22,420,540,2,5
4834,,,8,2,2,1,1,89,0,300,1,5
4835,,,12,2,2,3,9,90,420,540,4,5
4836,,,7,1,2,1,68,20,300,600,3,5
4837,,,9,2,2,3,61,55,420,540,3,5
4838,,,5,2,2,2,70,63,300,420,1,5
4839,,,7,2,2,2,55,68,0,300,4,5
4840,,,9,2,2,2,76,19,300,420,2,5
4841,,,15,1,2,3,25,13,300,600,1,5
4842,,,7,2,2,2,82,47,180,300,2,5
4843,,,6,2,2,1,5,40,420,540,1,5
4844,,,9,1,2,2,68,78,420,540,4,5
4845,,,8,2,2,2,88,56,180,300,4,5
4846,,,4,1,2,2,32,8,420,540,1,5
4847,,,8,2,2,3,66,48,420,540,2,5
4848,,,7,2,2,3,20,44,0,300,3,5
4849,,,6,1,2,3,5,45,300,600,1,5
4850,,,10,1,2,3,5,62,420,540,3,5
4851,,,4,2,2,2,42,43,0,300,4,5
4852,,,7,2,2,3,24,37,420,540,4,5
4853,,,15,2,2,3,16,93,0,300,4,5
4854,,,2,1,2,2,47,41,420,540,2,5
4855,,,10,2,2,1,30,69,180,300,4,5
4856,,,8,1,2,1,97,20,300,600,3,5
4857,,,12,1,2,2,22,72,420,540,1,5
4858,,,8,1,2,2,45,97,300,600,1,5
4859,,,4,2,2,1,22,4,420,540,4,5
4860,,,13,2,2,3,59,71,180,300,1,5
4861,,,4,2,2,1,83,31,0,300,3,5
4862,,,2,1,2,1,49,9,420,540,2,5
4863,,,7,1,2,2,33,37,420,540,3,5
4864,,,6,2,2,1,82,78,60,180,4,5
4865,,,5,2,2,1,69,3,180,300,2,5
4866,,,2,1,2,3,88,79,420,540,2,5
4867,,,15,2,2,2,51,34,0,300,2,5
4868,,,11,1,2,3,97,64,300,600,3,5
4869,,,14,1,2,2,59,94,300,600,2,5
4870,,,12,1,2,2,44,12,300,600,1,5
4871,,,10,1,2,2,93,43,420,540,3,5
4872,,,9,2,2,3,59,25,420,540,1,5
4873,,,9,2,2,2,89,19,180,300,1,5
4874,,,3,1,2,1,58,90,300,600,4,5
4875,,,14,1,2,3,87,72,420,540,1,5
4876,,,15,1,2,1,91,66,420,540,1,5
4877,,,8,1,2,3,36,37,420,540,1,5
4878,,,6,1,2,1,67,66,300,600,4,5
4879,,,4,2,2,1,88,17,180,300,3,5
4880,,,10,1,2,1,19,27,300,600,1,5
4881,,,10,2,2,2,83,26,300,600,4,5
4882,,,13,2,2,3,21,67,60,180,4,5
4883,,,2,2,2,3,67,59,300,420,4,5
4884,,,3,1,2,3,9,73,300,600,2,5
4885,,,8,2,2,3,50,45,300,600,2,5
4886,,,6,1,2,1,12,33,300,600,1,5
4887,,,14,2,2,2,10,83,300,420,4,5
4888,,,14,1,2,1,56,76,300,600,1,5
4889,,,4,1,2,1,61,94,300,600,1,5
4890,,,9,1,2,1,24,24,300,600,1,5
4891,,,5,2,2,1,8,90,60,180,2,5
4892,,,5,1,2,1,32,12,300,600,1,5
4893,,,7,1,2,1,30,65,300,600,2,5
4894,,,10,2,2,3,52,95,60,180,1,5
4895,,,7,2,2,3,82,97,60,180,1,5
4896,,,4,1,2,3,93,93,420,540,2,5
4897,,,5,2,2,3,46,44,0,300,3,5
4898,,,9,1,2,3,4,42,420,540,1,5
4899,,,11,1,2,3,11,85,420,540,3,5
4900,,,9,2,2,1,90,29,420,540,2,5
4901,,,12,1,2,1,8,70,420,540,2,5
4902,,,14,2,2,3,49,85,300,600,4,5
4903,,,16,2,2,1,86,10,60,180,3,5
4904,,,9,1,2,2,22,66,420,540,3,5
4905,,,8,1,2,2,51,57,300,600,1,5
4906,,,6,2,2,2,76,100,0,300,4,5
4907,,,9,2,2,3,46,37,420,540,3,5
4908,,,9,1,2,1,74,34,420,540,2,5
4909,,,6,2,2,1,69,66,180,300,4,5
4910,,,10,2,2,1,62,100,420,540,2,5
4911,,,10,1,2,3,10,48,300,600,3,5
4912,,,10,2,2,2,76,59,60,180,3,5
4913,,,12,2,2,3,48,87,180,300,1,5
4914,,,9,1,2,3,86,92,300,600,1,5
4915,,,13,2,2,2,33,22,0,300,2,5
4916,,,6,2,2,2,86,84,420,540,3,5
4917,,,5,1,2,2,30,79,300,600,1,5
4918,,,3,2,2,1,43,100,420,540,2,5
4919,,,2,2,2,1,77,87,420,540,4,5
4920,,,5,1,2,3,21,90,420,540,4,5
4921,,,13,2,2,3,30,28,420,540,1,5
4922,,,7,1,2,1,97,4,420,540,4,5
4923,,,3,1,2,1,59,27,300,600,2,5
4924,,,2,1,2,1,74,13,300,600,4,5
4925,,,4,1,2,3,17,49,420,540,3,5
4926,,,5,1,2,1,24,24,300,600,1,5
4927,,,5,1,2,3,33,30,420,540,4,5
4928,,,14,2,2,3,87,26,0,300,1,5
4929,,,14,2,2,3,92,18,60,180,1,5
4930,,,10,1,2,3,7,34,420,540,2,5
4931,,,14,1,2,2,44,47,300,600,2,5
4932,,,9,2,2,3,87,84,60,180,4,5
4933,,,13,1,2,1,33,89,300,600,1,5
4934,,,8,1,2,1,42,32,300,600,2,5
4935,,,5,2,2,1,1,43,180,300,2,5
4936,,,10,1,2,1,40,29,300,600,4,5
4937,,,9,2,2,3,37,84,300,420,1,5
4938,,,9,1,2,3,98,26,420,540,1,5
4939,,,8,1,2,2,98,67,300,600,2,5
4940,,,6,2,2,3,35,92,420,540,4,5
4941,,,6,1,2,2,80,32,300,600,1,5
4942,,,7,1,2,2,28,65,300,600,2,5
4943,,,13,2,2,3,91,41,300,600,2,5
4944,,,7,1,2,3,37,66,300,600,2,5
4945,,,6,2,2,2,76,7,300,600,2,5
4946,,,11,1,2,1,50,88,420,540,1,5
4947,,,8,1,2,2,8,52,420,540,1,5
4948,,,15,1,2,3,64,90,420,540,2,5
4949,,,9,1,2,1,79,67,300,600,3,5
4950,,,5,1,2,2,49,24,300,600,2,5
4951,,,11,2,2,2,1,100,60,180,2,5
4952,,,14,2,2,1,23,25,420,540,1,5
4953,,,4,2,2,2,22,13,300,420,1,5
4954,,,3,1,2,1,98,85,420,540,4,5
4955,,,9,2,2,1,3,85,180,300,4,5
4956,,,14,2,2,2,31,94,0,300,2,5
4957,,,8,1,2,3,27,7,420,540,3,5
4958,,,5,2,2,1,61,49,60,180,4,5
4959,,,9,1,2,1,11,63,420,540,1,5
4960,,,1,1,2,3,65,15,420,540,1,5
4961,,,3,1,2,3,28,20,420,540,2,5
4962,,,14,2,2,2,24,12,180,300,4,5
4963,,,11,1,2,1,7,51,420,540,3,5
4964,,,8,1,2,3,77,32,300,600,2,5
4965,,,7,1,2,3,41,24,300,600,4,5
4966,,,3,2,2,1,53,89,0,300,3,5
4967,,,10,2,2,3,8,42,300,420,2,5
4968,,,5,2,2,3,71,30,420,540,2,5
4969,,,8,1,2,3,82,91,420,540,3,5
4970,,,4,2,2,1,60,38,420,540,2,5
4971,,,11,1,2,2,74,75,300,600,4,5
4972,,,10,1,2,1,13,8,300,600,2,5
4973,,,11,2,2,2,100,18,60,180,1,5
4974,,,4,2,2,3,36,9,0,300,1,5
4975,,,4,1,2,2,68,70,300,600,3,5
4976,,,14,1,2,1,95,7,300,600,4,5
4977,,,3,1,2,3,63,19,300,600,4,5
4978,,,6,1,2,1,98,92,300,600,3,5
4979,,,5,2,2,1,100,26,420,540,3,5
4980,,,5,1,2,2,22,83,300,600,3,5
4981,,,7,2,2,3,89,59,180,300,2,5
4982,,,11,2,2,1,61,58,0,300,2,5
4983,,,3,1,2,2,72,33,300,600,3,5
4984,,,10,2,2,2,77,80,180,300,4,5
4985,,,6,2,2,2,87,22,0,300,1,5
4986,,,11,1,2,3,18,84,300,600,1,5
4987,,,4,2,2,2,84,91,180,300,1,5
4988,,,7,2,2,2,0,32,180,300,1,5
4989,,,4,1,2,3,87,77,300,600,2,5
4990,,,13,2,2,3,29,67,60,180,1,5
4991,,,14,2,2,2,47,38,180,300,3,5
4992,,,8,2,2,3,94,46,420,540,1,5
4993,,,15,2,2,3,35,5,0,300,2,5
4994,,,5,1,2,2,91,43,300,600,1,5
4995,,,9,1,2,1,71,87,420,540,4,5
4996,,,9,2,2,1,52,12,0,300,3,5
4997,,,6,2,2,3,55,58,180,300,2,5
4998,,,2,2,2,3,98,47,300,420,1,5
4999,,,6,2,2,1,42,57,420,540,4,5
5000,,,8,2,2,3,72,49,180,300,4,5
5001,,,11,2,2,2,13,29,180,300,4,5
5002,,,14,2,2,1,75,8,60,180,1,5
5003,,,6,1,2,1,28,36,420,540,3,5
5004,,,5,1,2,1,31,77,420,540,2,5
5005,,,4,1,2,1,85,79,420,540,2,5
5006,,,6,2,2,1,68,86,180,300,4,5
5007,,,11,1,2,3,66,82,420,540,2,5
5008,,,5,2,2,2,6,24,0,300,1,5
5009,,,9,2,2,1,45,90,0,300,3,5
5010,,,6,2,2,2,80,23,180,300,2,5
5011,,,10,2,2,1,12,86,0,300,1,5
5012,,,6,2,2,1,20,69,180,300,1,5
5013,,,10,1,2,3,41,60,420,540,1,5
5014,,,7,1,2,1,89,82,300,600,1,5
5015,,,15,2,2,1,73,57,180,300,1,5
5016,,,11,2,2,2,19,74,420,540,3,5
5017,,,11,1,2,2,71,67,420,540,2,5
5018,,,9,1,2,3,89,24,420,540,4,5
5019,,,13,2,2,1,22,81,180,300,4,5
5020,,,2,1,2,1,43,81,420,540,3,5
5021,,,4,2,2,2,76,43,300,420,4,5
5022,,,8,1,2,3,45,80,420,540,2,5
5023,,,4,1,2,2,74,58,420,540,4,5
5024,,,14,1,2,3,10,27,420,540,4,5
5025,,,9,1,2,2,76,13,300,600,1,5
5026,,,13,2,2,1,53,19,420,540,4,5
5027,,,4,2,2,2,7,33,60,180,2,5
5028,,,11,2,2,1,22,92,0,300,3,5
5029,,,9,1,2,2,57,83,420,540,3,5
5030,,,6,1,2,1,72,52,300,600,1,5
5031,,,6,2,2,1,90,24,420,540,4,5
5032,,,15,2,2,3,26,28,180,300,3,5
5033,,,5,2,2,2,48,50,300,600,2,5
5034,,,8,2,2,3,78,45,60,180,1,5
5035,,,17,2,2,1,47,66,0,300,2,5
5036,,,3,1,2,2,12,13,300,600,2,5
5037,,,7,2,2,1,4,65,180,300,1,5
5038,,,13,2,2,1,13,58,420,540,3,5
5039,,,12,2,2,1,90,98,420,540,4,5
5040,,,8,1,2,2,88,48,300,600,2,5
5041,,,10,2,2,1,80,42,420,540,3,5
5042,,,15,1,2,1,6,70,420,540,3,5
5043,,,13,2,2,1,57,63,180,300,3,5
5044,,,13,2,2,2,84,54,0,300,2,5
5045,,,8,2,2,2,46,79,420,540,3,5
5046,,,2,1,2,3,48,43,300,600,1,5
5047,,,13,2,2,2,66,35,60,180,4,5
5048,,,7,2,2,2,12,71,60,180,2,5
5049,,,5,1,2,1,54,23,420,540,3,5
5050,,,12,1,2,2,71,39,300,600,4,5
5051,,,12,2,2,3,68,21,300,600,3,5
5052,,,3,1,2,2,43,64,300,600,4,5
5053,,,11,1,2,2,24,34,300,600,2,5
5054,,,4,2,2,1,82,0,0,300,3,5
5055,,,4,1,2,2,7,25,300,600,4,5
5056,,,5,2,2,3,21,38,420,540,4,5
5057,,,2,1,2,2,55,90,300,600,3,5
5058,,,15,2,2,3,49,41,180,300,4,5
5059,,,17,2,2,3,96,98,420,540,4,5
5060,,,11,2,2,3,34,73,300,420,1,5
5061,,,14,1,2,1,29,71,300,600,4,5
5062,,,4,2,2,1,33,3,180,300,1,5
5063,,,17,2,2,2,98,22,180,300,3,5
5064,,,5,1,2,2,37,56,300,600,3,5
5065,,,10,2,2,1,94,60,300,420,3,5
5066,,,8,1,2,1,22,5,300,600,2,5
5067,,,15,1,2,3,87,58,420,540,3,5
5068,,,14,2,2,2,5,26,0,300,1,5
5069,,,9,1,2,2,16,38,420,540,3,5
5070,,,9,1,2,3,42,42,300,600,2,5
5071,,,15,2,2,1,7,35,300,600,3,5
5072,,,3,1,2,1,66,32,420,540,4,5
5073,,,9,1,2,2,21,40,300,600,1,5
5074,,,15,2,2,1,96,27,60,180,2,5
5075,,,5,2,2,1,57,74,0,300,4,5
5076,,,5,1,2,3,24,57,300,600,4,5
5077,,,8,1,2,2,47,24,300,600,4,5
5078,,,14,1,2,2,37,79,420,540,4,5
5079,,,7,1,2,3,96,75,300,600,4,5
5080,,,4,2,2,3,19,92,0,300,4,5
5081,,,11,2,2,3,70,34,60,180,1,5
5082,,,2,1,2,1,78,75,300,600,1,5
5083,,,16,2,2,1,33,91,180,300,3,5
5084,,,15,2,2,2,44,88,300,600,4,5
5085,,,9,1,2,1,76,10,420,540,3,5
5086,,,10,1,2,3,25,56,300,600,3,5
5087,,,7,2,2,1,37,100,180,300,1,5
5088,,,15,2,2,3,35,87,300,600,4,5
5089,,,8,2,2,2,78,21,180,300,2,5
5090,,,11,2,2,3,91,75,0,300,1,5
5091,,,14,2,2,2,62,21,60,180,3,5
5092,,,7,1,2,2,98,72,420,540,4,5
5093,,,8,2,2,2,17,18,0,300,2,5
5094,,,7,2,2,1,51,52,0,300,4,5
5095,,,2,1,2,3,87,81,420,540,3,5
5096,,,3,1,2,2,81,11,300,600,2,5
5097,,,2,2,2,2,98,67,300,420,4,5
5098,,,13,2,2,1,31,40,300,600,1,5
5099,,,10,1,2,3,77,6,420,540,4,5
5100,,,13,1,2,1,36,49,420,540,1,5
5101,,,6,1,2,1,1,19,420,540,2,5
5102,,,10,1,2,1,76,31,420,540,2,5
5103,,,4,1,2,2,19,38,300,600,4,5
5104,,,10,2,2,3,1,27,0,300,4,5
5105,,,9,2,2,3,16,81,180,300,2,5
5106,,,6,2,2,3,23,45,60,180,1,5
5107,,,13,1,2,1,87,20,300,600,4,5
5108,,,11,2,2,3,75,36,420,540,2,5
5109,,,6,1,2,1,80,68,300,600,1,5
5110,,,15,1,2,2,39,17,300,600,1,5
5111,,,11,1,2,1,61,30,420,540,3,5
5112,,,8,1,2,2,34,59,300,600,3,5
5113,,,7,1,2,1,84,24,420,540,4,5
5114,,,13,1,2,2,37,93,300,600,4,5
5115,,,11,2,2,1,44,8,420,540,3,5
5116,,,11,1,2,2,15,19,420,540,1,5
5117,,,5,2,2,1,60,17,300,600,3,5
5118,,,4,2,2,2,21,72,180,300,2,5
5119,,,3,2,2,3,28,48,300,600,3,5
5120,,,4,2,2,1,9,55,300,420,1,5
5121,,,13,1,2,1,14,49,300,600,1,5
5122,,,8,2,2,3,87,98,180,300,2,5
5123,,,15,2,2,1,99,87,300,420,1,5
5124,,,10,1,2,3,67,66,300,600,3,5
5125,,,8,2,2,2,65,8,60,180,3,5
5126,,,6,1,2,2,77,40,420,540,1,5
5127,,,12,2,2,2,91,22,420,540,3,5
5128,,,11,2,2,2,30,7,180,300,4,5
5129,,,4,1,2,1,12,5,300,600,3,5
5130,,,6,2,2,3,10,37,300,600,4,5
5131,,,9,1,2,1,31,88,420,540,4,5
5132,,,7,2,2,3,23,91,0,300,4,5
5133,,,6,2,2,3,77,81,300,420,2,5
5134,,,13,1,2,2,69,83,420,540,1,5
5135,,,7,2,2,3,16,68,420,540,4,5
5136,,,3,1,2,2,27,76,420,540,4,5
5137,,,13,1,2,1,71,65,420,540,1,5
5138,,,8,1,2,3,5,32,420,540,2,5
5139,,,13,1,2,2,87,11,300,600,4,5
5140,,,6,1,2,3,40,97,300,600,2,5
5141,,,13,1,2,1,49,6,300,600,4,5
5142,,,11,2,2,3,71,55,180,300,4,5
5143,,,14,2,2,1,20,100,180,300,2,5
5144,,,11,2,2,3,75,86,0,300,4,5
5145,,,13,1,2,2,41,75,420,540,1,5
5146,,,5,1,2,1,94,19,420,540,4,5
5147,,,12,1,2,3,79,76,420,540,1,5
5148,,,3,1,2,2,70,83,300,600,1,5
5149,,,4,1,2,2,15,9,300,600,2,5
5150,,,13,2,2,2,21,47,420,540,1,5
5151,,,8,2,2,1,29,87,60,180,2,5
5152,,,5,1,2,2,21,58,420,540,4,5
5153,,,9,2,2,1,70,20,420,540,3,5
5154,,,9,1,2,3,21,11,300,600,4,5
5155,,,13,1,2,3,95,28,420,540,3,5
5156,,,10,1,2,1,34,55,300,600,4,5
5157,,,4,1,2,3,34,63,300,600,2,5
5158,,,4,2,2,3,90,31,0,300,2,5
5159,,,9,2,2,1,43,65,0,300,3,5
5160,,,2,1,2,2,26,55,420,540,2,5
5161,,,10,2,2,1,65,74,300,420,4,5
5162,,,15,2,2,2,71,40,180,300,4,5
5163,,,12,2,2,3,22,61,300,600,3,5
5164,,,11,2,2,2,8,59,180,300,2,5
5165,,,5,1,2,1,92,38,420,540,2,5
5166,,,2,1,2,1,3,75,300,600,2,5
5167,,,7,1,2,1,60,92,420,540,4,5
5168,,,4,2,2,1,77,81,300,600,2,5
5169,,,7,1,2,3,5,74,420,540,1,5
5170,,,8,1,2,2,15,91,300,600,2,5
5171,,,13,2,2,2,5,39,180,300,3,5
5172,,,7,1,2,3,70,0,300,600,2,5
5173,,,13,2,2,3,78,52,300,600,2,5
5174,,,9,2,2,3,23,91,180,300,2,5
5175,,,3,1,2,3,51,44,420,540,3,5
5176,,,6,2,2,2,26,69,300,420,3,5
5177,,,11,1,2,1,59,74,300,600,2,5
5178,,,8,1,2,3,0,100,300,600,2,5
5179,,,8,1,2,2,76,47,420,540,2,5
5180,,,6,1,2,1,59,53,420,540,4,5
5181,,,9,1,2,3,9,70,420,540,4,5
5182,,,16,1,2,3,60,27,300,600,4,5
5183,,,10,1,2,1,94,0,420,540,1,5
5184,,,13,1,2,2,36,72,300,600,4,5
5185,,,8,1,2,1,1,42,420,540,4,5
5186,,,12,2,2,3,99,49,0,300,3,5
5187,,,11,1,2,2,34,47,420,540,3,5
5188,,,13,2,2,1,78,30,180,300,3,5
5189,,,13,1,2,2,99,64,420,540,1,5
5190,,,4,2,2,3,69,31,60,180,3,5
5191,,,14,2,2,3,76,87,180,300,2,5
5192,,,6,1,2,1,50,4,300,600,3,5
5193,,,4,1,2,1,43,42,300,600,1,5
5194,,,9,1,2,3,66,21,420,540,2,5
5195,,,10,1,2,1,34,9,420,540,4,5
5196,,,8,1,2,3,97,37,300,600,1,5
5197,,,7,1,2,3,58,10,300,600,4,5
5198,,,2,1,2,1,28,17,420,540,2,5
5199,,,11,1,2,3,5,57,420,540,1,5
5200,,,6,1,2,3,82,17,420,540,1,5
5201,,,12,1,2,2,85,95,300,600,3,5
5202,,,12,2,2,3,70,65,60,180,2,5
5203,,,4,1,2,1,57,93,420,540,2,5
5204,,,4,2,2,1,45,4,420,540,1,5
5205,,,6,2,2,2,73,73,0,300,2,5
5206,,,6,2,2,1,64,76,0,300,3,5
5207,,,6,2,2,1,39,70,0,300,2,5
5208,,,16,2,2,1,50,91,60,180,4,5
5209,,,9,2,2,3,89,0,180,300,2,5
5210,,,9,1,2,3,88,88,300,600,1,5
5211,,,4,2,2,1,86,69,60,180,3,5
5212,,,10,2,2,1,79,79,0,300,3,5
5213,,,2,1,2,2,72,21,420,540,2,5
5214,,,7,1,2,3,55,1,420,540,4,5
5215,,,4,1,2,1,70,3,420,540,2,5
5216,,,4,1,2,1,99,10,420,540,2,5
5217,,,13,2,2,2,38,27,60,180,4,5
5218,,,12,1,2,2,48,90,420,540,1,5
5219,,,2,2,2,2,89,30,0,300,3,5
5220,,,5,1,2,1,68,79,300,600,4,5
5221,,,11,2,2,2,95,46,180,300,3,5
5222,,,13,1,2,3,30,40,300,600,1,5
5223,,,2,1,2,1,25,54,300,600,3,5
5224,,,6,1,2,2,78,40,420,540,1,5
5225,,,10,2,2,1,92,77,300,420,2,5
5226,,,9,1,2,3,44,65,300,600,1,5
5227,,,7,1,2,1,98,98,300,600,1,5
5228,,,7,1,2,3,73,59,300,600,3,5
5229,,,5,1,2,1,5,21,420,540,2,5
5230,,,6,2,2,3,27,13,300,600,2,5
5231,,,5,2,2,3,4,5,180,300,1,5
5232,,,9,2,2,2,31,13,60,180,1,5
5233,,,3,1,2,1,83,48,300,600,3,5
5234,,,4,2,2,2,59,68,300,420,3,5
5235,,,14,2,2,1,61,13,0,300,2,5
5236,,,12,1,2,2,89,97,420,540,4,5
5237,,,15,2,2,2,39,21,300,600,2,5
5238,,,9,2,2,2,96,85,0,300,3,5
5239,,,11,1,2,3,48,48,300,600,3,5
5240,,,5,1,2,3,35,2,420,540,3,5
5241,,,6,2,2,3,72,13,300,600,2,5
5242,,,12,1,2,2,54,9,300,600,4,5
5243,,,4,2,2,1,13,76,0,300,2,5
5244,,,7,1,2,1,49,19,420,540,1,5
5245,,,12,1,2,1,88,79,420,540,3,5
5246,,,12,2,2,3,33,67,300,420,1,5
5247,,,8,1,2,3,53,97,300,600,1,5
5248,,,9,1,2,3,77,54,420,540,4,5
5249,,,3,2,2,3,86,26,420,540,2,5
5250,,,4,2,2,1,31,11,300,600,4,5
5251,,,6,1,2,2,78,86,420,540,2,5
5252,,,13,1,2,1,43,20,420,540,3,5
5253,,,11,2,2,3,23,52,300,600,1,5
5254,,,11,1,2,1,49,0,300,600,2,5
5255,,,12,2,2,1,31,71,60,180,1,5
5256,,,15,1,2,2,0,54,420,540,2,5
5257,,,4,2,2,2,48,94,0,300,4,5
5258,,,11,2,2,1,73,39,0,300,2,5
5259,,,7,2,2,2,80,89,300,420,3,5
5260,,,4,1,2,1,15,69,300,600,2,5
5261,,,5,2,2,1,56,5,300,420,2,5
5262,,,4,2,2,1,88,44,0,300,3,5
5263,,,9,1,2,3,38,23,420,540,1,5
5264,,,11,2,2,1,38,21,300,600,4,5
5265,,,6,2,2,1,61,97,300,600,3,5
5266,,,6,1,2,1,24,16,300,600,2,5
5267,,,11,2,2,1,10,39,300,420,2,5
5268,,,12,1,2,3,65,72,300,600,1,5
5269,,,9,1,2,3,44,45,300,600,2,5
5270,,,13,1,2,2,24,47,300,600,2,5
5271,,,3,2,2,1,63,89,300,600,1,5
5272,,,9,1,2,1,20,35,300,600,2,5
5273,,,15,1,2,1,85,2,420,540,2,5
5274,,,3,1,2,3,24,49,420,540,1,5
5275,,,10,2,2,3,55,48,60,180,3,5
5276,,,4,2,2,3,9,16,420,540,2,5
5277,,,9,1,2,2,92,49,420,540,4,5
5278,,,12,2,2,1,25,84,0,300,4,5
5279,,,3,1,2,1,92,89,300,600,4,5
5280,,,16,2,2,1,4,42,60,180,4,5
5281,,,11,2,2,3,73,61,60,180,1,5
5282,,,14,1,2,2,92,16,300,600,2,5
5283,,,14,1,2,3,99,94,420,540,2,5
5284,,,6,1,2,3,47,51,300,600,4,5
5285,,,4,1,2,2,47,88,420,540,3,5
5286,,,8,1,2,2,35,32,300,600,1,5
5287,,,15,2,2,2,92,67,0,300,3,5
5288,,,14,1,2,3,20,12,420,540,1,5
5289,,,8,1,2,1,10,18,420,540,1,5
5290,,,14,2,2,3,44,73,0,300,4,5
5291,,,9,1,2,1,64,21,420,540,3,5
5292,,,15,2,2,3,63,95,60,180,1,5
5293,,,13,1,2,1,80,7,420,540,2,5
5294,,,1,1,2,3,21,53,300,600,1,5
5295,,,10,1,2,1,89,36,420,540,2,5
5296,,,13,1,2,1,58,91,420,540,2,5
5297,,,10,2,2,3,10,36,180,300,3,5
5298,,,8,1,2,1,20,28,300,600,2,5
5299,,,13,2,2,3,77,88,300,420,3,5
5300,,,13,1,2,3,32,41,420,540,3,5
5301,,,8,1,2,2,46,13,420,540,3,5
5302,,,3,1,2,3,43,63,420,540,2,5
5303,,,11,1,2,2,0,6,420,540,4,5
5304,,,5,2,2,1,69,80,300,600,2,5
5305,,,12,1,2,1,22,52,300,600,2,5
5306,,,6,1,2,3,79,7,420,540,1,5
5307,,,3,2,2,3,49,79,0,300,3,5
5308,,,10,1,2,2,92,12,300,600,1,5
5309,,,8,2,2,1,29,11,300,420,4,5
5310,,,5,1,2,3,27,41,420,540,4,5
5311,,,9,1,2,2,84,4,420,540,3,5
5312,,,5,2,2,3,67,98,180,300,2,5
5313,,,6,1,2,3,11,67,420,540,1,5
5314,,,9,2,2,2,40,68,300,420,4,5
5315,,,6,2,2,3,76,62,300,600,1,5
5316,,,3,1,2,1,84,31,420,540,3,5
5317,,,5,2,2,2,20,0,420,540,2,5
5318,,,8,1,2,2,53,47,420,540,3,5
5319,,,6,1,2,1,58,37,420,540,3,5
5320,,,7,1,2,2,98,71,300,600,3,5
5321,,,4,1,2,2,52,67,420,540,4,5
5322,,,10,2,2,1,18,49,420,540,4,5
5323,,,4,1,2,3,44,19,420,540,4,5
5324,,,3,2,2,1,3,30,60,180,1,5
5325,,,11,1,2,2,61,96,300,600,3,5
5326,,,7,2,2,1,43,47,180,300,2,5
5327,,,11,2,2,3,99,27,420,540,4,5
5328,,,13,1,2,1,68,85,420,540,1,5
5329,,,12,1,2,2,17,85,420,540,1,5
5330,,,14,2,2,1,35,29,0,300,4,5
5331,,,8,1,2,1,16,90,420,540,2,5
5332,,,4,2,2,2,37,86,420,540,4,5
5333,,,3,2,2,1,31,87,420,540,3,5
5334,,,7,1,2,2,20,23,420,540,2,5
5335,,,13,2,2,1,85,27,60,180,3,5
5336,,,8,2,2,3,77,43,60,180,2,5
5337,,,1,1,2,3,62,11,300,600,1,5
5338,,,14,1,2,2,41,48,300,600,1,5
5339,,,15,2,2,2,35,49,300,420,3,5
5340,,,5,1,2,2,44,83,420,540,2,5
5341,,,6,1,2,1,58,21,420,540,3,5
5342,,,8,1,2,2,12,11,300,600,1,5
5343,,,12,2,2,3,67,86,300,420,3,5
5344,,,16,2,2,1,13,70,180,300,1,5
5345,,,5,2,2,2,53,30,300,420,3,5
5346,,,6,1,2,3,45,48,420,540,4,5
5347,,,3,2,2,2,49,39,60,180,1,5
5348,,,5,1,2,2,25,92,300,600,4,5
5349,,,6,2,2,2,9,13,180,300,4,5
5350,,,12,1,2,1,31,7,420,540,4,5
5351,,,5,2,2,2,68,53,180,300,4,5
5352,,,10,2,2,1,5,83,0,300,1,5
5353,,,9,1,2,3,42,82,420,540,3,5
5354,,,10,2,2,3,77,16,60,180,2,5
5355,,,14,2,2,3,16,52,0,300,1,5
5356,,,14,2,2,1,91,49,0,300,3,5
5357,,,4,2,2,3,66,24,300,600,2,5
5358,,,2,1,2,3,51,55,420,540,1,5
5359,,,10,1,2,1,26,73,420,540,1,5
5360,,,11,1,2,3,39,81,300,600,3,5
5361,,,4,1,2,2,98,21,300,600,3,5
5362,,,10,1,2,1,63,86,300,600,4,5
5363,,,6,2,2,2,36,30,300,420,1,5
5364,,,5,2,2,2,89,21,180,300,4,5
5365,,,2,2,2,1,27,54,0,300,2,5
5366,,,11,1,2,2,70,49,420,540,1,5
5367,,,15,2,2,3,41,81,300,600,4,5
5368,,,17,2,2,3,6,44,180,300,3,5
5369,,,9,1,2,2,2,72,300,600,4,5
5370,,,7,2,2,2,58,26,420,540,1,5
5371,,,2,1,2,1,0,46,300,600,2,5
5372,,,8,1,2,1,59,38,420,540,4,5
5373,,,4,1,2,1,93,69,300,600,4,5
5374,,,4,1,2,2,5,63,300,600,1,5
5375,,,7,2,2,3,33,38,420,540,1,5
5376,,,9,2,2,1,91,66,300,420,1,5
5377,,,2,1,2,3,29,17,420,540,3,5
5378,,,15,2,2,1,58,36,420,540,2,5
5379,,,12,2,2,3,33,80,0,300,3,5
5380,,,13,2,2,1,96,11,300,420,2,5
5381,,,13,1,2,2,50,93,300,600,2,5
5382,,,2,2,2,1,71,23,180,300,2,5
5383,,,9,1,2,2,30,98,300,600,2,5
5384,,,2,1,2,1,89,7,420,540,2,5
5385,,,14,2,2,2,39,97,420,540,2,5
5386,,,12,1,2,3,74,17,300,600,1,5
5387,,,6,2,2,3,64,12,180,300,4,5
5388,,,13,2,2,3,94,4,420,540,4,5
5389,,,10,1,2,3,59,21,300,600,3,5
5390,,,3,2,2,3,56,100,180,300,2,5
5391,,,10,2,2,1,42,72,0,300,1,5
5392,,,8,1,2,3,35,65,420,540,3,5
5393,,,15,1,2,2,30,16,300,600,1,5
5394,,,8,1,2,2,27,94,420,540,4,5
5395,,,13,2,2,3,40,70,180,300,3,5
5396,,,11,1,2,1,25,20,420,540,3,5
5397,,,3,1,2,2,26,16,300,600,4,5
5398,,,15,1,2,3,61,68,300,600,3,5
5399,,,6,1,2,2,32,69,300,600,4,5
5400,,,4,2,2,3,74,60,300,600,3,5
5401,,,5,1,2,1,7,22,420,540,1,5
5402,,,10,2,2,3,10,64,420,540,2,5
5403,,,4,2,2,2,83,15,60,180,4,5
5404,,,14,2,2,2,62,34,300,600,4,5
5405,,,3,1,2,2,69,46,300,600,1,5
5406,,,13,2,2,2,77,5,180,300,2,5
5407,,,16,2,2,3,0,99,300,420,3,5
5408,,,13,2,2,1,88,50,420,540,3,5
5409,,,4,1,2,1,19,93,420,540,3,5
5410,,,2,2,2,1,96,60,300,600,4,5
5411,,,3,1,2,2,68,14,420,540,1,5
5412,,,5,1,2,3,99,43,420,540,4,5
5413,,,11,1,2,2,43,78,300,600,3,5
5414,,,13,2,2,1,62,37,420,540,3,5
5415,,,6,2,2,2,15,1,300,600,2,5
5416,,,6,2,2,1,44,78,420,540,2,5
5417,,,12,2,2,1,27,2,300,420,3,5
5418,,,10,2,2,3,70,99,180,300,2,5
5419,,,12,2,2,2,19,71,420,540,1,5
5420,,,12,2,2,3,71,78,180,300,1,5
5421,,,13,1,2,3,23,44,420,540,2,5
5422,,,2,2,2,1,74,44,420,540,1,5
5423,,,11,2,2,3,82,66,180,300,3,5
5424,,,10,1,2,2,39,46,300,600,1,5
5425,,,11,1,2,1,40,67,300,600,3,5
5426,,,4,1,2,1,17,49,420,540,3,5
5427,,,12,2,2,2,98,53,300,420,4,5
5428,,,13,1,2,1,28,63,420,540,2,5
5429,,,11,1,2,2,100,1,300,600,3,5
5430,,,5,1,2,1,65,76,420,540,3,5
5431,,,9,1,2,1,82,92,420,540,2,5
5432,,,13,1,2,3,49,28,300,600,1,5
5433,,,3,2,2,2,23,75,0,300,4,5
5434,,,7,2,2,2,73,36,60,180,1,5
5435,,,14,2,2,2,17,27,420,540,4,5
5436,,,11,1,2,3,92,100,420,540,3,5
5437,,,12,1,2,1,82,78,420,540,2,5
5438,,,9,2,2,3,27,2,300,420,3,5
5439,,,15,2,2,3,1,49,60,180,1,5
5440,,,8,2,2,2,88,49,300,420,2,5
5441,,,3,2,2,3,57,75,60,180,3,5
5442,,,9,2,2,3,40,44,0,300,2,5
5443,,,7,1,2,1,61,29,300,600,4,5
5444,,,14,1,2,1,30,58,300,600,1,5
5445,,,6,1,2,3,21,22,420,540,2,5
5446,,,4,2,2,1,31,57,180,300,2,5
5447,,,15,2,2,1,94,90,420,540,1,5
5448,,,10,2,2,3,7,84,0,300,4,5
5449,,,5,2,2,2,75,40,300,600,3,5
5450,,,14,2,2,1,63,44,180,300,4,5
5451,,,10,2,2,1,3,36,60,180,3,5
5452,,,5,2,2,1,87,27,420,540,3,5
5453,,,6,2,2,3,81,0,300,420,2,5
5454,,,10,2,2,2,1,56,420,540,2,5
5455,,,14,2,2,1,29,36,60,180,4,5
5456,,,12,1,2,1,67,100,420,540,4,5
5457,,,8,2,2,1,67,31,420,540,3,5
5458,,,6,2,2,1,23,11,180,300,4,5
5459,,,2,1,2,1,78,16,420,540,2,5
5460,,,6,1,2,1,71,95,420,540,1,5
5461,,,13,1,2,2,2,25,420,540,3,5
5462,,,11,2,2,3,92,83,180,300,4,5
5463,,,10,1,2,3,86,18,300,600,3,5
5464,,,3,1,2,1,99,45,420,540,1,5
5465,,,9,2,2,3,68,34,180,300,2,5
5466,,,14,1,2,3,87,60,300,600,1,5
5467,,,10,1,2,3,8,16,300,600,2,5
5468,,,10,1,2,3,81,32,300,600,3,5
5469,,,8,2,2,1,47,6,300,600,1,5
5470,,,2,2,2,1,18,56,420,540,1,5
5471,,,13,1,2,1,26,67,420,540,1,5
5472,,,13,1,2,2,33,85,300,600,3,5
5473,,,7,2,2,2,81,62,420,540,4,5
5474,,,6,2,2,3,19,25,300,420,2,5
5475,,,6,1,2,1,10,81,300,600,3,5
5476,,,13,1,2,2,71,55,300,600,1,5
5477,,,10,1,2,1,27,92,300,600,4,5
5478,,,15,2,2,2,82,83,0,300,4,5
5479,,,7,1,2,1,59,67,420,540,2,5
5480,,,2,1,2,1,46,64,300,600,1,5
5481,,,11,1,2,1,51,10,300,600,2,5
5482,,,2,1,2,1,0,64,300,600,3,5
5483,,,3,2,2,1,15,28,60,180,1,5
5484,,,10,1,2,1,74,15,420,540,3,5
5485,,,15,2,2,1,73,23,0,300,4,5
5486,,,9,1,2,1,7,77,420,540,4,5
5487,,,15,1,2,3,84,85,300,600,2,5
5488,,,12,2,2,2,28,26,420,540,3,5
5489,,,8,1,2,3,35,88,300,600,2,5
5490,,,11,2,2,2,62,84,300,420,4,5
5491,,,5,2,2,3,74,40,420,540,3,5
5492,,,6,1,2,1,45,73,300,600,3,5
5493,,,5,1,2,2,34,85,300,600,3,5
5494,,,12,2,2,2,65,35,180,300,1,5
5495,,,11,1,2,1,86,82,420,540,2,5
5496,,,4,1,2,2,39,44,300,600,1,5
5497,,,5,1,2,2,57,38,300,600,3,5
5498,,,7,2,2,2,46,8,300,420,1,5
5499,,,15,2,2,2,9,13,300,420,2,5
5500,,,9,1,2,2,6,34,300,600,2,5
5501,,,14,2,2,2,55,74,300,600,2,5
5502,,,5,2,2,1,2,10,0,300,3,5
5503,,,15,2,2,1,14,27,420,540,3,5
5504,,,5,1,2,2,20,84,420,540,1,5
5505,,,16,1,2,1,86,95,420,540,4,5
5506,,,3,2,2,3,49,61,0,300,1,5
5507,,,11,2,2,2,14,52,180,300,1,5
5508,,,2,1,2,1,47,88,300,600,2,5
5509,,,11,1,2,3,16,50,300,600,4,5
5510,,,9,1,2,3,8,90,300,600,4,5
5511,,,3,1,2,2,67,81,300,600,1,5
5512,,,2,2,2,1,33,29,60,180,1,5
5513,,,12,1,2,2,23,8,420,540,3,5
5514,,,10,1,2,2,26,59,420,540,2,5
5515,,,8,1,2,3,39,17,300,600,4,5
5516,,,9,2,2,3,81,0,60,180,1,5
5517,,,15,2,2,2,49,55,180,300,4,5
5518,,,11,2,2,2,63,84,60,180,3,5
5519,,,15,1,2,3,85,0,300,600,4,5
5520,,,12,2,2,3,17,9,180,300,2,5
5521,,,16,2,2,3,40,8,420,540,4,5
5522,,,12,2,2,3,61,80,0,300,4,5
5523,,,2,1,2,1,29,22,300,600,2,5
5524,,,15,1,2,1,26,84,420,540,1,5
5525,,,6,2,2,2,52,78,420,540,1,5
5526,,,8,1,2,3,98,83,300,600,4,5
5527,,,8,1,2,1,8,24,420,540,1,5
5528,,,3,2,2,1,53,86,420,540,4,5
5529,,,12,2,2,1,65,85,60,180,4,5
5530,,,7,2,2,3,42,55,420,540,3,5
5531,,,3,2,2,2,1,5,180,300,4,5
5532,,,4,1,2,2,39,97,300,600,2,5
5533,,,15,1,2,2,35,33,300,600,4,5
5534,,,4,1,2,1,63,95,300,600,4,5
5535,,,14,2,2,2,83,50,0,300,2,5
5536,,,14,2,2,1,45,67,300,420,2,5
5537,,,2,2,2,3,21,18,0,300,2,5
5538,,,10,2,2,2,58,46,0,300,4,5
5539,,,9,2,2,1,33,48,0,300,1,5
5540,,,12,1,2,2,5,36,300,600,4,5
5541,,,7,1,2,3,45,42,420,540,3,5
5542,,,14,2,2,2,86,78,60,180,4,5
5543,,,6,2,2,1,27,23,60,180,4,5
5544,,,8,2,2,1,85,31,300,420,3,5
5545,,,7,1,2,3,49,90,300,600,3,5
5546,,,8,1,2,3,52,26,300,600,1,5
5547,,,14,2,2,1,63,84,300,420,2,5
5548,,,10,1,2,1,85,43,300,600,2,5
5549,,,5,1,2,1,99,29,300,600,2,5
5550,,,12,1,2,2,6,49,300,600,4,5
5551,,,13,1,2,3,13,0,300,600,1,5
5552,,,12,1,2,1,55,20,420,540,3,5
5553,,,7,1,2,3,35,87,420,540,1,5
5554,,,11,2,2,1,81,15,300,420,2,5
5555,,,7,1,2,2,41,74,420,540,2,5
5556,,,9,1,2,1,84,92,420,540,4,5
5557,,,9,1,2,3,17,39,420,540,4,5
5558,,,14,2,2,3,97,75,300,600,1,5
5559,,,6,2,2,1,17,21,60,180,2,5
5560,,,3,1,2,1,43,58,420,540,3,5
5561,,,2,2,2,3,60,54,0,300,4,5
5562,,,9,1,2,1,18,69,420,540,1,5
5563,,,2,1,2,2,98,34,420,540,1,5
5564,,,11,1,2,3,41,0,420,540,1,5
5565,,,16,2,2,2,68,33,300,600,2,5
5566,,,9,2,2,1,70,92,180,300,4,5
5567,,,10,2,2,1,100,92,300,600,4,5
5568,,,11,2,2,3,5,100,180,300,3,5
5569,,,17,2,2,3,81,14,420,540,1,5
5570,,,5,1,2,3,47,70,420,540,4,5
5571,,,6,2,2,2,14,88,420,540,3,5
5572,,,2,1,2,1,11,75,420,540,2,5
5573,,,4,2,2,3,13,21,180,300,3,5
5574,,,2,1,2,3,26,61,420,540,4,5
5575,,,6,1,2,1,54,78,300,600,4,5
5576,,,8,1,2,1,46,16,420,540,1,5
5577,,,8,2,2,3,65,95,300,600,1,5
5578,,,4,1,2,3,6,95,300,600,4,5
5579,,,14,2,2,1,65,42,60,180,3,5
5580,,,3,1,2,1,64,7,420,540,2,5
5581,,,2,1,2,3,50,62,300,600,4,5
5582,,,11,1,2,1,77,43,300,600,3,5
5583,,,14,2,2,1,64,9,60,180,4,5
5584,,,4,2,2,3,11,2,420,540,4,5
5585,,,10,1,2,3,21,3,420,540,1,5
5586,,,8,2,2,2,22,21,60,180,3,5
5587,,,8,1,2,1,42,66,300,600,4,5
5588,,,15,1,2,3,57,72,300,600,2,5
5589,,,14,2,2,3,0,0,180,300,3,5
5590,,,10,2,2,2,98,86,420,540,4,5
5591,,,13,2,2,1,25,45,300,420,1,5
5592,,,15,2,2,1,42,17,420,540,2,5
5593,,,5,2,2,3,41,9,0,300,2,5
5594,,,15,1,2,3,29,84,420,540,4,5
5595,,,15,1,2,1,5,58,420,540,1,5
5596,,,13,1,2,1,75,63,300,600,2,5
5597,,,7,2,2,1,38,77,420,540,2,5
5598,,,6,2,2,1,8,92,180,300,1,5
5599,,,2,2,2,2,13,54,60,180,2,5
5600,,,5,2,2,1,84,65,60,180,3,5
5601,,,12,2,2,3,61,99,0,300,1,5
5602,,,3,2,2,2,38,61,60,180,3,5
5603,,,3,2,2,1,29,70,180,300,4,5
5604,,,3,1,2,1,93,67,420,540,2,5
5605,,,6,1,2,3,65,70,300,600,1,5
5606,,,8,1,2,1,40,66,300,600,3,5
5607,,,10,1,2,3,56,28,420,540,4,5
5608,,,2,2,2,3,48,50,300,600,2,5
5609,,,4,2,2,3,89,37,420,540,3,5
5610,,,13,1,2,2,79,1,300,600,1,5
5611,,,6,1,2,1,8,61,420,540,3,5
5612,,,6,2,2,1,47,89,420,540,1,5
5613,,,9,2,2,1,17,20,0,300,1,5
5614,,,5,2,2,1,78,33,0,300,4,5
5615,,,11,1,2,3,33,2,420,540,2,5
5616,,,7,1,2,2,89,40,300,600,4,5
5617,,,9,2,2,2,85,2,180,300,4,5
5618,,,3,1,2,2,8,38,420,540,2,5
5619,,,13,1,2,3,92,57,300,600,1,5
5620,,,9,1,2,2,4,47,420,540,3,5
5621,,,6,1,2,1,22,96,300,600,4,5
5622,,,3,2,2,2,84,90,300,600,4,5
5623,,,8,1,2,3,65,57,420,540,2,5
5624,,,2,1,2,2,74,96,420,540,4,5
5625,,,3,2,2,3,93,66,180,300,3,5
5626,,,2,1,2,2,28,13,420,540,3,5
5627,,,7,1,2,1,50,65,420,540,4,5
5628,,,5,1,2,2,23,97,300,600,2,5
5629,,,10,2,2,2,29,91,0,300,3,5
5630,,,14,2,2,3,12,9,300,600,4,5
5631,,,8,2,2,2,30,31,420,540,1,5
5632,,,10,2,2,1,87,70,0,300,2,5
5633,,,7,2,2,1,69,62,300,600,3,5
5634,,,3,1,2,2,73,44,300,600,4,5
5635,,,8,1,2,2,20,77,420,540,4,5
5636,,,5,1,2,3,39,89,420,540,1,5
5637,,,13,1,2,2,18,62,300,600,3,5
5638,,,9,1,2,3,14,100,300,600,2,5
5639,,,5,1,2,2,45,99,420,540,4,5
5640,,,8,1,2,1,85,69,300,600,2,5
5641,,,10,2,2,3,21,22,420,540,1,5
5642,,,15,2,2,1,60,67,180,300,1,5
5643,,,9,2,2,2,97,100,60,180,4,5
5644,,,8,2,2,2,20,38,0,300,1,5
5645,,,13,2,2,1,85,36,420,540,3,5
5646,,,12,1,2,1,52,59,420,540,2,5
5647,,,1,1,2,1,62,14,420,540,3,5
5648,,,3,2,2,3,58,42,180,300,2,5
5649,,,8,2,2,2,97,32,420,540,4,5
5650,,,15,1,2,1,64,91,420,540,1,5
5651,,,8,1,2,3,4,19,300,600,1,5
5652,,,4,2,2,1,68,80,0,300,3,5
5653,,,6,1,2,1,4,86,300,600,2,5
5654,,,14,1,2,3,55,43,300,600,4,5
5655,,,9,2,2,1,68,46,300,420,4,5
5656,,,12,2,2,3,54,69,180,300,3,5
5657,,,8,1,2,3,2,75,300,600,3,5
5658,,,6,2,2,3,22,64,180,300,2,5
5659,,,11,1,2,3,51,90,420,540,3,5
5660,,,5,2,2,1,17,58,0,300,3,5
5661,,,9,1,2,1,95,85,300,600,1,5
5662,,,13,2,2,3,37,34,0,300,4,5
5663,,,15,1,2,2,93,72,300,600,4,5
5664,,,13,1,2,1,25,46,420,540,1,5
5665,,,4,2,2,2,96,63,0,300,4,5
5666,,,4,2,2,3,49,67,60,180,4,5
5667,,,10,2,2,1,88,71,180,300,1,5
5668,,,5,1,2,2,63,61,300,600,4,5
5669,,,3,1,2,1,96,91,420,540,4,5
5670,,,9,1,2,1,11,75,300,600,4,5
5671,,,7,1,2,3,35,76,420,540,3,5
5672,,,4,1,2,2,8,12,300,600,4,5
5673,,,3,2,2,2,44,14,60,180,1,5
5674,,,7,2,2,1,14,64,0,300,4,5
5675,,,5,2,2,3,87,45,60,180,3,5
5676,,,7,1,2,2,53,94,420,540,4,5
5677,,,7,1,2,2,58,76,300,600,4,5
5678,,,10,1,2,1,60,55,300,600,2,5
5679,,,15,2,2,1,98,83,300,600,4,5
5680,,,16,2,2,3,22,7,60,180,4,5
5681,,,12,1,2,1,81,40,300,600,2,5
5682,,,9,1,2,1,67,16,420,540,2,5
5683,,,4,2,2,2,78,11,60,180,2,5
5684,,,1,1,2,1,62,85,300,600,1,5
5685,,,6,1,2,2,2,98,420,540,2,5
5686,,,2,2,2,2,53,57,180,300,2,5
5687,,,6,1,2,2,94,28,300,600,3,5
5688,,,15,1,2,1,80,36,420,540,3,5
5689,,,7,2,2,1,75,72,0,300,4,5
5690,,,4,1,2,2,84,28,300,600,3,5
5691,,,5,1,2,3,26,21,420,540,3,5
5692,,,15,1,2,3,19,47,420,540,3,5
5693,,,13,1,2,1,38,42,420,540,2,5
5694,,,10,2,2,3,1,70,420,540,2,5
5695,,,15,2,2,2,98,44,420,540,1,5
5696,,,7,2,2,1,98,95,0,300,2,5
5697,,,16,2,2,3,44,19,300,420,3,5
5698,,,15,2,2,1,85,15,180,300,4,5
5699,,,5,1,2,1,90,5,420,540,1,5
5700,,,12,2,2,3,50,36,60,180,3,5
5701,,,14,1,2,1,63,0,300,600,3,5
5702,,,11,2,2,3,97,62,60,180,1,5
5703,,,3,2,2,1,47,58,420,540,3,5
5704,,,4,2,2,1,26,40,60,180,4,5
5705,,,2,2,2,2,41,7,60,180,1,5
5706,,,5,1,2,1,10,25,300,600,3,5
5707,,,16,1,2,3,33,4,300,600,3,5
5708,,,10,1,2,1,49,16,300,600,2,5
5709,,,11,2,2,1,72,52,180,300,1,5
5710,,,4,1,2,2,45,37,300,600,4,5
5711,,,14,1,2,2,62,1,300,600,2,5
5712,,,4,1,2,2,85,69,420,540,3,5
5713,,,11,2,2,2,78,97,420,540,2,5
5714,,,15,1,2,2,3,25,300,600,3,5
5715,,,10,1,2,3,11,0,420,540,2,5
5716,,,13,1,2,3,30,12,300,600,4,5
5717,,,7,1,2,2,92,0,420,540,3,5
5718,,,7,2,2,2,80,32,0,300,2,5
5719,,,15,2,2,1,4,70,0,300,3,5
5720,,,2,1,2,2,79,24,420,540,4,5
5721,,,6,2,2,3,85,69,0,300,3,5
5722,,,5,2,2,2,15,92,420,540,1,5
5723,,,9,1,2,2,32,83,420,540,3,5
5724,,,15,2,2,1,26,29,420,540,1,5
5725,,,5,1,2,3,34,3,420,540,3,5
5726,,,8,2,2,2,35,86,420,540,2,5
5727,,,4,1,2,3,52,23,300,600,4,5
5728,,,8,1,2,3,56,51,300,600,3,5
5729,,,7,1,2,1,60,85,300,600,3,5
5730,,,9,2,2,1,43,96,300,600,1,5
5731,,,8,1,2,1,50,55,300,600,3,5
5732,,,8,1,2,2,52,32,300,600,2,5
5733,,,5,1,2,2,9,48,300,600,2,5
5734,,,5,1,2,1,36,90,420,540,1,5
5735,,,11,1,2,2,32,6,420,540,2,5
5736,,,5,2,2,1,82,27,60,180,4,5
5737,,,14,2,2,3,90,4,0,300,2,5
5738,,,9,1,2,1,30,55,300,600,3,5
5739,,,12,2,2,3,55,67,180,300,3,5
5740,,,14,2,2,1,75,48,180,300,3,5
5741,,,9,2,2,2,89,36,0,300,4,5
5742,,,4,1,2,1,40,27,300,600,4,5
5743,,,3,2,2,3,44,63,300,420,4,5
5744,,,5,1,2,2,47,50,420,540,3,5
5745,,,5,2,2,3,78,50,180,300,4,5
5746,,,16,1,2,3,82,87,420,540,1,5
5747,,,13,2,2,2,5,98,300,420,4,5
5748,,,4,2,2,1,68,67,420,540,3,5
5749,,,15,1,2,2,41,89,300,600,1,5
5750,,,7,2,2,2,87,71,0,300,1,5
5751,,,6,1,2,3,94,99,420,540,2,5
5752,,,10,2,2,2,61,6,60,180,4,5
5753,,,14,2,2,3,47,43,0,300,1,5
5754,,,7,1,2,3,4,73,420,540,4,5
5755,,,16,2,2,3,97,97,0,300,1,5
5756,,,12,1,2,3,8,96,300,600,1,5
5757,,,5,2,2,3,8,86,0,300,3,5
5758,,,14,2,2,3,21,100,300,420,3,5
5759,,,5,2,2,1,42,57,420,540,3,5
5760,,,3,2,2,1,56,39,60,180,4,5
5761,,,10,1,2,3,39,16,420,540,3,5
5762,,,6,1,2,2,18,26,300,600,1,5
5763,,,10,1,2,1,23,22,300,600,2,5
5764,,,10,1,2,2,70,62,420,540,3,5
5765,,,6,1,2,3,69,50,420,540,1,5
5766,,,2,2,2,3,71,16,180,300,3,5
5767,,,2,2,2,3,97,80,0,300,4,5
5768,,,9,1,2,3,98,39,420,540,1,5
5769,,,1,1,2,2,88,47,300,600,4,5
5770,,,11,1,2,2,82,0,420,540,2,5
5771,,,8,1,2,3,92,28,300,600,1,5
5772,,,8,1,2,3,40,14,420,540,3,5
5773,,,11,1,2,3,54,28,420,540,1,5
5774,,,8,2,2,1,46,36,60,180,3,5
5775,,,8,2,2,1,80,100,60,180,2,5
5776,,,6,1,2,3,55,39,420,540,2,5
5777,,,17,2,2,3,35,96,420,540,4,5
5778,,,3,2,2,1,88,80,180,300,2,5
5779,,,14,1,2,1,50,50,300,600,1,5
5780,,,12,1,2,2,85,86,300,600,2,5
5781,,,4,2,2,2,17,64,180,300,3,5
5782,,,4,2,2,3,71,30,300,600,2,5
5783,,,8,1,2,2,97,30,420,540,1,5
5784,,,9,1,2,2,9,25,420,540,2,5
5785,,,12,1,2,1,63,16,420,540,4,5
5786,,,14,2,2,1,99,16,0,300,2,5
5787,,,16,2,2,2,43,41,300,600,4,5
5788,,,12,1,2,1,78,51,300,600,3,5
5789,,,2,1,2,2,83,63,420,540,1,5
5790,,,3,2,2,2,28,73,300,420,4,5
5791,,,3,1,2,3,0,69,420,540,3,5
5792,,,6,1,2,1,55,99,300,600,2,5
5793,,,12,2,2,3,51,40,420,540,3,5
5794,,,10,1,2,3,80,5,420,540,2,5
5795,,,15,1,2,3,60,23,300,600,1,5
5796,,,15,2,2,2,4,28,420,540,3,5
5797,,,11,1,2,1,89,17,420,540,3,5
5798,,,11,2,2,3,75,78,420,540,1,5
5799,,,14,2,2,3,73,10,0,300,2,5
5800,,,9,1,2,1,60,3,300,600,3,5
5801,,,4,1,2,1,10,52,300,600,4,5
5802,,,7,2,2,1,90,2,60,180,3,5
5803,,,10,1,2,2,66,18,300,600,2,5
5804,,,13,1,2,3,65,21,300,600,2,5
5805,,,12,2,2,3,25,96,60,180,1,5
5806,,,16,2,2,1,41,11,60,180,4,5
5807,,,7,2,2,2,76,41,0,300,4,5
5808,,,8,1,2,3,80,65,300,600,1,5
5809,,,7,2,2,3,9,65,420,540,4,5
5810,,,6,2,2,1,52,53,300,420,4,5
5811,,,3,2,2,2,41,5,420,540,3,5
5812,,,10,2,2,3,62,22,180,300,1,5
5813,,,3,1,2,3,100,81,420,540,1,5
5814,,,1,1,2,1,9,62,420,540,2,5
5815,,,1,1,2,3,55,48,300,600,2,5
5816,,,15,2,2,1,68,42,300,600,3,5
5817,,,8,2,2,1,69,92,300,600,2,5
5818,,,15,1,2,2,40,4,300,600,2,5
5819,,,9,1,2,3,24,84,420,540,1,5
5820,,,12,2,2,1,24,65,180,300,2,5
5821,,,7,1,2,1,8,28,420,540,2,5
5822,,,14,1,2,1,33,21,420,540,1,5
5823,,,4,1,2,2,20,67,420,540,1,5
5824,,,16,1,2,1,21,90,420,540,3,5
5825,,,7,2,2,1,52,39,0,300,2,5
5826,,,5,1,2,1,87,36,420,540,3,5
5827,,,12,1,2,1,93,64,300,600,1,5
5828,,,11,2,2,1,23,81,60,180,4,5
5829,,,2,1,2,2,16,37,300,600,2,5
5830,,,2,1,2,1,80,60,420,540,1,5
5831,,,9,1,2,2,24,74,420,540,3,5
5832,,,15,2,2,2,9,8,60,180,3,5
5833,,,14,1,2,3,98,94,300,600,2,5
5834,,,15,2,2,2,67,8,300,600,1,5
5835,,,15,2,2,1,45,0,180,300,3,5
5836,,,2,2,2,2,63,62,300,600,4,5
5837,,,15,2,2,3,24,92,0,300,3,5
5838,,,15,2,2,3,2,58,420,540,1,5
5839,,,4,1,2,3,54,68,420,540,4,5
5840,,,14,2,2,2,49,91,300,600,4,5
5841,,,3,2,2,3,88,26,420,540,1,5
5842,,,13,1,2,3,20,67,420,540,3,5
5843,,,5,2,2,2,64,53,60,180,2,5
5844,,,9,1,2,2,59,93,300,600,4,5
5845,,,3,1,2,3,5,67,300,600,1,5
5846,,,12,2,2,3,34,55,0,300,4,5
5847,,,4,2,2,3,47,78,300,600,3,5
5848,,,4,2,2,3,57,35,60,180,1,5
5849,,,8,1,2,1,37,82,300,600,3,5
5850,,,7,1,2,1,78,71,420,540,3,5
5851,,,7,1,2,3,16,28,300,600,4,5
5852,,,3,2,2,1,87,99,180,300,1,5
5853,,,3,1,2,2,67,82,420,540,1,5
5854,,,3,2,2,1,42,61,420,540,3,5
5855,,,13,2,2,3,99,2,300,420,1,5
5856,,,6,1,2,2,27,88,300,600,1,5
5857,,,14,1,2,2,3,90,300,600,3,5
5858,,,11,1,2,2,34,90,420,540,4,5
5859,,,7,2,2,2,83,20,300,420,1,5
5860,,,10,1,2,1,81,43,300,600,1,5
5861,,,3,1,2,1,24,78,300,600,1,5
5862,,,10,1,2,1,3,19,300,600,3,5
5863,,,6,2,2,3,16,49,0,300,4,5
5864,,,15,2,2,3,62,35,420,540,4,5
5865,,,15,1,2,2,5,100,300,600,4,5
5866,,,11,2,2,3,75,69,420,540,2,5
5867,,,6,1,2,3,11,26,420,540,2,5
5868,,,12,2,2,2,93,18,180,300,2,5
5869,,,8,2,2,1,8,86,300,600,1,5
5870,,,10,1,2,3,21,50,300,600,2,5
5871,,,5,1,2,2,16,16,300,600,2,5
5872,,,4,1,2,2,67,95,300,600,1,5
5873,,,13,1,2,2,32,53,300,600,1,5
5874,,,13,2,2,2,6,22,300,420,4,5
5875,,,7,2,2,3,7,49,300,420,4,5
5876,,,11,2,2,1,61,94,180,300,3,5
5877,,,4,2,2,1,68,59,420,540,3,5
5878,,,5,2,2,2,31,95,420,540,2,5
5879,,,7,2,2,1,12,66,420,540,3,5
5880,,,7,2,2,2,93,17,0,300,1,5
5881,,,3,1,2,2,37,21,420,540,1,5
5882,,,10,1,2,3,68,66,300,600,4,5
5883,,,13,1,2,3,45,94,420,540,2,5
5884,,,8,2,2,1,76,18,0,300,1,5
5885,,,4,2,2,3,20,53,300,420,4,5
5886,,,9,2,2,3,25,95,420,540,1,5
5887,,,13,2,2,1,24,30,60,180,1,5
5888,,,12,2,2,2,36,1,0,300,1,5
5889,,,4,2,2,1,72,21,0,300,4,5
5890,,,2,2,2,2,69,95,300,600,4,5
5891,,,3,1,2,3,98,14,420,540,4,5
5892,,,10,2,2,1,90,35,180,300,3,5
5893,,,9,2,2,2,31,75,60,180,3,5
5894,,,15,2,2,3,43,21,0,300,1,5
5895,,,11,1,2,3,27,46,420,540,3,5
5896,,,9,1,2,2,97,89,420,540,3,5
5897,,,8,2,2,3,81,71,420,540,1,5
5898,,,12,1,2,2,90,41,300,600,3,5
5899,,,6,2,2,1,86,12,420,540,1,5
5900,,,10,1,2,2,63,13,420,540,4,5
5901,,,12,1,2,3,38,62,300,600,2,5
5902,,,8,1,2,3,48,74,300,600,2,5
5903,,,15,2,2,3,30,94,180,300,1,5
5904,,,8,2,2,2,19,0,420,540,3,5
5905,,,10,2,2,1,50,83,60,180,4,5
5906,,,6,1,2,1,34,67,300,600,2,5
5907,,,5,2,2,2,72,36,0,300,4,5
5908,,,10,1,2,1,87,68,300,600,2,5
5909,,,12,2,2,1,72,75,180,300,1,5
5910,,,12,2,2,3,19,21,300,420,3,5
5911,,,13,2,2,3,7,89,300,600,4,5
5912,,,4,2,2,2,21,71,300,600,4,5
5913,,,4,1,2,3,75,70,420,540,4,5
5914,,,11,2,2,1,78,5,180,300,4,5
5915,,,12,2,2,3,86,65,60,180,4,5
5916,,,8,2,2,3,22,72,300,420,2,5
5917,,,6,1,2,2,100,74,420,540,2,5
5918,,,11,2,2,2,70,2,180,300,1,5
5919,,,1,1,2,3,81,55,420,540,4,5
5920,,,8,2,2,2,98,22,300,600,1,5
5921,,,9,1,2,1,76,72,300,600,3,5
5922,,,9,1,2,3,80,25,420,540,3,5
5923,,,10,2,2,1,7,1,0,300,1,5
5924,,,13,1,2,3,19,14,300,600,2,5
5925,,,13,2,2,1,58,81,300,420,1,5
5926,,,8,1,2,3,58,93,300,600,2,5
5927,,,6,1,2,2,88,41,300,600,2,5
5928,,,3,1,2,1,24,62,420,540,3,5
5929,,,12,1,2,1,11,45,420,540,1,5
5930,,,4,1,2,1,94,35,420,540,1,5
5931,,,5,1,2,2,66,79,420,540,2,5
5932,,,8,2,2,2,79,64,420,540,1,5
5933,,,5,1,2,3,99,84,420,540,1,5
5934,,,9,2,2,3,72,91,0,300,1,5
5935,,,5,1,2,1,70,61,300,600,2,5
5936,,,14,2,2,2,45,11,420,540,3,5
5937,,,6,2,2,3,19,78,420,540,2,5
5938,,,9,2,2,2,12,62,300,420,1,5
5939,,,10,1,2,3,52,5,420,540,2,5
5940,,,8,1,2,3,19,54,420,540,4,5
5941,,,5,2,2,3,88,38,0,300,2,5
5942,,,9,1,2,3,42,78,420,540,2,5
5943,,,13,1,2,3,49,29,300,600,3,5
5944,,,4,2,2,3,69,33,0,300,1,5
5945,,,5,1,2,1,87,20,300,600,4,5
5946,,,4,1,2,1,37,4,420,540,1,5
5947,,,7,1,2,2,91,15,300,600,1,5
5948,,,9,1,2,3,55,0,300,600,4,5
5949,,,15,1,2,3,94,31,300,600,1,5
5950,,,15,1,2,1,30,99,300,600,1,5
5951,,,3,2,2,2,47,72,180,300,4,5
5952,,,14,1,2,1,28,28,420,540,1,5
5953,,,7,2,2,2,59,88,0,300,2,5
5954,,,7,1,2,2,41,14,300,600,2,5
5955,,,14,2,2,3,76,87,0,300,4,5
5956,,,16,1,2,1,92,38,300,600,2,5
5957,,,9,1,2,3,98,98,420,540,3,5
5958,,,14,1,2,1,65,10,420,540,2,5
5959,,,12,2,2,1,50,36,300,600,1,5
5960,,,12,2,2,1,76,3,180,300,4,5
5961,,,13,2,2,3,17,74,0,300,2,5
5962,,,8,1,2,1,19,31,300,600,3,5
5963,,,11,1,2,1,86,48,420,540,1,5
5964,,,2,2,2,2,78,63,420,540,2,5
5965,,,8,2,2,3,65,53,180,300,3,5
5966,,,10,1,2,1,22,52,420,540,4,5
5967,,,5,2,2,1,3,91,0,300,1,5
5968,,,9,2,2,2,11,87,60,180,4,5
5969,,,4,1,2,2,89,46,300,600,2,5
5970,,,12,1,2,1,31,47,420,540,4,5
5971,,,13,2,2,1,79,19,0,300,3,5
5972,,,8,2,2,1,95,96,60,180,3,5
5973,,,9,1,2,3,95,19,300,600,4,5
5974,,,10,2,2,1,83,21,0,300,4,5
5975,,,2,1,2,2,45,16,420,540,1,5
5976,,,6,2,2,1,95,43,0,300,1,5
5977,,,17,2,2,1,35,91,60,180,1,5
5978,,,12,1,2,3,87,37,420,540,3,5
5979,,,5,1,2,3,98,92,300,600,4,5
5980,,,12,1,2,1,72,49,300,600,1,5
5981,,,2,2,2,2,27,64,180,300,4,5
5982,,,11,2,2,3,7,50,60,180,2,5
5983,,,14,1,2,3,98,52,300,600,4,5
5984,,,15,1,2,1,46,14,300,600,2,5
5985,,,15,2,2,2,0,6,300,600,2,5
5986,,,12,1,2,2,39,1,300,600,3,5
5987,,,9,1,2,3,22,39,420,540,2,5
5988,,,12,1,2,2,29,81,300,600,2,5
5989,,,9,2,2,3,58,77,180,300,3,5
5990,,,3,2,2,1,70,19,180,300,2,5
5991,,,3,1,2,2,0,1,300,600,1,5
5992,,,3,2,2,1,39,34,180,300,3,5
5993,,,11,2,2,1,11,61,180,300,3,5
5994,,,15,2,2,2,70,99,60,180,1,5
5995,,,7,1,2,3,87,39,420,540,4,5
5996,,,7,2,2,3,38,29,180,300,4,5
5997,,,12,1,2,1,10,44,300,600,4,5
5998,,,10,1,2,3,2,73,420,540,3,5
5999,,,4,2,2,1,12,48,0,300,2,5
6000,,,9,2,2,1,19,69,300,420,3,5
6001,,,15,2,2,3,74,37,180,300,1,5
6002,,,15,1,2,2,86,88,300,600,4,5
6003,,,13,2,2,2,78,9,300,600,2,5
6004,,,8,1,2,2,62,13,420,540,4,5
6005,,,14,2,2,3,69,18,60,180,4,5
6006,,,11,2,2,2,69,44,180,300,4,5
6007,,,8,2,2,1,93,88,0,300,2,5
6008,,,5,2,2,3,70,77,0,300,3,5
6009,,,13,1,2,1,22,39,300,600,1,5
6010,,,10,1,2,1,65,79,420,540,1,5
6011,,,7,2,2,3,41,38,420,540,3,5
6012,,,13,2,2,2,84,91,60,180,1,5
6013,,,12,1,2,1,58,9,420,540,2,5
6014,,,15,2,2,1,77,32,420,540,1,5
6015,,,4,1,2,1,0,32,420,540,4,5
6016,,,13,1,2,3,55,70,420,540,4,5
6017,,,8,1,2,2,42,65,420,540,3,5
6018,,,11,1,2,2,75,77,300,600,1,5
6019,,,13,1,2,1,58,95,300,600,4,5
6020,,,4,2,2,3,72,45,300,600,1,5
6021,,,6,2,2,1,84,94,420,540,4,5
6022,,,13,2,2,3,62,17,0,300,4,5
6023,,,10,2,2,3,54,61,0,300,3,5
6024,,,12,2,2,2,10,79,60,180,3,5
6025,,,9,1,2,1,87,53,300,600,1,5
6026,,,10,1,2,2,46,35,420,540,3,5
6027,,,10,2,2,1,62,5,180,300,3,5
6028,,,4,2,2,3,5,42,180,300,2,5
6029,,,9,1,2,2,18,16,300,600,3,5
6030,,,14,2,2,3,31,68,300,420,3,5
6031,,,11,2,2,1,88,99,60,180,4,5
6032,,,12,1,2,3,100,87,300,600,2,5
6033,,,16,2,2,3,90,39,300,420,3,5
6034,,,14,1,2,3,4,66,300,600,3,5
6035,,,9,1,2,2,29,67,300,600,1,5
6036,,,14,1,2,1,91,36,300,600,2,5
6037,,,7,1,2,2,55,9,300,600,4,5
6038,,,10,2,2,2,23,87,300,600,1,5
6039,,,13,1,2,3,36,62,420,540,3,5
6040,,,12,2,2,1,8,53,300,420,4,5
6041,,,9,1,2,2,80,93,420,540,1,5
6042,,,8,2,2,2,1,63,0,300,3,5
6043,,,12,2,2,1,11,84,420,540,2,5
6044,,,9,2,2,3,92,58,420,540,3,5
6045,,,5,2,2,3,39,61,300,420,4,5
6046,,,4,1,2,2,81,23,300,600,3,5
6047,,,14,2,2,2,38,76,60,180,1,5
6048,,,10,2,2,1,93,60,60,180,4,5
6049,,,8,2,2,3,6,88,60,180,3,5
6050,,,15,1,2,1,98,97,300,600,3,5
6051,,,6,2,2,3,44,95,60,180,3,5
6052,,,15,1,2,2,88,42,300,600,1,5
6053,,,3,2,2,1,4,84,60,180,2,5
6054,,,4,2,2,2,85,73,180,300,4,5
6055,,,11,1,2,3,58,86,300,600,3,5
6056,,,2,2,2,1,13,72,300,600,1,5
6057,,,5,2,2,3,93,17,60,180,3,5
6058,,,9,2,2,1,48,29,420,540,3,5
6059,,,4,1,2,1,29,6,420,540,1,5
6060,,,10,1,2,3,10,40,300,600,3,5
6061,,,5,2,2,3,30,36,180,300,4,5
6062,,,7,1,2,2,0,92,300,600,4,5
6063,,,16,1,2,3,52,10,420,540,1,5
6064,,,5,2,2,2,41,30,420,540,3,5
6065,,,14,2,2,1,82,25,180,300,2,5
6066,,,11,2,2,2,43,94,0,300,2,5
6067,,,7,2,2,2,23,33,180,300,4,5
6068,,,11,2,2,2,8,68,420,540,1,5
6069,,,5,2,2,1,44,3,0,300,1,5
6070,,,11,2,2,2,37,30,180,300,3,5
6071,,,3,2,2,2,20,11,60,180,4,5
6072,,,12,1,2,2,100,55,300,600,2,5
6073,,,7,2,2,3,57,65,60,180,2,5
6074,,,14,2,2,3,87,60,0,300,3,5
6075,,,10,2,2,1,11,55,60,180,4,5
6076,,,10,2,2,2,55,27,420,540,2,5
6077,,,9,1,2,3,3,18,300,600,2,5
6078,,,3,2,2,3,41,54,0,300,3,5
6079,,,7,2,2,3,14,92,60,180,4,5
6080,,,4,1,2,3,67,33,300,600,1,5
6081,,,14,2,2,1,16,21,60,180,1,5
6082,,,6,1,2,2,63,26,420,540,2,5
6083,,,4,1,2,1,53,56,300,600,4,5
6084,,,3,2,2,2,56,19,60,180,3,5
6085,,,11,1,2,2,3,10,300,600,2,5
6086,,,4,1,2,3,49,92,300,600,4,5
6087,,,11,2,2,1,80,50,180,300,4,5
6088,,,12,1,2,2,60,59,300,600,1,5
6089,,,2,2,2,2,0,51,300,420,1,5
6090,,,9,1,2,3,10,1,420,540,3,5
6091,,,10,1,2,2,62,84,300,600,4,5
6092,,,14,1,2,3,18,60,300,600,4,5
6093,,,7,1,2,3,10,1,300,600,3,5
6094,,,5,1,2,3,15,78,420,540,4,5
6095,,,15,2,2,1,29,17,180,300,1,5
6096,,,9,1,2,1,55,93,420,540,4,5
6097,,,14,2,2,1,35,24,180,300,1,5
6098,,,12,2,2,1,23,6,300,420,1,5
6099,,,7,1,2,3,95,7,420,540,3,5
6100,,,10,1,2,1,80,43,420,540,4,5
6101,,,10,1,2,3,63,87,420,540,4,5
6102,,,13,2,2,2,74,84,420,540,2,5
6103,,,7,2,2,2,26,72,0,300,4,5
6104,,,10,1,2,2,50,5,420,540,2,5
6105,,,5,2,2,3,3,56,300,420,1,5
6106,,,5,2,2,3,98,24,0,300,2,5
6107,,,12,2,2,3,78,34,300,420,1,5
6108,,,15,1,2,1,95,53,420,540,4,5
6109,,,13,1,2,1,54,31,420,540,1,5
6110,,,9,1,2,2,19,86,300,600,3,5
6111,,,15,1,2,3,53,44,420,540,3,5
6112,,,3,1,2,2,55,60,300,600,1,5
6113,,,6,2,2,1,56,73,300,420,3,5
6114,,,16,2,2,2,2,0,300,420,1,5
6115,,,17,2,2,1,87,66,180,300,2,5
6116,,,9,2,2,1,61,100,60,180,2,5
6117,,,11,1,2,1,46,28,300,600,4,5
6118,,,13,1,2,2,55,31,300,600,2,5
6119,,,7,2,2,2,45,67,300,600,4,5
6120,,,15,1,2,2,74,7,300,600,4,5
6121,,,10,2,2,1,39,20,300,600,1,5
6122,,,6,2,2,1,92,62,180,300,4,5
6123,,,13,1,2,2,98,60,300,600,2,5
6124,,,7,1,2,3,93,47,300,600,2,5
6125,,,4,2,2,2,84,54,180,300,1,5
6126,,,16,2,2,3,64,74,0,300,1,5
6127,,,11,2,2,2,4,54,60,180,2,5
6128,,,13,1,2,1,28,91,420,540,2,5
6129,,,8,1,2,3,87,4,300,600,3,5
6130,,,10,2,2,3,66,96,180,300,2,5
6131,,,9,2,2,1,45,30,180,300,2,5
6132,,,6,2,2,1,97,60,420,540,1,5
6133,,,12,2,2,3,86,79,420,540,4,5
6134,,,10,2,2,2,94,39,420,540,3,5
6135,,,6,2,2,1,56,74,60,180,2,5
6136,,,2,1,2,3,88,86,300,600,2,5
6137,,,8,1,2,1,43,84,300,600,4,5
6138,,,7,2,2,2,55,63,300,420,4,5
6139,,,6,1,2,1,62,0,300,600,4,5
6140,,,7,1,2,2,39,87,420,540,1,5
6141,,,2,1,2,2,28,31,420,540,2,5
6142,,,13,2,2,3,94,55,0,300,3,5
6143,,,14,2,2,3,76,9,420,540,1,5
6144,,,5,2,2,3,72,33,60,180,1,5
6145,,,5,2,2,1,88,60,0,300,1,5
6146,,,6,2,2,3,20,65,420,540,3,5
6147,,,10,2,2,1,79,41,0,300,2,5
6148,,,2,2,2,2,40,8,180,300,4,5
6149,,,14,1,2,1,95,46,300,600,4,5
6150,,,10,2,2,3,82,97,420,540,2,5
6151,,,9,1,2,1,0,78,420,540,3,5
6152,,,4,2,2,1,69,47,0,300,4,5
6153,,,9,1,2,3,19,51,300,600,1,5
6154,,,13,1,2,3,43,66,420,540,2,5
6155,,,15,2,2,3,65,16,180,300,3,5
6156,,,7,1,2,3,47,17,420,540,1,5
6157,,,12,1,2,1,21,74,300,600,2,5
6158,,,11,1,2,3,96,92,300,600,3,5
6159,,,7,2,2,1,90,80,180,300,2,5
6160,,,4,2,2,2,85,88,180,300,3,5
6161,,,15,2,2,1,42,14,300,600,4,5
6162,,,7,2,2,2,35,88,420,540,4,5
6163,,,8,2,2,2,69,31,420,540,2,5
6164,,,5,1,2,1,91,28,420,540,3,5
6165,,,3,1,2,3,45,8,300,600,2,5
6166,,,10,1,2,3,84,18,300,600,1,5
6167,,,5,1,2,1,79,88,300,600,4,5
6168,,,6,2,2,3,88,95,420,540,3,5
6169,,,8,1,2,3,39,72,300,600,1,5
6170,,,6,1,2,2,70,12,300,600,4,5
6171,,,8,2,2,3,45,26,300,600,2,5
6172,,,8,1,2,3,83,81,300,600,3,5
6173,,,13,1,2,3,16,49,420,540,1,5
6174,,,11,1,2,2,7,72,300,600,2,5
6175,,,6,2,2,2,96,18,0,300,3,5
6176,,,14,1,2,3,20,15,300,600,1,5
6177,,,12,1,2,1,96,36,300,600,3,5
6178,,,7,2,2,3,58,6,420,540,1,5
6179,,,7,2,2,1,45,53,420,540,1,5
6180,,,9,1,2,1,59,92,300,600,2,5
6181,,,2,2,2,3,89,4,300,420,4,5
6182,,,8,1,2,3,27,34,420,540,4,5
6183,,,5,2,2,2,11,22,420,540,1,5
6184,,,9,1,2,3,8,19,420,540,1,5
6185,,,5,1,2,3,57,18,300,600,4,5
6186,,,8,1,2,2,24,54,300,600,1,5
6187,,,4,2,2,2,54,76,0,300,2,5
6188,,,10,2,2,2,71,74,60,180,4,5
6189,,,4,1,2,1,49,43,420,540,2,5
6190,,,8,1,2,1,79,19,300,600,3,5
6191,,,9,2,2,2,81,97,180,300,3,5
6192,,,8,1,2,2,16,0,300,600,2,5
6193,,,13,1,2,2,52,97,420,540,4,5
6194,,,12,1,2,1,85,84,420,540,3,5
6195,,,5,2,2,1,80,21,60,180,1,5
6196,,,7,2,2,1,84,11,0,300,1,5
6197,,,2,1,2,2,29,88,300,600,2,5
6198,,,13,1,2,3,45,0,420,540,3,5
6199,,,8,2,2,3,61,71,0,300,3,5
6200,,,16,2,2,1,17,76,420,540,4,5
6201,,,10,1,2,2,43,0,300,600,2,5
6202,,,9,2,2,1,90,10,60,180,3,5
6203,,,6,2,2,1,15,55,0,300,2,5
6204,,,10,1,2,2,28,56,420,540,1,5
6205,,,7,1,2,2,36,56,300,600,4,5
6206,,,11,1,2,3,75,49,420,540,1,5
6207,,,5,1,2,3,25,8,300,600,4,5
6208,,,14,1,2,1,82,24,420,540,1,5
6209,,,8,1,2,3,17,4,420,540,3,5
6210,,,7,1,2,3,79,44,300,600,4,5
6211,,,13,1,2,2,91,44,420,540,3,5
6212,,,3,2,2,3,50,60,180,300,1,5
6213,,,10,2,2,3,75,98,420,540,4,5
6214,,,8,1,2,1,100,50,420,540,1,5
6215,,,14,1,2,2,18,78,300,600,2,5
6216,,,9,1,2,1,41,53,420,540,1,5
6217,,,2,1,2,3,8,53,420,540,1,5
6218,,,2,2,2,2,97,92,420,540,3,5
6219,,,7,1,2,1,14,89,420,540,4,5
6220,,,8,1,2,1,49,50,420,540,3,5
6221,,,5,2,2,3,27,87,420,540,4,5
6222,,,7,2,2,3,61,64,420,540,1,5
6223,,,14,1,2,1,59,45,420,540,3,5
6224,,,15,1,2,2,71,35,420,540,4,5
6225,,,12,2,2,2,86,77,60,180,2,5
6226,,,10,2,2,1,59,79,0,300,3,5
6227,,,11,2,2,2,77,60,180,300,4,5
6228,,,9,2,2,1,47,83,420,540,1,5
6229,,,12,2,2,2,10,90,180,300,2,5
6230,,,4,2,2,3,5,40,0,300,3,5
6231,,,2,2,2,1,2,32,180,300,3,5
6232,,,8,1,2,3,92,19,420,540,2,5
6233,,,3,1,2,1,86,25,420,540,3,5
6234,,,14,1,2,3,11,54,420,540,4,5
6235,,,15,2,2,2,55,19,300,420,2,5
6236,,,14,2,2,1,95,58,180,300,2,5
6237,,,2,2,2,2,97,42,180,300,3,5
6238,,,3,2,2,1,30,13,420,540,3,5
6239,,,3,1,2,3,69,38,420,540,2,5
6240,,,13,2,2,3,97,91,300,420,1,5
6241,,,9,2,2,3,65,14,180,300,2,5
6242,,,15,1,2,2,20,25,420,540,2,5
6243,,,2,1,2,3,89,65,300,600,2,5
6244,,,6,1,2,3,97,13,300,600,1,5
6245,,,16,2,2,2,38,39,0,300,2,5
6246,,,11,1,2,2,87,43,420,540,4,5
6247,,,6,2,2,2,44,77,300,600,4,5
6248,,,7,2,2,2,84,95,60,180,4,5
6249,,,14,2,2,1,97,75,420,540,2,5
6250,,,10,1,2,1,4,50,300,600,1,5
6251,,,3,1,2,2,99,77,300,600,4,5
6252,,,8,1,2,1,38,16,420,540,1,5
6253,,,10,2,2,3,33,82,180,300,3,5
6254,,,16,2,2,1,49,34,60,180,1,5
6255,,,6,1,2,1,56,6,300,600,2,5
6256,,,6,2,2,2,40,76,420,540,1,5
6257,,,9,1,2,2,31,87,420,540,1,5
6258,,,10,2,2,1,23,98,0,300,3,5
6259,,,10,1,2,2,93,54,420,540,2,5
6260,,,13,1,2,1,51,69,420,540,4,5
6261,,,3,2,2,2,23,69,420,540,1,5
6262,,,10,2,2,2,96,57,180,300,2,5
6263,,,3,1,2,2,73,84,300,600,4,5
6264,,,7,1,2,2,13,74,420,540,3,5
6265,,,13,2,2,3,77,91,420,540,3,5
6266,,,4,2,2,2,25,64,420,540,3,5
6267,,,8,2,2,2,95,49,0,300,1,5
6268,,,16,2,2,2,33,97,60,180,1,5
6269,,,3,1,2,1,33,57,300,600,3,5
6270,,,6,1,2,1,32,18,300,600,3,5
6271,,,6,2,2,3,97,39,180,300,2,5
6272,,,7,1,2,1,54,98,300,600,3,5
6273,,,2,1,2,3,14,29,420,540,4,5
6274,,,16,1,2,3,42,46,420,540,4,5
6275,,,13,1,2,3,17,87,420,540,3,5
6276,,,11,2,2,3,100,80,420,540,2,5
6277,,,9,2,2,1,49,97,300,420,3,5
6278,,,7,2,2,2,67,95,420,540,3,5
6279,,,5,2,2,2,79,15,180,300,2,5
6280,,,6,2,2,1,8,65,180,300,2,5
6281,,,11,2,2,1,65,27,420,540,2,5
6282,,,6,1,2,3,0,17,300,600,1,5
6283,,,11,2,2,3,11,57,0,300,2,5
6284,,,11,1,2,1,20,43,300,600,3,5
6285,,,9,2,2,1,80,96,60,180,1,5
6286,,,10,2,2,1,49,12,180,300,2,5
6287,,,11,1,2,1,65,67,420,540,2,5
6288,,,11,1,2,1,75,14,300,600,3,5
6289,,,8,1,2,3,45,41,300,600,2,5
6290,,,6,2,2,2,92,26,300,420,3,5
6291,,,7,1,2,2,5,17,420,540,2,5
6292,,,3,2,2,1,37,98,60,180,4,5
6293,,,10,2,2,3,82,29,180,300,1,5
6294,,,7,2,2,2,59,53,180,300,2,5
6295,,,4,1,2,1,55,98,420,540,1,5
6296,,,8,1,2,3,78,29,300,600,2,5
6297,,,8,2,2,2,96,41,0,300,2,5
6298,,,4,1,2,3,86,89,420,540,1,5
6299,,,7,1,2,2,2,48,420,540,4,5
6300,,,2,1,2,2,88,69,300,600,3,5
6301,,,4,2,2,3,98,30,180,300,4,5
6302,,,9,1,2,1,49,98,420,540,2,5
6303,,,14,1,2,1,86,51,300,600,1,5
6304,,,13,1,2,3,64,74,300,600,1,5
6305,,,15,1,2,2,46,5,420,540,1,5
6306,,,12,1,2,1,26,15,300,600,4,5
6307,,,13,2,2,1,50,83,0,300,2,5
6308,,,12,1,2,2,31,73,300,600,3,5
6309,,,3,2,2,2,83,23,300,600,2,5
6310,,,11,1,2,2,46,75,420,540,2,5
6311,,,4,2,2,2,14,5,180,300,3,5
6312,,,2,1,2,1,17,70,420,540,2,5
6313,,,12,1,2,2,79,73,300,600,2,5
6314,,,14,2,2,2,43,42,300,600,3,5
6315,,,10,2,2,1,52,13,0,300,1,5
6316,,,14,2,2,3,18,5,300,420,1,5
6317,,,5,2,2,2,31,47,0,300,4,5
6318,,,3,1,2,2,38,47,300,600,1,5
6319,,,14,1,2,3,18,90,300,600,3,5
6320,,,13,2,2,1,39,93,60,180,4,5
6321,,,15,2,2,1,57,13,60,180,3,5
6322,,,9,2,2,1,13,19,420,540,4,5
6323,,,13,2,2,1,48,78,60,180,3,5
6324,,,7,1,2,2,89,13,420,540,3,5
6325,,,16,1,2,1,38,10,420,540,3,5
6326,,,9,2,2,3,59,55,0,300,4,5
6327,,,3,1,2,2,47,94,300,600,4,5
6328,,,11,2,2,3,92,20,180,300,4,5
6329,,,9,1,2,3,6,22,300,600,2,5
6330,,,12,2,2,2,58,79,60,180,1,5
6331,,,13,1,2,3,31,61,420,540,4,5
6332,,,10,1,2,3,44,81,420,540,3,5
6333,,,5,2,2,3,61,91,180,300,3,5
6334,,,15,2,2,2,34,51,180,300,4,5
6335,,,2,1,2,2,72,75,420,540,2,5
6336,,,3,1,2,2,43,45,300,600,2,5
6337,,,10,2,2,3,58,21,180,300,3,5
6338,,,14,2,2,1,44,96,180,300,4,5
6339,,,4,1,2,3,28,67,420,540,1,5
6340,,,4,1,2,1,81,75,300,600,3,5
6341,,,10,2,2,2,8,14,420,540,3,5
6342,,,9,2,2,3,85,100,180,300,2,5
6343,,,7,2,2,2,95,27,420,540,2,5
6344,,,14,1,2,1,58,81,300,600,1,5
6345,,,15,2,2,3,2,66,60,180,4,5
6346,,,2,1,2,3,92,68,300,600,3,5
6347,,,9,1,2,2,47,86,300,600,3,5
6348,,,9,1,2,3,51,89,420,540,2,5
6349,,,12,2,2,1,28,0,180,300,2,5
6350,,,16,2,2,2,93,46,420,540,4,5
6351,,,9,2,2,1,97,65,300,420,3,5
6352,,,8,1,2,3,62,64,420,540,3,5
6353,,,14,2,2,2,62,46,60,180,4,5
6354,,,12,2,2,3,54,98,60,180,2,5
6355,,,10,1,2,2,68,69,300,600,1,5
6356,,,6,1,2,2,70,0,300,600,4,5
6357,,,8,1,2,1,12,29,300,600,1,5
6358,,,13,1,2,2,97,73,300,600,2,5
6359,,,12,1,2,1,70,99,300,600,3,5
6360,,,9,1,2,3,3,3,420,540,3,5
6361,,,5,1,2,3,4,98,420,540,1,5
6362,,,14,2,2,3,74,48,60,180,1,5
6363,,,6,2,2,2,33,23,0,300,1,5
6364,,,10,1,2,1,36,47,300,600,2,5
6365,,,10,1,2,3,41,89,300,600,3,5
6366,,,4,2,2,2,18,8,60,180,3,5
6367,,,4,1,2,2,79,7,420,540,3,5
6368,,,14,2,2,3,77,84,60,180,2,5
6369,,,1,1,2,2,53,28,420,540,4,5
6370,,,15,2,2,3,0,58,420,540,4,5
6371,,,7,2,2,1,39,38,300,600,4,5
6372,,,13,2,2,3,13,69,0,300,4,5
6373,,,14,2,2,1,53,65,0,300,3,5
6374,,,3,1,2,3,24,37,420,540,2,5
6375,,,14,2,2,1,85,0,180,300,3,5
6376,,,15,2,2,3,9,71,420,540,3,5
6377,,,14,1,2,3,12,63,420,540,1,5
6378,,,5,2,2,1,64,18,300,600,4,5
6379,,,10,1,2,3,30,25,300,600,4,5
6380,,,9,2,2,2,58,44,300,600,1,5
6381,,,7,2,2,1,4,14,0,300,3,5
6382,,,8,2,2,1,29,41,0,300,4,5
6383,,,5,1,2,2,91,27,420,540,1,5
6384,,,7,1,2,1,54,97,420,540,4,5
6385,,,5,1,2,1,35,90,420,540,4,5
6386,,,13,1,2,3,79,83,420,540,3,5
6387,,,8,2,2,2,21,91,60,180,2,5
6388,,,4,1,2,3,26,98,300,600,1,5
6389,,,12,1,2,2,24,33,420,540,1,5
6390,,,13,1,2,3,54,98,300,600,4,5
6391,,,11,2,2,1,69,26,300,600,1,5
6392,,,12,2,2,3,81,68,0,300,2,5
6393,,,8,1,2,3,27,55,300,600,3,5
6394,,,15,2,2,2,18,23,60,180,3,5
6395,,,7,2,2,2,49,63,420,540,3,5
6396,,,2,1,2,3,65,77,300,600,4,5
6397,,,9,1,2,3,17,86,300,600,1,5
6398,,,3,1,2,1,45,35,300,600,2,5
6399,,,12,2,2,1,91,20,180,300,4,5
6400,,,9,2,2,3,65,31,420,540,3,5
6401,,,5,1,2,2,34,42,420,540,4,5
6402,,,11,1,2,1,99,67,420,540,3,5
6403,,,6,2,2,3,40,99,180,300,4,5
6404,,,7,1,2,2,41,65,300,600,4,5
6405,,,1,1,2,2,82,20,420,540,2,5
6406,,,6,1,2,2,20,44,420,540,3,5
6407,,,7,1,2,3,55,2,300,600,3,5
6408,,,14,2,2,1,22,30,180,300,3,5
6409,,,7,2,2,3,44,22,420,540,2,5
6410,,,11,1,2,3,74,9,420,540,2,5
6411,,,13,2,2,3,79,0,0,300,2,5
6412,,,14,2,2,1,13,8,300,600,2,5
6413,,,16,1,2,2,99,25,300,600,1,5
6414,,,7,2,2,2,66,96,420,540,1,5
6415,,,10,2,2,3,22,21,420,540,3,5
6416,,,6,2,2,2,88,21,60,180,1,5
6417,,,15,1,2,2,78,54,300,600,4,5
6418,,,14,2,2,1,40,79,420,540,3,5
6419,,,5,1,2,1,38,67,420,540,1,5
6420,,,9,1,2,2,48,59,300,600,3,5
6421,,,4,2,2,3,70,100,300,420,4,5
6422,,,5,1,2,1,8,92,300,600,4,5
6423,,,7,2,2,3,64,22,420,540,3,5
6424,,,1,1,2,3,82,30,420,540,2,5
6425,,,4,1,2,1,87,67,300,600,2,5
6426,,,4,1,2,2,52,98,420,540,2,5
6427,,,6,1,2,2,42,58,420,540,4,5
6428,,,11,2,2,3,58,29,300,420,1,5
6429,,,6,1,2,2,61,48,420,540,2,5
6430,,,12,1,2,2,33,52,300,600,1,5
6431,,,15,2,2,3,19,85,420,540,1,5
6432,,,9,1,2,1,86,12,420,540,4,5
6433,,,6,2,2,2,43,1,0,300,3,5
6434,,,11,1,2,1,49,15,420,540,4,5
6435,,,14,2,2,1,43,66,420,540,2,5
6436,,,9,2,2,3,90,18,420,540,4,5
6437,,,10,1,2,1,19,78,300,600,3,5
6438,,,10,1,2,3,72,61,420,540,2,5
6439,,,12,1,2,2,18,80,300,600,4,5
6440,,,5,2,2,2,33,91,60,180,4,5
6441,,,13,1,2,3,47,67,420,540,4,5
6442,,,3,1,2,2,89,28,300,600,1,5
6443,,,5,2,2,2,80,26,180,300,3,5
6444,,,14,2,2,1,53,98,420,540,2,5
6445,,,6,2,2,1,0,6,180,300,4,5
6446,,,6,1,2,1,71,67,420,540,1,5
6447,,,3,1,2,3,79,15,300,600,3,5
6448,,,17,2,2,1,14,80,0,300,3,5
6449,,,6,1,2,3,35,10,300,600,2,5
6450,,,8,2,2,3,70,12,180,300,2,5
6451,,,8,1,2,2,34,41,420,540,4,5
6452,,,8,2,2,3,68,95,300,600,2,5
6453,,,7,1,2,2,31,51,420,540,3,5
6454,,,2,1,2,1,60,65,420,540,2,5
6455,,,11,1,2,2,97,94,300,600,2,5
6456,,,14,1,2,2,82,18,300,600,3,5
6457,,,9,1,2,1,30,80,300,600,3,5
6458,,,16,2,2,2,14,42,420,540,4,5
6459,,,6,1,2,3,66,48,420,540,2,5
6460,,,12,1,2,1,8,95,420,540,2,5
6461,,,5,1,2,3,8,22,420,540,1,5
6462,,,3,1,2,1,26,30,420,540,3,5
6463,,,1,1,2,2,64,84,300,600,1,5
6464,,,3,2,2,3,1,88,420,540,1,5
6465,,,4,2,2,2,11,56,60,180,2,5
6466,,,13,2,2,2,54,80,300,420,3,5
6467,,,8,1,2,2,24,69,420,540,4,5
6468,,,7,1,2,3,9,54,300,600,3,5
6469,,,7,2,2,3,96,35,0,300,4,5
6470,,,5,1,2,3,51,40,300,600,1,5
6471,,,10,1,2,3,86,27,300,600,2,5
6472,,,12,1,2,2,15,46,300,600,4,5
6473,,,7,1,2,2,37,93,420,540,2,5
6474,,,2,1,2,2,80,56,420,540,1,5
6475,,,5,1,2,3,77,15,300,600,1,5
6476,,,10,2,2,3,15,23,0,300,1,5
6477,,,10,1,2,3,29,87,420,540,4,5
6478,,,12,2,2,1,95,39,300,420,4,5
6479,,,7,2,2,3,82,60,60,180,4,5
6480,,,14,2,2,1,75,12,180,300,1,5
6481,,,15,2,2,1,42,95,180,300,2,5
6482,,,4,1,2,1,42,54,300,600,3,5
6483,,,13,1,2,2,71,10,300,600,4,5
6484,,,3,1,2,1,5,80,420,540,3,5
6485,,,14,1,2,3,58,41,420,540,3,5
6486,,,7,1,2,2,75,67,300,600,4,5
6487,,,14,1,2,3,19,84,300,600,2,5
6488,,,6,2,2,1,5,59,420,540,2,5
6489,,,3,1,2,1,75,62,420,540,4,5
6490,,,15,1,2,1,21,45,300,600,4,5
6491,,,9,1,2,2,63,3,420,540,2,5
6492,,,8,1,2,2,97,28,300,600,3,5
6493,,,3,2,2,3,61,92,0,300,1,5
6494,,,4,2,2,1,98,58,0,300,4,5
6495,,,8,2,2,3,72,93,300,420,4,5
6496,,,9,2,2,1,61,89,300,600,4,5
6497,,,13,2,2,3,63,67,300,600,2,5
6498,,,8,1,2,3,46,17,300,600,2,5
6499,,,13,1,2,1,79,28,300,600,2,5
6500,,,8,2,2,2,46,45,0,300,4,5
6501,,,12,2,2,2,64,91,300,420,3,5
6502,,,6,2,2,1,47,94,60,180,2,5
6503,,,5,1,2,1,49,31,300,600,2,5
6504,,,11,1,2,1,75,74,300,600,3,5
6505,,,12,1,2,2,37,98,300,600,2,5
6506,,,14,2,2,3,81,88,60,180,4,5
6507,,,13,1,2,2,48,57,300,600,2,5
6508,,,6,1,2,3,9,54,420,540,3,5
6509,,,15,2,2,3,35,5,180,300,1,5
6510,,,2,1,2,3,1,91,420,540,1,5
6511,,,15,1,2,3,63,50,300,600,2,5
6512,,,11,2,2,3,37,44,180,300,1,5
6513,,,5,1,2,2,41,45,300,600,2,5
6514,,,6,1,2,3,98,47,420,540,1,5
6515,,,5,1,2,1,56,89,300,600,3,5
6516,,,11,1,2,1,37,43,420,540,3,5
6517,,,9,2,2,1,97,70,60,180,1,5
6518,,,5,2,2,2,39,14,180,300,2,5
6519,,,1,1,2,2,31,49,300,600,3,5
6520,,,8,2,2,2,97,63,300,600,3,5
6521,,,8,2,2,2,57,97,60,180,1,5
6522,,,15,1,2,2,48,34,300,600,2,5
6523,,,7,1,2,2,77,92,420,540,1,5
6524,,,8,1,2,1,3,49,300,600,3,5
6525,,,9,2,2,1,97,32,60,180,1,5
6526,,,8,2,2,1,96,22,180,300,1,5
6527,,,6,2,2,2,50,67,60,180,2,5
6528,,,6,2,2,1,0,55,420,540,2,5
6529,,,8,1,2,1,91,87,420,540,2,5
6530,,,12,2,2,3,47,61,420,540,1,5
6531,,,3,1,2,3,67,27,420,540,4,5
6532,,,15,2,2,1,84,100,300,600,4,5
6533,,,4,2,2,3,80,28,180,300,2,5
6534,,,11,2,2,2,27,82,420,540,3,5
6535,,,10,1,2,1,35,37,300,600,3,5
6536,,,6,1,2,1,89,37,420,540,4,5
6537,,,12,2,2,1,51,40,60,180,4,5
6538,,,8,1,2,2,57,38,420,540,2,5
6539,,,11,1,2,3,78,77,300,600,2,5
6540,,,17,2,2,2,8,59,180,300,1,5
6541,,,8,2,2,3,48,48,420,540,4,5
6542,,,12,2,2,3,98,57,420,540,1,5
6543,,,10,1,2,3,59,61,300,600,4,5
6544,,,4,2,2,1,8,89,0,300,4,5
6545,,,9,1,2,3,75,54,420,540,1,5
6546,,,4,1,2,3,19,100,300,600,2,5
6547,,,7,2,2,2,47,59,420,540,2,5
6548,,,9,2,2,2,89,34,300,600,3,5
6549,,,14,1,2,1,75,15,420,540,4,5
6550,,,12,2,2,1,26,40,60,180,1,5
6551,,,13,1,2,1,86,67,420,540,1,5
6552,,,16,1,2,3,20,88,300,600,2,5
6553,,,12,2,2,1,98,48,300,420,1,5
6554,,,4,1,2,3,58,77,420,540,1,5
6555,,,5,1,2,2,47,53,300,600,2,5
6556,,,11,2,2,1,76,9,60,180,4,5
6557,,,7,1,2,1,82,82,300,600,4,5
6558,,,10,2,2,1,19,69,60,180,4,5
6559,,,13,2,2,1,31,14,60,180,1,5
6560,,,10,2,2,2,73,25,420,540,2,5
6561,,,6,1,2,2,77,2,420,540,4,5
6562,,,15,2,2,2,16,31,180,300,2,5
6563,,,2,1,2,1,45,1,300,600,4,5
6564,,,9,1,2,1,12,70,300,600,3,5
6565,,,15,1,2,2,74,8,420,540,1,5
6566,,,2,2,2,2,20,6,0,300,2,5
6567,,,8,2,2,1,25,50,420,540,3,5
6568,,,14,1,2,2,1,35,420,540,2,5
6569,,,6,1,2,3,100,95,300,600,4,5
6570,,,5,2,2,1,92,37,0,300,1,5
6571,,,9,1,2,1,17,29,300,600,2,5
6572,,,11,1,2,1,13,17,300,600,4,5
6573,,,15,1,2,1,87,19,300,600,3,5
6574,,,7,2,2,3,3,98,180,300,3,5
6575,,,2,1,2,1,30,13,420,540,2,5
6576,,,16,2,2,2,3,82,300,600,3,5
6577,,,7,2,2,3,40,17,420,540,1,5
6578,,,11,2,2,1,62,12,0,300,1,5
6579,,,15,2,2,2,37,55,420,540,3,5
6580,,,15,1,2,2,4,43,420,540,2,5
6581,,,2,2,2,1,62,27,0,300,3,5
6582,,,11,2,2,1,36,2,180,300,4,5
6583,,,15,2,2,2,57,88,420,540,4,5
6584,,,6,2,2,1,55,65,0,300,3,5
6585,,,4,1,2,3,11,28,300,600,2,5
6586,,,5,2,2,2,53,41,300,600,4,5
6587,,,14,2,2,3,65,23,300,600,1,5
6588,,,11,1,2,1,60,53,300,600,2,5
6589,,,10,2,2,1,32,58,300,600,1,5
6590,,,15,2,2,1,55,80,420,540,1,5
6591,,,12,1,2,2,80,34,300,600,1,5
6592,,,12,1,2,3,85,51,300,600,2,5
6593,,,13,1,2,2,56,58,420,540,4,5
6594,,,3,1,2,1,76,86,300,600,4,5
6595,,,2,2,2,3,33,46,60,180,4,5
6596,,,3,2,2,3,74,23,300,420,1,5
6597,,,9,2,2,3,28,23,300,600,1,5
6598,,,1,1,2,2,92,83,420,540,2,5
6599,,,16,2,2,3,24,1,60,180,1,5
6600,,,3,1,2,1,21,71,300,600,3,5
6601,,,5,2,2,2,82,27,0,300,4,5
6602,,,13,1,2,3,31,11,420,540,2,5
6603,,,13,2,2,3,73,42,300,600,1,5
6604,,,5,1,2,1,96,76,420,540,3,5
6605,,,5,2,2,1,99,64,420,540,1,5
6606,,,5,1,2,2,85,61,300,600,2,5
6607,,,5,2,2,1,96,83,180,300,1,5
6608,,,8,2,2,2,74,58,60,180,3,5
6609,,,8,2,2,3,28,77,180,300,4,5
6610,,,16,1,2,3,41,41,300,600,1,5
6611,,,10,1,2,3,47,67,420,540,1,5
6612,,,15,2,2,2,36,86,60,180,2,5
6613,,,12,1,2,2,57,11,300,600,1,5
6614,,,14,2,2,1,22,45,300,600,1,5
6615,,,6,1,2,2,71,82,420,540,1,5
6616,,,5,2,2,1,81,67,60,180,1,5
6617,,,5,1,2,1,8,68,300,600,3,5
6618,,,9,1,2,1,92,4,420,540,4,5
6619,,,6,1,2,3,66,47,300,600,2,5
6620,,,5,2,2,1,13,52,60,180,4,5
6621,,,5,2,2,2,53,95,60,180,4,5
6622,,,3,2,2,1,88,33,60,180,3,5
6623,,,11,2,2,3,27,43,420,540,4,5
6624,,,17,2,2,2,32,13,300,600,4,5
6625,,,10,2,2,3,20,20,60,180,1,5
6626,,,4,2,2,2,31,85,300,600,1,5
6627,,,10,2,2,3,72,0,420,540,1,5
6628,,,9,1,2,1,81,1,420,540,1,5
6629,,,6,1,2,2,25,44,420,540,3,5
6630,,,12,1,2,3,30,78,300,600,3,5
6631,,,10,2,2,1,18,47,60,180,3,5
6632,,,14,1,2,3,16,22,420,540,3,5
6633,,,14,1,2,2,26,51,420,540,2,5
6634,,,8,2,2,2,36,45,60,180,2,5
6635,,,3,1,2,2,57,3,420,540,4,5
6636,,,10,1,2,1,95,12,300,600,4,5
6637,,,6,2,2,3,43,67,300,600,1,5
6638,,,14,2,2,1,5,50,0,300,2,5
6639,,,12,2,2,1,68,27,0,300,3,5
6640,,,6,1,2,1,52,3,300,600,4,5
6641,,,6,2,2,2,94,86,60,180,2,5
6642,,,3,2,2,2,74,40,0,300,4,5
6643,,,9,2,2,3,14,46,60,180,4,5
6644,,,14,1,2,3,58,53,420,540,4,5
6645,,,5,2,2,2,10,53,60,180,3,5
6646,,,6,2,2,1,71,18,0,300,1,5
6647,,,8,2,2,1,92,71,60,180,2,5
6648,,,7,1,2,2,12,67,300,600,3,5
6649,,,12,2,2,1,74,10,60,180,2,5
6650,,,13,1,2,1,55,15,420,540,4,5
6651,,,2,2,2,3,30,73,420,540,1,5
6652,,,10,1,2,3,23,96,420,540,3,5
6653,,,14,1,2,3,57,24,300,600,3,5
6654,,,4,2,2,3,38,63,420,540,2,5
6655,,,2,1,2,3,94,76,300,600,4,5
6656,,,9,1,2,1,14,61,300,600,1,5
6657,,,13,2,2,3,33,86,0,300,3,5
6658,,,8,1,2,1,91,74,420,540,3,5
6659,,,16,1,2,3,80,78,420,540,2,5
6660,,,11,2,2,2,52,38,0,300,3,5
6661,,,15,1,2,1,52,87,300,600,2,5
6662,,,11,1,2,2,94,17,420,540,1,5
6663,,,15,1,2,2,22,82,300,600,2,5
6664,,,6,1,2,2,50,4,300,600,1,5
6665,,,8,1,2,3,72,39,300,600,3,5
6666,,,12,2,2,2,90,6,0,300,1,5
6667,,,14,2,2,3,2,89,60,180,4,5
6668,,,4,2,2,1,14,10,60,180,3,5
6669,,,14,1,2,2,18,28,420,540,4,5
6670,,,4,2,2,2,17,20,420,540,2,5
6671,,,14,1,2,1,45,47,420,540,4,5
6672,,,8,1,2,1,51,37,420,540,3,5
6673,,,4,2,2,3,76,65,0,300,3,5
6674,,,8,2,2,2,57,83,60,180,2,5
6675,,,10,2,2,2,100,6,180,300,3,5
6676,,,12,2,2,3,3,5,60,180,3,5
6677,,,5,2,2,3,39,36,0,300,2,5
6678,,,7,2,2,2,80,67,420,540,1,5
6679,,,13,1,2,1,80,86,300,600,2,5
6680,,,6,2,2,1,31,100,0,300,2,5
6681,,,11,2,2,1,49,11,420,540,1,5
6682,,,9,1,2,3,50,63,420,540,3,5
6683,,,12,2,2,1,2,20,420,540,3,5
6684,,,3,1,2,2,65,70,420,540,2,5
6685,,,3,1,2,1,28,24,420,540,1,5
6686,,,3,2,2,1,16,78,0,300,3,5
6687,,,6,2,2,1,65,32,420,540,4,5
6688,,,4,1,2,1,13,95,300,600,1,5
6689,,,10,1,2,3,58,0,300,600,3,5
6690,,,2,1,2,2,66,36,420,540,2,5
6691,,,14,2,2,1,20,33,0,300,1,5
6692,,,16,2,2,2,64,85,300,600,1,5
6693,,,5,1,2,3,73,37,300,600,2,5
6694,,,15,2,2,3,32,54,180,300,3,5
6695,,,10,2,2,1,2,99,60,180,2,5
6696,,,3,1,2,3,88,78,300,600,2,5
6697,,,12,1,2,3,25,11,420,540,3,5
6698,,,15,1,2,2,98,91,300,600,4,5
6699,,,8,1,2,2,42,25,420,540,1,5
6700,,,5,1,2,2,53,23,420,540,2,5
6701,,,3,1,2,1,5,46,300,600,3,5
6702,,,6,2,2,3,55,58,420,540,3,5
6703,,,8,1,2,2,39,86,300,600,4,5
6704,,,14,1,2,1,0,86,300,600,3,5
6705,,,9,2,2,1,80,83,60,180,3,5
6706,,,15,2,2,3,85,91,300,600,4,5
6707,,,12,1,2,1,5,37,300,600,3,5
6708,,,2,2,2,2,36,82,180,300,1,5
6709,,,3,1,2,2,55,84,420,540,3,5
6710,,,3,1,2,1,1,50,300,600,2,5
6711,,,4,1,2,1,4,30,300,600,4,5
6712,,,4,1,2,1,1,20,420,540,1,5
6713,,,15,1,2,1,78,35,300,600,2,5
6714,,,8,1,2,3,48,91,420,540,1,5
6715,,,15,2,2,1,72,17,420,540,2,5
6716,,,3,1,2,2,86,45,420,540,1,5
6717,,,6,1,2,2,4,67,300,600,3,5
6718,,,3,2,2,1,92,89,300,600,2,5
6719,,,5,1,2,3,73,34,300,600,4,5
6720,,,3,2,2,1,96,68,300,420,3,5
6721,,,10,2,2,2,37,42,300,420,1,5
6722,,,7,1,2,1,61,27,420,540,4,5
6723,,,2,2,2,1,68,44,420,540,4,5
6724,,,2,1,2,1,88,13,300,600,4,5
6725,,,5,1,2,3,66,17,420,540,1,5
6726,,,6,1,2,1,21,22,300,600,3,5
6727,,,5,2,2,1,21,14,60,180,1,5
6728,,,8,1,2,2,23,51,300,600,2,5
6729,,,8,2,2,2,97,63,180,300,4,5
6730,,,12,2,2,1,84,1,300,600,3,5
6731,,,14,2,2,3,48,17,420,540,4,5
6732,,,12,1,2,2,48,64,300,600,2,5
6733,,,6,2,2,1,97,88,60,180,1,5
6734,,,6,1,2,1,35,79,420,540,1,5
6735,,,9,1,2,1,53,66,300,600,3,5
6736,,,1,1,2,3,61,72,300,600,1,5
6737,,,14,1,2,1,30,67,300,600,2,5
6738,,,6,2,2,1,32,41,300,420,3,5
6739,,,8,2,2,1,8,47,0,300,2,5
6740,,,7,1,2,3,40,52,300,600,4,5
6741,,,11,2,2,2,12,52,300,600,2,5
6742,,,6,1,2,2,79,29,300,600,2,5
6743,,,13,1,2,3,12,4,420,540,2,5
6744,,,2,1,2,3,19,95,300,600,2,5
6745,,,1,1,2,3,38,81,300,600,2,5
6746,,,7,1,2,3,12,53,300,600,2,5
6747,,,5,1,2,2,48,15,300,600,1,5
6748,,,2,1,2,2,89,36,420,540,3,5
6749,,,9,1,2,1,11,36,300,600,1,5
6750,,,8,2,2,2,9,17,60,180,3,5
6751,,,3,1,2,3,20,65,420,540,2,5
6752,,,9,1,2,1,55,44,420,540,3,5
6753,,,8,2,2,3,34,17,420,540,2,5
6754,,,6,1,2,1,79,12,300,600,2,5
6755,,,9,2,2,3,51,8,180,300,2,5
6756,,,9,2,2,2,30,39,420,540,4,5
6757,,,11,1,2,1,29,76,420,540,2,5
6758,,,15,1,2,3,77,67,300,600,3,5
6759,,,11,1,2,2,41,90,300,600,4,5
6760,,,5,1,2,1,10,98,420,540,3,5
6761,,,6,1,2,2,30,65,420,540,3,5
6762,,,9,1,2,1,17,15,300,600,3,5
6763,,,12,2,2,1,18,44,60,180,1,5
6764,,,15,2,2,2,100,4,0,300,4,5
6765,,,4,2,2,1,11,6,300,600,3,5
6766,,,8,1,2,2,45,75,300,600,3,5
6767,,,9,1,2,3,76,47,420,540,4,5
6768,,,10,2,2,2,27,76,180,300,1,5
6769,,,5,2,2,3,37,3,60,180,2,5
6770,,,7,1,2,3,41,96,300,600,2,5
6771,,,17,2,2,2,56,32,420,540,1,5
6772,,,3,1,2,2,98,22,420,540,2,5
6773,,,13,1,2,2,76,77,420,540,4,5
6774,,,11,2,2,2,48,94,180,300,4,5
6775,,,14,2,2,1,61,90,60,180,4,5
6776,,,3,1,2,3,89,87,420,540,1,5
6777,,,2,1,2,2,84,72,300,600,4,5
6778,,,4,2,2,1,21,40,300,420,4,5
6779,,,13,1,2,1,5,53,420,540,2,5
6780,,,12,2,2,2,14,2,180,300,3,5
6781,,,13,2,2,2,71,58,0,300,3,5
6782,,,14,2,2,3,49,16,300,420,4,5
6783,,,2,1,2,3,69,49,300,600,2,5
6784,,,13,1,2,3,67,92,420,540,2,5
6785,,,11,1,2,1,91,53,420,540,1,5
6786,,,12,2,2,1,65,19,60,180,3,5
6787,,,7,1,2,1,16,74,300,600,4,5
6788,,,10,2,2,3,37,20,60,180,1,5
6789,,,3,2,2,3,56,63,0,300,1,5
6790,,,5,1,2,2,82,100,300,600,2,5
6791,,,7,1,2,3,62,0,420,540,1,5
6792,,,2,2,2,1,47,45,60,180,2,5
6793,,,3,1,2,2,73,99,420,540,2,5
6794,,,9,1,2,2,80,72,420,540,3,5
6795,,,12,2,2,1,44,23,300,420,4,5
6796,,,3,2,2,2,84,59,180,300,2,5
6797,,,9,2,2,1,91,78,420,540,1,5
6798,,,8,2,2,2,89,89,300,420,4,5
6799,,,13,2,2,3,29,0,180,300,2,5
6800,,,7,1,2,2,64,24,300,600,1,5
6801,,,9,1,2,2,3,20,300,600,1,5
6802,,,12,2,2,3,37,0,180,300,1,5
6803,,,9,1,2,1,33,20,300,600,1,5
6804,,,12,1,2,3,99,99,420,540,3,5
6805,,,2,1,2,3,4,4,300,600,4,5
6806,,,13,1,2,1,74,47,420,540,1,5
6807,,,6,1,2,1,36,96,300,600,4,5
6808,,,7,1,2,1,57,6,300,600,2,5
6809,,,11,1,2,1,71,77,420,540,2,5
6810,,,7,1,2,1,3,57,300,600,1,5
6811,,,14,1,2,1,89,60,420,540,2,5
6812,,,6,2,2,2,14,26,0,300,1,5
6813,,,15,2,2,1,96,52,0,300,3,5
6814,,,6,2,2,2,28,78,0,300,1,5
6815,,,5,2,2,3,11,25,0,300,3,5
6816,,,14,1,2,3,86,24,300,600,4,5
6817,,,11,2,2,3,39,20,0,300,4,5
6818,,,8,1,2,2,53,30,300,600,1,5
6819,,,13,2,2,2,51,1,0,300,3,5
6820,,,2,1,2,1,28,98,420,540,2,5
6821,,,9,2,2,2,62,46,180,300,1,5
6822,,,5,2,2,3,26,46,420,540,2,5
6823,,,10,2,2,1,69,27,420,540,2,5
6824,,,2,1,2,1,79,51,300,600,3,5
6825,,,13,1,2,3,69,41,300,600,1,5
6826,,,4,2,2,3,58,64,420,540,4,5
6827,,,4,1,2,1,52,26,420,540,3,5
6828,,,8,1,2,2,76,74,300,600,4,5
6829,,,5,2,2,2,64,2,180,300,4,5
6830,,,4,1,2,1,61,58,420,540,2,5
6831,,,8,2,2,2,95,46,300,600,3,5
6832,,,14,2,2,1,98,0,300,600,2,5
6833,,,5,1,2,3,31,3,300,600,2,5
6834,,,2,1,2,2,77,84,420,540,2,5
6835,,,6,2,2,3,0,1,180,300,3,5
6836,,,10,1,2,3,40,81,300,600,2,5
6837,,,11,2,2,1,87,46,300,600,4,5
6838,,,13,2,2,3,68,89,0,300,4,5
6839,,,15,1,2,3,25,80,300,600,1,5
6840,,,12,2,2,2,37,92,300,420,4,5
6841,,,12,2,2,3,15,36,0,300,1,5
6842,,,13,1,2,2,95,37,420,540,4,5
6843,,,6,2,2,2,7,19,420,540,1,5
6844,,,2,2,2,2,97,46,300,600,3,5
6845,,,8,1,2,3,29,79,420,540,3,5
6846,,,9,2,2,3,98,31,0,300,3,5
6847,,,3,1,2,1,32,2,420,540,2,5
6848,,,6,1,2,3,7,58,420,540,1,5
6849,,,2,1,2,2,61,58,420,540,3,5
6850,,,4,2,2,3,7,86,180,300,4,5
6851,,,14,2,2,2,0,54,180,300,1,5
6852,,,14,1,2,2,92,19,300,600,3,5
6853,,,5,2,2,3,42,7,420,540,2,5
6854,,,3,2,2,1,41,99,0,300,1,5
6855,,,9,2,2,3,94,22,300,420,1,5
6856,,,8,2,2,3,58,24,420,540,2,5
6857,,,5,2,2,2,52,47,180,300,3,5
6858,,,11,2,2,3,2,19,300,600,2,5
6859,,,14,1,2,2,54,74,300,600,3,5
6860,,,2,2,2,2,78,89,300,420,3,5
6861,,,9,1,2,1,69,6,420,540,1,5
6862,,,7,2,2,2,18,42,60,180,2,5
6863,,,12,1,2,1,81,97,420,540,3,5
6864,,,6,1,2,3,27,99,420,540,3,5
6865,,,14,1,2,1,17,49,420,540,2,5
6866,,,14,1,2,2,77,51,300,600,3,5
6867,,,9,2,2,2,11,67,60,180,1,5
6868,,,7,1,2,3,6,95,420,540,2,5
6869,,,3,2,2,1,70,77,300,600,1,5
6870,,,11,2,2,2,79,51,300,420,2,5
6871,,,9,1,2,1,32,87,300,600,3,5
6872,,,11,1,2,3,4,9,420,540,2,5
6873,,,13,2,2,2,47,12,60,180,1,5
6874,,,13,2,2,2,56,91,0,300,3,5
6875,,,2,1,2,2,14,85,420,540,4,5
6876,,,15,1,2,3,46,23,300,600,3,5
6877,,,6,1,2,3,5,24,300,600,1,5
6878,,,7,2,2,2,35,61,180,300,2,5
6879,,,15,1,2,2,0,64,420,540,3,5
6880,,,2,2,2,2,81,42,300,600,2,5
6881,,,7,1,2,3,37,2,420,540,2,5
6882,,,5,1,2,3,54,72,420,540,1,5
6883,,,12,2,2,2,87,63,60,180,4,5
6884,,,4,1,2,1,51,41,420,540,3,5
6885,,,8,2,2,2,78,41,300,420,1,5
6886,,,1,1,2,1,94,85,420,540,2,5
6887,,,2,1,2,3,34,57,420,540,1,5
6888,,,4,1,2,1,100,26,300,600,2,5
6889,,,4,2,2,3,75,85,180,300,1,5
6890,,,5,1,2,2,4,92,300,600,3,5
6891,,,4,2,2,1,16,45,180,300,3,5
6892,,,5,2,2,1,47,76,0,300,3,5
6893,,,5,1,2,3,14,60,300,600,3,5
6894,,,10,1,2,3,78,68,420,540,2,5
6895,,,4,2,2,1,8,10,300,420,3,5
6896,,,7,1,2,3,73,13,300,600,3,5
6897,,,7,2,2,2,17,43,180,300,3,5
6898,,,6,1,2,1,75,22,420,540,2,5
6899,,,3,1,2,1,34,52,420,540,3,5
6900,,,4,2,2,3,8,39,420,540,1,5
6901,,,8,2,2,3,13,12,420,540,1,5
6902,,,2,1,2,2,62,83,300,600,4,5
6903,,,14,1,2,3,75,36,300,600,3,5
6904,,,3,2,2,2,48,51,300,420,4,5
6905,,,4,1,2,1,40,18,300,600,4,5
6906,,,4,1,2,3,76,37,300,600,3,5
6907,,,10,2,2,1,39,36,300,600,2,5
6908,,,2,2,2,1,55,80,0,300,2,5
6909,,,6,2,2,1,34,9,300,420,1,5
6910,,,9,1,2,3,62,42,300,600,2,5
6911,,,8,1,2,3,19,88,300,600,4,5
6912,,,2,1,2,2,69,94,420,540,2,5
6913,,,14,1,2,1,78,47,420,540,3,5
6914,,,14,1,2,2,56,5,300,600,1,5
6915,,,2,1,2,2,95,22,300,600,3,5
6916,,,2,2,2,3,66,74,420,540,2,5
6917,,,7,2,2,2,23,79,180,300,2,5
6918,,,10,2,2,3,36,65,420,540,2,5
6919,,,2,1,2,3,24,37,300,600,1,5
6920,,,10,1,2,3,85,79,420,540,2,5
6921,,,12,2,2,1,93,90,60,180,4,5
6922,,,13,2,2,3,26,19,0,300,3,5
6923,,,5,1,2,1,7,52,420,540,3,5
6924,,,3,2,2,3,98,34,300,600,1,5
6925,,,3,2,2,3,50,27,180,300,1,5
6926,,,8,2,2,2,34,44,0,300,3,5
6927,,,6,2,2,3,67,21,180,300,2,5
6928,,,2,2,2,2,19,50,0,300,4,5
6929,,,6,1,2,3,81,25,300,600,1,5
6930,,,11,2,2,2,0,11,0,300,1,5
6931,,,11,2,2,3,38,86,300,600,2,5
6932,,,10,1,2,1,66,42,300,600,4,5
6933,,,10,1,2,2,38,87,420,540,3,5
6934,,,11,2,2,2,76,37,420,540,2,5
6935,,,12,2,2,1,82,29,420,540,3,5
6936,,,4,1,2,3,5,17,300,600,4,5
6937,,,4,1,2,3,0,83,420,540,2,5
6938,,,11,1,2,2,18,62,300,600,1,5
6939,,,7,1,2,2,68,54,300,600,4,5
6940,,,14,2,2,3,40,62,420,540,3,5
6941,,,7,1,2,1,79,88,420,540,2,5
6942,,,15,1,2,1,72,15,300,600,1,5
6943,,,5,1,2,2,10,45,300,600,3,5
6944,,,12,1,2,1,82,7,300,600,2,5
6945,,,15,2,2,2,49,8,60,180,4,5
6946,,,3,2,2,3,94,44,420,540,2,5
6947,,,6,1,2,1,53,73,300,600,3,5
6948,,,2,2,2,3,48,72,60,180,2,5
6949,,,14,2,2,1,100,84,60,180,1,5
6950,,,10,1,2,2,68,16,300,600,3,5
6951,,,12,2,2,3,38,37,180,300,3,5
6952,,,12,2,2,1,33,95,420,540,1,5
6953,,,15,2,2,3,52,6,300,420,2,5
6954,,,16,1,2,3,86,4,420,540,4,5
6955,,,2,1,2,3,22,66,300,600,1,5
6956,,,11,2,2,1,23,56,300,600,3,5
6957,,,11,1,2,1,53,16,420,540,2,5
6958,,,7,2,2,2,70,17,180,300,4,5
6959,,,10,1,2,2,30,70,420,540,3,5
6960,,,3,2,2,1,59,92,420,540,4,5
6961,,,8,2,2,1,61,94,420,540,2,5
6962,,,8,2,2,2,26,41,300,600,1,5
6963,,,6,2,2,2,30,14,0,300,4,5
6964,,,8,2,2,1,68,30,60,180,4,5
6965,,,5,1,2,2,70,11,420,540,3,5
6966,,,16,1,2,1,14,10,300,600,3,5
6967,,,8,2,2,1,84,79,60,180,1,5
6968,,,13,1,2,2,8,36,300,600,3,5
6969,,,11,1,2,2,76,4,420,540,3,5
6970,,,2,2,2,1,27,74,180,300,4,5
6971,,,6,1,2,2,6,66,300,600,4,5
6972,,,14,1,2,1,8,16,420,540,4,5
6973,,,14,1,2,2,40,96,300,600,1,5
6974,,,11,1,2,2,76,3,300,600,2,5
6975,,,9,2,2,1,38,21,420,540,3,5
6976,,,6,2,2,2,8,100,300,420,4,5
6977,,,6,1,2,1,76,56,300,600,1,5
6978,,,6,1,2,3,63,38,420,540,4,5
6979,,,11,1,2,3,92,60,420,540,3,5
6980,,,9,2,2,1,100,90,0,300,3,5
6981,,,4,2,2,3,47,71,420,540,2,5
6982,,,7,1,2,1,35,26,300,600,3,5
6983,,,12,2,2,2,48,3,300,600,1,5
6984,,,4,2,2,1,33,64,60,180,2,5
6985,,,16,2,2,3,14,75,60,180,3,5
6986,,,6,2,2,1,96,11,180,300,2,5
6987,,,15,2,2,1,34,27,180,300,4,5
6988,,,8,1,2,3,49,17,300,600,1,5
6989,,,6,1,2,3,60,71,420,540,4,5
6990,,,3,2,2,2,69,19,60,180,3,5
6991,,,12,1,2,2,94,28,300,600,4,5
6992,,,13,2,2,1,17,18,60,180,1,5
6993,,,13,2,2,2,54,79,420,540,4,5
6994,,,8,1,2,2,86,32,420,540,2,5
6995,,,8,1,2,2,36,99,420,540,4,5
6996,,,11,2,2,3,19,69,180,300,1,5
6997,,,10,1,2,3,31,97,420,540,2,5
6998,,,4,1,2,2,50,30,420,540,3,5
6999,,,7,1,2,2,45,54,300,600,4,5
7000,,,7,2,2,1,23,80,420,540,4,5
7001,,,17,2,2,2,100,49,420,540,3,5
7002,,,5,2,2,1,13,88,300,420,1,5
7003,,,4,2,2,1,11,54,60,180,4,5
7004,,,9,2,2,3,16,10,0,300,3,5
7005,,,7,1,2,3,38,33,420,540,2,5
7006,,,5,2,2,3,18,18,420,540,4,5
7007,,,2,1,2,3,89,75,300,600,4,5
7008,,,14,1,2,2,51,43,300,600,4,5
7009,,,8,2,2,2,4,5,0,300,1,5
7010,,,3,1,2,3,86,5,420,540,3,5
7011,,,10,2,2,2,0,40,60,180,4,5
7012,,,4,2,2,1,13,56,300,420,1,5
7013,,,11,2,2,3,26,84,180,300,2,5
7014,,,10,2,2,1,86,19,180,300,4,5
7015,,,12,2,2,2,43,90,300,420,1,5
7016,,,8,2,2,2,100,72,180,300,3,5
7017,,,10,2,2,1,57,12,0,300,1,5
7018,,,4,1,2,1,2,59,420,540,4,5
7019,,,3,1,2,2,28,96,300,600,1,5
7020,,,10,1,2,3,8,38,420,540,1,5
7021,,,9,1,2,1,50,74,300,600,2,5
7022,,,15,2,2,2,39,9,300,600,1,5
7023,,,9,1,2,3,35,89,420,540,1,5
7024,,,8,1,2,1,44,86,420,540,2,5
7025,,,10,2,2,1,75,5,420,540,4,5
7026,,,5,2,2,1,49,48,180,300,4,5
7027,,,9,1,2,3,34,68,420,540,1,5
7028,,,11,2,2,3,100,94,60,180,2,5
7029,,,9,1,2,3,72,59,300,600,2,5
7030,,,5,1,2,2,43,63,420,540,4,5
7031,,,12,2,2,2,10,49,180,300,2,5
7032,,,13,1,2,1,22,55,420,540,2,5
7033,,,7,2,2,1,12,66,60,180,3,5
7034,,,2,2,2,2,69,76,180,300,1,5
7035,,,10,1,2,2,55,30,420,540,2,5
7036,,,10,2,2,2,22,58,180,300,2,5
7037,,,8,1,2,1,16,81,420,540,1,5
7038,,,9,1,2,2,86,45,300,600,2,5
7039,,,14,1,2,3,61,11,300,600,2,5
7040,,,8,1,2,1,65,58,420,540,2,5
7041,,,15,1,2,1,93,55,300,600,4,5
7042,,,5,2,2,1,82,33,60,180,3,5
7043,,,6,1,2,1,7,49,300,600,2,5
7044,,,6,2,2,2,37,30,180,300,2,5
7045,,,5,1,2,3,65,78,420,540,4,5
7046,,,11,2,2,1,50,15,420,540,2,5
7047,,,11,1,2,2,75,21,300,600,3,5
7048,,,4,2,2,3,60,61,0,300,2,5
7049,,,7,2,2,1,96,52,300,420,4,5
7050,,,9,1,2,3,49,93,300,600,4,5
7051,,,4,1,2,1,37,41,420,540,1,5
7052,,,11,1,2,1,35,40,300,600,4,5
7053,,,3,2,2,2,10,59,420,540,3,5
7054,,,12,1,2,2,48,90,420,540,1,5
7055,,,10,1,2,3,63,93,420,540,4,5
7056,,,15,2,2,3,21,88,0,300,4,5
7057,,,2,1,2,3,18,19,420,540,1,5
7058,,,3,1,2,1,20,92,420,540,3,5
7059,,,5,2,2,3,73,31,0,300,1,5
7060,,,3,2,2,1,59,67,180,300,4,5
7061,,,6,1,2,2,76,89,300,600,4,5
7062,,,7,2,2,3,74,66,60,180,1,5
7063,,,6,1,2,2,13,98,300,600,4,5
7064,,,10,1,2,2,8,67,300,600,3,5
7065,,,4,1,2,3,81,12,420,540,4,5
7066,,,11,1,2,3,91,23,300,600,4,5
7067,,,14,1,2,2,4,52,300,600,1,5
7068,,,7,2,2,1,90,63,180,300,1,5
7069,,,3,2,2,3,64,43,420,540,2,5
7070,,,7,1,2,3,76,30,420,540,4,5
7071,,,14,2,2,3,37,6,0,300,1,5
7072,,,5,2,2,1,22,88,180,300,1,5
7073,,,6,1,2,1,15,88,420,540,4,5
7074,,,2,1,2,1,81,53,300,600,3,5
7075,,,10,2,2,1,39,65,60,180,4,5
7076,,,6,2,2,3,98,76,300,420,2,5
7077,,,13,1,2,1,14,32,420,540,4,5
7078,,,13,2,2,1,40,11,300,420,3,5
7079,,,12,2,2,3,86,94,0,300,4,5
7080,,,4,1,2,1,95,96,420,540,3,5
7081,,,6,2,2,2,93,25,420,540,4,5
7082,,,6,2,2,2,44,78,180,300,2,5
7083,,,9,1,2,1,60,90,420,540,3,5
7084,,,5,1,2,3,19,50,300,600,2,5
7085,,,16,2,2,1,77,8,60,180,1,5
7086,,,6,2,2,2,33,72,300,420,4,5
7087,,,7,2,2,3,66,95,300,420,3,5
7088,,,6,2,2,2,41,30,60,180,3,5
7089,,,14,2,2,3,3,36,420,540,4,5
7090,,,12,1,2,3,29,39,300,600,1,5
7091,,,5,2,2,2,75,92,420,540,1,5
7092,,,3,1,2,1,50,22,420,540,3,5
7093,,,2,2,2,1,18,10,420,540,4,5
7094,,,7,2,2,3,33,91,60,180,4,5
7095,,,13,2,2,2,61,49,0,300,2,5
7096,,,13,2,2,1,63,68,180,300,3,5
7097,,,13,2,2,1,3,55,60,180,4,5
7098,,,5,2,2,1,71,85,420,540,1,5
7099,,,15,1,2,3,65,95,300,600,1,5
7100,,,6,1,2,1,84,53,420,540,2,5
7101,,,14,1,2,2,4,49,420,540,1,5
7102,,,7,2,2,1,81,26,300,420,3,5
7103,,,14,1,2,2,49,100,300,600,3,5
7104,,,8,1,2,1,52,2,420,540,3,5
7105,,,11,1,2,3,4,84,420,540,1,5
7106,,,15,1,2,2,100,2,420,540,2,5
7107,,,15,1,2,3,75,59,420,540,2,5
7108,,,15,1,2,1,85,100,420,540,4,5
7109,,,14,2,2,2,58,35,300,420,3,5
7110,,,5,1,2,1,45,79,420,540,4,5
7111,,,10,1,2,1,49,64,420,540,1,5
7112,,,12,2,2,3,35,35,420,540,4,5
7113,,,14,2,2,1,80,73,180,300,3,5
7114,,,8,2,2,2,25,24,180,300,3,5
7115,,,7,2,2,1,91,27,0,300,2,5
7116,,,8,1,2,2,49,97,420,540,1,5
7117,,,11,1,2,3,82,43,420,540,4,5
7118,,,12,2,2,3,62,62,420,540,1,5
7119,,,8,1,2,1,6,14,420,540,4,5
7120,,,13,1,2,3,99,93,420,540,4,5
7121,,,5,1,2,3,10,17,420,540,3,5
7122,,,9,2,2,3,59,72,60,180,3,5
7123,,,3,1,2,3,90,22,300,600,2,5
7124,,,13,2,2,1,13,42,300,600,3,5
7125,,,6,2,2,1,73,69,300,600,1,5
7126,,,5,1,2,2,43,94,300,600,2,5
7127,,,15,2,2,3,86,78,420,540,2,5
7128,,,16,1,2,3,91,33,300,600,2,5
7129,,,14,1,2,1,6,44,300,600,4,5
7130,,,3,2,2,2,24,2,0,300,2,5
7131,,,6,2,2,1,21,38,0,300,1,5
7132,,,6,2,2,3,100,28,180,300,3,5
7133,,,6,1,2,2,95,58,300,600,3,5
7134,,,8,2,2,3,12,62,60,180,3,5
7135,,,11,2,2,2,5,8,60,180,2,5
7136,,,4,2,2,1,77,50,420,540,1,5
7137,,,2,2,2,1,70,81,0,300,4,5
7138,,,14,2,2,2,17,16,420,540,2,5
7139,,,12,1,2,3,24,85,420,540,4,5
7140,,,14,2,2,3,4,18,300,420,4,5
7141,,,13,1,2,2,75,66,300,600,1,5
7142,,,5,1,2,3,83,4,420,540,3,5
7143,,,7,1,2,3,94,17,300,600,3,5
7144,,,9,1,2,2,33,24,420,540,2,5
7145,,,3,1,2,3,11,18,420,540,2,5
7146,,,14,1,2,1,37,30,420,540,3,5
7147,,,5,1,2,3,9,88,420,540,1,5
7148,,,12,2,2,3,11,19,60,180,2,5
7149,,,11,2,2,1,61,63,0,300,1,5
7150,,,9,2,2,1,80,70,420,540,4,5
7151,,,11,1,2,2,45,87,420,540,2,5
7152,,,13,2,2,1,16,64,300,600,4,5
7153,,,11,1,2,1,50,16,420,540,4,5
7154,,,3,2,2,3,99,68,0,300,3,5
7155,,,10,2,2,2,74,39,180,300,4,5
7156,,,3,1,2,2,20,97,420,540,3,5
7157,,,5,1,2,2,86,82,300,600,3,5
7158,,,12,1,2,1,26,49,420,540,3,5
7159,,,7,1,2,2,69,91,300,600,2,5
7160,,,13,2,2,2,57,26,420,540,1,5
7161,,,13,1,2,3,67,3,300,600,2,5
7162,,,12,2,2,1,20,54,0,300,2,5
7163,,,3,1,2,3,1,28,420,540,1,5
7164,,,15,2,2,3,20,38,180,300,2,5
7165,,,14,1,2,3,44,91,300,600,4,5
7166,,,2,2,2,1,64,40,60,180,4,5
7167,,,7,1,2,1,28,44,420,540,4,5
7168,,,15,2,2,2,53,85,180,300,3,5
7169,,,12,1,2,1,45,69,300,600,4,5
7170,,,7,1,2,3,31,16,420,540,1,5
7171,,,13,1,2,1,6,27,300,600,2,5
7172,,,6,1,2,3,31,62,300,600,3,5
7173,,,7,2,2,3,2,84,420,540,1,5
7174,,,14,1,2,3,5,76,300,600,3,5
7175,,,14,2,2,2,91,88,180,300,4,5
7176,,,10,2,2,3,47,84,420,540,1,5
7177,,,9,2,2,1,73,54,60,180,3,5
7178,,,9,2,2,2,57,4,300,600,4,5
7179,,,13,1,2,3,85,32,300,600,1,5
7180,,,3,2,2,1,85,56,60,180,3,5
7181,,,4,1,2,2,50,40,300,600,3,5
7182,,,6,2,2,1,83,29,60,180,3,5
7183,,,9,1,2,1,39,46,420,540,2,5
7184,,,3,1,2,1,16,91,300,600,4,5
7185,,,9,2,2,3,81,67,420,540,4,5
7186,,,16,2,2,3,93,75,60,180,2,5
7187,,,8,2,2,1,94,83,60,180,2,5
7188,,,3,2,2,3,4,3,420,540,1,5
7189,,,8,2,2,3,83,40,420,540,4,5
7190,,,6,1,2,1,48,74,420,540,3,5
7191,,,15,1,2,3,46,36,300,600,3,5
7192,,,5,1,2,1,95,45,300,600,4,5
7193,,,6,2,2,1,81,45,180,300,4,5
7194,,,4,1,2,3,83,96,420,540,4,5
7195,,,16,2,2,3,42,60,0,300,3,5
7196,,,2,1,2,3,74,37,300,600,4,5
7197,,,4,2,2,2,97,65,420,540,1,5
7198,,,14,1,2,2,66,83,300,600,3,5
7199,,,13,1,2,2,40,2,420,540,4,5
7200,,,11,1,2,3,36,40,300,600,2,5
7201,,,14,1,2,3,1,82,300,600,4,5
7202,,,6,1,2,1,29,63,420,540,2,5
7203,,,14,2,2,2,92,81,300,600,3,5
7204,,,2,1,2,3,45,24,420,540,4,5
7205,,,14,1,2,1,15,41,420,540,2,5
7206,,,3,2,2,3,26,28,60,180,4,5
7207,,,7,1,2,2,56,60,420,540,2,5
7208,,,3,1,2,3,21,63,300,600,3,5
7209,,,13,2,2,3,100,48,300,420,2,5
7210,,,12,1,2,3,26,36,300,600,4,5
7211,,,7,2,2,2,74,20,0,300,1,5
7212,,,11,2,2,3,9,98,60,180,4,5
7213,,,3,2,2,1,36,47,420,540,1,5
7214,,,9,2,2,2,81,76,0,300,1,5
7215,,,3,1,2,1,92,31,420,540,2,5
7216,,,4,1,2,3,12,56,420,540,3,5
7217,,,14,2,2,3,23,23,420,540,2,5
7218,,,10,2,2,1,2,30,0,300,3,5
7219,,,1,1,2,3,8,73,420,540,4,5
7220,,,3,1,2,2,0,5,300,600,1,5
7221,,,3,2,2,1,12,48,180,300,1,5
7222,,,2,1,2,1,89,92,300,600,1,5
7223,,,12,2,2,3,51,21,420,540,3,5
7224,,,11,1,2,2,71,11,300,600,2,5
7225,,,2,2,2,2,8,1,0,300,4,5
7226,,,8,2,2,3,7,20,300,420,3,5
7227,,,2,1,2,1,92,25,300,600,4,5
7228,,,11,2,2,2,52,30,300,420,3,5
7229,,,6,2,2,3,50,98,300,600,4,5
7230,,,4,1,2,2,79,72,300,600,1,5
7231,,,13,2,2,3,13,58,300,600,4,5
7232,,,5,2,2,2,66,64,60,180,4,5
7233,,,16,2,2,2,77,40,420,540,1,5
7234,,,5,1,2,2,41,74,420,540,4,5
7235,,,7,1,2,3,89,57,420,540,4,5
7236,,,14,1,2,2,55,79,300,600,4,5
7237,,,10,2,2,3,13,36,60,180,2,5
7238,,,13,1,2,3,96,2,300,600,4,5
7239,,,15,1,2,2,19,3,300,600,2,5
7240,,,7,2,2,1,43,22,300,600,4,5
7241,,,14,1,2,3,16,30,300,600,4,5
7242,,,14,2,2,2,40,71,300,600,1,5
7243,,,6,1,2,3,40,27,300,600,2,5
7244,,,11,1,2,2,95,99,420,540,1,5
7245,,,11,1,2,2,5,19,420,540,2,5
7246,,,14,1,2,1,18,23,300,600,1,5
7247,,,3,2,2,2,4,62,60,180,2,5
7248,,,14,1,2,2,34,10,420,540,1,5
7249,,,13,1,2,1,67,99,420,540,3,5
7250,,,10,2,2,1,67,94,420,540,4,5
7251,,,9,2,2,1,3,87,0,300,2,5
7252,,,4,1,2,3,9,42,420,540,3,5
7253,,,6,2,2,1,46,99,180,300,4,5
7254,,,8,2,2,1,65,74,180,300,3,5
7255,,,4,2,2,3,94,7,60,180,1,5
7256,,,11,1,2,1,100,13,300,600,2,5
7257,,,14,2,2,3,15,64,420,540,4,5
7258,,,3,2,2,2,26,36,60,180,3,5
7259,,,15,1,2,3,29,65,420,540,2,5
7260,,,14,1,2,1,67,62,420,540,4,5
7261,,,8,1,2,3,92,16,300,600,3,5
7262,,,10,2,2,3,38,4,0,300,4,5
7263,,,10,2,2,3,35,9,420,540,1,5
7264,,,3,2,2,3,52,73,180,300,4,5
7265,,,9,2,2,1,15,60,0,300,2,5
7266,,,9,2,2,3,99,32,60,180,1,5
7267,,,5,1,2,1,80,100,420,540,4,5
7268,,,9,2,2,3,30,89,60,180,1,5
7269,,,16,1,2,3,54,46,300,600,3,5
7270,,,10,2,2,1,85,19,60,180,2,5
7271,,,9,1,2,1,44,33,420,540,4,5
7272,,,10,2,2,3,25,42,180,300,2,5
7273,,,13,2,2,1,3,98,180,300,3,5
7274,,,11,1,2,2,94,76,420,540,3,5
7275,,,10,1,2,2,100,75,300,600,3,5
7276,,,11,1,2,2,45,42,420,540,4,5
7277,,,10,1,2,1,22,62,300,600,1,5
7278,,,3,2,2,3,84,26,60,180,2,5
7279,,,7,1,2,1,56,28,300,600,3,5
7280,,,2,1,2,2,21,37,300,600,4,5
7281,,,4,1,2,3,20,35,420,540,1,5
7282,,,9,1,2,3,9,43,420,540,1,5
7283,,,5,1,2,1,5,58,300,600,1,5
7284,,,1,1,2,3,71,19,300,600,4,5
7285,,,8,2,2,3,6,63,0,300,1,5
7286,,,8,2,2,1,21,46,0,300,4,5
7287,,,16,1,2,1,72,18,420,540,4,5
7288,,,10,2,2,2,64,100,300,600,2,5
7289,,,15,2,2,2,48,75,180,300,2,5
7290,,,10,2,2,1,27,31,300,420,4,5
7291,,,8,1,2,1,22,81,420,540,3,5
7292,,,13,2,2,1,58,6,420,540,2,5
7293,,,5,2,2,1,63,51,420,540,4,5
7294,,,4,2,2,1,72,38,420,540,1,5
7295,,,1,1,2,3,2,93,300,600,2,5
7296,,,11,2,2,3,80,81,180,300,3,5
7297,,,8,1,2,2,4,44,300,600,2,5
7298,,,6,2,2,3,40,29,300,600,1,5
7299,,,9,1,2,3,65,97,300,600,4,5
7300,,,9,2,2,1,44,53,300,420,3,5
7301,,,6,2,2,2,85,36,60,180,1,5
7302,,,10,1,2,1,75,77,300,600,1,5
7303,,,14,2,2,2,71,45,300,420,3,5
7304,,,4,1,2,2,56,12,300,600,3,5
7305,,,6,1,2,2,59,17,300,600,1,5
7306,,,6,1,2,1,70,15,300,600,3,5
7307,,,13,1,2,1,16,8,300,600,2,5
7308,,,15,2,2,2,13,77,180,300,2,5
7309,,,7,2,2,2,89,37,60,180,2,5
7310,,,3,1,2,1,72,12,420,540,1,5
7311,,,3,1,2,3,46,65,420,540,1,5
7312,,,11,2,2,2,40,23,60,180,2,5
7313,,,12,1,2,1,70,4,300,600,1,5
7314,,,12,2,2,2,31,50,60,180,1,5
7315,,,7,1,2,3,24,11,300,600,2,5
7316,,,7,1,2,3,40,1,420,540,4,5
7317,,,4,2,2,3,32,92,300,420,1,5
7318,,,14,1,2,3,89,100,300,600,1,5
7319,,,8,2,2,1,52,57,0,300,3,5
7320,,,13,2,2,1,29,36,420,540,3,5
7321,,,5,2,2,3,52,80,180,300,2,5
7322,,,4,1,2,2,76,88,300,600,3,5
7323,,,1,1,2,2,2,24,300,600,2,5
7324,,,10,2,2,3,33,90,420,540,4,5
7325,,,10,2,2,2,40,4,60,180,2,5
7326,,,14,2,2,3,46,77,60,180,1,5
7327,,,15,2,2,3,51,4,300,420,3,5
7328,,,7,2,2,3,90,21,0,300,4,5
7329,,,13,2,2,1,29,21,180,300,2,5
7330,,,2,1,2,2,65,17,300,600,1,5
7331,,,10,2,2,2,55,9,0,300,3,5
7332,,,2,2,2,3,51,74,60,180,3,5
7333,,,14,1,2,3,95,71,300,600,2,5
7334,,,6,1,2,2,35,67,300,600,3,5
7335,,,6,1,2,2,15,97,420,540,2,5
7336,,,6,2,2,2,16,16,180,300,2,5
7337,,,15,2,2,2,73,54,300,420,3,5
7338,,,8,1,2,1,77,76,420,540,2,5
7339,,,10,2,2,3,19,1,60,180,3,5
7340,,,4,2,2,1,44,14,60,180,4,5
7341,,,6,1,2,2,86,1,300,600,1,5
7342,,,3,1,2,3,84,75,300,600,4,5
7343,,,4,2,2,2,53,72,60,180,4,5
7344,,,7,1,2,2,38,28,300,600,3,5
7345,,,9,1,2,3,1,6,300,600,1,5
7346,,,7,1,2,2,73,23,420,540,4,5
7347,,,6,2,2,1,19,94,0,300,1,5
7348,,,5,1,2,3,49,88,300,600,2,5
7349,,,4,2,2,1,42,61,300,600,3,5
7350,,,4,1,2,2,81,54,420,540,2,5
7351,,,4,1,2,3,24,38,300,600,4,5
7352,,,9,2,2,1,77,5,180,300,3,5
7353,,,14,1,2,1,57,27,420,540,2,5
7354,,,3,2,2,1,86,0,180,300,3,5
7355,,,15,2,2,2,26,44,180,300,4,5
7356,,,8,2,2,1,95,56,180,300,4,5
7357,,,8,1,2,2,50,92,420,540,1,5
7358,,,10,2,2,3,73,70,300,600,2,5
7359,,,2,1,2,1,70,27,300,600,1,5
7360,,,5,1,2,2,3,1,300,600,1,5
7361,,,4,2,2,1,32,80,420,540,3,5
7362,,,10,1,2,2,43,38,420,540,3,5
7363,,,6,2,2,2,56,12,420,540,2,5
7364,,,9,1,2,2,89,62,420,540,3,5
7365,,,15,1,2,3,71,5,300,600,3,5
7366,,,15,2,2,3,88,27,180,300,1,5
7367,,,12,2,2,3,85,9,180,300,3,5
7368,,,2,1,2,1,65,51,300,600,4,5
7369,,,9,2,2,2,32,45,180,300,3,5
7370,,,11,1,2,2,1,70,420,540,1,5
7371,,,5,1,2,2,78,48,300,600,1,5
7372,,,7,2,2,2,38,86,0,300,4,5
7373,,,7,2,2,3,12,19,180,300,1,5
7374,,,5,1,2,1,92,56,300,600,2,5
7375,,,6,2,2,2,44,3,0,300,3,5
7376,,,10,2,2,2,90,53,420,540,1,5
7377,,,6,2,2,3,23,10,180,300,2,5
7378,,,14,2,2,1,23,84,0,300,1,5
7379,,,14,1,2,2,22,86,420,540,4,5
7380,,,10,1,2,1,25,64,420,540,4,5
7381,,,13,2,2,3,26,96,0,300,3,5
7382,,,14,1,2,3,89,97,300,600,3,5
7383,,,14,2,2,3,39,36,180,300,4,5
7384,,,15,2,2,1,75,96,300,600,2,5
7385,,,6,2,2,2,54,29,60,180,4,5
7386,,,11,1,2,3,53,25,420,540,4,5
7387,,,11,1,2,2,34,100,420,540,2,5
7388,,,3,1,2,3,53,82,300,600,1,5
7389,,,4,2,2,1,62,94,60,180,2,5
7390,,,6,1,2,3,56,8,420,540,1,5
7391,,,15,2,2,3,95,21,180,300,3,5
7392,,,14,1,2,2,2,99,420,540,1,5
7393,,,4,1,2,3,48,85,300,600,2,5
7394,,,2,1,2,1,45,79,300,600,3,5
7395,,,3,1,2,1,50,55,300,600,2,5
7396,,,2,1,2,2,78,47,300,600,1,5
7397,,,5,2,2,1,25,76,420,540,2,5
7398,,,14,1,2,3,94,59,420,540,2,5
7399,,,9,2,2,3,59,53,0,300,1,5
7400,,,3,2,2,1,16,14,60,180,3,5
7401,,,4,2,2,3,20,1,420,540,1,5
7402,,,9,2,2,1,52,3,420,540,1,5
7403,,,15,2,2,2,86,22,420,540,2,5
7404,,,3,2,2,2,77,24,180,300,3,5
7405,,,9,1,2,1,64,30,420,540,3,5
7406,,,8,1,2,3,50,87,420,540,4,5
7407,,,4,2,2,2,31,43,420,540,2,5
7408,,,15,2,2,3,22,62,0,300,4,5
7409,,,2,1,2,3,24,26,420,540,3,5
7410,,,7,2,2,1,25,87,60,180,2,5
7411,,,2,2,2,2,93,7,300,600,3,5
7412,,,4,1,2,3,53,92,420,540,2,5
7413,,,3,1,2,2,22,24,300,600,3,5
7414,,,14,1,2,1,33,33,420,540,2,5
7415,,,7,1,2,2,23,49,420,540,1,5
7416,,,4,2,2,1,53,9,300,600,1,5
7417,,,6,2,2,1,81,71,180,300,2,5
7418,,,7,1,2,3,70,44,300,600,2,5
7419,,,13,1,2,1,55,38,420,540,4,5
7420,,,4,2,2,1,67,23,300,420,2,5
7421,,,7,1,2,3,34,56,300,600,1,5
7422,,,16,2,2,3,81,13,0,300,4,5
7423,,,13,2,2,2,76,58,60,180,3,5
7424,,,8,1,2,2,26,42,300,600,3,5
7425,,,4,2,2,1,25,78,300,600,2,5
7426,,,4,2,2,2,81,59,180,300,1,5
7427,,,4,1,2,2,94,76,420,540,3,5
7428,,,8,2,2,1,19,32,180,300,3,5
7429,,,8,1,2,1,78,52,300,600,4,5
7430,,,7,2,2,3,97,24,180,300,1,5
7431,,,4,1,2,1,6,71,420,540,2,5
7432,,,1,1,2,1,31,14,420,540,3,5
7433,,,7,2,2,2,93,19,300,420,3,5
7434,,,15,2,2,2,91,97,180,300,1,5
7435,,,4,1,2,2,8,91,420,540,3,5
7436,,,3,1,2,1,65,3,300,600,1,5
7437,,,5,2,2,3,18,56,0,300,3,5
7438,,,11,1,2,3,45,76,420,540,4,5
7439,,,6,2,2,1,90,12,300,420,3,5
7440,,,4,2,2,2,82,28,300,600,3,5
7441,,,8,1,2,2,83,89,420,540,3,5
7442,,,12,1,2,3,80,36,420,540,4,5
7443,,,3,1,2,1,88,38,420,540,4,5
7444,,,10,1,2,1,94,76,300,600,2,5
7445,,,6,2,2,1,41,36,60,180,2,5
7446,,,2,2,2,1,7,14,180,300,4,5
7447,,,15,2,2,3,82,16,0,300,2,5
7448,,,7,1,2,1,28,59,420,540,1,5
7449,,,10,1,2,3,31,67,300,600,2,5
7450,,,4,1,2,1,23,56,420,540,1,5
7451,,,5,2,2,2,29,18,300,420,3,5
7452,,,8,2,2,2,33,60,300,420,1,5
7453,,,11,2,2,3,16,4,420,540,4,5
7454,,,6,2,2,2,19,39,0,300,3,5
7455,,,9,2,2,1,17,6,300,420,3,5
7456,,,8,1,2,3,9,91,300,600,2,5
7457,,,8,1,2,2,90,64,300,600,2,5
7458,,,13,1,2,2,18,6,300,600,2,5
7459,,,3,2,2,2,38,31,0,300,2,5
7460,,,3,2,2,3,13,75,300,420,3,5
7461,,,9,2,2,2,23,16,60,180,2,5
7462,,,9,1,2,3,51,83,420,540,2,5
7463,,,7,2,2,2,68,86,300,600,2,5
7464,,,11,1,2,3,87,4,420,540,2,5
7465,,,7,2,2,2,17,23,60,180,4,5
7466,,,5,2,2,3,91,19,60,180,4,5
7467,,,12,2,2,1,85,81,300,420,1,5
7468,,,3,2,2,1,70,55,60,180,2,5
7469,,,11,2,2,1,8,36,0,300,1,5
7470,,,3,1,2,3,38,57,420,540,1,5
7471,,,12,1,2,1,36,87,420,540,1,5
7472,,,3,2,2,2,40,82,300,600,2,5
7473,,,13,2,2,2,4,51,0,300,4,5
7474,,,6,1,2,3,3,79,300,600,3,5
7475,,,8,2,2,2,48,65,420,540,3,5
7476,,,9,1,2,1,57,67,300,600,1,5
7477,,,2,1,2,2,23,7,420,540,4,5
7478,,,7,1,2,3,23,26,300,600,2,5
7479,,,6,2,2,3,33,60,300,420,2,5
7480,,,3,1,2,2,100,51,300,600,2,5
7481,,,7,1,2,2,93,37,300,600,3,5
7482,,,8,2,2,3,6,87,420,540,1,5
7483,,,11,2,2,3,68,82,60,180,3,5
7484,,,11,1,2,2,33,98,420,540,3,5
7485,,,3,2,2,2,81,4,420,540,2,5
7486,,,3,2,2,2,47,93,180,300,2,5
7487,,,16,2,2,1,0,25,60,180,4,5
7488,,,6,2,2,3,19,100,420,540,2,5
7489,,,13,2,2,2,71,66,420,540,2,5
7490,,,11,2,2,1,55,16,420,540,4,5
7491,,,11,2,2,2,96,53,180,300,2,5
7492,,,5,2,2,1,65,17,180,300,1,5
7493,,,8,1,2,3,70,44,300,600,4,5
7494,,,5,1,2,1,91,85,300,600,1,5
7495,,,6,2,2,1,33,97,60,180,4,5
7496,,,9,1,2,1,25,81,420,540,3,5
7497,,,3,1,2,3,16,4,300,600,4,5
7498,,,3,2,2,2,97,53,0,300,1,5
7499,,,4,1,2,2,46,79,300,600,3,5
7500,,,7,1,2,3,67,52,300,600,3,5
7501,,,8,1,2,3,75,71,300,600,2,5
7502,,,5,2,2,3,7,72,0,300,3,5
7503,,,16,2,2,1,98,87,420,540,3,5
7504,,,17,2,2,3,59,98,180,300,2,5
7505,,,15,1,2,2,4,98,420,540,1,5
7506,,,2,2,2,2,76,22,60,180,1,5
7507,,,9,2,2,2,68,2,180,300,3,5
7508,,,15,2,2,2,23,62,420,540,4,5
7509,,,12,1,2,1,7,96,420,540,1,5
7510,,,10,2,2,3,87,53,180,300,4,5
7511,,,13,1,2,3,72,33,420,540,4,5
7512,,,9,2,2,3,52,34,300,600,2,5
7513,,,14,1,2,1,20,49,300,600,2,5
7514,,,4,1,2,1,7,94,300,600,3,5
7515,,,5,2,2,2,26,25,300,600,3,5
7516,,,15,1,2,1,43,2,420,540,3,5
7517,,,9,1,2,1,29,92,420,540,1,5
7518,,,6,2,2,1,4,51,180,300,2,5
7519,,,7,1,2,3,66,52,300,600,4,5
7520,,,5,2,2,3,99,61,180,300,2,5
7521,,,8,1,2,1,72,99,420,540,4,5
7522,,,12,2,2,3,44,3,0,300,2,5
7523,,,12,1,2,3,76,18,420,540,1,5
7524,,,3,1,2,2,88,21,300,600,1,5
7525,,,6,1,2,1,55,28,300,600,4,5
7526,,,12,2,2,3,30,54,300,600,1,5
7527,,,6,2,2,2,38,85,420,540,3,5
7528,,,2,1,2,1,46,78,420,540,1,5
7529,,,12,1,2,1,15,0,420,540,4,5
7530,,,15,2,2,2,85,35,180,300,2,5
7531,,,4,2,2,1,65,6,0,300,4,5
7532,,,8,1,2,1,79,49,420,540,2,5
7533,,,9,1,2,3,75,96,420,540,2,5
7534,,,13,2,2,2,73,66,300,600,2,5
7535,,,12,1,2,3,77,39,300,600,3,5
7536,,,7,2,2,2,73,6,0,300,2,5
7537,,,13,2,2,2,54,75,300,420,2,5
7538,,,11,1,2,1,81,54,300,600,1,5
7539,,,5,1,2,2,48,25,420,540,2,5
7540,,,15,2,2,1,90,27,420,540,3,5
7541,,,4,1,2,1,3,19,420,540,3,5
7542,,,8,2,2,3,74,14,300,600,2,5
7543,,,3,2,2,3,77,36,180,300,4,5
7544,,,6,1,2,1,68,85,300,600,2,5
7545,,,5,1,2,3,10,73,420,540,4,5
7546,,,12,2,2,2,0,42,300,420,2,5
7547,,,10,2,2,2,14,58,300,420,1,5
7548,,,4,1,2,2,89,75,300,600,1,5
7549,,,10,2,2,1,95,34,60,180,4,5
7550,,,11,2,2,3,87,30,180,300,1,5
7551,,,14,1,2,1,97,70,300,600,3,5
7552,,,7,1,2,3,97,19,420,540,2,5
7553,,,10,1,2,2,62,81,420,540,1,5
7554,,,9,2,2,1,66,89,420,540,4,5
7555,,,11,1,2,1,10,15,420,540,1,5
7556,,,12,1,2,3,90,31,300,600,1,5
7557,,,8,2,2,3,58,34,300,420,2,5
7558,,,11,1,2,1,73,23,420,540,4,5
7559,,,4,2,2,1,41,24,60,180,3,5
7560,,,9,2,2,2,21,84,60,180,2,5
7561,,,1,1,2,3,85,46,300,600,3,5
7562,,,7,2,2,1,79,93,0,300,3,5
7563,,,14,2,2,1,76,71,60,180,2,5
7564,,,11,2,2,1,99,87,300,600,1,5
7565,,,4,1,2,3,62,34,420,540,3,5
7566,,,2,2,2,3,85,12,0,300,4,5
7567,,,12,1,2,3,1,3,300,600,2,5
7568,,,4,1,2,2,69,24,420,540,3,5
7569,,,7,1,2,1,61,10,420,540,4,5
7570,,,16,2,2,1,86,43,60,180,3,5
7571,,,15,1,2,1,1,47,420,540,4,5
7572,,,6,2,2,3,18,14,180,300,4,5
7573,,,12,1,2,2,70,35,420,540,1,5
7574,,,12,1,2,2,17,99,420,540,1,5
7575,,,13,2,2,3,65,5,180,300,1,5
7576,,,11,2,2,1,78,98,180,300,4,5
7577,,,10,2,2,1,17,21,60,180,4,5
7578,,,4,2,2,3,87,29,300,600,4,5
7579,,,7,2,2,2,36,39,300,600,3,5
7580,,,7,1,2,2,23,73,300,600,1,5
7581,,,8,1,2,3,57,32,300,600,4,5
7582,,,2,1,2,3,32,4,300,600,4,5
7583,,,6,2,2,1,89,5,300,420,1,5
7584,,,4,2,2,1,100,88,180,300,3,5
7585,,,11,1,2,2,91,12,300,600,2,5
7586,,,5,2,2,2,95,81,300,420,4,5
7587,,,13,2,2,1,5,86,300,420,2,5
7588,,,3,2,2,1,48,30,0,300,2,5
7589,,,3,1,2,1,47,91,420,540,4,5
7590,,,14,2,2,2,50,52,420,540,4,5
7591,,,12,1,2,3,40,78,300,600,4,5
7592,,,4,2,2,3,93,62,420,540,1,5
7593,,,9,1,2,1,72,4,300,600,2,5
7594,,,9,2,2,3,41,50,420,540,3,5
7595,,,6,2,2,2,86,33,0,300,2,5
7596,,,11,2,2,1,63,10,180,300,4,5
7597,,,12,2,2,2,47,50,180,300,1,5
7598,,,9,1,2,1,36,66,300,600,3,5
7599,,,8,2,2,2,37,84,0,300,2,5
7600,,,11,1,2,1,66,48,300,600,1,5
7601,,,14,1,2,2,46,60,420,540,2,5
7602,,,13,1,2,1,52,40,300,600,4,5
7603,,,15,2,2,1,95,45,300,420,4,5
7604,,,10,1,2,1,4,80,300,600,2,5
7605,,,7,2,2,2,39,4,0,300,3,5
7606,,,2,1,2,1,52,5,300,600,4,5
7607,,,2,2,2,3,63,15,180,300,3,5
7608,,,14,2,2,1,32,27,300,600,4,5
7609,,,7,1,2,3,89,44,300,600,1,5
7610,,,3,1,2,3,88,1,300,600,1,5
7611,,,13,1,2,1,38,67,420,540,3,5
7612,,,7,1,2,2,53,82,300,600,4,5
7613,,,4,1,2,3,40,27,300,600,2,5
7614,,,9,1,2,3,34,96,300,600,4,5
7615,,,16,2,2,2,26,100,0,300,3,5
7616,,,2,1,2,3,74,42,420,540,1,5
7617,,,3,2,2,1,92,28,420,540,4,5
7618,,,11,2,2,2,79,10,420,540,4,5
7619,,,12,2,2,1,17,55,60,180,2,5
7620,,,9,2,2,1,48,51,420,540,2,5
7621,,,9,1,2,1,39,54,420,540,1,5
7622,,,8,1,2,1,43,59,420,540,3,5
7623,,,4,2,2,1,61,78,420,540,2,5
7624,,,9,1,2,2,86,74,420,540,4,5
7625,,,6,1,2,3,98,2,420,540,2,5
7626,,,5,1,2,2,72,55,420,540,4,5
7627,,,15,1,2,2,21,8,300,600,4,5
7628,,,7,1,2,3,28,50,300,600,4,5
7629,,,13,1,2,2,15,83,300,600,3,5
7630,,,10,2,2,3,56,88,60,180,3,5
7631,,,3,2,2,2,94,62,0,300,1,5
7632,,,12,1,2,3,55,100,420,540,3,5
7633,,,8,2,2,2,65,49,180,300,2,5
7634,,,14,1,2,1,97,91,420,540,2,5
7635,,,8,1,2,2,41,86,300,600,3,5
7636,,,8,2,2,2,71,91,420,540,2,5
7637,,,11,1,2,3,67,54,420,540,2,5
7638,,,5,2,2,1,0,50,300,420,3,5
7639,,,8,2,2,3,82,49,180,300,1,5
7640,,,14,1,2,2,95,42,300,600,3,5
7641,,,8,2,2,1,36,41,420,540,1,5
7642,,,3,1,2,2,42,71,420,540,3,5
7643,,,5,2,2,2,30,59,0,300,1,5
7644,,,8,2,2,1,32,96,180,300,1,5
7645,,,15,2,2,3,0,41,300,600,1,5
7646,,,4,2,2,3,47,66,300,420,4,5
7647,,,6,1,2,2,8,7,420,540,1,5
7648,,,16,2,2,3,41,94,300,420,2,5
7649,,,10,1,2,3,78,77,300,600,4,5
7650,,,15,2,2,2,15,27,60,180,1,5
7651,,,3,2,2,3,39,56,180,300,4,5
7652,,,14,2,2,3,54,8,0,300,4,5
7653,,,11,1,2,3,39,59,420,540,4,5
7654,,,7,1,2,3,12,100,420,540,1,5
7655,,,5,2,2,2,9,10,60,180,3,5
7656,,,11,1,2,2,52,89,300,600,2,5
7657,,,11,1,2,3,9,88,300,600,4,5
7658,,,11,2,2,2,66,73,60,180,1,5
7659,,,14,1,2,3,7,3,300,600,1,5
7660,,,11,2,2,1,91,13,300,600,1,5
7661,,,8,2,2,1,51,17,180,300,2,5
7662,,,7,2,2,1,27,43,300,420,1,5
7663,,,14,2,2,1,24,41,60,180,1,5
7664,,,4,2,2,1,35,95,60,180,1,5
7665,,,5,1,2,2,52,47,300,600,2,5
7666,,,12,2,2,2,86,86,300,600,4,5
7667,,,13,2,2,2,0,19,180,300,2,5
7668,,,8,1,2,2,21,94,300,600,1,5
7669,,,3,1,2,3,93,61,300,600,3,5
7670,,,2,2,2,1,75,98,420,540,2,5
7671,,,3,1,2,2,19,8,420,540,4,5
7672,,,10,1,2,1,89,92,420,540,3,5
7673,,,13,1,2,1,60,15,300,600,3,5
7674,,,3,1,2,3,23,27,300,600,4,5
7675,,,10,2,2,2,2,17,0,300,2,5
7676,,,2,1,2,1,72,41,420,540,2,5
7677,,,5,2,2,2,33,93,180,300,1,5
7678,,,13,1,2,3,38,99,300,600,2,5
7679,,,6,2,2,2,12,40,60,180,1,5
7680,,,12,1,2,3,98,45,300,600,2,5
7681,,,14,2,2,3,89,18,300,420,2,5
7682,,,4,2,2,3,89,75,60,180,3,5
7683,,,10,2,2,1,71,14,0,300,2,5
7684,,,6,2,2,1,3,16,60,180,1,5
7685,,,13,2,2,3,94,24,0,300,4,5
7686,,,6,2,2,3,20,83,60,180,2,5
7687,,,9,2,2,2,5,91,180,300,1,5
7688,,,10,1,2,2,25,56,420,540,1,5
7689,,,3,1,2,3,20,17,420,540,2,5
7690,,,8,1,2,3,78,16,300,600,4,5
7691,,,3,2,2,2,10,32,180,300,3,5
7692,,,10,1,2,2,54,83,300,600,4,5
7693,,,11,2,2,2,81,21,0,300,2,5
7694,,,5,2,2,2,18,83,60,180,4,5
7695,,,6,1,2,2,50,48,420,540,2,5
7696,,,10,1,2,3,79,16,300,600,2,5
7697,,,6,1,2,3,8,16,420,540,1,5
7698,,,8,2,2,2,79,67,180,300,1,5
7699,,,6,1,2,1,75,67,420,540,3,5
7700,,,15,2,2,2,86,41,60,180,2,5
7701,,,14,2,2,1,53,55,180,300,2,5
7702,,,10,2,2,3,65,17,420,540,3,5
7703,,,10,1,2,3,59,54,300,600,2,5
7704,,,10,2,2,3,7,87,60,180,3,5
7705,,,13,2,2,1,70,94,300,420,3,5
7706,,,15,2,2,1,67,34,300,600,3,5
7707,,,3,1,2,1,22,87,420,540,2,5
7708,,,8,2,2,2,72,14,0,300,2,5
7709,,,5,2,2,1,19,56,180,300,2,5
7710,,,13,1,2,3,2,32,420,540,3,5
7711,,,14,2,2,1,66,50,420,540,2,5
7712,,,9,2,2,1,67,55,0,300,4,5
7713,,,4,1,2,1,22,33,300,600,2,5
7714,,,13,1,2,3,83,54,300,600,2,5
7715,,,4,2,2,1,21,12,60,180,3,5
7716,,,10,2,2,2,57,45,300,420,4,5
7717,,,13,2,2,1,68,100,60,180,4,5
7718,,,10,2,2,1,38,3,300,600,1,5
7719,,,13,1,2,1,86,58,300,600,3,5
7720,,,2,2,2,1,37,68,60,180,4,5
7721,,,4,2,2,3,35,34,60,180,2,5
7722,,,5,2,2,3,65,44,0,300,3,5
7723,,,7,1,2,2,83,89,300,600,4,5
7724,,,7,1,2,1,52,65,300,600,1,5
7725,,,12,1,2,3,44,6,300,600,1,5
7726,,,8,1,2,3,6,52,300,600,1,5
7727,,,2,2,2,2,69,43,60,180,3,5
7728,,,8,1,2,2,41,43,420,540,2,5
7729,,,3,1,2,3,49,44,420,540,2,5
7730,,,8,1,2,2,2,100,300,600,3,5
7731,,,7,2,2,1,58,22,300,420,2,5
7732,,,6,2,2,3,5,32,420,540,1,5
7733,,,13,2,2,2,56,68,0,300,2,5
7734,,,11,2,2,2,98,91,60,180,2,5
7735,,,15,1,2,3,56,22,300,600,4,5
7736,,,10,2,2,1,35,59,60,180,1,5
7737,,,10,1,2,2,41,80,420,540,3,5
7738,,,6,2,2,2,9,6,0,300,3,5
7739,,,9,1,2,1,45,44,420,540,2,5
7740,,,4,1,2,1,75,63,420,540,1,5
7741,,,12,2,2,3,68,44,300,600,1,5
7742,,,16,1,2,2,84,13,300,600,4,5
7743,,,3,2,2,3,88,24,420,540,4,5
7744,,,4,1,2,3,95,96,300,600,3,5
7745,,,6,1,2,2,93,87,300,600,1,5
7746,,,9,2,2,1,74,80,420,540,1,5
7747,,,3,2,2,1,32,65,60,180,4,5
7748,,,6,1,2,1,85,42,300,600,3,5
7749,,,12,2,2,2,38,9,300,420,1,5
7750,,,5,1,2,3,100,13,420,540,4,5
7751,,,12,1,2,3,31,44,300,600,1,5
7752,,,14,2,2,3,62,26,180,300,4,5
7753,,,10,2,2,3,40,39,420,540,3,5
7754,,,4,2,2,3,89,81,300,600,3,5
7755,,,14,1,2,3,92,94,420,540,2,5
7756,,,11,2,2,3,86,35,60,180,2,5
7757,,,4,1,2,2,76,65,420,540,4,5
7758,,,12,2,2,2,79,85,180,300,4,5
7759,,,16,1,2,3,79,55,300,600,2,5
7760,,,7,2,2,2,14,26,0,300,3,5
7761,,,12,1,2,2,57,96,300,600,2,5
7762,,,3,1,2,1,99,39,420,540,2,5
7763,,,15,1,2,1,88,66,300,600,3,5
7764,,,2,1,2,3,10,49,300,600,1,5
7765,,,4,2,2,2,6,36,60,180,3,5
7766,,,5,1,2,3,24,100,420,540,4,5
7767,,,2,2,2,2,69,49,60,180,1,5
7768,,,2,2,2,1,54,38,180,300,1,5
7769,,,14,2,2,1,53,79,420,540,2,5
7770,,,4,2,2,1,94,38,180,300,3,5
7771,,,9,2,2,1,74,71,300,420,4,5
7772,,,5,2,2,1,47,24,180,300,4,5
7773,,,14,1,2,1,20,19,300,600,2,5
7774,,,9,2,2,1,6,94,420,540,1,5
7775,,,3,1,2,1,36,82,420,540,3,5
7776,,,5,2,2,3,52,76,0,300,3,5
7777,,,1,1,2,2,9,22,420,540,2,5
7778,,,5,2,2,2,38,75,300,420,3,5
7779,,,6,2,2,2,13,27,300,600,4,5
7780,,,5,1,2,2,91,26,420,540,1,5
7781,,,2,2,2,2,25,79,60,180,4,5
7782,,,8,2,2,1,83,28,300,420,3,5
7783,,,15,1,2,1,98,77,300,600,1,5
7784,,,6,1,2,1,1,82,420,540,1,5
7785,,,5,2,2,1,93,66,300,600,3,5
7786,,,5,1,2,3,8,75,300,600,4,5
7787,,,14,2,2,2,75,100,180,300,2,5
7788,,,13,2,2,1,48,32,60,180,2,5
7789,,,4,1,2,3,16,96,420,540,4,5
7790,,,5,1,2,1,94,32,420,540,4,5
7791,,,15,1,2,1,22,79,420,540,3,5
7792,,,5,2,2,1,57,85,0,300,2,5
7793,,,6,1,2,1,59,56,300,600,4,5
7794,,,6,2,2,1,1,24,180,300,4,5
7795,,,7,1,2,3,35,80,420,540,4,5
7796,,,17,2,2,1,28,46,60,180,1,5
7797,,,7,1,2,1,0,89,300,600,1,5
7798,,,6,1,2,2,32,17,420,540,3,5
7799,,,5,2,2,3,49,73,420,540,2,5
7800,,,4,2,2,1,36,30,60,180,4,5
7801,,,8,1,2,2,37,11,420,540,2,5
7802,,,5,1,2,3,9,45,300,600,1,5
7803,,,8,2,2,2,27,9,420,540,2,5
7804,,,10,2,2,3,5,8,180,300,4,5
7805,,,14,1,2,1,78,11,420,540,1,5
7806,,,12,1,2,2,85,86,420,540,1,5
7807,,,6,1,2,2,65,61,300,600,2,5
7808,,,10,1,2,1,9,65,300,600,1,5
7809,,,5,1,2,3,23,49,300,600,2,5
7810,,,12,1,2,1,2,32,420,540,2,5
7811,,,6,2,2,2,93,54,180,300,3,5
7812,,,7,2,2,3,19,78,300,420,1,5
7813,,,12,2,2,3,80,69,420,540,4,5
7814,,,13,1,2,3,94,52,420,540,1,5
7815,,,7,1,2,3,81,67,300,600,2,5
7816,,,5,2,2,3,62,90,180,300,4,5
7817,,,8,1,2,3,4,42,300,600,3,5
7818,,,15,1,2,2,31,2,300,600,3,5
7819,,,8,1,2,2,53,70,300,600,1,5
7820,,,6,1,2,2,98,9,300,600,4,5
7821,,,8,2,2,1,77,37,300,420,3,5
7822,,,8,2,2,2,100,11,0,300,3,5
7823,,,4,1,2,3,47,78,420,540,1,5
7824,,,5,2,2,3,91,87,60,180,4,5
7825,,,14,1,2,2,52,87,420,540,1,5
7826,,,3,1,2,2,50,74,420,540,2,5
7827,,,9,1,2,2,11,82,300,600,4,5
7828,,,9,2,2,1,5,69,0,300,2,5
7829,,,6,2,2,3,60,40,300,600,1,5
7830,,,14,2,2,3,83,29,60,180,4,5
7831,,,12,2,2,3,67,59,0,300,1,5
7832,,,5,1,2,1,9,76,300,600,4,5
7833,,,3,2,2,1,66,24,60,180,2,5
7834,,,9,1,2,2,63,30,420,540,4,5
7835,,,9,1,2,3,38,67,420,540,1,5
7836,,,14,1,2,3,7,6,300,600,1,5
7837,,,6,2,2,3,69,89,60,180,2,5
7838,,,7,2,2,1,69,76,180,300,1,5
7839,,,13,1,2,2,13,38,300,600,3,5
7840,,,4,1,2,3,16,34,420,540,4,5
7841,,,6,2,2,2,96,40,180,300,4,5
7842,,,2,2,2,2,70,43,0,300,1,5
7843,,,13,2,2,1,39,73,180,300,2,5
7844,,,10,1,2,1,87,99,420,540,4,5
7845,,,5,2,2,2,15,96,420,540,1,5
7846,,,6,1,2,1,97,97,300,600,2,5
7847,,,13,1,2,3,63,0,420,540,2,5
7848,,,15,1,2,2,41,79,300,600,3,5
7849,,,10,2,2,3,21,28,0,300,2,5
7850,,,5,2,2,2,83,92,300,600,2,5
7851,,,2,2,2,2,51,85,180,300,4,5
7852,,,10,1,2,3,84,90,300,600,2,5
7853,,,11,1,2,2,54,34,420,540,1,5
7854,,,6,1,2,1,39,75,300,600,2,5
7855,,,2,1,2,3,77,67,420,540,1,5
7856,,,15,2,2,3,23,98,60,180,2,5
7857,,,11,2,2,2,66,71,420,540,2,5
7858,,,8,2,2,2,41,65,420,540,3,5
7859,,,7,2,2,3,28,43,0,300,1,5
7860,,,9,1,2,3,43,87,420,540,1,5
7861,,,7,2,2,1,82,62,180,300,1,5
7862,,,7,2,2,3,76,100,180,300,2,5
7863,,,9,1,2,1,73,2,420,540,4,5
7864,,,11,2,2,3,4,13,420,540,1,5
7865,,,8,2,2,1,41,90,300,420,1,5
7866,,,10,1,2,1,5,38,300,600,1,5
7867,,,2,1,2,1,90,88,420,540,3,5
7868,,,3,2,2,1,30,2,300,600,3,5
7869,,,5,2,2,1,45,12,60,180,4,5
7870,,,10,2,2,2,23,38,0,300,2,5
7871,,,13,1,2,2,54,53,300,600,2,5
7872,,,4,1,2,1,20,62,420,540,1,5
7873,,,17,2,2,3,34,34,0,300,3,5
7874,,,11,2,2,2,34,37,180,300,3,5
7875,,,11,2,2,2,65,100,60,180,1,5
7876,,,5,2,2,2,67,66,300,600,2,5
7877,,,15,2,2,1,54,87,420,540,4,5
7878,,,9,2,2,1,85,82,180,300,3,5
7879,,,13,1,2,3,31,81,300,600,2,5
7880,,,5,1,2,3,14,53,300,600,4,5
7881,,,3,1,2,3,97,51,420,540,4,5
7882,,,13,1,2,3,33,78,300,600,4,5
7883,,,7,1,2,2,80,62,420,540,4,5
7884,,,13,1,2,3,76,70,300,600,3,5
7885,,,7,1,2,3,42,5,420,540,4,5
7886,,,7,1,2,1,41,49,300,600,4,5
7887,,,16,1,2,2,49,23,420,540,1,5
7888,,,12,1,2,1,93,16,300,600,2,5
7889,,,15,2,2,3,88,97,420,540,4,5
7890,,,12,2,2,1,59,41,300,420,2,5
7891,,,5,1,2,3,48,15,420,540,4,5
7892,,,4,1,2,1,96,25,300,600,2,5
7893,,,8,1,2,1,34,36,420,540,1,5
7894,,,2,2,2,1,40,40,420,540,3,5
7895,,,8,2,2,1,92,48,0,300,1,5
7896,,,12,2,2,2,83,90,300,420,1,5
7897,,,13,2,2,2,88,76,300,600,4,5
7898,,,5,1,2,1,48,69,420,540,4,5
7899,,,15,1,2,3,43,0,420,540,3,5
7900,,,7,2,2,3,29,64,300,600,2,5
7901,,,16,2,2,1,46,38,60,180,4,5
7902,,,9,1,2,2,16,18,300,600,4,5
7903,,,7,1,2,3,53,43,420,540,1,5
7904,,,1,1,2,3,48,0,300,600,2,5
7905,,,14,1,2,3,75,6,420,540,3,5
7906,,,3,1,2,2,98,80,300,600,2,5
7907,,,10,1,2,2,70,52,420,540,1,5
7908,,,2,1,2,3,5,14,300,600,1,5
7909,,,3,1,2,1,24,86,420,540,2,5
7910,,,4,2,2,3,16,85,60,180,1,5
7911,,,14,2,2,3,76,48,180,300,3,5
7912,,,12,2,2,1,48,58,0,300,4,5
7913,,,6,1,2,2,43,49,300,600,2,5
7914,,,13,2,2,1,99,70,60,180,4,5
7915,,,10,2,2,1,85,77,420,540,2,5
7916,,,11,2,2,2,68,23,300,420,3,5
7917,,,8,2,2,2,91,54,0,300,2,5
7918,,,10,2,2,3,15,8,420,540,3,5
7919,,,13,2,2,3,37,34,300,420,2,5
7920,,,13,1,2,3,67,35,420,540,4,5
7921,,,6,1,2,1,96,77,300,600,1,5
7922,,,2,2,2,2,86,56,180,300,3,5
7923,,,12,2,2,2,8,18,180,300,4,5
7924,,,11,2,2,3,6,17,300,420,2,5
7925,,,12,1,2,3,60,84,420,540,2,5
7926,,,11,2,2,3,46,8,300,420,2,5
7927,,,4,2,2,3,38,51,0,300,4,5
7928,,,13,1,2,2,76,32,300,600,3,5
7929,,,8,1,2,2,34,45,300,600,4,5
7930,,,9,1,2,1,94,11,420,540,4,5
7931,,,8,2,2,2,53,90,420,540,3,5
7932,,,16,2,2,2,98,35,300,420,1,5
7933,,,8,2,2,2,0,19,300,600,3,5
7934,,,5,1,2,2,69,100,300,600,2,5
7935,,,13,2,2,1,95,31,180,300,2,5
7936,,,7,1,2,2,23,4,300,600,1,5
7937,,,3,2,2,2,88,45,180,300,4,5
7938,,,14,1,2,1,79,87,420,540,4,5
7939,,,5,2,2,1,95,38,180,300,1,5
7940,,,13,1,2,3,90,10,420,540,2,5
7941,,,15,2,2,1,91,31,0,300,1,5
7942,,,14,2,2,1,76,36,60,180,2,5
7943,,,13,1,2,2,94,54,420,540,4,5
7944,,,13,2,2,3,83,57,300,600,3,5
7945,,,2,1,2,2,13,92,300,600,2,5
7946,,,10,2,2,1,76,26,0,300,1,5
7947,,,3,2,2,2,22,87,60,180,3,5
7948,,,8,1,2,2,65,12,420,540,3,5
7949,,,11,2,2,1,35,100,0,300,1,5
7950,,,5,2,2,1,67,64,60,180,2,5
7951,,,9,2,2,2,60,62,60,180,2,5
7952,,,3,1,2,3,71,20,300,600,2,5
7953,,,9,2,2,2,64,39,0,300,3,5
7954,,,8,1,2,3,10,22,300,600,3,5
7955,,,13,1,2,2,21,54,420,540,1,5
7956,,,12,1,2,1,38,99,420,540,2,5
7957,,,13,1,2,2,94,63,300,600,1,5
7958,,,5,2,2,1,8,36,300,600,4,5
7959,,,12,2,2,1,10,13,180,300,2,5
7960,,,10,1,2,3,49,42,420,540,1,5
7961,,,8,2,2,2,39,34,300,420,1,5
7962,,,4,1,2,3,92,17,420,540,3,5
7963,,,12,1,2,2,55,79,420,540,2,5
7964,,,4,2,2,2,89,49,180,300,1,5
7965,,,7,2,2,2,95,47,420,540,1,5
7966,,,11,1,2,2,13,31,420,540,2,5
7967,,,6,2,2,2,85,39,300,420,2,5
7968,,,9,2,2,3,34,45,0,300,2,5
7969,,,5,1,2,1,62,16,420,540,4,5
7970,,,9,2,2,3,44,15,300,600,2,5
7971,,,4,1,2,1,62,90,420,540,2,5
7972,,,14,2,2,2,96,29,420,540,4,5
7973,,,13,1,2,2,97,46,300,600,4,5
7974,,,5,1,2,1,66,95,300,600,3,5
7975,,,6,2,2,3,65,63,300,600,1,5
7976,,,3,1,2,1,74,70,300,600,1,5
7977,,,15,2,2,1,8,84,60,180,4,5
7978,,,13,2,2,3,64,75,60,180,3,5
7979,,,10,1,2,2,67,2,420,540,1,5
7980,,,3,2,2,2,56,91,300,420,2,5
7981,,,8,2,2,3,68,90,0,300,4,5
7982,,,7,2,2,3,59,82,180,300,4,5
7983,,,14,2,2,2,59,53,180,300,4,5
7984,,,4,2,2,1,25,95,420,540,3,5
7985,,,9,2,2,3,57,1,60,180,3,5
7986,,,9,1,2,1,13,15,300,600,2,5
7987,,,11,2,2,1,93,91,420,540,2,5
7988,,,14,1,2,1,85,33,420,540,1,5
7989,,,15,1,2,1,35,60,420,540,3,5
7990,,,8,1,2,1,3,20,300,600,2,5
7991,,,11,2,2,3,61,30,420,540,4,5
7992,,,15,2,2,1,91,69,180,300,2,5
7993,,,11,2,2,3,81,62,300,420,1,5
7994,,,8,1,2,3,82,70,300,600,2,5
7995,,,13,1,2,1,59,73,420,540,3,5
7996,,,14,1,2,2,58,72,300,600,1,5
7997,,,9,2,2,2,68,82,60,180,2,5
7998,,,12,1,2,2,92,95,300,600,2,5
7999,,,13,2,2,1,65,50,420,540,1,5
8000,,,7,2,2,3,18,72,420,540,1,5
8001,,,13,1,2,3,4,93,420,540,4,5
8002,,,3,2,2,3,0,26,60,180,2,5
8003,,,13,2,2,3,51,46,60,180,2,5
8004,,,3,2,2,2,53,51,180,300,3,5
8005,,,13,2,2,2,40,73,180,300,2,5
8006,,,8,1,2,3,12,54,420,540,4,5
8007,,,12,1,2,1,25,51,300,600,2,5
8008,,,5,2,2,1,67,81,420,540,4,5
8009,,,2,2,2,3,72,7,60,180,3,5
8010,,,14,1,2,2,51,78,300,600,1,5
8011,,,13,2,2,1,87,80,0,300,4,5
8012,,,12,1,2,1,17,100,300,600,2,5
8013,,,2,1,2,3,85,62,420,540,2,5
8014,,,11,1,2,1,73,96,420,540,2,5
8015,,,5,1,2,3,62,72,420,540,3,5
8016,,,5,2,2,3,8,57,420,540,3,5
8017,,,11,2,2,2,35,67,0,300,4,5
8018,,,12,1,2,2,74,45,420,540,3,5
8019,,,12,1,2,2,8,41,300,600,4,5
8020,,,12,2,2,3,59,29,0,300,3,5
8021,,,12,2,2,1,35,52,300,420,4,5
8022,,,5,1,2,1,70,3,420,540,3,5
8023,,,11,2,2,1,69,12,60,180,4,5
8024,,,3,1,2,1,90,16,300,600,1,5
8025,,,11,1,2,1,8,37,420,540,3,5
8026,,,15,2,2,1,97,87,300,600,3,5
8027,,,2,1,2,2,63,72,420,540,1,5
8028,,,7,2,2,3,78,59,180,300,2,5
8029,,,14,1,2,2,51,57,420,540,3,5
8030,,,6,2,2,2,16,92,420,540,1,5
8031,,,2,2,2,3,56,46,0,300,2,5
8032,,,11,2,2,2,32,61,60,180,3,5
8033,,,3,1,2,1,98,41,420,540,3,5
8034,,,9,1,2,1,46,81,300,600,4,5
8035,,,13,1,2,2,44,51,420,540,2,5
8036,,,4,2,2,1,22,71,180,300,1,5
8037,,,13,1,2,1,100,66,420,540,1,5
8038,,,8,1,2,2,65,33,300,600,4,5
8039,,,12,2,2,2,76,72,420,540,3,5
8040,,,10,1,2,2,74,100,300,600,2,5
8041,,,11,2,2,2,3,72,0,300,3,5
8042,,,9,1,2,2,28,85,300,600,1,5
8043,,,13,2,2,3,66,60,0,300,1,5
8044,,,9,1,2,3,38,53,420,540,3,5
8045,,,12,2,2,3,67,81,60,180,3,5
8046,,,14,1,2,1,63,1,300,600,3,5
8047,,,2,2,2,3,17,12,60,180,2,5
8048,,,9,1,2,3,4,95,300,600,1,5
8049,,,8,2,2,1,80,40,0,300,2,5
8050,,,13,1,2,1,42,7,300,600,1,5
8051,,,6,2,2,2,81,19,180,300,2,5
8052,,,10,2,2,2,13,77,300,420,3,5
8053,,,8,2,2,3,46,80,180,300,4,5
8054,,,14,2,2,2,39,69,0,300,4,5
8055,,,13,1,2,3,49,63,420,540,4,5
8056,,,7,1,2,3,2,47,300,600,1,5
8057,,,14,2,2,1,27,1,180,300,1,5
8058,,,5,1,2,1,39,10,420,540,2,5
8059,,,4,2,2,2,35,5,180,300,3,5
8060,,,8,1,2,3,67,62,300,600,4,5
8061,,,3,2,2,3,68,82,180,300,4,5
8062,,,2,1,2,1,100,95,420,540,4,5
8063,,,3,1,2,2,55,67,420,540,4,5
8064,,,4,2,2,2,0,32,0,300,1,5
8065,,,6,1,2,3,89,20,300,600,2,5
8066,,,9,1,2,2,87,5,420,540,4,5
8067,,,8,2,2,3,26,26,60,180,2,5
8068,,,12,1,2,1,15,88,300,600,3,5
8069,,,15,2,2,3,11,17,300,420,4,5
8070,,,9,1,2,2,92,78,420,540,1,5
8071,,,6,2,2,2,6,32,300,420,4,5
8072,,,10,2,2,2,40,42,0,300,1,5
8073,,,10,1,2,2,75,79,420,540,1,5
8074,,,8,2,2,3,72,90,180,300,2,5
8075,,,11,1,2,2,96,22,420,540,2,5
8076,,,2,1,2,2,89,6,300,600,3,5
8077,,,7,2,2,2,73,27,300,600,2,5
8078,,,15,2,2,2,49,45,420,540,3,5
8079,,,8,2,2,1,42,65,300,420,1,5
8080,,,9,2,2,2,57,11,420,540,4,5
8081,,,4,2,2,3,50,97,180,300,3,5
8082,,,1,1,2,1,19,49,300,600,3,5
8083,,,5,1,2,3,7,46,300,600,3,5
8084,,,8,1,2,2,78,71,300,600,3,5
8085,,,14,2,2,2,10,61,300,600,2,5
8086,,,8,1,2,2,59,95,300,600,4,5
8087,,,15,2,2,1,74,21,60,180,4,5
8088,,,10,1,2,1,64,91,420,540,2,5
8089,,,1,1,2,1,10,77,300,600,2,5
8090,,,15,2,2,3,18,97,180,300,1,5
8091,,,13,1,2,3,22,70,420,540,3,5
8092,,,11,1,2,2,85,78,300,600,1,5
8093,,,4,2,2,3,36,41,0,300,4,5
8094,,,5,2,2,3,2,41,420,540,2,5
8095,,,3,2,2,3,45,18,0,300,1,5
8096,,,7,1,2,2,87,62,300,600,1,5
8097,,,13,1,2,3,74,95,300,600,3,5
8098,,,7,2,2,1,93,3,420,540,4,5
8099,,,6,1,2,3,63,79,420,540,1,5
8100,,,10,1,2,3,85,52,420,540,2,5
8101,,,15,1,2,1,92,89,300,600,1,5
8102,,,2,2,2,1,4,91,180,300,4,5
8103,,,3,2,2,2,13,1,300,600,3,5
8104,,,8,2,2,3,33,33,420,540,3,5
8105,,,12,2,2,1,18,32,420,540,3,5
8106,,,14,1,2,2,14,57,300,600,2,5
8107,,,14,1,2,1,96,23,420,540,2,5
8108,,,7,2,2,3,96,85,420,540,1,5
8109,,,2,2,2,2,60,25,60,180,1,5
8110,,,4,2,2,2,67,13,180,300,3,5
8111,,,9,1,2,1,84,13,300,600,4,5
8112,,,14,2,2,2,72,19,0,300,2,5
8113,,,14,1,2,2,49,58,420,540,3,5
8114,,,7,2,2,3,62,91,60,180,4,5
8115,,,11,2,2,2,31,91,60,180,2,5
8116,,,10,2,2,1,20,21,180,300,1,5
8117,,,9,2,2,2,71,77,420,540,2,5
8118,,,3,2,2,2,78,28,0,300,4,5
8119,,,1,1,2,1,76,7,420,540,3,5
8120,,,5,2,2,3,91,44,420,540,4,5
8121,,,11,2,2,2,73,35,420,540,3,5
8122,,,9,1,2,3,57,85,420,540,3,5
8123,,,10,1,2,1,45,70,420,540,2,5
8124,,,9,2,2,1,45,71,300,600,3,5
8125,,,11,1,2,2,99,27,300,600,1,5
8126,,,15,1,2,2,22,94,300,600,4,5
8127,,,13,1,2,1,0,74,420,540,1,5
8128,,,11,1,2,3,63,76,300,600,3,5
8129,,,12,1,2,1,12,20,300,600,3,5
8130,,,6,1,2,3,37,8,420,540,3,5
8131,,,13,2,2,3,49,95,420,540,4,5
8132,,,2,2,2,1,63,67,420,540,1,5
8133,,,5,1,2,2,11,46,300,600,4,5
8134,,,6,2,2,3,95,31,0,300,3,5
8135,,,2,2,2,3,74,70,420,540,1,5
8136,,,14,2,2,2,91,72,60,180,2,5
8137,,,15,1,2,3,40,35,300,600,3,5
8138,,,9,2,2,1,6,2,0,300,4,5
8139,,,9,1,2,1,15,15,300,600,1,5
8140,,,12,1,2,1,74,41,420,540,1,5
8141,,,2,2,2,3,18,14,180,300,1,5
8142,,,8,2,2,3,43,2,180,300,2,5
8143,,,11,2,2,3,98,7,0,300,4,5
8144,,,9,1,2,3,71,45,300,600,2,5
8145,,,5,2,2,3,12,16,300,600,4,5
8146,,,10,1,2,3,54,35,300,600,4,5
8147,,,15,2,2,3,30,13,0,300,1,5
8148,,,14,1,2,1,26,25,300,600,2,5
8149,,,6,2,2,1,37,86,420,540,3,5
8150,,,15,1,2,2,97,52,300,600,3,5
8151,,,4,2,2,2,62,7,60,180,1,5
8152,,,10,1,2,2,27,81,420,540,4,5
8153,,,4,1,2,3,10,68,300,600,4,5
8154,,,13,2,2,3,84,58,180,300,4,5
8155,,,17,2,2,3,44,68,300,600,3,5
8156,,,4,1,2,2,78,94,420,540,3,5
8157,,,9,1,2,2,45,14,420,540,2,5
8158,,,11,1,2,3,61,69,300,600,1,5
8159,,,7,2,2,2,76,58,60,180,2,5
8160,,,13,1,2,1,28,56,420,540,1,5
8161,,,4,2,2,1,23,1,180,300,2,5
8162,,,16,2,2,3,24,66,180,300,3,5
8163,,,12,1,2,2,43,80,300,600,1,5
8164,,,9,2,2,2,66,51,0,300,3,5
8165,,,12,2,2,1,21,94,300,600,1,5
8166,,,10,2,2,3,89,82,0,300,1,5
8167,,,4,1,2,3,71,71,420,540,4,5
8168,,,13,2,2,3,41,76,300,600,2,5
8169,,,15,2,2,3,38,67,180,300,2,5
8170,,,15,2,2,1,35,52,300,600,1,5
8171,,,9,1,2,1,86,94,300,600,2,5
8172,,,11,2,2,3,60,68,60,180,2,5
8173,,,15,1,2,2,54,55,300,600,4,5
8174,,,8,2,2,2,39,5,300,420,2,5
8175,,,5,1,2,3,67,54,420,540,3,5
8176,,,15,1,2,3,13,20,420,540,3,5
8177,,,15,1,2,2,60,91,300,600,2,5
8178,,,1,1,2,3,45,32,420,540,4,5
8179,,,7,2,2,2,53,8,60,180,2,5
8180,,,6,2,2,2,71,8,180,300,4,5
8181,,,5,1,2,2,94,47,300,600,1,5
8182,,,3,1,2,3,33,22,420,540,1,5
8183,,,2,1,2,2,47,4,420,540,1,5
8184,,,7,2,2,1,99,83,60,180,3,5
8185,,,10,1,2,3,100,31,300,600,1,5
8186,,,13,2,2,2,40,4,0,300,4,5
8187,,,13,2,2,1,73,88,420,540,1,5
8188,,,7,1,2,3,87,56,420,540,4,5
8189,,,6,2,2,2,47,62,60,180,2,5
8190,,,11,1,2,1,98,90,420,540,3,5
8191,,,14,2,2,3,30,32,0,300,3,5
8192,,,11,2,2,1,62,35,300,420,3,5
8193,,,12,1,2,3,80,13,420,540,3,5
8194,,,14,2,2,3,86,53,180,300,2,5
8195,,,14,1,2,2,19,1,420,540,2,5
8196,,,5,2,2,1,8,64,180,300,1,5
8197,,,14,2,2,1,26,47,60,180,1,5
8198,,,13,2,2,2,27,9,300,420,2,5
8199,,,3,1,2,1,7,32,420,540,2,5
8200,,,4,1,2,1,14,91,300,600,2,5
8201,,,14,1,2,3,15,62,420,540,1,5
8202,,,11,1,2,1,79,12,420,540,1,5
8203,,,13,2,2,3,10,59,180,300,2,5
8204,,,3,2,2,1,15,9,420,540,3,5
8205,,,7,1,2,1,39,39,300,600,2,5
8206,,,8,1,2,3,88,71,420,540,1,5
8207,,,4,1,2,2,99,12,300,600,1,5
8208,,,4,1,2,1,59,68,300,600,2,5
8209,,,11,1,2,3,24,74,420,540,3,5
8210,,,1,1,2,1,75,18,300,600,2,5
8211,,,11,1,2,1,32,3,420,540,1,5
8212,,,8,1,2,2,12,97,300,600,1,5
8213,,,10,1,2,3,60,73,300,600,3,5
8214,,,15,1,2,1,42,71,420,540,2,5
8215,,,3,1,2,2,78,37,300,600,3,5
8216,,,15,2,2,3,24,96,420,540,2,5
8217,,,11,2,2,1,91,54,0,300,3,5
8218,,,4,2,2,3,63,47,60,180,4,5
8219,,,2,2,2,2,77,44,180,300,1,5
8220,,,12,1,2,2,87,31,300,600,2,5
8221,,,9,2,2,3,15,12,60,180,4,5
8222,,,5,2,2,1,86,73,60,180,1,5
8223,,,15,2,2,3,82,46,300,600,2,5
8224,,,17,2,2,2,50,16,300,600,3,5
8225,,,16,2,2,3,49,91,60,180,4,5
8226,,,10,1,2,1,30,28,300,600,4,5
8227,,,10,1,2,1,92,52,420,540,3,5
8228,,,11,1,2,1,92,59,300,600,2,5
8229,,,10,2,2,3,84,99,420,540,4,5
8230,,,13,2,2,1,92,31,180,300,2,5
8231,,,14,2,2,2,64,4,180,300,4,5
8232,,,12,1,2,2,69,90,300,600,2,5
8233,,,10,2,2,1,80,39,300,420,1,5
8234,,,5,1,2,1,21,80,300,600,1,5
8235,,,11,1,2,2,68,97,420,540,2,5
8236,,,9,2,2,2,16,12,60,180,3,5
8237,,,13,2,2,2,92,26,60,180,3,5
8238,,,8,1,2,1,24,23,300,600,2,5
8239,,,10,2,2,2,23,78,420,540,1,5
8240,,,7,1,2,3,49,65,300,600,4,5
8241,,,13,2,2,2,72,4,420,540,2,5
8242,,,13,2,2,3,74,4,0,300,1,5
8243,,,13,2,2,3,51,12,0,300,1,5
8244,,,11,2,2,2,84,75,420,540,2,5
8245,,,6,2,2,3,21,72,420,540,4,5
8246,,,7,1,2,3,65,21,300,600,1,5
8247,,,10,1,2,3,37,9,300,600,4,5
8248,,,7,2,2,1,13,62,300,600,1,5
8249,,,5,2,2,1,12,93,420,540,3,5
8250,,,5,2,2,1,46,41,0,300,2,5
8251,,,10,2,2,3,13,68,420,540,1,5
8252,,,14,2,2,3,87,65,0,300,1,5
8253,,,15,2,2,2,99,25,420,540,1,5
8254,,,16,2,2,2,2,35,420,540,1,5
8255,,,15,1,2,3,90,68,300,600,3,5
8256,,,7,2,2,3,59,87,420,540,4,5
8257,,,12,1,2,2,84,44,420,540,1,5
8258,,,13,1,2,2,43,78,420,540,4,5
8259,,,9,2,2,3,31,78,180,300,4,5
8260,,,8,2,2,1,5,65,0,300,2,5
8261,,,13,2,2,2,22,84,0,300,4,5
8262,,,9,2,2,1,50,29,60,180,2,5
8263,,,6,1,2,3,9,88,420,540,2,5
8264,,,3,2,2,3,53,69,60,180,1,5
8265,,,3,2,2,1,14,65,0,300,1,5
8266,,,8,2,2,1,3,69,0,300,2,5
8267,,,7,2,2,2,21,65,300,420,2,5
8268,,,11,1,2,2,27,88,420,540,3,5
8269,,,2,1,2,3,33,16,420,540,3,5
8270,,,6,1,2,2,27,15,300,600,3,5
8271,,,12,2,2,1,29,36,180,300,1,5
8272,,,10,1,2,1,93,79,300,600,3,5
8273,,,4,2,2,1,15,65,300,600,2,5
8274,,,5,2,2,2,81,72,300,600,1,5
8275,,,6,2,2,2,60,24,180,300,3,5
8276,,,2,1,2,3,11,5,420,540,3,5
8277,,,10,1,2,2,88,49,300,600,3,5
8278,,,11,1,2,2,26,100,420,540,2,5
8279,,,13,2,2,3,0,48,60,180,2,5
8280,,,11,1,2,1,60,50,420,540,1,5
8281,,,3,2,2,2,36,13,0,300,3,5
8282,,,14,2,2,2,65,13,420,540,2,5
8283,,,2,1,2,2,53,96,420,540,2,5
8284,,,11,2,2,3,14,90,180,300,2,5
8285,,,3,2,2,3,65,61,0,300,1,5
8286,,,2,1,2,1,44,76,420,540,2,5
8287,,,4,2,2,1,81,12,180,300,3,5
8288,,,13,2,2,3,62,55,0,300,4,5
8289,,,7,2,2,3,67,70,420,540,2,5
8290,,,8,1,2,2,28,70,300,600,4,5
8291,,,6,2,2,3,43,20,300,420,2,5
8292,,,8,2,2,1,18,77,0,300,2,5
8293,,,14,2,2,1,84,38,180,300,3,5
8294,,,7,1,2,2,77,31,420,540,4,5
8295,,,9,1,2,3,92,86,420,540,4,5
8296,,,12,2,2,2,22,75,180,300,4,5
8297,,,9,2,2,1,39,70,0,300,2,5
8298,,,10,2,2,3,25,2,300,420,4,5
8299,,,13,1,2,3,61,63,420,540,3,5
8300,,,7,1,2,3,22,97,300,600,4,5
8301,,,10,1,2,2,12,67,300,600,4,5
8302,,,16,2,2,2,28,34,420,540,4,5
8303,,,11,2,2,3,58,15,0,300,1,5
8304,,,12,2,2,2,77,67,180,300,3,5
8305,,,12,1,2,2,75,19,300,600,4,5
8306,,,5,1,2,1,36,21,300,600,1,5
8307,,,11,2,2,2,5,14,60,180,4,5
8308,,,7,1,2,3,46,49,300,600,1,5
8309,,,10,1,2,2,75,73,420,540,4,5
8310,,,13,1,2,1,97,11,300,600,2,5
8311,,,11,2,2,1,83,86,0,300,1,5
8312,,,9,2,2,2,39,55,420,540,3,5
8313,,,5,2,2,3,52,97,180,300,4,5
8314,,,9,1,2,1,36,93,300,600,3,5
8315,,,9,1,2,3,78,4,420,540,3,5
8316,,,16,1,2,3,28,77,420,540,2,5
8317,,,12,2,2,1,38,56,300,600,4,5
8318,,,5,2,2,1,51,62,60,180,2,5
8319,,,14,1,2,2,6,72,300,600,2,5
8320,,,1,1,2,3,58,30,300,600,2,5
8321,,,10,1,2,3,48,56,300,600,1,5
8322,,,4,1,2,2,68,6,420,540,1,5
8323,,,14,2,2,1,1,46,0,300,2,5
8324,,,13,1,2,3,37,7,420,540,2,5
8325,,,11,2,2,3,14,29,420,540,3,5
8326,,,14,1,2,2,5,24,420,540,3,5
8327,,,15,2,2,2,6,54,180,300,3,5
8328,,,4,1,2,1,80,50,300,600,4,5
8329,,,6,2,2,2,38,100,0,300,1,5
8330,,,8,2,2,3,83,24,420,540,1,5
8331,,,14,2,2,1,43,56,420,540,4,5
8332,,,6,2,2,2,29,14,180,300,2,5
8333,,,5,2,2,3,61,81,60,180,4,5
8334,,,15,2,2,2,79,6,180,300,1,5
8335,,,3,2,2,2,68,84,0,300,1,5
8336,,,11,2,2,3,70,72,0,300,1,5
8337,,,11,2,2,3,24,17,0,300,2,5
8338,,,6,1,2,3,63,46,420,540,4,5
8339,,,16,2,2,1,2,35,60,180,3,5
8340,,,12,1,2,2,29,5,300,600,1,5
8341,,,4,2,2,3,50,76,420,540,4,5
8342,,,11,2,2,3,14,82,60,180,3,5
8343,,,14,1,2,1,63,25,300,600,2,5
8344,,,13,1,2,2,69,65,420,540,1,5
8345,,,9,1,2,2,56,2,420,540,2,5
8346,,,3,2,2,3,26,10,300,420,1,5
8347,,,4,1,2,3,79,91,300,600,2,5
8348,,,1,1,2,1,20,93,420,540,3,5
8349,,,15,1,2,3,37,92,300,600,3,5
8350,,,5,1,2,2,51,37,420,540,1,5
8351,,,7,2,2,3,47,38,180,300,2,5
8352,,,11,2,2,3,67,29,0,300,1,5
8353,,,6,1,2,1,96,12,420,540,3,5
8354,,,11,2,2,2,73,46,180,300,2,5
8355,,,7,1,2,2,94,71,300,600,4,5
8356,,,13,2,2,1,70,60,60,180,1,5
8357,,,11,1,2,1,59,37,300,600,4,5
8358,,,8,2,2,1,56,34,60,180,4,5
8359,,,12,1,2,3,82,49,300,600,2,5
8360,,,11,2,2,3,26,75,300,420,2,5
8361,,,5,2,2,3,52,64,180,300,3,5
8362,,,8,1,2,2,0,90,420,540,3,5
8363,,,9,1,2,3,88,20,300,600,3,5
8364,,,1,1,2,3,91,63,420,540,3,5
8365,,,12,2,2,1,88,18,0,300,4,5
8366,,,11,2,2,1,2,38,0,300,1,5
8367,,,10,1,2,3,11,55,420,540,4,5
8368,,,9,1,2,3,20,2,420,540,2,5
8369,,,13,2,2,3,79,20,420,540,2,5
8370,,,8,1,2,2,97,30,300,600,4,5
8371,,,13,1,2,2,94,41,420,540,1,5
8372,,,8,1,2,3,39,96,420,540,2,5
8373,,,5,2,2,1,6,74,60,180,1,5
8374,,,11,1,2,1,84,11,300,600,2,5
8375,,,13,2,2,1,29,83,180,300,3,5
8376,,,9,2,2,1,44,10,180,300,3,5
8377,,,8,1,2,3,91,60,420,540,4,5
8378,,,2,2,2,3,50,78,0,300,3,5
8379,,,2,1,2,3,65,77,300,600,1,5
8380,,,7,2,2,3,69,50,0,300,1,5
8381,,,7,1,2,2,87,74,300,600,3,5
8382,,,8,1,2,1,31,56,300,600,1,5
8383,,,12,1,2,3,26,23,300,600,2,5
8384,,,12,2,2,2,85,98,60,180,4,5
8385,,,14,2,2,1,10,32,420,540,3,5
8386,,,12,2,2,3,23,50,180,300,4,5
8387,,,6,1,2,1,49,21,300,600,1,5
8388,,,9,1,2,1,66,32,300,600,1,5
8389,,,9,2,2,3,20,63,180,300,2,5
8390,,,13,1,2,3,2,66,420,540,2,5
8391,,,4,2,2,1,89,51,300,420,2,5
8392,,,14,2,2,3,37,26,0,300,2,5
8393,,,6,2,2,1,27,42,420,540,1,5
8394,,,8,1,2,2,60,79,300,600,2,5
8395,,,6,1,2,3,9,63,300,600,4,5
8396,,,15,1,2,3,72,44,420,540,4,5
8397,,,11,2,2,1,14,26,180,300,1,5
8398,,,4,2,2,2,11,83,300,420,1,5
8399,,,2,1,2,1,6,13,300,600,3,5
8400,,,6,1,2,2,18,15,300,600,4,5
8401,,,14,2,2,3,74,65,300,420,2,5
8402,,,15,1,2,1,94,55,300,600,1,5
8403,,,15,2,2,1,59,61,60,180,3,5
8404,,,14,1,2,2,83,36,420,540,3,5
8405,,,9,2,2,3,34,79,0,300,3,5
8406,,,13,2,2,1,19,78,60,180,2,5
8407,,,5,1,2,3,20,65,420,540,4,5
8408,,,10,2,2,1,34,13,300,600,2,5
8409,,,11,2,2,1,18,2,180,300,4,5
8410,,,10,1,2,3,77,49,300,600,4,5
8411,,0,1,2,2,1,38,67,180,300,3,5
8412,,0,1,2,2,1,57,60,300,600,4,5
8413,,0,1,2,2,2,42,29,300,600,4,5
8414,,0,1,2,2,3,72,38,420,540,4,5
8415,,0,1,2,2,3,50,80,420,540,1,5
8416,,0,1,2,2,2,90,97,300,420,1,5
8417,,0,1,2,2,1,71,71,300,600,4,5
8418,,0,1,2,2,1,12,60,180,300,1,5
8419,,0,1,2,2,3,9,25,300,600,2,5
8420,,0,1,2,2,2,86,75,420,540,2,5
8421,,0,1,2,2,2,44,63,420,540,4,5
8422,,0,1,2,2,2,29,74,180,300,4,5
8423,,0,1,2,2,2,98,43,60,180,4,5
8424,,0,1,2,2,1,55,74,300,600,4,5
8425,,0,1,2,2,2,67,96,300,600,4,5
8426,,0,1,2,2,2,15,61,0,300,4,5
8427,,0,1,2,2,3,81,96,300,420,2,5
8428,,0,1,2,2,2,4,87,420,540,3,5
8429,,0,1,2,2,2,56,26,420,540,1,5
8430,,0,1,2,2,2,50,72,420,540,2,5
8431,,0,1,2,2,2,88,34,300,600,4,5
8432,,0,1,2,2,3,66,71,300,420,2,5
8433,,0,1,2,2,2,22,12,180,300,1,5
8434,,0,1,2,2,3,67,94,420,540,3,5
8435,,0,1,2,2,3,80,66,300,600,2,5
8436,,0,1,2,2,2,31,9,0,300,2,5
8437,,0,1,2,2,3,60,71,420,540,1,5
8438,,0,1,2,2,2,54,6,420,540,1,5
8439,,0,1,2,2,3,80,57,420,540,4,5
8440,,0,1,2,2,3,45,17,300,600,1,5
8441,,0,1,2,2,2,89,47,0,300,2,5
8442,,0,1,2,2,3,45,57,0,300,4,5
8443,,0,1,2,2,1,78,26,300,600,1,5
8444,,0,1,2,2,1,75,15,300,420,3,5
8445,,0,1,2,2,3,3,37,0,300,1,5
8446,,0,1,2,2,2,53,60,420,540,3,5
8447,,0,1,2,2,3,65,7,60,180,4,5
8448,,0,1,2,2,3,74,26,300,600,3,5
8449,,0,1,2,2,2,41,22,0,300,3,5
8450,,0,1,2,2,3,30,51,60,180,3,5
8451,,0,1,2,2,3,13,47,420,540,1,5
8452,,0,1,2,2,2,91,99,60,180,4,5
8453,,0,1,2,2,3,89,97,0,300,4,5
8454,,0,1,2,2,3,38,94,300,600,4,5
8455,,0,1,2,2,3,36,89,300,600,1,5
8456,,0,1,2,2,3,78,9,60,180,4,5
8457,,0,1,2,2,2,65,96,60,180,4,5
8458,,0,1,2,2,3,28,94,300,600,3,5
8459,,0,1,2,2,3,60,92,0,300,1,5
8460,,0,1,2,2,3,45,76,180,300,1,5
8461,,0,1,2,2,2,77,43,420,540,2,5
8462,,0,1,2,2,1,67,24,300,600,4,5
8463,,0,1,2,2,2,36,30,300,600,1,5
8464,,0,1,2,2,3,33,33,0,300,4,5
8465,,0,1,2,2,3,17,4,60,180,4,5
8466,,0,1,2,2,2,21,5,300,600,3,5
8467,,0,1,2,2,2,67,30,300,600,1,5
8468,,0,1,2,2,2,13,59,180,300,3,5
8469,,0,1,2,2,3,39,95,60,180,1,5
8470,,0,1,2,2,3,85,59,420,540,4,5
8471,,0,1,2,2,1,74,49,180,300,2,5
8472,,0,1,2,2,2,61,61,180,300,2,5
8473,,0,1,2,2,2,53,22,420,540,3,5
8474,,0,1,2,2,3,99,15,420,540,1,5
8475,,0,1,2,2,1,4,98,420,540,3,5
8476,,0,1,2,2,3,27,0,300,600,4,5
8477,,0,1,2,2,2,3,48,420,540,3,5
8478,,0,1,2,2,1,36,72,180,300,3,5
8479,,0,1,2,2,2,88,31,180,300,1,5
8480,,0,1,2,2,3,95,65,300,420,2,5
8481,,0,1,2,2,2,38,89,420,540,2,5
8482,,0,1,2,2,3,74,39,300,600,4,5
8483,,0,1,2,2,2,21,61,300,600,4,5
8484,,0,1,2,2,1,50,19,300,600,1,5
8485,,0,1,2,2,3,16,15,420,540,4,5
8486,,0,1,2,2,1,84,23,180,300,2,5
8487,,0,1,2,2,1,22,100,180,300,1,5
8488,,0,1,2,2,1,29,88,420,540,1,5
8489,,0,1,2,2,2,24,41,420,540,1,5
8490,,0,1,2,2,1,69,58,300,600,3,5
8491,,0,1,2,2,3,49,34,60,180,4,5
8492,,0,1,2,2,1,41,73,300,420,4,5
8493,,0,1,2,2,3,85,84,60,180,3,5
8494,,0,1,2,2,2,90,94,300,600,3,5
8495,,0,1,2,2,1,3,72,180,300,3,5
8496,,0,1,2,2,1,68,37,420,540,3,5
8497,,0,1,2,2,1,66,18,300,600,2,5
8498,,0,1,2,2,3,56,10,420,540,1,5
8499,,0,1,2,2,3,60,74,300,420,1,5
8500,,0,1,2,2,2,64,100,300,600,4,5
8501,,0,1,2,2,1,35,25,420,540,3,5
8502,,0,1,2,2,2,84,2,420,540,3,5
8503,,0,1,2,2,2,38,9,420,540,3,5
8504,,0,1,2,2,2,71,27,300,600,2,5
8505,,0,1,2,2,1,33,23,180,300,2,5
8506,,0,1,2,2,2,97,67,180,300,3,5
8507,,0,1,2,2,2,23,49,420,540,2,5
8508,,0,1,2,2,2,69,47,0,300,1,5
8509,,0,1,2,2,3,92,21,420,540,2,5
8510,,0,1,2,2,1,65,8,420,540,2,5
8511,,0,1,2,2,1,97,58,0,300,1,5
8512,,0,1,2,2,2,22,80,60,180,4,5
8513,,0,1,2,2,3,79,46,420,540,3,5
8514,,0,1,2,2,2,46,30,0,300,1,5
8515,,0,1,2,2,1,41,84,420,540,4,5
8516,,0,1,2,2,1,78,92,300,600,2,5
8517,,0,1,2,2,2,46,12,420,540,4,5
8518,,0,1,2,2,2,42,70,0,300,2,5
8519,,0,1,2,2,3,38,13,180,300,1,5
8520,,0,1,2,2,2,32,91,300,600,4,5
8521,,0,1,2,2,3,33,42,420,540,1,5
8522,,0,1,2,2,3,66,93,300,600,1,5
8523,,0,1,2,2,1,5,61,0,300,4,5
8524,,0,1,2,2,3,35,70,60,180,1,5
8525,,0,1,2,2,2,87,52,420,540,2,5
8526,,0,1,2,2,2,31,35,300,600,1,5
8527,,0,1,2,2,2,91,28,300,420,1,5
8528,,0,1,2,2,1,75,80,300,600,4,5
8529,,0,1,2,2,3,4,96,420,540,4,5
8530,,0,1,2,2,3,54,89,60,180,1,5
8531,,0,1,2,2,3,83,30,60,180,2,5
8532,,0,1,2,2,1,64,21,420,540,3,5
8533,,0,1,2,2,3,91,90,180,300,1,5
8534,,0,1,2,2,1,40,8,420,540,3,5
8535,,0,1,2,2,2,89,38,420,540,1,5
8536,,0,1,2,2,3,30,94,0,300,3,5
8537,,0,1,2,2,3,21,9,60,180,2,5
8538,,0,1,2,2,2,88,78,420,540,4,5
8539,,0,1,2,2,3,79,85,300,600,4,5
8540,,0,1,2,2,1,62,53,60,180,4,5
8541,,0,1,2,2,2,58,20,420,540,3,5
8542,,0,1,2,2,2,17,98,0,300,1,5
8543,,0,1,2,2,3,52,81,60,180,2,5
8544,,0,1,2,2,1,37,100,300,600,4,5
8545,,0,1,2,2,3,88,24,420,540,1,5
8546,,0,1,2,2,1,83,43,420,540,1,5
8547,,0,1,2,2,3,2,58,420,540,1,5
8548,,0,1,2,2,3,58,66,300,600,2,5
8549,,0,1,2,2,2,97,66,180,300,2,5
8550,,0,1,2,2,3,54,28,420,540,1,5
8551,,0,1,2,2,1,32,50,420,540,3,5
8552,,0,1,2,2,2,83,96,300,600,4,5
8553,,0,1,2,2,1,68,81,60,180,3,5
8554,,0,1,2,2,2,57,42,420,540,4,5
8555,,0,1,2,2,1,22,77,420,540,4,5
8556,,0,1,2,2,3,26,41,420,540,2,5
8557,,0,1,2,2,1,30,98,420,540,1,5
8558,,0,1,2,2,1,97,55,300,600,3,5
8559,,0,1,2,2,3,11,9,300,600,3,5
8560,,0,1,2,2,2,69,34,180,300,1,5
8561,,0,1,2,2,1,91,52,420,540,2,5
8562,,0,1,2,2,3,82,39,420,540,2,5
8563,,0,1,2,2,3,67,34,300,600,1,5
8564,,0,1,2,2,3,74,57,300,600,1,5
8565,,0,1,2,2,1,7,6,180,300,3,5
8566,,0,1,2,2,3,56,88,420,540,2,5
8567,,0,1,2,2,2,14,93,420,540,1,5
8568,,0,1,2,2,1,16,41,300,420,4,5
8569,,0,1,2,2,3,50,53,60,180,4,5
8570,,0,1,2,2,1,6,21,420,540,2,5
8571,,0,1,2,2,2,58,10,180,300,1,5
8572,,0,1,2,2,2,84,85,180,300,4,5
8573,,0,1,2,2,3,15,70,60,180,2,5
8574,,0,1,2,2,3,1,15,60,180,4,5
8575,,0,1,2,2,3,93,53,300,600,1,5
8576,,0,1,2,2,2,16,93,300,600,2,5
8577,,0,1,2,2,2,35,55,0,300,4,5
8578,,0,1,2,2,1,96,58,420,540,1,5
8579,,0,1,2,2,2,22,72,420,540,1,5
8580,,0,1,2,2,3,70,63,420,540,4,5
8581,,0,1,2,2,2,27,62,420,540,4,5
8582,,0,1,2,2,3,75,14,0,300,3,5
8583,,0,1,2,2,2,38,52,420,540,2,5
8584,,0,1,2,2,3,85,27,300,420,3,5
8585,,0,1,2,2,2,15,98,420,540,2,5
8586,,0,1,2,2,2,84,47,420,540,4,5
8587,,0,1,2,2,2,16,99,300,600,1,5
8588,,0,1,2,2,1,74,27,180,300,1,5
8589,,0,1,2,2,3,75,49,420,540,3,5
8590,,0,1,2,2,3,3,52,0,300,4,5
8591,,0,1,2,2,1,20,25,60,180,3,5
8592,,0,1,2,2,3,88,34,420,540,2,5
8593,,0,1,2,2,1,72,96,180,300,1,5
8594,,0,1,2,2,1,49,54,300,600,2,5
8595,,0,1,2,2,3,22,22,420,540,4,5
8596,,0,1,2,2,2,54,94,300,420,3,5
8597,,0,1,2,2,1,65,10,420,540,4,5
8598,,0,1,2,2,1,37,93,180,300,3,5
8599,,0,1,2,2,1,3,8,300,600,3,5
8600,,0,1,2,2,2,14,8,300,600,1,5
8601,,0,1,2,2,3,97,71,60,180,1,5
8602,,0,1,2,2,2,23,50,300,600,3,5
8603,,0,1,2,2,3,78,69,300,420,4,5
8604,,0,1,2,2,1,25,50,60,180,2,5
8605,,0,1,2,2,3,26,92,180,300,1,5
8606,,0,1,2,2,3,79,90,300,600,3,5
8607,,0,1,2,2,2,20,86,420,540,3,5
8608,,0,1,2,2,2,13,54,0,300,2,5
8609,,0,1,2,2,2,25,56,0,300,2,5
8610,,0,1,2,2,3,84,70,300,420,3,5
8611,,0,1,2,2,3,19,20,0,300,4,5
8612,,0,1,2,2,3,43,51,420,540,1,5
8613,,0,1,2,2,2,23,5,300,600,3,5
8614,,0,1,2,2,3,18,66,180,300,2,5
8615,,0,1,2,2,3,6,75,420,540,3,5
8616,,0,1,2,2,3,89,16,0,300,3,5
8617,,0,1,2,2,3,28,34,180,300,4,5
8618,,0,1,2,2,1,27,75,300,600,3,5
8619,,0,1,2,2,2,70,26,60,180,2,5
8620,,0,1,2,2,1,49,84,180,300,4,5
8621,,0,1,2,2,3,27,70,180,300,3,5
8622,,0,1,2,2,3,42,92,420,540,1,5
8623,,0,1,2,2,2,7,63,420,540,1,5
8624,,0,1,2,2,2,54,54,60,180,2,5
8625,,0,1,2,2,2,65,89,0,300,1,5
8626,,0,1,2,2,2,37,17,300,600,2,5
8627,,0,1,2,2,1,64,70,420,540,2,5
8628,,0,1,2,2,3,17,42,420,540,3,5
8629,,0,1,2,2,1,23,21,300,600,4,5
8630,,0,1,2,2,3,63,3,420,540,1,5
8631,,0,1,2,2,3,96,54,180,300,2,5
8632,,0,1,2,2,3,29,82,300,600,4,5
8633,,0,1,2,2,3,28,77,0,300,3,5
8634,,0,1,2,2,1,87,95,60,180,4,5
8635,,0,1,2,2,1,0,66,300,600,1,5
8636,,0,1,2,2,3,64,12,420,540,1,5
8637,,0,1,2,2,1,90,40,420,540,1,5
8638,,0,1,2,2,2,7,62,300,600,3,5
8639,,0,1,2,2,3,42,38,420,540,4,5
8640,,0,1,2,2,3,28,32,420,540,4,5
8641,,0,1,2,2,2,46,23,180,300,2,5
8642,,0,1,2,2,3,23,91,0,300,4,5
8643,,0,1,2,2,3,100,98,420,540,3,5
8644,,0,1,2,2,3,95,25,420,540,4,5
8645,,0,1,2,2,1,3,34,300,600,4,5
8646,,0,1,2,2,2,26,51,60,180,3,5
8647,,0,1,2,2,3,88,32,300,420,1,5
8648,,0,1,2,2,1,56,13,60,180,1,5
8649,,0,1,2,2,1,9,3,300,600,4,5
8650,,0,1,2,2,1,83,32,180,300,1,5
8651,,0,1,2,2,2,69,87,420,540,3,5
8652,,0,1,2,2,1,71,66,180,300,2,5
8653,,0,1,2,2,1,0,47,420,540,3,5
8654,,0,1,2,2,3,24,53,300,600,3,5
8655,,0,1,2,2,1,18,39,420,540,2,5
8656,,0,1,2,2,3,97,59,420,540,2,5
8657,,0,1,2,2,3,20,31,420,540,2,5
8658,,0,1,2,2,1,73,5,420,540,2,5
8659,,0,1,2,2,1,59,56,420,540,2,5
8660,,0,1,2,2,3,83,66,300,600,2,5
8661,,0,1,2,2,3,14,23,300,600,3,5
8662,,0,1,2,2,1,26,59,300,600,4,5
8663,,0,1,2,2,1,45,37,300,600,4,5
8664,,0,1,2,2,3,7,58,420,540,1,5
8665,,0,1,2,2,3,11,59,300,420,2,5
8666,,0,1,2,2,1,17,56,420,540,4,5
8667,,0,1,2,2,2,99,0,300,600,2,5
8668,,0,1,2,2,3,36,65,300,600,4,5
8669,,0,1,2,2,3,18,76,300,600,1,5
8670,,0,1,2,2,1,13,39,60,180,3,5
8671,,0,1,2,2,2,8,62,420,540,2,5
8672,,0,1,2,2,1,64,18,420,540,3,5
8673,,0,1,2,2,3,12,3,300,420,4,5
8674,,0,1,2,2,3,55,48,300,600,4,5
8675,,0,1,2,2,3,93,73,0,300,1,5
8676,,0,1,2,2,1,72,2,420,540,3,5
8677,,0,1,2,2,1,40,36,180,300,3,5
8678,,0,1,2,2,2,66,33,420,540,2,5
8679,,0,1,2,2,1,34,4,300,600,4,5
8680,,0,1,2,2,2,77,46,420,540,2,5
8681,,0,1,2,2,3,51,12,0,300,2,5
8682,,0,1,2,2,3,0,3,0,300,3,5
8683,,0,1,2,2,2,88,86,420,540,2,5
8684,,0,1,2,2,3,91,65,420,540,4,5
8685,,0,1,2,2,1,18,36,300,420,4,5
8686,,0,1,2,2,1,48,12,420,540,1,5
8687,,0,1,2,2,1,59,3,300,600,2,5
8688,,0,1,2,2,2,45,92,420,540,3,5
8689,,0,1,2,2,3,87,54,300,600,3,5
8690,,0,1,2,2,1,73,71,300,600,2,5
