Order,Day-Order,Time-Order,Day-Ops,Service,Type,Origin,X,Y,Early,Latest,Demand,Service Time 
,,,,,0,1,50,100,,,,0
,,,,,1,1,27,36,,,,15
,,,,,1,1,60,24,,,,15
,,,,,0,2,50,100,,,,0
,,,,,1,2,53,67,,,,15
,,,,,1,2,22,33,,,,15
,,,,,0,3,50,100,,,,0
,,,,,1,3,39,54,,,,15
,,,,,1,3,60,56,,,,15
1,1,0,1,2,3,1,31,48,60,180,4,5
2,1,0,1,2,3,1,45,68,300,600,4,5
3,1,0,1,1,3,3,75,100,60,180,4,5
4,1,0,1,2,3,1,82,57,300,600,3,5
5,1,0,1,2,3,1,41,26,0,300,4,5
6,1,0,1,2,3,3,84,75,180,300,4,5
7,1,0,1,2,3,1,25,61,300,420,1,5
8,1,0,1,1,3,3,92,29,60,180,4,5
9,1,0,1,2,3,3,98,75,420,540,3,5
10,1,0,1,1,3,1,89,65,60,180,1,5
11,1,0,1,1,3,1,86,47,60,180,4,5
12,1,0,1,1,3,2,9,93,60,180,2,5
13,1,0,1,1,3,2,96,67,60,180,1,5
14,1,0,1,1,3,2,1,22,60,180,2,5
15,1,0,1,1,3,2,16,20,60,180,1,5
16,1,0,1,1,3,1,69,48,60,180,3,5
17,1,0,1,1,3,1,15,81,60,180,2,5
18,1,0,1,1,3,1,1,2,60,180,3,5
19,1,0,1,1,3,2,43,84,60,180,3,5
20,1,0,1,1,3,1,33,1,60,180,3,5
21,1,0,1,1,3,3,47,73,60,180,1,5
22,1,0,1,2,3,2,41,28,420,540,2,5
23,1,0,1,2,3,1,9,57,180,300,1,5
24,1,0,1,1,3,3,37,60,60,180,1,5
25,1,0,1,1,3,2,85,54,60,180,2,5
26,1,0,1,1,3,1,74,82,60,180,1,5
27,1,0,1,1,3,1,18,4,60,180,1,5
28,1,0,1,2,3,3,49,30,420,540,1,5
29,1,0,1,1,3,1,46,96,60,180,3,5
30,1,0,1,2,3,3,30,57,300,420,3,5
31,1,0,1,1,3,2,25,8,60,180,4,5
32,1,0,1,1,3,2,35,74,60,180,4,5
33,1,0,1,2,3,2,6,3,60,180,2,5
34,1,0,1,1,3,3,78,91,60,180,1,5
35,1,0,1,1,3,2,48,6,60,180,3,5
36,1,0,1,1,3,2,37,91,60,180,1,5
37,1,0,1,1,3,1,60,46,60,180,4,5
38,1,0,1,1,3,2,61,11,60,180,1,5
39,1,0,1,1,3,1,77,8,60,180,4,5
40,1,0,1,1,3,3,42,82,60,180,3,5
41,1,0,1,2,3,3,92,71,180,300,1,5
42,1,0,1,1,3,1,94,74,60,180,4,5
43,1,0,1,1,3,1,14,84,60,180,4,5
44,1,0,1,1,3,2,84,85,60,180,1,5
45,1,0,1,1,3,3,8,80,60,180,1,5
46,1,0,1,2,3,2,63,45,420,540,2,5
47,1,0,1,1,3,3,93,34,60,180,1,5
48,1,0,1,2,3,3,20,32,0,300,1,5
49,1,0,1,2,3,3,25,75,300,420,3,5
50,1,0,1,1,3,2,40,19,60,180,3,5
51,1,0,1,2,3,2,64,63,0,300,2,5
52,1,0,1,1,3,3,63,15,60,180,2,5
53,1,0,1,1,3,3,21,57,60,180,2,5
54,1,0,1,1,3,1,17,71,60,180,2,5
55,1,0,1,1,3,1,53,98,60,180,1,5
56,1,0,1,1,3,3,18,41,60,180,2,5
57,1,0,1,1,3,3,1,61,60,180,2,5
58,1,0,1,1,3,1,35,10,60,180,2,5
59,1,0,1,2,3,3,18,50,0,300,4,5
60,1,0,1,1,3,2,56,11,60,180,4,5
61,1,0,1,1,3,2,30,81,60,180,3,5
62,1,0,1,1,3,2,71,100,60,180,3,5
63,1,0,1,1,3,3,54,8,60,180,3,5
64,1,0,1,2,3,1,71,98,300,600,2,5
65,1,0,1,1,3,1,71,80,60,180,4,5
66,1,0,1,1,3,2,66,81,60,180,2,5
67,1,0,1,1,3,3,75,62,60,180,3,5
68,1,0,1,1,3,3,82,52,60,180,1,5
69,1,0,1,2,3,2,65,97,0,300,1,5
70,1,0,1,2,3,3,100,14,420,540,3,5
71,1,0,1,2,3,3,95,36,0,300,2,5
72,1,0,1,2,3,1,68,19,0,300,2,5
73,1,0,1,1,3,1,76,95,60,180,4,5
74,1,0,1,1,3,2,67,94,60,180,2,5
75,1,0,1,1,3,2,20,25,60,180,3,5
76,1,0,1,1,3,3,13,70,60,180,1,5
77,1,0,1,2,3,1,74,53,60,180,3,5
78,1,0,1,1,3,2,18,87,60,180,3,5
79,1,0,1,2,3,1,96,47,0,300,4,5
80,1,0,1,1,3,3,50,66,60,180,3,5
81,1,0,1,1,3,3,56,13,60,180,1,5
82,1,0,1,2,3,2,84,95,300,600,1,5
83,1,0,1,2,3,1,13,90,0,300,3,5
84,1,0,1,1,3,2,13,99,60,180,2,5
85,1,0,1,2,3,3,91,76,0,300,2,5
86,1,0,1,1,3,3,31,21,60,180,4,5
87,1,0,1,1,3,1,67,64,60,180,1,5
88,1,0,1,1,3,3,40,46,60,180,1,5
89,1,0,1,1,3,2,5,9,60,180,2,5
90,1,0,1,1,3,1,24,95,60,180,3,5
91,1,0,1,1,3,2,62,49,60,180,2,5
92,1,0,1,2,3,3,81,77,0,300,2,5
93,1,0,1,2,3,2,65,95,0,300,3,5
94,1,0,1,1,3,2,40,8,60,180,2,5
95,1,0,1,1,3,2,84,92,60,180,2,5
96,1,0,1,2,3,3,18,15,60,180,4,5
97,1,0,1,1,3,2,50,74,60,180,2,5
98,1,0,1,2,3,2,69,88,300,600,2,5
99,1,0,1,1,3,1,78,30,60,180,1,5
100,1,0,1,1,3,1,26,11,60,180,2,5
101,1,0,1,1,3,3,22,5,60,180,1,5
102,1,0,1,2,3,2,91,8,300,420,4,5
103,1,0,1,1,3,1,72,34,60,180,4,5
104,1,0,1,1,3,1,98,68,60,180,1,5
105,1,0,1,1,3,2,35,60,60,180,2,5
106,1,0,1,1,3,3,96,67,60,180,4,5
107,1,0,1,2,3,1,9,38,300,420,4,5
108,1,0,1,1,3,3,51,85,60,180,3,5
109,1,0,1,1,3,3,94,43,60,180,3,5
110,1,0,1,1,3,2,64,47,60,180,2,5
111,1,0,1,1,3,1,28,90,60,180,4,5
112,1,0,1,2,3,3,18,71,420,540,2,5
113,1,0,1,1,3,1,5,50,60,180,3,5
114,1,0,1,2,3,1,49,13,420,540,3,5
115,1,0,1,2,3,1,71,71,300,420,1,5
116,1,0,1,2,3,1,33,89,420,540,2,5
117,1,0,1,1,3,2,48,93,60,180,3,5
118,1,0,1,2,3,1,14,15,180,300,1,5
119,1,0,1,1,3,1,61,6,60,180,1,5
120,1,0,1,1,3,1,49,11,60,180,4,5
121,1,0,1,1,3,3,14,70,60,180,2,5
122,1,0,1,1,3,2,2,19,60,180,3,5
123,1,0,1,1,3,2,66,54,60,180,1,5
124,1,0,1,2,3,3,62,28,420,540,4,5
125,1,0,1,1,3,2,82,5,60,180,1,5
126,1,0,1,2,3,3,88,41,0,300,2,5
127,1,0,1,1,3,3,74,47,60,180,3,5
128,1,0,1,1,3,1,91,69,60,180,3,5
129,1,0,1,1,3,3,6,45,60,180,1,5
130,1,0,1,1,3,3,7,18,60,180,2,5
131,1,0,1,1,3,1,94,79,60,180,1,5
132,1,0,1,2,3,2,51,20,180,300,1,5
133,1,0,1,2,3,1,29,92,420,540,4,5
134,1,0,1,1,3,3,1,10,60,180,3,5
135,1,0,1,2,3,1,1,93,300,600,2,5
136,1,0,1,1,3,1,62,84,60,180,2,5
137,1,0,1,2,3,2,9,24,60,180,3,5
138,1,0,1,2,3,1,86,78,60,180,2,5
139,1,0,1,1,3,2,100,79,60,180,4,5
140,1,0,1,1,3,3,77,28,60,180,1,5
141,1,0,1,1,3,3,74,59,60,180,3,5
142,1,0,1,2,3,3,73,47,0,300,2,5
143,1,0,1,1,3,1,56,8,60,180,4,5
144,1,0,1,1,3,3,53,66,60,180,3,5
145,1,0,1,1,3,3,84,52,60,180,2,5
146,1,0,1,1,3,1,87,86,60,180,1,5
147,1,0,1,1,3,1,12,72,60,180,1,5
148,1,0,1,2,3,1,72,68,0,300,2,5
149,1,0,1,2,3,2,67,18,420,540,4,5
150,1,0,1,1,3,2,75,77,60,180,4,5
151,1,0,1,1,3,3,66,100,60,180,2,5
152,1,0,1,2,3,1,25,13,0,300,2,5
153,1,0,1,2,3,3,39,13,300,600,2,5
154,1,0,1,1,3,3,38,10,60,180,3,5
155,1,0,1,1,3,3,8,95,60,180,3,5
156,1,0,1,1,3,3,33,59,60,180,1,5
157,1,0,1,2,3,2,65,62,60,180,4,5
158,1,0,1,1,3,3,45,14,60,180,3,5
159,1,0,1,1,3,2,88,86,60,180,4,5
160,1,0,1,2,3,1,41,93,180,300,3,5
161,1,0,1,1,3,3,69,3,60,180,3,5
162,1,0,1,2,3,3,71,83,300,600,1,5
163,1,0,1,1,3,2,70,21,60,180,1,5
164,1,0,1,2,3,3,40,90,180,300,4,5
165,1,0,1,1,3,2,47,23,60,180,3,5
166,1,0,1,2,3,3,97,91,0,300,2,5
167,1,0,1,1,3,2,73,29,60,180,1,5
168,1,0,1,1,3,1,64,4,60,180,1,5
169,1,0,1,2,3,3,74,7,420,540,4,5
170,1,0,1,1,3,3,93,53,60,180,3,5
171,1,0,1,1,3,1,82,22,60,180,3,5
172,1,0,1,1,3,3,78,90,60,180,2,5
173,1,0,1,2,3,3,51,22,0,300,1,5
174,1,0,1,1,3,2,43,52,60,180,1,5
175,1,0,1,1,3,2,50,28,60,180,3,5
176,1,0,1,1,3,2,16,36,60,180,3,5
177,1,0,1,2,3,2,17,45,60,180,1,5
178,1,0,1,2,3,3,10,57,300,420,1,5
179,1,0,1,2,3,2,2,95,180,300,3,5
180,1,0,1,1,3,2,15,74,60,180,2,5
181,1,0,1,2,3,2,28,59,180,300,2,5
182,1,0,1,1,3,3,52,51,60,180,2,5
183,1,0,1,2,3,1,6,34,0,300,2,5
184,1,0,1,2,3,2,9,37,420,540,2,5
185,1,0,1,1,3,2,18,5,60,180,1,5
186,1,0,1,1,3,1,16,35,60,180,3,5
187,1,0,1,2,3,2,14,66,180,300,4,5
188,1,0,1,1,3,1,51,73,60,180,2,5
189,1,0,1,1,3,2,35,93,60,180,4,5
190,1,0,1,1,3,3,86,39,60,180,4,5
191,1,0,1,2,3,2,34,62,420,540,4,5
192,1,0,1,1,3,3,41,7,60,180,3,5
193,1,0,1,1,3,1,55,74,60,180,4,5
194,1,0,1,2,3,1,2,51,0,300,3,5
195,1,0,1,1,3,2,78,94,60,180,1,5
196,1,0,1,1,3,2,82,27,60,180,4,5
197,1,0,1,1,3,2,72,69,60,180,2,5
198,1,0,1,2,3,1,86,83,420,540,2,5
199,1,0,1,1,3,1,70,63,60,180,1,5
200,1,0,1,2,3,3,85,14,0,300,4,5
201,1,0,1,1,3,2,21,45,60,180,1,5
202,1,0,1,1,3,3,87,31,60,180,2,5
203,1,0,1,1,3,2,92,68,60,180,4,5
204,1,0,1,1,3,3,82,84,60,180,4,5
205,1,0,1,1,3,3,37,80,60,180,4,5
206,1,0,1,1,3,2,12,91,60,180,3,5
207,1,0,1,2,3,3,49,36,60,180,1,5
208,1,0,1,1,3,3,71,51,60,180,1,5
209,1,0,1,2,3,1,90,93,0,300,1,5
210,1,0,1,1,3,1,88,45,60,180,3,5
211,1,0,1,1,3,1,15,48,60,180,2,5
212,1,0,1,1,3,1,58,39,60,180,3,5
213,1,0,1,2,3,1,33,24,0,300,1,5
214,1,0,1,1,3,2,68,100,60,180,2,5
215,1,0,1,2,3,3,21,15,300,420,3,5
216,1,0,1,1,3,3,49,26,60,180,3,5
217,1,0,1,1,3,3,46,19,60,180,4,5
218,1,0,1,2,3,3,37,43,60,180,3,5
219,1,0,1,1,3,2,35,74,60,180,2,5
220,1,0,1,1,3,1,21,15,60,180,3,5
221,1,0,1,1,3,1,47,76,60,180,4,5
222,1,0,1,1,3,2,48,36,60,180,1,5
223,1,0,1,1,3,2,15,18,60,180,2,5
224,1,0,1,2,3,2,58,73,0,300,4,5
225,1,0,1,1,3,2,48,61,60,180,3,5
226,1,0,1,2,3,3,62,7,420,540,3,5
227,1,0,1,1,3,1,23,61,60,180,4,5
228,1,0,1,2,3,2,89,56,300,600,2,5
229,1,0,1,1,3,2,39,17,60,180,2,5
230,1,0,1,2,3,1,60,61,420,540,1,5
231,1,0,1,1,3,2,76,70,60,180,3,5
232,1,0,1,1,3,1,36,23,60,180,3,5
233,1,0,1,2,3,3,18,37,180,300,4,5
234,1,0,1,1,3,3,55,51,60,180,1,5
235,1,0,1,2,3,1,73,26,300,600,2,5
236,1,0,1,1,3,2,35,36,60,180,2,5
237,1,0,1,1,3,3,50,43,60,180,1,5
238,1,0,1,2,3,1,95,0,300,420,3,5
239,1,0,1,1,3,2,86,47,60,180,2,5
240,1,0,1,1,3,1,30,78,60,180,1,5
241,1,0,1,2,3,3,52,1,60,180,1,5
242,1,0,1,1,3,2,49,70,60,180,1,5
243,1,0,1,1,3,2,75,81,60,180,1,5
244,1,0,1,1,3,2,1,97,60,180,4,5
245,1,0,1,1,3,3,72,6,60,180,2,5
246,1,0,1,2,3,1,38,65,420,540,4,5
247,1,0,1,2,3,1,11,37,420,540,4,5
248,1,0,1,1,3,2,69,68,60,180,1,5
249,1,0,1,2,3,1,88,34,60,180,2,5
250,1,0,1,2,3,1,71,66,420,540,4,5
251,1,0,1,2,3,3,9,35,60,180,2,5
252,1,0,1,1,3,2,60,7,60,180,2,5
253,1,0,1,1,3,2,23,9,60,180,4,5
254,1,0,1,1,3,1,57,50,60,180,3,5
255,1,0,1,2,3,1,22,80,300,600,3,5
256,1,0,1,2,3,3,24,68,180,300,4,5
257,1,0,1,1,3,1,54,34,60,180,1,5
258,1,0,1,1,3,3,77,42,60,180,3,5
259,1,0,1,1,3,2,4,46,60,180,3,5
260,1,0,1,1,3,1,81,13,60,180,4,5
261,1,0,1,1,3,2,96,50,60,180,3,5
262,1,0,1,1,3,2,65,81,60,180,2,5
263,1,0,1,2,3,2,32,100,300,600,3,5
264,1,0,1,2,3,3,75,0,420,540,1,5
265,1,0,1,1,3,3,30,32,60,180,1,5
266,1,0,1,1,3,3,68,77,60,180,4,5
267,1,0,1,1,3,2,97,85,60,180,4,5
268,1,0,1,2,3,2,43,5,0,300,2,5
269,1,0,1,2,3,3,83,27,0,300,2,5
270,1,0,1,2,3,1,91,29,0,300,2,5
271,1,0,1,2,3,1,35,81,0,300,3,5
272,1,0,1,1,3,1,38,16,60,180,4,5
273,1,0,1,2,3,1,99,56,60,180,3,5
274,1,0,1,1,3,2,13,87,60,180,4,5
275,1,0,1,1,3,1,95,76,60,180,1,5
276,1,0,1,1,3,3,45,71,60,180,4,5
277,1,0,1,1,3,1,65,2,60,180,4,5
278,1,0,1,2,3,1,30,3,420,540,4,5
279,1,0,1,2,3,2,36,29,300,600,2,5
280,1,0,1,2,3,1,59,77,0,300,3,5
281,1,0,1,1,3,1,28,63,60,180,1,5
282,1,0,1,2,3,1,85,67,60,180,1,5
283,1,0,1,1,3,2,80,10,60,180,3,5
284,1,0,1,2,3,1,52,32,300,420,1,5
285,1,0,1,1,3,3,26,4,60,180,3,5
286,1,0,1,1,3,1,83,54,60,180,4,5
287,1,0,1,1,3,1,14,27,60,180,3,5
288,1,0,1,1,3,3,77,34,60,180,2,5
289,1,0,1,1,3,1,71,33,60,180,4,5
290,1,0,1,1,3,2,0,61,60,180,2,5
291,1,0,1,2,3,3,13,98,60,180,4,5
292,1,0,1,1,3,3,57,21,60,180,2,5
293,1,0,1,1,3,1,81,99,60,180,1,5
294,1,0,1,1,3,3,65,91,60,180,4,5
295,1,0,1,2,3,1,8,86,0,300,1,5
296,1,0,1,1,3,1,17,58,60,180,2,5
297,1,0,1,1,3,1,97,95,60,180,1,5
298,1,0,1,2,3,2,13,91,60,180,2,5
299,1,0,1,1,3,2,21,8,60,180,4,5
300,1,0,1,1,3,3,66,88,60,180,4,5
301,1,0,1,2,3,2,14,99,60,180,2,5
302,1,0,1,1,3,1,20,90,60,180,3,5
303,1,0,1,1,3,2,80,26,60,180,2,5
304,1,0,1,2,3,1,35,52,0,300,1,5
305,1,0,1,1,3,2,12,64,60,180,4,5
306,1,0,1,2,3,1,70,28,420,540,2,5
307,1,0,1,1,3,2,30,26,60,180,3,5
308,1,0,1,2,3,2,14,40,300,600,3,5
309,1,0,1,2,3,1,16,7,0,300,3,5
310,1,0,1,1,3,3,35,4,60,180,4,5
311,1,0,1,1,3,1,48,5,60,180,2,5
312,1,0,1,2,3,1,45,31,420,540,4,5
313,1,0,1,1,3,2,40,70,60,180,2,5
314,1,0,1,2,3,3,23,97,60,180,4,5
315,1,0,1,2,3,2,76,10,420,540,2,5
316,1,0,1,2,3,3,7,14,0,300,4,5
317,1,0,1,1,3,2,39,5,60,180,3,5
318,1,0,1,1,3,3,92,7,60,180,3,5
319,1,0,1,1,3,3,1,75,60,180,1,5
320,1,0,1,2,3,1,85,15,0,300,3,5
321,1,0,1,1,3,1,31,56,60,180,1,5
322,1,0,1,1,3,2,59,15,60,180,3,5
323,1,0,1,1,3,2,49,52,60,180,2,5
324,1,0,1,2,3,2,19,32,420,540,2,5
325,1,0,1,1,3,2,66,23,60,180,2,5
326,1,0,1,1,3,2,1,68,60,180,3,5
327,1,0,1,1,3,2,99,39,60,180,4,5
328,1,0,1,2,3,3,20,41,0,300,3,5
329,1,0,1,1,3,1,67,17,60,180,4,5
330,1,0,1,2,3,3,27,37,300,420,3,5
331,1,0,1,1,3,2,31,6,60,180,1,5
332,1,0,1,1,3,1,21,27,60,180,3,5
333,1,0,1,1,3,2,46,63,60,180,2,5
334,1,0,1,1,3,3,40,12,60,180,4,5
335,1,0,1,1,3,2,27,69,60,180,1,5
336,1,467,2,2,3,3,99,57,180,300,2,5
337,1,293,2,2,3,2,39,28,180,300,2,5
338,1,134,2,1,3,2,30,85,0,300,4,5
339,1,196,2,2,3,2,65,17,420,540,1,5
340,1,298,2,1,3,2,55,75,60,180,4,5
341,1,457,2,2,3,2,37,93,180,300,3,5
342,1,573,2,1,3,3,89,6,0,300,3,5
343,1,282,2,1,3,1,83,6,60,180,1,5
344,1,520,2,2,3,2,32,44,420,540,4,5
345,1,267,2,1,3,2,48,73,0,300,4,5
346,1,91,2,1,3,2,75,79,0,300,4,5
347,1,0,2,1,3,3,25,92,60,180,2,5
348,1,69,2,2,3,3,29,19,180,300,1,5
349,1,281,2,1,3,1,9,49,60,180,1,5
350,1,401,2,2,3,2,42,10,300,420,1,5
351,1,274,2,1,3,3,49,86,60,180,2,5
352,1,529,2,1,3,2,79,69,60,180,1,5
353,1,446,2,1,3,1,35,40,180,300,2,5
354,1,245,2,1,3,1,34,58,60,180,4,5
355,1,403,2,1,3,2,30,15,180,300,4,5
356,1,247,2,2,3,3,9,27,0,300,2,5
357,1,503,2,1,3,3,90,96,60,180,2,5
358,1,237,2,1,3,1,89,34,0,300,1,5
359,1,200,2,1,3,1,76,69,0,300,2,5
360,1,532,2,2,3,1,19,99,300,420,2,5
361,1,407,2,1,3,1,1,2,180,300,1,5
362,1,374,2,1,3,3,85,64,180,300,1,5
363,1,349,2,1,3,1,70,6,180,300,3,5
364,1,347,2,2,3,2,0,42,180,300,1,5
365,1,231,2,1,3,3,3,95,0,300,2,5
366,1,510,2,2,3,1,92,7,420,540,1,5
367,1,196,2,2,3,2,27,97,0,300,3,5
368,1,287,2,2,3,3,83,71,60,180,3,5
369,1,442,2,1,3,3,90,26,0,300,4,5
370,1,9,2,2,3,3,64,29,420,540,4,5
371,1,63,2,1,3,2,78,44,60,180,1,5
372,1,499,2,1,3,3,1,12,0,300,3,5
373,1,99,2,1,3,3,60,77,0,300,3,5
374,1,350,2,2,3,3,25,49,300,420,4,5
375,1,130,2,2,3,1,25,29,0,300,2,5
376,1,42,2,1,3,1,54,31,180,300,3,5
377,1,568,2,2,3,3,31,10,300,420,1,5
378,1,423,2,2,3,1,35,20,180,300,4,5
379,1,340,2,2,3,3,75,7,0,300,2,5
380,1,448,2,1,3,1,64,16,60,180,4,5
381,1,501,2,2,3,1,65,80,300,420,4,5
382,1,281,2,1,3,3,5,36,0,300,3,5
383,1,542,2,1,3,1,41,10,180,300,2,5
384,1,230,2,2,3,3,30,49,60,180,2,5
385,1,545,2,2,3,1,41,88,0,300,4,5
386,1,277,2,2,3,2,80,4,60,180,2,5
387,1,12,2,1,3,2,41,55,0,300,3,5
388,1,310,2,2,3,1,6,53,300,600,2,5
389,1,36,2,2,3,1,32,7,0,300,1,5
390,1,336,2,1,3,1,21,53,60,180,4,5
391,1,598,2,1,3,1,28,31,60,180,1,5
392,1,561,2,2,3,1,98,1,420,540,3,5
393,1,439,2,1,3,1,1,34,180,300,3,5
394,1,449,2,1,3,3,14,13,0,300,4,5
395,1,540,2,2,3,1,45,59,420,540,1,5
396,1,209,2,1,3,2,34,93,0,300,1,5
397,1,9,2,1,3,3,56,95,60,180,3,5
398,1,96,2,2,3,3,11,52,0,300,3,5
399,1,596,2,1,3,1,68,80,0,300,3,5
400,1,478,2,1,3,2,60,0,180,300,3,5
401,1,50,2,1,3,1,83,37,0,300,4,5
402,1,252,2,1,3,1,33,17,180,300,2,5
403,1,299,2,1,3,3,46,50,180,300,2,5
404,1,510,2,2,3,2,2,32,60,180,3,5
405,1,273,2,1,3,2,3,17,0,300,3,5
406,1,271,2,1,3,1,54,30,0,300,1,5
407,1,564,2,1,3,2,2,33,180,300,2,5
408,1,452,2,2,3,3,88,27,180,300,2,5
409,1,55,2,1,3,3,21,77,60,180,4,5
410,1,118,2,2,3,3,29,3,60,180,1,5
411,1,70,2,1,3,2,31,12,0,300,3,5
412,1,384,2,2,3,1,40,85,300,600,3,5
413,1,244,2,1,3,3,94,54,60,180,2,5
414,1,565,2,1,3,2,64,94,0,300,1,5
415,1,304,2,1,3,3,11,37,60,180,2,5
416,1,477,2,2,3,2,54,80,180,300,4,5
417,1,163,2,1,3,1,1,85,180,300,4,5
418,1,373,2,1,3,2,71,26,180,300,1,5
419,1,419,2,1,3,3,19,78,180,300,2,5
420,1,179,2,2,3,2,78,35,180,300,3,5
421,1,345,2,1,3,2,52,53,60,180,3,5
422,1,251,2,2,3,3,42,38,300,420,3,5
423,1,479,2,2,3,1,85,78,60,180,3,5
424,1,535,2,1,3,2,78,32,180,300,2,5
425,1,393,2,2,3,2,70,100,0,300,1,5
426,1,10,2,1,3,3,72,65,0,300,2,5
427,1,533,2,2,3,2,23,15,420,540,1,5
428,1,363,2,1,3,1,71,81,0,300,3,5
429,1,496,2,1,3,3,31,42,60,180,1,5
430,1,153,2,2,3,2,82,82,60,180,1,5
431,1,158,2,1,3,3,6,93,0,300,4,5
432,1,510,2,1,3,1,67,42,0,300,4,5
433,1,123,2,1,3,1,1,91,0,300,2,5
434,1,147,2,2,3,3,73,89,60,180,2,5
435,1,292,2,2,3,1,98,58,0,300,2,5
436,1,51,2,1,3,2,15,84,180,300,4,5
437,1,164,2,1,3,3,47,11,180,300,3,5
438,1,253,2,1,3,1,77,4,0,300,2,5
439,1,198,2,1,3,2,47,58,180,300,3,5
440,1,229,2,1,3,2,13,79,0,300,3,5
441,1,241,2,2,3,1,68,82,420,540,3,5
442,1,107,2,2,3,2,44,3,180,300,2,5
443,1,459,2,1,3,2,21,3,60,180,2,5
444,3,494,4,1,3,3,5,55,0,300,1,5
445,10,373,10,2,3,2,5,89,420,540,3,5
446,11,578,13,1,3,1,47,74,0,300,1,5
447,8,172,8,2,3,2,2,21,180,300,2,5
448,7,545,8,2,3,3,75,76,60,180,2,5
449,5,126,5,1,3,2,16,11,180,300,2,5
450,13,133,13,1,3,1,15,71,180,300,3,5
451,12,252,12,2,3,1,10,75,420,540,4,5
452,13,338,13,2,3,3,80,15,420,540,2,5
453,7,437,9,1,3,2,37,7,60,180,1,5
454,5,155,5,1,3,1,12,71,180,300,2,5
455,8,7,8,2,3,3,34,50,420,540,3,5
456,6,399,7,1,3,1,100,51,180,300,3,5
457,13,269,13,2,3,2,60,5,420,540,3,5
458,11,337,11,2,3,3,60,85,420,540,4,5
459,13,575,14,1,3,1,100,81,0,300,3,5
460,7,86,7,2,3,2,28,90,420,540,2,5
461,4,175,5,1,3,1,56,54,180,300,4,5
462,4,241,4,2,3,1,75,24,300,600,3,5
463,9,254,9,2,3,1,27,30,420,540,1,5
464,9,536,10,2,3,3,4,17,180,300,4,5
465,3,76,4,2,3,2,73,95,180,300,2,5
466,14,371,14,2,3,3,19,62,420,540,3,5
467,2,459,4,1,3,1,11,66,180,300,3,5
468,2,388,2,2,3,3,24,31,420,540,4,5
469,6,230,6,2,3,3,51,18,420,540,4,5
470,1,431,2,1,3,2,21,46,60,180,2,5
471,5,57,5,1,3,2,49,94,60,180,2,5
472,3,305,4,1,3,3,53,67,0,300,4,5
473,6,33,7,1,3,1,34,82,0,300,3,5
474,11,547,13,1,3,3,23,3,180,300,4,5
475,2,426,4,2,3,2,75,100,180,300,4,5
476,3,140,4,1,3,2,69,85,180,300,2,5
477,4,500,5,1,3,1,71,83,180,300,4,5
478,14,408,14,2,3,2,23,30,420,540,1,5
479,6,207,6,2,3,2,58,59,420,540,1,5
480,6,565,7,1,3,1,99,87,180,300,1,5
481,2,251,2,2,3,2,28,58,300,600,2,5
482,7,364,8,2,3,1,61,91,60,180,2,5
483,13,74,14,2,3,3,31,88,0,300,4,5
484,12,303,12,2,3,2,11,69,420,540,4,5
485,14,329,15,1,3,3,88,66,180,300,3,5
486,12,282,13,2,3,1,56,90,420,540,1,5
487,1,584,2,1,3,3,31,65,180,300,2,5
488,10,36,11,1,3,1,84,36,0,300,2,5
489,9,75,9,1,3,3,71,86,180,300,3,5
490,12,372,12,2,3,1,16,29,420,540,2,5
491,5,238,5,2,3,1,92,74,300,420,1,5
492,10,286,10,2,3,2,35,1,420,540,3,5
493,1,2,2,1,3,3,58,32,60,180,3,5
494,14,429,15,1,3,1,57,9,60,180,3,5
495,5,149,5,1,3,2,27,3,180,300,2,5
496,14,12,15,1,3,1,98,75,0,300,4,5
497,7,65,7,1,3,2,25,14,180,300,3,5
498,7,97,7,2,3,1,14,78,300,420,3,5
499,7,399,7,2,3,1,58,59,420,540,4,5
500,12,195,12,2,3,2,44,83,420,540,4,5
501,14,455,15,1,3,2,40,52,60,180,4,5
502,2,114,2,2,3,2,22,92,180,300,1,5
503,7,558,9,1,3,2,66,100,60,180,3,5
504,2,364,2,2,3,3,38,79,420,540,1,5
505,14,507,15,1,3,3,84,99,0,300,3,5
506,11,99,11,1,3,2,22,65,180,300,4,5
507,4,181,5,1,3,3,31,6,60,180,2,5
508,14,98,14,2,3,1,0,23,180,300,1,5
509,14,53,14,2,3,3,52,86,420,540,1,5
510,2,273,2,2,3,3,22,60,300,600,1,5
511,12,419,13,1,3,3,32,45,0,300,2,5
512,8,530,9,2,3,3,45,72,0,300,1,5
513,10,304,11,2,3,2,39,18,300,420,3,5
514,13,337,13,2,3,3,76,91,420,540,3,5
515,2,187,2,2,3,1,5,19,300,600,1,5
516,11,287,11,2,3,1,16,11,300,600,2,5
517,4,443,5,1,3,2,7,83,60,180,2,5
518,1,242,1,2,3,1,8,99,420,540,2,5
519,3,270,5,2,3,3,11,42,180,300,3,5
520,9,576,10,1,3,3,70,50,0,300,4,5
521,10,449,12,1,3,1,65,23,0,300,3,5
522,12,279,12,2,3,3,55,76,420,540,4,5
523,10,200,10,2,3,3,25,28,420,540,1,5
524,12,533,13,2,3,3,77,99,60,180,3,5
525,12,401,12,2,3,1,100,45,420,540,4,5
526,2,273,3,1,3,3,45,71,0,300,2,5
527,8,242,8,2,3,1,75,26,420,540,3,5
528,14,429,15,1,3,2,43,19,60,180,4,5
529,11,33,11,2,3,3,13,15,60,180,2,5
530,10,84,10,1,3,3,52,74,180,300,3,5
531,14,26,14,2,3,3,3,36,300,420,2,5
532,1,518,2,2,3,3,24,28,60,180,1,5
533,1,162,1,2,3,3,95,95,420,540,2,5
534,8,21,8,2,3,3,5,39,180,300,1,5
535,14,396,14,2,3,1,43,96,420,540,3,5
536,2,253,2,2,3,2,40,50,420,540,3,5
537,11,55,12,2,3,1,71,63,300,600,3,5
538,4,300,4,2,3,3,23,21,420,540,1,5
539,7,34,7,1,3,2,19,74,60,180,4,5
540,2,585,3,1,3,2,2,33,60,180,1,5
541,4,154,4,2,3,1,35,81,300,600,4,5
542,1,570,2,2,3,1,87,40,180,300,1,5
543,4,255,4,2,3,3,71,48,420,540,1,5
544,9,572,11,1,3,1,11,6,180,300,4,5
545,8,357,8,2,3,3,89,54,420,540,4,5
546,6,302,6,2,3,1,88,22,420,540,3,5
547,5,561,7,2,3,2,64,13,60,180,4,5
548,10,213,10,2,3,2,32,97,300,420,2,5
549,4,454,6,1,3,3,91,82,60,180,1,5
550,3,410,4,2,3,3,3,78,60,180,1,5
551,14,199,15,1,3,3,90,69,0,300,1,5
552,12,98,12,1,3,1,31,16,180,300,3,5
553,13,466,15,1,3,3,76,71,180,300,3,5
554,1,345,1,2,3,2,54,60,420,540,3,5
555,12,71,12,1,3,3,75,3,180,300,4,5
556,4,395,5,2,3,3,93,97,300,420,2,5
557,7,298,7,2,3,3,44,56,420,540,3,5
558,7,473,8,2,3,3,18,49,420,540,2,5
559,7,423,9,2,3,3,41,50,300,420,4,5
560,4,127,5,1,3,1,19,82,60,180,3,5
561,4,443,6,1,3,1,91,70,60,180,4,5
562,6,141,6,1,3,2,26,34,180,300,2,5
563,1,542,3,2,3,2,12,27,300,420,3,5
564,12,386,12,2,3,1,38,51,420,540,1,5
565,14,257,15,1,3,3,43,84,180,300,3,5
566,5,62,5,2,3,3,56,93,180,300,3,5
567,10,394,11,1,3,3,53,92,60,180,2,5
568,11,70,11,2,3,2,37,76,300,600,1,5
569,13,95,14,1,3,3,7,54,180,300,1,5
570,7,32,7,1,3,1,61,85,60,180,3,5
571,11,192,12,2,3,2,100,92,180,300,3,5
572,13,338,14,1,3,2,86,4,0,300,2,5
573,1,472,3,2,3,1,70,98,420,540,4,5
574,10,172,10,1,3,1,81,16,180,300,1,5
575,4,66,4,1,3,2,100,39,180,300,1,5
576,5,5,5,2,3,2,59,81,180,300,1,5
577,6,418,6,2,3,1,90,89,420,540,4,5
578,1,204,1,2,3,3,85,39,300,420,2,5
579,1,412,2,2,3,1,48,96,180,300,2,5
580,11,494,12,1,3,1,64,53,180,300,4,5
581,14,461,15,1,3,1,99,67,180,300,1,5
582,9,220,9,2,3,2,52,93,300,420,4,5
583,5,95,5,1,3,3,29,39,180,300,1,5
584,9,33,10,1,3,1,97,57,60,180,2,5
585,9,451,10,1,3,1,75,88,60,180,2,5
586,6,565,8,2,3,1,16,40,60,180,2,5
587,14,362,15,1,3,1,4,39,180,300,4,5
588,8,434,9,2,3,3,79,91,0,300,1,5
589,5,113,5,1,3,3,85,17,180,300,4,5
590,11,516,13,1,3,2,21,18,180,300,3,5
591,13,364,14,2,3,1,41,80,0,300,4,5
592,11,9,12,1,3,1,96,15,180,300,2,5
593,13,543,14,1,3,3,74,96,60,180,4,5
594,7,564,9,1,3,3,13,32,0,300,4,5
595,5,134,6,2,3,1,74,29,300,600,1,5
596,3,228,4,1,3,2,96,64,0,300,1,5
597,8,554,9,1,3,1,70,92,0,300,1,5
598,4,523,6,2,3,3,17,66,180,300,4,5
599,5,573,7,1,3,3,2,75,0,300,4,5
600,12,462,13,1,3,3,40,87,0,300,4,5
601,12,450,13,1,3,1,7,32,180,300,2,5
602,4,117,4,1,3,2,37,84,180,300,3,5
603,5,448,7,1,3,1,79,5,60,180,3,5
604,10,112,10,2,3,3,29,86,420,540,1,5
605,1,230,2,2,3,2,43,52,420,540,4,5
606,12,526,14,2,3,1,95,39,60,180,1,5
607,12,438,14,1,3,2,62,93,60,180,1,5
608,6,65,6,1,3,1,52,18,180,300,3,5
609,8,131,8,1,3,2,23,66,180,300,2,5
610,10,578,11,1,3,2,62,49,60,180,2,5
611,4,273,4,2,3,1,11,94,420,540,2,5
612,3,13,3,1,3,3,65,67,60,180,2,5
613,11,156,11,1,3,2,16,79,180,300,3,5
614,7,268,7,2,3,1,39,98,420,540,1,5
615,6,22,6,1,3,3,51,60,60,180,2,5
616,2,219,2,2,3,1,85,59,420,540,2,5
617,6,28,6,2,3,1,32,66,180,300,3,5
618,3,299,3,2,3,2,22,83,300,420,3,5
619,4,239,4,2,3,1,30,93,300,420,4,5
620,10,236,11,1,3,3,91,63,180,300,4,5
621,10,267,11,1,3,3,73,64,0,300,3,5
622,10,215,10,2,3,3,9,96,300,600,1,5
623,12,578,13,2,3,2,43,3,60,180,3,5
624,5,271,6,1,3,3,16,36,180,300,1,5
625,14,91,15,1,3,2,23,46,60,180,4,5
626,8,304,8,2,3,2,45,39,420,540,4,5
627,12,230,14,1,3,1,20,46,60,180,1,5
628,3,520,5,2,3,1,98,43,0,300,3,5
629,8,144,8,1,3,2,12,71,180,300,2,5
630,6,454,7,2,3,2,81,9,420,540,3,5
631,10,266,10,2,3,1,89,13,420,540,1,5
632,5,599,6,2,3,1,27,31,0,300,1,5
633,9,38,9,1,3,1,60,87,60,180,2,5
634,2,88,2,1,3,2,62,69,180,300,2,5
635,8,369,9,2,3,2,16,37,0,300,2,5
636,9,62,10,1,3,2,61,91,0,300,2,5
637,7,577,9,1,3,1,8,97,0,300,4,5
638,7,420,7,2,3,3,4,46,420,540,4,5
639,5,328,6,2,3,2,95,22,420,540,4,5
640,12,250,12,2,3,1,26,96,420,540,1,5
641,1,157,2,1,3,3,44,52,180,300,3,5
642,14,494,15,2,3,1,11,64,60,180,4,5
643,10,565,11,1,3,1,70,38,180,300,4,5
644,11,529,13,2,3,2,65,76,180,300,1,5
645,9,320,9,2,3,1,1,49,420,540,4,5
646,5,363,6,1,3,3,25,69,0,300,3,5
647,2,486,4,1,3,2,53,55,60,180,4,5
648,4,329,4,2,3,1,51,84,420,540,1,5
649,5,256,5,2,3,2,22,10,420,540,1,5
650,10,515,12,1,3,2,13,39,0,300,4,5
651,5,43,6,2,3,2,70,41,60,180,4,5
652,2,72,3,1,3,1,6,77,60,180,4,5
653,8,313,9,1,3,1,89,19,60,180,4,5
654,13,582,15,2,3,2,78,63,420,540,4,5
655,5,105,5,1,3,3,69,32,180,300,2,5
656,13,218,13,2,3,1,48,89,420,540,1,5
657,14,448,16,1,3,1,65,6,180,300,1,5
658,4,458,6,1,3,2,40,80,60,180,3,5
659,7,329,7,2,3,3,4,32,420,540,2,5
660,10,555,11,2,3,2,72,76,60,180,1,5
661,10,548,11,1,3,1,1,12,180,300,4,5
662,10,406,10,2,3,2,26,100,420,540,4,5
663,4,316,5,2,3,2,29,88,0,300,1,5
664,7,231,7,2,3,1,61,65,300,420,2,5
665,13,333,13,2,3,3,78,24,420,540,3,5
666,14,146,15,1,3,3,47,36,180,300,1,5
667,4,520,5,1,3,3,20,7,0,300,3,5
668,13,114,14,2,3,1,72,96,60,180,4,5
669,1,532,3,2,3,3,76,98,60,180,3,5
670,1,269,1,2,3,3,58,31,420,540,3,5
671,9,21,10,2,3,1,72,14,60,180,2,5
672,4,126,4,2,3,2,38,83,180,300,3,5
673,2,66,2,1,3,1,92,90,180,300,1,5
674,13,156,14,1,3,2,18,47,60,180,3,5
675,10,280,10,2,3,1,2,11,300,600,4,5
676,13,229,15,2,3,1,86,64,420,540,1,5
677,2,589,4,1,3,2,51,68,60,180,3,5
678,6,531,8,2,3,2,64,60,180,300,3,5
679,12,381,12,2,3,1,1,10,420,540,3,5
680,12,297,13,2,3,2,19,52,0,300,4,5
681,14,454,15,1,3,3,38,25,60,180,2,5
682,8,18,8,2,3,1,98,5,60,180,3,5
683,4,227,4,2,3,2,35,90,300,420,3,5
684,4,519,5,2,3,3,3,4,0,300,2,5
685,5,572,7,1,3,2,62,26,60,180,3,5
686,2,496,4,1,3,1,89,81,0,300,2,5
687,9,593,10,2,3,1,39,53,0,300,3,5
688,9,48,9,2,3,2,65,25,420,540,4,5
689,11,517,12,2,3,2,84,76,0,300,2,5
690,9,158,9,1,3,1,25,2,180,300,1,5
691,7,364,8,1,3,1,17,35,0,300,3,5
692,11,554,12,1,3,1,57,70,0,300,3,5
693,1,472,2,1,3,2,41,81,180,300,1,5
694,5,329,5,2,3,1,31,51,420,540,2,5
695,7,236,7,2,3,3,25,92,300,600,2,5
696,3,476,5,1,3,3,94,17,60,180,4,5
697,3,271,3,2,3,3,46,97,420,540,4,5
698,5,76,6,2,3,3,94,78,60,180,1,5
699,14,562,16,1,3,1,60,71,0,300,3,5
700,12,111,13,1,3,2,20,0,60,180,4,5
701,2,185,3,1,3,3,49,81,0,300,4,5
702,14,26,14,1,3,2,14,3,60,180,1,5
703,13,56,13,2,3,3,69,31,60,180,1,5
704,5,491,6,1,3,2,65,28,180,300,1,5
705,9,308,9,2,3,3,33,65,420,540,1,5
706,10,338,10,2,3,2,40,8,420,540,4,5
707,4,212,5,1,3,3,58,45,60,180,2,5
708,6,65,6,1,3,3,23,46,180,300,4,5
709,11,37,12,2,3,2,97,87,0,300,3,5
710,12,127,12,1,3,1,61,46,180,300,4,5
711,6,247,6,2,3,3,36,84,300,600,2,5
712,2,511,3,1,3,3,78,2,180,300,1,5
713,14,310,15,1,3,2,28,34,60,180,3,5
714,14,451,16,2,3,2,70,54,0,300,2,5
715,6,410,6,2,3,3,43,94,420,540,1,5
716,13,495,14,1,3,1,18,8,60,180,1,5
717,12,327,12,2,3,2,98,55,420,540,4,5
718,6,458,7,2,3,2,17,94,300,420,3,5
719,14,211,14,2,3,3,59,24,300,420,1,5
720,6,433,7,2,3,2,37,79,420,540,3,5
721,12,374,13,1,3,3,36,76,0,300,2,5
722,5,92,5,1,3,2,50,25,180,300,4,5
723,14,542,16,2,3,2,57,15,180,300,3,5
724,12,9,13,1,3,3,21,87,0,300,2,5
725,8,140,9,1,3,1,3,27,60,180,2,5
726,3,175,5,1,3,2,42,39,0,300,2,5
727,12,506,14,1,3,3,48,33,180,300,2,5
728,10,528,11,1,3,1,73,60,60,180,1,5
729,10,515,11,2,3,3,71,30,180,300,2,5
730,8,176,9,1,3,3,22,89,0,300,1,5
731,7,31,8,2,3,3,15,3,0,300,3,5
732,4,548,6,1,3,2,81,40,60,180,1,5
733,9,93,9,1,3,2,12,34,180,300,3,5
734,5,544,6,2,3,1,30,12,60,180,1,5
735,3,10,3,1,3,2,67,33,60,180,3,5
736,14,496,16,1,3,2,89,48,60,180,4,5
737,12,585,13,2,3,2,79,14,0,300,3,5
738,14,213,14,2,3,3,67,14,420,540,4,5
739,6,143,6,2,3,3,40,79,300,420,4,5
740,8,369,9,1,3,1,41,87,0,300,2,5
741,7,525,8,1,3,1,46,64,180,300,3,5
742,14,562,16,1,3,3,35,97,180,300,1,5
743,3,247,4,2,3,1,95,63,0,300,1,5
744,7,517,9,1,3,3,49,50,0,300,3,5
745,13,45,14,1,3,2,97,13,0,300,4,5
746,7,523,9,2,3,2,65,78,420,540,1,5
747,10,248,10,2,3,1,76,4,420,540,3,5
748,11,568,13,1,3,1,65,58,60,180,1,5
749,5,535,7,1,3,2,35,10,60,180,2,5
750,9,178,9,1,3,3,16,55,180,300,1,5
751,7,97,7,1,3,2,91,77,180,300,2,5
752,11,496,12,1,3,1,70,22,60,180,4,5
753,11,581,13,2,3,2,93,53,300,600,3,5
754,11,508,13,1,3,2,94,98,180,300,4,5
755,4,94,4,2,3,3,45,86,420,540,2,5
756,10,441,12,1,3,1,35,61,60,180,4,5
757,3,307,3,2,3,2,70,6,420,540,1,5
758,4,183,4,2,3,3,92,67,300,420,2,5
759,12,509,13,2,3,1,88,69,180,300,4,5
760,5,471,6,1,3,3,50,64,0,300,4,5
761,6,2,8,2,3,2,93,38,180,300,3,5
762,4,584,5,1,3,1,11,22,180,300,1,5
763,7,180,7,1,3,3,60,42,180,300,3,5
764,1,100,1,2,3,3,5,80,300,420,3,5
765,3,587,4,2,3,1,59,31,420,540,3,5
766,1,281,1,2,3,1,25,92,420,540,1,5
767,7,469,9,2,3,1,4,32,420,540,1,5
768,3,562,5,1,3,3,17,38,180,300,4,5
769,4,365,4,2,3,2,8,96,420,540,4,5
770,11,122,11,2,3,1,27,13,180,300,1,5
771,12,157,13,2,3,1,41,46,420,540,4,5
772,5,17,5,1,3,3,98,21,60,180,4,5
773,3,270,3,2,3,2,4,65,420,540,2,5
774,12,252,13,1,3,2,29,24,60,180,2,5
775,1,451,2,1,3,2,45,11,0,300,4,5
776,8,416,8,2,3,2,0,64,420,540,4,5
777,6,66,7,2,3,2,50,24,0,300,4,5
778,13,563,15,2,3,3,19,88,300,420,1,5
779,14,169,15,1,3,3,24,36,60,180,4,5
780,9,167,10,1,3,2,97,47,180,300,1,5
781,8,205,8,2,3,3,19,34,420,540,1,5
782,5,259,6,1,3,1,25,61,180,300,3,5
783,5,265,6,2,3,2,71,6,420,540,3,5
784,5,83,5,1,3,2,82,90,180,300,3,5
785,13,527,14,1,3,1,89,74,180,300,4,5
786,4,261,4,2,3,3,10,13,300,420,2,5
787,2,71,2,1,3,2,12,67,180,300,3,5
788,4,510,5,1,3,3,71,36,180,300,3,5
789,1,507,2,1,3,2,66,15,180,300,4,5
790,9,332,9,2,3,1,61,22,420,540,3,5
791,13,198,13,2,3,2,94,20,420,540,3,5
792,9,247,10,1,3,3,87,16,180,300,4,5
793,8,86,9,1,3,3,7,6,180,300,3,5
794,7,241,8,2,3,3,27,47,300,420,1,5
795,4,74,4,1,3,1,13,81,180,300,4,5
796,14,108,15,1,3,1,30,6,180,300,4,5
797,6,397,6,2,3,1,98,3,420,540,1,5
798,11,353,12,1,3,1,83,90,60,180,2,5
799,3,96,3,1,3,3,93,33,180,300,1,5
800,10,72,11,1,3,3,32,52,180,300,4,5
801,13,426,15,2,3,3,34,84,300,600,4,5
802,14,336,14,2,3,3,25,26,420,540,4,5
803,14,4,14,2,3,3,0,73,180,300,4,5
804,9,540,10,1,3,1,59,98,0,300,4,5
805,10,459,11,1,3,1,61,78,180,300,3,5
806,7,502,8,1,3,3,71,96,0,300,1,5
807,13,12,13,1,3,3,76,48,60,180,1,5
808,11,195,12,1,3,3,65,94,60,180,1,5
809,2,524,4,2,3,1,67,79,180,300,3,5
810,14,262,14,2,3,1,8,37,420,540,2,5
811,11,388,11,2,3,2,89,96,420,540,2,5
812,10,380,10,2,3,2,8,90,420,540,3,5
813,10,62,11,1,3,3,57,71,180,300,3,5
814,13,244,14,1,3,2,24,46,0,300,4,5
815,1,315,2,1,3,1,81,45,180,300,3,5
816,4,456,5,1,3,1,31,57,0,300,1,5
817,6,138,6,1,3,3,19,36,180,300,1,5
818,9,289,9,2,3,1,63,72,300,600,1,5
819,5,568,6,1,3,2,3,21,60,180,3,5
820,7,344,8,1,3,3,75,54,180,300,2,5
821,6,43,7,1,3,1,38,97,60,180,1,5
822,2,140,3,1,3,1,86,37,180,300,1,5
823,7,476,9,1,3,2,61,92,0,300,2,5
824,8,393,9,1,3,3,20,54,60,180,3,5
825,7,451,8,2,3,1,91,98,180,300,2,5
826,11,39,12,1,3,2,55,29,60,180,1,5
827,11,395,12,2,3,3,28,14,420,540,3,5
828,11,259,11,2,3,1,39,64,300,600,3,5
829,14,401,14,2,3,3,94,36,420,540,3,5
830,1,394,2,1,3,1,85,82,0,300,3,5
831,6,507,7,2,3,3,100,53,0,300,4,5
832,8,424,10,1,3,3,41,48,0,300,1,5
833,7,370,7,2,3,3,64,93,420,540,4,5
834,2,60,2,1,3,1,34,19,180,300,1,5
835,14,198,15,1,3,1,0,0,180,300,3,5
836,14,459,16,1,3,3,100,70,60,180,1,5
837,2,47,3,2,3,1,6,66,60,180,3,5
838,9,346,10,1,3,3,70,89,60,180,1,5
839,10,580,12,1,3,2,67,34,180,300,2,5
840,6,523,7,1,3,3,8,49,60,180,3,5
841,12,474,14,1,3,2,26,44,180,300,2,5
842,2,167,3,1,3,1,81,2,180,300,4,5
843,9,365,9,2,3,1,40,30,420,540,2,5
844,10,592,12,2,3,2,90,73,60,180,4,5
845,1,523,3,2,3,3,68,26,180,300,1,5
846,6,452,7,2,3,3,55,24,0,300,2,5
847,5,496,7,1,3,3,95,55,60,180,2,5
848,6,158,6,2,3,1,31,88,300,420,2,5
849,8,510,10,1,3,1,61,89,180,300,3,5
850,13,77,14,2,3,1,75,17,180,300,4,5
851,6,372,8,1,3,1,36,12,180,300,1,5
852,6,531,8,1,3,1,21,97,60,180,2,5
853,10,54,10,1,3,3,91,96,60,180,2,5
854,1,67,2,1,3,2,52,37,60,180,2,5
855,8,444,10,1,3,3,40,94,60,180,1,5
856,10,414,10,2,3,3,10,31,420,540,4,5
857,7,28,7,1,3,1,84,85,60,180,2,5
858,3,117,4,1,3,2,45,49,60,180,3,5
859,1,268,2,1,3,2,17,2,180,300,3,5
860,14,203,14,2,3,3,73,68,420,540,3,5
861,3,118,3,1,3,1,79,44,180,300,1,5
862,13,217,14,2,3,2,49,85,420,540,4,5
863,5,289,5,2,3,2,45,72,300,420,1,5
864,5,281,6,2,3,2,78,56,300,600,4,5
865,12,160,13,1,3,1,99,29,60,180,2,5
866,5,582,6,2,3,2,57,100,420,540,2,5
867,14,583,15,1,3,2,49,56,0,300,2,5
868,12,238,12,2,3,1,47,24,420,540,4,5
869,4,87,6,1,3,1,36,98,60,180,3,5
870,8,60,9,1,3,2,89,94,180,300,4,5
871,3,196,4,2,3,1,41,64,0,300,1,5
872,5,503,6,2,3,2,88,70,0,300,4,5
873,9,104,10,1,3,3,2,84,180,300,4,5
874,9,561,10,1,3,1,83,75,60,180,3,5
875,7,112,8,2,3,2,11,10,60,180,3,5
876,1,286,2,1,3,1,52,51,180,300,3,5
877,7,526,8,2,3,2,19,3,180,300,3,5
878,7,179,7,1,3,1,28,66,180,300,4,5
879,4,423,5,2,3,2,88,23,180,300,3,5
880,5,172,6,1,3,3,11,81,180,300,1,5
881,6,327,6,2,3,3,72,87,420,540,1,5
882,5,212,5,2,3,3,6,45,300,420,2,5
883,12,575,14,2,3,3,78,19,420,540,4,5
884,2,551,3,1,3,3,89,95,60,180,3,5
885,8,410,9,2,3,2,52,27,300,420,4,5
886,6,457,8,2,3,2,53,27,300,420,3,5
887,5,10,6,2,3,1,30,95,0,300,4,5
888,7,99,7,2,3,1,27,6,300,600,4,5
889,3,569,5,2,3,3,76,10,60,180,3,5
890,2,474,3,1,3,2,31,14,0,300,4,5
891,13,307,15,1,3,1,29,20,60,180,2,5
892,1,541,2,2,3,1,100,27,180,300,4,5
893,4,212,4,2,3,1,94,41,420,540,4,5
894,5,591,7,1,3,2,67,58,180,300,4,5
895,9,549,10,1,3,2,45,76,180,300,4,5
896,14,182,14,2,3,1,83,82,300,420,3,5
897,13,584,15,1,3,3,68,99,0,300,4,5
898,8,412,9,1,3,1,13,2,60,180,3,5
899,8,523,9,2,3,3,97,21,300,420,3,5
900,13,58,14,1,3,3,25,70,60,180,3,5
901,7,533,9,1,3,2,84,90,60,180,4,5
902,2,394,2,2,3,3,19,14,420,540,4,5
903,14,325,15,1,3,2,87,1,180,300,4,5
904,5,432,6,1,3,3,17,55,0,300,4,5
905,1,124,1,2,3,1,45,44,180,300,3,5
906,7,475,9,1,3,1,11,38,0,300,1,5
907,3,187,3,2,3,3,92,29,300,420,2,5
908,9,258,9,2,3,2,10,32,300,420,1,5
909,6,542,7,2,3,3,33,93,300,420,3,5
910,14,234,14,2,3,2,49,5,300,600,4,5
911,14,393,15,1,3,1,96,87,180,300,2,5
912,12,180,13,2,3,3,53,99,420,540,3,5
913,4,109,6,1,3,1,20,93,180,300,4,5
914,10,562,12,2,3,1,70,40,60,180,2,5
915,1,328,2,1,3,2,16,40,60,180,3,5
916,14,7,14,1,3,1,42,63,60,180,4,5
917,11,452,12,2,3,1,97,71,180,300,3,5
918,14,25,15,1,3,3,6,78,180,300,1,5
919,8,236,9,2,3,1,90,42,60,180,1,5
920,7,41,8,1,3,3,16,39,180,300,4,5
921,4,290,5,2,3,1,64,27,180,300,4,5
922,6,84,7,2,3,3,22,56,180,300,3,5
923,3,188,3,2,3,1,36,82,420,540,3,5
924,6,362,6,2,3,2,58,4,420,540,4,5
925,11,290,11,2,3,3,2,45,420,540,3,5
926,8,573,9,1,3,3,83,9,60,180,3,5
927,2,508,3,1,3,3,1,4,60,180,3,5
928,7,328,7,2,3,3,41,38,420,540,4,5
929,4,286,4,2,3,1,32,26,420,540,4,5
930,3,413,3,2,3,1,33,86,420,540,1,5
931,4,9,4,1,3,3,96,32,60,180,3,5
932,9,105,9,1,3,3,88,87,180,300,1,5
933,9,226,9,2,3,3,42,61,300,420,4,5
934,11,485,13,1,3,2,58,61,180,300,4,5
935,9,206,9,2,3,3,16,22,300,600,1,5
936,12,131,12,1,3,2,93,75,180,300,1,5
937,7,381,8,1,3,2,54,44,0,300,2,5
938,12,390,13,1,3,2,6,52,60,180,1,5
939,6,47,8,1,3,1,70,45,60,180,2,5
940,1,588,3,2,3,1,67,16,300,420,4,5
941,14,83,14,2,3,1,71,22,420,540,2,5
942,7,345,8,2,3,3,55,100,0,300,4,5
943,13,147,13,1,3,2,36,68,180,300,4,5
944,3,324,3,2,3,3,86,9,420,540,3,5
945,5,74,5,1,3,3,7,56,180,300,3,5
946,10,114,10,1,3,1,96,27,180,300,3,5
947,11,341,12,1,3,1,33,40,0,300,3,5
948,2,571,4,1,3,2,43,46,60,180,3,5
949,7,62,9,1,3,1,54,66,60,180,3,5
950,3,341,3,2,3,2,49,64,420,540,1,5
951,9,40,9,2,3,3,40,66,0,300,3,5
952,14,4,14,1,3,3,100,86,60,180,2,5
953,11,241,12,1,3,1,11,56,60,180,2,5
954,12,414,12,2,3,3,86,95,420,540,4,5
955,12,114,12,2,3,1,54,1,420,540,3,5
956,14,388,14,2,3,2,58,67,420,540,3,5
957,4,404,5,1,3,3,78,6,60,180,3,5
958,8,445,10,2,3,3,90,88,0,300,1,5
959,1,23,2,1,3,2,73,34,60,180,4,5
960,1,576,3,1,3,3,83,92,60,180,3,5
961,11,243,11,2,3,3,82,80,420,540,1,5
962,3,120,5,2,3,1,76,27,300,600,3,5
963,5,588,7,1,3,2,91,91,180,300,2,5
964,8,573,10,1,3,1,77,84,60,180,4,5
965,2,394,2,2,3,3,37,77,420,540,3,5
966,7,252,8,1,3,1,1,25,60,180,4,5
967,1,141,1,2,3,1,48,61,420,540,3,5
968,6,382,6,2,3,1,71,88,420,540,4,5
969,5,421,6,2,3,3,6,37,60,180,2,5
970,2,192,3,2,3,3,77,13,300,600,1,5
971,9,261,10,2,3,1,17,11,180,300,1,5
972,4,74,5,2,3,3,16,28,180,300,3,5
973,4,83,6,2,3,2,86,72,420,540,1,5
974,2,22,3,2,3,1,9,46,60,180,4,5
975,4,355,4,2,3,1,69,36,420,540,3,5
976,11,64,11,1,3,3,64,100,180,300,3,5
977,1,179,1,1,3,2,79,14,180,300,2,5
978,10,137,10,2,3,3,90,67,420,540,3,5
979,7,558,8,2,3,1,78,82,300,420,4,5
980,1,471,2,2,3,3,58,40,420,540,1,5
981,14,153,15,2,3,2,26,89,420,540,1,5
982,10,449,12,2,3,3,20,43,420,540,2,5
983,13,576,14,1,3,3,24,31,0,300,1,5
984,11,154,11,2,3,3,64,96,300,600,3,5
985,1,156,2,1,3,3,88,53,0,300,4,5
986,3,72,5,1,3,1,71,82,0,300,4,5
987,14,436,15,2,3,3,83,22,180,300,3,5
988,1,97,2,2,3,3,64,17,300,600,3,5
989,13,382,13,2,3,3,32,49,420,540,4,5
990,8,214,9,2,3,1,93,89,300,420,3,5
991,13,403,14,1,3,2,39,52,60,180,4,5
992,4,365,4,2,3,3,36,14,420,540,1,5
993,10,177,10,2,3,3,45,22,420,540,4,5
994,7,11,7,1,3,3,39,97,60,180,1,5
995,5,502,7,1,3,3,62,23,180,300,1,5
996,9,57,10,1,3,1,79,59,180,300,3,5
997,9,271,10,1,3,2,47,78,0,300,4,5
998,8,164,9,1,3,1,6,97,0,300,1,5
999,8,440,9,1,3,2,84,81,0,300,1,5
1000,5,47,5,2,3,1,52,34,60,180,4,5
1001,12,304,13,1,3,1,39,91,180,300,2,5
1002,5,377,5,2,3,1,51,41,420,540,2,5
1003,11,49,11,2,3,3,28,77,420,540,2,5
1004,7,557,8,1,3,1,53,26,0,300,1,5
1005,3,586,5,1,3,1,54,64,0,300,2,5
1006,8,225,8,2,3,2,9,49,420,540,3,5
1007,3,508,4,1,3,2,37,82,0,300,4,5
1008,13,426,15,1,3,3,17,38,0,300,4,5
1009,1,529,3,2,3,2,2,65,420,540,2,5
1010,6,104,6,2,3,1,34,19,420,540,3,5
1011,2,327,2,2,3,2,81,11,420,540,1,5
1012,6,477,7,2,3,1,63,66,60,180,2,5
1013,9,79,10,2,3,3,1,71,300,420,2,5
1014,6,597,7,1,3,3,43,10,60,180,3,5
1015,6,135,6,2,3,1,48,40,180,300,4,5
1016,13,148,13,1,3,3,8,52,180,300,1,5
1017,3,78,3,2,3,1,54,53,420,540,3,5
1018,3,534,4,1,3,1,49,2,60,180,1,5
1019,4,32,5,2,3,3,23,5,60,180,3,5
1020,6,20,7,1,3,1,12,59,0,300,2,5
1021,10,346,11,2,3,1,61,88,420,540,1,5
1022,5,495,7,1,3,1,53,71,60,180,1,5
1023,8,198,8,2,3,2,17,12,420,540,3,5
1024,11,299,13,1,3,2,99,70,0,300,3,5
1025,3,350,4,1,3,1,89,73,0,300,2,5
1026,3,224,3,2,3,2,95,50,300,600,4,5
1027,11,120,12,1,3,1,81,6,180,300,4,5
1028,8,519,9,2,3,3,94,76,60,180,3,5
1029,3,473,4,1,3,2,24,36,0,300,3,5
1030,12,203,13,1,3,1,0,33,0,300,3,5
1031,14,316,16,2,3,2,28,60,180,300,4,5
1032,5,373,7,1,3,2,44,24,60,180,2,5
1033,11,438,13,1,3,1,31,8,180,300,2,5
1034,10,593,12,2,3,1,54,98,420,540,4,5
1035,10,242,11,1,3,2,85,14,0,300,3,5
1036,5,319,6,2,3,2,87,87,0,300,4,5
1037,1,389,2,2,3,2,94,60,0,300,2,5
1038,7,373,7,2,3,3,86,1,420,540,2,5
1039,10,190,11,2,3,3,25,25,180,300,1,5
1040,1,563,2,1,3,2,89,89,0,300,4,5
1041,3,386,4,1,3,2,26,1,0,300,4,5
1042,2,401,3,1,3,2,16,68,0,300,1,5
1043,10,175,11,2,3,2,68,33,300,600,1,5
1044,3,573,4,1,3,2,15,56,180,300,1,5
1045,4,198,5,2,3,1,36,84,60,180,1,5
1046,9,262,10,1,3,3,55,78,180,300,3,5
1047,8,248,8,2,3,2,8,46,420,540,1,5
1048,3,455,4,1,3,2,71,88,60,180,2,5
1049,7,494,9,1,3,2,15,19,60,180,2,5
1050,1,175,1,2,3,2,34,17,300,420,1,5
1051,1,92,2,1,3,1,61,72,60,180,4,5
1052,13,551,15,1,3,3,58,87,60,180,4,5
1053,10,472,12,1,3,3,28,19,60,180,4,5
1054,8,196,9,1,3,2,34,28,60,180,2,5
1055,12,179,12,2,3,1,11,74,180,300,4,5
1056,6,45,7,1,3,2,64,36,180,300,2,5
1057,1,46,1,1,3,1,75,64,60,180,2,5
1058,6,78,6,1,3,3,79,65,180,300,2,5
1059,12,372,12,2,3,3,78,44,420,540,3,5
1060,8,393,8,2,3,3,75,56,420,540,4,5
1061,10,411,10,2,3,3,77,58,420,540,1,5
1062,6,7,7,2,3,3,66,32,180,300,1,5
1063,3,230,3,2,3,3,91,27,300,600,1,5
1064,5,434,7,1,3,2,26,8,0,300,4,5
1065,10,363,10,2,3,3,1,94,420,540,1,5
1066,11,452,13,2,3,1,52,3,60,180,4,5
1067,14,488,16,1,3,3,13,86,180,300,3,5
1068,2,438,4,2,3,3,99,75,180,300,4,5
1069,6,114,6,2,3,2,88,92,300,420,4,5
1070,7,433,9,1,3,3,26,26,0,300,2,5
1071,11,574,13,2,3,3,68,34,420,540,4,5
1072,3,58,4,2,3,1,3,65,180,300,2,5
1073,12,87,12,2,3,2,14,43,420,540,1,5
1074,5,517,6,2,3,2,63,69,180,300,3,5
1075,3,160,3,1,3,1,55,92,180,300,3,5
1076,7,16,7,1,3,3,43,4,60,180,4,5
1077,2,128,2,1,3,1,56,55,180,300,1,5
1078,13,486,14,1,3,1,20,0,60,180,3,5
1079,9,321,9,2,3,1,69,58,420,540,4,5
1080,6,497,8,1,3,3,56,75,180,300,1,5
1081,8,358,8,2,3,3,25,85,420,540,1,5
1082,13,330,13,2,3,3,33,7,420,540,4,5
1083,10,228,10,2,3,2,95,24,300,600,3,5
1084,9,547,11,1,3,3,12,87,180,300,4,5
1085,7,593,9,1,3,2,15,36,60,180,4,5
1086,6,504,8,1,3,3,80,91,0,300,3,5
1087,4,575,5,2,3,1,92,64,180,300,4,5
1088,11,219,11,2,3,1,34,63,300,600,4,5
1089,6,539,7,1,3,3,13,91,0,300,2,5
1090,12,288,13,2,3,1,18,98,300,420,1,5
1091,9,251,9,2,3,3,8,5,300,420,2,5
1092,5,109,5,2,3,3,15,61,180,300,1,5
1093,10,303,10,2,3,3,17,87,420,540,3,5
1094,11,119,12,1,3,2,53,40,180,300,4,5
1095,9,147,9,1,3,1,70,75,180,300,1,5
1096,7,37,7,1,3,1,52,24,60,180,2,5
1097,6,431,7,1,3,3,61,58,60,180,2,5
1098,6,557,8,2,3,3,30,82,0,300,2,5
1099,1,567,2,1,3,3,26,70,0,300,4,5
1100,9,21,9,1,3,2,84,5,60,180,2,5
1101,13,574,15,1,3,3,86,77,0,300,1,5
1102,7,170,8,1,3,3,71,56,0,300,1,5
1103,6,527,7,2,3,3,45,69,60,180,3,5
1104,7,423,9,2,3,2,28,58,300,420,1,5
1105,7,473,8,1,3,2,100,33,180,300,3,5
1106,13,55,13,1,3,2,68,24,60,180,3,5
1107,14,255,15,2,3,1,39,69,300,420,1,5
1108,4,382,5,2,3,2,99,69,300,420,2,5
1109,12,332,12,2,3,2,20,52,420,540,3,5
1110,10,32,11,1,3,2,4,65,180,300,3,5
1111,10,62,10,1,3,3,92,59,180,300,4,5
1112,4,395,4,2,3,2,40,1,420,540,1,5
1113,9,545,10,1,3,3,33,17,60,180,4,5
1114,10,398,10,2,3,1,15,37,420,540,3,5
1115,8,264,9,1,3,2,35,23,0,300,1,5
1116,3,38,3,2,3,3,91,50,180,300,1,5
1117,9,17,10,1,3,2,39,6,60,180,2,5
1118,7,494,9,1,3,1,68,99,60,180,4,5
1119,7,214,7,2,3,3,96,12,300,420,4,5
1120,2,260,2,2,3,2,68,52,420,540,2,5
1121,4,331,6,2,3,3,77,31,300,420,1,5
1122,3,170,3,1,3,3,63,82,180,300,3,5
1123,11,20,12,2,3,2,45,66,420,540,4,5
1124,4,214,4,2,3,3,67,97,300,600,2,5
1125,11,579,13,1,3,3,8,94,60,180,4,5
1126,13,280,13,2,3,1,23,36,420,540,4,5
1127,11,378,12,2,3,2,58,93,300,600,3,5
1128,9,240,10,2,3,1,38,85,180,300,1,5
1129,6,127,8,1,3,1,65,22,0,300,4,5
1130,1,554,2,1,3,2,78,60,60,180,1,5
1131,2,142,2,1,3,3,56,40,180,300,2,5
1132,11,379,11,2,3,3,87,92,420,540,2,5
1133,6,103,6,2,3,2,14,54,420,540,1,5
1134,10,66,12,1,3,3,42,45,0,300,2,5
1135,1,592,2,1,3,1,53,64,180,300,4,5
1136,4,66,5,2,3,3,49,16,420,540,2,5
1137,10,145,10,2,3,1,59,76,420,540,4,5
1138,9,310,10,2,3,1,48,94,60,180,2,5
1139,7,17,7,2,3,1,62,91,420,540,3,5
1140,9,513,10,2,3,3,64,20,60,180,2,5
1141,2,117,4,1,3,2,91,32,60,180,3,5
1142,9,107,9,1,3,2,98,23,180,300,3,5
1143,7,579,9,1,3,2,46,100,180,300,3,5
1144,4,219,4,2,3,2,23,65,420,540,3,5
1145,14,242,14,2,3,1,14,73,420,540,3,5
1146,11,14,11,1,3,3,45,13,60,180,4,5
1147,8,113,9,2,3,2,49,63,300,420,3,5
1148,5,12,5,1,3,3,99,67,60,180,4,5
1149,9,276,10,1,3,1,47,85,0,300,3,5
1150,13,425,14,2,3,1,89,30,60,180,2,5
1151,7,435,9,2,3,3,37,65,420,540,2,5
1152,4,373,5,1,3,3,45,43,60,180,1,5
1153,11,554,12,1,3,1,47,71,180,300,4,5
1154,3,233,5,1,3,2,77,57,60,180,1,5
1155,9,70,9,1,3,3,4,63,180,300,1,5
1156,10,94,10,2,3,1,17,7,180,300,2,5
1157,12,441,13,2,3,1,41,1,0,300,3,5
1158,9,447,11,1,3,2,55,22,0,300,3,5
1159,11,254,11,2,3,3,24,68,420,540,1,5
1160,9,454,11,1,3,2,84,5,180,300,2,5
1161,1,421,2,1,3,2,98,76,60,180,1,5
1162,11,111,11,1,3,1,54,72,180,300,4,5
1163,10,16,11,1,3,2,27,42,180,300,1,5
1164,3,281,3,2,3,2,100,64,420,540,1,5
1165,14,517,15,1,3,1,81,7,180,300,1,5
1166,13,568,15,2,3,2,43,80,0,300,3,5
1167,14,339,14,2,3,3,95,28,420,540,1,5
1168,4,154,5,1,3,2,16,61,180,300,3,5
1169,11,198,12,2,3,3,82,74,0,300,2,5
1170,10,46,11,1,3,3,72,37,60,180,2,5
1171,13,533,14,1,3,3,99,10,180,300,1,5
1172,10,215,10,2,3,1,29,99,420,540,2,5
1173,6,148,6,1,3,3,77,77,180,300,1,5
1174,9,2,10,1,3,2,66,2,0,300,4,5
1175,1,454,3,1,3,3,53,23,180,300,1,5
1176,10,289,11,2,3,2,64,5,0,300,4,5
1177,12,203,12,2,3,1,56,1,300,420,1,5
1178,9,127,9,2,3,2,1,30,420,540,3,5
1179,1,415,1,2,3,1,88,85,420,540,1,5
1180,4,361,4,2,3,1,14,87,420,540,4,5
1181,11,192,13,1,3,2,92,39,60,180,3,5
1182,10,533,12,1,3,3,7,89,60,180,4,5
1183,8,197,9,2,3,1,54,37,0,300,1,5
1184,9,289,10,2,3,3,33,90,0,300,4,5
1185,8,188,9,1,3,3,83,46,0,300,4,5
1186,14,586,16,1,3,3,10,50,0,300,2,5
1187,12,63,12,1,3,1,91,51,180,300,4,5
1188,12,505,13,1,3,1,51,92,180,300,3,5
1189,11,194,13,2,3,2,63,58,180,300,3,5
1190,1,379,1,2,3,1,82,37,420,540,2,5
1191,6,80,6,1,3,3,19,50,180,300,1,5
1192,9,236,9,2,3,3,36,90,300,420,3,5
1193,9,521,10,1,3,2,83,97,0,300,3,5
1194,10,412,10,2,3,3,28,54,420,540,2,5
1195,9,495,11,1,3,1,1,54,60,180,3,5
1196,1,377,2,1,3,1,98,37,60,180,1,5
1197,10,115,10,1,3,2,86,48,180,300,3,5
1198,8,443,9,2,3,2,12,86,180,300,4,5
1199,8,560,9,1,3,3,72,88,0,300,1,5
1200,10,376,10,2,3,1,84,85,420,540,4,5
1201,2,359,4,1,3,1,82,33,60,180,3,5
1202,13,205,13,2,3,3,80,25,300,420,1,5
1203,2,14,2,1,3,3,30,61,60,180,3,5
1204,2,211,2,2,3,2,48,20,420,540,3,5
1205,9,594,10,1,3,2,100,11,180,300,3,5
1206,10,189,11,2,3,3,98,1,300,420,4,5
1207,9,358,10,1,3,3,8,31,60,180,2,5
1208,2,115,3,1,3,2,31,32,180,300,3,5
1209,6,70,7,2,3,1,79,23,60,180,4,5
1210,11,5,11,1,3,3,53,48,60,180,4,5
1211,8,302,8,2,3,2,49,65,420,540,2,5
1212,13,512,15,2,3,2,11,72,60,180,3,5
1213,13,471,15,1,3,3,87,92,180,300,2,5
1214,2,76,3,1,3,3,38,35,60,180,4,5
1215,4,394,4,2,3,2,42,92,420,540,1,5
1216,11,158,12,1,3,2,47,26,0,300,1,5
1217,4,323,5,1,3,1,66,22,60,180,3,5
1218,2,294,3,1,3,2,22,78,0,300,3,5
1219,10,242,10,2,3,1,81,28,300,420,1,5
1220,2,510,3,1,3,3,49,75,0,300,2,5
1221,9,441,10,1,3,2,13,87,0,300,4,5
1222,8,246,9,1,3,2,74,26,180,300,4,5
1223,4,404,4,2,3,3,83,98,420,540,4,5
1224,4,93,5,2,3,1,24,52,420,540,1,5
1225,9,570,10,1,3,3,41,47,0,300,1,5
1226,1,530,3,1,3,1,26,9,180,300,4,5
1227,1,10,2,1,3,1,72,84,60,180,4,5
1228,8,90,10,1,3,3,16,81,0,300,4,5
1229,13,484,15,1,3,3,35,68,60,180,3,5
1230,7,12,7,1,3,1,95,39,60,180,2,5
1231,1,524,3,1,3,3,33,42,60,180,4,5
1232,1,255,1,2,3,3,83,87,300,600,2,5
1233,4,245,5,2,3,1,68,18,0,300,3,5
1234,8,354,9,2,3,2,19,7,300,420,2,5
1235,6,219,6,2,3,3,97,62,300,420,3,5
1236,1,18,2,2,3,2,98,50,180,300,2,5
1237,11,427,12,2,3,2,70,22,420,540,3,5
1238,7,436,8,2,3,3,71,4,180,300,3,5
1239,9,103,9,1,3,2,96,34,180,300,4,5
1240,6,417,7,2,3,2,74,55,420,540,2,5
1241,4,582,6,2,3,2,9,79,180,300,3,5
1242,2,489,3,1,3,2,20,67,180,300,2,5
1243,7,76,7,1,3,3,24,35,180,300,2,5
1244,8,309,9,1,3,2,31,12,0,300,4,5
1245,13,23,13,1,3,2,46,19,60,180,3,5
1246,11,489,12,1,3,3,26,78,0,300,2,5
1247,7,102,7,2,3,1,36,76,180,300,2,5
1248,10,227,10,2,3,1,34,83,420,540,3,5
1249,13,317,14,2,3,1,77,54,180,300,3,5
1250,5,206,6,1,3,3,84,92,60,180,1,5
1251,14,370,14,2,3,1,69,94,420,540,1,5
1252,7,202,7,2,3,1,33,81,300,420,2,5
1253,4,493,5,1,3,1,30,1,60,180,2,5
1254,7,352,7,2,3,1,91,49,420,540,1,5
1255,6,263,6,2,3,3,80,37,420,540,2,5
1256,14,294,14,2,3,1,100,36,420,540,2,5
1257,13,76,13,1,3,2,61,71,180,300,2,5
1258,14,121,14,2,3,2,72,86,180,300,1,5
1259,14,42,15,1,3,2,53,35,60,180,3,5
1260,4,167,4,1,3,3,50,64,180,300,2,5
1261,9,417,10,1,3,1,45,6,60,180,1,5
1262,10,418,10,2,3,2,84,95,420,540,4,5
1263,8,271,9,2,3,1,82,96,0,300,1,5
1264,7,277,8,1,3,1,8,50,180,300,3,5
1265,14,325,14,2,3,2,82,41,420,540,2,5
1266,4,337,5,2,3,1,84,35,420,540,3,5
1267,9,184,10,1,3,2,44,66,60,180,4,5
1268,3,526,5,1,3,3,15,17,180,300,2,5
1269,1,455,2,1,3,2,84,74,180,300,1,5
1270,3,293,3,2,3,3,48,67,300,420,4,5
1271,9,148,9,2,3,1,95,25,300,600,1,5
1272,14,424,15,2,3,2,63,81,300,600,3,5
1273,2,491,3,2,3,3,46,17,180,300,4,5
1274,9,134,10,2,3,3,73,42,60,180,4,5
1275,8,477,9,1,3,2,16,15,60,180,2,5
1276,9,214,9,2,3,1,57,48,420,540,3,5
1277,13,207,13,2,3,2,0,4,300,420,3,5
1278,5,450,6,1,3,1,19,50,60,180,3,5
1279,14,28,14,1,3,1,43,83,60,180,4,5
1280,7,192,8,1,3,1,13,4,180,300,2,5
1281,4,164,4,1,3,3,1,94,180,300,3,5
1282,13,384,13,2,3,3,33,12,420,540,4,5
1283,4,69,4,1,3,2,67,16,180,300,1,5
1284,4,201,4,2,3,2,38,7,420,540,1,5
1285,8,182,8,2,3,2,60,55,420,540,2,5
1286,10,102,10,2,3,3,29,38,420,540,2,5
1287,9,574,11,1,3,2,1,85,0,300,2,5
1288,11,597,13,1,3,1,68,98,0,300,3,5
1289,11,22,11,2,3,1,87,97,180,300,2,5
1290,7,291,7,2,3,2,41,89,420,540,3,5
1291,10,576,11,1,3,2,37,4,60,180,1,5
1292,14,163,15,1,3,1,42,9,180,300,3,5
1293,10,440,12,2,3,1,87,12,420,540,1,5
1294,4,268,4,2,3,2,39,52,420,540,4,5
1295,10,216,10,2,3,1,64,38,420,540,2,5
1296,1,54,2,1,3,1,39,38,60,180,1,5
1297,4,28,4,1,3,3,5,85,60,180,4,5
1298,1,16,1,2,3,2,45,4,60,180,4,5
1299,10,456,12,1,3,3,55,92,0,300,2,5
1300,14,350,15,2,3,1,53,96,180,300,3,5
1301,9,51,9,2,3,2,0,12,0,300,3,5
1302,12,384,12,2,3,1,41,40,420,540,1,5
1303,14,231,14,2,3,1,6,31,420,540,3,5
1304,12,185,12,2,3,2,72,98,300,420,2,5
1305,7,183,7,2,3,1,76,64,300,600,2,5
1306,7,446,8,1,3,1,85,25,60,180,4,5
1307,13,330,13,2,3,2,58,28,420,540,1,5
1308,9,73,10,1,3,3,90,7,0,300,4,5
1309,5,526,6,1,3,2,71,49,180,300,1,5
1310,5,378,5,2,3,3,99,57,420,540,4,5
1311,8,275,8,2,3,3,66,26,420,540,1,5
1312,12,204,12,2,3,3,84,22,300,420,3,5
1313,2,356,3,1,3,2,23,15,180,300,1,5
1314,13,299,14,2,3,1,62,63,420,540,4,5
1315,14,131,14,1,3,2,33,39,180,300,1,5
1316,13,388,14,2,3,1,3,55,420,540,4,5
1317,3,479,4,1,3,1,82,44,180,300,1,5
1318,4,537,5,2,3,2,75,10,0,300,2,5
1319,13,409,13,2,3,1,80,72,420,540,3,5
1320,9,489,10,1,3,1,86,38,0,300,4,5
1321,1,333,1,2,3,3,34,71,420,540,3,5
1322,8,183,8,2,3,1,59,93,420,540,2,5
1323,4,564,6,2,3,1,99,36,420,540,1,5
1324,14,207,16,1,3,3,46,32,60,180,2,5
1325,10,546,11,2,3,2,58,49,60,180,1,5
1326,3,380,4,1,3,3,63,38,180,300,2,5
1327,2,468,4,2,3,3,42,64,60,180,4,5
1328,9,212,9,2,3,1,5,40,300,600,1,5
1329,14,297,15,1,3,1,53,43,0,300,1,5
1330,9,358,10,1,3,2,32,60,180,300,1,5
1331,6,178,6,1,3,3,5,61,180,300,1,5
1332,13,310,15,2,3,3,5,56,180,300,1,5
1333,6,600,7,2,3,3,48,10,300,600,2,5
1334,14,100,14,2,3,3,87,65,300,420,4,5
1335,7,2,7,1,3,1,21,72,60,180,2,5
1336,11,365,12,1,3,2,100,31,0,300,1,5
1337,3,179,4,2,3,2,100,34,0,300,3,5
1338,8,162,8,2,3,2,21,19,420,540,2,5
1339,14,586,15,2,3,2,80,86,0,300,2,5
1340,5,194,5,2,3,1,23,16,300,420,3,5
1341,1,599,3,2,3,1,41,81,0,300,1,5
1342,9,93,9,2,3,1,32,28,180,300,2,5
1343,7,145,7,2,3,2,45,59,300,600,3,5
1344,1,79,2,1,3,2,12,54,180,300,3,5
1345,7,313,9,1,3,2,67,47,60,180,2,5
1346,7,551,8,2,3,3,93,16,180,300,3,5
1347,4,418,4,2,3,2,58,49,420,540,4,5
1348,4,169,4,2,3,3,85,45,420,540,4,5
1349,7,519,8,1,3,2,37,37,0,300,1,5
1350,13,252,13,2,3,2,2,69,420,540,1,5
1351,11,559,13,1,3,3,23,8,60,180,4,5
1352,3,304,3,2,3,3,59,61,420,540,1,5
1353,3,101,3,1,3,2,29,81,180,300,4,5
1354,8,510,10,1,3,2,80,39,60,180,1,5
1355,1,97,1,2,3,1,59,39,180,300,2,5
1356,7,60,7,2,3,1,98,80,300,420,2,5
1357,2,464,4,1,3,1,35,70,60,180,4,5
1358,11,286,11,2,3,1,19,63,300,420,2,5
1359,10,136,10,2,3,1,51,69,180,300,3,5
1360,13,130,13,1,3,2,65,29,180,300,3,5
1361,12,145,12,2,3,3,21,41,300,420,4,5
1362,13,414,13,2,3,1,55,37,420,540,1,5
1363,8,373,9,2,3,3,30,18,180,300,1,5
1364,5,363,5,2,3,2,80,79,420,540,4,5
1365,4,551,6,1,3,1,42,36,180,300,3,5
1366,1,97,2,1,3,3,22,18,180,300,1,5
1367,11,316,11,2,3,2,58,33,420,540,3,5
1368,12,124,13,2,3,2,38,40,180,300,4,5
1369,9,102,9,2,3,2,10,51,420,540,2,5
1370,3,424,4,2,3,1,28,35,180,300,4,5
1371,10,233,11,1,3,2,7,90,180,300,4,5
1372,4,223,5,1,3,1,5,68,0,300,4,5
1373,8,578,9,2,3,2,57,37,300,600,2,5
1374,12,594,13,1,3,2,12,95,0,300,2,5
1375,6,51,6,1,3,3,97,52,60,180,2,5
1376,1,170,1,1,3,3,1,83,180,300,4,5
1377,7,485,8,1,3,3,78,16,180,300,3,5
1378,10,463,11,1,3,3,80,14,0,300,1,5
1379,11,391,11,2,3,3,85,80,420,540,2,5
1380,1,1,1,1,3,1,43,83,60,180,2,5
1381,1,59,2,1,3,2,0,22,0,300,2,5
1382,3,269,4,2,3,1,0,68,60,180,4,5
1383,9,266,9,2,3,3,61,16,420,540,2,5
1384,3,243,3,2,3,2,54,96,420,540,2,5
1385,4,559,5,1,3,1,88,5,60,180,2,5
1386,6,185,6,2,3,1,22,76,300,420,2,5
1387,11,209,11,2,3,3,54,92,420,540,3,5
1388,4,230,4,2,3,3,24,69,420,540,2,5
1389,14,3,14,1,3,3,36,6,60,180,1,5
1390,7,301,8,1,3,1,87,77,180,300,3,5
1391,13,63,13,1,3,3,57,30,180,300,3,5
1392,1,61,1,1,3,1,52,62,180,300,3,5
1393,7,125,7,2,3,1,42,40,420,540,3,5
1394,3,466,5,1,3,1,47,81,0,300,1,5
1395,9,154,9,2,3,3,37,95,300,420,1,5
1396,9,90,10,1,3,2,93,5,60,180,1,5
1397,1,107,3,1,3,2,62,40,60,180,3,5
1398,3,505,4,1,3,3,5,6,60,180,3,5
1399,14,130,14,1,3,2,74,54,180,300,3,5
1400,6,411,6,2,3,1,79,26,420,540,2,5
1401,10,139,11,1,3,1,97,16,180,300,4,5
1402,1,104,1,1,3,3,53,100,180,300,3,5
1403,9,583,10,1,3,2,48,21,180,300,3,5
1404,13,368,13,2,3,2,78,17,420,540,3,5
1405,4,359,4,2,3,1,45,41,420,540,2,5
1406,3,498,4,1,3,2,93,43,60,180,1,5
1407,4,348,4,2,3,2,57,81,420,540,2,5
1408,9,460,11,2,3,1,84,66,60,180,3,5
1409,5,506,6,2,3,1,81,56,300,600,4,5
1410,14,340,14,2,3,3,64,78,420,540,3,5
1411,14,516,15,1,3,1,77,100,60,180,4,5
1412,12,339,12,2,3,2,24,79,420,540,3,5
1413,2,46,2,1,3,3,55,30,60,180,1,5
1414,7,92,7,1,3,3,27,42,180,300,2,5
1415,3,173,3,2,3,1,41,53,300,600,4,5
1416,3,268,3,2,3,1,2,16,300,600,1,5
1417,10,386,10,2,3,1,76,38,420,540,3,5
1418,5,3,7,1,3,3,84,84,180,300,4,5
1419,6,431,8,1,3,1,18,14,60,180,1,5
1420,4,403,4,2,3,1,17,68,420,540,1,5
1421,6,426,8,1,3,2,96,49,0,300,3,5
1422,1,91,2,2,3,3,7,98,180,300,4,5
1423,13,173,14,1,3,1,65,76,60,180,4,5
1424,6,281,7,2,3,3,37,53,420,540,2,5
1425,1,89,2,1,3,3,99,87,180,300,3,5
1426,2,220,3,1,3,2,51,83,0,300,3,5
1427,2,354,3,2,3,2,2,18,60,180,1,5
1428,2,42,2,1,3,1,5,58,60,180,3,5
1429,9,27,9,1,3,1,51,70,60,180,3,5
1430,14,525,16,1,3,3,63,17,180,300,4,5
1431,5,8,5,2,3,2,74,95,420,540,1,5
1432,8,52,8,2,3,2,76,35,0,300,1,5
1433,2,341,2,2,3,1,90,33,420,540,4,5
1434,4,499,6,1,3,3,64,51,0,300,1,5
1435,14,325,14,2,3,3,45,40,420,540,2,5
1436,7,66,7,1,3,2,4,58,180,300,3,5
1437,1,355,1,2,3,1,82,65,420,540,3,5
1438,6,211,7,1,3,2,94,79,60,180,1,5
1439,12,289,12,2,3,3,72,81,420,540,4,5
1440,3,319,3,2,3,3,50,44,420,540,4,5
1441,11,106,11,2,3,2,80,62,420,540,3,5
1442,6,103,6,1,3,2,34,98,180,300,1,5
1443,3,509,5,1,3,2,69,42,0,300,4,5
1444,7,248,8,1,3,3,13,7,0,300,4,5
1445,14,469,16,1,3,3,17,72,0,300,3,5
1446,14,231,14,2,3,1,50,24,300,420,4,5
1447,12,483,14,1,3,2,6,16,180,300,4,5
1448,12,105,12,1,3,1,5,66,180,300,3,5
1449,9,29,9,1,3,1,75,61,60,180,1,5
1450,12,226,12,2,3,2,19,22,300,600,3,5
1451,11,323,11,2,3,3,27,13,420,540,4,5
1452,9,383,10,1,3,2,74,99,0,300,4,5
1453,14,236,16,1,3,3,71,5,60,180,3,5
1454,3,394,5,2,3,2,52,27,0,300,1,5
1455,9,486,11,1,3,2,39,25,180,300,4,5
1456,4,248,5,1,3,1,90,38,60,180,3,5
1457,2,523,3,2,3,2,84,30,0,300,4,5
1458,9,592,11,1,3,3,52,7,0,300,2,5
1459,13,589,14,2,3,3,40,97,420,540,4,5
1460,14,284,15,1,3,3,41,9,0,300,4,5
1461,9,326,10,1,3,1,76,60,180,300,3,5
1462,12,499,13,1,3,3,35,34,180,300,2,5
1463,14,163,14,1,3,2,92,100,180,300,2,5
1464,2,16,3,2,3,2,2,100,180,300,4,5
1465,5,373,7,2,3,1,80,77,180,300,1,5
1466,13,358,13,2,3,2,43,92,420,540,1,5
1467,4,429,5,1,3,1,18,60,60,180,4,5
1468,12,46,14,2,3,1,36,5,0,300,4,5
1469,1,209,1,2,3,3,69,11,420,540,4,5
1470,4,6,5,1,3,2,96,92,0,300,2,5
1471,7,190,8,1,3,2,94,82,60,180,2,5
1472,5,31,5,1,3,1,43,69,60,180,2,5
1473,10,473,11,2,3,2,50,45,60,180,3,5
1474,6,98,7,2,3,3,18,61,180,300,3,5
1475,2,51,2,2,3,1,90,77,180,300,2,5
1476,9,165,10,1,3,1,99,69,60,180,3,5
1477,4,437,5,1,3,3,94,21,0,300,3,5
1478,11,99,11,2,3,3,45,0,300,420,4,5
1479,5,312,5,2,3,1,80,75,420,540,2,5
1480,14,392,15,2,3,3,7,74,300,600,2,5
1481,6,137,6,2,3,2,31,66,420,540,1,5
1482,4,172,4,1,3,3,67,31,180,300,3,5
1483,5,224,5,2,3,3,46,48,300,600,1,5
1484,7,128,7,2,3,1,7,79,300,600,2,5
1485,12,479,14,2,3,1,22,50,180,300,3,5
1486,14,24,14,1,3,3,99,33,60,180,1,5
1487,11,557,13,2,3,1,72,87,420,540,4,5
1488,3,97,3,1,3,1,48,76,180,300,4,5
1489,6,599,8,2,3,1,4,75,300,600,1,5
1490,5,132,7,1,3,1,97,92,180,300,2,5
1491,14,279,15,2,3,1,19,55,180,300,3,5
1492,9,192,10,1,3,2,52,38,60,180,4,5
1493,6,355,7,1,3,1,16,79,180,300,4,5
1494,5,523,7,1,3,3,72,6,60,180,4,5
1495,6,478,7,2,3,1,97,80,180,300,3,5
1496,10,99,10,1,3,2,99,0,180,300,4,5
1497,14,20,14,1,3,3,4,40,60,180,4,5
1498,2,16,2,2,3,3,59,100,420,540,2,5
1499,7,135,7,1,3,1,46,19,180,300,4,5
1500,14,303,14,2,3,2,75,26,420,540,2,5
1501,9,537,10,1,3,2,34,1,0,300,1,5
1502,3,217,4,1,3,3,90,39,180,300,4,5
1503,10,352,10,2,3,1,81,95,420,540,2,5
1504,5,506,7,1,3,1,5,58,60,180,3,5
1505,3,297,3,2,3,2,28,55,300,420,3,5
1506,1,373,1,2,3,2,3,97,420,540,1,5
1507,11,458,12,1,3,1,70,11,0,300,2,5
1508,1,78,2,1,3,1,5,70,0,300,1,5
1509,8,561,10,1,3,3,76,96,180,300,3,5
1510,14,285,15,1,3,1,26,1,0,300,3,5
1511,2,236,2,2,3,2,7,8,300,600,3,5
1512,9,103,9,1,3,3,39,87,180,300,3,5
1513,14,229,15,2,3,1,2,52,180,300,3,5
1514,6,182,6,2,3,3,48,34,300,600,3,5
1515,4,432,6,1,3,1,57,19,60,180,3,5
1516,11,469,13,2,3,3,46,6,420,540,2,5
1517,5,541,6,2,3,2,47,64,60,180,1,5
1518,7,86,7,1,3,3,31,34,180,300,4,5
1519,9,314,10,1,3,3,8,45,0,300,2,5
1520,5,323,6,2,3,3,2,79,300,420,3,5
1521,4,599,6,2,3,1,13,88,420,540,3,5
1522,14,213,15,1,3,2,67,20,180,300,4,5
1523,12,521,14,1,3,3,36,11,180,300,2,5
1524,12,303,12,2,3,2,33,18,420,540,2,5
1525,11,569,13,1,3,3,92,60,180,300,4,5
1526,5,502,7,1,3,1,88,83,0,300,4,5
1527,7,384,8,1,3,1,80,94,180,300,4,5
1528,7,415,8,2,3,1,45,62,420,540,3,5
1529,10,595,12,2,3,1,76,28,180,300,2,5
1530,10,417,12,1,3,1,32,8,60,180,3,5
1531,7,573,8,2,3,1,33,34,300,600,1,5
1532,12,376,12,2,3,1,74,17,420,540,2,5
1533,7,454,8,2,3,2,2,100,0,300,1,5
1534,8,557,9,1,3,3,41,92,180,300,4,5
1535,11,97,11,1,3,1,8,5,180,300,2,5
1536,1,569,2,1,3,3,48,9,60,180,3,5
1537,9,347,10,1,3,3,52,59,60,180,2,5
1538,10,172,11,2,3,2,4,43,180,300,3,5
1539,14,498,15,2,3,3,34,94,420,540,4,5
1540,3,93,3,1,3,3,56,17,180,300,3,5
1541,12,17,12,2,3,1,21,79,420,540,4,5
1542,7,183,9,1,3,3,81,50,60,180,1,5
1543,11,46,11,1,3,2,73,18,60,180,1,5
1544,2,81,3,1,3,1,20,35,60,180,1,5
1545,9,457,11,1,3,2,65,30,0,300,2,5
1546,5,338,5,2,3,3,63,93,420,540,2,5
1547,11,509,12,2,3,2,90,87,60,180,1,5
1548,4,309,5,1,3,3,8,33,60,180,2,5
1549,13,93,13,1,3,2,23,10,180,300,2,5
1550,4,553,6,1,3,3,51,25,180,300,1,5
1551,2,559,4,2,3,1,11,51,420,540,4,5
1552,8,581,9,1,3,2,2,68,0,300,3,5
1553,12,420,13,1,3,3,85,33,0,300,1,5
1554,6,455,7,2,3,2,79,68,0,300,3,5
1555,1,134,3,2,3,2,49,50,60,180,3,5
1556,7,183,9,1,3,3,90,16,60,180,3,5
1557,12,305,12,2,3,1,66,1,420,540,2,5
1558,2,480,3,1,3,1,71,79,0,300,2,5
1559,5,556,7,1,3,2,70,68,0,300,3,5
1560,12,298,12,2,3,1,56,80,300,420,4,5
1561,11,592,13,1,3,1,91,91,0,300,2,5
1562,4,322,5,2,3,1,29,46,0,300,4,5
1563,14,500,15,2,3,2,74,60,420,540,2,5
1564,9,476,10,1,3,2,66,19,60,180,1,5
1565,4,539,6,1,3,1,68,3,60,180,1,5
1566,3,333,3,2,3,1,53,70,420,540,2,5
1567,7,455,9,2,3,3,60,89,60,180,1,5
1568,9,216,9,2,3,2,67,68,420,540,2,5
1569,1,212,1,2,3,2,22,11,420,540,3,5
1570,13,56,14,1,3,3,51,65,60,180,2,5
1571,2,555,4,2,3,2,61,51,180,300,1,5
1572,7,565,8,1,3,2,100,44,0,300,4,5
1573,12,77,12,2,3,3,59,49,420,540,4,5
1574,7,62,8,2,3,3,16,43,180,300,2,5
1575,9,354,10,2,3,3,49,36,300,600,2,5
1576,11,268,13,2,3,3,100,62,300,420,2,5
1577,9,296,9,2,3,3,66,7,420,540,4,5
1578,11,100,11,2,3,2,8,19,420,540,4,5
1579,11,224,11,2,3,1,89,78,300,600,2,5
1580,9,426,10,1,3,2,10,77,60,180,1,5
1581,2,273,3,1,3,3,22,31,180,300,3,5
1582,14,278,15,2,3,3,0,25,0,300,3,5
1583,12,418,13,1,3,3,97,91,60,180,3,5
1584,12,260,12,2,3,2,13,42,420,540,2,5
1585,11,450,13,2,3,3,55,23,300,420,1,5
1586,13,523,15,2,3,3,95,66,60,180,3,5
1587,13,372,14,1,3,2,50,86,60,180,1,5
1588,8,448,10,1,3,1,43,22,60,180,4,5
1589,14,245,14,2,3,1,32,73,420,540,1,5
1590,3,450,5,1,3,2,15,93,180,300,2,5
1591,6,600,8,2,3,2,75,74,60,180,1,5
1592,3,173,4,1,3,1,72,13,180,300,1,5
1593,12,394,12,2,3,1,26,26,420,540,3,5
1594,6,579,8,1,3,1,77,55,60,180,3,5
1595,2,85,2,1,3,2,32,97,180,300,3,5
1596,8,334,8,2,3,3,42,80,420,540,4,5
1597,6,366,7,1,3,3,35,31,180,300,4,5
1598,7,57,8,1,3,3,14,36,60,180,3,5
1599,3,536,4,1,3,1,70,94,180,300,1,5
1600,2,136,2,1,3,3,15,32,180,300,3,5
1601,2,449,4,1,3,1,20,72,180,300,1,5
1602,2,82,2,1,3,1,93,57,180,300,1,5
1603,9,101,10,2,3,1,94,49,180,300,1,5
1604,5,430,6,2,3,3,86,44,180,300,1,5
1605,4,433,6,2,3,1,88,31,180,300,4,5
1606,3,161,5,1,3,1,99,65,0,300,2,5
1607,6,252,6,2,3,3,35,28,420,540,4,5
1608,5,42,5,1,3,1,5,28,60,180,4,5
1609,10,491,12,1,3,1,83,53,0,300,3,5
1610,2,522,4,1,3,2,63,70,60,180,2,5
1611,4,126,4,2,3,3,58,95,420,540,3,5
1612,8,47,9,1,3,1,96,68,0,300,1,5
1613,12,18,12,1,3,3,68,46,60,180,4,5
1614,8,412,8,2,3,1,12,91,420,540,3,5
1615,9,98,9,1,3,1,68,5,180,300,1,5
1616,11,436,12,1,3,2,69,78,180,300,1,5
1617,5,468,7,1,3,3,13,52,0,300,1,5
1618,14,81,14,1,3,2,91,64,180,300,1,5
1619,12,277,13,2,3,3,37,95,60,180,4,5
1620,8,323,8,2,3,1,44,78,420,540,3,5
1621,14,169,14,2,3,2,42,98,420,540,3,5
1622,2,183,2,2,3,2,64,35,420,540,4,5
1623,7,42,8,2,3,1,25,77,420,540,4,5
1624,12,135,12,2,3,3,22,67,420,540,4,5
1625,11,398,11,2,3,2,85,53,420,540,2,5
1626,5,600,7,2,3,2,84,19,300,600,2,5
1627,13,426,14,1,3,2,61,36,180,300,4,5
1628,10,511,12,2,3,2,94,57,0,300,1,5
1629,6,146,6,1,3,2,25,75,180,300,1,5
1630,7,438,9,1,3,2,29,30,0,300,4,5
1631,14,559,16,1,3,3,88,4,60,180,2,5
1632,14,438,16,2,3,1,29,12,180,300,2,5
1633,14,10,14,2,3,2,56,73,300,600,1,5
1634,7,103,7,2,3,1,99,11,420,540,4,5
1635,14,218,15,1,3,2,28,26,0,300,1,5
1636,14,482,16,2,3,2,57,25,0,300,2,5
1637,7,289,7,2,3,1,8,22,420,540,4,5
1638,5,48,5,1,3,2,69,4,60,180,4,5
1639,5,549,7,1,3,3,68,98,60,180,1,5
1640,7,414,8,1,3,1,49,98,180,300,3,5
1641,4,182,4,2,3,3,32,2,420,540,4,5
1642,8,390,10,1,3,3,82,58,180,300,2,5
1643,3,386,3,2,3,2,51,63,420,540,3,5
1644,4,420,4,2,3,1,57,46,420,540,4,5
1645,5,184,5,2,3,3,24,10,420,540,4,5
1646,13,247,14,2,3,3,31,5,0,300,3,5
1647,8,51,9,1,3,2,55,80,0,300,2,5
1648,7,513,8,1,3,3,64,49,180,300,2,5
1649,10,407,10,2,3,3,83,57,420,540,2,5
1650,6,42,6,1,3,2,50,21,60,180,2,5
1651,6,536,8,1,3,3,76,91,60,180,4,5
1652,7,317,7,2,3,1,15,54,420,540,1,5
1653,14,84,16,1,3,2,58,78,180,300,4,5
1654,3,361,4,2,3,2,6,60,180,300,1,5
1655,5,458,6,1,3,3,62,22,180,300,1,5
1656,11,432,12,2,3,1,90,94,420,540,1,5
1657,12,274,12,2,3,3,86,86,300,420,1,5
1658,9,516,10,1,3,2,35,94,180,300,2,5
1659,5,259,5,2,3,3,84,5,300,420,2,5
1660,2,166,3,1,3,1,51,40,60,180,2,5
1661,10,345,11,1,3,2,60,71,60,180,3,5
1662,2,6,3,2,3,2,46,81,420,540,4,5
1663,3,143,4,2,3,2,83,19,180,300,1,5
1664,2,97,2,1,3,1,53,55,180,300,3,5
1665,6,70,7,1,3,3,67,58,0,300,4,5
1666,8,366,8,2,3,3,70,72,420,540,1,5
1667,3,516,4,1,3,1,91,99,180,300,2,5
1668,5,324,5,2,3,1,70,28,420,540,3,5
1669,3,53,4,1,3,3,54,0,0,300,1,5
1670,2,374,4,1,3,2,25,23,60,180,2,5
1671,9,14,9,1,3,3,1,25,60,180,1,5
1672,1,203,1,2,3,3,26,32,300,420,1,5
1673,3,297,3,2,3,2,8,38,300,420,4,5
1674,8,84,9,1,3,3,79,23,60,180,3,5
1675,10,479,12,1,3,1,39,28,60,180,4,5
1676,7,184,7,2,3,3,35,67,300,600,4,5
1677,2,351,2,2,3,1,2,36,420,540,1,5
1678,6,258,7,2,3,2,7,9,60,180,3,5
1679,3,415,4,2,3,2,88,97,300,600,2,5
1680,3,451,5,2,3,1,1,27,300,600,4,5
1681,5,6,6,1,3,3,60,35,60,180,4,5
1682,9,341,10,2,3,1,22,99,60,180,1,5
1683,2,574,4,1,3,1,72,45,60,180,3,5
1684,5,368,5,2,3,1,31,96,420,540,4,5
1685,13,253,14,2,3,3,39,20,300,420,2,5
1686,3,114,3,2,3,1,78,68,300,600,3,5
1687,5,194,6,2,3,1,87,44,420,540,4,5
1688,6,220,6,2,3,1,70,69,300,420,4,5
1689,7,330,7,2,3,2,87,71,420,540,3,5
1690,7,463,8,1,3,1,42,8,60,180,1,5
1691,3,147,4,2,3,3,57,30,60,180,1,5
1692,14,164,14,1,3,2,0,45,180,300,2,5
1693,8,381,8,2,3,3,80,3,420,540,2,5
1694,2,3,3,1,3,1,26,5,0,300,4,5
1695,11,104,11,2,3,1,67,29,180,300,1,5
1696,3,593,4,2,3,2,57,7,420,540,3,5
1697,9,515,11,2,3,1,57,22,60,180,2,5
1698,13,168,13,1,3,1,56,39,180,300,4,5
1699,5,454,7,2,3,3,81,21,60,180,3,5
1700,14,180,14,1,3,3,33,24,180,300,2,5
1701,13,289,13,2,3,3,75,50,300,600,2,5
1702,5,183,5,2,3,3,82,17,420,540,1,5
1703,7,221,8,1,3,1,41,66,0,300,1,5
1704,9,360,9,2,3,2,93,16,420,540,4,5
1705,9,117,9,1,3,1,68,35,180,300,4,5
1706,5,446,7,1,3,3,43,57,0,300,1,5
1707,8,383,8,2,3,2,47,44,420,540,1,5
1708,13,505,14,1,3,2,52,31,60,180,2,5
1709,2,493,3,1,3,3,53,9,60,180,2,5
1710,4,574,6,2,3,2,23,7,180,300,2,5
1711,7,116,7,2,3,1,57,24,180,300,3,5
1712,10,176,11,2,3,2,80,11,420,540,2,5
1713,10,191,11,1,3,3,62,24,180,300,4,5
1714,5,321,5,2,3,3,50,21,420,540,4,5
1715,8,539,10,2,3,2,67,32,180,300,1,5
1716,7,378,8,2,3,1,88,39,420,540,3,5
1717,6,339,7,1,3,2,4,50,0,300,2,5
1718,12,146,12,2,3,1,92,35,420,540,3,5
1719,7,158,8,1,3,3,97,11,0,300,4,5
1720,6,361,6,2,3,1,58,10,420,540,1,5
1721,2,290,4,1,3,1,63,63,60,180,4,5
1722,6,426,7,2,3,3,27,55,60,180,4,5
1723,10,533,12,1,3,3,14,35,0,300,3,5
1724,1,418,1,2,3,2,88,47,420,540,3,5
1725,7,52,8,1,3,1,67,50,0,300,4,5
1726,3,366,3,2,3,3,70,49,420,540,3,5
1727,1,216,1,2,3,3,22,81,420,540,2,5
1728,3,6,3,1,3,1,99,45,60,180,2,5
1729,7,60,7,1,3,3,39,82,180,300,1,5
1730,3,62,5,1,3,3,85,70,0,300,1,5
1731,6,7,6,1,3,1,4,2,60,180,4,5
1732,14,157,15,1,3,3,97,100,180,300,3,5
1733,4,561,5,2,3,3,11,46,180,300,3,5
1734,5,388,5,2,3,1,75,91,420,540,2,5
1735,5,278,5,2,3,1,17,53,420,540,3,5
1736,5,288,6,2,3,2,91,19,60,180,2,5
1737,13,132,14,1,3,3,92,73,180,300,4,5
1738,2,331,2,2,3,1,34,68,420,540,3,5
1739,12,597,14,1,3,1,13,23,60,180,3,5
1740,10,406,11,1,3,2,30,38,180,300,4,5
1741,8,315,9,1,3,3,33,6,0,300,3,5
1742,2,465,3,2,3,1,22,52,420,540,3,5
1743,2,287,2,2,3,1,7,66,300,420,2,5
1744,11,190,12,1,3,3,1,81,180,300,3,5
1745,11,400,11,2,3,1,31,34,420,540,1,5
1746,7,7,8,2,3,3,28,21,180,300,3,5
1747,10,586,11,2,3,2,96,71,60,180,1,5
1748,1,141,2,2,3,2,10,50,0,300,1,5
1749,12,520,14,2,3,1,0,91,180,300,1,5
1750,10,543,12,1,3,3,77,17,0,300,2,5
1751,1,286,1,2,3,1,62,39,300,600,2,5
1752,5,573,6,2,3,3,1,83,300,600,2,5
1753,5,499,6,1,3,1,8,91,0,300,2,5
1754,5,268,5,2,3,2,11,73,420,540,3,5
1755,9,522,10,2,3,1,29,86,300,420,3,5
1756,12,156,12,1,3,2,100,98,180,300,2,5
1757,2,33,3,2,3,1,20,66,0,300,1,5
1758,10,564,11,2,3,1,48,77,300,600,1,5
1759,8,180,8,2,3,1,2,66,420,540,2,5
1760,14,245,14,2,3,1,40,87,300,600,2,5
1761,1,520,3,1,3,1,93,89,60,180,3,5
1762,14,475,16,1,3,1,49,65,60,180,1,5
1763,9,409,9,2,3,2,15,27,420,540,4,5
1764,9,333,9,2,3,3,61,8,420,540,4,5
1765,3,340,3,2,3,1,96,8,420,540,2,5
1766,14,535,15,1,3,3,96,58,180,300,2,5
1767,1,411,1,2,3,1,38,86,420,540,1,5
1768,7,302,8,1,3,1,86,15,0,300,4,5
1769,13,83,13,2,3,1,1,33,300,600,1,5
1770,8,138,9,2,3,2,8,71,300,420,3,5
1771,5,497,6,1,3,1,67,29,60,180,3,5
1772,9,412,9,2,3,3,81,85,420,540,2,5
1773,11,562,12,1,3,3,97,66,180,300,3,5
1774,2,591,3,2,3,2,62,24,60,180,4,5
1775,7,31,7,1,3,2,98,59,60,180,1,5
1776,9,285,9,2,3,3,63,78,300,420,4,5
1777,8,52,8,1,3,3,8,29,60,180,3,5
1778,9,216,10,1,3,1,36,74,0,300,3,5
1779,10,378,11,2,3,3,97,95,0,300,3,5
1780,10,494,12,2,3,3,29,26,300,600,1,5
1781,5,226,7,1,3,2,90,37,0,300,3,5
1782,11,521,13,1,3,1,10,32,0,300,2,5
1783,4,474,6,2,3,1,82,79,180,300,2,5
1784,5,540,6,2,3,3,56,22,180,300,1,5
1785,3,587,5,2,3,2,44,70,300,600,1,5
1786,3,395,3,2,3,3,77,24,420,540,2,5
1787,5,118,5,1,3,3,62,32,180,300,2,5
1788,6,580,8,2,3,3,96,52,0,300,4,5
1789,8,118,8,1,3,1,19,8,180,300,2,5
1790,6,197,7,2,3,3,41,61,0,300,3,5
1791,1,126,2,1,3,1,78,23,180,300,2,5
1792,2,521,4,1,3,1,99,18,60,180,3,5
1793,14,312,14,2,3,1,51,76,420,540,2,5
1794,12,525,14,1,3,1,54,23,60,180,4,5
1795,10,29,10,1,3,3,39,85,60,180,2,5
1796,12,353,13,1,3,1,9,59,60,180,4,5
1797,10,34,12,1,3,3,75,33,60,180,4,5
1798,14,280,14,2,3,1,35,51,420,540,3,5
1799,3,512,4,1,3,1,85,52,0,300,4,5
1800,11,249,11,2,3,3,84,75,420,540,2,5
1801,5,381,6,1,3,3,23,17,0,300,4,5
1802,2,262,3,1,3,2,31,64,60,180,3,5
1803,6,268,6,2,3,2,67,42,420,540,2,5
1804,4,191,4,2,3,3,76,80,300,420,4,5
1805,9,598,11,2,3,1,40,92,180,300,1,5
1806,5,290,5,2,3,2,21,17,300,600,2,5
1807,5,476,6,2,3,1,29,71,0,300,3,5
1808,11,544,12,2,3,3,31,92,0,300,1,5
1809,10,206,10,2,3,1,91,79,300,600,2,5
1810,8,408,8,2,3,2,23,61,420,540,4,5
1811,3,360,4,1,3,1,72,67,0,300,4,5
1812,2,397,2,2,3,2,55,20,420,540,4,5
1813,13,546,14,1,3,3,12,84,60,180,2,5
1814,12,318,12,2,3,2,51,22,420,540,3,5
1815,10,402,10,2,3,1,93,20,420,540,1,5
1816,9,464,11,2,3,2,70,38,180,300,3,5
1817,5,226,6,1,3,3,34,54,180,300,3,5
1818,5,441,6,1,3,3,56,72,0,300,2,5
1819,13,369,14,1,3,1,54,84,0,300,1,5
1820,6,466,8,1,3,2,51,90,180,300,2,5
1821,12,105,13,1,3,2,23,55,0,300,4,5
1822,7,406,8,1,3,3,69,79,0,300,2,5
1823,8,91,9,1,3,1,72,37,60,180,3,5
1824,9,385,9,2,3,3,19,30,420,540,3,5
1825,13,310,14,1,3,3,21,42,0,300,1,5
1826,14,597,15,1,3,3,54,11,180,300,1,5
1827,13,192,14,1,3,2,92,95,180,300,4,5
1828,2,329,2,2,3,2,27,37,420,540,2,5
1829,11,469,12,2,3,2,76,2,0,300,3,5
1830,1,353,1,2,3,1,73,8,420,540,2,5
1831,12,315,13,2,3,2,100,9,420,540,4,5
1832,4,253,4,2,3,2,1,8,420,540,2,5
1833,8,459,10,1,3,3,42,29,60,180,2,5
1834,5,473,7,1,3,3,81,43,180,300,1,5
1835,11,175,12,2,3,3,94,41,60,180,2,5
1836,5,53,6,1,3,2,39,4,0,300,3,5
1837,1,343,2,2,3,1,86,57,60,180,3,5
1838,14,465,15,1,3,2,75,6,60,180,3,5
1839,3,57,3,1,3,2,89,51,60,180,1,5
1840,14,86,14,2,3,3,83,35,420,540,2,5
1841,10,244,10,2,3,3,47,51,420,540,3,5
1842,13,424,14,2,3,3,51,41,0,300,1,5
1843,8,574,10,1,3,2,51,55,180,300,4,5
1844,10,558,12,1,3,2,22,50,180,300,4,5
1845,4,192,4,2,3,3,59,53,420,540,3,5
1846,2,430,3,2,3,1,84,53,420,540,3,5
1847,1,186,1,2,3,2,79,6,420,540,1,5
1848,11,491,13,1,3,2,53,85,60,180,3,5
1849,12,267,12,2,3,2,60,52,300,600,3,5
1850,8,132,9,1,3,2,70,40,60,180,3,5
1851,6,178,7,2,3,3,17,66,420,540,1,5
1852,9,233,9,2,3,1,47,68,420,540,1,5
1853,3,481,4,1,3,2,34,75,0,300,4,5
1854,12,211,12,2,3,1,45,50,300,600,3,5
1855,6,55,6,1,3,3,81,60,60,180,3,5
1856,8,202,9,1,3,3,8,51,60,180,2,5
1857,11,51,11,1,3,2,88,4,60,180,2,5
1858,12,490,14,1,3,3,32,31,180,300,3,5
1859,7,496,8,1,3,1,96,25,180,300,2,5
1860,8,520,10,2,3,2,37,21,180,300,1,5
1861,2,509,4,1,3,2,68,2,0,300,1,5
1862,13,244,14,1,3,2,85,67,60,180,2,5
1863,10,23,10,1,3,3,56,72,60,180,1,5
1864,2,130,3,1,3,2,12,11,60,180,1,5
1865,2,83,2,1,3,1,36,34,180,300,1,5
1866,13,67,14,2,3,3,6,63,300,420,2,5
1867,12,341,12,2,3,3,84,90,420,540,4,5
1868,10,536,12,1,3,2,71,62,0,300,3,5
1869,7,187,9,2,3,2,70,76,60,180,2,5
1870,14,366,15,1,3,3,1,42,180,300,4,5
1871,5,527,6,1,3,3,87,1,180,300,1,5
1872,11,160,12,1,3,3,88,36,60,180,4,5
1873,10,519,12,1,3,2,92,5,180,300,4,5
1874,13,372,13,2,3,2,78,76,420,540,4,5
1875,13,144,15,1,3,3,68,79,180,300,4,5
1876,7,506,9,1,3,3,48,47,0,300,3,5
1877,9,550,10,1,3,3,8,70,180,300,1,5
1878,2,495,4,1,3,3,98,37,180,300,4,5
1879,1,262,2,2,3,2,9,10,180,300,1,5
1880,9,427,10,2,3,3,57,53,300,600,2,5
1881,8,218,8,2,3,2,34,48,420,540,2,5
1882,4,547,5,1,3,1,5,100,60,180,3,5
1883,3,117,3,1,3,3,77,27,180,300,2,5
1884,11,122,11,1,3,1,49,0,180,300,1,5
1885,4,20,4,1,3,1,5,63,60,180,3,5
1886,13,323,13,2,3,3,60,54,420,540,1,5
1887,14,126,14,2,3,2,61,2,420,540,2,5
1888,9,156,9,2,3,2,75,39,420,540,2,5
1889,3,549,5,1,3,2,23,75,0,300,2,5
1890,12,348,12,2,3,3,45,92,420,540,3,5
1891,10,79,10,2,3,1,74,77,300,600,2,5
1892,12,557,13,2,3,3,9,54,60,180,2,5
1893,11,127,11,1,3,3,52,63,180,300,3,5
1894,4,237,6,1,3,2,26,11,60,180,1,5
1895,14,20,15,1,3,2,57,34,0,300,2,5
1896,8,133,8,1,3,2,71,36,180,300,2,5
1897,8,241,8,2,3,1,46,27,300,420,1,5
1898,4,476,5,1,3,2,74,46,60,180,1,5
1899,11,551,13,1,3,3,18,57,180,300,1,5
1900,3,537,4,1,3,2,20,52,60,180,2,5
1901,9,463,10,1,3,3,33,28,60,180,4,5
1902,11,85,12,1,3,3,47,69,0,300,2,5
1903,6,410,6,2,3,3,80,14,420,540,4,5
1904,1,502,3,1,3,3,32,38,60,180,2,5
1905,6,259,6,2,3,1,61,43,420,540,1,5
1906,7,332,9,2,3,2,62,29,300,600,3,5
1907,5,311,6,2,3,3,43,24,0,300,2,5
1908,2,510,4,1,3,2,47,83,180,300,1,5
1909,11,98,11,2,3,2,83,68,420,540,1,5
1910,9,182,9,2,3,2,72,28,420,540,1,5
1911,13,354,14,1,3,2,100,76,180,300,4,5
1912,12,139,12,2,3,3,74,95,300,600,1,5
1913,8,339,9,2,3,1,99,59,60,180,4,5
1914,14,413,15,2,3,2,0,69,180,300,4,5
1915,4,480,5,1,3,2,55,72,60,180,1,5
1916,3,227,3,2,3,2,3,18,300,420,3,5
1917,7,111,7,2,3,2,8,71,420,540,4,5
1918,12,212,12,2,3,1,42,89,420,540,3,5
1919,1,396,1,2,3,3,99,69,420,540,3,5
1920,11,406,12,2,3,1,33,36,300,420,2,5
1921,4,337,4,2,3,2,3,63,420,540,4,5
1922,14,70,14,2,3,2,91,35,300,600,2,5
1923,9,42,9,2,3,1,96,95,60,180,1,5
1924,12,301,12,2,3,1,62,63,420,540,1,5
1925,5,58,5,2,3,2,56,85,60,180,2,5
1926,3,435,5,1,3,3,67,11,0,300,4,5
1927,12,266,12,2,3,1,11,25,300,600,1,5
1928,8,338,8,2,3,3,19,8,420,540,3,5
1929,14,3,15,1,3,1,80,82,180,300,3,5
1930,13,290,13,2,3,3,20,95,300,420,1,5
1931,1,41,3,1,3,2,62,63,180,300,1,5
1932,5,349,5,2,3,2,56,76,420,540,4,5
1933,13,474,14,1,3,1,6,48,180,300,1,5
1934,13,476,14,1,3,2,88,32,60,180,1,5
1935,7,162,7,1,3,1,86,10,180,300,1,5
1936,2,547,3,1,3,2,46,36,0,300,2,5
1937,2,151,3,2,3,3,80,82,420,540,1,5
1938,6,545,8,2,3,1,21,31,420,540,3,5
1939,2,185,3,2,3,1,43,83,60,180,2,5
1940,3,36,3,1,3,1,40,26,60,180,1,5
1941,13,140,14,2,3,2,4,62,0,300,4,5
1942,5,424,7,1,3,2,89,95,180,300,2,5
1943,13,205,14,1,3,1,84,87,0,300,4,5
1944,13,358,14,1,3,2,65,8,60,180,2,5
1945,12,424,13,1,3,1,8,30,0,300,2,5
1946,4,481,5,2,3,2,67,50,300,420,3,5
1947,11,569,13,1,3,2,4,55,0,300,1,5
1948,8,514,9,2,3,3,80,31,60,180,4,5
1949,2,174,2,1,3,3,60,30,180,300,3,5
1950,13,219,13,2,3,3,12,37,300,420,3,5
1951,11,323,11,2,3,2,64,51,420,540,1,5
1952,14,79,15,1,3,2,79,40,180,300,4,5
1953,7,468,8,2,3,1,13,98,300,600,4,5
1954,4,69,4,1,3,1,61,80,180,300,2,5
1955,2,286,2,2,3,1,69,47,420,540,4,5
1956,11,310,12,1,3,1,31,82,180,300,1,5
1957,2,445,4,1,3,3,34,3,0,300,2,5
1958,11,364,11,2,3,2,53,93,420,540,2,5
1959,3,112,3,2,3,2,5,15,420,540,3,5
1960,7,398,7,2,3,2,52,33,420,540,2,5
1961,12,35,12,2,3,3,75,27,300,600,3,5
1962,4,409,4,2,3,3,21,5,420,540,1,5
1963,12,67,12,2,3,1,66,55,420,540,1,5
1964,5,434,7,1,3,3,72,15,60,180,4,5
1965,13,2,14,1,3,3,99,22,180,300,3,5
1966,9,408,9,2,3,1,85,6,420,540,2,5
1967,11,359,12,1,3,1,60,0,0,300,2,5
1968,11,24,11,1,3,3,57,40,60,180,1,5
1969,12,142,13,1,3,1,60,99,0,300,4,5
1970,14,431,16,1,3,2,25,29,0,300,2,5
1971,5,209,5,2,3,3,61,52,300,600,4,5
1972,8,533,9,1,3,3,71,83,180,300,1,5
1973,11,535,13,1,3,2,90,47,60,180,4,5
1974,9,117,10,2,3,1,43,82,60,180,4,5
1975,9,87,9,1,3,3,28,82,180,300,4,5
1976,8,508,10,1,3,1,54,49,180,300,3,5
1977,4,454,6,2,3,3,49,31,420,540,2,5
1978,12,411,12,2,3,3,98,63,420,540,3,5
1979,9,102,9,1,3,1,11,17,180,300,3,5
1980,6,295,6,2,3,3,92,13,300,600,1,5
1981,13,306,13,2,3,1,15,52,420,540,1,5
1982,4,568,5,2,3,3,33,42,300,420,1,5
1983,7,400,7,2,3,1,60,23,420,540,3,5
1984,9,238,10,2,3,1,40,16,0,300,4,5
1985,3,124,4,1,3,1,63,65,0,300,3,5
1986,7,64,7,1,3,1,31,75,180,300,4,5
1987,7,574,8,2,3,1,93,30,0,300,4,5
1988,8,117,9,1,3,1,57,39,0,300,1,5
1989,3,449,5,1,3,3,3,69,0,300,4,5
1990,10,27,10,1,3,3,70,91,60,180,1,5
1991,6,567,7,2,3,3,10,69,300,420,4,5
1992,8,503,9,1,3,3,24,56,0,300,2,5
1993,7,24,8,1,3,3,10,82,180,300,1,5
1994,7,372,7,2,3,3,74,43,420,540,4,5
1995,7,237,7,2,3,2,69,10,420,540,4,5
1996,2,187,2,2,3,2,52,8,300,600,2,5
1997,5,466,6,2,3,2,97,93,60,180,4,5
1998,3,452,5,2,3,3,65,39,60,180,2,5
1999,4,418,5,1,3,2,59,43,60,180,2,5
2000,9,118,9,1,3,2,44,0,180,300,1,5
2001,12,58,12,1,3,1,79,33,60,180,1,5
2002,5,182,5,2,3,3,84,8,300,600,1,5
2003,10,285,11,1,3,1,10,75,0,300,4,5
2004,9,83,10,1,3,1,91,93,0,300,2,5
2005,2,94,2,1,3,3,84,55,180,300,1,5
2006,12,515,14,2,3,1,50,76,0,300,3,5
2007,5,34,6,1,3,2,50,31,60,180,1,5
2008,8,141,9,2,3,3,54,42,60,180,2,5
2009,2,543,4,2,3,2,69,72,180,300,3,5
2010,8,272,9,1,3,2,42,56,0,300,4,5
2011,6,185,7,2,3,3,74,17,300,600,4,5
2012,7,158,7,2,3,2,34,72,180,300,3,5
2013,10,357,10,2,3,3,24,10,420,540,3,5
2014,6,91,6,2,3,2,48,57,180,300,4,5
2015,10,263,10,2,3,3,23,49,420,540,3,5
2016,3,234,4,2,3,1,23,23,180,300,2,5
2017,12,304,13,2,3,1,66,98,60,180,1,5
2018,5,557,7,1,3,2,54,97,0,300,1,5
2019,6,338,7,1,3,2,37,50,180,300,1,5
2020,13,197,13,2,3,3,8,11,300,600,1,5
2021,14,237,15,1,3,1,53,87,0,300,1,5
2022,9,271,9,2,3,1,31,62,300,420,4,5
2023,10,240,11,1,3,1,7,39,60,180,3,5
2024,6,32,6,1,3,2,32,81,60,180,4,5
2025,1,522,2,2,3,1,44,31,0,300,4,5
2026,2,64,2,2,3,1,17,60,300,600,4,5
2027,11,299,12,1,3,2,88,84,60,180,1,5
2028,3,481,5,1,3,1,93,46,180,300,1,5
2029,2,552,4,1,3,3,78,30,60,180,1,5
2030,3,101,4,2,3,3,67,2,420,540,1,5
2031,1,473,2,1,3,2,73,16,180,300,2,5
2032,5,478,7,1,3,3,37,76,60,180,1,5
2033,7,64,8,2,3,2,70,51,420,540,4,5
2034,12,280,13,1,3,2,72,89,180,300,3,5
2035,11,548,12,1,3,3,51,68,0,300,4,5
2036,3,466,5,1,3,3,38,23,0,300,3,5
2037,3,451,5,1,3,3,57,52,0,300,1,5
2038,13,244,15,1,3,1,5,57,0,300,3,5
2039,13,293,13,2,3,3,89,29,300,600,4,5
2040,10,334,10,2,3,2,43,2,420,540,2,5
2041,4,207,4,2,3,1,9,79,420,540,1,5
2042,2,181,2,2,3,2,95,11,420,540,4,5
2043,8,527,9,1,3,3,15,4,180,300,1,5
2044,11,415,11,2,3,1,2,2,420,540,3,5
2045,10,176,10,2,3,1,78,95,420,540,2,5
2046,11,228,12,1,3,1,92,90,60,180,1,5
2047,7,397,8,2,3,1,31,46,180,300,3,5
2048,5,138,6,1,3,2,96,52,180,300,1,5
2049,4,402,5,1,3,1,19,51,60,180,1,5
2050,7,289,7,2,3,2,22,19,300,600,2,5
2051,6,305,6,2,3,1,50,48,420,540,2,5
2052,11,46,11,2,3,2,42,35,0,300,3,5
2053,1,266,1,2,3,1,31,9,420,540,2,5
2054,1,78,1,1,3,3,74,66,180,300,3,5
2055,5,408,5,2,3,2,76,25,420,540,4,5
2056,2,267,3,2,3,2,51,71,60,180,4,5
2057,1,332,1,2,3,2,11,33,420,540,4,5
2058,3,84,4,2,3,2,90,10,300,600,4,5
2059,8,580,9,2,3,3,86,37,180,300,4,5
2060,1,180,2,2,3,1,65,76,60,180,4,5
2061,9,291,10,1,3,1,59,19,60,180,4,5
2062,4,518,6,1,3,3,17,83,180,300,3,5
2063,9,54,9,2,3,3,72,96,0,300,1,5
2064,7,229,7,2,3,1,20,24,300,600,1,5
2065,9,215,9,2,3,3,14,95,420,540,2,5
2066,13,32,13,2,3,1,90,60,60,180,2,5
2067,6,351,6,2,3,3,83,26,420,540,1,5
2068,5,206,6,1,3,3,30,33,0,300,3,5
2069,1,299,1,2,3,2,39,10,300,420,2,5
2070,14,510,15,1,3,3,65,24,0,300,1,5
2071,5,221,5,2,3,2,92,94,300,600,3,5
2072,3,81,3,1,3,2,12,90,180,300,2,5
2073,2,15,3,2,3,1,41,83,420,540,1,5
2074,6,207,6,2,3,3,55,86,420,540,4,5
2075,8,262,8,2,3,1,5,60,300,600,4,5
2076,1,188,2,2,3,2,57,81,420,540,3,5
2077,5,292,6,2,3,2,23,13,420,540,2,5
2078,13,63,14,1,3,3,55,96,60,180,2,5
2079,14,228,14,2,3,1,21,48,420,540,3,5
2080,14,563,16,2,3,3,69,92,300,600,1,5
2081,6,306,6,2,3,3,13,67,420,540,4,5
2082,10,470,12,1,3,3,86,88,0,300,3,5
2083,2,511,3,2,3,1,74,45,300,600,3,5
2084,13,473,15,2,3,2,60,67,60,180,1,5
2085,2,148,2,1,3,3,99,22,180,300,4,5
2086,4,203,4,2,3,2,55,82,420,540,1,5
2087,5,450,7,1,3,3,81,59,60,180,4,5
2088,9,102,9,2,3,2,52,79,300,600,4,5
2089,9,518,10,2,3,3,40,39,420,540,2,5
2090,13,71,14,2,3,1,48,31,300,600,4,5
2091,3,268,4,2,3,1,5,21,60,180,1,5
2092,10,589,11,2,3,3,57,9,180,300,4,5
2093,1,65,2,2,3,1,66,95,60,180,2,5
2094,1,566,3,1,3,3,34,84,0,300,1,5
2095,4,326,5,1,3,3,77,22,0,300,1,5
2096,2,117,2,2,3,2,16,99,420,540,2,5
2097,11,110,12,1,3,1,63,68,180,300,1,5
2098,14,201,14,2,3,3,78,17,300,600,1,5
2099,4,317,4,2,3,3,90,25,420,540,3,5
2100,13,600,15,1,3,2,66,60,0,300,2,5
2101,4,492,6,2,3,2,6,67,300,420,2,5
2102,3,115,5,1,3,1,36,91,60,180,1,5
2103,2,360,2,2,3,1,14,22,420,540,4,5
2104,8,474,10,1,3,3,56,50,60,180,3,5
2105,13,171,13,2,3,3,81,76,300,420,1,5
2106,5,11,6,1,3,3,48,14,0,300,4,5
2107,8,371,8,2,3,3,74,73,420,540,3,5
2108,13,80,13,1,3,1,70,77,180,300,2,5
2109,1,362,1,2,3,1,26,5,420,540,1,5
2110,2,404,2,2,3,2,83,36,420,540,2,5
2111,6,382,6,2,3,2,12,33,420,540,1,5
2112,6,15,6,1,3,3,44,98,60,180,4,5
2113,14,425,15,1,3,3,79,68,180,300,1,5
2114,1,49,2,2,3,3,81,86,180,300,1,5
2115,9,136,11,1,3,3,69,35,0,300,3,5
2116,12,409,13,1,3,2,62,81,0,300,2,5
2117,1,65,2,1,3,1,1,54,180,300,1,5
2118,8,239,8,2,3,3,70,51,300,600,4,5
2119,11,525,13,2,3,3,40,43,180,300,4,5
2120,10,492,11,2,3,2,89,21,300,600,1,5
2121,5,512,6,2,3,3,27,38,60,180,4,5
2122,10,478,12,2,3,1,59,30,300,420,3,5
2123,11,269,11,2,3,1,63,30,420,540,2,5
2124,7,273,8,2,3,1,42,16,60,180,2,5
2125,6,306,6,2,3,2,15,68,420,540,4,5
2126,12,240,12,2,3,2,47,99,420,540,3,5
2127,7,177,8,1,3,3,48,100,60,180,1,5
2128,13,560,14,1,3,1,60,1,60,180,2,5
2129,9,153,9,1,3,1,64,29,180,300,2,5
2130,10,536,11,1,3,2,39,8,0,300,2,5
2131,8,120,9,2,3,1,19,98,300,600,1,5
2132,9,425,10,2,3,1,72,67,420,540,1,5
2133,2,170,3,1,3,3,9,27,180,300,4,5
2134,10,532,12,2,3,1,45,96,60,180,1,5
2135,3,569,4,1,3,1,14,22,0,300,1,5
2136,10,533,11,2,3,2,47,46,300,420,3,5
2137,9,245,10,2,3,1,32,39,180,300,2,5
2138,3,393,4,2,3,1,42,21,300,600,1,5
2139,11,356,11,2,3,2,63,19,420,540,1,5
2140,6,102,6,2,3,1,33,66,180,300,1,5
2141,13,153,13,2,3,2,4,93,300,420,2,5
2142,14,588,15,1,3,2,29,18,60,180,4,5
2143,6,413,7,2,3,3,50,8,300,420,2,5
2144,11,511,13,1,3,1,71,27,0,300,1,5
2145,13,120,14,1,3,1,8,35,0,300,4,5
2146,11,310,12,1,3,1,39,40,60,180,3,5
2147,11,74,12,1,3,2,51,60,180,300,1,5
2148,7,104,9,1,3,2,71,50,0,300,1,5
2149,13,182,14,1,3,2,31,34,0,300,2,5
2150,8,357,9,1,3,3,75,75,0,300,2,5
2151,2,297,3,2,3,1,56,42,300,600,2,5
2152,7,597,8,1,3,3,93,46,180,300,1,5
2153,14,69,15,1,3,2,83,89,180,300,4,5
2154,5,463,7,1,3,1,24,4,60,180,2,5
2155,12,40,14,2,3,3,70,78,180,300,2,5
2156,4,532,5,1,3,3,72,51,60,180,2,5
2157,6,248,6,2,3,2,37,10,420,540,3,5
2158,14,351,15,1,3,3,33,45,180,300,2,5
2159,11,307,12,1,3,2,46,7,60,180,3,5
2160,14,14,14,1,3,3,79,19,60,180,1,5
2161,12,108,13,1,3,3,12,70,0,300,2,5
2162,3,450,5,1,3,3,8,70,180,300,4,5
2163,2,224,2,2,3,3,68,6,420,540,3,5
2164,4,83,4,1,3,1,30,18,180,300,2,5
2165,9,313,10,1,3,3,100,8,0,300,3,5
2166,6,74,6,2,3,2,44,95,420,540,2,5
2167,13,558,15,1,3,2,81,50,180,300,4,5
2168,1,72,2,1,3,3,76,32,0,300,1,5
2169,5,77,6,2,3,2,100,16,420,540,3,5
2170,14,441,16,2,3,3,15,55,300,420,1,5
2171,8,585,10,2,3,2,0,55,0,300,2,5
2172,6,309,6,2,3,3,35,89,420,540,3,5
2173,1,466,3,1,3,2,22,31,60,180,1,5
2174,4,191,4,2,3,2,94,99,300,600,2,5
2175,11,61,11,1,3,1,21,87,180,300,4,5
2176,5,162,5,2,3,1,95,54,300,420,4,5
2177,7,299,7,2,3,2,66,94,420,540,2,5
2178,2,69,2,1,3,3,73,58,180,300,1,5
2179,12,11,13,1,3,3,41,98,0,300,1,5
2180,13,111,14,1,3,3,62,93,0,300,3,5
2181,9,388,9,2,3,3,89,100,420,540,2,5
2182,2,473,4,1,3,3,40,28,180,300,3,5
2183,7,461,9,2,3,1,18,67,420,540,4,5
2184,4,398,5,1,3,3,100,37,0,300,3,5
2185,11,409,12,2,3,2,60,18,300,600,4,5
2186,3,478,5,1,3,3,82,41,0,300,1,5
2187,13,550,14,2,3,1,29,0,0,300,2,5
2188,13,143,13,2,3,3,64,73,300,600,4,5
2189,8,385,8,2,3,1,76,3,420,540,1,5
2190,13,2,13,2,3,1,42,50,420,540,4,5
2191,1,82,1,2,3,3,0,15,300,420,4,5
2192,4,414,5,2,3,3,57,83,0,300,1,5
2193,12,401,14,1,3,1,87,25,180,300,1,5
2194,13,243,14,1,3,1,55,62,180,300,3,5
2195,13,158,13,1,3,1,20,53,180,300,4,5
2196,6,421,7,1,3,2,25,24,180,300,3,5
2197,1,209,1,2,3,3,72,0,300,420,4,5
2198,5,561,7,1,3,3,68,41,180,300,2,5
2199,6,361,6,2,3,2,48,47,420,540,4,5
2200,13,238,13,2,3,2,44,23,300,600,4,5
2201,13,129,14,1,3,3,86,74,60,180,2,5
2202,8,498,10,1,3,1,13,38,180,300,3,5
2203,14,447,16,1,3,2,12,87,0,300,1,5
2204,7,457,8,1,3,2,34,12,180,300,1,5
2205,14,457,15,2,3,2,49,78,60,180,2,5
2206,9,511,11,1,3,3,81,12,0,300,4,5
2207,12,497,13,2,3,3,20,64,300,600,3,5
2208,8,387,9,1,3,1,70,63,180,300,2,5
2209,8,78,9,1,3,1,51,95,180,300,4,5
2210,14,450,16,2,3,1,16,33,180,300,1,5
2211,5,497,7,1,3,2,3,12,0,300,2,5
2212,1,426,3,1,3,3,39,1,0,300,3,5
2213,10,578,11,1,3,2,37,48,180,300,1,5
2214,9,391,10,1,3,2,68,89,60,180,4,5
2215,11,3,11,1,3,2,15,0,60,180,4,5
2216,12,175,13,1,3,2,78,74,0,300,3,5
2217,12,47,12,1,3,2,72,85,60,180,4,5
2218,2,136,2,2,3,3,47,95,300,420,2,5
2219,3,45,3,1,3,2,61,15,60,180,2,5
2220,11,558,12,1,3,2,27,99,60,180,4,5
2221,3,91,4,2,3,2,88,72,420,540,2,5
2222,8,399,8,2,3,1,100,89,420,540,1,5
2223,7,337,9,1,3,3,51,83,0,300,3,5
2224,5,456,6,1,3,2,36,55,180,300,3,5
2225,8,524,10,1,3,1,84,64,180,300,3,5
2226,11,17,11,1,3,3,49,8,60,180,3,5
2227,4,172,5,1,3,2,23,64,0,300,4,5
2228,1,286,1,2,3,2,53,46,300,600,2,5
2229,12,154,13,1,3,3,100,28,60,180,4,5
2230,4,141,4,2,3,3,4,85,300,420,3,5
2231,2,369,3,1,3,3,4,57,60,180,2,5
2232,7,349,8,1,3,2,61,95,60,180,1,5
2233,5,20,6,1,3,1,72,92,0,300,1,5
2234,7,46,8,1,3,1,55,20,0,300,4,5
2235,3,518,4,1,3,1,30,22,0,300,3,5
2236,3,584,5,2,3,3,69,87,420,540,3,5
2237,6,576,7,1,3,3,77,35,60,180,4,5
2238,10,53,10,1,3,3,88,40,60,180,2,5
2239,13,540,15,1,3,2,15,35,0,300,3,5
2240,14,367,15,2,3,1,10,28,420,540,2,5
2241,3,192,3,2,3,3,38,42,420,540,2,5
2242,14,493,15,1,3,2,17,74,0,300,3,5
2243,8,61,8,2,3,1,76,4,300,420,2,5
2244,8,269,8,2,3,1,75,74,420,540,2,5
2245,8,506,9,1,3,1,26,89,0,300,3,5
2246,13,412,13,2,3,2,6,43,420,540,2,5
2247,9,84,9,1,3,2,100,35,180,300,1,5
2248,1,122,1,1,3,3,40,66,180,300,4,5
2249,3,476,4,2,3,1,70,16,0,300,3,5
2250,10,587,11,2,3,1,48,90,180,300,3,5
2251,4,6,4,1,3,1,96,68,60,180,1,5
2252,14,550,15,1,3,1,64,94,0,300,3,5
2253,8,569,9,2,3,1,33,94,180,300,1,5
2254,10,184,11,1,3,1,75,66,60,180,4,5
2255,1,41,1,1,3,1,79,61,60,180,1,5
2256,1,212,2,2,3,1,89,92,180,300,4,5
2257,14,408,14,2,3,2,65,92,420,540,4,5
2258,13,478,15,2,3,3,33,72,0,300,3,5
2259,6,116,6,2,3,3,33,12,180,300,4,5
2260,14,176,15,1,3,1,25,92,60,180,3,5
2261,14,427,15,1,3,2,35,69,180,300,3,5
2262,9,41,10,1,3,2,69,73,0,300,2,5
2263,2,67,3,2,3,1,74,65,300,420,4,5
2264,10,553,12,1,3,2,74,40,180,300,4,5
2265,4,492,6,1,3,3,62,21,180,300,1,5
2266,11,288,11,2,3,2,11,89,300,600,2,5
2267,7,6,7,2,3,2,67,83,0,300,4,5
2268,10,130,11,1,3,2,98,27,180,300,2,5
2269,2,241,2,2,3,3,68,98,300,420,3,5
2270,2,433,3,1,3,2,10,13,180,300,3,5
2271,8,300,8,2,3,2,19,44,420,540,4,5
2272,2,19,4,2,3,3,22,8,420,540,3,5
2273,7,3,7,1,3,2,12,85,60,180,1,5
2274,6,437,7,2,3,3,29,69,420,540,1,5
2275,11,111,13,2,3,1,77,55,0,300,4,5
2276,11,264,11,2,3,1,90,19,420,540,2,5
2277,1,303,1,2,3,3,21,19,420,540,4,5
2278,11,422,12,2,3,2,45,62,300,420,1,5
2279,10,193,10,2,3,2,45,31,420,540,2,5
2280,11,440,13,2,3,2,81,11,0,300,3,5
2281,6,274,6,2,3,3,10,33,300,420,2,5
2282,2,529,4,1,3,3,63,1,60,180,1,5
2283,1,306,2,1,3,3,79,16,180,300,2,5
2284,13,251,13,2,3,3,2,38,420,540,2,5
2285,5,114,5,2,3,1,40,55,180,300,4,5
2286,9,206,9,2,3,1,82,91,300,420,3,5
2287,9,323,9,2,3,2,11,69,420,540,4,5
2288,7,259,8,1,3,3,64,35,0,300,1,5
2289,14,272,15,2,3,3,68,71,300,420,4,5
2290,10,303,10,2,3,3,56,12,420,540,2,5
2291,8,332,8,2,3,2,60,42,420,540,2,5
2292,2,252,4,2,3,1,14,85,180,300,3,5
2293,4,365,5,2,3,3,34,30,0,300,2,5
2294,10,58,10,1,3,2,86,50,60,180,2,5
2295,14,556,15,1,3,1,75,68,180,300,2,5
2296,9,544,10,2,3,3,10,16,60,180,1,5
2297,9,311,9,2,3,2,57,66,420,540,4,5
2298,3,377,3,2,3,2,10,4,420,540,4,5
2299,5,246,5,2,3,3,52,48,420,540,4,5
2300,14,291,15,1,3,1,0,35,60,180,1,5
2301,1,480,2,2,3,3,91,63,180,300,1,5
2302,13,167,14,2,3,2,79,22,420,540,3,5
2303,13,330,13,2,3,3,18,46,420,540,1,5
2304,5,256,5,2,3,2,99,10,300,600,1,5
2305,14,312,14,2,3,2,54,13,420,540,3,5
2306,10,211,11,1,3,1,4,56,180,300,4,5
2307,14,588,16,1,3,2,19,34,180,300,4,5
2308,7,272,7,2,3,3,62,79,420,540,4,5
2309,14,452,15,1,3,3,54,11,0,300,4,5
2310,2,7,3,1,3,1,83,77,60,180,2,5
2311,7,338,7,2,3,1,20,61,420,540,3,5
2312,4,594,5,1,3,1,67,17,60,180,4,5
2313,12,110,12,2,3,3,19,31,180,300,2,5
2314,6,203,6,2,3,3,13,53,300,600,3,5
2315,14,250,14,2,3,2,30,1,300,600,3,5
2316,11,52,12,1,3,2,47,94,180,300,1,5
2317,4,58,5,1,3,3,78,47,0,300,3,5
2318,1,308,1,2,3,1,62,78,420,540,4,5
2319,9,178,9,2,3,3,69,22,420,540,1,5
2320,12,327,13,1,3,3,44,86,180,300,3,5
2321,3,180,3,1,3,3,25,9,180,300,1,5
2322,6,412,7,1,3,1,96,50,0,300,2,5
2323,10,47,10,1,3,1,37,32,60,180,3,5
2324,1,529,2,2,3,1,82,46,60,180,4,5
2325,14,460,16,1,3,3,98,83,60,180,1,5
2326,1,536,2,1,3,2,29,23,60,180,1,5
2327,12,160,12,1,3,3,38,72,180,300,1,5
2328,12,366,12,2,3,2,59,31,420,540,3,5
2329,13,326,14,1,3,3,21,77,180,300,1,5
2330,7,399,7,2,3,3,22,71,420,540,1,5
2331,12,302,13,1,3,2,62,63,60,180,4,5
2332,7,187,7,2,3,2,37,88,300,420,4,5
2333,12,215,12,2,3,2,41,14,300,420,2,5
2334,9,247,9,2,3,3,20,83,300,600,2,5
2335,1,475,3,1,3,3,2,93,0,300,2,5
2336,3,363,3,2,3,2,54,32,420,540,3,5
2337,14,367,15,2,3,3,43,91,300,420,2,5
2338,6,103,6,1,3,2,93,28,180,300,4,5
2339,5,431,7,2,3,1,41,13,180,300,1,5
2340,1,383,2,1,3,2,81,54,60,180,1,5
2341,10,422,12,1,3,3,74,76,60,180,1,5
2342,11,543,13,1,3,3,26,68,0,300,1,5
2343,1,468,2,1,3,3,55,4,0,300,1,5
2344,4,45,4,2,3,2,25,91,0,300,4,5
2345,14,112,14,2,3,3,75,52,180,300,4,5
2346,10,554,11,1,3,2,42,48,0,300,4,5
2347,8,566,9,2,3,2,66,29,300,600,2,5
2348,3,86,3,2,3,2,73,22,300,420,4,5
2349,9,165,9,1,3,2,24,30,180,300,2,5
2350,4,350,4,2,3,1,74,82,420,540,1,5
2351,13,239,14,2,3,3,45,58,180,300,2,5
2352,9,20,9,1,3,1,71,74,60,180,4,5
2353,4,575,6,1,3,2,24,63,0,300,4,5
2354,13,163,13,2,3,1,63,22,420,540,3,5
2355,10,120,10,1,3,1,24,63,180,300,1,5
2356,11,402,11,2,3,3,65,40,420,540,4,5
2357,7,391,7,2,3,2,43,89,420,540,2,5
2358,2,346,2,2,3,1,60,92,420,540,4,5
2359,11,61,12,1,3,1,67,79,0,300,3,5
2360,12,420,13,2,3,1,42,68,300,420,2,5
2361,9,486,11,2,3,3,28,25,0,300,3,5
2362,2,340,2,2,3,3,50,12,420,540,2,5
2363,3,470,4,1,3,1,66,17,0,300,1,5
2364,3,258,4,1,3,1,12,63,60,180,4,5
2365,4,529,6,1,3,1,51,49,0,300,1,5
2366,11,2,11,2,3,1,79,5,0,300,2,5
2367,6,494,8,1,3,2,52,9,180,300,3,5
2368,6,357,7,2,3,1,30,84,60,180,4,5
2369,10,186,11,1,3,2,93,69,0,300,3,5
2370,2,385,2,2,3,3,21,53,420,540,4,5
2371,4,331,5,1,3,1,65,7,180,300,2,5
2372,10,405,10,2,3,2,76,59,420,540,1,5
2373,4,67,5,2,3,3,54,93,420,540,4,5
2374,14,51,15,2,3,1,58,59,0,300,4,5
2375,11,152,11,1,3,1,100,100,180,300,3,5
2376,4,11,5,1,3,3,40,63,180,300,4,5
2377,5,431,7,2,3,1,7,0,300,600,3,5
2378,1,43,2,1,3,3,9,52,0,300,3,5
2379,14,553,15,1,3,1,12,31,0,300,3,5
2380,13,147,13,2,3,2,73,65,300,600,1,5
2381,2,543,4,2,3,1,68,54,60,180,4,5
2382,10,183,10,2,3,1,23,76,420,540,4,5
2383,4,45,4,1,3,2,15,100,60,180,2,5
2384,4,2,4,2,3,3,2,53,0,300,1,5
2385,10,572,11,1,3,3,59,93,180,300,3,5
2386,7,556,9,2,3,3,9,69,0,300,2,5
2387,14,349,14,2,3,2,38,23,420,540,4,5
2388,13,457,14,1,3,1,38,0,0,300,1,5
2389,6,211,6,2,3,1,49,65,420,540,3,5
2390,5,137,5,1,3,1,17,53,180,300,2,5
2391,8,563,9,1,3,2,87,11,60,180,1,5
2392,12,341,12,2,3,3,60,64,420,540,2,5
2393,9,318,9,2,3,2,20,35,420,540,2,5
2394,10,568,11,2,3,1,5,35,180,300,1,5
2395,1,330,3,1,3,2,51,33,0,300,1,5
2396,6,351,7,1,3,1,62,29,60,180,1,5
2397,2,116,3,2,3,1,67,72,60,180,1,5
2398,13,549,14,1,3,2,20,49,60,180,2,5
2399,1,486,3,1,3,2,22,19,60,180,4,5
2400,5,46,5,1,3,2,85,100,60,180,3,5
2401,5,420,5,2,3,3,51,15,420,540,3,5
2402,10,287,10,2,3,2,86,56,300,420,3,5
2403,7,309,8,1,3,2,80,84,180,300,2,5
2404,14,418,15,1,3,2,77,15,180,300,2,5
2405,8,177,8,2,3,3,42,26,300,600,1,5
2406,8,387,9,1,3,2,51,16,60,180,3,5
2407,14,587,15,1,3,3,96,91,180,300,2,5
2408,7,31,7,1,3,1,18,8,60,180,1,5
2409,3,40,3,1,3,3,8,18,60,180,4,5
2410,8,271,8,2,3,1,55,44,420,540,2,5
2411,9,500,10,1,3,2,56,27,60,180,2,5
2412,4,83,6,2,3,1,93,56,180,300,2,5
2413,5,555,7,1,3,1,92,92,0,300,4,5
2414,10,445,11,2,3,1,99,30,420,540,4,5
2415,4,231,4,2,3,2,69,94,420,540,2,5
2416,9,30,9,1,3,3,90,60,60,180,1,5
2417,14,107,14,2,3,3,80,25,420,540,1,5
2418,3,415,5,2,3,2,89,81,300,420,2,5
2419,13,174,13,2,3,2,83,74,180,300,3,5
2420,9,571,11,2,3,1,76,86,0,300,2,5
2421,14,240,14,2,3,3,28,63,420,540,4,5
2422,4,209,4,2,3,1,27,100,300,420,3,5
2423,8,599,10,2,3,2,52,85,420,540,4,5
2424,10,281,11,1,3,2,16,49,180,300,3,5
2425,12,386,12,2,3,3,75,9,420,540,3,5
2426,1,192,2,1,3,1,89,80,60,180,1,5
2427,3,171,4,2,3,1,23,26,420,540,2,5
2428,4,308,5,1,3,3,82,46,180,300,2,5
2429,7,224,7,2,3,2,9,29,420,540,1,5
2430,5,31,5,1,3,3,76,65,60,180,3,5
2431,12,576,14,1,3,2,70,33,0,300,4,5
2432,11,113,11,1,3,3,55,65,180,300,4,5
2433,7,111,8,1,3,1,39,42,180,300,4,5
2434,3,584,4,2,3,3,18,42,0,300,3,5
2435,3,490,4,2,3,3,6,31,420,540,2,5
2436,8,133,9,1,3,2,87,7,180,300,3,5
2437,3,575,4,1,3,1,10,75,60,180,1,5
2438,4,150,4,2,3,2,95,8,300,420,1,5
2439,5,425,6,2,3,3,30,7,420,540,1,5
2440,12,225,13,1,3,3,49,24,180,300,1,5
2441,3,360,3,2,3,2,78,44,420,540,3,5
2442,8,591,9,1,3,1,63,53,0,300,3,5
2443,12,375,12,2,3,2,72,63,420,540,2,5
2444,2,592,3,1,3,1,37,94,60,180,1,5
2445,3,92,4,2,3,3,5,67,60,180,3,5
2446,2,359,2,2,3,2,67,57,420,540,1,5
2447,8,185,8,2,3,3,28,30,300,420,4,5
2448,5,503,6,1,3,1,20,55,0,300,1,5
2449,2,529,3,1,3,3,54,64,0,300,4,5
2450,9,591,10,1,3,2,32,98,180,300,1,5
2451,9,590,11,1,3,3,12,60,180,300,4,5
2452,8,159,8,2,3,3,57,70,420,540,1,5
2453,5,199,6,1,3,3,89,23,180,300,1,5
2454,3,585,4,1,3,2,43,58,180,300,2,5
2455,13,165,13,1,3,2,47,58,180,300,4,5
2456,8,108,9,1,3,1,20,100,0,300,1,5
2457,11,35,12,2,3,3,80,56,420,540,1,5
2458,5,146,5,2,3,1,96,81,180,300,1,5
2459,1,536,2,2,3,1,13,36,300,420,1,5
2460,11,424,12,1,3,3,46,13,60,180,1,5
2461,9,198,9,2,3,1,69,19,300,600,3,5
2462,6,296,6,2,3,1,85,68,300,420,2,5
2463,4,558,6,1,3,1,13,29,0,300,3,5
2464,8,58,9,2,3,3,53,66,180,300,4,5
2465,13,11,13,1,3,2,41,7,60,180,2,5
2466,8,65,9,1,3,1,53,52,60,180,3,5
2467,10,570,12,2,3,3,2,25,420,540,2,5
2468,10,106,10,1,3,1,70,55,180,300,4,5
2469,5,115,6,1,3,3,20,50,60,180,3,5
2470,8,396,8,2,3,1,27,5,420,540,2,5
2471,13,527,15,2,3,2,93,10,0,300,1,5
2472,14,355,14,2,3,3,74,94,420,540,2,5
2473,5,554,6,1,3,1,77,35,0,300,1,5
2474,13,172,13,1,3,1,67,59,180,300,4,5
2475,6,343,6,2,3,2,24,99,420,540,4,5
2476,6,100,7,2,3,1,68,74,60,180,3,5
2477,14,353,14,2,3,2,47,33,420,540,4,5
2478,1,599,2,1,3,3,91,68,60,180,3,5
2479,2,517,3,1,3,3,81,65,180,300,4,5
2480,8,588,9,1,3,2,84,7,180,300,1,5
2481,9,323,10,1,3,2,38,45,0,300,2,5
2482,11,597,12,2,3,3,43,62,0,300,1,5
2483,5,525,6,1,3,3,11,33,60,180,2,5
2484,12,272,12,2,3,1,52,47,420,540,2,5
2485,11,536,12,1,3,3,50,100,0,300,3,5
2486,2,317,3,2,3,1,67,26,60,180,3,5
2487,12,389,12,2,3,1,71,0,420,540,1,5
2488,8,508,10,1,3,2,39,64,0,300,2,5
2489,12,158,13,2,3,1,59,32,60,180,2,5
2490,3,102,3,2,3,3,38,44,300,600,3,5
2491,9,184,9,2,3,2,30,11,300,420,4,5
2492,8,289,8,2,3,1,14,74,300,420,2,5
2493,13,45,13,1,3,2,72,52,60,180,1,5
2494,12,450,14,1,3,3,98,77,180,300,1,5
2495,7,132,7,1,3,3,41,87,180,300,1,5
2496,3,463,4,1,3,2,69,82,60,180,2,5
2497,1,53,1,1,3,2,25,16,60,180,2,5
2498,2,562,4,1,3,3,9,43,180,300,4,5
2499,5,352,5,2,3,3,99,43,420,540,2,5
2500,11,271,12,2,3,2,79,33,0,300,1,5
2501,3,345,4,1,3,2,86,83,0,300,4,5
2502,14,291,14,2,3,2,68,89,300,600,2,5
2503,2,359,2,2,3,2,37,65,420,540,2,5
2504,14,348,14,2,3,2,83,21,420,540,2,5
2505,14,566,15,1,3,2,34,88,60,180,2,5
2506,12,327,12,2,3,3,47,55,420,540,3,5
2507,12,524,13,1,3,1,4,2,180,300,4,5
2508,4,529,6,1,3,3,36,26,180,300,2,5
2509,4,249,4,2,3,2,4,28,300,420,3,5
2510,13,138,14,1,3,3,1,49,180,300,4,5
2511,4,269,4,2,3,1,20,100,300,420,4,5
2512,8,121,9,1,3,3,51,44,60,180,4,5
2513,14,390,16,1,3,2,70,62,0,300,4,5
2514,2,597,4,1,3,1,31,3,60,180,1,5
2515,2,278,2,2,3,2,80,64,300,420,2,5
2516,9,576,11,2,3,2,76,50,60,180,4,5
2517,5,121,5,1,3,1,32,21,180,300,2,5
2518,12,483,14,1,3,3,7,50,180,300,4,5
2519,12,469,13,1,3,1,23,76,0,300,1,5
2520,4,548,5,2,3,1,38,78,60,180,2,5
2521,3,331,3,2,3,1,48,47,420,540,2,5
2522,13,22,13,2,3,3,79,86,300,600,2,5
2523,11,390,12,2,3,2,79,98,60,180,2,5
2524,5,534,6,1,3,2,63,54,60,180,3,5
2525,11,185,11,2,3,2,54,54,300,420,3,5
2526,7,453,8,1,3,2,57,9,180,300,4,5
2527,6,21,6,2,3,2,92,89,60,180,2,5
2528,8,38,9,1,3,3,78,79,60,180,2,5
2529,6,111,6,1,3,3,16,15,180,300,3,5
2530,3,585,5,1,3,3,98,6,0,300,4,5
2531,3,424,5,1,3,1,15,27,180,300,3,5
2532,10,150,11,1,3,1,88,32,60,180,4,5
2533,14,535,15,1,3,1,27,71,0,300,4,5
2534,14,44,14,1,3,3,8,78,60,180,2,5
2535,5,188,5,2,3,1,27,92,300,600,1,5
2536,1,295,1,2,3,2,94,13,420,540,2,5
2537,6,120,6,2,3,1,76,92,300,600,1,5
2538,12,508,14,1,3,2,6,87,0,300,3,5
2539,7,357,7,2,3,3,25,87,420,540,4,5
2540,9,165,10,1,3,3,3,15,180,300,1,5
2541,8,289,10,2,3,2,36,52,420,540,3,5
2542,13,115,13,1,3,2,63,11,180,300,2,5
2543,13,94,13,1,3,1,26,53,180,300,4,5
2544,10,547,12,1,3,1,57,43,0,300,4,5
2545,9,345,9,2,3,2,71,88,420,540,2,5
2546,2,315,3,1,3,2,74,87,0,300,3,5
2547,6,122,7,1,3,3,55,84,180,300,1,5
2548,7,563,9,1,3,3,75,13,0,300,1,5
2549,6,287,6,2,3,3,0,77,300,600,3,5
2550,14,520,16,2,3,2,80,87,300,600,1,5
2551,4,129,5,2,3,3,8,52,180,300,3,5
2552,10,50,10,1,3,2,29,70,60,180,4,5
2553,6,81,8,2,3,2,19,82,60,180,4,5
2554,5,245,6,1,3,1,18,42,180,300,3,5
2555,1,311,2,2,3,2,3,19,300,600,2,5
2556,9,431,10,1,3,2,60,17,180,300,3,5
2557,1,248,2,1,3,1,42,68,60,180,2,5
2558,14,153,14,2,3,2,58,60,420,540,4,5
2559,11,130,11,2,3,3,83,52,420,540,3,5
2560,2,13,2,1,3,2,23,27,60,180,2,5
2561,3,255,3,2,3,2,54,97,300,600,2,5
2562,2,204,3,1,3,3,79,17,0,300,4,5
2563,11,76,11,2,3,2,7,39,300,600,2,5
2564,7,541,9,1,3,1,44,94,180,300,1,5
2565,7,391,7,2,3,3,66,20,420,540,3,5
2566,14,451,16,1,3,2,46,7,180,300,1,5
2567,4,134,4,1,3,3,48,92,180,300,4,5
2568,2,175,3,2,3,3,36,25,0,300,4,5
2569,9,480,10,1,3,1,11,100,60,180,2,5
2570,4,559,5,1,3,3,32,45,0,300,3,5
2571,4,217,4,2,3,1,67,100,300,600,3,5
2572,4,383,4,2,3,2,23,35,420,540,2,5
2573,2,556,4,1,3,3,92,75,0,300,2,5
2574,6,331,6,2,3,3,44,20,420,540,1,5
2575,13,567,14,1,3,1,43,86,0,300,3,5
2576,4,286,5,1,3,2,71,77,0,300,3,5
2577,9,316,10,1,3,3,94,82,60,180,4,5
2578,6,33,6,1,3,3,85,86,60,180,4,5
2579,7,591,9,1,3,3,35,95,180,300,2,5
2580,6,175,6,1,3,3,47,46,180,300,4,5
2581,14,118,14,2,3,1,87,86,300,600,1,5
2582,1,127,1,1,3,3,66,76,180,300,2,5
2583,7,141,8,1,3,2,23,85,180,300,2,5
2584,13,205,15,1,3,3,27,56,0,300,1,5
2585,11,16,12,1,3,1,47,1,60,180,1,5
2586,5,136,6,1,3,1,76,80,0,300,2,5
2587,14,578,15,1,3,2,6,48,180,300,4,5
2588,4,134,5,2,3,2,9,45,420,540,1,5
2589,13,311,13,2,3,2,62,20,420,540,4,5
2590,13,515,14,1,3,3,7,49,0,300,1,5
2591,6,446,7,1,3,3,0,84,180,300,2,5
2592,2,71,2,2,3,1,54,69,420,540,2,5
2593,8,600,9,1,3,3,10,35,0,300,4,5
2594,2,469,3,2,3,2,79,81,0,300,1,5
2595,3,249,4,1,3,3,63,77,0,300,3,5
2596,8,34,9,2,3,2,71,43,300,420,2,5
2597,4,333,5,1,3,3,38,55,0,300,4,5
2598,2,533,4,1,3,1,95,39,0,300,3,5
2599,13,420,13,2,3,1,26,6,420,540,2,5
2600,11,210,11,2,3,3,9,59,300,600,2,5
2601,10,598,12,1,3,1,72,35,60,180,4,5
2602,12,433,14,1,3,2,49,37,180,300,4,5
2603,11,484,13,1,3,3,28,93,180,300,3,5
2604,6,523,8,2,3,2,41,60,180,300,4,5
2605,3,440,5,2,3,1,90,93,420,540,2,5
2606,8,524,10,1,3,3,90,84,0,300,3,5
2607,12,334,12,2,3,1,93,60,420,540,3,5
2608,9,595,11,1,3,3,91,49,180,300,2,5
2609,2,343,2,2,3,2,42,27,420,540,2,5
2610,7,225,7,2,3,2,46,96,420,540,3,5
2611,13,129,13,1,3,2,82,46,180,300,2,5
2612,1,32,1,2,3,3,72,8,60,180,3,5
2613,13,542,14,1,3,3,95,58,0,300,4,5
2614,5,482,6,1,3,3,53,71,180,300,4,5
2615,6,423,8,1,3,2,85,98,0,300,3,5
2616,1,562,2,1,3,1,20,22,180,300,3,5
2617,11,64,13,2,3,2,7,49,420,540,1,5
2618,6,200,7,2,3,2,85,10,180,300,2,5
2619,4,59,4,1,3,2,9,25,60,180,4,5
2620,1,560,2,1,3,2,60,100,60,180,2,5
2621,8,125,8,1,3,1,32,60,180,300,3,5
2622,3,193,3,2,3,1,34,31,300,420,2,5
2623,3,232,3,2,3,2,99,19,300,420,1,5
2624,2,68,2,1,3,1,22,57,180,300,2,5
2625,3,526,4,1,3,3,58,74,60,180,1,5
2626,5,84,6,1,3,2,56,51,60,180,1,5
2627,5,252,5,2,3,2,36,34,420,540,4,5
2628,14,350,15,2,3,3,75,64,60,180,1,5
2629,13,474,15,2,3,3,48,51,300,420,4,5
2630,4,591,5,2,3,1,51,5,420,540,4,5
2631,7,53,7,1,3,3,54,29,60,180,1,5
2632,6,286,6,2,3,3,85,28,420,540,3,5
2633,1,37,2,2,3,2,91,51,0,300,3,5
2634,8,265,9,1,3,1,98,23,60,180,2,5
2635,7,502,9,2,3,3,48,5,180,300,1,5
2636,10,183,11,1,3,3,12,51,180,300,1,5
2637,9,442,11,1,3,3,59,7,60,180,2,5
2638,1,365,3,1,3,3,36,41,0,300,1,5
2639,11,308,12,2,3,2,16,28,0,300,1,5
2640,14,218,15,1,3,3,75,19,0,300,4,5
2641,3,584,5,1,3,1,67,16,60,180,2,5
2642,14,113,14,1,3,2,76,95,180,300,4,5
2643,2,509,4,2,3,2,39,42,60,180,2,5
2644,10,479,11,1,3,2,77,2,180,300,1,5
2645,4,82,5,2,3,3,34,92,0,300,1,5
2646,10,30,10,1,3,3,73,50,60,180,2,5
2647,9,374,9,2,3,1,65,40,420,540,2,5
2648,1,443,2,2,3,1,68,6,180,300,2,5
2649,4,90,5,1,3,3,14,7,60,180,3,5
2650,14,53,14,2,3,2,82,97,420,540,4,5
2651,8,193,9,2,3,1,61,14,180,300,4,5
2652,9,391,10,2,3,2,3,81,300,600,3,5
2653,10,317,10,2,3,2,20,87,420,540,3,5
2654,11,431,13,1,3,3,0,35,60,180,1,5
2655,5,284,6,2,3,2,42,32,180,300,2,5
2656,2,177,3,2,3,1,92,18,420,540,3,5
2657,2,486,3,2,3,2,50,19,420,540,1,5
2658,9,68,10,2,3,3,30,5,0,300,1,5
2659,9,216,9,2,3,1,54,70,300,600,3,5
2660,10,443,12,1,3,2,76,75,0,300,4,5
2661,7,558,9,1,3,2,93,94,180,300,1,5
2662,3,470,4,2,3,1,66,59,0,300,4,5
2663,13,125,13,1,3,1,54,2,180,300,3,5
2664,5,181,5,2,3,2,86,4,300,600,2,5
2665,2,258,2,2,3,2,0,88,300,420,4,5
2666,10,475,12,2,3,2,45,74,0,300,2,5
2667,6,392,6,2,3,2,94,26,420,540,4,5
2668,14,303,15,1,3,2,34,29,0,300,1,5
2669,11,79,11,1,3,3,40,73,180,300,3,5
2670,7,422,9,1,3,1,6,75,180,300,2,5
2671,12,146,12,2,3,1,99,25,180,300,4,5
2672,10,491,11,1,3,1,6,88,180,300,3,5
2673,10,283,11,1,3,1,10,30,0,300,2,5
2674,11,227,13,1,3,3,24,33,180,300,4,5
2675,4,412,4,2,3,1,49,60,420,540,2,5
2676,14,360,14,2,3,3,81,16,420,540,3,5
2677,12,221,14,2,3,2,4,37,180,300,2,5
2678,13,512,15,1,3,1,34,53,0,300,2,5
2679,3,452,4,1,3,3,34,16,0,300,4,5
2680,13,453,15,1,3,2,4,75,0,300,2,5
2681,3,475,5,1,3,2,2,37,0,300,4,5
2682,7,141,8,2,3,3,79,69,420,540,2,5
2683,13,309,15,2,3,1,0,49,420,540,4,5
2684,6,571,8,1,3,3,13,79,0,300,1,5
2685,4,493,6,1,3,1,95,76,180,300,3,5
2686,12,7,12,2,3,3,99,30,0,300,4,5
2687,3,517,5,2,3,3,14,90,300,420,3,5
2688,11,330,11,2,3,3,75,50,420,540,3,5
2689,10,217,11,2,3,1,7,85,180,300,2,5
2690,1,192,2,1,3,1,81,80,0,300,1,5
2691,9,8,10,1,3,1,20,93,60,180,1,5
2692,14,160,14,2,3,3,81,43,420,540,1,5
2693,7,108,7,1,3,2,67,54,180,300,1,5
2694,6,212,6,2,3,3,98,38,300,600,1,5
2695,11,13,11,2,3,1,2,93,0,300,1,5
2696,3,292,3,2,3,2,44,30,300,600,4,5
2697,10,222,10,2,3,2,26,41,420,540,3,5
2698,3,394,3,2,3,3,48,80,420,540,2,5
2699,2,280,2,2,3,2,68,15,300,420,2,5
2700,1,552,2,2,3,2,55,69,420,540,3,5
2701,3,481,4,2,3,2,81,64,60,180,2,5
2702,9,182,9,2,3,2,38,93,420,540,1,5
2703,13,0,13,1,3,2,43,0,60,180,2,5
2704,12,208,13,1,3,1,71,60,180,300,1,5
2705,10,270,10,2,3,2,17,27,420,540,3,5
2706,12,522,14,2,3,1,33,1,420,540,4,5
2707,4,566,6,1,3,3,89,3,0,300,4,5
2708,3,78,3,1,3,3,47,26,180,300,2,5
2709,3,386,3,2,3,1,16,11,420,540,1,5
2710,2,116,3,1,3,1,13,25,180,300,3,5
2711,2,364,2,2,3,2,96,96,420,540,1,5
2712,2,236,2,2,3,1,38,23,420,540,2,5
2713,6,450,8,1,3,3,87,41,60,180,2,5
2714,10,135,11,1,3,1,52,8,0,300,1,5
2715,7,557,8,1,3,1,11,30,60,180,2,5
2716,13,463,14,2,3,3,29,85,0,300,2,5
2717,5,395,5,2,3,3,39,20,420,540,2,5
2718,13,448,15,1,3,2,27,62,60,180,1,5
2719,2,481,4,1,3,3,31,10,0,300,1,5
2720,14,278,15,1,3,3,41,46,180,300,2,5
2721,10,336,10,2,3,2,97,31,420,540,2,5
2722,3,128,3,1,3,1,97,1,180,300,2,5
2723,1,75,2,2,3,2,19,13,0,300,4,5
2724,7,336,7,2,3,1,87,9,420,540,3,5
2725,5,66,6,1,3,2,55,39,180,300,3,5
2726,4,194,5,2,3,1,83,22,420,540,3,5
2727,9,560,11,2,3,1,44,55,300,600,1,5
2728,8,109,8,1,3,1,39,100,180,300,3,5
2729,5,166,6,1,3,3,28,46,180,300,2,5
2730,8,488,10,1,3,2,61,7,180,300,2,5
2731,13,596,15,1,3,2,90,69,0,300,3,5
2732,2,487,3,1,3,1,90,30,60,180,2,5
2733,4,537,5,1,3,1,75,70,60,180,3,5
2734,4,374,4,2,3,2,17,53,420,540,1,5
2735,2,268,2,2,3,3,54,0,300,420,1,5
2736,13,448,15,1,3,3,3,67,0,300,4,5
2737,6,593,7,1,3,2,30,11,180,300,4,5
2738,2,25,2,2,3,3,56,45,420,540,2,5
2739,7,231,7,2,3,3,5,97,420,540,1,5
2740,1,467,3,2,3,1,87,91,0,300,1,5
2741,4,135,4,1,3,3,30,70,180,300,3,5
2742,14,245,14,2,3,2,33,7,420,540,3,5
2743,13,172,13,1,3,3,73,14,180,300,3,5
2744,2,553,3,1,3,2,78,81,0,300,2,5
2745,7,116,8,1,3,3,53,87,0,300,4,5
2746,7,296,7,2,3,1,6,14,420,540,2,5
2747,13,365,13,2,3,1,18,98,420,540,2,5
2748,1,405,1,2,3,2,96,95,420,540,1,5
2749,12,436,14,1,3,2,39,61,180,300,2,5
2750,14,369,14,2,3,3,75,11,420,540,3,5
2751,3,182,3,2,3,1,96,86,300,420,1,5
2752,2,39,2,2,3,1,91,76,0,300,4,5
2753,10,261,11,1,3,1,55,11,180,300,4,5
2754,9,405,9,2,3,2,66,18,420,540,4,5
2755,4,190,5,1,3,1,28,90,60,180,2,5
2756,5,491,7,1,3,3,89,15,180,300,2,5
2757,8,439,9,1,3,2,83,90,0,300,4,5
2758,13,237,13,2,3,2,34,95,420,540,4,5
2759,4,577,6,1,3,2,58,6,0,300,1,5
2760,14,571,15,1,3,1,34,86,60,180,3,5
2761,13,332,13,2,3,3,25,6,420,540,4,5
2762,8,154,9,2,3,3,13,66,420,540,3,5
2763,5,384,5,2,3,2,74,0,420,540,2,5
2764,13,276,13,2,3,3,86,13,420,540,3,5
2765,9,214,10,1,3,1,8,27,0,300,1,5
2766,8,138,8,1,3,1,25,13,180,300,2,5
2767,3,331,3,2,3,2,24,79,420,540,2,5
2768,13,107,14,1,3,1,11,58,0,300,4,5
2769,1,43,1,1,3,1,12,86,60,180,4,5
2770,7,271,8,2,3,1,51,52,180,300,2,5
2771,12,27,12,1,3,3,100,100,60,180,1,5
2772,11,305,11,2,3,2,3,17,420,540,4,5
2773,9,282,10,2,3,1,93,12,180,300,2,5
2774,9,258,9,2,3,2,72,88,300,600,3,5
2775,9,184,9,2,3,3,67,16,420,540,2,5
2776,7,565,8,1,3,3,56,39,0,300,2,5
2777,13,377,15,2,3,3,39,43,180,300,1,5
2778,7,581,8,1,3,1,82,85,60,180,2,5
2779,11,190,11,2,3,3,38,4,300,600,1,5
2780,6,130,6,1,3,2,92,5,180,300,4,5
2781,2,319,3,1,3,1,14,51,60,180,3,5
2782,5,34,5,1,3,3,60,21,60,180,3,5
2783,7,69,7,1,3,2,99,97,180,300,1,5
2784,12,494,13,1,3,3,7,48,180,300,1,5
2785,13,52,13,1,3,2,53,38,60,180,3,5
2786,13,520,15,2,3,1,66,16,420,540,4,5
2787,13,40,14,2,3,2,99,83,0,300,3,5
2788,3,319,3,2,3,2,44,29,420,540,1,5
2789,13,219,13,2,3,1,98,44,300,420,1,5
2790,14,582,16,1,3,1,79,20,0,300,2,5
2791,7,212,7,2,3,3,35,60,300,420,3,5
2792,14,206,15,1,3,2,81,97,60,180,2,5
2793,13,432,15,1,3,3,4,46,0,300,4,5
2794,13,219,14,1,3,1,15,3,60,180,3,5
2795,6,231,6,2,3,2,10,64,420,540,1,5
2796,3,370,3,2,3,2,71,81,420,540,4,5
2797,3,340,3,2,3,3,44,66,420,540,3,5
2798,13,487,15,2,3,3,97,68,180,300,1,5
2799,12,489,14,1,3,3,35,98,0,300,3,5
2800,12,541,14,2,3,2,5,10,180,300,3,5
2801,14,87,15,2,3,2,73,84,420,540,4,5
2802,5,492,7,1,3,2,90,87,0,300,3,5
2803,11,18,12,2,3,3,9,61,300,420,2,5
2804,14,67,15,2,3,1,2,44,420,540,4,5
2805,7,62,7,1,3,1,22,97,180,300,4,5
2806,11,223,12,1,3,2,41,84,180,300,4,5
2807,9,572,10,2,3,1,99,10,420,540,3,5
2808,6,178,7,1,3,2,8,100,180,300,3,5
2809,5,71,5,1,3,1,82,2,180,300,4,5
2810,1,322,2,1,3,1,80,8,60,180,1,5
2811,5,103,5,1,3,3,84,68,180,300,2,5
2812,8,342,8,2,3,3,62,35,420,540,3,5
2813,10,174,10,1,3,3,31,13,180,300,3,5
2814,7,215,8,2,3,2,60,3,0,300,4,5
2815,6,256,6,2,3,2,100,91,420,540,3,5
2816,13,96,14,1,3,2,37,25,0,300,4,5
2817,6,219,6,2,3,2,4,11,420,540,1,5
2818,3,317,3,2,3,3,17,48,420,540,2,5
2819,14,574,15,1,3,1,82,74,60,180,1,5
2820,9,290,9,2,3,3,97,10,300,600,3,5
2821,9,30,9,1,3,1,78,87,60,180,1,5
2822,6,465,8,1,3,2,89,35,0,300,4,5
2823,10,460,11,1,3,1,18,81,180,300,2,5
2824,5,413,5,2,3,2,33,3,420,540,2,5
2825,6,402,6,2,3,1,18,1,420,540,2,5
2826,5,148,5,1,3,2,43,51,180,300,2,5
2827,5,262,5,2,3,1,77,38,420,540,1,5
2828,8,565,9,2,3,1,83,7,180,300,2,5
2829,4,441,6,2,3,2,27,6,300,420,3,5
2830,7,247,8,1,3,1,76,97,180,300,3,5
2831,6,184,7,2,3,3,6,84,0,300,1,5
2832,6,299,8,2,3,1,51,98,300,600,3,5
2833,2,459,3,1,3,3,68,34,0,300,4,5
2834,9,569,11,2,3,1,95,14,60,180,1,5
2835,12,564,14,1,3,1,53,37,0,300,4,5
2836,5,427,6,2,3,1,79,23,0,300,2,5
2837,4,169,6,1,3,3,37,16,0,300,1,5
2838,4,493,5,1,3,3,54,33,0,300,4,5
2839,7,134,7,1,3,1,72,97,180,300,4,5
2840,14,194,14,2,3,1,31,4,300,420,4,5
2841,13,184,14,1,3,3,65,18,180,300,4,5
2842,8,487,10,1,3,1,18,67,60,180,1,5
2843,2,259,2,2,3,1,80,96,300,600,1,5
2844,3,343,3,2,3,3,11,86,420,540,2,5
2845,4,509,6,1,3,2,62,82,180,300,1,5
2846,1,130,1,2,3,1,22,8,300,600,3,5
2847,14,553,15,1,3,2,58,14,0,300,1,5
2848,4,536,6,2,3,3,90,62,60,180,3,5
2849,1,353,2,1,3,3,41,76,60,180,2,5
2850,5,555,7,2,3,2,44,9,300,420,3,5
2851,6,479,7,2,3,2,59,93,180,300,4,5
2852,9,305,10,1,3,2,78,74,0,300,4,5
2853,8,61,8,1,3,3,22,68,180,300,2,5
2854,8,266,8,2,3,3,75,10,300,600,4,5
2855,14,278,14,2,3,2,41,59,300,600,4,5
2856,3,223,4,1,3,2,54,60,60,180,2,5
2857,14,72,14,1,3,2,27,81,180,300,2,5
2858,1,25,1,2,3,1,11,13,180,300,3,5
2859,3,588,4,2,3,3,70,35,180,300,1,5
2860,3,473,5,1,3,1,98,15,180,300,2,5
2861,7,363,7,2,3,1,59,98,420,540,4,5
2862,8,216,8,2,3,1,95,99,300,420,4,5
2863,8,254,8,2,3,1,48,16,300,600,1,5
2864,14,533,16,1,3,2,40,57,0,300,4,5
2865,8,593,10,2,3,3,6,7,0,300,1,5
2866,13,421,15,1,3,3,58,59,180,300,1,5
2867,12,531,14,2,3,1,33,37,420,540,4,5
2868,14,170,14,1,3,1,71,70,180,300,1,5
2869,8,552,9,2,3,1,59,37,0,300,4,5
2870,4,445,6,2,3,1,76,78,60,180,2,5
2871,4,495,6,1,3,3,76,96,180,300,1,5
2872,14,327,15,1,3,1,50,45,0,300,3,5
2873,10,20,11,1,3,1,75,43,60,180,3,5
2874,12,192,12,2,3,3,2,87,300,420,3,5
2875,7,200,7,2,3,3,68,44,420,540,2,5
2876,9,277,9,2,3,2,20,23,420,540,1,5
2877,2,193,2,2,3,1,3,22,420,540,2,5
2878,11,139,11,1,3,1,12,51,180,300,2,5
2879,11,16,12,2,3,2,4,70,0,300,1,5
2880,13,316,13,2,3,3,36,86,420,540,4,5
2881,12,518,14,2,3,1,65,13,180,300,2,5
2882,4,25,5,1,3,1,49,25,0,300,1,5
2883,2,305,2,2,3,2,3,62,420,540,4,5
2884,6,369,6,2,3,2,16,66,420,540,4,5
2885,13,413,14,2,3,3,36,64,300,600,1,5
2886,10,476,12,2,3,2,61,56,60,180,3,5
2887,13,173,14,1,3,1,74,66,60,180,3,5
2888,4,317,4,2,3,3,40,82,420,540,1,5
2889,5,64,5,2,3,3,66,98,180,300,1,5
2890,11,168,11,1,3,2,81,3,180,300,3,5
2891,5,549,6,2,3,1,22,81,420,540,1,5
2892,4,304,4,2,3,1,85,13,420,540,2,5
2893,6,106,6,1,3,3,54,50,180,300,3,5
2894,14,331,14,2,3,1,28,98,420,540,3,5
2895,13,87,13,1,3,1,66,16,180,300,4,5
2896,4,227,5,1,3,3,51,61,60,180,2,5
2897,14,445,16,1,3,2,10,66,60,180,4,5
2898,11,293,12,1,3,2,75,28,60,180,2,5
2899,1,315,1,2,3,1,66,38,420,540,3,5
2900,6,90,6,1,3,2,55,17,180,300,2,5
2901,4,400,5,2,3,2,17,85,300,600,1,5
2902,9,53,9,2,3,3,29,22,60,180,1,5
2903,8,287,8,2,3,1,3,97,300,600,2,5
2904,13,167,14,1,3,2,84,75,180,300,2,5
2905,4,291,4,2,3,1,21,73,420,540,4,5
2906,8,318,8,2,3,1,15,76,420,540,4,5
2907,4,555,6,2,3,2,3,95,0,300,4,5
2908,10,325,10,2,3,2,80,91,420,540,1,5
2909,9,206,9,2,3,2,95,16,300,600,1,5
2910,7,121,7,1,3,3,81,61,180,300,2,5
2911,11,0,11,2,3,2,57,76,420,540,3,5
2912,2,7,2,1,3,3,57,98,60,180,2,5
2913,11,220,11,2,3,3,55,34,300,420,1,5
2914,7,359,7,2,3,3,82,21,420,540,4,5
2915,7,596,8,1,3,1,69,79,180,300,4,5
2916,7,176,8,2,3,2,64,11,300,600,4,5
2917,2,396,3,2,3,1,87,2,420,540,1,5
2918,1,486,3,2,3,2,10,42,60,180,1,5
2919,3,181,3,2,3,1,92,24,420,540,3,5
2920,6,393,6,2,3,1,25,92,420,540,4,5
2921,2,183,2,2,3,1,86,95,300,420,2,5
2922,10,426,12,2,3,2,39,23,420,540,1,5
2923,11,492,12,1,3,3,36,85,180,300,4,5
2924,3,468,4,1,3,2,36,35,0,300,4,5
2925,9,501,10,1,3,1,38,9,0,300,1,5
2926,14,328,15,1,3,1,31,93,180,300,3,5
2927,4,273,4,2,3,3,67,49,300,420,4,5
2928,6,102,6,1,3,1,22,45,180,300,4,5
2929,10,12,11,1,3,1,26,87,0,300,4,5
2930,12,499,14,1,3,2,22,51,60,180,2,5
2931,3,41,3,1,3,3,64,87,60,180,3,5
2932,7,259,7,2,3,3,37,6,420,540,1,5
2933,2,591,3,1,3,2,49,9,60,180,2,5
2934,2,68,2,2,3,1,80,49,420,540,1,5
2935,14,38,14,1,3,1,17,89,60,180,4,5
2936,1,137,2,1,3,2,50,32,60,180,4,5
2937,8,89,8,2,3,2,73,45,420,540,3,5
2938,1,526,2,2,3,3,72,29,0,300,2,5
2939,10,481,11,2,3,3,71,25,300,420,3,5
2940,14,277,14,2,3,3,60,23,300,600,2,5
2941,1,557,2,1,3,1,94,20,60,180,3,5
2942,11,151,11,2,3,3,46,26,180,300,1,5
2943,4,192,5,1,3,2,78,57,60,180,2,5
2944,2,185,4,2,3,2,73,37,60,180,2,5
2945,2,355,2,2,3,1,40,40,420,540,2,5
2946,8,431,9,1,3,2,8,39,0,300,3,5
2947,1,142,1,2,3,3,65,93,300,420,2,5
2948,5,398,5,2,3,3,43,61,420,540,3,5
2949,13,81,13,1,3,1,28,39,180,300,3,5
2950,14,276,14,2,3,2,4,53,300,420,2,5
2951,8,390,8,2,3,2,78,0,420,540,1,5
2952,2,527,4,2,3,1,67,34,60,180,2,5
2953,7,111,7,2,3,3,16,58,180,300,3,5
2954,2,454,4,1,3,2,49,9,0,300,2,5
2955,11,519,12,1,3,2,94,7,180,300,1,5
2956,2,407,3,1,3,3,8,27,60,180,1,5
2957,12,410,12,2,3,1,97,89,420,540,1,5
2958,5,221,6,1,3,1,50,27,180,300,1,5
2959,7,240,8,1,3,1,6,56,60,180,3,5
2960,12,155,13,2,3,1,10,61,180,300,2,5
2961,10,205,11,1,3,2,61,78,0,300,4,5
2962,3,492,4,1,3,1,69,18,0,300,2,5
2963,4,581,6,1,3,2,36,37,60,180,2,5
2964,11,518,12,2,3,2,92,91,0,300,3,5
2965,10,584,12,2,3,1,84,100,0,300,2,5
2966,5,590,7,1,3,2,72,43,0,300,3,5
2967,12,550,13,1,3,2,8,42,0,300,4,5
2968,1,398,1,2,3,1,29,77,420,540,4,5
2969,5,598,6,1,3,3,19,97,60,180,2,5
2970,1,163,1,1,3,3,27,13,180,300,1,5
2971,11,220,12,1,3,3,88,16,0,300,2,5
2972,3,576,5,1,3,1,92,56,0,300,1,5
2973,11,283,12,2,3,1,75,35,60,180,2,5
2974,5,50,5,1,3,3,82,23,60,180,1,5
2975,1,186,2,2,3,1,24,11,420,540,4,5
2976,5,424,7,1,3,3,100,94,180,300,2,5
2977,4,223,4,2,3,1,58,8,300,600,3,5
2978,9,525,11,1,3,1,29,99,180,300,3,5
2979,5,567,6,1,3,1,3,31,0,300,3,5
2980,10,196,10,2,3,1,38,32,300,600,4,5
2981,7,4,7,1,3,2,91,19,60,180,1,5
2982,7,175,7,2,3,3,5,100,420,540,2,5
2983,10,521,12,1,3,3,78,31,60,180,1,5
2984,8,28,8,1,3,3,89,14,60,180,1,5
2985,4,407,6,1,3,3,9,39,0,300,4,5
2986,2,231,2,2,3,3,83,22,420,540,3,5
2987,2,265,2,2,3,1,39,64,420,540,2,5
2988,13,518,15,1,3,1,78,75,180,300,2,5
2989,2,468,4,1,3,1,16,34,180,300,4,5
2990,5,452,6,2,3,3,74,36,0,300,1,5
2991,9,119,9,1,3,2,61,97,180,300,3,5
2992,11,236,12,1,3,1,53,57,180,300,1,5
2993,10,232,11,1,3,3,57,81,60,180,3,5
2994,6,116,6,1,3,2,87,11,180,300,3,5
2995,10,43,10,1,3,3,11,22,60,180,1,5
2996,1,439,2,2,3,2,81,7,60,180,4,5
2997,10,247,10,2,3,2,18,28,300,600,1,5
2998,14,102,14,1,3,2,57,80,180,300,4,5
2999,12,388,13,1,3,3,100,48,180,300,4,5
3000,2,585,4,2,3,1,55,11,0,300,2,5
3001,5,521,6,1,3,2,45,76,0,300,4,5
3002,2,435,4,1,3,3,87,16,180,300,2,5
3003,9,441,10,2,3,3,45,32,300,600,1,5
3004,8,438,9,2,3,1,92,60,180,300,4,5
3005,1,2,1,1,3,1,30,13,60,180,1,5
3006,3,439,5,1,3,1,62,24,0,300,1,5
3007,3,302,3,2,3,2,24,49,420,540,2,5
3008,11,285,12,1,3,2,66,3,0,300,3,5
3009,4,319,5,1,3,3,15,29,180,300,1,5
3010,9,328,9,2,3,3,72,10,420,540,2,5
3011,6,17,7,1,3,3,40,74,0,300,4,5
3012,2,474,4,1,3,1,1,10,0,300,2,5
3013,5,330,5,2,3,3,99,31,420,540,1,5
3014,1,434,3,1,3,3,38,18,180,300,1,5
3015,6,427,7,2,3,2,54,57,420,540,1,5
3016,9,11,9,1,3,1,9,2,60,180,4,5
3017,10,191,10,2,3,3,83,96,300,600,1,5
3018,9,597,11,1,3,2,5,70,60,180,4,5
3019,10,82,11,2,3,2,85,46,0,300,3,5
3020,8,504,9,1,3,3,85,82,180,300,4,5
3021,14,106,14,1,3,3,88,51,180,300,3,5
3022,3,382,4,1,3,3,33,33,60,180,3,5
3023,7,577,8,1,3,1,91,60,60,180,2,5
3024,7,461,8,1,3,2,18,90,0,300,3,5
3025,14,217,15,1,3,3,64,33,0,300,2,5
3026,12,324,13,1,3,1,39,63,60,180,3,5
3027,6,578,7,2,3,1,67,70,420,540,3,5
3028,9,562,11,1,3,2,46,28,0,300,2,5
3029,10,587,12,2,3,2,59,78,420,540,1,5
3030,14,441,15,1,3,2,14,86,0,300,1,5
3031,9,69,9,1,3,2,89,25,180,300,1,5
3032,4,64,4,1,3,2,50,51,180,300,2,5
3033,10,422,11,2,3,2,22,74,180,300,1,5
3034,13,429,15,1,3,2,70,67,0,300,3,5
3035,10,172,11,2,3,3,3,6,300,600,4,5
3036,13,16,13,1,3,3,8,45,60,180,3,5
3037,12,268,12,2,3,3,11,41,420,540,4,5
3038,7,275,8,1,3,1,5,29,0,300,3,5
3039,14,234,16,2,3,1,27,12,420,540,4,5
3040,9,225,9,2,3,3,1,26,300,420,1,5
3041,5,570,7,1,3,2,10,28,60,180,4,5
3042,14,594,16,2,3,1,40,43,60,180,4,5
3043,14,264,14,2,3,2,34,29,420,540,4,5
3044,13,19,13,1,3,2,75,10,60,180,3,5
3045,1,118,2,2,3,3,25,72,180,300,3,5
3046,12,564,13,1,3,2,87,90,0,300,3,5
3047,7,266,7,2,3,3,77,14,300,420,4,5
3048,14,242,15,1,3,1,5,33,180,300,2,5
3049,2,317,2,2,3,1,4,20,420,540,1,5
3050,11,427,12,1,3,2,37,43,180,300,2,5
3051,3,440,4,1,3,2,37,80,0,300,4,5
3052,1,136,1,1,3,3,23,5,180,300,2,5
3053,1,283,1,2,3,3,21,25,300,420,2,5
3054,2,340,2,2,3,1,96,32,420,540,2,5
3055,1,272,1,2,3,1,64,99,300,600,3,5
3056,2,295,2,2,3,3,26,30,420,540,4,5
3057,7,23,8,1,3,1,64,8,60,180,3,5
3058,6,118,6,1,3,2,40,39,180,300,2,5
3059,3,549,5,2,3,3,3,0,60,180,2,5
3060,10,217,10,2,3,2,53,77,300,600,4,5
3061,3,564,5,1,3,2,98,11,180,300,1,5
3062,6,444,8,2,3,1,72,45,180,300,1,5
3063,13,177,13,1,3,1,22,96,180,300,3,5
3064,3,402,3,2,3,1,8,85,420,540,2,5
3065,5,511,7,1,3,3,1,14,180,300,1,5
3066,2,93,3,2,3,2,24,44,420,540,4,5
3067,8,167,8,1,3,2,86,11,180,300,1,5
3068,9,213,9,2,3,3,27,32,300,420,4,5
3069,14,484,15,2,3,2,82,89,60,180,4,5
3070,3,138,3,1,3,1,41,21,180,300,2,5
3071,2,411,2,2,3,2,24,27,420,540,2,5
3072,1,331,2,1,3,2,46,8,60,180,4,5
3073,4,170,4,1,3,2,78,17,180,300,4,5
3074,12,309,12,2,3,3,68,25,420,540,3,5
3075,3,484,5,2,3,2,84,17,420,540,2,5
3076,4,445,5,1,3,3,87,36,60,180,4,5
3077,12,427,14,1,3,2,19,73,0,300,1,5
3078,2,310,3,2,3,3,55,36,420,540,3,5
3079,4,487,6,1,3,2,37,32,60,180,1,5
3080,4,300,5,2,3,2,31,21,0,300,4,5
3081,1,581,3,1,3,2,96,91,0,300,2,5
3082,2,323,2,2,3,3,63,55,420,540,4,5
3083,12,167,13,1,3,1,18,96,180,300,3,5
3084,7,300,8,1,3,1,49,19,60,180,3,5
3085,4,445,5,1,3,2,21,32,0,300,3,5
3086,5,581,7,2,3,3,40,95,0,300,3,5
3087,10,88,11,2,3,1,25,25,420,540,1,5
3088,9,110,10,2,3,1,75,55,0,300,4,5
3089,6,71,6,1,3,1,66,51,180,300,3,5
3090,2,162,3,1,3,1,60,28,0,300,3,5
3091,5,127,5,1,3,1,54,24,180,300,4,5
3092,12,40,12,1,3,2,27,31,60,180,1,5
3093,8,567,10,1,3,3,38,43,180,300,3,5
3094,9,415,9,2,3,1,59,45,420,540,2,5
3095,14,460,16,1,3,2,11,9,60,180,3,5
3096,4,245,4,2,3,3,56,59,300,600,1,5
3097,1,395,1,2,3,3,91,63,420,540,3,5
3098,2,376,3,1,3,1,33,75,0,300,3,5
3099,8,271,8,2,3,1,90,100,420,540,1,5
3100,12,325,12,2,3,3,62,58,420,540,2,5
3101,11,471,12,1,3,3,58,45,60,180,1,5
3102,4,488,6,1,3,3,38,71,60,180,1,5
3103,7,139,7,1,3,1,45,39,180,300,4,5
3104,4,71,4,2,3,3,59,76,420,540,3,5
3105,13,82,13,1,3,1,9,21,180,300,3,5
3106,6,392,6,2,3,2,92,25,420,540,4,5
3107,14,363,15,2,3,1,68,71,180,300,4,5
3108,10,127,11,2,3,1,65,45,60,180,4,5
3109,5,535,6,1,3,1,72,9,60,180,3,5
3110,11,181,11,2,3,2,73,64,300,420,3,5
3111,6,230,7,1,3,1,77,25,180,300,2,5
3112,5,328,6,1,3,1,53,39,0,300,1,5
3113,4,348,5,1,3,1,33,7,0,300,3,5
3114,2,37,2,1,3,1,28,77,60,180,1,5
3115,3,219,4,2,3,1,6,13,0,300,2,5
3116,3,467,4,1,3,2,50,9,60,180,2,5
3117,10,508,12,1,3,1,70,97,60,180,4,5
3118,1,313,1,2,3,1,56,52,420,540,3,5
3119,6,579,8,1,3,1,31,27,0,300,4,5
3120,7,398,8,2,3,1,95,78,300,420,1,5
3121,10,327,10,2,3,2,16,76,420,540,4,5
3122,13,11,13,1,3,2,46,84,60,180,1,5
3123,7,312,7,2,3,1,32,69,420,540,2,5
3124,4,544,6,2,3,1,88,21,420,540,3,5
3125,1,574,3,2,3,2,55,26,60,180,3,5
3126,6,161,6,1,3,1,54,11,180,300,1,5
3127,10,384,10,2,3,3,58,24,420,540,1,5
3128,8,424,10,1,3,3,53,20,180,300,2,5
3129,4,291,5,1,3,2,59,40,60,180,3,5
3130,6,322,6,2,3,1,21,72,420,540,1,5
3131,8,102,10,1,3,3,81,55,180,300,3,5
3132,9,333,9,2,3,3,13,53,420,540,4,5
3133,6,297,7,2,3,1,3,69,0,300,2,5
3134,1,451,3,2,3,1,61,90,0,300,4,5
3135,13,43,14,2,3,3,99,19,420,540,1,5
3136,7,492,9,1,3,2,43,17,0,300,1,5
3137,4,160,4,1,3,1,78,24,180,300,2,5
3138,8,320,8,2,3,1,86,32,420,540,1,5
3139,10,583,11,1,3,1,16,56,180,300,4,5
3140,4,416,4,2,3,2,2,58,420,540,4,5
3141,1,125,1,1,3,3,64,65,180,300,1,5
3142,4,50,4,1,3,2,97,56,60,180,1,5
3143,9,347,10,1,3,3,77,25,0,300,4,5
3144,2,258,3,1,3,3,17,100,60,180,1,5
3145,3,291,3,2,3,2,36,91,300,600,2,5
3146,1,326,1,2,3,1,32,93,420,540,3,5
3147,6,408,7,1,3,2,26,81,180,300,2,5
3148,7,506,8,1,3,2,64,8,180,300,1,5
3149,6,358,6,2,3,2,5,59,420,540,3,5
3150,6,470,8,2,3,2,48,67,300,600,2,5
3151,4,535,5,1,3,2,75,90,180,300,2,5
3152,5,47,5,1,3,2,59,82,60,180,3,5
3153,3,81,3,1,3,1,93,30,180,300,3,5
3154,11,369,12,2,3,2,9,16,300,600,1,5
3155,5,491,7,2,3,2,13,51,420,540,2,5
3156,14,288,14,2,3,1,52,42,300,420,2,5
3157,2,277,2,2,3,1,81,68,300,600,2,5
3158,8,222,9,1,3,2,95,35,0,300,1,5
3159,11,6,12,2,3,1,96,29,420,540,4,5
3160,13,417,13,2,3,3,83,56,420,540,2,5
3161,13,510,15,1,3,2,28,43,0,300,1,5
3162,9,30,9,1,3,1,23,87,60,180,1,5
3163,12,471,13,1,3,3,85,72,60,180,3,5
3164,6,309,6,2,3,1,61,44,420,540,2,5
3165,7,294,7,2,3,2,3,19,300,600,4,5
3166,5,278,5,2,3,1,92,69,420,540,1,5
3167,12,230,12,2,3,3,67,4,420,540,2,5
3168,3,197,4,1,3,1,34,22,0,300,3,5
3169,4,214,5,2,3,3,27,3,420,540,4,5
3170,4,33,4,1,3,1,91,50,60,180,2,5
3171,12,264,13,2,3,3,20,19,0,300,4,5
3172,2,406,2,2,3,1,45,18,420,540,4,5
3173,3,121,5,2,3,2,32,34,300,420,2,5
3174,1,280,2,1,3,1,30,14,0,300,4,5
3175,1,555,2,2,3,3,26,75,0,300,4,5
3176,9,548,11,1,3,3,98,81,0,300,4,5
3177,6,455,8,2,3,2,42,53,180,300,3,5
3178,8,276,10,1,3,3,60,70,180,300,3,5
3179,1,512,2,2,3,1,25,37,300,600,2,5
3180,8,244,9,2,3,2,54,61,0,300,2,5
3181,7,310,7,2,3,3,80,62,420,540,2,5
3182,3,53,3,1,3,2,94,46,60,180,2,5
3183,12,399,14,2,3,3,55,38,0,300,2,5
3184,10,529,12,1,3,3,85,58,0,300,2,5
3185,9,552,11,2,3,3,90,4,300,420,3,5
3186,1,535,2,2,3,2,47,56,180,300,1,5
3187,5,411,5,2,3,3,23,80,420,540,3,5
3188,4,484,6,2,3,2,58,0,180,300,1,5
3189,2,585,4,1,3,3,9,88,180,300,4,5
3190,13,598,15,2,3,2,58,75,300,420,1,5
3191,12,151,13,1,3,3,1,1,180,300,4,5
3192,7,534,9,1,3,2,71,19,180,300,4,5
3193,5,427,7,1,3,3,83,82,180,300,4,5
3194,6,111,6,2,3,2,69,7,420,540,2,5
3195,4,53,5,1,3,2,88,10,60,180,1,5
3196,1,496,2,1,3,1,76,11,60,180,2,5
3197,7,363,8,1,3,2,98,38,180,300,3,5
3198,12,47,14,2,3,2,9,27,420,540,4,5
3199,12,495,14,1,3,2,60,51,60,180,4,5
3200,10,574,12,1,3,2,46,8,0,300,4,5
3201,7,297,7,2,3,2,89,52,300,420,1,5
3202,6,556,8,1,3,2,37,85,180,300,1,5
3203,5,447,6,1,3,3,41,75,60,180,2,5
3204,11,205,11,2,3,1,44,65,420,540,4,5
3205,10,432,11,1,3,1,78,7,60,180,4,5
3206,4,428,6,1,3,2,31,44,0,300,4,5
3207,9,367,9,2,3,3,32,100,420,540,2,5
3208,9,591,10,1,3,3,16,78,60,180,1,5
3209,5,535,7,2,3,3,84,19,180,300,2,5
3210,2,294,4,2,3,1,9,75,180,300,1,5
3211,9,506,11,1,3,2,31,33,60,180,3,5
3212,5,505,7,1,3,1,20,86,0,300,1,5
3213,6,60,7,1,3,3,20,91,0,300,1,5
3214,12,455,13,1,3,3,22,96,180,300,4,5
3215,9,375,9,2,3,1,39,49,420,540,1,5
3216,13,430,14,1,3,3,90,26,60,180,1,5
3217,7,288,7,2,3,3,8,40,420,540,4,5
3218,5,61,5,2,3,3,48,54,420,540,4,5
3219,12,519,13,1,3,1,23,62,180,300,2,5
3220,3,422,5,2,3,3,90,7,0,300,4,5
3221,1,176,1,1,3,3,56,50,180,300,2,5
3222,7,548,9,1,3,3,59,99,0,300,2,5
3223,11,481,13,1,3,1,25,38,180,300,2,5
3224,2,304,3,2,3,1,48,52,420,540,4,5
3225,1,139,1,1,3,3,95,28,180,300,1,5
3226,8,7,8,1,3,2,64,92,60,180,2,5
3227,2,307,3,2,3,3,78,95,0,300,3,5
3228,3,41,3,1,3,1,66,14,60,180,1,5
3229,7,528,8,1,3,3,36,68,0,300,3,5
3230,13,373,13,2,3,1,27,65,420,540,4,5
3231,13,45,14,1,3,2,5,58,180,300,4,5
3232,14,342,14,2,3,2,79,61,420,540,2,5
3233,13,175,13,1,3,2,100,58,180,300,2,5
3234,1,209,1,2,3,3,35,51,300,420,2,5
3235,10,321,10,2,3,2,54,60,420,540,4,5
3236,9,242,10,1,3,2,10,30,0,300,3,5
3237,9,77,9,1,3,2,84,39,180,300,1,5
3238,5,109,5,1,3,2,12,91,180,300,3,5
3239,11,119,12,1,3,1,70,67,0,300,1,5
3240,12,179,12,1,3,3,63,14,180,300,2,5
3241,11,77,12,2,3,1,53,78,180,300,4,5
3242,2,176,3,1,3,3,47,69,0,300,3,5
3243,5,364,5,2,3,1,80,13,420,540,3,5
3244,10,299,11,1,3,2,48,65,60,180,1,5
3245,4,378,4,2,3,3,42,5,420,540,2,5
3246,10,15,10,1,3,3,80,45,60,180,2,5
3247,8,250,8,2,3,2,21,41,420,540,4,5
3248,13,291,14,1,3,2,68,62,180,300,1,5
3249,11,474,13,1,3,1,51,69,0,300,3,5
3250,13,417,13,2,3,3,89,74,420,540,2,5
3251,5,166,6,1,3,2,14,3,0,300,4,5
3252,13,518,15,1,3,1,9,20,60,180,2,5
3253,7,517,8,1,3,3,35,58,180,300,4,5
3254,11,597,13,1,3,1,40,92,60,180,1,5
3255,12,175,12,1,3,2,24,26,180,300,3,5
3256,1,241,1,2,3,3,48,93,420,540,4,5
3257,6,318,6,2,3,2,40,45,420,540,4,5
3258,4,18,5,2,3,1,38,62,60,180,2,5
3259,6,24,6,1,3,2,31,62,60,180,3,5
3260,9,349,9,2,3,2,61,34,420,540,3,5
3261,7,67,9,2,3,3,63,39,60,180,1,5
3262,2,8,2,2,3,3,66,0,180,300,2,5
3263,10,483,11,1,3,1,58,21,60,180,3,5
3264,8,471,9,1,3,3,49,12,0,300,1,5
3265,3,248,3,2,3,3,26,58,420,540,3,5
3266,11,355,11,2,3,3,68,43,420,540,1,5
3267,6,174,8,1,3,1,59,31,180,300,4,5
3268,12,122,12,1,3,3,80,6,180,300,2,5
3269,12,163,13,1,3,3,89,56,60,180,4,5
3270,5,502,6,1,3,1,91,25,60,180,3,5
3271,13,491,15,1,3,3,89,42,0,300,3,5
3272,2,406,4,1,3,2,0,21,0,300,4,5
3273,1,362,2,1,3,1,32,46,180,300,3,5
3274,14,155,14,1,3,1,86,74,180,300,4,5
3275,10,141,10,1,3,2,32,5,180,300,2,5
3276,4,479,5,2,3,1,95,16,0,300,3,5
3277,11,511,12,1,3,2,20,94,60,180,1,5
3278,1,185,1,2,3,1,95,58,420,540,2,5
3279,10,225,11,1,3,1,49,38,180,300,2,5
3280,11,113,11,1,3,2,18,76,180,300,2,5
3281,11,350,11,2,3,1,21,88,420,540,2,5
3282,7,304,7,2,3,2,20,34,420,540,3,5
3283,10,532,11,2,3,1,62,54,0,300,3,5
3284,6,316,6,2,3,3,100,17,420,540,4,5
3285,12,381,12,2,3,2,0,43,420,540,4,5
3286,5,588,7,1,3,2,43,29,180,300,4,5
3287,4,286,4,2,3,1,52,24,420,540,1,5
3288,3,426,5,1,3,2,39,64,0,300,4,5
3289,11,418,11,2,3,3,42,64,420,540,2,5
3290,8,301,8,2,3,3,62,63,420,540,1,5
3291,14,82,14,2,3,3,39,31,420,540,2,5
3292,5,268,6,1,3,1,52,62,180,300,1,5
3293,11,563,12,1,3,3,38,17,0,300,1,5
3294,10,180,11,2,3,3,22,35,300,420,1,5
3295,1,459,2,1,3,3,2,61,60,180,4,5
3296,10,125,11,1,3,2,11,93,180,300,2,5
3297,12,318,12,2,3,1,1,23,420,540,4,5
3298,10,206,10,2,3,1,85,95,420,540,3,5
3299,8,171,8,2,3,2,50,28,420,540,1,5
3300,9,409,9,2,3,2,64,20,420,540,1,5
3301,11,323,12,1,3,3,98,82,0,300,1,5
3302,12,179,13,2,3,1,60,22,0,300,1,5
3303,7,90,8,1,3,3,21,92,180,300,3,5
3304,7,174,8,1,3,2,8,15,60,180,1,5
3305,4,359,4,2,3,3,27,81,420,540,1,5
3306,4,423,6,1,3,2,98,87,60,180,1,5
3307,3,227,3,2,3,1,87,2,300,600,3,5
3308,8,156,8,2,3,2,42,25,420,540,3,5
3309,4,149,4,1,3,3,27,54,180,300,2,5
3310,4,2,5,1,3,1,27,26,60,180,2,5
3311,14,195,15,1,3,1,92,16,180,300,2,5
3312,8,251,8,2,3,2,10,88,420,540,4,5
3313,4,493,6,1,3,3,10,74,180,300,3,5
3314,4,487,5,1,3,2,53,16,0,300,3,5
3315,10,156,11,2,3,3,73,21,420,540,1,5
3316,4,354,5,2,3,2,24,23,0,300,3,5
3317,10,432,12,1,3,3,12,55,60,180,4,5
3318,4,247,4,2,3,3,50,58,420,540,3,5
3319,8,258,9,2,3,3,59,51,180,300,3,5
3320,12,333,13,1,3,2,21,17,60,180,1,5
3321,7,372,7,2,3,1,8,25,420,540,1,5
3322,3,207,3,2,3,2,96,41,300,420,3,5
3323,9,581,10,1,3,3,54,10,180,300,4,5
3324,1,474,2,1,3,1,79,67,180,300,1,5
3325,2,268,3,1,3,1,50,97,60,180,1,5
3326,3,530,4,2,3,2,41,91,0,300,2,5
3327,11,80,11,2,3,1,51,35,300,600,1,5
3328,1,464,3,2,3,2,20,14,180,300,1,5
3329,4,150,4,1,3,1,9,99,180,300,2,5
3330,6,185,6,2,3,1,19,98,300,600,3,5
3331,3,482,4,1,3,1,15,13,0,300,1,5
3332,11,554,12,1,3,1,1,15,180,300,4,5
3333,13,24,13,1,3,1,89,49,60,180,4,5
3334,1,37,1,1,3,2,89,19,60,180,2,5
3335,14,170,14,1,3,1,38,98,180,300,1,5
3336,13,456,14,1,3,2,76,55,60,180,4,5
3337,8,350,9,2,3,1,74,52,180,300,1,5
3338,8,410,9,1,3,1,49,91,0,300,2,5
3339,4,599,6,2,3,1,57,12,180,300,2,5
3340,4,547,5,2,3,2,35,71,420,540,2,5
3341,3,542,4,1,3,2,58,90,60,180,4,5
3342,2,494,4,2,3,1,72,32,300,600,2,5
3343,13,444,15,2,3,2,100,39,180,300,3,5
3344,10,25,11,1,3,1,20,41,60,180,4,5
3345,10,460,12,1,3,3,78,85,180,300,3,5
3346,5,45,6,1,3,1,29,64,180,300,2,5
3347,8,263,9,2,3,1,34,65,300,420,3,5
3348,7,48,8,2,3,2,41,6,300,600,3,5
3349,11,113,11,2,3,1,52,66,420,540,1,5
3350,12,122,12,1,3,1,19,70,180,300,4,5
3351,1,530,3,1,3,2,77,89,0,300,1,5
3352,2,379,2,2,3,1,52,77,420,540,4,5
3353,6,35,6,2,3,3,41,15,60,180,2,5
3354,8,509,9,1,3,1,7,93,0,300,1,5
3355,8,41,8,1,3,3,11,97,60,180,2,5
3356,6,284,6,2,3,3,83,28,420,540,3,5
3357,1,352,1,2,3,3,95,7,420,540,2,5
3358,9,250,10,1,3,1,19,84,0,300,1,5
3359,1,276,1,2,3,3,92,100,420,540,4,5
3360,9,412,9,2,3,1,53,0,420,540,1,5
3361,5,468,6,1,3,3,45,1,0,300,3,5
3362,6,175,6,1,3,1,38,18,180,300,4,5
3363,13,388,14,2,3,1,0,32,60,180,3,5
3364,13,198,13,2,3,2,45,98,300,600,2,5
3365,11,367,12,1,3,1,22,55,0,300,3,5
3366,3,72,3,1,3,2,26,1,180,300,4,5
3367,14,120,14,1,3,3,1,64,180,300,3,5
3368,3,44,4,2,3,2,38,14,0,300,2,5
3369,1,208,2,1,3,1,26,73,180,300,2,5
3370,11,60,11,1,3,2,98,13,180,300,4,5
3371,12,142,12,1,3,3,100,16,180,300,4,5
3372,10,526,11,2,3,2,92,86,0,300,3,5
3373,12,360,12,2,3,1,58,84,420,540,3,5
3374,3,143,3,1,3,3,60,75,180,300,3,5
3375,14,235,15,1,3,1,83,97,60,180,2,5
3376,5,51,5,1,3,2,77,95,60,180,2,5
3377,1,108,1,2,3,2,71,95,180,300,2,5
3378,8,362,8,2,3,2,86,13,420,540,3,5
3379,14,339,15,2,3,2,82,14,60,180,4,5
3380,13,574,15,2,3,2,75,47,180,300,4,5
3381,12,300,13,2,3,1,16,57,180,300,4,5
3382,4,514,6,2,3,2,83,21,0,300,1,5
3383,14,265,14,2,3,1,16,12,420,540,1,5
3384,7,420,7,2,3,3,38,96,420,540,1,5
3385,4,378,5,1,3,2,72,48,180,300,4,5
3386,12,200,12,2,3,1,12,74,300,600,3,5
3387,6,508,7,1,3,2,45,52,60,180,1,5
3388,7,286,8,1,3,3,54,67,0,300,2,5
3389,2,359,2,2,3,2,46,78,420,540,4,5
3390,2,300,2,2,3,1,55,1,420,540,3,5
3391,2,249,2,2,3,2,47,54,300,420,4,5
3392,2,506,4,2,3,1,2,26,420,540,2,5
3393,4,574,6,1,3,2,15,50,0,300,2,5
3394,1,261,2,2,3,1,55,25,420,540,4,5
3395,13,147,13,1,3,1,80,99,180,300,1,5
3396,3,398,4,1,3,3,28,78,180,300,4,5
3397,2,529,4,1,3,2,18,69,180,300,1,5
3398,3,287,3,2,3,3,41,25,300,600,1,5
3399,1,103,1,2,3,1,52,89,420,540,2,5
3400,7,237,9,1,3,1,74,54,0,300,3,5
3401,4,430,6,2,3,3,100,10,60,180,2,5
3402,2,439,4,2,3,3,37,83,420,540,2,5
3403,12,510,13,2,3,2,26,95,420,540,3,5
3404,1,260,2,1,3,3,43,50,60,180,4,5
3405,13,599,14,1,3,1,78,6,60,180,4,5
3406,10,473,12,2,3,1,74,77,180,300,2,5
3407,5,272,7,2,3,2,37,18,420,540,2,5
3408,6,221,6,2,3,1,91,29,420,540,3,5
3409,9,39,10,2,3,1,15,79,300,600,3,5
3410,2,376,2,2,3,2,18,1,420,540,3,5
3411,5,218,5,2,3,1,27,71,420,540,2,5
3412,8,517,10,1,3,2,91,68,180,300,4,5
3413,1,355,2,2,3,3,59,17,60,180,3,5
3414,1,117,2,2,3,1,61,11,420,540,3,5
3415,14,385,14,2,3,3,16,4,420,540,2,5
3416,11,48,12,1,3,3,76,48,60,180,1,5
3417,3,159,5,1,3,3,54,95,180,300,3,5
3418,3,584,4,1,3,3,66,55,0,300,4,5
3419,3,517,5,2,3,1,72,51,420,540,3,5
3420,7,523,8,1,3,1,22,24,0,300,2,5
3421,14,176,14,2,3,2,53,11,420,540,4,5
3422,7,204,8,1,3,3,81,11,180,300,1,5
3423,1,495,3,1,3,2,95,66,60,180,1,5
3424,6,296,7,1,3,1,12,2,0,300,3,5
3425,5,446,7,1,3,2,99,5,180,300,3,5
3426,10,245,10,2,3,3,33,78,300,420,1,5
3427,8,322,9,2,3,1,7,40,300,600,2,5
3428,14,2,14,2,3,2,90,22,60,180,3,5
3429,8,348,8,2,3,2,50,38,420,540,4,5
3430,4,98,5,2,3,2,92,56,180,300,4,5
3431,10,545,12,1,3,3,27,48,60,180,1,5
3432,8,579,10,1,3,3,46,80,0,300,3,5
3433,5,338,6,1,3,1,78,95,180,300,2,5
3434,11,313,11,2,3,2,54,70,420,540,3,5
3435,7,407,8,1,3,1,32,61,60,180,4,5
3436,7,586,8,1,3,2,92,92,180,300,4,5
3437,8,25,8,1,3,2,34,53,60,180,4,5
3438,13,396,13,2,3,1,97,27,420,540,4,5
3439,7,379,8,1,3,2,70,33,180,300,3,5
3440,4,455,5,1,3,3,15,22,0,300,1,5
3441,4,495,5,1,3,1,87,35,0,300,1,5
3442,9,128,9,1,3,3,10,45,180,300,3,5
3443,4,569,6,2,3,2,92,83,0,300,1,5
3444,7,240,7,2,3,1,41,68,420,540,4,5
3445,10,205,11,2,3,3,46,5,180,300,1,5
3446,4,41,4,1,3,1,80,68,60,180,4,5
3447,4,373,4,2,3,3,44,94,420,540,2,5
3448,13,320,15,1,3,2,93,20,0,300,1,5
3449,10,141,11,1,3,3,46,99,0,300,2,5
3450,1,278,1,2,3,3,52,37,300,420,2,5
3451,1,32,1,1,3,1,0,86,60,180,1,5
3452,2,212,3,1,3,1,38,62,60,180,1,5
3453,2,62,2,1,3,1,49,48,180,300,2,5
3454,1,59,1,2,3,1,62,20,180,300,3,5
3455,3,552,4,1,3,1,51,84,180,300,1,5
3456,6,487,8,1,3,2,38,36,0,300,3,5
3457,3,97,3,2,3,2,78,24,180,300,4,5
3458,11,203,12,2,3,3,95,74,420,540,3,5
3459,3,60,3,2,3,1,26,35,60,180,3,5
3460,9,375,9,2,3,3,6,19,420,540,3,5
3461,14,200,14,2,3,2,50,95,420,540,4,5
3462,10,441,12,2,3,3,9,64,60,180,4,5
3463,8,596,9,1,3,1,17,40,0,300,3,5
3464,9,594,11,2,3,1,56,37,0,300,4,5
3465,13,408,13,2,3,1,62,40,420,540,1,5
3466,12,409,13,2,3,1,66,23,300,600,1,5
3467,4,273,5,1,3,1,54,17,0,300,4,5
3468,4,425,6,1,3,2,89,40,0,300,2,5
3469,13,50,13,1,3,2,53,98,60,180,3,5
3470,5,373,5,2,3,2,75,73,420,540,3,5
3471,10,89,10,2,3,1,37,42,420,540,4,5
3472,4,419,5,1,3,3,66,29,60,180,4,5
3473,5,110,6,2,3,2,47,58,180,300,1,5
3474,10,195,11,2,3,1,96,87,180,300,2,5
3475,4,160,6,1,3,1,50,47,60,180,3,5
3476,8,434,10,1,3,2,29,56,60,180,2,5
3477,8,29,8,1,3,3,50,25,60,180,4,5
3478,2,344,2,2,3,3,47,38,420,540,4,5
3479,8,476,10,1,3,2,13,87,180,300,3,5
3480,8,69,8,2,3,1,57,18,300,600,2,5
3481,5,473,6,1,3,2,12,25,0,300,3,5
3482,4,460,6,1,3,1,98,33,0,300,4,5
3483,10,389,11,2,3,1,45,2,420,540,1,5
3484,1,521,3,1,3,3,94,34,180,300,1,5
3485,2,50,2,1,3,3,67,57,60,180,4,5
3486,7,349,7,2,3,2,20,27,420,540,4,5
3487,1,262,1,2,3,1,8,35,300,600,3,5
3488,6,332,6,2,3,1,74,2,420,540,4,5
3489,12,1,12,2,3,1,91,40,180,300,4,5
3490,6,106,7,2,3,1,57,28,60,180,4,5
3491,10,484,11,1,3,3,87,85,0,300,3,5
3492,6,393,6,2,3,1,4,95,420,540,2,5
3493,12,492,13,2,3,1,26,51,420,540,3,5
3494,12,29,12,2,3,3,29,26,0,300,4,5
3495,14,365,14,2,3,1,60,100,420,540,2,5
3496,3,31,4,2,3,1,15,91,180,300,1,5
3497,3,389,3,2,3,2,48,30,420,540,4,5
3498,5,140,7,1,3,2,82,99,180,300,3,5
3499,8,533,10,1,3,2,90,17,0,300,1,5
3500,2,476,4,2,3,3,48,25,60,180,1,5
3501,9,93,9,2,3,1,18,53,420,540,3,5
3502,12,327,12,2,3,2,95,34,420,540,1,5
3503,3,248,4,2,3,1,66,21,420,540,2,5
3504,1,389,2,1,3,3,83,93,0,300,3,5
3505,13,523,14,2,3,2,38,41,180,300,4,5
3506,2,209,2,2,3,1,40,31,420,540,3,5
3507,8,524,9,1,3,1,21,14,180,300,3,5
3508,9,4,9,1,3,1,15,0,60,180,2,5
3509,10,65,10,2,3,3,66,67,180,300,3,5
3510,3,474,5,1,3,3,87,65,0,300,2,5
3511,8,277,9,2,3,3,16,54,60,180,2,5
3512,4,595,6,2,3,2,29,3,420,540,4,5
3513,11,285,11,2,3,1,24,30,300,420,3,5
3514,10,395,10,2,3,2,87,82,420,540,4,5
3515,11,290,12,2,3,1,9,92,0,300,3,5
3516,3,138,3,1,3,3,94,43,180,300,2,5
3517,9,152,9,1,3,1,47,20,180,300,4,5
3518,14,552,15,1,3,1,67,20,180,300,4,5
3519,5,31,6,2,3,3,99,94,180,300,1,5
3520,2,174,3,2,3,3,72,48,0,300,4,5
3521,10,41,10,1,3,1,50,67,60,180,4,5
3522,8,264,9,1,3,1,39,60,180,300,2,5
3523,3,593,5,2,3,2,61,31,0,300,3,5
3524,7,25,9,1,3,3,73,60,60,180,2,5
3525,5,530,7,1,3,3,70,7,180,300,3,5
3526,7,273,8,1,3,2,4,27,60,180,4,5
3527,11,344,11,2,3,1,39,10,420,540,3,5
3528,6,133,6,1,3,1,53,49,180,300,2,5
3529,8,351,9,2,3,3,60,1,420,540,3,5
3530,14,333,15,2,3,1,20,71,0,300,2,5
3531,13,91,13,2,3,2,27,43,300,420,1,5
3532,14,11,15,1,3,2,84,0,180,300,3,5
3533,5,263,7,1,3,3,44,0,180,300,4,5
3534,4,18,4,2,3,2,78,27,180,300,1,5
3535,13,469,14,2,3,1,53,69,0,300,1,5
3536,4,507,5,1,3,1,54,18,60,180,4,5
3537,3,127,3,1,3,1,21,56,180,300,2,5
3538,14,105,15,1,3,1,90,68,0,300,1,5
3539,2,427,3,2,3,2,14,67,420,540,1,5
3540,3,155,3,1,3,2,73,57,180,300,2,5
3541,6,206,6,2,3,1,55,94,420,540,2,5
3542,1,10,1,2,3,3,58,18,420,540,2,5
3543,13,164,14,1,3,3,37,25,0,300,1,5
3544,4,521,6,2,3,3,29,46,0,300,4,5
3545,3,229,4,1,3,2,78,97,60,180,2,5
3546,6,461,8,2,3,1,25,73,300,420,1,5
3547,3,564,4,2,3,3,54,7,60,180,2,5
3548,9,46,9,1,3,2,77,14,60,180,1,5
3549,14,47,14,1,3,3,68,80,60,180,3,5
3550,12,85,12,1,3,2,44,67,180,300,3,5
3551,5,540,6,1,3,3,16,21,180,300,1,5
3552,3,14,4,1,3,3,33,98,180,300,1,5
3553,2,227,2,2,3,1,44,79,300,600,1,5
3554,1,498,3,1,3,3,58,85,0,300,3,5
3555,4,216,5,2,3,2,98,85,420,540,2,5
3556,6,359,6,2,3,3,44,29,420,540,2,5
3557,3,361,3,2,3,2,21,7,420,540,4,5
3558,3,139,3,2,3,3,48,68,180,300,3,5
3559,11,371,11,2,3,1,1,8,420,540,2,5
3560,7,449,9,2,3,2,31,76,300,600,2,5
3561,6,68,7,1,3,1,77,6,60,180,3,5
3562,2,34,3,1,3,1,98,80,0,300,4,5
3563,11,600,13,1,3,3,2,48,0,300,2,5
3564,1,164,1,2,3,3,60,67,180,300,1,5
3565,13,373,13,2,3,2,60,36,420,540,4,5
3566,3,154,3,1,3,1,36,54,180,300,1,5
3567,13,356,14,1,3,1,67,48,180,300,1,5
3568,2,209,2,2,3,1,77,84,420,540,4,5
3569,9,236,9,2,3,3,65,100,420,540,1,5
3570,13,505,14,1,3,1,27,41,180,300,4,5
3571,2,275,2,2,3,2,49,62,420,540,2,5
3572,7,501,9,2,3,2,98,53,300,600,1,5
3573,14,297,14,2,3,1,44,63,420,540,1,5
3574,10,77,10,1,3,2,0,34,180,300,3,5
3575,11,415,12,1,3,3,65,34,60,180,3,5
3576,3,581,5,1,3,3,2,90,180,300,3,5
3577,10,33,11,1,3,2,96,89,180,300,4,5
3578,3,8,3,2,3,1,32,9,180,300,3,5
3579,13,234,14,1,3,1,30,95,60,180,4,5
3580,5,72,6,1,3,2,86,29,60,180,2,5
3581,11,197,11,2,3,2,68,64,420,540,1,5
3582,12,350,13,1,3,3,74,9,60,180,4,5
3583,8,375,9,2,3,1,95,91,60,180,2,5
3584,7,419,7,2,3,2,7,62,420,540,2,5
3585,4,376,4,2,3,2,98,30,420,540,3,5
3586,3,166,4,1,3,3,12,31,180,300,3,5
3587,5,205,6,2,3,3,61,73,180,300,3,5
3588,13,285,13,2,3,3,98,41,420,540,1,5
3589,9,241,9,2,3,3,91,20,300,420,2,5
3590,10,213,10,2,3,2,52,86,420,540,2,5
3591,13,521,15,1,3,1,23,60,60,180,3,5
3592,5,498,6,1,3,3,35,48,60,180,2,5
3593,8,59,10,2,3,2,43,68,300,600,2,5
3594,8,419,9,2,3,2,96,2,180,300,2,5
3595,14,257,15,2,3,2,96,42,300,420,3,5
3596,2,324,2,2,3,1,47,33,420,540,1,5
3597,10,157,12,1,3,1,65,20,60,180,4,5
3598,3,322,3,2,3,2,74,14,420,540,2,5
3599,14,33,14,2,3,2,29,15,300,600,1,5
3600,3,23,3,1,3,1,18,98,60,180,2,5
3601,13,580,14,1,3,3,58,62,60,180,3,5
3602,8,159,8,1,3,3,74,61,180,300,4,5
3603,10,509,11,1,3,1,36,69,180,300,3,5
3604,6,550,8,1,3,1,82,10,0,300,1,5
3605,13,66,13,2,3,3,13,23,180,300,1,5
3606,2,283,2,2,3,3,73,3,420,540,2,5
3607,7,581,9,1,3,2,26,68,0,300,2,5
3608,2,95,2,1,3,2,28,32,180,300,1,5
3609,10,126,12,2,3,2,0,36,300,600,4,5
3610,9,221,10,2,3,1,38,29,300,420,3,5
3611,7,287,7,2,3,1,78,83,420,540,2,5
3612,7,348,7,2,3,3,82,39,420,540,4,5
3613,10,401,10,2,3,2,57,74,420,540,1,5
3614,12,126,12,2,3,2,90,68,180,300,4,5
3615,5,132,6,1,3,3,90,8,0,300,1,5
3616,13,595,14,1,3,3,42,57,0,300,1,5
3617,4,246,4,2,3,1,39,23,420,540,4,5
3618,3,50,4,1,3,2,68,32,180,300,4,5
3619,13,263,13,2,3,1,25,48,300,420,1,5
3620,3,171,3,2,3,2,27,0,420,540,4,5
3621,7,102,8,2,3,2,57,0,300,600,1,5
3622,14,184,14,2,3,2,14,49,300,420,3,5
3623,5,490,7,2,3,1,2,89,60,180,4,5
3624,2,82,3,2,3,3,99,14,300,420,1,5
3625,4,431,6,1,3,2,3,57,0,300,4,5
3626,4,307,4,2,3,2,10,45,420,540,3,5
3627,14,391,14,2,3,3,3,29,420,540,3,5
3628,13,192,14,1,3,1,78,4,180,300,1,5
3629,2,521,4,1,3,3,62,59,180,300,1,5
3630,12,567,13,1,3,3,43,19,60,180,3,5
3631,13,495,14,1,3,3,99,100,0,300,2,5
3632,2,564,3,1,3,2,1,100,180,300,1,5
3633,10,133,10,2,3,2,74,72,300,600,3,5
3634,9,449,11,1,3,2,15,58,60,180,3,5
3635,10,549,12,1,3,3,82,84,0,300,4,5
3636,3,261,3,2,3,1,41,56,420,540,2,5
3637,11,297,12,1,3,3,90,43,180,300,1,5
3638,2,329,3,2,3,2,87,71,60,180,3,5
3639,10,377,10,2,3,3,23,71,420,540,4,5
3640,3,304,3,2,3,1,87,84,420,540,2,5
3641,8,390,8,2,3,3,44,23,420,540,3,5
3642,5,274,6,2,3,1,36,94,300,600,3,5
3643,6,383,8,2,3,2,17,6,300,420,1,5
3644,2,558,3,1,3,3,34,51,180,300,3,5
3645,2,354,2,2,3,3,71,65,420,540,4,5
3646,3,428,4,2,3,2,27,25,60,180,3,5
3647,1,137,1,2,3,3,28,94,300,600,4,5
3648,10,232,10,2,3,3,16,22,420,540,3,5
3649,2,329,3,1,3,3,30,70,180,300,1,5
3650,9,521,10,1,3,2,86,46,180,300,3,5
3651,14,565,15,1,3,3,15,86,0,300,4,5
3652,1,99,1,1,3,2,66,92,180,300,1,5
3653,5,373,5,2,3,2,80,69,420,540,2,5
3654,10,158,11,1,3,2,12,75,0,300,3,5
3655,11,184,11,2,3,2,81,29,300,600,1,5
3656,11,70,11,1,3,3,91,14,180,300,1,5
3657,6,283,7,1,3,1,47,93,180,300,3,5
3658,5,564,7,2,3,2,31,5,420,540,4,5
3659,12,542,13,1,3,2,94,25,60,180,3,5
3660,3,284,4,2,3,1,73,52,420,540,4,5
3661,2,116,2,1,3,2,30,71,180,300,1,5
3662,2,66,3,2,3,3,48,5,300,600,3,5
3663,12,411,13,1,3,3,8,35,60,180,2,5
3664,5,101,6,2,3,2,48,10,60,180,4,5
3665,13,438,15,1,3,3,68,21,60,180,3,5
3666,4,446,5,2,3,2,90,93,420,540,3,5
3667,7,421,8,2,3,2,89,19,0,300,3,5
3668,13,341,13,2,3,1,79,29,420,540,1,5
3669,5,129,6,1,3,3,6,11,60,180,1,5
3670,14,381,14,2,3,3,33,64,420,540,2,5
3671,7,420,8,1,3,1,68,18,0,300,2,5
3672,14,431,15,2,3,3,82,52,60,180,2,5
3673,7,81,7,1,3,2,73,95,180,300,4,5
3674,3,5,3,1,3,1,33,4,60,180,4,5
3675,12,8,13,2,3,2,10,48,60,180,2,5
3676,9,549,10,1,3,1,98,39,0,300,1,5
3677,8,288,9,1,3,1,9,79,0,300,2,5
3678,8,534,9,1,3,1,82,47,60,180,3,5
3679,13,375,13,2,3,1,23,19,420,540,2,5
3680,6,225,7,2,3,2,58,3,60,180,1,5
3681,4,218,4,2,3,3,82,40,420,540,2,5
3682,8,488,9,1,3,1,85,74,0,300,3,5
3683,14,188,15,1,3,2,13,15,180,300,1,5
3684,7,215,8,2,3,3,57,89,420,540,2,5
3685,8,600,10,1,3,3,64,8,60,180,1,5
3686,5,115,6,1,3,1,5,40,0,300,3,5
3687,11,339,11,2,3,1,26,60,420,540,2,5
3688,1,277,1,2,3,3,16,24,420,540,2,5
3689,10,194,11,1,3,3,93,40,60,180,3,5
3690,2,334,3,1,3,1,100,71,0,300,4,5
3691,13,38,15,2,3,1,71,100,420,540,4,5
3692,1,32,1,1,3,2,70,43,60,180,1,5
3693,3,61,4,1,3,2,14,67,0,300,4,5
3694,7,302,7,2,3,2,26,2,420,540,1,5
3695,7,582,9,1,3,2,30,14,180,300,4,5
3696,2,71,3,2,3,3,52,5,60,180,4,5
3697,1,11,1,1,3,3,94,65,60,180,3,5
3698,8,557,10,2,3,2,68,20,180,300,3,5
3699,13,418,15,1,3,3,66,19,180,300,2,5
3700,3,230,4,2,3,3,46,60,60,180,1,5
3701,5,190,7,2,3,2,56,66,0,300,4,5
3702,5,223,5,2,3,3,81,8,300,600,1,5
3703,4,521,6,2,3,2,35,43,180,300,3,5
3704,12,381,13,2,3,2,88,19,420,540,1,5
3705,14,587,15,1,3,1,97,7,180,300,4,5
3706,3,335,3,2,3,1,1,29,420,540,4,5
3707,14,387,14,2,3,2,11,17,420,540,1,5
3708,3,435,4,1,3,3,17,29,60,180,3,5
3709,9,126,10,1,3,2,30,21,0,300,3,5
3710,9,482,11,1,3,2,45,48,180,300,2,5
3711,2,555,3,1,3,3,58,87,60,180,3,5
3712,5,438,6,1,3,2,48,98,180,300,2,5
3713,13,582,14,1,3,1,2,32,60,180,4,5
3714,1,173,2,2,3,1,68,12,300,600,3,5
3715,4,351,4,2,3,3,33,36,420,540,1,5
3716,8,397,9,1,3,3,60,31,0,300,4,5
3717,14,134,14,1,3,1,83,41,180,300,1,5
3718,2,293,3,2,3,2,51,57,180,300,2,5
3719,3,55,3,1,3,3,6,69,60,180,4,5
3720,3,596,4,2,3,1,44,14,420,540,2,5
3721,5,461,7,1,3,3,99,35,180,300,3,5
3722,13,309,14,1,3,2,72,96,180,300,3,5
3723,3,324,3,2,3,1,14,41,420,540,3,5
3724,7,428,9,1,3,2,62,58,60,180,2,5
3725,1,82,1,2,3,3,94,37,420,540,2,5
3726,4,467,6,1,3,3,9,92,180,300,3,5
3727,12,530,13,1,3,3,19,15,60,180,4,5
3728,12,307,12,2,3,3,14,72,420,540,4,5
3729,11,156,11,1,3,2,17,45,180,300,2,5
3730,11,176,12,2,3,1,28,26,300,420,4,5
3731,3,295,3,2,3,1,68,4,420,540,4,5
3732,13,200,13,2,3,1,68,50,300,420,2,5
3733,11,185,11,2,3,3,55,72,420,540,4,5
3734,13,482,14,2,3,2,55,8,0,300,2,5
3735,2,175,2,1,3,1,77,21,180,300,1,5
3736,8,556,10,2,3,1,62,64,180,300,3,5
3737,4,330,4,2,3,2,46,90,420,540,2,5
3738,5,173,5,1,3,3,99,85,180,300,4,5
3739,11,32,12,2,3,2,52,24,60,180,4,5
3740,10,19,10,2,3,3,8,5,60,180,2,5
3741,7,458,9,1,3,1,51,53,60,180,3,5
3742,13,91,13,1,3,2,32,81,180,300,1,5
3743,9,123,9,2,3,1,100,57,300,420,1,5
3744,4,302,4,2,3,1,39,21,420,540,3,5
3745,1,74,1,2,3,2,96,45,420,540,2,5
3746,9,470,11,1,3,1,77,6,60,180,1,5
3747,4,277,4,2,3,1,20,20,420,540,1,5
3748,5,441,7,2,3,3,83,83,420,540,3,5
3749,9,432,11,1,3,1,57,94,60,180,4,5
3750,1,569,2,2,3,3,24,70,180,300,4,5
3751,1,17,1,2,3,1,36,0,300,420,1,5
3752,6,364,7,1,3,1,9,7,60,180,3,5
3753,8,514,9,1,3,1,49,12,180,300,4,5
3754,2,329,2,2,3,2,59,97,420,540,1,5
3755,4,179,4,1,3,3,97,33,180,300,1,5
3756,6,470,7,1,3,2,27,28,180,300,1,5
3757,8,507,9,1,3,1,52,3,0,300,3,5
3758,10,48,12,1,3,3,88,17,60,180,1,5
3759,2,572,4,2,3,3,62,88,60,180,3,5
3760,10,600,12,1,3,1,64,73,0,300,4,5
3761,14,136,14,1,3,2,37,61,180,300,2,5
3762,11,56,12,1,3,1,45,30,60,180,2,5
3763,14,283,15,2,3,3,34,46,180,300,2,5
3764,7,46,7,1,3,3,66,20,60,180,4,5
3765,1,414,1,2,3,2,48,81,420,540,3,5
3766,2,12,3,2,3,3,36,87,300,600,2,5
3767,14,28,14,2,3,3,31,54,420,540,4,5
3768,5,573,6,1,3,1,48,43,0,300,4,5
3769,14,595,15,1,3,1,28,73,60,180,4,5
3770,4,584,6,1,3,1,18,82,0,300,1,5
3771,10,556,12,1,3,3,13,15,60,180,4,5
3772,13,395,14,1,3,2,78,28,0,300,3,5
3773,14,365,14,2,3,1,82,89,420,540,1,5
3774,13,81,13,2,3,3,80,55,300,600,3,5
3775,11,70,11,1,3,2,5,76,180,300,2,5
3776,8,511,9,2,3,3,38,73,60,180,3,5
3777,6,349,8,2,3,1,99,53,180,300,3,5
3778,1,158,2,2,3,3,84,98,420,540,2,5
3779,7,103,8,1,3,3,4,28,180,300,3,5
3780,5,30,5,1,3,2,37,77,60,180,1,5
3781,11,258,11,2,3,3,14,84,300,600,4,5
3782,10,578,12,1,3,2,73,55,60,180,4,5
3783,6,205,6,2,3,2,95,58,420,540,1,5
3784,2,250,3,1,3,2,76,81,0,300,3,5
3785,7,544,8,1,3,2,55,58,180,300,2,5
3786,2,597,4,2,3,3,3,61,180,300,3,5
3787,2,19,3,2,3,1,77,13,180,300,3,5
3788,11,204,11,2,3,1,47,19,300,420,3,5
3789,8,178,8,1,3,3,16,55,180,300,4,5
3790,6,477,7,1,3,3,35,4,60,180,2,5
3791,8,20,8,1,3,1,86,26,60,180,2,5
3792,1,234,2,1,3,3,62,18,180,300,3,5
3793,9,24,9,1,3,2,94,53,60,180,4,5
3794,10,191,11,1,3,1,32,17,60,180,1,5
3795,13,150,13,1,3,3,68,75,180,300,4,5
3796,10,9,10,2,3,2,76,26,300,420,2,5
3797,6,154,6,1,3,2,2,91,180,300,1,5
3798,3,597,4,1,3,2,2,48,60,180,1,5
3799,5,121,6,1,3,1,69,19,0,300,1,5
3800,8,87,8,1,3,3,51,45,180,300,1,5
3801,11,586,12,2,3,1,86,96,180,300,2,5
3802,13,380,13,2,3,3,29,86,420,540,3,5
3803,13,572,14,1,3,3,84,61,180,300,4,5
3804,8,419,8,2,3,1,100,18,420,540,2,5
3805,1,438,2,2,3,2,35,15,60,180,1,5
3806,4,378,4,2,3,1,80,58,420,540,1,5
3807,5,256,6,1,3,2,9,11,60,180,1,5
3808,1,228,1,2,3,3,80,64,300,600,1,5
3809,10,258,10,2,3,2,59,40,420,540,4,5
3810,4,166,4,2,3,3,5,54,300,600,2,5
3811,14,152,14,1,3,2,70,65,180,300,1,5
3812,13,199,13,2,3,3,78,95,420,540,1,5
3813,8,17,8,2,3,1,13,46,0,300,3,5
3814,2,285,2,2,3,3,14,55,420,540,1,5
3815,1,152,2,1,3,2,54,37,60,180,1,5
3816,14,2,14,2,3,3,77,90,420,540,4,5
3817,7,309,7,2,3,1,6,48,420,540,2,5
3818,3,129,3,2,3,2,95,4,180,300,1,5
3819,3,367,4,1,3,1,41,64,60,180,3,5
3820,5,550,6,1,3,1,27,54,0,300,4,5
3821,5,459,7,1,3,3,67,45,60,180,3,5
3822,6,253,6,2,3,2,4,13,300,420,4,5
3823,1,596,3,1,3,3,69,53,0,300,3,5
3824,10,104,10,1,3,3,46,48,180,300,4,5
3825,5,288,6,2,3,1,71,43,300,420,1,5
3826,6,48,6,1,3,1,52,85,60,180,3,5
3827,2,54,3,1,3,2,40,15,0,300,3,5
3828,6,310,6,2,3,3,59,47,420,540,2,5
3829,4,261,4,2,3,2,33,63,420,540,2,5
3830,2,434,4,1,3,1,76,81,180,300,4,5
3831,4,19,4,1,3,1,81,88,60,180,1,5
3832,11,142,12,1,3,3,86,65,180,300,4,5
3833,5,563,6,1,3,2,71,84,180,300,4,5
3834,12,367,14,2,3,3,38,66,420,540,1,5
3835,7,218,8,2,3,2,4,54,420,540,1,5
3836,12,478,13,1,3,1,62,72,0,300,4,5
3837,12,595,13,2,3,3,9,12,180,300,4,5
3838,5,227,5,2,3,2,65,1,420,540,4,5
3839,1,63,2,2,3,3,47,26,60,180,1,5
3840,8,399,10,2,3,3,60,77,420,540,1,5
3841,11,157,12,1,3,1,28,86,0,300,2,5
3842,12,380,13,2,3,1,60,56,420,540,3,5
3843,13,364,13,2,3,3,16,12,420,540,1,5
3844,13,144,14,1,3,3,42,86,180,300,3,5
3845,10,100,10,2,3,1,93,0,300,420,1,5
3846,13,342,13,2,3,3,15,27,420,540,2,5
3847,12,299,12,2,3,2,52,40,300,600,2,5
3848,2,379,2,2,3,3,17,52,420,540,2,5
3849,1,425,2,2,3,3,79,71,300,420,1,5
3850,1,291,2,1,3,1,34,92,60,180,4,5
3851,10,594,12,1,3,1,90,27,180,300,1,5
3852,1,212,1,2,3,3,46,61,420,540,2,5
3853,1,197,2,1,3,3,84,1,180,300,2,5
3854,7,146,8,2,3,3,69,100,420,540,2,5
3855,5,301,5,2,3,2,64,87,420,540,3,5
3856,5,488,6,2,3,1,1,23,420,540,2,5
3857,7,117,8,2,3,2,71,88,0,300,3,5
3858,6,105,7,1,3,2,51,86,180,300,3,5
3859,12,326,13,2,3,2,75,73,180,300,3,5
3860,12,497,14,2,3,2,69,12,60,180,2,5
3861,14,358,14,2,3,1,70,77,420,540,1,5
3862,5,535,6,1,3,2,40,86,60,180,3,5
3863,1,46,1,2,3,3,4,19,60,180,3,5
3864,7,536,8,1,3,2,27,57,180,300,4,5
3865,8,238,9,2,3,2,34,82,60,180,4,5
3866,9,109,10,2,3,1,90,57,300,600,1,5
3867,3,379,3,2,3,3,67,13,420,540,4,5
3868,8,359,8,2,3,2,44,42,420,540,3,5
3869,12,408,14,2,3,3,46,1,0,300,2,5
3870,9,312,9,2,3,3,43,85,420,540,2,5
3871,2,291,3,1,3,1,78,89,0,300,4,5
3872,1,273,2,2,3,3,50,78,0,300,4,5
3873,9,198,9,2,3,2,7,30,420,540,3,5
3874,11,341,12,1,3,1,41,21,0,300,2,5
3875,5,415,5,2,3,1,24,76,420,540,4,5
3876,2,52,2,1,3,3,93,54,60,180,3,5
3877,2,134,2,1,3,1,4,46,180,300,4,5
3878,11,565,13,1,3,2,25,87,180,300,1,5
3879,2,241,2,2,3,2,54,45,420,540,3,5
3880,11,240,11,2,3,2,70,5,300,600,4,5
3881,2,472,3,2,3,2,37,7,420,540,2,5
3882,7,96,8,2,3,1,47,27,180,300,4,5
3883,13,348,13,2,3,1,79,10,420,540,4,5
3884,2,591,4,1,3,1,24,66,60,180,1,5
3885,7,289,7,2,3,1,70,74,300,600,2,5
3886,5,465,6,1,3,2,14,73,0,300,2,5
3887,13,579,15,2,3,2,46,41,60,180,1,5
3888,10,295,12,1,3,1,64,54,0,300,2,5
3889,11,271,11,2,3,1,73,14,300,420,2,5
3890,10,319,10,2,3,2,67,0,420,540,3,5
3891,13,216,14,1,3,2,42,46,180,300,1,5
3892,1,476,2,2,3,1,13,33,60,180,4,5
3893,10,463,11,2,3,1,48,57,180,300,3,5
3894,10,313,11,1,3,3,23,46,60,180,1,5
3895,3,284,4,1,3,1,16,32,180,300,1,5
3896,3,238,3,2,3,1,56,39,300,420,2,5
3897,7,84,7,1,3,2,23,20,180,300,1,5
3898,3,210,3,2,3,1,76,69,300,600,4,5
3899,3,93,3,1,3,3,61,77,180,300,2,5
3900,11,9,11,2,3,1,59,100,0,300,4,5
3901,5,440,7,2,3,1,78,0,180,300,3,5
3902,4,398,4,2,3,2,35,43,420,540,2,5
3903,10,148,10,1,3,3,22,58,180,300,2,5
3904,11,351,11,2,3,1,58,7,420,540,1,5
3905,5,81,5,1,3,3,1,88,180,300,1,5
3906,12,491,13,2,3,2,53,14,420,540,4,5
3907,14,524,16,1,3,3,10,34,60,180,3,5
3908,1,591,2,1,3,2,47,13,180,300,1,5
3909,12,13,13,1,3,1,43,26,60,180,1,5
3910,4,540,5,2,3,1,14,17,180,300,2,5
3911,8,316,8,2,3,2,7,8,420,540,3,5
3912,12,97,12,2,3,1,0,30,420,540,1,5
3913,9,346,10,1,3,3,64,80,180,300,3,5
3914,1,271,1,2,3,2,87,6,420,540,3,5
3915,8,199,9,1,3,2,15,54,0,300,2,5
3916,12,71,12,1,3,1,28,50,180,300,3,5
3917,2,324,2,2,3,3,72,27,420,540,1,5
3918,3,244,4,1,3,3,58,24,180,300,4,5
3919,7,47,7,1,3,1,29,60,60,180,3,5
3920,10,274,10,2,3,2,10,31,420,540,2,5
3921,9,190,9,2,3,3,75,22,420,540,3,5
3922,13,309,14,1,3,3,60,49,60,180,3,5
3923,5,164,6,1,3,2,21,63,180,300,3,5
3924,2,107,2,1,3,2,81,4,180,300,4,5
3925,7,254,7,2,3,3,42,19,420,540,3,5
3926,7,40,7,1,3,1,22,45,60,180,1,5
3927,7,106,8,2,3,3,48,37,300,600,3,5
3928,8,563,10,2,3,1,53,48,60,180,1,5
3929,9,388,11,2,3,3,19,87,300,600,1,5
3930,13,73,13,2,3,1,60,81,420,540,4,5
3931,8,171,8,1,3,3,43,79,180,300,2,5
3932,11,552,13,1,3,2,30,76,180,300,1,5
3933,12,251,12,2,3,3,12,70,420,540,1,5
3934,5,273,6,1,3,2,58,68,0,300,4,5
3935,6,332,6,2,3,3,8,56,420,540,3,5
3936,11,484,13,2,3,2,66,35,420,540,4,5
3937,13,145,13,1,3,2,52,24,180,300,3,5
3938,7,583,9,2,3,2,69,90,300,600,3,5
3939,6,243,7,1,3,2,13,72,60,180,4,5
3940,9,357,9,2,3,2,64,50,420,540,3,5
3941,6,417,6,2,3,3,17,69,420,540,1,5
3942,5,376,6,1,3,2,98,13,180,300,3,5
3943,13,249,13,2,3,2,26,76,300,420,1,5
3944,5,539,6,2,3,2,42,99,60,180,4,5
3945,13,548,15,1,3,1,88,16,60,180,2,5
3946,6,560,7,1,3,3,34,18,180,300,4,5
3947,14,577,16,1,3,3,42,1,0,300,4,5
3948,5,138,6,1,3,3,39,0,60,180,4,5
3949,5,374,6,2,3,2,92,78,180,300,1,5
3950,13,359,13,2,3,3,9,6,420,540,4,5
3951,8,206,8,2,3,2,24,95,300,600,3,5
3952,2,305,3,1,3,3,71,27,60,180,2,5
3953,6,268,6,2,3,3,37,36,420,540,3,5
3954,12,53,12,1,3,1,86,43,60,180,2,5
3955,2,423,3,2,3,3,28,49,180,300,1,5
3956,13,186,14,1,3,3,15,19,0,300,1,5
3957,12,443,13,2,3,2,11,93,0,300,3,5
3958,3,450,5,1,3,3,35,28,180,300,1,5
3959,5,309,5,2,3,2,4,93,420,540,2,5
3960,3,583,5,2,3,3,94,11,300,420,3,5
3961,8,485,9,2,3,3,30,17,420,540,1,5
3962,13,206,13,2,3,2,19,30,420,540,3,5
3963,5,206,5,2,3,3,96,36,420,540,1,5
3964,11,514,13,1,3,1,92,89,180,300,2,5
3965,12,5,12,1,3,1,69,32,60,180,4,5
3966,1,492,3,1,3,3,97,49,60,180,4,5
3967,6,384,6,2,3,3,72,67,420,540,3,5
3968,3,6,3,1,3,3,56,36,60,180,1,5
3969,4,297,4,2,3,2,34,95,300,600,4,5
3970,6,347,6,2,3,3,34,97,420,540,3,5
3971,13,168,13,1,3,2,72,76,180,300,2,5
3972,8,15,9,1,3,1,0,58,180,300,4,5
3973,10,43,10,2,3,3,98,10,420,540,3,5
3974,3,587,5,2,3,1,61,30,420,540,1,5
3975,5,228,5,2,3,1,7,80,300,600,2,5
3976,12,17,12,1,3,2,7,81,60,180,2,5
3977,6,352,6,2,3,1,74,32,420,540,3,5
3978,14,1,14,1,3,3,57,43,60,180,3,5
3979,5,210,5,2,3,2,86,2,300,420,2,5
3980,13,48,13,2,3,1,22,20,180,300,2,5
3981,1,309,2,1,3,1,31,39,0,300,2,5
3982,12,13,13,2,3,3,77,40,0,300,1,5
3983,12,531,14,1,3,1,52,91,180,300,1,5
3984,8,320,9,1,3,2,54,12,0,300,1,5
3985,9,398,10,1,3,2,36,82,0,300,2,5
3986,1,464,2,1,3,1,43,66,180,300,3,5
3987,8,206,8,2,3,1,96,86,300,600,3,5
3988,3,522,5,1,3,1,41,31,180,300,4,5
3989,3,60,3,1,3,2,30,39,180,300,1,5
3990,2,279,3,1,3,2,42,22,60,180,1,5
3991,9,98,11,1,3,2,57,6,180,300,2,5
3992,7,110,8,2,3,1,70,100,420,540,2,5
3993,4,325,4,2,3,3,28,51,420,540,4,5
3994,8,310,8,2,3,1,50,90,420,540,3,5
3995,11,190,11,2,3,1,66,67,300,600,4,5
3996,2,561,4,2,3,2,4,67,420,540,3,5
3997,6,561,7,1,3,3,54,93,0,300,1,5
3998,10,332,10,2,3,1,7,100,420,540,3,5
3999,7,181,7,2,3,1,68,97,300,420,2,5
4000,7,517,9,1,3,2,40,71,180,300,3,5
4001,4,463,5,1,3,3,8,89,60,180,2,5
4002,11,396,11,2,3,1,15,44,420,540,4,5
4003,9,87,9,2,3,1,64,74,180,300,2,5
4004,2,524,3,1,3,3,34,78,0,300,4,5
4005,9,297,11,1,3,2,51,5,180,300,1,5
4006,2,592,4,2,3,3,54,70,420,540,1,5
4007,12,191,12,2,3,2,5,96,420,540,3,5
4008,3,225,3,2,3,1,53,79,420,540,3,5
4009,1,198,1,2,3,2,81,83,300,600,2,5
4010,11,71,12,1,3,3,76,42,0,300,4,5
4011,9,26,10,1,3,1,23,11,0,300,3,5
4012,2,349,2,2,3,3,34,31,420,540,3,5
4013,5,372,6,1,3,1,63,36,0,300,4,5
4014,1,172,1,2,3,3,65,47,300,600,3,5
4015,5,163,5,1,3,3,91,81,180,300,4,5
4016,7,141,7,1,3,2,58,92,180,300,3,5
4017,5,254,5,2,3,3,9,91,300,420,2,5
4018,6,186,6,2,3,1,2,98,300,600,1,5
4019,9,567,11,1,3,3,100,21,180,300,4,5
4020,10,224,11,2,3,2,34,76,0,300,4,5
4021,1,66,2,1,3,1,35,99,180,300,1,5
4022,13,219,13,2,3,2,100,40,420,540,1,5
4023,14,51,15,2,3,1,51,75,420,540,3,5
4024,9,335,10,1,3,2,75,92,0,300,2,5
4025,11,194,12,1,3,1,83,23,60,180,2,5
4026,11,518,12,1,3,1,41,92,180,300,3,5
4027,6,180,7,1,3,2,2,1,0,300,2,5
4028,6,109,7,1,3,2,39,46,60,180,3,5
4029,13,282,13,2,3,2,26,50,300,420,1,5
4030,14,55,14,1,3,2,37,95,60,180,1,5
4031,7,459,9,1,3,3,28,87,60,180,4,5
4032,8,195,8,2,3,2,89,60,300,600,2,5
4033,14,441,16,2,3,1,37,12,0,300,4,5
4034,11,109,12,2,3,2,47,94,180,300,3,5
4035,12,195,13,1,3,3,9,2,180,300,2,5
4036,12,100,13,1,3,1,74,79,60,180,4,5
4037,12,184,13,2,3,2,65,40,300,420,1,5
4038,13,68,13,1,3,1,75,63,180,300,1,5
4039,4,479,5,1,3,1,90,71,60,180,4,5
4040,13,152,14,2,3,2,81,7,60,180,3,5
4041,4,258,5,1,3,3,80,77,60,180,3,5
4042,6,124,6,1,3,3,44,1,180,300,3,5
4043,4,201,5,1,3,1,59,37,0,300,3,5
4044,6,197,6,2,3,3,99,78,300,420,2,5
4045,13,353,14,2,3,2,45,14,0,300,4,5
4046,6,256,6,2,3,2,70,52,420,540,4,5
4047,14,374,15,1,3,3,0,77,180,300,2,5
4048,11,446,12,1,3,3,95,31,0,300,2,5
4049,8,232,10,1,3,3,42,13,180,300,3,5
4050,14,396,15,1,3,2,18,57,60,180,4,5
4051,4,475,6,2,3,1,44,66,300,600,2,5
4052,9,36,9,1,3,2,75,39,60,180,2,5
4053,6,26,6,1,3,2,48,30,60,180,3,5
4054,2,206,3,1,3,1,99,92,180,300,3,5
4055,3,547,5,2,3,1,43,2,180,300,1,5
4056,8,91,8,1,3,1,88,0,180,300,2,5
4057,14,453,15,1,3,3,39,93,60,180,1,5
4058,8,142,8,2,3,2,44,100,300,600,3,5
4059,9,43,10,2,3,3,18,95,300,420,1,5
4060,4,381,5,2,3,2,45,19,60,180,1,5
4061,13,497,15,1,3,1,96,25,0,300,3,5
4062,3,362,3,2,3,1,70,3,420,540,4,5
4063,14,228,14,2,3,1,42,77,420,540,1,5
4064,7,17,7,2,3,3,53,36,300,420,4,5
4065,9,330,9,2,3,3,67,2,420,540,3,5
4066,2,388,2,2,3,3,89,23,420,540,2,5
4067,2,405,2,2,3,2,40,78,420,540,4,5
4068,8,545,10,2,3,1,35,13,420,540,3,5
4069,2,107,2,2,3,3,76,68,300,600,3,5
4070,9,146,9,2,3,3,52,3,180,300,1,5
4071,11,453,12,1,3,2,21,56,60,180,3,5
4072,12,438,13,2,3,2,12,33,300,600,2,5
4073,14,62,14,1,3,2,96,11,180,300,3,5
4074,2,52,3,1,3,2,38,20,60,180,2,5
4075,3,100,4,2,3,2,11,44,300,600,4,5
4076,4,292,5,1,3,2,30,1,0,300,4,5
4077,2,331,2,2,3,3,55,23,420,540,3,5
4078,9,311,10,1,3,3,4,7,180,300,4,5
4079,10,298,11,2,3,2,98,46,0,300,1,5
4080,10,156,11,2,3,3,20,67,300,600,3,5
4081,4,332,5,1,3,3,45,76,0,300,2,5
4082,12,62,12,2,3,3,75,94,180,300,4,5
4083,11,421,13,1,3,1,40,100,180,300,3,5
4084,14,208,14,2,3,3,24,34,420,540,1,5
4085,4,443,6,1,3,2,15,54,180,300,3,5
4086,4,242,4,2,3,3,95,22,300,420,3,5
4087,5,7,6,1,3,1,36,61,0,300,1,5
4088,3,254,3,2,3,1,9,71,300,420,4,5
4089,3,456,4,1,3,3,23,26,60,180,2,5
4090,6,485,8,2,3,3,47,86,60,180,1,5
4091,8,501,9,1,3,3,81,72,60,180,4,5
4092,13,499,15,2,3,3,81,1,180,300,2,5
4093,8,22,8,1,3,1,90,4,60,180,2,5
4094,11,68,12,2,3,2,57,45,180,300,2,5
4095,1,66,1,1,3,2,89,87,180,300,4,5
4096,4,22,4,1,3,1,15,82,60,180,3,5
4097,9,568,11,1,3,2,21,50,180,300,3,5
4098,9,34,9,1,3,1,84,51,60,180,1,5
4099,1,61,1,1,3,3,52,5,180,300,3,5
4100,10,9,10,1,3,1,66,96,60,180,1,5
4101,4,554,5,1,3,3,30,76,0,300,2,5
4102,10,467,12,1,3,1,77,81,0,300,1,5
4103,8,523,9,1,3,2,82,85,0,300,3,5
4104,12,72,13,2,3,3,70,1,60,180,3,5
4105,2,594,3,2,3,2,89,44,300,600,1,5
4106,13,280,13,2,3,1,19,18,300,600,4,5
4107,12,192,12,2,3,1,21,30,300,420,1,5
4108,6,109,7,2,3,1,41,45,60,180,2,5
4109,1,575,2,1,3,1,97,78,180,300,4,5
4110,11,9,11,2,3,3,68,85,180,300,3,5
4111,13,547,15,2,3,3,21,44,60,180,4,5
4112,5,473,6,1,3,2,27,65,180,300,4,5
4113,1,126,1,1,3,2,79,78,180,300,1,5
4114,5,46,6,1,3,2,27,91,180,300,1,5
4115,1,395,2,1,3,2,25,89,0,300,3,5
4116,4,195,4,2,3,2,70,85,300,600,3,5
4117,1,366,1,2,3,3,89,11,420,540,2,5
4118,8,105,8,1,3,1,98,97,180,300,4,5
4119,3,312,3,2,3,3,91,8,420,540,2,5
4120,9,334,10,1,3,3,28,99,180,300,4,5
4121,4,289,4,2,3,1,83,39,300,600,2,5
4122,4,240,4,2,3,3,15,67,300,600,2,5
4123,9,35,9,2,3,2,68,42,0,300,1,5
4124,14,451,16,1,3,1,16,84,180,300,3,5
4125,5,246,6,2,3,3,13,18,300,420,2,5
4126,13,165,14,1,3,3,26,53,180,300,2,5
4127,9,436,10,1,3,3,24,43,60,180,1,5
4128,7,346,7,2,3,3,64,14,420,540,1,5
4129,12,451,13,1,3,1,83,33,180,300,1,5
4130,2,475,4,2,3,2,100,45,0,300,4,5
4131,14,454,16,1,3,2,38,26,0,300,1,5
4132,7,591,9,1,3,2,13,33,60,180,3,5
4133,9,281,10,1,3,2,86,23,0,300,4,5
4134,8,331,9,2,3,3,7,3,60,180,1,5
4135,12,544,14,2,3,1,67,75,0,300,2,5
4136,13,536,15,1,3,1,37,64,180,300,3,5
4137,12,99,12,1,3,2,2,3,180,300,1,5
4138,5,547,6,2,3,2,91,68,60,180,4,5
4139,12,541,14,1,3,1,93,94,0,300,2,5
4140,14,482,16,1,3,2,23,50,0,300,4,5
4141,13,393,14,1,3,3,91,25,180,300,3,5
4142,8,59,9,1,3,3,25,8,0,300,4,5
4143,3,586,4,1,3,3,7,19,60,180,4,5
4144,8,341,8,2,3,3,93,20,420,540,4,5
4145,2,197,3,1,3,2,28,21,60,180,2,5
4146,7,137,8,1,3,3,12,93,180,300,3,5
4147,8,81,9,1,3,1,14,70,60,180,1,5
4148,6,56,7,2,3,2,13,74,60,180,3,5
4149,13,181,13,2,3,1,35,25,300,420,1,5
4150,6,468,7,1,3,1,6,87,0,300,1,5
4151,1,412,1,2,3,2,22,33,420,540,3,5
4152,1,367,1,2,3,3,61,2,420,540,1,5
4153,1,245,2,2,3,2,7,67,60,180,1,5
4154,9,14,10,2,3,3,82,21,0,300,1,5
4155,3,123,4,1,3,3,68,83,0,300,4,5
4156,6,125,6,1,3,1,88,68,180,300,2,5
4157,2,138,3,1,3,3,95,40,180,300,3,5
4158,10,79,11,1,3,3,91,7,180,300,2,5
4159,13,262,14,1,3,3,79,100,60,180,2,5
4160,13,71,13,1,3,2,68,88,180,300,2,5
4161,3,141,3,1,3,2,48,9,180,300,1,5
4162,4,118,4,2,3,2,86,38,420,540,2,5
4163,13,266,13,2,3,1,28,12,300,600,4,5
4164,10,231,10,2,3,3,20,18,300,600,1,5
4165,4,406,4,2,3,3,90,0,420,540,4,5
4166,6,565,8,1,3,2,45,69,0,300,1,5
4167,11,108,11,1,3,1,94,2,180,300,2,5
4168,11,141,11,1,3,3,12,33,180,300,4,5
4169,13,30,14,1,3,1,28,55,180,300,3,5
4170,1,120,1,1,3,3,21,0,180,300,3,5
4171,2,44,2,2,3,3,53,25,300,600,1,5
4172,11,209,11,2,3,2,59,31,420,540,3,5
4173,14,86,15,2,3,3,95,12,180,300,1,5
4174,4,78,6,2,3,1,23,73,0,300,3,5
4175,14,595,16,1,3,1,66,73,180,300,4,5
4176,1,512,3,1,3,1,67,93,0,300,3,5
4177,6,180,6,1,3,1,7,7,180,300,1,5
4178,6,7,6,1,3,3,32,89,60,180,3,5
4179,11,298,11,2,3,1,57,28,420,540,3,5
4180,10,469,11,1,3,2,20,3,180,300,2,5
4181,4,535,6,1,3,3,22,0,0,300,1,5
4182,7,486,9,2,3,3,4,91,420,540,1,5
4183,2,467,4,1,3,2,3,54,0,300,4,5
4184,8,271,8,2,3,2,50,68,420,540,2,5
4185,6,398,6,2,3,2,6,100,420,540,3,5
4186,4,62,4,1,3,3,63,41,180,300,4,5
4187,10,131,10,2,3,3,37,67,180,300,3,5
4188,11,490,13,2,3,3,64,18,300,600,1,5
4189,4,35,5,1,3,2,58,3,180,300,3,5
4190,2,457,3,2,3,3,85,28,180,300,2,5
4191,1,108,1,2,3,1,93,35,300,600,2,5
4192,5,474,6,1,3,1,85,4,0,300,1,5
4193,11,229,11,2,3,2,60,68,420,540,3,5
4194,5,488,6,1,3,1,46,3,0,300,2,5
4195,11,268,11,2,3,1,34,92,420,540,2,5
4196,3,257,4,1,3,3,76,23,0,300,2,5
4197,6,224,7,2,3,1,93,19,300,600,3,5
4198,6,581,8,1,3,1,44,79,0,300,4,5
4199,14,417,14,2,3,1,46,80,420,540,1,5
4200,9,534,10,1,3,3,17,5,180,300,2,5
4201,14,335,14,2,3,2,77,49,420,540,3,5
4202,5,351,5,2,3,2,85,96,420,540,2,5
4203,6,478,7,1,3,1,40,71,0,300,1,5
4204,7,590,9,1,3,1,88,27,60,180,1,5
4205,13,361,14,1,3,1,45,24,60,180,3,5
4206,11,473,12,1,3,2,30,68,0,300,1,5
4207,10,76,12,1,3,1,89,76,180,300,3,5
4208,4,546,5,1,3,1,86,28,0,300,1,5
4209,1,237,2,2,3,3,91,0,180,300,1,5
4210,1,547,2,1,3,1,47,64,0,300,3,5
4211,10,179,11,1,3,3,0,91,180,300,2,5
4212,5,477,7,1,3,2,53,87,180,300,1,5
4213,3,260,3,2,3,1,41,68,420,540,4,5
4214,10,335,10,2,3,3,71,51,420,540,3,5
4215,11,181,12,1,3,3,6,26,60,180,4,5
4216,8,85,8,2,3,2,35,11,300,600,2,5
4217,7,497,8,1,3,1,38,74,0,300,3,5
4218,4,406,5,1,3,1,85,8,60,180,4,5
4219,12,85,12,2,3,2,98,8,300,420,1,5
4220,9,145,9,2,3,2,49,38,300,600,1,5
4221,14,271,15,1,3,1,68,47,0,300,3,5
4222,14,412,14,2,3,3,45,38,420,540,1,5
4223,12,575,13,2,3,1,20,56,300,600,3,5
4224,13,116,13,1,3,2,90,72,180,300,2,5
4225,1,266,2,2,3,1,98,85,180,300,2,5
4226,14,16,14,2,3,3,82,38,0,300,3,5
4227,10,560,12,2,3,1,63,41,0,300,2,5
4228,2,385,3,2,3,2,80,77,0,300,1,5
4229,5,137,6,2,3,1,17,79,180,300,3,5
4230,9,430,10,2,3,1,25,70,180,300,1,5
4231,4,11,4,2,3,2,7,86,420,540,3,5
4232,10,271,11,2,3,3,18,100,300,420,3,5
4233,12,231,13,1,3,3,34,59,0,300,2,5
4234,8,251,8,2,3,2,88,69,300,420,4,5
4235,14,87,14,1,3,2,71,77,180,300,3,5
4236,2,346,2,2,3,1,52,57,420,540,2,5
4237,11,309,12,1,3,2,53,74,60,180,1,5
4238,4,420,5,1,3,1,65,4,180,300,4,5
4239,12,370,12,2,3,3,44,87,420,540,2,5
4240,7,477,9,1,3,3,39,93,0,300,1,5
4241,5,213,6,2,3,3,15,9,180,300,1,5
4242,5,368,5,2,3,1,26,22,420,540,3,5
4243,7,439,8,1,3,2,55,94,180,300,4,5
4244,4,526,6,2,3,3,22,8,0,300,2,5
4245,3,113,3,1,3,3,53,38,180,300,3,5
4246,4,342,5,1,3,3,75,32,0,300,3,5
4247,8,562,10,2,3,3,32,92,60,180,3,5
4248,14,546,16,2,3,2,73,23,0,300,3,5
4249,4,121,5,1,3,3,84,1,60,180,4,5
4250,6,394,6,2,3,1,0,40,420,540,2,5
4251,13,8,13,2,3,1,13,33,300,600,4,5
4252,9,60,9,2,3,2,69,53,300,420,2,5
4253,5,531,6,2,3,3,64,87,420,540,3,5
4254,4,293,5,1,3,3,15,48,180,300,4,5
4255,6,232,6,2,3,3,87,10,300,420,1,5
4256,5,352,6,1,3,3,27,69,0,300,2,5
4257,10,518,12,2,3,1,55,55,60,180,2,5
4258,6,68,6,1,3,2,86,51,180,300,1,5
4259,13,504,14,2,3,2,43,12,180,300,2,5
4260,8,592,10,1,3,2,92,35,0,300,3,5
4261,9,359,9,2,3,1,23,7,420,540,4,5
4262,11,279,11,2,3,1,7,75,300,600,3,5
4263,7,336,7,2,3,3,82,35,420,540,1,5
4264,12,356,13,2,3,3,95,2,300,420,1,5
4265,4,373,4,2,3,2,88,4,420,540,4,5
4266,14,282,14,2,3,3,8,14,300,420,4,5
4267,6,546,8,2,3,1,35,87,60,180,1,5
4268,12,205,12,2,3,1,50,33,420,540,4,5
4269,13,73,14,1,3,3,11,66,60,180,2,5
4270,4,136,5,2,3,3,56,89,0,300,2,5
4271,5,557,6,1,3,2,50,58,0,300,3,5
4272,3,207,3,2,3,1,42,60,300,420,1,5
4273,13,279,13,2,3,1,73,25,420,540,2,5
4274,11,521,12,1,3,2,33,32,60,180,3,5
4275,6,272,6,2,3,3,89,76,420,540,1,5
4276,2,338,2,2,3,1,90,10,420,540,1,5
4277,4,236,4,2,3,1,46,51,300,420,1,5
4278,6,225,7,2,3,3,46,16,180,300,1,5
4279,6,124,6,2,3,2,97,33,300,600,1,5
4280,2,525,4,1,3,2,43,59,0,300,4,5
4281,13,333,14,1,3,2,50,16,180,300,1,5
4282,7,131,8,1,3,1,93,82,180,300,3,5
4283,1,273,1,2,3,1,66,20,420,540,3,5
4284,2,138,3,1,3,2,34,43,0,300,3,5
4285,11,265,12,1,3,2,18,83,180,300,4,5
4286,12,186,13,1,3,2,64,37,60,180,1,5
4287,5,278,5,2,3,1,7,78,420,540,3,5
4288,2,241,2,2,3,2,50,35,300,600,2,5
4289,13,369,13,2,3,2,91,10,420,540,3,5
4290,8,252,8,2,3,2,93,49,420,540,2,5
4291,3,231,4,2,3,1,25,72,180,300,1,5
4292,7,32,8,1,3,1,67,78,180,300,2,5
4293,4,132,4,2,3,2,75,89,300,600,3,5
4294,14,203,14,2,3,1,20,11,420,540,2,5
4295,10,443,12,2,3,3,95,49,300,600,2,5
4296,10,586,11,1,3,1,51,33,0,300,4,5
4297,10,167,11,1,3,1,80,39,180,300,1,5
4298,13,169,13,2,3,1,66,1,300,600,1,5
4299,1,83,1,1,3,1,96,43,180,300,4,5
4300,8,346,8,2,3,3,78,70,420,540,1,5
4301,8,247,8,2,3,1,32,92,300,600,4,5
4302,11,463,12,1,3,1,81,5,180,300,4,5
4303,12,198,13,1,3,2,82,64,60,180,2,5
4304,14,518,16,1,3,3,4,96,0,300,1,5
4305,8,369,9,1,3,1,67,58,60,180,2,5
4306,1,245,2,1,3,1,75,99,60,180,1,5
4307,2,287,3,1,3,3,22,66,180,300,4,5
4308,14,62,14,2,3,2,83,94,420,540,1,5
4309,7,400,7,2,3,1,58,34,420,540,4,5
4310,8,139,8,1,3,1,9,15,180,300,1,5
4311,7,75,8,2,3,2,82,65,60,180,4,5
4312,10,189,10,2,3,1,11,57,300,600,4,5
4313,10,328,10,2,3,3,57,99,420,540,1,5
4314,11,451,12,1,3,1,55,27,0,300,3,5
4315,3,394,3,2,3,3,11,7,420,540,3,5
4316,9,1,9,1,3,1,36,6,60,180,2,5
4317,5,580,6,1,3,2,41,4,60,180,4,5
4318,6,1,6,2,3,2,66,25,300,600,2,5
4319,1,314,1,2,3,2,16,32,420,540,4,5
4320,9,425,10,2,3,2,13,93,180,300,4,5
4321,9,402,9,2,3,2,44,36,420,540,4,5
4322,9,488,10,1,3,1,9,4,180,300,1,5
4323,3,486,5,2,3,2,57,26,420,540,1,5
4324,8,197,9,2,3,3,82,45,180,300,2,5
4325,14,419,14,2,3,2,12,68,420,540,3,5
4326,8,3,8,2,3,2,75,29,0,300,2,5
4327,6,240,6,2,3,1,95,85,420,540,3,5
4328,9,170,10,1,3,3,23,83,180,300,3,5
4329,2,459,4,1,3,1,45,57,180,300,1,5
4330,4,513,6,1,3,3,70,75,0,300,2,5
4331,3,136,3,1,3,1,49,17,180,300,4,5
4332,12,340,12,2,3,1,3,17,420,540,3,5
4333,9,223,9,2,3,2,69,97,300,420,4,5
4334,11,67,11,1,3,2,20,14,180,300,3,5
4335,2,451,4,1,3,3,34,13,0,300,3,5
4336,5,35,5,2,3,2,25,67,60,180,1,5
4337,3,444,4,1,3,2,58,45,60,180,2,5
4338,8,111,9,1,3,2,57,100,0,300,1,5
4339,14,518,15,1,3,2,11,29,60,180,3,5
4340,12,117,13,1,3,2,91,99,180,300,3,5
4341,8,46,8,1,3,3,61,37,60,180,2,5
4342,14,143,14,1,3,3,19,11,180,300,1,5
4343,13,385,14,1,3,1,12,67,0,300,4,5
4344,13,493,14,1,3,3,96,7,180,300,3,5
4345,9,98,9,1,3,3,12,6,180,300,3,5
4346,2,583,4,1,3,1,91,87,180,300,3,5
4347,6,299,7,1,3,2,42,78,60,180,4,5
4348,1,398,1,2,3,3,41,38,420,540,1,5
4349,14,399,16,2,3,1,5,82,0,300,1,5
4350,14,1,14,2,3,2,95,53,180,300,2,5
4351,13,600,14,2,3,2,85,100,180,300,3,5
4352,2,363,2,2,3,1,64,72,420,540,1,5
4353,7,483,9,2,3,3,80,87,180,300,2,5
4354,5,480,7,1,3,2,84,24,180,300,4,5
4355,8,441,10,2,3,2,8,83,180,300,1,5
4356,7,176,7,1,3,2,38,21,180,300,4,5
4357,11,315,11,2,3,1,12,1,420,540,3,5
4358,5,577,7,1,3,2,61,80,180,300,3,5
4359,7,241,9,2,3,3,44,99,180,300,1,5
4360,6,370,6,2,3,2,79,96,420,540,1,5
4361,12,290,13,2,3,1,21,64,180,300,1,5
4362,3,445,4,1,3,3,71,5,60,180,3,5
4363,6,54,6,1,3,1,65,91,60,180,2,5
4364,1,187,1,2,3,1,4,61,300,600,2,5
4365,11,153,11,1,3,2,12,79,180,300,2,5
4366,10,115,10,2,3,3,93,1,300,600,2,5
4367,8,347,8,2,3,1,100,33,420,540,3,5
4368,5,467,7,2,3,1,100,60,420,540,3,5
4369,7,32,7,1,3,1,14,63,60,180,1,5
4370,7,544,8,1,3,2,68,65,0,300,1,5
4371,2,477,4,1,3,2,27,61,60,180,1,5
4372,11,310,13,1,3,3,47,19,180,300,2,5
4373,1,566,2,1,3,3,84,88,0,300,3,5
4374,2,49,2,1,3,1,50,72,60,180,4,5
4375,12,322,13,1,3,2,21,47,60,180,2,5
4376,12,102,12,2,3,3,15,50,420,540,2,5
4377,8,294,10,2,3,3,38,61,300,420,4,5
4378,11,161,12,2,3,1,70,89,0,300,1,5
4379,12,305,13,1,3,3,88,28,60,180,4,5
4380,9,175,10,2,3,3,63,15,180,300,4,5
4381,6,373,6,2,3,1,69,90,420,540,2,5
4382,13,162,13,1,3,2,70,43,180,300,3,5
4383,8,198,8,2,3,2,42,34,300,600,1,5
4384,14,451,15,1,3,2,72,81,0,300,2,5
4385,9,200,10,2,3,1,76,14,0,300,2,5
4386,9,305,9,2,3,3,62,68,420,540,2,5
4387,13,281,14,2,3,1,23,27,180,300,3,5
4388,5,18,5,2,3,1,46,59,0,300,2,5
4389,12,524,14,1,3,3,78,20,180,300,1,5
4390,7,26,8,1,3,2,57,81,60,180,3,5
4391,4,76,4,2,3,1,15,9,300,600,3,5
4392,14,70,14,1,3,3,37,6,180,300,2,5
4393,4,131,4,1,3,2,46,77,180,300,4,5
4394,10,128,11,1,3,2,87,60,60,180,4,5
4395,7,210,9,1,3,1,68,1,180,300,2,5
4396,13,39,14,1,3,1,31,95,0,300,4,5
4397,7,38,8,1,3,1,91,27,0,300,2,5
4398,3,111,3,1,3,2,26,56,180,300,2,5
4399,6,480,7,1,3,2,19,19,180,300,3,5
4400,6,200,7,2,3,2,45,36,420,540,3,5
4401,6,153,7,1,3,1,1,68,60,180,4,5
4402,10,590,11,1,3,3,69,5,0,300,1,5
4403,1,507,3,1,3,1,62,76,180,300,1,5
4404,6,338,7,1,3,1,55,74,0,300,2,5
4405,12,70,13,1,3,2,5,67,0,300,4,5
4406,10,402,11,2,3,1,89,56,300,600,4,5
4407,1,365,1,2,3,3,9,43,420,540,2,5
4408,5,521,6,2,3,3,66,3,300,600,1,5
4409,10,33,10,1,3,2,100,62,60,180,4,5
4410,3,390,5,1,3,1,17,61,180,300,2,5
4411,1,562,3,2,3,1,59,19,0,300,3,5
4412,3,245,4,1,3,3,79,76,0,300,4,5
4413,13,81,13,1,3,2,11,95,180,300,2,5
4414,4,233,5,1,3,3,10,74,180,300,4,5
4415,6,215,6,2,3,1,36,89,300,600,3,5
4416,5,336,5,2,3,1,22,46,420,540,2,5
4417,9,238,9,2,3,3,9,72,420,540,2,5
4418,8,392,8,2,3,1,21,4,420,540,3,5
4419,2,348,2,2,3,3,20,80,420,540,1,5
4420,11,406,11,2,3,1,25,76,420,540,1,5
4421,6,322,7,2,3,1,38,57,0,300,4,5
4422,8,572,10,2,3,1,86,23,0,300,4,5
4423,2,174,3,2,3,3,40,75,420,540,1,5
4424,6,8,6,2,3,1,14,68,180,300,2,5
4425,11,574,12,1,3,2,95,84,180,300,1,5
4426,3,516,5,1,3,1,2,89,180,300,4,5
4427,14,400,15,2,3,3,45,96,60,180,3,5
4428,14,123,14,2,3,1,49,65,420,540,3,5
4429,8,484,10,2,3,3,30,2,60,180,3,5
4430,12,508,14,1,3,1,63,97,60,180,3,5
4431,11,386,12,1,3,1,0,31,60,180,3,5
4432,5,344,5,2,3,3,96,37,420,540,1,5
4433,13,156,13,1,3,2,60,8,180,300,1,5
4434,12,403,12,2,3,1,3,36,420,540,3,5
4435,14,411,14,2,3,3,85,76,420,540,3,5
4436,13,224,13,2,3,3,72,22,420,540,1,5
4437,3,177,3,1,3,2,81,43,180,300,4,5
4438,14,577,16,1,3,1,67,26,180,300,3,5
4439,12,141,14,2,3,2,32,31,0,300,3,5
4440,11,369,13,1,3,1,29,63,180,300,3,5
4441,13,171,13,1,3,3,81,46,180,300,1,5
4442,5,48,5,1,3,3,73,96,60,180,4,5
4443,11,111,11,1,3,3,47,90,180,300,2,5
4444,10,269,10,2,3,2,27,78,420,540,3,5
4445,12,233,13,1,3,3,78,79,60,180,2,5
4446,1,70,2,1,3,1,7,55,0,300,1,5
4447,5,65,6,2,3,3,66,70,180,300,4,5
4448,1,151,2,2,3,2,91,92,420,540,3,5
4449,10,471,11,1,3,3,22,3,180,300,3,5
4450,3,278,4,2,3,2,79,92,60,180,4,5
4451,4,530,6,1,3,2,95,11,60,180,3,5
4452,12,144,12,1,3,1,68,33,180,300,2,5
4453,2,278,2,2,3,1,79,61,300,600,4,5
4454,12,290,12,2,3,1,93,45,420,540,3,5
4455,3,30,4,1,3,2,68,28,180,300,1,5
4456,3,194,3,2,3,1,23,74,300,420,2,5
4457,9,98,10,1,3,3,7,57,0,300,4,5
4458,9,225,9,2,3,2,73,58,300,600,4,5
4459,11,446,13,2,3,1,88,88,60,180,2,5
4460,1,269,1,2,3,2,50,86,300,600,2,5
4461,8,410,9,1,3,2,77,15,0,300,4,5
4462,2,289,2,2,3,2,7,76,420,540,4,5
4463,3,253,3,2,3,3,36,89,420,540,3,5
4464,5,236,5,2,3,2,87,37,300,600,1,5
4465,11,507,13,1,3,1,83,43,180,300,1,5
4466,3,503,5,1,3,1,50,77,60,180,1,5
4467,11,235,12,1,3,1,40,98,60,180,1,5
4468,2,508,4,1,3,3,85,36,60,180,2,5
4469,3,453,4,2,3,2,30,49,420,540,1,5
4470,7,182,8,2,3,2,81,59,420,540,1,5
4471,9,300,9,2,3,1,94,97,420,540,1,5
4472,4,159,4,1,3,1,98,34,180,300,4,5
4473,8,49,8,1,3,3,10,0,60,180,1,5
4474,13,33,13,1,3,1,78,94,60,180,1,5
4475,2,353,2,2,3,2,95,77,420,540,1,5
4476,11,403,11,2,3,3,15,38,420,540,4,5
4477,9,98,9,1,3,1,72,99,180,300,3,5
4478,3,519,5,1,3,2,87,47,60,180,4,5
4479,1,390,2,2,3,3,71,9,0,300,1,5
4480,5,74,6,1,3,1,48,82,180,300,1,5
4481,11,267,11,2,3,3,59,86,420,540,4,5
4482,12,96,13,1,3,1,55,1,180,300,3,5
4483,10,8,10,1,3,3,31,76,60,180,3,5
4484,4,561,5,1,3,3,57,9,60,180,1,5
4485,1,318,1,2,3,2,62,90,420,540,3,5
4486,4,426,6,2,3,2,82,95,60,180,2,5
4487,3,575,4,1,3,3,43,73,0,300,2,5
4488,6,307,7,1,3,2,36,52,180,300,1,5
4489,6,289,7,1,3,1,37,49,180,300,2,5
4490,6,591,8,2,3,3,43,88,300,420,4,5
4491,7,595,8,1,3,2,27,85,60,180,2,5
4492,7,442,8,1,3,1,56,75,180,300,3,5
4493,1,514,3,2,3,1,37,98,60,180,2,5
4494,1,187,1,2,3,3,65,74,420,540,3,5
4495,9,156,9,1,3,3,15,84,180,300,4,5
4496,4,559,6,1,3,3,30,8,60,180,2,5
4497,2,170,2,1,3,3,44,52,180,300,4,5
4498,4,594,6,2,3,2,10,43,180,300,1,5
4499,8,372,8,2,3,1,38,42,420,540,3,5
4500,8,401,10,1,3,3,94,62,0,300,2,5
4501,5,562,7,1,3,1,5,69,180,300,3,5
4502,5,208,5,2,3,2,64,23,420,540,3,5
4503,2,482,4,2,3,2,5,94,60,180,4,5
4504,3,216,3,2,3,3,84,59,300,420,3,5
4505,4,133,4,1,3,1,14,34,180,300,4,5
4506,11,272,12,1,3,2,73,56,180,300,2,5
4507,9,303,9,2,3,1,89,28,420,540,1,5
4508,14,481,16,1,3,1,73,30,0,300,2,5
4509,12,423,13,1,3,2,87,77,180,300,3,5
4510,14,320,14,2,3,3,73,66,420,540,3,5
4511,5,352,5,2,3,1,2,84,420,540,1,5
4512,14,361,14,2,3,2,20,52,420,540,4,5
4513,9,426,10,2,3,3,17,35,0,300,1,5
4514,1,423,3,1,3,1,80,83,180,300,1,5
4515,11,499,12,1,3,3,79,56,60,180,4,5
4516,2,330,2,2,3,3,93,53,420,540,2,5
4517,5,485,7,1,3,2,11,17,0,300,2,5
4518,4,502,6,1,3,3,62,62,180,300,4,5
4519,2,490,4,1,3,3,1,59,0,300,1,5
4520,3,453,4,1,3,2,29,58,180,300,2,5
4521,4,208,4,2,3,2,22,51,420,540,3,5
4522,6,380,7,1,3,2,68,24,180,300,4,5
4523,4,298,5,1,3,2,16,28,0,300,4,5
4524,13,426,14,2,3,3,12,66,60,180,4,5
4525,13,468,14,1,3,3,2,68,60,180,4,5
4526,1,317,2,1,3,3,73,36,0,300,2,5
4527,6,116,6,2,3,3,15,38,420,540,3,5
4528,7,579,8,1,3,3,44,17,0,300,1,5
4529,7,171,8,2,3,1,67,61,300,420,3,5
4530,8,352,8,2,3,1,19,17,420,540,4,5
4531,11,158,11,1,3,3,2,61,180,300,2,5
4532,5,203,5,2,3,3,40,67,420,540,3,5
4533,1,412,2,1,3,1,88,68,60,180,3,5
4534,14,194,16,2,3,2,34,12,420,540,2,5
4535,4,537,6,1,3,1,19,69,0,300,1,5
4536,11,8,11,1,3,3,69,96,60,180,3,5
4537,6,161,6,1,3,3,37,60,180,300,4,5
4538,4,410,5,2,3,2,76,8,300,600,4,5
4539,2,153,2,2,3,2,44,42,420,540,1,5
4540,8,373,8,2,3,3,26,7,420,540,1,5
4541,8,112,8,1,3,3,14,46,180,300,4,5
4542,2,125,2,1,3,1,100,18,180,300,3,5
4543,1,520,3,1,3,2,100,73,60,180,3,5
4544,7,398,8,2,3,1,96,4,420,540,3,5
4545,7,11,7,1,3,3,95,13,60,180,1,5
4546,3,501,4,1,3,2,1,81,0,300,3,5
4547,4,178,6,1,3,3,44,28,60,180,2,5
4548,10,381,10,2,3,1,40,51,420,540,1,5
4549,2,507,4,1,3,1,11,99,180,300,3,5
4550,4,416,5,1,3,3,56,55,180,300,3,5
4551,7,488,9,1,3,3,0,53,180,300,1,5
4552,1,215,1,2,3,2,64,8,420,540,3,5
4553,7,253,9,2,3,1,96,53,300,600,4,5
4554,11,51,11,2,3,3,42,51,60,180,4,5
4555,6,11,7,1,3,1,44,45,180,300,1,5
4556,3,202,3,2,3,2,16,43,300,420,2,5
4557,10,11,11,2,3,2,13,2,300,600,4,5
4558,10,385,11,2,3,1,71,78,300,420,3,5
4559,3,38,3,1,3,3,94,3,60,180,1,5
4560,8,224,9,1,3,1,34,19,180,300,4,5
4561,13,53,14,1,3,1,100,46,60,180,3,5
4562,4,512,6,2,3,1,24,91,60,180,1,5
4563,12,189,12,2,3,2,90,68,300,600,1,5
4564,10,562,12,1,3,1,78,35,0,300,1,5
4565,10,504,11,1,3,3,57,14,0,300,1,5
4566,11,326,11,2,3,2,44,35,420,540,3,5
4567,12,35,13,1,3,1,98,25,0,300,3,5
4568,9,352,9,2,3,3,79,24,420,540,3,5
4569,8,33,9,1,3,3,4,73,180,300,2,5
4570,5,131,5,1,3,1,60,77,180,300,2,5
4571,3,14,3,2,3,3,72,62,420,540,3,5
4572,1,69,1,1,3,3,35,88,180,300,4,5
4573,6,214,7,2,3,3,84,85,420,540,1,5
4574,13,55,14,2,3,2,18,53,0,300,1,5
4575,7,35,7,2,3,1,72,72,420,540,1,5
4576,1,93,1,1,3,3,3,90,180,300,1,5
4577,1,196,1,2,3,1,39,50,300,600,4,5
4578,4,461,5,2,3,2,77,64,180,300,2,5
4579,6,73,6,1,3,3,39,18,180,300,2,5
4580,8,443,10,1,3,1,70,80,180,300,4,5
4581,10,587,11,1,3,2,12,43,180,300,1,5
4582,9,236,9,2,3,2,100,92,300,600,2,5
4583,6,284,6,2,3,3,82,46,420,540,1,5
4584,13,589,14,2,3,1,70,89,420,540,4,5
4585,4,262,4,2,3,3,25,27,300,420,3,5
4586,6,242,6,2,3,1,12,54,300,600,2,5
4587,1,495,2,2,3,1,31,42,60,180,4,5
4588,6,252,6,2,3,2,81,90,420,540,2,5
4589,7,514,9,1,3,1,58,6,60,180,2,5
4590,4,355,4,2,3,3,57,94,420,540,3,5
4591,6,450,8,2,3,2,47,13,420,540,2,5
4592,3,426,5,1,3,3,72,22,0,300,1,5
4593,1,537,2,1,3,1,44,94,180,300,3,5
4594,4,241,5,2,3,3,67,16,0,300,4,5
4595,7,437,9,1,3,3,21,5,180,300,4,5
4596,11,266,11,2,3,3,99,45,300,420,2,5
4597,4,22,5,2,3,3,87,11,180,300,3,5
4598,5,406,6,1,3,3,17,96,180,300,1,5
4599,6,365,6,2,3,2,39,13,420,540,4,5
4600,7,420,7,2,3,1,15,18,420,540,2,5
4601,11,398,11,2,3,2,24,99,420,540,2,5
4602,2,570,4,1,3,3,28,70,0,300,3,5
4603,6,450,8,1,3,1,33,88,0,300,3,5
4604,11,371,11,2,3,1,46,99,420,540,2,5
4605,8,54,9,1,3,3,36,2,60,180,2,5
4606,9,180,9,1,3,1,22,38,180,300,3,5
4607,12,86,13,2,3,3,92,1,60,180,1,5
4608,2,312,2,2,3,3,77,61,420,540,1,5
4609,3,175,4,2,3,2,57,19,420,540,1,5
4610,12,131,12,1,3,2,34,97,180,300,2,5
4611,13,123,14,1,3,2,51,39,0,300,3,5
4612,13,305,14,2,3,1,99,22,180,300,1,5
4613,7,388,8,2,3,2,82,45,180,300,1,5
4614,7,293,8,2,3,1,91,9,0,300,2,5
4615,6,24,7,2,3,3,47,98,0,300,4,5
4616,12,314,12,2,3,1,90,91,420,540,1,5
4617,3,205,3,2,3,1,2,10,420,540,4,5
4618,10,466,11,2,3,2,91,42,300,420,3,5
4619,6,8,7,2,3,2,97,6,0,300,1,5
4620,10,80,10,1,3,3,5,14,180,300,2,5
4621,11,69,11,1,3,2,78,33,180,300,2,5
4622,8,30,9,1,3,2,78,31,180,300,3,5
4623,7,208,7,2,3,1,20,29,420,540,1,5
4624,7,47,7,1,3,3,46,75,60,180,2,5
4625,11,89,11,1,3,1,44,78,180,300,1,5
4626,10,574,12,2,3,2,55,0,300,420,4,5
4627,7,482,9,2,3,1,50,2,0,300,2,5
4628,8,209,9,1,3,2,4,27,180,300,3,5
4629,4,171,4,2,3,1,27,31,300,420,1,5
4630,7,386,8,1,3,1,64,63,60,180,4,5
4631,7,187,7,2,3,2,11,45,300,600,2,5
4632,1,243,1,2,3,3,17,76,300,420,2,5
4633,12,549,14,1,3,2,25,82,180,300,1,5
4634,13,590,14,2,3,3,57,23,300,420,2,5
4635,5,269,5,2,3,3,46,41,420,540,2,5
4636,2,241,3,1,3,1,82,21,0,300,1,5
4637,10,154,11,1,3,3,80,23,180,300,3,5
4638,4,558,6,1,3,3,73,30,0,300,2,5
4639,12,145,12,1,3,3,94,16,180,300,1,5
4640,3,581,5,2,3,2,91,67,420,540,4,5
4641,3,173,4,1,3,3,74,86,60,180,1,5
4642,11,38,11,1,3,2,14,56,60,180,1,5
4643,3,148,3,1,3,2,23,87,180,300,2,5
4644,11,6,12,1,3,3,51,90,180,300,2,5
4645,10,229,11,1,3,2,87,48,60,180,4,5
4646,6,371,6,2,3,3,19,88,420,540,1,5
4647,12,68,14,1,3,3,39,68,60,180,2,5
4648,12,169,12,2,3,1,82,80,420,540,1,5
4649,9,227,10,1,3,1,86,32,60,180,2,5
4650,4,299,5,2,3,2,4,73,420,540,2,5
4651,3,178,3,1,3,2,62,98,180,300,3,5
4652,14,323,14,2,3,1,40,49,420,540,3,5
4653,3,480,4,1,3,2,60,5,0,300,4,5
4654,8,474,9,1,3,1,77,60,0,300,3,5
4655,13,149,13,2,3,1,64,12,300,420,4,5
4656,4,252,4,2,3,3,76,11,300,420,1,5
4657,3,187,4,1,3,1,48,60,180,300,2,5
4658,13,112,14,1,3,1,21,93,0,300,4,5
4659,9,151,10,1,3,2,11,29,60,180,2,5
4660,2,288,2,2,3,1,52,49,300,600,3,5
4661,1,54,1,1,3,1,4,44,60,180,4,5
4662,2,361,3,1,3,1,27,85,60,180,4,5
4663,7,230,7,2,3,2,4,17,300,600,1,5
4664,10,212,10,2,3,1,77,24,300,600,4,5
4665,4,515,5,2,3,1,68,72,60,180,3,5
4666,13,71,13,1,3,3,98,94,180,300,2,5
4667,6,403,7,2,3,1,64,86,60,180,2,5
4668,5,178,5,1,3,2,32,15,180,300,2,5
4669,14,258,14,2,3,1,40,69,300,600,4,5
4670,7,275,7,2,3,1,42,72,300,600,2,5
4671,3,459,4,2,3,2,5,95,420,540,2,5
4672,5,408,6,2,3,3,51,56,0,300,1,5
4673,5,212,5,2,3,2,74,98,300,420,4,5
4674,12,182,12,2,3,2,75,95,420,540,1,5
4675,13,312,13,2,3,2,62,40,420,540,2,5
4676,3,184,4,2,3,3,40,30,0,300,4,5
4677,10,178,10,1,3,2,84,60,180,300,4,5
4678,3,319,3,2,3,2,35,21,420,540,4,5
4679,2,80,2,1,3,1,62,10,180,300,4,5
4680,1,40,1,1,3,3,15,14,60,180,3,5
4681,8,531,10,1,3,1,77,17,60,180,3,5
4682,5,238,5,2,3,1,28,96,420,540,1,5
4683,6,391,6,2,3,3,49,58,420,540,1,5
4684,11,553,13,2,3,2,100,2,0,300,2,5
4685,10,475,11,1,3,1,74,18,60,180,1,5
4686,2,530,4,1,3,3,93,86,180,300,2,5
4687,9,555,10,1,3,2,49,39,180,300,2,5
4688,13,18,14,1,3,3,77,46,0,300,2,5
4689,10,496,11,2,3,3,90,38,60,180,1,5
4690,1,421,2,2,3,1,36,41,420,540,3,5
4691,9,186,9,2,3,2,61,70,420,540,4,5
4692,3,573,5,2,3,3,25,19,300,420,4,5
4693,13,451,15,1,3,3,82,8,180,300,3,5
4694,11,326,11,2,3,1,96,9,420,540,2,5
4695,9,169,9,1,3,1,78,80,180,300,4,5
4696,11,575,12,2,3,1,42,76,180,300,1,5
4697,6,581,7,1,3,3,39,97,60,180,3,5
4698,5,461,6,1,3,3,60,33,0,300,3,5
4699,3,68,4,1,3,1,14,52,0,300,1,5
4700,1,344,3,2,3,3,74,69,420,540,4,5
4701,14,551,16,1,3,2,6,9,0,300,3,5
4702,8,497,10,1,3,2,54,16,60,180,2,5
4703,1,539,3,1,3,1,56,3,60,180,1,5
4704,1,205,2,2,3,2,58,82,60,180,4,5
4705,9,450,10,1,3,1,28,68,60,180,4,5
4706,8,580,9,1,3,1,53,31,60,180,4,5
4707,2,330,2,2,3,3,14,73,420,540,2,5
4708,3,440,5,1,3,1,71,16,60,180,2,5
4709,12,68,12,1,3,2,48,99,180,300,1,5
4710,9,548,11,1,3,2,65,57,60,180,3,5
4711,13,81,13,1,3,1,62,18,180,300,1,5
4712,13,309,13,2,3,2,20,49,420,540,4,5
4713,2,39,2,1,3,3,29,89,60,180,1,5
4714,7,95,7,1,3,2,94,90,180,300,1,5
4715,14,180,15,2,3,1,99,93,420,540,2,5
4716,2,344,3,1,3,3,18,13,60,180,1,5
4717,14,265,15,2,3,1,7,69,420,540,2,5
4718,12,70,12,1,3,1,28,32,180,300,2,5
4719,1,27,2,1,3,1,18,74,0,300,3,5
4720,11,155,11,1,3,2,12,63,180,300,1,5
4721,4,44,5,1,3,2,4,14,60,180,1,5
4722,4,354,4,2,3,2,80,18,420,540,1,5
4723,7,330,7,2,3,2,48,75,420,540,4,5
4724,9,471,10,1,3,1,65,63,60,180,2,5
4725,10,388,10,2,3,2,82,99,420,540,1,5
4726,1,250,1,2,3,2,39,100,300,600,4,5
4727,11,49,12,1,3,3,11,40,180,300,1,5
4728,11,311,11,2,3,3,35,51,420,540,3,5
4729,12,409,13,1,3,2,75,23,180,300,3,5
4730,12,158,12,1,3,2,60,51,180,300,1,5
4731,8,414,9,1,3,3,71,25,180,300,1,5
4732,13,581,15,1,3,1,8,89,0,300,1,5
4733,2,62,3,1,3,3,63,15,180,300,2,5
4734,8,530,10,1,3,3,33,53,0,300,2,5
4735,6,70,6,1,3,2,67,9,180,300,2,5
4736,13,298,14,1,3,3,62,34,180,300,4,5
4737,2,191,2,2,3,1,76,22,420,540,1,5
4738,14,246,14,2,3,3,4,2,300,600,4,5
4739,6,243,7,1,3,1,20,10,0,300,1,5
4740,10,371,10,2,3,3,16,71,420,540,1,5
4741,9,264,9,2,3,3,61,16,300,420,2,5
4742,8,207,9,2,3,1,32,1,420,540,1,5
4743,6,38,6,2,3,3,19,20,420,540,1,5
4744,2,165,2,1,3,3,74,91,180,300,2,5
4745,4,264,5,1,3,3,39,93,180,300,4,5
4746,13,199,13,2,3,1,50,43,420,540,1,5
4747,8,597,9,1,3,1,37,32,0,300,2,5
4748,4,39,4,2,3,2,67,25,60,180,3,5
4749,13,514,14,2,3,2,57,99,420,540,3,5
4750,12,386,13,2,3,3,65,16,0,300,2,5
4751,6,418,7,1,3,2,73,41,60,180,1,5
4752,13,103,14,1,3,2,5,85,0,300,1,5
4753,11,292,11,2,3,3,36,46,300,420,1,5
4754,4,563,5,2,3,1,76,46,300,420,4,5
4755,11,112,11,1,3,3,68,63,180,300,4,5
4756,9,297,9,2,3,2,29,85,300,420,1,5
4757,14,433,15,1,3,2,10,77,0,300,3,5
4758,8,462,10,1,3,3,48,45,0,300,4,5
4759,1,565,2,2,3,3,84,0,420,540,2,5
4760,10,146,10,1,3,2,85,47,180,300,4,5
4761,11,0,11,1,3,2,82,54,60,180,3,5
4762,11,181,11,2,3,2,37,3,420,540,3,5
4763,2,492,3,1,3,3,45,61,0,300,1,5
4764,6,498,7,2,3,1,68,54,300,600,1,5
4765,3,510,4,1,3,1,2,61,60,180,4,5
4766,13,275,13,2,3,2,12,23,300,420,2,5
4767,2,72,3,2,3,1,83,1,180,300,1,5
4768,4,442,5,2,3,3,0,43,300,600,1,5
4769,3,300,3,2,3,3,25,78,300,420,1,5
4770,9,13,10,1,3,3,72,17,180,300,4,5
4771,10,180,11,1,3,2,56,72,180,300,2,5
4772,13,257,13,2,3,1,53,100,420,540,3,5
4773,1,250,1,2,3,1,97,33,300,420,3,5
4774,11,23,11,1,3,1,23,45,60,180,1,5
4775,14,189,14,2,3,3,54,95,420,540,3,5
4776,12,252,12,2,3,2,73,89,300,420,1,5
4777,1,393,1,2,3,1,4,43,420,540,4,5
4778,4,290,5,1,3,1,61,40,60,180,1,5
4779,12,371,13,2,3,1,92,26,180,300,3,5
4780,13,483,15,1,3,1,99,36,0,300,4,5
4781,11,421,13,2,3,3,69,93,0,300,3,5
4782,4,512,6,2,3,2,90,67,420,540,2,5
4783,13,537,15,2,3,2,76,46,180,300,4,5
4784,3,58,4,2,3,1,52,52,60,180,1,5
4785,11,349,11,2,3,2,19,83,420,540,2,5
4786,13,43,14,1,3,2,54,10,0,300,1,5
4787,4,97,4,1,3,1,40,40,180,300,1,5
4788,1,415,1,2,3,3,54,43,420,540,1,5
4789,4,379,4,2,3,3,69,49,420,540,1,5
4790,13,505,15,1,3,1,38,68,0,300,2,5
4791,8,78,8,1,3,3,94,28,180,300,3,5
4792,9,408,10,2,3,1,61,54,300,600,3,5
4793,7,415,7,2,3,1,94,61,420,540,1,5
4794,11,317,13,2,3,2,38,54,420,540,1,5
4795,4,364,6,1,3,2,45,22,180,300,1,5
4796,5,593,7,2,3,3,9,42,300,420,3,5
4797,11,490,12,2,3,3,29,85,420,540,4,5
4798,5,279,5,2,3,2,17,28,300,420,2,5
4799,6,507,8,1,3,2,25,30,60,180,1,5
4800,10,454,11,2,3,3,27,99,180,300,4,5
4801,13,505,14,1,3,3,69,83,60,180,3,5
4802,14,131,14,1,3,1,11,13,180,300,1,5
4803,3,135,3,1,3,3,67,84,180,300,2,5
4804,11,114,11,1,3,2,42,53,180,300,3,5
4805,5,303,5,2,3,1,7,29,420,540,3,5
4806,1,205,2,2,3,3,31,70,300,600,3,5
4807,7,185,9,1,3,1,98,56,0,300,2,5
4808,14,158,14,2,3,2,63,56,300,600,1,5
4809,5,341,5,2,3,1,5,26,420,540,4,5
4810,4,165,5,1,3,2,24,72,180,300,1,5
4811,5,36,6,1,3,1,67,85,0,300,3,5
4812,12,13,12,2,3,3,12,4,180,300,4,5
4813,11,434,13,1,3,1,39,54,60,180,4,5
4814,6,57,7,1,3,3,74,18,180,300,4,5
4815,6,563,8,2,3,2,93,32,180,300,3,5
4816,8,282,8,2,3,1,68,14,300,420,3,5
4817,5,596,7,1,3,3,40,79,60,180,4,5
4818,12,174,12,1,3,1,45,59,180,300,1,5
4819,1,530,2,2,3,2,74,67,300,420,3,5
4820,11,200,12,1,3,3,98,87,60,180,2,5
4821,5,259,6,2,3,2,28,40,180,300,1,5
4822,11,170,12,1,3,2,19,30,0,300,3,5
4823,13,70,14,1,3,3,42,31,0,300,2,5
4824,12,397,12,2,3,3,48,62,420,540,3,5
4825,8,483,10,2,3,1,27,21,420,540,1,5
4826,9,352,9,2,3,1,96,75,420,540,1,5
4827,9,367,10,2,3,3,49,57,420,540,4,5
4828,14,222,14,2,3,1,73,66,420,540,2,5
4829,4,164,4,1,3,2,70,25,180,300,4,5
4830,6,305,6,2,3,1,51,4,420,540,3,5
4831,10,407,10,2,3,3,64,55,420,540,4,5
4832,8,295,8,2,3,2,55,31,420,540,4,5
4833,11,576,13,1,3,3,78,1,60,180,3,5
4834,6,119,8,1,3,2,1,18,180,300,1,5
4835,6,171,7,2,3,3,51,6,0,300,1,5
4836,3,577,4,1,3,3,95,20,0,300,2,5
4837,8,562,10,1,3,1,55,72,0,300,4,5
4838,7,185,7,2,3,1,67,97,420,540,1,5
4839,3,21,4,1,3,3,65,71,180,300,4,5
4840,2,178,2,2,3,1,98,14,180,300,2,5
4841,3,523,5,2,3,1,99,69,180,300,3,5
4842,2,115,3,1,3,3,21,78,180,300,4,5
4843,1,565,3,2,3,2,15,76,180,300,1,5
4844,11,193,12,2,3,3,94,97,60,180,4,5
4845,12,101,12,1,3,1,55,80,180,300,4,5
4846,2,304,3,2,3,3,77,20,420,540,2,5
4847,4,410,4,2,3,2,88,51,420,540,2,5
4848,8,98,9,2,3,1,77,6,180,300,2,5
4849,5,599,7,1,3,2,53,74,180,300,2,5
4850,8,142,9,1,3,1,32,77,0,300,2,5
4851,4,406,4,2,3,1,69,31,420,540,3,5
4852,2,113,2,1,3,2,10,48,180,300,2,5
4853,7,139,7,2,3,2,6,56,180,300,2,5
4854,12,484,14,1,3,1,10,67,180,300,2,5
4855,7,317,8,1,3,1,53,14,180,300,4,5
4856,4,62,4,1,3,2,41,64,180,300,3,5
4857,4,446,6,1,3,3,92,90,180,300,3,5
4858,5,535,7,2,3,1,86,73,300,600,3,5
4859,9,541,10,1,3,3,69,60,180,300,2,5
4860,12,348,12,2,3,1,43,85,420,540,3,5
4861,11,599,13,1,3,3,9,68,0,300,3,5
4862,7,521,9,1,3,3,4,46,0,300,2,5
4863,2,569,3,1,3,2,66,9,180,300,2,5
4864,11,205,11,2,3,3,57,0,300,420,3,5
4865,14,348,14,2,3,2,69,2,420,540,3,5
4866,12,580,14,2,3,1,35,38,300,420,1,5
4867,1,193,2,1,3,1,56,19,180,300,1,5
4868,9,509,10,1,3,3,38,1,0,300,3,5
4869,2,382,2,2,3,2,39,61,420,540,2,5
4870,13,587,15,2,3,2,61,30,60,180,2,5
4871,12,412,13,2,3,3,77,67,0,300,2,5
4872,14,443,16,1,3,3,12,52,60,180,3,5
4873,8,590,9,1,3,1,32,45,60,180,4,5
4874,2,5,3,2,3,3,30,41,420,540,2,5
4875,14,237,14,2,3,1,69,92,300,600,3,5
4876,3,357,4,2,3,3,27,82,60,180,3,5
4877,10,420,10,2,3,3,8,2,420,540,4,5
4878,11,291,12,1,3,3,10,6,0,300,2,5
4879,6,40,7,1,3,1,50,65,180,300,1,5
4880,12,336,12,2,3,2,9,27,420,540,3,5
4881,5,356,6,1,3,2,45,88,0,300,2,5
4882,4,164,4,1,3,3,77,26,180,300,2,5
4883,9,430,11,1,3,3,98,41,60,180,4,5
4884,12,536,14,2,3,3,1,7,300,420,3,5
4885,10,231,10,2,3,2,17,62,300,420,4,5
4886,6,528,7,2,3,3,11,54,300,420,4,5
4887,3,548,5,2,3,3,11,9,420,540,2,5
4888,5,187,5,2,3,1,6,54,300,600,3,5
4889,12,87,12,2,3,2,73,12,420,540,3,5
4890,14,1,14,1,3,2,89,90,60,180,2,5
4891,1,464,3,2,3,1,56,16,300,600,2,5
4892,4,301,4,2,3,1,66,76,420,540,2,5
4893,7,558,8,2,3,3,0,92,420,540,4,5
4894,10,195,10,2,3,1,46,48,300,420,1,5
4895,5,549,6,2,3,3,57,17,0,300,2,5
4896,13,567,15,1,3,2,38,84,0,300,2,5
4897,9,345,10,1,3,2,69,59,0,300,1,5
4898,7,10,8,2,3,1,98,40,420,540,2,5
4899,14,547,15,1,3,3,9,53,60,180,4,5
4900,9,182,9,2,3,3,65,50,300,420,1,5
4901,8,49,8,1,3,3,12,15,60,180,2,5
4902,5,512,6,1,3,3,14,40,60,180,1,5
4903,10,147,11,1,3,3,90,49,0,300,3,5
4904,3,64,3,2,3,2,99,39,420,540,4,5
4905,4,26,5,1,3,3,52,53,60,180,4,5
4906,10,65,11,2,3,2,59,87,180,300,2,5
4907,2,286,2,2,3,1,9,50,300,600,2,5
4908,14,32,14,1,3,2,99,60,60,180,4,5
4909,10,314,10,2,3,1,5,81,420,540,1,5
4910,1,134,1,2,3,3,84,35,300,420,1,5
4911,12,0,12,1,3,2,89,5,60,180,1,5
4912,7,219,7,2,3,1,44,18,300,600,1,5
4913,5,543,6,1,3,2,22,73,60,180,2,5
4914,7,455,8,2,3,3,49,78,420,540,4,5
4915,7,508,9,1,3,3,33,71,180,300,1,5
4916,5,343,6,1,3,2,26,97,180,300,3,5
4917,7,184,8,1,3,1,95,17,180,300,4,5
4918,3,21,3,1,3,3,22,77,60,180,2,5
4919,3,461,4,1,3,3,86,74,0,300,3,5
4920,12,261,13,2,3,2,35,83,60,180,3,5
4921,5,63,5,1,3,1,39,49,180,300,3,5
4922,3,296,3,2,3,1,41,17,420,540,1,5
4923,9,507,10,2,3,1,84,61,420,540,3,5
4924,1,96,1,2,3,1,71,58,180,300,2,5
4925,3,85,3,1,3,3,98,77,180,300,3,5
4926,10,225,10,2,3,3,22,2,420,540,2,5
4927,13,517,15,1,3,1,85,87,180,300,3,5
4928,12,5,12,2,3,1,88,18,180,300,1,5
4929,14,532,16,1,3,2,89,17,0,300,1,5
4930,8,418,8,2,3,2,22,83,420,540,3,5
4931,6,103,6,1,3,1,29,90,180,300,3,5
4932,9,174,9,1,3,3,90,57,180,300,1,5
4933,12,511,14,2,3,2,72,49,0,300,1,5
4934,11,573,12,2,3,2,40,87,300,600,3,5
4935,14,43,15,1,3,1,88,58,60,180,3,5
4936,8,278,9,1,3,2,73,40,60,180,1,5
4937,13,351,13,2,3,3,61,56,420,540,1,5
4938,12,139,12,1,3,2,73,58,180,300,1,5
4939,14,113,14,2,3,1,38,71,420,540,2,5
4940,6,272,6,2,3,1,42,85,300,420,4,5
4941,14,506,16,1,3,1,92,69,60,180,3,5
4942,9,127,9,2,3,3,98,11,420,540,3,5
4943,3,31,4,2,3,1,28,16,0,300,4,5
4944,2,550,3,1,3,2,95,81,60,180,1,5
4945,10,348,10,2,3,1,89,6,420,540,2,5
4946,3,536,5,1,3,1,53,70,180,300,2,5
4947,6,356,6,2,3,1,31,78,420,540,1,5
4948,9,313,10,1,3,3,6,37,60,180,2,5
4949,11,383,12,1,3,2,37,0,60,180,3,5
4950,4,452,6,1,3,3,35,82,60,180,2,5
4951,12,550,14,1,3,1,33,56,180,300,4,5
4952,13,132,13,2,3,3,73,58,420,540,3,5
4953,12,600,13,1,3,2,15,68,0,300,2,5
4954,6,509,7,2,3,1,65,61,60,180,1,5
4955,8,283,9,1,3,3,28,10,180,300,1,5
4956,10,0,11,1,3,2,68,39,0,300,1,5
4957,7,394,7,2,3,1,50,56,420,540,2,5
4958,13,235,14,1,3,3,8,8,180,300,4,5
4959,4,494,6,2,3,2,2,96,300,420,1,5
4960,8,82,10,1,3,1,40,74,60,180,3,5
4961,1,450,3,1,3,2,5,80,0,300,4,5
4962,4,223,5,2,3,1,82,46,0,300,3,5
4963,2,0,4,1,3,2,27,71,60,180,3,5
4964,14,237,15,2,3,1,56,96,0,300,2,5
4965,9,140,10,1,3,1,77,54,60,180,1,5
4966,8,60,8,1,3,1,26,37,180,300,1,5
4967,1,385,2,2,3,1,19,40,420,540,3,5
4968,12,497,13,1,3,3,61,100,60,180,2,5
4969,13,569,14,2,3,3,75,31,0,300,3,5
4970,13,326,14,2,3,2,48,38,300,600,2,5
4971,1,209,1,2,3,1,31,45,300,600,4,5
4972,14,318,14,2,3,1,45,13,420,540,4,5
4973,9,161,9,1,3,3,14,82,180,300,2,5
4974,6,343,6,2,3,3,40,89,420,540,3,5
4975,14,119,15,1,3,3,12,78,180,300,2,5
4976,13,250,13,2,3,3,53,54,420,540,2,5
4977,4,176,5,1,3,3,84,87,60,180,4,5
4978,1,515,2,2,3,2,81,81,60,180,4,5
4979,5,1,5,2,3,1,52,100,180,300,3,5
4980,10,49,11,1,3,3,98,100,60,180,1,5
4981,14,72,15,1,3,3,50,59,180,300,1,5
4982,14,383,15,1,3,2,80,61,60,180,2,5
4983,8,98,10,1,3,3,96,99,180,300,2,5
4984,6,496,8,2,3,3,20,50,180,300,3,5
4985,13,146,13,1,3,2,62,32,180,300,4,5
4986,7,487,9,1,3,2,82,87,0,300,1,5
4987,11,421,13,2,3,1,45,8,180,300,3,5
4988,3,325,3,2,3,1,33,30,420,540,3,5
4989,2,150,2,2,3,2,60,31,300,600,2,5
4990,10,469,11,1,3,1,96,1,60,180,1,5
4991,5,553,6,1,3,3,82,22,180,300,2,5
4992,2,386,3,2,3,2,85,82,0,300,4,5
4993,5,114,6,1,3,2,27,78,0,300,4,5
4994,14,370,15,2,3,3,96,51,60,180,3,5
4995,6,556,8,2,3,2,69,44,420,540,2,5
4996,6,312,6,2,3,1,17,16,420,540,4,5
4997,13,521,14,1,3,1,50,50,180,300,2,5
4998,9,299,9,2,3,2,64,9,300,600,4,5
4999,5,554,7,1,3,2,33,64,60,180,4,5
5000,13,545,14,2,3,1,53,85,60,180,2,5
5001,7,189,7,2,3,2,37,100,420,540,3,5
5002,6,64,7,1,3,1,35,50,180,300,3,5
5003,5,545,7,1,3,1,86,18,60,180,3,5
5004,3,167,4,1,3,3,21,86,180,300,2,5
5005,14,8,14,1,3,2,99,69,60,180,1,5
5006,3,29,3,1,3,2,35,62,60,180,3,5
5007,7,90,7,2,3,1,95,63,180,300,2,5
5008,8,167,8,1,3,1,18,29,180,300,3,5
5009,10,212,11,2,3,2,77,0,60,180,3,5
5010,7,62,7,1,3,3,26,11,180,300,3,5
5011,7,407,8,1,3,1,53,32,60,180,3,5
5012,3,217,3,2,3,1,74,28,300,420,4,5
5013,4,40,4,2,3,1,20,31,0,300,4,5
5014,1,50,2,1,3,3,15,56,0,300,1,5
5015,1,185,1,2,3,1,44,22,300,600,3,5
5016,12,92,12,2,3,3,4,55,300,420,4,5
5017,10,53,11,1,3,2,39,33,60,180,3,5
5018,5,86,5,2,3,3,63,52,180,300,3,5
5019,13,571,15,2,3,1,72,37,60,180,2,5
5020,12,130,12,1,3,1,52,19,180,300,3,5
5021,11,236,11,2,3,3,47,40,300,420,1,5
5022,7,26,8,1,3,3,32,69,180,300,3,5
5023,10,437,12,1,3,2,23,1,60,180,1,5
5024,11,339,11,2,3,1,43,13,420,540,1,5
5025,2,352,2,2,3,1,9,7,420,540,4,5
5026,5,164,5,1,3,2,40,56,180,300,2,5
5027,2,521,3,1,3,1,91,74,0,300,3,5
5028,2,64,3,1,3,3,95,33,0,300,4,5
5029,12,130,12,2,3,1,41,28,420,540,1,5
5030,3,579,4,1,3,3,59,14,180,300,1,5
5031,13,117,13,1,3,1,58,22,180,300,4,5
5032,13,131,14,1,3,1,0,99,180,300,3,5
5033,9,478,10,1,3,2,6,16,60,180,4,5
5034,2,373,2,2,3,2,61,78,420,540,3,5
5035,6,199,6,2,3,2,62,79,300,600,2,5
5036,13,589,15,1,3,2,79,72,180,300,4,5
5037,1,168,1,2,3,2,17,49,180,300,2,5
5038,13,499,15,1,3,2,63,14,60,180,3,5
5039,4,472,5,2,3,2,56,32,0,300,4,5
5040,8,8,8,2,3,2,43,59,420,540,1,5
5041,10,487,11,1,3,2,67,62,60,180,2,5
5042,14,28,14,1,3,3,39,34,60,180,1,5
5043,2,434,4,2,3,1,32,97,180,300,3,5
5044,7,193,8,1,3,3,28,97,0,300,3,5
5045,11,100,11,1,3,2,72,35,180,300,2,5
5046,6,271,6,2,3,3,72,74,300,600,4,5
5047,11,128,13,1,3,1,29,87,0,300,1,5
5048,10,162,11,1,3,2,15,79,60,180,2,5
5049,1,565,2,1,3,1,67,10,0,300,3,5
5050,7,531,9,1,3,1,72,21,180,300,1,5
5051,12,316,12,2,3,1,30,58,420,540,4,5
5052,10,200,10,2,3,3,71,53,420,540,3,5
5053,2,351,3,1,3,1,18,36,60,180,2,5
5054,4,282,4,2,3,3,10,94,300,600,4,5
5055,8,103,10,1,3,1,52,74,60,180,3,5
5056,10,74,10,2,3,2,70,19,420,540,1,5
5057,1,205,2,1,3,1,0,11,0,300,3,5
5058,9,463,10,1,3,1,73,10,60,180,3,5
5059,12,477,14,1,3,3,100,39,60,180,4,5
5060,1,513,2,1,3,1,40,16,0,300,4,5
5061,14,414,14,2,3,3,43,34,420,540,4,5
5062,9,599,11,1,3,2,27,57,180,300,4,5
5063,14,598,15,1,3,1,87,81,0,300,1,5
5064,5,42,5,2,3,1,74,11,300,600,4,5
5065,3,412,3,2,3,1,57,65,420,540,1,5
5066,10,144,11,2,3,3,14,100,420,540,2,5
5067,13,121,14,2,3,2,72,11,180,300,3,5
5068,4,421,5,1,3,1,88,34,0,300,2,5
5069,11,496,13,2,3,1,7,21,300,600,1,5
5070,3,537,5,1,3,1,26,7,0,300,3,5
5071,14,308,14,2,3,2,8,83,420,540,1,5
5072,14,460,15,1,3,3,41,50,180,300,2,5
5073,9,150,9,1,3,1,32,50,180,300,4,5
5074,3,341,3,2,3,2,100,57,420,540,1,5
5075,4,153,4,2,3,1,99,47,420,540,4,5
5076,4,428,6,2,3,1,86,56,60,180,1,5
5077,2,195,2,2,3,3,79,42,300,600,2,5
5078,7,332,7,2,3,3,66,70,420,540,4,5
5079,9,343,9,2,3,2,22,81,420,540,2,5
5080,14,376,14,2,3,3,16,40,420,540,1,5
5081,3,252,3,2,3,2,24,13,300,420,3,5
5082,12,325,12,2,3,3,38,33,420,540,1,5
5083,2,209,3,1,3,1,82,20,60,180,4,5
5084,2,66,3,1,3,1,42,12,180,300,3,5
5085,3,325,3,2,3,2,91,3,420,540,2,5
5086,2,309,3,1,3,2,99,13,0,300,4,5
5087,10,54,11,1,3,1,22,92,60,180,3,5
5088,2,108,2,1,3,3,63,25,180,300,3,5
5089,1,562,2,2,3,1,97,30,420,540,4,5
5090,2,505,3,1,3,3,17,93,0,300,1,5
5091,4,60,4,2,3,2,70,34,300,600,4,5
5092,9,178,9,1,3,2,2,14,180,300,2,5
5093,8,124,8,1,3,1,81,35,180,300,3,5
5094,11,6,11,1,3,3,31,38,60,180,4,5
5095,5,130,6,1,3,3,23,62,60,180,2,5
5096,9,94,10,1,3,2,33,21,180,300,4,5
5097,2,328,2,2,3,1,2,26,420,540,2,5
5098,11,461,13,1,3,1,61,30,0,300,2,5
5099,13,421,15,2,3,3,52,4,0,300,1,5
5100,13,518,15,1,3,2,82,47,60,180,2,5
5101,1,247,1,2,3,3,34,49,300,600,3,5
5102,5,424,7,2,3,2,92,28,180,300,1,5
5103,2,338,2,2,3,1,98,66,420,540,1,5
5104,8,532,9,1,3,1,82,55,0,300,2,5
5105,3,424,5,1,3,1,43,3,0,300,4,5
5106,1,33,1,1,3,1,21,14,60,180,2,5
5107,3,413,3,2,3,1,0,29,420,540,2,5
5108,3,119,5,1,3,2,47,14,0,300,3,5
5109,8,414,8,2,3,2,55,93,420,540,1,5
5110,12,366,13,1,3,2,22,6,180,300,3,5
5111,11,408,11,2,3,2,96,39,420,540,4,5
5112,10,82,10,1,3,2,45,5,180,300,2,5
5113,9,411,9,2,3,2,7,66,420,540,2,5
5114,13,10,14,2,3,3,40,95,60,180,3,5
5115,3,214,3,2,3,2,10,83,420,540,2,5
5116,8,223,8,2,3,2,84,34,420,540,4,5
5117,1,159,1,1,3,2,55,14,180,300,2,5
5118,11,543,12,2,3,3,31,72,300,600,4,5
5119,14,493,16,1,3,2,2,24,0,300,4,5
5120,7,490,9,1,3,2,42,25,60,180,2,5
5121,4,558,6,1,3,3,91,1,0,300,4,5
5122,11,99,12,1,3,1,32,35,180,300,2,5
5123,4,56,5,1,3,3,86,11,180,300,2,5
5124,8,50,8,2,3,3,18,80,300,420,4,5
5125,9,151,10,1,3,3,91,49,0,300,2,5
5126,8,224,8,2,3,3,50,5,300,420,1,5
5127,9,9,9,1,3,2,14,78,60,180,1,5
5128,13,74,13,1,3,1,35,34,180,300,1,5
5129,6,56,6,1,3,3,17,15,60,180,2,5
5130,5,270,6,1,3,3,63,46,180,300,3,5
5131,4,587,5,1,3,2,39,14,60,180,4,5
5132,8,295,8,2,3,1,52,84,420,540,1,5
5133,13,15,15,1,3,3,98,92,180,300,3,5
5134,5,459,7,2,3,1,89,66,180,300,3,5
5135,7,591,8,1,3,3,14,43,0,300,1,5
5136,9,54,9,1,3,1,71,31,60,180,4,5
5137,3,365,3,2,3,2,67,7,420,540,3,5
5138,3,34,3,1,3,1,48,61,60,180,4,5
5139,1,596,2,1,3,2,86,15,180,300,4,5
5140,9,403,9,2,3,1,93,78,420,540,1,5
5141,3,157,4,2,3,3,14,88,60,180,2,5
5142,3,160,3,1,3,3,8,22,180,300,3,5
5143,1,327,1,2,3,3,60,82,420,540,2,5
5144,9,425,11,1,3,2,43,41,180,300,2,5
5145,7,54,7,2,3,1,33,89,180,300,3,5
5146,1,111,3,1,3,3,57,25,180,300,3,5
5147,10,151,10,1,3,3,64,5,180,300,3,5
5148,13,514,14,1,3,1,3,13,0,300,2,5
5149,3,229,3,2,3,3,26,45,420,540,3,5
5150,4,267,4,2,3,3,70,68,300,420,3,5
5151,5,214,5,2,3,2,40,68,300,600,1,5
5152,14,257,14,2,3,2,51,72,300,600,3,5
5153,4,212,4,2,3,2,13,1,300,420,1,5
5154,3,214,3,2,3,2,37,42,420,540,2,5
5155,7,8,7,2,3,1,13,33,300,600,2,5
5156,4,37,4,1,3,2,31,2,60,180,4,5
5157,3,59,4,2,3,2,86,58,0,300,3,5
5158,12,343,13,1,3,1,73,16,60,180,4,5
5159,4,1,5,1,3,1,51,57,180,300,2,5
5160,2,253,3,1,3,3,59,7,180,300,2,5
5161,10,388,11,1,3,2,48,41,60,180,4,5
5162,9,171,9,2,3,3,37,37,180,300,3,5
5163,3,571,5,1,3,1,66,35,180,300,4,5
5164,14,507,16,2,3,1,81,85,420,540,4,5
5165,11,277,11,2,3,3,26,59,420,540,3,5
5166,11,283,12,1,3,1,19,63,0,300,4,5
5167,1,263,2,1,3,3,3,64,0,300,4,5
5168,7,546,8,2,3,1,24,51,180,300,2,5
5169,12,176,12,1,3,1,85,100,180,300,2,5
5170,2,308,2,2,3,2,97,35,420,540,3,5
5171,11,22,12,2,3,3,78,53,420,540,2,5
5172,8,358,9,2,3,1,50,57,420,540,2,5
5173,12,502,13,1,3,1,87,45,180,300,2,5
5174,10,410,10,2,3,1,17,22,420,540,3,5
5175,6,261,6,2,3,2,73,41,300,600,2,5
5176,12,52,12,1,3,1,65,93,60,180,4,5
5177,14,392,14,2,3,3,70,0,420,540,4,5
5178,5,80,5,2,3,1,51,53,300,600,4,5
5179,10,535,12,1,3,1,80,53,0,300,2,5
5180,13,482,14,1,3,1,55,6,0,300,1,5
5181,12,155,13,2,3,1,29,93,60,180,4,5
5182,6,162,7,2,3,2,42,41,300,600,1,5
5183,2,490,4,2,3,1,38,65,180,300,3,5
5184,3,333,3,2,3,3,43,91,420,540,2,5
5185,9,522,11,1,3,1,71,85,180,300,4,5
5186,1,491,3,1,3,3,59,20,60,180,4,5
5187,9,386,9,2,3,2,68,70,420,540,2,5
5188,6,511,7,1,3,2,46,82,180,300,3,5
5189,12,400,12,2,3,3,84,9,420,540,3,5
5190,8,466,10,1,3,1,27,38,0,300,1,5
5191,13,105,14,1,3,1,38,2,180,300,1,5
5192,9,389,10,2,3,3,88,10,420,540,1,5
5193,2,96,3,2,3,1,3,4,180,300,3,5
5194,14,214,14,2,3,2,60,5,300,600,2,5
5195,4,169,5,1,3,3,35,46,180,300,1,5
5196,2,274,3,1,3,1,34,23,0,300,4,5
5197,1,102,1,1,3,1,23,90,180,300,4,5
5198,14,125,14,1,3,2,94,56,180,300,2,5
5199,9,152,9,2,3,2,95,38,180,300,3,5
5200,5,564,7,2,3,1,29,29,60,180,1,5
5201,2,207,2,2,3,3,25,13,420,540,4,5
5202,8,460,10,1,3,2,43,74,180,300,4,5
5203,10,312,11,1,3,2,20,84,0,300,3,5
5204,13,593,15,2,3,1,1,30,180,300,1,5
5205,1,132,1,1,3,3,14,37,180,300,4,5
5206,10,592,11,1,3,3,45,9,60,180,4,5
5207,14,512,16,1,3,2,15,89,60,180,1,5
5208,9,570,10,2,3,3,78,34,0,300,2,5
5209,9,312,10,2,3,3,75,0,300,420,4,5
5210,10,429,11,2,3,2,0,13,300,420,2,5
5211,7,153,9,1,3,3,70,55,0,300,1,5
5212,3,202,3,2,3,1,16,47,300,420,3,5
5213,9,598,11,1,3,2,4,100,180,300,1,5
5214,11,358,13,1,3,2,86,46,60,180,3,5
5215,5,145,5,1,3,2,33,95,180,300,3,5
5216,5,35,5,1,3,2,43,20,60,180,4,5
5217,10,61,10,1,3,2,69,31,180,300,4,5
5218,5,224,5,2,3,3,18,24,420,540,4,5
5219,10,289,11,2,3,1,35,6,180,300,2,5
5220,13,552,15,2,3,3,15,64,0,300,1,5
5221,3,552,5,1,3,2,98,19,60,180,4,5
5222,5,493,6,1,3,3,98,66,0,300,2,5
5223,6,358,7,1,3,3,13,42,60,180,2,5
5224,6,549,8,1,3,2,93,66,60,180,1,5
5225,5,515,7,2,3,1,62,32,420,540,2,5
5226,4,138,4,1,3,2,43,95,180,300,2,5
5227,12,507,13,2,3,1,53,76,0,300,4,5
5228,1,471,2,1,3,1,10,83,0,300,4,5
5229,14,131,15,2,3,1,59,21,420,540,1,5
5230,6,194,7,1,3,1,5,27,60,180,1,5
5231,14,500,15,1,3,2,78,74,60,180,2,5
5232,11,269,11,2,3,2,84,36,420,540,2,5
5233,12,208,12,2,3,3,25,11,420,540,4,5
5234,7,346,8,1,3,3,13,90,60,180,1,5
5235,5,315,6,2,3,1,93,75,180,300,4,5
5236,5,314,5,2,3,3,89,15,420,540,4,5
5237,12,9,13,1,3,1,36,77,0,300,4,5
5238,4,64,4,1,3,2,39,81,180,300,3,5
5239,4,598,6,1,3,2,78,6,60,180,3,5
5240,11,55,11,1,3,3,18,94,60,180,3,5
5241,2,125,2,2,3,3,76,90,180,300,3,5
5242,6,261,7,1,3,3,23,3,60,180,3,5
5243,3,96,3,2,3,1,32,10,300,600,1,5
5244,8,568,10,1,3,2,66,59,180,300,2,5
5245,14,273,14,2,3,3,26,21,300,600,2,5
5246,7,348,7,2,3,1,12,25,420,540,3,5
5247,4,524,5,1,3,1,26,13,180,300,4,5
5248,7,354,8,2,3,1,17,88,420,540,4,5
5249,9,477,10,1,3,1,5,59,0,300,3,5
5250,6,203,6,2,3,3,1,54,300,420,4,5
5251,3,135,3,1,3,1,65,92,180,300,2,5
5252,14,208,14,2,3,1,93,89,420,540,3,5
5253,9,191,9,2,3,1,54,79,420,540,1,5
5254,4,70,4,2,3,3,11,52,420,540,1,5
5255,13,529,14,1,3,2,99,40,0,300,2,5
5256,3,126,4,1,3,3,59,58,60,180,2,5
5257,4,377,4,2,3,3,63,2,420,540,3,5
5258,13,328,13,2,3,2,63,86,420,540,1,5
5259,1,109,1,1,3,3,2,50,180,300,2,5
5260,13,156,14,1,3,1,82,76,60,180,3,5
5261,2,105,2,2,3,2,31,65,420,540,4,5
5262,8,366,8,2,3,1,22,75,420,540,2,5
5263,10,52,11,1,3,1,11,92,60,180,1,5
5264,8,483,9,1,3,1,96,52,180,300,2,5
5265,11,490,12,1,3,2,13,45,60,180,1,5
5266,4,261,5,1,3,3,30,51,180,300,2,5
5267,1,236,1,2,3,2,20,79,420,540,4,5
5268,9,455,10,1,3,1,99,40,0,300,1,5
5269,5,203,6,2,3,2,25,43,180,300,4,5
5270,10,476,12,1,3,1,42,86,60,180,2,5
5271,10,76,10,2,3,3,27,86,180,300,4,5
5272,10,328,12,1,3,2,88,52,0,300,4,5
5273,10,21,10,1,3,1,16,65,60,180,4,5
5274,5,544,6,1,3,1,65,20,180,300,4,5
5275,7,376,7,2,3,1,69,96,420,540,3,5
5276,4,42,4,2,3,3,27,37,300,600,1,5
5277,6,434,8,1,3,3,93,40,180,300,4,5
5278,11,51,12,2,3,2,100,39,60,180,3,5
5279,14,252,14,2,3,1,69,96,420,540,4,5
5280,3,250,3,2,3,3,15,6,420,540,2,5
5281,3,356,3,2,3,1,22,10,420,540,4,5
5282,5,426,6,2,3,3,35,20,420,540,2,5
5283,5,325,5,2,3,1,40,87,420,540,2,5
5284,5,138,5,1,3,2,17,99,180,300,2,5
5285,5,314,5,2,3,2,68,8,420,540,2,5
5286,6,181,7,1,3,3,72,85,60,180,3,5
5287,11,460,13,1,3,2,46,46,0,300,1,5
5288,8,293,10,1,3,1,78,58,0,300,2,5
5289,13,507,15,2,3,1,6,61,300,600,3,5
5290,13,521,15,1,3,3,57,95,0,300,3,5
5291,12,141,13,1,3,2,84,14,180,300,3,5
5292,7,48,7,1,3,2,22,2,60,180,3,5
5293,13,56,14,1,3,1,72,80,60,180,1,5
5294,10,508,11,1,3,1,96,62,0,300,2,5
5295,11,159,11,2,3,1,27,96,300,420,3,5
5296,9,168,9,1,3,3,78,77,180,300,2,5
5297,11,493,12,1,3,3,20,49,60,180,3,5
5298,10,308,10,2,3,1,42,44,420,540,4,5
5299,2,290,4,2,3,1,5,6,180,300,3,5
5300,10,555,12,1,3,1,78,73,60,180,4,5
5301,5,417,6,2,3,1,22,73,0,300,1,5
5302,13,312,13,2,3,2,84,28,420,540,1,5
5303,13,390,13,2,3,2,79,62,420,540,3,5
5304,3,552,4,1,3,2,100,89,0,300,1,5
5305,12,49,13,1,3,1,56,93,60,180,2,5
5306,6,387,6,2,3,1,90,62,420,540,4,5
5307,3,96,3,1,3,1,85,88,180,300,3,5
5308,10,106,11,1,3,1,75,44,180,300,3,5
5309,10,454,11,2,3,1,54,41,420,540,1,5
5310,13,305,14,2,3,3,83,26,60,180,2,5
5311,12,262,12,2,3,2,99,71,300,600,1,5
5312,5,337,5,2,3,3,18,43,420,540,3,5
5313,2,597,4,1,3,3,70,75,0,300,3,5
5314,6,462,7,1,3,1,37,67,0,300,2,5
5315,3,341,3,2,3,2,8,70,420,540,1,5
5316,12,485,14,1,3,3,95,18,0,300,3,5
5317,13,418,13,2,3,1,84,94,420,540,1,5
5318,1,167,2,1,3,2,73,98,180,300,4,5
5319,1,102,1,2,3,3,14,10,300,420,1,5
5320,14,321,14,2,3,3,9,18,420,540,3,5
5321,13,291,13,2,3,1,74,21,420,540,3,5
5322,4,187,4,2,3,2,55,80,300,600,3,5
5323,3,437,5,2,3,1,88,64,300,600,4,5
5324,11,308,12,2,3,3,19,66,420,540,4,5
5325,8,515,10,2,3,2,31,27,420,540,3,5
5326,10,472,12,2,3,2,79,73,420,540,2,5
5327,7,151,7,1,3,1,37,92,180,300,1,5
5328,3,61,3,1,3,1,51,39,180,300,4,5
5329,9,186,11,1,3,1,47,35,180,300,4,5
5330,8,97,8,2,3,2,73,85,420,540,3,5
5331,11,137,12,1,3,1,98,88,0,300,2,5
5332,12,125,13,1,3,1,13,67,60,180,1,5
5333,1,270,2,2,3,2,28,3,300,420,2,5
5334,6,36,6,2,3,3,55,13,420,540,4,5
5335,6,389,6,2,3,1,9,54,420,540,2,5
5336,7,420,7,2,3,3,29,37,420,540,1,5
5337,3,382,3,2,3,1,44,42,420,540,4,5
5338,6,330,6,2,3,1,95,85,420,540,4,5
5339,11,567,12,2,3,3,3,53,300,420,3,5
5340,8,586,10,2,3,1,8,89,300,420,1,5
5341,9,483,11,2,3,1,11,43,0,300,1,5
5342,3,498,4,1,3,1,96,97,60,180,1,5
5343,14,328,14,2,3,1,23,64,420,540,1,5
5344,1,356,1,2,3,2,53,24,420,540,4,5
5345,3,13,4,1,3,2,75,33,180,300,4,5
5346,13,491,14,1,3,1,37,52,180,300,2,5
5347,2,474,3,2,3,3,80,45,180,300,3,5
5348,2,322,2,2,3,2,77,35,420,540,1,5
5349,7,577,9,2,3,3,63,8,180,300,2,5
5350,8,285,9,1,3,2,68,52,180,300,4,5
5351,13,32,14,2,3,2,86,92,300,420,2,5
5352,8,311,10,2,3,3,55,41,420,540,2,5
5353,2,198,2,2,3,3,76,95,420,540,4,5
5354,3,436,5,2,3,1,0,68,420,540,1,5
5355,3,288,4,1,3,1,99,28,180,300,1,5
5356,12,403,12,2,3,1,47,40,420,540,4,5
5357,10,496,11,1,3,1,83,98,180,300,2,5
5358,5,1,5,2,3,1,76,4,300,600,2,5
5359,14,571,16,2,3,3,10,84,180,300,4,5
5360,1,247,2,1,3,1,85,78,180,300,3,5
5361,1,63,2,1,3,2,10,93,180,300,1,5
5362,4,195,5,2,3,1,3,67,180,300,3,5
5363,7,595,8,1,3,3,73,79,60,180,4,5
5364,5,230,5,2,3,3,74,53,420,540,1,5
5365,7,136,7,1,3,2,52,21,180,300,1,5
5366,1,182,2,2,3,1,4,82,180,300,2,5
5367,12,10,12,1,3,1,21,98,60,180,2,5
5368,3,569,5,2,3,1,29,14,420,540,1,5
5369,5,204,6,1,3,1,49,60,0,300,1,5
5370,8,72,9,1,3,1,60,6,60,180,2,5
5371,9,147,9,1,3,3,91,68,180,300,2,5
5372,10,80,11,1,3,1,10,17,60,180,1,5
5373,6,231,6,2,3,2,9,69,300,420,4,5
5374,5,385,6,2,3,3,100,27,180,300,4,5
5375,3,50,3,1,3,1,18,85,60,180,3,5
5376,9,448,11,2,3,2,89,21,0,300,3,5
5377,8,196,8,2,3,2,28,52,300,420,2,5
5378,14,324,15,1,3,1,21,71,0,300,2,5
5379,8,389,8,2,3,3,91,60,420,540,3,5
5380,7,125,7,2,3,1,21,49,180,300,1,5
5381,3,519,4,1,3,3,74,33,0,300,1,5
5382,6,523,8,1,3,1,93,94,60,180,4,5
5383,9,368,9,2,3,1,82,55,420,540,3,5
5384,10,271,11,1,3,2,61,94,0,300,4,5
5385,6,184,7,1,3,2,65,3,0,300,3,5
5386,8,393,9,1,3,3,47,79,0,300,4,5
5387,7,550,8,1,3,2,88,79,0,300,4,5
5388,6,56,6,2,3,2,77,6,60,180,3,5
5389,5,375,5,2,3,2,93,89,420,540,1,5
5390,1,273,1,2,3,2,87,95,420,540,2,5
5391,7,423,9,1,3,2,27,84,180,300,4,5
5392,13,318,13,2,3,3,15,75,420,540,1,5
5393,4,306,5,1,3,2,68,83,60,180,2,5
5394,4,253,5,1,3,2,63,56,60,180,4,5
5395,12,22,12,1,3,1,86,5,60,180,4,5
5396,3,500,4,1,3,3,93,2,180,300,3,5
5397,12,94,14,1,3,2,26,43,60,180,4,5
5398,12,110,13,1,3,1,9,7,60,180,3,5
5399,5,346,6,2,3,2,58,63,420,540,3,5
5400,12,515,13,2,3,2,62,54,60,180,4,5
5401,8,52,9,1,3,1,43,99,60,180,1,5
5402,8,171,8,1,3,3,45,33,180,300,1,5
5403,10,254,10,2,3,1,18,39,420,540,1,5
5404,13,254,13,2,3,1,70,75,420,540,1,5
5405,7,467,8,1,3,1,25,90,180,300,3,5
5406,9,490,11,1,3,1,29,45,0,300,2,5
5407,6,446,7,1,3,2,45,62,0,300,3,5
5408,6,586,7,1,3,3,5,36,180,300,2,5
5409,2,432,3,1,3,3,15,45,180,300,2,5
5410,9,426,10,1,3,1,38,58,0,300,1,5
5411,9,382,9,2,3,1,27,41,420,540,1,5
5412,1,560,3,1,3,1,99,2,0,300,3,5
5413,6,485,8,1,3,2,31,33,180,300,4,5
5414,12,107,12,1,3,2,25,68,180,300,2,5
5415,11,511,12,1,3,2,76,43,180,300,1,5
5416,9,164,9,1,3,2,66,39,180,300,3,5
5417,3,587,5,1,3,3,93,4,60,180,3,5
5418,3,98,3,2,3,1,77,89,180,300,1,5
5419,9,410,9,2,3,2,14,81,420,540,4,5
5420,14,410,14,2,3,2,14,33,420,540,3,5
5421,7,181,7,2,3,1,11,81,420,540,2,5
5422,10,574,11,1,3,3,67,35,180,300,2,5
5423,8,409,8,2,3,2,95,94,420,540,1,5
5424,5,330,5,2,3,1,63,36,420,540,3,5
5425,11,279,12,2,3,2,94,20,0,300,3,5
5426,8,71,8,1,3,2,8,74,180,300,3,5
5427,10,597,12,1,3,1,100,49,180,300,3,5
5428,1,245,1,2,3,1,73,73,420,540,3,5
5429,8,188,9,2,3,1,86,7,420,540,2,5
5430,13,575,14,1,3,3,65,88,180,300,4,5
5431,11,422,13,1,3,2,3,12,0,300,4,5
5432,5,83,5,2,3,3,70,47,180,300,4,5
5433,9,548,10,2,3,1,95,77,180,300,3,5
5434,12,197,13,1,3,3,95,100,180,300,1,5
5435,8,473,9,2,3,2,17,97,60,180,3,5
5436,14,124,15,2,3,3,39,91,0,300,4,5
5437,1,158,2,2,3,3,2,72,180,300,3,5
5438,10,27,10,1,3,2,44,3,60,180,3,5
5439,14,198,14,2,3,2,13,17,300,420,2,5
5440,14,5,15,2,3,3,84,61,180,300,3,5
5441,11,60,11,2,3,2,53,59,420,540,2,5
5442,1,600,3,1,3,1,65,83,180,300,2,5
5443,2,489,3,2,3,3,62,2,420,540,3,5
5444,1,89,1,1,3,3,9,86,180,300,4,5
5445,9,210,9,2,3,3,79,96,300,600,4,5
5446,1,191,1,2,3,2,97,66,420,540,3,5
5447,8,280,8,2,3,2,22,84,420,540,3,5
5448,4,591,6,2,3,1,54,33,420,540,3,5
5449,9,47,9,2,3,3,13,13,300,420,3,5
5450,7,591,9,1,3,1,33,21,60,180,1,5
5451,5,147,5,1,3,1,36,65,180,300,2,5
5452,9,71,9,1,3,1,68,11,180,300,3,5
5453,5,496,7,1,3,3,40,79,60,180,3,5
5454,8,312,8,2,3,3,51,86,420,540,4,5
5455,1,344,1,2,3,1,76,30,420,540,3,5
5456,5,172,5,2,3,1,48,0,420,540,2,5
5457,7,259,7,2,3,2,42,42,420,540,2,5
5458,14,479,15,1,3,1,86,45,0,300,3,5
5459,2,273,3,1,3,2,92,32,0,300,4,5
5460,10,235,10,2,3,2,91,50,420,540,4,5
5461,7,290,9,1,3,1,89,37,180,300,4,5
5462,5,231,5,2,3,3,29,80,300,600,1,5
5463,8,156,9,1,3,1,75,34,60,180,3,5
5464,6,457,8,1,3,2,13,97,180,300,4,5
5465,4,315,4,2,3,3,55,85,420,540,3,5
5466,6,209,8,1,3,2,31,23,60,180,2,5
5467,1,389,2,1,3,2,75,86,60,180,4,5
5468,13,197,14,1,3,3,95,17,60,180,2,5
5469,13,226,13,2,3,3,40,2,420,540,2,5
5470,6,475,7,1,3,1,69,26,0,300,3,5
5471,11,50,13,1,3,2,77,77,60,180,1,5
5472,4,336,4,2,3,2,31,68,420,540,3,5
5473,4,208,4,2,3,1,80,11,300,600,4,5
5474,13,83,13,1,3,1,50,25,180,300,2,5
5475,2,531,4,1,3,1,43,26,180,300,3,5
5476,8,151,8,1,3,1,56,52,180,300,4,5
5477,13,246,14,2,3,2,86,89,300,600,2,5
5478,6,208,8,1,3,1,78,59,0,300,3,5
5479,3,211,3,2,3,2,9,96,420,540,2,5
5480,4,59,4,1,3,1,61,2,60,180,4,5
5481,13,45,13,1,3,1,9,54,60,180,2,5
5482,7,325,7,2,3,1,0,71,420,540,3,5
5483,8,181,9,1,3,1,48,29,180,300,4,5
5484,14,523,16,1,3,2,53,76,180,300,4,5
5485,12,198,13,1,3,2,45,9,0,300,1,5
5486,3,386,3,2,3,1,25,94,420,540,4,5
5487,8,189,9,1,3,2,70,20,60,180,1,5
5488,11,465,12,1,3,3,38,66,0,300,4,5
5489,9,121,9,2,3,1,87,81,180,300,4,5
5490,14,576,16,1,3,2,20,25,60,180,4,5
5491,4,342,4,2,3,2,77,50,420,540,2,5
5492,11,482,13,1,3,3,18,10,180,300,2,5
5493,9,223,9,2,3,1,19,99,420,540,3,5
5494,12,256,13,2,3,2,15,47,420,540,4,5
5495,2,381,2,2,3,1,85,69,420,540,2,5
5496,2,425,3,1,3,3,5,55,0,300,4,5
5497,8,271,8,2,3,1,28,19,300,420,1,5
5498,2,390,2,2,3,2,98,67,420,540,3,5
5499,8,156,8,2,3,3,11,90,420,540,4,5
5500,8,123,9,1,3,2,15,8,180,300,1,5
5501,8,308,8,2,3,3,27,29,420,540,2,5
5502,9,382,10,2,3,2,23,79,180,300,4,5
5503,4,458,5,1,3,1,26,43,180,300,1,5
5504,11,460,13,1,3,2,18,23,0,300,3,5
5505,7,403,7,2,3,3,23,26,420,540,3,5
5506,7,90,8,2,3,2,99,91,300,420,1,5
5507,4,418,4,2,3,3,100,95,420,540,4,5
5508,6,492,7,2,3,1,83,90,60,180,1,5
5509,11,346,11,2,3,1,96,68,420,540,4,5
5510,14,481,16,1,3,3,57,81,180,300,4,5
5511,13,278,14,1,3,2,16,79,0,300,2,5
5512,11,58,11,1,3,2,17,45,60,180,3,5
5513,6,18,6,1,3,1,37,84,60,180,1,5
5514,3,539,4,2,3,3,89,63,180,300,3,5
5515,13,88,14,1,3,1,85,88,0,300,1,5
5516,9,168,10,2,3,3,66,4,60,180,4,5
5517,8,128,9,1,3,3,39,63,60,180,3,5
5518,10,201,10,2,3,1,56,87,420,540,4,5
5519,1,560,3,2,3,1,92,31,0,300,1,5
5520,1,490,3,2,3,1,86,12,60,180,2,5
5521,3,79,4,1,3,3,92,61,60,180,4,5
5522,11,468,12,1,3,1,65,62,0,300,3,5
5523,14,428,15,1,3,3,4,71,60,180,4,5
5524,6,244,6,2,3,3,56,66,300,420,1,5
5525,5,112,5,2,3,3,61,21,180,300,4,5
5526,5,579,6,1,3,3,13,29,0,300,2,5
5527,8,453,9,2,3,1,62,94,300,420,2,5
5528,1,94,2,2,3,1,61,89,300,600,4,5
5529,12,356,12,2,3,1,50,23,420,540,4,5
5530,3,467,4,2,3,3,41,82,180,300,1,5
5531,1,201,1,2,3,3,26,50,420,540,1,5
5532,13,390,13,2,3,2,38,63,420,540,4,5
5533,9,300,9,2,3,1,2,58,420,540,3,5
5534,10,341,10,2,3,2,77,91,420,540,3,5
5535,7,302,7,2,3,1,72,14,420,540,3,5
5536,8,443,10,1,3,1,60,52,60,180,3,5
5537,13,45,14,1,3,1,75,28,0,300,2,5
5538,1,115,1,1,3,2,40,49,180,300,3,5
5539,14,74,14,1,3,2,57,22,180,300,1,5
5540,10,337,10,2,3,2,43,21,420,540,2,5
5541,10,530,12,1,3,3,85,5,60,180,3,5
5542,5,46,6,2,3,1,28,95,180,300,2,5
5543,12,410,12,2,3,2,88,56,420,540,2,5
5544,10,590,11,2,3,3,41,59,0,300,4,5
5545,11,181,11,2,3,3,7,77,300,600,2,5
5546,3,319,4,2,3,3,26,29,420,540,4,5
5547,3,41,3,1,3,2,23,52,60,180,1,5
5548,13,360,14,1,3,2,29,3,0,300,3,5
5549,12,73,12,1,3,2,85,94,180,300,3,5
5550,12,98,13,1,3,1,70,32,180,300,1,5
5551,9,579,10,2,3,3,29,55,0,300,1,5
5552,13,55,13,1,3,1,25,16,60,180,2,5
5553,12,272,12,2,3,1,91,100,300,600,4,5
5554,2,305,2,2,3,3,38,86,420,540,1,5
5555,11,298,11,2,3,3,84,4,420,540,2,5
5556,3,168,3,1,3,2,42,50,180,300,2,5
5557,10,307,10,2,3,1,13,23,420,540,3,5
5558,13,188,14,1,3,2,13,89,60,180,1,5
5559,10,152,10,2,3,3,64,58,300,600,1,5
5560,3,68,3,1,3,3,77,9,180,300,4,5
5561,7,500,8,2,3,3,59,1,60,180,2,5
5562,14,80,16,1,3,1,80,78,0,300,4,5
5563,9,447,11,1,3,2,17,80,0,300,3,5
5564,8,334,8,2,3,3,86,94,420,540,3,5
5565,12,489,14,1,3,3,20,26,60,180,1,5
5566,9,564,11,2,3,3,68,95,300,420,4,5
5567,4,122,5,1,3,2,98,71,0,300,2,5
5568,7,67,8,1,3,3,70,8,60,180,3,5
5569,5,54,6,1,3,3,59,23,180,300,2,5
5570,6,134,7,1,3,1,38,6,60,180,3,5
5571,1,372,2,2,3,2,84,20,0,300,1,5
5572,13,214,13,2,3,2,38,60,420,540,1,5
5573,1,487,2,1,3,3,52,12,180,300,4,5
5574,2,46,4,1,3,3,100,74,180,300,3,5
5575,1,22,2,1,3,2,60,1,60,180,1,5
5576,4,563,6,1,3,3,78,98,60,180,4,5
5577,13,428,14,1,3,2,97,49,0,300,2,5
5578,4,497,5,2,3,2,79,79,0,300,4,5
5579,3,397,3,2,3,2,19,85,420,540,4,5
5580,5,53,6,1,3,3,38,10,60,180,2,5
5581,9,134,9,1,3,1,70,94,180,300,4,5
5582,4,450,6,1,3,3,58,73,180,300,2,5
5583,8,52,8,1,3,1,22,13,60,180,1,5
5584,11,187,11,2,3,1,92,88,420,540,1,5
5585,10,589,12,1,3,1,54,54,180,300,1,5
5586,4,447,6,2,3,1,7,7,180,300,3,5
5587,2,403,3,1,3,1,49,42,0,300,2,5
5588,14,457,16,2,3,2,45,9,300,600,1,5
5589,7,179,7,1,3,1,21,15,180,300,3,5
5590,11,355,11,2,3,1,33,69,420,540,4,5
5591,6,7,6,2,3,2,46,49,60,180,3,5
5592,1,324,2,1,3,3,82,13,0,300,1,5
5593,6,13,8,1,3,1,37,22,60,180,3,5
5594,6,460,7,1,3,3,28,33,180,300,4,5
5595,11,120,12,1,3,2,79,30,180,300,1,5
5596,2,466,3,2,3,2,87,100,60,180,4,5
5597,9,463,10,1,3,2,34,69,0,300,3,5
5598,7,356,7,2,3,2,38,81,420,540,3,5
5599,11,577,13,2,3,2,100,72,420,540,4,5
5600,11,27,12,2,3,2,25,63,180,300,1,5
5601,9,22,10,1,3,1,73,39,180,300,1,5
5602,11,224,11,2,3,2,73,86,420,540,4,5
5603,8,173,8,2,3,1,96,12,180,300,2,5
5604,13,413,13,2,3,2,52,13,420,540,2,5
5605,11,234,11,2,3,1,61,11,420,540,4,5
5606,7,292,8,1,3,1,2,100,0,300,1,5
5607,10,440,12,2,3,2,53,91,300,600,3,5
5608,13,153,13,1,3,1,58,91,180,300,4,5
5609,3,318,4,1,3,3,2,11,0,300,2,5
5610,13,138,13,1,3,1,25,20,180,300,3,5
5611,10,373,11,1,3,3,76,92,0,300,3,5
5612,5,393,6,2,3,2,41,26,60,180,3,5
5613,3,579,4,1,3,3,91,39,0,300,4,5
5614,12,376,12,2,3,1,73,48,420,540,2,5
5615,4,569,5,1,3,3,87,30,60,180,4,5
5616,6,398,7,2,3,1,58,52,180,300,1,5
5617,6,58,6,1,3,2,14,39,60,180,2,5
5618,7,314,7,2,3,1,79,5,420,540,3,5
5619,12,391,12,2,3,3,84,67,420,540,4,5
5620,11,406,11,2,3,2,50,97,420,540,1,5
5621,12,586,13,1,3,1,52,30,0,300,4,5
5622,1,223,1,2,3,3,21,34,300,600,1,5
5623,14,546,15,1,3,1,21,92,180,300,3,5
5624,8,297,8,2,3,3,4,82,300,420,4,5
5625,5,267,6,1,3,2,48,34,0,300,1,5
5626,7,414,7,2,3,3,33,36,420,540,3,5
5627,10,70,11,2,3,1,45,85,0,300,2,5
5628,13,500,14,1,3,1,59,23,180,300,2,5
5629,3,231,3,2,3,1,98,16,300,600,3,5
5630,4,238,6,2,3,3,45,96,0,300,4,5
5631,3,71,4,2,3,3,86,88,180,300,1,5
5632,7,556,9,1,3,3,75,65,180,300,4,5
5633,12,266,12,2,3,3,0,60,420,540,1,5
5634,12,479,13,2,3,1,80,42,0,300,3,5
5635,6,573,7,2,3,3,73,5,420,540,4,5
5636,6,112,7,1,3,2,99,41,60,180,4,5
5637,11,521,13,1,3,1,2,9,180,300,3,5
5638,10,424,11,2,3,3,35,6,420,540,3,5
5639,4,443,6,2,3,3,81,74,420,540,1,5
5640,6,330,7,1,3,2,62,83,180,300,4,5
5641,5,376,5,2,3,2,15,16,420,540,3,5
5642,8,304,8,2,3,3,3,14,420,540,1,5
5643,11,553,13,1,3,2,52,100,60,180,2,5
5644,10,437,12,2,3,1,69,57,0,300,3,5
5645,2,11,2,1,3,3,67,77,60,180,2,5
5646,2,296,2,2,3,2,70,71,420,540,4,5
5647,1,147,1,1,3,2,76,74,180,300,2,5
5648,3,362,3,2,3,1,85,14,420,540,2,5
5649,5,45,6,2,3,2,40,33,0,300,1,5
5650,13,140,13,1,3,3,48,57,180,300,1,5
5651,6,575,7,1,3,2,49,75,180,300,3,5
5652,14,535,15,2,3,3,56,52,0,300,1,5
5653,10,124,11,2,3,2,5,90,180,300,2,5
5654,4,49,5,1,3,2,34,46,60,180,2,5
5655,6,340,7,2,3,2,14,52,180,300,3,5
5656,2,490,3,1,3,2,96,20,180,300,4,5
5657,11,454,13,1,3,3,24,17,0,300,2,5
5658,7,245,7,2,3,2,96,84,300,420,1,5
5659,12,88,12,1,3,3,85,17,180,300,4,5
5660,10,454,12,1,3,2,61,8,0,300,2,5
5661,3,457,5,2,3,3,24,8,60,180,2,5
5662,5,583,7,1,3,1,6,3,60,180,3,5
5663,5,586,7,2,3,2,3,91,420,540,3,5
5664,3,310,3,2,3,3,55,9,420,540,2,5
5665,2,36,2,2,3,2,63,95,420,540,3,5
5666,13,29,13,1,3,1,80,23,60,180,2,5
5667,9,277,9,2,3,1,53,69,300,420,2,5
5668,1,435,2,1,3,1,92,20,60,180,4,5
5669,1,181,1,2,3,3,18,62,300,600,3,5
5670,8,303,8,2,3,3,14,16,420,540,3,5
5671,10,49,11,2,3,1,26,12,0,300,1,5
5672,13,127,13,1,3,3,28,47,180,300,1,5
5673,9,521,11,2,3,3,5,0,0,300,1,5
5674,1,102,2,1,3,3,56,12,180,300,4,5
5675,9,95,9,1,3,3,14,4,180,300,1,5
5676,4,179,4,2,3,2,86,76,420,540,1,5
5677,1,66,1,1,3,2,32,90,180,300,2,5
5678,8,338,8,2,3,1,52,19,420,540,1,5
5679,12,114,12,1,3,3,17,80,180,300,1,5
5680,2,316,2,2,3,1,22,25,420,540,3,5
5681,3,194,4,2,3,1,32,99,0,300,2,5
5682,3,474,4,2,3,1,14,87,0,300,1,5
5683,3,255,3,2,3,1,79,23,300,420,1,5
5684,6,438,7,1,3,1,0,21,60,180,1,5
5685,9,367,9,2,3,3,100,25,420,540,2,5
5686,2,372,3,1,3,3,69,10,60,180,1,5
5687,7,166,7,1,3,1,36,33,180,300,3,5
5688,14,568,15,1,3,2,58,68,0,300,2,5
5689,6,103,7,1,3,2,74,5,60,180,3,5
5690,1,139,1,1,3,1,76,56,180,300,4,5
5691,14,305,15,2,3,1,92,9,420,540,1,5
5692,7,233,7,2,3,2,71,91,300,600,4,5
5693,3,588,4,1,3,2,30,23,180,300,1,5
5694,6,251,6,2,3,1,73,41,300,420,2,5
5695,6,470,7,1,3,3,29,21,0,300,2,5
5696,11,419,11,2,3,2,27,16,420,540,1,5
5697,11,313,11,2,3,2,88,72,420,540,1,5
5698,8,248,8,2,3,3,70,35,420,540,3,5
5699,10,7,11,1,3,3,52,87,0,300,2,5
5700,3,472,4,2,3,1,66,96,180,300,3,5
5701,14,54,14,2,3,1,51,10,0,300,4,5
5702,11,515,12,1,3,3,63,89,60,180,2,5
5703,8,447,10,2,3,2,43,28,300,600,4,5
5704,10,274,11,2,3,3,38,17,300,600,1,5
5705,12,118,12,2,3,2,61,80,300,420,3,5
5706,7,90,7,1,3,2,26,100,180,300,2,5
5707,1,463,3,1,3,1,81,74,180,300,1,5
5708,4,498,5,2,3,2,61,57,60,180,4,5
5709,7,172,7,1,3,1,18,21,180,300,4,5
5710,1,325,1,2,3,1,22,9,420,540,4,5
5711,9,486,11,1,3,1,64,41,60,180,2,5
5712,11,60,12,1,3,2,95,14,60,180,3,5
5713,11,273,12,1,3,1,36,78,0,300,1,5
5714,10,525,11,1,3,3,52,58,180,300,4,5
5715,7,35,7,1,3,1,18,67,60,180,1,5
5716,8,253,8,2,3,1,20,37,420,540,1,5
5717,11,471,13,1,3,3,15,1,60,180,1,5
5718,9,568,10,2,3,1,20,8,0,300,4,5
5719,8,72,9,2,3,2,26,51,300,420,4,5
5720,14,285,14,2,3,1,18,61,300,600,3,5
5721,13,67,13,2,3,2,13,79,420,540,1,5
5722,14,100,15,2,3,1,64,91,60,180,3,5
5723,2,94,2,1,3,1,41,52,180,300,2,5
5724,11,266,11,2,3,2,23,47,420,540,1,5
5725,7,29,8,1,3,1,26,3,180,300,2,5
5726,1,482,2,2,3,1,23,94,0,300,3,5
5727,4,430,6,1,3,2,55,64,180,300,2,5
5728,9,574,11,1,3,2,9,69,180,300,3,5
5729,12,165,13,1,3,2,18,7,60,180,4,5
5730,1,211,1,2,3,1,17,98,300,600,2,5
5731,7,435,8,1,3,2,49,71,180,300,3,5
5732,9,70,9,2,3,2,44,16,420,540,1,5
5733,11,97,12,2,3,3,93,71,420,540,4,5
5734,6,480,8,1,3,3,38,25,180,300,2,5
5735,9,263,9,2,3,1,62,63,300,600,2,5
5736,8,597,10,1,3,1,74,58,0,300,1,5
5737,14,239,14,2,3,1,61,51,300,420,2,5
5738,13,271,14,1,3,2,28,87,60,180,4,5
5739,9,249,9,2,3,1,13,42,420,540,1,5
5740,3,558,5,1,3,3,7,29,0,300,2,5
5741,13,58,13,1,3,3,10,88,60,180,3,5
5742,2,357,2,2,3,3,77,93,420,540,4,5
5743,8,8,8,1,3,1,37,6,60,180,1,5
5744,14,211,15,1,3,1,62,79,0,300,3,5
5745,3,420,3,2,3,1,6,47,420,540,4,5
5746,6,271,6,2,3,1,92,93,300,600,2,5
5747,13,498,15,1,3,3,10,100,180,300,1,5
5748,2,219,3,1,3,1,95,58,60,180,2,5
5749,2,435,3,1,3,1,7,49,60,180,2,5
5750,4,369,4,2,3,2,6,25,420,540,3,5
5751,14,260,15,1,3,3,52,95,0,300,1,5
5752,7,197,7,2,3,2,41,55,300,600,2,5
5753,14,507,16,1,3,3,78,91,0,300,3,5
5754,5,453,6,1,3,1,58,35,60,180,4,5
5755,9,235,9,2,3,2,4,64,420,540,2,5
5756,5,395,5,2,3,3,88,45,420,540,4,5
5757,5,551,7,1,3,2,20,7,60,180,2,5
5758,3,306,4,1,3,3,37,14,180,300,4,5
5759,1,158,2,1,3,2,4,13,0,300,1,5
5760,2,78,3,1,3,2,7,70,0,300,4,5
5761,12,374,13,1,3,3,33,82,0,300,2,5
5762,13,333,13,2,3,1,25,18,420,540,2,5
5763,8,150,8,1,3,2,5,88,180,300,1,5
5764,11,287,11,2,3,2,45,5,300,600,1,5
5765,2,316,3,2,3,2,10,43,60,180,3,5
5766,9,277,10,1,3,2,91,20,0,300,2,5
5767,1,331,1,2,3,3,46,41,420,540,1,5
5768,8,301,8,2,3,3,60,25,420,540,3,5
5769,13,27,13,2,3,3,52,30,0,300,4,5
5770,9,173,9,2,3,3,65,45,180,300,2,5
5771,14,403,14,2,3,1,72,84,420,540,4,5
5772,9,498,10,2,3,1,78,73,60,180,2,5
5773,7,212,8,2,3,1,22,81,180,300,3,5
5774,4,77,4,2,3,1,54,82,420,540,4,5
5775,4,507,6,2,3,1,38,50,0,300,1,5
5776,1,183,2,2,3,3,64,57,0,300,3,5
5777,10,4,10,2,3,2,53,16,420,540,2,5
5778,5,213,6,2,3,3,19,65,60,180,1,5
5779,6,591,8,2,3,2,55,91,180,300,1,5
5780,7,231,7,2,3,1,19,2,300,600,4,5
5781,7,418,7,2,3,2,91,77,420,540,2,5
5782,12,437,13,2,3,2,7,87,0,300,4,5
5783,6,239,6,2,3,2,68,41,420,540,4,5
5784,1,296,1,2,3,2,16,18,420,540,1,5
5785,13,256,13,2,3,3,21,99,300,420,2,5
5786,7,378,7,2,3,2,86,97,420,540,2,5
5787,6,309,7,1,3,3,17,100,60,180,1,5
5788,14,187,15,2,3,1,73,22,300,600,2,5
5789,5,15,6,2,3,2,35,29,300,600,1,5
5790,11,416,11,2,3,1,95,77,420,540,3,5
5791,3,66,3,2,3,3,62,95,180,300,1,5
5792,3,138,3,1,3,1,69,5,180,300,3,5
5793,5,369,5,2,3,1,44,63,420,540,3,5
5794,5,162,5,2,3,2,32,82,300,420,1,5
5795,14,26,14,1,3,1,51,31,60,180,1,5
5796,11,92,12,1,3,2,51,56,180,300,4,5
5797,14,341,14,2,3,3,10,24,420,540,2,5
5798,11,67,11,2,3,2,19,14,180,300,3,5
5799,9,323,9,2,3,1,5,94,420,540,3,5
5800,13,290,14,1,3,3,98,19,180,300,4,5
5801,2,13,2,1,3,3,66,41,60,180,2,5
5802,1,537,2,2,3,1,70,4,420,540,3,5
5803,9,257,9,2,3,2,97,3,300,420,4,5
5804,1,186,2,2,3,1,21,21,60,180,4,5
5805,12,559,13,1,3,2,30,96,180,300,2,5
5806,10,65,10,2,3,1,83,86,300,420,2,5
5807,9,304,10,2,3,3,53,83,0,300,3,5
5808,11,358,12,1,3,3,48,91,60,180,1,5
5809,5,519,7,2,3,3,43,33,0,300,3,5
5810,4,321,4,2,3,2,74,66,420,540,1,5
5811,9,21,10,1,3,1,81,44,180,300,3,5
5812,9,316,10,2,3,3,94,6,0,300,1,5
5813,10,574,12,2,3,1,77,93,420,540,3,5
5814,1,523,3,1,3,3,85,78,0,300,1,5
5815,9,587,11,1,3,1,38,46,60,180,2,5
5816,10,522,11,1,3,2,11,98,60,180,1,5
5817,3,557,4,2,3,2,60,48,60,180,2,5
5818,3,150,5,1,3,1,25,44,180,300,1,5
5819,14,397,15,1,3,1,17,33,60,180,1,5
5820,8,78,8,1,3,3,84,18,180,300,1,5
5821,5,276,5,2,3,3,37,84,300,420,2,5
5822,2,418,2,2,3,3,44,57,420,540,3,5
5823,11,210,13,2,3,1,32,90,60,180,2,5
5824,11,430,12,1,3,2,96,69,0,300,4,5
5825,13,283,13,2,3,1,68,24,300,600,1,5
5826,1,473,3,2,3,2,80,58,420,540,4,5
5827,4,150,5,1,3,1,37,57,0,300,2,5
5828,10,153,10,1,3,2,98,46,180,300,1,5
5829,2,121,2,1,3,3,51,66,180,300,3,5
5830,12,14,13,2,3,3,90,27,0,300,1,5
5831,12,59,12,2,3,1,98,64,420,540,3,5
5832,1,206,2,2,3,1,11,8,180,300,2,5
5833,11,180,12,2,3,3,97,62,420,540,2,5
5834,6,231,6,2,3,2,78,35,300,600,4,5
5835,13,201,14,2,3,3,15,22,60,180,1,5
5836,4,107,4,2,3,2,32,2,180,300,1,5
5837,12,240,12,2,3,2,24,40,420,540,3,5
5838,14,299,14,2,3,2,37,75,420,540,1,5
5839,7,578,9,2,3,1,42,20,0,300,4,5
5840,12,561,14,2,3,3,87,84,0,300,3,5
5841,13,62,13,1,3,3,24,82,180,300,4,5
5842,6,464,8,1,3,2,62,12,0,300,4,5
5843,6,257,6,2,3,3,5,8,300,600,2,5
5844,2,203,2,2,3,2,99,88,420,540,4,5
5845,5,174,6,1,3,1,6,35,0,300,4,5
5846,13,547,14,1,3,1,87,93,0,300,2,5
5847,9,481,10,2,3,3,30,7,420,540,1,5
5848,4,339,4,2,3,1,39,19,420,540,3,5
5849,2,132,3,1,3,3,74,17,0,300,4,5
5850,13,278,13,2,3,1,26,2,300,420,4,5
5851,14,380,16,1,3,3,80,40,0,300,4,5
5852,1,269,2,2,3,2,48,63,180,300,1,5
5853,13,527,15,1,3,1,95,57,180,300,4,5
5854,8,295,9,1,3,3,82,2,0,300,4,5
5855,10,64,10,2,3,1,79,51,300,420,3,5
5856,13,374,14,1,3,2,31,75,0,300,2,5
5857,13,507,15,1,3,1,16,49,180,300,4,5
5858,1,59,1,1,3,2,14,68,60,180,3,5
5859,7,237,8,1,3,1,0,89,180,300,2,5
5860,5,351,5,2,3,1,2,72,420,540,3,5
5861,6,164,6,2,3,2,68,36,300,600,3,5
5862,14,397,14,2,3,3,52,95,420,540,1,5
5863,5,590,7,1,3,3,76,79,60,180,3,5
5864,7,131,8,1,3,3,62,79,60,180,2,5
5865,14,460,15,1,3,2,57,47,0,300,2,5
5866,12,509,13,1,3,3,78,76,60,180,2,5
5867,13,278,13,2,3,2,17,29,300,600,4,5
5868,13,7,13,2,3,1,31,99,0,300,2,5
5869,4,101,4,2,3,2,76,99,180,300,3,5
5870,9,255,9,2,3,2,22,74,300,600,3,5
5871,14,255,14,2,3,2,93,79,300,600,4,5
5872,10,335,11,1,3,3,94,44,0,300,1,5
5873,14,409,14,2,3,3,37,7,420,540,4,5
5874,5,517,6,2,3,3,95,2,60,180,3,5
5875,10,594,11,1,3,1,55,80,0,300,2,5
5876,5,291,5,2,3,2,56,49,420,540,2,5
5877,1,180,2,2,3,2,9,55,300,420,1,5
5878,7,125,8,1,3,3,78,8,180,300,1,5
5879,7,50,7,1,3,3,62,10,60,180,1,5
5880,6,338,7,1,3,2,63,53,180,300,2,5
5881,8,494,10,2,3,1,83,57,0,300,1,5
5882,10,373,10,2,3,3,6,43,420,540,2,5
5883,4,86,4,1,3,3,12,66,180,300,3,5
5884,6,532,8,1,3,2,17,48,60,180,1,5
5885,5,319,5,2,3,2,30,53,420,540,4,5
5886,14,316,14,2,3,3,17,29,420,540,4,5
5887,7,130,7,1,3,2,34,67,180,300,2,5
5888,1,56,1,1,3,1,9,14,60,180,3,5
5889,8,9,8,1,3,3,58,66,60,180,4,5
5890,6,43,6,1,3,2,38,84,60,180,2,5
5891,7,577,8,1,3,1,42,6,60,180,2,5
5892,12,81,12,1,3,3,66,7,180,300,1,5
5893,7,209,8,1,3,2,62,18,0,300,4,5
5894,13,216,13,2,3,1,19,86,300,600,3,5
5895,5,590,7,2,3,2,40,47,180,300,3,5
5896,1,548,3,1,3,1,82,21,60,180,3,5
5897,12,527,13,2,3,2,89,13,0,300,4,5
5898,1,451,2,1,3,3,91,52,180,300,4,5
5899,10,399,11,2,3,1,91,28,300,420,3,5
5900,9,25,9,2,3,2,20,31,420,540,4,5
5901,4,308,4,2,3,3,63,34,420,540,3,5
5902,14,593,15,1,3,2,12,30,180,300,3,5
5903,11,290,12,2,3,3,7,15,0,300,3,5
5904,14,349,14,2,3,3,48,100,420,540,2,5
5905,6,327,6,2,3,2,98,11,420,540,2,5
5906,9,565,10,1,3,3,8,72,0,300,1,5
5907,10,486,11,1,3,2,53,36,60,180,4,5
5908,12,417,13,1,3,1,4,97,0,300,4,5
5909,4,119,5,1,3,3,34,82,180,300,4,5
5910,10,170,12,1,3,1,49,68,60,180,2,5
5911,14,341,15,2,3,1,70,9,0,300,3,5
5912,8,177,8,2,3,3,85,5,420,540,1,5
5913,4,209,4,2,3,3,57,36,300,420,3,5
5914,14,560,15,1,3,1,96,28,60,180,3,5
5915,1,481,3,2,3,2,78,19,60,180,1,5
5916,13,585,14,1,3,3,22,90,0,300,3,5
5917,11,160,11,1,3,2,66,75,180,300,4,5
5918,8,444,10,1,3,1,27,64,180,300,1,5
5919,4,424,5,1,3,3,46,63,180,300,3,5
5920,5,328,6,2,3,2,29,83,420,540,4,5
5921,2,124,3,2,3,1,14,29,0,300,3,5
5922,7,399,8,1,3,3,67,67,180,300,4,5
5923,1,431,2,2,3,2,54,10,0,300,1,5
5924,1,161,1,2,3,2,57,8,180,300,3,5
5925,14,202,14,2,3,2,37,40,300,420,1,5
5926,3,575,5,1,3,2,0,8,180,300,4,5
5927,11,301,12,1,3,3,72,45,0,300,4,5
5928,5,135,6,1,3,2,16,31,60,180,2,5
5929,11,193,11,2,3,3,45,77,420,540,3,5
5930,4,239,4,2,3,1,7,36,420,540,4,5
5931,14,143,14,2,3,3,57,97,180,300,4,5
5932,12,561,14,1,3,3,33,86,60,180,2,5
5933,2,233,3,1,3,1,44,67,60,180,4,5
5934,4,327,4,2,3,2,11,43,420,540,3,5
5935,12,513,14,1,3,3,64,50,60,180,1,5
5936,8,160,8,1,3,3,24,39,180,300,1,5
5937,12,412,12,2,3,3,32,28,420,540,1,5
5938,14,234,14,2,3,1,97,67,420,540,2,5
5939,10,519,12,1,3,1,31,49,60,180,1,5
5940,10,499,12,1,3,3,73,87,60,180,1,5
5941,3,78,3,1,3,2,6,56,180,300,3,5
5942,3,158,5,2,3,1,52,8,0,300,4,5
5943,13,484,15,1,3,2,30,11,0,300,3,5
5944,9,374,9,2,3,2,44,65,420,540,3,5
5945,7,260,8,1,3,2,7,85,60,180,2,5
5946,13,515,14,2,3,3,100,100,0,300,2,5
5947,3,141,3,1,3,2,57,48,180,300,1,5
5948,8,537,9,2,3,1,0,88,60,180,3,5
5949,7,385,7,2,3,3,92,28,420,540,2,5
5950,10,278,10,2,3,3,93,90,420,540,3,5
5951,2,33,2,1,3,1,4,72,60,180,1,5
5952,5,27,5,1,3,2,33,34,60,180,3,5
5953,12,260,12,2,3,3,16,14,300,600,2,5
5954,4,531,6,2,3,3,97,33,420,540,4,5
5955,5,398,6,2,3,1,45,69,300,600,2,5
5956,12,320,13,1,3,3,5,63,60,180,2,5
5957,14,179,14,2,3,1,30,51,300,420,3,5
5958,8,416,8,2,3,3,60,29,420,540,3,5
5959,8,120,9,1,3,1,57,86,60,180,4,5
5960,9,128,9,1,3,2,45,64,180,300,3,5
5961,7,443,8,1,3,3,32,46,180,300,3,5
5962,14,328,14,2,3,2,85,14,420,540,3,5
5963,3,237,4,1,3,1,8,79,180,300,3,5
5964,6,212,7,1,3,2,98,69,60,180,1,5
5965,6,299,7,1,3,3,66,44,180,300,4,5
5966,4,344,5,2,3,3,55,74,0,300,4,5
5967,1,65,1,1,3,3,68,75,180,300,2,5
5968,11,267,11,2,3,1,17,89,300,420,3,5
5969,7,355,7,2,3,1,91,24,420,540,4,5
5970,9,18,10,1,3,1,36,51,60,180,4,5
5971,14,66,14,1,3,3,16,37,180,300,2,5
5972,12,304,13,2,3,1,14,100,0,300,2,5
5973,7,283,7,2,3,3,31,11,300,600,4,5
5974,2,164,3,2,3,3,86,52,180,300,1,5
5975,9,523,10,1,3,1,21,87,60,180,1,5
5976,9,149,9,2,3,3,85,25,420,540,2,5
5977,5,198,5,2,3,2,36,29,420,540,4,5
5978,6,254,6,2,3,1,71,9,300,420,2,5
5979,4,428,6,2,3,3,79,98,420,540,3,5
5980,5,195,5,2,3,1,5,91,420,540,4,5
5981,2,88,2,1,3,3,99,42,180,300,1,5
5982,7,290,7,2,3,2,30,46,300,420,4,5
5983,3,507,5,1,3,2,25,29,180,300,3,5
5984,9,489,10,1,3,1,32,24,60,180,4,5
5985,7,68,7,2,3,3,96,68,180,300,1,5
5986,12,459,14,1,3,2,6,4,60,180,4,5
5987,6,572,8,1,3,2,21,14,60,180,3,5
5988,9,59,9,1,3,2,28,65,60,180,1,5
5989,3,581,5,1,3,3,14,77,60,180,3,5
5990,10,375,11,1,3,3,93,34,0,300,3,5
5991,14,530,15,2,3,3,32,45,60,180,2,5
5992,12,351,13,2,3,2,26,18,60,180,3,5
5993,7,13,7,1,3,2,56,95,60,180,1,5
5994,10,292,10,2,3,2,34,62,420,540,1,5
5995,4,95,4,1,3,3,55,5,180,300,3,5
5996,4,135,6,1,3,1,58,0,60,180,2,5
5997,8,587,10,2,3,2,20,46,180,300,3,5
5998,11,177,12,1,3,2,60,45,180,300,4,5
5999,5,195,5,2,3,2,82,52,420,540,2,5
6000,9,40,9,2,3,3,71,44,0,300,1,5
6001,1,445,3,1,3,1,34,80,180,300,1,5
6002,3,576,5,1,3,1,32,64,0,300,2,5
6003,12,195,12,2,3,1,84,63,300,420,3,5
6004,13,397,13,2,3,1,71,20,420,540,2,5
6005,10,559,11,1,3,1,13,71,60,180,1,5
6006,3,365,3,2,3,3,74,40,420,540,2,5
6007,9,374,9,2,3,1,60,93,420,540,4,5
6008,2,10,2,1,3,1,72,21,60,180,1,5
6009,3,250,3,2,3,2,26,49,420,540,1,5
6010,2,536,4,1,3,1,97,68,180,300,4,5
6011,9,459,11,1,3,3,31,7,0,300,4,5
6012,12,224,12,2,3,3,87,13,420,540,4,5
6013,3,407,3,2,3,1,7,32,420,540,1,5
6014,6,380,6,2,3,2,86,28,420,540,2,5
6015,6,102,6,2,3,1,11,76,300,420,1,5
6016,12,140,12,2,3,2,55,98,300,600,2,5
6017,4,111,4,1,3,3,19,63,180,300,3,5
6018,2,99,3,1,3,1,83,21,60,180,3,5
6019,4,248,4,2,3,1,96,89,300,600,4,5
6020,6,215,7,1,3,1,42,95,0,300,4,5
6021,2,561,4,1,3,1,39,96,180,300,3,5
6022,6,201,6,2,3,1,72,70,420,540,3,5
6023,2,269,2,2,3,3,7,51,420,540,1,5
6024,3,442,4,1,3,1,51,80,180,300,1,5
6025,4,24,5,1,3,1,69,31,180,300,3,5
6026,4,547,5,2,3,1,24,22,300,420,3,5
6027,3,54,3,1,3,1,81,44,60,180,2,5
6028,5,332,6,2,3,1,31,37,420,540,1,5
6029,4,350,4,2,3,3,82,44,420,540,4,5
6030,14,217,16,1,3,3,14,40,0,300,2,5
6031,5,524,6,2,3,2,28,97,0,300,2,5
6032,6,560,7,1,3,2,55,9,180,300,2,5
6033,11,221,12,2,3,3,90,51,180,300,2,5
6034,11,125,11,2,3,1,1,97,180,300,3,5
6035,5,76,5,2,3,3,97,98,300,420,2,5
6036,2,576,3,1,3,3,92,78,60,180,3,5
6037,4,500,6,1,3,1,95,11,0,300,4,5
6038,9,482,11,1,3,2,3,4,180,300,2,5
6039,2,21,2,1,3,2,54,41,60,180,2,5
6040,3,395,3,2,3,2,59,67,420,540,3,5
6041,7,264,7,2,3,2,3,19,420,540,1,5
6042,6,65,7,2,3,2,44,27,0,300,2,5
6043,14,362,16,2,3,3,93,33,300,600,1,5
6044,11,541,13,1,3,2,83,1,60,180,3,5
6045,3,461,5,1,3,3,83,74,60,180,4,5
6046,14,478,16,2,3,1,61,65,180,300,3,5
6047,8,354,10,2,3,1,28,44,420,540,3,5
6048,2,440,3,2,3,1,35,0,300,420,1,5
6049,9,227,9,2,3,2,2,83,420,540,2,5
6050,13,527,15,1,3,2,79,29,180,300,4,5
6051,7,31,7,1,3,2,30,40,60,180,2,5
6052,7,512,8,2,3,2,85,64,420,540,2,5
6053,7,242,7,2,3,3,59,68,300,420,2,5
6054,2,380,2,2,3,3,31,73,420,540,2,5
6055,3,210,4,1,3,2,11,66,180,300,3,5
6056,5,571,6,1,3,1,87,2,180,300,3,5
6057,14,415,14,2,3,1,7,43,420,540,2,5
6058,1,426,2,1,3,1,52,20,0,300,2,5
6059,9,94,11,1,3,3,29,31,60,180,3,5
6060,6,206,6,2,3,1,7,46,420,540,3,5
6061,1,281,1,2,3,1,67,11,300,600,3,5
6062,5,573,7,1,3,3,16,24,0,300,2,5
6063,10,479,12,1,3,1,7,6,180,300,3,5
6064,7,597,8,1,3,3,36,6,0,300,1,5
6065,6,224,7,1,3,2,96,58,60,180,2,5
6066,11,182,11,2,3,3,79,34,300,420,3,5
6067,11,439,12,1,3,2,93,17,60,180,1,5
6068,8,199,8,2,3,1,30,70,300,600,3,5
6069,3,520,5,2,3,2,38,52,0,300,2,5
6070,5,45,6,2,3,1,57,71,420,540,4,5
6071,9,399,9,2,3,3,7,29,420,540,2,5
6072,4,68,6,2,3,1,19,23,0,300,3,5
6073,1,91,1,1,3,3,23,50,180,300,2,5
6074,5,151,5,1,3,3,87,44,180,300,2,5
6075,9,559,10,1,3,3,55,92,60,180,3,5
6076,1,351,2,1,3,1,53,27,0,300,3,5
6077,5,172,6,1,3,2,70,24,60,180,4,5
6078,14,259,14,2,3,3,18,25,300,420,2,5
6079,13,84,13,1,3,2,92,49,180,300,3,5
6080,11,420,12,2,3,2,83,2,420,540,3,5
6081,2,395,4,1,3,2,87,32,180,300,3,5
6082,6,197,6,2,3,1,3,11,300,420,3,5
6083,1,389,2,1,3,2,85,44,180,300,1,5
6084,9,385,9,2,3,2,89,29,420,540,3,5
6085,1,415,1,2,3,2,18,39,420,540,4,5
6086,10,362,11,1,3,3,31,69,0,300,1,5
6087,2,230,2,2,3,1,78,73,300,420,4,5
6088,4,115,4,1,3,3,83,87,180,300,2,5
6089,4,385,4,2,3,2,26,30,420,540,4,5
6090,7,75,8,2,3,2,50,27,420,540,4,5
6091,6,261,6,2,3,3,42,100,420,540,4,5
6092,1,109,1,1,3,1,38,5,180,300,4,5
6093,12,35,12,1,3,3,20,62,60,180,1,5
6094,9,451,11,2,3,3,95,49,420,540,4,5
6095,4,227,5,2,3,3,46,47,300,600,3,5
6096,8,463,10,1,3,3,45,63,180,300,4,5
6097,10,445,11,1,3,1,71,77,0,300,4,5
6098,10,222,10,2,3,2,83,18,300,600,2,5
6099,2,55,2,1,3,3,97,16,60,180,2,5
6100,5,392,5,2,3,3,1,31,420,540,2,5
6101,5,343,6,1,3,2,23,13,0,300,2,5
6102,2,298,2,2,3,1,100,77,420,540,1,5
6103,7,220,8,1,3,1,80,26,0,300,3,5
6104,3,229,3,2,3,2,90,38,300,600,4,5
6105,10,540,12,1,3,2,30,7,0,300,4,5
6106,11,217,11,2,3,3,69,14,300,600,4,5
6107,12,310,12,2,3,3,0,2,420,540,2,5
6108,5,469,7,1,3,1,56,92,180,300,1,5
6109,9,121,10,1,3,3,29,75,180,300,1,5
6110,1,589,2,1,3,3,85,48,0,300,3,5
6111,4,93,4,1,3,2,95,52,180,300,2,5
6112,8,509,10,1,3,2,3,77,0,300,4,5
6113,10,226,10,2,3,1,55,75,300,420,4,5
6114,7,25,8,1,3,1,1,66,0,300,2,5
6115,4,325,6,2,3,3,59,85,300,420,2,5
6116,4,176,5,1,3,2,55,18,0,300,1,5
6117,13,441,14,1,3,2,57,98,0,300,3,5
6118,8,455,10,1,3,3,47,31,0,300,3,5
6119,7,488,9,2,3,1,53,10,60,180,2,5
6120,2,249,3,1,3,1,7,13,60,180,1,5
6121,5,402,5,2,3,1,4,59,420,540,3,5
6122,4,525,6,2,3,3,39,92,300,600,1,5
6123,1,40,1,1,3,2,39,57,60,180,1,5
6124,6,446,7,1,3,3,97,28,180,300,1,5
6125,12,61,13,1,3,2,3,49,180,300,4,5
6126,12,120,13,1,3,3,94,93,60,180,2,5
6127,8,215,8,2,3,2,95,75,420,540,4,5
6128,2,116,2,2,3,2,3,18,180,300,4,5
6129,3,223,3,2,3,1,62,56,420,540,1,5
6130,7,173,7,1,3,2,45,72,180,300,4,5
6131,11,77,11,1,3,1,68,19,180,300,3,5
6132,5,576,6,2,3,1,20,36,60,180,3,5
6133,12,471,13,1,3,3,34,35,60,180,3,5
6134,3,204,3,2,3,1,42,4,420,540,4,5
6135,11,368,11,2,3,3,84,40,420,540,4,5
6136,9,32,9,1,3,1,71,4,60,180,1,5
6137,9,157,9,1,3,3,92,66,180,300,3,5
6138,11,213,11,2,3,3,22,48,300,420,4,5
6139,7,341,8,1,3,2,93,57,0,300,2,5
6140,1,61,1,2,3,2,63,31,180,300,4,5
6141,13,174,13,1,3,2,64,8,180,300,2,5
6142,3,394,3,2,3,1,93,25,420,540,1,5
6143,4,186,5,1,3,1,4,99,180,300,3,5
6144,1,438,2,1,3,1,7,25,180,300,4,5
6145,12,561,14,1,3,2,46,75,180,300,1,5
6146,13,283,13,2,3,1,52,36,420,540,2,5
6147,7,99,7,1,3,3,36,14,180,300,2,5
6148,5,292,6,2,3,2,25,25,0,300,4,5
6149,7,82,9,1,3,3,59,59,180,300,2,5
6150,10,206,11,1,3,1,53,51,180,300,4,5
6151,4,590,6,1,3,1,2,77,0,300,3,5
6152,10,274,10,2,3,2,40,91,300,420,4,5
6153,11,537,13,1,3,3,80,40,60,180,4,5
6154,10,361,10,2,3,3,38,58,420,540,3,5
6155,8,161,9,2,3,3,27,72,180,300,4,5
6156,4,279,4,2,3,3,43,94,300,600,1,5
6157,7,56,7,1,3,1,26,7,60,180,2,5
6158,9,167,9,1,3,2,59,70,180,300,2,5
6159,5,14,5,1,3,3,88,88,60,180,1,5
6160,2,198,2,2,3,1,8,78,420,540,3,5
6161,5,144,6,2,3,1,42,70,0,300,2,5
6162,13,444,14,1,3,2,30,56,0,300,1,5
6163,10,21,10,1,3,1,61,12,60,180,2,5
6164,3,524,4,2,3,2,96,93,180,300,4,5
6165,2,189,2,2,3,3,86,54,300,600,4,5
6166,9,87,10,1,3,3,39,93,180,300,2,5
6167,1,185,1,2,3,1,59,17,420,540,4,5
6168,5,431,6,2,3,2,84,13,60,180,3,5
6169,9,300,10,1,3,3,54,86,60,180,2,5
6170,6,315,7,2,3,1,6,57,300,600,4,5
6171,14,565,15,2,3,2,41,3,0,300,3,5
6172,5,281,5,2,3,1,19,33,420,540,4,5
6173,7,421,8,1,3,1,21,20,180,300,2,5
6174,12,491,14,1,3,2,0,93,0,300,3,5
6175,8,567,10,2,3,1,99,50,180,300,2,5
6176,7,136,7,1,3,2,25,75,180,300,4,5
6177,9,390,9,2,3,2,16,27,420,540,4,5
6178,10,55,11,1,3,1,7,99,180,300,4,5
6179,1,93,2,1,3,1,46,35,0,300,1,5
6180,9,123,9,2,3,3,6,67,180,300,4,5
6181,8,132,8,2,3,2,70,69,180,300,2,5
6182,5,180,6,2,3,3,20,17,420,540,3,5
6183,4,372,4,2,3,2,96,49,420,540,4,5
6184,11,193,11,2,3,3,49,73,300,600,4,5
6185,5,311,5,2,3,2,23,96,420,540,1,5
6186,10,509,11,1,3,1,59,67,180,300,1,5
6187,7,398,8,2,3,1,18,16,60,180,1,5
6188,7,80,8,1,3,3,70,51,180,300,3,5
6189,1,288,1,2,3,3,60,80,420,540,1,5
6190,13,481,14,1,3,1,73,36,60,180,3,5
6191,10,260,10,2,3,1,24,75,300,600,4,5
6192,4,136,4,2,3,2,94,74,420,540,4,5
6193,6,52,6,1,3,2,45,35,60,180,2,5
6194,7,216,8,1,3,1,94,90,180,300,1,5
6195,8,273,8,2,3,1,58,9,420,540,4,5
6196,2,444,4,2,3,3,34,12,420,540,2,5
6197,13,528,14,2,3,2,45,30,180,300,1,5
6198,3,124,4,1,3,3,13,44,180,300,1,5
6199,10,583,12,1,3,1,24,8,0,300,3,5
6200,11,523,12,2,3,1,4,12,300,600,2,5
6201,4,414,4,2,3,2,73,94,420,540,1,5
6202,9,311,9,2,3,3,16,58,420,540,3,5
6203,14,191,15,2,3,1,92,21,300,600,2,5
6204,6,207,7,2,3,3,48,28,420,540,1,5
6205,5,492,6,1,3,3,74,50,180,300,2,5
6206,4,520,5,1,3,3,17,51,180,300,1,5
6207,10,143,10,1,3,3,45,50,180,300,2,5
6208,13,112,13,1,3,1,27,28,180,300,1,5
6209,8,322,8,2,3,1,85,50,420,540,3,5
6210,6,385,6,2,3,3,46,5,420,540,1,5
6211,9,91,9,1,3,1,7,3,180,300,1,5
6212,4,537,5,1,3,1,87,38,0,300,1,5
6213,7,106,7,1,3,3,5,16,180,300,1,5
6214,13,305,13,2,3,1,12,80,420,540,1,5
6215,12,385,12,2,3,2,41,50,420,540,4,5
6216,13,55,13,2,3,2,38,41,60,180,3,5
6217,10,25,10,1,3,3,70,45,60,180,1,5
6218,8,356,8,2,3,1,66,92,420,540,1,5
6219,2,144,2,1,3,3,53,91,180,300,2,5
6220,9,516,10,2,3,2,27,53,300,420,1,5
6221,11,516,13,1,3,2,50,18,0,300,2,5
6222,1,549,2,1,3,3,22,65,0,300,1,5
6223,10,562,12,1,3,2,58,35,180,300,2,5
6224,6,145,6,2,3,1,19,67,180,300,3,5
6225,11,275,12,1,3,1,44,74,60,180,1,5
6226,7,401,7,2,3,3,55,45,420,540,2,5
6227,1,400,1,2,3,2,25,25,420,540,2,5
6228,6,79,6,1,3,1,21,52,180,300,4,5
6229,1,373,1,2,3,1,32,35,420,540,3,5
6230,9,278,10,1,3,3,59,42,180,300,4,5
6231,6,485,7,1,3,1,7,66,0,300,2,5
6232,9,381,11,1,3,3,74,0,180,300,3,5
6233,2,314,2,2,3,3,54,73,420,540,1,5
6234,2,240,3,2,3,3,49,39,180,300,3,5
6235,14,287,15,1,3,3,92,80,0,300,3,5
6236,6,430,8,1,3,1,38,80,60,180,1,5
6237,12,509,13,2,3,2,75,37,420,540,1,5
6238,4,509,5,1,3,3,9,43,0,300,1,5
6239,10,134,10,1,3,3,71,85,180,300,1,5
6240,13,253,13,2,3,2,82,48,420,540,3,5
6241,13,348,13,2,3,1,97,33,420,540,2,5
6242,3,236,3,2,3,3,69,53,300,600,4,5
6243,11,552,12,2,3,3,48,99,180,300,2,5
6244,9,203,9,2,3,1,26,12,300,600,1,5
6245,10,596,12,2,3,1,79,47,60,180,1,5
6246,5,49,5,2,3,3,77,66,0,300,4,5
6247,6,159,6,2,3,1,34,87,300,600,1,5
6248,12,221,12,2,3,2,51,47,420,540,4,5
6249,1,164,1,1,3,3,8,1,180,300,1,5
6250,11,529,12,1,3,2,27,64,0,300,4,5
6251,13,134,13,1,3,1,6,91,180,300,2,5
6252,8,273,8,2,3,2,92,53,300,420,2,5
6253,7,23,7,2,3,1,73,7,0,300,1,5
6254,2,156,3,2,3,1,51,26,0,300,4,5
6255,11,345,12,1,3,1,96,67,0,300,2,5
6256,11,455,12,2,3,3,29,39,60,180,2,5
6257,4,365,5,1,3,2,46,49,0,300,4,5
6258,9,119,9,2,3,3,42,83,300,420,4,5
6259,7,215,7,2,3,2,4,83,300,420,2,5
6260,6,483,7,2,3,3,51,45,420,540,1,5
6261,3,127,4,1,3,2,27,86,60,180,4,5
6262,6,315,7,1,3,3,45,59,0,300,4,5
6263,4,544,5,2,3,3,41,71,60,180,3,5
6264,14,232,14,2,3,3,11,62,300,420,1,5
6265,7,152,7,1,3,3,43,5,180,300,4,5
6266,6,574,8,1,3,2,52,7,60,180,2,5
6267,4,116,4,1,3,1,27,67,180,300,4,5
6268,11,88,11,1,3,3,27,86,180,300,4,5
6269,11,136,11,1,3,2,82,20,180,300,2,5
6270,1,37,1,2,3,1,70,21,180,300,2,5
6271,7,524,8,2,3,1,94,34,180,300,1,5
6272,9,51,9,1,3,3,37,77,60,180,4,5
6273,9,531,11,1,3,2,100,82,0,300,2,5
6274,13,16,14,1,3,1,41,82,60,180,2,5
6275,12,532,13,1,3,1,7,33,60,180,4,5
6276,2,582,4,2,3,2,32,75,60,180,4,5
6277,2,200,3,1,3,1,80,87,180,300,2,5
6278,10,420,11,1,3,2,81,19,60,180,4,5
6279,3,72,4,1,3,2,32,81,0,300,4,5
6280,9,588,10,1,3,3,37,15,0,300,1,5
6281,4,524,5,2,3,2,20,81,0,300,3,5
6282,3,312,3,2,3,1,0,55,420,540,4,5
6283,1,596,2,1,3,3,21,43,0,300,3,5
6284,7,158,8,2,3,3,19,86,60,180,1,5
6285,5,151,6,1,3,3,82,44,180,300,1,5
6286,13,511,15,2,3,3,88,84,300,600,4,5
6287,14,509,16,2,3,1,90,13,420,540,4,5
6288,10,302,11,1,3,1,94,14,180,300,3,5
6289,11,465,13,1,3,2,58,45,180,300,4,5
6290,3,429,4,1,3,1,86,63,60,180,4,5
6291,10,32,11,1,3,2,45,82,180,300,2,5
6292,12,3,12,2,3,3,9,35,420,540,1,5
6293,7,567,8,1,3,1,8,15,0,300,3,5
6294,1,179,2,1,3,3,40,20,60,180,1,5
6295,2,495,4,2,3,2,82,67,60,180,3,5
6296,11,1,12,1,3,3,23,86,60,180,3,5
6297,7,332,7,2,3,1,64,45,420,540,2,5
6298,10,121,10,1,3,3,15,44,180,300,3,5
6299,7,373,7,2,3,3,6,88,420,540,1,5
6300,11,262,12,2,3,1,48,96,60,180,4,5
6301,4,131,5,2,3,3,75,9,420,540,2,5
6302,7,553,9,2,3,2,41,50,180,300,2,5
6303,13,365,13,2,3,1,86,56,420,540,2,5
6304,14,194,14,2,3,3,24,76,300,600,2,5
6305,13,470,15,2,3,3,25,17,60,180,2,5
6306,6,592,7,1,3,1,27,6,180,300,4,5
6307,1,279,2,1,3,2,86,44,180,300,1,5
6308,12,469,13,2,3,1,20,5,0,300,2,5
6309,11,452,12,1,3,1,48,4,60,180,1,5
6310,7,236,7,2,3,2,12,93,300,420,2,5
6311,10,6,10,2,3,3,0,79,0,300,1,5
6312,12,584,14,1,3,1,17,8,60,180,2,5
6313,6,50,7,2,3,3,56,54,60,180,4,5
6314,2,323,3,2,3,3,50,69,420,540,3,5
6315,4,305,6,2,3,1,13,56,180,300,3,5
6316,7,195,7,2,3,2,10,91,300,420,1,5
6317,4,398,4,2,3,1,54,86,420,540,3,5
6318,7,226,7,2,3,3,55,76,420,540,2,5
6319,14,431,16,1,3,2,30,27,180,300,4,5
6320,3,1,3,2,3,3,2,96,60,180,3,5
6321,9,293,10,1,3,3,53,13,0,300,1,5
6322,8,317,8,2,3,1,91,86,420,540,2,5
6323,2,101,2,2,3,1,90,98,420,540,4,5
6324,8,516,9,1,3,1,90,52,0,300,3,5
6325,6,295,6,2,3,2,87,36,300,420,2,5
6326,8,287,9,1,3,3,86,16,60,180,1,5
6327,1,50,2,1,3,1,34,3,180,300,4,5
6328,14,406,14,2,3,2,71,27,420,540,2,5
6329,9,319,9,2,3,3,60,78,420,540,1,5
6330,4,257,4,2,3,2,64,63,420,540,1,5
6331,6,586,8,1,3,2,65,37,60,180,3,5
6332,5,6,5,2,3,3,78,12,60,180,3,5
6333,2,130,2,1,3,2,92,44,180,300,2,5
6334,1,372,1,2,3,2,17,66,420,540,4,5
6335,14,206,14,2,3,1,96,89,420,540,2,5
6336,7,548,8,1,3,2,22,91,180,300,1,5
6337,10,129,10,1,3,1,95,5,180,300,1,5
6338,13,221,13,2,3,3,95,98,300,600,2,5
6339,12,412,12,2,3,2,25,25,420,540,2,5
6340,2,472,4,1,3,1,69,37,60,180,4,5
6341,14,439,16,1,3,2,47,25,180,300,1,5
6342,10,478,11,1,3,3,17,24,0,300,3,5
6343,9,19,10,2,3,1,9,100,0,300,2,5
6344,7,297,7,2,3,3,19,50,420,540,4,5
6345,13,82,13,2,3,2,20,28,300,600,4,5
6346,3,328,4,1,3,3,20,34,0,300,4,5
6347,2,585,4,1,3,2,12,69,0,300,4,5
6348,1,452,2,2,3,1,46,67,180,300,4,5
6349,6,531,7,1,3,3,33,46,60,180,3,5
6350,11,110,12,1,3,2,92,25,60,180,1,5
6351,3,180,3,1,3,1,44,98,180,300,1,5
6352,11,553,13,1,3,1,31,55,0,300,4,5
6353,7,443,9,1,3,2,54,90,0,300,2,5
6354,6,250,6,2,3,3,10,50,300,420,3,5
6355,4,360,5,1,3,1,5,57,60,180,2,5
6356,5,419,5,2,3,3,73,43,420,540,3,5
6357,9,1,10,2,3,1,76,18,420,540,2,5
6358,10,179,11,2,3,3,68,76,60,180,3,5
6359,4,166,6,1,3,1,17,50,0,300,3,5
6360,10,439,12,2,3,1,15,87,420,540,4,5
6361,2,140,3,1,3,2,100,36,60,180,1,5
6362,4,304,4,2,3,1,40,88,420,540,2,5
6363,5,593,6,2,3,1,88,94,180,300,1,5
6364,12,412,12,2,3,2,16,80,420,540,4,5
6365,11,139,11,1,3,3,17,53,180,300,3,5
6366,3,83,4,1,3,1,55,87,0,300,3,5
6367,13,217,14,1,3,3,1,71,0,300,2,5
6368,3,289,3,2,3,3,88,2,420,540,1,5
6369,7,46,9,2,3,3,12,95,0,300,4,5
6370,3,185,4,1,3,3,15,52,0,300,3,5
6371,8,454,9,1,3,1,79,82,0,300,2,5
6372,8,163,8,1,3,2,98,41,180,300,3,5
6373,7,532,9,1,3,2,48,45,0,300,4,5
6374,8,330,8,2,3,3,65,45,420,540,1,5
6375,9,475,11,1,3,2,99,52,180,300,2,5
6376,13,103,14,2,3,2,62,29,420,540,2,5
6377,2,121,2,1,3,3,67,38,180,300,2,5
6378,9,38,10,2,3,2,71,35,180,300,4,5
6379,14,420,14,2,3,1,46,96,420,540,3,5
6380,10,273,11,1,3,3,28,27,180,300,3,5
6381,8,188,8,2,3,3,6,22,420,540,2,5
6382,1,267,3,1,3,3,43,14,180,300,2,5
6383,11,282,12,1,3,1,51,64,180,300,4,5
6384,10,28,10,2,3,2,42,57,420,540,2,5
6385,8,452,9,1,3,1,99,51,60,180,3,5
6386,10,318,10,2,3,2,41,66,420,540,4,5
6387,2,502,4,1,3,3,21,77,180,300,2,5
6388,6,250,6,2,3,1,50,76,300,600,4,5
6389,5,114,6,1,3,3,79,30,60,180,2,5
6390,10,280,10,2,3,1,84,42,420,540,4,5
6391,2,460,3,1,3,2,72,2,60,180,2,5
6392,13,586,14,2,3,2,57,23,300,420,3,5
6393,3,32,3,1,3,1,2,30,60,180,3,5
6394,9,491,11,1,3,3,47,76,60,180,3,5
6395,8,165,8,1,3,1,52,10,180,300,3,5
6396,7,562,8,1,3,3,52,96,180,300,4,5
6397,3,402,3,2,3,1,60,39,420,540,2,5
6398,8,441,9,1,3,1,5,91,60,180,4,5
6399,8,36,8,1,3,3,68,56,60,180,4,5
6400,12,548,14,1,3,2,73,31,60,180,2,5
6401,4,471,6,1,3,1,41,78,0,300,2,5
6402,4,449,6,1,3,1,86,71,0,300,3,5
6403,2,250,2,2,3,3,3,27,300,420,3,5
6404,6,124,6,1,3,2,57,82,180,300,2,5
6405,11,463,12,1,3,1,84,76,180,300,4,5
6406,8,421,10,1,3,3,52,99,180,300,3,5
6407,13,584,15,1,3,2,30,40,180,300,3,5
6408,10,377,11,1,3,2,4,29,180,300,3,5
6409,6,61,7,2,3,2,31,63,0,300,1,5
6410,5,519,7,2,3,1,81,68,60,180,2,5
6411,7,340,8,1,3,1,91,1,60,180,2,5
6412,1,26,1,1,3,1,2,78,60,180,2,5
6413,9,55,9,2,3,2,13,18,420,540,2,5
6414,9,313,9,2,3,1,73,72,420,540,4,5
6415,10,326,11,1,3,1,95,51,60,180,4,5
6416,13,522,14,1,3,3,30,21,0,300,1,5
6417,10,270,10,2,3,2,97,7,420,540,1,5
6418,5,444,6,1,3,2,0,46,180,300,2,5
6419,1,31,2,2,3,1,14,83,0,300,4,5
6420,8,243,8,2,3,3,78,89,420,540,3,5
6421,13,79,13,2,3,2,42,78,300,420,1,5
6422,1,185,1,2,3,3,90,81,420,540,3,5
6423,1,21,1,1,3,3,1,35,60,180,4,5
6424,14,290,14,2,3,1,36,54,300,600,3,5
6425,5,461,7,1,3,3,56,27,180,300,4,5
6426,11,197,11,2,3,3,76,14,420,540,4,5
6427,14,348,15,2,3,2,44,90,180,300,3,5
6428,11,476,13,2,3,3,38,1,180,300,2,5
6429,5,114,6,1,3,1,82,62,0,300,2,5
6430,1,30,2,1,3,1,70,75,60,180,1,5
6431,14,450,16,1,3,3,85,61,180,300,1,5
6432,11,437,12,1,3,3,92,14,60,180,3,5
6433,10,114,10,2,3,2,56,26,300,600,3,5
6434,8,79,8,2,3,3,35,75,420,540,4,5
6435,14,68,14,1,3,2,15,1,180,300,4,5
6436,14,119,15,1,3,3,42,71,0,300,1,5
6437,11,144,11,1,3,3,59,32,180,300,3,5
6438,5,108,5,1,3,2,46,41,180,300,4,5
6439,2,586,4,1,3,3,52,68,0,300,1,5
6440,5,112,6,1,3,3,24,13,0,300,1,5
6441,1,344,1,2,3,1,28,90,420,540,4,5
6442,12,43,12,1,3,1,1,4,60,180,4,5
6443,1,32,1,1,3,1,7,75,60,180,3,5
6444,1,371,2,2,3,1,62,63,180,300,4,5
6445,4,87,4,2,3,2,25,25,420,540,4,5
6446,4,230,4,2,3,2,34,7,420,540,4,5
6447,7,589,8,2,3,2,37,48,60,180,4,5
6448,1,544,2,1,3,3,83,100,180,300,4,5
6449,11,42,11,1,3,3,61,22,60,180,2,5
6450,7,326,7,2,3,1,36,7,420,540,3,5
6451,1,360,1,2,3,2,76,37,420,540,2,5
6452,8,430,10,1,3,2,70,61,60,180,2,5
6453,10,424,12,1,3,3,62,61,0,300,2,5
6454,6,583,8,2,3,1,7,90,300,600,3,5
6455,4,46,4,2,3,3,98,63,180,300,2,5
6456,10,555,11,2,3,3,36,53,60,180,1,5
6457,2,16,2,1,3,1,48,72,60,180,4,5
6458,9,149,9,1,3,2,20,89,180,300,2,5
6459,6,126,6,1,3,3,100,43,180,300,4,5
6460,12,334,12,2,3,1,52,22,420,540,4,5
6461,5,256,5,2,3,1,68,41,420,540,2,5
6462,1,176,1,1,3,1,28,42,180,300,4,5
6463,9,69,9,1,3,3,37,45,180,300,1,5
6464,14,488,15,1,3,3,57,30,180,300,3,5
6465,4,470,5,1,3,3,93,57,180,300,1,5
6466,11,236,12,2,3,3,34,39,60,180,3,5
6467,3,593,5,2,3,3,64,38,60,180,1,5
6468,5,146,7,2,3,3,31,70,60,180,2,5
6469,4,70,4,1,3,3,7,83,180,300,3,5
6470,2,211,3,2,3,3,86,36,420,540,2,5
6471,13,557,15,1,3,2,90,87,60,180,4,5
6472,8,141,9,1,3,1,51,39,180,300,2,5
6473,12,62,12,1,3,2,75,59,180,300,3,5
6474,6,19,6,1,3,2,59,36,60,180,4,5
6475,5,59,6,1,3,1,71,84,60,180,1,5
6476,7,229,8,1,3,1,58,35,0,300,4,5
6477,2,356,2,2,3,2,17,38,420,540,3,5
6478,12,284,12,2,3,2,18,11,300,420,1,5
6479,8,109,9,1,3,2,38,74,0,300,4,5
6480,7,288,9,2,3,1,6,71,300,600,1,5
6481,14,315,15,2,3,3,4,56,180,300,2,5
6482,12,553,14,1,3,3,86,92,180,300,4,5
6483,4,514,5,1,3,3,84,64,180,300,3,5
6484,9,119,11,2,3,3,49,81,180,300,2,5
6485,1,351,2,2,3,2,97,5,420,540,2,5
6486,12,251,12,2,3,1,95,54,420,540,1,5
6487,12,433,13,1,3,2,94,59,180,300,2,5
6488,12,68,12,1,3,2,28,10,180,300,2,5
6489,14,267,15,2,3,1,27,41,420,540,2,5
6490,14,113,14,1,3,1,66,32,180,300,4,5
6491,4,27,4,2,3,3,33,76,300,420,3,5
6492,10,495,11,1,3,1,30,59,180,300,2,5
6493,12,414,12,2,3,3,70,54,420,540,1,5
6494,11,465,12,1,3,3,65,67,0,300,4,5
6495,13,530,15,1,3,3,69,98,0,300,1,5
6496,9,206,9,2,3,3,27,65,420,540,1,5
6497,6,120,6,2,3,3,91,66,420,540,3,5
6498,11,137,12,2,3,3,33,28,60,180,1,5
6499,8,110,8,1,3,2,10,90,180,300,4,5
6500,7,277,8,1,3,2,95,91,60,180,3,5
6501,2,464,4,1,3,1,17,77,60,180,4,5
6502,4,561,6,1,3,1,50,29,180,300,3,5
6503,12,578,14,1,3,3,59,27,60,180,2,5
6504,11,260,11,2,3,2,82,82,420,540,2,5
6505,3,198,3,2,3,1,13,91,420,540,2,5
6506,1,120,1,1,3,3,90,90,180,300,3,5
6507,1,129,1,1,3,2,88,95,180,300,4,5
6508,6,272,6,2,3,2,42,42,300,420,4,5
6509,7,65,7,2,3,3,45,59,420,540,2,5
6510,3,452,5,2,3,3,55,6,60,180,3,5
6511,7,472,9,1,3,2,28,72,180,300,4,5
6512,10,567,11,1,3,2,97,94,180,300,2,5
6513,2,280,3,1,3,3,67,76,180,300,3,5
6514,4,348,5,1,3,3,23,59,180,300,2,5
6515,8,178,9,1,3,1,16,4,0,300,1,5
6516,6,363,7,1,3,1,1,16,60,180,2,5
6517,4,337,5,1,3,3,22,85,180,300,2,5
6518,1,459,3,1,3,1,89,87,180,300,2,5
6519,4,130,4,2,3,2,21,8,420,540,3,5
6520,11,95,11,1,3,1,6,12,180,300,4,5
6521,10,453,12,1,3,3,94,59,60,180,1,5
6522,8,395,8,2,3,3,54,8,420,540,2,5
6523,12,593,13,2,3,2,87,66,420,540,1,5
6524,5,467,7,2,3,2,67,16,60,180,2,5
6525,14,233,14,2,3,1,67,22,420,540,2,5
6526,1,498,3,1,3,2,16,79,60,180,2,5
6527,6,200,6,2,3,2,75,56,420,540,2,5
6528,2,563,4,1,3,2,55,1,0,300,4,5
6529,14,109,14,1,3,1,7,71,180,300,1,5
6530,6,403,6,2,3,2,92,14,420,540,3,5
6531,12,9,13,2,3,1,8,28,300,420,1,5
6532,14,379,14,2,3,2,11,28,420,540,3,5
6533,10,551,12,1,3,1,75,24,60,180,2,5
6534,2,431,4,1,3,1,34,29,180,300,1,5
6535,5,522,7,1,3,2,17,26,60,180,3,5
6536,4,221,5,2,3,3,33,33,300,420,3,5
6537,6,312,7,1,3,3,32,53,180,300,3,5
6538,8,89,8,1,3,1,91,24,180,300,4,5
6539,6,497,7,2,3,3,47,75,0,300,1,5
6540,3,577,4,1,3,3,50,88,0,300,3,5
6541,7,262,7,2,3,2,80,42,300,420,3,5
6542,1,348,2,1,3,1,80,14,0,300,1,5
6543,12,522,13,2,3,1,65,34,420,540,2,5
6544,5,362,6,1,3,1,88,64,60,180,4,5
6545,7,57,8,1,3,3,63,89,180,300,1,5
6546,13,232,15,2,3,2,56,62,60,180,4,5
6547,6,189,6,2,3,2,92,86,420,540,1,5
6548,4,178,5,2,3,3,2,53,420,540,4,5
6549,1,193,3,1,3,2,47,51,60,180,2,5
6550,8,496,10,2,3,2,49,18,300,420,1,5
6551,11,538,12,2,3,1,55,7,420,540,3,5
6552,7,427,9,1,3,1,13,80,60,180,3,5
6553,10,147,10,1,3,1,15,57,180,300,2,5
6554,3,383,5,1,3,3,40,12,180,300,1,5
6555,5,488,6,2,3,1,17,20,420,540,1,5
6556,12,169,12,1,3,3,11,19,180,300,3,5
6557,4,97,4,2,3,1,2,81,180,300,4,5
6558,10,323,11,1,3,1,53,34,180,300,3,5
6559,11,417,11,2,3,3,1,51,420,540,3,5
6560,13,247,13,2,3,3,10,82,420,540,4,5
6561,8,444,10,1,3,1,95,14,60,180,4,5
6562,2,213,2,2,3,3,7,3,420,540,4,5
6563,1,16,1,2,3,3,26,3,0,300,4,5
6564,12,67,12,1,3,3,83,73,180,300,1,5
6565,2,241,3,2,3,1,22,48,60,180,3,5
6566,5,139,6,2,3,1,99,16,300,420,4,5
6567,11,569,12,1,3,2,63,87,180,300,4,5
6568,13,220,13,2,3,2,44,57,300,420,1,5
6569,7,8,7,1,3,2,30,20,60,180,1,5
6570,4,121,4,1,3,1,71,7,180,300,1,5
6571,2,87,2,2,3,3,86,70,180,300,1,5
6572,9,267,9,2,3,2,59,48,420,540,4,5
6573,2,185,2,2,3,1,26,30,420,540,4,5
6574,6,213,7,2,3,3,48,52,180,300,1,5
6575,5,234,5,2,3,1,66,63,300,420,2,5
6576,8,537,10,1,3,3,46,29,60,180,2,5
6577,2,54,3,1,3,3,0,19,0,300,1,5
6578,8,360,9,2,3,3,100,56,60,180,3,5
6579,13,265,15,1,3,2,66,79,180,300,3,5
6580,3,454,4,1,3,1,46,41,180,300,3,5
6581,9,8,9,2,3,1,53,38,0,300,2,5
6582,13,512,14,2,3,3,83,54,60,180,1,5
6583,1,386,1,2,3,3,4,91,420,540,3,5
6584,13,41,13,1,3,1,32,61,60,180,1,5
6585,10,583,12,1,3,2,55,91,0,300,1,5
6586,2,192,3,2,3,2,6,54,300,600,3,5
6587,12,508,14,1,3,1,50,98,180,300,2,5
6588,5,137,5,2,3,1,1,71,300,420,4,5
6589,6,81,7,2,3,3,91,69,0,300,1,5
6590,2,371,3,2,3,1,86,40,180,300,1,5
6591,2,77,3,1,3,3,37,45,180,300,2,5
6592,11,550,13,1,3,1,55,89,0,300,3,5
6593,10,377,10,2,3,1,9,68,420,540,3,5
6594,14,565,16,1,3,3,77,6,0,300,4,5
6595,13,42,13,1,3,2,95,44,60,180,2,5
6596,13,489,15,1,3,3,8,11,0,300,1,5
6597,10,543,11,1,3,3,32,17,60,180,4,5
6598,13,218,13,2,3,3,46,43,420,540,2,5
6599,8,581,9,1,3,3,99,59,60,180,2,5
6600,2,257,3,1,3,1,7,61,60,180,1,5
6601,7,546,8,1,3,3,93,58,0,300,1,5
6602,10,65,10,2,3,2,76,82,180,300,4,5
6603,9,449,11,1,3,2,18,51,180,300,4,5
6604,14,23,15,1,3,3,14,89,180,300,3,5
6605,2,505,4,1,3,1,31,19,0,300,4,5
6606,2,316,3,1,3,1,16,77,60,180,1,5
6607,11,65,12,1,3,1,98,8,60,180,3,5
6608,10,38,11,1,3,1,68,63,180,300,4,5
6609,5,52,6,2,3,3,30,7,300,600,1,5
6610,13,79,14,1,3,3,66,61,0,300,2,5
6611,8,60,8,1,3,2,88,84,180,300,3,5
6612,1,383,1,2,3,2,2,60,420,540,2,5
6613,4,541,6,2,3,2,5,61,180,300,4,5
6614,5,31,5,1,3,3,12,73,60,180,1,5
6615,2,382,4,1,3,2,0,16,180,300,1,5
6616,8,50,8,1,3,3,74,29,60,180,4,5
6617,5,63,5,1,3,2,31,16,180,300,3,5
6618,9,206,9,2,3,2,7,88,300,420,4,5
6619,14,407,16,1,3,1,6,24,0,300,1,5
6620,4,467,5,1,3,2,85,18,0,300,1,5
6621,9,309,10,1,3,2,11,24,0,300,1,5
6622,9,12,9,1,3,3,36,71,60,180,3,5
6623,7,99,8,1,3,2,50,26,0,300,4,5
6624,7,502,9,1,3,1,6,68,0,300,2,5
6625,9,308,10,1,3,3,84,13,180,300,2,5
6626,10,514,12,1,3,1,62,25,60,180,3,5
6627,9,139,10,1,3,1,10,13,60,180,2,5
6628,13,482,14,1,3,3,31,49,0,300,1,5
6629,7,40,8,1,3,1,52,70,180,300,1,5
6630,12,181,13,2,3,2,77,39,300,600,4,5
6631,6,466,7,2,3,3,80,88,60,180,4,5
6632,14,344,15,2,3,2,85,81,180,300,1,5
6633,7,448,9,2,3,2,65,89,60,180,2,5
6634,4,266,4,2,3,3,12,7,300,600,2,5
6635,13,170,15,1,3,2,15,96,0,300,3,5
6636,6,453,8,2,3,3,85,29,300,420,3,5
6637,13,485,15,1,3,1,34,19,0,300,2,5
6638,7,179,7,2,3,2,57,20,300,420,3,5
6639,13,168,14,1,3,1,32,67,180,300,1,5
6640,11,188,12,2,3,2,3,83,0,300,1,5
6641,3,541,5,2,3,3,8,58,0,300,4,5
6642,10,7,10,1,3,3,89,10,60,180,4,5
6643,11,362,12,1,3,1,34,15,180,300,3,5
6644,8,196,8,2,3,2,69,20,420,540,1,5
6645,13,415,13,2,3,3,48,5,420,540,2,5
6646,3,428,5,1,3,1,51,81,60,180,2,5
6647,8,511,9,1,3,3,32,89,0,300,2,5
6648,5,574,6,1,3,1,100,55,60,180,2,5
6649,5,88,5,2,3,3,70,20,180,300,4,5
6650,5,75,6,1,3,1,24,62,0,300,4,5
6651,1,212,1,2,3,1,8,78,300,420,2,5
6652,11,574,12,1,3,2,19,53,60,180,1,5
6653,6,19,6,1,3,3,2,33,60,180,1,5
6654,2,399,2,2,3,2,69,81,420,540,2,5
6655,1,370,1,2,3,2,8,67,420,540,4,5
6656,6,326,6,2,3,2,50,11,420,540,3,5
6657,5,533,7,1,3,2,1,55,180,300,3,5
6658,13,51,13,2,3,2,83,64,420,540,3,5
6659,11,594,13,1,3,1,50,99,0,300,1,5
6660,8,326,9,2,3,2,32,9,300,600,1,5
6661,12,541,14,1,3,1,70,52,0,300,3,5
6662,6,154,6,1,3,3,40,82,180,300,4,5
6663,5,253,5,2,3,1,82,31,300,600,4,5
6664,12,464,13,1,3,3,65,59,0,300,2,5
6665,7,380,8,2,3,1,97,88,180,300,4,5
6666,11,513,12,1,3,1,60,91,0,300,1,5
6667,5,384,6,1,3,2,29,64,60,180,2,5
6668,4,140,4,1,3,1,23,70,180,300,3,5
6669,12,433,14,1,3,3,54,32,0,300,2,5
6670,9,477,11,1,3,1,35,99,60,180,4,5
6671,1,373,2,1,3,3,74,48,180,300,4,5
6672,14,328,14,2,3,1,88,28,420,540,3,5
6673,12,303,13,2,3,3,2,0,0,300,4,5
6674,3,34,3,2,3,1,16,19,0,300,4,5
6675,1,220,1,2,3,1,50,9,420,540,1,5
6676,10,161,11,1,3,1,29,30,60,180,4,5
6677,3,103,3,1,3,1,65,27,180,300,3,5
6678,11,333,11,2,3,2,92,23,420,540,3,5
6679,13,388,13,2,3,3,98,45,420,540,2,5
6680,6,226,7,2,3,2,67,100,420,540,1,5
6681,6,16,6,1,3,1,69,75,60,180,3,5
6682,1,490,3,1,3,3,76,84,180,300,2,5
6683,8,231,8,2,3,1,91,78,300,420,1,5
6684,11,81,12,2,3,1,68,87,60,180,2,5
6685,13,322,14,2,3,2,24,9,0,300,1,5
6686,8,179,9,1,3,3,40,77,180,300,1,5
6687,6,258,7,2,3,2,83,58,60,180,3,5
6688,4,143,5,1,3,1,89,91,180,300,3,5
6689,12,25,13,1,3,2,84,61,60,180,3,5
6690,7,435,9,2,3,1,95,82,0,300,2,5
6691,11,586,13,2,3,1,15,83,300,600,1,5
6692,10,103,10,1,3,2,63,95,180,300,3,5
6693,9,495,10,2,3,1,28,13,0,300,4,5
6694,10,531,12,1,3,2,44,28,180,300,1,5
6695,2,593,3,1,3,2,81,68,60,180,2,5
6696,14,241,15,1,3,2,19,2,60,180,3,5
6697,10,323,10,2,3,1,52,23,420,540,2,5
6698,4,284,4,2,3,3,11,12,300,600,1,5
6699,4,35,4,2,3,1,44,35,180,300,4,5
6700,8,24,8,2,3,1,85,39,300,420,1,5
6701,10,297,10,2,3,2,26,31,420,540,3,5
6702,6,564,7,1,3,1,37,25,180,300,2,5
6703,2,69,2,1,3,2,6,36,180,300,2,5
6704,9,494,11,1,3,3,28,27,180,300,1,5
6705,13,100,14,1,3,3,8,8,0,300,1,5
6706,2,43,2,2,3,2,81,81,0,300,4,5
6707,12,509,14,2,3,3,32,85,180,300,1,5
6708,14,503,16,2,3,2,32,67,180,300,3,5
6709,12,495,13,1,3,3,89,24,180,300,3,5
6710,1,379,1,2,3,3,40,27,420,540,3,5
6711,6,514,7,1,3,2,55,21,180,300,1,5
6712,9,540,10,1,3,3,74,46,0,300,1,5
6713,12,570,13,1,3,1,64,32,180,300,3,5
6714,10,273,12,2,3,3,11,57,180,300,3,5
6715,10,536,11,1,3,3,14,27,0,300,2,5
6716,4,531,5,1,3,2,22,8,60,180,3,5
6717,12,123,13,1,3,3,80,78,180,300,2,5
6718,8,370,9,1,3,1,38,36,0,300,1,5
6719,6,108,7,1,3,3,97,73,180,300,4,5
6720,13,315,13,2,3,3,98,6,420,540,1,5
6721,11,373,11,2,3,1,71,19,420,540,4,5
6722,10,18,12,1,3,1,20,50,60,180,4,5
6723,6,419,7,2,3,1,71,59,420,540,2,5
6724,13,317,13,2,3,3,26,68,420,540,2,5
6725,1,513,3,1,3,3,76,42,60,180,2,5
6726,1,8,1,1,3,1,92,4,60,180,4,5
6727,10,259,11,2,3,1,71,51,180,300,4,5
6728,2,7,2,1,3,2,92,7,60,180,1,5
6729,7,277,7,2,3,2,22,23,420,540,1,5
6730,3,295,3,2,3,3,22,61,300,420,2,5
6731,2,5,2,1,3,3,81,50,60,180,2,5
6732,7,229,7,2,3,1,40,1,420,540,1,5
6733,6,167,7,1,3,1,99,31,0,300,2,5
6734,2,43,2,1,3,1,91,49,60,180,4,5
6735,1,600,3,2,3,1,56,64,180,300,1,5
6736,4,496,6,1,3,2,13,98,180,300,4,5
6737,7,463,9,1,3,3,95,16,180,300,2,5
6738,11,534,13,2,3,1,45,23,60,180,3,5
6739,5,61,5,2,3,3,14,8,420,540,3,5
6740,14,439,16,1,3,3,45,42,0,300,4,5
6741,12,81,13,1,3,1,39,66,0,300,4,5
6742,2,547,3,2,3,3,63,65,300,600,2,5
6743,13,1,13,2,3,1,65,71,60,180,3,5
6744,12,484,13,1,3,3,2,81,0,300,2,5
6745,4,138,4,2,3,3,78,22,420,540,2,5
6746,4,17,5,1,3,2,6,81,0,300,3,5
6747,13,123,13,1,3,1,81,88,180,300,3,5
6748,8,470,9,1,3,3,7,85,180,300,4,5
6749,2,409,3,1,3,3,56,38,180,300,3,5
6750,12,161,12,2,3,3,49,22,420,540,1,5
6751,12,333,12,2,3,1,59,59,420,540,3,5
6752,7,239,7,2,3,1,99,75,420,540,3,5
6753,6,318,7,1,3,3,59,97,180,300,4,5
6754,6,499,7,1,3,3,82,62,60,180,3,5
6755,6,83,7,1,3,3,86,47,180,300,3,5
6756,6,84,7,2,3,1,62,41,300,420,3,5
6757,13,530,15,1,3,2,48,63,60,180,2,5
6758,7,406,8,1,3,1,97,1,0,300,4,5
6759,7,246,9,2,3,1,94,94,420,540,4,5
6760,12,283,12,2,3,3,35,30,420,540,1,5
6761,14,392,16,2,3,3,99,38,180,300,1,5
6762,9,331,10,1,3,2,94,1,0,300,2,5
6763,14,269,14,2,3,1,82,71,300,420,2,5
6764,13,594,15,1,3,1,81,8,0,300,2,5
6765,10,485,11,1,3,2,10,89,0,300,2,5
6766,12,417,12,2,3,2,82,93,420,540,3,5
6767,3,209,3,2,3,3,41,22,300,600,4,5
6768,14,90,14,1,3,3,61,16,180,300,2,5
6769,12,135,13,2,3,1,69,34,300,420,2,5
6770,9,30,10,2,3,2,78,48,300,600,3,5
6771,10,195,10,2,3,3,51,71,420,540,3,5
6772,10,86,10,1,3,3,97,91,180,300,3,5
6773,12,246,13,1,3,2,35,23,0,300,4,5
6774,13,153,14,1,3,3,77,43,60,180,1,5
6775,8,75,9,1,3,3,77,24,0,300,1,5
6776,13,105,13,1,3,3,11,60,180,300,1,5
6777,13,134,13,1,3,2,44,58,180,300,3,5
6778,1,203,2,2,3,3,59,28,420,540,2,5
6779,1,526,2,2,3,2,86,62,300,420,4,5
6780,4,404,5,1,3,1,55,46,0,300,1,5
6781,6,474,8,1,3,1,43,26,0,300,2,5
6782,10,371,11,1,3,3,74,98,0,300,4,5
6783,1,145,1,1,3,1,71,38,180,300,4,5
6784,2,436,4,2,3,1,95,70,180,300,2,5
6785,7,311,7,2,3,1,76,25,420,540,2,5
6786,10,360,10,2,3,3,44,33,420,540,1,5
6787,12,392,13,2,3,1,22,44,300,600,1,5
6788,1,433,3,2,3,1,34,62,60,180,1,5
6789,2,385,2,2,3,3,52,85,420,540,1,5
6790,6,166,6,2,3,2,34,22,300,420,3,5
6791,5,585,7,2,3,3,27,66,300,600,3,5
6792,2,182,2,2,3,3,53,79,300,600,2,5
6793,4,462,6,1,3,2,90,52,180,300,3,5
6794,9,112,9,1,3,3,19,54,180,300,4,5
6795,5,332,6,1,3,3,0,100,60,180,3,5
6796,8,166,9,1,3,2,3,71,0,300,2,5
6797,2,488,4,2,3,2,45,16,300,420,3,5
6798,7,597,9,2,3,2,7,46,420,540,1,5
6799,1,398,2,1,3,1,33,85,0,300,4,5
6800,10,182,10,2,3,3,94,20,420,540,4,5
6801,12,116,12,1,3,2,63,43,180,300,1,5
6802,4,237,5,1,3,2,9,6,60,180,3,5
6803,4,21,5,2,3,2,76,27,0,300,3,5
6804,13,580,14,1,3,3,91,17,60,180,3,5
6805,4,258,5,1,3,2,49,22,60,180,4,5
6806,3,536,5,1,3,3,75,97,0,300,4,5
6807,7,527,8,1,3,2,16,85,0,300,4,5
6808,3,409,4,1,3,2,90,9,60,180,4,5
6809,12,495,14,1,3,2,12,17,0,300,3,5
6810,8,297,8,2,3,1,70,68,300,420,1,5
6811,3,443,5,1,3,3,2,27,60,180,3,5
6812,11,313,11,2,3,3,15,15,420,540,3,5
6813,6,340,7,1,3,1,71,49,60,180,2,5
6814,1,115,2,1,3,2,4,75,60,180,1,5
6815,5,459,6,2,3,2,45,20,300,420,2,5
6816,14,532,16,1,3,1,35,7,180,300,3,5
6817,6,195,6,2,3,3,7,66,420,540,3,5
6818,3,113,3,1,3,1,33,6,180,300,4,5
6819,6,55,6,1,3,2,37,19,60,180,2,5
6820,12,29,12,2,3,3,26,5,420,540,3,5
6821,5,230,5,2,3,3,84,79,420,540,4,5
6822,5,381,5,2,3,1,48,90,420,540,2,5
6823,10,522,12,2,3,3,87,6,300,420,4,5
6824,11,196,11,2,3,2,56,8,420,540,1,5
6825,13,337,13,2,3,3,45,5,420,540,2,5
6826,4,517,6,2,3,1,82,20,420,540,3,5
6827,1,180,2,1,3,3,66,18,0,300,3,5
6828,10,423,12,2,3,2,98,40,420,540,4,5
6829,12,126,13,1,3,2,86,30,0,300,2,5
6830,6,546,7,1,3,1,17,36,60,180,4,5
6831,8,113,8,1,3,2,33,63,180,300,4,5
6832,8,128,8,2,3,3,63,57,420,540,1,5
6833,4,239,4,2,3,1,93,39,420,540,3,5
6834,9,495,11,1,3,1,40,67,180,300,3,5
6835,2,356,4,1,3,2,41,69,60,180,1,5
6836,13,1,14,2,3,2,23,69,60,180,3,5
6837,3,594,5,1,3,1,46,87,180,300,4,5
6838,9,6,10,1,3,1,4,11,0,300,4,5
6839,13,555,14,1,3,1,85,61,60,180,1,5
6840,1,272,2,1,3,3,26,27,0,300,2,5
6841,6,192,6,2,3,3,31,27,300,420,3,5
6842,7,54,7,1,3,2,99,54,60,180,4,5
6843,14,283,15,1,3,1,7,90,0,300,1,5
6844,7,539,9,2,3,3,0,69,420,540,4,5
6845,9,490,11,1,3,3,8,8,60,180,2,5
6846,2,495,3,1,3,3,65,64,180,300,3,5
6847,2,57,2,1,3,3,66,19,60,180,3,5
6848,7,411,7,2,3,1,28,15,420,540,2,5
6849,6,141,7,2,3,2,93,59,0,300,4,5
6850,8,94,9,1,3,2,65,83,180,300,2,5
6851,2,169,3,1,3,1,29,78,180,300,1,5
6852,1,578,3,1,3,2,6,33,60,180,3,5
6853,4,437,5,1,3,2,81,73,0,300,3,5
6854,13,425,14,2,3,2,39,70,420,540,3,5
6855,14,104,14,1,3,2,4,96,180,300,1,5
6856,6,256,6,2,3,2,97,43,420,540,2,5
6857,2,162,3,1,3,3,25,42,180,300,1,5
6858,5,467,6,2,3,1,75,2,60,180,2,5
6859,8,179,9,2,3,3,57,83,0,300,1,5
6860,4,232,5,1,3,3,15,94,60,180,4,5
6861,8,244,8,2,3,1,56,36,420,540,1,5
6862,6,397,6,2,3,3,59,48,420,540,4,5
6863,5,463,6,2,3,1,15,87,0,300,1,5
6864,7,307,7,2,3,2,58,0,420,540,2,5
6865,14,533,16,2,3,1,45,35,0,300,3,5
6866,11,262,11,2,3,2,6,48,420,540,2,5
6867,11,146,11,1,3,2,77,10,180,300,3,5
6868,10,415,10,2,3,2,53,57,420,540,3,5
6869,9,369,9,2,3,2,73,77,420,540,1,5
6870,1,502,3,1,3,1,1,9,0,300,2,5
6871,13,298,14,1,3,2,1,49,0,300,3,5
6872,9,245,9,2,3,1,79,38,300,420,3,5
6873,8,265,8,2,3,2,22,29,300,420,1,5
6874,4,510,6,1,3,3,93,7,180,300,1,5
6875,12,47,13,1,3,2,34,15,180,300,1,5
6876,8,309,8,2,3,2,35,37,420,540,3,5
6877,14,441,16,1,3,3,3,83,0,300,3,5
6878,11,55,11,2,3,1,4,63,420,540,1,5
6879,13,586,14,2,3,3,38,49,420,540,1,5
6880,5,440,6,1,3,3,3,70,60,180,1,5
6881,9,426,10,1,3,1,13,77,60,180,1,5
6882,4,126,5,1,3,1,31,78,180,300,3,5
6883,14,265,14,2,3,2,51,41,420,540,2,5
6884,12,5,13,1,3,2,31,24,60,180,1,5
6885,2,381,2,2,3,2,86,82,420,540,1,5
6886,2,538,3,1,3,1,54,52,60,180,1,5
6887,2,458,3,1,3,3,76,47,60,180,4,5
6888,5,343,5,2,3,1,2,34,420,540,4,5
6889,7,38,7,1,3,2,23,98,60,180,3,5
6890,1,508,2,1,3,2,64,62,60,180,3,5
6891,7,283,8,1,3,3,60,87,180,300,3,5
6892,14,343,14,2,3,3,68,73,420,540,4,5
6893,2,494,4,1,3,3,37,78,60,180,1,5
6894,11,271,11,2,3,2,16,88,300,600,2,5
6895,13,312,13,2,3,1,5,48,420,540,3,5
6896,14,324,14,2,3,2,7,42,420,540,3,5
6897,5,14,6,1,3,1,25,34,180,300,1,5
6898,2,167,3,1,3,3,93,94,180,300,1,5
6899,14,91,15,2,3,2,14,91,180,300,4,5
6900,6,49,7,1,3,1,78,53,180,300,1,5
6901,5,276,6,1,3,2,35,78,180,300,4,5
6902,9,495,11,1,3,1,37,77,60,180,2,5
6903,9,168,9,1,3,1,67,72,180,300,2,5
6904,4,540,5,1,3,1,98,63,0,300,1,5
6905,13,238,14,2,3,3,85,94,60,180,4,5
6906,3,271,3,2,3,1,10,15,300,420,4,5
6907,8,199,8,2,3,3,1,82,300,420,1,5
6908,1,468,3,1,3,2,64,56,60,180,2,5
6909,11,586,12,2,3,2,91,41,300,600,3,5
6910,8,206,8,2,3,1,27,100,420,540,1,5
6911,3,459,4,2,3,3,26,9,0,300,3,5
6912,10,594,12,1,3,1,70,40,0,300,2,5
6913,4,189,5,1,3,2,87,93,180,300,1,5
6914,3,248,3,2,3,1,23,4,300,600,2,5
6915,8,315,8,2,3,1,20,53,420,540,3,5
6916,7,278,7,2,3,1,9,31,300,600,4,5
6917,14,281,14,2,3,3,7,85,300,600,3,5
6918,1,270,1,2,3,3,74,80,420,540,2,5
6919,11,510,12,2,3,2,91,28,0,300,3,5
6920,11,363,11,2,3,1,97,59,420,540,3,5
6921,9,580,11,1,3,3,70,61,180,300,2,5
6922,5,74,6,1,3,2,0,10,0,300,4,5
6923,8,49,9,1,3,1,39,23,0,300,3,5
6924,11,239,11,2,3,2,44,83,300,420,4,5
6925,11,520,12,2,3,3,37,38,180,300,1,5
6926,4,386,6,1,3,2,12,68,0,300,1,5
6927,11,274,11,2,3,3,81,50,300,600,1,5
6928,8,292,9,2,3,2,36,78,0,300,2,5
6929,5,382,5,2,3,2,50,20,420,540,1,5
6930,10,560,12,1,3,1,82,62,180,300,1,5
6931,10,133,10,2,3,3,73,93,420,540,2,5
6932,14,160,14,1,3,1,55,76,180,300,3,5
6933,2,392,2,2,3,3,44,35,420,540,4,5
6934,2,49,2,2,3,1,16,68,180,300,1,5
6935,3,168,3,2,3,3,29,37,420,540,3,5
6936,14,472,15,1,3,1,87,2,0,300,3,5
6937,8,499,10,2,3,1,89,34,60,180,4,5
6938,4,384,4,2,3,2,97,89,420,540,4,5
6939,2,254,2,2,3,3,84,17,300,420,4,5
6940,12,121,13,2,3,1,98,13,0,300,1,5
6941,13,483,15,1,3,3,68,88,180,300,3,5
6942,2,386,3,2,3,2,88,92,0,300,1,5
6943,4,293,4,2,3,1,33,47,300,600,1,5
6944,10,279,10,2,3,3,48,82,300,420,3,5
6945,6,77,6,1,3,3,83,84,180,300,4,5
6946,8,141,8,1,3,3,15,87,180,300,3,5
6947,1,151,1,2,3,2,85,79,300,420,2,5
6948,12,596,14,1,3,1,42,78,180,300,1,5
6949,3,372,3,2,3,2,38,84,420,540,1,5
6950,6,170,6,2,3,3,37,52,420,540,4,5
6951,9,124,9,2,3,1,46,26,420,540,4,5
6952,11,418,11,2,3,3,28,48,420,540,1,5
6953,7,489,9,1,3,2,35,62,60,180,2,5
6954,6,303,6,2,3,3,6,35,420,540,2,5
6955,2,424,3,2,3,2,38,62,420,540,4,5
6956,13,306,14,2,3,1,79,95,300,420,2,5
6957,3,39,3,1,3,2,35,31,60,180,2,5
6958,14,183,15,1,3,2,82,86,180,300,1,5
6959,2,81,2,2,3,3,59,49,180,300,4,5
6960,7,471,8,1,3,2,43,97,60,180,3,5
6961,2,69,2,2,3,3,76,89,180,300,2,5
6962,8,362,8,2,3,1,63,91,420,540,4,5
6963,2,169,3,2,3,3,72,94,0,300,2,5
6964,12,268,14,1,3,1,13,63,60,180,3,5
6965,2,254,2,2,3,1,55,55,300,600,1,5
6966,7,16,7,2,3,3,30,72,180,300,1,5
6967,8,437,9,1,3,1,58,3,180,300,2,5
6968,9,301,11,1,3,3,58,82,0,300,3,5
6969,14,22,14,2,3,1,14,88,180,300,3,5
6970,2,171,2,1,3,1,81,21,180,300,2,5
6971,12,134,12,2,3,3,92,56,420,540,4,5
6972,7,304,7,2,3,3,45,33,420,540,4,5
6973,6,208,6,2,3,1,73,18,420,540,4,5
6974,12,488,13,2,3,3,63,48,60,180,2,5
6975,5,600,7,1,3,3,79,33,180,300,4,5
6976,11,526,12,2,3,1,87,16,60,180,2,5
6977,2,8,2,2,3,1,79,9,0,300,2,5
6978,14,421,15,2,3,3,39,3,300,420,4,5
6979,13,274,13,2,3,1,78,30,420,540,2,5
6980,11,60,11,1,3,3,50,36,180,300,1,5
6981,2,591,4,2,3,2,42,22,420,540,1,5
6982,3,398,3,2,3,2,51,2,420,540,3,5
6983,1,306,1,2,3,3,73,36,420,540,4,5
6984,1,165,2,2,3,3,41,12,420,540,2,5
6985,4,328,4,2,3,2,24,19,420,540,2,5
6986,11,305,12,1,3,3,87,24,180,300,1,5
6987,7,132,7,1,3,1,25,9,180,300,2,5
6988,13,432,14,1,3,1,39,38,60,180,4,5
6989,9,522,10,1,3,1,92,95,0,300,1,5
6990,12,579,13,1,3,1,72,7,60,180,4,5
6991,14,381,14,2,3,3,7,16,420,540,2,5
6992,11,39,11,1,3,2,50,13,60,180,3,5
6993,4,449,5,2,3,1,40,66,0,300,4,5
6994,10,64,10,2,3,3,17,23,420,540,3,5
6995,9,140,9,1,3,2,18,40,180,300,2,5
6996,4,169,4,1,3,1,55,47,180,300,1,5
6997,11,500,13,1,3,3,68,73,0,300,4,5
6998,8,101,8,2,3,2,86,80,180,300,2,5
6999,6,556,8,1,3,1,91,6,60,180,2,5
7000,2,167,2,1,3,1,77,34,180,300,2,5
7001,9,320,10,2,3,2,73,47,180,300,4,5
7002,5,569,7,1,3,1,33,65,60,180,4,5
7003,2,401,2,2,3,1,81,6,420,540,3,5
7004,4,481,6,1,3,2,69,60,0,300,3,5
7005,9,292,9,2,3,3,87,9,300,600,2,5
7006,7,296,9,2,3,2,33,33,180,300,4,5
7007,10,523,12,1,3,2,88,50,0,300,2,5
7008,9,124,9,2,3,3,95,2,300,420,1,5
7009,3,325,3,2,3,3,51,19,420,540,3,5
7010,10,417,10,2,3,2,54,33,420,540,1,5
7011,6,184,8,1,3,2,91,16,180,300,1,5
7012,7,144,8,2,3,1,30,56,180,300,1,5
7013,5,173,5,1,3,3,48,10,180,300,4,5
7014,12,539,13,2,3,1,57,14,300,600,2,5
7015,2,562,3,1,3,1,17,30,0,300,2,5
7016,11,178,12,1,3,1,63,69,180,300,4,5
7017,14,520,15,1,3,3,15,53,60,180,2,5
7018,9,195,9,2,3,2,6,37,420,540,3,5
7019,12,596,14,1,3,1,53,32,180,300,3,5
7020,1,134,1,1,3,2,65,97,180,300,3,5
7021,13,356,14,2,3,1,13,88,180,300,3,5
7022,7,358,7,2,3,3,67,67,420,540,1,5
7023,5,364,6,1,3,1,38,59,0,300,3,5
7024,3,92,3,1,3,2,36,31,180,300,4,5
7025,5,412,6,1,3,2,1,31,0,300,4,5
7026,6,124,7,2,3,1,0,57,300,420,1,5
7027,12,149,12,1,3,1,2,2,180,300,3,5
7028,8,166,8,1,3,2,41,41,180,300,3,5
7029,7,131,7,1,3,1,46,84,180,300,2,5
7030,14,564,15,2,3,2,46,23,300,420,4,5
7031,7,302,8,2,3,1,94,74,300,600,1,5
7032,4,188,4,2,3,1,42,49,420,540,2,5
7033,11,431,13,2,3,1,74,72,60,180,4,5
7034,13,17,13,1,3,1,66,36,60,180,4,5
7035,7,14,8,1,3,3,13,53,180,300,4,5
7036,13,491,14,1,3,1,33,56,180,300,2,5
7037,7,321,8,1,3,2,100,32,180,300,1,5
7038,5,370,5,2,3,2,64,98,420,540,1,5
7039,9,163,9,2,3,1,78,44,420,540,3,5
7040,2,426,4,1,3,1,27,81,0,300,1,5
7041,7,244,8,2,3,3,61,69,0,300,3,5
7042,7,38,9,1,3,1,41,0,0,300,2,5
7043,12,321,13,1,3,2,61,62,0,300,3,5
7044,2,411,3,2,3,1,88,91,300,420,3,5
7045,12,544,14,1,3,2,31,24,180,300,4,5
7046,4,138,5,2,3,1,51,12,180,300,1,5
7047,8,400,9,2,3,3,11,71,0,300,3,5
7048,9,573,10,2,3,3,16,2,0,300,1,5
7049,10,192,10,2,3,3,8,6,420,540,2,5
7050,1,248,2,1,3,2,56,16,180,300,3,5
7051,7,442,8,1,3,1,23,89,0,300,1,5
7052,1,372,1,2,3,3,21,65,420,540,3,5
7053,13,138,14,1,3,1,92,92,0,300,4,5
7054,8,479,9,1,3,1,10,85,0,300,2,5
7055,7,16,8,1,3,3,59,34,0,300,2,5
7056,9,357,9,2,3,3,85,60,420,540,1,5
7057,11,38,12,2,3,3,31,90,0,300,2,5
7058,8,69,9,2,3,1,28,76,0,300,4,5
7059,5,307,6,1,3,2,21,42,0,300,2,5
7060,2,453,4,1,3,3,86,20,0,300,4,5
7061,9,345,9,2,3,3,79,4,420,540,4,5
7062,14,79,15,2,3,1,44,33,420,540,4,5
7063,8,392,9,1,3,2,62,4,180,300,3,5
7064,9,595,10,1,3,3,29,33,0,300,2,5
7065,8,12,9,1,3,3,91,8,0,300,3,5
7066,9,349,9,2,3,1,100,4,420,540,1,5
7067,9,228,10,1,3,2,6,70,180,300,1,5
7068,9,117,9,1,3,3,79,94,180,300,4,5
7069,8,271,8,2,3,1,83,65,300,600,2,5
7070,8,398,8,2,3,3,10,77,420,540,2,5
7071,3,183,3,2,3,3,98,100,300,600,2,5
7072,5,449,6,1,3,1,92,53,180,300,1,5
7073,3,510,5,2,3,2,35,88,300,600,3,5
7074,1,259,1,2,3,3,61,76,300,600,4,5
7075,1,510,3,1,3,2,99,68,180,300,3,5
7076,10,28,10,2,3,2,41,91,0,300,3,5
7077,2,119,2,1,3,3,55,9,180,300,3,5
7078,8,58,8,1,3,3,91,90,60,180,3,5
7079,7,470,9,2,3,2,83,19,180,300,1,5
7080,2,319,4,1,3,3,61,7,180,300,4,5
7081,7,487,8,1,3,3,46,47,0,300,1,5
7082,6,363,6,2,3,2,32,41,420,540,2,5
7083,4,270,4,2,3,2,85,27,420,540,1,5
7084,5,186,5,2,3,3,13,61,420,540,4,5
7085,3,67,4,1,3,3,43,31,60,180,1,5
7086,14,48,14,2,3,3,62,93,0,300,2,5
7087,6,460,8,1,3,3,7,79,60,180,2,5
7088,12,47,12,1,3,3,32,92,60,180,4,5
7089,6,298,6,2,3,1,41,40,420,540,2,5
7090,11,147,11,2,3,1,3,100,180,300,2,5
7091,3,380,3,2,3,1,42,85,420,540,4,5
7092,14,358,14,2,3,2,62,87,420,540,3,5
7093,13,407,14,1,3,1,96,82,60,180,4,5
7094,6,557,7,2,3,3,72,46,180,300,4,5
7095,4,18,5,2,3,3,53,86,300,600,4,5
7096,4,2,4,1,3,2,99,70,60,180,3,5
7097,3,3,4,1,3,1,85,4,0,300,1,5
7098,10,335,10,2,3,1,7,97,420,540,2,5
7099,10,424,12,1,3,2,93,0,60,180,4,5
7100,1,452,3,1,3,2,96,83,0,300,1,5
7101,2,361,2,2,3,3,36,65,420,540,3,5
7102,12,412,13,1,3,3,40,83,180,300,3,5
7103,9,509,10,1,3,2,80,15,180,300,2,5
7104,2,263,3,2,3,3,94,35,0,300,2,5
7105,11,193,12,1,3,3,20,65,180,300,4,5
7106,6,508,7,1,3,2,34,35,60,180,4,5
7107,9,8,10,1,3,3,61,38,0,300,4,5
7108,6,239,8,1,3,2,36,93,60,180,2,5
7109,5,519,7,1,3,2,61,76,180,300,3,5
7110,11,5,11,1,3,2,98,74,60,180,3,5
7111,8,414,8,2,3,3,91,19,420,540,2,5
7112,11,491,12,1,3,2,62,33,60,180,3,5
7113,12,97,12,1,3,1,44,21,180,300,1,5
7114,14,543,15,1,3,2,36,51,0,300,3,5
7115,6,501,7,2,3,2,100,18,420,540,2,5
7116,12,356,12,2,3,2,70,98,420,540,3,5
7117,5,487,7,1,3,1,38,50,0,300,3,5
7118,14,441,15,2,3,3,27,7,60,180,4,5
7119,1,281,2,1,3,3,49,86,60,180,2,5
7120,6,407,6,2,3,2,57,43,420,540,1,5
7121,13,547,14,2,3,3,87,44,180,300,1,5
7122,6,233,6,2,3,3,51,24,300,420,4,5
7123,5,156,5,1,3,1,31,12,180,300,1,5
7124,10,590,11,1,3,3,51,27,60,180,4,5
7125,3,146,3,1,3,1,3,45,180,300,4,5
7126,11,234,12,1,3,2,52,47,0,300,1,5
7127,7,156,8,1,3,1,53,73,60,180,1,5
7128,12,118,13,1,3,2,29,30,60,180,3,5
7129,5,301,5,2,3,3,80,29,420,540,4,5
7130,2,555,4,2,3,3,26,75,60,180,3,5
7131,4,146,4,2,3,2,85,16,300,600,4,5
7132,5,495,7,1,3,3,84,20,60,180,3,5
7133,14,92,15,1,3,3,54,92,180,300,2,5
7134,4,422,5,1,3,3,34,12,60,180,3,5
7135,3,564,4,2,3,1,71,51,420,540,3,5
7136,11,348,11,2,3,1,10,70,420,540,3,5
7137,3,169,4,1,3,2,87,66,0,300,1,5
7138,4,401,4,2,3,1,81,10,420,540,1,5
7139,3,202,3,2,3,2,1,44,300,600,4,5
7140,3,308,3,2,3,1,94,41,420,540,4,5
7141,14,582,16,1,3,2,73,73,60,180,4,5
7142,9,7,9,1,3,2,99,71,60,180,2,5
7143,13,96,13,1,3,2,50,37,180,300,2,5
7144,6,208,7,1,3,2,13,10,0,300,4,5
7145,14,80,14,1,3,2,58,5,180,300,3,5
7146,3,496,5,1,3,2,84,13,60,180,4,5
7147,1,435,2,2,3,1,44,45,0,300,1,5
7148,3,74,3,1,3,1,5,76,180,300,2,5
7149,10,343,12,1,3,1,81,8,180,300,1,5
7150,5,319,6,1,3,2,68,92,60,180,2,5
7151,9,111,9,2,3,2,64,65,300,420,1,5
7152,9,80,10,2,3,2,7,93,420,540,4,5
7153,7,155,7,2,3,2,17,24,300,420,3,5
7154,4,319,4,2,3,2,14,3,420,540,1,5
7155,7,515,8,2,3,3,61,89,0,300,4,5
7156,9,401,9,2,3,1,1,33,420,540,4,5
7157,12,94,12,2,3,2,44,68,420,540,3,5
7158,8,60,8,1,3,2,55,16,180,300,2,5
7159,9,395,9,2,3,2,1,64,420,540,4,5
7160,6,600,8,1,3,3,88,22,180,300,2,5
7161,5,72,6,2,3,2,19,22,420,540,1,5
7162,9,568,10,1,3,1,67,12,60,180,1,5
7163,10,21,11,1,3,2,71,77,180,300,2,5
7164,7,186,7,2,3,2,80,11,420,540,1,5
7165,6,50,8,2,3,2,78,10,60,180,4,5
7166,6,281,6,2,3,1,97,35,300,600,3,5
7167,2,140,2,1,3,1,18,38,180,300,3,5
7168,12,193,12,2,3,2,35,66,420,540,4,5
7169,8,59,9,1,3,3,50,65,180,300,1,5
7170,10,283,10,2,3,1,11,0,420,540,2,5
7171,8,200,9,2,3,3,71,48,180,300,3,5
7172,3,140,3,1,3,2,10,52,180,300,1,5
7173,10,198,11,2,3,3,77,62,180,300,4,5
7174,13,261,14,1,3,2,34,98,180,300,1,5
7175,6,513,7,1,3,2,58,79,180,300,4,5
7176,6,63,6,1,3,2,23,33,180,300,4,5
7177,2,575,4,1,3,1,70,9,0,300,2,5
7178,5,113,5,2,3,3,78,57,300,600,4,5
7179,9,349,9,2,3,3,92,62,420,540,4,5
7180,13,486,14,1,3,3,72,13,60,180,2,5
7181,12,15,13,1,3,3,89,97,0,300,2,5
7182,14,364,15,2,3,3,13,74,420,540,3,5
7183,11,292,12,1,3,1,58,15,0,300,2,5
7184,13,379,14,1,3,3,64,0,60,180,4,5
7185,7,434,9,1,3,1,92,23,60,180,3,5
7186,8,72,8,1,3,2,67,56,180,300,2,5
7187,11,443,13,1,3,2,68,63,180,300,2,5
7188,11,123,12,2,3,2,47,14,180,300,4,5
7189,6,221,6,2,3,2,46,25,300,420,4,5
7190,5,554,7,1,3,2,32,3,60,180,1,5
7191,6,294,6,2,3,1,41,7,420,540,3,5
7192,1,589,2,1,3,2,26,59,180,300,4,5
7193,11,389,12,2,3,3,81,8,300,420,4,5
7194,11,231,11,2,3,1,10,4,300,420,4,5
7195,4,529,5,2,3,2,92,2,300,600,4,5
7196,14,74,14,1,3,1,78,17,180,300,3,5
7197,11,104,11,1,3,1,64,68,180,300,4,5
7198,13,47,13,1,3,3,58,56,60,180,2,5
7199,5,280,5,2,3,3,9,39,300,600,1,5
7200,1,515,3,1,3,3,70,66,180,300,2,5
7201,1,86,1,1,3,1,49,85,180,300,1,5
7202,14,350,16,2,3,1,21,45,300,600,1,5
7203,6,4,7,1,3,1,6,78,180,300,1,5
7204,2,172,2,1,3,3,59,80,180,300,3,5
7205,5,9,6,1,3,1,14,81,180,300,1,5
7206,1,219,1,2,3,2,36,90,420,540,3,5
7207,1,152,1,1,3,3,23,87,180,300,2,5
7208,13,341,13,2,3,3,85,84,420,540,1,5
7209,9,81,9,2,3,3,71,17,300,600,2,5
7210,12,331,13,1,3,1,91,92,180,300,3,5
7211,6,375,7,1,3,2,3,16,60,180,4,5
7212,12,486,14,1,3,1,87,5,180,300,4,5
7213,7,131,8,1,3,1,59,61,0,300,1,5
7214,12,231,13,1,3,3,43,47,0,300,4,5
7215,7,272,7,2,3,2,3,61,300,600,4,5
7216,6,407,6,2,3,3,59,5,420,540,1,5
7217,8,198,9,1,3,2,50,27,180,300,1,5
7218,8,84,8,1,3,2,8,0,180,300,2,5
7219,14,507,16,1,3,3,21,8,180,300,2,5
7220,9,85,11,1,3,2,49,56,60,180,2,5
7221,7,141,8,1,3,2,13,15,60,180,4,5
7222,2,137,4,1,3,3,64,57,60,180,4,5
7223,4,310,5,1,3,1,10,13,180,300,4,5
7224,11,188,11,2,3,3,27,97,420,540,4,5
7225,14,582,16,2,3,2,37,22,300,420,2,5
7226,11,262,11,2,3,2,31,80,420,540,4,5
7227,6,424,7,1,3,2,82,18,180,300,2,5
7228,2,40,2,1,3,3,40,78,60,180,4,5
7229,12,409,12,2,3,3,47,33,420,540,1,5
7230,7,556,9,1,3,2,7,34,60,180,4,5
7231,9,391,10,1,3,2,44,9,60,180,4,5
7232,7,365,7,2,3,2,78,67,420,540,4,5
7233,4,184,4,2,3,1,100,42,420,540,1,5
7234,10,342,12,1,3,1,39,97,60,180,1,5
7235,9,187,9,2,3,2,6,99,300,420,1,5
7236,11,170,13,2,3,1,26,97,0,300,3,5
7237,10,183,10,2,3,3,1,11,300,600,3,5
7238,7,529,8,2,3,2,80,66,300,600,4,5
7239,2,413,3,1,3,2,81,55,180,300,3,5
7240,13,23,14,1,3,3,78,9,60,180,3,5
7241,3,563,5,2,3,2,41,100,300,600,2,5
7242,8,527,9,1,3,1,73,46,0,300,1,5
7243,5,67,6,1,3,3,18,88,180,300,2,5
7244,11,541,13,2,3,1,68,9,60,180,4,5
7245,9,494,11,1,3,3,54,52,60,180,3,5
7246,14,233,14,2,3,1,2,23,300,600,1,5
7247,11,197,12,1,3,3,24,19,180,300,1,5
7248,6,532,8,1,3,2,6,86,0,300,1,5
7249,7,596,8,2,3,1,33,100,420,540,2,5
7250,12,539,13,1,3,1,5,5,60,180,1,5
7251,14,337,15,2,3,2,6,81,180,300,3,5
7252,6,366,8,1,3,3,52,1,60,180,1,5
7253,11,453,12,2,3,1,77,13,60,180,1,5
7254,8,358,8,2,3,1,89,83,420,540,4,5
7255,4,85,5,1,3,2,20,18,0,300,4,5
7256,11,288,12,2,3,3,72,44,0,300,1,5
7257,14,269,14,2,3,3,59,51,300,600,3,5
7258,3,444,4,1,3,3,99,67,60,180,3,5
7259,9,370,10,1,3,3,91,30,60,180,1,5
7260,9,293,9,2,3,2,2,94,420,540,2,5
7261,6,393,6,2,3,3,49,60,420,540,2,5
7262,10,78,10,1,3,1,36,61,180,300,4,5
7263,14,576,16,1,3,2,11,72,0,300,1,5
7264,5,271,5,2,3,2,39,92,300,600,1,5
7265,9,51,9,1,3,3,1,87,60,180,1,5
7266,7,265,8,2,3,2,73,14,60,180,1,5
7267,7,24,8,1,3,3,24,40,60,180,1,5
7268,4,414,4,2,3,1,65,79,420,540,1,5
7269,1,542,3,1,3,1,44,92,0,300,2,5
7270,7,410,7,2,3,1,85,4,420,540,2,5
7271,9,459,10,2,3,2,25,32,60,180,4,5
7272,13,245,14,2,3,3,98,84,180,300,2,5
7273,8,479,10,1,3,1,2,10,0,300,1,5
7274,5,403,6,2,3,3,46,35,60,180,1,5
7275,6,521,7,2,3,3,56,92,300,420,3,5
7276,9,106,9,2,3,2,36,18,300,600,1,5
7277,12,171,12,1,3,1,8,42,180,300,1,5
7278,4,269,4,2,3,2,8,77,420,540,1,5
7279,7,19,8,1,3,3,23,41,180,300,1,5
7280,5,221,6,1,3,2,78,89,180,300,2,5
7281,1,425,3,1,3,3,12,79,0,300,1,5
7282,2,113,4,2,3,1,29,3,180,300,1,5
7283,3,86,3,1,3,2,80,9,180,300,3,5
7284,9,132,10,1,3,1,44,44,60,180,1,5
7285,4,506,5,1,3,3,89,24,60,180,4,5
7286,14,589,16,1,3,3,43,57,60,180,1,5
7287,14,578,15,2,3,3,84,9,60,180,3,5
7288,4,244,4,2,3,3,64,34,420,540,2,5
7289,3,129,4,2,3,3,38,86,0,300,4,5
7290,5,252,6,1,3,2,15,96,0,300,4,5
7291,5,504,7,2,3,2,9,24,300,420,2,5
7292,2,569,4,1,3,3,15,12,0,300,4,5
7293,2,161,2,2,3,1,30,58,420,540,3,5
7294,6,495,8,1,3,1,39,80,180,300,1,5
7295,3,460,4,1,3,3,42,83,60,180,3,5
7296,8,309,9,1,3,2,94,50,60,180,4,5
7297,12,205,12,2,3,1,17,50,300,420,1,5
7298,8,253,8,2,3,3,40,13,300,420,2,5
7299,7,319,8,2,3,2,93,22,60,180,3,5
7300,3,315,4,2,3,3,84,79,180,300,4,5
7301,12,372,12,2,3,3,72,78,420,540,3,5
7302,9,570,11,2,3,3,25,83,60,180,4,5
7303,5,239,5,2,3,2,22,44,300,420,4,5
7304,5,111,5,1,3,1,49,39,180,300,1,5
7305,5,535,6,1,3,1,32,4,0,300,4,5
7306,14,318,14,2,3,2,89,69,420,540,3,5
7307,1,419,1,2,3,1,5,46,420,540,4,5
7308,2,412,3,1,3,1,16,3,60,180,3,5
7309,7,221,7,2,3,2,28,31,420,540,4,5
7310,13,295,13,2,3,3,72,54,420,540,4,5
7311,6,348,7,2,3,2,44,29,180,300,2,5
7312,14,75,14,2,3,3,57,25,300,420,3,5
7313,11,333,12,1,3,3,93,69,60,180,1,5
7314,6,140,6,1,3,2,97,34,180,300,3,5
7315,10,400,10,2,3,2,4,92,420,540,3,5
7316,13,174,15,1,3,2,57,12,180,300,3,5
7317,3,464,5,2,3,2,43,54,0,300,4,5
7318,13,352,13,2,3,3,86,96,420,540,1,5
7319,13,128,13,1,3,1,53,20,180,300,4,5
7320,10,34,10,2,3,1,11,41,0,300,4,5
7321,4,304,4,2,3,3,95,41,420,540,1,5
7322,1,589,2,2,3,1,77,87,0,300,1,5
7323,14,310,15,2,3,1,69,21,0,300,1,5
7324,10,228,10,2,3,2,36,70,300,420,1,5
7325,13,362,13,2,3,3,63,81,420,540,3,5
7326,3,410,4,1,3,3,8,100,180,300,1,5
7327,11,442,13,1,3,3,47,68,0,300,1,5
7328,5,128,5,1,3,3,18,36,180,300,4,5
7329,11,178,11,1,3,2,66,91,180,300,3,5
7330,14,536,16,2,3,3,8,73,300,600,4,5
7331,13,216,13,2,3,3,79,84,300,420,1,5
7332,2,529,3,1,3,2,61,62,0,300,3,5
7333,6,306,6,2,3,3,92,52,420,540,1,5
7334,1,285,1,2,3,1,75,34,300,420,3,5
7335,9,171,9,2,3,3,4,12,180,300,3,5
7336,13,531,15,1,3,3,57,0,180,300,2,5
7337,12,576,14,1,3,1,28,69,0,300,3,5
7338,2,200,3,2,3,3,34,68,300,420,4,5
7339,1,83,1,1,3,1,22,6,180,300,1,5
7340,11,188,11,2,3,1,53,77,420,540,1,5
7341,12,547,14,1,3,3,9,50,60,180,4,5
7342,9,304,10,1,3,3,93,9,60,180,4,5
7343,3,55,3,1,3,1,36,84,60,180,4,5
7344,6,248,7,1,3,1,21,64,60,180,4,5
7345,4,427,5,1,3,1,15,43,180,300,2,5
7346,3,232,3,2,3,1,17,71,300,420,3,5
7347,4,213,5,1,3,1,22,2,180,300,3,5
7348,6,229,7,1,3,3,80,3,60,180,1,5
7349,7,460,9,2,3,2,87,56,180,300,4,5
7350,4,330,5,1,3,1,4,75,180,300,4,5
7351,5,461,7,1,3,1,19,71,60,180,3,5
7352,10,343,10,2,3,3,75,87,420,540,4,5
7353,8,380,8,2,3,3,45,100,420,540,4,5
7354,9,278,10,1,3,1,3,15,180,300,3,5
7355,13,91,14,1,3,3,95,19,60,180,1,5
7356,4,556,5,1,3,1,9,14,0,300,1,5
7357,14,134,14,2,3,3,51,37,300,420,4,5
7358,5,418,7,2,3,2,56,12,420,540,3,5
7359,1,292,1,2,3,3,16,76,420,540,3,5
7360,3,329,5,1,3,3,8,15,180,300,2,5
7361,5,210,6,2,3,1,3,32,180,300,4,5
7362,10,480,11,2,3,2,40,92,180,300,4,5
7363,10,209,11,1,3,3,83,97,60,180,4,5
7364,13,182,14,1,3,3,51,50,180,300,1,5
7365,8,108,8,1,3,3,6,62,180,300,2,5
7366,1,153,2,2,3,3,45,76,60,180,2,5
7367,6,155,6,2,3,2,33,92,180,300,3,5
7368,12,103,12,2,3,2,86,33,180,300,2,5
7369,11,110,11,2,3,2,18,9,180,300,2,5
7370,2,143,2,1,3,1,52,85,180,300,3,5
7371,7,346,7,2,3,1,18,41,420,540,3,5
7372,8,268,8,2,3,3,46,96,300,600,2,5
7373,4,416,4,2,3,3,92,67,420,540,4,5
7374,5,276,5,2,3,3,54,31,420,540,1,5
7375,11,317,11,2,3,1,44,83,420,540,4,5
7376,10,33,10,2,3,3,72,12,60,180,4,5
7377,4,258,4,2,3,1,94,88,420,540,3,5
7378,9,357,10,1,3,2,91,59,60,180,1,5
7379,14,196,14,2,3,1,96,99,300,600,3,5
7380,6,298,6,2,3,2,48,5,300,420,1,5
7381,3,166,4,2,3,2,96,24,0,300,4,5
7382,8,219,8,2,3,1,74,4,420,540,1,5
7383,2,134,2,2,3,3,91,19,300,600,3,5
7384,1,330,1,2,3,1,87,98,420,540,4,5
7385,12,359,12,2,3,1,87,43,420,540,3,5
7386,10,586,11,2,3,3,22,92,420,540,4,5
7387,3,117,4,1,3,2,34,61,180,300,2,5
7388,1,197,1,2,3,1,35,72,300,420,4,5
7389,4,293,4,2,3,3,97,49,300,600,4,5
7390,12,250,12,2,3,1,26,87,420,540,3,5
7391,11,563,13,2,3,1,41,91,180,300,4,5
7392,5,599,6,1,3,3,75,21,180,300,2,5
7393,2,284,3,1,3,1,45,30,180,300,2,5
7394,7,97,8,2,3,3,27,10,300,420,1,5
7395,11,151,11,1,3,1,35,29,180,300,3,5
7396,3,287,3,2,3,2,83,84,420,540,3,5
7397,5,596,7,1,3,1,44,59,180,300,1,5
7398,4,213,5,1,3,2,46,44,60,180,1,5
7399,5,584,7,1,3,2,65,46,180,300,2,5
7400,9,348,9,2,3,3,7,98,420,540,3,5
7401,14,125,16,2,3,2,26,97,0,300,3,5
7402,7,73,8,2,3,1,34,75,300,600,4,5
7403,10,597,12,1,3,2,55,97,60,180,4,5
7404,13,581,15,1,3,3,25,90,60,180,4,5
7405,11,96,11,1,3,3,66,47,180,300,1,5
7406,14,132,14,2,3,1,79,66,300,420,1,5
7407,12,57,13,2,3,3,1,38,420,540,1,5
7408,14,445,15,1,3,2,71,29,180,300,4,5
7409,6,333,6,2,3,1,76,21,420,540,3,5
7410,8,462,10,1,3,1,54,11,180,300,4,5
7411,6,552,8,1,3,1,2,27,0,300,4,5
7412,11,377,11,2,3,3,51,55,420,540,4,5
7413,14,145,14,2,3,3,31,21,300,420,3,5
7414,12,236,13,2,3,3,74,52,300,600,1,5
7415,10,567,12,2,3,2,35,83,300,420,4,5
7416,9,279,9,2,3,1,4,8,420,540,1,5
7417,5,494,6,1,3,1,20,17,60,180,4,5
7418,9,543,11,1,3,3,35,96,60,180,1,5
7419,8,436,9,1,3,2,85,52,0,300,3,5
7420,9,231,10,1,3,3,17,10,0,300,1,5
7421,9,458,10,1,3,1,27,69,180,300,2,5
7422,1,420,1,2,3,1,87,16,420,540,1,5
7423,12,583,14,1,3,1,35,20,180,300,2,5
7424,4,458,5,1,3,3,33,15,180,300,2,5
7425,8,197,9,1,3,3,46,19,0,300,3,5
7426,3,164,3,1,3,2,45,85,180,300,2,5
7427,11,51,12,1,3,1,89,4,180,300,4,5
7428,3,6,3,1,3,1,86,77,60,180,4,5
7429,13,111,14,1,3,3,5,100,0,300,2,5
7430,13,574,15,1,3,1,12,94,180,300,2,5
7431,13,116,13,2,3,3,49,14,420,540,1,5
7432,11,16,12,1,3,3,68,29,180,300,2,5
7433,7,506,8,1,3,2,94,10,180,300,1,5
7434,8,244,8,2,3,1,38,46,420,540,3,5
7435,11,241,11,2,3,3,26,96,300,600,3,5
7436,13,536,14,1,3,2,4,26,60,180,1,5
7437,6,52,6,1,3,3,81,89,60,180,4,5
7438,13,45,13,2,3,3,97,44,60,180,4,5
7439,14,268,14,2,3,2,1,53,300,600,4,5
7440,4,369,5,1,3,2,65,4,60,180,4,5
7441,8,456,10,2,3,2,17,15,60,180,4,5
7442,10,302,11,2,3,3,69,69,180,300,4,5
7443,11,445,13,1,3,2,55,22,60,180,2,5
7444,4,448,6,2,3,3,21,55,60,180,3,5
7445,10,45,11,1,3,2,7,30,0,300,3,5
7446,12,412,12,2,3,2,19,44,420,540,2,5
7447,12,34,13,1,3,1,53,62,0,300,3,5
7448,2,428,4,1,3,2,32,11,180,300,1,5
7449,11,595,13,2,3,2,0,6,420,540,3,5
7450,4,268,5,2,3,1,81,97,60,180,4,5
7451,1,412,2,1,3,1,12,31,180,300,1,5
7452,4,538,6,1,3,2,0,50,60,180,2,5
7453,6,62,6,2,3,1,89,38,420,540,4,5
7454,4,442,6,1,3,1,41,13,60,180,1,5
7455,13,90,14,1,3,1,66,82,60,180,1,5
7456,3,227,3,2,3,3,73,52,420,540,4,5
7457,11,581,12,1,3,2,26,32,0,300,2,5
7458,11,53,11,1,3,1,16,54,60,180,4,5
7459,11,186,11,2,3,3,24,84,300,600,1,5
7460,9,159,10,2,3,2,28,84,0,300,1,5
7461,13,139,13,1,3,2,51,40,180,300,1,5
7462,7,581,8,1,3,2,87,26,0,300,2,5
7463,1,487,3,1,3,2,97,76,60,180,2,5
7464,6,402,6,2,3,3,29,3,420,540,3,5
7465,7,266,7,2,3,2,11,50,420,540,1,5
7466,12,552,14,2,3,3,14,70,300,420,3,5
7467,11,531,12,1,3,2,25,65,60,180,4,5
7468,11,439,12,1,3,1,35,88,0,300,1,5
7469,4,532,6,1,3,2,42,71,180,300,1,5
7470,13,437,15,2,3,2,54,73,420,540,4,5
7471,1,363,2,1,3,3,71,2,60,180,3,5
7472,4,98,5,1,3,3,47,47,0,300,2,5
7473,6,386,6,2,3,3,63,94,420,540,2,5
7474,6,233,6,2,3,3,28,71,420,540,4,5
7475,5,97,5,2,3,2,66,43,300,600,4,5
7476,2,369,2,2,3,2,90,88,420,540,3,5
7477,11,129,12,1,3,3,75,40,0,300,1,5
7478,12,285,12,2,3,3,29,21,420,540,3,5
7479,4,507,5,2,3,3,35,50,180,300,1,5
7480,3,321,4,1,3,3,13,26,180,300,1,5
7481,9,180,9,1,3,2,27,77,180,300,4,5
7482,4,37,4,1,3,2,69,91,60,180,3,5
7483,12,109,12,2,3,3,39,25,420,540,3,5
7484,10,136,11,1,3,2,62,35,60,180,1,5
7485,10,201,10,2,3,1,8,7,300,420,2,5
7486,2,152,2,1,3,1,83,98,180,300,4,5
7487,11,96,12,2,3,3,64,32,300,420,4,5
7488,5,285,5,2,3,3,79,53,420,540,1,5
7489,5,326,6,1,3,3,59,13,60,180,1,5
7490,2,280,2,2,3,2,82,99,300,420,3,5
7491,6,557,7,1,3,3,80,22,180,300,4,5
7492,6,95,8,1,3,2,5,4,0,300,3,5
7493,11,147,12,2,3,3,92,1,180,300,4,5
7494,4,25,5,1,3,3,24,91,180,300,3,5
7495,7,178,8,2,3,2,10,1,300,600,2,5
7496,6,108,6,1,3,2,30,74,180,300,2,5
7497,12,82,12,1,3,3,60,56,180,300,4,5
7498,10,463,11,1,3,3,17,62,0,300,4,5
7499,9,147,9,1,3,3,59,52,180,300,3,5
7500,6,259,6,2,3,1,16,89,420,540,1,5
7501,1,419,2,1,3,3,28,20,60,180,4,5
7502,14,402,15,1,3,2,52,8,0,300,2,5
7503,12,533,13,2,3,3,93,63,300,420,2,5
7504,6,430,7,1,3,3,96,89,0,300,2,5
7505,6,114,8,1,3,2,6,35,60,180,4,5
7506,4,260,4,2,3,1,34,31,420,540,1,5
7507,5,469,7,1,3,2,69,73,180,300,2,5
7508,10,94,11,1,3,3,28,1,60,180,2,5
7509,9,138,9,1,3,1,16,80,180,300,1,5
7510,6,452,7,2,3,3,20,18,60,180,3,5
7511,12,317,12,2,3,1,59,64,420,540,4,5
7512,6,47,7,2,3,3,16,96,300,600,3,5
7513,13,207,13,2,3,1,86,94,300,420,1,5
7514,4,14,5,1,3,2,39,21,180,300,3,5
7515,4,307,4,2,3,1,81,6,420,540,1,5
7516,7,352,8,1,3,2,54,36,0,300,1,5
7517,11,102,12,1,3,2,40,71,180,300,1,5
7518,11,432,13,1,3,3,73,34,60,180,3,5
7519,12,439,13,2,3,3,0,92,300,420,3,5
7520,12,39,12,1,3,1,55,33,60,180,2,5
7521,13,543,14,1,3,2,41,3,60,180,2,5
7522,13,458,15,2,3,1,81,0,60,180,2,5
7523,14,37,14,2,3,2,44,37,420,540,2,5
7524,4,411,4,2,3,3,87,78,420,540,2,5
7525,13,441,14,1,3,2,41,21,60,180,3,5
7526,3,267,4,1,3,1,14,48,60,180,4,5
7527,2,496,4,1,3,1,20,8,0,300,3,5
7528,10,411,10,2,3,2,8,63,420,540,3,5
7529,12,22,12,2,3,1,87,31,180,300,1,5
7530,2,278,2,2,3,3,93,51,420,540,3,5
7531,10,383,11,2,3,2,54,15,60,180,4,5
7532,12,218,13,1,3,1,86,36,0,300,2,5
7533,2,210,2,2,3,1,58,65,420,540,1,5
7534,9,496,11,1,3,2,81,57,180,300,1,5
7535,14,158,14,1,3,2,62,57,180,300,4,5
7536,1,578,3,1,3,3,39,86,60,180,4,5
7537,3,458,4,1,3,2,89,9,60,180,4,5
7538,1,190,1,2,3,2,79,19,300,600,3,5
7539,8,567,9,1,3,3,16,31,0,300,1,5
7540,6,126,7,2,3,3,47,60,60,180,3,5
7541,6,30,6,1,3,2,69,97,60,180,1,5
7542,6,353,7,2,3,2,70,51,300,600,3,5
7543,8,354,9,1,3,1,50,99,0,300,2,5
7544,9,278,9,2,3,3,10,50,420,540,4,5
7545,2,244,3,1,3,2,59,7,60,180,4,5
7546,4,404,6,1,3,3,50,21,60,180,4,5
7547,12,89,12,2,3,2,88,19,420,540,2,5
7548,4,579,5,1,3,2,10,51,0,300,3,5
7549,6,449,8,1,3,2,99,60,0,300,3,5
7550,9,11,9,1,3,2,72,37,60,180,3,5
7551,6,280,7,1,3,2,78,57,180,300,3,5
7552,1,91,1,1,3,2,11,60,180,300,3,5
7553,10,148,11,1,3,3,46,31,60,180,1,5
7554,8,68,9,1,3,3,35,77,60,180,3,5
7555,10,473,11,1,3,1,31,54,180,300,3,5
7556,6,169,7,1,3,3,17,65,180,300,2,5
7557,14,526,16,1,3,2,76,15,180,300,2,5
7558,2,93,2,1,3,1,63,99,180,300,3,5
7559,5,17,5,2,3,2,93,48,420,540,4,5
7560,6,283,7,1,3,3,30,83,60,180,4,5
7561,4,452,5,1,3,3,57,63,180,300,3,5
7562,14,93,14,1,3,3,54,9,180,300,3,5
7563,10,397,10,2,3,1,3,5,420,540,1,5
7564,2,68,3,2,3,3,45,96,300,420,4,5
7565,6,550,8,2,3,2,89,53,60,180,4,5
7566,12,180,14,1,3,3,26,16,60,180,3,5
7567,6,344,6,2,3,1,29,78,420,540,2,5
7568,10,360,10,2,3,3,88,81,420,540,1,5
7569,9,245,9,2,3,1,0,7,300,600,2,5
7570,5,269,5,2,3,2,10,14,420,540,1,5
7571,2,376,2,2,3,2,72,68,420,540,2,5
7572,7,17,8,1,3,2,76,75,60,180,3,5
7573,4,395,4,2,3,3,80,30,420,540,2,5
7574,9,575,10,2,3,1,48,33,180,300,2,5
7575,11,525,12,2,3,1,76,73,180,300,4,5
7576,12,1,13,2,3,1,80,89,180,300,3,5
7577,14,503,15,2,3,1,81,9,0,300,4,5
7578,4,81,4,1,3,2,57,52,180,300,3,5
7579,1,323,2,1,3,3,80,54,0,300,2,5
7580,4,597,5,1,3,2,12,5,60,180,3,5
7581,9,342,10,1,3,3,63,74,60,180,1,5
7582,8,145,8,1,3,3,73,35,180,300,1,5
7583,11,125,11,1,3,3,19,46,180,300,3,5
7584,14,67,14,1,3,1,71,37,180,300,2,5
7585,11,87,12,2,3,2,53,17,420,540,2,5
7586,13,11,13,1,3,2,17,39,60,180,3,5
7587,3,461,4,1,3,2,48,70,60,180,1,5
7588,13,549,15,1,3,3,62,8,60,180,4,5
7589,12,337,12,2,3,3,78,24,420,540,2,5
7590,10,463,11,1,3,1,19,4,180,300,2,5
7591,7,31,7,1,3,3,18,85,60,180,3,5
7592,1,196,1,2,3,3,75,52,300,420,1,5
7593,8,515,9,1,3,3,13,30,180,300,2,5
7594,7,119,7,1,3,2,26,74,180,300,2,5
7595,4,236,4,2,3,3,95,66,420,540,1,5
7596,3,145,3,2,3,2,91,69,300,420,4,5
7597,10,557,12,1,3,2,44,97,180,300,2,5
7598,6,5,7,1,3,3,35,67,180,300,1,5
7599,3,159,3,2,3,1,77,66,420,540,2,5
7600,8,593,9,2,3,3,41,22,60,180,4,5
7601,3,3,3,2,3,3,99,8,420,540,3,5
7602,3,305,3,2,3,2,95,95,420,540,3,5
7603,8,175,9,1,3,3,69,33,180,300,3,5
7604,8,119,8,2,3,2,65,65,180,300,1,5
7605,4,111,4,2,3,3,3,9,420,540,3,5
7606,6,69,6,1,3,3,76,2,180,300,2,5
7607,4,362,4,2,3,1,43,88,420,540,2,5
7608,8,537,10,1,3,1,58,93,180,300,4,5
7609,11,103,12,1,3,2,72,70,60,180,2,5
7610,11,463,12,1,3,2,99,22,180,300,1,5
7611,12,464,13,2,3,3,15,28,300,420,3,5
7612,12,358,13,2,3,2,11,51,0,300,2,5
7613,1,224,1,2,3,3,36,46,420,540,2,5
7614,9,525,10,1,3,1,17,50,180,300,2,5
7615,4,6,4,1,3,2,67,88,60,180,3,5
7616,4,263,4,2,3,2,20,80,300,600,1,5
7617,4,374,5,1,3,1,8,74,180,300,1,5
7618,8,75,8,1,3,1,100,100,180,300,3,5
7619,4,12,4,2,3,1,97,33,180,300,4,5
7620,3,136,3,1,3,1,20,97,180,300,4,5
7621,13,142,14,2,3,2,18,43,60,180,4,5
7622,6,61,6,1,3,3,37,86,180,300,4,5
7623,4,312,5,2,3,3,74,55,420,540,3,5
7624,11,9,12,2,3,1,71,0,0,300,4,5
7625,5,447,7,1,3,3,86,64,180,300,2,5
7626,9,188,9,2,3,1,32,55,300,420,4,5
7627,14,545,15,1,3,1,54,15,180,300,1,5
7628,3,509,4,1,3,2,11,84,60,180,3,5
7629,1,537,3,1,3,2,90,46,0,300,2,5
7630,7,63,9,1,3,3,66,8,60,180,4,5
7631,4,513,5,1,3,3,7,83,60,180,2,5
7632,14,514,15,1,3,1,34,80,180,300,4,5
7633,14,372,14,2,3,1,49,7,420,540,3,5
7634,3,471,5,2,3,3,87,7,180,300,2,5
7635,1,8,1,1,3,1,35,58,60,180,2,5
7636,9,532,11,1,3,3,68,41,180,300,3,5
7637,1,165,1,1,3,1,76,15,180,300,2,5
7638,7,237,8,1,3,2,31,53,60,180,1,5
7639,12,8,12,1,3,3,94,93,60,180,3,5
7640,5,147,5,2,3,3,1,56,420,540,2,5
7641,2,329,2,2,3,1,90,55,420,540,1,5
7642,1,63,1,2,3,2,40,43,420,540,2,5
7643,7,327,9,2,3,1,54,56,180,300,2,5
7644,5,226,6,1,3,2,83,78,0,300,4,5
7645,3,209,4,2,3,3,94,61,180,300,3,5
7646,12,275,12,2,3,3,10,14,420,540,4,5
7647,11,247,11,2,3,3,40,11,300,420,3,5
7648,11,83,11,2,3,2,48,67,180,300,2,5
7649,11,224,11,2,3,2,75,87,420,540,3,5
7650,1,110,3,1,3,2,2,54,0,300,2,5
7651,3,416,3,2,3,2,52,88,420,540,2,5
7652,6,270,7,2,3,2,48,1,180,300,4,5
7653,7,39,8,2,3,2,19,40,180,300,2,5
7654,14,435,16,1,3,3,19,4,60,180,1,5
7655,12,566,13,1,3,2,7,23,0,300,4,5
7656,12,422,13,1,3,3,58,53,180,300,1,5
7657,3,472,5,1,3,1,71,0,0,300,2,5
7658,10,316,11,1,3,1,80,80,180,300,3,5
7659,1,1,1,2,3,1,64,100,420,540,2,5
7660,11,9,12,1,3,2,93,59,0,300,3,5
7661,1,544,3,1,3,3,85,2,180,300,3,5
7662,10,583,11,1,3,1,79,9,0,300,3,5
7663,12,589,13,2,3,2,34,20,300,420,3,5
7664,6,261,7,1,3,1,8,3,60,180,1,5
7665,7,223,7,2,3,1,67,1,420,540,4,5
7666,5,431,6,1,3,1,94,18,180,300,3,5
7667,6,144,7,2,3,3,5,13,0,300,4,5
7668,6,291,7,1,3,1,32,49,180,300,2,5
7669,4,459,5,2,3,3,93,29,0,300,1,5
7670,4,261,4,2,3,3,23,76,420,540,2,5
7671,8,136,10,1,3,2,37,64,60,180,1,5
7672,5,111,5,1,3,3,58,4,180,300,3,5
7673,6,23,7,2,3,2,19,79,180,300,3,5
7674,9,102,9,1,3,1,11,80,180,300,4,5
7675,12,319,12,2,3,1,9,73,420,540,4,5
7676,3,369,3,2,3,1,86,63,420,540,1,5
7677,14,446,15,2,3,2,13,78,180,300,4,5
7678,11,221,11,2,3,3,81,49,420,540,2,5
7679,14,574,16,1,3,3,89,7,180,300,1,5
7680,7,190,8,2,3,2,10,85,60,180,1,5
7681,7,279,7,2,3,1,40,96,420,540,4,5
7682,2,551,4,2,3,2,11,34,0,300,2,5
7683,3,66,4,2,3,2,99,48,420,540,1,5
7684,10,95,12,1,3,1,100,22,60,180,2,5
7685,9,543,11,1,3,3,47,68,60,180,2,5
7686,14,451,16,1,3,1,57,96,60,180,3,5
7687,1,265,2,2,3,1,95,71,180,300,2,5
7688,10,480,12,2,3,1,79,89,0,300,2,5
7689,1,268,1,2,3,2,84,76,300,600,3,5
7690,3,494,4,2,3,2,81,94,180,300,4,5
7691,7,432,9,1,3,2,11,94,180,300,2,5
7692,11,405,11,2,3,3,79,87,420,540,2,5
7693,6,330,6,2,3,1,71,0,420,540,1,5
7694,6,226,6,2,3,1,45,38,300,600,4,5
7695,5,113,7,1,3,2,96,26,180,300,1,5
7696,5,486,7,1,3,2,100,23,180,300,1,5
7697,3,492,5,1,3,2,1,50,60,180,4,5
7698,14,471,16,1,3,1,66,83,60,180,1,5
7699,13,268,13,2,3,1,20,26,420,540,3,5
7700,4,399,4,2,3,3,76,26,420,540,4,5
7701,4,311,5,1,3,3,5,63,180,300,3,5
7702,3,385,3,2,3,3,6,24,420,540,3,5
7703,1,451,3,1,3,1,69,36,60,180,4,5
7704,4,597,5,1,3,1,91,34,60,180,1,5
7705,13,182,14,1,3,2,42,31,0,300,3,5
7706,9,134,9,1,3,1,3,64,180,300,2,5
7707,14,39,14,1,3,1,50,61,60,180,1,5
7708,10,383,10,2,3,3,96,94,420,540,2,5
7709,3,10,3,2,3,2,81,18,0,300,2,5
7710,2,455,4,1,3,3,13,84,180,300,3,5
7711,12,540,13,1,3,1,69,9,180,300,4,5
7712,4,285,5,1,3,1,3,46,0,300,1,5
7713,10,75,10,2,3,3,12,80,300,600,3,5
7714,14,402,15,1,3,2,83,62,60,180,4,5
7715,7,311,8,2,3,2,17,5,0,300,1,5
7716,9,135,9,2,3,3,40,3,420,540,3,5
7717,2,216,3,1,3,3,51,4,60,180,1,5
7718,12,474,13,1,3,2,21,46,180,300,2,5
7719,5,551,7,1,3,1,55,18,0,300,4,5
7720,9,15,9,2,3,2,53,2,0,300,2,5
7721,14,485,16,1,3,2,56,57,60,180,1,5
7722,14,346,14,2,3,3,100,23,420,540,3,5
7723,11,151,12,2,3,3,61,31,420,540,1,5
7724,12,401,13,1,3,1,44,58,180,300,1,5
7725,6,199,6,2,3,3,19,49,420,540,3,5
7726,2,15,2,1,3,2,56,92,60,180,3,5
7727,10,382,10,2,3,2,49,31,420,540,1,5
7728,4,559,5,1,3,3,32,37,60,180,3,5
7729,14,569,16,2,3,3,36,12,420,540,1,5
7730,7,506,9,1,3,3,14,10,60,180,3,5
7731,10,504,11,1,3,2,48,6,60,180,4,5
7732,5,249,5,2,3,1,4,100,420,540,2,5
7733,12,498,13,1,3,3,95,58,180,300,4,5
7734,6,436,7,2,3,2,50,30,180,300,4,5
7735,2,428,3,2,3,1,96,48,180,300,4,5
7736,8,375,9,2,3,3,14,18,420,540,2,5
7737,3,328,3,2,3,3,69,74,420,540,1,5
7738,6,431,8,1,3,2,15,46,180,300,4,5
7739,6,191,6,2,3,1,2,75,300,420,1,5
7740,7,335,7,2,3,3,0,32,420,540,4,5
7741,9,55,9,2,3,3,40,50,300,600,2,5
7742,8,354,9,2,3,2,93,38,300,420,2,5
7743,14,374,14,2,3,3,66,5,420,540,4,5
7744,11,64,11,1,3,2,56,44,180,300,4,5
7745,4,179,5,2,3,1,95,18,180,300,2,5
7746,2,218,2,2,3,3,81,53,420,540,4,5
7747,5,308,5,2,3,1,77,88,420,540,1,5
7748,7,38,8,1,3,1,54,13,60,180,2,5
7749,14,176,14,1,3,3,50,28,180,300,3,5
7750,9,591,11,1,3,1,10,54,60,180,3,5
7751,3,179,3,1,3,3,87,73,180,300,1,5
7752,5,98,6,1,3,1,82,13,180,300,4,5
7753,3,600,5,1,3,2,55,67,180,300,3,5
7754,1,477,2,1,3,2,56,100,0,300,1,5
7755,13,203,14,1,3,2,48,87,0,300,3,5
7756,7,291,8,1,3,2,5,0,60,180,2,5
7757,4,320,4,2,3,1,40,40,420,540,1,5
7758,3,313,3,2,3,3,19,47,420,540,3,5
7759,1,16,1,1,3,2,47,16,60,180,3,5
7760,7,2,8,1,3,2,72,49,60,180,4,5
7761,1,578,3,2,3,3,33,80,180,300,3,5
7762,12,318,13,1,3,1,45,5,60,180,3,5
7763,7,70,7,2,3,1,54,28,300,420,4,5
7764,2,497,4,1,3,1,92,39,60,180,2,5
7765,14,70,14,1,3,3,23,48,180,300,2,5
7766,14,530,15,1,3,1,16,27,180,300,3,5
7767,8,593,9,2,3,1,11,58,180,300,3,5
7768,3,60,3,1,3,3,84,78,180,300,2,5
7769,10,203,10,2,3,3,16,3,300,600,2,5
7770,12,206,12,2,3,1,24,51,420,540,1,5
7771,11,83,11,2,3,1,9,55,300,420,4,5
7772,4,454,6,2,3,1,89,74,420,540,1,5
7773,10,168,10,2,3,2,75,54,420,540,2,5
7774,10,199,11,1,3,1,21,20,0,300,1,5
7775,6,87,7,1,3,3,26,61,0,300,4,5
7776,1,459,3,2,3,2,19,31,0,300,2,5
7777,14,70,14,1,3,1,18,32,180,300,2,5
7778,3,92,4,1,3,3,83,56,0,300,1,5
7779,11,141,11,2,3,2,28,47,180,300,4,5
7780,9,18,10,1,3,3,17,34,0,300,2,5
7781,12,360,12,2,3,3,91,60,420,540,2,5
7782,6,172,6,1,3,2,79,93,180,300,4,5
7783,7,85,7,1,3,2,11,1,180,300,3,5
7784,6,421,7,2,3,3,44,12,420,540,3,5
7785,9,563,10,1,3,3,99,13,0,300,1,5
7786,3,444,4,1,3,3,37,0,0,300,4,5
7787,11,207,11,2,3,3,6,100,300,600,1,5
7788,2,435,3,2,3,3,47,94,60,180,1,5
7789,9,81,9,1,3,1,90,76,180,300,1,5
7790,7,542,8,1,3,3,68,48,180,300,4,5
7791,2,526,4,2,3,3,30,5,0,300,2,5
7792,6,590,7,1,3,2,66,92,60,180,3,5
7793,14,6,14,2,3,2,93,31,420,540,1,5
7794,11,185,11,2,3,3,97,28,300,420,1,5
7795,13,400,13,2,3,2,12,39,420,540,4,5
7796,12,444,14,1,3,1,16,32,60,180,1,5
7797,9,180,10,1,3,3,42,40,60,180,2,5
7798,8,370,8,2,3,1,1,16,420,540,4,5
7799,12,330,12,2,3,2,40,26,420,540,2,5
7800,3,544,4,2,3,2,32,58,180,300,3,5
7801,11,111,11,1,3,1,37,90,180,300,4,5
7802,3,326,3,2,3,1,34,78,420,540,4,5
7803,7,435,9,1,3,2,82,74,0,300,3,5
7804,5,233,5,2,3,1,2,77,300,600,3,5
7805,13,106,13,1,3,1,27,87,180,300,4,5
7806,4,306,5,1,3,1,58,74,180,300,2,5
7807,8,301,8,2,3,2,18,70,420,540,2,5
7808,5,265,5,2,3,1,34,67,420,540,1,5
7809,12,100,12,1,3,2,2,6,180,300,4,5
7810,3,360,4,1,3,2,42,22,60,180,3,5
7811,8,312,8,2,3,3,62,34,420,540,2,5
7812,5,576,6,1,3,2,86,5,60,180,3,5
7813,12,442,14,1,3,3,59,14,0,300,4,5
7814,9,344,9,2,3,1,18,62,420,540,3,5
7815,7,257,7,2,3,2,42,6,300,600,3,5
7816,5,326,5,2,3,2,67,45,420,540,4,5
7817,3,149,4,1,3,1,48,43,180,300,1,5
7818,5,126,5,1,3,2,16,94,180,300,3,5
7819,6,431,7,1,3,2,78,15,0,300,3,5
7820,11,23,11,1,3,2,79,40,60,180,4,5
7821,14,578,15,1,3,2,100,97,60,180,3,5
7822,1,301,2,1,3,1,50,47,180,300,4,5
7823,1,138,2,1,3,1,11,98,180,300,4,5
7824,4,408,4,2,3,3,46,35,420,540,4,5
7825,11,69,12,2,3,2,64,37,180,300,3,5
7826,3,32,3,1,3,3,42,69,60,180,1,5
7827,14,75,14,1,3,2,23,44,180,300,3,5
7828,4,484,5,1,3,1,92,70,60,180,2,5
7829,1,35,1,1,3,2,65,93,60,180,3,5
7830,14,370,14,2,3,1,89,29,420,540,3,5
7831,3,338,5,2,3,1,87,75,0,300,1,5
7832,7,248,7,2,3,3,36,94,420,540,4,5
7833,1,287,1,2,3,2,26,41,420,540,4,5
7834,13,530,14,1,3,1,95,29,0,300,3,5
7835,1,518,2,1,3,3,40,73,0,300,3,5
7836,12,192,14,2,3,3,15,23,0,300,2,5
7837,1,160,1,1,3,3,42,29,180,300,1,5
7838,10,352,10,2,3,2,18,28,420,540,2,5
7839,5,567,7,1,3,2,7,16,60,180,2,5
7840,8,3,9,1,3,2,30,80,0,300,1,5
7841,12,34,12,2,3,3,15,21,420,540,2,5
7842,4,36,5,1,3,3,27,39,0,300,1,5
7843,5,347,5,2,3,3,70,84,420,540,4,5
7844,12,502,13,1,3,2,3,23,0,300,1,5
7845,6,236,6,2,3,2,30,81,420,540,4,5
7846,9,283,10,1,3,1,18,73,0,300,4,5
7847,5,49,5,1,3,3,10,2,60,180,2,5
7848,8,596,9,2,3,3,87,41,180,300,3,5
7849,13,30,13,1,3,1,37,76,60,180,1,5
7850,10,207,11,1,3,1,33,24,180,300,1,5
7851,5,224,6,1,3,1,16,63,60,180,4,5
7852,2,550,4,2,3,3,67,65,420,540,1,5
7853,3,581,5,1,3,2,56,46,60,180,1,5
7854,10,67,10,2,3,2,6,24,180,300,1,5
7855,7,18,7,1,3,2,58,20,60,180,1,5
7856,11,591,12,2,3,3,22,30,0,300,4,5
7857,7,433,8,2,3,1,100,80,180,300,3,5
7858,13,90,13,1,3,3,47,2,180,300,4,5
7859,12,587,14,1,3,3,59,24,60,180,3,5
7860,12,52,12,1,3,2,9,100,60,180,2,5
7861,3,63,4,1,3,2,81,2,0,300,4,5
7862,2,548,3,2,3,2,98,94,420,540,1,5
7863,9,358,9,2,3,3,84,96,420,540,3,5
7864,6,39,6,2,3,2,26,88,60,180,3,5
7865,13,502,14,2,3,2,53,10,420,540,1,5
7866,1,529,3,1,3,2,12,64,0,300,3,5
7867,12,360,12,2,3,3,16,75,420,540,1,5
7868,12,291,12,2,3,1,6,60,420,540,1,5
7869,2,499,4,1,3,1,76,75,60,180,3,5
7870,7,436,9,2,3,2,37,64,420,540,1,5
7871,14,215,15,1,3,2,13,86,180,300,4,5
7872,1,272,1,2,3,1,34,90,300,420,1,5
7873,13,48,15,2,3,3,14,53,180,300,2,5
7874,4,387,5,1,3,3,80,75,60,180,2,5
7875,12,426,14,1,3,2,9,21,0,300,4,5
7876,2,115,2,1,3,1,27,64,180,300,1,5
7877,1,372,1,2,3,2,27,60,420,540,3,5
7878,1,404,1,2,3,2,23,29,420,540,4,5
7879,13,316,13,2,3,1,1,7,420,540,4,5
7880,2,32,2,1,3,3,33,63,60,180,1,5
7881,7,258,8,2,3,2,44,49,300,420,2,5
7882,12,92,12,1,3,3,0,18,180,300,1,5
7883,7,144,8,1,3,3,0,54,0,300,2,5
7884,11,392,12,1,3,2,68,99,180,300,3,5
7885,1,528,2,2,3,1,61,10,0,300,3,5
7886,3,321,4,2,3,2,26,58,60,180,4,5
7887,1,487,3,2,3,2,29,40,300,420,1,5
7888,11,371,11,2,3,3,78,50,420,540,1,5
7889,4,555,5,1,3,1,88,16,0,300,3,5
7890,6,492,8,2,3,3,51,56,420,540,1,5
7891,2,37,2,1,3,3,98,37,60,180,2,5
7892,14,475,15,2,3,1,90,41,420,540,3,5
7893,5,517,7,1,3,1,81,47,0,300,3,5
7894,1,542,3,2,3,1,13,67,420,540,1,5
7895,11,267,12,2,3,3,20,72,0,300,2,5
7896,12,438,14,1,3,3,11,55,180,300,2,5
7897,4,107,4,2,3,1,69,31,420,540,2,5
7898,5,301,5,2,3,3,64,34,420,540,1,5
7899,8,285,9,1,3,1,57,100,180,300,2,5
7900,12,481,13,2,3,2,9,64,60,180,4,5
7901,6,392,6,2,3,1,58,67,420,540,2,5
7902,2,298,3,1,3,1,49,63,180,300,3,5
7903,3,370,4,1,3,1,13,4,180,300,4,5
7904,1,330,2,1,3,3,81,66,60,180,1,5
7905,6,74,7,1,3,3,67,41,60,180,3,5
7906,3,262,4,1,3,1,3,27,180,300,3,5
7907,14,593,15,1,3,3,60,61,60,180,2,5
7908,4,427,5,1,3,1,18,40,180,300,3,5
7909,11,600,13,2,3,2,91,49,300,600,2,5
7910,6,263,6,2,3,2,34,34,420,540,4,5
7911,3,338,3,2,3,3,70,92,420,540,2,5
7912,4,453,5,1,3,3,33,14,60,180,3,5
7913,6,273,6,2,3,3,52,3,420,540,1,5
7914,14,472,16,1,3,1,56,92,0,300,1,5
7915,1,452,2,1,3,3,84,44,180,300,2,5
7916,3,109,3,2,3,3,44,51,300,600,4,5
7917,8,172,9,1,3,3,100,90,0,300,4,5
7918,14,229,16,1,3,2,34,10,0,300,2,5
7919,10,444,11,1,3,2,27,25,60,180,4,5
7920,3,521,4,1,3,3,64,30,0,300,2,5
7921,5,143,6,1,3,1,72,99,180,300,4,5
7922,6,291,6,2,3,2,32,17,300,600,3,5
7923,10,211,11,1,3,3,54,60,0,300,4,5
7924,9,578,11,1,3,2,83,85,0,300,3,5
7925,11,441,13,2,3,2,73,24,420,540,1,5
7926,12,316,12,2,3,3,56,54,420,540,4,5
7927,9,84,10,2,3,2,95,6,0,300,2,5
7928,2,530,3,1,3,3,79,74,0,300,4,5
7929,8,3,8,1,3,1,45,18,60,180,3,5
7930,11,271,11,2,3,2,40,90,420,540,1,5
7931,5,41,6,1,3,2,46,38,180,300,2,5
7932,1,60,3,2,3,2,37,41,60,180,4,5
7933,12,177,12,2,3,3,21,85,180,300,4,5
7934,13,310,13,2,3,3,13,91,420,540,3,5
7935,7,215,7,2,3,2,36,98,420,540,3,5
7936,5,594,7,1,3,1,2,51,180,300,4,5
7937,8,196,9,1,3,3,95,66,180,300,2,5
7938,8,136,9,1,3,3,80,23,0,300,3,5
7939,5,202,5,2,3,2,51,69,300,600,4,5
7940,10,574,12,1,3,3,52,68,0,300,2,5
7941,5,597,6,2,3,1,61,42,420,540,3,5
7942,7,121,7,1,3,2,5,92,180,300,4,5
7943,14,173,14,2,3,1,1,6,180,300,2,5
7944,7,90,7,2,3,1,3,65,180,300,4,5
7945,8,334,9,2,3,2,27,95,180,300,1,5
7946,8,563,9,1,3,3,57,83,60,180,1,5
7947,8,523,9,2,3,3,76,14,180,300,1,5
7948,6,157,6,1,3,1,71,40,180,300,2,5
7949,4,5,5,1,3,3,47,17,0,300,2,5
7950,5,189,5,2,3,2,37,12,300,420,2,5
7951,5,85,5,2,3,3,26,38,180,300,2,5
7952,5,264,5,2,3,2,8,88,300,600,1,5
7953,10,243,10,2,3,2,90,92,300,600,1,5
7954,11,105,12,2,3,2,57,1,420,540,4,5
7955,1,225,1,2,3,1,42,7,300,600,2,5
7956,9,25,10,2,3,2,17,94,300,600,3,5
7957,11,283,11,2,3,2,56,72,420,540,1,5
7958,7,580,9,2,3,2,66,0,60,180,2,5
7959,10,186,10,2,3,2,65,11,300,600,2,5
7960,2,28,2,1,3,1,84,23,60,180,3,5
7961,14,93,15,1,3,1,37,83,60,180,3,5
7962,11,109,12,1,3,1,20,32,0,300,3,5
7963,1,34,2,2,3,3,50,68,60,180,2,5
7964,11,248,11,2,3,2,22,39,300,600,4,5
7965,10,458,12,1,3,1,45,88,0,300,2,5
7966,7,339,7,2,3,1,46,22,420,540,1,5
7967,13,374,15,1,3,3,90,2,60,180,2,5
7968,13,16,13,1,3,2,33,73,60,180,3,5
7969,2,440,4,1,3,2,65,54,60,180,1,5
7970,7,433,8,1,3,1,44,25,60,180,1,5
7971,14,321,15,1,3,3,59,26,0,300,4,5
7972,7,253,7,2,3,2,74,47,420,540,1,5
7973,3,215,4,1,3,2,37,77,60,180,3,5
7974,9,306,9,2,3,3,32,81,420,540,2,5
7975,1,442,2,1,3,2,83,5,0,300,3,5
7976,9,268,9,2,3,1,68,97,420,540,1,5
7977,11,545,12,2,3,2,4,16,420,540,1,5
7978,9,521,10,1,3,1,93,62,0,300,3,5
7979,14,308,15,1,3,2,76,62,60,180,3,5
7980,9,426,11,1,3,1,56,11,0,300,3,5
7981,11,430,13,2,3,1,41,45,60,180,3,5
7982,14,189,15,1,3,3,77,17,180,300,1,5
7983,6,301,6,2,3,2,23,23,420,540,2,5
7984,3,522,4,2,3,1,67,2,0,300,2,5
7985,11,401,12,1,3,2,78,23,180,300,2,5
7986,4,429,6,1,3,1,75,1,60,180,3,5
7987,10,148,10,1,3,1,54,59,180,300,4,5
7988,4,72,5,2,3,2,76,17,60,180,2,5
7989,3,233,3,2,3,2,87,60,300,420,2,5
7990,14,6,15,1,3,1,44,94,60,180,1,5
7991,13,148,14,1,3,2,12,29,60,180,4,5
7992,3,600,4,2,3,3,67,17,300,420,1,5
7993,11,411,11,2,3,3,76,83,420,540,2,5
7994,8,316,8,2,3,2,59,59,420,540,3,5
7995,12,596,13,1,3,2,61,91,0,300,2,5
7996,2,148,3,2,3,3,25,41,180,300,2,5
7997,8,326,9,2,3,3,59,81,60,180,2,5
7998,13,84,13,1,3,3,95,82,180,300,2,5
7999,12,535,13,1,3,2,5,27,180,300,4,5
8000,14,193,15,1,3,1,85,57,60,180,4,5
8001,2,411,2,2,3,3,22,97,420,540,2,5
8002,9,157,10,1,3,3,65,23,180,300,1,5
8003,3,28,3,1,3,3,4,51,60,180,1,5
8004,14,223,14,2,3,2,3,20,300,420,3,5
8005,6,349,7,1,3,3,44,62,180,300,2,5
8006,10,227,11,1,3,1,22,32,180,300,4,5
8007,11,520,13,1,3,3,97,30,0,300,3,5
8008,11,545,12,2,3,3,66,61,300,420,1,5
8009,13,285,14,1,3,1,14,11,180,300,4,5
8010,14,465,16,1,3,3,79,74,0,300,1,5
8011,6,285,6,2,3,1,6,83,420,540,4,5
8012,11,207,11,2,3,3,58,52,300,420,3,5
8013,10,239,11,1,3,3,91,40,0,300,2,5
8014,13,39,13,1,3,3,52,51,60,180,3,5
8015,6,412,7,1,3,2,91,40,60,180,1,5
8016,9,240,9,2,3,2,1,60,300,600,4,5
8017,4,577,5,2,3,1,14,70,60,180,1,5
8018,3,451,4,1,3,1,87,72,60,180,2,5
8019,13,563,14,1,3,2,46,26,60,180,1,5
8020,13,416,14,1,3,1,9,96,180,300,2,5
8021,4,321,5,2,3,3,75,80,180,300,4,5
8022,14,278,14,2,3,3,3,15,420,540,2,5
8023,11,245,11,2,3,2,59,79,300,600,4,5
8024,1,289,1,2,3,1,57,72,420,540,3,5
8025,1,595,2,1,3,2,72,39,180,300,3,5
8026,6,437,8,1,3,2,12,84,60,180,1,5
8027,5,467,6,1,3,2,95,9,60,180,2,5
8028,7,336,7,2,3,1,43,86,420,540,3,5
8029,3,364,3,2,3,3,67,13,420,540,4,5
8030,5,171,5,1,3,2,22,39,180,300,2,5
8031,13,189,14,2,3,1,57,15,420,540,4,5
8032,8,495,10,1,3,3,56,7,0,300,1,5
8033,3,87,3,2,3,1,41,26,420,540,1,5
8034,4,494,6,1,3,3,12,85,180,300,4,5
8035,3,224,3,2,3,1,50,19,300,600,3,5
8036,3,83,3,1,3,2,6,18,180,300,3,5
8037,2,309,2,2,3,2,88,59,420,540,1,5
8038,12,541,13,1,3,3,87,81,60,180,3,5
8039,7,73,8,2,3,1,97,63,420,540,4,5
8040,5,326,5,2,3,3,34,12,420,540,4,5
8041,7,294,8,2,3,1,91,56,60,180,1,5
8042,14,47,14,1,3,3,56,51,60,180,2,5
8043,7,593,9,1,3,3,21,60,60,180,1,5
8044,2,119,3,2,3,1,65,86,60,180,4,5
8045,11,221,11,2,3,1,13,40,300,420,4,5
8046,3,205,4,2,3,3,72,90,420,540,3,5
8047,10,307,11,1,3,1,98,39,60,180,2,5
8048,3,316,3,2,3,2,74,10,420,540,3,5
8049,3,458,5,1,3,1,62,29,0,300,3,5
8050,1,126,2,1,3,3,62,20,0,300,2,5
8051,3,106,3,1,3,2,49,16,180,300,4,5
8052,13,347,13,2,3,1,63,80,420,540,4,5
8053,9,93,9,2,3,3,31,97,180,300,1,5
8054,12,380,12,2,3,3,38,15,420,540,2,5
8055,14,23,14,1,3,2,79,55,60,180,4,5
8056,8,451,10,1,3,1,30,60,60,180,2,5
8057,4,345,5,1,3,2,18,66,60,180,4,5
8058,12,258,12,2,3,3,64,49,420,540,4,5
8059,2,237,3,1,3,1,49,72,0,300,4,5
8060,5,582,6,1,3,2,50,5,180,300,3,5
8061,13,276,14,1,3,2,62,18,180,300,1,5
8062,13,77,13,1,3,3,65,48,180,300,4,5
8063,12,110,12,1,3,3,92,25,180,300,4,5
8064,14,101,14,1,3,1,90,88,180,300,1,5
8065,4,287,5,2,3,1,41,67,0,300,1,5
8066,13,107,13,1,3,3,77,31,180,300,1,5
8067,1,336,2,1,3,1,52,93,60,180,4,5
8068,3,497,4,2,3,2,86,84,60,180,4,5
8069,3,484,5,1,3,1,24,2,0,300,2,5
8070,13,235,14,2,3,3,34,67,420,540,3,5
8071,4,430,5,1,3,1,11,27,60,180,1,5
8072,8,83,8,1,3,3,100,64,180,300,1,5
8073,5,462,6,1,3,3,17,98,60,180,3,5
8074,14,280,14,2,3,3,73,99,300,600,1,5
8075,5,209,5,2,3,3,58,100,300,600,2,5
8076,2,487,3,2,3,2,79,99,60,180,4,5
8077,3,144,3,2,3,3,40,86,420,540,3,5
8078,2,198,4,2,3,3,16,84,0,300,2,5
8079,7,468,8,1,3,3,49,80,0,300,3,5
8080,6,436,7,1,3,2,33,56,60,180,1,5
8081,14,421,16,1,3,3,41,15,60,180,1,5
8082,3,172,3,1,3,1,96,27,180,300,1,5
8083,12,8,12,2,3,2,53,70,420,540,1,5
8084,4,365,4,2,3,1,95,55,420,540,4,5
8085,7,212,7,2,3,2,91,8,300,600,2,5
8086,1,426,2,1,3,2,27,90,180,300,3,5
8087,8,318,8,2,3,2,42,39,420,540,1,5
8088,9,503,10,1,3,3,78,96,60,180,2,5
8089,10,346,10,2,3,1,93,59,420,540,2,5
8090,10,317,10,2,3,1,99,96,420,540,4,5
8091,3,421,4,1,3,2,54,46,60,180,1,5
8092,3,258,5,2,3,2,56,73,0,300,2,5
8093,8,141,8,1,3,1,16,71,180,300,2,5
8094,9,389,10,2,3,1,92,76,420,540,3,5
8095,13,503,14,1,3,1,93,29,180,300,4,5
8096,10,271,10,2,3,2,58,59,300,600,2,5
8097,2,218,3,1,3,1,18,93,180,300,3,5
8098,6,2,6,1,3,3,61,38,60,180,2,5
8099,11,564,12,1,3,2,48,65,0,300,3,5
8100,5,156,6,1,3,3,60,98,180,300,3,5
8101,9,15,10,1,3,3,98,15,180,300,1,5
8102,2,357,3,1,3,2,8,63,60,180,1,5
8103,13,2,15,1,3,3,19,67,60,180,1,5
8104,7,513,8,2,3,3,14,9,60,180,2,5
8105,13,450,14,1,3,2,91,60,60,180,3,5
8106,12,461,13,2,3,3,80,82,300,600,2,5
8107,4,84,5,1,3,1,31,85,0,300,2,5
8108,4,127,4,1,3,1,1,42,180,300,2,5
8109,10,542,12,1,3,1,13,99,0,300,2,5
8110,5,430,6,1,3,2,11,11,0,300,4,5
8111,11,400,12,1,3,2,28,9,180,300,4,5
8112,1,446,3,1,3,3,53,89,180,300,2,5
8113,11,94,12,1,3,2,21,67,180,300,1,5
8114,11,356,11,2,3,1,50,10,420,540,1,5
8115,1,80,1,2,3,1,0,78,420,540,3,5
8116,13,119,13,1,3,2,67,36,180,300,2,5
8117,4,225,4,2,3,3,0,24,300,600,3,5
8118,5,102,6,1,3,1,25,22,60,180,2,5
8119,1,566,2,1,3,3,17,14,0,300,2,5
8120,13,165,14,1,3,3,17,79,60,180,4,5
8121,14,217,15,1,3,2,64,51,0,300,3,5
8122,2,62,2,1,3,2,56,55,180,300,1,5
8123,9,207,10,2,3,2,47,79,420,540,1,5
8124,1,446,3,1,3,3,78,98,60,180,4,5
8125,1,129,1,1,3,1,17,78,180,300,4,5
8126,7,254,8,2,3,3,38,5,60,180,1,5
8127,4,474,5,1,3,2,83,7,180,300,1,5
8128,10,598,12,2,3,1,81,52,180,300,3,5
8129,6,39,6,2,3,1,96,51,0,300,4,5
8130,2,453,4,2,3,3,34,74,420,540,1,5
8131,4,148,4,2,3,1,54,46,300,420,3,5
8132,3,483,4,1,3,1,44,62,0,300,4,5
8133,4,473,5,1,3,3,39,2,60,180,1,5
8134,10,591,11,1,3,3,93,20,0,300,2,5
8135,2,393,2,2,3,2,56,30,420,540,3,5
8136,10,560,11,1,3,3,82,26,0,300,1,5
8137,1,567,2,1,3,2,12,38,60,180,2,5
8138,7,484,9,1,3,1,90,38,180,300,3,5
8139,12,316,12,2,3,3,46,12,420,540,3,5
8140,6,126,7,1,3,3,17,11,0,300,3,5
8141,4,519,6,2,3,3,56,78,420,540,3,5
8142,12,577,14,1,3,3,13,6,60,180,3,5
8143,1,108,1,1,3,2,28,26,180,300,3,5
8144,7,427,9,1,3,2,54,53,0,300,2,5
8145,13,116,14,1,3,2,55,29,60,180,4,5
8146,14,401,14,2,3,2,26,12,420,540,3,5
8147,7,285,8,1,3,2,95,97,60,180,4,5
8148,13,92,13,1,3,1,60,46,180,300,1,5
8149,14,238,14,2,3,3,96,14,300,600,4,5
8150,3,169,4,1,3,3,52,77,60,180,2,5
8151,13,557,14,1,3,1,25,3,180,300,3,5
8152,13,74,13,2,3,3,46,90,420,540,2,5
8153,6,366,7,1,3,3,8,100,0,300,4,5
8154,10,60,10,1,3,2,59,73,180,300,2,5
8155,12,391,12,2,3,2,73,7,420,540,1,5
8156,4,47,4,1,3,3,60,55,60,180,1,5
8157,2,574,4,1,3,3,22,0,180,300,2,5
8158,8,288,9,2,3,3,84,99,300,420,4,5
8159,12,267,13,1,3,3,70,92,0,300,4,5
8160,11,452,12,2,3,3,22,62,300,600,3,5
8161,6,349,6,2,3,3,54,29,420,540,2,5
8162,9,74,9,1,3,1,46,30,180,300,3,5
8163,3,395,4,1,3,1,84,87,0,300,2,5
8164,14,53,14,1,3,1,62,2,60,180,2,5
8165,6,255,7,2,3,2,92,61,60,180,2,5
8166,4,483,6,1,3,3,0,8,180,300,1,5
8167,12,382,12,2,3,3,40,15,420,540,3,5
8168,8,70,9,1,3,1,37,7,60,180,1,5
8169,12,38,12,1,3,2,42,37,60,180,2,5
8170,3,363,4,1,3,1,6,57,180,300,4,5
8171,8,42,9,1,3,1,27,46,0,300,4,5
8172,11,397,12,2,3,1,65,84,180,300,4,5
8173,1,198,1,2,3,1,40,61,300,420,2,5
8174,9,404,10,1,3,1,75,65,60,180,4,5
8175,9,343,10,1,3,2,70,61,180,300,4,5
8176,5,10,5,1,3,3,48,51,60,180,1,5
8177,7,65,7,1,3,2,37,43,180,300,1,5
8178,11,210,11,2,3,2,24,82,300,420,4,5
8179,7,332,7,2,3,2,39,56,420,540,3,5
8180,12,428,13,1,3,1,4,58,180,300,3,5
8181,1,474,2,1,3,1,88,0,60,180,4,5
8182,5,125,6,1,3,3,10,94,0,300,2,5
8183,3,528,5,1,3,1,36,28,0,300,4,5
8184,9,148,10,2,3,2,80,11,180,300,1,5
8185,3,25,3,1,3,2,98,11,60,180,2,5
8186,10,404,11,2,3,3,8,87,180,300,1,5
8187,12,214,13,2,3,1,24,53,420,540,1,5
8188,1,491,3,2,3,2,44,21,180,300,2,5
8189,3,469,5,2,3,1,28,50,300,420,2,5
8190,3,127,4,1,3,2,46,91,0,300,4,5
8191,10,164,10,1,3,1,89,4,180,300,4,5
8192,4,292,5,1,3,3,74,63,0,300,3,5
8193,5,162,5,1,3,2,84,66,180,300,3,5
8194,3,166,4,1,3,1,46,41,60,180,3,5
8195,13,525,15,2,3,3,67,1,180,300,2,5
8196,6,381,7,1,3,2,71,17,180,300,3,5
8197,9,108,9,2,3,3,77,32,420,540,1,5
8198,10,596,11,2,3,2,76,71,420,540,1,5
8199,5,294,5,2,3,2,59,47,420,540,1,5
8200,3,494,4,1,3,3,99,15,60,180,2,5
8201,2,522,4,2,3,2,29,10,60,180,1,5
8202,4,163,4,1,3,2,54,26,180,300,2,5
8203,13,553,14,2,3,3,71,48,0,300,1,5
8204,12,334,12,2,3,2,64,45,420,540,2,5
8205,8,586,10,1,3,3,88,95,60,180,4,5
8206,2,495,3,1,3,3,67,4,180,300,3,5
8207,4,396,5,2,3,3,94,13,0,300,1,5
8208,9,4,10,1,3,2,50,53,180,300,3,5
8209,13,385,13,2,3,1,55,11,420,540,1,5
8210,9,323,9,2,3,1,56,56,420,540,2,5
8211,5,475,6,1,3,1,20,45,60,180,1,5
8212,3,96,4,2,3,2,20,100,300,600,2,5
8213,14,210,14,2,3,3,51,40,300,600,3,5
8214,9,311,9,2,3,2,26,48,420,540,3,5
8215,3,32,4,1,3,3,54,89,60,180,2,5
8216,6,453,7,1,3,3,56,46,180,300,4,5
8217,5,9,5,1,3,3,55,50,60,180,2,5
8218,6,181,7,2,3,2,82,8,180,300,4,5
8219,8,185,8,2,3,1,51,90,420,540,2,5
8220,11,272,11,2,3,1,77,30,300,600,1,5
8221,6,450,8,1,3,1,76,53,60,180,4,5
8222,13,350,13,2,3,2,42,26,420,540,4,5
8223,7,284,7,2,3,2,25,41,300,600,3,5
8224,13,23,14,1,3,1,78,12,180,300,1,5
8225,10,402,10,2,3,2,51,92,420,540,2,5
8226,4,522,5,1,3,1,61,46,180,300,4,5
8227,6,297,6,2,3,2,48,11,300,420,4,5
8228,12,529,13,1,3,3,80,92,60,180,2,5
8229,4,527,6,2,3,3,49,63,300,420,4,5
8230,11,263,11,2,3,1,100,86,420,540,1,5
8231,3,107,4,1,3,2,91,28,60,180,4,5
8232,7,189,8,2,3,3,78,27,180,300,3,5
8233,9,342,10,1,3,3,6,37,180,300,2,5
8234,8,241,9,1,3,1,1,2,180,300,1,5
8235,9,294,9,2,3,1,35,88,300,420,3,5
8236,13,11,13,1,3,3,58,56,60,180,3,5
8237,4,292,4,2,3,1,77,2,420,540,3,5
8238,9,364,9,2,3,1,85,61,420,540,3,5
8239,14,363,14,2,3,2,3,60,420,540,4,5
8240,6,555,7,2,3,2,71,98,180,300,1,5
8241,14,157,15,1,3,2,30,96,180,300,3,5
8242,1,452,2,2,3,2,92,6,60,180,2,5
8243,3,210,4,1,3,2,76,15,60,180,4,5
8244,13,179,13,1,3,3,53,63,180,300,1,5
8245,8,551,9,2,3,1,7,65,180,300,3,5
8246,1,432,3,1,3,3,42,87,60,180,3,5
8247,2,227,2,2,3,3,5,59,300,600,1,5
8248,5,212,6,1,3,1,13,82,180,300,3,5
8249,2,64,2,2,3,1,83,82,420,540,1,5
8250,4,465,6,1,3,1,94,65,180,300,1,5
8251,9,34,10,1,3,3,13,82,180,300,2,5
8252,2,493,3,1,3,3,35,14,180,300,3,5
8253,14,307,15,1,3,3,65,51,0,300,4,5
8254,9,452,10,1,3,2,2,57,60,180,3,5
8255,1,223,1,2,3,3,53,3,300,600,4,5
8256,2,209,2,2,3,2,24,44,420,540,3,5
8257,4,480,6,2,3,1,69,77,0,300,4,5
8258,8,274,8,2,3,3,76,80,300,600,4,5
8259,13,25,13,2,3,1,97,55,60,180,1,5
8260,13,178,13,1,3,1,48,18,180,300,1,5
8261,10,371,11,1,3,1,35,96,180,300,4,5
8262,11,277,12,1,3,3,84,74,0,300,1,5
8263,4,99,4,2,3,1,65,49,420,540,1,5
8264,4,328,6,1,3,2,83,90,60,180,4,5
8265,6,571,8,1,3,2,2,58,0,300,2,5
8266,14,594,15,1,3,2,49,93,60,180,4,5
8267,7,405,7,2,3,1,97,60,420,540,2,5
8268,11,483,13,1,3,3,27,21,60,180,2,5
8269,6,378,6,2,3,2,29,36,420,540,4,5
8270,14,147,14,2,3,1,38,50,180,300,4,5
8271,11,308,12,1,3,2,81,45,180,300,3,5
8272,5,49,5,1,3,2,77,19,60,180,3,5
8273,12,540,14,2,3,2,70,63,0,300,2,5
8274,7,34,7,2,3,3,65,49,300,600,3,5
8275,13,564,15,2,3,3,51,19,60,180,4,5
8276,8,548,9,1,3,3,30,79,60,180,2,5
8277,3,190,3,2,3,1,85,100,300,600,4,5
8278,14,600,15,2,3,3,22,48,0,300,2,5
8279,3,484,5,2,3,2,8,48,420,540,4,5
8280,9,143,10,1,3,2,76,58,60,180,1,5
8281,7,85,8,1,3,1,75,83,60,180,4,5
8282,12,579,14,1,3,2,78,55,60,180,4,5
8283,2,12,3,2,3,3,92,10,300,600,3,5
8284,11,571,13,1,3,2,5,95,60,180,3,5
8285,13,295,13,2,3,1,58,88,420,540,2,5
8286,5,128,5,1,3,2,34,99,180,300,1,5
8287,3,322,3,2,3,1,60,53,420,540,2,5
8288,13,446,15,2,3,2,75,71,300,420,4,5
8289,11,209,12,1,3,2,56,25,0,300,1,5
8290,3,86,3,2,3,1,34,73,180,300,3,5
8291,4,362,5,2,3,2,58,42,60,180,3,5
8292,2,504,4,2,3,2,77,12,420,540,3,5
8293,11,216,11,2,3,2,100,31,300,600,1,5
8294,7,261,7,2,3,1,61,2,300,420,2,5
8295,11,492,13,2,3,3,14,91,60,180,1,5
8296,2,451,4,1,3,2,87,8,180,300,2,5
8297,9,97,9,2,3,2,67,47,180,300,4,5
8298,6,462,8,1,3,3,64,83,60,180,4,5
8299,3,27,3,1,3,1,35,19,60,180,1,5
8300,8,62,8,2,3,2,69,4,180,300,1,5
8301,9,257,9,2,3,3,81,77,420,540,3,5
8302,10,247,10,2,3,3,68,7,300,600,2,5
8303,10,370,11,1,3,3,74,5,60,180,4,5
8304,9,201,9,2,3,1,58,38,300,420,4,5
8305,2,532,4,1,3,2,46,70,60,180,4,5
8306,5,402,6,2,3,2,42,51,60,180,3,5
8307,13,376,14,1,3,1,24,74,180,300,4,5
8308,5,311,5,2,3,3,39,36,420,540,1,5
8309,12,7,12,2,3,1,89,35,420,540,2,5
8310,5,96,5,2,3,1,10,91,180,300,1,5
8311,14,461,16,1,3,3,36,10,180,300,1,5
8312,7,259,7,2,3,2,77,69,420,540,2,5
8313,14,44,14,1,3,2,20,44,60,180,1,5
8314,7,368,7,2,3,3,39,34,420,540,2,5
8315,5,73,5,2,3,2,2,97,180,300,1,5
8316,4,301,4,2,3,2,74,29,420,540,2,5
8317,10,436,11,1,3,1,24,37,60,180,2,5
8318,14,318,15,1,3,2,43,20,180,300,1,5
8319,11,128,12,1,3,2,22,32,60,180,3,5
8320,2,587,4,1,3,3,55,59,180,300,2,5
8321,13,512,14,2,3,1,79,32,420,540,1,5
8322,2,66,2,2,3,3,1,99,300,420,1,5
8323,4,138,5,1,3,3,73,44,60,180,3,5
8324,4,585,5,2,3,3,7,82,60,180,3,5
8325,13,516,15,1,3,2,52,13,60,180,4,5
8326,2,103,3,1,3,2,16,25,60,180,4,5
8327,14,444,15,1,3,3,63,36,0,300,3,5
8328,13,227,14,1,3,2,0,14,60,180,1,5
8329,7,63,7,1,3,3,48,3,180,300,2,5
8330,9,160,9,1,3,3,59,61,180,300,3,5
8331,7,7,7,1,3,3,27,16,60,180,4,5
8332,14,128,15,1,3,1,88,28,180,300,1,5
8333,1,570,3,2,3,1,58,92,420,540,1,5
8334,5,257,6,2,3,2,20,62,180,300,4,5
8335,10,185,11,1,3,3,52,15,0,300,3,5
8336,11,129,11,1,3,1,32,42,180,300,2,5
8337,14,30,14,1,3,2,24,67,60,180,2,5
8338,11,526,12,1,3,3,82,54,60,180,3,5
8339,5,64,5,2,3,2,52,14,300,420,4,5
8340,3,581,5,1,3,2,27,66,60,180,2,5
8341,5,341,5,2,3,1,23,15,420,540,1,5
8342,1,315,1,2,3,1,92,83,420,540,3,5
8343,3,39,3,1,3,2,83,47,60,180,2,5
8344,11,73,12,2,3,3,40,39,420,540,3,5
8345,4,317,5,1,3,3,32,26,0,300,3,5
8346,9,204,9,2,3,1,99,34,420,540,3,5
8347,10,135,10,1,3,2,53,14,180,300,1,5
8348,2,51,3,1,3,2,68,5,0,300,3,5
8349,6,464,8,2,3,1,13,6,60,180,2,5
8350,11,458,12,2,3,3,4,85,420,540,4,5
8351,10,582,11,1,3,1,81,46,180,300,3,5
8352,5,144,5,1,3,1,75,52,180,300,3,5
8353,9,491,11,1,3,1,47,95,0,300,3,5
8354,5,249,5,2,3,1,14,96,300,420,1,5
8355,13,117,14,1,3,1,95,60,0,300,3,5
8356,1,273,1,2,3,2,64,100,300,420,4,5
8357,9,133,9,1,3,2,70,8,180,300,2,5
8358,2,468,4,2,3,2,79,59,0,300,4,5
8359,1,144,1,1,3,2,57,56,180,300,3,5
8360,1,357,1,2,3,3,36,78,420,540,2,5
8361,1,209,1,2,3,3,80,38,300,600,2,5
8362,3,436,4,1,3,2,98,12,180,300,2,5
8363,11,595,13,2,3,3,11,78,180,300,4,5
8364,1,184,1,2,3,1,10,11,300,420,3,5
8365,7,567,8,1,3,1,79,12,0,300,3,5
8366,9,498,11,1,3,3,80,26,0,300,2,5
8367,6,398,7,2,3,2,34,23,420,540,2,5
8368,9,599,10,2,3,3,57,39,420,540,2,5
8369,10,592,12,1,3,2,51,48,180,300,3,5
8370,6,174,6,1,3,2,75,20,180,300,3,5
8371,13,54,13,2,3,3,67,16,60,180,3,5
8372,3,443,4,1,3,3,94,43,0,300,4,5
8373,3,186,5,1,3,3,28,8,60,180,1,5
8374,7,446,9,1,3,3,64,45,180,300,1,5
8375,4,284,5,1,3,1,70,47,60,180,4,5
8376,2,255,3,1,3,3,57,72,0,300,1,5
8377,10,308,10,2,3,1,50,75,420,540,3,5
8378,5,163,5,2,3,1,53,5,300,600,2,5
8379,12,178,12,1,3,1,13,3,180,300,2,5
8380,7,208,7,2,3,2,69,71,300,420,2,5
8381,6,505,8,2,3,1,99,36,300,600,3,5
8382,14,369,14,2,3,3,97,42,420,540,4,5
8383,2,292,2,2,3,3,83,35,300,420,3,5
8384,9,322,10,1,3,2,5,67,180,300,3,5
8385,8,262,9,2,3,3,88,59,0,300,2,5
8386,12,13,12,2,3,1,78,76,180,300,1,5
8387,5,154,5,2,3,2,66,91,180,300,2,5
8388,12,15,12,2,3,1,82,14,420,540,1,5
8389,2,171,2,1,3,2,9,12,180,300,3,5
8390,11,224,11,2,3,2,2,41,300,600,4,5
8391,6,183,6,2,3,1,99,73,420,540,1,5
8392,3,517,4,1,3,1,60,100,60,180,1,5
8393,12,559,14,2,3,2,74,67,0,300,2,5
8394,9,391,9,2,3,1,89,8,420,540,4,5
8395,6,381,7,2,3,3,14,19,420,540,2,5
8396,7,287,7,2,3,3,32,92,300,600,4,5
8397,8,429,9,1,3,1,65,78,180,300,2,5
8398,7,118,7,1,3,1,83,8,180,300,2,5
8399,6,79,6,1,3,2,16,53,180,300,2,5
8400,12,51,12,1,3,2,82,17,60,180,4,5
8401,6,331,6,2,3,2,2,76,420,540,2,5
8402,9,104,9,2,3,3,99,45,420,540,3,5
8403,13,215,14,1,3,1,24,93,180,300,1,5
8404,8,45,8,1,3,2,98,15,60,180,3,5
8405,3,227,4,2,3,2,6,43,60,180,2,5
8406,10,242,11,2,3,2,52,99,60,180,1,5
8407,12,413,12,2,3,2,33,5,420,540,1,5
8408,10,510,12,1,3,3,51,61,180,300,2,5
8409,5,499,7,1,3,3,42,97,180,300,1,5
8410,13,160,14,2,3,1,84,41,180,300,3,5
1,,,2,2,2,3,43,84,180,300,4,5
2,,,2,2,2,2,54,0,0,300,4,5
3,,,1,1,2,2,48,59,300,600,4,5
4,,,2,2,2,2,98,32,0,300,3,5
5,,,2,2,2,2,16,0,420,540,4,5
6,,,2,2,2,1,28,95,0,300,4,5
7,,,2,2,2,3,24,26,300,420,1,5
8,,,1,1,2,2,31,100,300,600,4,5
9,,,2,2,2,1,93,56,420,540,3,5
10,,,1,1,2,3,13,27,420,540,1,5
11,,,1,1,2,3,42,91,420,540,4,5
12,,,1,1,2,1,5,20,300,600,2,5
13,,,1,1,2,1,59,85,300,600,1,5
14,,,1,1,2,1,55,62,300,600,2,5
15,,,1,1,2,1,39,41,300,600,1,5
16,,,1,1,2,3,11,26,420,540,3,5
17,,,1,1,2,2,99,48,300,600,2,5
18,,,1,1,2,3,35,0,300,600,3,5
19,,,1,1,2,3,66,95,300,600,3,5
20,,,1,1,2,3,11,58,300,600,3,5
21,,,1,1,2,1,81,52,420,540,1,5
22,,,2,2,2,3,52,82,180,300,2,5
23,,,2,2,2,3,60,36,60,180,1,5
24,,,1,1,2,1,26,72,300,600,1,5
25,,,1,1,2,1,45,17,420,540,2,5
26,,,1,1,2,2,43,46,300,600,1,5
27,,,1,1,2,3,14,19,300,600,1,5
28,,,2,2,2,2,76,70,180,300,1,5
29,,,1,1,2,3,59,24,300,600,3,5
30,,,2,2,2,1,23,52,300,600,3,5
31,,,1,1,2,1,78,19,420,540,4,5
32,,,1,1,2,3,5,35,420,540,4,5
33,,,2,2,2,1,84,56,300,600,2,5
34,,,1,1,2,1,57,65,420,540,1,5
35,,,1,1,2,3,53,39,420,540,3,5
36,,,1,1,2,3,90,98,420,540,1,5
37,,,1,1,2,3,98,66,420,540,4,5
38,,,1,1,2,3,21,68,300,600,1,5
39,,,1,1,2,3,51,42,300,600,4,5
40,,,1,1,2,1,72,26,300,600,3,5
41,,,2,2,2,2,51,95,0,300,1,5
42,,,1,1,2,3,9,32,420,540,4,5
43,,,1,1,2,2,96,74,300,600,4,5
44,,,1,1,2,1,19,93,300,600,1,5
45,,,1,1,2,2,12,19,420,540,1,5
46,,,2,2,2,1,1,90,300,420,2,5
47,,,1,1,2,1,53,89,420,540,1,5
48,,,2,2,2,2,48,22,60,180,1,5
49,,,2,2,2,1,53,9,0,300,3,5
50,,,1,1,2,3,95,79,300,600,3,5
51,,,2,2,2,3,20,73,180,300,2,5
52,,,1,1,2,2,18,87,420,540,2,5
53,,,1,1,2,1,75,60,420,540,2,5
54,,,1,1,2,2,46,17,300,600,2,5
55,,,1,1,2,3,50,92,420,540,1,5
56,,,1,1,2,2,30,81,300,600,2,5
57,,,1,1,2,2,49,44,420,540,2,5
58,,,1,1,2,3,96,12,300,600,2,5
59,,,2,2,2,1,28,51,180,300,4,5
60,,,1,1,2,3,64,12,420,540,4,5
61,,,1,1,2,1,88,55,420,540,3,5
62,,,1,1,2,3,67,90,300,600,3,5
63,,,1,1,2,2,62,17,420,540,3,5
64,,,2,2,2,2,67,37,420,540,2,5
65,,,1,1,2,2,85,100,420,540,4,5
66,,,1,1,2,3,98,38,420,540,2,5
67,,,1,1,2,2,57,97,420,540,3,5
68,,,1,1,2,1,10,24,420,540,1,5
69,,,2,2,2,3,80,41,0,300,1,5
70,,,2,2,2,2,55,46,180,300,3,5
71,,,2,2,2,1,20,43,60,180,2,5
72,,,2,2,2,3,84,58,300,600,2,5
73,,,1,1,2,2,92,46,300,600,4,5
74,,,1,1,2,3,9,4,300,600,2,5
75,,,1,1,2,1,51,93,420,540,3,5
76,,,1,1,2,2,67,39,420,540,1,5
77,,,2,2,2,3,82,49,60,180,3,5
78,,,1,1,2,1,43,92,420,540,3,5
79,,,2,2,2,3,64,97,60,180,4,5
80,,,1,1,2,2,96,98,420,540,3,5
81,,,1,1,2,1,8,10,420,540,1,5
82,,,2,2,2,1,57,78,180,300,1,5
83,,,2,2,2,3,50,69,420,540,3,5
84,,,1,1,2,1,30,17,300,600,2,5
85,,,2,2,2,1,19,32,420,540,2,5
86,,,1,1,2,1,59,76,300,600,4,5
87,,,1,1,2,3,49,9,300,600,1,5
88,,,1,1,2,1,76,26,420,540,1,5
89,,,1,1,2,3,99,8,420,540,2,5
90,,,1,1,2,3,97,72,420,540,3,5
91,,,1,1,2,1,53,38,300,600,2,5
92,,,2,2,2,2,54,16,60,180,2,5
93,,,2,2,2,1,84,72,0,300,3,5
94,,,1,1,2,1,62,70,420,540,2,5
95,,,1,1,2,1,7,60,420,540,2,5
96,,,2,2,2,2,24,27,60,180,4,5
97,,,1,1,2,1,53,39,300,600,2,5
98,,,2,2,2,1,6,96,420,540,2,5
99,,,1,1,2,2,27,29,420,540,1,5
100,,,1,1,2,2,29,23,300,600,2,5
101,,,1,1,2,1,26,70,300,600,1,5
102,,,2,2,2,3,83,50,300,600,4,5
103,,,1,1,2,2,80,8,420,540,4,5
104,,,1,1,2,3,100,44,420,540,1,5
105,,,1,1,2,3,4,20,420,540,2,5
106,,,1,1,2,1,56,35,420,540,4,5
107,,,2,2,2,3,95,49,0,300,4,5
108,,,1,1,2,2,83,96,300,600,3,5
109,,,1,1,2,2,100,91,420,540,3,5
110,,,1,1,2,3,5,93,300,600,2,5
111,,,1,1,2,3,98,90,300,600,4,5
112,,,2,2,2,1,98,30,180,300,2,5
113,,,1,1,2,2,4,14,300,600,3,5
114,,,2,2,2,3,84,95,420,540,3,5
115,,,2,2,2,3,81,21,180,300,1,5
116,,,2,2,2,3,27,69,60,180,2,5
117,,,1,1,2,1,8,100,300,600,3,5
118,,,2,2,2,3,2,93,180,300,1,5
119,,,1,1,2,3,51,6,300,600,1,5
120,,,1,1,2,3,35,23,300,600,4,5
121,,,1,1,2,1,42,33,420,540,2,5
122,,,1,1,2,1,76,82,300,600,3,5
123,,,1,1,2,3,19,11,300,600,1,5
124,,,2,2,2,2,96,50,60,180,4,5
125,,,1,1,2,1,82,55,300,600,1,5
126,,,2,2,2,2,45,49,420,540,2,5
127,,,1,1,2,2,70,93,420,540,3,5
128,,,1,1,2,3,78,82,300,600,3,5
129,,,1,1,2,1,43,45,420,540,1,5
130,,,1,1,2,1,29,48,300,600,2,5
131,,,1,1,2,3,80,34,420,540,1,5
132,,,2,2,2,3,86,72,0,300,1,5
133,,,2,2,2,3,53,24,60,180,4,5
134,,,1,1,2,2,79,23,300,600,3,5
135,,,2,2,2,3,44,51,300,600,2,5
136,,,1,1,2,3,54,55,300,600,2,5
137,,,2,2,2,1,57,87,180,300,3,5
138,,,2,2,2,2,36,11,0,300,2,5
139,,,1,1,2,3,52,19,420,540,4,5
140,,,1,1,2,1,100,17,420,540,1,5
141,,,1,1,2,2,52,32,420,540,3,5
142,,,2,2,2,1,49,83,420,540,2,5
143,,,1,1,2,3,42,69,300,600,4,5
144,,,1,1,2,1,7,29,420,540,3,5
145,,,1,1,2,1,63,70,420,540,2,5
146,,,1,1,2,3,12,94,420,540,1,5
147,,,1,1,2,3,4,25,300,600,1,5
148,,,2,2,2,2,76,80,60,180,2,5
149,,,2,2,2,1,0,14,60,180,4,5
150,,,1,1,2,3,66,0,300,600,4,5
151,,,1,1,2,1,7,13,300,600,2,5
152,,,2,2,2,2,8,22,180,300,2,5
153,,,2,2,2,1,52,61,420,540,2,5
154,,,1,1,2,1,30,45,420,540,3,5
155,,,1,1,2,1,84,72,300,600,3,5
156,,,1,1,2,1,22,100,420,540,1,5
157,,,2,2,2,3,58,1,300,600,4,5
158,,,1,1,2,1,90,89,420,540,3,5
159,,,1,1,2,3,21,5,300,600,4,5
160,,,2,2,2,3,19,34,60,180,3,5
161,,,1,1,2,1,98,96,420,540,3,5
162,,,2,2,2,1,47,64,60,180,1,5
163,,,1,1,2,1,76,58,300,600,1,5
164,,,2,2,2,2,44,95,180,300,4,5
165,,,1,1,2,3,44,47,300,600,3,5
166,,,2,2,2,2,23,35,420,540,2,5
167,,,1,1,2,1,92,100,300,600,1,5
168,,,1,1,2,3,68,25,300,600,1,5
169,,,2,2,2,2,64,90,60,180,4,5
170,,,1,1,2,2,39,38,300,600,3,5
171,,,1,1,2,3,68,42,420,540,3,5
172,,,1,1,2,1,53,81,300,600,2,5
173,,,2,2,2,2,74,48,0,300,1,5
174,,,1,1,2,1,0,83,300,600,1,5
175,,,1,1,2,1,23,18,420,540,3,5
176,,,1,1,2,3,18,63,420,540,3,5
177,,,2,2,2,1,25,8,60,180,1,5
178,,,2,2,2,1,88,35,60,180,1,5
179,,,2,2,2,1,29,33,300,420,3,5
180,,,1,1,2,3,9,89,300,600,2,5
181,,,2,2,2,3,66,30,0,300,2,5
182,,,1,1,2,1,30,92,420,540,2,5
183,,,2,2,2,3,13,33,420,540,2,5
184,,,2,2,2,3,54,10,180,300,2,5
185,,,1,1,2,3,50,9,300,600,1,5
186,,,1,1,2,2,99,78,300,600,3,5
187,,,2,2,2,1,90,38,300,420,4,5
188,,,1,1,2,3,45,3,420,540,2,5
189,,,1,1,2,1,71,43,300,600,4,5
190,,,1,1,2,2,10,28,420,540,4,5
191,,,2,2,2,3,51,40,60,180,4,5
192,,,1,1,2,2,56,56,300,600,3,5
193,,,1,1,2,2,76,64,300,600,4,5
194,,,2,2,2,3,35,91,420,540,3,5
195,,,1,1,2,1,47,39,300,600,1,5
196,,,1,1,2,3,80,36,300,600,4,5
197,,,1,1,2,3,72,74,420,540,2,5
198,,,2,2,2,2,38,70,0,300,2,5
199,,,1,1,2,3,61,92,420,540,1,5
200,,,2,2,2,2,52,80,420,540,4,5
201,,,1,1,2,1,79,19,420,540,1,5
202,,,1,1,2,2,13,26,300,600,2,5
203,,,1,1,2,3,58,71,420,540,4,5
204,,,1,1,2,2,96,77,300,600,4,5
205,,,1,1,2,2,72,97,420,540,4,5
206,,,1,1,2,3,57,65,300,600,3,5
207,,,2,2,2,1,79,82,0,300,1,5
208,,,1,1,2,2,17,47,300,600,1,5
209,,,2,2,2,2,3,80,0,300,1,5
210,,,1,1,2,3,21,58,420,540,3,5
211,,,1,1,2,3,99,68,420,540,2,5
212,,,1,1,2,3,76,40,420,540,3,5
213,,,2,2,2,3,23,36,60,180,1,5
214,,,1,1,2,1,12,95,420,540,2,5
215,,,2,2,2,1,32,60,300,420,3,5
216,,,1,1,2,2,99,67,300,600,3,5
217,,,1,1,2,2,52,84,300,600,4,5
218,,,2,2,2,1,43,78,0,300,3,5
219,,,1,1,2,3,70,52,420,540,2,5
220,,,1,1,2,3,65,50,420,540,3,5
221,,,1,1,2,3,38,70,300,600,4,5
222,,,1,1,2,1,67,59,300,600,1,5
223,,,1,1,2,3,21,57,420,540,2,5
224,,,2,2,2,3,28,44,180,300,4,5
225,,,1,1,2,3,41,8,420,540,3,5
226,,,2,2,2,1,86,66,420,540,3,5
227,,,1,1,2,2,57,20,420,540,4,5
228,,,2,2,2,3,23,43,420,540,2,5
229,,,1,1,2,1,17,38,300,600,2,5
230,,,2,2,2,2,98,12,300,600,1,5
231,,,1,1,2,3,9,2,420,540,3,5
232,,,1,1,2,3,48,25,300,600,3,5
233,,,2,2,2,1,1,71,60,180,4,5
234,,,1,1,2,2,39,6,420,540,1,5
235,,,2,2,2,2,63,32,0,300,2,5
236,,,1,1,2,3,35,79,300,600,2,5
237,,,1,1,2,2,51,21,420,540,1,5
238,,,2,2,2,3,84,9,180,300,3,5
239,,,1,1,2,3,36,88,300,600,2,5
240,,,1,1,2,3,91,18,300,600,1,5
241,,,2,2,2,1,72,62,0,300,1,5
242,,,1,1,2,1,92,65,300,600,1,5
243,,,1,1,2,3,60,57,300,600,1,5
244,,,1,1,2,1,37,96,420,540,4,5
245,,,1,1,2,1,29,36,300,600,2,5
246,,,2,2,2,3,87,6,180,300,4,5
247,,,2,2,2,3,36,76,60,180,4,5
248,,,1,1,2,3,76,30,300,600,1,5
249,,,2,2,2,2,72,21,420,540,2,5
250,,,2,2,2,2,73,97,0,300,4,5
251,,,2,2,2,1,62,7,300,600,2,5
252,,,1,1,2,3,73,45,420,540,2,5
253,,,1,1,2,3,85,79,300,600,4,5
254,,,1,1,2,2,90,53,300,600,3,5
255,,,2,2,2,2,77,35,180,300,3,5
256,,,2,2,2,2,69,40,420,540,4,5
257,,,1,1,2,2,97,69,300,600,1,5
258,,,1,1,2,1,27,23,300,600,3,5
259,,,1,1,2,3,22,97,420,540,3,5
260,,,1,1,2,3,21,94,300,600,4,5
261,,,1,1,2,3,23,94,420,540,3,5
262,,,1,1,2,1,70,70,420,540,2,5
263,,,2,2,2,3,32,47,0,300,3,5
264,,,2,2,2,2,51,81,180,300,1,5
265,,,1,1,2,2,31,43,420,540,1,5
266,,,1,1,2,2,47,1,300,600,4,5
267,,,1,1,2,1,73,58,300,600,4,5
268,,,2,2,2,1,3,3,180,300,2,5
269,,,2,2,2,2,26,23,300,600,2,5
270,,,2,2,2,2,94,15,420,540,2,5
271,,,2,2,2,2,0,23,180,300,3,5
272,,,1,1,2,2,97,30,420,540,4,5
273,,,2,2,2,2,43,25,180,300,3,5
274,,,1,1,2,1,15,35,300,600,4,5
275,,,1,1,2,2,42,44,300,600,1,5
276,,,1,1,2,1,78,9,420,540,4,5
277,,,1,1,2,3,97,47,300,600,4,5
278,,,2,2,2,3,48,66,180,300,4,5
279,,,2,2,2,3,81,54,60,180,2,5
280,,,2,2,2,3,86,43,0,300,3,5
281,,,1,1,2,3,32,83,300,600,1,5
282,,,2,2,2,3,48,96,300,420,1,5
283,,,1,1,2,3,89,63,300,600,3,5
284,,,2,2,2,3,67,36,60,180,1,5
285,,,1,1,2,2,6,43,300,600,3,5
286,,,1,1,2,3,30,72,420,540,4,5
287,,,1,1,2,2,53,80,300,600,3,5
288,,,1,1,2,2,98,10,300,600,2,5
289,,,1,1,2,3,33,92,420,540,4,5
290,,,1,1,2,1,70,42,420,540,2,5
291,,,2,2,2,2,37,64,300,600,4,5
292,,,1,1,2,2,78,63,420,540,2,5
293,,,1,1,2,3,47,96,420,540,1,5
294,,,1,1,2,2,30,2,420,540,4,5
295,,,2,2,2,3,55,97,180,300,1,5
296,,,1,1,2,2,7,33,300,600,2,5
297,,,1,1,2,3,31,65,300,600,1,5
298,,,2,2,2,1,9,81,0,300,2,5
299,,,1,1,2,1,41,78,420,540,4,5
300,,,1,1,2,1,56,62,420,540,4,5
301,,,2,2,2,1,45,73,420,540,2,5
302,,,1,1,2,3,86,80,420,540,3,5
303,,,1,1,2,1,96,2,300,600,2,5
304,,,2,2,2,3,75,87,0,300,1,5
305,,,1,1,2,3,28,5,420,540,4,5
306,,,2,2,2,2,82,74,300,420,2,5
307,,,1,1,2,3,20,50,420,540,3,5
308,,,2,2,2,1,92,99,180,300,3,5
309,,,2,2,2,2,89,12,180,300,3,5
310,,,1,1,2,2,20,64,300,600,4,5
311,,,1,1,2,3,47,48,300,600,2,5
312,,,2,2,2,2,37,18,420,540,4,5
313,,,1,1,2,1,86,10,300,600,2,5
314,,,2,2,2,2,93,29,180,300,4,5
315,,,2,2,2,1,78,68,0,300,2,5
316,,,2,2,2,2,70,21,60,180,4,5
317,,,1,1,2,3,10,18,420,540,3,5
318,,,1,1,2,2,26,31,300,600,3,5
319,,,1,1,2,1,8,79,300,600,1,5
320,,,2,2,2,3,58,19,60,180,3,5
321,,,1,1,2,3,29,2,300,600,1,5
322,,,1,1,2,1,12,4,420,540,3,5
323,,,1,1,2,1,39,0,300,600,2,5
324,,,2,2,2,1,21,98,300,420,2,5
325,,,1,1,2,3,73,78,300,600,2,5
326,,,1,1,2,3,76,47,420,540,3,5
327,,,1,1,2,3,27,63,420,540,4,5
328,,,2,2,2,2,45,32,60,180,3,5
329,,,1,1,2,3,0,63,420,540,4,5
330,,,2,2,2,2,19,62,300,420,3,5
331,,,1,1,2,1,4,56,300,600,1,5
332,,,1,1,2,2,23,28,420,540,3,5
333,,,1,1,2,1,19,90,420,540,2,5
334,,,1,1,2,1,63,42,300,600,4,5
335,,,1,1,2,1,79,46,420,540,1,5
336,,,3,2,2,1,34,67,180,300,2,5
337,,,3,2,2,3,19,90,60,180,2,5
338,,,2,1,2,3,24,68,300,600,4,5
339,,,3,2,2,3,46,100,420,540,1,5
340,,,2,1,2,3,62,6,300,600,4,5
341,,,3,2,2,3,43,94,60,180,3,5
342,,,2,1,2,2,62,71,420,540,3,5
343,,,2,1,2,3,73,85,300,600,1,5
344,,,3,2,2,1,34,76,0,300,4,5
345,,,2,1,2,3,58,45,300,600,4,5
346,,,2,1,2,3,2,65,300,600,4,5
347,,,2,1,2,2,43,82,420,540,2,5
348,,,3,2,2,1,57,63,420,540,1,5
349,,,2,1,2,3,6,22,300,600,1,5
350,,,3,2,2,1,87,95,300,420,1,5
351,,,2,1,2,2,22,81,300,600,2,5
352,,,2,1,2,1,29,60,300,600,1,5
353,,,2,1,2,3,86,36,420,540,2,5
354,,,2,1,2,3,78,22,420,540,4,5
355,,,2,1,2,1,34,67,420,540,4,5
356,,,3,2,2,1,48,2,420,540,2,5
357,,,2,1,2,1,26,12,300,600,2,5
358,,,2,1,2,3,71,16,420,540,1,5
359,,,2,1,2,2,95,14,300,600,2,5
360,,,3,2,2,3,94,23,180,300,2,5
361,,,2,1,2,2,24,25,300,600,1,5
362,,,2,1,2,1,98,96,420,540,1,5
363,,,2,1,2,2,90,68,300,600,3,5
364,,,3,2,2,3,68,41,300,420,1,5
365,,,2,1,2,1,49,83,300,600,2,5
366,,,3,2,2,2,32,25,300,420,1,5
367,,,3,2,2,3,34,83,300,420,3,5
368,,,3,2,2,2,49,1,420,540,3,5
369,,,2,1,2,1,39,46,420,540,4,5
370,,,3,2,2,1,75,48,0,300,4,5
371,,,2,1,2,1,68,61,300,600,1,5
372,,,2,1,2,1,89,28,420,540,3,5
373,,,2,1,2,2,98,18,420,540,3,5
374,,,3,2,2,2,87,36,0,300,4,5
375,,,3,2,2,3,6,84,0,300,2,5
376,,,2,1,2,3,78,49,300,600,3,5
377,,,3,2,2,2,22,47,420,540,1,5
378,,,3,2,2,3,7,51,300,600,4,5
379,,,3,2,2,1,100,71,0,300,2,5
380,,,2,1,2,3,8,17,300,600,4,5
381,,,3,2,2,3,94,52,180,300,4,5
382,,,2,1,2,2,16,62,420,540,3,5
383,,,2,1,2,3,17,48,420,540,2,5
384,,,3,2,2,2,97,17,420,540,2,5
385,,,3,2,2,3,60,31,420,540,4,5
386,,,3,2,2,3,74,2,60,180,2,5
387,,,2,1,2,3,22,91,300,600,3,5
388,,,3,2,2,3,0,79,60,180,2,5
389,,,3,2,2,2,47,96,0,300,1,5
390,,,2,1,2,2,67,86,300,600,4,5
391,,,2,1,2,2,24,37,300,600,1,5
392,,,3,2,2,3,46,11,300,420,3,5
393,,,2,1,2,3,73,41,300,600,3,5
394,,,2,1,2,2,87,15,420,540,4,5
395,,,3,2,2,2,40,82,420,540,1,5
396,,,2,1,2,1,15,85,300,600,1,5
397,,,2,1,2,1,10,20,420,540,3,5
398,,,3,2,2,2,71,26,0,300,3,5
399,,,2,1,2,3,21,21,420,540,3,5
400,,,2,1,2,1,73,84,300,600,3,5
401,,,2,1,2,3,17,82,420,540,4,5
402,,,2,1,2,2,79,1,420,540,2,5
403,,,2,1,2,2,56,84,300,600,2,5
404,,,3,2,2,1,7,8,420,540,3,5
405,,,2,1,2,3,67,69,420,540,3,5
406,,,2,1,2,2,44,86,420,540,1,5
407,,,2,1,2,1,75,45,300,600,2,5
408,,,3,2,2,1,100,35,180,300,2,5
409,,,2,1,2,2,14,32,300,600,4,5
410,,,3,2,2,2,71,7,0,300,1,5
411,,,2,1,2,1,99,96,420,540,3,5
412,,,3,2,2,3,73,95,180,300,3,5
413,,,2,1,2,1,2,61,420,540,2,5
414,,,2,1,2,3,85,76,420,540,1,5
415,,,2,1,2,2,54,11,420,540,2,5
416,,,3,2,2,3,27,86,180,300,4,5
417,,,2,1,2,3,42,66,300,600,4,5
418,,,2,1,2,1,3,70,420,540,1,5
419,,,2,1,2,1,39,34,420,540,2,5
420,,,3,2,2,1,93,60,180,300,3,5
421,,,2,1,2,1,61,14,300,600,3,5
422,,,3,2,2,1,51,44,180,300,3,5
423,,,3,2,2,3,13,33,60,180,3,5
424,,,2,1,2,3,47,100,420,540,2,5
425,,,3,2,2,1,90,69,180,300,1,5
426,,,2,1,2,2,63,19,300,600,2,5
427,,,3,2,2,3,70,47,0,300,1,5
428,,,2,1,2,2,35,37,420,540,3,5
429,,,2,1,2,2,92,91,420,540,1,5
430,,,3,2,2,1,52,30,300,420,1,5
431,,,2,1,2,2,28,19,420,540,4,5
432,,,2,1,2,2,1,96,420,540,4,5
433,,,2,1,2,3,16,51,300,600,2,5
434,,,3,2,2,2,86,76,300,420,2,5
435,,,3,2,2,3,72,45,180,300,2,5
436,,,2,1,2,1,4,19,300,600,4,5
437,,,2,1,2,1,99,68,300,600,3,5
438,,,2,1,2,2,46,76,300,600,2,5
439,,,2,1,2,1,27,63,300,600,3,5
440,,,2,1,2,3,70,23,300,600,3,5
441,,,3,2,2,3,74,74,300,420,3,5
442,,,3,2,2,1,68,28,0,300,2,5
443,,,2,1,2,3,57,79,420,540,2,5
444,,,4,1,2,1,64,4,420,540,1,5
445,,,11,2,2,1,37,90,300,600,3,5
446,,,13,1,2,3,48,95,300,600,1,5
447,,,9,2,2,3,93,95,420,540,2,5
448,,,9,2,2,1,52,3,180,300,2,5
449,,,5,1,2,1,78,13,300,600,2,5
450,,,13,1,2,2,10,33,420,540,3,5
451,,,13,2,2,3,47,24,60,180,4,5
452,,,14,2,2,1,97,95,420,540,2,5
453,,,9,1,2,1,32,19,420,540,1,5
454,,,5,1,2,2,3,39,420,540,2,5
455,,,9,2,2,2,36,46,420,540,3,5
456,,,7,1,2,2,54,12,420,540,3,5
457,,,14,2,2,1,89,16,60,180,3,5
458,,,12,2,2,1,48,55,0,300,4,5
459,,,14,1,2,3,51,95,300,600,3,5
460,,,8,2,2,3,34,67,300,600,2,5
461,,,5,1,2,2,90,57,420,540,4,5
462,,,5,2,2,2,75,61,420,540,3,5
463,,,10,2,2,2,60,89,0,300,1,5
464,,,11,2,2,1,64,38,180,300,4,5
465,,,5,2,2,3,91,51,60,180,2,5
466,,,15,2,2,2,67,13,0,300,3,5
467,,,4,1,2,3,3,99,420,540,3,5
468,,,3,2,2,1,96,3,60,180,4,5
469,,,7,2,2,1,30,80,0,300,4,5
470,,,2,1,2,1,38,34,300,600,2,5
471,,,5,1,2,3,65,35,300,600,2,5
472,,,4,1,2,1,8,16,420,540,4,5
473,,,7,1,2,2,60,9,420,540,3,5
474,,,13,1,2,2,61,86,300,600,4,5
475,,,5,2,2,3,32,36,300,600,4,5
476,,,4,1,2,3,17,23,300,600,2,5
477,,,5,1,2,2,33,48,420,540,4,5
478,,,15,2,2,1,14,46,60,180,1,5
479,,,7,2,2,3,15,0,420,540,1,5
480,,,7,1,2,2,3,100,300,600,1,5
481,,,3,2,2,1,42,41,60,180,2,5
482,,,9,2,2,3,1,76,0,300,2,5
483,,,15,2,2,2,25,28,60,180,4,5
484,,,13,2,2,1,38,50,60,180,4,5
485,,,15,1,2,1,64,31,420,540,3,5
486,,,14,2,2,2,2,0,60,180,1,5
487,,,2,1,2,1,99,26,300,600,2,5
488,,,11,1,2,2,50,60,420,540,2,5
489,,,9,1,2,2,52,12,420,540,3,5
490,,,13,2,2,3,28,11,180,300,2,5
491,,,6,2,2,3,18,13,0,300,1,5
492,,,11,2,2,1,30,70,60,180,3,5
493,,,2,1,2,2,97,58,300,600,3,5
494,,,15,1,2,3,29,43,420,540,3,5
495,,,5,1,2,3,65,62,300,600,2,5
496,,,15,1,2,3,33,93,420,540,4,5
497,,,7,1,2,3,94,36,300,600,3,5
498,,,8,2,2,3,100,64,300,600,3,5
499,,,8,2,2,3,79,99,0,300,4,5
500,,,13,2,2,3,78,35,0,300,4,5
501,,,15,1,2,3,26,93,420,540,4,5
502,,,3,2,2,3,69,69,420,540,1,5
503,,,9,1,2,3,45,57,420,540,3,5
504,,,3,2,2,1,59,31,60,180,1,5
505,,,15,1,2,2,33,44,300,600,3,5
506,,,11,1,2,3,64,63,420,540,4,5
507,,,5,1,2,1,96,38,420,540,2,5
508,,,15,2,2,2,9,0,420,540,1,5
509,,,15,2,2,2,9,46,180,300,1,5
510,,,3,2,2,2,7,39,60,180,1,5
511,,,13,1,2,2,80,32,420,540,2,5
512,,,10,2,2,2,6,90,300,600,1,5
513,,,12,2,2,3,37,83,60,180,3,5
514,,,14,2,2,2,87,8,180,300,3,5
515,,,3,2,2,2,80,0,420,540,1,5
516,,,12,2,2,2,82,24,180,300,2,5
517,,,5,1,2,1,11,25,300,600,2,5
518,,,2,2,2,3,49,48,300,600,2,5
519,,,6,2,2,2,33,50,180,300,3,5
520,,,10,1,2,2,88,28,300,600,4,5
521,,,12,1,2,2,71,77,300,600,3,5
522,,,13,2,2,2,69,1,60,180,4,5
523,,,11,2,2,1,29,8,0,300,1,5
524,,,14,2,2,1,9,44,180,300,3,5
525,,,13,2,2,3,54,35,0,300,4,5
526,,,3,1,2,1,76,35,420,540,2,5
527,,,9,2,2,3,64,64,420,540,3,5
528,,,15,1,2,3,7,65,420,540,4,5
529,,,12,2,2,2,73,8,0,300,2,5
530,,,10,1,2,1,49,16,300,600,3,5
531,,,15,2,2,1,30,25,300,420,2,5
532,,,3,2,2,2,25,64,300,420,1,5
533,,,2,2,2,1,20,46,180,300,2,5
534,,,9,2,2,2,97,30,300,600,1,5
535,,,15,2,2,2,27,30,60,180,3,5
536,,,3,2,2,1,47,59,60,180,3,5
537,,,13,2,2,3,34,92,0,300,3,5
538,,,5,2,2,1,88,8,300,420,1,5
539,,,7,1,2,3,54,10,300,600,4,5
540,,,3,1,2,1,55,29,300,600,1,5
541,,,5,2,2,2,1,77,180,300,4,5
542,,,3,2,2,2,10,45,180,300,1,5
543,,,5,2,2,2,70,91,180,300,1,5
544,,,11,1,2,3,12,37,420,540,4,5
545,,,9,2,2,1,65,98,300,600,4,5
546,,,7,2,2,2,67,58,60,180,3,5
547,,,8,2,2,1,19,64,60,180,4,5
548,,,11,2,2,3,67,92,60,180,2,5
549,,,6,1,2,1,47,37,300,600,1,5
550,,,5,2,2,2,61,18,300,600,1,5
551,,,15,1,2,1,51,20,300,600,1,5
552,,,12,1,2,3,4,47,300,600,3,5
553,,,15,1,2,1,45,19,420,540,3,5
554,,,2,2,2,1,36,39,420,540,3,5
555,,,12,1,2,2,34,64,420,540,4,5
556,,,6,2,2,1,68,80,180,300,2,5
557,,,8,2,2,2,4,74,60,180,3,5
558,,,9,2,2,2,7,28,180,300,2,5
559,,,10,2,2,2,45,6,180,300,4,5
560,,,5,1,2,3,22,18,420,540,3,5
561,,,6,1,2,3,95,96,420,540,4,5
562,,,6,1,2,3,25,68,300,600,2,5
563,,,4,2,2,3,55,20,60,180,3,5
564,,,13,2,2,2,72,4,420,540,1,5
565,,,15,1,2,1,62,86,300,600,3,5
566,,,6,2,2,2,48,79,0,300,3,5
567,,,11,1,2,2,36,61,300,600,2,5
568,,,12,2,2,3,91,66,60,180,1,5
569,,,14,1,2,1,72,20,300,600,1,5
570,,,7,1,2,3,38,76,300,600,3,5
571,,,13,2,2,1,74,53,180,300,3,5
572,,,14,1,2,3,82,95,300,600,2,5
573,,,4,2,2,2,81,79,60,180,4,5
574,,,10,1,2,3,63,54,300,600,1,5
575,,,4,1,2,3,88,67,420,540,1,5
576,,,6,2,2,1,26,17,0,300,1,5
577,,,7,2,2,3,50,100,0,300,4,5
578,,,2,2,2,2,12,35,60,180,2,5
579,,,3,2,2,3,70,14,300,420,2,5
580,,,12,1,2,2,33,18,300,600,4,5
581,,,15,1,2,3,97,64,420,540,1,5
582,,,10,2,2,3,71,43,300,600,4,5
583,,,5,1,2,2,1,61,420,540,1,5
584,,,10,1,2,3,75,47,300,600,2,5
585,,,10,1,2,3,24,46,300,600,2,5
586,,,9,2,2,3,78,61,0,300,2,5
587,,,15,1,2,3,40,87,300,600,4,5
588,,,10,2,2,2,4,3,420,540,1,5
589,,,5,1,2,2,7,51,300,600,4,5
590,,,13,1,2,3,35,96,300,600,3,5
591,,,15,2,2,3,22,55,0,300,4,5
592,,,12,1,2,3,36,49,300,600,2,5
593,,,14,1,2,1,26,95,420,540,4,5
594,,,9,1,2,2,67,50,300,600,4,5
595,,,7,2,2,3,25,81,0,300,1,5
596,,,4,1,2,1,69,17,420,540,1,5
597,,,9,1,2,3,33,58,300,600,1,5
598,,,7,2,2,1,96,72,420,540,4,5
599,,,7,1,2,1,16,38,420,540,4,5
600,,,13,1,2,2,34,43,420,540,4,5
601,,,13,1,2,2,52,18,420,540,2,5
602,,,4,1,2,3,68,71,420,540,3,5
603,,,7,1,2,2,40,1,420,540,3,5
604,,,11,2,2,1,75,60,60,180,1,5
605,,,3,2,2,3,63,4,300,600,4,5
606,,,15,2,2,2,52,91,180,300,1,5
607,,,14,1,2,1,12,59,300,600,1,5
608,,,6,1,2,3,46,52,300,600,3,5
609,,,8,1,2,1,7,43,420,540,2,5
610,,,11,1,2,3,18,28,300,600,2,5
611,,,5,2,2,3,91,34,0,300,2,5
612,,,3,1,2,1,100,18,420,540,2,5
613,,,11,1,2,3,18,89,420,540,3,5
614,,,8,2,2,2,84,58,300,420,1,5
615,,,6,1,2,2,5,52,300,600,2,5
616,,,3,2,2,3,84,61,420,540,2,5
617,,,7,2,2,2,62,14,300,600,3,5
618,,,4,2,2,3,60,83,60,180,3,5
619,,,5,2,2,2,15,5,0,300,4,5
620,,,11,1,2,1,26,90,300,600,4,5
621,,,11,1,2,2,91,96,300,600,3,5
622,,,11,2,2,2,16,60,60,180,1,5
623,,,14,2,2,1,58,62,0,300,3,5
624,,,6,1,2,2,59,14,420,540,1,5
625,,,15,1,2,3,79,31,300,600,4,5
626,,,9,2,2,1,16,26,180,300,4,5
627,,,14,1,2,3,59,65,300,600,1,5
628,,,6,2,2,3,3,65,0,300,3,5
629,,,8,1,2,3,12,87,300,600,2,5
630,,,8,2,2,3,83,58,180,300,3,5
631,,,11,2,2,2,67,79,60,180,1,5
632,,,7,2,2,3,35,77,420,540,1,5
633,,,9,1,2,2,48,81,420,540,2,5
634,,,2,1,2,1,67,1,300,600,2,5
635,,,10,2,2,1,47,77,0,300,2,5
636,,,10,1,2,3,49,31,300,600,2,5
637,,,9,1,2,2,73,71,300,600,4,5
638,,,8,2,2,2,75,1,60,180,4,5
639,,,7,2,2,1,45,53,300,420,4,5
640,,,13,2,2,3,6,68,180,300,1,5
641,,,2,1,2,1,30,57,420,540,3,5
642,,,16,2,2,3,38,20,420,540,4,5
643,,,11,1,2,3,90,96,420,540,4,5
644,,,14,2,2,1,69,85,0,300,1,5
645,,,10,2,2,3,87,67,0,300,4,5
646,,,6,1,2,2,28,83,300,600,3,5
647,,,4,1,2,1,75,25,420,540,4,5
648,,,5,2,2,3,62,54,0,300,1,5
649,,,6,2,2,1,31,67,60,180,1,5
650,,,12,1,2,1,14,72,420,540,4,5
651,,,7,2,2,1,73,10,0,300,4,5
652,,,3,1,2,3,62,45,300,600,4,5
653,,,9,1,2,2,87,35,420,540,4,5
654,,,16,2,2,3,97,24,60,180,4,5
655,,,5,1,2,2,12,56,300,600,2,5
656,,,14,2,2,3,14,34,0,300,1,5
657,,,16,1,2,3,31,75,300,600,1,5
658,,,6,1,2,3,14,2,420,540,3,5
659,,,8,2,2,1,21,99,300,600,2,5
660,,,12,2,2,1,71,13,300,600,1,5
661,,,11,1,2,3,63,53,420,540,4,5
662,,,11,2,2,1,39,93,60,180,4,5
663,,,6,2,2,3,65,98,420,540,1,5
664,,,8,2,2,3,45,64,180,300,2,5
665,,,14,2,2,1,47,41,60,180,3,5
666,,,15,1,2,2,11,91,300,600,1,5
667,,,5,1,2,2,41,57,300,600,3,5
668,,,15,2,2,2,28,27,300,420,4,5
669,,,4,2,2,1,74,60,180,300,3,5
670,,,2,2,2,1,65,76,60,180,3,5
671,,,11,2,2,2,5,13,60,180,2,5
672,,,5,2,2,3,93,92,300,420,3,5
673,,,2,1,2,3,15,63,300,600,1,5
674,,,14,1,2,1,54,77,300,600,3,5
675,,,11,2,2,3,67,1,60,180,4,5
676,,,16,2,2,2,82,49,60,180,1,5
677,,,4,1,2,1,17,26,300,600,3,5
678,,,9,2,2,3,40,12,300,420,3,5
679,,,13,2,2,3,14,82,180,300,3,5
680,,,14,2,2,3,21,94,420,540,4,5
681,,,15,1,2,2,81,33,300,600,2,5
682,,,9,2,2,2,52,2,300,600,3,5
683,,,5,2,2,3,18,40,60,180,3,5
684,,,6,2,2,2,51,53,60,180,2,5
685,,,7,1,2,1,98,77,300,600,3,5
686,,,4,1,2,2,42,53,300,600,2,5
687,,,11,2,2,2,27,65,60,180,3,5
688,,,10,2,2,3,15,36,180,300,4,5
689,,,13,2,2,3,91,97,420,540,2,5
690,,,9,1,2,3,76,73,300,600,1,5
691,,,8,1,2,2,61,90,420,540,3,5
692,,,12,1,2,2,43,48,300,600,3,5
693,,,2,1,2,3,20,94,420,540,1,5
694,,,6,2,2,3,77,56,0,300,2,5
695,,,8,2,2,2,29,30,300,420,2,5
696,,,5,1,2,1,66,17,420,540,4,5
697,,,4,2,2,1,21,75,0,300,4,5
698,,,7,2,2,2,6,7,180,300,1,5
699,,,16,1,2,3,72,58,420,540,3,5
700,,,13,1,2,1,62,3,300,600,4,5
701,,,3,1,2,2,7,48,300,600,4,5
702,,,14,1,2,1,36,10,420,540,1,5
703,,,14,2,2,1,98,3,300,600,1,5
704,,,6,1,2,1,78,82,420,540,1,5
705,,,10,2,2,1,81,66,300,600,1,5
706,,,11,2,2,3,50,75,180,300,4,5
707,,,5,1,2,2,80,13,420,540,2,5
708,,,6,1,2,2,52,18,300,600,4,5
709,,,13,2,2,1,61,64,420,540,3,5
710,,,12,1,2,2,43,46,420,540,4,5
711,,,7,2,2,2,90,68,180,300,2,5
712,,,3,1,2,2,95,28,300,600,1,5
713,,,15,1,2,1,28,99,300,600,3,5
714,,,17,2,2,1,3,33,420,540,2,5
715,,,7,2,2,2,17,40,60,180,1,5
716,,,14,1,2,2,24,70,300,600,1,5
717,,,13,2,2,3,15,99,420,540,4,5
718,,,8,2,2,3,100,71,0,300,3,5
719,,,15,2,2,2,33,29,0,300,1,5
720,,,8,2,2,3,56,62,0,300,3,5
721,,,13,1,2,1,21,41,300,600,2,5
722,,,5,1,2,3,42,82,300,600,4,5
723,,,17,2,2,3,40,46,60,180,3,5
724,,,13,1,2,1,24,2,300,600,2,5
725,,,9,1,2,3,8,75,420,540,2,5
726,,,5,1,2,3,100,28,300,600,2,5
727,,,14,1,2,1,65,98,300,600,2,5
728,,,11,1,2,2,40,42,420,540,1,5
729,,,12,2,2,1,94,73,180,300,2,5
730,,,9,1,2,2,31,42,300,600,1,5
731,,,9,2,2,2,6,59,60,180,3,5
732,,,6,1,2,3,90,20,300,600,1,5
733,,,9,1,2,3,77,21,420,540,3,5
734,,,7,2,2,3,69,3,60,180,1,5
735,,,3,1,2,1,22,46,420,540,3,5
736,,,16,1,2,3,67,76,300,600,4,5
737,,,14,2,2,1,12,9,0,300,3,5
738,,,15,2,2,1,85,91,0,300,4,5
739,,,7,2,2,1,41,97,60,180,4,5
740,,,9,1,2,3,47,97,300,600,2,5
741,,,8,1,2,3,29,61,300,600,3,5
742,,,16,1,2,2,21,49,420,540,1,5
743,,,5,2,2,2,39,92,300,420,1,5
744,,,9,1,2,2,59,14,300,600,3,5
745,,,14,1,2,3,17,61,300,600,4,5
746,,,10,2,2,3,29,71,0,300,1,5
747,,,11,2,2,3,5,28,180,300,3,5
748,,,13,1,2,2,26,48,300,600,1,5
749,,,7,1,2,3,6,2,420,540,2,5
750,,,9,1,2,1,50,58,420,540,1,5
751,,,7,1,2,3,97,100,300,600,2,5
752,,,12,1,2,3,42,70,300,600,4,5
753,,,14,2,2,3,71,67,300,600,3,5
754,,,13,1,2,1,10,69,300,600,4,5
755,,,5,2,2,2,91,26,60,180,2,5
756,,,12,1,2,2,70,69,420,540,4,5
757,,,4,2,2,1,64,35,60,180,1,5
758,,,5,2,2,2,8,57,300,420,2,5
759,,,14,2,2,3,76,95,300,600,4,5
760,,,6,1,2,2,88,20,420,540,4,5
761,,,9,2,2,1,83,40,300,420,3,5
762,,,5,1,2,3,65,45,420,540,1,5
763,,,7,1,2,1,62,20,300,600,3,5
764,,,2,2,2,2,12,79,420,540,3,5
765,,,5,2,2,3,25,70,0,300,3,5
766,,,2,2,2,2,21,71,300,600,1,5
767,,,10,2,2,2,41,94,420,540,1,5
768,,,5,1,2,2,100,8,420,540,4,5
769,,,5,2,2,3,32,26,180,300,4,5
770,,,12,2,2,2,30,64,420,540,1,5
771,,,14,2,2,3,72,60,60,180,4,5
772,,,5,1,2,1,29,72,420,540,4,5
773,,,4,2,2,1,72,70,0,300,2,5
774,,,13,1,2,3,44,9,420,540,2,5
775,,,2,1,2,1,11,44,420,540,4,5
776,,,9,2,2,3,60,21,0,300,4,5
777,,,8,2,2,1,75,12,180,300,4,5
778,,,16,2,2,2,55,39,0,300,1,5
779,,,15,1,2,2,8,56,420,540,4,5
780,,,10,1,2,1,31,92,420,540,1,5
781,,,9,2,2,1,33,70,0,300,1,5
782,,,6,1,2,3,41,32,300,600,3,5
783,,,7,2,2,3,47,37,420,540,3,5
784,,,5,1,2,3,30,6,420,540,3,5
785,,,14,1,2,3,62,86,300,600,4,5
786,,,5,2,2,2,47,14,60,180,2,5
787,,,2,1,2,3,95,42,420,540,3,5
788,,,5,1,2,2,48,82,300,600,3,5
789,,,2,1,2,1,100,71,300,600,4,5
790,,,10,2,2,3,88,24,300,600,3,5
791,,,14,2,2,1,49,46,60,180,3,5
792,,,10,1,2,1,32,9,300,600,4,5
793,,,9,1,2,1,48,40,420,540,3,5
794,,,9,2,2,1,47,52,300,600,1,5
795,,,4,1,2,3,45,50,300,600,4,5
796,,,15,1,2,3,65,6,420,540,4,5
797,,,7,2,2,3,90,72,300,600,1,5
798,,,12,1,2,3,61,64,300,600,2,5
799,,,3,1,2,1,74,90,420,540,1,5
800,,,11,1,2,2,59,93,300,600,4,5
801,,,16,2,2,2,85,28,300,600,4,5
802,,,15,2,2,1,85,95,300,600,4,5
803,,,15,2,2,1,8,24,0,300,4,5
804,,,10,1,2,2,46,3,420,540,4,5
805,,,11,1,2,3,51,28,420,540,3,5
806,,,8,1,2,2,31,0,300,600,1,5
807,,,13,1,2,2,85,39,420,540,1,5
808,,,12,1,2,1,53,68,420,540,1,5
809,,,5,2,2,3,32,40,420,540,3,5
810,,,15,2,2,3,44,8,300,600,2,5
811,,,12,2,2,1,43,28,300,600,2,5
812,,,11,2,2,1,63,55,180,300,3,5
813,,,11,1,2,2,6,78,300,600,3,5
814,,,14,1,2,3,100,85,300,600,4,5
815,,,2,1,2,2,94,9,300,600,3,5
816,,,5,1,2,3,28,8,300,600,1,5
817,,,6,1,2,2,72,7,300,600,1,5
818,,,10,2,2,3,82,84,180,300,1,5
819,,,6,1,2,1,45,54,300,600,3,5
820,,,8,1,2,1,52,21,300,600,2,5
821,,,7,1,2,2,66,14,300,600,1,5
822,,,3,1,2,3,66,91,300,600,1,5
823,,,9,1,2,1,27,47,300,600,2,5
824,,,9,1,2,1,33,17,420,540,3,5
825,,,9,2,2,3,35,96,420,540,2,5
826,,,12,1,2,3,84,33,420,540,1,5
827,,,13,2,2,2,2,30,420,540,3,5
828,,,12,2,2,2,65,4,420,540,3,5
829,,,15,2,2,2,72,61,60,180,3,5
830,,,2,1,2,2,42,88,420,540,3,5
831,,,8,2,2,2,89,67,180,300,4,5
832,,,10,1,2,1,28,3,300,600,1,5
833,,,8,2,2,1,0,7,180,300,4,5
834,,,2,1,2,3,39,68,300,600,1,5
835,,,15,1,2,2,82,21,300,600,3,5
836,,,16,1,2,2,25,45,300,600,1,5
837,,,4,2,2,3,90,49,60,180,3,5
838,,,10,1,2,1,6,5,300,600,1,5
839,,,12,1,2,3,77,18,420,540,2,5
840,,,7,1,2,2,44,80,300,600,3,5
841,,,14,1,2,3,87,65,300,600,2,5
842,,,3,1,2,3,42,35,300,600,4,5
843,,,10,2,2,2,56,73,420,540,2,5
844,,,13,2,2,1,14,63,300,420,4,5
845,,,4,2,2,2,81,7,300,420,1,5
846,,,8,2,2,2,1,27,0,300,2,5
847,,,7,1,2,2,85,46,300,600,2,5
848,,,7,2,2,2,56,71,60,180,2,5
849,,,10,1,2,3,93,2,300,600,3,5
850,,,15,2,2,2,13,97,180,300,4,5
851,,,8,1,2,2,57,77,420,540,1,5
852,,,8,1,2,3,54,2,420,540,2,5
853,,,10,1,2,1,20,95,300,600,2,5
854,,,2,1,2,1,82,54,300,600,2,5
855,,,10,1,2,2,41,10,300,600,1,5
856,,,11,2,2,2,29,76,0,300,4,5
857,,,7,1,2,3,28,83,420,540,2,5
858,,,4,1,2,1,97,7,420,540,3,5
859,,,2,1,2,3,40,73,420,540,3,5
860,,,15,2,2,2,38,82,60,180,3,5
861,,,3,1,2,2,56,32,420,540,1,5
862,,,15,2,2,3,81,17,0,300,4,5
863,,,6,2,2,1,96,86,300,420,1,5
864,,,7,2,2,1,25,77,0,300,4,5
865,,,13,1,2,3,68,29,420,540,2,5
866,,,7,2,2,1,91,86,420,540,2,5
867,,,15,1,2,3,47,32,420,540,2,5
868,,,13,2,2,2,32,100,60,180,4,5
869,,,6,1,2,3,71,43,420,540,3,5
870,,,9,1,2,3,30,40,300,600,4,5
871,,,5,2,2,2,68,22,300,420,1,5
872,,,7,2,2,1,61,19,420,540,4,5
873,,,10,1,2,2,70,36,420,540,4,5
874,,,10,1,2,2,26,81,300,600,3,5
875,,,9,2,2,3,17,87,0,300,3,5
876,,,2,1,2,3,4,78,420,540,3,5
877,,,9,2,2,1,91,60,60,180,3,5
878,,,7,1,2,3,42,14,420,540,4,5
879,,,6,2,2,1,77,64,180,300,3,5
880,,,6,1,2,1,40,67,420,540,1,5
881,,,7,2,2,1,60,100,420,540,1,5
882,,,6,2,2,1,26,100,180,300,2,5
883,,,15,2,2,1,68,24,0,300,4,5
884,,,3,1,2,2,0,38,420,540,3,5
885,,,10,2,2,3,2,98,420,540,4,5
886,,,9,2,2,1,33,86,60,180,3,5
887,,,7,2,2,2,27,100,420,540,4,5
888,,,8,2,2,3,57,98,420,540,4,5
889,,,6,2,2,2,30,61,420,540,3,5
890,,,3,1,2,3,57,57,420,540,4,5
891,,,15,1,2,3,16,62,300,600,2,5
892,,,3,2,2,2,56,2,60,180,4,5
893,,,5,2,2,2,8,62,0,300,4,5
894,,,7,1,2,1,46,21,300,600,4,5
895,,,10,1,2,1,64,13,300,600,4,5
896,,,15,2,2,2,5,79,420,540,3,5
897,,,15,1,2,2,16,38,420,540,4,5
898,,,9,1,2,3,90,44,420,540,3,5
899,,,10,2,2,1,18,89,180,300,3,5
900,,,14,1,2,2,29,23,420,540,3,5
901,,,9,1,2,1,11,58,300,600,4,5
902,,,3,2,2,1,98,55,60,180,4,5
903,,,15,1,2,1,76,65,300,600,4,5
904,,,6,1,2,1,80,17,300,600,4,5
905,,,2,2,2,2,27,22,180,300,3,5
906,,,9,1,2,3,53,53,300,600,1,5
907,,,4,2,2,2,52,11,60,180,2,5
908,,,10,2,2,3,86,85,0,300,1,5
909,,,8,2,2,1,41,38,420,540,3,5
910,,,15,2,2,1,71,58,60,180,4,5
911,,,15,1,2,3,76,54,420,540,2,5
912,,,14,2,2,2,19,59,300,600,3,5
913,,,6,1,2,2,12,42,420,540,4,5
914,,,13,2,2,3,92,34,0,300,2,5
915,,,2,1,2,3,69,61,420,540,3,5
916,,,14,1,2,3,35,95,420,540,4,5
917,,,13,2,2,2,25,8,0,300,3,5
918,,,15,1,2,2,81,11,420,540,1,5
919,,,10,2,2,2,44,43,0,300,1,5
920,,,8,1,2,2,34,30,420,540,4,5
921,,,6,2,2,3,57,13,300,600,4,5
922,,,8,2,2,2,16,3,300,420,3,5
923,,,4,2,2,2,76,35,0,300,3,5
924,,,7,2,2,3,60,0,420,540,4,5
925,,,12,2,2,1,73,38,300,600,3,5
926,,,9,1,2,1,60,56,300,600,3,5
927,,,3,1,2,2,27,58,420,540,3,5
928,,,8,2,2,2,65,13,180,300,4,5
929,,,5,2,2,2,48,37,180,300,4,5
930,,,4,2,2,2,65,79,0,300,1,5
931,,,4,1,2,2,96,62,300,600,3,5
932,,,9,1,2,2,77,17,420,540,1,5
933,,,10,2,2,2,19,56,420,540,4,5
934,,,13,1,2,1,38,63,420,540,4,5
935,,,10,2,2,2,16,43,0,300,1,5
936,,,12,1,2,3,41,39,300,600,1,5
937,,,8,1,2,3,52,57,420,540,2,5
938,,,13,1,2,3,55,22,300,600,1,5
939,,,8,1,2,3,2,6,420,540,2,5
940,,,4,2,2,2,28,64,180,300,4,5
941,,,15,2,2,2,28,46,180,300,2,5
942,,,9,2,2,1,88,20,300,600,4,5
943,,,13,1,2,3,33,63,300,600,4,5
944,,,4,2,2,1,89,32,420,540,3,5
945,,,5,1,2,1,74,70,420,540,3,5
946,,,10,1,2,3,44,18,420,540,3,5
947,,,12,1,2,3,2,25,420,540,3,5
948,,,4,1,2,1,21,90,420,540,3,5
949,,,9,1,2,2,58,38,420,540,3,5
950,,,4,2,2,3,17,4,420,540,1,5
951,,,10,2,2,2,7,5,60,180,3,5
952,,,14,1,2,2,64,2,420,540,2,5
953,,,12,1,2,2,87,63,420,540,2,5
954,,,13,2,2,2,42,66,60,180,4,5
955,,,13,2,2,2,62,96,180,300,3,5
956,,,15,2,2,3,95,6,60,180,3,5
957,,,5,1,2,1,66,1,420,540,3,5
958,,,11,2,2,1,56,92,180,300,1,5
959,,,2,1,2,1,51,21,420,540,4,5
960,,,3,1,2,1,72,98,300,600,3,5
961,,,12,2,2,1,85,68,0,300,1,5
962,,,6,2,2,3,76,91,300,420,3,5
963,,,7,1,2,1,97,93,420,540,2,5
964,,,10,1,2,2,79,9,420,540,4,5
965,,,3,2,2,2,73,80,0,300,3,5
966,,,8,1,2,2,6,20,420,540,4,5
967,,,2,2,2,3,1,85,420,540,3,5
968,,,7,2,2,3,3,75,420,540,4,5
969,,,7,2,2,1,5,6,60,180,2,5
970,,,4,2,2,1,80,63,60,180,1,5
971,,,11,2,2,3,33,68,60,180,1,5
972,,,6,2,2,2,45,75,0,300,3,5
973,,,7,2,2,1,45,87,420,540,1,5
974,,,4,2,2,3,24,54,60,180,4,5
975,,,5,2,2,3,79,87,180,300,3,5
976,,,11,1,2,2,35,31,420,540,3,5
977,,,1,1,2,1,7,55,420,540,2,5
978,,,11,2,2,2,61,65,0,300,3,5
979,,,9,2,2,2,40,63,0,300,4,5
980,,,3,2,2,2,31,24,60,180,1,5
981,,,16,2,2,3,85,81,180,300,1,5
982,,,13,2,2,1,11,12,300,600,2,5
983,,,14,1,2,2,16,26,300,600,1,5
984,,,12,2,2,1,17,96,300,420,3,5
985,,,2,1,2,2,19,45,420,540,4,5
986,,,5,1,2,3,48,97,300,600,4,5
987,,,16,2,2,2,51,25,420,540,3,5
988,,,3,2,2,1,6,60,420,540,3,5
989,,,14,2,2,1,9,67,60,180,4,5
990,,,10,2,2,3,30,95,0,300,3,5
991,,,14,1,2,3,44,87,420,540,4,5
992,,,5,2,2,1,64,32,420,540,1,5
993,,,11,2,2,2,87,82,0,300,4,5
994,,,7,1,2,1,1,89,300,600,1,5
995,,,7,1,2,2,7,31,300,600,1,5
996,,,10,1,2,3,19,44,300,600,3,5
997,,,10,1,2,1,86,22,300,600,4,5
998,,,9,1,2,2,60,56,420,540,1,5
999,,,9,1,2,1,49,19,300,600,1,5
1000,,,6,2,2,2,16,98,180,300,4,5
1001,,,13,1,2,3,36,9,300,600,2,5
1002,,,6,2,2,2,6,53,0,300,2,5
1003,,,12,2,2,2,9,55,180,300,2,5
1004,,,8,1,2,3,52,65,300,600,1,5
1005,,,5,1,2,2,96,62,300,600,2,5
1006,,,9,2,2,3,27,46,180,300,3,5
1007,,,4,1,2,1,27,21,300,600,4,5
1008,,,15,1,2,1,20,25,300,600,4,5
1009,,,4,2,2,1,5,6,420,540,2,5
1010,,,7,2,2,2,89,44,0,300,3,5
1011,,,3,2,2,1,16,46,180,300,1,5
1012,,,8,2,2,3,71,15,0,300,2,5
1013,,,11,2,2,2,54,59,180,300,2,5
1014,,,7,1,2,2,14,5,300,600,3,5
1015,,,7,2,2,2,66,93,180,300,4,5
1016,,,13,1,2,2,35,74,420,540,1,5
1017,,,4,2,2,2,60,81,300,600,3,5
1018,,,4,1,2,3,13,3,300,600,1,5
1019,,,6,2,2,1,73,38,60,180,3,5
1020,,,7,1,2,3,59,15,300,600,2,5
1021,,,12,2,2,2,77,6,60,180,1,5
1022,,,7,1,2,2,18,76,420,540,1,5
1023,,,9,2,2,1,69,91,0,300,3,5
1024,,,13,1,2,3,69,82,420,540,3,5
1025,,,4,1,2,3,61,91,420,540,2,5
1026,,,4,2,2,1,73,90,0,300,4,5
1027,,,12,1,2,2,52,54,300,600,4,5
1028,,,10,2,2,2,65,44,60,180,3,5
1029,,,4,1,2,1,81,83,300,600,3,5
1030,,,13,1,2,2,88,76,300,600,3,5
1031,,,17,2,2,1,60,19,0,300,4,5
1032,,,7,1,2,3,32,54,420,540,2,5
1033,,,13,1,2,3,89,46,420,540,2,5
1034,,,13,2,2,3,33,65,60,180,4,5
1035,,,11,1,2,1,10,63,420,540,3,5
1036,,,7,2,2,1,72,90,0,300,4,5
1037,,,3,2,2,3,100,67,60,180,2,5
1038,,,8,2,2,1,45,84,420,540,2,5
1039,,,12,2,2,2,99,45,60,180,1,5
1040,,,2,1,2,3,60,49,420,540,4,5
1041,,,4,1,2,1,60,16,420,540,4,5
1042,,,3,1,2,1,94,14,420,540,1,5
1043,,,12,2,2,3,15,68,60,180,1,5
1044,,,4,1,2,1,98,11,300,600,1,5
1045,,,6,2,2,3,21,60,0,300,1,5
1046,,,10,1,2,1,56,3,420,540,3,5
1047,,,9,2,2,1,37,81,180,300,1,5
1048,,,4,1,2,3,8,88,300,600,2,5
1049,,,9,1,2,1,56,52,420,540,2,5
1050,,,2,2,2,1,31,69,0,300,1,5
1051,,,2,1,2,3,63,47,300,600,4,5
1052,,,15,1,2,1,65,56,300,600,4,5
1053,,,12,1,2,2,45,21,300,600,4,5
1054,,,9,1,2,3,7,47,420,540,2,5
1055,,,13,2,2,2,92,57,420,540,4,5
1056,,,7,1,2,1,3,61,300,600,2,5
1057,,,1,1,2,2,33,24,420,540,2,5
1058,,,6,1,2,1,46,76,300,600,2,5
1059,,,13,2,2,1,14,70,0,300,3,5
1060,,,9,2,2,1,83,16,300,600,4,5
1061,,,11,2,2,1,80,0,60,180,1,5
1062,,,8,2,2,2,89,71,0,300,1,5
1063,,,4,2,2,2,58,91,420,540,1,5
1064,,,7,1,2,3,60,36,300,600,4,5
1065,,,11,2,2,1,39,43,180,300,1,5
1066,,,14,2,2,2,76,35,60,180,4,5
1067,,,16,1,2,1,38,38,420,540,3,5
1068,,,5,2,2,1,82,11,0,300,4,5
1069,,,7,2,2,1,39,73,300,420,4,5
1070,,,9,1,2,1,52,52,300,600,2,5
1071,,,14,2,2,2,23,6,60,180,4,5
1072,,,5,2,2,3,83,18,60,180,2,5
1073,,,13,2,2,3,80,43,0,300,1,5
1074,,,7,2,2,1,29,9,60,180,3,5
1075,,,3,1,2,2,100,6,300,600,3,5
1076,,,7,1,2,1,6,99,300,600,4,5
1077,,,2,1,2,2,24,52,420,540,1,5
1078,,,14,1,2,3,76,94,300,600,3,5
1079,,,10,2,2,3,45,44,180,300,4,5
1080,,,8,1,2,2,97,46,420,540,1,5
1081,,,9,2,2,2,27,65,60,180,1,5
1082,,,14,2,2,1,40,69,60,180,4,5
1083,,,11,2,2,1,14,43,420,540,3,5
1084,,,11,1,2,1,89,55,300,600,4,5
1085,,,9,1,2,3,92,36,300,600,4,5
1086,,,8,1,2,2,0,97,420,540,3,5
1087,,,6,2,2,3,79,30,0,300,4,5
1088,,,12,2,2,2,71,97,180,300,4,5
1089,,,7,1,2,2,88,44,300,600,2,5
1090,,,14,2,2,3,37,13,0,300,1,5
1091,,,10,2,2,2,21,52,0,300,2,5
1092,,,6,2,2,1,24,64,420,540,1,5
1093,,,11,2,2,2,42,21,180,300,3,5
1094,,,12,1,2,3,21,77,420,540,4,5
1095,,,9,1,2,2,31,71,420,540,1,5
1096,,,7,1,2,3,50,45,420,540,2,5
1097,,,7,1,2,1,72,1,420,540,2,5
1098,,,9,2,2,1,99,51,420,540,2,5
1099,,,2,1,2,1,93,11,420,540,4,5
1100,,,9,1,2,1,32,68,300,600,2,5
1101,,,15,1,2,1,90,6,420,540,1,5
1102,,,8,1,2,1,42,95,420,540,1,5
1103,,,8,2,2,1,70,44,60,180,3,5
1104,,,10,2,2,1,75,61,180,300,1,5
1105,,,8,1,2,1,12,4,420,540,3,5
1106,,,13,1,2,3,84,24,420,540,3,5
1107,,,16,2,2,3,62,20,180,300,1,5
1108,,,6,2,2,3,66,59,300,600,2,5
1109,,,13,2,2,1,6,39,60,180,3,5
1110,,,11,1,2,3,49,22,300,600,3,5
1111,,,10,1,2,1,65,27,300,600,4,5
1112,,,5,2,2,1,45,91,180,300,1,5
1113,,,10,1,2,2,99,90,420,540,4,5
1114,,,11,2,2,2,75,82,180,300,3,5
1115,,,9,1,2,1,13,22,420,540,1,5
1116,,,4,2,2,1,19,7,180,300,1,5
1117,,,10,1,2,3,11,75,300,600,2,5
1118,,,9,1,2,3,96,43,420,540,4,5
1119,,,8,2,2,1,64,76,180,300,4,5
1120,,,3,2,2,3,72,14,60,180,2,5
1121,,,7,2,2,1,58,37,0,300,1,5
1122,,,3,1,2,1,22,26,420,540,3,5
1123,,,13,2,2,1,17,98,0,300,4,5
1124,,,5,2,2,2,59,29,300,420,2,5
1125,,,13,1,2,1,4,88,300,600,4,5
1126,,,14,2,2,3,9,94,180,300,4,5
1127,,,13,2,2,3,97,81,300,600,3,5
1128,,,11,2,2,3,8,30,60,180,1,5
1129,,,8,1,2,3,19,31,420,540,4,5
1130,,,2,1,2,3,99,35,300,600,1,5
1131,,,2,1,2,2,58,39,420,540,2,5
1132,,,12,2,2,2,92,69,60,180,2,5
1133,,,7,2,2,3,76,0,180,300,1,5
1134,,,12,1,2,2,5,21,420,540,2,5
1135,,,2,1,2,2,41,47,300,600,4,5
1136,,,6,2,2,2,90,13,180,300,2,5
1137,,,11,2,2,2,6,65,0,300,4,5
1138,,,11,2,2,3,44,68,0,300,2,5
1139,,,8,2,2,2,23,10,60,180,3,5
1140,,,11,2,2,1,76,14,300,420,2,5
1141,,,4,1,2,3,75,51,300,600,3,5
1142,,,9,1,2,3,1,76,300,600,3,5
1143,,,9,1,2,3,88,58,420,540,3,5
1144,,,5,2,2,3,82,52,0,300,3,5
1145,,,15,2,2,3,9,100,300,600,3,5
1146,,,11,1,2,2,56,23,420,540,4,5
1147,,,10,2,2,1,88,79,180,300,3,5
1148,,,5,1,2,2,88,59,300,600,4,5
1149,,,10,1,2,3,31,86,420,540,3,5
1150,,,15,2,2,3,78,41,60,180,2,5
1151,,,10,2,2,1,33,62,60,180,2,5
1152,,,5,1,2,1,39,35,300,600,1,5
1153,,,12,1,2,2,25,82,420,540,4,5
1154,,,5,1,2,3,11,0,420,540,1,5
1155,,,9,1,2,2,17,6,420,540,1,5
1156,,,11,2,2,3,20,15,180,300,2,5
1157,,,14,2,2,2,19,86,60,180,3,5
1158,,,11,1,2,3,52,30,300,600,3,5
1159,,,12,2,2,1,73,25,420,540,1,5
1160,,,11,1,2,1,9,60,300,600,2,5
1161,,,2,1,2,1,39,25,420,540,1,5
1162,,,11,1,2,2,31,67,420,540,4,5
1163,,,11,1,2,3,50,10,300,600,1,5
1164,,,4,2,2,3,79,29,300,420,1,5
1165,,,15,1,2,2,34,74,420,540,1,5
1166,,,16,2,2,1,77,75,420,540,3,5
1167,,,15,2,2,1,76,68,180,300,1,5
1168,,,5,1,2,3,57,90,420,540,3,5
1169,,,13,2,2,2,80,35,420,540,2,5
1170,,,11,1,2,2,77,44,420,540,2,5
1171,,,14,1,2,2,33,7,420,540,1,5
1172,,,11,2,2,2,88,54,180,300,2,5
1173,,,6,1,2,1,20,20,300,600,1,5
1174,,,10,1,2,1,82,64,420,540,4,5
1175,,,3,1,2,1,69,46,420,540,1,5
1176,,,12,2,2,1,28,84,180,300,4,5
1177,,,13,2,2,2,47,41,420,540,1,5
1178,,,10,2,2,1,61,61,180,300,3,5
1179,,,2,2,2,2,43,79,0,300,1,5
1180,,,5,2,2,2,69,89,420,540,4,5
1181,,,13,1,2,1,71,72,420,540,3,5
1182,,,12,1,2,1,86,87,300,600,4,5
1183,,,10,2,2,3,53,7,60,180,1,5
1184,,,11,2,2,1,30,34,300,600,4,5
1185,,,9,1,2,2,94,99,420,540,4,5
1186,,,16,1,2,2,48,20,420,540,2,5
1187,,,12,1,2,2,81,14,420,540,4,5
1188,,,13,1,2,2,72,57,420,540,3,5
1189,,,14,2,2,1,89,93,300,420,3,5
1190,,,2,2,2,3,91,80,180,300,2,5
1191,,,6,1,2,2,30,26,420,540,1,5
1192,,,10,2,2,2,86,25,180,300,3,5
1193,,,10,1,2,3,50,70,420,540,3,5
1194,,,11,2,2,2,64,33,420,540,2,5
1195,,,11,1,2,2,97,7,420,540,3,5
1196,,,2,1,2,2,21,24,300,600,1,5
1197,,,10,1,2,3,49,11,300,600,3,5
1198,,,10,2,2,1,73,32,0,300,4,5
1199,,,9,1,2,2,8,35,300,600,1,5
1200,,,11,2,2,2,82,33,180,300,4,5
1201,,,4,1,2,3,84,97,300,600,3,5
1202,,,14,2,2,1,61,3,300,600,1,5
1203,,,2,1,2,2,49,78,300,600,3,5
1204,,,3,2,2,3,97,32,60,180,3,5
1205,,,10,1,2,1,77,16,300,600,3,5
1206,,,12,2,2,1,9,47,180,300,4,5
1207,,,10,1,2,1,34,30,420,540,2,5
1208,,,3,1,2,3,80,50,300,600,3,5
1209,,,8,2,2,3,70,75,420,540,4,5
1210,,,11,1,2,1,68,91,420,540,4,5
1211,,,9,2,2,1,51,56,0,300,2,5
1212,,,16,2,2,3,68,98,180,300,3,5
1213,,,15,1,2,1,4,3,420,540,2,5
1214,,,3,1,2,2,10,10,300,600,4,5
1215,,,5,2,2,1,22,47,60,180,1,5
1216,,,12,1,2,3,79,81,300,600,1,5
1217,,,5,1,2,3,77,24,300,600,3,5
1218,,,3,1,2,3,35,33,420,540,3,5
1219,,,11,2,2,3,61,24,60,180,1,5
1220,,,3,1,2,1,30,20,300,600,2,5
1221,,,10,1,2,1,44,27,300,600,4,5
1222,,,9,1,2,1,58,50,420,540,4,5
1223,,,5,2,2,2,31,77,60,180,4,5
1224,,,6,2,2,2,86,69,300,420,1,5
1225,,,10,1,2,1,21,87,420,540,1,5
1226,,,3,1,2,2,90,90,300,600,4,5
1227,,,2,1,2,2,30,81,300,600,4,5
1228,,,10,1,2,1,1,42,300,600,4,5
1229,,,15,1,2,2,55,11,420,540,3,5
1230,,,7,1,2,2,78,42,420,540,2,5
1231,,,3,1,2,2,67,10,420,540,4,5
1232,,,2,2,2,1,71,94,180,300,2,5
1233,,,6,2,2,3,82,10,300,420,3,5
1234,,,10,2,2,1,53,17,180,300,2,5
1235,,,7,2,2,1,96,68,420,540,3,5
1236,,,3,2,2,1,2,82,180,300,2,5
1237,,,13,2,2,1,42,40,0,300,3,5
1238,,,9,2,2,2,94,63,0,300,3,5
1239,,,9,1,2,1,65,5,420,540,4,5
1240,,,8,2,2,3,25,71,420,540,2,5
1241,,,7,2,2,3,38,10,420,540,3,5
1242,,,3,1,2,1,25,70,300,600,2,5
1243,,,7,1,2,1,52,87,300,600,2,5
1244,,,9,1,2,3,15,7,420,540,4,5
1245,,,13,1,2,1,20,6,300,600,3,5
1246,,,12,1,2,2,29,53,420,540,2,5
1247,,,8,2,2,2,2,94,180,300,2,5
1248,,,11,2,2,2,62,91,180,300,3,5
1249,,,15,2,2,3,44,88,300,420,3,5
1250,,,6,1,2,1,63,1,420,540,1,5
1251,,,15,2,2,2,36,8,420,540,1,5
1252,,,8,2,2,3,94,38,0,300,2,5
1253,,,5,1,2,2,79,44,420,540,2,5
1254,,,8,2,2,2,61,69,0,300,1,5
1255,,,7,2,2,1,85,50,60,180,2,5
1256,,,15,2,2,2,95,93,0,300,2,5
1257,,,13,1,2,1,94,66,420,540,2,5
1258,,,15,2,2,1,58,19,0,300,1,5
1259,,,15,1,2,1,12,37,420,540,3,5
1260,,,4,1,2,2,1,74,300,600,2,5
1261,,,10,1,2,3,81,58,420,540,1,5
1262,,,11,2,2,3,63,89,0,300,4,5
1263,,,10,2,2,3,92,81,60,180,1,5
1264,,,8,1,2,2,28,17,300,600,3,5
1265,,,15,2,2,1,25,86,180,300,2,5
1266,,,6,2,2,2,81,6,420,540,3,5
1267,,,10,1,2,3,62,91,420,540,4,5
1268,,,5,1,2,1,86,67,300,600,2,5
1269,,,2,1,2,1,42,3,300,600,1,5
1270,,,4,2,2,2,87,6,180,300,4,5
1271,,,10,2,2,3,7,47,60,180,1,5
1272,,,16,2,2,3,72,65,420,540,3,5
1273,,,4,2,2,2,97,33,300,600,4,5
1274,,,11,2,2,1,27,19,420,540,4,5
1275,,,9,1,2,1,79,83,300,600,2,5
1276,,,10,2,2,3,80,37,300,420,3,5
1277,,,14,2,2,1,57,6,300,600,3,5
1278,,,6,1,2,3,78,5,300,600,3,5
1279,,,14,1,2,2,55,90,300,600,4,5
1280,,,8,1,2,2,75,27,420,540,2,5
1281,,,4,1,2,2,91,7,420,540,3,5
1282,,,14,2,2,2,2,23,0,300,4,5
1283,,,4,1,2,3,50,54,420,540,1,5
1284,,,5,2,2,3,84,50,60,180,1,5
1285,,,9,2,2,1,74,75,0,300,2,5
1286,,,11,2,2,1,18,30,60,180,2,5
1287,,,11,1,2,3,94,71,300,600,2,5
1288,,,13,1,2,3,94,97,420,540,3,5
1289,,,12,2,2,2,83,11,180,300,2,5
1290,,,8,2,2,1,39,61,0,300,3,5
1291,,,11,1,2,3,47,51,300,600,1,5
1292,,,15,1,2,2,3,23,420,540,3,5
1293,,,13,2,2,2,10,3,0,300,1,5
1294,,,5,2,2,1,37,66,0,300,4,5
1295,,,11,2,2,2,9,44,60,180,2,5
1296,,,2,1,2,3,69,85,300,600,1,5
1297,,,4,1,2,2,8,34,300,600,4,5
1298,,,2,2,2,3,67,48,420,540,4,5
1299,,,12,1,2,1,37,78,420,540,2,5
1300,,,16,2,2,2,49,49,180,300,3,5
1301,,,10,2,2,3,79,41,300,420,3,5
1302,,,13,2,2,3,12,41,180,300,1,5
1303,,,15,2,2,3,30,98,180,300,3,5
1304,,,13,2,2,1,35,9,0,300,2,5
1305,,,8,2,2,3,87,40,300,600,2,5
1306,,,8,1,2,2,81,57,300,600,4,5
1307,,,14,2,2,3,71,35,60,180,1,5
1308,,,10,1,2,2,31,10,300,600,4,5
1309,,,6,1,2,1,37,12,420,540,1,5
1310,,,6,2,2,2,65,83,420,540,4,5
1311,,,9,2,2,2,88,11,300,600,1,5
1312,,,13,2,2,1,71,68,0,300,3,5
1313,,,3,1,2,3,71,1,420,540,1,5
1314,,,15,2,2,3,55,70,0,300,4,5
1315,,,14,1,2,1,60,19,300,600,1,5
1316,,,15,2,2,2,59,86,0,300,4,5
1317,,,4,1,2,2,5,47,420,540,1,5
1318,,,6,2,2,1,38,77,0,300,2,5
1319,,,14,2,2,3,52,46,180,300,3,5
1320,,,10,1,2,3,33,72,420,540,4,5
1321,,,2,2,2,1,49,94,300,600,3,5
1322,,,9,2,2,3,67,35,0,300,2,5
1323,,,7,2,2,3,43,56,300,420,1,5
1324,,,16,1,2,2,100,9,420,540,2,5
1325,,,12,2,2,1,71,81,420,540,1,5
1326,,,4,1,2,1,13,64,300,600,2,5
1327,,,5,2,2,2,69,51,0,300,4,5
1328,,,10,2,2,3,25,59,0,300,1,5
1329,,,15,1,2,2,12,48,300,600,1,5
1330,,,10,1,2,3,2,66,300,600,1,5
1331,,,6,1,2,2,37,90,420,540,1,5
1332,,,16,2,2,2,82,68,420,540,1,5
1333,,,8,2,2,2,89,92,0,300,2,5
1334,,,15,2,2,1,0,40,60,180,4,5
1335,,,7,1,2,3,99,16,300,600,2,5
1336,,,12,1,2,1,81,28,420,540,1,5
1337,,,5,2,2,1,41,89,180,300,3,5
1338,,,9,2,2,1,73,58,0,300,2,5
1339,,,16,2,2,1,59,60,420,540,2,5
1340,,,6,2,2,2,38,74,60,180,3,5
1341,,,4,2,2,2,9,65,300,420,1,5
1342,,,10,2,2,3,90,8,420,540,2,5
1343,,,8,2,2,1,99,55,180,300,3,5
1344,,,2,1,2,3,2,91,420,540,3,5
1345,,,9,1,2,3,94,96,420,540,2,5
1346,,,9,2,2,1,14,95,420,540,3,5
1347,,,5,2,2,1,80,19,180,300,4,5
1348,,,5,2,2,2,32,89,420,540,4,5
1349,,,8,1,2,3,9,41,300,600,1,5
1350,,,14,2,2,3,23,61,0,300,1,5
1351,,,13,1,2,2,26,70,420,540,4,5
1352,,,4,2,2,1,91,95,420,540,1,5
1353,,,3,1,2,1,63,43,300,600,4,5
1354,,,10,1,2,3,60,90,300,600,1,5
1355,,,2,2,2,2,75,93,60,180,2,5
1356,,,8,2,2,3,92,61,180,300,2,5
1357,,,4,1,2,2,93,33,300,600,4,5
1358,,,12,2,2,3,15,65,0,300,2,5
1359,,,11,2,2,2,98,24,60,180,3,5
1360,,,13,1,2,1,43,40,300,600,3,5
1361,,,13,2,2,2,54,40,0,300,4,5
1362,,,14,2,2,2,15,9,0,300,1,5
1363,,,10,2,2,1,6,36,300,600,1,5
1364,,,6,2,2,3,32,55,60,180,4,5
1365,,,6,1,2,2,45,79,420,540,3,5
1366,,,2,1,2,1,28,4,300,600,1,5
1367,,,12,2,2,1,95,8,300,600,3,5
1368,,,14,2,2,1,98,75,300,600,4,5
1369,,,10,2,2,1,65,93,60,180,2,5
1370,,,5,2,2,2,24,47,0,300,4,5
1371,,,11,1,2,3,82,23,300,600,4,5
1372,,,5,1,2,3,36,40,300,600,4,5
1373,,,10,2,2,1,65,52,420,540,2,5
1374,,,13,1,2,3,44,49,300,600,2,5
1375,,,6,1,2,1,94,37,420,540,2,5
1376,,,1,1,2,1,24,80,420,540,4,5
1377,,,8,1,2,1,34,61,420,540,3,5
1378,,,11,1,2,2,50,7,420,540,1,5
1379,,,12,2,2,1,17,12,420,540,2,5
1380,,,1,1,2,3,58,65,300,600,2,5
1381,,,2,1,2,1,37,43,300,600,2,5
1382,,,5,2,2,2,76,70,60,180,4,5
1383,,,10,2,2,2,94,2,0,300,2,5
1384,,,4,2,2,3,91,56,420,540,2,5
1385,,,5,1,2,3,16,72,420,540,2,5
1386,,,7,2,2,3,48,77,420,540,2,5
1387,,,12,2,2,1,2,85,300,420,3,5
1388,,,5,2,2,2,53,2,60,180,2,5
1389,,,14,1,2,2,75,71,420,540,1,5
1390,,,8,1,2,2,39,38,300,600,3,5
1391,,,13,1,2,2,45,4,300,600,3,5
1392,,,1,1,2,3,65,71,420,540,3,5
1393,,,8,2,2,3,73,21,420,540,3,5
1394,,,5,1,2,2,51,5,300,600,1,5
1395,,,10,2,2,2,72,30,60,180,1,5
1396,,,10,1,2,3,55,64,420,540,1,5
1397,,,3,1,2,3,81,69,420,540,3,5
1398,,,4,1,2,1,76,37,420,540,3,5
1399,,,14,1,2,3,51,90,420,540,3,5
1400,,,7,2,2,3,62,23,180,300,2,5
1401,,,11,1,2,3,30,92,300,600,4,5
1402,,,1,1,2,2,87,74,420,540,3,5
1403,,,10,1,2,3,60,21,300,600,3,5
1404,,,14,2,2,3,90,55,60,180,3,5
1405,,,5,2,2,3,39,99,300,420,2,5
1406,,,4,1,2,1,47,57,300,600,1,5
1407,,,5,2,2,1,37,31,300,420,2,5
1408,,,12,2,2,2,16,55,300,600,3,5
1409,,,7,2,2,2,84,11,420,540,4,5
1410,,,15,2,2,2,46,73,60,180,3,5
1411,,,15,1,2,2,71,9,300,600,4,5
1412,,,13,2,2,3,61,55,0,300,3,5
1413,,,2,1,2,2,40,55,420,540,1,5
1414,,,7,1,2,1,13,75,300,600,2,5
1415,,,4,2,2,3,3,60,0,300,4,5
1416,,,4,2,2,3,81,95,420,540,1,5
1417,,,11,2,2,3,15,21,300,420,3,5
1418,,,7,1,2,2,71,22,420,540,4,5
1419,,,8,1,2,2,14,48,420,540,1,5
1420,,,5,2,2,3,77,66,180,300,1,5
1421,,,8,1,2,3,46,79,420,540,3,5
1422,,,3,2,2,1,94,20,420,540,4,5
1423,,,14,1,2,2,89,87,300,600,4,5
1424,,,8,2,2,2,85,76,300,420,2,5
1425,,,2,1,2,2,37,95,300,600,3,5
1426,,,3,1,2,3,28,12,300,600,3,5
1427,,,4,2,2,1,83,83,0,300,1,5
1428,,,2,1,2,2,45,26,420,540,3,5
1429,,,9,1,2,3,86,45,300,600,3,5
1430,,,16,1,2,1,28,25,420,540,4,5
1431,,,6,2,2,1,69,91,420,540,1,5
1432,,,9,2,2,1,26,35,180,300,1,5
1433,,,3,2,2,3,58,18,420,540,4,5
1434,,,6,1,2,1,1,26,420,540,1,5
1435,,,15,2,2,1,27,97,300,600,2,5
1436,,,7,1,2,3,3,11,300,600,3,5
1437,,,2,2,2,3,12,45,60,180,3,5
1438,,,7,1,2,3,77,75,420,540,1,5
1439,,,13,2,2,2,5,29,300,600,4,5
1440,,,4,2,2,1,52,71,0,300,4,5
1441,,,12,2,2,3,51,93,60,180,3,5
1442,,,6,1,2,1,79,82,300,600,1,5
1443,,,5,1,2,1,53,50,300,600,4,5
1444,,,8,1,2,2,98,44,300,600,4,5
1445,,,16,1,2,2,31,71,420,540,3,5
1446,,,15,2,2,2,79,25,420,540,4,5
1447,,,14,1,2,3,80,73,300,600,4,5
1448,,,12,1,2,2,82,61,420,540,3,5
1449,,,9,1,2,3,26,73,420,540,1,5
1450,,,13,2,2,1,37,20,300,420,3,5
1451,,,12,2,2,1,27,2,180,300,4,5
1452,,,10,1,2,3,78,73,300,600,4,5
1453,,,16,1,2,1,55,81,300,600,3,5
1454,,,6,2,2,1,95,76,300,420,1,5
1455,,,11,1,2,1,77,86,420,540,4,5
1456,,,5,1,2,3,54,96,420,540,3,5
1457,,,4,2,2,3,54,98,0,300,4,5
1458,,,11,1,2,1,57,68,420,540,2,5
1459,,,15,2,2,1,95,69,300,600,4,5
1460,,,15,1,2,2,86,0,300,600,4,5
1461,,,10,1,2,3,43,21,420,540,3,5
1462,,,13,1,2,2,11,30,420,540,2,5
1463,,,14,1,2,1,13,10,420,540,2,5
1464,,,4,2,2,1,20,41,420,540,4,5
1465,,,8,2,2,2,55,53,300,420,1,5
1466,,,14,2,2,3,47,80,180,300,1,5
1467,,,5,1,2,2,98,57,420,540,4,5
1468,,,15,2,2,3,67,3,300,600,4,5
1469,,,2,2,2,2,6,49,420,540,4,5
1470,,,5,1,2,1,85,49,300,600,2,5
1471,,,8,1,2,3,1,7,300,600,2,5
1472,,,5,1,2,3,81,100,300,600,2,5
1473,,,12,2,2,3,57,19,60,180,3,5
1474,,,8,2,2,2,52,79,300,600,3,5
1475,,,3,2,2,3,24,86,420,540,2,5
1476,,,10,1,2,2,87,2,300,600,3,5
1477,,,5,1,2,2,23,4,420,540,3,5
1478,,,12,2,2,1,62,23,180,300,4,5
1479,,,6,2,2,3,79,77,0,300,2,5
1480,,,16,2,2,2,6,40,180,300,2,5
1481,,,7,2,2,1,88,69,180,300,1,5
1482,,,4,1,2,1,37,45,420,540,3,5
1483,,,6,2,2,1,94,9,420,540,1,5
1484,,,8,2,2,2,89,50,60,180,2,5
1485,,,15,2,2,2,33,79,420,540,3,5
1486,,,14,1,2,2,44,60,300,600,1,5
1487,,,14,2,2,2,74,29,300,600,4,5
1488,,,3,1,2,2,96,0,300,600,4,5
1489,,,9,2,2,3,7,86,180,300,1,5
1490,,,7,1,2,2,70,86,300,600,2,5
1491,,,16,2,2,3,22,36,60,180,3,5
1492,,,10,1,2,1,2,21,300,600,4,5
1493,,,7,1,2,3,89,93,420,540,4,5
1494,,,7,1,2,1,81,68,420,540,4,5
1495,,,8,2,2,3,6,90,420,540,3,5
1496,,,10,1,2,1,53,18,420,540,4,5
1497,,,14,1,2,2,3,64,300,600,4,5
1498,,,3,2,2,2,16,69,420,540,2,5
1499,,,7,1,2,3,13,3,420,540,4,5
1500,,,15,2,2,3,80,96,180,300,2,5
1501,,,10,1,2,3,16,11,420,540,1,5
1502,,,4,1,2,1,85,10,420,540,4,5
1503,,,11,2,2,2,38,69,420,540,2,5
1504,,,7,1,2,3,62,40,300,600,3,5
1505,,,4,2,2,3,66,69,420,540,3,5
1506,,,2,2,2,3,58,69,420,540,1,5
1507,,,12,1,2,3,31,98,300,600,2,5
1508,,,2,1,2,3,81,26,300,600,1,5
1509,,,10,1,2,2,16,17,300,600,3,5
1510,,,15,1,2,2,21,86,300,600,3,5
1511,,,3,2,2,1,5,41,420,540,3,5
1512,,,9,1,2,1,38,7,420,540,3,5
1513,,,16,2,2,3,8,31,0,300,3,5
1514,,,7,2,2,2,51,14,0,300,3,5
1515,,,6,1,2,3,22,88,420,540,3,5
1516,,,14,2,2,1,92,72,0,300,2,5
1517,,,7,2,2,1,72,76,300,600,1,5
1518,,,7,1,2,1,17,65,300,600,4,5
1519,,,10,1,2,1,25,71,420,540,2,5
1520,,,7,2,2,1,83,6,300,420,3,5
1521,,,7,2,2,2,27,95,420,540,3,5
1522,,,15,1,2,1,75,41,300,600,4,5
1523,,,14,1,2,1,52,69,420,540,2,5
1524,,,13,2,2,1,61,39,0,300,2,5
1525,,,13,1,2,2,63,21,300,600,4,5
1526,,,7,1,2,3,23,6,420,540,4,5
1527,,,8,1,2,2,15,31,300,600,4,5
1528,,,9,2,2,3,9,89,0,300,3,5
1529,,,13,2,2,2,89,10,0,300,2,5
1530,,,12,1,2,2,25,42,420,540,3,5
1531,,,9,2,2,3,54,7,420,540,1,5
1532,,,13,2,2,2,13,66,0,300,2,5
1533,,,9,2,2,1,41,98,60,180,1,5
1534,,,9,1,2,2,6,84,300,600,4,5
1535,,,11,1,2,3,40,15,420,540,2,5
1536,,,2,1,2,1,34,25,420,540,3,5
1537,,,10,1,2,1,96,87,300,600,2,5
1538,,,12,2,2,3,99,71,180,300,3,5
1539,,,16,2,2,1,3,17,300,420,4,5
1540,,,3,1,2,1,29,97,420,540,3,5
1541,,,13,2,2,3,28,11,180,300,4,5
1542,,,9,1,2,1,97,59,300,600,1,5
1543,,,11,1,2,3,26,63,300,600,1,5
1544,,,3,1,2,2,94,37,420,540,1,5
1545,,,11,1,2,1,50,78,420,540,2,5
1546,,,6,2,2,1,28,79,420,540,2,5
1547,,,13,2,2,1,79,68,0,300,1,5
1548,,,5,1,2,2,23,85,300,600,2,5
1549,,,13,1,2,1,41,24,420,540,2,5
1550,,,6,1,2,1,61,73,300,600,1,5
1551,,,5,2,2,3,36,64,0,300,4,5
1552,,,9,1,2,1,15,29,300,600,3,5
1553,,,13,1,2,1,87,2,420,540,1,5
1554,,,8,2,2,1,71,68,180,300,3,5
1555,,,4,2,2,1,31,58,180,300,3,5
1556,,,9,1,2,2,100,30,420,540,3,5
1557,,,13,2,2,2,43,3,420,540,2,5
1558,,,3,1,2,3,92,27,420,540,2,5
1559,,,7,1,2,1,27,36,300,600,3,5
1560,,,13,2,2,2,90,41,0,300,4,5
1561,,,13,1,2,3,85,12,300,600,2,5
1562,,,6,2,2,2,93,6,0,300,4,5
1563,,,16,2,2,3,74,61,300,420,2,5
1564,,,10,1,2,1,90,15,420,540,1,5
1565,,,6,1,2,3,32,63,420,540,1,5
1566,,,4,2,2,3,26,66,180,300,2,5
1567,,,10,2,2,2,4,84,420,540,1,5
1568,,,10,2,2,1,67,50,180,300,2,5
1569,,,2,2,2,1,39,4,180,300,3,5
1570,,,14,1,2,1,98,11,300,600,2,5
1571,,,5,2,2,3,39,10,0,300,1,5
1572,,,8,1,2,1,70,93,420,540,4,5
1573,,,13,2,2,2,93,78,0,300,4,5
1574,,,9,2,2,1,9,61,0,300,2,5
1575,,,11,2,2,2,57,90,0,300,2,5
1576,,,14,2,2,1,76,49,300,420,2,5
1577,,,10,2,2,2,64,87,60,180,4,5
1578,,,12,2,2,3,63,85,180,300,4,5
1579,,,12,2,2,2,77,28,420,540,2,5
1580,,,10,1,2,1,20,36,420,540,1,5
1581,,,3,1,2,1,72,85,300,600,3,5
1582,,,16,2,2,1,1,2,60,180,3,5
1583,,,13,1,2,2,53,52,420,540,3,5
1584,,,13,2,2,1,28,92,180,300,2,5
1585,,,14,2,2,2,11,88,0,300,1,5
1586,,,16,2,2,2,26,55,300,420,3,5
1587,,,14,1,2,1,86,51,420,540,1,5
1588,,,10,1,2,2,94,22,420,540,4,5
1589,,,15,2,2,3,60,60,420,540,1,5
1590,,,5,1,2,3,12,33,420,540,2,5
1591,,,9,2,2,3,54,28,300,420,1,5
1592,,,4,1,2,2,51,92,420,540,1,5
1593,,,13,2,2,2,12,80,300,420,3,5
1594,,,8,1,2,2,92,17,420,540,3,5
1595,,,2,1,2,1,30,75,420,540,3,5
1596,,,9,2,2,1,3,71,420,540,4,5
1597,,,7,1,2,1,74,27,300,600,4,5
1598,,,8,1,2,2,9,43,420,540,3,5
1599,,,4,1,2,3,26,28,300,600,1,5
1600,,,2,1,2,2,17,1,420,540,3,5
1601,,,4,1,2,2,27,85,420,540,1,5
1602,,,2,1,2,3,95,48,420,540,1,5
1603,,,11,2,2,2,93,72,300,600,1,5
1604,,,7,2,2,2,63,74,0,300,1,5
1605,,,7,2,2,2,18,33,420,540,4,5
1606,,,5,1,2,3,47,14,420,540,2,5
1607,,,7,2,2,2,96,98,180,300,4,5
1608,,,5,1,2,3,65,86,300,600,4,5
1609,,,12,1,2,2,87,77,420,540,3,5
1610,,,4,1,2,1,15,95,300,600,2,5
1611,,,5,2,2,2,29,69,180,300,3,5
1612,,,9,1,2,3,49,31,420,540,1,5
1613,,,12,1,2,2,27,21,420,540,4,5
1614,,,9,2,2,2,59,63,420,540,3,5
1615,,,9,1,2,2,32,53,420,540,1,5
1616,,,12,1,2,3,64,87,420,540,1,5
1617,,,7,1,2,2,80,43,300,600,1,5
1618,,,14,1,2,3,73,6,420,540,1,5
1619,,,14,2,2,1,22,80,420,540,4,5
1620,,,9,2,2,2,15,67,420,540,3,5
1621,,,15,2,2,3,78,93,180,300,3,5
1622,,,3,2,2,1,12,36,300,420,4,5
1623,,,9,2,2,2,62,26,420,540,4,5
1624,,,13,2,2,1,12,13,420,540,4,5
1625,,,12,2,2,3,53,14,420,540,2,5
1626,,,8,2,2,3,57,3,300,420,2,5
1627,,,14,1,2,3,18,67,300,600,4,5
1628,,,13,2,2,3,19,0,180,300,1,5
1629,,,6,1,2,3,84,59,300,600,1,5
1630,,,9,1,2,3,40,18,300,600,4,5
1631,,,16,1,2,1,17,29,300,600,2,5
1632,,,17,2,2,3,46,62,60,180,2,5
1633,,,15,2,2,1,65,29,180,300,1,5
1634,,,8,2,2,3,39,29,60,180,4,5
1635,,,15,1,2,1,82,57,300,600,1,5
1636,,,17,2,2,3,97,100,300,600,2,5
1637,,,8,2,2,3,79,82,420,540,4,5
1638,,,5,1,2,3,90,20,300,600,4,5
1639,,,7,1,2,2,65,0,300,600,1,5
1640,,,8,1,2,3,34,60,300,600,3,5
1641,,,5,2,2,2,86,85,0,300,4,5
1642,,,10,1,2,2,8,2,300,600,2,5
1643,,,4,2,2,1,77,83,0,300,3,5
1644,,,5,2,2,2,26,37,300,600,4,5
1645,,,6,2,2,1,100,23,180,300,4,5
1646,,,15,2,2,2,3,9,420,540,3,5
1647,,,9,1,2,1,44,60,420,540,2,5
1648,,,8,1,2,2,100,24,300,600,2,5
1649,,,11,2,2,2,82,63,0,300,2,5
1650,,,6,1,2,1,50,83,300,600,2,5
1651,,,8,1,2,1,71,43,300,600,4,5
1652,,,8,2,2,2,16,38,0,300,1,5
1653,,,16,1,2,3,71,50,300,600,4,5
1654,,,5,2,2,3,10,37,60,180,1,5
1655,,,6,1,2,1,54,97,420,540,1,5
1656,,,13,2,2,3,2,28,180,300,1,5
1657,,,13,2,2,2,68,13,420,540,1,5
1658,,,10,1,2,3,1,11,300,600,2,5
1659,,,6,2,2,1,29,38,0,300,2,5
1660,,,3,1,2,2,100,3,300,600,2,5
1661,,,11,1,2,3,24,50,300,600,3,5
1662,,,4,2,2,3,19,81,0,300,4,5
1663,,,5,2,2,1,18,17,300,600,1,5
1664,,,2,1,2,2,29,20,300,600,3,5
1665,,,7,1,2,1,80,9,420,540,4,5
1666,,,9,2,2,1,18,100,420,540,1,5
1667,,,4,1,2,2,30,65,420,540,2,5
1668,,,6,2,2,3,64,89,300,600,3,5
1669,,,4,1,2,2,85,7,300,600,1,5
1670,,,4,1,2,1,73,30,420,540,2,5
1671,,,9,1,2,2,20,51,300,600,1,5
1672,,,2,2,2,2,28,78,300,420,1,5
1673,,,4,2,2,3,42,28,180,300,4,5
1674,,,9,1,2,2,43,73,420,540,3,5
1675,,,12,1,2,3,77,45,300,600,4,5
1676,,,8,2,2,2,48,93,0,300,4,5
1677,,,3,2,2,3,64,2,420,540,1,5
1678,,,8,2,2,1,28,10,180,300,3,5
1679,,,5,2,2,3,76,14,420,540,2,5
1680,,,6,2,2,2,71,12,60,180,4,5
1681,,,6,1,2,2,77,2,420,540,4,5
1682,,,11,2,2,3,90,58,0,300,1,5
1683,,,4,1,2,3,69,29,300,600,3,5
1684,,,6,2,2,3,25,1,420,540,4,5
1685,,,15,2,2,1,58,87,0,300,2,5
1686,,,4,2,2,2,1,0,0,300,3,5
1687,,,7,2,2,2,91,32,180,300,4,5
1688,,,7,2,2,2,98,54,0,300,4,5
1689,,,8,2,2,3,7,14,300,600,3,5
1690,,,8,1,2,2,46,34,300,600,1,5
1691,,,5,2,2,2,0,17,300,600,1,5
1692,,,14,1,2,3,54,1,300,600,2,5
1693,,,9,2,2,1,34,100,0,300,2,5
1694,,,3,1,2,3,6,12,420,540,4,5
1695,,,12,2,2,2,81,51,0,300,1,5
1696,,,5,2,2,1,44,7,300,420,3,5
1697,,,12,2,2,2,34,89,0,300,2,5
1698,,,13,1,2,2,15,42,420,540,4,5
1699,,,8,2,2,1,8,90,420,540,3,5
1700,,,14,1,2,1,95,95,300,600,2,5
1701,,,14,2,2,2,1,100,420,540,2,5
1702,,,6,2,2,2,44,62,420,540,1,5
1703,,,8,1,2,2,64,30,300,600,1,5
1704,,,10,2,2,3,86,41,420,540,4,5
1705,,,9,1,2,2,58,67,420,540,4,5
1706,,,7,1,2,1,21,44,420,540,1,5
1707,,,9,2,2,3,85,40,420,540,1,5
1708,,,14,1,2,3,65,80,300,600,2,5
1709,,,3,1,2,1,88,48,420,540,2,5
1710,,,7,2,2,1,11,29,180,300,2,5
1711,,,8,2,2,2,99,62,300,420,3,5
1712,,,12,2,2,3,79,30,180,300,2,5
1713,,,11,1,2,2,21,19,300,600,4,5
1714,,,6,2,2,1,36,75,420,540,4,5
1715,,,11,2,2,1,43,56,300,600,1,5
1716,,,9,2,2,2,94,70,300,600,3,5
1717,,,7,1,2,3,59,32,300,600,2,5
1718,,,13,2,2,2,53,9,180,300,3,5
1719,,,8,1,2,1,45,56,420,540,4,5
1720,,,7,2,2,3,30,1,0,300,1,5
1721,,,4,1,2,3,42,40,300,600,4,5
1722,,,8,2,2,2,17,36,300,420,4,5
1723,,,12,1,2,1,42,55,420,540,3,5
1724,,,2,2,2,3,61,4,300,420,3,5
1725,,,8,1,2,3,95,2,420,540,4,5
1726,,,4,2,2,1,58,15,60,180,3,5
1727,,,2,2,2,2,74,68,0,300,2,5
1728,,,3,1,2,2,84,15,300,600,2,5
1729,,,7,1,2,1,50,53,420,540,1,5
1730,,,5,1,2,2,77,27,420,540,1,5
1731,,,6,1,2,3,11,51,300,600,4,5
1732,,,15,1,2,1,16,70,300,600,3,5
1733,,,6,2,2,1,23,95,180,300,3,5
1734,,,6,2,2,2,21,43,0,300,2,5
1735,,,6,2,2,3,63,14,0,300,3,5
1736,,,7,2,2,1,0,64,60,180,2,5
1737,,,14,1,2,2,70,62,420,540,4,5
1738,,,3,2,2,3,85,61,180,300,3,5
1739,,,14,1,2,3,45,10,420,540,3,5
1740,,,11,1,2,3,28,61,420,540,4,5
1741,,,9,1,2,2,5,59,420,540,3,5
1742,,,4,2,2,2,40,13,420,540,3,5
1743,,,3,2,2,2,4,38,420,540,2,5
1744,,,12,1,2,1,11,65,420,540,3,5
1745,,,12,2,2,2,19,58,300,600,1,5
1746,,,9,2,2,2,92,52,180,300,3,5
1747,,,12,2,2,3,31,12,60,180,1,5
1748,,,3,2,2,1,93,56,180,300,1,5
1749,,,15,2,2,2,19,49,60,180,1,5
1750,,,12,1,2,2,13,82,420,540,2,5
1751,,,2,2,2,2,96,15,60,180,2,5
1752,,,7,2,2,1,56,32,60,180,2,5
1753,,,6,1,2,2,35,33,300,600,2,5
1754,,,6,2,2,1,0,27,420,540,3,5
1755,,,11,2,2,2,28,55,300,420,3,5
1756,,,12,1,2,3,53,85,420,540,2,5
1757,,,4,2,2,3,83,42,300,420,1,5
1758,,,12,2,2,3,61,81,420,540,1,5
1759,,,9,2,2,3,89,98,300,420,2,5
1760,,,15,2,2,3,71,79,300,600,2,5
1761,,,3,1,2,2,98,68,300,600,3,5
1762,,,16,1,2,2,69,19,300,600,1,5
1763,,,10,2,2,1,95,71,180,300,4,5
1764,,,10,2,2,1,48,7,0,300,4,5
1765,,,4,2,2,3,98,86,300,600,2,5
1766,,,15,1,2,1,18,74,300,600,2,5
1767,,,2,2,2,3,9,74,0,300,1,5
1768,,,8,1,2,2,42,85,420,540,4,5
1769,,,14,2,2,3,67,93,180,300,1,5
1770,,,10,2,2,3,79,17,180,300,3,5
1771,,,6,1,2,3,96,5,300,600,3,5
1772,,,10,2,2,2,32,47,180,300,2,5
1773,,,12,1,2,2,50,45,300,600,3,5
1774,,,4,2,2,3,68,43,300,420,4,5
1775,,,7,1,2,3,95,98,420,540,1,5
1776,,,10,2,2,1,27,57,60,180,4,5
1777,,,8,1,2,1,88,22,420,540,3,5
1778,,,10,1,2,3,99,7,300,600,3,5
1779,,,12,2,2,1,3,5,0,300,3,5
1780,,,13,2,2,1,99,70,420,540,1,5
1781,,,7,1,2,3,29,23,420,540,3,5
1782,,,13,1,2,2,65,47,300,600,2,5
1783,,,7,2,2,2,33,33,180,300,2,5
1784,,,7,2,2,1,88,14,0,300,1,5
1785,,,6,2,2,3,15,58,180,300,1,5
1786,,,4,2,2,1,1,16,180,300,2,5
1787,,,5,1,2,1,65,1,420,540,2,5
1788,,,9,2,2,2,84,37,180,300,4,5
1789,,,8,1,2,2,50,21,420,540,2,5
1790,,,8,2,2,1,2,47,0,300,3,5
1791,,,2,1,2,3,3,2,300,600,2,5
1792,,,4,1,2,3,9,12,420,540,3,5
1793,,,15,2,2,2,65,37,300,600,2,5
1794,,,14,1,2,2,90,2,300,600,4,5
1795,,,10,1,2,1,64,57,420,540,2,5
1796,,,13,1,2,3,23,54,420,540,4,5
1797,,,12,1,2,2,95,100,300,600,4,5
1798,,,15,2,2,3,96,83,300,600,3,5
1799,,,4,1,2,2,17,59,300,600,4,5
1800,,,12,2,2,1,23,79,0,300,2,5
1801,,,6,1,2,1,50,17,300,600,4,5
1802,,,3,1,2,3,46,93,300,600,3,5
1803,,,7,2,2,3,75,90,420,540,2,5
1804,,,5,2,2,2,71,73,420,540,4,5
1805,,,12,2,2,2,63,77,180,300,1,5
1806,,,6,2,2,3,23,82,60,180,2,5
1807,,,7,2,2,3,52,49,0,300,3,5
1808,,,13,2,2,2,59,6,0,300,1,5
1809,,,11,2,2,2,89,14,60,180,2,5
1810,,,9,2,2,3,1,20,420,540,4,5
1811,,,4,1,2,2,0,13,300,600,4,5
1812,,,3,2,2,1,65,57,60,180,4,5
1813,,,14,1,2,2,71,28,420,540,2,5
1814,,,13,2,2,1,26,73,0,300,3,5
1815,,,11,2,2,3,3,56,420,540,1,5
1816,,,12,2,2,3,43,35,0,300,3,5
1817,,,6,1,2,1,21,17,300,600,3,5
1818,,,6,1,2,2,12,56,420,540,2,5
1819,,,14,1,2,3,36,79,420,540,1,5
1820,,,8,1,2,3,74,16,300,600,2,5
1821,,,13,1,2,1,94,95,300,600,4,5
1822,,,8,1,2,2,44,52,300,600,2,5
1823,,,9,1,2,2,33,61,420,540,3,5
1824,,,10,2,2,2,47,13,420,540,3,5
1825,,,14,1,2,1,27,74,300,600,1,5
1826,,,15,1,2,2,74,13,300,600,1,5
1827,,,14,1,2,3,85,26,300,600,4,5
1828,,,3,2,2,3,18,57,180,300,2,5
1829,,,13,2,2,1,90,89,420,540,3,5
1830,,,2,2,2,2,56,6,300,600,2,5
1831,,,14,2,2,1,15,31,420,540,4,5
1832,,,5,2,2,1,46,30,180,300,2,5
1833,,,10,1,2,1,63,2,300,600,2,5
1834,,,7,1,2,2,73,94,300,600,1,5
1835,,,13,2,2,2,75,21,0,300,2,5
1836,,,6,1,2,3,64,45,300,600,3,5
1837,,,3,2,2,3,89,96,180,300,3,5
1838,,,15,1,2,3,4,45,300,600,3,5
1839,,,3,1,2,1,24,48,300,600,1,5
1840,,,15,2,2,2,91,23,60,180,2,5
1841,,,11,2,2,1,45,20,300,600,3,5
1842,,,15,2,2,2,7,5,180,300,1,5
1843,,,10,1,2,3,84,49,300,600,4,5
1844,,,12,1,2,3,5,61,420,540,4,5
1845,,,5,2,2,2,10,96,420,540,3,5
1846,,,4,2,2,3,51,95,0,300,3,5
1847,,,2,2,2,1,99,2,0,300,1,5
1848,,,13,1,2,1,62,72,420,540,3,5
1849,,,13,2,2,3,18,76,420,540,3,5
1850,,,9,1,2,1,43,64,300,600,3,5
1851,,,8,2,2,2,18,68,0,300,1,5
1852,,,10,2,2,2,2,56,420,540,1,5
1853,,,4,1,2,3,60,51,300,600,4,5
1854,,,13,2,2,2,70,17,180,300,3,5
1855,,,6,1,2,1,19,7,300,600,3,5
1856,,,9,1,2,1,1,88,420,540,2,5
1857,,,11,1,2,3,38,51,300,600,2,5
1858,,,14,1,2,1,40,29,300,600,3,5
1859,,,8,1,2,3,87,99,420,540,2,5
1860,,,11,2,2,3,26,6,420,540,1,5
1861,,,4,1,2,3,1,17,300,600,1,5
1862,,,14,1,2,1,88,61,420,540,2,5
1863,,,10,1,2,1,0,44,420,540,1,5
1864,,,3,1,2,3,33,43,420,540,1,5
1865,,,2,1,2,2,69,12,300,600,1,5
1866,,,15,2,2,2,18,100,180,300,2,5
1867,,,13,2,2,2,14,29,180,300,4,5
1868,,,12,1,2,3,24,48,300,600,3,5
1869,,,10,2,2,1,81,1,420,540,2,5
1870,,,15,1,2,2,4,9,300,600,4,5
1871,,,6,1,2,1,70,50,420,540,1,5
1872,,,12,1,2,1,97,2,420,540,4,5
1873,,,12,1,2,1,36,32,420,540,4,5
1874,,,14,2,2,1,53,9,0,300,4,5
1875,,,15,1,2,1,28,53,420,540,4,5
1876,,,9,1,2,1,64,12,300,600,3,5
1877,,,10,1,2,1,15,93,420,540,1,5
1878,,,4,1,2,1,85,97,300,600,4,5
1879,,,3,2,2,1,87,96,60,180,1,5
1880,,,11,2,2,1,6,69,0,300,2,5
1881,,,9,2,2,3,97,1,420,540,2,5
1882,,,5,1,2,2,46,7,420,540,3,5
1883,,,3,1,2,1,96,6,300,600,2,5
1884,,,11,1,2,2,81,61,300,600,1,5
1885,,,4,1,2,2,53,83,420,540,3,5
1886,,,14,2,2,2,50,36,300,420,1,5
1887,,,15,2,2,3,28,49,420,540,2,5
1888,,,10,2,2,3,84,95,180,300,2,5
1889,,,5,1,2,3,32,7,300,600,2,5
1890,,,13,2,2,1,28,4,0,300,3,5
1891,,,11,2,2,2,32,82,60,180,2,5
1892,,,14,2,2,1,94,60,420,540,2,5
1893,,,11,1,2,1,100,7,300,600,3,5
1894,,,6,1,2,1,29,100,420,540,1,5
1895,,,15,1,2,3,32,18,420,540,2,5
1896,,,8,1,2,3,27,51,420,540,2,5
1897,,,9,2,2,2,18,36,60,180,1,5
1898,,,5,1,2,3,93,64,420,540,1,5
1899,,,13,1,2,1,44,39,420,540,1,5
1900,,,4,1,2,3,23,45,420,540,2,5
1901,,,10,1,2,1,37,72,420,540,4,5
1902,,,12,1,2,2,88,45,420,540,2,5
1903,,,7,2,2,2,26,93,0,300,4,5
1904,,,3,1,2,2,96,99,420,540,2,5
1905,,,7,2,2,3,25,76,300,600,1,5
1906,,,10,2,2,1,13,64,0,300,3,5
1907,,,7,2,2,1,31,52,180,300,2,5
1908,,,4,1,2,1,66,85,300,600,1,5
1909,,,12,2,2,3,39,22,180,300,1,5
1910,,,10,2,2,3,79,39,0,300,1,5
1911,,,14,1,2,3,66,41,420,540,4,5
1912,,,13,2,2,1,92,67,180,300,1,5
1913,,,10,2,2,3,70,93,60,180,4,5
1914,,,16,2,2,1,90,90,0,300,4,5
1915,,,5,1,2,3,95,64,420,540,1,5
1916,,,4,2,2,3,35,29,300,420,3,5
1917,,,8,2,2,3,25,86,60,180,4,5
1918,,,13,2,2,2,10,24,420,540,3,5
1919,,,2,2,2,1,17,3,60,180,3,5
1920,,,13,2,2,3,84,51,180,300,2,5
1921,,,5,2,2,1,89,33,60,180,4,5
1922,,,15,2,2,1,4,12,420,540,2,5
1923,,,10,2,2,2,45,91,180,300,1,5
1924,,,13,2,2,3,60,6,420,540,1,5
1925,,,6,2,2,1,84,3,420,540,2,5
1926,,,5,1,2,2,39,62,420,540,4,5
1927,,,13,2,2,3,35,69,180,300,1,5
1928,,,9,2,2,1,95,29,180,300,3,5
1929,,,15,1,2,2,18,40,300,600,3,5
1930,,,14,2,2,2,56,86,0,300,1,5
1931,,,3,1,2,1,24,65,300,600,1,5
1932,,,6,2,2,1,19,37,0,300,4,5
1933,,,14,1,2,3,20,67,420,540,1,5
1934,,,14,1,2,1,59,7,300,600,1,5
1935,,,7,1,2,2,3,87,420,540,1,5
1936,,,3,1,2,3,71,79,420,540,2,5
1937,,,4,2,2,1,70,82,180,300,1,5
1938,,,9,2,2,3,41,75,60,180,3,5
1939,,,4,2,2,2,95,25,300,420,2,5
1940,,,3,1,2,3,47,43,300,600,1,5
1941,,,15,2,2,1,77,82,60,180,4,5
1942,,,7,1,2,3,32,60,420,540,2,5
1943,,,14,1,2,2,4,46,300,600,4,5
1944,,,14,1,2,3,90,31,300,600,2,5
1945,,,13,1,2,2,13,32,300,600,2,5
1946,,,6,2,2,3,3,6,60,180,3,5
1947,,,13,1,2,3,94,74,300,600,1,5
1948,,,10,2,2,2,51,34,180,300,4,5
1949,,,2,1,2,1,17,20,420,540,3,5
1950,,,14,2,2,1,62,34,300,420,3,5
1951,,,12,2,2,1,7,47,180,300,1,5
1952,,,15,1,2,3,27,14,300,600,4,5
1953,,,9,2,2,3,8,72,60,180,4,5
1954,,,4,1,2,2,9,37,300,600,2,5
1955,,,3,2,2,2,15,37,0,300,4,5
1956,,,12,1,2,2,73,45,300,600,1,5
1957,,,4,1,2,2,44,18,300,600,2,5
1958,,,12,2,2,1,46,43,300,420,2,5
1959,,,4,2,2,3,62,27,60,180,3,5
1960,,,8,2,2,1,1,50,0,300,2,5
1961,,,13,2,2,1,17,65,420,540,3,5
1962,,,5,2,2,2,19,56,0,300,1,5
1963,,,13,2,2,2,13,55,60,180,1,5
1964,,,7,1,2,1,54,60,300,600,4,5
1965,,,14,1,2,2,81,51,300,600,3,5
1966,,,10,2,2,2,46,23,420,540,2,5
1967,,,12,1,2,3,36,44,300,600,2,5
1968,,,11,1,2,2,56,43,300,600,1,5
1969,,,13,1,2,2,62,82,300,600,4,5
1970,,,16,1,2,1,3,99,300,600,2,5
1971,,,6,2,2,2,69,50,60,180,4,5
1972,,,9,1,2,2,13,83,420,540,1,5
1973,,,13,1,2,3,36,75,420,540,4,5
1974,,,11,2,2,2,76,35,180,300,4,5
1975,,,9,1,2,2,60,48,300,600,4,5
1976,,,10,1,2,2,15,20,420,540,3,5
1977,,,7,2,2,1,76,50,180,300,2,5
1978,,,13,2,2,2,93,10,180,300,3,5
1979,,,9,1,2,3,71,56,300,600,3,5
1980,,,7,2,2,2,70,6,300,420,1,5
1981,,,14,2,2,3,73,31,180,300,1,5
1982,,,6,2,2,2,45,100,0,300,1,5
1983,,,8,2,2,3,90,97,420,540,3,5
1984,,,11,2,2,3,35,34,180,300,4,5
1985,,,4,1,2,3,80,81,300,600,3,5
1986,,,7,1,2,3,9,63,300,600,4,5
1987,,,9,2,2,3,49,37,420,540,4,5
1988,,,9,1,2,3,28,98,420,540,1,5
1989,,,5,1,2,1,46,13,300,600,4,5
1990,,,10,1,2,1,23,74,420,540,1,5
1991,,,8,2,2,2,28,8,420,540,4,5
1992,,,9,1,2,1,14,2,300,600,2,5
1993,,,8,1,2,1,72,100,300,600,1,5
1994,,,8,2,2,1,32,63,420,540,4,5
1995,,,8,2,2,3,56,30,300,600,4,5
1996,,,3,2,2,1,71,41,0,300,2,5
1997,,,7,2,2,1,54,95,420,540,4,5
1998,,,6,2,2,1,26,60,420,540,2,5
1999,,,5,1,2,1,77,38,300,600,2,5
2000,,,9,1,2,3,68,17,420,540,1,5
2001,,,12,1,2,3,61,49,300,600,1,5
2002,,,6,2,2,1,9,16,300,600,1,5
2003,,,11,1,2,2,19,6,420,540,4,5
2004,,,10,1,2,3,25,9,300,600,2,5
2005,,,2,1,2,1,56,57,300,600,1,5
2006,,,15,2,2,2,70,81,180,300,3,5
2007,,,6,1,2,3,45,60,420,540,1,5
2008,,,10,2,2,1,80,55,420,540,2,5
2009,,,5,2,2,3,13,98,300,420,3,5
2010,,,9,1,2,1,35,50,420,540,4,5
2011,,,8,2,2,2,82,5,0,300,4,5
2012,,,8,2,2,1,42,90,180,300,3,5
2013,,,11,2,2,1,18,25,420,540,3,5
2014,,,7,2,2,3,66,57,180,300,4,5
2015,,,11,2,2,1,70,82,60,180,3,5
2016,,,5,2,2,2,97,78,180,300,2,5
2017,,,14,2,2,2,27,15,0,300,1,5
2018,,,7,1,2,1,70,69,420,540,1,5
2019,,,7,1,2,3,78,25,420,540,1,5
2020,,,14,2,2,2,9,90,300,600,1,5
2021,,,15,1,2,2,75,85,420,540,1,5
2022,,,10,2,2,3,44,59,0,300,4,5
2023,,,11,1,2,3,19,32,420,540,3,5
2024,,,6,1,2,3,24,56,300,600,4,5
2025,,,3,2,2,2,81,40,0,300,4,5
2026,,,3,2,2,3,72,89,0,300,4,5
2027,,,12,1,2,3,80,10,300,600,1,5
2028,,,5,1,2,2,89,54,300,600,1,5
2029,,,4,1,2,2,32,78,420,540,1,5
2030,,,5,2,2,2,23,83,60,180,1,5
2031,,,2,1,2,3,96,9,300,600,2,5
2032,,,7,1,2,1,19,46,300,600,1,5
2033,,,9,2,2,1,12,100,60,180,4,5
2034,,,13,1,2,1,68,80,420,540,3,5
2035,,,12,1,2,1,91,83,300,600,4,5
2036,,,5,1,2,2,100,48,420,540,3,5
2037,,,5,1,2,2,13,3,420,540,1,5
2038,,,15,1,2,3,13,27,420,540,3,5
2039,,,14,2,2,2,99,59,300,600,4,5
2040,,,11,2,2,3,81,24,300,600,2,5
2041,,,5,2,2,2,99,23,300,600,1,5
2042,,,3,2,2,1,43,71,0,300,4,5
2043,,,9,1,2,2,61,76,300,600,1,5
2044,,,12,2,2,3,76,88,180,300,3,5
2045,,,11,2,2,3,99,22,180,300,2,5
2046,,,12,1,2,2,38,52,420,540,1,5
2047,,,9,2,2,3,37,6,60,180,3,5
2048,,,6,1,2,1,64,11,300,600,1,5
2049,,,5,1,2,2,26,13,420,540,1,5
2050,,,8,2,2,3,91,36,0,300,2,5
2051,,,7,2,2,2,96,36,300,600,2,5
2052,,,12,2,2,3,59,74,420,540,3,5
2053,,,2,2,2,3,76,74,0,300,2,5
2054,,,1,1,2,1,83,60,420,540,3,5
2055,,,6,2,2,3,47,52,420,540,4,5
2056,,,4,2,2,1,12,37,420,540,4,5
2057,,,2,2,2,3,41,6,180,300,4,5
2058,,,5,2,2,3,82,89,420,540,4,5
2059,,,10,2,2,2,81,84,420,540,4,5
2060,,,3,2,2,3,53,18,420,540,4,5
2061,,,10,1,2,3,78,7,420,540,4,5
2062,,,6,1,2,1,53,31,420,540,3,5
2063,,,10,2,2,1,25,88,300,600,1,5
2064,,,8,2,2,3,58,30,420,540,1,5
2065,,,10,2,2,1,65,34,180,300,2,5
2066,,,14,2,2,3,94,7,300,600,2,5
2067,,,7,2,2,2,57,48,300,420,1,5
2068,,,6,1,2,2,22,28,420,540,3,5
2069,,,2,2,2,1,2,86,420,540,2,5
2070,,,15,1,2,2,62,96,420,540,1,5
2071,,,6,2,2,1,51,32,180,300,3,5
2072,,,3,1,2,1,39,40,420,540,2,5
2073,,,4,2,2,2,67,99,60,180,1,5
2074,,,7,2,2,1,38,2,420,540,4,5
2075,,,9,2,2,3,26,17,300,420,4,5
2076,,,3,2,2,1,61,35,420,540,3,5
2077,,,7,2,2,3,56,71,420,540,2,5
2078,,,14,1,2,2,79,77,420,540,2,5
2079,,,15,2,2,2,64,66,0,300,3,5
2080,,,17,2,2,1,20,94,60,180,1,5
2081,,,7,2,2,2,69,98,420,540,4,5
2082,,,12,1,2,1,84,98,420,540,3,5
2083,,,4,2,2,3,95,6,180,300,3,5
2084,,,16,2,2,1,25,95,180,300,1,5
2085,,,2,1,2,2,93,96,420,540,4,5
2086,,,5,2,2,1,32,63,180,300,1,5
2087,,,7,1,2,1,24,69,420,540,4,5
2088,,,10,2,2,3,50,37,60,180,4,5
2089,,,11,2,2,1,100,42,0,300,2,5
2090,,,15,2,2,3,17,20,0,300,4,5
2091,,,5,2,2,2,1,58,420,540,1,5
2092,,,12,2,2,1,85,49,300,420,4,5
2093,,,3,2,2,3,7,32,300,600,2,5
2094,,,3,1,2,1,80,89,420,540,1,5
2095,,,5,1,2,2,16,79,300,600,1,5
2096,,,3,2,2,3,29,100,180,300,2,5
2097,,,12,1,2,3,41,33,420,540,1,5
2098,,,15,2,2,1,9,34,300,420,1,5
2099,,,5,2,2,2,66,88,300,420,3,5
2100,,,15,1,2,1,40,45,420,540,2,5
2101,,,7,2,2,1,22,26,60,180,2,5
2102,,,5,1,2,3,0,90,300,600,1,5
2103,,,3,2,2,2,76,20,0,300,4,5
2104,,,10,1,2,1,17,42,300,600,3,5
2105,,,14,2,2,2,20,67,180,300,1,5
2106,,,6,1,2,1,49,98,300,600,4,5
2107,,,9,2,2,2,41,78,180,300,3,5
2108,,,13,1,2,3,5,9,300,600,2,5
2109,,,2,2,2,2,43,88,0,300,1,5
2110,,,3,2,2,1,15,88,60,180,2,5
2111,,,7,2,2,3,64,82,60,180,1,5
2112,,,6,1,2,1,85,47,420,540,4,5
2113,,,15,1,2,2,66,15,300,600,1,5
2114,,,3,2,2,2,60,58,0,300,1,5
2115,,,11,1,2,2,23,34,300,600,3,5
2116,,,13,1,2,3,48,76,420,540,2,5
2117,,,2,1,2,3,39,2,300,600,1,5
2118,,,9,2,2,2,83,20,60,180,4,5
2119,,,14,2,2,1,55,10,180,300,4,5
2120,,,12,2,2,1,75,91,300,420,1,5
2121,,,7,2,2,1,74,84,180,300,4,5
2122,,,13,2,2,3,93,41,300,600,3,5
2123,,,12,2,2,3,80,93,420,540,2,5
2124,,,9,2,2,2,17,46,180,300,2,5
2125,,,7,2,2,1,0,40,0,300,4,5
2126,,,13,2,2,1,61,0,60,180,3,5
2127,,,8,1,2,1,63,22,300,600,1,5
2128,,,14,1,2,2,42,64,300,600,2,5
2129,,,9,1,2,3,22,29,300,600,2,5
2130,,,11,1,2,3,82,90,300,600,2,5
2131,,,10,2,2,3,53,35,180,300,1,5
2132,,,11,2,2,3,69,9,180,300,1,5
2133,,,3,1,2,2,11,63,420,540,4,5
2134,,,13,2,2,2,14,51,60,180,1,5
2135,,,4,1,2,3,47,51,420,540,1,5
2136,,,12,2,2,1,37,49,300,600,3,5
2137,,,11,2,2,2,50,68,420,540,2,5
2138,,,5,2,2,3,19,9,0,300,1,5
2139,,,12,2,2,1,43,76,420,540,1,5
2140,,,7,2,2,2,51,8,180,300,1,5
2141,,,14,2,2,3,6,15,420,540,2,5
2142,,,15,1,2,1,47,37,420,540,4,5
2143,,,8,2,2,2,0,98,300,420,2,5
2144,,,13,1,2,2,99,55,300,600,1,5
2145,,,14,1,2,2,8,76,420,540,4,5
2146,,,12,1,2,3,74,61,300,600,3,5
2147,,,12,1,2,3,44,74,300,600,1,5
2148,,,9,1,2,3,69,7,300,600,1,5
2149,,,14,1,2,1,44,92,420,540,2,5
2150,,,9,1,2,1,41,11,420,540,2,5
2151,,,4,2,2,2,76,3,60,180,2,5
2152,,,8,1,2,2,33,3,300,600,1,5
2153,,,15,1,2,1,6,70,420,540,4,5
2154,,,7,1,2,2,96,27,420,540,2,5
2155,,,15,2,2,2,86,75,300,600,2,5
2156,,,5,1,2,1,92,72,420,540,2,5
2157,,,7,2,2,3,40,95,420,540,3,5
2158,,,15,1,2,1,11,36,300,600,2,5
2159,,,12,1,2,1,72,39,300,600,3,5
2160,,,14,1,2,1,61,74,300,600,1,5
2161,,,13,1,2,2,98,62,300,600,2,5
2162,,,5,1,2,2,89,72,300,600,4,5
2163,,,3,2,2,1,78,51,0,300,3,5
2164,,,4,1,2,2,62,14,420,540,2,5
2165,,,10,1,2,2,54,25,300,600,3,5
2166,,,7,2,2,3,60,73,300,600,2,5
2167,,,15,1,2,1,31,83,300,600,4,5
2168,,,2,1,2,1,21,77,300,600,1,5
2169,,,7,2,2,3,86,30,300,600,3,5
2170,,,17,2,2,2,46,7,0,300,1,5
2171,,,11,2,2,3,32,9,180,300,2,5
2172,,,7,2,2,1,27,93,300,600,3,5
2173,,,3,1,2,3,20,41,300,600,1,5
2174,,,5,2,2,1,46,9,300,600,2,5
2175,,,11,1,2,3,94,9,300,600,4,5
2176,,,6,2,2,3,37,38,0,300,4,5
2177,,,8,2,2,1,71,66,420,540,2,5
2178,,,2,1,2,1,81,64,300,600,1,5
2179,,,13,1,2,1,65,52,420,540,1,5
2180,,,14,1,2,1,14,30,300,600,3,5
2181,,,10,2,2,1,39,3,420,540,2,5
2182,,,4,1,2,1,32,18,420,540,3,5
2183,,,10,2,2,2,45,53,300,600,4,5
2184,,,5,1,2,2,25,62,300,600,3,5
2185,,,13,2,2,3,59,32,180,300,4,5
2186,,,5,1,2,2,35,82,300,600,1,5
2187,,,15,2,2,2,22,57,60,180,2,5
2188,,,14,2,2,1,82,99,60,180,4,5
2189,,,9,2,2,2,38,86,0,300,1,5
2190,,,14,2,2,3,0,68,180,300,4,5
2191,,,2,2,2,2,33,52,0,300,4,5
2192,,,6,2,2,2,71,66,300,600,1,5
2193,,,14,1,2,2,60,23,420,540,1,5
2194,,,14,1,2,2,77,55,300,600,3,5
2195,,,13,1,2,2,21,71,300,600,4,5
2196,,,7,1,2,3,74,49,300,600,3,5
2197,,,2,2,2,1,53,46,180,300,4,5
2198,,,7,1,2,2,65,30,300,600,2,5
2199,,,7,2,2,1,70,83,300,600,4,5
2200,,,14,2,2,1,35,29,300,600,4,5
2201,,,14,1,2,1,27,31,420,540,2,5
2202,,,10,1,2,3,52,71,420,540,3,5
2203,,,16,1,2,3,90,82,420,540,1,5
2204,,,8,1,2,1,1,86,420,540,1,5
2205,,,16,2,2,1,94,23,180,300,2,5
2206,,,11,1,2,2,47,43,300,600,4,5
2207,,,14,2,2,2,26,56,0,300,3,5
2208,,,9,1,2,2,78,86,420,540,2,5
2209,,,9,1,2,2,97,18,420,540,4,5
2210,,,17,2,2,3,37,74,0,300,1,5
2211,,,7,1,2,3,20,38,300,600,2,5
2212,,,3,1,2,2,27,64,300,600,3,5
2213,,,11,1,2,3,61,23,420,540,1,5
2214,,,10,1,2,1,11,22,300,600,4,5
2215,,,11,1,2,1,48,41,420,540,4,5
2216,,,13,1,2,1,30,29,420,540,3,5
2217,,,12,1,2,1,68,95,420,540,4,5
2218,,,3,2,2,1,48,95,300,420,2,5
2219,,,3,1,2,1,49,0,420,540,2,5
2220,,,12,1,2,1,31,10,420,540,4,5
2221,,,5,2,2,1,61,47,300,600,2,5
2222,,,9,2,2,2,44,21,60,180,1,5
2223,,,9,1,2,1,25,6,300,600,3,5
2224,,,6,1,2,3,96,13,300,600,3,5
2225,,,10,1,2,2,66,19,420,540,3,5
2226,,,11,1,2,2,9,91,300,600,3,5
2227,,,5,1,2,3,5,44,420,540,4,5
2228,,,2,2,2,3,21,23,180,300,2,5
2229,,,13,1,2,2,78,46,300,600,4,5
2230,,,5,2,2,1,62,75,420,540,3,5
2231,,,3,1,2,2,79,53,420,540,2,5
2232,,,8,1,2,3,25,18,420,540,1,5
2233,,,6,1,2,3,0,34,420,540,1,5
2234,,,8,1,2,2,59,45,300,600,4,5
2235,,,4,1,2,2,9,58,300,600,3,5
2236,,,6,2,2,1,86,99,60,180,3,5
2237,,,7,1,2,1,48,50,420,540,4,5
2238,,,10,1,2,2,14,35,420,540,2,5
2239,,,15,1,2,1,40,60,300,600,3,5
2240,,,16,2,2,2,89,37,0,300,2,5
2241,,,4,2,2,1,89,97,60,180,2,5
2242,,,15,1,2,3,14,53,420,540,3,5
2243,,,9,2,2,2,51,61,420,540,2,5
2244,,,9,2,2,2,14,36,420,540,2,5
2245,,,9,1,2,3,44,78,300,600,3,5
2246,,,14,2,2,1,61,60,300,600,2,5
2247,,,9,1,2,1,91,35,420,540,1,5
2248,,,1,1,2,2,15,26,300,600,4,5
2249,,,5,2,2,3,62,36,0,300,3,5
2250,,,12,2,2,3,22,45,300,420,3,5
2251,,,4,1,2,2,36,60,300,600,1,5
2252,,,15,1,2,3,24,17,300,600,3,5
2253,,,10,2,2,2,7,2,0,300,1,5
2254,,,11,1,2,2,37,32,300,600,4,5
2255,,,1,1,2,3,50,90,300,600,1,5
2256,,,3,2,2,2,67,57,60,180,4,5
2257,,,15,2,2,3,100,71,180,300,4,5
2258,,,16,2,2,1,22,84,0,300,3,5
2259,,,7,2,2,1,19,19,0,300,4,5
2260,,,15,1,2,3,96,87,420,540,3,5
2261,,,15,1,2,1,26,93,420,540,3,5
2262,,,10,1,2,3,84,7,300,600,2,5
2263,,,4,2,2,3,23,85,60,180,4,5
2264,,,12,1,2,3,6,42,300,600,4,5
2265,,,6,1,2,1,74,50,420,540,1,5
2266,,,12,2,2,1,30,89,300,420,2,5
2267,,,8,2,2,1,25,72,420,540,4,5
2268,,,11,1,2,3,11,30,420,540,2,5
2269,,,3,2,2,2,27,56,0,300,3,5
2270,,,3,1,2,3,40,70,300,600,3,5
2271,,,9,2,2,3,48,68,300,600,4,5
2272,,,5,2,2,2,33,33,180,300,3,5
2273,,,7,1,2,3,16,37,420,540,1,5
2274,,,8,2,2,1,87,21,60,180,1,5
2275,,,14,2,2,2,26,97,60,180,4,5
2276,,,12,2,2,3,11,15,180,300,2,5
2277,,,2,2,2,2,47,24,420,540,4,5
2278,,,13,2,2,1,13,65,60,180,1,5
2279,,,11,2,2,3,21,72,420,540,2,5
2280,,,14,2,2,1,16,59,180,300,3,5
2281,,,7,2,2,2,18,26,420,540,2,5
2282,,,4,1,2,1,88,70,300,600,1,5
2283,,,2,1,2,2,63,80,300,600,2,5
2284,,,14,2,2,2,27,31,0,300,2,5
2285,,,6,2,2,3,85,84,60,180,4,5
2286,,,10,2,2,2,73,30,0,300,3,5
2287,,,10,2,2,1,83,63,180,300,4,5
2288,,,8,1,2,2,86,28,300,600,1,5
2289,,,16,2,2,2,11,13,180,300,4,5
2290,,,11,2,2,2,48,57,180,300,2,5
2291,,,9,2,2,3,6,42,60,180,2,5
2292,,,5,2,2,2,73,24,0,300,3,5
2293,,,6,2,2,1,42,54,60,180,2,5
2294,,,10,1,2,3,85,70,420,540,2,5
2295,,,15,1,2,3,59,23,300,600,2,5
2296,,,11,2,2,1,38,22,180,300,1,5
2297,,,10,2,2,3,38,3,60,180,4,5
2298,,,4,2,2,1,85,72,180,300,4,5
2299,,,6,2,2,1,16,83,420,540,4,5
2300,,,15,1,2,2,51,60,300,600,1,5
2301,,,3,2,2,2,19,69,60,180,1,5
2302,,,15,2,2,3,69,6,420,540,3,5
2303,,,14,2,2,2,70,94,180,300,1,5
2304,,,6,2,2,3,69,85,420,540,1,5
2305,,,15,2,2,1,82,40,420,540,3,5
2306,,,11,1,2,3,98,1,300,600,4,5
2307,,,16,1,2,1,69,78,420,540,4,5
2308,,,8,2,2,2,22,6,300,420,4,5
2309,,,15,1,2,1,29,50,420,540,4,5
2310,,,3,1,2,3,19,93,300,600,2,5
2311,,,8,2,2,2,3,48,60,180,3,5
2312,,,5,1,2,2,75,83,420,540,4,5
2313,,,13,2,2,1,96,63,420,540,2,5
2314,,,7,2,2,2,95,65,300,600,3,5
2315,,,15,2,2,3,6,65,300,600,3,5
2316,,,12,1,2,3,26,75,420,540,1,5
2317,,,5,1,2,2,25,37,300,600,3,5
2318,,,2,2,2,3,89,65,180,300,4,5
2319,,,10,2,2,1,69,41,180,300,1,5
2320,,,13,1,2,2,11,87,300,600,3,5
2321,,,3,1,2,2,85,4,300,600,1,5
2322,,,7,1,2,3,22,6,420,540,2,5
2323,,,10,1,2,3,90,4,300,600,3,5
2324,,,3,2,2,2,37,32,420,540,4,5
2325,,,16,1,2,2,59,61,300,600,1,5
2326,,,2,1,2,3,73,75,420,540,1,5
2327,,,12,1,2,1,70,57,420,540,1,5
2328,,,13,2,2,3,93,58,420,540,3,5
2329,,,14,1,2,2,30,31,420,540,1,5
2330,,,8,2,2,1,91,19,180,300,1,5
2331,,,13,1,2,3,49,10,300,600,4,5
2332,,,8,2,2,3,32,68,0,300,4,5
2333,,,13,2,2,3,72,9,420,540,2,5
2334,,,10,2,2,1,74,68,0,300,2,5
2335,,,3,1,2,1,67,99,300,600,2,5
2336,,,4,2,2,3,50,77,420,540,3,5
2337,,,16,2,2,1,50,48,180,300,2,5
2338,,,6,1,2,1,19,9,300,600,4,5
2339,,,8,2,2,3,28,42,420,540,1,5
2340,,,2,1,2,3,83,98,300,600,1,5
2341,,,12,1,2,2,37,10,300,600,1,5
2342,,,13,1,2,1,88,49,420,540,1,5
2343,,,2,1,2,2,59,9,300,600,1,5
2344,,,5,2,2,1,29,54,60,180,4,5
2345,,,15,2,2,2,57,39,420,540,4,5
2346,,,11,1,2,3,15,61,300,600,4,5
2347,,,10,2,2,1,14,12,420,540,2,5
2348,,,4,2,2,3,79,88,180,300,4,5
2349,,,9,1,2,3,94,52,300,600,2,5
2350,,,5,2,2,2,32,24,420,540,1,5
2351,,,15,2,2,2,8,28,60,180,2,5
2352,,,9,1,2,2,1,26,300,600,4,5
2353,,,6,1,2,3,22,18,420,540,4,5
2354,,,14,2,2,3,6,71,180,300,3,5
2355,,,10,1,2,2,19,35,420,540,1,5
2356,,,12,2,2,2,90,99,60,180,4,5
2357,,,8,2,2,1,66,9,180,300,2,5
2358,,,3,2,2,2,61,11,300,600,4,5
2359,,,12,1,2,3,91,9,300,600,3,5
2360,,,14,2,2,3,77,47,300,420,2,5
2361,,,12,2,2,2,64,9,300,600,3,5
2362,,,3,2,2,1,56,73,420,540,2,5
2363,,,4,1,2,2,53,42,300,600,1,5
2364,,,4,1,2,3,2,4,300,600,4,5
2365,,,6,1,2,2,25,36,300,600,1,5
2366,,,12,2,2,3,40,28,300,600,2,5
2367,,,8,1,2,3,24,82,420,540,3,5
2368,,,8,2,2,2,60,41,0,300,4,5
2369,,,11,1,2,3,67,16,420,540,3,5
2370,,,3,2,2,2,22,87,60,180,4,5
2371,,,5,1,2,2,16,85,300,600,2,5
2372,,,11,2,2,1,98,33,60,180,1,5
2373,,,6,2,2,1,35,39,420,540,4,5
2374,,,16,2,2,2,32,49,300,420,4,5
2375,,,11,1,2,3,26,88,300,600,3,5
2376,,,5,1,2,1,23,99,420,540,4,5
2377,,,8,2,2,2,92,0,0,300,3,5
2378,,,2,1,2,2,82,49,300,600,3,5
2379,,,15,1,2,2,80,94,300,600,3,5
2380,,,14,2,2,1,58,67,60,180,1,5
2381,,,5,2,2,2,62,29,60,180,4,5
2382,,,11,2,2,3,11,49,180,300,4,5
2383,,,4,1,2,3,44,33,420,540,2,5
2384,,,5,2,2,2,69,21,0,300,1,5
2385,,,11,1,2,2,26,86,300,600,3,5
2386,,,10,2,2,1,36,49,300,600,2,5
2387,,,15,2,2,1,79,60,60,180,4,5
2388,,,14,1,2,3,49,98,420,540,1,5
2389,,,7,2,2,3,28,84,180,300,3,5
2390,,,5,1,2,3,32,71,300,600,2,5
2391,,,9,1,2,3,48,32,300,600,1,5
2392,,,13,2,2,2,23,26,0,300,2,5
2393,,,10,2,2,3,60,83,300,600,2,5
2394,,,12,2,2,3,44,12,420,540,1,5
2395,,,3,1,2,3,77,69,300,600,1,5
2396,,,7,1,2,3,90,76,300,600,1,5
2397,,,4,2,2,3,32,45,180,300,1,5
2398,,,14,1,2,3,45,83,420,540,2,5
2399,,,3,1,2,1,61,9,300,600,4,5
2400,,,5,1,2,3,82,58,420,540,3,5
2401,,,6,2,2,1,50,62,420,540,3,5
2402,,,11,2,2,3,41,54,180,300,3,5
2403,,,8,1,2,1,22,42,420,540,2,5
2404,,,15,1,2,1,90,91,300,600,2,5
2405,,,9,2,2,1,56,83,60,180,1,5
2406,,,9,1,2,1,68,92,300,600,3,5
2407,,,15,1,2,2,16,70,300,600,2,5
2408,,,7,1,2,3,18,56,300,600,1,5
2409,,,3,1,2,2,38,25,420,540,4,5
2410,,,9,2,2,2,34,96,300,600,2,5
2411,,,10,1,2,1,74,23,300,600,2,5
2412,,,7,2,2,3,12,28,60,180,2,5
2413,,,7,1,2,2,14,99,300,600,4,5
2414,,,12,2,2,3,14,37,300,600,4,5
2415,,,5,2,2,3,85,83,420,540,2,5
2416,,,9,1,2,2,23,50,420,540,1,5
2417,,,15,2,2,2,80,5,0,300,1,5
2418,,,6,2,2,1,46,60,180,300,2,5
2419,,,14,2,2,1,97,15,180,300,3,5
2420,,,12,2,2,2,34,89,60,180,2,5
2421,,,15,2,2,2,52,54,420,540,4,5
2422,,,5,2,2,2,21,0,300,420,3,5
2423,,,11,2,2,1,63,24,300,420,4,5
2424,,,11,1,2,3,39,81,420,540,3,5
2425,,,13,2,2,2,95,0,60,180,3,5
2426,,,2,1,2,2,15,67,300,600,1,5
2427,,,5,2,2,2,12,29,180,300,2,5
2428,,,5,1,2,2,38,44,420,540,2,5
2429,,,8,2,2,3,41,85,0,300,1,5
2430,,,5,1,2,2,89,80,420,540,3,5
2431,,,14,1,2,3,14,25,420,540,4,5
2432,,,11,1,2,2,60,76,300,600,4,5
2433,,,8,1,2,3,3,77,420,540,4,5
2434,,,5,2,2,1,32,47,0,300,3,5
2435,,,5,2,2,1,42,8,0,300,2,5
2436,,,9,1,2,3,53,6,420,540,3,5
2437,,,4,1,2,2,75,72,420,540,1,5
2438,,,5,2,2,3,75,19,180,300,1,5
2439,,,7,2,2,2,84,10,60,180,1,5
2440,,,13,1,2,1,93,96,300,600,1,5
2441,,,4,2,2,1,23,8,0,300,3,5
2442,,,9,1,2,3,20,69,300,600,3,5
2443,,,13,2,2,1,21,23,60,180,2,5
2444,,,3,1,2,2,62,12,420,540,1,5
2445,,,5,2,2,1,72,49,0,300,3,5
2446,,,3,2,2,3,93,8,300,600,1,5
2447,,,9,2,2,2,73,11,420,540,4,5
2448,,,6,1,2,3,49,41,300,600,1,5
2449,,,3,1,2,2,62,51,420,540,4,5
2450,,,10,1,2,1,85,68,420,540,1,5
2451,,,11,1,2,2,91,25,300,600,4,5
2452,,,9,2,2,1,6,83,0,300,1,5
2453,,,6,1,2,2,57,56,420,540,1,5
2454,,,4,1,2,1,89,1,420,540,2,5
2455,,,13,1,2,3,73,94,300,600,4,5
2456,,,9,1,2,2,79,15,420,540,1,5
2457,,,13,2,2,1,15,96,60,180,1,5
2458,,,6,2,2,3,34,15,180,300,1,5
2459,,,3,2,2,2,25,55,60,180,1,5
2460,,,12,1,2,2,12,55,420,540,1,5
2461,,,10,2,2,2,87,93,300,420,3,5
2462,,,7,2,2,2,54,46,60,180,2,5
2463,,,6,1,2,3,66,95,420,540,3,5
2464,,,10,2,2,1,67,19,60,180,4,5
2465,,,13,1,2,3,34,31,420,540,2,5
2466,,,9,1,2,3,34,14,300,600,3,5
2467,,,13,2,2,1,19,29,180,300,2,5
2468,,,10,1,2,2,57,44,420,540,4,5
2469,,,6,1,2,2,19,81,300,600,3,5
2470,,,9,2,2,3,86,89,0,300,2,5
2471,,,16,2,2,1,89,28,0,300,1,5
2472,,,15,2,2,1,15,61,180,300,2,5
2473,,,6,1,2,3,98,91,300,600,1,5
2474,,,13,1,2,2,44,100,420,540,4,5
2475,,,7,2,2,1,38,37,60,180,4,5
2476,,,8,2,2,2,52,26,60,180,3,5
2477,,,15,2,2,1,31,78,180,300,4,5
2478,,,2,1,2,1,82,96,420,540,3,5
2479,,,3,1,2,2,43,44,420,540,4,5
2480,,,9,1,2,3,25,86,300,600,1,5
2481,,,10,1,2,1,94,89,420,540,2,5
2482,,,13,2,2,1,95,3,60,180,1,5
2483,,,6,1,2,1,63,56,420,540,2,5
2484,,,13,2,2,3,30,59,300,420,2,5
2485,,,12,1,2,2,99,15,420,540,3,5
2486,,,4,2,2,2,53,63,300,600,3,5
2487,,,13,2,2,2,19,6,420,540,1,5
2488,,,10,1,2,3,22,12,420,540,2,5
2489,,,14,2,2,2,65,74,60,180,2,5
2490,,,4,2,2,1,78,61,300,600,3,5
2491,,,10,2,2,3,55,72,180,300,4,5
2492,,,9,2,2,2,43,62,300,420,2,5
2493,,,13,1,2,3,67,98,420,540,1,5
2494,,,14,1,2,2,30,87,300,600,1,5
2495,,,7,1,2,1,98,67,420,540,1,5
2496,,,4,1,2,1,99,75,300,600,2,5
2497,,,1,1,2,1,55,80,420,540,2,5
2498,,,4,1,2,2,43,60,420,540,4,5
2499,,,6,2,2,1,34,35,180,300,2,5
2500,,,13,2,2,3,96,43,300,600,1,5
2501,,,4,1,2,3,5,77,420,540,4,5
2502,,,15,2,2,1,44,32,60,180,2,5
2503,,,3,2,2,3,41,67,0,300,2,5
2504,,,15,2,2,3,60,73,420,540,2,5
2505,,,15,1,2,1,17,76,420,540,2,5
2506,,,13,2,2,2,45,3,300,600,3,5
2507,,,13,1,2,2,10,37,300,600,4,5
2508,,,6,1,2,1,90,53,300,600,2,5
2509,,,5,2,2,3,45,96,0,300,3,5
2510,,,14,1,2,2,17,60,300,600,4,5
2511,,,5,2,2,2,78,81,180,300,4,5
2512,,,9,1,2,1,76,38,420,540,4,5
2513,,,16,1,2,1,72,57,420,540,4,5
2514,,,4,1,2,3,77,79,300,600,1,5
2515,,,3,2,2,1,55,16,0,300,2,5
2516,,,12,2,2,3,26,14,0,300,4,5
2517,,,5,1,2,2,21,10,420,540,2,5
2518,,,14,1,2,2,89,3,420,540,4,5
2519,,,13,1,2,3,19,79,300,600,1,5
2520,,,6,2,2,2,25,77,300,600,2,5
2521,,,4,2,2,3,19,82,420,540,2,5
2522,,,14,2,2,2,32,8,0,300,2,5
2523,,,13,2,2,1,56,79,300,420,2,5
2524,,,6,1,2,1,76,61,420,540,3,5
2525,,,12,2,2,1,95,64,0,300,3,5
2526,,,8,1,2,3,17,75,300,600,4,5
2527,,,7,2,2,3,3,0,60,180,2,5
2528,,,9,1,2,1,78,65,420,540,2,5
2529,,,6,1,2,1,36,87,300,600,3,5
2530,,,5,1,2,2,76,83,300,600,4,5
2531,,,5,1,2,2,99,75,300,600,3,5
2532,,,11,1,2,3,34,75,300,600,4,5
2533,,,15,1,2,2,24,5,300,600,4,5
2534,,,14,1,2,1,83,86,300,600,2,5
2535,,,6,2,2,3,18,33,180,300,1,5
2536,,,2,2,2,3,41,92,420,540,2,5
2537,,,7,2,2,3,65,85,300,420,1,5
2538,,,14,1,2,3,27,98,420,540,3,5
2539,,,8,2,2,1,95,45,420,540,4,5
2540,,,10,1,2,1,1,94,420,540,1,5
2541,,,11,2,2,1,80,17,0,300,3,5
2542,,,13,1,2,3,29,69,300,600,2,5
2543,,,13,1,2,2,47,32,300,600,4,5
2544,,,12,1,2,2,20,31,300,600,4,5
2545,,,10,2,2,1,95,90,60,180,2,5
2546,,,3,1,2,3,43,35,300,600,3,5
2547,,,7,1,2,1,12,27,300,600,1,5
2548,,,9,1,2,2,27,47,300,600,1,5
2549,,,7,2,2,2,31,77,300,600,3,5
2550,,,17,2,2,1,32,55,60,180,1,5
2551,,,6,2,2,1,70,79,300,600,3,5
2552,,,10,1,2,3,42,38,420,540,4,5
2553,,,9,2,2,1,93,37,0,300,4,5
2554,,,6,1,2,2,99,19,420,540,3,5
2555,,,3,2,2,1,43,81,180,300,2,5
2556,,,10,1,2,1,69,85,300,600,3,5
2557,,,2,1,2,2,6,57,420,540,2,5
2558,,,15,2,2,1,37,15,0,300,4,5
2559,,,12,2,2,1,96,89,0,300,3,5
2560,,,2,1,2,1,91,48,420,540,2,5
2561,,,4,2,2,3,84,89,60,180,2,5
2562,,,3,1,2,2,90,10,420,540,4,5
2563,,,12,2,2,1,40,1,420,540,2,5
2564,,,9,1,2,2,83,82,300,600,1,5
2565,,,8,2,2,2,49,61,420,540,3,5
2566,,,16,1,2,3,43,100,300,600,1,5
2567,,,4,1,2,2,87,45,300,600,4,5
2568,,,4,2,2,1,25,10,0,300,4,5
2569,,,10,1,2,3,38,40,420,540,2,5
2570,,,5,1,2,2,16,67,420,540,3,5
2571,,,5,2,2,3,87,6,180,300,3,5
2572,,,5,2,2,3,34,41,420,540,2,5
2573,,,4,1,2,1,67,94,300,600,2,5
2574,,,7,2,2,1,93,63,180,300,1,5
2575,,,14,1,2,3,76,94,420,540,3,5
2576,,,5,1,2,3,49,65,420,540,3,5
2577,,,10,1,2,2,90,25,420,540,4,5
2578,,,6,1,2,2,48,72,420,540,4,5
2579,,,9,1,2,1,4,32,300,600,2,5
2580,,,6,1,2,1,5,76,420,540,4,5
2581,,,15,2,2,3,59,6,420,540,1,5
2582,,,1,1,2,1,33,29,420,540,2,5
2583,,,8,1,2,3,66,100,300,600,2,5
2584,,,15,1,2,1,78,37,420,540,1,5
2585,,,12,1,2,3,67,92,420,540,1,5
2586,,,6,1,2,3,23,35,300,600,2,5
2587,,,15,1,2,1,53,18,420,540,4,5
2588,,,6,2,2,1,37,38,0,300,1,5
2589,,,14,2,2,3,8,8,60,180,4,5
2590,,,14,1,2,2,39,67,420,540,1,5
2591,,,7,1,2,2,25,77,300,600,2,5
2592,,,3,2,2,3,100,35,180,300,2,5
2593,,,9,1,2,2,25,36,420,540,4,5
2594,,,4,2,2,1,77,8,60,180,1,5
2595,,,4,1,2,1,8,85,420,540,3,5
2596,,,10,2,2,1,66,45,420,540,2,5
2597,,,5,1,2,1,35,99,300,600,4,5
2598,,,4,1,2,2,19,41,300,600,3,5
2599,,,14,2,2,2,86,82,300,420,2,5
2600,,,12,2,2,1,62,22,60,180,2,5
2601,,,12,1,2,3,30,0,420,540,4,5
2602,,,14,1,2,3,84,51,420,540,4,5
2603,,,13,1,2,2,28,21,420,540,3,5
2604,,,9,2,2,3,70,26,420,540,4,5
2605,,,6,2,2,3,12,100,180,300,2,5
2606,,,10,1,2,1,50,53,300,600,3,5
2607,,,13,2,2,2,97,85,0,300,3,5
2608,,,11,1,2,2,9,12,300,600,2,5
2609,,,3,2,2,1,30,53,60,180,2,5
2610,,,8,2,2,3,36,39,60,180,3,5
2611,,,13,1,2,3,76,44,420,540,2,5
2612,,,2,2,2,2,51,64,60,180,3,5
2613,,,14,1,2,2,90,54,300,600,4,5
2614,,,6,1,2,2,46,42,300,600,4,5
2615,,,8,1,2,3,32,12,300,600,3,5
2616,,,2,1,2,3,20,7,420,540,3,5
2617,,,14,2,2,1,29,82,300,600,1,5
2618,,,8,2,2,1,73,81,300,600,2,5
2619,,,4,1,2,3,52,2,300,600,4,5
2620,,,2,1,2,3,33,77,300,600,2,5
2621,,,8,1,2,2,47,44,420,540,3,5
2622,,,4,2,2,3,69,36,300,420,2,5
2623,,,4,2,2,3,35,24,0,300,1,5
2624,,,2,1,2,3,90,51,420,540,2,5
2625,,,4,1,2,1,44,49,300,600,1,5
2626,,,6,1,2,1,81,91,300,600,1,5
2627,,,6,2,2,3,86,88,60,180,4,5
2628,,,16,2,2,1,36,62,420,540,1,5
2629,,,16,2,2,1,74,60,0,300,4,5
2630,,,6,2,2,3,24,29,180,300,4,5
2631,,,7,1,2,1,25,89,420,540,1,5
2632,,,7,2,2,1,38,41,180,300,3,5
2633,,,3,2,2,1,90,88,420,540,3,5
2634,,,9,1,2,3,87,40,300,600,2,5
2635,,,10,2,2,2,96,91,180,300,1,5
2636,,,11,1,2,1,61,75,420,540,1,5
2637,,,11,1,2,2,10,73,420,540,2,5
2638,,,3,1,2,2,74,61,420,540,1,5
2639,,,13,2,2,1,58,69,0,300,1,5
2640,,,15,1,2,1,64,61,420,540,4,5
2641,,,5,1,2,2,29,68,300,600,2,5
2642,,,14,1,2,3,66,9,420,540,4,5
2643,,,5,2,2,1,50,81,300,420,2,5
2644,,,11,1,2,1,15,30,420,540,1,5
2645,,,6,2,2,1,94,28,180,300,1,5
2646,,,10,1,2,2,34,43,300,600,2,5
2647,,,10,2,2,3,50,99,420,540,2,5
2648,,,3,2,2,2,97,67,60,180,2,5
2649,,,5,1,2,1,16,96,420,540,3,5
2650,,,15,2,2,3,40,14,60,180,4,5
2651,,,10,2,2,3,79,72,0,300,4,5
2652,,,11,2,2,3,44,45,0,300,3,5
2653,,,11,2,2,1,26,2,180,300,3,5
2654,,,13,1,2,1,97,100,420,540,1,5
2655,,,7,2,2,3,48,66,420,540,2,5
2656,,,4,2,2,3,41,20,420,540,3,5
2657,,,4,2,2,1,2,12,300,420,1,5
2658,,,11,2,2,2,71,72,60,180,1,5
2659,,,10,2,2,2,100,43,60,180,3,5
2660,,,12,1,2,3,56,15,420,540,4,5
2661,,,9,1,2,1,64,33,300,600,1,5
2662,,,5,2,2,2,28,18,60,180,4,5
2663,,,13,1,2,3,27,95,420,540,3,5
2664,,,6,2,2,1,90,49,180,300,2,5
2665,,,3,2,2,3,23,36,180,300,4,5
2666,,,13,2,2,3,73,37,0,300,2,5
2667,,,7,2,2,3,1,75,180,300,4,5
2668,,,15,1,2,1,13,71,420,540,1,5
2669,,,11,1,2,2,15,5,300,600,3,5
2670,,,9,1,2,3,76,8,300,600,2,5
2671,,,13,2,2,2,98,40,300,420,4,5
2672,,,11,1,2,3,1,98,300,600,3,5
2673,,,11,1,2,3,75,53,300,600,2,5
2674,,,13,1,2,2,37,10,420,540,4,5
2675,,,5,2,2,2,41,80,180,300,2,5
2676,,,15,2,2,1,26,5,180,300,3,5
2677,,,15,2,2,1,9,65,300,420,2,5
2678,,,15,1,2,2,64,45,300,600,2,5
2679,,,4,1,2,1,80,82,300,600,4,5
2680,,,15,1,2,1,100,30,420,540,2,5
2681,,,5,1,2,1,7,49,300,600,4,5
2682,,,9,2,2,1,81,75,180,300,2,5
2683,,,16,2,2,2,41,39,300,600,4,5
2684,,,8,1,2,1,54,43,300,600,1,5
2685,,,6,1,2,2,90,40,300,600,3,5
2686,,,13,2,2,2,12,58,180,300,4,5
2687,,,6,2,2,2,1,34,180,300,3,5
2688,,,12,2,2,2,16,19,0,300,3,5
2689,,,12,2,2,2,61,43,60,180,2,5
2690,,,2,1,2,2,15,36,420,540,1,5
2691,,,10,1,2,2,85,87,300,600,1,5
2692,,,15,2,2,1,93,80,180,300,1,5
2693,,,7,1,2,1,83,79,420,540,1,5
2694,,,7,2,2,1,31,14,0,300,1,5
2695,,,12,2,2,3,35,37,180,300,1,5
2696,,,4,2,2,3,24,12,420,540,4,5
2697,,,11,2,2,3,0,14,420,540,3,5
2698,,,4,2,2,1,13,50,180,300,2,5
2699,,,3,2,2,1,60,1,420,540,2,5
2700,,,3,2,2,1,99,69,0,300,3,5
2701,,,5,2,2,1,62,72,180,300,2,5
2702,,,10,2,2,1,82,84,0,300,1,5
2703,,,13,1,2,1,3,6,420,540,2,5
2704,,,13,1,2,3,44,81,420,540,1,5
2705,,,11,2,2,3,35,8,0,300,3,5
2706,,,15,2,2,2,67,39,420,540,4,5
2707,,,6,1,2,1,33,53,300,600,4,5
2708,,,3,1,2,1,63,41,420,540,2,5
2709,,,4,2,2,2,59,9,180,300,1,5
2710,,,3,1,2,2,100,82,420,540,3,5
2711,,,3,2,2,3,28,68,0,300,1,5
2712,,,3,2,2,2,91,34,420,540,2,5
2713,,,8,1,2,1,29,89,300,600,2,5
2714,,,11,1,2,2,21,41,300,600,1,5
2715,,,8,1,2,3,86,1,300,600,2,5
2716,,,15,2,2,2,92,96,0,300,2,5
2717,,,6,2,2,1,30,53,420,540,2,5
2718,,,15,1,2,3,68,14,300,600,1,5
2719,,,4,1,2,2,19,85,420,540,1,5
2720,,,15,1,2,2,91,96,420,540,2,5
2721,,,11,2,2,3,34,45,0,300,2,5
2722,,,3,1,2,3,28,37,300,600,2,5
2723,,,3,2,2,1,10,2,180,300,4,5
2724,,,8,2,2,2,25,41,60,180,3,5
2725,,,6,1,2,3,71,62,420,540,3,5
2726,,,6,2,2,3,57,80,0,300,3,5
2727,,,12,2,2,3,89,31,0,300,1,5
2728,,,8,1,2,3,84,14,300,600,3,5
2729,,,6,1,2,2,50,36,300,600,2,5
2730,,,10,1,2,3,20,79,420,540,2,5
2731,,,15,1,2,3,32,24,300,600,3,5
2732,,,3,1,2,3,48,51,300,600,2,5
2733,,,5,1,2,2,0,86,420,540,3,5
2734,,,5,2,2,3,25,60,180,300,1,5
2735,,,3,2,2,2,56,82,300,600,1,5
2736,,,15,1,2,2,47,27,300,600,4,5
2737,,,7,1,2,3,10,11,300,600,4,5
2738,,,3,2,2,2,8,38,60,180,2,5
2739,,,8,2,2,1,12,30,300,600,1,5
2740,,,4,2,2,2,28,14,180,300,1,5
2741,,,4,1,2,2,71,70,420,540,3,5
2742,,,15,2,2,3,89,90,60,180,3,5
2743,,,13,1,2,1,63,50,420,540,3,5
2744,,,3,1,2,3,90,21,420,540,2,5
2745,,,8,1,2,2,4,36,420,540,4,5
2746,,,8,2,2,2,91,100,420,540,2,5
2747,,,14,2,2,2,9,3,180,300,2,5
2748,,,2,2,2,1,18,59,180,300,1,5
2749,,,14,1,2,1,77,75,300,600,2,5
2750,,,15,2,2,2,26,77,180,300,3,5
2751,,,4,2,2,2,9,0,180,300,1,5
2752,,,3,2,2,2,2,16,60,180,4,5
2753,,,11,1,2,3,71,80,420,540,4,5
2754,,,10,2,2,1,2,22,420,540,4,5
2755,,,5,1,2,3,85,15,420,540,2,5
2756,,,7,1,2,2,34,71,420,540,2,5
2757,,,9,1,2,1,65,92,300,600,4,5
2758,,,14,2,2,1,75,72,420,540,4,5
2759,,,6,1,2,1,37,81,300,600,1,5
2760,,,15,1,2,3,5,23,300,600,3,5
2761,,,14,2,2,1,48,60,60,180,4,5
2762,,,10,2,2,2,43,3,60,180,3,5
2763,,,6,2,2,3,17,1,0,300,2,5
2764,,,14,2,2,1,68,31,180,300,3,5
2765,,,10,1,2,2,57,86,420,540,1,5
2766,,,8,1,2,2,33,14,300,600,2,5
2767,,,4,2,2,3,31,63,60,180,2,5
2768,,,14,1,2,2,65,33,420,540,4,5
2769,,,1,1,2,3,44,1,300,600,4,5
2770,,,9,2,2,2,37,18,300,600,2,5
2771,,,12,1,2,2,86,97,420,540,1,5
2772,,,12,2,2,1,37,49,300,420,4,5
2773,,,11,2,2,3,3,96,420,540,2,5
2774,,,10,2,2,3,36,12,60,180,3,5
2775,,,10,2,2,2,87,48,420,540,2,5
2776,,,8,1,2,2,31,5,300,600,2,5
2777,,,16,2,2,1,18,62,420,540,1,5
2778,,,8,1,2,3,39,67,420,540,2,5
2779,,,12,2,2,1,25,13,420,540,1,5
2780,,,6,1,2,1,53,9,300,600,4,5
2781,,,3,1,2,2,12,78,300,600,3,5
2782,,,5,1,2,2,51,93,300,600,3,5
2783,,,7,1,2,3,30,53,300,600,1,5
2784,,,13,1,2,2,50,53,420,540,1,5
2785,,,13,1,2,1,82,40,420,540,3,5
2786,,,16,2,2,3,86,66,300,600,4,5
2787,,,15,2,2,1,17,17,0,300,3,5
2788,,,4,2,2,1,80,8,420,540,1,5
2789,,,14,2,2,2,48,55,420,540,1,5
2790,,,16,1,2,2,98,88,300,600,2,5
2791,,,8,2,2,1,22,91,180,300,3,5
2792,,,15,1,2,1,56,10,420,540,2,5
2793,,,15,1,2,2,11,19,420,540,4,5
2794,,,14,1,2,2,3,52,300,600,3,5
2795,,,7,2,2,1,82,52,300,600,1,5
2796,,,4,2,2,1,64,80,420,540,4,5
2797,,,4,2,2,1,43,4,300,420,3,5
2798,,,16,2,2,2,72,72,300,420,1,5
2799,,,14,1,2,2,59,72,420,540,3,5
2800,,,15,2,2,3,20,70,0,300,3,5
2801,,,16,2,2,3,93,10,300,600,4,5
2802,,,7,1,2,3,99,91,420,540,3,5
2803,,,13,2,2,1,63,70,0,300,2,5
2804,,,16,2,2,2,73,56,0,300,4,5
2805,,,7,1,2,3,60,98,300,600,4,5
2806,,,12,1,2,3,84,22,420,540,4,5
2807,,,11,2,2,2,53,74,180,300,3,5
2808,,,7,1,2,1,32,65,420,540,3,5
2809,,,5,1,2,2,47,54,300,600,4,5
2810,,,2,1,2,3,76,51,300,600,1,5
2811,,,5,1,2,1,32,80,420,540,2,5
2812,,,9,2,2,1,87,95,180,300,3,5
2813,,,10,1,2,2,66,42,420,540,3,5
2814,,,9,2,2,1,30,22,300,600,4,5
2815,,,7,2,2,1,33,53,60,180,3,5
2816,,,14,1,2,3,88,3,300,600,4,5
2817,,,7,2,2,3,14,73,0,300,1,5
2818,,,4,2,2,2,74,63,180,300,2,5
2819,,,15,1,2,2,21,99,420,540,1,5
2820,,,10,2,2,1,76,99,60,180,3,5
2821,,,9,1,2,2,97,70,420,540,1,5
2822,,,8,1,2,3,94,82,300,600,4,5
2823,,,11,1,2,2,99,68,420,540,2,5
2824,,,6,2,2,1,25,36,180,300,2,5
2825,,,7,2,2,2,8,20,60,180,2,5
2826,,,5,1,2,1,81,1,300,600,2,5
2827,,,6,2,2,3,77,63,0,300,1,5
2828,,,10,2,2,2,67,66,420,540,2,5
2829,,,7,2,2,1,35,93,300,420,3,5
2830,,,8,1,2,2,0,29,420,540,3,5
2831,,,8,2,2,2,95,71,180,300,1,5
2832,,,9,2,2,3,89,99,0,300,3,5
2833,,,3,1,2,2,86,83,300,600,4,5
2834,,,12,2,2,2,94,77,0,300,1,5
2835,,,14,1,2,2,96,50,420,540,4,5
2836,,,7,2,2,2,89,77,420,540,2,5
2837,,,6,1,2,2,78,35,420,540,1,5
2838,,,5,1,2,1,40,67,300,600,4,5
2839,,,7,1,2,2,94,50,420,540,4,5
2840,,,15,2,2,2,18,100,300,420,4,5
2841,,,14,1,2,2,28,2,420,540,4,5
2842,,,10,1,2,3,78,14,300,600,1,5
2843,,,3,2,2,2,69,28,420,540,1,5
2844,,,4,2,2,1,7,17,180,300,2,5
2845,,,6,1,2,1,21,19,420,540,1,5
2846,,,2,2,2,2,86,19,0,300,3,5
2847,,,15,1,2,3,77,9,420,540,1,5
2848,,,7,2,2,2,56,71,300,600,3,5
2849,,,2,1,2,1,23,78,300,600,2,5
2850,,,8,2,2,3,86,85,0,300,3,5
2851,,,8,2,2,3,98,92,180,300,4,5
2852,,,10,1,2,1,30,72,420,540,4,5
2853,,,8,1,2,1,13,72,300,600,2,5
2854,,,9,2,2,1,69,4,300,600,4,5
2855,,,15,2,2,1,73,91,60,180,4,5
2856,,,4,1,2,1,98,89,420,540,2,5
2857,,,14,1,2,1,14,68,420,540,2,5
2858,,,2,2,2,2,42,44,60,180,3,5
2859,,,5,2,2,1,89,63,180,300,1,5
2860,,,5,1,2,3,29,21,420,540,2,5
2861,,,8,2,2,2,56,28,0,300,4,5
2862,,,9,2,2,3,13,37,420,540,4,5
2863,,,9,2,2,2,42,71,0,300,1,5
2864,,,16,1,2,1,9,84,300,600,4,5
2865,,,11,2,2,2,38,63,60,180,1,5
2866,,,15,1,2,2,78,56,300,600,1,5
2867,,,15,2,2,3,13,62,420,540,4,5
2868,,,14,1,2,3,24,17,300,600,1,5
2869,,,10,2,2,2,99,81,60,180,4,5
2870,,,7,2,2,3,9,66,60,180,2,5
2871,,,6,1,2,2,0,66,420,540,1,5
2872,,,15,1,2,2,42,100,300,600,3,5
2873,,,11,1,2,3,68,98,420,540,3,5
2874,,,13,2,2,2,20,64,180,300,3,5
2875,,,8,2,2,2,17,80,300,600,2,5
2876,,,10,2,2,3,61,82,180,300,1,5
2877,,,3,2,2,2,76,47,60,180,2,5
2878,,,11,1,2,3,4,10,300,600,2,5
2879,,,13,2,2,3,83,41,0,300,1,5
2880,,,14,2,2,1,57,78,60,180,4,5
2881,,,15,2,2,3,42,31,300,420,2,5
2882,,,5,1,2,2,14,93,420,540,1,5
2883,,,3,2,2,3,76,68,60,180,4,5
2884,,,7,2,2,1,14,49,60,180,4,5
2885,,,15,2,2,1,20,35,300,420,1,5
2886,,,13,2,2,3,19,18,300,600,3,5
2887,,,14,1,2,3,40,50,300,600,3,5
2888,,,5,2,2,2,79,75,420,540,1,5
2889,,,6,2,2,1,20,75,420,540,1,5
2890,,,11,1,2,3,36,13,420,540,3,5
2891,,,7,2,2,2,74,74,420,540,1,5
2892,,,5,2,2,2,33,89,0,300,2,5
2893,,,6,1,2,2,34,76,420,540,3,5
2894,,,15,2,2,2,99,98,0,300,3,5
2895,,,13,1,2,2,44,58,420,540,4,5
2896,,,5,1,2,2,48,70,300,600,2,5
2897,,,16,1,2,1,100,54,300,600,4,5
2898,,,12,1,2,1,70,95,420,540,2,5
2899,,,2,2,2,2,57,84,180,300,3,5
2900,,,6,1,2,1,43,28,420,540,2,5
2901,,,6,2,2,1,86,81,300,600,1,5
2902,,,10,2,2,2,24,24,420,540,1,5
2903,,,9,2,2,2,10,77,300,420,2,5
2904,,,14,1,2,1,63,30,420,540,2,5
2905,,,5,2,2,2,63,19,420,540,4,5
2906,,,9,2,2,2,28,25,180,300,4,5
2907,,,7,2,2,3,39,13,60,180,4,5
2908,,,11,2,2,3,92,55,180,300,1,5
2909,,,10,2,2,3,76,57,180,300,1,5
2910,,,7,1,2,1,48,67,300,600,2,5
2911,,,12,2,2,1,83,62,0,300,3,5
2912,,,2,1,2,1,20,6,300,600,2,5
2913,,,12,2,2,1,46,70,0,300,1,5
2914,,,8,2,2,1,62,36,60,180,4,5
2915,,,8,1,2,2,33,89,300,600,4,5
2916,,,9,2,2,1,2,17,420,540,4,5
2917,,,4,2,2,3,11,63,420,540,1,5
2918,,,4,2,2,3,27,90,300,420,1,5
2919,,,4,2,2,3,68,70,60,180,3,5
2920,,,7,2,2,3,79,4,0,300,4,5
2921,,,3,2,2,2,86,39,300,600,2,5
2922,,,13,2,2,1,51,27,180,300,1,5
2923,,,12,1,2,1,87,88,420,540,4,5
2924,,,4,1,2,3,41,26,300,600,4,5
2925,,,10,1,2,2,76,21,300,600,1,5
2926,,,15,1,2,2,44,90,300,600,3,5
2927,,,5,2,2,1,94,80,0,300,4,5
2928,,,6,1,2,3,50,0,420,540,4,5
2929,,,11,1,2,3,68,43,420,540,4,5
2930,,,14,1,2,3,99,28,420,540,2,5
2931,,,3,1,2,1,87,84,420,540,3,5
2932,,,8,2,2,1,21,99,420,540,1,5
2933,,,3,1,2,1,26,69,300,600,2,5
2934,,,3,2,2,2,22,97,420,540,1,5
2935,,,14,1,2,2,99,54,300,600,4,5
2936,,,2,1,2,3,7,94,300,600,4,5
2937,,,9,2,2,3,25,22,420,540,3,5
2938,,,3,2,2,1,64,7,420,540,2,5
2939,,,12,2,2,1,43,61,300,420,3,5
2940,,,15,2,2,1,96,55,60,180,2,5
2941,,,2,1,2,2,19,26,420,540,3,5
2942,,,12,2,2,1,5,26,60,180,1,5
2943,,,5,1,2,3,19,37,300,600,2,5
2944,,,5,2,2,1,57,58,300,600,2,5
2945,,,3,2,2,3,33,30,0,300,2,5
2946,,,9,1,2,1,38,74,420,540,3,5
2947,,,2,2,2,1,31,1,0,300,2,5
2948,,,6,2,2,2,47,33,300,420,3,5
2949,,,13,1,2,2,81,92,300,600,3,5
2950,,,15,2,2,1,5,21,0,300,2,5
2951,,,9,2,2,1,52,70,420,540,1,5
2952,,,5,2,2,3,41,72,420,540,2,5
2953,,,8,2,2,1,35,30,180,300,3,5
2954,,,4,1,2,3,79,36,300,600,2,5
2955,,,12,1,2,3,94,5,420,540,1,5
2956,,,3,1,2,2,27,35,300,600,1,5
2957,,,13,2,2,2,30,31,420,540,1,5
2958,,,6,1,2,3,69,28,300,600,1,5
2959,,,8,1,2,2,80,53,300,600,3,5
2960,,,14,2,2,3,60,8,0,300,2,5
2961,,,11,1,2,1,5,81,300,600,4,5
2962,,,4,1,2,3,2,53,300,600,2,5
2963,,,6,1,2,1,77,70,300,600,2,5
2964,,,13,2,2,1,66,89,180,300,3,5
2965,,,13,2,2,3,69,13,420,540,2,5
2966,,,7,1,2,3,44,68,420,540,3,5
2967,,,13,1,2,1,36,99,420,540,4,5
2968,,,2,2,2,2,75,20,300,420,4,5
2969,,,6,1,2,2,95,73,420,540,2,5
2970,,,1,1,2,2,95,26,420,540,1,5
2971,,,12,1,2,2,16,38,300,600,2,5
2972,,,5,1,2,3,64,85,300,600,1,5
2973,,,13,2,2,2,35,24,0,300,2,5
2974,,,5,1,2,2,20,45,420,540,1,5
2975,,,3,2,2,2,81,89,300,420,4,5
2976,,,7,1,2,1,22,44,420,540,2,5
2977,,,5,2,2,2,5,18,0,300,3,5
2978,,,11,1,2,3,10,27,420,540,3,5
2979,,,6,1,2,2,4,83,300,600,3,5
2980,,,11,2,2,2,9,91,60,180,4,5
2981,,,7,1,2,3,67,91,420,540,1,5
2982,,,8,2,2,1,94,66,420,540,2,5
2983,,,12,1,2,2,8,67,300,600,1,5
2984,,,8,1,2,1,0,17,420,540,1,5
2985,,,6,1,2,2,53,28,300,600,4,5
2986,,,3,2,2,1,10,9,60,180,3,5
2987,,,3,2,2,3,27,7,180,300,2,5
2988,,,15,1,2,3,56,81,420,540,2,5
2989,,,4,1,2,3,74,18,300,600,4,5
2990,,,7,2,2,2,67,57,180,300,1,5
2991,,,9,1,2,3,31,72,300,600,3,5
2992,,,12,1,2,3,61,53,300,600,1,5
2993,,,11,1,2,1,92,28,300,600,3,5
2994,,,6,1,2,1,95,99,300,600,3,5
2995,,,10,1,2,2,10,17,300,600,1,5
2996,,,3,2,2,1,17,47,420,540,4,5
2997,,,11,2,2,1,67,71,60,180,1,5
2998,,,14,1,2,1,27,55,300,600,4,5
2999,,,13,1,2,2,50,32,420,540,4,5
3000,,,5,2,2,3,18,98,60,180,2,5
3001,,,6,1,2,1,9,36,300,600,4,5
3002,,,4,1,2,2,74,30,300,600,2,5
3003,,,11,2,2,1,97,23,180,300,1,5
3004,,,10,2,2,3,10,59,0,300,4,5
3005,,,1,1,2,2,12,38,420,540,1,5
3006,,,5,1,2,3,5,82,420,540,1,5
3007,,,4,2,2,1,60,47,0,300,2,5
3008,,,12,1,2,3,22,13,300,600,3,5
3009,,,5,1,2,2,35,92,420,540,1,5
3010,,,10,2,2,2,95,8,0,300,2,5
3011,,,7,1,2,2,52,83,300,600,4,5
3012,,,4,1,2,3,98,92,420,540,2,5
3013,,,6,2,2,2,7,59,60,180,1,5
3014,,,3,1,2,1,4,9,420,540,1,5
3015,,,8,2,2,3,23,54,300,420,1,5
3016,,,9,1,2,3,65,32,420,540,4,5
3017,,,11,2,2,1,64,1,420,540,1,5
3018,,,11,1,2,3,23,11,420,540,4,5
3019,,,12,2,2,1,48,75,300,420,3,5
3020,,,9,1,2,1,6,20,300,600,4,5
3021,,,14,1,2,1,11,91,420,540,3,5
3022,,,4,1,2,2,73,20,420,540,3,5
3023,,,8,1,2,2,3,29,420,540,2,5
3024,,,8,1,2,1,22,96,300,600,3,5
3025,,,15,1,2,1,17,39,300,600,2,5
3026,,,13,1,2,3,98,6,420,540,3,5
3027,,,8,2,2,2,3,19,180,300,3,5
3028,,,11,1,2,1,9,51,300,600,2,5
3029,,,13,2,2,1,50,26,180,300,1,5
3030,,,15,1,2,1,93,45,300,600,1,5
3031,,,9,1,2,3,19,38,300,600,1,5
3032,,,4,1,2,1,48,45,420,540,2,5
3033,,,12,2,2,1,13,99,420,540,1,5
3034,,,15,1,2,3,48,73,420,540,3,5
3035,,,12,2,2,1,71,9,180,300,4,5
3036,,,13,1,2,1,17,71,420,540,3,5
3037,,,13,2,2,2,43,74,420,540,4,5
3038,,,8,1,2,3,19,41,420,540,3,5
3039,,,17,2,2,3,99,78,300,600,4,5
3040,,,10,2,2,1,11,53,180,300,1,5
3041,,,7,1,2,1,53,80,420,540,4,5
3042,,,17,2,2,3,80,69,300,420,4,5
3043,,,15,2,2,3,55,3,60,180,4,5
3044,,,13,1,2,1,86,10,420,540,3,5
3045,,,3,2,2,1,34,40,180,300,3,5
3046,,,13,1,2,1,16,36,300,600,3,5
3047,,,8,2,2,2,68,1,180,300,4,5
3048,,,15,1,2,2,24,28,300,600,2,5
3049,,,3,2,2,2,30,33,300,600,1,5
3050,,,12,1,2,3,31,40,420,540,2,5
3051,,,4,1,2,1,21,79,300,600,4,5
3052,,,1,1,2,2,59,53,420,540,2,5
3053,,,2,2,2,1,83,45,60,180,2,5
3054,,,3,2,2,3,22,37,300,600,2,5
3055,,,2,2,2,3,48,87,0,300,3,5
3056,,,3,2,2,1,22,14,180,300,4,5
3057,,,8,1,2,3,40,19,420,540,3,5
3058,,,6,1,2,1,93,76,300,600,2,5
3059,,,6,2,2,2,14,36,300,420,2,5
3060,,,11,2,2,3,27,52,420,540,4,5
3061,,,5,1,2,3,95,57,300,600,1,5
3062,,,9,2,2,2,91,7,420,540,1,5
3063,,,13,1,2,3,1,33,300,600,3,5
3064,,,4,2,2,3,60,16,420,540,2,5
3065,,,7,1,2,2,86,90,420,540,1,5
3066,,,4,2,2,3,78,5,60,180,4,5
3067,,,8,1,2,1,59,70,420,540,1,5
3068,,,10,2,2,2,67,26,300,420,4,5
3069,,,16,2,2,3,55,93,60,180,4,5
3070,,,3,1,2,3,79,20,300,600,2,5
3071,,,3,2,2,1,9,21,420,540,2,5
3072,,,2,1,2,3,70,69,420,540,4,5
3073,,,4,1,2,3,56,94,420,540,4,5
3074,,,13,2,2,2,44,19,180,300,3,5
3075,,,6,2,2,3,7,88,180,300,2,5
3076,,,5,1,2,2,11,13,420,540,4,5
3077,,,14,1,2,3,9,50,300,600,1,5
3078,,,4,2,2,2,62,65,300,600,3,5
3079,,,6,1,2,1,11,90,300,600,1,5
3080,,,6,2,2,3,93,36,180,300,4,5
3081,,,3,1,2,3,90,81,300,600,2,5
3082,,,3,2,2,1,79,54,180,300,4,5
3083,,,13,1,2,2,56,43,300,600,3,5
3084,,,8,1,2,3,21,90,300,600,3,5
3085,,,5,1,2,1,68,24,300,600,3,5
3086,,,8,2,2,2,88,53,60,180,3,5
3087,,,12,2,2,2,19,90,0,300,1,5
3088,,,11,2,2,2,44,5,420,540,4,5
3089,,,6,1,2,3,14,21,300,600,3,5
3090,,,3,1,2,2,47,72,300,600,3,5
3091,,,5,1,2,3,96,77,300,600,4,5
3092,,,12,1,2,1,76,38,300,600,1,5
3093,,,10,1,2,2,71,33,300,600,3,5
3094,,,10,2,2,3,98,95,0,300,2,5
3095,,,16,1,2,3,5,70,420,540,3,5
3096,,,5,2,2,1,36,0,420,540,1,5
3097,,,2,2,2,1,1,56,180,300,3,5
3098,,,3,1,2,3,80,21,420,540,3,5
3099,,,9,2,2,3,37,64,60,180,1,5
3100,,,13,2,2,2,91,80,180,300,2,5
3101,,,12,1,2,1,42,15,420,540,1,5
3102,,,6,1,2,1,88,28,300,600,1,5
3103,,,7,1,2,2,55,38,420,540,4,5
3104,,,5,2,2,2,8,61,300,600,3,5
3105,,,13,1,2,3,71,27,420,540,3,5
3106,,,7,2,2,3,29,93,180,300,4,5
3107,,,16,2,2,3,36,10,300,600,4,5
3108,,,12,2,2,2,94,89,420,540,4,5
3109,,,6,1,2,3,0,81,420,540,3,5
3110,,,12,2,2,3,52,69,420,540,3,5
3111,,,7,1,2,2,28,62,300,600,2,5
3112,,,6,1,2,2,66,87,300,600,1,5
3113,,,5,1,2,2,23,84,300,600,3,5
3114,,,2,1,2,2,53,26,300,600,1,5
3115,,,5,2,2,2,77,23,180,300,2,5
3116,,,4,1,2,1,62,76,300,600,2,5
3117,,,12,1,2,3,53,1,300,600,4,5
3118,,,2,2,2,2,54,70,180,300,3,5
3119,,,8,1,2,3,94,12,420,540,4,5
3120,,,9,2,2,3,12,81,0,300,1,5
3121,,,11,2,2,3,30,52,60,180,4,5
3122,,,13,1,2,1,47,5,300,600,1,5
3123,,,8,2,2,3,46,42,180,300,2,5
3124,,,7,2,2,3,79,69,300,600,3,5
3125,,,4,2,2,1,85,14,420,540,3,5
3126,,,6,1,2,3,56,54,420,540,1,5
3127,,,11,2,2,2,95,97,420,540,1,5
3128,,,10,1,2,2,45,71,420,540,2,5
3129,,,5,1,2,1,76,58,300,600,3,5
3130,,,7,2,2,3,2,55,0,300,1,5
3131,,,10,1,2,2,56,5,420,540,3,5
3132,,,10,2,2,1,85,27,420,540,4,5
3133,,,8,2,2,3,52,69,420,540,2,5
3134,,,4,2,2,2,5,52,420,540,4,5
3135,,,15,2,2,2,48,45,420,540,1,5
3136,,,9,1,2,1,3,92,420,540,1,5
3137,,,4,1,2,2,86,19,300,600,2,5
3138,,,9,2,2,2,40,64,0,300,1,5
3139,,,11,1,2,2,62,62,420,540,4,5
3140,,,5,2,2,3,22,24,180,300,4,5
3141,,,1,1,2,1,89,28,300,600,1,5
3142,,,4,1,2,3,14,64,300,600,1,5
3143,,,10,1,2,1,78,25,420,540,4,5
3144,,,3,1,2,2,34,67,300,600,1,5
3145,,,4,2,2,3,6,18,0,300,2,5
3146,,,2,2,2,2,13,53,300,600,3,5
3147,,,7,1,2,3,66,20,420,540,2,5
3148,,,8,1,2,3,78,8,420,540,1,5
3149,,,7,2,2,3,33,85,180,300,3,5
3150,,,9,2,2,3,81,58,180,300,2,5
3151,,,5,1,2,3,61,74,420,540,2,5
3152,,,5,1,2,1,95,81,420,540,3,5
3153,,,3,1,2,3,58,87,300,600,3,5
3154,,,13,2,2,3,38,80,300,420,1,5
3155,,,8,2,2,3,55,5,60,180,2,5
3156,,,15,2,2,3,62,96,60,180,2,5
3157,,,3,2,2,2,26,4,60,180,2,5
3158,,,9,1,2,3,50,66,420,540,1,5
3159,,,13,2,2,3,37,89,0,300,4,5
3160,,,14,2,2,1,99,95,300,600,2,5
3161,,,15,1,2,3,97,80,420,540,1,5
3162,,,9,1,2,2,1,42,300,600,1,5
3163,,,13,1,2,1,38,71,420,540,3,5
3164,,,7,2,2,3,66,76,300,600,2,5
3165,,,8,2,2,3,56,50,300,600,4,5
3166,,,6,2,2,2,50,51,60,180,1,5
3167,,,13,2,2,2,76,89,180,300,2,5
3168,,,4,1,2,3,14,27,420,540,3,5
3169,,,6,2,2,1,92,25,300,420,4,5
3170,,,4,1,2,3,81,43,300,600,2,5
3171,,,14,2,2,2,65,82,180,300,4,5
3172,,,3,2,2,2,44,11,60,180,4,5
3173,,,6,2,2,1,28,99,420,540,2,5
3174,,,2,1,2,2,49,25,300,600,4,5
3175,,,3,2,2,1,78,19,60,180,4,5
3176,,,11,1,2,2,72,45,300,600,4,5
3177,,,9,2,2,3,74,52,60,180,3,5
3178,,,10,1,2,2,64,96,300,600,3,5
3179,,,3,2,2,2,11,44,60,180,2,5
3180,,,10,2,2,1,24,67,180,300,2,5
3181,,,8,2,2,1,96,86,60,180,2,5
3182,,,3,1,2,3,60,82,300,600,2,5
3183,,,15,2,2,2,84,50,0,300,2,5
3184,,,12,1,2,1,51,75,300,600,2,5
3185,,,12,2,2,2,67,7,60,180,3,5
3186,,,3,2,2,3,57,96,420,540,1,5
3187,,,6,2,2,1,56,73,60,180,3,5
3188,,,7,2,2,1,99,27,180,300,1,5
3189,,,4,1,2,1,94,9,300,600,4,5
3190,,,16,2,2,3,69,91,60,180,1,5
3191,,,13,1,2,1,1,61,300,600,4,5
3192,,,9,1,2,3,48,82,420,540,4,5
3193,,,7,1,2,2,32,9,300,600,4,5
3194,,,7,2,2,3,49,43,60,180,2,5
3195,,,5,1,2,3,70,83,300,600,1,5
3196,,,2,1,2,2,48,90,300,600,2,5
3197,,,8,1,2,3,71,23,300,600,3,5
3198,,,15,2,2,3,90,89,420,540,4,5
3199,,,14,1,2,1,24,51,300,600,4,5
3200,,,12,1,2,3,49,86,300,600,4,5
3201,,,8,2,2,3,27,79,0,300,1,5
3202,,,8,1,2,1,24,69,420,540,1,5
3203,,,6,1,2,1,8,35,300,600,2,5
3204,,,12,2,2,2,50,19,180,300,4,5
3205,,,11,1,2,2,1,5,420,540,4,5
3206,,,6,1,2,1,11,72,420,540,4,5
3207,,,10,2,2,1,21,76,0,300,2,5
3208,,,10,1,2,2,6,29,420,540,1,5
3209,,,8,2,2,1,26,13,180,300,2,5
3210,,,5,2,2,2,13,0,420,540,1,5
3211,,,11,1,2,1,29,33,420,540,3,5
3212,,,7,1,2,3,37,64,300,600,1,5
3213,,,7,1,2,1,58,6,300,600,1,5
3214,,,13,1,2,1,97,29,420,540,4,5
3215,,,10,2,2,2,64,33,0,300,1,5
3216,,,14,1,2,2,81,30,300,600,1,5
3217,,,8,2,2,1,35,26,180,300,4,5
3218,,,6,2,2,1,23,80,0,300,4,5
3219,,,13,1,2,3,14,96,420,540,2,5
3220,,,6,2,2,2,49,17,300,600,4,5
3221,,,1,1,2,2,98,44,420,540,2,5
3222,,,9,1,2,2,4,39,300,600,2,5
3223,,,13,1,2,2,27,82,420,540,2,5
3224,,,4,2,2,3,37,19,180,300,4,5
3225,,,1,1,2,2,15,61,300,600,1,5
3226,,,8,1,2,3,99,43,420,540,2,5
3227,,,4,2,2,2,82,32,180,300,3,5
3228,,,3,1,2,2,52,50,420,540,1,5
3229,,,8,1,2,1,59,33,300,600,3,5
3230,,,14,2,2,3,34,4,0,300,4,5
3231,,,14,1,2,3,34,39,420,540,4,5
3232,,,15,2,2,3,54,9,420,540,2,5
3233,,,13,1,2,1,34,14,420,540,2,5
3234,,,2,2,2,2,29,1,300,420,2,5
3235,,,11,2,2,3,74,35,180,300,4,5
3236,,,10,1,2,1,58,9,420,540,3,5
3237,,,9,1,2,3,57,66,420,540,1,5
3238,,,5,1,2,3,6,70,420,540,3,5
3239,,,12,1,2,3,44,84,300,600,1,5
3240,,,12,1,2,1,52,96,420,540,2,5
3241,,,13,2,2,3,54,42,0,300,4,5
3242,,,3,1,2,2,32,79,300,600,3,5
3243,,,6,2,2,3,61,31,0,300,3,5
3244,,,11,1,2,1,80,79,420,540,1,5
3245,,,5,2,2,1,95,88,60,180,2,5
3246,,,10,1,2,1,15,13,300,600,2,5
3247,,,9,2,2,1,60,50,60,180,4,5
3248,,,14,1,2,1,20,3,420,540,1,5
3249,,,13,1,2,3,97,67,420,540,3,5
3250,,,14,2,2,2,86,1,0,300,2,5
3251,,,6,1,2,3,46,24,420,540,4,5
3252,,,15,1,2,3,29,60,300,600,2,5
3253,,,8,1,2,1,53,76,300,600,4,5
3254,,,13,1,2,2,82,84,420,540,1,5
3255,,,12,1,2,1,75,68,420,540,3,5
3256,,,2,2,2,1,16,0,60,180,4,5
3257,,,7,2,2,3,50,21,420,540,4,5
3258,,,6,2,2,3,25,76,300,600,2,5
3259,,,6,1,2,3,74,41,420,540,3,5
3260,,,10,2,2,1,15,19,300,420,3,5
3261,,,10,2,2,2,7,94,420,540,1,5
3262,,,3,2,2,1,99,10,60,180,2,5
3263,,,11,1,2,3,6,72,300,600,3,5
3264,,,9,1,2,1,22,16,300,600,1,5
3265,,,4,2,2,2,2,60,0,300,3,5
3266,,,12,2,2,2,30,46,180,300,1,5
3267,,,8,1,2,2,40,80,420,540,4,5
3268,,,12,1,2,2,93,74,420,540,2,5
3269,,,13,1,2,2,37,80,300,600,4,5
3270,,,6,1,2,3,31,87,300,600,3,5
3271,,,15,1,2,2,48,90,420,540,3,5
3272,,,4,1,2,1,99,13,420,540,4,5
3273,,,2,1,2,3,31,9,300,600,3,5
3274,,,14,1,2,3,45,76,300,600,4,5
3275,,,10,1,2,3,8,12,300,600,2,5
3276,,,6,2,2,3,8,36,180,300,3,5
3277,,,12,1,2,3,95,83,420,540,1,5
3278,,,2,2,2,3,23,14,60,180,2,5
3279,,,11,1,2,2,43,15,420,540,2,5
3280,,,11,1,2,3,25,71,300,600,2,5
3281,,,12,2,2,3,20,71,300,600,2,5
3282,,,8,2,2,3,67,41,0,300,3,5
3283,,,12,2,2,3,54,89,300,600,3,5
3284,,,7,2,2,1,94,16,420,540,4,5
3285,,,13,2,2,1,42,7,300,420,4,5
3286,,,7,1,2,1,14,98,300,600,4,5
3287,,,5,2,2,2,71,86,180,300,1,5
3288,,,5,1,2,1,98,86,300,600,4,5
3289,,,12,2,2,2,91,47,180,300,2,5
3290,,,9,2,2,1,37,7,60,180,1,5
3291,,,15,2,2,2,17,31,60,180,2,5
3292,,,6,1,2,3,6,50,300,600,1,5
3293,,,12,1,2,2,55,69,300,600,1,5
3294,,,12,2,2,2,49,45,180,300,1,5
3295,,,2,1,2,2,6,100,300,600,4,5
3296,,,11,1,2,3,85,85,420,540,2,5
3297,,,13,2,2,3,56,5,300,420,4,5
3298,,,11,2,2,2,81,5,180,300,3,5
3299,,,9,2,2,3,92,34,60,180,1,5
3300,,,10,2,2,1,14,68,60,180,1,5
3301,,,12,1,2,2,43,35,300,600,1,5
3302,,,14,2,2,3,58,29,60,180,1,5
3303,,,8,1,2,2,57,15,420,540,3,5
3304,,,8,1,2,3,94,59,300,600,1,5
3305,,,5,2,2,2,12,75,420,540,1,5
3306,,,6,1,2,1,59,37,300,600,1,5
3307,,,4,2,2,2,31,58,60,180,3,5
3308,,,9,2,2,3,36,78,300,420,3,5
3309,,,4,1,2,2,22,56,420,540,2,5
3310,,,5,1,2,2,88,85,420,540,2,5
3311,,,15,1,2,2,60,55,300,600,2,5
3312,,,9,2,2,3,43,50,420,540,4,5
3313,,,6,1,2,2,82,18,300,600,3,5
3314,,,5,1,2,1,62,49,420,540,3,5
3315,,,12,2,2,1,27,47,60,180,1,5
3316,,,6,2,2,3,81,31,300,420,3,5
3317,,,12,1,2,1,13,24,420,540,4,5
3318,,,5,2,2,2,49,42,420,540,3,5
3319,,,10,2,2,2,27,79,60,180,3,5
3320,,,13,1,2,3,57,70,420,540,1,5
3321,,,8,2,2,3,84,74,0,300,1,5
3322,,,4,2,2,1,80,34,180,300,3,5
3323,,,10,1,2,1,38,3,420,540,4,5
3324,,,2,1,2,3,48,23,300,600,1,5
3325,,,3,1,2,3,15,48,300,600,1,5
3326,,,5,2,2,3,76,25,60,180,2,5
3327,,,12,2,2,3,84,62,0,300,1,5
3328,,,4,2,2,3,89,89,0,300,1,5
3329,,,4,1,2,3,32,4,300,600,2,5
3330,,,7,2,2,3,74,23,300,420,3,5
3331,,,4,1,2,2,9,68,300,600,1,5
3332,,,12,1,2,2,12,65,300,600,4,5
3333,,,13,1,2,3,81,51,300,600,4,5
3334,,,1,1,2,3,66,60,420,540,2,5
3335,,,14,1,2,2,70,57,300,600,1,5
3336,,,14,1,2,1,3,5,420,540,4,5
3337,,,10,2,2,2,61,20,0,300,1,5
3338,,,9,1,2,3,71,43,420,540,2,5
3339,,,7,2,2,2,11,61,300,420,2,5
3340,,,6,2,2,1,18,79,60,180,2,5
3341,,,4,1,2,1,45,76,300,600,4,5
3342,,,5,2,2,3,34,0,60,180,2,5
3343,,,16,2,2,3,59,71,0,300,3,5
3344,,,11,1,2,3,92,77,300,600,4,5
3345,,,12,1,2,2,89,15,300,600,3,5
3346,,,6,1,2,3,63,47,420,540,2,5
3347,,,10,2,2,3,3,71,180,300,3,5
3348,,,9,2,2,1,16,24,420,540,3,5
3349,,,12,2,2,3,37,67,0,300,1,5
3350,,,12,1,2,3,22,24,420,540,4,5
3351,,,3,1,2,1,19,62,300,600,1,5
3352,,,3,2,2,3,22,91,180,300,4,5
3353,,,7,2,2,2,93,80,180,300,2,5
3354,,,9,1,2,3,12,28,300,600,1,5
3355,,,8,1,2,2,77,36,300,600,2,5
3356,,,7,2,2,1,11,63,420,540,3,5
3357,,,2,2,2,2,95,73,300,420,2,5
3358,,,10,1,2,2,23,25,300,600,1,5
3359,,,2,2,2,2,19,34,300,420,4,5
3360,,,10,2,2,3,7,12,0,300,1,5
3361,,,6,1,2,1,60,8,300,600,3,5
3362,,,6,1,2,3,35,31,420,540,4,5
3363,,,15,2,2,2,98,66,60,180,3,5
3364,,,14,2,2,3,52,85,60,180,2,5
3365,,,12,1,2,2,11,91,300,600,3,5
3366,,,3,1,2,3,13,13,420,540,4,5
3367,,,14,1,2,1,76,27,300,600,3,5
3368,,,5,2,2,3,85,16,180,300,2,5
3369,,,2,1,2,3,73,20,300,600,2,5
3370,,,11,1,2,3,86,8,420,540,4,5
3371,,,12,1,2,2,8,95,420,540,4,5
3372,,,12,2,2,1,16,43,420,540,3,5
3373,,,13,2,2,3,4,81,420,540,3,5
3374,,,3,1,2,2,3,38,300,600,3,5
3375,,,15,1,2,2,74,25,420,540,2,5
3376,,,5,1,2,3,71,36,300,600,2,5
3377,,,2,2,2,1,38,25,60,180,2,5
3378,,,9,2,2,3,90,3,180,300,3,5
3379,,,16,2,2,3,80,6,60,180,4,5
3380,,,16,2,2,3,45,97,300,420,4,5
3381,,,14,2,2,2,29,89,420,540,4,5
3382,,,7,2,2,3,20,77,180,300,1,5
3383,,,15,2,2,2,3,63,300,600,1,5
3384,,,8,2,2,2,9,12,420,540,1,5
3385,,,5,1,2,3,60,79,300,600,4,5
3386,,,13,2,2,2,49,21,180,300,3,5
3387,,,7,1,2,1,9,95,420,540,1,5
3388,,,8,1,2,2,54,75,300,600,2,5
3389,,,3,2,2,1,79,84,180,300,4,5
3390,,,3,2,2,2,86,91,180,300,3,5
3391,,,3,2,2,3,72,13,180,300,4,5
3392,,,5,2,2,2,39,40,60,180,2,5
3393,,,6,1,2,3,3,82,300,600,2,5
3394,,,3,2,2,2,62,42,60,180,4,5
3395,,,13,1,2,3,98,54,420,540,1,5
3396,,,4,1,2,1,29,54,420,540,4,5
3397,,,4,1,2,3,67,10,300,600,1,5
3398,,,4,2,2,2,73,46,420,540,1,5
3399,,,2,2,2,2,100,97,60,180,2,5
3400,,,9,1,2,3,92,17,420,540,3,5
3401,,,7,2,2,2,57,72,300,420,2,5
3402,,,5,2,2,2,33,67,60,180,2,5
3403,,,14,2,2,1,7,87,300,420,3,5
3404,,,2,1,2,2,79,11,300,600,4,5
3405,,,14,1,2,3,90,11,300,600,4,5
3406,,,13,2,2,2,62,38,60,180,2,5
3407,,,8,2,2,1,84,14,420,540,2,5
3408,,,7,2,2,3,15,51,0,300,3,5
3409,,,11,2,2,2,60,38,180,300,3,5
3410,,,3,2,2,3,83,38,180,300,3,5
3411,,,6,2,2,3,2,64,300,420,2,5
3412,,,10,1,2,3,79,5,420,540,4,5
3413,,,3,2,2,1,98,12,0,300,3,5
3414,,,3,2,2,3,94,53,0,300,3,5
3415,,,15,2,2,1,24,17,300,600,2,5
3416,,,12,1,2,1,10,84,420,540,1,5
3417,,,5,1,2,1,34,32,300,600,3,5
3418,,,4,1,2,1,34,5,420,540,4,5
3419,,,6,2,2,2,89,9,420,540,3,5
3420,,,8,1,2,2,6,73,420,540,2,5
3421,,,15,2,2,3,95,67,180,300,4,5
3422,,,8,1,2,2,21,36,420,540,1,5
3423,,,3,1,2,1,4,56,300,600,1,5
3424,,,7,1,2,3,26,93,420,540,3,5
3425,,,7,1,2,1,85,75,420,540,3,5
3426,,,11,2,2,2,46,15,420,540,1,5
3427,,,10,2,2,3,78,47,300,600,2,5
3428,,,15,2,2,1,69,57,180,300,3,5
3429,,,9,2,2,3,29,89,60,180,4,5
3430,,,6,2,2,1,62,96,180,300,4,5
3431,,,12,1,2,2,3,16,300,600,1,5
3432,,,10,1,2,1,36,79,300,600,3,5
3433,,,6,1,2,2,84,29,420,540,2,5
3434,,,12,2,2,3,84,81,300,600,3,5
3435,,,8,1,2,2,84,41,300,600,4,5
3436,,,8,1,2,3,58,86,420,540,4,5
3437,,,8,1,2,3,37,41,300,600,4,5
3438,,,14,2,2,2,70,72,0,300,4,5
3439,,,8,1,2,1,10,65,300,600,3,5
3440,,,5,1,2,2,9,42,300,600,1,5
3441,,,5,1,2,2,67,33,300,600,1,5
3442,,,9,1,2,2,12,25,420,540,3,5
3443,,,7,2,2,1,11,38,60,180,1,5
3444,,,8,2,2,2,80,26,60,180,4,5
3445,,,12,2,2,2,95,8,0,300,1,5
3446,,,4,1,2,3,33,52,300,600,4,5
3447,,,5,2,2,2,55,51,60,180,2,5
3448,,,15,1,2,1,22,57,420,540,1,5
3449,,,11,1,2,1,83,78,300,600,2,5
3450,,,2,2,2,1,76,19,420,540,2,5
3451,,,1,1,2,2,77,8,300,600,1,5
3452,,,3,1,2,3,79,79,300,600,1,5
3453,,,2,1,2,2,75,28,420,540,2,5
3454,,,2,2,2,2,52,77,60,180,3,5
3455,,,4,1,2,3,73,15,420,540,1,5
3456,,,8,1,2,3,69,75,420,540,3,5
3457,,,4,2,2,3,36,74,0,300,4,5
3458,,,13,2,2,1,74,82,60,180,3,5
3459,,,4,2,2,2,96,89,0,300,3,5
3460,,,10,2,2,2,7,64,180,300,3,5
3461,,,15,2,2,3,46,82,300,600,4,5
3462,,,13,2,2,1,3,67,60,180,4,5
3463,,,9,1,2,2,69,87,300,600,3,5
3464,,,12,2,2,2,7,7,0,300,4,5
3465,,,14,2,2,2,52,45,420,540,1,5
3466,,,14,2,2,2,53,37,420,540,1,5
3467,,,5,1,2,2,33,21,300,600,4,5
3468,,,6,1,2,3,37,49,420,540,2,5
3469,,,13,1,2,1,42,54,300,600,3,5
3470,,,6,2,2,1,49,44,180,300,3,5
3471,,,11,2,2,3,71,59,420,540,4,5
3472,,,5,1,2,1,89,43,300,600,4,5
3473,,,7,2,2,3,52,97,300,600,1,5
3474,,,12,2,2,3,80,92,420,540,2,5
3475,,,6,1,2,3,8,37,420,540,3,5
3476,,,10,1,2,1,15,29,300,600,2,5
3477,,,8,1,2,1,16,25,300,600,4,5
3478,,,3,2,2,2,10,100,420,540,4,5
3479,,,10,1,2,1,84,82,300,600,3,5
3480,,,9,2,2,2,2,91,60,180,2,5
3481,,,6,1,2,3,34,92,420,540,3,5
3482,,,6,1,2,2,97,17,300,600,4,5
3483,,,12,2,2,2,81,74,300,420,1,5
3484,,,3,1,2,2,31,77,420,540,1,5
3485,,,2,1,2,2,12,24,420,540,4,5
3486,,,8,2,2,3,57,32,0,300,4,5
3487,,,2,2,2,2,83,29,300,600,3,5
3488,,,7,2,2,3,23,64,60,180,4,5
3489,,,13,2,2,2,3,25,0,300,4,5
3490,,,8,2,2,3,39,8,0,300,4,5
3491,,,11,1,2,2,44,83,300,600,3,5
3492,,,7,2,2,2,37,32,60,180,2,5
3493,,,14,2,2,2,23,36,300,600,3,5
3494,,,13,2,2,2,12,87,420,540,4,5
3495,,,15,2,2,3,26,65,300,420,2,5
3496,,,5,2,2,3,90,50,0,300,1,5
3497,,,4,2,2,3,20,39,180,300,4,5
3498,,,7,1,2,1,34,51,420,540,3,5
3499,,,10,1,2,3,8,58,300,600,1,5
3500,,,5,2,2,2,92,31,180,300,1,5
3501,,,10,2,2,3,32,81,420,540,3,5
3502,,,13,2,2,1,90,19,0,300,1,5
3503,,,5,2,2,2,100,74,60,180,2,5
3504,,,2,1,2,1,33,22,420,540,3,5
3505,,,15,2,2,3,52,98,180,300,4,5
3506,,,3,2,2,3,43,21,420,540,3,5
3507,,,9,1,2,3,86,94,300,600,3,5
3508,,,9,1,2,3,55,82,420,540,2,5
3509,,,11,2,2,1,34,93,420,540,3,5
3510,,,5,1,2,2,40,5,420,540,2,5
3511,,,10,2,2,2,41,34,180,300,2,5
3512,,,7,2,2,3,30,19,180,300,4,5
3513,,,12,2,2,2,24,63,60,180,3,5
3514,,,11,2,2,1,80,12,0,300,4,5
3515,,,13,2,2,2,49,91,0,300,3,5
3516,,,3,1,2,2,67,61,300,600,2,5
3517,,,9,1,2,3,30,97,420,540,4,5
3518,,,15,1,2,2,4,65,420,540,4,5
3519,,,7,2,2,2,83,62,300,420,1,5
3520,,,4,2,2,1,98,96,420,540,4,5
3521,,,10,1,2,3,74,98,420,540,4,5
3522,,,9,1,2,2,90,13,300,600,2,5
3523,,,6,2,2,3,90,88,60,180,3,5
3524,,,9,1,2,1,11,73,300,600,2,5
3525,,,7,1,2,1,31,55,300,600,3,5
3526,,,8,1,2,3,38,76,300,600,4,5
3527,,,12,2,2,3,11,75,60,180,3,5
3528,,,6,1,2,2,84,33,300,600,2,5
3529,,,10,2,2,1,60,28,180,300,3,5
3530,,,16,2,2,3,86,47,180,300,2,5
3531,,,14,2,2,1,1,20,300,600,1,5
3532,,,15,1,2,3,100,76,420,540,3,5
3533,,,7,1,2,2,88,32,300,600,4,5
3534,,,5,2,2,1,73,56,420,540,1,5
3535,,,15,2,2,2,6,59,180,300,1,5
3536,,,5,1,2,3,28,34,420,540,4,5
3537,,,3,1,2,3,74,63,420,540,2,5
3538,,,15,1,2,2,36,23,420,540,1,5
3539,,,4,2,2,3,78,98,180,300,1,5
3540,,,3,1,2,1,83,51,420,540,2,5
3541,,,7,2,2,3,45,39,60,180,2,5
3542,,,2,2,2,2,74,38,420,540,2,5
3543,,,14,1,2,1,7,32,300,600,1,5
3544,,,7,2,2,1,65,29,180,300,4,5
3545,,,4,1,2,1,87,46,300,600,2,5
3546,,,9,2,2,2,73,71,300,420,1,5
3547,,,5,2,2,2,17,87,60,180,2,5
3548,,,9,1,2,3,2,95,300,600,1,5
3549,,,14,1,2,1,39,73,420,540,3,5
3550,,,12,1,2,1,60,55,420,540,3,5
3551,,,6,1,2,1,1,99,420,540,1,5
3552,,,4,1,2,1,91,74,300,600,1,5
3553,,,3,2,2,2,17,99,60,180,1,5
3554,,,3,1,2,2,9,5,420,540,3,5
3555,,,6,2,2,3,74,20,0,300,2,5
3556,,,7,2,2,2,28,48,180,300,2,5
3557,,,4,2,2,3,65,48,300,420,4,5
3558,,,4,2,2,1,89,92,300,600,3,5
3559,,,12,2,2,3,92,51,420,540,2,5
3560,,,10,2,2,3,74,2,0,300,2,5
3561,,,7,1,2,2,27,23,420,540,3,5
3562,,,3,1,2,2,37,40,300,600,4,5
3563,,,13,1,2,2,41,33,300,600,2,5
3564,,,2,2,2,2,78,79,0,300,1,5
3565,,,14,2,2,1,66,61,0,300,4,5
3566,,,3,1,2,3,95,3,420,540,1,5
3567,,,14,1,2,3,27,31,420,540,1,5
3568,,,3,2,2,2,14,80,0,300,4,5
3569,,,10,2,2,1,81,79,0,300,1,5
3570,,,14,1,2,3,59,25,420,540,4,5
3571,,,3,2,2,3,80,89,300,420,2,5
3572,,,10,2,2,3,21,5,300,420,1,5
3573,,,15,2,2,3,75,18,60,180,1,5
3574,,,10,1,2,3,20,96,300,600,3,5
3575,,,12,1,2,1,87,25,300,600,3,5
3576,,,5,1,2,2,15,21,420,540,3,5
3577,,,11,1,2,1,16,33,300,600,4,5
3578,,,4,2,2,2,54,5,60,180,3,5
3579,,,14,1,2,2,3,18,420,540,4,5
3580,,,6,1,2,3,99,77,300,600,2,5
3581,,,12,2,2,1,70,41,420,540,1,5
3582,,,13,1,2,2,50,7,300,600,4,5
3583,,,10,2,2,2,99,85,60,180,2,5
3584,,,8,2,2,3,6,96,60,180,2,5
3585,,,5,2,2,1,23,68,300,600,3,5
3586,,,4,1,2,2,1,77,420,540,3,5
3587,,,7,2,2,2,22,20,300,420,3,5
3588,,,14,2,2,2,98,27,420,540,1,5
3589,,,10,2,2,1,67,47,0,300,2,5
3590,,,11,2,2,1,12,42,60,180,2,5
3591,,,15,1,2,2,96,44,420,540,3,5
3592,,,6,1,2,1,49,71,300,600,2,5
3593,,,11,2,2,1,95,73,60,180,2,5
3594,,,10,2,2,3,74,90,300,420,2,5
3595,,,16,2,2,1,88,98,420,540,3,5
3596,,,3,2,2,3,100,10,420,540,1,5
3597,,,12,1,2,3,15,54,300,600,4,5
3598,,,4,2,2,3,3,36,420,540,2,5
3599,,,15,2,2,3,8,3,300,600,1,5
3600,,,3,1,2,3,13,60,300,600,2,5
3601,,,14,1,2,2,72,7,420,540,3,5
3602,,,8,1,2,1,56,39,420,540,4,5
3603,,,11,1,2,3,75,44,300,600,3,5
3604,,,8,1,2,2,95,18,420,540,1,5
3605,,,14,2,2,1,24,26,60,180,1,5
3606,,,3,2,2,1,44,50,180,300,2,5
3607,,,9,1,2,3,65,85,420,540,2,5
3608,,,2,1,2,1,98,79,420,540,1,5
3609,,,13,2,2,3,99,38,300,600,4,5
3610,,,11,2,2,3,19,82,300,600,3,5
3611,,,8,2,2,2,37,1,420,540,2,5
3612,,,8,2,2,1,1,94,300,600,4,5
3613,,,11,2,2,3,11,6,0,300,1,5
3614,,,13,2,2,3,50,78,0,300,4,5
3615,,,6,1,2,2,98,21,300,600,1,5
3616,,,14,1,2,1,13,71,420,540,1,5
3617,,,5,2,2,3,9,14,420,540,4,5
3618,,,4,1,2,3,36,86,420,540,4,5
3619,,,14,2,2,2,91,87,420,540,1,5
3620,,,4,2,2,3,16,17,300,420,4,5
3621,,,9,2,2,1,5,2,300,420,1,5
3622,,,15,2,2,3,75,10,300,600,3,5
3623,,,8,2,2,3,29,31,180,300,4,5
3624,,,4,2,2,2,10,34,180,300,1,5
3625,,,6,1,2,3,67,62,300,600,4,5
3626,,,5,2,2,3,9,11,420,540,3,5
3627,,,15,2,2,2,20,95,300,420,3,5
3628,,,14,1,2,3,32,43,300,600,1,5
3629,,,4,1,2,1,81,0,420,540,1,5
3630,,,13,1,2,2,47,78,300,600,3,5
3631,,,14,1,2,1,74,90,300,600,2,5
3632,,,3,1,2,3,79,8,420,540,1,5
3633,,,11,2,2,1,41,72,60,180,3,5
3634,,,11,1,2,3,92,3,420,540,3,5
3635,,,12,1,2,1,56,41,300,600,4,5
3636,,,4,2,2,3,64,9,0,300,2,5
3637,,,12,1,2,1,10,54,300,600,1,5
3638,,,4,2,2,1,20,9,180,300,3,5
3639,,,11,2,2,1,26,79,60,180,4,5
3640,,,4,2,2,3,40,66,60,180,2,5
3641,,,9,2,2,2,88,74,180,300,3,5
3642,,,7,2,2,3,80,55,0,300,3,5
3643,,,9,2,2,3,65,8,0,300,1,5
3644,,,3,1,2,1,92,85,420,540,3,5
3645,,,3,2,2,1,20,49,180,300,4,5
3646,,,5,2,2,3,54,8,420,540,3,5
3647,,,2,2,2,1,94,5,300,420,4,5
3648,,,11,2,2,1,71,35,0,300,3,5
3649,,,3,1,2,2,39,45,300,600,1,5
3650,,,10,1,2,3,90,95,420,540,3,5
3651,,,15,1,2,2,85,41,300,600,4,5
3652,,,1,1,2,3,57,68,300,600,1,5
3653,,,6,2,2,1,8,31,60,180,2,5
3654,,,11,1,2,1,67,37,420,540,3,5
3655,,,12,2,2,1,46,52,0,300,1,5
3656,,,11,1,2,2,47,91,420,540,1,5
3657,,,7,1,2,3,65,6,420,540,3,5
3658,,,8,2,2,1,89,49,300,420,4,5
3659,,,13,1,2,3,56,28,300,600,3,5
3660,,,5,2,2,3,60,72,420,540,4,5
3661,,,2,1,2,3,70,64,420,540,1,5
3662,,,4,2,2,1,48,26,0,300,3,5
3663,,,13,1,2,2,78,62,300,600,2,5
3664,,,7,2,2,3,15,25,300,600,4,5
3665,,,15,1,2,2,60,36,420,540,3,5
3666,,,6,2,2,3,10,82,60,180,3,5
3667,,,9,2,2,3,50,63,420,540,3,5
3668,,,14,2,2,2,88,90,180,300,1,5
3669,,,6,1,2,2,78,28,420,540,1,5
3670,,,15,2,2,2,77,40,420,540,2,5
3671,,,8,1,2,2,68,89,420,540,2,5
3672,,,16,2,2,2,43,57,300,600,2,5
3673,,,7,1,2,1,49,33,300,600,4,5
3674,,,3,1,2,2,71,84,300,600,4,5
3675,,,14,2,2,1,54,23,60,180,2,5
3676,,,10,1,2,3,66,20,420,540,1,5
3677,,,9,1,2,3,32,3,300,600,2,5
3678,,,9,1,2,2,88,60,300,600,3,5
3679,,,14,2,2,2,46,22,420,540,2,5
3680,,,8,2,2,1,61,68,420,540,1,5
3681,,,5,2,2,2,2,93,420,540,2,5
3682,,,9,1,2,3,52,59,420,540,3,5
3683,,,15,1,2,3,64,74,300,600,1,5
3684,,,9,2,2,1,80,86,60,180,2,5
3685,,,10,1,2,1,13,43,300,600,1,5
3686,,,6,1,2,2,74,15,300,600,3,5
3687,,,12,2,2,3,62,89,0,300,2,5
3688,,,2,2,2,1,59,19,60,180,2,5
3689,,,11,1,2,2,18,69,300,600,3,5
3690,,,3,1,2,3,68,55,300,600,4,5
3691,,,16,2,2,2,39,60,420,540,4,5
3692,,,1,1,2,1,0,99,300,600,1,5
3693,,,4,1,2,1,9,72,420,540,4,5
3694,,,8,2,2,3,99,14,0,300,1,5
3695,,,9,1,2,1,54,78,420,540,4,5
3696,,,4,2,2,1,34,66,60,180,4,5
3697,,,1,1,2,1,87,16,420,540,3,5
3698,,,11,2,2,1,80,50,180,300,3,5
3699,,,15,1,2,1,73,53,420,540,2,5
3700,,,5,2,2,1,94,34,60,180,1,5
3701,,,8,2,2,1,98,45,60,180,4,5
3702,,,6,2,2,2,23,34,300,420,1,5
3703,,,7,2,2,1,60,86,300,420,3,5
3704,,,14,2,2,3,23,59,300,600,1,5
3705,,,15,1,2,3,76,62,420,540,4,5
3706,,,4,2,2,3,54,75,300,600,4,5
3707,,,15,2,2,3,29,54,420,540,1,5
3708,,,4,1,2,2,13,23,300,600,3,5
3709,,,10,1,2,1,2,82,420,540,3,5
3710,,,11,1,2,3,85,97,300,600,2,5
3711,,,3,1,2,1,75,32,420,540,3,5
3712,,,6,1,2,3,47,24,420,540,2,5
3713,,,14,1,2,2,42,49,300,600,4,5
3714,,,3,2,2,2,37,28,0,300,3,5
3715,,,5,2,2,1,7,93,300,600,1,5
3716,,,9,1,2,1,47,4,300,600,4,5
3717,,,14,1,2,2,79,95,300,600,1,5
3718,,,4,2,2,1,27,10,420,540,2,5
3719,,,3,1,2,2,3,19,300,600,4,5
3720,,,5,2,2,3,61,22,180,300,2,5
3721,,,7,1,2,2,15,25,300,600,3,5
3722,,,14,1,2,3,83,49,300,600,3,5
3723,,,4,2,2,2,1,93,60,180,3,5
3724,,,9,1,2,1,13,7,300,600,2,5
3725,,,2,2,2,1,23,48,0,300,2,5
3726,,,6,1,2,2,36,9,420,540,3,5
3727,,,13,1,2,2,67,32,300,600,4,5
3728,,,13,2,2,1,84,56,0,300,4,5
3729,,,11,1,2,3,34,15,300,600,2,5
3730,,,13,2,2,2,71,92,180,300,4,5
3731,,,4,2,2,3,42,6,60,180,4,5
3732,,,14,2,2,2,47,22,300,420,2,5
3733,,,12,2,2,1,17,69,60,180,4,5
3734,,,15,2,2,3,85,64,420,540,2,5
3735,,,2,1,2,3,65,34,300,600,1,5
3736,,,11,2,2,2,16,63,300,600,3,5
3737,,,5,2,2,3,69,43,60,180,2,5
3738,,,5,1,2,1,8,42,300,600,4,5
3739,,,13,2,2,3,89,45,180,300,4,5
3740,,,11,2,2,1,97,90,0,300,2,5
3741,,,9,1,2,2,62,59,300,600,3,5
3742,,,13,1,2,1,59,97,420,540,1,5
3743,,,10,2,2,3,62,23,180,300,1,5
3744,,,5,2,2,2,4,17,60,180,3,5
3745,,,2,2,2,1,66,87,180,300,2,5
3746,,,11,1,2,3,33,55,420,540,1,5
3747,,,5,2,2,3,50,7,60,180,1,5
3748,,,8,2,2,2,33,84,180,300,3,5
3749,,,11,1,2,2,61,42,420,540,4,5
3750,,,3,2,2,2,29,38,420,540,4,5
3751,,,2,2,2,2,29,42,0,300,1,5
3752,,,7,1,2,2,82,62,420,540,3,5
3753,,,9,1,2,2,74,56,420,540,4,5
3754,,,3,2,2,3,72,73,300,420,1,5
3755,,,4,1,2,2,60,20,420,540,1,5
3756,,,7,1,2,3,47,59,300,600,1,5
3757,,,9,1,2,3,39,78,420,540,3,5
3758,,,12,1,2,1,39,61,420,540,1,5
3759,,,5,2,2,1,14,20,180,300,3,5
3760,,,12,1,2,3,66,25,420,540,4,5
3761,,,14,1,2,1,89,38,300,600,2,5
3762,,,12,1,2,2,86,99,300,600,2,5
3763,,,16,2,2,2,75,62,180,300,2,5
3764,,,7,1,2,2,6,80,300,600,4,5
3765,,,2,2,2,3,68,55,420,540,3,5
3766,,,4,2,2,1,43,74,0,300,2,5
3767,,,15,2,2,1,55,33,180,300,4,5
3768,,,6,1,2,2,80,6,420,540,4,5
3769,,,15,1,2,2,21,17,420,540,4,5
3770,,,6,1,2,3,57,56,420,540,1,5
3771,,,12,1,2,2,95,64,300,600,4,5
3772,,,14,1,2,3,57,57,420,540,3,5
3773,,,15,2,2,2,21,67,0,300,1,5
3774,,,14,2,2,1,31,40,300,600,3,5
3775,,,11,1,2,3,12,4,300,600,2,5
3776,,,10,2,2,2,54,23,300,600,3,5
3777,,,9,2,2,2,72,90,300,600,3,5
3778,,,3,2,2,1,66,77,420,540,2,5
3779,,,8,1,2,2,56,13,300,600,3,5
3780,,,5,1,2,1,5,16,300,600,1,5
3781,,,12,2,2,2,39,74,420,540,4,5
3782,,,12,1,2,1,82,30,420,540,4,5
3783,,,7,2,2,3,91,70,0,300,1,5
3784,,,3,1,2,3,20,47,300,600,3,5
3785,,,8,1,2,3,41,13,300,600,2,5
3786,,,5,2,2,2,74,77,0,300,3,5
3787,,,4,2,2,2,33,55,0,300,3,5
3788,,,12,2,2,3,42,20,300,600,3,5
3789,,,8,1,2,2,61,99,420,540,4,5
3790,,,7,1,2,2,31,38,300,600,2,5
3791,,,8,1,2,2,25,59,420,540,2,5
3792,,,2,1,2,1,78,34,420,540,3,5
3793,,,9,1,2,3,12,22,420,540,4,5
3794,,,11,1,2,2,84,22,300,600,1,5
3795,,,13,1,2,1,63,55,420,540,4,5
3796,,,11,2,2,1,97,12,420,540,2,5
3797,,,6,1,2,3,12,55,300,600,1,5
3798,,,4,1,2,1,66,60,420,540,1,5
3799,,,6,1,2,3,70,10,420,540,1,5
3800,,,8,1,2,1,62,16,420,540,1,5
3801,,,13,2,2,2,46,43,0,300,2,5
3802,,,14,2,2,2,56,91,0,300,3,5
3803,,,14,1,2,1,85,73,420,540,4,5
3804,,,9,2,2,3,18,80,60,180,2,5
3805,,,3,2,2,1,22,19,60,180,1,5
3806,,,5,2,2,3,94,83,420,540,1,5
3807,,,6,1,2,1,33,87,420,540,1,5
3808,,,2,2,2,2,18,56,420,540,1,5
3809,,,11,2,2,1,47,39,60,180,4,5
3810,,,5,2,2,1,83,72,0,300,2,5
3811,,,14,1,2,3,71,77,300,600,1,5
3812,,,14,2,2,1,75,79,420,540,1,5
3813,,,9,2,2,2,90,23,0,300,3,5
3814,,,3,2,2,2,60,40,420,540,1,5
3815,,,2,1,2,3,76,21,300,600,1,5
3816,,,15,2,2,2,92,33,420,540,4,5
3817,,,8,2,2,3,39,66,0,300,2,5
3818,,,4,2,2,3,38,71,420,540,1,5
3819,,,4,1,2,3,99,92,420,540,3,5
3820,,,6,1,2,3,97,30,420,540,4,5
3821,,,7,1,2,2,93,96,420,540,3,5
3822,,,7,2,2,3,3,43,0,300,4,5
3823,,,3,1,2,2,76,55,300,600,3,5
3824,,,10,1,2,1,65,47,420,540,4,5
3825,,,7,2,2,3,50,28,300,420,1,5
3826,,,6,1,2,2,16,26,300,600,3,5
3827,,,3,1,2,1,24,9,300,600,3,5
3828,,,7,2,2,1,85,81,420,540,2,5
3829,,,5,2,2,3,63,77,420,540,2,5
3830,,,4,1,2,2,18,78,300,600,4,5
3831,,,4,1,2,2,48,23,420,540,1,5
3832,,,12,1,2,2,1,87,420,540,4,5
3833,,,6,1,2,3,44,54,420,540,4,5
3834,,,15,2,2,1,78,6,300,600,1,5
3835,,,9,2,2,3,26,44,300,420,1,5
3836,,,13,1,2,2,39,19,300,600,4,5
3837,,,14,2,2,1,49,30,300,420,4,5
3838,,,6,2,2,3,37,10,420,540,4,5
3839,,,3,2,2,2,71,0,0,300,1,5
3840,,,11,2,2,2,27,45,420,540,1,5
3841,,,12,1,2,3,3,21,300,600,2,5
3842,,,14,2,2,3,72,40,60,180,3,5
3843,,,14,2,2,1,33,12,300,420,1,5
3844,,,14,1,2,1,69,86,300,600,3,5
3845,,,11,2,2,2,100,8,420,540,1,5
3846,,,14,2,2,2,62,49,0,300,2,5
3847,,,13,2,2,1,95,15,60,180,2,5
3848,,,3,2,2,1,30,35,420,540,2,5
3849,,,3,2,2,1,66,88,180,300,1,5
3850,,,2,1,2,2,40,66,300,600,4,5
3851,,,12,1,2,3,2,87,300,600,1,5
3852,,,2,2,2,2,23,71,0,300,2,5
3853,,,2,1,2,1,47,11,300,600,2,5
3854,,,9,2,2,2,14,53,420,540,2,5
3855,,,6,2,2,3,17,6,420,540,3,5
3856,,,7,2,2,3,41,1,420,540,2,5
3857,,,9,2,2,3,34,86,300,600,3,5
3858,,,7,1,2,3,69,3,420,540,3,5
3859,,,14,2,2,3,87,69,0,300,3,5
3860,,,15,2,2,1,12,58,300,600,2,5
3861,,,15,2,2,3,73,37,60,180,1,5
3862,,,6,1,2,1,27,49,420,540,3,5
3863,,,2,2,2,2,14,70,60,180,3,5
3864,,,8,1,2,3,5,48,420,540,4,5
3865,,,10,2,2,3,63,77,180,300,4,5
3866,,,11,2,2,3,9,50,300,600,1,5
3867,,,4,2,2,2,29,90,420,540,4,5
3868,,,9,2,2,3,52,77,300,600,3,5
3869,,,15,2,2,2,33,59,420,540,2,5
3870,,,10,2,2,2,81,93,180,300,2,5
3871,,,3,1,2,2,88,5,300,600,4,5
3872,,,3,2,2,2,26,91,60,180,4,5
3873,,,10,2,2,3,15,70,420,540,3,5
3874,,,12,1,2,2,31,66,420,540,2,5
3875,,,6,2,2,3,44,35,180,300,4,5
3876,,,2,1,2,2,83,66,300,600,3,5
3877,,,2,1,2,3,49,40,420,540,4,5
3878,,,13,1,2,3,67,85,300,600,1,5
3879,,,3,2,2,1,34,61,420,540,3,5
3880,,,12,2,2,3,52,67,420,540,4,5
3881,,,4,2,2,1,26,11,60,180,2,5
3882,,,9,2,2,2,6,88,60,180,4,5
3883,,,14,2,2,3,55,1,420,540,4,5
3884,,,4,1,2,2,38,74,420,540,1,5
3885,,,8,2,2,2,93,71,300,420,2,5
3886,,,6,1,2,1,51,57,420,540,2,5
3887,,,16,2,2,3,42,48,300,600,1,5
3888,,,12,1,2,3,62,61,300,600,2,5
3889,,,12,2,2,2,40,24,300,600,2,5
3890,,,11,2,2,1,67,72,420,540,3,5
3891,,,14,1,2,1,71,92,420,540,1,5
3892,,,3,2,2,3,9,44,300,420,4,5
3893,,,12,2,2,2,53,73,180,300,3,5
3894,,,11,1,2,1,52,21,420,540,1,5
3895,,,4,1,2,2,29,22,420,540,1,5
3896,,,4,2,2,2,59,1,180,300,2,5
3897,,,7,1,2,1,15,28,300,600,1,5
3898,,,4,2,2,2,83,65,300,420,4,5
3899,,,3,1,2,2,32,90,300,600,2,5
3900,,,12,2,2,3,23,69,420,540,4,5
3901,,,8,2,2,2,75,60,420,540,3,5
3902,,,5,2,2,3,67,1,300,420,2,5
3903,,,10,1,2,2,6,44,420,540,2,5
3904,,,12,2,2,2,37,96,180,300,1,5
3905,,,5,1,2,1,4,26,300,600,1,5
3906,,,14,2,2,1,39,7,300,600,4,5
3907,,,16,1,2,1,68,57,420,540,3,5
3908,,,2,1,2,3,39,91,420,540,1,5
3909,,,13,1,2,3,91,5,300,600,1,5
3910,,,6,2,2,3,85,26,60,180,2,5
3911,,,9,2,2,1,26,10,420,540,3,5
3912,,,13,2,2,3,26,99,180,300,1,5
3913,,,10,1,2,1,72,38,420,540,3,5
3914,,,2,2,2,3,47,31,420,540,3,5
3915,,,9,1,2,3,85,41,300,600,2,5
3916,,,12,1,2,2,35,98,420,540,3,5
3917,,,3,2,2,1,32,84,300,600,1,5
3918,,,4,1,2,2,3,65,420,540,4,5
3919,,,7,1,2,2,44,37,300,600,3,5
3920,,,11,2,2,3,18,15,0,300,2,5
3921,,,10,2,2,1,50,74,420,540,3,5
3922,,,14,1,2,2,76,2,300,600,3,5
3923,,,6,1,2,1,39,21,420,540,3,5
3924,,,2,1,2,3,98,86,300,600,4,5
3925,,,8,2,2,2,95,17,180,300,3,5
3926,,,7,1,2,3,77,79,420,540,1,5
3927,,,9,2,2,2,54,71,300,420,3,5
3928,,,11,2,2,3,26,67,420,540,1,5
3929,,,12,2,2,2,46,40,300,600,1,5
3930,,,14,2,2,3,3,53,420,540,4,5
3931,,,8,1,2,1,94,67,420,540,2,5
3932,,,13,1,2,3,12,67,300,600,1,5
3933,,,13,2,2,2,98,48,0,300,1,5
3934,,,6,1,2,3,96,67,420,540,4,5
3935,,,7,2,2,1,53,34,0,300,3,5
3936,,,14,2,2,1,24,19,300,420,4,5
3937,,,13,1,2,1,60,98,300,600,3,5
3938,,,10,2,2,3,39,68,180,300,3,5
3939,,,7,1,2,1,56,15,420,540,4,5
3940,,,10,2,2,1,74,72,420,540,3,5
3941,,,7,2,2,1,64,39,180,300,1,5
3942,,,6,1,2,3,11,70,420,540,3,5
3943,,,14,2,2,3,75,15,60,180,1,5
3944,,,7,2,2,3,4,56,420,540,4,5
3945,,,15,1,2,2,76,70,420,540,2,5
3946,,,7,1,2,2,3,66,300,600,4,5
3947,,,16,1,2,2,93,83,420,540,4,5
3948,,,6,1,2,2,40,70,420,540,4,5
3949,,,7,2,2,3,70,40,300,600,1,5
3950,,,14,2,2,2,24,31,420,540,4,5
3951,,,9,2,2,1,54,94,420,540,3,5
3952,,,3,1,2,1,72,95,420,540,2,5
3953,,,7,2,2,2,87,90,300,600,3,5
3954,,,12,1,2,2,35,68,420,540,2,5
3955,,,4,2,2,1,60,67,180,300,1,5
3956,,,14,1,2,2,77,100,300,600,1,5
3957,,,14,2,2,1,27,53,180,300,3,5
3958,,,5,1,2,2,68,36,420,540,1,5
3959,,,6,2,2,3,92,82,180,300,2,5
3960,,,6,2,2,1,73,83,0,300,3,5
3961,,,10,2,2,2,14,76,180,300,1,5
3962,,,14,2,2,3,46,31,60,180,3,5
3963,,,6,2,2,1,71,75,60,180,1,5
3964,,,13,1,2,2,21,71,420,540,2,5
3965,,,12,1,2,2,4,16,300,600,4,5
3966,,,3,1,2,2,43,87,300,600,4,5
3967,,,7,2,2,2,5,24,180,300,3,5
3968,,,3,1,2,1,19,93,420,540,1,5
3969,,,5,2,2,3,57,72,60,180,4,5
3970,,,7,2,2,1,71,10,60,180,3,5
3971,,,13,1,2,1,48,93,420,540,2,5
3972,,,9,1,2,2,6,63,420,540,4,5
3973,,,11,2,2,1,30,90,0,300,3,5
3974,,,6,2,2,3,52,84,420,540,1,5
3975,,,6,2,2,3,73,80,0,300,2,5
3976,,,12,1,2,3,58,38,300,600,2,5
3977,,,7,2,2,2,44,27,180,300,3,5
3978,,,14,1,2,2,34,60,300,600,3,5
3979,,,6,2,2,3,80,41,300,420,2,5
3980,,,14,2,2,2,41,17,300,420,2,5
3981,,,2,1,2,2,61,22,420,540,2,5
3982,,,14,2,2,2,23,98,300,420,1,5
3983,,,14,1,2,2,15,15,300,600,1,5
3984,,,9,1,2,1,88,24,420,540,1,5
3985,,,10,1,2,1,37,58,420,540,2,5
3986,,,2,1,2,3,49,57,300,600,3,5
3987,,,9,2,2,3,30,10,300,600,3,5
3988,,,5,1,2,3,28,15,420,540,4,5
3989,,,3,1,2,1,16,43,300,600,1,5
3990,,,3,1,2,1,19,26,300,600,1,5
3991,,,11,1,2,3,15,58,300,600,2,5
3992,,,9,2,2,3,58,2,420,540,2,5
3993,,,5,2,2,1,100,12,300,420,4,5
3994,,,9,2,2,2,9,51,420,540,3,5
3995,,,12,2,2,3,63,50,0,300,4,5
3996,,,5,2,2,3,9,0,420,540,3,5
3997,,,7,1,2,2,29,99,300,600,1,5
3998,,,11,2,2,2,21,30,300,600,3,5
3999,,,8,2,2,3,57,66,180,300,2,5
4000,,,9,1,2,1,58,70,300,600,3,5
4001,,,5,1,2,2,51,23,420,540,2,5
4002,,,12,2,2,3,26,83,420,540,4,5
4003,,,10,2,2,2,40,81,60,180,2,5
4004,,,3,1,2,2,12,44,420,540,4,5
4005,,,11,1,2,1,4,12,420,540,1,5
4006,,,5,2,2,2,22,73,180,300,1,5
4007,,,13,2,2,1,18,37,300,420,3,5
4008,,,4,2,2,2,37,60,180,300,3,5
4009,,,2,2,2,1,70,23,180,300,2,5
4010,,,12,1,2,1,33,3,420,540,4,5
4011,,,10,1,2,2,11,54,420,540,3,5
4012,,,3,2,2,1,20,74,300,420,3,5
4013,,,6,1,2,3,38,59,420,540,4,5
4014,,,2,2,2,2,73,35,420,540,3,5
4015,,,5,1,2,2,56,21,420,540,4,5
4016,,,7,1,2,3,47,24,420,540,3,5
4017,,,6,2,2,2,87,80,300,420,2,5
4018,,,7,2,2,3,32,59,300,420,1,5
4019,,,11,1,2,1,71,70,300,600,4,5
4020,,,12,2,2,3,76,71,420,540,4,5
4021,,,2,1,2,2,54,98,300,600,1,5
4022,,,14,2,2,1,71,59,300,600,1,5
4023,,,16,2,2,3,58,46,420,540,3,5
4024,,,10,1,2,3,54,26,300,600,2,5
4025,,,12,1,2,2,28,9,420,540,2,5
4026,,,12,1,2,3,49,80,420,540,3,5
4027,,,7,1,2,1,36,6,420,540,2,5
4028,,,7,1,2,3,3,43,300,600,3,5
4029,,,14,2,2,3,8,30,420,540,1,5
4030,,,14,1,2,3,37,3,420,540,1,5
4031,,,9,1,2,2,88,80,420,540,4,5
4032,,,9,2,2,3,65,92,420,540,2,5
4033,,,17,2,2,3,95,24,60,180,4,5
4034,,,13,2,2,1,1,45,60,180,3,5
4035,,,13,1,2,1,15,77,300,600,2,5
4036,,,13,1,2,2,27,57,420,540,4,5
4037,,,14,2,2,3,46,39,0,300,1,5
4038,,,13,1,2,2,8,46,420,540,1,5
4039,,,5,1,2,3,51,74,300,600,4,5
4040,,,15,2,2,1,95,80,60,180,3,5
4041,,,5,1,2,2,7,57,300,600,3,5
4042,,,6,1,2,2,85,5,300,600,3,5
4043,,,5,1,2,2,94,30,420,540,3,5
4044,,,7,2,2,2,63,67,300,420,2,5
4045,,,15,2,2,3,36,85,420,540,4,5
4046,,,7,2,2,3,6,19,180,300,4,5
4047,,,15,1,2,2,53,70,420,540,2,5
4048,,,12,1,2,2,26,57,300,600,2,5
4049,,,10,1,2,2,73,1,300,600,3,5
4050,,,15,1,2,3,79,79,420,540,4,5
4051,,,7,2,2,2,28,66,420,540,2,5
4052,,,9,1,2,1,71,76,300,600,2,5
4053,,,6,1,2,3,86,34,300,600,3,5
4054,,,3,1,2,3,7,59,420,540,3,5
4055,,,6,2,2,2,61,100,60,180,1,5
4056,,,8,1,2,3,90,50,300,600,2,5
4057,,,15,1,2,1,28,81,420,540,1,5
4058,,,9,2,2,3,50,36,300,420,3,5
4059,,,11,2,2,2,50,51,60,180,1,5
4060,,,6,2,2,3,93,63,180,300,1,5
4061,,,15,1,2,2,45,5,420,540,3,5
4062,,,4,2,2,2,66,71,300,420,4,5
4063,,,15,2,2,2,49,15,420,540,1,5
4064,,,8,2,2,1,93,77,60,180,4,5
4065,,,10,2,2,1,4,62,180,300,3,5
4066,,,3,2,2,1,58,56,0,300,2,5
4067,,,3,2,2,1,91,16,180,300,4,5
4068,,,11,2,2,2,78,19,60,180,3,5
4069,,,3,2,2,1,8,78,300,600,3,5
4070,,,10,2,2,1,0,44,420,540,1,5
4071,,,12,1,2,3,32,6,420,540,3,5
4072,,,14,2,2,1,29,33,0,300,2,5
4073,,,14,1,2,1,71,14,300,600,3,5
4074,,,3,1,2,3,86,24,300,600,2,5
4075,,,5,2,2,1,3,7,300,420,4,5
4076,,,5,1,2,3,36,85,420,540,4,5
4077,,,3,2,2,1,26,58,60,180,3,5
4078,,,10,1,2,2,98,98,420,540,4,5
4079,,,12,2,2,3,2,38,420,540,1,5
4080,,,12,2,2,2,92,100,0,300,3,5
4081,,,5,1,2,1,70,5,420,540,2,5
4082,,,13,2,2,1,9,73,300,420,4,5
4083,,,13,1,2,2,75,74,300,600,3,5
4084,,,15,2,2,2,62,74,0,300,1,5
4085,,,6,1,2,3,20,13,420,540,3,5
4086,,,5,2,2,2,58,18,420,540,3,5
4087,,,6,1,2,2,8,24,300,600,1,5
4088,,,4,2,2,3,23,81,180,300,4,5
4089,,,4,1,2,2,0,4,300,600,2,5
4090,,,9,2,2,2,55,32,180,300,1,5
4091,,,9,1,2,2,44,58,300,600,4,5
4092,,,16,2,2,2,6,77,300,420,2,5
4093,,,8,1,2,3,22,34,420,540,2,5
4094,,,13,2,2,1,14,14,420,540,2,5
4095,,,1,1,2,1,72,63,420,540,4,5
4096,,,4,1,2,2,67,56,420,540,3,5
4097,,,11,1,2,1,42,73,420,540,3,5
4098,,,9,1,2,2,97,11,300,600,1,5
4099,,,1,1,2,2,37,83,300,600,3,5
4100,,,10,1,2,3,19,84,300,600,1,5
4101,,,5,1,2,1,53,53,420,540,2,5
4102,,,12,1,2,3,78,41,420,540,1,5
4103,,,9,1,2,3,40,12,420,540,3,5
4104,,,14,2,2,1,26,31,180,300,3,5
4105,,,4,2,2,1,69,4,0,300,1,5
4106,,,14,2,2,3,90,77,0,300,4,5
4107,,,13,2,2,2,87,46,60,180,1,5
4108,,,8,2,2,3,6,20,60,180,2,5
4109,,,2,1,2,2,34,47,300,600,4,5
4110,,,12,2,2,1,84,36,0,300,3,5
4111,,,16,2,2,1,40,82,420,540,4,5
4112,,,6,1,2,3,57,77,300,600,4,5
4113,,,1,1,2,1,62,6,300,600,1,5
4114,,,6,1,2,1,76,12,420,540,1,5
4115,,,2,1,2,1,93,6,420,540,3,5
4116,,,5,2,2,1,2,47,420,540,3,5
4117,,,2,2,2,1,26,85,0,300,2,5
4118,,,8,1,2,2,10,41,420,540,4,5
4119,,,4,2,2,1,53,2,0,300,2,5
4120,,,10,1,2,1,91,73,420,540,4,5
4121,,,5,2,2,3,78,98,180,300,2,5
4122,,,5,2,2,1,68,39,60,180,2,5
4123,,,10,2,2,1,32,73,420,540,1,5
4124,,,16,1,2,3,39,42,300,600,3,5
4125,,,7,2,2,2,44,53,420,540,2,5
4126,,,14,1,2,2,70,68,300,600,2,5
4127,,,10,1,2,1,78,93,420,540,1,5
4128,,,8,2,2,1,50,92,60,180,1,5
4129,,,13,1,2,2,29,30,300,600,1,5
4130,,,5,2,2,1,39,98,420,540,4,5
4131,,,16,1,2,1,37,87,420,540,1,5
4132,,,9,1,2,3,92,4,420,540,3,5
4133,,,10,1,2,3,61,27,420,540,4,5
4134,,,10,2,2,1,38,71,420,540,1,5
4135,,,15,2,2,2,97,44,180,300,2,5
4136,,,15,1,2,3,14,14,420,540,3,5
4137,,,12,1,2,1,17,21,420,540,1,5
4138,,,7,2,2,3,33,60,60,180,4,5
4139,,,14,1,2,3,7,35,300,600,2,5
4140,,,16,1,2,3,0,7,420,540,4,5
4141,,,14,1,2,2,52,47,300,600,3,5
4142,,,9,1,2,2,77,36,300,600,4,5
4143,,,4,1,2,2,15,73,420,540,4,5
4144,,,9,2,2,1,34,31,60,180,4,5
4145,,,3,1,2,1,56,50,300,600,2,5
4146,,,8,1,2,2,12,40,300,600,3,5
4147,,,9,1,2,3,25,72,420,540,1,5
4148,,,8,2,2,1,6,56,300,600,3,5
4149,,,14,2,2,2,55,79,180,300,1,5
4150,,,7,1,2,3,78,88,420,540,1,5
4151,,,2,2,2,3,56,39,60,180,3,5
4152,,,2,2,2,2,96,18,300,600,1,5
4153,,,3,2,2,1,1,21,180,300,1,5
4154,,,11,2,2,2,98,71,180,300,1,5
4155,,,4,1,2,2,91,79,420,540,4,5
4156,,,6,1,2,3,52,48,420,540,2,5
4157,,,3,1,2,1,46,30,420,540,3,5
4158,,,11,1,2,1,51,62,300,600,2,5
4159,,,14,1,2,1,88,52,300,600,2,5
4160,,,13,1,2,1,41,40,300,600,2,5
4161,,,3,1,2,3,64,4,420,540,1,5
4162,,,5,2,2,3,24,48,180,300,2,5
4163,,,14,2,2,3,66,72,420,540,4,5
4164,,,11,2,2,1,27,99,300,420,1,5
4165,,,5,2,2,2,95,97,180,300,4,5
4166,,,8,1,2,3,18,5,420,540,1,5
4167,,,11,1,2,2,6,53,420,540,2,5
4168,,,11,1,2,2,46,87,300,600,4,5
4169,,,14,1,2,3,96,12,300,600,3,5
4170,,,1,1,2,2,95,33,300,600,3,5
4171,,,3,2,2,2,60,84,300,420,1,5
4172,,,12,2,2,1,95,12,60,180,3,5
4173,,,16,2,2,1,3,8,180,300,1,5
4174,,,7,2,2,3,7,69,420,540,3,5
4175,,,16,1,2,3,83,50,300,600,4,5
4176,,,3,1,2,3,26,33,300,600,3,5
4177,,,6,1,2,3,12,22,300,600,1,5
4178,,,6,1,2,1,90,47,420,540,3,5
4179,,,12,2,2,2,79,37,60,180,3,5
4180,,,11,1,2,1,68,85,300,600,2,5
4181,,,6,1,2,1,13,81,300,600,1,5
4182,,,10,2,2,2,11,66,300,420,1,5
4183,,,4,1,2,1,13,73,420,540,4,5
4184,,,9,2,2,3,19,54,420,540,2,5
4185,,,7,2,2,3,95,18,420,540,3,5
4186,,,4,1,2,1,52,15,420,540,4,5
4187,,,11,2,2,1,81,49,60,180,3,5
4188,,,14,2,2,1,17,40,180,300,1,5
4189,,,5,1,2,1,30,98,420,540,3,5
4190,,,4,2,2,2,39,22,300,600,2,5
4191,,,2,2,2,3,53,43,180,300,2,5
4192,,,6,1,2,2,2,82,300,600,1,5
4193,,,12,2,2,3,11,81,0,300,3,5
4194,,,6,1,2,3,46,74,420,540,2,5
4195,,,12,2,2,2,37,26,0,300,2,5
4196,,,4,1,2,2,0,46,420,540,2,5
4197,,,8,2,2,2,13,40,300,420,3,5
4198,,,8,1,2,3,29,73,300,600,4,5
4199,,,15,2,2,2,57,93,300,600,1,5
4200,,,10,1,2,1,67,25,420,540,2,5
4201,,,15,2,2,1,15,63,180,300,3,5
4202,,,6,2,2,3,86,68,420,540,2,5
4203,,,7,1,2,2,24,72,300,600,1,5
4204,,,9,1,2,3,92,38,420,540,1,5
4205,,,14,1,2,2,10,30,420,540,3,5
4206,,,12,1,2,1,65,18,300,600,1,5
4207,,,12,1,2,2,61,42,300,600,3,5
4208,,,5,1,2,2,46,54,420,540,1,5
4209,,,3,2,2,1,57,42,60,180,1,5
4210,,,2,1,2,2,20,23,420,540,3,5
4211,,,11,1,2,2,56,51,300,600,2,5
4212,,,7,1,2,3,32,50,300,600,1,5
4213,,,4,2,2,2,90,38,180,300,4,5
4214,,,11,2,2,1,12,58,0,300,3,5
4215,,,12,1,2,1,40,94,300,600,4,5
4216,,,9,2,2,1,92,8,60,180,2,5
4217,,,8,1,2,2,79,34,300,600,3,5
4218,,,5,1,2,3,5,98,420,540,4,5
4219,,,13,2,2,3,36,29,0,300,1,5
4220,,,10,2,2,1,24,88,180,300,1,5
4221,,,15,1,2,2,86,33,300,600,3,5
4222,,,15,2,2,2,62,26,0,300,1,5
4223,,,14,2,2,3,96,45,300,420,3,5
4224,,,13,1,2,3,11,35,300,600,2,5
4225,,,3,2,2,3,15,38,0,300,2,5
4226,,,15,2,2,2,41,92,300,600,3,5
4227,,,13,2,2,3,59,33,420,540,2,5
4228,,,4,2,2,1,60,37,60,180,1,5
4229,,,7,2,2,2,2,84,60,180,3,5
4230,,,11,2,2,3,23,53,300,420,1,5
4231,,,5,2,2,1,72,23,0,300,3,5
4232,,,12,2,2,1,14,42,0,300,3,5
4233,,,13,1,2,2,54,65,300,600,2,5
4234,,,9,2,2,1,79,6,60,180,4,5
4235,,,14,1,2,1,77,73,300,600,3,5
4236,,,3,2,2,3,75,65,180,300,2,5
4237,,,12,1,2,1,78,45,300,600,1,5
4238,,,5,1,2,2,0,18,300,600,4,5
4239,,,13,2,2,2,54,56,60,180,2,5
4240,,,9,1,2,1,13,24,420,540,1,5
4241,,,7,2,2,1,54,72,180,300,1,5
4242,,,6,2,2,3,89,82,300,420,3,5
4243,,,8,1,2,3,94,88,420,540,4,5
4244,,,7,2,2,2,24,39,180,300,2,5
4245,,,3,1,2,2,42,34,300,600,3,5
4246,,,5,1,2,1,26,83,420,540,3,5
4247,,,11,2,2,1,87,17,180,300,3,5
4248,,,17,2,2,3,59,46,60,180,3,5
4249,,,5,1,2,1,67,9,420,540,4,5
4250,,,7,2,2,3,30,20,420,540,2,5
4251,,,14,2,2,2,97,99,420,540,4,5
4252,,,10,2,2,3,89,36,300,600,2,5
4253,,,7,2,2,1,68,73,60,180,3,5
4254,,,5,1,2,1,4,22,420,540,4,5
4255,,,7,2,2,2,71,49,60,180,1,5
4256,,,6,1,2,1,37,75,300,600,2,5
4257,,,13,2,2,2,55,25,420,540,2,5
4258,,,6,1,2,3,84,85,420,540,1,5
4259,,,15,2,2,1,51,48,0,300,2,5
4260,,,10,1,2,3,64,19,420,540,3,5
4261,,,10,2,2,3,88,7,420,540,4,5
4262,,,12,2,2,2,35,38,300,600,3,5
4263,,,8,2,2,1,70,41,60,180,1,5
4264,,,14,2,2,1,29,4,0,300,1,5
4265,,,5,2,2,1,74,67,0,300,4,5
4266,,,15,2,2,2,26,68,420,540,4,5
4267,,,9,2,2,2,69,46,180,300,1,5
4268,,,13,2,2,3,7,70,60,180,4,5
4269,,,14,1,2,1,3,60,420,540,2,5
4270,,,6,2,2,1,45,6,420,540,2,5
4271,,,6,1,2,3,98,43,420,540,3,5
4272,,,4,2,2,2,13,14,0,300,1,5
4273,,,14,2,2,2,86,50,180,300,2,5
4274,,,12,1,2,1,53,30,420,540,3,5
4275,,,7,2,2,2,17,4,60,180,1,5
4276,,,3,2,2,3,18,89,300,600,1,5
4277,,,5,2,2,3,33,84,420,540,1,5
4278,,,8,2,2,2,52,64,420,540,1,5
4279,,,7,2,2,1,83,22,420,540,1,5
4280,,,4,1,2,1,66,23,420,540,4,5
4281,,,14,1,2,3,82,26,420,540,1,5
4282,,,8,1,2,2,47,41,420,540,3,5
4283,,,2,2,2,3,97,17,300,420,3,5
4284,,,3,1,2,1,44,17,420,540,3,5
4285,,,12,1,2,3,89,74,420,540,4,5
4286,,,13,1,2,1,61,85,300,600,1,5
4287,,,6,2,2,2,71,66,300,600,3,5
4288,,,3,2,2,3,53,76,420,540,2,5
4289,,,14,2,2,3,17,23,0,300,3,5
4290,,,9,2,2,1,7,12,420,540,2,5
4291,,,5,2,2,2,63,74,180,300,1,5
4292,,,8,1,2,2,72,72,420,540,2,5
4293,,,5,2,2,3,76,52,420,540,3,5
4294,,,15,2,2,3,52,55,300,600,2,5
4295,,,13,2,2,1,40,68,180,300,2,5
4296,,,11,1,2,2,26,65,420,540,4,5
4297,,,11,1,2,3,58,49,300,600,1,5
4298,,,14,2,2,3,11,1,300,600,1,5
4299,,,1,1,2,2,20,4,420,540,4,5
4300,,,9,2,2,2,30,62,420,540,1,5
4301,,,9,2,2,2,13,0,300,420,4,5
4302,,,12,1,2,3,64,23,300,600,4,5
4303,,,13,1,2,1,39,77,420,540,2,5
4304,,,16,1,2,2,78,90,420,540,1,5
4305,,,9,1,2,3,88,13,300,600,2,5
4306,,,2,1,2,3,92,79,420,540,1,5
4307,,,3,1,2,1,42,83,300,600,4,5
4308,,,15,2,2,1,50,76,0,300,1,5
4309,,,8,2,2,3,75,45,60,180,4,5
4310,,,8,1,2,2,11,50,300,600,1,5
4311,,,9,2,2,1,41,23,420,540,4,5
4312,,,11,2,2,2,38,40,300,600,4,5
4313,,,11,2,2,2,28,44,300,600,1,5
4314,,,12,1,2,2,54,6,300,600,3,5
4315,,,4,2,2,1,48,92,60,180,3,5
4316,,,9,1,2,2,20,97,420,540,2,5
4317,,,6,1,2,3,83,14,420,540,4,5
4318,,,7,2,2,3,13,7,0,300,2,5
4319,,,2,2,2,1,58,52,60,180,4,5
4320,,,11,2,2,3,4,95,180,300,4,5
4321,,,10,2,2,1,39,45,180,300,4,5
4322,,,10,1,2,3,45,70,300,600,1,5
4323,,,6,2,2,3,1,57,60,180,1,5
4324,,,10,2,2,1,48,39,0,300,2,5
4325,,,15,2,2,1,34,30,420,540,3,5
4326,,,9,2,2,1,89,44,180,300,2,5
4327,,,7,2,2,2,35,90,420,540,3,5
4328,,,10,1,2,2,60,48,420,540,3,5
4329,,,4,1,2,2,98,51,420,540,1,5
4330,,,6,1,2,1,32,73,300,600,2,5
4331,,,3,1,2,2,12,25,420,540,4,5
4332,,,13,2,2,3,85,93,0,300,3,5
4333,,,10,2,2,3,63,3,60,180,4,5
4334,,,11,1,2,1,95,47,420,540,3,5
4335,,,4,1,2,2,48,65,300,600,3,5
4336,,,6,2,2,1,4,41,60,180,1,5
4337,,,4,1,2,3,52,63,420,540,2,5
4338,,,9,1,2,1,56,0,420,540,1,5
4339,,,15,1,2,1,41,54,420,540,3,5
4340,,,13,1,2,1,64,61,300,600,3,5
4341,,,8,1,2,1,8,78,420,540,2,5
4342,,,14,1,2,2,43,91,300,600,1,5
4343,,,14,1,2,2,71,97,420,540,4,5
4344,,,14,1,2,2,30,83,420,540,3,5
4345,,,9,1,2,1,0,28,300,600,3,5
4346,,,4,1,2,2,62,29,420,540,3,5
4347,,,7,1,2,3,77,24,300,600,4,5
4348,,,2,2,2,1,33,28,60,180,1,5
4349,,,17,2,2,3,94,95,300,600,1,5
4350,,,15,2,2,3,74,37,0,300,2,5
4351,,,15,2,2,3,0,80,0,300,3,5
4352,,,3,2,2,3,45,74,180,300,1,5
4353,,,10,2,2,2,12,41,420,540,2,5
4354,,,7,1,2,1,72,1,300,600,4,5
4355,,,11,2,2,1,49,83,180,300,1,5
4356,,,7,1,2,1,16,55,420,540,4,5
4357,,,12,2,2,3,57,45,300,600,3,5
4358,,,7,1,2,1,26,16,300,600,3,5
4359,,,10,2,2,1,44,57,180,300,1,5
4360,,,7,2,2,1,77,17,0,300,1,5
4361,,,14,2,2,2,12,38,0,300,1,5
4362,,,4,1,2,1,78,99,420,540,3,5
4363,,,6,1,2,3,14,48,300,600,2,5
4364,,,2,2,2,2,88,48,420,540,2,5
4365,,,11,1,2,3,40,70,420,540,2,5
4366,,,11,2,2,2,62,71,0,300,2,5
4367,,,9,2,2,2,33,90,60,180,3,5
4368,,,8,2,2,3,18,39,0,300,3,5
4369,,,7,1,2,3,98,57,300,600,1,5
4370,,,8,1,2,3,97,1,420,540,1,5
4371,,,4,1,2,1,88,45,420,540,1,5
4372,,,13,1,2,1,61,97,300,600,2,5
4373,,,2,1,2,2,58,84,420,540,3,5
4374,,,2,1,2,2,55,6,420,540,4,5
4375,,,13,1,2,3,9,32,420,540,2,5
4376,,,13,2,2,1,0,90,0,300,2,5
4377,,,11,2,2,1,59,78,420,540,4,5
4378,,,13,2,2,2,37,55,60,180,1,5
4379,,,13,1,2,1,87,71,300,600,4,5
4380,,,11,2,2,1,17,70,420,540,4,5
4381,,,7,2,2,2,60,28,300,420,2,5
4382,,,13,1,2,1,72,67,300,600,3,5
4383,,,9,2,2,3,18,75,180,300,1,5
4384,,,15,1,2,1,37,49,420,540,2,5
4385,,,11,2,2,3,93,88,420,540,2,5
4386,,,10,2,2,2,52,31,300,600,2,5
4387,,,15,2,2,2,65,97,60,180,3,5
4388,,,6,2,2,3,49,86,0,300,2,5
4389,,,14,1,2,1,88,98,300,600,1,5
4390,,,8,1,2,3,23,52,300,600,3,5
4391,,,5,2,2,3,52,79,420,540,3,5
4392,,,14,1,2,1,91,46,420,540,2,5
4393,,,4,1,2,1,24,13,300,600,4,5
4394,,,11,1,2,3,78,98,300,600,4,5
4395,,,9,1,2,3,79,74,300,600,2,5
4396,,,14,1,2,3,30,44,300,600,4,5
4397,,,8,1,2,3,32,61,420,540,2,5
4398,,,3,1,2,1,59,22,420,540,2,5
4399,,,7,1,2,1,30,0,420,540,3,5
4400,,,8,2,2,1,43,81,60,180,3,5
4401,,,7,1,2,2,61,69,420,540,4,5
4402,,,11,1,2,1,65,37,300,600,1,5
4403,,,3,1,2,3,26,51,300,600,1,5
4404,,,7,1,2,3,99,75,420,540,2,5
4405,,,13,1,2,1,63,87,420,540,4,5
4406,,,12,2,2,2,36,20,300,600,4,5
4407,,,2,2,2,1,92,89,300,600,2,5
4408,,,7,2,2,1,2,91,60,180,1,5
4409,,,10,1,2,1,13,10,420,540,4,5
4410,,,5,1,2,2,48,76,300,600,2,5
4411,,,4,2,2,2,62,46,60,180,3,5
4412,,,4,1,2,2,49,87,420,540,4,5
4413,,,13,1,2,3,35,40,300,600,2,5
4414,,,5,1,2,1,61,3,300,600,4,5
4415,,,7,2,2,3,85,24,60,180,3,5
4416,,,6,2,2,2,84,13,0,300,2,5
4417,,,10,2,2,2,94,49,420,540,2,5
4418,,,9,2,2,2,22,47,0,300,3,5
4419,,,3,2,2,2,17,7,0,300,1,5
4420,,,12,2,2,3,85,89,180,300,1,5
4421,,,8,2,2,3,63,48,60,180,4,5
4422,,,11,2,2,2,78,37,420,540,4,5
4423,,,4,2,2,1,66,21,180,300,1,5
4424,,,7,2,2,2,63,85,300,600,2,5
4425,,,12,1,2,1,44,74,420,540,1,5
4426,,,5,1,2,3,66,6,420,540,4,5
4427,,,16,2,2,1,55,5,0,300,3,5
4428,,,15,2,2,3,44,21,300,420,3,5
4429,,,11,2,2,2,5,73,180,300,3,5
4430,,,14,1,2,2,2,70,300,600,3,5
4431,,,12,1,2,2,39,95,300,600,3,5
4432,,,6,2,2,1,61,80,420,540,1,5
4433,,,13,1,2,1,25,30,300,600,1,5
4434,,,13,2,2,3,88,90,180,300,3,5
4435,,,15,2,2,1,32,77,420,540,3,5
4436,,,14,2,2,2,69,44,0,300,1,5
4437,,,3,1,2,3,59,10,300,600,4,5
4438,,,16,1,2,2,79,30,420,540,3,5
4439,,,15,2,2,3,41,83,180,300,3,5
4440,,,13,1,2,2,75,19,420,540,3,5
4441,,,13,1,2,1,50,52,420,540,1,5
4442,,,5,1,2,2,22,38,420,540,4,5
4443,,,11,1,2,1,93,76,300,600,2,5
4444,,,11,2,2,3,59,60,300,600,3,5
4445,,,13,1,2,1,53,13,300,600,2,5
4446,,,2,1,2,3,45,72,300,600,1,5
4447,,,7,2,2,1,15,65,180,300,4,5
4448,,,3,2,2,3,49,88,60,180,3,5
4449,,,11,1,2,2,22,72,420,540,3,5
4450,,,5,2,2,1,8,47,300,420,4,5
4451,,,6,1,2,1,84,15,420,540,3,5
4452,,,12,1,2,2,93,61,300,600,2,5
4453,,,3,2,2,3,73,100,0,300,4,5
4454,,,13,2,2,3,97,89,180,300,3,5
4455,,,4,1,2,3,9,47,300,600,1,5
4456,,,4,2,2,3,26,40,0,300,2,5
4457,,,10,1,2,2,91,2,420,540,4,5
4458,,,10,2,2,1,61,9,420,540,4,5
4459,,,14,2,2,2,80,60,0,300,2,5
4460,,,2,2,2,1,37,82,0,300,2,5
4461,,,9,1,2,1,23,6,420,540,4,5
4462,,,3,2,2,1,38,84,60,180,4,5
4463,,,4,2,2,2,98,21,0,300,3,5
4464,,,6,2,2,3,26,42,420,540,1,5
4465,,,13,1,2,3,50,18,300,600,1,5
4466,,,5,1,2,3,9,47,300,600,1,5
4467,,,12,1,2,2,29,93,300,600,1,5
4468,,,4,1,2,1,49,11,300,600,2,5
4469,,,5,2,2,3,10,2,0,300,1,5
4470,,,9,2,2,3,22,99,300,600,1,5
4471,,,10,2,2,3,47,35,420,540,1,5
4472,,,4,1,2,2,37,12,420,540,4,5
4473,,,8,1,2,1,18,85,300,600,1,5
4474,,,13,1,2,2,61,77,420,540,1,5
4475,,,3,2,2,3,73,5,420,540,1,5
4476,,,12,2,2,2,70,14,0,300,4,5
4477,,,9,1,2,3,5,86,420,540,3,5
4478,,,5,1,2,3,60,31,300,600,4,5
4479,,,3,2,2,1,51,17,300,420,1,5
4480,,,6,1,2,2,86,79,420,540,1,5
4481,,,12,2,2,2,62,25,300,600,4,5
4482,,,13,1,2,3,63,97,420,540,3,5
4483,,,10,1,2,2,37,5,300,600,3,5
4484,,,5,1,2,1,68,38,420,540,1,5
4485,,,2,2,2,1,86,92,420,540,3,5
4486,,,7,2,2,1,79,83,0,300,2,5
4487,,,4,1,2,1,59,62,420,540,2,5
4488,,,7,1,2,3,39,24,300,600,1,5
4489,,,7,1,2,3,64,31,300,600,2,5
4490,,,9,2,2,2,50,19,300,420,4,5
4491,,,8,1,2,1,73,64,300,600,2,5
4492,,,8,1,2,3,77,90,420,540,3,5
4493,,,4,2,2,2,87,29,420,540,2,5
4494,,,2,2,2,2,25,31,60,180,3,5
4495,,,9,1,2,1,1,74,300,600,4,5
4496,,,6,1,2,1,59,91,300,600,2,5
4497,,,2,1,2,1,85,0,300,600,4,5
4498,,,7,2,2,1,5,27,0,300,1,5
4499,,,9,2,2,3,12,20,180,300,3,5
4500,,,10,1,2,2,42,98,420,540,2,5
4501,,,7,1,2,3,34,55,420,540,3,5
4502,,,6,2,2,3,14,44,0,300,3,5
4503,,,5,2,2,1,29,40,60,180,4,5
4504,,,4,2,2,1,77,97,60,180,3,5
4505,,,4,1,2,3,68,75,420,540,4,5
4506,,,12,1,2,3,86,69,300,600,2,5
4507,,,10,2,2,3,68,28,0,300,1,5
4508,,,16,1,2,3,82,57,300,600,2,5
4509,,,13,1,2,3,88,25,420,540,3,5
4510,,,15,2,2,2,35,83,180,300,3,5
4511,,,6,2,2,2,29,78,420,540,1,5
4512,,,15,2,2,1,86,2,300,600,4,5
4513,,,11,2,2,2,47,100,180,300,1,5
4514,,,3,1,2,2,92,0,300,600,1,5
4515,,,12,1,2,1,70,85,420,540,4,5
4516,,,3,2,2,2,98,88,420,540,2,5
4517,,,7,1,2,1,1,69,300,600,2,5
4518,,,6,1,2,1,80,43,420,540,4,5
4519,,,4,1,2,1,81,13,300,600,1,5
4520,,,4,1,2,3,45,64,300,600,2,5
4521,,,5,2,2,1,74,31,60,180,3,5
4522,,,7,1,2,1,33,99,420,540,4,5
4523,,,5,1,2,3,52,50,420,540,4,5
4524,,,15,2,2,1,19,37,60,180,4,5
4525,,,14,1,2,2,72,25,300,600,4,5
4526,,,2,1,2,2,96,69,420,540,2,5
4527,,,7,2,2,1,44,44,420,540,3,5
4528,,,8,1,2,1,24,27,300,600,1,5
4529,,,9,2,2,3,20,79,420,540,3,5
4530,,,9,2,2,3,35,46,0,300,4,5
4531,,,11,1,2,1,54,11,300,600,2,5
4532,,,6,2,2,2,72,18,180,300,3,5
4533,,,2,1,2,3,27,33,420,540,3,5
4534,,,17,2,2,3,64,90,60,180,2,5
4535,,,6,1,2,3,60,44,420,540,1,5
4536,,,11,1,2,2,5,92,420,540,3,5
4537,,,6,1,2,1,72,34,300,600,4,5
4538,,,6,2,2,3,58,27,0,300,4,5
4539,,,3,2,2,1,51,33,0,300,1,5
4540,,,9,2,2,1,26,39,0,300,1,5
4541,,,8,1,2,1,85,100,420,540,4,5
4542,,,2,1,2,2,97,62,420,540,3,5
4543,,,3,1,2,3,78,63,300,600,3,5
4544,,,9,2,2,2,37,14,180,300,3,5
4545,,,7,1,2,2,70,14,300,600,1,5
4546,,,4,1,2,1,52,8,420,540,3,5
4547,,,6,1,2,1,18,73,420,540,2,5
4548,,,11,2,2,3,59,19,60,180,1,5
4549,,,4,1,2,2,39,40,420,540,3,5
4550,,,5,1,2,2,40,33,420,540,3,5
4551,,,9,1,2,2,8,6,300,600,1,5
4552,,,2,2,2,3,5,12,180,300,3,5
4553,,,10,2,2,3,49,66,60,180,4,5
4554,,,12,2,2,2,41,30,420,540,4,5
4555,,,7,1,2,2,37,23,420,540,1,5
4556,,,4,2,2,3,34,78,0,300,2,5
4557,,,12,2,2,3,27,30,0,300,4,5
4558,,,12,2,2,3,42,69,180,300,3,5
4559,,,3,1,2,2,38,28,420,540,1,5
4560,,,9,1,2,3,0,46,420,540,4,5
4561,,,14,1,2,3,76,8,300,600,3,5
4562,,,7,2,2,3,25,3,420,540,1,5
4563,,,13,2,2,1,43,14,0,300,1,5
4564,,,12,1,2,3,17,76,420,540,1,5
4565,,,11,1,2,1,64,66,300,600,1,5
4566,,,12,2,2,3,87,36,420,540,3,5
4567,,,13,1,2,2,49,59,300,600,3,5
4568,,,10,2,2,2,71,26,0,300,3,5
4569,,,9,1,2,2,78,97,420,540,2,5
4570,,,5,1,2,2,24,17,420,540,2,5
4571,,,4,2,2,2,57,99,60,180,3,5
4572,,,1,1,2,2,12,64,420,540,4,5
4573,,,8,2,2,1,49,52,300,420,1,5
4574,,,15,2,2,1,13,68,180,300,1,5
4575,,,8,2,2,3,52,29,0,300,1,5
4576,,,1,1,2,1,42,36,420,540,1,5
4577,,,2,2,2,3,30,95,180,300,4,5
4578,,,6,2,2,3,72,76,420,540,2,5
4579,,,6,1,2,2,11,42,300,600,2,5
4580,,,10,1,2,3,90,2,420,540,4,5
4581,,,11,1,2,1,38,30,300,600,1,5
4582,,,10,2,2,1,43,35,0,300,2,5
4583,,,7,2,2,2,70,57,180,300,1,5
4584,,,15,2,2,3,20,4,60,180,4,5
4585,,,5,2,2,2,2,20,0,300,3,5
4586,,,7,2,2,2,79,33,300,420,2,5
4587,,,3,2,2,2,90,77,0,300,4,5
4588,,,7,2,2,1,72,73,420,540,2,5
4589,,,9,1,2,2,10,37,300,600,2,5
4590,,,5,2,2,2,17,64,420,540,3,5
4591,,,9,2,2,1,92,55,300,600,2,5
4592,,,5,1,2,2,13,41,300,600,1,5
4593,,,2,1,2,3,4,19,300,600,3,5
4594,,,6,2,2,1,64,68,60,180,4,5
4595,,,9,1,2,1,66,5,420,540,4,5
4596,,,12,2,2,2,9,33,60,180,2,5
4597,,,6,2,2,2,64,90,180,300,3,5
4598,,,6,1,2,2,69,27,420,540,1,5
4599,,,7,2,2,1,95,84,180,300,4,5
4600,,,8,2,2,2,76,48,420,540,2,5
4601,,,12,2,2,3,76,17,300,420,2,5
4602,,,4,1,2,1,81,32,300,600,3,5
4603,,,8,1,2,3,52,11,300,600,3,5
4604,,,12,2,2,2,84,86,180,300,2,5
4605,,,9,1,2,1,50,37,300,600,2,5
4606,,,9,1,2,3,46,14,420,540,3,5
4607,,,14,2,2,1,14,17,180,300,1,5
4608,,,3,2,2,2,56,82,420,540,1,5
4609,,,5,2,2,3,45,14,420,540,1,5
4610,,,12,1,2,3,99,92,420,540,2,5
4611,,,14,1,2,1,24,42,300,600,3,5
4612,,,15,2,2,2,89,54,300,420,1,5
4613,,,9,2,2,3,22,64,300,420,1,5
4614,,,9,2,2,3,36,91,60,180,2,5
4615,,,8,2,2,2,26,1,420,540,4,5
4616,,,13,2,2,2,6,70,180,300,1,5
4617,,,4,2,2,3,86,18,0,300,4,5
4618,,,12,2,2,1,73,99,60,180,3,5
4619,,,8,2,2,3,2,0,60,180,1,5
4620,,,10,1,2,1,25,55,300,600,2,5
4621,,,11,1,2,1,39,45,300,600,2,5
4622,,,9,1,2,3,19,16,420,540,3,5
4623,,,8,2,2,3,19,97,60,180,1,5
4624,,,7,1,2,2,97,88,420,540,2,5
4625,,,11,1,2,3,60,5,300,600,1,5
4626,,,13,2,2,3,81,3,60,180,4,5
4627,,,10,2,2,2,43,26,0,300,2,5
4628,,,9,1,2,1,62,87,300,600,3,5
4629,,,5,2,2,3,84,30,300,600,1,5
4630,,,8,1,2,2,1,66,300,600,4,5
4631,,,8,2,2,3,28,36,60,180,2,5
4632,,,2,2,2,2,66,31,300,600,2,5
4633,,,14,1,2,1,27,2,420,540,1,5
4634,,,15,2,2,2,84,56,300,600,2,5
4635,,,6,2,2,1,61,9,0,300,2,5
4636,,,3,1,2,3,20,68,420,540,1,5
4637,,,11,1,2,2,94,1,420,540,3,5
4638,,,6,1,2,1,44,21,300,600,2,5
4639,,,12,1,2,1,8,54,300,600,1,5
4640,,,6,2,2,1,84,13,300,420,4,5
4641,,,4,1,2,1,15,18,420,540,1,5
4642,,,11,1,2,1,8,71,420,540,1,5
4643,,,3,1,2,3,41,31,420,540,2,5
4644,,,12,1,2,1,89,0,420,540,2,5
4645,,,11,1,2,3,57,14,420,540,4,5
4646,,,7,2,2,1,30,14,420,540,1,5
4647,,,14,1,2,1,96,94,420,540,2,5
4648,,,13,2,2,3,94,60,420,540,1,5
4649,,,10,1,2,3,28,52,420,540,2,5
4650,,,6,2,2,1,74,63,60,180,2,5
4651,,,3,1,2,3,66,1,300,600,3,5
4652,,,15,2,2,3,47,14,0,300,3,5
4653,,,4,1,2,1,85,42,420,540,4,5
4654,,,9,1,2,3,52,13,300,600,3,5
4655,,,14,2,2,2,85,32,300,600,4,5
4656,,,5,2,2,2,10,2,60,180,1,5
4657,,,4,1,2,2,60,92,420,540,2,5
4658,,,14,1,2,2,49,40,420,540,4,5
4659,,,10,1,2,1,100,93,300,600,2,5
4660,,,3,2,2,2,85,48,300,600,3,5
4661,,,1,1,2,2,80,70,420,540,4,5
4662,,,3,1,2,3,69,61,300,600,4,5
4663,,,8,2,2,3,37,61,180,300,1,5
4664,,,11,2,2,2,10,44,420,540,4,5
4665,,,6,2,2,2,48,67,180,300,3,5
4666,,,13,1,2,1,3,78,420,540,2,5
4667,,,8,2,2,2,40,75,300,600,2,5
4668,,,5,1,2,3,85,87,420,540,2,5
4669,,,15,2,2,3,48,14,300,420,4,5
4670,,,8,2,2,3,29,93,60,180,2,5
4671,,,5,2,2,1,0,99,60,180,2,5
4672,,,7,2,2,2,95,59,0,300,1,5
4673,,,6,2,2,1,64,36,300,420,4,5
4674,,,13,2,2,3,100,76,300,420,1,5
4675,,,14,2,2,1,78,92,60,180,2,5
4676,,,5,2,2,2,44,53,60,180,4,5
4677,,,10,1,2,1,67,49,300,600,4,5
4678,,,4,2,2,3,26,12,300,600,4,5
4679,,,2,1,2,3,52,8,300,600,4,5
4680,,,1,1,2,1,77,32,300,600,3,5
4681,,,10,1,2,2,82,15,300,600,3,5
4682,,,6,2,2,3,55,18,0,300,1,5
4683,,,7,2,2,1,15,57,180,300,1,5
4684,,,14,2,2,3,79,60,420,540,2,5
4685,,,11,1,2,2,33,52,420,540,1,5
4686,,,4,1,2,1,74,87,420,540,2,5
4687,,,10,1,2,3,6,91,300,600,2,5
4688,,,14,1,2,2,100,100,300,600,2,5
4689,,,12,2,2,1,39,11,60,180,1,5
4690,,,3,2,2,3,40,66,420,540,3,5
4691,,,10,2,2,1,28,57,300,420,4,5
4692,,,6,2,2,1,99,47,60,180,4,5
4693,,,15,1,2,2,4,87,420,540,3,5
4694,,,12,2,2,2,20,86,0,300,2,5
4695,,,9,1,2,2,4,14,300,600,4,5
4696,,,13,2,2,2,50,67,60,180,1,5
4697,,,7,1,2,1,5,50,420,540,3,5
4698,,,6,1,2,2,59,94,420,540,3,5
4699,,,4,1,2,2,22,68,420,540,1,5
4700,,,4,2,2,2,29,33,300,600,4,5
4701,,,16,1,2,1,96,6,300,600,3,5
4702,,,10,1,2,3,76,100,300,600,2,5
4703,,,3,1,2,3,84,42,420,540,1,5
4704,,,3,2,2,3,10,16,60,180,4,5
4705,,,10,1,2,3,38,6,300,600,4,5
4706,,,9,1,2,3,62,18,300,600,4,5
4707,,,3,2,2,1,12,56,60,180,2,5
4708,,,5,1,2,2,44,65,420,540,2,5
4709,,,12,1,2,1,51,21,420,540,1,5
4710,,,11,1,2,1,74,53,300,600,3,5
4711,,,13,1,2,2,72,34,300,600,1,5
4712,,,14,2,2,1,97,80,420,540,4,5
4713,,,2,1,2,2,13,55,300,600,1,5
4714,,,7,1,2,3,1,74,420,540,1,5
4715,,,16,2,2,2,91,62,300,420,2,5
4716,,,3,1,2,2,93,91,420,540,1,5
4717,,,16,2,2,2,92,48,420,540,2,5
4718,,,12,1,2,2,59,61,420,540,2,5
4719,,,2,1,2,2,64,42,420,540,3,5
4720,,,11,1,2,1,1,65,420,540,1,5
4721,,,5,1,2,1,97,34,300,600,1,5
4722,,,5,2,2,1,4,97,60,180,1,5
4723,,,8,2,2,3,53,91,420,540,4,5
4724,,,10,1,2,2,25,61,300,600,2,5
4725,,,11,2,2,1,80,37,300,420,1,5
4726,,,2,2,2,3,81,62,180,300,4,5
4727,,,12,1,2,2,52,60,300,600,1,5
4728,,,12,2,2,1,53,5,180,300,3,5
4729,,,13,1,2,3,31,77,300,600,3,5
4730,,,12,1,2,1,27,56,300,600,1,5
4731,,,9,1,2,2,63,17,420,540,1,5
4732,,,15,1,2,2,25,89,420,540,1,5
4733,,,3,1,2,2,44,42,420,540,2,5
4734,,,10,1,2,1,20,51,420,540,2,5
4735,,,6,1,2,1,42,39,300,600,2,5
4736,,,14,1,2,2,90,39,300,600,4,5
4737,,,3,2,2,3,84,71,60,180,1,5
4738,,,15,2,2,2,67,20,420,540,4,5
4739,,,7,1,2,2,84,12,420,540,1,5
4740,,,11,2,2,1,18,66,180,300,1,5
4741,,,10,2,2,2,31,63,420,540,2,5
4742,,,10,2,2,3,49,3,180,300,1,5
4743,,,7,2,2,2,36,50,60,180,1,5
4744,,,2,1,2,2,34,4,300,600,2,5
4745,,,5,1,2,2,83,60,300,600,4,5
4746,,,14,2,2,2,39,52,420,540,1,5
4747,,,9,1,2,3,88,69,420,540,2,5
4748,,,5,2,2,3,17,73,0,300,3,5
4749,,,15,2,2,1,31,55,300,420,3,5
4750,,,14,2,2,2,2,97,300,420,2,5
4751,,,7,1,2,3,98,9,420,540,1,5
4752,,,14,1,2,3,4,69,420,540,1,5
4753,,,12,2,2,1,23,26,60,180,1,5
4754,,,6,2,2,2,72,97,60,180,4,5
4755,,,11,1,2,2,75,43,300,600,4,5
4756,,,10,2,2,3,88,40,300,420,1,5
4757,,,15,1,2,3,90,1,420,540,3,5
4758,,,10,1,2,1,59,40,420,540,4,5
4759,,,3,2,2,2,99,59,60,180,2,5
4760,,,10,1,2,3,56,59,420,540,4,5
4761,,,11,1,2,1,42,82,420,540,3,5
4762,,,12,2,2,3,77,32,420,540,3,5
4763,,,3,1,2,2,97,30,300,600,1,5
4764,,,8,2,2,2,36,21,180,300,1,5
4765,,,4,1,2,3,6,40,300,600,4,5
4766,,,14,2,2,1,62,38,180,300,2,5
4767,,,4,2,2,2,97,19,420,540,1,5
4768,,,6,2,2,1,72,50,0,300,1,5
4769,,,4,2,2,2,86,86,180,300,1,5
4770,,,10,1,2,1,50,45,420,540,4,5
4771,,,11,1,2,1,9,33,420,540,2,5
4772,,,14,2,2,2,39,24,0,300,3,5
4773,,,2,2,2,2,64,84,300,600,3,5
4774,,,11,1,2,2,81,75,300,600,1,5
4775,,,15,2,2,2,90,37,300,420,3,5
4776,,,13,2,2,3,98,18,180,300,1,5
4777,,,2,2,2,3,62,44,0,300,4,5
4778,,,5,1,2,2,58,53,420,540,1,5
4779,,,14,2,2,2,19,86,180,300,3,5
4780,,,15,1,2,3,62,51,420,540,4,5
4781,,,14,2,2,2,92,24,60,180,3,5
4782,,,7,2,2,3,74,46,420,540,2,5
4783,,,16,2,2,1,94,96,60,180,4,5
4784,,,5,2,2,3,36,62,300,600,1,5
4785,,,12,2,2,1,41,88,60,180,2,5
4786,,,14,1,2,3,4,79,300,600,1,5
4787,,,4,1,2,2,45,82,300,600,1,5
4788,,,2,2,2,2,95,32,0,300,1,5
4789,,,5,2,2,1,17,12,420,540,1,5
4790,,,15,1,2,3,99,96,420,540,2,5
4791,,,8,1,2,2,3,24,420,540,3,5
4792,,,11,2,2,2,76,22,60,180,3,5
4793,,,8,2,2,2,49,57,300,420,1,5
4794,,,14,2,2,1,32,58,180,300,1,5
4795,,,6,1,2,1,20,43,300,600,1,5
4796,,,8,2,2,2,5,21,0,300,3,5
4797,,,13,2,2,2,94,6,60,180,4,5
4798,,,6,2,2,3,51,36,180,300,2,5
4799,,,8,1,2,3,60,32,300,600,1,5
4800,,,12,2,2,2,10,66,0,300,4,5
4801,,,14,1,2,1,32,52,300,600,3,5
4802,,,14,1,2,2,45,69,420,540,1,5
4803,,,3,1,2,1,48,43,300,600,2,5
4804,,,11,1,2,1,88,31,300,600,3,5
4805,,,6,2,2,3,71,25,300,600,3,5
4806,,,3,2,2,2,24,72,0,300,3,5
4807,,,9,1,2,3,85,17,300,600,2,5
4808,,,15,2,2,1,94,56,420,540,1,5
4809,,,6,2,2,2,14,23,180,300,4,5
4810,,,5,1,2,3,97,16,420,540,1,5
4811,,,6,1,2,3,4,18,420,540,3,5
4812,,,13,2,2,2,40,28,0,300,4,5
4813,,,13,1,2,3,39,37,300,600,4,5
4814,,,7,1,2,1,69,7,300,600,4,5
4815,,,9,2,2,3,22,88,180,300,3,5
4816,,,9,2,2,3,23,50,180,300,3,5
4817,,,7,1,2,1,35,43,300,600,4,5
4818,,,12,1,2,2,54,50,300,600,1,5
4819,,,3,2,2,3,10,3,0,300,3,5
4820,,,12,1,2,1,21,0,300,600,2,5
4821,,,7,2,2,1,21,57,300,420,1,5
4822,,,12,1,2,1,80,90,420,540,3,5
4823,,,14,1,2,1,3,80,420,540,2,5
4824,,,13,2,2,1,98,14,0,300,3,5
4825,,,11,2,2,3,12,19,420,540,1,5
4826,,,10,2,2,2,82,66,420,540,1,5
4827,,,11,2,2,2,0,14,300,600,4,5
4828,,,15,2,2,3,75,96,180,300,2,5
4829,,,4,1,2,3,35,95,420,540,4,5
4830,,,7,2,2,3,41,8,60,180,3,5
4831,,,11,2,2,1,15,65,420,540,4,5
4832,,,9,2,2,3,4,34,60,180,4,5
4833,,,13,1,2,1,51,44,300,600,3,5
4834,,,8,1,2,1,67,43,420,540,1,5
4835,,,8,2,2,1,70,93,300,600,1,5
4836,,,4,1,2,1,75,21,300,600,2,5
4837,,,10,1,2,3,85,54,420,540,4,5
4838,,,8,2,2,2,40,87,60,180,1,5
4839,,,4,1,2,1,56,72,300,600,4,5
4840,,,3,2,2,3,38,85,60,180,2,5
4841,,,6,2,2,3,98,17,300,420,3,5
4842,,,3,1,2,2,16,68,420,540,4,5
4843,,,4,2,2,1,100,63,300,600,1,5
4844,,,13,2,2,1,66,6,300,600,4,5
4845,,,12,1,2,2,57,55,300,600,4,5
4846,,,4,2,2,2,48,96,300,420,2,5
4847,,,5,2,2,3,68,51,0,300,2,5
4848,,,10,2,2,3,90,88,420,540,2,5
4849,,,7,1,2,1,60,59,300,600,2,5
4850,,,9,1,2,2,54,16,420,540,2,5
4851,,,5,2,2,2,59,42,420,540,3,5
4852,,,2,1,2,1,46,10,420,540,2,5
4853,,,8,2,2,3,30,94,60,180,2,5
4854,,,14,1,2,2,37,54,300,600,2,5
4855,,,8,1,2,3,64,32,420,540,4,5
4856,,,4,1,2,1,27,47,300,600,3,5
4857,,,6,1,2,1,48,26,300,600,3,5
4858,,,8,2,2,2,0,68,420,540,3,5
4859,,,10,1,2,2,99,9,420,540,2,5
4860,,,13,2,2,2,40,59,180,300,3,5
4861,,,13,1,2,2,81,0,300,600,3,5
4862,,,9,1,2,2,0,36,300,600,2,5
4863,,,3,1,2,3,71,88,300,600,2,5
4864,,,12,2,2,2,51,80,420,540,3,5
4865,,,15,2,2,3,2,39,60,180,3,5
4866,,,15,2,2,2,67,13,180,300,1,5
4867,,,2,1,2,2,95,82,300,600,1,5
4868,,,10,1,2,2,25,65,420,540,3,5
4869,,,3,2,2,1,17,83,60,180,2,5
4870,,,16,2,2,3,91,52,420,540,2,5
4871,,,14,2,2,1,40,1,420,540,2,5
4872,,,16,1,2,1,65,3,420,540,3,5
4873,,,9,1,2,2,48,35,300,600,4,5
4874,,,4,2,2,1,8,18,60,180,2,5
4875,,,15,2,2,2,89,6,420,540,3,5
4876,,,5,2,2,2,86,82,0,300,3,5
4877,,,11,2,2,1,42,63,0,300,4,5
4878,,,12,1,2,1,39,19,300,600,2,5
4879,,,7,1,2,3,70,35,300,600,1,5
4880,,,13,2,2,1,48,75,180,300,3,5
4881,,,6,1,2,3,66,9,420,540,2,5
4882,,,4,1,2,2,55,29,300,600,2,5
4883,,,11,1,2,1,0,99,420,540,4,5
4884,,,15,2,2,1,2,5,0,300,3,5
4885,,,11,2,2,3,16,58,300,600,4,5
4886,,,8,2,2,2,78,30,180,300,4,5
4887,,,6,2,2,2,67,8,180,300,2,5
4888,,,6,2,2,3,15,55,300,600,3,5
4889,,,13,2,2,3,73,70,300,600,3,5
4890,,,14,1,2,3,44,23,420,540,2,5
4891,,,4,2,2,2,20,77,420,540,2,5
4892,,,5,2,2,2,32,65,180,300,2,5
4893,,,9,2,2,2,82,86,420,540,4,5
4894,,,11,2,2,2,20,8,60,180,1,5
4895,,,7,2,2,1,91,29,180,300,2,5
4896,,,15,1,2,1,23,58,420,540,2,5
4897,,,10,1,2,3,68,96,420,540,1,5
4898,,,9,2,2,3,60,33,420,540,2,5
4899,,,15,1,2,2,57,3,300,600,4,5
4900,,,10,2,2,1,65,24,0,300,1,5
4901,,,8,1,2,1,64,39,420,540,2,5
4902,,,6,1,2,1,60,6,420,540,1,5
4903,,,11,1,2,2,72,9,300,600,3,5
4904,,,4,2,2,3,98,6,60,180,4,5
4905,,,5,1,2,1,86,75,420,540,4,5
4906,,,12,2,2,3,77,21,0,300,2,5
4907,,,3,2,2,3,76,89,60,180,2,5
4908,,,14,1,2,1,8,63,300,600,4,5
4909,,,11,2,2,2,51,79,300,420,1,5
4910,,,2,2,2,2,81,23,60,180,1,5
4911,,,12,1,2,3,10,3,420,540,1,5
4912,,,8,2,2,3,41,19,60,180,1,5
4913,,,6,1,2,1,30,42,420,540,2,5
4914,,,9,2,2,1,65,4,300,420,4,5
4915,,,9,1,2,2,27,32,300,600,1,5
4916,,,6,1,2,3,76,48,420,540,3,5
4917,,,8,1,2,2,0,50,420,540,4,5
4918,,,3,1,2,1,20,36,420,540,2,5
4919,,,4,1,2,2,52,96,300,600,3,5
4920,,,14,2,2,3,73,57,60,180,3,5
4921,,,5,1,2,2,78,89,300,600,3,5
4922,,,4,2,2,2,31,99,180,300,1,5
4923,,,11,2,2,3,10,51,420,540,3,5
4924,,,2,2,2,2,42,65,0,300,2,5
4925,,,3,1,2,2,5,6,420,540,3,5
4926,,,11,2,2,1,98,81,0,300,2,5
4927,,,15,1,2,2,83,25,300,600,3,5
4928,,,13,2,2,2,78,33,180,300,1,5
4929,,,16,1,2,1,78,80,300,600,1,5
4930,,,9,2,2,3,60,1,180,300,3,5
4931,,,6,1,2,2,78,5,420,540,3,5
4932,,,9,1,2,2,85,72,420,540,1,5
4933,,,15,2,2,1,73,86,180,300,1,5
4934,,,13,2,2,3,32,27,180,300,3,5
4935,,,15,1,2,2,93,14,420,540,3,5
4936,,,9,1,2,3,70,6,300,600,1,5
4937,,,14,2,2,2,72,17,60,180,1,5
4938,,,12,1,2,1,4,42,300,600,1,5
4939,,,15,2,2,2,30,36,300,600,2,5
4940,,,7,2,2,2,84,71,180,300,4,5
4941,,,16,1,2,3,85,19,300,600,3,5
4942,,,10,2,2,2,75,93,300,600,3,5
4943,,,5,2,2,3,53,55,0,300,4,5
4944,,,3,1,2,3,59,28,300,600,1,5
4945,,,11,2,2,2,22,70,420,540,2,5
4946,,,5,1,2,2,60,73,420,540,2,5
4947,,,7,2,2,3,55,70,300,420,1,5
4948,,,10,1,2,2,33,16,300,600,2,5
4949,,,12,1,2,3,62,94,420,540,3,5
4950,,,6,1,2,2,57,66,300,600,2,5
4951,,,14,1,2,2,97,75,420,540,4,5
4952,,,14,2,2,2,84,81,60,180,3,5
4953,,,13,1,2,3,78,94,300,600,2,5
4954,,,8,2,2,2,64,69,300,420,1,5
4955,,,9,1,2,1,68,97,300,600,1,5
4956,,,11,1,2,3,20,58,300,600,1,5
4957,,,8,2,2,3,45,94,420,540,2,5
4958,,,14,1,2,2,58,3,420,540,4,5
4959,,,7,2,2,3,36,65,180,300,1,5
4960,,,10,1,2,3,90,82,420,540,3,5
4961,,,3,1,2,1,55,26,300,600,4,5
4962,,,6,2,2,3,55,97,180,300,3,5
4963,,,4,1,2,3,65,36,300,600,3,5
4964,,,16,2,2,2,25,73,300,600,2,5
4965,,,10,1,2,2,8,7,420,540,1,5
4966,,,8,1,2,3,13,12,300,600,1,5
4967,,,3,2,2,3,4,92,60,180,3,5
4968,,,13,1,2,1,5,12,420,540,2,5
4969,,,15,2,2,2,87,98,180,300,3,5
4970,,,15,2,2,3,3,19,0,300,2,5
4971,,,2,2,2,2,99,64,420,540,4,5
4972,,,15,2,2,3,80,55,420,540,4,5
4973,,,9,1,2,1,68,12,420,540,2,5
4974,,,7,2,2,1,18,77,180,300,3,5
4975,,,15,1,2,2,27,4,420,540,2,5
4976,,,14,2,2,1,28,47,180,300,2,5
4977,,,5,1,2,2,37,80,300,600,4,5
4978,,,3,2,2,3,79,81,420,540,4,5
4979,,,6,2,2,3,36,14,300,600,3,5
4980,,,11,1,2,1,23,41,420,540,1,5
4981,,,15,1,2,2,21,39,420,540,1,5
4982,,,15,1,2,1,79,94,300,600,2,5
4983,,,10,1,2,1,17,7,300,600,2,5
4984,,,9,2,2,2,30,62,0,300,3,5
4985,,,13,1,2,3,84,50,420,540,4,5
4986,,,9,1,2,1,42,72,420,540,1,5
4987,,,14,2,2,2,8,44,420,540,3,5
4988,,,4,2,2,2,71,47,0,300,3,5
4989,,,3,2,2,1,43,6,300,600,2,5
4990,,,11,1,2,3,3,73,420,540,1,5
4991,,,6,1,2,1,68,13,300,600,2,5
4992,,,4,2,2,3,47,1,60,180,4,5
4993,,,6,1,2,3,58,7,300,600,4,5
4994,,,16,2,2,1,89,90,420,540,3,5
4995,,,9,2,2,3,61,71,0,300,2,5
4996,,,7,2,2,2,70,52,180,300,4,5
4997,,,14,1,2,2,44,41,300,600,2,5
4998,,,10,2,2,1,1,38,180,300,4,5
4999,,,7,1,2,1,5,51,300,600,4,5
5000,,,15,2,2,3,51,14,60,180,2,5
5001,,,8,2,2,1,66,83,180,300,3,5
5002,,,7,1,2,2,43,90,420,540,3,5
5003,,,7,1,2,3,73,93,420,540,3,5
5004,,,4,1,2,1,68,24,420,540,2,5
5005,,,14,1,2,3,54,81,420,540,1,5
5006,,,3,1,2,1,6,66,420,540,3,5
5007,,,8,2,2,2,29,45,60,180,2,5
5008,,,8,1,2,2,87,32,300,600,3,5
5009,,,12,2,2,3,31,1,420,540,3,5
5010,,,7,1,2,1,66,57,420,540,3,5
5011,,,8,1,2,2,80,6,300,600,3,5
5012,,,4,2,2,3,99,23,60,180,4,5
5013,,,5,2,2,3,76,85,0,300,4,5
5014,,,2,1,2,1,52,55,300,600,1,5
5015,,,2,2,2,2,21,73,180,300,3,5
5016,,,13,2,2,1,74,42,180,300,4,5
5017,,,11,1,2,1,33,26,420,540,3,5
5018,,,6,2,2,2,6,79,300,420,3,5
5019,,,16,2,2,2,44,62,420,540,2,5
5020,,,12,1,2,2,15,88,300,600,3,5
5021,,,12,2,2,1,34,35,180,300,1,5
5022,,,8,1,2,2,27,6,420,540,3,5
5023,,,12,1,2,1,45,88,300,600,1,5
5024,,,12,2,2,3,97,22,420,540,1,5
5025,,,3,2,2,2,61,84,420,540,4,5
5026,,,5,1,2,3,55,33,300,600,2,5
5027,,,3,1,2,2,24,49,420,540,3,5
5028,,,3,1,2,2,58,42,420,540,4,5
5029,,,13,2,2,3,95,97,0,300,1,5
5030,,,4,1,2,2,99,87,420,540,1,5
5031,,,13,1,2,3,19,90,420,540,4,5
5032,,,14,1,2,2,2,86,300,600,3,5
5033,,,10,1,2,1,19,50,300,600,4,5
5034,,,3,2,2,3,23,38,180,300,3,5
5035,,,7,2,2,1,32,43,420,540,2,5
5036,,,15,1,2,1,44,63,300,600,4,5
5037,,,2,2,2,3,78,63,420,540,2,5
5038,,,15,1,2,3,40,36,420,540,3,5
5039,,,6,2,2,1,20,86,300,600,4,5
5040,,,9,2,2,1,87,74,0,300,1,5
5041,,,11,1,2,1,92,82,300,600,2,5
5042,,,14,1,2,2,98,31,420,540,1,5
5043,,,5,2,2,2,21,59,60,180,3,5
5044,,,8,1,2,2,38,21,420,540,3,5
5045,,,11,1,2,3,8,63,420,540,2,5
5046,,,7,2,2,2,45,64,180,300,4,5
5047,,,13,1,2,2,60,6,300,600,1,5
5048,,,11,1,2,3,29,85,420,540,2,5
5049,,,2,1,2,3,5,89,300,600,3,5
5050,,,9,1,2,2,38,94,300,600,1,5
5051,,,13,2,2,2,82,7,0,300,4,5
5052,,,11,2,2,2,20,6,0,300,3,5
5053,,,3,1,2,3,94,4,420,540,2,5
5054,,,5,2,2,1,64,90,60,180,4,5
5055,,,10,1,2,3,61,29,420,540,3,5
5056,,,11,2,2,3,33,72,0,300,1,5
5057,,,2,1,2,2,87,44,420,540,3,5
5058,,,10,1,2,2,1,90,420,540,3,5
5059,,,14,1,2,2,57,53,420,540,4,5
5060,,,2,1,2,3,86,25,300,600,4,5
5061,,,15,2,2,2,60,37,180,300,4,5
5062,,,11,1,2,3,20,0,420,540,4,5
5063,,,15,1,2,3,75,95,300,600,1,5
5064,,,6,2,2,3,56,46,180,300,4,5
5065,,,4,2,2,3,68,22,180,300,1,5
5066,,,12,2,2,1,23,36,300,600,2,5
5067,,,15,2,2,3,32,79,0,300,3,5
5068,,,5,1,2,3,59,26,300,600,2,5
5069,,,14,2,2,3,26,29,60,180,1,5
5070,,,5,1,2,2,41,64,420,540,3,5
5071,,,15,2,2,1,37,64,60,180,1,5
5072,,,15,1,2,1,32,0,300,600,2,5
5073,,,9,1,2,3,39,64,420,540,4,5
5074,,,4,2,2,3,20,100,60,180,1,5
5075,,,5,2,2,3,73,77,60,180,4,5
5076,,,7,2,2,2,99,74,300,420,1,5
5077,,,3,2,2,1,99,43,420,540,2,5
5078,,,8,2,2,2,58,81,60,180,4,5
5079,,,10,2,2,1,39,43,300,600,2,5
5080,,,15,2,2,1,43,79,420,540,1,5
5081,,,4,2,2,1,48,34,60,180,3,5
5082,,,13,2,2,1,51,65,0,300,1,5
5083,,,3,1,2,2,64,0,420,540,4,5
5084,,,3,1,2,3,47,56,420,540,3,5
5085,,,4,2,2,3,54,34,180,300,2,5
5086,,,3,1,2,3,94,50,300,600,4,5
5087,,,11,1,2,3,13,86,300,600,3,5
5088,,,2,1,2,2,28,89,300,600,3,5
5089,,,3,2,2,3,10,21,0,300,4,5
5090,,,3,1,2,1,92,76,420,540,1,5
5091,,,5,2,2,3,42,11,300,420,4,5
5092,,,9,1,2,3,77,12,300,600,2,5
5093,,,8,1,2,2,31,13,420,540,3,5
5094,,,11,1,2,1,17,90,420,540,4,5
5095,,,6,1,2,2,6,56,300,600,2,5
5096,,,10,1,2,1,23,49,420,540,4,5
5097,,,3,2,2,3,2,28,180,300,2,5
5098,,,13,1,2,2,65,57,300,600,2,5
5099,,,16,2,2,1,23,24,0,300,1,5
5100,,,15,1,2,1,22,8,420,540,2,5
5101,,,2,2,2,1,15,46,0,300,3,5
5102,,,8,2,2,1,70,88,0,300,1,5
5103,,,3,2,2,3,69,34,420,540,1,5
5104,,,9,1,2,3,26,71,420,540,2,5
5105,,,5,1,2,3,83,94,420,540,4,5
5106,,,1,1,2,3,44,61,300,600,2,5
5107,,,4,2,2,3,12,98,300,600,2,5
5108,,,5,1,2,3,99,15,300,600,3,5
5109,,,9,2,2,3,10,56,300,420,1,5
5110,,,13,1,2,1,86,83,420,540,3,5
5111,,,12,2,2,1,5,95,0,300,4,5
5112,,,10,1,2,1,0,43,300,600,2,5
5113,,,10,2,2,3,46,35,0,300,2,5
5114,,,15,2,2,1,82,6,180,300,3,5
5115,,,4,2,2,1,45,92,420,540,2,5
5116,,,9,2,2,3,45,39,180,300,4,5
5117,,,1,1,2,1,98,65,300,600,2,5
5118,,,13,2,2,1,14,15,420,540,4,5
5119,,,16,1,2,3,90,27,420,540,4,5
5120,,,9,1,2,1,41,45,300,600,2,5
5121,,,6,1,2,2,54,39,300,600,4,5
5122,,,12,1,2,2,43,15,300,600,2,5
5123,,,5,1,2,2,45,36,300,600,2,5
5124,,,9,2,2,2,68,0,180,300,4,5
5125,,,10,1,2,1,15,63,420,540,2,5
5126,,,9,2,2,1,88,65,300,420,1,5
5127,,,9,1,2,3,7,35,420,540,1,5
5128,,,13,1,2,2,34,59,300,600,1,5
5129,,,6,1,2,1,30,5,300,600,2,5
5130,,,6,1,2,2,37,19,420,540,3,5
5131,,,5,1,2,1,61,39,420,540,4,5
5132,,,9,2,2,2,34,92,180,300,1,5
5133,,,15,1,2,1,29,72,300,600,3,5
5134,,,8,2,2,2,78,6,0,300,3,5
5135,,,8,1,2,1,90,63,420,540,1,5
5136,,,9,1,2,3,7,32,300,600,4,5
5137,,,4,2,2,3,2,10,60,180,3,5
5138,,,3,1,2,3,94,8,420,540,4,5
5139,,,2,1,2,3,28,7,300,600,4,5
5140,,,10,2,2,3,24,66,180,300,1,5
5141,,,5,2,2,2,60,92,180,300,2,5
5142,,,3,1,2,1,22,95,420,540,3,5
5143,,,2,2,2,2,29,27,420,540,2,5
5144,,,11,1,2,1,1,1,420,540,2,5
5145,,,8,2,2,3,51,24,300,600,3,5
5146,,,3,1,2,1,74,58,420,540,3,5
5147,,,10,1,2,2,3,32,420,540,3,5
5148,,,14,1,2,2,78,28,420,540,2,5
5149,,,4,2,2,1,49,99,420,540,3,5
5150,,,5,2,2,1,63,99,300,600,3,5
5151,,,6,2,2,3,54,54,60,180,1,5
5152,,,15,2,2,3,53,5,60,180,3,5
5153,,,5,2,2,1,92,91,0,300,1,5
5154,,,4,2,2,1,13,53,300,420,2,5
5155,,,8,2,2,3,19,46,300,420,2,5
5156,,,4,1,2,3,35,7,420,540,4,5
5157,,,5,2,2,1,78,20,300,420,3,5
5158,,,13,1,2,2,8,36,420,540,4,5
5159,,,5,1,2,2,82,85,300,600,2,5
5160,,,3,1,2,1,0,22,420,540,2,5
5161,,,11,1,2,3,83,92,300,600,4,5
5162,,,10,2,2,2,53,3,0,300,3,5
5163,,,5,1,2,2,99,43,300,600,4,5
5164,,,17,2,2,3,82,24,420,540,4,5
5165,,,12,2,2,2,16,41,180,300,3,5
5166,,,12,1,2,3,75,67,420,540,4,5
5167,,,2,1,2,1,65,15,300,600,4,5
5168,,,9,2,2,2,83,60,420,540,2,5
5169,,,12,1,2,3,56,53,420,540,2,5
5170,,,3,2,2,3,10,24,300,600,3,5
5171,,,13,2,2,2,100,90,0,300,2,5
5172,,,10,2,2,2,83,72,300,420,2,5
5173,,,13,1,2,3,9,60,420,540,2,5
5174,,,11,2,2,2,62,82,0,300,3,5
5175,,,7,2,2,1,83,56,420,540,2,5
5176,,,12,1,2,3,62,93,300,600,4,5
5177,,,15,2,2,1,82,65,300,420,4,5
5178,,,6,2,2,3,97,5,180,300,4,5
5179,,,12,1,2,2,14,24,420,540,2,5
5180,,,14,1,2,3,90,67,300,600,1,5
5181,,,14,2,2,3,43,89,0,300,4,5
5182,,,8,2,2,3,3,69,420,540,1,5
5183,,,5,2,2,2,28,41,420,540,3,5
5184,,,4,2,2,1,77,10,300,420,2,5
5185,,,11,1,2,3,9,90,300,600,4,5
5186,,,3,1,2,1,52,40,420,540,4,5
5187,,,10,2,2,3,74,21,420,540,2,5
5188,,,7,1,2,1,75,48,300,600,3,5
5189,,,13,2,2,2,86,1,60,180,3,5
5190,,,10,1,2,2,64,86,420,540,1,5
5191,,,14,1,2,3,56,84,300,600,1,5
5192,,,11,2,2,1,62,86,180,300,1,5
5193,,,4,2,2,2,58,31,420,540,3,5
5194,,,15,2,2,3,90,59,180,300,2,5
5195,,,5,1,2,1,52,61,420,540,1,5
5196,,,3,1,2,3,71,29,420,540,4,5
5197,,,1,1,2,3,89,4,300,600,4,5
5198,,,14,1,2,1,25,79,300,600,2,5
5199,,,10,2,2,1,1,29,300,600,3,5
5200,,,8,2,2,2,41,26,420,540,1,5
5201,,,3,2,2,2,0,53,300,600,4,5
5202,,,10,1,2,1,1,44,300,600,4,5
5203,,,11,1,2,1,12,49,300,600,3,5
5204,,,16,2,2,2,45,30,60,180,1,5
5205,,,1,1,2,1,10,10,420,540,4,5
5206,,,11,1,2,2,34,57,420,540,4,5
5207,,,16,1,2,3,42,34,420,540,1,5
5208,,,11,2,2,1,47,49,180,300,2,5
5209,,,11,2,2,1,15,66,180,300,4,5
5210,,,12,2,2,1,26,90,0,300,2,5
5211,,,9,1,2,2,26,21,300,600,1,5
5212,,,4,2,2,3,72,12,0,300,3,5
5213,,,11,1,2,3,49,89,300,600,1,5
5214,,,13,1,2,1,14,99,300,600,3,5
5215,,,5,1,2,3,18,96,420,540,3,5
5216,,,5,1,2,3,50,53,420,540,4,5
5217,,,10,1,2,1,29,71,420,540,4,5
5218,,,6,2,2,2,10,53,0,300,4,5
5219,,,12,2,2,2,34,17,0,300,2,5
5220,,,16,2,2,2,95,2,0,300,1,5
5221,,,5,1,2,1,59,50,300,600,4,5
5222,,,6,1,2,2,41,79,300,600,2,5
5223,,,7,1,2,2,20,65,300,600,2,5
5224,,,8,1,2,3,59,46,420,540,1,5
5225,,,8,2,2,3,28,52,420,540,2,5
5226,,,4,1,2,3,3,79,300,600,2,5
5227,,,14,2,2,2,24,29,60,180,4,5
5228,,,2,1,2,3,2,77,300,600,4,5
5229,,,16,2,2,2,65,76,300,420,1,5
5230,,,7,1,2,2,1,70,420,540,1,5
5231,,,15,1,2,3,58,97,300,600,2,5
5232,,,12,2,2,1,57,21,0,300,2,5
5233,,,13,2,2,2,94,97,60,180,4,5
5234,,,8,1,2,2,33,46,420,540,1,5
5235,,,7,2,2,3,66,62,60,180,4,5
5236,,,6,2,2,2,26,93,420,540,4,5
5237,,,13,1,2,2,73,90,420,540,4,5
5238,,,4,1,2,1,14,15,300,600,3,5
5239,,,6,1,2,3,95,24,420,540,3,5
5240,,,11,1,2,1,82,87,420,540,3,5
5241,,,3,2,2,1,88,31,0,300,3,5
5242,,,7,1,2,2,60,10,300,600,3,5
5243,,,4,2,2,2,88,74,60,180,1,5
5244,,,10,1,2,3,71,16,300,600,2,5
5245,,,15,2,2,2,37,39,180,300,2,5
5246,,,8,2,2,2,25,86,300,600,3,5
5247,,,5,1,2,3,50,5,300,600,4,5
5248,,,9,2,2,2,81,79,0,300,4,5
5249,,,10,1,2,3,44,91,300,600,3,5
5250,,,7,2,2,1,19,66,420,540,4,5
5251,,,3,1,2,2,84,82,300,600,2,5
5252,,,15,2,2,2,8,40,300,600,3,5
5253,,,10,2,2,3,24,58,420,540,1,5
5254,,,5,2,2,1,55,14,60,180,1,5
5255,,,14,1,2,3,11,46,420,540,2,5
5256,,,4,1,2,1,28,73,420,540,2,5
5257,,,5,2,2,1,84,85,60,180,3,5
5258,,,14,2,2,1,66,56,0,300,1,5
5259,,,1,1,2,2,37,98,420,540,2,5
5260,,,14,1,2,3,14,23,420,540,3,5
5261,,,3,2,2,3,94,9,420,540,4,5
5262,,,9,2,2,3,71,16,300,420,2,5
5263,,,11,1,2,3,16,85,420,540,1,5
5264,,,9,1,2,3,24,53,300,600,2,5
5265,,,12,1,2,3,90,53,300,600,1,5
5266,,,5,1,2,1,73,89,300,600,2,5
5267,,,2,2,2,3,47,46,0,300,4,5
5268,,,10,1,2,2,28,70,300,600,1,5
5269,,,7,2,2,1,57,9,420,540,4,5
5270,,,12,1,2,3,83,72,300,600,2,5
5271,,,11,2,2,2,35,24,180,300,4,5
5272,,,12,1,2,3,64,68,420,540,4,5
5273,,,10,1,2,2,13,63,300,600,4,5
5274,,,6,1,2,2,99,50,420,540,4,5
5275,,,8,2,2,2,98,17,300,420,3,5
5276,,,5,2,2,1,26,68,180,300,1,5
5277,,,8,1,2,2,90,76,420,540,4,5
5278,,,13,2,2,3,46,30,420,540,3,5
5279,,,15,2,2,2,53,71,420,540,4,5
5280,,,4,2,2,2,44,35,60,180,2,5
5281,,,4,2,2,3,40,90,60,180,4,5
5282,,,7,2,2,2,43,86,180,300,2,5
5283,,,6,2,2,3,78,45,300,600,2,5
5284,,,5,1,2,3,55,69,300,600,2,5
5285,,,6,2,2,3,55,49,0,300,2,5
5286,,,7,1,2,2,8,84,300,600,3,5
5287,,,13,1,2,1,7,96,300,600,1,5
5288,,,10,1,2,3,52,78,300,600,2,5
5289,,,16,2,2,2,63,31,180,300,3,5
5290,,,15,1,2,1,51,48,420,540,3,5
5291,,,13,1,2,1,26,67,420,540,3,5
5292,,,7,1,2,3,23,48,420,540,3,5
5293,,,14,1,2,3,56,66,420,540,1,5
5294,,,11,1,2,3,30,6,300,600,2,5
5295,,,12,2,2,3,95,65,420,540,3,5
5296,,,9,1,2,1,78,41,300,600,2,5
5297,,,12,1,2,2,70,15,300,600,3,5
5298,,,11,2,2,2,5,96,420,540,4,5
5299,,,5,2,2,2,9,9,300,600,3,5
5300,,,12,1,2,3,100,76,300,600,4,5
5301,,,7,2,2,2,30,30,0,300,1,5
5302,,,14,2,2,3,63,71,420,540,1,5
5303,,,14,2,2,3,62,55,420,540,3,5
5304,,,4,1,2,3,49,25,420,540,1,5
5305,,,13,1,2,2,69,6,300,600,2,5
5306,,,7,2,2,2,30,14,60,180,4,5
5307,,,3,1,2,2,56,37,300,600,3,5
5308,,,11,1,2,3,29,71,420,540,3,5
5309,,,12,2,2,3,1,55,300,420,1,5
5310,,,15,2,2,1,82,59,300,420,2,5
5311,,,13,2,2,3,23,1,420,540,1,5
5312,,,6,2,2,2,61,29,60,180,3,5
5313,,,4,1,2,2,91,91,420,540,3,5
5314,,,7,1,2,3,30,88,420,540,2,5
5315,,,4,2,2,3,55,11,300,600,1,5
5316,,,14,1,2,2,82,26,300,600,3,5
5317,,,14,2,2,2,71,63,180,300,1,5
5318,,,2,1,2,3,2,83,420,540,4,5
5319,,,2,2,2,2,93,87,60,180,1,5
5320,,,15,2,2,1,50,69,300,420,3,5
5321,,,14,2,2,3,44,62,0,300,3,5
5322,,,5,2,2,3,69,36,60,180,3,5
5323,,,6,2,2,2,98,75,300,420,4,5
5324,,,13,2,2,2,57,90,60,180,4,5
5325,,,11,2,2,3,31,9,180,300,3,5
5326,,,13,2,2,3,94,98,420,540,2,5
5327,,,7,1,2,3,27,80,420,540,1,5
5328,,,3,1,2,3,67,83,300,600,4,5
5329,,,11,1,2,3,51,24,420,540,4,5
5330,,,9,2,2,1,24,75,60,180,3,5
5331,,,12,1,2,3,99,78,300,600,2,5
5332,,,13,1,2,2,19,61,300,600,1,5
5333,,,3,2,2,1,26,86,420,540,2,5
5334,,,7,2,2,1,53,31,420,540,4,5
5335,,,7,2,2,3,48,19,60,180,2,5
5336,,,8,2,2,1,2,36,60,180,1,5
5337,,,4,2,2,2,34,31,0,300,4,5
5338,,,7,2,2,3,29,55,0,300,4,5
5339,,,13,2,2,2,34,71,0,300,3,5
5340,,,11,2,2,3,15,73,60,180,1,5
5341,,,12,2,2,3,55,45,300,420,1,5
5342,,,4,1,2,3,5,83,300,600,1,5
5343,,,15,2,2,2,76,99,0,300,1,5
5344,,,2,2,2,1,90,21,60,180,4,5
5345,,,4,1,2,3,97,63,300,600,4,5
5346,,,14,1,2,3,16,9,300,600,2,5
5347,,,4,2,2,2,82,65,300,600,3,5
5348,,,3,2,2,3,61,57,0,300,1,5
5349,,,10,2,2,2,43,15,0,300,2,5
5350,,,9,1,2,1,90,11,300,600,4,5
5351,,,15,2,2,1,70,39,180,300,2,5
5352,,,11,2,2,1,91,79,300,420,2,5
5353,,,3,2,2,1,43,66,60,180,4,5
5354,,,6,2,2,3,37,98,300,420,1,5
5355,,,4,1,2,3,23,35,420,540,1,5
5356,,,13,2,2,3,46,14,180,300,4,5
5357,,,11,1,2,2,64,28,420,540,2,5
5358,,,6,2,2,2,51,82,300,420,2,5
5359,,,17,2,2,1,94,26,420,540,4,5
5360,,,2,1,2,2,49,38,300,600,3,5
5361,,,2,1,2,3,68,70,300,600,1,5
5362,,,6,2,2,2,77,50,0,300,3,5
5363,,,8,1,2,1,57,26,420,540,4,5
5364,,,6,2,2,2,16,51,420,540,1,5
5365,,,7,1,2,3,76,33,300,600,1,5
5366,,,3,2,2,2,62,0,0,300,2,5
5367,,,12,1,2,3,5,29,300,600,2,5
5368,,,6,2,2,2,93,23,180,300,1,5
5369,,,6,1,2,3,37,89,420,540,1,5
5370,,,9,1,2,2,80,74,300,600,2,5
5371,,,9,1,2,1,5,25,420,540,2,5
5372,,,11,1,2,2,11,47,420,540,1,5
5373,,,7,2,2,1,24,82,60,180,4,5
5374,,,7,2,2,1,67,30,420,540,4,5
5375,,,3,1,2,3,83,29,300,600,3,5
5376,,,12,2,2,1,30,39,180,300,3,5
5377,,,9,2,2,1,30,72,60,180,2,5
5378,,,15,1,2,3,21,92,420,540,2,5
5379,,,9,2,2,2,48,29,60,180,3,5
5380,,,8,2,2,2,19,24,60,180,1,5
5381,,,4,1,2,1,38,23,300,600,1,5
5382,,,8,1,2,2,31,48,420,540,4,5
5383,,,10,2,2,2,89,87,420,540,3,5
5384,,,11,1,2,3,44,5,420,540,4,5
5385,,,7,1,2,3,92,4,420,540,3,5
5386,,,9,1,2,2,34,55,420,540,4,5
5387,,,8,1,2,1,6,96,300,600,4,5
5388,,,7,2,2,1,93,60,0,300,3,5
5389,,,6,2,2,1,30,27,60,180,1,5
5390,,,2,2,2,1,0,45,420,540,2,5
5391,,,9,1,2,1,22,58,300,600,4,5
5392,,,14,2,2,2,23,81,180,300,1,5
5393,,,5,1,2,3,28,60,300,600,2,5
5394,,,5,1,2,1,45,74,300,600,4,5
5395,,,12,1,2,3,93,57,420,540,4,5
5396,,,4,1,2,2,72,48,420,540,3,5
5397,,,14,1,2,1,66,6,300,600,4,5
5398,,,13,1,2,2,50,41,300,600,3,5
5399,,,7,2,2,3,49,79,0,300,3,5
5400,,,14,2,2,1,11,98,60,180,4,5
5401,,,9,1,2,2,86,12,300,600,1,5
5402,,,8,1,2,1,34,13,300,600,1,5
5403,,,11,2,2,3,32,84,420,540,1,5
5404,,,14,2,2,2,85,64,180,300,1,5
5405,,,8,1,2,2,12,81,420,540,3,5
5406,,,11,1,2,2,69,35,420,540,2,5
5407,,,7,1,2,3,27,79,420,540,3,5
5408,,,7,1,2,1,65,20,420,540,2,5
5409,,,3,1,2,1,8,5,420,540,2,5
5410,,,10,1,2,2,95,9,300,600,1,5
5411,,,10,2,2,2,57,60,180,300,1,5
5412,,,3,1,2,2,67,58,300,600,3,5
5413,,,8,1,2,3,100,20,300,600,4,5
5414,,,12,1,2,1,70,20,420,540,2,5
5415,,,12,1,2,1,39,74,300,600,1,5
5416,,,9,1,2,1,57,76,420,540,3,5
5417,,,5,1,2,2,25,56,300,600,3,5
5418,,,4,2,2,2,20,65,420,540,1,5
5419,,,10,2,2,3,77,83,60,180,4,5
5420,,,15,2,2,1,1,70,420,540,3,5
5421,,,8,2,2,3,11,62,180,300,2,5
5422,,,11,1,2,2,94,58,300,600,2,5
5423,,,9,2,2,1,14,73,300,600,1,5
5424,,,6,2,2,3,27,7,60,180,3,5
5425,,,13,2,2,1,4,65,0,300,3,5
5426,,,8,1,2,1,60,28,300,600,3,5
5427,,,12,1,2,2,38,92,300,600,3,5
5428,,,2,2,2,2,30,67,60,180,3,5
5429,,,10,2,2,2,44,70,420,540,2,5
5430,,,14,1,2,1,11,51,300,600,4,5
5431,,,13,1,2,1,64,8,420,540,4,5
5432,,,6,2,2,2,33,10,300,600,4,5
5433,,,11,2,2,3,52,50,300,420,3,5
5434,,,13,1,2,1,31,62,420,540,1,5
5435,,,10,2,2,3,71,24,420,540,3,5
5436,,,16,2,2,2,34,44,180,300,4,5
5437,,,3,2,2,1,56,0,0,300,3,5
5438,,,10,1,2,1,53,67,300,600,3,5
5439,,,15,2,2,1,48,74,300,420,2,5
5440,,,16,2,2,1,30,64,0,300,3,5
5441,,,12,2,2,3,12,87,60,180,2,5
5442,,,3,1,2,2,86,25,300,600,2,5
5443,,,4,2,2,2,100,15,180,300,3,5
5444,,,1,1,2,2,80,19,300,600,4,5
5445,,,10,2,2,2,37,23,420,540,4,5
5446,,,2,2,2,1,52,92,420,540,3,5
5447,,,9,2,2,1,43,12,60,180,3,5
5448,,,7,2,2,2,11,19,300,600,3,5
5449,,,10,2,2,1,60,92,60,180,3,5
5450,,,9,1,2,3,68,50,300,600,1,5
5451,,,5,1,2,3,14,9,420,540,2,5
5452,,,9,1,2,2,39,96,420,540,3,5
5453,,,7,1,2,2,95,80,420,540,3,5
5454,,,9,2,2,1,37,91,60,180,4,5
5455,,,2,2,2,2,34,80,180,300,3,5
5456,,,6,2,2,3,5,12,60,180,2,5
5457,,,8,2,2,1,8,26,60,180,2,5
5458,,,15,1,2,3,47,31,300,600,3,5
5459,,,3,1,2,3,8,93,420,540,4,5
5460,,,11,2,2,1,5,19,180,300,4,5
5461,,,9,1,2,2,44,66,420,540,4,5
5462,,,6,2,2,1,72,75,300,600,1,5
5463,,,9,1,2,3,30,17,420,540,3,5
5464,,,8,1,2,3,43,80,420,540,4,5
5465,,,5,2,2,1,28,27,300,600,3,5
5466,,,8,1,2,1,24,60,420,540,2,5
5467,,,2,1,2,3,84,4,300,600,4,5
5468,,,14,1,2,2,77,26,420,540,2,5
5469,,,14,2,2,2,37,43,300,420,2,5
5470,,,7,1,2,2,56,63,300,600,3,5
5471,,,13,1,2,1,40,23,420,540,1,5
5472,,,5,2,2,1,43,3,60,180,3,5
5473,,,5,2,2,2,46,10,60,180,4,5
5474,,,13,1,2,2,70,58,300,600,2,5
5475,,,4,1,2,2,94,25,300,600,3,5
5476,,,8,1,2,3,5,2,300,600,4,5
5477,,,15,2,2,1,39,78,420,540,2,5
5478,,,8,1,2,3,9,16,420,540,3,5
5479,,,4,2,2,3,64,17,300,420,2,5
5480,,,4,1,2,3,1,91,300,600,4,5
5481,,,13,1,2,3,74,22,300,600,2,5
5482,,,8,2,2,2,16,19,0,300,3,5
5483,,,9,1,2,2,35,31,300,600,4,5
5484,,,16,1,2,3,31,19,420,540,4,5
5485,,,13,1,2,3,82,31,420,540,1,5
5486,,,4,2,2,3,85,1,0,300,4,5
5487,,,9,1,2,1,58,95,300,600,1,5
5488,,,12,1,2,2,79,51,300,600,4,5
5489,,,10,2,2,3,29,28,420,540,4,5
5490,,,16,1,2,3,74,89,300,600,4,5
5491,,,5,2,2,3,93,78,300,420,2,5
5492,,,13,1,2,1,91,90,420,540,2,5
5493,,,10,2,2,2,75,56,180,300,3,5
5494,,,14,2,2,3,13,97,0,300,4,5
5495,,,3,2,2,2,58,61,60,180,2,5
5496,,,3,1,2,1,47,26,420,540,4,5
5497,,,9,2,2,3,4,57,180,300,1,5
5498,,,3,2,2,3,2,17,60,180,3,5
5499,,,9,2,2,1,43,90,180,300,4,5
5500,,,9,1,2,1,35,41,300,600,1,5
5501,,,9,2,2,2,25,30,180,300,2,5
5502,,,11,2,2,3,90,23,0,300,4,5
5503,,,5,1,2,2,29,28,420,540,1,5
5504,,,13,1,2,3,24,61,420,540,3,5
5505,,,8,2,2,1,68,57,300,600,3,5
5506,,,9,2,2,1,92,93,180,300,1,5
5507,,,5,2,2,2,81,53,0,300,4,5
5508,,,8,2,2,2,19,27,0,300,1,5
5509,,,12,2,2,2,41,34,420,540,4,5
5510,,,16,1,2,1,17,68,300,600,4,5
5511,,,14,1,2,1,16,0,300,600,2,5
5512,,,11,1,2,3,18,94,300,600,3,5
5513,,,6,1,2,3,30,39,420,540,1,5
5514,,,5,2,2,1,32,29,60,180,3,5
5515,,,14,1,2,3,31,49,420,540,1,5
5516,,,11,2,2,1,79,71,60,180,4,5
5517,,,9,1,2,2,90,72,420,540,3,5
5518,,,11,2,2,3,29,47,420,540,4,5
5519,,,4,2,2,3,84,35,300,600,1,5
5520,,,4,2,2,3,82,53,0,300,2,5
5521,,,4,1,2,1,78,86,420,540,4,5
5522,,,12,1,2,2,26,68,420,540,3,5
5523,,,15,1,2,2,24,8,300,600,4,5
5524,,,7,2,2,1,34,83,180,300,1,5
5525,,,6,2,2,1,45,0,420,540,4,5
5526,,,6,1,2,2,68,1,420,540,2,5
5527,,,10,2,2,3,3,94,300,420,2,5
5528,,,3,2,2,3,39,80,180,300,4,5
5529,,,13,2,2,2,92,60,60,180,4,5
5530,,,5,2,2,1,62,55,0,300,1,5
5531,,,2,2,2,2,72,95,180,300,1,5
5532,,,14,2,2,1,15,11,300,600,4,5
5533,,,10,2,2,2,43,27,0,300,3,5
5534,,,11,2,2,1,45,68,300,420,3,5
5535,,,8,2,2,3,79,52,180,300,3,5
5536,,,10,1,2,2,20,80,420,540,3,5
5537,,,14,1,2,2,68,99,300,600,2,5
5538,,,1,1,2,1,60,58,420,540,3,5
5539,,,14,1,2,1,18,2,300,600,1,5
5540,,,11,2,2,1,3,8,420,540,2,5
5541,,,12,1,2,2,70,72,420,540,3,5
5542,,,7,2,2,2,5,20,180,300,2,5
5543,,,13,2,2,3,24,91,0,300,2,5
5544,,,12,2,2,1,52,59,180,300,4,5
5545,,,12,2,2,1,96,7,0,300,2,5
5546,,,5,2,2,2,59,18,300,600,4,5
5547,,,3,1,2,1,96,59,420,540,1,5
5548,,,14,1,2,1,97,1,300,600,3,5
5549,,,12,1,2,3,68,97,300,600,3,5
5550,,,13,1,2,2,100,34,300,600,1,5
5551,,,11,2,2,1,75,52,180,300,1,5
5552,,,13,1,2,2,36,32,300,600,2,5
5553,,,13,2,2,2,95,49,180,300,4,5
5554,,,3,2,2,1,61,86,420,540,1,5
5555,,,12,2,2,1,3,48,300,420,2,5
5556,,,3,1,2,1,76,25,300,600,2,5
5557,,,11,2,2,2,33,23,60,180,3,5
5558,,,14,1,2,1,95,20,300,600,1,5
5559,,,11,2,2,2,70,35,300,600,1,5
5560,,,3,1,2,1,78,46,420,540,4,5
5561,,,9,2,2,2,12,70,60,180,2,5
5562,,,16,1,2,3,39,58,300,600,4,5
5563,,,11,1,2,1,15,35,420,540,3,5
5564,,,9,2,2,2,91,23,300,600,3,5
5565,,,14,1,2,1,5,69,420,540,1,5
5566,,,12,2,2,2,69,49,300,420,4,5
5567,,,5,1,2,1,28,24,300,600,2,5
5568,,,8,1,2,1,64,74,420,540,3,5
5569,,,6,1,2,2,52,88,300,600,2,5
5570,,,7,1,2,2,26,54,420,540,3,5
5571,,,3,2,2,3,80,38,0,300,1,5
5572,,,14,2,2,1,15,7,420,540,1,5
5573,,,2,1,2,1,91,1,300,600,4,5
5574,,,4,1,2,1,18,54,300,600,3,5
5575,,,2,1,2,3,31,86,420,540,1,5
5576,,,6,1,2,1,18,20,300,600,4,5
5577,,,14,1,2,1,29,73,300,600,2,5
5578,,,6,2,2,1,6,6,180,300,4,5
5579,,,4,2,2,1,25,5,0,300,4,5
5580,,,6,1,2,2,36,62,300,600,2,5
5581,,,9,1,2,3,41,54,300,600,4,5
5582,,,6,1,2,2,39,0,420,540,2,5
5583,,,8,1,2,2,52,16,300,600,1,5
5584,,,12,2,2,3,100,81,60,180,1,5
5585,,,12,1,2,2,70,2,420,540,1,5
5586,,,7,2,2,2,9,0,300,420,3,5
5587,,,3,1,2,2,82,62,300,600,2,5
5588,,,17,2,2,1,4,54,0,300,1,5
5589,,,7,1,2,3,45,95,300,600,3,5
5590,,,12,2,2,3,91,94,420,540,4,5
5591,,,7,2,2,3,35,95,0,300,3,5
5592,,,2,1,2,2,26,87,420,540,1,5
5593,,,8,1,2,3,95,45,300,600,3,5
5594,,,7,1,2,1,87,74,420,540,4,5
5595,,,12,1,2,1,72,58,420,540,1,5
5596,,,4,2,2,3,28,57,180,300,4,5
5597,,,10,1,2,1,75,74,300,600,3,5
5598,,,8,2,2,1,46,97,300,420,3,5
5599,,,14,2,2,1,63,53,60,180,4,5
5600,,,13,2,2,3,75,44,0,300,1,5
5601,,,10,1,2,3,92,15,420,540,1,5
5602,,,12,2,2,1,1,76,180,300,4,5
5603,,,9,2,2,2,66,10,60,180,2,5
5604,,,14,2,2,3,57,4,0,300,2,5
5605,,,12,2,2,2,56,24,420,540,4,5
5606,,,8,1,2,3,86,40,300,600,1,5
5607,,,13,2,2,1,86,93,420,540,3,5
5608,,,13,1,2,3,7,61,420,540,4,5
5609,,,4,1,2,1,28,49,420,540,2,5
5610,,,13,1,2,3,40,44,420,540,3,5
5611,,,11,1,2,2,54,57,300,600,3,5
5612,,,7,2,2,1,81,39,60,180,3,5
5613,,,4,1,2,1,11,15,420,540,4,5
5614,,,13,2,2,2,98,79,180,300,2,5
5615,,,5,1,2,2,47,38,300,600,4,5
5616,,,8,2,2,3,69,46,0,300,1,5
5617,,,6,1,2,3,77,5,300,600,2,5
5618,,,8,2,2,2,10,21,420,540,3,5
5619,,,13,2,2,2,57,99,300,420,4,5
5620,,,12,2,2,3,5,52,0,300,1,5
5621,,,13,1,2,3,82,96,420,540,4,5
5622,,,2,2,2,2,80,42,420,540,1,5
5623,,,15,1,2,3,29,2,300,600,3,5
5624,,,9,2,2,1,3,81,180,300,4,5
5625,,,6,1,2,3,50,55,300,600,1,5
5626,,,8,2,2,2,33,81,300,420,3,5
5627,,,12,2,2,3,94,30,420,540,2,5
5628,,,14,1,2,3,29,78,300,600,2,5
5629,,,4,2,2,3,59,18,60,180,3,5
5630,,,7,2,2,2,49,70,420,540,4,5
5631,,,5,2,2,2,80,67,300,420,1,5
5632,,,9,1,2,1,97,20,300,600,4,5
5633,,,13,2,2,2,53,100,180,300,1,5
5634,,,14,2,2,3,8,61,300,420,3,5
5635,,,8,2,2,1,58,57,420,540,4,5
5636,,,7,1,2,1,83,26,300,600,4,5
5637,,,13,1,2,3,81,43,420,540,3,5
5638,,,12,2,2,2,34,63,420,540,3,5
5639,,,7,2,2,1,42,61,0,300,1,5
5640,,,7,1,2,1,83,79,300,600,4,5
5641,,,6,2,2,3,75,47,420,540,3,5
5642,,,9,2,2,1,48,49,60,180,1,5
5643,,,13,1,2,1,27,22,300,600,2,5
5644,,,13,2,2,2,24,51,420,540,3,5
5645,,,2,1,2,2,38,14,420,540,2,5
5646,,,3,2,2,3,51,70,300,600,4,5
5647,,,1,1,2,3,32,15,420,540,2,5
5648,,,4,2,2,2,7,92,180,300,2,5
5649,,,7,2,2,3,0,31,420,540,1,5
5650,,,13,1,2,1,0,93,420,540,1,5
5651,,,7,1,2,3,67,71,420,540,3,5
5652,,,16,2,2,2,48,80,0,300,1,5
5653,,,12,2,2,1,32,99,420,540,2,5
5654,,,5,1,2,1,77,10,420,540,2,5
5655,,,8,2,2,1,68,96,0,300,3,5
5656,,,3,1,2,3,30,40,420,540,4,5
5657,,,13,1,2,1,66,13,300,600,2,5
5658,,,8,2,2,1,69,9,60,180,1,5
5659,,,12,1,2,2,27,91,300,600,4,5
5660,,,12,1,2,3,100,66,420,540,2,5
5661,,,6,2,2,2,25,94,300,420,2,5
5662,,,7,1,2,2,47,41,300,600,3,5
5663,,,8,2,2,3,16,17,300,600,3,5
5664,,,4,2,2,2,61,70,0,300,2,5
5665,,,3,2,2,1,83,11,0,300,3,5
5666,,,13,1,2,2,61,90,420,540,2,5
5667,,,10,2,2,2,44,86,300,600,2,5
5668,,,2,1,2,3,24,27,300,600,4,5
5669,,,2,2,2,1,78,20,0,300,3,5
5670,,,9,2,2,2,99,86,180,300,3,5
5671,,,12,2,2,2,2,64,300,420,1,5
5672,,,13,1,2,1,36,4,300,600,1,5
5673,,,12,2,2,2,48,39,60,180,1,5
5674,,,2,1,2,1,66,50,420,540,4,5
5675,,,9,1,2,2,36,85,420,540,1,5
5676,,,5,2,2,3,16,14,180,300,1,5
5677,,,1,1,2,3,50,67,300,600,2,5
5678,,,9,2,2,3,72,74,60,180,1,5
5679,,,12,1,2,1,4,62,300,600,1,5
5680,,,3,2,2,2,65,30,420,540,3,5
5681,,,5,2,2,3,54,88,0,300,2,5
5682,,,5,2,2,3,26,50,420,540,1,5
5683,,,4,2,2,2,2,41,0,300,1,5
5684,,,7,1,2,2,85,40,300,600,1,5
5685,,,10,2,2,1,97,11,420,540,2,5
5686,,,3,1,2,1,60,70,300,600,1,5
5687,,,7,1,2,2,27,65,420,540,3,5
5688,,,15,1,2,3,23,8,420,540,2,5
5689,,,7,1,2,1,97,17,420,540,3,5
5690,,,1,1,2,3,36,78,300,600,4,5
5691,,,16,2,2,2,11,93,300,420,1,5
5692,,,8,2,2,3,1,48,180,300,4,5
5693,,,4,1,2,3,8,46,420,540,1,5
5694,,,7,2,2,3,2,73,300,600,2,5
5695,,,7,1,2,1,92,92,420,540,2,5
5696,,,12,2,2,3,78,99,420,540,1,5
5697,,,12,2,2,1,42,16,300,420,1,5
5698,,,9,2,2,1,66,25,0,300,3,5
5699,,,11,1,2,2,63,9,300,600,2,5
5700,,,5,2,2,2,66,71,0,300,3,5
5701,,,15,2,2,3,11,67,180,300,4,5
5702,,,12,1,2,1,38,75,300,600,2,5
5703,,,11,2,2,1,36,67,60,180,4,5
5704,,,12,2,2,1,22,71,60,180,1,5
5705,,,13,2,2,3,93,54,300,420,3,5
5706,,,7,1,2,3,47,35,300,600,2,5
5707,,,3,1,2,2,87,41,420,540,1,5
5708,,,6,2,2,3,25,7,60,180,4,5
5709,,,7,1,2,3,45,83,420,540,4,5
5710,,,2,2,2,3,17,70,300,600,4,5
5711,,,11,1,2,3,4,46,420,540,2,5
5712,,,12,1,2,3,9,84,300,600,3,5
5713,,,12,1,2,2,1,99,420,540,1,5
5714,,,11,1,2,2,41,27,300,600,4,5
5715,,,7,1,2,3,53,82,420,540,1,5
5716,,,9,2,2,3,59,21,0,300,1,5
5717,,,13,1,2,2,38,18,300,600,1,5
5718,,,11,2,2,2,83,78,300,600,4,5
5719,,,10,2,2,3,88,39,300,420,4,5
5720,,,15,2,2,2,17,33,0,300,3,5
5721,,,14,2,2,1,42,6,300,420,1,5
5722,,,16,2,2,3,27,100,300,420,3,5
5723,,,2,1,2,2,90,5,300,600,2,5
5724,,,12,2,2,1,4,34,180,300,1,5
5725,,,8,1,2,3,78,93,420,540,2,5
5726,,,3,2,2,2,51,45,60,180,3,5
5727,,,6,1,2,3,66,38,420,540,2,5
5728,,,11,1,2,1,76,59,420,540,3,5
5729,,,13,1,2,1,63,47,300,600,4,5
5730,,,2,2,2,2,97,75,60,180,2,5
5731,,,8,1,2,1,100,59,300,600,3,5
5732,,,10,2,2,3,0,60,0,300,1,5
5733,,,13,2,2,2,73,57,300,600,4,5
5734,,,8,1,2,1,39,95,420,540,2,5
5735,,,10,2,2,3,25,32,180,300,2,5
5736,,,10,1,2,2,23,19,300,600,1,5
5737,,,15,2,2,3,8,24,300,600,2,5
5738,,,14,1,2,1,7,35,300,600,4,5
5739,,,10,2,2,2,52,50,60,180,1,5
5740,,,5,1,2,1,31,91,300,600,2,5
5741,,,13,1,2,2,23,43,420,540,3,5
5742,,,3,2,2,1,4,48,420,540,4,5
5743,,,8,1,2,2,94,76,300,600,1,5
5744,,,15,1,2,3,1,62,420,540,3,5
5745,,,4,2,2,3,27,61,300,600,4,5
5746,,,7,2,2,3,76,22,300,600,2,5
5747,,,15,1,2,2,18,12,420,540,1,5
5748,,,3,1,2,3,95,34,300,600,2,5
5749,,,3,1,2,2,71,48,420,540,2,5
5750,,,5,2,2,3,18,50,180,300,3,5
5751,,,15,1,2,2,53,10,420,540,1,5
5752,,,8,2,2,1,87,2,420,540,2,5
5753,,,16,1,2,2,19,56,300,600,3,5
5754,,,6,1,2,3,9,19,300,600,4,5
5755,,,10,2,2,1,72,42,60,180,2,5
5756,,,6,2,2,1,28,15,420,540,4,5
5757,,,7,1,2,1,74,35,300,600,2,5
5758,,,4,1,2,1,72,78,300,600,4,5
5759,,,2,1,2,1,78,22,420,540,1,5
5760,,,3,1,2,3,80,66,420,540,4,5
5761,,,13,1,2,2,14,48,420,540,2,5
5762,,,14,2,2,2,73,49,180,300,2,5
5763,,,8,1,2,1,27,34,420,540,1,5
5764,,,12,2,2,3,75,5,180,300,1,5
5765,,,4,2,2,1,56,45,60,180,3,5
5766,,,10,1,2,1,12,60,300,600,2,5
5767,,,2,2,2,2,74,96,60,180,1,5
5768,,,9,2,2,2,71,48,60,180,3,5
5769,,,14,2,2,2,74,82,300,420,4,5
5770,,,10,2,2,2,78,82,60,180,2,5
5771,,,15,2,2,3,9,58,300,600,4,5
5772,,,11,2,2,3,100,36,420,540,2,5
5773,,,9,2,2,3,34,82,0,300,3,5
5774,,,5,2,2,2,35,65,0,300,4,5
5775,,,7,2,2,3,59,11,420,540,1,5
5776,,,3,2,2,2,95,72,420,540,3,5
5777,,,11,2,2,1,90,81,180,300,2,5
5778,,,7,2,2,1,17,96,300,420,1,5
5779,,,9,2,2,1,30,71,420,540,1,5
5780,,,8,2,2,2,77,17,0,300,4,5
5781,,,8,2,2,3,39,7,60,180,2,5
5782,,,14,2,2,1,76,74,180,300,4,5
5783,,,7,2,2,3,34,53,420,540,4,5
5784,,,2,2,2,1,93,98,180,300,1,5
5785,,,14,2,2,2,73,19,300,600,2,5
5786,,,8,2,2,3,46,84,180,300,2,5
5787,,,7,1,2,1,43,7,300,600,1,5
5788,,,16,2,2,2,60,70,0,300,2,5
5789,,,7,2,2,1,69,4,60,180,1,5
5790,,,12,2,2,3,16,96,180,300,3,5
5791,,,4,2,2,2,2,8,300,420,1,5
5792,,,3,1,2,3,39,52,300,600,3,5
5793,,,6,2,2,2,28,12,420,540,3,5
5794,,,6,2,2,3,89,41,0,300,1,5
5795,,,14,1,2,2,40,37,420,540,1,5
5796,,,12,1,2,3,59,5,300,600,4,5
5797,,,15,2,2,2,82,24,0,300,2,5
5798,,,12,2,2,1,5,38,0,300,3,5
5799,,,10,2,2,2,75,65,420,540,3,5
5800,,,14,1,2,1,62,43,300,600,4,5
5801,,,2,1,2,1,16,13,420,540,2,5
5802,,,3,2,2,3,66,46,60,180,3,5
5803,,,10,2,2,1,58,25,300,600,4,5
5804,,,3,2,2,3,23,99,300,600,4,5
5805,,,13,1,2,1,93,55,420,540,2,5
5806,,,11,2,2,2,98,0,60,180,2,5
5807,,,11,2,2,1,54,89,60,180,3,5
5808,,,12,1,2,2,80,24,420,540,1,5
5809,,,8,2,2,1,14,10,60,180,3,5
5810,,,5,2,2,3,76,14,420,540,1,5
5811,,,10,1,2,3,11,13,300,600,3,5
5812,,,11,2,2,2,17,77,420,540,1,5
5813,,,13,2,2,3,64,32,60,180,3,5
5814,,,3,1,2,1,98,23,300,600,1,5
5815,,,11,1,2,2,79,89,420,540,2,5
5816,,,11,1,2,3,77,8,300,600,1,5
5817,,,5,2,2,1,88,76,420,540,2,5
5818,,,5,1,2,2,21,38,420,540,1,5
5819,,,15,1,2,2,62,48,420,540,1,5
5820,,,8,1,2,1,3,50,420,540,1,5
5821,,,6,2,2,1,50,57,180,300,2,5
5822,,,3,2,2,1,90,46,420,540,3,5
5823,,,14,2,2,2,81,27,180,300,2,5
5824,,,12,1,2,1,33,78,300,600,4,5
5825,,,14,2,2,2,52,33,300,600,1,5
5826,,,4,2,2,1,37,59,0,300,4,5
5827,,,5,1,2,3,39,46,420,540,2,5
5828,,,10,1,2,3,69,99,300,600,1,5
5829,,,2,1,2,2,44,0,420,540,3,5
5830,,,14,2,2,2,19,75,420,540,1,5
5831,,,13,2,2,2,91,4,300,420,3,5
5832,,,3,2,2,2,90,4,0,300,2,5
5833,,,13,2,2,2,10,74,420,540,2,5
5834,,,7,2,2,1,45,37,0,300,4,5
5835,,,15,2,2,1,48,93,180,300,1,5
5836,,,5,2,2,1,58,79,180,300,1,5
5837,,,13,2,2,3,31,41,60,180,3,5
5838,,,15,2,2,3,59,73,0,300,1,5
5839,,,10,2,2,3,12,7,180,300,4,5
5840,,,15,2,2,2,55,100,420,540,3,5
5841,,,13,1,2,1,54,100,300,600,4,5
5842,,,8,1,2,1,92,30,300,600,4,5
5843,,,7,2,2,2,98,6,0,300,2,5
5844,,,3,2,2,3,26,89,420,540,4,5
5845,,,6,1,2,2,65,17,420,540,4,5
5846,,,14,1,2,2,65,62,300,600,2,5
5847,,,11,2,2,1,36,28,60,180,1,5
5848,,,5,2,2,3,37,54,60,180,3,5
5849,,,3,1,2,1,70,83,300,600,4,5
5850,,,14,2,2,2,0,99,300,420,4,5
5851,,,16,1,2,2,23,68,420,540,4,5
5852,,,3,2,2,1,15,38,60,180,1,5
5853,,,15,1,2,3,82,1,300,600,4,5
5854,,,9,1,2,1,13,43,420,540,4,5
5855,,,11,2,2,3,48,60,300,600,3,5
5856,,,14,1,2,3,1,12,300,600,2,5
5857,,,15,1,2,2,77,100,300,600,4,5
5858,,,1,1,2,3,51,34,300,600,3,5
5859,,,8,1,2,3,88,21,300,600,2,5
5860,,,6,2,2,2,0,16,0,300,3,5
5861,,,7,2,2,1,85,60,300,420,3,5
5862,,,15,2,2,2,19,88,60,180,1,5
5863,,,7,1,2,1,92,74,420,540,3,5
5864,,,8,1,2,2,93,63,300,600,2,5
5865,,,15,1,2,1,67,35,300,600,2,5
5866,,,13,1,2,1,12,2,300,600,2,5
5867,,,14,2,2,3,34,94,300,420,4,5
5868,,,14,2,2,2,65,2,300,600,2,5
5869,,,5,2,2,3,76,76,0,300,3,5
5870,,,10,2,2,3,29,51,420,540,3,5
5871,,,15,2,2,3,62,51,60,180,4,5
5872,,,11,1,2,2,72,4,420,540,1,5
5873,,,15,2,2,2,24,86,0,300,4,5
5874,,,7,2,2,1,49,85,300,600,3,5
5875,,,11,1,2,2,37,7,300,600,2,5
5876,,,6,2,2,3,35,80,420,540,2,5
5877,,,3,2,2,1,72,81,60,180,1,5
5878,,,8,1,2,1,39,54,420,540,1,5
5879,,,7,1,2,1,30,75,300,600,1,5
5880,,,7,1,2,3,17,41,300,600,2,5
5881,,,11,2,2,3,10,76,180,300,1,5
5882,,,11,2,2,2,29,69,0,300,2,5
5883,,,4,1,2,2,30,4,300,600,3,5
5884,,,8,1,2,3,84,83,420,540,1,5
5885,,,6,2,2,1,4,72,60,180,4,5
5886,,,15,2,2,2,40,7,420,540,4,5
5887,,,7,1,2,1,82,96,300,600,2,5
5888,,,1,1,2,2,100,37,300,600,3,5
5889,,,8,1,2,2,68,70,300,600,4,5
5890,,,6,1,2,3,75,56,420,540,2,5
5891,,,8,1,2,3,34,73,300,600,2,5
5892,,,12,1,2,2,70,16,420,540,1,5
5893,,,8,1,2,1,5,70,300,600,4,5
5894,,,14,2,2,2,10,14,180,300,3,5
5895,,,8,2,2,3,78,72,0,300,3,5
5896,,,3,1,2,2,69,70,420,540,3,5
5897,,,14,2,2,1,73,39,420,540,4,5
5898,,,2,1,2,2,12,35,300,600,4,5
5899,,,12,2,2,2,62,16,420,540,3,5
5900,,,10,2,2,1,6,98,300,600,4,5
5901,,,5,2,2,2,55,8,300,420,3,5
5902,,,15,1,2,3,19,3,420,540,3,5
5903,,,13,2,2,2,56,88,0,300,3,5
5904,,,15,2,2,1,87,85,60,180,2,5
5905,,,7,2,2,3,100,63,180,300,2,5
5906,,,10,1,2,2,2,17,420,540,1,5
5907,,,11,1,2,3,69,95,300,600,4,5
5908,,,13,1,2,2,46,25,300,600,4,5
5909,,,5,1,2,1,68,72,300,600,4,5
5910,,,12,1,2,3,24,89,420,540,2,5
5911,,,16,2,2,2,90,89,180,300,3,5
5912,,,9,2,2,2,20,48,180,300,1,5
5913,,,5,2,2,1,47,67,180,300,3,5
5914,,,15,1,2,2,80,79,300,600,3,5
5915,,,4,2,2,1,84,48,0,300,1,5
5916,,,14,1,2,2,72,85,420,540,3,5
5917,,,11,1,2,3,96,45,420,540,4,5
5918,,,10,1,2,2,47,5,300,600,1,5
5919,,,5,1,2,2,12,14,420,540,3,5
5920,,,7,2,2,3,72,62,300,600,4,5
5921,,,4,2,2,3,8,45,420,540,3,5
5922,,,8,1,2,1,86,8,300,600,4,5
5923,,,3,2,2,3,36,45,300,600,1,5
5924,,,2,2,2,1,99,63,0,300,3,5
5925,,,15,2,2,3,69,99,0,300,1,5
5926,,,5,1,2,1,100,7,420,540,4,5
5927,,,12,1,2,1,89,56,300,600,4,5
5928,,,6,1,2,1,84,83,420,540,2,5
5929,,,12,2,2,2,3,11,300,420,3,5
5930,,,5,2,2,2,2,98,420,540,4,5
5931,,,15,2,2,2,99,29,420,540,4,5
5932,,,14,1,2,1,37,18,300,600,2,5
5933,,,3,1,2,3,98,85,300,600,4,5
5934,,,5,2,2,3,86,45,0,300,3,5
5935,,,14,1,2,2,85,40,300,600,1,5
5936,,,8,1,2,1,78,92,300,600,1,5
5937,,,13,2,2,1,19,15,60,180,1,5
5938,,,15,2,2,3,47,10,0,300,2,5
5939,,,12,1,2,2,30,58,420,540,1,5
5940,,,12,1,2,1,56,9,420,540,1,5
5941,,,3,1,2,3,68,77,300,600,3,5
5942,,,6,2,2,3,39,36,0,300,4,5
5943,,,15,1,2,3,68,53,420,540,3,5
5944,,,10,2,2,3,64,0,180,300,3,5
5945,,,8,1,2,3,29,13,300,600,2,5
5946,,,15,2,2,1,34,73,300,420,2,5
5947,,,3,1,2,3,44,69,300,600,1,5
5948,,,10,2,2,2,53,43,300,600,3,5
5949,,,8,2,2,1,81,69,180,300,2,5
5950,,,11,2,2,2,93,67,300,420,3,5
5951,,,2,1,2,3,5,18,420,540,1,5
5952,,,5,1,2,3,14,71,300,600,3,5
5953,,,13,2,2,2,55,22,420,540,2,5
5954,,,7,2,2,1,70,49,420,540,4,5
5955,,,7,2,2,2,73,80,420,540,2,5
5956,,,13,1,2,2,53,86,420,540,2,5
5957,,,15,2,2,3,51,5,60,180,3,5
5958,,,9,2,2,1,19,74,0,300,3,5
5959,,,9,1,2,3,14,8,420,540,4,5
5960,,,9,1,2,3,86,34,300,600,3,5
5961,,,8,1,2,1,8,3,420,540,3,5
5962,,,15,2,2,3,12,1,300,600,3,5
5963,,,4,1,2,2,40,45,420,540,3,5
5964,,,7,1,2,1,58,31,420,540,1,5
5965,,,7,1,2,1,68,29,420,540,4,5
5966,,,6,2,2,1,40,31,300,420,4,5
5967,,,1,1,2,2,13,43,420,540,2,5
5968,,,12,2,2,3,38,11,0,300,3,5
5969,,,8,2,2,2,95,2,60,180,4,5
5970,,,10,1,2,2,31,44,420,540,4,5
5971,,,14,1,2,2,31,63,300,600,2,5
5972,,,14,2,2,2,67,52,420,540,2,5
5973,,,8,2,2,1,83,68,60,180,4,5
5974,,,4,2,2,1,77,16,180,300,1,5
5975,,,10,1,2,3,80,38,420,540,1,5
5976,,,10,2,2,2,5,13,420,540,2,5
5977,,,6,2,2,1,12,2,420,540,4,5
5978,,,7,2,2,2,69,68,60,180,2,5
5979,,,7,2,2,2,100,83,300,420,3,5
5980,,,6,2,2,2,93,88,180,300,4,5
5981,,,2,1,2,2,90,0,420,540,1,5
5982,,,8,2,2,3,36,81,420,540,4,5
5983,,,5,1,2,3,72,26,420,540,3,5
5984,,,10,1,2,3,55,3,420,540,4,5
5985,,,8,2,2,1,37,10,420,540,1,5
5986,,,14,1,2,3,89,64,300,600,4,5
5987,,,8,1,2,3,98,25,300,600,3,5
5988,,,9,1,2,3,15,14,300,600,1,5
5989,,,5,1,2,1,13,83,420,540,3,5
5990,,,11,1,2,1,9,11,300,600,3,5
5991,,,16,2,2,1,83,19,180,300,2,5
5992,,,14,2,2,1,6,35,0,300,3,5
5993,,,7,1,2,1,15,47,420,540,1,5
5994,,,11,2,2,3,6,8,420,540,1,5
5995,,,4,1,2,2,50,91,420,540,3,5
5996,,,6,1,2,3,97,76,300,600,2,5
5997,,,11,2,2,1,54,28,180,300,3,5
5998,,,12,1,2,3,85,10,300,600,4,5
5999,,,6,2,2,1,26,2,0,300,2,5
6000,,,10,2,2,2,44,42,300,420,1,5
6001,,,3,1,2,2,29,93,420,540,1,5
6002,,,5,1,2,3,44,75,420,540,2,5
6003,,,13,2,2,2,24,1,420,540,3,5
6004,,,14,2,2,3,43,34,60,180,2,5
6005,,,11,1,2,2,93,65,420,540,1,5
6006,,,4,2,2,1,1,78,0,300,2,5
6007,,,10,2,2,2,79,70,60,180,4,5
6008,,,2,1,2,2,49,90,300,600,1,5
6009,,,4,2,2,3,1,17,60,180,1,5
6010,,,4,1,2,2,83,72,300,600,4,5
6011,,,11,1,2,1,1,12,420,540,4,5
6012,,,13,2,2,1,23,40,60,180,4,5
6013,,,4,2,2,2,57,21,300,600,1,5
6014,,,7,2,2,3,34,2,60,180,2,5
6015,,,7,2,2,3,39,75,420,540,1,5
6016,,,13,2,2,1,23,14,300,420,2,5
6017,,,4,1,2,1,0,22,420,540,3,5
6018,,,3,1,2,3,91,60,300,600,3,5
6019,,,5,2,2,2,33,24,420,540,4,5
6020,,,7,1,2,3,80,17,420,540,4,5
6021,,,4,1,2,2,29,61,300,600,3,5
6022,,,7,2,2,2,17,40,300,420,3,5
6023,,,3,2,2,2,74,82,180,300,1,5
6024,,,4,1,2,3,65,6,300,600,1,5
6025,,,5,1,2,3,95,3,300,600,3,5
6026,,,6,2,2,2,6,38,300,600,3,5
6027,,,3,1,2,2,44,67,300,600,2,5
6028,,,7,2,2,3,16,86,300,600,1,5
6029,,,5,2,2,2,82,44,0,300,4,5
6030,,,16,1,2,2,59,99,300,600,2,5
6031,,,7,2,2,3,58,64,0,300,2,5
6032,,,7,1,2,3,81,55,420,540,2,5
6033,,,13,2,2,1,97,84,180,300,2,5
6034,,,12,2,2,3,2,90,0,300,3,5
6035,,,6,2,2,1,95,45,60,180,2,5
6036,,,3,1,2,2,28,31,420,540,3,5
6037,,,6,1,2,3,26,47,420,540,4,5
6038,,,11,1,2,1,61,89,420,540,2,5
6039,,,2,1,2,3,32,19,420,540,2,5
6040,,,4,2,2,1,39,48,180,300,3,5
6041,,,8,2,2,1,66,38,60,180,1,5
6042,,,8,2,2,3,47,86,60,180,2,5
6043,,,17,2,2,2,16,9,60,180,1,5
6044,,,13,1,2,1,70,27,420,540,3,5
6045,,,5,1,2,1,43,14,300,600,4,5
6046,,,17,2,2,2,3,64,300,420,3,5
6047,,,11,2,2,2,59,41,420,540,3,5
6048,,,4,2,2,2,9,58,300,600,1,5
6049,,,10,2,2,3,64,75,0,300,2,5
6050,,,15,1,2,1,9,28,420,540,4,5
6051,,,7,1,2,1,80,46,420,540,2,5
6052,,,9,2,2,3,77,53,0,300,2,5
6053,,,8,2,2,1,40,16,0,300,2,5
6054,,,3,2,2,1,46,46,60,180,2,5
6055,,,4,1,2,3,12,59,300,600,3,5
6056,,,6,1,2,2,18,71,420,540,3,5
6057,,,15,2,2,2,65,100,180,300,2,5
6058,,,2,1,2,2,51,38,420,540,2,5
6059,,,11,1,2,2,97,1,420,540,3,5
6060,,,7,2,2,2,76,87,300,420,3,5
6061,,,2,2,2,3,30,80,180,300,3,5
6062,,,7,1,2,1,66,30,420,540,2,5
6063,,,12,1,2,3,16,12,420,540,3,5
6064,,,8,1,2,1,18,17,420,540,1,5
6065,,,7,1,2,1,99,63,300,600,2,5
6066,,,12,2,2,2,17,35,420,540,3,5
6067,,,12,1,2,1,72,98,300,600,1,5
6068,,,9,2,2,3,79,79,300,420,3,5
6069,,,6,2,2,1,7,77,180,300,2,5
6070,,,7,2,2,3,30,37,180,300,4,5
6071,,,10,2,2,2,86,69,300,420,2,5
6072,,,7,2,2,3,4,81,0,300,3,5
6073,,,1,1,2,1,85,7,420,540,2,5
6074,,,5,1,2,1,23,28,300,600,2,5
6075,,,10,1,2,1,3,73,300,600,3,5
6076,,,2,1,2,2,17,87,420,540,3,5
6077,,,6,1,2,3,48,100,300,600,4,5
6078,,,15,2,2,1,61,59,300,600,2,5
6079,,,13,1,2,3,39,60,420,540,3,5
6080,,,13,2,2,1,23,9,60,180,3,5
6081,,,4,1,2,3,52,28,300,600,3,5
6082,,,7,2,2,2,14,98,60,180,3,5
6083,,,2,1,2,1,38,78,420,540,1,5
6084,,,10,2,2,1,88,50,300,420,3,5
6085,,,2,2,2,1,79,72,300,600,4,5
6086,,,11,1,2,2,87,35,420,540,1,5
6087,,,3,2,2,2,79,68,420,540,4,5
6088,,,4,1,2,2,63,67,300,600,2,5
6089,,,5,2,2,1,22,49,0,300,4,5
6090,,,9,2,2,3,34,47,0,300,4,5
6091,,,7,2,2,2,44,80,0,300,4,5
6092,,,1,1,2,3,25,79,420,540,4,5
6093,,,12,1,2,2,44,19,300,600,1,5
6094,,,12,2,2,1,92,97,0,300,4,5
6095,,,6,2,2,2,0,18,60,180,3,5
6096,,,10,1,2,1,55,92,300,600,4,5
6097,,,11,1,2,3,88,60,420,540,4,5
6098,,,11,2,2,1,69,27,180,300,2,5
6099,,,2,1,2,2,98,41,300,600,2,5
6100,,,6,2,2,2,35,58,60,180,2,5
6101,,,6,1,2,3,16,24,420,540,2,5
6102,,,3,2,2,3,36,86,180,300,1,5
6103,,,8,1,2,3,81,11,300,600,3,5
6104,,,4,2,2,3,78,67,300,420,4,5
6105,,,12,1,2,1,30,69,420,540,4,5
6106,,,12,2,2,1,51,30,0,300,4,5
6107,,,13,2,2,1,22,79,60,180,2,5
6108,,,7,1,2,2,18,78,420,540,1,5
6109,,,10,1,2,1,61,82,300,600,1,5
6110,,,2,1,2,2,96,86,420,540,3,5
6111,,,4,1,2,1,98,29,300,600,2,5
6112,,,10,1,2,3,49,99,420,540,4,5
6113,,,11,2,2,2,20,27,300,600,4,5
6114,,,8,1,2,2,61,82,300,600,2,5
6115,,,7,2,2,2,64,15,420,540,2,5
6116,,,5,1,2,1,22,100,300,600,1,5
6117,,,14,1,2,1,36,58,420,540,3,5
6118,,,10,1,2,1,36,94,300,600,3,5
6119,,,10,2,2,3,50,46,420,540,2,5
6120,,,3,1,2,3,17,30,300,600,1,5
6121,,,6,2,2,3,89,63,60,180,3,5
6122,,,7,2,2,1,59,10,0,300,1,5
6123,,,1,1,2,3,1,1,420,540,1,5
6124,,,7,1,2,2,65,98,300,600,1,5
6125,,,13,1,2,3,51,94,300,600,4,5
6126,,,13,1,2,1,91,25,300,600,2,5
6127,,,9,2,2,3,32,43,180,300,4,5
6128,,,3,2,2,1,28,22,420,540,4,5
6129,,,4,2,2,3,64,84,60,180,1,5
6130,,,7,1,2,3,6,27,420,540,4,5
6131,,,11,1,2,2,67,100,420,540,3,5
6132,,,7,2,2,2,96,9,420,540,3,5
6133,,,13,1,2,2,96,49,300,600,3,5
6134,,,4,2,2,3,9,85,420,540,4,5
6135,,,12,2,2,2,16,86,420,540,4,5
6136,,,9,1,2,3,19,45,300,600,1,5
6137,,,9,1,2,1,88,52,300,600,3,5
6138,,,12,2,2,1,67,3,300,420,4,5
6139,,,8,1,2,1,18,68,300,600,2,5
6140,,,2,2,2,3,47,7,300,600,4,5
6141,,,13,1,2,1,33,92,300,600,2,5
6142,,,4,2,2,2,16,55,60,180,1,5
6143,,,5,1,2,2,9,20,420,540,3,5
6144,,,2,1,2,3,56,41,300,600,4,5
6145,,,14,1,2,3,90,69,420,540,1,5
6146,,,14,2,2,3,16,87,300,600,2,5
6147,,,7,1,2,1,51,42,420,540,2,5
6148,,,7,2,2,1,4,42,0,300,4,5
6149,,,9,1,2,2,30,17,420,540,2,5
6150,,,11,1,2,3,90,94,420,540,4,5
6151,,,6,1,2,2,18,86,300,600,3,5
6152,,,11,2,2,3,22,14,60,180,4,5
6153,,,13,1,2,1,36,22,420,540,4,5
6154,,,11,2,2,1,85,77,300,420,3,5
6155,,,10,2,2,1,90,40,180,300,4,5
6156,,,5,2,2,2,95,89,420,540,1,5
6157,,,7,1,2,3,26,35,300,600,2,5
6158,,,9,1,2,3,66,96,420,540,2,5
6159,,,5,1,2,1,33,98,420,540,1,5
6160,,,3,2,2,2,25,38,60,180,3,5
6161,,,7,2,2,2,62,49,60,180,2,5
6162,,,14,1,2,1,91,76,300,600,1,5
6163,,,10,1,2,3,50,28,420,540,2,5
6164,,,5,2,2,1,32,65,180,300,4,5
6165,,,3,2,2,1,39,77,60,180,4,5
6166,,,10,1,2,2,74,3,300,600,2,5
6167,,,2,2,2,2,96,51,300,600,4,5
6168,,,7,2,2,3,21,90,60,180,3,5
6169,,,10,1,2,1,56,99,300,600,2,5
6170,,,8,2,2,3,26,55,60,180,4,5
6171,,,16,2,2,3,27,11,300,420,3,5
6172,,,6,2,2,2,87,67,300,600,4,5
6173,,,8,1,2,3,61,40,300,600,2,5
6174,,,14,1,2,3,80,78,420,540,3,5
6175,,,11,2,2,3,98,97,180,300,2,5
6176,,,7,1,2,1,48,81,420,540,4,5
6177,,,10,2,2,3,49,42,60,180,4,5
6178,,,11,1,2,3,14,55,300,600,4,5
6179,,,2,1,2,3,34,43,300,600,1,5
6180,,,10,2,2,2,52,91,0,300,4,5
6181,,,9,2,2,1,38,21,300,420,2,5
6182,,,7,2,2,1,60,84,0,300,3,5
6183,,,5,2,2,3,86,62,420,540,4,5
6184,,,12,2,2,1,25,87,300,420,4,5
6185,,,6,2,2,3,5,9,300,600,1,5
6186,,,11,1,2,3,56,7,420,540,1,5
6187,,,9,2,2,2,65,97,0,300,1,5
6188,,,8,1,2,2,74,68,300,600,3,5
6189,,,2,2,2,2,80,72,0,300,1,5
6190,,,14,1,2,3,43,95,300,600,3,5
6191,,,11,2,2,2,24,47,0,300,4,5
6192,,,5,2,2,3,82,6,420,540,4,5
6193,,,6,1,2,3,9,34,300,600,2,5
6194,,,8,1,2,3,26,46,300,600,1,5
6195,,,9,2,2,3,75,39,0,300,4,5
6196,,,5,2,2,2,11,2,420,540,2,5
6197,,,15,2,2,3,81,82,300,420,1,5
6198,,,4,1,2,1,90,68,420,540,1,5
6199,,,12,1,2,3,93,67,300,600,3,5
6200,,,13,2,2,2,64,48,60,180,2,5
6201,,,5,2,2,1,99,89,420,540,1,5
6202,,,10,2,2,1,17,39,180,300,3,5
6203,,,16,2,2,2,55,33,420,540,2,5
6204,,,8,2,2,1,17,30,420,540,1,5
6205,,,6,1,2,1,46,90,420,540,2,5
6206,,,5,1,2,1,4,73,300,600,1,5
6207,,,10,1,2,2,36,71,300,600,2,5
6208,,,13,1,2,2,75,12,300,600,1,5
6209,,,9,2,2,3,49,16,0,300,3,5
6210,,,7,2,2,1,11,98,0,300,1,5
6211,,,9,1,2,3,26,78,420,540,1,5
6212,,,5,1,2,2,35,3,420,540,1,5
6213,,,7,1,2,1,39,0,420,540,1,5
6214,,,14,2,2,2,80,68,420,540,1,5
6215,,,13,2,2,1,36,6,420,540,4,5
6216,,,14,2,2,1,14,26,180,300,3,5
6217,,,10,1,2,1,58,80,420,540,1,5
6218,,,9,2,2,3,100,13,0,300,1,5
6219,,,2,1,2,1,64,11,420,540,2,5
6220,,,11,2,2,3,47,68,420,540,1,5
6221,,,13,1,2,1,4,4,420,540,2,5
6222,,,2,1,2,1,75,0,300,600,1,5
6223,,,12,1,2,1,68,72,300,600,2,5
6224,,,7,2,2,2,96,41,300,420,3,5
6225,,,12,1,2,3,46,3,420,540,1,5
6226,,,8,2,2,1,93,28,300,600,2,5
6227,,,2,2,2,3,99,4,420,540,2,5
6228,,,6,1,2,2,51,70,420,540,4,5
6229,,,2,2,2,2,44,1,180,300,3,5
6230,,,10,1,2,1,90,45,420,540,4,5
6231,,,7,1,2,2,12,97,420,540,2,5
6232,,,11,1,2,1,51,98,420,540,3,5
6233,,,3,2,2,2,61,84,180,300,1,5
6234,,,4,2,2,1,75,25,60,180,3,5
6235,,,15,1,2,2,77,86,420,540,3,5
6236,,,8,1,2,3,6,73,420,540,1,5
6237,,,14,2,2,3,91,95,60,180,1,5
6238,,,5,1,2,2,60,3,300,600,1,5
6239,,,10,1,2,1,6,88,420,540,1,5
6240,,,14,2,2,1,36,30,300,420,3,5
6241,,,14,2,2,2,83,57,0,300,2,5
6242,,,4,2,2,2,47,93,0,300,4,5
6243,,,13,2,2,1,83,18,60,180,2,5
6244,,,10,2,2,2,8,75,60,180,1,5
6245,,,13,2,2,3,64,30,180,300,1,5
6246,,,6,2,2,2,74,80,420,540,4,5
6247,,,7,2,2,2,59,85,420,540,1,5
6248,,,13,2,2,3,65,82,180,300,4,5
6249,,,1,1,2,2,73,22,300,600,1,5
6250,,,12,1,2,1,94,72,420,540,4,5
6251,,,13,1,2,2,59,82,420,540,2,5
6252,,,9,2,2,1,95,92,0,300,2,5
6253,,,8,2,2,3,79,34,300,600,1,5
6254,,,4,2,2,2,36,11,300,600,4,5
6255,,,12,1,2,3,56,53,420,540,2,5
6256,,,13,2,2,1,40,40,180,300,2,5
6257,,,5,1,2,1,30,81,420,540,4,5
6258,,,10,2,2,1,79,97,60,180,4,5
6259,,,8,2,2,3,68,73,300,420,2,5
6260,,,8,2,2,2,25,55,60,180,1,5
6261,,,4,1,2,1,39,15,420,540,4,5
6262,,,7,1,2,1,17,66,300,600,4,5
6263,,,6,2,2,2,87,16,0,300,3,5
6264,,,15,2,2,2,22,51,0,300,1,5
6265,,,7,1,2,1,31,89,420,540,4,5
6266,,,8,1,2,1,91,13,420,540,2,5
6267,,,4,1,2,2,95,20,300,600,4,5
6268,,,11,1,2,2,29,96,420,540,4,5
6269,,,11,1,2,1,3,40,300,600,2,5
6270,,,2,2,2,2,86,5,300,420,2,5
6271,,,9,2,2,2,76,86,60,180,1,5
6272,,,9,1,2,1,80,25,300,600,4,5
6273,,,11,1,2,1,70,91,420,540,2,5
6274,,,14,1,2,3,20,21,420,540,2,5
6275,,,13,1,2,3,83,65,420,540,4,5
6276,,,5,2,2,1,35,89,300,420,4,5
6277,,,3,1,2,2,83,65,420,540,2,5
6278,,,11,1,2,1,87,21,420,540,4,5
6279,,,4,1,2,3,78,77,420,540,4,5
6280,,,10,1,2,2,88,13,300,600,1,5
6281,,,6,2,2,3,65,5,180,300,3,5
6282,,,4,2,2,3,99,15,60,180,4,5
6283,,,2,1,2,1,58,18,300,600,3,5
6284,,,9,2,2,2,8,0,420,540,1,5
6285,,,6,1,2,1,89,48,420,540,1,5
6286,,,16,2,2,2,89,98,0,300,4,5
6287,,,17,2,2,3,1,8,60,180,4,5
6288,,,11,1,2,2,55,14,300,600,3,5
6289,,,13,1,2,1,57,60,420,540,4,5
6290,,,4,1,2,3,70,99,420,540,4,5
6291,,,11,1,2,3,58,78,300,600,2,5
6292,,,13,2,2,1,30,32,60,180,1,5
6293,,,8,1,2,2,35,40,300,600,3,5
6294,,,2,1,2,1,7,42,420,540,1,5
6295,,,5,2,2,1,96,55,180,300,3,5
6296,,,12,1,2,2,21,28,300,600,3,5
6297,,,8,2,2,3,40,36,60,180,2,5
6298,,,10,1,2,1,58,64,420,540,3,5
6299,,,8,2,2,2,94,12,420,540,1,5
6300,,,13,2,2,2,34,81,60,180,4,5
6301,,,6,2,2,2,1,61,420,540,2,5
6302,,,10,2,2,1,20,47,300,420,2,5
6303,,,14,2,2,3,26,80,420,540,2,5
6304,,,15,2,2,2,32,0,180,300,2,5
6305,,,16,2,2,2,39,64,300,600,2,5
6306,,,7,1,2,2,91,76,300,600,4,5
6307,,,2,1,2,3,53,84,300,600,1,5
6308,,,14,2,2,3,29,37,300,420,2,5
6309,,,12,1,2,3,89,91,300,600,1,5
6310,,,8,2,2,3,54,80,300,420,2,5
6311,,,11,2,2,2,28,43,300,420,1,5
6312,,,14,1,2,2,67,0,420,540,2,5
6313,,,8,2,2,1,9,74,420,540,4,5
6314,,,4,2,2,1,4,41,0,300,3,5
6315,,,7,2,2,2,79,36,60,180,3,5
6316,,,8,2,2,3,16,81,420,540,1,5
6317,,,5,2,2,3,42,22,300,420,3,5
6318,,,8,2,2,2,98,7,300,420,2,5
6319,,,16,1,2,3,59,35,420,540,4,5
6320,,,4,2,2,1,2,92,60,180,3,5
6321,,,10,1,2,1,32,93,300,600,1,5
6322,,,9,2,2,2,29,14,0,300,2,5
6323,,,3,2,2,2,82,42,420,540,4,5
6324,,,9,1,2,2,51,78,420,540,3,5
6325,,,7,2,2,1,93,84,0,300,2,5
6326,,,9,1,2,2,26,66,420,540,1,5
6327,,,2,1,2,2,82,92,300,600,4,5
6328,,,15,2,2,3,18,90,60,180,2,5
6329,,,10,2,2,1,9,33,180,300,1,5
6330,,,5,2,2,3,80,15,60,180,1,5
6331,,,8,1,2,3,5,13,300,600,3,5
6332,,,6,2,2,1,100,2,180,300,3,5
6333,,,2,1,2,3,18,56,420,540,2,5
6334,,,2,2,2,1,92,53,0,300,4,5
6335,,,15,2,2,3,92,28,180,300,2,5
6336,,,8,1,2,3,25,88,300,600,1,5
6337,,,10,1,2,2,95,36,300,600,1,5
6338,,,14,2,2,1,92,87,60,180,2,5
6339,,,13,2,2,1,10,39,300,420,2,5
6340,,,4,1,2,3,71,81,420,540,4,5
6341,,,16,1,2,1,88,47,300,600,1,5
6342,,,11,1,2,1,10,40,420,540,3,5
6343,,,11,2,2,2,29,94,60,180,2,5
6344,,,8,2,2,1,63,83,300,420,4,5
6345,,,14,2,2,1,19,91,0,300,4,5
6346,,,4,1,2,2,37,1,420,540,4,5
6347,,,4,1,2,1,63,8,420,540,4,5
6348,,,3,2,2,3,94,6,180,300,4,5
6349,,,7,1,2,2,39,2,420,540,3,5
6350,,,12,1,2,3,88,63,420,540,1,5
6351,,,3,1,2,3,99,85,300,600,1,5
6352,,,13,1,2,3,53,4,420,540,4,5
6353,,,9,1,2,1,44,73,300,600,2,5
6354,,,7,2,2,1,49,0,420,540,3,5
6355,,,5,1,2,2,80,30,300,600,2,5
6356,,,6,2,2,1,90,4,420,540,3,5
6357,,,11,2,2,2,66,11,420,540,2,5
6358,,,12,2,2,1,95,39,0,300,3,5
6359,,,6,1,2,2,19,47,300,600,3,5
6360,,,13,2,2,3,76,52,180,300,4,5
6361,,,3,1,2,1,4,80,420,540,1,5
6362,,,5,2,2,2,31,29,0,300,2,5
6363,,,7,2,2,3,49,18,300,420,1,5
6364,,,13,2,2,1,94,12,180,300,4,5
6365,,,11,1,2,2,26,73,300,600,3,5
6366,,,4,1,2,3,43,52,420,540,3,5
6367,,,14,1,2,2,30,34,420,540,2,5
6368,,,4,2,2,1,35,62,420,540,1,5
6369,,,10,2,2,2,20,12,420,540,4,5
6370,,,4,1,2,1,16,82,300,600,3,5
6371,,,9,1,2,2,54,31,420,540,2,5
6372,,,8,1,2,1,64,46,300,600,3,5
6373,,,9,1,2,1,36,80,420,540,4,5
6374,,,9,2,2,1,85,97,0,300,1,5
6375,,,11,1,2,1,94,57,300,600,2,5
6376,,,15,2,2,1,60,49,420,540,2,5
6377,,,2,1,2,1,89,84,420,540,2,5
6378,,,11,2,2,1,68,8,0,300,4,5
6379,,,15,2,2,3,18,0,60,180,3,5
6380,,,11,1,2,1,99,43,420,540,3,5
6381,,,9,2,2,2,26,54,420,540,2,5
6382,,,3,1,2,2,82,23,300,600,2,5
6383,,,12,1,2,2,22,0,420,540,4,5
6384,,,11,2,2,1,38,97,60,180,2,5
6385,,,9,1,2,2,45,96,300,600,3,5
6386,,,11,2,2,1,20,30,180,300,4,5
6387,,,4,1,2,2,87,28,300,600,2,5
6388,,,7,2,2,3,24,47,300,420,4,5
6389,,,6,1,2,1,18,40,300,600,2,5
6390,,,11,2,2,3,19,60,420,540,4,5
6391,,,3,1,2,1,28,14,420,540,2,5
6392,,,15,2,2,1,55,61,0,300,3,5
6393,,,3,1,2,3,12,0,300,600,3,5
6394,,,11,1,2,2,60,18,300,600,3,5
6395,,,8,1,2,2,76,82,300,600,3,5
6396,,,8,1,2,1,17,47,300,600,4,5
6397,,,4,2,2,3,86,45,300,600,2,5
6398,,,9,1,2,2,79,48,420,540,4,5
6399,,,8,1,2,1,12,24,300,600,4,5
6400,,,14,1,2,1,43,22,300,600,2,5
6401,,,6,1,2,2,51,100,300,600,2,5
6402,,,6,1,2,2,94,55,420,540,3,5
6403,,,3,2,2,2,22,22,0,300,3,5
6404,,,6,1,2,3,97,18,300,600,2,5
6405,,,12,1,2,3,5,85,300,600,4,5
6406,,,10,1,2,1,61,13,420,540,3,5
6407,,,15,1,2,3,7,2,420,540,3,5
6408,,,11,1,2,3,94,30,300,600,3,5
6409,,,8,2,2,1,94,69,420,540,1,5
6410,,,8,2,2,3,60,84,180,300,2,5
6411,,,8,1,2,3,70,67,420,540,2,5
6412,,,1,1,2,3,79,34,300,600,2,5
6413,,,10,2,2,3,46,46,300,600,2,5
6414,,,10,2,2,2,40,40,60,180,4,5
6415,,,11,1,2,2,96,29,300,600,4,5
6416,,,14,1,2,1,78,96,300,600,1,5
6417,,,11,2,2,1,12,60,0,300,1,5
6418,,,6,1,2,1,25,25,300,600,2,5
6419,,,3,2,2,3,54,12,0,300,4,5
6420,,,9,2,2,1,34,43,420,540,3,5
6421,,,14,2,2,1,27,43,300,600,1,5
6422,,,2,2,2,2,15,12,180,300,3,5
6423,,,1,1,2,2,5,78,300,600,4,5
6424,,,15,2,2,3,61,30,300,420,3,5
6425,,,7,1,2,2,33,21,420,540,4,5
6426,,,12,2,2,2,75,0,300,420,4,5
6427,,,16,2,2,3,74,40,180,300,3,5
6428,,,14,2,2,1,12,71,60,180,2,5
6429,,,6,1,2,2,38,32,420,540,2,5
6430,,,2,1,2,3,91,55,300,600,1,5
6431,,,16,1,2,1,72,52,300,600,1,5
6432,,,12,1,2,1,63,64,300,600,3,5
6433,,,11,2,2,3,87,11,0,300,3,5
6434,,,9,2,2,1,26,87,420,540,4,5
6435,,,14,1,2,3,56,29,420,540,4,5
6436,,,15,1,2,2,93,11,420,540,1,5
6437,,,11,1,2,2,1,58,300,600,3,5
6438,,,5,1,2,1,13,26,300,600,4,5
6439,,,4,1,2,1,44,71,420,540,1,5
6440,,,6,1,2,1,94,99,420,540,1,5
6441,,,2,2,2,2,33,75,0,300,4,5
6442,,,12,1,2,2,63,68,300,600,4,5
6443,,,1,1,2,3,87,29,300,600,3,5
6444,,,3,2,2,2,85,100,60,180,4,5
6445,,,5,2,2,3,38,28,420,540,4,5
6446,,,5,2,2,3,18,90,300,420,4,5
6447,,,9,2,2,3,9,66,300,600,4,5
6448,,,2,1,2,2,35,83,300,600,4,5
6449,,,11,1,2,1,49,65,300,600,2,5
6450,,,8,2,2,2,35,61,60,180,3,5
6451,,,2,2,2,3,72,45,300,600,2,5
6452,,,10,1,2,3,59,70,300,600,2,5
6453,,,12,1,2,2,23,70,300,600,2,5
6454,,,9,2,2,3,53,79,60,180,3,5
6455,,,5,2,2,1,2,62,0,300,2,5
6456,,,12,2,2,2,70,15,0,300,1,5
6457,,,2,1,2,2,46,87,300,600,4,5
6458,,,9,1,2,1,100,58,300,600,2,5
6459,,,6,1,2,2,28,98,300,600,4,5
6460,,,13,2,2,3,88,26,300,420,4,5
6461,,,6,2,2,3,84,77,420,540,2,5
6462,,,1,1,2,2,12,57,420,540,4,5
6463,,,9,1,2,2,80,6,420,540,1,5
6464,,,15,1,2,1,99,61,420,540,3,5
6465,,,5,1,2,2,18,100,420,540,1,5
6466,,,13,2,2,2,27,60,300,600,3,5
6467,,,6,2,2,2,22,78,180,300,1,5
6468,,,8,2,2,1,51,51,300,600,2,5
6469,,,4,1,2,2,86,65,420,540,3,5
6470,,,4,2,2,2,24,9,180,300,2,5
6471,,,15,1,2,3,72,13,420,540,4,5
6472,,,9,1,2,2,97,93,420,540,2,5
6473,,,12,1,2,3,93,70,420,540,3,5
6474,,,6,1,2,3,64,11,300,600,4,5
6475,,,6,1,2,2,93,82,420,540,1,5
6476,,,8,1,2,3,65,67,300,600,4,5
6477,,,3,2,2,3,57,60,300,600,3,5
6478,,,13,2,2,3,90,37,0,300,1,5
6479,,,9,1,2,3,73,36,300,600,4,5
6480,,,10,2,2,2,98,40,420,540,1,5
6481,,,16,2,2,1,97,39,60,180,2,5
6482,,,14,1,2,1,92,95,420,540,4,5
6483,,,5,1,2,2,24,8,300,600,3,5
6484,,,12,2,2,2,88,96,0,300,2,5
6485,,,3,2,2,1,74,64,0,300,2,5
6486,,,13,2,2,2,91,79,180,300,1,5
6487,,,13,1,2,3,15,87,300,600,2,5
6488,,,12,1,2,1,68,77,420,540,2,5
6489,,,16,2,2,3,63,90,300,420,2,5
6490,,,14,1,2,3,33,78,420,540,4,5
6491,,,5,2,2,2,23,33,300,420,3,5
6492,,,11,1,2,3,2,53,300,600,2,5
6493,,,13,2,2,1,63,93,180,300,1,5
6494,,,12,1,2,1,75,96,420,540,4,5
6495,,,15,1,2,1,98,29,300,600,1,5
6496,,,10,2,2,1,10,54,300,600,1,5
6497,,,7,2,2,2,46,67,420,540,3,5
6498,,,13,2,2,1,65,19,300,420,1,5
6499,,,8,1,2,1,97,60,300,600,4,5
6500,,,8,1,2,1,29,59,300,600,3,5
6501,,,4,1,2,3,6,59,420,540,4,5
6502,,,6,1,2,2,28,37,420,540,3,5
6503,,,14,1,2,1,53,53,420,540,2,5
6504,,,12,2,2,1,41,83,420,540,2,5
6505,,,4,2,2,3,67,78,60,180,2,5
6506,,,1,1,2,2,50,35,420,540,3,5
6507,,,1,1,2,1,68,81,420,540,4,5
6508,,,7,2,2,3,61,7,300,420,4,5
6509,,,8,2,2,2,24,56,0,300,2,5
6510,,,6,2,2,1,98,79,0,300,3,5
6511,,,9,1,2,1,48,54,420,540,4,5
6512,,,11,1,2,3,71,28,420,540,2,5
6513,,,3,1,2,2,10,82,300,600,3,5
6514,,,5,1,2,1,53,46,420,540,2,5
6515,,,9,1,2,3,73,50,420,540,1,5
6516,,,7,1,2,2,79,8,420,540,2,5
6517,,,5,1,2,2,56,35,300,600,2,5
6518,,,3,1,2,3,69,31,420,540,2,5
6519,,,5,2,2,1,60,17,420,540,3,5
6520,,,11,1,2,3,79,22,420,540,4,5
6521,,,12,1,2,1,72,21,300,600,1,5
6522,,,9,2,2,2,93,34,180,300,2,5
6523,,,14,2,2,1,68,87,0,300,1,5
6524,,,8,2,2,3,76,91,300,600,2,5
6525,,,15,2,2,3,57,12,60,180,2,5
6526,,,3,1,2,3,6,74,420,540,2,5
6527,,,7,2,2,1,42,25,60,180,2,5
6528,,,4,1,2,1,0,20,300,600,4,5
6529,,,14,1,2,2,81,51,420,540,1,5
6530,,,7,2,2,3,48,8,0,300,3,5
6531,,,14,2,2,3,50,51,180,300,1,5
6532,,,15,2,2,3,87,85,0,300,3,5
6533,,,12,1,2,2,56,24,420,540,2,5
6534,,,4,1,2,2,37,96,300,600,1,5
6535,,,7,1,2,3,72,0,420,540,3,5
6536,,,6,2,2,2,11,28,180,300,3,5
6537,,,7,1,2,1,32,77,300,600,3,5
6538,,,8,1,2,2,20,8,300,600,4,5
6539,,,8,2,2,1,83,81,180,300,1,5
6540,,,4,1,2,2,89,1,420,540,3,5
6541,,,8,2,2,1,96,76,180,300,3,5
6542,,,2,1,2,2,2,86,300,600,1,5
6543,,,14,2,2,3,17,77,0,300,2,5
6544,,,6,1,2,3,39,92,300,600,4,5
6545,,,8,1,2,2,93,76,420,540,1,5
6546,,,16,2,2,3,14,36,420,540,4,5
6547,,,7,2,2,3,92,9,0,300,1,5
6548,,,6,2,2,2,30,33,0,300,4,5
6549,,,3,1,2,1,11,17,300,600,2,5
6550,,,11,2,2,1,86,82,0,300,1,5
6551,,,13,2,2,3,12,84,60,180,3,5
6552,,,9,1,2,3,22,12,300,600,3,5
6553,,,10,1,2,2,22,44,420,540,2,5
6554,,,5,1,2,2,52,77,300,600,1,5
6555,,,7,2,2,3,22,23,420,540,1,5
6556,,,12,1,2,2,17,64,420,540,3,5
6557,,,5,2,2,2,90,63,420,540,4,5
6558,,,11,1,2,2,69,74,420,540,3,5
6559,,,12,2,2,2,21,51,300,600,3,5
6560,,,14,2,2,2,43,9,300,420,4,5
6561,,,10,1,2,3,45,5,420,540,4,5
6562,,,3,2,2,2,4,12,420,540,4,5
6563,,,2,2,2,1,5,70,60,180,4,5
6564,,,12,1,2,2,55,19,420,540,1,5
6565,,,4,2,2,2,77,95,0,300,3,5
6566,,,7,2,2,2,19,17,0,300,4,5
6567,,,12,1,2,3,51,22,420,540,4,5
6568,,,14,2,2,3,71,46,180,300,1,5
6569,,,7,1,2,3,81,87,300,600,1,5
6570,,,4,1,2,3,4,97,300,600,1,5
6571,,,3,2,2,2,63,46,300,420,1,5
6572,,,10,2,2,3,1,71,60,180,4,5
6573,,,3,2,2,2,11,96,0,300,4,5
6574,,,8,2,2,2,59,66,300,420,1,5
6575,,,6,2,2,3,54,88,420,540,2,5
6576,,,10,1,2,2,98,31,300,600,2,5
6577,,,3,1,2,1,15,38,420,540,1,5
6578,,,10,2,2,1,42,23,300,600,3,5
6579,,,15,1,2,3,29,9,300,600,3,5
6580,,,4,1,2,3,96,4,300,600,3,5
6581,,,10,2,2,3,67,42,420,540,2,5
6582,,,15,2,2,1,78,14,300,420,1,5
6583,,,2,2,2,2,67,70,0,300,3,5
6584,,,13,1,2,2,53,35,420,540,1,5
6585,,,12,1,2,3,9,58,300,600,1,5
6586,,,4,2,2,1,49,31,420,540,3,5
6587,,,14,1,2,3,18,98,420,540,2,5
6588,,,6,2,2,3,82,14,60,180,4,5
6589,,,8,2,2,2,24,87,300,420,1,5
6590,,,4,2,2,2,69,72,60,180,1,5
6591,,,3,1,2,2,73,75,300,600,2,5
6592,,,13,1,2,2,47,64,300,600,3,5
6593,,,11,2,2,3,13,30,180,300,3,5
6594,,,16,1,2,1,58,2,420,540,4,5
6595,,,13,1,2,1,9,68,300,600,2,5
6596,,,15,1,2,1,82,35,420,540,1,5
6597,,,11,1,2,1,33,37,300,600,4,5
6598,,,14,2,2,1,13,45,0,300,2,5
6599,,,9,1,2,1,29,93,420,540,2,5
6600,,,3,1,2,3,53,81,300,600,1,5
6601,,,8,1,2,1,69,0,420,540,1,5
6602,,,11,2,2,3,35,69,0,300,4,5
6603,,,11,1,2,1,3,89,300,600,4,5
6604,,,15,1,2,2,95,71,420,540,3,5
6605,,,4,1,2,3,50,74,420,540,4,5
6606,,,3,1,2,3,65,51,420,540,1,5
6607,,,12,1,2,2,41,93,300,600,3,5
6608,,,11,1,2,2,65,75,300,600,4,5
6609,,,7,2,2,1,6,55,60,180,1,5
6610,,,14,1,2,2,48,65,300,600,2,5
6611,,,8,1,2,3,5,76,300,600,3,5
6612,,,2,2,2,3,7,7,420,540,2,5
6613,,,7,2,2,3,38,38,300,420,4,5
6614,,,5,1,2,2,81,62,420,540,1,5
6615,,,4,1,2,1,75,87,420,540,1,5
6616,,,8,1,2,1,46,9,300,600,4,5
6617,,,5,1,2,1,79,67,420,540,3,5
6618,,,10,2,2,3,37,31,0,300,4,5
6619,,,16,1,2,2,79,17,420,540,1,5
6620,,,5,1,2,1,11,8,300,600,1,5
6621,,,10,1,2,3,30,18,300,600,1,5
6622,,,9,1,2,1,94,84,420,540,3,5
6623,,,8,1,2,3,68,45,300,600,4,5
6624,,,9,1,2,3,21,64,300,600,2,5
6625,,,10,1,2,2,56,75,420,540,2,5
6626,,,12,1,2,2,54,54,420,540,3,5
6627,,,10,1,2,3,37,85,420,540,2,5
6628,,,14,1,2,2,97,42,300,600,1,5
6629,,,8,1,2,3,90,58,420,540,1,5
6630,,,14,2,2,3,80,33,180,300,4,5
6631,,,8,2,2,2,6,51,0,300,4,5
6632,,,16,2,2,1,45,70,300,600,1,5
6633,,,10,2,2,1,11,7,60,180,2,5
6634,,,5,2,2,2,91,51,180,300,2,5
6635,,,15,1,2,1,99,24,300,600,3,5
6636,,,9,2,2,1,24,14,60,180,3,5
6637,,,15,1,2,3,0,39,420,540,2,5
6638,,,8,2,2,3,95,58,300,600,3,5
6639,,,14,1,2,3,42,63,420,540,1,5
6640,,,13,2,2,1,7,2,0,300,1,5
6641,,,6,2,2,1,18,23,180,300,4,5
6642,,,10,1,2,2,20,38,300,600,4,5
6643,,,12,1,2,3,54,4,420,540,3,5
6644,,,9,2,2,1,59,82,180,300,1,5
6645,,,14,2,2,2,89,54,0,300,2,5
6646,,,5,1,2,2,89,8,300,600,2,5
6647,,,9,1,2,1,82,46,420,540,2,5
6648,,,6,1,2,2,22,92,420,540,2,5
6649,,,6,2,2,2,87,40,0,300,4,5
6650,,,6,1,2,3,78,39,300,600,4,5
6651,,,2,2,2,3,100,80,0,300,2,5
6652,,,12,1,2,1,16,86,300,600,1,5
6653,,,6,1,2,2,49,66,420,540,1,5
6654,,,3,2,2,3,6,57,300,420,2,5
6655,,,2,2,2,3,8,19,60,180,4,5
6656,,,7,2,2,3,2,100,420,540,3,5
6657,,,7,1,2,3,83,5,300,600,3,5
6658,,,14,2,2,3,86,94,0,300,3,5
6659,,,13,1,2,2,50,10,420,540,1,5
6660,,,10,2,2,3,59,71,420,540,1,5
6661,,,14,1,2,2,35,70,420,540,3,5
6662,,,6,1,2,1,12,34,420,540,4,5
6663,,,6,2,2,3,24,85,60,180,4,5
6664,,,13,1,2,2,46,25,300,600,2,5
6665,,,9,2,2,2,58,69,420,540,4,5
6666,,,12,1,2,3,66,14,300,600,1,5
6667,,,6,1,2,3,76,23,420,540,2,5
6668,,,4,1,2,3,11,40,300,600,3,5
6669,,,14,1,2,1,56,77,420,540,2,5
6670,,,11,1,2,3,67,6,420,540,4,5
6671,,,2,1,2,1,57,72,420,540,4,5
6672,,,15,2,2,3,21,1,180,300,3,5
6673,,,14,2,2,1,55,88,420,540,4,5
6674,,,4,2,2,3,53,44,420,540,4,5
6675,,,2,2,2,3,45,0,0,300,1,5
6676,,,11,1,2,3,33,49,420,540,4,5
6677,,,3,1,2,2,4,40,420,540,3,5
6678,,,12,2,2,3,22,4,60,180,3,5
6679,,,14,2,2,1,50,62,0,300,2,5
6680,,,8,2,2,3,70,36,60,180,1,5
6681,,,6,1,2,3,58,70,420,540,3,5
6682,,,3,1,2,1,81,13,420,540,2,5
6683,,,9,2,2,3,95,15,180,300,1,5
6684,,,13,2,2,3,51,55,60,180,2,5
6685,,,15,2,2,3,65,38,420,540,1,5
6686,,,9,1,2,1,98,55,300,600,1,5
6687,,,8,2,2,1,21,3,60,180,3,5
6688,,,5,1,2,3,66,48,420,540,3,5
6689,,,13,1,2,3,30,46,300,600,3,5
6690,,,10,2,2,2,52,68,420,540,2,5
6691,,,14,2,2,3,53,65,420,540,1,5
6692,,,10,1,2,1,55,41,420,540,3,5
6693,,,11,2,2,2,96,98,300,420,4,5
6694,,,12,1,2,1,38,79,420,540,1,5
6695,,,3,1,2,1,13,45,300,600,2,5
6696,,,15,1,2,1,82,74,420,540,3,5
6697,,,11,2,2,2,12,25,60,180,2,5
6698,,,5,2,2,2,75,73,300,600,1,5
6699,,,5,2,2,2,76,87,60,180,4,5
6700,,,9,2,2,2,4,27,0,300,1,5
6701,,,11,2,2,3,90,56,0,300,3,5
6702,,,7,1,2,3,37,56,300,600,2,5
6703,,,2,1,2,3,2,9,420,540,2,5
6704,,,11,1,2,2,38,57,300,600,1,5
6705,,,14,1,2,2,77,46,300,600,1,5
6706,,,3,2,2,3,60,96,0,300,4,5
6707,,,15,2,2,1,94,23,60,180,1,5
6708,,,17,2,2,1,88,89,300,600,3,5
6709,,,13,1,2,1,2,78,300,600,3,5
6710,,,2,2,2,1,15,67,420,540,3,5
6711,,,7,1,2,3,71,51,420,540,1,5
6712,,,10,1,2,1,72,31,420,540,1,5
6713,,,13,1,2,2,8,84,300,600,3,5
6714,,,13,2,2,2,4,24,60,180,3,5
6715,,,11,1,2,2,72,15,420,540,2,5
6716,,,5,1,2,3,28,95,300,600,3,5
6717,,,13,1,2,2,33,46,420,540,2,5
6718,,,9,1,2,3,22,21,300,600,1,5
6719,,,7,1,2,2,9,9,300,600,4,5
6720,,,14,2,2,1,61,92,420,540,1,5
6721,,,12,2,2,2,5,97,300,420,4,5
6722,,,12,1,2,2,85,83,300,600,4,5
6723,,,8,2,2,2,35,59,420,540,2,5
6724,,,14,2,2,1,60,26,300,420,2,5
6725,,,3,1,2,2,87,31,420,540,2,5
6726,,,1,1,2,3,11,56,420,540,4,5
6727,,,12,2,2,3,41,12,420,540,4,5
6728,,,2,1,2,1,70,85,420,540,1,5
6729,,,8,2,2,1,18,68,0,300,1,5
6730,,,4,2,2,1,78,68,300,600,2,5
6731,,,2,1,2,2,86,5,300,600,2,5
6732,,,8,2,2,3,3,87,0,300,1,5
6733,,,7,1,2,3,33,71,300,600,2,5
6734,,,2,1,2,3,23,62,300,600,4,5
6735,,,4,2,2,3,80,92,60,180,1,5
6736,,,6,1,2,1,94,88,420,540,4,5
6737,,,9,1,2,2,93,15,420,540,2,5
6738,,,14,2,2,3,48,29,60,180,3,5
6739,,,6,2,2,1,42,63,300,420,3,5
6740,,,16,1,2,1,15,74,420,540,4,5
6741,,,13,1,2,2,45,63,420,540,4,5
6742,,,4,2,2,2,46,26,60,180,2,5
6743,,,14,2,2,2,57,69,180,300,3,5
6744,,,13,1,2,1,50,7,300,600,2,5
6745,,,5,2,2,2,96,36,60,180,2,5
6746,,,5,1,2,1,93,31,300,600,3,5
6747,,,13,1,2,2,3,87,300,600,3,5
6748,,,9,1,2,1,41,8,300,600,4,5
6749,,,3,1,2,1,84,98,300,600,3,5
6750,,,13,2,2,2,87,63,0,300,1,5
6751,,,13,2,2,2,51,13,420,540,3,5
6752,,,8,2,2,3,21,49,60,180,3,5
6753,,,7,1,2,2,0,65,420,540,4,5
6754,,,7,1,2,1,16,19,420,540,3,5
6755,,,7,1,2,2,97,8,300,600,3,5
6756,,,8,2,2,2,71,65,420,540,3,5
6757,,,15,1,2,3,67,66,300,600,2,5
6758,,,8,1,2,2,90,95,300,600,4,5
6759,,,10,2,2,3,41,65,420,540,4,5
6760,,,13,2,2,1,90,11,420,540,1,5
6761,,,17,2,2,1,86,35,0,300,1,5
6762,,,10,1,2,1,85,6,420,540,2,5
6763,,,15,2,2,3,36,95,180,300,2,5
6764,,,15,1,2,2,75,100,300,600,2,5
6765,,,11,1,2,1,64,15,420,540,2,5
6766,,,13,2,2,1,37,50,180,300,3,5
6767,,,4,2,2,1,40,24,180,300,4,5
6768,,,14,1,2,1,50,12,420,540,2,5
6769,,,14,2,2,3,1,89,60,180,2,5
6770,,,11,2,2,1,46,27,60,180,3,5
6771,,,11,2,2,2,39,53,300,600,3,5
6772,,,10,1,2,2,54,52,420,540,3,5
6773,,,13,1,2,1,28,96,420,540,4,5
6774,,,14,1,2,2,74,16,420,540,1,5
6775,,,9,1,2,1,36,5,420,540,1,5
6776,,,13,1,2,1,15,31,420,540,1,5
6777,,,13,1,2,3,80,21,300,600,3,5
6778,,,3,2,2,1,62,23,60,180,2,5
6779,,,3,2,2,1,96,1,60,180,4,5
6780,,,5,1,2,3,73,70,300,600,1,5
6781,,,8,1,2,2,98,40,300,600,2,5
6782,,,11,1,2,2,26,91,300,600,4,5
6783,,,1,1,2,3,23,88,300,600,4,5
6784,,,5,2,2,3,61,32,420,540,2,5
6785,,,8,2,2,3,38,56,420,540,2,5
6786,,,11,2,2,1,69,57,0,300,1,5
6787,,,14,2,2,3,20,25,0,300,1,5
6788,,,4,2,2,3,9,20,420,540,1,5
6789,,,3,2,2,1,43,44,420,540,1,5
6790,,,7,2,2,1,98,92,420,540,3,5
6791,,,8,2,2,2,88,62,180,300,3,5
6792,,,3,2,2,2,72,98,180,300,2,5
6793,,,6,1,2,1,76,16,300,600,3,5
6794,,,9,1,2,2,44,75,300,600,4,5
6795,,,6,1,2,2,69,46,300,600,3,5
6796,,,9,1,2,1,38,65,420,540,2,5
6797,,,5,2,2,1,79,28,420,540,3,5
6798,,,10,2,2,1,39,81,180,300,1,5
6799,,,2,1,2,2,50,75,300,600,4,5
6800,,,11,2,2,1,65,17,60,180,4,5
6801,,,12,1,2,3,8,59,300,600,1,5
6802,,,5,1,2,1,61,81,420,540,3,5
6803,,,6,2,2,3,35,30,180,300,3,5
6804,,,14,1,2,1,100,2,420,540,3,5
6805,,,5,1,2,1,21,31,300,600,4,5
6806,,,5,1,2,2,15,75,300,600,4,5
6807,,,8,1,2,3,17,11,300,600,4,5
6808,,,4,1,2,1,81,45,300,600,4,5
6809,,,14,1,2,1,39,33,420,540,3,5
6810,,,9,2,2,3,45,63,300,420,1,5
6811,,,5,1,2,1,40,5,420,540,3,5
6812,,,12,2,2,2,91,82,0,300,3,5
6813,,,7,1,2,3,82,49,300,600,2,5
6814,,,2,1,2,1,57,96,300,600,1,5
6815,,,7,2,2,3,58,1,0,300,2,5
6816,,,16,1,2,3,100,17,300,600,3,5
6817,,,7,2,2,2,100,85,0,300,3,5
6818,,,3,1,2,3,96,5,420,540,4,5
6819,,,6,1,2,3,3,82,300,600,2,5
6820,,,13,2,2,1,90,21,420,540,3,5
6821,,,6,2,2,1,29,67,300,600,4,5
6822,,,6,2,2,2,89,4,180,300,2,5
6823,,,13,2,2,2,98,57,0,300,4,5
6824,,,12,2,2,1,83,15,0,300,1,5
6825,,,14,2,2,2,7,22,60,180,2,5
6826,,,7,2,2,2,11,76,180,300,3,5
6827,,,2,1,2,1,31,11,300,600,3,5
6828,,,13,2,2,3,33,17,0,300,4,5
6829,,,13,1,2,1,94,99,300,600,2,5
6830,,,7,1,2,3,57,39,300,600,4,5
6831,,,8,1,2,1,71,61,420,540,4,5
6832,,,9,2,2,1,16,21,300,600,1,5
6833,,,5,2,2,2,70,73,420,540,3,5
6834,,,11,1,2,2,48,69,300,600,3,5
6835,,,4,1,2,3,76,47,420,540,1,5
6836,,,15,2,2,1,58,23,300,600,3,5
6837,,,5,1,2,2,12,98,300,600,4,5
6838,,,10,1,2,3,55,80,300,600,4,5
6839,,,14,1,2,3,70,56,300,600,1,5
6840,,,2,1,2,2,79,37,420,540,2,5
6841,,,7,2,2,1,56,10,0,300,3,5
6842,,,7,1,2,3,76,46,300,600,4,5
6843,,,15,1,2,2,66,4,420,540,1,5
6844,,,10,2,2,2,26,52,60,180,4,5
6845,,,11,1,2,2,60,22,420,540,2,5
6846,,,3,1,2,1,56,6,420,540,3,5
6847,,,2,1,2,2,86,74,420,540,3,5
6848,,,8,2,2,3,32,6,300,600,2,5
6849,,,8,2,2,1,69,78,60,180,4,5
6850,,,9,1,2,3,53,42,300,600,2,5
6851,,,3,1,2,2,20,63,420,540,1,5
6852,,,3,1,2,3,100,20,300,600,3,5
6853,,,5,1,2,1,29,58,300,600,3,5
6854,,,15,2,2,3,61,77,180,300,3,5
6855,,,14,1,2,1,84,52,420,540,1,5
6856,,,7,2,2,3,89,58,180,300,2,5
6857,,,3,1,2,2,21,44,420,540,1,5
6858,,,7,2,2,2,48,62,180,300,2,5
6859,,,10,2,2,2,57,11,180,300,1,5
6860,,,5,1,2,1,27,62,300,600,4,5
6861,,,9,2,2,2,55,40,180,300,1,5
6862,,,7,2,2,1,95,22,420,540,4,5
6863,,,7,2,2,3,39,12,420,540,1,5
6864,,,8,2,2,3,56,11,300,600,2,5
6865,,,17,2,2,2,48,20,60,180,3,5
6866,,,12,2,2,1,25,54,60,180,2,5
6867,,,11,1,2,1,92,24,300,600,3,5
6868,,,11,2,2,3,49,82,300,600,3,5
6869,,,10,2,2,3,49,88,180,300,1,5
6870,,,3,1,2,3,92,49,300,600,2,5
6871,,,14,1,2,3,36,36,300,600,3,5
6872,,,10,2,2,3,84,35,0,300,3,5
6873,,,9,2,2,3,2,28,180,300,1,5
6874,,,6,1,2,2,23,75,300,600,1,5
6875,,,13,1,2,1,91,34,300,600,1,5
6876,,,9,2,2,3,32,28,180,300,3,5
6877,,,16,1,2,2,90,63,300,600,3,5
6878,,,12,2,2,2,23,81,180,300,1,5
6879,,,15,2,2,1,10,52,180,300,1,5
6880,,,6,1,2,1,58,39,420,540,1,5
6881,,,10,1,2,2,26,71,300,600,1,5
6882,,,5,1,2,3,64,42,300,600,3,5
6883,,,15,2,2,3,57,23,420,540,2,5
6884,,,13,1,2,3,26,98,420,540,1,5
6885,,,3,2,2,1,28,73,300,600,1,5
6886,,,3,1,2,3,35,76,420,540,1,5
6887,,,3,1,2,2,83,0,300,600,4,5
6888,,,6,2,2,3,66,25,0,300,4,5
6889,,,7,1,2,3,35,14,300,600,3,5
6890,,,2,1,2,3,79,0,420,540,3,5
6891,,,8,1,2,1,56,80,300,600,3,5
6892,,,15,2,2,1,97,82,60,180,4,5
6893,,,4,1,2,2,2,28,420,540,1,5
6894,,,12,2,2,1,20,50,0,300,2,5
6895,,,14,2,2,2,83,54,300,600,3,5
6896,,,15,2,2,1,0,75,420,540,3,5
6897,,,6,1,2,2,36,14,420,540,1,5
6898,,,3,1,2,2,64,72,300,600,1,5
6899,,,16,2,2,3,55,52,420,540,4,5
6900,,,7,1,2,3,18,91,300,600,1,5
6901,,,6,1,2,1,64,45,300,600,4,5
6902,,,11,1,2,3,28,51,300,600,2,5
6903,,,9,1,2,3,48,29,420,540,2,5
6904,,,5,1,2,3,80,6,420,540,1,5
6905,,,15,2,2,2,88,14,180,300,4,5
6906,,,4,2,2,3,0,48,420,540,4,5
6907,,,9,2,2,2,85,27,300,600,1,5
6908,,,3,1,2,1,73,65,300,600,2,5
6909,,,13,2,2,3,28,85,180,300,3,5
6910,,,9,2,2,2,1,56,300,420,1,5
6911,,,5,2,2,1,42,89,420,540,3,5
6912,,,12,1,2,2,5,3,300,600,2,5
6913,,,5,1,2,1,65,21,300,600,1,5
6914,,,4,2,2,2,4,33,0,300,2,5
6915,,,9,2,2,3,24,83,420,540,3,5
6916,,,8,2,2,3,45,41,0,300,4,5
6917,,,15,2,2,1,34,70,60,180,3,5
6918,,,2,2,2,1,58,97,180,300,2,5
6919,,,13,2,2,1,19,45,0,300,3,5
6920,,,12,2,2,3,19,41,420,540,3,5
6921,,,11,1,2,1,2,24,300,600,2,5
6922,,,6,1,2,3,55,54,300,600,4,5
6923,,,9,1,2,2,45,88,300,600,3,5
6924,,,12,2,2,1,10,56,300,420,4,5
6925,,,13,2,2,1,58,58,420,540,1,5
6926,,,6,1,2,1,5,33,300,600,1,5
6927,,,12,2,2,1,13,19,300,600,1,5
6928,,,10,2,2,3,17,10,0,300,2,5
6929,,,6,2,2,1,57,72,180,300,1,5
6930,,,12,1,2,3,5,75,420,540,1,5
6931,,,11,2,2,2,56,34,300,420,2,5
6932,,,14,1,2,2,89,95,300,600,3,5
6933,,,3,2,2,2,69,98,420,540,4,5
6934,,,3,2,2,2,100,78,0,300,1,5
6935,,,4,2,2,1,26,24,60,180,3,5
6936,,,15,1,2,3,83,54,420,540,3,5
6937,,,11,2,2,2,54,21,180,300,4,5
6938,,,5,2,2,3,98,41,180,300,4,5
6939,,,3,2,2,2,97,99,300,600,4,5
6940,,,14,2,2,3,12,39,420,540,1,5
6941,,,15,1,2,2,80,94,300,600,3,5
6942,,,4,2,2,1,67,80,420,540,1,5
6943,,,5,2,2,2,71,44,180,300,1,5
6944,,,11,2,2,2,49,63,60,180,3,5
6945,,,6,1,2,1,40,39,300,600,4,5
6946,,,8,1,2,2,80,48,420,540,3,5
6947,,,2,2,2,1,67,69,0,300,2,5
6948,,,14,1,2,2,0,3,420,540,1,5
6949,,,4,2,2,3,50,91,60,180,1,5
6950,,,7,2,2,2,40,96,0,300,4,5
6951,,,10,2,2,2,60,41,300,420,4,5
6952,,,12,2,2,2,19,90,60,180,1,5
6953,,,9,1,2,1,63,43,300,600,2,5
6954,,,7,2,2,1,64,95,0,300,2,5
6955,,,4,2,2,1,65,78,60,180,4,5
6956,,,15,2,2,2,49,20,300,420,2,5
6957,,,3,1,2,3,16,46,420,540,2,5
6958,,,15,1,2,1,44,81,300,600,1,5
6959,,,3,2,2,2,32,79,0,300,4,5
6960,,,8,1,2,3,0,38,300,600,3,5
6961,,,3,2,2,1,33,17,180,300,2,5
6962,,,9,2,2,3,65,74,0,300,4,5
6963,,,4,2,2,1,21,15,300,420,2,5
6964,,,14,1,2,2,36,49,300,600,3,5
6965,,,3,2,2,3,97,95,60,180,1,5
6966,,,8,2,2,1,91,24,300,600,1,5
6967,,,9,1,2,3,96,36,300,600,2,5
6968,,,11,1,2,1,40,92,420,540,3,5
6969,,,15,2,2,2,49,88,180,300,3,5
6970,,,2,1,2,2,49,24,300,600,2,5
6971,,,13,2,2,2,97,59,0,300,4,5
6972,,,8,2,2,1,67,12,60,180,4,5
6973,,,7,2,2,3,52,68,420,540,4,5
6974,,,14,2,2,1,49,33,0,300,2,5
6975,,,7,1,2,2,67,29,300,600,4,5
6976,,,13,2,2,3,76,44,420,540,2,5
6977,,,3,2,2,3,73,87,0,300,2,5
6978,,,16,2,2,1,31,82,300,600,4,5
6979,,,14,2,2,3,50,68,60,180,2,5
6980,,,11,1,2,1,42,13,300,600,1,5
6981,,,5,2,2,1,58,88,300,420,1,5
6982,,,4,2,2,3,71,3,180,300,3,5
6983,,,2,2,2,2,38,42,180,300,4,5
6984,,,3,2,2,1,50,22,60,180,2,5
6985,,,5,2,2,1,78,36,60,180,2,5
6986,,,12,1,2,1,0,84,420,540,1,5
6987,,,7,1,2,2,46,47,420,540,2,5
6988,,,14,1,2,3,58,48,420,540,4,5
6989,,,10,1,2,3,67,97,300,600,1,5
6990,,,13,1,2,3,1,44,300,600,4,5
6991,,,15,2,2,2,59,74,420,540,2,5
6992,,,11,1,2,3,82,93,420,540,3,5
6993,,,6,2,2,3,74,53,420,540,4,5
6994,,,11,2,2,1,33,65,180,300,3,5
6995,,,9,1,2,3,67,65,420,540,2,5
6996,,,4,1,2,2,40,84,300,600,1,5
6997,,,13,1,2,2,57,25,420,540,4,5
6998,,,9,2,2,1,11,70,180,300,2,5
6999,,,8,1,2,2,94,99,420,540,2,5
7000,,,2,1,2,2,73,81,420,540,2,5
7001,,,11,2,2,1,12,73,0,300,4,5
7002,,,7,1,2,3,67,29,420,540,4,5
7003,,,3,2,2,3,86,4,180,300,3,5
7004,,,6,1,2,1,22,93,420,540,3,5
7005,,,10,2,2,1,9,79,60,180,2,5
7006,,,10,2,2,1,78,2,60,180,4,5
7007,,,12,1,2,1,56,96,420,540,2,5
7008,,,10,2,2,2,14,30,420,540,1,5
7009,,,4,2,2,1,51,3,60,180,3,5
7010,,,11,2,2,3,97,83,300,420,1,5
7011,,,8,1,2,1,27,78,300,600,1,5
7012,,,9,2,2,2,1,79,180,300,1,5
7013,,,5,1,2,2,12,80,300,600,4,5
7014,,,14,2,2,3,47,54,60,180,2,5
7015,,,3,1,2,3,88,66,420,540,2,5
7016,,,12,1,2,3,74,38,420,540,4,5
7017,,,15,1,2,2,15,40,420,540,2,5
7018,,,10,2,2,3,91,78,420,540,3,5
7019,,,14,1,2,2,34,39,420,540,3,5
7020,,,1,1,2,3,27,9,420,540,3,5
7021,,,15,2,2,2,24,2,0,300,3,5
7022,,,8,2,2,1,50,2,0,300,1,5
7023,,,6,1,2,3,82,49,420,540,3,5
7024,,,3,1,2,1,70,81,300,600,4,5
7025,,,6,1,2,3,76,71,300,600,4,5
7026,,,8,2,2,3,77,69,60,180,1,5
7027,,,12,1,2,2,16,2,300,600,3,5
7028,,,8,1,2,3,66,46,420,540,3,5
7029,,,7,1,2,3,20,86,300,600,2,5
7030,,,16,2,2,1,97,10,60,180,4,5
7031,,,9,2,2,3,46,51,300,420,1,5
7032,,,5,2,2,3,77,32,420,540,2,5
7033,,,14,2,2,2,83,5,60,180,4,5
7034,,,13,1,2,2,11,45,300,600,4,5
7035,,,8,1,2,1,61,77,300,600,4,5
7036,,,14,1,2,3,30,66,300,600,2,5
7037,,,8,1,2,3,1,65,300,600,1,5
7038,,,6,2,2,3,24,72,180,300,1,5
7039,,,10,2,2,2,59,92,180,300,3,5
7040,,,4,1,2,2,91,19,420,540,1,5
7041,,,9,2,2,2,93,15,180,300,3,5
7042,,,9,1,2,2,23,81,420,540,2,5
7043,,,13,1,2,3,19,56,420,540,3,5
7044,,,4,2,2,3,26,47,300,600,3,5
7045,,,14,1,2,3,58,35,420,540,4,5
7046,,,6,2,2,2,86,54,180,300,1,5
7047,,,10,2,2,2,55,20,0,300,3,5
7048,,,11,2,2,2,59,11,300,600,1,5
7049,,,11,2,2,1,81,73,300,600,2,5
7050,,,2,1,2,1,72,77,300,600,3,5
7051,,,8,1,2,2,96,3,300,600,1,5
7052,,,2,2,2,1,7,24,0,300,3,5
7053,,,14,1,2,3,29,0,300,600,4,5
7054,,,9,1,2,2,7,48,420,540,2,5
7055,,,8,1,2,2,25,51,420,540,2,5
7056,,,10,2,2,2,83,3,180,300,1,5
7057,,,13,2,2,2,30,40,0,300,2,5
7058,,,10,2,2,2,7,91,0,300,4,5
7059,,,6,1,2,3,64,15,300,600,2,5
7060,,,4,1,2,2,26,20,420,540,4,5
7061,,,10,2,2,1,43,78,300,600,4,5
7062,,,16,2,2,2,66,14,0,300,4,5
7063,,,9,1,2,3,62,21,300,600,3,5
7064,,,10,1,2,1,73,37,420,540,2,5
7065,,,9,1,2,1,34,76,420,540,3,5
7066,,,10,2,2,3,34,33,180,300,1,5
7067,,,10,1,2,1,57,51,300,600,1,5
7068,,,9,1,2,2,58,11,420,540,4,5
7069,,,9,2,2,3,10,91,0,300,2,5
7070,,,9,2,2,2,92,26,60,180,2,5
7071,,,4,2,2,2,37,96,0,300,2,5
7072,,,6,1,2,2,52,48,300,600,1,5
7073,,,6,2,2,1,79,21,60,180,3,5
7074,,,2,2,2,1,29,94,0,300,4,5
7075,,,3,1,2,1,64,46,300,600,3,5
7076,,,11,2,2,3,21,69,300,420,3,5
7077,,,2,1,2,1,67,62,420,540,3,5
7078,,,8,1,2,1,79,68,300,600,3,5
7079,,,10,2,2,1,75,50,420,540,1,5
7080,,,4,1,2,1,82,16,420,540,4,5
7081,,,8,1,2,2,7,59,420,540,1,5
7082,,,7,2,2,1,18,67,420,540,2,5
7083,,,5,2,2,3,16,35,0,300,1,5
7084,,,6,2,2,1,79,50,0,300,4,5
7085,,,4,1,2,1,24,33,300,600,1,5
7086,,,15,2,2,2,86,23,300,600,2,5
7087,,,8,1,2,2,96,10,420,540,2,5
7088,,,12,1,2,1,88,1,300,600,4,5
7089,,,7,2,2,3,76,79,180,300,2,5
7090,,,12,2,2,3,32,9,300,600,2,5
7091,,,4,2,2,2,53,69,60,180,4,5
7092,,,15,2,2,3,37,69,60,180,3,5
7093,,,14,1,2,2,61,67,300,600,4,5
7094,,,8,2,2,2,14,4,0,300,4,5
7095,,,6,2,2,2,7,51,420,540,4,5
7096,,,4,1,2,3,47,25,420,540,3,5
7097,,,4,1,2,3,44,46,300,600,1,5
7098,,,11,2,2,2,40,14,60,180,2,5
7099,,,12,1,2,3,60,53,420,540,4,5
7100,,,3,1,2,1,40,33,420,540,1,5
7101,,,3,2,2,2,55,73,60,180,3,5
7102,,,13,1,2,2,23,24,300,600,3,5
7103,,,10,1,2,3,80,32,420,540,2,5
7104,,,4,2,2,1,94,68,60,180,2,5
7105,,,12,1,2,2,69,86,300,600,4,5
7106,,,7,1,2,1,21,7,420,540,4,5
7107,,,10,1,2,1,98,83,420,540,4,5
7108,,,8,1,2,1,19,10,420,540,2,5
7109,,,7,1,2,3,93,17,300,600,3,5
7110,,,11,1,2,1,70,62,420,540,3,5
7111,,,9,2,2,2,96,40,420,540,2,5
7112,,,12,1,2,1,94,35,300,600,3,5
7113,,,12,1,2,2,19,92,420,540,1,5
7114,,,15,1,2,3,74,75,420,540,3,5
7115,,,8,2,2,3,53,10,420,540,2,5
7116,,,13,2,2,1,37,68,180,300,3,5
7117,,,7,1,2,3,31,90,300,600,3,5
7118,,,16,2,2,1,57,70,180,300,4,5
7119,,,2,1,2,2,65,60,300,600,2,5
7120,,,7,2,2,3,92,71,180,300,1,5
7121,,,15,2,2,2,43,68,0,300,1,5
7122,,,7,2,2,2,57,35,420,540,4,5
7123,,,5,1,2,3,67,73,300,600,1,5
7124,,,11,1,2,2,34,30,420,540,4,5
7125,,,3,1,2,2,39,43,300,600,4,5
7126,,,12,1,2,1,43,7,420,540,1,5
7127,,,8,1,2,3,68,53,420,540,1,5
7128,,,13,1,2,3,71,100,300,600,3,5
7129,,,6,2,2,2,23,22,420,540,4,5
7130,,,5,2,2,1,32,25,420,540,3,5
7131,,,5,2,2,3,11,86,0,300,4,5
7132,,,7,1,2,1,49,34,420,540,3,5
7133,,,15,1,2,1,70,9,420,540,2,5
7134,,,5,1,2,2,19,87,420,540,3,5
7135,,,5,2,2,3,42,1,420,540,3,5
7136,,,12,2,2,3,0,98,420,540,3,5
7137,,,4,1,2,3,8,62,300,600,1,5
7138,,,5,2,2,3,0,47,60,180,1,5
7139,,,4,2,2,1,5,70,60,180,4,5
7140,,,4,2,2,2,1,68,300,600,4,5
7141,,,16,1,2,1,49,89,420,540,4,5
7142,,,9,1,2,1,42,51,420,540,2,5
7143,,,13,1,2,3,27,40,420,540,2,5
7144,,,7,1,2,1,97,73,420,540,4,5
7145,,,14,1,2,3,67,16,420,540,3,5
7146,,,5,1,2,3,67,91,420,540,4,5
7147,,,3,2,2,3,79,85,300,600,1,5
7148,,,3,1,2,3,44,22,420,540,2,5
7149,,,12,1,2,2,94,73,420,540,1,5
7150,,,6,1,2,3,99,28,420,540,2,5
7151,,,10,2,2,1,54,30,300,420,1,5
7152,,,11,2,2,1,43,31,60,180,4,5
7153,,,8,2,2,3,37,93,420,540,3,5
7154,,,5,2,2,1,58,5,60,180,1,5
7155,,,9,2,2,2,51,18,60,180,4,5
7156,,,10,2,2,2,28,49,180,300,4,5
7157,,,13,2,2,3,7,82,0,300,3,5
7158,,,8,1,2,1,3,28,420,540,2,5
7159,,,10,2,2,3,62,28,420,540,4,5
7160,,,8,1,2,1,91,99,420,540,2,5
7161,,,7,2,2,3,18,73,60,180,1,5
7162,,,10,1,2,3,98,49,420,540,1,5
7163,,,11,1,2,1,16,16,300,600,2,5
7164,,,8,2,2,3,99,67,420,540,1,5
7165,,,9,2,2,3,34,49,180,300,4,5
7166,,,7,2,2,3,84,60,420,540,3,5
7167,,,2,1,2,3,66,38,300,600,3,5
7168,,,13,2,2,1,91,53,300,420,4,5
7169,,,9,1,2,1,41,11,420,540,1,5
7170,,,11,2,2,3,7,26,60,180,2,5
7171,,,10,2,2,2,44,9,420,540,3,5
7172,,,3,1,2,3,1,9,420,540,1,5
7173,,,12,2,2,2,75,80,60,180,4,5
7174,,,14,1,2,1,77,51,420,540,1,5
7175,,,7,1,2,3,46,55,300,600,4,5
7176,,,6,1,2,3,25,77,300,600,4,5
7177,,,4,1,2,3,21,86,420,540,2,5
7178,,,6,2,2,1,4,9,180,300,4,5
7179,,,10,2,2,2,46,33,0,300,4,5
7180,,,14,1,2,2,41,95,420,540,2,5
7181,,,13,1,2,2,2,39,420,540,2,5
7182,,,16,2,2,1,22,77,420,540,3,5
7183,,,12,1,2,2,49,31,420,540,2,5
7184,,,14,1,2,2,99,98,420,540,4,5
7185,,,9,1,2,3,16,30,300,600,3,5
7186,,,8,1,2,3,16,4,420,540,2,5
7187,,,13,1,2,1,44,61,300,600,2,5
7188,,,13,2,2,1,40,15,60,180,4,5
7189,,,7,2,2,3,60,30,180,300,4,5
7190,,,7,1,2,1,50,45,420,540,1,5
7191,,,7,2,2,2,46,23,60,180,3,5
7192,,,2,1,2,3,93,91,300,600,4,5
7193,,,13,2,2,1,36,79,300,600,4,5
7194,,,12,2,2,2,80,38,0,300,4,5
7195,,,6,2,2,3,64,45,300,420,4,5
7196,,,14,1,2,2,14,99,420,540,3,5
7197,,,11,1,2,2,27,55,420,540,4,5
7198,,,13,1,2,1,85,57,300,600,2,5
7199,,,6,2,2,2,28,34,420,540,1,5
7200,,,3,1,2,1,1,72,420,540,2,5
7201,,,1,1,2,3,88,25,420,540,1,5
7202,,,17,2,2,3,63,65,300,600,1,5
7203,,,7,1,2,2,100,32,300,600,1,5
7204,,,2,1,2,2,79,68,300,600,3,5
7205,,,6,1,2,3,65,69,420,540,1,5
7206,,,2,2,2,1,9,47,180,300,3,5
7207,,,1,1,2,2,53,38,300,600,2,5
7208,,,14,2,2,2,31,37,180,300,1,5
7209,,,10,2,2,1,65,3,300,600,2,5
7210,,,13,1,2,2,62,2,420,540,3,5
7211,,,7,1,2,1,66,19,300,600,4,5
7212,,,14,1,2,2,27,31,420,540,4,5
7213,,,8,1,2,3,9,42,420,540,1,5
7214,,,13,1,2,1,94,3,420,540,4,5
7215,,,8,2,2,1,30,61,60,180,4,5
7216,,,7,2,2,2,87,59,0,300,1,5
7217,,,9,1,2,1,28,76,300,600,1,5
7218,,,8,1,2,1,23,25,420,540,2,5
7219,,,16,1,2,1,100,20,300,600,2,5
7220,,,11,1,2,3,69,54,300,600,2,5
7221,,,8,1,2,3,47,79,300,600,4,5
7222,,,4,1,2,1,85,34,300,600,4,5
7223,,,5,1,2,3,13,81,300,600,4,5
7224,,,12,2,2,1,6,34,60,180,4,5
7225,,,17,2,2,3,27,4,0,300,2,5
7226,,,12,2,2,3,48,60,300,600,4,5
7227,,,7,1,2,1,91,100,300,600,2,5
7228,,,2,1,2,2,65,29,300,600,4,5
7229,,,13,2,2,2,14,74,180,300,1,5
7230,,,9,1,2,1,60,1,420,540,4,5
7231,,,10,1,2,1,0,53,420,540,4,5
7232,,,8,2,2,1,53,62,0,300,4,5
7233,,,5,2,2,3,86,56,0,300,1,5
7234,,,12,1,2,2,31,26,300,600,1,5
7235,,,10,2,2,1,83,52,60,180,1,5
7236,,,14,2,2,2,22,82,180,300,3,5
7237,,,11,2,2,2,22,67,300,600,3,5
7238,,,9,2,2,1,5,57,420,540,4,5
7239,,,3,1,2,1,32,6,300,600,3,5
7240,,,14,1,2,2,80,35,300,600,3,5
7241,,,6,2,2,3,62,86,300,600,2,5
7242,,,9,1,2,3,68,72,300,600,1,5
7243,,,6,1,2,1,56,32,420,540,2,5
7244,,,14,2,2,3,36,29,180,300,4,5
7245,,,11,1,2,1,46,87,420,540,3,5
7246,,,15,2,2,2,47,37,420,540,1,5
7247,,,12,1,2,2,39,97,300,600,1,5
7248,,,8,1,2,1,98,55,300,600,1,5
7249,,,9,2,2,2,13,61,180,300,2,5
7250,,,13,1,2,2,79,1,420,540,1,5
7251,,,16,2,2,1,15,77,0,300,3,5
7252,,,8,1,2,2,54,5,300,600,1,5
7253,,,13,2,2,2,1,20,420,540,1,5
7254,,,9,2,2,3,28,18,300,600,4,5
7255,,,5,1,2,3,79,3,420,540,4,5
7256,,,13,2,2,1,43,8,0,300,1,5
7257,,,15,2,2,2,68,62,420,540,3,5
7258,,,4,1,2,2,46,49,420,540,3,5
7259,,,10,1,2,1,92,12,300,600,1,5
7260,,,10,2,2,3,28,52,180,300,2,5
7261,,,7,2,2,1,58,30,420,540,2,5
7262,,,10,1,2,2,31,57,300,600,4,5
7263,,,16,1,2,3,67,71,300,600,1,5
7264,,,6,2,2,1,59,97,180,300,1,5
7265,,,9,1,2,1,32,46,300,600,1,5
7266,,,9,2,2,1,7,21,180,300,1,5
7267,,,8,1,2,1,64,58,300,600,1,5
7268,,,5,2,2,2,13,86,420,540,1,5
7269,,,3,1,2,3,59,28,420,540,2,5
7270,,,8,2,2,3,39,72,0,300,2,5
7271,,,11,2,2,3,53,26,180,300,4,5
7272,,,15,2,2,2,69,50,60,180,2,5
7273,,,10,1,2,2,94,82,420,540,1,5
7274,,,7,2,2,1,30,35,60,180,1,5
7275,,,8,2,2,1,33,80,60,180,3,5
7276,,,10,2,2,1,26,5,60,180,1,5
7277,,,12,1,2,3,31,71,300,600,1,5
7278,,,5,2,2,3,88,9,180,300,1,5
7279,,,8,1,2,1,93,48,420,540,1,5
7280,,,6,1,2,1,5,89,300,600,2,5
7281,,,3,1,2,1,97,67,300,600,1,5
7282,,,5,2,2,2,80,24,0,300,1,5
7283,,,3,1,2,3,89,13,300,600,3,5
7284,,,10,1,2,3,4,82,420,540,1,5
7285,,,5,1,2,1,84,76,300,600,4,5
7286,,,16,1,2,1,56,39,420,540,1,5
7287,,,16,2,2,2,29,10,0,300,3,5
7288,,,5,2,2,2,1,36,300,600,2,5
7289,,,5,2,2,1,53,9,420,540,4,5
7290,,,6,1,2,1,18,71,420,540,4,5
7291,,,8,2,2,1,91,41,60,180,2,5
7292,,,4,1,2,1,49,42,300,600,4,5
7293,,,3,2,2,3,49,0,420,540,3,5
7294,,,8,1,2,3,64,33,300,600,1,5
7295,,,4,1,2,2,79,62,300,600,3,5
7296,,,9,1,2,3,61,30,420,540,4,5
7297,,,13,2,2,2,32,47,420,540,1,5
7298,,,9,2,2,1,61,17,0,300,2,5
7299,,,9,2,2,3,28,67,300,420,3,5
7300,,,5,2,2,2,87,84,300,600,4,5
7301,,,13,2,2,2,89,54,60,180,3,5
7302,,,12,2,2,2,97,92,60,180,4,5
7303,,,6,2,2,3,11,61,0,300,4,5
7304,,,5,1,2,3,79,50,300,600,1,5
7305,,,6,1,2,3,11,18,420,540,4,5
7306,,,15,2,2,3,56,11,0,300,3,5
7307,,,2,2,2,2,20,59,0,300,4,5
7308,,,3,1,2,2,14,24,420,540,3,5
7309,,,8,2,2,1,92,13,300,600,4,5
7310,,,14,2,2,2,53,7,420,540,4,5
7311,,,8,2,2,3,74,12,420,540,2,5
7312,,,15,2,2,2,33,70,300,420,3,5
7313,,,12,1,2,1,50,35,420,540,1,5
7314,,,6,1,2,3,76,22,420,540,3,5
7315,,,11,2,2,1,39,15,180,300,3,5
7316,,,15,1,2,3,40,46,420,540,3,5
7317,,,6,2,2,1,78,55,60,180,4,5
7318,,,14,2,2,1,99,87,60,180,1,5
7319,,,13,1,2,3,27,11,420,540,4,5
7320,,,11,2,2,3,22,8,60,180,4,5
7321,,,5,2,2,1,56,5,300,600,1,5
7322,,,3,2,2,3,53,98,60,180,1,5
7323,,,16,2,2,2,64,0,0,300,1,5
7324,,,11,2,2,1,92,11,180,300,1,5
7325,,,14,2,2,2,87,1,0,300,3,5
7326,,,4,1,2,1,49,99,420,540,1,5
7327,,,13,1,2,2,28,8,420,540,1,5
7328,,,5,1,2,2,99,14,300,600,4,5
7329,,,11,1,2,3,34,49,300,600,3,5
7330,,,17,2,2,2,7,97,300,420,4,5
7331,,,14,2,2,2,99,60,420,540,1,5
7332,,,3,1,2,1,70,25,420,540,3,5
7333,,,7,2,2,2,21,2,0,300,1,5
7334,,,2,2,2,3,32,33,0,300,3,5
7335,,,10,2,2,1,47,94,420,540,3,5
7336,,,15,1,2,1,65,40,300,600,2,5
7337,,,14,1,2,2,49,31,420,540,3,5
7338,,,4,2,2,1,77,54,420,540,4,5
7339,,,1,1,2,2,16,94,300,600,1,5
7340,,,12,2,2,2,83,51,180,300,1,5
7341,,,14,1,2,2,62,51,300,600,4,5
7342,,,10,1,2,1,12,80,300,600,4,5
7343,,,3,1,2,2,99,19,420,540,4,5
7344,,,7,1,2,3,38,13,300,600,4,5
7345,,,5,1,2,3,36,42,420,540,2,5
7346,,,4,2,2,3,79,70,300,420,3,5
7347,,,5,1,2,3,47,24,420,540,3,5
7348,,,7,1,2,1,81,26,420,540,1,5
7349,,,10,2,2,1,6,64,180,300,4,5
7350,,,5,1,2,3,28,78,300,600,4,5
7351,,,7,1,2,2,47,66,420,540,3,5
7352,,,11,2,2,1,23,81,60,180,4,5
7353,,,9,2,2,1,45,9,420,540,4,5
7354,,,10,1,2,2,91,100,420,540,3,5
7355,,,14,1,2,2,50,37,420,540,1,5
7356,,,5,1,2,3,97,79,420,540,1,5
7357,,,15,2,2,1,51,54,180,300,4,5
7358,,,8,2,2,1,39,11,420,540,3,5
7359,,,2,2,2,2,30,18,180,300,3,5
7360,,,5,1,2,2,40,80,300,600,2,5
7361,,,7,2,2,2,44,80,0,300,4,5
7362,,,12,2,2,1,50,36,420,540,4,5
7363,,,11,1,2,1,15,5,420,540,4,5
7364,,,14,1,2,1,87,10,300,600,1,5
7365,,,8,1,2,1,82,69,300,600,2,5
7366,,,3,2,2,1,4,50,180,300,2,5
7367,,,7,2,2,3,93,22,300,600,3,5
7368,,,13,2,2,1,25,14,420,540,2,5
7369,,,12,2,2,3,1,80,180,300,2,5
7370,,,2,1,2,3,70,38,420,540,3,5
7371,,,8,2,2,3,39,24,60,180,3,5
7372,,,9,2,2,2,82,24,180,300,2,5
7373,,,5,2,2,1,54,91,60,180,4,5
7374,,,6,2,2,1,19,84,300,600,1,5
7375,,,12,2,2,2,58,29,60,180,4,5
7376,,,11,2,2,2,24,60,300,600,4,5
7377,,,5,2,2,2,76,18,420,540,3,5
7378,,,10,1,2,3,69,1,300,600,1,5
7379,,,15,2,2,3,38,59,180,300,3,5
7380,,,7,2,2,3,75,87,0,300,1,5
7381,,,5,2,2,3,5,68,300,600,4,5
7382,,,9,2,2,3,13,55,420,540,1,5
7383,,,3,2,2,2,83,98,420,540,3,5
7384,,,2,2,2,2,88,99,0,300,4,5
7385,,,13,2,2,3,12,83,420,540,3,5
7386,,,12,2,2,1,87,53,60,180,4,5
7387,,,4,1,2,1,100,21,300,600,2,5
7388,,,2,2,2,2,33,49,60,180,4,5
7389,,,5,2,2,1,38,70,60,180,4,5
7390,,,13,2,2,3,41,73,300,600,3,5
7391,,,14,2,2,2,54,1,420,540,4,5
7392,,,6,1,2,1,92,86,300,600,2,5
7393,,,3,1,2,3,5,96,300,600,2,5
7394,,,9,2,2,2,90,92,60,180,1,5
7395,,,11,1,2,3,45,40,300,600,3,5
7396,,,4,2,2,1,84,63,420,540,3,5
7397,,,7,1,2,3,16,43,420,540,1,5
7398,,,5,1,2,3,50,57,300,600,1,5
7399,,,7,1,2,1,97,99,420,540,2,5
7400,,,10,2,2,1,33,100,420,540,3,5
7401,,,17,2,2,1,57,24,420,540,3,5
7402,,,9,2,2,2,50,15,420,540,4,5
7403,,,12,1,2,3,87,4,420,540,4,5
7404,,,15,1,2,1,64,9,300,600,4,5
7405,,,11,1,2,1,15,75,420,540,1,5
7406,,,15,2,2,2,50,45,420,540,1,5
7407,,,14,2,2,2,18,27,180,300,1,5
7408,,,15,1,2,3,92,30,420,540,4,5
7409,,,7,2,2,3,40,65,300,600,3,5
7410,,,10,1,2,2,3,95,420,540,4,5
7411,,,8,1,2,2,27,50,420,540,4,5
7412,,,12,2,2,2,92,94,420,540,4,5
7413,,,15,2,2,1,33,69,60,180,3,5
7414,,,14,2,2,2,2,25,180,300,1,5
7415,,,13,2,2,1,86,44,180,300,4,5
7416,,,10,2,2,3,65,15,300,420,1,5
7417,,,6,1,2,2,45,9,420,540,4,5
7418,,,11,1,2,2,61,90,420,540,1,5
7419,,,9,1,2,3,29,85,420,540,3,5
7420,,,10,1,2,2,9,85,300,600,1,5
7421,,,10,1,2,2,64,44,420,540,2,5
7422,,,2,2,2,3,0,89,60,180,1,5
7423,,,14,1,2,3,72,57,300,600,2,5
7424,,,5,1,2,2,42,6,300,600,2,5
7425,,,9,1,2,1,49,15,420,540,3,5
7426,,,3,1,2,1,15,24,420,540,2,5
7427,,,12,1,2,2,50,34,300,600,4,5
7428,,,3,1,2,2,16,61,300,600,4,5
7429,,,14,1,2,2,75,22,300,600,2,5
7430,,,15,1,2,2,60,38,420,540,2,5
7431,,,14,2,2,2,62,35,180,300,1,5
7432,,,12,1,2,2,12,59,300,600,2,5
7433,,,8,1,2,1,52,83,420,540,1,5
7434,,,9,2,2,2,68,40,300,600,3,5
7435,,,12,2,2,1,47,67,300,600,3,5
7436,,,14,1,2,1,48,68,300,600,1,5
7437,,,6,1,2,1,89,58,300,600,4,5
7438,,,14,2,2,2,89,71,0,300,4,5
7439,,,15,2,2,1,95,63,420,540,4,5
7440,,,5,1,2,3,90,58,420,540,4,5
7441,,,11,2,2,3,77,11,60,180,4,5
7442,,,12,2,2,1,88,60,60,180,4,5
7443,,,13,1,2,3,8,62,300,600,2,5
7444,,,7,2,2,1,17,54,420,540,3,5
7445,,,11,1,2,1,90,42,300,600,3,5
7446,,,13,2,2,1,92,27,0,300,2,5
7447,,,13,1,2,2,22,56,300,600,3,5
7448,,,4,1,2,3,64,64,420,540,1,5
7449,,,14,2,2,3,4,67,180,300,3,5
7450,,,6,2,2,2,78,64,60,180,4,5
7451,,,2,1,2,3,10,92,300,600,1,5
7452,,,6,1,2,1,92,7,300,600,2,5
7453,,,7,2,2,3,81,32,180,300,4,5
7454,,,6,1,2,2,75,51,300,600,1,5
7455,,,14,1,2,3,19,9,300,600,1,5
7456,,,4,2,2,1,36,8,300,420,4,5
7457,,,12,1,2,3,65,39,420,540,2,5
7458,,,11,1,2,2,29,90,300,600,4,5
7459,,,12,2,2,2,43,72,180,300,1,5
7460,,,11,2,2,3,23,53,420,540,1,5
7461,,,13,1,2,3,45,46,420,540,1,5
7462,,,8,1,2,3,87,39,420,540,2,5
7463,,,3,1,2,3,20,50,300,600,2,5
7464,,,7,2,2,1,41,20,60,180,3,5
7465,,,8,2,2,3,60,12,180,300,1,5
7466,,,15,2,2,1,96,82,420,540,3,5
7467,,,12,1,2,3,43,6,300,600,4,5
7468,,,12,1,2,3,49,3,300,600,1,5
7469,,,6,1,2,1,20,73,300,600,1,5
7470,,,16,2,2,1,11,95,300,420,4,5
7471,,,2,1,2,1,81,40,300,600,3,5
7472,,,5,1,2,1,19,20,300,600,2,5
7473,,,7,2,2,1,91,85,0,300,2,5
7474,,,7,2,2,1,31,93,300,600,4,5
7475,,,6,2,2,3,26,77,60,180,4,5
7476,,,3,2,2,3,33,11,60,180,3,5
7477,,,12,1,2,1,60,11,420,540,1,5
7478,,,13,2,2,1,79,3,300,600,3,5
7479,,,6,2,2,2,47,9,300,600,1,5
7480,,,4,1,2,1,92,48,420,540,1,5
7481,,,9,1,2,3,51,68,300,600,4,5
7482,,,4,1,2,1,25,8,300,600,3,5
7483,,,13,2,2,1,78,18,180,300,3,5
7484,,,11,1,2,1,28,13,420,540,1,5
7485,,,11,2,2,2,60,19,0,300,2,5
7486,,,2,1,2,3,95,72,300,600,4,5
7487,,,13,2,2,1,24,33,0,300,4,5
7488,,,6,2,2,2,81,47,0,300,1,5
7489,,,6,1,2,1,93,85,420,540,1,5
7490,,,3,2,2,1,19,14,60,180,3,5
7491,,,7,1,2,1,33,14,420,540,4,5
7492,,,8,1,2,3,57,1,420,540,3,5
7493,,,13,2,2,2,23,80,180,300,4,5
7494,,,5,1,2,1,68,98,420,540,3,5
7495,,,9,2,2,1,95,62,60,180,2,5
7496,,,6,1,2,1,6,93,420,540,2,5
7497,,,12,1,2,1,1,33,420,540,4,5
7498,,,11,1,2,1,99,19,420,540,4,5
7499,,,9,1,2,2,72,30,300,600,3,5
7500,,,7,2,2,2,100,32,180,300,1,5
7501,,,2,1,2,2,82,75,420,540,4,5
7502,,,15,1,2,1,66,3,420,540,2,5
7503,,,14,2,2,2,71,76,300,420,2,5
7504,,,7,1,2,1,57,82,300,600,2,5
7505,,,8,1,2,3,59,33,300,600,4,5
7506,,,5,2,2,2,56,55,0,300,1,5
7507,,,7,1,2,3,91,31,420,540,2,5
7508,,,11,1,2,2,71,10,300,600,2,5
7509,,,9,1,2,2,88,57,420,540,1,5
7510,,,8,2,2,1,83,50,300,600,3,5
7511,,,13,2,2,3,51,41,420,540,4,5
7512,,,8,2,2,1,57,1,180,300,3,5
7513,,,14,2,2,2,32,87,180,300,1,5
7514,,,5,1,2,1,20,96,420,540,3,5
7515,,,5,2,2,2,52,21,300,420,1,5
7516,,,8,1,2,1,28,63,420,540,1,5
7517,,,12,1,2,3,87,51,420,540,1,5
7518,,,13,1,2,2,4,10,300,600,3,5
7519,,,14,2,2,1,81,63,180,300,3,5
7520,,,12,1,2,3,73,75,420,540,2,5
7521,,,14,1,2,3,99,68,300,600,2,5
7522,,,16,2,2,2,34,27,60,180,2,5
7523,,,15,2,2,3,63,43,420,540,2,5
7524,,,5,2,2,1,82,2,0,300,2,5
7525,,,14,1,2,3,7,36,300,600,3,5
7526,,,4,1,2,3,79,40,420,540,4,5
7527,,,4,1,2,2,54,26,420,540,3,5
7528,,,11,2,2,3,64,98,420,540,3,5
7529,,,13,2,2,3,21,95,420,540,1,5
7530,,,3,2,2,1,25,43,60,180,3,5
7531,,,12,2,2,1,70,56,180,300,4,5
7532,,,13,1,2,3,9,59,420,540,2,5
7533,,,3,2,2,3,41,38,420,540,1,5
7534,,,11,1,2,1,40,20,300,600,1,5
7535,,,14,1,2,1,75,52,420,540,4,5
7536,,,3,1,2,2,77,24,300,600,4,5
7537,,,4,1,2,3,5,77,420,540,4,5
7538,,,2,2,2,1,43,67,60,180,3,5
7539,,,9,1,2,2,26,99,300,600,1,5
7540,,,8,2,2,2,15,27,60,180,3,5
7541,,,6,1,2,1,100,30,300,600,1,5
7542,,,8,2,2,3,79,46,300,420,3,5
7543,,,9,1,2,3,26,20,420,540,2,5
7544,,,10,2,2,1,95,4,180,300,4,5
7545,,,3,1,2,1,29,48,300,600,4,5
7546,,,6,1,2,2,84,99,300,600,4,5
7547,,,13,2,2,3,50,75,420,540,2,5
7548,,,5,1,2,1,87,43,420,540,3,5
7549,,,8,1,2,1,39,10,420,540,3,5
7550,,,9,1,2,1,65,35,420,540,3,5
7551,,,7,1,2,1,15,67,420,540,3,5
7552,,,1,1,2,3,74,54,300,600,3,5
7553,,,11,1,2,1,97,81,300,600,1,5
7554,,,9,1,2,2,86,92,420,540,3,5
7555,,,11,1,2,3,6,2,300,600,3,5
7556,,,7,1,2,2,65,47,420,540,2,5
7557,,,16,1,2,3,88,20,300,600,2,5
7558,,,2,1,2,2,34,47,420,540,3,5
7559,,,6,2,2,1,79,69,180,300,4,5
7560,,,7,1,2,1,84,52,300,600,4,5
7561,,,5,1,2,1,34,76,420,540,3,5
7562,,,14,1,2,1,58,37,420,540,3,5
7563,,,11,2,2,2,18,87,180,300,1,5
7564,,,4,2,2,2,98,11,60,180,4,5
7565,,,9,2,2,3,85,53,300,600,4,5
7566,,,14,1,2,2,33,10,420,540,3,5
7567,,,7,2,2,2,81,61,420,540,2,5
7568,,,11,2,2,1,37,57,0,300,1,5
7569,,,10,2,2,2,56,64,180,300,2,5
7570,,,6,2,2,1,85,73,0,300,1,5
7571,,,3,2,2,3,93,90,180,300,2,5
7572,,,8,1,2,3,36,84,300,600,3,5
7573,,,5,2,2,2,8,77,180,300,2,5
7574,,,11,2,2,3,72,73,420,540,2,5
7575,,,13,2,2,3,73,89,300,420,4,5
7576,,,14,2,2,2,63,39,60,180,3,5
7577,,,16,2,2,3,46,92,420,540,4,5
7578,,,4,1,2,3,47,24,420,540,3,5
7579,,,2,1,2,1,22,70,300,600,2,5
7580,,,5,1,2,1,10,69,420,540,3,5
7581,,,10,1,2,1,1,70,300,600,1,5
7582,,,8,1,2,2,54,67,300,600,1,5
7583,,,11,1,2,1,29,65,420,540,3,5
7584,,,14,1,2,3,49,63,420,540,2,5
7585,,,13,2,2,3,39,14,300,600,2,5
7586,,,13,1,2,3,65,44,300,600,3,5
7587,,,4,1,2,3,94,61,300,600,1,5
7588,,,15,1,2,1,30,20,300,600,4,5
7589,,,13,2,2,2,54,25,420,540,2,5
7590,,,11,1,2,3,60,15,300,600,2,5
7591,,,7,1,2,2,86,38,300,600,3,5
7592,,,2,2,2,2,87,43,60,180,1,5
7593,,,9,1,2,2,62,87,300,600,2,5
7594,,,7,1,2,1,82,40,420,540,2,5
7595,,,5,2,2,1,48,6,60,180,1,5
7596,,,4,2,2,3,83,20,0,300,4,5
7597,,,12,1,2,1,25,87,420,540,2,5
7598,,,7,1,2,1,28,52,420,540,1,5
7599,,,4,2,2,2,50,23,60,180,2,5
7600,,,10,2,2,1,37,13,60,180,4,5
7601,,,4,2,2,2,25,26,420,540,3,5
7602,,,4,2,2,1,99,23,180,300,3,5
7603,,,9,1,2,2,98,92,300,600,3,5
7604,,,9,2,2,1,19,3,420,540,1,5
7605,,,5,2,2,1,17,57,60,180,3,5
7606,,,6,1,2,1,53,68,300,600,2,5
7607,,,5,2,2,3,81,100,0,300,2,5
7608,,,10,1,2,2,41,82,420,540,4,5
7609,,,12,1,2,3,28,81,300,600,2,5
7610,,,12,1,2,3,20,58,300,600,1,5
7611,,,14,2,2,2,92,86,60,180,3,5
7612,,,14,2,2,1,93,48,420,540,2,5
7613,,,2,2,2,2,85,86,180,300,2,5
7614,,,10,1,2,3,16,72,420,540,2,5
7615,,,4,1,2,3,15,85,420,540,3,5
7616,,,5,2,2,3,8,47,0,300,1,5
7617,,,5,1,2,2,22,2,300,600,1,5
7618,,,8,1,2,2,9,94,300,600,3,5
7619,,,5,2,2,3,39,70,420,540,4,5
7620,,,3,1,2,3,1,41,420,540,4,5
7621,,,15,2,2,1,13,33,180,300,4,5
7622,,,6,1,2,2,88,53,420,540,4,5
7623,,,6,2,2,2,84,11,60,180,3,5
7624,,,13,2,2,2,86,62,180,300,4,5
7625,,,7,1,2,2,69,67,300,600,2,5
7626,,,10,2,2,2,30,96,420,540,4,5
7627,,,15,1,2,3,53,63,300,600,1,5
7628,,,4,1,2,3,28,81,300,600,3,5
7629,,,3,1,2,1,13,6,300,600,2,5
7630,,,9,1,2,2,91,25,420,540,4,5
7631,,,5,1,2,1,48,27,420,540,2,5
7632,,,15,1,2,3,55,58,300,600,4,5
7633,,,15,2,2,2,65,17,300,600,3,5
7634,,,6,2,2,1,88,41,300,600,2,5
7635,,,1,1,2,2,52,1,300,600,2,5
7636,,,11,1,2,2,96,81,300,600,3,5
7637,,,1,1,2,2,49,94,300,600,2,5
7638,,,8,1,2,3,22,40,300,600,1,5
7639,,,12,1,2,2,54,74,420,540,3,5
7640,,,6,2,2,2,81,66,300,600,2,5
7641,,,3,2,2,2,61,3,0,300,1,5
7642,,,2,2,2,3,78,91,60,180,2,5
7643,,,10,2,2,3,93,51,0,300,2,5
7644,,,6,1,2,1,8,50,420,540,4,5
7645,,,5,2,2,2,43,94,180,300,3,5
7646,,,13,2,2,2,96,80,420,540,4,5
7647,,,12,2,2,1,50,95,180,300,3,5
7648,,,12,2,2,3,23,6,0,300,2,5
7649,,,12,2,2,3,25,64,300,600,3,5
7650,,,3,1,2,3,9,34,420,540,2,5
7651,,,4,2,2,1,44,86,300,420,2,5
7652,,,8,2,2,3,100,29,180,300,4,5
7653,,,9,2,2,3,48,55,300,600,2,5
7654,,,16,1,2,2,3,50,420,540,1,5
7655,,,13,1,2,1,59,46,420,540,4,5
7656,,,13,1,2,1,47,1,420,540,1,5
7657,,,5,1,2,2,38,92,300,600,2,5
7658,,,11,1,2,2,5,69,300,600,3,5
7659,,,2,2,2,2,63,45,300,420,2,5
7660,,,12,1,2,1,23,17,300,600,3,5
7661,,,3,1,2,1,100,27,420,540,3,5
7662,,,11,1,2,2,78,70,420,540,3,5
7663,,,14,2,2,1,95,5,0,300,3,5
7664,,,7,1,2,2,63,41,300,600,1,5
7665,,,8,2,2,3,16,82,180,300,4,5
7666,,,6,1,2,2,5,51,300,600,3,5
7667,,,8,2,2,2,1,19,180,300,4,5
7668,,,7,1,2,3,90,36,420,540,2,5
7669,,,6,2,2,1,91,68,60,180,1,5
7670,,,5,2,2,1,16,23,60,180,2,5
7671,,,10,1,2,1,45,14,300,600,1,5
7672,,,5,1,2,1,86,40,420,540,3,5
7673,,,8,2,2,3,46,49,420,540,3,5
7674,,,9,1,2,3,14,75,420,540,4,5
7675,,,13,2,2,2,81,54,420,540,4,5
7676,,,4,2,2,2,21,93,300,600,1,5
7677,,,16,2,2,3,0,97,300,420,4,5
7678,,,12,2,2,2,94,63,0,300,2,5
7679,,,16,1,2,2,43,10,420,540,1,5
7680,,,9,2,2,3,51,61,420,540,1,5
7681,,,8,2,2,2,47,74,420,540,4,5
7682,,,5,2,2,1,69,10,60,180,2,5
7683,,,5,2,2,3,25,72,0,300,1,5
7684,,,12,1,2,3,97,35,420,540,2,5
7685,,,11,1,2,1,34,15,420,540,2,5
7686,,,16,1,2,2,99,80,420,540,3,5
7687,,,3,2,2,2,67,51,180,300,2,5
7688,,,13,2,2,3,14,25,180,300,2,5
7689,,,2,2,2,3,14,52,180,300,3,5
7690,,,5,2,2,3,15,66,0,300,4,5
7691,,,9,1,2,1,16,96,420,540,2,5
7692,,,12,2,2,2,83,8,420,540,2,5
7693,,,7,2,2,3,51,78,180,300,1,5
7694,,,7,2,2,3,24,65,180,300,4,5
7695,,,7,1,2,3,82,55,300,600,1,5
7696,,,7,1,2,1,2,91,300,600,1,5
7697,,,5,1,2,3,38,85,420,540,4,5
7698,,,16,1,2,2,96,2,420,540,1,5
7699,,,14,2,2,3,69,94,300,600,3,5
7700,,,5,2,2,1,28,50,300,420,4,5
7701,,,5,1,2,2,64,19,300,600,3,5
7702,,,4,2,2,1,92,94,0,300,3,5
7703,,,3,1,2,3,2,16,300,600,4,5
7704,,,5,1,2,3,56,21,300,600,1,5
7705,,,14,1,2,3,42,56,300,600,3,5
7706,,,9,1,2,3,18,4,420,540,2,5
7707,,,14,1,2,3,24,38,420,540,1,5
7708,,,11,2,2,2,88,26,60,180,2,5
7709,,,4,2,2,3,72,88,0,300,2,5
7710,,,4,1,2,2,40,23,420,540,3,5
7711,,,13,1,2,2,30,89,420,540,4,5
7712,,,5,1,2,3,75,86,420,540,1,5
7713,,,11,2,2,2,66,76,0,300,3,5
7714,,,15,1,2,1,48,47,420,540,4,5
7715,,,9,2,2,3,59,21,0,300,1,5
7716,,,10,2,2,2,64,55,180,300,3,5
7717,,,3,1,2,1,46,38,300,600,1,5
7718,,,13,1,2,3,7,91,300,600,2,5
7719,,,7,1,2,2,78,46,300,600,4,5
7720,,,10,2,2,3,60,95,420,540,2,5
7721,,,16,1,2,1,59,16,300,600,1,5
7722,,,15,2,2,1,6,33,180,300,3,5
7723,,,13,2,2,2,0,87,300,600,1,5
7724,,,13,1,2,2,48,75,300,600,1,5
7725,,,7,2,2,2,9,47,300,420,3,5
7726,,,2,1,2,1,20,82,420,540,3,5
7727,,,11,2,2,1,96,27,420,540,1,5
7728,,,5,1,2,1,32,80,420,540,3,5
7729,,,17,2,2,2,80,46,420,540,1,5
7730,,,9,1,2,1,10,53,300,600,3,5
7731,,,11,1,2,1,23,90,420,540,4,5
7732,,,6,2,2,3,89,52,300,420,2,5
7733,,,13,1,2,1,17,86,300,600,4,5
7734,,,8,2,2,3,27,62,420,540,4,5
7735,,,4,2,2,2,50,19,420,540,4,5
7736,,,10,2,2,1,56,52,420,540,2,5
7737,,,4,2,2,2,50,85,180,300,1,5
7738,,,8,1,2,3,33,25,300,600,4,5
7739,,,7,2,2,2,81,62,420,540,1,5
7740,,,8,2,2,1,7,62,180,300,4,5
7741,,,10,2,2,2,70,49,300,600,2,5
7742,,,10,2,2,1,35,1,420,540,2,5
7743,,,15,2,2,1,52,10,0,300,4,5
7744,,,11,1,2,1,37,94,300,600,4,5
7745,,,6,2,2,3,81,47,180,300,2,5
7746,,,3,2,2,2,78,27,420,540,4,5
7747,,,6,2,2,2,13,83,180,300,1,5
7748,,,8,1,2,3,99,23,420,540,2,5
7749,,,14,1,2,2,77,42,300,600,3,5
7750,,,11,1,2,2,48,31,300,600,3,5
7751,,,3,1,2,1,22,96,420,540,1,5
7752,,,6,1,2,2,56,61,420,540,4,5
7753,,,5,1,2,3,53,24,300,600,3,5
7754,,,2,1,2,3,11,60,420,540,1,5
7755,,,14,1,2,1,32,54,420,540,3,5
7756,,,8,1,2,3,30,85,300,600,2,5
7757,,,5,2,2,3,42,33,60,180,1,5
7758,,,4,2,2,2,56,72,0,300,3,5
7759,,,1,1,2,3,11,69,420,540,3,5
7760,,,8,1,2,1,60,75,420,540,4,5
7761,,,4,2,2,1,53,2,0,300,3,5
7762,,,13,1,2,3,61,37,420,540,3,5
7763,,,8,2,2,3,0,46,60,180,4,5
7764,,,4,1,2,3,4,51,420,540,2,5
7765,,,14,1,2,1,85,5,300,600,2,5
7766,,,15,1,2,2,52,11,420,540,3,5
7767,,,10,2,2,3,17,72,300,600,3,5
7768,,,3,1,2,2,47,51,420,540,2,5
7769,,,11,2,2,1,9,57,420,540,2,5
7770,,,13,2,2,2,83,75,180,300,1,5
7771,,,12,2,2,2,44,28,180,300,4,5
7772,,,7,2,2,2,90,51,180,300,1,5
7773,,,11,2,2,3,97,46,300,420,2,5
7774,,,11,1,2,3,13,30,420,540,1,5
7775,,,7,1,2,2,42,59,420,540,4,5
7776,,,4,2,2,1,97,43,180,300,2,5
7777,,,14,1,2,2,67,14,420,540,2,5
7778,,,4,1,2,2,20,60,300,600,1,5
7779,,,12,2,2,1,59,17,180,300,4,5
7780,,,10,1,2,1,27,37,420,540,2,5
7781,,,13,2,2,2,79,94,0,300,2,5
7782,,,6,1,2,3,14,24,300,600,4,5
7783,,,7,1,2,1,85,98,420,540,3,5
7784,,,8,2,2,1,15,2,420,540,3,5
7785,,,10,1,2,2,20,60,420,540,1,5
7786,,,4,1,2,2,77,10,420,540,4,5
7787,,,12,2,2,1,97,15,420,540,1,5
7788,,,4,2,2,2,61,96,0,300,1,5
7789,,,9,1,2,2,100,63,420,540,1,5
7790,,,8,1,2,2,44,87,420,540,4,5
7791,,,5,2,2,1,88,91,420,540,2,5
7792,,,7,1,2,3,84,3,420,540,3,5
7793,,,15,2,2,1,36,13,300,600,1,5
7794,,,12,2,2,2,50,46,300,600,1,5
7795,,,14,2,2,3,7,78,300,600,4,5
7796,,,14,1,2,3,93,9,300,600,1,5
7797,,,10,1,2,2,71,34,300,600,2,5
7798,,,9,2,2,3,2,96,420,540,4,5
7799,,,13,2,2,3,87,55,60,180,2,5
7800,,,5,2,2,3,46,0,0,300,3,5
7801,,,11,1,2,3,76,95,300,600,4,5
7802,,,4,2,2,2,80,5,0,300,4,5
7803,,,9,1,2,3,2,29,420,540,3,5
7804,,,6,2,2,2,3,2,420,540,3,5
7805,,,13,1,2,3,37,7,420,540,4,5
7806,,,5,1,2,2,34,32,420,540,2,5
7807,,,9,2,2,3,79,61,420,540,2,5
7808,,,6,2,2,3,100,70,180,300,1,5
7809,,,12,1,2,3,55,81,300,600,4,5
7810,,,4,1,2,3,79,78,300,600,3,5
7811,,,9,2,2,1,94,4,420,540,2,5
7812,,,6,1,2,1,25,13,300,600,3,5
7813,,,14,1,2,2,37,57,420,540,4,5
7814,,,10,2,2,2,99,38,420,540,3,5
7815,,,8,2,2,3,26,78,420,540,3,5
7816,,,6,2,2,1,71,7,180,300,4,5
7817,,,4,1,2,3,83,93,420,540,1,5
7818,,,5,1,2,3,27,77,300,600,3,5
7819,,,7,1,2,1,10,61,420,540,3,5
7820,,,11,1,2,1,32,42,300,600,4,5
7821,,,15,1,2,1,80,41,420,540,3,5
7822,,,2,1,2,3,82,26,420,540,4,5
7823,,,2,1,2,3,35,39,300,600,4,5
7824,,,5,2,2,2,10,4,300,600,4,5
7825,,,13,2,2,1,85,90,300,600,3,5
7826,,,3,1,2,1,79,36,300,600,1,5
7827,,,14,1,2,3,95,47,420,540,3,5
7828,,,5,1,2,3,70,85,300,600,2,5
7829,,,1,1,2,1,34,63,300,600,3,5
7830,,,15,2,2,2,41,57,0,300,3,5
7831,,,6,2,2,3,60,34,180,300,1,5
7832,,,8,2,2,2,49,53,420,540,4,5
7833,,,2,2,2,1,78,82,60,180,4,5
7834,,,14,1,2,2,13,37,420,540,3,5
7835,,,2,1,2,1,97,61,300,600,3,5
7836,,,15,2,2,2,64,60,0,300,2,5
7837,,,1,1,2,2,33,27,300,600,1,5
7838,,,11,2,2,1,99,12,60,180,2,5
7839,,,7,1,2,1,41,46,420,540,2,5
7840,,,9,1,2,1,13,36,300,600,1,5
7841,,,13,2,2,1,2,24,300,600,2,5
7842,,,5,1,2,2,38,19,300,600,1,5
7843,,,6,2,2,2,35,69,180,300,4,5
7844,,,13,1,2,1,96,62,300,600,1,5
7845,,,7,2,2,3,11,28,300,600,4,5
7846,,,10,1,2,3,30,34,420,540,4,5
7847,,,5,1,2,2,2,50,420,540,2,5
7848,,,10,2,2,1,65,56,0,300,3,5
7849,,,13,1,2,2,74,71,420,540,1,5
7850,,,11,1,2,3,29,56,420,540,1,5
7851,,,6,1,2,3,34,96,420,540,4,5
7852,,,5,2,2,1,69,89,180,300,1,5
7853,,,5,1,2,3,49,31,420,540,1,5
7854,,,11,2,2,3,33,84,420,540,1,5
7855,,,7,1,2,3,50,65,420,540,1,5
7856,,,13,2,2,1,27,35,180,300,4,5
7857,,,9,2,2,2,19,53,180,300,3,5
7858,,,13,1,2,1,82,71,300,600,4,5
7859,,,14,1,2,2,47,81,420,540,3,5
7860,,,12,1,2,1,67,3,300,600,2,5
7861,,,4,1,2,1,47,71,300,600,4,5
7862,,,4,2,2,3,99,18,180,300,1,5
7863,,,10,2,2,1,64,41,300,600,3,5
7864,,,7,2,2,1,95,46,180,300,3,5
7865,,,15,2,2,1,53,26,420,540,1,5
7866,,,3,1,2,1,74,72,300,600,3,5
7867,,,13,2,2,1,74,97,0,300,1,5
7868,,,13,2,2,3,28,31,60,180,1,5
7869,,,4,1,2,3,80,9,300,600,3,5
7870,,,10,2,2,1,32,56,420,540,1,5
7871,,,15,1,2,1,72,4,300,600,4,5
7872,,,2,2,2,2,14,52,180,300,1,5
7873,,,16,2,2,1,57,38,420,540,2,5
7874,,,5,1,2,2,76,33,300,600,2,5
7875,,,14,1,2,1,33,84,420,540,4,5
7876,,,2,1,2,2,49,58,420,540,1,5
7877,,,2,2,2,3,11,43,180,300,3,5
7878,,,2,2,2,1,14,59,420,540,4,5
7879,,,14,2,2,3,28,73,420,540,4,5
7880,,,2,1,2,2,37,4,420,540,1,5
7881,,,9,2,2,3,72,51,180,300,2,5
7882,,,12,1,2,2,40,65,420,540,1,5
7883,,,8,1,2,2,44,75,420,540,2,5
7884,,,12,1,2,1,47,26,300,600,3,5
7885,,,3,2,2,3,70,61,420,540,3,5
7886,,,5,2,2,1,31,16,180,300,4,5
7887,,,4,2,2,3,41,72,420,540,1,5
7888,,,12,2,2,2,38,98,420,540,1,5
7889,,,5,1,2,2,86,2,300,600,3,5
7890,,,9,2,2,1,17,60,300,420,1,5
7891,,,2,1,2,2,27,16,300,600,2,5
7892,,,16,2,2,2,88,7,0,300,3,5
7893,,,7,1,2,2,25,4,300,600,3,5
7894,,,4,2,2,2,41,89,420,540,1,5
7895,,,13,2,2,2,19,79,180,300,2,5
7896,,,14,1,2,1,8,41,420,540,2,5
7897,,,5,2,2,2,77,67,300,600,2,5
7898,,,6,2,2,1,11,71,180,300,1,5
7899,,,9,1,2,2,4,93,420,540,2,5
7900,,,14,2,2,3,92,79,0,300,4,5
7901,,,7,2,2,2,26,81,0,300,2,5
7902,,,3,1,2,2,87,92,420,540,3,5
7903,,,4,1,2,3,14,15,420,540,4,5
7904,,,2,1,2,1,55,39,420,540,1,5
7905,,,7,1,2,1,99,35,300,600,3,5
7906,,,4,1,2,3,91,78,420,540,3,5
7907,,,15,1,2,2,51,90,300,600,2,5
7908,,,5,1,2,3,85,42,300,600,3,5
7909,,,14,2,2,1,6,53,0,300,2,5
7910,,,7,2,2,1,98,38,300,600,4,5
7911,,,4,2,2,2,92,40,180,300,2,5
7912,,,5,1,2,1,98,69,300,600,3,5
7913,,,7,2,2,2,5,69,0,300,1,5
7914,,,16,1,2,2,1,5,420,540,1,5
7915,,,2,1,2,2,32,98,300,600,2,5
7916,,,4,2,2,1,44,7,0,300,4,5
7917,,,9,1,2,1,4,8,300,600,4,5
7918,,,16,1,2,1,57,59,420,540,2,5
7919,,,11,1,2,1,73,42,420,540,4,5
7920,,,4,1,2,1,49,1,420,540,2,5
7921,,,6,1,2,2,2,73,420,540,4,5
7922,,,7,2,2,3,9,33,300,600,3,5
7923,,,11,1,2,2,11,38,420,540,4,5
7924,,,11,1,2,3,14,62,300,600,3,5
7925,,,14,2,2,3,10,92,60,180,1,5
7926,,,13,2,2,1,78,3,60,180,4,5
7927,,,11,2,2,3,34,10,180,300,2,5
7928,,,3,1,2,2,25,3,300,600,4,5
7929,,,8,1,2,3,56,68,300,600,3,5
7930,,,12,2,2,3,89,54,300,600,1,5
7931,,,6,1,2,1,66,5,420,540,2,5
7932,,,4,2,2,3,58,98,180,300,4,5
7933,,,13,2,2,2,39,91,60,180,4,5
7934,,,14,2,2,1,4,53,420,540,3,5
7935,,,8,2,2,3,2,16,180,300,3,5
7936,,,7,1,2,2,16,56,420,540,4,5
7937,,,9,1,2,1,26,3,420,540,2,5
7938,,,9,1,2,2,76,48,420,540,3,5
7939,,,6,2,2,3,64,62,180,300,4,5
7940,,,12,1,2,1,64,62,420,540,2,5
7941,,,7,2,2,2,75,73,60,180,3,5
7942,,,7,1,2,3,52,69,300,600,4,5
7943,,,15,2,2,2,74,84,420,540,2,5
7944,,,8,2,2,2,59,44,180,300,4,5
7945,,,10,2,2,3,46,31,420,540,1,5
7946,,,9,1,2,1,3,30,300,600,1,5
7947,,,10,2,2,2,30,5,0,300,1,5
7948,,,6,1,2,3,17,74,300,600,2,5
7949,,,5,1,2,2,80,52,420,540,2,5
7950,,,6,2,2,1,66,100,300,600,2,5
7951,,,6,2,2,1,83,20,300,420,2,5
7952,,,6,2,2,1,50,98,300,600,1,5
7953,,,11,2,2,1,48,79,60,180,1,5
7954,,,13,2,2,3,37,74,420,540,4,5
7955,,,2,2,2,2,76,45,0,300,2,5
7956,,,11,2,2,3,41,67,180,300,3,5
7957,,,12,2,2,3,22,79,60,180,1,5
7958,,,10,2,2,1,82,32,300,420,2,5
7959,,,11,2,2,3,87,21,60,180,2,5
7960,,,2,1,2,3,34,71,300,600,3,5
7961,,,15,1,2,2,36,65,420,540,3,5
7962,,,12,1,2,2,37,89,300,600,3,5
7963,,,3,2,2,1,68,54,60,180,2,5
7964,,,12,2,2,1,94,19,60,180,4,5
7965,,,12,1,2,2,1,54,300,600,2,5
7966,,,8,2,2,3,4,70,420,540,1,5
7967,,,15,1,2,1,21,44,420,540,2,5
7968,,,13,1,2,3,58,6,420,540,3,5
7969,,,4,1,2,1,74,23,300,600,1,5
7970,,,8,1,2,2,90,20,420,540,1,5
7971,,,15,1,2,2,20,81,420,540,4,5
7972,,,8,2,2,3,43,10,420,540,1,5
7973,,,4,1,2,1,89,16,420,540,3,5
7974,,,10,2,2,2,59,62,300,600,2,5
7975,,,2,1,2,1,71,36,300,600,3,5
7976,,,10,2,2,2,44,30,180,300,1,5
7977,,,13,2,2,3,99,31,0,300,1,5
7978,,,10,1,2,3,16,73,420,540,3,5
7979,,,15,1,2,3,9,55,420,540,3,5
7980,,,11,1,2,2,95,100,300,600,3,5
7981,,,14,2,2,3,89,49,300,600,3,5
7982,,,15,1,2,2,72,52,420,540,1,5
7983,,,7,2,2,3,84,89,60,180,2,5
7984,,,5,2,2,2,55,69,180,300,2,5
7985,,,12,1,2,3,57,25,300,600,2,5
7986,,,6,1,2,2,64,23,300,600,3,5
7987,,,10,1,2,3,35,93,300,600,4,5
7988,,,6,2,2,1,38,60,0,300,2,5
7989,,,4,2,2,1,51,93,60,180,2,5
7990,,,15,1,2,3,2,29,300,600,1,5
7991,,,14,1,2,3,6,26,300,600,4,5
7992,,,5,2,2,2,55,65,420,540,1,5
7993,,,12,2,2,1,70,61,420,540,2,5
7994,,,9,2,2,3,4,14,300,420,3,5
7995,,,13,1,2,3,83,50,420,540,2,5
7996,,,4,2,2,2,20,40,0,300,2,5
7997,,,10,2,2,1,55,67,60,180,2,5
7998,,,13,1,2,2,89,34,300,600,2,5
7999,,,13,1,2,3,94,60,420,540,4,5
8000,,,15,1,2,3,17,94,420,540,4,5
8001,,,3,2,2,2,85,46,300,420,2,5
8002,,,10,1,2,1,32,17,420,540,1,5
8003,,,3,1,2,1,91,41,420,540,1,5
8004,,,15,2,2,3,35,25,180,300,3,5
8005,,,7,1,2,1,41,18,420,540,2,5
8006,,,11,1,2,3,42,28,300,600,4,5
8007,,,13,1,2,1,38,92,420,540,3,5
8008,,,13,2,2,2,16,87,300,420,1,5
8009,,,14,1,2,3,27,81,420,540,4,5
8010,,,16,1,2,1,59,100,300,600,1,5
8011,,,7,2,2,2,16,27,180,300,4,5
8012,,,12,2,2,2,14,54,0,300,3,5
8013,,,11,1,2,1,84,1,420,540,2,5
8014,,,13,1,2,2,59,24,300,600,3,5
8015,,,7,1,2,3,79,70,300,600,1,5
8016,,,10,2,2,3,86,38,420,540,4,5
8017,,,6,2,2,2,60,70,0,300,1,5
8018,,,4,1,2,2,31,34,300,600,2,5
8019,,,14,1,2,1,13,61,300,600,1,5
8020,,,14,1,2,2,14,86,420,540,2,5
8021,,,6,2,2,2,65,91,300,600,4,5
8022,,,15,2,2,2,16,51,300,420,2,5
8023,,,12,2,2,1,25,60,420,540,4,5
8024,,,2,2,2,2,21,73,60,180,3,5
8025,,,2,1,2,3,10,66,300,600,3,5
8026,,,8,1,2,3,27,46,300,600,1,5
8027,,,6,1,2,1,83,17,420,540,2,5
8028,,,8,2,2,3,98,46,300,600,3,5
8029,,,4,2,2,1,25,3,0,300,4,5
8030,,,5,1,2,3,80,14,300,600,2,5
8031,,,15,2,2,3,90,97,300,600,4,5
8032,,,10,1,2,1,12,51,420,540,1,5
8033,,,4,2,2,2,91,55,420,540,1,5
8034,,,6,1,2,2,72,38,300,600,4,5
8035,,,4,2,2,2,67,10,0,300,3,5
8036,,,3,1,2,3,47,94,420,540,3,5
8037,,,3,2,2,1,18,16,60,180,1,5
8038,,,13,1,2,1,0,87,420,540,3,5
8039,,,9,2,2,2,70,45,300,420,4,5
8040,,,6,2,2,2,79,55,60,180,4,5
8041,,,9,2,2,2,7,50,0,300,1,5
8042,,,14,1,2,1,54,79,300,600,2,5
8043,,,9,1,2,2,20,47,420,540,1,5
8044,,,4,2,2,3,20,35,180,300,4,5
8045,,,12,2,2,3,50,84,300,420,4,5
8046,,,5,2,2,2,49,86,300,420,3,5
8047,,,11,1,2,3,49,33,300,600,2,5
8048,,,4,2,2,3,28,88,180,300,3,5
8049,,,5,1,2,2,40,47,420,540,3,5
8050,,,2,1,2,1,63,29,300,600,2,5
8051,,,3,1,2,3,33,96,300,600,4,5
8052,,,14,2,2,2,22,44,300,420,4,5
8053,,,10,2,2,2,18,23,0,300,1,5
8054,,,13,2,2,1,0,52,420,540,2,5
8055,,,14,1,2,1,1,88,420,540,4,5
8056,,,10,1,2,2,44,49,300,600,2,5
8057,,,5,1,2,3,42,49,300,600,4,5
8058,,,13,2,2,1,73,17,300,600,4,5
8059,,,3,1,2,2,93,90,300,600,4,5
8060,,,6,1,2,3,30,29,300,600,3,5
8061,,,14,1,2,3,61,50,420,540,1,5
8062,,,13,1,2,2,57,72,300,600,4,5
8063,,,12,1,2,1,18,2,300,600,4,5
8064,,,14,1,2,3,4,25,420,540,1,5
8065,,,6,2,2,3,19,14,60,180,1,5
8066,,,13,1,2,2,82,22,300,600,1,5
8067,,,2,1,2,2,36,45,420,540,4,5
8068,,,5,2,2,1,21,59,0,300,4,5
8069,,,5,1,2,2,94,4,420,540,2,5
8070,,,15,2,2,2,50,0,60,180,3,5
8071,,,5,1,2,3,53,100,420,540,1,5
8072,,,8,1,2,1,57,54,420,540,1,5
8073,,,6,1,2,1,5,76,420,540,3,5
8074,,,15,2,2,1,87,17,180,300,1,5
8075,,,6,2,2,2,11,13,420,540,2,5
8076,,,4,2,2,1,27,7,180,300,4,5
8077,,,4,2,2,1,9,63,420,540,3,5
8078,,,5,2,2,2,67,86,60,180,2,5
8079,,,8,1,2,1,96,21,420,540,3,5
8080,,,7,1,2,1,24,25,300,600,1,5
8081,,,16,1,2,2,79,26,420,540,1,5
8082,,,3,1,2,2,1,60,300,600,1,5
8083,,,13,2,2,3,69,63,0,300,1,5
8084,,,5,2,2,2,73,16,300,600,4,5
8085,,,8,2,2,1,4,69,300,420,2,5
8086,,,2,1,2,1,40,80,300,600,3,5
8087,,,9,2,2,1,59,84,180,300,1,5
8088,,,10,1,2,2,29,24,420,540,2,5
8089,,,11,2,2,3,22,41,420,540,2,5
8090,,,11,2,2,2,46,43,180,300,4,5
8091,,,4,1,2,3,40,42,420,540,1,5
8092,,,6,2,2,3,41,98,60,180,2,5
8093,,,8,1,2,3,77,2,420,540,2,5
8094,,,11,2,2,3,59,95,300,420,3,5
8095,,,14,1,2,2,69,55,420,540,4,5
8096,,,11,2,2,3,62,84,420,540,2,5
8097,,,3,1,2,2,20,83,420,540,3,5
8098,,,6,1,2,1,70,1,300,600,2,5
8099,,,12,1,2,3,9,4,300,600,3,5
8100,,,6,1,2,1,19,25,420,540,3,5
8101,,,10,1,2,2,10,56,420,540,1,5
8102,,,3,1,2,1,66,18,300,600,1,5
8103,,,15,1,2,2,45,28,420,540,1,5
8104,,,9,2,2,1,47,54,0,300,2,5
8105,,,14,1,2,1,29,13,420,540,3,5
8106,,,14,2,2,2,37,67,60,180,2,5
8107,,,5,1,2,2,24,3,420,540,2,5
8108,,,4,1,2,2,5,8,420,540,2,5
8109,,,12,1,2,2,3,25,420,540,2,5
8110,,,6,1,2,1,64,25,300,600,4,5
8111,,,12,1,2,3,89,51,300,600,4,5
8112,,,3,1,2,1,84,21,420,540,2,5
8113,,,12,1,2,3,42,90,300,600,1,5
8114,,,12,2,2,3,73,94,180,300,1,5
8115,,,2,2,2,3,60,89,180,300,3,5
8116,,,13,1,2,1,37,27,420,540,2,5
8117,,,5,2,2,1,81,46,420,540,3,5
8118,,,6,1,2,3,34,56,300,600,2,5
8119,,,2,1,2,2,91,50,420,540,2,5
8120,,,14,1,2,1,4,25,420,540,4,5
8121,,,15,1,2,1,55,19,300,600,3,5
8122,,,2,1,2,3,41,0,420,540,1,5
8123,,,11,2,2,1,26,68,180,300,1,5
8124,,,3,1,2,2,27,60,300,600,4,5
8125,,,1,1,2,3,26,25,300,600,4,5
8126,,,9,2,2,2,90,42,420,540,1,5
8127,,,5,1,2,1,57,51,300,600,1,5
8128,,,13,2,2,2,38,66,420,540,3,5
8129,,,7,2,2,3,25,92,420,540,4,5
8130,,,5,2,2,1,26,1,0,300,1,5
8131,,,5,2,2,2,54,6,0,300,3,5
8132,,,4,1,2,2,56,20,300,600,4,5
8133,,,5,1,2,2,32,35,300,600,1,5
8134,,,11,1,2,2,25,72,300,600,2,5
8135,,,3,2,2,3,13,1,60,180,3,5
8136,,,11,1,2,2,86,39,300,600,1,5
8137,,,2,1,2,3,14,15,420,540,2,5
8138,,,9,1,2,3,53,90,420,540,3,5
8139,,,13,2,2,1,82,82,180,300,3,5
8140,,,7,1,2,2,10,33,420,540,3,5
8141,,,7,2,2,2,56,49,180,300,3,5
8142,,,14,1,2,2,27,2,300,600,3,5
8143,,,1,1,2,3,49,39,300,600,3,5
8144,,,9,1,2,3,14,67,420,540,2,5
8145,,,14,1,2,1,98,13,300,600,4,5
8146,,,15,2,2,3,82,36,300,420,3,5
8147,,,8,1,2,1,85,86,420,540,4,5
8148,,,13,1,2,2,58,80,420,540,1,5
8149,,,15,2,2,2,31,44,0,300,4,5
8150,,,4,1,2,1,51,18,420,540,2,5
8151,,,14,1,2,3,94,0,420,540,3,5
8152,,,14,2,2,1,88,79,0,300,2,5
8153,,,7,1,2,1,19,17,300,600,4,5
8154,,,10,1,2,1,45,31,420,540,2,5
8155,,,13,2,2,3,14,57,60,180,1,5
8156,,,4,1,2,2,76,58,300,600,1,5
8157,,,4,1,2,1,63,37,420,540,2,5
8158,,,10,2,2,1,9,19,300,600,4,5
8159,,,13,1,2,2,21,61,300,600,4,5
8160,,,13,2,2,1,36,7,180,300,3,5
8161,,,7,2,2,2,49,25,180,300,2,5
8162,,,9,1,2,2,39,21,300,600,3,5
8163,,,4,1,2,3,88,85,300,600,2,5
8164,,,14,1,2,3,33,52,300,600,2,5
8165,,,8,2,2,1,96,19,300,600,2,5
8166,,,6,1,2,2,38,60,300,600,1,5
8167,,,13,2,2,1,76,90,0,300,3,5
8168,,,9,1,2,2,54,39,300,600,1,5
8169,,,12,1,2,3,31,95,300,600,2,5
8170,,,4,1,2,2,5,73,300,600,4,5
8171,,,9,1,2,2,38,72,300,600,4,5
8172,,,13,2,2,2,55,62,300,420,4,5
8173,,,2,2,2,3,44,1,0,300,2,5
8174,,,10,1,2,2,33,87,420,540,4,5
8175,,,10,1,2,3,100,52,420,540,4,5
8176,,,5,1,2,1,62,86,420,540,1,5
8177,,,7,1,2,3,39,16,300,600,1,5
8178,,,12,2,2,3,17,76,0,300,4,5
8179,,,8,2,2,3,76,6,420,540,3,5
8180,,,13,1,2,3,79,89,420,540,3,5
8181,,,2,1,2,3,37,77,420,540,4,5
8182,,,6,1,2,2,54,32,420,540,2,5
8183,,,5,1,2,3,93,52,420,540,4,5
8184,,,11,2,2,3,6,75,300,600,1,5
8185,,,3,1,2,3,36,46,300,600,2,5
8186,,,12,2,2,2,34,65,300,420,1,5
8187,,,14,2,2,2,82,54,60,180,1,5
8188,,,4,2,2,1,58,53,60,180,2,5
8189,,,6,2,2,2,48,29,60,180,2,5
8190,,,4,1,2,3,84,42,300,600,4,5
8191,,,10,1,2,3,21,1,420,540,4,5
8192,,,5,1,2,1,84,63,420,540,3,5
8193,,,5,1,2,3,50,78,420,540,3,5
8194,,,4,1,2,3,57,77,300,600,3,5
8195,,,16,2,2,2,62,89,180,300,2,5
8196,,,7,1,2,1,95,2,300,600,3,5
8197,,,10,2,2,1,12,68,420,540,1,5
8198,,,12,2,2,1,12,8,180,300,1,5
8199,,,6,2,2,1,86,86,300,420,1,5
8200,,,4,1,2,1,63,34,300,600,2,5
8201,,,5,2,2,3,40,39,60,180,1,5
8202,,,4,1,2,1,38,27,300,600,2,5
8203,,,15,2,2,2,49,20,180,300,1,5
8204,,,13,2,2,3,75,48,180,300,2,5
8205,,,10,1,2,2,62,50,420,540,4,5
8206,,,3,1,2,2,9,69,420,540,3,5
8207,,,6,2,2,1,24,33,180,300,1,5
8208,,,10,1,2,3,81,83,300,600,3,5
8209,,,14,2,2,3,57,54,60,180,1,5
8210,,,10,2,2,2,89,57,60,180,2,5
8211,,,6,1,2,2,96,72,420,540,1,5
8212,,,5,2,2,1,18,95,60,180,2,5
8213,,,15,2,2,1,33,31,300,420,3,5
8214,,,10,2,2,1,87,3,60,180,3,5
8215,,,4,1,2,1,53,78,300,600,2,5
8216,,,7,1,2,1,71,80,300,600,4,5
8217,,,5,1,2,1,36,38,420,540,2,5
8218,,,8,2,2,1,59,40,420,540,4,5
8219,,,9,2,2,3,64,42,180,300,2,5
8220,,,12,2,2,2,8,84,420,540,1,5
8221,,,8,1,2,3,63,70,420,540,4,5
8222,,,14,2,2,3,35,100,300,600,4,5
8223,,,8,2,2,3,13,76,300,420,3,5
8224,,,14,1,2,2,92,31,300,600,1,5
8225,,,11,2,2,3,86,41,60,180,2,5
8226,,,5,1,2,3,68,94,420,540,4,5
8227,,,7,2,2,3,56,12,0,300,4,5
8228,,,13,1,2,1,73,96,300,600,2,5
8229,,,7,2,2,2,68,1,420,540,4,5
8230,,,12,2,2,3,86,88,420,540,1,5
8231,,,4,1,2,3,15,24,420,540,4,5
8232,,,9,2,2,1,74,40,180,300,3,5
8233,,,10,1,2,1,85,79,300,600,2,5
8234,,,9,1,2,3,45,10,420,540,1,5
8235,,,10,2,2,3,94,64,420,540,3,5
8236,,,13,1,2,2,86,37,420,540,3,5
8237,,,5,2,2,3,65,39,60,180,3,5
8238,,,10,2,2,2,64,55,60,180,3,5
8239,,,15,2,2,1,34,4,0,300,4,5
8240,,,8,2,2,3,81,1,0,300,1,5
8241,,,15,1,2,1,45,35,300,600,3,5
8242,,,3,2,2,3,57,50,0,300,2,5
8243,,,4,1,2,3,16,2,420,540,4,5
8244,,,13,1,2,1,99,23,420,540,1,5
8245,,,10,2,2,3,31,94,300,420,3,5
8246,,,3,1,2,2,15,100,300,600,3,5
8247,,,3,2,2,2,76,93,420,540,1,5
8248,,,6,1,2,3,64,91,420,540,3,5
8249,,,3,2,2,3,87,67,180,300,1,5
8250,,,6,1,2,3,80,11,300,600,1,5
8251,,,10,1,2,2,63,48,300,600,2,5
8252,,,3,1,2,1,19,77,300,600,3,5
8253,,,15,1,2,1,11,29,420,540,4,5
8254,,,10,1,2,3,59,37,420,540,3,5
8255,,,2,2,2,2,40,87,60,180,4,5
8256,,,3,2,2,1,40,43,0,300,3,5
8257,,,7,2,2,3,19,21,0,300,4,5
8258,,,9,2,2,1,35,56,420,540,4,5
8259,,,14,2,2,2,86,50,60,180,1,5
8260,,,13,1,2,3,38,12,420,540,1,5
8261,,,11,1,2,2,24,18,300,600,4,5
8262,,,12,1,2,1,25,74,420,540,1,5
8263,,,5,2,2,3,47,7,180,300,1,5
8264,,,6,1,2,1,0,79,300,600,4,5
8265,,,8,1,2,3,97,15,420,540,2,5
8266,,,15,1,2,3,26,61,420,540,4,5
8267,,,8,2,2,2,53,96,60,180,2,5
8268,,,13,1,2,2,8,19,420,540,2,5
8269,,,7,2,2,3,55,15,180,300,4,5
8270,,,15,2,2,3,89,37,420,540,4,5
8271,,,12,1,2,3,84,16,300,600,3,5
8272,,,5,1,2,3,77,81,420,540,3,5
8273,,,15,2,2,1,1,20,60,180,2,5
8274,,,8,2,2,1,44,14,60,180,3,5
8275,,,16,2,2,2,86,27,300,420,4,5
8276,,,9,1,2,1,10,0,300,600,2,5
8277,,,4,2,2,3,62,42,180,300,4,5
8278,,,16,2,2,2,5,84,300,600,2,5
8279,,,6,2,2,1,77,77,300,600,4,5
8280,,,10,1,2,3,90,94,420,540,1,5
8281,,,8,1,2,2,48,1,300,600,4,5
8282,,,14,1,2,3,98,57,300,600,4,5
8283,,,4,2,2,1,76,7,180,300,3,5
8284,,,13,1,2,1,83,34,420,540,3,5
8285,,,14,2,2,3,19,95,0,300,2,5
8286,,,5,1,2,1,4,41,420,540,1,5
8287,,,4,2,2,3,36,5,0,300,2,5
8288,,,16,2,2,1,77,50,0,300,4,5
8289,,,12,1,2,1,25,19,420,540,1,5
8290,,,4,2,2,3,56,90,180,300,3,5
8291,,,6,2,2,3,70,21,180,300,3,5
8292,,,5,2,2,1,10,14,300,600,3,5
8293,,,12,2,2,3,22,83,0,300,1,5
8294,,,8,2,2,2,34,66,60,180,2,5
8295,,,14,2,2,2,92,23,420,540,1,5
8296,,,4,1,2,3,13,42,420,540,2,5
8297,,,10,2,2,1,72,44,60,180,4,5
8298,,,8,1,2,2,84,100,420,540,4,5
8299,,,3,1,2,3,81,83,420,540,1,5
8300,,,9,2,2,1,16,29,420,540,1,5
8301,,,10,2,2,2,14,42,420,540,3,5
8302,,,11,2,2,2,100,99,0,300,2,5
8303,,,11,1,2,2,49,37,300,600,4,5
8304,,,10,2,2,3,9,77,300,420,4,5
8305,,,4,1,2,1,37,50,420,540,4,5
8306,,,7,2,2,3,20,72,0,300,3,5
8307,,,14,1,2,2,29,83,300,600,4,5
8308,,,6,2,2,2,80,23,300,420,1,5
8309,,,13,2,2,2,100,97,420,540,2,5
8310,,,6,2,2,2,65,74,60,180,1,5
8311,,,16,1,2,2,44,7,420,540,1,5
8312,,,8,2,2,3,6,84,60,180,2,5
8313,,,14,1,2,1,51,93,420,540,1,5
8314,,,8,2,2,2,96,25,180,300,2,5
8315,,,6,2,2,3,61,45,420,540,1,5
8316,,,5,2,2,3,73,91,60,180,2,5
8317,,,11,1,2,3,77,41,420,540,2,5
8318,,,15,1,2,3,52,4,420,540,1,5
8319,,,12,1,2,3,57,32,300,600,3,5
8320,,,4,1,2,2,81,94,300,600,2,5
8321,,,15,2,2,3,85,65,0,300,1,5
8322,,,3,2,2,2,57,82,420,540,1,5
8323,,,5,1,2,1,30,12,300,600,3,5
8324,,,6,2,2,1,77,16,300,600,3,5
8325,,,15,1,2,1,60,77,300,600,4,5
8326,,,3,1,2,1,7,31,300,600,4,5
8327,,,15,1,2,1,83,66,300,600,3,5
8328,,,14,1,2,1,7,20,420,540,1,5
8329,,,7,1,2,1,79,62,420,540,2,5
8330,,,9,1,2,1,26,39,300,600,3,5
8331,,,7,1,2,1,61,56,300,600,4,5
8332,,,15,1,2,3,69,65,420,540,1,5
8333,,,4,2,2,3,96,61,180,300,1,5
8334,,,7,2,2,1,74,86,0,300,4,5
8335,,,11,1,2,2,99,60,420,540,3,5
8336,,,11,1,2,2,16,43,300,600,2,5
8337,,,14,1,2,3,57,30,300,600,2,5
8338,,,12,1,2,2,65,65,300,600,3,5
8339,,,6,2,2,3,40,77,300,420,4,5
8340,,,5,1,2,3,54,91,420,540,2,5
8341,,,6,2,2,2,90,90,60,180,1,5
8342,,,2,2,2,2,35,20,300,600,3,5
8343,,,3,1,2,1,58,95,300,600,2,5
8344,,,13,2,2,1,0,39,60,180,3,5
8345,,,5,1,2,1,82,60,420,540,3,5
8346,,,10,2,2,3,46,80,180,300,3,5
8347,,,10,1,2,3,60,33,300,600,1,5
8348,,,3,1,2,1,67,41,300,600,3,5
8349,,,9,2,2,3,41,41,420,540,2,5
8350,,,13,2,2,2,62,71,300,420,4,5
8351,,,11,1,2,3,38,60,420,540,3,5
8352,,,5,1,2,2,90,80,300,600,3,5
8353,,,11,1,2,3,20,71,300,600,3,5
8354,,,6,2,2,3,28,36,60,180,1,5
8355,,,14,1,2,2,0,83,420,540,3,5
8356,,,2,2,2,1,12,39,60,180,4,5
8357,,,9,1,2,1,35,75,420,540,2,5
8358,,,5,2,2,3,38,23,300,420,4,5
8359,,,1,1,2,3,34,7,300,600,3,5
8360,,,2,2,2,2,82,11,420,540,2,5
8361,,,2,2,2,2,91,13,0,300,2,5
8362,,,4,1,2,3,83,41,420,540,2,5
8363,,,14,2,2,2,3,59,300,420,4,5
8364,,,2,2,2,2,86,10,0,300,3,5
8365,,,8,1,2,3,11,11,300,600,3,5
8366,,,11,1,2,2,8,0,300,600,2,5
8367,,,8,2,2,1,30,9,0,300,2,5
8368,,,11,2,2,1,46,18,300,420,2,5
8369,,,12,1,2,1,29,94,300,600,3,5
8370,,,6,1,2,1,44,15,420,540,3,5
8371,,,14,2,2,2,52,96,420,540,3,5
8372,,,4,1,2,1,45,11,300,600,4,5
8373,,,5,1,2,2,39,93,420,540,1,5
8374,,,9,1,2,2,3,38,420,540,1,5
8375,,,5,1,2,2,54,27,420,540,4,5
8376,,,3,1,2,1,11,27,420,540,1,5
8377,,,11,2,2,3,45,86,180,300,3,5
8378,,,6,2,2,3,42,21,180,300,2,5
8379,,,12,1,2,3,78,63,300,600,2,5
8380,,,8,2,2,3,48,56,60,180,2,5
8381,,,9,2,2,3,41,24,60,180,3,5
8382,,,15,2,2,1,18,36,60,180,4,5
8383,,,3,2,2,2,42,43,60,180,3,5
8384,,,10,1,2,3,23,42,300,600,3,5
8385,,,10,2,2,2,3,100,180,300,2,5
8386,,,13,2,2,2,33,64,300,420,1,5
8387,,,6,2,2,1,52,7,60,180,2,5
8388,,,13,2,2,2,61,49,300,600,1,5
8389,,,2,1,2,1,78,30,420,540,3,5
8390,,,12,2,2,3,94,74,300,420,4,5
8391,,,7,2,2,3,29,45,0,300,1,5
8392,,,4,1,2,3,78,12,300,600,1,5
8393,,,15,2,2,1,39,10,420,540,2,5
8394,,,10,2,2,2,84,11,180,300,4,5
8395,,,8,2,2,2,0,16,0,300,2,5
8396,,,8,2,2,2,76,86,420,540,4,5
8397,,,9,1,2,3,1,82,420,540,2,5
8398,,,7,1,2,3,85,63,420,540,2,5
8399,,,6,1,2,3,58,100,420,540,2,5
8400,,,12,1,2,3,41,22,300,600,4,5
8401,,,7,2,2,3,44,82,60,180,2,5
8402,,,10,2,2,2,85,73,300,600,3,5
8403,,,14,1,2,2,78,94,420,540,1,5
8404,,,8,1,2,1,34,5,420,540,3,5
8405,,,5,2,2,1,62,20,0,300,2,5
8406,,,12,2,2,1,64,64,0,300,1,5
8407,,,13,2,2,3,54,19,300,420,1,5
8408,,,12,1,2,1,35,22,300,600,2,5
8409,,,7,1,2,1,1,44,300,600,1,5
8410,,,15,2,2,2,8,47,300,600,3,5
8411,,0,1,2,2,3,31,2,300,600,3,5
8412,,0,1,2,2,3,22,85,0,300,1,5
8413,,0,1,2,2,3,96,70,300,420,2,5
8414,,0,1,2,2,1,16,3,420,540,3,5
8415,,0,1,2,2,3,8,66,0,300,3,5
8416,,0,1,2,2,2,25,87,60,180,4,5
8417,,0,1,2,2,2,51,26,0,300,4,5
8418,,0,1,2,2,3,25,91,300,600,1,5
8419,,0,1,2,2,2,42,2,300,600,4,5
8420,,0,1,2,2,1,39,81,0,300,3,5
8421,,0,1,2,2,1,50,8,420,540,1,5
8422,,0,1,2,2,2,10,50,0,300,4,5
8423,,0,1,2,2,2,89,59,420,540,3,5
8424,,0,1,2,2,3,58,79,0,300,4,5
8425,,0,1,2,2,1,97,81,0,300,3,5
8426,,0,1,2,2,2,96,94,420,540,4,5
8427,,0,1,2,2,1,39,7,0,300,3,5
8428,,0,1,2,2,3,10,47,300,600,3,5
8429,,0,1,2,2,3,26,79,60,180,1,5
8430,,0,1,2,2,1,10,49,300,600,4,5
8431,,0,1,2,2,1,82,93,300,600,4,5
8432,,0,1,2,2,2,15,20,180,300,1,5
8433,,0,1,2,2,1,13,75,300,600,4,5
8434,,0,1,2,2,1,96,96,420,540,3,5
8435,,0,1,2,2,1,86,37,300,600,1,5
8436,,0,1,2,2,1,57,73,420,540,2,5
8437,,0,1,2,2,1,30,99,180,300,3,5
8438,,0,1,2,2,1,82,47,420,540,1,5
8439,,0,1,2,2,2,88,87,60,180,2,5
8440,,0,1,2,2,2,56,74,300,600,4,5
8441,,0,1,2,2,2,83,65,300,600,1,5
8442,,0,1,2,2,3,18,67,60,180,3,5
8443,,0,1,2,2,2,95,85,300,600,2,5
8444,,0,1,2,2,3,12,21,300,600,1,5
8445,,0,1,2,2,3,37,45,420,540,2,5
8446,,0,1,2,2,3,31,25,0,300,1,5
8447,,0,1,2,2,2,64,9,300,600,4,5
8448,,0,1,2,2,3,65,44,420,540,3,5
8449,,0,1,2,2,3,61,71,420,540,1,5
8450,,0,1,2,2,3,53,15,420,540,1,5
8451,,0,1,2,2,2,21,63,420,540,1,5
8452,,0,1,2,2,1,40,6,420,540,2,5
8453,,0,1,2,2,2,66,34,420,540,3,5
8454,,0,1,2,2,2,100,29,300,600,4,5
8455,,0,1,2,2,2,77,92,420,540,2,5
8456,,0,1,2,2,2,39,13,300,600,3,5
8457,,0,1,2,2,1,53,89,300,600,1,5
8458,,0,1,2,2,3,94,6,300,600,3,5
8459,,0,1,2,2,1,88,98,300,600,3,5
8460,,0,1,2,2,3,65,9,420,540,2,5
8461,,0,1,2,2,3,79,45,420,540,2,5
8462,,0,1,2,2,1,96,78,300,420,3,5
8463,,0,1,2,2,3,19,72,180,300,4,5
8464,,0,1,2,2,1,69,63,300,600,1,5
8465,,0,1,2,2,1,19,51,300,600,3,5
8466,,0,1,2,2,1,17,21,180,300,2,5
8467,,0,1,2,2,3,16,29,420,540,4,5
8468,,0,1,2,2,2,48,3,300,600,4,5
8469,,0,1,2,2,3,15,29,300,600,4,5
8470,,0,1,2,2,2,54,58,300,600,2,5
8471,,0,1,2,2,1,0,42,300,600,2,5
8472,,0,1,2,2,1,49,10,60,180,3,5
8473,,0,1,2,2,3,77,43,420,540,1,5
8474,,0,1,2,2,3,62,88,420,540,1,5
8475,,0,1,2,2,2,76,81,300,600,3,5
8476,,0,1,2,2,3,36,92,300,600,1,5
8477,,0,1,2,2,2,27,20,60,180,3,5
8478,,0,1,2,2,1,98,5,420,540,1,5
8479,,0,1,2,2,3,90,47,300,600,1,5
8480,,0,1,2,2,2,23,9,300,600,2,5
8481,,0,1,2,2,2,23,99,420,540,4,5
8482,,0,1,2,2,1,50,91,420,540,2,5
8483,,0,1,2,2,2,75,69,300,600,1,5
8484,,0,1,2,2,3,56,68,300,600,3,5
8485,,0,1,2,2,2,45,50,300,600,2,5
8486,,0,1,2,2,2,4,83,420,540,3,5
8487,,0,1,2,2,1,22,30,420,540,4,5
8488,,0,1,2,2,3,93,76,420,540,4,5
8489,,0,1,2,2,1,38,79,420,540,1,5
8490,,0,1,2,2,1,41,75,420,540,4,5
8491,,0,1,2,2,2,10,2,420,540,1,5
8492,,0,1,2,2,1,41,30,300,420,3,5
8493,,0,1,2,2,1,6,3,420,540,4,5
8494,,0,1,2,2,1,32,16,180,300,3,5
8495,,0,1,2,2,2,13,62,60,180,4,5
8496,,0,1,2,2,2,92,45,180,300,4,5
8497,,0,1,2,2,2,93,27,180,300,1,5
8498,,0,1,2,2,2,49,8,300,600,3,5
8499,,0,1,2,2,1,61,84,420,540,2,5
8500,,0,1,2,2,2,76,10,300,600,4,5
8501,,0,1,2,2,3,41,37,420,540,2,5
8502,,0,1,2,2,3,70,22,300,600,1,5
8503,,0,1,2,2,3,15,84,0,300,3,5
8504,,0,1,2,2,1,69,0,0,300,4,5
8505,,0,1,2,2,3,52,44,420,540,2,5
8506,,0,1,2,2,3,97,37,180,300,1,5
8507,,0,1,2,2,2,54,45,300,420,4,5
8508,,0,1,2,2,2,49,32,300,600,2,5
8509,,0,1,2,2,3,88,60,300,600,1,5
8510,,0,1,2,2,3,59,39,300,600,3,5
8511,,0,1,2,2,1,77,95,180,300,3,5
8512,,0,1,2,2,3,75,74,300,600,3,5
8513,,0,1,2,2,3,87,7,420,540,4,5
8514,,0,1,2,2,2,73,84,180,300,4,5
8515,,0,1,2,2,1,12,47,420,540,3,5
8516,,0,1,2,2,1,5,100,180,300,3,5
8517,,0,1,2,2,3,13,4,420,540,3,5
8518,,0,1,2,2,1,97,71,300,600,3,5
8519,,0,1,2,2,2,29,40,300,600,1,5
8520,,0,1,2,2,1,37,2,300,600,3,5
8521,,0,1,2,2,2,32,4,420,540,2,5
8522,,0,1,2,2,2,32,15,180,300,4,5
8523,,0,1,2,2,2,92,98,420,540,2,5
8524,,0,1,2,2,3,59,92,420,540,4,5
8525,,0,1,2,2,1,17,12,60,180,3,5
8526,,0,1,2,2,2,20,81,300,600,2,5
8527,,0,1,2,2,2,91,45,180,300,3,5
8528,,0,1,2,2,1,47,57,180,300,4,5
8529,,0,1,2,2,2,78,97,60,180,3,5
8530,,0,1,2,2,1,10,93,300,600,3,5
8531,,0,1,2,2,3,67,56,300,600,1,5
8532,,0,1,2,2,1,54,17,300,600,2,5
8533,,0,1,2,2,1,38,79,300,600,4,5
8534,,0,1,2,2,1,86,57,300,600,1,5
8535,,0,1,2,2,1,85,11,300,600,1,5
8536,,0,1,2,2,1,88,77,420,540,4,5
8537,,0,1,2,2,3,24,43,180,300,1,5
8538,,0,1,2,2,3,86,6,300,600,1,5
8539,,0,1,2,2,1,46,24,420,540,1,5
8540,,0,1,2,2,3,4,99,300,600,1,5
8541,,0,1,2,2,2,3,10,420,540,2,5
8542,,0,1,2,2,3,33,18,180,300,1,5
8543,,0,1,2,2,2,72,52,420,540,1,5
8544,,0,1,2,2,1,81,22,420,540,4,5
8545,,0,1,2,2,2,49,43,420,540,4,5
8546,,0,1,2,2,1,29,20,420,540,3,5
8547,,0,1,2,2,1,61,1,420,540,4,5
8548,,0,1,2,2,2,0,38,420,540,1,5
8549,,0,1,2,2,1,32,78,420,540,2,5
8550,,0,1,2,2,1,95,41,300,420,2,5
8551,,0,1,2,2,2,60,1,180,300,2,5
8552,,0,1,2,2,2,17,19,180,300,4,5
8553,,0,1,2,2,3,38,45,420,540,4,5
8554,,0,1,2,2,3,93,25,180,300,1,5
8555,,0,1,2,2,3,65,15,420,540,3,5
8556,,0,1,2,2,2,16,93,420,540,2,5
8557,,0,1,2,2,1,60,10,420,540,4,5
8558,,0,1,2,2,2,50,25,420,540,1,5
8559,,0,1,2,2,3,18,38,420,540,3,5
8560,,0,1,2,2,3,97,59,60,180,3,5
8561,,0,1,2,2,2,4,2,60,180,4,5
8562,,0,1,2,2,2,97,63,300,600,2,5
8563,,0,1,2,2,3,89,87,420,540,1,5
8564,,0,1,2,2,2,94,56,180,300,3,5
8565,,0,1,2,2,1,89,15,300,600,1,5
8566,,0,1,2,2,1,25,79,0,300,2,5
8567,,0,1,2,2,3,98,8,180,300,1,5
8568,,0,1,2,2,2,27,14,300,420,2,5
8569,,0,1,2,2,3,99,21,420,540,3,5
8570,,0,1,2,2,2,94,31,300,600,2,5
8571,,0,1,2,2,3,91,24,420,540,1,5
8572,,0,1,2,2,2,59,66,60,180,3,5
8573,,0,1,2,2,1,83,19,300,600,4,5
8574,,0,1,2,2,3,32,31,300,600,4,5
8575,,0,1,2,2,2,51,87,180,300,3,5
8576,,0,1,2,2,1,21,71,420,540,4,5
8577,,0,1,2,2,1,37,81,420,540,2,5
8578,,0,1,2,2,1,23,45,420,540,2,5
8579,,0,1,2,2,1,34,36,420,540,2,5
8580,,0,1,2,2,2,29,71,0,300,4,5
8581,,0,1,2,2,1,31,88,420,540,3,5
8582,,0,1,2,2,3,23,18,420,540,3,5
8583,,0,1,2,2,2,15,23,60,180,2,5
8584,,0,1,2,2,1,5,100,420,540,3,5
8585,,0,1,2,2,3,30,58,420,540,4,5
8586,,0,1,2,2,1,19,69,0,300,3,5
8587,,0,1,2,2,2,58,85,60,180,3,5
8588,,0,1,2,2,3,49,43,300,420,4,5
8589,,0,1,2,2,3,81,49,300,600,1,5
8590,,0,1,2,2,1,47,58,300,600,1,5
8591,,0,1,2,2,2,9,13,420,540,3,5
8592,,0,1,2,2,2,52,40,0,300,1,5
8593,,0,1,2,2,3,63,29,420,540,4,5
8594,,0,1,2,2,2,14,83,420,540,3,5
8595,,0,1,2,2,3,51,100,420,540,2,5
8596,,0,1,2,2,3,3,59,420,540,4,5
8597,,0,1,2,2,3,94,87,420,540,2,5
8598,,0,1,2,2,2,78,52,420,540,1,5
8599,,0,1,2,2,3,75,69,0,300,4,5
8600,,0,1,2,2,3,95,55,300,600,4,5
8601,,0,1,2,2,2,8,1,180,300,3,5
8602,,0,1,2,2,1,22,96,0,300,3,5
8603,,0,1,2,2,3,10,11,420,540,3,5
8604,,0,1,2,2,3,84,53,300,600,4,5
8605,,0,1,2,2,1,63,98,420,540,4,5
8606,,0,1,2,2,3,66,91,180,300,4,5
8607,,0,1,2,2,3,13,71,420,540,1,5
8608,,0,1,2,2,1,72,97,420,540,4,5
8609,,0,1,2,2,2,84,51,420,540,3,5
8610,,0,1,2,2,2,98,47,420,540,2,5
8611,,0,1,2,2,3,26,78,60,180,4,5
8612,,0,1,2,2,3,78,47,300,600,4,5
8613,,0,1,2,2,3,75,10,420,540,1,5
8614,,0,1,2,2,2,55,46,0,300,1,5
8615,,0,1,2,2,1,12,83,420,540,3,5
8616,,0,1,2,2,2,90,23,300,600,4,5
8617,,0,1,2,2,3,93,27,300,420,4,5
8618,,0,1,2,2,2,23,3,300,600,4,5
8619,,0,1,2,2,2,48,12,420,540,3,5
8620,,0,1,2,2,1,3,36,0,300,3,5
8621,,0,1,2,2,3,71,88,420,540,1,5
8622,,0,1,2,2,2,6,29,300,600,3,5
8623,,0,1,2,2,1,74,32,420,540,4,5
8624,,0,1,2,2,3,74,10,420,540,4,5
8625,,0,1,2,2,1,95,62,420,540,1,5
8626,,0,1,2,2,2,53,52,300,600,2,5
8627,,0,1,2,2,2,45,80,60,180,2,5
8628,,0,1,2,2,1,74,85,180,300,1,5
8629,,0,1,2,2,3,1,50,420,540,2,5
8630,,0,1,2,2,3,15,2,180,300,1,5
8631,,0,1,2,2,2,100,89,300,600,4,5
8632,,0,1,2,2,2,3,89,0,300,1,5
8633,,0,1,2,2,3,77,6,0,300,1,5
8634,,0,1,2,2,3,3,68,0,300,1,5
8635,,0,1,2,2,3,94,11,420,540,2,5
8636,,0,1,2,2,1,56,60,0,300,2,5
8637,,0,1,2,2,2,45,60,420,540,4,5
8638,,0,1,2,2,2,85,77,420,540,4,5
8639,,0,1,2,2,3,17,19,0,300,4,5
8640,,0,1,2,2,3,96,3,300,600,4,5
8641,,0,1,2,2,1,11,66,420,540,1,5
8642,,0,1,2,2,1,3,78,420,540,4,5
8643,,0,1,2,2,3,99,39,300,600,2,5
8644,,0,1,2,2,1,53,11,420,540,4,5
8645,,0,1,2,2,1,1,98,300,600,4,5
8646,,0,1,2,2,2,20,62,300,600,1,5
8647,,0,1,2,2,2,37,92,300,600,4,5
8648,,0,1,2,2,1,54,24,300,600,2,5
8649,,0,1,2,2,3,29,72,300,600,1,5
8650,,0,1,2,2,2,52,59,300,600,2,5
8651,,0,1,2,2,1,5,59,180,300,4,5
8652,,0,1,2,2,2,62,38,0,300,1,5
8653,,0,1,2,2,2,80,32,300,600,3,5
8654,,0,1,2,2,1,42,71,420,540,2,5
8655,,0,1,2,2,1,17,84,180,300,1,5
8656,,0,1,2,2,3,76,2,300,600,2,5
8657,,0,1,2,2,2,14,54,300,600,4,5
8658,,0,1,2,2,3,24,43,300,600,1,5
8659,,0,1,2,2,3,21,43,180,300,4,5
8660,,0,1,2,2,2,0,4,420,540,1,5
8661,,0,1,2,2,3,30,13,300,600,2,5
8662,,0,1,2,2,1,63,66,420,540,2,5
8663,,0,1,2,2,1,98,10,300,600,2,5
8664,,0,1,2,2,2,17,57,60,180,1,5
8665,,0,1,2,2,1,80,10,300,600,4,5
8666,,0,1,2,2,1,98,70,420,540,4,5
8667,,0,1,2,2,2,69,66,60,180,1,5
8668,,0,1,2,2,1,80,10,60,180,1,5
8669,,0,1,2,2,3,74,73,420,540,4,5
8670,,0,1,2,2,1,38,78,300,420,2,5
8671,,0,1,2,2,2,82,7,420,540,4,5
8672,,0,1,2,2,3,85,51,420,540,4,5
8673,,0,1,2,2,1,54,62,300,600,2,5
8674,,0,1,2,2,2,85,45,300,600,2,5
8675,,0,1,2,2,2,70,82,0,300,1,5
8676,,0,1,2,2,2,72,31,180,300,4,5
8677,,0,1,2,2,3,46,5,0,300,1,5
8678,,0,1,2,2,3,51,52,0,300,4,5
8679,,0,1,2,2,3,56,50,300,600,1,5
8680,,0,1,2,2,2,2,59,300,600,1,5
8681,,0,1,2,2,1,26,73,180,300,1,5
8682,,0,1,2,2,2,92,88,420,540,1,5
8683,,0,1,2,2,1,35,14,420,540,3,5
8684,,0,1,2,2,2,67,61,420,540,3,5
8685,,0,1,2,2,1,46,48,420,540,2,5
8686,,0,1,2,2,1,14,62,420,540,1,5
8687,,0,1,2,2,2,51,0,300,600,4,5
8688,,0,1,2,2,1,17,39,60,180,3,5
8689,,0,1,2,2,3,6,55,420,540,3,5
8690,,0,1,2,2,3,57,99,420,540,2,5
