Order,Day-Order,Time-Order,Day-Ops,Service,Type,Origin,X,Y,Early,Latest,Demand,Service Time 
,,,,,0,1,50,100,,,,0
,,,,,1,1,27,36,,,,15
,,,,,1,1,60,24,,,,15
,,,,,0,2,50,100,,,,0
,,,,,1,2,53,67,,,,15
,,,,,1,2,22,33,,,,15
1,1,0,1,1,3,2,49,75,60,180,4,5
2,1,0,1,1,3,2,22,56,60,180,3,5
3,1,0,1,1,3,1,77,62,60,180,3,5
4,1,0,1,1,3,1,69,87,60,180,2,5
5,1,0,1,1,3,2,41,31,60,180,4,5
6,1,0,1,2,3,2,59,73,60,180,4,5
7,1,0,1,1,3,2,8,24,60,180,4,5
8,1,0,1,1,3,2,94,30,60,180,4,5
9,1,0,1,1,3,2,6,57,60,180,2,5
10,1,0,1,1,3,2,55,6,60,180,1,5
11,1,0,1,1,3,2,10,83,60,180,2,5
12,1,0,1,2,3,2,51,49,300,600,1,5
13,1,0,1,1,3,2,46,24,60,180,4,5
14,1,0,1,1,3,1,73,30,60,180,2,5
15,1,0,1,1,3,2,95,96,60,180,4,5
16,1,0,1,1,3,2,90,74,60,180,2,5
17,1,0,1,1,3,1,85,93,60,180,2,5
18,1,0,1,1,3,1,39,41,60,180,3,5
19,1,0,1,1,3,2,14,22,60,180,1,5
20,1,0,1,1,3,1,16,80,60,180,4,5
21,1,0,1,1,3,1,79,27,60,180,1,5
22,1,0,1,1,3,2,55,16,60,180,3,5
23,1,0,1,1,3,2,5,3,60,180,2,5
24,1,0,1,1,3,2,45,26,60,180,3,5
25,1,0,1,1,3,1,88,63,60,180,2,5
26,1,0,1,1,3,2,36,44,60,180,2,5
27,1,0,1,1,3,2,92,37,60,180,3,5
28,1,0,1,1,3,1,96,20,60,180,1,5
29,1,0,1,1,3,1,60,96,60,180,4,5
30,1,0,1,1,3,2,78,28,60,180,4,5
31,1,0,1,1,3,1,8,25,60,180,2,5
32,1,0,1,1,3,1,8,9,60,180,4,5
33,1,0,1,1,3,2,61,29,60,180,3,5
34,1,0,1,1,3,2,52,96,60,180,2,5
35,1,0,1,1,3,2,50,42,60,180,1,5
36,1,0,1,1,3,1,47,10,60,180,2,5
37,1,0,1,1,3,2,46,33,60,180,1,5
38,1,0,1,1,3,2,73,90,60,180,1,5
39,1,0,1,1,3,1,36,56,60,180,3,5
40,1,0,1,1,3,1,22,50,60,180,1,5
41,1,0,1,1,3,1,71,93,60,180,4,5
42,1,0,1,1,3,2,49,5,60,180,3,5
43,1,0,1,1,3,2,76,14,60,180,1,5
44,1,0,1,1,3,2,52,76,60,180,3,5
45,1,0,1,1,3,2,55,55,60,180,2,5
46,1,0,1,1,3,2,1,58,60,180,3,5
47,1,0,1,1,3,1,91,4,60,180,2,5
48,1,0,1,1,3,1,76,85,60,180,1,5
49,1,0,1,1,3,2,45,89,60,180,2,5
50,1,0,1,1,3,2,24,97,60,180,3,5
51,1,0,1,1,3,1,39,21,60,180,2,5
52,1,0,1,1,3,2,32,48,60,180,4,5
53,1,0,1,1,3,1,82,83,60,180,1,5
54,1,0,1,1,3,2,33,66,60,180,4,5
55,1,0,1,1,3,2,38,4,60,180,2,5
56,1,0,1,1,3,2,5,88,60,180,4,5
57,1,0,1,1,3,1,81,89,60,180,1,5
58,1,0,1,1,3,1,8,69,60,180,3,5
59,1,0,1,1,3,1,16,98,60,180,1,5
60,1,0,1,1,3,1,31,40,60,180,1,5
61,1,0,1,1,3,1,78,22,60,180,3,5
62,1,0,1,1,3,2,46,31,60,180,4,5
63,1,0,1,1,3,1,36,25,60,180,3,5
64,1,0,1,1,3,1,73,53,60,180,2,5
65,1,0,1,1,3,1,98,97,60,180,4,5
66,1,0,1,1,3,2,100,50,60,180,3,5
67,1,0,1,1,3,1,27,57,60,180,1,5
68,1,0,1,1,3,2,67,93,60,180,4,5
69,1,0,1,1,3,2,99,42,60,180,1,5
70,1,0,1,1,3,1,66,58,60,180,4,5
71,1,0,1,1,3,1,85,87,60,180,3,5
72,1,0,1,1,3,2,64,100,60,180,4,5
73,1,0,1,1,3,2,1,82,60,180,1,5
74,1,0,1,1,3,2,27,0,60,180,4,5
75,1,0,1,1,3,2,22,20,60,180,3,5
76,1,0,1,1,3,1,10,19,60,180,3,5
77,1,0,1,1,3,1,60,35,60,180,3,5
78,1,0,1,1,3,1,68,15,60,180,3,5
79,1,0,1,1,3,1,5,43,60,180,4,5
80,1,0,1,1,3,2,32,53,60,180,4,5
81,1,0,1,1,3,1,22,11,60,180,1,5
82,1,0,1,1,3,1,42,19,60,180,3,5
83,1,0,1,1,3,1,6,18,60,180,4,5
84,1,0,1,1,3,1,41,88,60,180,2,5
85,1,0,1,2,3,2,70,98,420,540,4,5
86,1,0,1,1,3,2,55,80,60,180,3,5
87,1,0,1,1,3,2,64,61,60,180,4,5
88,1,0,1,1,3,1,75,70,60,180,2,5
89,1,0,1,1,3,2,100,0,60,180,4,5
90,1,0,1,1,3,1,61,60,60,180,3,5
91,1,0,1,2,3,1,74,78,300,600,4,5
92,1,0,1,1,3,2,70,32,60,180,2,5
93,1,0,1,1,3,2,49,11,60,180,2,5
94,1,0,1,1,3,1,5,45,60,180,4,5
95,1,0,1,1,3,2,89,35,60,180,2,5
96,1,0,1,1,3,1,30,27,60,180,3,5
97,1,0,1,1,3,1,5,39,60,180,2,5
98,1,0,1,1,3,2,91,38,60,180,1,5
99,1,0,1,1,3,1,38,60,60,180,2,5
100,1,0,1,1,3,2,43,100,60,180,2,5
101,1,0,1,1,3,2,43,93,60,180,4,5
102,1,0,1,1,3,1,28,64,60,180,3,5
103,1,0,1,1,3,1,19,73,60,180,1,5
104,1,0,1,2,3,1,86,38,60,180,1,5
105,1,0,1,1,3,1,85,43,60,180,4,5
106,1,0,1,1,3,1,24,98,60,180,3,5
107,1,0,1,1,3,1,97,64,60,180,1,5
108,1,0,1,1,3,1,77,64,60,180,3,5
109,1,0,1,2,3,1,71,65,420,540,3,5
110,1,0,1,1,3,1,18,70,60,180,3,5
111,1,0,1,1,3,2,3,30,60,180,2,5
112,1,0,1,1,3,1,77,11,60,180,1,5
113,1,0,1,1,3,2,17,59,60,180,4,5
114,1,0,1,1,3,2,54,2,60,180,4,5
115,1,0,1,1,3,1,15,72,60,180,2,5
116,1,0,1,2,3,1,52,40,420,540,4,5
117,1,0,1,1,3,2,26,15,60,180,1,5
118,1,0,1,1,3,1,69,3,60,180,4,5
119,1,0,1,1,3,2,42,35,60,180,2,5
120,1,515,2,1,3,2,7,62,0,300,4,5
121,1,596,2,2,3,1,69,25,60,180,4,5
122,1,269,2,1,3,1,12,73,60,180,2,5
123,1,223,2,1,3,2,42,59,0,300,2,5
124,1,597,2,1,3,1,13,40,180,300,3,5
125,1,376,2,1,3,1,62,8,60,180,2,5
126,1,187,2,1,3,2,86,7,60,180,3,5
127,1,535,2,1,3,1,59,14,0,300,3,5
128,1,478,2,1,3,2,47,28,60,180,1,5
129,1,301,2,1,3,2,14,93,60,180,3,5
130,1,579,2,1,3,1,96,24,180,300,3,5
131,1,414,2,1,3,2,51,61,180,300,4,5
132,1,344,2,2,3,1,31,99,0,300,4,5
133,1,281,2,1,3,2,33,63,180,300,2,5
134,1,75,2,1,3,2,55,65,60,180,3,5
135,1,437,2,1,3,1,46,95,0,300,2,5
136,1,285,2,1,3,1,79,89,180,300,2,5
137,1,141,2,1,3,2,71,22,180,300,2,5
138,1,485,2,1,3,1,33,3,0,300,2,5
139,1,329,2,1,3,2,89,76,180,300,1,5
140,1,273,2,1,3,1,62,1,0,300,4,5
141,1,495,2,1,3,2,18,70,0,300,3,5
142,1,66,2,1,3,1,97,79,0,300,4,5
143,1,506,2,1,3,1,9,51,60,180,3,5
144,1,550,2,1,3,1,16,42,60,180,4,5
145,1,279,2,1,3,1,36,67,180,300,1,5
146,1,583,2,1,3,1,64,77,0,300,3,5
147,1,507,2,2,3,1,50,64,180,300,4,5
148,1,324,2,1,3,2,10,71,0,300,2,5
149,1,37,2,1,3,2,0,75,60,180,3,5
150,1,480,2,1,3,1,19,28,60,180,4,5
151,2,394,3,1,3,1,45,64,0,300,2,5
152,4,562,5,1,3,2,90,89,0,300,1,5
153,3,81,4,1,3,2,68,87,0,300,3,5
154,2,253,2,2,3,1,30,68,420,540,2,5
155,4,91,5,1,3,2,5,25,60,180,4,5
156,7,28,7,1,3,2,42,7,60,180,4,5
157,10,29,10,1,3,2,17,21,60,180,1,5
158,3,51,3,1,3,1,93,20,60,180,4,5
159,13,381,13,2,3,1,21,5,420,540,1,5
160,1,390,1,2,3,1,20,29,420,540,1,5
161,2,513,4,1,3,1,1,55,60,180,2,5
162,2,391,2,2,3,2,97,83,420,540,2,5
163,9,291,9,2,3,1,74,53,420,540,1,5
164,3,285,4,1,3,2,78,41,0,300,4,5
165,5,221,6,1,3,2,72,45,60,180,3,5
166,9,136,9,1,3,2,27,53,180,300,3,5
167,7,209,7,2,3,1,20,69,300,600,4,5
168,2,124,2,1,3,2,32,70,180,300,4,5
169,6,317,7,1,3,1,35,76,180,300,3,5
170,5,526,6,1,3,1,76,65,180,300,2,5
171,1,358,1,2,3,2,2,100,420,540,2,5
172,9,4,9,1,3,1,29,71,60,180,2,5
173,9,270,9,2,3,2,100,61,300,420,2,5
174,7,590,8,1,3,2,67,52,60,180,1,5
175,8,484,10,1,3,1,3,56,60,180,1,5
176,4,317,4,2,3,1,44,66,420,540,3,5
177,12,493,14,1,3,2,23,87,180,300,2,5
178,14,380,14,2,3,1,11,85,420,540,2,5
179,1,511,2,1,3,2,68,86,0,300,3,5
180,14,287,14,2,3,2,66,10,420,540,2,5
181,4,537,5,1,3,2,19,96,0,300,1,5
182,11,167,12,1,3,1,79,82,0,300,4,5
183,6,192,6,2,3,2,85,81,420,540,1,5
184,1,110,1,1,3,1,44,26,180,300,1,5
185,1,422,3,1,3,2,67,68,60,180,4,5
186,8,246,8,2,3,2,22,39,420,540,4,5
187,13,268,13,2,3,1,23,48,300,420,3,5
188,1,481,2,1,3,1,22,72,0,300,2,5
189,9,382,11,1,3,1,61,60,0,300,1,5
190,2,231,2,2,3,1,15,39,420,540,4,5
191,6,354,6,2,3,2,70,24,420,540,2,5
192,3,570,4,1,3,2,95,18,180,300,3,5
193,12,215,13,1,3,1,4,30,180,300,1,5
194,2,497,4,1,3,1,11,45,60,180,2,5
195,12,337,13,1,3,2,71,12,180,300,2,5
196,3,12,3,1,3,1,0,38,60,180,3,5
197,2,129,3,1,3,1,22,98,180,300,3,5
198,3,504,5,1,3,2,80,87,0,300,1,5
199,7,453,8,1,3,2,26,45,0,300,2,5
200,3,300,3,2,3,2,92,1,420,540,2,5
201,6,33,7,1,3,1,56,44,60,180,2,5
202,11,224,12,1,3,1,32,23,60,180,3,5
203,1,149,2,1,3,1,69,72,0,300,1,5
204,11,370,11,2,3,1,71,25,420,540,2,5
205,5,329,5,2,3,1,23,76,420,540,1,5
206,7,67,8,1,3,1,29,17,180,300,3,5
207,1,336,2,1,3,1,31,68,60,180,3,5
208,5,51,6,1,3,2,61,24,0,300,3,5
209,2,243,3,1,3,1,50,29,180,300,3,5
210,13,59,14,1,3,1,68,30,60,180,1,5
211,4,170,4,1,3,2,9,73,180,300,4,5
212,10,120,11,1,3,2,94,73,60,180,2,5
213,3,403,3,2,3,1,63,11,420,540,4,5
214,10,248,11,1,3,2,49,25,0,300,3,5
215,2,48,3,1,3,1,29,57,180,300,3,5
216,3,346,4,1,3,1,27,57,0,300,1,5
217,12,520,14,1,3,2,18,56,60,180,3,5
218,5,599,6,1,3,2,82,71,0,300,1,5
219,13,329,13,2,3,2,45,15,420,540,1,5
220,3,573,4,1,3,1,55,90,60,180,2,5
221,13,365,14,1,3,1,89,27,180,300,3,5
222,14,356,14,2,3,1,16,54,420,540,3,5
223,2,483,3,1,3,2,37,14,60,180,2,5
224,12,590,13,1,3,1,95,21,0,300,3,5
225,10,141,10,1,3,2,12,80,180,300,3,5
226,2,250,2,2,3,2,75,56,420,540,1,5
227,5,596,7,1,3,2,50,19,0,300,4,5
228,13,315,14,1,3,2,61,3,180,300,2,5
229,13,600,15,1,3,2,44,76,180,300,4,5
230,4,240,5,1,3,2,83,32,180,300,4,5
231,4,267,4,2,3,1,86,22,300,420,1,5
232,13,181,13,2,3,2,14,6,420,540,2,5
233,2,96,2,1,3,2,33,40,180,300,2,5
234,13,258,13,2,3,1,3,21,420,540,2,5
235,10,290,10,2,3,2,18,49,300,600,1,5
236,3,462,5,1,3,1,67,97,0,300,2,5
237,11,187,12,1,3,1,6,8,180,300,2,5
238,13,480,14,1,3,1,94,35,180,300,4,5
239,1,134,1,1,3,2,33,41,180,300,2,5
240,11,145,12,1,3,1,22,54,60,180,2,5
241,14,95,14,1,3,1,16,21,180,300,3,5
242,2,50,3,1,3,1,11,89,180,300,3,5
243,13,0,13,1,3,2,46,86,60,180,4,5
244,4,315,4,2,3,1,53,65,420,540,1,5
245,9,247,9,2,3,2,58,43,420,540,3,5
246,4,535,6,1,3,2,74,67,0,300,4,5
247,14,103,14,1,3,1,60,15,180,300,2,5
248,12,190,12,2,3,2,38,55,300,420,4,5
249,10,348,10,2,3,2,26,67,420,540,1,5
250,11,177,11,1,3,1,40,89,180,300,3,5
251,14,338,15,1,3,2,76,89,60,180,2,5
252,14,132,14,1,3,1,28,4,180,300,3,5
253,4,49,5,1,3,2,17,85,60,180,3,5
254,5,220,6,1,3,2,74,13,180,300,4,5
255,4,316,5,1,3,2,88,61,0,300,4,5
256,14,280,14,2,3,2,71,41,300,420,4,5
257,12,181,12,2,3,2,47,47,300,420,1,5
258,10,260,11,1,3,2,88,100,0,300,2,5
259,4,107,4,1,3,1,98,57,180,300,1,5
260,11,93,12,1,3,2,40,7,180,300,2,5
261,5,187,5,2,3,1,9,31,420,540,3,5
262,9,179,9,1,3,2,83,65,180,300,3,5
263,9,470,11,1,3,2,26,16,180,300,4,5
264,14,8,14,1,3,2,89,6,60,180,1,5
265,8,126,8,1,3,1,77,4,180,300,3,5
266,6,173,7,1,3,2,2,66,60,180,3,5
267,12,597,13,1,3,2,25,61,180,300,2,5
268,9,346,9,2,3,2,5,27,420,540,3,5
269,14,342,15,1,3,1,52,29,60,180,2,5
270,11,517,12,1,3,2,76,24,60,180,1,5
271,3,458,4,1,3,1,34,9,60,180,3,5
272,8,407,8,2,3,2,29,75,420,540,2,5
273,3,466,5,1,3,2,76,31,180,300,3,5
274,9,88,10,1,3,1,66,21,180,300,1,5
275,7,226,8,1,3,2,60,55,60,180,1,5
276,9,550,11,1,3,1,34,78,60,180,4,5
277,9,358,9,2,3,2,77,70,420,540,4,5
278,11,291,11,2,3,1,22,46,420,540,1,5
279,5,418,5,2,3,1,61,4,420,540,3,5
280,11,340,11,2,3,1,36,63,420,540,2,5
281,14,466,16,1,3,1,42,93,180,300,2,5
282,3,51,4,1,3,2,50,100,180,300,2,5
283,5,398,6,1,3,1,84,14,180,300,3,5
284,12,35,13,1,3,2,21,69,180,300,2,5
285,9,377,9,2,3,1,96,89,420,540,2,5
286,3,335,4,1,3,1,44,96,60,180,3,5
287,11,70,11,1,3,1,69,64,180,300,3,5
288,2,349,2,2,3,1,83,29,420,540,4,5
289,6,400,6,2,3,2,31,11,420,540,1,5
290,10,143,11,1,3,1,55,74,0,300,2,5
291,4,352,4,2,3,1,36,83,420,540,3,5
292,7,463,9,1,3,1,10,70,0,300,3,5
293,12,52,12,1,3,2,87,4,60,180,1,5
294,12,40,12,1,3,1,5,37,60,180,2,5
295,6,359,7,1,3,1,64,44,0,300,3,5
296,5,573,6,1,3,2,99,93,60,180,1,5
297,8,1,9,1,3,1,23,93,180,300,1,5
298,6,470,7,1,3,2,2,38,180,300,1,5
299,1,220,2,1,3,2,39,83,0,300,2,5
300,2,2,2,1,3,2,56,27,60,180,4,5
301,9,222,9,2,3,2,97,10,300,420,3,5
302,1,584,3,1,3,2,5,79,60,180,1,5
303,5,508,7,1,3,1,15,60,180,300,4,5
304,3,529,4,1,3,2,9,18,60,180,4,5
305,7,339,8,1,3,2,30,6,180,300,1,5
306,14,271,15,1,3,1,96,15,180,300,4,5
307,14,580,15,1,3,2,46,56,180,300,3,5
308,7,104,7,1,3,1,3,10,180,300,2,5
309,14,286,14,2,3,2,7,53,420,540,3,5
310,5,393,6,1,3,1,96,22,0,300,2,5
311,11,412,13,1,3,2,46,3,0,300,3,5
312,3,328,4,1,3,2,34,83,0,300,3,5
313,11,427,12,1,3,2,100,95,180,300,4,5
314,4,131,4,1,3,1,84,96,180,300,4,5
315,7,488,8,1,3,1,87,37,180,300,3,5
316,6,332,6,2,3,2,43,52,420,540,1,5
317,1,588,2,1,3,2,99,92,60,180,2,5
318,7,23,8,1,3,1,2,64,180,300,1,5
319,7,485,9,1,3,1,90,44,60,180,3,5
320,6,577,8,1,3,2,64,50,180,300,2,5
321,2,423,3,1,3,1,86,94,180,300,4,5
322,9,164,10,1,3,1,53,36,60,180,3,5
323,14,267,15,1,3,2,27,25,60,180,2,5
324,14,139,14,1,3,1,35,63,180,300,1,5
325,12,498,13,1,3,1,59,21,180,300,3,5
326,11,544,12,1,3,2,41,68,180,300,4,5
327,9,364,10,1,3,1,69,16,0,300,2,5
328,3,47,4,1,3,2,58,78,0,300,3,5
329,12,224,12,2,3,2,3,43,420,540,2,5
330,14,499,15,1,3,1,78,43,0,300,3,5
331,11,529,13,1,3,1,39,22,60,180,3,5
332,6,290,6,2,3,2,12,57,420,540,4,5
333,1,576,3,1,3,1,11,35,60,180,3,5
334,5,316,5,2,3,2,71,82,420,540,4,5
335,8,403,8,2,3,1,81,37,420,540,2,5
336,13,370,14,1,3,2,79,25,60,180,4,5
337,6,121,6,1,3,2,57,86,180,300,3,5
338,8,420,8,2,3,2,92,19,420,540,3,5
339,14,271,14,2,3,2,77,9,300,600,1,5
340,14,298,15,1,3,2,67,88,0,300,4,5
341,5,128,5,1,3,2,80,49,180,300,3,5
342,2,194,2,2,3,1,76,76,420,540,4,5
343,7,335,7,2,3,2,83,0,420,540,3,5
344,5,246,5,2,3,2,56,27,420,540,1,5
345,2,529,4,1,3,2,97,68,0,300,1,5
346,12,404,12,2,3,2,85,97,420,540,2,5
347,4,329,4,2,3,2,87,29,420,540,2,5
348,1,265,1,2,3,2,8,87,300,420,1,5
349,10,225,10,2,3,2,49,94,300,420,2,5
350,3,587,5,1,3,2,12,26,0,300,4,5
351,8,412,10,1,3,2,33,7,0,300,2,5
352,11,227,11,2,3,2,70,2,300,600,1,5
353,8,10,8,1,3,1,92,62,60,180,2,5
354,8,398,9,1,3,2,21,58,0,300,1,5
355,3,298,4,1,3,1,50,39,180,300,4,5
356,2,493,3,1,3,2,53,85,180,300,1,5
357,12,344,13,1,3,2,42,23,0,300,1,5
358,6,285,8,1,3,2,68,54,0,300,1,5
359,13,522,14,1,3,2,36,11,0,300,2,5
360,9,267,10,1,3,1,28,85,180,300,2,5
361,9,339,9,2,3,2,95,58,420,540,1,5
362,7,256,8,1,3,1,64,43,60,180,3,5
363,7,583,9,1,3,2,91,9,180,300,3,5
364,12,92,12,1,3,2,33,39,180,300,2,5
365,7,169,7,1,3,1,8,96,180,300,4,5
366,9,349,10,1,3,1,22,89,60,180,3,5
367,10,241,10,2,3,2,17,48,300,420,3,5
368,13,80,14,1,3,1,65,45,180,300,1,5
369,4,37,5,1,3,2,15,44,60,180,2,5
370,12,538,14,1,3,1,26,13,60,180,1,5
371,2,62,2,2,3,2,77,37,300,420,4,5
372,1,78,2,1,3,2,16,18,0,300,2,5
373,8,370,8,2,3,2,17,18,420,540,4,5
374,10,331,11,1,3,2,74,70,0,300,1,5
375,2,527,3,1,3,1,58,0,60,180,1,5
376,12,437,14,1,3,2,49,71,60,180,3,5
377,11,159,11,1,3,2,85,22,180,300,4,5
378,1,45,1,1,3,1,31,4,60,180,1,5
379,3,551,5,1,3,2,89,54,60,180,3,5
380,6,160,7,1,3,2,55,78,0,300,1,5
381,12,542,14,1,3,2,52,3,60,180,3,5
382,14,70,15,1,3,1,65,79,0,300,4,5
383,2,336,4,1,3,1,85,9,60,180,1,5
384,11,330,11,2,3,2,82,38,420,540,3,5
385,5,493,7,1,3,2,2,8,0,300,1,5
386,6,72,6,1,3,2,44,77,180,300,1,5
387,5,303,6,2,3,2,50,4,420,540,3,5
388,2,34,3,1,3,2,68,66,180,300,3,5
389,8,201,8,2,3,1,53,29,300,420,3,5
390,13,335,13,2,3,2,77,68,420,540,4,5
391,5,311,7,1,3,1,88,77,60,180,3,5
392,3,9,3,1,3,2,3,71,60,180,2,5
393,2,333,2,2,3,2,57,98,420,540,3,5
394,3,420,3,2,3,1,55,85,420,540,2,5
395,9,217,9,2,3,2,25,27,420,540,2,5
396,8,100,8,1,3,2,69,50,180,300,4,5
397,11,553,13,1,3,2,4,60,60,180,2,5
398,13,217,13,2,3,1,55,50,420,540,4,5
399,12,331,13,1,3,2,28,66,180,300,1,5
400,8,589,10,1,3,1,17,70,180,300,4,5
401,8,216,8,2,3,2,35,73,300,420,1,5
402,11,196,11,2,3,2,81,92,300,420,3,5
403,7,551,8,1,3,2,95,94,180,300,2,5
404,1,361,1,2,3,2,62,71,420,540,2,5
405,1,62,1,1,3,2,49,66,180,300,2,5
406,9,258,9,2,3,2,18,100,300,600,4,5
407,6,39,6,1,3,2,83,77,60,180,4,5
408,2,330,3,1,3,1,50,38,180,300,1,5
409,2,449,4,1,3,2,32,88,60,180,1,5
410,6,286,7,1,3,2,56,37,180,300,2,5
411,1,530,2,1,3,2,5,48,180,300,1,5
412,4,265,4,2,3,2,10,57,300,420,2,5
413,13,457,14,1,3,1,63,48,60,180,3,5
414,9,49,9,1,3,1,41,55,60,180,4,5
415,9,212,10,1,3,1,87,39,180,300,1,5
416,3,385,3,2,3,1,88,9,420,540,4,5
417,6,34,7,1,3,2,92,16,180,300,4,5
418,3,498,4,1,3,1,93,22,60,180,3,5
419,5,313,5,2,3,2,13,66,420,540,3,5
420,5,393,6,1,3,1,38,13,180,300,4,5
421,2,321,2,2,3,1,40,59,420,540,2,5
422,14,583,15,1,3,1,83,0,0,300,4,5
423,5,59,5,1,3,1,17,96,60,180,2,5
424,3,278,3,2,3,2,72,22,420,540,2,5
425,5,197,6,1,3,1,93,41,180,300,3,5
426,1,131,2,1,3,2,72,52,60,180,3,5
427,10,131,10,1,3,1,53,98,180,300,3,5
428,5,52,5,1,3,1,77,1,60,180,3,5
429,5,476,6,1,3,2,1,19,180,300,2,5
430,4,187,6,1,3,2,61,49,180,300,4,5
431,13,574,14,1,3,2,1,11,60,180,2,5
432,6,166,7,1,3,1,46,61,180,300,4,5
433,14,516,16,1,3,2,64,65,60,180,1,5
434,12,55,12,1,3,1,54,66,60,180,2,5
435,14,126,14,1,3,1,14,41,180,300,3,5
436,5,116,5,1,3,1,89,28,180,300,3,5
437,5,358,5,2,3,2,89,20,420,540,1,5
438,2,479,3,1,3,2,28,7,180,300,3,5
439,8,480,10,1,3,2,67,100,60,180,3,5
440,9,26,11,1,3,1,40,87,180,300,3,5
441,5,347,7,2,3,2,59,17,0,300,4,5
442,9,178,9,1,3,2,31,54,180,300,3,5
443,7,87,7,1,3,1,28,65,180,300,4,5
444,13,376,13,2,3,2,53,72,420,540,1,5
445,13,266,14,1,3,1,71,29,60,180,2,5
446,12,537,13,2,3,1,83,23,180,300,2,5
447,12,246,12,2,3,2,39,63,420,540,4,5
448,1,438,2,1,3,1,24,59,0,300,3,5
449,14,172,15,2,3,1,98,39,180,300,1,5
450,1,360,1,2,3,1,1,40,420,540,4,5
451,8,335,10,1,3,2,7,56,180,300,4,5
452,2,454,3,2,3,2,68,70,420,540,4,5
453,6,131,6,1,3,1,56,99,180,300,1,5
454,14,157,14,1,3,1,32,4,180,300,4,5
455,14,257,14,2,3,1,86,9,300,420,2,5
456,11,300,11,2,3,1,62,84,420,540,2,5
457,14,11,14,1,3,2,15,24,60,180,3,5
458,2,385,3,1,3,1,97,35,0,300,1,5
459,8,322,8,2,3,1,8,5,420,540,1,5
460,12,557,13,1,3,2,45,68,60,180,4,5
461,4,265,4,2,3,2,94,62,300,600,1,5
462,5,566,7,2,3,1,64,81,420,540,1,5
463,2,182,2,2,3,1,92,82,300,600,2,5
464,13,172,13,1,3,1,96,17,180,300,4,5
465,1,149,1,1,3,1,16,33,180,300,1,5
466,5,33,5,1,3,2,52,37,60,180,1,5
467,4,360,5,2,3,2,88,70,420,540,2,5
468,6,162,8,1,3,2,67,10,60,180,3,5
469,14,87,15,1,3,1,1,51,60,180,1,5
470,2,460,4,1,3,2,54,77,180,300,2,5
471,10,128,11,1,3,1,10,55,180,300,1,5
472,1,347,1,2,3,1,98,90,420,540,3,5
473,14,533,16,1,3,1,23,60,180,300,2,5
474,9,236,10,1,3,2,97,22,180,300,1,5
475,5,301,6,1,3,2,34,14,0,300,3,5
476,12,329,12,2,3,1,22,88,420,540,4,5
477,13,247,14,2,3,1,85,95,300,600,2,5
478,7,568,9,1,3,1,77,91,0,300,1,5
479,10,378,10,2,3,1,46,66,420,540,1,5
480,1,10,1,1,3,1,53,23,60,180,2,5
481,1,503,2,1,3,1,58,65,180,300,2,5
482,4,457,5,1,3,1,42,49,60,180,3,5
483,3,12,3,1,3,1,7,26,60,180,2,5
484,5,102,5,1,3,1,10,57,180,300,1,5
485,9,242,10,1,3,2,82,47,60,180,2,5
486,8,67,8,1,3,1,62,27,180,300,3,5
487,10,197,10,2,3,1,94,51,300,420,1,5
488,4,471,5,1,3,2,53,0,0,300,1,5
489,7,156,8,1,3,1,4,77,0,300,3,5
490,14,344,14,2,3,2,88,100,420,540,2,5
491,4,582,6,1,3,1,64,15,60,180,1,5
492,12,153,13,1,3,2,31,47,60,180,1,5
493,12,114,12,1,3,1,65,45,180,300,3,5
494,13,451,15,1,3,1,39,64,0,300,4,5
495,9,145,10,1,3,2,18,58,0,300,3,5
496,1,528,3,1,3,2,40,39,60,180,1,5
497,4,212,5,1,3,2,52,35,0,300,1,5
498,7,282,7,2,3,1,28,87,300,420,3,5
499,12,403,13,1,3,1,50,88,60,180,3,5
500,11,440,13,1,3,2,51,18,0,300,4,5
501,6,318,6,2,3,1,57,79,420,540,4,5
502,13,76,13,1,3,2,82,3,180,300,4,5
503,7,236,8,1,3,2,17,85,60,180,1,5
504,14,398,14,2,3,2,24,60,420,540,1,5
505,4,133,4,1,3,1,35,85,180,300,1,5
506,3,553,4,1,3,2,70,76,180,300,1,5
507,8,104,8,1,3,1,38,93,180,300,1,5
508,1,459,2,1,3,1,38,97,60,180,2,5
509,2,48,3,1,3,1,71,87,0,300,1,5
510,7,324,7,2,3,2,59,25,420,540,4,5
511,4,376,4,2,3,2,33,10,420,540,2,5
512,14,251,15,1,3,2,71,15,60,180,4,5
513,10,502,11,1,3,1,83,57,60,180,2,5
514,14,521,15,1,3,1,4,19,0,300,3,5
515,12,66,13,1,3,1,20,3,60,180,3,5
516,5,275,6,1,3,1,63,0,180,300,4,5
517,8,109,8,1,3,2,91,51,180,300,3,5
518,10,44,10,1,3,2,83,48,60,180,1,5
519,8,298,9,1,3,1,5,63,60,180,3,5
520,12,290,12,2,3,2,14,96,420,540,2,5
521,12,278,12,2,3,1,8,69,300,420,3,5
522,5,80,5,1,3,1,84,84,180,300,2,5
523,14,31,14,1,3,1,35,2,60,180,1,5
524,3,483,4,1,3,2,89,95,180,300,1,5
525,10,4,10,1,3,1,91,51,60,180,4,5
526,11,12,11,1,3,1,9,47,60,180,2,5
527,13,79,14,1,3,2,26,35,60,180,1,5
528,4,528,5,1,3,2,12,65,180,300,3,5
529,11,169,11,1,3,2,82,0,180,300,3,5
530,10,114,10,1,3,2,98,18,180,300,2,5
531,13,573,14,1,3,2,49,32,0,300,1,5
532,13,317,13,2,3,2,88,42,420,540,4,5
533,3,51,4,1,3,2,40,5,180,300,2,5
534,7,570,9,1,3,2,91,10,60,180,4,5
535,5,322,6,1,3,1,39,87,180,300,4,5
536,6,127,6,1,3,2,34,51,180,300,2,5
537,13,229,14,1,3,2,98,47,0,300,4,5
538,8,360,8,2,3,1,63,71,420,540,3,5
539,2,392,3,1,3,1,59,39,180,300,2,5
540,12,385,12,2,3,2,8,7,420,540,1,5
541,3,571,4,1,3,2,93,50,60,180,2,5
542,13,205,13,2,3,2,87,67,300,420,4,5
543,1,421,3,1,3,1,0,6,0,300,1,5
544,8,595,10,1,3,2,44,80,180,300,1,5
545,9,414,9,2,3,1,79,59,420,540,2,5
546,3,411,4,1,3,2,45,62,60,180,2,5
547,5,447,6,1,3,2,48,4,180,300,3,5
548,4,178,5,1,3,2,76,22,180,300,1,5
549,2,154,2,1,3,1,28,27,180,300,2,5
550,6,243,8,1,3,2,19,49,0,300,3,5
551,8,582,9,1,3,1,76,35,60,180,2,5
552,1,23,1,1,3,1,48,69,60,180,3,5
553,2,172,2,1,3,2,25,100,180,300,2,5
554,4,137,4,2,3,1,63,80,180,300,1,5
555,14,437,16,1,3,1,57,12,180,300,3,5
556,13,426,15,1,3,2,96,42,0,300,1,5
557,13,67,14,1,3,1,53,91,0,300,1,5
558,6,304,7,1,3,2,76,13,0,300,1,5
559,3,593,5,1,3,2,13,1,180,300,2,5
560,11,137,11,1,3,1,37,67,180,300,2,5
561,3,193,3,2,3,2,30,55,420,540,2,5
562,12,187,12,2,3,1,25,38,300,600,4,5
563,2,88,2,1,3,1,27,54,180,300,2,5
564,4,154,4,1,3,2,57,43,180,300,4,5
565,13,327,13,2,3,1,50,77,420,540,3,5
566,9,499,10,1,3,1,42,62,0,300,2,5
567,8,74,8,1,3,2,22,65,180,300,1,5
568,13,366,13,2,3,1,79,15,420,540,1,5
569,11,316,12,1,3,2,49,7,180,300,4,5
570,9,218,9,2,3,2,94,60,420,540,3,5
571,6,421,7,1,3,2,37,12,60,180,2,5
572,7,291,7,2,3,1,70,30,300,420,1,5
573,5,219,6,1,3,1,9,30,60,180,2,5
574,2,128,2,1,3,1,9,41,180,300,3,5
575,11,64,12,2,3,2,76,65,420,540,3,5
576,6,147,6,1,3,1,48,38,180,300,3,5
577,8,255,9,1,3,2,93,49,0,300,4,5
578,2,180,2,1,3,1,30,43,180,300,2,5
579,10,482,11,1,3,2,86,92,0,300,2,5
580,9,45,9,1,3,2,56,42,60,180,1,5
581,5,303,6,1,3,2,70,11,60,180,3,5
582,12,438,14,1,3,1,8,76,60,180,4,5
583,12,174,12,1,3,2,81,35,180,300,1,5
584,7,97,7,1,3,1,8,28,180,300,2,5
585,6,115,7,1,3,2,0,61,0,300,3,5
586,9,317,10,1,3,2,67,90,60,180,3,5
587,5,120,6,1,3,1,90,81,60,180,4,5
588,9,576,10,1,3,2,2,15,0,300,4,5
589,10,8,12,1,3,2,54,90,60,180,3,5
590,3,435,4,1,3,1,42,3,60,180,4,5
591,7,358,7,2,3,1,29,58,420,540,1,5
592,12,134,12,1,3,2,77,93,180,300,1,5
593,12,420,12,2,3,2,46,39,420,540,1,5
594,4,592,5,1,3,2,48,27,180,300,1,5
595,8,81,9,1,3,1,60,23,60,180,1,5
596,12,425,13,1,3,1,77,7,60,180,1,5
597,8,3,9,1,3,2,35,81,60,180,4,5
598,13,382,13,2,3,2,94,24,420,540,2,5
599,7,214,7,2,3,1,92,69,300,420,1,5
600,12,258,13,1,3,2,12,91,180,300,3,5
601,9,126,9,1,3,2,53,7,180,300,1,5
602,7,313,9,1,3,2,9,29,180,300,1,5
603,8,303,8,2,3,2,0,41,420,540,1,5
604,5,323,6,1,3,2,6,6,180,300,4,5
605,10,478,11,2,3,1,22,80,420,540,1,5
606,14,464,15,1,3,1,79,15,60,180,1,5
607,1,149,2,1,3,2,40,19,180,300,4,5
608,12,525,14,1,3,1,34,75,60,180,3,5
609,11,208,12,1,3,1,83,93,0,300,4,5
610,8,306,8,2,3,1,75,59,420,540,3,5
611,1,343,1,2,3,2,46,75,420,540,4,5
612,4,97,5,1,3,1,55,34,60,180,4,5
613,10,307,11,1,3,2,8,48,180,300,1,5
614,11,545,13,1,3,2,10,51,60,180,2,5
615,12,549,14,1,3,1,91,40,0,300,2,5
616,14,432,16,1,3,1,58,66,0,300,4,5
617,12,79,12,2,3,1,30,38,300,420,4,5
618,4,0,4,1,3,2,50,15,60,180,4,5
619,10,347,11,1,3,1,92,50,0,300,3,5
620,11,265,11,2,3,2,58,32,420,540,2,5
621,3,14,4,1,3,1,85,78,180,300,3,5
622,1,156,1,1,3,2,39,5,180,300,1,5
623,9,367,9,2,3,1,98,64,420,540,3,5
624,7,535,8,1,3,1,6,68,0,300,4,5
625,7,412,8,1,3,2,65,18,0,300,3,5
626,3,261,4,1,3,1,94,70,0,300,2,5
627,5,414,5,2,3,2,51,92,420,540,3,5
628,10,433,11,1,3,2,48,57,180,300,2,5
629,7,33,7,1,3,2,92,23,60,180,1,5
630,8,137,10,1,3,2,27,23,60,180,1,5
631,7,206,8,1,3,2,71,2,180,300,3,5
632,13,430,14,1,3,1,29,20,0,300,1,5
633,11,487,12,1,3,1,81,10,180,300,3,5
634,10,157,11,1,3,1,73,78,180,300,1,5
635,6,323,6,2,3,2,13,15,420,540,4,5
636,12,170,13,2,3,1,6,4,60,180,4,5
637,14,583,15,1,3,1,53,13,180,300,3,5
638,11,556,13,1,3,2,21,75,180,300,1,5
639,6,366,6,2,3,2,67,2,420,540,3,5
640,13,494,15,1,3,1,1,86,180,300,2,5
641,2,560,3,1,3,1,80,94,180,300,3,5
642,6,247,6,2,3,1,97,9,420,540,2,5
643,14,95,15,1,3,1,95,93,0,300,1,5
644,3,456,4,1,3,1,61,74,180,300,1,5
645,14,398,15,1,3,2,30,55,60,180,4,5
646,2,91,2,1,3,2,17,82,180,300,4,5
647,7,60,7,1,3,2,74,37,180,300,3,5
648,5,77,6,1,3,1,19,9,180,300,1,5
649,6,578,8,1,3,1,74,90,180,300,3,5
650,4,215,4,2,3,2,57,33,300,600,2,5
651,7,203,8,1,3,2,72,37,180,300,1,5
652,12,107,13,1,3,2,60,14,180,300,3,5
653,13,556,14,1,3,1,6,17,60,180,1,5
654,14,505,15,1,3,2,9,51,0,300,1,5
655,8,550,9,1,3,2,66,56,180,300,4,5
656,13,48,13,1,3,2,59,44,60,180,2,5
657,11,255,12,1,3,2,68,29,60,180,1,5
658,14,567,15,1,3,2,9,66,60,180,1,5
659,7,240,7,2,3,2,86,19,420,540,1,5
660,1,6,1,1,3,1,42,12,60,180,2,5
661,1,170,1,1,3,2,20,11,180,300,2,5
662,12,511,13,1,3,2,71,24,180,300,4,5
663,13,170,13,1,3,1,97,6,180,300,4,5
664,14,470,16,1,3,2,49,15,180,300,2,5
665,6,224,6,2,3,2,12,38,420,540,2,5
666,1,451,3,1,3,2,2,10,0,300,1,5
667,11,385,11,2,3,1,57,60,420,540,1,5
668,1,301,1,2,3,1,88,93,420,540,3,5
669,9,228,9,2,3,2,38,57,300,420,1,5
670,1,360,1,2,3,1,66,84,420,540,1,5
671,6,327,6,2,3,2,21,67,420,540,4,5
672,11,580,13,1,3,2,95,96,180,300,2,5
673,9,80,9,1,3,1,56,69,180,300,1,5
674,2,9,2,1,3,1,51,42,60,180,1,5
675,2,577,4,1,3,2,1,24,180,300,4,5
676,3,489,4,1,3,2,58,100,180,300,3,5
677,1,203,2,1,3,2,13,67,60,180,4,5
678,3,269,4,1,3,2,23,53,60,180,1,5
679,7,220,7,2,3,1,68,62,300,600,2,5
680,3,265,5,1,3,2,0,13,60,180,3,5
681,3,143,4,1,3,2,44,90,60,180,3,5
682,12,443,14,1,3,2,42,40,180,300,3,5
683,9,474,10,1,3,2,39,97,0,300,4,5
684,13,468,14,1,3,2,41,3,180,300,1,5
685,7,271,8,1,3,1,68,95,0,300,2,5
686,8,246,9,1,3,2,59,28,60,180,3,5
687,10,111,10,1,3,2,37,26,180,300,3,5
688,5,111,6,1,3,1,88,27,60,180,3,5
689,8,246,8,2,3,1,35,20,300,600,1,5
690,6,279,7,1,3,2,70,42,60,180,3,5
691,14,163,15,1,3,1,75,30,0,300,4,5
692,1,176,2,1,3,1,31,99,60,180,4,5
693,7,338,8,1,3,2,1,9,60,180,4,5
694,10,409,11,1,3,2,76,95,0,300,3,5
695,9,266,9,2,3,2,48,85,420,540,4,5
696,13,244,14,1,3,2,73,59,0,300,4,5
697,10,73,10,1,3,1,35,34,180,300,1,5
698,11,322,11,2,3,1,14,94,420,540,4,5
699,13,88,14,1,3,1,57,20,0,300,2,5
700,12,52,12,1,3,2,98,67,60,180,3,5
701,12,196,13,1,3,1,8,68,180,300,2,5
702,9,138,9,1,3,1,21,37,180,300,3,5
703,4,418,5,1,3,1,34,31,180,300,3,5
704,6,379,6,2,3,2,49,67,420,540,1,5
705,8,352,8,2,3,1,70,21,420,540,2,5
706,8,64,8,1,3,1,92,70,180,300,4,5
707,1,449,2,1,3,1,25,84,0,300,1,5
708,3,217,5,1,3,2,76,5,180,300,2,5
709,1,298,2,1,3,1,8,32,0,300,2,5
710,7,511,8,1,3,1,24,98,60,180,1,5
711,9,552,11,1,3,1,74,16,60,180,3,5
712,7,160,8,1,3,1,47,50,60,180,1,5
713,10,399,10,2,3,1,41,55,420,540,3,5
714,8,262,8,2,3,2,36,78,420,540,2,5
715,3,178,4,1,3,1,3,48,0,300,1,5
716,13,377,14,1,3,1,19,81,180,300,4,5
717,13,6,13,1,3,1,1,11,60,180,1,5
718,13,311,14,1,3,2,28,83,180,300,3,5
719,8,558,9,1,3,2,81,56,180,300,1,5
720,7,132,8,1,3,1,88,82,60,180,4,5
721,4,405,5,1,3,2,29,31,0,300,4,5
722,2,57,3,1,3,2,66,59,0,300,2,5
723,4,558,6,1,3,1,81,60,0,300,2,5
724,12,88,13,1,3,1,36,39,0,300,2,5
725,1,146,1,1,3,2,15,82,180,300,3,5
726,14,497,15,1,3,1,30,57,0,300,2,5
727,3,411,3,2,3,1,26,95,420,540,4,5
728,7,40,8,1,3,1,37,64,180,300,3,5
729,8,501,9,1,3,2,86,37,0,300,2,5
730,5,353,5,2,3,2,11,99,420,540,4,5
731,6,426,8,1,3,2,0,16,0,300,1,5
732,11,42,11,2,3,1,59,48,60,180,3,5
733,7,185,7,2,3,1,51,84,300,420,3,5
734,3,106,3,1,3,2,3,91,180,300,3,5
735,5,421,7,1,3,2,70,42,0,300,3,5
736,2,181,2,2,3,1,50,1,300,600,4,5
737,7,521,9,1,3,2,8,34,60,180,3,5
738,8,247,8,2,3,1,70,93,300,420,3,5
739,12,546,14,1,3,1,65,50,60,180,3,5
740,8,78,9,1,3,2,69,85,0,300,3,5
741,7,561,9,1,3,1,36,45,0,300,3,5
742,8,426,10,1,3,1,47,3,60,180,4,5
743,3,168,3,1,3,2,84,10,180,300,4,5
744,3,260,3,2,3,1,64,39,420,540,4,5
745,4,25,4,2,3,1,48,72,180,300,1,5
746,1,71,1,1,3,1,100,86,180,300,3,5
747,10,252,10,2,3,2,97,84,420,540,3,5
748,7,172,7,1,3,2,17,9,180,300,1,5
749,12,600,14,1,3,2,56,85,180,300,4,5
750,1,226,2,1,3,2,41,48,180,300,1,5
751,4,499,5,1,3,2,51,83,180,300,2,5
752,10,300,11,1,3,2,44,40,60,180,1,5
753,8,534,9,1,3,1,99,13,180,300,3,5
754,8,574,10,1,3,2,79,87,60,180,2,5
755,1,300,1,2,3,1,77,70,420,540,2,5
756,6,329,6,2,3,2,74,29,420,540,4,5
757,7,469,9,1,3,1,71,75,60,180,1,5
758,12,68,12,1,3,1,76,67,180,300,2,5
759,13,34,13,1,3,1,56,5,60,180,3,5
760,5,40,5,1,3,2,33,85,60,180,2,5
761,5,21,5,1,3,1,2,95,60,180,4,5
762,1,102,1,1,3,2,21,35,180,300,2,5
763,4,94,4,1,3,2,44,67,180,300,1,5
764,6,225,7,1,3,2,87,75,60,180,1,5
765,8,370,9,1,3,2,98,15,60,180,1,5
766,3,449,5,1,3,2,86,53,60,180,1,5
767,2,93,2,1,3,2,76,42,180,300,2,5
768,13,464,14,1,3,1,100,37,180,300,1,5
769,3,234,4,1,3,1,31,43,60,180,1,5
770,9,41,10,1,3,1,38,65,0,300,4,5
771,9,569,10,1,3,2,57,30,60,180,3,5
772,8,122,9,1,3,2,22,10,0,300,3,5
773,4,288,5,1,3,1,52,39,180,300,2,5
774,12,232,12,2,3,1,93,53,420,540,4,5
775,1,422,2,1,3,1,67,32,180,300,3,5
776,7,469,8,1,3,1,5,0,0,300,2,5
777,10,293,10,2,3,1,4,3,420,540,3,5
778,14,125,15,1,3,2,53,21,180,300,2,5
779,3,49,4,1,3,1,18,0,60,180,3,5
780,10,384,11,1,3,2,64,19,0,300,2,5
781,7,212,8,1,3,1,45,83,0,300,3,5
782,12,252,12,2,3,1,75,95,300,420,1,5
783,10,239,10,2,3,2,25,72,300,600,3,5
784,7,512,8,1,3,1,40,67,180,300,3,5
785,14,284,15,1,3,1,56,70,60,180,1,5
786,9,587,10,1,3,1,48,57,0,300,4,5
787,10,544,11,1,3,1,60,50,60,180,3,5
788,10,84,10,1,3,1,60,38,180,300,3,5
789,8,314,8,2,3,2,94,47,420,540,2,5
790,14,13,14,1,3,2,44,87,60,180,2,5
791,13,194,13,2,3,1,71,47,300,420,3,5
792,11,477,12,1,3,1,73,64,0,300,2,5
793,12,496,13,1,3,2,7,76,60,180,1,5
794,4,191,4,2,3,2,77,29,420,540,3,5
795,12,68,14,1,3,1,31,85,180,300,4,5
796,1,239,2,1,3,1,98,0,0,300,4,5
797,4,302,4,2,3,1,24,85,420,540,3,5
798,7,336,8,1,3,2,25,59,0,300,3,5
799,9,92,10,1,3,2,7,50,180,300,3,5
800,1,575,2,1,3,2,55,87,0,300,3,5
801,13,474,15,1,3,1,24,65,0,300,1,5
802,14,316,15,1,3,2,38,72,60,180,2,5
803,13,88,14,1,3,1,23,73,180,300,1,5
804,4,416,4,2,3,1,69,44,420,540,2,5
805,6,7,8,1,3,2,50,74,180,300,4,5
806,7,369,7,2,3,2,56,45,420,540,2,5
807,3,517,5,1,3,2,50,16,60,180,1,5
808,12,210,13,1,3,1,48,85,180,300,1,5
809,11,575,12,1,3,2,76,72,180,300,3,5
810,9,43,9,1,3,1,67,11,60,180,1,5
811,8,333,8,2,3,2,89,1,420,540,4,5
812,1,122,2,1,3,2,11,68,0,300,2,5
813,13,400,13,2,3,1,71,97,420,540,1,5
814,14,246,14,2,3,1,35,48,420,540,1,5
815,6,277,7,1,3,1,17,8,0,300,4,5
816,14,543,16,1,3,1,43,84,0,300,2,5
817,4,198,4,2,3,1,94,61,300,420,4,5
818,10,538,12,1,3,1,38,99,0,300,4,5
819,11,49,11,1,3,1,67,3,60,180,4,5
820,8,78,9,1,3,2,68,0,60,180,1,5
821,3,47,3,1,3,1,31,65,60,180,2,5
822,13,395,15,1,3,1,70,3,60,180,3,5
823,14,9,15,1,3,2,39,61,180,300,4,5
824,14,458,16,1,3,1,53,73,180,300,3,5
825,13,436,14,1,3,1,25,45,0,300,3,5
826,12,450,14,1,3,1,43,61,180,300,2,5
827,6,236,6,2,3,1,86,75,420,540,1,5
828,3,399,3,2,3,1,11,23,420,540,1,5
829,9,381,9,2,3,1,43,43,420,540,2,5
830,9,196,9,2,3,1,42,13,420,540,2,5
831,13,258,13,2,3,2,89,87,300,600,2,5
832,8,503,10,1,3,1,53,26,60,180,2,5
833,1,209,1,2,3,1,46,42,420,540,3,5
834,13,298,13,2,3,1,44,72,420,540,1,5
835,10,248,10,2,3,1,57,89,300,420,2,5
836,5,52,6,1,3,2,23,90,0,300,3,5
837,5,515,6,1,3,2,40,71,60,180,4,5
838,7,156,7,1,3,1,54,28,180,300,3,5
839,10,56,10,1,3,1,47,8,60,180,4,5
840,5,261,6,1,3,1,33,46,0,300,3,5
841,4,266,5,1,3,2,87,85,60,180,2,5
842,10,423,11,1,3,2,67,61,60,180,4,5
843,1,66,1,1,3,2,85,57,180,300,3,5
844,14,109,14,1,3,1,16,97,180,300,2,5
845,10,411,10,2,3,2,37,13,420,540,1,5
846,2,484,4,1,3,1,93,55,60,180,2,5
847,5,552,6,1,3,1,54,95,180,300,2,5
848,1,534,3,1,3,2,0,25,60,180,3,5
849,5,484,6,1,3,1,26,50,60,180,3,5
850,12,329,12,2,3,1,1,90,420,540,1,5
851,9,563,11,1,3,2,87,35,0,300,4,5
852,5,386,5,2,3,1,93,80,420,540,1,5
853,5,183,5,2,3,2,60,100,300,600,4,5
854,1,238,1,2,3,2,39,6,300,420,4,5
855,10,238,10,2,3,2,47,11,300,420,1,5
856,8,373,8,2,3,2,0,73,420,540,3,5
857,8,392,8,2,3,1,91,55,420,540,2,5
858,6,538,7,1,3,1,0,50,0,300,3,5
859,6,339,6,2,3,2,40,43,420,540,4,5
860,3,244,5,1,3,1,2,100,60,180,1,5
861,7,30,7,1,3,1,77,21,60,180,3,5
862,14,477,16,1,3,1,3,13,0,300,2,5
863,12,332,12,2,3,2,1,83,420,540,1,5
864,10,224,10,2,3,1,73,81,420,540,4,5
865,4,413,6,1,3,2,17,66,60,180,1,5
866,6,370,7,1,3,2,31,34,60,180,3,5
867,8,140,8,1,3,1,57,8,180,300,1,5
868,2,142,2,1,3,1,67,25,180,300,1,5
869,3,307,3,2,3,1,81,20,420,540,4,5
870,3,67,3,1,3,2,2,88,180,300,2,5
871,4,151,4,1,3,1,49,69,180,300,2,5
872,2,279,3,1,3,1,100,9,60,180,3,5
873,11,322,12,1,3,1,54,11,60,180,4,5
874,3,425,5,1,3,1,38,93,180,300,3,5
875,11,371,11,2,3,2,25,40,420,540,1,5
876,13,363,13,2,3,1,97,67,420,540,1,5
877,3,27,3,1,3,2,87,1,60,180,3,5
878,6,428,8,1,3,1,45,44,180,300,1,5
879,1,284,1,2,3,2,56,46,420,540,2,5
880,10,153,10,1,3,2,6,21,180,300,2,5
881,1,81,3,1,3,2,70,55,0,300,2,5
882,14,159,14,1,3,2,15,67,180,300,4,5
883,2,402,2,2,3,1,19,51,420,540,1,5
884,3,95,3,1,3,2,38,27,180,300,2,5
885,13,69,14,1,3,2,85,50,180,300,1,5
886,7,402,9,1,3,2,91,1,180,300,1,5
887,10,189,11,1,3,2,54,4,0,300,4,5
888,8,372,9,1,3,1,96,50,180,300,3,5
889,7,596,8,1,3,2,27,66,180,300,3,5
890,12,96,12,1,3,1,44,0,180,300,1,5
891,6,450,8,1,3,1,77,4,60,180,3,5
892,13,34,13,1,3,1,69,71,60,180,2,5
893,13,315,14,1,3,2,52,2,0,300,1,5
894,9,600,11,1,3,1,19,7,60,180,4,5
895,13,471,14,1,3,2,57,77,180,300,2,5
896,7,249,8,1,3,1,88,83,180,300,2,5
897,7,161,8,1,3,1,89,27,60,180,4,5
898,2,107,2,1,3,2,76,99,180,300,4,5
899,12,330,14,1,3,1,65,25,60,180,2,5
900,13,130,14,1,3,2,91,35,60,180,1,5
901,5,66,6,1,3,2,8,24,60,180,3,5
902,3,250,4,1,3,2,12,67,180,300,2,5
903,7,288,7,2,3,2,3,35,420,540,1,5
904,11,312,11,2,3,1,40,97,420,540,3,5
905,6,332,6,2,3,2,79,73,420,540,2,5
906,3,568,5,1,3,1,38,87,180,300,4,5
907,2,493,4,1,3,1,3,87,0,300,3,5
908,9,568,11,1,3,2,90,8,180,300,4,5
909,8,424,10,1,3,2,42,2,180,300,2,5
910,5,455,7,1,3,2,8,21,60,180,4,5
911,11,588,12,1,3,1,100,11,180,300,3,5
912,12,53,12,1,3,1,26,57,60,180,4,5
913,10,367,11,1,3,1,21,39,60,180,2,5
914,4,215,4,2,3,1,81,43,420,540,1,5
915,10,593,11,1,3,1,81,50,180,300,3,5
916,1,573,3,1,3,1,82,41,180,300,3,5
917,6,241,6,2,3,2,4,98,420,540,2,5
918,10,100,11,1,3,2,73,72,180,300,2,5
919,14,369,14,2,3,1,49,81,420,540,2,5
920,5,496,7,1,3,1,15,91,0,300,3,5
921,6,244,6,2,3,2,49,71,300,600,3,5
922,4,158,5,1,3,1,76,89,0,300,4,5
923,2,45,4,1,3,1,57,49,180,300,1,5
924,6,203,7,1,3,1,58,62,60,180,4,5
925,13,418,13,2,3,1,68,74,420,540,4,5
926,8,463,10,1,3,1,63,55,60,180,2,5
927,10,366,11,1,3,2,40,98,0,300,3,5
928,13,0,14,1,3,2,82,29,0,300,4,5
929,11,217,12,1,3,2,58,91,180,300,1,5
930,2,365,3,1,3,1,22,38,180,300,4,5
931,13,549,14,1,3,1,57,41,0,300,1,5
932,8,166,8,1,3,1,68,18,180,300,1,5
933,7,137,7,1,3,1,32,26,180,300,2,5
934,6,429,8,1,3,2,27,49,0,300,1,5
935,10,128,10,1,3,2,93,69,180,300,4,5
936,13,489,14,1,3,1,3,56,0,300,2,5
937,4,551,6,1,3,2,8,43,60,180,3,5
938,8,348,9,1,3,2,4,5,60,180,2,5
939,5,194,6,2,3,2,66,51,300,600,1,5
940,5,342,6,1,3,2,76,77,0,300,1,5
941,5,446,7,1,3,1,61,86,180,300,1,5
942,2,280,2,2,3,2,75,49,300,600,2,5
943,11,305,12,1,3,1,37,22,60,180,1,5
944,1,120,1,2,3,1,24,36,300,600,2,5
945,6,377,7,1,3,1,92,93,60,180,3,5
946,10,17,12,1,3,2,13,68,180,300,3,5
947,14,50,16,1,3,1,14,51,0,300,1,5
948,3,356,3,2,3,1,33,97,420,540,3,5
949,4,156,4,1,3,2,81,77,180,300,2,5
950,8,124,8,1,3,2,30,60,180,300,3,5
951,2,545,3,1,3,2,100,91,60,180,4,5
952,4,556,6,1,3,1,8,54,60,180,3,5
953,6,171,6,1,3,2,47,91,180,300,3,5
954,8,98,9,1,3,1,45,38,180,300,1,5
955,4,539,5,1,3,2,61,36,180,300,1,5
956,6,46,7,1,3,2,11,85,0,300,3,5
957,1,327,2,1,3,2,88,99,0,300,2,5
958,5,297,7,1,3,2,71,31,180,300,2,5
959,6,465,7,1,3,2,98,37,0,300,3,5
960,11,248,11,2,3,1,71,35,300,420,2,5
961,6,486,7,1,3,1,8,31,0,300,4,5
962,13,414,13,2,3,1,20,90,420,540,1,5
963,2,43,2,1,3,2,83,88,60,180,3,5
964,14,365,15,1,3,1,47,74,60,180,3,5
965,10,562,12,1,3,2,6,7,180,300,4,5
966,13,217,13,2,3,1,100,1,300,600,3,5
967,12,566,14,1,3,1,8,48,60,180,3,5
968,7,230,7,2,3,2,24,32,300,420,4,5
969,3,523,5,1,3,1,41,43,180,300,2,5
970,7,489,9,1,3,1,11,14,180,300,2,5
971,9,29,9,1,3,2,0,39,60,180,2,5
972,10,24,11,1,3,2,91,13,0,300,1,5
973,2,77,2,1,3,2,95,22,180,300,1,5
974,2,373,3,1,3,1,35,80,180,300,3,5
975,9,364,9,2,3,1,48,36,420,540,1,5
976,10,210,10,2,3,2,67,58,420,540,1,5
977,8,17,8,1,3,2,27,13,60,180,3,5
978,7,184,7,2,3,2,74,40,300,420,1,5
979,5,133,5,1,3,1,19,48,180,300,4,5
980,8,62,8,1,3,2,0,62,180,300,4,5
981,14,13,15,1,3,1,65,5,180,300,4,5
982,3,388,4,1,3,1,25,34,180,300,3,5
983,1,421,3,1,3,1,67,95,180,300,4,5
984,8,265,8,2,3,2,67,36,300,420,3,5
985,10,183,10,2,3,1,9,79,420,540,2,5
986,5,536,7,1,3,1,0,42,0,300,3,5
987,13,476,14,1,3,1,4,30,60,180,4,5
988,3,531,4,1,3,2,66,43,60,180,1,5
989,12,541,14,1,3,1,19,25,180,300,1,5
990,11,185,12,1,3,1,19,51,0,300,2,5
991,12,239,12,2,3,1,23,14,420,540,4,5
992,6,418,7,1,3,2,3,100,60,180,4,5
993,14,78,14,1,3,1,25,84,180,300,3,5
994,7,522,8,1,3,1,1,99,0,300,3,5
995,10,367,10,2,3,2,10,9,420,540,3,5
996,14,383,15,1,3,1,67,67,60,180,4,5
997,4,395,4,2,3,2,7,36,420,540,2,5
998,4,58,5,1,3,2,82,85,0,300,3,5
999,3,120,3,1,3,1,47,25,180,300,1,5
1000,2,354,2,2,3,2,22,31,420,540,4,5
1001,3,479,5,1,3,2,91,2,0,300,3,5
1002,7,138,8,1,3,1,37,30,60,180,3,5
1003,12,465,13,1,3,1,80,30,60,180,2,5
1004,13,76,14,1,3,1,86,99,60,180,4,5
1005,8,223,9,1,3,1,33,50,60,180,3,5
1006,13,164,15,1,3,1,23,84,60,180,4,5
1007,3,259,3,2,3,2,60,5,300,420,1,5
1008,4,404,4,2,3,1,86,34,420,540,2,5
1009,10,494,12,1,3,2,72,52,180,300,4,5
1010,10,278,11,1,3,2,42,11,60,180,3,5
1011,6,596,7,1,3,1,7,56,0,300,2,5
1012,10,317,10,2,3,1,18,95,420,540,1,5
1013,14,365,15,1,3,1,46,90,180,300,2,5
1014,5,202,5,2,3,2,58,92,300,420,4,5
1015,11,63,11,1,3,1,84,57,180,300,3,5
1016,6,346,7,1,3,2,18,2,60,180,1,5
1017,3,211,3,2,3,1,30,87,420,540,2,5
1018,11,291,12,1,3,1,61,12,60,180,4,5
1019,10,318,11,1,3,2,27,6,180,300,1,5
1020,1,202,2,1,3,2,99,91,0,300,1,5
1021,11,192,13,1,3,1,24,5,180,300,4,5
1022,12,465,14,1,3,2,36,65,60,180,1,5
1023,10,383,10,2,3,1,85,81,420,540,1,5
1024,8,590,9,1,3,1,84,37,0,300,3,5
1025,6,595,7,1,3,1,50,78,0,300,1,5
1026,11,573,12,1,3,2,9,68,0,300,3,5
1027,4,286,5,1,3,2,65,35,60,180,1,5
1028,11,161,11,1,3,1,13,6,180,300,2,5
1029,13,263,13,2,3,2,82,31,300,420,4,5
1030,13,12,15,1,3,1,54,29,180,300,2,5
1031,14,581,15,1,3,1,0,36,0,300,2,5
1032,14,333,14,2,3,1,14,90,420,540,1,5
1033,14,372,14,2,3,1,56,28,420,540,3,5
1034,9,243,10,1,3,1,91,55,60,180,4,5
1035,7,546,8,1,3,2,85,97,180,300,3,5
1036,11,530,13,1,3,1,97,4,60,180,1,5
1037,9,253,9,2,3,2,19,56,300,600,3,5
1038,3,526,5,1,3,2,53,98,60,180,3,5
1039,1,115,2,1,3,2,55,7,0,300,3,5
1040,13,141,13,1,3,2,84,10,180,300,3,5
1041,14,5,15,1,3,2,39,25,180,300,2,5
1042,12,1,12,1,3,2,75,96,60,180,3,5
1043,11,282,11,2,3,1,2,9,300,600,3,5
1044,5,32,5,1,3,1,48,20,60,180,2,5
1045,13,301,14,1,3,1,70,80,0,300,3,5
1046,12,312,13,2,3,2,59,49,0,300,2,5
1047,4,304,5,1,3,1,89,91,0,300,2,5
1048,6,196,6,2,3,1,96,95,420,540,4,5
1049,13,199,14,1,3,1,70,70,0,300,4,5
1050,8,453,10,1,3,2,70,67,180,300,3,5
1051,14,429,15,1,3,1,56,46,60,180,4,5
1052,5,292,5,2,3,2,88,62,420,540,1,5
1053,11,504,12,1,3,1,91,53,180,300,4,5
1054,5,486,6,1,3,1,11,30,180,300,4,5
1055,1,358,1,2,3,1,77,72,420,540,4,5
1056,6,425,7,1,3,2,17,21,180,300,3,5
1057,13,306,14,1,3,1,97,66,180,300,3,5
1058,7,229,7,2,3,2,23,0,420,540,3,5
1059,4,350,5,1,3,2,87,7,180,300,4,5
1060,14,533,15,1,3,1,0,14,60,180,4,5
1061,7,245,7,2,3,1,84,77,300,420,4,5
1062,14,57,15,1,3,1,2,87,0,300,1,5
1063,13,106,13,1,3,2,75,59,180,300,3,5
1064,7,119,8,2,3,2,89,14,0,300,2,5
1065,5,386,5,2,3,1,32,19,420,540,1,5
1066,12,212,13,1,3,2,86,41,0,300,3,5
1067,8,126,8,1,3,2,20,50,180,300,4,5
1068,13,560,14,1,3,2,97,88,60,180,4,5
1069,12,485,13,1,3,2,23,56,0,300,2,5
1070,2,151,2,1,3,2,95,74,180,300,4,5
1071,5,152,5,1,3,2,45,76,180,300,3,5
1072,5,562,6,1,3,2,73,24,0,300,2,5
1073,14,198,14,2,3,2,15,16,420,540,2,5
1074,4,10,4,1,3,2,52,94,60,180,4,5
1075,3,527,5,1,3,1,31,76,60,180,1,5
1076,3,9,3,1,3,2,27,33,60,180,4,5
1077,10,200,10,2,3,1,66,37,300,420,3,5
1078,3,252,3,2,3,1,92,82,300,600,3,5
1079,7,81,7,1,3,1,28,74,180,300,4,5
1080,10,17,10,1,3,1,45,69,60,180,3,5
1081,10,368,11,1,3,2,83,65,0,300,1,5
1082,5,268,6,1,3,1,49,92,60,180,2,5
1083,7,179,8,1,3,2,91,91,180,300,2,5
1084,11,302,11,2,3,1,8,71,420,540,1,5
1085,4,545,5,1,3,2,1,83,60,180,2,5
1086,13,593,14,1,3,2,23,67,180,300,4,5
1087,14,383,15,1,3,1,89,42,180,300,2,5
1088,2,84,2,1,3,1,68,54,180,300,2,5
1089,4,348,4,2,3,1,57,69,420,540,4,5
1090,8,124,9,1,3,2,32,42,0,300,1,5
1091,13,185,13,2,3,2,98,15,300,420,2,5
1092,6,456,7,1,3,1,65,91,0,300,1,5
1093,2,465,4,1,3,2,82,14,0,300,2,5
1094,13,427,14,1,3,1,78,15,60,180,1,5
1095,12,343,12,2,3,1,98,97,420,540,2,5
1096,7,94,7,1,3,2,98,100,180,300,3,5
1097,6,456,8,1,3,1,38,13,180,300,4,5
1098,8,179,9,1,3,2,51,22,60,180,4,5
1099,8,37,9,1,3,1,8,17,0,300,2,5
1100,1,519,2,1,3,1,16,84,0,300,2,5
1101,1,333,1,2,3,1,53,32,420,540,2,5
1102,14,500,15,1,3,1,42,79,180,300,2,5
1103,6,392,6,2,3,2,33,17,420,540,3,5
1104,11,443,13,1,3,2,54,83,60,180,3,5
1105,5,61,6,1,3,1,24,31,180,300,1,5
1106,2,150,2,1,3,1,76,10,180,300,1,5
1107,6,394,7,1,3,1,38,19,0,300,1,5
1108,4,190,5,1,3,1,42,84,0,300,4,5
1109,11,80,12,2,3,2,48,97,300,420,4,5
1110,10,271,12,1,3,1,4,55,0,300,3,5
1111,2,385,3,1,3,2,42,84,180,300,2,5
1112,9,407,9,2,3,2,17,98,420,540,1,5
1113,3,172,4,1,3,2,71,92,0,300,2,5
1114,14,191,14,2,3,2,87,97,420,540,3,5
1115,12,90,12,1,3,2,6,26,180,300,1,5
1116,6,45,6,1,3,1,2,88,60,180,3,5
1117,9,253,9,2,3,1,53,5,300,420,3,5
1118,9,512,10,1,3,1,23,22,180,300,1,5
1119,8,545,10,1,3,1,0,100,60,180,1,5
1120,11,77,11,1,3,1,22,98,180,300,4,5
1121,2,50,2,1,3,1,67,65,60,180,1,5
1122,5,420,6,1,3,2,29,38,180,300,4,5
1123,3,297,3,2,3,1,78,36,300,600,3,5
1124,6,32,7,1,3,2,93,54,60,180,4,5
1125,6,366,6,2,3,1,31,40,420,540,2,5
1126,6,108,7,1,3,1,82,91,180,300,4,5
1127,10,1,10,1,3,1,40,74,60,180,3,5
1128,10,598,11,1,3,2,35,37,60,180,1,5
1129,13,202,14,1,3,1,30,68,0,300,4,5
1130,7,365,8,1,3,1,31,47,180,300,2,5
1131,8,258,8,2,3,2,52,66,300,420,1,5
1132,11,198,11,2,3,1,54,0,300,600,2,5
1133,11,290,12,1,3,1,9,100,180,300,3,5
1134,2,108,3,1,3,2,99,94,60,180,1,5
1135,10,556,12,1,3,2,64,92,180,300,3,5
1136,6,440,7,1,3,2,28,41,60,180,2,5
1137,12,207,12,2,3,1,38,23,420,540,2,5
1138,8,478,9,2,3,1,92,13,60,180,4,5
1139,13,211,13,2,3,1,93,53,300,600,3,5
1140,13,417,14,1,3,1,2,89,180,300,4,5
1141,7,332,7,2,3,2,28,0,420,540,3,5
1142,1,533,2,1,3,1,8,16,180,300,1,5
1143,9,588,11,1,3,1,74,70,180,300,3,5
1144,14,347,14,2,3,2,6,44,420,540,1,5
1145,5,369,5,2,3,1,99,3,420,540,3,5
1146,10,87,10,1,3,1,6,5,180,300,3,5
1147,14,404,14,2,3,1,8,73,420,540,4,5
1148,10,354,11,1,3,2,21,10,0,300,4,5
1149,8,152,8,1,3,1,100,45,180,300,3,5
1150,5,377,7,1,3,2,53,13,180,300,1,5
1151,10,427,11,1,3,2,5,23,180,300,3,5
1152,2,61,3,1,3,1,2,21,60,180,3,5
1153,8,320,9,1,3,2,11,52,60,180,1,5
1154,3,118,3,1,3,1,82,94,180,300,3,5
1155,7,395,7,2,3,2,2,92,420,540,3,5
1156,12,271,12,2,3,2,84,36,420,540,4,5
1157,14,600,16,1,3,2,32,67,60,180,3,5
1158,5,513,6,1,3,1,47,56,180,300,1,5
1159,4,61,4,1,3,1,29,38,180,300,1,5
1160,5,465,7,1,3,1,63,17,60,180,1,5
1161,13,168,13,1,3,1,37,95,180,300,3,5
1162,12,412,12,2,3,2,98,72,420,540,4,5
1163,10,238,11,1,3,2,1,30,60,180,4,5
1164,2,445,3,1,3,2,63,51,180,300,3,5
1165,8,117,8,1,3,1,77,100,180,300,4,5
1166,4,52,5,1,3,2,89,81,180,300,1,5
1167,10,600,11,1,3,2,16,8,0,300,3,5
1168,6,389,6,2,3,1,92,86,420,540,1,5
1169,14,282,14,2,3,2,15,79,300,600,3,5
1170,10,461,11,2,3,2,45,27,0,300,1,5
1171,2,498,3,1,3,1,39,83,180,300,3,5
1172,6,591,7,1,3,2,12,29,180,300,3,5
1173,4,61,5,1,3,1,51,14,180,300,3,5
1174,12,393,12,2,3,1,87,35,420,540,1,5
1175,1,10,1,1,3,2,75,65,60,180,4,5
1176,10,83,10,1,3,2,48,98,180,300,1,5
1177,5,456,7,1,3,1,24,33,60,180,2,5
1178,12,400,12,2,3,2,34,25,420,540,4,5
1179,13,544,14,1,3,2,30,84,60,180,1,5
1180,5,283,5,2,3,2,91,15,420,540,1,5
1181,10,464,11,1,3,2,72,83,180,300,2,5
1182,2,481,4,1,3,2,7,27,0,300,1,5
1183,7,154,7,1,3,2,41,54,180,300,2,5
1184,1,294,1,2,3,2,50,58,420,540,1,5
1185,2,250,2,2,3,1,58,22,300,420,4,5
1186,12,329,12,2,3,1,97,57,420,540,1,5
1187,2,126,4,1,3,2,88,23,60,180,1,5
1188,13,176,13,1,3,2,5,61,180,300,2,5
1189,6,218,6,2,3,1,88,75,300,600,4,5
1190,1,592,2,1,3,2,52,68,0,300,2,5
1191,11,411,11,2,3,1,85,73,420,540,1,5
1192,11,78,11,1,3,1,23,55,180,300,4,5
1193,8,348,9,1,3,1,9,34,180,300,2,5
1194,12,308,12,2,3,1,77,43,420,540,1,5
1195,8,468,10,1,3,2,66,98,60,180,4,5
1196,10,26,10,1,3,1,91,70,60,180,2,5
1197,11,519,12,1,3,2,9,40,0,300,3,5
1198,7,544,9,1,3,1,10,28,0,300,1,5
1199,5,321,6,1,3,2,59,66,180,300,4,5
1200,1,46,1,1,3,2,99,2,60,180,4,5
1201,13,274,14,1,3,1,26,34,60,180,2,5
1202,1,586,2,1,3,2,90,26,60,180,1,5
1203,8,546,10,2,3,1,14,64,420,540,3,5
1204,9,28,9,1,3,2,12,73,60,180,4,5
1205,6,284,8,1,3,1,90,34,0,300,3,5
1206,4,331,5,1,3,2,10,19,0,300,2,5
1207,7,486,9,1,3,2,64,40,0,300,3,5
1208,11,30,11,1,3,2,34,22,60,180,2,5
1209,5,353,6,1,3,1,42,75,0,300,3,5
1210,1,292,1,2,3,2,41,58,300,420,3,5
1211,7,212,7,2,3,2,16,65,300,600,4,5
1212,4,232,6,1,3,2,85,8,180,300,2,5
1213,5,495,6,2,3,2,93,42,300,600,3,5
1214,1,353,2,1,3,2,59,5,0,300,3,5
1215,1,361,2,1,3,1,23,90,60,180,2,5
1216,4,568,6,1,3,2,94,44,60,180,4,5
1217,8,504,10,1,3,1,32,79,180,300,1,5
1218,2,25,2,1,3,2,97,31,60,180,4,5
1219,7,220,8,1,3,1,64,36,60,180,1,5
1220,6,234,7,1,3,1,58,1,180,300,3,5
1221,10,394,11,1,3,2,59,49,0,300,4,5
1222,2,196,3,1,3,2,38,16,180,300,2,5
1223,9,286,10,1,3,2,0,62,60,180,2,5
1224,11,180,12,1,3,1,97,72,60,180,2,5
1225,2,487,3,1,3,2,86,40,180,300,4,5
1226,12,255,12,2,3,1,60,38,420,540,3,5
1227,7,453,9,1,3,2,25,67,60,180,3,5
1228,7,159,7,1,3,2,77,6,180,300,1,5
1229,6,172,6,1,3,2,63,16,180,300,2,5
1230,14,432,15,1,3,1,63,11,60,180,1,5
1231,12,5,12,1,3,1,32,60,60,180,2,5
1232,1,9,1,1,3,1,95,77,60,180,4,5
1233,11,463,12,1,3,2,34,91,0,300,2,5
1234,6,52,6,1,3,2,38,71,60,180,2,5
1235,3,65,3,1,3,1,78,60,180,300,4,5
1236,10,94,11,1,3,2,80,62,60,180,1,5
1237,3,45,4,1,3,2,42,35,0,300,4,5
1238,2,496,3,1,3,1,8,35,0,300,4,5
1239,5,81,6,1,3,1,61,77,180,300,3,5
1240,3,99,4,1,3,2,77,39,60,180,4,5
1241,13,98,14,1,3,2,48,11,60,180,1,5
1242,1,358,2,1,3,2,34,77,60,180,2,5
1243,5,493,7,1,3,1,84,10,60,180,4,5
1244,1,245,2,1,3,2,69,72,180,300,3,5
1245,10,490,12,1,3,2,83,54,60,180,4,5
1246,14,183,14,2,3,2,23,29,420,540,2,5
1247,5,579,6,1,3,1,85,63,0,300,3,5
1248,2,67,2,1,3,2,0,20,180,300,3,5
1249,4,512,6,1,3,1,66,5,60,180,3,5
1250,5,214,5,2,3,2,87,1,420,540,4,5
1251,10,363,11,1,3,2,48,80,60,180,1,5
1252,5,122,5,1,3,2,59,45,180,300,2,5
1253,4,58,4,1,3,2,6,69,60,180,4,5
1254,10,83,10,1,3,1,52,32,180,300,3,5
1255,6,40,6,1,3,1,66,98,60,180,3,5
1256,10,6,11,1,3,2,76,3,0,300,2,5
1257,13,486,15,1,3,2,85,59,180,300,1,5
1258,10,85,11,1,3,2,63,70,60,180,4,5
1259,14,185,14,2,3,1,0,70,300,420,2,5
1260,11,370,11,2,3,2,51,42,420,540,1,5
1261,14,553,16,1,3,1,87,48,60,180,4,5
1262,6,270,7,1,3,2,11,92,0,300,3,5
1263,13,355,13,2,3,1,11,1,420,540,2,5
1264,3,301,3,2,3,2,39,0,420,540,3,5
1265,13,129,13,1,3,2,64,99,180,300,2,5
1266,3,302,4,1,3,1,79,4,0,300,4,5
1267,7,206,8,1,3,2,53,12,0,300,2,5
1268,12,175,12,1,3,1,4,72,180,300,1,5
1269,9,565,10,1,3,2,76,71,0,300,1,5
1270,5,153,6,1,3,1,68,5,60,180,3,5
1271,4,114,4,2,3,1,77,44,420,540,4,5
1272,14,113,14,1,3,1,32,34,180,300,3,5
1273,9,356,10,1,3,2,19,86,180,300,4,5
1274,3,245,3,2,3,1,34,48,420,540,1,5
1275,9,151,9,1,3,1,51,17,180,300,2,5
1276,14,52,16,1,3,1,24,83,0,300,3,5
1277,12,166,13,1,3,1,93,29,60,180,4,5
1278,10,177,10,1,3,1,100,30,180,300,3,5
1279,14,229,15,1,3,2,46,5,180,300,1,5
1280,5,150,5,1,3,2,34,86,180,300,3,5
1281,14,521,16,1,3,2,60,72,0,300,3,5
1282,9,23,9,1,3,1,66,87,60,180,3,5
1283,3,122,3,1,3,1,98,20,180,300,2,5
1284,3,309,5,1,3,2,1,56,0,300,4,5
1285,1,446,2,1,3,2,59,7,60,180,2,5
1286,2,121,3,2,3,1,29,53,420,540,2,5
1287,1,442,2,1,3,2,67,12,60,180,4,5
1288,2,560,3,1,3,1,64,53,0,300,4,5
1289,11,46,12,1,3,1,5,59,180,300,3,5
1290,13,182,13,2,3,2,85,60,300,420,2,5
1291,2,354,3,1,3,1,8,100,0,300,1,5
1292,4,474,6,1,3,1,22,10,180,300,1,5
1293,9,74,9,1,3,1,46,47,180,300,1,5
1294,3,516,4,1,3,1,20,86,60,180,4,5
1295,9,62,9,1,3,1,62,87,180,300,3,5
1296,10,430,12,1,3,1,68,30,60,180,2,5
1297,9,553,11,1,3,2,72,13,180,300,1,5
1298,8,376,9,1,3,2,67,4,180,300,3,5
1299,8,399,8,2,3,2,94,39,420,540,2,5
1300,14,236,14,2,3,1,100,69,420,540,2,5
1301,14,186,16,1,3,2,11,78,180,300,2,5
1302,5,463,6,1,3,2,48,5,180,300,4,5
1303,4,591,5,1,3,1,15,34,0,300,2,5
1304,5,149,5,1,3,2,10,56,180,300,1,5
1305,3,546,5,1,3,1,1,47,60,180,1,5
1306,9,205,10,1,3,2,57,8,0,300,1,5
1307,10,402,10,2,3,1,57,47,420,540,2,5
1308,1,341,1,2,3,2,66,79,420,540,2,5
1309,1,447,3,1,3,2,22,84,0,300,3,5
1310,9,397,10,1,3,2,28,70,0,300,4,5
1311,9,281,9,2,3,2,83,58,300,600,4,5
1312,9,454,10,1,3,1,23,27,180,300,2,5
1313,11,427,12,1,3,2,98,57,180,300,4,5
1314,2,158,3,1,3,2,68,32,180,300,3,5
1315,5,581,6,1,3,1,41,7,180,300,2,5
1316,13,582,14,1,3,2,33,89,0,300,2,5
1317,11,47,12,1,3,2,31,68,180,300,2,5
1318,3,359,4,1,3,2,69,27,180,300,2,5
1319,1,96,1,1,3,2,11,34,180,300,4,5
1320,2,158,2,1,3,2,48,76,180,300,1,5
1321,13,174,13,1,3,1,5,11,180,300,4,5
1322,10,184,10,2,3,1,39,100,300,600,1,5
1323,13,346,13,2,3,1,95,99,420,540,4,5
1324,7,200,8,1,3,2,40,94,0,300,1,5
1325,7,200,7,2,3,2,53,92,420,540,4,5
1326,5,275,6,1,3,2,6,26,180,300,2,5
1327,10,332,11,1,3,2,96,77,60,180,4,5
1328,3,571,5,1,3,2,97,40,180,300,2,5
1329,12,553,14,1,3,1,30,68,180,300,3,5
1330,14,335,14,2,3,1,57,98,420,540,2,5
1331,2,380,3,1,3,2,60,75,60,180,3,5
1332,3,410,3,2,3,2,0,60,420,540,2,5
1333,1,288,2,1,3,1,93,85,180,300,1,5
1334,9,262,10,1,3,2,72,54,60,180,4,5
1335,14,50,15,1,3,1,94,44,60,180,4,5
1336,8,23,8,1,3,1,31,77,60,180,1,5
1337,6,365,6,2,3,1,18,65,420,540,4,5
1338,3,547,4,1,3,1,89,38,0,300,3,5
1339,9,426,11,1,3,2,100,18,60,180,2,5
1340,10,327,10,2,3,1,80,69,420,540,2,5
1341,5,195,5,2,3,1,99,55,300,420,2,5
1342,11,71,11,1,3,2,81,91,180,300,1,5
1343,4,454,6,1,3,1,55,52,180,300,4,5
1344,4,159,4,1,3,1,36,10,180,300,4,5
1345,14,179,14,1,3,2,29,37,180,300,2,5
1346,1,88,2,1,3,2,97,93,0,300,3,5
1347,5,119,5,1,3,1,74,21,180,300,4,5
1348,2,462,3,1,3,2,69,3,180,300,2,5
1349,10,560,11,1,3,1,99,33,0,300,1,5
1350,2,367,2,2,3,1,47,70,420,540,1,5
1351,6,449,7,1,3,2,24,69,0,300,2,5
1352,10,436,12,1,3,1,69,1,0,300,1,5
1353,13,324,14,1,3,1,21,24,0,300,4,5
1354,13,243,13,2,3,2,16,94,300,420,1,5
1355,6,335,6,2,3,1,17,77,420,540,2,5
1356,9,50,9,1,3,1,68,37,60,180,2,5
1357,3,204,4,1,3,2,4,53,60,180,2,5
1358,9,119,10,1,3,1,14,58,60,180,2,5
1359,13,286,13,2,3,1,97,56,300,420,1,5
1360,6,44,6,1,3,2,43,51,60,180,4,5
1361,5,222,6,1,3,1,72,44,0,300,4,5
1362,13,364,13,2,3,1,52,15,420,540,1,5
1363,7,481,8,1,3,2,42,22,60,180,4,5
1364,11,547,13,1,3,1,42,95,60,180,2,5
1365,8,414,9,1,3,2,96,0,180,300,1,5
1366,8,120,9,1,3,2,53,33,180,300,1,5
1367,13,260,13,2,3,1,52,24,300,420,1,5
1368,13,343,13,2,3,1,71,74,420,540,4,5
1369,10,69,11,1,3,2,69,63,0,300,1,5
1370,7,147,8,1,3,1,39,11,0,300,1,5
1371,13,594,15,1,3,2,85,66,60,180,1,5
1372,8,10,8,1,3,2,93,69,60,180,1,5
1373,7,476,9,1,3,2,27,15,180,300,1,5
1374,1,43,2,1,3,1,25,92,180,300,4,5
1375,1,30,1,1,3,2,83,45,60,180,3,5
1376,4,528,5,1,3,2,71,76,0,300,3,5
1377,3,365,4,1,3,2,73,2,0,300,4,5
1378,14,22,14,1,3,2,61,32,60,180,2,5
1379,14,198,14,2,3,2,29,5,420,540,3,5
1380,10,235,10,2,3,2,33,38,420,540,2,5
1381,8,143,8,1,3,1,63,22,180,300,3,5
1382,3,282,3,2,3,1,76,32,420,540,4,5
1383,14,574,16,1,3,2,5,25,0,300,1,5
1384,11,171,12,1,3,1,14,74,0,300,4,5
1385,10,400,10,2,3,2,0,66,420,540,1,5
1386,12,386,12,2,3,2,63,84,420,540,4,5
1387,6,285,6,2,3,1,48,61,420,540,1,5
1388,4,550,5,1,3,1,28,17,0,300,1,5
1389,4,562,5,1,3,2,29,44,180,300,3,5
1390,2,292,2,2,3,2,80,75,420,540,1,5
1391,6,148,6,1,3,1,79,62,180,300,3,5
1392,5,203,6,1,3,1,53,83,60,180,1,5
1393,1,233,2,1,3,2,69,55,0,300,2,5
1394,5,102,5,1,3,1,30,100,180,300,4,5
1395,10,215,10,2,3,1,54,60,300,420,4,5
1396,10,479,12,1,3,2,44,44,180,300,4,5
1397,8,478,9,1,3,2,54,33,60,180,3,5
1398,11,537,12,1,3,1,79,82,0,300,1,5
1399,11,470,13,1,3,1,43,13,180,300,2,5
1400,10,213,10,2,3,1,31,70,300,420,1,5
1401,6,500,7,1,3,1,24,62,60,180,3,5
1402,3,309,3,2,3,2,60,99,420,540,2,5
1403,7,582,9,1,3,1,17,57,180,300,1,5
1404,14,188,14,2,3,2,43,11,420,540,2,5
1405,12,391,12,2,3,2,71,42,420,540,3,5
1406,14,186,14,2,3,2,31,90,420,540,2,5
1407,12,355,13,1,3,2,96,27,60,180,3,5
1408,1,324,1,2,3,1,59,66,420,540,3,5
1409,2,153,2,1,3,1,66,11,180,300,1,5
1410,11,507,12,1,3,1,25,72,0,300,3,5
1411,4,291,4,2,3,2,21,75,420,540,2,5
1412,4,33,5,1,3,1,64,18,180,300,3,5
1413,2,84,2,1,3,2,0,36,180,300,2,5
1414,13,227,14,1,3,1,97,31,180,300,2,5
1415,8,545,10,1,3,2,15,84,0,300,4,5
1416,1,209,2,1,3,1,56,55,180,300,1,5
1417,9,269,9,2,3,1,22,31,300,600,4,5
1418,9,574,10,1,3,1,15,96,0,300,4,5
1419,12,2,12,1,3,1,63,28,60,180,1,5
1420,13,580,14,1,3,2,69,0,60,180,4,5
1421,2,102,2,1,3,2,89,85,180,300,3,5
1422,4,215,4,2,3,2,81,25,300,600,1,5
1423,2,531,4,1,3,2,74,42,60,180,4,5
1424,6,528,7,1,3,2,36,17,180,300,4,5
1425,8,570,9,1,3,2,31,64,60,180,2,5
1426,11,369,12,1,3,2,19,61,60,180,1,5
1427,7,209,7,2,3,2,83,77,300,600,1,5
1428,12,483,13,1,3,2,43,48,180,300,1,5
1429,13,508,14,1,3,2,6,17,60,180,1,5
1430,11,238,11,2,3,2,95,87,420,540,3,5
1431,4,562,5,1,3,2,19,88,180,300,3,5
1432,1,284,2,1,3,1,27,32,60,180,1,5
1433,11,385,11,2,3,2,82,74,420,540,2,5
1434,4,64,5,1,3,2,55,72,60,180,3,5
1435,1,226,1,2,3,2,75,31,420,540,1,5
1436,2,315,2,2,3,2,92,68,420,540,4,5
1437,2,384,2,2,3,1,93,89,420,540,1,5
1438,14,50,15,1,3,2,1,76,0,300,4,5
1439,9,234,10,1,3,1,77,5,0,300,2,5
1440,2,125,2,1,3,1,25,65,180,300,4,5
1441,8,435,9,1,3,2,92,99,60,180,2,5
1442,12,197,13,1,3,2,63,91,0,300,3,5
1443,10,418,11,1,3,1,33,80,60,180,3,5
1444,2,306,3,1,3,1,97,33,0,300,3,5
1445,9,213,10,1,3,2,90,15,0,300,2,5
1446,2,48,2,1,3,2,33,84,60,180,4,5
1447,5,116,5,1,3,1,85,96,180,300,1,5
1448,9,576,10,1,3,2,10,6,180,300,1,5
1449,10,321,11,1,3,2,1,3,60,180,2,5
1450,4,240,4,2,3,1,88,45,300,420,2,5
1451,12,76,12,1,3,1,69,67,180,300,4,5
1452,7,429,9,1,3,1,88,27,180,300,2,5
1453,12,279,12,2,3,2,34,49,300,420,3,5
1454,6,338,7,1,3,2,42,75,60,180,2,5
1455,4,451,6,1,3,1,35,74,180,300,3,5
1456,9,331,10,1,3,2,94,29,0,300,2,5
1457,13,155,13,1,3,2,14,87,180,300,3,5
1458,9,66,9,1,3,2,48,61,180,300,1,5
1459,6,220,6,2,3,1,36,10,300,600,2,5
1460,12,5,12,1,3,1,76,29,60,180,2,5
1461,5,531,7,1,3,2,65,73,180,300,4,5
1462,14,87,14,1,3,2,42,17,180,300,4,5
1463,10,356,10,2,3,2,41,51,420,540,3,5
1464,7,518,8,1,3,1,51,3,180,300,3,5
1465,3,141,4,1,3,1,84,29,0,300,3,5
1466,2,458,4,1,3,1,42,67,180,300,2,5
1467,2,597,3,1,3,1,17,91,180,300,1,5
1468,13,237,14,1,3,2,71,16,180,300,3,5
1469,3,134,4,1,3,1,54,20,60,180,1,5
1470,7,587,8,1,3,2,36,43,60,180,2,5
1471,8,403,8,2,3,2,53,34,420,540,3,5
1472,13,229,14,1,3,2,9,58,180,300,4,5
1473,9,227,10,1,3,1,98,84,0,300,4,5
1474,8,64,8,1,3,1,18,44,180,300,2,5
1475,11,428,13,1,3,2,45,76,180,300,3,5
1476,11,111,11,1,3,2,27,24,180,300,1,5
1477,2,521,3,2,3,2,54,65,300,600,4,5
1478,10,184,11,1,3,2,55,48,60,180,2,5
1479,5,273,5,2,3,2,28,20,420,540,4,5
1480,8,411,8,2,3,1,99,40,420,540,1,5
1481,2,146,2,1,3,2,77,82,180,300,1,5
1482,7,377,7,2,3,1,3,2,420,540,2,5
1483,14,86,14,1,3,2,7,87,180,300,3,5
1484,6,399,6,2,3,1,80,7,420,540,4,5
1485,10,202,10,2,3,2,76,77,300,420,2,5
1486,11,550,12,1,3,1,7,28,60,180,2,5
1487,1,272,1,2,3,2,44,34,420,540,1,5
1488,6,148,7,1,3,2,76,9,60,180,4,5
1489,5,417,7,1,3,2,12,100,0,300,4,5
1490,5,25,6,1,3,2,29,27,0,300,1,5
1491,12,228,12,2,3,1,83,39,420,540,2,5
1492,7,96,7,1,3,2,33,52,180,300,1,5
1493,8,80,9,1,3,2,19,54,180,300,4,5
1494,1,222,1,2,3,1,76,87,420,540,1,5
1495,4,473,6,1,3,2,87,59,0,300,4,5
1496,7,263,7,2,3,2,82,62,420,540,2,5
1497,3,539,4,1,3,2,43,70,0,300,1,5
1498,2,333,2,2,3,1,46,67,420,540,3,5
1499,5,595,7,1,3,1,64,10,0,300,1,5
1500,10,128,10,1,3,1,31,39,180,300,1,5
1501,14,451,15,1,3,1,13,26,180,300,3,5
1502,11,207,11,2,3,1,99,55,300,600,3,5
1503,5,85,5,1,3,1,98,29,180,300,3,5
1504,5,90,6,1,3,2,37,18,60,180,3,5
1505,5,83,6,1,3,1,12,65,0,300,3,5
1506,2,19,2,1,3,2,31,55,60,180,2,5
1507,13,469,15,1,3,1,44,22,60,180,2,5
1508,10,90,10,1,3,1,63,0,180,300,4,5
1509,9,533,10,1,3,1,17,75,180,300,4,5
1510,10,33,10,1,3,1,44,2,60,180,4,5
1511,1,397,1,2,3,1,93,56,420,540,2,5
1512,11,71,11,1,3,2,10,57,180,300,2,5
1513,6,178,8,2,3,2,75,76,180,300,4,5
1514,14,568,15,1,3,2,63,32,180,300,3,5
1515,3,139,3,1,3,2,8,72,180,300,1,5
1516,3,253,3,2,3,2,95,19,300,600,4,5
1517,4,282,4,2,3,2,91,100,420,540,1,5
1518,7,258,7,2,3,2,59,78,300,420,1,5
1519,11,560,12,1,3,2,5,44,180,300,4,5
1520,13,152,14,1,3,1,9,59,180,300,4,5
1521,14,458,16,1,3,1,19,77,180,300,3,5
1522,7,204,8,1,3,1,93,73,180,300,2,5
1523,10,120,11,1,3,1,8,10,0,300,3,5
1524,5,14,6,1,3,1,52,69,0,300,3,5
1525,10,92,10,1,3,1,48,97,180,300,4,5
1526,13,523,15,1,3,1,1,80,180,300,4,5
1527,10,59,11,1,3,2,75,77,180,300,4,5
1528,11,484,12,1,3,2,96,81,60,180,3,5
1529,13,2,13,1,3,1,5,60,60,180,4,5
1530,14,149,15,1,3,1,83,78,60,180,2,5
1531,7,286,8,1,3,1,47,78,0,300,1,5
1532,9,68,10,1,3,1,98,41,180,300,1,5
1533,2,362,2,2,3,1,54,2,420,540,4,5
1534,14,188,14,2,3,2,75,94,300,600,2,5
1535,7,11,7,2,3,2,98,29,60,180,2,5
1536,4,246,4,2,3,2,53,53,300,420,3,5
1537,11,198,12,1,3,1,64,25,180,300,4,5
1538,6,84,6,1,3,1,25,1,180,300,2,5
1539,2,319,2,2,3,2,69,81,420,540,4,5
1540,6,249,7,1,3,1,37,57,0,300,2,5
1541,14,445,16,1,3,1,80,3,60,180,1,5
1542,2,179,3,1,3,1,86,72,180,300,3,5
1543,10,135,12,1,3,2,28,76,60,180,3,5
1544,3,324,3,2,3,1,74,95,420,540,3,5
1545,8,561,10,1,3,2,85,75,60,180,3,5
1546,11,432,13,1,3,2,16,46,60,180,1,5
1547,3,420,4,1,3,1,99,33,0,300,1,5
1548,8,281,8,2,3,2,9,81,300,420,4,5
1549,14,126,16,1,3,1,92,4,0,300,3,5
1550,8,123,8,2,3,2,72,69,180,300,1,5
1551,2,12,3,1,3,1,26,40,0,300,1,5
1552,1,211,2,1,3,1,11,6,0,300,4,5
1553,6,254,7,1,3,2,83,19,180,300,3,5
1554,13,291,14,1,3,1,60,97,60,180,1,5
1555,3,30,4,1,3,1,88,71,180,300,4,5
1556,4,291,4,2,3,1,59,77,420,540,2,5
1557,13,122,14,1,3,2,22,28,180,300,3,5
1558,12,422,13,1,3,1,5,29,60,180,4,5
1559,11,115,12,1,3,1,72,82,0,300,4,5
1560,1,208,1,2,3,2,100,56,420,540,1,5
1561,6,571,8,1,3,1,92,28,60,180,1,5
1562,5,324,5,2,3,2,73,55,420,540,4,5
1563,9,198,10,1,3,1,16,73,180,300,2,5
1564,10,185,10,2,3,1,98,14,420,540,3,5
1565,12,194,12,2,3,2,42,40,300,420,4,5
1566,10,479,12,1,3,2,100,60,0,300,1,5
1567,9,254,9,2,3,1,95,32,300,420,4,5
1568,2,437,3,1,3,1,53,88,180,300,1,5
1569,8,301,8,2,3,1,55,13,420,540,4,5
1570,3,123,3,1,3,1,32,27,180,300,1,5
1571,10,369,11,1,3,1,79,98,0,300,3,5
1572,9,235,9,2,3,2,72,57,420,540,1,5
1573,2,104,3,1,3,1,2,76,60,180,3,5
1574,12,443,13,1,3,1,71,94,60,180,2,5
1575,2,399,3,1,3,2,26,98,0,300,1,5
1576,3,18,3,1,3,1,63,22,60,180,1,5
1577,5,543,6,1,3,1,0,32,0,300,2,5
1578,2,336,2,2,3,2,71,16,420,540,2,5
1579,14,352,14,2,3,2,81,17,420,540,2,5
1580,14,183,14,2,3,2,19,89,300,600,3,5
1581,8,232,8,2,3,1,29,39,420,540,3,5
1582,4,543,6,1,3,1,71,63,0,300,1,5
1583,7,579,9,1,3,2,12,42,180,300,4,5
1584,2,100,2,1,3,1,59,89,180,300,3,5
1585,12,364,13,1,3,1,65,23,0,300,4,5
1586,9,209,9,2,3,1,38,73,300,600,1,5
1587,9,378,10,1,3,1,68,28,0,300,1,5
1588,12,217,12,2,3,2,5,26,420,540,1,5
1589,8,480,9,1,3,1,27,36,60,180,2,5
1590,2,274,3,1,3,1,63,76,180,300,1,5
1591,8,539,9,1,3,1,99,57,0,300,1,5
1592,13,226,14,1,3,2,13,1,180,300,2,5
1593,9,40,10,1,3,1,59,90,60,180,4,5
1594,14,287,14,2,3,1,45,81,420,540,4,5
1595,9,520,10,1,3,1,77,75,60,180,1,5
1596,7,544,9,1,3,1,32,67,60,180,3,5
1597,4,426,5,1,3,2,2,22,0,300,4,5
1598,2,442,3,1,3,2,67,27,60,180,2,5
1599,12,583,13,1,3,1,41,72,60,180,1,5
1600,8,52,9,1,3,2,83,58,0,300,1,5
1601,14,586,16,1,3,2,35,41,180,300,2,5
1602,9,470,11,1,3,2,61,59,60,180,3,5
1603,1,215,1,2,3,1,82,15,300,600,1,5
1604,13,82,15,1,3,1,21,25,60,180,3,5
1605,11,538,13,1,3,1,35,2,0,300,3,5
1606,1,384,1,2,3,2,37,69,420,540,2,5
1607,5,530,7,1,3,2,95,11,0,300,4,5
1608,3,237,4,1,3,2,97,1,0,300,3,5
1609,12,118,13,1,3,2,49,31,0,300,4,5
1610,6,540,8,1,3,2,88,58,180,300,4,5
1611,14,389,15,1,3,2,88,75,180,300,1,5
1612,5,532,7,1,3,2,7,50,180,300,1,5
1613,11,202,11,2,3,2,17,91,300,600,2,5
1614,7,318,7,2,3,1,45,33,420,540,1,5
1615,9,298,9,2,3,1,29,26,300,600,3,5
1616,9,582,11,1,3,1,11,90,180,300,2,5
1617,5,542,6,1,3,2,4,45,180,300,3,5
1618,13,66,14,1,3,2,8,76,180,300,1,5
1619,12,171,12,1,3,1,8,59,180,300,4,5
1620,10,554,11,1,3,1,78,21,0,300,3,5
1621,6,546,8,1,3,2,92,90,180,300,2,5
1622,5,573,7,1,3,2,84,49,0,300,4,5
1623,7,39,7,1,3,2,55,99,60,180,2,5
1624,7,214,7,2,3,2,20,77,420,540,3,5
1625,5,193,5,2,3,1,6,63,300,600,4,5
1626,14,44,15,1,3,2,98,64,0,300,2,5
1627,2,87,2,1,3,2,23,94,180,300,1,5
1628,12,171,12,1,3,1,10,77,180,300,3,5
1629,11,435,13,1,3,2,14,13,0,300,2,5
1630,9,449,10,1,3,2,50,66,60,180,1,5
1631,7,67,9,1,3,1,55,64,180,300,1,5
1632,12,436,14,1,3,1,84,83,180,300,2,5
1633,9,577,11,1,3,1,97,85,60,180,3,5
1634,11,413,11,2,3,2,39,77,420,540,4,5
1635,1,469,3,1,3,2,13,8,0,300,4,5
1636,11,369,12,1,3,2,22,90,180,300,1,5
1637,9,18,10,1,3,2,6,69,180,300,3,5
1638,6,467,7,1,3,1,13,75,0,300,1,5
1639,4,141,5,1,3,1,91,25,180,300,2,5
1640,11,96,11,1,3,1,16,53,180,300,3,5
1641,2,421,4,1,3,1,93,93,180,300,2,5
1642,9,533,10,1,3,2,15,84,180,300,4,5
1643,12,311,13,1,3,2,40,26,60,180,4,5
1644,11,537,13,1,3,2,54,42,60,180,4,5
1645,4,435,6,1,3,1,85,6,60,180,3,5
1646,4,548,6,1,3,1,96,11,180,300,4,5
1647,1,545,3,1,3,1,93,81,0,300,4,5
1648,12,588,14,1,3,1,1,24,0,300,1,5
1649,4,539,5,1,3,2,8,17,0,300,4,5
1650,6,69,7,1,3,1,88,45,0,300,2,5
1651,4,557,6,1,3,1,79,100,180,300,3,5
1652,8,185,8,2,3,2,94,29,420,540,4,5
1653,2,550,3,1,3,1,93,26,0,300,1,5
1654,10,150,11,1,3,1,39,69,60,180,4,5
1655,12,290,13,1,3,2,17,32,0,300,1,5
1656,4,146,5,1,3,2,32,65,60,180,4,5
1657,11,128,11,1,3,2,17,25,180,300,4,5
1658,9,218,10,1,3,1,20,35,0,300,3,5
1659,8,45,8,1,3,2,73,59,60,180,3,5
1660,8,88,8,1,3,2,63,48,180,300,1,5
1661,14,373,15,1,3,2,16,46,60,180,1,5
1662,4,135,4,1,3,2,73,27,180,300,2,5
1663,14,407,14,2,3,1,48,75,420,540,2,5
1664,1,276,1,2,3,1,92,64,300,600,2,5
1665,14,301,14,2,3,1,22,4,420,540,1,5
1666,12,383,13,1,3,2,84,8,180,300,3,5
1667,2,366,2,2,3,2,21,19,420,540,2,5
1668,4,361,4,2,3,2,51,75,420,540,4,5
1669,3,168,3,1,3,1,47,78,180,300,1,5
1670,5,435,6,1,3,2,75,27,60,180,2,5
1671,13,474,15,1,3,1,94,1,180,300,2,5
1672,3,542,4,1,3,1,9,74,180,300,1,5
1673,5,276,5,2,3,1,57,1,420,540,4,5
1674,7,572,8,1,3,2,39,60,180,300,4,5
1675,9,187,9,2,3,2,59,54,300,420,4,5
1676,10,536,11,1,3,2,5,28,60,180,4,5
1677,11,91,11,1,3,1,93,3,180,300,2,5
1678,3,115,3,1,3,1,99,96,180,300,4,5
1679,9,529,11,1,3,1,15,54,180,300,4,5
1680,7,196,7,2,3,1,66,58,420,540,4,5
1681,10,535,11,1,3,2,44,27,60,180,4,5
1682,1,386,1,2,3,2,81,83,420,540,4,5
1683,13,286,14,1,3,1,54,69,60,180,1,5
1684,5,68,6,1,3,2,43,31,60,180,4,5
1685,9,67,9,1,3,2,91,22,180,300,1,5
1686,13,516,15,1,3,1,93,86,0,300,4,5
1687,12,68,12,1,3,1,52,81,180,300,4,5
1688,6,526,7,1,3,1,32,15,60,180,3,5
1689,8,202,9,1,3,1,83,89,180,300,1,5
1690,1,581,3,1,3,2,52,46,60,180,2,5
1691,11,278,11,2,3,2,65,15,420,540,2,5
1692,7,574,8,1,3,2,72,95,60,180,4,5
1693,10,200,10,2,3,1,85,35,420,540,4,5
1694,10,97,10,1,3,1,26,98,180,300,4,5
1695,13,422,15,1,3,2,21,14,0,300,1,5
1696,6,536,8,1,3,1,63,18,0,300,3,5
1697,3,237,4,1,3,2,74,46,60,180,3,5
1698,14,401,14,2,3,2,9,75,420,540,2,5
1699,12,13,12,1,3,2,53,38,60,180,1,5
1700,5,149,5,1,3,1,5,55,180,300,1,5
1701,2,25,3,1,3,2,47,51,180,300,3,5
1702,1,193,2,1,3,1,16,57,180,300,4,5
1703,1,482,2,1,3,2,29,92,60,180,3,5
1704,3,37,4,1,3,1,15,83,0,300,3,5
1705,2,228,2,2,3,2,20,34,420,540,1,5
1706,14,221,14,2,3,2,77,27,420,540,4,5
1707,8,190,8,2,3,1,74,20,420,540,4,5
1708,7,401,8,1,3,2,36,60,180,300,4,5
1709,11,321,11,2,3,2,52,23,420,540,1,5
1710,5,14,5,1,3,2,61,36,60,180,4,5
1711,10,258,10,2,3,2,14,66,300,600,2,5
1712,8,243,9,1,3,1,39,47,180,300,4,5
1713,12,535,13,1,3,2,62,11,180,300,1,5
1714,8,39,9,1,3,1,33,59,60,180,4,5
1715,4,209,5,1,3,1,71,90,60,180,2,5
1716,13,463,15,1,3,1,38,41,60,180,1,5
1717,1,167,1,1,3,2,80,82,180,300,3,5
1718,8,358,9,2,3,1,9,95,180,300,4,5
1719,5,330,5,2,3,2,35,64,420,540,3,5
1720,13,66,14,1,3,2,58,1,60,180,2,5
1721,10,18,12,1,3,1,14,8,0,300,1,5
1722,11,253,11,2,3,1,60,81,420,540,3,5
1723,9,515,11,1,3,2,56,89,180,300,4,5
1724,8,568,10,1,3,2,15,65,60,180,1,5
1725,6,571,7,2,3,1,61,85,300,600,1,5
1726,9,42,9,1,3,2,10,37,60,180,3,5
1727,4,189,5,1,3,2,98,12,0,300,3,5
1728,2,22,2,1,3,2,9,54,60,180,2,5
1729,8,293,8,2,3,2,31,20,300,600,2,5
1730,13,517,14,1,3,2,30,37,180,300,2,5
1731,6,490,8,1,3,2,10,46,180,300,1,5
1732,6,545,7,1,3,2,76,71,180,300,4,5
1733,1,259,2,2,3,2,77,85,300,420,2,5
1734,11,363,11,2,3,2,9,28,420,540,3,5
1735,12,573,14,1,3,2,19,34,0,300,1,5
1736,11,119,12,1,3,2,41,98,180,300,1,5
1737,9,378,9,2,3,1,59,32,420,540,2,5
1738,9,268,9,2,3,1,62,79,420,540,1,5
1739,8,374,8,2,3,2,75,77,420,540,3,5
1740,5,120,5,1,3,1,79,82,180,300,2,5
1741,1,138,2,1,3,2,93,21,0,300,1,5
1742,14,454,16,1,3,2,76,8,0,300,4,5
1743,6,375,7,1,3,2,51,61,60,180,2,5
1744,14,588,15,1,3,1,48,78,0,300,1,5
1745,14,579,16,1,3,2,92,69,60,180,1,5
1746,13,525,14,1,3,1,99,98,60,180,1,5
1747,9,526,10,1,3,2,91,26,60,180,1,5
1748,9,252,9,2,3,1,15,50,420,540,2,5
1749,13,146,13,1,3,2,85,20,180,300,1,5
1750,7,567,9,1,3,2,81,56,180,300,1,5
1751,13,570,14,1,3,1,100,65,0,300,1,5
1752,10,278,10,2,3,1,12,92,420,540,2,5
1753,3,203,3,2,3,2,27,1,300,420,1,5
1754,2,125,3,1,3,2,91,6,60,180,3,5
1755,4,150,5,1,3,2,65,24,60,180,3,5
1756,5,599,7,2,3,1,36,33,420,540,3,5
1757,4,253,4,2,3,2,56,72,300,420,2,5
1758,10,285,11,1,3,2,43,9,180,300,3,5
1759,5,382,5,2,3,1,4,8,420,540,2,5
1760,4,279,5,2,3,1,88,64,180,300,1,5
1761,2,462,4,1,3,2,17,35,0,300,1,5
1762,4,551,5,2,3,1,90,70,60,180,4,5
1763,14,28,15,1,3,2,31,31,180,300,3,5
1764,13,413,14,1,3,2,77,19,0,300,4,5
1765,14,546,15,1,3,1,55,59,60,180,3,5
1766,11,142,11,1,3,2,18,26,180,300,1,5
1767,5,383,6,1,3,2,39,32,60,180,3,5
1768,3,25,3,1,3,1,54,76,60,180,3,5
1769,13,588,15,1,3,1,29,41,0,300,1,5
1770,13,520,15,1,3,2,35,75,60,180,1,5
1771,13,124,13,1,3,2,63,39,180,300,3,5
1772,5,314,5,2,3,2,52,5,420,540,1,5
1773,12,36,12,1,3,2,22,26,60,180,4,5
1774,12,118,12,1,3,1,57,18,180,300,1,5
1775,6,460,7,1,3,1,73,26,180,300,3,5
1776,10,72,11,1,3,1,86,64,0,300,3,5
1777,6,279,7,1,3,2,73,36,180,300,3,5
1778,7,516,9,1,3,1,32,83,180,300,4,5
1779,8,184,9,1,3,2,2,45,180,300,1,5
1780,6,234,7,1,3,2,77,66,180,300,2,5
1781,6,36,7,1,3,1,90,98,60,180,3,5
1782,6,418,7,1,3,1,95,19,180,300,1,5
1783,4,225,4,2,3,2,24,7,300,420,1,5
1784,3,356,3,2,3,2,55,9,420,540,3,5
1785,3,370,4,1,3,2,50,92,60,180,4,5
1786,10,421,12,1,3,2,32,69,0,300,1,5
1787,11,399,12,1,3,1,35,6,60,180,1,5
1788,9,595,10,1,3,1,28,50,180,300,3,5
1789,8,204,9,1,3,2,18,45,0,300,2,5
1790,3,237,4,1,3,2,38,39,180,300,4,5
1791,11,419,11,2,3,1,13,30,420,540,1,5
1792,2,326,3,1,3,1,5,86,60,180,1,5
1793,7,448,8,1,3,2,25,14,60,180,2,5
1794,13,349,13,2,3,2,10,98,420,540,1,5
1795,8,543,10,2,3,1,99,45,180,300,2,5
1796,1,354,1,2,3,1,51,31,420,540,2,5
1797,7,86,8,1,3,1,44,24,0,300,4,5
1798,4,41,4,1,3,1,67,55,60,180,1,5
1799,12,258,12,2,3,1,71,69,420,540,4,5
1800,1,68,1,1,3,1,50,43,180,300,1,5
1801,8,201,10,1,3,2,72,41,180,300,2,5
1802,5,243,5,2,3,2,7,6,420,540,3,5
1803,5,215,5,2,3,1,51,37,420,540,3,5
1804,2,313,3,1,3,1,37,61,0,300,2,5
1805,8,83,8,1,3,1,4,16,180,300,3,5
1806,5,18,7,1,3,1,39,53,180,300,2,5
1807,4,419,4,2,3,2,23,87,420,540,1,5
1808,8,431,9,1,3,2,37,34,60,180,4,5
1809,2,68,2,1,3,1,31,32,180,300,1,5
1810,12,371,13,1,3,2,80,40,180,300,2,5
1811,14,315,15,1,3,1,65,68,0,300,1,5
1812,8,508,9,1,3,2,95,97,60,180,4,5
1813,10,480,11,1,3,1,31,13,0,300,4,5
1814,3,163,4,1,3,1,72,83,0,300,3,5
1815,13,566,14,1,3,1,98,98,60,180,4,5
1816,12,245,12,2,3,2,70,20,300,600,2,5
1817,8,59,8,1,3,2,6,12,60,180,2,5
1818,8,111,8,1,3,1,92,71,180,300,3,5
1819,14,415,14,2,3,1,100,60,420,540,4,5
1820,4,344,5,1,3,1,54,12,0,300,1,5
1821,8,127,10,1,3,2,62,12,180,300,4,5
1822,4,106,4,1,3,1,59,55,180,300,2,5
1823,14,318,14,2,3,2,50,30,420,540,4,5
1824,1,415,2,1,3,1,20,70,0,300,2,5
1825,9,582,11,1,3,1,24,49,180,300,2,5
1826,14,254,14,2,3,1,2,52,300,420,4,5
1827,5,192,6,1,3,1,0,74,60,180,3,5
1828,10,197,10,2,3,2,40,40,300,420,4,5
1829,14,247,14,2,3,1,42,6,420,540,1,5
1830,6,117,6,2,3,1,14,95,420,540,4,5
1831,13,600,15,1,3,1,12,92,60,180,2,5
1832,13,110,13,1,3,2,91,11,180,300,1,5
1833,4,271,4,2,3,1,40,39,300,600,3,5
1834,13,186,14,1,3,2,20,24,180,300,2,5
1835,14,217,15,1,3,1,37,13,180,300,2,5
1836,14,175,15,2,3,1,14,79,180,300,3,5
1837,13,40,14,1,3,2,17,85,60,180,2,5
1838,4,419,5,1,3,1,11,1,60,180,1,5
1839,5,70,6,1,3,2,38,14,0,300,2,5
1840,1,381,2,1,3,1,45,74,0,300,3,5
1841,5,325,6,1,3,1,12,86,180,300,3,5
1842,14,211,15,1,3,2,99,21,60,180,1,5
1843,5,4,6,1,3,2,35,70,60,180,3,5
1844,4,576,5,1,3,1,7,1,180,300,4,5
1845,1,227,3,1,3,1,58,14,0,300,4,5
1846,14,187,14,2,3,1,30,0,420,540,4,5
1847,10,558,11,1,3,1,64,5,60,180,2,5
1848,8,262,9,1,3,2,94,62,60,180,1,5
1849,10,30,10,1,3,2,90,44,60,180,1,5
1850,13,348,13,2,3,1,41,20,420,540,2,5
1851,12,131,12,1,3,1,69,62,180,300,1,5
1852,7,131,8,1,3,2,84,72,180,300,1,5
1853,7,558,8,1,3,1,57,50,60,180,4,5
1854,8,210,9,1,3,1,55,51,60,180,2,5
1855,11,384,13,1,3,1,36,82,60,180,3,5
1856,12,194,13,1,3,1,89,20,180,300,2,5
1857,2,367,2,2,3,1,10,64,420,540,3,5
1858,8,516,10,1,3,2,96,51,60,180,1,5
1859,9,323,10,1,3,2,59,8,0,300,4,5
1860,6,534,8,1,3,2,28,27,180,300,3,5
1861,8,400,8,2,3,2,60,45,420,540,2,5
1862,13,575,15,2,3,2,53,24,0,300,4,5
1863,14,347,14,2,3,1,79,9,420,540,2,5
1864,7,202,7,2,3,2,71,43,420,540,3,5
1865,6,269,7,1,3,2,89,63,60,180,4,5
1866,13,221,13,2,3,2,30,74,300,420,2,5
1867,3,54,3,1,3,1,68,2,60,180,3,5
1868,11,48,13,1,3,1,61,96,60,180,2,5
1869,10,318,11,2,3,1,20,25,420,540,3,5
1870,12,500,13,1,3,2,28,31,60,180,2,5
1871,2,68,2,1,3,1,53,17,180,300,2,5
1872,7,372,8,1,3,2,72,60,60,180,2,5
1873,7,461,9,1,3,2,45,0,180,300,3,5
1874,8,178,8,1,3,2,79,85,180,300,2,5
1875,8,312,8,2,3,1,96,34,420,540,4,5
1876,13,413,13,2,3,1,7,79,420,540,3,5
1877,6,459,7,1,3,1,0,36,0,300,3,5
1878,10,427,12,1,3,2,51,61,60,180,1,5
1879,14,333,14,2,3,1,29,14,420,540,2,5
1880,10,101,10,1,3,1,89,83,180,300,2,5
1881,3,447,4,1,3,2,72,72,0,300,1,5
1882,2,377,2,2,3,2,46,61,420,540,2,5
1883,3,83,3,1,3,2,13,16,180,300,2,5
1884,6,35,6,1,3,2,96,36,60,180,1,5
1885,7,261,8,1,3,1,63,34,60,180,4,5
1886,10,304,11,1,3,1,95,36,60,180,1,5
1887,2,137,2,1,3,1,52,34,180,300,1,5
1888,14,577,16,1,3,2,54,81,60,180,4,5
1889,1,42,1,1,3,2,72,10,60,180,3,5
1890,12,202,12,2,3,2,60,89,420,540,2,5
1891,4,125,4,1,3,2,10,71,180,300,3,5
1892,7,62,7,1,3,1,49,84,180,300,1,5
1893,5,341,5,2,3,1,68,74,420,540,4,5
1894,7,520,9,1,3,2,81,22,0,300,4,5
1895,13,394,15,1,3,2,14,98,60,180,4,5
1896,13,81,13,1,3,2,43,22,180,300,3,5
1897,9,472,10,1,3,1,21,85,180,300,1,5
1898,12,52,14,1,3,2,51,15,60,180,2,5
1899,5,341,6,1,3,1,50,64,60,180,4,5
1900,7,200,8,1,3,2,51,10,0,300,2,5
1901,8,534,10,1,3,2,1,69,180,300,2,5
1902,12,428,13,1,3,2,75,31,180,300,1,5
1903,9,319,9,2,3,2,0,50,420,540,4,5
1904,2,108,3,1,3,1,55,61,180,300,2,5
1905,5,63,5,1,3,2,24,24,180,300,3,5
1906,4,441,6,1,3,1,53,99,60,180,3,5
1907,12,585,14,1,3,2,100,18,0,300,1,5
1908,1,561,2,1,3,1,21,49,60,180,4,5
1909,6,318,6,2,3,1,13,29,420,540,4,5
1910,10,330,11,1,3,1,61,83,180,300,4,5
1911,9,584,10,1,3,2,31,40,0,300,3,5
1912,5,38,5,1,3,2,38,55,60,180,3,5
1913,5,14,6,1,3,1,79,63,60,180,2,5
1914,2,135,2,1,3,2,21,6,180,300,3,5
1915,11,2,11,1,3,2,32,16,60,180,4,5
1916,7,567,8,1,3,2,47,24,0,300,3,5
1917,12,360,12,2,3,1,44,60,420,540,1,5
1918,14,89,14,1,3,1,20,23,180,300,3,5
1919,13,300,14,1,3,1,23,80,0,300,2,5
1920,14,571,16,1,3,1,43,64,60,180,2,5
1921,5,375,6,1,3,1,5,73,180,300,2,5
1922,4,235,5,1,3,1,44,94,60,180,1,5
1923,1,418,1,2,3,2,99,54,420,540,4,5
1924,9,259,9,2,3,1,54,42,300,600,3,5
1925,12,498,13,1,3,1,15,2,180,300,4,5
1926,1,594,2,1,3,1,29,63,60,180,3,5
1927,14,468,16,1,3,2,22,15,60,180,3,5
1928,5,576,7,1,3,1,21,41,60,180,3,5
1929,2,271,3,1,3,1,82,58,0,300,1,5
1930,3,4,4,1,3,1,52,78,0,300,2,5
1931,3,100,4,1,3,1,98,18,60,180,4,5
1932,11,424,13,1,3,1,30,91,60,180,4,5
1933,6,509,8,1,3,1,67,32,180,300,4,5
1934,4,56,5,1,3,1,15,7,60,180,1,5
1935,5,265,6,1,3,2,2,24,60,180,1,5
1936,12,366,13,1,3,2,32,4,0,300,4,5
1937,6,157,8,1,3,1,48,63,0,300,2,5
1938,1,465,3,1,3,1,45,97,60,180,4,5
1939,6,187,7,1,3,1,14,9,0,300,2,5
1940,6,599,7,1,3,1,72,84,60,180,1,5
1941,9,329,9,2,3,1,39,95,420,540,1,5
1942,2,137,3,1,3,2,59,95,60,180,2,5
1943,2,266,2,2,3,1,39,8,420,540,2,5
1944,9,562,11,1,3,2,18,16,180,300,4,5
1945,14,600,16,1,3,2,64,77,180,300,1,5
1946,12,206,12,2,3,2,26,12,300,420,1,5
1947,10,23,11,1,3,2,92,48,0,300,3,5
1948,5,402,6,1,3,2,61,70,60,180,3,5
1949,13,136,13,1,3,1,40,14,180,300,3,5
1950,2,108,2,1,3,1,34,55,180,300,4,5
1951,11,385,12,1,3,2,81,63,0,300,4,5
1952,5,548,6,1,3,2,0,91,0,300,1,5
1953,13,83,13,1,3,2,92,80,180,300,2,5
1954,4,200,6,1,3,2,1,29,0,300,1,5
1955,5,565,6,1,3,2,27,6,180,300,3,5
1956,12,297,12,2,3,2,35,88,420,540,1,5
1957,6,453,8,1,3,1,58,90,0,300,4,5
1958,14,286,15,1,3,1,9,40,0,300,1,5
1959,12,98,12,1,3,1,13,24,180,300,2,5
1960,5,68,5,1,3,1,35,98,180,300,3,5
1961,13,476,15,2,3,2,37,18,300,420,3,5
1962,9,423,10,1,3,2,1,90,0,300,2,5
1963,7,213,7,2,3,1,2,97,420,540,1,5
1964,12,563,13,1,3,1,86,45,60,180,3,5
1965,13,400,13,2,3,2,31,5,420,540,4,5
1966,2,457,4,1,3,2,97,85,60,180,3,5
1967,11,255,12,1,3,1,5,15,0,300,4,5
1968,5,27,5,1,3,1,1,83,60,180,3,5
1969,13,277,13,2,3,2,90,50,300,420,4,5
1970,8,414,9,1,3,2,92,23,180,300,4,5
1971,3,446,5,1,3,1,98,33,0,300,4,5
1972,3,296,3,2,3,2,88,98,420,540,2,5
1973,3,522,5,1,3,1,35,0,60,180,2,5
1974,2,262,2,2,3,1,34,17,420,540,2,5
1975,11,552,12,1,3,1,59,9,0,300,1,5
1976,3,456,4,1,3,1,18,79,0,300,3,5
1977,7,418,7,2,3,2,54,27,420,540,2,5
1978,8,192,9,1,3,2,57,24,180,300,1,5
1979,4,225,4,2,3,1,59,48,300,420,3,5
1980,4,579,5,1,3,1,55,69,180,300,3,5
1981,7,527,8,1,3,2,46,10,60,180,3,5
1982,14,214,15,1,3,1,9,99,0,300,4,5
1983,11,443,13,1,3,2,14,78,0,300,4,5
1984,6,5,7,1,3,1,65,61,180,300,2,5
1985,14,313,14,2,3,1,94,4,420,540,1,5
1986,13,304,14,1,3,2,32,23,0,300,4,5
1987,9,534,11,1,3,1,14,13,60,180,3,5
1988,3,346,4,1,3,1,84,38,0,300,4,5
1989,7,475,8,1,3,1,64,84,0,300,3,5
1990,13,140,14,1,3,2,17,5,0,300,2,5
1991,14,405,15,1,3,1,40,68,180,300,2,5
1992,7,348,7,2,3,1,64,80,420,540,3,5
1993,13,482,14,1,3,1,18,33,180,300,2,5
1994,3,66,3,1,3,1,80,46,180,300,2,5
1995,1,400,1,2,3,1,88,72,420,540,1,5
1996,12,389,12,2,3,2,91,53,420,540,3,5
1997,5,347,5,2,3,1,9,6,420,540,3,5
1998,13,471,14,1,3,1,43,82,60,180,4,5
1999,7,65,7,1,3,1,47,99,180,300,4,5
2000,8,275,8,2,3,1,1,43,300,420,3,5
2001,9,497,10,1,3,1,81,67,0,300,1,5
2002,14,353,15,1,3,1,4,46,180,300,1,5
2003,12,19,13,1,3,2,76,52,0,300,1,5
2004,14,352,14,2,3,1,98,57,420,540,3,5
2005,1,181,1,2,3,2,54,6,420,540,4,5
2006,7,573,9,1,3,1,82,68,60,180,4,5
2007,4,329,4,2,3,1,61,90,420,540,1,5
2008,6,544,8,1,3,1,20,99,0,300,3,5
2009,5,95,5,1,3,1,29,20,180,300,4,5
2010,11,58,11,1,3,1,52,1,60,180,3,5
2011,6,7,6,1,3,2,8,53,60,180,1,5
2012,5,293,5,2,3,2,44,95,300,420,1,5
2013,7,319,8,1,3,1,45,6,60,180,4,5
2014,3,22,4,1,3,2,16,28,60,180,4,5
2015,14,14,15,1,3,1,25,0,180,300,2,5
2016,3,205,4,1,3,1,29,23,60,180,4,5
2017,2,576,3,1,3,2,32,12,180,300,1,5
2018,11,109,12,1,3,1,37,94,0,300,3,5
2019,9,584,11,1,3,1,1,84,180,300,4,5
2020,9,10,10,1,3,2,56,58,0,300,1,5
2021,8,7,8,1,3,1,47,41,60,180,1,5
2022,3,424,4,1,3,1,22,65,60,180,4,5
2023,13,286,13,2,3,1,30,81,300,600,2,5
2024,9,527,10,1,3,1,34,49,60,180,4,5
2025,4,255,4,2,3,2,66,51,420,540,2,5
2026,6,128,7,1,3,1,6,84,60,180,3,5
2027,10,199,10,2,3,1,4,7,420,540,1,5
2028,10,477,11,1,3,1,62,39,180,300,2,5
2029,9,297,10,1,3,2,65,67,0,300,4,5
2030,10,599,12,2,3,2,41,33,300,420,2,5
2031,2,561,3,1,3,1,26,51,60,180,4,5
2032,12,320,12,2,3,1,83,73,420,540,1,5
2033,6,545,8,1,3,1,92,6,180,300,3,5
2034,10,212,10,2,3,2,36,92,300,600,1,5
2035,4,38,5,1,3,2,26,62,60,180,2,5
2036,9,409,9,2,3,1,21,82,420,540,1,5
2037,12,219,12,2,3,1,90,51,420,540,2,5
2038,1,469,3,1,3,2,9,58,0,300,2,5
2039,1,439,2,1,3,1,72,77,180,300,1,5
2040,6,504,7,1,3,1,28,75,0,300,3,5
2041,4,168,5,1,3,1,16,20,0,300,2,5
2042,8,66,8,1,3,1,67,93,180,300,4,5
2043,8,559,9,1,3,1,80,60,0,300,1,5
2044,7,333,7,2,3,1,29,58,420,540,1,5
2045,6,133,6,1,3,2,74,46,180,300,2,5
2046,8,391,9,1,3,2,57,97,0,300,4,5
2047,2,425,3,1,3,2,78,34,180,300,4,5
2048,14,103,15,1,3,2,71,58,60,180,1,5
2049,14,461,15,1,3,2,33,82,60,180,1,5
2050,8,146,9,1,3,1,23,65,0,300,2,5
2051,13,124,13,1,3,1,28,74,180,300,3,5
2052,1,415,1,2,3,2,28,16,420,540,4,5
2053,6,278,7,1,3,2,0,31,180,300,3,5
2054,14,76,14,1,3,2,86,50,180,300,4,5
2055,2,217,2,2,3,2,4,34,420,540,4,5
2056,3,211,4,1,3,2,32,18,180,300,1,5
2057,9,326,10,1,3,2,58,76,0,300,2,5
2058,11,495,12,1,3,2,50,70,0,300,1,5
2059,10,316,11,1,3,2,30,61,0,300,4,5
2060,1,595,2,1,3,2,28,3,0,300,4,5
2061,9,45,9,1,3,1,89,83,60,180,3,5
2062,13,87,13,1,3,1,73,86,180,300,3,5
2063,3,452,5,1,3,1,88,77,180,300,1,5
2064,13,371,13,2,3,1,12,53,420,540,3,5
2065,9,469,10,1,3,2,82,8,60,180,2,5
2066,6,132,8,1,3,2,94,6,60,180,4,5
2067,11,313,11,2,3,2,39,45,420,540,3,5
2068,3,426,4,1,3,1,52,36,60,180,1,5
2069,1,165,2,1,3,2,21,56,180,300,3,5
2070,3,193,3,2,3,2,99,74,420,540,4,5
2071,9,187,9,2,3,2,98,99,300,600,1,5
2072,7,402,7,2,3,2,21,43,420,540,2,5
2073,1,306,1,2,3,2,17,5,420,540,1,5
2074,11,207,12,1,3,1,92,4,60,180,2,5
2075,4,182,5,1,3,2,74,25,0,300,3,5
2076,9,554,10,1,3,1,92,67,180,300,2,5
2077,9,167,10,1,3,2,85,61,180,300,2,5
2078,4,301,5,1,3,2,90,79,0,300,1,5
2079,10,508,12,1,3,2,92,64,0,300,2,5
2080,12,407,12,2,3,1,31,31,420,540,1,5
2081,12,146,12,1,3,2,74,90,180,300,3,5
2082,5,138,5,1,3,1,80,44,180,300,3,5
2083,5,202,6,1,3,2,92,53,0,300,1,5
2084,3,324,3,2,3,1,52,56,420,540,2,5
2085,9,532,10,1,3,2,48,23,0,300,1,5
2086,5,550,7,1,3,1,64,2,0,300,3,5
2087,3,545,5,1,3,1,76,46,180,300,1,5
2088,10,175,11,1,3,1,79,24,60,180,4,5
2089,1,54,2,1,3,2,75,68,0,300,3,5
2090,5,212,5,2,3,1,2,81,300,420,4,5
2091,6,443,7,1,3,1,53,74,60,180,3,5
2092,7,478,8,1,3,1,47,92,60,180,3,5
2093,6,267,7,1,3,2,97,65,0,300,3,5
2094,1,36,1,1,3,2,96,61,60,180,1,5
2095,1,525,2,1,3,1,6,79,0,300,2,5
2096,12,152,13,1,3,2,12,95,0,300,3,5
2097,12,226,12,2,3,1,12,29,300,600,3,5
2098,9,488,11,1,3,1,16,14,0,300,3,5
2099,8,408,9,1,3,1,33,25,180,300,1,5
2100,13,387,14,1,3,1,47,80,0,300,1,5
2101,13,161,13,1,3,2,20,48,180,300,4,5
2102,12,307,13,1,3,2,51,65,180,300,4,5
2103,14,128,14,1,3,2,86,63,180,300,3,5
2104,13,272,13,2,3,1,65,81,420,540,4,5
2105,9,14,10,1,3,2,9,53,0,300,1,5
2106,7,165,7,1,3,1,10,9,180,300,1,5
2107,10,289,10,2,3,2,60,7,300,420,2,5
2108,5,21,6,1,3,1,97,47,0,300,3,5
2109,2,241,3,1,3,1,24,77,60,180,2,5
2110,7,68,7,1,3,2,56,97,180,300,1,5
2111,3,440,5,1,3,2,98,49,0,300,1,5
2112,4,353,4,2,3,2,100,76,420,540,2,5
2113,5,303,5,2,3,2,71,49,420,540,1,5
2114,10,599,12,1,3,1,35,47,180,300,1,5
2115,13,43,13,1,3,2,14,87,60,180,1,5
2116,9,350,11,1,3,1,9,54,180,300,4,5
2117,8,66,8,1,3,2,59,2,180,300,3,5
2118,13,54,13,1,3,2,23,55,60,180,3,5
2119,10,458,12,1,3,2,21,75,180,300,2,5
2120,5,413,6,1,3,2,62,93,0,300,4,5
2121,1,81,2,2,3,1,62,17,300,420,3,5
2122,12,44,13,1,3,1,60,12,0,300,3,5
2123,9,31,10,1,3,2,10,37,0,300,2,5
2124,2,21,2,1,3,1,100,22,60,180,4,5
2125,6,424,7,1,3,2,45,92,180,300,1,5
2126,11,383,11,2,3,1,44,73,420,540,2,5
2127,12,296,12,2,3,2,4,36,300,600,2,5
2128,8,342,9,1,3,1,13,31,0,300,3,5
2129,3,584,4,1,3,2,51,20,0,300,4,5
2130,3,544,5,1,3,2,54,50,180,300,2,5
2131,3,366,5,1,3,2,79,41,0,300,3,5
2132,6,230,6,2,3,2,74,25,300,600,4,5
2133,12,332,12,2,3,1,77,44,420,540,2,5
2134,8,451,10,1,3,2,91,72,0,300,2,5
2135,1,131,2,1,3,1,65,68,180,300,4,5
2136,14,371,14,2,3,1,34,98,420,540,3,5
2137,7,51,7,1,3,1,32,39,60,180,2,5
2138,2,263,3,1,3,2,64,4,0,300,2,5
2139,12,357,13,1,3,2,46,75,0,300,1,5
2140,12,461,14,1,3,2,90,22,60,180,3,5
2141,6,58,6,1,3,2,10,92,60,180,3,5
2142,9,41,10,1,3,1,67,18,0,300,4,5
2143,13,539,15,1,3,1,54,97,180,300,2,5
2144,14,423,15,1,3,2,23,23,60,180,3,5
2145,8,303,9,1,3,1,43,80,60,180,1,5
2146,12,269,12,2,3,1,13,94,420,540,4,5
2147,10,546,11,1,3,2,15,31,0,300,3,5
2148,2,424,4,1,3,2,67,76,60,180,1,5
2149,8,280,9,1,3,2,1,90,180,300,1,5
2150,2,240,3,1,3,1,70,49,180,300,2,5
2151,2,154,3,1,3,2,22,28,60,180,4,5
2152,1,396,2,1,3,1,78,75,0,300,1,5
2153,6,310,6,2,3,2,69,5,420,540,2,5
2154,10,245,10,2,3,1,95,9,420,540,4,5
2155,11,393,11,2,3,1,88,90,420,540,2,5
2156,7,138,9,1,3,1,62,92,180,300,2,5
2157,6,522,7,1,3,1,82,76,60,180,2,5
2158,10,271,11,2,3,2,56,77,0,300,2,5
2159,6,37,6,1,3,1,18,79,60,180,2,5
2160,11,415,11,2,3,2,3,88,420,540,1,5
2161,4,29,4,1,3,2,13,76,60,180,3,5
2162,5,558,7,1,3,2,17,28,180,300,4,5
2163,13,59,13,1,3,2,78,8,60,180,1,5
2164,2,210,2,2,3,2,4,73,420,540,2,5
2165,13,395,14,1,3,2,68,34,0,300,2,5
2166,7,71,7,1,3,1,73,31,180,300,1,5
2167,6,506,8,1,3,1,60,43,60,180,3,5
2168,11,34,12,1,3,2,84,38,180,300,1,5
2169,8,532,10,1,3,2,41,47,0,300,4,5
2170,12,426,13,1,3,2,83,91,0,300,4,5
2171,13,472,14,1,3,1,93,67,60,180,1,5
2172,14,107,14,1,3,1,72,33,180,300,3,5
2173,12,597,13,1,3,2,68,73,180,300,1,5
2174,8,456,9,1,3,1,88,30,180,300,3,5
2175,8,313,8,2,3,2,20,94,420,540,4,5
2176,11,400,12,1,3,1,47,91,0,300,3,5
2177,1,265,2,1,3,1,18,97,0,300,1,5
2178,10,550,12,1,3,1,15,1,0,300,4,5
2179,6,300,8,1,3,1,57,4,180,300,2,5
2180,3,498,4,1,3,2,86,97,0,300,1,5
2181,8,317,9,1,3,1,99,48,0,300,2,5
2182,5,200,5,2,3,2,24,31,300,420,1,5
2183,8,35,9,1,3,2,36,4,0,300,2,5
2184,1,312,2,1,3,2,82,71,60,180,3,5
2185,5,483,6,1,3,2,78,65,0,300,1,5
2186,1,368,1,2,3,2,100,76,420,540,2,5
2187,12,352,12,2,3,2,98,39,420,540,3,5
2188,12,564,13,1,3,1,32,28,60,180,3,5
2189,1,34,2,1,3,1,40,81,60,180,1,5
2190,14,381,15,1,3,2,14,55,0,300,3,5
2191,8,199,9,1,3,1,83,55,0,300,3,5
2192,9,76,9,1,3,1,60,85,180,300,3,5
2193,3,508,5,1,3,1,23,52,0,300,1,5
2194,14,8,16,1,3,1,76,29,60,180,1,5
2195,14,582,16,1,3,1,92,65,0,300,4,5
2196,6,482,7,1,3,2,44,91,180,300,2,5
2197,5,130,5,1,3,2,89,65,180,300,3,5
2198,6,235,6,2,3,2,88,27,420,540,4,5
2199,11,453,12,1,3,1,16,43,0,300,1,5
2200,7,289,7,2,3,2,61,27,420,540,1,5
2201,13,257,13,2,3,1,62,46,300,420,3,5
2202,5,540,7,1,3,1,62,27,0,300,3,5
2203,6,138,6,1,3,2,66,49,180,300,3,5
2204,2,556,3,1,3,1,40,59,60,180,3,5
2205,3,566,4,1,3,2,44,14,0,300,1,5
2206,1,483,2,1,3,1,49,88,180,300,1,5
2207,11,513,13,1,3,1,100,16,0,300,2,5
2208,3,125,3,1,3,1,20,60,180,300,1,5
2209,4,352,4,2,3,1,16,61,420,540,4,5
2210,6,458,8,1,3,1,83,12,0,300,2,5
2211,12,322,13,1,3,2,99,21,60,180,1,5
2212,1,271,2,1,3,2,4,0,60,180,2,5
2213,6,178,6,1,3,2,30,52,180,300,1,5
2214,2,15,3,2,3,1,6,56,420,540,3,5
2215,10,596,12,1,3,2,56,24,180,300,4,5
2216,5,530,7,1,3,1,93,92,180,300,4,5
2217,8,210,8,2,3,2,33,7,420,540,3,5
2218,12,467,13,1,3,1,95,64,60,180,2,5
2219,7,98,7,1,3,2,9,2,180,300,2,5
2220,2,341,3,1,3,2,12,82,60,180,1,5
2221,10,274,11,1,3,1,13,57,180,300,2,5
2222,2,458,3,1,3,2,79,74,0,300,2,5
2223,5,536,6,1,3,2,30,72,180,300,2,5
2224,3,114,3,1,3,1,8,91,180,300,3,5
2225,13,78,13,1,3,1,65,63,180,300,4,5
2226,13,131,14,1,3,2,33,43,60,180,3,5
2227,11,444,12,1,3,1,72,32,180,300,3,5
2228,13,579,15,1,3,2,12,86,180,300,1,5
2229,7,513,8,1,3,1,94,91,60,180,1,5
2230,8,341,8,2,3,2,34,3,420,540,3,5
2231,14,355,15,1,3,2,91,89,60,180,3,5
2232,9,357,10,1,3,1,34,28,180,300,3,5
2233,12,144,12,1,3,2,10,89,180,300,2,5
2234,6,84,6,1,3,1,13,7,180,300,2,5
2235,8,91,9,1,3,1,28,2,60,180,3,5
2236,4,177,4,1,3,1,99,85,180,300,3,5
2237,7,189,8,1,3,2,82,25,0,300,4,5
2238,13,329,14,1,3,1,37,84,60,180,3,5
2239,9,399,9,2,3,2,5,41,420,540,2,5
2240,8,91,8,1,3,1,72,45,180,300,1,5
2241,4,112,5,1,3,2,81,24,0,300,3,5
2242,1,330,1,2,3,2,86,98,420,540,4,5
2243,13,590,15,1,3,2,16,46,180,300,4,5
2244,2,289,2,2,3,1,48,27,420,540,4,5
2245,2,496,3,1,3,1,78,15,0,300,4,5
2246,6,202,7,1,3,1,47,89,0,300,3,5
2247,14,465,16,1,3,2,51,24,0,300,3,5
2248,7,28,8,1,3,1,22,95,180,300,3,5
2249,14,291,14,2,3,2,94,88,300,420,3,5
2250,8,85,9,1,3,1,51,50,180,300,3,5
2251,12,433,14,1,3,1,20,77,180,300,2,5
2252,9,257,9,2,3,1,53,35,300,420,2,5
2253,10,429,12,1,3,1,46,49,0,300,2,5
2254,11,357,12,1,3,1,55,33,60,180,3,5
2255,12,171,12,1,3,1,44,68,180,300,4,5
2256,13,339,13,2,3,1,66,80,420,540,2,5
2257,1,83,1,1,3,2,46,11,180,300,4,5
2258,12,46,12,1,3,1,80,17,60,180,2,5
2259,9,257,10,1,3,2,2,56,180,300,1,5
2260,13,302,14,1,3,1,83,16,180,300,2,5
2261,5,399,5,2,3,2,62,59,420,540,1,5
2262,2,349,3,1,3,1,7,59,180,300,2,5
2263,9,562,10,1,3,2,63,82,60,180,1,5
2264,6,237,6,2,3,1,87,85,300,600,4,5
2265,11,549,12,2,3,2,98,30,0,300,1,5
2266,13,272,14,1,3,1,89,59,60,180,2,5
2267,9,14,9,1,3,1,96,25,60,180,1,5
2268,3,180,3,1,3,2,48,67,180,300,4,5
2269,1,317,1,2,3,1,32,20,420,540,4,5
2270,10,262,11,1,3,2,67,99,180,300,3,5
2271,3,509,4,1,3,1,19,96,60,180,1,5
2272,8,306,8,2,3,2,68,15,420,540,1,5
2273,14,145,14,1,3,1,33,52,180,300,2,5
2274,11,557,13,1,3,2,45,34,60,180,1,5
2275,3,201,3,2,3,1,20,69,300,420,1,5
2276,1,140,1,1,3,2,1,12,180,300,1,5
2277,6,382,7,1,3,2,25,69,60,180,1,5
2278,12,552,13,1,3,2,93,80,180,300,1,5
2279,12,333,13,1,3,2,25,51,60,180,1,5
2280,1,119,2,1,3,2,32,44,0,300,2,5
2281,3,117,3,1,3,2,6,6,180,300,1,5
2282,5,362,5,2,3,2,59,79,420,540,2,5
2283,10,266,10,2,3,1,42,65,420,540,3,5
2284,13,536,15,1,3,2,52,42,0,300,3,5
2285,6,328,8,1,3,2,57,71,60,180,4,5
2286,14,555,16,1,3,1,60,69,0,300,3,5
2287,5,54,5,2,3,2,51,23,180,300,4,5
2288,7,365,7,2,3,1,82,89,420,540,1,5
2289,3,403,3,2,3,2,62,7,420,540,1,5
2290,1,264,2,1,3,2,21,9,60,180,3,5
2291,1,144,1,1,3,1,52,0,180,300,3,5
2292,2,178,2,1,3,1,4,10,180,300,2,5
2293,5,13,6,1,3,1,90,43,180,300,2,5
2294,4,468,6,1,3,1,23,87,0,300,4,5
2295,9,482,10,1,3,2,17,82,60,180,2,5
2296,6,372,6,2,3,2,65,95,420,540,3,5
2297,2,186,3,1,3,2,35,71,60,180,2,5
2298,13,537,15,1,3,2,93,22,60,180,4,5
2299,12,502,13,1,3,2,62,51,180,300,1,5
2300,13,449,15,1,3,2,35,92,60,180,3,5
2301,1,316,1,2,3,1,1,23,420,540,3,5
2302,14,444,15,1,3,1,99,42,60,180,2,5
2303,4,145,4,1,3,1,89,74,180,300,4,5
2304,9,21,10,1,3,2,54,93,180,300,4,5
2305,13,55,13,1,3,1,71,11,60,180,1,5
2306,8,282,8,2,3,1,66,95,420,540,1,5
2307,5,445,6,1,3,1,92,50,0,300,3,5
2308,6,492,8,1,3,2,52,81,0,300,1,5
2309,10,77,10,1,3,2,42,69,180,300,4,5
2310,9,69,10,1,3,2,87,37,60,180,4,5
2311,9,413,9,2,3,2,67,33,420,540,1,5
2312,5,581,7,1,3,2,36,77,60,180,3,5
2313,7,179,8,1,3,1,52,61,60,180,4,5
2314,9,329,9,2,3,1,69,38,420,540,1,5
2315,8,115,9,1,3,1,96,35,180,300,3,5
2316,3,500,5,1,3,1,17,16,60,180,3,5
2317,11,39,11,1,3,1,86,91,60,180,3,5
2318,1,306,1,2,3,1,29,60,420,540,4,5
2319,6,214,6,2,3,2,84,52,300,420,3,5
2320,4,540,6,1,3,1,66,20,0,300,3,5
2321,8,102,8,1,3,2,74,39,180,300,4,5
2322,10,318,10,2,3,2,67,6,420,540,3,5
2323,7,258,7,2,3,2,3,77,420,540,4,5
2324,8,558,9,1,3,1,66,21,180,300,4,5
2325,10,79,10,1,3,2,27,37,180,300,2,5
2326,14,267,15,1,3,2,5,71,180,300,3,5
2327,5,421,7,1,3,2,21,6,0,300,3,5
2328,4,376,5,1,3,2,46,76,0,300,4,5
2329,14,500,16,1,3,2,38,83,0,300,4,5
2330,4,512,5,1,3,2,75,3,0,300,1,5
2331,13,481,15,1,3,1,54,75,180,300,3,5
2332,7,599,8,1,3,1,13,93,0,300,3,5
2333,14,473,16,1,3,1,82,62,180,300,4,5
2334,13,507,14,1,3,2,87,57,0,300,4,5
2335,3,413,3,2,3,2,49,85,420,540,1,5
2336,8,156,8,1,3,2,62,82,180,300,3,5
2337,3,541,4,1,3,2,72,12,180,300,1,5
2338,10,390,10,2,3,1,53,2,420,540,3,5
2339,10,337,10,2,3,2,89,42,420,540,2,5
2340,11,416,12,1,3,1,26,66,180,300,2,5
2341,9,82,10,1,3,2,43,57,60,180,1,5
2342,14,220,14,2,3,1,68,32,420,540,4,5
2343,9,387,10,2,3,2,81,93,180,300,3,5
2344,1,490,3,1,3,1,11,58,0,300,4,5
2345,2,226,3,1,3,1,60,34,180,300,4,5
2346,12,189,13,1,3,2,51,87,60,180,3,5
2347,12,207,13,1,3,2,55,49,0,300,4,5
2348,8,344,8,2,3,1,45,0,420,540,3,5
2349,7,379,7,2,3,2,37,75,420,540,2,5
2350,14,321,14,2,3,1,84,50,420,540,1,5
2351,8,450,10,1,3,2,28,58,180,300,2,5
2352,6,72,7,1,3,1,79,38,0,300,1,5
2353,13,12,14,1,3,2,31,68,0,300,1,5
2354,7,450,9,1,3,1,24,46,0,300,2,5
2355,5,527,7,1,3,2,41,81,60,180,4,5
2356,3,401,3,2,3,2,91,48,420,540,4,5
2357,11,74,11,1,3,1,89,32,180,300,4,5
2358,4,364,4,2,3,1,2,85,420,540,4,5
2359,7,450,9,1,3,1,73,59,180,300,3,5
2360,14,284,14,2,3,1,44,17,300,600,2,5
2361,13,564,15,1,3,2,55,57,0,300,2,5
2362,12,191,12,2,3,1,77,88,300,600,2,5
2363,1,434,3,1,3,2,29,34,0,300,4,5
2364,2,413,3,1,3,2,28,53,60,180,4,5
2365,5,253,6,1,3,1,56,73,60,180,1,5
2366,4,321,4,2,3,1,66,56,420,540,4,5
2367,3,206,4,1,3,1,81,41,60,180,2,5
2368,8,72,10,1,3,1,45,79,0,300,2,5
2369,8,305,9,1,3,2,25,79,0,300,2,5
2370,12,36,12,1,3,2,5,41,60,180,2,5
2371,10,195,11,1,3,2,8,8,60,180,1,5
2372,10,405,12,1,3,1,46,46,60,180,3,5
2373,13,246,13,2,3,1,58,24,300,600,1,5
2374,8,287,10,1,3,2,82,68,0,300,4,5
2375,14,479,15,1,3,1,67,13,60,180,3,5
2376,7,353,7,2,3,2,88,7,420,540,1,5
2377,3,293,3,2,3,1,39,42,420,540,3,5
2378,6,182,6,2,3,2,56,94,300,600,3,5
2379,13,532,14,1,3,2,75,86,0,300,1,5
2380,5,109,5,1,3,2,14,100,180,300,1,5
2381,11,343,12,1,3,1,42,93,0,300,4,5
2382,6,466,8,1,3,2,8,80,180,300,2,5
2383,3,441,4,1,3,1,16,57,0,300,2,5
2384,3,12,4,1,3,1,14,83,0,300,3,5
2385,9,111,10,1,3,2,36,22,60,180,4,5
2386,7,38,8,2,3,1,34,86,60,180,3,5
2387,3,336,4,1,3,1,5,51,0,300,1,5
2388,5,196,5,2,3,2,49,27,300,420,1,5
2389,2,338,3,1,3,1,75,3,60,180,4,5
2390,13,77,14,1,3,1,75,14,60,180,3,5
2391,3,330,3,2,3,1,19,80,420,540,2,5
2392,8,461,10,1,3,2,41,0,60,180,1,5
2393,6,52,6,1,3,2,37,26,60,180,1,5
2394,7,252,8,1,3,2,66,72,60,180,1,5
2395,11,144,12,1,3,2,95,33,0,300,3,5
2396,10,506,12,1,3,2,100,75,0,300,3,5
2397,8,463,9,1,3,2,51,85,60,180,2,5
2398,12,572,13,1,3,2,86,43,180,300,3,5
2399,10,254,10,2,3,2,31,79,420,540,1,5
2400,3,247,3,2,3,2,22,88,300,420,2,5
2401,12,180,13,1,3,1,98,5,60,180,3,5
2402,13,39,14,1,3,2,91,81,0,300,2,5
2403,10,208,10,2,3,1,31,97,300,600,1,5
2404,5,43,5,1,3,2,17,87,60,180,2,5
2405,8,47,9,1,3,2,52,85,60,180,4,5
2406,11,179,11,1,3,1,34,88,180,300,3,5
2407,3,409,3,2,3,1,12,17,420,540,1,5
2408,14,28,15,2,3,1,0,4,420,540,4,5
2409,12,592,13,1,3,1,95,12,60,180,1,5
2410,9,600,10,1,3,1,73,18,0,300,4,5
2411,10,250,10,2,3,2,56,98,300,420,3,5
2412,6,315,7,1,3,1,85,54,180,300,1,5
2413,11,254,13,1,3,1,82,81,0,300,2,5
2414,7,503,9,2,3,1,73,94,0,300,2,5
2415,3,504,4,1,3,1,84,3,0,300,4,5
2416,14,584,16,1,3,2,35,11,0,300,1,5
2417,2,251,3,1,3,1,71,12,180,300,4,5
2418,11,46,11,1,3,2,85,59,60,180,3,5
2419,6,113,6,1,3,2,90,92,180,300,2,5
2420,10,552,12,1,3,1,32,49,180,300,3,5
2421,2,78,2,1,3,2,18,57,180,300,3,5
2422,4,308,4,2,3,2,24,33,420,540,3,5
2423,10,538,12,1,3,1,16,29,180,300,3,5
2424,11,500,13,1,3,2,94,42,180,300,1,5
2425,12,98,13,1,3,1,26,72,0,300,2,5
2426,13,98,13,1,3,2,58,96,180,300,1,5
2427,9,581,10,1,3,2,79,56,0,300,1,5
2428,7,315,8,2,3,1,17,66,0,300,3,5
2429,2,362,2,2,3,1,26,47,420,540,3,5
2430,4,69,4,1,3,2,66,1,180,300,4,5
2431,1,12,1,1,3,1,11,58,60,180,4,5
2432,13,567,14,1,3,2,44,41,60,180,4,5
2433,12,85,12,1,3,2,66,53,180,300,3,5
2434,14,271,14,2,3,2,25,12,300,600,1,5
2435,4,91,4,1,3,1,83,17,180,300,1,5
2436,3,376,4,1,3,2,27,41,0,300,4,5
2437,6,555,8,1,3,2,28,32,0,300,1,5
2438,13,404,14,1,3,1,35,82,0,300,1,5
2439,12,472,14,1,3,1,23,47,180,300,1,5
2440,12,582,14,1,3,2,56,95,0,300,4,5
2441,10,579,12,1,3,2,88,60,60,180,1,5
2442,14,454,15,1,3,2,19,18,60,180,1,5
2443,13,264,13,2,3,1,18,60,300,600,4,5
2444,7,337,8,1,3,1,51,28,60,180,2,5
2445,2,488,4,1,3,2,96,33,0,300,4,5
2446,9,514,10,1,3,1,0,89,0,300,2,5
2447,13,308,13,2,3,2,24,70,420,540,1,5
2448,3,29,4,1,3,2,73,60,60,180,1,5
2449,8,558,9,1,3,1,85,67,0,300,2,5
2450,11,424,12,1,3,1,71,3,180,300,4,5
2451,10,122,10,1,3,2,14,48,180,300,2,5
2452,9,401,10,1,3,1,21,2,180,300,4,5
2453,2,569,4,1,3,2,53,93,60,180,1,5
2454,2,424,3,1,3,2,60,50,180,300,4,5
2455,1,322,1,2,3,2,91,19,420,540,3,5
2456,7,517,9,2,3,2,84,90,60,180,4,5
2457,13,363,13,2,3,2,85,16,420,540,2,5
2458,4,502,5,1,3,2,54,0,60,180,3,5
2459,14,445,15,1,3,2,64,65,180,300,3,5
2460,11,147,12,1,3,2,48,92,180,300,3,5
2461,11,491,13,1,3,1,69,23,180,300,2,5
2462,12,163,12,1,3,2,28,16,180,300,2,5
2463,13,46,14,1,3,2,65,4,180,300,3,5
2464,14,302,14,2,3,1,93,60,420,540,1,5
2465,4,538,6,1,3,2,75,45,0,300,1,5
2466,7,367,7,2,3,2,38,46,420,540,4,5
2467,9,300,9,2,3,1,40,59,420,540,2,5
2468,8,424,10,1,3,1,66,84,180,300,1,5
2469,3,576,5,1,3,1,35,30,180,300,3,5
2470,13,573,14,1,3,1,100,67,60,180,2,5
2471,12,529,13,1,3,2,0,96,0,300,2,5
2472,8,543,9,1,3,2,41,6,0,300,2,5
2473,4,12,4,1,3,1,77,85,60,180,4,5
2474,11,594,12,1,3,1,52,72,60,180,1,5
2475,12,77,12,1,3,2,55,19,180,300,1,5
2476,6,314,6,2,3,1,30,58,420,540,4,5
2477,4,576,6,1,3,2,98,72,180,300,4,5
2478,5,138,6,1,3,1,43,7,0,300,2,5
2479,5,299,5,2,3,1,10,2,300,420,1,5
2480,10,344,10,2,3,1,100,3,420,540,2,5
2481,1,351,1,2,3,1,54,15,420,540,1,5
2482,6,560,7,1,3,2,78,83,180,300,2,5
2483,12,244,14,1,3,1,82,50,60,180,1,5
2484,14,10,14,1,3,1,6,17,60,180,2,5
2485,12,56,12,1,3,2,60,63,60,180,4,5
2486,9,129,9,1,3,1,3,12,180,300,3,5
2487,7,525,9,1,3,1,31,6,0,300,1,5
2488,7,476,8,1,3,2,20,83,60,180,3,5
2489,5,502,6,1,3,1,78,59,60,180,2,5
2490,10,234,10,2,3,1,7,42,420,540,4,5
2491,8,360,9,1,3,2,92,28,60,180,1,5
2492,11,211,11,2,3,2,5,22,420,540,3,5
2493,11,561,12,1,3,1,44,5,0,300,3,5
2494,2,302,2,2,3,2,51,84,420,540,3,5
2495,10,253,11,1,3,2,24,73,0,300,1,5
2496,14,564,16,2,3,2,46,2,60,180,1,5
2497,4,153,4,1,3,2,63,24,180,300,3,5
2498,13,283,13,2,3,2,57,77,420,540,3,5
2499,14,208,15,1,3,2,50,70,180,300,2,5
2500,6,233,7,1,3,2,75,13,60,180,1,5
2501,2,569,3,1,3,1,84,31,0,300,1,5
2502,11,110,12,1,3,2,79,77,0,300,1,5
2503,14,391,14,2,3,1,52,96,420,540,4,5
2504,4,43,5,1,3,1,58,97,180,300,1,5
2505,2,166,3,1,3,2,61,75,180,300,3,5
2506,8,502,10,1,3,1,47,54,180,300,1,5
2507,14,221,14,2,3,1,16,98,300,420,1,5
2508,1,570,2,1,3,1,30,57,0,300,1,5
2509,4,97,4,1,3,1,11,99,180,300,1,5
2510,12,427,13,1,3,2,89,89,0,300,2,5
2511,2,209,2,2,3,1,25,63,420,540,2,5
2512,4,29,4,1,3,1,24,73,60,180,4,5
2513,6,438,8,1,3,1,77,48,0,300,3,5
2514,10,72,10,1,3,2,7,3,180,300,3,5
2515,4,298,5,1,3,2,70,67,0,300,2,5
2516,6,85,6,1,3,1,39,23,180,300,4,5
2517,3,249,4,1,3,2,63,28,180,300,1,5
2518,8,398,8,2,3,1,16,56,420,540,2,5
2519,12,521,14,1,3,2,12,75,180,300,2,5
2520,14,142,14,1,3,1,17,8,180,300,3,5
2521,2,131,2,1,3,2,76,52,180,300,3,5
2522,4,428,6,1,3,2,96,18,60,180,3,5
2523,12,81,12,1,3,1,48,54,180,300,2,5
2524,4,29,5,1,3,2,74,50,180,300,1,5
2525,6,277,6,2,3,2,12,1,420,540,1,5
2526,10,502,11,1,3,2,77,44,180,300,3,5
2527,12,221,12,2,3,1,14,15,420,540,1,5
2528,3,329,3,2,3,1,46,58,420,540,4,5
2529,4,2,4,1,3,1,76,53,60,180,1,5
2530,1,235,2,1,3,1,73,90,180,300,2,5
2531,2,297,3,1,3,1,60,55,60,180,1,5
2532,8,306,8,2,3,1,98,68,420,540,3,5
2533,7,588,8,1,3,1,9,98,0,300,2,5
2534,14,37,14,1,3,1,13,87,60,180,3,5
2535,3,490,4,1,3,1,49,90,60,180,3,5
2536,12,272,12,2,3,1,92,22,300,600,4,5
2537,13,404,13,2,3,1,42,84,420,540,4,5
2538,9,293,9,2,3,2,91,9,420,540,1,5
2539,6,524,8,1,3,2,71,70,60,180,4,5
2540,3,551,4,1,3,2,17,58,60,180,1,5
2541,9,554,11,1,3,1,7,79,180,300,4,5
2542,13,278,13,2,3,2,54,92,420,540,3,5
2543,9,303,10,1,3,1,50,76,60,180,4,5
2544,9,275,9,2,3,2,89,1,300,420,4,5
2545,3,313,3,2,3,1,67,41,420,540,3,5
2546,12,546,13,1,3,1,17,38,0,300,2,5
2547,6,573,7,1,3,1,75,38,180,300,1,5
2548,4,559,6,1,3,1,37,11,60,180,1,5
2549,8,299,8,2,3,2,65,64,420,540,3,5
2550,1,263,2,1,3,1,32,98,180,300,4,5
2551,8,446,10,1,3,1,65,15,0,300,4,5
2552,9,400,9,2,3,2,86,48,420,540,1,5
2553,6,46,6,2,3,2,93,30,420,540,3,5
2554,8,489,9,1,3,1,11,61,60,180,4,5
2555,2,398,4,1,3,1,89,60,60,180,1,5
2556,2,350,2,2,3,2,63,81,420,540,4,5
2557,14,13,16,1,3,1,79,75,60,180,4,5
2558,2,446,4,1,3,1,63,8,60,180,2,5
2559,14,221,14,2,3,2,98,75,420,540,2,5
2560,7,451,9,1,3,1,58,7,60,180,1,5
2561,10,237,11,1,3,1,20,69,180,300,1,5
2562,2,145,2,1,3,2,4,43,180,300,4,5
2563,5,492,7,1,3,1,82,70,180,300,3,5
2564,9,215,10,1,3,1,52,13,0,300,3,5
2565,8,410,8,2,3,1,69,33,420,540,2,5
2566,13,211,13,2,3,1,14,11,300,420,4,5
2567,7,350,8,1,3,2,77,65,180,300,1,5
2568,11,453,13,1,3,2,30,76,180,300,1,5
2569,13,13,13,1,3,1,50,58,60,180,4,5
2570,6,364,6,2,3,2,31,94,420,540,1,5
2571,3,48,3,1,3,2,28,36,60,180,4,5
2572,14,505,16,1,3,1,83,45,0,300,3,5
2573,7,122,7,1,3,2,19,62,180,300,2,5
2574,2,304,2,2,3,1,17,16,420,540,2,5
2575,4,79,4,1,3,1,51,91,180,300,4,5
2576,1,202,1,2,3,2,67,47,420,540,2,5
2577,11,291,11,2,3,2,85,10,300,420,3,5
2578,6,203,7,1,3,2,81,28,0,300,4,5
2579,3,366,4,1,3,2,89,14,180,300,2,5
2580,5,310,6,1,3,2,82,85,60,180,2,5
2581,5,232,5,2,3,1,33,32,300,600,4,5
2582,11,483,12,1,3,1,19,34,60,180,3,5
2583,14,301,14,2,3,1,54,37,420,540,2,5
2584,6,110,7,1,3,2,23,54,60,180,2,5
2585,14,188,15,1,3,1,66,27,60,180,4,5
2586,6,542,8,1,3,1,7,41,60,180,3,5
2587,5,447,6,1,3,2,37,24,60,180,2,5
2588,13,266,14,1,3,2,46,35,0,300,1,5
2589,9,519,11,1,3,1,38,5,0,300,3,5
2590,11,337,12,1,3,2,87,52,0,300,3,5
2591,2,534,4,1,3,1,83,73,180,300,4,5
2592,1,385,3,1,3,2,80,24,60,180,2,5
2593,7,383,8,1,3,1,29,39,60,180,3,5
2594,11,513,13,1,3,2,47,47,180,300,2,5
2595,10,508,11,1,3,1,75,36,180,300,1,5
2596,12,70,14,1,3,1,22,57,180,300,3,5
2597,7,586,9,1,3,2,42,96,180,300,3,5
2598,14,519,16,1,3,1,71,100,180,300,2,5
2599,8,325,9,1,3,2,21,78,180,300,3,5
2600,2,135,2,1,3,1,71,0,180,300,2,5
2601,13,419,15,1,3,1,57,1,0,300,4,5
2602,9,118,9,1,3,1,19,74,180,300,4,5
2603,9,17,9,1,3,1,87,7,60,180,3,5
2604,5,401,6,1,3,1,40,52,60,180,1,5
2605,12,542,13,1,3,2,44,86,60,180,1,5
2606,9,112,9,1,3,2,9,67,180,300,2,5
2607,2,222,2,2,3,1,66,21,420,540,1,5
2608,12,194,13,1,3,2,64,5,60,180,3,5
2609,11,533,12,1,3,2,8,12,60,180,2,5
2610,8,199,9,1,3,1,69,92,180,300,1,5
2611,11,412,11,2,3,2,36,39,420,540,4,5
2612,9,137,10,1,3,1,4,71,0,300,4,5
2613,14,296,14,2,3,1,53,22,300,420,3,5
2614,6,14,7,1,3,1,14,25,60,180,2,5
2615,11,47,13,1,3,1,32,17,180,300,4,5
2616,6,557,8,1,3,2,58,3,0,300,1,5
2617,2,99,3,1,3,2,17,13,0,300,3,5
2618,6,549,8,1,3,1,73,10,60,180,2,5
2619,4,453,6,1,3,2,50,70,0,300,3,5
2620,13,2,13,1,3,2,44,70,60,180,4,5
2621,5,137,6,1,3,2,23,38,180,300,3,5
2622,2,102,3,1,3,2,0,56,180,300,1,5
2623,2,464,3,2,3,2,89,64,60,180,2,5
2624,6,11,6,1,3,1,79,80,60,180,2,5
2625,9,476,11,1,3,2,91,54,180,300,4,5
2626,7,413,7,2,3,2,100,7,420,540,1,5
2627,4,102,5,1,3,2,49,77,180,300,4,5
2628,7,479,8,1,3,2,14,18,180,300,3,5
2629,12,479,14,1,3,2,23,70,60,180,4,5
2630,9,212,9,2,3,2,42,59,300,600,4,5
2631,6,362,7,1,3,2,76,64,0,300,4,5
2632,14,576,15,1,3,2,49,25,180,300,2,5
2633,9,161,11,1,3,2,30,40,180,300,3,5
2634,11,30,11,1,3,2,25,66,60,180,4,5
2635,7,553,8,1,3,2,89,29,180,300,3,5
2636,13,205,15,2,3,2,89,88,0,300,1,5
2637,8,34,8,1,3,2,92,32,60,180,3,5
2638,14,252,14,2,3,1,96,30,420,540,3,5
2639,8,172,8,1,3,2,82,73,180,300,1,5
2640,5,356,6,1,3,2,51,1,0,300,1,5
2641,4,564,5,1,3,1,5,5,0,300,1,5
2642,10,351,10,2,3,1,81,41,420,540,4,5
2643,4,70,4,1,3,2,87,29,180,300,4,5
2644,3,414,3,2,3,1,24,7,420,540,3,5
2645,12,401,12,2,3,2,84,24,420,540,2,5
2646,1,329,1,2,3,2,61,4,420,540,3,5
2647,2,79,3,1,3,1,80,96,0,300,1,5
2648,13,323,14,1,3,2,75,48,180,300,3,5
2649,5,347,5,2,3,1,11,53,420,540,1,5
2650,6,131,7,1,3,1,6,91,0,300,1,5
2651,7,142,8,1,3,1,78,22,180,300,2,5
2652,10,348,11,1,3,2,54,49,60,180,3,5
2653,14,540,16,1,3,1,53,84,60,180,1,5
2654,1,518,3,1,3,1,61,73,180,300,3,5
2655,2,221,2,2,3,2,15,7,300,600,1,5
2656,2,231,2,2,3,2,15,29,420,540,3,5
2657,3,293,3,2,3,2,2,89,300,420,1,5
2658,14,599,15,1,3,1,48,17,60,180,4,5
2659,14,315,14,2,3,1,54,44,420,540,1,5
2660,3,286,3,2,3,2,72,66,420,540,2,5
2661,11,280,11,2,3,2,64,73,300,420,4,5
2662,10,100,10,1,3,2,45,32,180,300,3,5
2663,13,514,15,1,3,1,10,41,0,300,2,5
2664,5,136,5,1,3,1,60,66,180,300,4,5
2665,13,213,13,2,3,1,55,1,420,540,2,5
2666,3,506,4,1,3,1,9,38,60,180,4,5
2667,2,320,3,1,3,1,55,23,180,300,3,5
2668,2,118,2,1,3,2,50,32,180,300,2,5
2669,9,354,10,1,3,2,99,44,180,300,2,5
2670,1,17,2,1,3,1,50,99,60,180,4,5
2671,3,144,4,1,3,2,26,76,180,300,2,5
2672,13,115,13,2,3,1,24,99,420,540,4,5
2673,12,534,13,1,3,1,42,21,0,300,4,5
2674,9,355,9,2,3,1,58,86,420,540,3,5
2675,2,512,4,1,3,1,3,12,60,180,4,5
2676,1,452,3,1,3,1,35,13,0,300,2,5
2677,2,280,2,2,3,2,39,62,420,540,3,5
2678,4,478,5,1,3,1,91,87,180,300,3,5
2679,2,36,3,1,3,2,28,25,0,300,3,5
2680,4,101,4,1,3,2,74,11,180,300,3,5
2681,4,509,6,1,3,1,20,33,0,300,2,5
2682,11,4,12,1,3,2,97,83,180,300,3,5
2683,2,428,3,1,3,1,66,23,60,180,3,5
2684,14,547,15,1,3,1,6,37,60,180,3,5
2685,9,241,9,2,3,2,16,14,300,420,1,5
2686,3,37,3,1,3,1,30,100,60,180,3,5
2687,5,582,6,1,3,1,43,7,60,180,2,5
2688,10,560,12,1,3,1,21,89,0,300,1,5
2689,4,382,4,2,3,1,29,23,420,540,2,5
2690,3,467,4,1,3,2,60,17,60,180,2,5
2691,5,245,6,1,3,1,82,67,180,300,2,5
2692,12,84,12,1,3,2,74,0,180,300,3,5
2693,7,500,9,1,3,1,88,100,180,300,4,5
2694,4,212,4,2,3,2,15,90,300,600,1,5
2695,14,163,15,1,3,2,54,57,0,300,4,5
2696,10,385,11,1,3,2,79,96,60,180,2,5
2697,2,251,3,1,3,1,65,42,0,300,3,5
2698,10,314,10,2,3,2,93,30,420,540,3,5
2699,14,577,15,1,3,1,34,36,0,300,3,5
2700,13,531,14,1,3,1,74,79,60,180,4,5
2701,4,350,4,2,3,1,47,27,420,540,3,5
2702,12,225,13,1,3,2,94,78,0,300,2,5
2703,12,241,13,1,3,1,43,99,0,300,3,5
2704,2,448,3,1,3,1,15,9,0,300,1,5
2705,7,358,7,2,3,1,3,100,420,540,1,5
2706,10,244,10,2,3,1,38,38,300,600,4,5
2707,6,49,7,1,3,2,69,19,180,300,2,5
2708,12,2,13,1,3,1,11,92,180,300,2,5
2709,8,118,8,1,3,2,84,24,180,300,4,5
2710,5,326,5,2,3,1,74,94,420,540,1,5
2711,2,237,3,1,3,1,12,20,60,180,3,5
2712,8,171,8,1,3,2,98,74,180,300,2,5
2713,3,23,4,1,3,1,16,15,180,300,2,5
2714,6,174,6,1,3,2,56,47,180,300,2,5
2715,8,330,8,2,3,1,9,17,420,540,1,5
2716,11,574,13,1,3,1,59,18,180,300,3,5
2717,9,260,9,2,3,2,16,58,300,420,1,5
2718,10,219,11,1,3,1,7,12,60,180,3,5
2719,4,252,5,1,3,1,38,31,0,300,4,5
2720,10,236,11,1,3,1,40,77,60,180,4,5
2721,2,499,4,1,3,2,69,11,180,300,3,5
2722,2,133,2,1,3,2,85,78,180,300,2,5
2723,8,330,9,1,3,2,27,13,180,300,2,5
2724,10,73,11,1,3,2,19,5,60,180,4,5
2725,14,265,14,2,3,2,26,25,420,540,3,5
2726,9,115,9,1,3,1,22,79,180,300,3,5
2727,6,402,7,1,3,2,6,82,0,300,4,5
2728,2,239,2,2,3,1,91,40,420,540,1,5
2729,10,9,10,1,3,1,79,91,60,180,3,5
2730,8,113,9,1,3,2,48,76,180,300,4,5
2731,14,9,14,1,3,1,92,4,60,180,2,5
2732,2,271,3,1,3,1,99,63,60,180,1,5
2733,9,424,11,1,3,2,11,98,60,180,2,5
2734,1,482,3,1,3,1,62,45,180,300,3,5
2735,4,25,5,1,3,1,50,12,60,180,2,5
2736,7,517,8,1,3,1,43,55,0,300,2,5
2737,13,478,15,1,3,2,72,80,180,300,4,5
2738,1,537,2,1,3,1,18,77,60,180,1,5
2739,4,516,5,1,3,1,71,52,60,180,1,5
2740,6,501,8,1,3,2,81,53,0,300,4,5
2741,10,41,11,1,3,2,38,67,0,300,2,5
2742,10,472,12,1,3,2,90,98,60,180,2,5
2743,9,255,11,1,3,1,17,92,180,300,1,5
2744,8,472,10,1,3,1,58,19,60,180,4,5
2745,3,484,5,1,3,2,100,51,180,300,1,5
2746,8,53,9,1,3,1,77,1,60,180,2,5
2747,8,241,8,2,3,1,27,24,420,540,4,5
2748,14,580,16,1,3,2,9,76,60,180,3,5
2749,2,112,3,1,3,2,93,47,60,180,1,5
2750,8,149,8,1,3,1,53,56,180,300,1,5
2751,1,453,2,1,3,2,51,32,0,300,4,5
2752,9,405,9,2,3,1,2,22,420,540,1,5
2753,7,366,8,1,3,2,79,81,180,300,4,5
2754,8,565,9,1,3,1,59,100,0,300,4,5
2755,4,495,6,1,3,2,12,43,60,180,2,5
2756,5,6,5,1,3,2,21,63,60,180,3,5
2757,7,506,9,1,3,2,50,6,0,300,2,5
2758,13,37,13,1,3,1,90,6,60,180,4,5
2759,6,239,7,1,3,2,65,18,60,180,4,5
2760,11,124,11,1,3,2,73,38,180,300,1,5
2761,5,68,5,1,3,2,4,69,180,300,4,5
2762,1,502,3,1,3,1,11,10,180,300,4,5
2763,4,309,4,2,3,1,11,7,420,540,4,5
2764,14,507,16,1,3,1,69,34,0,300,4,5
2765,13,22,14,1,3,1,62,52,60,180,3,5
2766,8,55,8,2,3,1,39,85,300,420,2,5
2767,13,100,14,1,3,2,4,25,60,180,1,5
2768,1,397,2,1,3,2,86,4,180,300,3,5
2769,12,343,12,2,3,1,82,58,420,540,2,5
2770,3,62,3,1,3,2,38,44,180,300,4,5
2771,4,555,5,1,3,1,66,13,180,300,1,5
2772,11,288,11,2,3,1,100,53,300,600,3,5
2773,1,153,1,1,3,2,88,41,180,300,4,5
2774,2,480,3,1,3,1,63,38,60,180,1,5
2775,1,257,2,1,3,1,46,94,0,300,1,5
2776,12,504,14,1,3,2,96,26,180,300,1,5
2777,3,184,5,1,3,2,85,33,180,300,3,5
2778,10,198,10,2,3,2,20,91,300,420,2,5
2779,10,569,12,1,3,2,62,30,60,180,4,5
2780,1,53,2,1,3,2,82,86,60,180,2,5
2781,8,72,8,1,3,1,81,12,180,300,1,5
2782,14,40,14,1,3,2,24,95,60,180,2,5
2783,4,132,5,1,3,2,77,0,60,180,4,5
2784,11,554,13,1,3,1,66,9,60,180,1,5
2785,11,200,12,1,3,1,73,72,60,180,1,5
2786,12,139,13,1,3,1,87,7,0,300,3,5
2787,14,269,15,1,3,1,84,66,180,300,1,5
2788,9,347,11,1,3,2,60,11,0,300,3,5
2789,5,3,5,1,3,2,24,30,60,180,1,5
2790,11,587,13,1,3,2,13,75,0,300,2,5
2791,1,581,2,1,3,1,40,54,0,300,1,5
2792,14,201,15,1,3,1,83,3,60,180,1,5
2793,9,524,11,1,3,1,97,13,60,180,2,5
2794,3,124,5,1,3,1,2,55,180,300,4,5
2795,14,189,15,1,3,2,0,41,0,300,2,5
2796,9,322,9,2,3,1,19,44,420,540,3,5
2797,11,229,12,1,3,1,18,81,180,300,3,5
2798,2,337,2,2,3,2,83,16,420,540,3,5
2799,14,316,15,1,3,2,54,61,0,300,1,5
2800,5,77,5,1,3,2,31,43,180,300,3,5
2801,13,199,14,1,3,2,14,83,60,180,3,5
2802,13,205,14,1,3,1,19,46,180,300,3,5
2803,9,40,9,1,3,1,39,8,60,180,1,5
2804,12,599,14,1,3,1,75,11,180,300,4,5
2805,3,334,4,2,3,2,92,49,420,540,1,5
2806,5,312,5,2,3,1,43,70,420,540,4,5
2807,3,123,4,1,3,1,2,69,180,300,4,5
2808,6,168,6,1,3,1,45,78,180,300,3,5
2809,2,299,2,2,3,2,55,47,300,420,1,5
2810,2,371,2,2,3,1,24,21,420,540,1,5
2811,4,389,4,2,3,1,46,70,420,540,1,5
2812,1,329,1,2,3,2,56,39,420,540,4,5
2813,4,400,4,2,3,1,10,74,420,540,4,5
2814,13,389,14,1,3,2,27,12,60,180,1,5
2815,14,596,16,1,3,2,1,66,180,300,3,5
2816,10,415,10,2,3,1,55,56,420,540,4,5
2817,12,143,13,1,3,1,56,17,60,180,2,5
2818,13,394,14,1,3,2,12,64,60,180,4,5
2819,4,373,4,2,3,1,31,13,420,540,3,5
2820,14,202,14,2,3,1,54,30,300,600,4,5
2821,11,383,12,1,3,1,69,64,60,180,2,5
2822,13,586,14,1,3,1,18,42,60,180,2,5
2823,6,16,7,1,3,1,20,88,60,180,4,5
2824,12,543,13,1,3,1,22,70,180,300,1,5
2825,4,267,5,1,3,1,58,23,180,300,4,5
2826,12,588,13,1,3,2,93,22,180,300,2,5
2827,8,577,10,1,3,1,30,49,0,300,4,5
2828,6,349,7,1,3,1,98,79,0,300,2,5
2829,6,590,7,1,3,1,91,47,0,300,1,5
2830,6,255,6,2,3,1,19,24,420,540,1,5
2831,14,109,14,1,3,1,15,32,180,300,3,5
2832,5,392,6,1,3,1,40,39,0,300,4,5
2833,14,229,14,2,3,1,79,79,300,420,3,5
2834,12,14,13,1,3,2,42,69,0,300,3,5
2835,5,367,5,2,3,1,5,11,420,540,3,5
2836,9,126,9,1,3,1,58,4,180,300,3,5
2837,5,23,5,1,3,2,81,21,60,180,2,5
2838,6,190,7,1,3,1,19,97,60,180,2,5
2839,7,323,7,2,3,1,77,52,420,540,3,5
2840,8,373,8,2,3,2,94,3,420,540,4,5
2841,6,41,7,1,3,2,56,48,0,300,1,5
2842,14,155,15,1,3,2,51,6,0,300,1,5
2843,1,152,1,1,3,1,14,64,180,300,2,5
2844,3,89,3,1,3,1,34,74,180,300,1,5
2845,9,569,10,1,3,1,83,90,180,300,1,5
2846,13,373,13,2,3,2,18,61,420,540,1,5
2847,8,518,10,1,3,2,33,28,60,180,3,5
2848,4,198,4,2,3,2,63,100,420,540,4,5
2849,12,483,13,1,3,1,7,84,180,300,3,5
2850,9,338,9,2,3,2,92,19,420,540,3,5
2851,10,468,11,1,3,2,20,8,0,300,2,5
2852,6,404,7,1,3,1,88,57,0,300,2,5
2853,6,264,6,2,3,2,81,18,300,600,3,5
2854,10,296,10,2,3,2,85,38,300,600,1,5
2855,4,395,4,2,3,1,33,85,420,540,3,5
2856,7,241,8,1,3,1,62,15,180,300,2,5
2857,7,98,7,1,3,1,42,24,180,300,3,5
2858,13,279,13,2,3,1,36,100,300,600,2,5
2859,1,290,1,2,3,2,93,16,300,420,2,5
2860,2,50,2,2,3,2,42,9,0,300,1,5
2861,6,347,7,1,3,1,78,97,60,180,2,5
2862,13,81,13,1,3,1,79,59,180,300,2,5
2863,10,484,11,2,3,2,100,31,420,540,4,5
2864,10,205,10,2,3,1,1,36,420,540,3,5
2865,12,398,12,2,3,1,93,54,420,540,2,5
2866,5,175,5,1,3,2,69,12,180,300,3,5
2867,14,598,15,1,3,2,11,71,180,300,4,5
2868,1,338,2,1,3,2,2,89,0,300,1,5
2869,6,250,6,2,3,2,27,59,300,600,3,5
2870,12,563,14,1,3,2,95,1,0,300,1,5
2871,10,25,10,1,3,1,46,71,60,180,1,5
2872,1,186,1,2,3,1,98,52,420,540,1,5
2873,2,136,3,1,3,2,0,99,60,180,3,5
2874,8,465,10,1,3,1,69,19,60,180,2,5
2875,9,584,10,1,3,2,91,43,60,180,4,5
2876,9,523,11,1,3,1,40,25,0,300,1,5
2877,2,374,2,2,3,2,19,60,420,540,1,5
2878,13,274,13,2,3,2,13,93,300,420,4,5
2879,2,588,3,1,3,1,13,80,60,180,1,5
2880,10,62,11,1,3,1,1,89,0,300,4,5
2881,12,57,12,1,3,2,89,18,60,180,1,5
2882,9,265,10,1,3,1,4,37,60,180,1,5
2883,11,441,13,1,3,1,64,34,60,180,4,5
2884,7,265,7,2,3,1,31,43,420,540,4,5
2885,3,376,3,2,3,1,53,86,420,540,1,5
2886,11,349,11,2,3,1,78,16,420,540,1,5
2887,10,531,12,1,3,1,60,25,60,180,3,5
2888,5,452,7,1,3,2,25,10,180,300,2,5
2889,8,328,10,1,3,1,79,44,0,300,4,5
2890,9,451,10,1,3,2,6,15,60,180,4,5
2891,7,145,8,1,3,2,37,2,0,300,4,5
2892,13,330,13,2,3,1,24,72,420,540,3,5
2893,9,393,9,2,3,1,85,22,420,540,3,5
2894,4,594,6,1,3,1,73,36,0,300,4,5
2895,10,178,10,1,3,1,31,30,180,300,1,5
2896,8,126,8,1,3,1,52,32,180,300,3,5
2897,11,83,12,1,3,2,43,55,180,300,1,5
2898,10,287,10,2,3,2,43,50,420,540,4,5
2899,12,71,13,1,3,2,42,85,60,180,1,5
2900,6,125,7,2,3,2,62,53,180,300,4,5
2901,1,126,1,1,3,2,52,30,180,300,3,5
2902,13,591,15,1,3,1,12,31,180,300,1,5
2903,7,438,9,1,3,2,68,26,60,180,2,5
2904,13,455,15,1,3,1,78,9,60,180,3,5
2905,8,190,8,2,3,1,77,13,300,420,2,5
2906,3,531,5,1,3,1,71,81,180,300,2,5
2907,1,150,2,1,3,2,36,77,180,300,4,5
2908,8,511,10,1,3,1,61,96,60,180,3,5
2909,8,91,9,1,3,2,36,4,0,300,4,5
2910,12,253,13,1,3,1,62,64,60,180,2,5
2911,8,381,9,1,3,2,97,7,60,180,3,5
2912,1,177,2,1,3,1,4,82,60,180,1,5
2913,5,144,6,1,3,2,7,3,180,300,2,5
2914,9,113,9,1,3,1,10,48,180,300,1,5
2915,10,285,11,2,3,2,4,20,60,180,1,5
2916,14,258,14,2,3,2,65,45,420,540,1,5
2917,5,26,7,1,3,1,51,54,180,300,3,5
2918,9,332,9,2,3,2,28,65,420,540,3,5
2919,9,185,9,2,3,2,55,1,420,540,3,5
2920,12,352,13,1,3,2,40,50,60,180,2,5
2921,6,520,8,1,3,2,34,16,0,300,3,5
2922,6,547,7,1,3,1,38,90,180,300,1,5
2923,6,126,6,1,3,2,27,94,180,300,4,5
2924,9,408,10,1,3,2,72,66,0,300,4,5
2925,5,130,5,1,3,1,77,84,180,300,1,5
2926,12,327,12,2,3,1,55,70,420,540,4,5
2927,3,485,4,2,3,2,99,11,0,300,1,5
2928,5,490,7,1,3,1,87,42,0,300,2,5
2929,13,215,14,1,3,1,62,91,60,180,1,5
2930,14,62,14,1,3,1,27,67,180,300,1,5
2931,4,476,5,1,3,2,85,37,180,300,4,5
2932,7,146,8,1,3,2,96,20,60,180,2,5
2933,5,423,7,1,3,2,25,0,180,300,1,5
2934,5,183,5,2,3,1,57,47,420,540,1,5
2935,12,418,12,2,3,2,43,43,420,540,4,5
2936,12,217,13,1,3,2,47,92,0,300,2,5
2937,8,177,9,1,3,1,16,83,0,300,2,5
2938,7,305,7,2,3,1,73,1,420,540,3,5
2939,2,41,3,1,3,2,8,70,60,180,3,5
2940,11,69,11,1,3,1,21,65,180,300,2,5
2941,5,539,7,1,3,2,21,41,60,180,4,5
2942,6,589,7,1,3,1,98,92,0,300,3,5
2943,6,430,7,1,3,1,0,79,60,180,1,5
2944,7,503,9,1,3,1,16,35,60,180,4,5
2945,12,589,13,1,3,2,16,53,60,180,3,5
2946,8,458,9,1,3,1,16,77,60,180,1,5
2947,9,581,10,1,3,1,20,5,60,180,1,5
2948,7,436,8,1,3,1,83,97,0,300,2,5
2949,1,204,1,2,3,1,92,91,420,540,2,5
2950,7,533,8,1,3,1,79,21,180,300,3,5
2951,10,458,11,1,3,1,77,36,0,300,1,5
2952,9,208,9,2,3,1,51,13,420,540,1,5
2953,5,219,5,2,3,1,83,51,420,540,4,5
2954,14,269,14,2,3,2,100,36,300,420,4,5
2955,4,501,6,1,3,1,24,69,60,180,2,5
2956,4,94,4,1,3,2,26,35,180,300,1,5
2957,14,189,14,2,3,2,63,92,300,420,4,5
2958,4,121,5,1,3,1,74,64,0,300,2,5
2959,2,168,2,1,3,2,92,94,180,300,4,5
2960,11,376,13,1,3,1,53,2,0,300,4,5
2961,6,182,6,2,3,1,76,52,420,540,1,5
2962,10,2,10,1,3,1,52,45,60,180,3,5
2963,4,192,5,1,3,2,67,2,60,180,2,5
2964,13,64,14,1,3,1,77,77,60,180,1,5
2965,1,334,2,1,3,2,60,56,0,300,2,5
2966,3,309,3,2,3,1,60,74,420,540,3,5
2967,6,588,7,1,3,2,51,31,180,300,3,5
2968,5,140,5,1,3,2,48,32,180,300,1,5
2969,5,483,7,1,3,2,94,50,60,180,4,5
2970,7,538,8,1,3,2,17,9,0,300,2,5
2971,11,201,11,2,3,1,86,82,420,540,4,5
2972,11,465,12,1,3,1,83,63,180,300,1,5
2973,3,515,4,1,3,1,45,46,180,300,1,5
2974,3,466,4,1,3,1,65,88,60,180,2,5
2975,6,453,7,1,3,2,25,43,60,180,1,5
2976,7,251,7,2,3,1,12,29,300,600,1,5
2977,1,478,2,1,3,1,93,80,0,300,1,5
2978,3,283,3,2,3,1,3,64,300,420,4,5
2979,12,409,12,2,3,2,67,7,420,540,4,5
2980,10,197,11,1,3,1,13,61,0,300,2,5
2981,5,106,5,1,3,1,5,51,180,300,1,5
2982,11,368,12,1,3,1,28,49,0,300,4,5
2983,14,47,14,1,3,1,86,0,60,180,1,5
2984,3,388,3,2,3,1,29,79,420,540,1,5
2985,8,264,10,1,3,1,48,47,0,300,1,5
2986,5,117,5,1,3,2,94,61,180,300,1,5
2987,10,321,12,1,3,1,0,86,180,300,2,5
2988,3,395,3,2,3,1,41,5,420,540,4,5
2989,5,24,6,1,3,2,43,11,60,180,2,5
2990,13,449,14,1,3,2,66,81,60,180,3,5
2991,10,10,10,1,3,2,66,2,60,180,4,5
2992,2,328,2,2,3,2,74,66,420,540,2,5
2993,2,19,3,1,3,2,20,41,0,300,2,5
2994,1,48,1,1,3,1,73,85,60,180,3,5
2995,4,293,4,2,3,2,1,6,300,420,3,5
2996,10,464,12,1,3,2,78,2,60,180,3,5
2997,1,298,3,1,3,1,49,99,0,300,3,5
2998,2,182,2,2,3,2,42,77,420,540,2,5
2999,7,222,7,2,3,1,64,35,300,420,2,5
3000,10,558,12,1,3,1,97,82,180,300,2,5
3001,13,422,14,1,3,1,7,55,0,300,4,5
3002,8,313,8,2,3,1,0,65,420,540,2,5
3003,5,273,5,2,3,1,4,73,420,540,2,5
3004,7,346,8,1,3,1,96,48,180,300,4,5
3005,11,378,11,2,3,1,86,98,420,540,4,5
3006,10,6,10,1,3,1,39,24,60,180,3,5
3007,9,468,10,1,3,1,99,61,180,300,3,5
3008,4,510,5,1,3,1,90,72,0,300,1,5
3009,4,278,5,1,3,1,29,53,60,180,1,5
3010,11,570,12,1,3,2,17,4,180,300,4,5
3011,8,465,9,1,3,2,81,73,60,180,2,5
3012,8,56,9,1,3,2,77,44,180,300,4,5
3013,5,287,7,1,3,1,53,97,180,300,4,5
3014,4,117,5,1,3,2,38,100,180,300,3,5
3015,8,264,8,2,3,2,90,33,420,540,1,5
3016,5,548,7,1,3,1,97,39,60,180,3,5
3017,8,196,9,1,3,2,58,20,180,300,1,5
3018,2,55,3,1,3,1,38,62,60,180,4,5
3019,5,3,5,1,3,2,37,29,60,180,1,5
3020,5,197,5,2,3,2,11,5,420,540,1,5
3021,12,375,13,1,3,2,64,58,180,300,1,5
3022,1,575,3,1,3,1,35,91,0,300,3,5
3023,5,36,6,1,3,1,93,65,180,300,1,5
3024,12,542,13,1,3,2,75,10,60,180,4,5
3025,2,539,3,1,3,1,55,99,0,300,1,5
3026,13,168,14,1,3,1,48,86,60,180,4,5
3027,4,158,4,1,3,1,85,79,180,300,4,5
3028,6,118,8,1,3,1,57,30,180,300,3,5
3029,11,513,13,1,3,2,2,25,60,180,3,5
3030,1,138,2,1,3,2,96,92,180,300,2,5
3031,7,284,7,2,3,1,44,1,420,540,3,5
3032,14,20,14,1,3,1,4,53,60,180,2,5
3033,10,390,10,2,3,2,31,25,420,540,3,5
3034,1,137,1,1,3,1,28,67,180,300,4,5
3035,5,488,6,1,3,1,91,63,60,180,2,5
3036,14,118,15,1,3,2,82,71,0,300,3,5
3037,2,502,3,1,3,2,69,65,60,180,3,5
3038,13,523,15,1,3,1,62,23,180,300,1,5
3039,12,110,13,1,3,1,100,46,60,180,3,5
3040,11,565,12,1,3,1,25,61,180,300,4,5
3041,10,24,10,1,3,1,15,99,60,180,4,5
3042,9,270,10,1,3,1,20,0,0,300,4,5
3043,3,131,5,1,3,1,3,1,180,300,4,5
3044,7,351,8,1,3,1,67,29,60,180,3,5
3045,4,99,4,1,3,2,28,30,180,300,1,5
3046,6,351,7,1,3,2,34,71,180,300,4,5
3047,13,285,13,2,3,1,21,13,420,540,1,5
3048,3,516,4,1,3,2,76,47,60,180,3,5
3049,4,130,4,1,3,1,6,66,180,300,1,5
3050,13,398,13,2,3,2,4,70,420,540,1,5
3051,8,386,8,2,3,2,79,57,420,540,1,5
3052,10,233,10,2,3,1,3,19,420,540,1,5
3053,8,447,9,1,3,1,94,99,0,300,1,5
3054,2,268,2,2,3,2,43,12,420,540,3,5
3055,11,339,11,2,3,2,92,68,420,540,4,5
3056,13,537,14,1,3,2,41,100,0,300,1,5
3057,6,298,6,2,3,2,55,83,300,600,4,5
3058,8,463,9,1,3,1,10,79,180,300,2,5
3059,4,194,4,2,3,2,6,95,300,420,4,5
3060,10,168,10,1,3,1,83,15,180,300,1,5
3061,4,439,5,1,3,1,63,38,0,300,3,5
3062,6,557,8,1,3,2,30,67,180,300,4,5
3063,6,149,6,1,3,1,77,10,180,300,3,5
3064,3,437,4,1,3,2,25,27,180,300,1,5
3065,11,431,13,1,3,2,42,86,180,300,2,5
3066,14,581,16,1,3,1,26,21,60,180,1,5
3067,2,194,3,1,3,2,78,90,60,180,4,5
3068,4,208,5,1,3,2,55,94,180,300,4,5
3069,1,15,1,1,3,2,4,35,60,180,3,5
3070,1,237,2,1,3,2,10,70,0,300,4,5
3071,4,242,4,2,3,1,61,8,300,600,4,5
3072,9,132,9,1,3,2,96,57,180,300,3,5
3073,5,535,6,1,3,2,58,76,60,180,3,5
3074,7,342,7,2,3,1,26,77,420,540,3,5
3075,3,402,5,1,3,2,16,30,180,300,1,5
3076,7,590,8,1,3,1,95,15,60,180,2,5
3077,7,373,8,1,3,2,20,67,0,300,3,5
3078,8,37,8,1,3,2,27,100,60,180,1,5
3079,5,527,7,1,3,1,6,95,0,300,3,5
3080,3,72,3,1,3,1,95,35,180,300,4,5
3081,12,228,13,1,3,2,5,31,0,300,2,5
3082,4,203,5,1,3,2,100,30,180,300,1,5
3083,7,434,8,1,3,1,21,80,0,300,1,5
3084,10,484,12,1,3,1,64,21,60,180,3,5
3085,1,68,2,2,3,2,72,8,300,600,1,5
3086,14,68,16,2,3,1,0,2,0,300,1,5
3087,10,12,11,1,3,2,95,96,60,180,4,5
3088,11,118,11,1,3,2,29,34,180,300,2,5
3089,3,182,4,1,3,2,43,4,60,180,3,5
3090,13,27,13,1,3,1,87,85,60,180,3,5
3091,9,427,11,1,3,1,76,88,60,180,2,5
3092,2,116,2,1,3,1,81,79,180,300,2,5
3093,11,149,12,1,3,2,7,75,0,300,2,5
3094,2,267,3,1,3,1,33,19,180,300,4,5
3095,10,170,11,1,3,1,2,17,180,300,2,5
3096,14,377,15,1,3,1,99,60,180,300,2,5
3097,6,471,7,1,3,1,48,87,60,180,3,5
3098,1,317,1,2,3,1,82,9,420,540,4,5
3099,13,153,14,1,3,2,89,57,0,300,3,5
3100,5,442,7,1,3,1,32,25,60,180,4,5
3101,5,232,5,2,3,2,82,46,420,540,2,5
3102,11,251,12,1,3,1,88,32,60,180,2,5
3103,10,127,10,1,3,1,46,52,180,300,3,5
3104,10,400,11,1,3,2,67,54,180,300,1,5
3105,4,177,4,1,3,2,71,41,180,300,2,5
3106,2,351,2,2,3,2,25,68,420,540,4,5
3107,2,533,4,1,3,1,72,48,0,300,2,5
3108,9,86,9,1,3,1,37,13,180,300,3,5
3109,4,192,5,2,3,2,97,10,60,180,4,5
3110,14,240,14,2,3,1,53,26,420,540,3,5
3111,5,177,6,1,3,1,99,15,60,180,1,5
3112,6,594,8,1,3,1,57,11,60,180,2,5
3113,10,392,11,1,3,2,81,0,0,300,1,5
3114,12,514,13,1,3,1,94,99,60,180,4,5
3115,12,538,13,1,3,2,1,59,0,300,2,5
3116,12,236,12,2,3,2,43,81,420,540,2,5
3117,13,253,14,1,3,2,93,20,180,300,3,5
3118,14,164,15,1,3,1,11,38,180,300,2,5
3119,6,573,8,1,3,2,51,22,180,300,4,5
3120,7,548,8,1,3,2,96,34,180,300,2,5
1,,,1,1,2,1,77,64,420,540,4,5
2,,,1,1,2,1,56,47,420,540,3,5
3,,,1,1,2,2,4,46,300,600,3,5
4,,,1,1,2,2,75,87,420,540,2,5
5,,,1,1,2,1,81,3,300,600,4,5
6,,,2,2,2,1,19,30,180,300,4,5
7,,,1,1,2,1,21,77,420,540,4,5
8,,,1,1,2,1,75,72,300,600,4,5
9,,,1,1,2,1,3,33,420,540,2,5
10,,,1,1,2,1,47,15,300,600,1,5
11,,,1,1,2,1,7,80,300,600,2,5
12,,,2,2,2,1,65,22,180,300,1,5
13,,,1,1,2,1,89,22,420,540,4,5
14,,,1,1,2,2,91,41,420,540,2,5
15,,,1,1,2,1,100,80,300,600,4,5
16,,,1,1,2,1,37,56,420,540,2,5
17,,,1,1,2,2,96,10,420,540,2,5
18,,,1,1,2,2,7,46,420,540,3,5
19,,,1,1,2,1,59,31,420,540,1,5
20,,,1,1,2,2,55,21,420,540,4,5
21,,,1,1,2,2,7,30,420,540,1,5
22,,,1,1,2,1,35,65,300,600,3,5
23,,,1,1,2,1,19,84,300,600,2,5
24,,,1,1,2,1,2,64,300,600,3,5
25,,,1,1,2,2,57,23,300,600,2,5
26,,,1,1,2,1,73,60,420,540,2,5
27,,,1,1,2,1,31,65,420,540,3,5
28,,,1,1,2,2,17,12,300,600,1,5
29,,,1,1,2,2,26,64,300,600,4,5
30,,,1,1,2,1,49,19,300,600,4,5
31,,,1,1,2,2,100,42,300,600,2,5
32,,,1,1,2,2,16,43,420,540,4,5
33,,,1,1,2,1,8,76,300,600,3,5
34,,,1,1,2,1,15,49,420,540,2,5
35,,,1,1,2,1,4,28,420,540,1,5
36,,,1,1,2,2,72,84,300,600,2,5
37,,,1,1,2,1,23,65,420,540,1,5
38,,,1,1,2,1,2,23,300,600,1,5
39,,,1,1,2,2,81,93,420,540,3,5
40,,,1,1,2,2,100,34,300,600,1,5
41,,,1,1,2,2,68,72,300,600,4,5
42,,,1,1,2,1,9,15,300,600,3,5
43,,,1,1,2,1,84,70,420,540,1,5
44,,,1,1,2,1,35,99,300,600,3,5
45,,,1,1,2,1,8,42,420,540,2,5
46,,,1,1,2,1,28,42,300,600,3,5
47,,,1,1,2,2,64,0,420,540,2,5
48,,,1,1,2,2,82,45,420,540,1,5
49,,,1,1,2,1,5,11,300,600,2,5
50,,,1,1,2,1,5,71,300,600,3,5
51,,,1,1,2,2,11,68,420,540,2,5
52,,,1,1,2,1,7,32,300,600,4,5
53,,,1,1,2,2,98,34,420,540,1,5
54,,,1,1,2,1,60,45,420,540,4,5
55,,,1,1,2,1,20,51,420,540,2,5
56,,,1,1,2,1,8,54,420,540,4,5
57,,,1,1,2,2,33,87,420,540,1,5
58,,,1,1,2,2,51,46,420,540,3,5
59,,,1,1,2,2,93,53,300,600,1,5
60,,,1,1,2,2,62,22,300,600,1,5
61,,,1,1,2,2,62,11,420,540,3,5
62,,,1,1,2,1,35,6,420,540,4,5
63,,,1,1,2,2,8,41,300,600,3,5
64,,,1,1,2,2,94,2,420,540,2,5
65,,,1,1,2,2,74,92,420,540,4,5
66,,,1,1,2,1,11,12,420,540,3,5
67,,,1,1,2,2,54,8,420,540,1,5
68,,,1,1,2,1,6,88,300,600,4,5
69,,,1,1,2,1,53,89,300,600,1,5
70,,,1,1,2,2,27,27,420,540,4,5
71,,,1,1,2,2,32,31,300,600,3,5
72,,,1,1,2,1,26,38,300,600,4,5
73,,,1,1,2,1,38,93,420,540,1,5
74,,,1,1,2,1,47,76,300,600,4,5
75,,,1,1,2,1,17,91,300,600,3,5
76,,,1,1,2,2,2,52,420,540,3,5
77,,,1,1,2,2,94,59,300,600,3,5
78,,,1,1,2,2,39,0,420,540,3,5
79,,,1,1,2,2,54,69,300,600,4,5
80,,,1,1,2,1,30,86,420,540,4,5
81,,,1,1,2,2,9,20,420,540,1,5
82,,,1,1,2,2,15,8,300,600,3,5
83,,,1,1,2,2,17,16,300,600,4,5
84,,,1,1,2,2,21,18,300,600,2,5
85,,,2,2,2,1,69,57,180,300,4,5
86,,,1,1,2,1,40,9,420,540,3,5
87,,,1,1,2,1,30,65,300,600,4,5
88,,,1,1,2,2,70,2,420,540,2,5
89,,,1,1,2,1,93,59,300,600,4,5
90,,,1,1,2,2,89,79,300,600,3,5
91,,,2,2,2,2,21,72,180,300,4,5
92,,,1,1,2,1,48,0,420,540,2,5
93,,,1,1,2,1,48,97,300,600,2,5
94,,,1,1,2,2,1,76,300,600,4,5
95,,,1,1,2,1,91,63,300,600,2,5
96,,,1,1,2,2,75,14,300,600,3,5
97,,,1,1,2,2,58,10,300,600,2,5
98,,,1,1,2,1,44,45,420,540,1,5
99,,,1,1,2,2,89,59,420,540,2,5
100,,,1,1,2,1,46,43,300,600,2,5
101,,,1,1,2,1,50,66,300,600,4,5
102,,,1,1,2,2,72,81,300,600,3,5
103,,,1,1,2,2,34,14,300,600,1,5
104,,,2,2,2,2,6,85,300,420,1,5
105,,,1,1,2,2,92,48,300,600,4,5
106,,,1,1,2,2,14,19,420,540,3,5
107,,,1,1,2,2,67,22,420,540,1,5
108,,,1,1,2,2,37,84,300,600,3,5
109,,,2,2,2,2,40,95,60,180,3,5
110,,,1,1,2,2,84,39,300,600,3,5
111,,,1,1,2,1,76,19,420,540,2,5
112,,,1,1,2,2,58,42,300,600,1,5
113,,,1,1,2,1,22,67,300,600,4,5
114,,,1,1,2,1,85,97,420,540,4,5
115,,,1,1,2,2,0,90,420,540,2,5
116,,,2,2,2,2,68,37,0,300,4,5
117,,,1,1,2,1,16,96,420,540,1,5
118,,,1,1,2,2,94,87,300,600,4,5
119,,,1,1,2,1,69,63,300,600,2,5
120,,,2,1,2,1,15,11,420,540,4,5
121,,,3,2,2,2,41,85,300,600,4,5
122,,,2,1,2,2,84,68,420,540,2,5
123,,,2,1,2,1,34,9,300,600,2,5
124,,,2,1,2,2,90,3,300,600,3,5
125,,,2,1,2,2,88,64,420,540,2,5
126,,,2,1,2,1,30,72,420,540,3,5
127,,,2,1,2,2,84,56,300,600,3,5
128,,,2,1,2,1,85,11,420,540,1,5
129,,,2,1,2,1,57,7,420,540,3,5
130,,,2,1,2,2,5,38,300,600,3,5
131,,,2,1,2,1,29,75,420,540,4,5
132,,,3,2,2,2,22,3,60,180,4,5
133,,,2,1,2,1,38,15,420,540,2,5
134,,,2,1,2,1,38,61,420,540,3,5
135,,,2,1,2,2,89,20,300,600,2,5
136,,,2,1,2,2,42,46,420,540,2,5
137,,,2,1,2,1,97,64,420,540,2,5
138,,,2,1,2,2,61,22,300,600,2,5
139,,,2,1,2,1,83,12,300,600,1,5
140,,,2,1,2,2,80,76,300,600,4,5
141,,,2,1,2,1,57,32,420,540,3,5
142,,,2,1,2,2,54,36,300,600,4,5
143,,,2,1,2,2,76,86,300,600,3,5
144,,,2,1,2,2,43,92,420,540,4,5
145,,,2,1,2,2,10,79,300,600,1,5
146,,,2,1,2,2,54,98,300,600,3,5
147,,,3,2,2,2,88,59,300,600,4,5
148,,,2,1,2,1,5,36,300,600,2,5
149,,,2,1,2,1,78,10,300,600,3,5
150,,,2,1,2,2,15,70,420,540,4,5
151,,,3,1,2,2,72,99,420,540,2,5
152,,,5,1,2,1,71,72,420,540,1,5
153,,,4,1,2,1,74,77,300,600,3,5
154,,,3,2,2,2,89,59,300,420,2,5
155,,,5,1,2,1,61,34,300,600,4,5
156,,,7,1,2,1,71,8,300,600,4,5
157,,,10,1,2,1,42,65,420,540,1,5
158,,,3,1,2,2,53,36,420,540,4,5
159,,,14,2,2,2,82,17,60,180,1,5
160,,,2,2,2,2,20,56,180,300,1,5
161,,,4,1,2,2,83,52,300,600,2,5
162,,,3,2,2,1,1,4,420,540,2,5
163,,,10,2,2,2,8,39,0,300,1,5
164,,,4,1,2,1,69,94,300,600,4,5
165,,,6,1,2,1,42,51,420,540,3,5
166,,,9,1,2,1,15,85,420,540,3,5
167,,,8,2,2,2,65,39,60,180,4,5
168,,,2,1,2,1,35,6,420,540,4,5
169,,,7,1,2,2,53,85,300,600,3,5
170,,,6,1,2,2,96,7,420,540,2,5
171,,,2,2,2,1,57,56,60,180,2,5
172,,,9,1,2,2,59,90,300,600,2,5
173,,,10,2,2,1,63,69,300,600,2,5
174,,,8,1,2,1,6,30,300,600,1,5
175,,,10,1,2,2,31,62,300,600,1,5
176,,,5,2,2,2,0,52,420,540,3,5
177,,,14,1,2,1,67,99,420,540,2,5
178,,,15,2,2,2,91,20,180,300,2,5
179,,,2,1,2,1,15,69,420,540,3,5
180,,,15,2,2,1,76,97,300,600,2,5
181,,,5,1,2,1,57,91,300,600,1,5
182,,,12,1,2,2,5,19,420,540,4,5
183,,,7,2,2,1,97,84,300,420,1,5
184,,,1,1,2,2,42,22,300,600,1,5
185,,,3,1,2,1,48,1,420,540,4,5
186,,,9,2,2,1,83,23,0,300,4,5
187,,,14,2,2,2,65,23,180,300,3,5
188,,,2,1,2,2,27,78,420,540,2,5
189,,,11,1,2,2,30,78,420,540,1,5
190,,,3,2,2,2,16,49,0,300,4,5
191,,,7,2,2,1,72,82,180,300,2,5
192,,,4,1,2,1,68,43,300,600,3,5
193,,,13,1,2,2,64,80,300,600,1,5
194,,,4,1,2,2,70,67,300,600,2,5
195,,,13,1,2,1,86,10,300,600,2,5
196,,,3,1,2,2,15,64,420,540,3,5
197,,,3,1,2,2,39,76,300,600,3,5
198,,,5,1,2,1,92,11,420,540,1,5
199,,,8,1,2,1,75,82,420,540,2,5
200,,,4,2,2,1,70,55,420,540,2,5
201,,,7,1,2,2,79,82,420,540,2,5
202,,,12,1,2,2,71,27,300,600,3,5
203,,,2,1,2,2,68,78,300,600,1,5
204,,,12,2,2,2,28,41,60,180,2,5
205,,,6,2,2,2,17,40,300,600,1,5
206,,,8,1,2,2,23,33,420,540,3,5
207,,,2,1,2,2,77,57,300,600,3,5
208,,,6,1,2,1,4,30,300,600,3,5
209,,,3,1,2,2,20,28,420,540,3,5
210,,,14,1,2,2,78,44,300,600,1,5
211,,,4,1,2,1,38,73,420,540,4,5
212,,,11,1,2,1,23,31,420,540,2,5
213,,,4,2,2,2,17,54,60,180,4,5
214,,,11,1,2,1,7,36,420,540,3,5
215,,,3,1,2,2,77,52,420,540,3,5
216,,,4,1,2,2,29,93,300,600,1,5
217,,,14,1,2,1,58,32,300,600,3,5
218,,,6,1,2,1,15,43,300,600,1,5
219,,,14,2,2,1,72,18,300,600,1,5
220,,,4,1,2,2,17,76,300,600,2,5
221,,,14,1,2,2,79,41,300,600,3,5
222,,,15,2,2,2,51,22,300,600,3,5
223,,,3,1,2,1,56,90,300,600,2,5
224,,,13,1,2,2,58,0,420,540,3,5
225,,,10,1,2,1,2,2,300,600,3,5
226,,,3,2,2,1,85,43,60,180,1,5
227,,,7,1,2,1,51,19,300,600,4,5
228,,,14,1,2,1,83,71,420,540,2,5
229,,,15,1,2,1,50,79,420,540,4,5
230,,,5,1,2,1,10,84,300,600,4,5
231,,,5,2,2,2,88,38,180,300,1,5
232,,,14,2,2,1,8,82,180,300,2,5
233,,,2,1,2,1,99,13,420,540,2,5
234,,,14,2,2,2,56,68,60,180,2,5
235,,,11,2,2,1,76,23,420,540,1,5
236,,,5,1,2,2,44,22,300,600,2,5
237,,,12,1,2,2,17,1,300,600,2,5
238,,,14,1,2,2,75,56,300,600,4,5
239,,,1,1,2,1,63,42,420,540,2,5
240,,,12,1,2,2,70,38,420,540,2,5
241,,,14,1,2,2,1,77,300,600,3,5
242,,,3,1,2,2,66,61,420,540,3,5
243,,,13,1,2,1,23,55,300,600,4,5
244,,,5,2,2,2,51,41,180,300,1,5
245,,,10,2,2,1,89,87,60,180,3,5
246,,,6,1,2,1,42,50,300,600,4,5
247,,,14,1,2,2,18,67,300,600,2,5
248,,,13,2,2,1,6,36,300,600,4,5
249,,,11,2,2,1,21,27,300,420,1,5
250,,,11,1,2,2,23,72,300,600,3,5
251,,,15,1,2,1,19,33,300,600,2,5
252,,,14,1,2,2,54,51,420,540,3,5
253,,,5,1,2,1,41,84,300,600,3,5
254,,,6,1,2,1,13,46,300,600,4,5
255,,,5,1,2,1,35,5,420,540,4,5
256,,,15,2,2,1,41,47,420,540,4,5
257,,,13,2,2,1,17,61,180,300,1,5
258,,,11,1,2,1,62,97,300,600,2,5
259,,,4,1,2,2,93,21,300,600,1,5
260,,,12,1,2,1,5,10,300,600,2,5
261,,,6,2,2,2,18,79,180,300,3,5
262,,,9,1,2,1,86,92,300,600,3,5
263,,,11,1,2,1,88,8,420,540,4,5
264,,,14,1,2,1,12,39,420,540,1,5
265,,,8,1,2,2,64,78,420,540,3,5
266,,,7,1,2,1,69,38,420,540,3,5
267,,,13,1,2,1,29,44,420,540,2,5
268,,,10,2,2,1,30,30,0,300,3,5
269,,,15,1,2,2,53,15,300,600,2,5
270,,,12,1,2,1,61,36,420,540,1,5
271,,,4,1,2,2,45,89,420,540,3,5
272,,,9,2,2,1,97,86,420,540,2,5
273,,,5,1,2,1,86,38,420,540,3,5
274,,,10,1,2,2,50,35,300,600,1,5
275,,,8,1,2,1,83,40,420,540,1,5
276,,,11,1,2,2,0,70,300,600,4,5
277,,,10,2,2,1,62,90,180,300,4,5
278,,,12,2,2,2,95,68,300,600,1,5
279,,,6,2,2,2,50,42,420,540,3,5
280,,,12,2,2,2,84,28,420,540,2,5
281,,,16,1,2,2,39,24,300,600,2,5
282,,,4,1,2,1,1,54,420,540,2,5
283,,,6,1,2,2,23,63,300,600,3,5
284,,,13,1,2,1,19,79,300,600,2,5
285,,,10,2,2,2,74,5,60,180,2,5
286,,,4,1,2,2,53,21,300,600,3,5
287,,,11,1,2,2,27,98,420,540,3,5
288,,,3,2,2,2,72,2,420,540,4,5
289,,,7,2,2,1,2,15,60,180,1,5
290,,,11,1,2,2,27,21,300,600,2,5
291,,,5,2,2,2,10,34,180,300,3,5
292,,,9,1,2,2,16,65,420,540,3,5
293,,,12,1,2,1,39,35,420,540,1,5
294,,,12,1,2,2,45,60,300,600,2,5
295,,,7,1,2,2,67,81,300,600,3,5
296,,,6,1,2,1,11,54,420,540,1,5
297,,,9,1,2,2,34,17,420,540,1,5
298,,,7,1,2,1,71,48,420,540,1,5
299,,,2,1,2,1,20,0,300,600,2,5
300,,,2,1,2,1,62,99,300,600,4,5
301,,,10,2,2,1,85,59,60,180,3,5
302,,,3,1,2,1,78,46,300,600,1,5
303,,,7,1,2,2,78,5,420,540,4,5
304,,,4,1,2,1,58,36,300,600,4,5
305,,,8,1,2,1,45,6,420,540,1,5
306,,,15,1,2,2,87,72,420,540,4,5
307,,,15,1,2,1,36,28,420,540,3,5
308,,,7,1,2,2,77,22,300,600,2,5
309,,,15,2,2,1,32,8,0,300,3,5
310,,,6,1,2,2,100,72,300,600,2,5
311,,,13,1,2,1,98,65,300,600,3,5
312,,,4,1,2,1,36,90,300,600,3,5
313,,,12,1,2,1,68,27,300,600,4,5
314,,,4,1,2,2,85,97,300,600,4,5
315,,,8,1,2,2,53,65,420,540,3,5
316,,,7,2,2,1,23,16,300,420,1,5
317,,,2,1,2,1,79,62,300,600,2,5
318,,,8,1,2,2,84,50,300,600,1,5
319,,,9,1,2,2,58,30,420,540,3,5
320,,,8,1,2,1,98,2,420,540,2,5
321,,,3,1,2,2,7,59,300,600,4,5
322,,,10,1,2,2,43,70,420,540,3,5
323,,,15,1,2,1,17,1,300,600,2,5
324,,,14,1,2,2,35,1,300,600,1,5
325,,,13,1,2,2,9,9,300,600,3,5
326,,,12,1,2,1,48,8,300,600,4,5
327,,,10,1,2,2,36,47,420,540,2,5
328,,,4,1,2,1,47,39,420,540,3,5
329,,,13,2,2,1,32,36,300,600,2,5
330,,,15,1,2,2,29,83,300,600,3,5
331,,,13,1,2,2,62,92,300,600,3,5
332,,,7,2,2,1,25,34,420,540,4,5
333,,,3,1,2,2,11,87,300,600,3,5
334,,,6,2,2,1,90,8,300,420,4,5
335,,,9,2,2,2,82,40,60,180,2,5
336,,,14,1,2,1,2,43,420,540,4,5
337,,,6,1,2,1,7,63,300,600,3,5
338,,,9,2,2,1,46,100,0,300,3,5
339,,,15,2,2,1,36,34,300,420,1,5
340,,,15,1,2,1,35,49,300,600,4,5
341,,,5,1,2,1,78,56,300,600,3,5
342,,,3,2,2,2,16,70,0,300,4,5
343,,,8,2,2,1,33,36,180,300,3,5
344,,,6,2,2,1,30,56,60,180,1,5
345,,,4,1,2,1,31,50,300,600,1,5
346,,,13,2,2,1,9,81,180,300,2,5
347,,,5,2,2,1,72,59,420,540,2,5
348,,,2,2,2,1,32,99,60,180,1,5
349,,,11,2,2,1,65,43,180,300,2,5
350,,,5,1,2,1,88,48,300,600,4,5
351,,,10,1,2,1,63,67,300,600,2,5
352,,,12,2,2,1,58,56,300,600,1,5
353,,,8,1,2,2,88,10,300,600,2,5
354,,,9,1,2,1,56,8,420,540,1,5
355,,,4,1,2,2,76,82,300,600,4,5
356,,,3,1,2,1,34,18,420,540,1,5
357,,,13,1,2,1,2,74,420,540,1,5
358,,,8,1,2,1,62,20,420,540,1,5
359,,,14,1,2,1,1,11,300,600,2,5
360,,,10,1,2,2,93,16,420,540,2,5
361,,,10,2,2,1,71,54,180,300,1,5
362,,,8,1,2,2,86,6,420,540,3,5
363,,,9,1,2,1,97,73,300,600,3,5
364,,,12,1,2,1,28,96,420,540,2,5
365,,,7,1,2,2,26,50,420,540,4,5
366,,,10,1,2,2,65,65,300,600,3,5
367,,,11,2,2,1,20,68,300,420,3,5
368,,,14,1,2,2,73,8,300,600,1,5
369,,,5,1,2,1,3,91,300,600,2,5
370,,,14,1,2,2,13,29,300,600,1,5
371,,,3,2,2,1,73,15,180,300,4,5
372,,,2,1,2,1,69,29,300,600,2,5
373,,,9,2,2,1,24,42,300,420,4,5
374,,,11,1,2,1,82,27,420,540,1,5
375,,,3,1,2,2,93,50,420,540,1,5
376,,,14,1,2,1,20,85,420,540,3,5
377,,,11,1,2,1,94,49,420,540,4,5
378,,,1,1,2,2,68,27,300,600,1,5
379,,,5,1,2,1,56,22,300,600,3,5
380,,,7,1,2,1,83,64,420,540,1,5
381,,,14,1,2,1,84,62,300,600,3,5
382,,,15,1,2,2,8,19,300,600,4,5
383,,,4,1,2,2,23,87,420,540,1,5
384,,,12,2,2,1,26,94,300,600,3,5
385,,,7,1,2,1,55,70,300,600,1,5
386,,,6,1,2,1,44,26,300,600,1,5
387,,,7,2,2,1,87,56,420,540,3,5
388,,,3,1,2,1,11,92,300,600,3,5
389,,,9,2,2,2,94,47,180,300,3,5
390,,,14,2,2,1,54,27,420,540,4,5
391,,,7,1,2,2,35,27,420,540,3,5
392,,,3,1,2,1,65,33,300,600,2,5
393,,,3,2,2,1,65,56,420,540,3,5
394,,,4,2,2,2,29,68,300,420,2,5
395,,,10,2,2,1,88,44,300,600,2,5
396,,,8,1,2,1,30,38,420,540,4,5
397,,,13,1,2,1,96,81,420,540,2,5
398,,,14,2,2,2,3,30,180,300,4,5
399,,,13,1,2,1,34,4,420,540,1,5
400,,,10,1,2,2,39,62,420,540,4,5
401,,,9,2,2,1,30,54,60,180,1,5
402,,,12,2,2,1,41,11,420,540,3,5
403,,,8,1,2,1,40,34,420,540,2,5
404,,,2,2,2,1,7,71,180,300,2,5
405,,,1,1,2,1,97,33,300,600,2,5
406,,,10,2,2,1,67,49,0,300,4,5
407,,,6,1,2,1,2,50,420,540,4,5
408,,,3,1,2,2,83,71,300,600,1,5
409,,,4,1,2,1,32,53,420,540,1,5
410,,,7,1,2,1,80,21,300,600,2,5
411,,,2,1,2,1,88,66,420,540,1,5
412,,,5,2,2,1,55,95,420,540,2,5
413,,,14,1,2,2,57,0,420,540,3,5
414,,,9,1,2,2,70,27,300,600,4,5
415,,,10,1,2,2,9,26,420,540,1,5
416,,,4,2,2,2,54,95,420,540,4,5
417,,,7,1,2,1,8,69,300,600,4,5
418,,,4,1,2,2,27,57,300,600,3,5
419,,,6,2,2,1,37,72,0,300,3,5
420,,,6,1,2,2,36,84,300,600,4,5
421,,,3,2,2,2,94,98,60,180,2,5
422,,,15,1,2,2,26,0,300,600,4,5
423,,,5,1,2,2,33,39,300,600,2,5
424,,,4,2,2,1,68,94,60,180,2,5
425,,,6,1,2,2,16,37,300,600,3,5
426,,,2,1,2,1,23,10,420,540,3,5
427,,,10,1,2,2,45,89,420,540,3,5
428,,,5,1,2,2,48,90,420,540,3,5
429,,,6,1,2,1,59,8,300,600,2,5
430,,,6,1,2,1,89,63,420,540,4,5
431,,,14,1,2,1,90,100,420,540,2,5
432,,,7,1,2,2,61,57,300,600,4,5
433,,,16,1,2,1,45,26,300,600,1,5
434,,,12,1,2,2,1,91,420,540,2,5
435,,,14,1,2,2,50,79,420,540,3,5
436,,,5,1,2,2,98,54,420,540,3,5
437,,,6,2,2,1,80,55,420,540,1,5
438,,,3,1,2,1,48,39,420,540,3,5
439,,,10,1,2,1,79,14,300,600,3,5
440,,,11,1,2,2,80,79,300,600,3,5
441,,,8,2,2,1,6,36,60,180,4,5
442,,,9,1,2,1,54,30,420,540,3,5
443,,,7,1,2,2,87,16,300,600,4,5
444,,,14,2,2,1,0,87,180,300,1,5
445,,,14,1,2,2,22,74,300,600,2,5
446,,,14,2,2,2,66,35,300,420,2,5
447,,,13,2,2,1,98,35,300,420,4,5
448,,,2,1,2,2,53,70,420,540,3,5
449,,,16,2,2,2,39,70,420,540,1,5
450,,,2,2,2,2,90,93,180,300,4,5
451,,,10,1,2,1,7,47,300,600,4,5
452,,,4,2,2,1,24,28,300,420,4,5
453,,,6,1,2,2,100,30,300,600,1,5
454,,,14,1,2,2,43,34,300,600,4,5
455,,,15,2,2,2,78,12,420,540,2,5
456,,,12,2,2,2,1,43,60,180,2,5
457,,,14,1,2,1,7,81,300,600,3,5
458,,,3,1,2,2,62,76,300,600,1,5
459,,,9,2,2,2,37,65,60,180,1,5
460,,,13,1,2,1,12,10,420,540,4,5
461,,,5,2,2,1,59,13,300,420,1,5
462,,,8,2,2,2,56,52,300,420,1,5
463,,,3,2,2,2,15,80,300,420,2,5
464,,,13,1,2,2,7,65,420,540,4,5
465,,,1,1,2,2,60,68,420,540,1,5
466,,,5,1,2,1,52,53,420,540,1,5
467,,,6,2,2,1,7,3,60,180,2,5
468,,,8,1,2,1,96,83,420,540,3,5
469,,,15,1,2,2,42,96,300,600,1,5
470,,,4,1,2,1,48,61,300,600,2,5
471,,,11,1,2,2,95,1,420,540,1,5
472,,,2,2,2,2,30,33,60,180,3,5
473,,,16,1,2,2,98,71,420,540,2,5
474,,,10,1,2,1,34,79,420,540,1,5
475,,,6,1,2,1,72,1,420,540,3,5
476,,,13,2,2,2,86,70,300,600,4,5
477,,,15,2,2,2,58,84,300,420,2,5
478,,,9,1,2,2,15,31,300,600,1,5
479,,,11,2,2,2,80,75,420,540,1,5
480,,,1,1,2,2,76,27,420,540,2,5
481,,,2,1,2,2,100,100,420,540,2,5
482,,,5,1,2,2,2,13,420,540,3,5
483,,,3,1,2,2,82,98,420,540,2,5
484,,,5,1,2,2,21,45,300,600,1,5
485,,,10,1,2,1,13,9,300,600,2,5
486,,,8,1,2,2,80,12,420,540,3,5
487,,,11,2,2,2,84,19,420,540,1,5
488,,,5,1,2,1,53,83,300,600,1,5
489,,,8,1,2,2,53,76,420,540,3,5
490,,,15,2,2,1,20,71,60,180,2,5
491,,,6,1,2,2,8,20,300,600,1,5
492,,,13,1,2,1,54,9,300,600,1,5
493,,,12,1,2,2,45,0,420,540,3,5
494,,,15,1,2,2,92,65,300,600,4,5
495,,,10,1,2,1,68,77,420,540,3,5
496,,,3,1,2,1,93,30,300,600,1,5
497,,,5,1,2,1,69,3,300,600,1,5
498,,,8,2,2,2,96,10,0,300,3,5
499,,,13,1,2,2,92,28,300,600,3,5
500,,,13,1,2,1,22,19,300,600,4,5
501,,,7,2,2,2,24,38,60,180,4,5
502,,,13,1,2,1,69,36,420,540,4,5
503,,,8,1,2,1,45,10,300,600,1,5
504,,,15,2,2,1,0,50,180,300,1,5
505,,,4,1,2,2,72,70,300,600,1,5
506,,,4,1,2,1,41,93,420,540,1,5
507,,,8,1,2,2,43,66,300,600,1,5
508,,,2,1,2,2,15,77,300,600,2,5
509,,,3,1,2,2,98,35,300,600,1,5
510,,,8,2,2,1,56,31,180,300,4,5
511,,,5,2,2,1,3,64,420,540,2,5
512,,,15,1,2,1,39,26,300,600,4,5
513,,,11,1,2,2,52,86,300,600,2,5
514,,,15,1,2,2,84,79,420,540,3,5
515,,,13,1,2,2,7,37,420,540,3,5
516,,,6,1,2,2,7,62,300,600,4,5
517,,,8,1,2,1,99,36,420,540,3,5
518,,,10,1,2,1,36,64,300,600,1,5
519,,,9,1,2,2,99,12,300,600,3,5
520,,,13,2,2,1,96,2,180,300,2,5
521,,,13,2,2,2,63,25,0,300,3,5
522,,,5,1,2,2,15,3,420,540,2,5
523,,,14,1,2,2,59,67,300,600,1,5
524,,,4,1,2,1,57,10,300,600,1,5
525,,,10,1,2,2,6,66,300,600,4,5
526,,,11,1,2,2,69,22,420,540,2,5
527,,,14,1,2,1,57,50,420,540,1,5
528,,,5,1,2,1,50,67,420,540,3,5
529,,,11,1,2,1,49,40,300,600,3,5
530,,,10,1,2,1,70,92,420,540,2,5
531,,,14,1,2,1,93,93,420,540,1,5
532,,,14,2,2,1,48,85,0,300,4,5
533,,,4,1,2,1,4,30,300,600,2,5
534,,,9,1,2,1,61,84,420,540,4,5
535,,,6,1,2,2,83,96,300,600,4,5
536,,,6,1,2,1,16,62,420,540,2,5
537,,,14,1,2,1,49,87,420,540,4,5
538,,,9,2,2,2,13,45,300,420,3,5
539,,,3,1,2,2,55,87,300,600,2,5
540,,,13,2,2,1,16,24,60,180,1,5
541,,,4,1,2,1,83,77,420,540,2,5
542,,,14,2,2,1,1,20,180,300,4,5
543,,,3,1,2,2,83,19,420,540,1,5
544,,,10,1,2,1,41,22,420,540,1,5
545,,,10,2,2,2,55,24,300,420,2,5
546,,,4,1,2,1,1,44,420,540,2,5
547,,,6,1,2,1,45,19,420,540,3,5
548,,,5,1,2,1,83,66,420,540,1,5
549,,,2,1,2,2,90,79,420,540,2,5
550,,,8,1,2,1,96,11,300,600,3,5
551,,,9,1,2,2,68,5,300,600,2,5
552,,,1,1,2,2,2,9,300,600,3,5
553,,,2,1,2,1,24,80,300,600,2,5
554,,,5,2,2,2,87,7,60,180,1,5
555,,,16,1,2,2,90,85,420,540,3,5
556,,,15,1,2,1,92,39,420,540,1,5
557,,,14,1,2,2,38,38,300,600,1,5
558,,,7,1,2,1,93,2,420,540,1,5
559,,,5,1,2,1,100,48,420,540,2,5
560,,,11,1,2,2,73,24,420,540,2,5
561,,,4,2,2,1,2,72,180,300,2,5
562,,,13,2,2,2,42,8,180,300,4,5
563,,,2,1,2,2,26,13,420,540,2,5
564,,,4,1,2,1,78,3,300,600,4,5
565,,,14,2,2,2,66,74,180,300,3,5
566,,,10,1,2,2,60,10,420,540,2,5
567,,,8,1,2,1,1,26,300,600,1,5
568,,,14,2,2,2,40,23,420,540,1,5
569,,,12,1,2,1,42,26,300,600,4,5
570,,,10,2,2,1,81,10,180,300,3,5
571,,,7,1,2,1,15,91,420,540,2,5
572,,,8,2,2,2,51,19,180,300,1,5
573,,,6,1,2,2,60,54,300,600,2,5
574,,,2,1,2,2,13,89,420,540,3,5
575,,,13,2,2,1,79,29,180,300,3,5
576,,,6,1,2,2,89,26,300,600,3,5
577,,,9,1,2,1,54,11,300,600,4,5
578,,,2,1,2,2,21,33,300,600,2,5
579,,,11,1,2,1,36,50,300,600,2,5
580,,,9,1,2,1,5,29,300,600,1,5
581,,,6,1,2,1,66,64,420,540,3,5
582,,,14,1,2,2,91,58,420,540,4,5
583,,,12,1,2,1,15,2,300,600,1,5
584,,,7,1,2,2,24,95,300,600,2,5
585,,,7,1,2,1,32,55,300,600,3,5
586,,,10,1,2,1,14,69,420,540,3,5
587,,,6,1,2,2,49,93,300,600,4,5
588,,,10,1,2,1,94,84,300,600,4,5
589,,,12,1,2,1,82,67,300,600,3,5
590,,,4,1,2,2,31,75,300,600,4,5
591,,,8,2,2,2,30,0,60,180,1,5
592,,,12,1,2,1,42,78,420,540,1,5
593,,,13,2,2,1,31,50,300,420,1,5
594,,,5,1,2,1,25,76,300,600,1,5
595,,,9,1,2,2,11,25,420,540,1,5
596,,,13,1,2,2,76,61,300,600,1,5
597,,,9,1,2,1,79,96,420,540,4,5
598,,,14,2,2,1,93,34,180,300,2,5
599,,,8,2,2,2,30,30,60,180,1,5
600,,,13,1,2,1,76,59,300,600,3,5
601,,,9,1,2,1,77,0,300,600,1,5
602,,,9,1,2,1,37,52,300,600,1,5
603,,,9,2,2,1,3,87,180,300,1,5
604,,,6,1,2,1,42,98,300,600,4,5
605,,,12,2,2,2,99,69,420,540,1,5
606,,,15,1,2,2,93,59,300,600,1,5
607,,,2,1,2,1,52,0,300,600,4,5
608,,,14,1,2,2,40,38,420,540,3,5
609,,,12,1,2,2,65,38,420,540,4,5
610,,,9,2,2,2,73,9,0,300,3,5
611,,,2,2,2,1,28,24,300,600,4,5
612,,,5,1,2,2,89,79,300,600,4,5
613,,,11,1,2,1,20,18,420,540,1,5
614,,,13,1,2,1,47,12,420,540,2,5
615,,,14,1,2,2,75,47,420,540,2,5
616,,,16,1,2,2,52,85,420,540,4,5
617,,,13,2,2,2,8,97,0,300,4,5
618,,,4,1,2,1,42,87,420,540,4,5
619,,,11,1,2,2,32,43,300,600,3,5
620,,,12,2,2,1,4,86,420,540,2,5
621,,,4,1,2,2,33,40,420,540,3,5
622,,,1,1,2,1,62,52,420,540,1,5
623,,,10,2,2,2,64,94,300,600,3,5
624,,,8,1,2,2,7,96,300,600,4,5
625,,,8,1,2,1,26,62,300,600,3,5
626,,,4,1,2,2,40,31,420,540,2,5
627,,,6,2,2,1,7,32,60,180,3,5
628,,,11,1,2,1,12,62,300,600,2,5
629,,,7,1,2,1,25,84,300,600,1,5
630,,,10,1,2,1,58,15,300,600,1,5
631,,,8,1,2,1,46,66,300,600,3,5
632,,,14,1,2,2,33,53,300,600,1,5
633,,,12,1,2,2,61,86,420,540,3,5
634,,,11,1,2,2,2,53,300,600,1,5
635,,,7,2,2,1,12,82,0,300,4,5
636,,,14,2,2,2,32,79,0,300,4,5
637,,,15,1,2,2,18,36,300,600,3,5
638,,,13,1,2,1,82,40,300,600,1,5
639,,,7,2,2,1,30,33,180,300,3,5
640,,,15,1,2,2,7,60,420,540,2,5
641,,,3,1,2,2,13,9,420,540,3,5
642,,,7,2,2,2,66,71,60,180,2,5
643,,,15,1,2,2,76,95,300,600,1,5
644,,,4,1,2,2,49,9,420,540,1,5
645,,,15,1,2,1,10,78,300,600,4,5
646,,,2,1,2,1,93,71,300,600,4,5
647,,,7,1,2,1,68,62,300,600,3,5
648,,,6,1,2,2,93,41,420,540,1,5
649,,,8,1,2,2,87,87,420,540,3,5
650,,,5,2,2,1,34,69,300,600,2,5
651,,,8,1,2,1,72,72,420,540,1,5
652,,,13,1,2,1,33,64,300,600,3,5
653,,,14,1,2,2,15,58,420,540,1,5
654,,,15,1,2,1,35,0,420,540,1,5
655,,,9,1,2,1,55,57,300,600,4,5
656,,,13,1,2,1,65,0,420,540,2,5
657,,,12,1,2,1,81,51,300,600,1,5
658,,,15,1,2,1,84,41,300,600,1,5
659,,,8,2,2,1,55,23,420,540,1,5
660,,,1,1,2,2,26,70,420,540,2,5
661,,,1,1,2,1,56,37,300,600,2,5
662,,,13,1,2,1,97,57,420,540,4,5
663,,,13,1,2,2,0,61,420,540,4,5
664,,,16,1,2,1,55,56,300,600,2,5
665,,,7,2,2,1,46,45,180,300,2,5
666,,,3,1,2,1,55,26,300,600,1,5
667,,,12,2,2,2,72,46,60,180,1,5
668,,,2,2,2,2,61,33,180,300,3,5
669,,,10,2,2,1,31,58,60,180,1,5
670,,,2,2,2,2,9,26,60,180,1,5
671,,,7,2,2,1,9,98,420,540,4,5
672,,,13,1,2,1,64,87,420,540,2,5
673,,,9,1,2,2,22,69,420,540,1,5
674,,,2,1,2,2,63,44,300,600,1,5
675,,,4,1,2,1,13,47,420,540,4,5
676,,,4,1,2,1,42,61,420,540,3,5
677,,,2,1,2,1,87,66,300,600,4,5
678,,,4,1,2,1,98,97,420,540,1,5
679,,,8,2,2,2,83,14,300,600,2,5
680,,,5,1,2,1,90,48,300,600,3,5
681,,,4,1,2,1,82,80,420,540,3,5
682,,,14,1,2,1,11,79,420,540,3,5
683,,,10,1,2,1,77,20,300,600,4,5
684,,,14,1,2,1,53,40,420,540,1,5
685,,,8,1,2,2,57,22,300,600,2,5
686,,,9,1,2,1,25,56,300,600,3,5
687,,,10,1,2,1,42,43,300,600,3,5
688,,,6,1,2,2,69,7,420,540,3,5
689,,,9,2,2,2,22,34,60,180,1,5
690,,,7,1,2,1,70,32,420,540,3,5
691,,,15,1,2,2,92,83,420,540,4,5
692,,,2,1,2,2,56,90,420,540,4,5
693,,,8,1,2,1,17,52,420,540,4,5
694,,,11,1,2,1,76,55,420,540,3,5
695,,,10,2,2,1,85,81,420,540,4,5
696,,,14,1,2,1,29,46,300,600,4,5
697,,,10,1,2,2,8,12,300,600,1,5
698,,,12,2,2,2,55,9,60,180,4,5
699,,,14,1,2,2,27,9,300,600,2,5
700,,,12,1,2,1,21,62,420,540,3,5
701,,,13,1,2,2,36,25,300,600,2,5
702,,,9,1,2,2,33,3,420,540,3,5
703,,,5,1,2,2,4,78,300,600,3,5
704,,,7,2,2,1,57,58,180,300,1,5
705,,,9,2,2,2,85,37,180,300,2,5
706,,,8,1,2,2,22,15,420,540,4,5
707,,,2,1,2,2,68,2,420,540,1,5
708,,,5,1,2,1,32,23,300,600,2,5
709,,,2,1,2,2,16,12,420,540,2,5
710,,,8,1,2,2,70,91,420,540,1,5
711,,,11,1,2,2,53,9,420,540,3,5
712,,,8,1,2,2,90,59,300,600,1,5
713,,,11,2,2,2,73,28,60,180,3,5
714,,,9,2,2,1,49,6,180,300,2,5
715,,,4,1,2,2,56,1,300,600,1,5
716,,,14,1,2,2,77,29,420,540,4,5
717,,,13,1,2,2,80,52,420,540,1,5
718,,,14,1,2,1,18,95,300,600,3,5
719,,,9,1,2,1,51,39,420,540,1,5
720,,,8,1,2,2,65,71,300,600,4,5
721,,,5,1,2,1,5,94,300,600,4,5
722,,,3,1,2,1,72,31,300,600,2,5
723,,,6,1,2,2,28,84,300,600,2,5
724,,,13,1,2,2,8,1,300,600,2,5
725,,,1,1,2,1,67,46,300,600,3,5
726,,,15,1,2,2,16,24,300,600,2,5
727,,,4,2,2,2,88,92,300,420,4,5
728,,,8,1,2,2,26,70,300,600,3,5
729,,,9,1,2,1,10,27,300,600,2,5
730,,,6,2,2,1,94,42,180,300,4,5
731,,,8,1,2,1,86,28,420,540,1,5
732,,,12,2,2,2,71,75,180,300,3,5
733,,,8,2,2,2,46,38,0,300,3,5
734,,,3,1,2,1,36,82,420,540,3,5
735,,,7,1,2,1,26,72,420,540,3,5
736,,,3,2,2,2,30,90,0,300,4,5
737,,,9,1,2,1,22,46,300,600,3,5
738,,,9,2,2,2,63,93,180,300,3,5
739,,,14,1,2,2,19,57,300,600,3,5
740,,,9,1,2,1,53,30,300,600,3,5
741,,,9,1,2,2,11,2,300,600,3,5
742,,,10,1,2,2,71,68,420,540,4,5
743,,,3,1,2,1,53,50,420,540,4,5
744,,,4,2,2,2,45,77,60,180,4,5
745,,,5,2,2,2,55,54,420,540,1,5
746,,,1,1,2,2,45,99,300,600,3,5
747,,,11,2,2,1,84,23,420,540,3,5
748,,,7,1,2,1,98,40,300,600,1,5
749,,,14,1,2,1,61,95,420,540,4,5
750,,,2,1,2,1,100,39,420,540,1,5
751,,,5,1,2,1,24,47,420,540,2,5
752,,,11,1,2,1,54,92,420,540,1,5
753,,,9,1,2,2,36,6,300,600,3,5
754,,,10,1,2,1,59,48,420,540,2,5
755,,,2,2,2,2,28,60,300,600,2,5
756,,,7,2,2,1,18,39,300,600,4,5
757,,,9,1,2,2,91,100,300,600,1,5
758,,,12,1,2,2,15,69,300,600,2,5
759,,,13,1,2,2,12,28,420,540,3,5
760,,,5,1,2,1,100,2,300,600,2,5
761,,,5,1,2,2,82,98,300,600,4,5
762,,,1,1,2,1,54,69,300,600,2,5
763,,,4,1,2,1,23,21,420,540,1,5
764,,,7,1,2,1,63,59,420,540,1,5
765,,,9,1,2,1,0,46,420,540,1,5
766,,,5,1,2,1,3,86,300,600,1,5
767,,,2,1,2,1,0,58,420,540,2,5
768,,,14,1,2,2,93,90,300,600,1,5
769,,,4,1,2,2,64,63,420,540,1,5
770,,,10,1,2,2,74,62,420,540,4,5
771,,,10,1,2,1,3,6,300,600,3,5
772,,,9,1,2,1,39,27,420,540,3,5
773,,,5,1,2,2,9,46,420,540,2,5
774,,,13,2,2,2,36,77,180,300,4,5
775,,,2,1,2,2,9,71,300,600,3,5
776,,,8,1,2,2,72,17,420,540,2,5
777,,,11,2,2,2,38,52,0,300,3,5
778,,,15,1,2,1,42,87,420,540,2,5
779,,,4,1,2,2,99,58,420,540,3,5
780,,,11,1,2,1,12,84,300,600,2,5
781,,,8,1,2,2,49,6,420,540,3,5
782,,,13,2,2,2,5,1,0,300,1,5
783,,,11,2,2,1,47,39,60,180,3,5
784,,,8,1,2,2,22,58,300,600,3,5
785,,,15,1,2,2,87,4,300,600,1,5
786,,,10,1,2,2,8,51,420,540,4,5
787,,,11,1,2,2,1,86,420,540,3,5
788,,,10,1,2,2,60,23,300,600,3,5
789,,,9,2,2,1,0,57,180,300,2,5
790,,,14,1,2,1,88,94,420,540,2,5
791,,,14,2,2,2,15,25,300,420,3,5
792,,,12,1,2,2,21,80,420,540,2,5
793,,,13,1,2,1,89,89,420,540,1,5
794,,,5,2,2,1,47,63,60,180,3,5
795,,,14,1,2,2,34,58,420,540,4,5
796,,,2,1,2,2,51,94,420,540,4,5
797,,,5,2,2,2,56,99,60,180,3,5
798,,,8,1,2,1,81,53,420,540,3,5
799,,,10,1,2,1,85,45,420,540,3,5
800,,,2,1,2,1,23,77,420,540,3,5
801,,,15,1,2,2,14,10,300,600,1,5
802,,,15,1,2,1,63,50,300,600,2,5
803,,,14,1,2,2,10,7,420,540,1,5
804,,,5,2,2,2,58,1,420,540,2,5
805,,,8,1,2,1,18,3,300,600,4,5
806,,,8,2,2,1,16,89,420,540,2,5
807,,,5,1,2,1,65,47,420,540,1,5
808,,,13,1,2,2,63,83,300,600,1,5
809,,,12,1,2,1,65,78,300,600,3,5
810,,,9,1,2,2,2,97,300,600,1,5
811,,,9,2,2,1,92,80,60,180,4,5
812,,,2,1,2,1,18,92,300,600,2,5
813,,,14,2,2,2,32,94,0,300,1,5
814,,,15,2,2,2,93,60,300,420,1,5
815,,,7,1,2,2,96,59,420,540,4,5
816,,,16,1,2,2,77,14,420,540,2,5
817,,,5,2,2,2,21,8,180,300,4,5
818,,,12,1,2,2,45,15,420,540,4,5
819,,,11,1,2,2,7,4,420,540,4,5
820,,,9,1,2,1,57,70,420,540,1,5
821,,,3,1,2,2,38,87,300,600,2,5
822,,,15,1,2,2,31,100,300,600,3,5
823,,,15,1,2,1,97,98,420,540,4,5
824,,,16,1,2,2,41,77,300,600,3,5
825,,,14,1,2,2,13,22,300,600,3,5
826,,,14,1,2,2,75,43,420,540,2,5
827,,,7,2,2,2,71,14,180,300,1,5
828,,,4,2,2,2,30,7,0,300,1,5
829,,,10,2,2,2,23,8,300,600,2,5
830,,,10,2,2,2,68,53,0,300,2,5
831,,,14,2,2,1,40,24,0,300,2,5
832,,,10,1,2,2,81,49,420,540,2,5
833,,,2,2,2,2,67,14,60,180,3,5
834,,,14,2,2,2,34,74,420,540,1,5
835,,,11,2,2,2,81,21,300,600,2,5
836,,,6,1,2,1,67,76,300,600,3,5
837,,,6,1,2,1,29,79,420,540,4,5
838,,,7,1,2,2,26,64,300,600,3,5
839,,,10,1,2,2,89,49,420,540,4,5
840,,,6,1,2,2,33,55,420,540,3,5
841,,,5,1,2,1,21,8,420,540,2,5
842,,,11,1,2,1,79,88,300,600,4,5
843,,,1,1,2,1,18,95,420,540,3,5
844,,,14,1,2,2,21,81,300,600,2,5
845,,,11,2,2,1,91,20,180,300,1,5
846,,,4,1,2,2,27,71,300,600,2,5
847,,,6,1,2,2,58,95,300,600,2,5
848,,,3,1,2,1,84,54,300,600,3,5
849,,,6,1,2,2,88,81,300,600,3,5
850,,,13,2,2,2,82,47,0,300,1,5
851,,,11,1,2,1,31,66,420,540,4,5
852,,,6,2,2,2,74,88,0,300,1,5
853,,,6,2,2,1,26,12,300,420,4,5
854,,,2,2,2,1,20,65,60,180,4,5
855,,,11,2,2,1,65,18,420,540,1,5
856,,,9,2,2,1,84,56,0,300,3,5
857,,,9,2,2,2,67,2,60,180,2,5
858,,,7,1,2,2,81,2,300,600,3,5
859,,,7,2,2,1,100,39,420,540,4,5
860,,,5,1,2,2,43,88,300,600,1,5
861,,,7,1,2,2,27,11,300,600,3,5
862,,,16,1,2,2,72,57,300,600,2,5
863,,,13,2,2,1,19,68,180,300,1,5
864,,,11,2,2,2,6,8,60,180,4,5
865,,,6,1,2,1,17,65,420,540,1,5
866,,,7,1,2,1,79,12,420,540,3,5
867,,,8,1,2,2,40,4,300,600,1,5
868,,,2,1,2,2,77,23,420,540,1,5
869,,,4,2,2,2,59,96,420,540,4,5
870,,,3,1,2,1,27,12,420,540,2,5
871,,,4,1,2,2,94,48,420,540,2,5
872,,,3,1,2,2,41,88,300,600,3,5
873,,,12,1,2,2,59,72,300,600,4,5
874,,,5,1,2,2,19,97,300,600,3,5
875,,,12,2,2,1,18,49,0,300,1,5
876,,,14,2,2,2,95,93,180,300,1,5
877,,,3,1,2,1,57,13,420,540,3,5
878,,,8,1,2,2,40,98,300,600,1,5
879,,,2,2,2,1,58,96,0,300,2,5
880,,,10,1,2,1,61,16,300,600,2,5
881,,,3,1,2,1,17,68,300,600,2,5
882,,,14,1,2,1,83,38,420,540,4,5
883,,,3,2,2,2,99,54,0,300,1,5
884,,,3,1,2,1,36,99,300,600,2,5
885,,,14,1,2,1,3,36,300,600,1,5
886,,,9,1,2,1,64,64,300,600,1,5
887,,,11,1,2,1,9,70,300,600,4,5
888,,,9,1,2,2,66,62,420,540,3,5
889,,,8,1,2,1,14,41,420,540,3,5
890,,,12,1,2,2,95,7,300,600,1,5
891,,,8,1,2,2,66,13,300,600,3,5
892,,,13,1,2,2,87,67,300,600,2,5
893,,,14,1,2,1,3,79,300,600,1,5
894,,,11,1,2,2,20,51,420,540,4,5
895,,,14,1,2,1,92,69,420,540,2,5
896,,,8,1,2,2,22,10,420,540,2,5
897,,,8,1,2,2,17,63,420,540,4,5
898,,,2,1,2,1,63,48,300,600,4,5
899,,,14,1,2,2,28,44,300,600,2,5
900,,,14,1,2,1,73,42,300,600,1,5
901,,,6,1,2,1,51,22,300,600,3,5
902,,,4,1,2,1,15,59,420,540,2,5
903,,,8,2,2,1,32,76,0,300,1,5
904,,,12,2,2,2,92,69,0,300,3,5
905,,,7,2,2,1,42,82,60,180,2,5
906,,,5,1,2,2,2,65,300,600,4,5
907,,,4,1,2,2,20,21,420,540,3,5
908,,,11,1,2,1,97,26,300,600,4,5
909,,,10,1,2,1,86,82,420,540,2,5
910,,,7,1,2,1,82,23,300,600,4,5
911,,,12,1,2,2,17,32,420,540,3,5
912,,,12,1,2,2,17,82,420,540,4,5
913,,,11,1,2,2,63,92,420,540,2,5
914,,,5,2,2,2,79,76,180,300,1,5
915,,,11,1,2,2,90,12,300,600,3,5
916,,,3,1,2,2,79,30,420,540,3,5
917,,,7,2,2,1,74,53,420,540,2,5
918,,,11,1,2,1,83,21,420,540,2,5
919,,,15,2,2,2,37,18,420,540,2,5
920,,,7,1,2,2,25,38,300,600,3,5
921,,,7,2,2,1,21,29,420,540,3,5
922,,,5,1,2,2,77,99,300,600,4,5
923,,,4,1,2,2,33,44,300,600,1,5
924,,,7,1,2,2,74,94,420,540,4,5
925,,,14,2,2,2,46,98,180,300,4,5
926,,,10,1,2,2,74,6,300,600,2,5
927,,,11,1,2,1,54,27,300,600,3,5
928,,,14,1,2,1,33,21,300,600,4,5
929,,,12,1,2,1,35,9,300,600,1,5
930,,,3,1,2,2,26,8,420,540,4,5
931,,,14,1,2,2,76,83,300,600,1,5
932,,,8,1,2,2,39,98,300,600,1,5
933,,,7,1,2,2,10,79,300,600,2,5
934,,,8,1,2,1,61,61,300,600,1,5
935,,,10,1,2,1,61,68,300,600,4,5
936,,,14,1,2,2,78,92,420,540,2,5
937,,,6,1,2,1,69,74,300,600,3,5
938,,,9,1,2,1,49,10,420,540,2,5
939,,,7,2,2,1,21,16,420,540,1,5
940,,,6,1,2,1,33,2,420,540,1,5
941,,,7,1,2,2,17,79,420,540,1,5
942,,,3,2,2,1,33,24,180,300,2,5
943,,,12,1,2,2,90,93,420,540,1,5
944,,,2,2,2,2,46,87,0,300,2,5
945,,,7,1,2,2,8,0,420,540,3,5
946,,,12,1,2,1,74,53,300,600,3,5
947,,,16,1,2,2,79,9,300,600,1,5
948,,,4,2,2,2,3,20,180,300,3,5
949,,,4,1,2,1,67,74,420,540,2,5
950,,,8,1,2,1,60,72,300,600,3,5
951,,,3,1,2,1,0,92,420,540,4,5
952,,,6,1,2,2,92,54,300,600,3,5
953,,,6,1,2,1,34,17,420,540,3,5
954,,,9,1,2,2,83,79,420,540,1,5
955,,,5,1,2,1,43,7,420,540,1,5
956,,,7,1,2,1,16,57,420,540,3,5
957,,,2,1,2,1,34,4,300,600,2,5
958,,,7,1,2,1,87,49,300,600,2,5
959,,,7,1,2,1,2,19,420,540,3,5
960,,,12,2,2,2,74,93,180,300,2,5
961,,,7,1,2,2,48,5,300,600,4,5
962,,,14,2,2,2,100,94,300,420,1,5
963,,,2,1,2,1,46,5,420,540,3,5
964,,,15,1,2,2,71,86,420,540,3,5
965,,,12,1,2,1,52,81,300,600,4,5
966,,,14,2,2,2,4,70,0,300,3,5
967,,,14,1,2,2,30,75,420,540,3,5
968,,,8,2,2,1,46,4,300,600,4,5
969,,,5,1,2,2,1,52,300,600,2,5
970,,,9,1,2,2,61,76,300,600,2,5
971,,,9,1,2,1,15,7,420,540,2,5
972,,,11,1,2,1,12,99,420,540,1,5
973,,,2,1,2,1,6,68,420,540,1,5
974,,,3,1,2,2,33,37,300,600,3,5
975,,,10,2,2,2,56,70,300,420,1,5
976,,,11,2,2,1,33,36,300,600,1,5
977,,,8,1,2,1,0,6,420,540,3,5
978,,,8,2,2,1,6,57,300,600,1,5
979,,,5,1,2,2,94,95,420,540,4,5
980,,,8,1,2,1,60,78,420,540,4,5
981,,,15,1,2,2,9,90,420,540,4,5
982,,,4,1,2,2,67,62,300,600,3,5
983,,,3,1,2,2,20,47,300,600,4,5
984,,,9,2,2,1,41,89,180,300,3,5
985,,,11,2,2,2,32,95,180,300,2,5
986,,,7,1,2,2,86,40,300,600,3,5
987,,,14,1,2,2,71,74,300,600,4,5
988,,,4,1,2,1,80,38,420,540,1,5
989,,,14,1,2,2,91,49,300,600,1,5
990,,,12,1,2,2,11,39,300,600,2,5
991,,,13,2,2,2,31,51,180,300,4,5
992,,,7,1,2,1,65,48,420,540,4,5
993,,,14,1,2,2,13,72,420,540,3,5
994,,,8,1,2,2,75,73,300,600,3,5
995,,,11,2,2,1,4,45,420,540,3,5
996,,,15,1,2,2,10,78,420,540,4,5
997,,,5,2,2,1,39,18,300,420,2,5
998,,,5,1,2,1,30,67,300,600,3,5
999,,,3,1,2,2,74,98,300,600,1,5
1000,,,3,2,2,1,2,71,0,300,4,5
1001,,,5,1,2,1,31,59,300,600,3,5
1002,,,8,1,2,2,40,4,300,600,3,5
1003,,,13,1,2,2,51,32,300,600,2,5
1004,,,14,1,2,2,18,69,420,540,4,5
1005,,,9,1,2,2,68,33,300,600,3,5
1006,,,15,1,2,2,12,43,420,540,4,5
1007,,,4,2,2,1,90,44,60,180,1,5
1008,,,5,2,2,2,9,25,0,300,2,5
1009,,,12,1,2,1,13,33,300,600,4,5
1010,,,11,1,2,1,37,1,420,540,3,5
1011,,,7,1,2,2,23,71,420,540,2,5
1012,,,11,2,2,2,72,9,180,300,1,5
1013,,,15,1,2,2,91,3,300,600,2,5
1014,,,6,2,2,1,57,26,300,600,4,5
1015,,,11,1,2,2,76,58,300,600,3,5
1016,,,7,1,2,1,71,51,420,540,1,5
1017,,,4,2,2,2,32,57,180,300,2,5
1018,,,12,1,2,2,55,73,420,540,4,5
1019,,,11,1,2,1,75,82,300,600,1,5
1020,,,2,1,2,1,76,66,300,600,1,5
1021,,,13,1,2,2,46,46,300,600,4,5
1022,,,14,1,2,1,61,10,420,540,1,5
1023,,,11,2,2,2,83,92,420,540,1,5
1024,,,9,1,2,2,18,51,300,600,3,5
1025,,,7,1,2,2,14,100,420,540,1,5
1026,,,12,1,2,1,30,32,300,600,3,5
1027,,,5,1,2,1,70,42,300,600,1,5
1028,,,11,1,2,2,8,17,300,600,2,5
1029,,,14,2,2,1,21,69,300,420,4,5
1030,,,15,1,2,2,20,4,420,540,2,5
1031,,,15,1,2,2,76,81,300,600,2,5
1032,,,15,2,2,2,14,97,180,300,1,5
1033,,,15,2,2,2,81,29,60,180,3,5
1034,,,10,1,2,2,26,91,300,600,4,5
1035,,,8,1,2,1,72,1,300,600,3,5
1036,,,13,1,2,2,11,82,300,600,1,5
1037,,,10,2,2,1,89,67,300,420,3,5
1038,,,5,1,2,1,51,94,300,600,3,5
1039,,,2,1,2,1,61,57,300,600,3,5
1040,,,13,1,2,1,2,59,420,540,3,5
1041,,,15,1,2,1,21,79,420,540,2,5
1042,,,12,1,2,1,84,48,300,600,3,5
1043,,,12,2,2,2,26,73,420,540,3,5
1044,,,5,1,2,2,74,19,300,600,2,5
1045,,,14,1,2,2,11,8,300,600,3,5
1046,,,14,2,2,1,35,23,300,420,2,5
1047,,,5,1,2,2,69,65,420,540,2,5
1048,,,7,2,2,2,2,82,300,600,4,5
1049,,,14,1,2,2,32,47,300,600,4,5
1050,,,10,1,2,1,66,5,420,540,3,5
1051,,,15,1,2,2,64,95,420,540,4,5
1052,,,6,2,2,1,82,97,60,180,1,5
1053,,,12,1,2,2,21,16,300,600,4,5
1054,,,6,1,2,2,54,50,300,600,4,5
1055,,,2,2,2,2,22,6,420,540,4,5
1056,,,7,1,2,1,39,2,420,540,3,5
1057,,,14,1,2,2,1,92,420,540,3,5
1058,,,8,2,2,1,100,73,420,540,3,5
1059,,,5,1,2,1,74,12,420,540,4,5
1060,,,15,1,2,2,8,81,420,540,4,5
1061,,,8,2,2,2,61,0,0,300,4,5
1062,,,15,1,2,2,4,47,420,540,1,5
1063,,,13,1,2,1,56,79,420,540,3,5
1064,,,9,2,2,1,65,13,180,300,2,5
1065,,,6,2,2,2,67,86,180,300,1,5
1066,,,13,1,2,1,88,26,300,600,3,5
1067,,,8,1,2,1,2,35,420,540,4,5
1068,,,14,1,2,1,12,65,420,540,4,5
1069,,,13,1,2,1,41,10,420,540,2,5
1070,,,2,1,2,1,8,44,300,600,4,5
1071,,,5,1,2,1,32,40,420,540,3,5
1072,,,6,1,2,1,42,39,420,540,2,5
1073,,,15,2,2,1,36,53,420,540,2,5
1074,,,4,1,2,1,68,94,300,600,4,5
1075,,,5,1,2,2,98,9,420,540,1,5
1076,,,3,1,2,1,98,53,300,600,4,5
1077,,,11,2,2,2,34,7,420,540,3,5
1078,,,4,2,2,2,15,95,0,300,3,5
1079,,,7,1,2,2,55,23,420,540,4,5
1080,,,10,1,2,2,75,24,300,600,3,5
1081,,,11,1,2,1,62,15,300,600,1,5
1082,,,6,1,2,2,10,25,300,600,2,5
1083,,,8,1,2,1,35,25,420,540,2,5
1084,,,12,2,2,2,90,85,420,540,1,5
1085,,,5,1,2,1,55,79,420,540,2,5
1086,,,14,1,2,1,39,95,300,600,4,5
1087,,,15,1,2,2,74,68,300,600,2,5
1088,,,2,1,2,2,16,9,420,540,2,5
1089,,,5,2,2,2,8,5,180,300,4,5
1090,,,9,1,2,1,70,47,420,540,1,5
1091,,,14,2,2,1,74,91,0,300,2,5
1092,,,7,1,2,2,3,86,300,600,1,5
1093,,,4,1,2,1,93,3,300,600,2,5
1094,,,14,1,2,2,80,72,300,600,1,5
1095,,,13,2,2,2,22,29,300,420,2,5
1096,,,7,1,2,1,27,83,300,600,3,5
1097,,,8,1,2,2,56,51,300,600,4,5
1098,,,9,1,2,1,6,88,420,540,4,5
1099,,,9,1,2,2,80,89,420,540,2,5
1100,,,2,1,2,2,12,65,300,600,2,5
1101,,,2,2,2,2,59,83,300,420,2,5
1102,,,15,1,2,2,32,66,420,540,2,5
1103,,,7,2,2,1,73,70,0,300,3,5
1104,,,13,1,2,1,57,84,420,540,3,5
1105,,,6,1,2,2,41,81,420,540,1,5
1106,,,2,1,2,2,63,46,300,600,1,5
1107,,,7,1,2,2,98,38,420,540,1,5
1108,,,5,1,2,2,4,57,300,600,4,5
1109,,,13,2,2,1,24,0,0,300,4,5
1110,,,12,1,2,2,11,90,420,540,3,5
1111,,,3,1,2,1,75,29,300,600,2,5
1112,,,10,2,2,1,40,56,60,180,1,5
1113,,,4,1,2,1,99,81,300,600,2,5
1114,,,15,2,2,1,59,79,60,180,3,5
1115,,,12,1,2,1,91,13,300,600,1,5
1116,,,6,1,2,2,53,48,300,600,3,5
1117,,,10,2,2,2,61,20,0,300,3,5
1118,,,10,1,2,2,1,5,300,600,1,5
1119,,,10,1,2,2,62,91,300,600,1,5
1120,,,11,1,2,2,35,34,420,540,4,5
1121,,,2,1,2,2,6,82,300,600,1,5
1122,,,6,1,2,1,89,25,300,600,4,5
1123,,,4,2,2,2,41,15,60,180,3,5
1124,,,7,1,2,1,42,50,420,540,4,5
1125,,,7,2,2,2,1,12,180,300,2,5
1126,,,7,1,2,2,23,25,300,600,4,5
1127,,,10,1,2,2,60,87,300,600,3,5
1128,,,11,1,2,1,62,16,300,600,1,5
1129,,,14,1,2,2,49,28,300,600,4,5
1130,,,8,1,2,2,96,5,420,540,2,5
1131,,,9,2,2,1,8,70,180,300,1,5
1132,,,12,2,2,2,9,69,420,540,2,5
1133,,,12,1,2,2,75,76,300,600,3,5
1134,,,3,1,2,1,54,67,420,540,1,5
1135,,,12,1,2,1,14,9,420,540,3,5
1136,,,7,1,2,1,96,90,300,600,2,5
1137,,,13,2,2,2,41,84,0,300,2,5
1138,,,10,2,2,2,10,21,180,300,4,5
1139,,,14,2,2,2,16,53,300,600,3,5
1140,,,14,1,2,2,79,89,300,600,4,5
1141,,,8,2,2,1,38,59,300,600,3,5
1142,,,2,1,2,2,35,68,420,540,1,5
1143,,,11,1,2,2,50,10,420,540,3,5
1144,,,15,2,2,1,69,18,180,300,1,5
1145,,,6,2,2,2,1,89,180,300,3,5
1146,,,10,1,2,2,52,86,300,600,3,5
1147,,,15,2,2,2,40,93,0,300,4,5
1148,,,11,1,2,1,15,71,300,600,4,5
1149,,,8,1,2,2,95,53,300,600,3,5
1150,,,7,1,2,1,18,3,300,600,1,5
1151,,,11,1,2,1,79,76,420,540,3,5
1152,,,3,1,2,2,34,32,300,600,3,5
1153,,,9,1,2,1,55,55,300,600,1,5
1154,,,3,1,2,2,48,70,420,540,3,5
1155,,,8,2,2,1,77,57,180,300,3,5
1156,,,13,2,2,1,100,43,60,180,4,5
1157,,,16,1,2,1,71,10,420,540,3,5
1158,,,6,1,2,2,61,39,300,600,1,5
1159,,,4,1,2,2,90,66,300,600,1,5
1160,,,7,1,2,2,98,16,420,540,1,5
1161,,,13,1,2,2,8,87,420,540,3,5
1162,,,13,2,2,1,45,17,0,300,4,5
1163,,,11,1,2,1,0,61,300,600,4,5
1164,,,3,1,2,1,91,17,420,540,3,5
1165,,,8,1,2,2,36,73,300,600,4,5
1166,,,5,1,2,1,79,94,420,540,1,5
1167,,,11,1,2,1,95,93,300,600,3,5
1168,,,7,2,2,2,37,47,60,180,1,5
1169,,,15,2,2,1,90,99,180,300,3,5
1170,,,12,2,2,1,27,6,300,420,1,5
1171,,,3,1,2,2,54,13,300,600,3,5
1172,,,7,1,2,1,57,40,420,540,3,5
1173,,,5,1,2,2,51,10,420,540,3,5
1174,,,13,2,2,2,30,80,300,600,1,5
1175,,,1,1,2,1,8,76,420,540,4,5
1176,,,10,1,2,1,41,4,420,540,1,5
1177,,,7,1,2,2,49,81,420,540,2,5
1178,,,13,2,2,1,68,70,420,540,4,5
1179,,,14,1,2,1,79,16,420,540,1,5
1180,,,6,2,2,1,82,100,0,300,1,5
1181,,,11,1,2,1,61,20,300,600,2,5
1182,,,4,1,2,1,15,34,300,600,1,5
1183,,,7,1,2,1,18,12,300,600,2,5
1184,,,2,2,2,1,28,85,420,540,1,5
1185,,,3,2,2,2,19,40,60,180,4,5
1186,,,13,2,2,2,59,41,420,540,1,5
1187,,,4,1,2,1,18,70,300,600,1,5
1188,,,13,1,2,1,95,48,300,600,2,5
1189,,,7,2,2,2,72,44,420,540,4,5
1190,,,2,1,2,1,73,49,300,600,2,5
1191,,,12,2,2,2,89,70,60,180,1,5
1192,,,11,1,2,2,77,40,300,600,4,5
1193,,,9,1,2,2,54,18,420,540,2,5
1194,,,13,2,2,2,3,54,0,300,1,5
1195,,,10,1,2,1,6,69,300,600,4,5
1196,,,10,1,2,2,75,71,300,600,2,5
1197,,,12,1,2,1,92,70,420,540,3,5
1198,,,9,1,2,2,71,43,420,540,1,5
1199,,,6,1,2,1,5,64,420,540,4,5
1200,,,1,1,2,1,1,27,420,540,4,5
1201,,,14,1,2,2,14,53,420,540,2,5
1202,,,2,1,2,1,30,34,420,540,1,5
1203,,,11,2,2,2,12,54,0,300,3,5
1204,,,9,1,2,1,26,26,300,600,4,5
1205,,,8,1,2,2,18,89,420,540,3,5
1206,,,5,1,2,1,79,92,300,600,2,5
1207,,,9,1,2,1,10,50,300,600,3,5
1208,,,11,1,2,1,25,97,300,600,2,5
1209,,,6,1,2,2,13,17,420,540,3,5
1210,,,2,2,2,1,25,65,180,300,3,5
1211,,,8,2,2,1,14,21,60,180,4,5
1212,,,6,1,2,1,48,26,420,540,2,5
1213,,,7,2,2,1,22,1,420,540,3,5
1214,,,2,1,2,1,54,10,300,600,3,5
1215,,,2,1,2,2,0,54,300,600,2,5
1216,,,6,1,2,1,34,42,420,540,4,5
1217,,,10,1,2,2,61,32,420,540,1,5
1218,,,2,1,2,1,40,94,420,540,4,5
1219,,,8,1,2,2,97,48,420,540,1,5
1220,,,7,1,2,2,50,44,300,600,3,5
1221,,,11,1,2,1,16,53,420,540,4,5
1222,,,3,1,2,1,64,86,300,600,2,5
1223,,,10,1,2,1,52,9,300,600,2,5
1224,,,12,1,2,2,94,81,300,600,2,5
1225,,,3,1,2,1,72,73,300,600,4,5
1226,,,13,2,2,2,39,27,60,180,3,5
1227,,,9,1,2,1,11,91,300,600,3,5
1228,,,7,1,2,1,77,18,420,540,1,5
1229,,,6,1,2,1,58,6,300,600,2,5
1230,,,15,1,2,2,51,17,420,540,1,5
1231,,,12,1,2,2,0,10,300,600,2,5
1232,,,1,1,2,2,9,50,300,600,4,5
1233,,,12,1,2,1,100,65,420,540,2,5
1234,,,6,1,2,1,91,29,420,540,2,5
1235,,,3,1,2,2,50,5,300,600,4,5
1236,,,11,1,2,1,80,78,300,600,1,5
1237,,,4,1,2,1,96,7,300,600,4,5
1238,,,3,1,2,2,17,29,420,540,4,5
1239,,,6,1,2,2,100,92,300,600,3,5
1240,,,4,1,2,1,94,57,300,600,4,5
1241,,,14,1,2,1,9,13,300,600,1,5
1242,,,2,1,2,1,80,39,300,600,2,5
1243,,,7,1,2,2,79,6,300,600,4,5
1244,,,2,1,2,1,47,31,300,600,3,5
1245,,,12,1,2,1,20,54,300,600,4,5
1246,,,15,2,2,1,70,13,0,300,2,5
1247,,,6,1,2,2,80,60,420,540,3,5
1248,,,2,1,2,1,94,26,300,600,3,5
1249,,,6,1,2,2,66,90,420,540,3,5
1250,,,6,2,2,1,90,47,60,180,4,5
1251,,,11,1,2,1,95,76,300,600,1,5
1252,,,5,1,2,1,9,31,420,540,2,5
1253,,,4,1,2,1,50,32,420,540,4,5
1254,,,10,1,2,2,64,54,420,540,3,5
1255,,,6,1,2,2,64,44,300,600,3,5
1256,,,11,1,2,1,7,50,420,540,2,5
1257,,,15,1,2,1,77,33,300,600,1,5
1258,,,11,1,2,1,100,31,420,540,4,5
1259,,,15,2,2,2,62,60,420,540,2,5
1260,,,12,2,2,1,20,92,0,300,1,5
1261,,,16,1,2,2,91,32,300,600,4,5
1262,,,7,1,2,1,42,96,300,600,3,5
1263,,,14,2,2,2,69,0,60,180,2,5
1264,,,4,2,2,1,38,70,420,540,3,5
1265,,,13,1,2,1,91,69,420,540,2,5
1266,,,4,1,2,2,43,50,420,540,4,5
1267,,,8,1,2,1,82,18,420,540,2,5
1268,,,12,1,2,2,6,85,300,600,1,5
1269,,,10,1,2,1,43,43,420,540,1,5
1270,,,6,1,2,2,33,54,420,540,3,5
1271,,,5,2,2,2,37,63,60,180,4,5
1272,,,14,1,2,2,26,42,420,540,3,5
1273,,,10,1,2,1,16,43,300,600,4,5
1274,,,4,2,2,2,87,22,60,180,1,5
1275,,,9,1,2,2,87,18,420,540,2,5
1276,,,16,1,2,2,88,12,420,540,3,5
1277,,,13,1,2,2,84,80,300,600,4,5
1278,,,10,1,2,2,12,0,420,540,3,5
1279,,,15,1,2,1,65,21,420,540,1,5
1280,,,5,1,2,1,56,87,300,600,3,5
1281,,,16,1,2,1,83,31,300,600,3,5
1282,,,9,1,2,2,7,64,300,600,3,5
1283,,,3,1,2,2,40,39,420,540,2,5
1284,,,5,1,2,1,15,86,420,540,4,5
1285,,,2,1,2,1,74,92,420,540,2,5
1286,,,4,2,2,2,63,42,60,180,2,5
1287,,,2,1,2,1,12,42,300,600,4,5
1288,,,3,1,2,2,22,52,300,600,4,5
1289,,,12,1,2,2,100,0,300,600,3,5
1290,,,14,2,2,1,28,6,60,180,2,5
1291,,,3,1,2,2,45,44,300,600,1,5
1292,,,6,1,2,2,26,28,300,600,1,5
1293,,,9,1,2,2,18,69,420,540,1,5
1294,,,4,1,2,2,83,11,300,600,4,5
1295,,,9,1,2,2,56,73,300,600,3,5
1296,,,12,1,2,2,77,90,300,600,2,5
1297,,,11,1,2,1,96,94,420,540,1,5
1298,,,9,1,2,1,85,26,420,540,3,5
1299,,,9,2,2,1,12,88,0,300,2,5
1300,,,15,2,2,2,1,18,180,300,2,5
1301,,,16,1,2,1,39,29,300,600,2,5
1302,,,6,1,2,1,26,95,300,600,4,5
1303,,,5,1,2,2,21,62,420,540,2,5
1304,,,5,1,2,1,19,56,300,600,1,5
1305,,,5,1,2,2,61,25,420,540,1,5
1306,,,10,1,2,1,8,41,420,540,1,5
1307,,,11,2,2,2,82,80,0,300,2,5
1308,,,2,2,2,1,42,25,0,300,2,5
1309,,,3,1,2,1,82,85,420,540,3,5
1310,,,10,1,2,1,0,51,300,600,4,5
1311,,,10,2,2,1,8,73,60,180,4,5
1312,,,10,1,2,2,9,1,420,540,2,5
1313,,,12,1,2,1,59,52,420,540,4,5
1314,,,3,1,2,1,40,51,420,540,3,5
1315,,,6,1,2,2,97,71,300,600,2,5
1316,,,14,1,2,1,66,94,300,600,2,5
1317,,,12,1,2,1,38,72,300,600,2,5
1318,,,4,1,2,1,45,46,300,600,2,5
1319,,,1,1,2,1,1,49,300,600,4,5
1320,,,2,1,2,1,83,3,300,600,1,5
1321,,,13,1,2,2,32,27,300,600,4,5
1322,,,11,2,2,2,86,75,300,600,1,5
1323,,,14,2,2,2,0,87,420,540,4,5
1324,,,8,1,2,1,85,80,420,540,1,5
1325,,,8,2,2,1,46,9,420,540,4,5
1326,,,6,1,2,1,74,77,300,600,2,5
1327,,,11,1,2,1,81,26,300,600,4,5
1328,,,5,1,2,1,27,75,420,540,2,5
1329,,,14,1,2,2,82,72,420,540,3,5
1330,,,15,2,2,2,75,88,60,180,2,5
1331,,,3,1,2,1,71,16,420,540,3,5
1332,,,4,2,2,1,46,35,60,180,2,5
1333,,,2,1,2,2,0,79,300,600,1,5
1334,,,10,1,2,1,6,83,300,600,4,5
1335,,,15,1,2,2,52,56,420,540,4,5
1336,,,8,1,2,2,55,22,420,540,1,5
1337,,,7,2,2,2,74,31,180,300,4,5
1338,,,4,1,2,2,52,62,300,600,3,5
1339,,,11,1,2,1,96,69,300,600,2,5
1340,,,11,2,2,2,36,38,60,180,2,5
1341,,,6,2,2,2,23,10,420,540,2,5
1342,,,11,1,2,1,52,15,300,600,1,5
1343,,,6,1,2,2,81,72,300,600,4,5
1344,,,4,1,2,2,56,88,420,540,4,5
1345,,,14,1,2,1,62,72,420,540,2,5
1346,,,2,1,2,1,64,84,300,600,3,5
1347,,,5,1,2,2,23,76,420,540,4,5
1348,,,3,1,2,1,37,22,420,540,2,5
1349,,,11,1,2,2,61,71,420,540,1,5
1350,,,3,2,2,2,90,27,60,180,1,5
1351,,,7,1,2,1,61,92,420,540,2,5
1352,,,12,1,2,2,31,36,420,540,1,5
1353,,,14,1,2,2,50,6,300,600,4,5
1354,,,14,2,2,1,22,77,420,540,1,5
1355,,,7,2,2,2,17,44,300,600,2,5
1356,,,9,1,2,2,51,4,420,540,2,5
1357,,,4,1,2,1,32,62,420,540,2,5
1358,,,10,1,2,2,56,73,300,600,2,5
1359,,,14,2,2,2,71,42,300,600,1,5
1360,,,6,1,2,1,26,17,300,600,4,5
1361,,,6,1,2,2,9,18,300,600,4,5
1362,,,14,2,2,2,47,6,0,300,1,5
1363,,,8,1,2,1,68,21,300,600,4,5
1364,,,13,1,2,2,89,24,300,600,2,5
1365,,,9,1,2,1,77,43,300,600,1,5
1366,,,9,1,2,1,67,8,420,540,1,5
1367,,,14,2,2,2,60,58,0,300,1,5
1368,,,14,2,2,2,40,39,0,300,4,5
1369,,,11,1,2,1,43,59,300,600,1,5
1370,,,8,1,2,2,99,58,420,540,1,5
1371,,,15,1,2,1,54,13,420,540,1,5
1372,,,8,1,2,1,13,18,420,540,1,5
1373,,,9,1,2,1,9,0,300,600,1,5
1374,,,2,1,2,2,81,34,300,600,4,5
1375,,,1,1,2,1,62,52,300,600,3,5
1376,,,5,1,2,1,76,45,420,540,3,5
1377,,,4,1,2,1,68,97,420,540,4,5
1378,,,14,1,2,1,64,47,300,600,2,5
1379,,,15,2,2,1,77,89,420,540,3,5
1380,,,11,2,2,1,16,51,60,180,2,5
1381,,,8,1,2,2,17,8,300,600,3,5
1382,,,4,2,2,2,0,97,420,540,4,5
1383,,,16,1,2,1,90,73,420,540,1,5
1384,,,12,1,2,2,23,3,420,540,4,5
1385,,,11,2,2,1,45,47,300,420,1,5
1386,,,13,2,2,1,57,32,60,180,4,5
1387,,,7,2,2,2,65,9,180,300,1,5
1388,,,5,1,2,2,78,2,420,540,1,5
1389,,,5,1,2,1,65,73,300,600,3,5
1390,,,3,2,2,1,12,50,0,300,1,5
1391,,,6,1,2,2,8,31,300,600,3,5
1392,,,6,1,2,2,39,96,420,540,1,5
1393,,,2,1,2,1,13,38,420,540,2,5
1394,,,5,1,2,2,55,43,420,540,4,5
1395,,,11,2,2,2,62,9,420,540,4,5
1396,,,12,1,2,1,55,80,420,540,4,5
1397,,,9,1,2,1,39,77,420,540,3,5
1398,,,12,1,2,2,2,65,420,540,1,5
1399,,,13,1,2,2,88,12,420,540,2,5
1400,,,11,2,2,2,80,81,300,600,1,5
1401,,,7,1,2,2,84,75,420,540,3,5
1402,,,4,2,2,1,7,27,60,180,2,5
1403,,,9,1,2,2,28,29,300,600,1,5
1404,,,15,2,2,1,0,82,300,420,2,5
1405,,,13,2,2,1,53,1,60,180,3,5
1406,,,15,2,2,1,64,14,300,420,2,5
1407,,,13,1,2,1,23,64,300,600,3,5
1408,,,2,2,2,2,63,71,0,300,3,5
1409,,,2,1,2,2,3,47,420,540,1,5
1410,,,12,1,2,2,6,99,420,540,3,5
1411,,,5,2,2,1,46,51,180,300,2,5
1412,,,5,1,2,2,46,86,420,540,3,5
1413,,,2,1,2,1,51,49,420,540,2,5
1414,,,14,1,2,2,40,83,300,600,2,5
1415,,,10,1,2,1,59,26,300,600,4,5
1416,,,2,1,2,2,36,98,420,540,1,5
1417,,,10,2,2,2,96,33,60,180,4,5
1418,,,10,1,2,2,32,25,300,600,4,5
1419,,,12,1,2,2,34,12,420,540,1,5
1420,,,14,1,2,1,69,92,420,540,4,5
1421,,,2,1,2,1,6,50,300,600,3,5
1422,,,5,2,2,1,68,32,60,180,1,5
1423,,,4,1,2,1,65,83,300,600,4,5
1424,,,7,1,2,1,36,47,420,540,4,5
1425,,,9,1,2,1,50,38,300,600,2,5
1426,,,12,1,2,1,74,73,420,540,1,5
1427,,,8,2,2,1,82,59,60,180,1,5
1428,,,13,1,2,1,78,81,300,600,1,5
1429,,,14,1,2,1,68,62,420,540,1,5
1430,,,12,2,2,1,82,46,60,180,3,5
1431,,,5,1,2,1,54,20,420,540,3,5
1432,,,2,1,2,2,99,15,420,540,1,5
1433,,,12,2,2,1,92,60,300,420,2,5
1434,,,5,1,2,1,31,84,420,540,3,5
1435,,,2,2,2,1,72,64,300,420,1,5
1436,,,3,2,2,1,60,91,180,300,4,5
1437,,,3,2,2,2,33,6,0,300,1,5
1438,,,15,1,2,1,54,82,420,540,4,5
1439,,,10,1,2,2,61,64,420,540,2,5
1440,,,2,1,2,2,58,50,300,600,4,5
1441,,,9,1,2,1,80,57,420,540,2,5
1442,,,13,1,2,1,76,9,420,540,3,5
1443,,,11,1,2,2,46,80,420,540,3,5
1444,,,3,1,2,2,83,83,420,540,3,5
1445,,,10,1,2,1,91,49,300,600,2,5
1446,,,2,1,2,1,87,73,420,540,4,5
1447,,,5,1,2,2,17,58,420,540,1,5
1448,,,10,1,2,1,64,84,420,540,1,5
1449,,,11,1,2,1,31,81,300,600,2,5
1450,,,5,2,2,2,72,27,180,300,2,5
1451,,,12,1,2,2,89,45,300,600,4,5
1452,,,9,1,2,2,70,94,300,600,2,5
1453,,,13,2,2,1,21,51,300,420,3,5
1454,,,7,1,2,1,24,41,420,540,2,5
1455,,,6,1,2,2,0,89,420,540,3,5
1456,,,10,1,2,1,35,54,420,540,2,5
1457,,,13,1,2,1,33,46,300,600,3,5
1458,,,9,1,2,1,54,73,300,600,1,5
1459,,,7,2,2,2,83,3,0,300,2,5
1460,,,12,1,2,2,51,71,420,540,2,5
1461,,,7,1,2,1,0,61,420,540,4,5
1462,,,14,1,2,1,0,84,300,600,4,5
1463,,,11,2,2,1,94,31,300,420,3,5
1464,,,8,1,2,2,61,70,420,540,3,5
1465,,,4,1,2,2,77,36,300,600,3,5
1466,,,4,1,2,2,15,62,420,540,2,5
1467,,,3,1,2,2,25,47,420,540,1,5
1468,,,14,1,2,1,63,38,300,600,3,5
1469,,,4,1,2,2,96,5,420,540,1,5
1470,,,8,1,2,1,48,15,420,540,2,5
1471,,,9,2,2,1,3,15,180,300,3,5
1472,,,14,1,2,1,5,47,300,600,4,5
1473,,,10,1,2,2,88,40,300,600,4,5
1474,,,8,1,2,2,96,69,300,600,2,5
1475,,,13,1,2,1,34,80,300,600,3,5
1476,,,11,1,2,1,20,39,420,540,1,5
1477,,,4,2,2,1,31,4,300,600,4,5
1478,,,11,1,2,1,95,51,420,540,2,5
1479,,,6,2,2,1,13,25,300,420,4,5
1480,,,9,2,2,2,3,5,300,600,1,5
1481,,,2,1,2,1,92,43,420,540,1,5
1482,,,8,2,2,2,50,28,300,600,2,5
1483,,,14,1,2,1,8,43,420,540,3,5
1484,,,7,2,2,2,5,47,420,540,4,5
1485,,,11,2,2,1,24,88,0,300,2,5
1486,,,12,1,2,2,43,51,300,600,2,5
1487,,,2,2,2,1,2,17,180,300,1,5
1488,,,7,1,2,1,68,19,420,540,4,5
1489,,,7,1,2,1,38,59,420,540,4,5
1490,,,6,1,2,1,26,100,420,540,1,5
1491,,,13,2,2,2,68,88,300,600,2,5
1492,,,7,1,2,1,66,23,420,540,1,5
1493,,,9,1,2,1,31,32,420,540,4,5
1494,,,2,2,2,2,56,36,180,300,1,5
1495,,,6,1,2,1,16,52,420,540,4,5
1496,,,8,2,2,1,45,82,420,540,2,5
1497,,,4,1,2,1,52,13,300,600,1,5
1498,,,3,2,2,2,0,72,180,300,3,5
1499,,,7,1,2,2,54,73,300,600,1,5
1500,,,10,1,2,2,86,77,300,600,1,5
1501,,,15,1,2,2,19,99,420,540,3,5
1502,,,12,2,2,2,6,87,0,300,3,5
1503,,,5,1,2,2,65,71,420,540,3,5
1504,,,6,1,2,1,2,11,420,540,3,5
1505,,,6,1,2,2,99,45,420,540,3,5
1506,,,2,1,2,1,66,81,420,540,2,5
1507,,,15,1,2,2,8,9,420,540,2,5
1508,,,10,1,2,2,75,23,300,600,4,5
1509,,,10,1,2,2,27,67,420,540,4,5
1510,,,10,1,2,2,95,2,420,540,4,5
1511,,,2,2,2,2,96,93,420,540,2,5
1512,,,11,1,2,1,96,21,300,600,2,5
1513,,,9,2,2,1,87,36,300,420,4,5
1514,,,15,1,2,1,82,80,300,600,3,5
1515,,,3,1,2,1,81,93,420,540,1,5
1516,,,4,2,2,1,16,39,300,600,4,5
1517,,,5,2,2,1,93,31,300,420,1,5
1518,,,8,2,2,1,78,60,60,180,1,5
1519,,,12,1,2,1,11,33,420,540,4,5
1520,,,14,1,2,2,50,99,420,540,4,5
1521,,,16,1,2,2,52,23,420,540,3,5
1522,,,8,1,2,2,39,35,420,540,2,5
1523,,,11,1,2,2,63,76,300,600,3,5
1524,,,6,1,2,2,46,71,300,600,3,5
1525,,,10,1,2,2,10,48,300,600,4,5
1526,,,15,1,2,2,38,53,300,600,4,5
1527,,,11,1,2,1,68,28,420,540,4,5
1528,,,12,1,2,1,57,13,420,540,3,5
1529,,,13,1,2,2,0,19,420,540,4,5
1530,,,15,1,2,2,27,79,420,540,2,5
1531,,,8,1,2,2,41,41,420,540,1,5
1532,,,10,1,2,2,61,36,420,540,1,5
1533,,,3,2,2,2,68,20,0,300,4,5
1534,,,15,2,2,1,81,93,60,180,2,5
1535,,,8,2,2,1,66,79,180,300,2,5
1536,,,5,2,2,1,81,88,180,300,3,5
1537,,,12,1,2,2,89,33,420,540,4,5
1538,,,6,1,2,2,35,14,300,600,2,5
1539,,,3,2,2,1,52,98,0,300,4,5
1540,,,7,1,2,2,34,68,300,600,2,5
1541,,,16,1,2,2,16,0,300,600,1,5
1542,,,3,1,2,2,39,55,420,540,3,5
1543,,,12,1,2,1,26,45,300,600,3,5
1544,,,4,2,2,2,74,71,300,420,3,5
1545,,,10,1,2,1,7,75,420,540,3,5
1546,,,13,1,2,1,10,47,420,540,1,5
1547,,,4,1,2,2,27,8,300,600,1,5
1548,,,9,2,2,1,34,67,300,420,4,5
1549,,,16,1,2,2,74,78,300,600,3,5
1550,,,9,2,2,1,70,20,60,180,1,5
1551,,,3,1,2,2,88,88,420,540,1,5
1552,,,2,1,2,2,14,100,300,600,4,5
1553,,,7,1,2,1,67,61,420,540,3,5
1554,,,14,1,2,2,18,14,300,600,1,5
1555,,,4,1,2,2,90,18,300,600,4,5
1556,,,5,2,2,2,44,28,0,300,2,5
1557,,,14,1,2,1,15,44,420,540,3,5
1558,,,13,1,2,2,67,18,420,540,4,5
1559,,,12,1,2,2,85,27,420,540,4,5
1560,,,2,2,2,1,9,73,300,420,1,5
1561,,,8,1,2,2,54,21,300,600,1,5
1562,,,6,2,2,1,66,0,300,600,4,5
1563,,,10,1,2,2,76,63,420,540,2,5
1564,,,11,2,2,2,73,21,420,540,3,5
1565,,,13,2,2,1,1,47,60,180,4,5
1566,,,12,1,2,1,56,69,420,540,1,5
1567,,,10,2,2,2,75,57,60,180,4,5
1568,,,3,1,2,2,90,37,300,600,1,5
1569,,,9,2,2,2,4,41,420,540,4,5
1570,,,3,1,2,2,12,17,420,540,1,5
1571,,,11,1,2,2,79,12,420,540,3,5
1572,,,10,2,2,1,39,51,0,300,1,5
1573,,,3,1,2,2,32,80,300,600,3,5
1574,,,13,1,2,2,19,2,420,540,2,5
1575,,,3,1,2,1,10,85,300,600,1,5
1576,,,3,1,2,2,84,0,420,540,1,5
1577,,,6,1,2,2,23,21,300,600,2,5
1578,,,3,2,2,1,34,41,300,420,2,5
1579,,,15,2,2,1,92,28,300,420,2,5
1580,,,15,2,2,1,17,31,180,300,3,5
1581,,,9,2,2,2,72,39,300,600,3,5
1582,,,6,1,2,2,30,20,420,540,1,5
1583,,,9,1,2,1,49,86,300,600,4,5
1584,,,2,1,2,2,8,78,300,600,3,5
1585,,,13,1,2,2,11,17,300,600,4,5
1586,,,10,2,2,2,79,33,180,300,1,5
1587,,,10,1,2,2,49,78,300,600,1,5
1588,,,13,2,2,1,46,97,300,420,1,5
1589,,,9,1,2,2,73,42,300,600,2,5
1590,,,3,1,2,2,42,69,420,540,1,5
1591,,,9,1,2,2,3,6,420,540,1,5
1592,,,14,1,2,1,25,9,300,600,2,5
1593,,,10,1,2,2,36,19,300,600,4,5
1594,,,15,2,2,2,73,74,300,420,4,5
1595,,,10,1,2,2,22,43,300,600,1,5
1596,,,9,1,2,2,93,86,300,600,3,5
1597,,,5,1,2,1,30,30,300,600,4,5
1598,,,3,1,2,1,42,88,300,600,2,5
1599,,,13,1,2,2,85,63,420,540,1,5
1600,,,9,1,2,1,24,95,300,600,1,5
1601,,,16,1,2,1,9,52,420,540,2,5
1602,,,11,1,2,1,35,53,300,600,3,5
1603,,,2,2,2,2,40,93,300,420,1,5
1604,,,15,1,2,2,83,8,420,540,3,5
1605,,,13,1,2,2,65,87,300,600,3,5
1606,,,2,2,2,1,85,29,300,600,2,5
1607,,,7,1,2,1,16,59,300,600,4,5
1608,,,4,1,2,1,22,21,300,600,3,5
1609,,,13,1,2,1,36,97,420,540,4,5
1610,,,8,1,2,1,57,29,300,600,4,5
1611,,,15,1,2,1,62,64,300,600,1,5
1612,,,7,1,2,1,6,95,420,540,1,5
1613,,,12,2,2,1,86,80,300,600,2,5
1614,,,8,2,2,2,65,51,180,300,1,5
1615,,,10,2,2,2,6,16,0,300,3,5
1616,,,11,1,2,2,68,17,420,540,2,5
1617,,,6,1,2,1,21,65,420,540,3,5
1618,,,14,1,2,1,82,11,420,540,1,5
1619,,,12,1,2,2,90,99,300,600,4,5
1620,,,11,1,2,2,53,34,420,540,3,5
1621,,,8,1,2,1,94,11,300,600,2,5
1622,,,7,1,2,1,67,69,300,600,4,5
1623,,,7,1,2,1,18,77,420,540,2,5
1624,,,8,2,2,1,61,16,180,300,3,5
1625,,,6,2,2,2,86,68,300,600,4,5
1626,,,15,1,2,1,28,22,420,540,2,5
1627,,,2,1,2,1,74,62,300,600,1,5
1628,,,12,1,2,2,4,81,300,600,3,5
1629,,,13,1,2,1,44,6,300,600,2,5
1630,,,10,1,2,1,0,46,420,540,1,5
1631,,,9,1,2,2,98,79,420,540,1,5
1632,,,14,1,2,2,26,62,420,540,2,5
1633,,,11,1,2,2,63,28,300,600,3,5
1634,,,12,2,2,1,55,99,180,300,4,5
1635,,,3,1,2,1,88,45,300,600,4,5
1636,,,12,1,2,1,84,89,300,600,1,5
1637,,,10,1,2,1,100,46,420,540,3,5
1638,,,7,1,2,2,81,92,300,600,1,5
1639,,,5,1,2,2,57,2,420,540,2,5
1640,,,11,1,2,2,7,30,420,540,3,5
1641,,,4,1,2,2,50,89,300,600,2,5
1642,,,10,1,2,1,27,52,300,600,4,5
1643,,,13,1,2,1,16,61,300,600,4,5
1644,,,13,1,2,1,55,85,420,540,4,5
1645,,,6,1,2,2,75,77,420,540,3,5
1646,,,6,1,2,2,42,17,420,540,4,5
1647,,,3,1,2,2,72,41,300,600,4,5
1648,,,14,1,2,2,10,81,300,600,1,5
1649,,,5,1,2,1,80,11,300,600,4,5
1650,,,7,1,2,2,63,45,420,540,2,5
1651,,,6,1,2,2,9,85,300,600,3,5
1652,,,9,2,2,1,1,16,60,180,4,5
1653,,,3,1,2,2,66,32,420,540,1,5
1654,,,11,1,2,2,75,1,300,600,4,5
1655,,,13,1,2,1,32,87,420,540,1,5
1656,,,5,1,2,1,73,32,420,540,4,5
1657,,,11,1,2,1,80,55,300,600,4,5
1658,,,10,1,2,2,76,53,300,600,3,5
1659,,,8,1,2,1,72,67,420,540,3,5
1660,,,8,1,2,1,77,74,300,600,1,5
1661,,,15,1,2,1,28,10,300,600,1,5
1662,,,4,1,2,1,75,62,420,540,2,5
1663,,,15,2,2,2,87,66,60,180,2,5
1664,,,2,2,2,2,60,37,60,180,2,5
1665,,,15,2,2,2,4,25,0,300,1,5
1666,,,13,1,2,1,52,96,300,600,3,5
1667,,,3,2,2,1,42,20,60,180,2,5
1668,,,5,2,2,1,82,17,60,180,4,5
1669,,,3,1,2,2,46,90,420,540,1,5
1670,,,6,1,2,1,44,60,420,540,2,5
1671,,,15,1,2,2,100,69,300,600,2,5
1672,,,4,1,2,2,41,54,300,600,1,5
1673,,,6,2,2,2,57,37,0,300,4,5
1674,,,8,1,2,1,84,60,420,540,4,5
1675,,,10,2,2,1,47,73,300,420,4,5
1676,,,11,1,2,1,15,69,420,540,4,5
1677,,,11,1,2,2,97,93,300,600,2,5
1678,,,3,1,2,2,47,72,300,600,4,5
1679,,,11,1,2,2,49,10,300,600,4,5
1680,,,8,2,2,2,29,6,420,540,4,5
1681,,,11,1,2,1,52,18,420,540,4,5
1682,,,2,2,2,1,24,11,60,180,4,5
1683,,,14,1,2,2,96,21,420,540,1,5
1684,,,6,1,2,1,76,40,300,600,4,5
1685,,,9,1,2,1,92,21,300,600,1,5
1686,,,15,1,2,2,21,33,420,540,4,5
1687,,,12,1,2,2,46,79,300,600,4,5
1688,,,7,1,2,2,80,4,300,600,3,5
1689,,,9,1,2,2,58,5,300,600,1,5
1690,,,3,1,2,1,37,29,300,600,2,5
1691,,,12,2,2,1,26,33,300,420,2,5
1692,,,8,1,2,1,20,46,300,600,4,5
1693,,,11,2,2,2,48,80,420,540,4,5
1694,,,10,1,2,2,61,27,420,540,4,5
1695,,,15,1,2,1,81,63,300,600,1,5
1696,,,8,1,2,2,62,57,420,540,3,5
1697,,,4,1,2,1,50,5,300,600,3,5
1698,,,15,2,2,1,60,49,0,300,2,5
1699,,,12,1,2,1,88,37,420,540,1,5
1700,,,5,1,2,2,82,14,420,540,1,5
1701,,,3,1,2,1,52,30,420,540,3,5
1702,,,2,1,2,2,25,59,420,540,4,5
1703,,,2,1,2,1,45,87,300,600,3,5
1704,,,4,1,2,2,39,69,300,600,3,5
1705,,,3,2,2,1,88,63,300,600,1,5
1706,,,15,2,2,1,28,100,0,300,4,5
1707,,,9,2,2,2,46,0,60,180,4,5
1708,,,8,1,2,1,25,5,300,600,4,5
1709,,,12,2,2,1,69,61,420,540,1,5
1710,,,5,1,2,1,77,70,420,540,4,5
1711,,,11,2,2,1,13,70,60,180,2,5
1712,,,9,1,2,2,21,42,300,600,4,5
1713,,,13,1,2,1,14,67,300,600,1,5
1714,,,9,1,2,2,54,77,300,600,4,5
1715,,,5,1,2,2,41,75,420,540,2,5
1716,,,15,1,2,2,46,94,300,600,1,5
1717,,,1,1,2,1,15,14,420,540,3,5
1718,,,10,2,2,2,75,56,420,540,4,5
1719,,,6,2,2,1,87,75,300,600,3,5
1720,,,14,1,2,1,16,75,300,600,2,5
1721,,,12,1,2,2,21,9,420,540,1,5
1722,,,12,2,2,2,65,24,300,420,3,5
1723,,,11,1,2,1,73,14,300,600,4,5
1724,,,10,1,2,1,63,62,300,600,1,5
1725,,,8,2,2,2,52,39,300,600,1,5
1726,,,9,1,2,1,15,50,420,540,3,5
1727,,,5,1,2,1,23,43,300,600,3,5
1728,,,2,1,2,1,64,97,420,540,2,5
1729,,,9,2,2,1,92,46,420,540,2,5
1730,,,14,1,2,1,100,21,300,600,2,5
1731,,,8,1,2,1,85,7,420,540,1,5
1732,,,7,1,2,1,85,86,420,540,4,5
1733,,,3,2,2,1,38,28,420,540,2,5
1734,,,12,2,2,1,61,3,180,300,3,5
1735,,,14,1,2,1,75,0,420,540,1,5
1736,,,12,1,2,1,42,86,300,600,1,5
1737,,,10,2,2,2,72,13,180,300,2,5
1738,,,10,2,2,2,40,44,300,600,1,5
1739,,,9,2,2,1,17,95,180,300,3,5
1740,,,5,1,2,2,57,86,420,540,2,5
1741,,,2,1,2,1,28,58,420,540,1,5
1742,,,16,1,2,1,42,17,420,540,4,5
1743,,,7,1,2,1,72,12,420,540,2,5
1744,,,15,1,2,2,88,37,300,600,1,5
1745,,,16,1,2,1,20,20,420,540,1,5
1746,,,14,1,2,2,7,14,420,540,1,5
1747,,,10,1,2,1,66,19,300,600,1,5
1748,,,10,2,2,2,50,40,60,180,2,5
1749,,,13,1,2,1,90,48,420,540,1,5
1750,,,9,1,2,1,7,45,300,600,1,5
1751,,,14,1,2,2,97,25,420,540,1,5
1752,,,11,2,2,2,96,36,180,300,2,5
1753,,,4,2,2,1,93,59,60,180,1,5
1754,,,3,1,2,1,54,12,420,540,3,5
1755,,,5,1,2,1,56,98,420,540,3,5
1756,,,8,2,2,2,50,96,0,300,3,5
1757,,,5,2,2,1,99,91,300,420,2,5
1758,,,11,1,2,1,64,83,420,540,3,5
1759,,,6,2,2,2,88,32,420,540,2,5
1760,,,6,2,2,2,68,20,300,600,1,5
1761,,,4,1,2,1,62,90,420,540,1,5
1762,,,6,2,2,2,27,26,300,600,4,5
1763,,,15,1,2,1,4,44,420,540,3,5
1764,,,14,1,2,1,5,33,300,600,4,5
1765,,,15,1,2,2,27,53,300,600,3,5
1766,,,11,1,2,1,33,73,420,540,1,5
1767,,,6,1,2,1,26,52,420,540,3,5
1768,,,3,1,2,2,93,94,420,540,3,5
1769,,,15,1,2,2,7,46,420,540,1,5
1770,,,15,1,2,1,30,64,420,540,1,5
1771,,,13,1,2,1,26,83,300,600,3,5
1772,,,6,2,2,1,33,74,180,300,1,5
1773,,,12,1,2,1,60,61,420,540,4,5
1774,,,12,1,2,2,68,21,420,540,1,5
1775,,,7,1,2,2,70,85,300,600,3,5
1776,,,11,1,2,2,5,65,300,600,3,5
1777,,,7,1,2,1,2,84,300,600,3,5
1778,,,9,1,2,2,99,70,300,600,4,5
1779,,,9,1,2,1,27,10,420,540,1,5
1780,,,7,1,2,1,54,58,420,540,2,5
1781,,,7,1,2,2,16,48,420,540,3,5
1782,,,7,1,2,2,62,55,420,540,1,5
1783,,,5,2,2,1,87,59,60,180,1,5
1784,,,4,2,2,1,76,39,0,300,3,5
1785,,,4,1,2,1,79,19,420,540,4,5
1786,,,12,1,2,1,34,54,300,600,1,5
1787,,,12,1,2,2,22,50,300,600,1,5
1788,,,10,1,2,2,86,65,300,600,3,5
1789,,,9,1,2,1,12,73,420,540,2,5
1790,,,4,1,2,1,65,80,420,540,4,5
1791,,,12,2,2,2,45,83,420,540,1,5
1792,,,3,1,2,2,20,56,420,540,1,5
1793,,,8,1,2,1,93,30,300,600,2,5
1794,,,14,2,2,1,51,68,300,420,1,5
1795,,,11,2,2,2,80,31,300,600,2,5
1796,,,2,2,2,2,66,24,180,300,2,5
1797,,,8,1,2,2,67,55,420,540,4,5
1798,,,4,1,2,2,92,77,420,540,1,5
1799,,,13,2,2,2,91,64,180,300,4,5
1800,,,1,1,2,2,91,84,300,600,1,5
1801,,,10,1,2,1,5,82,420,540,2,5
1802,,,6,2,2,1,77,76,180,300,3,5
1803,,,6,2,2,2,25,85,60,180,3,5
1804,,,3,1,2,2,57,57,420,540,2,5
1805,,,8,1,2,2,78,0,420,540,3,5
1806,,,7,1,2,2,51,95,300,600,2,5
1807,,,5,2,2,1,47,17,300,600,1,5
1808,,,9,1,2,1,76,80,300,600,4,5
1809,,,2,1,2,2,28,67,300,600,1,5
1810,,,13,1,2,1,91,44,300,600,2,5
1811,,,15,1,2,2,46,0,300,600,1,5
1812,,,9,1,2,1,94,51,300,600,4,5
1813,,,11,1,2,2,26,85,420,540,4,5
1814,,,4,1,2,2,6,86,420,540,3,5
1815,,,14,1,2,2,24,25,420,540,4,5
1816,,,13,2,2,1,42,90,420,540,2,5
1817,,,8,1,2,1,59,80,420,540,2,5
1818,,,8,1,2,2,30,48,420,540,3,5
1819,,,15,2,2,2,22,12,0,300,4,5
1820,,,5,1,2,2,60,56,420,540,1,5
1821,,,10,1,2,1,46,15,420,540,4,5
1822,,,4,1,2,2,81,91,420,540,2,5
1823,,,15,2,2,1,75,64,180,300,4,5
1824,,,2,1,2,2,86,40,420,540,2,5
1825,,,11,1,2,2,20,61,300,600,2,5
1826,,,15,2,2,2,91,87,420,540,4,5
1827,,,6,1,2,2,87,23,300,600,3,5
1828,,,11,2,2,1,87,74,180,300,4,5
1829,,,15,2,2,2,8,79,180,300,1,5
1830,,,7,2,2,2,100,78,300,600,4,5
1831,,,15,1,2,2,41,91,300,600,2,5
1832,,,13,1,2,1,10,43,300,600,1,5
1833,,,5,2,2,2,50,27,300,420,3,5
1834,,,14,1,2,1,63,29,420,540,2,5
1835,,,15,1,2,2,59,10,300,600,2,5
1836,,,16,2,2,2,4,49,420,540,3,5
1837,,,14,1,2,1,46,84,300,600,2,5
1838,,,5,1,2,2,28,3,420,540,1,5
1839,,,6,1,2,1,48,79,300,600,2,5
1840,,,2,1,2,2,9,27,300,600,3,5
1841,,,6,1,2,2,48,16,300,600,3,5
1842,,,15,1,2,1,90,37,420,540,1,5
1843,,,6,1,2,1,82,27,420,540,3,5
1844,,,5,1,2,2,68,45,420,540,4,5
1845,,,3,1,2,2,80,25,300,600,4,5
1846,,,15,2,2,2,3,1,180,300,4,5
1847,,,11,1,2,2,28,68,300,600,2,5
1848,,,9,1,2,1,18,51,300,600,1,5
1849,,,10,1,2,1,17,42,420,540,1,5
1850,,,14,2,2,2,80,68,60,180,2,5
1851,,,12,1,2,2,14,5,420,540,1,5
1852,,,8,1,2,1,9,80,420,540,1,5
1853,,,8,1,2,2,18,59,300,600,4,5
1854,,,9,1,2,2,43,55,420,540,2,5
1855,,,13,1,2,2,30,4,420,540,3,5
1856,,,13,1,2,2,30,87,420,540,2,5
1857,,,3,2,2,2,26,41,180,300,3,5
1858,,,10,1,2,1,48,72,300,600,1,5
1859,,,10,1,2,1,100,56,300,600,4,5
1860,,,8,1,2,1,79,1,420,540,3,5
1861,,,9,2,2,1,59,84,300,600,2,5
1862,,,16,2,2,1,49,15,0,300,4,5
1863,,,15,2,2,2,55,11,300,420,2,5
1864,,,8,2,2,1,90,58,300,420,3,5
1865,,,7,1,2,1,60,93,420,540,4,5
1866,,,14,2,2,1,70,62,180,300,2,5
1867,,,3,1,2,2,100,9,300,600,3,5
1868,,,13,1,2,2,96,61,420,540,2,5
1869,,,12,2,2,2,50,8,60,180,3,5
1870,,,13,1,2,1,18,9,300,600,2,5
1871,,,2,1,2,2,12,67,300,600,2,5
1872,,,8,1,2,1,2,84,300,600,2,5
1873,,,9,1,2,1,20,39,300,600,3,5
1874,,,8,1,2,1,51,74,300,600,2,5
1875,,,9,2,2,2,34,95,420,540,4,5
1876,,,14,2,2,2,99,61,60,180,3,5
1877,,,7,1,2,2,76,54,300,600,3,5
1878,,,12,1,2,1,47,54,420,540,1,5
1879,,,15,2,2,2,94,8,300,420,2,5
1880,,,10,1,2,2,2,92,300,600,2,5
1881,,,4,1,2,1,3,83,420,540,1,5
1882,,,3,2,2,1,47,70,180,300,2,5
1883,,,3,1,2,1,81,51,420,540,2,5
1884,,,6,1,2,1,11,98,420,540,1,5
1885,,,8,1,2,2,37,68,420,540,4,5
1886,,,11,1,2,2,58,93,420,540,1,5
1887,,,2,1,2,2,29,50,420,540,1,5
1888,,,16,1,2,1,5,29,300,600,4,5
1889,,,1,1,2,1,77,92,420,540,3,5
1890,,,13,2,2,1,5,59,300,420,2,5
1891,,,4,1,2,1,1,84,420,540,3,5
1892,,,7,1,2,2,9,50,420,540,1,5
1893,,,6,2,2,2,29,0,300,600,4,5
1894,,,9,1,2,1,88,97,300,600,4,5
1895,,,15,1,2,1,19,94,420,540,4,5
1896,,,13,1,2,1,39,34,420,540,3,5
1897,,,10,1,2,2,65,7,420,540,1,5
1898,,,14,1,2,1,68,44,420,540,2,5
1899,,,6,1,2,2,58,42,420,540,4,5
1900,,,8,1,2,1,20,90,300,600,2,5
1901,,,10,1,2,1,81,12,300,600,2,5
1902,,,13,1,2,1,32,27,300,600,1,5
1903,,,10,2,2,1,4,27,0,300,4,5
1904,,,3,1,2,2,76,16,300,600,2,5
1905,,,5,1,2,1,3,43,420,540,3,5
1906,,,6,1,2,2,87,100,420,540,3,5
1907,,,14,1,2,1,87,66,420,540,1,5
1908,,,2,1,2,2,32,77,420,540,4,5
1909,,,7,2,2,2,3,46,0,300,4,5
1910,,,11,1,2,2,88,95,300,600,4,5
1911,,,10,1,2,1,3,68,300,600,3,5
1912,,,5,1,2,1,77,91,300,600,3,5
1913,,,6,1,2,2,4,73,420,540,2,5
1914,,,2,1,2,1,54,98,420,540,3,5
1915,,,11,1,2,1,89,5,300,600,4,5
1916,,,8,1,2,1,96,0,300,600,3,5
1917,,,13,2,2,2,81,60,420,540,1,5
1918,,,14,1,2,2,31,64,300,600,3,5
1919,,,14,1,2,2,49,74,420,540,2,5
1920,,,16,1,2,2,25,87,420,540,2,5
1921,,,6,1,2,2,21,13,300,600,2,5
1922,,,5,1,2,2,39,14,420,540,1,5
1923,,,2,2,2,1,6,39,300,600,4,5
1924,,,10,2,2,2,11,35,0,300,3,5
1925,,,13,1,2,2,35,21,420,540,4,5
1926,,,2,1,2,2,47,18,300,600,3,5
1927,,,16,1,2,1,52,79,420,540,3,5
1928,,,7,1,2,2,67,12,300,600,3,5
1929,,,3,1,2,2,10,82,420,540,1,5
1930,,,4,1,2,2,16,95,420,540,2,5
1931,,,4,1,2,2,84,69,300,600,4,5
1932,,,13,1,2,2,82,11,420,540,4,5
1933,,,8,1,2,2,49,22,420,540,4,5
1934,,,5,1,2,2,96,45,300,600,1,5
1935,,,6,1,2,1,26,65,420,540,1,5
1936,,,13,1,2,1,89,48,420,540,4,5
1937,,,8,1,2,2,80,58,420,540,2,5
1938,,,3,1,2,2,77,72,300,600,4,5
1939,,,7,1,2,2,69,69,300,600,2,5
1940,,,7,1,2,2,97,94,420,540,1,5
1941,,,10,2,2,2,94,81,60,180,1,5
1942,,,3,1,2,1,48,20,420,540,2,5
1943,,,3,2,2,2,55,85,420,540,2,5
1944,,,11,1,2,1,60,18,420,540,4,5
1945,,,16,1,2,1,25,62,300,600,1,5
1946,,,13,2,2,1,62,4,180,300,1,5
1947,,,11,1,2,1,22,97,300,600,3,5
1948,,,6,1,2,1,86,54,420,540,3,5
1949,,,13,1,2,2,96,75,300,600,3,5
1950,,,2,1,2,2,46,37,420,540,4,5
1951,,,12,1,2,1,100,78,420,540,4,5
1952,,,6,1,2,1,91,52,300,600,1,5
1953,,,13,1,2,1,31,76,420,540,2,5
1954,,,6,1,2,1,7,68,300,600,1,5
1955,,,6,1,2,1,100,0,420,540,3,5
1956,,,13,2,2,1,66,42,60,180,1,5
1957,,,8,1,2,2,85,85,420,540,4,5
1958,,,15,1,2,2,34,60,300,600,1,5
1959,,,12,1,2,2,86,36,300,600,2,5
1960,,,5,1,2,2,16,51,300,600,3,5
1961,,,16,2,2,1,95,46,180,300,3,5
1962,,,10,1,2,1,21,48,300,600,2,5
1963,,,8,2,2,2,34,85,420,540,1,5
1964,,,13,1,2,2,26,90,300,600,3,5
1965,,,14,2,2,1,98,28,300,420,4,5
1966,,,4,1,2,1,30,27,300,600,3,5
1967,,,12,1,2,2,56,81,300,600,4,5
1968,,,5,1,2,2,90,100,420,540,3,5
1969,,,14,2,2,1,65,3,180,300,4,5
1970,,,9,1,2,1,79,8,300,600,4,5
1971,,,5,1,2,2,27,42,300,600,4,5
1972,,,4,2,2,1,33,18,300,600,2,5
1973,,,5,1,2,2,63,49,300,600,2,5
1974,,,3,2,2,2,41,53,300,600,2,5
1975,,,12,1,2,2,22,56,420,540,1,5
1976,,,4,1,2,2,36,83,300,600,3,5
1977,,,8,2,2,1,23,36,180,300,2,5
1978,,,9,1,2,1,19,58,420,540,1,5
1979,,,5,2,2,2,34,43,0,300,3,5
1980,,,5,1,2,2,15,42,300,600,3,5
1981,,,8,1,2,1,6,35,420,540,3,5
1982,,,15,1,2,2,60,82,420,540,4,5
1983,,,13,1,2,1,89,80,300,600,4,5
1984,,,7,1,2,2,84,27,300,600,2,5
1985,,,15,2,2,2,97,82,60,180,1,5
1986,,,14,1,2,1,85,87,420,540,4,5
1987,,,11,1,2,2,39,61,420,540,3,5
1988,,,4,1,2,2,72,9,300,600,4,5
1989,,,8,1,2,2,75,92,420,540,3,5
1990,,,14,1,2,1,75,73,420,540,2,5
1991,,,15,1,2,2,14,92,420,540,2,5
1992,,,8,2,2,2,17,70,0,300,3,5
1993,,,14,1,2,2,33,86,300,600,2,5
1994,,,3,1,2,2,42,22,420,540,2,5
1995,,,2,2,2,2,8,16,300,420,1,5
1996,,,13,2,2,1,32,93,60,180,3,5
1997,,,6,2,2,2,100,93,420,540,3,5
1998,,,14,1,2,2,66,55,420,540,4,5
1999,,,7,1,2,2,18,21,300,600,4,5
2000,,,9,2,2,2,97,8,60,180,3,5
2001,,,10,1,2,2,21,50,300,600,1,5
2002,,,15,1,2,2,64,90,300,600,1,5
2003,,,13,1,2,1,18,72,300,600,1,5
2004,,,15,2,2,2,35,53,420,540,3,5
2005,,,2,2,2,1,4,31,420,540,4,5
2006,,,9,1,2,2,39,82,300,600,4,5
2007,,,5,2,2,2,57,87,0,300,1,5
2008,,,8,1,2,2,95,12,420,540,3,5
2009,,,5,1,2,2,41,51,300,600,4,5
2010,,,11,1,2,2,14,34,420,540,3,5
2011,,,6,1,2,1,15,62,420,540,1,5
2012,,,6,2,2,1,19,0,60,180,1,5
2013,,,8,1,2,2,86,62,300,600,4,5
2014,,,4,1,2,1,86,24,420,540,4,5
2015,,,15,1,2,2,47,74,300,600,2,5
2016,,,4,1,2,2,39,43,420,540,4,5
2017,,,3,1,2,1,39,25,300,600,1,5
2018,,,12,1,2,2,25,93,300,600,3,5
2019,,,11,1,2,2,93,62,420,540,4,5
2020,,,10,1,2,1,37,0,420,540,1,5
2021,,,8,1,2,2,79,7,300,600,1,5
2022,,,4,1,2,2,19,43,300,600,4,5
2023,,,14,2,2,2,49,67,60,180,2,5
2024,,,10,1,2,2,13,48,420,540,4,5
2025,,,5,2,2,1,8,95,300,600,2,5
2026,,,7,1,2,2,41,5,420,540,3,5
2027,,,11,2,2,2,90,36,420,540,1,5
2028,,,11,1,2,2,60,28,420,540,2,5
2029,,,10,1,2,1,2,10,300,600,4,5
2030,,,13,2,2,1,77,23,300,600,2,5
2031,,,3,1,2,2,54,98,300,600,4,5
2032,,,13,2,2,2,50,71,180,300,1,5
2033,,,8,1,2,2,92,100,300,600,3,5
2034,,,11,2,2,1,93,24,60,180,1,5
2035,,,5,1,2,1,21,63,420,540,2,5
2036,,,10,2,2,2,73,42,300,420,1,5
2037,,,13,2,2,2,76,28,60,180,2,5
2038,,,3,1,2,1,32,26,300,600,2,5
2039,,,2,1,2,2,24,15,420,540,1,5
2040,,,7,1,2,2,61,40,420,540,3,5
2041,,,5,1,2,2,27,60,420,540,2,5
2042,,,8,1,2,2,80,47,300,600,4,5
2043,,,9,1,2,2,81,20,300,600,1,5
2044,,,8,2,2,2,61,10,420,540,1,5
2045,,,6,1,2,1,94,34,300,600,2,5
2046,,,9,1,2,1,19,69,420,540,4,5
2047,,,3,1,2,1,71,87,420,540,4,5
2048,,,15,1,2,1,25,26,420,540,1,5
2049,,,15,1,2,1,36,88,420,540,1,5
2050,,,9,1,2,2,7,67,420,540,2,5
2051,,,13,1,2,2,49,86,300,600,3,5
2052,,,2,2,2,1,64,2,180,300,4,5
2053,,,7,1,2,1,28,6,420,540,3,5
2054,,,14,1,2,1,52,0,300,600,4,5
2055,,,3,2,2,1,24,66,420,540,4,5
2056,,,4,1,2,1,78,71,300,600,1,5
2057,,,10,1,2,1,35,35,420,540,2,5
2058,,,12,1,2,1,56,44,300,600,1,5
2059,,,11,1,2,1,79,80,300,600,4,5
2060,,,2,1,2,1,78,80,300,600,4,5
2061,,,9,1,2,2,43,59,300,600,3,5
2062,,,13,1,2,2,79,58,300,600,3,5
2063,,,5,1,2,2,87,22,420,540,1,5
2064,,,14,2,2,2,4,50,60,180,3,5
2065,,,10,1,2,1,13,58,300,600,2,5
2066,,,8,1,2,1,50,86,300,600,4,5
2067,,,12,2,2,1,92,63,180,300,3,5
2068,,,4,1,2,2,85,88,300,600,1,5
2069,,,2,1,2,1,84,1,420,540,3,5
2070,,,4,2,2,1,75,40,300,600,4,5
2071,,,10,2,2,1,1,67,60,180,1,5
2072,,,8,2,2,1,91,10,0,300,2,5
2073,,,2,2,2,1,20,91,420,540,1,5
2074,,,12,1,2,2,0,17,300,600,2,5
2075,,,5,1,2,1,91,29,300,600,3,5
2076,,,10,1,2,2,76,18,300,600,2,5
2077,,,10,1,2,1,69,40,420,540,2,5
2078,,,5,1,2,1,73,90,300,600,1,5
2079,,,12,1,2,1,4,89,420,540,2,5
2080,,,13,2,2,2,78,89,0,300,1,5
2081,,,12,1,2,1,36,62,300,600,3,5
2082,,,5,1,2,2,34,29,420,540,3,5
2083,,,6,1,2,1,90,86,420,540,1,5
2084,,,4,2,2,2,10,41,420,540,2,5
2085,,,10,1,2,1,53,19,300,600,1,5
2086,,,7,1,2,2,21,70,420,540,3,5
2087,,,5,1,2,2,29,9,420,540,1,5
2088,,,11,1,2,2,91,60,300,600,4,5
2089,,,2,1,2,1,74,88,420,540,3,5
2090,,,6,2,2,2,70,27,60,180,4,5
2091,,,7,1,2,2,39,51,420,540,3,5
2092,,,8,1,2,2,56,55,300,600,3,5
2093,,,7,1,2,1,39,89,420,540,3,5
2094,,,1,1,2,1,53,49,420,540,1,5
2095,,,2,1,2,2,23,78,420,540,2,5
2096,,,13,1,2,1,0,58,420,540,3,5
2097,,,13,2,2,2,75,58,60,180,3,5
2098,,,11,1,2,2,16,29,420,540,3,5
2099,,,9,1,2,2,50,7,300,600,1,5
2100,,,14,1,2,2,56,21,300,600,1,5
2101,,,13,1,2,1,38,78,300,600,4,5
2102,,,13,1,2,1,63,43,420,540,4,5
2103,,,14,1,2,1,84,35,300,600,3,5
2104,,,14,2,2,2,96,3,0,300,4,5
2105,,,10,1,2,1,67,55,300,600,1,5
2106,,,7,1,2,2,50,44,420,540,1,5
2107,,,11,2,2,1,56,40,60,180,2,5
2108,,,6,1,2,2,37,66,300,600,3,5
2109,,,3,1,2,2,18,28,300,600,2,5
2110,,,7,1,2,1,20,46,420,540,1,5
2111,,,5,1,2,1,71,75,300,600,1,5
2112,,,5,2,2,1,79,83,60,180,2,5
2113,,,6,2,2,1,100,51,420,540,1,5
2114,,,12,1,2,2,1,99,300,600,1,5
2115,,,13,1,2,1,38,76,300,600,1,5
2116,,,11,1,2,2,8,92,300,600,4,5
2117,,,8,1,2,1,97,57,300,600,3,5
2118,,,13,1,2,1,69,13,420,540,3,5
2119,,,12,1,2,1,57,20,300,600,2,5
2120,,,6,1,2,1,28,91,300,600,4,5
2121,,,3,2,2,2,32,62,180,300,3,5
2122,,,13,1,2,2,71,76,420,540,3,5
2123,,,10,1,2,1,96,98,420,540,2,5
2124,,,2,1,2,2,68,91,420,540,4,5
2125,,,7,1,2,1,27,62,300,600,1,5
2126,,,12,2,2,2,55,28,420,540,2,5
2127,,,13,2,2,1,94,61,0,300,2,5
2128,,,9,1,2,2,4,62,420,540,3,5
2129,,,4,1,2,1,63,62,300,600,4,5
2130,,,5,1,2,1,78,26,420,540,2,5
2131,,,5,1,2,1,17,91,420,540,3,5
2132,,,7,2,2,1,4,57,420,540,4,5
2133,,,13,2,2,2,73,53,420,540,2,5
2134,,,10,1,2,1,26,32,300,600,2,5
2135,,,2,1,2,2,0,45,300,600,4,5
2136,,,15,2,2,2,88,20,420,540,3,5
2137,,,7,1,2,2,11,10,420,540,2,5
2138,,,3,1,2,1,35,59,300,600,2,5
2139,,,13,1,2,1,21,83,300,600,1,5
2140,,,14,1,2,1,89,59,300,600,3,5
2141,,,6,1,2,1,18,67,300,600,3,5
2142,,,10,1,2,2,100,62,420,540,4,5
2143,,,15,1,2,2,62,47,420,540,2,5
2144,,,15,1,2,1,31,60,420,540,3,5
2145,,,9,1,2,2,25,2,420,540,1,5
2146,,,13,2,2,2,1,69,60,180,4,5
2147,,,11,1,2,1,84,74,300,600,3,5
2148,,,4,1,2,1,10,22,420,540,1,5
2149,,,9,1,2,1,21,18,420,540,1,5
2150,,,3,1,2,2,32,44,420,540,2,5
2151,,,3,1,2,1,72,25,300,600,4,5
2152,,,2,1,2,2,14,90,420,540,1,5
2153,,,7,2,2,1,81,69,420,540,2,5
2154,,,11,2,2,2,65,82,300,600,4,5
2155,,,12,2,2,2,10,85,420,540,2,5
2156,,,9,1,2,2,52,57,300,600,2,5
2157,,,7,1,2,2,30,20,300,600,2,5
2158,,,12,2,2,1,30,11,0,300,2,5
2159,,,6,1,2,2,67,48,300,600,2,5
2160,,,12,2,2,1,3,78,180,300,1,5
2161,,,4,1,2,1,35,55,420,540,3,5
2162,,,7,1,2,1,0,88,300,600,4,5
2163,,,13,1,2,1,60,8,300,600,1,5
2164,,,3,2,2,1,51,67,0,300,2,5
2165,,,14,1,2,1,20,61,420,540,2,5
2166,,,7,1,2,2,8,55,300,600,1,5
2167,,,8,1,2,2,55,41,300,600,3,5
2168,,,12,1,2,1,37,47,300,600,1,5
2169,,,10,1,2,1,67,54,300,600,4,5
2170,,,13,1,2,1,67,70,300,600,4,5
2171,,,14,1,2,2,65,77,420,540,1,5
2172,,,14,1,2,2,88,37,300,600,3,5
2173,,,13,1,2,1,34,73,420,540,1,5
2174,,,9,1,2,2,21,91,420,540,3,5
2175,,,9,2,2,1,7,34,0,300,4,5
2176,,,12,1,2,2,36,66,420,540,3,5
2177,,,2,1,2,2,26,90,300,600,1,5
2178,,,12,1,2,2,32,32,300,600,4,5
2179,,,8,1,2,2,15,10,300,600,2,5
2180,,,4,1,2,1,91,70,300,600,1,5
2181,,,9,1,2,2,23,64,420,540,2,5
2182,,,6,2,2,1,71,99,0,300,1,5
2183,,,9,1,2,1,26,84,300,600,2,5
2184,,,2,1,2,1,0,61,300,600,3,5
2185,,,6,1,2,1,93,31,300,600,1,5
2186,,,2,2,2,1,22,30,300,420,2,5
2187,,,13,2,2,1,57,88,180,300,3,5
2188,,,13,1,2,2,21,20,300,600,3,5
2189,,,2,1,2,2,36,33,420,540,1,5
2190,,,15,1,2,1,44,88,300,600,3,5
2191,,,9,1,2,2,0,17,300,600,3,5
2192,,,9,1,2,2,65,29,300,600,3,5
2193,,,5,1,2,2,65,71,300,600,1,5
2194,,,16,1,2,2,73,87,420,540,1,5
2195,,,16,1,2,2,75,48,420,540,4,5
2196,,,7,1,2,1,37,20,300,600,2,5
2197,,,5,1,2,1,96,49,420,540,3,5
2198,,,7,2,2,1,24,97,60,180,4,5
2199,,,12,1,2,2,68,58,420,540,1,5
2200,,,8,2,2,1,29,88,420,540,1,5
2201,,,14,2,2,2,78,95,420,540,3,5
2202,,,7,1,2,2,40,61,420,540,3,5
2203,,,6,1,2,1,66,37,300,600,3,5
2204,,,3,1,2,2,56,49,420,540,3,5
2205,,,4,1,2,1,64,86,420,540,1,5
2206,,,2,1,2,2,58,30,300,600,1,5
2207,,,13,1,2,2,7,81,420,540,2,5
2208,,,3,1,2,2,42,7,300,600,1,5
2209,,,5,2,2,2,4,87,60,180,4,5
2210,,,8,1,2,2,53,27,300,600,2,5
2211,,,13,1,2,1,84,28,300,600,1,5
2212,,,2,1,2,1,98,8,420,540,2,5
2213,,,6,1,2,1,49,64,300,600,1,5
2214,,,4,2,2,2,97,36,0,300,3,5
2215,,,12,1,2,1,31,64,300,600,4,5
2216,,,7,1,2,2,81,20,420,540,4,5
2217,,,9,2,2,1,66,30,420,540,3,5
2218,,,13,1,2,2,14,25,420,540,2,5
2219,,,7,1,2,1,39,73,420,540,2,5
2220,,,3,1,2,1,72,41,420,540,1,5
2221,,,11,1,2,2,85,7,300,600,2,5
2222,,,3,1,2,1,86,90,420,540,2,5
2223,,,6,1,2,1,18,14,300,600,2,5
2224,,,3,1,2,2,43,84,300,600,3,5
2225,,,13,1,2,2,5,91,420,540,4,5
2226,,,14,1,2,1,94,42,300,600,3,5
2227,,,12,1,2,2,8,17,300,600,3,5
2228,,,15,1,2,1,66,6,420,540,1,5
2229,,,8,1,2,2,26,63,420,540,1,5
2230,,,9,2,2,1,50,33,420,540,3,5
2231,,,15,1,2,1,38,50,420,540,3,5
2232,,,10,1,2,2,95,28,300,600,3,5
2233,,,12,1,2,1,68,15,300,600,2,5
2234,,,6,1,2,2,38,38,300,600,2,5
2235,,,9,1,2,2,18,12,300,600,3,5
2236,,,4,1,2,2,52,52,300,600,3,5
2237,,,8,1,2,1,28,28,420,540,4,5
2238,,,14,1,2,2,13,93,300,600,3,5
2239,,,10,2,2,1,52,5,180,300,2,5
2240,,,8,1,2,2,95,2,300,600,1,5
2241,,,5,1,2,1,74,63,420,540,3,5
2242,,,2,2,2,1,67,85,180,300,4,5
2243,,,15,1,2,1,16,19,420,540,4,5
2244,,,3,2,2,2,33,85,300,420,4,5
2245,,,3,1,2,2,57,20,300,600,4,5
2246,,,7,1,2,2,97,85,420,540,3,5
2247,,,16,1,2,1,49,84,300,600,3,5
2248,,,8,1,2,2,44,46,300,600,3,5
2249,,,15,2,2,1,59,56,60,180,3,5
2250,,,9,1,2,2,99,47,420,540,3,5
2251,,,14,1,2,2,16,66,420,540,2,5
2252,,,10,2,2,2,3,94,420,540,2,5
2253,,,12,1,2,2,22,98,420,540,2,5
2254,,,12,1,2,2,88,37,420,540,3,5
2255,,,12,1,2,2,7,98,300,600,4,5
2256,,,14,2,2,2,0,24,0,300,2,5
2257,,,1,1,2,1,87,17,420,540,4,5
2258,,,12,1,2,2,90,95,300,600,2,5
2259,,,10,1,2,1,1,97,300,600,1,5
2260,,,14,1,2,2,65,54,300,600,2,5
2261,,,6,2,2,1,55,8,300,600,1,5
2262,,,3,1,2,2,96,48,300,600,2,5
2263,,,10,1,2,1,72,65,300,600,1,5
2264,,,7,2,2,2,95,31,300,420,4,5
2265,,,13,2,2,1,62,26,300,420,1,5
2266,,,14,1,2,2,23,12,420,540,2,5
2267,,,9,1,2,2,26,51,300,600,1,5
2268,,,3,1,2,1,83,52,300,600,4,5
2269,,,2,2,2,2,36,77,420,540,4,5
2270,,,11,1,2,1,37,56,420,540,3,5
2271,,,4,1,2,2,89,9,420,540,1,5
2272,,,9,2,2,1,16,26,180,300,1,5
2273,,,14,1,2,2,65,52,300,600,2,5
2274,,,13,1,2,1,20,50,420,540,1,5
2275,,,4,2,2,2,46,74,420,540,1,5
2276,,,1,1,2,1,64,98,300,600,1,5
2277,,,7,1,2,1,76,14,300,600,1,5
2278,,,13,1,2,1,72,32,420,540,1,5
2279,,,13,1,2,1,29,62,420,540,1,5
2280,,,2,1,2,1,20,2,420,540,2,5
2281,,,3,1,2,1,62,44,300,600,1,5
2282,,,6,2,2,1,11,60,60,180,2,5
2283,,,11,2,2,2,79,1,180,300,3,5
2284,,,15,1,2,1,70,3,300,600,3,5
2285,,,8,1,2,1,61,41,420,540,4,5
2286,,,16,1,2,2,77,55,420,540,3,5
2287,,,6,2,2,1,31,32,420,540,4,5
2288,,,8,2,2,2,9,3,60,180,1,5
2289,,,4,2,2,1,10,42,420,540,1,5
2290,,,2,1,2,1,34,71,420,540,3,5
2291,,,1,1,2,2,72,25,420,540,3,5
2292,,,2,1,2,2,59,48,300,600,2,5
2293,,,6,1,2,2,95,66,420,540,2,5
2294,,,6,1,2,2,61,30,420,540,4,5
2295,,,10,1,2,1,43,33,420,540,2,5
2296,,,7,2,2,1,57,57,180,300,3,5
2297,,,3,1,2,1,41,55,300,600,2,5
2298,,,15,1,2,1,48,90,420,540,4,5
2299,,,13,1,2,1,32,91,420,540,1,5
2300,,,15,1,2,1,82,60,420,540,3,5
2301,,,2,2,2,2,70,43,420,540,3,5
2302,,,15,1,2,2,96,90,300,600,2,5
2303,,,4,1,2,2,70,14,300,600,4,5
2304,,,10,1,2,1,58,25,420,540,4,5
2305,,,13,1,2,2,59,86,300,600,1,5
2306,,,9,2,2,2,90,9,420,540,1,5
2307,,,6,1,2,2,95,1,300,600,3,5
2308,,,8,1,2,1,55,39,420,540,1,5
2309,,,10,1,2,1,43,1,300,600,4,5
2310,,,10,1,2,1,41,9,420,540,4,5
2311,,,10,2,2,1,62,51,0,300,1,5
2312,,,7,1,2,1,14,18,300,600,3,5
2313,,,8,1,2,2,16,24,420,540,4,5
2314,,,10,2,2,2,36,55,0,300,1,5
2315,,,9,1,2,2,58,0,300,600,3,5
2316,,,5,1,2,2,47,10,420,540,3,5
2317,,,11,1,2,2,26,12,300,600,3,5
2318,,,2,2,2,2,45,50,420,540,4,5
2319,,,7,2,2,1,8,12,60,180,3,5
2320,,,6,1,2,2,10,78,300,600,3,5
2321,,,8,1,2,1,54,37,300,600,4,5
2322,,,11,2,2,1,38,75,180,300,3,5
2323,,,8,2,2,1,90,6,420,540,4,5
2324,,,9,1,2,2,42,72,420,540,4,5
2325,,,10,1,2,1,95,95,300,600,2,5
2326,,,15,1,2,1,43,37,420,540,3,5
2327,,,7,1,2,1,85,97,300,600,3,5
2328,,,5,1,2,1,42,41,420,540,4,5
2329,,,16,1,2,1,90,55,300,600,4,5
2330,,,5,1,2,1,57,93,300,600,1,5
2331,,,15,1,2,2,56,11,420,540,3,5
2332,,,8,1,2,2,30,56,420,540,3,5
2333,,,16,1,2,2,18,42,300,600,4,5
2334,,,14,1,2,1,17,11,300,600,4,5
2335,,,4,2,2,1,31,68,420,540,1,5
2336,,,8,1,2,1,48,8,300,600,3,5
2337,,,4,1,2,1,8,44,420,540,1,5
2338,,,11,2,2,2,69,56,0,300,3,5
2339,,,11,2,2,1,55,0,300,600,2,5
2340,,,12,1,2,2,45,76,420,540,2,5
2341,,,10,1,2,1,27,19,420,540,1,5
2342,,,15,2,2,2,46,18,0,300,4,5
2343,,,11,2,2,1,8,76,60,180,3,5
2344,,,3,1,2,2,85,87,300,600,4,5
2345,,,3,1,2,2,90,84,420,540,4,5
2346,,,13,1,2,1,43,97,420,540,3,5
2347,,,13,1,2,1,69,59,300,600,4,5
2348,,,9,2,2,2,35,35,420,540,3,5
2349,,,8,2,2,1,87,11,60,180,2,5
2350,,,15,2,2,2,37,75,300,600,1,5
2351,,,10,1,2,1,85,39,420,540,2,5
2352,,,7,1,2,2,24,1,300,600,1,5
2353,,,14,1,2,1,76,85,300,600,1,5
2354,,,9,1,2,2,70,9,420,540,2,5
2355,,,7,1,2,1,0,1,300,600,4,5
2356,,,4,2,2,1,83,68,420,540,4,5
2357,,,11,1,2,2,8,23,420,540,4,5
2358,,,5,2,2,2,94,23,300,600,4,5
2359,,,9,1,2,2,93,42,300,600,3,5
2360,,,15,2,2,2,33,5,420,540,2,5
2361,,,15,1,2,1,11,12,420,540,2,5
2362,,,13,2,2,2,82,45,0,300,2,5
2363,,,3,1,2,1,45,20,420,540,4,5
2364,,,3,1,2,1,93,42,300,600,4,5
2365,,,6,1,2,2,12,5,420,540,1,5
2366,,,5,2,2,2,62,39,0,300,4,5
2367,,,4,1,2,2,5,90,420,540,2,5
2368,,,10,1,2,2,85,95,420,540,2,5
2369,,,9,1,2,1,7,59,300,600,2,5
2370,,,12,1,2,1,62,81,420,540,2,5
2371,,,11,1,2,1,94,81,420,540,1,5
2372,,,12,1,2,2,30,15,300,600,3,5
2373,,,14,2,2,2,93,24,300,420,1,5
2374,,,10,1,2,1,11,19,420,540,4,5
2375,,,15,1,2,2,4,81,420,540,3,5
2376,,,8,2,2,1,14,40,300,600,1,5
2377,,,4,2,2,2,80,74,0,300,3,5
2378,,,7,2,2,1,27,60,300,420,3,5
2379,,,14,1,2,1,85,46,300,600,1,5
2380,,,5,1,2,1,53,52,300,600,1,5
2381,,,12,1,2,2,20,29,420,540,4,5
2382,,,8,1,2,1,49,13,300,600,2,5
2383,,,4,1,2,2,81,61,300,600,2,5
2384,,,4,1,2,2,69,96,420,540,3,5
2385,,,10,1,2,1,13,27,300,600,4,5
2386,,,9,2,2,2,13,23,420,540,3,5
2387,,,4,1,2,2,72,21,420,540,1,5
2388,,,6,2,2,1,53,64,300,420,1,5
2389,,,3,1,2,2,9,67,420,540,4,5
2390,,,14,1,2,2,58,20,420,540,3,5
2391,,,4,2,2,2,45,83,300,600,2,5
2392,,,10,1,2,1,45,12,300,600,1,5
2393,,,6,1,2,1,9,6,420,540,1,5
2394,,,8,1,2,1,93,57,420,540,1,5
2395,,,12,1,2,1,41,87,420,540,3,5
2396,,,12,1,2,1,87,77,300,600,3,5
2397,,,9,1,2,1,34,89,300,600,2,5
2398,,,13,1,2,1,39,25,420,540,3,5
2399,,,11,2,2,1,27,90,300,420,1,5
2400,,,4,2,2,1,30,11,180,300,2,5
2401,,,13,1,2,2,88,34,420,540,3,5
2402,,,14,1,2,1,27,84,420,540,2,5
2403,,,11,2,2,2,0,57,300,420,1,5
2404,,,5,1,2,1,36,30,300,600,2,5
2405,,,9,1,2,1,59,18,420,540,4,5
2406,,,11,1,2,2,13,13,420,540,3,5
2407,,,4,2,2,2,52,68,60,180,1,5
2408,,,16,2,2,2,56,4,420,540,4,5
2409,,,13,1,2,2,56,74,300,600,1,5
2410,,,10,1,2,2,24,3,420,540,4,5
2411,,,11,2,2,1,53,31,180,300,3,5
2412,,,7,1,2,2,73,37,300,600,1,5
2413,,,13,1,2,2,70,70,420,540,2,5
2414,,,10,2,2,2,61,31,60,180,2,5
2415,,,4,1,2,2,69,90,300,600,4,5
2416,,,16,1,2,1,32,57,300,600,1,5
2417,,,3,1,2,2,26,52,420,540,4,5
2418,,,11,1,2,1,51,57,420,540,3,5
2419,,,6,1,2,1,80,49,300,600,2,5
2420,,,12,1,2,2,66,43,300,600,3,5
2421,,,2,1,2,1,13,97,300,600,3,5
2422,,,5,2,2,1,59,10,0,300,3,5
2423,,,12,1,2,2,57,72,300,600,3,5
2424,,,13,1,2,1,7,93,420,540,1,5
2425,,,13,1,2,2,22,32,420,540,2,5
2426,,,13,1,2,1,46,82,300,600,1,5
2427,,,10,1,2,1,87,75,300,600,1,5
2428,,,9,2,2,2,74,31,180,300,3,5
2429,,,3,2,2,2,68,80,60,180,3,5
2430,,,4,1,2,1,20,73,300,600,4,5
2431,,,1,1,2,2,56,14,420,540,4,5
2432,,,14,1,2,1,10,14,300,600,4,5
2433,,,12,1,2,1,79,46,420,540,3,5
2434,,,15,2,2,1,21,75,300,600,1,5
2435,,,4,1,2,2,46,19,420,540,1,5
2436,,,4,1,2,1,28,7,420,540,4,5
2437,,,8,1,2,1,54,74,300,600,1,5
2438,,,14,1,2,2,54,92,420,540,1,5
2439,,,14,1,2,2,66,52,300,600,1,5
2440,,,14,1,2,1,19,77,300,600,4,5
2441,,,12,1,2,1,66,81,300,600,1,5
2442,,,15,1,2,1,61,85,300,600,1,5
2443,,,14,2,2,2,17,33,300,420,4,5
2444,,,8,1,2,2,11,75,300,600,2,5
2445,,,4,1,2,1,71,17,420,540,4,5
2446,,,10,1,2,2,34,12,420,540,2,5
2447,,,14,2,2,1,9,43,420,540,1,5
2448,,,4,1,2,1,74,61,420,540,1,5
2449,,,9,1,2,2,85,62,300,600,2,5
2450,,,12,1,2,2,42,98,420,540,4,5
2451,,,10,1,2,1,100,75,420,540,2,5
2452,,,10,1,2,2,40,63,300,600,4,5
2453,,,4,1,2,1,37,100,420,540,1,5
2454,,,3,1,2,1,99,52,300,600,4,5
2455,,,2,2,2,1,4,74,420,540,3,5
2456,,,10,2,2,1,33,28,180,300,4,5
2457,,,14,2,2,1,51,26,60,180,2,5
2458,,,5,1,2,1,96,40,300,600,3,5
2459,,,15,1,2,1,70,22,420,540,3,5
2460,,,12,1,2,1,77,59,420,540,3,5
2461,,,13,1,2,2,47,100,420,540,2,5
2462,,,12,1,2,1,6,92,420,540,2,5
2463,,,14,1,2,1,42,23,420,540,3,5
2464,,,15,2,2,2,49,89,60,180,1,5
2465,,,6,1,2,1,100,39,420,540,1,5
2466,,,8,2,2,1,59,95,60,180,4,5
2467,,,10,2,2,2,69,62,300,420,2,5
2468,,,10,1,2,2,65,62,420,540,1,5
2469,,,5,1,2,2,51,88,420,540,3,5
2470,,,14,1,2,2,75,89,420,540,2,5
2471,,,13,1,2,1,27,43,300,600,2,5
2472,,,9,1,2,1,16,19,420,540,2,5
2473,,,4,1,2,2,68,67,420,540,4,5
2474,,,12,1,2,2,38,89,300,600,1,5
2475,,,12,1,2,1,31,5,300,600,1,5
2476,,,7,2,2,2,22,44,180,300,4,5
2477,,,6,1,2,1,71,0,420,540,4,5
2478,,,6,1,2,2,22,18,300,600,2,5
2479,,,6,2,2,2,17,86,420,540,1,5
2480,,,11,2,2,2,69,9,420,540,2,5
2481,,,2,2,2,2,20,97,180,300,1,5
2482,,,7,1,2,1,23,9,420,540,2,5
2483,,,14,1,2,2,85,10,300,600,1,5
2484,,,14,1,2,2,62,64,300,600,2,5
2485,,,12,1,2,1,44,14,300,600,4,5
2486,,,9,1,2,2,7,59,420,540,3,5
2487,,,9,1,2,2,69,11,420,540,1,5
2488,,,8,1,2,1,35,92,420,540,3,5
2489,,,6,1,2,2,27,39,300,600,2,5
2490,,,11,2,2,2,85,55,300,600,4,5
2491,,,9,1,2,1,87,87,300,600,1,5
2492,,,12,2,2,1,3,61,0,300,3,5
2493,,,12,1,2,2,93,37,300,600,3,5
2494,,,3,2,2,1,32,63,420,540,3,5
2495,,,11,1,2,1,44,27,300,600,1,5
2496,,,17,2,2,1,47,18,300,420,1,5
2497,,,4,1,2,1,3,67,420,540,3,5
2498,,,14,2,2,1,25,96,60,180,3,5
2499,,,15,1,2,1,56,49,300,600,2,5
2500,,,7,1,2,1,9,40,300,600,1,5
2501,,,3,1,2,2,5,7,420,540,1,5
2502,,,12,1,2,1,4,2,420,540,1,5
2503,,,15,2,2,2,49,25,300,420,4,5
2504,,,5,1,2,2,87,28,420,540,1,5
2505,,,3,1,2,1,64,75,300,600,3,5
2506,,,10,1,2,2,51,46,300,600,1,5
2507,,,15,2,2,2,68,74,420,540,1,5
2508,,,2,1,2,2,23,16,300,600,1,5
2509,,,4,1,2,2,46,70,300,600,1,5
2510,,,13,1,2,1,13,22,300,600,2,5
2511,,,3,2,2,2,39,92,420,540,2,5
2512,,,4,1,2,2,3,41,420,540,4,5
2513,,,8,1,2,2,56,19,300,600,3,5
2514,,,10,1,2,1,88,90,300,600,3,5
2515,,,5,1,2,1,35,94,300,600,2,5
2516,,,6,1,2,2,31,86,300,600,4,5
2517,,,4,1,2,1,26,77,420,540,1,5
2518,,,9,2,2,2,62,0,180,300,2,5
2519,,,14,1,2,1,72,2,420,540,2,5
2520,,,14,1,2,2,58,52,300,600,3,5
2521,,,2,1,2,1,32,2,300,600,3,5
2522,,,6,1,2,1,86,28,420,540,3,5
2523,,,12,1,2,2,16,65,420,540,2,5
2524,,,5,1,2,1,31,95,300,600,1,5
2525,,,7,2,2,1,7,16,0,300,1,5
2526,,,11,1,2,1,66,61,420,540,3,5
2527,,,13,2,2,2,30,29,60,180,1,5
2528,,,4,2,2,2,93,6,0,300,4,5
2529,,,4,1,2,2,31,82,300,600,1,5
2530,,,2,1,2,2,90,50,420,540,2,5
2531,,,3,1,2,2,87,25,420,540,1,5
2532,,,9,2,2,2,10,89,300,420,3,5
2533,,,8,1,2,2,48,97,420,540,2,5
2534,,,14,1,2,2,45,33,420,540,3,5
2535,,,4,1,2,2,19,20,300,600,3,5
2536,,,13,2,2,2,52,47,420,540,4,5
2537,,,14,2,2,2,94,26,0,300,4,5
2538,,,10,2,2,1,85,26,60,180,1,5
2539,,,8,1,2,1,49,79,300,600,4,5
2540,,,4,1,2,1,42,60,300,600,1,5
2541,,,11,1,2,2,14,36,420,540,4,5
2542,,,14,2,2,1,12,18,60,180,3,5
2543,,,10,1,2,2,81,62,420,540,4,5
2544,,,10,2,2,1,95,46,0,300,4,5
2545,,,4,2,2,2,39,80,60,180,3,5
2546,,,13,1,2,2,53,52,420,540,2,5
2547,,,7,1,2,2,35,71,300,600,1,5
2548,,,6,1,2,2,30,7,300,600,1,5
2549,,,9,2,2,1,44,36,180,300,3,5
2550,,,2,1,2,2,70,47,300,600,4,5
2551,,,10,1,2,2,33,65,420,540,4,5
2552,,,10,2,2,1,17,9,420,540,1,5
2553,,,7,2,2,1,81,98,180,300,3,5
2554,,,9,1,2,2,30,92,300,600,4,5
2555,,,4,1,2,2,78,33,420,540,1,5
2556,,,3,2,2,1,26,59,300,600,4,5
2557,,,16,1,2,2,29,70,300,600,4,5
2558,,,4,1,2,2,31,11,420,540,2,5
2559,,,15,2,2,1,67,25,0,300,2,5
2560,,,9,1,2,2,18,70,300,600,1,5
2561,,,11,1,2,2,89,0,300,600,1,5
2562,,,2,1,2,1,87,30,420,540,4,5
2563,,,7,1,2,2,34,20,420,540,3,5
2564,,,10,1,2,2,51,90,420,540,3,5
2565,,,9,2,2,2,90,25,300,420,2,5
2566,,,14,2,2,2,39,1,300,600,4,5
2567,,,8,1,2,1,9,8,420,540,1,5
2568,,,13,1,2,1,3,79,420,540,1,5
2569,,,13,1,2,2,9,16,300,600,4,5
2570,,,7,2,2,1,32,79,180,300,1,5
2571,,,3,1,2,1,20,45,300,600,4,5
2572,,,16,1,2,2,92,100,300,600,3,5
2573,,,7,1,2,1,43,8,420,540,2,5
2574,,,3,2,2,2,8,94,300,420,2,5
2575,,,4,1,2,2,37,17,420,540,4,5
2576,,,2,2,2,1,45,1,300,600,2,5
2577,,,12,2,2,1,74,34,0,300,3,5
2578,,,7,1,2,1,23,53,300,600,4,5
2579,,,4,1,2,1,56,34,300,600,2,5
2580,,,6,1,2,1,55,74,420,540,2,5
2581,,,6,2,2,2,55,15,300,600,4,5
2582,,,12,1,2,2,80,34,300,600,3,5
2583,,,15,2,2,2,82,80,180,300,2,5
2584,,,7,1,2,1,95,78,420,540,2,5
2585,,,15,1,2,2,76,78,420,540,4,5
2586,,,8,1,2,2,100,20,300,600,3,5
2587,,,6,1,2,1,72,26,300,600,2,5
2588,,,14,1,2,1,82,99,420,540,1,5
2589,,,11,1,2,2,36,66,420,540,3,5
2590,,,12,1,2,1,66,60,420,540,3,5
2591,,,4,1,2,2,22,59,300,600,4,5
2592,,,3,1,2,1,0,49,300,600,2,5
2593,,,8,1,2,2,71,39,420,540,3,5
2594,,,13,1,2,1,15,20,300,600,2,5
2595,,,11,1,2,2,7,27,420,540,1,5
2596,,,14,1,2,2,89,84,300,600,3,5
2597,,,9,1,2,1,74,20,420,540,3,5
2598,,,16,1,2,2,98,12,420,540,2,5
2599,,,9,1,2,1,87,75,300,600,3,5
2600,,,2,1,2,2,69,62,420,540,2,5
2601,,,15,1,2,2,74,55,420,540,4,5
2602,,,9,1,2,2,35,10,300,600,4,5
2603,,,9,1,2,2,72,38,300,600,3,5
2604,,,6,1,2,2,58,27,420,540,1,5
2605,,,13,1,2,1,28,79,420,540,1,5
2606,,,9,1,2,1,75,46,420,540,2,5
2607,,,3,2,2,2,60,43,300,420,1,5
2608,,,13,1,2,1,28,13,420,540,3,5
2609,,,12,1,2,1,89,63,420,540,2,5
2610,,,9,1,2,2,80,28,300,600,1,5
2611,,,12,2,2,1,52,68,420,540,4,5
2612,,,10,1,2,2,71,54,300,600,4,5
2613,,,15,2,2,2,22,34,420,540,3,5
2614,,,7,1,2,2,9,19,300,600,2,5
2615,,,13,1,2,2,80,95,420,540,4,5
2616,,,8,1,2,1,66,78,420,540,1,5
2617,,,3,1,2,1,32,12,420,540,3,5
2618,,,8,1,2,2,20,32,300,600,2,5
2619,,,6,1,2,1,41,95,420,540,3,5
2620,,,13,1,2,1,4,60,300,600,4,5
2621,,,6,1,2,1,43,99,420,540,3,5
2622,,,3,1,2,1,58,87,420,540,1,5
2623,,,4,2,2,1,94,89,300,420,2,5
2624,,,6,1,2,2,34,27,300,600,2,5
2625,,,11,1,2,1,30,13,420,540,4,5
2626,,,8,2,2,1,53,1,0,300,1,5
2627,,,5,1,2,1,19,94,420,540,4,5
2628,,,8,1,2,1,57,26,420,540,3,5
2629,,,14,1,2,1,93,70,420,540,4,5
2630,,,10,2,2,1,34,90,0,300,4,5
2631,,,7,1,2,1,38,16,420,540,4,5
2632,,,15,1,2,1,35,66,300,600,2,5
2633,,,11,1,2,1,31,61,300,600,3,5
2634,,,11,1,2,1,65,87,300,600,4,5
2635,,,8,1,2,1,15,12,420,540,3,5
2636,,,16,2,2,1,84,66,420,540,1,5
2637,,,8,1,2,1,90,48,300,600,3,5
2638,,,15,2,2,2,12,41,0,300,3,5
2639,,,8,1,2,1,100,84,420,540,1,5
2640,,,6,1,2,1,62,2,420,540,1,5
2641,,,5,1,2,2,77,10,300,600,1,5
2642,,,11,2,2,2,6,17,180,300,4,5
2643,,,4,1,2,1,36,6,420,540,4,5
2644,,,4,2,2,2,64,92,180,300,3,5
2645,,,13,2,2,1,48,29,420,540,2,5
2646,,,2,2,2,1,44,82,180,300,3,5
2647,,,3,1,2,2,10,12,300,600,1,5
2648,,,14,1,2,1,15,42,420,540,3,5
2649,,,6,2,2,2,44,52,0,300,1,5
2650,,,7,1,2,2,90,57,420,540,1,5
2651,,,8,1,2,2,64,76,420,540,2,5
2652,,,11,1,2,1,59,25,300,600,3,5
2653,,,16,1,2,2,93,86,300,600,1,5
2654,,,3,1,2,2,95,48,300,600,3,5
2655,,,3,2,2,1,74,40,180,300,1,5
2656,,,3,2,2,1,28,17,420,540,3,5
2657,,,4,2,2,1,51,12,300,420,1,5
2658,,,15,1,2,2,17,4,420,540,4,5
2659,,,15,2,2,2,83,22,420,540,1,5
2660,,,4,2,2,1,41,77,300,600,2,5
2661,,,12,2,2,1,57,81,300,600,4,5
2662,,,10,1,2,1,100,30,300,600,3,5
2663,,,15,1,2,2,61,35,420,540,2,5
2664,,,5,1,2,2,55,88,420,540,4,5
2665,,,14,2,2,2,15,0,300,420,2,5
2666,,,4,1,2,2,17,81,300,600,4,5
2667,,,3,1,2,2,60,24,300,600,3,5
2668,,,2,1,2,1,87,38,300,600,2,5
2669,,,10,1,2,1,11,75,300,600,2,5
2670,,,2,1,2,2,82,51,300,600,4,5
2671,,,4,1,2,1,11,17,300,600,2,5
2672,,,14,2,2,2,8,29,420,540,4,5
2673,,,13,1,2,2,15,22,420,540,4,5
2674,,,10,2,2,2,63,93,300,600,3,5
2675,,,4,1,2,2,89,49,300,600,4,5
2676,,,3,1,2,2,76,8,420,540,2,5
2677,,,3,2,2,1,10,42,420,540,3,5
2678,,,5,1,2,2,32,1,300,600,3,5
2679,,,3,1,2,1,87,73,420,540,3,5
2680,,,4,1,2,1,11,63,300,600,3,5
2681,,,6,1,2,2,90,44,300,600,2,5
2682,,,12,1,2,1,17,58,300,600,3,5
2683,,,3,1,2,2,88,61,420,540,3,5
2684,,,15,1,2,2,46,59,420,540,3,5
2685,,,10,2,2,1,94,57,300,420,1,5
2686,,,3,1,2,2,1,88,300,600,3,5
2687,,,6,1,2,2,58,14,420,540,2,5
2688,,,12,1,2,2,91,9,420,540,1,5
2689,,,5,2,2,2,50,57,300,420,2,5
2690,,,4,1,2,1,9,95,420,540,2,5
2691,,,6,1,2,2,83,43,420,540,2,5
2692,,,12,1,2,1,10,82,300,600,3,5
2693,,,9,1,2,2,37,69,300,600,4,5
2694,,,5,2,2,1,28,60,420,540,1,5
2695,,,15,1,2,1,76,53,420,540,4,5
2696,,,11,1,2,1,95,2,300,600,2,5
2697,,,3,1,2,2,72,10,300,600,3,5
2698,,,11,2,2,1,9,15,420,540,3,5
2699,,,15,1,2,2,40,65,300,600,3,5
2700,,,14,1,2,2,44,10,420,540,4,5
2701,,,5,2,2,2,43,67,60,180,3,5
2702,,,13,1,2,1,40,91,300,600,2,5
2703,,,13,1,2,2,64,54,420,540,3,5
2704,,,3,1,2,2,55,8,420,540,1,5
2705,,,8,2,2,2,58,21,60,180,1,5
2706,,,11,2,2,2,90,78,300,600,4,5
2707,,,7,1,2,1,91,67,420,540,2,5
2708,,,13,1,2,2,4,39,420,540,2,5
2709,,,8,1,2,1,7,86,300,600,4,5
2710,,,6,2,2,2,43,81,0,300,1,5
2711,,,3,1,2,2,14,41,420,540,3,5
2712,,,8,1,2,1,43,56,420,540,2,5
2713,,,4,1,2,2,81,1,300,600,2,5
2714,,,6,1,2,1,47,52,420,540,2,5
2715,,,9,2,2,2,23,85,420,540,1,5
2716,,,13,1,2,2,46,51,420,540,3,5
2717,,,10,2,2,1,35,91,420,540,1,5
2718,,,11,1,2,2,58,40,300,600,3,5
2719,,,5,1,2,2,2,18,300,600,4,5
2720,,,11,1,2,2,27,99,300,600,4,5
2721,,,4,1,2,1,67,95,420,540,3,5
2722,,,2,1,2,1,9,95,420,540,2,5
2723,,,9,1,2,1,85,35,300,600,2,5
2724,,,11,1,2,1,93,95,420,540,4,5
2725,,,15,2,2,1,7,3,60,180,3,5
2726,,,9,1,2,2,89,83,300,600,3,5
2727,,,7,1,2,1,57,23,420,540,4,5
2728,,,3,2,2,2,85,3,300,420,1,5
2729,,,10,1,2,2,21,74,420,540,3,5
2730,,,9,1,2,1,0,69,300,600,4,5
2731,,,14,1,2,2,76,0,420,540,2,5
2732,,,3,1,2,2,10,74,420,540,1,5
2733,,,11,1,2,1,30,25,420,540,2,5
2734,,,3,1,2,2,33,38,420,540,3,5
2735,,,5,1,2,2,3,63,300,600,2,5
2736,,,8,1,2,2,14,12,420,540,2,5
2737,,,15,1,2,1,29,93,300,600,4,5
2738,,,2,1,2,2,97,27,300,600,1,5
2739,,,5,1,2,2,15,83,420,540,1,5
2740,,,8,1,2,1,10,31,420,540,4,5
2741,,,11,1,2,1,64,15,300,600,2,5
2742,,,12,1,2,1,90,51,300,600,2,5
2743,,,11,1,2,2,66,54,420,540,1,5
2744,,,10,1,2,2,48,62,420,540,4,5
2745,,,5,1,2,1,14,2,420,540,1,5
2746,,,9,1,2,2,18,37,420,540,2,5
2747,,,9,2,2,2,74,45,300,600,4,5
2748,,,16,1,2,1,65,20,420,540,3,5
2749,,,3,1,2,1,75,12,420,540,1,5
2750,,,8,1,2,2,51,61,420,540,1,5
2751,,,2,1,2,1,63,0,420,540,4,5
2752,,,10,2,2,2,82,63,60,180,1,5
2753,,,8,1,2,1,5,74,300,600,4,5
2754,,,9,1,2,2,75,6,420,540,4,5
2755,,,6,1,2,1,55,89,420,540,2,5
2756,,,5,1,2,1,88,29,300,600,3,5
2757,,,9,1,2,1,69,99,420,540,2,5
2758,,,13,1,2,2,22,32,300,600,4,5
2759,,,7,1,2,1,22,38,300,600,4,5
2760,,,11,1,2,1,100,92,420,540,1,5
2761,,,5,1,2,1,95,49,300,600,4,5
2762,,,3,1,2,2,90,70,420,540,4,5
2763,,,5,2,2,2,3,44,300,600,4,5
2764,,,16,1,2,2,89,1,420,540,4,5
2765,,,14,1,2,2,63,80,420,540,3,5
2766,,,9,2,2,2,88,46,420,540,2,5
2767,,,14,1,2,1,39,57,300,600,1,5
2768,,,2,1,2,1,24,99,300,600,3,5
2769,,,13,2,2,2,43,33,300,420,2,5
2770,,,3,1,2,1,7,18,300,600,4,5
2771,,,5,1,2,2,56,77,420,540,1,5
2772,,,12,2,2,2,31,19,0,300,3,5
2773,,,1,1,2,1,15,32,300,600,4,5
2774,,,3,1,2,2,78,88,300,600,1,5
2775,,,2,1,2,2,44,55,420,540,1,5
2776,,,14,1,2,1,30,66,300,600,1,5
2777,,,5,1,2,1,35,36,420,540,3,5
2778,,,11,2,2,1,97,77,60,180,2,5
2779,,,12,1,2,1,62,20,300,600,4,5
2780,,,2,1,2,1,83,72,300,600,2,5
2781,,,8,1,2,2,40,59,420,540,1,5
2782,,,14,1,2,1,28,3,420,540,2,5
2783,,,5,1,2,1,14,67,420,540,4,5
2784,,,13,1,2,2,95,72,300,600,1,5
2785,,,12,1,2,2,17,25,300,600,1,5
2786,,,13,1,2,2,2,25,420,540,3,5
2787,,,15,1,2,2,72,72,300,600,1,5
2788,,,11,1,2,1,44,30,420,540,3,5
2789,,,5,1,2,1,7,57,300,600,1,5
2790,,,13,1,2,1,7,70,420,540,2,5
2791,,,2,1,2,2,6,41,300,600,1,5
2792,,,15,1,2,2,28,70,300,600,1,5
2793,,,11,1,2,2,5,71,300,600,2,5
2794,,,5,1,2,2,11,77,420,540,4,5
2795,,,15,1,2,1,23,33,300,600,2,5
2796,,,10,2,2,2,35,67,60,180,3,5
2797,,,12,1,2,2,54,31,300,600,3,5
2798,,,3,2,2,1,67,21,300,600,3,5
2799,,,15,1,2,1,11,32,420,540,1,5
2800,,,5,1,2,1,50,44,420,540,3,5
2801,,,14,1,2,1,33,20,300,600,3,5
2802,,,14,1,2,2,30,25,300,600,3,5
2803,,,9,1,2,2,50,37,300,600,1,5
2804,,,14,1,2,2,64,40,300,600,4,5
2805,,,5,2,2,1,23,100,420,540,1,5
2806,,,6,2,2,2,25,8,180,300,4,5
2807,,,4,1,2,2,99,44,420,540,4,5
2808,,,6,1,2,2,74,93,420,540,3,5
2809,,,3,2,2,1,12,28,60,180,1,5
2810,,,3,2,2,2,5,12,300,600,1,5
2811,,,5,2,2,2,59,53,420,540,1,5
2812,,,2,2,2,1,25,20,300,600,4,5
2813,,,5,2,2,2,45,19,420,540,4,5
2814,,,14,1,2,1,60,39,300,600,1,5
2815,,,16,1,2,1,80,7,420,540,3,5
2816,,,11,2,2,2,81,5,420,540,4,5
2817,,,13,1,2,2,61,71,300,600,2,5
2818,,,14,1,2,1,96,23,420,540,4,5
2819,,,5,2,2,2,20,78,180,300,3,5
2820,,,15,2,2,2,43,30,300,420,4,5
2821,,,12,1,2,2,67,41,300,600,2,5
2822,,,14,1,2,2,40,90,420,540,2,5
2823,,,7,1,2,2,95,20,420,540,4,5
2824,,,13,1,2,2,82,80,300,600,1,5
2825,,,5,1,2,2,21,69,300,600,4,5
2826,,,13,1,2,1,12,16,300,600,2,5
2827,,,10,1,2,2,19,12,420,540,4,5
2828,,,7,1,2,2,93,100,300,600,2,5
2829,,,7,1,2,2,26,37,300,600,1,5
2830,,,7,2,2,2,64,18,0,300,1,5
2831,,,14,1,2,2,90,65,420,540,3,5
2832,,,6,1,2,2,25,65,300,600,4,5
2833,,,15,2,2,2,54,77,180,300,3,5
2834,,,13,1,2,1,93,88,300,600,3,5
2835,,,6,2,2,2,13,59,60,180,3,5
2836,,,9,1,2,2,71,89,420,540,3,5
2837,,,5,1,2,1,23,55,300,600,2,5
2838,,,7,1,2,2,43,58,420,540,2,5
2839,,,8,2,2,2,31,92,0,300,3,5
2840,,,9,2,2,1,15,87,180,300,4,5
2841,,,7,1,2,1,35,96,300,600,1,5
2842,,,15,1,2,1,36,64,420,540,1,5
2843,,,1,1,2,2,23,45,300,600,2,5
2844,,,3,1,2,2,29,70,420,540,1,5
2845,,,10,1,2,2,45,99,420,540,1,5
2846,,,14,2,2,1,19,87,420,540,1,5
2847,,,10,1,2,1,35,24,300,600,3,5
2848,,,5,2,2,1,95,8,0,300,4,5
2849,,,13,1,2,2,95,71,300,600,3,5
2850,,,10,2,2,1,58,84,300,600,3,5
2851,,,11,1,2,1,93,28,420,540,2,5
2852,,,7,1,2,2,48,14,420,540,2,5
2853,,,7,2,2,1,58,54,0,300,3,5
2854,,,11,2,2,1,83,24,420,540,1,5
2855,,,5,2,2,2,29,93,0,300,3,5
2856,,,8,1,2,2,2,13,420,540,2,5
2857,,,7,1,2,2,61,19,420,540,3,5
2858,,,14,2,2,2,14,55,180,300,2,5
2859,,,2,2,2,1,59,81,180,300,2,5
2860,,,3,2,2,1,4,37,60,180,1,5
2861,,,7,1,2,2,45,92,420,540,2,5
2862,,,13,1,2,2,2,35,420,540,2,5
2863,,,12,2,2,1,42,80,300,420,4,5
2864,,,11,2,2,2,75,62,60,180,3,5
2865,,,13,2,2,2,3,46,420,540,2,5
2866,,,5,1,2,1,98,54,420,540,3,5
2867,,,15,1,2,1,27,38,420,540,4,5
2868,,,2,1,2,1,41,33,300,600,1,5
2869,,,7,2,2,1,36,14,420,540,3,5
2870,,,14,1,2,1,50,24,420,540,1,5
2871,,,10,1,2,2,51,34,300,600,1,5
2872,,,2,2,2,2,21,0,0,300,1,5
2873,,,3,1,2,1,60,63,300,600,3,5
2874,,,10,1,2,2,59,50,420,540,2,5
2875,,,10,1,2,1,40,1,300,600,4,5
2876,,,11,1,2,2,78,95,420,540,1,5
2877,,,3,2,2,1,67,63,60,180,1,5
2878,,,14,2,2,1,33,56,180,300,4,5
2879,,,3,1,2,2,29,44,300,600,1,5
2880,,,11,1,2,2,67,72,420,540,4,5
2881,,,12,1,2,1,22,32,420,540,1,5
2882,,,10,1,2,2,97,82,300,600,1,5
2883,,,13,1,2,2,43,15,300,600,4,5
2884,,,8,2,2,2,12,3,60,180,4,5
2885,,,4,2,2,2,16,1,60,180,1,5
2886,,,12,2,2,2,44,1,180,300,1,5
2887,,,12,1,2,2,26,93,420,540,3,5
2888,,,7,1,2,1,14,26,420,540,2,5
2889,,,10,1,2,2,20,32,300,600,4,5
2890,,,10,1,2,1,42,81,420,540,4,5
2891,,,8,1,2,1,30,95,300,600,4,5
2892,,,14,2,2,2,47,53,0,300,3,5
2893,,,10,2,2,2,64,34,420,540,3,5
2894,,,6,1,2,2,47,21,420,540,4,5
2895,,,10,1,2,2,43,56,300,600,1,5
2896,,,8,1,2,2,6,59,300,600,3,5
2897,,,12,1,2,1,49,97,420,540,1,5
2898,,,11,2,2,1,48,64,420,540,4,5
2899,,,13,1,2,1,89,45,420,540,1,5
2900,,,8,2,2,1,67,72,180,300,4,5
2901,,,1,1,2,1,99,24,420,540,3,5
2902,,,15,1,2,2,99,72,420,540,1,5
2903,,,9,1,2,1,31,11,420,540,2,5
2904,,,15,1,2,2,6,49,300,600,3,5
2905,,,9,2,2,2,43,62,300,600,2,5
2906,,,5,1,2,2,78,27,300,600,2,5
2907,,,2,1,2,1,78,19,300,600,4,5
2908,,,10,1,2,2,25,93,300,600,3,5
2909,,,9,1,2,1,19,43,420,540,4,5
2910,,,13,1,2,2,20,96,420,540,2,5
2911,,,9,1,2,1,100,41,300,600,3,5
2912,,,2,1,2,2,41,90,300,600,1,5
2913,,,6,1,2,1,45,19,300,600,2,5
2914,,,9,1,2,2,89,91,420,540,1,5
2915,,,12,2,2,1,57,79,0,300,1,5
2916,,,15,2,2,1,7,37,60,180,1,5
2917,,,7,1,2,2,74,34,300,600,3,5
2918,,,10,2,2,1,49,79,180,300,3,5
2919,,,10,2,2,1,64,7,180,300,3,5
2920,,,13,1,2,1,36,100,300,600,2,5
2921,,,8,1,2,1,48,58,420,540,3,5
2922,,,7,1,2,2,2,75,300,600,1,5
2923,,,6,1,2,1,2,6,300,600,4,5
2924,,,10,1,2,1,85,54,300,600,4,5
2925,,,5,1,2,2,31,30,300,600,1,5
2926,,,13,2,2,2,22,77,300,600,4,5
2927,,,5,2,2,1,6,92,300,420,1,5
2928,,,7,1,2,2,3,90,300,600,2,5
2929,,,14,1,2,2,87,51,300,600,1,5
2930,,,14,1,2,2,92,88,420,540,1,5
2931,,,5,1,2,1,3,94,300,600,4,5
2932,,,8,1,2,1,5,7,300,600,2,5
2933,,,7,1,2,1,76,75,420,540,1,5
2934,,,6,2,2,2,0,88,300,600,1,5
2935,,,13,2,2,1,36,64,60,180,4,5
2936,,,13,1,2,1,25,11,300,600,2,5
2937,,,9,1,2,2,65,36,420,540,2,5
2938,,,8,2,2,2,72,13,60,180,3,5
2939,,,3,1,2,1,33,82,420,540,3,5
2940,,,11,1,2,2,55,2,300,600,2,5
2941,,,7,1,2,1,37,39,420,540,4,5
2942,,,7,1,2,2,48,70,300,600,3,5
2943,,,7,1,2,2,39,18,300,600,1,5
2944,,,9,1,2,2,18,79,420,540,4,5
2945,,,13,1,2,1,24,34,420,540,3,5
2946,,,9,1,2,2,20,69,420,540,1,5
2947,,,10,1,2,2,71,33,300,600,1,5
2948,,,8,1,2,2,38,28,300,600,2,5
2949,,,2,2,2,2,56,72,180,300,2,5
2950,,,8,1,2,2,89,62,300,600,3,5
2951,,,11,1,2,2,68,82,300,600,1,5
2952,,,10,2,2,2,82,33,420,540,1,5
2953,,,6,2,2,2,13,18,0,300,4,5
2954,,,15,2,2,1,77,10,180,300,4,5
2955,,,6,1,2,2,22,66,300,600,2,5
2956,,,4,1,2,1,26,26,420,540,1,5
2957,,,15,2,2,1,23,7,300,420,4,5
2958,,,5,1,2,2,55,5,420,540,2,5
2959,,,2,1,2,1,54,54,420,540,4,5
2960,,,13,1,2,2,91,47,420,540,4,5
2961,,,7,2,2,2,46,28,300,420,1,5
2962,,,10,1,2,2,88,4,300,600,3,5
2963,,,5,1,2,1,73,61,300,600,2,5
2964,,,14,1,2,2,36,61,420,540,1,5
2965,,,2,1,2,1,63,38,300,600,2,5
2966,,,4,2,2,2,36,26,60,180,3,5
2967,,,7,1,2,1,80,20,300,600,3,5
2968,,,5,1,2,1,69,71,420,540,1,5
2969,,,7,1,2,1,21,23,300,600,4,5
2970,,,8,1,2,1,100,47,300,600,2,5
2971,,,12,2,2,2,26,95,60,180,4,5
2972,,,12,1,2,2,79,54,420,540,1,5
2973,,,4,1,2,2,25,49,300,600,1,5
2974,,,4,1,2,2,4,74,300,600,2,5
2975,,,7,1,2,1,52,91,300,600,1,5
2976,,,8,2,2,2,85,91,300,600,1,5
2977,,,2,1,2,2,38,21,300,600,1,5
2978,,,4,2,2,2,22,16,60,180,4,5
2979,,,13,2,2,1,44,1,60,180,4,5
2980,,,11,1,2,2,46,82,300,600,2,5
2981,,,5,1,2,2,56,12,420,540,1,5
2982,,,12,1,2,2,61,89,420,540,4,5
2983,,,14,1,2,2,20,48,300,600,1,5
2984,,,4,2,2,2,92,46,0,300,1,5
2985,,,10,1,2,2,78,50,300,600,1,5
2986,,,5,1,2,1,43,87,300,600,1,5
2987,,,12,1,2,2,86,46,420,540,2,5
2988,,,4,2,2,2,75,2,60,180,4,5
2989,,,6,1,2,1,56,97,420,540,2,5
2990,,,14,1,2,1,65,30,300,600,3,5
2991,,,10,1,2,1,63,67,300,600,4,5
2992,,,3,2,2,1,52,36,300,600,2,5
2993,,,3,1,2,1,60,27,300,600,2,5
2994,,,1,1,2,2,50,26,300,600,3,5
2995,,,5,2,2,1,65,46,0,300,3,5
2996,,,12,1,2,1,94,71,420,540,3,5
2997,,,3,1,2,2,87,55,300,600,3,5
2998,,,3,2,2,1,23,58,420,540,2,5
2999,,,8,2,2,2,85,29,420,540,2,5
3000,,,12,1,2,2,22,52,420,540,2,5
3001,,,14,1,2,2,9,54,420,540,4,5
3002,,,9,2,2,2,48,24,0,300,2,5
3003,,,6,2,2,2,23,16,0,300,2,5
3004,,,8,1,2,2,28,18,420,540,4,5
3005,,,12,2,2,2,2,86,420,540,4,5
3006,,,10,1,2,2,77,38,300,600,3,5
3007,,,10,1,2,2,32,42,420,540,3,5
3008,,,5,1,2,2,91,4,420,540,1,5
3009,,,5,1,2,2,64,29,300,600,1,5
3010,,,12,1,2,1,59,28,300,600,4,5
3011,,,9,1,2,1,82,32,300,600,2,5
3012,,,9,1,2,1,7,77,420,540,4,5
3013,,,7,1,2,2,40,85,300,600,4,5
3014,,,5,1,2,1,91,32,300,600,3,5
3015,,,9,2,2,1,52,78,60,180,1,5
3016,,,7,1,2,2,58,84,420,540,3,5
3017,,,9,1,2,1,78,49,300,600,1,5
3018,,,3,1,2,2,31,24,420,540,4,5
3019,,,5,1,2,1,96,14,420,540,1,5
3020,,,6,2,2,1,31,65,300,420,1,5
3021,,,13,1,2,1,11,51,420,540,1,5
3022,,,3,1,2,2,84,67,300,600,3,5
3023,,,6,1,2,2,54,29,420,540,1,5
3024,,,13,1,2,1,94,91,420,540,4,5
3025,,,3,1,2,2,91,40,300,600,1,5
3026,,,14,1,2,2,94,43,420,540,4,5
3027,,,4,1,2,2,27,26,420,540,4,5
3028,,,8,1,2,2,93,18,420,540,3,5
3029,,,13,1,2,1,45,33,420,540,3,5
3030,,,2,1,2,1,53,92,300,600,2,5
3031,,,8,2,2,2,95,92,300,600,3,5
3032,,,14,1,2,2,54,84,420,540,2,5
3033,,,11,2,2,1,72,53,300,420,3,5
3034,,,1,1,2,2,94,0,420,540,4,5
3035,,,6,1,2,2,3,50,420,540,2,5
3036,,,15,1,2,1,19,7,300,600,3,5
3037,,,3,1,2,1,83,75,420,540,3,5
3038,,,15,1,2,2,89,97,300,600,1,5
3039,,,13,1,2,2,4,48,300,600,3,5
3040,,,12,1,2,2,31,21,300,600,4,5
3041,,,10,1,2,2,17,28,420,540,4,5
3042,,,10,1,2,2,26,28,300,600,4,5
3043,,,5,1,2,2,6,39,420,540,4,5
3044,,,8,1,2,2,79,15,420,540,3,5
3045,,,4,1,2,1,14,97,420,540,1,5
3046,,,7,1,2,1,14,71,420,540,4,5
3047,,,14,2,2,2,74,12,0,300,1,5
3048,,,4,1,2,1,66,76,420,540,3,5
3049,,,4,1,2,2,43,1,300,600,1,5
3050,,,14,2,2,1,77,33,0,300,1,5
3051,,,9,2,2,1,35,57,420,540,1,5
3052,,,11,2,2,2,79,30,60,180,1,5
3053,,,9,1,2,2,22,69,300,600,1,5
3054,,,3,2,2,1,61,75,300,420,3,5
3055,,,12,2,2,1,72,62,0,300,4,5
3056,,,14,1,2,1,82,71,300,600,1,5
3057,,,7,2,2,1,82,41,420,540,4,5
3058,,,9,1,2,2,83,40,420,540,2,5
3059,,,5,2,2,1,60,29,180,300,4,5
3060,,,10,1,2,2,91,8,300,600,1,5
3061,,,5,1,2,2,75,48,420,540,3,5
3062,,,8,1,2,1,76,47,300,600,4,5
3063,,,6,1,2,2,60,7,300,600,3,5
3064,,,4,1,2,1,95,39,420,540,1,5
3065,,,13,1,2,1,3,36,300,600,2,5
3066,,,16,1,2,2,79,40,420,540,1,5
3067,,,3,1,2,1,93,62,420,540,4,5
3068,,,5,1,2,1,27,15,300,600,4,5
3069,,,1,1,2,1,35,97,420,540,3,5
3070,,,2,1,2,1,81,79,300,600,4,5
3071,,,5,2,2,2,36,48,180,300,4,5
3072,,,9,1,2,1,87,5,420,540,3,5
3073,,,6,1,2,1,7,71,420,540,3,5
3074,,,8,2,2,2,37,93,0,300,3,5
3075,,,5,1,2,1,98,86,300,600,1,5
3076,,,8,1,2,2,23,49,420,540,2,5
3077,,,8,1,2,1,27,26,300,600,3,5
3078,,,8,1,2,1,9,99,300,600,1,5
3079,,,7,1,2,2,75,5,420,540,3,5
3080,,,3,1,2,2,28,53,420,540,4,5
3081,,,13,1,2,1,55,34,420,540,2,5
3082,,,5,1,2,1,11,8,300,600,1,5
3083,,,8,1,2,2,55,10,420,540,1,5
3084,,,12,1,2,2,28,78,300,600,3,5
3085,,,3,2,2,1,40,13,0,300,1,5
3086,,,17,2,2,2,7,13,60,180,1,5
3087,,,11,1,2,1,27,36,300,600,4,5
3088,,,11,1,2,1,71,50,300,600,2,5
3089,,,4,1,2,1,97,19,300,600,3,5
3090,,,13,1,2,2,92,77,420,540,3,5
3091,,,11,1,2,2,87,3,300,600,2,5
3092,,,2,1,2,2,76,0,300,600,2,5
3093,,,12,1,2,1,4,7,420,540,2,5
3094,,,3,1,2,2,24,92,300,600,4,5
3095,,,11,1,2,2,93,26,300,600,2,5
3096,,,15,1,2,2,57,60,300,600,2,5
3097,,,7,1,2,2,42,40,420,540,3,5
3098,,,2,2,2,2,59,10,180,300,4,5
3099,,,14,1,2,1,17,51,300,600,3,5
3100,,,7,1,2,2,25,26,300,600,4,5
3101,,,6,2,2,1,30,75,420,540,2,5
3102,,,12,1,2,2,83,28,420,540,2,5
3103,,,10,1,2,2,70,12,420,540,3,5
3104,,,11,1,2,1,78,94,420,540,1,5
3105,,,4,1,2,1,76,26,300,600,2,5
3106,,,3,2,2,1,9,41,60,180,4,5
3107,,,4,1,2,2,6,48,420,540,2,5
3108,,,9,1,2,2,81,71,300,600,3,5
3109,,,6,2,2,1,88,2,420,540,4,5
3110,,,15,2,2,2,24,61,180,300,3,5
3111,,,6,1,2,2,42,11,420,540,1,5
3112,,,8,1,2,2,93,26,420,540,2,5
3113,,,11,1,2,1,6,33,420,540,1,5
3114,,,13,1,2,2,10,66,420,540,4,5
3115,,,13,1,2,1,10,82,420,540,2,5
3116,,,13,2,2,1,7,28,420,540,2,5
3117,,,14,1,2,1,56,81,300,600,3,5
3118,,,15,1,2,2,24,19,420,540,2,5
3119,,,8,1,2,1,16,32,300,600,4,5
3120,,,8,1,2,1,72,98,300,600,2,5
3121,,0,1,2,2,2,1,22,420,540,3,5
3122,,0,1,2,2,1,100,59,60,180,3,5
3123,,0,1,2,2,1,97,72,0,300,4,5
3124,,0,1,2,2,2,45,66,420,540,1,5
3125,,0,1,2,2,2,38,84,300,600,3,5
3126,,0,1,2,2,1,82,25,300,600,2,5
3127,,0,1,2,2,2,8,57,300,600,4,5
3128,,0,1,2,2,1,36,27,60,180,4,5
3129,,0,1,2,2,1,8,59,180,300,1,5
3130,,0,1,2,2,2,93,3,420,540,2,5
3131,,0,1,2,2,2,42,84,420,540,4,5
3132,,0,1,2,2,1,35,32,300,600,1,5
3133,,0,1,2,2,2,86,1,300,420,2,5
3134,,0,1,2,2,2,47,75,180,300,3,5
3135,,0,1,2,2,2,73,69,420,540,3,5
3136,,0,1,2,2,2,16,26,300,600,1,5
3137,,0,1,2,2,1,22,82,420,540,4,5
3138,,0,1,2,2,1,66,6,300,600,2,5
3139,,0,1,2,2,1,18,53,420,540,3,5
3140,,0,1,2,2,2,19,48,300,600,4,5
3141,,0,1,2,2,2,3,38,300,600,1,5
3142,,0,1,2,2,1,67,34,420,540,4,5
3143,,0,1,2,2,2,3,7,300,600,1,5
3144,,0,1,2,2,1,39,96,300,600,4,5
3145,,0,1,2,2,1,83,14,180,300,2,5
3146,,0,1,2,2,1,72,20,420,540,1,5
3147,,0,1,2,2,1,4,15,300,600,4,5
3148,,0,1,2,2,1,79,56,300,600,3,5
3149,,0,1,2,2,2,27,100,420,540,4,5
3150,,0,1,2,2,2,35,88,60,180,1,5
3151,,0,1,2,2,1,80,26,420,540,3,5
3152,,0,1,2,2,2,1,46,420,540,2,5
3153,,0,1,2,2,2,45,68,300,600,4,5
3154,,0,1,2,2,1,16,11,420,540,3,5
3155,,0,1,2,2,2,57,53,60,180,3,5
3156,,0,1,2,2,1,74,84,420,540,4,5
3157,,0,1,2,2,1,16,40,300,600,2,5
3158,,0,1,2,2,2,6,3,300,420,2,5
3159,,0,1,2,2,2,26,19,420,540,3,5
3160,,0,1,2,2,1,93,3,300,600,2,5
3161,,0,1,2,2,2,13,96,300,600,3,5
3162,,0,1,2,2,1,64,60,300,600,1,5
3163,,0,1,2,2,2,98,29,300,600,2,5
3164,,0,1,2,2,1,5,33,420,540,1,5
3165,,0,1,2,2,2,7,88,420,540,2,5
3166,,0,1,2,2,2,70,40,420,540,3,5
3167,,0,1,2,2,1,49,3,420,540,4,5
3168,,0,1,2,2,2,21,74,300,600,1,5
3169,,0,1,2,2,1,17,21,420,540,1,5
3170,,0,1,2,2,1,32,68,420,540,1,5
3171,,0,1,2,2,1,12,39,420,540,4,5
3172,,0,1,2,2,2,66,79,300,600,2,5
3173,,0,1,2,2,2,13,33,420,540,4,5
3174,,0,1,2,2,1,76,85,300,600,4,5
3175,,0,1,2,2,2,58,80,300,600,3,5
3176,,0,1,2,2,2,12,92,420,540,4,5
3177,,0,1,2,2,1,48,54,420,540,4,5
3178,,0,1,2,2,2,97,59,420,540,4,5
3179,,0,1,2,2,2,0,90,60,180,4,5
3180,,0,1,2,2,1,45,79,420,540,1,5
3181,,0,1,2,2,1,88,72,300,600,2,5
3182,,0,1,2,2,2,9,25,420,540,1,5
3183,,0,1,2,2,2,95,83,420,540,2,5
3184,,0,1,2,2,1,16,57,180,300,2,5
3185,,0,1,2,2,2,44,80,300,600,1,5
3186,,0,1,2,2,2,51,1,0,300,4,5
3187,,0,1,2,2,2,51,50,420,540,3,5
3188,,0,1,2,2,2,25,33,0,300,1,5
3189,,0,1,2,2,1,36,72,420,540,2,5
3190,,0,1,2,2,2,45,82,420,540,4,5
